Driver,Team,LapNumber,LapTimeSeconds,Compound,TyreLife,Stint,TrackStatus,AirTemp,Humidity,IsWetLap,IsDryLap,Sector1TimeSeconds,Sector2TimeSeconds,Sector3TimeSeconds,DeltaToFastestLap,IsValidLap,Position,AvgLapTime,StdLapTime,FastestLap,SlowestLap,AvgDelta,ValidLapCount,ConsistencyScore,LapClassification
SIR,Williams,2,149.412,Soft,1,1,4,16.0,52.9,True,False,60.925,47.735,40.752,70.971,False,14.0,90.35001612903226,15.115628150255102,82.68,149.412,11.909016129032256,50,0.8566772312106977,Outlier
HAM,Mercedes,3,132.826,Soft,4,1,4,16.3,51.0,True,False,45.304,47.505,40.017,54.38499999999999,False,1.0,85.40671875,13.723649734914796,79.133,133.88,6.965718749999997,54,0.8615595811388194,Outlier
VET,Ferrari,3,133.906,Soft,5,1,4,16.3,51.0,True,False,45.942,48.653,39.311,55.465,False,4.0,85.82003125,14.32964119996181,79.128,133.906,7.379031249999997,55,0.8569177427203131,Outlier
BOT,Mercedes,3,132.648,Soft,5,1,4,16.3,51.0,True,False,45.535,47.509,39.604,54.206999999999994,False,2.0,85.678171875,13.61455356286139,79.478,132.666,7.237171874999997,54,0.8628846826106958,Outlier
RAI,Ferrari,3,133.153,Soft,5,1,4,16.3,51.0,True,False,46.054,47.688,39.411,54.71199999999999,False,17.0,93.1474347826087,20.436790892510245,81.531,133.153,14.706434782608692,18,0.8200736874241243,Outlier
VER,Red Bull Racing,3,133.094,Soft,5,1,4,16.3,51.0,True,False,45.515,47.108,40.471,54.65299999999999,False,3.0,85.742796875,13.646163597375615,79.422,133.094,7.301796874999997,55,0.8626994031075669,Outlier
RIC,Red Bull Racing,3,133.445,Soft,5,1,4,16.3,51.0,True,False,46.688,47.242,39.515,55.00399999999999,False,5.0,86.08671875,13.89064366898419,78.441,133.445,7.645718749999997,55,0.8610621111330041,Outlier
MAG,Haas F1 Team,3,133.292,Soft,6,1,4,16.3,51.0,True,False,46.681,46.907,39.704,54.851,False,6.0,86.92490476190477,12.994465063291594,80.246,133.292,8.483904761904759,54,0.8699504902200171,Outlier
SAI,Renault,3,133.005,Soft,6,1,4,16.3,51.0,True,False,46.454,47.133,39.418,54.56399999999999,False,7.0,87.4861746031746,12.98032991098663,81.324,133.005,9.0451746031746,53,0.8707994273936643,Outlier
LEC,Sauber,3,131.588,Soft,2,1,4,16.3,51.0,True,False,45.132,47.324,39.132,53.14699999999999,False,10.0,88.07000000000001,12.804455411826083,82.122,131.588,9.628999999999998,52,0.8730654320803901,Outlier
OCO,Force India,3,131.58,Soft,2,1,4,16.3,51.0,True,False,45.044,47.183,39.353,53.13900000000001,False,16.0,90.35027777777778,15.854238954769182,82.117,131.58,11.909277777777776,29,0.8507197297955355,Outlier
ALO,McLaren,3,132.147,SUPERSOFT,5,1,4,16.3,51.0,True,False,45.59,48.051,38.506,53.70599999999999,False,8.0,87.46238095238095,12.79393185601695,80.727,132.147,9.02138095238095,53,0.8723877679356937,Outlier
STR,Williams,3,132.536,Soft,2,1,4,16.3,51.0,True,False,45.676,48.108,38.752,54.095,False,11.0,88.09791935483871,12.804433375802189,82.095,132.536,9.656919354838706,53,0.8731007451334295,Outlier
PER,Force India,3,132.716,Soft,2,1,4,16.3,51.0,True,False,45.412,48.567,38.737,54.275000000000006,False,9.0,87.92024193548387,13.486412297027917,81.128,134.212,9.479241935483868,53,0.867006633843718,Outlier
VAN,McLaren,3,134.185,Soft,5,1,4,16.3,51.0,True,False,46.118,48.387,39.68,55.744,False,15.0,90.58237209302325,14.856098931997522,82.594,134.185,12.141372093023255,34,0.859101722667506,Outlier
ERI,Sauber,3,134.154,Medium,2,1,4,16.3,51.0,True,False,47.522,47.184,39.448,55.712999999999994,False,13.0,88.25245161290323,12.736792256020752,82.487,134.428,9.811451612903223,52,0.8738797146302818,Outlier
HAR,Toro Rosso,3,135.104,Soft,2,1,4,16.3,51.0,True,False,48.195,46.414,40.495,56.66300000000001,False,12.0,88.17641935483871,12.868808203379087,81.439,135.104,9.735419354838708,52,0.8726430875128204,Outlier
SIR,Williams,3,134.646,Soft,2,1,4,16.0,52.0,True,False,47.296,46.362,40.988,56.204999999999984,False,14.0,90.35001612903226,15.115628150255102,82.68,149.412,11.909016129032256,50,0.8566772312106977,Outlier
HAM,Mercedes,4,128.778,Soft,5,1,4,15.9,52.0,True,False,40.486,46.974,41.318,50.33699999999999,False,1.0,85.40671875,13.723649734914796,79.133,133.88,6.965718749999997,54,0.8615595811388194,Outlier
VET,Ferrari,4,128.681,Soft,6,1,4,15.9,52.0,True,False,40.44,47.662,40.579,50.24000000000001,False,4.0,85.82003125,14.32964119996181,79.128,133.906,7.379031249999997,55,0.8569177427203131,Outlier
BOT,Mercedes,4,128.556,Soft,6,1,4,15.9,52.0,True,False,40.529,47.854,40.173,50.11500000000001,False,2.0,85.678171875,13.61455356286139,79.478,132.666,7.237171874999997,54,0.8628846826106958,Outlier
RAI,Ferrari,4,128.36,Soft,6,1,4,15.9,52.0,True,False,41.354,47.7,39.306,49.91900000000001,False,17.0,93.1474347826087,20.436790892510245,81.531,133.153,14.706434782608692,18,0.8200736874241243,Outlier
VER,Red Bull Racing,4,127.521,Soft,6,1,4,15.9,52.0,True,False,42.89,45.311,39.32,49.08,False,3.0,85.742796875,13.646163597375615,79.422,133.094,7.301796874999997,55,0.8626994031075669,Outlier
RIC,Red Bull Racing,4,128.545,Soft,6,1,4,15.9,52.0,True,False,43.665,45.031,39.849,50.103999999999985,False,5.0,86.08671875,13.89064366898419,78.441,133.445,7.645718749999997,55,0.8610621111330041,Outlier
MAG,Haas F1 Team,4,128.069,Soft,7,1,4,15.9,52.0,True,False,43.441,44.926,39.702,49.627999999999986,False,6.0,86.92490476190477,12.994465063291594,80.246,133.292,8.483904761904759,54,0.8699504902200171,Outlier
SAI,Renault,4,129.088,Soft,7,1,4,15.9,52.0,True,False,43.512,44.851,40.725,50.64699999999999,False,7.0,87.4861746031746,12.98032991098663,81.324,133.005,9.0451746031746,53,0.8707994273936643,Outlier
LEC,Sauber,4,129.653,Soft,3,1,4,15.9,52.0,True,False,43.817,45.441,40.395,51.21199999999999,False,10.0,88.07000000000001,12.804455411826083,82.122,131.588,9.628999999999998,52,0.8730654320803901,Outlier
OCO,Force India,4,130.739,Soft,3,1,4,16.0,52.7,True,False,43.826,45.784,41.129,52.298,False,16.0,90.35027777777778,15.854238954769182,82.117,131.58,11.909277777777776,29,0.8507197297955355,Outlier
ALO,McLaren,4,130.994,SUPERSOFT,6,1,4,16.0,52.7,True,False,43.953,45.407,41.634,52.553,False,8.0,87.46238095238095,12.79393185601695,80.727,132.147,9.02138095238095,53,0.8723877679356937,Outlier
STR,Williams,4,132.029,Soft,3,1,4,16.0,52.7,True,False,43.433,45.645,42.951,53.587999999999994,False,11.0,88.09791935483871,12.804433375802189,82.095,132.536,9.656919354838706,53,0.8731007451334295,Outlier
PER,Force India,4,134.212,Soft,3,1,4,16.0,52.7,True,False,43.143,46.168,44.901,55.77099999999999,False,9.0,87.92024193548387,13.486412297027917,81.128,134.212,9.479241935483868,53,0.867006633843718,Outlier
VAN,McLaren,4,133.553,Soft,6,1,4,16.0,52.7,True,False,42.022,47.677,43.854,55.111999999999995,False,15.0,90.58237209302325,14.856098931997522,82.594,134.185,12.141372093023255,34,0.859101722667506,Outlier
ERI,Sauber,4,134.428,Medium,3,1,4,16.0,52.7,True,False,42.887,47.263,44.278,55.986999999999995,False,13.0,88.25245161290323,12.736792256020752,82.487,134.428,9.811451612903223,52,0.8738797146302818,Outlier
HAR,Toro Rosso,4,133.809,Soft,3,1,4,16.0,52.7,True,False,42.415,47.653,43.741,55.367999999999995,False,12.0,88.17641935483871,12.868808203379087,81.439,135.104,9.735419354838708,52,0.8726430875128204,Outlier
SIR,Williams,4,133.632,Soft,3,1,4,16.0,52.7,True,False,41.879,48.492,43.261,55.191,False,14.0,90.35001612903226,15.115628150255102,82.68,149.412,11.909016129032256,50,0.8566772312106977,Outlier
HAM,Mercedes,5,130.44,Soft,6,1,4,16.0,52.6,True,False,43.781,45.934,40.725,51.998999999999995,False,1.0,85.40671875,13.723649734914796,79.133,133.88,6.965718749999997,54,0.8615595811388194,Outlier
VET,Ferrari,5,129.827,Soft,7,1,4,16.0,52.6,True,False,43.559,45.673,40.595,51.385999999999996,False,4.0,85.82003125,14.32964119996181,79.128,133.906,7.379031249999997,55,0.8569177427203131,Outlier
BOT,Mercedes,5,130.238,Soft,7,1,4,16.0,52.6,True,False,43.585,46.086,40.567,51.797,False,2.0,85.678171875,13.61455356286139,79.478,132.666,7.237171874999997,54,0.8628846826106958,Outlier
RAI,Ferrari,5,130.206,Soft,7,1,4,16.1,52.4,True,False,43.863,46.785,39.558,51.764999999999986,False,17.0,93.1474347826087,20.436790892510245,81.531,133.153,14.706434782608692,18,0.8200736874241243,Outlier
VER,Red Bull Racing,5,131.713,Soft,7,1,4,16.1,52.4,True,False,45.649,45.193,40.871,53.27199999999999,False,3.0,85.742796875,13.646163597375615,79.422,133.094,7.301796874999997,55,0.8626994031075669,Outlier
RIC,Red Bull Racing,5,130.178,Soft,7,1,4,16.1,52.4,True,False,43.923,47.082,39.173,51.736999999999995,False,5.0,86.08671875,13.89064366898419,78.441,133.445,7.645718749999997,55,0.8610621111330041,Outlier
MAG,Haas F1 Team,5,130.421,Soft,8,1,4,16.1,52.4,True,False,44.166,46.906,39.349,51.97999999999999,False,6.0,86.92490476190477,12.994465063291594,80.246,133.292,8.483904761904759,54,0.8699504902200171,Outlier
SAI,Renault,5,129.964,Soft,8,1,4,16.1,52.4,True,False,42.717,47.278,39.969,51.522999999999996,False,7.0,87.4861746031746,12.98032991098663,81.324,133.005,9.0451746031746,53,0.8707994273936643,Outlier
LEC,Sauber,5,129.851,Soft,4,1,4,16.1,52.4,True,False,42.779,46.686,40.386,51.41,False,10.0,88.07000000000001,12.804455411826083,82.122,131.588,9.628999999999998,52,0.8730654320803901,Outlier
OCO,Force India,5,129.448,Soft,4,1,4,16.1,52.4,True,False,41.189,46.918,41.341,51.007000000000005,False,16.0,90.35027777777778,15.854238954769182,82.117,131.58,11.909277777777776,29,0.8507197297955355,Outlier
ALO,McLaren,5,129.899,SUPERSOFT,7,1,4,16.1,52.4,True,False,41.366,46.351,42.182,51.458,False,8.0,87.46238095238095,12.79393185601695,80.727,132.147,9.02138095238095,53,0.8723877679356937,Outlier
STR,Williams,5,129.024,Soft,4,1,4,16.1,52.4,True,False,40.07,46.215,42.739,50.583,False,11.0,88.09791935483871,12.804433375802189,82.095,132.536,9.656919354838706,53,0.8731007451334295,Outlier
PER,Force India,5,127.474,Soft,4,1,4,16.1,52.4,True,False,37.976,46.577,42.921,49.033,False,9.0,87.92024193548387,13.486412297027917,81.128,134.212,9.479241935483868,53,0.867006633843718,Outlier
VAN,McLaren,5,127.695,Soft,7,1,4,16.1,52.4,True,False,37.577,45.861,44.257,49.25399999999999,False,15.0,90.58237209302325,14.856098931997522,82.594,134.185,12.141372093023255,34,0.859101722667506,Outlier
ERI,Sauber,5,126.527,Medium,4,1,4,16.1,52.4,True,False,36.508,45.803,44.216,48.086,False,13.0,88.25245161290323,12.736792256020752,82.487,134.428,9.811451612903223,52,0.8738797146302818,Outlier
HAR,Toro Rosso,5,126.671,Medium,1,2,4,16.1,52.4,True,False,37.317,46.172,43.182,48.230000000000004,False,12.0,88.17641935483871,12.868808203379087,81.439,135.104,9.735419354838708,52,0.8726430875128204,Outlier
SIR,Williams,5,127.41,Medium,1,2,4,16.1,52.4,True,False,37.185,46.402,43.823,48.968999999999994,False,14.0,90.35001612903226,15.115628150255102,82.68,149.412,11.909016129032256,50,0.8566772312106977,Outlier
HAM,Mercedes,6,133.88,Soft,7,1,41,16.7,51.5,False,True,41.778,49.259,42.843,55.43899999999999,False,1.0,85.40671875,13.723649734914796,79.133,133.88,6.965718749999997,54,0.8615595811388194,Outlier
VET,Ferrari,6,133.232,Soft,8,1,41,16.7,51.5,False,True,41.379,49.236,42.617,54.791,False,4.0,85.82003125,14.32964119996181,79.128,133.906,7.379031249999997,55,0.8569177427203131,Outlier
BOT,Mercedes,6,132.666,Soft,8,1,41,16.7,51.5,False,True,41.081,49.809,41.776,54.224999999999994,False,2.0,85.678171875,13.61455356286139,79.478,132.666,7.237171874999997,54,0.8628846826106958,Outlier
RAI,Ferrari,6,132.584,Soft,8,1,41,16.7,51.5,False,True,41.15,50.277,41.157,54.143,False,17.0,93.1474347826087,20.436790892510245,81.531,133.153,14.706434782608692,18,0.8200736874241243,Outlier
VER,Red Bull Racing,6,130.817,Soft,8,1,41,16.7,51.5,False,True,39.629,50.128,41.06,52.376000000000005,False,3.0,85.742796875,13.646163597375615,79.422,133.094,7.301796874999997,55,0.8626994031075669,Outlier
RIC,Red Bull Racing,6,130.561,Soft,8,1,41,16.7,51.5,False,True,40.642,48.855,41.064,52.120000000000005,False,5.0,86.08671875,13.89064366898419,78.441,133.445,7.645718749999997,55,0.8610621111330041,Outlier
MAG,Haas F1 Team,6,130.231,Soft,9,1,41,16.7,51.5,False,True,40.6,50.431,39.2,51.78999999999999,False,6.0,86.92490476190477,12.994465063291594,80.246,133.292,8.483904761904759,54,0.8699504902200171,Outlier
SAI,Renault,6,128.825,Soft,9,1,41,16.7,51.5,False,True,39.791,50.431,38.603,50.383999999999986,False,7.0,87.4861746031746,12.98032991098663,81.324,133.005,9.0451746031746,53,0.8707994273936643,Outlier
LEC,Sauber,6,127.708,Soft,5,1,41,16.7,51.5,False,True,39.227,51.68,36.801,49.266999999999996,False,10.0,88.07000000000001,12.804455411826083,82.122,131.588,9.628999999999998,52,0.8730654320803901,Outlier
OCO,Force India,6,126.196,Soft,5,1,41,16.7,51.5,False,True,38.44,51.515,36.241,47.754999999999995,False,16.0,90.35027777777778,15.854238954769182,82.117,131.58,11.909277777777776,29,0.8507197297955355,Outlier
ALO,McLaren,6,124.209,SUPERSOFT,8,1,41,16.7,51.5,False,True,37.65,51.631,34.928,45.768,False,8.0,87.46238095238095,12.79393185601695,80.727,132.147,9.02138095238095,53,0.8723877679356937,Outlier
STR,Williams,6,123.498,Soft,5,1,41,16.7,51.5,False,True,36.679,51.981,34.838,45.057,False,11.0,88.09791935483871,12.804433375802189,82.095,132.536,9.656919354838706,53,0.8731007451334295,Outlier
PER,Force India,6,122.517,Soft,5,1,41,16.7,51.5,False,True,35.886,52.438,34.193,44.07599999999999,False,9.0,87.92024193548387,13.486412297027917,81.128,134.212,9.479241935483868,53,0.867006633843718,Outlier
VAN,McLaren,6,121.285,Soft,8,1,41,16.7,51.5,False,True,35.321,51.727,34.237,42.843999999999994,False,15.0,90.58237209302325,14.856098931997522,82.594,134.185,12.141372093023255,34,0.859101722667506,Outlier
ERI,Sauber,6,122.343,Medium,5,1,41,16.7,51.5,False,True,35.613,50.944,35.786,43.902,False,13.0,88.25245161290323,12.736792256020752,82.487,134.428,9.811451612903223,52,0.8738797146302818,Outlier
HAR,Toro Rosso,6,121.551,Medium,2,2,41,16.7,51.5,False,True,36.351,50.921,34.279,43.11,False,12.0,88.17641935483871,12.868808203379087,81.439,135.104,9.735419354838708,52,0.8726430875128204,Outlier
SIR,Williams,6,119.521,Medium,2,2,41,16.7,51.5,False,True,35.166,50.686,33.669,41.08,False,14.0,90.35001612903226,15.115628150255102,82.68,149.412,11.909016129032256,50,0.8566772312106977,Outlier
HAM,Mercedes,7,82.99,Soft,8,1,1,16.4,50.3,False,True,23.882,31.102,28.006,4.548999999999992,True,1.0,85.40671875,13.723649734914796,79.133,133.88,6.965718749999997,54,0.8615595811388194,Normal
VET,Ferrari,7,83.604,Soft,9,1,1,16.4,50.3,False,True,23.968,31.421,28.215,5.162999999999997,True,4.0,85.82003125,14.32964119996181,79.128,133.906,7.379031249999997,55,0.8569177427203131,Normal
BOT,Mercedes,7,83.984,Soft,9,1,1,16.4,50.3,False,True,23.937,31.631,28.416,5.542999999999992,True,2.0,85.678171875,13.61455356286139,79.478,132.666,7.237171874999997,54,0.8628846826106958,Normal
RAI,Ferrari,7,84.405,Soft,9,1,1,16.4,50.3,False,True,24.199,31.782,28.424,5.963999999999999,True,17.0,93.1474347826087,20.436790892510245,81.531,133.153,14.706434782608692,18,0.8200736874241243,Normal
VER,Red Bull Racing,7,85.139,Soft,9,1,1,16.4,50.3,False,True,24.272,32.056,28.811,6.697999999999993,True,3.0,85.742796875,13.646163597375615,79.422,133.094,7.301796874999997,55,0.8626994031075669,Normal
RIC,Red Bull Racing,7,87.165,Soft,9,1,1,16.4,50.3,False,True,24.386,33.653,29.126,8.724000000000004,True,5.0,86.08671875,13.89064366898419,78.441,133.445,7.645718749999997,55,0.8610621111330041,Normal
MAG,Haas F1 Team,7,87.167,Soft,10,1,1,16.4,50.3,False,True,24.651,32.873,29.643,8.725999999999999,True,6.0,86.92490476190477,12.994465063291594,80.246,133.292,8.483904761904759,54,0.8699504902200171,Normal
SAI,Renault,7,87.436,Soft,10,1,1,16.4,50.3,False,True,24.835,33.027,29.574,8.995000000000005,True,7.0,87.4861746031746,12.98032991098663,81.324,133.005,9.0451746031746,53,0.8707994273936643,Normal
LEC,Sauber,7,87.831,Soft,6,1,1,16.4,50.3,False,True,24.651,33.351,29.829,9.39,True,10.0,88.07000000000001,12.804455411826083,82.122,131.588,9.628999999999998,52,0.8730654320803901,Normal
ALO,McLaren,7,87.75,SUPERSOFT,9,1,1,16.4,50.3,False,True,24.582,32.963,30.205,9.308999999999997,True,8.0,87.46238095238095,12.79393185601695,80.727,132.147,9.02138095238095,53,0.8723877679356937,Normal
OCO,Force India,7,88.685,Soft,6,1,1,16.4,50.3,False,True,24.953,33.604,30.128,10.244,False,16.0,90.35027777777778,15.854238954769182,82.117,131.58,11.909277777777776,29,0.8507197297955355,Outlier
STR,Williams,7,88.147,Soft,6,1,1,16.4,50.3,False,True,24.556,33.576,30.015,9.706000000000003,True,11.0,88.09791935483871,12.804433375802189,82.095,132.536,9.656919354838706,53,0.8731007451334295,Normal
PER,Force India,7,88.147,Soft,6,1,1,16.4,50.3,False,True,24.602,33.482,30.063,9.706000000000003,True,9.0,87.92024193548387,13.486412297027917,81.128,134.212,9.479241935483868,53,0.867006633843718,Normal
VAN,McLaren,7,88.058,Soft,9,1,1,16.4,50.3,False,True,24.743,33.367,29.948,9.617000000000004,True,15.0,90.58237209302325,14.856098931997522,82.594,134.185,12.141372093023255,34,0.859101722667506,Normal
ERI,Sauber,7,88.655,Medium,6,1,1,16.4,50.3,False,True,25.657,33.106,29.892,10.213999999999999,False,13.0,88.25245161290323,12.736792256020752,82.487,134.428,9.811451612903223,52,0.8738797146302818,Outlier
SIR,Williams,7,89.102,Medium,3,2,1,16.4,50.3,False,True,25.514,33.724,29.864,10.661000000000001,False,14.0,90.35001612903226,15.115628150255102,82.68,149.412,11.909016129032256,50,0.8566772312106977,Outlier
HAR,Toro Rosso,7,90.479,Medium,3,2,1,16.4,50.3,False,True,26.141,34.094,30.244,12.037999999999997,False,12.0,88.17641935483871,12.868808203379087,81.439,135.104,9.735419354838708,52,0.8726430875128204,Outlier
HAM,Mercedes,8,81.631,Soft,9,1,1,16.3,50.9,False,True,23.229,30.687,27.715,3.1899999999999977,True,1.0,85.40671875,13.723649734914796,79.133,133.88,6.965718749999997,54,0.8615595811388194,Normal
VET,Ferrari,8,82.259,Soft,10,1,1,16.3,50.9,False,True,23.408,30.908,27.943,3.817999999999998,True,4.0,85.82003125,14.32964119996181,79.128,133.906,7.379031249999997,55,0.8569177427203131,Normal
BOT,Mercedes,8,83.445,Soft,10,1,1,16.3,50.9,False,True,23.519,31.23,28.696,5.003999999999991,True,2.0,85.678171875,13.61455356286139,79.478,132.666,7.237171874999997,54,0.8628846826106958,Normal
RAI,Ferrari,8,83.722,Soft,10,1,1,16.5,51.0,True,False,23.723,31.552,28.447,5.280999999999992,True,17.0,93.1474347826087,20.436790892510245,81.531,133.153,14.706434782608692,18,0.8200736874241243,Normal
VER,Red Bull Racing,8,83.711,Soft,10,1,1,16.5,51.0,True,False,23.854,31.546,28.311,5.269999999999996,True,3.0,85.742796875,13.646163597375615,79.422,133.094,7.301796874999997,55,0.8626994031075669,Normal
RIC,Red Bull Racing,8,83.567,Soft,10,1,1,16.5,51.0,True,False,23.809,31.496,28.262,5.125999999999991,True,5.0,86.08671875,13.89064366898419,78.441,133.445,7.645718749999997,55,0.8610621111330041,Normal
MAG,Haas F1 Team,8,85.039,Soft,11,1,1,16.5,51.0,True,False,24.515,32.106,28.418,6.597999999999999,True,6.0,86.92490476190477,12.994465063291594,80.246,133.292,8.483904761904759,54,0.8699504902200171,Normal
SAI,Renault,8,85.558,Soft,11,1,1,16.5,51.0,True,False,24.343,32.299,28.916,7.117000000000004,True,7.0,87.4861746031746,12.98032991098663,81.324,133.005,9.0451746031746,53,0.8707994273936643,Normal
LEC,Sauber,8,85.76,Soft,7,1,1,16.5,51.0,True,False,24.218,32.55,28.992,7.319000000000003,True,10.0,88.07000000000001,12.804455411826083,82.122,131.588,9.628999999999998,52,0.8730654320803901,Normal
ALO,McLaren,8,86.062,SUPERSOFT,10,1,1,16.5,51.0,True,False,24.421,32.476,29.165,7.620999999999995,True,8.0,87.46238095238095,12.79393185601695,80.727,132.147,9.02138095238095,53,0.8723877679356937,Normal
OCO,Force India,8,85.963,Soft,7,1,1,16.5,51.0,True,False,24.418,32.433,29.112,7.521999999999991,True,16.0,90.35027777777778,15.854238954769182,82.117,131.58,11.909277777777776,29,0.8507197297955355,Normal
STR,Williams,8,86.534,Soft,7,1,1,16.5,51.0,True,False,24.483,32.784,29.267,8.093000000000004,True,11.0,88.09791935483871,12.804433375802189,82.095,132.536,9.656919354838706,53,0.8731007451334295,Normal
PER,Force India,8,86.857,Soft,7,1,1,16.5,51.0,True,False,24.41,33.059,29.388,8.415999999999997,True,9.0,87.92024193548387,13.486412297027917,81.128,134.212,9.479241935483868,53,0.867006633843718,Normal
VAN,McLaren,8,87.011,Soft,10,1,1,16.5,51.0,True,False,24.537,32.938,29.536,8.569999999999993,True,15.0,90.58237209302325,14.856098931997522,82.594,134.185,12.141372093023255,34,0.859101722667506,Normal
ERI,Sauber,8,86.03,Medium,7,1,1,16.5,51.0,True,False,24.221,32.219,29.59,7.588999999999999,True,13.0,88.25245161290323,12.736792256020752,82.487,134.428,9.811451612903223,52,0.8738797146302818,Normal
SIR,Williams,8,86.472,Medium,4,2,1,16.5,51.0,True,False,24.412,32.613,29.447,8.030999999999992,True,14.0,90.35001612903226,15.115628150255102,82.68,149.412,11.909016129032256,50,0.8566772312106977,Normal
HAR,Toro Rosso,8,86.554,Medium,4,2,1,16.5,51.0,True,False,24.295,32.58,29.679,8.113,True,12.0,88.17641935483871,12.868808203379087,81.439,135.104,9.735419354838708,52,0.8726430875128204,Normal
HAM,Mercedes,9,81.386,Soft,10,1,1,16.3,51.4,True,False,23.056,30.623,27.707,2.944999999999993,True,1.0,85.40671875,13.723649734914796,79.133,133.88,6.965718749999997,54,0.8615595811388194,Normal
VET,Ferrari,9,82.475,Soft,11,1,1,16.3,51.4,True,False,23.24,30.898,28.337,4.033999999999992,True,4.0,85.82003125,14.32964119996181,79.128,133.906,7.379031249999997,55,0.8569177427203131,Normal
BOT,Mercedes,9,82.313,Soft,11,1,1,16.3,51.4,True,False,23.122,30.979,28.212,3.872,True,2.0,85.678171875,13.61455356286139,79.478,132.666,7.237171874999997,54,0.8628846826106958,Normal
RAI,Ferrari,9,82.777,Soft,11,1,1,16.3,51.4,True,False,23.452,31.08,28.245,4.3359999999999985,True,17.0,93.1474347826087,20.436790892510245,81.531,133.153,14.706434782608692,18,0.8200736874241243,Normal
VER,Red Bull Racing,9,83.025,Soft,11,1,1,16.3,51.4,True,False,23.64,31.219,28.166,4.584000000000003,True,3.0,85.742796875,13.646163597375615,79.422,133.094,7.301796874999997,55,0.8626994031075669,Normal
RIC,Red Bull Racing,9,82.746,Soft,11,1,1,16.3,51.4,True,False,23.543,31.022,28.181,4.304999999999993,True,5.0,86.08671875,13.89064366898419,78.441,133.445,7.645718749999997,55,0.8610621111330041,Normal
MAG,Haas F1 Team,9,83.739,Soft,12,1,1,16.3,51.4,True,False,23.714,31.608,28.417,5.298000000000002,True,6.0,86.92490476190477,12.994465063291594,80.246,133.292,8.483904761904759,54,0.8699504902200171,Normal
SAI,Renault,9,84.454,Soft,12,1,1,16.3,51.4,True,False,23.897,31.714,28.843,6.012999999999991,True,7.0,87.4861746031746,12.98032991098663,81.324,133.005,9.0451746031746,53,0.8707994273936643,Normal
LEC,Sauber,9,84.833,Soft,8,1,1,16.3,51.4,True,False,23.86,32.174,28.799,6.391999999999996,True,10.0,88.07000000000001,12.804455411826083,82.122,131.588,9.628999999999998,52,0.8730654320803901,Normal
ALO,McLaren,9,84.922,SUPERSOFT,11,1,1,16.3,51.4,True,False,24.317,31.726,28.879,6.4809999999999945,True,8.0,87.46238095238095,12.79393185601695,80.727,132.147,9.02138095238095,53,0.8723877679356937,Normal
OCO,Force India,9,85.174,Soft,8,1,1,16.3,51.4,True,False,24.227,32.224,28.723,6.733000000000004,True,16.0,90.35027777777778,15.854238954769182,82.117,131.58,11.909277777777776,29,0.8507197297955355,Normal
STR,Williams,9,85.309,Soft,8,1,1,16.3,51.4,True,False,23.993,32.487,28.829,6.867999999999995,True,11.0,88.09791935483871,12.804433375802189,82.095,132.536,9.656919354838706,53,0.8731007451334295,Normal
PER,Force India,9,85.64,Soft,8,1,1,16.3,51.4,True,False,23.903,32.414,29.323,7.198999999999998,True,9.0,87.92024193548387,13.486412297027917,81.128,134.212,9.479241935483868,53,0.867006633843718,Normal
VAN,McLaren,9,85.502,Soft,11,1,1,16.3,51.4,True,False,24.157,32.161,29.184,7.060999999999993,True,15.0,90.58237209302325,14.856098931997522,82.594,134.185,12.141372093023255,34,0.859101722667506,Normal
ERI,Sauber,9,85.466,Medium,8,1,1,16.3,51.4,True,False,24.125,32.102,29.239,7.0249999999999915,True,13.0,88.25245161290323,12.736792256020752,82.487,134.428,9.811451612903223,52,0.8738797146302818,Normal
SIR,Williams,9,85.775,Medium,5,2,1,16.3,51.4,True,False,24.162,32.174,29.439,7.334000000000003,True,14.0,90.35001612903226,15.115628150255102,82.68,149.412,11.909016129032256,50,0.8566772312106977,Normal
HAR,Toro Rosso,9,85.665,Medium,5,2,1,16.3,51.4,True,False,24.08,32.247,29.338,7.224000000000004,True,12.0,88.17641935483871,12.868808203379087,81.439,135.104,9.735419354838708,52,0.8726430875128204,Normal
HAM,Mercedes,10,81.79,Soft,11,1,1,16.2,51.0,True,False,23.296,30.655,27.839,3.3490000000000038,True,1.0,85.40671875,13.723649734914796,79.133,133.88,6.965718749999997,54,0.8615595811388194,Normal
VET,Ferrari,10,82.536,Soft,12,1,1,16.2,51.0,True,False,23.269,31.095,28.172,4.094999999999999,True,4.0,85.82003125,14.32964119996181,79.128,133.906,7.379031249999997,55,0.8569177427203131,Normal
BOT,Mercedes,10,82.221,Soft,12,1,1,16.2,51.0,True,False,23.131,30.763,28.327,3.780000000000001,True,2.0,85.678171875,13.61455356286139,79.478,132.666,7.237171874999997,54,0.8628846826106958,Normal
RAI,Ferrari,10,82.723,Soft,12,1,1,16.2,51.0,True,False,23.458,31.038,28.227,4.2819999999999965,True,17.0,93.1474347826087,20.436790892510245,81.531,133.153,14.706434782608692,18,0.8200736874241243,Normal
VER,Red Bull Racing,10,83.065,Soft,12,1,1,16.2,51.0,True,False,23.517,31.31,28.238,4.623999999999995,True,3.0,85.742796875,13.646163597375615,79.422,133.094,7.301796874999997,55,0.8626994031075669,Normal
RIC,Red Bull Racing,10,82.555,Soft,12,1,1,16.2,51.0,True,False,23.4,31.006,28.149,4.114000000000004,True,5.0,86.08671875,13.89064366898419,78.441,133.445,7.645718749999997,55,0.8610621111330041,Normal
MAG,Haas F1 Team,10,83.548,Soft,13,1,1,16.2,51.0,True,False,23.558,31.558,28.432,5.106999999999999,True,6.0,86.92490476190477,12.994465063291594,80.246,133.292,8.483904761904759,54,0.8699504902200171,Normal
SAI,Renault,10,84.117,Soft,13,1,1,16.2,51.0,True,False,23.785,31.623,28.709,5.676000000000002,True,7.0,87.4861746031746,12.98032991098663,81.324,133.005,9.0451746031746,53,0.8707994273936643,Normal
LEC,Sauber,10,84.277,Soft,9,1,1,16.2,51.0,True,False,23.699,31.858,28.72,5.8359999999999985,True,10.0,88.07000000000001,12.804455411826083,82.122,131.588,9.628999999999998,52,0.8730654320803901,Normal
ALO,McLaren,10,84.535,SUPERSOFT,12,1,1,16.2,51.0,True,False,23.804,31.724,29.007,6.093999999999994,True,8.0,87.46238095238095,12.79393185601695,80.727,132.147,9.02138095238095,53,0.8723877679356937,Normal
OCO,Force India,10,84.671,Soft,9,1,1,16.2,51.4,True,False,23.704,32.18,28.787,6.230000000000004,True,16.0,90.35027777777778,15.854238954769182,82.117,131.58,11.909277777777776,29,0.8507197297955355,Normal
STR,Williams,10,84.972,Soft,9,1,1,16.2,51.4,True,False,23.691,32.194,29.087,6.530999999999992,True,11.0,88.09791935483871,12.804433375802189,82.095,132.536,9.656919354838706,53,0.8731007451334295,Normal
PER,Force India,10,84.712,Soft,9,1,1,16.2,51.4,True,False,23.583,32.216,28.913,6.271000000000001,True,9.0,87.92024193548387,13.486412297027917,81.128,134.212,9.479241935483868,53,0.867006633843718,Normal
VAN,McLaren,10,84.876,Soft,12,1,1,16.2,51.4,True,False,23.91,31.981,28.985,6.435000000000002,True,15.0,90.58237209302325,14.856098931997522,82.594,134.185,12.141372093023255,34,0.859101722667506,Normal
ERI,Sauber,10,85.13,Medium,9,1,1,16.2,51.4,True,False,23.833,32.012,29.285,6.688999999999993,True,13.0,88.25245161290323,12.736792256020752,82.487,134.428,9.811451612903223,52,0.8738797146302818,Normal
SIR,Williams,10,85.334,Medium,6,2,1,16.2,51.4,True,False,23.879,32.168,29.287,6.893000000000001,True,14.0,90.35001612903226,15.115628150255102,82.68,149.412,11.909016129032256,50,0.8566772312106977,Normal
HAR,Toro Rosso,10,85.523,Medium,6,2,1,16.2,51.4,True,False,23.98,32.235,29.308,7.081999999999994,True,12.0,88.17641935483871,12.868808203379087,81.439,135.104,9.735419354838708,52,0.8726430875128204,Normal
HAM,Mercedes,11,81.808,Soft,12,1,1,16.4,52.4,True,False,23.128,30.705,27.975,3.3670000000000044,True,1.0,85.40671875,13.723649734914796,79.133,133.88,6.965718749999997,54,0.8615595811388194,Normal
VET,Ferrari,11,82.3,Soft,13,1,1,16.4,52.4,True,False,23.305,30.929,28.066,3.8589999999999947,True,4.0,85.82003125,14.32964119996181,79.128,133.906,7.379031249999997,55,0.8569177427203131,Normal
BOT,Mercedes,11,82.244,Soft,13,1,1,16.4,52.4,True,False,23.109,30.858,28.277,3.8029999999999973,True,2.0,85.678171875,13.61455356286139,79.478,132.666,7.237171874999997,54,0.8628846826106958,Normal
RAI,Ferrari,11,82.73,Soft,13,1,1,16.4,52.4,True,False,23.455,31.12,28.155,4.2890000000000015,True,17.0,93.1474347826087,20.436790892510245,81.531,133.153,14.706434782608692,18,0.8200736874241243,Normal
VER,Red Bull Racing,11,82.627,Soft,13,1,1,16.4,52.4,True,False,23.534,31.168,27.925,4.185999999999993,True,3.0,85.742796875,13.646163597375615,79.422,133.094,7.301796874999997,55,0.8626994031075669,Normal
RIC,Red Bull Racing,11,82.573,Soft,13,1,1,16.4,52.4,True,False,23.487,30.986,28.1,4.131999999999991,True,5.0,86.08671875,13.89064366898419,78.441,133.445,7.645718749999997,55,0.8610621111330041,Normal
MAG,Haas F1 Team,11,83.431,Soft,14,1,1,16.4,52.4,True,False,23.626,31.397,28.408,4.989999999999995,True,6.0,86.92490476190477,12.994465063291594,80.246,133.292,8.483904761904759,54,0.8699504902200171,Normal
SAI,Renault,11,83.756,Soft,14,1,1,16.4,52.4,True,False,23.79,31.468,28.498,5.314999999999998,True,7.0,87.4861746031746,12.98032991098663,81.324,133.005,9.0451746031746,53,0.8707994273936643,Normal
LEC,Sauber,11,84.289,Soft,10,1,1,16.4,52.4,True,False,23.702,31.864,28.723,5.847999999999999,True,10.0,88.07000000000001,12.804455411826083,82.122,131.588,9.628999999999998,52,0.8730654320803901,Normal
ALO,McLaren,11,84.695,SUPERSOFT,13,1,1,16.4,52.4,True,False,23.845,31.8,29.05,6.253999999999991,True,8.0,87.46238095238095,12.79393185601695,80.727,132.147,9.02138095238095,53,0.8723877679356937,Normal
OCO,Force India,11,84.377,Soft,10,1,1,16.4,52.4,True,False,23.802,31.888,28.687,5.935999999999993,True,16.0,90.35027777777778,15.854238954769182,82.117,131.58,11.909277777777776,29,0.8507197297955355,Normal
STR,Williams,11,85.053,Soft,10,1,1,16.4,52.4,True,False,23.809,31.964,29.28,6.611999999999995,True,11.0,88.09791935483871,12.804433375802189,82.095,132.536,9.656919354838706,53,0.8731007451334295,Normal
PER,Force India,11,84.841,Soft,10,1,1,16.4,52.4,True,False,23.547,31.953,29.341,6.3999999999999915,True,9.0,87.92024193548387,13.486412297027917,81.128,134.212,9.479241935483868,53,0.867006633843718,Normal
VAN,McLaren,11,84.756,Soft,13,1,1,16.4,52.4,True,False,23.686,31.844,29.226,6.314999999999998,True,15.0,90.58237209302325,14.856098931997522,82.594,134.185,12.141372093023255,34,0.859101722667506,Normal
ERI,Sauber,11,85.028,Medium,10,1,1,16.4,52.4,True,False,23.854,32.051,29.123,6.587000000000003,True,13.0,88.25245161290323,12.736792256020752,82.487,134.428,9.811451612903223,52,0.8738797146302818,Normal
SIR,Williams,11,85.426,Medium,7,2,1,16.4,52.4,True,False,24.178,32.036,29.212,6.984999999999999,True,14.0,90.35001612903226,15.115628150255102,82.68,149.412,11.909016129032256,50,0.8566772312106977,Normal
HAR,Toro Rosso,11,85.151,Medium,7,2,1,16.4,52.4,True,False,24.09,31.953,29.108,6.709999999999994,True,12.0,88.17641935483871,12.868808203379087,81.439,135.104,9.735419354838708,52,0.8726430875128204,Normal
HAM,Mercedes,12,81.81,Soft,13,1,1,16.6,50.7,True,False,23.285,30.784,27.741,3.3689999999999998,True,1.0,85.40671875,13.723649734914796,79.133,133.88,6.965718749999997,54,0.8615595811388194,Normal
VET,Ferrari,12,82.875,Soft,14,1,1,16.6,50.7,True,False,23.654,31.059,28.162,4.4339999999999975,True,4.0,85.82003125,14.32964119996181,79.128,133.906,7.379031249999997,55,0.8569177427203131,Normal
BOT,Mercedes,12,82.603,Soft,14,1,1,16.6,50.7,True,False,23.253,31.059,28.291,4.161999999999992,True,2.0,85.678171875,13.61455356286139,79.478,132.666,7.237171874999997,54,0.8628846826106958,Normal
RAI,Ferrari,12,82.641,Soft,14,1,1,16.6,50.7,True,False,23.327,31.115,28.199,4.200000000000003,True,17.0,93.1474347826087,20.436790892510245,81.531,133.153,14.706434782608692,18,0.8200736874241243,Normal
VER,Red Bull Racing,12,82.552,Soft,14,1,1,16.6,50.7,True,False,23.517,31.006,28.029,4.111000000000004,True,3.0,85.742796875,13.646163597375615,79.422,133.094,7.301796874999997,55,0.8626994031075669,Normal
RIC,Red Bull Racing,12,82.345,Soft,14,1,1,16.6,50.7,True,False,23.485,30.913,27.947,3.9039999999999964,True,5.0,86.08671875,13.89064366898419,78.441,133.445,7.645718749999997,55,0.8610621111330041,Normal
MAG,Haas F1 Team,12,83.576,Soft,15,1,1,16.6,50.7,True,False,23.635,31.506,28.435,5.134999999999991,True,6.0,86.92490476190477,12.994465063291594,80.246,133.292,8.483904761904759,54,0.8699504902200171,Normal
SAI,Renault,12,83.885,Soft,15,1,1,16.6,50.7,True,False,23.785,31.643,28.457,5.444000000000003,True,7.0,87.4861746031746,12.98032991098663,81.324,133.005,9.0451746031746,53,0.8707994273936643,Normal
LEC,Sauber,12,84.2,Soft,11,1,1,16.6,50.7,True,False,23.669,31.941,28.59,5.759,True,10.0,88.07000000000001,12.804455411826083,82.122,131.588,9.628999999999998,52,0.8730654320803901,Normal
ALO,McLaren,12,84.516,SUPERSOFT,14,1,1,16.6,50.7,True,False,24.131,31.67,28.715,6.075000000000003,True,8.0,87.46238095238095,12.79393185601695,80.727,132.147,9.02138095238095,53,0.8723877679356937,Normal
OCO,Force India,12,84.629,Soft,11,1,1,16.6,50.7,True,False,24.038,31.886,28.705,6.188000000000002,True,16.0,90.35027777777778,15.854238954769182,82.117,131.58,11.909277777777776,29,0.8507197297955355,Normal
STR,Williams,12,84.877,Soft,11,1,1,16.6,50.7,True,False,23.899,31.969,29.009,6.435999999999993,True,11.0,88.09791935483871,12.804433375802189,82.095,132.536,9.656919354838706,53,0.8731007451334295,Normal
PER,Force India,12,85.057,Soft,11,1,1,16.6,50.7,True,False,23.957,32.062,29.038,6.616,True,9.0,87.92024193548387,13.486412297027917,81.128,134.212,9.479241935483868,53,0.867006633843718,Normal
VAN,McLaren,12,85.283,Soft,14,1,1,16.6,50.7,True,False,23.798,32.618,28.867,6.841999999999999,True,15.0,90.58237209302325,14.856098931997522,82.594,134.185,12.141372093023255,34,0.859101722667506,Normal
ERI,Sauber,12,84.873,Medium,11,1,1,16.6,50.7,True,False,23.734,31.967,29.172,6.432000000000002,True,13.0,88.25245161290323,12.736792256020752,82.487,134.428,9.811451612903223,52,0.8738797146302818,Normal
SIR,Williams,12,85.139,Medium,8,2,1,16.6,50.7,True,False,23.993,32.014,29.132,6.697999999999993,True,14.0,90.35001612903226,15.115628150255102,82.68,149.412,11.909016129032256,50,0.8566772312106977,Normal
HAR,Toro Rosso,12,84.969,Medium,8,2,1,16.6,50.7,True,False,23.872,31.901,29.196,6.527999999999992,True,12.0,88.17641935483871,12.868808203379087,81.439,135.104,9.735419354838708,52,0.8726430875128204,Normal
HAM,Mercedes,13,81.936,Soft,14,1,1,16.5,50.2,True,False,23.067,30.966,27.903,3.4950000000000045,True,1.0,85.40671875,13.723649734914796,79.133,133.88,6.965718749999997,54,0.8615595811388194,Normal
VET,Ferrari,13,82.32,Soft,15,1,1,16.5,50.2,True,False,23.46,30.899,27.961,3.8789999999999907,True,4.0,85.82003125,14.32964119996181,79.128,133.906,7.379031249999997,55,0.8569177427203131,Normal
BOT,Mercedes,13,82.41,Soft,15,1,1,16.5,50.2,True,False,23.152,30.883,28.375,3.968999999999994,True,2.0,85.678171875,13.61455356286139,79.478,132.666,7.237171874999997,54,0.8628846826106958,Normal
RAI,Ferrari,13,82.644,Soft,15,1,1,16.5,50.2,True,False,23.378,31.031,28.235,4.203000000000003,True,17.0,93.1474347826087,20.436790892510245,81.531,133.153,14.706434782608692,18,0.8200736874241243,Normal
VER,Red Bull Racing,13,82.611,Soft,15,1,1,16.5,50.2,True,False,23.38,31.168,28.063,4.170000000000002,True,3.0,85.742796875,13.646163597375615,79.422,133.094,7.301796874999997,55,0.8626994031075669,Normal
RIC,Red Bull Racing,13,82.243,Soft,15,1,1,16.5,50.2,True,False,23.243,30.883,28.117,3.8019999999999925,True,5.0,86.08671875,13.89064366898419,78.441,133.445,7.645718749999997,55,0.8610621111330041,Normal
MAG,Haas F1 Team,13,83.564,Soft,16,1,1,16.4,51.8,True,False,23.619,31.636,28.309,5.1229999999999905,True,6.0,86.92490476190477,12.994465063291594,80.246,133.292,8.483904761904759,54,0.8699504902200171,Normal
SAI,Renault,13,83.631,Soft,16,1,1,16.4,51.8,True,False,23.691,31.527,28.413,5.189999999999998,True,7.0,87.4861746031746,12.98032991098663,81.324,133.005,9.0451746031746,53,0.8707994273936643,Normal
LEC,Sauber,13,84.335,Soft,12,1,1,16.4,51.8,True,False,23.718,31.888,28.729,5.893999999999991,True,10.0,88.07000000000001,12.804455411826083,82.122,131.588,9.628999999999998,52,0.8730654320803901,Normal
ALO,McLaren,13,84.236,SUPERSOFT,15,1,1,16.4,51.8,True,False,23.841,31.499,28.896,5.795000000000002,True,8.0,87.46238095238095,12.79393185601695,80.727,132.147,9.02138095238095,53,0.8723877679356937,Normal
OCO,Force India,13,84.525,Soft,12,1,1,16.4,51.8,True,False,23.857,31.846,28.822,6.084000000000003,True,16.0,90.35027777777778,15.854238954769182,82.117,131.58,11.909277777777776,29,0.8507197297955355,Normal
STR,Williams,13,84.635,Soft,12,1,1,16.4,51.8,True,False,23.77,31.877,28.988,6.194000000000003,True,11.0,88.09791935483871,12.804433375802189,82.095,132.536,9.656919354838706,53,0.8731007451334295,Normal
PER,Force India,13,84.648,Soft,12,1,1,16.4,51.8,True,False,23.729,31.887,29.032,6.206999999999994,True,9.0,87.92024193548387,13.486412297027917,81.128,134.212,9.479241935483868,53,0.867006633843718,Normal
VAN,McLaren,13,84.589,Soft,15,1,1,16.4,51.8,True,False,23.645,32.022,28.922,6.147999999999996,True,15.0,90.58237209302325,14.856098931997522,82.594,134.185,12.141372093023255,34,0.859101722667506,Normal
ERI,Sauber,13,85.15,Medium,12,1,1,16.4,51.8,True,False,24.352,31.901,28.897,6.709000000000003,True,13.0,88.25245161290323,12.736792256020752,82.487,134.428,9.811451612903223,52,0.8738797146302818,Normal
SIR,Williams,13,84.989,Medium,9,2,1,16.4,51.8,True,False,23.922,32.033,29.034,6.548000000000002,True,14.0,90.35001612903226,15.115628150255102,82.68,149.412,11.909016129032256,50,0.8566772312106977,Normal
HAR,Toro Rosso,13,85.515,Medium,9,2,1,16.4,51.8,True,False,23.701,32.145,29.669,7.073999999999998,True,12.0,88.17641935483871,12.868808203379087,81.439,135.104,9.735419354838708,52,0.8726430875128204,Normal
HAM,Mercedes,14,81.574,Soft,15,1,1,16.4,51.8,True,False,23.167,30.692,27.715,3.1329999999999956,True,1.0,85.40671875,13.723649734914796,79.133,133.88,6.965718749999997,54,0.8615595811388194,Normal
VET,Ferrari,14,82.162,Soft,16,1,1,16.4,51.8,True,False,23.271,30.872,28.019,3.7210000000000036,True,4.0,85.82003125,14.32964119996181,79.128,133.906,7.379031249999997,55,0.8569177427203131,Normal
BOT,Mercedes,14,82.372,Soft,16,1,1,16.4,51.8,True,False,23.144,30.775,28.453,3.9309999999999974,True,2.0,85.678171875,13.61455356286139,79.478,132.666,7.237171874999997,54,0.8628846826106958,Normal
RAI,Ferrari,14,82.27,Soft,16,1,1,16.4,51.8,True,False,23.292,30.963,28.015,3.8289999999999935,True,17.0,93.1474347826087,20.436790892510245,81.531,133.153,14.706434782608692,18,0.8200736874241243,Normal
VER,Red Bull Racing,14,82.357,Soft,16,1,1,16.4,51.8,True,False,23.413,31.009,27.935,3.915999999999997,True,3.0,85.742796875,13.646163597375615,79.422,133.094,7.301796874999997,55,0.8626994031075669,Normal
RIC,Red Bull Racing,14,82.595,Soft,16,1,1,16.4,51.8,True,False,23.404,31.158,28.033,4.153999999999996,True,5.0,86.08671875,13.89064366898419,78.441,133.445,7.645718749999997,55,0.8610621111330041,Normal
MAG,Haas F1 Team,14,83.467,Soft,17,1,1,16.4,51.8,True,False,23.649,31.43,28.388,5.025999999999996,True,6.0,86.92490476190477,12.994465063291594,80.246,133.292,8.483904761904759,54,0.8699504902200171,Normal
SAI,Renault,14,83.876,Soft,17,1,1,16.4,51.8,True,False,23.782,31.636,28.458,5.435000000000002,True,7.0,87.4861746031746,12.98032991098663,81.324,133.005,9.0451746031746,53,0.8707994273936643,Normal
LEC,Sauber,14,83.958,Soft,13,1,1,16.4,51.8,True,False,23.749,31.634,28.575,5.516999999999996,True,10.0,88.07000000000001,12.804455411826083,82.122,131.588,9.628999999999998,52,0.8730654320803901,Normal
ALO,McLaren,14,84.744,SUPERSOFT,16,1,1,16.4,51.8,True,False,23.888,31.859,28.997,6.302999999999997,True,8.0,87.46238095238095,12.79393185601695,80.727,132.147,9.02138095238095,53,0.8723877679356937,Normal
OCO,Force India,14,84.685,Soft,13,1,1,16.4,51.8,True,False,23.906,31.977,28.802,6.244,True,16.0,90.35027777777778,15.854238954769182,82.117,131.58,11.909277777777776,29,0.8507197297955355,Normal
STR,Williams,14,84.703,Soft,13,1,1,16.4,51.8,True,False,23.681,31.854,29.168,6.2620000000000005,True,11.0,88.09791935483871,12.804433375802189,82.095,132.536,9.656919354838706,53,0.8731007451334295,Normal
PER,Force India,14,84.72,Soft,13,1,1,16.4,51.8,True,False,23.542,32.004,29.174,6.278999999999996,True,9.0,87.92024193548387,13.486412297027917,81.128,134.212,9.479241935483868,53,0.867006633843718,Normal
VAN,McLaren,14,84.713,Soft,16,1,1,16.4,51.8,True,False,23.71,31.933,29.07,6.271999999999991,True,15.0,90.58237209302325,14.856098931997522,82.594,134.185,12.141372093023255,34,0.859101722667506,Normal
ERI,Sauber,14,84.722,Medium,13,1,1,16.4,51.8,True,False,23.757,31.842,29.123,6.280999999999992,True,13.0,88.25245161290323,12.736792256020752,82.487,134.428,9.811451612903223,52,0.8738797146302818,Normal
SIR,Williams,14,85.104,Medium,10,2,1,16.4,51.8,True,False,23.85,31.884,29.37,6.662999999999997,True,14.0,90.35001612903226,15.115628150255102,82.68,149.412,11.909016129032256,50,0.8566772312106977,Normal
HAR,Toro Rosso,14,85.89,Medium,10,2,1,16.4,51.8,True,False,24.877,32.039,28.974,7.448999999999998,True,12.0,88.17641935483871,12.868808203379087,81.439,135.104,9.735419354838708,52,0.8726430875128204,Normal
HAM,Mercedes,15,81.778,Soft,16,1,1,16.2,51.6,True,False,23.2,30.81,27.768,3.3370000000000033,True,1.0,85.40671875,13.723649734914796,79.133,133.88,6.965718749999997,54,0.8615595811388194,Normal
VET,Ferrari,15,82.231,Soft,17,1,1,16.2,51.6,True,False,23.296,30.846,28.089,3.789999999999992,True,4.0,85.82003125,14.32964119996181,79.128,133.906,7.379031249999997,55,0.8569177427203131,Normal
BOT,Mercedes,15,82.336,Soft,17,1,1,16.2,51.6,True,False,23.064,30.879,28.393,3.894999999999996,True,2.0,85.678171875,13.61455356286139,79.478,132.666,7.237171874999997,54,0.8628846826106958,Normal
RAI,Ferrari,15,82.25,Soft,17,1,1,16.2,51.6,True,False,23.304,30.952,27.994,3.8089999999999975,True,17.0,93.1474347826087,20.436790892510245,81.531,133.153,14.706434782608692,18,0.8200736874241243,Normal
VER,Red Bull Racing,15,82.242,Soft,17,1,1,16.2,51.6,True,False,23.494,30.978,27.77,3.801000000000002,True,3.0,85.742796875,13.646163597375615,79.422,133.094,7.301796874999997,55,0.8626994031075669,Normal
RIC,Red Bull Racing,15,82.454,Soft,17,1,1,16.2,51.6,True,False,23.419,31.122,27.913,4.012999999999991,True,5.0,86.08671875,13.89064366898419,78.441,133.445,7.645718749999997,55,0.8610621111330041,Normal
MAG,Haas F1 Team,15,83.604,Soft,18,1,1,16.2,51.6,True,False,23.619,31.674,28.311,5.162999999999997,True,6.0,86.92490476190477,12.994465063291594,80.246,133.292,8.483904761904759,54,0.8699504902200171,Normal
SAI,Renault,15,83.519,Soft,18,1,1,16.2,51.6,True,False,23.702,31.347,28.47,5.078000000000003,True,7.0,87.4861746031746,12.98032991098663,81.324,133.005,9.0451746031746,53,0.8707994273936643,Normal
LEC,Sauber,15,84.055,Soft,14,1,1,16.2,51.6,True,False,23.676,31.726,28.653,5.614000000000004,True,10.0,88.07000000000001,12.804455411826083,82.122,131.588,9.628999999999998,52,0.8730654320803901,Normal
ALO,McLaren,15,84.22,SUPERSOFT,17,1,1,16.1,51.2,True,False,23.839,31.537,28.844,5.778999999999996,True,8.0,87.46238095238095,12.79393185601695,80.727,132.147,9.02138095238095,53,0.8723877679356937,Normal
OCO,Force India,15,84.527,Soft,14,1,1,16.1,51.2,True,False,23.872,31.847,28.808,6.0859999999999985,True,16.0,90.35027777777778,15.854238954769182,82.117,131.58,11.909277777777776,29,0.8507197297955355,Normal
STR,Williams,15,84.549,Soft,14,1,1,16.1,51.2,True,False,23.781,31.887,28.881,6.108000000000004,True,11.0,88.09791935483871,12.804433375802189,82.095,132.536,9.656919354838706,53,0.8731007451334295,Normal
PER,Force India,15,85.258,Soft,14,1,1,16.1,51.2,True,False,23.728,32.348,29.182,6.816999999999993,True,9.0,87.92024193548387,13.486412297027917,81.128,134.212,9.479241935483868,53,0.867006633843718,Normal
VAN,McLaren,15,84.938,Soft,17,1,1,16.1,51.2,True,False,23.717,32.113,29.108,6.497,True,15.0,90.58237209302325,14.856098931997522,82.594,134.185,12.141372093023255,34,0.859101722667506,Normal
ERI,Sauber,15,84.611,Medium,14,1,1,16.1,51.2,True,False,23.729,31.87,29.012,6.170000000000002,True,13.0,88.25245161290323,12.736792256020752,82.487,134.428,9.811451612903223,52,0.8738797146302818,Normal
SIR,Williams,15,84.519,Medium,11,2,1,16.1,51.2,True,False,23.812,31.759,28.948,6.078000000000003,True,14.0,90.35001612903226,15.115628150255102,82.68,149.412,11.909016129032256,50,0.8566772312106977,Normal
HAR,Toro Rosso,15,84.707,Medium,11,2,1,16.1,51.2,True,False,23.797,31.954,28.956,6.265999999999991,True,12.0,88.17641935483871,12.868808203379087,81.439,135.104,9.735419354838708,52,0.8726430875128204,Normal
HAM,Mercedes,16,81.562,Soft,17,1,1,16.1,51.2,True,False,23.2,30.705,27.657,3.120999999999995,True,1.0,85.40671875,13.723649734914796,79.133,133.88,6.965718749999997,54,0.8615595811388194,Normal
VET,Ferrari,16,82.043,Soft,18,1,1,16.1,51.2,True,False,23.241,30.769,28.033,3.602000000000004,True,4.0,85.82003125,14.32964119996181,79.128,133.906,7.379031249999997,55,0.8569177427203131,Normal
BOT,Mercedes,16,81.936,Soft,18,1,1,16.1,51.2,True,False,23.077,30.755,28.104,3.4950000000000045,True,2.0,85.678171875,13.61455356286139,79.478,132.666,7.237171874999997,54,0.8628846826106958,Normal
RAI,Ferrari,16,82.248,Soft,18,1,1,16.0,53.0,True,False,23.305,30.994,27.949,3.807000000000002,True,17.0,93.1474347826087,20.436790892510245,81.531,133.153,14.706434782608692,18,0.8200736874241243,Normal
VER,Red Bull Racing,16,82.104,Soft,18,1,1,16.0,53.0,True,False,23.395,31.004,27.705,3.6629999999999967,True,3.0,85.742796875,13.646163597375615,79.422,133.094,7.301796874999997,55,0.8626994031075669,Normal
RIC,Red Bull Racing,16,82.368,Soft,18,1,1,16.0,53.0,True,False,23.439,31.035,27.894,3.9269999999999925,True,5.0,86.08671875,13.89064366898419,78.441,133.445,7.645718749999997,55,0.8610621111330041,Normal
MAG,Haas F1 Team,16,83.363,Soft,19,1,1,16.0,53.0,True,False,23.656,31.36,28.347,4.921999999999997,True,6.0,86.92490476190477,12.994465063291594,80.246,133.292,8.483904761904759,54,0.8699504902200171,Normal
SAI,Renault,16,83.464,Soft,19,1,1,16.0,53.0,True,False,23.718,31.37,28.376,5.022999999999996,True,7.0,87.4861746031746,12.98032991098663,81.324,133.005,9.0451746031746,53,0.8707994273936643,Normal
LEC,Sauber,16,83.736,Soft,15,1,1,16.0,53.0,True,False,23.623,31.526,28.587,5.295000000000002,True,10.0,88.07000000000001,12.804455411826083,82.122,131.588,9.628999999999998,52,0.8730654320803901,Normal
ALO,McLaren,16,83.982,SUPERSOFT,18,1,1,16.0,53.0,True,False,23.785,31.485,28.712,5.540999999999997,True,8.0,87.46238095238095,12.79393185601695,80.727,132.147,9.02138095238095,53,0.8723877679356937,Normal
OCO,Force India,16,84.173,Soft,15,1,1,16.0,53.0,True,False,23.797,31.673,28.703,5.731999999999999,True,16.0,90.35027777777778,15.854238954769182,82.117,131.58,11.909277777777776,29,0.8507197297955355,Normal
STR,Williams,16,84.245,Soft,15,1,1,16.0,53.0,True,False,23.661,31.689,28.895,5.804000000000002,True,11.0,88.09791935483871,12.804433375802189,82.095,132.536,9.656919354838706,53,0.8731007451334295,Normal
PER,Force India,16,84.859,Soft,15,1,1,16.0,53.0,True,False,23.714,32.16,28.985,6.417999999999992,True,9.0,87.92024193548387,13.486412297027917,81.128,134.212,9.479241935483868,53,0.867006633843718,Normal
VAN,McLaren,16,84.84,Soft,18,1,1,16.0,53.0,True,False,24.007,31.89,28.943,6.399000000000001,True,15.0,90.58237209302325,14.856098931997522,82.594,134.185,12.141372093023255,34,0.859101722667506,Normal
ERI,Sauber,16,84.752,Medium,15,1,1,16.0,53.0,True,False,23.717,32.045,28.99,6.310999999999993,True,13.0,88.25245161290323,12.736792256020752,82.487,134.428,9.811451612903223,52,0.8738797146302818,Normal
SIR,Williams,16,84.472,Medium,12,2,1,16.0,53.0,True,False,23.648,31.843,28.981,6.030999999999992,True,14.0,90.35001612903226,15.115628150255102,82.68,149.412,11.909016129032256,50,0.8566772312106977,Normal
HAR,Toro Rosso,16,84.086,Medium,12,2,1,16.0,53.0,True,False,23.729,31.574,28.783,5.644999999999996,True,12.0,88.17641935483871,12.868808203379087,81.439,135.104,9.735419354838708,52,0.8726430875128204,Normal
HAM,Mercedes,17,81.509,Soft,18,1,1,16.0,51.9,True,False,23.034,30.79,27.685,3.067999999999998,True,1.0,85.40671875,13.723649734914796,79.133,133.88,6.965718749999997,54,0.8615595811388194,Normal
BOT,Mercedes,17,81.956,Soft,19,1,1,16.0,51.9,True,False,22.97,30.775,28.211,3.5150000000000006,True,2.0,85.678171875,13.61455356286139,79.478,132.666,7.237171874999997,54,0.8628846826106958,Normal
VET,Ferrari,17,85.601,Soft,19,1,1,16.0,51.9,True,False,23.218,30.732,31.651,7.159999999999997,False,4.0,85.82003125,14.32964119996181,79.128,133.906,7.379031249999997,55,0.8569177427203131,Outlier
RAI,Ferrari,17,81.985,Soft,19,1,1,16.0,51.9,True,False,23.285,30.813,27.887,3.543999999999997,True,17.0,93.1474347826087,20.436790892510245,81.531,133.153,14.706434782608692,18,0.8200736874241243,Normal
VER,Red Bull Racing,17,82.115,Soft,19,1,1,16.0,51.9,True,False,23.478,30.794,27.843,3.6739999999999924,True,3.0,85.742796875,13.646163597375615,79.422,133.094,7.301796874999997,55,0.8626994031075669,Normal
RIC,Red Bull Racing,17,82.497,Soft,19,1,1,16.0,51.9,True,False,23.549,31.01,27.938,4.055999999999997,True,5.0,86.08671875,13.89064366898419,78.441,133.445,7.645718749999997,55,0.8610621111330041,Normal
MAG,Haas F1 Team,17,83.027,Soft,20,1,1,16.0,51.9,True,False,23.529,31.176,28.322,4.5859999999999985,True,6.0,86.92490476190477,12.994465063291594,80.246,133.292,8.483904761904759,54,0.8699504902200171,Normal
SAI,Renault,17,83.52,Soft,20,1,1,16.0,51.9,True,False,23.73,31.349,28.441,5.0789999999999935,True,7.0,87.4861746031746,12.98032991098663,81.324,133.005,9.0451746031746,53,0.8707994273936643,Normal
LEC,Sauber,17,83.977,Soft,16,1,1,16.0,51.9,True,False,23.631,31.637,28.709,5.536000000000001,True,10.0,88.07000000000001,12.804455411826083,82.122,131.588,9.628999999999998,52,0.8730654320803901,Normal
ALO,McLaren,17,84.023,SUPERSOFT,19,1,1,16.0,51.9,True,False,23.893,31.479,28.651,5.581999999999994,True,8.0,87.46238095238095,12.79393185601695,80.727,132.147,9.02138095238095,53,0.8723877679356937,Normal
OCO,Force India,17,84.246,Soft,16,1,1,16.0,51.9,True,False,23.886,31.73,28.63,5.804999999999993,True,16.0,90.35027777777778,15.854238954769182,82.117,131.58,11.909277777777776,29,0.8507197297955355,Normal
STR,Williams,17,84.694,Soft,16,1,1,16.0,51.9,True,False,23.696,31.875,29.123,6.253,True,11.0,88.09791935483871,12.804433375802189,82.095,132.536,9.656919354838706,53,0.8731007451334295,Normal
PER,Force India,17,84.545,Soft,16,1,1,16.0,51.9,True,False,23.807,31.962,28.776,6.103999999999999,True,9.0,87.92024193548387,13.486412297027917,81.128,134.212,9.479241935483868,53,0.867006633843718,Normal
VAN,McLaren,17,85.042,Soft,19,1,1,16.0,51.9,True,False,24.001,32.01,29.031,6.600999999999999,True,15.0,90.58237209302325,14.856098931997522,82.594,134.185,12.141372093023255,34,0.859101722667506,Normal
ERI,Sauber,17,84.738,Medium,16,1,1,16.0,51.9,True,False,23.822,32.038,28.878,6.296999999999997,True,13.0,88.25245161290323,12.736792256020752,82.487,134.428,9.811451612903223,52,0.8738797146302818,Normal
SIR,Williams,17,84.526,Medium,13,2,1,15.8,52.8,True,False,23.759,31.7,29.067,6.084999999999994,True,14.0,90.35001612903226,15.115628150255102,82.68,149.412,11.909016129032256,50,0.8566772312106977,Normal
HAR,Toro Rosso,17,84.194,Medium,13,2,1,15.8,52.8,True,False,23.657,31.672,28.865,5.753,True,12.0,88.17641935483871,12.868808203379087,81.439,135.104,9.735419354838708,52,0.8726430875128204,Normal
HAM,Mercedes,18,81.328,Soft,19,1,1,15.8,52.8,True,False,23.162,30.451,27.715,2.8870000000000005,True,1.0,85.40671875,13.723649734914796,79.133,133.88,6.965718749999997,54,0.8615595811388194,Normal
BOT,Mercedes,18,81.485,Soft,20,1,1,15.8,52.8,True,False,23.112,30.349,28.024,3.043999999999997,True,2.0,85.678171875,13.61455356286139,79.478,132.666,7.237171874999997,54,0.8628846826106958,Normal
RAI,Ferrari,18,82.169,Soft,20,1,1,15.8,52.8,True,False,23.38,30.862,27.927,3.7279999999999944,True,17.0,93.1474347826087,20.436790892510245,81.531,133.153,14.706434782608692,18,0.8200736874241243,Normal
VER,Red Bull Racing,18,82.294,Soft,20,1,1,15.8,52.8,True,False,23.383,31.018,27.893,3.8529999999999944,True,3.0,85.742796875,13.646163597375615,79.422,133.094,7.301796874999997,55,0.8626994031075669,Normal
RIC,Red Bull Racing,18,82.314,Soft,20,1,1,15.8,52.8,True,False,23.335,30.923,28.056,3.8729999999999905,True,5.0,86.08671875,13.89064366898419,78.441,133.445,7.645718749999997,55,0.8610621111330041,Normal
MAG,Haas F1 Team,18,83.077,Soft,21,1,1,15.9,52.8,True,False,23.593,31.141,28.343,4.635999999999996,True,6.0,86.92490476190477,12.994465063291594,80.246,133.292,8.483904761904759,54,0.8699504902200171,Normal
VET,Ferrari,18,100.637,Medium,1,2,1,15.9,52.8,True,False,41.746,30.91,27.981,22.195999999999998,False,4.0,85.82003125,14.32964119996181,79.128,133.906,7.379031249999997,55,0.8569177427203131,Outlier
SAI,Renault,18,83.795,Soft,21,1,1,15.9,52.8,True,False,23.751,31.422,28.622,5.353999999999999,True,7.0,87.4861746031746,12.98032991098663,81.324,133.005,9.0451746031746,53,0.8707994273936643,Normal
LEC,Sauber,18,84.176,Soft,17,1,1,15.9,52.8,True,False,23.79,31.73,28.656,5.734999999999999,True,10.0,88.07000000000001,12.804455411826083,82.122,131.588,9.628999999999998,52,0.8730654320803901,Normal
ALO,McLaren,18,83.631,SUPERSOFT,20,1,1,15.9,52.8,True,False,23.698,31.297,28.636,5.189999999999998,True,8.0,87.46238095238095,12.79393185601695,80.727,132.147,9.02138095238095,53,0.8723877679356937,Normal
OCO,Force India,18,84.109,Soft,17,1,1,15.9,52.8,True,False,23.831,31.714,28.564,5.667999999999992,True,16.0,90.35027777777778,15.854238954769182,82.117,131.58,11.909277777777776,29,0.8507197297955355,Normal
STR,Williams,18,84.34,Soft,17,1,1,15.9,52.8,True,False,23.729,31.681,28.93,5.899000000000001,True,11.0,88.09791935483871,12.804433375802189,82.095,132.536,9.656919354838706,53,0.8731007451334295,Normal
PER,Force India,18,84.356,Soft,17,1,1,15.9,52.8,True,False,23.729,31.891,28.736,5.914999999999992,True,9.0,87.92024193548387,13.486412297027917,81.128,134.212,9.479241935483868,53,0.867006633843718,Normal
VAN,McLaren,18,84.299,Soft,20,1,1,15.9,52.8,True,False,23.764,31.673,28.862,5.858000000000004,True,15.0,90.58237209302325,14.856098931997522,82.594,134.185,12.141372093023255,34,0.859101722667506,Normal
ERI,Sauber,18,84.857,Medium,17,1,1,15.9,52.8,True,False,24.09,31.78,28.987,6.415999999999997,True,13.0,88.25245161290323,12.736792256020752,82.487,134.428,9.811451612903223,52,0.8738797146302818,Normal
SIR,Williams,18,84.511,Medium,14,2,1,15.9,52.8,True,False,23.669,31.68,29.162,6.069999999999993,True,14.0,90.35001612903226,15.115628150255102,82.68,149.412,11.909016129032256,50,0.8566772312106977,Normal
HAR,Toro Rosso,18,84.529,Medium,14,2,1,15.9,52.8,True,False,23.664,31.827,29.038,6.087999999999994,True,12.0,88.17641935483871,12.868808203379087,81.439,135.104,9.735419354838708,52,0.8726430875128204,Normal
HAM,Mercedes,19,81.393,Soft,20,1,1,15.9,52.8,True,False,23.041,30.722,27.63,2.951999999999998,True,1.0,85.40671875,13.723649734914796,79.133,133.88,6.965718749999997,54,0.8615595811388194,Normal
BOT,Mercedes,19,84.219,Soft,21,1,1,15.8,53.5,True,False,22.875,30.345,30.999,5.777999999999992,False,2.0,85.678171875,13.61455356286139,79.478,132.666,7.237171874999997,54,0.8628846826106958,Outlier
RAI,Ferrari,19,81.972,Soft,21,1,1,15.8,53.5,True,False,23.24,30.762,27.97,3.5309999999999917,True,17.0,93.1474347826087,20.436790892510245,81.531,133.153,14.706434782608692,18,0.8200736874241243,Normal
VER,Red Bull Racing,19,81.964,Soft,21,1,1,15.8,53.5,True,False,23.274,30.865,27.825,3.522999999999996,True,3.0,85.742796875,13.646163597375615,79.422,133.094,7.301796874999997,55,0.8626994031075669,Normal
RIC,Red Bull Racing,19,82.283,Soft,21,1,1,15.8,53.5,True,False,23.515,30.899,27.869,3.8419999999999987,True,5.0,86.08671875,13.89064366898419,78.441,133.445,7.645718749999997,55,0.8610621111330041,Normal
MAG,Haas F1 Team,19,82.856,Soft,22,1,1,15.8,53.5,True,False,23.508,31.012,28.336,4.414999999999992,True,6.0,86.92490476190477,12.994465063291594,80.246,133.292,8.483904761904759,54,0.8699504902200171,Normal
VET,Ferrari,19,82.334,Medium,2,2,1,15.8,53.5,True,False,23.176,31.234,27.924,3.8930000000000007,True,4.0,85.82003125,14.32964119996181,79.128,133.906,7.379031249999997,55,0.8569177427203131,Normal
SAI,Renault,19,83.699,Soft,22,1,1,15.8,53.5,True,False,23.685,31.441,28.573,5.257999999999996,True,7.0,87.4861746031746,12.98032991098663,81.324,133.005,9.0451746031746,53,0.8707994273936643,Normal
LEC,Sauber,19,83.853,Soft,18,1,1,15.8,53.5,True,False,23.647,31.515,28.691,5.411999999999992,True,10.0,88.07000000000001,12.804455411826083,82.122,131.588,9.628999999999998,52,0.8730654320803901,Normal
ALO,McLaren,19,83.553,SUPERSOFT,21,1,1,15.8,53.5,True,False,23.667,31.233,28.653,5.111999999999995,True,8.0,87.46238095238095,12.79393185601695,80.727,132.147,9.02138095238095,53,0.8723877679356937,Normal
OCO,Force India,19,83.893,Soft,18,1,1,15.8,53.5,True,False,23.798,31.598,28.497,5.451999999999998,True,16.0,90.35027777777778,15.854238954769182,82.117,131.58,11.909277777777776,29,0.8507197297955355,Normal
STR,Williams,19,84.354,Soft,18,1,1,15.8,53.5,True,False,23.681,31.724,28.949,5.912999999999997,True,11.0,88.09791935483871,12.804433375802189,82.095,132.536,9.656919354838706,53,0.8731007451334295,Normal
PER,Force India,19,84.569,Soft,18,1,1,15.8,53.5,True,False,23.826,31.879,28.864,6.128,True,9.0,87.92024193548387,13.486412297027917,81.128,134.212,9.479241935483868,53,0.867006633843718,Normal
VAN,McLaren,19,84.574,Soft,21,1,1,15.8,53.5,True,False,23.852,31.754,28.968,6.132999999999996,True,15.0,90.58237209302325,14.856098931997522,82.594,134.185,12.141372093023255,34,0.859101722667506,Normal
ERI,Sauber,19,84.891,Medium,18,1,1,15.8,53.5,True,False,23.98,31.901,29.01,6.450000000000003,True,13.0,88.25245161290323,12.736792256020752,82.487,134.428,9.811451612903223,52,0.8738797146302818,Normal
SIR,Williams,19,84.764,Medium,15,2,1,15.8,53.5,True,False,23.677,31.89,29.197,6.322999999999993,True,14.0,90.35001612903226,15.115628150255102,82.68,149.412,11.909016129032256,50,0.8566772312106977,Normal
HAR,Toro Rosso,19,84.758,Medium,15,2,1,15.8,53.5,True,False,23.638,32.001,29.119,6.316999999999993,True,12.0,88.17641935483871,12.868808203379087,81.439,135.104,9.735419354838708,52,0.8726430875128204,Normal
HAM,Mercedes,20,81.334,Soft,21,1,1,15.8,53.8,True,False,23.061,30.655,27.618,2.8930000000000007,True,1.0,85.40671875,13.723649734914796,79.133,133.88,6.965718749999997,54,0.8615595811388194,Normal
RAI,Ferrari,20,81.993,Soft,22,1,1,15.8,53.8,True,False,23.352,30.74,27.901,3.5519999999999925,True,17.0,93.1474347826087,20.436790892510245,81.531,133.153,14.706434782608692,18,0.8200736874241243,Normal
VER,Red Bull Racing,20,81.924,Soft,22,1,1,15.8,53.8,True,False,23.311,30.818,27.795,3.483000000000004,True,3.0,85.742796875,13.646163597375615,79.422,133.094,7.301796874999997,55,0.8626994031075669,Normal
RIC,Red Bull Racing,20,82.115,Soft,22,1,1,15.8,53.8,True,False,23.404,30.849,27.862,3.6739999999999924,True,5.0,86.08671875,13.89064366898419,78.441,133.445,7.645718749999997,55,0.8610621111330041,Normal
VET,Ferrari,20,81.421,Medium,3,2,1,15.8,53.8,True,False,22.869,30.655,27.897,2.980000000000004,True,4.0,85.82003125,14.32964119996181,79.128,133.906,7.379031249999997,55,0.8569177427203131,Normal
MAG,Haas F1 Team,20,84.524,Soft,23,1,1,15.8,53.8,True,False,24.556,31.496,28.472,6.082999999999998,True,6.0,86.92490476190477,12.994465063291594,80.246,133.292,8.483904761904759,54,0.8699504902200171,Normal
BOT,Mercedes,20,103.642,Medium,1,2,1,15.8,53.8,True,False,43.452,31.508,28.682,25.200999999999993,False,2.0,85.678171875,13.61455356286139,79.478,132.666,7.237171874999997,54,0.8628846826106958,Outlier
SAI,Renault,20,83.757,Soft,23,1,1,15.8,53.8,True,False,23.78,31.417,28.56,5.3160000000000025,True,7.0,87.4861746031746,12.98032991098663,81.324,133.005,9.0451746031746,53,0.8707994273936643,Normal
ALO,McLaren,20,83.646,SUPERSOFT,22,1,1,15.9,53.3,True,False,23.569,31.275,28.802,5.204999999999998,True,8.0,87.46238095238095,12.79393185601695,80.727,132.147,9.02138095238095,53,0.8723877679356937,Normal
LEC,Sauber,20,87.17,Soft,19,1,1,15.9,53.3,True,False,23.571,31.43,32.169,8.729,False,10.0,88.07000000000001,12.804455411826083,82.122,131.588,9.628999999999998,52,0.8730654320803901,Outlier
OCO,Force India,20,83.557,Soft,19,1,1,15.9,53.3,True,False,23.707,31.469,28.381,5.116,True,16.0,90.35027777777778,15.854238954769182,82.117,131.58,11.909277777777776,29,0.8507197297955355,Normal
PER,Force India,20,84.102,Soft,19,1,1,15.9,53.3,True,False,23.683,31.575,28.844,5.661000000000001,True,9.0,87.92024193548387,13.486412297027917,81.128,134.212,9.479241935483868,53,0.867006633843718,Normal
VAN,McLaren,20,84.128,Soft,22,1,1,15.9,53.3,True,False,23.725,31.491,28.912,5.686999999999998,True,15.0,90.58237209302325,14.856098931997522,82.594,134.185,12.141372093023255,34,0.859101722667506,Normal
STR,Williams,20,87.849,Soft,19,1,1,15.9,53.3,True,False,23.599,31.645,32.605,9.408000000000001,False,11.0,88.09791935483871,12.804433375802189,82.095,132.536,9.656919354838706,53,0.8731007451334295,Outlier
ERI,Sauber,20,84.166,Medium,19,1,1,15.9,53.3,True,False,23.798,31.581,28.787,5.724999999999994,True,13.0,88.25245161290323,12.736792256020752,82.487,134.428,9.811451612903223,52,0.8738797146302818,Normal
SIR,Williams,20,84.379,Medium,16,2,1,15.9,53.3,True,False,23.618,31.751,29.01,5.938000000000002,True,14.0,90.35001612903226,15.115628150255102,82.68,149.412,11.909016129032256,50,0.8566772312106977,Normal
HAR,Toro Rosso,20,84.331,Medium,16,2,1,15.9,53.3,True,False,23.623,31.825,28.883,5.890000000000001,True,12.0,88.17641935483871,12.868808203379087,81.439,135.104,9.735419354838708,52,0.8726430875128204,Normal
HAM,Mercedes,21,81.157,Soft,22,1,1,15.9,53.3,True,False,23.152,30.554,27.451,2.715999999999994,True,1.0,85.40671875,13.723649734914796,79.133,133.88,6.965718749999997,54,0.8615595811388194,Normal
RAI,Ferrari,21,81.963,Soft,23,1,1,15.9,53.3,True,False,23.436,30.747,27.78,3.5219999999999914,True,17.0,93.1474347826087,20.436790892510245,81.531,133.153,14.706434782608692,18,0.8200736874241243,Normal
VER,Red Bull Racing,21,81.709,Soft,23,1,1,15.9,53.3,True,False,23.343,30.714,27.652,3.2680000000000007,True,3.0,85.742796875,13.646163597375615,79.422,133.094,7.301796874999997,55,0.8626994031075669,Normal
RIC,Red Bull Racing,21,81.91,Soft,23,1,1,15.9,53.3,True,False,23.376,30.768,27.766,3.468999999999994,True,5.0,86.08671875,13.89064366898419,78.441,133.445,7.645718749999997,55,0.8610621111330041,Normal
VET,Ferrari,21,81.623,Medium,4,2,1,15.8,53.4,True,False,23.235,30.655,27.733,3.182000000000002,True,4.0,85.82003125,14.32964119996181,79.128,133.906,7.379031249999997,55,0.8569177427203131,Normal
BOT,Mercedes,21,80.402,Medium,2,2,1,15.8,53.4,True,False,22.477,30.281,27.644,1.9609999999999985,True,2.0,85.678171875,13.61455356286139,79.478,132.666,7.237171874999997,54,0.8628846826106958,Normal
MAG,Haas F1 Team,21,84.423,Soft,24,1,1,15.8,53.4,True,False,24.335,31.746,28.342,5.981999999999999,True,6.0,86.92490476190477,12.994465063291594,80.246,133.292,8.483904761904759,54,0.8699504902200171,Normal
SAI,Renault,21,83.798,Soft,24,1,1,15.8,53.4,True,False,23.835,31.468,28.495,5.356999999999999,True,7.0,87.4861746031746,12.98032991098663,81.324,133.005,9.0451746031746,53,0.8707994273936643,Normal
OCO,Force India,21,83.687,Soft,20,1,1,15.8,53.4,True,False,23.691,31.522,28.474,5.245999999999995,True,16.0,90.35027777777778,15.854238954769182,82.117,131.58,11.909277777777776,29,0.8507197297955355,Normal
ALO,McLaren,21,86.572,SUPERSOFT,23,1,1,15.8,53.4,True,False,23.657,31.094,31.821,8.131,False,8.0,87.46238095238095,12.79393185601695,80.727,132.147,9.02138095238095,53,0.8723877679356937,Outlier
PER,Force India,21,83.727,Soft,20,1,1,15.8,53.4,True,False,23.586,31.482,28.659,5.286000000000001,True,9.0,87.92024193548387,13.486412297027917,81.128,134.212,9.479241935483868,53,0.867006633843718,Normal
VAN,McLaren,21,83.906,Soft,23,1,1,15.8,53.4,True,False,23.597,31.739,28.57,5.465000000000003,True,15.0,90.58237209302325,14.856098931997522,82.594,134.185,12.141372093023255,34,0.859101722667506,Normal
ERI,Sauber,21,84.314,Medium,20,1,1,15.8,53.4,True,False,23.788,31.757,28.769,5.8729999999999905,True,13.0,88.25245161290323,12.736792256020752,82.487,134.428,9.811451612903223,52,0.8738797146302818,Normal
SIR,Williams,21,84.097,Medium,17,2,1,15.8,53.4,True,False,23.448,31.623,29.026,5.655999999999992,True,14.0,90.35001612903226,15.115628150255102,82.68,149.412,11.909016129032256,50,0.8566772312106977,Normal
HAR,Toro Rosso,21,84.201,Medium,17,2,1,15.8,53.4,True,False,23.668,31.57,28.963,5.759999999999991,True,12.0,88.17641935483871,12.868808203379087,81.439,135.104,9.735419354838708,52,0.8726430875128204,Normal
LEC,Sauber,21,101.964,Medium,1,2,1,15.8,53.4,True,False,42.245,31.314,28.405,23.522999999999996,False,10.0,88.07000000000001,12.804455411826083,82.122,131.588,9.628999999999998,52,0.8730654320803901,Outlier
STR,Williams,21,101.23,Medium,1,2,1,15.8,53.4,True,False,41.377,31.525,28.328,22.789,False,11.0,88.09791935483871,12.804433375802189,82.095,132.536,9.656919354838706,53,0.8731007451334295,Outlier
HAM,Mercedes,22,80.849,Soft,23,1,1,15.8,53.4,True,False,22.907,30.339,27.603,2.4080000000000013,True,1.0,85.40671875,13.723649734914796,79.133,133.88,6.965718749999997,54,0.8615595811388194,Normal
RAI,Ferrari,22,81.946,Soft,24,1,1,15.7,52.8,False,True,23.387,30.788,27.771,3.5049999999999955,True,17.0,93.1474347826087,20.436790892510245,81.531,133.153,14.706434782608692,18,0.8200736874241243,Normal
VER,Red Bull Racing,22,81.798,Soft,24,1,1,15.7,52.8,False,True,23.286,30.751,27.761,3.3569999999999993,True,3.0,85.742796875,13.646163597375615,79.422,133.094,7.301796874999997,55,0.8626994031075669,Normal
RIC,Red Bull Racing,22,82.311,Soft,24,1,1,15.7,52.8,False,True,23.304,30.719,28.288,3.8700000000000045,True,5.0,86.08671875,13.89064366898419,78.441,133.445,7.645718749999997,55,0.8610621111330041,Normal
VET,Ferrari,22,81.451,Medium,5,2,1,15.7,52.8,False,True,23.181,30.497,27.773,3.009999999999991,True,4.0,85.82003125,14.32964119996181,79.128,133.906,7.379031249999997,55,0.8569177427203131,Normal
BOT,Mercedes,22,81.347,Medium,3,2,1,15.7,52.8,False,True,22.873,30.54,27.934,2.9059999999999917,True,2.0,85.678171875,13.61455356286139,79.478,132.666,7.237171874999997,54,0.8628846826106958,Normal
MAG,Haas F1 Team,22,82.842,Soft,25,1,1,15.7,52.8,False,True,23.438,31.237,28.167,4.400999999999996,True,6.0,86.92490476190477,12.994465063291594,80.246,133.292,8.483904761904759,54,0.8699504902200171,Normal
SAI,Renault,22,83.708,Soft,25,1,1,15.7,52.8,False,True,23.787,31.411,28.51,5.266999999999996,True,7.0,87.4861746031746,12.98032991098663,81.324,133.005,9.0451746031746,53,0.8707994273936643,Normal
OCO,Force India,22,83.405,Soft,21,1,1,15.7,52.8,False,True,23.557,31.47,28.378,4.963999999999999,True,16.0,90.35027777777778,15.854238954769182,82.117,131.58,11.909277777777776,29,0.8507197297955355,Normal
PER,Force India,22,83.845,Soft,21,1,1,15.7,52.8,False,True,23.503,31.564,28.778,5.403999999999996,True,9.0,87.92024193548387,13.486412297027917,81.128,134.212,9.479241935483868,53,0.867006633843718,Normal
VAN,McLaren,22,84.27,Soft,24,1,1,15.7,52.8,False,True,23.902,31.652,28.716,5.8289999999999935,True,15.0,90.58237209302325,14.856098931997522,82.594,134.185,12.141372093023255,34,0.859101722667506,Normal
ERI,Sauber,22,84.217,Medium,21,1,1,15.7,53.3,True,False,23.738,31.63,28.849,5.775999999999996,True,13.0,88.25245161290323,12.736792256020752,82.487,134.428,9.811451612903223,52,0.8738797146302818,Normal
SIR,Williams,22,83.907,Medium,18,2,1,15.7,53.3,True,False,23.485,31.568,28.854,5.465999999999994,True,14.0,90.35001612903226,15.115628150255102,82.68,149.412,11.909016129032256,50,0.8566772312106977,Normal
HAR,Toro Rosso,22,84.18,Medium,18,2,1,15.7,53.3,True,False,23.63,31.835,28.715,5.739000000000004,True,12.0,88.17641935483871,12.868808203379087,81.439,135.104,9.735419354838708,52,0.8726430875128204,Normal
LEC,Sauber,22,83.03,Medium,2,2,1,15.7,53.3,True,False,23.539,31.177,28.314,4.588999999999999,True,10.0,88.07000000000001,12.804455411826083,82.122,131.588,9.628999999999998,52,0.8730654320803901,Normal
ALO,McLaren,22,100.941,Medium,1,2,1,15.7,53.3,True,False,41.638,31.107,28.196,22.5,False,8.0,87.46238095238095,12.79393185601695,80.727,132.147,9.02138095238095,53,0.8723877679356937,Outlier
STR,Williams,22,83.28,Medium,2,2,1,15.7,53.3,True,False,23.679,31.322,28.279,4.838999999999999,True,11.0,88.09791935483871,12.804433375802189,82.095,132.536,9.656919354838706,53,0.8731007451334295,Normal
HAM,Mercedes,23,81.045,Soft,24,1,1,15.7,53.3,True,False,22.833,30.557,27.655,2.603999999999999,True,1.0,85.40671875,13.723649734914796,79.133,133.88,6.965718749999997,54,0.8615595811388194,Normal
RAI,Ferrari,23,81.531,Soft,25,1,1,15.7,53.3,True,False,23.238,30.598,27.695,3.0900000000000034,True,17.0,93.1474347826087,20.436790892510245,81.531,133.153,14.706434782608692,18,0.8200736874241243,Peak
VER,Red Bull Racing,23,81.909,Soft,25,1,1,15.7,53.3,True,False,23.262,30.855,27.792,3.4680000000000035,True,3.0,85.742796875,13.646163597375615,79.422,133.094,7.301796874999997,55,0.8626994031075669,Normal
RIC,Red Bull Racing,23,81.895,Soft,25,1,1,15.7,53.3,True,False,23.395,30.757,27.743,3.4539999999999935,True,5.0,86.08671875,13.89064366898419,78.441,133.445,7.645718749999997,55,0.8610621111330041,Normal
VET,Ferrari,23,81.226,Medium,6,2,1,15.7,53.3,True,False,23.088,30.443,27.695,2.7849999999999966,True,4.0,85.82003125,14.32964119996181,79.128,133.906,7.379031249999997,55,0.8569177427203131,Normal
BOT,Mercedes,23,81.182,Medium,4,2,1,15.7,53.3,True,False,22.925,30.385,27.872,2.7409999999999997,True,2.0,85.678171875,13.61455356286139,79.478,132.666,7.237171874999997,54,0.8628846826106958,Normal
MAG,Haas F1 Team,23,82.559,Soft,26,1,1,15.7,53.3,True,False,23.472,31.009,28.078,4.117999999999995,True,6.0,86.92490476190477,12.994465063291594,80.246,133.292,8.483904761904759,54,0.8699504902200171,Normal
SAI,Renault,23,83.629,Soft,26,1,1,15.7,53.2,True,False,23.687,31.262,28.68,5.188000000000002,True,7.0,87.4861746031746,12.98032991098663,81.324,133.005,9.0451746031746,53,0.8707994273936643,Normal
OCO,Force India,23,83.35,Soft,22,1,1,15.7,53.2,True,False,23.56,31.381,28.409,4.908999999999992,True,16.0,90.35027777777778,15.854238954769182,82.117,131.58,11.909277777777776,29,0.8507197297955355,Normal
PER,Force India,23,83.835,Soft,22,1,1,15.7,53.2,True,False,23.631,31.581,28.623,5.393999999999991,True,9.0,87.92024193548387,13.486412297027917,81.128,134.212,9.479241935483868,53,0.867006633843718,Normal
VAN,McLaren,23,84.002,Soft,25,1,1,15.7,53.2,True,False,23.948,31.521,28.533,5.560999999999993,True,15.0,90.58237209302325,14.856098931997522,82.594,134.185,12.141372093023255,34,0.859101722667506,Normal
ERI,Sauber,23,83.899,Medium,22,1,1,15.7,53.2,True,False,23.663,31.413,28.823,5.457999999999998,True,13.0,88.25245161290323,12.736792256020752,82.487,134.428,9.811451612903223,52,0.8738797146302818,Normal
SIR,Williams,23,84.358,Medium,19,2,1,15.7,53.2,True,False,23.863,31.578,28.917,5.917000000000002,True,14.0,90.35001612903226,15.115628150255102,82.68,149.412,11.909016129032256,50,0.8566772312106977,Normal
HAR,Toro Rosso,23,83.837,Medium,19,2,1,15.7,53.2,True,False,23.535,31.634,28.668,5.396000000000001,True,12.0,88.17641935483871,12.868808203379087,81.439,135.104,9.735419354838708,52,0.8726430875128204,Normal
LEC,Sauber,23,83.539,Medium,3,2,1,15.7,53.2,True,False,23.693,31.243,28.603,5.097999999999999,True,10.0,88.07000000000001,12.804455411826083,82.122,131.588,9.628999999999998,52,0.8730654320803901,Normal
ALO,McLaren,23,82.945,Medium,2,2,1,15.7,53.2,True,False,23.404,31.052,28.489,4.503999999999991,True,8.0,87.46238095238095,12.79393185601695,80.727,132.147,9.02138095238095,53,0.8723877679356937,Normal
HAM,Mercedes,24,81.662,Soft,25,1,1,15.7,53.2,True,False,22.961,30.82,27.881,3.2210000000000036,True,1.0,85.40671875,13.723649734914796,79.133,133.88,6.965718749999997,54,0.8615595811388194,Normal
STR,Williams,23,85.187,Medium,3,2,1,15.7,53.2,True,False,23.415,32.122,29.65,6.745999999999995,True,11.0,88.09791935483871,12.804433375802189,82.095,132.536,9.656919354838706,53,0.8731007451334295,Normal
VER,Red Bull Racing,24,82.241,Soft,26,1,1,15.7,53.2,True,False,23.222,30.838,28.181,3.799999999999997,True,3.0,85.742796875,13.646163597375615,79.422,133.094,7.301796874999997,55,0.8626994031075669,Normal
RAI,Ferrari,24,85.384,Soft,26,1,1,15.7,53.2,True,False,23.201,30.929,31.254,6.942999999999998,True,17.0,93.1474347826087,20.436790892510245,81.531,133.153,14.706434782608692,18,0.8200736874241243,Normal
RIC,Red Bull Racing,24,81.96,Soft,26,1,1,15.7,53.3,True,False,23.362,30.742,27.856,3.5189999999999912,True,5.0,86.08671875,13.89064366898419,78.441,133.445,7.645718749999997,55,0.8610621111330041,Normal
VET,Ferrari,24,81.449,Medium,7,2,1,15.7,53.3,True,False,23.302,30.49,27.657,3.0079999999999956,True,4.0,85.82003125,14.32964119996181,79.128,133.906,7.379031249999997,55,0.8569177427203131,Normal
BOT,Mercedes,24,81.249,Medium,5,2,1,15.7,53.3,True,False,22.695,30.515,28.039,2.8079999999999927,True,2.0,85.678171875,13.61455356286139,79.478,132.666,7.237171874999997,54,0.8628846826106958,Normal
MAG,Haas F1 Team,24,82.911,Soft,27,1,1,15.7,53.3,True,False,23.607,31.127,28.177,4.469999999999999,True,6.0,86.92490476190477,12.994465063291594,80.246,133.292,8.483904761904759,54,0.8699504902200171,Normal
SAI,Renault,24,83.814,Soft,27,1,1,15.7,53.3,True,False,23.864,31.357,28.593,5.3729999999999905,True,7.0,87.4861746031746,12.98032991098663,81.324,133.005,9.0451746031746,53,0.8707994273936643,Normal
OCO,Force India,24,83.46,Soft,23,1,1,15.7,53.3,True,False,23.67,31.529,28.261,5.018999999999991,True,16.0,90.35027777777778,15.854238954769182,82.117,131.58,11.909277777777776,29,0.8507197297955355,Normal
PER,Force India,24,84.177,Soft,23,1,1,15.7,53.3,True,False,23.69,31.631,28.856,5.736000000000004,True,9.0,87.92024193548387,13.486412297027917,81.128,134.212,9.479241935483868,53,0.867006633843718,Normal
VAN,McLaren,24,84.013,Soft,26,1,1,15.7,53.3,True,False,23.949,31.418,28.646,5.572000000000003,True,15.0,90.58237209302325,14.856098931997522,82.594,134.185,12.141372093023255,34,0.859101722667506,Normal
ERI,Sauber,24,83.911,Medium,23,1,1,15.7,53.3,True,False,23.595,31.482,28.834,5.469999999999999,True,13.0,88.25245161290323,12.736792256020752,82.487,134.428,9.811451612903223,52,0.8738797146302818,Normal
HAR,Toro Rosso,24,83.838,Medium,20,2,1,15.7,53.3,True,False,23.623,31.477,28.738,5.396999999999991,True,12.0,88.17641935483871,12.868808203379087,81.439,135.104,9.735419354838708,52,0.8726430875128204,Normal
LEC,Sauber,24,83.536,Medium,4,2,1,15.7,53.3,True,False,23.474,31.402,28.66,5.094999999999999,True,10.0,88.07000000000001,12.804455411826083,82.122,131.588,9.628999999999998,52,0.8730654320803901,Normal
ALO,McLaren,24,83.559,Medium,3,2,1,15.7,53.3,True,False,23.479,31.479,28.601,5.117999999999995,True,8.0,87.46238095238095,12.79393185601695,80.727,132.147,9.02138095238095,53,0.8723877679356937,Normal
SIR,Williams,24,87.126,Medium,20,2,1,15.7,53.3,True,False,23.419,31.453,32.254,8.685000000000002,False,14.0,90.35001612903226,15.115628150255102,82.68,149.412,11.909016129032256,50,0.8566772312106977,Outlier
HAM,Mercedes,25,84.565,Soft,26,1,1,15.8,53.5,True,False,22.921,30.388,31.256,6.123999999999995,False,1.0,85.40671875,13.723649734914796,79.133,133.88,6.965718749999997,54,0.8615595811388194,Outlier
STR,Williams,24,83.537,Medium,4,2,1,15.8,53.5,True,False,23.503,31.414,28.62,5.096000000000004,True,11.0,88.09791935483871,12.804433375802189,82.095,132.536,9.656919354838706,53,0.8731007451334295,Normal
VER,Red Bull Racing,25,81.29,Soft,27,1,1,15.8,53.5,True,False,23.262,30.494,27.534,2.8490000000000038,True,3.0,85.742796875,13.646163597375615,79.422,133.094,7.301796874999997,55,0.8626994031075669,Normal
RIC,Red Bull Racing,25,81.736,Soft,27,1,1,15.8,53.5,True,False,23.348,30.743,27.645,3.2950000000000017,True,5.0,86.08671875,13.89064366898419,78.441,133.445,7.645718749999997,55,0.8610621111330041,Normal
VET,Ferrari,25,81.235,Medium,8,2,1,15.8,53.5,True,False,23.155,30.368,27.712,2.793999999999997,True,4.0,85.82003125,14.32964119996181,79.128,133.906,7.379031249999997,55,0.8569177427203131,Normal
BOT,Mercedes,25,81.347,Medium,6,2,1,15.8,53.5,True,False,22.875,30.447,28.025,2.9059999999999917,True,2.0,85.678171875,13.61455356286139,79.478,132.666,7.237171874999997,54,0.8628846826106958,Normal
MAG,Haas F1 Team,25,83.194,Soft,28,1,1,15.8,53.5,True,False,23.696,31.331,28.167,4.753,True,6.0,86.92490476190477,12.994465063291594,80.246,133.292,8.483904761904759,54,0.8699504902200171,Normal
SAI,Renault,25,87.618,Soft,28,1,1,15.8,53.5,True,False,23.827,31.696,32.095,9.176999999999992,False,7.0,87.4861746031746,12.98032991098663,81.324,133.005,9.0451746031746,53,0.8707994273936643,Outlier
OCO,Force India,25,83.716,Soft,24,1,1,15.8,53.2,True,False,23.572,31.466,28.678,5.2749999999999915,True,16.0,90.35027777777778,15.854238954769182,82.117,131.58,11.909277777777776,29,0.8507197297955355,Normal
PER,Force India,25,84.624,Soft,24,1,1,15.8,53.2,True,False,23.726,31.828,29.07,6.182999999999993,True,9.0,87.92024193548387,13.486412297027917,81.128,134.212,9.479241935483868,53,0.867006633843718,Normal
VAN,McLaren,25,83.925,Soft,27,1,1,15.8,53.2,True,False,23.806,31.501,28.618,5.483999999999995,True,15.0,90.58237209302325,14.856098931997522,82.594,134.185,12.141372093023255,34,0.859101722667506,Normal
RAI,Ferrari,25,130.735,Soft,27,1,1,15.8,53.2,True,False,44.501,43.659,42.575,52.29400000000001,False,17.0,93.1474347826087,20.436790892510245,81.531,133.153,14.706434782608692,18,0.8200736874241243,Outlier
ERI,Sauber,25,83.472,Medium,24,1,1,15.8,53.2,True,False,23.593,31.318,28.561,5.030999999999992,True,13.0,88.25245161290323,12.736792256020752,82.487,134.428,9.811451612903223,52,0.8738797146302818,Normal
LEC,Sauber,25,83.012,Medium,5,2,1,15.8,53.2,True,False,23.305,31.593,28.114,4.570999999999998,True,10.0,88.07000000000001,12.804455411826083,82.122,131.588,9.628999999999998,52,0.8730654320803901,Normal
HAR,Toro Rosso,25,85.381,Medium,21,2,1,15.8,53.2,True,False,24.545,31.942,28.894,6.939999999999998,True,12.0,88.17641935483871,12.868808203379087,81.439,135.104,9.735419354838708,52,0.8726430875128204,Normal
ALO,McLaren,25,84.482,Medium,4,2,1,15.8,53.2,True,False,23.659,32.079,28.744,6.040999999999997,True,8.0,87.46238095238095,12.79393185601695,80.727,132.147,9.02138095238095,53,0.8723877679356937,Normal
STR,Williams,25,83.001,Medium,5,2,1,15.8,53.2,True,False,23.543,31.235,28.223,4.560000000000002,True,11.0,88.09791935483871,12.804433375802189,82.095,132.536,9.656919354838706,53,0.8731007451334295,Normal
SIR,Williams,25,103.641,Medium,3,3,1,15.8,53.2,True,False,43.107,31.931,28.603,25.200000000000003,False,14.0,90.35001612903226,15.115628150255102,82.68,149.412,11.909016129032256,50,0.8566772312106977,Outlier
VER,Red Bull Racing,26,81.192,Soft,28,1,1,15.8,53.2,True,False,23.261,30.503,27.428,2.7509999999999906,True,3.0,85.742796875,13.646163597375615,79.422,133.094,7.301796874999997,55,0.8626994031075669,Normal
HAM,Mercedes,26,100.689,Medium,1,2,1,15.8,53.2,True,False,42.074,30.567,28.048,22.24799999999999,False,1.0,85.40671875,13.723649734914796,79.133,133.88,6.965718749999997,54,0.8615595811388194,Outlier
RIC,Red Bull Racing,26,82.592,Soft,28,1,1,15.8,53.2,True,False,23.51,31.051,28.031,4.150999999999996,True,5.0,86.08671875,13.89064366898419,78.441,133.445,7.645718749999997,55,0.8610621111330041,Normal
VET,Ferrari,26,81.04,Medium,9,2,1,15.8,53.2,True,False,23.068,30.428,27.544,2.5990000000000038,True,4.0,85.82003125,14.32964119996181,79.128,133.906,7.379031249999997,55,0.8569177427203131,Normal
BOT,Mercedes,26,80.94,Medium,7,2,1,15.8,53.2,True,False,22.646,30.49,27.804,2.4989999999999952,True,2.0,85.678171875,13.61455356286139,79.478,132.666,7.237171874999997,54,0.8628846826106958,Normal
MAG,Haas F1 Team,26,83.129,Soft,29,1,1,15.8,54.1,True,False,23.656,31.255,28.218,4.688000000000002,True,6.0,86.92490476190477,12.994465063291594,80.246,133.292,8.483904761904759,54,0.8699504902200171,Normal
OCO,Force India,26,83.34,Soft,25,1,1,15.8,54.1,True,False,23.672,31.376,28.292,4.899000000000001,True,16.0,90.35027777777778,15.854238954769182,82.117,131.58,11.909277777777776,29,0.8507197297955355,Normal
VAN,McLaren,26,84.203,Soft,28,1,1,15.8,54.1,True,False,23.581,31.612,29.01,5.7620000000000005,True,15.0,90.58237209302325,14.856098931997522,82.594,134.185,12.141372093023255,34,0.859101722667506,Normal
ERI,Sauber,26,83.741,Medium,25,1,1,15.8,54.1,True,False,23.614,31.462,28.665,5.299999999999997,True,13.0,88.25245161290323,12.736792256020752,82.487,134.428,9.811451612903223,52,0.8738797146302818,Normal
SAI,Renault,26,101.99,Medium,1,2,1,15.8,54.1,True,False,42.473,31.393,28.124,23.548999999999992,False,7.0,87.4861746031746,12.98032991098663,81.324,133.005,9.0451746031746,53,0.8707994273936643,Outlier
PER,Force India,26,88.302,Soft,25,1,1,15.8,54.1,True,False,23.799,31.773,32.73,9.861000000000004,False,9.0,87.92024193548387,13.486412297027917,81.128,134.212,9.479241935483868,53,0.867006633843718,Outlier
LEC,Sauber,26,82.962,Medium,6,2,1,15.8,54.1,True,False,23.495,31.176,28.291,4.521000000000001,True,10.0,88.07000000000001,12.804455411826083,82.122,131.588,9.628999999999998,52,0.8730654320803901,Normal
ALO,McLaren,26,82.594,Medium,5,2,1,15.8,54.1,True,False,23.062,31.106,28.426,4.152999999999992,True,8.0,87.46238095238095,12.79393185601695,80.727,132.147,9.02138095238095,53,0.8723877679356937,Normal
HAR,Toro Rosso,26,85.172,Medium,22,2,1,15.8,54.1,True,False,24.301,31.801,29.07,6.7309999999999945,True,12.0,88.17641935483871,12.868808203379087,81.439,135.104,9.735419354838708,52,0.8726430875128204,Normal
STR,Williams,26,83.139,Medium,6,2,1,15.8,54.1,True,False,23.377,31.234,28.528,4.697999999999993,True,11.0,88.09791935483871,12.804433375802189,82.095,132.536,9.656919354838706,53,0.8731007451334295,Normal
SIR,Williams,26,82.97,Medium,4,3,1,15.8,53.7,True,False,23.426,31.182,28.362,4.528999999999996,True,14.0,90.35001612903226,15.115628150255102,82.68,149.412,11.909016129032256,50,0.8566772312106977,Normal
VER,Red Bull Racing,27,81.37,Soft,29,1,1,15.8,53.7,True,False,23.113,30.463,27.794,2.929000000000002,True,3.0,85.742796875,13.646163597375615,79.422,133.094,7.301796874999997,55,0.8626994031075669,Normal
HAM,Mercedes,27,80.131,Medium,2,2,1,15.8,53.7,True,False,22.772,30.118,27.241,1.6899999999999977,True,1.0,85.40671875,13.723649734914796,79.133,133.88,6.965718749999997,54,0.8615595811388194,Normal
RIC,Red Bull Racing,27,82.008,Soft,29,1,1,15.8,53.7,True,False,23.446,30.825,27.737,3.566999999999993,True,5.0,86.08671875,13.89064366898419,78.441,133.445,7.645718749999997,55,0.8610621111330041,Normal
VET,Ferrari,27,80.864,Medium,10,2,1,15.8,53.7,True,False,23.008,30.315,27.541,2.423000000000002,True,4.0,85.82003125,14.32964119996181,79.128,133.906,7.379031249999997,55,0.8569177427203131,Normal
BOT,Mercedes,27,80.857,Medium,8,2,1,15.8,53.7,True,False,22.588,30.339,27.93,2.415999999999997,True,2.0,85.678171875,13.61455356286139,79.478,132.666,7.237171874999997,54,0.8628846826106958,Normal
MAG,Haas F1 Team,27,82.8,Soft,30,1,1,15.8,53.7,True,False,23.595,31.075,28.13,4.358999999999995,True,6.0,86.92490476190477,12.994465063291594,80.246,133.292,8.483904761904759,54,0.8699504902200171,Normal
OCO,Force India,27,83.448,Soft,26,1,1,15.8,53.7,True,False,23.607,31.504,28.337,5.006999999999991,True,16.0,90.35027777777778,15.854238954769182,82.117,131.58,11.909277777777776,29,0.8507197297955355,Normal
VAN,McLaren,27,83.269,Soft,29,1,1,15.8,53.7,True,False,23.401,31.357,28.511,4.828000000000003,True,15.0,90.58237209302325,14.856098931997522,82.594,134.185,12.141372093023255,34,0.859101722667506,Normal
ERI,Sauber,27,83.524,Medium,26,1,1,15.9,53.3,True,False,23.545,31.411,28.568,5.082999999999998,True,13.0,88.25245161290323,12.736792256020752,82.487,134.428,9.811451612903223,52,0.8738797146302818,Normal
SAI,Renault,27,83.133,Medium,2,2,1,15.9,53.3,True,False,23.325,31.327,28.481,4.691999999999993,True,7.0,87.4861746031746,12.98032991098663,81.324,133.005,9.0451746031746,53,0.8707994273936643,Normal
LEC,Sauber,27,83.047,Medium,7,2,1,15.9,53.3,True,False,23.6,31.144,28.303,4.6059999999999945,True,10.0,88.07000000000001,12.804455411826083,82.122,131.588,9.628999999999998,52,0.8730654320803901,Normal
ALO,McLaren,27,82.669,Medium,6,2,1,15.9,53.3,True,False,23.396,30.978,28.295,4.227999999999994,True,8.0,87.46238095238095,12.79393185601695,80.727,132.147,9.02138095238095,53,0.8723877679356937,Normal
HAR,Toro Rosso,27,83.735,Medium,23,2,1,15.9,53.3,True,False,23.545,31.564,28.626,5.293999999999997,True,12.0,88.17641935483871,12.868808203379087,81.439,135.104,9.735419354838708,52,0.8726430875128204,Normal
STR,Williams,27,83.0,Medium,7,2,1,15.9,53.3,True,False,23.49,31.248,28.262,4.5589999999999975,True,11.0,88.09791935483871,12.804433375802189,82.095,132.536,9.656919354838706,53,0.8731007451334295,Normal
PER,Force India,27,101.614,Medium,1,2,1,15.9,53.3,True,False,42.401,31.118,28.095,23.173000000000002,False,9.0,87.92024193548387,13.486412297027917,81.128,134.212,9.479241935483868,53,0.867006633843718,Outlier
VER,Red Bull Racing,28,80.603,Soft,30,1,1,15.9,53.3,True,False,22.741,30.475,27.387,2.161999999999992,True,3.0,85.742796875,13.646163597375615,79.422,133.094,7.301796874999997,55,0.8626994031075669,Normal
HAM,Mercedes,28,80.711,Medium,3,2,1,15.9,53.3,True,False,22.849,30.573,27.289,2.269999999999996,True,1.0,85.40671875,13.723649734914796,79.133,133.88,6.965718749999997,54,0.8615595811388194,Normal
SIR,Williams,27,86.622,Medium,5,3,1,15.9,53.3,True,False,24.957,33.241,28.424,8.180999999999997,True,14.0,90.35001612903226,15.115628150255102,82.68,149.412,11.909016129032256,50,0.8566772312106977,Normal
RIC,Red Bull Racing,28,82.041,Soft,30,1,1,15.9,53.3,True,False,23.207,30.756,28.078,3.5999999999999943,True,5.0,86.08671875,13.89064366898419,78.441,133.445,7.645718749999997,55,0.8610621111330041,Normal
VET,Ferrari,28,80.929,Medium,11,2,1,15.9,53.3,True,False,22.98,30.41,27.539,2.4879999999999995,True,4.0,85.82003125,14.32964119996181,79.128,133.906,7.379031249999997,55,0.8569177427203131,Normal
BOT,Mercedes,28,81.015,Medium,9,2,1,15.9,53.3,True,False,22.667,30.433,27.915,2.573999999999998,True,2.0,85.678171875,13.61455356286139,79.478,132.666,7.237171874999997,54,0.8628846826106958,Normal
MAG,Haas F1 Team,28,82.587,Soft,31,1,1,15.9,53.3,True,False,23.585,31.024,27.978,4.146000000000001,True,6.0,86.92490476190477,12.994465063291594,80.246,133.292,8.483904761904759,54,0.8699504902200171,Normal
OCO,Force India,28,83.585,Soft,27,1,1,15.7,53.3,True,False,23.656,31.596,28.333,5.143999999999991,True,16.0,90.35027777777778,15.854238954769182,82.117,131.58,11.909277777777776,29,0.8507197297955355,Normal
VAN,McLaren,28,83.446,Soft,30,1,1,15.7,53.3,True,False,23.807,31.333,28.306,5.0049999999999955,True,15.0,90.58237209302325,14.856098931997522,82.594,134.185,12.141372093023255,34,0.859101722667506,Normal
ERI,Sauber,28,84.56,Medium,27,1,1,15.7,53.3,True,False,24.318,31.745,28.497,6.119,True,13.0,88.25245161290323,12.736792256020752,82.487,134.428,9.811451612903223,52,0.8738797146302818,Normal
SAI,Renault,28,84.557,Medium,3,2,1,15.7,53.3,True,False,24.248,31.678,28.631,6.116,True,7.0,87.4861746031746,12.98032991098663,81.324,133.005,9.0451746031746,53,0.8707994273936643,Normal
LEC,Sauber,28,83.625,Medium,8,2,1,15.7,53.3,True,False,23.427,31.45,28.748,5.1839999999999975,True,10.0,88.07000000000001,12.804455411826083,82.122,131.588,9.628999999999998,52,0.8730654320803901,Normal
ALO,McLaren,28,82.876,Medium,7,2,1,15.7,53.3,True,False,23.281,30.944,28.651,4.435000000000002,True,8.0,87.46238095238095,12.79393185601695,80.727,132.147,9.02138095238095,53,0.8723877679356937,Normal
HAR,Toro Rosso,28,83.475,Medium,24,2,1,15.7,53.3,True,False,23.568,31.409,28.498,5.033999999999992,True,12.0,88.17641935483871,12.868808203379087,81.439,135.104,9.735419354838708,52,0.8726430875128204,Normal
STR,Williams,28,83.128,Medium,8,2,1,15.7,53.3,True,False,23.381,31.291,28.456,4.686999999999998,True,11.0,88.09791935483871,12.804433375802189,82.095,132.536,9.656919354838706,53,0.8731007451334295,Normal
PER,Force India,28,82.245,Medium,2,2,1,15.7,53.3,True,False,23.286,31.089,27.87,3.804000000000002,True,9.0,87.92024193548387,13.486412297027917,81.128,134.212,9.479241935483868,53,0.867006633843718,Normal
VER,Red Bull Racing,29,81.396,Soft,31,1,1,15.7,53.3,True,False,23.245,30.66,27.491,2.9549999999999983,True,3.0,85.742796875,13.646163597375615,79.422,133.094,7.301796874999997,55,0.8626994031075669,Normal
HAM,Mercedes,29,80.713,Medium,4,2,1,15.7,53.3,True,False,23.086,30.165,27.462,2.2719999999999914,True,1.0,85.40671875,13.723649734914796,79.133,133.88,6.965718749999997,54,0.8615595811388194,Normal
RIC,Red Bull Racing,29,82.459,Soft,31,1,1,15.7,53.3,True,False,23.312,30.882,28.265,4.018000000000001,True,5.0,86.08671875,13.89064366898419,78.441,133.445,7.645718749999997,55,0.8610621111330041,Normal
SIR,Williams,28,85.144,Medium,6,3,1,15.7,53.3,True,False,23.442,31.331,30.371,6.703000000000003,True,14.0,90.35001612903226,15.115628150255102,82.68,149.412,11.909016129032256,50,0.8566772312106977,Normal
VET,Ferrari,29,81.419,Medium,12,2,1,15.7,53.3,True,False,23.076,30.489,27.854,2.9779999999999944,True,4.0,85.82003125,14.32964119996181,79.128,133.906,7.379031249999997,55,0.8569177427203131,Normal
BOT,Mercedes,29,81.319,Medium,10,2,1,15.7,53.3,True,False,22.8,30.436,28.083,2.878,True,2.0,85.678171875,13.61455356286139,79.478,132.666,7.237171874999997,54,0.8628846826106958,Normal
MAG,Haas F1 Team,29,82.505,Soft,32,1,1,15.7,53.3,True,False,23.546,30.824,28.135,4.063999999999993,True,6.0,86.92490476190477,12.994465063291594,80.246,133.292,8.483904761904759,54,0.8699504902200171,Normal
OCO,Force India,29,87.102,Soft,28,1,1,15.7,53.3,True,False,23.76,31.48,31.862,8.661000000000001,False,16.0,90.35027777777778,15.854238954769182,82.117,131.58,11.909277777777776,29,0.8507197297955355,Outlier
VAN,McLaren,29,83.392,Soft,31,1,1,15.7,53.3,True,False,23.862,31.173,28.357,4.950999999999993,True,15.0,90.58237209302325,14.856098931997522,82.594,134.185,12.141372093023255,34,0.859101722667506,Normal
ERI,Sauber,29,83.775,Medium,28,1,1,15.7,53.3,True,False,23.992,31.347,28.436,5.334000000000003,True,13.0,88.25245161290323,12.736792256020752,82.487,134.428,9.811451612903223,52,0.8738797146302818,Normal
SAI,Renault,29,84.037,Medium,4,2,1,15.7,53.3,True,False,23.878,31.503,28.656,5.596000000000004,True,7.0,87.4861746031746,12.98032991098663,81.324,133.005,9.0451746031746,53,0.8707994273936643,Normal
LEC,Sauber,29,84.207,Medium,9,2,1,15.7,53.3,True,False,23.639,31.594,28.974,5.765999999999991,True,10.0,88.07000000000001,12.804455411826083,82.122,131.588,9.628999999999998,52,0.8730654320803901,Normal
ALO,McLaren,29,84.137,Medium,8,2,1,15.7,53.3,True,False,23.548,31.544,29.045,5.695999999999998,True,8.0,87.46238095238095,12.79393185601695,80.727,132.147,9.02138095238095,53,0.8723877679356937,Normal
HAR,Toro Rosso,29,83.522,Medium,25,2,1,15.7,53.3,True,False,23.509,31.439,28.574,5.081000000000003,True,12.0,88.17641935483871,12.868808203379087,81.439,135.104,9.735419354838708,52,0.8726430875128204,Normal
STR,Williams,29,83.177,Medium,9,2,1,15.7,53.3,True,False,23.504,31.256,28.417,4.736000000000004,True,11.0,88.09791935483871,12.804433375802189,82.095,132.536,9.656919354838706,53,0.8731007451334295,Normal
PER,Force India,29,82.105,Medium,3,2,1,15.6,53.8,True,False,23.196,30.932,27.977,3.6640000000000015,True,9.0,87.92024193548387,13.486412297027917,81.128,134.212,9.479241935483868,53,0.867006633843718,Normal
VER,Red Bull Racing,30,81.372,Soft,32,1,1,15.6,53.8,True,False,23.181,30.487,27.704,2.9309999999999974,True,3.0,85.742796875,13.646163597375615,79.422,133.094,7.301796874999997,55,0.8626994031075669,Normal
HAM,Mercedes,30,81.074,Medium,5,2,1,15.6,53.8,True,False,22.809,30.364,27.901,2.6329999999999956,True,1.0,85.40671875,13.723649734914796,79.133,133.88,6.965718749999997,54,0.8615595811388194,Normal
RIC,Red Bull Racing,30,81.403,Soft,32,1,1,15.6,53.8,True,False,23.229,30.478,27.696,2.9620000000000033,True,5.0,86.08671875,13.89064366898419,78.441,133.445,7.645718749999997,55,0.8610621111330041,Normal
SIR,Williams,29,83.875,Medium,7,3,1,15.6,53.8,True,False,23.873,31.457,28.545,5.4339999999999975,True,14.0,90.35001612903226,15.115628150255102,82.68,149.412,11.909016129032256,50,0.8566772312106977,Normal
VET,Ferrari,30,81.202,Medium,13,2,1,15.6,53.8,True,False,23.013,30.307,27.882,2.7609999999999957,True,4.0,85.82003125,14.32964119996181,79.128,133.906,7.379031249999997,55,0.8569177427203131,Normal
BOT,Mercedes,30,81.445,Medium,11,2,1,15.6,53.8,True,False,22.907,30.526,28.012,3.0039999999999907,True,2.0,85.678171875,13.61455356286139,79.478,132.666,7.237171874999997,54,0.8628846826106958,Normal
MAG,Haas F1 Team,30,82.733,Soft,33,1,1,15.6,53.8,True,False,23.562,31.102,28.069,4.292000000000002,True,6.0,86.92490476190477,12.994465063291594,80.246,133.292,8.483904761904759,54,0.8699504902200171,Normal
VAN,McLaren,30,83.479,Soft,32,1,1,15.6,54.5,True,False,23.83,31.215,28.434,5.037999999999997,True,15.0,90.58237209302325,14.856098931997522,82.594,134.185,12.141372093023255,34,0.859101722667506,Normal
ERI,Sauber,30,83.387,Medium,29,1,1,15.6,54.5,True,False,23.594,31.346,28.447,4.945999999999998,True,13.0,88.25245161290323,12.736792256020752,82.487,134.428,9.811451612903223,52,0.8738797146302818,Normal
SAI,Renault,30,83.11,Medium,5,2,1,15.6,54.5,True,False,23.388,31.263,28.459,4.668999999999997,True,7.0,87.4861746031746,12.98032991098663,81.324,133.005,9.0451746031746,53,0.8707994273936643,Normal
LEC,Sauber,30,83.531,Medium,10,2,1,15.6,54.5,True,False,23.646,31.371,28.514,5.090000000000003,True,10.0,88.07000000000001,12.804455411826083,82.122,131.588,9.628999999999998,52,0.8730654320803901,Normal
ALO,McLaren,30,83.648,Medium,9,2,1,15.6,54.5,True,False,23.685,31.377,28.586,5.206999999999994,True,8.0,87.46238095238095,12.79393185601695,80.727,132.147,9.02138095238095,53,0.8723877679356937,Normal
HAR,Toro Rosso,30,83.696,Medium,26,2,1,15.6,54.5,True,False,23.569,31.528,28.599,5.2549999999999955,True,12.0,88.17641935483871,12.868808203379087,81.439,135.104,9.735419354838708,52,0.8726430875128204,Normal
STR,Williams,30,83.093,Medium,10,2,1,15.6,54.5,True,False,23.47,31.322,28.301,4.652000000000001,True,11.0,88.09791935483871,12.804433375802189,82.095,132.536,9.656919354838706,53,0.8731007451334295,Normal
PER,Force India,30,82.073,Medium,4,2,1,15.6,54.5,True,False,23.156,30.885,28.032,3.631999999999991,True,9.0,87.92024193548387,13.486412297027917,81.128,134.212,9.479241935483868,53,0.867006633843718,Normal
VER,Red Bull Racing,31,81.366,Soft,33,1,1,15.6,54.5,True,False,23.113,30.626,27.627,2.924999999999997,True,3.0,85.742796875,13.646163597375615,79.422,133.094,7.301796874999997,55,0.8626994031075669,Normal
HAM,Mercedes,31,80.948,Medium,6,2,1,15.6,54.5,True,False,22.768,30.404,27.776,2.506999999999991,True,1.0,85.40671875,13.723649734914796,79.133,133.88,6.965718749999997,54,0.8615595811388194,Normal
RIC,Red Bull Racing,31,81.285,Soft,33,1,1,15.6,54.5,True,False,23.233,30.43,27.622,2.843999999999994,True,5.0,86.08671875,13.89064366898419,78.441,133.445,7.645718749999997,55,0.8610621111330041,Normal
VET,Ferrari,31,81.585,Medium,14,2,1,15.6,54.5,True,False,23.068,30.746,27.771,3.1439999999999912,True,4.0,85.82003125,14.32964119996181,79.128,133.906,7.379031249999997,55,0.8569177427203131,Normal
BOT,Mercedes,31,82.081,Medium,12,2,1,15.6,54.5,True,False,22.801,31.09,28.19,3.6400000000000006,True,2.0,85.678171875,13.61455356286139,79.478,132.666,7.237171874999997,54,0.8628846826106958,Normal
SIR,Williams,30,86.818,Medium,8,3,1,15.6,54.5,True,False,23.494,33.497,29.827,8.376999999999995,True,14.0,90.35001612903226,15.115628150255102,82.68,149.412,11.909016129032256,50,0.8566772312106977,Normal
OCO,Force India,30,127.59,Medium,1,2,1,15.6,54.5,True,False,68.321,31.191,28.078,49.149,False,16.0,90.35027777777778,15.854238954769182,82.117,131.58,11.909277777777776,29,0.8507197297955355,Outlier
MAG,Haas F1 Team,31,82.771,Soft,34,1,1,15.7,54.7,True,False,23.612,30.981,28.178,4.329999999999998,True,6.0,86.92490476190477,12.994465063291594,80.246,133.292,8.483904761904759,54,0.8699504902200171,Normal
VAN,McLaren,31,83.471,Soft,33,1,1,15.7,54.7,True,False,23.79,31.122,28.559,5.030000000000001,True,15.0,90.58237209302325,14.856098931997522,82.594,134.185,12.141372093023255,34,0.859101722667506,Normal
ERI,Sauber,31,83.63,Medium,30,1,1,15.7,54.7,True,False,24.004,31.193,28.433,5.188999999999993,True,13.0,88.25245161290323,12.736792256020752,82.487,134.428,9.811451612903223,52,0.8738797146302818,Normal
SAI,Renault,31,84.076,Medium,6,2,1,15.7,54.7,True,False,24.082,31.708,28.286,5.634999999999991,True,7.0,87.4861746031746,12.98032991098663,81.324,133.005,9.0451746031746,53,0.8707994273936643,Normal
LEC,Sauber,31,83.943,Medium,11,2,1,15.7,54.7,True,False,23.494,31.61,28.839,5.501999999999995,True,10.0,88.07000000000001,12.804455411826083,82.122,131.588,9.628999999999998,52,0.8730654320803901,Normal
ALO,McLaren,31,83.924,Medium,10,2,1,15.7,54.7,True,False,23.533,31.415,28.976,5.483000000000004,True,8.0,87.46238095238095,12.79393185601695,80.727,132.147,9.02138095238095,53,0.8723877679356937,Normal
HAR,Toro Rosso,31,83.623,Medium,27,2,1,15.7,54.7,True,False,23.493,31.474,28.656,5.182000000000002,True,12.0,88.17641935483871,12.868808203379087,81.439,135.104,9.735419354838708,52,0.8726430875128204,Normal
STR,Williams,31,83.118,Medium,11,2,1,15.7,54.7,True,False,23.475,31.236,28.407,4.6769999999999925,True,11.0,88.09791935483871,12.804433375802189,82.095,132.536,9.656919354838706,53,0.8731007451334295,Normal
VER,Red Bull Racing,32,81.232,Soft,34,1,1,15.7,54.7,True,False,23.153,30.697,27.382,2.790999999999997,True,3.0,85.742796875,13.646163597375615,79.422,133.094,7.301796874999997,55,0.8626994031075669,Normal
HAM,Mercedes,32,81.6,Medium,7,2,1,15.7,54.7,True,False,23.081,30.64,27.879,3.158999999999992,True,1.0,85.40671875,13.723649734914796,79.133,133.88,6.965718749999997,54,0.8615595811388194,Normal
PER,Force India,31,85.369,Medium,5,2,1,15.7,54.7,True,False,24.227,32.805,28.337,6.927999999999997,True,9.0,87.92024193548387,13.486412297027917,81.128,134.212,9.479241935483868,53,0.867006633843718,Normal
RIC,Red Bull Racing,32,81.312,Soft,34,1,1,15.7,54.7,True,False,23.203,30.46,27.649,2.870999999999995,True,5.0,86.08671875,13.89064366898419,78.441,133.445,7.645718749999997,55,0.8610621111330041,Normal
VET,Ferrari,32,81.04,Medium,15,2,1,15.7,54.7,True,False,23.123,30.238,27.679,2.5990000000000038,True,4.0,85.82003125,14.32964119996181,79.128,133.906,7.379031249999997,55,0.8569177427203131,Normal
BOT,Mercedes,32,80.844,Medium,13,2,1,15.7,54.7,True,False,22.766,30.352,27.726,2.4029999999999916,True,2.0,85.678171875,13.61455356286139,79.478,132.666,7.237171874999997,54,0.8628846826106958,Normal
SIR,Williams,31,83.132,Medium,9,3,1,15.7,54.7,True,False,23.543,31.165,28.424,4.6910000000000025,True,14.0,90.35001612903226,15.115628150255102,82.68,149.412,11.909016129032256,50,0.8566772312106977,Normal
OCO,Force India,31,82.922,Medium,2,2,1,15.7,54.7,True,False,23.625,31.213,28.084,4.4809999999999945,True,16.0,90.35027777777778,15.854238954769182,82.117,131.58,11.909277777777776,29,0.8507197297955355,Normal
MAG,Haas F1 Team,32,86.628,Soft,35,1,1,15.7,54.7,True,False,23.528,31.373,31.727,8.186999999999998,False,6.0,86.92490476190477,12.994465063291594,80.246,133.292,8.483904761904759,54,0.8699504902200171,Outlier
VAN,McLaren,32,83.61,Soft,34,1,1,15.7,54.7,True,False,23.781,31.147,28.682,5.168999999999997,True,15.0,90.58237209302325,14.856098931997522,82.594,134.185,12.141372093023255,34,0.859101722667506,Normal
ERI,Sauber,32,83.027,Medium,31,1,1,15.7,54.7,True,False,23.467,31.207,28.353,4.5859999999999985,True,13.0,88.25245161290323,12.736792256020752,82.487,134.428,9.811451612903223,52,0.8738797146302818,Normal
SAI,Renault,32,82.926,Medium,7,2,1,15.7,54.7,True,False,23.422,31.306,28.198,4.484999999999999,True,7.0,87.4861746031746,12.98032991098663,81.324,133.005,9.0451746031746,53,0.8707994273936643,Normal
LEC,Sauber,32,83.429,Medium,12,2,1,15.8,54.4,True,False,23.581,31.469,28.379,4.9879999999999995,True,10.0,88.07000000000001,12.804455411826083,82.122,131.588,9.628999999999998,52,0.8730654320803901,Normal
ALO,McLaren,32,84.856,Medium,11,2,1,15.8,54.4,True,False,23.629,32.698,28.529,6.414999999999992,True,8.0,87.46238095238095,12.79393185601695,80.727,132.147,9.02138095238095,53,0.8723877679356937,Normal
HAR,Toro Rosso,32,83.881,Medium,28,2,1,15.8,54.4,True,False,23.514,31.628,28.739,5.439999999999998,True,12.0,88.17641935483871,12.868808203379087,81.439,135.104,9.735419354838708,52,0.8726430875128204,Normal
STR,Williams,32,83.073,Medium,12,2,1,15.8,54.4,True,False,23.361,31.203,28.509,4.631999999999991,True,11.0,88.09791935483871,12.804433375802189,82.095,132.536,9.656919354838706,53,0.8731007451334295,Normal
VER,Red Bull Racing,33,81.501,Soft,35,1,1,15.8,54.4,True,False,23.115,30.624,27.762,3.0600000000000023,True,3.0,85.742796875,13.646163597375615,79.422,133.094,7.301796874999997,55,0.8626994031075669,Normal
HAM,Mercedes,33,81.228,Medium,8,2,1,15.8,54.4,True,False,22.656,30.4,28.172,2.786999999999992,True,1.0,85.40671875,13.723649734914796,79.133,133.88,6.965718749999997,54,0.8615595811388194,Normal
PER,Force India,32,82.223,Medium,6,2,1,15.8,54.4,True,False,23.197,31.014,28.012,3.7819999999999965,True,9.0,87.92024193548387,13.486412297027917,81.128,134.212,9.479241935483868,53,0.867006633843718,Normal
RIC,Red Bull Racing,33,84.538,Soft,35,1,1,15.8,54.4,True,False,23.161,30.387,30.99,6.096999999999994,False,5.0,86.08671875,13.89064366898419,78.441,133.445,7.645718749999997,55,0.8610621111330041,Outlier
VET,Ferrari,33,80.716,Medium,16,2,1,15.8,54.4,True,False,22.948,30.185,27.583,2.2749999999999915,True,4.0,85.82003125,14.32964119996181,79.128,133.906,7.379031249999997,55,0.8569177427203131,Normal
BOT,Mercedes,33,80.847,Medium,14,2,1,15.8,54.4,True,False,22.623,30.318,27.906,2.4059999999999917,True,2.0,85.678171875,13.61455356286139,79.478,132.666,7.237171874999997,54,0.8628846826106958,Normal
SIR,Williams,32,83.257,Medium,10,3,1,15.8,54.4,True,False,23.464,31.182,28.611,4.8160000000000025,True,14.0,90.35001612903226,15.115628150255102,82.68,149.412,11.909016129032256,50,0.8566772312106977,Normal
OCO,Force India,32,82.666,Medium,3,2,1,15.8,54.4,True,False,23.332,31.216,28.118,4.224999999999994,True,16.0,90.35027777777778,15.854238954769182,82.117,131.58,11.909277777777776,29,0.8507197297955355,Normal
MAG,Haas F1 Team,33,102.22,Medium,1,2,1,15.6,54.0,True,False,43.344,31.142,27.734,23.778999999999996,False,6.0,86.92490476190477,12.994465063291594,80.246,133.292,8.483904761904759,54,0.8699504902200171,Outlier
VAN,McLaren,33,83.65,Soft,35,1,1,15.6,54.0,True,False,23.738,31.317,28.595,5.209000000000003,True,15.0,90.58237209302325,14.856098931997522,82.594,134.185,12.141372093023255,34,0.859101722667506,Normal
ERI,Sauber,33,83.163,Medium,32,1,1,15.6,54.0,True,False,23.492,31.239,28.432,4.721999999999994,True,13.0,88.25245161290323,12.736792256020752,82.487,134.428,9.811451612903223,52,0.8738797146302818,Normal
SAI,Renault,33,82.837,Medium,8,2,1,15.6,54.0,True,False,23.236,31.173,28.428,4.396000000000001,True,7.0,87.4861746031746,12.98032991098663,81.324,133.005,9.0451746031746,53,0.8707994273936643,Normal
LEC,Sauber,33,82.84,Medium,13,2,1,15.6,54.0,True,False,23.485,31.129,28.226,4.399000000000001,True,10.0,88.07000000000001,12.804455411826083,82.122,131.588,9.628999999999998,52,0.8730654320803901,Normal
ALO,McLaren,33,82.651,Medium,12,2,1,15.6,54.0,True,False,23.265,31.014,28.372,4.209999999999994,True,8.0,87.46238095238095,12.79393185601695,80.727,132.147,9.02138095238095,53,0.8723877679356937,Normal
HAM,Mercedes,34,81.854,Medium,9,2,1,15.6,54.0,True,False,23.59,30.722,27.542,3.4129999999999967,True,1.0,85.40671875,13.723649734914796,79.133,133.88,6.965718749999997,54,0.8615595811388194,Normal
HAR,Toro Rosso,33,86.966,Medium,29,2,1,15.6,54.0,True,False,23.588,31.436,31.942,8.524999999999991,False,12.0,88.17641935483871,12.868808203379087,81.439,135.104,9.735419354838708,52,0.8726430875128204,Outlier
VER,Red Bull Racing,34,84.621,Soft,36,1,1,15.6,54.0,True,False,22.858,30.664,31.099,6.179999999999993,False,3.0,85.742796875,13.646163597375615,79.422,133.094,7.301796874999997,55,0.8626994031075669,Outlier
STR,Williams,33,86.133,Medium,13,2,1,15.6,54.0,True,False,25.371,32.343,28.419,7.691999999999993,True,11.0,88.09791935483871,12.804433375802189,82.095,132.536,9.656919354838706,53,0.8731007451334295,Normal
PER,Force India,33,82.4,Medium,7,2,1,15.6,54.0,True,False,23.113,31.202,28.085,3.959000000000003,True,9.0,87.92024193548387,13.486412297027917,81.128,134.212,9.479241935483868,53,0.867006633843718,Normal
VET,Ferrari,34,80.785,Medium,17,2,1,15.6,54.0,True,False,22.999,30.241,27.545,2.343999999999994,True,4.0,85.82003125,14.32964119996181,79.128,133.906,7.379031249999997,55,0.8569177427203131,Normal
BOT,Mercedes,34,80.589,Medium,15,2,1,15.6,54.0,True,False,22.559,30.17,27.86,2.147999999999996,True,2.0,85.678171875,13.61455356286139,79.478,132.666,7.237171874999997,54,0.8628846826106958,Normal
SIR,Williams,33,83.41,Medium,11,3,1,15.6,54.0,True,False,23.821,31.154,28.435,4.968999999999994,True,14.0,90.35001612903226,15.115628150255102,82.68,149.412,11.909016129032256,50,0.8566772312106977,Normal
OCO,Force India,33,83.343,Medium,4,2,1,15.6,54.0,True,False,23.649,31.299,28.395,4.902000000000001,True,16.0,90.35027777777778,15.854238954769182,82.117,131.58,11.909277777777776,29,0.8507197297955355,Normal
RIC,Red Bull Racing,34,99.339,Medium,1,2,1,15.6,54.0,True,False,41.408,30.673,27.258,20.897999999999996,False,5.0,86.08671875,13.89064366898419,78.441,133.445,7.645718749999997,55,0.8610621111330041,Outlier
MAG,Haas F1 Team,34,81.246,Medium,2,2,1,15.6,53.4,True,False,23.29,30.536,27.42,2.8049999999999926,True,6.0,86.92490476190477,12.994465063291594,80.246,133.292,8.483904761904759,54,0.8699504902200171,Normal
ERI,Sauber,34,83.434,Medium,33,1,1,15.6,53.4,True,False,23.869,31.196,28.369,4.992999999999995,True,13.0,88.25245161290323,12.736792256020752,82.487,134.428,9.811451612903223,52,0.8738797146302818,Normal
VAN,McLaren,34,86.531,Soft,36,1,1,15.6,53.4,True,False,23.756,31.041,31.734,8.090000000000003,False,15.0,90.58237209302325,14.856098931997522,82.594,134.185,12.141372093023255,34,0.859101722667506,Outlier
SAI,Renault,34,83.982,Medium,9,2,1,15.6,53.4,True,False,23.887,31.392,28.703,5.540999999999997,True,7.0,87.4861746031746,12.98032991098663,81.324,133.005,9.0451746031746,53,0.8707994273936643,Normal
LEC,Sauber,34,83.227,Medium,14,2,1,15.6,53.4,True,False,23.434,31.336,28.457,4.786000000000001,True,10.0,88.07000000000001,12.804455411826083,82.122,131.588,9.628999999999998,52,0.8730654320803901,Normal
ALO,McLaren,34,82.525,Medium,13,2,1,15.6,53.4,True,False,23.326,30.799,28.4,4.084000000000003,True,8.0,87.46238095238095,12.79393185601695,80.727,132.147,9.02138095238095,53,0.8723877679356937,Normal
HAM,Mercedes,35,80.542,Medium,10,2,1,15.6,53.4,True,False,23.028,30.078,27.436,2.100999999999999,True,1.0,85.40671875,13.723649734914796,79.133,133.88,6.965718749999997,54,0.8615595811388194,Normal
STR,Williams,34,83.113,Medium,14,2,1,15.6,53.4,True,False,23.5,31.197,28.416,4.671999999999997,True,11.0,88.09791935483871,12.804433375802189,82.095,132.536,9.656919354838706,53,0.8731007451334295,Normal
PER,Force India,34,82.781,Medium,8,2,1,15.6,53.4,True,False,23.248,31.153,28.38,4.340000000000003,True,9.0,87.92024193548387,13.486412297027917,81.128,134.212,9.479241935483868,53,0.867006633843718,Normal
VET,Ferrari,35,80.817,Medium,18,2,1,15.7,54.3,True,False,22.979,30.165,27.673,2.3759999999999906,True,4.0,85.82003125,14.32964119996181,79.128,133.906,7.379031249999997,55,0.8569177427203131,Normal
BOT,Mercedes,35,80.951,Medium,16,2,1,15.7,54.3,True,False,22.634,30.216,28.101,2.509999999999991,True,2.0,85.678171875,13.61455356286139,79.478,132.666,7.237171874999997,54,0.8628846826106958,Normal
VER,Red Bull Racing,35,99.586,Medium,1,2,1,15.7,54.3,True,False,41.499,30.734,27.353,21.144999999999996,False,3.0,85.742796875,13.646163597375615,79.422,133.094,7.301796874999997,55,0.8626994031075669,Outlier
HAR,Toro Rosso,34,103.886,Medium,1,3,1,15.7,54.3,True,False,43.457,32.162,28.267,25.444999999999993,False,12.0,88.17641935483871,12.868808203379087,81.439,135.104,9.735419354838708,52,0.8726430875128204,Outlier
SIR,Williams,34,84.387,Medium,12,3,1,15.7,54.3,True,False,23.973,31.6,28.814,5.945999999999998,True,14.0,90.35001612903226,15.115628150255102,82.68,149.412,11.909016129032256,50,0.8566772312106977,Normal
OCO,Force India,34,84.285,Medium,5,2,1,15.7,54.3,True,False,23.811,31.899,28.575,5.843999999999994,True,16.0,90.35027777777778,15.854238954769182,82.117,131.58,11.909277777777776,29,0.8507197297955355,Normal
RIC,Red Bull Racing,35,80.85,Medium,2,2,1,15.7,54.3,True,False,23.005,30.369,27.476,2.408999999999992,True,5.0,86.08671875,13.89064366898419,78.441,133.445,7.645718749999997,55,0.8610621111330041,Normal
MAG,Haas F1 Team,35,81.243,Medium,3,2,1,15.7,54.3,True,False,23.187,30.424,27.632,2.8019999999999925,True,6.0,86.92490476190477,12.994465063291594,80.246,133.292,8.483904761904759,54,0.8699504902200171,Normal
SAI,Renault,35,83.071,Medium,10,2,1,15.8,53.6,True,False,23.627,31.154,28.29,4.6299999999999955,True,7.0,87.4861746031746,12.98032991098663,81.324,133.005,9.0451746031746,53,0.8707994273936643,Normal
LEC,Sauber,35,83.229,Medium,15,2,1,15.8,53.6,True,False,23.454,31.332,28.443,4.787999999999997,True,10.0,88.07000000000001,12.804455411826083,82.122,131.588,9.628999999999998,52,0.8730654320803901,Normal
ALO,McLaren,35,82.983,Medium,14,2,1,15.8,53.6,True,False,23.415,30.893,28.675,4.542000000000002,True,8.0,87.46238095238095,12.79393185601695,80.727,132.147,9.02138095238095,53,0.8723877679356937,Normal
ERI,Sauber,35,87.09,Medium,34,1,1,15.8,53.6,True,False,23.816,31.26,32.014,8.649000000000001,False,13.0,88.25245161290323,12.736792256020752,82.487,134.428,9.811451612903223,52,0.8738797146302818,Outlier
HAM,Mercedes,36,80.359,Medium,11,2,1,15.8,53.6,True,False,22.737,30.081,27.541,1.9179999999999922,True,1.0,85.40671875,13.723649734914796,79.133,133.88,6.965718749999997,54,0.8615595811388194,Normal
PER,Force India,35,81.406,Medium,9,2,1,15.8,53.6,True,False,22.779,30.716,27.911,2.9650000000000034,True,9.0,87.92024193548387,13.486412297027917,81.128,134.212,9.479241935483868,53,0.867006633843718,Normal
STR,Williams,35,84.069,Medium,15,2,1,15.8,53.6,True,False,24.279,31.491,28.299,5.628,True,11.0,88.09791935483871,12.804433375802189,82.095,132.536,9.656919354838706,53,0.8731007451334295,Normal
VET,Ferrari,36,80.83,Medium,19,2,1,15.8,53.6,True,False,22.922,30.237,27.671,2.388999999999996,True,4.0,85.82003125,14.32964119996181,79.128,133.906,7.379031249999997,55,0.8569177427203131,Normal
BOT,Mercedes,36,80.947,Medium,17,2,1,15.8,53.6,True,False,22.685,30.475,27.787,2.5060000000000002,True,2.0,85.678171875,13.61455356286139,79.478,132.666,7.237171874999997,54,0.8628846826106958,Normal
VAN,McLaren,35,106.257,Medium,1,2,1,15.8,53.6,True,False,47.521,30.634,28.102,27.816000000000003,False,15.0,90.58237209302325,14.856098931997522,82.594,134.185,12.141372093023255,34,0.859101722667506,Outlier
VER,Red Bull Racing,36,80.982,Medium,2,2,1,15.8,53.6,True,False,23.172,30.394,27.416,2.540999999999997,True,3.0,85.742796875,13.646163597375615,79.422,133.094,7.301796874999997,55,0.8626994031075669,Normal
HAR,Toro Rosso,35,82.622,Medium,2,3,1,15.8,53.6,True,False,23.331,31.107,28.184,4.180999999999997,True,12.0,88.17641935483871,12.868808203379087,81.439,135.104,9.735419354838708,52,0.8726430875128204,Normal
OCO,Force India,35,82.282,Medium,6,2,1,15.8,53.6,True,False,22.966,31.252,28.064,3.840999999999994,True,16.0,90.35027777777778,15.854238954769182,82.117,131.58,11.909277777777776,29,0.8507197297955355,Normal
RIC,Red Bull Racing,36,82.436,Medium,3,2,1,15.8,53.6,True,False,23.163,30.75,28.523,3.9950000000000045,True,5.0,86.08671875,13.89064366898419,78.441,133.445,7.645718749999997,55,0.8610621111330041,Normal
SIR,Williams,35,86.513,Medium,13,3,1,15.8,53.6,True,False,24.314,31.615,30.584,8.072000000000003,True,14.0,90.35001612903226,15.115628150255102,82.68,149.412,11.909016129032256,50,0.8566772312106977,Normal
MAG,Haas F1 Team,36,81.421,Medium,4,2,1,15.9,52.5,True,False,23.245,30.464,27.712,2.980000000000004,True,6.0,86.92490476190477,12.994465063291594,80.246,133.292,8.483904761904759,54,0.8699504902200171,Normal
SAI,Renault,36,82.186,Medium,11,2,1,15.9,52.5,True,False,23.301,30.982,27.903,3.7450000000000045,True,7.0,87.4861746031746,12.98032991098663,81.324,133.005,9.0451746031746,53,0.8707994273936643,Normal
LEC,Sauber,36,82.926,Medium,16,2,1,15.9,52.5,True,False,23.445,31.185,28.296,4.484999999999999,True,10.0,88.07000000000001,12.804455411826083,82.122,131.588,9.628999999999998,52,0.8730654320803901,Normal
HAM,Mercedes,37,81.296,Medium,12,2,1,15.9,52.5,True,False,22.756,30.462,28.078,2.855000000000004,True,1.0,85.40671875,13.723649734914796,79.133,133.88,6.965718749999997,54,0.8615595811388194,Normal
ALO,McLaren,36,83.918,Medium,15,2,1,15.9,52.5,True,False,23.273,31.09,29.555,5.477000000000004,True,8.0,87.46238095238095,12.79393185601695,80.727,132.147,9.02138095238095,53,0.8723877679356937,Normal
PER,Force India,36,82.081,Medium,10,2,1,15.9,52.5,True,False,23.17,30.872,28.039,3.6400000000000006,True,9.0,87.92024193548387,13.486412297027917,81.128,134.212,9.479241935483868,53,0.867006633843718,Normal
VET,Ferrari,37,81.091,Medium,20,2,1,15.9,52.5,True,False,22.902,30.283,27.906,2.6499999999999915,True,4.0,85.82003125,14.32964119996181,79.128,133.906,7.379031249999997,55,0.8569177427203131,Normal
STR,Williams,36,84.664,Medium,16,2,1,15.9,52.5,True,False,23.422,31.679,29.563,6.222999999999999,True,11.0,88.09791935483871,12.804433375802189,82.095,132.536,9.656919354838706,53,0.8731007451334295,Normal
BOT,Mercedes,37,81.402,Medium,18,2,1,15.9,52.5,True,False,22.798,30.499,28.105,2.9609999999999985,True,2.0,85.678171875,13.61455356286139,79.478,132.666,7.237171874999997,54,0.8628846826106958,Normal
ERI,Sauber,36,100.795,Soft,1,2,1,15.9,52.5,True,False,41.929,31.019,27.847,22.354,False,13.0,88.25245161290323,12.736792256020752,82.487,134.428,9.811451612903223,52,0.8738797146302818,Outlier
VAN,McLaren,36,82.804,Medium,2,2,1,15.9,52.5,True,False,23.592,30.781,28.431,4.3629999999999995,True,15.0,90.58237209302325,14.856098931997522,82.594,134.185,12.141372093023255,34,0.859101722667506,Normal
VER,Red Bull Racing,37,80.825,Medium,3,2,1,15.9,52.5,True,False,23.096,30.29,27.439,2.3840000000000003,True,3.0,85.742796875,13.646163597375615,79.422,133.094,7.301796874999997,55,0.8626994031075669,Normal
HAR,Toro Rosso,36,82.377,Medium,3,3,1,16.0,53.2,True,False,23.379,30.882,28.116,3.935999999999993,True,12.0,88.17641935483871,12.868808203379087,81.439,135.104,9.735419354838708,52,0.8726430875128204,Normal
OCO,Force India,36,82.117,Medium,7,2,1,16.0,53.2,True,False,23.189,31.039,27.889,3.676000000000002,True,16.0,90.35027777777778,15.854238954769182,82.117,131.58,11.909277777777776,29,0.8507197297955355,Peak
RIC,Red Bull Racing,37,81.17,Medium,4,2,1,16.0,53.2,True,False,23.133,30.472,27.565,2.728999999999999,True,5.0,86.08671875,13.89064366898419,78.441,133.445,7.645718749999997,55,0.8610621111330041,Normal
SIR,Williams,36,83.554,Medium,14,3,1,16.0,53.2,True,False,23.653,31.349,28.552,5.1129999999999995,True,14.0,90.35001612903226,15.115628150255102,82.68,149.412,11.909016129032256,50,0.8566772312106977,Normal
MAG,Haas F1 Team,37,81.851,Medium,5,2,1,16.0,53.2,True,False,23.417,30.674,27.76,3.4099999999999966,True,6.0,86.92490476190477,12.994465063291594,80.246,133.292,8.483904761904759,54,0.8699504902200171,Normal
SAI,Renault,37,82.216,Medium,12,2,1,16.0,53.2,True,False,23.586,30.859,27.771,3.7749999999999915,True,7.0,87.4861746031746,12.98032991098663,81.324,133.005,9.0451746031746,53,0.8707994273936643,Normal
HAM,Mercedes,38,80.363,Medium,13,2,1,16.0,53.2,True,False,22.725,30.099,27.539,1.921999999999997,True,1.0,85.40671875,13.723649734914796,79.133,133.88,6.965718749999997,54,0.8615595811388194,Normal
LEC,Sauber,37,84.541,Medium,17,2,1,16.0,53.2,True,False,24.95,31.299,28.292,6.099999999999994,True,10.0,88.07000000000001,12.804455411826083,82.122,131.588,9.628999999999998,52,0.8730654320803901,Normal
ALO,McLaren,37,83.435,Medium,16,2,1,16.0,53.2,True,False,23.494,31.221,28.72,4.994,True,8.0,87.46238095238095,12.79393185601695,80.727,132.147,9.02138095238095,53,0.8723877679356937,Normal
PER,Force India,37,82.131,Medium,11,2,1,16.1,52.2,True,False,23.291,30.979,27.861,3.6899999999999977,True,9.0,87.92024193548387,13.486412297027917,81.128,134.212,9.479241935483868,53,0.867006633843718,Normal
VET,Ferrari,38,81.31,Medium,21,2,1,16.1,52.2,True,False,23.09,30.612,27.608,2.8689999999999998,True,4.0,85.82003125,14.32964119996181,79.128,133.906,7.379031249999997,55,0.8569177427203131,Normal
BOT,Mercedes,38,81.185,Medium,19,2,1,16.1,52.2,True,False,22.945,30.272,27.968,2.7439999999999998,True,2.0,85.678171875,13.61455356286139,79.478,132.666,7.237171874999997,54,0.8628846826106958,Normal
STR,Williams,37,85.055,Medium,17,2,1,16.1,52.2,True,False,25.167,31.575,28.313,6.614000000000004,True,11.0,88.09791935483871,12.804433375802189,82.095,132.536,9.656919354838706,53,0.8731007451334295,Normal
ERI,Sauber,37,82.712,Soft,2,2,1,16.1,52.2,True,False,23.283,30.998,28.431,4.271000000000001,True,13.0,88.25245161290323,12.736792256020752,82.487,134.428,9.811451612903223,52,0.8738797146302818,Normal
VER,Red Bull Racing,38,81.191,Medium,4,2,1,16.1,52.2,True,False,23.365,30.383,27.443,2.75,True,3.0,85.742796875,13.646163597375615,79.422,133.094,7.301796874999997,55,0.8626994031075669,Normal
VAN,McLaren,37,84.923,Medium,3,2,1,16.1,52.2,True,False,24.867,31.396,28.66,6.481999999999999,True,15.0,90.58237209302325,14.856098931997522,82.594,134.185,12.141372093023255,34,0.859101722667506,Normal
HAR,Toro Rosso,37,82.34,Medium,4,3,1,16.1,52.2,True,False,23.275,31.037,28.028,3.899000000000001,True,12.0,88.17641935483871,12.868808203379087,81.439,135.104,9.735419354838708,52,0.8726430875128204,Normal
RIC,Red Bull Racing,38,81.413,Medium,5,2,1,16.1,52.2,True,False,23.117,30.948,27.348,2.971999999999994,True,5.0,86.08671875,13.89064366898419,78.441,133.445,7.645718749999997,55,0.8610621111330041,Normal
OCO,Force India,37,84.816,Medium,8,2,1,16.1,52.2,True,False,23.734,32.693,28.389,6.375,True,16.0,90.35027777777778,15.854238954769182,82.117,131.58,11.909277777777776,29,0.8507197297955355,Normal
SIR,Williams,37,83.071,Medium,15,3,1,16.1,52.2,True,False,23.474,31.087,28.51,4.6299999999999955,True,14.0,90.35001612903226,15.115628150255102,82.68,149.412,11.909016129032256,50,0.8566772312106977,Normal
MAG,Haas F1 Team,38,81.645,Medium,6,2,1,16.1,52.2,True,False,23.277,30.502,27.866,3.2039999999999935,True,6.0,86.92490476190477,12.994465063291594,80.246,133.292,8.483904761904759,54,0.8699504902200171,Normal
HAM,Mercedes,39,80.81,Medium,14,2,1,15.9,51.7,False,True,23.07,30.431,27.309,2.3689999999999998,True,1.0,85.40671875,13.723649734914796,79.133,133.88,6.965718749999997,54,0.8615595811388194,Normal
SAI,Renault,38,84.319,Medium,13,2,1,15.9,51.7,False,True,24.313,31.691,28.315,5.878,True,7.0,87.4861746031746,12.98032991098663,81.324,133.005,9.0451746031746,53,0.8707994273936643,Normal
LEC,Sauber,38,82.818,Medium,18,2,1,15.9,51.7,False,True,23.471,31.004,28.343,4.376999999999995,True,10.0,88.07000000000001,12.804455411826083,82.122,131.588,9.628999999999998,52,0.8730654320803901,Normal
ALO,McLaren,38,82.717,Medium,17,2,1,15.9,51.7,False,True,23.383,30.908,28.426,4.275999999999996,True,8.0,87.46238095238095,12.79393185601695,80.727,132.147,9.02138095238095,53,0.8723877679356937,Normal
PER,Force India,38,82.359,Medium,12,2,1,15.9,51.7,False,True,23.185,31.008,28.166,3.917999999999992,True,9.0,87.92024193548387,13.486412297027917,81.128,134.212,9.479241935483868,53,0.867006633843718,Normal
VET,Ferrari,39,81.336,Medium,22,2,1,15.9,51.7,False,True,22.96,30.517,27.859,2.894999999999996,True,4.0,85.82003125,14.32964119996181,79.128,133.906,7.379031249999997,55,0.8569177427203131,Normal
BOT,Mercedes,39,81.265,Medium,20,2,1,15.9,51.7,False,True,22.803,30.571,27.891,2.823999999999998,True,2.0,85.678171875,13.61455356286139,79.478,132.666,7.237171874999997,54,0.8628846826106958,Normal
STR,Williams,38,83.153,Medium,18,2,1,15.9,51.7,False,True,23.495,31.333,28.325,4.712000000000003,True,11.0,88.09791935483871,12.804433375802189,82.095,132.536,9.656919354838706,53,0.8731007451334295,Normal
VER,Red Bull Racing,39,80.72,Medium,5,2,1,15.9,51.7,False,True,22.883,30.446,27.391,2.2789999999999964,True,3.0,85.742796875,13.646163597375615,79.422,133.094,7.301796874999997,55,0.8626994031075669,Normal
ERI,Sauber,38,84.011,Soft,3,2,1,15.9,51.7,False,True,23.678,31.975,28.358,5.569999999999993,True,13.0,88.25245161290323,12.736792256020752,82.487,134.428,9.811451612903223,52,0.8738797146302818,Normal
VAN,McLaren,38,82.594,Medium,4,2,1,15.9,51.7,False,True,23.409,30.799,28.386,4.152999999999992,True,15.0,90.58237209302325,14.856098931997522,82.594,134.185,12.141372093023255,34,0.859101722667506,Peak
HAR,Toro Rosso,38,82.288,Medium,5,3,1,15.9,51.7,False,True,23.303,30.873,28.112,3.846999999999994,True,12.0,88.17641935483871,12.868808203379087,81.439,135.104,9.735419354838708,52,0.8726430875128204,Normal
RIC,Red Bull Racing,39,80.805,Medium,6,2,1,15.9,51.7,False,True,22.96,30.434,27.411,2.3640000000000043,True,5.0,86.08671875,13.89064366898419,78.441,133.445,7.645718749999997,55,0.8610621111330041,Normal
OCO,Force India,38,82.319,Medium,9,2,1,15.9,51.7,False,True,23.14,30.974,28.205,3.878,True,16.0,90.35027777777778,15.854238954769182,82.117,131.58,11.909277777777776,29,0.8507197297955355,Normal
SIR,Williams,38,82.756,Medium,16,3,1,15.9,51.7,False,True,23.383,30.996,28.377,4.314999999999998,True,14.0,90.35001612903226,15.115628150255102,82.68,149.412,11.909016129032256,50,0.8566772312106977,Normal
MAG,Haas F1 Team,39,81.588,Medium,7,2,1,15.9,52.5,True,False,23.276,30.568,27.744,3.1469999999999914,True,6.0,86.92490476190477,12.994465063291594,80.246,133.292,8.483904761904759,54,0.8699504902200171,Normal
HAM,Mercedes,40,80.507,Medium,15,2,12,15.9,52.5,True,False,22.86,30.344,27.303,2.0660000000000025,False,1.0,85.40671875,13.723649734914796,79.133,133.88,6.965718749999997,54,0.8615595811388194,Outlier
SAI,Renault,39,82.182,Medium,14,2,12,15.9,52.5,True,False,23.557,30.717,27.908,3.7409999999999997,False,7.0,87.4861746031746,12.98032991098663,81.324,133.005,9.0451746031746,53,0.8707994273936643,Outlier
LEC,Sauber,39,82.71,Medium,19,2,12,15.9,52.5,True,False,23.447,31.056,28.207,4.268999999999991,False,10.0,88.07000000000001,12.804455411826083,82.122,131.588,9.628999999999998,52,0.8730654320803901,Outlier
ALO,McLaren,39,82.807,Medium,18,2,12,15.9,52.5,True,False,23.374,30.967,28.466,4.366,False,8.0,87.46238095238095,12.79393185601695,80.727,132.147,9.02138095238095,53,0.8723877679356937,Outlier
VET,Ferrari,40,81.265,Medium,23,2,12,15.9,52.5,True,False,22.956,30.565,27.744,2.823999999999998,False,4.0,85.82003125,14.32964119996181,79.128,133.906,7.379031249999997,55,0.8569177427203131,Outlier
PER,Force India,39,84.038,Medium,13,2,12,15.9,52.5,True,False,23.222,31.813,29.003,5.596999999999994,False,9.0,87.92024193548387,13.486412297027917,81.128,134.212,9.479241935483868,53,0.867006633843718,Outlier
BOT,Mercedes,40,81.257,Medium,21,2,12,15.9,52.5,True,False,22.734,30.398,28.125,2.8160000000000025,False,2.0,85.678171875,13.61455356286139,79.478,132.666,7.237171874999997,54,0.8628846826106958,Outlier
STR,Williams,39,82.891,Medium,19,2,12,15.9,52.5,True,False,23.334,31.178,28.379,4.450000000000003,False,11.0,88.09791935483871,12.804433375802189,82.095,132.536,9.656919354838706,53,0.8731007451334295,Outlier
VER,Red Bull Racing,40,81.044,Medium,6,2,12,15.9,52.5,True,False,22.976,30.452,27.616,2.6029999999999944,False,3.0,85.742796875,13.646163597375615,79.422,133.094,7.301796874999997,55,0.8626994031075669,Outlier
ERI,Sauber,39,82.797,Soft,4,2,126,16.0,53.1,True,False,23.517,31.036,28.244,4.3559999999999945,False,13.0,88.25245161290323,12.736792256020752,82.487,134.428,9.811451612903223,52,0.8738797146302818,Outlier
VAN,McLaren,39,82.719,Medium,5,2,126,16.0,53.1,True,False,23.476,30.77,28.473,4.277999999999992,False,15.0,90.58237209302325,14.856098931997522,82.594,134.185,12.141372093023255,34,0.859101722667506,Outlier
RIC,Red Bull Racing,40,82.254,Medium,7,2,126,16.0,53.1,True,False,23.06,30.197,28.997,3.8130000000000024,False,5.0,86.08671875,13.89064366898419,78.441,133.445,7.645718749999997,55,0.8610621111330041,Outlier
HAR,Toro Rosso,39,88.644,Medium,6,3,126,16.0,53.1,True,False,26.077,31.299,31.268,10.203000000000003,False,12.0,88.17641935483871,12.868808203379087,81.439,135.104,9.735419354838708,52,0.8726430875128204,Outlier
SIR,Williams,39,90.161,Medium,17,3,126,16.0,53.1,True,False,23.551,31.207,35.403,11.719999999999999,False,14.0,90.35001612903226,15.115628150255102,82.68,149.412,11.909016129032256,50,0.8566772312106977,Outlier
MAG,Haas F1 Team,40,101.289,Medium,8,2,126,16.0,53.1,True,False,23.292,42.037,35.96,22.848,False,6.0,86.92490476190477,12.994465063291594,80.246,133.292,8.483904761904759,54,0.8699504902200171,Outlier
HAM,Mercedes,41,108.59,Medium,16,2,26,16.2,52.6,True,False,22.887,45.323,40.38,30.149,False,1.0,85.40671875,13.723649734914796,79.133,133.88,6.965718749999997,54,0.8615595811388194,Outlier
SAI,Renault,40,111.485,Medium,15,2,26,16.2,52.6,True,False,23.556,47.82,40.109,33.044,False,7.0,87.4861746031746,12.98032991098663,81.324,133.005,9.0451746031746,53,0.8707994273936643,Outlier
LEC,Sauber,40,113.315,Medium,20,2,26,16.2,52.6,True,False,24.509,48.44,40.366,34.873999999999995,False,10.0,88.07000000000001,12.804455411826083,82.122,131.588,9.628999999999998,52,0.8730654320803901,Outlier
ALO,McLaren,40,113.907,Medium,19,2,26,16.2,52.6,True,False,25.644,47.591,40.672,35.465999999999994,False,8.0,87.46238095238095,12.79393185601695,80.727,132.147,9.02138095238095,53,0.8723877679356937,Outlier
VET,Ferrari,41,115.212,Medium,24,2,26,16.2,52.6,True,False,32.359,44.04,38.813,36.771,False,4.0,85.82003125,14.32964119996181,79.128,133.906,7.379031249999997,55,0.8569177427203131,Outlier
BOT,Mercedes,41,116.194,Medium,22,2,26,16.2,52.6,True,False,34.773,43.102,38.319,37.753,False,2.0,85.678171875,13.61455356286139,79.478,132.666,7.237171874999997,54,0.8628846826106958,Outlier
PER,Force India,40,117.803,Medium,14,2,26,16.2,52.6,True,False,34.533,42.975,40.295,39.361999999999995,False,9.0,87.92024193548387,13.486412297027917,81.128,134.212,9.479241935483868,53,0.867006633843718,Outlier
STR,Williams,40,121.631,Medium,20,2,26,16.2,52.6,True,False,33.547,47.816,40.268,43.19,False,11.0,88.09791935483871,12.804433375802189,82.095,132.536,9.656919354838706,53,0.8731007451334295,Outlier
VER,Red Bull Racing,41,121.224,Medium,7,2,26,16.2,52.6,True,False,33.746,47.716,39.762,42.783,False,3.0,85.742796875,13.646163597375615,79.422,133.094,7.301796874999997,55,0.8626994031075669,Outlier
ERI,Sauber,40,121.756,Soft,5,2,6,16.3,51.2,True,False,36.162,46.757,38.837,43.315,False,13.0,88.25245161290323,12.736792256020752,82.487,134.428,9.811451612903223,52,0.8738797146302818,Outlier
VAN,McLaren,40,122.252,Medium,6,2,6,16.3,51.2,True,False,37.591,45.593,39.068,43.81099999999999,False,15.0,90.58237209302325,14.856098931997522,82.594,134.185,12.141372093023255,34,0.859101722667506,Outlier
RIC,Red Bull Racing,41,122.589,Medium,8,2,6,16.3,51.2,True,False,38.188,46.114,38.287,44.147999999999996,False,5.0,86.08671875,13.89064366898419,78.441,133.445,7.645718749999997,55,0.8610621111330041,Outlier
HAR,Toro Rosso,40,122.571,Medium,7,3,6,16.3,51.2,True,False,36.961,45.784,39.826,44.129999999999995,False,12.0,88.17641935483871,12.868808203379087,81.439,135.104,9.735419354838708,52,0.8726430875128204,Outlier
SIR,Williams,40,122.453,Medium,18,3,6,16.3,51.2,True,False,34.119,46.735,41.599,44.012,False,14.0,90.35001612903226,15.115628150255102,82.68,149.412,11.909016129032256,50,0.8566772312106977,Outlier
MAG,Haas F1 Team,41,120.523,Medium,9,2,6,16.3,51.2,True,False,34.974,47.205,38.344,42.081999999999994,False,6.0,86.92490476190477,12.994465063291594,80.246,133.292,8.483904761904759,54,0.8699504902200171,Outlier
HAM,Mercedes,42,122.018,Medium,17,2,67,16.1,51.2,True,False,35.626,46.399,39.993,43.577,False,1.0,85.40671875,13.723649734914796,79.133,133.88,6.965718749999997,54,0.8615595811388194,Outlier
SAI,Renault,41,121.759,Medium,16,2,67,16.1,51.2,True,False,35.179,47.043,39.537,43.318,False,7.0,87.4861746031746,12.98032991098663,81.324,133.005,9.0451746031746,53,0.8707994273936643,Outlier
LEC,Sauber,41,121.252,Medium,21,2,671,16.1,51.2,True,False,34.806,46.623,39.823,42.81099999999999,False,10.0,88.07000000000001,12.804455411826083,82.122,131.588,9.628999999999998,52,0.8730654320803901,Outlier
ALO,McLaren,41,120.217,Medium,20,2,671,16.1,51.2,True,False,34.639,46.856,38.722,41.775999999999996,False,8.0,87.46238095238095,12.79393185601695,80.727,132.147,9.02138095238095,53,0.8723877679356937,Outlier
BOT,Mercedes,42,116.214,Medium,23,2,6712,16.1,51.2,True,False,34.585,46.672,34.957,37.772999999999996,False,2.0,85.678171875,13.61455356286139,79.478,132.666,7.237171874999997,54,0.8628846826106958,Outlier
STR,Williams,41,115.115,Medium,21,2,6712,16.1,51.2,True,False,33.972,46.727,34.416,36.67399999999999,False,11.0,88.09791935483871,12.804433375802189,82.095,132.536,9.656919354838706,53,0.8731007451334295,Outlier
VER,Red Bull Racing,42,115.38,Medium,8,2,6712,16.1,51.2,True,False,34.534,47.16,33.686,36.93899999999999,False,3.0,85.742796875,13.646163597375615,79.422,133.094,7.301796874999997,55,0.8626994031075669,Outlier
VET,Ferrari,42,132.006,Medium,1,3,6712,16.1,51.2,True,False,51.557,47.108,33.341,53.565,False,4.0,85.82003125,14.32964119996181,79.128,133.906,7.379031249999997,55,0.8569177427203131,Outlier
ERI,Sauber,41,113.942,Soft,6,2,6712,16.1,51.2,True,False,35.258,46.528,32.156,35.50099999999999,False,13.0,88.25245161290323,12.736792256020752,82.487,134.428,9.811451612903223,52,0.8738797146302818,Outlier
PER,Force India,41,130.341,Soft,7,3,6712,16.1,51.2,True,False,51.881,47.551,30.909,51.900000000000006,False,9.0,87.92024193548387,13.486412297027917,81.128,134.212,9.479241935483868,53,0.867006633843718,Outlier
VAN,McLaren,41,113.119,Medium,7,2,6712,16.1,51.2,True,False,34.931,46.566,31.622,34.678,False,15.0,90.58237209302325,14.856098931997522,82.594,134.185,12.141372093023255,34,0.859101722667506,Outlier
HAR,Toro Rosso,41,112.25,Medium,8,3,6712,15.9,52.3,True,False,35.648,45.644,30.958,33.809,False,12.0,88.17641935483871,12.868808203379087,81.439,135.104,9.735419354838708,52,0.8726430875128204,Outlier
RIC,Red Bull Racing,42,122.559,Medium,9,2,6712,15.9,52.3,True,False,35.682,45.599,41.278,44.117999999999995,False,5.0,86.08671875,13.89064366898419,78.441,133.445,7.645718749999997,55,0.8610621111330041,Outlier
SIR,Williams,41,121.922,Medium,19,3,6712,15.9,52.3,True,False,33.335,52.817,35.77,43.480999999999995,False,14.0,90.35001612903226,15.115628150255102,82.68,149.412,11.909016129032256,50,0.8566772312106977,Outlier
MAG,Haas F1 Team,42,95.617,Medium,10,2,6712,15.9,52.3,True,False,35.121,32.457,28.039,17.176000000000002,False,6.0,86.92490476190477,12.994465063291594,80.246,133.292,8.483904761904759,54,0.8699504902200171,Outlier
HAM,Mercedes,43,84.158,Medium,18,2,712,15.9,52.3,True,False,26.085,30.749,27.324,5.716999999999999,False,1.0,85.40671875,13.723649734914796,79.133,133.88,6.965718749999997,54,0.8615595811388194,Outlier
SAI,Renault,42,84.82,Medium,17,2,712,15.9,52.3,True,False,25.459,31.401,27.96,6.378999999999991,False,7.0,87.4861746031746,12.98032991098663,81.324,133.005,9.0451746031746,53,0.8707994273936643,Outlier
ALO,McLaren,42,85.185,Medium,21,2,12,16.0,53.6,True,False,25.504,31.205,28.476,6.744,False,8.0,87.46238095238095,12.79393185601695,80.727,132.147,9.02138095238095,53,0.8723877679356937,Outlier
BOT,Mercedes,43,81.79,Medium,24,2,21,16.0,53.6,True,False,23.333,30.582,27.875,3.3490000000000038,False,2.0,85.678171875,13.61455356286139,79.478,132.666,7.237171874999997,54,0.8628846826106958,Outlier
LEC,Sauber,42,88.474,Medium,22,2,12,16.0,53.6,True,False,26.617,31.718,30.139,10.033000000000001,False,10.0,88.07000000000001,12.804455411826083,82.122,131.588,9.628999999999998,52,0.8730654320803901,Outlier
VER,Red Bull Racing,43,81.016,Medium,9,2,1,16.0,53.6,True,False,23.17,30.578,27.268,2.575000000000003,True,3.0,85.742796875,13.646163597375615,79.422,133.094,7.301796874999997,55,0.8626994031075669,Normal
VET,Ferrari,43,82.267,Medium,2,3,1,16.0,53.6,True,False,23.598,30.992,27.677,3.8259999999999934,True,4.0,85.82003125,14.32964119996181,79.128,133.906,7.379031249999997,55,0.8569177427203131,Normal
STR,Williams,42,86.657,Medium,22,2,1,16.0,53.6,True,False,25.299,32.739,28.619,8.215999999999994,True,11.0,88.09791935483871,12.804433375802189,82.095,132.536,9.656919354838706,53,0.8731007451334295,Normal
PER,Force India,42,82.882,Soft,8,3,1,16.0,53.6,True,False,23.023,31.313,28.546,4.4410000000000025,True,9.0,87.92024193548387,13.486412297027917,81.128,134.212,9.479241935483868,53,0.867006633843718,Normal
ERI,Sauber,42,84.26,Soft,7,2,1,16.0,53.6,True,False,24.346,31.336,28.578,5.819000000000003,True,13.0,88.25245161290323,12.736792256020752,82.487,134.428,9.811451612903223,52,0.8738797146302818,Normal
VAN,McLaren,42,83.812,Medium,8,2,1,16.0,53.6,True,False,23.767,31.042,29.003,5.370999999999995,True,15.0,90.58237209302325,14.856098931997522,82.594,134.185,12.141372093023255,34,0.859101722667506,Normal
HAR,Toro Rosso,42,83.806,Medium,9,3,1,16.0,53.6,True,False,24.123,31.484,28.199,5.364999999999995,True,12.0,88.17641935483871,12.868808203379087,81.439,135.104,9.735419354838708,52,0.8726430875128204,Normal
RIC,Red Bull Racing,43,82.366,Medium,10,2,1,16.0,53.6,True,False,23.984,30.821,27.561,3.924999999999997,True,5.0,86.08671875,13.89064366898419,78.441,133.445,7.645718749999997,55,0.8610621111330041,Normal
MAG,Haas F1 Team,43,82.025,Medium,11,2,1,16.0,53.6,True,False,23.586,30.712,27.727,3.584000000000003,True,6.0,86.92490476190477,12.994465063291594,80.246,133.292,8.483904761904759,54,0.8699504902200171,Normal
HAM,Mercedes,44,80.625,Medium,19,2,1,16.1,52.1,True,False,23.091,30.375,27.159,2.1839999999999975,True,1.0,85.40671875,13.723649734914796,79.133,133.88,6.965718749999997,54,0.8615595811388194,Normal
SIR,Williams,42,106.753,SUPERSOFT,1,4,1,16.1,52.1,True,False,45.047,32.736,28.97,28.311999999999998,False,14.0,90.35001612903226,15.115628150255102,82.68,149.412,11.909016129032256,50,0.8566772312106977,Outlier
SAI,Renault,43,81.94,Medium,18,2,1,16.1,52.1,True,False,23.496,30.836,27.608,3.4989999999999952,True,7.0,87.4861746031746,12.98032991098663,81.324,133.005,9.0451746031746,53,0.8707994273936643,Normal
BOT,Mercedes,44,81.378,Medium,25,2,1,16.1,52.1,True,False,22.702,30.883,27.793,2.9369999999999976,True,2.0,85.678171875,13.61455356286139,79.478,132.666,7.237171874999997,54,0.8628846826106958,Normal
ALO,McLaren,43,84.242,Medium,22,2,1,16.1,52.1,True,False,23.574,31.22,29.448,5.801000000000002,True,8.0,87.46238095238095,12.79393185601695,80.727,132.147,9.02138095238095,53,0.8723877679356937,Normal
LEC,Sauber,43,83.154,Medium,23,2,1,16.1,52.1,True,False,23.575,31.407,28.172,4.712999999999994,True,10.0,88.07000000000001,12.804455411826083,82.122,131.588,9.628999999999998,52,0.8730654320803901,Normal
VER,Red Bull Racing,44,80.746,Medium,10,2,1,16.1,52.1,True,False,23.066,30.4,27.28,2.3049999999999926,True,3.0,85.742796875,13.646163597375615,79.422,133.094,7.301796874999997,55,0.8626994031075669,Normal
VET,Ferrari,44,80.475,Medium,3,3,1,16.1,52.1,True,False,22.992,30.176,27.307,2.033999999999992,True,4.0,85.82003125,14.32964119996181,79.128,133.906,7.379031249999997,55,0.8569177427203131,Normal
PER,Force India,43,81.128,Soft,9,3,1,16.1,52.1,True,False,22.559,30.76,27.809,2.6869999999999976,True,9.0,87.92024193548387,13.486412297027917,81.128,134.212,9.479241935483868,53,0.867006633843718,Peak
STR,Williams,43,84.367,Medium,23,2,1,16.1,52.1,True,False,24.201,31.819,28.347,5.926000000000002,True,11.0,88.09791935483871,12.804433375802189,82.095,132.536,9.656919354838706,53,0.8731007451334295,Normal
ERI,Sauber,43,83.593,Soft,8,2,1,16.1,52.1,True,False,23.383,31.663,28.547,5.152000000000001,True,13.0,88.25245161290323,12.736792256020752,82.487,134.428,9.811451612903223,52,0.8738797146302818,Normal
VAN,McLaren,43,83.358,Medium,9,2,1,16.1,52.1,True,False,23.532,31.08,28.746,4.917000000000002,True,15.0,90.58237209302325,14.856098931997522,82.594,134.185,12.141372093023255,34,0.859101722667506,Normal
HAR,Toro Rosso,43,82.622,Medium,10,3,1,16.1,52.1,True,False,23.526,30.975,28.121,4.180999999999997,True,12.0,88.17641935483871,12.868808203379087,81.439,135.104,9.735419354838708,52,0.8726430875128204,Normal
RIC,Red Bull Racing,44,80.602,Medium,11,2,1,16.1,52.1,True,False,23.111,30.165,27.326,2.1610000000000014,True,5.0,86.08671875,13.89064366898419,78.441,133.445,7.645718749999997,55,0.8610621111330041,Normal
MAG,Haas F1 Team,44,81.577,Medium,12,2,1,16.1,52.4,True,False,23.302,30.418,27.857,3.1359999999999957,True,6.0,86.92490476190477,12.994465063291594,80.246,133.292,8.483904761904759,54,0.8699504902200171,Normal
HAM,Mercedes,45,80.425,Medium,20,2,1,16.1,52.4,True,False,22.816,30.335,27.274,1.9839999999999947,True,1.0,85.40671875,13.723649734914796,79.133,133.88,6.965718749999997,54,0.8615595811388194,Normal
SIR,Williams,43,83.002,SUPERSOFT,2,4,1,16.1,52.4,True,False,23.552,31.101,28.349,4.560999999999993,True,14.0,90.35001612903226,15.115628150255102,82.68,149.412,11.909016129032256,50,0.8566772312106977,Normal
SAI,Renault,44,81.606,Medium,19,2,1,16.1,52.4,True,False,23.383,30.59,27.633,3.164999999999992,True,7.0,87.4861746031746,12.98032991098663,81.324,133.005,9.0451746031746,53,0.8707994273936643,Normal
BOT,Mercedes,45,79.944,Medium,26,2,1,16.1,52.4,True,False,22.594,29.887,27.463,1.5030000000000001,True,2.0,85.678171875,13.61455356286139,79.478,132.666,7.237171874999997,54,0.8628846826106958,Normal
ALO,McLaren,44,82.496,Medium,23,2,1,16.1,52.4,True,False,23.182,30.934,28.38,4.054999999999993,True,8.0,87.46238095238095,12.79393185601695,80.727,132.147,9.02138095238095,53,0.8723877679356937,Normal
LEC,Sauber,44,82.591,Medium,24,2,1,16.1,52.4,True,False,23.346,31.015,28.23,4.1499999999999915,True,10.0,88.07000000000001,12.804455411826083,82.122,131.588,9.628999999999998,52,0.8730654320803901,Normal
VER,Red Bull Racing,45,80.681,Medium,11,2,1,16.1,52.4,True,False,23.078,30.293,27.31,2.239999999999995,True,3.0,85.742796875,13.646163597375615,79.422,133.094,7.301796874999997,55,0.8626994031075669,Normal
VET,Ferrari,45,80.093,Medium,4,3,1,16.1,52.4,True,False,22.788,29.9,27.405,1.652000000000001,True,4.0,85.82003125,14.32964119996181,79.128,133.906,7.379031249999997,55,0.8569177427203131,Normal
PER,Force India,44,81.491,Soft,10,3,1,16.2,52.4,True,False,22.961,30.815,27.715,3.049999999999997,True,9.0,87.92024193548387,13.486412297027917,81.128,134.212,9.479241935483868,53,0.867006633843718,Normal
STR,Williams,44,82.859,Medium,24,2,1,16.2,52.4,True,False,23.592,31.211,28.056,4.417999999999992,True,11.0,88.09791935483871,12.804433375802189,82.095,132.536,9.656919354838706,53,0.8731007451334295,Normal
ERI,Sauber,44,83.478,Soft,9,2,1,16.2,52.4,True,False,23.487,31.458,28.533,5.036999999999992,True,13.0,88.25245161290323,12.736792256020752,82.487,134.428,9.811451612903223,52,0.8738797146302818,Normal
VAN,McLaren,44,83.178,Medium,10,2,1,16.2,52.4,True,False,23.183,31.372,28.623,4.736999999999995,True,15.0,90.58237209302325,14.856098931997522,82.594,134.185,12.141372093023255,34,0.859101722667506,Normal
RIC,Red Bull Racing,45,80.605,Medium,12,2,1,16.2,52.4,True,False,23.201,30.411,26.993,2.1640000000000015,True,5.0,86.08671875,13.89064366898419,78.441,133.445,7.645718749999997,55,0.8610621111330041,Normal
HAR,Toro Rosso,44,84.224,Medium,11,3,1,16.2,52.4,True,False,23.303,32.142,28.779,5.783000000000001,True,12.0,88.17641935483871,12.868808203379087,81.439,135.104,9.735419354838708,52,0.8726430875128204,Normal
MAG,Haas F1 Team,45,81.55,Medium,13,2,1,16.2,52.4,True,False,23.195,30.563,27.792,3.1089999999999947,True,6.0,86.92490476190477,12.994465063291594,80.246,133.292,8.483904761904759,54,0.8699504902200171,Normal
HAM,Mercedes,46,80.621,Medium,21,2,1,16.2,52.4,True,False,22.899,30.322,27.4,2.1799999999999926,True,1.0,85.40671875,13.723649734914796,79.133,133.88,6.965718749999997,54,0.8615595811388194,Normal
SIR,Williams,44,83.105,SUPERSOFT,3,4,1,16.5,51.9,True,False,23.405,31.179,28.521,4.6640000000000015,True,14.0,90.35001612903226,15.115628150255102,82.68,149.412,11.909016129032256,50,0.8566772312106977,Normal
SAI,Renault,45,82.062,Medium,20,2,1,16.5,51.9,True,False,23.411,30.789,27.862,3.620999999999995,True,7.0,87.4861746031746,12.98032991098663,81.324,133.005,9.0451746031746,53,0.8707994273936643,Normal
BOT,Mercedes,46,80.24,Medium,27,2,1,16.5,51.9,True,False,22.609,30.066,27.565,1.7989999999999924,True,2.0,85.678171875,13.61455356286139,79.478,132.666,7.237171874999997,54,0.8628846826106958,Normal
ALO,McLaren,45,82.195,Medium,24,2,1,16.5,51.9,True,False,23.412,30.636,28.147,3.7539999999999907,True,8.0,87.46238095238095,12.79393185601695,80.727,132.147,9.02138095238095,53,0.8723877679356937,Normal
LEC,Sauber,45,82.519,Medium,25,2,1,16.5,51.9,True,False,23.4,30.891,28.228,4.078000000000003,True,10.0,88.07000000000001,12.804455411826083,82.122,131.588,9.628999999999998,52,0.8730654320803901,Normal
VER,Red Bull Racing,46,80.446,Medium,12,2,1,16.5,51.9,True,False,22.948,30.294,27.204,2.0049999999999955,True,3.0,85.742796875,13.646163597375615,79.422,133.094,7.301796874999997,55,0.8626994031075669,Normal
VET,Ferrari,46,80.182,Medium,5,3,1,16.5,51.9,True,False,22.725,29.999,27.458,1.7409999999999997,True,4.0,85.82003125,14.32964119996181,79.128,133.906,7.379031249999997,55,0.8569177427203131,Normal
PER,Force India,45,81.383,Soft,11,3,1,16.5,51.9,True,False,22.935,30.693,27.755,2.941999999999993,True,9.0,87.92024193548387,13.486412297027917,81.128,134.212,9.479241935483868,53,0.867006633843718,Normal
STR,Williams,45,83.035,Medium,25,2,1,16.5,51.9,True,False,23.303,31.512,28.22,4.593999999999994,True,11.0,88.09791935483871,12.804433375802189,82.095,132.536,9.656919354838706,53,0.8731007451334295,Normal
ERI,Sauber,45,83.176,Soft,10,2,1,16.5,51.9,True,False,23.39,31.252,28.534,4.734999999999999,True,13.0,88.25245161290323,12.736792256020752,82.487,134.428,9.811451612903223,52,0.8738797146302818,Normal
VAN,McLaren,45,85.532,Medium,11,2,1,16.5,51.9,True,False,23.317,31.337,30.878,7.090999999999994,True,15.0,90.58237209302325,14.856098931997522,82.594,134.185,12.141372093023255,34,0.859101722667506,Normal
RIC,Red Bull Racing,46,80.363,Medium,13,2,1,16.5,51.9,True,False,22.927,30.262,27.174,1.921999999999997,True,5.0,86.08671875,13.89064366898419,78.441,133.445,7.645718749999997,55,0.8610621111330041,Normal
HAR,Toro Rosso,45,81.965,Medium,12,3,1,16.5,51.9,True,False,23.2,30.773,27.992,3.524000000000001,True,12.0,88.17641935483871,12.868808203379087,81.439,135.104,9.735419354838708,52,0.8726430875128204,Normal
MAG,Haas F1 Team,46,81.419,Medium,14,2,1,16.7,51.6,True,False,23.25,30.399,27.77,2.9779999999999944,True,6.0,86.92490476190477,12.994465063291594,80.246,133.292,8.483904761904759,54,0.8699504902200171,Normal
HAM,Mercedes,47,79.766,Medium,22,2,1,16.7,51.6,True,False,22.723,29.994,27.049,1.3250000000000028,True,1.0,85.40671875,13.723649734914796,79.133,133.88,6.965718749999997,54,0.8615595811388194,Normal
SIR,Williams,45,82.971,SUPERSOFT,4,4,1,16.7,51.6,True,False,23.542,31.003,28.426,4.530000000000001,True,14.0,90.35001612903226,15.115628150255102,82.68,149.412,11.909016129032256,50,0.8566772312106977,Normal
SAI,Renault,46,81.848,Medium,21,2,1,16.7,51.6,True,False,23.346,30.706,27.796,3.4069999999999965,True,7.0,87.4861746031746,12.98032991098663,81.324,133.005,9.0451746031746,53,0.8707994273936643,Normal
BOT,Mercedes,47,80.381,Medium,28,2,1,16.7,51.6,True,False,22.624,30.098,27.659,1.9399999999999977,True,2.0,85.678171875,13.61455356286139,79.478,132.666,7.237171874999997,54,0.8628846826106958,Normal
ALO,McLaren,46,82.165,Medium,25,2,1,16.7,51.6,True,False,23.437,30.646,28.082,3.7240000000000038,True,8.0,87.46238095238095,12.79393185601695,80.727,132.147,9.02138095238095,53,0.8723877679356937,Normal
LEC,Sauber,46,82.358,Medium,26,2,1,16.7,51.6,True,False,23.29,30.918,28.15,3.9170000000000016,True,10.0,88.07000000000001,12.804455411826083,82.122,131.588,9.628999999999998,52,0.8730654320803901,Normal
VER,Red Bull Racing,47,80.477,Medium,13,2,1,16.7,51.6,True,False,23.026,30.205,27.246,2.0360000000000014,True,3.0,85.742796875,13.646163597375615,79.422,133.094,7.301796874999997,55,0.8626994031075669,Normal
VET,Ferrari,47,81.139,Medium,6,3,1,16.7,51.6,True,False,22.754,30.579,27.806,2.6979999999999933,True,4.0,85.82003125,14.32964119996181,79.128,133.906,7.379031249999997,55,0.8569177427203131,Normal
PER,Force India,46,81.452,Soft,12,3,1,16.7,51.6,True,False,23.023,30.647,27.782,3.0109999999999957,True,9.0,87.92024193548387,13.486412297027917,81.128,134.212,9.479241935483868,53,0.867006633843718,Normal
STR,Williams,46,82.478,Medium,26,2,1,16.7,51.6,True,False,23.256,31.127,28.095,4.036999999999992,True,11.0,88.09791935483871,12.804433375802189,82.095,132.536,9.656919354838706,53,0.8731007451334295,Normal
ERI,Sauber,46,83.11,Soft,11,2,1,16.7,51.6,True,False,23.463,31.088,28.559,4.668999999999997,True,13.0,88.25245161290323,12.736792256020752,82.487,134.428,9.811451612903223,52,0.8738797146302818,Normal
RIC,Red Bull Racing,47,80.35,Medium,14,2,1,16.7,51.6,True,False,23.006,30.219,27.125,1.9089999999999918,True,5.0,86.08671875,13.89064366898419,78.441,133.445,7.645718749999997,55,0.8610621111330041,Normal
HAR,Toro Rosso,46,81.944,Medium,13,3,1,16.8,49.9,True,False,23.261,30.748,27.935,3.503,True,12.0,88.17641935483871,12.868808203379087,81.439,135.104,9.735419354838708,52,0.8726430875128204,Normal
MAG,Haas F1 Team,47,82.357,Medium,15,2,1,16.8,49.9,True,False,23.942,30.685,27.73,3.915999999999997,True,6.0,86.92490476190477,12.994465063291594,80.246,133.292,8.483904761904759,54,0.8699504902200171,Normal
HAM,Mercedes,48,80.2,Medium,23,2,1,16.8,49.9,True,False,23.127,29.95,27.123,1.7590000000000003,True,1.0,85.40671875,13.723649734914796,79.133,133.88,6.965718749999997,54,0.8615595811388194,Normal
SAI,Renault,47,83.432,Medium,22,2,1,16.8,49.9,True,False,23.541,30.747,29.144,4.991,True,7.0,87.4861746031746,12.98032991098663,81.324,133.005,9.0451746031746,53,0.8707994273936643,Normal
BOT,Mercedes,48,81.942,Medium,29,2,1,16.8,49.9,True,False,23.4,30.285,28.257,3.5009999999999906,True,2.0,85.678171875,13.61455356286139,79.478,132.666,7.237171874999997,54,0.8628846826106958,Normal
SIR,Williams,46,86.38,SUPERSOFT,5,4,1,16.8,49.9,True,False,23.682,31.21,31.488,7.938999999999993,True,14.0,90.35001612903226,15.115628150255102,82.68,149.412,11.909016129032256,50,0.8566772312106977,Normal
ALO,McLaren,47,81.959,Medium,26,2,1,16.8,49.9,True,False,23.341,30.524,28.094,3.5180000000000007,True,8.0,87.46238095238095,12.79393185601695,80.727,132.147,9.02138095238095,53,0.8723877679356937,Normal
VER,Red Bull Racing,48,80.805,Medium,14,2,1,16.8,49.9,True,False,23.418,30.321,27.066,2.3640000000000043,True,3.0,85.742796875,13.646163597375615,79.422,133.094,7.301796874999997,55,0.8626994031075669,Normal
VET,Ferrari,48,80.947,Medium,7,3,1,16.8,49.7,True,False,23.312,30.006,27.629,2.5060000000000002,True,4.0,85.82003125,14.32964119996181,79.128,133.906,7.379031249999997,55,0.8569177427203131,Normal
LEC,Sauber,47,86.017,Medium,27,2,1,16.8,49.7,True,False,23.683,33.862,28.472,7.575999999999993,True,10.0,88.07000000000001,12.804455411826083,82.122,131.588,9.628999999999998,52,0.8730654320803901,Normal
PER,Force India,47,81.351,Soft,13,3,1,16.8,49.7,True,False,23.094,30.516,27.741,2.9099999999999966,True,9.0,87.92024193548387,13.486412297027917,81.128,134.212,9.479241935483868,53,0.867006633843718,Normal
STR,Williams,47,82.598,Medium,27,2,1,16.8,49.7,True,False,23.44,30.98,28.178,4.1569999999999965,True,11.0,88.09791935483871,12.804433375802189,82.095,132.536,9.656919354838706,53,0.8731007451334295,Normal
ERI,Sauber,47,82.953,Soft,12,2,1,16.8,49.7,True,False,23.439,30.912,28.602,4.5120000000000005,True,13.0,88.25245161290323,12.736792256020752,82.487,134.428,9.811451612903223,52,0.8738797146302818,Normal
RIC,Red Bull Racing,48,80.854,Medium,15,2,1,16.8,49.7,True,False,22.96,30.104,27.79,2.4129999999999967,True,5.0,86.08671875,13.89064366898419,78.441,133.445,7.645718749999997,55,0.8610621111330041,Normal
HAR,Toro Rosso,47,81.95,Medium,14,3,1,16.8,49.7,True,False,23.23,30.734,27.986,3.5090000000000003,True,12.0,88.17641935483871,12.868808203379087,81.439,135.104,9.735419354838708,52,0.8726430875128204,Normal
MAG,Haas F1 Team,48,81.37,Medium,16,2,1,16.8,49.7,True,False,23.255,30.253,27.862,2.929000000000002,True,6.0,86.92490476190477,12.994465063291594,80.246,133.292,8.483904761904759,54,0.8699504902200171,Normal
HAM,Mercedes,49,79.983,Medium,24,2,1,16.8,49.7,True,False,22.805,30.041,27.137,1.5420000000000016,True,1.0,85.40671875,13.723649734914796,79.133,133.88,6.965718749999997,54,0.8615595811388194,Normal
BOT,Mercedes,49,79.828,Medium,30,2,1,16.3,49.5,True,False,22.179,29.954,27.695,1.3870000000000005,True,2.0,85.678171875,13.61455356286139,79.478,132.666,7.237171874999997,54,0.8628846826106958,Normal
SAI,Renault,48,82.518,Medium,23,2,1,16.3,49.5,True,False,23.996,30.775,27.747,4.076999999999998,True,7.0,87.4861746031746,12.98032991098663,81.324,133.005,9.0451746031746,53,0.8707994273936643,Normal
SIR,Williams,47,83.805,SUPERSOFT,6,4,1,16.3,49.5,True,False,23.647,31.603,28.555,5.364000000000004,True,14.0,90.35001612903226,15.115628150255102,82.68,149.412,11.909016129032256,50,0.8566772312106977,Normal
ALO,McLaren,48,82.466,Medium,27,2,1,16.3,49.5,True,False,23.419,30.745,28.302,4.0249999999999915,True,8.0,87.46238095238095,12.79393185601695,80.727,132.147,9.02138095238095,53,0.8723877679356937,Normal
VER,Red Bull Racing,49,80.336,Medium,15,2,1,16.3,49.5,True,False,22.925,30.149,27.262,1.894999999999996,True,3.0,85.742796875,13.646163597375615,79.422,133.094,7.301796874999997,55,0.8626994031075669,Normal
VET,Ferrari,49,80.151,Medium,8,3,1,16.3,49.5,True,False,22.665,30.007,27.479,1.7099999999999937,True,4.0,85.82003125,14.32964119996181,79.128,133.906,7.379031249999997,55,0.8569177427203131,Normal
LEC,Sauber,48,82.445,Medium,28,2,1,16.3,49.5,True,False,23.459,31.009,27.977,4.003999999999991,True,10.0,88.07000000000001,12.804455411826083,82.122,131.588,9.628999999999998,52,0.8730654320803901,Normal
PER,Force India,48,81.59,Soft,14,3,1,16.3,49.5,True,False,23.076,30.686,27.828,3.149000000000001,True,9.0,87.92024193548387,13.486412297027917,81.128,134.212,9.479241935483868,53,0.867006633843718,Normal
STR,Williams,48,82.629,Medium,28,2,1,16.3,49.5,True,False,23.334,31.137,28.158,4.188000000000002,True,11.0,88.09791935483871,12.804433375802189,82.095,132.536,9.656919354838706,53,0.8731007451334295,Normal
RIC,Red Bull Racing,49,80.278,Medium,16,2,1,16.3,49.5,True,False,22.618,30.044,27.616,1.8370000000000033,True,5.0,86.08671875,13.89064366898419,78.441,133.445,7.645718749999997,55,0.8610621111330041,Normal
ERI,Sauber,48,84.253,Soft,13,2,1,16.3,49.5,True,False,24.333,31.528,28.392,5.811999999999998,True,13.0,88.25245161290323,12.736792256020752,82.487,134.428,9.811451612903223,52,0.8738797146302818,Normal
HAR,Toro Rosso,48,82.04,Medium,15,3,1,16.3,49.5,True,False,23.211,30.784,28.045,3.5990000000000038,True,12.0,88.17641935483871,12.868808203379087,81.439,135.104,9.735419354838708,52,0.8726430875128204,Normal
MAG,Haas F1 Team,49,81.265,Medium,17,2,1,15.8,50.7,True,False,23.176,30.372,27.717,2.823999999999998,True,6.0,86.92490476190477,12.994465063291594,80.246,133.292,8.483904761904759,54,0.8699504902200171,Normal
HAM,Mercedes,50,79.902,Medium,25,2,1,15.8,50.7,True,False,22.779,29.981,27.142,1.4609999999999985,True,1.0,85.40671875,13.723649734914796,79.133,133.88,6.965718749999997,54,0.8615595811388194,Normal
BOT,Mercedes,50,80.492,Medium,31,2,1,15.8,50.7,True,False,22.882,30.114,27.496,2.051000000000002,True,2.0,85.678171875,13.61455356286139,79.478,132.666,7.237171874999997,54,0.8628846826106958,Normal
SAI,Renault,49,81.822,Medium,24,2,1,15.8,50.7,True,False,23.32,30.75,27.752,3.3810000000000002,True,7.0,87.4861746031746,12.98032991098663,81.324,133.005,9.0451746031746,53,0.8707994273936643,Normal
SIR,Williams,48,83.004,SUPERSOFT,7,4,1,15.8,50.7,True,False,23.382,30.981,28.641,4.563000000000002,True,14.0,90.35001612903226,15.115628150255102,82.68,149.412,11.909016129032256,50,0.8566772312106977,Normal
VER,Red Bull Racing,50,79.823,Medium,16,2,1,15.8,50.7,True,False,22.497,30.132,27.194,1.3819999999999908,True,3.0,85.742796875,13.646163597375615,79.422,133.094,7.301796874999997,55,0.8626994031075669,Normal
VET,Ferrari,50,80.915,Medium,9,3,1,15.8,50.7,True,False,22.692,30.445,27.778,2.4740000000000038,True,4.0,85.82003125,14.32964119996181,79.128,133.906,7.379031249999997,55,0.8569177427203131,Normal
ALO,McLaren,49,84.447,Medium,28,2,1,15.8,50.7,True,False,24.052,31.365,29.03,6.006,True,8.0,87.46238095238095,12.79393185601695,80.727,132.147,9.02138095238095,53,0.8723877679356937,Normal
LEC,Sauber,49,82.279,Medium,29,2,1,15.8,50.7,True,False,23.285,30.822,28.172,3.837999999999994,True,10.0,88.07000000000001,12.804455411826083,82.122,131.588,9.628999999999998,52,0.8730654320803901,Normal
PER,Force India,49,81.451,Soft,15,3,1,15.8,50.7,True,False,23.085,30.58,27.786,3.009999999999991,True,9.0,87.92024193548387,13.486412297027917,81.128,134.212,9.479241935483868,53,0.867006633843718,Normal
RIC,Red Bull Racing,50,79.147,Medium,17,2,1,15.8,50.7,True,False,22.444,29.875,26.828,0.7060000000000031,True,5.0,86.08671875,13.89064366898419,78.441,133.445,7.645718749999997,55,0.8610621111330041,Strong
STR,Williams,49,83.645,Medium,29,2,1,15.9,51.5,True,False,24.407,31.183,28.055,5.2039999999999935,True,11.0,88.09791935483871,12.804433375802189,82.095,132.536,9.656919354838706,53,0.8731007451334295,Normal
ERI,Sauber,49,82.586,Soft,14,2,1,15.9,51.5,True,False,23.334,30.943,28.309,4.144999999999996,True,13.0,88.25245161290323,12.736792256020752,82.487,134.428,9.811451612903223,52,0.8738797146302818,Normal
HAR,Toro Rosso,49,82.12,Medium,16,3,1,15.9,51.5,True,False,23.231,30.763,28.126,3.679000000000002,True,12.0,88.17641935483871,12.868808203379087,81.439,135.104,9.735419354838708,52,0.8726430875128204,Normal
MAG,Haas F1 Team,50,81.322,Medium,18,2,1,15.9,51.5,True,False,23.291,30.354,27.677,2.8810000000000002,True,6.0,86.92490476190477,12.994465063291594,80.246,133.292,8.483904761904759,54,0.8699504902200171,Normal
HAM,Mercedes,51,79.634,Medium,26,2,1,15.9,51.5,True,False,22.721,29.881,27.032,1.1929999999999978,True,1.0,85.40671875,13.723649734914796,79.133,133.88,6.965718749999997,54,0.8615595811388194,Normal
BOT,Mercedes,51,79.924,Medium,32,2,1,15.9,51.5,True,False,22.666,29.805,27.453,1.483000000000004,True,2.0,85.678171875,13.61455356286139,79.478,132.666,7.237171874999997,54,0.8628846826106958,Normal
SAI,Renault,50,81.699,Medium,25,2,1,15.9,51.5,True,False,23.419,30.65,27.63,3.2579999999999956,True,7.0,87.4861746031746,12.98032991098663,81.324,133.005,9.0451746031746,53,0.8707994273936643,Normal
VER,Red Bull Racing,51,80.442,Medium,17,2,1,15.9,51.5,True,False,22.733,30.431,27.278,2.0009999999999906,True,3.0,85.742796875,13.646163597375615,79.422,133.094,7.301796874999997,55,0.8626994031075669,Normal
SIR,Williams,49,84.499,SUPERSOFT,8,4,1,15.8,51.2,True,False,23.45,31.484,29.565,6.057999999999993,True,14.0,90.35001612903226,15.115628150255102,82.68,149.412,11.909016129032256,50,0.8566772312106977,Normal
VET,Ferrari,51,80.079,Medium,10,3,1,15.8,51.2,True,False,22.727,29.79,27.562,1.637999999999991,True,4.0,85.82003125,14.32964119996181,79.128,133.906,7.379031249999997,55,0.8569177427203131,Normal
ALO,McLaren,50,81.723,Medium,29,2,1,15.8,51.2,True,False,23.117,30.653,27.953,3.2819999999999965,True,8.0,87.46238095238095,12.79393185601695,80.727,132.147,9.02138095238095,53,0.8723877679356937,Normal
LEC,Sauber,50,82.264,Medium,30,2,1,15.8,51.2,True,False,23.276,30.762,28.226,3.8229999999999933,True,10.0,88.07000000000001,12.804455411826083,82.122,131.588,9.628999999999998,52,0.8730654320803901,Normal
PER,Force India,50,81.494,Soft,16,3,1,15.8,51.2,True,False,23.137,30.63,27.727,3.0529999999999973,True,9.0,87.92024193548387,13.486412297027917,81.128,134.212,9.479241935483868,53,0.867006633843718,Normal
RIC,Red Bull Racing,51,79.673,Medium,18,2,1,15.8,51.2,True,False,22.87,29.908,26.895,1.2319999999999993,True,5.0,86.08671875,13.89064366898419,78.441,133.445,7.645718749999997,55,0.8610621111330041,Normal
STR,Williams,50,82.475,Medium,30,2,1,15.8,51.2,True,False,23.347,31.055,28.073,4.033999999999992,True,11.0,88.09791935483871,12.804433375802189,82.095,132.536,9.656919354838706,53,0.8731007451334295,Normal
ERI,Sauber,50,82.487,Soft,15,2,1,15.8,51.2,True,False,23.432,30.854,28.201,4.045999999999992,True,13.0,88.25245161290323,12.736792256020752,82.487,134.428,9.811451612903223,52,0.8738797146302818,Peak
HAR,Toro Rosso,50,81.881,Medium,17,3,1,15.8,51.2,True,False,23.237,30.599,28.045,3.4399999999999977,True,12.0,88.17641935483871,12.868808203379087,81.439,135.104,9.735419354838708,52,0.8726430875128204,Normal
MAG,Haas F1 Team,51,81.232,Medium,19,2,1,15.8,51.2,True,False,23.193,30.328,27.711,2.790999999999997,True,6.0,86.92490476190477,12.994465063291594,80.246,133.292,8.483904761904759,54,0.8699504902200171,Normal
HAM,Mercedes,52,79.984,Medium,27,2,1,15.8,51.2,True,False,22.848,29.926,27.21,1.5429999999999922,True,1.0,85.40671875,13.723649734914796,79.133,133.88,6.965718749999997,54,0.8615595811388194,Normal
BOT,Mercedes,52,79.987,Medium,33,2,1,15.8,52.2,True,False,22.757,29.831,27.399,1.5459999999999923,True,2.0,85.678171875,13.61455356286139,79.478,132.666,7.237171874999997,54,0.8628846826106958,Normal
SAI,Renault,51,81.561,Medium,26,2,1,15.8,52.2,True,False,23.432,30.555,27.574,3.1200000000000045,True,7.0,87.4861746031746,12.98032991098663,81.324,133.005,9.0451746031746,53,0.8707994273936643,Normal
VER,Red Bull Racing,52,79.877,Medium,18,2,1,15.8,52.2,True,False,22.83,29.947,27.1,1.4359999999999928,True,3.0,85.742796875,13.646163597375615,79.422,133.094,7.301796874999997,55,0.8626994031075669,Normal
VET,Ferrari,52,79.581,Medium,11,3,1,15.8,52.2,True,False,22.167,29.763,27.651,1.1400000000000006,True,4.0,85.82003125,14.32964119996181,79.128,133.906,7.379031249999997,55,0.8569177427203131,Normal
SIR,Williams,50,84.778,SUPERSOFT,9,4,1,15.8,52.2,True,False,24.472,31.487,28.819,6.337000000000003,True,14.0,90.35001612903226,15.115628150255102,82.68,149.412,11.909016129032256,50,0.8566772312106977,Normal
ALO,McLaren,51,82.073,Medium,30,2,1,15.8,52.2,True,False,23.265,30.678,28.13,3.631999999999991,True,8.0,87.46238095238095,12.79393185601695,80.727,132.147,9.02138095238095,53,0.8723877679356937,Normal
LEC,Sauber,51,82.122,Medium,31,2,1,15.8,52.2,True,False,23.23,30.792,28.1,3.6809999999999974,True,10.0,88.07000000000001,12.804455411826083,82.122,131.588,9.628999999999998,52,0.8730654320803901,Peak
PER,Force India,51,81.877,Soft,17,3,1,15.8,52.2,True,False,23.076,30.766,28.035,3.435999999999993,True,9.0,87.92024193548387,13.486412297027917,81.128,134.212,9.479241935483868,53,0.867006633843718,Normal
RIC,Red Bull Racing,52,79.801,Medium,19,2,1,15.8,52.2,True,False,22.857,29.899,27.045,1.3599999999999994,True,5.0,86.08671875,13.89064366898419,78.441,133.445,7.645718749999997,55,0.8610621111330041,Normal
STR,Williams,51,82.369,Medium,31,2,1,15.8,52.2,True,False,23.303,30.914,28.152,3.9279999999999973,True,11.0,88.09791935483871,12.804433375802189,82.095,132.536,9.656919354838706,53,0.8731007451334295,Normal
ERI,Sauber,51,82.797,Soft,16,2,1,15.8,52.2,True,False,23.349,30.911,28.537,4.3559999999999945,True,13.0,88.25245161290323,12.736792256020752,82.487,134.428,9.811451612903223,52,0.8738797146302818,Normal
HAR,Toro Rosso,51,81.913,Medium,18,3,1,15.8,52.2,True,False,23.188,30.637,28.088,3.471999999999994,True,12.0,88.17641935483871,12.868808203379087,81.439,135.104,9.735419354838708,52,0.8726430875128204,Normal
HAM,Mercedes,53,79.831,Medium,28,2,1,15.9,51.6,True,False,22.728,30.152,26.951,1.3900000000000006,True,1.0,85.40671875,13.723649734914796,79.133,133.88,6.965718749999997,54,0.8615595811388194,Normal
MAG,Haas F1 Team,52,84.213,Medium,20,2,1,15.9,51.6,True,False,23.129,33.063,28.021,5.771999999999991,True,6.0,86.92490476190477,12.994465063291594,80.246,133.292,8.483904761904759,54,0.8699504902200171,Normal
BOT,Mercedes,53,80.092,Medium,34,2,1,15.9,51.6,True,False,22.75,29.94,27.402,1.6509999999999962,True,2.0,85.678171875,13.61455356286139,79.478,132.666,7.237171874999997,54,0.8628846826106958,Normal
SAI,Renault,52,81.722,Medium,27,2,1,15.9,51.6,True,False,23.363,30.539,27.82,3.2809999999999917,True,7.0,87.4861746031746,12.98032991098663,81.324,133.005,9.0451746031746,53,0.8707994273936643,Normal
VER,Red Bull Racing,53,80.355,Medium,19,2,1,15.9,51.6,True,False,22.727,30.008,27.62,1.9140000000000015,True,3.0,85.742796875,13.646163597375615,79.422,133.094,7.301796874999997,55,0.8626994031075669,Normal
VET,Ferrari,53,79.833,Medium,12,3,1,15.9,51.6,True,False,22.637,29.783,27.413,1.391999999999996,True,4.0,85.82003125,14.32964119996181,79.128,133.906,7.379031249999997,55,0.8569177427203131,Normal
ALO,McLaren,52,81.559,Medium,31,2,1,15.9,51.6,True,False,22.959,30.727,27.873,3.117999999999995,True,8.0,87.46238095238095,12.79393185601695,80.727,132.147,9.02138095238095,53,0.8723877679356937,Normal
SIR,Williams,51,85.045,SUPERSOFT,10,4,1,15.9,51.6,True,False,24.893,31.5,28.652,6.603999999999999,True,14.0,90.35001612903226,15.115628150255102,82.68,149.412,11.909016129032256,50,0.8566772312106977,Normal
LEC,Sauber,52,82.264,Medium,32,2,1,15.9,51.6,True,False,23.284,30.86,28.12,3.8229999999999933,True,10.0,88.07000000000001,12.804455411826083,82.122,131.588,9.628999999999998,52,0.8730654320803901,Normal
PER,Force India,52,82.227,Soft,18,3,1,15.9,51.6,True,False,23.165,31.009,28.053,3.7860000000000014,True,9.0,87.92024193548387,13.486412297027917,81.128,134.212,9.479241935483868,53,0.867006633843718,Normal
RIC,Red Bull Racing,53,80.219,Medium,20,2,1,15.9,51.6,True,False,22.896,30.056,27.267,1.7779999999999916,True,5.0,86.08671875,13.89064366898419,78.441,133.445,7.645718749999997,55,0.8610621111330041,Normal
STR,Williams,52,82.419,Medium,32,2,1,16.0,51.7,True,False,23.325,31.03,28.064,3.9779999999999944,True,11.0,88.09791935483871,12.804433375802189,82.095,132.536,9.656919354838706,53,0.8731007451334295,Normal
ERI,Sauber,52,82.797,Soft,17,2,1,16.0,51.7,True,False,23.422,30.969,28.406,4.3559999999999945,True,13.0,88.25245161290323,12.736792256020752,82.487,134.428,9.811451612903223,52,0.8738797146302818,Normal
HAR,Toro Rosso,52,81.956,Medium,19,3,1,16.0,51.7,True,False,23.194,30.738,28.024,3.5150000000000006,True,12.0,88.17641935483871,12.868808203379087,81.439,135.104,9.735419354838708,52,0.8726430875128204,Normal
HAM,Mercedes,54,80.007,Medium,29,2,1,16.0,51.7,True,False,22.961,30.053,26.993,1.5660000000000025,True,1.0,85.40671875,13.723649734914796,79.133,133.88,6.965718749999997,54,0.8615595811388194,Normal
MAG,Haas F1 Team,53,81.565,Medium,21,2,1,16.0,51.7,True,False,23.41,30.59,27.565,3.1239999999999952,True,6.0,86.92490476190477,12.994465063291594,80.246,133.292,8.483904761904759,54,0.8699504902200171,Normal
BOT,Mercedes,54,79.946,Medium,35,2,1,16.0,51.7,True,False,22.701,29.867,27.378,1.5049999999999955,True,2.0,85.678171875,13.61455356286139,79.478,132.666,7.237171874999997,54,0.8628846826106958,Normal
VER,Red Bull Racing,54,79.777,Medium,20,2,1,16.0,51.7,True,False,22.903,30.034,26.84,1.3359999999999985,True,3.0,85.742796875,13.646163597375615,79.422,133.094,7.301796874999997,55,0.8626994031075669,Normal
VET,Ferrari,54,80.397,Medium,13,3,1,16.2,51.5,True,False,22.72,30.262,27.415,1.956000000000003,True,4.0,85.82003125,14.32964119996181,79.128,133.906,7.379031249999997,55,0.8569177427203131,Normal
SAI,Renault,53,85.543,Medium,28,2,1,16.2,51.5,True,False,24.503,33.093,27.947,7.102000000000004,True,7.0,87.4861746031746,12.98032991098663,81.324,133.005,9.0451746031746,53,0.8707994273936643,Normal
ALO,McLaren,53,81.79,Medium,32,2,1,16.2,51.5,True,False,23.292,30.735,27.763,3.3490000000000038,True,8.0,87.46238095238095,12.79393185601695,80.727,132.147,9.02138095238095,53,0.8723877679356937,Normal
SIR,Williams,52,83.155,SUPERSOFT,11,4,1,16.2,51.5,True,False,23.547,31.078,28.53,4.713999999999999,True,14.0,90.35001612903226,15.115628150255102,82.68,149.412,11.909016129032256,50,0.8566772312106977,Normal
LEC,Sauber,53,84.486,Medium,33,2,1,16.2,51.5,True,False,24.848,31.407,28.231,6.045000000000002,True,10.0,88.07000000000001,12.804455411826083,82.122,131.588,9.628999999999998,52,0.8730654320803901,Normal
RIC,Red Bull Racing,54,81.351,Medium,21,2,1,16.2,51.5,True,False,23.157,30.61,27.584,2.9099999999999966,True,5.0,86.08671875,13.89064366898419,78.441,133.445,7.645718749999997,55,0.8610621111330041,Normal
PER,Force India,53,84.392,Soft,19,3,1,16.2,51.5,True,False,23.349,31.929,29.114,5.950999999999993,True,9.0,87.92024193548387,13.486412297027917,81.128,134.212,9.479241935483868,53,0.867006633843718,Normal
STR,Williams,53,82.185,Medium,33,2,1,16.2,51.5,True,False,23.311,30.787,28.087,3.7439999999999998,True,11.0,88.09791935483871,12.804433375802189,82.095,132.536,9.656919354838706,53,0.8731007451334295,Normal
ERI,Sauber,53,82.805,Soft,18,2,1,16.2,51.5,True,False,23.456,30.902,28.447,4.364000000000004,True,13.0,88.25245161290323,12.736792256020752,82.487,134.428,9.811451612903223,52,0.8738797146302818,Normal
HAR,Toro Rosso,53,82.195,Medium,20,3,1,16.2,51.5,True,False,23.143,30.902,28.15,3.7539999999999907,True,12.0,88.17641935483871,12.868808203379087,81.439,135.104,9.735419354838708,52,0.8726430875128204,Normal
HAM,Mercedes,55,79.86,Medium,30,2,1,16.2,51.5,True,False,22.888,29.97,27.002,1.418999999999997,True,1.0,85.40671875,13.723649734914796,79.133,133.88,6.965718749999997,54,0.8615595811388194,Normal
MAG,Haas F1 Team,54,81.165,Medium,22,2,1,16.2,51.5,True,False,23.149,30.28,27.736,2.7240000000000038,True,6.0,86.92490476190477,12.994465063291594,80.246,133.292,8.483904761904759,54,0.8699504902200171,Normal
BOT,Mercedes,55,79.837,Medium,36,2,1,15.9,51.1,True,False,22.657,29.993,27.187,1.3960000000000008,True,2.0,85.678171875,13.61455356286139,79.478,132.666,7.237171874999997,54,0.8628846826106958,Normal
VER,Red Bull Racing,55,79.731,Medium,21,2,1,15.9,51.1,True,False,22.845,29.92,26.966,1.289999999999992,True,3.0,85.742796875,13.646163597375615,79.422,133.094,7.301796874999997,55,0.8626994031075669,Normal
VET,Ferrari,55,79.564,Medium,14,3,1,15.9,51.1,True,False,22.648,29.664,27.252,1.1229999999999905,True,4.0,85.82003125,14.32964119996181,79.128,133.906,7.379031249999997,55,0.8569177427203131,Normal
SAI,Renault,54,81.335,Medium,29,2,1,15.9,51.1,True,False,23.335,30.415,27.585,2.8939999999999912,True,7.0,87.4861746031746,12.98032991098663,81.324,133.005,9.0451746031746,53,0.8707994273936643,Normal
ALO,McLaren,54,81.308,Medium,33,2,1,15.9,51.1,True,False,23.267,30.298,27.743,2.8670000000000044,True,8.0,87.46238095238095,12.79393185601695,80.727,132.147,9.02138095238095,53,0.8723877679356937,Normal
SIR,Williams,53,82.754,SUPERSOFT,12,4,1,15.9,51.1,True,False,23.372,31.01,28.372,4.313000000000002,True,14.0,90.35001612903226,15.115628150255102,82.68,149.412,11.909016129032256,50,0.8566772312106977,Normal
RIC,Red Bull Racing,55,79.093,Medium,22,2,1,15.9,51.1,True,False,22.374,29.809,26.91,0.652000000000001,True,5.0,86.08671875,13.89064366898419,78.441,133.445,7.645718749999997,55,0.8610621111330041,Strong
LEC,Sauber,54,83.617,Medium,34,2,1,15.9,51.1,True,False,24.643,30.852,28.122,5.176000000000002,True,10.0,88.07000000000001,12.804455411826083,82.122,131.588,9.628999999999998,52,0.8730654320803901,Normal
PER,Force India,54,82.389,Soft,20,3,1,15.9,51.1,True,False,23.423,30.8,28.166,3.9479999999999933,True,9.0,87.92024193548387,13.486412297027917,81.128,134.212,9.479241935483868,53,0.867006633843718,Normal
STR,Williams,54,82.205,Medium,34,2,1,15.9,51.1,True,False,23.331,30.796,28.078,3.763999999999996,True,11.0,88.09791935483871,12.804433375802189,82.095,132.536,9.656919354838706,53,0.8731007451334295,Normal
ERI,Sauber,54,82.563,Soft,19,2,1,15.9,51.1,True,False,23.343,30.935,28.285,4.122,True,13.0,88.25245161290323,12.736792256020752,82.487,134.428,9.811451612903223,52,0.8738797146302818,Normal
HAR,Toro Rosso,54,82.361,Medium,21,3,1,15.9,51.1,True,False,23.139,30.799,28.423,3.9200000000000017,True,12.0,88.17641935483871,12.868808203379087,81.439,135.104,9.735419354838708,52,0.8726430875128204,Normal
HAM,Mercedes,56,79.811,Medium,31,2,1,16.1,51.8,True,False,22.724,29.968,27.119,1.3700000000000045,True,1.0,85.40671875,13.723649734914796,79.133,133.88,6.965718749999997,54,0.8615595811388194,Normal
MAG,Haas F1 Team,55,80.973,Medium,23,2,1,16.1,51.8,True,False,23.173,30.179,27.621,2.5319999999999965,True,6.0,86.92490476190477,12.994465063291594,80.246,133.292,8.483904761904759,54,0.8699504902200171,Normal
BOT,Mercedes,56,79.478,Medium,37,2,1,16.1,51.8,True,False,22.64,29.587,27.251,1.036999999999992,True,2.0,85.678171875,13.61455356286139,79.478,132.666,7.237171874999997,54,0.8628846826106958,Peak
VER,Red Bull Racing,56,79.508,Medium,22,2,1,16.1,51.8,True,False,22.738,29.798,26.972,1.066999999999993,True,3.0,85.742796875,13.646163597375615,79.422,133.094,7.301796874999997,55,0.8626994031075669,Normal
VET,Ferrari,56,79.667,Medium,15,3,1,16.1,51.8,True,False,22.545,29.854,27.268,1.225999999999999,True,4.0,85.82003125,14.32964119996181,79.128,133.906,7.379031249999997,55,0.8569177427203131,Normal
SAI,Renault,55,81.414,Medium,30,2,1,16.1,51.8,True,False,23.286,30.393,27.735,2.972999999999999,True,7.0,87.4861746031746,12.98032991098663,81.324,133.005,9.0451746031746,53,0.8707994273936643,Normal
ALO,McLaren,55,81.295,Medium,34,2,1,16.1,51.8,True,False,23.169,30.374,27.752,2.853999999999999,True,8.0,87.46238095238095,12.79393185601695,80.727,132.147,9.02138095238095,53,0.8723877679356937,Normal
RIC,Red Bull Racing,56,81.627,Medium,23,2,1,16.1,51.8,True,False,23.004,31.231,27.392,3.185999999999993,True,5.0,86.08671875,13.89064366898419,78.441,133.445,7.645718749999997,55,0.8610621111330041,Normal
SIR,Williams,54,85.471,SUPERSOFT,13,4,1,16.5,51.0,True,False,23.275,33.315,28.881,7.030000000000001,True,14.0,90.35001612903226,15.115628150255102,82.68,149.412,11.909016129032256,50,0.8566772312106977,Normal
LEC,Sauber,55,82.318,Medium,35,2,1,16.5,51.0,True,False,23.296,30.8,28.222,3.8769999999999953,True,10.0,88.07000000000001,12.804455411826083,82.122,131.588,9.628999999999998,52,0.8730654320803901,Normal
PER,Force India,55,82.073,Soft,21,3,1,16.5,51.0,True,False,23.101,30.931,28.041,3.631999999999991,True,9.0,87.92024193548387,13.486412297027917,81.128,134.212,9.479241935483868,53,0.867006633843718,Normal
STR,Williams,55,82.202,Medium,35,2,1,16.5,51.0,True,False,23.221,30.892,28.089,3.7609999999999957,True,11.0,88.09791935483871,12.804433375802189,82.095,132.536,9.656919354838706,53,0.8731007451334295,Normal
ERI,Sauber,55,82.561,Soft,20,2,1,16.5,51.0,True,False,23.342,30.752,28.467,4.1200000000000045,True,13.0,88.25245161290323,12.736792256020752,82.487,134.428,9.811451612903223,52,0.8738797146302818,Normal
HAR,Toro Rosso,55,82.12,Medium,22,3,1,16.5,51.0,True,False,23.151,30.91,28.059,3.679000000000002,True,12.0,88.17641935483871,12.868808203379087,81.439,135.104,9.735419354838708,52,0.8726430875128204,Normal
HAM,Mercedes,57,79.443,Medium,32,2,1,16.5,51.0,True,False,22.826,29.765,26.852,1.0019999999999953,True,1.0,85.40671875,13.723649734914796,79.133,133.88,6.965718749999997,54,0.8615595811388194,Normal
MAG,Haas F1 Team,56,81.106,Medium,24,2,1,16.5,51.0,True,False,23.113,30.179,27.814,2.664999999999992,True,6.0,86.92490476190477,12.994465063291594,80.246,133.292,8.483904761904759,54,0.8699504902200171,Normal
BOT,Mercedes,57,79.94,Medium,38,2,1,16.5,51.0,True,False,22.499,29.861,27.58,1.4989999999999952,True,2.0,85.678171875,13.61455356286139,79.478,132.666,7.237171874999997,54,0.8628846826106958,Normal
VER,Red Bull Racing,57,79.515,Medium,23,2,1,16.5,51.0,True,False,22.709,29.881,26.925,1.073999999999998,True,3.0,85.742796875,13.646163597375615,79.422,133.094,7.301796874999997,55,0.8626994031075669,Normal
VET,Ferrari,57,79.674,Medium,16,3,1,16.7,50.4,True,False,22.566,29.729,27.379,1.233000000000004,True,4.0,85.82003125,14.32964119996181,79.128,133.906,7.379031249999997,55,0.8569177427203131,Normal
SAI,Renault,56,81.684,Medium,31,2,1,16.7,50.4,True,False,23.333,30.403,27.948,3.242999999999995,True,7.0,87.4861746031746,12.98032991098663,81.324,133.005,9.0451746031746,53,0.8707994273936643,Normal
ALO,McLaren,56,81.84,Medium,35,2,1,16.7,50.4,True,False,23.326,30.691,27.823,3.399000000000001,True,8.0,87.46238095238095,12.79393185601695,80.727,132.147,9.02138095238095,53,0.8723877679356937,Normal
RIC,Red Bull Racing,57,80.69,Medium,24,2,1,16.7,50.4,True,False,22.908,30.1,27.682,2.2489999999999952,True,5.0,86.08671875,13.89064366898419,78.441,133.445,7.645718749999997,55,0.8610621111330041,Normal
SIR,Williams,55,82.829,SUPERSOFT,14,4,1,16.7,50.4,True,False,23.438,30.985,28.406,4.387999999999991,True,14.0,90.35001612903226,15.115628150255102,82.68,149.412,11.909016129032256,50,0.8566772312106977,Normal
LEC,Sauber,56,82.628,Medium,36,2,1,16.7,50.4,True,False,23.275,30.911,28.442,4.186999999999998,True,10.0,88.07000000000001,12.804455411826083,82.122,131.588,9.628999999999998,52,0.8730654320803901,Normal
PER,Force India,56,82.585,Soft,22,3,1,16.7,50.4,True,False,23.178,31.111,28.296,4.143999999999991,True,9.0,87.92024193548387,13.486412297027917,81.128,134.212,9.479241935483868,53,0.867006633843718,Normal
STR,Williams,56,82.421,Medium,36,2,1,16.7,50.4,True,False,23.232,30.881,28.308,3.980000000000004,True,11.0,88.09791935483871,12.804433375802189,82.095,132.536,9.656919354838706,53,0.8731007451334295,Normal
ERI,Sauber,56,82.627,Soft,21,2,1,16.7,50.4,True,False,23.428,30.765,28.434,4.185999999999993,True,13.0,88.25245161290323,12.736792256020752,82.487,134.428,9.811451612903223,52,0.8738797146302818,Normal
HAR,Toro Rosso,56,82.5,Medium,23,3,1,16.7,50.4,True,False,23.258,31.093,28.149,4.0589999999999975,True,12.0,88.17641935483871,12.868808203379087,81.439,135.104,9.735419354838708,52,0.8726430875128204,Normal
HAM,Mercedes,58,79.488,Medium,33,2,1,16.7,50.4,True,False,22.735,29.808,26.945,1.046999999999997,True,1.0,85.40671875,13.723649734914796,79.133,133.88,6.965718749999997,54,0.8615595811388194,Normal
MAG,Haas F1 Team,57,80.966,Medium,25,2,1,16.7,50.4,True,False,23.132,30.132,27.702,2.5249999999999915,True,6.0,86.92490476190477,12.994465063291594,80.246,133.292,8.483904761904759,54,0.8699504902200171,Normal
BOT,Mercedes,58,80.098,Medium,39,2,1,16.7,50.4,True,False,22.652,29.938,27.508,1.6569999999999965,True,2.0,85.678171875,13.61455356286139,79.478,132.666,7.237171874999997,54,0.8628846826106958,Normal
VER,Red Bull Racing,58,79.599,Medium,24,2,1,16.7,50.4,True,False,22.746,29.857,26.996,1.1580000000000013,True,3.0,85.742796875,13.646163597375615,79.422,133.094,7.301796874999997,55,0.8626994031075669,Normal
VET,Ferrari,58,79.781,Medium,17,3,1,16.7,50.4,True,False,22.783,29.812,27.186,1.3400000000000034,True,4.0,85.82003125,14.32964119996181,79.128,133.906,7.379031249999997,55,0.8569177427203131,Normal
SAI,Renault,57,81.53,Medium,32,2,1,16.7,50.4,True,False,23.351,30.412,27.767,3.0889999999999986,True,7.0,87.4861746031746,12.98032991098663,81.324,133.005,9.0451746031746,53,0.8707994273936643,Normal
ALO,McLaren,57,81.854,Medium,36,2,1,16.7,50.4,True,False,23.342,30.627,27.885,3.4129999999999967,True,8.0,87.46238095238095,12.79393185601695,80.727,132.147,9.02138095238095,53,0.8723877679356937,Normal
RIC,Red Bull Racing,58,79.767,Medium,25,2,1,16.7,50.4,True,False,22.988,29.802,26.977,1.3259999999999934,True,5.0,86.08671875,13.89064366898419,78.441,133.445,7.645718749999997,55,0.8610621111330041,Normal
SIR,Williams,56,82.886,SUPERSOFT,15,4,1,16.7,50.4,True,False,23.393,30.996,28.497,4.444999999999993,True,14.0,90.35001612903226,15.115628150255102,82.68,149.412,11.909016129032256,50,0.8566772312106977,Normal
LEC,Sauber,57,82.984,Medium,37,2,1,16.7,50.4,True,False,23.435,30.898,28.651,4.542999999999992,True,10.0,88.07000000000001,12.804455411826083,82.122,131.588,9.628999999999998,52,0.8730654320803901,Normal
PER,Force India,57,82.709,Soft,23,3,1,16.7,50.4,True,False,23.288,31.034,28.387,4.268000000000001,True,9.0,87.92024193548387,13.486412297027917,81.128,134.212,9.479241935483868,53,0.867006633843718,Normal
STR,Williams,57,83.184,Medium,37,2,1,16.9,49.5,False,True,23.329,31.615,28.24,4.742999999999995,True,11.0,88.09791935483871,12.804433375802189,82.095,132.536,9.656919354838706,53,0.8731007451334295,Normal
ERI,Sauber,57,83.044,Soft,22,2,1,16.9,49.5,False,True,23.715,30.961,28.368,4.602999999999994,True,13.0,88.25245161290323,12.736792256020752,82.487,134.428,9.811451612903223,52,0.8738797146302818,Normal
HAR,Toro Rosso,57,83.118,Medium,24,3,1,16.9,49.5,False,True,23.613,31.188,28.317,4.6769999999999925,True,12.0,88.17641935483871,12.868808203379087,81.439,135.104,9.735419354838708,52,0.8726430875128204,Normal
HAM,Mercedes,59,79.614,Medium,34,2,1,16.9,49.5,False,True,22.693,29.843,27.078,1.1730000000000018,True,1.0,85.40671875,13.723649734914796,79.133,133.88,6.965718749999997,54,0.8615595811388194,Normal
MAG,Haas F1 Team,58,80.984,Medium,26,2,1,16.9,49.5,False,True,23.15,30.184,27.65,2.542999999999992,True,6.0,86.92490476190477,12.994465063291594,80.246,133.292,8.483904761904759,54,0.8699504902200171,Normal
BOT,Mercedes,59,80.169,Medium,40,2,1,16.9,49.5,False,True,22.685,29.932,27.552,1.7279999999999944,True,2.0,85.678171875,13.61455356286139,79.478,132.666,7.237171874999997,54,0.8628846826106958,Normal
VER,Red Bull Racing,59,79.656,Medium,25,2,1,16.9,49.5,False,True,22.828,29.895,26.933,1.2150000000000034,True,3.0,85.742796875,13.646163597375615,79.422,133.094,7.301796874999997,55,0.8626994031075669,Normal
VET,Ferrari,59,79.435,Medium,18,3,1,16.9,49.5,False,True,22.602,29.661,27.172,0.9939999999999998,True,4.0,85.82003125,14.32964119996181,79.128,133.906,7.379031249999997,55,0.8569177427203131,Strong
SAI,Renault,58,81.779,Medium,33,2,1,16.9,49.5,False,True,23.446,30.46,27.873,3.337999999999994,True,7.0,87.4861746031746,12.98032991098663,81.324,133.005,9.0451746031746,53,0.8707994273936643,Normal
ALO,McLaren,58,81.945,Medium,37,2,1,16.9,49.5,False,True,23.322,30.715,27.908,3.5039999999999907,True,8.0,87.46238095238095,12.79393185601695,80.727,132.147,9.02138095238095,53,0.8723877679356937,Normal
RIC,Red Bull Racing,59,79.63,Medium,26,2,1,16.9,49.5,False,True,22.884,29.815,26.931,1.188999999999993,True,5.0,86.08671875,13.89064366898419,78.441,133.445,7.645718749999997,55,0.8610621111330041,Normal
SIR,Williams,57,82.68,SUPERSOFT,16,4,1,16.7,50.4,False,True,23.368,31.001,28.311,4.239000000000004,True,14.0,90.35001612903226,15.115628150255102,82.68,149.412,11.909016129032256,50,0.8566772312106977,Peak
PER,Force India,58,82.003,Soft,24,3,1,16.7,50.4,False,True,22.676,31.206,28.121,3.5619999999999976,True,9.0,87.92024193548387,13.486412297027917,81.128,134.212,9.479241935483868,53,0.867006633843718,Normal
LEC,Sauber,58,84.121,Medium,38,2,1,16.7,50.4,False,True,24.065,31.406,28.65,5.679999999999993,True,10.0,88.07000000000001,12.804455411826083,82.122,131.588,9.628999999999998,52,0.8730654320803901,Normal
STR,Williams,58,82.627,Medium,38,2,1,16.7,50.4,False,True,23.32,30.973,28.334,4.185999999999993,True,11.0,88.09791935483871,12.804433375802189,82.095,132.536,9.656919354838706,53,0.8731007451334295,Normal
ERI,Sauber,58,83.29,Soft,23,2,1,16.7,50.4,False,True,23.746,31.075,28.469,4.849000000000004,True,13.0,88.25245161290323,12.736792256020752,82.487,134.428,9.811451612903223,52,0.8738797146302818,Normal
HAM,Mercedes,60,81.819,Medium,35,2,1,16.7,50.4,False,True,23.659,30.209,27.951,3.378,True,1.0,85.40671875,13.723649734914796,79.133,133.88,6.965718749999997,54,0.8615595811388194,Normal
HAR,Toro Rosso,58,84.786,Medium,25,3,1,16.7,50.4,False,True,23.583,31.169,30.034,6.344999999999999,True,12.0,88.17641935483871,12.868808203379087,81.439,135.104,9.735419354838708,52,0.8726430875128204,Normal
MAG,Haas F1 Team,59,80.908,Medium,27,2,1,16.7,50.4,False,True,23.111,30.112,27.685,2.4669999999999987,True,6.0,86.92490476190477,12.994465063291594,80.246,133.292,8.483904761904759,54,0.8699504902200171,Normal
BOT,Mercedes,60,80.006,Medium,41,2,1,16.7,50.4,False,True,22.56,29.949,27.497,1.5649999999999977,True,2.0,85.678171875,13.61455356286139,79.478,132.666,7.237171874999997,54,0.8628846826106958,Normal
VER,Red Bull Racing,60,79.707,Medium,26,2,1,16.7,50.4,False,True,22.817,29.873,27.017,1.2659999999999911,True,3.0,85.742796875,13.646163597375615,79.422,133.094,7.301796874999997,55,0.8626994031075669,Normal
VET,Ferrari,60,79.819,Medium,19,3,1,16.7,50.4,False,True,22.652,29.735,27.432,1.3780000000000001,True,4.0,85.82003125,14.32964119996181,79.128,133.906,7.379031249999997,55,0.8569177427203131,Normal
SAI,Renault,59,81.856,Medium,34,2,1,16.8,50.2,False,True,23.407,30.553,27.896,3.414999999999992,True,7.0,87.4861746031746,12.98032991098663,81.324,133.005,9.0451746031746,53,0.8707994273936643,Normal
ALO,McLaren,59,82.337,Medium,38,2,1,16.8,50.2,False,True,23.413,30.637,28.287,3.896000000000001,True,8.0,87.46238095238095,12.79393185601695,80.727,132.147,9.02138095238095,53,0.8723877679356937,Normal
RIC,Red Bull Racing,60,81.093,Medium,27,2,1,16.8,50.2,False,True,23.017,30.368,27.708,2.652000000000001,True,5.0,86.08671875,13.89064366898419,78.441,133.445,7.645718749999997,55,0.8610621111330041,Normal
SIR,Williams,58,82.689,SUPERSOFT,17,4,1,16.8,50.2,False,True,23.428,30.999,28.262,4.2479999999999905,True,14.0,90.35001612903226,15.115628150255102,82.68,149.412,11.909016129032256,50,0.8566772312106977,Normal
PER,Force India,59,82.474,Soft,25,3,1,16.8,50.2,False,True,23.179,31.068,28.227,4.033000000000001,True,9.0,87.92024193548387,13.486412297027917,81.128,134.212,9.479241935483868,53,0.867006633843718,Normal
LEC,Sauber,59,83.446,Medium,39,2,1,16.8,50.2,False,True,23.569,31.197,28.68,5.0049999999999955,True,10.0,88.07000000000001,12.804455411826083,82.122,131.588,9.628999999999998,52,0.8730654320803901,Normal
STR,Williams,59,82.475,Medium,39,2,1,16.8,50.2,False,True,23.34,31.028,28.107,4.033999999999992,True,11.0,88.09791935483871,12.804433375802189,82.095,132.536,9.656919354838706,53,0.8731007451334295,Normal
HAM,Mercedes,61,80.47,Medium,36,2,1,16.8,50.2,False,True,22.848,30.533,27.089,2.0289999999999964,True,1.0,85.40671875,13.723649734914796,79.133,133.88,6.965718749999997,54,0.8615595811388194,Normal
ERI,Sauber,59,84.258,Soft,24,2,1,16.8,50.2,False,True,23.528,31.991,28.739,5.816999999999993,True,13.0,88.25245161290323,12.736792256020752,82.487,134.428,9.811451612903223,52,0.8738797146302818,Normal
HAR,Toro Rosso,59,82.765,Medium,26,3,1,16.8,50.2,False,True,23.046,31.124,28.595,4.323999999999998,True,12.0,88.17641935483871,12.868808203379087,81.439,135.104,9.735419354838708,52,0.8726430875128204,Normal
MAG,Haas F1 Team,60,80.793,Medium,28,2,1,17.0,49.1,False,True,23.147,30.039,27.607,2.352000000000004,True,6.0,86.92490476190477,12.994465063291594,80.246,133.292,8.483904761904759,54,0.8699504902200171,Normal
BOT,Mercedes,61,79.819,Medium,42,2,1,17.0,49.1,False,True,22.72,29.777,27.322,1.3780000000000001,True,2.0,85.678171875,13.61455356286139,79.478,132.666,7.237171874999997,54,0.8628846826106958,Normal
VER,Red Bull Racing,61,79.557,Medium,27,2,1,17.0,49.1,False,True,22.711,29.76,27.086,1.1159999999999997,True,3.0,85.742796875,13.646163597375615,79.422,133.094,7.301796874999997,55,0.8626994031075669,Normal
VET,Ferrari,61,79.128,Medium,20,3,1,17.0,49.1,False,True,22.486,29.453,27.189,0.6869999999999976,True,4.0,85.82003125,14.32964119996181,79.128,133.906,7.379031249999997,55,0.8569177427203131,Peak
SAI,Renault,60,82.265,Medium,35,2,1,17.0,49.1,False,True,23.816,30.762,27.687,3.823999999999998,True,7.0,87.4861746031746,12.98032991098663,81.324,133.005,9.0451746031746,53,0.8707994273936643,Normal
RIC,Red Bull Racing,61,78.441,Medium,28,2,1,17.0,49.1,False,True,22.111,29.503,26.827,0.0,True,5.0,86.08671875,13.89064366898419,78.441,133.445,7.645718749999997,55,0.8610621111330041,Peak
ALO,McLaren,60,82.316,Medium,39,2,1,17.0,49.1,False,True,23.881,30.523,27.912,3.875,True,8.0,87.46238095238095,12.79393185601695,80.727,132.147,9.02138095238095,53,0.8723877679356937,Normal
PER,Force India,60,82.872,Soft,26,3,1,17.0,49.1,False,True,23.615,31.2,28.057,4.430999999999997,True,9.0,87.92024193548387,13.486412297027917,81.128,134.212,9.479241935483868,53,0.867006633843718,Normal
LEC,Sauber,60,83.599,Medium,40,2,1,17.0,50.1,False,True,23.633,31.176,28.79,5.158000000000001,True,10.0,88.07000000000001,12.804455411826083,82.122,131.588,9.628999999999998,52,0.8730654320803901,Normal
SIR,Williams,59,88.346,SUPERSOFT,18,4,1,17.0,50.1,False,True,25.822,31.848,30.676,9.905000000000001,True,14.0,90.35001612903226,15.115628150255102,82.68,149.412,11.909016129032256,50,0.8566772312106977,Normal
STR,Williams,60,82.095,Medium,40,2,1,17.0,50.1,False,True,23.313,30.8,27.982,3.6539999999999964,True,11.0,88.09791935483871,12.804433375802189,82.095,132.536,9.656919354838706,53,0.8731007451334295,Peak
HAM,Mercedes,62,79.152,Medium,37,2,1,17.0,50.1,False,True,22.689,29.598,26.865,0.7109999999999985,True,1.0,85.40671875,13.723649734914796,79.133,133.88,6.965718749999997,54,0.8615595811388194,Strong
ERI,Sauber,60,82.661,Soft,25,2,1,17.0,50.1,False,True,23.364,30.82,28.477,4.219999999999999,True,13.0,88.25245161290323,12.736792256020752,82.487,134.428,9.811451612903223,52,0.8738797146302818,Normal
HAR,Toro Rosso,60,82.718,Medium,27,3,1,17.0,50.1,False,True,23.207,31.262,28.249,4.277000000000001,True,12.0,88.17641935483871,12.868808203379087,81.439,135.104,9.735419354838708,52,0.8726430875128204,Normal
MAG,Haas F1 Team,61,80.59,Medium,29,2,1,17.0,50.1,False,True,23.111,30.002,27.477,2.149000000000001,True,6.0,86.92490476190477,12.994465063291594,80.246,133.292,8.483904761904759,54,0.8699504902200171,Normal
BOT,Mercedes,62,79.872,Medium,43,2,1,17.0,50.1,False,True,22.502,29.77,27.6,1.4309999999999974,True,2.0,85.678171875,13.61455356286139,79.478,132.666,7.237171874999997,54,0.8628846826106958,Normal
VER,Red Bull Racing,62,79.422,Medium,28,2,1,17.0,50.1,False,True,22.702,29.776,26.944,0.9809999999999945,True,3.0,85.742796875,13.646163597375615,79.422,133.094,7.301796874999997,55,0.8626994031075669,Peak
VET,Ferrari,62,79.904,Medium,21,3,1,17.0,50.1,False,True,22.731,29.797,27.376,1.4629999999999939,True,4.0,85.82003125,14.32964119996181,79.128,133.906,7.379031249999997,55,0.8569177427203131,Normal
SAI,Renault,61,81.324,Medium,36,2,1,17.0,50.1,False,True,23.602,30.233,27.489,2.8829999999999956,True,7.0,87.4861746031746,12.98032991098663,81.324,133.005,9.0451746031746,53,0.8707994273936643,Peak
RIC,Red Bull Racing,62,79.595,Medium,29,2,1,17.0,50.1,False,True,22.912,29.806,26.877,1.1539999999999964,True,5.0,86.08671875,13.89064366898419,78.441,133.445,7.645718749999997,55,0.8610621111330041,Normal
ALO,McLaren,61,81.196,Medium,40,2,1,17.1,49.6,False,True,23.143,30.302,27.751,2.7549999999999955,True,8.0,87.46238095238095,12.79393185601695,80.727,132.147,9.02138095238095,53,0.8723877679356937,Normal
PER,Force India,61,82.312,Soft,27,3,1,17.1,49.6,False,True,23.425,30.9,27.987,3.870999999999995,True,9.0,87.92024193548387,13.486412297027917,81.128,134.212,9.479241935483868,53,0.867006633843718,Normal
LEC,Sauber,61,83.357,Medium,41,2,1,17.1,49.6,False,True,23.667,31.204,28.486,4.915999999999997,True,10.0,88.07000000000001,12.804455411826083,82.122,131.588,9.628999999999998,52,0.8730654320803901,Normal
SIR,Williams,60,84.438,SUPERSOFT,19,4,1,17.1,49.6,False,True,23.935,31.659,28.844,5.997,True,14.0,90.35001612903226,15.115628150255102,82.68,149.412,11.909016129032256,50,0.8566772312106977,Normal
HAM,Mercedes,63,79.822,Medium,38,2,1,17.1,49.6,False,True,22.648,29.851,27.323,1.3810000000000002,True,1.0,85.40671875,13.723649734914796,79.133,133.88,6.965718749999997,54,0.8615595811388194,Normal
STR,Williams,61,83.815,Medium,41,2,1,17.1,49.6,False,True,23.292,31.241,29.282,5.373999999999995,True,11.0,88.09791935483871,12.804433375802189,82.095,132.536,9.656919354838706,53,0.8731007451334295,Normal
ERI,Sauber,61,82.846,Soft,26,2,1,17.1,49.6,False,True,23.431,30.939,28.476,4.405000000000001,True,13.0,88.25245161290323,12.736792256020752,82.487,134.428,9.811451612903223,52,0.8738797146302818,Normal
HAR,Toro Rosso,61,82.614,Medium,28,3,1,17.1,49.6,False,True,23.354,30.95,28.31,4.173000000000002,True,12.0,88.17641935483871,12.868808203379087,81.439,135.104,9.735419354838708,52,0.8726430875128204,Normal
MAG,Haas F1 Team,62,80.564,Medium,30,2,1,17.1,49.6,False,True,22.99,30.011,27.563,2.1229999999999905,True,6.0,86.92490476190477,12.994465063291594,80.246,133.292,8.483904761904759,54,0.8699504902200171,Normal
BOT,Mercedes,63,80.058,Medium,44,2,1,17.1,49.6,False,True,22.527,29.964,27.567,1.6170000000000044,True,2.0,85.678171875,13.61455356286139,79.478,132.666,7.237171874999997,54,0.8628846826106958,Normal
VER,Red Bull Racing,63,79.454,Medium,29,2,1,17.1,49.6,False,True,22.765,29.817,26.872,1.012999999999991,True,3.0,85.742796875,13.646163597375615,79.422,133.094,7.301796874999997,55,0.8626994031075669,Normal
VET,Ferrari,63,79.767,Medium,22,3,1,17.1,49.6,False,True,22.608,29.766,27.393,1.3259999999999934,True,4.0,85.82003125,14.32964119996181,79.128,133.906,7.379031249999997,55,0.8569177427203131,Normal
SAI,Renault,62,81.727,Medium,37,2,1,17.0,49.5,False,True,23.473,30.32,27.934,3.2860000000000014,True,7.0,87.4861746031746,12.98032991098663,81.324,133.005,9.0451746031746,53,0.8707994273936643,Normal
RIC,Red Bull Racing,63,79.867,Medium,30,2,1,17.0,49.5,False,True,22.844,29.994,27.029,1.426000000000002,True,5.0,86.08671875,13.89064366898419,78.441,133.445,7.645718749999997,55,0.8610621111330041,Normal
ALO,McLaren,62,80.97,Medium,41,2,1,17.0,49.5,False,True,23.124,30.125,27.721,2.5289999999999964,True,8.0,87.46238095238095,12.79393185601695,80.727,132.147,9.02138095238095,53,0.8723877679356937,Normal
PER,Force India,62,82.256,Soft,28,3,1,17.0,49.5,False,True,23.292,30.84,28.124,3.8149999999999977,True,9.0,87.92024193548387,13.486412297027917,81.128,134.212,9.479241935483868,53,0.867006633843718,Normal
LEC,Sauber,62,82.81,Medium,42,2,1,17.0,49.5,False,True,23.432,31.026,28.352,4.369,True,10.0,88.07000000000001,12.804455411826083,82.122,131.588,9.628999999999998,52,0.8730654320803901,Normal
SIR,Williams,61,82.702,SUPERSOFT,20,4,1,17.0,49.5,False,True,23.343,30.886,28.473,4.260999999999996,True,14.0,90.35001612903226,15.115628150255102,82.68,149.412,11.909016129032256,50,0.8566772312106977,Normal
HAM,Mercedes,64,79.133,Medium,39,2,1,17.0,49.5,False,True,22.423,29.626,27.084,0.6919999999999931,True,1.0,85.40671875,13.723649734914796,79.133,133.88,6.965718749999997,54,0.8615595811388194,Peak
STR,Williams,62,82.751,Medium,42,2,1,17.0,49.5,False,True,23.503,31.027,28.221,4.310000000000002,True,11.0,88.09791935483871,12.804433375802189,82.095,132.536,9.656919354838706,53,0.8731007451334295,Normal
HAR,Toro Rosso,62,81.625,Medium,29,3,1,16.9,49.5,False,True,23.096,30.646,27.883,3.1839999999999975,True,12.0,88.17641935483871,12.868808203379087,81.439,135.104,9.735419354838708,52,0.8726430875128204,Normal
ERI,Sauber,62,84.791,Soft,27,2,1,16.9,49.5,False,True,24.375,31.448,28.968,6.349999999999994,True,13.0,88.25245161290323,12.736792256020752,82.487,134.428,9.811451612903223,52,0.8738797146302818,Normal
MAG,Haas F1 Team,63,81.993,Medium,31,2,1,16.9,49.5,False,True,22.934,30.531,28.528,3.5519999999999925,True,6.0,86.92490476190477,12.994465063291594,80.246,133.292,8.483904761904759,54,0.8699504902200171,Normal
BOT,Mercedes,64,80.421,Medium,45,2,1,16.9,49.5,False,True,22.517,30.104,27.8,1.980000000000004,True,2.0,85.678171875,13.61455356286139,79.478,132.666,7.237171874999997,54,0.8628846826106958,Normal
VER,Red Bull Racing,64,79.786,Medium,30,2,1,16.9,49.5,False,True,22.728,30.179,26.879,1.3449999999999989,True,3.0,85.742796875,13.646163597375615,79.422,133.094,7.301796874999997,55,0.8626994031075669,Normal
VET,Ferrari,64,79.31,Medium,23,3,1,16.9,49.5,False,True,22.562,29.538,27.21,0.8689999999999998,True,4.0,85.82003125,14.32964119996181,79.128,133.906,7.379031249999997,55,0.8569177427203131,Strong
RIC,Red Bull Racing,64,78.46,Medium,31,2,1,16.9,49.5,False,True,22.186,29.486,26.788,0.018999999999991246,True,5.0,86.08671875,13.89064366898419,78.441,133.445,7.645718749999997,55,0.8610621111330041,Strong
SAI,Renault,63,82.849,Medium,38,2,1,16.9,49.5,False,True,24.379,30.646,27.824,4.408000000000001,True,7.0,87.4861746031746,12.98032991098663,81.324,133.005,9.0451746031746,53,0.8707994273936643,Normal
ALO,McLaren,63,80.856,Medium,42,2,1,16.9,49.5,False,True,23.028,30.17,27.658,2.414999999999992,True,8.0,87.46238095238095,12.79393185601695,80.727,132.147,9.02138095238095,53,0.8723877679356937,Normal
PER,Force India,63,82.603,Soft,29,3,1,16.9,49.5,False,True,23.524,30.874,28.205,4.161999999999992,True,9.0,87.92024193548387,13.486412297027917,81.128,134.212,9.479241935483868,53,0.867006633843718,Normal
HAM,Mercedes,65,79.425,Medium,40,2,1,16.9,49.5,False,True,22.423,29.99,27.012,0.9839999999999947,True,1.0,85.40671875,13.723649734914796,79.133,133.88,6.965718749999997,54,0.8615595811388194,Strong
LEC,Sauber,63,84.848,Medium,43,2,1,16.9,49.5,False,True,23.583,32.861,28.404,6.4069999999999965,True,10.0,88.07000000000001,12.804455411826083,82.122,131.588,9.628999999999998,52,0.8730654320803901,Normal
SIR,Williams,62,84.779,SUPERSOFT,21,4,1,16.9,49.5,False,True,24.774,31.372,28.633,6.337999999999994,True,14.0,90.35001612903226,15.115628150255102,82.68,149.412,11.909016129032256,50,0.8566772312106977,Normal
STR,Williams,63,82.551,Medium,43,2,1,16.9,49.5,False,True,23.237,30.905,28.409,4.109999999999999,True,11.0,88.09791935483871,12.804433375802189,82.095,132.536,9.656919354838706,53,0.8731007451334295,Normal
HAR,Toro Rosso,63,81.439,Medium,30,3,1,16.9,49.5,False,True,23.115,30.456,27.868,2.9979999999999905,True,12.0,88.17641935483871,12.868808203379087,81.439,135.104,9.735419354838708,52,0.8726430875128204,Peak
MAG,Haas F1 Team,64,80.246,Medium,32,2,1,16.9,49.5,False,True,22.717,30.001,27.528,1.8049999999999926,True,6.0,86.92490476190477,12.994465063291594,80.246,133.292,8.483904761904759,54,0.8699504902200171,Peak
ERI,Sauber,63,84.497,Soft,28,2,1,16.9,49.5,False,True,24.45,31.39,28.657,6.055999999999997,True,13.0,88.25245161290323,12.736792256020752,82.487,134.428,9.811451612903223,52,0.8738797146302818,Normal
BOT,Mercedes,65,81.13,Medium,46,2,1,16.9,49.5,False,True,22.685,30.229,28.216,2.688999999999993,True,2.0,85.678171875,13.61455356286139,79.478,132.666,7.237171874999997,54,0.8628846826106958,Normal
VER,Red Bull Racing,65,80.194,Medium,31,2,1,16.9,49.5,False,True,22.789,30.325,27.08,1.7530000000000001,True,3.0,85.742796875,13.646163597375615,79.422,133.094,7.301796874999997,55,0.8626994031075669,Normal
VET,Ferrari,65,79.859,Medium,24,3,1,16.9,49.5,False,True,22.619,29.693,27.547,1.4179999999999922,True,4.0,85.82003125,14.32964119996181,79.128,133.906,7.379031249999997,55,0.8569177427203131,Normal
RIC,Red Bull Racing,65,80.586,Medium,32,2,1,16.9,49.5,False,True,23.184,30.166,27.236,2.144999999999996,True,5.0,86.08671875,13.89064366898419,78.441,133.445,7.645718749999997,55,0.8610621111330041,Normal
SAI,Renault,64,81.621,Medium,39,2,1,16.5,51.2,False,True,23.423,30.299,27.899,3.1799999999999926,True,7.0,87.4861746031746,12.98032991098663,81.324,133.005,9.0451746031746,53,0.8707994273936643,Normal
ALO,McLaren,64,80.727,Medium,43,2,1,16.5,51.2,False,True,22.981,30.133,27.613,2.2860000000000014,True,8.0,87.46238095238095,12.79393185601695,80.727,132.147,9.02138095238095,53,0.8723877679356937,Peak
HAM,Mercedes,66,80.393,Medium,41,2,1,16.5,51.2,False,True,22.554,29.644,28.195,1.9519999999999982,True,1.0,85.40671875,13.723649734914796,79.133,133.88,6.965718749999997,54,0.8615595811388194,Normal
PER,Force India,64,85.352,Soft,30,3,1,16.5,51.2,False,True,23.501,31.231,30.62,6.911000000000001,True,9.0,87.92024193548387,13.486412297027917,81.128,134.212,9.479241935483868,53,0.867006633843718,Normal
LEC,Sauber,64,83.706,Medium,44,2,1,16.5,51.2,False,True,23.745,31.231,28.73,5.265000000000001,True,10.0,88.07000000000001,12.804455411826083,82.122,131.588,9.628999999999998,52,0.8730654320803901,Normal
SIR,Williams,63,83.323,SUPERSOFT,22,4,1,16.5,51.2,False,True,23.415,31.324,28.584,4.881999999999991,True,14.0,90.35001612903226,15.115628150255102,82.68,149.412,11.909016129032256,50,0.8566772312106977,Normal
STR,Williams,64,82.894,Medium,44,2,1,16.5,51.2,False,True,23.301,30.922,28.671,4.453000000000003,True,11.0,88.09791935483871,12.804433375802189,82.095,132.536,9.656919354838706,53,0.8731007451334295,Normal
MAG,Haas F1 Team,65,82.366,Medium,33,2,1,16.5,51.2,False,True,23.318,30.799,28.249,3.924999999999997,True,6.0,86.92490476190477,12.994465063291594,80.246,133.292,8.483904761904759,54,0.8699504902200171,Normal
HAR,Toro Rosso,64,86.305,Medium,31,3,1,16.5,51.2,False,True,23.146,30.507,32.652,7.864000000000004,True,12.0,88.17641935483871,12.868808203379087,81.439,135.104,9.735419354838708,52,0.8726430875128204,Normal
BOT,Mercedes,66,80.478,Medium,47,2,1,16.5,51.2,False,True,22.422,30.134,27.922,2.036999999999992,True,2.0,85.678171875,13.61455356286139,79.478,132.666,7.237171874999997,54,0.8628846826106958,Normal
ERI,Sauber,64,84.541,Soft,29,2,1,16.5,51.2,False,True,24.334,31.153,29.054,6.099999999999994,True,13.0,88.25245161290323,12.736792256020752,82.487,134.428,9.811451612903223,52,0.8738797146302818,Normal
VER,Red Bull Racing,66,81.202,Medium,32,2,1,16.5,51.2,False,True,23.03,30.364,27.808,2.7609999999999957,True,3.0,85.742796875,13.646163597375615,79.422,133.094,7.301796874999997,55,0.8626994031075669,Normal
VET,Ferrari,66,79.64,Medium,25,3,1,16.5,51.2,False,True,22.439,29.842,27.359,1.198999999999998,True,4.0,85.82003125,14.32964119996181,79.128,133.906,7.379031249999997,55,0.8569177427203131,Normal
RIC,Red Bull Racing,66,81.678,Medium,33,2,1,16.0,52.4,False,True,23.227,30.457,27.994,3.2369999999999948,True,5.0,86.08671875,13.89064366898419,78.441,133.445,7.645718749999997,55,0.8610621111330041,Normal
SAI,Renault,65,81.89,Medium,40,2,1,16.0,52.4,False,True,23.434,30.582,27.874,3.448999999999998,True,7.0,87.4861746031746,12.98032991098663,81.324,133.005,9.0451746031746,53,0.8707994273936643,Normal
ALO,McLaren,65,81.059,Medium,44,2,1,16.0,52.4,False,True,22.904,30.028,28.127,2.617999999999995,True,8.0,87.46238095238095,12.79393185601695,80.727,132.147,9.02138095238095,53,0.8723877679356937,Normal
