Driver,Team,LapNumber,LapTimeSeconds,Compound,TyreLife,Stint,TrackStatus,AirTemp,Humidity,IsWetLap,IsDryLap,Sector1TimeSeconds,Sector2TimeSeconds,Sector3TimeSeconds,DeltaToFastestLap,IsValidLap,Position,AvgLapTime,StdLapTime,FastestLap,SlowestLap,AvgDelta,ValidLapCount,ConsistencyScore,LapClassification
HAM,Mercedes,2,69.252,nan,0,0,21,22.7,37.4,False,True,17.351,30.869,21.032,2.2950000000000017,False,16.0,69.87947540983606,4.293702802192054,67.241,87.525,2.9224754098360712,47,0.9421124602491985,Outlier
BOT,Mercedes,2,69.833,SUPERSOFT,4,1,21,22.7,37.4,False,True,17.378,30.992,21.463,2.8760000000000048,False,19.0,69.45441666666666,0.32401135174652046,69.044,69.906,2.497416666666672,9,0.9953565684847325,Outlier
VER,Red Bull Racing,2,69.911,SUPERSOFT,4,1,21,22.7,37.4,False,True,17.499,30.922,21.49,2.9540000000000077,False,1.0,69.15421428571429,3.809326951441864,67.442,93.857,2.1972142857142924,56,0.9477913641957116,Outlier
RAI,Ferrari,2,70.489,ULTRASOFT,4,1,21,22.7,37.4,False,True,17.602,31.273,21.614,3.5320000000000107,False,2.0,69.16844285714286,3.88184988261783,66.957,93.64,2.2114428571428633,57,0.9468605841670369,Outlier
RIC,Red Bull Racing,2,70.661,SUPERSOFT,4,1,21,22.7,37.4,False,True,17.644,31.201,21.816,3.7040000000000077,False,18.0,70.15303846153846,4.945327899918001,67.591,93.13,3.196038461538467,44,0.9341486620878593,Outlier
GRO,Haas F1 Team,2,71.32,ULTRASOFT,4,1,21,22.7,37.4,False,True,17.787,31.613,21.92,4.3629999999999995,False,4.0,70.44791304347827,3.956190854921268,69.071,93.593,3.4909130434782667,55,0.9468283246805373,Outlier
VET,Ferrari,2,71.07,ULTRASOFT,4,1,21,22.7,37.4,False,True,17.708,31.38,21.982,4.1129999999999995,False,3.0,69.16907142857143,4.180349636308014,67.082,96.112,2.212071428571434,57,0.9430077350902282,Outlier
MAG,Haas F1 Team,2,72.319,ULTRASOFT,4,1,21,22.7,37.4,False,True,18.022,32.143,22.154,5.362000000000009,False,5.0,70.46215942028985,3.9063215118091867,68.476,94.479,3.5051594202898624,55,0.9474734260690925,Outlier
HUL,Renault,2,72.267,ULTRASOFT,4,1,21,22.7,37.4,False,True,17.685,32.217,22.365,5.310000000000002,False,20.0,71.2002,1.1720455812145034,70.38,74.107,4.243200000000003,9,0.9838053169167004,Outlier
OCO,Force India,2,72.462,SUPERSOFT,1,1,21,22.7,37.4,False,True,17.694,32.353,22.415,5.50500000000001,False,6.0,70.60328985507248,3.8355242033845207,68.85,95.36,3.64628985507247,57,0.9484741360821188,Outlier
SAI,Renault,2,72.497,ULTRASOFT,4,1,21,22.7,37.4,False,True,17.772,32.005,22.72,5.540000000000006,False,12.0,71.06452173913044,4.636717571885547,68.766,95.806,4.1075217391304415,56,0.9387497798703697,Outlier
STR,Williams,2,73.397,ULTRASOFT,1,1,21,22.7,37.4,False,True,18.217,32.517,22.663,6.440000000000012,False,14.0,71.5492794117647,4.516556705389922,69.203,98.829,4.592279411764713,55,0.9406230584459279,Outlier
PER,Force India,2,73.062,SUPERSOFT,1,1,21,22.7,37.4,False,True,17.904,32.492,22.666,6.105000000000004,False,7.0,70.60995652173914,4.168098432402896,68.504,97.598,3.6529565217391373,54,0.9442604058776469,Outlier
GAS,Toro Rosso,2,73.059,SUPERSOFT,1,1,21,22.7,37.4,False,True,17.521,33.053,22.485,6.102000000000004,False,11.0,70.97336231884059,3.74627633151756,69.295,94.972,4.016362318840587,58,0.9498622263278357,Outlier
SIR,Williams,2,72.629,SUPERSOFT,1,1,21,22.7,37.4,False,True,17.918,32.24,22.471,5.672000000000011,False,13.0,71.62763235294118,4.614235293136902,68.971,95.433,4.670632352941182,53,0.939478983980867,Outlier
ERI,Sauber,2,74.012,Soft,1,1,21,22.7,37.4,False,True,17.864,33.056,23.092,7.055000000000007,False,10.0,70.8751304347826,3.731059815975028,68.216,93.576,3.9181304347826154,56,0.9499899431476849,Outlier
HAR,Toro Rosso,2,73.47,SUPERSOFT,1,1,21,22.7,37.4,False,True,18.106,32.298,23.066,6.513000000000005,False,17.0,71.54047169811321,4.4407460288168705,69.171,93.824,4.583471698113214,46,0.9415546873073747,Outlier
ALO,McLaren,2,73.383,SUPERSOFT,1,1,21,22.7,37.4,False,True,18.205,32.557,22.621,6.426000000000002,False,8.0,70.78363768115942,3.7589555298803483,68.661,93.71,3.826637681159427,58,0.9495730512186737,Outlier
VAN,McLaren,2,113.141,Soft,1,2,21,22.7,37.4,False,True,60.106,31.379,21.656,46.18400000000001,False,15.0,72.42578125,6.886707173782013,68.894,113.141,5.468781250000006,49,0.9131699520385111,Outlier
HAM,Mercedes,3,69.633,SUPERSOFT,4,1,1,22.7,37.4,False,True,17.442,30.987,21.204,2.676000000000002,True,16.0,69.87947540983606,4.293702802192054,67.241,87.525,2.9224754098360712,47,0.9421124602491985,Normal
BOT,Mercedes,3,69.74,SUPERSOFT,5,1,1,22.7,37.4,False,True,17.349,30.983,21.408,2.7830000000000013,True,19.0,69.45441666666666,0.32401135174652046,69.044,69.906,2.497416666666672,9,0.9953565684847325,Normal
VER,Red Bull Racing,3,69.816,SUPERSOFT,5,1,1,22.7,37.4,False,True,17.626,30.762,21.428,2.859000000000009,True,1.0,69.15421428571429,3.809326951441864,67.442,93.857,2.1972142857142924,56,0.9477913641957116,Normal
RAI,Ferrari,3,69.891,ULTRASOFT,5,1,1,22.7,37.4,False,True,17.571,30.925,21.395,2.9340000000000117,True,2.0,69.16844285714286,3.88184988261783,66.957,93.64,2.2114428571428633,57,0.9468605841670369,Normal
RIC,Red Bull Racing,3,70.348,SUPERSOFT,5,1,1,22.7,37.4,False,True,17.604,30.956,21.788,3.3910000000000053,True,18.0,70.15303846153846,4.945327899918001,67.591,93.13,3.196038461538467,44,0.9341486620878593,Normal
VET,Ferrari,3,70.885,ULTRASOFT,5,1,1,22.7,37.4,False,True,17.655,31.482,21.748,3.9280000000000115,True,3.0,69.16907142857143,4.180349636308014,67.082,96.112,2.212071428571434,57,0.9430077350902282,Normal
GRO,Haas F1 Team,3,72.422,ULTRASOFT,5,1,1,22.7,37.4,False,True,17.708,32.687,22.027,5.465000000000003,True,4.0,70.44791304347827,3.956190854921268,69.071,93.593,3.4909130434782667,55,0.9468283246805373,Normal
MAG,Haas F1 Team,3,71.488,ULTRASOFT,5,1,1,22.7,37.4,False,True,17.715,31.366,22.407,4.531000000000006,True,5.0,70.46215942028985,3.9063215118091867,68.476,94.479,3.5051594202898624,55,0.9474734260690925,Normal
HUL,Renault,3,71.46,ULTRASOFT,5,1,1,22.7,37.4,False,True,17.723,31.445,22.292,4.503,True,20.0,71.2002,1.1720455812145034,70.38,74.107,4.243200000000003,9,0.9838053169167004,Normal
OCO,Force India,3,71.44,SUPERSOFT,2,1,1,22.7,37.4,False,True,17.466,31.529,22.445,4.483000000000004,True,6.0,70.60328985507248,3.8355242033845207,68.85,95.36,3.64628985507247,57,0.9484741360821188,Normal
SAI,Renault,3,71.435,ULTRASOFT,5,1,1,22.7,37.4,False,True,17.481,31.616,22.338,4.478000000000009,True,12.0,71.06452173913044,4.636717571885547,68.766,95.806,4.1075217391304415,56,0.9387497798703697,Normal
STR,Williams,3,71.657,ULTRASOFT,2,1,1,22.7,37.4,False,True,17.579,31.789,22.289,4.700000000000003,True,14.0,71.5492794117647,4.516556705389922,69.203,98.829,4.592279411764713,55,0.9406230584459279,Normal
PER,Force India,3,71.715,SUPERSOFT,2,1,1,22.7,37.4,False,True,17.31,32.083,22.322,4.75800000000001,True,7.0,70.60995652173914,4.168098432402896,68.504,97.598,3.6529565217391373,54,0.9442604058776469,Normal
GAS,Toro Rosso,3,71.444,SUPERSOFT,2,1,1,22.7,37.4,False,True,17.443,31.545,22.456,4.487000000000009,True,11.0,70.97336231884059,3.74627633151756,69.295,94.972,4.016362318840587,58,0.9498622263278357,Normal
SIR,Williams,3,71.145,SUPERSOFT,2,1,1,22.7,37.4,False,True,17.532,31.433,22.18,4.188000000000002,True,13.0,71.62763235294118,4.614235293136902,68.971,95.433,4.670632352941182,53,0.939478983980867,Normal
ERI,Sauber,3,71.412,Soft,2,1,1,22.7,37.4,False,True,17.6,31.536,22.276,4.4550000000000125,True,10.0,70.8751304347826,3.731059815975028,68.216,93.576,3.9181304347826154,56,0.9499899431476849,Normal
HAR,Toro Rosso,3,71.721,SUPERSOFT,2,1,1,22.7,37.4,False,True,17.639,31.645,22.437,4.76400000000001,True,17.0,71.54047169811321,4.4407460288168705,69.171,93.824,4.583471698113214,46,0.9415546873073747,Normal
ALO,McLaren,3,71.95,SUPERSOFT,2,1,1,22.7,37.4,False,True,17.589,31.924,22.437,4.993000000000009,True,8.0,70.78363768115942,3.7589555298803483,68.661,93.71,3.826637681159427,58,0.9495730512186737,Normal
LEC,Sauber,3,70.508,SUPERSOFT,2,1,1,22.7,37.4,False,True,17.763,31.019,21.726,3.551000000000002,True,9.0,70.7419552238806,3.716159130040439,69.006,94.254,3.7849552238806026,57,0.9500906091661621,Normal
VAN,McLaren,3,70.847,Soft,2,2,1,22.8,37.6,False,True,18.01,31.322,21.515,3.8900000000000006,True,15.0,72.42578125,6.886707173782013,68.894,113.141,5.468781250000006,49,0.9131699520385111,Normal
HAM,Mercedes,4,69.326,SUPERSOFT,5,1,1,22.8,37.6,False,True,17.403,30.892,21.031,2.3689999999999998,True,16.0,69.87947540983606,4.293702802192054,67.241,87.525,2.9224754098360712,47,0.9421124602491985,Normal
BOT,Mercedes,4,69.657,SUPERSOFT,6,1,1,22.8,37.6,False,True,17.326,31.015,21.316,2.700000000000003,True,19.0,69.45441666666666,0.32401135174652046,69.044,69.906,2.497416666666672,9,0.9953565684847325,Normal
VER,Red Bull Racing,4,69.706,SUPERSOFT,6,1,1,22.8,37.6,False,True,17.499,30.665,21.542,2.7490000000000094,True,1.0,69.15421428571429,3.809326951441864,67.442,93.857,2.1972142857142924,56,0.9477913641957116,Normal
RAI,Ferrari,4,69.837,ULTRASOFT,6,1,1,22.8,37.6,False,True,17.54,30.701,21.596,2.8800000000000097,True,2.0,69.16844285714286,3.88184988261783,66.957,93.64,2.2114428571428633,57,0.9468605841670369,Normal
RIC,Red Bull Racing,4,69.946,SUPERSOFT,6,1,1,22.8,37.6,False,True,17.553,30.783,21.61,2.9890000000000043,True,18.0,70.15303846153846,4.945327899918001,67.591,93.13,3.196038461538467,44,0.9341486620878593,Normal
VET,Ferrari,4,70.226,ULTRASOFT,6,1,1,22.8,37.6,False,True,17.705,30.871,21.65,3.2690000000000055,True,3.0,69.16907142857143,4.180349636308014,67.082,96.112,2.212071428571434,57,0.9430077350902282,Normal
GRO,Haas F1 Team,4,70.337,ULTRASOFT,6,1,1,22.8,37.6,False,True,17.514,31.051,21.772,3.3800000000000097,True,4.0,70.44791304347827,3.956190854921268,69.071,93.593,3.4909130434782667,55,0.9468283246805373,Normal
MAG,Haas F1 Team,4,70.836,ULTRASOFT,6,1,1,22.8,37.6,False,True,17.327,31.308,22.201,3.879000000000005,True,5.0,70.46215942028985,3.9063215118091867,68.476,94.479,3.5051594202898624,55,0.9474734260690925,Normal
HUL,Renault,4,70.707,ULTRASOFT,6,1,1,22.8,37.6,False,True,17.124,31.531,22.052,3.75,True,20.0,71.2002,1.1720455812145034,70.38,74.107,4.243200000000003,9,0.9838053169167004,Normal
OCO,Force India,4,70.958,SUPERSOFT,3,1,1,22.8,37.6,False,True,17.101,31.592,22.265,4.001000000000005,True,6.0,70.60328985507248,3.8355242033845207,68.85,95.36,3.64628985507247,57,0.9484741360821188,Normal
SAI,Renault,4,70.897,ULTRASOFT,6,1,1,22.8,37.6,False,True,17.055,31.6,22.242,3.940000000000012,True,12.0,71.06452173913044,4.636717571885547,68.766,95.806,4.1075217391304415,56,0.9387497798703697,Normal
STR,Williams,4,71.195,ULTRASOFT,3,1,1,22.8,37.6,False,True,17.346,31.618,22.231,4.2379999999999995,True,14.0,71.5492794117647,4.516556705389922,69.203,98.829,4.592279411764713,55,0.9406230584459279,Normal
PER,Force India,4,71.123,SUPERSOFT,3,1,1,22.8,37.6,False,True,17.284,31.814,22.025,4.166000000000011,True,7.0,70.60995652173914,4.168098432402896,68.504,97.598,3.6529565217391373,54,0.9442604058776469,Normal
GAS,Toro Rosso,4,71.165,SUPERSOFT,3,1,1,22.8,37.6,False,True,17.161,31.737,22.267,4.208000000000013,True,11.0,70.97336231884059,3.74627633151756,69.295,94.972,4.016362318840587,58,0.9498622263278357,Normal
SIR,Williams,4,71.55,SUPERSOFT,3,1,1,22.8,37.6,False,True,17.3,31.797,22.453,4.5930000000000035,True,13.0,71.62763235294118,4.614235293136902,68.971,95.433,4.670632352941182,53,0.939478983980867,Normal
ERI,Sauber,4,71.356,Soft,3,1,1,22.8,37.6,False,True,17.398,31.568,22.39,4.399000000000001,True,10.0,70.8751304347826,3.731059815975028,68.216,93.576,3.9181304347826154,56,0.9499899431476849,Normal
HAR,Toro Rosso,4,71.148,SUPERSOFT,3,1,1,22.8,37.6,False,True,17.394,31.574,22.18,4.1910000000000025,True,17.0,71.54047169811321,4.4407460288168705,69.171,93.824,4.583471698113214,46,0.9415546873073747,Normal
ALO,McLaren,4,71.255,SUPERSOFT,3,1,1,22.8,37.6,False,True,17.242,31.802,22.211,4.298000000000002,True,8.0,70.78363768115942,3.7589555298803483,68.661,93.71,3.826637681159427,58,0.9495730512186737,Normal
LEC,Sauber,4,70.648,SUPERSOFT,3,1,1,22.8,37.6,False,True,17.724,31.159,21.765,3.6910000000000025,True,9.0,70.7419552238806,3.716159130040439,69.006,94.254,3.7849552238806026,57,0.9500906091661621,Normal
VAN,McLaren,4,70.893,Soft,3,2,1,22.9,36.9,False,True,18.033,31.274,21.586,3.936000000000007,True,15.0,72.42578125,6.886707173782013,68.894,113.141,5.468781250000006,49,0.9131699520385111,Normal
HAM,Mercedes,5,69.307,SUPERSOFT,6,1,1,22.9,36.9,False,True,17.385,30.884,21.038,2.3500000000000085,True,16.0,69.87947540983606,4.293702802192054,67.241,87.525,2.9224754098360712,47,0.9421124602491985,Normal
BOT,Mercedes,5,69.263,SUPERSOFT,7,1,1,22.9,36.9,False,True,17.231,30.901,21.131,2.3060000000000116,True,19.0,69.45441666666666,0.32401135174652046,69.044,69.906,2.497416666666672,9,0.9953565684847325,Normal
VER,Red Bull Racing,5,69.728,SUPERSOFT,7,1,1,22.9,36.9,False,True,17.596,30.766,21.366,2.771000000000001,True,1.0,69.15421428571429,3.809326951441864,67.442,93.857,2.1972142857142924,56,0.9477913641957116,Normal
RAI,Ferrari,5,69.969,ULTRASOFT,7,1,1,22.9,36.9,False,True,17.492,30.892,21.585,3.0120000000000005,True,2.0,69.16844285714286,3.88184988261783,66.957,93.64,2.2114428571428633,57,0.9468605841670369,Normal
RIC,Red Bull Racing,5,69.758,SUPERSOFT,7,1,1,22.9,36.9,False,True,17.63,30.717,21.411,2.801000000000002,True,18.0,70.15303846153846,4.945327899918001,67.591,93.13,3.196038461538467,44,0.9341486620878593,Normal
VET,Ferrari,5,69.713,ULTRASOFT,7,1,1,22.9,36.9,False,True,17.545,30.773,21.395,2.7560000000000002,True,3.0,69.16907142857143,4.180349636308014,67.082,96.112,2.212071428571434,57,0.9430077350902282,Normal
GRO,Haas F1 Team,5,70.155,ULTRASOFT,7,1,1,22.9,36.9,False,True,17.396,31.013,21.746,3.1980000000000075,True,4.0,70.44791304347827,3.956190854921268,69.071,93.593,3.4909130434782667,55,0.9468283246805373,Normal
MAG,Haas F1 Team,5,70.616,ULTRASOFT,7,1,1,22.9,36.9,False,True,17.592,31.057,21.967,3.659000000000006,True,5.0,70.46215942028985,3.9063215118091867,68.476,94.479,3.5051594202898624,55,0.9474734260690925,Normal
HUL,Renault,5,70.757,ULTRASOFT,7,1,1,22.9,36.9,False,True,17.407,31.458,21.892,3.8000000000000114,True,20.0,71.2002,1.1720455812145034,70.38,74.107,4.243200000000003,9,0.9838053169167004,Normal
OCO,Force India,5,70.723,SUPERSOFT,4,1,1,22.9,36.9,False,True,17.232,31.395,22.096,3.7660000000000053,True,6.0,70.60328985507248,3.8355242033845207,68.85,95.36,3.64628985507247,57,0.9484741360821188,Normal
SAI,Renault,5,70.996,ULTRASOFT,7,1,1,22.9,36.9,False,True,17.118,31.572,22.306,4.0390000000000015,True,12.0,71.06452173913044,4.636717571885547,68.766,95.806,4.1075217391304415,56,0.9387497798703697,Normal
STR,Williams,5,71.036,ULTRASOFT,4,1,1,22.9,36.9,False,True,17.434,31.613,21.989,4.079000000000008,True,14.0,71.5492794117647,4.516556705389922,69.203,98.829,4.592279411764713,55,0.9406230584459279,Normal
PER,Force India,5,71.171,SUPERSOFT,4,1,1,23.2,36.6,False,True,17.16,31.972,22.039,4.214000000000013,True,7.0,70.60995652173914,4.168098432402896,68.504,97.598,3.6529565217391373,54,0.9442604058776469,Normal
SIR,Williams,5,71.407,SUPERSOFT,4,1,1,23.2,36.6,False,True,17.382,31.596,22.429,4.450000000000003,True,13.0,71.62763235294118,4.614235293136902,68.971,95.433,4.670632352941182,53,0.939478983980867,Normal
GAS,Toro Rosso,5,72.408,SUPERSOFT,4,1,1,23.2,36.6,False,True,17.333,31.559,23.516,5.451000000000008,True,11.0,70.97336231884059,3.74627633151756,69.295,94.972,4.016362318840587,58,0.9498622263278357,Normal
ERI,Sauber,5,71.46,Soft,4,1,1,23.2,36.6,False,True,17.356,31.688,22.416,4.503,True,10.0,70.8751304347826,3.731059815975028,68.216,93.576,3.9181304347826154,56,0.9499899431476849,Normal
HAR,Toro Rosso,5,71.252,SUPERSOFT,4,1,1,23.2,36.6,False,True,17.263,31.807,22.182,4.295000000000002,True,17.0,71.54047169811321,4.4407460288168705,69.171,93.824,4.583471698113214,46,0.9415546873073747,Normal
ALO,McLaren,5,71.179,SUPERSOFT,4,1,1,23.2,36.6,False,True,17.351,31.682,22.146,4.222000000000008,True,8.0,70.78363768115942,3.7589555298803483,68.661,93.71,3.826637681159427,58,0.9495730512186737,Normal
LEC,Sauber,5,71.334,SUPERSOFT,4,1,1,23.2,36.6,False,True,17.488,30.951,22.895,4.3770000000000095,True,9.0,70.7419552238806,3.716159130040439,69.006,94.254,3.7849552238806026,57,0.9500906091661621,Normal
HAM,Mercedes,6,69.051,SUPERSOFT,7,1,1,23.2,36.6,False,True,17.343,30.816,20.892,2.0940000000000083,True,16.0,69.87947540983606,4.293702802192054,67.241,87.525,2.9224754098360712,47,0.9421124602491985,Normal
VAN,McLaren,5,73.286,Soft,4,2,1,23.2,36.6,False,True,17.977,33.102,22.207,6.329000000000008,True,15.0,72.42578125,6.886707173782013,68.894,113.141,5.468781250000006,49,0.9131699520385111,Normal
BOT,Mercedes,6,69.906,SUPERSOFT,8,1,1,23.2,36.6,False,True,17.538,30.914,21.454,2.9490000000000123,True,19.0,69.45441666666666,0.32401135174652046,69.044,69.906,2.497416666666672,9,0.9953565684847325,Normal
VER,Red Bull Racing,6,69.617,SUPERSOFT,8,1,1,23.2,36.6,False,True,17.481,30.716,21.42,2.660000000000011,True,1.0,69.15421428571429,3.809326951441864,67.442,93.857,2.1972142857142924,56,0.9477913641957116,Normal
RAI,Ferrari,6,69.848,ULTRASOFT,8,1,1,23.2,36.6,False,True,17.495,30.7,21.653,2.8910000000000053,True,2.0,69.16844285714286,3.88184988261783,66.957,93.64,2.2114428571428633,57,0.9468605841670369,Normal
RIC,Red Bull Racing,6,69.594,SUPERSOFT,8,1,1,23.2,36.9,False,True,17.603,30.671,21.32,2.6370000000000005,True,18.0,70.15303846153846,4.945327899918001,67.591,93.13,3.196038461538467,44,0.9341486620878593,Normal
VET,Ferrari,6,69.781,ULTRASOFT,8,1,1,23.2,36.9,False,True,17.537,30.706,21.538,2.8240000000000123,True,3.0,69.16907142857143,4.180349636308014,67.082,96.112,2.212071428571434,57,0.9430077350902282,Normal
GRO,Haas F1 Team,6,70.364,ULTRASOFT,8,1,1,23.2,36.9,False,True,17.732,31.07,21.562,3.4070000000000107,True,4.0,70.44791304347827,3.956190854921268,69.071,93.593,3.4909130434782667,55,0.9468283246805373,Normal
MAG,Haas F1 Team,6,70.637,ULTRASOFT,8,1,1,23.2,36.9,False,True,17.756,31.064,21.817,3.680000000000007,True,5.0,70.46215942028985,3.9063215118091867,68.476,94.479,3.5051594202898624,55,0.9474734260690925,Normal
HUL,Renault,6,70.728,ULTRASOFT,8,1,1,23.2,36.9,False,True,17.405,31.515,21.808,3.771000000000001,True,20.0,71.2002,1.1720455812145034,70.38,74.107,4.243200000000003,9,0.9838053169167004,Normal
OCO,Force India,6,70.885,SUPERSOFT,5,1,1,23.2,36.9,False,True,17.215,31.51,22.16,3.9280000000000115,True,6.0,70.60328985507248,3.8355242033845207,68.85,95.36,3.64628985507247,57,0.9484741360821188,Normal
SAI,Renault,6,70.624,ULTRASOFT,8,1,1,23.2,36.9,False,True,17.29,31.314,22.02,3.6670000000000016,True,12.0,71.06452173913044,4.636717571885547,68.766,95.806,4.1075217391304415,56,0.9387497798703697,Normal
PER,Force India,6,70.029,SUPERSOFT,5,1,1,23.2,36.9,False,True,17.183,31.099,21.747,3.0720000000000027,True,7.0,70.60995652173914,4.168098432402896,68.504,97.598,3.6529565217391373,54,0.9442604058776469,Normal
STR,Williams,6,71.832,ULTRASOFT,5,1,1,23.2,36.9,False,True,17.556,32.127,22.149,4.875,True,14.0,71.5492794117647,4.516556705389922,69.203,98.829,4.592279411764713,55,0.9406230584459279,Normal
SIR,Williams,6,71.606,SUPERSOFT,5,1,1,23.2,36.9,False,True,17.896,31.687,22.023,4.649000000000001,True,13.0,71.62763235294118,4.614235293136902,68.971,95.433,4.670632352941182,53,0.939478983980867,Normal
GAS,Toro Rosso,6,72.341,SUPERSOFT,5,1,1,23.2,36.9,False,True,18.014,32.137,22.19,5.384,True,11.0,70.97336231884059,3.74627633151756,69.295,94.972,4.016362318840587,58,0.9498622263278357,Normal
ERI,Sauber,6,72.6,Soft,5,1,1,23.2,36.9,False,True,17.561,32.481,22.558,5.643000000000001,True,10.0,70.8751304347826,3.731059815975028,68.216,93.576,3.9181304347826154,56,0.9499899431476849,Normal
HAR,Toro Rosso,6,72.708,SUPERSOFT,5,1,1,23.2,36.9,False,True,17.529,32.541,22.638,5.751000000000005,True,17.0,71.54047169811321,4.4407460288168705,69.171,93.824,4.583471698113214,46,0.9415546873073747,Normal
ALO,McLaren,6,72.568,SUPERSOFT,5,1,1,23.2,36.9,False,True,17.384,32.614,22.57,5.611000000000004,True,8.0,70.78363768115942,3.7589555298803483,68.661,93.71,3.826637681159427,58,0.9495730512186737,Normal
LEC,Sauber,6,71.427,SUPERSOFT,5,1,1,23.2,36.9,False,True,17.695,31.364,22.368,4.470000000000013,True,9.0,70.7419552238806,3.716159130040439,69.006,94.254,3.7849552238806026,57,0.9500906091661621,Normal
HAM,Mercedes,7,69.209,SUPERSOFT,8,1,1,23.5,37.1,False,True,17.375,30.724,21.11,2.2520000000000095,True,16.0,69.87947540983606,4.293702802192054,67.241,87.525,2.9224754098360712,47,0.9421124602491985,Normal
BOT,Mercedes,7,69.077,SUPERSOFT,9,1,1,23.5,37.1,False,True,17.255,30.662,21.16,2.1200000000000045,True,19.0,69.45441666666666,0.32401135174652046,69.044,69.906,2.497416666666672,9,0.9953565684847325,Normal
VER,Red Bull Racing,7,69.405,SUPERSOFT,9,1,1,23.5,37.1,False,True,17.384,30.646,21.375,2.4480000000000075,True,1.0,69.15421428571429,3.809326951441864,67.442,93.857,2.1972142857142924,56,0.9477913641957116,Normal
RAI,Ferrari,7,69.928,ULTRASOFT,9,1,1,23.5,37.1,False,True,17.374,30.976,21.578,2.9710000000000036,True,2.0,69.16844285714286,3.88184988261783,66.957,93.64,2.2114428571428633,57,0.9468605841670369,Normal
RIC,Red Bull Racing,7,69.896,SUPERSOFT,9,1,1,23.5,37.1,False,True,17.317,30.782,21.797,2.939000000000007,True,18.0,70.15303846153846,4.945327899918001,67.591,93.13,3.196038461538467,44,0.9341486620878593,Normal
VAN,McLaren,6,75.394,Soft,5,2,1,23.5,37.1,False,True,18.389,33.068,23.937,8.437000000000012,True,15.0,72.42578125,6.886707173782013,68.894,113.141,5.468781250000006,49,0.9131699520385111,Normal
VET,Ferrari,7,69.285,ULTRASOFT,9,1,1,23.5,37.1,False,True,17.445,30.403,21.437,2.328000000000003,True,3.0,69.16907142857143,4.180349636308014,67.082,96.112,2.212071428571434,57,0.9430077350902282,Normal
GRO,Haas F1 Team,7,69.937,ULTRASOFT,9,1,1,23.5,37.1,False,True,17.531,30.832,21.574,2.980000000000004,True,4.0,70.44791304347827,3.956190854921268,69.071,93.593,3.4909130434782667,55,0.9468283246805373,Normal
MAG,Haas F1 Team,7,70.072,ULTRASOFT,9,1,1,23.5,37.1,False,True,17.553,30.801,21.718,3.115000000000009,True,5.0,70.46215942028985,3.9063215118091867,68.476,94.479,3.5051594202898624,55,0.9474734260690925,Normal
HUL,Renault,7,70.38,ULTRASOFT,9,1,1,23.5,37.1,False,True,17.286,31.235,21.859,3.423000000000002,True,20.0,71.2002,1.1720455812145034,70.38,74.107,4.243200000000003,9,0.9838053169167004,Peak
OCO,Force India,7,70.376,SUPERSOFT,6,1,1,23.5,37.1,False,True,17.116,31.285,21.975,3.419000000000011,True,6.0,70.60328985507248,3.8355242033845207,68.85,95.36,3.64628985507247,57,0.9484741360821188,Normal
SAI,Renault,7,70.478,ULTRASOFT,9,1,1,23.5,37.1,False,True,17.218,31.149,22.111,3.521000000000001,True,12.0,71.06452173913044,4.636717571885547,68.766,95.806,4.1075217391304415,56,0.9387497798703697,Normal
PER,Force India,7,70.361,SUPERSOFT,6,1,1,23.5,37.1,False,True,17.388,31.077,21.896,3.4040000000000106,True,7.0,70.60995652173914,4.168098432402896,68.504,97.598,3.6529565217391373,54,0.9442604058776469,Normal
STR,Williams,7,70.974,ULTRASOFT,6,1,1,23.5,37.1,False,True,17.58,31.435,21.959,4.01700000000001,True,14.0,71.5492794117647,4.516556705389922,69.203,98.829,4.592279411764713,55,0.9406230584459279,Normal
SIR,Williams,7,71.232,SUPERSOFT,6,1,1,23.5,37.1,False,True,17.706,31.475,22.051,4.275000000000006,True,13.0,71.62763235294118,4.614235293136902,68.971,95.433,4.670632352941182,53,0.939478983980867,Normal
GAS,Toro Rosso,7,71.014,SUPERSOFT,6,1,1,23.5,37.1,False,True,17.401,31.543,22.07,4.057000000000002,True,11.0,70.97336231884059,3.74627633151756,69.295,94.972,4.016362318840587,58,0.9498622263278357,Normal
ERI,Sauber,7,71.276,Soft,6,1,1,23.5,37.1,False,True,17.286,31.619,22.371,4.319000000000003,True,10.0,70.8751304347826,3.731059815975028,68.216,93.576,3.9181304347826154,56,0.9499899431476849,Normal
HAR,Toro Rosso,7,71.712,SUPERSOFT,6,1,1,23.5,37.1,False,True,17.335,32.051,22.326,4.75500000000001,True,17.0,71.54047169811321,4.4407460288168705,69.171,93.824,4.583471698113214,46,0.9415546873073747,Normal
ALO,McLaren,7,72.738,SUPERSOFT,6,1,1,23.5,37.1,False,True,18.015,32.306,22.417,5.781000000000006,True,8.0,70.78363768115942,3.7589555298803483,68.661,93.71,3.826637681159427,58,0.9495730512186737,Normal
HAM,Mercedes,8,68.972,SUPERSOFT,9,1,1,23.6,37.7,False,True,17.401,30.526,21.045,2.0150000000000006,True,16.0,69.87947540983606,4.293702802192054,67.241,87.525,2.9224754098360712,47,0.9421124602491985,Normal
BOT,Mercedes,8,69.14,SUPERSOFT,10,1,1,23.6,37.7,False,True,17.316,30.64,21.184,2.183000000000007,True,19.0,69.45441666666666,0.32401135174652046,69.044,69.906,2.497416666666672,9,0.9953565684847325,Normal
VER,Red Bull Racing,8,69.401,SUPERSOFT,10,1,1,23.6,37.7,False,True,17.501,30.629,21.271,2.4440000000000026,True,1.0,69.15421428571429,3.809326951441864,67.442,93.857,2.1972142857142924,56,0.9477913641957116,Normal
RAI,Ferrari,8,69.89,ULTRASOFT,10,1,1,23.6,37.7,False,True,17.547,30.774,21.569,2.933000000000007,True,2.0,69.16844285714286,3.88184988261783,66.957,93.64,2.2114428571428633,57,0.9468605841670369,Normal
RIC,Red Bull Racing,8,69.683,SUPERSOFT,10,1,1,23.6,37.7,False,True,17.247,30.945,21.491,2.7260000000000133,True,18.0,70.15303846153846,4.945327899918001,67.591,93.13,3.196038461538467,44,0.9341486620878593,Normal
VET,Ferrari,8,69.816,ULTRASOFT,10,1,1,23.6,37.7,False,True,17.441,30.849,21.526,2.859000000000009,True,3.0,69.16907142857143,4.180349636308014,67.082,96.112,2.212071428571434,57,0.9430077350902282,Normal
VAN,McLaren,7,72.359,Soft,6,2,1,23.6,37.7,False,True,17.416,33.049,21.894,5.402000000000001,True,15.0,72.42578125,6.886707173782013,68.894,113.141,5.468781250000006,49,0.9131699520385111,Normal
GRO,Haas F1 Team,8,69.956,ULTRASOFT,10,1,1,23.6,37.7,False,True,17.554,30.841,21.561,2.9990000000000094,True,4.0,70.44791304347827,3.956190854921268,69.071,93.593,3.4909130434782667,55,0.9468283246805373,Normal
MAG,Haas F1 Team,8,70.422,ULTRASOFT,10,1,1,23.6,37.7,False,True,17.687,30.992,21.743,3.4650000000000034,True,5.0,70.46215942028985,3.9063215118091867,68.476,94.479,3.5051594202898624,55,0.9474734260690925,Normal
HUL,Renault,8,70.631,ULTRASOFT,10,1,1,23.6,37.7,False,True,17.625,31.316,21.69,3.6740000000000066,True,20.0,71.2002,1.1720455812145034,70.38,74.107,4.243200000000003,9,0.9838053169167004,Normal
OCO,Force India,8,70.593,SUPERSOFT,7,1,1,23.6,37.7,False,True,17.254,31.451,21.888,3.63600000000001,True,6.0,70.60328985507248,3.8355242033845207,68.85,95.36,3.64628985507247,57,0.9484741360821188,Normal
SAI,Renault,8,70.671,ULTRASOFT,10,1,1,23.6,37.7,False,True,17.219,31.447,22.005,3.714000000000013,True,12.0,71.06452173913044,4.636717571885547,68.766,95.806,4.1075217391304415,56,0.9387497798703697,Normal
PER,Force India,8,70.523,SUPERSOFT,7,1,1,23.6,37.7,False,True,17.209,31.346,21.968,3.5660000000000025,True,7.0,70.60995652173914,4.168098432402896,68.504,97.598,3.6529565217391373,54,0.9442604058776469,Normal
STR,Williams,8,70.943,ULTRASOFT,7,1,1,23.6,37.7,False,True,17.644,31.433,21.866,3.986000000000004,True,14.0,71.5492794117647,4.516556705389922,69.203,98.829,4.592279411764713,55,0.9406230584459279,Normal
SIR,Williams,8,71.496,SUPERSOFT,7,1,1,23.6,37.7,False,True,17.859,31.424,22.213,4.5390000000000015,True,13.0,71.62763235294118,4.614235293136902,68.971,95.433,4.670632352941182,53,0.939478983980867,Normal
GAS,Toro Rosso,8,71.29,SUPERSOFT,7,1,1,23.6,37.7,False,True,17.577,31.645,22.068,4.333000000000013,True,11.0,70.97336231884059,3.74627633151756,69.295,94.972,4.016362318840587,58,0.9498622263278357,Normal
ERI,Sauber,8,71.707,Soft,7,1,1,23.6,37.7,False,True,18.143,31.495,22.069,4.75,True,10.0,70.8751304347826,3.731059815975028,68.216,93.576,3.9181304347826154,56,0.9499899431476849,Normal
HAR,Toro Rosso,8,71.453,SUPERSOFT,7,1,1,23.6,37.7,False,True,17.461,31.969,22.023,4.496000000000009,True,17.0,71.54047169811321,4.4407460288168705,69.171,93.824,4.583471698113214,46,0.9415546873073747,Normal
LEC,Sauber,8,71.132,SUPERSOFT,7,1,1,23.6,37.7,False,True,17.511,31.536,22.085,4.175000000000011,True,9.0,70.7419552238806,3.716159130040439,69.006,94.254,3.7849552238806026,57,0.9500906091661621,Normal
ALO,McLaren,8,71.427,SUPERSOFT,7,1,1,23.6,37.7,False,True,17.378,31.699,22.35,4.470000000000013,True,8.0,70.78363768115942,3.7589555298803483,68.661,93.71,3.826637681159427,58,0.9495730512186737,Normal
HAM,Mercedes,9,69.632,SUPERSOFT,10,1,1,23.8,36.2,False,True,17.372,30.858,21.402,2.6750000000000114,True,16.0,69.87947540983606,4.293702802192054,67.241,87.525,2.9224754098360712,47,0.9421124602491985,Normal
BOT,Mercedes,9,69.221,SUPERSOFT,11,1,1,23.8,36.2,False,True,17.249,30.809,21.163,2.26400000000001,True,19.0,69.45441666666666,0.32401135174652046,69.044,69.906,2.497416666666672,9,0.9953565684847325,Normal
VER,Red Bull Racing,9,69.263,SUPERSOFT,11,1,1,23.8,36.2,False,True,17.526,30.507,21.23,2.3060000000000116,True,1.0,69.15421428571429,3.809326951441864,67.442,93.857,2.1972142857142924,56,0.9477913641957116,Normal
RAI,Ferrari,9,69.465,ULTRASOFT,11,1,1,23.8,36.2,False,True,17.414,30.81,21.241,2.5080000000000098,True,2.0,69.16844285714286,3.88184988261783,66.957,93.64,2.2114428571428633,57,0.9468605841670369,Normal
RIC,Red Bull Racing,9,69.628,SUPERSOFT,11,1,1,23.8,36.2,False,True,17.229,30.946,21.453,2.6710000000000065,True,18.0,70.15303846153846,4.945327899918001,67.591,93.13,3.196038461538467,44,0.9341486620878593,Normal
VET,Ferrari,9,69.264,ULTRASOFT,11,1,1,23.8,36.2,False,True,17.333,30.55,21.381,2.307000000000002,True,3.0,69.16907142857143,4.180349636308014,67.082,96.112,2.212071428571434,57,0.9430077350902282,Normal
VAN,McLaren,8,70.299,Soft,7,2,1,23.8,36.2,False,True,17.605,30.978,21.716,3.342000000000013,True,15.0,72.42578125,6.886707173782013,68.894,113.141,5.468781250000006,49,0.9131699520385111,Normal
GRO,Haas F1 Team,9,69.996,ULTRASOFT,11,1,1,23.8,36.2,False,True,17.459,31.018,21.519,3.0390000000000015,True,4.0,70.44791304347827,3.956190854921268,69.071,93.593,3.4909130434782667,55,0.9468283246805373,Normal
MAG,Haas F1 Team,9,70.187,ULTRASOFT,11,1,1,23.8,36.2,False,True,17.613,30.913,21.661,3.230000000000004,True,5.0,70.46215942028985,3.9063215118091867,68.476,94.479,3.5051594202898624,55,0.9474734260690925,Normal
HUL,Renault,9,70.386,ULTRASOFT,11,1,1,23.8,36.2,False,True,17.577,31.239,21.57,3.429000000000002,True,20.0,71.2002,1.1720455812145034,70.38,74.107,4.243200000000003,9,0.9838053169167004,Normal
OCO,Force India,9,70.795,SUPERSOFT,8,1,1,23.8,36.2,False,True,17.266,31.455,22.074,3.838000000000008,True,6.0,70.60328985507248,3.8355242033845207,68.85,95.36,3.64628985507247,57,0.9484741360821188,Normal
SAI,Renault,9,70.577,ULTRASOFT,11,1,1,23.8,36.2,False,True,17.281,31.425,21.871,3.6200000000000045,True,12.0,71.06452173913044,4.636717571885547,68.766,95.806,4.1075217391304415,56,0.9387497798703697,Normal
PER,Force India,9,70.574,SUPERSOFT,8,1,1,23.8,36.2,False,True,17.144,31.558,21.872,3.6170000000000044,True,7.0,70.60995652173914,4.168098432402896,68.504,97.598,3.6529565217391373,54,0.9442604058776469,Normal
STR,Williams,9,70.763,ULTRASOFT,8,1,1,23.8,36.2,False,True,17.665,31.264,21.834,3.8060000000000116,True,14.0,71.5492794117647,4.516556705389922,69.203,98.829,4.592279411764713,55,0.9406230584459279,Normal
SIR,Williams,9,71.595,SUPERSOFT,8,1,1,23.8,36.2,False,True,17.89,31.719,21.986,4.638000000000005,True,13.0,71.62763235294118,4.614235293136902,68.971,95.433,4.670632352941182,53,0.939478983980867,Normal
GAS,Toro Rosso,9,71.736,SUPERSOFT,8,1,1,23.8,36.2,False,True,17.548,32.14,22.048,4.779000000000011,True,11.0,70.97336231884059,3.74627633151756,69.295,94.972,4.016362318840587,58,0.9498622263278357,Normal
ERI,Sauber,9,71.187,Soft,8,1,1,23.8,36.2,False,True,17.69,31.544,21.953,4.230000000000004,True,10.0,70.8751304347826,3.731059815975028,68.216,93.576,3.9181304347826154,56,0.9499899431476849,Normal
HAR,Toro Rosso,9,71.471,SUPERSOFT,8,1,1,23.8,36.2,False,True,17.448,31.843,22.18,4.51400000000001,True,17.0,71.54047169811321,4.4407460288168705,69.171,93.824,4.583471698113214,46,0.9415546873073747,Normal
LEC,Sauber,9,71.36,SUPERSOFT,8,1,1,23.8,36.2,False,True,17.439,31.831,22.09,4.403000000000006,True,9.0,70.7419552238806,3.716159130040439,69.006,94.254,3.7849552238806026,57,0.9500906091661621,Normal
ALO,McLaren,9,71.101,SUPERSOFT,8,1,1,23.8,36.2,False,True,17.377,31.663,22.061,4.1440000000000055,True,8.0,70.78363768115942,3.7589555298803483,68.661,93.71,3.826637681159427,58,0.9495730512186737,Normal
HAM,Mercedes,10,69.519,SUPERSOFT,11,1,1,23.6,36.3,False,True,17.453,30.867,21.199,2.562000000000012,True,16.0,69.87947540983606,4.293702802192054,67.241,87.525,2.9224754098360712,47,0.9421124602491985,Normal
BOT,Mercedes,10,69.547,SUPERSOFT,12,1,1,23.6,36.3,False,True,17.361,31.027,21.159,2.5900000000000034,True,19.0,69.45441666666666,0.32401135174652046,69.044,69.906,2.497416666666672,9,0.9953565684847325,Normal
VER,Red Bull Racing,10,69.32,SUPERSOFT,12,1,1,23.6,36.3,False,True,17.432,30.651,21.237,2.3629999999999995,True,1.0,69.15421428571429,3.809326951441864,67.442,93.857,2.1972142857142924,56,0.9477913641957116,Normal
RAI,Ferrari,10,69.582,ULTRASOFT,12,1,1,23.6,36.3,False,True,17.457,30.665,21.46,2.625,True,2.0,69.16844285714286,3.88184988261783,66.957,93.64,2.2114428571428633,57,0.9468605841670369,Normal
RIC,Red Bull Racing,10,69.719,SUPERSOFT,12,1,1,23.6,36.3,False,True,17.25,30.886,21.583,2.7620000000000005,True,18.0,70.15303846153846,4.945327899918001,67.591,93.13,3.196038461538467,44,0.9341486620878593,Normal
VET,Ferrari,10,69.375,ULTRASOFT,12,1,1,23.6,36.3,False,True,17.428,30.555,21.392,2.4180000000000064,True,3.0,69.16907142857143,4.180349636308014,67.082,96.112,2.212071428571434,57,0.9430077350902282,Normal
GRO,Haas F1 Team,10,70.166,ULTRASOFT,12,1,1,23.6,36.3,False,True,17.538,31.045,21.583,3.209000000000003,True,4.0,70.44791304347827,3.956190854921268,69.071,93.593,3.4909130434782667,55,0.9468283246805373,Normal
VAN,McLaren,9,72.647,Soft,8,2,1,23.6,36.3,False,True,18.946,31.778,21.923,5.690000000000012,True,15.0,72.42578125,6.886707173782013,68.894,113.141,5.468781250000006,49,0.9131699520385111,Normal
MAG,Haas F1 Team,10,70.345,ULTRASOFT,12,1,1,23.6,36.3,False,True,17.623,30.94,21.782,3.3880000000000052,True,5.0,70.46215942028985,3.9063215118091867,68.476,94.479,3.5051594202898624,55,0.9474734260690925,Normal
HUL,Renault,10,70.579,ULTRASOFT,12,1,1,23.6,36.3,False,True,17.745,31.208,21.626,3.622,True,20.0,71.2002,1.1720455812145034,70.38,74.107,4.243200000000003,9,0.9838053169167004,Normal
OCO,Force India,10,70.545,SUPERSOFT,9,1,1,23.6,36.3,False,True,17.532,31.218,21.795,3.588000000000008,True,6.0,70.60328985507248,3.8355242033845207,68.85,95.36,3.64628985507247,57,0.9484741360821188,Normal
SAI,Renault,10,70.59,ULTRASOFT,12,1,1,23.6,36.3,False,True,17.308,31.418,21.864,3.6330000000000098,True,12.0,71.06452173913044,4.636717571885547,68.766,95.806,4.1075217391304415,56,0.9387497798703697,Normal
PER,Force India,10,70.786,SUPERSOFT,9,1,1,23.6,36.3,False,True,17.287,31.605,21.894,3.8290000000000077,True,7.0,70.60995652173914,4.168098432402896,68.504,97.598,3.6529565217391373,54,0.9442604058776469,Normal
STR,Williams,10,70.994,ULTRASOFT,9,1,1,23.6,36.3,False,True,17.638,31.455,21.901,4.037000000000006,True,14.0,71.5492794117647,4.516556705389922,69.203,98.829,4.592279411764713,55,0.9406230584459279,Normal
SIR,Williams,10,70.99,SUPERSOFT,9,1,1,23.6,36.3,False,True,17.765,31.353,21.872,4.033000000000001,True,13.0,71.62763235294118,4.614235293136902,68.971,95.433,4.670632352941182,53,0.939478983980867,Normal
GAS,Toro Rosso,10,71.169,SUPERSOFT,9,1,1,23.6,36.3,False,True,17.453,31.695,22.021,4.212000000000003,True,11.0,70.97336231884059,3.74627633151756,69.295,94.972,4.016362318840587,58,0.9498622263278357,Normal
ERI,Sauber,10,71.168,Soft,9,1,1,23.5,36.7,False,True,17.598,31.553,22.017,4.211000000000013,True,10.0,70.8751304347826,3.731059815975028,68.216,93.576,3.9181304347826154,56,0.9499899431476849,Normal
LEC,Sauber,10,70.564,SUPERSOFT,9,1,1,23.5,36.7,False,True,17.33,31.165,22.069,3.6069999999999993,True,9.0,70.7419552238806,3.716159130040439,69.006,94.254,3.7849552238806026,57,0.9500906091661621,Normal
HAR,Toro Rosso,10,71.925,SUPERSOFT,9,1,1,23.5,36.7,False,True,17.309,32.206,22.41,4.9680000000000035,True,17.0,71.54047169811321,4.4407460288168705,69.171,93.824,4.583471698113214,46,0.9415546873073747,Normal
ALO,McLaren,10,71.334,SUPERSOFT,9,1,1,23.5,36.7,False,True,17.206,31.771,22.357,4.3770000000000095,True,8.0,70.78363768115942,3.7589555298803483,68.661,93.71,3.826637681159427,58,0.9495730512186737,Normal
HAM,Mercedes,11,69.319,SUPERSOFT,12,1,1,23.5,36.7,False,True,17.413,30.782,21.124,2.362000000000009,True,16.0,69.87947540983606,4.293702802192054,67.241,87.525,2.9224754098360712,47,0.9421124602491985,Normal
BOT,Mercedes,11,69.222,SUPERSOFT,13,1,1,23.5,36.7,False,True,17.319,30.797,21.106,2.2650000000000006,True,19.0,69.45441666666666,0.32401135174652046,69.044,69.906,2.497416666666672,9,0.9953565684847325,Normal
VER,Red Bull Racing,11,69.299,SUPERSOFT,13,1,1,23.5,36.7,False,True,17.416,30.561,21.322,2.342000000000013,True,1.0,69.15421428571429,3.809326951441864,67.442,93.857,2.1972142857142924,56,0.9477913641957116,Normal
RAI,Ferrari,11,69.438,ULTRASOFT,13,1,1,23.5,36.7,False,True,17.442,30.647,21.349,2.4810000000000088,True,2.0,69.16844285714286,3.88184988261783,66.957,93.64,2.2114428571428633,57,0.9468605841670369,Normal
RIC,Red Bull Racing,11,69.387,SUPERSOFT,13,1,1,23.5,36.7,False,True,17.192,30.724,21.471,2.430000000000007,True,18.0,70.15303846153846,4.945327899918001,67.591,93.13,3.196038461538467,44,0.9341486620878593,Normal
VET,Ferrari,11,69.664,ULTRASOFT,13,1,1,23.5,36.7,False,True,17.462,30.765,21.437,2.707000000000008,True,3.0,69.16907142857143,4.180349636308014,67.082,96.112,2.212071428571434,57,0.9430077350902282,Normal
GRO,Haas F1 Team,11,70.262,ULTRASOFT,13,1,1,23.5,36.7,False,True,17.615,31.125,21.522,3.305000000000007,True,4.0,70.44791304347827,3.956190854921268,69.071,93.593,3.4909130434782667,55,0.9468283246805373,Normal
MAG,Haas F1 Team,11,70.623,ULTRASOFT,13,1,1,23.5,36.7,False,True,17.63,31.131,21.862,3.666000000000011,True,5.0,70.46215942028985,3.9063215118091867,68.476,94.479,3.5051594202898624,55,0.9474734260690925,Normal
VAN,McLaren,10,72.767,Soft,9,2,1,23.5,36.7,False,True,17.859,31.43,23.478,5.810000000000002,True,15.0,72.42578125,6.886707173782013,68.894,113.141,5.468781250000006,49,0.9131699520385111,Normal
OCO,Force India,11,70.977,SUPERSOFT,10,1,1,23.1,37.4,False,True,17.509,31.068,22.4,4.02000000000001,True,6.0,70.60328985507248,3.8355242033845207,68.85,95.36,3.64628985507247,57,0.9484741360821188,Normal
SAI,Renault,11,70.65,ULTRASOFT,13,1,1,23.1,37.4,False,True,17.226,31.452,21.972,3.693000000000012,True,12.0,71.06452173913044,4.636717571885547,68.766,95.806,4.1075217391304415,56,0.9387497798703697,Normal
PER,Force India,11,70.341,SUPERSOFT,10,1,1,23.1,37.4,False,True,17.146,31.4,21.795,3.3840000000000003,True,7.0,70.60995652173914,4.168098432402896,68.504,97.598,3.6529565217391373,54,0.9442604058776469,Normal
HUL,Renault,11,74.107,ULTRASOFT,13,1,1,23.1,37.4,False,True,17.63,31.033,25.444,7.150000000000006,True,20.0,71.2002,1.1720455812145034,70.38,74.107,4.243200000000003,9,0.9838053169167004,Normal
STR,Williams,11,70.858,ULTRASOFT,10,1,1,23.1,37.4,False,True,17.679,31.416,21.763,3.9010000000000105,True,14.0,71.5492794117647,4.516556705389922,69.203,98.829,4.592279411764713,55,0.9406230584459279,Normal
SIR,Williams,11,70.996,SUPERSOFT,10,1,1,23.1,37.4,False,True,17.792,31.323,21.881,4.0390000000000015,True,13.0,71.62763235294118,4.614235293136902,68.971,95.433,4.670632352941182,53,0.939478983980867,Normal
GAS,Toro Rosso,11,70.902,SUPERSOFT,10,1,1,23.1,37.4,False,True,17.472,31.442,21.988,3.9450000000000074,True,11.0,70.97336231884059,3.74627633151756,69.295,94.972,4.016362318840587,58,0.9498622263278357,Normal
ERI,Sauber,11,70.632,Soft,10,1,1,23.1,37.4,False,True,17.568,31.32,21.744,3.6750000000000114,True,10.0,70.8751304347826,3.731059815975028,68.216,93.576,3.9181304347826154,56,0.9499899431476849,Normal
LEC,Sauber,11,70.439,SUPERSOFT,10,1,1,23.1,37.4,False,True,17.547,31.102,21.79,3.4819999999999993,True,9.0,70.7419552238806,3.716159130040439,69.006,94.254,3.7849552238806026,57,0.9500906091661621,Normal
HAR,Toro Rosso,11,70.928,SUPERSOFT,10,1,1,23.1,37.4,False,True,17.374,31.523,22.031,3.9710000000000036,True,17.0,71.54047169811321,4.4407460288168705,69.171,93.824,4.583471698113214,46,0.9415546873073747,Normal
ALO,McLaren,11,71.183,SUPERSOFT,10,1,1,23.1,37.4,False,True,17.307,31.878,21.998,4.226000000000013,True,8.0,70.78363768115942,3.7589555298803483,68.661,93.71,3.826637681159427,58,0.9495730512186737,Normal
HAM,Mercedes,12,69.32,SUPERSOFT,13,1,12,23.1,37.4,False,True,17.356,30.805,21.159,2.3629999999999995,False,16.0,69.87947540983606,4.293702802192054,67.241,87.525,2.9224754098360712,47,0.9421124602491985,Outlier
BOT,Mercedes,12,69.044,SUPERSOFT,14,1,12,23.1,37.4,False,True,17.329,30.693,21.022,2.0870000000000033,False,19.0,69.45441666666666,0.32401135174652046,69.044,69.906,2.497416666666672,9,0.9953565684847325,Outlier
VER,Red Bull Racing,12,69.306,SUPERSOFT,14,1,12,23.1,37.4,False,True,17.45,30.614,21.242,2.3490000000000038,False,1.0,69.15421428571429,3.809326951441864,67.442,93.857,2.1972142857142924,56,0.9477913641957116,Outlier
RAI,Ferrari,12,68.954,ULTRASOFT,14,1,12,23.1,37.4,False,True,17.4,30.521,21.033,1.9969999999999999,False,2.0,69.16844285714286,3.88184988261783,66.957,93.64,2.2114428571428633,57,0.9468605841670369,Outlier
RIC,Red Bull Racing,12,69.365,SUPERSOFT,14,1,12,23.1,37.4,False,True,17.142,30.714,21.509,2.4080000000000013,False,18.0,70.15303846153846,4.945327899918001,67.591,93.13,3.196038461538467,44,0.9341486620878593,Outlier
VET,Ferrari,12,69.329,ULTRASOFT,14,1,12,23.1,37.4,False,True,17.373,30.743,21.213,2.372,False,3.0,69.16907142857143,4.180349636308014,67.082,96.112,2.212071428571434,57,0.9430077350902282,Outlier
GRO,Haas F1 Team,12,70.223,ULTRASOFT,14,1,12,22.8,37.0,False,True,17.665,30.924,21.634,3.2660000000000053,False,4.0,70.44791304347827,3.956190854921268,69.071,93.593,3.4909130434782667,55,0.9468283246805373,Outlier
MAG,Haas F1 Team,12,70.545,ULTRASOFT,14,1,12,22.8,37.0,False,True,17.688,31.16,21.697,3.588000000000008,False,5.0,70.46215942028985,3.9063215118091867,68.476,94.479,3.5051594202898624,55,0.9474734260690925,Outlier
VAN,McLaren,11,71.077,Soft,10,2,12,22.8,37.0,False,True,17.535,31.675,21.867,4.1200000000000045,False,15.0,72.42578125,6.886707173782013,68.894,113.141,5.468781250000006,49,0.9131699520385111,Outlier
OCO,Force India,12,70.42,SUPERSOFT,11,1,12,22.8,37.0,False,True,17.504,31.152,21.764,3.463000000000008,False,6.0,70.60328985507248,3.8355242033845207,68.85,95.36,3.64628985507247,57,0.9484741360821188,Outlier
PER,Force India,12,70.72,SUPERSOFT,11,1,12,22.8,37.0,False,True,17.051,31.797,21.872,3.7630000000000052,False,7.0,70.60995652173914,4.168098432402896,68.504,97.598,3.6529565217391373,54,0.9442604058776469,Outlier
SAI,Renault,12,72.096,ULTRASOFT,14,1,12,22.8,37.0,False,True,17.645,32.33,22.121,5.13900000000001,False,12.0,71.06452173913044,4.636717571885547,68.766,95.806,4.1075217391304415,56,0.9387497798703697,Outlier
STR,Williams,12,71.108,ULTRASOFT,11,1,12,22.8,37.0,False,True,17.704,31.573,21.831,4.1510000000000105,False,14.0,71.5492794117647,4.516556705389922,69.203,98.829,4.592279411764713,55,0.9406230584459279,Outlier
GAS,Toro Rosso,12,71.358,SUPERSOFT,11,1,12,22.8,37.0,False,True,18.045,31.437,21.876,4.4010000000000105,False,11.0,70.97336231884059,3.74627633151756,69.295,94.972,4.016362318840587,58,0.9498622263278357,Outlier
SIR,Williams,12,73.248,SUPERSOFT,11,1,12,22.8,37.0,False,True,18.639,32.373,22.236,6.291000000000011,False,13.0,71.62763235294118,4.614235293136902,68.971,95.433,4.670632352941182,53,0.939478983980867,Outlier
ERI,Sauber,12,72.355,Soft,11,1,12,22.8,37.0,False,True,17.732,32.184,22.439,5.39800000000001,False,10.0,70.8751304347826,3.731059815975028,68.216,93.576,3.9181304347826154,56,0.9499899431476849,Outlier
LEC,Sauber,12,72.058,SUPERSOFT,11,1,12,22.8,37.0,False,True,18.254,31.442,22.362,5.101000000000013,False,9.0,70.7419552238806,3.716159130040439,69.006,94.254,3.7849552238806026,57,0.9500906091661621,Outlier
HAR,Toro Rosso,12,71.983,SUPERSOFT,11,1,12,22.8,37.0,False,True,18.306,31.516,22.161,5.0260000000000105,False,17.0,71.54047169811321,4.4407460288168705,69.171,93.824,4.583471698113214,46,0.9415546873073747,Outlier
ALO,McLaren,12,72.614,SUPERSOFT,11,1,12,22.8,37.0,False,True,18.048,31.88,22.686,5.657000000000011,False,8.0,70.78363768115942,3.7589555298803483,68.661,93.71,3.826637681159427,58,0.9495730512186737,Outlier
HAM,Mercedes,13,69.501,SUPERSOFT,14,1,21,22.8,37.0,False,True,17.662,30.784,21.055,2.544000000000011,False,16.0,69.87947540983606,4.293702802192054,67.241,87.525,2.9224754098360712,47,0.9421124602491985,Outlier
BOT,Mercedes,13,69.803,SUPERSOFT,15,1,21,22.7,37.4,False,True,17.844,30.829,21.13,2.8460000000000036,False,19.0,69.45441666666666,0.32401135174652046,69.044,69.906,2.497416666666672,9,0.9953565684847325,Outlier
VER,Red Bull Racing,13,69.785,SUPERSOFT,15,1,21,22.7,37.4,False,True,17.939,30.651,21.195,2.828000000000003,False,1.0,69.15421428571429,3.809326951441864,67.442,93.857,2.1972142857142924,56,0.9477913641957116,Outlier
RAI,Ferrari,13,69.874,ULTRASOFT,15,1,21,22.7,37.4,False,True,18.27,30.444,21.16,2.9170000000000016,False,2.0,69.16844285714286,3.88184988261783,66.957,93.64,2.2114428571428633,57,0.9468605841670369,Outlier
RIC,Red Bull Racing,13,69.882,SUPERSOFT,15,1,21,22.7,37.4,False,True,17.85,30.581,21.451,2.9250000000000114,False,18.0,70.15303846153846,4.945327899918001,67.591,93.13,3.196038461538467,44,0.9341486620878593,Outlier
VET,Ferrari,13,70.303,ULTRASOFT,15,1,21,22.7,37.4,False,True,18.252,30.742,21.309,3.3460000000000036,False,3.0,69.16907142857143,4.180349636308014,67.082,96.112,2.212071428571434,57,0.9430077350902282,Outlier
GRO,Haas F1 Team,13,70.448,ULTRASOFT,15,1,21,22.7,37.4,False,True,18.135,30.894,21.419,3.4909999999999997,False,4.0,70.44791304347827,3.956190854921268,69.071,93.593,3.4909130434782667,55,0.9468283246805373,Outlier
MAG,Haas F1 Team,13,70.677,ULTRASOFT,15,1,1,22.7,37.4,False,True,17.913,31.038,21.726,3.720000000000013,True,5.0,70.46215942028985,3.9063215118091867,68.476,94.479,3.5051594202898624,55,0.9474734260690925,Normal
VAN,McLaren,12,70.7,Soft,11,2,1,22.7,37.4,False,True,17.74,31.29,21.67,3.743000000000009,True,15.0,72.42578125,6.886707173782013,68.894,113.141,5.468781250000006,49,0.9131699520385111,Normal
OCO,Force India,13,70.424,SUPERSOFT,12,1,1,22.7,37.4,False,True,17.563,31.102,21.759,3.467000000000013,True,6.0,70.60328985507248,3.8355242033845207,68.85,95.36,3.64628985507247,57,0.9484741360821188,Normal
PER,Force India,13,70.402,SUPERSOFT,12,1,1,22.7,37.4,False,True,17.528,31.209,21.665,3.4450000000000074,True,7.0,70.60995652173914,4.168098432402896,68.504,97.598,3.6529565217391373,54,0.9442604058776469,Normal
SAI,Renault,13,70.63,ULTRASOFT,15,1,1,22.7,37.4,False,True,17.407,31.184,22.039,3.673000000000002,True,12.0,71.06452173913044,4.636717571885547,68.766,95.806,4.1075217391304415,56,0.9387497798703697,Normal
STR,Williams,13,70.866,ULTRASOFT,12,1,1,22.7,37.4,False,True,17.75,31.443,21.673,3.909000000000006,True,14.0,71.5492794117647,4.516556705389922,69.203,98.829,4.592279411764713,55,0.9406230584459279,Normal
GAS,Toro Rosso,13,70.827,SUPERSOFT,12,1,1,22.7,37.4,False,True,17.695,31.347,21.785,3.8700000000000045,True,11.0,70.97336231884059,3.74627633151756,69.295,94.972,4.016362318840587,58,0.9498622263278357,Normal
SIR,Williams,13,71.057,SUPERSOFT,12,1,1,22.7,37.4,False,True,17.669,31.433,21.955,4.1000000000000085,True,13.0,71.62763235294118,4.614235293136902,68.971,95.433,4.670632352941182,53,0.939478983980867,Normal
LEC,Sauber,13,70.845,SUPERSOFT,12,1,1,22.7,37.4,False,True,17.228,31.611,22.006,3.8880000000000052,True,9.0,70.7419552238806,3.716159130040439,69.006,94.254,3.7849552238806026,57,0.9500906091661621,Normal
ERI,Sauber,13,72.084,Soft,12,1,1,22.7,37.4,False,True,17.457,32.454,22.173,5.1270000000000095,True,10.0,70.8751304347826,3.731059815975028,68.216,93.576,3.9181304347826154,56,0.9499899431476849,Normal
HAR,Toro Rosso,13,71.386,SUPERSOFT,12,1,1,22.7,37.4,False,True,17.615,31.541,22.23,4.429000000000002,True,17.0,71.54047169811321,4.4407460288168705,69.171,93.824,4.583471698113214,46,0.9415546873073747,Normal
ALO,McLaren,13,71.086,SUPERSOFT,12,1,1,22.7,37.4,False,True,17.749,31.482,21.855,4.129000000000005,True,8.0,70.78363768115942,3.7589555298803483,68.661,93.71,3.826637681159427,58,0.9495730512186737,Normal
HAM,Mercedes,14,68.911,SUPERSOFT,15,1,12,23.0,37.2,False,True,17.319,30.572,21.02,1.9540000000000077,False,16.0,69.87947540983606,4.293702802192054,67.241,87.525,2.9224754098360712,47,0.9421124602491985,Outlier
VER,Red Bull Racing,14,69.133,SUPERSOFT,16,1,12,23.0,37.2,False,True,17.329,30.636,21.168,2.176000000000002,False,1.0,69.15421428571429,3.809326951441864,67.442,93.857,2.1972142857142924,56,0.9477913641957116,Outlier
RAI,Ferrari,14,69.238,ULTRASOFT,16,1,12,23.0,37.2,False,True,17.406,30.575,21.257,2.281000000000006,False,2.0,69.16844285714286,3.88184988261783,66.957,93.64,2.2114428571428633,57,0.9468605841670369,Outlier
RIC,Red Bull Racing,14,69.135,SUPERSOFT,16,1,12,23.0,37.2,False,True,17.402,30.457,21.276,2.1780000000000115,False,18.0,70.15303846153846,4.945327899918001,67.591,93.13,3.196038461538467,44,0.9341486620878593,Outlier
VET,Ferrari,14,69.232,ULTRASOFT,16,1,12,23.0,37.2,False,True,17.306,30.779,21.147,2.2750000000000057,False,3.0,69.16907142857143,4.180349636308014,67.082,96.112,2.212071428571434,57,0.9430077350902282,Outlier
GRO,Haas F1 Team,14,70.214,ULTRASOFT,16,1,12,23.0,37.2,False,True,17.636,31.03,21.548,3.257000000000005,False,4.0,70.44791304347827,3.956190854921268,69.071,93.593,3.4909130434782667,55,0.9468283246805373,Outlier
MAG,Haas F1 Team,14,70.444,ULTRASOFT,16,1,12,23.0,37.2,False,True,17.621,31.064,21.759,3.487000000000009,False,5.0,70.46215942028985,3.9063215118091867,68.476,94.479,3.5051594202898624,55,0.9474734260690925,Outlier
VAN,McLaren,13,70.961,Soft,12,2,12,23.0,37.2,False,True,17.708,31.49,21.763,4.004000000000005,False,15.0,72.42578125,6.886707173782013,68.894,113.141,5.468781250000006,49,0.9131699520385111,Outlier
OCO,Force India,14,70.416,SUPERSOFT,13,1,12,23.0,37.2,False,True,17.412,31.121,21.883,3.459000000000003,False,6.0,70.60328985507248,3.8355242033845207,68.85,95.36,3.64628985507247,57,0.9484741360821188,Outlier
PER,Force India,14,70.148,SUPERSOFT,13,1,12,23.0,37.2,False,True,17.359,31.111,21.678,3.1910000000000025,False,7.0,70.60995652173914,4.168098432402896,68.504,97.598,3.6529565217391373,54,0.9442604058776469,Outlier
SAI,Renault,14,70.216,ULTRASOFT,16,1,126,23.0,37.2,False,True,17.312,31.185,21.719,3.2590000000000003,False,12.0,71.06452173913044,4.636717571885547,68.766,95.806,4.1075217391304415,56,0.9387497798703697,Outlier
STR,Williams,14,70.84,ULTRASOFT,13,1,126,23.0,37.2,False,True,17.635,31.307,21.898,3.8830000000000098,False,14.0,71.5492794117647,4.516556705389922,69.203,98.829,4.592279411764713,55,0.9406230584459279,Outlier
GAS,Toro Rosso,14,75.15,SUPERSOFT,13,1,126,23.0,37.2,False,True,17.679,31.094,26.377,8.193000000000012,False,11.0,70.97336231884059,3.74627633151756,69.295,94.972,4.016362318840587,58,0.9498622263278357,Outlier
SIR,Williams,14,75.835,SUPERSOFT,13,1,126,23.0,37.2,False,True,17.639,31.372,26.824,8.878,False,13.0,71.62763235294118,4.614235293136902,68.971,95.433,4.670632352941182,53,0.939478983980867,Outlier
LEC,Sauber,14,76.806,SUPERSOFT,13,1,126,23.0,37.2,False,True,17.459,31.493,27.854,9.849000000000004,False,9.0,70.7419552238806,3.716159130040439,69.006,94.254,3.7849552238806026,57,0.9500906091661621,Outlier
ERI,Sauber,14,78.791,Soft,13,1,126,23.0,37.2,False,True,17.317,31.704,29.77,11.834000000000003,False,10.0,70.8751304347826,3.731059815975028,68.216,93.576,3.9181304347826154,56,0.9499899431476849,Outlier
HAR,Toro Rosso,14,78.855,SUPERSOFT,13,1,126,23.0,37.2,False,True,17.418,31.734,29.703,11.89800000000001,False,17.0,71.54047169811321,4.4407460288168705,69.171,93.824,4.583471698113214,46,0.9415546873073747,Outlier
ALO,McLaren,14,78.315,SUPERSOFT,13,1,126,23.0,37.2,False,True,17.539,31.393,29.383,11.358000000000004,False,8.0,70.78363768115942,3.7589555298803483,68.661,93.71,3.826637681159427,58,0.9495730512186737,Outlier
HAM,Mercedes,15,87.525,SUPERSOFT,16,1,26,22.8,37.7,False,True,17.452,39.814,30.259,20.568000000000012,False,16.0,69.87947540983606,4.293702802192054,67.241,87.525,2.9224754098360712,47,0.9421124602491985,Outlier
VER,Red Bull Racing,15,87.553,SUPERSOFT,17,1,26,22.8,37.7,False,True,17.502,40.933,29.118,20.596000000000004,False,1.0,69.15421428571429,3.809326951441864,67.442,93.857,2.1972142857142924,56,0.9477913641957116,Outlier
RAI,Ferrari,15,88.35,ULTRASOFT,17,1,26,22.8,37.7,False,True,17.486,41.304,29.56,21.393,False,2.0,69.16844285714286,3.88184988261783,66.957,93.64,2.2114428571428633,57,0.9468605841670369,Outlier
RIC,Red Bull Racing,15,88.735,SUPERSOFT,17,1,26,22.8,37.7,False,True,17.376,42.172,29.187,21.778000000000006,False,18.0,70.15303846153846,4.945327899918001,67.591,93.13,3.196038461538467,44,0.9341486620878593,Outlier
VET,Ferrari,15,89.122,ULTRASOFT,17,1,26,22.8,37.7,False,True,17.492,42.208,29.422,22.165000000000006,False,3.0,69.16907142857143,4.180349636308014,67.082,96.112,2.212071428571434,57,0.9430077350902282,Outlier
GRO,Haas F1 Team,15,93.593,ULTRASOFT,17,1,26,22.8,37.7,False,True,24.113,39.17,30.31,26.63600000000001,False,4.0,70.44791304347827,3.956190854921268,69.071,93.593,3.4909130434782667,55,0.9468283246805373,Outlier
MAG,Haas F1 Team,15,94.479,ULTRASOFT,17,1,26,23.0,37.4,False,True,24.613,39.025,30.841,27.522000000000006,False,5.0,70.46215942028985,3.9063215118091867,68.476,94.479,3.5051594202898624,55,0.9474734260690925,Outlier
VAN,McLaren,14,95.536,Soft,13,2,26,23.0,37.4,False,True,25.586,40.326,29.624,28.579000000000008,False,15.0,72.42578125,6.886707173782013,68.894,113.141,5.468781250000006,49,0.9131699520385111,Outlier
OCO,Force India,15,95.36,SUPERSOFT,14,1,26,23.0,37.4,False,True,26.393,39.987,28.98,28.403000000000006,False,6.0,70.60328985507248,3.8355242033845207,68.85,95.36,3.64628985507247,57,0.9484741360821188,Outlier
SAI,Renault,15,95.806,ULTRASOFT,17,1,6,23.0,37.4,False,True,26.669,39.776,29.361,28.849000000000004,False,12.0,71.06452173913044,4.636717571885547,68.766,95.806,4.1075217391304415,56,0.9387497798703697,Outlier
PER,Force India,15,97.598,SUPERSOFT,14,1,26,23.0,37.4,False,True,26.545,39.796,31.257,30.641000000000005,False,7.0,70.60995652173914,4.168098432402896,68.504,97.598,3.6529565217391373,54,0.9442604058776469,Outlier
STR,Williams,15,98.829,ULTRASOFT,14,1,6,23.0,37.4,False,True,27.095,40.237,31.497,31.872,False,14.0,71.5492794117647,4.516556705389922,69.203,98.829,4.592279411764713,55,0.9406230584459279,Outlier
GAS,Toro Rosso,15,94.972,SUPERSOFT,14,1,6,23.0,37.4,False,True,24.099,40.553,30.32,28.015,False,11.0,70.97336231884059,3.74627633151756,69.295,94.972,4.016362318840587,58,0.9498622263278357,Outlier
SIR,Williams,15,95.433,SUPERSOFT,14,1,6,23.0,37.4,False,True,23.78,40.529,31.124,28.476000000000013,False,13.0,71.62763235294118,4.614235293136902,68.971,95.433,4.670632352941182,53,0.939478983980867,Outlier
LEC,Sauber,15,94.254,SUPERSOFT,14,1,6,23.0,37.4,False,True,24.242,39.18,30.832,27.29700000000001,False,9.0,70.7419552238806,3.716159130040439,69.006,94.254,3.7849552238806026,57,0.9500906091661621,Outlier
ERI,Sauber,15,93.576,Soft,14,1,67,23.0,37.4,False,True,22.513,39.542,31.521,26.619,False,10.0,70.8751304347826,3.731059815975028,68.216,93.576,3.9181304347826154,56,0.9499899431476849,Outlier
HAR,Toro Rosso,15,93.824,SUPERSOFT,14,1,67,23.0,37.4,False,True,23.083,39.985,30.756,26.867000000000004,False,17.0,71.54047169811321,4.4407460288168705,69.171,93.824,4.583471698113214,46,0.9415546873073747,Outlier
ALO,McLaren,15,93.71,SUPERSOFT,14,1,67,23.0,37.4,False,True,23.083,40.467,30.16,26.753,False,8.0,70.78363768115942,3.7589555298803483,68.661,93.71,3.826637681159427,58,0.9495730512186737,Outlier
HAM,Mercedes,16,85.813,SUPERSOFT,17,1,671,22.5,38.5,False,True,25.178,39.605,21.03,18.85600000000001,False,16.0,69.87947540983606,4.293702802192054,67.241,87.525,2.9224754098360712,47,0.9421124602491985,Outlier
VER,Red Bull Racing,16,93.857,Soft,1,2,671,22.5,38.5,False,True,38.768,34.099,20.99,26.900000000000006,False,1.0,69.15421428571429,3.809326951441864,67.442,93.857,2.1972142857142924,56,0.9477913641957116,Outlier
RAI,Ferrari,16,93.64,Soft,1,2,671,22.5,38.5,False,True,39.38,33.319,20.941,26.683000000000007,False,2.0,69.16844285714286,3.88184988261783,66.957,93.64,2.2114428571428633,57,0.9468605841670369,Outlier
RIC,Red Bull Racing,16,93.13,Soft,1,2,671,22.5,38.5,False,True,39.761,32.277,21.092,26.173000000000002,False,18.0,70.15303846153846,4.945327899918001,67.591,93.13,3.196038461538467,44,0.9341486620878593,Outlier
VET,Ferrari,16,96.112,Soft,1,2,671,22.5,38.5,False,True,44.265,30.865,20.982,29.155,False,3.0,69.16907142857143,4.180349636308014,67.082,96.112,2.212071428571434,57,0.9430077350902282,Outlier
MAG,Haas F1 Team,16,81.372,ULTRASOFT,18,1,671,22.5,38.5,False,True,26.989,32.55,21.833,14.415000000000006,False,5.0,70.46215942028985,3.9063215118091867,68.476,94.479,3.5051594202898624,55,0.9474734260690925,Outlier
PER,Force India,16,76.355,SUPERSOFT,15,1,671,22.5,38.5,False,True,23.907,31.073,21.375,9.39800000000001,False,7.0,70.60995652173914,4.168098432402896,68.504,97.598,3.6529565217391373,54,0.9442604058776469,Outlier
VAN,McLaren,15,82.051,Soft,14,2,671,22.5,38.5,False,True,26.3,34.001,21.75,15.094000000000008,False,15.0,72.42578125,6.886707173782013,68.894,113.141,5.468781250000006,49,0.9131699520385111,Outlier
GRO,Haas F1 Team,16,92.147,Soft,1,2,671,22.5,38.5,False,True,40.019,30.782,21.346,25.190000000000012,False,4.0,70.44791304347827,3.956190854921268,69.071,93.593,3.4909130434782667,55,0.9468283246805373,Outlier
OCO,Force India,16,88.772,Soft,1,2,671,22.5,38.5,False,True,36.792,30.692,21.288,21.815000000000012,False,6.0,70.60328985507248,3.8355242033845207,68.85,95.36,3.64628985507247,57,0.9484741360821188,Outlier
SAI,Renault,16,88.431,Soft,1,2,671,22.5,38.5,False,True,36.148,31.001,21.282,21.474000000000004,False,12.0,71.06452173913044,4.636717571885547,68.766,95.806,4.1075217391304415,56,0.9387497798703697,Outlier
SIR,Williams,16,75.564,SUPERSOFT,15,1,671,22.5,38.5,False,True,21.566,32.093,21.905,8.607,False,13.0,71.62763235294118,4.614235293136902,68.971,95.433,4.670632352941182,53,0.939478983980867,Outlier
ERI,Sauber,16,73.509,Soft,15,1,71,22.5,38.5,False,True,19.793,31.725,21.991,6.552000000000007,False,10.0,70.8751304347826,3.731059815975028,68.216,93.576,3.9181304347826154,56,0.9499899431476849,Outlier
HAR,Toro Rosso,16,73.367,SUPERSOFT,15,1,71,22.5,38.5,False,True,19.744,31.677,21.946,6.410000000000011,False,17.0,71.54047169811321,4.4407460288168705,69.171,93.824,4.583471698113214,46,0.9415546873073747,Outlier
STR,Williams,16,87.716,Soft,1,2,671,22.5,38.5,False,True,35.335,30.844,21.537,20.759,False,14.0,71.5492794117647,4.516556705389922,69.203,98.829,4.592279411764713,55,0.9406230584459279,Outlier
GAS,Toro Rosso,16,87.79,Soft,1,2,671,22.5,38.5,False,True,35.473,30.879,21.438,20.833000000000013,False,11.0,70.97336231884059,3.74627633151756,69.295,94.972,4.016362318840587,58,0.9498622263278357,Outlier
LEC,Sauber,16,86.56,Soft,1,2,671,22.5,38.5,False,True,34.41,30.695,21.455,19.60300000000001,False,9.0,70.7419552238806,3.716159130040439,69.006,94.254,3.7849552238806026,57,0.9500906091661621,Outlier
ALO,McLaren,16,87.388,Soft,1,2,71,22.5,38.5,False,True,34.941,30.981,21.466,20.43100000000001,False,8.0,70.78363768115942,3.7589555298803483,68.661,93.71,3.826637681159427,58,0.9495730512186737,Outlier
HAM,Mercedes,17,68.607,SUPERSOFT,18,1,1,22.2,39.4,False,True,17.32,30.369,20.918,1.6500000000000057,True,16.0,69.87947540983606,4.293702802192054,67.241,87.525,2.9224754098360712,47,0.9421124602491985,Normal
VER,Red Bull Racing,17,68.687,Soft,2,2,1,22.2,39.4,False,True,17.42,30.371,20.896,1.730000000000004,True,1.0,69.15421428571429,3.809326951441864,67.442,93.857,2.1972142857142924,56,0.9477913641957116,Normal
RAI,Ferrari,17,68.274,Soft,2,2,1,22.2,39.4,False,True,17.342,30.177,20.755,1.3170000000000073,True,2.0,69.16844285714286,3.88184988261783,66.957,93.64,2.2114428571428633,57,0.9468605841670369,Normal
RIC,Red Bull Racing,17,68.228,Soft,2,2,1,22.2,39.4,False,True,17.122,30.139,20.967,1.2710000000000008,True,18.0,70.15303846153846,4.945327899918001,67.591,93.13,3.196038461538467,44,0.9341486620878593,Normal
VET,Ferrari,17,68.321,Soft,2,2,1,22.2,39.4,False,True,17.291,30.102,20.928,1.3640000000000043,True,3.0,69.16907142857143,4.180349636308014,67.082,96.112,2.212071428571434,57,0.9430077350902282,Normal
MAG,Haas F1 Team,17,69.462,ULTRASOFT,19,1,1,22.2,39.4,False,True,17.483,30.588,21.391,2.5050000000000097,True,5.0,70.46215942028985,3.9063215118091867,68.476,94.479,3.5051594202898624,55,0.9474734260690925,Normal
PER,Force India,17,69.409,SUPERSOFT,16,1,1,22.2,39.4,False,True,17.298,30.646,21.465,2.4520000000000124,True,7.0,70.60995652173914,4.168098432402896,68.504,97.598,3.6529565217391373,54,0.9442604058776469,Normal
VAN,McLaren,16,70.083,Soft,15,2,1,22.2,39.4,False,True,17.695,30.808,21.58,3.1260000000000048,True,15.0,72.42578125,6.886707173782013,68.894,113.141,5.468781250000006,49,0.9131699520385111,Normal
GRO,Haas F1 Team,17,69.071,Soft,2,2,1,22.2,39.4,False,True,17.428,30.417,21.226,2.1140000000000043,True,4.0,70.44791304347827,3.956190854921268,69.071,93.593,3.4909130434782667,55,0.9468283246805373,Peak
OCO,Force India,17,69.405,Soft,2,2,1,22.2,39.4,False,True,17.359,30.54,21.506,2.4480000000000075,True,6.0,70.60328985507248,3.8355242033845207,68.85,95.36,3.64628985507247,57,0.9484741360821188,Normal
SAI,Renault,17,69.189,Soft,2,2,1,22.2,39.4,False,True,17.356,30.567,21.266,2.2319999999999993,True,12.0,71.06452173913044,4.636717571885547,68.766,95.806,4.1075217391304415,56,0.9387497798703697,Normal
SIR,Williams,17,70.136,SUPERSOFT,16,1,1,22.2,39.4,False,True,17.522,30.941,21.673,3.179000000000002,True,13.0,71.62763235294118,4.614235293136902,68.971,95.433,4.670632352941182,53,0.939478983980867,Normal
ERI,Sauber,17,70.615,Soft,16,1,1,22.2,39.4,False,True,17.225,31.528,21.862,3.6580000000000013,True,10.0,70.8751304347826,3.731059815975028,68.216,93.576,3.9181304347826154,56,0.9499899431476849,Normal
HAR,Toro Rosso,17,70.656,SUPERSOFT,16,1,1,22.2,39.4,False,True,17.494,31.161,22.001,3.6990000000000123,True,17.0,71.54047169811321,4.4407460288168705,69.171,93.824,4.583471698113214,46,0.9415546873073747,Normal
STR,Williams,17,70.033,Soft,2,2,1,22.2,39.4,False,True,17.45,30.887,21.696,3.0760000000000076,True,14.0,71.5492794117647,4.516556705389922,69.203,98.829,4.592279411764713,55,0.9406230584459279,Normal
GAS,Toro Rosso,17,69.364,Soft,2,2,1,22.2,39.4,False,True,17.526,30.432,21.406,2.4070000000000107,True,11.0,70.97336231884059,3.74627633151756,69.295,94.972,4.016362318840587,58,0.9498622263278357,Normal
LEC,Sauber,17,69.454,Soft,2,2,1,22.2,39.4,False,True,17.467,30.486,21.501,2.497,True,9.0,70.7419552238806,3.716159130040439,69.006,94.254,3.7849552238806026,57,0.9500906091661621,Normal
ALO,McLaren,17,69.835,Soft,2,2,1,22.2,39.4,False,True,17.644,30.731,21.46,2.878,True,8.0,70.78363768115942,3.7589555298803483,68.661,93.71,3.826637681159427,58,0.9495730512186737,Normal
HAM,Mercedes,18,68.667,SUPERSOFT,19,1,1,22.2,39.4,False,True,17.311,30.444,20.912,1.710000000000008,True,16.0,69.87947540983606,4.293702802192054,67.241,87.525,2.9224754098360712,47,0.9421124602491985,Normal
VER,Red Bull Racing,18,68.682,Soft,3,2,1,22.2,39.4,False,True,17.445,30.303,20.934,1.7250000000000085,True,1.0,69.15421428571429,3.809326951441864,67.442,93.857,2.1972142857142924,56,0.9477913641957116,Normal
RAI,Ferrari,18,68.409,Soft,3,2,1,22.2,39.4,False,True,17.327,30.205,20.877,1.4520000000000124,True,2.0,69.16844285714286,3.88184988261783,66.957,93.64,2.2114428571428633,57,0.9468605841670369,Normal
RIC,Red Bull Racing,18,68.319,Soft,3,2,1,22.2,39.4,False,True,17.068,30.158,21.093,1.362000000000009,True,18.0,70.15303846153846,4.945327899918001,67.591,93.13,3.196038461538467,44,0.9341486620878593,Normal
VET,Ferrari,18,68.743,Soft,3,2,1,22.2,39.4,False,True,17.336,30.263,21.144,1.7860000000000014,True,3.0,69.16907142857143,4.180349636308014,67.082,96.112,2.212071428571434,57,0.9430077350902282,Normal
MAG,Haas F1 Team,18,69.723,ULTRASOFT,20,1,1,22.2,39.4,False,True,17.556,30.752,21.415,2.7660000000000053,True,5.0,70.46215942028985,3.9063215118091867,68.476,94.479,3.5051594202898624,55,0.9474734260690925,Normal
PER,Force India,18,69.977,SUPERSOFT,17,1,1,22.2,39.4,False,True,17.446,31.011,21.52,3.0200000000000102,True,7.0,70.60995652173914,4.168098432402896,68.504,97.598,3.6529565217391373,54,0.9442604058776469,Normal
VAN,McLaren,17,70.449,Soft,16,2,1,22.2,39.4,False,True,17.706,31.029,21.714,3.4920000000000044,True,15.0,72.42578125,6.886707173782013,68.894,113.141,5.468781250000006,49,0.9131699520385111,Normal
GRO,Haas F1 Team,18,69.688,Soft,3,2,1,22.2,39.4,False,True,17.45,30.799,21.439,2.7310000000000088,True,4.0,70.44791304347827,3.956190854921268,69.071,93.593,3.4909130434782667,55,0.9468283246805373,Normal
OCO,Force India,18,69.803,Soft,3,2,1,22.2,39.4,False,True,17.515,30.796,21.492,2.8460000000000036,True,6.0,70.60328985507248,3.8355242033845207,68.85,95.36,3.64628985507247,57,0.9484741360821188,Normal
SAI,Renault,18,69.654,Soft,3,2,1,22.2,39.4,False,True,17.548,30.789,21.317,2.6970000000000027,True,12.0,71.06452173913044,4.636717571885547,68.766,95.806,4.1075217391304415,56,0.9387497798703697,Normal
SIR,Williams,18,70.427,SUPERSOFT,17,1,1,22.2,39.4,False,True,17.721,31.076,21.63,3.470000000000013,True,13.0,71.62763235294118,4.614235293136902,68.971,95.433,4.670632352941182,53,0.939478983980867,Normal
ERI,Sauber,18,70.841,Soft,17,1,1,22.2,39.4,False,True,17.654,31.39,21.797,3.8840000000000003,True,10.0,70.8751304347826,3.731059815975028,68.216,93.576,3.9181304347826154,56,0.9499899431476849,Normal
HAR,Toro Rosso,18,70.773,SUPERSOFT,17,1,1,22.2,39.4,False,True,17.621,31.385,21.767,3.8160000000000025,True,17.0,71.54047169811321,4.4407460288168705,69.171,93.824,4.583471698113214,46,0.9415546873073747,Normal
STR,Williams,18,70.321,Soft,3,2,1,22.2,39.4,False,True,17.675,31.156,21.49,3.3640000000000043,True,14.0,71.5492794117647,4.516556705389922,69.203,98.829,4.592279411764713,55,0.9406230584459279,Normal
GAS,Toro Rosso,18,69.872,Soft,3,2,1,22.2,39.4,False,True,17.599,30.793,21.48,2.9150000000000063,True,11.0,70.97336231884059,3.74627633151756,69.295,94.972,4.016362318840587,58,0.9498622263278357,Normal
LEC,Sauber,18,69.675,Soft,3,2,1,22.2,39.4,False,True,17.582,30.735,21.358,2.7180000000000035,True,9.0,70.7419552238806,3.716159130040439,69.006,94.254,3.7849552238806026,57,0.9500906091661621,Normal
ALO,McLaren,18,70.238,Soft,3,2,1,22.6,39.5,False,True,17.714,31.035,21.489,3.281000000000006,True,8.0,70.78363768115942,3.7589555298803483,68.661,93.71,3.826637681159427,58,0.9495730512186737,Normal
HAM,Mercedes,19,68.718,SUPERSOFT,20,1,1,22.6,39.5,False,True,17.33,30.564,20.824,1.76100000000001,True,16.0,69.87947540983606,4.293702802192054,67.241,87.525,2.9224754098360712,47,0.9421124602491985,Normal
VER,Red Bull Racing,19,68.736,Soft,4,2,1,22.6,39.5,False,True,17.438,30.417,20.881,1.7790000000000106,True,1.0,69.15421428571429,3.809326951441864,67.442,93.857,2.1972142857142924,56,0.9477913641957116,Normal
RAI,Ferrari,19,68.465,Soft,4,2,1,22.6,39.5,False,True,17.363,30.265,20.837,1.5080000000000098,True,2.0,69.16844285714286,3.88184988261783,66.957,93.64,2.2114428571428633,57,0.9468605841670369,Normal
RIC,Red Bull Racing,19,68.558,Soft,4,2,1,22.6,39.5,False,True,17.011,30.401,21.146,1.6010000000000133,True,18.0,70.15303846153846,4.945327899918001,67.591,93.13,3.196038461538467,44,0.9341486620878593,Normal
VET,Ferrari,19,68.495,Soft,4,2,1,22.6,39.5,False,True,17.397,30.271,20.827,1.538000000000011,True,3.0,69.16907142857143,4.180349636308014,67.082,96.112,2.212071428571434,57,0.9430077350902282,Normal
MAG,Haas F1 Team,19,69.663,ULTRASOFT,21,1,1,22.6,39.5,False,True,17.582,30.784,21.297,2.706000000000003,True,5.0,70.46215942028985,3.9063215118091867,68.476,94.479,3.5051594202898624,55,0.9474734260690925,Normal
PER,Force India,19,70.15,SUPERSOFT,18,1,1,22.6,39.5,False,True,17.505,31.071,21.574,3.193000000000012,True,7.0,70.60995652173914,4.168098432402896,68.504,97.598,3.6529565217391373,54,0.9442604058776469,Normal
GRO,Haas F1 Team,19,69.69,Soft,4,2,1,22.6,39.5,False,True,17.45,30.924,21.316,2.733000000000004,True,4.0,70.44791304347827,3.956190854921268,69.071,93.593,3.4909130434782667,55,0.9468283246805373,Normal
VAN,McLaren,18,71.834,Soft,17,2,1,22.6,39.5,False,True,17.828,32.305,21.701,4.8770000000000095,True,15.0,72.42578125,6.886707173782013,68.894,113.141,5.468781250000006,49,0.9131699520385111,Normal
OCO,Force India,19,69.902,Soft,4,2,1,22.6,39.5,False,True,17.538,30.807,21.557,2.9450000000000074,True,6.0,70.60328985507248,3.8355242033845207,68.85,95.36,3.64628985507247,57,0.9484741360821188,Normal
SAI,Renault,19,69.629,Soft,4,2,1,22.6,39.5,False,True,17.532,30.843,21.254,2.6720000000000113,True,12.0,71.06452173913044,4.636717571885547,68.766,95.806,4.1075217391304415,56,0.9387497798703697,Normal
SIR,Williams,19,70.661,SUPERSOFT,18,1,1,22.6,39.5,False,True,17.633,31.358,21.67,3.7040000000000077,True,13.0,71.62763235294118,4.614235293136902,68.971,95.433,4.670632352941182,53,0.939478983980867,Normal
ERI,Sauber,19,70.827,Soft,18,1,1,22.6,39.5,False,True,17.656,31.572,21.599,3.8700000000000045,True,10.0,70.8751304347826,3.731059815975028,68.216,93.576,3.9181304347826154,56,0.9499899431476849,Normal
HAR,Toro Rosso,19,70.856,SUPERSOFT,18,1,1,22.6,39.5,False,True,17.593,31.551,21.712,3.899000000000001,True,17.0,71.54047169811321,4.4407460288168705,69.171,93.824,4.583471698113214,46,0.9415546873073747,Normal
STR,Williams,19,70.362,Soft,4,2,1,22.6,39.5,False,True,17.574,31.219,21.569,3.405000000000001,True,14.0,71.5492794117647,4.516556705389922,69.203,98.829,4.592279411764713,55,0.9406230584459279,Normal
GAS,Toro Rosso,19,70.013,Soft,4,2,1,22.9,38.0,False,True,17.608,31.009,21.396,3.0560000000000116,True,11.0,70.97336231884059,3.74627633151756,69.295,94.972,4.016362318840587,58,0.9498622263278357,Normal
LEC,Sauber,19,70.111,Soft,4,2,1,22.9,38.0,False,True,17.625,30.985,21.501,3.1540000000000106,True,9.0,70.7419552238806,3.716159130040439,69.006,94.254,3.7849552238806026,57,0.9500906091661621,Normal
ALO,McLaren,19,70.354,Soft,4,2,1,22.9,38.0,False,True,17.839,31.074,21.441,3.3970000000000056,True,8.0,70.78363768115942,3.7589555298803483,68.661,93.71,3.826637681159427,58,0.9495730512186737,Normal
HAM,Mercedes,20,68.915,SUPERSOFT,21,1,1,22.9,38.0,False,True,17.309,30.707,20.899,1.9580000000000126,True,16.0,69.87947540983606,4.293702802192054,67.241,87.525,2.9224754098360712,47,0.9421124602491985,Normal
VER,Red Bull Racing,20,69.037,Soft,5,2,1,22.9,38.0,False,True,17.412,30.82,20.805,2.0800000000000125,True,1.0,69.15421428571429,3.809326951441864,67.442,93.857,2.1972142857142924,56,0.9477913641957116,Normal
RIC,Red Bull Racing,20,68.201,Soft,5,2,1,22.9,38.0,False,True,17.049,30.106,21.046,1.2439999999999998,True,18.0,70.15303846153846,4.945327899918001,67.591,93.13,3.196038461538467,44,0.9341486620878593,Normal
RAI,Ferrari,20,70.439,Soft,5,2,1,22.9,38.0,False,True,17.375,31.788,21.276,3.4819999999999993,True,2.0,69.16844285714286,3.88184988261783,66.957,93.64,2.2114428571428633,57,0.9468605841670369,Normal
VET,Ferrari,20,68.548,Soft,5,2,1,22.9,38.0,False,True,17.371,30.38,20.797,1.5910000000000082,True,3.0,69.16907142857143,4.180349636308014,67.082,96.112,2.212071428571434,57,0.9430077350902282,Normal
MAG,Haas F1 Team,20,69.673,ULTRASOFT,22,1,1,23.0,37.9,False,True,17.71,30.724,21.239,2.716000000000008,True,5.0,70.46215942028985,3.9063215118091867,68.476,94.479,3.5051594202898624,55,0.9474734260690925,Normal
PER,Force India,20,70.616,SUPERSOFT,19,1,1,23.0,37.9,False,True,17.444,31.825,21.347,3.659000000000006,True,7.0,70.60995652173914,4.168098432402896,68.504,97.598,3.6529565217391373,54,0.9442604058776469,Normal
GRO,Haas F1 Team,20,69.77,Soft,5,2,1,23.0,37.9,False,True,17.599,30.893,21.278,2.8130000000000024,True,4.0,70.44791304347827,3.956190854921268,69.071,93.593,3.4909130434782667,55,0.9468283246805373,Normal
VAN,McLaren,19,70.335,Soft,18,2,1,23.0,37.9,False,True,17.63,31.134,21.571,3.378,True,15.0,72.42578125,6.886707173782013,68.894,113.141,5.468781250000006,49,0.9131699520385111,Normal
OCO,Force India,20,69.696,Soft,5,2,1,23.0,37.9,False,True,17.479,30.758,21.459,2.7390000000000043,True,6.0,70.60328985507248,3.8355242033845207,68.85,95.36,3.64628985507247,57,0.9484741360821188,Normal
SAI,Renault,20,69.594,Soft,5,2,1,23.0,37.9,False,True,17.519,30.826,21.249,2.6370000000000005,True,12.0,71.06452173913044,4.636717571885547,68.766,95.806,4.1075217391304415,56,0.9387497798703697,Normal
SIR,Williams,20,70.652,SUPERSOFT,19,1,1,23.0,37.9,False,True,17.763,31.215,21.674,3.6950000000000074,True,13.0,71.62763235294118,4.614235293136902,68.971,95.433,4.670632352941182,53,0.939478983980867,Normal
ERI,Sauber,20,70.521,Soft,19,1,1,23.0,37.9,False,True,17.66,31.303,21.558,3.564000000000007,True,10.0,70.8751304347826,3.731059815975028,68.216,93.576,3.9181304347826154,56,0.9499899431476849,Normal
HAR,Toro Rosso,20,70.429,SUPERSOFT,19,1,1,23.0,37.9,False,True,17.638,31.154,21.637,3.4720000000000084,True,17.0,71.54047169811321,4.4407460288168705,69.171,93.824,4.583471698113214,46,0.9415546873073747,Normal
STR,Williams,20,70.568,Soft,5,2,1,23.0,37.9,False,True,17.634,31.328,21.606,3.611000000000004,True,14.0,71.5492794117647,4.516556705389922,69.203,98.829,4.592279411764713,55,0.9406230584459279,Normal
GAS,Toro Rosso,20,69.81,Soft,5,2,1,23.0,37.9,False,True,17.655,30.795,21.36,2.8530000000000086,True,11.0,70.97336231884059,3.74627633151756,69.295,94.972,4.016362318840587,58,0.9498622263278357,Normal
LEC,Sauber,20,69.814,Soft,5,2,1,23.0,37.9,False,True,17.659,30.801,21.354,2.8569999999999993,True,9.0,70.7419552238806,3.716159130040439,69.006,94.254,3.7849552238806026,57,0.9500906091661621,Normal
ALO,McLaren,20,70.125,Soft,5,2,1,23.0,37.9,False,True,17.722,31.012,21.391,3.1680000000000064,True,8.0,70.78363768115942,3.7589555298803483,68.661,93.71,3.826637681159427,58,0.9495730512186737,Normal
HAM,Mercedes,21,68.419,SUPERSOFT,22,1,1,23.0,37.9,False,True,17.315,30.405,20.699,1.4620000000000033,True,16.0,69.87947540983606,4.293702802192054,67.241,87.525,2.9224754098360712,47,0.9421124602491985,Normal
VER,Red Bull Racing,21,68.445,Soft,6,2,1,23.0,37.9,False,True,17.372,30.221,20.852,1.4879999999999995,True,1.0,69.15421428571429,3.809326951441864,67.442,93.857,2.1972142857142924,56,0.9477913641957116,Normal
RIC,Red Bull Racing,21,68.58,Soft,6,2,1,23.1,38.3,False,True,17.346,30.22,21.014,1.6230000000000047,True,18.0,70.15303846153846,4.945327899918001,67.591,93.13,3.196038461538467,44,0.9341486620878593,Normal
RAI,Ferrari,21,68.859,Soft,6,2,1,23.1,38.3,False,True,17.423,30.344,21.092,1.902000000000001,True,2.0,69.16844285714286,3.88184988261783,66.957,93.64,2.2114428571428633,57,0.9468605841670369,Normal
VET,Ferrari,21,68.248,Soft,6,2,1,23.1,38.3,False,True,17.293,30.081,20.874,1.291000000000011,True,3.0,69.16907142857143,4.180349636308014,67.082,96.112,2.212071428571434,57,0.9430077350902282,Normal
MAG,Haas F1 Team,21,69.756,ULTRASOFT,23,1,1,23.1,38.3,False,True,17.632,30.724,21.4,2.7990000000000066,True,5.0,70.46215942028985,3.9063215118091867,68.476,94.479,3.5051594202898624,55,0.9474734260690925,Normal
PER,Force India,21,69.729,SUPERSOFT,20,1,1,23.1,38.3,False,True,17.465,30.799,21.465,2.7720000000000056,True,7.0,70.60995652173914,4.168098432402896,68.504,97.598,3.6529565217391373,54,0.9442604058776469,Normal
GRO,Haas F1 Team,21,69.864,Soft,6,2,1,23.1,38.3,False,True,17.599,30.935,21.33,2.9070000000000107,True,4.0,70.44791304347827,3.956190854921268,69.071,93.593,3.4909130434782667,55,0.9468283246805373,Normal
VAN,McLaren,20,70.496,Soft,19,2,1,23.1,38.3,False,True,17.725,31.124,21.647,3.5390000000000015,True,15.0,72.42578125,6.886707173782013,68.894,113.141,5.468781250000006,49,0.9131699520385111,Normal
OCO,Force India,21,69.762,Soft,6,2,1,23.1,38.3,False,True,17.45,30.741,21.571,2.805000000000007,True,6.0,70.60328985507248,3.8355242033845207,68.85,95.36,3.64628985507247,57,0.9484741360821188,Normal
SAI,Renault,21,69.551,Soft,6,2,1,23.1,38.3,False,True,17.532,30.714,21.305,2.5940000000000083,True,12.0,71.06452173913044,4.636717571885547,68.766,95.806,4.1075217391304415,56,0.9387497798703697,Normal
SIR,Williams,21,70.344,SUPERSOFT,20,1,1,23.1,38.3,False,True,17.754,30.989,21.601,3.3870000000000005,True,13.0,71.62763235294118,4.614235293136902,68.971,95.433,4.670632352941182,53,0.939478983980867,Normal
ERI,Sauber,21,70.472,Soft,20,1,1,23.1,38.3,False,True,17.691,31.148,21.633,3.5150000000000006,True,10.0,70.8751304347826,3.731059815975028,68.216,93.576,3.9181304347826154,56,0.9499899431476849,Normal
HAR,Toro Rosso,21,70.47,SUPERSOFT,20,1,1,23.1,38.3,False,True,17.384,31.319,21.767,3.5130000000000052,True,17.0,71.54047169811321,4.4407460288168705,69.171,93.824,4.583471698113214,46,0.9415546873073747,Normal
STR,Williams,21,70.265,Soft,6,2,1,23.1,38.3,False,True,17.419,31.201,21.645,3.308000000000007,True,14.0,71.5492794117647,4.516556705389922,69.203,98.829,4.592279411764713,55,0.9406230584459279,Normal
GAS,Toro Rosso,21,69.581,Soft,6,2,1,23.1,38.3,False,True,17.507,30.656,21.418,2.6240000000000094,True,11.0,70.97336231884059,3.74627633151756,69.295,94.972,4.016362318840587,58,0.9498622263278357,Normal
LEC,Sauber,21,69.599,Soft,6,2,1,23.1,38.3,False,True,17.531,30.663,21.405,2.64200000000001,True,9.0,70.7419552238806,3.716159130040439,69.006,94.254,3.7849552238806026,57,0.9500906091661621,Normal
ALO,McLaren,21,70.077,Soft,6,2,1,23.1,38.3,False,True,17.768,30.841,21.468,3.1200000000000045,True,8.0,70.78363768115942,3.7589555298803483,68.661,93.71,3.826637681159427,58,0.9495730512186737,Normal
HAM,Mercedes,22,68.607,SUPERSOFT,23,1,1,23.1,38.3,False,True,17.337,30.361,20.909,1.6500000000000057,True,16.0,69.87947540983606,4.293702802192054,67.241,87.525,2.9224754098360712,47,0.9421124602491985,Normal
VER,Red Bull Racing,22,68.557,Soft,7,2,1,23.2,37.5,False,True,17.424,30.245,20.888,1.6000000000000085,True,1.0,69.15421428571429,3.809326951441864,67.442,93.857,2.1972142857142924,56,0.9477913641957116,Normal
RIC,Red Bull Racing,22,68.656,Soft,7,2,1,23.2,37.5,False,True,17.442,30.235,20.979,1.6990000000000123,True,18.0,70.15303846153846,4.945327899918001,67.591,93.13,3.196038461538467,44,0.9341486620878593,Normal
RAI,Ferrari,22,68.784,Soft,7,2,1,23.2,37.5,False,True,17.339,30.341,21.104,1.8270000000000124,True,2.0,69.16844285714286,3.88184988261783,66.957,93.64,2.2114428571428633,57,0.9468605841670369,Normal
VET,Ferrari,22,68.913,Soft,7,2,1,23.2,37.5,False,True,17.377,30.713,20.823,1.956000000000003,True,3.0,69.16907142857143,4.180349636308014,67.082,96.112,2.212071428571434,57,0.9430077350902282,Normal
MAG,Haas F1 Team,22,69.864,ULTRASOFT,24,1,1,23.2,37.5,False,True,17.802,30.775,21.287,2.9070000000000107,True,5.0,70.46215942028985,3.9063215118091867,68.476,94.479,3.5051594202898624,55,0.9474734260690925,Normal
PER,Force India,22,69.805,SUPERSOFT,21,1,1,23.2,37.5,False,True,17.502,30.853,21.45,2.848000000000013,True,7.0,70.60995652173914,4.168098432402896,68.504,97.598,3.6529565217391373,54,0.9442604058776469,Normal
GRO,Haas F1 Team,22,69.794,Soft,7,2,1,23.2,37.5,False,True,17.561,30.9,21.333,2.8370000000000033,True,4.0,70.44791304347827,3.956190854921268,69.071,93.593,3.4909130434782667,55,0.9468283246805373,Normal
VAN,McLaren,21,70.345,Soft,20,2,1,23.2,37.5,False,True,17.778,30.979,21.588,3.3880000000000052,True,15.0,72.42578125,6.886707173782013,68.894,113.141,5.468781250000006,49,0.9131699520385111,Normal
OCO,Force India,22,69.643,Soft,7,2,1,23.2,37.5,False,True,17.502,30.745,21.396,2.686000000000007,True,6.0,70.60328985507248,3.8355242033845207,68.85,95.36,3.64628985507247,57,0.9484741360821188,Normal
SAI,Renault,22,69.658,Soft,7,2,1,23.2,37.5,False,True,17.559,30.83,21.269,2.7010000000000076,True,12.0,71.06452173913044,4.636717571885547,68.766,95.806,4.1075217391304415,56,0.9387497798703697,Normal
SIR,Williams,22,70.542,SUPERSOFT,21,1,1,23.2,37.5,False,True,17.75,31.261,21.531,3.585000000000008,True,13.0,71.62763235294118,4.614235293136902,68.971,95.433,4.670632352941182,53,0.939478983980867,Normal
ERI,Sauber,22,70.596,Soft,21,1,1,23.2,37.5,False,True,17.731,31.329,21.536,3.63900000000001,True,10.0,70.8751304347826,3.731059815975028,68.216,93.576,3.9181304347826154,56,0.9499899431476849,Normal
HAR,Toro Rosso,22,70.73,SUPERSOFT,21,1,1,23.2,37.5,False,True,17.376,31.552,21.802,3.7730000000000103,True,17.0,71.54047169811321,4.4407460288168705,69.171,93.824,4.583471698113214,46,0.9415546873073747,Normal
STR,Williams,22,70.729,Soft,7,2,1,23.2,37.5,False,True,17.529,31.367,21.833,3.7720000000000056,True,14.0,71.5492794117647,4.516556705389922,69.203,98.829,4.592279411764713,55,0.9406230584459279,Normal
GAS,Toro Rosso,22,69.942,Soft,7,2,1,23.2,37.5,False,True,17.538,30.955,21.449,2.9849999999999994,True,11.0,70.97336231884059,3.74627633151756,69.295,94.972,4.016362318840587,58,0.9498622263278357,Normal
LEC,Sauber,22,69.699,Soft,7,2,1,23.2,37.5,False,True,17.532,30.77,21.397,2.7420000000000044,True,9.0,70.7419552238806,3.716159130040439,69.006,94.254,3.7849552238806026,57,0.9500906091661621,Normal
ALO,McLaren,22,70.05,Soft,7,2,1,23.2,37.5,False,True,17.801,30.924,21.325,3.0930000000000035,True,8.0,70.78363768115942,3.7589555298803483,68.661,93.71,3.826637681159427,58,0.9495730512186737,Normal
HAM,Mercedes,23,68.827,SUPERSOFT,24,1,1,22.7,38.5,False,True,17.35,30.625,20.852,1.8700000000000045,True,16.0,69.87947540983606,4.293702802192054,67.241,87.525,2.9224754098360712,47,0.9421124602491985,Normal
VER,Red Bull Racing,23,68.451,Soft,8,2,1,22.7,38.5,False,True,17.406,30.265,20.78,1.4939999999999998,True,1.0,69.15421428571429,3.809326951441864,67.442,93.857,2.1972142857142924,56,0.9477913641957116,Normal
RIC,Red Bull Racing,23,68.808,Soft,8,2,1,22.7,38.5,False,True,17.512,30.383,20.913,1.8510000000000133,True,18.0,70.15303846153846,4.945327899918001,67.591,93.13,3.196038461538467,44,0.9341486620878593,Normal
RAI,Ferrari,23,68.779,Soft,8,2,1,22.7,38.5,False,True,17.404,30.407,20.968,1.8220000000000027,True,2.0,69.16844285714286,3.88184988261783,66.957,93.64,2.2114428571428633,57,0.9468605841670369,Normal
VET,Ferrari,23,68.558,Soft,8,2,1,22.7,38.5,False,True,17.389,30.339,20.83,1.6010000000000133,True,3.0,69.16907142857143,4.180349636308014,67.082,96.112,2.212071428571434,57,0.9430077350902282,Normal
MAG,Haas F1 Team,23,69.86,ULTRASOFT,25,1,1,22.7,38.5,False,True,17.765,30.819,21.276,2.903000000000006,True,5.0,70.46215942028985,3.9063215118091867,68.476,94.479,3.5051594202898624,55,0.9474734260690925,Normal
PER,Force India,23,69.811,SUPERSOFT,22,1,1,22.7,38.5,False,True,17.416,31.0,21.395,2.8540000000000134,True,7.0,70.60995652173914,4.168098432402896,68.504,97.598,3.6529565217391373,54,0.9442604058776469,Normal
GRO,Haas F1 Team,23,69.665,Soft,8,2,1,22.7,38.5,False,True,17.512,30.956,21.197,2.7080000000000126,True,4.0,70.44791304347827,3.956190854921268,69.071,93.593,3.4909130434782667,55,0.9468283246805373,Normal
VAN,McLaren,22,70.584,Soft,21,2,1,22.7,38.5,False,True,17.784,31.193,21.607,3.6270000000000095,True,15.0,72.42578125,6.886707173782013,68.894,113.141,5.468781250000006,49,0.9131699520385111,Normal
OCO,Force India,23,69.844,Soft,8,2,1,22.7,38.5,False,True,17.446,30.881,21.517,2.8870000000000005,True,6.0,70.60328985507248,3.8355242033845207,68.85,95.36,3.64628985507247,57,0.9484741360821188,Normal
SAI,Renault,23,69.766,Soft,8,2,1,22.7,38.5,False,True,17.591,30.852,21.323,2.8090000000000117,True,12.0,71.06452173913044,4.636717571885547,68.766,95.806,4.1075217391304415,56,0.9387497798703697,Normal
SIR,Williams,23,70.444,SUPERSOFT,22,1,1,22.7,38.5,False,True,17.745,31.109,21.59,3.487000000000009,True,13.0,71.62763235294118,4.614235293136902,68.971,95.433,4.670632352941182,53,0.939478983980867,Normal
ERI,Sauber,23,70.412,Soft,22,1,1,22.7,38.5,False,True,17.776,31.212,21.424,3.4550000000000125,True,10.0,70.8751304347826,3.731059815975028,68.216,93.576,3.9181304347826154,56,0.9499899431476849,Normal
HAR,Toro Rosso,23,70.439,SUPERSOFT,22,1,1,22.7,38.5,False,True,17.558,31.189,21.692,3.4819999999999993,True,17.0,71.54047169811321,4.4407460288168705,69.171,93.824,4.583471698113214,46,0.9415546873073747,Normal
STR,Williams,23,70.362,Soft,8,2,1,22.7,38.5,False,True,17.311,31.354,21.697,3.405000000000001,True,14.0,71.5492794117647,4.516556705389922,69.203,98.829,4.592279411764713,55,0.9406230584459279,Normal
GAS,Toro Rosso,23,69.892,Soft,8,2,1,22.7,38.5,False,True,17.6,30.768,21.524,2.9350000000000023,True,11.0,70.97336231884059,3.74627633151756,69.295,94.972,4.016362318840587,58,0.9498622263278357,Normal
LEC,Sauber,23,69.86,Soft,8,2,1,22.8,38.3,False,True,17.614,30.766,21.48,2.903000000000006,True,9.0,70.7419552238806,3.716159130040439,69.006,94.254,3.7849552238806026,57,0.9500906091661621,Normal
ALO,McLaren,23,69.908,Soft,8,2,1,22.8,38.3,False,True,17.748,30.814,21.346,2.9510000000000076,True,8.0,70.78363768115942,3.7589555298803483,68.661,93.71,3.826637681159427,58,0.9495730512186737,Normal
HAM,Mercedes,24,68.343,SUPERSOFT,25,1,1,22.8,38.3,False,True,17.267,30.381,20.695,1.38600000000001,True,16.0,69.87947540983606,4.293702802192054,67.241,87.525,2.9224754098360712,47,0.9421124602491985,Normal
VER,Red Bull Racing,24,68.429,Soft,9,2,1,22.8,38.3,False,True,17.333,30.19,20.906,1.4720000000000084,True,1.0,69.15421428571429,3.809326951441864,67.442,93.857,2.1972142857142924,56,0.9477913641957116,Normal
RIC,Red Bull Racing,24,68.696,Soft,9,2,1,22.8,38.3,False,True,17.45,30.328,20.918,1.7390000000000043,True,18.0,70.15303846153846,4.945327899918001,67.591,93.13,3.196038461538467,44,0.9341486620878593,Normal
RAI,Ferrari,24,68.548,Soft,9,2,1,22.8,38.3,False,True,17.331,30.29,20.927,1.5910000000000082,True,2.0,69.16844285714286,3.88184988261783,66.957,93.64,2.2114428571428633,57,0.9468605841670369,Normal
VET,Ferrari,24,68.243,Soft,9,2,1,22.8,38.3,False,True,17.293,30.197,20.753,1.2860000000000014,True,3.0,69.16907142857143,4.180349636308014,67.082,96.112,2.212071428571434,57,0.9430077350902282,Normal
MAG,Haas F1 Team,24,69.518,ULTRASOFT,26,1,1,22.8,38.3,False,True,17.57,30.687,21.261,2.561000000000007,True,5.0,70.46215942028985,3.9063215118091867,68.476,94.479,3.5051594202898624,55,0.9474734260690925,Normal
PER,Force India,24,69.782,SUPERSOFT,23,1,1,22.8,38.3,False,True,17.459,30.951,21.372,2.825000000000003,True,7.0,70.60995652173914,4.168098432402896,68.504,97.598,3.6529565217391373,54,0.9442604058776469,Normal
GRO,Haas F1 Team,24,69.277,Soft,9,2,1,22.8,38.3,False,True,17.512,30.658,21.107,2.3200000000000074,True,4.0,70.44791304347827,3.956190854921268,69.071,93.593,3.4909130434782667,55,0.9468283246805373,Normal
OCO,Force India,24,69.889,Soft,9,2,1,22.8,38.3,False,True,17.459,30.995,21.435,2.932000000000002,True,6.0,70.60328985507248,3.8355242033845207,68.85,95.36,3.64628985507247,57,0.9484741360821188,Normal
VAN,McLaren,23,72.732,Soft,22,2,1,22.8,38.3,False,True,17.811,31.149,23.772,5.775000000000006,True,15.0,72.42578125,6.886707173782013,68.894,113.141,5.468781250000006,49,0.9131699520385111,Normal
SAI,Renault,24,70.115,Soft,9,2,1,22.8,38.3,False,True,17.515,30.96,21.64,3.1580000000000013,True,12.0,71.06452173913044,4.636717571885547,68.766,95.806,4.1075217391304415,56,0.9387497798703697,Normal
ERI,Sauber,24,69.911,Soft,23,1,1,22.8,38.4,False,True,17.631,30.983,21.297,2.9540000000000077,True,10.0,70.8751304347826,3.731059815975028,68.216,93.576,3.9181304347826154,56,0.9499899431476849,Normal
HAR,Toro Rosso,24,70.314,SUPERSOFT,23,1,1,22.8,38.4,False,True,17.554,31.129,21.631,3.3569999999999993,True,17.0,71.54047169811321,4.4407460288168705,69.171,93.824,4.583471698113214,46,0.9415546873073747,Normal
SIR,Williams,24,73.715,SUPERSOFT,23,1,1,22.8,38.4,False,True,17.661,31.026,25.028,6.75800000000001,False,13.0,71.62763235294118,4.614235293136902,68.971,95.433,4.670632352941182,53,0.939478983980867,Outlier
STR,Williams,24,70.409,Soft,9,2,1,22.8,38.4,False,True,17.216,31.491,21.702,3.4520000000000124,True,14.0,71.5492794117647,4.516556705389922,69.203,98.829,4.592279411764713,55,0.9406230584459279,Normal
GAS,Toro Rosso,24,69.934,Soft,9,2,1,22.8,38.4,False,True,17.397,30.85,21.687,2.977000000000004,True,11.0,70.97336231884059,3.74627633151756,69.295,94.972,4.016362318840587,58,0.9498622263278357,Normal
LEC,Sauber,24,69.855,Soft,9,2,1,22.8,38.4,False,True,17.511,30.821,21.523,2.8980000000000103,True,9.0,70.7419552238806,3.716159130040439,69.006,94.254,3.7849552238806026,57,0.9500906091661621,Normal
ALO,McLaren,24,69.892,Soft,9,2,1,22.8,38.4,False,True,17.676,30.839,21.377,2.9350000000000023,True,8.0,70.78363768115942,3.7589555298803483,68.661,93.71,3.826637681159427,58,0.9495730512186737,Normal
HAM,Mercedes,25,72.25,SUPERSOFT,26,1,1,22.8,38.4,False,True,17.133,30.582,24.535,5.293000000000006,False,16.0,69.87947540983606,4.293702802192054,67.241,87.525,2.9224754098360712,47,0.9421124602491985,Outlier
VER,Red Bull Racing,25,68.365,Soft,10,2,1,22.8,38.4,False,True,17.36,30.18,20.825,1.4080000000000013,True,1.0,69.15421428571429,3.809326951441864,67.442,93.857,2.1972142857142924,56,0.9477913641957116,Normal
RIC,Red Bull Racing,25,68.525,Soft,10,2,1,22.8,38.4,False,True,17.38,30.164,20.981,1.568000000000012,True,18.0,70.15303846153846,4.945327899918001,67.591,93.13,3.196038461538467,44,0.9341486620878593,Normal
RAI,Ferrari,25,68.581,Soft,10,2,1,22.8,38.4,False,True,17.255,30.394,20.932,1.6240000000000094,True,2.0,69.16844285714286,3.88184988261783,66.957,93.64,2.2114428571428633,57,0.9468605841670369,Normal
VET,Ferrari,25,67.989,Soft,10,2,1,22.8,38.4,False,True,17.182,30.102,20.705,1.0320000000000107,True,3.0,69.16907142857143,4.180349636308014,67.082,96.112,2.212071428571434,57,0.9430077350902282,Normal
MAG,Haas F1 Team,25,69.508,ULTRASOFT,27,1,1,22.8,38.4,False,True,17.572,30.729,21.207,2.551000000000002,True,5.0,70.46215942028985,3.9063215118091867,68.476,94.479,3.5051594202898624,55,0.9474734260690925,Normal
PER,Force India,25,69.4,SUPERSOFT,24,1,1,22.8,38.4,False,True,17.355,30.762,21.283,2.443000000000012,True,7.0,70.60995652173914,4.168098432402896,68.504,97.598,3.6529565217391373,54,0.9442604058776469,Normal
GRO,Haas F1 Team,25,69.558,Soft,10,2,1,22.8,38.4,False,True,17.455,30.748,21.355,2.6010000000000133,True,4.0,70.44791304347827,3.956190854921268,69.071,93.593,3.4909130434782667,55,0.9468283246805373,Normal
OCO,Force India,25,69.637,Soft,10,2,1,23.1,38.3,False,True,17.475,30.703,21.459,2.680000000000007,True,6.0,70.60328985507248,3.8355242033845207,68.85,95.36,3.64628985507247,57,0.9484741360821188,Normal
SAI,Renault,25,69.732,Soft,10,2,1,23.1,38.3,False,True,17.44,30.898,21.394,2.7750000000000057,True,12.0,71.06452173913044,4.636717571885547,68.766,95.806,4.1075217391304415,56,0.9387497798703697,Normal
VAN,McLaren,24,71.574,Soft,23,2,1,23.1,38.3,False,True,18.254,31.488,21.832,4.617000000000004,True,15.0,72.42578125,6.886707173782013,68.894,113.141,5.468781250000006,49,0.9131699520385111,Normal
ERI,Sauber,25,69.69,Soft,24,1,1,23.1,38.3,False,True,17.502,30.927,21.261,2.733000000000004,True,10.0,70.8751304347826,3.731059815975028,68.216,93.576,3.9181304347826154,56,0.9499899431476849,Normal
HAR,Toro Rosso,25,70.17,SUPERSOFT,24,1,1,23.1,38.3,False,True,17.566,31.015,21.589,3.213000000000008,True,17.0,71.54047169811321,4.4407460288168705,69.171,93.824,4.583471698113214,46,0.9415546873073747,Normal
GAS,Toro Rosso,25,69.995,Soft,10,2,1,23.1,38.3,False,True,17.078,31.228,21.689,3.038000000000011,True,11.0,70.97336231884059,3.74627633151756,69.295,94.972,4.016362318840587,58,0.9498622263278357,Normal
STR,Williams,25,71.751,Soft,10,2,1,23.1,38.3,False,True,17.358,32.135,22.258,4.794000000000011,True,14.0,71.5492794117647,4.516556705389922,69.203,98.829,4.592279411764713,55,0.9406230584459279,Normal
LEC,Sauber,25,70.196,Soft,10,2,1,23.1,38.3,False,True,17.461,31.019,21.716,3.2390000000000043,True,9.0,70.7419552238806,3.716159130040439,69.006,94.254,3.7849552238806026,57,0.9500906091661621,Normal
ALO,McLaren,25,69.903,Soft,10,2,1,23.1,38.3,False,True,17.701,30.769,21.433,2.946000000000012,True,8.0,70.78363768115942,3.7589555298803483,68.661,93.71,3.826637681159427,58,0.9495730512186737,Normal
SIR,Williams,25,88.563,Soft,1,2,1,23.1,38.3,False,True,36.081,31.083,21.399,21.60600000000001,False,13.0,71.62763235294118,4.614235293136902,68.971,95.433,4.670632352941182,53,0.939478983980867,Outlier
VER,Red Bull Racing,26,68.509,Soft,11,2,1,23.1,38.3,False,True,17.359,30.163,20.987,1.5520000000000067,True,1.0,69.15421428571429,3.809326951441864,67.442,93.857,2.1972142857142924,56,0.9477913641957116,Normal
RIC,Red Bull Racing,26,68.585,Soft,11,2,1,23.1,38.3,False,True,17.457,30.233,20.895,1.6280000000000001,True,18.0,70.15303846153846,4.945327899918001,67.591,93.13,3.196038461538467,44,0.9341486620878593,Normal
RAI,Ferrari,26,68.607,Soft,11,2,1,23.1,38.3,False,True,17.129,30.538,20.94,1.6500000000000057,True,2.0,69.16844285714286,3.88184988261783,66.957,93.64,2.2114428571428633,57,0.9468605841670369,Normal
HAM,Mercedes,26,85.039,Soft,1,2,1,23.1,38.3,False,True,33.896,30.496,20.647,18.082000000000008,False,16.0,69.87947540983606,4.293702802192054,67.241,87.525,2.9224754098360712,47,0.9421124602491985,Outlier
VET,Ferrari,26,68.713,Soft,11,2,1,23.1,38.3,False,True,17.173,30.411,21.129,1.7560000000000002,True,3.0,69.16907142857143,4.180349636308014,67.082,96.112,2.212071428571434,57,0.9430077350902282,Normal
MAG,Haas F1 Team,26,69.349,ULTRASOFT,28,1,1,23.0,37.4,False,True,17.591,30.644,21.114,2.39200000000001,True,5.0,70.46215942028985,3.9063215118091867,68.476,94.479,3.5051594202898624,55,0.9474734260690925,Normal
PER,Force India,26,69.436,SUPERSOFT,25,1,1,23.0,37.4,False,True,17.402,30.742,21.292,2.4790000000000134,True,7.0,70.60995652173914,4.168098432402896,68.504,97.598,3.6529565217391373,54,0.9442604058776469,Normal
GRO,Haas F1 Team,26,69.714,Soft,11,2,1,23.0,37.4,False,True,17.517,30.792,21.405,2.757000000000005,True,4.0,70.44791304347827,3.956190854921268,69.071,93.593,3.4909130434782667,55,0.9468283246805373,Normal
OCO,Force India,26,69.7,Soft,11,2,1,23.0,37.4,False,True,17.455,30.65,21.595,2.743000000000009,True,6.0,70.60328985507248,3.8355242033845207,68.85,95.36,3.64628985507247,57,0.9484741360821188,Normal
SAI,Renault,26,69.859,Soft,11,2,1,23.0,37.4,False,True,17.497,30.935,21.427,2.902000000000001,True,12.0,71.06452173913044,4.636717571885547,68.766,95.806,4.1075217391304415,56,0.9387497798703697,Normal
VAN,McLaren,25,70.332,Soft,24,2,1,23.0,37.4,False,True,17.654,31.075,21.603,3.375,True,15.0,72.42578125,6.886707173782013,68.894,113.141,5.468781250000006,49,0.9131699520385111,Normal
ERI,Sauber,26,69.68,Soft,25,1,1,23.0,37.4,False,True,17.586,30.957,21.137,2.723000000000013,True,10.0,70.8751304347826,3.731059815975028,68.216,93.576,3.9181304347826154,56,0.9499899431476849,Normal
HAR,Toro Rosso,26,69.933,SUPERSOFT,25,1,1,23.0,37.4,False,True,17.567,30.963,21.403,2.9760000000000133,True,17.0,71.54047169811321,4.4407460288168705,69.171,93.824,4.583471698113214,46,0.9415546873073747,Normal
GAS,Toro Rosso,26,69.91,Soft,11,2,1,23.0,37.4,False,True,17.539,30.886,21.485,2.953000000000003,True,11.0,70.97336231884059,3.74627633151756,69.295,94.972,4.016362318840587,58,0.9498622263278357,Normal
STR,Williams,26,70.508,Soft,11,2,1,23.0,37.4,False,True,17.415,31.541,21.552,3.551000000000002,True,14.0,71.5492794117647,4.516556705389922,69.203,98.829,4.592279411764713,55,0.9406230584459279,Normal
LEC,Sauber,26,70.55,Soft,11,2,1,23.0,37.4,False,True,17.232,31.632,21.686,3.5930000000000035,True,9.0,70.7419552238806,3.716159130040439,69.006,94.254,3.7849552238806026,57,0.9500906091661621,Normal
ALO,McLaren,26,69.741,Soft,11,2,1,23.0,37.4,False,True,17.535,30.844,21.362,2.784000000000006,True,8.0,70.78363768115942,3.7589555298803483,68.661,93.71,3.826637681159427,58,0.9495730512186737,Normal
SIR,Williams,26,69.102,Soft,2,2,1,23.0,37.4,False,True,17.438,30.579,21.085,2.1450000000000102,True,13.0,71.62763235294118,4.614235293136902,68.971,95.433,4.670632352941182,53,0.939478983980867,Normal
VER,Red Bull Racing,27,68.351,Soft,12,2,1,23.0,37.4,False,True,17.241,30.233,20.877,1.3940000000000055,True,1.0,69.15421428571429,3.809326951441864,67.442,93.857,2.1972142857142924,56,0.9477913641957116,Normal
RIC,Red Bull Racing,27,68.389,Soft,12,2,1,23.0,37.4,False,True,17.322,30.241,20.826,1.4320000000000022,True,18.0,70.15303846153846,4.945327899918001,67.591,93.13,3.196038461538467,44,0.9341486620878593,Normal
RAI,Ferrari,27,68.582,Soft,12,2,1,23.0,37.4,False,True,17.261,30.339,20.982,1.625,True,2.0,69.16844285714286,3.88184988261783,66.957,93.64,2.2114428571428633,57,0.9468605841670369,Normal
HAM,Mercedes,27,67.999,Soft,2,2,1,23.0,37.4,False,True,17.043,30.207,20.749,1.0420000000000016,True,16.0,69.87947540983606,4.293702802192054,67.241,87.525,2.9224754098360712,47,0.9421124602491985,Normal
VET,Ferrari,27,68.535,Soft,12,2,1,23.0,37.4,False,True,17.193,30.381,20.961,1.578000000000003,True,3.0,69.16907142857143,4.180349636308014,67.082,96.112,2.212071428571434,57,0.9430077350902282,Normal
MAG,Haas F1 Team,27,69.274,ULTRASOFT,29,1,1,22.6,38.7,False,True,17.512,30.681,21.081,2.3170000000000073,True,5.0,70.46215942028985,3.9063215118091867,68.476,94.479,3.5051594202898624,55,0.9474734260690925,Normal
GRO,Haas F1 Team,27,69.509,Soft,12,2,1,22.6,38.7,False,True,17.465,30.79,21.254,2.5520000000000067,True,4.0,70.44791304347827,3.956190854921268,69.071,93.593,3.4909130434782667,55,0.9468283246805373,Normal
PER,Force India,27,72.843,SUPERSOFT,26,1,1,22.6,38.7,False,True,17.233,30.765,24.845,5.88600000000001,False,7.0,70.60995652173914,4.168098432402896,68.504,97.598,3.6529565217391373,54,0.9442604058776469,Outlier
OCO,Force India,27,69.807,Soft,12,2,1,22.6,38.7,False,True,17.433,30.856,21.518,2.8500000000000085,True,6.0,70.60328985507248,3.8355242033845207,68.85,95.36,3.64628985507247,57,0.9484741360821188,Normal
SAI,Renault,27,70.077,Soft,12,2,1,22.6,38.7,False,True,17.539,31.06,21.478,3.1200000000000045,True,12.0,71.06452173913044,4.636717571885547,68.766,95.806,4.1075217391304415,56,0.9387497798703697,Normal
VAN,McLaren,26,70.407,Soft,25,2,1,22.6,38.7,False,True,17.672,31.229,21.506,3.450000000000003,True,15.0,72.42578125,6.886707173782013,68.894,113.141,5.468781250000006,49,0.9131699520385111,Normal
ERI,Sauber,27,69.786,Soft,26,1,1,22.6,38.7,False,True,17.61,31.025,21.151,2.8290000000000077,True,10.0,70.8751304347826,3.731059815975028,68.216,93.576,3.9181304347826154,56,0.9499899431476849,Normal
GAS,Toro Rosso,27,69.536,Soft,12,2,1,22.6,38.7,False,True,17.435,30.828,21.273,2.5790000000000077,True,11.0,70.97336231884059,3.74627633151756,69.295,94.972,4.016362318840587,58,0.9498622263278357,Normal
HAR,Toro Rosso,27,72.437,SUPERSOFT,26,1,1,22.6,38.7,False,True,18.675,32.216,21.546,5.480000000000004,True,17.0,71.54047169811321,4.4407460288168705,69.171,93.824,4.583471698113214,46,0.9415546873073747,Normal
STR,Williams,27,71.376,Soft,12,2,1,22.6,38.7,False,True,17.589,32.1,21.687,4.419000000000011,True,14.0,71.5492794117647,4.516556705389922,69.203,98.829,4.592279411764713,55,0.9406230584459279,Normal
LEC,Sauber,27,71.253,Soft,12,2,1,22.6,38.7,False,True,17.359,31.944,21.95,4.2960000000000065,True,9.0,70.7419552238806,3.716159130040439,69.006,94.254,3.7849552238806026,57,0.9500906091661621,Normal
ALO,McLaren,27,69.814,Soft,12,2,1,22.6,38.7,False,True,17.627,30.859,21.328,2.8569999999999993,True,8.0,70.78363768115942,3.7589555298803483,68.661,93.71,3.826637681159427,58,0.9495730512186737,Normal
SIR,Williams,27,69.392,Soft,3,2,1,22.6,38.7,False,True,17.429,30.751,21.212,2.4350000000000023,True,13.0,71.62763235294118,4.614235293136902,68.971,95.433,4.670632352941182,53,0.939478983980867,Normal
VER,Red Bull Racing,28,68.461,Soft,13,2,1,22.6,38.7,False,True,17.28,30.283,20.898,1.5040000000000049,True,1.0,69.15421428571429,3.809326951441864,67.442,93.857,2.1972142857142924,56,0.9477913641957116,Normal
RIC,Red Bull Racing,28,68.745,Soft,13,2,1,22.8,38.1,False,True,17.439,30.341,20.965,1.788000000000011,True,18.0,70.15303846153846,4.945327899918001,67.591,93.13,3.196038461538467,44,0.9341486620878593,Normal
RAI,Ferrari,28,68.501,Soft,13,2,1,22.8,38.1,False,True,17.235,30.486,20.78,1.5440000000000111,True,2.0,69.16844285714286,3.88184988261783,66.957,93.64,2.2114428571428633,57,0.9468605841670369,Normal
HAM,Mercedes,28,68.209,Soft,3,2,1,22.8,38.1,False,True,17.126,30.311,20.772,1.2520000000000095,True,16.0,69.87947540983606,4.293702802192054,67.241,87.525,2.9224754098360712,47,0.9421124602491985,Normal
VET,Ferrari,28,68.547,Soft,13,2,1,22.8,38.1,False,True,17.295,30.397,20.855,1.5900000000000034,True,3.0,69.16907142857143,4.180349636308014,67.082,96.112,2.212071428571434,57,0.9430077350902282,Normal
MAG,Haas F1 Team,28,73.016,ULTRASOFT,30,1,1,22.8,38.1,False,True,17.568,30.74,24.708,6.059000000000012,False,5.0,70.46215942028985,3.9063215118091867,68.476,94.479,3.5051594202898624,55,0.9474734260690925,Outlier
GRO,Haas F1 Team,28,69.693,Soft,13,2,1,22.8,38.1,False,True,17.584,30.814,21.295,2.736000000000004,True,4.0,70.44791304347827,3.956190854921268,69.071,93.593,3.4909130434782667,55,0.9468283246805373,Normal
OCO,Force India,28,69.897,Soft,13,2,1,22.8,38.1,False,True,17.469,30.823,21.605,2.940000000000012,True,6.0,70.60328985507248,3.8355242033845207,68.85,95.36,3.64628985507247,57,0.9484741360821188,Normal
SAI,Renault,28,70.633,Soft,13,2,1,22.8,38.1,False,True,17.764,31.279,21.59,3.676000000000002,True,12.0,71.06452173913044,4.636717571885547,68.766,95.806,4.1075217391304415,56,0.9387497798703697,Normal
VAN,McLaren,27,70.543,Soft,26,2,1,22.8,38.1,False,True,17.733,31.196,21.614,3.5860000000000127,True,15.0,72.42578125,6.886707173782013,68.894,113.141,5.468781250000006,49,0.9131699520385111,Normal
ERI,Sauber,28,69.795,Soft,27,1,1,22.8,38.1,False,True,17.669,30.94,21.186,2.838000000000008,True,10.0,70.8751304347826,3.731059815975028,68.216,93.576,3.9181304347826154,56,0.9499899431476849,Normal
PER,Force India,28,87.041,Soft,1,2,1,22.8,38.1,False,True,35.569,30.519,20.953,20.084000000000003,False,7.0,70.60995652173914,4.168098432402896,68.504,97.598,3.6529565217391373,54,0.9442604058776469,Outlier
GAS,Toro Rosso,28,69.781,Soft,13,2,1,22.8,38.1,False,True,17.639,30.912,21.23,2.8240000000000123,True,11.0,70.97336231884059,3.74627633151756,69.295,94.972,4.016362318840587,58,0.9498622263278357,Normal
HAR,Toro Rosso,28,70.097,SUPERSOFT,27,1,1,22.8,38.1,False,True,17.652,31.033,21.412,3.1400000000000006,True,17.0,71.54047169811321,4.4407460288168705,69.171,93.824,4.583471698113214,46,0.9415546873073747,Normal
LEC,Sauber,28,70.463,Soft,13,2,1,22.8,38.1,False,True,17.403,31.613,21.447,3.5060000000000002,True,9.0,70.7419552238806,3.716159130040439,69.006,94.254,3.7849552238806026,57,0.9500906091661621,Normal
STR,Williams,28,71.923,Soft,13,2,1,22.8,38.1,False,True,17.686,32.673,21.564,4.966000000000008,True,14.0,71.5492794117647,4.516556705389922,69.203,98.829,4.592279411764713,55,0.9406230584459279,Normal
ALO,McLaren,28,69.988,Soft,13,2,1,22.8,38.1,False,True,17.683,30.981,21.324,3.031000000000006,True,8.0,70.78363768115942,3.7589555298803483,68.661,93.71,3.826637681159427,58,0.9495730512186737,Normal
SIR,Williams,28,69.633,Soft,4,2,1,22.9,38.3,False,True,17.645,30.701,21.287,2.676000000000002,True,13.0,71.62763235294118,4.614235293136902,68.971,95.433,4.670632352941182,53,0.939478983980867,Normal
VER,Red Bull Racing,29,68.784,Soft,14,2,1,22.9,38.3,False,True,17.303,30.39,21.091,1.8270000000000124,True,1.0,69.15421428571429,3.809326951441864,67.442,93.857,2.1972142857142924,56,0.9477913641957116,Normal
RIC,Red Bull Racing,29,68.886,Soft,14,2,1,22.9,38.3,False,True,17.473,30.439,20.974,1.929000000000002,True,18.0,70.15303846153846,4.945327899918001,67.591,93.13,3.196038461538467,44,0.9341486620878593,Normal
RAI,Ferrari,29,68.496,Soft,14,2,1,22.9,38.3,False,True,17.268,30.476,20.752,1.5390000000000015,True,2.0,69.16844285714286,3.88184988261783,66.957,93.64,2.2114428571428633,57,0.9468605841670369,Normal
HAM,Mercedes,29,68.399,Soft,4,2,1,22.9,38.3,False,True,16.813,30.746,20.84,1.4420000000000073,True,16.0,69.87947540983606,4.293702802192054,67.241,87.525,2.9224754098360712,47,0.9421124602491985,Normal
VET,Ferrari,29,68.326,Soft,14,2,1,22.9,38.3,False,True,17.361,30.221,20.744,1.3689999999999998,True,3.0,69.16907142857143,4.180349636308014,67.082,96.112,2.212071428571434,57,0.9430077350902282,Normal
GRO,Haas F1 Team,29,69.477,Soft,14,2,1,22.9,38.3,False,True,17.592,30.732,21.153,2.5200000000000102,True,4.0,70.44791304347827,3.956190854921268,69.071,93.593,3.4909130434782667,55,0.9468283246805373,Normal
OCO,Force India,29,70.051,Soft,14,2,1,22.9,38.3,False,True,17.531,31.006,21.514,3.0940000000000083,True,6.0,70.60328985507248,3.8355242033845207,68.85,95.36,3.64628985507247,57,0.9484741360821188,Normal
SAI,Renault,29,70.73,Soft,14,2,1,22.9,38.3,False,True,17.859,31.298,21.573,3.7730000000000103,True,12.0,71.06452173913044,4.636717571885547,68.766,95.806,4.1075217391304415,56,0.9387497798703697,Normal
VAN,McLaren,28,70.537,Soft,27,2,1,22.9,38.3,False,True,17.818,31.24,21.479,3.5800000000000125,True,15.0,72.42578125,6.886707173782013,68.894,113.141,5.468781250000006,49,0.9131699520385111,Normal
MAG,Haas F1 Team,29,86.358,Soft,1,2,1,22.9,38.3,False,True,35.134,30.352,20.872,19.40100000000001,False,5.0,70.46215942028985,3.9063215118091867,68.476,94.479,3.5051594202898624,55,0.9474734260690925,Outlier
ERI,Sauber,29,69.76,Soft,28,1,1,22.9,38.3,False,True,17.598,30.966,21.196,2.8030000000000115,True,10.0,70.8751304347826,3.731059815975028,68.216,93.576,3.9181304347826154,56,0.9499899431476849,Normal
PER,Force India,29,69.31,Soft,2,2,1,22.9,38.3,False,True,17.244,30.772,21.294,2.3530000000000086,True,7.0,70.60995652173914,4.168098432402896,68.504,97.598,3.6529565217391373,54,0.9442604058776469,Normal
GAS,Toro Rosso,29,69.737,Soft,14,2,1,22.9,38.3,False,True,17.535,30.845,21.357,2.780000000000001,True,11.0,70.97336231884059,3.74627633151756,69.295,94.972,4.016362318840587,58,0.9498622263278357,Normal
HAR,Toro Rosso,29,70.032,SUPERSOFT,28,1,1,22.9,38.3,False,True,17.644,30.946,21.442,3.075000000000003,True,17.0,71.54047169811321,4.4407460288168705,69.171,93.824,4.583471698113214,46,0.9415546873073747,Normal
LEC,Sauber,29,70.091,Soft,14,2,1,22.7,38.2,False,True,17.713,31.008,21.37,3.1340000000000003,True,9.0,70.7419552238806,3.716159130040439,69.006,94.254,3.7849552238806026,57,0.9500906091661621,Normal
STR,Williams,29,70.63,Soft,14,2,1,22.7,38.2,False,True,17.347,31.567,21.716,3.673000000000002,True,14.0,71.5492794117647,4.516556705389922,69.203,98.829,4.592279411764713,55,0.9406230584459279,Normal
ALO,McLaren,29,70.096,Soft,14,2,1,22.7,38.2,False,True,17.61,31.062,21.424,3.13900000000001,True,8.0,70.78363768115942,3.7589555298803483,68.661,93.71,3.826637681159427,58,0.9495730512186737,Normal
VER,Red Bull Racing,30,68.376,Soft,15,2,1,22.7,38.2,False,True,17.11,30.364,20.902,1.4190000000000111,True,1.0,69.15421428571429,3.809326951441864,67.442,93.857,2.1972142857142924,56,0.9477913641957116,Normal
SIR,Williams,29,71.46,Soft,5,2,1,22.7,38.2,False,True,17.92,31.94,21.6,4.503,True,13.0,71.62763235294118,4.614235293136902,68.971,95.433,4.670632352941182,53,0.939478983980867,Normal
RIC,Red Bull Racing,30,68.676,Soft,15,2,1,22.7,38.2,False,True,17.501,30.27,20.905,1.7190000000000083,True,18.0,70.15303846153846,4.945327899918001,67.591,93.13,3.196038461538467,44,0.9341486620878593,Normal
RAI,Ferrari,30,68.44,Soft,15,2,1,22.7,38.2,False,True,17.069,30.54,20.831,1.483000000000004,True,2.0,69.16844285714286,3.88184988261783,66.957,93.64,2.2114428571428633,57,0.9468605841670369,Normal
HAM,Mercedes,30,68.592,Soft,5,2,1,22.7,38.2,False,True,16.997,30.557,21.038,1.6350000000000051,True,16.0,69.87947540983606,4.293702802192054,67.241,87.525,2.9224754098360712,47,0.9421124602491985,Normal
VET,Ferrari,30,68.397,Soft,15,2,1,22.7,38.2,False,True,17.273,30.254,20.87,1.440000000000012,True,3.0,69.16907142857143,4.180349636308014,67.082,96.112,2.212071428571434,57,0.9430077350902282,Normal
GRO,Haas F1 Team,30,69.901,Soft,15,2,1,22.7,38.2,False,True,17.65,30.926,21.325,2.9440000000000026,True,4.0,70.44791304347827,3.956190854921268,69.071,93.593,3.4909130434782667,55,0.9468283246805373,Normal
OCO,Force India,30,70.154,Soft,15,2,1,22.7,38.2,False,True,17.544,31.031,21.579,3.1970000000000027,True,6.0,70.60328985507248,3.8355242033845207,68.85,95.36,3.64628985507247,57,0.9484741360821188,Normal
SAI,Renault,30,70.553,Soft,15,2,1,22.7,38.2,False,True,17.77,31.248,21.535,3.5960000000000036,True,12.0,71.06452173913044,4.636717571885547,68.766,95.806,4.1075217391304415,56,0.9387497798703697,Normal
MAG,Haas F1 Team,30,68.531,Soft,2,2,1,22.7,38.2,False,True,17.313,30.264,20.954,1.5740000000000123,True,5.0,70.46215942028985,3.9063215118091867,68.476,94.479,3.5051594202898624,55,0.9474734260690925,Normal
VAN,McLaren,29,71.855,Soft,28,2,1,22.4,39.5,False,True,17.715,32.474,21.666,4.89800000000001,True,15.0,72.42578125,6.886707173782013,68.894,113.141,5.468781250000006,49,0.9131699520385111,Normal
PER,Force India,30,69.098,Soft,3,2,1,22.4,39.5,False,True,16.962,30.855,21.281,2.1410000000000053,True,7.0,70.60995652173914,4.168098432402896,68.504,97.598,3.6529565217391373,54,0.9442604058776469,Normal
ERI,Sauber,30,71.066,Soft,29,1,1,22.4,39.5,False,True,17.582,31.685,21.799,4.109000000000009,True,10.0,70.8751304347826,3.731059815975028,68.216,93.576,3.9181304347826154,56,0.9499899431476849,Normal
GAS,Toro Rosso,30,69.707,Soft,15,2,1,22.4,39.5,False,True,17.48,30.859,21.368,2.75,True,11.0,70.97336231884059,3.74627633151756,69.295,94.972,4.016362318840587,58,0.9498622263278357,Normal
HAR,Toro Rosso,30,70.021,SUPERSOFT,29,1,1,22.4,39.5,False,True,17.527,31.011,21.483,3.064000000000007,True,17.0,71.54047169811321,4.4407460288168705,69.171,93.824,4.583471698113214,46,0.9415546873073747,Normal
LEC,Sauber,30,70.069,Soft,15,2,1,22.4,39.5,False,True,17.586,31.002,21.481,3.112000000000009,True,9.0,70.7419552238806,3.716159130040439,69.006,94.254,3.7849552238806026,57,0.9500906091661621,Normal
STR,Williams,30,70.46,Soft,15,2,1,22.4,39.5,False,True,17.553,31.3,21.607,3.503,True,14.0,71.5492794117647,4.516556705389922,69.203,98.829,4.592279411764713,55,0.9406230584459279,Normal
ALO,McLaren,30,69.969,Soft,15,2,1,22.4,39.5,False,True,17.58,31.028,21.361,3.0120000000000005,True,8.0,70.78363768115942,3.7589555298803483,68.661,93.71,3.826637681159427,58,0.9495730512186737,Normal
VER,Red Bull Racing,31,68.302,Soft,16,2,1,22.4,39.5,False,True,17.308,30.224,20.77,1.345000000000013,True,1.0,69.15421428571429,3.809326951441864,67.442,93.857,2.1972142857142924,56,0.9477913641957116,Normal
SIR,Williams,30,69.709,Soft,6,2,1,22.4,39.5,False,True,17.522,30.798,21.389,2.7520000000000095,True,13.0,71.62763235294118,4.614235293136902,68.971,95.433,4.670632352941182,53,0.939478983980867,Normal
RIC,Red Bull Racing,31,68.681,Soft,16,2,1,22.4,39.5,False,True,17.368,30.254,21.059,1.7240000000000038,True,18.0,70.15303846153846,4.945327899918001,67.591,93.13,3.196038461538467,44,0.9341486620878593,Normal
RAI,Ferrari,31,68.694,Soft,16,2,1,22.4,39.5,False,True,16.886,30.716,21.092,1.737000000000009,True,2.0,69.16844285714286,3.88184988261783,66.957,93.64,2.2114428571428633,57,0.9468605841670369,Normal
HAM,Mercedes,31,68.549,Soft,6,2,1,22.4,39.5,False,True,16.708,30.587,21.254,1.592000000000013,True,16.0,69.87947540983606,4.293702802192054,67.241,87.525,2.9224754098360712,47,0.9421124602491985,Normal
VET,Ferrari,31,68.253,Soft,16,2,1,22.4,39.5,False,True,17.148,30.178,20.927,1.2960000000000065,True,3.0,69.16907142857143,4.180349636308014,67.082,96.112,2.212071428571434,57,0.9430077350902282,Normal
GRO,Haas F1 Team,31,69.577,Soft,16,2,1,22.4,39.5,False,True,17.471,30.819,21.287,2.6200000000000045,True,4.0,70.44791304347827,3.956190854921268,69.071,93.593,3.4909130434782667,55,0.9468283246805373,Normal
OCO,Force India,31,69.965,Soft,16,2,1,22.9,38.4,False,True,17.409,31.008,21.548,3.0080000000000098,True,6.0,70.60328985507248,3.8355242033845207,68.85,95.36,3.64628985507247,57,0.9484741360821188,Normal
SAI,Renault,31,70.868,Soft,16,2,1,22.9,38.4,False,True,17.711,31.34,21.817,3.9110000000000014,True,12.0,71.06452173913044,4.636717571885547,68.766,95.806,4.1075217391304415,56,0.9387497798703697,Normal
MAG,Haas F1 Team,31,69.796,Soft,3,2,1,22.9,38.4,False,True,17.339,30.806,21.651,2.839000000000013,True,5.0,70.46215942028985,3.9063215118091867,68.476,94.479,3.5051594202898624,55,0.9474734260690925,Normal
VAN,McLaren,30,70.264,Soft,29,2,1,22.9,38.4,False,True,17.633,31.055,21.576,3.307000000000002,True,15.0,72.42578125,6.886707173782013,68.894,113.141,5.468781250000006,49,0.9131699520385111,Normal
PER,Force India,31,69.291,Soft,4,2,1,22.9,38.4,False,True,17.277,30.763,21.251,2.334000000000003,True,7.0,70.60995652173914,4.168098432402896,68.504,97.598,3.6529565217391373,54,0.9442604058776469,Normal
ERI,Sauber,31,69.521,Soft,30,1,1,22.9,38.4,False,True,17.267,30.997,21.257,2.564000000000007,True,10.0,70.8751304347826,3.731059815975028,68.216,93.576,3.9181304347826154,56,0.9499899431476849,Normal
GAS,Toro Rosso,31,69.768,Soft,16,2,1,22.9,38.4,False,True,17.47,30.924,21.374,2.811000000000007,True,11.0,70.97336231884059,3.74627633151756,69.295,94.972,4.016362318840587,58,0.9498622263278357,Normal
HAR,Toro Rosso,31,69.871,SUPERSOFT,30,1,1,22.9,38.4,False,True,17.477,30.877,21.517,2.9140000000000015,True,17.0,71.54047169811321,4.4407460288168705,69.171,93.824,4.583471698113214,46,0.9415546873073747,Normal
LEC,Sauber,31,69.617,Soft,16,2,1,22.9,38.4,False,True,17.502,30.837,21.278,2.660000000000011,True,9.0,70.7419552238806,3.716159130040439,69.006,94.254,3.7849552238806026,57,0.9500906091661621,Normal
STR,Williams,31,70.215,Soft,16,2,1,22.9,38.4,False,True,17.525,31.179,21.511,3.2580000000000098,True,14.0,71.5492794117647,4.516556705389922,69.203,98.829,4.592279411764713,55,0.9406230584459279,Normal
ALO,McLaren,31,69.753,Soft,16,2,1,22.9,38.4,False,True,17.536,30.989,21.228,2.7960000000000065,True,8.0,70.78363768115942,3.7589555298803483,68.661,93.71,3.826637681159427,58,0.9495730512186737,Normal
VER,Red Bull Racing,32,68.417,Soft,17,2,1,22.9,38.4,False,True,17.288,30.305,20.824,1.460000000000008,True,1.0,69.15421428571429,3.809326951441864,67.442,93.857,2.1972142857142924,56,0.9477913641957116,Normal
SIR,Williams,31,69.209,Soft,7,2,1,22.9,38.4,False,True,17.392,30.614,21.203,2.2520000000000095,True,13.0,71.62763235294118,4.614235293136902,68.971,95.433,4.670632352941182,53,0.939478983980867,Normal
RIC,Red Bull Racing,32,68.592,Soft,17,2,1,22.9,38.4,False,True,17.304,30.289,20.999,1.6350000000000051,True,18.0,70.15303846153846,4.945327899918001,67.591,93.13,3.196038461538467,44,0.9341486620878593,Normal
RAI,Ferrari,32,68.591,Soft,17,2,1,22.9,38.4,False,True,16.821,30.858,20.912,1.6340000000000003,True,2.0,69.16844285714286,3.88184988261783,66.957,93.64,2.2114428571428633,57,0.9468605841670369,Normal
HAM,Mercedes,32,68.38,Soft,7,2,1,22.9,38.4,False,True,16.668,30.76,20.952,1.4230000000000018,True,16.0,69.87947540983606,4.293702802192054,67.241,87.525,2.9224754098360712,47,0.9421124602491985,Normal
VET,Ferrari,32,68.331,Soft,17,2,1,22.9,38.4,False,True,17.185,30.225,20.921,1.3740000000000094,True,3.0,69.16907142857143,4.180349636308014,67.082,96.112,2.212071428571434,57,0.9430077350902282,Normal
GRO,Haas F1 Team,32,69.849,Soft,17,2,1,23.3,37.6,False,True,17.57,30.942,21.337,2.89200000000001,True,4.0,70.44791304347827,3.956190854921268,69.071,93.593,3.4909130434782667,55,0.9468283246805373,Normal
OCO,Force India,32,70.073,Soft,17,2,1,23.3,37.6,False,True,17.485,30.954,21.634,3.1159999999999997,True,6.0,70.60328985507248,3.8355242033845207,68.85,95.36,3.64628985507247,57,0.9484741360821188,Normal
MAG,Haas F1 Team,32,68.867,Soft,4,2,1,23.3,37.6,False,True,17.369,30.535,20.963,1.9100000000000108,True,5.0,70.46215942028985,3.9063215118091867,68.476,94.479,3.5051594202898624,55,0.9474734260690925,Normal
SAI,Renault,32,71.897,Soft,17,2,1,23.3,37.6,False,True,17.785,32.291,21.821,4.940000000000012,True,12.0,71.06452173913044,4.636717571885547,68.766,95.806,4.1075217391304415,56,0.9387497798703697,Normal
VAN,McLaren,31,70.323,Soft,30,2,1,23.3,37.6,False,True,17.559,31.116,21.648,3.3659999999999997,True,15.0,72.42578125,6.886707173782013,68.894,113.141,5.468781250000006,49,0.9131699520385111,Normal
PER,Force India,32,69.449,Soft,5,2,1,23.3,37.6,False,True,17.27,30.869,21.31,2.4920000000000044,True,7.0,70.60995652173914,4.168098432402896,68.504,97.598,3.6529565217391373,54,0.9442604058776469,Normal
ERI,Sauber,32,70.046,Soft,31,1,1,23.3,37.6,False,True,17.534,31.171,21.341,3.089000000000013,True,10.0,70.8751304347826,3.731059815975028,68.216,93.576,3.9181304347826154,56,0.9499899431476849,Normal
GAS,Toro Rosso,32,69.883,Soft,17,2,1,23.3,37.6,False,True,17.531,30.978,21.374,2.926000000000002,True,11.0,70.97336231884059,3.74627633151756,69.295,94.972,4.016362318840587,58,0.9498622263278357,Normal
HAR,Toro Rosso,32,69.842,SUPERSOFT,31,1,1,23.3,37.6,False,True,17.525,30.82,21.497,2.885000000000005,True,17.0,71.54047169811321,4.4407460288168705,69.171,93.824,4.583471698113214,46,0.9415546873073747,Normal
LEC,Sauber,32,69.718,Soft,17,2,1,23.3,37.6,False,True,17.513,30.92,21.285,2.76100000000001,True,9.0,70.7419552238806,3.716159130040439,69.006,94.254,3.7849552238806026,57,0.9500906091661621,Normal
STR,Williams,32,70.382,Soft,17,2,1,23.3,37.6,False,True,17.587,31.291,21.504,3.4250000000000114,True,14.0,71.5492794117647,4.516556705389922,69.203,98.829,4.592279411764713,55,0.9406230584459279,Normal
ALO,McLaren,32,69.94,Soft,17,2,1,23.3,37.6,False,True,17.558,30.985,21.397,2.983000000000004,True,8.0,70.78363768115942,3.7589555298803483,68.661,93.71,3.826637681159427,58,0.9495730512186737,Normal
VER,Red Bull Racing,33,68.475,Soft,18,2,1,23.3,37.6,False,True,17.339,30.249,20.887,1.5180000000000007,True,1.0,69.15421428571429,3.809326951441864,67.442,93.857,2.1972142857142924,56,0.9477913641957116,Normal
RIC,Red Bull Racing,33,68.71,Soft,18,2,1,23.3,37.6,False,True,17.449,30.302,20.959,1.7530000000000001,True,18.0,70.15303846153846,4.945327899918001,67.591,93.13,3.196038461538467,44,0.9341486620878593,Normal
RAI,Ferrari,33,68.734,Soft,18,2,1,23.3,37.6,False,True,16.966,30.827,20.941,1.777000000000001,True,2.0,69.16844285714286,3.88184988261783,66.957,93.64,2.2114428571428633,57,0.9468605841670369,Normal
HAM,Mercedes,33,69.022,Soft,8,2,1,23.3,37.6,False,True,16.847,31.142,21.033,2.065000000000012,True,16.0,69.87947540983606,4.293702802192054,67.241,87.525,2.9224754098360712,47,0.9421124602491985,Normal
VET,Ferrari,33,69.1,Soft,18,2,1,23.3,37.6,False,True,17.254,30.624,21.222,2.1430000000000007,True,3.0,69.16907142857143,4.180349636308014,67.082,96.112,2.212071428571434,57,0.9430077350902282,Normal
SIR,Williams,32,74.621,Soft,8,2,1,23.3,37.6,False,True,17.597,33.958,23.066,7.6640000000000015,True,13.0,71.62763235294118,4.614235293136902,68.971,95.433,4.670632352941182,53,0.939478983980867,Normal
GRO,Haas F1 Team,33,69.726,Soft,18,2,1,23.4,37.3,False,True,17.62,30.851,21.255,2.7690000000000055,True,4.0,70.44791304347827,3.956190854921268,69.071,93.593,3.4909130434782667,55,0.9468283246805373,Normal
OCO,Force India,33,70.042,Soft,18,2,1,23.4,37.3,False,True,17.465,31.054,21.523,3.085000000000008,True,6.0,70.60328985507248,3.8355242033845207,68.85,95.36,3.64628985507247,57,0.9484741360821188,Normal
MAG,Haas F1 Team,33,69.113,Soft,5,2,1,23.4,37.3,False,True,17.434,30.589,21.09,2.156000000000006,True,5.0,70.46215942028985,3.9063215118091867,68.476,94.479,3.5051594202898624,55,0.9474734260690925,Normal
SAI,Renault,33,71.344,Soft,18,2,1,23.4,37.3,False,True,17.828,31.641,21.875,4.3870000000000005,True,12.0,71.06452173913044,4.636717571885547,68.766,95.806,4.1075217391304415,56,0.9387497798703697,Normal
PER,Force India,33,69.692,Soft,6,2,1,23.4,37.3,False,True,17.435,30.886,21.371,2.7349999999999994,True,7.0,70.60995652173914,4.168098432402896,68.504,97.598,3.6529565217391373,54,0.9442604058776469,Normal
VAN,McLaren,32,72.007,Soft,31,2,1,23.4,37.3,False,True,18.456,31.885,21.666,5.050000000000011,True,15.0,72.42578125,6.886707173782013,68.894,113.141,5.468781250000006,49,0.9131699520385111,Normal
ERI,Sauber,33,70.059,Soft,32,1,1,23.4,37.3,False,True,17.578,31.035,21.446,3.102000000000004,True,10.0,70.8751304347826,3.731059815975028,68.216,93.576,3.9181304347826154,56,0.9499899431476849,Normal
GAS,Toro Rosso,33,69.843,Soft,18,2,1,23.4,37.3,False,True,17.607,30.959,21.277,2.88600000000001,True,11.0,70.97336231884059,3.74627633151756,69.295,94.972,4.016362318840587,58,0.9498622263278357,Normal
HAR,Toro Rosso,33,69.683,SUPERSOFT,32,1,1,23.4,37.3,False,True,17.482,30.679,21.522,2.7260000000000133,True,17.0,71.54047169811321,4.4407460288168705,69.171,93.824,4.583471698113214,46,0.9415546873073747,Normal
LEC,Sauber,33,69.575,Soft,18,2,1,23.4,37.3,False,True,17.605,30.688,21.282,2.618000000000009,True,9.0,70.7419552238806,3.716159130040439,69.006,94.254,3.7849552238806026,57,0.9500906091661621,Normal
STR,Williams,33,70.077,Soft,18,2,1,23.4,37.3,False,True,17.586,31.154,21.337,3.1200000000000045,True,14.0,71.5492794117647,4.516556705389922,69.203,98.829,4.592279411764713,55,0.9406230584459279,Normal
ALO,McLaren,33,70.046,Soft,18,2,1,23.4,37.3,False,True,17.553,31.011,21.482,3.089000000000013,True,8.0,70.78363768115942,3.7589555298803483,68.661,93.71,3.826637681159427,58,0.9495730512186737,Normal
VER,Red Bull Racing,34,68.689,Soft,19,2,1,23.4,37.3,False,True,17.301,30.328,21.06,1.7319999999999993,True,1.0,69.15421428571429,3.809326951441864,67.442,93.857,2.1972142857142924,56,0.9477913641957116,Normal
RIC,Red Bull Racing,34,68.735,Soft,19,2,1,23.4,37.3,False,True,17.524,30.279,20.932,1.7780000000000058,True,18.0,70.15303846153846,4.945327899918001,67.591,93.13,3.196038461538467,44,0.9341486620878593,Normal
RAI,Ferrari,34,68.852,Soft,19,2,1,23.4,37.3,False,True,16.903,30.986,20.963,1.8950000000000102,True,2.0,69.16844285714286,3.88184988261783,66.957,93.64,2.2114428571428633,57,0.9468605841670369,Normal
HAM,Mercedes,34,68.651,Soft,9,2,1,23.4,37.3,False,True,16.695,30.929,21.027,1.6940000000000026,True,16.0,69.87947540983606,4.293702802192054,67.241,87.525,2.9224754098360712,47,0.9421124602491985,Normal
VET,Ferrari,34,68.644,Soft,19,2,1,23.4,37.3,False,True,17.248,30.465,20.931,1.6870000000000118,True,3.0,69.16907142857143,4.180349636308014,67.082,96.112,2.212071428571434,57,0.9430077350902282,Normal
SIR,Williams,33,70.022,Soft,9,2,1,23.4,37.3,False,True,17.243,31.195,21.584,3.065000000000012,True,13.0,71.62763235294118,4.614235293136902,68.971,95.433,4.670632352941182,53,0.939478983980867,Normal
GRO,Haas F1 Team,34,69.571,Soft,19,2,1,23.4,36.4,False,True,17.656,30.673,21.242,2.6140000000000043,True,4.0,70.44791304347827,3.956190854921268,69.071,93.593,3.4909130434782667,55,0.9468283246805373,Normal
OCO,Force India,34,69.941,Soft,19,2,1,23.4,36.4,False,True,17.576,30.856,21.509,2.984000000000009,True,6.0,70.60328985507248,3.8355242033845207,68.85,95.36,3.64628985507247,57,0.9484741360821188,Normal
MAG,Haas F1 Team,34,69.23,Soft,6,2,1,23.4,36.4,False,True,17.544,30.581,21.105,2.2730000000000103,True,5.0,70.46215942028985,3.9063215118091867,68.476,94.479,3.5051594202898624,55,0.9474734260690925,Normal
PER,Force India,34,69.338,Soft,7,2,1,23.4,36.4,False,True,17.074,30.888,21.376,2.3810000000000002,True,7.0,70.60995652173914,4.168098432402896,68.504,97.598,3.6529565217391373,54,0.9442604058776469,Normal
ERI,Sauber,34,70.383,Soft,33,1,1,23.4,36.4,False,True,17.297,31.047,22.039,3.426000000000002,True,10.0,70.8751304347826,3.731059815975028,68.216,93.576,3.9181304347826154,56,0.9499899431476849,Normal
VAN,McLaren,33,72.219,Soft,32,2,1,23.4,36.4,False,True,17.638,32.658,21.923,5.2620000000000005,True,15.0,72.42578125,6.886707173782013,68.894,113.141,5.468781250000006,49,0.9131699520385111,Normal
GAS,Toro Rosso,34,70.279,Soft,19,2,1,23.4,36.4,False,True,17.496,30.989,21.794,3.3220000000000027,True,11.0,70.97336231884059,3.74627633151756,69.295,94.972,4.016362318840587,58,0.9498622263278357,Normal
SAI,Renault,34,75.982,Soft,19,2,1,23.4,36.4,False,True,17.842,32.349,25.791,9.025000000000006,False,12.0,71.06452173913044,4.636717571885547,68.766,95.806,4.1075217391304415,56,0.9387497798703697,Outlier
HAR,Toro Rosso,34,70.033,SUPERSOFT,33,1,1,23.4,36.4,False,True,17.494,30.885,21.654,3.0760000000000076,True,17.0,71.54047169811321,4.4407460288168705,69.171,93.824,4.583471698113214,46,0.9415546873073747,Normal
LEC,Sauber,34,69.882,Soft,19,2,1,23.4,36.4,False,True,17.563,30.871,21.448,2.9250000000000114,True,9.0,70.7419552238806,3.716159130040439,69.006,94.254,3.7849552238806026,57,0.9500906091661621,Normal
VER,Red Bull Racing,35,68.594,Soft,20,2,1,23.4,36.4,False,True,17.088,30.188,21.318,1.6370000000000005,True,1.0,69.15421428571429,3.809326951441864,67.442,93.857,2.1972142857142924,56,0.9477913641957116,Normal
STR,Williams,34,71.55,Soft,19,2,1,23.4,36.4,False,True,17.502,31.182,22.866,4.5930000000000035,True,14.0,71.5492794117647,4.516556705389922,69.203,98.829,4.592279411764713,55,0.9406230584459279,Normal
ALO,McLaren,34,70.945,Soft,19,2,1,23.4,36.4,False,True,17.556,31.716,21.673,3.9879999999999995,True,8.0,70.78363768115942,3.7589555298803483,68.661,93.71,3.826637681159427,58,0.9495730512186737,Normal
RIC,Red Bull Racing,35,68.816,Soft,20,2,1,23.0,37.2,False,True,17.464,30.366,20.986,1.8590000000000089,True,18.0,70.15303846153846,4.945327899918001,67.591,93.13,3.196038461538467,44,0.9341486620878593,Normal
RAI,Ferrari,35,68.884,Soft,20,2,1,23.0,37.2,False,True,17.011,30.788,21.085,1.9270000000000067,True,2.0,69.16844285714286,3.88184988261783,66.957,93.64,2.2114428571428633,57,0.9468605841670369,Normal
HAM,Mercedes,35,69.288,Soft,10,2,1,23.0,37.2,False,True,16.871,30.937,21.48,2.331000000000003,True,16.0,69.87947540983606,4.293702802192054,67.241,87.525,2.9224754098360712,47,0.9421124602491985,Normal
VET,Ferrari,35,68.539,Soft,20,2,1,23.0,37.2,False,True,17.12,30.237,21.182,1.5820000000000078,True,3.0,69.16907142857143,4.180349636308014,67.082,96.112,2.212071428571434,57,0.9430077350902282,Normal
SIR,Williams,34,69.568,Soft,10,2,1,23.0,37.2,False,True,17.393,30.748,21.427,2.611000000000004,True,13.0,71.62763235294118,4.614235293136902,68.971,95.433,4.670632352941182,53,0.939478983980867,Normal
GRO,Haas F1 Team,35,69.522,Soft,20,2,1,23.0,37.2,False,True,17.663,30.777,21.082,2.565000000000012,True,4.0,70.44791304347827,3.956190854921268,69.071,93.593,3.4909130434782667,55,0.9468283246805373,Normal
OCO,Force India,35,69.673,Soft,20,2,1,23.0,37.2,False,True,17.575,30.757,21.341,2.716000000000008,True,6.0,70.60328985507248,3.8355242033845207,68.85,95.36,3.64628985507247,57,0.9484741360821188,Normal
MAG,Haas F1 Team,35,69.491,Soft,7,2,1,23.0,37.2,False,True,17.596,30.667,21.228,2.534000000000006,True,5.0,70.46215942028985,3.9063215118091867,68.476,94.479,3.5051594202898624,55,0.9474734260690925,Normal
PER,Force India,35,69.536,Soft,8,2,1,23.0,37.2,False,True,17.432,30.827,21.277,2.5790000000000077,True,7.0,70.60995652173914,4.168098432402896,68.504,97.598,3.6529565217391373,54,0.9442604058776469,Normal
ERI,Sauber,35,69.498,Soft,34,1,1,23.0,37.2,False,True,17.534,30.787,21.177,2.541000000000011,True,10.0,70.8751304347826,3.731059815975028,68.216,93.576,3.9181304347826154,56,0.9499899431476849,Normal
GAS,Toro Rosso,35,70.021,Soft,20,2,1,23.0,37.2,False,True,17.429,31.128,21.464,3.064000000000007,True,11.0,70.97336231884059,3.74627633151756,69.295,94.972,4.016362318840587,58,0.9498622263278357,Normal
VAN,McLaren,34,72.214,Soft,33,2,1,23.0,37.2,False,True,17.324,33.097,21.793,5.257000000000005,True,15.0,72.42578125,6.886707173782013,68.894,113.141,5.468781250000006,49,0.9131699520385111,Normal
HAR,Toro Rosso,35,70.236,SUPERSOFT,34,1,1,23.0,37.2,False,True,17.558,31.024,21.654,3.2790000000000106,True,17.0,71.54047169811321,4.4407460288168705,69.171,93.824,4.583471698113214,46,0.9415546873073747,Normal
LEC,Sauber,35,69.592,Soft,20,2,1,22.9,37.7,False,True,17.527,30.704,21.361,2.635000000000005,True,9.0,70.7419552238806,3.716159130040439,69.006,94.254,3.7849552238806026,57,0.9500906091661621,Normal
VER,Red Bull Racing,36,68.428,Soft,21,2,1,22.9,37.7,False,True,17.325,30.231,20.872,1.4710000000000036,True,1.0,69.15421428571429,3.809326951441864,67.442,93.857,2.1972142857142924,56,0.9477913641957116,Normal
STR,Williams,35,69.971,Soft,20,2,1,22.9,37.7,False,True,17.205,31.192,21.574,3.01400000000001,True,14.0,71.5492794117647,4.516556705389922,69.203,98.829,4.592279411764713,55,0.9406230584459279,Normal
ALO,McLaren,35,70.034,Soft,20,2,1,22.9,37.7,False,True,17.194,31.326,21.514,3.0770000000000124,True,8.0,70.78363768115942,3.7589555298803483,68.661,93.71,3.826637681159427,58,0.9495730512186737,Normal
RIC,Red Bull Racing,36,68.809,Soft,21,2,1,22.9,37.7,False,True,17.445,30.43,20.934,1.8520000000000039,True,18.0,70.15303846153846,4.945327899918001,67.591,93.13,3.196038461538467,44,0.9341486620878593,Normal
RAI,Ferrari,36,68.689,Soft,21,2,1,22.9,37.7,False,True,17.018,30.657,21.014,1.7319999999999993,True,2.0,69.16844285714286,3.88184988261783,66.957,93.64,2.2114428571428633,57,0.9468605841670369,Normal
HAM,Mercedes,36,69.063,Soft,11,2,1,22.9,37.7,False,True,17.11,30.884,21.069,2.1060000000000088,True,16.0,69.87947540983606,4.293702802192054,67.241,87.525,2.9224754098360712,47,0.9421124602491985,Normal
VET,Ferrari,36,68.706,Soft,21,2,1,22.9,37.7,False,True,17.188,30.471,21.047,1.7490000000000094,True,3.0,69.16907142857143,4.180349636308014,67.082,96.112,2.212071428571434,57,0.9430077350902282,Normal
SIR,Williams,35,69.527,Soft,11,2,1,22.9,37.7,False,True,17.446,30.808,21.273,2.5700000000000074,True,13.0,71.62763235294118,4.614235293136902,68.971,95.433,4.670632352941182,53,0.939478983980867,Normal
SAI,Renault,35,91.46,SUPERSOFT,1,3,1,22.9,37.7,False,True,39.319,30.859,21.282,24.503,False,12.0,71.06452173913044,4.636717571885547,68.766,95.806,4.1075217391304415,56,0.9387497798703697,Outlier
GRO,Haas F1 Team,36,69.723,Soft,21,2,1,22.9,37.7,False,True,17.634,30.854,21.235,2.7660000000000053,True,4.0,70.44791304347827,3.956190854921268,69.071,93.593,3.4909130434782667,55,0.9468283246805373,Normal
OCO,Force India,36,69.935,Soft,21,2,1,22.9,37.7,False,True,17.489,30.771,21.675,2.9780000000000086,True,6.0,70.60328985507248,3.8355242033845207,68.85,95.36,3.64628985507247,57,0.9484741360821188,Normal
MAG,Haas F1 Team,36,69.596,Soft,8,2,1,22.9,37.7,False,True,17.572,30.729,21.295,2.63900000000001,True,5.0,70.46215942028985,3.9063215118091867,68.476,94.479,3.5051594202898624,55,0.9474734260690925,Normal
PER,Force India,36,69.331,Soft,9,2,1,22.9,37.7,False,True,17.342,30.723,21.266,2.3740000000000094,True,7.0,70.60995652173914,4.168098432402896,68.504,97.598,3.6529565217391373,54,0.9442604058776469,Normal
ERI,Sauber,36,69.494,Soft,35,1,1,22.9,37.7,False,True,17.574,30.857,21.063,2.537000000000006,True,10.0,70.8751304347826,3.731059815975028,68.216,93.576,3.9181304347826154,56,0.9499899431476849,Normal
GAS,Toro Rosso,36,69.735,Soft,21,2,1,22.9,37.7,False,True,17.525,30.829,21.381,2.778000000000006,True,11.0,70.97336231884059,3.74627633151756,69.295,94.972,4.016362318840587,58,0.9498622263278357,Normal
HAR,Toro Rosso,36,69.823,SUPERSOFT,35,1,1,22.9,37.7,False,True,17.484,30.94,21.399,2.8659999999999997,True,17.0,71.54047169811321,4.4407460288168705,69.171,93.824,4.583471698113214,46,0.9415546873073747,Normal
LEC,Sauber,36,69.884,Soft,21,2,1,22.9,37.7,False,True,17.554,30.947,21.383,2.9270000000000067,True,9.0,70.7419552238806,3.716159130040439,69.006,94.254,3.7849552238806026,57,0.9500906091661621,Normal
VAN,McLaren,35,74.141,Soft,34,2,1,22.9,37.7,False,True,18.881,33.423,21.837,7.184000000000012,True,15.0,72.42578125,6.886707173782013,68.894,113.141,5.468781250000006,49,0.9131699520385111,Normal
VER,Red Bull Racing,37,68.912,Soft,22,2,1,22.9,37.7,False,True,17.326,30.282,21.304,1.9550000000000125,True,1.0,69.15421428571429,3.809326951441864,67.442,93.857,2.1972142857142924,56,0.9477913641957116,Normal
ALO,McLaren,36,69.552,Soft,21,2,1,22.9,37.7,False,True,17.159,31.063,21.33,2.595000000000013,True,8.0,70.78363768115942,3.7589555298803483,68.661,93.71,3.826637681159427,58,0.9495730512186737,Normal
STR,Williams,36,71.53,Soft,21,2,1,22.9,37.7,False,True,17.609,32.135,21.786,4.5730000000000075,True,14.0,71.5492794117647,4.516556705389922,69.203,98.829,4.592279411764713,55,0.9406230584459279,Normal
RIC,Red Bull Racing,37,69.178,Soft,22,2,1,22.9,37.7,False,True,17.381,30.494,21.303,2.2210000000000036,True,18.0,70.15303846153846,4.945327899918001,67.591,93.13,3.196038461538467,44,0.9341486620878593,Normal
RAI,Ferrari,37,68.801,Soft,22,2,1,22.9,37.7,False,True,16.851,30.733,21.217,1.8440000000000083,True,2.0,69.16844285714286,3.88184988261783,66.957,93.64,2.2114428571428633,57,0.9468605841670369,Normal
HAM,Mercedes,37,68.521,Soft,12,2,1,22.9,37.7,False,True,17.034,30.614,20.873,1.5640000000000072,True,16.0,69.87947540983606,4.293702802192054,67.241,87.525,2.9224754098360712,47,0.9421124602491985,Normal
VET,Ferrari,37,68.674,Soft,22,2,1,22.9,37.7,False,True,16.89,30.62,21.164,1.717000000000013,True,3.0,69.16907142857143,4.180349636308014,67.082,96.112,2.212071428571434,57,0.9430077350902282,Normal
SIR,Williams,36,69.476,Soft,12,2,1,22.9,37.7,False,True,17.448,30.708,21.32,2.5190000000000055,True,13.0,71.62763235294118,4.614235293136902,68.971,95.433,4.670632352941182,53,0.939478983980867,Normal
SAI,Renault,36,69.165,SUPERSOFT,2,3,1,22.9,37.7,False,True,16.975,30.791,21.399,2.2080000000000126,True,12.0,71.06452173913044,4.636717571885547,68.766,95.806,4.1075217391304415,56,0.9387497798703697,Normal
GRO,Haas F1 Team,37,69.342,Soft,22,2,1,22.9,37.7,False,True,17.578,30.668,21.096,2.385000000000005,True,4.0,70.44791304347827,3.956190854921268,69.071,93.593,3.4909130434782667,55,0.9468283246805373,Normal
OCO,Force India,37,69.995,Soft,22,2,1,23.2,37.0,False,True,17.541,30.948,21.506,3.038000000000011,True,6.0,70.60328985507248,3.8355242033845207,68.85,95.36,3.64628985507247,57,0.9484741360821188,Normal
MAG,Haas F1 Team,37,69.711,Soft,9,2,1,23.2,37.0,False,True,17.544,30.789,21.378,2.754000000000005,True,5.0,70.46215942028985,3.9063215118091867,68.476,94.479,3.5051594202898624,55,0.9474734260690925,Normal
PER,Force India,37,69.545,Soft,10,2,1,23.2,37.0,False,True,17.398,30.923,21.224,2.588000000000008,True,7.0,70.60995652173914,4.168098432402896,68.504,97.598,3.6529565217391373,54,0.9442604058776469,Normal
ERI,Sauber,37,69.34,Soft,36,1,1,23.2,37.0,False,True,17.604,30.804,20.932,2.3830000000000098,True,10.0,70.8751304347826,3.731059815975028,68.216,93.576,3.9181304347826154,56,0.9499899431476849,Normal
GAS,Toro Rosso,37,69.532,Soft,22,2,1,23.2,37.0,False,True,17.492,30.844,21.196,2.575000000000003,True,11.0,70.97336231884059,3.74627633151756,69.295,94.972,4.016362318840587,58,0.9498622263278357,Normal
HAR,Toro Rosso,37,69.614,SUPERSOFT,36,1,1,23.2,37.0,False,True,17.539,30.735,21.34,2.6570000000000107,True,17.0,71.54047169811321,4.4407460288168705,69.171,93.824,4.583471698113214,46,0.9415546873073747,Normal
LEC,Sauber,37,69.869,Soft,22,2,1,23.2,37.0,False,True,17.552,31.005,21.312,2.912000000000006,True,9.0,70.7419552238806,3.716159130040439,69.006,94.254,3.7849552238806026,57,0.9500906091661621,Normal
VER,Red Bull Racing,38,68.815,Soft,23,2,1,23.2,37.0,False,True,17.381,30.377,21.057,1.858000000000004,True,1.0,69.15421428571429,3.809326951441864,67.442,93.857,2.1972142857142924,56,0.9477913641957116,Normal
VAN,McLaren,36,71.994,Soft,35,2,1,23.2,37.0,False,True,18.872,31.522,21.6,5.037000000000006,True,15.0,72.42578125,6.886707173782013,68.894,113.141,5.468781250000006,49,0.9131699520385111,Normal
ALO,McLaren,37,69.756,Soft,22,2,1,23.2,37.0,False,True,17.591,30.912,21.253,2.7990000000000066,True,8.0,70.78363768115942,3.7589555298803483,68.661,93.71,3.826637681159427,58,0.9495730512186737,Normal
RAI,Ferrari,38,69.072,Soft,23,2,1,23.2,37.0,False,True,17.023,30.747,21.302,2.115000000000009,True,2.0,69.16844285714286,3.88184988261783,66.957,93.64,2.2114428571428633,57,0.9468605841670369,Normal
STR,Williams,37,72.09,Soft,22,2,1,23.2,37.0,False,True,17.517,31.398,23.175,5.13300000000001,True,14.0,71.5492794117647,4.516556705389922,69.203,98.829,4.592279411764713,55,0.9406230584459279,Normal
HAM,Mercedes,38,69.88,Soft,13,2,1,23.2,37.0,False,True,16.971,30.947,21.962,2.923000000000002,True,16.0,69.87947540983606,4.293702802192054,67.241,87.525,2.9224754098360712,47,0.9421124602491985,Normal
VET,Ferrari,38,69.249,Soft,23,2,1,23.2,37.0,False,True,17.032,30.629,21.588,2.2920000000000016,True,3.0,69.16907142857143,4.180349636308014,67.082,96.112,2.212071428571434,57,0.9430077350902282,Normal
RIC,Red Bull Racing,38,74.63,Soft,23,2,1,23.2,37.0,False,True,17.555,31.625,25.45,7.673000000000002,False,18.0,70.15303846153846,4.945327899918001,67.591,93.13,3.196038461538467,44,0.9341486620878593,Outlier
SAI,Renault,37,68.766,SUPERSOFT,3,3,1,23.2,37.0,False,True,16.996,30.643,21.127,1.8090000000000117,True,12.0,71.06452173913044,4.636717571885547,68.766,95.806,4.1075217391304415,56,0.9387497798703697,Peak
SIR,Williams,37,71.027,Soft,13,2,1,23.2,37.0,False,True,17.452,31.91,21.665,4.070000000000007,True,13.0,71.62763235294118,4.614235293136902,68.971,95.433,4.670632352941182,53,0.939478983980867,Normal
GRO,Haas F1 Team,38,69.63,Soft,23,2,1,23.1,36.6,False,True,17.619,30.826,21.185,2.673000000000002,True,4.0,70.44791304347827,3.956190854921268,69.071,93.593,3.4909130434782667,55,0.9468283246805373,Normal
OCO,Force India,38,69.889,Soft,23,2,1,23.1,36.6,False,True,17.43,30.919,21.54,2.932000000000002,True,6.0,70.60328985507248,3.8355242033845207,68.85,95.36,3.64628985507247,57,0.9484741360821188,Normal
MAG,Haas F1 Team,38,69.665,Soft,10,2,1,23.1,36.6,False,True,17.593,30.779,21.293,2.7080000000000126,True,5.0,70.46215942028985,3.9063215118091867,68.476,94.479,3.5051594202898624,55,0.9474734260690925,Normal
PER,Force India,38,69.705,Soft,11,2,1,23.1,36.6,False,True,17.464,30.987,21.254,2.7480000000000047,True,7.0,70.60995652173914,4.168098432402896,68.504,97.598,3.6529565217391373,54,0.9442604058776469,Normal
ERI,Sauber,38,69.387,Soft,37,1,1,23.1,36.6,False,True,17.473,30.868,21.046,2.430000000000007,True,10.0,70.8751304347826,3.731059815975028,68.216,93.576,3.9181304347826154,56,0.9499899431476849,Normal
GAS,Toro Rosso,38,69.295,Soft,23,2,1,23.1,36.6,False,True,17.414,30.69,21.191,2.338000000000008,True,11.0,70.97336231884059,3.74627633151756,69.295,94.972,4.016362318840587,58,0.9498622263278357,Peak
HAR,Toro Rosso,38,69.566,SUPERSOFT,37,1,1,23.1,36.6,False,True,17.496,30.747,21.323,2.609000000000009,True,17.0,71.54047169811321,4.4407460288168705,69.171,93.824,4.583471698113214,46,0.9415546873073747,Normal
VER,Red Bull Racing,39,68.566,Soft,24,2,1,23.1,36.6,False,True,17.246,30.326,20.994,1.6090000000000089,True,1.0,69.15421428571429,3.809326951441864,67.442,93.857,2.1972142857142924,56,0.9477913641957116,Normal
LEC,Sauber,38,71.614,Soft,23,2,1,23.1,36.6,False,True,17.586,32.398,21.63,4.657000000000011,True,9.0,70.7419552238806,3.716159130040439,69.006,94.254,3.7849552238806026,57,0.9500906091661621,Normal
VAN,McLaren,37,69.915,Soft,36,2,1,23.1,36.6,False,True,17.525,30.976,21.414,2.9580000000000126,True,15.0,72.42578125,6.886707173782013,68.894,113.141,5.468781250000006,49,0.9131699520385111,Normal
ALO,McLaren,38,69.732,Soft,23,2,1,23.1,36.6,False,True,17.521,30.9,21.311,2.7750000000000057,True,8.0,70.78363768115942,3.7589555298803483,68.661,93.71,3.826637681159427,58,0.9495730512186737,Normal
RAI,Ferrari,39,68.546,Soft,24,2,1,23.1,36.6,False,True,17.267,30.295,20.984,1.5890000000000128,True,2.0,69.16844285714286,3.88184988261783,66.957,93.64,2.2114428571428633,57,0.9468605841670369,Normal
VET,Ferrari,39,68.372,Soft,24,2,1,23.1,36.6,False,True,16.885,30.649,20.838,1.4150000000000063,True,3.0,69.16907142857143,4.180349636308014,67.082,96.112,2.212071428571434,57,0.9430077350902282,Normal
HAM,Mercedes,39,69.875,Soft,14,2,1,23.1,36.6,False,True,17.222,31.402,21.251,2.9180000000000064,True,16.0,69.87947540983606,4.293702802192054,67.241,87.525,2.9224754098360712,47,0.9421124602491985,Normal
STR,Williams,38,72.686,Soft,23,2,1,23.1,36.6,False,True,17.317,33.382,21.987,5.729000000000013,True,14.0,71.5492794117647,4.516556705389922,69.203,98.829,4.592279411764713,55,0.9406230584459279,Normal
SAI,Renault,38,69.303,SUPERSOFT,4,3,1,23.1,36.6,False,True,17.43,30.695,21.178,2.3460000000000036,True,12.0,71.06452173913044,4.636717571885547,68.766,95.806,4.1075217391304415,56,0.9387497798703697,Normal
SIR,Williams,38,69.906,Soft,14,2,1,23.1,36.6,False,True,17.455,31.04,21.411,2.9490000000000123,True,13.0,71.62763235294118,4.614235293136902,68.971,95.433,4.670632352941182,53,0.939478983980867,Normal
RIC,Red Bull Racing,39,86.081,SUPERSOFT,6,3,1,23.4,36.9,False,True,34.272,30.775,21.034,19.12400000000001,False,18.0,70.15303846153846,4.945327899918001,67.591,93.13,3.196038461538467,44,0.9341486620878593,Outlier
GRO,Haas F1 Team,39,69.462,Soft,24,2,1,23.4,36.9,False,True,17.495,30.852,21.115,2.5050000000000097,True,4.0,70.44791304347827,3.956190854921268,69.071,93.593,3.4909130434782667,55,0.9468283246805373,Normal
OCO,Force India,39,69.759,Soft,24,2,1,23.4,36.9,False,True,17.424,30.879,21.456,2.8020000000000067,True,6.0,70.60328985507248,3.8355242033845207,68.85,95.36,3.64628985507247,57,0.9484741360821188,Normal
MAG,Haas F1 Team,39,69.284,Soft,11,2,1,23.4,36.9,False,True,17.579,30.688,21.017,2.3270000000000124,True,5.0,70.46215942028985,3.9063215118091867,68.476,94.479,3.5051594202898624,55,0.9474734260690925,Normal
PER,Force India,39,69.203,Soft,12,2,1,23.4,36.9,False,True,17.347,30.789,21.067,2.2460000000000093,True,7.0,70.60995652173914,4.168098432402896,68.504,97.598,3.6529565217391373,54,0.9442604058776469,Normal
ERI,Sauber,39,69.203,Soft,38,1,1,23.4,36.9,False,True,17.438,30.798,20.967,2.2460000000000093,True,10.0,70.8751304347826,3.731059815975028,68.216,93.576,3.9181304347826154,56,0.9499899431476849,Normal
GAS,Toro Rosso,39,69.582,Soft,24,2,1,23.4,36.9,False,True,17.466,30.76,21.356,2.625,True,11.0,70.97336231884059,3.74627633151756,69.295,94.972,4.016362318840587,58,0.9498622263278357,Normal
HAR,Toro Rosso,39,69.332,SUPERSOFT,38,1,1,23.4,36.9,False,True,17.507,30.604,21.221,2.375,True,17.0,71.54047169811321,4.4407460288168705,69.171,93.824,4.583471698113214,46,0.9415546873073747,Normal
VER,Red Bull Racing,40,68.719,Soft,25,2,1,23.4,36.9,False,True,17.287,30.362,21.07,1.7620000000000005,True,1.0,69.15421428571429,3.809326951441864,67.442,93.857,2.1972142857142924,56,0.9477913641957116,Normal
LEC,Sauber,39,69.463,Soft,24,2,1,23.4,36.9,False,True,17.392,30.849,21.222,2.5060000000000002,True,9.0,70.7419552238806,3.716159130040439,69.006,94.254,3.7849552238806026,57,0.9500906091661621,Normal
VAN,McLaren,38,69.871,Soft,37,2,1,23.4,36.9,False,True,17.616,30.913,21.342,2.9140000000000015,True,15.0,72.42578125,6.886707173782013,68.894,113.141,5.468781250000006,49,0.9131699520385111,Normal
RAI,Ferrari,40,68.395,Soft,25,2,1,23.4,36.9,False,True,17.175,30.346,20.874,1.4380000000000024,True,2.0,69.16844285714286,3.88184988261783,66.957,93.64,2.2114428571428633,57,0.9468605841670369,Normal
ALO,McLaren,39,70.955,Soft,24,2,1,23.4,36.9,False,True,17.492,30.729,22.734,3.9980000000000047,True,8.0,70.78363768115942,3.7589555298803483,68.661,93.71,3.826637681159427,58,0.9495730512186737,Normal
VET,Ferrari,40,68.535,Soft,25,2,1,23.4,36.9,False,True,17.236,30.285,21.014,1.578000000000003,True,3.0,69.16907142857143,4.180349636308014,67.082,96.112,2.212071428571434,57,0.9430077350902282,Normal
HAM,Mercedes,40,68.648,Soft,15,2,1,23.4,36.9,False,True,16.973,30.704,20.971,1.6910000000000025,True,16.0,69.87947540983606,4.293702802192054,67.241,87.525,2.9224754098360712,47,0.9421124602491985,Normal
STR,Williams,39,70.171,Soft,24,2,1,23.4,36.9,False,True,17.476,31.182,21.513,3.214000000000013,True,14.0,71.5492794117647,4.516556705389922,69.203,98.829,4.592279411764713,55,0.9406230584459279,Normal
SAI,Renault,39,70.034,SUPERSOFT,5,3,1,23.4,36.9,False,True,17.653,30.976,21.405,3.0770000000000124,True,12.0,71.06452173913044,4.636717571885547,68.766,95.806,4.1075217391304415,56,0.9387497798703697,Normal
SIR,Williams,39,69.709,Soft,15,2,1,23.4,36.9,False,True,17.397,30.882,21.43,2.7520000000000095,True,13.0,71.62763235294118,4.614235293136902,68.971,95.433,4.670632352941182,53,0.939478983980867,Normal
RIC,Red Bull Racing,40,68.855,SUPERSOFT,7,3,1,23.7,35.4,False,True,17.349,30.512,20.994,1.8980000000000103,True,18.0,70.15303846153846,4.945327899918001,67.591,93.13,3.196038461538467,44,0.9341486620878593,Normal
GRO,Haas F1 Team,40,69.249,Soft,25,2,1,23.7,35.4,False,True,17.514,30.708,21.027,2.2920000000000016,True,4.0,70.44791304347827,3.956190854921268,69.071,93.593,3.4909130434782667,55,0.9468283246805373,Normal
OCO,Force India,40,69.425,Soft,25,2,1,23.7,35.4,False,True,17.461,30.763,21.201,2.4680000000000035,True,6.0,70.60328985507248,3.8355242033845207,68.85,95.36,3.64628985507247,57,0.9484741360821188,Normal
MAG,Haas F1 Team,40,69.49,Soft,12,2,1,23.7,35.4,False,True,17.162,30.981,21.347,2.5330000000000013,True,5.0,70.46215942028985,3.9063215118091867,68.476,94.479,3.5051594202898624,55,0.9474734260690925,Normal
PER,Force India,40,69.605,Soft,13,2,1,23.7,35.4,False,True,17.421,30.872,21.312,2.6480000000000103,True,7.0,70.60995652173914,4.168098432402896,68.504,97.598,3.6529565217391373,54,0.9442604058776469,Normal
ERI,Sauber,40,69.17,Soft,39,1,1,23.7,35.4,False,True,17.545,30.693,20.932,2.213000000000008,True,10.0,70.8751304347826,3.731059815975028,68.216,93.576,3.9181304347826154,56,0.9499899431476849,Normal
GAS,Toro Rosso,40,69.459,Soft,25,2,1,23.7,35.4,False,True,17.407,30.776,21.276,2.5020000000000095,True,11.0,70.97336231884059,3.74627633151756,69.295,94.972,4.016362318840587,58,0.9498622263278357,Normal
HAR,Toro Rosso,40,69.348,SUPERSOFT,39,1,1,23.7,35.4,False,True,17.507,30.558,21.283,2.3910000000000053,True,17.0,71.54047169811321,4.4407460288168705,69.171,93.824,4.583471698113214,46,0.9415546873073747,Normal
VER,Red Bull Racing,41,68.713,Soft,26,2,1,23.7,35.4,False,True,17.285,30.423,21.005,1.7560000000000002,True,1.0,69.15421428571429,3.809326951441864,67.442,93.857,2.1972142857142924,56,0.9477913641957116,Normal
LEC,Sauber,40,69.481,Soft,25,2,1,23.7,35.4,False,True,17.558,30.756,21.167,2.524000000000001,True,9.0,70.7419552238806,3.716159130040439,69.006,94.254,3.7849552238806026,57,0.9500906091661621,Normal
VAN,McLaren,39,69.82,Soft,38,2,1,23.7,35.4,False,True,17.604,30.876,21.34,2.8629999999999995,True,15.0,72.42578125,6.886707173782013,68.894,113.141,5.468781250000006,49,0.9131699520385111,Normal
RAI,Ferrari,41,68.82,Soft,26,2,1,23.7,35.4,False,True,17.49,30.392,20.938,1.8629999999999995,True,2.0,69.16844285714286,3.88184988261783,66.957,93.64,2.2114428571428633,57,0.9468605841670369,Normal
ALO,McLaren,40,69.367,Soft,25,2,1,23.7,35.4,False,True,17.127,30.947,21.293,2.410000000000011,True,8.0,70.78363768115942,3.7589555298803483,68.661,93.71,3.826637681159427,58,0.9495730512186737,Normal
VET,Ferrari,41,68.654,Soft,26,2,1,23.7,35.4,False,True,17.206,30.451,20.997,1.6970000000000027,True,3.0,69.16907142857143,4.180349636308014,67.082,96.112,2.212071428571434,57,0.9430077350902282,Normal
HAM,Mercedes,41,68.66,Soft,16,2,1,23.7,35.4,False,True,17.048,30.658,20.954,1.703000000000003,True,16.0,69.87947540983606,4.293702802192054,67.241,87.525,2.9224754098360712,47,0.9421124602491985,Normal
STR,Williams,40,71.594,Soft,25,2,1,23.7,34.7,False,True,19.061,31.23,21.303,4.6370000000000005,True,14.0,71.5492794117647,4.516556705389922,69.203,98.829,4.592279411764713,55,0.9406230584459279,Normal
SAI,Renault,40,69.857,SUPERSOFT,6,3,1,23.7,34.7,False,True,17.567,31.029,21.261,2.9000000000000057,True,12.0,71.06452173913044,4.636717571885547,68.766,95.806,4.1075217391304415,56,0.9387497798703697,Normal
SIR,Williams,40,69.891,Soft,16,2,1,23.7,34.7,False,True,17.596,30.945,21.35,2.9340000000000117,True,13.0,71.62763235294118,4.614235293136902,68.971,95.433,4.670632352941182,53,0.939478983980867,Normal
RIC,Red Bull Racing,41,68.628,SUPERSOFT,8,3,1,23.7,34.7,False,True,17.408,30.222,20.998,1.6710000000000065,True,18.0,70.15303846153846,4.945327899918001,67.591,93.13,3.196038461538467,44,0.9341486620878593,Normal
GRO,Haas F1 Team,41,69.6,Soft,26,2,1,23.7,34.7,False,True,17.591,30.824,21.185,2.6430000000000007,True,4.0,70.44791304347827,3.956190854921268,69.071,93.593,3.4909130434782667,55,0.9468283246805373,Normal
OCO,Force India,41,69.249,Soft,26,2,1,23.7,34.7,False,True,17.437,30.692,21.12,2.2920000000000016,True,6.0,70.60328985507248,3.8355242033845207,68.85,95.36,3.64628985507247,57,0.9484741360821188,Normal
MAG,Haas F1 Team,41,69.113,Soft,13,2,1,23.7,34.7,False,True,17.203,30.643,21.267,2.156000000000006,True,5.0,70.46215942028985,3.9063215118091867,68.476,94.479,3.5051594202898624,55,0.9474734260690925,Normal
PER,Force India,41,69.778,Soft,14,2,1,23.7,34.7,False,True,17.474,30.977,21.327,2.821000000000012,True,7.0,70.60995652173914,4.168098432402896,68.504,97.598,3.6529565217391373,54,0.9442604058776469,Normal
ERI,Sauber,41,69.357,Soft,40,1,1,23.7,34.7,False,True,17.528,30.797,21.032,2.4000000000000057,True,10.0,70.8751304347826,3.731059815975028,68.216,93.576,3.9181304347826154,56,0.9499899431476849,Normal
GAS,Toro Rosso,41,69.543,Soft,26,2,1,23.7,34.7,False,True,17.571,30.748,21.224,2.5860000000000127,True,11.0,70.97336231884059,3.74627633151756,69.295,94.972,4.016362318840587,58,0.9498622263278357,Normal
VER,Red Bull Racing,42,68.471,Soft,27,2,1,23.7,34.7,False,True,17.208,30.33,20.933,1.51400000000001,True,1.0,69.15421428571429,3.809326951441864,67.442,93.857,2.1972142857142924,56,0.9477913641957116,Normal
HAR,Toro Rosso,41,71.514,SUPERSOFT,40,1,1,23.7,34.7,False,True,17.501,32.521,21.492,4.557000000000002,True,17.0,71.54047169811321,4.4407460288168705,69.171,93.824,4.583471698113214,46,0.9415546873073747,Normal
LEC,Sauber,41,69.63,Soft,26,2,1,23.5,35.0,False,True,17.5,30.816,21.314,2.673000000000002,True,9.0,70.7419552238806,3.716159130040439,69.006,94.254,3.7849552238806026,57,0.9500906091661621,Normal
RAI,Ferrari,42,68.585,Soft,27,2,1,23.5,35.0,False,True,17.202,30.453,20.93,1.6280000000000001,True,2.0,69.16844285714286,3.88184988261783,66.957,93.64,2.2114428571428633,57,0.9468605841670369,Normal
VET,Ferrari,42,68.851,Soft,27,2,1,23.5,35.0,False,True,16.846,30.426,21.579,1.8940000000000055,True,3.0,69.16907142857143,4.180349636308014,67.082,96.112,2.212071428571434,57,0.9430077350902282,Normal
HAM,Mercedes,42,68.41,Soft,17,2,1,23.5,35.0,False,True,16.984,30.549,20.877,1.453000000000003,True,16.0,69.87947540983606,4.293702802192054,67.241,87.525,2.9224754098360712,47,0.9421124602491985,Normal
ALO,McLaren,41,71.554,Soft,26,2,1,23.5,35.0,False,True,17.795,32.432,21.327,4.597000000000008,True,8.0,70.78363768115942,3.7589555298803483,68.661,93.71,3.826637681159427,58,0.9495730512186737,Normal
VAN,McLaren,40,75.66,Soft,39,2,1,23.5,35.0,False,True,17.536,32.564,25.56,8.703000000000003,False,15.0,72.42578125,6.886707173782013,68.894,113.141,5.468781250000006,49,0.9131699520385111,Outlier
STR,Williams,41,69.858,Soft,26,2,1,23.5,35.0,False,True,17.545,30.962,21.351,2.9010000000000105,True,14.0,71.5492794117647,4.516556705389922,69.203,98.829,4.592279411764713,55,0.9406230584459279,Normal
SAI,Renault,41,69.637,SUPERSOFT,7,3,1,23.5,35.0,False,True,17.428,30.984,21.225,2.680000000000007,True,12.0,71.06452173913044,4.636717571885547,68.766,95.806,4.1075217391304415,56,0.9387497798703697,Normal
SIR,Williams,41,69.554,Soft,17,2,1,23.5,35.0,False,True,17.389,30.808,21.357,2.5970000000000084,True,13.0,71.62763235294118,4.614235293136902,68.971,95.433,4.670632352941182,53,0.939478983980867,Normal
RIC,Red Bull Racing,42,68.484,SUPERSOFT,9,3,1,23.5,35.0,False,True,17.42,30.297,20.767,1.527000000000001,True,18.0,70.15303846153846,4.945327899918001,67.591,93.13,3.196038461538467,44,0.9341486620878593,Normal
GRO,Haas F1 Team,42,69.255,Soft,27,2,1,23.5,35.0,False,True,17.49,30.744,21.021,2.298000000000002,True,4.0,70.44791304347827,3.956190854921268,69.071,93.593,3.4909130434782667,55,0.9468283246805373,Normal
OCO,Force India,42,69.184,Soft,27,2,1,23.5,35.0,False,True,17.378,30.633,21.173,2.227000000000004,True,6.0,70.60328985507248,3.8355242033845207,68.85,95.36,3.64628985507247,57,0.9484741360821188,Normal
MAG,Haas F1 Team,42,69.133,Soft,14,2,1,23.5,35.0,False,True,17.144,30.838,21.151,2.176000000000002,True,5.0,70.46215942028985,3.9063215118091867,68.476,94.479,3.5051594202898624,55,0.9474734260690925,Normal
PER,Force India,42,69.742,Soft,15,2,1,23.5,35.0,False,True,17.361,31.127,21.254,2.785000000000011,True,7.0,70.60995652173914,4.168098432402896,68.504,97.598,3.6529565217391373,54,0.9442604058776469,Normal
ERI,Sauber,42,69.287,Soft,41,1,1,23.5,35.0,False,True,17.502,30.812,20.973,2.3300000000000125,True,10.0,70.8751304347826,3.731059815975028,68.216,93.576,3.9181304347826154,56,0.9499899431476849,Normal
GAS,Toro Rosso,42,69.526,Soft,27,2,1,23.1,35.8,False,True,17.475,30.768,21.283,2.5690000000000026,True,11.0,70.97336231884059,3.74627633151756,69.295,94.972,4.016362318840587,58,0.9498622263278357,Normal
VER,Red Bull Racing,43,68.558,Soft,28,2,1,23.1,35.8,False,True,17.245,30.285,21.028,1.6010000000000133,True,1.0,69.15421428571429,3.809326951441864,67.442,93.857,2.1972142857142924,56,0.9477913641957116,Normal
HAR,Toro Rosso,42,69.171,SUPERSOFT,41,1,1,23.1,35.8,False,True,17.412,30.597,21.162,2.214000000000013,True,17.0,71.54047169811321,4.4407460288168705,69.171,93.824,4.583471698113214,46,0.9415546873073747,Peak
LEC,Sauber,42,69.497,Soft,27,2,1,23.1,35.8,False,True,17.484,30.798,21.215,2.5400000000000063,True,9.0,70.7419552238806,3.716159130040439,69.006,94.254,3.7849552238806026,57,0.9500906091661621,Normal
RAI,Ferrari,43,68.348,Soft,28,2,1,23.1,35.8,False,True,17.259,30.242,20.847,1.3910000000000053,True,2.0,69.16844285714286,3.88184988261783,66.957,93.64,2.2114428571428633,57,0.9468605841670369,Normal
VET,Ferrari,43,68.276,Soft,28,2,1,23.1,35.8,False,True,17.059,30.569,20.648,1.3190000000000026,True,3.0,69.16907142857143,4.180349636308014,67.082,96.112,2.212071428571434,57,0.9430077350902282,Normal
HAM,Mercedes,43,68.469,Soft,18,2,1,23.1,35.8,False,True,16.729,30.861,20.879,1.5120000000000005,True,16.0,69.87947540983606,4.293702802192054,67.241,87.525,2.9224754098360712,47,0.9421124602491985,Normal
ALO,McLaren,42,69.27,Soft,27,2,1,23.1,35.8,False,True,17.234,30.837,21.199,2.3130000000000024,True,8.0,70.78363768115942,3.7589555298803483,68.661,93.71,3.826637681159427,58,0.9495730512186737,Normal
STR,Williams,42,69.94,Soft,27,2,1,23.1,35.8,False,True,17.511,31.082,21.347,2.983000000000004,True,14.0,71.5492794117647,4.516556705389922,69.203,98.829,4.592279411764713,55,0.9406230584459279,Normal
SAI,Renault,42,69.345,SUPERSOFT,8,3,1,23.1,35.8,False,True,17.386,30.831,21.128,2.3880000000000052,True,12.0,71.06452173913044,4.636717571885547,68.766,95.806,4.1075217391304415,56,0.9387497798703697,Normal
SIR,Williams,42,69.734,Soft,18,2,1,23.1,35.8,False,True,17.448,31.014,21.272,2.777000000000001,True,13.0,71.62763235294118,4.614235293136902,68.971,95.433,4.670632352941182,53,0.939478983980867,Normal
RIC,Red Bull Racing,43,68.435,SUPERSOFT,10,3,1,23.1,35.8,False,True,17.505,30.159,20.771,1.4780000000000086,True,18.0,70.15303846153846,4.945327899918001,67.591,93.13,3.196038461538467,44,0.9341486620878593,Normal
VAN,McLaren,41,88.282,Soft,1,3,1,23.1,35.8,False,True,36.021,31.19,21.071,21.325000000000003,False,15.0,72.42578125,6.886707173782013,68.894,113.141,5.468781250000006,49,0.9131699520385111,Outlier
GRO,Haas F1 Team,43,70.091,Soft,28,2,1,23.1,35.8,False,True,17.54,31.415,21.136,3.1340000000000003,True,4.0,70.44791304347827,3.956190854921268,69.071,93.593,3.4909130434782667,55,0.9468283246805373,Normal
OCO,Force India,43,69.357,Soft,28,2,1,22.9,36.1,False,True,17.366,30.758,21.233,2.4000000000000057,True,6.0,70.60328985507248,3.8355242033845207,68.85,95.36,3.64628985507247,57,0.9484741360821188,Normal
MAG,Haas F1 Team,43,69.27,Soft,15,2,1,22.9,36.1,False,True,17.158,30.914,21.198,2.3130000000000024,True,5.0,70.46215942028985,3.9063215118091867,68.476,94.479,3.5051594202898624,55,0.9474734260690925,Normal
PER,Force India,43,69.702,Soft,16,2,1,22.9,36.1,False,True,17.357,31.076,21.269,2.7450000000000045,True,7.0,70.60995652173914,4.168098432402896,68.504,97.598,3.6529565217391373,54,0.9442604058776469,Normal
ERI,Sauber,43,69.382,Soft,42,1,1,22.9,36.1,False,True,17.497,30.798,21.087,2.4250000000000114,True,10.0,70.8751304347826,3.731059815975028,68.216,93.576,3.9181304347826154,56,0.9499899431476849,Normal
GAS,Toro Rosso,43,69.929,Soft,28,2,1,22.9,36.1,False,True,17.456,31.016,21.457,2.9720000000000084,True,11.0,70.97336231884059,3.74627633151756,69.295,94.972,4.016362318840587,58,0.9498622263278357,Normal
VER,Red Bull Racing,44,68.873,Soft,29,2,1,22.9,36.1,False,True,17.133,30.432,21.308,1.916000000000011,True,1.0,69.15421428571429,3.809326951441864,67.442,93.857,2.1972142857142924,56,0.9477913641957116,Normal
HAR,Toro Rosso,43,69.381,SUPERSOFT,42,1,1,22.9,36.1,False,True,17.411,30.809,21.161,2.4240000000000066,True,17.0,71.54047169811321,4.4407460288168705,69.171,93.824,4.583471698113214,46,0.9415546873073747,Normal
LEC,Sauber,43,69.452,Soft,28,2,1,22.9,36.1,False,True,17.424,30.845,21.183,2.4950000000000045,True,9.0,70.7419552238806,3.716159130040439,69.006,94.254,3.7849552238806026,57,0.9500906091661621,Normal
RAI,Ferrari,44,68.543,Soft,29,2,1,22.9,36.1,False,True,17.162,30.462,20.919,1.5860000000000127,True,2.0,69.16844285714286,3.88184988261783,66.957,93.64,2.2114428571428633,57,0.9468605841670369,Normal
VET,Ferrari,44,68.327,Soft,29,2,1,22.9,36.1,False,True,17.078,30.442,20.807,1.3700000000000045,True,3.0,69.16907142857143,4.180349636308014,67.082,96.112,2.212071428571434,57,0.9430077350902282,Normal
HAM,Mercedes,44,68.236,Soft,19,2,1,22.9,36.1,False,True,16.709,30.707,20.82,1.2790000000000106,True,16.0,69.87947540983606,4.293702802192054,67.241,87.525,2.9224754098360712,47,0.9421124602491985,Normal
ALO,McLaren,43,69.304,Soft,28,2,1,22.9,36.1,False,True,17.264,30.945,21.095,2.3470000000000084,True,8.0,70.78363768115942,3.7589555298803483,68.661,93.71,3.826637681159427,58,0.9495730512186737,Normal
STR,Williams,43,69.741,Soft,28,2,1,22.9,36.1,False,True,17.581,31.002,21.158,2.784000000000006,True,14.0,71.5492794117647,4.516556705389922,69.203,98.829,4.592279411764713,55,0.9406230584459279,Normal
SAI,Renault,43,69.881,SUPERSOFT,9,3,1,22.9,36.1,False,True,17.033,31.584,21.264,2.9240000000000066,True,12.0,71.06452173913044,4.636717571885547,68.766,95.806,4.1075217391304415,56,0.9387497798703697,Normal
SIR,Williams,43,70.134,Soft,19,2,1,22.9,36.1,False,True,17.325,31.34,21.469,3.1770000000000067,True,13.0,71.62763235294118,4.614235293136902,68.971,95.433,4.670632352941182,53,0.939478983980867,Normal
RIC,Red Bull Racing,44,68.147,SUPERSOFT,11,3,1,22.9,36.1,False,True,17.259,30.258,20.63,1.190000000000012,True,18.0,70.15303846153846,4.945327899918001,67.591,93.13,3.196038461538467,44,0.9341486620878593,Normal
VAN,McLaren,42,69.159,Soft,2,3,1,22.9,36.1,False,True,17.419,30.597,21.143,2.2020000000000124,True,15.0,72.42578125,6.886707173782013,68.894,113.141,5.468781250000006,49,0.9131699520385111,Normal
GRO,Haas F1 Team,44,69.189,Soft,29,2,1,22.9,36.1,False,True,17.455,30.743,20.991,2.2319999999999993,True,4.0,70.44791304347827,3.956190854921268,69.071,93.593,3.4909130434782667,55,0.9468283246805373,Normal
OCO,Force India,44,69.363,Soft,29,2,1,22.5,36.8,False,True,17.379,30.742,21.242,2.406000000000006,True,6.0,70.60328985507248,3.8355242033845207,68.85,95.36,3.64628985507247,57,0.9484741360821188,Normal
MAG,Haas F1 Team,44,69.454,Soft,16,2,1,22.5,36.8,False,True,17.299,30.813,21.342,2.497,True,5.0,70.46215942028985,3.9063215118091867,68.476,94.479,3.5051594202898624,55,0.9474734260690925,Normal
PER,Force India,44,69.366,Soft,17,2,1,22.5,36.8,False,True,17.306,30.821,21.239,2.409000000000006,True,7.0,70.60995652173914,4.168098432402896,68.504,97.598,3.6529565217391373,54,0.9442604058776469,Normal
ERI,Sauber,44,69.612,Soft,43,1,1,22.5,36.8,False,True,17.457,30.955,21.2,2.655000000000001,True,10.0,70.8751304347826,3.731059815975028,68.216,93.576,3.9181304347826154,56,0.9499899431476849,Normal
VER,Red Bull Racing,45,68.371,Soft,30,2,1,22.5,36.8,False,True,17.132,30.326,20.913,1.4140000000000015,True,1.0,69.15421428571429,3.809326951441864,67.442,93.857,2.1972142857142924,56,0.9477913641957116,Normal
GAS,Toro Rosso,44,70.789,Soft,29,2,1,22.5,36.8,False,True,18.256,31.022,21.511,3.832000000000008,True,11.0,70.97336231884059,3.74627633151756,69.295,94.972,4.016362318840587,58,0.9498622263278357,Normal
HAR,Toro Rosso,44,69.323,SUPERSOFT,43,1,1,22.5,36.8,False,True,17.292,30.75,21.281,2.3659999999999997,True,17.0,71.54047169811321,4.4407460288168705,69.171,93.824,4.583471698113214,46,0.9415546873073747,Normal
RAI,Ferrari,45,68.215,Soft,30,2,1,22.5,36.8,False,True,16.817,30.34,21.058,1.2580000000000098,True,2.0,69.16844285714286,3.88184988261783,66.957,93.64,2.2114428571428633,57,0.9468605841670369,Normal
VET,Ferrari,45,68.273,Soft,30,2,1,22.5,36.8,False,True,17.055,30.357,20.861,1.3160000000000025,True,3.0,69.16907142857143,4.180349636308014,67.082,96.112,2.212071428571434,57,0.9430077350902282,Normal
HAM,Mercedes,45,68.456,Soft,20,2,1,22.5,36.8,False,True,16.691,30.709,21.056,1.4990000000000094,True,16.0,69.87947540983606,4.293702802192054,67.241,87.525,2.9224754098360712,47,0.9421124602491985,Normal
LEC,Sauber,44,73.208,Soft,29,2,1,22.5,36.8,False,True,18.498,31.024,23.686,6.251000000000005,True,9.0,70.7419552238806,3.716159130040439,69.006,94.254,3.7849552238806026,57,0.9500906091661621,Normal
ALO,McLaren,44,69.393,Soft,29,2,1,22.5,36.8,False,True,17.431,30.726,21.236,2.436000000000007,True,8.0,70.78363768115942,3.7589555298803483,68.661,93.71,3.826637681159427,58,0.9495730512186737,Normal
STR,Williams,44,69.67,Soft,29,2,1,22.5,36.8,False,True,17.47,31.005,21.195,2.713000000000008,True,14.0,71.5492794117647,4.516556705389922,69.203,98.829,4.592279411764713,55,0.9406230584459279,Normal
SAI,Renault,44,69.532,SUPERSOFT,10,3,1,22.5,36.8,False,True,17.103,31.093,21.336,2.575000000000003,True,12.0,71.06452173913044,4.636717571885547,68.766,95.806,4.1075217391304415,56,0.9387497798703697,Normal
SIR,Williams,44,69.876,Soft,20,2,1,22.5,36.8,False,True,17.501,31.009,21.366,2.919000000000011,True,13.0,71.62763235294118,4.614235293136902,68.971,95.433,4.670632352941182,53,0.939478983980867,Normal
RIC,Red Bull Racing,45,68.027,SUPERSOFT,12,3,1,22.5,36.8,False,True,17.317,30.06,20.65,1.0700000000000074,True,18.0,70.15303846153846,4.945327899918001,67.591,93.13,3.196038461538467,44,0.9341486620878593,Normal
VAN,McLaren,43,69.303,Soft,3,3,1,22.5,36.8,False,True,17.508,30.495,21.3,2.3460000000000036,True,15.0,72.42578125,6.886707173782013,68.894,113.141,5.468781250000006,49,0.9131699520385111,Normal
GRO,Haas F1 Team,45,69.487,Soft,30,2,1,22.7,36.5,False,True,17.587,30.738,21.162,2.530000000000001,True,4.0,70.44791304347827,3.956190854921268,69.071,93.593,3.4909130434782667,55,0.9468283246805373,Normal
OCO,Force India,45,69.312,Soft,30,2,1,22.7,36.5,False,True,17.384,30.74,21.188,2.355000000000004,True,6.0,70.60328985507248,3.8355242033845207,68.85,95.36,3.64628985507247,57,0.9484741360821188,Normal
MAG,Haas F1 Team,45,69.475,Soft,17,2,1,22.7,36.5,False,True,17.408,30.784,21.283,2.5180000000000007,True,5.0,70.46215942028985,3.9063215118091867,68.476,94.479,3.5051594202898624,55,0.9474734260690925,Normal
PER,Force India,45,69.578,Soft,18,2,1,22.7,36.5,False,True,17.328,30.847,21.403,2.6210000000000093,True,7.0,70.60995652173914,4.168098432402896,68.504,97.598,3.6529565217391373,54,0.9442604058776469,Normal
VER,Red Bull Racing,46,68.134,Soft,31,2,1,22.7,36.5,False,True,17.181,30.152,20.801,1.1770000000000067,True,1.0,69.15421428571429,3.809326951441864,67.442,93.857,2.1972142857142924,56,0.9477913641957116,Normal
ERI,Sauber,45,73.355,Soft,44,1,1,22.7,36.5,False,True,17.377,30.884,25.094,6.39800000000001,False,10.0,70.8751304347826,3.731059815975028,68.216,93.576,3.9181304347826154,56,0.9499899431476849,Outlier
GAS,Toro Rosso,45,69.581,Soft,30,2,1,22.7,36.5,False,True,17.484,30.74,21.357,2.6240000000000094,True,11.0,70.97336231884059,3.74627633151756,69.295,94.972,4.016362318840587,58,0.9498622263278357,Normal
HAR,Toro Rosso,45,69.433,SUPERSOFT,44,1,1,22.7,36.5,False,True,17.461,30.608,21.364,2.4760000000000133,True,17.0,71.54047169811321,4.4407460288168705,69.171,93.824,4.583471698113214,46,0.9415546873073747,Normal
RAI,Ferrari,46,68.248,Soft,31,2,1,22.7,36.5,False,True,17.231,30.08,20.937,1.291000000000011,True,2.0,69.16844285714286,3.88184988261783,66.957,93.64,2.2114428571428633,57,0.9468605841670369,Normal
VET,Ferrari,46,68.047,Soft,31,2,1,22.7,36.5,False,True,17.15,30.089,20.808,1.0900000000000034,True,3.0,69.16907142857143,4.180349636308014,67.082,96.112,2.212071428571434,57,0.9430077350902282,Normal
HAM,Mercedes,46,67.923,Soft,21,2,1,22.7,36.5,False,True,16.764,30.354,20.805,0.9660000000000082,True,16.0,69.87947540983606,4.293702802192054,67.241,87.525,2.9224754098360712,47,0.9421124602491985,Strong
LEC,Sauber,45,69.177,Soft,30,2,1,22.7,36.5,False,True,17.147,30.743,21.287,2.220000000000013,True,9.0,70.7419552238806,3.716159130040439,69.006,94.254,3.7849552238806026,57,0.9500906091661621,Normal
ALO,McLaren,45,69.316,Soft,30,2,1,22.7,36.5,False,True,17.392,30.684,21.24,2.359000000000009,True,8.0,70.78363768115942,3.7589555298803483,68.661,93.71,3.826637681159427,58,0.9495730512186737,Normal
SAI,Renault,45,68.991,SUPERSOFT,11,3,1,22.7,36.5,False,True,16.993,30.793,21.205,2.034000000000006,True,12.0,71.06452173913044,4.636717571885547,68.766,95.806,4.1075217391304415,56,0.9387497798703697,Normal
STR,Williams,45,70.807,Soft,30,2,1,22.7,36.5,False,True,17.464,31.805,21.538,3.8500000000000085,True,14.0,71.5492794117647,4.516556705389922,69.203,98.829,4.592279411764713,55,0.9406230584459279,Normal
SIR,Williams,45,69.569,Soft,21,2,1,22.7,36.5,False,True,17.445,30.726,21.398,2.612000000000009,True,13.0,71.62763235294118,4.614235293136902,68.971,95.433,4.670632352941182,53,0.939478983980867,Normal
RIC,Red Bull Racing,46,67.591,SUPERSOFT,13,3,1,22.7,36.5,False,True,17.244,29.835,20.512,0.6340000000000003,True,18.0,70.15303846153846,4.945327899918001,67.591,93.13,3.196038461538467,44,0.9341486620878593,Peak
VAN,McLaren,44,69.44,Soft,4,3,1,22.7,36.6,False,True,17.521,30.635,21.284,2.483000000000004,True,15.0,72.42578125,6.886707173782013,68.894,113.141,5.468781250000006,49,0.9131699520385111,Normal
GRO,Haas F1 Team,46,69.25,Soft,31,2,1,22.7,36.6,False,True,17.554,30.604,21.092,2.2930000000000064,True,4.0,70.44791304347827,3.956190854921268,69.071,93.593,3.4909130434782667,55,0.9468283246805373,Normal
OCO,Force India,46,69.255,Soft,31,2,1,22.7,36.6,False,True,17.304,30.762,21.189,2.298000000000002,True,6.0,70.60328985507248,3.8355242033845207,68.85,95.36,3.64628985507247,57,0.9484741360821188,Normal
MAG,Haas F1 Team,46,69.095,Soft,18,2,1,22.7,36.6,False,True,17.121,30.743,21.231,2.1380000000000052,True,5.0,70.46215942028985,3.9063215118091867,68.476,94.479,3.5051594202898624,55,0.9474734260690925,Normal
PER,Force India,46,69.424,Soft,19,2,1,22.7,36.6,False,True,17.397,30.733,21.294,2.467000000000013,True,7.0,70.60995652173914,4.168098432402896,68.504,97.598,3.6529565217391373,54,0.9442604058776469,Normal
VER,Red Bull Racing,47,68.181,Soft,32,2,1,22.7,36.6,False,True,17.259,30.101,20.821,1.2240000000000038,True,1.0,69.15421428571429,3.809326951441864,67.442,93.857,2.1972142857142924,56,0.9477913641957116,Normal
GAS,Toro Rosso,46,69.423,Soft,31,2,1,22.7,36.6,False,True,17.434,30.695,21.294,2.466000000000008,True,11.0,70.97336231884059,3.74627633151756,69.295,94.972,4.016362318840587,58,0.9498622263278357,Normal
RAI,Ferrari,47,68.569,Soft,32,2,1,22.7,36.6,False,True,17.162,30.537,20.87,1.612000000000009,True,2.0,69.16844285714286,3.88184988261783,66.957,93.64,2.2114428571428633,57,0.9468605841670369,Normal
HAR,Toro Rosso,46,71.095,SUPERSOFT,45,1,1,22.7,36.6,False,True,17.452,30.628,23.015,4.138000000000005,True,17.0,71.54047169811321,4.4407460288168705,69.171,93.824,4.583471698113214,46,0.9415546873073747,Normal
VET,Ferrari,47,68.228,Soft,32,2,1,22.7,36.6,False,True,17.152,30.037,21.039,1.2710000000000008,True,3.0,69.16907142857143,4.180349636308014,67.082,96.112,2.212071428571434,57,0.9430077350902282,Normal
HAM,Mercedes,47,67.977,Soft,22,2,1,22.7,36.6,False,True,16.852,30.328,20.797,1.0200000000000102,True,16.0,69.87947540983606,4.293702802192054,67.241,87.525,2.9224754098360712,47,0.9421124602491985,Normal
LEC,Sauber,46,69.442,Soft,31,2,1,22.7,36.6,False,True,17.497,30.718,21.227,2.4849999999999994,True,9.0,70.7419552238806,3.716159130040439,69.006,94.254,3.7849552238806026,57,0.9500906091661621,Normal
ALO,McLaren,46,69.441,Soft,31,2,1,22.7,36.6,False,True,17.622,30.714,21.105,2.484000000000009,True,8.0,70.78363768115942,3.7589555298803483,68.661,93.71,3.826637681159427,58,0.9495730512186737,Normal
ERI,Sauber,46,86.022,SUPERSOFT,1,2,1,22.7,36.6,False,True,34.272,30.594,21.156,19.065000000000012,False,10.0,70.8751304347826,3.731059815975028,68.216,93.576,3.9181304347826154,56,0.9499899431476849,Outlier
SAI,Renault,46,69.175,SUPERSOFT,12,3,1,22.6,37.3,False,True,17.551,30.619,21.005,2.2180000000000035,True,12.0,71.06452173913044,4.636717571885547,68.766,95.806,4.1075217391304415,56,0.9387497798703697,Normal
STR,Williams,46,70.003,Soft,31,2,1,22.6,37.3,False,True,17.52,31.189,21.294,3.0460000000000065,True,14.0,71.5492794117647,4.516556705389922,69.203,98.829,4.592279411764713,55,0.9406230584459279,Normal
RIC,Red Bull Racing,47,68.689,SUPERSOFT,14,3,1,22.6,37.3,False,True,17.283,30.386,21.02,1.7319999999999993,True,18.0,70.15303846153846,4.945327899918001,67.591,93.13,3.196038461538467,44,0.9341486620878593,Normal
SIR,Williams,46,71.434,Soft,22,2,1,22.6,37.3,False,True,17.651,31.049,22.734,4.477000000000004,True,13.0,71.62763235294118,4.614235293136902,68.971,95.433,4.670632352941182,53,0.939478983980867,Normal
VAN,McLaren,45,69.636,Soft,5,3,1,22.6,37.3,False,True,17.657,30.757,21.222,2.679000000000002,True,15.0,72.42578125,6.886707173782013,68.894,113.141,5.468781250000006,49,0.9131699520385111,Normal
GRO,Haas F1 Team,47,69.399,Soft,32,2,1,22.6,37.3,False,True,17.591,30.783,21.025,2.4420000000000073,True,4.0,70.44791304347827,3.956190854921268,69.071,93.593,3.4909130434782667,55,0.9468283246805373,Normal
OCO,Force India,47,69.533,Soft,32,2,1,22.6,37.3,False,True,17.43,30.872,21.231,2.5760000000000076,True,6.0,70.60328985507248,3.8355242033845207,68.85,95.36,3.64628985507247,57,0.9484741360821188,Normal
MAG,Haas F1 Team,47,69.547,Soft,19,2,1,22.6,37.3,False,True,17.331,31.015,21.201,2.5900000000000034,True,5.0,70.46215942028985,3.9063215118091867,68.476,94.479,3.5051594202898624,55,0.9474734260690925,Normal
PER,Force India,47,69.574,Soft,20,2,1,22.6,37.3,False,True,17.348,30.965,21.261,2.6170000000000044,True,7.0,70.60995652173914,4.168098432402896,68.504,97.598,3.6529565217391373,54,0.9442604058776469,Normal
VER,Red Bull Racing,48,68.384,Soft,33,2,1,22.6,37.3,False,True,17.191,30.337,20.856,1.4270000000000067,True,1.0,69.15421428571429,3.809326951441864,67.442,93.857,2.1972142857142924,56,0.9477913641957116,Normal
GAS,Toro Rosso,47,69.951,Soft,32,2,1,22.6,37.3,False,True,17.521,30.931,21.499,2.9939999999999998,True,11.0,70.97336231884059,3.74627633151756,69.295,94.972,4.016362318840587,58,0.9498622263278357,Normal
RAI,Ferrari,48,68.374,Soft,33,2,1,22.6,37.3,False,True,17.251,30.214,20.909,1.4170000000000016,True,2.0,69.16844285714286,3.88184988261783,66.957,93.64,2.2114428571428633,57,0.9468605841670369,Normal
VET,Ferrari,48,68.007,Soft,33,2,1,22.6,37.3,False,True,17.089,30.173,20.745,1.0500000000000114,True,3.0,69.16907142857143,4.180349636308014,67.082,96.112,2.212071428571434,57,0.9430077350902282,Normal
HAM,Mercedes,48,68.478,Soft,23,2,1,22.6,37.3,False,True,16.886,30.688,20.904,1.5210000000000008,True,16.0,69.87947540983606,4.293702802192054,67.241,87.525,2.9224754098360712,47,0.9421124602491985,Normal
HAR,Toro Rosso,47,71.548,SUPERSOFT,46,1,1,22.6,37.3,False,True,18.919,31.221,21.408,4.591000000000008,True,17.0,71.54047169811321,4.4407460288168705,69.171,93.824,4.583471698113214,46,0.9415546873073747,Normal
LEC,Sauber,47,69.594,Soft,32,2,1,22.7,37.3,False,True,17.47,30.839,21.285,2.6370000000000005,True,9.0,70.7419552238806,3.716159130040439,69.006,94.254,3.7849552238806026,57,0.9500906091661621,Normal
ALO,McLaren,47,69.564,Soft,32,2,1,22.7,37.3,False,True,17.535,30.864,21.165,2.6069999999999993,True,8.0,70.78363768115942,3.7589555298803483,68.661,93.71,3.826637681159427,58,0.9495730512186737,Normal
ERI,Sauber,47,68.651,SUPERSOFT,2,2,1,22.7,37.3,False,True,17.437,30.267,20.947,1.6940000000000026,True,10.0,70.8751304347826,3.731059815975028,68.216,93.576,3.9181304347826154,56,0.9499899431476849,Normal
SAI,Renault,47,69.538,SUPERSOFT,13,3,1,22.7,37.3,False,True,17.458,30.925,21.155,2.581000000000003,True,12.0,71.06452173913044,4.636717571885547,68.766,95.806,4.1075217391304415,56,0.9387497798703697,Normal
STR,Williams,47,70.405,Soft,32,2,1,22.7,37.3,False,True,17.516,31.389,21.5,3.4480000000000075,True,14.0,71.5492794117647,4.516556705389922,69.203,98.829,4.592279411764713,55,0.9406230584459279,Normal
RIC,Red Bull Racing,48,68.49,SUPERSOFT,15,3,1,22.7,37.3,False,True,17.263,30.164,21.063,1.5330000000000013,True,18.0,70.15303846153846,4.945327899918001,67.591,93.13,3.196038461538467,44,0.9341486620878593,Normal
SIR,Williams,47,70.183,Soft,23,2,1,22.7,37.3,False,True,17.244,31.413,21.526,3.2260000000000133,True,13.0,71.62763235294118,4.614235293136902,68.971,95.433,4.670632352941182,53,0.939478983980867,Normal
VAN,McLaren,46,69.7,Soft,6,3,1,22.7,37.3,False,True,17.62,30.762,21.318,2.743000000000009,True,15.0,72.42578125,6.886707173782013,68.894,113.141,5.468781250000006,49,0.9131699520385111,Normal
GRO,Haas F1 Team,48,69.274,Soft,33,2,1,22.7,37.3,False,True,17.573,30.631,21.07,2.3170000000000073,True,4.0,70.44791304347827,3.956190854921268,69.071,93.593,3.4909130434782667,55,0.9468283246805373,Normal
MAG,Haas F1 Team,48,69.046,Soft,20,2,1,22.7,37.3,False,True,17.178,30.55,21.318,2.089000000000013,True,5.0,70.46215942028985,3.9063215118091867,68.476,94.479,3.5051594202898624,55,0.9474734260690925,Normal
OCO,Force India,48,70.637,Soft,33,2,1,22.7,37.3,False,True,17.382,31.539,21.716,3.680000000000007,True,6.0,70.60328985507248,3.8355242033845207,68.85,95.36,3.64628985507247,57,0.9484741360821188,Normal
VER,Red Bull Racing,49,68.203,Soft,34,2,1,22.7,37.3,False,True,17.173,30.197,20.833,1.2460000000000093,True,1.0,69.15421428571429,3.809326951441864,67.442,93.857,2.1972142857142924,56,0.9477913641957116,Normal
PER,Force India,48,71.301,Soft,21,2,1,22.7,37.3,False,True,17.776,32.179,21.346,4.344000000000008,True,7.0,70.60995652173914,4.168098432402896,68.504,97.598,3.6529565217391373,54,0.9442604058776469,Normal
RAI,Ferrari,49,67.871,Soft,34,2,1,23.0,35.7,False,True,17.004,30.127,20.74,0.9140000000000015,True,2.0,69.16844285714286,3.88184988261783,66.957,93.64,2.2114428571428633,57,0.9468605841670369,Strong
VET,Ferrari,49,68.438,Soft,34,2,1,23.0,35.7,False,True,17.076,30.598,20.764,1.4810000000000088,True,3.0,69.16907142857143,4.180349636308014,67.082,96.112,2.212071428571434,57,0.9430077350902282,Normal
GAS,Toro Rosso,48,71.781,Soft,33,2,1,23.0,35.7,False,True,17.739,31.584,22.458,4.824000000000012,True,11.0,70.97336231884059,3.74627633151756,69.295,94.972,4.016362318840587,58,0.9498622263278357,Normal
HAM,Mercedes,49,68.854,Soft,24,2,1,23.0,35.7,False,True,17.038,30.527,21.289,1.8970000000000056,True,16.0,69.87947540983606,4.293702802192054,67.241,87.525,2.9224754098360712,47,0.9421124602491985,Normal
HAR,Toro Rosso,48,69.458,SUPERSOFT,47,1,1,23.0,35.7,False,True,17.518,30.729,21.211,2.5010000000000048,True,17.0,71.54047169811321,4.4407460288168705,69.171,93.824,4.583471698113214,46,0.9415546873073747,Normal
LEC,Sauber,48,69.446,Soft,33,2,1,23.0,35.7,False,True,17.461,30.788,21.197,2.4890000000000043,True,9.0,70.7419552238806,3.716159130040439,69.006,94.254,3.7849552238806026,57,0.9500906091661621,Normal
ALO,McLaren,48,69.321,Soft,33,2,1,23.0,35.7,False,True,17.528,30.711,21.082,2.3640000000000043,True,8.0,70.78363768115942,3.7589555298803483,68.661,93.71,3.826637681159427,58,0.9495730512186737,Normal
ERI,Sauber,48,68.795,SUPERSOFT,3,2,1,23.0,35.7,False,True,17.375,30.518,20.902,1.838000000000008,True,10.0,70.8751304347826,3.731059815975028,68.216,93.576,3.9181304347826154,56,0.9499899431476849,Normal
SAI,Renault,48,69.367,SUPERSOFT,14,3,1,23.0,35.7,False,True,17.542,30.667,21.158,2.410000000000011,True,12.0,71.06452173913044,4.636717571885547,68.766,95.806,4.1075217391304415,56,0.9387497798703697,Normal
RIC,Red Bull Racing,49,67.835,SUPERSOFT,16,3,1,23.0,35.7,False,True,17.1,29.959,20.776,0.8780000000000001,True,18.0,70.15303846153846,4.945327899918001,67.591,93.13,3.196038461538467,44,0.9341486620878593,Strong
STR,Williams,48,71.043,Soft,33,2,1,23.0,35.7,False,True,18.53,31.044,21.469,4.086000000000013,True,14.0,71.5492794117647,4.516556705389922,69.203,98.829,4.592279411764713,55,0.9406230584459279,Normal
SIR,Williams,48,70.123,Soft,24,2,1,23.0,35.7,False,True,17.536,31.077,21.51,3.166000000000011,True,13.0,71.62763235294118,4.614235293136902,68.971,95.433,4.670632352941182,53,0.939478983980867,Normal
VAN,McLaren,47,69.348,Soft,7,3,1,23.0,35.7,False,True,17.586,30.654,21.108,2.3910000000000053,True,15.0,72.42578125,6.886707173782013,68.894,113.141,5.468781250000006,49,0.9131699520385111,Normal
GRO,Haas F1 Team,49,69.298,Soft,34,2,1,23.0,35.7,False,True,17.522,30.706,21.07,2.341000000000008,True,4.0,70.44791304347827,3.956190854921268,69.071,93.593,3.4909130434782667,55,0.9468283246805373,Normal
MAG,Haas F1 Team,49,69.456,Soft,21,2,1,23.0,35.7,False,True,17.566,30.697,21.193,2.4990000000000094,True,5.0,70.46215942028985,3.9063215118091867,68.476,94.479,3.5051594202898624,55,0.9474734260690925,Normal
OCO,Force India,49,69.828,Soft,34,2,1,23.0,35.7,False,True,17.28,31.107,21.441,2.8710000000000093,True,6.0,70.60328985507248,3.8355242033845207,68.85,95.36,3.64628985507247,57,0.9484741360821188,Normal
VER,Red Bull Racing,50,68.265,Soft,35,2,1,23.3,35.5,False,True,17.261,30.21,20.794,1.308000000000007,True,1.0,69.15421428571429,3.809326951441864,67.442,93.857,2.1972142857142924,56,0.9477913641957116,Normal
PER,Force India,49,69.15,Soft,22,2,1,23.3,35.5,False,True,17.244,30.674,21.232,2.193000000000012,True,7.0,70.60995652173914,4.168098432402896,68.504,97.598,3.6529565217391373,54,0.9442604058776469,Normal
RAI,Ferrari,50,67.696,Soft,35,2,1,23.3,35.5,False,True,17.196,29.926,20.574,0.7390000000000043,True,2.0,69.16844285714286,3.88184988261783,66.957,93.64,2.2114428571428633,57,0.9468605841670369,Strong
VET,Ferrari,50,67.741,Soft,35,2,1,23.3,35.5,False,True,17.139,29.968,20.634,0.784000000000006,True,3.0,69.16907142857143,4.180349636308014,67.082,96.112,2.212071428571434,57,0.9430077350902282,Strong
HAM,Mercedes,50,68.372,Soft,25,2,1,23.3,35.5,False,True,17.106,30.362,20.904,1.4150000000000063,True,16.0,69.87947540983606,4.293702802192054,67.241,87.525,2.9224754098360712,47,0.9421124602491985,Normal
GAS,Toro Rosso,49,70.861,Soft,34,2,1,23.3,35.5,False,True,18.362,31.021,21.478,3.9040000000000106,True,11.0,70.97336231884059,3.74627633151756,69.295,94.972,4.016362318840587,58,0.9498622263278357,Normal
HAR,Toro Rosso,49,69.574,SUPERSOFT,48,1,1,23.3,35.5,False,True,17.404,30.629,21.541,2.6170000000000044,True,17.0,71.54047169811321,4.4407460288168705,69.171,93.824,4.583471698113214,46,0.9415546873073747,Normal
LEC,Sauber,49,69.341,Soft,34,2,1,23.3,35.5,False,True,17.483,30.729,21.129,2.3840000000000003,True,9.0,70.7419552238806,3.716159130040439,69.006,94.254,3.7849552238806026,57,0.9500906091661621,Normal
ALO,McLaren,49,69.272,Soft,34,2,1,23.3,35.5,False,True,17.453,30.672,21.147,2.315000000000012,True,8.0,70.78363768115942,3.7589555298803483,68.661,93.71,3.826637681159427,58,0.9495730512186737,Normal
ERI,Sauber,49,69.018,SUPERSOFT,4,2,1,23.3,35.5,False,True,17.375,30.524,21.119,2.061000000000007,True,10.0,70.8751304347826,3.731059815975028,68.216,93.576,3.9181304347826154,56,0.9499899431476849,Normal
SAI,Renault,49,70.69,SUPERSOFT,15,3,1,23.3,35.5,False,True,17.536,30.888,22.266,3.733000000000004,True,12.0,71.06452173913044,4.636717571885547,68.766,95.806,4.1075217391304415,56,0.9387497798703697,Normal
RIC,Red Bull Racing,50,68.806,SUPERSOFT,17,3,1,23.3,35.5,False,True,17.242,30.407,21.157,1.8490000000000038,True,18.0,70.15303846153846,4.945327899918001,67.591,93.13,3.196038461538467,44,0.9341486620878593,Normal
STR,Williams,49,70.107,Soft,34,2,1,23.3,35.5,False,True,17.576,30.962,21.569,3.1500000000000057,True,14.0,71.5492794117647,4.516556705389922,69.203,98.829,4.592279411764713,55,0.9406230584459279,Normal
SIR,Williams,49,70.244,Soft,25,2,1,23.3,35.5,False,True,17.451,31.297,21.496,3.287000000000006,True,13.0,71.62763235294118,4.614235293136902,68.971,95.433,4.670632352941182,53,0.939478983980867,Normal
VAN,McLaren,48,69.32,Soft,8,3,1,23.3,35.5,False,True,17.514,30.621,21.185,2.3629999999999995,True,15.0,72.42578125,6.886707173782013,68.894,113.141,5.468781250000006,49,0.9131699520385111,Normal
GRO,Haas F1 Team,50,69.129,Soft,35,2,1,23.3,35.5,False,True,17.535,30.565,21.029,2.1720000000000113,True,4.0,70.44791304347827,3.956190854921268,69.071,93.593,3.4909130434782667,55,0.9468283246805373,Normal
MAG,Haas F1 Team,50,69.446,Soft,22,2,1,23.4,36.1,False,True,17.647,30.654,21.145,2.4890000000000043,True,5.0,70.46215942028985,3.9063215118091867,68.476,94.479,3.5051594202898624,55,0.9474734260690925,Normal
OCO,Force India,50,69.73,Soft,35,2,1,23.4,36.1,False,True,17.289,30.94,21.501,2.7730000000000103,True,6.0,70.60328985507248,3.8355242033845207,68.85,95.36,3.64628985507247,57,0.9484741360821188,Normal
VER,Red Bull Racing,51,68.037,Soft,36,2,1,23.4,36.1,False,True,17.231,30.069,20.737,1.0800000000000125,True,1.0,69.15421428571429,3.809326951441864,67.442,93.857,2.1972142857142924,56,0.9477913641957116,Normal
PER,Force India,50,68.939,Soft,23,2,1,23.4,36.1,False,True,17.178,30.613,21.148,1.9819999999999993,True,7.0,70.60995652173914,4.168098432402896,68.504,97.598,3.6529565217391373,54,0.9442604058776469,Normal
RAI,Ferrari,51,68.263,Soft,36,2,1,23.4,36.1,False,True,17.284,30.13,20.849,1.3060000000000116,True,2.0,69.16844285714286,3.88184988261783,66.957,93.64,2.2114428571428633,57,0.9468605841670369,Normal
VET,Ferrari,51,67.952,Soft,36,2,1,23.4,36.1,False,True,17.117,30.084,20.751,0.9950000000000045,True,3.0,69.16907142857143,4.180349636308014,67.082,96.112,2.212071428571434,57,0.9430077350902282,Strong
HAM,Mercedes,51,68.496,Soft,26,2,1,23.4,36.1,False,True,17.148,30.381,20.967,1.5390000000000015,True,16.0,69.87947540983606,4.293702802192054,67.241,87.525,2.9224754098360712,47,0.9421124602491985,Normal
GAS,Toro Rosso,50,69.842,Soft,35,2,1,23.4,36.1,False,True,17.52,30.98,21.342,2.885000000000005,True,11.0,70.97336231884059,3.74627633151756,69.295,94.972,4.016362318840587,58,0.9498622263278357,Normal
HAR,Toro Rosso,50,69.683,SUPERSOFT,49,1,1,23.4,36.1,False,True,17.39,30.908,21.385,2.7260000000000133,True,17.0,71.54047169811321,4.4407460288168705,69.171,93.824,4.583471698113214,46,0.9415546873073747,Normal
LEC,Sauber,50,69.377,Soft,35,2,1,23.4,36.1,False,True,17.512,30.708,21.157,2.4200000000000017,True,9.0,70.7419552238806,3.716159130040439,69.006,94.254,3.7849552238806026,57,0.9500906091661621,Normal
ALO,McLaren,50,69.602,Soft,35,2,1,23.4,36.1,False,True,17.617,30.721,21.264,2.6450000000000102,True,8.0,70.78363768115942,3.7589555298803483,68.661,93.71,3.826637681159427,58,0.9495730512186737,Normal
ERI,Sauber,50,69.38,SUPERSOFT,5,2,1,23.4,36.1,False,True,17.495,30.724,21.161,2.423000000000002,True,10.0,70.8751304347826,3.731059815975028,68.216,93.576,3.9181304347826154,56,0.9499899431476849,Normal
RIC,Red Bull Racing,51,68.719,SUPERSOFT,18,3,1,23.4,36.1,False,True,17.512,30.189,21.018,1.7620000000000005,True,18.0,70.15303846153846,4.945327899918001,67.591,93.13,3.196038461538467,44,0.9341486620878593,Normal
SAI,Renault,50,70.431,SUPERSOFT,16,3,1,23.4,36.1,False,True,18.021,31.077,21.333,3.4740000000000038,True,12.0,71.06452173913044,4.636717571885547,68.766,95.806,4.1075217391304415,56,0.9387497798703697,Normal
STR,Williams,50,69.799,Soft,35,2,1,23.4,36.1,False,True,17.496,30.911,21.392,2.842000000000013,True,14.0,71.5492794117647,4.516556705389922,69.203,98.829,4.592279411764713,55,0.9406230584459279,Normal
SIR,Williams,50,70.066,Soft,26,2,1,23.4,36.1,False,True,17.576,31.048,21.442,3.109000000000009,True,13.0,71.62763235294118,4.614235293136902,68.971,95.433,4.670632352941182,53,0.939478983980867,Normal
VAN,McLaren,49,69.551,Soft,9,3,1,23.4,36.1,False,True,17.603,30.768,21.18,2.5940000000000083,True,15.0,72.42578125,6.886707173782013,68.894,113.141,5.468781250000006,49,0.9131699520385111,Normal
GRO,Haas F1 Team,51,69.337,Soft,36,2,1,23.4,35.6,False,True,17.573,30.701,21.063,2.3800000000000097,True,4.0,70.44791304347827,3.956190854921268,69.071,93.593,3.4909130434782667,55,0.9468283246805373,Normal
MAG,Haas F1 Team,51,69.54,Soft,23,2,1,23.4,35.6,False,True,17.66,30.783,21.097,2.5830000000000126,True,5.0,70.46215942028985,3.9063215118091867,68.476,94.479,3.5051594202898624,55,0.9474734260690925,Normal
OCO,Force India,51,69.817,Soft,36,2,1,23.4,35.6,False,True,17.289,31.102,21.426,2.8599999999999994,True,6.0,70.60328985507248,3.8355242033845207,68.85,95.36,3.64628985507247,57,0.9484741360821188,Normal
VER,Red Bull Racing,52,67.999,Soft,37,2,1,23.4,35.6,False,True,17.239,30.002,20.758,1.0420000000000016,True,1.0,69.15421428571429,3.809326951441864,67.442,93.857,2.1972142857142924,56,0.9477913641957116,Normal
PER,Force India,51,68.903,Soft,24,2,1,23.4,35.6,False,True,17.238,30.445,21.22,1.9460000000000122,True,7.0,70.60995652173914,4.168098432402896,68.504,97.598,3.6529565217391373,54,0.9442604058776469,Normal
RAI,Ferrari,52,67.799,Soft,37,2,1,23.4,35.6,False,True,17.206,29.816,20.777,0.842000000000013,True,2.0,69.16844285714286,3.88184988261783,66.957,93.64,2.2114428571428633,57,0.9468605841670369,Strong
VET,Ferrari,52,67.921,Soft,37,2,1,23.4,35.6,False,True,17.209,30.043,20.669,0.9640000000000128,True,3.0,69.16907142857143,4.180349636308014,67.082,96.112,2.212071428571434,57,0.9430077350902282,Strong
HAM,Mercedes,52,71.638,Soft,27,2,1,23.4,35.6,False,True,17.174,30.26,24.204,4.681000000000012,False,16.0,69.87947540983606,4.293702802192054,67.241,87.525,2.9224754098360712,47,0.9421124602491985,Outlier
GAS,Toro Rosso,51,69.628,Soft,36,2,1,23.4,35.6,False,True,17.546,30.81,21.272,2.6710000000000065,True,11.0,70.97336231884059,3.74627633151756,69.295,94.972,4.016362318840587,58,0.9498622263278357,Normal
HAR,Toro Rosso,51,69.554,SUPERSOFT,50,1,1,23.4,35.6,False,True,17.412,30.754,21.388,2.5970000000000084,True,17.0,71.54047169811321,4.4407460288168705,69.171,93.824,4.583471698113214,46,0.9415546873073747,Normal
LEC,Sauber,51,69.488,Soft,36,2,1,23.4,35.6,False,True,17.562,30.749,21.177,2.531000000000006,True,9.0,70.7419552238806,3.716159130040439,69.006,94.254,3.7849552238806026,57,0.9500906091661621,Normal
ALO,McLaren,51,69.321,Soft,36,2,1,23.4,35.6,False,True,17.481,30.704,21.136,2.3640000000000043,True,8.0,70.78363768115942,3.7589555298803483,68.661,93.71,3.826637681159427,58,0.9495730512186737,Normal
ERI,Sauber,51,69.123,SUPERSOFT,6,2,1,23.4,35.6,False,True,17.477,30.633,21.013,2.166000000000011,True,10.0,70.8751304347826,3.731059815975028,68.216,93.576,3.9181304347826154,56,0.9499899431476849,Normal
RIC,Red Bull Racing,52,68.358,SUPERSOFT,19,3,1,23.4,35.6,False,True,17.399,30.224,20.735,1.4010000000000105,True,18.0,70.15303846153846,4.945327899918001,67.591,93.13,3.196038461538467,44,0.9341486620878593,Normal
SAI,Renault,51,69.454,SUPERSOFT,17,3,1,23.4,35.6,False,True,17.395,30.873,21.186,2.497,True,12.0,71.06452173913044,4.636717571885547,68.766,95.806,4.1075217391304415,56,0.9387497798703697,Normal
STR,Williams,51,69.843,Soft,36,2,1,23.4,35.6,False,True,17.504,30.997,21.342,2.88600000000001,True,14.0,71.5492794117647,4.516556705389922,69.203,98.829,4.592279411764713,55,0.9406230584459279,Normal
SIR,Williams,51,69.876,Soft,27,2,1,23.4,35.6,False,True,17.464,31.014,21.398,2.919000000000011,True,13.0,71.62763235294118,4.614235293136902,68.971,95.433,4.670632352941182,53,0.939478983980867,Normal
VAN,McLaren,50,69.494,Soft,10,3,1,23.1,36.1,False,True,17.669,30.695,21.13,2.537000000000006,True,15.0,72.42578125,6.886707173782013,68.894,113.141,5.468781250000006,49,0.9131699520385111,Normal
GRO,Haas F1 Team,52,69.544,Soft,37,2,1,23.1,36.1,False,True,17.582,30.827,21.135,2.5870000000000033,True,4.0,70.44791304347827,3.956190854921268,69.071,93.593,3.4909130434782667,55,0.9468283246805373,Normal
MAG,Haas F1 Team,52,70.053,Soft,24,2,1,23.1,36.1,False,True,17.663,30.956,21.434,3.0960000000000036,True,5.0,70.46215942028985,3.9063215118091867,68.476,94.479,3.5051594202898624,55,0.9474734260690925,Normal
VER,Red Bull Racing,53,68.212,Soft,38,2,1,23.1,36.1,False,True,17.105,30.164,20.943,1.2550000000000097,True,1.0,69.15421428571429,3.809326951441864,67.442,93.857,2.1972142857142924,56,0.9477913641957116,Normal
OCO,Force India,52,70.963,Soft,37,2,1,23.1,36.1,False,True,17.283,31.141,22.539,4.006,True,6.0,70.60328985507248,3.8355242033845207,68.85,95.36,3.64628985507247,57,0.9484741360821188,Normal
PER,Force India,52,69.256,Soft,25,2,1,23.1,36.1,False,True,17.272,30.68,21.304,2.2990000000000066,True,7.0,70.60995652173914,4.168098432402896,68.504,97.598,3.6529565217391373,54,0.9442604058776469,Normal
RAI,Ferrari,53,68.019,Soft,38,2,1,23.1,36.1,False,True,17.182,30.146,20.691,1.0620000000000118,True,2.0,69.16844285714286,3.88184988261783,66.957,93.64,2.2114428571428633,57,0.9468605841670369,Normal
VET,Ferrari,53,67.782,Soft,38,2,1,23.1,36.1,False,True,17.095,30.055,20.632,0.8250000000000028,True,3.0,69.16907142857143,4.180349636308014,67.082,96.112,2.212071428571434,57,0.9430077350902282,Strong
GAS,Toro Rosso,52,69.653,Soft,37,2,1,23.1,36.1,False,True,17.437,30.863,21.353,2.696000000000012,True,11.0,70.97336231884059,3.74627633151756,69.295,94.972,4.016362318840587,58,0.9498622263278357,Normal
HAR,Toro Rosso,52,69.449,SUPERSOFT,51,1,1,23.1,36.1,False,True,17.343,30.778,21.328,2.4920000000000044,True,17.0,71.54047169811321,4.4407460288168705,69.171,93.824,4.583471698113214,46,0.9415546873073747,Normal
LEC,Sauber,52,69.592,Soft,37,2,1,23.1,36.1,False,True,17.412,30.938,21.242,2.635000000000005,True,9.0,70.7419552238806,3.716159130040439,69.006,94.254,3.7849552238806026,57,0.9500906091661621,Normal
ALO,McLaren,52,69.267,Soft,37,2,1,23.1,36.1,False,True,17.387,30.824,21.056,2.3100000000000023,True,8.0,70.78363768115942,3.7589555298803483,68.661,93.71,3.826637681159427,58,0.9495730512186737,Normal
ERI,Sauber,52,69.083,SUPERSOFT,7,2,1,23.1,36.1,False,True,17.219,30.783,21.081,2.1260000000000048,True,10.0,70.8751304347826,3.731059815975028,68.216,93.576,3.9181304347826154,56,0.9499899431476849,Normal
RIC,Red Bull Racing,53,67.943,SUPERSOFT,20,3,1,23.1,36.1,False,True,17.143,30.128,20.672,0.9860000000000042,True,18.0,70.15303846153846,4.945327899918001,67.591,93.13,3.196038461538467,44,0.9341486620878593,Strong
HAM,Mercedes,53,84.07,SUPERSOFT,1,3,1,23.1,36.1,False,True,33.434,30.103,20.533,17.113,False,16.0,69.87947540983606,4.293702802192054,67.241,87.525,2.9224754098360712,47,0.9421124602491985,Outlier
SAI,Renault,52,69.409,SUPERSOFT,18,3,1,23.3,36.5,False,True,17.441,30.816,21.152,2.4520000000000124,True,12.0,71.06452173913044,4.636717571885547,68.766,95.806,4.1075217391304415,56,0.9387497798703697,Normal
STR,Williams,52,69.766,Soft,37,2,1,23.3,36.5,False,True,17.42,31.036,21.31,2.8090000000000117,True,14.0,71.5492794117647,4.516556705389922,69.203,98.829,4.592279411764713,55,0.9406230584459279,Normal
SIR,Williams,52,70.171,Soft,28,2,1,23.3,36.5,False,True,17.509,31.157,21.505,3.214000000000013,True,13.0,71.62763235294118,4.614235293136902,68.971,95.433,4.670632352941182,53,0.939478983980867,Normal
VAN,McLaren,51,69.176,Soft,11,3,1,23.3,36.5,False,True,17.429,30.716,21.031,2.2190000000000083,True,15.0,72.42578125,6.886707173782013,68.894,113.141,5.468781250000006,49,0.9131699520385111,Normal
GRO,Haas F1 Team,53,69.449,Soft,38,2,12,23.3,36.5,False,True,17.48,30.905,21.064,2.4920000000000044,False,4.0,70.44791304347827,3.956190854921268,69.071,93.593,3.4909130434782667,55,0.9468283246805373,Outlier
VER,Red Bull Racing,54,68.415,Soft,39,2,12,23.3,36.5,False,True,17.101,30.484,20.83,1.4580000000000126,False,1.0,69.15421428571429,3.809326951441864,67.442,93.857,2.1972142857142924,56,0.9477913641957116,Outlier
MAG,Haas F1 Team,53,71.432,Soft,25,2,12,23.3,36.5,False,True,17.665,31.128,22.639,4.4750000000000085,False,5.0,70.46215942028985,3.9063215118091867,68.476,94.479,3.5051594202898624,55,0.9474734260690925,Outlier
OCO,Force India,53,69.904,Soft,38,2,12,23.3,36.5,False,True,17.101,31.264,21.539,2.9470000000000027,False,6.0,70.60328985507248,3.8355242033845207,68.85,95.36,3.64628985507247,57,0.9484741360821188,Outlier
RAI,Ferrari,54,68.084,Soft,39,2,12,23.3,36.5,False,True,16.982,30.284,20.818,1.1270000000000095,False,2.0,69.16844285714286,3.88184988261783,66.957,93.64,2.2114428571428633,57,0.9468605841670369,Outlier
VET,Ferrari,54,68.07,Soft,39,2,12,23.3,36.5,False,True,17.085,30.29,20.695,1.1129999999999995,False,3.0,69.16907142857143,4.180349636308014,67.082,96.112,2.212071428571434,57,0.9430077350902282,Outlier
PER,Force India,53,71.806,Soft,26,2,12,23.3,36.5,False,True,17.83,32.499,21.477,4.849000000000004,False,7.0,70.60995652173914,4.168098432402896,68.504,97.598,3.6529565217391373,54,0.9442604058776469,Outlier
GAS,Toro Rosso,53,69.993,Soft,38,2,12,23.3,36.5,False,True,17.472,31.109,21.412,3.0360000000000014,False,11.0,70.97336231884059,3.74627633151756,69.295,94.972,4.016362318840587,58,0.9498622263278357,Outlier
HAR,Toro Rosso,53,69.775,SUPERSOFT,52,1,12,23.3,36.5,False,True,17.143,31.146,21.486,2.818000000000012,False,17.0,71.54047169811321,4.4407460288168705,69.171,93.824,4.583471698113214,46,0.9415546873073747,Outlier
LEC,Sauber,53,69.24,Soft,38,2,12,23.3,36.5,False,True,17.359,30.749,21.132,2.2830000000000013,False,9.0,70.7419552238806,3.716159130040439,69.006,94.254,3.7849552238806026,57,0.9500906091661621,Outlier
ALO,McLaren,53,69.338,Soft,38,2,12,23.8,36.3,False,True,17.361,30.85,21.127,2.3810000000000002,False,8.0,70.78363768115942,3.7589555298803483,68.661,93.71,3.826637681159427,58,0.9495730512186737,Outlier
ERI,Sauber,53,69.412,SUPERSOFT,8,2,12,23.8,36.3,False,True,17.121,31.087,21.204,2.4550000000000125,False,10.0,70.8751304347826,3.731059815975028,68.216,93.576,3.9181304347826154,56,0.9499899431476849,Outlier
HAM,Mercedes,54,67.571,SUPERSOFT,2,3,12,23.8,36.3,False,True,16.813,30.049,20.709,0.6140000000000043,False,16.0,69.87947540983606,4.293702802192054,67.241,87.525,2.9224754098360712,47,0.9421124602491985,Outlier
SAI,Renault,53,69.495,SUPERSOFT,19,3,12,23.8,36.3,False,True,17.473,30.86,21.162,2.538000000000011,False,12.0,71.06452173913044,4.636717571885547,68.766,95.806,4.1075217391304415,56,0.9387497798703697,Outlier
STR,Williams,53,70.092,Soft,38,2,12,23.8,36.3,False,True,17.578,31.258,21.256,3.135000000000005,False,14.0,71.5492794117647,4.516556705389922,69.203,98.829,4.592279411764713,55,0.9406230584459279,Outlier
SIR,Williams,53,70.159,Soft,29,2,12,23.8,36.3,False,True,17.54,31.138,21.481,3.2020000000000124,False,13.0,71.62763235294118,4.614235293136902,68.971,95.433,4.670632352941182,53,0.939478983980867,Outlier
VAN,McLaren,52,69.621,Soft,12,3,12,23.8,36.3,False,True,17.624,30.775,21.222,2.6640000000000015,False,15.0,72.42578125,6.886707173782013,68.894,113.141,5.468781250000006,49,0.9131699520385111,Outlier
GRO,Haas F1 Team,54,69.836,Soft,39,2,2,23.8,36.3,False,True,17.973,30.781,21.082,2.879000000000005,False,4.0,70.44791304347827,3.956190854921268,69.071,93.593,3.4909130434782667,55,0.9468283246805373,Outlier
VER,Red Bull Racing,55,68.291,Soft,40,2,2,23.8,36.3,False,True,17.399,30.152,20.74,1.3340000000000032,False,1.0,69.15421428571429,3.809326951441864,67.442,93.857,2.1972142857142924,56,0.9477913641957116,Outlier
MAG,Haas F1 Team,54,69.701,Soft,26,2,21,23.8,36.3,False,True,17.592,30.787,21.322,2.7439999999999998,False,5.0,70.46215942028985,3.9063215118091867,68.476,94.479,3.5051594202898624,55,0.9474734260690925,Outlier
OCO,Force India,54,70.073,Soft,39,2,21,23.8,36.3,False,True,17.575,31.056,21.442,3.1159999999999997,False,6.0,70.60328985507248,3.8355242033845207,68.85,95.36,3.64628985507247,57,0.9484741360821188,Outlier
RAI,Ferrari,55,67.991,Soft,40,2,21,23.8,36.3,False,True,17.146,30.067,20.778,1.034000000000006,False,2.0,69.16844285714286,3.88184988261783,66.957,93.64,2.2114428571428633,57,0.9468605841670369,Outlier
VET,Ferrari,55,68.446,Soft,40,2,21,23.8,36.3,False,True,17.542,30.246,20.658,1.4890000000000043,False,3.0,69.16907142857143,4.180349636308014,67.082,96.112,2.212071428571434,57,0.9430077350902282,Outlier
PER,Force India,54,69.729,Soft,27,2,21,23.8,36.3,False,True,17.593,30.903,21.233,2.7720000000000056,False,7.0,70.60995652173914,4.168098432402896,68.504,97.598,3.6529565217391373,54,0.9442604058776469,Outlier
GAS,Toro Rosso,54,69.93,Soft,39,2,21,24.2,34.7,False,True,17.659,30.957,21.314,2.973000000000013,False,11.0,70.97336231884059,3.74627633151756,69.295,94.972,4.016362318840587,58,0.9498622263278357,Outlier
LEC,Sauber,54,70.037,Soft,39,2,21,24.2,34.7,False,True,17.624,30.974,21.439,3.0800000000000125,False,9.0,70.7419552238806,3.716159130040439,69.006,94.254,3.7849552238806026,57,0.9500906091661621,Outlier
ALO,McLaren,54,69.36,Soft,39,2,21,24.2,34.7,False,True,17.559,30.783,21.018,2.403000000000006,False,8.0,70.78363768115942,3.7589555298803483,68.661,93.71,3.826637681159427,58,0.9495730512186737,Outlier
ERI,Sauber,54,69.889,SUPERSOFT,9,2,21,24.2,34.7,False,True,17.981,30.713,21.195,2.932000000000002,False,10.0,70.8751304347826,3.731059815975028,68.216,93.576,3.9181304347826154,56,0.9499899431476849,Outlier
HAM,Mercedes,55,68.062,SUPERSOFT,3,3,21,24.2,34.7,False,True,17.268,30.022,20.772,1.105000000000004,False,16.0,69.87947540983606,4.293702802192054,67.241,87.525,2.9224754098360712,47,0.9421124602491985,Outlier
SAI,Renault,54,69.488,SUPERSOFT,20,3,21,24.2,34.7,False,True,17.527,30.621,21.34,2.531000000000006,False,12.0,71.06452173913044,4.636717571885547,68.766,95.806,4.1075217391304415,56,0.9387497798703697,Outlier
STR,Williams,54,70.424,Soft,39,2,21,24.2,34.7,False,True,17.659,31.106,21.659,3.467000000000013,False,14.0,71.5492794117647,4.516556705389922,69.203,98.829,4.592279411764713,55,0.9406230584459279,Outlier
HAR,Toro Rosso,54,90.779,SUPERSOFT,53,1,21,24.2,34.7,False,True,17.931,31.432,41.416,23.822000000000003,False,17.0,71.54047169811321,4.4407460288168705,69.171,93.824,4.583471698113214,46,0.9415546873073747,Outlier
SIR,Williams,54,71.175,Soft,30,2,21,24.2,34.7,False,True,18.018,31.339,21.818,4.2180000000000035,False,13.0,71.62763235294118,4.614235293136902,68.971,95.433,4.670632352941182,53,0.939478983980867,Outlier
VAN,McLaren,53,70.512,Soft,13,3,21,24.2,34.7,False,True,17.904,30.986,21.622,3.555000000000007,False,15.0,72.42578125,6.886707173782013,68.894,113.141,5.468781250000006,49,0.9131699520385111,Outlier
GRO,Haas F1 Team,55,70.11,Soft,40,2,21,24.2,34.7,False,True,18.084,30.909,21.117,3.153000000000006,False,4.0,70.44791304347827,3.956190854921268,69.071,93.593,3.4909130434782667,55,0.9468283246805373,Outlier
VER,Red Bull Racing,56,68.087,Soft,41,2,21,24.2,34.7,False,True,17.261,29.993,20.833,1.1300000000000097,False,1.0,69.15421428571429,3.809326951441864,67.442,93.857,2.1972142857142924,56,0.9477913641957116,Outlier
MAG,Haas F1 Team,55,69.421,Soft,27,2,12,24.2,34.7,False,True,17.618,30.724,21.079,2.464000000000013,False,5.0,70.46215942028985,3.9063215118091867,68.476,94.479,3.5051594202898624,55,0.9474734260690925,Outlier
RAI,Ferrari,56,67.782,Soft,41,2,12,24.2,34.7,False,True,16.937,30.037,20.808,0.8250000000000028,False,2.0,69.16844285714286,3.88184988261783,66.957,93.64,2.2114428571428633,57,0.9468605841670369,Outlier
VET,Ferrari,56,67.779,Soft,41,2,12,24.2,34.7,False,True,17.12,30.079,20.58,0.8220000000000027,False,3.0,69.16907142857143,4.180349636308014,67.082,96.112,2.212071428571434,57,0.9430077350902282,Outlier
OCO,Force India,55,71.881,Soft,40,2,12,24.1,34.3,False,True,17.365,31.919,22.597,4.924000000000007,False,6.0,70.60328985507248,3.8355242033845207,68.85,95.36,3.64628985507247,57,0.9484741360821188,Outlier
PER,Force India,55,69.018,Soft,28,2,12,24.1,34.3,False,True,17.255,30.621,21.142,2.061000000000007,False,7.0,70.60995652173914,4.168098432402896,68.504,97.598,3.6529565217391373,54,0.9442604058776469,Outlier
GAS,Toro Rosso,55,69.645,Soft,40,2,21,24.1,34.3,False,True,17.482,30.908,21.255,2.6880000000000024,False,11.0,70.97336231884059,3.74627633151756,69.295,94.972,4.016362318840587,58,0.9498622263278357,Outlier
LEC,Sauber,55,69.36,Soft,40,2,21,24.1,34.3,False,True,17.513,30.702,21.145,2.403000000000006,False,9.0,70.7419552238806,3.716159130040439,69.006,94.254,3.7849552238806026,57,0.9500906091661621,Outlier
ALO,McLaren,55,69.056,Soft,40,2,21,24.1,34.3,False,True,17.396,30.653,21.007,2.0990000000000038,False,8.0,70.78363768115942,3.7589555298803483,68.661,93.71,3.826637681159427,58,0.9495730512186737,Outlier
ERI,Sauber,55,68.792,SUPERSOFT,10,2,21,24.1,34.3,False,True,17.38,30.559,20.853,1.835000000000008,False,10.0,70.8751304347826,3.731059815975028,68.216,93.576,3.9181304347826154,56,0.9499899431476849,Outlier
HAM,Mercedes,56,67.46,SUPERSOFT,4,3,21,24.1,34.3,False,True,17.043,29.953,20.464,0.5030000000000001,False,16.0,69.87947540983606,4.293702802192054,67.241,87.525,2.9224754098360712,47,0.9421124602491985,Outlier
SAI,Renault,55,69.483,SUPERSOFT,21,3,21,24.1,34.3,False,True,17.525,30.907,21.051,2.5260000000000105,False,12.0,71.06452173913044,4.636717571885547,68.766,95.806,4.1075217391304415,56,0.9387497798703697,Outlier
STR,Williams,55,69.803,Soft,40,2,12,24.1,34.3,False,True,17.511,31.018,21.274,2.8460000000000036,False,14.0,71.5492794117647,4.516556705389922,69.203,98.829,4.592279411764713,55,0.9406230584459279,Outlier
SIR,Williams,55,70.484,Soft,31,2,12,24.1,34.3,False,True,17.625,31.339,21.52,3.527000000000001,False,13.0,71.62763235294118,4.614235293136902,68.971,95.433,4.670632352941182,53,0.939478983980867,Outlier
VAN,McLaren,54,69.631,Soft,14,3,12,24.1,34.3,False,True,17.509,30.892,21.23,2.6740000000000066,False,15.0,72.42578125,6.886707173782013,68.894,113.141,5.468781250000006,49,0.9131699520385111,Outlier
GRO,Haas F1 Team,56,69.63,Soft,41,2,12,24.1,34.3,False,True,17.542,31.015,21.073,2.673000000000002,False,4.0,70.44791304347827,3.956190854921268,69.071,93.593,3.4909130434782667,55,0.9468283246805373,Outlier
VER,Red Bull Racing,57,68.055,Soft,42,2,12,24.0,34.4,False,True,17.198,30.205,20.652,1.0980000000000132,False,1.0,69.15421428571429,3.809326951441864,67.442,93.857,2.1972142857142924,56,0.9477913641957116,Outlier
RAI,Ferrari,57,67.896,Soft,42,2,12,24.0,34.4,False,True,17.414,29.838,20.644,0.9390000000000072,False,2.0,69.16844285714286,3.88184988261783,66.957,93.64,2.2114428571428633,57,0.9468605841670369,Outlier
MAG,Haas F1 Team,56,70.868,Soft,28,2,12,24.0,34.4,False,True,17.761,31.781,21.326,3.9110000000000014,False,5.0,70.46215942028985,3.9063215118091867,68.476,94.479,3.5051594202898624,55,0.9474734260690925,Outlier
VET,Ferrari,57,68.582,Soft,42,2,12,24.0,34.4,False,True,17.633,30.179,20.77,1.625,False,3.0,69.16907142857143,4.180349636308014,67.082,96.112,2.212071428571434,57,0.9430077350902282,Outlier
OCO,Force India,56,70.044,Soft,41,2,12,24.0,34.4,False,True,17.638,31.117,21.289,3.0870000000000033,False,6.0,70.60328985507248,3.8355242033845207,68.85,95.36,3.64628985507247,57,0.9484741360821188,Outlier
PER,Force India,56,68.906,Soft,29,2,12,24.0,34.4,False,True,17.276,30.589,21.041,1.9490000000000123,False,7.0,70.60995652173914,4.168098432402896,68.504,97.598,3.6529565217391373,54,0.9442604058776469,Outlier
GAS,Toro Rosso,56,69.728,Soft,41,2,21,24.0,34.4,False,True,17.438,30.975,21.315,2.771000000000001,False,11.0,70.97336231884059,3.74627633151756,69.295,94.972,4.016362318840587,58,0.9498622263278357,Outlier
LEC,Sauber,56,69.478,Soft,41,2,21,24.0,34.4,False,True,17.504,30.762,21.212,2.521000000000001,False,9.0,70.7419552238806,3.716159130040439,69.006,94.254,3.7849552238806026,57,0.9500906091661621,Outlier
ALO,McLaren,56,69.237,Soft,41,2,21,24.0,34.4,False,True,17.415,30.803,21.019,2.280000000000001,False,8.0,70.78363768115942,3.7589555298803483,68.661,93.71,3.826637681159427,58,0.9495730512186737,Outlier
HAM,Mercedes,57,68.287,SUPERSOFT,5,3,21,24.0,34.4,False,True,17.243,30.487,20.557,1.3300000000000125,False,16.0,69.87947540983606,4.293702802192054,67.241,87.525,2.9224754098360712,47,0.9421124602491985,Outlier
ERI,Sauber,56,70.666,SUPERSOFT,11,2,21,24.0,34.4,False,True,17.804,31.91,20.952,3.709000000000003,False,10.0,70.8751304347826,3.731059815975028,68.216,93.576,3.9181304347826154,56,0.9499899431476849,Outlier
SAI,Renault,56,69.461,SUPERSOFT,22,3,21,24.0,34.4,False,True,17.536,30.907,21.018,2.504000000000005,False,12.0,71.06452173913044,4.636717571885547,68.766,95.806,4.1075217391304415,56,0.9387497798703697,Outlier
STR,Williams,56,70.435,Soft,41,2,21,24.0,34.4,False,True,17.973,31.081,21.381,3.4780000000000086,False,14.0,71.5492794117647,4.516556705389922,69.203,98.829,4.592279411764713,55,0.9406230584459279,Outlier
SIR,Williams,56,70.69,Soft,32,2,21,24.0,34.4,False,True,17.516,31.517,21.657,3.733000000000004,False,13.0,71.62763235294118,4.614235293136902,68.971,95.433,4.670632352941182,53,0.939478983980867,Outlier
VAN,McLaren,55,70.539,Soft,15,3,21,24.0,34.4,False,True,17.347,31.459,21.733,3.582000000000008,False,15.0,72.42578125,6.886707173782013,68.894,113.141,5.468781250000006,49,0.9131699520385111,Outlier
GRO,Haas F1 Team,57,69.354,Soft,42,2,21,23.9,35.4,False,True,17.505,30.801,21.048,2.3970000000000056,False,4.0,70.44791304347827,3.956190854921268,69.071,93.593,3.4909130434782667,55,0.9468283246805373,Outlier
VER,Red Bull Racing,58,67.941,Soft,43,2,21,23.9,35.4,False,True,17.218,30.083,20.64,0.9840000000000089,False,1.0,69.15421428571429,3.809326951441864,67.442,93.857,2.1972142857142924,56,0.9477913641957116,Outlier
RAI,Ferrari,58,67.39,Soft,43,2,1,23.9,35.4,False,True,17.079,29.821,20.49,0.43300000000000693,True,2.0,69.16844285714286,3.88184988261783,66.957,93.64,2.2114428571428633,57,0.9468605841670369,Strong
VET,Ferrari,58,67.301,Soft,43,2,1,23.9,35.4,False,True,16.884,29.947,20.47,0.3440000000000083,True,3.0,69.16907142857143,4.180349636308014,67.082,96.112,2.212071428571434,57,0.9430077350902282,Strong
MAG,Haas F1 Team,57,70.195,Soft,29,2,1,23.9,35.4,False,True,17.672,31.246,21.277,3.2379999999999995,True,5.0,70.46215942028985,3.9063215118091867,68.476,94.479,3.5051594202898624,55,0.9474734260690925,Normal
OCO,Force India,57,69.223,Soft,42,2,1,23.9,35.4,False,True,17.253,30.702,21.268,2.2660000000000053,True,6.0,70.60328985507248,3.8355242033845207,68.85,95.36,3.64628985507247,57,0.9484741360821188,Normal
PER,Force India,57,68.618,Soft,30,2,1,23.9,35.4,False,True,17.143,30.436,21.039,1.6610000000000014,True,7.0,70.60995652173914,4.168098432402896,68.504,97.598,3.6529565217391373,54,0.9442604058776469,Normal
GAS,Toro Rosso,57,69.516,Soft,42,2,1,23.9,35.4,False,True,17.464,30.879,21.173,2.5590000000000117,True,11.0,70.97336231884059,3.74627633151756,69.295,94.972,4.016362318840587,58,0.9498622263278357,Normal
LEC,Sauber,57,69.674,Soft,42,2,1,23.9,35.4,False,True,17.405,30.833,21.436,2.717000000000013,True,9.0,70.7419552238806,3.716159130040439,69.006,94.254,3.7849552238806026,57,0.9500906091661621,Normal
HAM,Mercedes,58,67.241,SUPERSOFT,6,3,1,23.9,35.4,False,True,16.852,29.85,20.539,0.284000000000006,True,16.0,69.87947540983606,4.293702802192054,67.241,87.525,2.9224754098360712,47,0.9421124602491985,Peak
ALO,McLaren,57,70.086,Soft,42,2,1,23.9,35.4,False,True,17.333,31.566,21.187,3.129000000000005,True,8.0,70.78363768115942,3.7589555298803483,68.661,93.71,3.826637681159427,58,0.9495730512186737,Normal
ERI,Sauber,57,68.54,SUPERSOFT,12,2,1,23.9,35.4,False,True,17.281,30.349,20.91,1.5830000000000126,True,10.0,70.8751304347826,3.731059815975028,68.216,93.576,3.9181304347826154,56,0.9499899431476849,Normal
SAI,Renault,57,69.432,SUPERSOFT,23,3,1,23.9,35.4,False,True,17.506,30.774,21.152,2.4750000000000085,True,12.0,71.06452173913044,4.636717571885547,68.766,95.806,4.1075217391304415,56,0.9387497798703697,Normal
STR,Williams,57,69.549,Soft,42,2,1,23.9,35.4,False,True,17.511,30.923,21.115,2.592000000000013,True,14.0,71.5492794117647,4.516556705389922,69.203,98.829,4.592279411764713,55,0.9406230584459279,Normal
SIR,Williams,57,70.674,Soft,33,2,1,23.9,35.3,False,True,17.556,31.505,21.613,3.717000000000013,True,13.0,71.62763235294118,4.614235293136902,68.971,95.433,4.670632352941182,53,0.939478983980867,Normal
VAN,McLaren,56,70.6,Soft,16,3,1,23.9,35.3,False,True,17.096,31.972,21.532,3.6430000000000007,True,15.0,72.42578125,6.886707173782013,68.894,113.141,5.468781250000006,49,0.9131699520385111,Normal
GRO,Haas F1 Team,58,69.497,Soft,43,2,1,23.9,35.3,False,True,17.457,30.804,21.236,2.5400000000000063,True,4.0,70.44791304347827,3.956190854921268,69.071,93.593,3.4909130434782667,55,0.9468283246805373,Normal
VER,Red Bull Racing,59,67.825,Soft,44,2,1,23.9,35.3,False,True,17.142,30.051,20.632,0.8680000000000092,True,1.0,69.15421428571429,3.809326951441864,67.442,93.857,2.1972142857142924,56,0.9477913641957116,Strong
RAI,Ferrari,59,67.743,Soft,44,2,1,23.9,35.3,False,True,17.156,30.066,20.521,0.7860000000000014,True,2.0,69.16844285714286,3.88184988261783,66.957,93.64,2.2114428571428633,57,0.9468605841670369,Strong
VET,Ferrari,59,67.666,Soft,44,2,1,23.9,35.3,False,True,17.126,29.993,20.547,0.7090000000000032,True,3.0,69.16907142857143,4.180349636308014,67.082,96.112,2.212071428571434,57,0.9430077350902282,Strong
MAG,Haas F1 Team,58,69.465,Soft,30,2,1,23.9,35.3,False,True,17.411,30.794,21.26,2.5080000000000098,True,5.0,70.46215942028985,3.9063215118091867,68.476,94.479,3.5051594202898624,55,0.9474734260690925,Normal
OCO,Force India,58,69.317,Soft,43,2,1,23.9,35.3,False,True,17.253,30.777,21.287,2.3599999999999994,True,6.0,70.60328985507248,3.8355242033845207,68.85,95.36,3.64628985507247,57,0.9484741360821188,Normal
PER,Force India,58,68.829,Soft,31,2,1,23.9,35.3,False,True,17.178,30.499,21.152,1.8719999999999999,True,7.0,70.60995652173914,4.168098432402896,68.504,97.598,3.6529565217391373,54,0.9442604058776469,Normal
GAS,Toro Rosso,58,69.584,Soft,43,2,1,23.9,35.3,False,True,17.464,30.864,21.256,2.6270000000000095,True,11.0,70.97336231884059,3.74627633151756,69.295,94.972,4.016362318840587,58,0.9498622263278357,Normal
HAM,Mercedes,59,67.591,SUPERSOFT,7,3,1,23.9,35.3,False,True,16.913,29.998,20.68,0.6340000000000003,True,16.0,69.87947540983606,4.293702802192054,67.241,87.525,2.9224754098360712,47,0.9421124602491985,Strong
LEC,Sauber,58,69.962,Soft,43,2,1,23.9,35.3,False,True,17.791,30.994,21.177,3.0050000000000097,True,9.0,70.7419552238806,3.716159130040439,69.006,94.254,3.7849552238806026,57,0.9500906091661621,Normal
ALO,McLaren,58,69.2,Soft,43,2,1,23.9,35.3,False,True,17.382,30.781,21.037,2.243000000000009,True,8.0,70.78363768115942,3.7589555298803483,68.661,93.71,3.826637681159427,58,0.9495730512186737,Normal
ERI,Sauber,58,69.126,SUPERSOFT,13,2,1,23.9,35.3,False,True,17.298,30.808,21.02,2.169000000000011,True,10.0,70.8751304347826,3.731059815975028,68.216,93.576,3.9181304347826154,56,0.9499899431476849,Normal
SAI,Renault,58,69.162,SUPERSOFT,24,3,1,23.9,35.3,False,True,17.476,30.696,20.99,2.2050000000000125,True,12.0,71.06452173913044,4.636717571885547,68.766,95.806,4.1075217391304415,56,0.9387497798703697,Normal
STR,Williams,58,69.931,Soft,43,2,1,24.0,35.5,False,True,17.446,31.045,21.44,2.9740000000000038,True,14.0,71.5492794117647,4.516556705389922,69.203,98.829,4.592279411764713,55,0.9406230584459279,Normal
VAN,McLaren,57,69.463,Soft,17,3,1,24.0,35.5,False,True,17.163,31.101,21.199,2.5060000000000002,True,15.0,72.42578125,6.886707173782013,68.894,113.141,5.468781250000006,49,0.9131699520385111,Normal
SIR,Williams,58,71.627,Soft,34,2,1,24.0,35.5,False,True,17.503,32.286,21.838,4.670000000000002,True,13.0,71.62763235294118,4.614235293136902,68.971,95.433,4.670632352941182,53,0.939478983980867,Normal
GRO,Haas F1 Team,59,69.641,Soft,44,2,1,24.0,35.5,False,True,17.522,30.878,21.241,2.6840000000000117,True,4.0,70.44791304347827,3.956190854921268,69.071,93.593,3.4909130434782667,55,0.9468283246805373,Normal
VER,Red Bull Racing,60,67.703,Soft,45,2,1,24.0,35.5,False,True,17.206,29.965,20.532,0.7460000000000093,True,1.0,69.15421428571429,3.809326951441864,67.442,93.857,2.1972142857142924,56,0.9477913641957116,Strong
RAI,Ferrari,60,67.443,Soft,45,2,1,24.0,35.5,False,True,17.141,29.849,20.453,0.4860000000000042,True,2.0,69.16844285714286,3.88184988261783,66.957,93.64,2.2114428571428633,57,0.9468605841670369,Strong
VET,Ferrari,60,67.379,Soft,45,2,1,24.0,35.5,False,True,17.079,29.767,20.533,0.42200000000001125,True,3.0,69.16907142857143,4.180349636308014,67.082,96.112,2.212071428571434,57,0.9430077350902282,Strong
MAG,Haas F1 Team,59,69.375,Soft,31,2,1,24.0,35.5,False,True,17.44,30.713,21.222,2.4180000000000064,True,5.0,70.46215942028985,3.9063215118091867,68.476,94.479,3.5051594202898624,55,0.9474734260690925,Normal
OCO,Force India,59,69.425,Soft,44,2,1,24.0,35.5,False,True,17.268,30.863,21.294,2.4680000000000035,True,6.0,70.60328985507248,3.8355242033845207,68.85,95.36,3.64628985507247,57,0.9484741360821188,Normal
PER,Force India,59,69.119,Soft,32,2,1,24.0,35.5,False,True,16.913,30.827,21.379,2.162000000000006,True,7.0,70.60995652173914,4.168098432402896,68.504,97.598,3.6529565217391373,54,0.9442604058776469,Normal
HAM,Mercedes,60,67.996,SUPERSOFT,8,3,1,24.0,35.5,False,True,16.791,30.414,20.791,1.0390000000000015,True,16.0,69.87947540983606,4.293702802192054,67.241,87.525,2.9224754098360712,47,0.9421124602491985,Normal
GAS,Toro Rosso,59,70.805,Soft,44,2,1,24.0,35.5,False,True,17.462,31.921,21.422,3.848000000000013,True,11.0,70.97336231884059,3.74627633151756,69.295,94.972,4.016362318840587,58,0.9498622263278357,Normal
LEC,Sauber,59,69.275,Soft,44,2,1,24.0,35.5,False,True,17.374,30.819,21.082,2.318000000000012,True,9.0,70.7419552238806,3.716159130040439,69.006,94.254,3.7849552238806026,57,0.9500906091661621,Normal
ALO,McLaren,59,69.009,Soft,44,2,1,24.0,35.5,False,True,17.303,30.724,20.982,2.0520000000000067,True,8.0,70.78363768115942,3.7589555298803483,68.661,93.71,3.826637681159427,58,0.9495730512186737,Normal
ERI,Sauber,59,68.732,SUPERSOFT,14,2,1,24.0,35.5,False,True,17.115,30.657,20.96,1.7750000000000057,True,10.0,70.8751304347826,3.731059815975028,68.216,93.576,3.9181304347826154,56,0.9499899431476849,Normal
SAI,Renault,59,69.261,SUPERSOFT,25,3,1,24.2,35.0,False,True,17.493,30.676,21.092,2.304000000000002,True,12.0,71.06452173913044,4.636717571885547,68.766,95.806,4.1075217391304415,56,0.9387497798703697,Normal
STR,Williams,59,69.922,Soft,44,2,1,24.2,35.0,False,True,17.502,31.035,21.385,2.9650000000000034,True,14.0,71.5492794117647,4.516556705389922,69.203,98.829,4.592279411764713,55,0.9406230584459279,Normal
VAN,McLaren,58,69.178,Soft,18,3,1,24.2,35.0,False,True,17.529,30.688,20.961,2.2210000000000036,True,15.0,72.42578125,6.886707173782013,68.894,113.141,5.468781250000006,49,0.9131699520385111,Normal
SIR,Williams,59,70.128,Soft,35,2,1,24.2,35.0,False,True,17.525,31.021,21.582,3.1710000000000065,True,13.0,71.62763235294118,4.614235293136902,68.971,95.433,4.670632352941182,53,0.939478983980867,Normal
VER,Red Bull Racing,61,67.925,Soft,46,2,1,24.2,35.0,False,True,17.108,30.126,20.691,0.9680000000000035,True,1.0,69.15421428571429,3.809326951441864,67.442,93.857,2.1972142857142924,56,0.9477913641957116,Strong
GRO,Haas F1 Team,60,71.192,Soft,45,2,1,24.2,35.0,False,True,17.543,30.872,22.777,4.234999999999999,True,4.0,70.44791304347827,3.956190854921268,69.071,93.593,3.4909130434782667,55,0.9468283246805373,Normal
RAI,Ferrari,61,67.649,Soft,46,2,1,24.2,35.0,False,True,17.19,29.987,20.472,0.6920000000000073,True,2.0,69.16844285714286,3.88184988261783,66.957,93.64,2.2114428571428633,57,0.9468605841670369,Strong
VET,Ferrari,61,67.684,Soft,46,2,1,24.2,35.0,False,True,17.182,29.947,20.555,0.7270000000000039,True,3.0,69.16907142857143,4.180349636308014,67.082,96.112,2.212071428571434,57,0.9430077350902282,Strong
MAG,Haas F1 Team,60,69.36,Soft,32,2,1,24.2,35.0,False,True,17.501,30.684,21.175,2.403000000000006,True,5.0,70.46215942028985,3.9063215118091867,68.476,94.479,3.5051594202898624,55,0.9474734260690925,Normal
PER,Force India,60,68.59,Soft,33,2,1,24.2,35.0,False,True,16.989,30.613,20.988,1.6330000000000098,True,7.0,70.60995652173914,4.168098432402896,68.504,97.598,3.6529565217391373,54,0.9442604058776469,Normal
OCO,Force India,60,70.513,Soft,45,2,1,24.2,35.0,False,True,17.414,31.699,21.4,3.5560000000000116,True,6.0,70.60328985507248,3.8355242033845207,68.85,95.36,3.64628985507247,57,0.9484741360821188,Normal
HAM,Mercedes,61,68.204,SUPERSOFT,9,3,1,24.1,35.6,False,True,17.171,30.284,20.749,1.2469999999999999,True,16.0,69.87947540983606,4.293702802192054,67.241,87.525,2.9224754098360712,47,0.9421124602491985,Normal
GAS,Toro Rosso,60,69.65,Soft,45,2,1,24.1,35.6,False,True,17.487,30.918,21.245,2.693000000000012,True,11.0,70.97336231884059,3.74627633151756,69.295,94.972,4.016362318840587,58,0.9498622263278357,Normal
LEC,Sauber,60,69.464,Soft,45,2,1,24.1,35.6,False,True,17.439,30.863,21.162,2.507000000000005,True,9.0,70.7419552238806,3.716159130040439,69.006,94.254,3.7849552238806026,57,0.9500906091661621,Normal
ALO,McLaren,60,69.16,Soft,45,2,1,24.1,35.6,False,True,17.105,30.865,21.19,2.203000000000003,True,8.0,70.78363768115942,3.7589555298803483,68.661,93.71,3.826637681159427,58,0.9495730512186737,Normal
ERI,Sauber,60,69.873,SUPERSOFT,15,2,1,24.1,35.6,False,True,16.994,30.92,21.959,2.916000000000011,True,10.0,70.8751304347826,3.731059815975028,68.216,93.576,3.9181304347826154,56,0.9499899431476849,Normal
SAI,Renault,60,69.116,SUPERSOFT,26,3,1,24.1,35.6,False,True,17.47,30.563,21.083,2.159000000000006,True,12.0,71.06452173913044,4.636717571885547,68.766,95.806,4.1075217391304415,56,0.9387497798703697,Normal
STR,Williams,60,69.903,Soft,45,2,1,24.1,35.6,False,True,17.505,30.954,21.444,2.946000000000012,True,14.0,71.5492794117647,4.516556705389922,69.203,98.829,4.592279411764713,55,0.9406230584459279,Normal
VAN,McLaren,59,69.245,Soft,19,3,1,24.1,35.6,False,True,17.523,30.641,21.081,2.288000000000011,True,15.0,72.42578125,6.886707173782013,68.894,113.141,5.468781250000006,49,0.9131699520385111,Normal
SIR,Williams,60,74.381,Soft,36,2,1,24.1,35.6,False,True,17.583,31.388,25.41,7.424000000000007,False,13.0,71.62763235294118,4.614235293136902,68.971,95.433,4.670632352941182,53,0.939478983980867,Outlier
VER,Red Bull Racing,62,67.861,Soft,47,2,1,24.1,35.6,False,True,17.185,30.086,20.59,0.9040000000000106,True,1.0,69.15421428571429,3.809326951441864,67.442,93.857,2.1972142857142924,56,0.9477913641957116,Strong
GRO,Haas F1 Team,61,70.085,Soft,46,2,1,24.1,35.6,False,True,17.354,31.14,21.591,3.128,True,4.0,70.44791304347827,3.956190854921268,69.071,93.593,3.4909130434782667,55,0.9468283246805373,Normal
RAI,Ferrari,62,68.252,Soft,47,2,1,24.1,35.6,False,True,17.071,30.4,20.781,1.2950000000000017,True,2.0,69.16844285714286,3.88184988261783,66.957,93.64,2.2114428571428633,57,0.9468605841670369,Normal
VET,Ferrari,62,67.586,Soft,47,2,1,24.1,35.6,False,True,17.09,29.977,20.519,0.6290000000000049,True,3.0,69.16907142857143,4.180349636308014,67.082,96.112,2.212071428571434,57,0.9430077350902282,Strong
MAG,Haas F1 Team,61,68.813,Soft,33,2,1,24.1,35.6,False,True,17.43,30.508,20.875,1.8560000000000088,True,5.0,70.46215942028985,3.9063215118091867,68.476,94.479,3.5051594202898624,55,0.9474734260690925,Normal
PER,Force India,61,68.845,Soft,34,2,1,24.1,35.6,False,True,17.213,30.585,21.047,1.8880000000000052,True,7.0,70.60995652173914,4.168098432402896,68.504,97.598,3.6529565217391373,54,0.9442604058776469,Normal
OCO,Force India,61,69.355,Soft,46,2,1,24.1,35.6,False,True,17.249,30.893,21.213,2.3980000000000103,True,6.0,70.60328985507248,3.8355242033845207,68.85,95.36,3.64628985507247,57,0.9484741360821188,Normal
HAM,Mercedes,62,68.439,SUPERSOFT,10,3,1,23.8,34.9,False,True,17.141,30.408,20.89,1.4819999999999993,True,16.0,69.87947540983606,4.293702802192054,67.241,87.525,2.9224754098360712,47,0.9421124602491985,Normal
GAS,Toro Rosso,61,70.012,Soft,46,2,1,23.8,34.9,False,True,17.509,31.256,21.247,3.055000000000007,True,11.0,70.97336231884059,3.74627633151756,69.295,94.972,4.016362318840587,58,0.9498622263278357,Normal
ALO,McLaren,61,69.044,Soft,46,2,1,23.8,34.9,False,True,16.96,31.017,21.067,2.0870000000000033,True,8.0,70.78363768115942,3.7589555298803483,68.661,93.71,3.826637681159427,58,0.9495730512186737,Normal
LEC,Sauber,61,70.646,Soft,46,2,1,23.8,34.9,False,True,17.413,31.985,21.248,3.689000000000007,True,9.0,70.7419552238806,3.716159130040439,69.006,94.254,3.7849552238806026,57,0.9500906091661621,Normal
ERI,Sauber,61,69.511,SUPERSOFT,16,2,1,23.8,34.9,False,True,17.643,31.016,20.852,2.554000000000002,True,10.0,70.8751304347826,3.731059815975028,68.216,93.576,3.9181304347826154,56,0.9499899431476849,Normal
SAI,Renault,61,69.851,SUPERSOFT,27,3,1,23.8,34.9,False,True,17.569,30.913,21.369,2.8940000000000055,True,12.0,71.06452173913044,4.636717571885547,68.766,95.806,4.1075217391304415,56,0.9387497798703697,Normal
STR,Williams,61,70.076,Soft,46,2,1,23.8,34.9,False,True,17.562,31.069,21.445,3.1189999999999998,True,14.0,71.5492794117647,4.516556705389922,69.203,98.829,4.592279411764713,55,0.9406230584459279,Normal
VAN,McLaren,60,69.379,Soft,20,3,12,23.8,34.9,False,True,17.583,30.701,21.095,2.4220000000000113,False,15.0,72.42578125,6.886707173782013,68.894,113.141,5.468781250000006,49,0.9131699520385111,Outlier
VER,Red Bull Racing,63,67.828,Soft,48,2,12,23.8,34.9,False,True,17.214,30.002,20.612,0.8710000000000093,False,1.0,69.15421428571429,3.809326951441864,67.442,93.857,2.1972142857142924,56,0.9477913641957116,Outlier
RAI,Ferrari,63,67.724,Soft,48,2,12,23.8,34.9,False,True,17.292,29.941,20.491,0.7670000000000101,False,2.0,69.16844285714286,3.88184988261783,66.957,93.64,2.2114428571428633,57,0.9468605841670369,Outlier
VET,Ferrari,63,67.675,Soft,48,2,12,23.8,34.9,False,True,17.111,29.94,20.624,0.7180000000000035,False,3.0,69.16907142857143,4.180349636308014,67.082,96.112,2.212071428571434,57,0.9430077350902282,Outlier
GRO,Haas F1 Team,62,72.458,Soft,47,2,12,23.8,34.9,False,True,19.756,31.526,21.176,5.501000000000005,False,4.0,70.44791304347827,3.956190854921268,69.071,93.593,3.4909130434782667,55,0.9468283246805373,Outlier
MAG,Haas F1 Team,62,68.802,Soft,34,2,12,23.3,36.3,False,True,17.378,30.463,20.961,1.845000000000013,False,5.0,70.46215942028985,3.9063215118091867,68.476,94.479,3.5051594202898624,55,0.9474734260690925,Outlier
PER,Force India,62,68.623,Soft,35,2,12,23.3,36.3,False,True,17.157,30.393,21.073,1.666000000000011,False,7.0,70.60995652173914,4.168098432402896,68.504,97.598,3.6529565217391373,54,0.9442604058776469,Outlier
OCO,Force India,62,69.155,Soft,47,2,12,23.3,36.3,False,True,17.237,30.773,21.145,2.1980000000000075,False,6.0,70.60328985507248,3.8355242033845207,68.85,95.36,3.64628985507247,57,0.9484741360821188,Outlier
SIR,Williams,61,90.963,ULTRASOFT,1,3,12,23.3,36.3,False,True,37.876,31.428,21.659,24.006,False,13.0,71.62763235294118,4.614235293136902,68.971,95.433,4.670632352941182,53,0.939478983980867,Outlier
GAS,Toro Rosso,62,70.584,Soft,47,2,12,23.3,36.3,False,True,17.474,31.594,21.516,3.6270000000000095,False,11.0,70.97336231884059,3.74627633151756,69.295,94.972,4.016362318840587,58,0.9498622263278357,Outlier
ALO,McLaren,62,70.194,Soft,47,2,12,23.3,36.3,False,True,17.012,31.666,21.516,3.237000000000009,False,8.0,70.78363768115942,3.7589555298803483,68.661,93.71,3.826637681159427,58,0.9495730512186737,Outlier
LEC,Sauber,62,69.939,Soft,47,2,12,23.3,36.3,False,True,17.051,31.384,21.504,2.9819999999999993,False,9.0,70.7419552238806,3.716159130040439,69.006,94.254,3.7849552238806026,57,0.9500906091661621,Outlier
ERI,Sauber,62,69.392,SUPERSOFT,17,2,12,23.3,36.3,False,True,17.274,30.818,21.3,2.4350000000000023,False,10.0,70.8751304347826,3.731059815975028,68.216,93.576,3.9181304347826154,56,0.9499899431476849,Outlier
SAI,Renault,62,69.626,SUPERSOFT,28,3,12,23.3,36.3,False,True,17.468,31.09,21.068,2.669000000000011,False,12.0,71.06452173913044,4.636717571885547,68.766,95.806,4.1075217391304415,56,0.9387497798703697,Outlier
STR,Williams,62,70.232,Soft,47,2,12,23.3,36.3,False,True,17.515,31.227,21.49,3.2750000000000057,False,14.0,71.5492794117647,4.516556705389922,69.203,98.829,4.592279411764713,55,0.9406230584459279,Outlier
VAN,McLaren,61,69.397,Soft,21,3,21,23.3,36.3,False,True,17.565,30.767,21.065,2.440000000000012,False,15.0,72.42578125,6.886707173782013,68.894,113.141,5.468781250000006,49,0.9131699520385111,Outlier
VER,Red Bull Racing,64,68.359,Soft,49,2,12,23.3,36.3,False,True,17.254,30.528,20.577,1.402000000000001,False,1.0,69.15421428571429,3.809326951441864,67.442,93.857,2.1972142857142924,56,0.9477913641957116,Outlier
RAI,Ferrari,64,68.071,Soft,49,2,12,23.3,36.3,False,True,17.214,30.449,20.408,1.1140000000000043,False,2.0,69.16844285714286,3.88184988261783,66.957,93.64,2.2114428571428633,57,0.9468605841670369,Outlier
VET,Ferrari,64,68.066,Soft,49,2,12,23.3,37.4,False,True,17.129,30.374,20.563,1.1090000000000089,False,3.0,69.16907142857143,4.180349636308014,67.082,96.112,2.212071428571434,57,0.9430077350902282,Outlier
GRO,Haas F1 Team,63,70.161,Soft,48,2,12,23.3,37.4,False,True,17.507,31.564,21.09,3.2040000000000077,False,4.0,70.44791304347827,3.956190854921268,69.071,93.593,3.4909130434782667,55,0.9468283246805373,Outlier
MAG,Haas F1 Team,63,69.052,Soft,35,2,12,23.3,37.4,False,True,17.576,30.679,20.797,2.095000000000013,False,5.0,70.46215942028985,3.9063215118091867,68.476,94.479,3.5051594202898624,55,0.9474734260690925,Outlier
PER,Force India,63,68.758,Soft,36,2,12,23.3,37.4,False,True,17.189,30.619,20.95,1.801000000000002,False,7.0,70.60995652173914,4.168098432402896,68.504,97.598,3.6529565217391373,54,0.9442604058776469,Outlier
OCO,Force India,63,70.044,Soft,48,2,12,23.3,37.4,False,True,17.294,31.421,21.329,3.0870000000000033,False,6.0,70.60328985507248,3.8355242033845207,68.85,95.36,3.64628985507247,57,0.9484741360821188,Outlier
SIR,Williams,62,69.88,ULTRASOFT,2,3,12,23.3,37.4,False,True,17.501,31.038,21.341,2.923000000000002,False,13.0,71.62763235294118,4.614235293136902,68.971,95.433,4.670632352941182,53,0.939478983980867,Outlier
GAS,Toro Rosso,63,70.845,Soft,48,2,12,23.3,37.4,False,True,17.495,31.952,21.398,3.8880000000000052,False,11.0,70.97336231884059,3.74627633151756,69.295,94.972,4.016362318840587,58,0.9498622263278357,Outlier
ALO,McLaren,63,70.88,Soft,48,2,12,23.3,37.4,False,True,17.11,32.153,21.617,3.923000000000002,False,8.0,70.78363768115942,3.7589555298803483,68.661,93.71,3.826637681159427,58,0.9495730512186737,Outlier
LEC,Sauber,63,70.798,Soft,48,2,12,23.3,37.4,False,True,17.134,31.866,21.798,3.841000000000008,False,9.0,70.7419552238806,3.716159130040439,69.006,94.254,3.7849552238806026,57,0.9500906091661621,Outlier
ERI,Sauber,63,70.888,SUPERSOFT,18,2,12,23.3,37.4,False,True,17.188,31.739,21.961,3.9310000000000116,False,10.0,70.8751304347826,3.731059815975028,68.216,93.576,3.9181304347826154,56,0.9499899431476849,Outlier
SAI,Renault,63,69.923,SUPERSOFT,29,3,21,23.3,37.4,False,True,17.522,31.102,21.299,2.966000000000008,False,12.0,71.06452173913044,4.636717571885547,68.766,95.806,4.1075217391304415,56,0.9387497798703697,Outlier
STR,Williams,63,70.492,Soft,48,2,21,23.3,37.4,False,True,17.543,31.566,21.383,3.535000000000011,False,14.0,71.5492794117647,4.516556705389922,69.203,98.829,4.592279411764713,55,0.9406230584459279,Outlier
VAN,McLaren,62,69.443,Soft,22,3,21,23.3,37.4,False,True,17.532,30.897,21.014,2.486000000000004,False,15.0,72.42578125,6.886707173782013,68.894,113.141,5.468781250000006,49,0.9131699520385111,Outlier
VER,Red Bull Racing,65,68.042,Soft,50,2,21,23.5,37.6,False,True,17.223,30.234,20.585,1.085000000000008,False,1.0,69.15421428571429,3.809326951441864,67.442,93.857,2.1972142857142924,56,0.9477913641957116,Outlier
RAI,Ferrari,65,67.802,Soft,50,2,21,23.5,37.6,False,True,17.139,30.366,20.297,0.8450000000000131,False,2.0,69.16844285714286,3.88184988261783,66.957,93.64,2.2114428571428633,57,0.9468605841670369,Outlier
VET,Ferrari,65,67.645,Soft,50,2,21,23.5,37.6,False,True,17.09,30.211,20.344,0.6880000000000024,False,3.0,69.16907142857143,4.180349636308014,67.082,96.112,2.212071428571434,57,0.9430077350902282,Outlier
GRO,Haas F1 Team,64,69.464,Soft,49,2,21,23.5,37.6,False,True,17.505,30.954,21.005,2.507000000000005,False,4.0,70.44791304347827,3.956190854921268,69.071,93.593,3.4909130434782667,55,0.9468283246805373,Outlier
MAG,Haas F1 Team,64,68.627,Soft,36,2,21,23.5,37.6,False,True,17.339,30.419,20.869,1.6700000000000017,False,5.0,70.46215942028985,3.9063215118091867,68.476,94.479,3.5051594202898624,55,0.9474734260690925,Outlier
PER,Force India,64,68.547,Soft,37,2,21,23.5,37.6,False,True,17.126,30.476,20.945,1.5900000000000034,False,7.0,70.60995652173914,4.168098432402896,68.504,97.598,3.6529565217391373,54,0.9442604058776469,Outlier
OCO,Force India,64,68.85,Soft,49,2,21,23.5,37.6,False,True,17.324,30.604,20.922,1.8930000000000007,False,6.0,70.60328985507248,3.8355242033845207,68.85,95.36,3.64628985507247,57,0.9484741360821188,Outlier
SIR,Williams,63,69.197,ULTRASOFT,3,3,21,23.5,37.6,False,True,17.469,30.562,21.166,2.240000000000009,False,13.0,71.62763235294118,4.614235293136902,68.971,95.433,4.670632352941182,53,0.939478983980867,Outlier
ALO,McLaren,64,68.988,Soft,49,2,1,23.5,37.6,False,True,17.095,30.826,21.067,2.031000000000006,True,8.0,70.78363768115942,3.7589555298803483,68.661,93.71,3.826637681159427,58,0.9495730512186737,Normal
GAS,Toro Rosso,64,71.017,Soft,49,2,1,23.5,37.6,False,True,17.496,32.0,21.521,4.060000000000002,True,11.0,70.97336231884059,3.74627633151756,69.295,94.972,4.016362318840587,58,0.9498622263278357,Normal
LEC,Sauber,64,70.329,Soft,49,2,1,23.5,37.6,False,True,17.15,31.626,21.553,3.372,True,9.0,70.7419552238806,3.716159130040439,69.006,94.254,3.7849552238806026,57,0.9500906091661621,Normal
ERI,Sauber,64,70.288,SUPERSOFT,19,2,1,23.5,37.6,False,True,17.173,31.396,21.719,3.331000000000003,True,10.0,70.8751304347826,3.731059815975028,68.216,93.576,3.9181304347826154,56,0.9499899431476849,Normal
SAI,Renault,64,70.088,SUPERSOFT,30,3,1,23.5,37.6,False,True,17.401,31.056,21.631,3.1310000000000002,True,12.0,71.06452173913044,4.636717571885547,68.766,95.806,4.1075217391304415,56,0.9387497798703697,Normal
STR,Williams,64,69.961,Soft,49,2,1,23.6,38.5,False,True,17.438,31.098,21.425,3.004000000000005,True,14.0,71.5492794117647,4.516556705389922,69.203,98.829,4.592279411764713,55,0.9406230584459279,Normal
VAN,McLaren,63,68.894,Soft,23,3,1,23.6,38.5,False,True,17.363,30.514,21.017,1.9370000000000118,True,15.0,72.42578125,6.886707173782013,68.894,113.141,5.468781250000006,49,0.9131699520385111,Peak
VER,Red Bull Racing,66,67.634,Soft,51,2,1,23.6,38.5,False,True,17.097,29.983,20.554,0.6770000000000067,True,1.0,69.15421428571429,3.809326951441864,67.442,93.857,2.1972142857142924,56,0.9477913641957116,Strong
RAI,Ferrari,66,66.975,Soft,51,2,1,23.6,38.5,False,True,17.01,29.706,20.259,0.018000000000000682,True,2.0,69.16844285714286,3.88184988261783,66.957,93.64,2.2114428571428633,57,0.9468605841670369,Strong
VET,Ferrari,66,67.283,Soft,51,2,1,23.6,38.5,False,True,16.973,29.875,20.435,0.3260000000000076,True,3.0,69.16907142857143,4.180349636308014,67.082,96.112,2.212071428571434,57,0.9430077350902282,Strong
GRO,Haas F1 Team,65,69.325,Soft,50,2,1,23.6,38.5,False,True,17.397,30.853,21.075,2.368000000000009,True,4.0,70.44791304347827,3.956190854921268,69.071,93.593,3.4909130434782667,55,0.9468283246805373,Normal
MAG,Haas F1 Team,65,68.56,Soft,37,2,1,23.6,38.5,False,True,17.356,30.402,20.802,1.6030000000000086,True,5.0,70.46215942028985,3.9063215118091867,68.476,94.479,3.5051594202898624,55,0.9474734260690925,Normal
PER,Force India,65,68.583,Soft,38,2,1,23.6,38.5,False,True,17.022,30.583,20.978,1.6260000000000048,True,7.0,70.60995652173914,4.168098432402896,68.504,97.598,3.6529565217391373,54,0.9442604058776469,Normal
OCO,Force India,65,69.396,Soft,50,2,1,23.6,38.5,False,True,17.25,30.869,21.277,2.439000000000007,True,6.0,70.60328985507248,3.8355242033845207,68.85,95.36,3.64628985507247,57,0.9484741360821188,Normal
SIR,Williams,64,68.971,ULTRASOFT,4,3,1,23.6,38.5,False,True,17.157,30.672,21.142,2.01400000000001,True,13.0,71.62763235294118,4.614235293136902,68.971,95.433,4.670632352941182,53,0.939478983980867,Peak
ALO,McLaren,65,69.474,Soft,50,2,1,23.6,38.5,False,True,17.451,30.952,21.071,2.51700000000001,True,8.0,70.78363768115942,3.7589555298803483,68.661,93.71,3.826637681159427,58,0.9495730512186737,Normal
LEC,Sauber,65,69.51,Soft,50,2,1,23.6,38.5,False,True,17.19,31.294,21.026,2.5530000000000115,True,9.0,70.7419552238806,3.716159130040439,69.006,94.254,3.7849552238806026,57,0.9500906091661621,Normal
ERI,Sauber,65,69.74,SUPERSOFT,20,2,1,23.6,38.5,False,True,16.866,31.667,21.207,2.7830000000000013,True,10.0,70.8751304347826,3.731059815975028,68.216,93.576,3.9181304347826154,56,0.9499899431476849,Normal
GAS,Toro Rosso,65,72.45,Soft,50,2,1,23.6,38.5,False,True,17.346,32.982,22.122,5.493000000000009,True,11.0,70.97336231884059,3.74627633151756,69.295,94.972,4.016362318840587,58,0.9498622263278357,Normal
SAI,Renault,65,70.036,SUPERSOFT,31,3,1,23.6,39.8,False,True,17.548,31.164,21.324,3.0790000000000077,True,12.0,71.06452173913044,4.636717571885547,68.766,95.806,4.1075217391304415,56,0.9387497798703697,Normal
VAN,McLaren,64,69.858,Soft,24,3,1,23.6,39.8,False,True,17.416,30.674,21.768,2.9010000000000105,True,15.0,72.42578125,6.886707173782013,68.894,113.141,5.468781250000006,49,0.9131699520385111,Normal
VER,Red Bull Racing,67,67.558,Soft,52,2,1,23.6,39.8,False,True,17.116,29.921,20.521,0.6010000000000133,True,1.0,69.15421428571429,3.809326951441864,67.442,93.857,2.1972142857142924,56,0.9477913641957116,Strong
STR,Williams,65,73.806,Soft,50,2,1,23.6,39.8,False,True,17.512,31.118,25.176,6.849000000000004,False,14.0,71.5492794117647,4.516556705389922,69.203,98.829,4.592279411764713,55,0.9406230584459279,Outlier
RAI,Ferrari,67,67.471,Soft,52,2,1,23.6,39.8,False,True,17.045,29.974,20.452,0.51400000000001,True,2.0,69.16844285714286,3.88184988261783,66.957,93.64,2.2114428571428633,57,0.9468605841670369,Strong
VET,Ferrari,67,67.082,Soft,52,2,1,23.6,39.8,False,True,16.902,29.839,20.341,0.125,True,3.0,69.16907142857143,4.180349636308014,67.082,96.112,2.212071428571434,57,0.9430077350902282,Peak
GRO,Haas F1 Team,66,69.091,Soft,51,2,1,23.6,39.8,False,True,17.433,30.658,21.0,2.1340000000000003,True,4.0,70.44791304347827,3.956190854921268,69.071,93.593,3.4909130434782667,55,0.9468283246805373,Normal
MAG,Haas F1 Team,66,68.537,Soft,38,2,1,23.6,39.8,False,True,17.299,30.407,20.831,1.5800000000000125,True,5.0,70.46215942028985,3.9063215118091867,68.476,94.479,3.5051594202898624,55,0.9474734260690925,Normal
PER,Force India,66,68.504,Soft,39,2,1,23.6,39.8,False,True,17.053,30.426,21.025,1.5470000000000113,True,7.0,70.60995652173914,4.168098432402896,68.504,97.598,3.6529565217391373,54,0.9442604058776469,Peak
OCO,Force India,66,69.183,Soft,51,2,1,23.6,39.8,False,True,17.225,30.724,21.234,2.2260000000000133,True,6.0,70.60328985507248,3.8355242033845207,68.85,95.36,3.64628985507247,57,0.9484741360821188,Normal
SIR,Williams,65,69.069,ULTRASOFT,5,3,1,23.6,39.8,False,True,17.253,30.658,21.158,2.112000000000009,True,13.0,71.62763235294118,4.614235293136902,68.971,95.433,4.670632352941182,53,0.939478983980867,Normal
ALO,McLaren,66,69.438,Soft,51,2,1,23.8,39.8,False,True,17.57,30.848,21.02,2.4810000000000088,True,8.0,70.78363768115942,3.7589555298803483,68.661,93.71,3.826637681159427,58,0.9495730512186737,Normal
LEC,Sauber,66,69.151,Soft,51,2,1,23.8,39.8,False,True,17.328,30.863,20.96,2.1940000000000026,True,9.0,70.7419552238806,3.716159130040439,69.006,94.254,3.7849552238806026,57,0.9500906091661621,Normal
ERI,Sauber,66,69.029,SUPERSOFT,21,2,1,23.8,39.8,False,True,17.004,30.956,21.069,2.0720000000000027,True,10.0,70.8751304347826,3.731059815975028,68.216,93.576,3.9181304347826154,56,0.9499899431476849,Normal
GAS,Toro Rosso,66,70.444,Soft,51,2,1,23.8,39.8,False,True,17.545,31.312,21.587,3.487000000000009,True,11.0,70.97336231884059,3.74627633151756,69.295,94.972,4.016362318840587,58,0.9498622263278357,Normal
SAI,Renault,66,69.537,SUPERSOFT,32,3,1,23.8,39.8,False,True,17.352,30.947,21.238,2.5800000000000125,True,12.0,71.06452173913044,4.636717571885547,68.766,95.806,4.1075217391304415,56,0.9387497798703697,Normal
VER,Red Bull Racing,68,67.469,Soft,53,2,1,23.8,39.8,False,True,16.946,29.983,20.54,0.5120000000000005,True,1.0,69.15421428571429,3.809326951441864,67.442,93.857,2.1972142857142924,56,0.9477913641957116,Strong
RAI,Ferrari,68,67.286,Soft,53,2,1,23.8,39.8,False,True,17.014,29.914,20.358,0.32900000000000773,True,2.0,69.16844285714286,3.88184988261783,66.957,93.64,2.2114428571428633,57,0.9468605841670369,Strong
VET,Ferrari,68,67.377,Soft,53,2,1,23.8,39.8,False,True,16.93,30.018,20.429,0.4200000000000017,True,3.0,69.16907142857143,4.180349636308014,67.082,96.112,2.212071428571434,57,0.9430077350902282,Strong
VAN,McLaren,65,84.589,Soft,25,3,1,23.8,39.8,False,True,17.235,34.002,33.352,17.632000000000005,False,15.0,72.42578125,6.886707173782013,68.894,113.141,5.468781250000006,49,0.9131699520385111,Outlier
GRO,Haas F1 Team,67,69.081,Soft,52,2,1,23.8,39.8,False,True,17.42,30.624,21.037,2.1240000000000094,True,4.0,70.44791304347827,3.956190854921268,69.071,93.593,3.4909130434782667,55,0.9468283246805373,Normal
MAG,Haas F1 Team,67,68.538,Soft,39,2,1,23.8,39.8,False,True,17.28,30.388,20.87,1.581000000000003,True,5.0,70.46215942028985,3.9063215118091867,68.476,94.479,3.5051594202898624,55,0.9474734260690925,Normal
STR,Williams,66,87.563,SUPERSOFT,1,3,1,23.8,39.8,False,True,35.172,31.268,21.123,20.60600000000001,False,14.0,71.5492794117647,4.516556705389922,69.203,98.829,4.592279411764713,55,0.9406230584459279,Outlier
PER,Force India,67,68.992,Soft,40,2,1,23.8,39.8,False,True,16.835,30.937,21.22,2.035000000000011,True,7.0,70.60995652173914,4.168098432402896,68.504,97.598,3.6529565217391373,54,0.9442604058776469,Normal
OCO,Force India,67,69.41,Soft,52,2,1,23.8,39.8,False,True,17.237,31.061,21.112,2.453000000000003,True,6.0,70.60328985507248,3.8355242033845207,68.85,95.36,3.64628985507247,57,0.9484741360821188,Normal
SIR,Williams,66,69.547,ULTRASOFT,6,3,1,23.8,39.8,False,True,17.245,30.973,21.329,2.5900000000000034,True,13.0,71.62763235294118,4.614235293136902,68.971,95.433,4.670632352941182,53,0.939478983980867,Normal
ALO,McLaren,67,69.167,Soft,52,2,1,24.1,38.2,False,True,17.381,30.801,20.985,2.210000000000008,True,8.0,70.78363768115942,3.7589555298803483,68.661,93.71,3.826637681159427,58,0.9495730512186737,Normal
ERI,Sauber,67,68.216,SUPERSOFT,22,2,1,24.1,38.2,False,True,17.002,30.484,20.73,1.2590000000000003,True,10.0,70.8751304347826,3.731059815975028,68.216,93.576,3.9181304347826154,56,0.9499899431476849,Peak
LEC,Sauber,67,70.251,Soft,52,2,1,24.1,38.2,False,True,17.37,31.691,21.19,3.294000000000011,True,9.0,70.7419552238806,3.716159130040439,69.006,94.254,3.7849552238806026,57,0.9500906091661621,Normal
GAS,Toro Rosso,67,70.316,Soft,52,2,1,24.1,38.2,False,True,17.487,31.206,21.623,3.359000000000009,True,11.0,70.97336231884059,3.74627633151756,69.295,94.972,4.016362318840587,58,0.9498622263278357,Normal
SAI,Renault,67,69.451,SUPERSOFT,33,3,1,24.1,38.2,False,True,17.424,30.8,21.227,2.4939999999999998,True,12.0,71.06452173913044,4.636717571885547,68.766,95.806,4.1075217391304415,56,0.9387497798703697,Normal
VER,Red Bull Racing,69,67.449,Soft,54,2,1,24.1,38.2,False,True,17.06,29.802,20.587,0.49200000000000443,True,1.0,69.15421428571429,3.809326951441864,67.442,93.857,2.1972142857142924,56,0.9477913641957116,Strong
RAI,Ferrari,69,67.293,Soft,54,2,1,24.1,38.2,False,True,17.142,29.883,20.268,0.33600000000001273,True,2.0,69.16844285714286,3.88184988261783,66.957,93.64,2.2114428571428633,57,0.9468605841670369,Strong
VET,Ferrari,69,67.18,Soft,54,2,1,24.1,38.2,False,True,17.03,29.878,20.272,0.2230000000000132,True,3.0,69.16907142857143,4.180349636308014,67.082,96.112,2.212071428571434,57,0.9430077350902282,Strong
GRO,Haas F1 Team,68,69.133,Soft,53,2,1,24.1,38.2,False,True,17.465,30.684,20.984,2.176000000000002,True,4.0,70.44791304347827,3.956190854921268,69.071,93.593,3.4909130434782667,55,0.9468283246805373,Normal
MAG,Haas F1 Team,68,68.566,Soft,40,2,1,24.1,38.2,False,True,17.34,30.419,20.807,1.6090000000000089,True,5.0,70.46215942028985,3.9063215118091867,68.476,94.479,3.5051594202898624,55,0.9474734260690925,Normal
PER,Force India,68,69.017,Soft,41,2,1,24.1,38.2,False,True,16.865,30.884,21.268,2.0600000000000023,True,7.0,70.60995652173914,4.168098432402896,68.504,97.598,3.6529565217391373,54,0.9442604058776469,Normal
STR,Williams,67,70.777,SUPERSOFT,2,3,1,24.1,38.2,False,True,17.311,32.054,21.412,3.8200000000000074,True,14.0,71.5492794117647,4.516556705389922,69.203,98.829,4.592279411764713,55,0.9406230584459279,Normal
OCO,Force India,68,69.176,Soft,53,2,1,24.0,36.3,False,True,17.322,30.752,21.102,2.2190000000000083,True,6.0,70.60328985507248,3.8355242033845207,68.85,95.36,3.64628985507247,57,0.9484741360821188,Normal
SIR,Williams,67,69.116,ULTRASOFT,7,3,1,24.0,36.3,False,True,17.293,30.632,21.191,2.159000000000006,True,13.0,71.62763235294118,4.614235293136902,68.971,95.433,4.670632352941182,53,0.939478983980867,Normal
ALO,McLaren,68,68.686,Soft,53,2,1,24.0,36.3,False,True,17.462,30.517,20.707,1.7290000000000134,True,8.0,70.78363768115942,3.7589555298803483,68.661,93.71,3.826637681159427,58,0.9495730512186737,Normal
ERI,Sauber,68,68.512,SUPERSOFT,23,2,1,24.0,36.3,False,True,17.3,30.535,20.677,1.5550000000000068,True,10.0,70.8751304347826,3.731059815975028,68.216,93.576,3.9181304347826154,56,0.9499899431476849,Normal
LEC,Sauber,68,69.006,Soft,53,2,1,24.0,36.3,False,True,17.358,30.685,20.963,2.0490000000000066,True,9.0,70.7419552238806,3.716159130040439,69.006,94.254,3.7849552238806026,57,0.9500906091661621,Peak
GAS,Toro Rosso,68,70.206,Soft,53,2,1,24.0,36.3,False,True,17.548,31.037,21.621,3.2490000000000094,True,11.0,70.97336231884059,3.74627633151756,69.295,94.972,4.016362318840587,58,0.9498622263278357,Normal
SAI,Renault,68,69.777,SUPERSOFT,34,3,1,24.0,36.3,False,True,17.468,30.907,21.402,2.8200000000000074,True,12.0,71.06452173913044,4.636717571885547,68.766,95.806,4.1075217391304415,56,0.9387497798703697,Normal
VER,Red Bull Racing,70,67.442,Soft,55,2,1,24.0,36.3,False,True,17.076,29.825,20.541,0.48499999999999943,True,1.0,69.15421428571429,3.809326951441864,67.442,93.857,2.1972142857142924,56,0.9477913641957116,Peak
RAI,Ferrari,70,67.217,Soft,55,2,1,24.0,36.3,False,True,17.034,29.862,20.321,0.2600000000000051,True,2.0,69.16844285714286,3.88184988261783,66.957,93.64,2.2114428571428633,57,0.9468605841670369,Strong
VET,Ferrari,70,67.198,Soft,55,2,1,24.0,36.3,False,True,17.084,29.824,20.29,0.24099999999999966,True,3.0,69.16907142857143,4.180349636308014,67.082,96.112,2.212071428571434,57,0.9430077350902282,Strong
GRO,Haas F1 Team,69,69.508,Soft,54,2,1,23.8,36.7,False,True,17.499,30.837,21.172,2.551000000000002,True,4.0,70.44791304347827,3.956190854921268,69.071,93.593,3.4909130434782667,55,0.9468283246805373,Normal
MAG,Haas F1 Team,69,68.613,Soft,41,2,1,23.8,36.7,False,True,17.351,30.482,20.78,1.656000000000006,True,5.0,70.46215942028985,3.9063215118091867,68.476,94.479,3.5051594202898624,55,0.9474734260690925,Normal
PER,Force India,69,69.666,Soft,42,2,1,23.8,36.7,False,True,17.148,30.848,21.67,2.709000000000003,True,7.0,70.60995652173914,4.168098432402896,68.504,97.598,3.6529565217391373,54,0.9442604058776469,Normal
STR,Williams,68,69.203,SUPERSOFT,3,3,1,23.8,36.7,False,True,16.955,30.92,21.328,2.2460000000000093,True,14.0,71.5492794117647,4.516556705389922,69.203,98.829,4.592279411764713,55,0.9406230584459279,Peak
OCO,Force India,69,69.212,Soft,54,2,1,23.8,36.7,False,True,17.334,30.667,21.211,2.2550000000000097,True,6.0,70.60328985507248,3.8355242033845207,68.85,95.36,3.64628985507247,57,0.9484741360821188,Normal
SIR,Williams,68,69.038,ULTRASOFT,8,3,1,23.8,36.7,False,True,17.215,30.609,21.214,2.081000000000003,True,13.0,71.62763235294118,4.614235293136902,68.971,95.433,4.670632352941182,53,0.939478983980867,Normal
ALO,McLaren,69,68.661,Soft,54,2,1,23.8,36.7,False,True,17.365,30.689,20.607,1.7040000000000077,True,8.0,70.78363768115942,3.7589555298803483,68.661,93.71,3.826637681159427,58,0.9495730512186737,Peak
ERI,Sauber,69,68.654,SUPERSOFT,24,2,1,23.8,36.7,False,True,17.301,30.581,20.772,1.6970000000000027,True,10.0,70.8751304347826,3.731059815975028,68.216,93.576,3.9181304347826154,56,0.9499899431476849,Normal
LEC,Sauber,69,69.161,Soft,54,2,1,23.8,36.7,False,True,17.368,30.685,21.108,2.2040000000000077,True,9.0,70.7419552238806,3.716159130040439,69.006,94.254,3.7849552238806026,57,0.9500906091661621,Normal
GAS,Toro Rosso,69,70.108,Soft,54,2,1,23.8,36.7,False,True,17.575,31.005,21.528,3.1510000000000105,True,11.0,70.97336231884059,3.74627633151756,69.295,94.972,4.016362318840587,58,0.9498622263278357,Normal
SAI,Renault,69,69.919,SUPERSOFT,35,3,1,23.8,36.7,False,True,17.556,30.894,21.469,2.9620000000000033,True,12.0,71.06452173913044,4.636717571885547,68.766,95.806,4.1075217391304415,56,0.9387497798703697,Normal
VER,Red Bull Racing,71,67.623,Soft,56,2,1,23.8,36.7,False,True,17.096,29.916,20.611,0.666000000000011,True,1.0,69.15421428571429,3.809326951441864,67.442,93.857,2.1972142857142924,56,0.9477913641957116,Strong
RAI,Ferrari,71,66.957,Soft,56,2,1,23.8,36.7,False,True,16.809,29.835,20.313,0.0,True,2.0,69.16844285714286,3.88184988261783,66.957,93.64,2.2114428571428633,57,0.9468605841670369,Peak
VET,Ferrari,71,67.183,Soft,56,2,1,23.8,36.7,False,True,17.014,29.779,20.39,0.2260000000000133,True,3.0,69.16907142857143,4.180349636308014,67.082,96.112,2.212071428571434,57,0.9430077350902282,Strong
GRO,Haas F1 Team,70,69.176,Soft,55,2,1,23.6,37.4,False,True,17.415,30.631,21.13,2.2190000000000083,True,4.0,70.44791304347827,3.956190854921268,69.071,93.593,3.4909130434782667,55,0.9468283246805373,Normal
MAG,Haas F1 Team,70,68.476,Soft,42,2,1,23.6,37.4,False,True,17.234,30.372,20.87,1.5190000000000055,True,5.0,70.46215942028985,3.9063215118091867,68.476,94.479,3.5051594202898624,55,0.9474734260690925,Peak
STR,Williams,69,69.229,SUPERSOFT,4,3,1,23.6,37.4,False,True,17.312,30.675,21.242,2.2720000000000056,True,14.0,71.5492794117647,4.516556705389922,69.203,98.829,4.592279411764713,55,0.9406230584459279,Normal
OCO,Force India,70,70.205,Soft,55,2,1,23.6,37.4,False,True,17.426,31.176,21.603,3.2480000000000047,True,6.0,70.60328985507248,3.8355242033845207,68.85,95.36,3.64628985507247,57,0.9484741360821188,Normal
PER,Force India,70,77.214,Soft,43,2,1,23.6,37.4,False,True,18.664,36.124,22.426,10.257000000000005,False,7.0,70.60995652173914,4.168098432402896,68.504,97.598,3.6529565217391373,54,0.9442604058776469,Outlier
SIR,Williams,69,71.097,ULTRASOFT,9,3,1,23.6,37.4,False,True,17.172,31.349,22.576,4.140000000000001,True,13.0,71.62763235294118,4.614235293136902,68.971,95.433,4.670632352941182,53,0.939478983980867,Normal
ALO,McLaren,70,69.167,Soft,55,2,1,23.6,37.4,False,True,17.4,30.81,20.957,2.210000000000008,True,8.0,70.78363768115942,3.7589555298803483,68.661,93.71,3.826637681159427,58,0.9495730512186737,Normal
LEC,Sauber,70,69.867,Soft,55,2,1,23.6,37.4,False,True,17.465,30.852,21.55,2.910000000000011,True,9.0,70.7419552238806,3.716159130040439,69.006,94.254,3.7849552238806026,57,0.9500906091661621,Normal
ERI,Sauber,70,72.861,SUPERSOFT,25,2,1,23.6,37.4,False,True,17.176,30.74,24.945,5.904000000000011,True,10.0,70.8751304347826,3.731059815975028,68.216,93.576,3.9181304347826154,56,0.9499899431476849,Normal
GAS,Toro Rosso,70,70.726,Soft,55,2,1,23.6,37.4,False,True,17.571,31.353,21.802,3.7690000000000055,True,11.0,70.97336231884059,3.74627633151756,69.295,94.972,4.016362318840587,58,0.9498622263278357,Normal
SAI,Renault,70,70.886,SUPERSOFT,36,3,1,23.6,37.4,False,True,17.504,31.573,21.809,3.929000000000002,True,12.0,71.06452173913044,4.636717571885547,68.766,95.806,4.1075217391304415,56,0.9387497798703697,Normal
