Driver,Team,LapNumber,LapTimeSeconds,Compound,TyreLife,Stint,TrackStatus,AirTemp,Humidity,IsWetLap,IsDryLap,Sector1TimeSeconds,Sector2TimeSeconds,Sector3TimeSeconds,DeltaToFastestLap,IsValidLap,Position,AvgLapTime,StdLapTime,FastestLap,SlowestLap,AvgDelta,ValidLapCount,ConsistencyScore,LapClassification
HAM,Mercedes,2,83.184,nan,0,0,,32.7,36.1,False,True,29.843,30.135,23.206,3.171999999999997,False,1.0,83.32930434782608,3.405719934706504,81.107,100.241,3.317304347826086,59,0.9607342020956535,Outlier
BOT,Mercedes,2,83.788,ULTRASOFT,1,1,,32.7,36.1,False,True,29.681,30.555,23.552,3.7759999999999962,False,5.0,84.03839130434783,3.221909454935942,81.736,99.52,4.026391304347825,59,0.9630770301396978,Outlier
VET,Ferrari,2,84.222,Soft,1,1,,32.7,36.1,False,True,29.813,30.817,23.592,4.209999999999994,False,2.0,83.5474347826087,3.340483284330281,80.056,100.573,3.5354347826086947,59,0.9615541106445116,Outlier
RAI,Ferrari,2,84.055,ULTRASOFT,1,1,,32.7,36.1,False,True,29.758,30.593,23.704,4.043000000000006,False,3.0,83.57584057971015,4.273565316960659,80.292,102.489,3.5638405797101447,57,0.9513535091860809,Outlier
VER,Red Bull Racing,2,84.621,ULTRASOFT,1,1,,32.7,36.1,False,True,30.075,30.74,23.806,4.608999999999995,False,19.0,84.3125,0.2919743139387409,83.985,84.621,4.3004999999999995,0,0.9965489494934354,Outlier
GAS,Toro Rosso,2,85.662,ULTRASOFT,1,1,,32.7,36.1,False,True,30.4,31.095,24.167,5.650000000000006,False,6.0,84.31807246376812,3.8881694933963002,81.685,106.181,4.306072463768116,59,0.9559195652470432,Outlier
MAG,Haas F1 Team,2,86.151,ULTRASOFT,1,1,,32.7,36.1,False,True,30.165,31.775,24.211,6.138999999999996,False,7.0,84.54307352941177,3.6848675316564643,81.302,103.966,4.531073529411764,58,0.9582346874772252,Outlier
SAI,Renault,2,86.48,Soft,1,1,,32.7,36.1,False,True,30.614,31.486,24.38,6.4680000000000035,False,9.0,85.25298529411765,3.465102800450653,82.774,102.309,5.240985294117646,58,0.9609425442446747,Outlier
HAR,Toro Rosso,2,86.597,ULTRASOFT,1,1,,32.7,36.1,False,True,30.589,31.757,24.251,6.584999999999994,False,11.0,85.26885294117648,3.528761413354446,82.612,102.118,5.2568529411764695,58,0.9602606281823562,Outlier
HUL,Renault,2,86.727,Soft,1,1,,32.7,36.1,False,True,30.665,31.852,24.21,6.715000000000003,False,12.0,85.35307352941176,4.1363565491837635,81.261,102.149,5.341073529411765,58,0.9537782669355371,Outlier
ALO,McLaren,2,87.359,Soft,1,1,,32.7,36.1,False,True,30.79,32.188,24.381,7.346999999999994,False,8.0,85.04004411764706,3.5128813807243047,82.09,102.197,5.02804411764706,58,0.9603301487674859,Outlier
GRO,Haas F1 Team,2,87.447,ULTRASOFT,1,1,,32.7,36.1,False,True,30.735,32.352,24.36,7.435000000000002,False,10.0,85.22204411764706,3.5897657406370467,82.606,101.609,5.210044117647058,58,0.9595800857299813,Outlier
VAN,McLaren,2,87.599,Soft,1,1,,32.7,36.1,False,True,30.813,32.19,24.596,7.587000000000003,False,18.0,85.36235416666666,3.4340507096070145,83.077,101.517,5.350354166666666,40,0.9613266920615544,Outlier
OCO,Force India,2,87.796,Soft,1,1,,32.7,36.1,False,True,30.691,32.433,24.672,7.784000000000006,False,13.0,85.44189705882353,4.067255134919429,82.876,106.822,5.42989705882353,58,0.9545604551575259,Outlier
PER,Force India,2,87.807,ULTRASOFT,1,1,,32.7,36.1,False,True,30.618,32.495,24.694,7.795000000000002,False,14.0,85.57748529411765,4.040040063687292,83.263,106.036,5.565485294117646,59,0.9549190847710075,Outlier
RIC,Red Bull Racing,2,87.65,Soft,1,1,,32.7,36.1,False,True,30.46,32.761,24.429,7.638000000000005,False,4.0,83.83588405797101,4.178241086222172,80.012,104.904,3.823884057971014,59,0.9525276075927929,Outlier
SIR,Williams,2,88.016,Soft,1,1,,32.7,36.1,False,True,30.891,32.448,24.677,8.004000000000005,False,16.0,86.39819402985074,3.390948867110466,83.708,103.23,6.386194029850746,57,0.9622343107673742,Outlier
ERI,Sauber,2,88.068,ULTRASOFT,1,1,,32.7,36.1,False,True,30.8,32.572,24.696,8.055999999999997,False,15.0,86.24726865671641,3.6217662591366757,83.671,104.012,6.235268656716419,59,0.9596995087069997,Outlier
STR,Williams,2,88.049,Medium,1,1,,32.7,36.1,False,True,31.054,32.154,24.841,8.037000000000006,False,17.0,86.38468656716418,3.440610288574851,82.66,102.679,6.372686567164179,57,0.9616966443862632,Outlier
HAM,Mercedes,3,82.893,ULTRASOFT,1,1,,32.9,35.7,False,True,29.583,29.993,23.317,2.8810000000000002,False,1.0,83.32930434782608,3.405719934706504,81.107,100.241,3.317304347826086,59,0.9607342020956535,Outlier
BOT,Mercedes,3,83.455,ULTRASOFT,2,1,,32.9,35.7,False,True,29.628,30.305,23.522,3.442999999999998,False,5.0,84.03839130434783,3.221909454935942,81.736,99.52,4.026391304347825,59,0.9630770301396978,Outlier
VET,Ferrari,3,83.482,Soft,2,1,,32.9,35.7,False,True,29.609,30.376,23.497,3.469999999999999,False,2.0,83.5474347826087,3.340483284330281,80.056,100.573,3.5354347826086947,59,0.9615541106445116,Outlier
RAI,Ferrari,3,84.161,ULTRASOFT,2,1,,32.9,35.7,False,True,29.987,30.5,23.674,4.149000000000001,False,3.0,83.57584057971015,4.273565316960659,80.292,102.489,3.5638405797101447,57,0.9513535091860809,Outlier
VER,Red Bull Racing,3,84.485,ULTRASOFT,2,1,,32.9,35.7,False,True,29.974,30.544,23.967,4.472999999999999,False,19.0,84.3125,0.2919743139387409,83.985,84.621,4.3004999999999995,0,0.9965489494934354,Outlier
GAS,Toro Rosso,3,85.128,ULTRASOFT,2,1,,32.9,35.7,False,True,30.287,30.727,24.114,5.116,False,6.0,84.31807246376812,3.8881694933963002,81.685,106.181,4.306072463768116,59,0.9559195652470432,Outlier
MAG,Haas F1 Team,3,85.914,ULTRASOFT,2,1,,32.9,35.7,False,True,30.157,31.669,24.088,5.902000000000001,False,7.0,84.54307352941177,3.6848675316564643,81.302,103.966,4.531073529411764,58,0.9582346874772252,Outlier
SAI,Renault,3,86.336,Soft,2,1,,33.1,34.7,False,True,30.465,31.436,24.435,6.323999999999998,False,9.0,85.25298529411765,3.465102800450653,82.774,102.309,5.240985294117646,58,0.9609425442446747,Outlier
HAR,Toro Rosso,3,86.332,ULTRASOFT,2,1,,33.1,34.7,False,True,30.64,31.459,24.233,6.319999999999993,False,11.0,85.26885294117648,3.528761413354446,82.612,102.118,5.2568529411764695,58,0.9602606281823562,Outlier
HUL,Renault,3,86.672,Soft,2,1,,33.1,34.7,False,True,30.679,31.587,24.406,6.659999999999997,False,12.0,85.35307352941176,4.1363565491837635,81.261,102.149,5.341073529411765,58,0.9537782669355371,Outlier
ALO,McLaren,3,86.686,Soft,2,1,,33.1,34.7,False,True,30.74,31.897,24.049,6.674000000000007,False,8.0,85.04004411764706,3.5128813807243047,82.09,102.197,5.02804411764706,58,0.9603301487674859,Outlier
GRO,Haas F1 Team,3,86.907,ULTRASOFT,2,1,,33.1,34.7,False,True,30.601,32.054,24.252,6.894999999999996,False,10.0,85.22204411764706,3.5897657406370467,82.606,101.609,5.210044117647058,58,0.9595800857299813,Outlier
VAN,McLaren,3,86.967,Soft,2,1,,33.1,34.7,False,True,30.64,32.082,24.245,6.954999999999998,False,18.0,85.36235416666666,3.4340507096070145,83.077,101.517,5.350354166666666,40,0.9613266920615544,Outlier
OCO,Force India,3,87.147,Soft,2,1,,33.1,34.7,False,True,30.449,32.175,24.523,7.135000000000005,False,13.0,85.44189705882353,4.067255134919429,82.876,106.822,5.42989705882353,58,0.9545604551575259,Outlier
RIC,Red Bull Racing,3,86.612,Soft,2,1,,33.1,34.7,False,True,30.743,31.456,24.413,6.599999999999994,False,4.0,83.83588405797101,4.178241086222172,80.012,104.904,3.823884057971014,59,0.9525276075927929,Outlier
PER,Force India,3,88.008,ULTRASOFT,2,1,,33.1,34.7,False,True,31.387,32.11,24.511,7.995999999999995,False,14.0,85.57748529411765,4.040040063687292,83.263,106.036,5.565485294117646,59,0.9549190847710075,Outlier
SIR,Williams,3,87.942,Soft,2,1,,33.1,34.7,False,True,30.612,32.645,24.685,7.929999999999993,False,16.0,86.39819402985074,3.390948867110466,83.708,103.23,6.386194029850746,57,0.9622343107673742,Outlier
ERI,Sauber,3,88.125,ULTRASOFT,2,1,,33.1,34.7,False,True,30.865,32.473,24.787,8.113,False,15.0,86.24726865671641,3.6217662591366757,83.671,104.012,6.235268656716419,59,0.9596995087069997,Outlier
STR,Williams,3,87.949,Medium,2,1,,33.1,34.7,False,True,30.734,32.418,24.797,7.936999999999998,False,17.0,86.38468656716418,3.440610288574851,82.66,102.679,6.372686567164179,57,0.9616966443862632,Outlier
HAM,Mercedes,4,82.951,ULTRASOFT,2,1,,33.0,36.4,False,True,29.636,30.063,23.252,2.938999999999993,False,1.0,83.32930434782608,3.405719934706504,81.107,100.241,3.317304347826086,59,0.9607342020956535,Outlier
BOT,Mercedes,4,83.869,ULTRASOFT,3,1,,33.0,36.4,False,True,29.811,30.326,23.732,3.8569999999999993,False,5.0,84.03839130434783,3.221909454935942,81.736,99.52,4.026391304347825,59,0.9630770301396978,Outlier
VET,Ferrari,4,83.879,Soft,3,1,,33.0,36.4,False,True,29.729,30.567,23.583,3.8670000000000044,False,2.0,83.5474347826087,3.340483284330281,80.056,100.573,3.5354347826086947,59,0.9615541106445116,Outlier
RAI,Ferrari,4,83.925,ULTRASOFT,3,1,,33.0,36.4,False,True,29.686,30.683,23.556,3.9129999999999967,False,3.0,83.57584057971015,4.273565316960659,80.292,102.489,3.5638405797101447,57,0.9513535091860809,Outlier
VER,Red Bull Racing,4,84.159,ULTRASOFT,3,1,,33.0,36.4,False,True,29.901,30.528,23.73,4.147000000000006,False,19.0,84.3125,0.2919743139387409,83.985,84.621,4.3004999999999995,0,0.9965489494934354,Outlier
GAS,Toro Rosso,4,84.88,ULTRASOFT,3,1,,33.0,36.4,False,True,30.227,30.702,23.951,4.867999999999995,False,6.0,84.31807246376812,3.8881694933963002,81.685,106.181,4.306072463768116,59,0.9559195652470432,Outlier
MAG,Haas F1 Team,4,85.505,ULTRASOFT,3,1,,33.0,36.4,False,True,30.129,31.408,23.968,5.492999999999995,False,7.0,84.54307352941177,3.6848675316564643,81.302,103.966,4.531073529411764,58,0.9582346874772252,Outlier
SAI,Renault,4,85.863,Soft,3,1,,33.0,36.4,False,True,30.374,31.193,24.296,5.850999999999999,False,9.0,85.25298529411765,3.465102800450653,82.774,102.309,5.240985294117646,58,0.9609425442446747,Outlier
HAR,Toro Rosso,4,86.095,ULTRASOFT,3,1,,33.0,36.4,False,True,30.402,31.453,24.24,6.082999999999998,False,11.0,85.26885294117648,3.528761413354446,82.612,102.118,5.2568529411764695,58,0.9602606281823562,Outlier
HUL,Renault,4,86.393,Soft,3,1,,33.0,36.4,False,True,30.274,31.831,24.288,6.381,False,12.0,85.35307352941176,4.1363565491837635,81.261,102.149,5.341073529411765,58,0.9537782669355371,Outlier
ALO,McLaren,4,86.47,Soft,3,1,,33.0,36.4,False,True,30.629,31.879,23.962,6.457999999999998,False,8.0,85.04004411764706,3.5128813807243047,82.09,102.197,5.02804411764706,58,0.9603301487674859,Outlier
GRO,Haas F1 Team,4,86.53,ULTRASOFT,3,1,,33.0,36.4,False,True,30.432,31.813,24.285,6.518000000000001,False,10.0,85.22204411764706,3.5897657406370467,82.606,101.609,5.210044117647058,58,0.9595800857299813,Outlier
VAN,McLaren,4,86.737,Soft,3,1,,33.0,36.4,False,True,30.636,31.718,24.383,6.724999999999994,False,18.0,85.36235416666666,3.4340507096070145,83.077,101.517,5.350354166666666,40,0.9613266920615544,Outlier
RIC,Red Bull Racing,4,85.779,Soft,3,1,,33.0,36.4,False,True,29.885,31.684,24.21,5.766999999999996,False,4.0,83.83588405797101,4.178241086222172,80.012,104.904,3.823884057971014,59,0.9525276075927929,Outlier
OCO,Force India,4,87.296,Soft,3,1,,33.0,36.4,False,True,30.654,32.158,24.484,7.284000000000006,False,13.0,85.44189705882353,4.067255134919429,82.876,106.822,5.42989705882353,58,0.9545604551575259,Outlier
PER,Force India,4,86.969,ULTRASOFT,3,1,,33.0,36.4,False,True,30.126,32.304,24.539,6.956999999999994,False,14.0,85.57748529411765,4.040040063687292,83.263,106.036,5.565485294117646,59,0.9549190847710075,Outlier
SIR,Williams,4,86.899,Soft,3,1,,33.0,36.4,False,True,30.546,31.746,24.607,6.8870000000000005,False,16.0,86.39819402985074,3.390948867110466,83.708,103.23,6.386194029850746,57,0.9622343107673742,Outlier
ERI,Sauber,4,86.975,ULTRASOFT,3,1,,33.0,36.4,False,True,30.521,31.928,24.526,6.962999999999994,False,15.0,86.24726865671641,3.6217662591366757,83.671,104.012,6.235268656716419,59,0.9596995087069997,Outlier
STR,Williams,4,87.53,Medium,3,1,,33.0,36.4,False,True,30.824,31.981,24.725,7.518000000000001,False,17.0,86.38468656716418,3.440610288574851,82.66,102.679,6.372686567164179,57,0.9616966443862632,Outlier
HAM,Mercedes,5,83.643,ULTRASOFT,3,1,,33.2,35.3,False,True,29.762,30.46,23.421,3.6310000000000002,False,1.0,83.32930434782608,3.405719934706504,81.107,100.241,3.317304347826086,59,0.9607342020956535,Outlier
BOT,Mercedes,5,84.08,ULTRASOFT,4,1,,33.2,35.3,False,True,30.071,30.303,23.706,4.067999999999998,False,5.0,84.03839130434783,3.221909454935942,81.736,99.52,4.026391304347825,59,0.9630770301396978,Outlier
VET,Ferrari,5,84.041,Soft,4,1,,33.2,35.3,False,True,29.66,30.708,23.673,4.028999999999996,False,2.0,83.5474347826087,3.340483284330281,80.056,100.573,3.5354347826086947,59,0.9615541106445116,Outlier
RAI,Ferrari,5,84.026,ULTRASOFT,4,1,,33.2,35.3,False,True,29.838,30.497,23.691,4.013999999999996,False,3.0,83.57584057971015,4.273565316960659,80.292,102.489,3.5638405797101447,57,0.9513535091860809,Outlier
VER,Red Bull Racing,5,83.985,ULTRASOFT,4,1,,33.2,35.3,False,True,29.979,30.364,23.642,3.972999999999999,False,19.0,84.3125,0.2919743139387409,83.985,84.621,4.3004999999999995,0,0.9965489494934354,Outlier
GAS,Toro Rosso,5,84.742,ULTRASOFT,4,1,,33.2,35.3,False,True,30.243,30.545,23.954,4.730000000000004,False,6.0,84.31807246376812,3.8881694933963002,81.685,106.181,4.306072463768116,59,0.9559195652470432,Outlier
MAG,Haas F1 Team,5,85.117,ULTRASOFT,4,1,,33.2,35.3,False,True,30.149,31.001,23.967,5.105000000000004,False,7.0,84.54307352941177,3.6848675316564643,81.302,103.966,4.531073529411764,58,0.9582346874772252,Outlier
SAI,Renault,5,85.753,Soft,4,1,,33.2,35.3,False,True,30.369,31.127,24.257,5.741,False,9.0,85.25298529411765,3.465102800450653,82.774,102.309,5.240985294117646,58,0.9609425442446747,Outlier
HAR,Toro Rosso,5,85.894,ULTRASOFT,4,1,,33.2,35.3,False,True,30.456,31.252,24.186,5.882000000000005,False,11.0,85.26885294117648,3.528761413354446,82.612,102.118,5.2568529411764695,58,0.9602606281823562,Outlier
HUL,Renault,5,85.703,Soft,4,1,,33.2,35.3,False,True,30.293,31.287,24.123,5.6910000000000025,False,12.0,85.35307352941176,4.1363565491837635,81.261,102.149,5.341073529411765,58,0.9537782669355371,Outlier
ALO,McLaren,5,86.905,Soft,4,1,,33.2,35.3,False,True,30.828,31.871,24.206,6.893000000000001,False,8.0,85.04004411764706,3.5128813807243047,82.09,102.197,5.02804411764706,58,0.9603301487674859,Outlier
GRO,Haas F1 Team,5,86.706,ULTRASOFT,4,1,,33.2,35.3,False,True,30.411,32.07,24.225,6.694000000000003,False,10.0,85.22204411764706,3.5897657406370467,82.606,101.609,5.210044117647058,58,0.9595800857299813,Outlier
VAN,McLaren,5,86.708,Soft,4,1,,33.2,35.3,False,True,30.533,31.813,24.362,6.695999999999998,False,18.0,85.36235416666666,3.4340507096070145,83.077,101.517,5.350354166666666,40,0.9613266920615544,Outlier
RIC,Red Bull Racing,5,86.692,Soft,4,1,,33.1,34.4,False,True,30.787,31.704,24.201,6.679999999999993,False,4.0,83.83588405797101,4.178241086222172,80.012,104.904,3.823884057971014,59,0.9525276075927929,Outlier
OCO,Force India,5,86.65,Soft,4,1,,33.1,34.4,False,True,30.209,31.971,24.47,6.638000000000005,False,13.0,85.44189705882353,4.067255134919429,82.876,106.822,5.42989705882353,58,0.9545604551575259,Outlier
PER,Force India,5,86.158,ULTRASOFT,4,1,,33.1,34.4,False,True,30.142,31.713,24.303,6.146000000000001,False,14.0,85.57748529411765,4.040040063687292,83.263,106.036,5.565485294117646,59,0.9549190847710075,Outlier
SIR,Williams,5,86.795,Soft,4,1,,33.1,34.4,False,True,30.474,31.883,24.438,6.783000000000001,False,16.0,86.39819402985074,3.390948867110466,83.708,103.23,6.386194029850746,57,0.9622343107673742,Outlier
ERI,Sauber,5,87.069,ULTRASOFT,4,1,,33.1,34.4,False,True,30.492,31.878,24.699,7.057000000000002,False,15.0,86.24726865671641,3.6217662591366757,83.671,104.012,6.235268656716419,59,0.9596995087069997,Outlier
STR,Williams,5,86.809,Medium,4,1,,33.1,34.4,False,True,30.537,31.644,24.628,6.796999999999997,False,17.0,86.38468656716418,3.440610288574851,82.66,102.679,6.372686567164179,57,0.9616966443862632,Outlier
HAM,Mercedes,6,87.374,ULTRASOFT,4,1,26,33.0,35.6,False,True,29.753,30.19,27.431,7.361999999999995,False,1.0,83.32930434782608,3.405719934706504,81.107,100.241,3.317304347826086,59,0.9607342020956535,Outlier
BOT,Mercedes,6,88.724,ULTRASOFT,5,1,26,33.0,35.6,False,True,29.809,30.387,28.528,8.712000000000003,False,5.0,84.03839130434783,3.221909454935942,81.736,99.52,4.026391304347825,59,0.9630770301396978,Outlier
VET,Ferrari,6,89.405,Soft,5,1,26,33.0,35.6,False,True,29.742,30.522,29.141,9.393,False,2.0,83.5474347826087,3.340483284330281,80.056,100.573,3.5354347826086947,59,0.9615541106445116,Outlier
RAI,Ferrari,6,91.093,ULTRASOFT,5,1,26,33.0,35.6,False,True,29.816,30.501,30.776,11.081000000000003,False,3.0,83.57584057971015,4.273565316960659,80.292,102.489,3.5638405797101447,57,0.9513535091860809,Outlier
GAS,Toro Rosso,6,92.283,ULTRASOFT,5,1,26,33.0,35.6,False,True,30.316,30.578,31.389,12.271,False,6.0,84.31807246376812,3.8881694933963002,81.685,106.181,4.306072463768116,59,0.9559195652470432,Outlier
MAG,Haas F1 Team,6,93.281,ULTRASOFT,5,1,26,33.0,35.6,False,True,30.105,31.399,31.777,13.269000000000005,False,7.0,84.54307352941177,3.6848675316564643,81.302,103.966,4.531073529411764,58,0.9582346874772252,Outlier
SAI,Renault,6,94.839,Soft,5,1,26,33.0,35.6,False,True,30.39,31.426,33.023,14.826999999999998,False,9.0,85.25298529411765,3.465102800450653,82.774,102.309,5.240985294117646,58,0.9609425442446747,Outlier
HAR,Toro Rosso,6,95.27,ULTRASOFT,5,1,26,33.0,35.6,False,True,30.376,31.696,33.198,15.257999999999996,False,11.0,85.26885294117648,3.528761413354446,82.612,102.118,5.2568529411764695,58,0.9602606281823562,Outlier
HUL,Renault,6,96.432,Soft,5,1,26,33.0,35.6,False,True,30.402,32.585,33.445,16.42,False,12.0,85.35307352941176,4.1363565491837635,81.261,102.149,5.341073529411765,58,0.9537782669355371,Outlier
ALO,McLaren,6,97.644,Soft,5,1,26,33.0,35.6,False,True,30.684,37.028,29.932,17.632000000000005,False,8.0,85.04004411764706,3.5128813807243047,82.09,102.197,5.02804411764706,58,0.9603301487674859,Outlier
GRO,Haas F1 Team,6,97.709,ULTRASOFT,5,1,26,33.0,35.6,False,True,30.339,38.302,29.068,17.697000000000003,False,10.0,85.22204411764706,3.5897657406370467,82.606,101.609,5.210044117647058,58,0.9595800857299813,Outlier
RIC,Red Bull Racing,6,97.472,Soft,5,1,26,33.0,35.6,False,True,29.906,39.996,27.57,17.459999999999994,False,4.0,83.83588405797101,4.178241086222172,80.012,104.904,3.823884057971014,59,0.9525276075927929,Outlier
VAN,McLaren,6,98.714,Soft,5,1,26,33.0,35.6,False,True,30.998,40.873,26.843,18.701999999999998,False,18.0,85.36235416666666,3.4340507096070145,83.077,101.517,5.350354166666666,40,0.9613266920615544,Outlier
OCO,Force India,6,98.739,Soft,5,1,26,33.0,35.6,False,True,30.199,41.89,26.65,18.727000000000004,False,13.0,85.44189705882353,4.067255134919429,82.876,106.822,5.42989705882353,58,0.9545604551575259,Outlier
PER,Force India,6,99.474,ULTRASOFT,5,1,267,33.0,35.6,False,True,30.31,42.232,26.932,19.462000000000003,False,14.0,85.57748529411765,4.040040063687292,83.263,106.036,5.565485294117646,59,0.9549190847710075,Outlier
SIR,Williams,6,98.856,Soft,5,1,267,33.0,35.6,False,True,30.536,41.764,26.556,18.843999999999994,False,16.0,86.39819402985074,3.390948867110466,83.708,103.23,6.386194029850746,57,0.9622343107673742,Outlier
STR,Williams,6,99.897,Medium,5,1,267,33.0,35.6,False,True,30.58,41.333,27.984,19.885000000000005,False,17.0,86.38468656716418,3.440610288574851,82.66,102.679,6.372686567164179,57,0.9616966443862632,Outlier
ERI,Sauber,6,101.139,ULTRASOFT,5,1,267,33.0,35.6,False,True,30.568,41.528,29.043,21.126999999999995,False,15.0,86.24726865671641,3.6217662591366757,83.671,104.012,6.235268656716419,59,0.9596995087069997,Outlier
HAM,Mercedes,7,96.189,ULTRASOFT,5,1,671,33.0,35.2,False,True,39.064,33.662,23.463,16.176999999999992,False,1.0,83.32930434782608,3.405719934706504,81.107,100.241,3.317304347826086,59,0.9607342020956535,Outlier
BOT,Mercedes,7,95.017,ULTRASOFT,6,1,671,33.0,35.2,False,True,39.423,31.897,23.697,15.004999999999995,False,5.0,84.03839130434783,3.221909454935942,81.736,99.52,4.026391304347825,59,0.9630770301396978,Outlier
VET,Ferrari,7,94.466,Soft,6,1,671,33.0,35.2,False,True,38.735,32.082,23.649,14.453999999999994,False,2.0,83.5474347826087,3.340483284330281,80.056,100.573,3.5354347826086947,59,0.9615541106445116,Outlier
RAI,Ferrari,7,92.887,ULTRASOFT,6,1,671,33.0,35.2,False,True,38.63,30.637,23.62,12.875,False,3.0,83.57584057971015,4.273565316960659,80.292,102.489,3.5638405797101447,57,0.9513535091860809,Outlier
GAS,Toro Rosso,7,93.23,ULTRASOFT,6,1,671,33.0,35.2,False,True,39.471,30.097,23.662,13.218000000000004,False,6.0,84.31807246376812,3.8881694933963002,81.685,106.181,4.306072463768116,59,0.9559195652470432,Outlier
MAG,Haas F1 Team,7,92.847,ULTRASOFT,6,1,671,33.0,35.2,False,True,37.477,31.414,23.956,12.834999999999994,False,7.0,84.54307352941177,3.6848675316564643,81.302,103.966,4.531073529411764,58,0.9582346874772252,Outlier
SAI,Renault,7,91.103,Soft,6,1,671,33.0,35.2,False,True,35.636,31.421,24.046,11.090999999999994,False,9.0,85.25298529411765,3.465102800450653,82.774,102.309,5.240985294117646,58,0.9609425442446747,Outlier
HAR,Toro Rosso,7,91.136,ULTRASOFT,6,1,671,33.0,35.5,False,True,36.172,30.97,23.994,11.123999999999995,False,11.0,85.26885294117648,3.528761413354446,82.612,102.118,5.2568529411764695,58,0.9602606281823562,Outlier
HUL,Renault,7,90.794,Soft,6,1,671,33.0,35.5,False,True,34.707,31.609,24.478,10.781999999999996,False,12.0,85.35307352941176,4.1363565491837635,81.261,102.149,5.341073529411765,58,0.9537782669355371,Outlier
GRO,Haas F1 Team,7,89.544,ULTRASOFT,6,1,671,33.0,35.5,False,True,34.587,30.828,24.129,9.531999999999996,False,10.0,85.22204411764706,3.5897657406370467,82.606,101.609,5.210044117647058,58,0.9595800857299813,Outlier
ALO,McLaren,7,91.981,Soft,6,1,671,33.0,35.5,False,True,35.753,32.031,24.197,11.968999999999994,False,8.0,85.04004411764706,3.5128813807243047,82.09,102.197,5.02804411764706,58,0.9603301487674859,Outlier
RIC,Red Bull Racing,7,90.637,Soft,6,1,671,33.0,35.5,False,True,34.182,32.22,24.235,10.625,False,4.0,83.83588405797101,4.178241086222172,80.012,104.904,3.823884057971014,59,0.9525276075927929,Outlier
VAN,McLaren,7,90.746,Soft,6,1,671,33.0,35.5,False,True,34.083,32.274,24.389,10.733999999999995,False,18.0,85.36235416666666,3.4340507096070145,83.077,101.517,5.350354166666666,40,0.9613266920615544,Outlier
OCO,Force India,7,90.179,Soft,6,1,671,33.0,35.5,False,True,32.904,32.66,24.615,10.167000000000002,False,13.0,85.44189705882353,4.067255134919429,82.876,106.822,5.42989705882353,58,0.9545604551575259,Outlier
PER,Force India,7,89.261,ULTRASOFT,6,1,71,33.0,35.5,False,True,32.281,32.44,24.54,9.248999999999995,False,14.0,85.57748529411765,4.040040063687292,83.263,106.036,5.565485294117646,59,0.9549190847710075,Outlier
SIR,Williams,7,89.338,Soft,6,1,71,33.0,35.5,False,True,32.811,31.843,24.684,9.325999999999993,False,16.0,86.39819402985074,3.390948867110466,83.708,103.23,6.386194029850746,57,0.9622343107673742,Outlier
STR,Williams,7,87.984,Medium,6,1,71,33.0,35.5,False,True,31.878,31.414,24.692,7.971999999999994,False,17.0,86.38468656716418,3.440610288574851,82.66,102.679,6.372686567164179,57,0.9616966443862632,Outlier
ERI,Sauber,7,104.012,Medium,1,2,71,33.0,35.5,False,True,49.137,30.993,23.882,24.0,False,15.0,86.24726865671641,3.6217662591366757,83.671,104.012,6.235268656716419,59,0.9596995087069997,Outlier
HAM,Mercedes,8,83.317,ULTRASOFT,6,1,1,33.1,35.3,False,True,29.686,30.123,23.508,3.3049999999999926,True,1.0,83.32930434782608,3.405719934706504,81.107,100.241,3.317304347826086,59,0.9607342020956535,Normal
BOT,Mercedes,8,83.593,ULTRASOFT,7,1,1,33.1,35.3,False,True,29.633,30.298,23.662,3.581000000000003,True,5.0,84.03839130434783,3.221909454935942,81.736,99.52,4.026391304347825,59,0.9630770301396978,Normal
VET,Ferrari,8,83.718,Soft,7,1,1,33.1,35.3,False,True,29.732,30.247,23.739,3.706000000000003,True,2.0,83.5474347826087,3.340483284330281,80.056,100.573,3.5354347826086947,59,0.9615541106445116,Normal
RAI,Ferrari,8,83.161,ULTRASOFT,7,1,1,33.1,35.3,False,True,29.406,30.126,23.629,3.149000000000001,True,3.0,83.57584057971015,4.273565316960659,80.292,102.489,3.5638405797101447,57,0.9513535091860809,Normal
GAS,Toro Rosso,8,83.917,ULTRASOFT,7,1,1,33.1,35.3,False,True,30.093,30.124,23.7,3.905000000000001,True,6.0,84.31807246376812,3.8881694933963002,81.685,106.181,4.306072463768116,59,0.9559195652470432,Normal
MAG,Haas F1 Team,8,84.927,ULTRASOFT,7,1,1,33.1,35.3,False,True,30.104,30.857,23.966,4.915000000000006,True,7.0,84.54307352941177,3.6848675316564643,81.302,103.966,4.531073529411764,58,0.9582346874772252,Normal
SAI,Renault,8,85.271,Soft,7,1,1,33.1,35.3,False,True,30.177,30.942,24.152,5.259,True,9.0,85.25298529411765,3.465102800450653,82.774,102.309,5.240985294117646,58,0.9609425442446747,Normal
HAR,Toro Rosso,8,85.391,ULTRASOFT,7,1,1,33.1,35.3,False,True,30.089,31.244,24.058,5.379000000000005,True,11.0,85.26885294117648,3.528761413354446,82.612,102.118,5.2568529411764695,58,0.9602606281823562,Normal
HUL,Renault,8,85.354,Soft,7,1,1,33.1,35.3,False,True,30.141,31.233,23.98,5.341999999999999,True,12.0,85.35307352941176,4.1363565491837635,81.261,102.149,5.341073529411765,58,0.9537782669355371,Normal
GRO,Haas F1 Team,8,85.011,ULTRASOFT,7,1,1,33.1,35.3,False,True,30.14,30.846,24.025,4.998999999999995,True,10.0,85.22204411764706,3.5897657406370467,82.606,101.609,5.210044117647058,58,0.9595800857299813,Normal
ALO,McLaren,8,85.68,Soft,7,1,1,33.1,35.3,False,True,30.384,31.191,24.105,5.668000000000006,True,8.0,85.04004411764706,3.5128813807243047,82.09,102.197,5.02804411764706,58,0.9603301487674859,Normal
RIC,Red Bull Racing,8,85.607,Soft,7,1,1,33.1,35.3,False,True,30.081,31.605,23.921,5.594999999999999,True,4.0,83.83588405797101,4.178241086222172,80.012,104.904,3.823884057971014,59,0.9525276075927929,Normal
VAN,McLaren,8,86.145,Soft,7,1,1,33.1,35.3,False,True,30.259,31.598,24.288,6.132999999999996,True,18.0,85.36235416666666,3.4340507096070145,83.077,101.517,5.350354166666666,40,0.9613266920615544,Normal
OCO,Force India,8,86.358,Soft,7,1,1,33.1,35.3,False,True,30.011,31.91,24.437,6.346000000000004,True,13.0,85.44189705882353,4.067255134919429,82.876,106.822,5.42989705882353,58,0.9545604551575259,Normal
PER,Force India,8,86.613,ULTRASOFT,7,1,1,33.1,35.3,False,True,30.239,31.896,24.478,6.600999999999999,True,14.0,85.57748529411765,4.040040063687292,83.263,106.036,5.565485294117646,59,0.9549190847710075,Normal
SIR,Williams,8,87.227,Soft,7,1,1,33.1,35.3,False,True,30.476,32.067,24.684,7.215000000000003,True,16.0,86.39819402985074,3.390948867110466,83.708,103.23,6.386194029850746,57,0.9622343107673742,Normal
STR,Williams,8,86.753,Medium,7,1,1,33.1,35.3,False,True,30.27,31.802,24.681,6.741,True,17.0,86.38468656716418,3.440610288574851,82.66,102.679,6.372686567164179,57,0.9616966443862632,Normal
ERI,Sauber,8,84.823,Medium,2,2,1,33.1,35.3,False,True,30.006,30.852,23.965,4.810999999999993,True,15.0,86.24726865671641,3.6217662591366757,83.671,104.012,6.235268656716419,59,0.9596995087069997,Normal
HAM,Mercedes,9,83.567,ULTRASOFT,7,1,1,33.5,35.2,False,True,29.664,30.054,23.849,3.5549999999999926,True,1.0,83.32930434782608,3.405719934706504,81.107,100.241,3.317304347826086,59,0.9607342020956535,Normal
BOT,Mercedes,9,83.456,ULTRASOFT,8,1,1,33.5,35.2,False,True,29.662,30.138,23.656,3.4440000000000026,True,5.0,84.03839130434783,3.221909454935942,81.736,99.52,4.026391304347825,59,0.9630770301396978,Normal
VET,Ferrari,9,84.05,Soft,8,1,1,33.5,35.2,False,True,29.765,30.572,23.713,4.037999999999997,True,2.0,83.5474347826087,3.340483284330281,80.056,100.573,3.5354347826086947,59,0.9615541106445116,Normal
RAI,Ferrari,9,84.189,ULTRASOFT,8,1,1,33.5,35.2,False,True,29.818,30.561,23.81,4.1769999999999925,True,3.0,83.57584057971015,4.273565316960659,80.292,102.489,3.5638405797101447,57,0.9513535091860809,Normal
GAS,Toro Rosso,9,83.911,ULTRASOFT,8,1,1,33.5,35.2,False,True,30.093,30.136,23.682,3.899000000000001,True,6.0,84.31807246376812,3.8881694933963002,81.685,106.181,4.306072463768116,59,0.9559195652470432,Normal
MAG,Haas F1 Team,9,84.902,ULTRASOFT,8,1,1,33.5,35.2,False,True,30.098,30.788,24.016,4.890000000000001,True,7.0,84.54307352941177,3.6848675316564643,81.302,103.966,4.531073529411764,58,0.9582346874772252,Normal
SAI,Renault,9,85.27,Soft,8,1,1,33.5,35.2,False,True,30.295,30.988,23.987,5.257999999999996,True,9.0,85.25298529411765,3.465102800450653,82.774,102.309,5.240985294117646,58,0.9609425442446747,Normal
HAR,Toro Rosso,9,85.132,ULTRASOFT,8,1,1,33.5,35.2,False,True,30.193,30.977,23.962,5.1200000000000045,True,11.0,85.26885294117648,3.528761413354446,82.612,102.118,5.2568529411764695,58,0.9602606281823562,Normal
HUL,Renault,9,84.955,Soft,8,1,1,33.5,35.2,False,True,30.074,30.954,23.927,4.942999999999998,True,12.0,85.35307352941176,4.1363565491837635,81.261,102.149,5.341073529411765,58,0.9537782669355371,Normal
GRO,Haas F1 Team,9,84.949,ULTRASOFT,8,1,1,33.5,35.2,False,True,30.123,30.917,23.909,4.936999999999998,True,10.0,85.22204411764706,3.5897657406370467,82.606,101.609,5.210044117647058,58,0.9595800857299813,Normal
RIC,Red Bull Racing,9,83.159,Soft,8,1,1,33.5,35.2,False,True,29.443,30.123,23.593,3.1470000000000056,True,4.0,83.83588405797101,4.178241086222172,80.012,104.904,3.823884057971014,59,0.9525276075927929,Normal
ALO,McLaren,9,86.263,Soft,8,1,1,33.5,35.2,False,True,30.361,31.606,24.296,6.251000000000005,True,8.0,85.04004411764706,3.5128813807243047,82.09,102.197,5.02804411764706,58,0.9603301487674859,Normal
VAN,McLaren,9,85.713,Soft,8,1,1,33.6,35.2,False,True,30.255,31.17,24.288,5.700999999999993,True,18.0,85.36235416666666,3.4340507096070145,83.077,101.517,5.350354166666666,40,0.9613266920615544,Normal
OCO,Force India,9,85.863,Soft,8,1,1,33.6,35.2,False,True,30.086,31.511,24.266,5.850999999999999,True,13.0,85.44189705882353,4.067255134919429,82.876,106.822,5.42989705882353,58,0.9545604551575259,Normal
PER,Force India,9,85.999,ULTRASOFT,8,1,1,33.6,35.2,False,True,30.119,31.555,24.325,5.986999999999995,True,14.0,85.57748529411765,4.040040063687292,83.263,106.036,5.565485294117646,59,0.9549190847710075,Normal
SIR,Williams,9,86.578,Soft,8,1,1,33.6,35.2,False,True,30.504,31.672,24.402,6.5660000000000025,True,16.0,86.39819402985074,3.390948867110466,83.708,103.23,6.386194029850746,57,0.9622343107673742,Normal
STR,Williams,9,86.685,Medium,8,1,1,33.6,35.2,False,True,30.626,31.601,24.458,6.673000000000002,True,17.0,86.38468656716418,3.440610288574851,82.66,102.679,6.372686567164179,57,0.9616966443862632,Normal
ERI,Sauber,9,84.921,Medium,3,2,1,33.6,35.2,False,True,30.07,30.878,23.973,4.909000000000006,True,15.0,86.24726865671641,3.6217662591366757,83.671,104.012,6.235268656716419,59,0.9596995087069997,Normal
HAM,Mercedes,10,83.264,ULTRASOFT,8,1,1,33.6,35.2,False,True,29.588,30.138,23.538,3.2519999999999953,True,1.0,83.32930434782608,3.405719934706504,81.107,100.241,3.317304347826086,59,0.9607342020956535,Normal
BOT,Mercedes,10,83.855,ULTRASOFT,9,1,1,33.6,35.2,False,True,29.834,30.329,23.692,3.8430000000000035,True,5.0,84.03839130434783,3.221909454935942,81.736,99.52,4.026391304347825,59,0.9630770301396978,Normal
VET,Ferrari,10,83.47,Soft,9,1,1,33.6,35.2,False,True,29.708,30.14,23.622,3.4579999999999984,True,2.0,83.5474347826087,3.340483284330281,80.056,100.573,3.5354347826086947,59,0.9615541106445116,Normal
RAI,Ferrari,10,83.663,ULTRASOFT,9,1,1,33.6,35.2,False,True,29.603,30.33,23.73,3.6509999999999962,True,3.0,83.57584057971015,4.273565316960659,80.292,102.489,3.5638405797101447,57,0.9513535091860809,Normal
GAS,Toro Rosso,10,83.99,ULTRASOFT,9,1,1,33.5,35.9,False,True,30.13,30.111,23.749,3.9779999999999944,True,6.0,84.31807246376812,3.8881694933963002,81.685,106.181,4.306072463768116,59,0.9559195652470432,Normal
MAG,Haas F1 Team,10,85.077,ULTRASOFT,9,1,1,33.5,35.9,False,True,30.021,30.994,24.062,5.064999999999998,True,7.0,84.54307352941177,3.6848675316564643,81.302,103.966,4.531073529411764,58,0.9582346874772252,Normal
SAI,Renault,10,85.218,Soft,9,1,1,33.5,35.9,False,True,30.253,30.785,24.18,5.206000000000003,True,9.0,85.25298529411765,3.465102800450653,82.774,102.309,5.240985294117646,58,0.9609425442446747,Normal
HAR,Toro Rosso,10,85.193,ULTRASOFT,9,1,1,33.5,35.9,False,True,30.291,30.862,24.04,5.180999999999997,True,11.0,85.26885294117648,3.528761413354446,82.612,102.118,5.2568529411764695,58,0.9602606281823562,Normal
HUL,Renault,10,85.362,Soft,9,1,1,33.5,35.9,False,True,30.071,31.236,24.055,5.349999999999994,True,12.0,85.35307352941176,4.1363565491837635,81.261,102.149,5.341073529411765,58,0.9537782669355371,Normal
GRO,Haas F1 Team,10,84.581,ULTRASOFT,9,1,1,33.5,35.9,False,True,29.927,30.684,23.97,4.569000000000003,True,10.0,85.22204411764706,3.5897657406370467,82.606,101.609,5.210044117647058,58,0.9595800857299813,Normal
RIC,Red Bull Racing,10,84.078,Soft,9,1,1,33.5,35.9,False,True,29.743,30.525,23.81,4.0660000000000025,True,4.0,83.83588405797101,4.178241086222172,80.012,104.904,3.823884057971014,59,0.9525276075927929,Normal
ALO,McLaren,10,86.067,Soft,9,1,1,33.5,35.9,False,True,30.559,31.143,24.365,6.054999999999993,True,8.0,85.04004411764706,3.5128813807243047,82.09,102.197,5.02804411764706,58,0.9603301487674859,Normal
VAN,McLaren,10,86.084,Soft,9,1,1,33.5,35.9,False,True,30.596,31.184,24.304,6.072000000000003,True,18.0,85.36235416666666,3.4340507096070145,83.077,101.517,5.350354166666666,40,0.9613266920615544,Normal
OCO,Force India,10,86.049,Soft,9,1,1,33.5,35.9,False,True,30.288,31.467,24.294,6.037000000000006,True,13.0,85.44189705882353,4.067255134919429,82.876,106.822,5.42989705882353,58,0.9545604551575259,Normal
PER,Force India,10,86.04,ULTRASOFT,9,1,1,33.5,35.9,False,True,30.114,31.525,24.401,6.028000000000006,True,14.0,85.57748529411765,4.040040063687292,83.263,106.036,5.565485294117646,59,0.9549190847710075,Normal
SIR,Williams,10,86.342,Soft,9,1,1,33.5,35.9,False,True,30.343,31.531,24.468,6.329999999999998,True,16.0,86.39819402985074,3.390948867110466,83.708,103.23,6.386194029850746,57,0.9622343107673742,Normal
STR,Williams,10,86.472,Medium,9,1,1,33.5,35.9,False,True,30.602,31.312,24.558,6.459999999999994,True,17.0,86.38468656716418,3.440610288574851,82.66,102.679,6.372686567164179,57,0.9616966443862632,Normal
ERI,Sauber,10,85.161,Medium,4,2,1,33.5,35.9,False,True,30.158,30.926,24.077,5.149000000000001,True,15.0,86.24726865671641,3.6217662591366757,83.671,104.012,6.235268656716419,59,0.9596995087069997,Normal
HAM,Mercedes,11,83.066,ULTRASOFT,9,1,1,33.6,36.0,False,True,29.518,30.071,23.477,3.054000000000002,True,1.0,83.32930434782608,3.405719934706504,81.107,100.241,3.317304347826086,59,0.9607342020956535,Normal
BOT,Mercedes,11,83.641,ULTRASOFT,10,1,1,33.6,36.0,False,True,29.621,30.322,23.698,3.629000000000005,True,5.0,84.03839130434783,3.221909454935942,81.736,99.52,4.026391304347825,59,0.9630770301396978,Normal
VET,Ferrari,11,83.751,Soft,10,1,1,33.6,36.0,False,True,29.786,30.358,23.607,3.7390000000000043,True,2.0,83.5474347826087,3.340483284330281,80.056,100.573,3.5354347826086947,59,0.9615541106445116,Normal
RAI,Ferrari,11,83.809,ULTRASOFT,10,1,1,33.6,36.0,False,True,29.78,30.36,23.669,3.796999999999997,True,3.0,83.57584057971015,4.273565316960659,80.292,102.489,3.5638405797101447,57,0.9513535091860809,Normal
GAS,Toro Rosso,11,84.302,ULTRASOFT,10,1,1,33.6,36.0,False,True,30.182,30.323,23.797,4.290000000000006,True,6.0,84.31807246376812,3.8881694933963002,81.685,106.181,4.306072463768116,59,0.9559195652470432,Normal
MAG,Haas F1 Team,11,84.626,ULTRASOFT,10,1,1,33.6,36.0,False,True,30.033,30.758,23.835,4.614000000000004,True,7.0,84.54307352941177,3.6848675316564643,81.302,103.966,4.531073529411764,58,0.9582346874772252,Normal
SAI,Renault,11,85.405,Soft,10,1,1,33.6,36.0,False,True,30.219,31.05,24.136,5.393000000000001,True,9.0,85.25298529411765,3.465102800450653,82.774,102.309,5.240985294117646,58,0.9609425442446747,Normal
HAR,Toro Rosso,11,85.278,ULTRASOFT,10,1,1,33.6,36.0,False,True,30.255,31.051,23.972,5.266000000000005,True,11.0,85.26885294117648,3.528761413354446,82.612,102.118,5.2568529411764695,58,0.9602606281823562,Normal
HUL,Renault,11,85.043,Soft,10,1,1,33.6,36.0,False,True,29.88,31.232,23.931,5.031000000000006,True,12.0,85.35307352941176,4.1363565491837635,81.261,102.149,5.341073529411765,58,0.9537782669355371,Normal
RIC,Red Bull Racing,11,82.988,Soft,10,1,1,33.6,36.0,False,True,29.272,30.101,23.615,2.975999999999999,True,4.0,83.83588405797101,4.178241086222172,80.012,104.904,3.823884057971014,59,0.9525276075927929,Normal
GRO,Haas F1 Team,11,85.656,ULTRASOFT,10,1,1,33.6,36.0,False,True,30.614,31.088,23.954,5.6440000000000055,True,10.0,85.22204411764706,3.5897657406370467,82.606,101.609,5.210044117647058,58,0.9595800857299813,Normal
ALO,McLaren,11,85.091,Soft,10,1,1,33.6,36.0,False,True,30.348,30.664,24.079,5.0789999999999935,True,8.0,85.04004411764706,3.5128813807243047,82.09,102.197,5.02804411764706,58,0.9603301487674859,Normal
VAN,McLaren,11,85.432,Soft,10,1,1,33.6,36.0,False,True,30.436,30.844,24.152,5.420000000000002,True,18.0,85.36235416666666,3.4340507096070145,83.077,101.517,5.350354166666666,40,0.9613266920615544,Normal
OCO,Force India,11,85.72,Soft,10,1,1,33.6,36.0,False,True,30.07,31.473,24.177,5.707999999999998,True,13.0,85.44189705882353,4.067255134919429,82.876,106.822,5.42989705882353,58,0.9545604551575259,Normal
PER,Force India,11,85.883,ULTRASOFT,10,1,1,33.6,36.0,False,True,30.081,31.368,24.434,5.870999999999995,True,14.0,85.57748529411765,4.040040063687292,83.263,106.036,5.565485294117646,59,0.9549190847710075,Normal
SIR,Williams,11,86.024,Soft,10,1,1,33.6,36.0,False,True,30.264,31.364,24.396,6.0120000000000005,True,16.0,86.39819402985074,3.390948867110466,83.708,103.23,6.386194029850746,57,0.9622343107673742,Normal
STR,Williams,11,86.359,Medium,10,1,1,33.6,36.0,False,True,30.527,31.261,24.571,6.346999999999994,True,17.0,86.38468656716418,3.440610288574851,82.66,102.679,6.372686567164179,57,0.9616966443862632,Normal
ERI,Sauber,11,85.127,Medium,5,2,1,33.6,36.1,False,True,30.042,31.011,24.074,5.114999999999995,True,15.0,86.24726865671641,3.6217662591366757,83.671,104.012,6.235268656716419,59,0.9596995087069997,Normal
HAM,Mercedes,12,83.291,ULTRASOFT,10,1,1,33.6,36.1,False,True,29.644,30.125,23.522,3.2789999999999964,True,1.0,83.32930434782608,3.405719934706504,81.107,100.241,3.317304347826086,59,0.9607342020956535,Normal
BOT,Mercedes,12,83.666,ULTRASOFT,11,1,1,33.6,36.1,False,True,29.687,30.264,23.715,3.6539999999999964,True,5.0,84.03839130434783,3.221909454935942,81.736,99.52,4.026391304347825,59,0.9630770301396978,Normal
VET,Ferrari,12,83.452,Soft,11,1,1,33.6,36.1,False,True,29.681,30.131,23.64,3.4399999999999977,True,2.0,83.5474347826087,3.340483284330281,80.056,100.573,3.5354347826086947,59,0.9615541106445116,Normal
RAI,Ferrari,12,83.786,ULTRASOFT,11,1,1,33.6,36.1,False,True,29.677,30.209,23.9,3.774000000000001,True,3.0,83.57584057971015,4.273565316960659,80.292,102.489,3.5638405797101447,57,0.9513535091860809,Normal
GAS,Toro Rosso,12,83.845,ULTRASOFT,11,1,1,33.6,36.1,False,True,30.01,30.179,23.656,3.8329999999999984,True,6.0,84.31807246376812,3.8881694933963002,81.685,106.181,4.306072463768116,59,0.9559195652470432,Normal
MAG,Haas F1 Team,12,84.338,ULTRASOFT,11,1,1,33.4,36.5,False,True,29.912,30.606,23.82,4.325999999999993,True,7.0,84.54307352941177,3.6848675316564643,81.302,103.966,4.531073529411764,58,0.9582346874772252,Normal
SAI,Renault,12,85.26,Soft,11,1,1,33.4,36.5,False,True,30.295,30.911,24.054,5.248000000000005,True,9.0,85.25298529411765,3.465102800450653,82.774,102.309,5.240985294117646,58,0.9609425442446747,Normal
HAR,Toro Rosso,12,85.281,ULTRASOFT,11,1,1,33.4,36.5,False,True,30.282,30.903,24.096,5.2690000000000055,True,11.0,85.26885294117648,3.528761413354446,82.612,102.118,5.2568529411764695,58,0.9602606281823562,Normal
HUL,Renault,12,85.177,Soft,11,1,1,33.4,36.5,False,True,30.111,31.079,23.987,5.165000000000006,True,12.0,85.35307352941176,4.1363565491837635,81.261,102.149,5.341073529411765,58,0.9537782669355371,Normal
RIC,Red Bull Racing,12,84.792,Soft,11,1,1,33.4,36.5,False,True,29.988,30.912,23.892,4.780000000000001,True,4.0,83.83588405797101,4.178241086222172,80.012,104.904,3.823884057971014,59,0.9525276075927929,Normal
GRO,Haas F1 Team,12,84.665,ULTRASOFT,11,1,1,33.4,36.5,False,True,29.911,30.668,24.086,4.653000000000006,True,10.0,85.22204411764706,3.5897657406370467,82.606,101.609,5.210044117647058,58,0.9595800857299813,Normal
ALO,McLaren,12,84.71,Soft,11,1,1,33.4,36.5,False,True,30.149,30.474,24.087,4.697999999999993,True,8.0,85.04004411764706,3.5128813807243047,82.09,102.197,5.02804411764706,58,0.9603301487674859,Normal
VAN,McLaren,12,84.934,Soft,11,1,1,33.4,36.5,False,True,30.281,30.715,23.938,4.921999999999997,True,18.0,85.36235416666666,3.4340507096070145,83.077,101.517,5.350354166666666,40,0.9613266920615544,Normal
OCO,Force India,12,85.281,Soft,11,1,1,33.4,36.5,False,True,30.015,31.159,24.107,5.2690000000000055,True,13.0,85.44189705882353,4.067255134919429,82.876,106.822,5.42989705882353,58,0.9545604551575259,Normal
PER,Force India,12,85.55,ULTRASOFT,11,1,1,33.4,36.5,False,True,30.163,31.107,24.28,5.537999999999997,True,14.0,85.57748529411765,4.040040063687292,83.263,106.036,5.565485294117646,59,0.9549190847710075,Normal
SIR,Williams,12,85.873,Soft,11,1,1,33.4,36.5,False,True,30.332,31.33,24.211,5.861000000000004,True,16.0,86.39819402985074,3.390948867110466,83.708,103.23,6.386194029850746,57,0.9622343107673742,Normal
STR,Williams,12,85.946,Medium,11,1,1,33.4,36.5,False,True,30.341,31.185,24.42,5.9339999999999975,True,17.0,86.38468656716418,3.440610288574851,82.66,102.679,6.372686567164179,57,0.9616966443862632,Normal
ERI,Sauber,12,85.15,Medium,6,2,1,33.4,36.5,False,True,30.209,30.923,24.018,5.138000000000005,True,15.0,86.24726865671641,3.6217662591366757,83.671,104.012,6.235268656716419,59,0.9596995087069997,Normal
HAM,Mercedes,13,83.056,ULTRASOFT,11,1,1,33.4,36.5,False,True,29.528,29.982,23.546,3.043999999999997,True,1.0,83.32930434782608,3.405719934706504,81.107,100.241,3.317304347826086,59,0.9607342020956535,Normal
BOT,Mercedes,13,83.149,ULTRASOFT,12,1,1,33.3,36.6,False,True,29.576,29.93,23.643,3.1370000000000005,True,5.0,84.03839130434783,3.221909454935942,81.736,99.52,4.026391304347825,59,0.9630770301396978,Normal
VET,Ferrari,13,83.31,Soft,12,1,1,33.3,36.6,False,True,29.529,30.226,23.555,3.298000000000002,True,2.0,83.5474347826087,3.340483284330281,80.056,100.573,3.5354347826086947,59,0.9615541106445116,Normal
RAI,Ferrari,13,83.484,ULTRASOFT,12,1,1,33.3,36.6,False,True,29.733,30.213,23.538,3.471999999999994,True,3.0,83.57584057971015,4.273565316960659,80.292,102.489,3.5638405797101447,57,0.9513535091860809,Normal
GAS,Toro Rosso,13,83.943,ULTRASOFT,12,1,1,33.3,36.6,False,True,30.05,30.261,23.632,3.9309999999999974,True,6.0,84.31807246376812,3.8881694933963002,81.685,106.181,4.306072463768116,59,0.9559195652470432,Normal
MAG,Haas F1 Team,13,84.287,ULTRASOFT,12,1,1,33.3,36.6,False,True,29.933,30.608,23.746,4.275000000000006,True,7.0,84.54307352941177,3.6848675316564643,81.302,103.966,4.531073529411764,58,0.9582346874772252,Normal
SAI,Renault,13,84.661,Soft,12,1,1,33.3,36.6,False,True,30.026,30.66,23.975,4.649000000000001,True,9.0,85.25298529411765,3.465102800450653,82.774,102.309,5.240985294117646,58,0.9609425442446747,Normal
HAR,Toro Rosso,13,85.149,ULTRASOFT,12,1,1,33.3,36.6,False,True,30.155,31.002,23.992,5.1370000000000005,True,11.0,85.26885294117648,3.528761413354446,82.612,102.118,5.2568529411764695,58,0.9602606281823562,Normal
RIC,Red Bull Racing,13,83.821,Soft,12,1,1,33.3,36.6,False,True,29.349,30.445,24.027,3.8089999999999975,True,4.0,83.83588405797101,4.178241086222172,80.012,104.904,3.823884057971014,59,0.9525276075927929,Normal
HUL,Renault,13,85.678,Soft,12,1,1,33.3,36.6,False,True,30.416,31.265,23.997,5.665999999999997,True,12.0,85.35307352941176,4.1363565491837635,81.261,102.149,5.341073529411765,58,0.9537782669355371,Normal
GRO,Haas F1 Team,13,84.553,ULTRASOFT,12,1,1,33.3,36.6,False,True,29.977,30.69,23.886,4.540999999999997,True,10.0,85.22204411764706,3.5897657406370467,82.606,101.609,5.210044117647058,58,0.9595800857299813,Normal
ALO,McLaren,13,84.938,Soft,12,1,1,33.3,36.6,False,True,30.24,30.512,24.186,4.926000000000002,True,8.0,85.04004411764706,3.5128813807243047,82.09,102.197,5.02804411764706,58,0.9603301487674859,Normal
VAN,McLaren,13,84.996,Soft,12,1,1,33.3,36.6,False,True,30.241,30.778,23.977,4.983999999999995,True,18.0,85.36235416666666,3.4340507096070145,83.077,101.517,5.350354166666666,40,0.9613266920615544,Normal
OCO,Force India,13,85.056,Soft,12,1,1,33.3,36.6,False,True,29.864,31.131,24.061,5.043999999999997,True,13.0,85.44189705882353,4.067255134919429,82.876,106.822,5.42989705882353,58,0.9545604551575259,Normal
PER,Force India,13,85.216,ULTRASOFT,12,1,1,33.3,36.6,False,True,30.019,30.841,24.356,5.2039999999999935,True,14.0,85.57748529411765,4.040040063687292,83.263,106.036,5.565485294117646,59,0.9549190847710075,Normal
SIR,Williams,13,85.829,Soft,12,1,1,33.3,36.6,False,True,30.326,31.193,24.31,5.816999999999993,True,16.0,86.39819402985074,3.390948867110466,83.708,103.23,6.386194029850746,57,0.9622343107673742,Normal
STR,Williams,13,85.738,Medium,12,1,1,33.3,36.6,False,True,30.378,31.024,24.336,5.725999999999999,True,17.0,86.38468656716418,3.440610288574851,82.66,102.679,6.372686567164179,57,0.9616966443862632,Normal
ERI,Sauber,13,85.095,Medium,7,2,1,33.3,36.6,False,True,30.14,30.91,24.045,5.082999999999998,True,15.0,86.24726865671641,3.6217662591366757,83.671,104.012,6.235268656716419,59,0.9596995087069997,Normal
HAM,Mercedes,14,82.783,ULTRASOFT,12,1,1,33.3,36.8,False,True,29.515,29.826,23.442,2.771000000000001,True,1.0,83.32930434782608,3.405719934706504,81.107,100.241,3.317304347826086,59,0.9607342020956535,Normal
BOT,Mercedes,14,83.725,ULTRASOFT,13,1,1,33.3,36.8,False,True,29.756,30.225,23.744,3.712999999999994,True,5.0,84.03839130434783,3.221909454935942,81.736,99.52,4.026391304347825,59,0.9630770301396978,Normal
VET,Ferrari,14,83.365,Soft,13,1,1,33.3,36.8,False,True,29.558,30.115,23.692,3.3529999999999944,True,2.0,83.5474347826087,3.340483284330281,80.056,100.573,3.5354347826086947,59,0.9615541106445116,Normal
RAI,Ferrari,14,85.585,ULTRASOFT,13,1,1,33.3,36.8,False,True,29.505,30.019,26.061,5.572999999999993,False,3.0,83.57584057971015,4.273565316960659,80.292,102.489,3.5638405797101447,57,0.9513535091860809,Outlier
GAS,Toro Rosso,14,84.092,ULTRASOFT,13,1,1,33.3,36.8,False,True,30.13,30.288,23.674,4.079999999999998,True,6.0,84.31807246376812,3.8881694933963002,81.685,106.181,4.306072463768116,59,0.9559195652470432,Normal
MAG,Haas F1 Team,14,84.054,ULTRASOFT,13,1,1,33.3,36.8,False,True,29.826,30.41,23.818,4.042000000000002,True,7.0,84.54307352941177,3.6848675316564643,81.302,103.966,4.531073529411764,58,0.9582346874772252,Normal
SAI,Renault,14,84.41,Soft,13,1,1,33.3,36.8,False,True,29.933,30.57,23.907,4.397999999999996,True,9.0,85.25298529411765,3.465102800450653,82.774,102.309,5.240985294117646,58,0.9609425442446747,Normal
RIC,Red Bull Racing,14,83.017,Soft,13,1,1,33.3,36.8,False,True,29.402,29.984,23.631,3.0049999999999955,True,4.0,83.83588405797101,4.178241086222172,80.012,104.904,3.823884057971014,59,0.9525276075927929,Normal
HAR,Toro Rosso,14,85.983,ULTRASOFT,13,1,1,33.3,36.8,False,True,30.783,31.133,24.067,5.971000000000004,True,11.0,85.26885294117648,3.528761413354446,82.612,102.118,5.2568529411764695,58,0.9602606281823562,Normal
HUL,Renault,14,85.048,Soft,13,1,1,33.3,36.8,False,True,29.938,31.107,24.003,5.036000000000001,True,12.0,85.35307352941176,4.1363565491837635,81.261,102.149,5.341073529411765,58,0.9537782669355371,Normal
GRO,Haas F1 Team,14,84.735,ULTRASOFT,13,1,1,33.2,36.6,False,True,29.926,30.839,23.97,4.722999999999999,True,10.0,85.22204411764706,3.5897657406370467,82.606,101.609,5.210044117647058,58,0.9595800857299813,Normal
ALO,McLaren,14,84.811,Soft,13,1,1,33.2,36.6,False,True,30.176,30.522,24.113,4.799000000000007,True,8.0,85.04004411764706,3.5128813807243047,82.09,102.197,5.02804411764706,58,0.9603301487674859,Normal
VAN,McLaren,14,84.828,Soft,13,1,1,33.2,36.6,False,True,30.215,30.622,23.991,4.8160000000000025,True,18.0,85.36235416666666,3.4340507096070145,83.077,101.517,5.350354166666666,40,0.9613266920615544,Normal
OCO,Force India,14,85.273,Soft,13,1,1,33.2,36.6,False,True,29.847,31.21,24.216,5.260999999999996,True,13.0,85.44189705882353,4.067255134919429,82.876,106.822,5.42989705882353,58,0.9545604551575259,Normal
PER,Force India,14,85.329,ULTRASOFT,13,1,1,33.2,36.6,False,True,30.106,30.995,24.228,5.316999999999993,True,14.0,85.57748529411765,4.040040063687292,83.263,106.036,5.565485294117646,59,0.9549190847710075,Normal
SIR,Williams,14,85.663,Soft,13,1,1,33.2,36.6,False,True,30.287,31.054,24.322,5.650999999999996,True,16.0,86.39819402985074,3.390948867110466,83.708,103.23,6.386194029850746,57,0.9622343107673742,Normal
STR,Williams,14,85.993,Medium,13,1,1,33.2,36.6,False,True,30.392,31.127,24.474,5.9809999999999945,True,17.0,86.38468656716418,3.440610288574851,82.66,102.679,6.372686567164179,57,0.9616966443862632,Normal
ERI,Sauber,14,85.145,Medium,8,2,1,33.2,36.6,False,True,30.148,30.843,24.154,5.132999999999996,True,15.0,86.24726865671641,3.6217662591366757,83.671,104.012,6.235268656716419,59,0.9596995087069997,Normal
HAM,Mercedes,15,82.539,ULTRASOFT,13,1,1,33.2,36.6,False,True,29.419,29.721,23.399,2.527000000000001,True,1.0,83.32930434782608,3.405719934706504,81.107,100.241,3.317304347826086,59,0.9607342020956535,Normal
BOT,Mercedes,15,84.666,ULTRASOFT,14,1,1,33.2,36.6,False,True,29.438,29.469,25.759,4.653999999999996,False,5.0,84.03839130434783,3.221909454935942,81.736,99.52,4.026391304347825,59,0.9630770301396978,Outlier
VET,Ferrari,15,83.096,Soft,14,1,1,33.2,36.6,False,True,29.544,29.964,23.588,3.084000000000003,True,2.0,83.5474347826087,3.340483284330281,80.056,100.573,3.5354347826086947,59,0.9615541106445116,Normal
GAS,Toro Rosso,15,84.134,ULTRASOFT,14,1,1,33.2,36.6,False,True,30.199,30.264,23.671,4.122,True,6.0,84.31807246376812,3.8881694933963002,81.685,106.181,4.306072463768116,59,0.9559195652470432,Normal
MAG,Haas F1 Team,15,84.118,ULTRASOFT,14,1,1,33.2,36.6,False,True,29.926,30.494,23.698,4.1059999999999945,True,7.0,84.54307352941177,3.6848675316564643,81.302,103.966,4.531073529411764,58,0.9582346874772252,Normal
RAI,Ferrari,15,102.489,Soft,1,2,1,33.2,36.6,False,True,50.127,29.29,23.072,22.477000000000004,False,3.0,83.57584057971015,4.273565316960659,80.292,102.489,3.5638405797101447,57,0.9513535091860809,Outlier
SAI,Renault,15,85.094,Soft,14,1,1,33.2,36.6,False,True,30.092,30.987,24.015,5.081999999999994,True,9.0,85.25298529411765,3.465102800450653,82.774,102.309,5.240985294117646,58,0.9609425442446747,Normal
RIC,Red Bull Racing,15,84.35,Soft,14,1,1,33.2,36.6,False,True,29.638,30.756,23.956,4.337999999999994,True,4.0,83.83588405797101,4.178241086222172,80.012,104.904,3.823884057971014,59,0.9525276075927929,Normal
HAR,Toro Rosso,15,84.983,ULTRASOFT,14,1,1,33.2,36.6,False,True,30.269,30.799,23.915,4.971000000000004,True,11.0,85.26885294117648,3.528761413354446,82.612,102.118,5.2568529411764695,58,0.9602606281823562,Normal
HUL,Renault,15,85.06,Soft,14,1,1,33.2,36.6,False,True,30.015,31.12,23.925,5.048000000000002,True,12.0,85.35307352941176,4.1363565491837635,81.261,102.149,5.341073529411765,58,0.9537782669355371,Normal
GRO,Haas F1 Team,15,85.044,ULTRASOFT,14,1,1,33.2,36.6,False,True,29.88,31.035,24.129,5.0319999999999965,True,10.0,85.22204411764706,3.5897657406370467,82.606,101.609,5.210044117647058,58,0.9595800857299813,Normal
ALO,McLaren,15,84.524,Soft,14,1,1,33.2,36.6,False,True,30.165,30.368,23.991,4.5120000000000005,True,8.0,85.04004411764706,3.5128813807243047,82.09,102.197,5.02804411764706,58,0.9603301487674859,Normal
VAN,McLaren,15,84.748,Soft,14,1,1,33.2,36.6,False,True,30.28,30.451,24.017,4.736000000000004,True,18.0,85.36235416666666,3.4340507096070145,83.077,101.517,5.350354166666666,40,0.9613266920615544,Normal
OCO,Force India,15,84.962,Soft,14,1,1,33.2,36.6,False,True,29.915,30.853,24.194,4.950000000000003,True,13.0,85.44189705882353,4.067255134919429,82.876,106.822,5.42989705882353,58,0.9545604551575259,Normal
PER,Force India,15,85.013,ULTRASOFT,14,1,1,33.2,36.6,False,True,30.017,30.805,24.191,5.001000000000005,True,14.0,85.57748529411765,4.040040063687292,83.263,106.036,5.565485294117646,59,0.9549190847710075,Normal
SIR,Williams,15,85.737,Soft,14,1,1,33.2,36.6,False,True,30.43,31.051,24.256,5.724999999999994,True,16.0,86.39819402985074,3.390948867110466,83.708,103.23,6.386194029850746,57,0.9622343107673742,Normal
STR,Williams,15,85.771,Medium,14,1,1,33.2,36.6,False,True,30.372,31.035,24.364,5.759,True,17.0,86.38468656716418,3.440610288574851,82.66,102.679,6.372686567164179,57,0.9616966443862632,Normal
ERI,Sauber,15,85.196,Medium,9,2,1,33.2,36.6,False,True,30.244,30.776,24.176,5.1839999999999975,True,15.0,86.24726865671641,3.6217662591366757,83.671,104.012,6.235268656716419,59,0.9596995087069997,Normal
HAM,Mercedes,16,82.402,ULTRASOFT,14,1,1,33.2,36.4,False,True,29.514,29.562,23.326,2.3900000000000006,True,1.0,83.32930434782608,3.405719934706504,81.107,100.241,3.317304347826086,59,0.9607342020956535,Normal
VET,Ferrari,16,82.538,Soft,15,1,1,33.2,36.4,False,True,29.468,29.642,23.428,2.5259999999999962,True,2.0,83.5474347826087,3.340483284330281,80.056,100.573,3.5354347826086947,59,0.9615541106445116,Normal
GAS,Toro Rosso,16,84.062,ULTRASOFT,15,1,1,33.2,36.4,False,True,30.089,30.224,23.749,4.049999999999997,True,6.0,84.31807246376812,3.8881694933963002,81.685,106.181,4.306072463768116,59,0.9559195652470432,Normal
BOT,Mercedes,16,99.52,Soft,1,2,1,33.2,36.4,False,True,46.799,29.647,23.074,19.507999999999996,False,5.0,84.03839130434783,3.221909454935942,81.736,99.52,4.026391304347825,59,0.9630770301396978,Outlier
MAG,Haas F1 Team,16,84.468,ULTRASOFT,15,1,1,33.2,36.4,False,True,29.841,30.706,23.921,4.456000000000003,True,7.0,84.54307352941177,3.6848675316564643,81.302,103.966,4.531073529411764,58,0.9582346874772252,Normal
RAI,Ferrari,16,82.484,Soft,2,2,1,33.2,36.4,False,True,29.368,29.785,23.331,2.471999999999994,True,3.0,83.57584057971015,4.273565316960659,80.292,102.489,3.5638405797101447,57,0.9513535091860809,Normal
RIC,Red Bull Racing,16,82.397,Soft,15,1,1,33.2,36.4,False,True,29.258,29.796,23.343,2.385000000000005,True,4.0,83.83588405797101,4.178241086222172,80.012,104.904,3.823884057971014,59,0.9525276075927929,Normal
SAI,Renault,16,86.454,Soft,15,1,1,33.2,36.4,False,True,30.617,31.81,24.027,6.441999999999993,True,9.0,85.25298529411765,3.465102800450653,82.774,102.309,5.240985294117646,58,0.9609425442446747,Normal
HAR,Toro Rosso,16,84.96,ULTRASOFT,15,1,1,33.2,36.4,False,True,30.101,30.82,24.039,4.947999999999993,True,11.0,85.26885294117648,3.528761413354446,82.612,102.118,5.2568529411764695,58,0.9602606281823562,Normal
HUL,Renault,16,84.997,Soft,15,1,1,33.2,36.4,False,True,29.947,31.033,24.017,4.984999999999999,True,12.0,85.35307352941176,4.1363565491837635,81.261,102.149,5.341073529411765,58,0.9537782669355371,Normal
GRO,Haas F1 Team,16,84.787,ULTRASOFT,15,1,1,33.2,36.4,False,True,29.867,30.815,24.105,4.775000000000006,True,10.0,85.22204411764706,3.5897657406370467,82.606,101.609,5.210044117647058,58,0.9595800857299813,Normal
ALO,McLaren,16,84.647,Soft,15,1,1,33.2,36.4,False,True,30.114,30.407,24.126,4.635000000000005,True,8.0,85.04004411764706,3.5128813807243047,82.09,102.197,5.02804411764706,58,0.9603301487674859,Normal
VAN,McLaren,16,84.67,Soft,15,1,1,33.2,36.4,False,True,30.201,30.45,24.019,4.658000000000001,True,18.0,85.36235416666666,3.4340507096070145,83.077,101.517,5.350354166666666,40,0.9613266920615544,Normal
OCO,Force India,16,85.135,Soft,15,1,1,33.2,36.4,False,True,29.925,31.009,24.201,5.123000000000005,True,13.0,85.44189705882353,4.067255134919429,82.876,106.822,5.42989705882353,58,0.9545604551575259,Normal
PER,Force India,16,85.027,ULTRASOFT,15,1,1,33.1,35.8,False,True,30.042,30.744,24.241,5.015000000000001,True,14.0,85.57748529411765,4.040040063687292,83.263,106.036,5.565485294117646,59,0.9549190847710075,Normal
SIR,Williams,16,85.643,Soft,15,1,1,33.1,35.8,False,True,30.207,30.996,24.44,5.631,True,16.0,86.39819402985074,3.390948867110466,83.708,103.23,6.386194029850746,57,0.9622343107673742,Normal
STR,Williams,16,85.56,Medium,15,1,1,33.1,35.8,False,True,30.286,30.897,24.377,5.548000000000002,True,17.0,86.38468656716418,3.440610288574851,82.66,102.679,6.372686567164179,57,0.9616966443862632,Normal
ERI,Sauber,16,85.068,Medium,10,2,1,33.1,35.8,False,True,30.117,30.797,24.154,5.055999999999997,True,15.0,86.24726865671641,3.6217662591366757,83.671,104.012,6.235268656716419,59,0.9596995087069997,Normal
HAM,Mercedes,17,82.461,ULTRASOFT,15,1,1,33.1,35.8,False,True,29.381,29.693,23.387,2.448999999999998,True,1.0,83.32930434782608,3.405719934706504,81.107,100.241,3.317304347826086,59,0.9607342020956535,Normal
VET,Ferrari,17,82.445,Soft,16,1,1,33.1,35.8,False,True,29.399,29.612,23.434,2.4329999999999927,True,2.0,83.5474347826087,3.340483284330281,80.056,100.573,3.5354347826086947,59,0.9615541106445116,Normal
GAS,Toro Rosso,17,83.961,ULTRASOFT,16,1,1,33.1,35.8,False,True,30.074,30.206,23.681,3.948999999999998,True,6.0,84.31807246376812,3.8881694933963002,81.685,106.181,4.306072463768116,59,0.9559195652470432,Normal
BOT,Mercedes,17,82.684,Soft,2,2,1,33.1,35.8,False,True,29.362,29.887,23.435,2.671999999999997,True,5.0,84.03839130434783,3.221909454935942,81.736,99.52,4.026391304347825,59,0.9630770301396978,Normal
RAI,Ferrari,17,82.046,Soft,3,2,1,33.1,35.8,False,True,29.085,29.633,23.328,2.034000000000006,True,3.0,83.57584057971015,4.273565316960659,80.292,102.489,3.5638405797101447,57,0.9513535091860809,Normal
MAG,Haas F1 Team,17,85.702,ULTRASOFT,16,1,1,32.7,37.1,False,True,30.598,31.163,23.941,5.689999999999998,True,7.0,84.54307352941177,3.6848675316564643,81.302,103.966,4.531073529411764,58,0.9582346874772252,Normal
RIC,Red Bull Racing,17,82.598,Soft,16,1,1,32.7,37.1,False,True,29.638,29.532,23.428,2.5859999999999985,True,4.0,83.83588405797101,4.178241086222172,80.012,104.904,3.823884057971014,59,0.9525276075927929,Normal
SAI,Renault,17,84.73,Soft,16,1,1,32.7,37.1,False,True,30.084,30.73,23.916,4.7180000000000035,True,9.0,85.25298529411765,3.465102800450653,82.774,102.309,5.240985294117646,58,0.9609425442446747,Normal
HAR,Toro Rosso,17,84.781,ULTRASOFT,16,1,1,32.7,37.1,False,True,30.131,30.734,23.916,4.7690000000000055,True,11.0,85.26885294117648,3.528761413354446,82.612,102.118,5.2568529411764695,58,0.9602606281823562,Normal
HUL,Renault,17,85.104,Soft,16,1,1,32.7,37.1,False,True,30.142,30.886,24.076,5.091999999999999,True,12.0,85.35307352941176,4.1363565491837635,81.261,102.149,5.341073529411765,58,0.9537782669355371,Normal
GRO,Haas F1 Team,17,85.155,ULTRASOFT,16,1,1,32.7,37.1,False,True,30.07,31.023,24.062,5.143000000000001,True,10.0,85.22204411764706,3.5897657406370467,82.606,101.609,5.210044117647058,58,0.9595800857299813,Normal
ALO,McLaren,17,84.759,Soft,16,1,1,32.7,37.1,False,True,30.117,30.513,24.129,4.747,True,8.0,85.04004411764706,3.5128813807243047,82.09,102.197,5.02804411764706,58,0.9603301487674859,Normal
VAN,McLaren,17,84.727,Soft,16,1,1,32.7,37.1,False,True,30.222,30.537,23.968,4.715000000000003,True,18.0,85.36235416666666,3.4340507096070145,83.077,101.517,5.350354166666666,40,0.9613266920615544,Normal
OCO,Force India,17,85.01,Soft,16,1,1,32.7,37.1,False,True,29.877,30.928,24.205,4.998000000000005,True,13.0,85.44189705882353,4.067255134919429,82.876,106.822,5.42989705882353,58,0.9545604551575259,Normal
PER,Force India,17,85.136,ULTRASOFT,16,1,1,32.7,37.1,False,True,29.978,30.885,24.273,5.123999999999995,True,14.0,85.57748529411765,4.040040063687292,83.263,106.036,5.565485294117646,59,0.9549190847710075,Normal
SIR,Williams,17,85.609,Soft,16,1,1,32.7,37.1,False,True,30.269,31.031,24.309,5.596999999999994,True,16.0,86.39819402985074,3.390948867110466,83.708,103.23,6.386194029850746,57,0.9622343107673742,Normal
STR,Williams,17,85.81,Medium,16,1,1,32.7,37.1,False,True,30.255,31.006,24.549,5.798000000000002,True,17.0,86.38468656716418,3.440610288574851,82.66,102.679,6.372686567164179,57,0.9616966443862632,Normal
ERI,Sauber,17,85.001,Medium,11,2,1,32.7,37.1,False,True,30.233,30.628,24.14,4.989000000000004,True,15.0,86.24726865671641,3.6217662591366757,83.671,104.012,6.235268656716419,59,0.9596995087069997,Normal
HAM,Mercedes,18,82.423,ULTRASOFT,16,1,1,32.7,37.1,False,True,29.469,29.64,23.314,2.4110000000000014,True,1.0,83.32930434782608,3.405719934706504,81.107,100.241,3.317304347826086,59,0.9607342020956535,Normal
VET,Ferrari,18,82.443,Soft,17,1,1,32.7,37.1,False,True,29.331,29.641,23.471,2.4309999999999974,True,2.0,83.5474347826087,3.340483284330281,80.056,100.573,3.5354347826086947,59,0.9615541106445116,Normal
BOT,Mercedes,18,82.142,Soft,3,2,1,32.6,37.9,False,True,29.16,29.62,23.362,2.1299999999999955,True,5.0,84.03839130434783,3.221909454935942,81.736,99.52,4.026391304347825,59,0.9630770301396978,Normal
GAS,Toro Rosso,18,85.66,ULTRASOFT,17,1,1,32.6,37.9,False,True,31.019,30.8,23.841,5.647999999999996,True,6.0,84.31807246376812,3.8881694933963002,81.685,106.181,4.306072463768116,59,0.9559195652470432,Normal
RAI,Ferrari,18,82.457,Soft,4,2,1,32.6,37.9,False,True,29.408,29.784,23.265,2.444999999999993,True,3.0,83.57584057971015,4.273565316960659,80.292,102.489,3.5638405797101447,57,0.9513535091860809,Normal
MAG,Haas F1 Team,18,84.265,ULTRASOFT,17,1,1,32.6,37.9,False,True,29.747,30.632,23.886,4.253,True,7.0,84.54307352941177,3.6848675316564643,81.302,103.966,4.531073529411764,58,0.9582346874772252,Normal
RIC,Red Bull Racing,18,83.088,Soft,17,1,1,32.6,37.9,False,True,29.542,29.985,23.561,3.0759999999999934,True,4.0,83.83588405797101,4.178241086222172,80.012,104.904,3.823884057971014,59,0.9525276075927929,Normal
SAI,Renault,18,84.461,Soft,17,1,1,32.6,37.9,False,True,29.972,30.592,23.897,4.448999999999998,True,9.0,85.25298529411765,3.465102800450653,82.774,102.309,5.240985294117646,58,0.9609425442446747,Normal
HAR,Toro Rosso,18,84.726,ULTRASOFT,17,1,1,32.6,37.9,False,True,30.116,30.778,23.832,4.713999999999999,True,11.0,85.26885294117648,3.528761413354446,82.612,102.118,5.2568529411764695,58,0.9602606281823562,Normal
HUL,Renault,18,85.028,Soft,17,1,1,32.6,37.9,False,True,30.053,30.879,24.096,5.016000000000005,True,12.0,85.35307352941176,4.1363565491837635,81.261,102.149,5.341073529411765,58,0.9537782669355371,Normal
GRO,Haas F1 Team,18,85.037,ULTRASOFT,17,1,1,32.6,37.9,False,True,29.938,31.049,24.05,5.025000000000006,True,10.0,85.22204411764706,3.5897657406370467,82.606,101.609,5.210044117647058,58,0.9595800857299813,Normal
ALO,McLaren,18,84.706,Soft,17,1,1,32.6,37.9,False,True,30.139,30.452,24.115,4.694000000000003,True,8.0,85.04004411764706,3.5128813807243047,82.09,102.197,5.02804411764706,58,0.9603301487674859,Normal
VAN,McLaren,18,84.642,Soft,17,1,1,32.6,37.9,False,True,30.104,30.609,23.929,4.6299999999999955,True,18.0,85.36235416666666,3.4340507096070145,83.077,101.517,5.350354166666666,40,0.9613266920615544,Normal
OCO,Force India,18,85.014,Soft,17,1,1,32.6,37.9,False,True,29.86,30.983,24.171,5.001999999999995,True,13.0,85.44189705882353,4.067255134919429,82.876,106.822,5.42989705882353,58,0.9545604551575259,Normal
PER,Force India,18,85.002,ULTRASOFT,17,1,1,32.6,37.9,False,True,29.954,30.87,24.178,4.989999999999995,True,14.0,85.57748529411765,4.040040063687292,83.263,106.036,5.565485294117646,59,0.9549190847710075,Normal
SIR,Williams,18,85.714,Soft,17,1,1,32.6,37.9,False,True,30.144,31.181,24.389,5.701999999999998,True,16.0,86.39819402985074,3.390948867110466,83.708,103.23,6.386194029850746,57,0.9622343107673742,Normal
STR,Williams,18,85.503,Medium,17,1,1,32.8,37.5,False,True,30.182,30.962,24.359,5.491,True,17.0,86.38468656716418,3.440610288574851,82.66,102.679,6.372686567164179,57,0.9616966443862632,Normal
ERI,Sauber,18,85.083,Medium,12,2,1,32.8,37.5,False,True,30.076,30.945,24.062,5.070999999999998,True,15.0,86.24726865671641,3.6217662591366757,83.671,104.012,6.235268656716419,59,0.9596995087069997,Normal
HAM,Mercedes,19,82.317,ULTRASOFT,17,1,1,32.8,37.5,False,True,29.374,29.581,23.362,2.3049999999999926,True,1.0,83.32930434782608,3.405719934706504,81.107,100.241,3.317304347826086,59,0.9607342020956535,Normal
VET,Ferrari,19,82.283,Soft,18,1,1,32.8,37.5,False,True,29.305,29.637,23.341,2.271000000000001,True,2.0,83.5474347826087,3.340483284330281,80.056,100.573,3.5354347826086947,59,0.9615541106445116,Normal
BOT,Mercedes,19,82.758,Soft,4,2,1,32.8,37.5,False,True,29.417,29.751,23.59,2.745999999999995,True,5.0,84.03839130434783,3.221909454935942,81.736,99.52,4.026391304347825,59,0.9630770301396978,Normal
GAS,Toro Rosso,19,83.981,ULTRASOFT,18,1,1,32.8,37.5,False,True,29.999,30.263,23.719,3.968999999999994,True,6.0,84.31807246376812,3.8881694933963002,81.685,106.181,4.306072463768116,59,0.9559195652470432,Normal
RAI,Ferrari,19,82.409,Soft,5,2,1,32.8,37.5,False,True,29.402,29.843,23.164,2.3970000000000056,True,3.0,83.57584057971015,4.273565316960659,80.292,102.489,3.5638405797101447,57,0.9513535091860809,Normal
MAG,Haas F1 Team,19,84.319,ULTRASOFT,18,1,1,32.8,37.5,False,True,29.792,30.669,23.858,4.307000000000002,True,7.0,84.54307352941177,3.6848675316564643,81.302,103.966,4.531073529411764,58,0.9582346874772252,Normal
RIC,Red Bull Racing,19,83.994,Soft,18,1,1,32.8,37.5,False,True,29.579,30.662,23.753,3.9819999999999993,True,4.0,83.83588405797101,4.178241086222172,80.012,104.904,3.823884057971014,59,0.9525276075927929,Normal
SAI,Renault,19,84.52,Soft,18,1,1,32.8,37.5,False,True,29.955,30.654,23.911,4.507999999999996,True,9.0,85.25298529411765,3.465102800450653,82.774,102.309,5.240985294117646,58,0.9609425442446747,Normal
HAR,Toro Rosso,19,84.652,ULTRASOFT,18,1,1,32.9,36.3,False,True,30.12,30.782,23.75,4.640000000000001,True,11.0,85.26885294117648,3.528761413354446,82.612,102.118,5.2568529411764695,58,0.9602606281823562,Normal
HUL,Renault,19,84.54,Soft,18,1,1,32.9,36.3,False,True,30.032,30.569,23.939,4.528000000000006,True,12.0,85.35307352941176,4.1363565491837635,81.261,102.149,5.341073529411765,58,0.9537782669355371,Normal
GRO,Haas F1 Team,19,84.723,ULTRASOFT,18,1,1,32.9,36.3,False,True,29.891,30.73,24.102,4.7109999999999985,True,10.0,85.22204411764706,3.5897657406370467,82.606,101.609,5.210044117647058,58,0.9595800857299813,Normal
ALO,McLaren,19,84.521,Soft,18,1,1,32.9,36.3,False,True,30.142,30.443,23.936,4.509,True,8.0,85.04004411764706,3.5128813807243047,82.09,102.197,5.02804411764706,58,0.9603301487674859,Normal
VAN,McLaren,19,84.638,Soft,18,1,1,32.9,36.3,False,True,30.164,30.472,24.002,4.626000000000005,True,18.0,85.36235416666666,3.4340507096070145,83.077,101.517,5.350354166666666,40,0.9613266920615544,Normal
OCO,Force India,19,84.75,Soft,18,1,1,32.9,36.3,False,True,29.788,30.905,24.057,4.7379999999999995,True,13.0,85.44189705882353,4.067255134919429,82.876,106.822,5.42989705882353,58,0.9545604551575259,Normal
PER,Force India,19,84.613,ULTRASOFT,18,1,1,32.9,36.3,False,True,29.836,30.645,24.132,4.600999999999999,True,14.0,85.57748529411765,4.040040063687292,83.263,106.036,5.565485294117646,59,0.9549190847710075,Normal
SIR,Williams,19,85.442,Soft,18,1,1,32.9,36.3,False,True,30.158,30.985,24.299,5.429999999999993,True,16.0,86.39819402985074,3.390948867110466,83.708,103.23,6.386194029850746,57,0.9622343107673742,Normal
STR,Williams,19,85.708,Medium,18,1,1,32.9,36.3,False,True,30.23,31.062,24.416,5.695999999999998,True,17.0,86.38468656716418,3.440610288574851,82.66,102.679,6.372686567164179,57,0.9616966443862632,Normal
ERI,Sauber,19,85.024,Medium,13,2,1,32.9,36.3,False,True,30.158,30.755,24.111,5.0120000000000005,True,15.0,86.24726865671641,3.6217662591366757,83.671,104.012,6.235268656716419,59,0.9596995087069997,Normal
HAM,Mercedes,20,82.6,ULTRASOFT,18,1,1,32.9,36.3,False,True,29.435,29.774,23.391,2.587999999999994,True,1.0,83.32930434782608,3.405719934706504,81.107,100.241,3.317304347826086,59,0.9607342020956535,Normal
VET,Ferrari,20,82.279,Soft,19,1,1,32.9,36.3,False,True,29.292,29.729,23.258,2.266999999999996,True,2.0,83.5474347826087,3.340483284330281,80.056,100.573,3.5354347826086947,59,0.9615541106445116,Normal
BOT,Mercedes,20,83.172,Soft,5,2,1,33.0,36.7,False,True,29.488,30.105,23.579,3.1599999999999966,True,5.0,84.03839130434783,3.221909454935942,81.736,99.52,4.026391304347825,59,0.9630770301396978,Normal
GAS,Toro Rosso,20,83.903,ULTRASOFT,19,1,1,33.0,36.7,False,True,29.975,30.249,23.679,3.8910000000000053,True,6.0,84.31807246376812,3.8881694933963002,81.685,106.181,4.306072463768116,59,0.9559195652470432,Normal
RAI,Ferrari,20,82.833,Soft,6,2,1,33.0,36.7,False,True,29.565,29.829,23.439,2.820999999999998,True,3.0,83.57584057971015,4.273565316960659,80.292,102.489,3.5638405797101447,57,0.9513535091860809,Normal
MAG,Haas F1 Team,20,84.608,ULTRASOFT,19,1,1,33.0,36.7,False,True,29.77,31.067,23.771,4.596000000000004,True,7.0,84.54307352941177,3.6848675316564643,81.302,103.966,4.531073529411764,58,0.9582346874772252,Normal
RIC,Red Bull Racing,20,84.582,Soft,19,1,1,33.0,36.7,False,True,29.451,31.297,23.834,4.569999999999993,True,4.0,83.83588405797101,4.178241086222172,80.012,104.904,3.823884057971014,59,0.9525276075927929,Normal
SAI,Renault,20,84.41,Soft,19,1,1,33.0,36.7,False,True,30.019,30.593,23.798,4.397999999999996,True,9.0,85.25298529411765,3.465102800450653,82.774,102.309,5.240985294117646,58,0.9609425442446747,Normal
HAR,Toro Rosso,20,84.389,ULTRASOFT,19,1,1,33.0,36.7,False,True,29.997,30.648,23.744,4.376999999999995,True,11.0,85.26885294117648,3.528761413354446,82.612,102.118,5.2568529411764695,58,0.9602606281823562,Normal
HUL,Renault,20,84.282,Soft,19,1,1,33.0,36.7,False,True,29.919,30.51,23.853,4.269999999999996,True,12.0,85.35307352941176,4.1363565491837635,81.261,102.149,5.341073529411765,58,0.9537782669355371,Normal
GRO,Haas F1 Team,20,84.419,ULTRASOFT,19,1,1,33.0,36.7,False,True,29.983,30.564,23.872,4.4069999999999965,True,10.0,85.22204411764706,3.5897657406370467,82.606,101.609,5.210044117647058,58,0.9595800857299813,Normal
ALO,McLaren,20,84.155,Soft,19,1,1,33.0,36.7,False,True,30.003,30.308,23.844,4.143000000000001,True,8.0,85.04004411764706,3.5128813807243047,82.09,102.197,5.02804411764706,58,0.9603301487674859,Normal
VAN,McLaren,20,84.443,Soft,19,1,1,33.0,36.7,False,True,30.111,30.461,23.871,4.430999999999997,True,18.0,85.36235416666666,3.4340507096070145,83.077,101.517,5.350354166666666,40,0.9613266920615544,Normal
OCO,Force India,20,84.526,Soft,19,1,1,33.0,36.7,False,True,29.801,30.705,24.02,4.513999999999996,True,13.0,85.44189705882353,4.067255134919429,82.876,106.822,5.42989705882353,58,0.9545604551575259,Normal
PER,Force India,20,84.838,ULTRASOFT,19,1,1,33.0,36.7,False,True,29.857,30.784,24.197,4.825999999999993,True,14.0,85.57748529411765,4.040040063687292,83.263,106.036,5.565485294117646,59,0.9549190847710075,Normal
SIR,Williams,20,85.071,Soft,19,1,1,33.0,36.7,False,True,30.091,30.741,24.239,5.0589999999999975,True,16.0,86.39819402985074,3.390948867110466,83.708,103.23,6.386194029850746,57,0.9622343107673742,Normal
STR,Williams,20,85.793,Medium,19,1,1,33.0,36.7,False,True,30.236,31.172,24.385,5.781000000000006,True,17.0,86.38468656716418,3.440610288574851,82.66,102.679,6.372686567164179,57,0.9616966443862632,Normal
ERI,Sauber,20,85.263,Medium,14,2,1,33.0,36.7,False,True,30.233,30.875,24.155,5.251000000000005,True,15.0,86.24726865671641,3.6217662591366757,83.671,104.012,6.235268656716419,59,0.9596995087069997,Normal
HAM,Mercedes,21,82.7,ULTRASOFT,19,1,1,33.0,36.7,False,True,29.432,29.836,23.432,2.6880000000000024,True,1.0,83.32930434782608,3.405719934706504,81.107,100.241,3.317304347826086,59,0.9607342020956535,Normal
VET,Ferrari,21,82.279,Soft,20,1,1,33.2,34.7,False,True,29.333,29.621,23.325,2.266999999999996,True,2.0,83.5474347826087,3.340483284330281,80.056,100.573,3.5354347826086947,59,0.9615541106445116,Normal
BOT,Mercedes,21,83.376,Soft,6,2,1,33.2,34.7,False,True,29.585,30.194,23.597,3.3640000000000043,True,5.0,84.03839130434783,3.221909454935942,81.736,99.52,4.026391304347825,59,0.9630770301396978,Normal
GAS,Toro Rosso,21,84.155,ULTRASOFT,20,1,1,33.2,34.7,False,True,30.07,30.292,23.793,4.143000000000001,True,6.0,84.31807246376812,3.8881694933963002,81.685,106.181,4.306072463768116,59,0.9559195652470432,Normal
RAI,Ferrari,21,83.911,Soft,7,2,1,33.2,34.7,False,True,29.7,30.502,23.709,3.899000000000001,True,3.0,83.57584057971015,4.273565316960659,80.292,102.489,3.5638405797101447,57,0.9513535091860809,Normal
RIC,Red Bull Racing,21,82.624,Soft,20,1,1,33.2,34.7,False,True,29.589,29.635,23.4,2.6119999999999948,True,4.0,83.83588405797101,4.178241086222172,80.012,104.904,3.823884057971014,59,0.9525276075927929,Normal
MAG,Haas F1 Team,21,85.906,ULTRASOFT,20,1,1,33.2,34.7,False,True,30.329,31.561,24.016,5.8940000000000055,True,7.0,84.54307352941177,3.6848675316564643,81.302,103.966,4.531073529411764,58,0.9582346874772252,Normal
SAI,Renault,21,84.24,Soft,20,1,1,33.2,34.7,False,True,29.891,30.517,23.832,4.227999999999994,True,9.0,85.25298529411765,3.465102800450653,82.774,102.309,5.240985294117646,58,0.9609425442446747,Normal
HAR,Toro Rosso,21,84.647,ULTRASOFT,20,1,1,33.2,34.7,False,True,30.06,30.683,23.904,4.635000000000005,True,11.0,85.26885294117648,3.528761413354446,82.612,102.118,5.2568529411764695,58,0.9602606281823562,Normal
HUL,Renault,21,84.481,Soft,20,1,1,33.2,34.7,False,True,29.907,30.503,24.071,4.468999999999994,True,12.0,85.35307352941176,4.1363565491837635,81.261,102.149,5.341073529411765,58,0.9537782669355371,Normal
GRO,Haas F1 Team,21,84.588,ULTRASOFT,20,1,1,33.2,34.7,False,True,29.929,30.736,23.923,4.575999999999993,True,10.0,85.22204411764706,3.5897657406370467,82.606,101.609,5.210044117647058,58,0.9595800857299813,Normal
ALO,McLaren,21,84.096,Soft,20,1,1,33.2,34.7,False,True,30.014,30.133,23.949,4.084000000000003,True,8.0,85.04004411764706,3.5128813807243047,82.09,102.197,5.02804411764706,58,0.9603301487674859,Normal
VAN,McLaren,21,84.42,Soft,20,1,1,33.2,34.7,False,True,30.089,30.457,23.874,4.408000000000001,True,18.0,85.36235416666666,3.4340507096070145,83.077,101.517,5.350354166666666,40,0.9613266920615544,Normal
OCO,Force India,21,84.775,Soft,20,1,1,33.2,34.7,False,True,29.855,30.883,24.037,4.763000000000005,True,13.0,85.44189705882353,4.067255134919429,82.876,106.822,5.42989705882353,58,0.9545604551575259,Normal
PER,Force India,21,84.957,ULTRASOFT,20,1,1,33.2,34.7,False,True,29.934,30.857,24.166,4.944999999999993,True,14.0,85.57748529411765,4.040040063687292,83.263,106.036,5.565485294117646,59,0.9549190847710075,Normal
SIR,Williams,21,84.901,Soft,20,1,1,33.2,34.7,False,True,30.078,30.639,24.184,4.888999999999996,True,16.0,86.39819402985074,3.390948867110466,83.708,103.23,6.386194029850746,57,0.9622343107673742,Normal
STR,Williams,21,85.748,Medium,20,1,1,33.2,34.7,False,True,30.366,31.049,24.333,5.736000000000004,True,17.0,86.38468656716418,3.440610288574851,82.66,102.679,6.372686567164179,57,0.9616966443862632,Normal
ERI,Sauber,21,85.39,Medium,15,2,1,33.2,34.7,False,True,30.142,30.923,24.325,5.378,True,15.0,86.24726865671641,3.6217662591366757,83.671,104.012,6.235268656716419,59,0.9596995087069997,Normal
HAM,Mercedes,22,83.76,ULTRASOFT,20,1,1,33.2,34.7,False,True,29.709,30.237,23.814,3.7480000000000047,True,1.0,83.32930434782608,3.405719934706504,81.107,100.241,3.317304347826086,59,0.9607342020956535,Normal
VET,Ferrari,22,82.276,Soft,21,1,1,33.2,34.7,False,True,29.337,29.626,23.313,2.263999999999996,True,2.0,83.5474347826087,3.340483284330281,80.056,100.573,3.5354347826086947,59,0.9615541106445116,Normal
BOT,Mercedes,22,83.336,Soft,7,2,1,33.2,34.7,False,True,29.589,30.104,23.643,3.323999999999998,True,5.0,84.03839130434783,3.221909454935942,81.736,99.52,4.026391304347825,59,0.9630770301396978,Normal
RAI,Ferrari,22,82.683,Soft,8,2,1,33.2,34.7,False,True,29.708,29.69,23.285,2.6710000000000065,True,3.0,83.57584057971015,4.273565316960659,80.292,102.489,3.5638405797101447,57,0.9513535091860809,Normal
GAS,Toro Rosso,22,85.94,ULTRASOFT,21,1,1,33.2,34.7,False,True,31.122,30.938,23.88,5.927999999999997,True,6.0,84.31807246376812,3.8881694933963002,81.685,106.181,4.306072463768116,59,0.9559195652470432,Normal
RIC,Red Bull Racing,22,82.323,Soft,21,1,1,33.2,35.3,False,True,29.524,29.536,23.263,2.310999999999993,True,4.0,83.83588405797101,4.178241086222172,80.012,104.904,3.823884057971014,59,0.9525276075927929,Normal
MAG,Haas F1 Team,22,84.357,ULTRASOFT,21,1,1,33.2,35.3,False,True,29.855,30.696,23.806,4.344999999999999,True,7.0,84.54307352941177,3.6848675316564643,81.302,103.966,4.531073529411764,58,0.9582346874772252,Normal
SAI,Renault,22,84.066,Soft,21,1,1,33.2,35.3,False,True,29.876,30.334,23.856,4.054000000000002,True,9.0,85.25298529411765,3.465102800450653,82.774,102.309,5.240985294117646,58,0.9609425442446747,Normal
HAR,Toro Rosso,22,84.568,ULTRASOFT,21,1,1,33.2,35.3,False,True,30.067,30.708,23.793,4.555999999999997,True,11.0,85.26885294117648,3.528761413354446,82.612,102.118,5.2568529411764695,58,0.9602606281823562,Normal
HUL,Renault,22,84.685,Soft,21,1,1,33.2,35.3,False,True,29.947,30.632,24.106,4.673000000000002,True,12.0,85.35307352941176,4.1363565491837635,81.261,102.149,5.341073529411765,58,0.9537782669355371,Normal
GRO,Haas F1 Team,22,84.58,ULTRASOFT,21,1,1,33.2,35.3,False,True,29.893,30.565,24.122,4.567999999999998,True,10.0,85.22204411764706,3.5897657406370467,82.606,101.609,5.210044117647058,58,0.9595800857299813,Normal
ALO,McLaren,22,84.054,Soft,21,1,1,33.2,35.3,False,True,30.014,30.104,23.936,4.042000000000002,True,8.0,85.04004411764706,3.5128813807243047,82.09,102.197,5.02804411764706,58,0.9603301487674859,Normal
VAN,McLaren,22,84.185,Soft,21,1,1,33.2,35.3,False,True,30.125,30.294,23.766,4.173000000000002,True,18.0,85.36235416666666,3.4340507096070145,83.077,101.517,5.350354166666666,40,0.9613266920615544,Normal
OCO,Force India,22,84.755,Soft,21,1,1,33.2,35.3,False,True,29.835,30.844,24.076,4.742999999999995,True,13.0,85.44189705882353,4.067255134919429,82.876,106.822,5.42989705882353,58,0.9545604551575259,Normal
PER,Force India,22,86.926,ULTRASOFT,21,1,1,33.2,35.3,False,True,29.929,30.835,26.162,6.9140000000000015,False,14.0,85.57748529411765,4.040040063687292,83.263,106.036,5.565485294117646,59,0.9549190847710075,Outlier
SIR,Williams,22,85.106,Soft,21,1,1,33.2,35.3,False,True,29.993,30.852,24.261,5.093999999999994,True,16.0,86.39819402985074,3.390948867110466,83.708,103.23,6.386194029850746,57,0.9622343107673742,Normal
STR,Williams,22,85.3,Medium,21,1,1,33.2,35.3,False,True,30.217,30.755,24.328,5.287999999999997,True,17.0,86.38468656716418,3.440610288574851,82.66,102.679,6.372686567164179,57,0.9616966443862632,Normal
HAM,Mercedes,23,82.851,ULTRASOFT,21,1,1,33.2,35.3,False,True,29.349,29.919,23.583,2.8389999999999986,True,1.0,83.32930434782608,3.405719934706504,81.107,100.241,3.317304347826086,59,0.9607342020956535,Normal
ERI,Sauber,22,86.828,Medium,16,2,1,33.2,35.3,False,True,31.23,31.296,24.302,6.8160000000000025,True,15.0,86.24726865671641,3.6217662591366757,83.671,104.012,6.235268656716419,59,0.9596995087069997,Normal
VET,Ferrari,23,83.622,Soft,22,1,1,33.2,35.3,False,True,29.26,29.6,24.762,3.6099999999999994,True,2.0,83.5474347826087,3.340483284330281,80.056,100.573,3.5354347826086947,59,0.9615541106445116,Normal
BOT,Mercedes,23,83.599,Soft,8,2,1,33.3,34.7,False,True,29.513,30.535,23.551,3.5870000000000033,True,5.0,84.03839130434783,3.221909454935942,81.736,99.52,4.026391304347825,59,0.9630770301396978,Normal
RAI,Ferrari,23,82.615,Soft,9,2,1,33.3,34.7,False,True,29.426,29.672,23.517,2.6029999999999944,True,3.0,83.57584057971015,4.273565316960659,80.292,102.489,3.5638405797101447,57,0.9513535091860809,Normal
GAS,Toro Rosso,23,83.929,ULTRASOFT,22,1,1,33.3,34.7,False,True,29.964,30.24,23.725,3.9170000000000016,True,6.0,84.31807246376812,3.8881694933963002,81.685,106.181,4.306072463768116,59,0.9559195652470432,Normal
RIC,Red Bull Racing,23,82.395,Soft,22,1,1,33.3,34.7,False,True,29.507,29.503,23.385,2.3829999999999956,True,4.0,83.83588405797101,4.178241086222172,80.012,104.904,3.823884057971014,59,0.9525276075927929,Normal
MAG,Haas F1 Team,23,84.352,ULTRASOFT,22,1,1,33.3,34.7,False,True,29.758,30.729,23.865,4.340000000000003,True,7.0,84.54307352941177,3.6848675316564643,81.302,103.966,4.531073529411764,58,0.9582346874772252,Normal
SAI,Renault,23,84.323,Soft,22,1,1,33.3,34.7,False,True,29.964,30.417,23.942,4.310999999999993,True,9.0,85.25298529411765,3.465102800450653,82.774,102.309,5.240985294117646,58,0.9609425442446747,Normal
HAR,Toro Rosso,23,84.548,ULTRASOFT,22,1,1,33.3,34.7,False,True,30.018,30.706,23.824,4.536000000000001,True,11.0,85.26885294117648,3.528761413354446,82.612,102.118,5.2568529411764695,58,0.9602606281823562,Normal
GRO,Haas F1 Team,23,84.431,ULTRASOFT,22,1,1,33.3,34.7,False,True,29.793,30.638,24.0,4.418999999999997,True,10.0,85.22204411764706,3.5897657406370467,82.606,101.609,5.210044117647058,58,0.9595800857299813,Normal
HUL,Renault,23,86.677,Soft,22,1,1,33.3,34.7,False,True,29.918,30.548,26.211,6.665000000000006,False,12.0,85.35307352941176,4.1363565491837635,81.261,102.149,5.341073529411765,58,0.9537782669355371,Outlier
ALO,McLaren,23,84.584,Soft,22,1,1,33.3,34.7,False,True,29.95,30.607,24.027,4.572000000000003,True,8.0,85.04004411764706,3.5128813807243047,82.09,102.197,5.02804411764706,58,0.9603301487674859,Normal
VAN,McLaren,23,84.277,Soft,22,1,1,33.3,34.7,False,True,30.016,30.433,23.828,4.265000000000001,True,18.0,85.36235416666666,3.4340507096070145,83.077,101.517,5.350354166666666,40,0.9613266920615544,Normal
OCO,Force India,23,84.719,Soft,22,1,1,33.3,34.7,False,True,29.82,30.801,24.098,4.706999999999994,True,13.0,85.44189705882353,4.067255134919429,82.876,106.822,5.42989705882353,58,0.9545604551575259,Normal
SIR,Williams,23,85.353,Soft,22,1,1,33.5,35.3,False,True,30.224,30.885,24.244,5.340999999999994,True,16.0,86.39819402985074,3.390948867110466,83.708,103.23,6.386194029850746,57,0.9622343107673742,Normal
HAM,Mercedes,24,83.634,ULTRASOFT,22,1,1,33.5,35.3,False,True,29.666,30.425,23.543,3.622,True,1.0,83.32930434782608,3.405719934706504,81.107,100.241,3.317304347826086,59,0.9607342020956535,Normal
STR,Williams,23,87.876,Medium,22,1,1,33.5,35.3,False,True,30.207,33.04,24.629,7.864000000000004,True,17.0,86.38468656716418,3.440610288574851,82.66,102.679,6.372686567164179,57,0.9616966443862632,Normal
ERI,Sauber,23,85.738,Medium,17,2,1,33.5,35.3,False,True,30.255,31.037,24.446,5.725999999999999,True,15.0,86.24726865671641,3.6217662591366757,83.671,104.012,6.235268656716419,59,0.9596995087069997,Normal
VET,Ferrari,24,83.027,Soft,23,1,1,33.5,35.3,False,True,29.525,29.914,23.588,3.0150000000000006,True,2.0,83.5474347826087,3.340483284330281,80.056,100.573,3.5354347826086947,59,0.9615541106445116,Normal
PER,Force India,23,103.615,Soft,1,2,1,33.5,35.3,False,True,49.349,30.557,23.709,23.602999999999994,False,14.0,85.57748529411765,4.040040063687292,83.263,106.036,5.565485294117646,59,0.9549190847710075,Outlier
BOT,Mercedes,24,83.155,Soft,9,2,1,33.5,35.3,False,True,29.611,29.956,23.588,3.1430000000000007,True,5.0,84.03839130434783,3.221909454935942,81.736,99.52,4.026391304347825,59,0.9630770301396978,Normal
RAI,Ferrari,24,82.493,Soft,10,2,1,33.5,35.3,False,True,29.42,29.689,23.384,2.4809999999999945,True,3.0,83.57584057971015,4.273565316960659,80.292,102.489,3.5638405797101447,57,0.9513535091860809,Normal
GAS,Toro Rosso,24,84.179,ULTRASOFT,23,1,1,33.5,35.3,False,True,30.058,30.228,23.893,4.167000000000002,True,6.0,84.31807246376812,3.8881694933963002,81.685,106.181,4.306072463768116,59,0.9559195652470432,Normal
RIC,Red Bull Racing,24,82.601,Soft,23,1,1,33.5,35.3,False,True,29.501,29.633,23.467,2.5889999999999986,True,4.0,83.83588405797101,4.178241086222172,80.012,104.904,3.823884057971014,59,0.9525276075927929,Normal
MAG,Haas F1 Team,24,83.924,ULTRASOFT,23,1,1,33.5,35.3,False,True,29.757,30.374,23.793,3.912000000000006,True,7.0,84.54307352941177,3.6848675316564643,81.302,103.966,4.531073529411764,58,0.9582346874772252,Normal
SAI,Renault,24,84.108,Soft,23,1,1,33.5,35.7,False,True,29.935,30.31,23.863,4.096000000000004,True,9.0,85.25298529411765,3.465102800450653,82.774,102.309,5.240985294117646,58,0.9609425442446747,Normal
GRO,Haas F1 Team,24,83.639,ULTRASOFT,23,1,1,33.5,35.7,False,True,29.672,30.235,23.732,3.6269999999999953,True,10.0,85.22204411764706,3.5897657406370467,82.606,101.609,5.210044117647058,58,0.9595800857299813,Normal
HAR,Toro Rosso,24,86.305,ULTRASOFT,23,1,1,33.5,35.7,False,True,29.896,30.437,25.972,6.293000000000006,False,11.0,85.26885294117648,3.528761413354446,82.612,102.118,5.2568529411764695,58,0.9602606281823562,Outlier
ALO,McLaren,24,84.297,Soft,23,1,1,33.5,35.7,False,True,29.983,30.341,23.973,4.284999999999997,True,8.0,85.04004411764706,3.5128813807243047,82.09,102.197,5.02804411764706,58,0.9603301487674859,Normal
VAN,McLaren,24,84.19,Soft,23,1,1,33.5,35.7,False,True,30.065,30.338,23.787,4.177999999999997,True,18.0,85.36235416666666,3.4340507096070145,83.077,101.517,5.350354166666666,40,0.9613266920615544,Normal
OCO,Force India,24,84.606,Soft,23,1,1,33.5,35.7,False,True,29.83,30.679,24.097,4.593999999999994,True,13.0,85.44189705882353,4.067255134919429,82.876,106.822,5.42989705882353,58,0.9545604551575259,Normal
HUL,Renault,24,101.024,Medium,1,2,1,33.5,35.7,False,True,47.77,29.727,23.527,21.012,False,12.0,85.35307352941176,4.1363565491837635,81.261,102.149,5.341073529411765,58,0.9537782669355371,Outlier
SIR,Williams,24,85.676,Soft,23,1,1,33.5,35.7,False,True,30.396,30.815,24.465,5.6640000000000015,True,16.0,86.39819402985074,3.390948867110466,83.708,103.23,6.386194029850746,57,0.9622343107673742,Normal
HAM,Mercedes,25,85.095,ULTRASOFT,23,1,1,33.5,35.7,False,True,29.452,29.729,25.914,5.082999999999998,False,1.0,83.32930434782608,3.405719934706504,81.107,100.241,3.317304347826086,59,0.9607342020956535,Outlier
STR,Williams,24,85.387,Medium,23,1,1,33.5,35.7,False,True,30.143,30.893,24.351,5.375,True,17.0,86.38468656716418,3.440610288574851,82.66,102.679,6.372686567164179,57,0.9616966443862632,Normal
VET,Ferrari,25,82.968,Soft,24,1,1,33.5,35.7,False,True,29.547,29.801,23.62,2.956000000000003,True,2.0,83.5474347826087,3.340483284330281,80.056,100.573,3.5354347826086947,59,0.9615541106445116,Normal
ERI,Sauber,24,87.027,Medium,18,2,1,33.5,35.7,False,True,31.008,31.747,24.272,7.015000000000001,True,15.0,86.24726865671641,3.6217662591366757,83.671,104.012,6.235268656716419,59,0.9596995087069997,Normal
PER,Force India,24,85.061,Soft,2,2,1,33.5,35.7,False,True,29.749,30.991,24.321,5.049000000000007,True,14.0,85.57748529411765,4.040040063687292,83.263,106.036,5.565485294117646,59,0.9549190847710075,Normal
BOT,Mercedes,25,83.041,Soft,10,2,1,33.5,35.7,False,True,29.519,29.919,23.603,3.0289999999999964,True,5.0,84.03839130434783,3.221909454935942,81.736,99.52,4.026391304347825,59,0.9630770301396978,Normal
RAI,Ferrari,25,82.658,Soft,11,2,1,33.5,35.3,False,True,29.354,29.845,23.459,2.646000000000001,True,3.0,83.57584057971015,4.273565316960659,80.292,102.489,3.5638405797101447,57,0.9513535091860809,Normal
GAS,Toro Rosso,25,83.8,ULTRASOFT,24,1,1,33.5,35.3,False,True,29.926,30.123,23.751,3.7879999999999967,True,6.0,84.31807246376812,3.8881694933963002,81.685,106.181,4.306072463768116,59,0.9559195652470432,Normal
RIC,Red Bull Racing,25,83.144,Soft,24,1,1,33.5,35.3,False,True,29.443,29.938,23.763,3.132000000000005,True,4.0,83.83588405797101,4.178241086222172,80.012,104.904,3.823884057971014,59,0.9525276075927929,Normal
MAG,Haas F1 Team,25,84.223,ULTRASOFT,24,1,1,33.5,35.3,False,True,29.726,30.551,23.946,4.2109999999999985,True,7.0,84.54307352941177,3.6848675316564643,81.302,103.966,4.531073529411764,58,0.9582346874772252,Normal
SAI,Renault,25,86.626,Soft,24,1,1,33.5,35.3,False,True,29.89,30.215,26.521,6.614000000000004,False,9.0,85.25298529411765,3.465102800450653,82.774,102.309,5.240985294117646,58,0.9609425442446747,Outlier
GRO,Haas F1 Team,25,83.281,ULTRASOFT,24,1,1,33.5,35.3,False,True,29.663,29.997,23.621,3.2690000000000055,True,10.0,85.22204411764706,3.5897657406370467,82.606,101.609,5.210044117647058,58,0.9595800857299813,Normal
ALO,McLaren,25,84.168,Soft,24,1,1,33.5,35.3,False,True,30.107,30.128,23.933,4.156000000000006,True,8.0,85.04004411764706,3.5128813807243047,82.09,102.197,5.02804411764706,58,0.9603301487674859,Normal
VAN,McLaren,25,84.248,Soft,24,1,1,33.5,35.3,False,True,30.05,30.323,23.875,4.236000000000004,True,18.0,85.36235416666666,3.4340507096070145,83.077,101.517,5.350354166666666,40,0.9613266920615544,Normal
OCO,Force India,25,84.675,Soft,24,1,1,33.5,35.3,False,True,29.81,30.754,24.111,4.662999999999997,True,13.0,85.44189705882353,4.067255134919429,82.876,106.822,5.42989705882353,58,0.9545604551575259,Normal
HAR,Toro Rosso,25,102.085,Medium,1,2,1,33.5,35.3,False,True,48.394,30.146,23.545,22.072999999999993,False,11.0,85.26885294117648,3.528761413354446,82.612,102.118,5.2568529411764695,58,0.9602606281823562,Outlier
HUL,Renault,25,84.979,Medium,2,2,1,33.5,35.3,False,True,30.402,30.776,23.801,4.966999999999999,True,12.0,85.35307352941176,4.1363565491837635,81.261,102.149,5.341073529411765,58,0.9537782669355371,Normal
SIR,Williams,25,85.241,Soft,24,1,1,33.5,35.3,False,True,30.072,30.858,24.311,5.228999999999999,True,16.0,86.39819402985074,3.390948867110466,83.708,103.23,6.386194029850746,57,0.9622343107673742,Normal
VET,Ferrari,26,82.559,Soft,25,1,1,33.3,36.1,False,True,29.351,29.685,23.523,2.546999999999997,True,2.0,83.5474347826087,3.340483284330281,80.056,100.573,3.5354347826086947,59,0.9615541106445116,Normal
STR,Williams,25,87.637,Medium,24,1,1,33.3,36.1,False,True,31.604,31.548,24.485,7.625,True,17.0,86.38468656716418,3.440610288574851,82.66,102.679,6.372686567164179,57,0.9616966443862632,Normal
PER,Force India,25,83.901,Soft,3,2,1,33.3,36.1,False,True,29.424,30.408,24.069,3.888999999999996,True,14.0,85.57748529411765,4.040040063687292,83.263,106.036,5.565485294117646,59,0.9549190847710075,Normal
ERI,Sauber,25,86.984,Medium,19,2,1,33.3,36.1,False,True,31.569,31.081,24.334,6.971999999999994,True,15.0,86.24726865671641,3.6217662591366757,83.671,104.012,6.235268656716419,59,0.9596995087069997,Normal
HAM,Mercedes,26,100.241,Soft,1,2,1,33.3,36.1,False,True,47.285,29.747,23.209,20.229,False,1.0,83.32930434782608,3.405719934706504,81.107,100.241,3.317304347826086,59,0.9607342020956535,Outlier
BOT,Mercedes,26,82.997,Soft,11,2,1,33.3,36.1,False,True,29.527,29.896,23.574,2.9849999999999994,True,5.0,84.03839130434783,3.221909454935942,81.736,99.52,4.026391304347825,59,0.9630770301396978,Normal
RAI,Ferrari,26,82.63,Soft,12,2,1,33.3,36.1,False,True,29.422,29.726,23.482,2.617999999999995,True,3.0,83.57584057971015,4.273565316960659,80.292,102.489,3.5638405797101447,57,0.9513535091860809,Normal
GAS,Toro Rosso,26,83.759,ULTRASOFT,25,1,1,33.3,36.1,False,True,30.003,30.032,23.724,3.747,True,6.0,84.31807246376812,3.8881694933963002,81.685,106.181,4.306072463768116,59,0.9559195652470432,Normal
RIC,Red Bull Racing,26,83.32,Soft,25,1,1,33.3,36.1,False,True,29.635,30.096,23.589,3.3079999999999927,True,4.0,83.83588405797101,4.178241086222172,80.012,104.904,3.823884057971014,59,0.9525276075927929,Normal
MAG,Haas F1 Team,26,83.709,ULTRASOFT,25,1,1,33.3,36.1,False,True,29.716,30.212,23.781,3.6970000000000027,True,7.0,84.54307352941177,3.6848675316564643,81.302,103.966,4.531073529411764,58,0.9582346874772252,Normal
GRO,Haas F1 Team,26,83.188,ULTRASOFT,25,1,1,33.3,36.1,False,True,29.627,29.952,23.609,3.176000000000002,True,10.0,85.22204411764706,3.5897657406370467,82.606,101.609,5.210044117647058,58,0.9595800857299813,Normal
ALO,McLaren,26,83.72,Soft,25,1,1,33.3,36.1,False,True,29.928,30.02,23.772,3.7079999999999984,True,8.0,85.04004411764706,3.5128813807243047,82.09,102.197,5.02804411764706,58,0.9603301487674859,Normal
VAN,McLaren,26,84.062,Soft,25,1,1,33.5,35.9,False,True,30.062,30.256,23.744,4.049999999999997,True,18.0,85.36235416666666,3.4340507096070145,83.077,101.517,5.350354166666666,40,0.9613266920615544,Normal
OCO,Force India,26,84.494,Soft,25,1,1,33.5,35.9,False,True,29.658,30.734,24.102,4.481999999999999,True,13.0,85.44189705882353,4.067255134919429,82.876,106.822,5.42989705882353,58,0.9545604551575259,Normal
SAI,Renault,26,102.309,Medium,1,2,1,33.5,35.9,False,True,47.987,30.589,23.733,22.296999999999997,False,9.0,85.25298529411765,3.465102800450653,82.774,102.309,5.240985294117646,58,0.9609425442446747,Outlier
HAR,Toro Rosso,26,84.244,Medium,2,2,1,33.5,35.9,False,True,29.948,30.645,23.651,4.231999999999999,True,11.0,85.26885294117648,3.528761413354446,82.612,102.118,5.2568529411764695,58,0.9602606281823562,Normal
HUL,Renault,26,84.756,Medium,3,2,1,33.5,35.9,False,True,29.899,30.857,24.0,4.744,True,12.0,85.35307352941176,4.1363565491837635,81.261,102.149,5.341073529411765,58,0.9537782669355371,Normal
SIR,Williams,26,85.195,Soft,25,1,1,33.5,35.9,False,True,30.089,30.801,24.305,5.182999999999993,True,16.0,86.39819402985074,3.390948867110466,83.708,103.23,6.386194029850746,57,0.9622343107673742,Normal
VET,Ferrari,27,82.47,Soft,26,1,1,33.5,35.9,False,True,29.342,29.715,23.413,2.4579999999999984,True,2.0,83.5474347826087,3.340483284330281,80.056,100.573,3.5354347826086947,59,0.9615541106445116,Normal
STR,Williams,26,85.221,Medium,25,1,1,33.5,35.9,False,True,30.134,30.863,24.224,5.209000000000003,True,17.0,86.38468656716418,3.440610288574851,82.66,102.679,6.372686567164179,57,0.9616966443862632,Normal
PER,Force India,26,84.489,Soft,4,2,1,33.5,35.9,False,True,29.691,30.695,24.103,4.477000000000004,True,14.0,85.57748529411765,4.040040063687292,83.263,106.036,5.565485294117646,59,0.9549190847710075,Normal
ERI,Sauber,26,85.492,Medium,20,2,1,33.5,35.9,False,True,30.265,30.994,24.233,5.480000000000004,True,15.0,86.24726865671641,3.6217662591366757,83.671,104.012,6.235268656716419,59,0.9596995087069997,Normal
HAM,Mercedes,27,81.968,Soft,2,2,1,33.5,35.9,False,True,29.443,29.311,23.214,1.956000000000003,True,1.0,83.32930434782608,3.405719934706504,81.107,100.241,3.317304347826086,59,0.9607342020956535,Normal
BOT,Mercedes,27,82.809,Soft,12,2,1,33.5,35.9,False,True,29.471,29.787,23.551,2.796999999999997,True,5.0,84.03839130434783,3.221909454935942,81.736,99.52,4.026391304347825,59,0.9630770301396978,Normal
RAI,Ferrari,27,83.128,Soft,13,2,1,33.5,35.9,False,True,29.657,29.782,23.689,3.1159999999999997,True,3.0,83.57584057971015,4.273565316960659,80.292,102.489,3.5638405797101447,57,0.9513535091860809,Normal
RIC,Red Bull Racing,27,81.977,Soft,26,1,1,33.5,35.9,False,True,29.15,29.501,23.326,1.9650000000000034,True,4.0,83.83588405797101,4.178241086222172,80.012,104.904,3.823884057971014,59,0.9525276075927929,Normal
GAS,Toro Rosso,27,85.13,ULTRASOFT,26,1,1,33.5,35.9,False,True,30.782,30.617,23.731,5.117999999999995,True,6.0,84.31807246376812,3.8881694933963002,81.685,106.181,4.306072463768116,59,0.9559195652470432,Normal
MAG,Haas F1 Team,27,83.694,ULTRASOFT,26,1,1,33.6,34.7,False,True,29.643,30.405,23.646,3.682000000000002,True,7.0,84.54307352941177,3.6848675316564643,81.302,103.966,4.531073529411764,58,0.9582346874772252,Normal
GRO,Haas F1 Team,27,83.567,ULTRASOFT,26,1,1,33.6,34.7,False,True,29.529,30.127,23.911,3.5549999999999926,True,10.0,85.22204411764706,3.5897657406370467,82.606,101.609,5.210044117647058,58,0.9595800857299813,Normal
ALO,McLaren,27,83.683,Soft,26,1,1,33.6,34.7,False,True,29.961,29.98,23.742,3.6710000000000065,True,8.0,85.04004411764706,3.5128813807243047,82.09,102.197,5.02804411764706,58,0.9603301487674859,Normal
VAN,McLaren,27,83.831,Soft,26,1,1,33.6,34.7,False,True,29.852,30.251,23.728,3.8190000000000026,True,18.0,85.36235416666666,3.4340507096070145,83.077,101.517,5.350354166666666,40,0.9613266920615544,Normal
OCO,Force India,27,84.522,Soft,26,1,1,33.6,34.7,False,True,29.771,30.676,24.075,4.510000000000005,True,13.0,85.44189705882353,4.067255134919429,82.876,106.822,5.42989705882353,58,0.9545604551575259,Normal
SAI,Renault,27,83.853,Medium,2,2,1,33.6,34.7,False,True,29.783,30.332,23.738,3.840999999999994,True,9.0,85.25298529411765,3.465102800450653,82.774,102.309,5.240985294117646,58,0.9609425442446747,Normal
HAR,Toro Rosso,27,83.983,Medium,3,2,1,33.6,34.7,False,True,29.91,30.436,23.637,3.9710000000000036,True,11.0,85.26885294117648,3.528761413354446,82.612,102.118,5.2568529411764695,58,0.9602606281823562,Normal
HUL,Renault,27,83.801,Medium,4,2,1,33.6,34.7,False,True,29.754,30.343,23.704,3.7890000000000015,True,12.0,85.35307352941176,4.1363565491837635,81.261,102.149,5.341073529411765,58,0.9537782669355371,Normal
SIR,Williams,27,84.949,Soft,26,1,1,33.6,34.7,False,True,30.054,30.666,24.229,4.936999999999998,True,16.0,86.39819402985074,3.390948867110466,83.708,103.23,6.386194029850746,57,0.9622343107673742,Normal
VET,Ferrari,28,82.66,Soft,27,1,1,33.6,34.7,False,True,29.138,29.892,23.63,2.647999999999996,True,2.0,83.5474347826087,3.340483284330281,80.056,100.573,3.5354347826086947,59,0.9615541106445116,Normal
STR,Williams,27,85.211,Medium,26,1,1,33.6,34.7,False,True,30.07,30.847,24.294,5.198999999999998,True,17.0,86.38468656716418,3.440610288574851,82.66,102.679,6.372686567164179,57,0.9616966443862632,Normal
PER,Force India,27,85.155,Soft,5,2,1,33.6,34.7,False,True,29.748,31.049,24.358,5.143000000000001,True,14.0,85.57748529411765,4.040040063687292,83.263,106.036,5.565485294117646,59,0.9549190847710075,Normal
HAM,Mercedes,28,82.965,Soft,3,2,1,33.6,34.7,False,True,29.317,29.985,23.663,2.953000000000003,True,1.0,83.32930434782608,3.405719934706504,81.107,100.241,3.317304347826086,59,0.9607342020956535,Normal
ERI,Sauber,27,86.3,Medium,21,2,1,33.6,34.7,False,True,30.119,30.912,25.269,6.287999999999997,True,15.0,86.24726865671641,3.6217662591366757,83.671,104.012,6.235268656716419,59,0.9596995087069997,Normal
BOT,Mercedes,28,83.073,Soft,13,2,1,33.3,35.8,False,True,29.542,29.903,23.628,3.060999999999993,True,5.0,84.03839130434783,3.221909454935942,81.736,99.52,4.026391304347825,59,0.9630770301396978,Normal
RAI,Ferrari,28,82.408,Soft,14,2,1,33.3,35.8,False,True,29.331,29.739,23.338,2.396000000000001,True,3.0,83.57584057971015,4.273565316960659,80.292,102.489,3.5638405797101447,57,0.9513535091860809,Normal
RIC,Red Bull Racing,28,82.216,Soft,27,1,1,33.3,35.8,False,True,29.388,29.522,23.306,2.2039999999999935,True,4.0,83.83588405797101,4.178241086222172,80.012,104.904,3.823884057971014,59,0.9525276075927929,Normal
GAS,Toro Rosso,28,83.861,ULTRASOFT,27,1,1,33.3,35.8,False,True,29.967,30.133,23.761,3.8490000000000038,True,6.0,84.31807246376812,3.8881694933963002,81.685,106.181,4.306072463768116,59,0.9559195652470432,Normal
MAG,Haas F1 Team,28,83.909,ULTRASOFT,27,1,1,33.3,35.8,False,True,29.746,30.308,23.855,3.8970000000000056,True,7.0,84.54307352941177,3.6848675316564643,81.302,103.966,4.531073529411764,58,0.9582346874772252,Normal
GRO,Haas F1 Team,28,83.289,ULTRASOFT,27,1,1,33.3,35.8,False,True,29.54,30.067,23.682,3.277000000000001,True,10.0,85.22204411764706,3.5897657406370467,82.606,101.609,5.210044117647058,58,0.9595800857299813,Normal
ALO,McLaren,28,83.671,Soft,27,1,1,33.3,35.8,False,True,29.929,30.037,23.705,3.659000000000006,True,8.0,85.04004411764706,3.5128813807243047,82.09,102.197,5.02804411764706,58,0.9603301487674859,Normal
VAN,McLaren,28,83.784,Soft,27,1,1,33.3,35.8,False,True,29.956,30.192,23.636,3.7720000000000056,True,18.0,85.36235416666666,3.4340507096070145,83.077,101.517,5.350354166666666,40,0.9613266920615544,Normal
OCO,Force India,28,84.264,Soft,27,1,1,33.3,35.8,False,True,29.707,30.575,23.982,4.251999999999995,True,13.0,85.44189705882353,4.067255134919429,82.876,106.822,5.42989705882353,58,0.9545604551575259,Normal
SAI,Renault,28,84.15,Medium,3,2,1,33.3,35.8,False,True,30.008,30.234,23.908,4.138000000000005,True,9.0,85.25298529411765,3.465102800450653,82.774,102.309,5.240985294117646,58,0.9609425442446747,Normal
HAR,Toro Rosso,28,83.699,Medium,4,2,1,33.2,36.4,False,True,29.878,30.201,23.62,3.6869999999999976,True,11.0,85.26885294117648,3.528761413354446,82.612,102.118,5.2568529411764695,58,0.9602606281823562,Normal
HUL,Renault,28,83.758,Medium,5,2,1,33.2,36.4,False,True,29.698,30.272,23.788,3.745999999999995,True,12.0,85.35307352941176,4.1363565491837635,81.261,102.149,5.341073529411765,58,0.9537782669355371,Normal
VET,Ferrari,29,82.61,Soft,28,1,1,33.2,36.4,False,True,29.281,29.816,23.513,2.597999999999999,True,2.0,83.5474347826087,3.340483284330281,80.056,100.573,3.5354347826086947,59,0.9615541106445116,Normal
SIR,Williams,28,86.809,Soft,27,1,1,33.2,36.4,False,True,31.175,31.217,24.417,6.796999999999997,True,16.0,86.39819402985074,3.390948867110466,83.708,103.23,6.386194029850746,57,0.9622343107673742,Normal
STR,Williams,28,85.321,Medium,27,1,1,33.2,36.4,False,True,30.182,30.856,24.283,5.3089999999999975,True,17.0,86.38468656716418,3.440610288574851,82.66,102.679,6.372686567164179,57,0.9616966443862632,Normal
PER,Force India,28,85.373,Soft,6,2,1,33.2,36.4,False,True,29.869,31.242,24.262,5.361000000000004,True,14.0,85.57748529411765,4.040040063687292,83.263,106.036,5.565485294117646,59,0.9549190847710075,Normal
HAM,Mercedes,29,82.887,Soft,4,2,1,33.2,36.4,False,True,29.442,29.899,23.546,2.875,True,1.0,83.32930434782608,3.405719934706504,81.107,100.241,3.317304347826086,59,0.9607342020956535,Normal
ERI,Sauber,28,85.218,Medium,22,2,1,33.2,36.4,False,True,30.056,30.888,24.274,5.206000000000003,True,15.0,86.24726865671641,3.6217662591366757,83.671,104.012,6.235268656716419,59,0.9596995087069997,Normal
BOT,Mercedes,29,83.095,Soft,14,2,1,33.2,36.4,False,True,29.396,29.974,23.725,3.0829999999999984,True,5.0,84.03839130434783,3.221909454935942,81.736,99.52,4.026391304347825,59,0.9630770301396978,Normal
RAI,Ferrari,29,82.597,Soft,15,2,1,33.2,36.4,False,True,29.445,29.703,23.449,2.5849999999999937,True,3.0,83.57584057971015,4.273565316960659,80.292,102.489,3.5638405797101447,57,0.9513535091860809,Normal
RIC,Red Bull Racing,29,82.18,Soft,28,1,1,33.2,36.4,False,True,29.369,29.412,23.399,2.1680000000000064,True,4.0,83.83588405797101,4.178241086222172,80.012,104.904,3.823884057971014,59,0.9525276075927929,Normal
GAS,Toro Rosso,29,83.752,ULTRASOFT,28,1,1,33.2,36.4,False,True,29.819,30.118,23.815,3.739999999999995,True,6.0,84.31807246376812,3.8881694933963002,81.685,106.181,4.306072463768116,59,0.9559195652470432,Normal
MAG,Haas F1 Team,29,84.116,ULTRASOFT,28,1,1,33.2,36.4,False,True,29.712,30.515,23.889,4.103999999999999,True,7.0,84.54307352941177,3.6848675316564643,81.302,103.966,4.531073529411764,58,0.9582346874772252,Normal
GRO,Haas F1 Team,29,86.287,ULTRASOFT,28,1,1,33.6,35.4,False,True,29.778,30.284,26.225,6.275000000000006,False,10.0,85.22204411764706,3.5897657406370467,82.606,101.609,5.210044117647058,58,0.9595800857299813,Outlier
ALO,McLaren,29,83.868,Soft,28,1,1,33.6,35.4,False,True,29.912,30.099,23.857,3.8559999999999945,True,8.0,85.04004411764706,3.5128813807243047,82.09,102.197,5.02804411764706,58,0.9603301487674859,Normal
VAN,McLaren,29,83.877,Soft,28,1,1,33.6,35.4,False,True,29.884,30.218,23.775,3.864999999999995,True,18.0,85.36235416666666,3.4340507096070145,83.077,101.517,5.350354166666666,40,0.9613266920615544,Normal
OCO,Force India,29,84.766,Soft,28,1,1,33.6,35.4,False,True,29.748,30.866,24.152,4.754000000000005,True,13.0,85.44189705882353,4.067255134919429,82.876,106.822,5.42989705882353,58,0.9545604551575259,Normal
SAI,Renault,29,84.196,Medium,4,2,1,33.6,35.4,False,True,29.809,30.246,24.141,4.1839999999999975,True,9.0,85.25298529411765,3.465102800450653,82.774,102.309,5.240985294117646,58,0.9609425442446747,Normal
HAR,Toro Rosso,29,83.906,Medium,5,2,1,33.6,35.4,False,True,29.927,30.192,23.787,3.8940000000000055,True,11.0,85.26885294117648,3.528761413354446,82.612,102.118,5.2568529411764695,58,0.9602606281823562,Normal
HUL,Renault,29,84.227,Medium,6,2,1,33.6,35.4,False,True,29.789,30.401,24.037,4.215000000000003,True,12.0,85.35307352941176,4.1363565491837635,81.261,102.149,5.341073529411765,58,0.9537782669355371,Normal
VET,Ferrari,30,82.527,Soft,29,1,1,33.6,35.4,False,True,29.215,29.697,23.615,2.5150000000000006,True,2.0,83.5474347826087,3.340483284330281,80.056,100.573,3.5354347826086947,59,0.9615541106445116,Normal
SIR,Williams,29,85.346,Soft,28,1,1,33.6,35.4,False,True,30.157,30.739,24.45,5.334000000000003,True,16.0,86.39819402985074,3.390948867110466,83.708,103.23,6.386194029850746,57,0.9622343107673742,Normal
HAM,Mercedes,30,83.702,Soft,5,2,1,33.6,35.4,False,True,29.515,30.416,23.771,3.6899999999999977,True,1.0,83.32930434782608,3.405719934706504,81.107,100.241,3.317304347826086,59,0.9607342020956535,Normal
STR,Williams,29,86.908,Medium,28,1,1,33.6,35.4,False,True,30.198,31.016,25.694,6.896000000000001,True,17.0,86.38468656716418,3.440610288574851,82.66,102.679,6.372686567164179,57,0.9616966443862632,Normal
PER,Force India,29,86.586,Soft,7,2,1,33.6,35.4,False,True,29.622,32.54,24.424,6.573999999999998,True,14.0,85.57748529411765,4.040040063687292,83.263,106.036,5.565485294117646,59,0.9549190847710075,Normal
ERI,Sauber,29,85.35,Medium,23,2,1,33.6,35.4,False,True,30.159,30.765,24.426,5.337999999999994,True,15.0,86.24726865671641,3.6217662591366757,83.671,104.012,6.235268656716419,59,0.9596995087069997,Normal
BOT,Mercedes,30,83.292,Soft,15,2,1,33.6,35.4,False,True,29.529,30.091,23.672,3.280000000000001,True,5.0,84.03839130434783,3.221909454935942,81.736,99.52,4.026391304347825,59,0.9630770301396978,Normal
RAI,Ferrari,30,83.072,Soft,16,2,1,33.6,35.4,False,True,29.348,29.929,23.795,3.0600000000000023,True,3.0,83.57584057971015,4.273565316960659,80.292,102.489,3.5638405797101447,57,0.9513535091860809,Normal
RIC,Red Bull Racing,30,82.367,Soft,29,1,1,33.7,35.6,False,True,29.389,29.489,23.489,2.355000000000004,True,4.0,83.83588405797101,4.178241086222172,80.012,104.904,3.823884057971014,59,0.9525276075927929,Normal
GAS,Toro Rosso,30,84.056,ULTRASOFT,29,1,1,33.7,35.6,False,True,30.002,30.141,23.913,4.043999999999997,True,6.0,84.31807246376812,3.8881694933963002,81.685,106.181,4.306072463768116,59,0.9559195652470432,Normal
MAG,Haas F1 Team,30,84.478,ULTRASOFT,29,1,1,33.7,35.6,False,True,29.669,30.777,24.032,4.465999999999994,True,7.0,84.54307352941177,3.6848675316564643,81.302,103.966,4.531073529411764,58,0.9582346874772252,Normal
ALO,McLaren,30,83.591,Soft,29,1,1,33.7,35.6,False,True,29.856,29.895,23.84,3.5789999999999935,True,8.0,85.04004411764706,3.5128813807243047,82.09,102.197,5.02804411764706,58,0.9603301487674859,Normal
VAN,McLaren,30,83.775,Soft,29,1,1,33.7,35.6,False,True,29.873,30.13,23.772,3.7630000000000052,True,18.0,85.36235416666666,3.4340507096070145,83.077,101.517,5.350354166666666,40,0.9613266920615544,Normal
OCO,Force India,30,84.33,Soft,29,1,1,33.7,35.6,False,True,29.671,30.607,24.052,4.317999999999998,True,13.0,85.44189705882353,4.067255134919429,82.876,106.822,5.42989705882353,58,0.9545604551575259,Normal
SAI,Renault,30,84.414,Medium,5,2,1,33.7,35.6,False,True,29.953,30.492,23.969,4.402000000000001,True,9.0,85.25298529411765,3.465102800450653,82.774,102.309,5.240985294117646,58,0.9609425442446747,Normal
GRO,Haas F1 Team,30,101.609,Soft,1,2,1,33.7,35.6,False,True,47.426,30.305,23.878,21.596999999999994,False,10.0,85.22204411764706,3.5897657406370467,82.606,101.609,5.210044117647058,58,0.9595800857299813,Outlier
HAR,Toro Rosso,30,85.36,Medium,6,2,1,33.7,35.6,False,True,30.268,31.044,24.048,5.347999999999999,True,11.0,85.26885294117648,3.528761413354446,82.612,102.118,5.2568529411764695,58,0.9602606281823562,Normal
HUL,Renault,30,85.003,Medium,7,2,1,33.7,35.6,False,True,29.997,30.939,24.067,4.991,True,12.0,85.35307352941176,4.1363565491837635,81.261,102.149,5.341073529411765,58,0.9537782669355371,Normal
VET,Ferrari,31,82.712,Soft,30,1,1,33.7,35.6,False,True,29.196,29.809,23.707,2.700000000000003,True,2.0,83.5474347826087,3.340483284330281,80.056,100.573,3.5354347826086947,59,0.9615541106445116,Normal
SIR,Williams,30,85.373,Soft,29,1,1,33.8,35.8,False,True,30.045,31.013,24.315,5.361000000000004,True,16.0,86.39819402985074,3.390948867110466,83.708,103.23,6.386194029850746,57,0.9622343107673742,Normal
HAM,Mercedes,31,82.798,Soft,6,2,1,33.8,35.8,False,True,29.382,29.951,23.465,2.7860000000000014,True,1.0,83.32930434782608,3.405719934706504,81.107,100.241,3.317304347826086,59,0.9607342020956535,Normal
PER,Force India,30,84.195,Soft,8,2,1,33.8,35.8,False,True,29.454,30.57,24.171,4.182999999999993,True,14.0,85.57748529411765,4.040040063687292,83.263,106.036,5.565485294117646,59,0.9549190847710075,Normal
STR,Williams,30,86.888,Medium,29,1,1,33.8,35.8,False,True,30.746,31.674,24.468,6.876000000000005,True,17.0,86.38468656716418,3.440610288574851,82.66,102.679,6.372686567164179,57,0.9616966443862632,Normal
ERI,Sauber,30,85.382,Medium,24,2,1,33.8,35.8,False,True,30.164,30.887,24.331,5.3700000000000045,True,15.0,86.24726865671641,3.6217662591366757,83.671,104.012,6.235268656716419,59,0.9596995087069997,Normal
BOT,Mercedes,31,83.971,Soft,16,2,1,33.8,35.8,False,True,29.928,30.135,23.908,3.959000000000003,True,5.0,84.03839130434783,3.221909454935942,81.736,99.52,4.026391304347825,59,0.9630770301396978,Normal
RAI,Ferrari,31,83.173,Soft,17,2,1,33.8,35.8,False,True,29.5,30.138,23.535,3.1610000000000014,True,3.0,83.57584057971015,4.273565316960659,80.292,102.489,3.5638405797101447,57,0.9513535091860809,Normal
RIC,Red Bull Racing,31,82.641,Soft,30,1,1,33.8,35.8,False,True,29.464,29.724,23.453,2.629000000000005,True,4.0,83.83588405797101,4.178241086222172,80.012,104.904,3.823884057971014,59,0.9525276075927929,Normal
GAS,Toro Rosso,31,84.125,ULTRASOFT,30,1,1,33.8,35.8,False,True,30.018,30.309,23.798,4.1129999999999995,True,6.0,84.31807246376812,3.8881694933963002,81.685,106.181,4.306072463768116,59,0.9559195652470432,Normal
MAG,Haas F1 Team,31,86.692,ULTRASOFT,30,1,1,33.8,35.8,False,True,29.845,30.594,26.253,6.679999999999993,False,7.0,84.54307352941177,3.6848675316564643,81.302,103.966,4.531073529411764,58,0.9582346874772252,Outlier
ALO,McLaren,31,83.597,Soft,30,1,1,33.8,35.8,False,True,29.986,29.894,23.717,3.5849999999999937,True,8.0,85.04004411764706,3.5128813807243047,82.09,102.197,5.02804411764706,58,0.9603301487674859,Normal
VAN,McLaren,31,83.773,Soft,30,1,1,33.8,35.8,False,True,29.929,30.126,23.718,3.7609999999999957,True,18.0,85.36235416666666,3.4340507096070145,83.077,101.517,5.350354166666666,40,0.9613266920615544,Normal
OCO,Force India,31,84.543,Soft,30,1,1,34.0,35.9,False,True,29.75,30.62,24.173,4.531000000000006,True,13.0,85.44189705882353,4.067255134919429,82.876,106.822,5.42989705882353,58,0.9545604551575259,Normal
SAI,Renault,31,84.284,Medium,6,2,1,34.0,35.9,False,True,29.857,30.43,23.997,4.272000000000006,True,9.0,85.25298529411765,3.465102800450653,82.774,102.309,5.240985294117646,58,0.9609425442446747,Normal
GRO,Haas F1 Team,31,83.939,Soft,2,2,1,34.0,35.9,False,True,29.628,30.272,24.039,3.9269999999999925,True,10.0,85.22204411764706,3.5897657406370467,82.606,101.609,5.210044117647058,58,0.9595800857299813,Normal
HAR,Toro Rosso,31,84.99,Medium,7,2,1,34.0,35.9,False,True,30.274,30.657,24.059,4.977999999999994,True,11.0,85.26885294117648,3.528761413354446,82.612,102.118,5.2568529411764695,58,0.9602606281823562,Normal
VET,Ferrari,32,83.192,Soft,31,1,1,34.0,35.9,False,True,29.233,30.285,23.674,3.1799999999999926,True,2.0,83.5474347826087,3.340483284330281,80.056,100.573,3.5354347826086947,59,0.9615541106445116,Normal
HUL,Renault,31,86.679,Medium,8,2,1,34.0,35.9,False,True,30.064,32.658,23.957,6.667000000000002,True,12.0,85.35307352941176,4.1363565491837635,81.261,102.149,5.341073529411765,58,0.9537782669355371,Normal
SIR,Williams,31,87.781,Soft,30,1,1,34.0,35.9,False,True,30.108,30.847,26.826,7.7690000000000055,False,16.0,86.39819402985074,3.390948867110466,83.708,103.23,6.386194029850746,57,0.9622343107673742,Outlier
HAM,Mercedes,32,82.92,Soft,7,2,1,34.0,35.9,False,True,29.436,29.941,23.543,2.9080000000000013,True,1.0,83.32930434782608,3.405719934706504,81.107,100.241,3.317304347826086,59,0.9607342020956535,Normal
PER,Force India,31,84.207,Soft,9,2,1,34.0,35.9,False,True,29.694,30.395,24.118,4.194999999999993,True,14.0,85.57748529411765,4.040040063687292,83.263,106.036,5.565485294117646,59,0.9549190847710075,Normal
STR,Williams,31,85.445,Medium,30,1,1,34.0,35.9,False,True,30.082,31.001,24.362,5.432999999999993,True,17.0,86.38468656716418,3.440610288574851,82.66,102.679,6.372686567164179,57,0.9616966443862632,Normal
ERI,Sauber,31,85.327,Medium,25,2,1,34.0,35.9,False,True,30.103,30.87,24.354,5.314999999999998,True,15.0,86.24726865671641,3.6217662591366757,83.671,104.012,6.235268656716419,59,0.9596995087069997,Normal
BOT,Mercedes,32,83.73,Soft,17,2,1,34.0,35.9,False,True,29.521,30.313,23.896,3.7180000000000035,True,5.0,84.03839130434783,3.221909454935942,81.736,99.52,4.026391304347825,59,0.9630770301396978,Normal
RAI,Ferrari,32,83.375,Soft,18,2,1,34.0,35.9,False,True,29.433,30.163,23.779,3.3629999999999995,True,3.0,83.57584057971015,4.273565316960659,80.292,102.489,3.5638405797101447,57,0.9513535091860809,Normal
RIC,Red Bull Racing,32,82.573,Soft,31,1,1,34.0,35.9,False,True,29.324,29.755,23.494,2.560999999999993,True,4.0,83.83588405797101,4.178241086222172,80.012,104.904,3.823884057971014,59,0.9525276075927929,Normal
GAS,Toro Rosso,32,86.145,ULTRASOFT,31,1,1,34.0,35.9,False,True,29.943,30.245,25.957,6.132999999999996,False,6.0,84.31807246376812,3.8881694933963002,81.685,106.181,4.306072463768116,59,0.9559195652470432,Outlier
ALO,McLaren,32,83.516,Soft,31,1,1,33.7,34.8,False,True,29.954,29.862,23.7,3.504000000000005,True,8.0,85.04004411764706,3.5128813807243047,82.09,102.197,5.02804411764706,58,0.9603301487674859,Normal
VAN,McLaren,32,83.648,Soft,31,1,1,33.7,34.8,False,True,29.853,30.117,23.678,3.6359999999999957,True,18.0,85.36235416666666,3.4340507096070145,83.077,101.517,5.350354166666666,40,0.9613266920615544,Normal
MAG,Haas F1 Team,32,103.966,Soft,1,2,1,33.7,34.8,False,True,50.638,29.936,23.392,23.953999999999994,False,7.0,84.54307352941177,3.6848675316564643,81.302,103.966,4.531073529411764,58,0.9582346874772252,Outlier
OCO,Force India,32,84.696,Soft,31,1,1,33.7,34.8,False,True,29.757,30.764,24.175,4.6839999999999975,True,13.0,85.44189705882353,4.067255134919429,82.876,106.822,5.42989705882353,58,0.9545604551575259,Normal
SAI,Renault,32,84.471,Medium,7,2,1,33.7,34.8,False,True,29.931,30.518,24.022,4.459000000000003,True,9.0,85.25298529411765,3.465102800450653,82.774,102.309,5.240985294117646,58,0.9609425442446747,Normal
GRO,Haas F1 Team,32,84.426,Soft,3,2,1,33.7,34.8,False,True,29.777,30.488,24.161,4.4140000000000015,True,10.0,85.22204411764706,3.5897657406370467,82.606,101.609,5.210044117647058,58,0.9595800857299813,Normal
VET,Ferrari,33,83.039,Soft,32,1,1,33.7,34.8,False,True,29.357,30.034,23.648,3.027000000000001,True,2.0,83.5474347826087,3.340483284330281,80.056,100.573,3.5354347826086947,59,0.9615541106445116,Normal
HAR,Toro Rosso,32,86.264,Medium,8,2,1,33.7,34.8,False,True,30.051,32.422,23.791,6.251999999999995,True,11.0,85.26885294117648,3.528761413354446,82.612,102.118,5.2568529411764695,58,0.9602606281823562,Normal
HUL,Renault,32,84.25,Medium,9,2,1,33.7,34.8,False,True,29.86,30.37,24.02,4.2379999999999995,True,12.0,85.35307352941176,4.1363565491837635,81.261,102.149,5.341073529411765,58,0.9537782669355371,Normal
HAM,Mercedes,33,82.377,Soft,8,2,1,33.7,34.8,False,True,29.311,29.7,23.366,2.364999999999995,True,1.0,83.32930434782608,3.405719934706504,81.107,100.241,3.317304347826086,59,0.9607342020956535,Normal
PER,Force India,32,84.07,Soft,10,2,1,33.7,34.8,False,True,29.633,30.49,23.947,4.057999999999993,True,14.0,85.57748529411765,4.040040063687292,83.263,106.036,5.565485294117646,59,0.9549190847710075,Normal
STR,Williams,32,85.108,Medium,31,1,1,33.3,36.0,False,True,29.991,30.737,24.38,5.096000000000004,True,17.0,86.38468656716418,3.440610288574851,82.66,102.679,6.372686567164179,57,0.9616966443862632,Normal
BOT,Mercedes,33,83.16,Soft,18,2,1,33.3,36.0,False,True,29.267,30.111,23.782,3.147999999999996,True,5.0,84.03839130434783,3.221909454935942,81.736,99.52,4.026391304347825,59,0.9630770301396978,Normal
RAI,Ferrari,33,83.409,Soft,19,2,1,33.3,36.0,False,True,29.538,30.295,23.576,3.3970000000000056,True,3.0,83.57584057971015,4.273565316960659,80.292,102.489,3.5638405797101447,57,0.9513535091860809,Normal
ERI,Sauber,32,87.512,Medium,26,2,1,33.3,36.0,False,True,31.99,31.353,24.169,7.5,True,15.0,86.24726865671641,3.6217662591366757,83.671,104.012,6.235268656716419,59,0.9596995087069997,Normal
RIC,Red Bull Racing,33,82.709,Soft,32,1,1,33.3,36.0,False,True,29.333,29.816,23.56,2.6970000000000027,True,4.0,83.83588405797101,4.178241086222172,80.012,104.904,3.823884057971014,59,0.9525276075927929,Normal
SIR,Williams,32,103.23,Medium,1,2,1,33.3,36.0,False,True,48.575,30.819,23.836,23.218000000000004,False,16.0,86.39819402985074,3.390948867110466,83.708,103.23,6.386194029850746,57,0.9622343107673742,Outlier
GAS,Toro Rosso,33,101.209,Soft,1,2,1,33.3,36.0,False,True,47.983,29.932,23.294,21.197000000000003,False,6.0,84.31807246376812,3.8881694933963002,81.685,106.181,4.306072463768116,59,0.9559195652470432,Outlier
ALO,McLaren,33,84.045,Soft,32,1,1,33.3,36.0,False,True,29.914,30.273,23.858,4.033000000000001,True,8.0,85.04004411764706,3.5128813807243047,82.09,102.197,5.02804411764706,58,0.9603301487674859,Normal
VAN,McLaren,33,83.762,Soft,32,1,1,33.3,36.0,False,True,29.885,30.175,23.702,3.75,True,18.0,85.36235416666666,3.4340507096070145,83.077,101.517,5.350354166666666,40,0.9613266920615544,Normal
MAG,Haas F1 Team,33,82.869,Soft,2,2,1,33.3,36.0,False,True,29.483,30.031,23.355,2.8569999999999993,True,7.0,84.54307352941177,3.6848675316564643,81.302,103.966,4.531073529411764,58,0.9582346874772252,Normal
OCO,Force India,33,84.654,Soft,32,1,1,33.3,36.0,False,True,29.705,30.87,24.079,4.641999999999996,True,13.0,85.44189705882353,4.067255134919429,82.876,106.822,5.42989705882353,58,0.9545604551575259,Normal
SAI,Renault,33,84.851,Medium,8,2,1,33.3,36.0,False,True,29.858,30.755,24.238,4.838999999999999,True,9.0,85.25298529411765,3.465102800450653,82.774,102.309,5.240985294117646,58,0.9609425442446747,Normal
GRO,Haas F1 Team,33,84.981,Soft,4,2,1,33.5,35.7,False,True,29.689,30.987,24.305,4.968999999999994,True,10.0,85.22204411764706,3.5897657406370467,82.606,101.609,5.210044117647058,58,0.9595800857299813,Normal
VET,Ferrari,34,82.794,Soft,33,1,1,33.5,35.7,False,True,29.204,29.856,23.734,2.7819999999999965,True,2.0,83.5474347826087,3.340483284330281,80.056,100.573,3.5354347826086947,59,0.9615541106445116,Normal
HAR,Toro Rosso,33,84.227,Medium,9,2,1,33.5,35.7,False,True,29.948,30.59,23.689,4.215000000000003,True,11.0,85.26885294117648,3.528761413354446,82.612,102.118,5.2568529411764695,58,0.9602606281823562,Normal
HUL,Renault,33,84.542,Medium,10,2,1,33.5,35.7,False,True,29.833,30.715,23.994,4.530000000000001,True,12.0,85.35307352941176,4.1363565491837635,81.261,102.149,5.341073529411765,58,0.9537782669355371,Normal
HAM,Mercedes,34,82.343,Soft,9,2,1,33.5,35.7,False,True,29.304,29.561,23.478,2.331000000000003,True,1.0,83.32930434782608,3.405719934706504,81.107,100.241,3.317304347826086,59,0.9607342020956535,Normal
PER,Force India,33,83.813,Soft,11,2,1,33.5,35.7,False,True,29.614,30.287,23.912,3.801000000000002,True,14.0,85.57748529411765,4.040040063687292,83.263,106.036,5.565485294117646,59,0.9549190847710075,Normal
BOT,Mercedes,34,83.116,Soft,19,2,1,33.5,35.7,False,True,29.246,30.249,23.621,3.103999999999999,True,5.0,84.03839130434783,3.221909454935942,81.736,99.52,4.026391304347825,59,0.9630770301396978,Normal
RAI,Ferrari,34,83.117,Soft,20,2,1,33.5,35.7,False,True,29.448,30.065,23.604,3.105000000000004,True,3.0,83.57584057971015,4.273565316960659,80.292,102.489,3.5638405797101447,57,0.9513535091860809,Normal
STR,Williams,33,88.669,Medium,32,1,1,33.5,35.7,False,True,32.123,32.06,24.486,8.656999999999996,True,17.0,86.38468656716418,3.440610288574851,82.66,102.679,6.372686567164179,57,0.9616966443862632,Normal
RIC,Red Bull Racing,34,84.141,Soft,33,1,1,33.5,35.7,False,True,29.649,30.795,23.697,4.129000000000005,True,4.0,83.83588405797101,4.178241086222172,80.012,104.904,3.823884057971014,59,0.9525276075927929,Normal
ERI,Sauber,33,86.781,Medium,27,2,1,33.5,35.7,False,True,30.065,31.33,25.386,6.7690000000000055,True,15.0,86.24726865671641,3.6217662591366757,83.671,104.012,6.235268656716419,59,0.9596995087069997,Normal
SIR,Williams,33,84.56,Medium,2,2,1,33.5,35.7,False,True,29.821,30.642,24.097,4.548000000000002,True,16.0,86.39819402985074,3.390948867110466,83.708,103.23,6.386194029850746,57,0.9622343107673742,Normal
GAS,Toro Rosso,34,83.145,Soft,2,2,1,34.0,34.1,False,True,29.79,29.985,23.37,3.1329999999999956,True,6.0,84.31807246376812,3.8881694933963002,81.685,106.181,4.306072463768116,59,0.9559195652470432,Normal
ALO,McLaren,34,83.7,Soft,33,1,1,34.0,34.1,False,True,29.875,30.1,23.725,3.6880000000000024,True,8.0,85.04004411764706,3.5128813807243047,82.09,102.197,5.02804411764706,58,0.9603301487674859,Normal
VAN,McLaren,34,83.811,Soft,33,1,1,34.0,34.1,False,True,29.886,30.179,23.746,3.7990000000000066,True,18.0,85.36235416666666,3.4340507096070145,83.077,101.517,5.350354166666666,40,0.9613266920615544,Normal
MAG,Haas F1 Team,34,83.457,Soft,3,2,1,34.0,34.1,False,True,29.561,30.341,23.555,3.444999999999993,True,7.0,84.54307352941177,3.6848675316564643,81.302,103.966,4.531073529411764,58,0.9582346874772252,Normal
OCO,Force India,34,84.775,Soft,33,1,1,34.0,34.1,False,True,29.764,30.897,24.114,4.763000000000005,True,13.0,85.44189705882353,4.067255134919429,82.876,106.822,5.42989705882353,58,0.9545604551575259,Normal
SAI,Renault,34,84.487,Medium,9,2,1,34.0,34.1,False,True,29.962,30.54,23.985,4.474999999999994,True,9.0,85.25298529411765,3.465102800450653,82.774,102.309,5.240985294117646,58,0.9609425442446747,Normal
VET,Ferrari,35,83.662,Soft,34,1,1,34.0,34.1,False,True,29.484,30.412,23.766,3.6500000000000057,True,2.0,83.5474347826087,3.340483284330281,80.056,100.573,3.5354347826086947,59,0.9615541106445116,Normal
GRO,Haas F1 Team,34,86.126,Soft,5,2,1,34.0,34.1,False,True,31.432,30.842,23.852,6.114000000000004,True,10.0,85.22204411764706,3.5897657406370467,82.606,101.609,5.210044117647058,58,0.9595800857299813,Normal
HAR,Toro Rosso,34,84.126,Medium,10,2,1,34.0,34.1,False,True,29.926,30.52,23.68,4.114000000000004,True,11.0,85.26885294117648,3.528761413354446,82.612,102.118,5.2568529411764695,58,0.9602606281823562,Normal
HUL,Renault,34,84.533,Medium,11,2,1,34.0,34.1,False,True,29.899,30.807,23.827,4.521000000000001,True,12.0,85.35307352941176,4.1363565491837635,81.261,102.149,5.341073529411765,58,0.9537782669355371,Normal
HAM,Mercedes,35,82.712,Soft,10,2,1,34.0,34.1,False,True,29.494,29.9,23.318,2.700000000000003,True,1.0,83.32930434782608,3.405719934706504,81.107,100.241,3.317304347826086,59,0.9607342020956535,Normal
PER,Force India,34,83.991,Soft,12,2,1,34.0,34.1,False,True,29.685,30.456,23.85,3.978999999999999,True,14.0,85.57748529411765,4.040040063687292,83.263,106.036,5.565485294117646,59,0.9549190847710075,Normal
BOT,Mercedes,35,82.901,Soft,20,2,1,34.0,34.1,False,True,29.363,30.052,23.486,2.888999999999996,True,5.0,84.03839130434783,3.221909454935942,81.736,99.52,4.026391304347825,59,0.9630770301396978,Normal
RAI,Ferrari,35,82.857,Soft,21,2,1,34.0,34.1,False,True,29.409,30.074,23.374,2.844999999999999,True,3.0,83.57584057971015,4.273565316960659,80.292,102.489,3.5638405797101447,57,0.9513535091860809,Normal
RIC,Red Bull Racing,35,82.912,Soft,34,1,1,34.0,34.1,False,True,29.65,29.883,23.379,2.9000000000000057,True,4.0,83.83588405797101,4.178241086222172,80.012,104.904,3.823884057971014,59,0.9525276075927929,Normal
STR,Williams,34,87.48,Medium,33,1,1,34.0,34.1,False,True,31.373,31.686,24.421,7.4680000000000035,True,17.0,86.38468656716418,3.440610288574851,82.66,102.679,6.372686567164179,57,0.9616966443862632,Normal
ERI,Sauber,34,85.932,Medium,28,2,1,34.1,33.3,False,True,29.971,31.482,24.479,5.920000000000002,True,15.0,86.24726865671641,3.6217662591366757,83.671,104.012,6.235268656716419,59,0.9596995087069997,Normal
SIR,Williams,34,85.285,Medium,3,2,1,34.1,33.3,False,True,30.05,30.905,24.33,5.272999999999996,True,16.0,86.39819402985074,3.390948867110466,83.708,103.23,6.386194029850746,57,0.9622343107673742,Normal
GAS,Toro Rosso,35,83.417,Soft,3,2,1,34.1,33.3,False,True,29.832,30.165,23.42,3.405000000000001,True,6.0,84.31807246376812,3.8881694933963002,81.685,106.181,4.306072463768116,59,0.9559195652470432,Normal
ALO,McLaren,35,83.673,Soft,34,1,1,34.1,33.3,False,True,29.871,30.064,23.738,3.6610000000000014,True,8.0,85.04004411764706,3.5128813807243047,82.09,102.197,5.02804411764706,58,0.9603301487674859,Normal
VAN,McLaren,35,83.724,Soft,34,1,1,34.1,33.3,False,True,29.773,30.261,23.69,3.7120000000000033,True,18.0,85.36235416666666,3.4340507096070145,83.077,101.517,5.350354166666666,40,0.9613266920615544,Normal
MAG,Haas F1 Team,35,83.21,Soft,4,2,1,34.1,33.3,False,True,29.56,30.12,23.53,3.1979999999999933,True,7.0,84.54307352941177,3.6848675316564643,81.302,103.966,4.531073529411764,58,0.9582346874772252,Normal
OCO,Force India,35,84.868,Soft,34,1,1,34.1,33.3,False,True,29.758,30.953,24.157,4.8559999999999945,True,13.0,85.44189705882353,4.067255134919429,82.876,106.822,5.42989705882353,58,0.9545604551575259,Normal
VET,Ferrari,36,84.217,Soft,35,1,1,34.1,33.3,False,True,29.439,30.774,24.004,4.204999999999998,True,2.0,83.5474347826087,3.340483284330281,80.056,100.573,3.5354347826086947,59,0.9615541106445116,Normal
SAI,Renault,35,86.548,Medium,10,2,1,34.1,33.3,False,True,29.842,31.121,25.585,6.536000000000001,True,9.0,85.25298529411765,3.465102800450653,82.774,102.309,5.240985294117646,58,0.9609425442446747,Normal
GRO,Haas F1 Team,35,84.391,Soft,6,2,1,34.1,33.3,False,True,29.7,30.536,24.155,4.379000000000005,True,10.0,85.22204411764706,3.5897657406370467,82.606,101.609,5.210044117647058,58,0.9595800857299813,Normal
HAR,Toro Rosso,35,84.279,Medium,11,2,1,34.1,33.3,False,True,29.901,30.716,23.662,4.266999999999996,True,11.0,85.26885294117648,3.528761413354446,82.612,102.118,5.2568529411764695,58,0.9602606281823562,Normal
HUL,Renault,35,84.44,Medium,12,2,1,34.1,33.3,False,True,29.956,30.528,23.956,4.427999999999997,True,12.0,85.35307352941176,4.1363565491837635,81.261,102.149,5.341073529411765,58,0.9537782669355371,Normal
HAM,Mercedes,36,82.373,Soft,11,2,1,34.3,32.3,False,True,29.438,29.797,23.138,2.361000000000004,True,1.0,83.32930434782608,3.405719934706504,81.107,100.241,3.317304347826086,59,0.9607342020956535,Normal
PER,Force India,35,83.888,Soft,13,2,1,34.3,32.3,False,True,29.606,30.498,23.784,3.8760000000000048,True,14.0,85.57748529411765,4.040040063687292,83.263,106.036,5.565485294117646,59,0.9549190847710075,Normal
BOT,Mercedes,36,82.602,Soft,21,2,1,34.3,32.3,False,True,29.404,29.864,23.334,2.5900000000000034,True,5.0,84.03839130434783,3.221909454935942,81.736,99.52,4.026391304347825,59,0.9630770301396978,Normal
RAI,Ferrari,36,82.79,Soft,22,2,1,34.3,32.3,False,True,29.422,29.941,23.427,2.778000000000006,True,3.0,83.57584057971015,4.273565316960659,80.292,102.489,3.5638405797101447,57,0.9513535091860809,Normal
RIC,Red Bull Racing,36,82.634,Soft,35,1,1,34.3,32.3,False,True,29.613,29.659,23.362,2.622,True,4.0,83.83588405797101,4.178241086222172,80.012,104.904,3.823884057971014,59,0.9525276075927929,Normal
STR,Williams,35,85.304,Medium,34,1,1,34.3,32.3,False,True,30.037,30.758,24.509,5.292000000000002,True,17.0,86.38468656716418,3.440610288574851,82.66,102.679,6.372686567164179,57,0.9616966443862632,Normal
ERI,Sauber,35,85.512,Medium,29,2,1,34.3,32.3,False,True,30.203,31.027,24.282,5.5,True,15.0,86.24726865671641,3.6217662591366757,83.671,104.012,6.235268656716419,59,0.9596995087069997,Normal
SIR,Williams,35,85.353,Medium,4,2,1,34.3,32.3,False,True,30.195,30.857,24.301,5.340999999999994,True,16.0,86.39819402985074,3.390948867110466,83.708,103.23,6.386194029850746,57,0.9622343107673742,Normal
GAS,Toro Rosso,36,83.137,Soft,4,2,1,34.3,32.3,False,True,29.806,29.838,23.493,3.125,True,6.0,84.31807246376812,3.8881694933963002,81.685,106.181,4.306072463768116,59,0.9559195652470432,Normal
ALO,McLaren,36,83.283,Soft,35,1,1,34.3,32.3,False,True,29.788,29.811,23.684,3.271000000000001,True,8.0,85.04004411764706,3.5128813807243047,82.09,102.197,5.02804411764706,58,0.9603301487674859,Normal
VAN,McLaren,36,83.389,Soft,35,1,1,34.3,32.3,False,True,29.682,30.076,23.631,3.3769999999999953,True,18.0,85.36235416666666,3.4340507096070145,83.077,101.517,5.350354166666666,40,0.9613266920615544,Normal
MAG,Haas F1 Team,36,83.216,Soft,5,2,1,34.0,32.5,False,True,29.51,30.172,23.534,3.2039999999999935,True,7.0,84.54307352941177,3.6848675316564643,81.302,103.966,4.531073529411764,58,0.9582346874772252,Normal
OCO,Force India,36,84.616,Soft,35,1,1,34.0,32.5,False,True,29.549,30.817,24.25,4.603999999999999,True,13.0,85.44189705882353,4.067255134919429,82.876,106.822,5.42989705882353,58,0.9545604551575259,Normal
VET,Ferrari,37,83.545,Soft,36,1,1,34.0,32.5,False,True,29.346,30.408,23.791,3.5330000000000013,True,2.0,83.5474347826087,3.340483284330281,80.056,100.573,3.5354347826086947,59,0.9615541106445116,Normal
SAI,Renault,36,84.3,Medium,11,2,1,34.0,32.5,False,True,29.677,30.729,23.894,4.287999999999997,True,9.0,85.25298529411765,3.465102800450653,82.774,102.309,5.240985294117646,58,0.9609425442446747,Normal
GRO,Haas F1 Team,36,84.788,Soft,7,2,1,34.0,32.5,False,True,29.756,30.921,24.111,4.775999999999996,True,10.0,85.22204411764706,3.5897657406370467,82.606,101.609,5.210044117647058,58,0.9595800857299813,Normal
HAR,Toro Rosso,36,84.541,Medium,12,2,1,34.0,32.5,False,True,29.958,30.778,23.805,4.528999999999996,True,11.0,85.26885294117648,3.528761413354446,82.612,102.118,5.2568529411764695,58,0.9602606281823562,Normal
HUL,Renault,36,84.316,Medium,13,2,1,34.0,32.5,False,True,29.773,30.373,24.17,4.304000000000002,True,12.0,85.35307352941176,4.1363565491837635,81.261,102.149,5.341073529411765,58,0.9537782669355371,Normal
HAM,Mercedes,37,82.499,Soft,12,2,1,34.0,32.5,False,True,29.328,29.79,23.381,2.4869999999999948,True,1.0,83.32930434782608,3.405719934706504,81.107,100.241,3.317304347826086,59,0.9607342020956535,Normal
PER,Force India,36,83.893,Soft,14,2,1,34.0,32.5,False,True,29.557,30.293,24.043,3.8810000000000002,True,14.0,85.57748529411765,4.040040063687292,83.263,106.036,5.565485294117646,59,0.9549190847710075,Normal
BOT,Mercedes,37,82.468,Soft,22,2,1,34.0,32.5,False,True,29.214,29.753,23.501,2.456000000000003,True,5.0,84.03839130434783,3.221909454935942,81.736,99.52,4.026391304347825,59,0.9630770301396978,Normal
RAI,Ferrari,37,82.55,Soft,23,2,1,34.0,32.5,False,True,29.286,29.883,23.381,2.5379999999999967,True,3.0,83.57584057971015,4.273565316960659,80.292,102.489,3.5638405797101447,57,0.9513535091860809,Normal
RIC,Red Bull Racing,37,82.222,Soft,36,1,1,34.0,32.5,False,True,29.305,29.562,23.355,2.2099999999999937,True,4.0,83.83588405797101,4.178241086222172,80.012,104.904,3.823884057971014,59,0.9525276075927929,Normal
STR,Williams,36,85.292,Medium,35,1,1,34.0,32.5,False,True,29.88,31.028,24.384,5.280000000000001,True,17.0,86.38468656716418,3.440610288574851,82.66,102.679,6.372686567164179,57,0.9616966443862632,Normal
ERI,Sauber,36,85.213,Medium,30,2,1,34.0,32.5,False,True,30.028,31.022,24.163,5.200999999999993,True,15.0,86.24726865671641,3.6217662591366757,83.671,104.012,6.235268656716419,59,0.9596995087069997,Normal
SIR,Williams,36,85.618,Medium,5,2,1,34.0,32.5,False,True,30.077,31.26,24.281,5.6059999999999945,True,16.0,86.39819402985074,3.390948867110466,83.708,103.23,6.386194029850746,57,0.9622343107673742,Normal
GAS,Toro Rosso,37,83.142,Soft,5,2,1,33.9,33.5,False,True,29.85,29.827,23.465,3.1299999999999955,True,6.0,84.31807246376812,3.8881694933963002,81.685,106.181,4.306072463768116,59,0.9559195652470432,Normal
ALO,McLaren,37,83.697,Soft,36,1,1,33.9,33.5,False,True,29.776,30.12,23.801,3.6850000000000023,True,8.0,85.04004411764706,3.5128813807243047,82.09,102.197,5.02804411764706,58,0.9603301487674859,Normal
VAN,McLaren,37,83.369,Soft,36,1,1,33.9,33.5,False,True,29.688,30.089,23.592,3.3569999999999993,True,18.0,85.36235416666666,3.4340507096070145,83.077,101.517,5.350354166666666,40,0.9613266920615544,Normal
MAG,Haas F1 Team,37,83.407,Soft,6,2,1,33.9,33.5,False,True,29.487,30.325,23.595,3.394999999999996,True,7.0,84.54307352941177,3.6848675316564643,81.302,103.966,4.531073529411764,58,0.9582346874772252,Normal
VET,Ferrari,38,82.962,Soft,37,1,1,33.9,33.5,False,True,29.248,30.102,23.612,2.950000000000003,True,2.0,83.5474347826087,3.340483284330281,80.056,100.573,3.5354347826086947,59,0.9615541106445116,Normal
OCO,Force India,37,86.185,Soft,36,1,1,33.9,33.5,False,True,30.674,31.366,24.145,6.173000000000002,True,13.0,85.44189705882353,4.067255134919429,82.876,106.822,5.42989705882353,58,0.9545604551575259,Normal
SAI,Renault,37,84.699,Medium,12,2,1,33.9,33.5,False,True,29.855,30.7,24.144,4.686999999999998,True,9.0,85.25298529411765,3.465102800450653,82.774,102.309,5.240985294117646,58,0.9609425442446747,Normal
GRO,Haas F1 Team,37,84.434,Soft,8,2,1,33.9,33.5,False,True,29.863,30.607,23.964,4.421999999999997,True,10.0,85.22204411764706,3.5897657406370467,82.606,101.609,5.210044117647058,58,0.9595800857299813,Normal
HAR,Toro Rosso,37,84.317,Medium,13,2,1,33.9,33.5,False,True,30.006,30.531,23.78,4.304999999999993,True,11.0,85.26885294117648,3.528761413354446,82.612,102.118,5.2568529411764695,58,0.9602606281823562,Normal
HUL,Renault,37,84.209,Medium,14,2,1,33.9,33.5,False,True,29.84,30.408,23.961,4.197000000000003,True,12.0,85.35307352941176,4.1363565491837635,81.261,102.149,5.341073529411765,58,0.9537782669355371,Normal
HAM,Mercedes,38,83.301,Soft,13,2,1,33.9,33.5,False,True,29.331,29.894,24.076,3.2890000000000015,True,1.0,83.32930434782608,3.405719934706504,81.107,100.241,3.317304347826086,59,0.9607342020956535,Normal
BOT,Mercedes,38,81.842,Soft,23,2,1,33.9,33.5,False,True,29.23,29.34,23.272,1.8299999999999983,True,5.0,84.03839130434783,3.221909454935942,81.736,99.52,4.026391304347825,59,0.9630770301396978,Normal
RAI,Ferrari,38,85.119,Soft,24,2,1,34.1,33.7,False,True,29.521,29.947,25.651,5.106999999999999,False,3.0,83.57584057971015,4.273565316960659,80.292,102.489,3.5638405797101447,57,0.9513535091860809,Outlier
PER,Force India,37,87.269,Soft,15,2,1,34.1,33.7,False,True,31.979,31.27,24.02,7.257000000000005,True,14.0,85.57748529411765,4.040040063687292,83.263,106.036,5.565485294117646,59,0.9549190847710075,Normal
RIC,Red Bull Racing,38,82.933,Soft,37,1,1,34.1,33.7,False,True,29.453,29.911,23.569,2.9210000000000065,True,4.0,83.83588405797101,4.178241086222172,80.012,104.904,3.823884057971014,59,0.9525276075927929,Normal
STR,Williams,37,85.515,Medium,36,1,1,34.1,33.7,False,True,30.017,30.934,24.564,5.503,True,17.0,86.38468656716418,3.440610288574851,82.66,102.679,6.372686567164179,57,0.9616966443862632,Normal
ERI,Sauber,37,85.424,Medium,31,2,1,34.1,33.7,False,True,30.116,31.176,24.132,5.412000000000006,True,15.0,86.24726865671641,3.6217662591366757,83.671,104.012,6.235268656716419,59,0.9596995087069997,Normal
SIR,Williams,37,85.191,Medium,6,2,1,34.1,33.7,False,True,30.211,30.768,24.212,5.179000000000002,True,16.0,86.39819402985074,3.390948867110466,83.708,103.23,6.386194029850746,57,0.9622343107673742,Normal
GAS,Toro Rosso,38,83.13,Soft,6,2,1,34.1,33.7,False,True,29.795,29.939,23.396,3.117999999999995,True,6.0,84.31807246376812,3.8881694933963002,81.685,106.181,4.306072463768116,59,0.9559195652470432,Normal
ALO,McLaren,38,83.531,Soft,37,1,1,34.1,33.7,False,True,29.785,30.037,23.709,3.5190000000000055,True,8.0,85.04004411764706,3.5128813807243047,82.09,102.197,5.02804411764706,58,0.9603301487674859,Normal
VAN,McLaren,38,83.444,Soft,37,1,1,34.1,33.7,False,True,29.785,30.061,23.598,3.432000000000002,True,18.0,85.36235416666666,3.4340507096070145,83.077,101.517,5.350354166666666,40,0.9613266920615544,Normal
MAG,Haas F1 Team,38,83.341,Soft,7,2,1,34.1,33.7,False,True,29.481,30.356,23.504,3.3289999999999935,True,7.0,84.54307352941177,3.6848675316564643,81.302,103.966,4.531073529411764,58,0.9582346874772252,Normal
VET,Ferrari,39,84.853,Soft,38,1,1,34.3,33.3,False,True,29.287,29.952,25.614,4.840999999999994,False,2.0,83.5474347826087,3.340483284330281,80.056,100.573,3.5354347826086947,59,0.9615541106445116,Outlier
OCO,Force India,38,85.478,Soft,37,1,1,34.3,33.3,False,True,29.927,31.252,24.299,5.465999999999994,True,13.0,85.44189705882353,4.067255134919429,82.876,106.822,5.42989705882353,58,0.9545604551575259,Normal
SAI,Renault,38,85.23,Medium,13,2,1,34.3,33.3,False,True,29.794,31.135,24.301,5.2180000000000035,True,9.0,85.25298529411765,3.465102800450653,82.774,102.309,5.240985294117646,58,0.9609425442446747,Normal
GRO,Haas F1 Team,38,85.173,Soft,9,2,1,34.3,33.3,False,True,29.777,31.006,24.39,5.161000000000001,True,10.0,85.22204411764706,3.5897657406370467,82.606,101.609,5.210044117647058,58,0.9595800857299813,Normal
HAR,Toro Rosso,38,84.578,Medium,14,2,1,34.3,33.3,False,True,29.975,30.645,23.958,4.5660000000000025,True,11.0,85.26885294117648,3.528761413354446,82.612,102.118,5.2568529411764695,58,0.9602606281823562,Normal
HAM,Mercedes,39,83.111,Soft,14,2,1,34.3,33.3,False,True,29.436,30.011,23.664,3.0990000000000038,True,1.0,83.32930434782608,3.405719934706504,81.107,100.241,3.317304347826086,59,0.9607342020956535,Normal
HUL,Renault,38,86.22,Medium,15,2,1,34.3,33.3,False,True,29.835,30.604,25.781,6.207999999999998,True,12.0,85.35307352941176,4.1363565491837635,81.261,102.149,5.341073529411765,58,0.9537782669355371,Normal
BOT,Mercedes,39,81.736,Soft,24,2,1,34.3,33.3,False,True,29.162,29.369,23.205,1.7240000000000038,True,5.0,84.03839130434783,3.221909454935942,81.736,99.52,4.026391304347825,59,0.9630770301396978,Peak
PER,Force India,38,83.942,Soft,16,2,1,34.3,33.3,False,True,29.621,30.39,23.931,3.9299999999999926,True,14.0,85.57748529411765,4.040040063687292,83.263,106.036,5.565485294117646,59,0.9549190847710075,Normal
RIC,Red Bull Racing,39,83.126,Soft,38,1,1,34.3,33.3,False,True,29.498,29.949,23.679,3.1140000000000043,True,4.0,83.83588405797101,4.178241086222172,80.012,104.904,3.823884057971014,59,0.9525276075927929,Normal
STR,Williams,38,85.203,Medium,37,1,1,34.3,33.3,False,True,29.947,30.832,24.424,5.1910000000000025,True,17.0,86.38468656716418,3.440610288574851,82.66,102.679,6.372686567164179,57,0.9616966443862632,Normal
ERI,Sauber,38,85.373,Medium,32,2,1,34.3,33.3,False,True,30.004,31.051,24.318,5.361000000000004,True,15.0,86.24726865671641,3.6217662591366757,83.671,104.012,6.235268656716419,59,0.9596995087069997,Normal
RAI,Ferrari,39,100.686,Soft,1,3,1,34.3,33.3,False,True,47.665,29.863,23.158,20.674000000000007,False,3.0,83.57584057971015,4.273565316960659,80.292,102.489,3.5638405797101447,57,0.9513535091860809,Outlier
SIR,Williams,38,86.487,Medium,7,2,1,34.3,33.3,False,True,30.436,31.87,24.181,6.474999999999994,True,16.0,86.39819402985074,3.390948867110466,83.708,103.23,6.386194029850746,57,0.9622343107673742,Normal
GAS,Toro Rosso,39,83.374,Soft,7,2,1,34.3,33.3,False,True,29.857,29.988,23.529,3.3619999999999948,True,6.0,84.31807246376812,3.8881694933963002,81.685,106.181,4.306072463768116,59,0.9559195652470432,Normal
ALO,McLaren,39,85.687,Soft,38,1,1,34.3,32.4,False,True,29.75,29.894,26.043,5.674999999999997,False,8.0,85.04004411764706,3.5128813807243047,82.09,102.197,5.02804411764706,58,0.9603301487674859,Outlier
VAN,McLaren,39,83.594,Soft,38,1,1,34.3,32.4,False,True,29.803,30.166,23.625,3.5819999999999936,True,18.0,85.36235416666666,3.4340507096070145,83.077,101.517,5.350354166666666,40,0.9613266920615544,Normal
MAG,Haas F1 Team,39,83.159,Soft,8,2,1,34.3,32.4,False,True,29.437,30.209,23.513,3.1470000000000056,True,7.0,84.54307352941177,3.6848675316564643,81.302,103.966,4.531073529411764,58,0.9582346874772252,Normal
SAI,Renault,39,86.221,Medium,14,2,1,34.3,32.4,False,True,30.422,31.691,24.108,6.209000000000003,True,9.0,85.25298529411765,3.465102800450653,82.774,102.309,5.240985294117646,58,0.9609425442446747,Normal
GRO,Haas F1 Team,39,86.052,Soft,10,2,1,34.3,32.4,False,True,29.859,32.128,24.065,6.040000000000006,True,10.0,85.22204411764706,3.5897657406370467,82.606,101.609,5.210044117647058,58,0.9595800857299813,Normal
OCO,Force India,39,88.22,Soft,38,1,1,34.3,32.4,False,True,30.251,31.394,26.575,8.207999999999998,False,13.0,85.44189705882353,4.067255134919429,82.876,106.822,5.42989705882353,58,0.9545604551575259,Outlier
HAM,Mercedes,40,83.679,Soft,15,2,1,34.3,32.4,False,True,29.423,30.593,23.663,3.6670000000000016,True,1.0,83.32930434782608,3.405719934706504,81.107,100.241,3.317304347826086,59,0.9607342020956535,Normal
HAR,Toro Rosso,39,87.107,Medium,15,2,1,34.3,32.4,False,True,29.994,31.929,25.184,7.094999999999999,True,11.0,85.26885294117648,3.528761413354446,82.612,102.118,5.2568529411764695,58,0.9602606281823562,Normal
HUL,Renault,39,84.644,Medium,16,2,1,34.3,32.4,False,True,29.815,30.726,24.103,4.632000000000005,True,12.0,85.35307352941176,4.1363565491837635,81.261,102.149,5.341073529411765,58,0.9537782669355371,Normal
BOT,Mercedes,40,82.201,Soft,25,2,1,34.3,32.4,False,True,29.264,29.565,23.372,2.188999999999993,True,5.0,84.03839130434783,3.221909454935942,81.736,99.52,4.026391304347825,59,0.9630770301396978,Normal
VET,Ferrari,40,100.573,ULTRASOFT,1,2,1,34.3,32.4,False,True,48.331,29.352,22.89,20.560999999999993,False,2.0,83.5474347826087,3.340483284330281,80.056,100.573,3.5354347826086947,59,0.9615541106445116,Outlier
PER,Force India,39,83.603,Soft,17,2,1,34.3,32.4,False,True,29.567,30.298,23.738,3.590999999999994,True,14.0,85.57748529411765,4.040040063687292,83.263,106.036,5.565485294117646,59,0.9549190847710075,Normal
RIC,Red Bull Racing,40,83.404,Soft,39,1,1,34.3,32.4,False,True,29.477,30.206,23.721,3.391999999999996,True,4.0,83.83588405797101,4.178241086222172,80.012,104.904,3.823884057971014,59,0.9525276075927929,Normal
RAI,Ferrari,40,81.405,Soft,2,3,1,34.2,31.7,False,True,28.889,29.577,22.939,1.3930000000000007,True,3.0,83.57584057971015,4.273565316960659,80.292,102.489,3.5638405797101447,57,0.9513535091860809,Normal
STR,Williams,39,87.079,Medium,38,1,1,34.2,31.7,False,True,30.781,31.932,24.366,7.066999999999993,True,17.0,86.38468656716418,3.440610288574851,82.66,102.679,6.372686567164179,57,0.9616966443862632,Normal
ERI,Sauber,39,86.683,Medium,33,2,1,34.2,31.7,False,True,30.692,31.633,24.358,6.6710000000000065,True,15.0,86.24726865671641,3.6217662591366757,83.671,104.012,6.235268656716419,59,0.9596995087069997,Normal
SIR,Williams,39,85.296,Medium,8,2,1,34.2,31.7,False,True,30.003,31.019,24.274,5.284000000000006,True,16.0,86.39819402985074,3.390948867110466,83.708,103.23,6.386194029850746,57,0.9622343107673742,Normal
GAS,Toro Rosso,40,83.488,Soft,8,2,1,34.2,31.7,False,True,29.765,30.083,23.64,3.475999999999999,True,6.0,84.31807246376812,3.8881694933963002,81.685,106.181,4.306072463768116,59,0.9559195652470432,Normal
VAN,McLaren,40,85.839,Soft,39,1,1,34.2,31.7,False,True,29.681,30.125,26.033,5.826999999999998,False,18.0,85.36235416666666,3.4340507096070145,83.077,101.517,5.350354166666666,40,0.9613266920615544,Outlier
MAG,Haas F1 Team,40,83.328,Soft,9,2,1,34.2,31.7,False,True,29.598,30.209,23.521,3.3160000000000025,True,7.0,84.54307352941177,3.6848675316564643,81.302,103.966,4.531073529411764,58,0.9582346874772252,Normal
ALO,McLaren,40,102.197,Medium,1,2,1,34.2,31.7,False,True,48.014,30.544,23.639,22.185000000000002,False,8.0,85.04004411764706,3.5128813807243047,82.09,102.197,5.02804411764706,58,0.9603301487674859,Outlier
SAI,Renault,40,83.232,Medium,15,2,1,34.2,31.7,False,True,29.551,30.001,23.68,3.219999999999999,True,9.0,85.25298529411765,3.465102800450653,82.774,102.309,5.240985294117646,58,0.9609425442446747,Normal
HAM,Mercedes,41,82.672,Soft,16,2,1,34.2,31.7,False,True,29.476,29.742,23.454,2.6599999999999966,True,1.0,83.32930434782608,3.405719934706504,81.107,100.241,3.317304347826086,59,0.9607342020956535,Normal
GRO,Haas F1 Team,40,85.53,Soft,11,2,1,34.2,31.7,False,True,31.192,30.615,23.723,5.518000000000001,True,10.0,85.22204411764706,3.5897657406370467,82.606,101.609,5.210044117647058,58,0.9595800857299813,Normal
HAR,Toro Rosso,40,84.975,Medium,16,2,1,34.2,31.7,False,True,29.868,31.033,24.074,4.962999999999994,True,11.0,85.26885294117648,3.528761413354446,82.612,102.118,5.2568529411764695,58,0.9602606281823562,Normal
HUL,Renault,40,84.82,Medium,17,2,1,34.2,31.7,False,True,29.805,30.94,24.075,4.807999999999993,True,12.0,85.35307352941176,4.1363565491837635,81.261,102.149,5.341073529411765,58,0.9537782669355371,Normal
BOT,Mercedes,41,82.128,Soft,26,2,1,33.8,33.1,False,True,29.178,29.567,23.383,2.1159999999999997,True,5.0,84.03839130434783,3.221909454935942,81.736,99.52,4.026391304347825,59,0.9630770301396978,Normal
VET,Ferrari,41,82.359,ULTRASOFT,2,2,1,33.8,33.1,False,True,28.999,29.965,23.395,2.346999999999994,True,2.0,83.5474347826087,3.340483284330281,80.056,100.573,3.5354347826086947,59,0.9615541106445116,Normal
RIC,Red Bull Racing,41,83.417,Soft,40,1,1,33.8,33.1,False,True,29.48,30.151,23.786,3.405000000000001,True,4.0,83.83588405797101,4.178241086222172,80.012,104.904,3.823884057971014,59,0.9525276075927929,Normal
PER,Force India,40,85.737,Soft,18,2,1,33.8,33.1,False,True,29.612,30.407,25.718,5.724999999999994,True,14.0,85.57748529411765,4.040040063687292,83.263,106.036,5.565485294117646,59,0.9549190847710075,Normal
OCO,Force India,40,102.945,ULTRASOFT,1,2,1,33.8,33.1,False,True,48.266,30.676,24.003,22.932999999999993,False,13.0,85.44189705882353,4.067255134919429,82.876,106.822,5.42989705882353,58,0.9545604551575259,Outlier
RAI,Ferrari,41,81.381,Soft,3,3,1,33.8,33.1,False,True,29.136,29.373,22.872,1.3689999999999998,True,3.0,83.57584057971015,4.273565316960659,80.292,102.489,3.5638405797101447,57,0.9513535091860809,Normal
STR,Williams,40,85.17,Medium,39,1,1,33.8,33.1,False,True,29.999,30.885,24.286,5.158000000000001,True,17.0,86.38468656716418,3.440610288574851,82.66,102.679,6.372686567164179,57,0.9616966443862632,Normal
ERI,Sauber,40,85.427,Medium,34,2,1,33.8,33.1,False,True,29.949,31.18,24.298,5.415000000000006,True,15.0,86.24726865671641,3.6217662591366757,83.671,104.012,6.235268656716419,59,0.9596995087069997,Normal
SIR,Williams,40,84.984,Medium,9,2,1,33.8,33.1,False,True,29.889,30.946,24.149,4.971999999999994,True,16.0,86.39819402985074,3.390948867110466,83.708,103.23,6.386194029850746,57,0.9622343107673742,Normal
GAS,Toro Rosso,41,83.434,Soft,9,2,1,33.8,33.1,False,True,29.935,30.035,23.464,3.421999999999997,True,6.0,84.31807246376812,3.8881694933963002,81.685,106.181,4.306072463768116,59,0.9559195652470432,Normal
MAG,Haas F1 Team,41,83.0,Soft,10,2,1,33.8,33.1,False,True,29.594,29.919,23.487,2.9879999999999995,True,7.0,84.54307352941177,3.6848675316564643,81.302,103.966,4.531073529411764,58,0.9582346874772252,Normal
ALO,McLaren,41,84.237,Medium,2,2,1,33.9,32.8,False,True,30.154,30.442,23.641,4.224999999999994,True,8.0,85.04004411764706,3.5128813807243047,82.09,102.197,5.02804411764706,58,0.9603301487674859,Normal
VAN,McLaren,41,101.517,Medium,1,2,1,33.9,32.8,False,True,47.895,30.113,23.509,21.504999999999995,False,18.0,85.36235416666666,3.4340507096070145,83.077,101.517,5.350354166666666,40,0.9613266920615544,Outlier
HAM,Mercedes,42,82.728,Soft,17,2,1,33.9,32.8,False,True,29.613,29.768,23.347,2.715999999999994,True,1.0,83.32930434782608,3.405719934706504,81.107,100.241,3.317304347826086,59,0.9607342020956535,Normal
SAI,Renault,41,86.114,Medium,16,2,1,33.9,32.8,False,True,30.971,31.141,24.002,6.102000000000004,True,9.0,85.25298529411765,3.465102800450653,82.774,102.309,5.240985294117646,58,0.9609425442446747,Normal
GRO,Haas F1 Team,41,84.198,Soft,12,2,1,33.9,32.8,False,True,29.733,30.472,23.993,4.185999999999993,True,10.0,85.22204411764706,3.5897657406370467,82.606,101.609,5.210044117647058,58,0.9595800857299813,Normal
HAR,Toro Rosso,41,84.696,Medium,17,2,1,33.9,32.8,False,True,30.153,30.717,23.826,4.6839999999999975,True,11.0,85.26885294117648,3.528761413354446,82.612,102.118,5.2568529411764695,58,0.9602606281823562,Normal
HUL,Renault,41,84.899,Medium,18,2,1,33.9,32.8,False,True,30.003,30.879,24.017,4.8870000000000005,True,12.0,85.35307352941176,4.1363565491837635,81.261,102.149,5.341073529411765,58,0.9537782669355371,Normal
BOT,Mercedes,42,82.574,Soft,27,2,1,33.9,32.8,False,True,29.219,29.847,23.508,2.5619999999999976,True,5.0,84.03839130434783,3.221909454935942,81.736,99.52,4.026391304347825,59,0.9630770301396978,Normal
VET,Ferrari,42,82.536,ULTRASOFT,3,2,1,33.9,32.8,False,True,28.977,29.979,23.58,2.524000000000001,True,2.0,83.5474347826087,3.340483284330281,80.056,100.573,3.5354347826086947,59,0.9615541106445116,Normal
RIC,Red Bull Racing,42,82.924,Soft,41,1,1,33.9,32.8,False,True,29.501,29.938,23.485,2.912000000000006,True,4.0,83.83588405797101,4.178241086222172,80.012,104.904,3.823884057971014,59,0.9525276075927929,Normal
PER,Force India,41,84.207,Soft,19,2,1,33.9,32.8,False,True,29.554,30.674,23.979,4.194999999999993,True,14.0,85.57748529411765,4.040040063687292,83.263,106.036,5.565485294117646,59,0.9549190847710075,Normal
OCO,Force India,41,84.504,ULTRASOFT,2,2,1,33.9,32.8,False,True,29.603,30.884,24.017,4.492000000000004,True,13.0,85.44189705882353,4.067255134919429,82.876,106.822,5.42989705882353,58,0.9545604551575259,Normal
RAI,Ferrari,42,81.278,Soft,4,3,1,33.9,32.8,False,True,28.953,29.297,23.028,1.2660000000000053,True,3.0,83.57584057971015,4.273565316960659,80.292,102.489,3.5638405797101447,57,0.9513535091860809,Normal
STR,Williams,41,85.142,Medium,40,1,1,33.9,32.8,False,True,29.923,30.938,24.281,5.1299999999999955,True,17.0,86.38468656716418,3.440610288574851,82.66,102.679,6.372686567164179,57,0.9616966443862632,Normal
ERI,Sauber,41,85.302,Medium,35,2,1,33.9,32.8,False,True,29.915,31.106,24.281,5.290000000000006,True,15.0,86.24726865671641,3.6217662591366757,83.671,104.012,6.235268656716419,59,0.9596995087069997,Normal
SIR,Williams,41,85.303,Medium,10,2,1,33.8,32.6,False,True,30.049,31.081,24.173,5.290999999999997,True,16.0,86.39819402985074,3.390948867110466,83.708,103.23,6.386194029850746,57,0.9622343107673742,Normal
GAS,Toro Rosso,42,83.336,Soft,10,2,1,33.8,32.6,False,True,29.818,30.046,23.472,3.323999999999998,True,6.0,84.31807246376812,3.8881694933963002,81.685,106.181,4.306072463768116,59,0.9559195652470432,Normal
MAG,Haas F1 Team,42,83.256,Soft,11,2,1,33.8,32.6,False,True,29.635,30.093,23.528,3.2439999999999998,True,7.0,84.54307352941177,3.6848675316564643,81.302,103.966,4.531073529411764,58,0.9582346874772252,Normal
ALO,McLaren,42,84.575,Medium,3,2,1,33.8,32.6,False,True,30.138,30.58,23.857,4.563000000000002,True,8.0,85.04004411764706,3.5128813807243047,82.09,102.197,5.02804411764706,58,0.9603301487674859,Normal
VAN,McLaren,42,83.821,Medium,2,2,1,33.8,32.6,False,True,29.885,30.188,23.748,3.8089999999999975,True,18.0,85.36235416666666,3.4340507096070145,83.077,101.517,5.350354166666666,40,0.9613266920615544,Normal
HAM,Mercedes,43,82.486,Soft,18,2,1,33.8,32.6,False,True,29.347,29.645,23.494,2.4740000000000038,True,1.0,83.32930434782608,3.405719934706504,81.107,100.241,3.317304347826086,59,0.9607342020956535,Normal
SAI,Renault,42,83.866,Medium,17,2,1,33.8,32.6,False,True,29.807,30.26,23.799,3.853999999999999,True,9.0,85.25298529411765,3.465102800450653,82.774,102.309,5.240985294117646,58,0.9609425442446747,Normal
GRO,Haas F1 Team,42,84.236,Soft,13,2,1,33.8,32.6,False,True,29.654,30.5,24.082,4.224000000000004,True,10.0,85.22204411764706,3.5897657406370467,82.606,101.609,5.210044117647058,58,0.9595800857299813,Normal
HAR,Toro Rosso,42,84.075,Medium,18,2,1,33.8,32.6,False,True,29.803,30.477,23.795,4.063000000000002,True,11.0,85.26885294117648,3.528761413354446,82.612,102.118,5.2568529411764695,58,0.9602606281823562,Normal
BOT,Mercedes,43,82.866,Soft,28,2,1,33.8,32.6,False,True,29.355,29.83,23.681,2.853999999999999,True,5.0,84.03839130434783,3.221909454935942,81.736,99.52,4.026391304347825,59,0.9630770301396978,Normal
VET,Ferrari,43,82.789,ULTRASOFT,4,2,1,33.8,32.6,False,True,29.271,30.087,23.431,2.777000000000001,True,2.0,83.5474347826087,3.340483284330281,80.056,100.573,3.5354347826086947,59,0.9615541106445116,Normal
HUL,Renault,42,87.027,Medium,19,2,1,33.8,32.6,False,True,32.247,30.763,24.017,7.015000000000001,True,12.0,85.35307352941176,4.1363565491837635,81.261,102.149,5.341073529411765,58,0.9537782669355371,Normal
RIC,Red Bull Racing,43,82.75,Soft,42,1,1,33.8,32.6,False,True,29.445,29.886,23.419,2.7379999999999995,True,4.0,83.83588405797101,4.178241086222172,80.012,104.904,3.823884057971014,59,0.9525276075927929,Normal
OCO,Force India,42,83.707,ULTRASOFT,3,2,1,34.0,31.6,False,True,29.416,30.529,23.762,3.694999999999993,True,13.0,85.44189705882353,4.067255134919429,82.876,106.822,5.42989705882353,58,0.9545604551575259,Normal
PER,Force India,42,85.648,Soft,20,2,1,34.0,31.6,False,True,30.906,30.84,23.902,5.635999999999996,True,14.0,85.57748529411765,4.040040063687292,83.263,106.036,5.565485294117646,59,0.9549190847710075,Normal
RAI,Ferrari,43,81.135,Soft,5,3,1,34.0,31.6,False,True,29.006,29.138,22.991,1.1230000000000047,True,3.0,83.57584057971015,4.273565316960659,80.292,102.489,3.5638405797101447,57,0.9513535091860809,Normal
STR,Williams,42,85.185,Medium,41,1,1,34.0,31.6,False,True,29.876,30.919,24.39,5.173000000000002,True,17.0,86.38468656716418,3.440610288574851,82.66,102.679,6.372686567164179,57,0.9616966443862632,Normal
ERI,Sauber,42,85.195,Medium,36,2,1,34.0,31.6,False,True,30.024,30.898,24.273,5.182999999999993,True,15.0,86.24726865671641,3.6217662591366757,83.671,104.012,6.235268656716419,59,0.9596995087069997,Normal
SIR,Williams,42,85.21,Medium,11,2,1,34.0,31.6,False,True,30.04,30.971,24.199,5.197999999999993,True,16.0,86.39819402985074,3.390948867110466,83.708,103.23,6.386194029850746,57,0.9622343107673742,Normal
GAS,Toro Rosso,43,83.001,Soft,11,2,1,34.0,31.6,False,True,29.639,29.945,23.417,2.9890000000000043,True,6.0,84.31807246376812,3.8881694933963002,81.685,106.181,4.306072463768116,59,0.9559195652470432,Normal
MAG,Haas F1 Team,43,83.209,Soft,12,2,1,34.0,31.6,False,True,29.582,30.073,23.554,3.1970000000000027,True,7.0,84.54307352941177,3.6848675316564643,81.302,103.966,4.531073529411764,58,0.9582346874772252,Normal
ALO,McLaren,43,84.481,Medium,4,2,1,34.2,31.6,False,True,30.111,30.378,23.992,4.468999999999994,True,8.0,85.04004411764706,3.5128813807243047,82.09,102.197,5.02804411764706,58,0.9603301487674859,Normal
HAM,Mercedes,44,82.412,Soft,19,2,1,34.2,31.6,False,True,29.448,29.554,23.41,2.4000000000000057,True,1.0,83.32930434782608,3.405719934706504,81.107,100.241,3.317304347826086,59,0.9607342020956535,Normal
VAN,McLaren,43,85.461,Medium,3,2,1,34.2,31.6,False,True,31.242,30.646,23.573,5.448999999999998,True,18.0,85.36235416666666,3.4340507096070145,83.077,101.517,5.350354166666666,40,0.9613266920615544,Normal
SAI,Renault,43,83.797,Medium,18,2,1,34.2,31.6,False,True,29.852,30.174,23.771,3.7849999999999966,True,9.0,85.25298529411765,3.465102800450653,82.774,102.309,5.240985294117646,58,0.9609425442446747,Normal
GRO,Haas F1 Team,43,84.0,Soft,14,2,1,34.2,31.6,False,True,29.957,30.386,23.657,3.9879999999999995,True,10.0,85.22204411764706,3.5897657406370467,82.606,101.609,5.210044117647058,58,0.9595800857299813,Normal
BOT,Mercedes,44,82.402,Soft,29,2,1,34.2,31.6,False,True,29.264,29.693,23.445,2.3900000000000006,True,5.0,84.03839130434783,3.221909454935942,81.736,99.52,4.026391304347825,59,0.9630770301396978,Normal
VET,Ferrari,44,83.104,ULTRASOFT,5,2,1,34.2,31.6,False,True,29.338,30.34,23.426,3.0919999999999987,True,2.0,83.5474347826087,3.340483284330281,80.056,100.573,3.5354347826086947,59,0.9615541106445116,Normal
HAR,Toro Rosso,43,86.908,Medium,19,2,1,34.2,31.6,False,True,32.296,30.852,23.76,6.896000000000001,True,11.0,85.26885294117648,3.528761413354446,82.612,102.118,5.2568529411764695,58,0.9602606281823562,Normal
HUL,Renault,43,84.563,Medium,20,2,1,34.2,31.6,False,True,29.866,30.722,23.975,4.551000000000002,True,12.0,85.35307352941176,4.1363565491837635,81.261,102.149,5.341073529411765,58,0.9537782669355371,Normal
RIC,Red Bull Racing,44,85.206,Soft,43,1,1,34.2,31.6,False,True,29.381,29.961,25.864,5.194000000000003,False,4.0,83.83588405797101,4.178241086222172,80.012,104.904,3.823884057971014,59,0.9525276075927929,Outlier
OCO,Force India,43,83.925,ULTRASOFT,4,2,1,34.2,31.6,False,True,29.607,30.4,23.918,3.9129999999999967,True,13.0,85.44189705882353,4.067255134919429,82.876,106.822,5.42989705882353,58,0.9545604551575259,Normal
PER,Force India,43,83.853,Soft,21,2,1,34.2,31.6,False,True,29.322,30.616,23.915,3.840999999999994,True,14.0,85.57748529411765,4.040040063687292,83.263,106.036,5.565485294117646,59,0.9549190847710075,Normal
RAI,Ferrari,44,81.794,Soft,6,3,1,34.2,31.6,False,True,29.011,29.511,23.272,1.7819999999999965,True,3.0,83.57584057971015,4.273565316960659,80.292,102.489,3.5638405797101447,57,0.9513535091860809,Normal
STR,Williams,43,85.144,Medium,42,1,1,34.2,31.6,False,True,29.908,30.864,24.372,5.132000000000005,True,17.0,86.38468656716418,3.440610288574851,82.66,102.679,6.372686567164179,57,0.9616966443862632,Normal
ERI,Sauber,43,84.96,Medium,37,2,1,34.2,31.6,False,True,30.061,30.784,24.115,4.947999999999993,True,15.0,86.24726865671641,3.6217662591366757,83.671,104.012,6.235268656716419,59,0.9596995087069997,Normal
SIR,Williams,43,85.055,Medium,12,2,1,34.2,31.6,False,True,30.031,30.848,24.176,5.043000000000006,True,16.0,86.39819402985074,3.390948867110466,83.708,103.23,6.386194029850746,57,0.9622343107673742,Normal
GAS,Toro Rosso,44,83.074,Soft,12,2,1,34.2,31.6,False,True,29.665,29.842,23.567,3.0619999999999976,True,6.0,84.31807246376812,3.8881694933963002,81.685,106.181,4.306072463768116,59,0.9559195652470432,Normal
MAG,Haas F1 Team,44,83.123,Soft,13,2,1,34.2,31.5,False,True,29.609,29.977,23.537,3.111000000000004,True,7.0,84.54307352941177,3.6848675316564643,81.302,103.966,4.531073529411764,58,0.9582346874772252,Normal
HAM,Mercedes,45,81.808,Soft,20,2,1,34.2,31.5,False,True,29.459,29.196,23.153,1.7960000000000065,True,1.0,83.32930434782608,3.405719934706504,81.107,100.241,3.317304347826086,59,0.9607342020956535,Normal
ALO,McLaren,44,85.706,Medium,5,2,1,34.2,31.5,False,True,30.889,31.11,23.707,5.694000000000003,True,8.0,85.04004411764706,3.5128813807243047,82.09,102.197,5.02804411764706,58,0.9603301487674859,Normal
VAN,McLaren,44,84.132,Medium,4,2,1,34.2,31.5,False,True,29.819,30.578,23.735,4.1200000000000045,True,18.0,85.36235416666666,3.4340507096070145,83.077,101.517,5.350354166666666,40,0.9613266920615544,Normal
SAI,Renault,44,84.092,Medium,19,2,1,34.2,31.5,False,True,29.83,30.377,23.885,4.079999999999998,True,9.0,85.25298529411765,3.465102800450653,82.774,102.309,5.240985294117646,58,0.9609425442446747,Normal
BOT,Mercedes,45,82.61,Soft,30,2,1,34.2,31.5,False,True,29.29,29.693,23.627,2.597999999999999,True,5.0,84.03839130434783,3.221909454935942,81.736,99.52,4.026391304347825,59,0.9630770301396978,Normal
VET,Ferrari,45,82.87,ULTRASOFT,6,2,1,34.2,31.5,False,True,29.406,29.882,23.582,2.858000000000004,True,2.0,83.5474347826087,3.340483284330281,80.056,100.573,3.5354347826086947,59,0.9615541106445116,Normal
GRO,Haas F1 Team,44,87.279,Soft,15,2,1,34.2,31.5,False,True,30.968,32.608,23.703,7.266999999999996,True,10.0,85.22204411764706,3.5897657406370467,82.606,101.609,5.210044117647058,58,0.9595800857299813,Normal
HAR,Toro Rosso,44,84.098,Medium,20,2,1,34.2,31.5,False,True,29.792,30.621,23.685,4.0859999999999985,True,11.0,85.26885294117648,3.528761413354446,82.612,102.118,5.2568529411764695,58,0.9602606281823562,Normal
HUL,Renault,44,84.127,Medium,21,2,1,34.2,31.5,False,True,29.787,30.457,23.883,4.114999999999995,True,12.0,85.35307352941176,4.1363565491837635,81.261,102.149,5.341073529411765,58,0.9537782669355371,Normal
RAI,Ferrari,45,81.446,Soft,7,3,1,34.2,31.5,False,True,28.839,29.624,22.983,1.4339999999999975,True,3.0,83.57584057971015,4.273565316960659,80.292,102.489,3.5638405797101447,57,0.9513535091860809,Normal
OCO,Force India,44,85.703,ULTRASOFT,5,2,1,34.2,31.5,False,True,29.551,32.093,24.059,5.6910000000000025,True,13.0,85.44189705882353,4.067255134919429,82.876,106.822,5.42989705882353,58,0.9545604551575259,Normal
PER,Force India,44,85.538,Soft,22,2,1,34.2,31.5,False,True,30.476,30.858,24.204,5.525999999999996,True,14.0,85.57748529411765,4.040040063687292,83.263,106.036,5.565485294117646,59,0.9549190847710075,Normal
RIC,Red Bull Racing,45,100.548,ULTRASOFT,1,2,1,34.6,30.7,False,True,47.396,29.835,23.317,20.536,False,4.0,83.83588405797101,4.178241086222172,80.012,104.904,3.823884057971014,59,0.9525276075927929,Outlier
STR,Williams,44,85.823,Medium,43,1,1,34.6,30.7,False,True,30.279,31.088,24.456,5.810999999999993,True,17.0,86.38468656716418,3.440610288574851,82.66,102.679,6.372686567164179,57,0.9616966443862632,Normal
ERI,Sauber,44,85.436,Medium,38,2,1,34.6,30.7,False,True,30.023,31.084,24.329,5.424000000000007,True,15.0,86.24726865671641,3.6217662591366757,83.671,104.012,6.235268656716419,59,0.9596995087069997,Normal
SIR,Williams,44,85.238,Medium,13,2,1,34.6,30.7,False,True,30.098,30.841,24.299,5.225999999999999,True,16.0,86.39819402985074,3.390948867110466,83.708,103.23,6.386194029850746,57,0.9622343107673742,Normal
GAS,Toro Rosso,45,83.264,Soft,13,2,1,34.6,30.7,False,True,29.745,30.006,23.513,3.2519999999999953,True,6.0,84.31807246376812,3.8881694933963002,81.685,106.181,4.306072463768116,59,0.9559195652470432,Normal
MAG,Haas F1 Team,45,82.925,Soft,14,2,1,34.6,30.7,False,True,29.572,30.012,23.341,2.9129999999999967,True,7.0,84.54307352941177,3.6848675316564643,81.302,103.966,4.531073529411764,58,0.9582346874772252,Normal
HAM,Mercedes,46,81.536,Soft,21,2,1,34.6,30.7,False,True,29.178,29.375,22.983,1.524000000000001,True,1.0,83.32930434782608,3.405719934706504,81.107,100.241,3.317304347826086,59,0.9607342020956535,Normal
ALO,McLaren,45,82.582,Medium,6,2,1,34.6,30.7,False,True,29.629,29.631,23.322,2.569999999999993,True,8.0,85.04004411764706,3.5128813807243047,82.09,102.197,5.02804411764706,58,0.9603301487674859,Normal
VAN,McLaren,45,83.796,Medium,5,2,1,34.6,30.7,False,True,29.924,30.391,23.481,3.784000000000006,True,18.0,85.36235416666666,3.4340507096070145,83.077,101.517,5.350354166666666,40,0.9613266920615544,Normal
BOT,Mercedes,46,83.173,Soft,31,2,1,34.6,30.7,False,True,29.386,30.359,23.428,3.1610000000000014,True,5.0,84.03839130434783,3.221909454935942,81.736,99.52,4.026391304347825,59,0.9630770301396978,Normal
SAI,Renault,45,86.287,Medium,20,2,1,34.6,30.7,False,True,29.737,30.443,26.107,6.275000000000006,True,9.0,85.25298529411765,3.465102800450653,82.774,102.309,5.240985294117646,58,0.9609425442446747,Normal
VET,Ferrari,46,83.428,ULTRASOFT,7,2,1,34.6,30.7,False,True,29.38,30.382,23.666,3.415999999999997,True,2.0,83.5474347826087,3.340483284330281,80.056,100.573,3.5354347826086947,59,0.9615541106445116,Normal
GRO,Haas F1 Team,45,83.87,Soft,16,2,1,34.7,30.1,False,True,29.931,30.351,23.588,3.858000000000004,True,10.0,85.22204411764706,3.5897657406370467,82.606,101.609,5.210044117647058,58,0.9595800857299813,Normal
HAR,Toro Rosso,45,84.061,Medium,21,2,1,34.7,30.1,False,True,29.883,30.604,23.574,4.049000000000007,True,11.0,85.26885294117648,3.528761413354446,82.612,102.118,5.2568529411764695,58,0.9602606281823562,Normal
HUL,Renault,45,84.088,Medium,22,2,1,34.7,30.1,False,True,29.96,30.292,23.836,4.075999999999993,True,12.0,85.35307352941176,4.1363565491837635,81.261,102.149,5.341073529411765,58,0.9537782669355371,Normal
RAI,Ferrari,46,81.257,Soft,8,3,1,34.7,30.1,False,True,28.89,29.26,23.107,1.2450000000000045,True,3.0,83.57584057971015,4.273565316960659,80.292,102.489,3.5638405797101447,57,0.9513535091860809,Normal
OCO,Force India,45,83.923,ULTRASOFT,6,2,1,34.7,30.1,False,True,29.524,30.448,23.951,3.9110000000000014,True,13.0,85.44189705882353,4.067255134919429,82.876,106.822,5.42989705882353,58,0.9545604551575259,Normal
PER,Force India,45,84.023,Soft,23,2,1,34.7,30.1,False,True,29.46,30.68,23.883,4.010999999999996,True,14.0,85.57748529411765,4.040040063687292,83.263,106.036,5.565485294117646,59,0.9549190847710075,Normal
RIC,Red Bull Racing,46,80.012,ULTRASOFT,2,2,1,34.7,30.1,False,True,28.85,28.601,22.561,0.0,True,4.0,83.83588405797101,4.178241086222172,80.012,104.904,3.823884057971014,59,0.9525276075927929,Peak
STR,Williams,45,85.462,Medium,44,1,1,34.7,30.1,False,True,30.093,30.998,24.371,5.450000000000003,True,17.0,86.38468656716418,3.440610288574851,82.66,102.679,6.372686567164179,57,0.9616966443862632,Normal
ERI,Sauber,45,85.806,Medium,39,2,1,34.7,30.1,False,True,29.991,31.346,24.469,5.793999999999997,True,15.0,86.24726865671641,3.6217662591366757,83.671,104.012,6.235268656716419,59,0.9596995087069997,Normal
SIR,Williams,45,85.963,Medium,14,2,1,34.7,30.1,False,True,30.165,31.366,24.432,5.950999999999993,True,16.0,86.39819402985074,3.390948867110466,83.708,103.23,6.386194029850746,57,0.9622343107673742,Normal
GAS,Toro Rosso,46,84.088,Soft,14,2,1,34.7,30.1,False,True,29.706,30.388,23.994,4.075999999999993,True,6.0,84.31807246376812,3.8881694933963002,81.685,106.181,4.306072463768116,59,0.9559195652470432,Normal
MAG,Haas F1 Team,46,83.423,Soft,15,2,1,34.7,30.1,False,True,29.57,29.859,23.994,3.4110000000000014,True,7.0,84.54307352941177,3.6848675316564643,81.302,103.966,4.531073529411764,58,0.9582346874772252,Normal
HAM,Mercedes,47,81.781,Soft,22,2,1,34.5,30.7,False,True,29.258,29.439,23.084,1.7690000000000055,True,1.0,83.32930434782608,3.405719934706504,81.107,100.241,3.317304347826086,59,0.9607342020956535,Normal
ALO,McLaren,46,82.974,Medium,7,2,1,34.5,30.7,False,True,29.622,29.803,23.549,2.9620000000000033,True,8.0,85.04004411764706,3.5128813807243047,82.09,102.197,5.02804411764706,58,0.9603301487674859,Normal
VAN,McLaren,46,83.077,Medium,6,2,1,34.5,30.7,False,True,29.704,29.894,23.479,3.0649999999999977,True,18.0,85.36235416666666,3.4340507096070145,83.077,101.517,5.350354166666666,40,0.9613266920615544,Peak
BOT,Mercedes,47,82.083,Soft,32,2,1,34.5,30.7,False,True,29.254,29.507,23.322,2.070999999999998,True,5.0,84.03839130434783,3.221909454935942,81.736,99.52,4.026391304347825,59,0.9630770301396978,Normal
VET,Ferrari,47,82.747,ULTRASOFT,8,2,1,34.5,30.7,False,True,29.33,29.944,23.473,2.7349999999999994,True,2.0,83.5474347826087,3.340483284330281,80.056,100.573,3.5354347826086947,59,0.9615541106445116,Normal
SAI,Renault,46,85.356,Medium,21,2,1,34.5,30.7,False,True,30.695,30.775,23.886,5.343999999999994,True,9.0,85.25298529411765,3.465102800450653,82.774,102.309,5.240985294117646,58,0.9609425442446747,Normal
GRO,Haas F1 Team,46,84.673,Soft,17,2,1,34.5,30.7,False,True,29.583,30.585,24.505,4.661000000000001,True,10.0,85.22204411764706,3.5897657406370467,82.606,101.609,5.210044117647058,58,0.9595800857299813,Normal
HAR,Toro Rosso,46,84.269,Medium,22,2,1,34.5,30.7,False,True,29.794,30.714,23.761,4.257000000000005,True,11.0,85.26885294117648,3.528761413354446,82.612,102.118,5.2568529411764695,58,0.9602606281823562,Normal
HUL,Renault,46,84.359,Medium,23,2,1,34.5,30.7,False,True,29.857,30.443,24.059,4.346999999999994,True,12.0,85.35307352941176,4.1363565491837635,81.261,102.149,5.341073529411765,58,0.9537782669355371,Normal
RAI,Ferrari,47,81.163,Soft,9,3,1,34.5,30.7,False,True,28.963,29.2,23.0,1.1509999999999962,True,3.0,83.57584057971015,4.273565316960659,80.292,102.489,3.5638405797101447,57,0.9513535091860809,Normal
OCO,Force India,46,83.997,ULTRASOFT,7,2,1,34.5,30.7,False,True,29.443,30.539,24.015,3.9849999999999994,True,13.0,85.44189705882353,4.067255134919429,82.876,106.822,5.42989705882353,58,0.9545604551575259,Normal
PER,Force India,46,84.073,Soft,24,2,1,34.5,30.7,False,True,29.331,30.61,24.132,4.060999999999993,True,14.0,85.57748529411765,4.040040063687292,83.263,106.036,5.565485294117646,59,0.9549190847710075,Normal
RIC,Red Bull Racing,47,81.585,ULTRASOFT,3,2,1,34.5,30.7,False,True,29.27,29.383,22.932,1.5729999999999933,True,4.0,83.83588405797101,4.178241086222172,80.012,104.904,3.823884057971014,59,0.9525276075927929,Normal
STR,Williams,46,85.241,Medium,45,1,1,34.6,30.8,False,True,29.959,30.974,24.308,5.228999999999999,True,17.0,86.38468656716418,3.440610288574851,82.66,102.679,6.372686567164179,57,0.9616966443862632,Normal
ERI,Sauber,46,85.35,Medium,40,2,1,34.6,30.8,False,True,30.179,30.981,24.19,5.337999999999994,True,15.0,86.24726865671641,3.6217662591366757,83.671,104.012,6.235268656716419,59,0.9596995087069997,Normal
GAS,Toro Rosso,47,83.907,Soft,15,2,1,34.6,30.8,False,True,29.681,30.462,23.764,3.894999999999996,True,6.0,84.31807246376812,3.8881694933963002,81.685,106.181,4.306072463768116,59,0.9559195652470432,Normal
SIR,Williams,46,86.381,Medium,15,2,1,34.6,30.8,False,True,31.078,31.193,24.11,6.369,True,16.0,86.39819402985074,3.390948867110466,83.708,103.23,6.386194029850746,57,0.9622343107673742,Normal
MAG,Haas F1 Team,47,83.13,Soft,16,2,1,34.6,30.8,False,True,29.712,29.935,23.483,3.117999999999995,True,7.0,84.54307352941177,3.6848675316564643,81.302,103.966,4.531073529411764,58,0.9582346874772252,Normal
HAM,Mercedes,48,81.794,Soft,23,2,1,34.6,30.8,False,True,29.22,29.475,23.099,1.7819999999999965,True,1.0,83.32930434782608,3.405719934706504,81.107,100.241,3.317304347826086,59,0.9607342020956535,Normal
ALO,McLaren,47,82.661,Medium,8,2,1,34.6,30.8,False,True,29.606,29.573,23.482,2.649000000000001,True,8.0,85.04004411764706,3.5128813807243047,82.09,102.197,5.02804411764706,58,0.9603301487674859,Normal
VAN,McLaren,47,83.097,Medium,7,2,1,34.6,30.8,False,True,29.756,29.992,23.349,3.0849999999999937,True,18.0,85.36235416666666,3.4340507096070145,83.077,101.517,5.350354166666666,40,0.9613266920615544,Normal
BOT,Mercedes,48,81.985,Soft,33,2,1,34.6,30.8,False,True,29.136,29.526,23.323,1.972999999999999,True,5.0,84.03839130434783,3.221909454935942,81.736,99.52,4.026391304347825,59,0.9630770301396978,Normal
VET,Ferrari,48,82.015,ULTRASOFT,9,2,1,34.6,30.8,False,True,29.195,29.55,23.27,2.003,True,2.0,83.5474347826087,3.340483284330281,80.056,100.573,3.5354347826086947,59,0.9615541106445116,Normal
SAI,Renault,47,83.656,Medium,22,2,1,34.6,30.8,False,True,29.729,30.197,23.73,3.6440000000000055,True,9.0,85.25298529411765,3.465102800450653,82.774,102.309,5.240985294117646,58,0.9609425442446747,Normal
GRO,Haas F1 Team,47,84.242,Soft,18,2,1,34.6,30.8,False,True,30.13,30.468,23.644,4.230000000000004,True,10.0,85.22204411764706,3.5897657406370467,82.606,101.609,5.210044117647058,58,0.9595800857299813,Normal
HAR,Toro Rosso,47,84.07,Medium,23,2,1,34.6,30.8,False,True,29.883,30.516,23.671,4.057999999999993,True,11.0,85.26885294117648,3.528761413354446,82.612,102.118,5.2568529411764695,58,0.9602606281823562,Normal
HUL,Renault,47,83.979,Medium,24,2,1,34.6,30.8,False,True,29.794,30.476,23.709,3.9669999999999987,True,12.0,85.35307352941176,4.1363565491837635,81.261,102.149,5.341073529411765,58,0.9537782669355371,Normal
RAI,Ferrari,48,81.417,Soft,10,3,1,34.6,30.8,False,True,28.929,29.535,22.953,1.4050000000000011,True,3.0,83.57584057971015,4.273565316960659,80.292,102.489,3.5638405797101447,57,0.9513535091860809,Normal
OCO,Force India,47,83.457,ULTRASOFT,8,2,1,34.7,30.0,False,True,29.49,30.331,23.636,3.444999999999993,True,13.0,85.44189705882353,4.067255134919429,82.876,106.822,5.42989705882353,58,0.9545604551575259,Normal
PER,Force India,47,83.68,Soft,25,2,1,34.7,30.0,False,True,29.378,30.534,23.768,3.6680000000000064,True,14.0,85.57748529411765,4.040040063687292,83.263,106.036,5.565485294117646,59,0.9549190847710075,Normal
RIC,Red Bull Racing,48,81.383,ULTRASOFT,4,2,1,34.7,30.0,False,True,29.242,29.159,22.982,1.3709999999999951,True,4.0,83.83588405797101,4.178241086222172,80.012,104.904,3.823884057971014,59,0.9525276075927929,Normal
GAS,Toro Rosso,48,83.96,Soft,16,2,1,34.7,30.0,False,True,29.469,30.37,24.121,3.9479999999999933,True,6.0,84.31807246376812,3.8881694933963002,81.685,106.181,4.306072463768116,59,0.9559195652470432,Normal
ERI,Sauber,47,86.284,Medium,41,2,1,34.7,30.0,False,True,30.756,31.381,24.147,6.272000000000006,True,15.0,86.24726865671641,3.6217662591366757,83.671,104.012,6.235268656716419,59,0.9596995087069997,Normal
STR,Williams,47,88.356,Medium,46,1,1,34.7,30.0,False,True,30.002,31.105,27.249,8.343999999999994,False,17.0,86.38468656716418,3.440610288574851,82.66,102.679,6.372686567164179,57,0.9616966443862632,Outlier
SIR,Williams,47,85.054,Medium,16,2,1,34.7,30.0,False,True,30.004,30.899,24.151,5.042000000000002,True,16.0,86.39819402985074,3.390948867110466,83.708,103.23,6.386194029850746,57,0.9622343107673742,Normal
MAG,Haas F1 Team,48,82.739,Soft,17,2,1,34.7,30.0,False,True,29.521,29.854,23.364,2.727000000000004,True,7.0,84.54307352941177,3.6848675316564643,81.302,103.966,4.531073529411764,58,0.9582346874772252,Normal
HAM,Mercedes,49,81.936,Soft,24,2,1,34.7,30.0,False,True,29.397,29.417,23.122,1.9240000000000066,True,1.0,83.32930434782608,3.405719934706504,81.107,100.241,3.317304347826086,59,0.9607342020956535,Normal
ALO,McLaren,48,82.556,Medium,9,2,1,34.7,30.0,False,True,29.678,29.498,23.38,2.543999999999997,True,8.0,85.04004411764706,3.5128813807243047,82.09,102.197,5.02804411764706,58,0.9603301487674859,Normal
VAN,McLaren,48,83.08,Medium,8,2,1,34.8,29.8,False,True,29.893,29.805,23.382,3.067999999999998,True,18.0,85.36235416666666,3.4340507096070145,83.077,101.517,5.350354166666666,40,0.9613266920615544,Normal
BOT,Mercedes,49,82.579,Soft,34,2,1,34.8,29.8,False,True,29.188,29.866,23.525,2.566999999999993,True,5.0,84.03839130434783,3.221909454935942,81.736,99.52,4.026391304347825,59,0.9630770301396978,Normal
VET,Ferrari,49,81.904,ULTRASOFT,10,2,1,34.8,29.8,False,True,29.037,29.724,23.143,1.891999999999996,True,2.0,83.5474347826087,3.340483284330281,80.056,100.573,3.5354347826086947,59,0.9615541106445116,Normal
SAI,Renault,48,83.669,Medium,23,2,1,34.8,29.8,False,True,29.697,30.247,23.725,3.6569999999999965,True,9.0,85.25298529411765,3.465102800450653,82.774,102.309,5.240985294117646,58,0.9609425442446747,Normal
GRO,Haas F1 Team,48,83.292,Soft,19,2,1,34.8,29.8,False,True,29.586,30.174,23.532,3.280000000000001,True,10.0,85.22204411764706,3.5897657406370467,82.606,101.609,5.210044117647058,58,0.9595800857299813,Normal
HAR,Toro Rosso,48,84.387,Medium,24,2,1,34.8,29.8,False,True,30.064,30.567,23.756,4.375,True,11.0,85.26885294117648,3.528761413354446,82.612,102.118,5.2568529411764695,58,0.9602606281823562,Normal
RAI,Ferrari,49,81.975,Soft,11,3,1,34.8,29.8,False,True,29.051,29.786,23.138,1.9629999999999939,True,3.0,83.57584057971015,4.273565316960659,80.292,102.489,3.5638405797101447,57,0.9513535091860809,Normal
HUL,Renault,48,86.031,Medium,25,2,1,34.8,29.8,False,True,29.616,32.539,23.876,6.0190000000000055,True,12.0,85.35307352941176,4.1363565491837635,81.261,102.149,5.341073529411765,58,0.9537782669355371,Normal
OCO,Force India,48,83.387,ULTRASOFT,9,2,1,34.8,29.8,False,True,29.4,30.338,23.649,3.375,True,13.0,85.44189705882353,4.067255134919429,82.876,106.822,5.42989705882353,58,0.9545604551575259,Normal
PER,Force India,48,84.054,Soft,26,2,1,34.8,29.8,False,True,29.365,30.662,24.027,4.042000000000002,True,14.0,85.57748529411765,4.040040063687292,83.263,106.036,5.565485294117646,59,0.9549190847710075,Normal
RIC,Red Bull Racing,49,82.024,ULTRASOFT,5,2,1,34.8,29.8,False,True,29.233,29.497,23.294,2.0120000000000005,True,4.0,83.83588405797101,4.178241086222172,80.012,104.904,3.823884057971014,59,0.9525276075927929,Normal
GAS,Toro Rosso,49,82.565,Soft,17,2,1,34.8,29.8,False,True,29.387,29.93,23.248,2.5529999999999973,True,6.0,84.31807246376812,3.8881694933963002,81.685,106.181,4.306072463768116,59,0.9559195652470432,Normal
ERI,Sauber,48,84.15,Medium,42,2,1,34.8,29.8,False,True,29.84,30.466,23.844,4.138000000000005,True,15.0,86.24726865671641,3.6217662591366757,83.671,104.012,6.235268656716419,59,0.9596995087069997,Normal
SIR,Williams,48,84.759,Medium,17,2,1,34.8,29.8,False,True,29.913,30.764,24.082,4.747,True,16.0,86.39819402985074,3.390948867110466,83.708,103.23,6.386194029850746,57,0.9622343107673742,Normal
MAG,Haas F1 Team,49,82.945,Soft,18,2,1,34.9,29.4,False,True,29.518,29.798,23.629,2.9329999999999927,True,7.0,84.54307352941177,3.6848675316564643,81.302,103.966,4.531073529411764,58,0.9582346874772252,Normal
HAM,Mercedes,50,82.201,Soft,25,2,1,34.9,29.4,False,True,29.578,29.728,22.895,2.188999999999993,True,1.0,83.32930434782608,3.405719934706504,81.107,100.241,3.317304347826086,59,0.9607342020956535,Normal
STR,Williams,48,102.679,ULTRASOFT,1,2,1,34.9,29.4,False,True,48.493,30.517,23.669,22.667,False,17.0,86.38468656716418,3.440610288574851,82.66,102.679,6.372686567164179,57,0.9616966443862632,Outlier
ALO,McLaren,49,83.357,Medium,10,2,1,34.9,29.4,False,True,29.664,30.227,23.466,3.344999999999999,True,8.0,85.04004411764706,3.5128813807243047,82.09,102.197,5.02804411764706,58,0.9603301487674859,Normal
BOT,Mercedes,50,83.371,Soft,35,2,1,34.9,29.4,False,True,29.353,30.327,23.691,3.3589999999999947,True,5.0,84.03839130434783,3.221909454935942,81.736,99.52,4.026391304347825,59,0.9630770301396978,Normal
VET,Ferrari,50,82.438,ULTRASOFT,11,2,1,34.9,29.4,False,True,29.016,29.881,23.541,2.426000000000002,True,2.0,83.5474347826087,3.340483284330281,80.056,100.573,3.5354347826086947,59,0.9615541106445116,Normal
VAN,McLaren,49,86.939,Medium,9,2,1,34.9,29.4,False,True,29.769,30.667,26.503,6.9269999999999925,True,18.0,85.36235416666666,3.4340507096070145,83.077,101.517,5.350354166666666,40,0.9613266920615544,Normal
SAI,Renault,49,83.465,Medium,24,2,1,34.9,29.4,False,True,29.719,30.21,23.536,3.453000000000003,True,9.0,85.25298529411765,3.465102800450653,82.774,102.309,5.240985294117646,58,0.9609425442446747,Normal
GRO,Haas F1 Team,49,83.011,Soft,20,2,1,34.9,29.4,False,True,29.37,30.167,23.474,2.9989999999999952,True,10.0,85.22204411764706,3.5897657406370467,82.606,101.609,5.210044117647058,58,0.9595800857299813,Normal
RAI,Ferrari,50,81.509,Soft,12,3,1,34.9,29.4,False,True,28.998,29.541,22.97,1.4969999999999999,True,3.0,83.57584057971015,4.273565316960659,80.292,102.489,3.5638405797101447,57,0.9513535091860809,Normal
HAR,Toro Rosso,49,85.48,Medium,25,2,1,34.9,29.4,False,True,31.151,30.64,23.689,5.4680000000000035,True,11.0,85.26885294117648,3.528761413354446,82.612,102.118,5.2568529411764695,58,0.9602606281823562,Normal
HUL,Renault,49,83.741,Medium,26,2,1,34.9,29.4,False,True,29.705,30.376,23.66,3.728999999999999,True,12.0,85.35307352941176,4.1363565491837635,81.261,102.149,5.341073529411765,58,0.9537782669355371,Normal
OCO,Force India,49,83.489,ULTRASOFT,10,2,1,34.9,29.4,False,True,29.337,30.394,23.758,3.477000000000004,True,13.0,85.44189705882353,4.067255134919429,82.876,106.822,5.42989705882353,58,0.9545604551575259,Normal
RIC,Red Bull Racing,50,81.636,ULTRASOFT,6,2,1,34.9,29.4,False,True,29.063,29.463,23.11,1.6239999999999952,True,4.0,83.83588405797101,4.178241086222172,80.012,104.904,3.823884057971014,59,0.9525276075927929,Normal
PER,Force India,49,84.882,Soft,27,2,1,34.9,29.4,False,True,30.172,30.851,23.859,4.8700000000000045,True,14.0,85.57748529411765,4.040040063687292,83.263,106.036,5.565485294117646,59,0.9549190847710075,Normal
GAS,Toro Rosso,50,83.444,Soft,18,2,126,34.5,29.7,False,True,29.589,29.748,24.107,3.432000000000002,False,6.0,84.31807246376812,3.8881694933963002,81.685,106.181,4.306072463768116,59,0.9559195652470432,Outlier
ERI,Sauber,49,90.023,Medium,43,2,126,34.5,29.7,False,True,29.88,30.498,29.645,10.010999999999996,False,15.0,86.24726865671641,3.6217662591366757,83.671,104.012,6.235268656716419,59,0.9596995087069997,Outlier
SIR,Williams,49,90.771,Medium,18,2,126,34.5,29.7,False,True,29.847,31.011,29.913,10.759,False,16.0,86.39819402985074,3.390948867110466,83.708,103.23,6.386194029850746,57,0.9622343107673742,Outlier
MAG,Haas F1 Team,50,88.946,Soft,19,2,126,34.5,29.7,False,True,29.415,30.152,29.379,8.933999999999997,False,7.0,84.54307352941177,3.6848675316564643,81.302,103.966,4.531073529411764,58,0.9582346874772252,Outlier
HAM,Mercedes,51,90.824,Soft,26,2,126,34.5,29.7,False,True,29.191,29.455,32.178,10.811999999999998,False,1.0,83.32930434782608,3.405719934706504,81.107,100.241,3.317304347826086,59,0.9607342020956535,Outlier
STR,Williams,49,92.137,ULTRASOFT,2,2,126,34.5,29.7,False,True,29.505,29.988,32.644,12.125,False,17.0,86.38468656716418,3.440610288574851,82.66,102.679,6.372686567164179,57,0.9616966443862632,Outlier
ALO,McLaren,50,95.147,Medium,11,2,126,34.5,29.7,False,True,29.667,34.5,30.98,15.135000000000005,False,8.0,85.04004411764706,3.5128813807243047,82.09,102.197,5.02804411764706,58,0.9603301487674859,Outlier
BOT,Mercedes,51,94.911,Soft,36,2,126,34.3,29.8,False,True,29.324,36.221,29.366,14.899000000000001,False,5.0,84.03839130434783,3.221909454935942,81.736,99.52,4.026391304347825,59,0.9630770301396978,Outlier
VET,Ferrari,51,95.424,ULTRASOFT,12,2,126,34.3,29.8,False,True,29.269,36.483,29.672,15.412000000000006,False,2.0,83.5474347826087,3.340483284330281,80.056,100.573,3.5354347826086947,59,0.9615541106445116,Outlier
SAI,Renault,50,101.746,Medium,25,2,126,34.3,29.8,False,True,29.72,39.147,32.879,21.733999999999995,False,9.0,85.25298529411765,3.465102800450653,82.774,102.309,5.240985294117646,58,0.9609425442446747,Outlier
GRO,Haas F1 Team,50,101.437,Soft,21,2,126,34.3,29.8,False,True,29.781,40.213,31.443,21.424999999999997,False,10.0,85.22204411764706,3.5897657406370467,82.606,101.609,5.210044117647058,58,0.9595800857299813,Outlier
RAI,Ferrari,51,100.005,Soft,13,3,126,34.3,29.8,False,True,29.172,40.303,30.53,19.992999999999995,False,3.0,83.57584057971015,4.273565316960659,80.292,102.489,3.5638405797101447,57,0.9513535091860809,Outlier
HAR,Toro Rosso,50,102.118,Medium,26,2,126,34.3,29.8,False,True,29.792,40.018,32.308,22.105999999999995,False,11.0,85.26885294117648,3.528761413354446,82.612,102.118,5.2568529411764695,58,0.9602606281823562,Outlier
HUL,Renault,50,101.926,Medium,27,2,126,34.3,29.8,False,True,29.722,40.654,31.55,21.914,False,12.0,85.35307352941176,4.1363565491837635,81.261,102.149,5.341073529411765,58,0.9537782669355371,Outlier
RIC,Red Bull Racing,51,104.904,ULTRASOFT,7,2,1267,34.3,29.8,False,True,36.235,37.956,30.713,24.891999999999996,False,4.0,83.83588405797101,4.178241086222172,80.012,104.904,3.823884057971014,59,0.9525276075927929,Outlier
OCO,Force India,50,106.822,ULTRASOFT,11,2,1267,34.3,29.8,False,True,38.751,37.617,30.454,26.810000000000002,False,13.0,85.44189705882353,4.067255134919429,82.876,106.822,5.42989705882353,58,0.9545604551575259,Outlier
PER,Force India,50,106.036,Soft,28,2,1267,34.3,29.8,False,True,38.621,37.021,30.394,26.024,False,14.0,85.57748529411765,4.040040063687292,83.263,106.036,5.565485294117646,59,0.9549190847710075,Outlier
GAS,Toro Rosso,51,106.181,Soft,19,2,671,34.1,30.7,False,True,40.955,41.412,23.814,26.168999999999997,False,6.0,84.31807246376812,3.8881694933963002,81.685,106.181,4.306072463768116,59,0.9559195652470432,Outlier
ERI,Sauber,50,100.558,Medium,44,2,671,34.1,30.7,False,True,36.914,39.587,24.057,20.546000000000006,False,15.0,86.24726865671641,3.6217662591366757,83.671,104.012,6.235268656716419,59,0.9596995087069997,Outlier
SIR,Williams,50,100.247,Medium,19,2,671,34.1,30.7,False,True,37.264,38.983,24.0,20.235,False,16.0,86.39819402985074,3.390948867110466,83.708,103.23,6.386194029850746,57,0.9622343107673742,Outlier
MAG,Haas F1 Team,51,99.434,Soft,20,2,671,34.1,30.7,False,True,38.1,37.972,23.362,19.421999999999997,False,7.0,84.54307352941177,3.6848675316564643,81.302,103.966,4.531073529411764,58,0.9582346874772252,Outlier
HAM,Mercedes,52,96.702,Soft,27,2,671,34.1,30.7,False,True,40.944,32.709,23.049,16.689999999999998,False,1.0,83.32930434782608,3.405719934706504,81.107,100.241,3.317304347826086,59,0.9607342020956535,Outlier
STR,Williams,50,97.834,ULTRASOFT,3,2,671,34.1,30.7,False,True,40.654,33.622,23.558,17.822000000000003,False,17.0,86.38468656716418,3.440610288574851,82.66,102.679,6.372686567164179,57,0.9616966443862632,Outlier
ALO,McLaren,51,94.036,Medium,12,2,671,34.1,30.7,False,True,39.511,31.031,23.494,14.024000000000001,False,8.0,85.04004411764706,3.5128813807243047,82.09,102.197,5.02804411764706,58,0.9603301487674859,Outlier
BOT,Mercedes,52,92.179,Soft,37,2,671,34.1,30.7,False,True,39.408,29.345,23.426,12.167000000000002,False,5.0,84.03839130434783,3.221909454935942,81.736,99.52,4.026391304347825,59,0.9630770301396978,Outlier
VET,Ferrari,52,92.286,ULTRASOFT,13,2,671,34.1,30.7,False,True,39.101,29.988,23.197,12.274000000000001,False,2.0,83.5474347826087,3.340483284330281,80.056,100.573,3.5354347826086947,59,0.9615541106445116,Outlier
SAI,Renault,51,86.874,Medium,26,2,671,34.1,30.7,False,True,32.85,30.402,23.622,6.861999999999995,False,9.0,85.25298529411765,3.465102800450653,82.774,102.309,5.240985294117646,58,0.9609425442446747,Outlier
RAI,Ferrari,52,86.783,Soft,14,3,671,34.1,30.7,False,True,34.514,29.391,22.878,6.771000000000001,False,3.0,83.57584057971015,4.273565316960659,80.292,102.489,3.5638405797101447,57,0.9513535091860809,Outlier
GRO,Haas F1 Team,51,89.872,Soft,22,2,671,34.1,30.7,False,True,34.182,32.227,23.463,9.86,False,10.0,85.22204411764706,3.5897657406370467,82.606,101.609,5.210044117647058,58,0.9595800857299813,Outlier
HAR,Toro Rosso,51,87.988,Medium,27,2,671,34.1,30.7,False,True,34.234,30.224,23.53,7.975999999999999,False,11.0,85.26885294117648,3.528761413354446,82.612,102.118,5.2568529411764695,58,0.9602606281823562,Outlier
RIC,Red Bull Racing,52,82.005,ULTRASOFT,8,2,71,34.1,30.7,False,True,29.987,29.131,22.887,1.992999999999995,False,4.0,83.83588405797101,4.178241086222172,80.012,104.904,3.823884057971014,59,0.9525276075927929,Outlier
OCO,Force India,51,84.112,ULTRASOFT,12,2,71,34.0,31.3,False,True,30.206,30.208,23.698,4.099999999999994,False,13.0,85.44189705882353,4.067255134919429,82.876,106.822,5.42989705882353,58,0.9545604551575259,Outlier
PER,Force India,51,83.952,Soft,29,2,1,34.0,31.3,False,True,29.82,30.249,23.883,3.9399999999999977,True,14.0,85.57748529411765,4.040040063687292,83.263,106.036,5.565485294117646,59,0.9549190847710075,Normal
HUL,Renault,51,102.149,ULTRASOFT,1,3,671,34.0,31.3,False,True,48.163,30.643,23.343,22.137,False,12.0,85.35307352941176,4.1363565491837635,81.261,102.149,5.341073529411765,58,0.9537782669355371,Outlier
GAS,Toro Rosso,52,82.4,Soft,20,2,1,34.0,31.3,False,True,29.603,29.682,23.115,2.3880000000000052,True,6.0,84.31807246376812,3.8881694933963002,81.685,106.181,4.306072463768116,59,0.9559195652470432,Normal
ERI,Sauber,51,83.851,Medium,45,2,1,34.0,31.3,False,True,29.694,30.328,23.829,3.8389999999999986,True,15.0,86.24726865671641,3.6217662591366757,83.671,104.012,6.235268656716419,59,0.9596995087069997,Normal
MAG,Haas F1 Team,52,83.224,Soft,21,2,1,34.0,31.3,False,True,29.352,30.359,23.513,3.2120000000000033,True,7.0,84.54307352941177,3.6848675316564643,81.302,103.966,4.531073529411764,58,0.9582346874772252,Normal
SIR,Williams,51,85.993,Medium,20,2,1,34.0,31.3,False,True,29.751,30.544,25.698,5.9809999999999945,True,16.0,86.39819402985074,3.390948867110466,83.708,103.23,6.386194029850746,57,0.9622343107673742,Normal
HAM,Mercedes,53,81.19,Soft,28,2,1,34.0,31.3,False,True,29.006,29.253,22.931,1.1779999999999973,True,1.0,83.32930434782608,3.405719934706504,81.107,100.241,3.317304347826086,59,0.9607342020956535,Normal
STR,Williams,51,82.66,ULTRASOFT,4,2,1,34.0,31.3,False,True,29.275,29.766,23.619,2.647999999999996,True,17.0,86.38468656716418,3.440610288574851,82.66,102.679,6.372686567164179,57,0.9616966443862632,Peak
ALO,McLaren,52,82.351,Medium,13,2,1,34.0,31.3,False,True,29.49,29.381,23.48,2.3389999999999986,True,8.0,85.04004411764706,3.5128813807243047,82.09,102.197,5.02804411764706,58,0.9603301487674859,Normal
BOT,Mercedes,53,82.206,Soft,38,2,1,34.0,31.3,False,True,29.204,29.596,23.406,2.1940000000000026,True,5.0,84.03839130434783,3.221909454935942,81.736,99.52,4.026391304347825,59,0.9630770301396978,Normal
VET,Ferrari,53,81.398,ULTRASOFT,14,2,1,34.0,31.3,False,True,28.804,29.384,23.21,1.3859999999999957,True,2.0,83.5474347826087,3.340483284330281,80.056,100.573,3.5354347826086947,59,0.9615541106445116,Normal
RAI,Ferrari,53,80.612,Soft,15,3,1,34.4,30.0,False,True,28.712,29.152,22.748,0.5999999999999943,True,3.0,83.57584057971015,4.273565316960659,80.292,102.489,3.5638405797101447,57,0.9513535091860809,Strong
SAI,Renault,52,84.906,Medium,27,2,1,34.4,30.0,False,True,29.553,31.596,23.757,4.8940000000000055,True,9.0,85.25298529411765,3.465102800450653,82.774,102.309,5.240985294117646,58,0.9609425442446747,Normal
GRO,Haas F1 Team,52,82.818,Soft,23,2,1,34.4,30.0,False,True,29.477,29.854,23.487,2.8059999999999974,True,10.0,85.22204411764706,3.5897657406370467,82.606,101.609,5.210044117647058,58,0.9595800857299813,Normal
HAR,Toro Rosso,52,83.02,Medium,28,2,1,34.4,30.0,False,True,29.54,30.123,23.357,3.0079999999999956,True,11.0,85.26885294117648,3.528761413354446,82.612,102.118,5.2568529411764695,58,0.9602606281823562,Normal
RIC,Red Bull Racing,53,80.819,ULTRASOFT,9,2,1,34.4,30.0,False,True,29.051,28.897,22.871,0.8070000000000022,True,4.0,83.83588405797101,4.178241086222172,80.012,104.904,3.823884057971014,59,0.9525276075927929,Strong
OCO,Force India,52,83.184,ULTRASOFT,13,2,1,34.4,30.0,False,True,29.355,30.162,23.667,3.171999999999997,True,13.0,85.44189705882353,4.067255134919429,82.876,106.822,5.42989705882353,58,0.9545604551575259,Normal
PER,Force India,52,83.286,Soft,30,2,1,34.4,30.0,False,True,29.476,30.108,23.702,3.274000000000001,True,14.0,85.57748529411765,4.040040063687292,83.263,106.036,5.565485294117646,59,0.9549190847710075,Normal
HUL,Renault,52,82.423,ULTRASOFT,2,3,1,34.4,30.0,False,True,29.283,29.98,23.16,2.4110000000000014,True,12.0,85.35307352941176,4.1363565491837635,81.261,102.149,5.341073529411765,58,0.9537782669355371,Normal
GAS,Toro Rosso,53,82.563,Soft,21,2,1,34.4,30.0,False,True,29.656,29.617,23.29,2.551000000000002,True,6.0,84.31807246376812,3.8881694933963002,81.685,106.181,4.306072463768116,59,0.9559195652470432,Normal
ERI,Sauber,52,83.676,Medium,46,2,1,34.4,30.0,False,True,29.767,30.039,23.87,3.6640000000000015,True,15.0,86.24726865671641,3.6217662591366757,83.671,104.012,6.235268656716419,59,0.9596995087069997,Normal
MAG,Haas F1 Team,53,82.297,Soft,22,2,1,34.4,30.0,False,True,29.258,29.805,23.234,2.2849999999999966,True,7.0,84.54307352941177,3.6848675316564643,81.302,103.966,4.531073529411764,58,0.9582346874772252,Normal
SIR,Williams,52,84.701,Medium,21,2,1,34.4,29.8,False,True,30.252,30.529,23.92,4.688999999999993,True,16.0,86.39819402985074,3.390948867110466,83.708,103.23,6.386194029850746,57,0.9622343107673742,Normal
HAM,Mercedes,54,81.27,Soft,29,2,1,34.4,29.8,False,True,29.056,29.191,23.023,1.2579999999999956,True,1.0,83.32930434782608,3.405719934706504,81.107,100.241,3.317304347826086,59,0.9607342020956535,Normal
STR,Williams,52,83.065,ULTRASOFT,5,2,1,34.4,29.8,False,True,29.347,29.835,23.883,3.0529999999999973,True,17.0,86.38468656716418,3.440610288574851,82.66,102.679,6.372686567164179,57,0.9616966443862632,Normal
ALO,McLaren,53,82.568,Medium,14,2,1,34.4,29.8,False,True,29.472,29.624,23.472,2.5559999999999974,True,8.0,85.04004411764706,3.5128813807243047,82.09,102.197,5.02804411764706,58,0.9603301487674859,Normal
BOT,Mercedes,54,81.866,Soft,39,2,1,34.4,29.8,False,True,29.218,29.369,23.279,1.8539999999999992,True,5.0,84.03839130434783,3.221909454935942,81.736,99.52,4.026391304347825,59,0.9630770301396978,Normal
VET,Ferrari,54,81.767,ULTRASOFT,15,2,1,34.4,29.8,False,True,29.036,29.535,23.196,1.7549999999999955,True,2.0,83.5474347826087,3.340483284330281,80.056,100.573,3.5354347826086947,59,0.9615541106445116,Normal
RAI,Ferrari,54,80.445,Soft,16,3,1,34.4,29.8,False,True,28.784,28.97,22.691,0.4329999999999927,True,3.0,83.57584057971015,4.273565316960659,80.292,102.489,3.5638405797101447,57,0.9513535091860809,Strong
SAI,Renault,53,83.283,Medium,28,2,1,34.4,29.8,False,True,29.692,29.997,23.594,3.271000000000001,True,9.0,85.25298529411765,3.465102800450653,82.774,102.309,5.240985294117646,58,0.9609425442446747,Normal
GRO,Haas F1 Team,53,82.898,Soft,24,2,1,34.4,29.8,False,True,29.613,29.846,23.439,2.8859999999999957,True,10.0,85.22204411764706,3.5897657406370467,82.606,101.609,5.210044117647058,58,0.9595800857299813,Normal
HAR,Toro Rosso,53,83.125,Medium,29,2,1,34.4,29.8,False,True,29.618,30.061,23.446,3.1129999999999995,True,11.0,85.26885294117648,3.528761413354446,82.612,102.118,5.2568529411764695,58,0.9602606281823562,Normal
RIC,Red Bull Racing,54,81.082,ULTRASOFT,10,2,1,34.4,29.8,False,True,28.954,29.122,23.006,1.0699999999999932,True,4.0,83.83588405797101,4.178241086222172,80.012,104.904,3.823884057971014,59,0.9525276075927929,Normal
OCO,Force India,53,83.113,ULTRASOFT,14,2,1,34.4,29.8,False,True,29.223,30.258,23.632,3.100999999999999,True,13.0,85.44189705882353,4.067255134919429,82.876,106.822,5.42989705882353,58,0.9545604551575259,Normal
PER,Force India,53,83.308,Soft,31,2,1,34.4,29.8,False,True,29.355,30.228,23.725,3.2960000000000065,True,14.0,85.57748529411765,4.040040063687292,83.263,106.036,5.565485294117646,59,0.9549190847710075,Normal
HUL,Renault,53,82.761,ULTRASOFT,3,3,1,34.4,29.8,False,True,29.37,29.886,23.505,2.7489999999999952,True,12.0,85.35307352941176,4.1363565491837635,81.261,102.149,5.341073529411765,58,0.9537782669355371,Normal
GAS,Toro Rosso,54,82.414,Soft,22,2,1,34.3,30.5,False,True,29.616,29.629,23.169,2.402000000000001,True,6.0,84.31807246376812,3.8881694933963002,81.685,106.181,4.306072463768116,59,0.9559195652470432,Normal
ERI,Sauber,53,83.671,Medium,47,2,1,34.3,30.5,False,True,29.728,30.126,23.817,3.659000000000006,True,15.0,86.24726865671641,3.6217662591366757,83.671,104.012,6.235268656716419,59,0.9596995087069997,Peak
MAG,Haas F1 Team,54,82.788,Soft,23,2,1,34.3,30.5,False,True,29.219,30.022,23.547,2.7759999999999962,True,7.0,84.54307352941177,3.6848675316564643,81.302,103.966,4.531073529411764,58,0.9582346874772252,Normal
SIR,Williams,53,83.708,Medium,22,2,1,34.3,30.5,False,True,29.699,30.169,23.84,3.695999999999998,True,16.0,86.39819402985074,3.390948867110466,83.708,103.23,6.386194029850746,57,0.9622343107673742,Peak
HAM,Mercedes,55,81.383,Soft,30,2,1,34.3,30.5,False,True,29.175,29.1,23.108,1.3709999999999951,True,1.0,83.32930434782608,3.405719934706504,81.107,100.241,3.317304347826086,59,0.9607342020956535,Normal
STR,Williams,53,83.569,ULTRASOFT,6,2,1,34.3,30.5,False,True,29.557,30.141,23.871,3.557000000000002,True,17.0,86.38468656716418,3.440610288574851,82.66,102.679,6.372686567164179,57,0.9616966443862632,Normal
ALO,McLaren,54,83.708,Medium,15,2,1,34.3,30.5,False,True,29.675,29.913,24.12,3.695999999999998,True,8.0,85.04004411764706,3.5128813807243047,82.09,102.197,5.02804411764706,58,0.9603301487674859,Normal
BOT,Mercedes,55,82.583,Soft,40,2,1,34.3,30.5,False,True,29.21,29.856,23.517,2.570999999999998,True,5.0,84.03839130434783,3.221909454935942,81.736,99.52,4.026391304347825,59,0.9630770301396978,Normal
VET,Ferrari,55,82.34,ULTRASOFT,16,2,1,34.3,30.5,False,True,28.688,30.332,23.32,2.328000000000003,True,2.0,83.5474347826087,3.340483284330281,80.056,100.573,3.5354347826086947,59,0.9615541106445116,Normal
RAI,Ferrari,55,80.292,Soft,17,3,1,34.3,30.5,False,True,28.89,28.8,22.602,0.28000000000000114,True,3.0,83.57584057971015,4.273565316960659,80.292,102.489,3.5638405797101447,57,0.9513535091860809,Peak
SAI,Renault,54,83.07,Medium,29,2,1,34.3,30.5,False,True,29.559,29.945,23.566,3.0579999999999927,True,9.0,85.25298529411765,3.465102800450653,82.774,102.309,5.240985294117646,58,0.9609425442446747,Normal
GRO,Haas F1 Team,54,82.961,Soft,25,2,1,34.3,30.5,False,True,29.433,29.995,23.533,2.948999999999998,True,10.0,85.22204411764706,3.5897657406370467,82.606,101.609,5.210044117647058,58,0.9595800857299813,Normal
HAR,Toro Rosso,54,83.164,Medium,30,2,1,34.3,30.5,False,True,29.824,30.019,23.321,3.152000000000001,True,11.0,85.26885294117648,3.528761413354446,82.612,102.118,5.2568529411764695,58,0.9602606281823562,Normal
RIC,Red Bull Racing,55,81.606,ULTRASOFT,11,2,1,34.2,30.7,False,True,29.045,29.475,23.086,1.593999999999994,True,4.0,83.83588405797101,4.178241086222172,80.012,104.904,3.823884057971014,59,0.9525276075927929,Normal
OCO,Force India,54,83.316,ULTRASOFT,15,2,1,34.2,30.7,False,True,29.336,30.346,23.634,3.304000000000002,True,13.0,85.44189705882353,4.067255134919429,82.876,106.822,5.42989705882353,58,0.9545604551575259,Normal
HUL,Renault,54,81.685,ULTRASOFT,4,3,1,34.2,30.7,False,True,28.995,29.51,23.18,1.6730000000000018,True,12.0,85.35307352941176,4.1363565491837635,81.261,102.149,5.341073529411765,58,0.9537782669355371,Normal
PER,Force India,54,84.607,Soft,32,2,1,34.2,30.7,False,True,29.918,30.932,23.757,4.594999999999999,True,14.0,85.57748529411765,4.040040063687292,83.263,106.036,5.565485294117646,59,0.9549190847710075,Normal
GAS,Toro Rosso,55,82.751,Soft,23,2,1,34.2,30.7,False,True,29.534,29.86,23.357,2.7390000000000043,True,6.0,84.31807246376812,3.8881694933963002,81.685,106.181,4.306072463768116,59,0.9559195652470432,Normal
MAG,Haas F1 Team,55,82.287,Soft,24,2,1,34.2,30.7,False,True,29.456,29.632,23.199,2.2750000000000057,True,7.0,84.54307352941177,3.6848675316564643,81.302,103.966,4.531073529411764,58,0.9582346874772252,Normal
ERI,Sauber,54,86.281,Medium,48,2,1,34.2,30.7,False,True,31.404,30.846,24.031,6.2690000000000055,True,15.0,86.24726865671641,3.6217662591366757,83.671,104.012,6.235268656716419,59,0.9596995087069997,Normal
HAM,Mercedes,56,81.918,Soft,31,2,1,34.2,30.7,False,True,29.193,29.694,23.031,1.906000000000006,True,1.0,83.32930434782608,3.405719934706504,81.107,100.241,3.317304347826086,59,0.9607342020956535,Normal
SIR,Williams,54,86.489,Medium,23,2,1,34.2,30.7,False,True,30.554,31.83,24.105,6.477000000000004,True,16.0,86.39819402985074,3.390948867110466,83.708,103.23,6.386194029850746,57,0.9622343107673742,Normal
STR,Williams,54,83.483,ULTRASOFT,7,2,1,34.2,30.7,False,True,29.556,30.099,23.828,3.4710000000000036,True,17.0,86.38468656716418,3.440610288574851,82.66,102.679,6.372686567164179,57,0.9616966443862632,Normal
BOT,Mercedes,56,81.983,Soft,41,2,1,34.4,30.5,False,True,29.242,29.454,23.287,1.9710000000000036,True,5.0,84.03839130434783,3.221909454935942,81.736,99.52,4.026391304347825,59,0.9630770301396978,Normal
VET,Ferrari,56,82.247,ULTRASOFT,17,2,1,34.4,30.5,False,True,28.958,30.091,23.198,2.2349999999999994,True,2.0,83.5474347826087,3.340483284330281,80.056,100.573,3.5354347826086947,59,0.9615541106445116,Normal
ALO,McLaren,55,85.257,Medium,16,2,1,34.4,30.5,False,True,31.258,30.362,23.637,5.2450000000000045,True,8.0,85.04004411764706,3.5128813807243047,82.09,102.197,5.02804411764706,58,0.9603301487674859,Normal
RAI,Ferrari,56,80.78,Soft,18,3,1,34.4,30.5,False,True,28.791,29.056,22.933,0.7680000000000007,True,3.0,83.57584057971015,4.273565316960659,80.292,102.489,3.5638405797101447,57,0.9513535091860809,Strong
SAI,Renault,55,82.992,Medium,30,2,1,34.4,30.5,False,True,29.593,29.91,23.489,2.980000000000004,True,9.0,85.25298529411765,3.465102800450653,82.774,102.309,5.240985294117646,58,0.9609425442446747,Normal
GRO,Haas F1 Team,55,82.798,Soft,26,2,1,34.4,30.5,False,True,29.416,29.841,23.541,2.7860000000000014,True,10.0,85.22204411764706,3.5897657406370467,82.606,101.609,5.210044117647058,58,0.9595800857299813,Normal
HAR,Toro Rosso,55,82.751,Medium,31,2,1,34.4,30.5,False,True,29.63,29.773,23.348,2.7390000000000043,True,11.0,85.26885294117648,3.528761413354446,82.612,102.118,5.2568529411764695,58,0.9602606281823562,Normal
RIC,Red Bull Racing,56,81.911,ULTRASOFT,12,2,1,34.4,30.5,False,True,29.126,29.619,23.166,1.899000000000001,True,4.0,83.83588405797101,4.178241086222172,80.012,104.904,3.823884057971014,59,0.9525276075927929,Normal
OCO,Force India,55,83.133,ULTRASOFT,16,2,1,34.4,30.5,False,True,29.298,30.229,23.606,3.120999999999995,True,13.0,85.44189705882353,4.067255134919429,82.876,106.822,5.42989705882353,58,0.9545604551575259,Normal
HUL,Renault,55,82.384,ULTRASOFT,5,3,1,34.4,30.5,False,True,29.26,29.703,23.421,2.372,True,12.0,85.35307352941176,4.1363565491837635,81.261,102.149,5.341073529411765,58,0.9537782669355371,Normal
PER,Force India,55,83.575,Soft,33,2,1,34.4,30.5,False,True,29.52,30.372,23.683,3.5630000000000024,True,14.0,85.57748529411765,4.040040063687292,83.263,106.036,5.565485294117646,59,0.9549190847710075,Normal
GAS,Toro Rosso,56,82.481,Soft,24,2,1,34.4,30.5,False,True,29.579,29.695,23.207,2.468999999999994,True,6.0,84.31807246376812,3.8881694933963002,81.685,106.181,4.306072463768116,59,0.9559195652470432,Normal
MAG,Haas F1 Team,56,82.083,Soft,25,2,1,34.4,29.8,False,True,29.347,29.555,23.181,2.070999999999998,True,7.0,84.54307352941177,3.6848675316564643,81.302,103.966,4.531073529411764,58,0.9582346874772252,Normal
ERI,Sauber,55,84.128,Medium,49,2,1,34.4,29.8,False,True,29.841,30.407,23.88,4.116,True,15.0,86.24726865671641,3.6217662591366757,83.671,104.012,6.235268656716419,59,0.9596995087069997,Normal
HAM,Mercedes,57,82.105,Soft,32,2,1,34.4,29.8,False,True,29.309,29.455,23.341,2.0930000000000035,True,1.0,83.32930434782608,3.405719934706504,81.107,100.241,3.317304347826086,59,0.9607342020956535,Normal
SIR,Williams,55,84.28,Medium,24,2,1,34.4,29.8,False,True,30.024,30.337,23.919,4.268000000000001,True,16.0,86.39819402985074,3.390948867110466,83.708,103.23,6.386194029850746,57,0.9622343107673742,Normal
STR,Williams,55,83.518,ULTRASOFT,8,2,1,34.4,29.8,False,True,29.69,30.073,23.755,3.5060000000000002,True,17.0,86.38468656716418,3.440610288574851,82.66,102.679,6.372686567164179,57,0.9616966443862632,Normal
BOT,Mercedes,57,82.163,Soft,42,2,1,34.4,29.8,False,True,29.281,29.333,23.549,2.1509999999999962,True,5.0,84.03839130434783,3.221909454935942,81.736,99.52,4.026391304347825,59,0.9630770301396978,Normal
VET,Ferrari,57,82.096,ULTRASOFT,18,2,1,34.4,29.8,False,True,29.211,29.644,23.241,2.084000000000003,True,2.0,83.5474347826087,3.340483284330281,80.056,100.573,3.5354347826086947,59,0.9615541106445116,Normal
RAI,Ferrari,57,81.436,Soft,19,3,1,34.4,29.8,False,True,28.94,29.367,23.129,1.4240000000000066,True,3.0,83.57584057971015,4.273565316960659,80.292,102.489,3.5638405797101447,57,0.9513535091860809,Normal
ALO,McLaren,56,84.604,Medium,17,2,1,34.4,29.8,False,True,29.689,29.92,24.995,4.591999999999999,True,8.0,85.04004411764706,3.5128813807243047,82.09,102.197,5.02804411764706,58,0.9603301487674859,Normal
SAI,Renault,56,83.052,Medium,31,2,1,34.4,29.8,False,True,29.514,30.018,23.52,3.0400000000000063,True,9.0,85.25298529411765,3.465102800450653,82.774,102.309,5.240985294117646,58,0.9609425442446747,Normal
GRO,Haas F1 Team,56,83.634,Soft,27,2,1,34.4,29.8,False,True,29.669,30.297,23.668,3.622,True,10.0,85.22204411764706,3.5897657406370467,82.606,101.609,5.210044117647058,58,0.9595800857299813,Normal
RIC,Red Bull Racing,57,82.042,ULTRASOFT,13,2,1,34.4,29.8,False,True,29.236,29.612,23.194,2.030000000000001,True,4.0,83.83588405797101,4.178241086222172,80.012,104.904,3.823884057971014,59,0.9525276075927929,Normal
HAR,Toro Rosso,56,85.329,Medium,32,2,1,34.4,29.8,False,True,29.67,31.896,23.763,5.316999999999993,True,11.0,85.26885294117648,3.528761413354446,82.612,102.118,5.2568529411764695,58,0.9602606281823562,Normal
OCO,Force India,56,83.141,ULTRASOFT,17,2,1,34.4,29.8,False,True,29.363,30.165,23.613,3.129000000000005,True,13.0,85.44189705882353,4.067255134919429,82.876,106.822,5.42989705882353,58,0.9545604551575259,Normal
HUL,Renault,56,83.029,ULTRASOFT,6,3,1,34.4,29.8,False,True,29.539,30.038,23.452,3.016999999999996,True,12.0,85.35307352941176,4.1363565491837635,81.261,102.149,5.341073529411765,58,0.9537782669355371,Normal
PER,Force India,56,83.263,Soft,34,2,1,34.3,28.3,False,True,29.533,30.094,23.636,3.2510000000000048,True,14.0,85.57748529411765,4.040040063687292,83.263,106.036,5.565485294117646,59,0.9549190847710075,Peak
GAS,Toro Rosso,57,82.221,Soft,25,2,1,34.3,28.3,False,True,29.448,29.633,23.14,2.209000000000003,True,6.0,84.31807246376812,3.8881694933963002,81.685,106.181,4.306072463768116,59,0.9559195652470432,Normal
MAG,Haas F1 Team,57,81.932,Soft,26,2,1,34.3,28.3,False,True,29.273,29.549,23.11,1.9200000000000017,True,7.0,84.54307352941177,3.6848675316564643,81.302,103.966,4.531073529411764,58,0.9582346874772252,Normal
HAM,Mercedes,58,81.269,Soft,33,2,1,34.3,28.3,False,True,28.94,29.389,22.94,1.257000000000005,True,1.0,83.32930434782608,3.405719934706504,81.107,100.241,3.317304347826086,59,0.9607342020956535,Normal
ERI,Sauber,56,85.634,Medium,50,2,1,34.3,28.3,False,True,31.051,30.673,23.91,5.622,True,15.0,86.24726865671641,3.6217662591366757,83.671,104.012,6.235268656716419,59,0.9596995087069997,Normal
SIR,Williams,56,84.2,Medium,25,2,1,34.3,28.3,False,True,29.881,30.345,23.974,4.188000000000002,True,16.0,86.39819402985074,3.390948867110466,83.708,103.23,6.386194029850746,57,0.9622343107673742,Normal
STR,Williams,56,83.653,ULTRASOFT,9,2,1,34.3,28.3,False,True,29.59,30.264,23.799,3.6410000000000053,True,17.0,86.38468656716418,3.440610288574851,82.66,102.679,6.372686567164179,57,0.9616966443862632,Normal
BOT,Mercedes,58,82.569,Soft,43,2,1,34.3,28.3,False,True,29.238,29.807,23.524,2.557000000000002,True,5.0,84.03839130434783,3.221909454935942,81.736,99.52,4.026391304347825,59,0.9630770301396978,Normal
VET,Ferrari,58,82.482,ULTRASOFT,19,2,1,34.3,28.3,False,True,29.254,29.747,23.481,2.469999999999999,True,2.0,83.5474347826087,3.340483284330281,80.056,100.573,3.5354347826086947,59,0.9615541106445116,Normal
RAI,Ferrari,58,81.082,Soft,20,3,1,34.3,28.3,False,True,28.908,29.026,23.148,1.0699999999999932,True,3.0,83.57584057971015,4.273565316960659,80.292,102.489,3.5638405797101447,57,0.9513535091860809,Normal
ALO,McLaren,57,82.761,Medium,18,2,1,34.3,28.3,False,True,29.51,29.657,23.594,2.7489999999999952,True,8.0,85.04004411764706,3.5128813807243047,82.09,102.197,5.02804411764706,58,0.9603301487674859,Normal
SAI,Renault,57,83.02,Medium,32,2,1,33.8,28.1,False,True,29.525,29.97,23.525,3.0079999999999956,True,9.0,85.25298529411765,3.465102800450653,82.774,102.309,5.240985294117646,58,0.9609425442446747,Normal
GRO,Haas F1 Team,57,83.352,Soft,28,2,1,33.8,28.1,False,True,29.494,30.304,23.554,3.3400000000000034,True,10.0,85.22204411764706,3.5897657406370467,82.606,101.609,5.210044117647058,58,0.9595800857299813,Normal
RIC,Red Bull Racing,58,81.656,ULTRASOFT,14,2,1,33.8,28.1,False,True,29.307,29.348,23.001,1.6440000000000055,True,4.0,83.83588405797101,4.178241086222172,80.012,104.904,3.823884057971014,59,0.9525276075927929,Normal
HAR,Toro Rosso,57,83.298,Medium,33,2,1,33.8,28.1,False,True,29.744,30.121,23.433,3.2860000000000014,True,11.0,85.26885294117648,3.528761413354446,82.612,102.118,5.2568529411764695,58,0.9602606281823562,Normal
OCO,Force India,57,83.058,ULTRASOFT,18,2,1,33.8,28.1,False,True,29.257,30.147,23.654,3.0460000000000065,True,13.0,85.44189705882353,4.067255134919429,82.876,106.822,5.42989705882353,58,0.9545604551575259,Normal
HUL,Renault,57,83.038,ULTRASOFT,7,3,1,33.8,28.1,False,True,29.579,29.984,23.475,3.0259999999999962,True,12.0,85.35307352941176,4.1363565491837635,81.261,102.149,5.341073529411765,58,0.9537782669355371,Normal
PER,Force India,57,83.267,Soft,35,2,1,33.8,28.1,False,True,29.44,30.164,23.663,3.2549999999999955,True,14.0,85.57748529411765,4.040040063687292,83.263,106.036,5.565485294117646,59,0.9549190847710075,Normal
GAS,Toro Rosso,58,82.194,Soft,26,2,1,33.8,28.1,False,True,29.467,29.634,23.093,2.182000000000002,True,6.0,84.31807246376812,3.8881694933963002,81.685,106.181,4.306072463768116,59,0.9559195652470432,Normal
MAG,Haas F1 Team,58,81.846,Soft,27,2,1,33.8,28.1,False,True,29.224,29.526,23.096,1.8340000000000032,True,7.0,84.54307352941177,3.6848675316564643,81.302,103.966,4.531073529411764,58,0.9582346874772252,Normal
HAM,Mercedes,59,81.271,Soft,34,2,1,33.8,28.1,False,True,29.128,29.22,22.923,1.2590000000000003,True,1.0,83.32930434782608,3.405719934706504,81.107,100.241,3.317304347826086,59,0.9607342020956535,Normal
ERI,Sauber,57,83.879,Medium,51,2,1,33.8,28.1,False,True,29.624,30.368,23.887,3.8670000000000044,True,15.0,86.24726865671641,3.6217662591366757,83.671,104.012,6.235268656716419,59,0.9596995087069997,Normal
SIR,Williams,57,84.17,Medium,26,2,1,33.8,28.5,False,True,29.7,30.436,24.034,4.158000000000001,True,16.0,86.39819402985074,3.390948867110466,83.708,103.23,6.386194029850746,57,0.9622343107673742,Normal
BOT,Mercedes,59,82.186,Soft,44,2,1,33.8,28.5,False,True,29.285,29.51,23.391,2.1740000000000066,True,5.0,84.03839130434783,3.221909454935942,81.736,99.52,4.026391304347825,59,0.9630770301396978,Normal
VET,Ferrari,59,82.212,ULTRASOFT,20,2,1,33.8,28.5,False,True,29.147,29.852,23.213,2.200000000000003,True,2.0,83.5474347826087,3.340483284330281,80.056,100.573,3.5354347826086947,59,0.9615541106445116,Normal
RAI,Ferrari,59,81.677,Soft,21,3,1,33.8,28.5,False,True,29.125,29.449,23.103,1.6650000000000063,True,3.0,83.57584057971015,4.273565316960659,80.292,102.489,3.5638405797101447,57,0.9513535091860809,Normal
STR,Williams,57,88.342,ULTRASOFT,10,2,1,33.8,28.5,False,True,33.56,30.694,24.088,8.329999999999998,True,17.0,86.38468656716418,3.440610288574851,82.66,102.679,6.372686567164179,57,0.9616966443862632,Normal
ALO,McLaren,58,83.002,Medium,19,2,1,33.8,28.5,False,True,29.58,29.797,23.625,2.989999999999995,True,8.0,85.04004411764706,3.5128813807243047,82.09,102.197,5.02804411764706,58,0.9603301487674859,Normal
SAI,Renault,58,82.774,Medium,33,2,1,33.8,28.5,False,True,29.461,29.874,23.439,2.7620000000000005,True,9.0,85.25298529411765,3.465102800450653,82.774,102.309,5.240985294117646,58,0.9609425442446747,Peak
GRO,Haas F1 Team,58,82.606,Soft,29,2,1,33.8,28.5,False,True,29.369,29.858,23.379,2.593999999999994,True,10.0,85.22204411764706,3.5897657406370467,82.606,101.609,5.210044117647058,58,0.9595800857299813,Peak
RIC,Red Bull Racing,59,81.511,ULTRASOFT,15,2,1,33.8,28.5,False,True,29.011,29.4,23.1,1.4989999999999952,True,4.0,83.83588405797101,4.178241086222172,80.012,104.904,3.823884057971014,59,0.9525276075927929,Normal
HAR,Toro Rosso,58,83.005,Medium,34,2,1,33.8,28.5,False,True,29.581,30.063,23.361,2.992999999999995,True,11.0,85.26885294117648,3.528761413354446,82.612,102.118,5.2568529411764695,58,0.9602606281823562,Normal
OCO,Force India,58,83.225,ULTRASOFT,19,2,1,33.8,28.5,False,True,29.299,30.218,23.708,3.212999999999994,True,13.0,85.44189705882353,4.067255134919429,82.876,106.822,5.42989705882353,58,0.9545604551575259,Normal
HUL,Renault,58,83.44,ULTRASOFT,8,3,1,33.8,28.5,False,True,29.599,29.995,23.846,3.4279999999999973,True,12.0,85.35307352941176,4.1363565491837635,81.261,102.149,5.341073529411765,58,0.9537782669355371,Normal
PER,Force India,58,83.356,Soft,36,2,1,33.8,28.5,False,True,29.505,30.135,23.716,3.343999999999994,True,14.0,85.57748529411765,4.040040063687292,83.263,106.036,5.565485294117646,59,0.9549190847710075,Normal
GAS,Toro Rosso,59,82.257,Soft,27,2,1,34.1,28.4,False,True,29.465,29.542,23.25,2.2450000000000045,True,6.0,84.31807246376812,3.8881694933963002,81.685,106.181,4.306072463768116,59,0.9559195652470432,Normal
MAG,Haas F1 Team,59,81.747,Soft,28,2,1,34.1,28.4,False,True,29.152,29.366,23.229,1.7349999999999994,True,7.0,84.54307352941177,3.6848675316564643,81.302,103.966,4.531073529411764,58,0.9582346874772252,Normal
HAM,Mercedes,60,81.642,Soft,35,2,1,34.1,28.4,False,True,29.221,29.311,23.11,1.6299999999999955,True,1.0,83.32930434782608,3.405719934706504,81.107,100.241,3.317304347826086,59,0.9607342020956535,Normal
ERI,Sauber,58,84.131,Medium,52,2,1,34.1,28.4,False,True,29.837,30.434,23.86,4.119,True,15.0,86.24726865671641,3.6217662591366757,83.671,104.012,6.235268656716419,59,0.9596995087069997,Normal
SIR,Williams,58,84.458,Medium,27,2,1,34.1,28.4,False,True,29.826,30.466,24.166,4.445999999999998,True,16.0,86.39819402985074,3.390948867110466,83.708,103.23,6.386194029850746,57,0.9622343107673742,Normal
BOT,Mercedes,60,82.155,Soft,45,2,1,34.1,28.4,False,True,29.207,29.589,23.359,2.1430000000000007,True,5.0,84.03839130434783,3.221909454935942,81.736,99.52,4.026391304347825,59,0.9630770301396978,Normal
VET,Ferrari,60,82.199,ULTRASOFT,21,2,1,34.1,28.4,False,True,29.182,29.619,23.398,2.1869999999999976,True,2.0,83.5474347826087,3.340483284330281,80.056,100.573,3.5354347826086947,59,0.9615541106445116,Normal
RAI,Ferrari,60,81.979,Soft,22,3,1,34.1,28.4,False,True,29.19,29.618,23.171,1.9669999999999987,True,3.0,83.57584057971015,4.273565316960659,80.292,102.489,3.5638405797101447,57,0.9513535091860809,Normal
ALO,McLaren,59,82.75,Medium,20,2,1,34.1,28.4,False,True,29.578,29.571,23.601,2.7379999999999995,True,8.0,85.04004411764706,3.5128813807243047,82.09,102.197,5.02804411764706,58,0.9603301487674859,Normal
STR,Williams,58,86.779,ULTRASOFT,11,2,1,34.1,28.4,False,True,32.222,30.452,24.105,6.766999999999996,True,17.0,86.38468656716418,3.440610288574851,82.66,102.679,6.372686567164179,57,0.9616966443862632,Normal
SAI,Renault,59,82.986,Medium,34,2,1,34.1,28.4,False,True,29.504,29.877,23.605,2.9740000000000038,True,9.0,85.25298529411765,3.465102800450653,82.774,102.309,5.240985294117646,58,0.9609425442446747,Normal
RIC,Red Bull Racing,60,81.719,ULTRASOFT,16,2,1,34.1,28.4,False,True,29.212,29.578,22.929,1.7069999999999936,True,4.0,83.83588405797101,4.178241086222172,80.012,104.904,3.823884057971014,59,0.9525276075927929,Normal
GRO,Haas F1 Team,59,85.254,Soft,30,2,1,34.1,28.4,False,True,29.457,31.938,23.859,5.242000000000004,True,10.0,85.22204411764706,3.5897657406370467,82.606,101.609,5.210044117647058,58,0.9595800857299813,Normal
HAR,Toro Rosso,59,82.789,Medium,35,2,1,34.1,28.4,False,True,29.574,29.775,23.44,2.777000000000001,True,11.0,85.26885294117648,3.528761413354446,82.612,102.118,5.2568529411764695,58,0.9602606281823562,Normal
OCO,Force India,59,83.35,ULTRASOFT,20,2,1,34.3,27.7,False,True,29.371,30.254,23.725,3.337999999999994,True,13.0,85.44189705882353,4.067255134919429,82.876,106.822,5.42989705882353,58,0.9545604551575259,Normal
HUL,Renault,59,84.695,ULTRASOFT,9,3,1,34.3,27.7,False,True,29.578,31.566,23.551,4.682999999999993,True,12.0,85.35307352941176,4.1363565491837635,81.261,102.149,5.341073529411765,58,0.9537782669355371,Normal
PER,Force India,59,83.33,Soft,37,2,1,34.3,27.7,False,True,29.439,30.089,23.802,3.317999999999998,True,14.0,85.57748529411765,4.040040063687292,83.263,106.036,5.565485294117646,59,0.9549190847710075,Normal
GAS,Toro Rosso,60,81.851,Soft,28,2,1,34.3,27.7,False,True,29.439,29.363,23.049,1.8389999999999986,True,6.0,84.31807246376812,3.8881694933963002,81.685,106.181,4.306072463768116,59,0.9559195652470432,Normal
MAG,Haas F1 Team,60,81.302,Soft,29,2,1,34.3,27.7,False,True,29.162,29.1,23.04,1.2900000000000063,True,7.0,84.54307352941177,3.6848675316564643,81.302,103.966,4.531073529411764,58,0.9582346874772252,Peak
HAM,Mercedes,61,81.511,Soft,36,2,1,34.3,27.7,False,True,29.157,29.34,23.014,1.4989999999999952,True,1.0,83.32930434782608,3.405719934706504,81.107,100.241,3.317304347826086,59,0.9607342020956535,Normal
ERI,Sauber,59,84.166,Medium,53,2,1,34.3,27.7,False,True,29.744,30.617,23.805,4.153999999999996,True,15.0,86.24726865671641,3.6217662591366757,83.671,104.012,6.235268656716419,59,0.9596995087069997,Normal
SIR,Williams,59,84.128,Medium,28,2,1,34.3,27.7,False,True,29.924,30.292,23.912,4.116,True,16.0,86.39819402985074,3.390948867110466,83.708,103.23,6.386194029850746,57,0.9622343107673742,Normal
BOT,Mercedes,61,82.574,Soft,46,2,1,34.3,27.7,False,True,29.297,29.773,23.504,2.5619999999999976,True,5.0,84.03839130434783,3.221909454935942,81.736,99.52,4.026391304347825,59,0.9630770301396978,Normal
VET,Ferrari,61,82.527,ULTRASOFT,22,2,1,34.3,27.7,False,True,29.141,29.911,23.475,2.5150000000000006,True,2.0,83.5474347826087,3.340483284330281,80.056,100.573,3.5354347826086947,59,0.9615541106445116,Normal
RAI,Ferrari,61,82.483,Soft,23,3,1,34.3,27.7,False,True,29.107,30.029,23.347,2.4710000000000036,True,3.0,83.57584057971015,4.273565316960659,80.292,102.489,3.5638405797101447,57,0.9513535091860809,Normal
ALO,McLaren,60,82.944,Medium,21,2,1,34.4,27.8,False,True,29.779,29.636,23.529,2.932000000000002,True,8.0,85.04004411764706,3.5128813807243047,82.09,102.197,5.02804411764706,58,0.9603301487674859,Normal
STR,Williams,59,84.449,ULTRASOFT,12,2,1,34.4,27.8,False,True,29.823,30.446,24.18,4.436999999999998,True,17.0,86.38468656716418,3.440610288574851,82.66,102.679,6.372686567164179,57,0.9616966443862632,Normal
RIC,Red Bull Racing,61,81.862,ULTRASOFT,17,2,1,34.4,27.8,False,True,29.016,29.672,23.174,1.8499999999999943,True,4.0,83.83588405797101,4.178241086222172,80.012,104.904,3.823884057971014,59,0.9525276075927929,Normal
SAI,Renault,60,85.388,Medium,35,2,1,34.4,27.8,False,True,29.629,30.302,25.457,5.376000000000005,True,9.0,85.25298529411765,3.465102800450653,82.774,102.309,5.240985294117646,58,0.9609425442446747,Normal
GRO,Haas F1 Team,60,82.866,Soft,31,2,1,34.4,27.8,False,True,29.536,29.855,23.475,2.853999999999999,True,10.0,85.22204411764706,3.5897657406370467,82.606,101.609,5.210044117647058,58,0.9595800857299813,Normal
HAR,Toro Rosso,60,83.062,Medium,36,2,1,34.4,27.8,False,True,29.725,29.87,23.467,3.049999999999997,True,11.0,85.26885294117648,3.528761413354446,82.612,102.118,5.2568529411764695,58,0.9602606281823562,Normal
OCO,Force India,60,83.305,ULTRASOFT,21,2,1,34.4,27.8,False,True,29.314,30.328,23.663,3.2930000000000064,True,13.0,85.44189705882353,4.067255134919429,82.876,106.822,5.42989705882353,58,0.9545604551575259,Normal
HUL,Renault,60,83.671,ULTRASOFT,10,3,1,34.4,27.8,False,True,29.555,30.462,23.654,3.659000000000006,True,12.0,85.35307352941176,4.1363565491837635,81.261,102.149,5.341073529411765,58,0.9537782669355371,Normal
PER,Force India,60,83.546,Soft,38,2,1,34.4,27.8,False,True,29.651,30.141,23.754,3.534000000000006,True,14.0,85.57748529411765,4.040040063687292,83.263,106.036,5.565485294117646,59,0.9549190847710075,Normal
GAS,Toro Rosso,61,82.053,Soft,29,2,1,34.4,27.8,False,True,29.409,29.469,23.175,2.040999999999997,True,6.0,84.31807246376812,3.8881694933963002,81.685,106.181,4.306072463768116,59,0.9559195652470432,Normal
MAG,Haas F1 Team,61,81.535,Soft,30,2,1,34.4,27.8,False,True,29.216,29.192,23.127,1.5229999999999961,True,7.0,84.54307352941177,3.6848675316564643,81.302,103.966,4.531073529411764,58,0.9582346874772252,Normal
HAM,Mercedes,62,81.493,Soft,37,2,1,34.4,27.8,False,True,29.214,29.31,22.969,1.4809999999999945,True,1.0,83.32930434782608,3.405719934706504,81.107,100.241,3.317304347826086,59,0.9607342020956535,Normal
ERI,Sauber,60,84.152,Medium,54,2,1,34.3,27.9,False,True,29.908,30.443,23.801,4.140000000000001,True,15.0,86.24726865671641,3.6217662591366757,83.671,104.012,6.235268656716419,59,0.9596995087069997,Normal
SIR,Williams,60,83.978,Medium,29,2,1,34.3,27.9,False,True,29.783,30.26,23.935,3.965999999999994,True,16.0,86.39819402985074,3.390948867110466,83.708,103.23,6.386194029850746,57,0.9622343107673742,Normal
BOT,Mercedes,62,82.791,Soft,47,2,1,34.3,27.9,False,True,29.239,29.943,23.609,2.7789999999999964,True,5.0,84.03839130434783,3.221909454935942,81.736,99.52,4.026391304347825,59,0.9630770301396978,Normal
VET,Ferrari,62,82.644,ULTRASOFT,23,2,1,34.3,27.9,False,True,29.095,30.166,23.383,2.632000000000005,True,2.0,83.5474347826087,3.340483284330281,80.056,100.573,3.5354347826086947,59,0.9615541106445116,Normal
RAI,Ferrari,62,82.686,Soft,24,3,1,34.3,27.9,False,True,28.986,30.263,23.437,2.6740000000000066,True,3.0,83.57584057971015,4.273565316960659,80.292,102.489,3.5638405797101447,57,0.9513535091860809,Normal
ALO,McLaren,61,82.601,Medium,22,2,1,34.3,27.9,False,True,29.566,29.655,23.38,2.5889999999999986,True,8.0,85.04004411764706,3.5128813807243047,82.09,102.197,5.02804411764706,58,0.9603301487674859,Normal
STR,Williams,60,83.57,ULTRASOFT,13,2,1,34.3,27.9,False,True,29.64,30.064,23.866,3.5579999999999927,True,17.0,86.38468656716418,3.440610288574851,82.66,102.679,6.372686567164179,57,0.9616966443862632,Normal
RIC,Red Bull Racing,62,80.039,ULTRASOFT,18,2,1,34.3,27.9,False,True,28.871,28.661,22.507,0.027000000000001023,True,4.0,83.83588405797101,4.178241086222172,80.012,104.904,3.823884057971014,59,0.9525276075927929,Strong
SAI,Renault,61,83.05,Medium,36,2,1,34.3,27.9,False,True,29.282,30.191,23.577,3.0379999999999967,True,9.0,85.25298529411765,3.465102800450653,82.774,102.309,5.240985294117646,58,0.9609425442446747,Normal
GRO,Haas F1 Team,61,82.74,Soft,32,2,1,34.3,27.9,False,True,29.378,29.803,23.559,2.7279999999999944,True,10.0,85.22204411764706,3.5897657406370467,82.606,101.609,5.210044117647058,58,0.9595800857299813,Normal
HAR,Toro Rosso,61,82.654,Medium,37,2,1,34.3,27.9,False,True,29.656,29.763,23.235,2.641999999999996,True,11.0,85.26885294117648,3.528761413354446,82.612,102.118,5.2568529411764695,58,0.9602606281823562,Normal
OCO,Force India,61,83.231,ULTRASOFT,22,2,1,34.3,27.9,False,True,29.274,30.327,23.63,3.218999999999994,True,13.0,85.44189705882353,4.067255134919429,82.876,106.822,5.42989705882353,58,0.9545604551575259,Normal
HUL,Renault,61,82.466,ULTRASOFT,11,3,1,34.3,27.9,False,True,29.358,29.874,23.234,2.4539999999999935,True,12.0,85.35307352941176,4.1363565491837635,81.261,102.149,5.341073529411765,58,0.9537782669355371,Normal
PER,Force India,61,83.298,Soft,39,2,1,34.3,27.9,False,True,29.397,30.233,23.668,3.2860000000000014,True,14.0,85.57748529411765,4.040040063687292,83.263,106.036,5.565485294117646,59,0.9549190847710075,Normal
GAS,Toro Rosso,62,81.81,Soft,30,2,1,34.1,28.6,False,True,29.27,29.48,23.06,1.7980000000000018,True,6.0,84.31807246376812,3.8881694933963002,81.685,106.181,4.306072463768116,59,0.9559195652470432,Normal
MAG,Haas F1 Team,62,81.577,Soft,31,2,1,34.1,28.6,False,True,29.176,29.306,23.095,1.5649999999999977,True,7.0,84.54307352941177,3.6848675316564643,81.302,103.966,4.531073529411764,58,0.9582346874772252,Normal
HAM,Mercedes,63,81.107,Soft,38,2,1,34.1,28.6,False,True,29.08,29.186,22.841,1.0949999999999989,True,1.0,83.32930434782608,3.405719934706504,81.107,100.241,3.317304347826086,59,0.9607342020956535,Peak
ERI,Sauber,61,84.06,Medium,55,2,1,34.1,28.6,False,True,29.776,30.436,23.848,4.048000000000002,True,15.0,86.24726865671641,3.6217662591366757,83.671,104.012,6.235268656716419,59,0.9596995087069997,Normal
BOT,Mercedes,63,82.75,Soft,48,2,1,34.1,28.6,False,True,29.418,29.898,23.434,2.7379999999999995,True,5.0,84.03839130434783,3.221909454935942,81.736,99.52,4.026391304347825,59,0.9630770301396978,Normal
VET,Ferrari,63,82.798,ULTRASOFT,24,2,1,34.1,28.6,False,True,29.23,30.075,23.493,2.7860000000000014,True,2.0,83.5474347826087,3.340483284330281,80.056,100.573,3.5354347826086947,59,0.9615541106445116,Normal
RAI,Ferrari,63,82.637,Soft,25,3,1,34.1,28.6,False,True,29.261,30.054,23.322,2.625,True,3.0,83.57584057971015,4.273565316960659,80.292,102.489,3.5638405797101447,57,0.9513535091860809,Normal
SIR,Williams,61,87.973,Medium,30,2,1,34.1,28.6,False,True,32.878,31.094,24.001,7.9609999999999985,True,16.0,86.39819402985074,3.390948867110466,83.708,103.23,6.386194029850746,57,0.9622343107673742,Normal
ALO,McLaren,62,82.504,Medium,23,2,1,34.1,28.6,False,True,29.536,29.522,23.446,2.4920000000000044,True,8.0,85.04004411764706,3.5128813807243047,82.09,102.197,5.02804411764706,58,0.9603301487674859,Normal
STR,Williams,61,83.01,ULTRASOFT,14,2,1,34.1,28.6,False,True,29.495,29.867,23.648,2.9980000000000047,True,17.0,86.38468656716418,3.440610288574851,82.66,102.679,6.372686567164179,57,0.9616966443862632,Normal
RIC,Red Bull Racing,63,80.036,ULTRASOFT,19,2,1,34.1,28.6,False,True,28.815,28.574,22.647,0.02400000000000091,True,4.0,83.83588405797101,4.178241086222172,80.012,104.904,3.823884057971014,59,0.9525276075927929,Strong
SAI,Renault,62,82.817,Medium,37,2,1,34.1,28.6,False,True,29.44,29.908,23.469,2.8049999999999926,True,9.0,85.25298529411765,3.465102800450653,82.774,102.309,5.240985294117646,58,0.9609425442446747,Normal
GRO,Haas F1 Team,62,83.085,Soft,33,2,1,34.0,28.5,False,True,29.692,29.979,23.414,3.0729999999999933,True,10.0,85.22204411764706,3.5897657406370467,82.606,101.609,5.210044117647058,58,0.9595800857299813,Normal
HAR,Toro Rosso,62,82.612,Medium,38,2,1,34.0,28.5,False,True,29.477,29.786,23.349,2.5999999999999943,True,11.0,85.26885294117648,3.528761413354446,82.612,102.118,5.2568529411764695,58,0.9602606281823562,Peak
OCO,Force India,62,83.099,ULTRASOFT,23,2,1,34.0,28.5,False,True,29.302,30.211,23.586,3.0870000000000033,True,13.0,85.44189705882353,4.067255134919429,82.876,106.822,5.42989705882353,58,0.9545604551575259,Normal
HUL,Renault,62,82.137,ULTRASOFT,12,3,1,34.0,28.5,False,True,29.225,29.534,23.378,2.125,True,12.0,85.35307352941176,4.1363565491837635,81.261,102.149,5.341073529411765,58,0.9537782669355371,Normal
PER,Force India,62,83.497,Soft,40,2,1,34.0,28.5,False,True,29.627,30.246,23.624,3.4849999999999994,True,14.0,85.57748529411765,4.040040063687292,83.263,106.036,5.565485294117646,59,0.9549190847710075,Normal
GAS,Toro Rosso,63,81.87,Soft,31,2,1,34.0,28.5,False,True,29.445,29.334,23.091,1.858000000000004,True,6.0,84.31807246376812,3.8881694933963002,81.685,106.181,4.306072463768116,59,0.9559195652470432,Normal
MAG,Haas F1 Team,63,81.433,Soft,32,2,1,34.0,28.5,False,True,29.176,29.224,23.033,1.4210000000000065,True,7.0,84.54307352941177,3.6848675316564643,81.302,103.966,4.531073529411764,58,0.9582346874772252,Normal
HAM,Mercedes,64,81.417,Soft,39,2,1,34.0,28.5,False,True,29.14,29.314,22.963,1.4050000000000011,True,1.0,83.32930434782608,3.405719934706504,81.107,100.241,3.317304347826086,59,0.9607342020956535,Normal
ERI,Sauber,62,84.248,Medium,56,2,1,34.0,28.5,False,True,29.836,30.617,23.795,4.236000000000004,True,15.0,86.24726865671641,3.6217662591366757,83.671,104.012,6.235268656716419,59,0.9596995087069997,Normal
BOT,Mercedes,64,83.045,Soft,49,2,1,33.9,28.5,False,True,29.477,30.02,23.548,3.0330000000000013,True,5.0,84.03839130434783,3.221909454935942,81.736,99.52,4.026391304347825,59,0.9630770301396978,Normal
VET,Ferrari,64,82.899,ULTRASOFT,25,2,1,33.9,28.5,False,True,29.328,30.091,23.48,2.8870000000000005,True,2.0,83.5474347826087,3.340483284330281,80.056,100.573,3.5354347826086947,59,0.9615541106445116,Normal
RAI,Ferrari,64,83.007,Soft,26,3,1,33.9,28.5,False,True,29.143,30.395,23.469,2.9950000000000045,True,3.0,83.57584057971015,4.273565316960659,80.292,102.489,3.5638405797101447,57,0.9513535091860809,Normal
SIR,Williams,62,84.278,Medium,31,2,1,33.9,28.5,False,True,29.853,30.406,24.019,4.266000000000005,True,16.0,86.39819402985074,3.390948867110466,83.708,103.23,6.386194029850746,57,0.9622343107673742,Normal
ALO,McLaren,63,82.813,Medium,24,2,1,33.9,28.5,False,True,29.525,29.646,23.642,2.801000000000002,True,8.0,85.04004411764706,3.5128813807243047,82.09,102.197,5.02804411764706,58,0.9603301487674859,Normal
RIC,Red Bull Racing,64,81.153,ULTRASOFT,20,2,1,33.9,28.5,False,True,28.995,29.132,23.026,1.1410000000000053,True,4.0,83.83588405797101,4.178241086222172,80.012,104.904,3.823884057971014,59,0.9525276075927929,Normal
STR,Williams,62,85.373,ULTRASOFT,15,2,1,33.9,28.5,False,True,30.848,30.574,23.951,5.361000000000004,True,17.0,86.38468656716418,3.440610288574851,82.66,102.679,6.372686567164179,57,0.9616966443862632,Normal
SAI,Renault,63,83.178,Medium,38,2,1,33.9,28.5,False,True,29.441,30.09,23.647,3.165999999999997,True,9.0,85.25298529411765,3.465102800450653,82.774,102.309,5.240985294117646,58,0.9609425442446747,Normal
GRO,Haas F1 Team,63,83.75,Soft,34,2,1,33.9,28.5,False,True,29.463,29.937,24.35,3.7379999999999995,True,10.0,85.22204411764706,3.5897657406370467,82.606,101.609,5.210044117647058,58,0.9595800857299813,Normal
HAR,Toro Rosso,63,82.739,Medium,39,2,1,33.9,28.5,False,True,29.575,29.804,23.36,2.727000000000004,True,11.0,85.26885294117648,3.528761413354446,82.612,102.118,5.2568529411764695,58,0.9602606281823562,Normal
OCO,Force India,63,82.876,ULTRASOFT,24,2,1,33.9,28.5,False,True,29.262,30.117,23.497,2.8640000000000043,True,13.0,85.44189705882353,4.067255134919429,82.876,106.822,5.42989705882353,58,0.9545604551575259,Peak
HUL,Renault,63,82.664,ULTRASOFT,13,3,1,33.9,28.5,False,True,29.334,29.942,23.388,2.652000000000001,True,12.0,85.35307352941176,4.1363565491837635,81.261,102.149,5.341073529411765,58,0.9537782669355371,Normal
PER,Force India,63,83.565,Soft,41,2,1,33.9,28.5,False,True,29.55,30.04,23.975,3.5529999999999973,True,14.0,85.57748529411765,4.040040063687292,83.263,106.036,5.565485294117646,59,0.9549190847710075,Normal
GAS,Toro Rosso,64,81.685,Soft,32,2,1,33.9,28.5,False,True,29.29,29.358,23.037,1.6730000000000018,True,6.0,84.31807246376812,3.8881694933963002,81.685,106.181,4.306072463768116,59,0.9559195652470432,Peak
MAG,Haas F1 Team,64,81.78,Soft,33,2,1,33.9,28.5,False,True,29.165,29.439,23.176,1.7680000000000007,True,7.0,84.54307352941177,3.6848675316564643,81.302,103.966,4.531073529411764,58,0.9582346874772252,Normal
HAM,Mercedes,65,81.736,Soft,40,2,1,34.0,28.4,False,True,29.226,29.481,23.029,1.7240000000000038,True,1.0,83.32930434782608,3.405719934706504,81.107,100.241,3.317304347826086,59,0.9607342020956535,Normal
ERI,Sauber,63,84.602,Medium,57,2,1,34.0,28.4,False,True,30.044,30.529,24.029,4.590000000000003,True,15.0,86.24726865671641,3.6217662591366757,83.671,104.012,6.235268656716419,59,0.9596995087069997,Normal
VET,Ferrari,65,81.82,ULTRASOFT,26,2,1,34.0,28.4,False,True,29.409,29.391,23.02,1.8079999999999927,True,2.0,83.5474347826087,3.340483284330281,80.056,100.573,3.5354347826086947,59,0.9615541106445116,Normal
RAI,Ferrari,65,82.114,Soft,27,3,1,34.0,28.4,False,True,28.915,30.068,23.131,2.102000000000004,True,3.0,83.57584057971015,4.273565316960659,80.292,102.489,3.5638405797101447,57,0.9513535091860809,Normal
BOT,Mercedes,65,88.397,Soft,50,2,1,34.0,28.4,False,True,31.779,31.969,24.649,8.385000000000005,True,5.0,84.03839130434783,3.221909454935942,81.736,99.52,4.026391304347825,59,0.9630770301396978,Normal
ALO,McLaren,64,83.213,Medium,25,2,1,34.0,28.4,False,True,29.781,29.801,23.631,3.2009999999999934,True,8.0,85.04004411764706,3.5128813807243047,82.09,102.197,5.02804411764706,58,0.9603301487674859,Normal
SIR,Williams,63,86.427,Medium,32,2,1,34.0,28.4,False,True,31.599,30.894,23.934,6.415000000000006,True,16.0,86.39819402985074,3.390948867110466,83.708,103.23,6.386194029850746,57,0.9622343107673742,Normal
RIC,Red Bull Racing,65,81.098,ULTRASOFT,21,2,1,34.0,28.4,False,True,29.213,28.992,22.893,1.0859999999999985,True,4.0,83.83588405797101,4.178241086222172,80.012,104.904,3.823884057971014,59,0.9525276075927929,Normal
STR,Williams,63,83.453,ULTRASOFT,16,2,1,34.0,28.4,False,True,29.585,29.841,24.027,3.4410000000000025,True,17.0,86.38468656716418,3.440610288574851,82.66,102.679,6.372686567164179,57,0.9616966443862632,Normal
SAI,Renault,64,83.276,Medium,39,2,1,34.0,28.4,False,True,29.45,30.259,23.567,3.263999999999996,True,9.0,85.25298529411765,3.465102800450653,82.774,102.309,5.240985294117646,58,0.9609425442446747,Normal
GRO,Haas F1 Team,64,82.959,Soft,35,2,1,34.0,28.4,False,True,29.588,30.01,23.361,2.9470000000000027,True,10.0,85.22204411764706,3.5897657406370467,82.606,101.609,5.210044117647058,58,0.9595800857299813,Normal
HAR,Toro Rosso,64,82.79,Medium,40,2,1,34.0,28.4,False,True,29.647,29.745,23.398,2.778000000000006,True,11.0,85.26885294117648,3.528761413354446,82.612,102.118,5.2568529411764695,58,0.9602606281823562,Normal
OCO,Force India,64,83.187,ULTRASOFT,25,2,1,34.3,27.9,False,True,29.568,30.13,23.489,3.174999999999997,True,13.0,85.44189705882353,4.067255134919429,82.876,106.822,5.42989705882353,58,0.9545604551575259,Normal
HUL,Renault,64,83.18,ULTRASOFT,14,3,1,34.3,27.9,False,True,30.091,29.756,23.333,3.1680000000000064,True,12.0,85.35307352941176,4.1363565491837635,81.261,102.149,5.341073529411765,58,0.9537782669355371,Normal
PER,Force India,64,83.303,Soft,42,2,1,34.3,27.9,False,True,29.511,30.159,23.633,3.290999999999997,True,14.0,85.57748529411765,4.040040063687292,83.263,106.036,5.565485294117646,59,0.9549190847710075,Normal
GAS,Toro Rosso,65,82.088,Soft,33,2,1,34.3,27.9,False,True,29.465,29.504,23.119,2.0759999999999934,True,6.0,84.31807246376812,3.8881694933963002,81.685,106.181,4.306072463768116,59,0.9559195652470432,Normal
MAG,Haas F1 Team,65,82.408,Soft,34,2,1,34.3,27.9,False,True,29.5,29.753,23.155,2.396000000000001,True,7.0,84.54307352941177,3.6848675316564643,81.302,103.966,4.531073529411764,58,0.9582346874772252,Normal
HAM,Mercedes,66,81.617,Soft,41,2,1,34.3,27.9,False,True,29.247,29.302,23.068,1.605000000000004,True,1.0,83.32930434782608,3.405719934706504,81.107,100.241,3.317304347826086,59,0.9607342020956535,Normal
VET,Ferrari,66,80.971,ULTRASOFT,27,2,1,34.3,27.9,False,True,29.093,28.999,22.879,0.9590000000000032,True,2.0,83.5474347826087,3.340483284330281,80.056,100.573,3.5354347826086947,59,0.9615541106445116,Strong
RAI,Ferrari,66,81.307,Soft,28,3,1,34.3,27.9,False,True,28.797,29.4,23.11,1.2950000000000017,True,3.0,83.57584057971015,4.273565316960659,80.292,102.489,3.5638405797101447,57,0.9513535091860809,Normal
ERI,Sauber,64,87.84,Medium,58,2,1,34.3,27.9,False,True,31.598,32.131,24.111,7.828000000000003,True,15.0,86.24726865671641,3.6217662591366757,83.671,104.012,6.235268656716419,59,0.9596995087069997,Normal
BOT,Mercedes,66,84.769,Soft,51,2,1,34.3,27.9,False,True,29.932,30.725,24.112,4.757000000000005,True,5.0,84.03839130434783,3.221909454935942,81.736,99.52,4.026391304347825,59,0.9630770301396978,Normal
ALO,McLaren,65,84.169,Medium,26,2,1,34.3,27.9,False,True,29.673,30.548,23.948,4.1569999999999965,True,8.0,85.04004411764706,3.5128813807243047,82.09,102.197,5.02804411764706,58,0.9603301487674859,Normal
RIC,Red Bull Racing,66,81.646,ULTRASOFT,22,2,1,34.3,27.9,False,True,29.188,29.074,23.384,1.6340000000000003,True,4.0,83.83588405797101,4.178241086222172,80.012,104.904,3.823884057971014,59,0.9525276075927929,Normal
SIR,Williams,64,86.029,Medium,33,2,1,34.3,27.9,False,True,31.169,30.82,24.04,6.016999999999996,True,16.0,86.39819402985074,3.390948867110466,83.708,103.23,6.386194029850746,57,0.9622343107673742,Normal
STR,Williams,64,83.345,ULTRASOFT,17,2,1,34.3,28.0,False,True,29.5,29.985,23.86,3.3329999999999984,True,17.0,86.38468656716418,3.440610288574851,82.66,102.679,6.372686567164179,57,0.9616966443862632,Normal
SAI,Renault,65,83.028,Medium,40,2,1,34.3,28.0,False,True,29.495,29.946,23.587,3.0160000000000053,True,9.0,85.25298529411765,3.465102800450653,82.774,102.309,5.240985294117646,58,0.9609425442446747,Normal
GRO,Haas F1 Team,65,83.176,Soft,36,2,1,34.3,28.0,False,True,29.443,29.863,23.87,3.1640000000000015,True,10.0,85.22204411764706,3.5897657406370467,82.606,101.609,5.210044117647058,58,0.9595800857299813,Normal
HAR,Toro Rosso,65,82.714,Medium,41,2,1,34.3,28.0,False,True,29.58,29.756,23.378,2.701999999999998,True,11.0,85.26885294117648,3.528761413354446,82.612,102.118,5.2568529411764695,58,0.9602606281823562,Normal
OCO,Force India,65,83.829,ULTRASOFT,26,2,1,34.3,28.0,False,True,30.048,30.111,23.67,3.816999999999993,True,13.0,85.44189705882353,4.067255134919429,82.876,106.822,5.42989705882353,58,0.9545604551575259,Normal
HUL,Renault,65,83.764,ULTRASOFT,15,3,1,34.3,28.0,False,True,30.313,29.931,23.52,3.7519999999999953,True,12.0,85.35307352941176,4.1363565491837635,81.261,102.149,5.341073529411765,58,0.9537782669355371,Normal
PER,Force India,65,83.609,Soft,43,2,1,34.3,28.0,False,True,29.501,30.227,23.881,3.596999999999994,True,14.0,85.57748529411765,4.040040063687292,83.263,106.036,5.565485294117646,59,0.9549190847710075,Normal
GAS,Toro Rosso,66,81.971,Soft,34,2,1,34.3,28.0,False,True,29.291,29.495,23.185,1.9590000000000032,True,6.0,84.31807246376812,3.8881694933963002,81.685,106.181,4.306072463768116,59,0.9559195652470432,Normal
MAG,Haas F1 Team,66,83.093,Soft,35,2,1,34.3,28.0,False,True,29.523,30.02,23.55,3.081000000000003,True,7.0,84.54307352941177,3.6848675316564643,81.302,103.966,4.531073529411764,58,0.9582346874772252,Normal
HAM,Mercedes,67,82.286,Soft,42,2,1,34.3,28.0,False,True,29.379,29.735,23.172,2.274000000000001,True,1.0,83.32930434782608,3.405719934706504,81.107,100.241,3.317304347826086,59,0.9607342020956535,Normal
VET,Ferrari,67,80.779,ULTRASOFT,28,2,1,34.1,28.6,False,True,28.825,28.958,22.996,0.7669999999999959,True,2.0,83.5474347826087,3.340483284330281,80.056,100.573,3.5354347826086947,59,0.9615541106445116,Strong
RAI,Ferrari,67,80.951,Soft,29,3,1,34.1,28.6,False,True,28.894,29.051,23.006,0.938999999999993,True,3.0,83.57584057971015,4.273565316960659,80.292,102.489,3.5638405797101447,57,0.9513535091860809,Strong
ERI,Sauber,65,85.141,Medium,59,2,1,34.1,28.6,False,True,29.921,30.857,24.363,5.129000000000005,True,15.0,86.24726865671641,3.6217662591366757,83.671,104.012,6.235268656716419,59,0.9596995087069997,Normal
BOT,Mercedes,67,84.985,Soft,52,2,1,34.1,28.6,False,True,29.691,30.766,24.528,4.972999999999999,True,5.0,84.03839130434783,3.221909454935942,81.736,99.52,4.026391304347825,59,0.9630770301396978,Normal
RIC,Red Bull Racing,67,83.808,ULTRASOFT,23,2,1,34.1,28.6,False,True,29.212,30.23,24.366,3.7960000000000065,True,4.0,83.83588405797101,4.178241086222172,80.012,104.904,3.823884057971014,59,0.9525276075927929,Normal
ALO,McLaren,66,85.878,Medium,27,2,1,34.1,28.6,False,True,30.93,30.719,24.229,5.866,True,8.0,85.04004411764706,3.5128813807243047,82.09,102.197,5.02804411764706,58,0.9603301487674859,Normal
SIR,Williams,65,84.507,Medium,34,2,1,34.1,28.6,False,True,29.886,30.384,24.237,4.4950000000000045,True,16.0,86.39819402985074,3.390948867110466,83.708,103.23,6.386194029850746,57,0.9622343107673742,Normal
STR,Williams,65,83.354,ULTRASOFT,18,2,1,34.1,28.6,False,True,29.544,29.876,23.934,3.3419999999999987,True,17.0,86.38468656716418,3.440610288574851,82.66,102.679,6.372686567164179,57,0.9616966443862632,Normal
SAI,Renault,66,83.245,Medium,41,2,1,34.1,28.6,False,True,29.474,30.082,23.689,3.233000000000004,True,9.0,85.25298529411765,3.465102800450653,82.774,102.309,5.240985294117646,58,0.9609425442446747,Normal
GRO,Haas F1 Team,66,82.848,Soft,37,2,1,34.1,28.6,False,True,29.388,29.82,23.64,2.8359999999999985,True,10.0,85.22204411764706,3.5897657406370467,82.606,101.609,5.210044117647058,58,0.9595800857299813,Normal
HAR,Toro Rosso,66,82.908,Medium,42,2,1,34.1,28.6,False,True,29.501,29.848,23.559,2.896000000000001,True,11.0,85.26885294117648,3.528761413354446,82.612,102.118,5.2568529411764695,58,0.9602606281823562,Normal
HUL,Renault,66,81.361,ULTRASOFT,16,3,1,34.1,28.6,False,True,29.208,29.007,23.146,1.3490000000000038,True,12.0,85.35307352941176,4.1363565491837635,81.261,102.149,5.341073529411765,58,0.9537782669355371,Normal
OCO,Force India,66,84.467,ULTRASOFT,27,2,1,34.1,28.6,False,True,29.772,31.032,23.663,4.454999999999998,True,13.0,85.44189705882353,4.067255134919429,82.876,106.822,5.42989705882353,58,0.9545604551575259,Normal
PER,Force India,66,83.504,Soft,44,2,1,34.1,28.6,False,True,29.492,30.328,23.684,3.4920000000000044,True,14.0,85.57748529411765,4.040040063687292,83.263,106.036,5.565485294117646,59,0.9549190847710075,Normal
GAS,Toro Rosso,67,82.586,Soft,35,2,1,34.1,28.6,False,True,29.395,29.787,23.404,2.573999999999998,True,6.0,84.31807246376812,3.8881694933963002,81.685,106.181,4.306072463768116,59,0.9559195652470432,Normal
MAG,Haas F1 Team,67,84.222,Soft,36,2,1,34.2,28.8,False,True,29.595,30.495,24.132,4.209999999999994,True,7.0,84.54307352941177,3.6848675316564643,81.302,103.966,4.531073529411764,58,0.9582346874772252,Normal
HAM,Mercedes,68,82.444,Soft,43,2,1,34.2,28.8,False,True,29.253,29.738,23.453,2.432000000000002,True,1.0,83.32930434782608,3.405719934706504,81.107,100.241,3.317304347826086,59,0.9607342020956535,Normal
VET,Ferrari,68,80.472,ULTRASOFT,29,2,1,34.2,28.8,False,True,28.858,28.786,22.828,0.45999999999999375,True,2.0,83.5474347826087,3.340483284330281,80.056,100.573,3.5354347826086947,59,0.9615541106445116,Strong
RAI,Ferrari,68,81.032,Soft,30,3,1,34.2,28.8,False,True,29.03,29.054,22.948,1.019999999999996,True,3.0,83.57584057971015,4.273565316960659,80.292,102.489,3.5638405797101447,57,0.9513535091860809,Normal
ERI,Sauber,66,85.013,Medium,60,2,1,34.2,28.8,False,True,29.923,30.93,24.16,5.001000000000005,True,15.0,86.24726865671641,3.6217662591366757,83.671,104.012,6.235268656716419,59,0.9596995087069997,Normal
BOT,Mercedes,68,86.408,Soft,53,2,1,34.2,28.8,False,True,31.023,31.159,24.226,6.396000000000001,True,5.0,84.03839130434783,3.221909454935942,81.736,99.52,4.026391304347825,59,0.9630770301396978,Normal
ALO,McLaren,67,85.342,Medium,28,2,1,34.2,28.8,False,True,30.056,31.086,24.2,5.329999999999998,True,8.0,85.04004411764706,3.5128813807243047,82.09,102.197,5.02804411764706,58,0.9603301487674859,Normal
RIC,Red Bull Racing,68,88.112,ULTRASOFT,24,2,1,34.2,28.8,False,True,33.747,30.653,23.712,8.099999999999994,True,4.0,83.83588405797101,4.178241086222172,80.012,104.904,3.823884057971014,59,0.9525276075927929,Normal
SIR,Williams,66,86.25,Medium,35,2,1,34.2,28.8,False,True,30.306,31.692,24.252,6.2379999999999995,True,16.0,86.39819402985074,3.390948867110466,83.708,103.23,6.386194029850746,57,0.9622343107673742,Normal
STR,Williams,66,84.648,ULTRASOFT,19,2,1,34.2,28.8,False,True,29.721,30.775,24.152,4.635999999999996,True,17.0,86.38468656716418,3.440610288574851,82.66,102.679,6.372686567164179,57,0.9616966443862632,Normal
SAI,Renault,67,83.955,Medium,42,2,1,34.2,28.8,False,True,29.625,30.515,23.815,3.942999999999998,True,9.0,85.25298529411765,3.465102800450653,82.774,102.309,5.240985294117646,58,0.9609425442446747,Normal
GRO,Haas F1 Team,67,83.463,Soft,38,2,1,34.2,28.8,False,True,29.581,30.169,23.713,3.4509999999999934,True,10.0,85.22204411764706,3.5897657406370467,82.606,101.609,5.210044117647058,58,0.9595800857299813,Normal
HAR,Toro Rosso,67,83.234,Medium,43,2,1,34.2,28.8,False,True,29.559,30.173,23.502,3.221999999999994,True,11.0,85.26885294117648,3.528761413354446,82.612,102.118,5.2568529411764695,58,0.9602606281823562,Normal
HUL,Renault,67,81.34,ULTRASOFT,17,3,1,34.4,29.0,False,True,29.28,29.014,23.046,1.328000000000003,True,12.0,85.35307352941176,4.1363565491837635,81.261,102.149,5.341073529411765,58,0.9537782669355371,Normal
OCO,Force India,67,83.399,ULTRASOFT,28,2,1,34.4,29.0,False,True,29.401,30.365,23.633,3.3870000000000005,True,13.0,85.44189705882353,4.067255134919429,82.876,106.822,5.42989705882353,58,0.9545604551575259,Normal
GAS,Toro Rosso,68,82.007,Soft,36,2,1,34.4,29.0,False,True,29.509,29.388,23.11,1.9950000000000045,True,6.0,84.31807246376812,3.8881694933963002,81.685,106.181,4.306072463768116,59,0.9559195652470432,Normal
PER,Force India,67,86.312,Soft,45,2,1,34.4,29.0,False,True,31.511,30.906,23.895,6.299999999999997,True,14.0,85.57748529411765,4.040040063687292,83.263,106.036,5.565485294117646,59,0.9549190847710075,Normal
HAM,Mercedes,69,81.857,Soft,44,2,1,34.4,29.0,False,True,29.099,29.675,23.083,1.8449999999999989,True,1.0,83.32930434782608,3.405719934706504,81.107,100.241,3.317304347826086,59,0.9607342020956535,Normal
MAG,Haas F1 Team,68,85.005,Soft,37,2,1,34.4,29.0,False,True,31.054,30.513,23.438,4.992999999999995,True,7.0,84.54307352941177,3.6848675316564643,81.302,103.966,4.531073529411764,58,0.9582346874772252,Normal
VET,Ferrari,69,80.924,ULTRASOFT,30,2,1,34.4,29.0,False,True,28.865,29.118,22.941,0.9120000000000061,True,2.0,83.5474347826087,3.340483284330281,80.056,100.573,3.5354347826086947,59,0.9615541106445116,Strong
RAI,Ferrari,69,80.825,Soft,31,3,1,34.4,29.0,False,True,28.936,28.923,22.966,0.8130000000000024,True,3.0,83.57584057971015,4.273565316960659,80.292,102.489,3.5638405797101447,57,0.9513535091860809,Strong
ERI,Sauber,67,84.991,Medium,61,2,1,34.3,28.7,False,True,29.987,30.945,24.059,4.978999999999999,True,15.0,86.24726865671641,3.6217662591366757,83.671,104.012,6.235268656716419,59,0.9596995087069997,Normal
ALO,McLaren,68,82.09,Medium,29,2,1,34.3,28.7,False,True,29.196,29.454,23.44,2.078000000000003,True,8.0,85.04004411764706,3.5128813807243047,82.09,102.197,5.02804411764706,58,0.9603301487674859,Peak
BOT,Mercedes,69,86.592,Soft,54,2,1,34.3,28.7,False,True,30.849,31.548,24.195,6.579999999999998,True,5.0,84.03839130434783,3.221909454935942,81.736,99.52,4.026391304347825,59,0.9630770301396978,Normal
RIC,Red Bull Racing,69,85.068,ULTRASOFT,25,2,1,34.3,28.7,False,True,29.55,31.259,24.259,5.055999999999997,True,4.0,83.83588405797101,4.178241086222172,80.012,104.904,3.823884057971014,59,0.9525276075927929,Normal
SIR,Williams,67,84.897,Medium,36,2,1,34.3,28.7,False,True,29.935,30.618,24.344,4.885000000000005,True,16.0,86.39819402985074,3.390948867110466,83.708,103.23,6.386194029850746,57,0.9622343107673742,Normal
STR,Williams,67,84.513,ULTRASOFT,20,2,1,34.3,28.7,False,True,29.714,30.594,24.205,4.501000000000005,True,17.0,86.38468656716418,3.440610288574851,82.66,102.679,6.372686567164179,57,0.9616966443862632,Normal
SAI,Renault,68,83.86,Medium,43,2,1,34.3,28.7,False,True,29.51,30.368,23.982,3.847999999999999,True,9.0,85.25298529411765,3.465102800450653,82.774,102.309,5.240985294117646,58,0.9609425442446747,Normal
GRO,Haas F1 Team,68,83.213,Soft,39,2,1,34.3,28.7,False,True,29.306,30.17,23.737,3.2009999999999934,True,10.0,85.22204411764706,3.5897657406370467,82.606,101.609,5.210044117647058,58,0.9595800857299813,Normal
HAR,Toro Rosso,68,83.394,Medium,44,2,1,34.3,28.7,False,True,29.809,29.918,23.667,3.382000000000005,True,11.0,85.26885294117648,3.528761413354446,82.612,102.118,5.2568529411764695,58,0.9602606281823562,Normal
HUL,Renault,68,81.428,ULTRASOFT,18,3,1,34.3,28.7,False,True,29.214,29.227,22.987,1.4159999999999968,True,12.0,85.35307352941176,4.1363565491837635,81.261,102.149,5.341073529411765,58,0.9537782669355371,Normal
OCO,Force India,68,83.26,ULTRASOFT,29,2,1,34.3,28.7,False,True,29.315,30.275,23.67,3.2480000000000047,True,13.0,85.44189705882353,4.067255134919429,82.876,106.822,5.42989705882353,58,0.9545604551575259,Normal
GAS,Toro Rosso,69,82.01,Soft,37,2,1,34.3,28.7,False,True,29.372,29.525,23.113,1.9980000000000047,True,6.0,84.31807246376812,3.8881694933963002,81.685,106.181,4.306072463768116,59,0.9559195652470432,Normal
PER,Force India,68,84.093,Soft,46,2,1,34.3,28.7,False,True,29.621,30.439,24.033,4.081000000000003,True,14.0,85.57748529411765,4.040040063687292,83.263,106.036,5.565485294117646,59,0.9549190847710075,Normal
HAM,Mercedes,70,82.09,Soft,45,2,1,34.3,28.7,False,True,29.221,29.341,23.528,2.078000000000003,True,1.0,83.32930434782608,3.405719934706504,81.107,100.241,3.317304347826086,59,0.9607342020956535,Normal
MAG,Haas F1 Team,69,84.421,Soft,38,2,1,34.3,28.7,False,True,29.514,30.994,23.913,4.409000000000006,True,7.0,84.54307352941177,3.6848675316564643,81.302,103.966,4.531073529411764,58,0.9582346874772252,Normal
VET,Ferrari,70,80.056,ULTRASOFT,31,2,1,34.2,29.1,False,True,28.712,28.684,22.66,0.04399999999999693,True,2.0,83.5474347826087,3.340483284330281,80.056,100.573,3.5354347826086947,59,0.9615541106445116,Peak
RAI,Ferrari,70,81.027,Soft,32,3,1,34.2,29.1,False,True,28.876,29.141,23.01,1.0150000000000006,True,3.0,83.57584057971015,4.273565316960659,80.292,102.489,3.5638405797101447,57,0.9513535091860809,Normal
ERI,Sauber,68,85.701,Medium,62,2,1,34.2,29.1,False,True,30.097,31.129,24.475,5.688999999999993,True,15.0,86.24726865671641,3.6217662591366757,83.671,104.012,6.235268656716419,59,0.9596995087069997,Normal
ALO,McLaren,69,83.281,Medium,30,2,1,34.2,29.1,False,True,29.471,29.699,24.111,3.2690000000000055,True,8.0,85.04004411764706,3.5128813807243047,82.09,102.197,5.02804411764706,58,0.9603301487674859,Normal
RIC,Red Bull Racing,70,83.359,ULTRASOFT,26,2,1,34.2,29.1,False,True,29.486,30.08,23.793,3.346999999999994,True,4.0,83.83588405797101,4.178241086222172,80.012,104.904,3.823884057971014,59,0.9525276075927929,Normal
BOT,Mercedes,70,87.306,Soft,55,2,1,34.2,29.1,False,True,30.858,31.898,24.55,7.293999999999997,True,5.0,84.03839130434783,3.221909454935942,81.736,99.52,4.026391304347825,59,0.9630770301396978,Normal
SIR,Williams,68,85.9,Medium,37,2,1,34.2,29.1,False,True,29.778,31.43,24.692,5.888000000000005,True,16.0,86.39819402985074,3.390948867110466,83.708,103.23,6.386194029850746,57,0.9622343107673742,Normal
STR,Williams,68,85.916,ULTRASOFT,21,2,1,34.2,29.1,False,True,29.69,31.506,24.72,5.903999999999996,True,17.0,86.38468656716418,3.440610288574851,82.66,102.679,6.372686567164179,57,0.9616966443862632,Normal
SAI,Renault,69,84.255,Medium,44,2,1,34.2,29.1,False,True,29.663,30.492,24.1,4.242999999999995,True,9.0,85.25298529411765,3.465102800450653,82.774,102.309,5.240985294117646,58,0.9609425442446747,Normal
GRO,Haas F1 Team,69,84.111,Soft,40,2,1,34.2,29.1,False,True,29.382,30.82,23.909,4.099000000000004,True,10.0,85.22204411764706,3.5897657406370467,82.606,101.609,5.210044117647058,58,0.9595800857299813,Normal
HAR,Toro Rosso,69,83.573,Medium,45,2,1,34.2,29.1,False,True,29.628,30.076,23.869,3.560999999999993,True,11.0,85.26885294117648,3.528761413354446,82.612,102.118,5.2568529411764695,58,0.9602606281823562,Normal
HUL,Renault,69,81.261,ULTRASOFT,19,3,1,34.2,29.1,False,True,29.192,28.97,23.099,1.2489999999999952,True,12.0,85.35307352941176,4.1363565491837635,81.261,102.149,5.341073529411765,58,0.9537782669355371,Peak
OCO,Force India,69,83.16,ULTRASOFT,30,2,1,34.3,28.9,False,True,29.256,30.158,23.746,3.147999999999996,True,13.0,85.44189705882353,4.067255134919429,82.876,106.822,5.42989705882353,58,0.9545604551575259,Normal
GAS,Toro Rosso,70,81.982,Soft,38,2,1,34.3,28.9,False,True,29.297,29.459,23.226,1.9699999999999989,True,6.0,84.31807246376812,3.8881694933963002,81.685,106.181,4.306072463768116,59,0.9559195652470432,Normal
PER,Force India,69,83.997,Soft,47,2,1,34.3,28.9,False,True,29.645,30.486,23.866,3.9849999999999994,True,14.0,85.57748529411765,4.040040063687292,83.263,106.036,5.565485294117646,59,0.9549190847710075,Normal
