Driver,Team,LapNumber,LapTimeSeconds,Compound,TyreLife,Stint,TrackStatus,AirTemp,Humidity,IsWetLap,IsDryLap,Sector1TimeSeconds,Sector2TimeSeconds,Sector3TimeSeconds,DeltaToFastestLap,IsValidLap,Position,AvgLapTime,StdLapTime,FastestLap,SlowestLap,AvgDelta,ValidLapCount,ConsistencyScore,LapClassification
VAN,McLaren,4,149.971,ULTRASOFT,3,1,41,29.8,63.5,False,True,47.265,55.108,47.598,48.066,False,12.0,109.45484210526317,6.247945167325788,105.555,149.971,7.549842105263157,54,0.9460000461993539,Outlier
STR,Williams,4,147.976,Soft,3,1,41,29.8,63.5,False,True,47.267,54.002,46.707,46.071,False,14.0,109.61347368421052,6.0097040428236435,106.033,147.976,7.708473684210525,54,0.9480233620891177,Outlier
SIR,Williams,4,144.95,Soft,1,2,41,29.8,63.5,False,True,51.411,47.425,46.114,43.04499999999999,False,19.0,111.56807142857143,6.058613684385513,105.902,144.95,9.663071428571428,43,0.9484928638551071,Outlier
HAM,Mercedes,5,108.052,HYPERSOFT,6,1,1,29.9,63.8,False,True,28.716,41.914,37.422,6.147000000000006,True,1.0,105.91582456140351,3.3022061084913172,102.913,127.051,4.010824561403508,55,0.9697650096029286,Normal
VET,Ferrari,5,108.305,HYPERSOFT,7,1,1,29.9,63.8,False,True,28.867,42.141,37.297,6.400000000000006,True,3.0,106.60156140350877,2.619846103833093,104.669,123.072,4.696561403508771,55,0.9760134376252476,Normal
VER,Red Bull Racing,5,108.36,HYPERSOFT,7,1,1,29.9,63.8,False,True,29.359,41.754,37.247,6.454999999999998,True,2.0,106.04414035087719,3.095453056146541,103.345,125.658,4.139140350877192,55,0.9716376709907429,Normal
BOT,Mercedes,5,108.477,HYPERSOFT,7,1,1,29.9,63.8,False,True,29.277,42.063,37.137,6.572000000000003,True,4.0,106.78705263157894,2.819239052735013,104.72,125.123,4.882052631578946,55,0.9742784925079399,Normal
RAI,Ferrari,5,108.817,HYPERSOFT,7,1,1,29.9,63.8,False,True,29.062,42.595,37.16,6.911999999999992,True,5.0,106.79471929824561,2.8221106320978113,104.715,124.271,4.889719298245613,55,0.9742547687805684,Normal
RIC,Red Bull Racing,5,109.039,HYPERSOFT,7,1,1,29.9,63.8,False,True,29.424,42.209,37.406,7.134,True,6.0,106.79677192982456,3.395077182046841,103.12,128.039,4.89177192982456,55,0.9691893982230935,Normal
PER,Racing Point,5,108.673,HYPERSOFT,7,1,1,29.9,63.8,False,True,29.325,42.134,37.214,6.768000000000001,True,16.0,109.45364285714287,5.274186160152864,105.389,129.117,7.548642857142856,50,0.954028711208701,Normal
GRO,Haas F1 Team,5,109.355,HYPERSOFT,7,1,1,29.9,63.8,False,True,29.478,42.526,37.351,7.450000000000003,True,15.0,108.95883928571428,3.4731910283132765,105.904,128.416,7.053839285714284,52,0.9691085270041597,Normal
ALO,McLaren,5,110.255,ULTRASOFT,4,1,1,29.9,63.8,False,True,29.862,42.623,37.77,8.349999999999994,True,7.0,107.60368421052631,3.374050952055656,103.164,127.447,5.698684210526316,55,0.9695970462263203,Normal
SAI,Renault,5,110.637,ULTRASOFT,4,1,1,29.9,63.8,False,True,29.657,42.817,38.163,8.732,True,8.0,108.05371428571428,3.160885662504825,105.211,126.917,6.148714285714285,54,0.9715785008085582,Normal
HUL,Renault,5,111.024,HYPERSOFT,7,1,1,29.9,63.8,False,True,29.706,43.185,38.133,9.119,True,10.0,108.54183928571429,3.17228234314198,106.093,127.551,6.636839285714285,54,0.9716035690305909,Normal
GAS,Toro Rosso,5,111.186,HYPERSOFT,4,1,1,29.9,63.8,False,True,29.937,43.17,38.079,9.281000000000006,True,13.0,108.94708928571428,3.3634377990750313,106.063,125.254,7.042089285714285,52,0.9700523371550398,Normal
LEC,Sauber,5,111.484,ULTRASOFT,4,1,1,29.9,63.8,False,True,29.815,43.348,38.321,9.578999999999994,True,9.0,108.28051785714285,2.9728195370179042,105.203,125.53,6.375517857142856,54,0.9732788282432779,Normal
ERI,Sauber,5,111.588,ULTRASOFT,4,1,1,29.9,63.8,False,True,29.659,43.562,38.367,9.682999999999993,True,11.0,108.76155357142856,3.031554560225394,105.169,125.409,6.85655357142857,53,0.9728824557176167,Normal
MAG,Haas F1 Team,5,111.813,ULTRASOFT,4,1,1,29.9,63.8,False,True,29.946,43.43,38.437,9.908000000000001,True,18.0,109.89536363636364,4.782731577958495,101.905,127.022,7.990363636363635,47,0.9582942882943771,Normal
HAR,Toro Rosso,5,111.553,HYPERSOFT,4,1,1,29.9,63.8,False,True,30.018,43.066,38.469,9.647999999999996,True,17.0,109.60730357142857,4.3240277264254585,104.889,127.12,7.702303571428571,49,0.9620470710105106,Normal
VAN,McLaren,5,111.556,ULTRASOFT,4,1,1,29.9,63.8,False,True,30.04,43.027,38.489,9.650999999999996,True,12.0,109.45484210526317,6.247945167325788,105.555,149.971,7.549842105263157,54,0.9460000461993539,Normal
STR,Williams,5,111.767,Soft,4,1,1,29.9,63.8,False,True,30.053,43.136,38.578,9.861999999999995,True,14.0,109.61347368421052,6.0097040428236435,106.033,147.976,7.708473684210525,54,0.9480233620891177,Normal
SIR,Williams,5,111.949,Soft,2,2,1,29.9,63.8,False,True,29.896,43.392,38.661,10.043999999999997,False,19.0,111.56807142857143,6.058613684385513,105.902,144.95,9.663071428571428,43,0.9484928638551071,Outlier
HAM,Mercedes,6,108.563,HYPERSOFT,7,1,1,30.0,63.8,False,True,29.222,42.349,36.992,6.658000000000001,True,1.0,105.91582456140351,3.3022061084913172,102.913,127.051,4.010824561403508,55,0.9697650096029286,Normal
VET,Ferrari,6,108.471,HYPERSOFT,8,1,1,30.0,63.8,False,True,29.103,42.517,36.851,6.5660000000000025,True,3.0,106.60156140350877,2.619846103833093,104.669,123.072,4.696561403508771,55,0.9760134376252476,Normal
VER,Red Bull Racing,6,108.359,HYPERSOFT,8,1,1,30.0,63.8,False,True,29.149,42.037,37.173,6.4539999999999935,True,2.0,106.04414035087719,3.095453056146541,103.345,125.658,4.139140350877192,55,0.9716376709907429,Normal
BOT,Mercedes,6,108.699,HYPERSOFT,8,1,1,30.0,63.8,False,True,29.207,42.06,37.432,6.793999999999997,True,4.0,106.78705263157894,2.819239052735013,104.72,125.123,4.882052631578946,55,0.9742784925079399,Normal
RAI,Ferrari,6,108.816,HYPERSOFT,8,1,1,30.0,63.8,False,True,28.928,42.398,37.49,6.911000000000001,True,5.0,106.79471929824561,2.8221106320978113,104.715,124.271,4.889719298245613,55,0.9742547687805684,Normal
RIC,Red Bull Racing,6,108.804,HYPERSOFT,8,1,1,30.0,63.8,False,True,29.254,41.972,37.578,6.899000000000001,True,6.0,106.79677192982456,3.395077182046841,103.12,128.039,4.89177192982456,55,0.9691893982230935,Normal
PER,Racing Point,6,108.963,HYPERSOFT,8,1,1,30.0,63.8,False,True,29.302,41.992,37.669,7.057999999999993,True,16.0,109.45364285714287,5.274186160152864,105.389,129.117,7.548642857142856,50,0.954028711208701,Normal
GRO,Haas F1 Team,6,109.12,HYPERSOFT,8,1,1,30.0,63.8,False,True,29.647,42.093,37.38,7.215000000000003,True,15.0,108.95883928571428,3.4731910283132765,105.904,128.416,7.053839285714284,52,0.9691085270041597,Normal
ALO,McLaren,6,109.733,ULTRASOFT,5,1,1,30.0,63.8,False,True,29.579,42.385,37.769,7.828000000000003,True,7.0,107.60368421052631,3.374050952055656,103.164,127.447,5.698684210526316,55,0.9695970462263203,Normal
SAI,Renault,6,110.337,ULTRASOFT,5,1,1,30.0,63.8,False,True,29.514,42.782,38.041,8.432000000000002,True,8.0,108.05371428571428,3.160885662504825,105.211,126.917,6.148714285714285,54,0.9715785008085582,Normal
HUL,Renault,6,110.904,HYPERSOFT,8,1,1,30.0,63.8,False,True,29.545,43.292,38.067,8.998999999999995,True,10.0,108.54183928571429,3.17228234314198,106.093,127.551,6.636839285714285,54,0.9716035690305909,Normal
GAS,Toro Rosso,6,110.994,HYPERSOFT,5,1,1,30.0,63.8,False,True,29.734,42.723,38.537,9.088999999999999,True,13.0,108.94708928571428,3.3634377990750313,106.063,125.254,7.042089285714285,52,0.9700523371550398,Normal
LEC,Sauber,6,111.002,ULTRASOFT,5,1,1,30.0,63.8,False,True,29.644,42.832,38.526,9.096999999999994,True,9.0,108.28051785714285,2.9728195370179042,105.203,125.53,6.375517857142856,54,0.9732788282432779,Normal
ERI,Sauber,6,110.943,ULTRASOFT,5,1,1,30.0,63.8,False,True,29.746,42.755,38.442,9.037999999999997,True,11.0,108.76155357142856,3.031554560225394,105.169,125.409,6.85655357142857,53,0.9728824557176167,Normal
MAG,Haas F1 Team,6,110.974,ULTRASOFT,5,1,1,30.0,63.8,False,True,29.765,42.925,38.284,9.069000000000003,True,18.0,109.89536363636364,4.782731577958495,101.905,127.022,7.990363636363635,47,0.9582942882943771,Normal
HAR,Toro Rosso,6,111.15,HYPERSOFT,5,1,1,30.0,63.8,False,True,30.185,42.746,38.219,9.245000000000005,True,17.0,109.60730357142857,4.3240277264254585,104.889,127.12,7.702303571428571,49,0.9620470710105106,Normal
VAN,McLaren,6,111.187,ULTRASOFT,5,1,1,30.0,63.8,False,True,30.1,42.821,38.266,9.281999999999996,True,12.0,109.45484210526317,6.247945167325788,105.555,149.971,7.549842105263157,54,0.9460000461993539,Normal
STR,Williams,6,111.38,Soft,5,1,1,30.0,63.8,False,True,30.228,42.613,38.539,9.474999999999994,True,14.0,109.61347368421052,6.0097040428236435,106.033,147.976,7.708473684210525,54,0.9480233620891177,Normal
SIR,Williams,6,111.332,Soft,3,2,1,30.0,63.8,False,True,30.239,42.89,38.203,9.426999999999992,True,19.0,111.56807142857143,6.058613684385513,105.902,144.95,9.663071428571428,43,0.9484928638551071,Normal
HAM,Mercedes,7,107.519,HYPERSOFT,8,1,1,30.0,64.3,False,True,28.917,41.824,36.778,5.614000000000004,True,1.0,105.91582456140351,3.3022061084913172,102.913,127.051,4.010824561403508,55,0.9697650096029286,Normal
VET,Ferrari,7,107.397,HYPERSOFT,9,1,1,30.1,63.2,False,True,28.592,42.119,36.686,5.492000000000004,True,3.0,106.60156140350877,2.619846103833093,104.669,123.072,4.696561403508771,55,0.9760134376252476,Normal
VER,Red Bull Racing,7,107.717,HYPERSOFT,9,1,1,30.1,63.2,False,True,28.743,41.758,37.216,5.811999999999998,True,2.0,106.04414035087719,3.095453056146541,103.345,125.658,4.139140350877192,55,0.9716376709907429,Normal
BOT,Mercedes,7,107.909,HYPERSOFT,9,1,1,30.1,63.2,False,True,29.239,41.731,36.939,6.004000000000005,True,4.0,106.78705263157894,2.819239052735013,104.72,125.123,4.882052631578946,55,0.9742784925079399,Normal
RAI,Ferrari,7,107.999,HYPERSOFT,9,1,1,30.1,63.2,False,True,28.745,42.194,37.06,6.093999999999994,True,5.0,106.79471929824561,2.8221106320978113,104.715,124.271,4.889719298245613,55,0.9742547687805684,Normal
RIC,Red Bull Racing,7,108.095,HYPERSOFT,9,1,1,30.1,63.2,False,True,28.965,41.776,37.354,6.189999999999998,True,6.0,106.79677192982456,3.395077182046841,103.12,128.039,4.89177192982456,55,0.9691893982230935,Normal
PER,Racing Point,7,108.388,HYPERSOFT,9,1,1,30.1,63.2,False,True,29.305,41.869,37.214,6.483000000000004,True,16.0,109.45364285714287,5.274186160152864,105.389,129.117,7.548642857142856,50,0.954028711208701,Normal
GRO,Haas F1 Team,7,108.934,HYPERSOFT,9,1,1,30.1,63.2,False,True,29.392,42.214,37.328,7.028999999999996,True,15.0,108.95883928571428,3.4731910283132765,105.904,128.416,7.053839285714284,52,0.9691085270041597,Normal
ALO,McLaren,7,109.194,ULTRASOFT,6,1,1,30.1,63.2,False,True,29.467,42.208,37.519,7.2890000000000015,True,7.0,107.60368421052631,3.374050952055656,103.164,127.447,5.698684210526316,55,0.9695970462263203,Normal
SAI,Renault,7,109.504,ULTRASOFT,6,1,1,30.1,63.2,False,True,29.524,42.15,37.83,7.599000000000004,True,8.0,108.05371428571428,3.160885662504825,105.211,126.917,6.148714285714285,54,0.9715785008085582,Normal
HUL,Renault,7,110.054,HYPERSOFT,9,1,1,30.1,63.2,False,True,29.527,42.696,37.831,8.149000000000001,True,10.0,108.54183928571429,3.17228234314198,106.093,127.551,6.636839285714285,54,0.9716035690305909,Normal
GAS,Toro Rosso,7,110.018,HYPERSOFT,6,1,1,30.1,63.2,False,True,29.518,42.54,37.96,8.113,True,13.0,108.94708928571428,3.3634377990750313,106.063,125.254,7.042089285714285,52,0.9700523371550398,Normal
LEC,Sauber,7,110.03,ULTRASOFT,6,1,1,30.1,63.2,False,True,29.365,42.718,37.947,8.125,True,9.0,108.28051785714285,2.9728195370179042,105.203,125.53,6.375517857142856,54,0.9732788282432779,Normal
ERI,Sauber,7,110.033,ULTRASOFT,6,1,1,30.1,63.2,False,True,29.623,42.576,37.834,8.128,True,11.0,108.76155357142856,3.031554560225394,105.169,125.409,6.85655357142857,53,0.9728824557176167,Normal
MAG,Haas F1 Team,7,110.318,ULTRASOFT,6,1,1,30.1,63.2,False,True,29.443,42.899,37.976,8.412999999999997,True,18.0,109.89536363636364,4.782731577958495,101.905,127.022,7.990363636363635,47,0.9582942882943771,Normal
HAR,Toro Rosso,7,110.199,HYPERSOFT,6,1,1,30.1,63.2,False,True,29.624,42.59,37.985,8.293999999999997,True,17.0,109.60730357142857,4.3240277264254585,104.889,127.12,7.702303571428571,49,0.9620470710105106,Normal
VAN,McLaren,7,110.543,ULTRASOFT,6,1,1,30.1,63.2,False,True,29.893,42.764,37.886,8.638000000000005,True,12.0,109.45484210526317,6.247945167325788,105.555,149.971,7.549842105263157,54,0.9460000461993539,Normal
STR,Williams,7,111.065,Soft,6,1,1,30.1,63.2,False,True,29.78,42.945,38.34,9.159999999999997,True,14.0,109.61347368421052,6.0097040428236435,106.033,147.976,7.708473684210525,54,0.9480233620891177,Normal
SIR,Williams,7,111.603,Soft,4,2,1,30.1,63.2,False,True,29.749,43.775,38.079,9.697999999999993,True,19.0,111.56807142857143,6.058613684385513,105.902,144.95,9.663071428571428,43,0.9484928638551071,Normal
HAM,Mercedes,8,106.746,HYPERSOFT,9,1,1,30.2,63.1,False,True,28.686,41.519,36.541,4.840999999999994,True,1.0,105.91582456140351,3.3022061084913172,102.913,127.051,4.010824561403508,55,0.9697650096029286,Normal
VET,Ferrari,8,107.258,HYPERSOFT,10,1,1,30.2,63.1,False,True,28.803,41.634,36.821,5.352999999999994,True,3.0,106.60156140350877,2.619846103833093,104.669,123.072,4.696561403508771,55,0.9760134376252476,Normal
VER,Red Bull Racing,8,107.186,HYPERSOFT,10,1,1,30.2,63.1,False,True,28.932,41.407,36.847,5.281000000000006,True,2.0,106.04414035087719,3.095453056146541,103.345,125.658,4.139140350877192,55,0.9716376709907429,Normal
BOT,Mercedes,8,107.399,HYPERSOFT,10,1,1,30.2,63.1,False,True,29.002,41.611,36.786,5.494,True,4.0,106.78705263157894,2.819239052735013,104.72,125.123,4.882052631578946,55,0.9742784925079399,Normal
RAI,Ferrari,8,107.736,HYPERSOFT,10,1,1,30.2,63.1,False,True,28.708,42.079,36.949,5.831000000000003,True,5.0,106.79471929824561,2.8221106320978113,104.715,124.271,4.889719298245613,55,0.9742547687805684,Normal
RIC,Red Bull Racing,8,108.223,HYPERSOFT,10,1,1,30.2,63.1,False,True,29.067,41.833,37.323,6.317999999999998,True,6.0,106.79677192982456,3.395077182046841,103.12,128.039,4.89177192982456,55,0.9691893982230935,Normal
PER,Racing Point,8,107.968,HYPERSOFT,10,1,1,30.2,63.1,False,True,29.181,41.706,37.081,6.063000000000002,True,16.0,109.45364285714287,5.274186160152864,105.389,129.117,7.548642857142856,50,0.954028711208701,Normal
GRO,Haas F1 Team,8,108.623,HYPERSOFT,10,1,1,30.2,63.1,False,True,29.318,42.093,37.212,6.7180000000000035,True,15.0,108.95883928571428,3.4731910283132765,105.904,128.416,7.053839285714284,52,0.9691085270041597,Normal
ALO,McLaren,8,108.811,ULTRASOFT,7,1,1,30.3,63.1,False,True,29.577,42.065,37.169,6.906000000000006,True,7.0,107.60368421052631,3.374050952055656,103.164,127.447,5.698684210526316,55,0.9695970462263203,Normal
SAI,Renault,8,109.2,ULTRASOFT,7,1,1,30.3,63.1,False,True,29.422,42.259,37.519,7.295000000000002,True,8.0,108.05371428571428,3.160885662504825,105.211,126.917,6.148714285714285,54,0.9715785008085582,Normal
HUL,Renault,8,109.173,HYPERSOFT,10,1,1,30.3,63.1,False,True,29.381,42.362,37.43,7.268000000000001,True,10.0,108.54183928571429,3.17228234314198,106.093,127.551,6.636839285714285,54,0.9716035690305909,Normal
GAS,Toro Rosso,8,109.401,HYPERSOFT,7,1,1,30.3,63.1,False,True,29.303,42.407,37.691,7.495999999999995,True,13.0,108.94708928571428,3.3634377990750313,106.063,125.254,7.042089285714285,52,0.9700523371550398,Normal
LEC,Sauber,8,109.733,ULTRASOFT,7,1,1,30.3,63.1,False,True,29.281,42.581,37.871,7.828000000000003,True,9.0,108.28051785714285,2.9728195370179042,105.203,125.53,6.375517857142856,54,0.9732788282432779,Normal
ERI,Sauber,8,109.884,ULTRASOFT,7,1,1,30.3,63.1,False,True,29.352,42.593,37.939,7.978999999999999,True,11.0,108.76155357142856,3.031554560225394,105.169,125.409,6.85655357142857,53,0.9728824557176167,Normal
MAG,Haas F1 Team,8,110.004,ULTRASOFT,7,1,1,30.3,63.1,False,True,29.506,42.604,37.894,8.099000000000004,True,18.0,109.89536363636364,4.782731577958495,101.905,127.022,7.990363636363635,47,0.9582942882943771,Normal
HAR,Toro Rosso,8,109.755,HYPERSOFT,7,1,1,30.3,63.1,False,True,29.341,42.574,37.84,7.849999999999994,True,17.0,109.60730357142857,4.3240277264254585,104.889,127.12,7.702303571428571,49,0.9620470710105106,Normal
VAN,McLaren,8,110.103,ULTRASOFT,7,1,1,30.3,63.1,False,True,29.691,42.544,37.868,8.197999999999993,True,12.0,109.45484210526317,6.247945167325788,105.555,149.971,7.549842105263157,54,0.9460000461993539,Normal
STR,Williams,8,110.309,Soft,7,1,1,30.3,63.1,False,True,29.923,42.6,37.786,8.403999999999996,True,14.0,109.61347368421052,6.0097040428236435,106.033,147.976,7.708473684210525,54,0.9480233620891177,Normal
SIR,Williams,8,111.133,Soft,5,2,1,30.3,63.1,False,True,30.121,43.185,37.827,9.227999999999994,True,19.0,111.56807142857143,6.058613684385513,105.902,144.95,9.663071428571428,43,0.9484928638551071,Normal
HAM,Mercedes,9,107.592,HYPERSOFT,10,1,1,30.2,63.1,False,True,28.969,41.88,36.743,5.686999999999998,True,1.0,105.91582456140351,3.3022061084913172,102.913,127.051,4.010824561403508,55,0.9697650096029286,Normal
VET,Ferrari,9,107.427,HYPERSOFT,11,1,1,30.2,63.1,False,True,28.726,41.655,37.046,5.522000000000006,True,3.0,106.60156140350877,2.619846103833093,104.669,123.072,4.696561403508771,55,0.9760134376252476,Normal
VER,Red Bull Racing,9,107.348,HYPERSOFT,11,1,1,30.2,63.1,False,True,28.813,41.498,37.037,5.442999999999998,True,2.0,106.04414035087719,3.095453056146541,103.345,125.658,4.139140350877192,55,0.9716376709907429,Normal
BOT,Mercedes,9,107.307,HYPERSOFT,11,1,1,30.2,63.1,False,True,28.952,41.556,36.799,5.402000000000001,True,4.0,106.78705263157894,2.819239052735013,104.72,125.123,4.882052631578946,55,0.9742784925079399,Normal
RAI,Ferrari,9,107.375,HYPERSOFT,11,1,1,30.2,63.1,False,True,28.771,41.717,36.887,5.469999999999999,True,5.0,106.79471929824561,2.8221106320978113,104.715,124.271,4.889719298245613,55,0.9742547687805684,Normal
RIC,Red Bull Racing,9,107.778,HYPERSOFT,11,1,1,30.2,63.1,False,True,29.201,41.634,36.943,5.873000000000005,True,6.0,106.79677192982456,3.395077182046841,103.12,128.039,4.89177192982456,55,0.9691893982230935,Normal
PER,Racing Point,9,108.002,HYPERSOFT,11,1,1,30.2,63.1,False,True,29.216,41.723,37.063,6.096999999999994,True,16.0,109.45364285714287,5.274186160152864,105.389,129.117,7.548642857142856,50,0.954028711208701,Normal
GRO,Haas F1 Team,9,109.22,HYPERSOFT,11,1,1,30.2,63.1,False,True,29.466,42.211,37.543,7.314999999999998,True,15.0,108.95883928571428,3.4731910283132765,105.904,128.416,7.053839285714284,52,0.9691085270041597,Normal
ALO,McLaren,9,108.743,ULTRASOFT,8,1,1,30.2,63.1,False,True,29.371,42.039,37.333,6.837999999999994,True,7.0,107.60368421052631,3.374050952055656,103.164,127.447,5.698684210526316,55,0.9695970462263203,Normal
SAI,Renault,9,108.924,ULTRASOFT,8,1,1,30.2,63.1,False,True,29.349,42.149,37.426,7.0190000000000055,True,8.0,108.05371428571428,3.160885662504825,105.211,126.917,6.148714285714285,54,0.9715785008085582,Normal
HUL,Renault,9,109.188,HYPERSOFT,11,1,1,30.2,63.1,False,True,29.561,42.316,37.311,7.283000000000001,True,10.0,108.54183928571429,3.17228234314198,106.093,127.551,6.636839285714285,54,0.9716035690305909,Normal
GAS,Toro Rosso,9,109.377,HYPERSOFT,8,1,1,30.2,63.1,False,True,29.327,42.342,37.708,7.471999999999994,True,13.0,108.94708928571428,3.3634377990750313,106.063,125.254,7.042089285714285,52,0.9700523371550398,Normal
LEC,Sauber,9,109.371,ULTRASOFT,8,1,1,30.2,63.1,False,True,29.415,42.322,37.634,7.465999999999994,True,9.0,108.28051785714285,2.9728195370179042,105.203,125.53,6.375517857142856,54,0.9732788282432779,Normal
ERI,Sauber,9,109.574,ULTRASOFT,8,1,1,30.2,63.1,False,True,29.449,42.31,37.815,7.668999999999997,True,11.0,108.76155357142856,3.031554560225394,105.169,125.409,6.85655357142857,53,0.9728824557176167,Normal
MAG,Haas F1 Team,9,109.933,ULTRASOFT,8,1,1,30.2,63.1,False,True,29.645,42.586,37.702,8.028000000000006,True,18.0,109.89536363636364,4.782731577958495,101.905,127.022,7.990363636363635,47,0.9582942882943771,Normal
HAR,Toro Rosso,9,110.273,HYPERSOFT,8,1,1,30.2,63.1,False,True,29.432,42.952,37.889,8.367999999999995,True,17.0,109.60730357142857,4.3240277264254585,104.889,127.12,7.702303571428571,49,0.9620470710105106,Normal
VAN,McLaren,9,110.03,ULTRASOFT,8,1,1,30.2,63.2,False,True,29.776,42.429,37.825,8.125,True,12.0,109.45484210526317,6.247945167325788,105.555,149.971,7.549842105263157,54,0.9460000461993539,Normal
STR,Williams,9,110.277,Soft,8,1,1,30.2,63.2,False,True,29.902,42.576,37.799,8.372,True,14.0,109.61347368421052,6.0097040428236435,106.033,147.976,7.708473684210525,54,0.9480233620891177,Normal
SIR,Williams,9,110.045,Soft,6,2,1,30.2,63.2,False,True,29.854,42.611,37.58,8.14,True,19.0,111.56807142857143,6.058613684385513,105.902,144.95,9.663071428571428,43,0.9484928638551071,Normal
HAM,Mercedes,10,107.557,HYPERSOFT,11,1,1,30.2,63.4,False,True,29.022,41.871,36.664,5.652000000000001,True,1.0,105.91582456140351,3.3022061084913172,102.913,127.051,4.010824561403508,55,0.9697650096029286,Normal
VET,Ferrari,10,107.627,HYPERSOFT,12,1,1,30.2,63.4,False,True,28.748,41.941,36.938,5.721999999999994,True,3.0,106.60156140350877,2.619846103833093,104.669,123.072,4.696561403508771,55,0.9760134376252476,Normal
VER,Red Bull Racing,10,107.706,HYPERSOFT,12,1,1,30.2,63.4,False,True,29.047,41.675,36.984,5.801000000000002,True,2.0,106.04414035087719,3.095453056146541,103.345,125.658,4.139140350877192,55,0.9716376709907429,Normal
BOT,Mercedes,10,107.814,HYPERSOFT,12,1,1,30.2,63.4,False,True,28.77,41.983,37.061,5.908999999999992,True,4.0,106.78705263157894,2.819239052735013,104.72,125.123,4.882052631578946,55,0.9742784925079399,Normal
RAI,Ferrari,10,107.479,HYPERSOFT,12,1,1,30.2,63.4,False,True,28.717,41.569,37.193,5.573999999999998,True,5.0,106.79471929824561,2.8221106320978113,104.715,124.271,4.889719298245613,55,0.9742547687805684,Normal
RIC,Red Bull Racing,10,107.826,HYPERSOFT,12,1,1,30.2,63.4,False,True,29.163,41.724,36.939,5.920999999999992,True,6.0,106.79677192982456,3.395077182046841,103.12,128.039,4.89177192982456,55,0.9691893982230935,Normal
PER,Racing Point,10,108.145,HYPERSOFT,12,1,1,30.2,63.4,False,True,29.166,41.901,37.078,6.239999999999995,True,16.0,109.45364285714287,5.274186160152864,105.389,129.117,7.548642857142856,50,0.954028711208701,Normal
GRO,Haas F1 Team,10,109.01,HYPERSOFT,12,1,1,30.2,63.4,False,True,29.452,42.187,37.371,7.105000000000004,True,15.0,108.95883928571428,3.4731910283132765,105.904,128.416,7.053839285714284,52,0.9691085270041597,Normal
ALO,McLaren,10,108.997,ULTRASOFT,9,1,1,30.2,63.4,False,True,29.46,42.229,37.308,7.091999999999999,True,7.0,107.60368421052631,3.374050952055656,103.164,127.447,5.698684210526316,55,0.9695970462263203,Normal
SAI,Renault,10,108.878,ULTRASOFT,9,1,1,30.2,63.4,False,True,29.407,41.972,37.499,6.972999999999999,True,8.0,108.05371428571428,3.160885662504825,105.211,126.917,6.148714285714285,54,0.9715785008085582,Normal
HUL,Renault,10,109.159,HYPERSOFT,12,1,1,30.2,63.4,False,True,29.537,42.394,37.228,7.254000000000005,True,10.0,108.54183928571429,3.17228234314198,106.093,127.551,6.636839285714285,54,0.9716035690305909,Normal
GAS,Toro Rosso,10,109.143,HYPERSOFT,9,1,1,30.2,63.4,False,True,29.494,42.051,37.598,7.2379999999999995,True,13.0,108.94708928571428,3.3634377990750313,106.063,125.254,7.042089285714285,52,0.9700523371550398,Normal
LEC,Sauber,10,109.383,ULTRASOFT,9,1,1,30.2,63.4,False,True,29.453,42.303,37.627,7.477999999999994,True,9.0,108.28051785714285,2.9728195370179042,105.203,125.53,6.375517857142856,54,0.9732788282432779,Normal
ERI,Sauber,10,110.085,ULTRASOFT,9,1,1,30.2,63.4,False,True,29.406,42.883,37.796,8.179999999999993,True,11.0,108.76155357142856,3.031554560225394,105.169,125.409,6.85655357142857,53,0.9728824557176167,Normal
MAG,Haas F1 Team,10,109.966,ULTRASOFT,9,1,1,30.2,63.4,False,True,29.688,42.304,37.974,8.060999999999993,True,18.0,109.89536363636364,4.782731577958495,101.905,127.022,7.990363636363635,47,0.9582942882943771,Normal
HAR,Toro Rosso,10,109.616,HYPERSOFT,9,1,1,30.2,63.4,False,True,29.26,42.586,37.77,7.7109999999999985,True,17.0,109.60730357142857,4.3240277264254585,104.889,127.12,7.702303571428571,49,0.9620470710105106,Normal
VAN,McLaren,10,109.71,ULTRASOFT,9,1,1,30.2,63.4,False,True,29.729,42.345,37.636,7.804999999999993,True,12.0,109.45484210526317,6.247945167325788,105.555,149.971,7.549842105263157,54,0.9460000461993539,Normal
STR,Williams,10,110.058,Soft,9,1,1,30.2,63.4,False,True,29.827,42.56,37.671,8.153000000000006,True,14.0,109.61347368421052,6.0097040428236435,106.033,147.976,7.708473684210525,54,0.9480233620891177,Normal
SIR,Williams,10,110.146,Soft,7,2,1,30.2,63.4,False,True,29.889,42.629,37.628,8.241,True,19.0,111.56807142857143,6.058613684385513,105.902,144.95,9.663071428571428,43,0.9484928638551071,Normal
HAM,Mercedes,11,107.82,HYPERSOFT,12,1,1,30.1,63.1,False,True,28.981,41.777,37.062,5.914999999999992,True,1.0,105.91582456140351,3.3022061084913172,102.913,127.051,4.010824561403508,55,0.9697650096029286,Normal
VET,Ferrari,11,107.693,HYPERSOFT,13,1,1,30.1,63.1,False,True,28.695,42.003,36.995,5.787999999999997,True,3.0,106.60156140350877,2.619846103833093,104.669,123.072,4.696561403508771,55,0.9760134376252476,Normal
VER,Red Bull Racing,11,107.754,HYPERSOFT,13,1,1,30.1,63.1,False,True,29.052,41.572,37.13,5.849000000000004,True,2.0,106.04414035087719,3.095453056146541,103.345,125.658,4.139140350877192,55,0.9716376709907429,Normal
BOT,Mercedes,11,107.859,HYPERSOFT,13,1,1,30.1,63.1,False,True,29.05,41.619,37.19,5.9539999999999935,True,4.0,106.78705263157894,2.819239052735013,104.72,125.123,4.882052631578946,55,0.9742784925079399,Normal
RAI,Ferrari,11,107.962,HYPERSOFT,13,1,1,30.1,63.1,False,True,28.951,42.016,36.995,6.057000000000002,True,5.0,106.79471929824561,2.8221106320978113,104.715,124.271,4.889719298245613,55,0.9742547687805684,Normal
RIC,Red Bull Racing,11,108.114,HYPERSOFT,13,1,1,30.1,63.1,False,True,29.195,41.769,37.15,6.209000000000003,True,6.0,106.79677192982456,3.395077182046841,103.12,128.039,4.89177192982456,55,0.9691893982230935,Normal
PER,Racing Point,11,108.25,HYPERSOFT,13,1,1,30.1,63.1,False,True,29.324,41.985,36.941,6.344999999999999,True,16.0,109.45364285714287,5.274186160152864,105.389,129.117,7.548642857142856,50,0.954028711208701,Normal
GRO,Haas F1 Team,11,109.396,HYPERSOFT,13,1,1,30.1,63.1,False,True,29.527,42.299,37.57,7.491,True,15.0,108.95883928571428,3.4731910283132765,105.904,128.416,7.053839285714284,52,0.9691085270041597,Normal
ALO,McLaren,11,109.66,ULTRASOFT,10,1,1,30.1,63.1,False,True,29.526,42.064,38.07,7.7549999999999955,True,7.0,107.60368421052631,3.374050952055656,103.164,127.447,5.698684210526316,55,0.9695970462263203,Normal
SAI,Renault,11,109.383,ULTRASOFT,10,1,1,30.1,63.1,False,True,29.526,42.099,37.758,7.477999999999994,True,8.0,108.05371428571428,3.160885662504825,105.211,126.917,6.148714285714285,54,0.9715785008085582,Normal
HUL,Renault,11,108.749,HYPERSOFT,13,1,1,30.1,63.1,False,True,29.357,41.996,37.396,6.843999999999994,True,10.0,108.54183928571429,3.17228234314198,106.093,127.551,6.636839285714285,54,0.9716035690305909,Normal
GAS,Toro Rosso,11,108.879,HYPERSOFT,10,1,1,30.1,63.1,False,True,29.555,41.873,37.451,6.974000000000004,True,13.0,108.94708928571428,3.3634377990750313,106.063,125.254,7.042089285714285,52,0.9700523371550398,Normal
LEC,Sauber,11,109.001,ULTRASOFT,10,1,1,30.1,63.1,False,True,29.414,42.086,37.501,7.096000000000004,True,9.0,108.28051785714285,2.9728195370179042,105.203,125.53,6.375517857142856,54,0.9732788282432779,Normal
ERI,Sauber,11,109.095,ULTRASOFT,10,1,1,30.1,63.1,False,True,29.525,41.988,37.582,7.189999999999998,True,11.0,108.76155357142856,3.031554560225394,105.169,125.409,6.85655357142857,53,0.9728824557176167,Normal
MAG,Haas F1 Team,11,109.155,ULTRASOFT,10,1,1,30.1,63.1,False,True,29.558,42.235,37.362,7.25,True,18.0,109.89536363636364,4.782731577958495,101.905,127.022,7.990363636363635,47,0.9582942882943771,Normal
HAR,Toro Rosso,11,109.847,HYPERSOFT,10,1,1,30.1,63.1,False,True,29.454,42.741,37.652,7.941999999999993,True,17.0,109.60730357142857,4.3240277264254585,104.889,127.12,7.702303571428571,49,0.9620470710105106,Normal
VAN,McLaren,11,109.665,ULTRASOFT,10,1,1,30.1,63.1,False,True,29.632,42.463,37.57,7.760000000000005,True,12.0,109.45484210526317,6.247945167325788,105.555,149.971,7.549842105263157,54,0.9460000461993539,Normal
STR,Williams,11,109.754,Soft,10,1,1,30.1,63.1,False,True,29.759,42.345,37.65,7.849000000000004,True,14.0,109.61347368421052,6.0097040428236435,106.033,147.976,7.708473684210525,54,0.9480233620891177,Normal
SIR,Williams,11,109.778,Soft,8,2,1,30.1,63.1,False,True,29.715,42.49,37.573,7.873000000000005,True,19.0,111.56807142857143,6.058613684385513,105.902,144.95,9.663071428571428,43,0.9484928638551071,Normal
HAM,Mercedes,12,105.502,HYPERSOFT,13,1,1,30.0,63.8,False,True,28.647,40.867,35.988,3.596999999999994,True,1.0,105.91582456140351,3.3022061084913172,102.913,127.051,4.010824561403508,55,0.9697650096029286,Normal
VET,Ferrari,12,106.104,HYPERSOFT,14,1,1,30.0,63.8,False,True,28.615,41.453,36.036,4.198999999999998,True,3.0,106.60156140350877,2.619846103833093,104.669,123.072,4.696561403508771,55,0.9760134376252476,Normal
VER,Red Bull Racing,12,106.826,HYPERSOFT,14,1,1,30.0,63.8,False,True,29.062,41.199,36.565,4.920999999999992,True,2.0,106.04414035087719,3.095453056146541,103.345,125.658,4.139140350877192,55,0.9716376709907429,Normal
BOT,Mercedes,12,107.125,HYPERSOFT,14,1,1,30.1,63.2,False,True,28.953,41.511,36.661,5.219999999999999,True,4.0,106.78705263157894,2.819239052735013,104.72,125.123,4.882052631578946,55,0.9742784925079399,Normal
RAI,Ferrari,12,107.239,HYPERSOFT,14,1,1,30.1,63.2,False,True,28.843,41.675,36.721,5.334000000000003,True,5.0,106.79471929824561,2.8221106320978113,104.715,124.271,4.889719298245613,55,0.9742547687805684,Normal
RIC,Red Bull Racing,12,107.788,HYPERSOFT,14,1,1,30.1,63.2,False,True,29.083,41.805,36.9,5.882999999999996,True,6.0,106.79677192982456,3.395077182046841,103.12,128.039,4.89177192982456,55,0.9691893982230935,Normal
PER,Racing Point,12,108.514,HYPERSOFT,14,1,1,30.1,63.2,False,True,29.139,42.213,37.162,6.608999999999995,True,16.0,109.45364285714287,5.274186160152864,105.389,129.117,7.548642857142856,50,0.954028711208701,Normal
GRO,Haas F1 Team,12,109.785,HYPERSOFT,14,1,1,30.1,63.2,False,True,29.526,42.746,37.513,7.8799999999999955,True,15.0,108.95883928571428,3.4731910283132765,105.904,128.416,7.053839285714284,52,0.9691085270041597,Normal
ALO,McLaren,12,109.22,ULTRASOFT,11,1,1,30.1,63.2,False,True,29.41,42.213,37.597,7.314999999999998,True,7.0,107.60368421052631,3.374050952055656,103.164,127.447,5.698684210526316,55,0.9695970462263203,Normal
SAI,Renault,12,109.674,ULTRASOFT,11,1,1,30.1,63.2,False,True,29.486,42.41,37.778,7.7690000000000055,True,8.0,108.05371428571428,3.160885662504825,105.211,126.917,6.148714285714285,54,0.9715785008085582,Normal
HUL,Renault,12,109.069,HYPERSOFT,14,1,1,30.1,63.2,False,True,29.467,41.954,37.648,7.1640000000000015,True,10.0,108.54183928571429,3.17228234314198,106.093,127.551,6.636839285714285,54,0.9716035690305909,Normal
GAS,Toro Rosso,12,109.044,HYPERSOFT,11,1,1,30.1,63.2,False,True,29.556,42.002,37.486,7.138999999999996,True,13.0,108.94708928571428,3.3634377990750313,106.063,125.254,7.042089285714285,52,0.9700523371550398,Normal
LEC,Sauber,12,108.819,ULTRASOFT,11,1,1,30.1,63.2,False,True,29.563,41.777,37.479,6.9140000000000015,True,9.0,108.28051785714285,2.9728195370179042,105.203,125.53,6.375517857142856,54,0.9732788282432779,Normal
ERI,Sauber,12,109.406,ULTRASOFT,11,1,1,30.1,63.2,False,True,29.699,42.277,37.43,7.501000000000005,True,11.0,108.76155357142856,3.031554560225394,105.169,125.409,6.85655357142857,53,0.9728824557176167,Normal
MAG,Haas F1 Team,12,109.076,ULTRASOFT,11,1,1,30.1,63.2,False,True,29.508,42.252,37.316,7.170999999999992,True,18.0,109.89536363636364,4.782731577958495,101.905,127.022,7.990363636363635,47,0.9582942882943771,Normal
HAR,Toro Rosso,12,109.054,HYPERSOFT,11,1,1,30.1,63.2,False,True,29.508,42.299,37.247,7.149000000000001,True,17.0,109.60730357142857,4.3240277264254585,104.889,127.12,7.702303571428571,49,0.9620470710105106,Normal
VAN,McLaren,12,109.884,ULTRASOFT,11,1,1,30.1,63.2,False,True,29.793,42.375,37.716,7.978999999999999,True,12.0,109.45484210526317,6.247945167325788,105.555,149.971,7.549842105263157,54,0.9460000461993539,Normal
STR,Williams,12,109.445,Soft,11,1,1,30.1,63.2,False,True,29.672,42.221,37.552,7.539999999999992,True,14.0,109.61347368421052,6.0097040428236435,106.033,147.976,7.708473684210525,54,0.9480233620891177,Normal
SIR,Williams,12,109.621,Soft,9,2,1,30.1,63.2,False,True,29.545,42.396,37.68,7.715999999999994,True,19.0,111.56807142857143,6.058613684385513,105.902,144.95,9.663071428571428,43,0.9484928638551071,Normal
HAM,Mercedes,13,104.929,HYPERSOFT,14,1,1,30.1,63.6,False,True,28.521,40.562,35.846,3.024000000000001,True,1.0,105.91582456140351,3.3022061084913172,102.913,127.051,4.010824561403508,55,0.9697650096029286,Normal
VET,Ferrari,13,105.352,HYPERSOFT,15,1,1,30.1,63.6,False,True,28.633,40.879,35.84,3.4470000000000027,True,3.0,106.60156140350877,2.619846103833093,104.669,123.072,4.696561403508771,55,0.9760134376252476,Normal
VER,Red Bull Racing,13,105.962,HYPERSOFT,15,1,1,30.1,63.6,False,True,28.847,40.834,36.281,4.057000000000002,True,2.0,106.04414035087719,3.095453056146541,103.345,125.658,4.139140350877192,55,0.9716376709907429,Normal
BOT,Mercedes,13,106.839,HYPERSOFT,15,1,1,30.1,63.6,False,True,28.986,41.478,36.375,4.9339999999999975,True,4.0,106.78705263157894,2.819239052735013,104.72,125.123,4.882052631578946,55,0.9742784925079399,Normal
RAI,Ferrari,13,107.069,HYPERSOFT,15,1,1,30.1,63.6,False,True,28.826,41.503,36.74,5.1640000000000015,True,5.0,106.79471929824561,2.8221106320978113,104.715,124.271,4.889719298245613,55,0.9742547687805684,Normal
RIC,Red Bull Racing,13,107.523,HYPERSOFT,15,1,1,30.1,63.6,False,True,29.141,41.421,36.961,5.617999999999995,True,6.0,106.79677192982456,3.395077182046841,103.12,128.039,4.89177192982456,55,0.9691893982230935,Normal
PER,Racing Point,13,109.511,HYPERSOFT,15,1,1,30.1,63.6,False,True,29.661,42.441,37.409,7.6059999999999945,True,16.0,109.45364285714287,5.274186160152864,105.389,129.117,7.548642857142856,50,0.954028711208701,Normal
GRO,Haas F1 Team,13,110.652,HYPERSOFT,15,1,1,30.2,63.3,False,True,29.63,43.23,37.792,8.747,True,15.0,108.95883928571428,3.4731910283132765,105.904,128.416,7.053839285714284,52,0.9691085270041597,Normal
ALO,McLaren,13,109.832,ULTRASOFT,12,1,1,30.2,63.3,False,True,29.49,42.562,37.78,7.9269999999999925,True,7.0,107.60368421052631,3.374050952055656,103.164,127.447,5.698684210526316,55,0.9695970462263203,Normal
SAI,Renault,13,109.266,ULTRASOFT,12,1,1,30.2,63.3,False,True,29.353,42.223,37.69,7.361000000000004,True,8.0,108.05371428571428,3.160885662504825,105.211,126.917,6.148714285714285,54,0.9715785008085582,Normal
HUL,Renault,13,109.526,HYPERSOFT,15,1,1,30.2,63.3,False,True,29.418,42.329,37.779,7.620999999999995,True,10.0,108.54183928571429,3.17228234314198,106.093,127.551,6.636839285714285,54,0.9716035690305909,Normal
GAS,Toro Rosso,13,109.276,HYPERSOFT,12,1,1,30.2,63.3,False,True,29.646,42.093,37.537,7.370999999999995,True,13.0,108.94708928571428,3.3634377990750313,106.063,125.254,7.042089285714285,52,0.9700523371550398,Normal
LEC,Sauber,13,108.787,ULTRASOFT,12,1,1,30.2,63.3,False,True,29.091,42.022,37.674,6.882000000000005,True,9.0,108.28051785714285,2.9728195370179042,105.203,125.53,6.375517857142856,54,0.9732788282432779,Normal
ERI,Sauber,13,108.691,ULTRASOFT,12,1,1,30.2,63.3,False,True,29.451,41.898,37.342,6.786000000000001,True,11.0,108.76155357142856,3.031554560225394,105.169,125.409,6.85655357142857,53,0.9728824557176167,Normal
MAG,Haas F1 Team,13,109.364,ULTRASOFT,12,1,1,30.2,63.3,False,True,29.725,42.386,37.253,7.459000000000003,True,18.0,109.89536363636364,4.782731577958495,101.905,127.022,7.990363636363635,47,0.9582942882943771,Normal
HAR,Toro Rosso,13,109.408,HYPERSOFT,12,1,1,30.2,63.3,False,True,29.694,42.294,37.42,7.503,True,17.0,109.60730357142857,4.3240277264254585,104.889,127.12,7.702303571428571,49,0.9620470710105106,Normal
VAN,McLaren,13,109.426,ULTRASOFT,12,1,1,30.2,63.3,False,True,29.62,42.339,37.467,7.521000000000001,True,12.0,109.45484210526317,6.247945167325788,105.555,149.971,7.549842105263157,54,0.9460000461993539,Normal
STR,Williams,13,109.837,Soft,12,1,1,30.2,63.3,False,True,29.802,42.545,37.49,7.932000000000002,True,14.0,109.61347368421052,6.0097040428236435,106.033,147.976,7.708473684210525,54,0.9480233620891177,Normal
SIR,Williams,13,109.917,Soft,10,2,1,30.2,63.3,False,True,29.574,42.754,37.589,8.012,True,19.0,111.56807142857143,6.058613684385513,105.902,144.95,9.663071428571428,43,0.9484928638551071,Normal
HAM,Mercedes,14,104.403,HYPERSOFT,15,1,1,30.1,64.0,False,True,28.569,40.326,35.508,2.4980000000000047,True,1.0,105.91582456140351,3.3022061084913172,102.913,127.051,4.010824561403508,55,0.9697650096029286,Normal
VER,Red Bull Racing,14,105.767,HYPERSOFT,16,1,1,30.1,64.0,False,True,28.703,40.872,36.192,3.8619999999999948,True,2.0,106.04414035087719,3.095453056146541,103.345,125.658,4.139140350877192,55,0.9716376709907429,Normal
BOT,Mercedes,14,106.319,HYPERSOFT,16,1,1,30.1,64.0,False,True,28.862,41.047,36.41,4.4140000000000015,True,4.0,106.78705263157894,2.819239052735013,104.72,125.123,4.882052631578946,55,0.9742784925079399,Normal
VET,Ferrari,14,112.997,HYPERSOFT,16,1,1,30.1,64.0,False,True,28.599,40.959,43.439,11.091999999999999,False,3.0,106.60156140350877,2.619846103833093,104.669,123.072,4.696561403508771,55,0.9760134376252476,Outlier
RAI,Ferrari,14,106.235,HYPERSOFT,16,1,1,30.1,64.0,False,True,28.648,41.269,36.318,4.329999999999998,True,5.0,106.79471929824561,2.8221106320978113,104.715,124.271,4.889719298245613,55,0.9742547687805684,Normal
RIC,Red Bull Racing,14,106.805,HYPERSOFT,16,1,1,30.1,64.0,False,True,28.975,41.194,36.636,4.900000000000006,True,6.0,106.79677192982456,3.395077182046841,103.12,128.039,4.89177192982456,55,0.9691893982230935,Normal
PER,Racing Point,14,109.655,HYPERSOFT,16,1,1,30.1,64.0,False,True,29.467,42.552,37.636,7.75,True,16.0,109.45364285714287,5.274186160152864,105.389,129.117,7.548642857142856,50,0.954028711208701,Normal
GRO,Haas F1 Team,14,110.554,HYPERSOFT,16,1,1,30.1,64.0,False,True,29.859,42.952,37.743,8.649000000000001,True,15.0,108.95883928571428,3.4731910283132765,105.904,128.416,7.053839285714284,52,0.9691085270041597,Normal
ALO,McLaren,14,110.203,ULTRASOFT,13,1,1,30.1,64.0,False,True,29.551,42.809,37.843,8.298000000000002,True,7.0,107.60368421052631,3.374050952055656,103.164,127.447,5.698684210526316,55,0.9695970462263203,Normal
SAI,Renault,14,109.302,ULTRASOFT,13,1,1,30.1,64.0,False,True,29.542,42.325,37.435,7.397000000000006,True,8.0,108.05371428571428,3.160885662504825,105.211,126.917,6.148714285714285,54,0.9715785008085582,Normal
HUL,Renault,14,109.203,HYPERSOFT,16,1,1,30.1,64.0,False,True,29.557,42.171,37.475,7.298000000000002,True,10.0,108.54183928571429,3.17228234314198,106.093,127.551,6.636839285714285,54,0.9716035690305909,Normal
GAS,Toro Rosso,14,109.454,HYPERSOFT,13,1,1,30.1,64.2,False,True,29.478,42.441,37.535,7.548999999999992,True,13.0,108.94708928571428,3.3634377990750313,106.063,125.254,7.042089285714285,52,0.9700523371550398,Normal
LEC,Sauber,14,110.038,ULTRASOFT,13,1,1,30.1,64.2,False,True,29.335,42.871,37.832,8.132999999999996,True,9.0,108.28051785714285,2.9728195370179042,105.203,125.53,6.375517857142856,54,0.9732788282432779,Normal
ERI,Sauber,14,109.609,ULTRASOFT,13,1,1,30.1,64.2,False,True,29.428,42.049,38.132,7.7039999999999935,True,11.0,108.76155357142856,3.031554560225394,105.169,125.409,6.85655357142857,53,0.9728824557176167,Normal
MAG,Haas F1 Team,14,109.047,ULTRASOFT,13,1,1,30.1,64.2,False,True,29.526,42.136,37.385,7.141999999999996,True,18.0,109.89536363636364,4.782731577958495,101.905,127.022,7.990363636363635,47,0.9582942882943771,Normal
VAN,McLaren,14,108.949,ULTRASOFT,13,1,1,30.1,64.2,False,True,29.553,42.069,37.327,7.043999999999997,True,12.0,109.45484210526317,6.247945167325788,105.555,149.971,7.549842105263157,54,0.9460000461993539,Normal
STR,Williams,14,109.641,Soft,13,1,1,30.1,64.2,False,True,29.797,42.407,37.437,7.736000000000004,True,14.0,109.61347368421052,6.0097040428236435,106.033,147.976,7.708473684210525,54,0.9480233620891177,Normal
HAR,Toro Rosso,14,115.999,HYPERSOFT,13,1,1,30.1,64.2,False,True,29.594,41.906,44.499,14.093999999999994,False,17.0,109.60730357142857,4.3240277264254585,104.889,127.12,7.702303571428571,49,0.9620470710105106,Outlier
SIR,Williams,14,109.411,Soft,11,2,1,30.1,64.2,False,True,29.616,42.369,37.426,7.506,True,19.0,111.56807142857143,6.058613684385513,105.902,144.95,9.663071428571428,43,0.9484928638551071,Normal
VER,Red Bull Racing,15,105.283,HYPERSOFT,17,1,1,30.1,64.4,False,True,28.672,40.614,35.997,3.378,True,2.0,106.04414035087719,3.095453056146541,103.345,125.658,4.139140350877192,55,0.9716376709907429,Normal
HAM,Mercedes,15,111.65,HYPERSOFT,16,1,1,30.1,64.4,False,True,28.367,39.935,43.348,9.745000000000005,False,1.0,105.91582456140351,3.3022061084913172,102.913,127.051,4.010824561403508,55,0.9697650096029286,Outlier
BOT,Mercedes,15,105.839,HYPERSOFT,17,1,1,30.1,64.4,False,True,28.71,40.942,36.187,3.9339999999999975,True,4.0,106.78705263157894,2.819239052735013,104.72,125.123,4.882052631578946,55,0.9742784925079399,Normal
RAI,Ferrari,15,106.259,HYPERSOFT,17,1,1,30.1,64.4,False,True,28.57,41.231,36.458,4.353999999999999,True,5.0,106.79471929824561,2.8221106320978113,104.715,124.271,4.889719298245613,55,0.9742547687805684,Normal
RIC,Red Bull Racing,15,105.939,HYPERSOFT,17,1,1,30.1,64.4,False,True,28.839,40.811,36.289,4.033999999999992,True,6.0,106.79677192982456,3.395077182046841,103.12,128.039,4.89177192982456,55,0.9691893982230935,Normal
PER,Racing Point,15,109.636,HYPERSOFT,17,1,1,30.1,64.4,False,True,29.678,42.536,37.422,7.7309999999999945,True,16.0,109.45364285714287,5.274186160152864,105.389,129.117,7.548642857142856,50,0.954028711208701,Normal
VET,Ferrari,15,123.072,ULTRASOFT,1,2,1,30.1,64.4,False,True,47.816,39.8,35.456,21.167,False,3.0,106.60156140350877,2.619846103833093,104.669,123.072,4.696561403508771,55,0.9760134376252476,Outlier
GRO,Haas F1 Team,15,110.774,HYPERSOFT,17,1,1,30.1,64.4,False,True,29.634,43.095,38.045,8.869,True,15.0,108.95883928571428,3.4731910283132765,105.904,128.416,7.053839285714284,52,0.9691085270041597,Normal
ALO,McLaren,15,111.038,ULTRASOFT,14,1,1,30.1,64.4,False,True,29.652,42.973,38.413,9.132999999999996,True,7.0,107.60368421052631,3.374050952055656,103.164,127.447,5.698684210526316,55,0.9695970462263203,Normal
SAI,Renault,15,110.555,ULTRASOFT,14,1,1,30.1,64.4,False,True,29.361,42.859,38.335,8.650000000000006,True,8.0,108.05371428571428,3.160885662504825,105.211,126.917,6.148714285714285,54,0.9715785008085582,Normal
GAS,Toro Rosso,15,109.727,HYPERSOFT,14,1,1,30.1,64.4,False,True,29.57,42.248,37.909,7.822000000000003,True,13.0,108.94708928571428,3.3634377990750313,106.063,125.254,7.042089285714285,52,0.9700523371550398,Normal
LEC,Sauber,15,109.305,ULTRASOFT,14,1,1,30.1,64.4,False,True,29.457,42.099,37.749,7.400000000000006,True,9.0,108.28051785714285,2.9728195370179042,105.203,125.53,6.375517857142856,54,0.9732788282432779,Normal
ERI,Sauber,15,109.837,ULTRASOFT,14,1,1,30.1,64.4,False,True,29.865,42.399,37.573,7.932000000000002,True,11.0,108.76155357142856,3.031554560225394,105.169,125.409,6.85655357142857,53,0.9728824557176167,Normal
MAG,Haas F1 Team,15,109.946,ULTRASOFT,14,1,1,30.1,64.4,False,True,29.666,42.847,37.433,8.040999999999997,True,18.0,109.89536363636364,4.782731577958495,101.905,127.022,7.990363636363635,47,0.9582942882943771,Normal
HUL,Renault,15,117.216,HYPERSOFT,17,1,1,30.1,64.4,False,True,29.386,42.585,45.245,15.310999999999993,False,10.0,108.54183928571429,3.17228234314198,106.093,127.551,6.636839285714285,54,0.9716035690305909,Outlier
VAN,McLaren,15,108.931,ULTRASOFT,14,1,1,30.1,64.4,False,True,29.516,42.167,37.248,7.025999999999996,True,12.0,109.45484210526317,6.247945167325788,105.555,149.971,7.549842105263157,54,0.9460000461993539,Normal
STR,Williams,15,109.459,Soft,14,1,1,30.1,64.3,False,True,29.712,42.341,37.406,7.554000000000002,True,14.0,109.61347368421052,6.0097040428236435,106.033,147.976,7.708473684210525,54,0.9480233620891177,Normal
SIR,Williams,15,109.281,Soft,12,2,1,30.1,64.3,False,True,29.543,42.372,37.366,7.376000000000005,True,19.0,111.56807142857143,6.058613684385513,105.902,144.95,9.663071428571428,43,0.9484928638551071,Normal
HAR,Toro Rosso,15,127.12,ULTRASOFT,1,2,1,30.1,64.3,False,True,50.135,40.947,36.038,25.215000000000003,False,17.0,109.60730357142857,4.3240277264254585,104.889,127.12,7.702303571428571,49,0.9620470710105106,Outlier
VER,Red Bull Racing,16,105.216,HYPERSOFT,18,1,1,30.1,63.9,False,True,28.657,40.568,35.991,3.310999999999993,True,2.0,106.04414035087719,3.095453056146541,103.345,125.658,4.139140350877192,55,0.9716376709907429,Normal
RAI,Ferrari,16,106.48,HYPERSOFT,18,1,1,30.1,63.9,False,True,28.615,41.3,36.565,4.575000000000003,True,5.0,106.79471929824561,2.8221106320978113,104.715,124.271,4.889719298245613,55,0.9742547687805684,Normal
RIC,Red Bull Racing,16,106.081,HYPERSOFT,18,1,1,30.1,63.9,False,True,28.78,40.97,36.331,4.176000000000002,True,6.0,106.79677192982456,3.395077182046841,103.12,128.039,4.89177192982456,55,0.9691893982230935,Normal
BOT,Mercedes,16,113.563,HYPERSOFT,18,1,1,30.1,63.9,False,True,28.733,41.137,43.693,11.658000000000001,False,4.0,106.78705263157894,2.819239052735013,104.72,125.123,4.882052631578946,55,0.9742784925079399,Outlier
HAM,Mercedes,16,127.051,Soft,1,2,1,30.1,63.9,False,True,48.856,41.556,36.639,25.146,False,1.0,105.91582456140351,3.3022061084913172,102.913,127.051,4.010824561403508,55,0.9697650096029286,Outlier
PER,Racing Point,16,110.575,HYPERSOFT,18,1,1,30.1,63.9,False,True,29.783,42.905,37.887,8.670000000000002,True,16.0,109.45364285714287,5.274186160152864,105.389,129.117,7.548642857142856,50,0.954028711208701,Normal
VET,Ferrari,16,109.336,ULTRASOFT,2,2,1,30.1,63.9,False,True,29.039,42.457,37.84,7.430999999999997,True,3.0,106.60156140350877,2.619846103833093,104.669,123.072,4.696561403508771,55,0.9760134376252476,Normal
ALO,McLaren,16,111.032,ULTRASOFT,15,1,1,30.1,63.9,False,True,29.644,43.407,37.981,9.126999999999995,True,7.0,107.60368421052631,3.374050952055656,103.164,127.447,5.698684210526316,55,0.9695970462263203,Normal
SAI,Renault,16,111.296,ULTRASOFT,15,1,1,30.1,63.9,False,True,29.515,43.284,38.497,9.391000000000005,True,8.0,108.05371428571428,3.160885662504825,105.211,126.917,6.148714285714285,54,0.9715785008085582,Normal
GAS,Toro Rosso,16,110.199,HYPERSOFT,15,1,1,30.1,63.9,False,True,29.502,42.684,38.013,8.293999999999997,True,13.0,108.94708928571428,3.3634377990750313,106.063,125.254,7.042089285714285,52,0.9700523371550398,Normal
LEC,Sauber,16,110.0,ULTRASOFT,15,1,1,30.1,63.9,False,True,29.095,42.748,38.157,8.094999999999999,True,9.0,108.28051785714285,2.9728195370179042,105.203,125.53,6.375517857142856,54,0.9732788282432779,Normal
ERI,Sauber,16,110.348,ULTRASOFT,15,1,1,30.1,63.9,False,True,29.609,42.741,37.998,8.442999999999998,True,11.0,108.76155357142856,3.031554560225394,105.169,125.409,6.85655357142857,53,0.9728824557176167,Normal
MAG,Haas F1 Team,16,109.818,ULTRASOFT,15,1,1,30.1,63.9,False,True,29.523,42.585,37.71,7.912999999999997,True,18.0,109.89536363636364,4.782731577958495,101.905,127.022,7.990363636363635,47,0.9582942882943771,Normal
GRO,Haas F1 Team,16,119.146,HYPERSOFT,18,1,1,30.1,63.9,False,True,29.837,43.228,46.081,17.241,False,15.0,108.95883928571428,3.4731910283132765,105.904,128.416,7.053839285714284,52,0.9691085270041597,Outlier
VAN,McLaren,16,109.283,ULTRASOFT,15,1,1,30.1,63.9,False,True,29.502,42.229,37.552,7.378,True,12.0,109.45484210526317,6.247945167325788,105.555,149.971,7.549842105263157,54,0.9460000461993539,Normal
STR,Williams,16,109.131,Soft,15,1,1,30.1,63.9,False,True,29.594,42.205,37.332,7.225999999999999,True,14.0,109.61347368421052,6.0097040428236435,106.033,147.976,7.708473684210525,54,0.9480233620891177,Normal
SIR,Williams,16,109.194,Soft,13,2,1,30.1,63.9,False,True,29.551,42.243,37.4,7.2890000000000015,True,19.0,111.56807142857143,6.058613684385513,105.902,144.95,9.663071428571428,43,0.9484928638551071,Normal
HUL,Renault,16,127.551,ULTRASOFT,1,2,1,30.1,64.4,False,True,50.714,40.438,36.399,25.646,False,10.0,108.54183928571429,3.17228234314198,106.093,127.551,6.636839285714285,54,0.9716035690305909,Outlier
HAR,Toro Rosso,16,106.657,ULTRASOFT,2,2,1,30.1,64.4,False,True,29.138,41.118,36.401,4.751999999999995,True,17.0,109.60730357142857,4.3240277264254585,104.889,127.12,7.702303571428571,49,0.9620470710105106,Normal
VER,Red Bull Racing,17,112.508,HYPERSOFT,19,1,1,30.1,64.4,False,True,28.775,40.56,43.173,10.602999999999994,False,2.0,106.04414035087719,3.095453056146541,103.345,125.658,4.139140350877192,55,0.9716376709907429,Outlier
RAI,Ferrari,17,105.547,HYPERSOFT,19,1,1,30.1,64.4,False,True,28.507,41.001,36.039,3.641999999999996,True,5.0,106.79471929824561,2.8221106320978113,104.715,124.271,4.889719298245613,55,0.9742547687805684,Normal
RIC,Red Bull Racing,17,106.253,HYPERSOFT,19,1,1,30.1,64.4,False,True,28.8,41.159,36.294,4.347999999999999,True,6.0,106.79677192982456,3.395077182046841,103.12,128.039,4.89177192982456,55,0.9691893982230935,Normal
HAM,Mercedes,17,105.355,Soft,2,2,1,30.1,64.5,False,True,28.504,40.975,35.876,3.450000000000003,True,1.0,105.91582456140351,3.3022061084913172,102.913,127.051,4.010824561403508,55,0.9697650096029286,Normal
VET,Ferrari,17,106.122,ULTRASOFT,3,2,1,30.1,64.5,False,True,28.999,41.471,35.652,4.216999999999999,True,3.0,106.60156140350877,2.619846103833093,104.669,123.072,4.696561403508771,55,0.9760134376252476,Normal
BOT,Mercedes,17,125.123,Soft,1,2,1,30.1,64.5,False,True,48.17,40.699,36.254,23.218000000000004,False,4.0,106.78705263157894,2.819239052735013,104.72,125.123,4.882052631578946,55,0.9742784925079399,Outlier
PER,Racing Point,17,117.819,HYPERSOFT,19,1,1,30.1,64.5,False,True,30.315,42.648,44.856,15.914000000000001,False,16.0,109.45364285714287,5.274186160152864,105.389,129.117,7.548642857142856,50,0.954028711208701,Outlier
ALO,McLaren,17,107.422,ULTRASOFT,16,1,1,30.1,64.5,False,True,29.192,41.689,36.541,5.516999999999996,True,7.0,107.60368421052631,3.374050952055656,103.164,127.447,5.698684210526316,55,0.9695970462263203,Normal
SAI,Renault,17,108.0,ULTRASOFT,16,1,1,30.1,64.5,False,True,29.311,41.785,36.904,6.094999999999999,True,8.0,108.05371428571428,3.160885662504825,105.211,126.917,6.148714285714285,54,0.9715785008085582,Normal
GAS,Toro Rosso,17,109.29,HYPERSOFT,16,1,1,30.1,64.5,False,True,29.64,42.488,37.162,7.385000000000005,True,13.0,108.94708928571428,3.3634377990750313,106.063,125.254,7.042089285714285,52,0.9700523371550398,Normal
LEC,Sauber,17,109.714,ULTRASOFT,16,1,1,30.1,64.5,False,True,29.26,42.834,37.62,7.8089999999999975,True,9.0,108.28051785714285,2.9728195370179042,105.203,125.53,6.375517857142856,54,0.9732788282432779,Normal
ERI,Sauber,17,109.963,ULTRASOFT,16,1,1,30.1,64.5,False,True,29.65,42.341,37.972,8.057999999999993,True,11.0,108.76155357142856,3.031554560225394,105.169,125.409,6.85655357142857,53,0.9728824557176167,Normal
MAG,Haas F1 Team,17,110.086,ULTRASOFT,16,1,1,30.1,64.5,False,True,29.503,42.973,37.61,8.180999999999997,True,18.0,109.89536363636364,4.782731577958495,101.905,127.022,7.990363636363635,47,0.9582942882943771,Normal
VAN,McLaren,17,109.736,ULTRASOFT,16,1,1,30.1,64.5,False,True,29.597,42.537,37.602,7.831000000000003,True,12.0,109.45484210526317,6.247945167325788,105.555,149.971,7.549842105263157,54,0.9460000461993539,Normal
STR,Williams,17,109.329,Soft,16,1,1,30.1,64.5,False,True,29.607,42.303,37.419,7.423999999999992,True,14.0,109.61347368421052,6.0097040428236435,106.033,147.976,7.708473684210525,54,0.9480233620891177,Normal
SIR,Williams,17,109.31,Soft,14,2,1,30.1,64.5,False,True,29.42,42.327,37.563,7.405000000000001,True,19.0,111.56807142857143,6.058613684385513,105.902,144.95,9.663071428571428,43,0.9484928638551071,Normal
HUL,Renault,17,108.915,ULTRASOFT,2,2,1,30.1,64.5,False,True,29.225,42.006,37.684,7.010000000000005,True,10.0,108.54183928571429,3.17228234314198,106.093,127.551,6.636839285714285,54,0.9716035690305909,Normal
GRO,Haas F1 Team,17,128.416,Soft,1,2,1,30.1,64.5,False,True,49.491,41.897,37.028,26.510999999999996,False,15.0,108.95883928571428,3.4731910283132765,105.904,128.416,7.053839285714284,52,0.9691085270041597,Outlier
HAR,Toro Rosso,17,108.422,ULTRASOFT,3,2,1,30.1,64.5,False,True,29.216,41.985,37.221,6.516999999999996,True,17.0,109.60730357142857,4.3240277264254585,104.889,127.12,7.702303571428571,49,0.9620470710105106,Normal
RAI,Ferrari,18,106.196,HYPERSOFT,20,1,1,30.0,65.1,False,True,28.682,41.232,36.282,4.290999999999997,True,5.0,106.79471929824561,2.8221106320978113,104.715,124.271,4.889719298245613,55,0.9742547687805684,Normal
RIC,Red Bull Racing,18,105.72,HYPERSOFT,20,1,1,30.0,65.1,False,True,28.723,40.901,36.096,3.8149999999999977,True,6.0,106.79677192982456,3.395077182046841,103.12,128.039,4.89177192982456,55,0.9691893982230935,Normal
HAM,Mercedes,18,105.802,Soft,3,2,1,30.0,65.1,False,True,28.725,41.351,35.726,3.8970000000000056,True,1.0,105.91582456140351,3.3022061084913172,102.913,127.051,4.010824561403508,55,0.9697650096029286,Normal
VER,Red Bull Racing,18,125.658,Soft,1,2,1,30.0,65.1,False,True,48.989,40.662,36.007,23.753,False,2.0,106.04414035087719,3.095453056146541,103.345,125.658,4.139140350877192,55,0.9716376709907429,Outlier
VET,Ferrari,18,107.995,ULTRASOFT,4,2,1,30.1,65.3,False,True,29.317,42.133,36.545,6.090000000000003,True,3.0,106.60156140350877,2.619846103833093,104.669,123.072,4.696561403508771,55,0.9760134376252476,Normal
BOT,Mercedes,18,105.544,Soft,2,2,1,30.1,65.3,False,True,28.603,40.848,36.093,3.638999999999996,True,4.0,106.78705263157894,2.819239052735013,104.72,125.123,4.882052631578946,55,0.9742784925079399,Normal
ALO,McLaren,18,107.522,ULTRASOFT,17,1,1,30.1,65.3,False,True,29.197,41.412,36.913,5.617000000000004,True,7.0,107.60368421052631,3.374050952055656,103.164,127.447,5.698684210526316,55,0.9695970462263203,Normal
SAI,Renault,18,107.803,ULTRASOFT,17,1,1,30.1,65.3,False,True,29.323,41.555,36.925,5.897999999999996,True,8.0,108.05371428571428,3.160885662504825,105.211,126.917,6.148714285714285,54,0.9715785008085582,Normal
GAS,Toro Rosso,18,108.741,HYPERSOFT,17,1,1,30.1,65.3,False,True,29.491,42.173,37.077,6.8359999999999985,True,13.0,108.94708928571428,3.3634377990750313,106.063,125.254,7.042089285714285,52,0.9700523371550398,Normal
LEC,Sauber,18,108.602,ULTRASOFT,17,1,1,30.1,65.3,False,True,29.31,42.054,37.238,6.697000000000003,True,9.0,108.28051785714285,2.9728195370179042,105.203,125.53,6.375517857142856,54,0.9732788282432779,Normal
ERI,Sauber,18,109.473,ULTRASOFT,17,1,1,30.1,65.3,False,True,29.541,42.399,37.533,7.567999999999998,True,11.0,108.76155357142856,3.031554560225394,105.169,125.409,6.85655357142857,53,0.9728824557176167,Normal
MAG,Haas F1 Team,18,109.779,ULTRASOFT,17,1,1,30.1,65.3,False,True,29.818,42.404,37.557,7.873999999999995,True,18.0,109.89536363636364,4.782731577958495,101.905,127.022,7.990363636363635,47,0.9582942882943771,Normal
VAN,McLaren,18,109.765,ULTRASOFT,17,1,1,30.1,65.3,False,True,29.642,42.515,37.608,7.859999999999999,True,12.0,109.45484210526317,6.247945167325788,105.555,149.971,7.549842105263157,54,0.9460000461993539,Normal
STR,Williams,18,109.374,Soft,17,1,1,30.1,65.3,False,True,29.667,42.437,37.27,7.468999999999994,True,14.0,109.61347368421052,6.0097040428236435,106.033,147.976,7.708473684210525,54,0.9480233620891177,Normal
SIR,Williams,18,109.406,Soft,15,2,1,30.1,65.3,False,True,29.536,42.37,37.5,7.501000000000005,True,19.0,111.56807142857143,6.058613684385513,105.902,144.95,9.663071428571428,43,0.9484928638551071,Normal
PER,Racing Point,18,129.117,ULTRASOFT,1,2,1,30.1,65.3,False,True,49.855,42.064,37.198,27.21199999999999,False,16.0,109.45364285714287,5.274186160152864,105.389,129.117,7.548642857142856,50,0.954028711208701,Outlier
HUL,Renault,18,108.33,ULTRASOFT,3,2,1,30.1,65.3,False,True,29.201,41.703,37.426,6.424999999999997,True,10.0,108.54183928571429,3.17228234314198,106.093,127.551,6.636839285714285,54,0.9716035690305909,Normal
GRO,Haas F1 Team,18,108.251,Soft,2,2,1,30.1,65.3,False,True,29.217,41.945,37.089,6.346000000000004,True,15.0,108.95883928571428,3.4731910283132765,105.904,128.416,7.053839285714284,52,0.9691085270041597,Normal
HAR,Toro Rosso,18,108.774,ULTRASOFT,4,2,1,30.1,65.3,False,True,29.475,41.918,37.381,6.869,True,17.0,109.60730357142857,4.3240277264254585,104.889,127.12,7.702303571428571,49,0.9620470710105106,Normal
RAI,Ferrari,19,106.582,HYPERSOFT,21,1,1,30.1,64.8,False,True,29.022,41.28,36.28,4.6769999999999925,True,5.0,106.79471929824561,2.8221106320978113,104.715,124.271,4.889719298245613,55,0.9742547687805684,Normal
RIC,Red Bull Racing,19,105.688,HYPERSOFT,21,1,1,30.1,64.8,False,True,28.756,40.86,36.072,3.7830000000000013,True,6.0,106.79677192982456,3.395077182046841,103.12,128.039,4.89177192982456,55,0.9691893982230935,Normal
HAM,Mercedes,19,105.934,Soft,4,2,1,30.1,64.8,False,True,28.571,41.098,36.265,4.028999999999996,True,1.0,105.91582456140351,3.3022061084913172,102.913,127.051,4.010824561403508,55,0.9697650096029286,Normal
VER,Red Bull Racing,19,105.893,Soft,2,2,1,30.1,64.8,False,True,28.669,40.842,36.382,3.9879999999999995,True,2.0,106.04414035087719,3.095453056146541,103.345,125.658,4.139140350877192,55,0.9716376709907429,Normal
VET,Ferrari,19,105.865,ULTRASOFT,5,2,1,30.1,64.8,False,True,28.545,41.014,36.306,3.9599999999999937,True,3.0,106.60156140350877,2.619846103833093,104.669,123.072,4.696561403508771,55,0.9760134376252476,Normal
BOT,Mercedes,19,105.68,Soft,3,2,1,30.1,64.8,False,True,28.771,40.897,36.012,3.7750000000000057,True,4.0,106.78705263157894,2.819239052735013,104.72,125.123,4.882052631578946,55,0.9742784925079399,Normal
ALO,McLaren,19,106.798,ULTRASOFT,18,1,1,30.0,65.7,False,True,29.166,41.292,36.34,4.893000000000001,True,7.0,107.60368421052631,3.374050952055656,103.164,127.447,5.698684210526316,55,0.9695970462263203,Normal
SAI,Renault,19,107.468,ULTRASOFT,18,1,1,30.0,65.7,False,True,29.208,41.598,36.662,5.563000000000002,True,8.0,108.05371428571428,3.160885662504825,105.211,126.917,6.148714285714285,54,0.9715785008085582,Normal
GAS,Toro Rosso,19,108.363,HYPERSOFT,18,1,1,30.0,65.7,False,True,29.463,42.007,36.893,6.457999999999998,True,13.0,108.94708928571428,3.3634377990750313,106.063,125.254,7.042089285714285,52,0.9700523371550398,Normal
LEC,Sauber,19,108.562,ULTRASOFT,18,1,1,30.0,65.7,False,True,29.174,42.153,37.235,6.6569999999999965,True,9.0,108.28051785714285,2.9728195370179042,105.203,125.53,6.375517857142856,54,0.9732788282432779,Normal
ERI,Sauber,19,108.812,ULTRASOFT,18,1,1,30.0,65.7,False,True,29.364,42.0,37.448,6.9069999999999965,True,11.0,108.76155357142856,3.031554560225394,105.169,125.409,6.85655357142857,53,0.9728824557176167,Normal
MAG,Haas F1 Team,19,108.915,ULTRASOFT,18,1,1,30.0,65.7,False,True,29.529,42.264,37.122,7.010000000000005,True,18.0,109.89536363636364,4.782731577958495,101.905,127.022,7.990363636363635,47,0.9582942882943771,Normal
VAN,McLaren,19,109.361,ULTRASOFT,18,1,1,30.0,65.7,False,True,29.657,42.296,37.408,7.456000000000003,True,12.0,109.45484210526317,6.247945167325788,105.555,149.971,7.549842105263157,54,0.9460000461993539,Normal
STR,Williams,19,109.265,Soft,18,1,1,30.0,65.7,False,True,29.601,42.371,37.293,7.359999999999999,True,14.0,109.61347368421052,6.0097040428236435,106.033,147.976,7.708473684210525,54,0.9480233620891177,Normal
SIR,Williams,19,109.072,Soft,16,2,1,30.0,65.7,False,True,29.397,42.34,37.335,7.167000000000002,True,19.0,111.56807142857143,6.058613684385513,105.902,144.95,9.663071428571428,43,0.9484928638551071,Normal
PER,Racing Point,19,107.508,ULTRASOFT,2,2,1,30.0,65.7,False,True,29.245,41.387,36.876,5.602999999999994,True,16.0,109.45364285714287,5.274186160152864,105.389,129.117,7.548642857142856,50,0.954028711208701,Normal
HUL,Renault,19,108.275,ULTRASOFT,4,2,1,30.0,65.7,False,True,29.306,41.621,37.348,6.3700000000000045,True,10.0,108.54183928571429,3.17228234314198,106.093,127.551,6.636839285714285,54,0.9716035690305909,Normal
GRO,Haas F1 Team,19,108.629,Soft,3,2,1,30.0,65.7,False,True,29.308,42.121,37.2,6.724000000000004,True,15.0,108.95883928571428,3.4731910283132765,105.904,128.416,7.053839285714284,52,0.9691085270041597,Normal
HAR,Toro Rosso,19,108.8,ULTRASOFT,5,2,1,30.0,65.7,False,True,29.515,42.032,37.253,6.894999999999996,True,17.0,109.60730357142857,4.3240277264254585,104.889,127.12,7.702303571428571,49,0.9620470710105106,Normal
RAI,Ferrari,20,106.011,HYPERSOFT,22,1,1,30.0,65.3,False,True,28.677,41.104,36.23,4.1059999999999945,True,5.0,106.79471929824561,2.8221106320978113,104.715,124.271,4.889719298245613,55,0.9742547687805684,Normal
RIC,Red Bull Racing,20,105.912,HYPERSOFT,22,1,1,30.0,65.3,False,True,28.745,40.982,36.185,4.007000000000005,True,6.0,106.79677192982456,3.395077182046841,103.12,128.039,4.89177192982456,55,0.9691893982230935,Normal
HAM,Mercedes,20,106.614,Soft,5,2,1,30.0,65.3,False,True,28.814,41.323,36.477,4.709000000000003,True,1.0,105.91582456140351,3.3022061084913172,102.913,127.051,4.010824561403508,55,0.9697650096029286,Normal
VER,Red Bull Racing,20,105.753,Soft,3,2,1,30.0,65.3,False,True,28.76,40.83,36.163,3.847999999999999,True,2.0,106.04414035087719,3.095453056146541,103.345,125.658,4.139140350877192,55,0.9716376709907429,Normal
VET,Ferrari,20,106.066,ULTRASOFT,6,2,1,30.0,65.3,False,True,28.731,41.381,35.954,4.161000000000001,True,3.0,106.60156140350877,2.619846103833093,104.669,123.072,4.696561403508771,55,0.9760134376252476,Normal
BOT,Mercedes,20,106.191,Soft,4,2,1,30.0,65.3,False,True,28.761,41.142,36.288,4.286000000000001,True,4.0,106.78705263157894,2.819239052735013,104.72,125.123,4.882052631578946,55,0.9742784925079399,Normal
ALO,McLaren,20,107.111,ULTRASOFT,19,1,1,30.0,65.3,False,True,29.15,41.267,36.694,5.206000000000003,True,7.0,107.60368421052631,3.374050952055656,103.164,127.447,5.698684210526316,55,0.9695970462263203,Normal
SAI,Renault,20,107.433,ULTRASOFT,19,1,1,30.0,65.3,False,True,29.171,41.527,36.735,5.528000000000006,True,8.0,108.05371428571428,3.160885662504825,105.211,126.917,6.148714285714285,54,0.9715785008085582,Normal
GAS,Toro Rosso,20,108.922,HYPERSOFT,19,1,1,30.0,65.3,False,True,29.61,42.201,37.111,7.016999999999996,True,13.0,108.94708928571428,3.3634377990750313,106.063,125.254,7.042089285714285,52,0.9700523371550398,Normal
LEC,Sauber,20,108.59,ULTRASOFT,19,1,1,30.0,65.3,False,True,29.219,42.054,37.317,6.685000000000002,True,9.0,108.28051785714285,2.9728195370179042,105.203,125.53,6.375517857142856,54,0.9732788282432779,Normal
ERI,Sauber,20,108.617,ULTRASOFT,19,1,1,30.0,64.8,False,True,29.321,42.072,37.224,6.712000000000003,True,11.0,108.76155357142856,3.031554560225394,105.169,125.409,6.85655357142857,53,0.9728824557176167,Normal
MAG,Haas F1 Team,20,108.951,ULTRASOFT,19,1,1,30.0,64.8,False,True,29.549,42.233,37.169,7.045999999999992,True,18.0,109.89536363636364,4.782731577958495,101.905,127.022,7.990363636363635,47,0.9582942882943771,Normal
VAN,McLaren,20,109.076,ULTRASOFT,19,1,1,30.0,64.8,False,True,29.486,42.265,37.325,7.170999999999992,True,12.0,109.45484210526317,6.247945167325788,105.555,149.971,7.549842105263157,54,0.9460000461993539,Normal
STR,Williams,20,109.302,Soft,19,1,1,30.0,64.8,False,True,29.612,42.383,37.307,7.397000000000006,True,14.0,109.61347368421052,6.0097040428236435,106.033,147.976,7.708473684210525,54,0.9480233620891177,Normal
SIR,Williams,20,109.174,Soft,17,2,1,30.0,64.8,False,True,29.566,42.27,37.338,7.2690000000000055,True,19.0,111.56807142857143,6.058613684385513,105.902,144.95,9.663071428571428,43,0.9484928638551071,Normal
PER,Racing Point,20,108.554,ULTRASOFT,3,2,1,30.0,64.8,False,True,29.22,41.758,37.576,6.649000000000001,True,16.0,109.45364285714287,5.274186160152864,105.389,129.117,7.548642857142856,50,0.954028711208701,Normal
HUL,Renault,20,108.177,ULTRASOFT,5,2,1,30.0,64.8,False,True,29.407,41.52,37.25,6.272000000000006,True,10.0,108.54183928571429,3.17228234314198,106.093,127.551,6.636839285714285,54,0.9716035690305909,Normal
GRO,Haas F1 Team,20,108.529,Soft,4,2,1,30.0,64.8,False,True,29.305,42.118,37.106,6.623999999999995,True,15.0,108.95883928571428,3.4731910283132765,105.904,128.416,7.053839285714284,52,0.9691085270041597,Normal
HAR,Toro Rosso,20,108.475,ULTRASOFT,6,2,1,30.0,64.8,False,True,29.491,41.83,37.154,6.569999999999993,True,17.0,109.60730357142857,4.3240277264254585,104.889,127.12,7.702303571428571,49,0.9620470710105106,Normal
RAI,Ferrari,21,106.674,HYPERSOFT,23,1,1,30.0,64.8,False,True,28.77,41.46,36.444,4.7690000000000055,True,5.0,106.79471929824561,2.8221106320978113,104.715,124.271,4.889719298245613,55,0.9742547687805684,Normal
RIC,Red Bull Racing,21,106.684,HYPERSOFT,23,1,1,29.9,65.4,False,True,28.969,41.133,36.582,4.778999999999996,True,6.0,106.79677192982456,3.395077182046841,103.12,128.039,4.89177192982456,55,0.9691893982230935,Normal
HAM,Mercedes,21,105.135,Soft,6,2,1,29.9,65.4,False,True,28.679,40.538,35.918,3.230000000000004,True,1.0,105.91582456140351,3.3022061084913172,102.913,127.051,4.010824561403508,55,0.9697650096029286,Normal
VER,Red Bull Racing,21,105.991,Soft,4,2,1,29.9,65.4,False,True,28.847,40.836,36.308,4.0859999999999985,True,2.0,106.04414035087719,3.095453056146541,103.345,125.658,4.139140350877192,55,0.9716376709907429,Normal
VET,Ferrari,21,105.73,ULTRASOFT,7,2,1,29.9,65.4,False,True,28.497,41.16,36.073,3.825000000000003,True,3.0,106.60156140350877,2.619846103833093,104.669,123.072,4.696561403508771,55,0.9760134376252476,Normal
BOT,Mercedes,21,106.398,Soft,5,2,1,29.9,65.4,False,True,28.783,41.216,36.399,4.492999999999995,True,4.0,106.78705263157894,2.819239052735013,104.72,125.123,4.882052631578946,55,0.9742784925079399,Normal
ALO,McLaren,21,107.048,ULTRASOFT,20,1,1,29.9,65.4,False,True,29.097,41.353,36.598,5.143000000000001,True,7.0,107.60368421052631,3.374050952055656,103.164,127.447,5.698684210526316,55,0.9695970462263203,Normal
SAI,Renault,21,107.41,ULTRASOFT,20,1,1,29.9,65.4,False,True,29.194,41.559,36.657,5.5049999999999955,True,8.0,108.05371428571428,3.160885662504825,105.211,126.917,6.148714285714285,54,0.9715785008085582,Normal
GAS,Toro Rosso,21,108.783,HYPERSOFT,20,1,1,29.9,65.4,False,True,29.503,42.1,37.18,6.878,True,13.0,108.94708928571428,3.3634377990750313,106.063,125.254,7.042089285714285,52,0.9700523371550398,Normal
LEC,Sauber,21,109.039,ULTRASOFT,20,1,1,29.9,65.4,False,True,29.214,42.368,37.457,7.134,True,9.0,108.28051785714285,2.9728195370179042,105.203,125.53,6.375517857142856,54,0.9732788282432779,Normal
ERI,Sauber,21,108.886,ULTRASOFT,20,1,1,29.9,65.4,False,True,29.325,42.006,37.555,6.9809999999999945,True,11.0,108.76155357142856,3.031554560225394,105.169,125.409,6.85655357142857,53,0.9728824557176167,Normal
MAG,Haas F1 Team,21,108.858,ULTRASOFT,20,1,1,29.9,65.4,False,True,29.393,41.989,37.476,6.953000000000003,True,18.0,109.89536363636364,4.782731577958495,101.905,127.022,7.990363636363635,47,0.9582942882943771,Normal
VAN,McLaren,21,108.766,ULTRASOFT,20,1,1,29.9,65.4,False,True,29.485,42.029,37.252,6.861000000000004,True,12.0,109.45484210526317,6.247945167325788,105.555,149.971,7.549842105263157,54,0.9460000461993539,Normal
STR,Williams,21,109.137,Soft,20,1,1,29.9,65.4,False,True,29.631,42.044,37.462,7.231999999999999,True,14.0,109.61347368421052,6.0097040428236435,106.033,147.976,7.708473684210525,54,0.9480233620891177,Normal
SIR,Williams,21,109.384,Soft,18,2,1,29.9,65.4,False,True,29.539,42.39,37.455,7.478999999999999,True,19.0,111.56807142857143,6.058613684385513,105.902,144.95,9.663071428571428,43,0.9484928638551071,Normal
PER,Racing Point,21,109.392,ULTRASOFT,4,2,1,29.9,65.4,False,True,29.197,42.327,37.868,7.486999999999995,True,16.0,109.45364285714287,5.274186160152864,105.389,129.117,7.548642857142856,50,0.954028711208701,Normal
HUL,Renault,21,107.821,ULTRASOFT,6,2,1,29.8,65.3,False,True,29.264,41.331,37.226,5.915999999999997,True,10.0,108.54183928571429,3.17228234314198,106.093,127.551,6.636839285714285,54,0.9716035690305909,Normal
GRO,Haas F1 Team,21,108.088,Soft,5,2,1,29.8,65.3,False,True,29.16,41.931,36.997,6.182999999999993,True,15.0,108.95883928571428,3.4731910283132765,105.904,128.416,7.053839285714284,52,0.9691085270041597,Normal
HAR,Toro Rosso,21,108.49,ULTRASOFT,7,2,1,29.8,65.3,False,True,29.546,41.788,37.156,6.584999999999994,True,17.0,109.60730357142857,4.3240277264254585,104.889,127.12,7.702303571428571,49,0.9620470710105106,Normal
RIC,Red Bull Racing,22,106.69,HYPERSOFT,24,1,1,29.8,65.3,False,True,28.81,41.238,36.642,4.784999999999997,True,6.0,106.79677192982456,3.395077182046841,103.12,128.039,4.89177192982456,55,0.9691893982230935,Normal
RAI,Ferrari,22,115.399,HYPERSOFT,24,1,1,29.8,65.3,False,True,28.838,41.783,44.778,13.494,False,5.0,106.79471929824561,2.8221106320978113,104.715,124.271,4.889719298245613,55,0.9742547687805684,Outlier
HAM,Mercedes,22,105.83,Soft,7,2,1,29.8,65.3,False,True,28.702,40.937,36.191,3.924999999999997,True,1.0,105.91582456140351,3.3022061084913172,102.913,127.051,4.010824561403508,55,0.9697650096029286,Normal
VER,Red Bull Racing,22,105.741,Soft,5,2,1,29.7,65.4,False,True,28.662,40.663,36.416,3.8359999999999985,True,2.0,106.04414035087719,3.095453056146541,103.345,125.658,4.139140350877192,55,0.9716376709907429,Normal
VET,Ferrari,22,105.756,ULTRASOFT,8,2,1,29.7,65.4,False,True,28.622,40.87,36.264,3.850999999999999,True,3.0,106.60156140350877,2.619846103833093,104.669,123.072,4.696561403508771,55,0.9760134376252476,Normal
BOT,Mercedes,22,106.378,Soft,6,2,1,29.7,65.4,False,True,29.012,41.151,36.215,4.472999999999999,True,4.0,106.78705263157894,2.819239052735013,104.72,125.123,4.882052631578946,55,0.9742784925079399,Normal
ALO,McLaren,22,107.142,ULTRASOFT,21,1,1,29.7,65.4,False,True,29.158,41.369,36.615,5.236999999999995,True,7.0,107.60368421052631,3.374050952055656,103.164,127.447,5.698684210526316,55,0.9695970462263203,Normal
SAI,Renault,22,107.254,ULTRASOFT,21,1,1,29.7,65.4,False,True,29.147,41.46,36.647,5.349000000000004,True,8.0,108.05371428571428,3.160885662504825,105.211,126.917,6.148714285714285,54,0.9715785008085582,Normal
GAS,Toro Rosso,22,108.681,HYPERSOFT,21,1,1,29.7,65.4,False,True,29.607,42.184,36.89,6.775999999999996,True,13.0,108.94708928571428,3.3634377990750313,106.063,125.254,7.042089285714285,52,0.9700523371550398,Normal
LEC,Sauber,22,108.556,ULTRASOFT,21,1,1,29.7,65.4,False,True,29.12,42.347,37.089,6.650999999999996,True,9.0,108.28051785714285,2.9728195370179042,105.203,125.53,6.375517857142856,54,0.9732788282432779,Normal
ERI,Sauber,22,109.071,ULTRASOFT,21,1,1,29.7,65.4,False,True,29.438,42.112,37.521,7.165999999999997,True,11.0,108.76155357142856,3.031554560225394,105.169,125.409,6.85655357142857,53,0.9728824557176167,Normal
MAG,Haas F1 Team,22,109.13,ULTRASOFT,21,1,1,29.7,65.4,False,True,29.585,42.196,37.349,7.224999999999994,True,18.0,109.89536363636364,4.782731577958495,101.905,127.022,7.990363636363635,47,0.9582942882943771,Normal
VAN,McLaren,22,109.154,ULTRASOFT,21,1,1,29.7,65.4,False,True,29.467,42.37,37.317,7.248999999999995,True,12.0,109.45484210526317,6.247945167325788,105.555,149.971,7.549842105263157,54,0.9460000461993539,Normal
STR,Williams,22,109.33,Soft,21,1,1,29.7,65.4,False,True,29.776,42.379,37.175,7.424999999999997,True,14.0,109.61347368421052,6.0097040428236435,106.033,147.976,7.708473684210525,54,0.9480233620891177,Normal
SIR,Williams,22,109.179,Soft,19,2,1,29.7,65.4,False,True,29.507,42.258,37.414,7.274000000000001,True,19.0,111.56807142857143,6.058613684385513,105.902,144.95,9.663071428571428,43,0.9484928638551071,Normal
PER,Racing Point,22,109.175,ULTRASOFT,5,2,1,29.7,65.4,False,True,29.13,42.325,37.72,7.269999999999996,True,16.0,109.45364285714287,5.274186160152864,105.389,129.117,7.548642857142856,50,0.954028711208701,Normal
HUL,Renault,22,108.623,ULTRASOFT,7,2,1,29.7,65.4,False,True,29.498,41.791,37.334,6.7180000000000035,True,10.0,108.54183928571429,3.17228234314198,106.093,127.551,6.636839285714285,54,0.9716035690305909,Normal
GRO,Haas F1 Team,22,108.002,Soft,6,2,1,29.7,65.4,False,True,29.163,41.924,36.915,6.096999999999994,True,15.0,108.95883928571428,3.4731910283132765,105.904,128.416,7.053839285714284,52,0.9691085270041597,Normal
HAR,Toro Rosso,22,108.566,ULTRASOFT,8,2,1,29.7,65.4,False,True,29.398,41.855,37.313,6.661000000000001,True,17.0,109.60730357142857,4.3240277264254585,104.889,127.12,7.702303571428571,49,0.9620470710105106,Normal
RIC,Red Bull Racing,23,105.845,HYPERSOFT,25,1,1,29.8,65.4,False,True,28.769,41.02,36.056,3.9399999999999977,True,6.0,106.79677192982456,3.395077182046841,103.12,128.039,4.89177192982456,55,0.9691893982230935,Normal
HAM,Mercedes,23,105.814,Soft,8,2,1,29.8,65.4,False,True,28.892,40.878,36.044,3.908999999999992,True,1.0,105.91582456140351,3.3022061084913172,102.913,127.051,4.010824561403508,55,0.9697650096029286,Normal
VER,Red Bull Racing,23,105.63,Soft,6,2,1,29.8,65.4,False,True,28.775,40.724,36.131,3.7249999999999943,True,2.0,106.04414035087719,3.095453056146541,103.345,125.658,4.139140350877192,55,0.9716376709907429,Normal
VET,Ferrari,23,105.553,ULTRASOFT,9,2,1,29.8,65.4,False,True,28.547,41.064,35.942,3.647999999999996,True,3.0,106.60156140350877,2.619846103833093,104.669,123.072,4.696561403508771,55,0.9760134376252476,Normal
BOT,Mercedes,23,105.843,Soft,7,2,1,29.8,65.4,False,True,28.828,40.948,36.067,3.9380000000000024,True,4.0,106.78705263157894,2.819239052735013,104.72,125.123,4.882052631578946,55,0.9742784925079399,Normal
RAI,Ferrari,23,124.271,Soft,1,2,1,29.8,65.4,False,True,48.753,39.875,35.643,22.366,False,5.0,106.79471929824561,2.8221106320978113,104.715,124.271,4.889719298245613,55,0.9742547687805684,Outlier
ALO,McLaren,23,107.252,ULTRASOFT,22,1,1,29.8,65.3,False,True,29.044,41.448,36.76,5.346999999999994,True,7.0,107.60368421052631,3.374050952055656,103.164,127.447,5.698684210526316,55,0.9695970462263203,Normal
SAI,Renault,23,107.257,ULTRASOFT,22,1,1,29.8,65.3,False,True,29.218,41.404,36.635,5.352000000000004,True,8.0,108.05371428571428,3.160885662504825,105.211,126.917,6.148714285714285,54,0.9715785008085582,Normal
GAS,Toro Rosso,23,108.9,HYPERSOFT,22,1,1,29.8,65.3,False,True,29.597,42.274,37.029,6.9950000000000045,True,13.0,108.94708928571428,3.3634377990750313,106.063,125.254,7.042089285714285,52,0.9700523371550398,Normal
LEC,Sauber,23,108.86,ULTRASOFT,22,1,1,29.8,65.3,False,True,29.005,42.379,37.476,6.954999999999998,True,9.0,108.28051785714285,2.9728195370179042,105.203,125.53,6.375517857142856,54,0.9732788282432779,Normal
ERI,Sauber,23,108.527,ULTRASOFT,22,1,1,29.8,65.3,False,True,29.356,41.817,37.354,6.622,True,11.0,108.76155357142856,3.031554560225394,105.169,125.409,6.85655357142857,53,0.9728824557176167,Normal
MAG,Haas F1 Team,23,108.667,ULTRASOFT,22,1,1,29.8,65.3,False,True,29.398,42.098,37.171,6.7620000000000005,True,18.0,109.89536363636364,4.782731577958495,101.905,127.022,7.990363636363635,47,0.9582942882943771,Normal
VAN,McLaren,23,108.813,ULTRASOFT,22,1,1,29.8,65.3,False,True,29.531,42.018,37.264,6.908000000000001,True,12.0,109.45484210526317,6.247945167325788,105.555,149.971,7.549842105263157,54,0.9460000461993539,Normal
STR,Williams,23,109.054,Soft,22,1,1,29.8,65.3,False,True,29.561,42.305,37.188,7.149000000000001,True,14.0,109.61347368421052,6.0097040428236435,106.033,147.976,7.708473684210525,54,0.9480233620891177,Normal
SIR,Williams,23,109.089,Soft,20,2,1,29.8,65.3,False,True,29.478,42.227,37.384,7.1839999999999975,True,19.0,111.56807142857143,6.058613684385513,105.902,144.95,9.663071428571428,43,0.9484928638551071,Normal
PER,Racing Point,23,108.974,ULTRASOFT,6,2,1,29.8,65.3,False,True,29.39,41.999,37.585,7.069000000000003,True,16.0,109.45364285714287,5.274186160152864,105.389,129.117,7.548642857142856,50,0.954028711208701,Normal
HUL,Renault,23,108.34,ULTRASOFT,8,2,1,29.8,65.3,False,True,29.345,41.677,37.318,6.435000000000002,True,10.0,108.54183928571429,3.17228234314198,106.093,127.551,6.636839285714285,54,0.9716035690305909,Normal
GRO,Haas F1 Team,23,108.473,Soft,7,2,1,29.8,65.3,False,True,29.245,42.078,37.15,6.567999999999998,True,15.0,108.95883928571428,3.4731910283132765,105.904,128.416,7.053839285714284,52,0.9691085270041597,Normal
HAR,Toro Rosso,23,108.278,ULTRASOFT,9,2,1,29.8,65.3,False,True,29.41,41.816,37.052,6.373000000000005,True,17.0,109.60730357142857,4.3240277264254585,104.889,127.12,7.702303571428571,49,0.9620470710105106,Normal
RIC,Red Bull Racing,24,106.409,HYPERSOFT,26,1,1,29.8,65.5,False,True,28.875,41.204,36.33,4.504000000000005,True,6.0,106.79677192982456,3.395077182046841,103.12,128.039,4.89177192982456,55,0.9691893982230935,Normal
HAM,Mercedes,24,105.75,Soft,9,2,1,29.8,65.5,False,True,28.833,40.924,35.993,3.844999999999999,True,1.0,105.91582456140351,3.3022061084913172,102.913,127.051,4.010824561403508,55,0.9697650096029286,Normal
VER,Red Bull Racing,24,106.004,Soft,7,2,1,29.8,65.5,False,True,28.796,40.845,36.363,4.099000000000004,True,2.0,106.04414035087719,3.095453056146541,103.345,125.658,4.139140350877192,55,0.9716376709907429,Normal
VET,Ferrari,24,105.799,ULTRASOFT,10,2,1,29.8,65.5,False,True,28.565,40.967,36.267,3.8940000000000055,True,3.0,106.60156140350877,2.619846103833093,104.669,123.072,4.696561403508771,55,0.9760134376252476,Normal
BOT,Mercedes,24,105.387,Soft,8,2,1,29.8,65.5,False,True,28.611,40.822,35.954,3.4819999999999993,True,4.0,106.78705263157894,2.819239052735013,104.72,125.123,4.882052631578946,55,0.9742784925079399,Normal
RAI,Ferrari,24,104.746,Soft,2,2,1,29.8,65.5,False,True,28.271,40.41,36.065,2.840999999999994,True,5.0,106.79471929824561,2.8221106320978113,104.715,124.271,4.889719298245613,55,0.9742547687805684,Normal
ALO,McLaren,24,107.086,ULTRASOFT,23,1,1,29.8,65.5,False,True,29.258,41.31,36.518,5.180999999999997,True,7.0,107.60368421052631,3.374050952055656,103.164,127.447,5.698684210526316,55,0.9695970462263203,Normal
SAI,Renault,24,107.172,ULTRASOFT,23,1,1,29.8,65.5,False,True,29.216,41.293,36.663,5.266999999999996,True,8.0,108.05371428571428,3.160885662504825,105.211,126.917,6.148714285714285,54,0.9715785008085582,Normal
GAS,Toro Rosso,24,109.448,HYPERSOFT,23,1,1,29.8,65.5,False,True,29.676,42.538,37.234,7.542999999999992,True,13.0,108.94708928571428,3.3634377990750313,106.063,125.254,7.042089285714285,52,0.9700523371550398,Normal
LEC,Sauber,24,109.312,ULTRASOFT,23,1,1,29.8,65.5,False,True,29.05,42.645,37.617,7.4069999999999965,True,9.0,108.28051785714285,2.9728195370179042,105.203,125.53,6.375517857142856,54,0.9732788282432779,Normal
ERI,Sauber,24,109.091,ULTRASOFT,23,1,1,29.8,65.5,False,True,29.288,41.962,37.841,7.185999999999993,True,11.0,108.76155357142856,3.031554560225394,105.169,125.409,6.85655357142857,53,0.9728824557176167,Normal
MAG,Haas F1 Team,24,108.568,ULTRASOFT,23,1,1,29.8,65.5,False,True,29.41,42.1,37.058,6.662999999999997,True,18.0,109.89536363636364,4.782731577958495,101.905,127.022,7.990363636363635,47,0.9582942882943771,Normal
VAN,McLaren,24,108.908,ULTRASOFT,23,1,1,29.8,65.5,False,True,29.517,42.261,37.13,7.003,True,12.0,109.45484210526317,6.247945167325788,105.555,149.971,7.549842105263157,54,0.9460000461993539,Normal
STR,Williams,24,108.774,Soft,23,1,1,29.8,65.5,False,True,29.596,42.188,36.99,6.869,True,14.0,109.61347368421052,6.0097040428236435,106.033,147.976,7.708473684210525,54,0.9480233620891177,Normal
SIR,Williams,24,108.841,Soft,21,2,1,29.8,65.5,False,True,29.388,42.159,37.294,6.935999999999993,True,19.0,111.56807142857143,6.058613684385513,105.902,144.95,9.663071428571428,43,0.9484928638551071,Normal
PER,Racing Point,24,108.994,ULTRASOFT,7,2,1,29.8,65.5,False,True,29.554,42.119,37.321,7.088999999999999,True,16.0,109.45364285714287,5.274186160152864,105.389,129.117,7.548642857142856,50,0.954028711208701,Normal
HUL,Renault,24,108.264,ULTRASOFT,9,2,1,29.8,65.5,False,True,29.383,41.741,37.14,6.358999999999995,True,10.0,108.54183928571429,3.17228234314198,106.093,127.551,6.636839285714285,54,0.9716035690305909,Normal
GRO,Haas F1 Team,24,107.979,Soft,8,2,1,29.8,65.5,False,True,29.371,41.843,36.765,6.073999999999998,True,15.0,108.95883928571428,3.4731910283132765,105.904,128.416,7.053839285714284,52,0.9691085270041597,Normal
HAR,Toro Rosso,24,108.209,ULTRASOFT,10,2,1,29.8,65.5,False,True,29.495,41.557,37.157,6.304000000000002,True,17.0,109.60730357142857,4.3240277264254585,104.889,127.12,7.702303571428571,49,0.9620470710105106,Normal
RIC,Red Bull Racing,25,106.422,HYPERSOFT,27,1,1,29.8,65.8,False,True,28.945,41.138,36.339,4.516999999999996,True,6.0,106.79677192982456,3.395077182046841,103.12,128.039,4.89177192982456,55,0.9691893982230935,Normal
HAM,Mercedes,25,105.614,Soft,10,2,1,29.8,65.8,False,True,28.713,40.768,36.133,3.709000000000003,True,1.0,105.91582456140351,3.3022061084913172,102.913,127.051,4.010824561403508,55,0.9697650096029286,Normal
VER,Red Bull Racing,25,105.862,Soft,8,2,1,29.8,65.8,False,True,28.783,40.929,36.15,3.9569999999999936,True,2.0,106.04414035087719,3.095453056146541,103.345,125.658,4.139140350877192,55,0.9716376709907429,Normal
VET,Ferrari,25,105.936,ULTRASOFT,11,2,1,29.8,65.8,False,True,28.676,41.114,36.146,4.031000000000006,True,3.0,106.60156140350877,2.619846103833093,104.669,123.072,4.696561403508771,55,0.9760134376252476,Normal
BOT,Mercedes,25,105.427,Soft,9,2,1,29.8,65.8,False,True,28.632,40.882,35.913,3.5220000000000056,True,4.0,106.78705263157894,2.819239052735013,104.72,125.123,4.882052631578946,55,0.9742784925079399,Normal
RAI,Ferrari,25,105.265,Soft,3,2,1,29.8,65.8,False,True,28.411,40.902,35.952,3.3599999999999994,True,5.0,106.79471929824561,2.8221106320978113,104.715,124.271,4.889719298245613,55,0.9742547687805684,Normal
ALO,McLaren,25,107.376,ULTRASOFT,24,1,1,29.8,65.8,False,True,29.169,41.689,36.518,5.471000000000004,True,7.0,107.60368421052631,3.374050952055656,103.164,127.447,5.698684210526316,55,0.9695970462263203,Normal
SAI,Renault,25,107.232,ULTRASOFT,24,1,1,29.8,65.8,False,True,29.164,41.523,36.545,5.326999999999998,True,8.0,108.05371428571428,3.160885662504825,105.211,126.917,6.148714285714285,54,0.9715785008085582,Normal
GAS,Toro Rosso,25,108.986,HYPERSOFT,24,1,1,29.8,65.6,False,True,29.488,42.364,37.134,7.081000000000003,True,13.0,108.94708928571428,3.3634377990750313,106.063,125.254,7.042089285714285,52,0.9700523371550398,Normal
LEC,Sauber,25,108.854,ULTRASOFT,24,1,1,29.8,65.6,False,True,29.14,42.464,37.25,6.948999999999998,True,9.0,108.28051785714285,2.9728195370179042,105.203,125.53,6.375517857142856,54,0.9732788282432779,Normal
ERI,Sauber,25,109.179,ULTRASOFT,24,1,1,29.8,65.6,False,True,29.331,42.0,37.848,7.274000000000001,True,11.0,108.76155357142856,3.031554560225394,105.169,125.409,6.85655357142857,53,0.9728824557176167,Normal
MAG,Haas F1 Team,25,108.777,ULTRASOFT,24,1,1,29.8,65.6,False,True,29.495,42.122,37.16,6.872,True,18.0,109.89536363636364,4.782731577958495,101.905,127.022,7.990363636363635,47,0.9582942882943771,Normal
VAN,McLaren,25,108.668,ULTRASOFT,24,1,1,29.8,65.6,False,True,29.435,41.918,37.315,6.763000000000005,True,12.0,109.45484210526317,6.247945167325788,105.555,149.971,7.549842105263157,54,0.9460000461993539,Normal
STR,Williams,25,108.831,Soft,24,1,1,29.8,65.6,False,True,29.566,42.166,37.099,6.926000000000002,True,14.0,109.61347368421052,6.0097040428236435,106.033,147.976,7.708473684210525,54,0.9480233620891177,Normal
SIR,Williams,25,109.057,Soft,22,2,1,29.8,65.6,False,True,29.514,42.296,37.247,7.152000000000001,True,19.0,111.56807142857143,6.058613684385513,105.902,144.95,9.663071428571428,43,0.9484928638551071,Normal
PER,Racing Point,25,109.248,ULTRASOFT,8,2,1,29.8,65.6,False,True,29.326,42.113,37.809,7.3430000000000035,True,16.0,109.45364285714287,5.274186160152864,105.389,129.117,7.548642857142856,50,0.954028711208701,Normal
HUL,Renault,25,108.125,ULTRASOFT,10,2,1,29.8,65.6,False,True,29.339,41.765,37.021,6.219999999999999,True,10.0,108.54183928571429,3.17228234314198,106.093,127.551,6.636839285714285,54,0.9716035690305909,Normal
GRO,Haas F1 Team,25,108.381,Soft,9,2,1,29.8,65.6,False,True,29.204,42.361,36.816,6.475999999999999,True,15.0,108.95883928571428,3.4731910283132765,105.904,128.416,7.053839285714284,52,0.9691085270041597,Normal
HAR,Toro Rosso,25,108.003,ULTRASOFT,11,2,1,29.8,65.6,False,True,29.405,41.702,36.896,6.097999999999999,True,17.0,109.60730357142857,4.3240277264254585,104.889,127.12,7.702303571428571,49,0.9620470710105106,Normal
RIC,Red Bull Racing,26,106.228,HYPERSOFT,28,1,1,29.8,65.6,False,True,28.863,41.188,36.177,4.322999999999993,True,6.0,106.79677192982456,3.395077182046841,103.12,128.039,4.89177192982456,55,0.9691893982230935,Normal
HAM,Mercedes,26,105.767,Soft,11,2,1,29.8,65.6,False,True,28.813,41.123,35.831,3.8619999999999948,True,1.0,105.91582456140351,3.3022061084913172,102.913,127.051,4.010824561403508,55,0.9697650096029286,Normal
VER,Red Bull Racing,26,105.59,Soft,9,2,1,29.8,65.8,False,True,28.638,40.784,36.168,3.6850000000000023,True,2.0,106.04414035087719,3.095453056146541,103.345,125.658,4.139140350877192,55,0.9716376709907429,Normal
VET,Ferrari,26,105.469,ULTRASOFT,12,2,1,29.8,65.8,False,True,28.518,40.845,36.106,3.563999999999993,True,3.0,106.60156140350877,2.619846103833093,104.669,123.072,4.696561403508771,55,0.9760134376252476,Normal
BOT,Mercedes,26,105.812,Soft,10,2,1,29.8,65.8,False,True,28.615,40.998,36.199,3.9069999999999965,True,4.0,106.78705263157894,2.819239052735013,104.72,125.123,4.882052631578946,55,0.9742784925079399,Normal
RAI,Ferrari,26,105.58,Soft,4,2,1,29.8,65.8,False,True,28.432,40.886,36.262,3.674999999999997,True,5.0,106.79471929824561,2.8221106320978113,104.715,124.271,4.889719298245613,55,0.9742547687805684,Normal
ALO,McLaren,26,106.882,ULTRASOFT,25,1,1,29.8,65.8,False,True,29.14,41.441,36.301,4.977000000000004,True,7.0,107.60368421052631,3.374050952055656,103.164,127.447,5.698684210526316,55,0.9695970462263203,Normal
SAI,Renault,26,107.314,ULTRASOFT,25,1,1,29.8,65.8,False,True,29.122,41.498,36.694,5.408999999999992,True,8.0,108.05371428571428,3.160885662504825,105.211,126.917,6.148714285714285,54,0.9715785008085582,Normal
LEC,Sauber,26,110.972,ULTRASOFT,25,1,1,29.8,65.8,False,True,29.307,43.907,37.758,9.066999999999993,True,9.0,108.28051785714285,2.9728195370179042,105.203,125.53,6.375517857142856,54,0.9732788282432779,Normal
ERI,Sauber,26,109.387,ULTRASOFT,25,1,1,29.8,65.8,False,True,29.407,42.004,37.976,7.481999999999999,True,11.0,108.76155357142856,3.031554560225394,105.169,125.409,6.85655357142857,53,0.9728824557176167,Normal
VAN,McLaren,26,109.303,ULTRASOFT,25,1,1,29.8,65.8,False,True,29.469,42.306,37.528,7.397999999999996,True,12.0,109.45484210526317,6.247945167325788,105.555,149.971,7.549842105263157,54,0.9460000461993539,Normal
STR,Williams,26,108.893,Soft,25,1,1,29.8,65.8,False,True,29.564,42.215,37.114,6.9879999999999995,True,14.0,109.61347368421052,6.0097040428236435,106.033,147.976,7.708473684210525,54,0.9480233620891177,Normal
GAS,Toro Rosso,26,121.26,HYPERSOFT,25,1,1,29.8,65.8,False,True,29.649,44.354,47.257,19.355000000000004,False,13.0,108.94708928571428,3.3634377990750313,106.063,125.254,7.042089285714285,52,0.9700523371550398,Outlier
SIR,Williams,26,108.803,Soft,23,2,1,29.8,65.8,False,True,29.367,42.381,37.055,6.897999999999996,True,19.0,111.56807142857143,6.058613684385513,105.902,144.95,9.663071428571428,43,0.9484928638551071,Normal
MAG,Haas F1 Team,26,117.382,ULTRASOFT,25,1,1,29.8,65.8,False,True,29.601,42.396,45.385,15.477000000000004,False,18.0,109.89536363636364,4.782731577958495,101.905,127.022,7.990363636363635,47,0.9582942882943771,Outlier
PER,Racing Point,26,108.668,ULTRASOFT,9,2,1,29.8,65.8,False,True,29.318,42.004,37.346,6.763000000000005,True,16.0,109.45364285714287,5.274186160152864,105.389,129.117,7.548642857142856,50,0.954028711208701,Normal
HUL,Renault,26,108.0,ULTRASOFT,11,2,1,29.8,65.8,False,True,29.205,41.737,37.058,6.094999999999999,True,10.0,108.54183928571429,3.17228234314198,106.093,127.551,6.636839285714285,54,0.9716035690305909,Normal
GRO,Haas F1 Team,26,107.919,Soft,10,2,1,29.8,65.8,False,True,29.05,41.835,37.034,6.013999999999996,True,15.0,108.95883928571428,3.4731910283132765,105.904,128.416,7.053839285714284,52,0.9691085270041597,Normal
HAR,Toro Rosso,26,108.158,ULTRASOFT,12,2,1,29.8,65.8,False,True,29.378,41.897,36.883,6.253,True,17.0,109.60730357142857,4.3240277264254585,104.889,127.12,7.702303571428571,49,0.9620470710105106,Normal
HAM,Mercedes,27,105.103,Soft,12,2,1,29.8,65.8,False,True,28.678,40.596,35.829,3.1979999999999933,True,1.0,105.91582456140351,3.3022061084913172,102.913,127.051,4.010824561403508,55,0.9697650096029286,Normal
RIC,Red Bull Racing,27,114.89,HYPERSOFT,29,1,1,29.8,65.8,False,True,29.003,41.502,44.385,12.985,False,6.0,106.79677192982456,3.395077182046841,103.12,128.039,4.89177192982456,55,0.9691893982230935,Outlier
VER,Red Bull Racing,27,105.505,Soft,10,2,1,29.8,65.8,False,True,28.71,40.701,36.094,3.5999999999999943,True,2.0,106.04414035087719,3.095453056146541,103.345,125.658,4.139140350877192,55,0.9716376709907429,Normal
VET,Ferrari,27,105.327,ULTRASOFT,13,2,1,29.8,65.8,False,True,28.44,40.888,35.999,3.421999999999997,True,3.0,106.60156140350877,2.619846103833093,104.669,123.072,4.696561403508771,55,0.9760134376252476,Normal
BOT,Mercedes,27,105.464,Soft,11,2,1,29.8,65.8,False,True,28.823,40.892,35.749,3.5589999999999975,True,4.0,106.78705263157894,2.819239052735013,104.72,125.123,4.882052631578946,55,0.9742784925079399,Normal
RAI,Ferrari,27,105.654,Soft,5,2,1,29.8,65.8,False,True,28.448,41.02,36.186,3.7489999999999952,True,5.0,106.79471929824561,2.8221106320978113,104.715,124.271,4.889719298245613,55,0.9742547687805684,Normal
ALO,McLaren,27,106.796,ULTRASOFT,26,1,1,29.9,65.8,False,True,29.155,41.267,36.374,4.891000000000005,True,7.0,107.60368421052631,3.374050952055656,103.164,127.447,5.698684210526316,55,0.9695970462263203,Normal
SAI,Renault,27,107.158,ULTRASOFT,26,1,1,29.9,65.8,False,True,29.165,41.395,36.598,5.253,True,8.0,108.05371428571428,3.160885662504825,105.211,126.917,6.148714285714285,54,0.9715785008085582,Normal
LEC,Sauber,27,107.219,ULTRASOFT,26,1,1,29.9,65.8,False,True,29.29,41.487,36.442,5.313999999999993,True,9.0,108.28051785714285,2.9728195370179042,105.203,125.53,6.375517857142856,54,0.9732788282432779,Normal
ERI,Sauber,27,107.903,ULTRASOFT,26,1,1,29.9,65.8,False,True,29.197,41.625,37.081,5.998000000000005,True,11.0,108.76155357142856,3.031554560225394,105.169,125.409,6.85655357142857,53,0.9728824557176167,Normal
VAN,McLaren,27,108.204,ULTRASOFT,26,1,1,29.9,65.8,False,True,29.378,41.842,36.984,6.298999999999992,True,12.0,109.45484210526317,6.247945167325788,105.555,149.971,7.549842105263157,54,0.9460000461993539,Normal
STR,Williams,27,108.849,Soft,26,1,1,29.9,65.8,False,True,29.563,42.233,37.053,6.944000000000003,True,14.0,109.61347368421052,6.0097040428236435,106.033,147.976,7.708473684210525,54,0.9480233620891177,Normal
SIR,Williams,27,108.752,Soft,24,2,1,29.9,65.8,False,True,29.394,42.192,37.166,6.846999999999994,True,19.0,111.56807142857143,6.058613684385513,105.902,144.95,9.663071428571428,43,0.9484928638551071,Normal
PER,Racing Point,27,108.598,ULTRASOFT,10,2,1,29.9,65.8,False,True,29.206,42.065,37.327,6.692999999999998,True,16.0,109.45364285714287,5.274186160152864,105.389,129.117,7.548642857142856,50,0.954028711208701,Normal
HUL,Renault,27,108.447,ULTRASOFT,12,2,1,29.9,65.8,False,True,29.164,41.961,37.322,6.542000000000002,True,10.0,108.54183928571429,3.17228234314198,106.093,127.551,6.636839285714285,54,0.9716035690305909,Normal
GRO,Haas F1 Team,27,108.555,Soft,11,2,1,29.9,65.8,False,True,29.185,42.307,37.063,6.650000000000006,True,15.0,108.95883928571428,3.4731910283132765,105.904,128.416,7.053839285714284,52,0.9691085270041597,Normal
HAR,Toro Rosso,27,108.2,ULTRASOFT,13,2,1,29.9,65.8,False,True,29.466,41.706,37.028,6.295000000000002,True,17.0,109.60730357142857,4.3240277264254585,104.889,127.12,7.702303571428571,49,0.9620470710105106,Normal
GAS,Toro Rosso,27,125.254,ULTRASOFT,1,2,1,29.9,66.2,False,True,48.674,40.746,35.834,23.349000000000004,False,13.0,108.94708928571428,3.3634377990750313,106.063,125.254,7.042089285714285,52,0.9700523371550398,Outlier
MAG,Haas F1 Team,27,125.653,Soft,1,2,1,29.9,66.2,False,True,49.064,40.709,35.88,23.748000000000005,False,18.0,109.89536363636364,4.782731577958495,101.905,127.022,7.990363636363635,47,0.9582942882943771,Outlier
HAM,Mercedes,28,105.864,Soft,13,2,1,29.9,66.2,False,True,28.828,40.964,36.072,3.959000000000003,True,1.0,105.91582456140351,3.3022061084913172,102.913,127.051,4.010824561403508,55,0.9697650096029286,Normal
VER,Red Bull Racing,28,105.251,Soft,11,2,1,29.9,66.2,False,True,28.548,40.715,35.988,3.3460000000000036,True,2.0,106.04414035087719,3.095453056146541,103.345,125.658,4.139140350877192,55,0.9716376709907429,Normal
VET,Ferrari,28,105.644,ULTRASOFT,14,2,1,29.9,66.2,False,True,28.493,40.919,36.232,3.7390000000000043,True,3.0,106.60156140350877,2.619846103833093,104.669,123.072,4.696561403508771,55,0.9760134376252476,Normal
BOT,Mercedes,28,105.675,Soft,12,2,1,29.9,66.2,False,True,28.65,40.92,36.105,3.769999999999996,True,4.0,106.78705263157894,2.819239052735013,104.72,125.123,4.882052631578946,55,0.9742784925079399,Normal
RAI,Ferrari,28,105.384,Soft,6,2,1,29.9,66.2,False,True,28.405,40.997,35.982,3.478999999999999,True,5.0,106.79471929824561,2.8221106320978113,104.715,124.271,4.889719298245613,55,0.9742547687805684,Normal
RIC,Red Bull Racing,28,128.039,ULTRASOFT,1,2,1,29.9,66.2,False,True,49.488,41.811,36.74,26.133999999999986,False,6.0,106.79677192982456,3.395077182046841,103.12,128.039,4.89177192982456,55,0.9691893982230935,Outlier
ALO,McLaren,28,107.146,ULTRASOFT,27,1,1,29.8,66.4,False,True,29.055,41.526,36.565,5.241,True,7.0,107.60368421052631,3.374050952055656,103.164,127.447,5.698684210526316,55,0.9695970462263203,Normal
SAI,Renault,28,107.027,ULTRASOFT,27,1,1,29.8,66.4,False,True,29.229,41.397,36.401,5.122,True,8.0,108.05371428571428,3.160885662504825,105.211,126.917,6.148714285714285,54,0.9715785008085582,Normal
LEC,Sauber,28,107.149,ULTRASOFT,27,1,1,29.8,66.4,False,True,29.063,41.4,36.686,5.244,True,9.0,108.28051785714285,2.9728195370179042,105.203,125.53,6.375517857142856,54,0.9732788282432779,Normal
ERI,Sauber,28,107.878,ULTRASOFT,27,1,1,29.8,66.4,False,True,29.146,41.68,37.052,5.972999999999999,True,11.0,108.76155357142856,3.031554560225394,105.169,125.409,6.85655357142857,53,0.9728824557176167,Normal
VAN,McLaren,28,108.224,ULTRASOFT,27,1,1,29.8,66.4,False,True,29.465,41.877,36.882,6.319000000000003,True,12.0,109.45484210526317,6.247945167325788,105.555,149.971,7.549842105263157,54,0.9460000461993539,Normal
STR,Williams,28,108.71,Soft,27,1,1,29.8,66.4,False,True,29.463,42.044,37.203,6.804999999999993,True,14.0,109.61347368421052,6.0097040428236435,106.033,147.976,7.708473684210525,54,0.9480233620891177,Normal
SIR,Williams,28,109.312,Soft,25,2,1,29.8,66.4,False,True,29.267,42.316,37.729,7.4069999999999965,True,19.0,111.56807142857143,6.058613684385513,105.902,144.95,9.663071428571428,43,0.9484928638551071,Normal
PER,Racing Point,28,109.199,ULTRASOFT,11,2,1,29.8,66.4,False,True,29.265,42.061,37.873,7.293999999999997,True,16.0,109.45364285714287,5.274186160152864,105.389,129.117,7.548642857142856,50,0.954028711208701,Normal
HUL,Renault,28,108.169,ULTRASOFT,13,2,1,29.8,66.4,False,True,29.183,41.821,37.165,6.263999999999996,True,10.0,108.54183928571429,3.17228234314198,106.093,127.551,6.636839285714285,54,0.9716035690305909,Normal
GRO,Haas F1 Team,28,109.053,Soft,12,2,1,29.8,66.4,False,True,29.299,42.5,37.254,7.147999999999996,True,15.0,108.95883928571428,3.4731910283132765,105.904,128.416,7.053839285714284,52,0.9691085270041597,Normal
HAR,Toro Rosso,28,108.429,ULTRASOFT,14,2,1,29.8,66.4,False,True,29.43,41.965,37.034,6.524000000000001,True,17.0,109.60730357142857,4.3240277264254585,104.889,127.12,7.702303571428571,49,0.9620470710105106,Normal
GAS,Toro Rosso,28,106.624,ULTRASOFT,2,2,1,29.8,66.4,False,True,29.437,41.17,36.017,4.718999999999994,True,13.0,108.94708928571428,3.3634377990750313,106.063,125.254,7.042089285714285,52,0.9700523371550398,Normal
MAG,Haas F1 Team,28,106.613,Soft,2,2,1,29.8,66.4,False,True,28.765,41.524,36.324,4.707999999999998,True,18.0,109.89536363636364,4.782731577958495,101.905,127.022,7.990363636363635,47,0.9582942882943771,Normal
HAM,Mercedes,29,105.238,Soft,14,2,1,29.9,66.2,False,True,28.609,40.778,35.851,3.3329999999999984,True,1.0,105.91582456140351,3.3022061084913172,102.913,127.051,4.010824561403508,55,0.9697650096029286,Normal
VER,Red Bull Racing,29,105.609,Soft,12,2,1,29.9,66.2,False,True,28.651,40.773,36.185,3.7039999999999935,True,2.0,106.04414035087719,3.095453056146541,103.345,125.658,4.139140350877192,55,0.9716376709907429,Normal
VET,Ferrari,29,105.605,ULTRASOFT,15,2,1,29.9,66.2,False,True,28.46,41.03,36.115,3.700000000000003,True,3.0,106.60156140350877,2.619846103833093,104.669,123.072,4.696561403508771,55,0.9760134376252476,Normal
BOT,Mercedes,29,105.684,Soft,13,2,1,29.9,66.2,False,True,28.716,40.916,36.052,3.7789999999999964,True,4.0,106.78705263157894,2.819239052735013,104.72,125.123,4.882052631578946,55,0.9742784925079399,Normal
RAI,Ferrari,29,105.795,Soft,7,2,1,29.9,66.2,False,True,28.367,41.018,36.41,3.8900000000000006,True,5.0,106.79471929824561,2.8221106320978113,104.715,124.271,4.889719298245613,55,0.9742547687805684,Normal
RIC,Red Bull Racing,29,107.541,ULTRASOFT,2,2,1,29.9,66.2,False,True,28.873,41.758,36.91,5.635999999999996,True,6.0,106.79677192982456,3.395077182046841,103.12,128.039,4.89177192982456,55,0.9691893982230935,Normal
ALO,McLaren,29,106.79,ULTRASOFT,28,1,1,29.9,66.2,False,True,29.057,41.434,36.299,4.885000000000005,True,7.0,107.60368421052631,3.374050952055656,103.164,127.447,5.698684210526316,55,0.9695970462263203,Normal
SAI,Renault,29,106.912,ULTRASOFT,28,1,1,29.9,66.2,False,True,29.115,41.386,36.411,5.007000000000005,True,8.0,108.05371428571428,3.160885662504825,105.211,126.917,6.148714285714285,54,0.9715785008085582,Normal
LEC,Sauber,29,106.697,ULTRASOFT,28,1,1,29.9,66.0,False,True,29.023,41.161,36.513,4.792000000000002,True,9.0,108.28051785714285,2.9728195370179042,105.203,125.53,6.375517857142856,54,0.9732788282432779,Normal
ERI,Sauber,29,107.343,ULTRASOFT,28,1,1,29.9,66.0,False,True,29.172,41.461,36.71,5.438000000000002,True,11.0,108.76155357142856,3.031554560225394,105.169,125.409,6.85655357142857,53,0.9728824557176167,Normal
VAN,McLaren,29,108.159,ULTRASOFT,28,1,1,29.9,66.0,False,True,29.464,41.85,36.845,6.254000000000005,True,12.0,109.45484210526317,6.247945167325788,105.555,149.971,7.549842105263157,54,0.9460000461993539,Normal
STR,Williams,29,108.649,Soft,28,1,1,29.9,66.0,False,True,29.559,42.133,36.957,6.744,True,14.0,109.61347368421052,6.0097040428236435,106.033,147.976,7.708473684210525,54,0.9480233620891177,Normal
SIR,Williams,29,109.452,Soft,26,2,1,29.9,66.0,False,True,29.521,42.645,37.286,7.546999999999997,True,19.0,111.56807142857143,6.058613684385513,105.902,144.95,9.663071428571428,43,0.9484928638551071,Normal
PER,Racing Point,29,109.595,ULTRASOFT,12,2,1,29.9,66.0,False,True,29.499,42.612,37.484,7.689999999999998,True,16.0,109.45364285714287,5.274186160152864,105.389,129.117,7.548642857142856,50,0.954028711208701,Normal
HUL,Renault,29,109.218,ULTRASOFT,14,2,1,29.9,66.0,False,True,29.316,42.022,37.88,7.313000000000002,True,10.0,108.54183928571429,3.17228234314198,106.093,127.551,6.636839285714285,54,0.9716035690305909,Normal
GRO,Haas F1 Team,29,108.315,Soft,13,2,1,29.9,66.0,False,True,29.286,41.949,37.08,6.409999999999997,True,15.0,108.95883928571428,3.4731910283132765,105.904,128.416,7.053839285714284,52,0.9691085270041597,Normal
HAR,Toro Rosso,29,108.552,ULTRASOFT,15,2,1,29.9,66.0,False,True,29.365,41.979,37.208,6.647000000000006,True,17.0,109.60730357142857,4.3240277264254585,104.889,127.12,7.702303571428571,49,0.9620470710105106,Normal
GAS,Toro Rosso,29,106.627,ULTRASOFT,3,2,1,29.9,66.0,False,True,29.169,41.35,36.108,4.721999999999994,True,13.0,108.94708928571428,3.3634377990750313,106.063,125.254,7.042089285714285,52,0.9700523371550398,Normal
MAG,Haas F1 Team,29,106.309,Soft,3,2,1,29.9,66.0,False,True,28.877,41.126,36.306,4.403999999999996,True,18.0,109.89536363636364,4.782731577958495,101.905,127.022,7.990363636363635,47,0.9582942882943771,Normal
HAM,Mercedes,30,105.642,Soft,15,2,1,29.9,66.1,False,True,28.753,40.913,35.976,3.7369999999999948,True,1.0,105.91582456140351,3.3022061084913172,102.913,127.051,4.010824561403508,55,0.9697650096029286,Normal
VER,Red Bull Racing,30,105.239,Soft,13,2,1,29.9,66.1,False,True,28.7,40.699,35.84,3.334000000000003,True,2.0,106.04414035087719,3.095453056146541,103.345,125.658,4.139140350877192,55,0.9716376709907429,Normal
VET,Ferrari,30,105.951,ULTRASOFT,16,2,1,29.9,66.1,False,True,28.672,41.127,36.152,4.045999999999992,True,3.0,106.60156140350877,2.619846103833093,104.669,123.072,4.696561403508771,55,0.9760134376252476,Normal
BOT,Mercedes,30,105.813,Soft,14,2,1,29.9,66.1,False,True,28.734,41.098,35.981,3.9080000000000013,True,4.0,106.78705263157894,2.819239052735013,104.72,125.123,4.882052631578946,55,0.9742784925079399,Normal
RAI,Ferrari,30,105.396,Soft,8,2,1,29.9,66.1,False,True,28.475,40.91,36.011,3.4909999999999997,True,5.0,106.79471929824561,2.8221106320978113,104.715,124.271,4.889719298245613,55,0.9742547687805684,Normal
RIC,Red Bull Racing,30,105.788,ULTRASOFT,3,2,1,29.9,66.1,False,True,28.823,41.077,35.888,3.8829999999999956,True,6.0,106.79677192982456,3.395077182046841,103.12,128.039,4.89177192982456,55,0.9691893982230935,Normal
ALO,McLaren,30,107.202,ULTRASOFT,29,1,1,29.9,66.1,False,True,29.173,41.528,36.501,5.296999999999997,True,7.0,107.60368421052631,3.374050952055656,103.164,127.447,5.698684210526316,55,0.9695970462263203,Normal
SAI,Renault,30,107.105,ULTRASOFT,29,1,1,29.9,66.1,False,True,29.135,41.471,36.499,5.200000000000003,True,8.0,108.05371428571428,3.160885662504825,105.211,126.917,6.148714285714285,54,0.9715785008085582,Normal
LEC,Sauber,30,106.438,ULTRASOFT,29,1,1,29.9,66.1,False,True,28.906,41.174,36.358,4.533000000000001,True,9.0,108.28051785714285,2.9728195370179042,105.203,125.53,6.375517857142856,54,0.9732788282432779,Normal
ERI,Sauber,30,107.467,ULTRASOFT,29,1,1,29.8,66.4,False,True,29.096,41.503,36.868,5.561999999999998,True,11.0,108.76155357142856,3.031554560225394,105.169,125.409,6.85655357142857,53,0.9728824557176167,Normal
VAN,McLaren,30,108.475,ULTRASOFT,29,1,1,29.8,66.4,False,True,29.466,42.084,36.925,6.569999999999993,True,12.0,109.45484210526317,6.247945167325788,105.555,149.971,7.549842105263157,54,0.9460000461993539,Normal
STR,Williams,30,108.897,Soft,29,1,1,29.8,66.4,False,True,29.595,42.261,37.041,6.992000000000004,True,14.0,109.61347368421052,6.0097040428236435,106.033,147.976,7.708473684210525,54,0.9480233620891177,Normal
SIR,Williams,30,108.335,Soft,27,2,1,29.8,66.4,False,True,29.276,42.085,36.974,6.429999999999993,True,19.0,111.56807142857143,6.058613684385513,105.902,144.95,9.663071428571428,43,0.9484928638551071,Normal
PER,Racing Point,30,108.464,ULTRASOFT,13,2,1,29.8,66.4,False,True,29.186,42.02,37.258,6.5589999999999975,True,16.0,109.45364285714287,5.274186160152864,105.389,129.117,7.548642857142856,50,0.954028711208701,Normal
HUL,Renault,30,108.262,ULTRASOFT,15,2,1,29.8,66.4,False,True,29.181,42.046,37.035,6.356999999999999,True,10.0,108.54183928571429,3.17228234314198,106.093,127.551,6.636839285714285,54,0.9716035690305909,Normal
GRO,Haas F1 Team,30,108.4,Soft,14,2,1,29.8,66.4,False,True,29.198,42.118,37.084,6.4950000000000045,True,15.0,108.95883928571428,3.4731910283132765,105.904,128.416,7.053839285714284,52,0.9691085270041597,Normal
HAR,Toro Rosso,30,108.186,ULTRASOFT,16,2,1,29.8,66.4,False,True,29.346,41.787,37.053,6.281000000000006,True,17.0,109.60730357142857,4.3240277264254585,104.889,127.12,7.702303571428571,49,0.9620470710105106,Normal
GAS,Toro Rosso,30,107.156,ULTRASOFT,4,2,1,29.8,66.4,False,True,29.15,41.384,36.622,5.251000000000005,True,13.0,108.94708928571428,3.3634377990750313,106.063,125.254,7.042089285714285,52,0.9700523371550398,Normal
MAG,Haas F1 Team,30,106.569,Soft,4,2,1,29.8,66.4,False,True,28.899,41.243,36.427,4.6640000000000015,True,18.0,109.89536363636364,4.782731577958495,101.905,127.022,7.990363636363635,47,0.9582942882943771,Normal
HAM,Mercedes,31,104.933,Soft,16,2,1,29.8,66.4,False,True,28.732,40.525,35.676,3.028000000000006,True,1.0,105.91582456140351,3.3022061084913172,102.913,127.051,4.010824561403508,55,0.9697650096029286,Normal
VER,Red Bull Racing,31,105.542,Soft,14,2,1,29.8,66.4,False,True,28.682,40.904,35.956,3.6370000000000005,True,2.0,106.04414035087719,3.095453056146541,103.345,125.658,4.139140350877192,55,0.9716376709907429,Normal
VET,Ferrari,31,105.556,ULTRASOFT,17,2,1,29.8,66.4,False,True,28.502,41.097,35.957,3.6509999999999962,True,3.0,106.60156140350877,2.619846103833093,104.669,123.072,4.696561403508771,55,0.9760134376252476,Normal
BOT,Mercedes,31,105.464,Soft,15,2,1,29.8,66.4,False,True,28.668,40.894,35.902,3.5589999999999975,True,4.0,106.78705263157894,2.819239052735013,104.72,125.123,4.882052631578946,55,0.9742784925079399,Normal
RAI,Ferrari,31,105.556,Soft,9,2,1,29.8,66.5,False,True,28.542,40.891,36.123,3.6509999999999962,True,5.0,106.79471929824561,2.8221106320978113,104.715,124.271,4.889719298245613,55,0.9742547687805684,Normal
RIC,Red Bull Racing,31,105.603,ULTRASOFT,4,2,1,29.8,66.5,False,True,28.732,40.954,35.917,3.6979999999999933,True,6.0,106.79677192982456,3.395077182046841,103.12,128.039,4.89177192982456,55,0.9691893982230935,Normal
ALO,McLaren,31,106.805,ULTRASOFT,30,1,1,29.8,66.5,False,True,29.115,41.429,36.261,4.900000000000006,True,7.0,107.60368421052631,3.374050952055656,103.164,127.447,5.698684210526316,55,0.9695970462263203,Normal
SAI,Renault,31,107.051,ULTRASOFT,30,1,1,29.8,66.5,False,True,29.146,41.433,36.472,5.146000000000001,True,8.0,108.05371428571428,3.160885662504825,105.211,126.917,6.148714285714285,54,0.9715785008085582,Normal
LEC,Sauber,31,106.461,ULTRASOFT,30,1,1,29.8,66.5,False,True,28.946,41.053,36.462,4.555999999999997,True,9.0,108.28051785714285,2.9728195370179042,105.203,125.53,6.375517857142856,54,0.9732788282432779,Normal
ERI,Sauber,31,107.013,ULTRASOFT,30,1,1,29.8,66.5,False,True,29.038,41.291,36.684,5.108000000000004,True,11.0,108.76155357142856,3.031554560225394,105.169,125.409,6.85655357142857,53,0.9728824557176167,Normal
VAN,McLaren,31,107.8,ULTRASOFT,30,1,1,29.8,66.5,False,True,29.339,41.724,36.737,5.894999999999996,True,12.0,109.45484210526317,6.247945167325788,105.555,149.971,7.549842105263157,54,0.9460000461993539,Normal
STR,Williams,31,108.581,Soft,30,1,1,29.8,66.6,False,True,29.445,42.155,36.981,6.676000000000002,True,14.0,109.61347368421052,6.0097040428236435,106.033,147.976,7.708473684210525,54,0.9480233620891177,Normal
SIR,Williams,31,108.581,Soft,28,2,1,29.8,66.6,False,True,29.292,42.063,37.226,6.676000000000002,True,19.0,111.56807142857143,6.058613684385513,105.902,144.95,9.663071428571428,43,0.9484928638551071,Normal
PER,Racing Point,31,108.561,ULTRASOFT,14,2,1,29.8,66.6,False,True,29.102,41.907,37.552,6.656000000000006,True,16.0,109.45364285714287,5.274186160152864,105.389,129.117,7.548642857142856,50,0.954028711208701,Normal
HUL,Renault,31,108.338,ULTRASOFT,16,2,1,29.8,66.6,False,True,29.207,41.951,37.18,6.432999999999993,True,10.0,108.54183928571429,3.17228234314198,106.093,127.551,6.636839285714285,54,0.9716035690305909,Normal
GRO,Haas F1 Team,31,108.385,Soft,15,2,1,29.8,66.6,False,True,29.297,41.934,37.154,6.480000000000004,True,15.0,108.95883928571428,3.4731910283132765,105.904,128.416,7.053839285714284,52,0.9691085270041597,Normal
HAR,Toro Rosso,31,108.023,ULTRASOFT,17,2,1,29.8,66.6,False,True,29.495,41.739,36.789,6.117999999999995,True,17.0,109.60730357142857,4.3240277264254585,104.889,127.12,7.702303571428571,49,0.9620470710105106,Normal
GAS,Toro Rosso,31,107.076,ULTRASOFT,5,2,1,29.8,66.6,False,True,29.118,41.403,36.555,5.170999999999992,True,13.0,108.94708928571428,3.3634377990750313,106.063,125.254,7.042089285714285,52,0.9700523371550398,Normal
MAG,Haas F1 Team,31,106.77,Soft,5,2,1,29.8,66.6,False,True,28.947,41.372,36.451,4.864999999999995,True,18.0,109.89536363636364,4.782731577958495,101.905,127.022,7.990363636363635,47,0.9582942882943771,Normal
HAM,Mercedes,32,105.304,Soft,17,2,1,29.8,66.6,False,True,28.708,40.871,35.725,3.399000000000001,True,1.0,105.91582456140351,3.3022061084913172,102.913,127.051,4.010824561403508,55,0.9697650096029286,Normal
VER,Red Bull Racing,32,105.234,Soft,15,2,1,29.8,66.6,False,True,28.528,40.541,36.165,3.3289999999999935,True,2.0,106.04414035087719,3.095453056146541,103.345,125.658,4.139140350877192,55,0.9716376709907429,Normal
VET,Ferrari,32,105.602,ULTRASOFT,18,2,1,29.8,66.6,False,True,28.568,41.037,35.997,3.6970000000000027,True,3.0,106.60156140350877,2.619846103833093,104.669,123.072,4.696561403508771,55,0.9760134376252476,Normal
BOT,Mercedes,32,105.637,Soft,16,2,1,29.8,66.6,False,True,28.764,40.993,35.88,3.7319999999999993,True,4.0,106.78705263157894,2.819239052735013,104.72,125.123,4.882052631578946,55,0.9742784925079399,Normal
RAI,Ferrari,32,106.095,Soft,10,2,1,29.8,66.6,False,True,28.56,41.254,36.281,4.189999999999998,True,5.0,106.79471929824561,2.8221106320978113,104.715,124.271,4.889719298245613,55,0.9742547687805684,Normal
RIC,Red Bull Racing,32,105.274,ULTRASOFT,5,2,1,29.8,66.6,False,True,28.655,40.787,35.832,3.3689999999999998,True,6.0,106.79677192982456,3.395077182046841,103.12,128.039,4.89177192982456,55,0.9691893982230935,Normal
ALO,McLaren,32,106.893,ULTRASOFT,31,1,1,29.8,66.9,False,True,29.067,41.331,36.495,4.9879999999999995,True,7.0,107.60368421052631,3.374050952055656,103.164,127.447,5.698684210526316,55,0.9695970462263203,Normal
SAI,Renault,32,107.023,ULTRASOFT,31,1,1,29.8,66.9,False,True,29.125,41.355,36.543,5.117999999999995,True,8.0,108.05371428571428,3.160885662504825,105.211,126.917,6.148714285714285,54,0.9715785008085582,Normal
LEC,Sauber,32,106.963,ULTRASOFT,31,1,1,29.8,66.9,False,True,28.958,41.243,36.762,5.057999999999993,True,9.0,108.28051785714285,2.9728195370179042,105.203,125.53,6.375517857142856,54,0.9732788282432779,Normal
ERI,Sauber,32,107.79,ULTRASOFT,31,1,1,29.8,66.9,False,True,29.304,41.697,36.789,5.885000000000005,True,11.0,108.76155357142856,3.031554560225394,105.169,125.409,6.85655357142857,53,0.9728824557176167,Normal
VAN,McLaren,32,107.884,ULTRASOFT,31,1,1,29.8,66.9,False,True,29.312,41.889,36.683,5.978999999999999,True,12.0,109.45484210526317,6.247945167325788,105.555,149.971,7.549842105263157,54,0.9460000461993539,Normal
STR,Williams,32,108.881,Soft,31,1,1,29.8,66.9,False,True,29.556,42.135,37.19,6.975999999999999,True,14.0,109.61347368421052,6.0097040428236435,106.033,147.976,7.708473684210525,54,0.9480233620891177,Normal
SIR,Williams,32,108.538,Soft,29,2,1,29.8,66.9,False,True,29.38,42.25,36.908,6.632999999999996,True,19.0,111.56807142857143,6.058613684385513,105.902,144.95,9.663071428571428,43,0.9484928638551071,Normal
PER,Racing Point,32,108.498,ULTRASOFT,15,2,1,29.8,66.9,False,True,29.063,42.334,37.101,6.5930000000000035,True,16.0,109.45364285714287,5.274186160152864,105.389,129.117,7.548642857142856,50,0.954028711208701,Normal
HUL,Renault,32,108.407,ULTRASOFT,17,2,1,29.8,66.9,False,True,29.035,42.298,37.074,6.501999999999995,True,10.0,108.54183928571429,3.17228234314198,106.093,127.551,6.636839285714285,54,0.9716035690305909,Normal
GRO,Haas F1 Team,32,108.432,Soft,16,2,1,29.8,66.9,False,True,29.3,42.08,37.052,6.527000000000001,True,15.0,108.95883928571428,3.4731910283132765,105.904,128.416,7.053839285714284,52,0.9691085270041597,Normal
HAR,Toro Rosso,32,108.706,ULTRASOFT,18,2,1,29.9,66.5,False,True,29.362,42.063,37.281,6.801000000000002,True,17.0,109.60730357142857,4.3240277264254585,104.889,127.12,7.702303571428571,49,0.9620470710105106,Normal
GAS,Toro Rosso,32,107.541,ULTRASOFT,6,2,1,29.9,66.5,False,True,29.1,41.444,36.997,5.635999999999996,True,13.0,108.94708928571428,3.3634377990750313,106.063,125.254,7.042089285714285,52,0.9700523371550398,Normal
MAG,Haas F1 Team,32,107.449,Soft,6,2,1,29.9,66.5,False,True,29.044,41.701,36.704,5.543999999999997,True,18.0,109.89536363636364,4.782731577958495,101.905,127.022,7.990363636363635,47,0.9582942882943771,Normal
HAM,Mercedes,33,105.121,Soft,18,2,1,29.9,66.5,False,True,28.661,40.643,35.817,3.215999999999994,True,1.0,105.91582456140351,3.3022061084913172,102.913,127.051,4.010824561403508,55,0.9697650096029286,Normal
VER,Red Bull Racing,33,105.102,Soft,16,2,1,29.9,66.5,False,True,28.58,40.631,35.891,3.1970000000000027,True,2.0,106.04414035087719,3.095453056146541,103.345,125.658,4.139140350877192,55,0.9716376709907429,Normal
VET,Ferrari,33,105.633,ULTRASOFT,19,2,1,29.9,66.5,False,True,28.565,40.952,36.116,3.7279999999999944,True,3.0,106.60156140350877,2.619846103833093,104.669,123.072,4.696561403508771,55,0.9760134376252476,Normal
BOT,Mercedes,33,105.452,Soft,17,2,1,29.9,66.5,False,True,28.698,40.802,35.952,3.546999999999997,True,4.0,106.78705263157894,2.819239052735013,104.72,125.123,4.882052631578946,55,0.9742784925079399,Normal
RAI,Ferrari,33,105.591,Soft,11,2,1,29.9,66.5,False,True,28.425,40.991,36.175,3.685999999999993,True,5.0,106.79471929824561,2.8221106320978113,104.715,124.271,4.889719298245613,55,0.9742547687805684,Normal
RIC,Red Bull Racing,33,105.023,ULTRASOFT,6,2,1,29.9,66.5,False,True,28.647,40.648,35.728,3.117999999999995,True,6.0,106.79677192982456,3.395077182046841,103.12,128.039,4.89177192982456,55,0.9691893982230935,Normal
ALO,McLaren,33,106.699,ULTRASOFT,32,1,1,29.9,66.5,False,True,29.136,41.348,36.215,4.793999999999997,True,7.0,107.60368421052631,3.374050952055656,103.164,127.447,5.698684210526316,55,0.9695970462263203,Normal
SAI,Renault,33,107.305,ULTRASOFT,32,1,1,29.9,67.2,False,True,29.174,41.559,36.572,5.400000000000006,True,8.0,108.05371428571428,3.160885662504825,105.211,126.917,6.148714285714285,54,0.9715785008085582,Normal
LEC,Sauber,33,107.114,ULTRASOFT,32,1,1,29.9,67.2,False,True,29.15,41.482,36.482,5.209000000000003,True,9.0,108.28051785714285,2.9728195370179042,105.203,125.53,6.375517857142856,54,0.9732788282432779,Normal
ERI,Sauber,33,107.298,ULTRASOFT,32,1,1,29.9,67.2,False,True,29.065,41.418,36.815,5.393000000000001,True,11.0,108.76155357142856,3.031554560225394,105.169,125.409,6.85655357142857,53,0.9728824557176167,Normal
VAN,McLaren,33,107.883,ULTRASOFT,32,1,1,29.9,67.2,False,True,29.383,41.743,36.757,5.977999999999994,True,12.0,109.45484210526317,6.247945167325788,105.555,149.971,7.549842105263157,54,0.9460000461993539,Normal
STR,Williams,33,108.69,Soft,32,1,1,29.9,67.2,False,True,29.411,42.073,37.206,6.784999999999997,True,14.0,109.61347368421052,6.0097040428236435,106.033,147.976,7.708473684210525,54,0.9480233620891177,Normal
SIR,Williams,33,110.971,Soft,30,2,1,29.9,67.2,False,True,29.297,42.237,39.437,9.066000000000003,True,19.0,111.56807142857143,6.058613684385513,105.902,144.95,9.663071428571428,43,0.9484928638551071,Normal
HUL,Renault,33,109.705,ULTRASOFT,18,2,1,29.9,67.2,False,True,29.111,42.183,38.411,7.799999999999997,True,10.0,108.54183928571429,3.17228234314198,106.093,127.551,6.636839285714285,54,0.9716035690305909,Normal
GRO,Haas F1 Team,33,109.588,Soft,17,2,1,29.9,67.2,False,True,29.194,41.858,38.536,7.682999999999993,True,15.0,108.95883928571428,3.4731910283132765,105.904,128.416,7.053839285714284,52,0.9691085270041597,Normal
GAS,Toro Rosso,33,108.304,ULTRASOFT,7,2,1,29.9,67.2,False,True,29.036,41.761,37.507,6.399000000000001,True,13.0,108.94708928571428,3.3634377990750313,106.063,125.254,7.042089285714285,52,0.9700523371550398,Normal
HAR,Toro Rosso,33,110.51,ULTRASOFT,19,2,1,29.9,67.2,False,True,29.919,43.237,37.354,8.605000000000004,True,17.0,109.60730357142857,4.3240277264254585,104.889,127.12,7.702303571428571,49,0.9620470710105106,Normal
MAG,Haas F1 Team,33,109.343,Soft,7,2,1,29.9,67.2,False,True,29.293,42.586,37.464,7.438000000000002,True,18.0,109.89536363636364,4.782731577958495,101.905,127.022,7.990363636363635,47,0.9582942882943771,Normal
PER,Racing Point,33,125.587,ULTRASOFT,16,2,1,29.9,67.6,False,True,29.067,41.955,54.565,23.682000000000002,False,16.0,109.45364285714287,5.274186160152864,105.389,129.117,7.548642857142856,50,0.954028711208701,Outlier
HAM,Mercedes,34,105.432,Soft,19,2,1,29.9,67.6,False,True,28.742,40.73,35.96,3.527000000000001,True,1.0,105.91582456140351,3.3022061084913172,102.913,127.051,4.010824561403508,55,0.9697650096029286,Normal
VER,Red Bull Racing,34,105.184,Soft,17,2,1,29.9,67.6,False,True,28.561,40.475,36.148,3.2789999999999964,True,2.0,106.04414035087719,3.095453056146541,103.345,125.658,4.139140350877192,55,0.9716376709907429,Normal
VET,Ferrari,34,105.568,ULTRASOFT,20,2,1,29.9,67.6,False,True,28.458,41.127,35.983,3.6629999999999967,True,3.0,106.60156140350877,2.619846103833093,104.669,123.072,4.696561403508771,55,0.9760134376252476,Normal
BOT,Mercedes,34,105.721,Soft,18,2,1,29.9,67.6,False,True,28.671,40.873,36.177,3.8160000000000025,True,4.0,106.78705263157894,2.819239052735013,104.72,125.123,4.882052631578946,55,0.9742784925079399,Normal
RAI,Ferrari,34,105.303,Soft,12,2,1,29.9,67.6,False,True,28.49,40.813,36.0,3.397999999999996,True,5.0,106.79471929824561,2.8221106320978113,104.715,124.271,4.889719298245613,55,0.9742547687805684,Normal
RIC,Red Bull Racing,34,105.334,ULTRASOFT,7,2,1,29.9,67.6,False,True,28.727,40.732,35.875,3.429000000000002,True,6.0,106.79677192982456,3.395077182046841,103.12,128.039,4.89177192982456,55,0.9691893982230935,Normal
ALO,McLaren,34,107.143,ULTRASOFT,33,1,1,29.9,67.6,False,True,29.091,41.487,36.565,5.2379999999999995,True,7.0,107.60368421052631,3.374050952055656,103.164,127.447,5.698684210526316,55,0.9695970462263203,Normal
SAI,Renault,34,106.667,ULTRASOFT,33,1,1,29.9,67.6,False,True,29.013,41.404,36.25,4.7620000000000005,True,8.0,108.05371428571428,3.160885662504825,105.211,126.917,6.148714285714285,54,0.9715785008085582,Normal
LEC,Sauber,34,107.219,ULTRASOFT,33,1,1,29.8,67.2,False,True,29.044,41.494,36.681,5.313999999999993,True,9.0,108.28051785714285,2.9728195370179042,105.203,125.53,6.375517857142856,54,0.9732788282432779,Normal
ERI,Sauber,34,107.176,ULTRASOFT,33,1,1,29.8,67.2,False,True,29.02,41.536,36.62,5.271000000000001,True,11.0,108.76155357142856,3.031554560225394,105.169,125.409,6.85655357142857,53,0.9728824557176167,Normal
VAN,McLaren,34,107.836,ULTRASOFT,33,1,1,29.8,67.2,False,True,29.298,41.799,36.739,5.930999999999997,True,12.0,109.45484210526317,6.247945167325788,105.555,149.971,7.549842105263157,54,0.9460000461993539,Normal
STR,Williams,34,108.712,Soft,33,1,1,29.8,67.2,False,True,29.489,42.121,37.102,6.807000000000002,True,14.0,109.61347368421052,6.0097040428236435,106.033,147.976,7.708473684210525,54,0.9480233620891177,Normal
HUL,Renault,34,109.195,ULTRASOFT,19,2,1,29.8,67.2,False,True,30.366,42.261,36.568,7.289999999999992,True,10.0,108.54183928571429,3.17228234314198,106.093,127.551,6.636839285714285,54,0.9716035690305909,Normal
SIR,Williams,34,113.907,Soft,31,2,1,29.8,67.2,False,True,30.841,44.165,38.901,12.001999999999995,False,19.0,111.56807142857143,6.058613684385513,105.902,144.95,9.663071428571428,43,0.9484928638551071,Outlier
GRO,Haas F1 Team,34,112.606,Soft,18,2,1,29.8,67.2,False,True,29.576,43.619,39.411,10.700999999999993,False,15.0,108.95883928571428,3.4731910283132765,105.904,128.416,7.053839285714284,52,0.9691085270041597,Outlier
GAS,Toro Rosso,34,111.721,ULTRASOFT,8,2,1,29.8,67.2,False,True,29.484,43.094,39.143,9.816000000000003,True,13.0,108.94708928571428,3.3634377990750313,106.063,125.254,7.042089285714285,52,0.9700523371550398,Normal
HAR,Toro Rosso,34,111.139,ULTRASOFT,20,2,1,29.8,67.2,False,True,29.483,42.647,39.009,9.233999999999995,True,17.0,109.60730357142857,4.3240277264254585,104.889,127.12,7.702303571428571,49,0.9620470710105106,Normal
MAG,Haas F1 Team,34,110.764,Soft,8,2,1,29.8,67.2,False,True,29.126,42.925,38.713,8.858999999999995,True,18.0,109.89536363636364,4.782731577958495,101.905,127.022,7.990363636363635,47,0.9582942882943771,Normal
HAM,Mercedes,35,105.375,Soft,20,2,1,29.8,67.2,False,True,28.643,40.798,35.934,3.469999999999999,True,1.0,105.91582456140351,3.3022061084913172,102.913,127.051,4.010824561403508,55,0.9697650096029286,Normal
VER,Red Bull Racing,35,105.649,Soft,18,2,1,29.8,67.2,False,True,28.634,40.886,36.129,3.7439999999999998,True,2.0,106.04414035087719,3.095453056146541,103.345,125.658,4.139140350877192,55,0.9716376709907429,Normal
VET,Ferrari,35,105.579,ULTRASOFT,21,2,1,29.8,67.2,False,True,28.511,41.146,35.922,3.6739999999999924,True,3.0,106.60156140350877,2.619846103833093,104.669,123.072,4.696561403508771,55,0.9760134376252476,Normal
BOT,Mercedes,35,105.719,Soft,19,2,1,29.8,67.0,False,True,28.705,41.031,35.983,3.813999999999993,True,4.0,106.78705263157894,2.819239052735013,104.72,125.123,4.882052631578946,55,0.9742784925079399,Normal
RAI,Ferrari,35,104.81,Soft,13,2,1,29.8,67.0,False,True,28.362,40.636,35.812,2.905000000000001,True,5.0,106.79471929824561,2.8221106320978113,104.715,124.271,4.889719298245613,55,0.9742547687805684,Normal
PER,Racing Point,34,127.642,Soft,1,3,1,29.8,67.0,False,True,50.512,40.865,36.265,25.736999999999995,False,16.0,109.45364285714287,5.274186160152864,105.389,129.117,7.548642857142856,50,0.954028711208701,Outlier
RIC,Red Bull Racing,35,103.853,ULTRASOFT,8,2,1,29.8,67.0,False,True,28.436,40.141,35.276,1.9479999999999933,True,6.0,106.79677192982456,3.395077182046841,103.12,128.039,4.89177192982456,55,0.9691893982230935,Normal
ALO,McLaren,35,106.837,ULTRASOFT,34,1,1,29.8,67.0,False,True,29.161,41.501,36.175,4.932000000000002,True,7.0,107.60368421052631,3.374050952055656,103.164,127.447,5.698684210526316,55,0.9695970462263203,Normal
SAI,Renault,35,106.931,ULTRASOFT,34,1,1,29.8,67.0,False,True,29.084,41.441,36.406,5.025999999999996,True,8.0,108.05371428571428,3.160885662504825,105.211,126.917,6.148714285714285,54,0.9715785008085582,Normal
LEC,Sauber,35,106.813,ULTRASOFT,34,1,1,29.8,67.0,False,True,28.902,41.389,36.522,4.908000000000001,True,9.0,108.28051785714285,2.9728195370179042,105.203,125.53,6.375517857142856,54,0.9732788282432779,Normal
ERI,Sauber,35,106.937,ULTRASOFT,34,1,1,29.8,66.9,False,True,28.975,41.357,36.605,5.0319999999999965,True,11.0,108.76155357142856,3.031554560225394,105.169,125.409,6.85655357142857,53,0.9728824557176167,Normal
VAN,McLaren,35,107.753,ULTRASOFT,34,1,1,29.8,66.9,False,True,29.293,41.821,36.639,5.847999999999999,True,12.0,109.45484210526317,6.247945167325788,105.555,149.971,7.549842105263157,54,0.9460000461993539,Normal
STR,Williams,35,108.901,Soft,34,1,1,29.8,66.9,False,True,29.357,42.334,37.21,6.995999999999995,True,14.0,109.61347368421052,6.0097040428236435,106.033,147.976,7.708473684210525,54,0.9480233620891177,Normal
HUL,Renault,35,106.112,ULTRASOFT,20,2,1,29.8,66.9,False,True,28.919,40.93,36.263,4.206999999999994,True,10.0,108.54183928571429,3.17228234314198,106.093,127.551,6.636839285714285,54,0.9716035690305909,Normal
SIR,Williams,35,110.176,Soft,32,2,1,29.8,66.9,False,True,29.919,42.709,37.548,8.271,True,19.0,111.56807142857143,6.058613684385513,105.902,144.95,9.663071428571428,43,0.9484928638551071,Normal
GRO,Haas F1 Team,35,110.437,Soft,19,2,1,29.8,66.9,False,True,29.807,42.808,37.822,8.531999999999996,True,15.0,108.95883928571428,3.4731910283132765,105.904,128.416,7.053839285714284,52,0.9691085270041597,Normal
GAS,Toro Rosso,35,110.756,ULTRASOFT,9,2,1,29.8,66.9,False,True,29.841,43.072,37.843,8.850999999999999,True,13.0,108.94708928571428,3.3634377990750313,106.063,125.254,7.042089285714285,52,0.9700523371550398,Normal
HAR,Toro Rosso,35,111.433,ULTRASOFT,21,2,1,29.8,66.9,False,True,29.886,43.908,37.639,9.528000000000006,True,17.0,109.60730357142857,4.3240277264254585,104.889,127.12,7.702303571428571,49,0.9620470710105106,Normal
HAM,Mercedes,36,107.405,Soft,21,2,1,29.8,66.9,False,True,28.736,41.677,36.992,5.5,True,1.0,105.91582456140351,3.3022061084913172,102.913,127.051,4.010824561403508,55,0.9697650096029286,Normal
MAG,Haas F1 Team,35,113.543,Soft,9,2,1,29.8,66.9,False,True,29.595,44.525,39.423,11.638000000000005,False,18.0,109.89536363636364,4.782731577958495,101.905,127.022,7.990363636363635,47,0.9582942882943771,Outlier
VER,Red Bull Racing,36,105.702,Soft,19,2,1,29.8,66.9,False,True,28.49,41.011,36.201,3.796999999999997,True,2.0,106.04414035087719,3.095453056146541,103.345,125.658,4.139140350877192,55,0.9716376709907429,Normal
VET,Ferrari,36,105.574,ULTRASOFT,22,2,1,29.8,66.9,False,True,28.464,41.171,35.939,3.668999999999997,True,3.0,106.60156140350877,2.619846103833093,104.669,123.072,4.696561403508771,55,0.9760134376252476,Normal
BOT,Mercedes,36,105.361,Soft,20,2,1,29.8,66.9,False,True,28.679,40.837,35.845,3.456000000000003,True,4.0,106.78705263157894,2.819239052735013,104.72,125.123,4.882052631578946,55,0.9742784925079399,Normal
RAI,Ferrari,36,105.309,Soft,14,2,1,29.8,66.9,False,True,28.465,40.964,35.88,3.4039999999999964,True,5.0,106.79471929824561,2.8221106320978113,104.715,124.271,4.889719298245613,55,0.9742547687805684,Normal
PER,Racing Point,35,106.075,Soft,2,3,1,29.8,66.9,False,True,28.962,40.976,36.137,4.170000000000002,True,16.0,109.45364285714287,5.274186160152864,105.389,129.117,7.548642857142856,50,0.954028711208701,Normal
RIC,Red Bull Racing,36,104.778,ULTRASOFT,9,2,1,29.8,66.9,False,True,28.464,40.532,35.782,2.8730000000000047,True,6.0,106.79677192982456,3.395077182046841,103.12,128.039,4.89177192982456,55,0.9691893982230935,Normal
ALO,McLaren,36,106.896,ULTRASOFT,35,1,1,29.8,67.3,False,True,29.149,41.498,36.249,4.991,True,7.0,107.60368421052631,3.374050952055656,103.164,127.447,5.698684210526316,55,0.9695970462263203,Normal
SAI,Renault,36,107.164,ULTRASOFT,35,1,1,29.8,67.3,False,True,29.03,41.582,36.552,5.259,True,8.0,108.05371428571428,3.160885662504825,105.211,126.917,6.148714285714285,54,0.9715785008085582,Normal
LEC,Sauber,36,106.855,ULTRASOFT,35,1,1,29.8,67.3,False,True,28.872,41.407,36.576,4.950000000000003,True,9.0,108.28051785714285,2.9728195370179042,105.203,125.53,6.375517857142856,54,0.9732788282432779,Normal
ERI,Sauber,36,107.62,ULTRASOFT,35,1,1,29.8,67.3,False,True,28.976,41.655,36.989,5.715000000000003,True,11.0,108.76155357142856,3.031554560225394,105.169,125.409,6.85655357142857,53,0.9728824557176167,Normal
VAN,McLaren,36,107.747,ULTRASOFT,35,1,1,29.8,67.3,False,True,29.34,41.768,36.639,5.841999999999999,True,12.0,109.45484210526317,6.247945167325788,105.555,149.971,7.549842105263157,54,0.9460000461993539,Normal
STR,Williams,36,109.015,Soft,35,1,1,29.8,67.1,False,True,29.42,42.422,37.173,7.109999999999999,True,14.0,109.61347368421052,6.0097040428236435,106.033,147.976,7.708473684210525,54,0.9480233620891177,Normal
HUL,Renault,36,107.159,ULTRASOFT,21,2,1,29.8,67.1,False,True,29.128,41.361,36.67,5.254000000000005,True,10.0,108.54183928571429,3.17228234314198,106.093,127.551,6.636839285714285,54,0.9716035690305909,Normal
SIR,Williams,36,111.359,Soft,33,2,1,29.8,67.1,False,True,29.787,42.931,38.641,9.453999999999994,True,19.0,111.56807142857143,6.058613684385513,105.902,144.95,9.663071428571428,43,0.9484928638551071,Normal
GRO,Haas F1 Team,36,110.894,Soft,20,2,1,29.8,67.1,False,True,29.383,42.622,38.889,8.989000000000004,True,15.0,108.95883928571428,3.4731910283132765,105.904,128.416,7.053839285714284,52,0.9691085270041597,Normal
HAM,Mercedes,37,108.295,Soft,22,2,1,29.8,67.1,False,True,28.899,41.645,37.751,6.390000000000001,True,1.0,105.91582456140351,3.3022061084913172,102.913,127.051,4.010824561403508,55,0.9697650096029286,Normal
GAS,Toro Rosso,36,111.636,ULTRASOFT,10,2,1,29.8,67.1,False,True,29.286,42.65,39.7,9.730999999999995,True,13.0,108.94708928571428,3.3634377990750313,106.063,125.254,7.042089285714285,52,0.9700523371550398,Normal
VER,Red Bull Racing,37,106.9,Soft,20,2,1,29.8,67.1,False,True,28.641,41.411,36.848,4.9950000000000045,True,2.0,106.04414035087719,3.095453056146541,103.345,125.658,4.139140350877192,55,0.9716376709907429,Normal
VET,Ferrari,37,105.935,ULTRASOFT,23,2,1,29.8,67.1,False,True,28.703,41.103,36.129,4.030000000000001,True,3.0,106.60156140350877,2.619846103833093,104.669,123.072,4.696561403508771,55,0.9760134376252476,Normal
BOT,Mercedes,37,105.885,Soft,21,2,1,29.8,67.1,False,True,28.757,41.109,36.019,3.980000000000004,True,4.0,106.78705263157894,2.819239052735013,104.72,125.123,4.882052631578946,55,0.9742784925079399,Normal
HAR,Toro Rosso,36,118.232,ULTRASOFT,22,2,1,29.8,67.1,False,True,30.03,43.236,44.966,16.326999999999998,False,17.0,109.60730357142857,4.3240277264254585,104.889,127.12,7.702303571428571,49,0.9620470710105106,Outlier
RAI,Ferrari,37,106.009,Soft,15,2,1,29.8,67.1,False,True,28.583,41.225,36.201,4.103999999999999,True,5.0,106.79471929824561,2.8221106320978113,104.715,124.271,4.889719298245613,55,0.9742547687805684,Normal
MAG,Haas F1 Team,36,117.993,Soft,10,2,1,29.8,67.1,False,True,29.277,44.053,44.663,16.087999999999994,False,18.0,109.89536363636364,4.782731577958495,101.905,127.022,7.990363636363635,47,0.9582942882943771,Outlier
PER,Racing Point,36,105.67,Soft,3,3,1,29.8,67.1,False,True,28.905,40.812,35.953,3.7650000000000006,True,16.0,109.45364285714287,5.274186160152864,105.389,129.117,7.548642857142856,50,0.954028711208701,Normal
RIC,Red Bull Racing,37,105.194,ULTRASOFT,10,2,1,29.8,67.1,False,True,28.555,40.759,35.88,3.2890000000000015,True,6.0,106.79677192982456,3.395077182046841,103.12,128.039,4.89177192982456,55,0.9691893982230935,Normal
ALO,McLaren,37,107.999,ULTRASOFT,36,1,1,29.9,66.8,False,True,29.161,42.061,36.777,6.093999999999994,True,7.0,107.60368421052631,3.374050952055656,103.164,127.447,5.698684210526316,55,0.9695970462263203,Normal
SAI,Renault,37,115.341,ULTRASOFT,36,1,1,29.9,66.8,False,True,29.232,41.657,44.452,13.435999999999993,False,8.0,108.05371428571428,3.160885662504825,105.211,126.917,6.148714285714285,54,0.9715785008085582,Outlier
LEC,Sauber,37,107.123,ULTRASOFT,36,1,1,29.9,66.8,False,True,28.911,41.519,36.693,5.2180000000000035,True,9.0,108.28051785714285,2.9728195370179042,105.203,125.53,6.375517857142856,54,0.9732788282432779,Normal
ERI,Sauber,37,107.79,ULTRASOFT,36,1,1,29.9,66.8,False,True,29.138,41.803,36.849,5.885000000000005,True,11.0,108.76155357142856,3.031554560225394,105.169,125.409,6.85655357142857,53,0.9728824557176167,Normal
VAN,McLaren,37,108.412,ULTRASOFT,36,1,1,29.9,66.8,False,True,29.458,41.951,37.003,6.507000000000005,True,12.0,109.45484210526317,6.247945167325788,105.555,149.971,7.549842105263157,54,0.9460000461993539,Normal
STR,Williams,37,109.586,Soft,36,1,1,29.9,66.8,False,True,29.644,42.712,37.23,7.680999999999997,True,14.0,109.61347368421052,6.0097040428236435,106.033,147.976,7.708473684210525,54,0.9480233620891177,Normal
HUL,Renault,37,109.338,ULTRASOFT,22,2,1,29.9,66.8,False,True,29.017,42.905,37.416,7.432999999999993,True,10.0,108.54183928571429,3.17228234314198,106.093,127.551,6.636839285714285,54,0.9716035690305909,Normal
HAM,Mercedes,38,110.066,Soft,23,2,1,29.8,67.0,False,True,29.197,44.812,36.057,8.161000000000001,True,1.0,105.91582456140351,3.3022061084913172,102.913,127.051,4.010824561403508,55,0.9697650096029286,Normal
VER,Red Bull Racing,38,110.394,Soft,21,2,1,29.8,67.0,False,True,28.763,44.02,37.611,8.489000000000004,True,2.0,106.04414035087719,3.095453056146541,103.345,125.658,4.139140350877192,55,0.9716376709907429,Normal
GRO,Haas F1 Team,37,114.525,Soft,21,2,1,29.8,67.0,False,True,29.456,45.21,39.859,12.620000000000005,False,15.0,108.95883928571428,3.4731910283132765,105.904,128.416,7.053839285714284,52,0.9691085270041597,Outlier
VET,Ferrari,38,109.382,ULTRASOFT,24,2,1,29.8,67.0,False,True,28.547,42.55,38.285,7.477000000000004,True,3.0,106.60156140350877,2.619846103833093,104.669,123.072,4.696561403508771,55,0.9760134376252476,Normal
GAS,Toro Rosso,37,115.138,ULTRASOFT,11,2,1,29.8,67.0,False,True,29.462,45.714,39.962,13.233000000000004,False,13.0,108.94708928571428,3.3634377990750313,106.063,125.254,7.042089285714285,52,0.9700523371550398,Outlier
BOT,Mercedes,38,108.318,Soft,22,2,1,29.8,67.0,False,True,28.823,41.442,38.053,6.412999999999997,True,4.0,106.78705263157894,2.819239052735013,104.72,125.123,4.882052631578946,55,0.9742784925079399,Normal
RAI,Ferrari,38,106.739,Soft,16,2,1,29.8,67.0,False,True,28.306,40.842,37.591,4.834000000000003,True,5.0,106.79471929824561,2.8221106320978113,104.715,124.271,4.889719298245613,55,0.9742547687805684,Normal
SIR,Williams,37,120.503,Soft,34,2,1,29.8,67.0,False,True,29.916,47.364,43.223,18.598,False,19.0,111.56807142857143,6.058613684385513,105.902,144.95,9.663071428571428,43,0.9484928638551071,Outlier
PER,Racing Point,37,105.602,Soft,4,3,1,29.8,67.0,False,True,28.743,40.818,36.041,3.6970000000000027,True,16.0,109.45364285714287,5.274186160152864,105.389,129.117,7.548642857142856,50,0.954028711208701,Normal
RIC,Red Bull Racing,38,105.157,ULTRASOFT,11,2,1,29.8,67.0,False,True,28.434,40.892,35.831,3.2519999999999953,True,6.0,106.79677192982456,3.395077182046841,103.12,128.039,4.89177192982456,55,0.9691893982230935,Normal
HAR,Toro Rosso,37,125.987,HYPERSOFT,1,3,1,29.8,67.0,False,True,49.504,40.471,36.012,24.081999999999994,False,17.0,109.60730357142857,4.3240277264254585,104.889,127.12,7.702303571428571,49,0.9620470710105106,Outlier
MAG,Haas F1 Team,37,127.022,HYPERSOFT,1,3,1,29.8,67.0,False,True,50.133,40.715,36.174,25.117000000000004,False,18.0,109.89536363636364,4.782731577958495,101.905,127.022,7.990363636363635,47,0.9582942882943771,Outlier
ALO,McLaren,38,115.275,ULTRASOFT,37,1,1,29.8,67.6,False,True,29.107,41.854,44.314,13.370000000000005,False,7.0,107.60368421052631,3.374050952055656,103.164,127.447,5.698684210526316,55,0.9695970462263203,Outlier
LEC,Sauber,38,115.224,ULTRASOFT,37,1,1,29.8,67.6,False,True,29.018,41.696,44.51,13.319000000000003,False,9.0,108.28051785714285,2.9728195370179042,105.203,125.53,6.375517857142856,54,0.9732788282432779,Outlier
ERI,Sauber,38,107.404,ULTRASOFT,37,1,1,29.8,67.6,False,True,29.139,41.506,36.759,5.498999999999995,True,11.0,108.76155357142856,3.031554560225394,105.169,125.409,6.85655357142857,53,0.9728824557176167,Normal
SAI,Renault,38,126.917,Soft,1,2,1,29.8,67.6,False,True,49.823,40.768,36.326,25.012,False,8.0,108.05371428571428,3.160885662504825,105.211,126.917,6.148714285714285,54,0.9715785008085582,Outlier
VAN,McLaren,38,108.287,ULTRASOFT,37,1,1,29.8,67.6,False,True,29.215,42.031,37.041,6.382000000000005,True,12.0,109.45484210526317,6.247945167325788,105.555,149.971,7.549842105263157,54,0.9460000461993539,Normal
HUL,Renault,38,106.928,ULTRASOFT,23,2,1,29.8,67.6,False,True,29.015,41.445,36.468,5.022999999999996,True,10.0,108.54183928571429,3.17228234314198,106.093,127.551,6.636839285714285,54,0.9716035690305909,Normal
STR,Williams,38,110.912,Soft,37,1,1,29.8,67.6,False,True,29.572,43.98,37.36,9.007000000000005,True,14.0,109.61347368421052,6.0097040428236435,106.033,147.976,7.708473684210525,54,0.9480233620891177,Normal
HAM,Mercedes,39,104.606,Soft,24,2,1,29.8,67.6,False,True,28.406,40.552,35.648,2.7009999999999934,True,1.0,105.91582456140351,3.3022061084913172,102.913,127.051,4.010824561403508,55,0.9697650096029286,Normal
VER,Red Bull Racing,39,105.978,Soft,22,2,1,29.8,66.9,False,True,28.758,40.853,36.367,4.072999999999993,True,2.0,106.04414035087719,3.095453056146541,103.345,125.658,4.139140350877192,55,0.9716376709907429,Normal
VET,Ferrari,39,106.676,ULTRASOFT,25,2,1,29.8,66.9,False,True,28.891,41.487,36.298,4.771000000000001,True,3.0,106.60156140350877,2.619846103833093,104.669,123.072,4.696561403508771,55,0.9760134376252476,Normal
GRO,Haas F1 Team,38,110.053,Soft,22,2,1,29.8,66.9,False,True,29.937,43.064,37.052,8.147999999999996,True,15.0,108.95883928571428,3.4731910283132765,105.904,128.416,7.053839285714284,52,0.9691085270041597,Normal
BOT,Mercedes,39,108.553,Soft,23,2,1,29.8,66.9,False,True,29.537,42.601,36.415,6.647999999999996,True,4.0,106.78705263157894,2.819239052735013,104.72,125.123,4.882052631578946,55,0.9742784925079399,Normal
RAI,Ferrari,39,109.04,Soft,17,2,1,29.8,66.9,False,True,29.323,42.515,37.202,7.135000000000005,True,5.0,106.79471929824561,2.8221106320978113,104.715,124.271,4.889719298245613,55,0.9742547687805684,Normal
GAS,Toro Rosso,38,112.065,ULTRASOFT,12,2,1,29.8,66.9,False,True,29.37,44.021,38.674,10.159999999999997,False,13.0,108.94708928571428,3.3634377990750313,106.063,125.254,7.042089285714285,52,0.9700523371550398,Outlier
SIR,Williams,38,111.949,Soft,35,2,1,29.8,66.9,False,True,30.173,43.589,38.187,10.043999999999997,False,19.0,111.56807142857143,6.058613684385513,105.902,144.95,9.663071428571428,43,0.9484928638551071,Outlier
RIC,Red Bull Racing,39,106.543,ULTRASOFT,12,2,1,29.8,66.9,False,True,28.406,41.23,36.907,4.638000000000005,True,6.0,106.79677192982456,3.395077182046841,103.12,128.039,4.89177192982456,55,0.9691893982230935,Normal
PER,Racing Point,38,109.043,Soft,5,3,1,29.8,66.9,False,True,28.742,41.332,38.969,7.138000000000005,True,16.0,109.45364285714287,5.274186160152864,105.389,129.117,7.548642857142856,50,0.954028711208701,Normal
HAR,Toro Rosso,38,104.889,HYPERSOFT,2,3,1,29.8,66.9,False,True,28.6,40.358,35.931,2.9839999999999947,True,17.0,109.60730357142857,4.3240277264254585,104.889,127.12,7.702303571428571,49,0.9620470710105106,Peak
MAG,Haas F1 Team,38,104.703,HYPERSOFT,2,3,1,29.8,66.9,False,True,28.613,40.227,35.863,2.798000000000002,True,18.0,109.89536363636364,4.782731577958495,101.905,127.022,7.990363636363635,47,0.9582942882943771,Normal
ALO,McLaren,39,127.447,Soft,1,2,1,29.7,67.5,False,True,49.853,41.238,36.356,25.542,False,7.0,107.60368421052631,3.374050952055656,103.164,127.447,5.698684210526316,55,0.9695970462263203,Outlier
ERI,Sauber,39,108.397,ULTRASOFT,38,1,1,29.7,67.5,False,True,29.328,42.112,36.957,6.492000000000004,True,11.0,108.76155357142856,3.031554560225394,105.169,125.409,6.85655357142857,53,0.9728824557176167,Normal
SAI,Renault,39,107.124,Soft,2,2,1,29.7,67.5,False,True,28.76,41.38,36.984,5.218999999999994,True,8.0,108.05371428571428,3.160885662504825,105.211,126.917,6.148714285714285,54,0.9715785008085582,Normal
VAN,McLaren,39,107.895,ULTRASOFT,38,1,1,29.7,67.5,False,True,29.298,41.872,36.725,5.989999999999995,True,12.0,109.45484210526317,6.247945167325788,105.555,149.971,7.549842105263157,54,0.9460000461993539,Normal
LEC,Sauber,39,125.53,HYPERSOFT,1,2,1,29.7,67.5,False,True,48.98,40.462,36.088,23.625,False,9.0,108.28051785714285,2.9728195370179042,105.203,125.53,6.375517857142856,54,0.9732788282432779,Outlier
HUL,Renault,39,107.195,ULTRASOFT,24,2,1,29.7,67.5,False,True,29.09,41.33,36.775,5.289999999999992,True,10.0,108.54183928571429,3.17228234314198,106.093,127.551,6.636839285714285,54,0.9716035690305909,Normal
STR,Williams,39,108.861,Soft,38,1,1,29.7,67.5,False,True,29.338,42.45,37.073,6.956000000000003,True,14.0,109.61347368421052,6.0097040428236435,106.033,147.976,7.708473684210525,54,0.9480233620891177,Normal
HAM,Mercedes,40,105.137,Soft,25,2,1,29.7,67.5,False,True,28.492,40.667,35.978,3.2319999999999993,True,1.0,105.91582456140351,3.3022061084913172,102.913,127.051,4.010824561403508,55,0.9697650096029286,Normal
VER,Red Bull Racing,40,104.868,Soft,23,2,1,29.7,67.5,False,True,28.461,40.47,35.937,2.962999999999994,True,2.0,106.04414035087719,3.095453056146541,103.345,125.658,4.139140350877192,55,0.9716376709907429,Normal
VET,Ferrari,40,105.646,ULTRASOFT,26,2,1,29.7,67.5,False,True,28.537,41.08,36.029,3.7409999999999997,True,3.0,106.60156140350877,2.619846103833093,104.669,123.072,4.696561403508771,55,0.9760134376252476,Normal
BOT,Mercedes,40,106.622,Soft,24,2,1,29.7,67.5,False,True,28.821,41.921,35.88,4.716999999999999,True,4.0,106.78705263157894,2.819239052735013,104.72,125.123,4.882052631578946,55,0.9742784925079399,Normal
RAI,Ferrari,40,106.66,Soft,18,2,1,29.7,67.5,False,True,28.613,41.721,36.326,4.7549999999999955,True,5.0,106.79471929824561,2.8221106320978113,104.715,124.271,4.889719298245613,55,0.9742547687805684,Normal
GRO,Haas F1 Team,39,111.543,Soft,23,2,1,29.7,67.5,False,True,29.06,45.177,37.306,9.638000000000005,True,15.0,108.95883928571428,3.4731910283132765,105.904,128.416,7.053839285714284,52,0.9691085270041597,Normal
GAS,Toro Rosso,39,108.408,ULTRASOFT,13,2,1,29.7,67.5,False,True,29.164,41.785,37.459,6.503,True,13.0,108.94708928571428,3.3634377990750313,106.063,125.254,7.042089285714285,52,0.9700523371550398,Normal
RIC,Red Bull Racing,40,105.982,ULTRASOFT,13,2,1,29.6,67.7,False,True,29.154,40.743,36.085,4.076999999999998,True,6.0,106.79677192982456,3.395077182046841,103.12,128.039,4.89177192982456,55,0.9691893982230935,Normal
SIR,Williams,39,113.066,Soft,36,2,1,29.6,67.7,False,True,30.288,43.459,39.319,11.161000000000001,False,19.0,111.56807142857143,6.058613684385513,105.902,144.95,9.663071428571428,43,0.9484928638551071,Outlier
HAR,Toro Rosso,39,106.303,HYPERSOFT,3,3,1,29.6,67.7,False,True,28.748,40.855,36.7,4.397999999999996,True,17.0,109.60730357142857,4.3240277264254585,104.889,127.12,7.702303571428571,49,0.9620470710105106,Normal
MAG,Haas F1 Team,39,105.097,HYPERSOFT,3,3,1,29.6,67.7,False,True,28.658,40.438,36.001,3.191999999999993,True,18.0,109.89536363636364,4.782731577958495,101.905,127.022,7.990363636363635,47,0.9582942882943771,Normal
PER,Racing Point,39,117.741,Soft,6,3,1,29.6,67.7,False,True,29.156,43.3,45.285,15.835999999999999,False,16.0,109.45364285714287,5.274186160152864,105.389,129.117,7.548642857142856,50,0.954028711208701,Outlier
ALO,McLaren,40,105.535,Soft,2,2,1,29.6,67.7,False,True,28.611,40.584,36.34,3.6299999999999955,True,7.0,107.60368421052631,3.374050952055656,103.164,127.447,5.698684210526316,55,0.9695970462263203,Normal
ERI,Sauber,40,107.844,ULTRASOFT,39,1,1,29.6,68.1,False,True,29.1,41.8,36.944,5.938999999999993,True,11.0,108.76155357142856,3.031554560225394,105.169,125.409,6.85655357142857,53,0.9728824557176167,Normal
SAI,Renault,40,107.627,Soft,3,2,1,29.6,68.1,False,True,28.849,41.712,37.066,5.721999999999994,True,8.0,108.05371428571428,3.160885662504825,105.211,126.917,6.148714285714285,54,0.9715785008085582,Normal
VAN,McLaren,40,108.283,ULTRASOFT,39,1,1,29.6,68.1,False,True,29.268,42.194,36.821,6.378,True,12.0,109.45484210526317,6.247945167325788,105.555,149.971,7.549842105263157,54,0.9460000461993539,Normal
LEC,Sauber,40,106.373,HYPERSOFT,2,2,1,29.6,68.1,False,True,28.727,41.008,36.638,4.4680000000000035,True,9.0,108.28051785714285,2.9728195370179042,105.203,125.53,6.375517857142856,54,0.9732788282432779,Normal
HUL,Renault,40,106.825,ULTRASOFT,25,2,1,29.6,68.1,False,True,29.031,41.206,36.588,4.920000000000002,True,10.0,108.54183928571429,3.17228234314198,106.093,127.551,6.636839285714285,54,0.9716035690305909,Normal
HAM,Mercedes,41,105.228,Soft,26,2,1,29.6,68.1,False,True,28.521,40.585,36.122,3.3229999999999933,True,1.0,105.91582456140351,3.3022061084913172,102.913,127.051,4.010824561403508,55,0.9697650096029286,Normal
VER,Red Bull Racing,41,105.213,Soft,24,2,1,29.6,68.1,False,True,28.468,40.656,36.089,3.3079999999999927,True,2.0,106.04414035087719,3.095453056146541,103.345,125.658,4.139140350877192,55,0.9716376709907429,Normal
STR,Williams,40,117.2,Soft,39,1,1,29.6,68.1,False,True,29.304,42.615,45.281,15.295000000000002,False,14.0,109.61347368421052,6.0097040428236435,106.033,147.976,7.708473684210525,54,0.9480233620891177,Outlier
VET,Ferrari,41,105.327,ULTRASOFT,27,2,1,29.6,68.1,False,True,28.434,40.959,35.934,3.421999999999997,True,3.0,106.60156140350877,2.619846103833093,104.669,123.072,4.696561403508771,55,0.9760134376252476,Normal
BOT,Mercedes,41,104.812,Soft,25,2,1,29.6,68.1,False,True,28.573,40.731,35.508,2.9069999999999965,True,4.0,106.78705263157894,2.819239052735013,104.72,125.123,4.882052631578946,55,0.9742784925079399,Normal
RAI,Ferrari,41,105.234,Soft,19,2,1,29.6,68.1,False,True,28.401,40.951,35.882,3.3289999999999935,True,5.0,106.79471929824561,2.8221106320978113,104.715,124.271,4.889719298245613,55,0.9742547687805684,Normal
GRO,Haas F1 Team,40,107.25,Soft,24,2,1,29.6,68.1,False,True,29.17,41.64,36.44,5.344999999999999,True,15.0,108.95883928571428,3.4731910283132765,105.904,128.416,7.053839285714284,52,0.9691085270041597,Normal
RIC,Red Bull Racing,41,105.954,ULTRASOFT,14,2,1,29.6,68.1,False,True,28.541,41.357,36.056,4.048999999999992,True,6.0,106.79677192982456,3.395077182046841,103.12,128.039,4.89177192982456,55,0.9691893982230935,Normal
GAS,Toro Rosso,40,109.528,ULTRASOFT,14,2,1,29.6,68.1,False,True,29.554,43.25,36.724,7.623000000000005,True,13.0,108.94708928571428,3.3634377990750313,106.063,125.254,7.042089285714285,52,0.9700523371550398,Normal
SIR,Williams,40,109.746,Soft,37,2,1,29.6,68.1,False,True,29.724,42.733,37.289,7.840999999999994,True,19.0,111.56807142857143,6.058613684385513,105.902,144.95,9.663071428571428,43,0.9484928638551071,Normal
HAR,Toro Rosso,40,108.54,HYPERSOFT,4,3,1,29.6,68.1,False,True,29.101,42.174,37.265,6.635000000000005,True,17.0,109.60730357142857,4.3240277264254585,104.889,127.12,7.702303571428571,49,0.9620470710105106,Normal
MAG,Haas F1 Team,40,107.425,HYPERSOFT,4,3,1,29.6,68.1,False,True,28.848,41.449,37.128,5.519999999999996,True,18.0,109.89536363636364,4.782731577958495,101.905,127.022,7.990363636363635,47,0.9582942882943771,Normal
PER,Racing Point,40,122.513,Soft,7,4,1,29.6,67.9,False,True,44.69,41.559,36.264,20.608000000000004,False,16.0,109.45364285714287,5.274186160152864,105.389,129.117,7.548642857142856,50,0.954028711208701,Outlier
ALO,McLaren,41,105.921,Soft,3,2,1,29.6,67.9,False,True,28.952,41.096,35.873,4.016000000000005,True,7.0,107.60368421052631,3.374050952055656,103.164,127.447,5.698684210526316,55,0.9695970462263203,Normal
ERI,Sauber,41,108.012,ULTRASOFT,40,1,1,29.6,67.9,False,True,29.235,41.91,36.867,6.106999999999999,True,11.0,108.76155357142856,3.031554560225394,105.169,125.409,6.85655357142857,53,0.9728824557176167,Normal
SAI,Renault,41,108.2,Soft,4,2,1,29.6,67.9,False,True,28.945,42.166,37.089,6.295000000000002,True,8.0,108.05371428571428,3.160885662504825,105.211,126.917,6.148714285714285,54,0.9715785008085582,Normal
VAN,McLaren,41,108.081,ULTRASOFT,40,1,1,29.6,67.9,False,True,29.274,41.915,36.892,6.176000000000002,True,12.0,109.45484210526317,6.247945167325788,105.555,149.971,7.549842105263157,54,0.9460000461993539,Normal
LEC,Sauber,41,105.903,HYPERSOFT,3,2,1,29.6,67.7,False,True,28.506,40.511,36.886,3.9980000000000047,True,9.0,108.28051785714285,2.9728195370179042,105.203,125.53,6.375517857142856,54,0.9732788282432779,Normal
HUL,Renault,41,106.85,ULTRASOFT,26,2,1,29.6,67.7,False,True,29.021,41.263,36.566,4.944999999999993,True,10.0,108.54183928571429,3.17228234314198,106.093,127.551,6.636839285714285,54,0.9716035690305909,Normal
HAM,Mercedes,42,104.684,Soft,27,2,1,29.6,67.7,False,True,28.392,40.432,35.86,2.7789999999999964,True,1.0,105.91582456140351,3.3022061084913172,102.913,127.051,4.010824561403508,55,0.9697650096029286,Normal
VER,Red Bull Racing,42,105.175,Soft,25,2,1,29.6,67.7,False,True,28.508,40.593,36.074,3.269999999999996,True,2.0,106.04414035087719,3.095453056146541,103.345,125.658,4.139140350877192,55,0.9716376709907429,Normal
VET,Ferrari,42,105.409,ULTRASOFT,28,2,1,29.6,67.7,False,True,28.389,41.033,35.987,3.504000000000005,True,3.0,106.60156140350877,2.619846103833093,104.669,123.072,4.696561403508771,55,0.9760134376252476,Normal
BOT,Mercedes,42,104.72,Soft,26,2,1,29.6,67.7,False,True,28.465,40.63,35.625,2.8149999999999977,True,4.0,106.78705263157894,2.819239052735013,104.72,125.123,4.882052631578946,55,0.9742784925079399,Peak
RAI,Ferrari,42,105.891,Soft,20,2,1,29.6,67.7,False,True,28.586,41.215,36.09,3.986000000000004,True,5.0,106.79471929824561,2.8221106320978113,104.715,124.271,4.889719298245613,55,0.9742547687805684,Normal
RIC,Red Bull Racing,42,104.793,ULTRASOFT,15,2,1,29.6,67.7,False,True,28.539,40.709,35.545,2.8880000000000052,True,6.0,106.79677192982456,3.395077182046841,103.12,128.039,4.89177192982456,55,0.9691893982230935,Normal
GRO,Haas F1 Team,41,109.145,Soft,25,2,1,29.6,67.7,False,True,29.916,42.593,36.636,7.239999999999995,True,15.0,108.95883928571428,3.4731910283132765,105.904,128.416,7.053839285714284,52,0.9691085270041597,Normal
GAS,Toro Rosso,41,107.67,ULTRASOFT,15,2,1,29.6,67.7,False,True,29.255,41.641,36.774,5.765000000000001,True,13.0,108.94708928571428,3.3634377990750313,106.063,125.254,7.042089285714285,52,0.9700523371550398,Normal
STR,Williams,41,126.803,ULTRASOFT,1,2,1,29.6,67.7,False,True,48.891,41.533,36.379,24.897999999999996,False,14.0,109.61347368421052,6.0097040428236435,106.033,147.976,7.708473684210525,54,0.9480233620891177,Outlier
SIR,Williams,41,111.017,Soft,38,2,1,29.6,67.7,False,True,29.411,43.062,38.544,9.111999999999995,True,19.0,111.56807142857143,6.058613684385513,105.902,144.95,9.663071428571428,43,0.9484928638551071,Normal
HAR,Toro Rosso,41,111.266,HYPERSOFT,5,3,1,29.6,67.7,False,True,29.257,42.927,39.082,9.361000000000004,True,17.0,109.60730357142857,4.3240277264254585,104.889,127.12,7.702303571428571,49,0.9620470710105106,Normal
MAG,Haas F1 Team,41,110.771,HYPERSOFT,5,3,1,29.6,67.7,False,True,28.998,43.056,38.717,8.866,True,18.0,109.89536363636364,4.782731577958495,101.905,127.022,7.990363636363635,47,0.9582942882943771,Normal
PER,Racing Point,41,106.531,Soft,8,4,1,29.6,68.0,False,True,28.913,41.178,36.44,4.626000000000005,True,16.0,109.45364285714287,5.274186160152864,105.389,129.117,7.548642857142856,50,0.954028711208701,Normal
ALO,McLaren,42,105.958,Soft,4,2,1,29.6,68.0,False,True,28.715,40.828,36.415,4.052999999999997,True,7.0,107.60368421052631,3.374050952055656,103.164,127.447,5.698684210526316,55,0.9695970462263203,Normal
ERI,Sauber,42,108.125,ULTRASOFT,41,1,1,29.6,68.0,False,True,29.277,41.985,36.863,6.219999999999999,True,11.0,108.76155357142856,3.031554560225394,105.169,125.409,6.85655357142857,53,0.9728824557176167,Normal
SAI,Renault,42,108.055,Soft,5,2,1,29.6,68.0,False,True,28.913,42.018,37.124,6.150000000000006,True,8.0,108.05371428571428,3.160885662504825,105.211,126.917,6.148714285714285,54,0.9715785008085582,Normal
VAN,McLaren,42,108.576,ULTRASOFT,41,1,1,29.6,68.0,False,True,29.269,42.257,37.05,6.670999999999992,True,12.0,109.45484210526317,6.247945167325788,105.555,149.971,7.549842105263157,54,0.9460000461993539,Normal
LEC,Sauber,42,107.192,HYPERSOFT,4,2,1,29.6,68.0,False,True,28.751,41.551,36.89,5.286999999999992,True,9.0,108.28051785714285,2.9728195370179042,105.203,125.53,6.375517857142856,54,0.9732788282432779,Normal
HUL,Renault,42,106.512,ULTRASOFT,27,2,1,29.6,68.0,False,True,29.005,41.203,36.304,4.606999999999999,True,10.0,108.54183928571429,3.17228234314198,106.093,127.551,6.636839285714285,54,0.9716035690305909,Normal
HAM,Mercedes,43,104.738,Soft,28,2,1,29.6,68.0,False,True,28.581,40.587,35.57,2.8329999999999984,True,1.0,105.91582456140351,3.3022061084913172,102.913,127.051,4.010824561403508,55,0.9697650096029286,Normal
VER,Red Bull Racing,43,104.696,Soft,26,2,1,29.7,67.6,False,True,28.367,40.586,35.743,2.790999999999997,True,2.0,106.04414035087719,3.095453056146541,103.345,125.658,4.139140350877192,55,0.9716376709907429,Normal
VET,Ferrari,43,104.925,ULTRASOFT,29,2,1,29.7,67.6,False,True,28.411,40.9,35.614,3.019999999999996,True,3.0,106.60156140350877,2.619846103833093,104.669,123.072,4.696561403508771,55,0.9760134376252476,Normal
BOT,Mercedes,43,107.345,Soft,27,2,1,29.7,67.6,False,True,28.544,40.792,38.009,5.439999999999998,True,4.0,106.78705263157894,2.819239052735013,104.72,125.123,4.882052631578946,55,0.9742784925079399,Normal
RAI,Ferrari,43,105.79,Soft,21,2,1,29.7,67.6,False,True,28.412,40.866,36.512,3.885000000000005,True,5.0,106.79471929824561,2.8221106320978113,104.715,124.271,4.889719298245613,55,0.9742547687805684,Normal
RIC,Red Bull Racing,43,103.652,ULTRASOFT,16,2,1,29.7,67.6,False,True,28.321,40.025,35.306,1.7469999999999999,True,6.0,106.79677192982456,3.395077182046841,103.12,128.039,4.89177192982456,55,0.9691893982230935,Normal
GRO,Haas F1 Team,42,106.723,Soft,26,2,1,29.7,67.6,False,True,29.05,41.507,36.166,4.817999999999998,True,15.0,108.95883928571428,3.4731910283132765,105.904,128.416,7.053839285714284,52,0.9691085270041597,Normal
GAS,Toro Rosso,42,107.238,ULTRASOFT,16,2,1,29.7,67.6,False,True,29.154,41.48,36.604,5.332999999999998,True,13.0,108.94708928571428,3.3634377990750313,106.063,125.254,7.042089285714285,52,0.9700523371550398,Normal
STR,Williams,42,106.934,ULTRASOFT,2,2,1,29.7,67.6,False,True,29.007,41.229,36.698,5.028999999999996,True,14.0,109.61347368421052,6.0097040428236435,106.033,147.976,7.708473684210525,54,0.9480233620891177,Normal
SIR,Williams,42,109.972,Soft,39,2,1,29.7,67.6,False,True,29.668,42.769,37.535,8.066999999999993,True,19.0,111.56807142857143,6.058613684385513,105.902,144.95,9.663071428571428,43,0.9484928638551071,Normal
MAG,Haas F1 Team,42,109.533,HYPERSOFT,6,3,1,29.7,67.6,False,True,29.566,42.143,37.824,7.628,True,18.0,109.89536363636364,4.782731577958495,101.905,127.022,7.990363636363635,47,0.9582942882943771,Normal
HAR,Toro Rosso,42,110.824,HYPERSOFT,6,3,1,29.7,67.6,False,True,30.435,42.84,37.549,8.918999999999997,True,17.0,109.60730357142857,4.3240277264254585,104.889,127.12,7.702303571428571,49,0.9620470710105106,Normal
PER,Racing Point,42,106.349,Soft,9,4,1,29.7,67.6,False,True,28.964,41.092,36.293,4.444000000000003,True,16.0,109.45364285714287,5.274186160152864,105.389,129.117,7.548642857142856,50,0.954028711208701,Normal
ALO,McLaren,43,106.736,Soft,5,2,1,29.6,67.8,False,True,29.192,41.135,36.409,4.831000000000003,True,7.0,107.60368421052631,3.374050952055656,103.164,127.447,5.698684210526316,55,0.9695970462263203,Normal
SAI,Renault,43,111.173,Soft,6,2,1,29.6,67.8,False,True,28.914,43.943,38.316,9.268,True,8.0,108.05371428571428,3.160885662504825,105.211,126.917,6.148714285714285,54,0.9715785008085582,Normal
ERI,Sauber,43,113.45,ULTRASOFT,42,1,1,29.6,67.8,False,True,29.444,43.972,40.034,11.545000000000002,False,11.0,108.76155357142856,3.031554560225394,105.169,125.409,6.85655357142857,53,0.9728824557176167,Outlier
LEC,Sauber,43,108.412,HYPERSOFT,5,2,1,29.6,67.8,False,True,28.622,42.273,37.517,6.507000000000005,True,9.0,108.28051785714285,2.9728195370179042,105.203,125.53,6.375517857142856,54,0.9732788282432779,Normal
HUL,Renault,43,106.99,ULTRASOFT,28,2,1,29.6,67.8,False,True,29.057,41.328,36.605,5.084999999999994,True,10.0,108.54183928571429,3.17228234314198,106.093,127.551,6.636839285714285,54,0.9716035690305909,Normal
HAM,Mercedes,44,104.897,Soft,29,2,1,29.6,67.8,False,True,28.353,40.683,35.861,2.9920000000000044,True,1.0,105.91582456140351,3.3022061084913172,102.913,127.051,4.010824561403508,55,0.9697650096029286,Normal
VAN,McLaren,43,116.766,ULTRASOFT,42,1,1,29.6,67.8,False,True,29.274,42.315,45.177,14.861000000000004,False,12.0,109.45484210526317,6.247945167325788,105.555,149.971,7.549842105263157,54,0.9460000461993539,Outlier
VER,Red Bull Racing,44,104.892,Soft,27,2,1,29.6,67.8,False,True,28.45,40.542,35.9,2.9869999999999948,True,2.0,106.04414035087719,3.095453056146541,103.345,125.658,4.139140350877192,55,0.9716376709907429,Normal
VET,Ferrari,44,105.149,ULTRASOFT,30,2,1,29.6,67.8,False,True,28.369,40.925,35.855,3.2439999999999998,True,3.0,106.60156140350877,2.619846103833093,104.669,123.072,4.696561403508771,55,0.9760134376252476,Normal
BOT,Mercedes,44,105.503,Soft,28,2,1,29.6,67.8,False,True,28.535,40.944,36.024,3.597999999999999,True,4.0,106.78705263157894,2.819239052735013,104.72,125.123,4.882052631578946,55,0.9742784925079399,Normal
RAI,Ferrari,44,105.732,Soft,22,2,1,29.6,67.8,False,True,28.403,41.065,36.264,3.826999999999998,True,5.0,106.79471929824561,2.8221106320978113,104.715,124.271,4.889719298245613,55,0.9742547687805684,Normal
RIC,Red Bull Racing,44,105.435,ULTRASOFT,17,2,1,29.6,68.1,False,True,28.393,40.86,36.182,3.530000000000001,True,6.0,106.79677192982456,3.395077182046841,103.12,128.039,4.89177192982456,55,0.9691893982230935,Normal
GRO,Haas F1 Team,43,106.646,Soft,27,2,1,29.6,68.1,False,True,28.853,41.551,36.242,4.741,True,15.0,108.95883928571428,3.4731910283132765,105.904,128.416,7.053839285714284,52,0.9691085270041597,Normal
GAS,Toro Rosso,43,106.926,ULTRASOFT,17,2,1,29.6,68.1,False,True,29.212,41.087,36.627,5.021000000000001,True,13.0,108.94708928571428,3.3634377990750313,106.063,125.254,7.042089285714285,52,0.9700523371550398,Normal
STR,Williams,43,106.365,ULTRASOFT,3,2,1,29.6,68.1,False,True,28.901,41.089,36.375,4.459999999999994,True,14.0,109.61347368421052,6.0097040428236435,106.033,147.976,7.708473684210525,54,0.9480233620891177,Normal
MAG,Haas F1 Team,43,106.05,HYPERSOFT,7,3,1,29.6,68.1,False,True,29.079,40.848,36.123,4.144999999999996,True,18.0,109.89536363636364,4.782731577958495,101.905,127.022,7.990363636363635,47,0.9582942882943771,Normal
SIR,Williams,43,113.881,Soft,40,2,1,29.6,68.1,False,True,29.56,43.758,40.563,11.975999999999999,False,19.0,111.56807142857143,6.058613684385513,105.902,144.95,9.663071428571428,43,0.9484928638551071,Outlier
HAR,Toro Rosso,43,113.545,HYPERSOFT,7,3,1,29.6,68.1,False,True,29.247,42.675,41.623,11.64,False,17.0,109.60730357142857,4.3240277264254585,104.889,127.12,7.702303571428571,49,0.9620470710105106,Outlier
PER,Racing Point,43,106.571,Soft,10,4,1,29.6,68.1,False,True,29.027,40.93,36.614,4.665999999999997,True,16.0,109.45364285714287,5.274186160152864,105.389,129.117,7.548642857142856,50,0.954028711208701,Normal
ALO,McLaren,44,103.518,Soft,6,2,1,29.6,68.1,False,True,28.483,39.878,35.157,1.6129999999999995,True,7.0,107.60368421052631,3.374050952055656,103.164,127.447,5.698684210526316,55,0.9695970462263203,Normal
SAI,Renault,44,106.722,Soft,7,2,1,29.7,68.1,False,True,29.076,41.282,36.364,4.816999999999993,True,8.0,108.05371428571428,3.160885662504825,105.211,126.917,6.148714285714285,54,0.9715785008085582,Normal
LEC,Sauber,44,106.351,HYPERSOFT,6,2,1,29.7,68.1,False,True,28.728,41.141,36.482,4.445999999999998,True,9.0,108.28051785714285,2.9728195370179042,105.203,125.53,6.375517857142856,54,0.9732788282432779,Normal
ERI,Sauber,44,117.94,ULTRASOFT,43,1,1,29.7,68.1,False,True,29.714,42.847,45.379,16.034999999999997,False,11.0,108.76155357142856,3.031554560225394,105.169,125.409,6.85655357142857,53,0.9728824557176167,Outlier
HAM,Mercedes,45,105.684,Soft,30,2,1,29.7,68.1,False,True,28.5,41.325,35.859,3.7789999999999964,True,1.0,105.91582456140351,3.3022061084913172,102.913,127.051,4.010824561403508,55,0.9697650096029286,Normal
HUL,Renault,44,110.271,ULTRASOFT,29,2,1,29.7,68.1,False,True,29.057,41.739,39.475,8.366,True,10.0,108.54183928571429,3.17228234314198,106.093,127.551,6.636839285714285,54,0.9716035690305909,Normal
VER,Red Bull Racing,45,105.248,Soft,28,2,1,29.7,68.1,False,True,28.41,40.657,36.181,3.3430000000000035,True,2.0,106.04414035087719,3.095453056146541,103.345,125.658,4.139140350877192,55,0.9716376709907429,Normal
VET,Ferrari,45,105.417,ULTRASOFT,31,2,1,29.7,68.1,False,True,28.416,41.122,35.879,3.5120000000000005,True,3.0,106.60156140350877,2.619846103833093,104.669,123.072,4.696561403508771,55,0.9760134376252476,Normal
BOT,Mercedes,45,105.358,Soft,29,2,1,29.7,68.1,False,True,28.516,40.79,36.052,3.453000000000003,True,4.0,106.78705263157894,2.819239052735013,104.72,125.123,4.882052631578946,55,0.9742784925079399,Normal
RAI,Ferrari,45,105.723,Soft,23,2,1,29.7,68.1,False,True,28.436,41.193,36.094,3.817999999999998,True,5.0,106.79471929824561,2.8221106320978113,104.715,124.271,4.889719298245613,55,0.9742547687805684,Normal
RIC,Red Bull Racing,45,105.286,ULTRASOFT,18,2,1,29.7,68.1,False,True,28.465,40.847,35.974,3.3810000000000002,True,6.0,106.79677192982456,3.395077182046841,103.12,128.039,4.89177192982456,55,0.9691893982230935,Normal
VAN,McLaren,44,126.948,ULTRASOFT,43,1,1,29.7,68.1,False,True,50.224,40.638,36.086,25.042999999999992,False,12.0,109.45484210526317,6.247945167325788,105.555,149.971,7.549842105263157,54,0.9460000461993539,Outlier
GRO,Haas F1 Team,44,107.009,Soft,28,2,1,29.7,68.1,False,True,29.008,41.534,36.467,5.103999999999999,True,15.0,108.95883928571428,3.4731910283132765,105.904,128.416,7.053839285714284,52,0.9691085270041597,Normal
GAS,Toro Rosso,44,106.543,ULTRASOFT,18,2,1,29.7,68.1,False,True,29.016,41.09,36.437,4.638000000000005,True,13.0,108.94708928571428,3.3634377990750313,106.063,125.254,7.042089285714285,52,0.9700523371550398,Normal
STR,Williams,44,106.766,ULTRASOFT,4,2,1,29.6,68.1,False,True,28.926,41.347,36.493,4.861000000000004,True,14.0,109.61347368421052,6.0097040428236435,106.033,147.976,7.708473684210525,54,0.9480233620891177,Normal
MAG,Haas F1 Team,44,105.697,HYPERSOFT,8,3,1,29.6,68.1,False,True,28.798,40.644,36.255,3.7920000000000016,True,18.0,109.89536363636364,4.782731577958495,101.905,127.022,7.990363636363635,47,0.9582942882943771,Normal
HAR,Toro Rosso,44,109.055,HYPERSOFT,8,3,1,29.6,68.1,False,True,29.316,42.613,37.126,7.150000000000006,True,17.0,109.60730357142857,4.3240277264254585,104.889,127.12,7.702303571428571,49,0.9620470710105106,Normal
SIR,Williams,44,112.026,Soft,41,2,1,29.6,68.1,False,True,29.84,43.139,39.047,10.120999999999995,False,19.0,111.56807142857143,6.058613684385513,105.902,144.95,9.663071428571428,43,0.9484928638551071,Outlier
PER,Racing Point,44,108.925,Soft,11,4,1,29.6,68.1,False,True,28.923,41.749,38.253,7.019999999999996,True,16.0,109.45364285714287,5.274186160152864,105.389,129.117,7.548642857142856,50,0.954028711208701,Normal
ALO,McLaren,45,106.138,Soft,7,2,1,29.6,68.1,False,True,28.973,40.945,36.22,4.233000000000004,True,7.0,107.60368421052631,3.374050952055656,103.164,127.447,5.698684210526316,55,0.9695970462263203,Normal
SAI,Renault,45,105.81,Soft,8,2,1,29.6,68.5,False,True,28.945,40.706,36.159,3.905000000000001,True,8.0,108.05371428571428,3.160885662504825,105.211,126.917,6.148714285714285,54,0.9715785008085582,Normal
LEC,Sauber,45,105.853,HYPERSOFT,7,2,1,29.6,68.5,False,True,28.917,40.725,36.211,3.9479999999999933,True,9.0,108.28051785714285,2.9728195370179042,105.203,125.53,6.375517857142856,54,0.9732788282432779,Normal
HAM,Mercedes,46,104.566,Soft,31,2,1,29.6,68.5,False,True,28.539,40.49,35.537,2.6610000000000014,True,1.0,105.91582456140351,3.3022061084913172,102.913,127.051,4.010824561403508,55,0.9697650096029286,Normal
VER,Red Bull Racing,46,105.154,Soft,29,2,1,29.6,68.5,False,True,28.761,40.629,35.764,3.2489999999999952,True,2.0,106.04414035087719,3.095453056146541,103.345,125.658,4.139140350877192,55,0.9716376709907429,Normal
HUL,Renault,45,109.807,ULTRASOFT,30,2,1,29.6,68.5,False,True,31.209,41.948,36.65,7.902000000000001,True,10.0,108.54183928571429,3.17228234314198,106.093,127.551,6.636839285714285,54,0.9716035690305909,Normal
VET,Ferrari,46,105.683,ULTRASOFT,32,2,1,29.6,68.5,False,True,28.48,41.06,36.143,3.778000000000006,True,3.0,106.60156140350877,2.619846103833093,104.669,123.072,4.696561403508771,55,0.9760134376252476,Normal
BOT,Mercedes,46,104.869,Soft,30,2,1,29.6,68.5,False,True,28.544,40.697,35.628,2.9639999999999986,True,4.0,106.78705263157894,2.819239052735013,104.72,125.123,4.882052631578946,55,0.9742784925079399,Normal
RAI,Ferrari,46,104.715,Soft,24,2,1,29.6,68.5,False,True,28.206,40.703,35.806,2.8100000000000023,True,5.0,106.79471929824561,2.8221106320978113,104.715,124.271,4.889719298245613,55,0.9742547687805684,Peak
RIC,Red Bull Racing,46,104.743,ULTRASOFT,19,2,1,29.6,68.5,False,True,28.404,40.516,35.823,2.837999999999994,True,6.0,106.79677192982456,3.395077182046841,103.12,128.039,4.89177192982456,55,0.9691893982230935,Normal
ERI,Sauber,45,125.409,ULTRASOFT,44,1,1,29.6,68.5,False,True,48.701,40.55,36.158,23.504000000000005,False,11.0,108.76155357142856,3.031554560225394,105.169,125.409,6.85655357142857,53,0.9728824557176167,Outlier
VAN,McLaren,45,106.389,ULTRASOFT,44,1,1,29.6,68.5,False,True,28.904,41.225,36.26,4.483999999999995,True,12.0,109.45484210526317,6.247945167325788,105.555,149.971,7.549842105263157,54,0.9460000461993539,Normal
GRO,Haas F1 Team,45,107.219,Soft,29,2,1,29.6,68.5,False,True,29.056,41.691,36.472,5.313999999999993,True,15.0,108.95883928571428,3.4731910283132765,105.904,128.416,7.053839285714284,52,0.9691085270041597,Normal
GAS,Toro Rosso,45,106.498,ULTRASOFT,19,2,1,29.6,68.5,False,True,28.936,41.093,36.469,4.5930000000000035,True,13.0,108.94708928571428,3.3634377990750313,106.063,125.254,7.042089285714285,52,0.9700523371550398,Normal
STR,Williams,45,106.946,ULTRASOFT,5,2,1,29.6,68.5,False,True,28.948,41.365,36.633,5.040999999999997,True,14.0,109.61347368421052,6.0097040428236435,106.033,147.976,7.708473684210525,54,0.9480233620891177,Normal
MAG,Haas F1 Team,45,106.358,HYPERSOFT,9,3,1,29.6,68.5,False,True,28.918,41.042,36.398,4.453000000000003,True,18.0,109.89536363636364,4.782731577958495,101.905,127.022,7.990363636363635,47,0.9582942882943771,Normal
HAR,Toro Rosso,45,107.188,HYPERSOFT,9,3,1,29.6,68.4,False,True,29.289,41.416,36.483,5.283000000000001,True,17.0,109.60730357142857,4.3240277264254585,104.889,127.12,7.702303571428571,49,0.9620470710105106,Normal
PER,Racing Point,45,108.622,Soft,12,4,1,29.6,68.4,False,True,29.503,42.343,36.776,6.716999999999999,True,16.0,109.45364285714287,5.274186160152864,105.389,129.117,7.548642857142856,50,0.954028711208701,Normal
SIR,Williams,45,119.983,Soft,42,2,1,29.6,68.4,False,True,29.785,44.679,45.519,18.078000000000003,False,19.0,111.56807142857143,6.058613684385513,105.902,144.95,9.663071428571428,43,0.9484928638551071,Outlier
ALO,McLaren,46,104.786,Soft,8,2,1,29.6,68.4,False,True,28.554,40.477,35.755,2.8810000000000002,True,7.0,107.60368421052631,3.374050952055656,103.164,127.447,5.698684210526316,55,0.9695970462263203,Normal
SAI,Renault,46,106.272,Soft,9,2,1,29.6,68.4,False,True,28.882,41.072,36.318,4.367000000000004,True,8.0,108.05371428571428,3.160885662504825,105.211,126.917,6.148714285714285,54,0.9715785008085582,Normal
LEC,Sauber,46,106.276,HYPERSOFT,8,2,1,29.6,68.4,False,True,28.754,41.098,36.424,4.370999999999995,True,9.0,108.28051785714285,2.9728195370179042,105.203,125.53,6.375517857142856,54,0.9732788282432779,Normal
HAM,Mercedes,47,104.775,Soft,32,2,1,29.6,68.4,False,True,28.327,40.607,35.841,2.8700000000000045,True,1.0,105.91582456140351,3.3022061084913172,102.913,127.051,4.010824561403508,55,0.9697650096029286,Normal
VER,Red Bull Racing,47,104.251,Soft,30,2,1,29.7,68.3,False,True,28.351,40.246,35.654,2.3460000000000036,True,2.0,106.04414035087719,3.095453056146541,103.345,125.658,4.139140350877192,55,0.9716376709907429,Normal
VET,Ferrari,47,105.499,ULTRASOFT,33,2,1,29.7,68.3,False,True,28.55,41.06,35.889,3.593999999999994,True,3.0,106.60156140350877,2.619846103833093,104.669,123.072,4.696561403508771,55,0.9760134376252476,Normal
HUL,Renault,46,110.414,ULTRASOFT,31,2,1,29.7,68.3,False,True,29.207,44.323,36.884,8.509,True,10.0,108.54183928571429,3.17228234314198,106.093,127.551,6.636839285714285,54,0.9716035690305909,Normal
BOT,Mercedes,47,105.355,Soft,31,2,1,29.7,68.3,False,True,28.6,40.757,35.998,3.450000000000003,True,4.0,106.78705263157894,2.819239052735013,104.72,125.123,4.882052631578946,55,0.9742784925079399,Normal
RAI,Ferrari,47,105.253,Soft,25,2,1,29.7,68.3,False,True,28.339,40.77,36.144,3.347999999999999,True,5.0,106.79471929824561,2.8221106320978113,104.715,124.271,4.889719298245613,55,0.9742547687805684,Normal
RIC,Red Bull Racing,47,106.186,ULTRASOFT,20,2,1,29.7,68.3,False,True,28.331,40.96,36.895,4.281000000000006,True,6.0,106.79677192982456,3.395077182046841,103.12,128.039,4.89177192982456,55,0.9691893982230935,Normal
ERI,Sauber,46,105.441,ULTRASOFT,45,1,1,29.7,68.3,False,True,28.301,40.428,36.712,3.5360000000000014,True,11.0,108.76155357142856,3.031554560225394,105.169,125.409,6.85655357142857,53,0.9728824557176167,Normal
VAN,McLaren,46,105.84,ULTRASOFT,45,1,1,29.7,68.3,False,True,28.808,40.808,36.224,3.9350000000000023,True,12.0,109.45484210526317,6.247945167325788,105.555,149.971,7.549842105263157,54,0.9460000461993539,Normal
GRO,Haas F1 Team,46,106.908,Soft,30,2,1,29.7,68.3,False,True,29.013,41.486,36.409,5.003,True,15.0,108.95883928571428,3.4731910283132765,105.904,128.416,7.053839285714284,52,0.9691085270041597,Normal
GAS,Toro Rosso,46,106.75,ULTRASOFT,20,2,1,29.7,68.3,False,True,28.914,41.341,36.495,4.844999999999999,True,13.0,108.94708928571428,3.3634377990750313,106.063,125.254,7.042089285714285,52,0.9700523371550398,Normal
STR,Williams,46,106.812,ULTRASOFT,6,2,1,29.7,68.3,False,True,29.003,41.531,36.278,4.9069999999999965,True,14.0,109.61347368421052,6.0097040428236435,106.033,147.976,7.708473684210525,54,0.9480233620891177,Normal
MAG,Haas F1 Team,46,106.958,HYPERSOFT,10,3,1,29.7,68.3,False,True,29.055,41.266,36.637,5.052999999999997,True,18.0,109.89536363636364,4.782731577958495,101.905,127.022,7.990363636363635,47,0.9582942882943771,Normal
HAR,Toro Rosso,46,105.613,HYPERSOFT,10,3,1,29.7,68.3,False,True,28.97,40.868,35.775,3.7079999999999984,True,17.0,109.60730357142857,4.3240277264254585,104.889,127.12,7.702303571428571,49,0.9620470710105106,Normal
PER,Racing Point,46,106.55,Soft,13,4,1,29.7,68.3,False,True,29.102,40.958,36.49,4.644999999999996,True,16.0,109.45364285714287,5.274186160152864,105.389,129.117,7.548642857142856,50,0.954028711208701,Normal
ALO,McLaren,47,105.377,Soft,9,2,1,29.7,68.3,False,True,28.605,40.959,35.813,3.471999999999994,True,7.0,107.60368421052631,3.374050952055656,103.164,127.447,5.698684210526316,55,0.9695970462263203,Normal
SAI,Renault,47,105.402,Soft,10,2,1,29.7,68.3,False,True,28.694,40.674,36.034,3.497,True,8.0,108.05371428571428,3.160885662504825,105.211,126.917,6.148714285714285,54,0.9715785008085582,Normal
SIR,Williams,46,131.65,Soft,43,2,1,29.7,68.3,False,True,54.237,41.21,36.203,29.745000000000005,False,19.0,111.56807142857143,6.058613684385513,105.902,144.95,9.663071428571428,43,0.9484928638551071,Outlier
LEC,Sauber,47,106.248,HYPERSOFT,9,2,1,29.7,68.3,False,True,28.78,40.802,36.666,4.3430000000000035,True,9.0,108.28051785714285,2.9728195370179042,105.203,125.53,6.375517857142856,54,0.9732788282432779,Normal
HAM,Mercedes,48,104.566,Soft,33,2,1,29.7,68.3,False,True,28.453,40.475,35.638,2.6610000000000014,True,1.0,105.91582456140351,3.3022061084913172,102.913,127.051,4.010824561403508,55,0.9697650096029286,Normal
VER,Red Bull Racing,48,104.721,Soft,31,2,1,29.7,68.3,False,True,28.45,40.396,35.875,2.8160000000000025,True,2.0,106.04414035087719,3.095453056146541,103.345,125.658,4.139140350877192,55,0.9716376709907429,Normal
VET,Ferrari,48,104.669,ULTRASOFT,34,2,1,29.7,68.3,False,True,28.304,40.806,35.559,2.763999999999996,True,3.0,106.60156140350877,2.619846103833093,104.669,123.072,4.696561403508771,55,0.9760134376252476,Peak
HUL,Renault,47,106.257,ULTRASOFT,32,2,1,29.7,68.3,False,True,28.908,41.183,36.166,4.352000000000004,True,10.0,108.54183928571429,3.17228234314198,106.093,127.551,6.636839285714285,54,0.9716035690305909,Normal
BOT,Mercedes,48,106.146,Soft,32,2,1,29.7,68.3,False,True,28.889,41.04,36.217,4.241,True,4.0,106.78705263157894,2.819239052735013,104.72,125.123,4.882052631578946,55,0.9742784925079399,Normal
RAI,Ferrari,48,105.745,Soft,26,2,1,29.7,68.2,False,True,28.424,40.974,36.347,3.8400000000000034,True,5.0,106.79471929824561,2.8221106320978113,104.715,124.271,4.889719298245613,55,0.9742547687805684,Normal
RIC,Red Bull Racing,48,107.396,ULTRASOFT,21,2,1,29.7,68.2,False,True,28.772,41.891,36.733,5.491,True,6.0,106.79677192982456,3.395077182046841,103.12,128.039,4.89177192982456,55,0.9691893982230935,Normal
ERI,Sauber,47,107.377,ULTRASOFT,46,1,1,29.7,68.2,False,True,28.58,41.375,37.422,5.471999999999994,True,11.0,108.76155357142856,3.031554560225394,105.169,125.409,6.85655357142857,53,0.9728824557176167,Normal
VAN,McLaren,47,106.423,ULTRASOFT,46,1,1,29.7,68.2,False,True,28.823,40.944,36.656,4.518000000000001,True,12.0,109.45484210526317,6.247945167325788,105.555,149.971,7.549842105263157,54,0.9460000461993539,Normal
GRO,Haas F1 Team,47,106.741,Soft,31,2,1,29.7,68.2,False,True,29.027,41.423,36.291,4.8359999999999985,True,15.0,108.95883928571428,3.4731910283132765,105.904,128.416,7.053839285714284,52,0.9691085270041597,Normal
GAS,Toro Rosso,47,106.91,ULTRASOFT,21,2,1,29.7,68.2,False,True,28.975,41.318,36.617,5.0049999999999955,True,13.0,108.94708928571428,3.3634377990750313,106.063,125.254,7.042089285714285,52,0.9700523371550398,Normal
STR,Williams,47,107.072,ULTRASOFT,7,2,1,29.7,68.2,False,True,29.012,41.36,36.7,5.167000000000002,True,14.0,109.61347368421052,6.0097040428236435,106.033,147.976,7.708473684210525,54,0.9480233620891177,Normal
MAG,Haas F1 Team,47,106.534,HYPERSOFT,11,3,1,29.7,68.2,False,True,29.148,41.299,36.087,4.629000000000005,True,18.0,109.89536363636364,4.782731577958495,101.905,127.022,7.990363636363635,47,0.9582942882943771,Normal
HAR,Toro Rosso,47,105.273,HYPERSOFT,11,3,1,29.7,68.2,False,True,28.758,40.6,35.915,3.367999999999995,True,17.0,109.60730357142857,4.3240277264254585,104.889,127.12,7.702303571428571,49,0.9620470710105106,Normal
PER,Racing Point,47,105.722,Soft,14,4,1,29.7,68.2,False,True,28.858,40.759,36.105,3.816999999999993,True,16.0,109.45364285714287,5.274186160152864,105.389,129.117,7.548642857142856,50,0.954028711208701,Normal
ALO,McLaren,48,105.53,Soft,10,2,1,29.7,68.2,False,True,28.833,40.914,35.783,3.625,True,7.0,107.60368421052631,3.374050952055656,103.164,127.447,5.698684210526316,55,0.9695970462263203,Normal
SAI,Renault,48,105.48,Soft,11,2,1,29.8,67.9,False,True,28.864,40.54,36.076,3.575000000000003,True,8.0,108.05371428571428,3.160885662504825,105.211,126.917,6.148714285714285,54,0.9715785008085582,Normal
SIR,Williams,47,106.03,Soft,44,2,1,29.8,67.9,False,True,28.9,41.12,36.01,4.125,True,19.0,111.56807142857143,6.058613684385513,105.902,144.95,9.663071428571428,43,0.9484928638551071,Normal
HAM,Mercedes,49,103.8,Soft,34,2,1,29.8,67.9,False,True,28.359,40.196,35.245,1.894999999999996,True,1.0,105.91582456140351,3.3022061084913172,102.913,127.051,4.010824561403508,55,0.9697650096029286,Normal
LEC,Sauber,48,108.45,HYPERSOFT,10,2,1,29.8,67.9,False,True,30.697,41.219,36.534,6.545000000000002,True,9.0,108.28051785714285,2.9728195370179042,105.203,125.53,6.375517857142856,54,0.9732788282432779,Normal
VER,Red Bull Racing,49,104.697,Soft,32,2,1,29.8,67.9,False,True,28.292,40.38,36.025,2.7920000000000016,True,2.0,106.04414035087719,3.095453056146541,103.345,125.658,4.139140350877192,55,0.9716376709907429,Normal
VET,Ferrari,49,105.244,ULTRASOFT,35,2,1,29.8,67.9,False,True,28.457,40.958,35.829,3.3389999999999986,True,3.0,106.60156140350877,2.619846103833093,104.669,123.072,4.696561403508771,55,0.9760134376252476,Normal
HUL,Renault,48,106.945,ULTRASOFT,33,2,1,29.8,67.9,False,True,28.95,41.252,36.743,5.039999999999992,True,10.0,108.54183928571429,3.17228234314198,106.093,127.551,6.636839285714285,54,0.9716035690305909,Normal
BOT,Mercedes,49,106.216,Soft,33,2,1,29.8,67.9,False,True,28.791,41.076,36.349,4.310999999999993,True,4.0,106.78705263157894,2.819239052735013,104.72,125.123,4.882052631578946,55,0.9742784925079399,Normal
RAI,Ferrari,49,105.972,Soft,27,2,1,29.8,67.9,False,True,28.458,40.99,36.524,4.066999999999993,True,5.0,106.79471929824561,2.8221106320978113,104.715,124.271,4.889719298245613,55,0.9742547687805684,Normal
RIC,Red Bull Racing,49,103.335,ULTRASOFT,22,2,1,29.8,67.9,False,True,27.981,39.884,35.47,1.4299999999999926,True,6.0,106.79677192982456,3.395077182046841,103.12,128.039,4.89177192982456,55,0.9691893982230935,Normal
ERI,Sauber,48,105.797,ULTRASOFT,47,1,1,29.8,67.9,False,True,28.733,40.732,36.332,3.891999999999996,True,11.0,108.76155357142856,3.031554560225394,105.169,125.409,6.85655357142857,53,0.9728824557176167,Normal
VAN,McLaren,48,106.121,ULTRASOFT,47,1,1,29.8,67.9,False,True,28.832,40.998,36.291,4.215999999999994,True,12.0,109.45484210526317,6.247945167325788,105.555,149.971,7.549842105263157,54,0.9460000461993539,Normal
GRO,Haas F1 Team,48,106.464,Soft,32,2,1,29.8,68.1,False,True,28.904,41.338,36.222,4.5589999999999975,True,15.0,108.95883928571428,3.4731910283132765,105.904,128.416,7.053839285714284,52,0.9691085270041597,Normal
GAS,Toro Rosso,48,106.507,ULTRASOFT,22,2,1,29.8,68.1,False,True,28.789,41.218,36.5,4.602000000000004,True,13.0,108.94708928571428,3.3634377990750313,106.063,125.254,7.042089285714285,52,0.9700523371550398,Normal
STR,Williams,48,106.59,ULTRASOFT,8,2,1,29.8,68.1,False,True,28.907,41.3,36.383,4.685000000000002,True,14.0,109.61347368421052,6.0097040428236435,106.033,147.976,7.708473684210525,54,0.9480233620891177,Normal
MAG,Haas F1 Team,48,114.585,HYPERSOFT,12,3,1,29.8,68.1,False,True,29.004,41.379,44.202,12.679999999999993,False,18.0,109.89536363636364,4.782731577958495,101.905,127.022,7.990363636363635,47,0.9582942882943771,Outlier
HAR,Toro Rosso,48,105.155,HYPERSOFT,12,3,1,29.8,68.1,False,True,28.68,40.794,35.681,3.25,True,17.0,109.60730357142857,4.3240277264254585,104.889,127.12,7.702303571428571,49,0.9620470710105106,Normal
PER,Racing Point,48,105.389,Soft,15,4,1,29.8,68.1,False,True,28.673,40.765,35.951,3.4839999999999947,True,16.0,109.45364285714287,5.274186160152864,105.389,129.117,7.548642857142856,50,0.954028711208701,Peak
ALO,McLaren,49,105.864,Soft,11,2,1,29.8,68.1,False,True,28.679,41.133,36.052,3.959000000000003,True,7.0,107.60368421052631,3.374050952055656,103.164,127.447,5.698684210526316,55,0.9695970462263203,Normal
SAI,Renault,49,105.327,Soft,12,2,1,29.8,68.0,False,True,28.839,40.635,35.853,3.421999999999997,True,8.0,108.05371428571428,3.160885662504825,105.211,126.917,6.148714285714285,54,0.9715785008085582,Normal
SIR,Williams,48,105.902,Soft,45,2,1,29.8,68.0,False,True,28.748,40.99,36.164,3.997,True,19.0,111.56807142857143,6.058613684385513,105.902,144.95,9.663071428571428,43,0.9484928638551071,Peak
HAM,Mercedes,50,104.255,Soft,35,2,1,29.8,68.0,False,True,28.299,40.316,35.64,2.3499999999999943,True,1.0,105.91582456140351,3.3022061084913172,102.913,127.051,4.010824561403508,55,0.9697650096029286,Normal
VER,Red Bull Racing,50,103.852,Soft,33,2,1,29.8,68.0,False,True,28.312,40.078,35.462,1.9470000000000027,True,2.0,106.04414035087719,3.095453056146541,103.345,125.658,4.139140350877192,55,0.9716376709907429,Normal
LEC,Sauber,49,108.198,HYPERSOFT,11,2,1,29.8,68.0,False,True,30.593,41.161,36.444,6.292999999999992,True,9.0,108.28051785714285,2.9728195370179042,105.203,125.53,6.375517857142856,54,0.9732788282432779,Normal
VET,Ferrari,50,105.801,ULTRASOFT,36,2,1,29.8,68.0,False,True,28.52,41.247,36.034,3.896000000000001,True,3.0,106.60156140350877,2.619846103833093,104.669,123.072,4.696561403508771,55,0.9760134376252476,Normal
HUL,Renault,49,106.141,ULTRASOFT,34,2,1,29.8,68.0,False,True,28.95,41.139,36.052,4.236000000000004,True,10.0,108.54183928571429,3.17228234314198,106.093,127.551,6.636839285714285,54,0.9716035690305909,Normal
BOT,Mercedes,50,106.354,Soft,34,2,1,29.8,68.0,False,True,28.734,41.48,36.14,4.448999999999998,True,4.0,106.78705263157894,2.819239052735013,104.72,125.123,4.882052631578946,55,0.9742784925079399,Normal
RAI,Ferrari,50,106.237,Soft,28,2,1,29.8,68.0,False,True,28.548,41.49,36.199,4.331999999999994,True,5.0,106.79471929824561,2.8221106320978113,104.715,124.271,4.889719298245613,55,0.9742547687805684,Normal
RIC,Red Bull Racing,50,106.367,ULTRASOFT,23,2,1,29.8,68.0,False,True,28.772,41.15,36.445,4.462000000000003,True,6.0,106.79677192982456,3.395077182046841,103.12,128.039,4.89177192982456,55,0.9691893982230935,Normal
ERI,Sauber,49,105.326,ULTRASOFT,48,1,1,29.8,68.0,False,True,28.586,40.429,36.311,3.4209999999999923,True,11.0,108.76155357142856,3.031554560225394,105.169,125.409,6.85655357142857,53,0.9728824557176167,Normal
VAN,McLaren,49,105.895,ULTRASOFT,48,1,1,29.8,68.0,False,True,28.832,40.971,36.092,3.989999999999995,True,12.0,109.45484210526317,6.247945167325788,105.555,149.971,7.549842105263157,54,0.9460000461993539,Normal
GRO,Haas F1 Team,49,106.317,Soft,33,2,1,29.8,68.0,False,True,29.023,41.223,36.071,4.411999999999992,True,15.0,108.95883928571428,3.4731910283132765,105.904,128.416,7.053839285714284,52,0.9691085270041597,Normal
GAS,Toro Rosso,49,106.502,ULTRASOFT,23,2,1,29.8,68.0,False,True,28.823,41.341,36.338,4.596999999999994,True,13.0,108.94708928571428,3.3634377990750313,106.063,125.254,7.042089285714285,52,0.9700523371550398,Normal
STR,Williams,49,106.496,ULTRASOFT,9,2,1,29.8,68.0,False,True,28.952,41.057,36.487,4.590999999999994,True,14.0,109.61347368421052,6.0097040428236435,106.033,147.976,7.708473684210525,54,0.9480233620891177,Normal
HAR,Toro Rosso,49,105.568,HYPERSOFT,13,3,1,29.8,68.1,False,True,28.956,40.734,35.878,3.6629999999999967,True,17.0,109.60730357142857,4.3240277264254585,104.889,127.12,7.702303571428571,49,0.9620470710105106,Normal
PER,Racing Point,49,105.668,Soft,16,4,1,29.8,68.1,False,True,28.89,40.895,35.883,3.7630000000000052,True,16.0,109.45364285714287,5.274186160152864,105.389,129.117,7.548642857142856,50,0.954028711208701,Normal
MAG,Haas F1 Team,49,124.527,HYPERSOFT,13,3,1,29.8,68.1,False,True,48.134,40.077,36.316,22.622,False,18.0,109.89536363636364,4.782731577958495,101.905,127.022,7.990363636363635,47,0.9582942882943771,Outlier
ALO,McLaren,50,107.072,Soft,12,2,1,29.8,68.1,False,True,28.92,41.799,36.353,5.167000000000002,True,7.0,107.60368421052631,3.374050952055656,103.164,127.447,5.698684210526316,55,0.9695970462263203,Normal
SAI,Renault,50,105.211,Soft,13,2,1,29.8,68.1,False,True,28.753,40.529,35.929,3.3059999999999974,True,8.0,108.05371428571428,3.160885662504825,105.211,126.917,6.148714285714285,54,0.9715785008085582,Peak
SIR,Williams,49,106.194,Soft,46,2,1,29.8,68.1,False,True,28.81,41.147,36.237,4.2890000000000015,True,19.0,111.56807142857143,6.058613684385513,105.902,144.95,9.663071428571428,43,0.9484928638551071,Normal
HAM,Mercedes,51,104.748,Soft,36,2,1,29.8,68.1,False,True,28.342,40.495,35.911,2.8430000000000035,True,1.0,105.91582456140351,3.3022061084913172,102.913,127.051,4.010824561403508,55,0.9697650096029286,Normal
VER,Red Bull Racing,51,103.533,Soft,34,2,1,29.8,68.1,False,True,28.285,39.965,35.283,1.6280000000000001,True,2.0,106.04414035087719,3.095453056146541,103.345,125.658,4.139140350877192,55,0.9716376709907429,Normal
LEC,Sauber,50,105.957,HYPERSOFT,12,2,1,29.9,68.4,False,True,28.727,40.898,36.332,4.0519999999999925,True,9.0,108.28051785714285,2.9728195370179042,105.203,125.53,6.375517857142856,54,0.9732788282432779,Normal
VET,Ferrari,51,105.219,ULTRASOFT,37,2,1,29.9,68.4,False,True,28.508,41.061,35.65,3.313999999999993,True,3.0,106.60156140350877,2.619846103833093,104.669,123.072,4.696561403508771,55,0.9760134376252476,Normal
HUL,Renault,50,106.095,ULTRASOFT,35,2,1,29.9,68.4,False,True,28.894,40.959,36.242,4.189999999999998,True,10.0,108.54183928571429,3.17228234314198,106.093,127.551,6.636839285714285,54,0.9716035690305909,Normal
BOT,Mercedes,51,106.04,Soft,35,2,1,29.9,68.4,False,True,28.609,41.299,36.132,4.135000000000005,True,4.0,106.78705263157894,2.819239052735013,104.72,125.123,4.882052631578946,55,0.9742784925079399,Normal
RAI,Ferrari,51,106.286,Soft,29,2,1,29.9,68.4,False,True,28.222,41.595,36.469,4.381,True,5.0,106.79471929824561,2.8221106320978113,104.715,124.271,4.889719298245613,55,0.9742547687805684,Normal
RIC,Red Bull Racing,51,105.696,ULTRASOFT,24,2,1,29.9,68.4,False,True,28.365,40.933,36.398,3.790999999999997,True,6.0,106.79677192982456,3.395077182046841,103.12,128.039,4.89177192982456,55,0.9691893982230935,Normal
ERI,Sauber,50,105.169,ULTRASOFT,49,1,1,29.9,68.4,False,True,28.524,40.52,36.125,3.263999999999996,True,11.0,108.76155357142856,3.031554560225394,105.169,125.409,6.85655357142857,53,0.9728824557176167,Peak
VAN,McLaren,50,105.555,ULTRASOFT,49,1,1,29.9,68.4,False,True,28.653,40.848,36.054,3.6500000000000057,True,12.0,109.45484210526317,6.247945167325788,105.555,149.971,7.549842105263157,54,0.9460000461993539,Peak
GRO,Haas F1 Team,50,106.941,Soft,34,2,1,29.9,68.4,False,True,28.998,41.381,36.562,5.036000000000001,True,15.0,108.95883928571428,3.4731910283132765,105.904,128.416,7.053839285714284,52,0.9691085270041597,Normal
GAS,Toro Rosso,50,106.726,ULTRASOFT,24,2,1,29.9,68.4,False,True,28.886,41.307,36.533,4.820999999999998,True,13.0,108.94708928571428,3.3634377990750313,106.063,125.254,7.042089285714285,52,0.9700523371550398,Normal
STR,Williams,50,106.308,ULTRASOFT,10,2,1,29.9,68.4,False,True,28.838,40.999,36.471,4.403000000000006,True,14.0,109.61347368421052,6.0097040428236435,106.033,147.976,7.708473684210525,54,0.9480233620891177,Normal
HAR,Toro Rosso,50,106.075,HYPERSOFT,14,3,1,29.9,68.4,False,True,28.944,40.961,36.17,4.170000000000002,True,17.0,109.60730357142857,4.3240277264254585,104.889,127.12,7.702303571428571,49,0.9620470710105106,Normal
PER,Racing Point,50,105.847,Soft,17,4,1,29.9,68.2,False,True,28.937,40.905,36.005,3.941999999999993,True,16.0,109.45364285714287,5.274186160152864,105.389,129.117,7.548642857142856,50,0.954028711208701,Normal
MAG,Haas F1 Team,50,101.905,HYPERSOFT,14,3,1,29.9,68.2,False,True,27.993,39.012,34.9,0.0,True,18.0,109.89536363636364,4.782731577958495,101.905,127.022,7.990363636363635,47,0.9582942882943771,Peak
ALO,McLaren,51,106.083,Soft,13,2,1,29.9,68.2,False,True,28.805,40.899,36.379,4.177999999999997,True,7.0,107.60368421052631,3.374050952055656,103.164,127.447,5.698684210526316,55,0.9695970462263203,Normal
SAI,Renault,51,105.377,Soft,14,2,1,29.9,68.2,False,True,28.74,40.58,36.057,3.471999999999994,True,8.0,108.05371428571428,3.160885662504825,105.211,126.917,6.148714285714285,54,0.9715785008085582,Normal
HAM,Mercedes,52,103.288,Soft,37,2,1,29.9,68.2,False,True,28.384,39.879,35.025,1.3829999999999956,True,1.0,105.91582456140351,3.3022061084913172,102.913,127.051,4.010824561403508,55,0.9697650096029286,Normal
VER,Red Bull Racing,52,104.78,Soft,35,2,1,29.9,68.2,False,True,28.401,40.87,35.509,2.875,True,2.0,106.04414035087719,3.095453056146541,103.345,125.658,4.139140350877192,55,0.9716376709907429,Normal
SIR,Williams,50,111.055,Soft,47,2,1,29.9,68.2,False,True,30.522,42.708,37.825,9.150000000000006,True,19.0,111.56807142857143,6.058613684385513,105.902,144.95,9.663071428571428,43,0.9484928638551071,Normal
LEC,Sauber,51,106.086,HYPERSOFT,13,2,1,29.9,68.2,False,True,28.959,40.824,36.303,4.180999999999997,True,9.0,108.28051785714285,2.9728195370179042,105.203,125.53,6.375517857142856,54,0.9732788282432779,Normal
VET,Ferrari,52,105.305,ULTRASOFT,38,2,1,29.9,68.2,False,True,28.474,41.075,35.756,3.4000000000000057,True,3.0,106.60156140350877,2.619846103833093,104.669,123.072,4.696561403508771,55,0.9760134376252476,Normal
HUL,Renault,51,106.137,ULTRASOFT,36,2,1,29.9,68.3,False,True,28.917,41.0,36.22,4.231999999999999,True,10.0,108.54183928571429,3.17228234314198,106.093,127.551,6.636839285714285,54,0.9716035690305909,Normal
BOT,Mercedes,52,106.256,Soft,36,2,1,29.9,68.3,False,True,28.685,41.351,36.22,4.350999999999999,True,4.0,106.78705263157894,2.819239052735013,104.72,125.123,4.882052631578946,55,0.9742784925079399,Normal
RAI,Ferrari,52,106.174,Soft,30,2,1,29.9,68.3,False,True,28.425,41.306,36.443,4.2690000000000055,True,5.0,106.79471929824561,2.8221106320978113,104.715,124.271,4.889719298245613,55,0.9742547687805684,Normal
RIC,Red Bull Racing,52,106.233,ULTRASOFT,25,2,1,29.9,68.3,False,True,28.406,41.228,36.599,4.328000000000003,True,6.0,106.79677192982456,3.395077182046841,103.12,128.039,4.89177192982456,55,0.9691893982230935,Normal
ERI,Sauber,51,105.782,ULTRASOFT,50,1,1,29.9,68.3,False,True,28.664,40.729,36.389,3.8769999999999953,True,11.0,108.76155357142856,3.031554560225394,105.169,125.409,6.85655357142857,53,0.9728824557176167,Normal
VAN,McLaren,51,105.764,ULTRASOFT,50,1,1,29.9,68.3,False,True,28.815,40.846,36.103,3.8589999999999947,True,12.0,109.45484210526317,6.247945167325788,105.555,149.971,7.549842105263157,54,0.9460000461993539,Normal
GRO,Haas F1 Team,51,106.003,Soft,35,2,1,29.9,68.3,False,True,28.861,41.029,36.113,4.097999999999999,True,15.0,108.95883928571428,3.4731910283132765,105.904,128.416,7.053839285714284,52,0.9691085270041597,Normal
GAS,Toro Rosso,51,106.169,ULTRASOFT,25,2,1,29.9,68.3,False,True,28.997,41.037,36.135,4.263999999999996,True,13.0,108.94708928571428,3.3634377990750313,106.063,125.254,7.042089285714285,52,0.9700523371550398,Normal
STR,Williams,51,106.462,ULTRASOFT,11,2,1,29.9,68.3,False,True,28.802,41.185,36.475,4.557000000000002,True,14.0,109.61347368421052,6.0097040428236435,106.033,147.976,7.708473684210525,54,0.9480233620891177,Normal
HAR,Toro Rosso,51,106.701,HYPERSOFT,15,3,1,29.9,68.3,False,True,29.26,41.2,36.241,4.795999999999992,True,17.0,109.60730357142857,4.3240277264254585,104.889,127.12,7.702303571428571,49,0.9620470710105106,Normal
PER,Racing Point,51,106.18,Soft,18,4,1,29.9,68.3,False,True,28.694,41.277,36.209,4.275000000000006,True,16.0,109.45364285714287,5.274186160152864,105.389,129.117,7.548642857142856,50,0.954028711208701,Normal
MAG,Haas F1 Team,51,106.121,HYPERSOFT,15,3,1,29.9,68.3,False,True,28.905,40.629,36.587,4.215999999999994,True,18.0,109.89536363636364,4.782731577958495,101.905,127.022,7.990363636363635,47,0.9582942882943771,Normal
ALO,McLaren,52,104.881,Soft,14,2,1,29.9,68.4,False,True,28.824,40.642,35.415,2.975999999999999,True,7.0,107.60368421052631,3.374050952055656,103.164,127.447,5.698684210526316,55,0.9695970462263203,Normal
SAI,Renault,52,105.381,Soft,15,2,1,29.9,68.4,False,True,28.704,40.769,35.908,3.475999999999999,True,8.0,108.05371428571428,3.160885662504825,105.211,126.917,6.148714285714285,54,0.9715785008085582,Normal
HAM,Mercedes,53,103.503,Soft,38,2,1,29.9,68.4,False,True,28.131,40.135,35.237,1.597999999999999,True,1.0,105.91582456140351,3.3022061084913172,102.913,127.051,4.010824561403508,55,0.9697650096029286,Normal
VER,Red Bull Racing,53,103.61,Soft,36,2,1,29.9,68.4,False,True,28.274,39.958,35.378,1.7049999999999983,True,2.0,106.04414035087719,3.095453056146541,103.345,125.658,4.139140350877192,55,0.9716376709907429,Normal
SIR,Williams,51,107.392,Soft,48,2,1,29.9,68.4,False,True,29.069,41.63,36.693,5.486999999999995,True,19.0,111.56807142857143,6.058613684385513,105.902,144.95,9.663071428571428,43,0.9484928638551071,Normal
LEC,Sauber,52,106.669,HYPERSOFT,14,2,1,29.9,68.4,False,True,28.76,41.114,36.795,4.763999999999996,True,9.0,108.28051785714285,2.9728195370179042,105.203,125.53,6.375517857142856,54,0.9732788282432779,Normal
VET,Ferrari,53,106.467,ULTRASOFT,39,2,1,29.9,68.4,False,True,28.609,41.642,36.216,4.561999999999998,True,3.0,106.60156140350877,2.619846103833093,104.669,123.072,4.696561403508771,55,0.9760134376252476,Normal
HUL,Renault,52,106.136,ULTRASOFT,37,2,1,29.9,68.4,False,True,28.883,41.089,36.164,4.2309999999999945,True,10.0,108.54183928571429,3.17228234314198,106.093,127.551,6.636839285714285,54,0.9716035690305909,Normal
BOT,Mercedes,53,106.04,Soft,37,2,1,29.9,68.4,False,True,28.659,41.225,36.156,4.135000000000005,True,4.0,106.78705263157894,2.819239052735013,104.72,125.123,4.882052631578946,55,0.9742784925079399,Normal
RAI,Ferrari,53,106.078,Soft,31,2,1,29.9,68.4,False,True,28.171,41.5,36.407,4.173000000000002,True,5.0,106.79471929824561,2.8221106320978113,104.715,124.271,4.889719298245613,55,0.9742547687805684,Normal
RIC,Red Bull Racing,53,106.46,ULTRASOFT,26,2,1,29.9,68.4,False,True,28.233,41.27,36.957,4.554999999999993,True,6.0,106.79677192982456,3.395077182046841,103.12,128.039,4.89177192982456,55,0.9691893982230935,Normal
ERI,Sauber,52,106.814,ULTRASOFT,51,1,1,29.9,68.4,False,True,28.699,41.215,36.9,4.908999999999992,True,11.0,108.76155357142856,3.031554560225394,105.169,125.409,6.85655357142857,53,0.9728824557176167,Normal
VAN,McLaren,52,105.934,ULTRASOFT,51,1,1,29.9,68.4,False,True,28.762,40.959,36.213,4.028999999999996,True,12.0,109.45484210526317,6.247945167325788,105.555,149.971,7.549842105263157,54,0.9460000461993539,Normal
GRO,Haas F1 Team,52,106.467,Soft,36,2,1,29.8,68.6,False,True,28.85,41.339,36.278,4.561999999999998,True,15.0,108.95883928571428,3.4731910283132765,105.904,128.416,7.053839285714284,52,0.9691085270041597,Normal
GAS,Toro Rosso,52,106.544,ULTRASOFT,26,2,1,29.8,68.6,False,True,28.912,41.263,36.369,4.638999999999996,True,13.0,108.94708928571428,3.3634377990750313,106.063,125.254,7.042089285714285,52,0.9700523371550398,Normal
STR,Williams,52,106.219,ULTRASOFT,12,2,1,29.8,68.6,False,True,28.837,41.066,36.316,4.313999999999993,True,14.0,109.61347368421052,6.0097040428236435,106.033,147.976,7.708473684210525,54,0.9480233620891177,Normal
HAR,Toro Rosso,52,106.228,HYPERSOFT,16,3,1,29.8,68.6,False,True,29.193,41.065,35.97,4.322999999999993,True,17.0,109.60730357142857,4.3240277264254585,104.889,127.12,7.702303571428571,49,0.9620470710105106,Normal
PER,Racing Point,52,105.687,Soft,19,4,1,29.8,68.6,False,True,28.736,40.869,36.082,3.7819999999999965,True,16.0,109.45364285714287,5.274186160152864,105.389,129.117,7.548642857142856,50,0.954028711208701,Normal
MAG,Haas F1 Team,52,106.645,HYPERSOFT,16,3,1,29.8,68.6,False,True,28.842,41.036,36.767,4.739999999999995,True,18.0,109.89536363636364,4.782731577958495,101.905,127.022,7.990363636363635,47,0.9582942882943771,Normal
ALO,McLaren,53,104.674,Soft,15,2,1,29.8,68.6,False,True,28.565,40.391,35.718,2.7690000000000055,True,7.0,107.60368421052631,3.374050952055656,103.164,127.447,5.698684210526316,55,0.9695970462263203,Normal
SAI,Renault,53,106.426,Soft,16,2,1,29.7,68.9,False,True,28.931,40.825,36.67,4.521000000000001,True,8.0,108.05371428571428,3.160885662504825,105.211,126.917,6.148714285714285,54,0.9715785008085582,Normal
HAM,Mercedes,54,104.488,Soft,39,2,1,29.7,68.9,False,True,28.246,40.487,35.755,2.5829999999999984,True,1.0,105.91582456140351,3.3022061084913172,102.913,127.051,4.010824561403508,55,0.9697650096029286,Normal
VER,Red Bull Racing,54,103.345,Soft,37,2,1,29.7,68.9,False,True,28.164,39.874,35.307,1.4399999999999977,True,2.0,106.04414035087719,3.095453056146541,103.345,125.658,4.139140350877192,55,0.9716376709907429,Peak
SIR,Williams,52,108.387,Soft,49,2,1,29.7,68.9,False,True,29.435,42.033,36.919,6.481999999999999,True,19.0,111.56807142857143,6.058613684385513,105.902,144.95,9.663071428571428,43,0.9484928638551071,Normal
LEC,Sauber,53,107.214,HYPERSOFT,15,2,1,29.7,68.9,False,True,28.861,41.491,36.862,5.3089999999999975,True,9.0,108.28051785714285,2.9728195370179042,105.203,125.53,6.375517857142856,54,0.9732788282432779,Normal
VET,Ferrari,54,105.956,ULTRASOFT,40,2,1,29.7,68.9,False,True,28.499,41.333,36.124,4.051000000000002,True,3.0,106.60156140350877,2.619846103833093,104.669,123.072,4.696561403508771,55,0.9760134376252476,Normal
HUL,Renault,53,106.093,ULTRASOFT,38,2,1,29.7,68.9,False,True,28.843,41.099,36.151,4.188000000000002,True,10.0,108.54183928571429,3.17228234314198,106.093,127.551,6.636839285714285,54,0.9716035690305909,Peak
BOT,Mercedes,54,106.031,Soft,38,2,1,29.7,68.9,False,True,28.789,41.218,36.024,4.126000000000005,True,4.0,106.78705263157894,2.819239052735013,104.72,125.123,4.882052631578946,55,0.9742784925079399,Normal
RAI,Ferrari,54,106.254,Soft,32,2,1,29.7,68.9,False,True,28.494,41.501,36.259,4.349000000000004,True,5.0,106.79471929824561,2.8221106320978113,104.715,124.271,4.889719298245613,55,0.9742547687805684,Normal
RIC,Red Bull Racing,54,109.243,ULTRASOFT,27,2,1,29.7,68.9,False,True,29.212,42.445,37.586,7.337999999999994,True,6.0,106.79677192982456,3.395077182046841,103.12,128.039,4.89177192982456,55,0.9691893982230935,Normal
ERI,Sauber,53,108.34,ULTRASOFT,52,1,1,29.7,68.9,False,True,29.049,41.759,37.532,6.435000000000002,True,11.0,108.76155357142856,3.031554560225394,105.169,125.409,6.85655357142857,53,0.9728824557176167,Normal
VAN,McLaren,53,106.34,ULTRASOFT,52,1,1,29.7,68.9,False,True,28.828,41.075,36.437,4.435000000000002,True,12.0,109.45484210526317,6.247945167325788,105.555,149.971,7.549842105263157,54,0.9460000461993539,Normal
GRO,Haas F1 Team,53,106.458,Soft,37,2,1,29.7,68.9,False,True,28.961,41.381,36.116,4.552999999999997,True,15.0,108.95883928571428,3.4731910283132765,105.904,128.416,7.053839285714284,52,0.9691085270041597,Normal
GAS,Toro Rosso,53,106.674,ULTRASOFT,27,2,1,29.7,68.9,False,True,28.893,41.246,36.535,4.7690000000000055,True,13.0,108.94708928571428,3.3634377990750313,106.063,125.254,7.042089285714285,52,0.9700523371550398,Normal
STR,Williams,53,106.033,ULTRASOFT,13,2,1,29.7,68.9,False,True,28.737,41.097,36.199,4.128,True,14.0,109.61347368421052,6.0097040428236435,106.033,147.976,7.708473684210525,54,0.9480233620891177,Peak
HAR,Toro Rosso,53,106.643,HYPERSOFT,17,3,1,29.7,68.9,False,True,29.162,41.43,36.051,4.7379999999999995,True,17.0,109.60730357142857,4.3240277264254585,104.889,127.12,7.702303571428571,49,0.9620470710105106,Normal
PER,Racing Point,53,105.692,Soft,20,4,1,29.7,68.9,False,True,28.721,41.053,35.918,3.786999999999992,True,16.0,109.45364285714287,5.274186160152864,105.389,129.117,7.548642857142856,50,0.954028711208701,Normal
MAG,Haas F1 Team,53,107.907,HYPERSOFT,17,3,1,29.7,68.9,False,True,29.272,41.477,37.158,6.001999999999995,True,18.0,109.89536363636364,4.782731577958495,101.905,127.022,7.990363636363635,47,0.9582942882943771,Normal
ALO,McLaren,54,105.403,Soft,16,2,1,29.7,68.9,False,True,28.609,40.49,36.304,3.4980000000000047,True,7.0,107.60368421052631,3.374050952055656,103.164,127.447,5.698684210526316,55,0.9695970462263203,Normal
HAM,Mercedes,55,103.252,Soft,40,2,1,29.7,68.9,False,True,28.268,40.002,34.982,1.3469999999999942,True,1.0,105.91582456140351,3.3022061084913172,102.913,127.051,4.010824561403508,55,0.9697650096029286,Normal
SAI,Renault,54,107.951,Soft,17,2,1,29.7,68.9,False,True,29.948,41.493,36.51,6.045999999999992,True,8.0,108.05371428571428,3.160885662504825,105.211,126.917,6.148714285714285,54,0.9715785008085582,Normal
VER,Red Bull Racing,55,105.322,Soft,38,2,1,29.7,68.9,False,True,28.255,40.715,36.352,3.4170000000000016,True,2.0,106.04414035087719,3.095453056146541,103.345,125.658,4.139140350877192,55,0.9716376709907429,Normal
LEC,Sauber,54,107.301,HYPERSOFT,16,2,1,29.8,68.9,False,True,28.8,41.757,36.744,5.396000000000001,True,9.0,108.28051785714285,2.9728195370179042,105.203,125.53,6.375517857142856,54,0.9732788282432779,Normal
SIR,Williams,53,111.838,Soft,50,2,1,29.8,68.9,False,True,29.399,42.53,39.909,9.932999999999993,True,19.0,111.56807142857143,6.058613684385513,105.902,144.95,9.663071428571428,43,0.9484928638551071,Normal
VET,Ferrari,55,106.738,ULTRASOFT,41,2,1,29.8,68.9,False,True,28.495,41.45,36.793,4.832999999999998,True,3.0,106.60156140350877,2.619846103833093,104.669,123.072,4.696561403508771,55,0.9760134376252476,Normal
HUL,Renault,54,106.37,ULTRASOFT,39,2,1,29.8,68.9,False,True,28.813,41.302,36.255,4.465000000000003,True,10.0,108.54183928571429,3.17228234314198,106.093,127.551,6.636839285714285,54,0.9716035690305909,Normal
BOT,Mercedes,55,106.568,Soft,39,2,1,29.8,68.9,False,True,28.589,41.393,36.586,4.662999999999997,True,4.0,106.78705263157894,2.819239052735013,104.72,125.123,4.882052631578946,55,0.9742784925079399,Normal
RAI,Ferrari,55,106.107,Soft,33,2,1,29.8,68.9,False,True,28.326,41.268,36.513,4.201999999999998,True,5.0,106.79471929824561,2.8221106320978113,104.715,124.271,4.889719298245613,55,0.9742547687805684,Normal
RIC,Red Bull Racing,55,103.214,ULTRASOFT,28,2,1,29.8,68.9,False,True,28.036,39.844,35.334,1.3089999999999975,True,6.0,106.79677192982456,3.395077182046841,103.12,128.039,4.89177192982456,55,0.9691893982230935,Normal
ERI,Sauber,54,107.792,ULTRASOFT,53,1,1,29.8,68.9,False,True,29.086,41.774,36.932,5.8870000000000005,True,11.0,108.76155357142856,3.031554560225394,105.169,125.409,6.85655357142857,53,0.9728824557176167,Normal
VAN,McLaren,54,107.303,ULTRASOFT,53,1,1,29.8,68.9,False,True,28.97,41.443,36.89,5.397999999999996,True,12.0,109.45484210526317,6.247945167325788,105.555,149.971,7.549842105263157,54,0.9460000461993539,Normal
GRO,Haas F1 Team,54,106.222,Soft,38,2,1,29.8,68.9,False,True,28.894,41.257,36.071,4.316999999999993,True,15.0,108.95883928571428,3.4731910283132765,105.904,128.416,7.053839285714284,52,0.9691085270041597,Normal
GAS,Toro Rosso,54,106.424,ULTRASOFT,28,2,1,29.8,68.9,False,True,28.945,41.428,36.051,4.5190000000000055,True,13.0,108.94708928571428,3.3634377990750313,106.063,125.254,7.042089285714285,52,0.9700523371550398,Normal
STR,Williams,54,106.268,ULTRASOFT,14,2,1,29.8,68.9,False,True,28.846,41.075,36.347,4.3629999999999995,True,14.0,109.61347368421052,6.0097040428236435,106.033,147.976,7.708473684210525,54,0.9480233620891177,Normal
HAR,Toro Rosso,54,106.915,HYPERSOFT,18,3,1,29.7,68.8,False,True,29.156,41.406,36.353,5.010000000000005,True,17.0,109.60730357142857,4.3240277264254585,104.889,127.12,7.702303571428571,49,0.9620470710105106,Normal
PER,Racing Point,54,105.879,Soft,21,4,1,29.7,68.8,False,True,28.836,40.83,36.213,3.9740000000000038,True,16.0,109.45364285714287,5.274186160152864,105.389,129.117,7.548642857142856,50,0.954028711208701,Normal
ALO,McLaren,55,107.882,Soft,17,2,1,29.7,68.8,False,True,28.387,42.542,36.953,5.977000000000004,True,7.0,107.60368421052631,3.374050952055656,103.164,127.447,5.698684210526316,55,0.9695970462263203,Normal
MAG,Haas F1 Team,54,110.278,HYPERSOFT,18,3,1,29.7,68.8,False,True,28.493,44.488,37.297,8.373000000000005,True,18.0,109.89536363636364,4.782731577958495,101.905,127.022,7.990363636363635,47,0.9582942882943771,Normal
HAM,Mercedes,56,102.913,Soft,41,2,1,29.7,68.8,False,True,28.085,39.888,34.94,1.0079999999999956,True,1.0,105.91582456140351,3.3022061084913172,102.913,127.051,4.010824561403508,55,0.9697650096029286,Peak
VER,Red Bull Racing,56,103.691,Soft,39,2,1,29.7,68.8,False,True,28.278,40.09,35.323,1.7860000000000014,True,2.0,106.04414035087719,3.095453056146541,103.345,125.658,4.139140350877192,55,0.9716376709907429,Normal
SAI,Renault,55,108.18,Soft,18,2,1,29.7,68.8,False,True,30.556,41.216,36.408,6.275000000000006,True,8.0,108.05371428571428,3.160885662504825,105.211,126.917,6.148714285714285,54,0.9715785008085582,Normal
LEC,Sauber,55,106.136,HYPERSOFT,17,2,1,29.7,68.8,False,True,28.778,41.159,36.199,4.2309999999999945,True,9.0,108.28051785714285,2.9728195370179042,105.203,125.53,6.375517857142856,54,0.9732788282432779,Normal
VET,Ferrari,56,106.549,ULTRASOFT,42,2,1,29.7,68.8,False,True,29.022,41.431,36.096,4.6440000000000055,True,3.0,106.60156140350877,2.619846103833093,104.669,123.072,4.696561403508771,55,0.9760134376252476,Normal
SIR,Williams,54,111.581,Soft,51,2,1,29.7,69.1,False,True,30.693,43.208,37.68,9.676000000000002,True,19.0,111.56807142857143,6.058613684385513,105.902,144.95,9.663071428571428,43,0.9484928638551071,Normal
HUL,Renault,55,106.519,ULTRASOFT,40,2,1,29.7,69.1,False,True,28.932,41.321,36.266,4.614000000000004,True,10.0,108.54183928571429,3.17228234314198,106.093,127.551,6.636839285714285,54,0.9716035690305909,Normal
BOT,Mercedes,56,106.519,Soft,40,2,1,29.7,69.1,False,True,28.619,41.544,36.356,4.614000000000004,True,4.0,106.78705263157894,2.819239052735013,104.72,125.123,4.882052631578946,55,0.9742784925079399,Normal
RAI,Ferrari,56,106.493,Soft,34,2,1,29.7,69.1,False,True,28.426,41.564,36.503,4.587999999999994,True,5.0,106.79471929824561,2.8221106320978113,104.715,124.271,4.889719298245613,55,0.9742547687805684,Normal
RIC,Red Bull Racing,56,107.257,ULTRASOFT,29,2,1,29.7,69.1,False,True,28.785,41.613,36.859,5.352000000000004,True,6.0,106.79677192982456,3.395077182046841,103.12,128.039,4.89177192982456,55,0.9691893982230935,Normal
ERI,Sauber,55,106.911,ULTRASOFT,54,1,1,29.7,69.1,False,True,28.869,41.453,36.589,5.006,True,11.0,108.76155357142856,3.031554560225394,105.169,125.409,6.85655357142857,53,0.9728824557176167,Normal
VAN,McLaren,55,106.719,ULTRASOFT,54,1,1,29.7,69.1,False,True,28.83,41.332,36.557,4.813999999999993,True,12.0,109.45484210526317,6.247945167325788,105.555,149.971,7.549842105263157,54,0.9460000461993539,Normal
GRO,Haas F1 Team,55,106.031,Soft,39,2,1,29.7,69.1,False,True,28.864,41.066,36.101,4.126000000000005,True,15.0,108.95883928571428,3.4731910283132765,105.904,128.416,7.053839285714284,52,0.9691085270041597,Normal
GAS,Toro Rosso,55,106.068,ULTRASOFT,29,2,1,29.7,69.1,False,True,28.948,41.186,35.934,4.162999999999997,True,13.0,108.94708928571428,3.3634377990750313,106.063,125.254,7.042089285714285,52,0.9700523371550398,Normal
STR,Williams,55,106.359,ULTRASOFT,15,2,1,29.7,69.1,False,True,28.898,40.939,36.522,4.4539999999999935,True,14.0,109.61347368421052,6.0097040428236435,106.033,147.976,7.708473684210525,54,0.9480233620891177,Normal
HAR,Toro Rosso,55,106.979,HYPERSOFT,19,3,1,29.7,69.1,False,True,29.312,41.463,36.204,5.073999999999998,True,17.0,109.60730357142857,4.3240277264254585,104.889,127.12,7.702303571428571,49,0.9620470710105106,Normal
PER,Racing Point,55,106.281,Soft,22,4,1,29.7,69.1,False,True,28.748,41.16,36.373,4.376000000000005,True,16.0,109.45364285714287,5.274186160152864,105.389,129.117,7.548642857142856,50,0.954028711208701,Normal
ALO,McLaren,56,107.143,Soft,18,2,1,29.8,69.1,False,True,28.837,41.657,36.649,5.2379999999999995,True,7.0,107.60368421052631,3.374050952055656,103.164,127.447,5.698684210526316,55,0.9695970462263203,Normal
MAG,Haas F1 Team,55,106.485,HYPERSOFT,19,3,1,29.8,69.1,False,True,28.709,41.114,36.662,4.579999999999998,True,18.0,109.89536363636364,4.782731577958495,101.905,127.022,7.990363636363635,47,0.9582942882943771,Normal
HAM,Mercedes,57,103.697,Soft,42,2,1,29.8,69.1,False,True,28.183,40.278,35.236,1.7920000000000016,True,1.0,105.91582456140351,3.3022061084913172,102.913,127.051,4.010824561403508,55,0.9697650096029286,Normal
VER,Red Bull Racing,57,103.905,Soft,40,2,1,29.8,69.1,False,True,28.381,40.235,35.289,2.0,True,2.0,106.04414035087719,3.095453056146541,103.345,125.658,4.139140350877192,55,0.9716376709907429,Normal
SAI,Renault,56,105.621,Soft,19,2,1,29.8,69.1,False,True,28.721,40.821,36.079,3.715999999999994,True,8.0,108.05371428571428,3.160885662504825,105.211,126.917,6.148714285714285,54,0.9715785008085582,Normal
LEC,Sauber,56,106.065,HYPERSOFT,18,2,1,29.8,69.1,False,True,28.781,41.098,36.186,4.159999999999997,True,9.0,108.28051785714285,2.9728195370179042,105.203,125.53,6.375517857142856,54,0.9732788282432779,Normal
VET,Ferrari,57,105.876,ULTRASOFT,43,2,1,29.8,69.1,False,True,28.634,41.249,35.993,3.9710000000000036,True,3.0,106.60156140350877,2.619846103833093,104.669,123.072,4.696561403508771,55,0.9760134376252476,Normal
SIR,Williams,55,110.037,Soft,52,2,1,29.8,69.1,False,True,29.382,42.757,37.898,8.132000000000005,True,19.0,111.56807142857143,6.058613684385513,105.902,144.95,9.663071428571428,43,0.9484928638551071,Normal
HUL,Renault,56,107.529,ULTRASOFT,41,2,1,29.8,69.1,False,True,28.961,41.546,37.022,5.623999999999995,True,10.0,108.54183928571429,3.17228234314198,106.093,127.551,6.636839285714285,54,0.9716035690305909,Normal
BOT,Mercedes,57,106.905,Soft,41,2,1,29.8,69.1,False,True,28.822,41.467,36.616,5.0,True,4.0,106.78705263157894,2.819239052735013,104.72,125.123,4.882052631578946,55,0.9742784925079399,Normal
RAI,Ferrari,57,106.732,Soft,35,2,1,29.8,69.1,False,True,28.395,41.86,36.477,4.826999999999998,True,5.0,106.79471929824561,2.8221106320978113,104.715,124.271,4.889719298245613,55,0.9742547687805684,Normal
RIC,Red Bull Racing,57,108.702,ULTRASOFT,30,2,1,29.8,68.7,False,True,29.032,42.285,37.385,6.796999999999997,True,6.0,106.79677192982456,3.395077182046841,103.12,128.039,4.89177192982456,55,0.9691893982230935,Normal
ERI,Sauber,56,107.283,ULTRASOFT,55,1,1,29.8,68.7,False,True,28.915,41.665,36.703,5.378,True,11.0,108.76155357142856,3.031554560225394,105.169,125.409,6.85655357142857,53,0.9728824557176167,Normal
VAN,McLaren,56,107.069,ULTRASOFT,55,1,1,29.8,68.7,False,True,28.724,41.615,36.73,5.1640000000000015,True,12.0,109.45484210526317,6.247945167325788,105.555,149.971,7.549842105263157,54,0.9460000461993539,Normal
GRO,Haas F1 Team,56,106.62,Soft,40,2,1,29.8,68.7,False,True,28.967,41.486,36.167,4.715000000000003,True,15.0,108.95883928571428,3.4731910283132765,105.904,128.416,7.053839285714284,52,0.9691085270041597,Normal
GAS,Toro Rosso,56,106.063,ULTRASOFT,30,2,1,29.8,68.7,False,True,28.785,41.202,36.076,4.158000000000001,True,13.0,108.94708928571428,3.3634377990750313,106.063,125.254,7.042089285714285,52,0.9700523371550398,Peak
STR,Williams,56,106.731,ULTRASOFT,16,2,1,29.8,68.7,False,True,28.803,41.191,36.737,4.825999999999993,True,14.0,109.61347368421052,6.0097040428236435,106.033,147.976,7.708473684210525,54,0.9480233620891177,Normal
HAR,Toro Rosso,56,106.84,HYPERSOFT,20,3,1,29.8,68.7,False,True,29.097,41.524,36.219,4.935000000000002,True,17.0,109.60730357142857,4.3240277264254585,104.889,127.12,7.702303571428571,49,0.9620470710105106,Normal
PER,Racing Point,56,106.434,Soft,23,4,1,29.8,68.7,False,True,28.816,41.242,36.376,4.528999999999996,True,16.0,109.45364285714287,5.274186160152864,105.389,129.117,7.548642857142856,50,0.954028711208701,Normal
ALO,McLaren,57,103.164,Soft,19,2,1,29.8,68.7,False,True,28.322,39.738,35.104,1.2590000000000003,True,7.0,107.60368421052631,3.374050952055656,103.164,127.447,5.698684210526316,55,0.9695970462263203,Peak
MAG,Haas F1 Team,56,107.907,HYPERSOFT,20,3,1,29.8,68.7,False,True,28.768,42.061,37.078,6.001999999999995,True,18.0,109.89536363636364,4.782731577958495,101.905,127.022,7.990363636363635,47,0.9582942882943771,Normal
HAM,Mercedes,58,103.553,Soft,43,2,1,29.8,68.7,False,True,28.161,40.287,35.105,1.6479999999999961,True,1.0,105.91582456140351,3.3022061084913172,102.913,127.051,4.010824561403508,55,0.9697650096029286,Normal
VER,Red Bull Racing,58,104.03,Soft,41,2,1,29.9,69.0,False,True,28.314,40.293,35.423,2.125,True,2.0,106.04414035087719,3.095453056146541,103.345,125.658,4.139140350877192,55,0.9716376709907429,Normal
SAI,Renault,57,105.673,Soft,20,2,1,29.9,69.0,False,True,28.699,40.725,36.249,3.7680000000000007,True,8.0,108.05371428571428,3.160885662504825,105.211,126.917,6.148714285714285,54,0.9715785008085582,Normal
LEC,Sauber,57,105.203,HYPERSOFT,19,2,1,29.9,69.0,False,True,28.668,40.787,35.748,3.298000000000002,True,9.0,108.28051785714285,2.9728195370179042,105.203,125.53,6.375517857142856,54,0.9732788282432779,Peak
VET,Ferrari,58,105.848,ULTRASOFT,44,2,1,29.9,69.0,False,True,28.591,41.256,36.001,3.942999999999998,True,3.0,106.60156140350877,2.619846103833093,104.669,123.072,4.696561403508771,55,0.9760134376252476,Normal
HUL,Renault,57,106.741,ULTRASOFT,42,2,1,29.9,69.0,False,True,29.127,41.391,36.223,4.8359999999999985,True,10.0,108.54183928571429,3.17228234314198,106.093,127.551,6.636839285714285,54,0.9716035690305909,Normal
BOT,Mercedes,58,107.076,Soft,42,2,1,29.9,69.0,False,True,29.113,41.695,36.268,5.170999999999992,True,4.0,106.78705263157894,2.819239052735013,104.72,125.123,4.882052631578946,55,0.9742784925079399,Normal
RAI,Ferrari,58,107.752,Soft,36,2,1,29.9,69.0,False,True,28.679,42.507,36.566,5.846999999999994,True,5.0,106.79471929824561,2.8221106320978113,104.715,124.271,4.889719298245613,55,0.9742547687805684,Normal
RIC,Red Bull Racing,58,107.989,ULTRASOFT,31,2,1,29.9,69.0,False,True,27.994,42.087,37.908,6.084000000000003,True,6.0,106.79677192982456,3.395077182046841,103.12,128.039,4.89177192982456,55,0.9691893982230935,Normal
SIR,Williams,56,116.032,Soft,53,2,1,29.9,69.0,False,True,31.157,45.829,39.046,14.126999999999995,False,19.0,111.56807142857143,6.058613684385513,105.902,144.95,9.663071428571428,43,0.9484928638551071,Outlier
ERI,Sauber,57,107.228,HYPERSOFT,1,2,1,29.9,69.0,False,True,28.974,41.616,36.638,5.322999999999993,True,11.0,108.76155357142856,3.031554560225394,105.169,125.409,6.85655357142857,53,0.9728824557176167,Normal
VAN,McLaren,57,107.252,ULTRASOFT,56,1,1,29.9,69.0,False,True,28.744,41.617,36.891,5.346999999999994,True,12.0,109.45484210526317,6.247945167325788,105.555,149.971,7.549842105263157,54,0.9460000461993539,Normal
GRO,Haas F1 Team,57,105.904,Soft,41,2,1,29.9,69.0,False,True,28.86,41.158,35.886,3.9989999999999952,True,15.0,108.95883928571428,3.4731910283132765,105.904,128.416,7.053839285714284,52,0.9691085270041597,Peak
GAS,Toro Rosso,57,106.378,ULTRASOFT,31,2,1,29.9,69.0,False,True,28.826,41.155,36.397,4.472999999999999,True,13.0,108.94708928571428,3.3634377990750313,106.063,125.254,7.042089285714285,52,0.9700523371550398,Normal
STR,Williams,57,106.77,ULTRASOFT,17,2,1,29.9,69.0,False,True,28.837,41.469,36.464,4.864999999999995,True,14.0,109.61347368421052,6.0097040428236435,106.033,147.976,7.708473684210525,54,0.9480233620891177,Normal
HAR,Toro Rosso,57,106.852,HYPERSOFT,21,3,1,29.9,69.0,False,True,29.092,41.386,36.374,4.947000000000003,True,17.0,109.60730357142857,4.3240277264254585,104.889,127.12,7.702303571428571,49,0.9620470710105106,Normal
PER,Racing Point,57,106.857,Soft,24,4,1,29.9,69.0,False,True,28.948,41.514,36.395,4.951999999999998,True,16.0,109.45364285714287,5.274186160152864,105.389,129.117,7.548642857142856,50,0.954028711208701,Normal
ALO,McLaren,58,104.611,Soft,20,2,1,29.9,69.0,False,True,28.538,40.337,35.736,2.706000000000003,True,7.0,107.60368421052631,3.374050952055656,103.164,127.447,5.698684210526316,55,0.9695970462263203,Normal
HAM,Mercedes,59,103.802,Soft,44,2,1,29.9,69.0,False,True,28.273,40.462,35.067,1.8970000000000056,True,1.0,105.91582456140351,3.3022061084913172,102.913,127.051,4.010824561403508,55,0.9697650096029286,Normal
MAG,Haas F1 Team,57,110.498,HYPERSOFT,21,3,1,29.9,69.0,False,True,29.25,43.957,37.291,8.593000000000004,True,18.0,109.89536363636364,4.782731577958495,101.905,127.022,7.990363636363635,47,0.9582942882943771,Normal
VER,Red Bull Racing,59,103.916,Soft,42,2,1,29.9,69.0,False,True,28.348,40.084,35.484,2.0109999999999957,True,2.0,106.04414035087719,3.095453056146541,103.345,125.658,4.139140350877192,55,0.9716376709907429,Normal
SAI,Renault,58,106.327,Soft,21,2,1,29.9,69.0,False,True,28.958,40.945,36.424,4.421999999999997,True,8.0,108.05371428571428,3.160885662504825,105.211,126.917,6.148714285714285,54,0.9715785008085582,Normal
LEC,Sauber,58,106.464,HYPERSOFT,20,2,1,29.8,69.5,False,True,28.64,41.529,36.295,4.5589999999999975,True,9.0,108.28051785714285,2.9728195370179042,105.203,125.53,6.375517857142856,54,0.9732788282432779,Normal
VET,Ferrari,59,105.829,ULTRASOFT,45,2,1,29.8,69.5,False,True,28.541,41.233,36.055,3.9239999999999924,True,3.0,106.60156140350877,2.619846103833093,104.669,123.072,4.696561403508771,55,0.9760134376252476,Normal
HUL,Renault,58,106.217,ULTRASOFT,43,2,1,29.8,69.5,False,True,28.964,41.267,35.986,4.311999999999998,True,10.0,108.54183928571429,3.17228234314198,106.093,127.551,6.636839285714285,54,0.9716035690305909,Normal
BOT,Mercedes,59,106.347,Soft,43,2,1,29.8,69.5,False,True,28.815,41.511,36.021,4.441999999999993,True,4.0,106.78705263157894,2.819239052735013,104.72,125.123,4.882052631578946,55,0.9742784925079399,Normal
RAI,Ferrari,59,106.306,Soft,37,2,1,29.8,69.5,False,True,28.44,41.544,36.322,4.400999999999996,True,5.0,106.79471929824561,2.8221106320978113,104.715,124.271,4.889719298245613,55,0.9742547687805684,Normal
RIC,Red Bull Racing,59,103.12,ULTRASOFT,32,2,1,29.8,69.5,False,True,27.991,39.84,35.289,1.2150000000000034,True,6.0,106.79677192982456,3.395077182046841,103.12,128.039,4.89177192982456,55,0.9691893982230935,Peak
SIR,Williams,57,108.406,Soft,54,2,1,29.8,69.5,False,True,29.322,42.196,36.888,6.501000000000005,True,19.0,111.56807142857143,6.058613684385513,105.902,144.95,9.663071428571428,43,0.9484928638551071,Normal
ERI,Sauber,58,107.781,HYPERSOFT,2,2,1,29.8,69.5,False,True,29.07,41.918,36.793,5.876000000000005,True,11.0,108.76155357142856,3.031554560225394,105.169,125.409,6.85655357142857,53,0.9728824557176167,Normal
VAN,McLaren,58,107.808,ULTRASOFT,57,1,1,29.8,69.5,False,True,28.973,41.876,36.959,5.903000000000006,True,12.0,109.45484210526317,6.247945167325788,105.555,149.971,7.549842105263157,54,0.9460000461993539,Normal
GRO,Haas F1 Team,58,106.599,Soft,42,2,1,29.8,69.5,False,True,28.976,41.286,36.337,4.694000000000003,True,15.0,108.95883928571428,3.4731910283132765,105.904,128.416,7.053839285714284,52,0.9691085270041597,Normal
GAS,Toro Rosso,58,106.318,ULTRASOFT,32,2,1,29.8,69.5,False,True,28.823,41.226,36.269,4.412999999999997,True,13.0,108.94708928571428,3.3634377990750313,106.063,125.254,7.042089285714285,52,0.9700523371550398,Normal
STR,Williams,58,106.713,ULTRASOFT,18,2,1,29.8,69.5,False,True,28.832,41.469,36.412,4.807999999999993,True,14.0,109.61347368421052,6.0097040428236435,106.033,147.976,7.708473684210525,54,0.9480233620891177,Normal
HAR,Toro Rosso,58,108.266,HYPERSOFT,22,3,1,29.9,69.6,False,True,29.301,41.896,37.069,6.361000000000004,True,17.0,109.60730357142857,4.3240277264254585,104.889,127.12,7.702303571428571,49,0.9620470710105106,Normal
PER,Racing Point,58,108.012,Soft,25,4,1,29.9,69.6,False,True,28.864,41.673,37.475,6.106999999999999,True,16.0,109.45364285714287,5.274186160152864,105.389,129.117,7.548642857142856,50,0.954028711208701,Normal
ALO,McLaren,59,105.074,Soft,21,2,1,29.9,69.6,False,True,28.599,40.279,36.196,3.168999999999997,True,7.0,107.60368421052631,3.374050952055656,103.164,127.447,5.698684210526316,55,0.9695970462263203,Normal
HAM,Mercedes,60,103.538,Soft,45,2,1,29.9,69.6,False,True,28.39,40.02,35.128,1.6329999999999956,True,1.0,105.91582456140351,3.3022061084913172,102.913,127.051,4.010824561403508,55,0.9697650096029286,Normal
MAG,Haas F1 Team,58,107.436,HYPERSOFT,22,3,1,29.9,69.6,False,True,28.978,41.681,36.777,5.531000000000006,True,18.0,109.89536363636364,4.782731577958495,101.905,127.022,7.990363636363635,47,0.9582942882943771,Normal
VER,Red Bull Racing,60,105.179,Soft,43,2,1,29.9,69.6,False,True,28.331,40.839,36.009,3.274000000000001,True,2.0,106.04414035087719,3.095453056146541,103.345,125.658,4.139140350877192,55,0.9716376709907429,Normal
SAI,Renault,59,106.514,Soft,22,2,1,29.9,69.6,False,True,28.936,41.084,36.494,4.608999999999995,True,8.0,108.05371428571428,3.160885662504825,105.211,126.917,6.148714285714285,54,0.9715785008085582,Normal
LEC,Sauber,59,106.355,HYPERSOFT,21,2,1,29.8,69.2,False,True,28.678,41.249,36.428,4.450000000000003,True,9.0,108.28051785714285,2.9728195370179042,105.203,125.53,6.375517857142856,54,0.9732788282432779,Normal
VET,Ferrari,60,106.396,ULTRASOFT,46,2,1,29.8,69.2,False,True,28.559,41.518,36.319,4.491,True,3.0,106.60156140350877,2.619846103833093,104.669,123.072,4.696561403508771,55,0.9760134376252476,Normal
HUL,Renault,59,106.772,ULTRASOFT,44,2,1,29.8,69.2,False,True,28.949,41.522,36.301,4.867000000000004,True,10.0,108.54183928571429,3.17228234314198,106.093,127.551,6.636839285714285,54,0.9716035690305909,Normal
BOT,Mercedes,60,107.211,Soft,44,2,1,29.8,69.2,False,True,28.649,42.332,36.23,5.305999999999997,True,4.0,106.78705263157894,2.819239052735013,104.72,125.123,4.882052631578946,55,0.9742784925079399,Normal
RAI,Ferrari,60,106.922,Soft,38,2,1,29.8,69.2,False,True,28.41,42.009,36.503,5.016999999999996,True,5.0,106.79471929824561,2.8221106320978113,104.715,124.271,4.889719298245613,55,0.9742547687805684,Normal
RIC,Red Bull Racing,60,106.716,ULTRASOFT,33,2,1,29.8,69.2,False,True,28.632,41.305,36.779,4.810999999999993,True,6.0,106.79677192982456,3.395077182046841,103.12,128.039,4.89177192982456,55,0.9691893982230935,Normal
ERI,Sauber,59,107.329,HYPERSOFT,3,2,1,29.8,69.2,False,True,29.16,41.889,36.28,5.423999999999992,True,11.0,108.76155357142856,3.031554560225394,105.169,125.409,6.85655357142857,53,0.9728824557176167,Normal
VAN,McLaren,59,107.72,Soft,1,2,1,29.8,69.2,False,True,28.948,41.978,36.794,5.814999999999998,True,12.0,109.45484210526317,6.247945167325788,105.555,149.971,7.549842105263157,54,0.9460000461993539,Normal
SIR,Williams,58,115.409,Soft,55,2,1,29.8,69.2,False,True,29.615,47.377,38.417,13.504000000000005,False,19.0,111.56807142857143,6.058613684385513,105.902,144.95,9.663071428571428,43,0.9484928638551071,Outlier
GRO,Haas F1 Team,59,108.225,Soft,43,2,1,29.8,69.2,False,True,28.895,41.941,37.389,6.319999999999993,True,15.0,108.95883928571428,3.4731910283132765,105.904,128.416,7.053839285714284,52,0.9691085270041597,Normal
GAS,Toro Rosso,59,107.427,ULTRASOFT,33,2,1,29.8,69.2,False,True,28.861,41.575,36.991,5.522000000000006,True,13.0,108.94708928571428,3.3634377990750313,106.063,125.254,7.042089285714285,52,0.9700523371550398,Normal
STR,Williams,59,106.895,ULTRASOFT,19,2,1,29.8,69.2,False,True,28.891,41.431,36.573,4.989999999999995,True,14.0,109.61347368421052,6.0097040428236435,106.033,147.976,7.708473684210525,54,0.9480233620891177,Normal
PER,Racing Point,59,108.985,Soft,26,4,1,29.8,69.3,False,True,28.949,43.154,36.882,7.079999999999998,True,16.0,109.45364285714287,5.274186160152864,105.389,129.117,7.548642857142856,50,0.954028711208701,Normal
HAR,Toro Rosso,59,112.626,HYPERSOFT,23,3,1,29.8,69.3,False,True,29.33,43.421,39.875,10.721000000000004,False,17.0,109.60730357142857,4.3240277264254585,104.889,127.12,7.702303571428571,49,0.9620470710105106,Outlier
ALO,McLaren,60,105.012,Soft,22,2,1,29.8,69.3,False,True,28.304,40.108,36.6,3.1069999999999993,True,7.0,107.60368421052631,3.374050952055656,103.164,127.447,5.698684210526316,55,0.9695970462263203,Normal
HAM,Mercedes,61,104.707,Soft,46,2,1,29.8,69.3,False,True,28.365,40.495,35.847,2.8019999999999925,True,1.0,105.91582456140351,3.3022061084913172,102.913,127.051,4.010824561403508,55,0.9697650096029286,Normal
VER,Red Bull Racing,61,105.035,Soft,44,2,1,29.8,69.3,False,True,28.435,40.623,35.977,3.1299999999999955,True,2.0,106.04414035087719,3.095453056146541,103.345,125.658,4.139140350877192,55,0.9716376709907429,Normal
MAG,Haas F1 Team,59,114.27,HYPERSOFT,23,3,1,29.8,69.3,False,True,30.995,43.674,39.601,12.364999999999995,False,18.0,109.89536363636364,4.782731577958495,101.905,127.022,7.990363636363635,47,0.9582942882943771,Outlier
SAI,Renault,60,107.255,Soft,23,2,1,29.8,69.3,False,True,29.05,41.351,36.854,5.349999999999994,True,8.0,108.05371428571428,3.160885662504825,105.211,126.917,6.148714285714285,54,0.9715785008085582,Normal
LEC,Sauber,60,106.184,HYPERSOFT,22,2,1,29.8,69.3,False,True,28.751,41.213,36.22,4.278999999999996,True,9.0,108.28051785714285,2.9728195370179042,105.203,125.53,6.375517857142856,54,0.9732788282432779,Normal
VET,Ferrari,61,107.975,ULTRASOFT,47,2,1,29.8,69.3,False,True,28.704,41.676,37.595,6.069999999999993,True,3.0,106.60156140350877,2.619846103833093,104.669,123.072,4.696561403508771,55,0.9760134376252476,Normal
HUL,Renault,60,106.563,ULTRASOFT,45,2,1,29.8,69.4,False,True,28.834,41.353,36.376,4.658000000000001,True,10.0,108.54183928571429,3.17228234314198,106.093,127.551,6.636839285714285,54,0.9716035690305909,Normal
BOT,Mercedes,61,106.891,Soft,45,2,1,29.8,69.4,False,True,28.68,41.517,36.694,4.986000000000004,True,4.0,106.78705263157894,2.819239052735013,104.72,125.123,4.882052631578946,55,0.9742784925079399,Normal
RAI,Ferrari,61,106.825,Soft,39,2,1,29.8,69.4,False,True,28.277,41.826,36.722,4.920000000000002,True,5.0,106.79471929824561,2.8221106320978113,104.715,124.271,4.889719298245613,55,0.9742547687805684,Normal
RIC,Red Bull Racing,61,106.774,ULTRASOFT,34,2,1,29.8,69.4,False,True,28.143,41.509,37.122,4.869,True,6.0,106.79677192982456,3.395077182046841,103.12,128.039,4.89177192982456,55,0.9691893982230935,Normal
ERI,Sauber,60,107.382,HYPERSOFT,4,2,1,29.8,69.4,False,True,29.032,41.658,36.692,5.477000000000004,True,11.0,108.76155357142856,3.031554560225394,105.169,125.409,6.85655357142857,53,0.9728824557176167,Normal
VAN,McLaren,60,106.793,Soft,2,2,1,29.8,69.4,False,True,28.84,41.286,36.667,4.888000000000005,True,12.0,109.45484210526317,6.247945167325788,105.555,149.971,7.549842105263157,54,0.9460000461993539,Normal
GRO,Haas F1 Team,60,107.781,Soft,44,2,1,29.8,69.4,False,True,29.284,41.834,36.663,5.876000000000005,True,15.0,108.95883928571428,3.4731910283132765,105.904,128.416,7.053839285714284,52,0.9691085270041597,Normal
GAS,Toro Rosso,60,108.796,ULTRASOFT,34,2,1,29.8,69.4,False,True,29.582,42.063,37.151,6.891000000000005,True,13.0,108.94708928571428,3.3634377990750313,106.063,125.254,7.042089285714285,52,0.9700523371550398,Normal
STR,Williams,60,106.594,ULTRASOFT,20,2,1,29.8,69.4,False,True,28.713,41.456,36.425,4.688999999999993,True,14.0,109.61347368421052,6.0097040428236435,106.033,147.976,7.708473684210525,54,0.9480233620891177,Normal
SIR,Williams,59,116.698,HYPERSOFT,1,3,1,29.8,69.4,False,True,31.867,44.733,40.098,14.792999999999992,False,19.0,111.56807142857143,6.058613684385513,105.902,144.95,9.663071428571428,43,0.9484928638551071,Outlier
PER,Racing Point,60,106.706,Soft,27,4,1,29.8,69.4,False,True,28.973,41.014,36.719,4.801000000000002,True,16.0,109.45364285714287,5.274186160152864,105.389,129.117,7.548642857142856,50,0.954028711208701,Normal
ALO,McLaren,61,108.763,Soft,23,2,1,29.8,69.4,False,True,28.743,41.731,38.289,6.858000000000004,True,7.0,107.60368421052631,3.374050952055656,103.164,127.447,5.698684210526316,55,0.9695970462263203,Normal
HAR,Toro Rosso,60,118.462,HYPERSOFT,24,3,1,29.8,69.6,False,True,33.31,45.211,39.941,16.557000000000002,False,17.0,109.60730357142857,4.3240277264254585,104.889,127.12,7.702303571428571,49,0.9620470710105106,Outlier
