Driver,Team,LapNumber,LapTime,Sector1Time,Sector2Time,Sector3Time,Compound,TyreLife,Stint,PitInTime,PitOutTime,TrackStatus,IsAccurate,Time,LapTimeSeconds,Sector1TimeSeconds,Sector2TimeSeconds,Sector3TimeSeconds,LapStartTime,WeatherTime,AirTemp,Humidity,Pressure,Rainfall,TrackTemp,WindDirection,WindSpeed,IsWetLap,IsDryLap,IsWetRace,CircuitName,CircuitShort,CircuitCountry,TrackLengthKM,AltitudeM,CircuitType,PitLap,PitDuration,Sector1Pct,Sector2Pct,Sector3Pct,BestSector,IsValidLap,GrandPrix,GP_Slug,SeasonYear,EventDate,AvgLapTime,StintLength,StintType,DeltaToFastestLap,IsSC,IsVSC,IsRedFlag,IsDNF
HAM,Mercedes,2,0 days 00:01:34.467000,0 days 00:00:33.750000,0 days 00:00:42.325000,0 days 00:00:18.392000,nan,0,0,,,1,True,0 days 00:21:41.045000,94.467,33.75,42.325,18.392,1301.045,1312.949,28.7,49.3,1008.1,False,39.2,293,1.1,False,True,False,FORMULA 1 2018 HONDA JAPANESE GRAND PRIX,Suzuka,Japan,,,Permanent,,,0.35726761726317124,0.4480400563159622,0.19469232642086653,3,False,Japanese Grand Prix,japanese_grand_prix,2018,2018-10-07,94.467,1,Mid,1.6820000000000022,False,False,False,True
BOT,Mercedes,2,0 days 00:01:35.443000,0 days 00:00:34.362000,0 days 00:00:42.762000,0 days 00:00:18.319000,Soft,4,1,,,1,True,0 days 00:21:43.362000,95.443,34.362,42.762,18.319,1303.362,1312.949,28.7,49.3,1008.1,False,39.2,293,1.1,False,True,False,FORMULA 1 2018 HONDA JAPANESE GRAND PRIX,Suzuka,Japan,,,Permanent,,,0.36002640319352913,0.44803704829060276,0.1919365485158681,3,False,Japanese Grand Prix,japanese_grand_prix,2018,2018-10-07,103.915,22,Opening,2.3329999999999984,False,False,False,True
VER,Red Bull Racing,2,0 days 00:01:35.111000,0 days 00:00:34.302000,0 days 00:00:42.501000,0 days 00:00:18.308000,SUPERSOFT,4,1,,,1,True,0 days 00:21:45.595000,95.111,34.302,42.501,18.308,1305.595,1312.949,28.7,49.3,1008.1,False,39.2,293,1.1,False,True,False,FORMULA 1 2018 HONDA JAPANESE GRAND PRIX,Suzuka,Japan,,,Permanent,,,0.36065229048164776,0.44685683044022245,0.19249087907812976,3,False,Japanese Grand Prix,japanese_grand_prix,2018,2018-10-07,104.9653,20,Opening,1.7439999999999998,False,False,False,True
VET,Ferrari,2,0 days 00:01:35.751000,0 days 00:00:34.734000,0 days 00:00:42.625000,0 days 00:00:18.392000,SUPERSOFT,4,1,,,1,True,0 days 00:21:46.777000,95.751,34.734,42.625,18.392,1306.777,1312.949,28.7,49.3,1008.1,False,39.2,293,1.1,False,True,False,FORMULA 1 2018 HONDA JAPANESE GRAND PRIX,Suzuka,Japan,,,Permanent,,,0.3627533916094871,0.4451650635502501,0.19208154484026274,3,False,Japanese Grand Prix,japanese_grand_prix,2018,2018-10-07,104.7858,25,Opening,3.433000000000007,False,False,False,True
RAI,Ferrari,2,0 days 00:01:36.500000,0 days 00:00:35.333000,0 days 00:00:42.921000,0 days 00:00:18.246000,SUPERSOFT,4,1,,,1,True,0 days 00:21:48.094000,96.5,35.333,42.921,18.246,1308.094,1312.949,28.7,49.3,1008.1,False,39.2,293,1.1,False,True,False,FORMULA 1 2018 HONDA JAPANESE GRAND PRIX,Suzuka,Japan,,,Permanent,,,0.3661450777202072,0.44477720207253885,0.18907772020725389,3,False,Japanese Grand Prix,japanese_grand_prix,2018,2018-10-07,107.704125,16,Opening,2.277000000000001,False,False,False,True
GRO,Haas F1 Team,2,0 days 00:01:38.144000,0 days 00:00:36.051000,0 days 00:00:43.419000,0 days 00:00:18.674000,Soft,4,1,,,1,True,0 days 00:21:50.007000,98.144,36.051,43.419,18.674,1310.007,1312.949,28.7,49.3,1008.1,False,39.2,293,1.1,False,True,False,FORMULA 1 2018 HONDA JAPANESE GRAND PRIX,Suzuka,Japan,,,Permanent,,,0.3673276002608412,0.44240096185197253,0.19027143788718617,3,False,Japanese Grand Prix,japanese_grand_prix,2018,2018-10-07,103.54650000000001,28,Opening,3.358000000000004,False,False,False,True
GAS,Toro Rosso,2,0 days 00:01:37.953000,0 days 00:00:35.755000,0 days 00:00:43.569000,0 days 00:00:18.629000,SUPERSOFT,4,1,,,1,True,0 days 00:21:50.876000,97.953,35.755,43.569,18.629,1310.876,1312.949,28.7,49.3,1008.1,False,39.2,293,1.1,False,True,False,FORMULA 1 2018 HONDA JAPANESE GRAND PRIX,Suzuka,Japan,,,Permanent,,,0.36502200034710525,0.444794952681388,0.19018304697150676,3,False,Japanese Grand Prix,japanese_grand_prix,2018,2018-10-07,103.81035714285714,28,Opening,3.8200000000000074,False,False,False,True
PER,Racing Point,2,0 days 00:01:38.207000,0 days 00:00:35.797000,0 days 00:00:43.793000,0 days 00:00:18.617000,SUPERSOFT,4,1,,,1,True,0 days 00:21:51.639000,98.207,35.797,43.793,18.617,1311.639,1312.949,28.7,49.3,1008.1,False,39.2,293,1.1,False,True,False,FORMULA 1 2018 HONDA JAPANESE GRAND PRIX,Suzuka,Japan,,,Permanent,,,0.3645055851415887,0.4459254431965135,0.18956897166189784,3,False,Japanese Grand Prix,japanese_grand_prix,2018,2018-10-07,105.15404347826087,23,Opening,4.134,False,False,False,True
OCO,Racing Point,2,0 days 00:01:38.350000,0 days 00:00:35.895000,0 days 00:00:43.691000,0 days 00:00:18.764000,SUPERSOFT,4,1,,,1,True,0 days 00:21:52.370000,98.35,35.895,43.691,18.764,1312.37,1312.949,28.7,49.3,1008.1,False,39.2,293,1.1,False,True,False,FORMULA 1 2018 HONDA JAPANESE GRAND PRIX,Suzuka,Japan,,,Permanent,,,0.3649720386375191,0.44423995932892735,0.19078800203355364,3,False,Japanese Grand Prix,japanese_grand_prix,2018,2018-10-07,104.52807999999999,25,Opening,3.6799999999999926,False,False,False,True
HAR,Toro Rosso,2,0 days 00:01:38.547000,0 days 00:00:35.954000,0 days 00:00:43.858000,0 days 00:00:18.735000,SUPERSOFT,4,1,,,1,True,0 days 00:21:53.231000,98.547,35.954,43.858,18.735,1313.231,1312.949,28.7,49.3,1008.1,False,39.2,293,1.1,False,True,False,FORMULA 1 2018 HONDA JAPANESE GRAND PRIX,Suzuka,Japan,,,Permanent,,,0.3648411417902118,0.44504652602311584,0.19011233218667234,3,False,Japanese Grand Prix,japanese_grand_prix,2018,2018-10-07,104.28374074074074,27,Opening,3.6899999999999977,False,False,False,True
RIC,Red Bull Racing,2,0 days 00:01:37.527000,0 days 00:00:35.459000,0 days 00:00:43.671000,0 days 00:00:18.397000,Soft,1,1,,,1,True,0 days 00:21:53.734000,97.527,35.459,43.671,18.397,1313.734,1312.949,28.7,49.3,1008.1,False,39.2,293,1.1,False,True,False,FORMULA 1 2018 HONDA JAPANESE GRAND PRIX,Suzuka,Japan,,,Permanent,,,0.3635813672111313,0.4477836906702759,0.18863494211859277,3,False,Japanese Grand Prix,japanese_grand_prix,2018,2018-10-07,104.07522727272728,22,Opening,4.340000000000003,False,False,False,True
SAI,Renault,2,0 days 00:01:39.232000,0 days 00:00:36.211000,0 days 00:00:43.940000,0 days 00:00:19.081000,Soft,1,1,,,1,True,0 days 00:21:54.194000,99.232,36.211,43.94,19.081,1314.194,1312.949,28.7,49.3,1008.1,False,39.2,293,1.1,False,True,False,FORMULA 1 2018 HONDA JAPANESE GRAND PRIX,Suzuka,Japan,,,Permanent,,,0.3649125282167043,0.442800709448565,0.19228676233473072,3,False,Japanese Grand Prix,japanese_grand_prix,2018,2018-10-07,103.1368387096774,31,Opening,5.034999999999997,False,False,False,True
LEC,Sauber,2,0 days 00:01:39.605000,0 days 00:00:37.400000,0 days 00:00:43.656000,0 days 00:00:18.549000,Soft,1,1,,,1,True,0 days 00:21:55.573000,99.605,37.4,43.656,18.549,1315.573,1312.949,28.7,49.3,1008.1,False,39.2,293,1.1,False,True,False,FORMULA 1 2018 HONDA JAPANESE GRAND PRIX,Suzuka,Japan,,,Permanent,,,0.37548315847598007,0.43829125043923495,0.1862255910847849,3,False,Japanese Grand Prix,japanese_grand_prix,2018,2018-10-07,110.20333333333333,3,Opening,5.090000000000003,False,False,False,True
ALO,McLaren,2,0 days 00:01:39.462000,0 days 00:00:36.647000,0 days 00:00:43.872000,0 days 00:00:18.943000,Soft,1,1,,,1,True,0 days 00:21:56.691000,99.462,36.647,43.872,18.943,1316.691,1312.949,28.7,49.3,1008.1,False,39.2,293,1.1,False,True,False,FORMULA 1 2018 HONDA JAPANESE GRAND PRIX,Suzuka,Japan,,,Permanent,,,0.36845227322997726,0.44109308077456716,0.19045464599545556,3,False,Japanese Grand Prix,japanese_grand_prix,2018,2018-10-07,104.87276,25,Opening,5.5190000000000055,False,False,False,True
HUL,Renault,2,0 days 00:01:39.146000,0 days 00:00:36.595000,0 days 00:00:43.899000,0 days 00:00:18.652000,Medium,1,1,,,1,True,0 days 00:21:57.482000,99.146,36.595,43.899,18.652,1317.482,1312.949,28.7,49.3,1008.1,False,39.2,293,1.1,False,True,False,FORMULA 1 2018 HONDA JAPANESE GRAND PRIX,Suzuka,Japan,,,Permanent,,,0.3691021322090654,0.4427712666169084,0.1881266011740262,3,False,Japanese Grand Prix,japanese_grand_prix,2018,2018-10-07,104.04220689655173,29,Opening,4.212000000000003,False,False,False,True
STR,Williams,2,0 days 00:01:39.936000,0 days 00:00:37.112000,0 days 00:00:43.920000,0 days 00:00:18.904000,Soft,1,1,,,1,True,0 days 00:21:58.382000,99.936,37.112,43.92,18.904,1318.382,1312.949,28.7,49.3,1008.1,False,39.2,293,1.1,False,True,False,FORMULA 1 2018 HONDA JAPANESE GRAND PRIX,Suzuka,Japan,,,Permanent,,,0.3713576689081012,0.43948126801152737,0.18916106308037142,3,False,Japanese Grand Prix,japanese_grand_prix,2018,2018-10-07,111.83130769230769,13,Opening,6.582000000000008,False,False,False,True
ERI,Sauber,2,0 days 00:01:39.295000,0 days 00:00:36.632000,0 days 00:00:43.968000,0 days 00:00:18.695000,Soft,1,1,,,1,True,0 days 00:21:59.113000,99.295,36.632,43.968,18.695,1319.113,1312.949,28.7,49.3,1008.1,False,39.2,293,1.1,False,True,False,FORMULA 1 2018 HONDA JAPANESE GRAND PRIX,Suzuka,Japan,,,Permanent,,,0.36892089229064906,0.4428017523540964,0.18827735535525456,3,False,Japanese Grand Prix,japanese_grand_prix,2018,2018-10-07,118.30575,4,Opening,3.0010000000000048,False,False,False,True
SIR,Williams,2,0 days 00:01:41.326000,0 days 00:00:37.455000,0 days 00:00:44.278000,0 days 00:00:19.593000,Soft,1,1,,,1,True,0 days 00:21:59.990000,101.326,37.455,44.278,19.593,1319.99,1312.949,28.7,49.3,1008.1,False,39.2,293,1.1,False,True,False,FORMULA 1 2018 HONDA JAPANESE GRAND PRIX,Suzuka,Japan,,,Permanent,,,0.36964846140181196,0.4369855713242406,0.19336596727394748,3,False,Japanese Grand Prix,japanese_grand_prix,2018,2018-10-07,111.63966666666666,3,Opening,7.340999999999994,False,False,False,True
VAN,McLaren,2,0 days 00:01:40.995000,0 days 00:00:37.415000,0 days 00:00:44.634000,0 days 00:00:18.946000,Soft,1,1,,,1,True,0 days 00:22:00.497000,100.995,37.415,44.634,18.946,1320.497,1312.949,28.7,49.3,1008.1,False,39.2,293,1.1,False,True,False,FORMULA 1 2018 HONDA JAPANESE GRAND PRIX,Suzuka,Japan,,,Permanent,,,0.3704638843507104,0.44194267042922913,0.1875934452200604,3,False,Japanese Grand Prix,japanese_grand_prix,2018,2018-10-07,106.21077272727274,22,Opening,5.972000000000008,False,False,False,True
HAM,Mercedes,3,0 days 00:01:35.384000,0 days 00:00:34.145000,0 days 00:00:42.804000,0 days 00:00:18.435000,Soft,4,1,,,1,True,0 days 00:23:16.429000,95.384,34.145,42.804,18.435,1396.429,1372.826,29.0,48.6,1008.1,False,39.2,323,1.1,False,True,False,FORMULA 1 2018 HONDA JAPANESE GRAND PRIX,Suzuka,Japan,,,Permanent,,,0.3579740837037659,0.4487545080936006,0.19327140820263355,3,False,Japanese Grand Prix,japanese_grand_prix,2018,2018-10-07,103.71631818181818,22,Opening,2.5990000000000038,False,False,False,True
BOT,Mercedes,3,0 days 00:01:35.569000,0 days 00:00:34.271000,0 days 00:00:42.985000,0 days 00:00:18.313000,Soft,5,1,,,1,True,0 days 00:23:18.931000,95.569,34.271,42.985,18.313,1398.931,1372.826,29.0,48.6,1008.1,False,39.2,323,1.1,False,True,False,FORMULA 1 2018 HONDA JAPANESE GRAND PRIX,Suzuka,Japan,,,Permanent,,,0.3585995458778474,0.4497797402923542,0.19162071382979834,3,False,Japanese Grand Prix,japanese_grand_prix,2018,2018-10-07,103.915,22,Opening,2.459000000000003,False,False,False,True
VER,Red Bull Racing,3,0 days 00:01:35.260000,0 days 00:00:34.148000,0 days 00:00:42.750000,0 days 00:00:18.362000,SUPERSOFT,5,1,,,1,True,0 days 00:23:20.855000,95.26,34.148,42.75,18.362,1400.855,1372.826,29.0,48.6,1008.1,False,39.2,323,1.1,False,True,False,FORMULA 1 2018 HONDA JAPANESE GRAND PRIX,Suzuka,Japan,,,Permanent,,,0.3584715515431451,0.44877178249002725,0.1927566659668276,3,False,Japanese Grand Prix,japanese_grand_prix,2018,2018-10-07,104.9653,20,Opening,1.8930000000000007,False,False,False,True
VET,Ferrari,3,0 days 00:01:35.415000,0 days 00:00:34.313000,0 days 00:00:42.712000,0 days 00:00:18.390000,SUPERSOFT,5,1,,,1,True,0 days 00:23:22.192000,95.415,34.313,42.712,18.39,1402.192,1372.826,29.0,48.6,1008.1,False,39.2,323,1.1,False,True,False,FORMULA 1 2018 HONDA JAPANESE GRAND PRIX,Suzuka,Japan,,,Permanent,,,0.3596185086202379,0.4476445003406173,0.1927369910391448,3,False,Japanese Grand Prix,japanese_grand_prix,2018,2018-10-07,104.7858,25,Opening,3.0970000000000084,False,False,False,True
RAI,Ferrari,3,0 days 00:01:36.221000,0 days 00:00:34.804000,0 days 00:00:43.119000,0 days 00:00:18.298000,SUPERSOFT,5,1,,,1,True,0 days 00:23:24.315000,96.221,34.804,43.119,18.298,1404.315,1432.81,29.2,47.7,1008.1,False,39.1,176,1.1,False,True,False,FORMULA 1 2018 HONDA JAPANESE GRAND PRIX,Suzuka,Japan,,,Permanent,,,0.3617089824466593,0.4481246297585766,0.1901663877947641,3,False,Japanese Grand Prix,japanese_grand_prix,2018,2018-10-07,107.704125,16,Opening,1.9980000000000047,False,False,False,True
GRO,Haas F1 Team,3,0 days 00:01:36.710000,0 days 00:00:34.748000,0 days 00:00:43.457000,0 days 00:00:18.505000,Soft,5,1,,,1,True,0 days 00:23:26.717000,96.71,34.748,43.457,18.505,1406.717,1432.81,29.2,47.7,1008.1,False,39.1,176,1.1,False,True,False,FORMULA 1 2018 HONDA JAPANESE GRAND PRIX,Suzuka,Japan,,,Permanent,,,0.35930100299865575,0.44935373797952644,0.19134525902181782,3,False,Japanese Grand Prix,japanese_grand_prix,2018,2018-10-07,103.54650000000001,28,Opening,1.9239999999999924,False,False,False,True
GAS,Toro Rosso,3,0 days 00:01:37.353000,0 days 00:00:35.079000,0 days 00:00:43.567000,0 days 00:00:18.707000,SUPERSOFT,5,1,,,1,True,0 days 00:23:28.229000,97.353,35.079,43.567,18.707,1408.229,1432.81,29.2,47.7,1008.1,False,39.1,176,1.1,False,True,False,FORMULA 1 2018 HONDA JAPANESE GRAND PRIX,Suzuka,Japan,,,Permanent,,,0.3603278789559644,0.4475157416823313,0.19215637936170432,3,False,Japanese Grand Prix,japanese_grand_prix,2018,2018-10-07,103.81035714285714,28,Opening,3.219999999999999,False,False,False,True
PER,Racing Point,3,0 days 00:01:37.686000,0 days 00:00:35.370000,0 days 00:00:43.713000,0 days 00:00:18.603000,SUPERSOFT,5,1,,,1,True,0 days 00:23:29.325000,97.686,35.37,43.713,18.603,1409.325,1432.81,29.2,47.7,1008.1,False,39.1,176,1.1,False,True,False,FORMULA 1 2018 HONDA JAPANESE GRAND PRIX,Suzuka,Japan,,,Permanent,,,0.3620784964068546,0.44748479823106685,0.1904367053620785,3,False,Japanese Grand Prix,japanese_grand_prix,2018,2018-10-07,105.15404347826087,23,Opening,3.6130000000000138,False,False,False,True
OCO,Racing Point,3,0 days 00:01:38.059000,0 days 00:00:35.737000,0 days 00:00:43.619000,0 days 00:00:18.703000,SUPERSOFT,5,1,,,1,True,0 days 00:23:30.429000,98.059,35.737,43.619,18.703,1410.429,1432.81,29.2,47.7,1008.1,False,39.1,176,1.1,False,True,False,FORMULA 1 2018 HONDA JAPANESE GRAND PRIX,Suzuka,Japan,,,Permanent,,,0.3644438552300146,0.44482403450983593,0.1907321102601495,3,False,Japanese Grand Prix,japanese_grand_prix,2018,2018-10-07,104.52807999999999,25,Opening,3.388999999999996,False,False,False,True
RIC,Red Bull Racing,3,0 days 00:01:37.516000,0 days 00:00:35.382000,0 days 00:00:43.752000,0 days 00:00:18.382000,Soft,2,1,,,1,True,0 days 00:23:31.250000,97.516,35.382,43.752,18.382,1411.25,1432.81,29.2,47.7,1008.1,False,39.1,176,1.1,False,True,False,FORMULA 1 2018 HONDA JAPANESE GRAND PRIX,Suzuka,Japan,,,Permanent,,,0.3628327659050822,0.4486648344886993,0.18850239960621848,3,False,Japanese Grand Prix,japanese_grand_prix,2018,2018-10-07,104.07522727272728,22,Opening,4.329000000000008,False,False,False,True
HAR,Toro Rosso,3,0 days 00:01:39.011000,0 days 00:00:35.574000,0 days 00:00:44.519000,0 days 00:00:18.918000,SUPERSOFT,5,1,,,1,True,0 days 00:23:32.242000,99.011,35.574,44.519,18.918,1412.242,1432.81,29.2,47.7,1008.1,False,39.1,176,1.1,False,True,False,FORMULA 1 2018 HONDA JAPANESE GRAND PRIX,Suzuka,Japan,,,Permanent,,,0.3592934118431285,0.4496369090303098,0.1910696791265617,3,False,Japanese Grand Prix,japanese_grand_prix,2018,2018-10-07,104.28374074074074,27,Opening,4.153999999999996,False,False,False,True
SAI,Renault,3,0 days 00:01:38.832000,0 days 00:00:35.882000,0 days 00:00:44.260000,0 days 00:00:18.690000,Soft,2,1,,,1,True,0 days 00:23:33.026000,98.832,35.882,44.26,18.69,1413.026,1432.81,29.2,47.7,1008.1,False,39.1,176,1.1,False,True,False,FORMULA 1 2018 HONDA JAPANESE GRAND PRIX,Suzuka,Japan,,,Permanent,,,0.36306054719119313,0.44783066213372186,0.18910879067508501,3,False,Japanese Grand Prix,japanese_grand_prix,2018,2018-10-07,103.1368387096774,31,Opening,4.634999999999991,False,False,False,True
LEC,Sauber,3,0 days 00:01:38.366000,0 days 00:00:35.737000,0 days 00:00:43.845000,0 days 00:00:18.784000,Soft,2,1,,,1,True,0 days 00:23:33.939000,98.366,35.737,43.845,18.784,1413.939,1432.81,29.2,47.7,1008.1,False,39.1,176,1.1,False,True,False,FORMULA 1 2018 HONDA JAPANESE GRAND PRIX,Suzuka,Japan,,,Permanent,,,0.3633064270174654,0.4457332818250208,0.19096029115751376,3,False,Japanese Grand Prix,japanese_grand_prix,2018,2018-10-07,110.20333333333333,3,Opening,3.850999999999999,False,False,False,True
ALO,McLaren,3,0 days 00:01:38.057000,0 days 00:00:35.599000,0 days 00:00:43.796000,0 days 00:00:18.662000,Soft,2,1,,,1,True,0 days 00:23:34.748000,98.057,35.599,43.796,18.662,1414.748,1432.81,29.2,47.7,1008.1,False,39.1,176,1.1,False,True,False,FORMULA 1 2018 HONDA JAPANESE GRAND PRIX,Suzuka,Japan,,,Permanent,,,0.36304394382858945,0.4466381798341781,0.1903178763372324,3,False,Japanese Grand Prix,japanese_grand_prix,2018,2018-10-07,104.87276,25,Opening,4.114000000000004,False,False,False,True
HUL,Renault,3,0 days 00:01:38.522000,0 days 00:00:36.148000,0 days 00:00:43.806000,0 days 00:00:18.568000,Medium,2,1,,,1,True,0 days 00:23:36.004000,98.522,36.148,43.806,18.568,1416.004,1432.81,29.2,47.7,1008.1,False,39.1,176,1.1,False,True,False,FORMULA 1 2018 HONDA JAPANESE GRAND PRIX,Suzuka,Japan,,,Permanent,,,0.3669028237348004,0.4446316558738149,0.18846552039138467,3,False,Japanese Grand Prix,japanese_grand_prix,2018,2018-10-07,104.04220689655173,29,Opening,3.588000000000008,False,False,False,True
STR,Williams,3,0 days 00:01:38.800000,0 days 00:00:35.991000,0 days 00:00:44.049000,0 days 00:00:18.760000,Soft,2,1,,,1,True,0 days 00:23:37.182000,98.8,35.991,44.049,18.76,1417.182,1432.81,29.2,47.7,1008.1,False,39.1,176,1.1,False,True,False,FORMULA 1 2018 HONDA JAPANESE GRAND PRIX,Suzuka,Japan,,,Permanent,,,0.3642813765182186,0.44584008097165995,0.18987854251012148,3,False,Japanese Grand Prix,japanese_grand_prix,2018,2018-10-07,111.83130769230769,13,Opening,5.445999999999998,False,False,False,True
ERI,Sauber,3,0 days 00:01:38.659000,0 days 00:00:35.928000,0 days 00:00:44.004000,0 days 00:00:18.727000,Soft,2,1,,,1,True,0 days 00:23:37.772000,98.659,35.928,44.004,18.727,1417.772,1432.81,29.2,47.7,1008.1,False,39.1,176,1.1,False,True,False,FORMULA 1 2018 HONDA JAPANESE GRAND PRIX,Suzuka,Japan,,,Permanent,,,0.3641634316179973,0.44602114353480166,0.18981542484720096,3,False,Japanese Grand Prix,japanese_grand_prix,2018,2018-10-07,118.30575,4,Opening,2.365000000000009,False,False,False,True
SIR,Williams,3,0 days 00:01:39.124000,0 days 00:00:35.940000,0 days 00:00:44.151000,0 days 00:00:19.033000,Soft,2,1,,,1,True,0 days 00:23:39.114000,99.124,35.94,44.151,19.033,1419.114,1432.81,29.2,47.7,1008.1,False,39.1,176,1.1,False,True,False,FORMULA 1 2018 HONDA JAPANESE GRAND PRIX,Suzuka,Japan,,,Permanent,,,0.36257616722489006,0.44541180743311415,0.1920120253419959,3,False,Japanese Grand Prix,japanese_grand_prix,2018,2018-10-07,111.63966666666666,3,Opening,5.138999999999996,False,False,False,True
VAN,McLaren,3,0 days 00:01:39.101000,0 days 00:00:36.197000,0 days 00:00:44.188000,0 days 00:00:18.716000,Soft,2,1,,,1,True,0 days 00:23:39.598000,99.101,36.197,44.188,18.716,1419.598,1432.81,29.2,47.7,1008.1,False,39.1,176,1.1,False,True,False,FORMULA 1 2018 HONDA JAPANESE GRAND PRIX,Suzuka,Japan,,,Permanent,,,0.3652536301349129,0.4458885379562265,0.18885783190886066,3,False,Japanese Grand Prix,japanese_grand_prix,2018,2018-10-07,106.21077272727274,22,Opening,4.078000000000003,False,False,False,True
HAM,Mercedes,4,0 days 00:02:09.383000,0 days 00:00:41.442000,0 days 00:00:56.041000,0 days 00:00:31.900000,Soft,5,1,,,14,False,0 days 00:25:25.812000,129.383,41.442,56.041,31.9,1525.812,1553.226,29.1,48.0,1008.2,False,38.9,335,1.3,False,True,False,FORMULA 1 2018 HONDA JAPANESE GRAND PRIX,Suzuka,Japan,,,Permanent,,,0.3203048313920685,0.43314036619957796,0.24655480240835345,3,False,Japanese Grand Prix,japanese_grand_prix,2018,2018-10-07,103.71631818181818,22,Opening,36.59800000000001,True,False,False,True
BOT,Mercedes,4,0 days 00:02:12.130000,0 days 00:00:42.989000,0 days 00:00:55.086000,0 days 00:00:34.055000,Soft,6,1,,,14,False,0 days 00:25:31.061000,132.13,42.989,55.086,34.055,1531.061,1553.226,29.1,48.0,1008.2,False,38.9,335,1.3,False,True,False,FORMULA 1 2018 HONDA JAPANESE GRAND PRIX,Suzuka,Japan,,,Permanent,,,0.3253538182093393,0.41690759100885494,0.2577385907818058,3,False,Japanese Grand Prix,japanese_grand_prix,2018,2018-10-07,103.915,22,Opening,39.019999999999996,True,False,False,True
VER,Red Bull Racing,4,0 days 00:02:12.702000,0 days 00:00:43.978000,0 days 00:00:55.136000,0 days 00:00:33.588000,SUPERSOFT,6,1,,,14,False,0 days 00:25:33.557000,132.702,43.978,55.136,33.588,1533.557,1553.226,29.1,48.0,1008.2,False,38.9,335,1.3,False,True,False,FORMULA 1 2018 HONDA JAPANESE GRAND PRIX,Suzuka,Japan,,,Permanent,,,0.3314041988817049,0.4154873325194798,0.2531084685988154,3,False,Japanese Grand Prix,japanese_grand_prix,2018,2018-10-07,104.9653,20,Opening,39.334999999999994,True,False,False,True
VET,Ferrari,4,0 days 00:02:13.087000,0 days 00:00:45.104000,0 days 00:00:54.160000,0 days 00:00:33.823000,SUPERSOFT,6,1,,,14,False,0 days 00:25:35.279000,133.087,45.104,54.16,33.823,1535.279,1553.226,29.1,48.0,1008.2,False,38.9,335,1.3,False,True,False,FORMULA 1 2018 HONDA JAPANESE GRAND PRIX,Suzuka,Japan,,,Permanent,,,0.33890612907346324,0.4069518435309234,0.2541420273956134,3,False,Japanese Grand Prix,japanese_grand_prix,2018,2018-10-07,104.7858,25,Opening,40.76899999999999,True,False,False,True
RAI,Ferrari,4,0 days 00:02:11.617000,0 days 00:00:44.648000,0 days 00:00:53.726000,0 days 00:00:33.243000,SUPERSOFT,6,1,,,14,False,0 days 00:25:35.932000,131.617,44.648,53.726,33.243,1535.932,1553.226,29.1,48.0,1008.2,False,38.9,335,1.3,False,True,False,FORMULA 1 2018 HONDA JAPANESE GRAND PRIX,Suzuka,Japan,,,Permanent,,,0.33922669563962105,0.4081995486905187,0.2525737556698603,3,False,Japanese Grand Prix,japanese_grand_prix,2018,2018-10-07,107.704125,16,Opening,37.39399999999999,True,False,False,True
GRO,Haas F1 Team,4,0 days 00:02:09.999000,0 days 00:00:46.321000,0 days 00:00:54.750000,0 days 00:00:28.928000,Soft,6,1,,,14,False,0 days 00:25:36.716000,129.999,46.321,54.75,28.928,1536.716,1553.226,29.1,48.0,1008.2,False,38.9,335,1.3,False,True,False,FORMULA 1 2018 HONDA JAPANESE GRAND PRIX,Suzuka,Japan,,,Permanent,,,0.3563181255240425,0.4211570858237371,0.22252478865222042,3,False,Japanese Grand Prix,japanese_grand_prix,2018,2018-10-07,103.54650000000001,28,Opening,35.212999999999994,True,False,False,True
GAS,Toro Rosso,4,0 days 00:02:11.083000,0 days 00:00:47.776000,0 days 00:00:53.802000,0 days 00:00:29.505000,SUPERSOFT,6,1,,,14,False,0 days 00:25:39.312000,131.083,47.776,53.802,29.505,1539.312,1553.226,29.1,48.0,1008.2,False,38.9,335,1.3,False,True,False,FORMULA 1 2018 HONDA JAPANESE GRAND PRIX,Suzuka,Japan,,,Permanent,,,0.36447136547073233,0.4104422388868122,0.22508639564245553,3,False,Japanese Grand Prix,japanese_grand_prix,2018,2018-10-07,103.81035714285714,28,Opening,36.95,True,False,False,True
PER,Racing Point,4,0 days 00:02:10.931000,0 days 00:00:51.020000,0 days 00:00:50.526000,0 days 00:00:29.385000,SUPERSOFT,6,1,,,14,False,0 days 00:25:40.256000,130.931,51.02,50.526,29.385,1540.256,1553.226,29.1,48.0,1008.2,False,38.9,335,1.3,False,True,False,FORMULA 1 2018 HONDA JAPANESE GRAND PRIX,Suzuka,Japan,,,Permanent,,,0.3896708953570965,0.38589791569605364,0.22443118894684985,3,False,Japanese Grand Prix,japanese_grand_prix,2018,2018-10-07,105.15404347826087,23,Opening,36.85800000000002,True,False,False,True
OCO,Racing Point,4,0 days 00:02:11.087000,0 days 00:00:51.122000,0 days 00:00:51.844000,0 days 00:00:28.121000,SUPERSOFT,6,1,,,14,False,0 days 00:25:41.516000,131.087,51.122,51.844,28.121,1541.516,1553.226,29.1,48.0,1008.2,False,38.9,335,1.3,False,True,False,FORMULA 1 2018 HONDA JAPANESE GRAND PRIX,Suzuka,Japan,,,Permanent,,,0.3899852769534737,0.3954930694882025,0.21452165355832387,3,False,Japanese Grand Prix,japanese_grand_prix,2018,2018-10-07,104.52807999999999,25,Opening,36.41699999999999,True,False,False,True
RIC,Red Bull Racing,4,0 days 00:02:11.695000,0 days 00:00:51.264000,0 days 00:00:52.195000,0 days 00:00:28.236000,Soft,3,1,,,14,False,0 days 00:25:42.945000,131.695,51.264,52.195,28.236,1542.945,1553.226,29.1,48.0,1008.2,False,38.9,335,1.3,False,True,False,FORMULA 1 2018 HONDA JAPANESE GRAND PRIX,Suzuka,Japan,,,Permanent,,,0.3892630699722845,0.396332434792513,0.21440449523520258,3,False,Japanese Grand Prix,japanese_grand_prix,2018,2018-10-07,104.07522727272728,22,Opening,38.507999999999996,True,False,False,True
LEC,Sauber,4,0 days 00:02:12.639000,0 days 00:00:52.803000,0 days 00:00:51.588000,0 days 00:00:28.248000,Soft,3,1,0 days 00:25:45.330000,,14,False,0 days 00:25:46.578000,132.639,52.803,51.588,28.248,1546.578,1553.226,29.1,48.0,1008.2,False,38.9,335,1.3,False,True,False,FORMULA 1 2018 HONDA JAPANESE GRAND PRIX,Suzuka,Japan,,,Permanent,4.0,,0.3980955827471558,0.38893538099653946,0.2129690362563047,3,False,Japanese Grand Prix,japanese_grand_prix,2018,2018-10-07,110.20333333333333,3,Opening,38.12400000000001,True,False,False,True
HAR,Toro Rosso,4,0 days 00:02:14.922000,0 days 00:00:51.693000,0 days 00:00:52.255000,0 days 00:00:30.974000,SUPERSOFT,6,1,,,14,False,0 days 00:25:47.164000,134.922,51.693,52.255,30.974,1547.164,1553.226,29.1,48.0,1008.2,False,38.9,335,1.3,False,True,False,FORMULA 1 2018 HONDA JAPANESE GRAND PRIX,Suzuka,Japan,,,Permanent,,,0.38313247654200205,0.38729784616296825,0.22956967729502972,3,False,Japanese Grand Prix,japanese_grand_prix,2018,2018-10-07,104.28374074074074,27,Opening,40.065,True,False,False,True
SAI,Renault,4,0 days 00:02:14.545000,0 days 00:00:52.035000,0 days 00:00:52.230000,0 days 00:00:30.280000,Soft,3,1,,,14,False,0 days 00:25:47.571000,134.545,52.035,52.23,30.28,1547.571,1553.226,29.1,48.0,1008.2,False,38.9,335,1.3,False,True,False,FORMULA 1 2018 HONDA JAPANESE GRAND PRIX,Suzuka,Japan,,,Permanent,,,0.3867479282024602,0.38819725742316696,0.2250548143743729,3,False,Japanese Grand Prix,japanese_grand_prix,2018,2018-10-07,103.1368387096774,31,Opening,40.347999999999985,True,False,False,True
ALO,McLaren,4,0 days 00:02:13.800000,0 days 00:00:53.268000,0 days 00:00:53.954000,0 days 00:00:26.578000,Soft,3,1,,,14,False,0 days 00:25:48.548000,133.8,53.268,53.954,26.578,1548.548,1553.226,29.1,48.0,1008.2,False,38.9,335,1.3,False,True,False,FORMULA 1 2018 HONDA JAPANESE GRAND PRIX,Suzuka,Japan,,,Permanent,,,0.3981165919282511,0.4032436472346786,0.19863976083707025,3,False,Japanese Grand Prix,japanese_grand_prix,2018,2018-10-07,104.87276,25,Opening,39.85700000000001,True,False,False,True
HUL,Renault,4,0 days 00:02:14.798000,0 days 00:00:53.026000,0 days 00:00:54.931000,0 days 00:00:26.841000,Medium,3,1,,,14,False,0 days 00:25:50.802000,134.798,53.026,54.931,26.841,1550.802,1553.226,29.1,48.0,1008.2,False,38.9,335,1.3,False,True,False,FORMULA 1 2018 HONDA JAPANESE GRAND PRIX,Suzuka,Japan,,,Permanent,,,0.39337378892861913,0.4075060460837698,0.1991201649876111,3,False,Japanese Grand Prix,japanese_grand_prix,2018,2018-10-07,104.04220689655173,29,Opening,39.864000000000004,True,False,False,True
STR,Williams,4,0 days 00:02:15.483000,0 days 00:00:53.265000,0 days 00:00:55.798000,0 days 00:00:26.420000,Soft,3,1,,,14,False,0 days 00:25:52.665000,135.483,53.265,55.798,26.42,1552.665,1553.226,29.1,48.0,1008.2,False,38.9,335,1.3,False,True,False,FORMULA 1 2018 HONDA JAPANESE GRAND PRIX,Suzuka,Japan,,,Permanent,,,0.393148955957574,0.4118450285275643,0.19500601551486166,3,False,Japanese Grand Prix,japanese_grand_prix,2018,2018-10-07,111.83130769230769,13,Opening,42.129000000000005,True,False,False,True
SIR,Williams,4,0 days 00:02:14.469000,0 days 00:00:54.588000,0 days 00:00:54.506000,0 days 00:00:25.375000,Soft,3,1,0 days 00:25:52.320000,,14,False,0 days 00:25:53.583000,134.469,54.588,54.506,25.375,1553.583,1553.226,29.1,48.0,1008.2,False,38.9,335,1.3,False,True,False,FORMULA 1 2018 HONDA JAPANESE GRAND PRIX,Suzuka,Japan,,,Permanent,4.0,,0.4059523012738996,0.40534249529631367,0.1887052034297868,3,False,Japanese Grand Prix,japanese_grand_prix,2018,2018-10-07,111.63966666666666,3,Opening,40.483999999999995,True,False,False,True
ERI,Sauber,4,0 days 00:02:16.190000,0 days 00:00:54.104000,0 days 00:00:55.405000,0 days 00:00:26.681000,Soft,3,1,,,14,False,0 days 00:25:53.962000,136.19,54.104,55.405,26.681,1553.962,1553.226,29.1,48.0,1008.2,False,38.9,335,1.3,False,True,False,FORMULA 1 2018 HONDA JAPANESE GRAND PRIX,Suzuka,Japan,,,Permanent,,,0.3972685219179088,0.40682135252221163,0.19591012555987958,3,False,Japanese Grand Prix,japanese_grand_prix,2018,2018-10-07,118.30575,4,Opening,39.896,True,False,False,True
VAN,McLaren,4,0 days 00:02:15.186000,0 days 00:00:55.457000,0 days 00:00:54.341000,0 days 00:00:25.388000,Soft,3,1,,,14,False,0 days 00:25:54.784000,135.186,55.457,54.341,25.388,1554.784,1553.226,29.1,48.0,1008.2,False,38.9,335,1.3,False,True,False,FORMULA 1 2018 HONDA JAPANESE GRAND PRIX,Suzuka,Japan,,,Permanent,,,0.4102273904102496,0.4019720977024248,0.1878005118873256,3,False,Japanese Grand Prix,japanese_grand_prix,2018,2018-10-07,106.21077272727274,22,Opening,40.16300000000001,True,False,False,True
HAM,Mercedes,5,0 days 00:02:26.989000,0 days 00:00:53.187000,0 days 00:01:03.760000,0 days 00:00:30.042000,Soft,6,1,,,4,False,0 days 00:27:52.801000,146.989,53.187,63.76,30.042,1672.801,1672.867,28.9,47.4,1008.2,False,38.3,341,2.8,False,True,False,FORMULA 1 2018 HONDA JAPANESE GRAND PRIX,Suzuka,Japan,,,Permanent,,,0.36184340324786207,0.43377395587424905,0.20438264087788882,3,False,Japanese Grand Prix,japanese_grand_prix,2018,2018-10-07,103.71631818181818,22,Opening,54.20400000000001,True,False,False,True
BOT,Mercedes,5,0 days 00:02:23.113000,0 days 00:00:49.478000,0 days 00:01:03.886000,0 days 00:00:29.749000,Soft,7,1,,,4,False,0 days 00:27:54.174000,143.113,49.478,63.886,29.749,1674.174,1672.867,28.9,47.4,1008.2,False,38.3,341,2.8,False,True,False,FORMULA 1 2018 HONDA JAPANESE GRAND PRIX,Suzuka,Japan,,,Permanent,,,0.34572680329529815,0.4464024931347956,0.20787070356990628,3,False,Japanese Grand Prix,japanese_grand_prix,2018,2018-10-07,103.915,22,Opening,50.003,True,False,False,True
MAG,Haas F1 Team,4,0 days 00:02:22.671000,0 days 00:00:49.453000,0 days 00:01:04.027000,0 days 00:00:29.191000,Medium,2,2,,,4,False,0 days 00:27:54.810000,142.671,49.453,64.027,29.191,1674.81,1672.867,28.9,47.4,1008.2,False,38.3,341,2.8,False,True,False,FORMULA 1 2018 HONDA JAPANESE GRAND PRIX,Suzuka,Japan,,,Permanent,,,0.34662264931205367,0.44877375219911547,0.20460359848883095,3,False,Japanese Grand Prix,japanese_grand_prix,2018,2018-10-07,118.9182,5,Closing,42.76299999999999,True,False,False,True
VER,Red Bull Racing,5,0 days 00:02:22.320000,0 days 00:00:48.790000,0 days 00:01:05.022000,0 days 00:00:28.508000,SUPERSOFT,7,1,,,4,False,0 days 00:27:55.877000,142.32,48.79,65.022,28.508,1675.877,1672.867,28.9,47.4,1008.2,False,38.3,341,2.8,False,True,False,FORMULA 1 2018 HONDA JAPANESE GRAND PRIX,Suzuka,Japan,,,Permanent,,,0.34281899943788646,0.45687183811129856,0.20030916245081506,3,False,Japanese Grand Prix,japanese_grand_prix,2018,2018-10-07,104.9653,20,Opening,48.95299999999999,True,False,False,True
VET,Ferrari,5,0 days 00:02:21.661000,0 days 00:00:48.641000,0 days 00:01:04.719000,0 days 00:00:28.301000,SUPERSOFT,7,1,,,4,False,0 days 00:27:56.940000,141.661,48.641,64.719,28.301,1676.94,1672.867,28.9,47.4,1008.2,False,38.3,341,2.8,False,True,False,FORMULA 1 2018 HONDA JAPANESE GRAND PRIX,Suzuka,Japan,,,Permanent,,,0.34336196977290856,0.4568582743309732,0.19977975589611818,3,False,Japanese Grand Prix,japanese_grand_prix,2018,2018-10-07,104.7858,25,Opening,49.343,True,False,False,True
RAI,Ferrari,5,0 days 00:02:22.182000,0 days 00:00:48.875000,0 days 00:01:04.888000,0 days 00:00:28.419000,SUPERSOFT,7,1,,,4,False,0 days 00:27:58.114000,142.182,48.875,64.888,28.419,1678.114,1672.867,28.9,47.4,1008.2,False,38.3,341,2.8,False,True,False,FORMULA 1 2018 HONDA JAPANESE GRAND PRIX,Suzuka,Japan,,,Permanent,,,0.34374956042255705,0.45637281793757306,0.19987762163987005,3,False,Japanese Grand Prix,japanese_grand_prix,2018,2018-10-07,107.704125,16,Opening,47.95899999999999,True,False,False,True
GRO,Haas F1 Team,5,0 days 00:02:22.737000,0 days 00:00:50.292000,0 days 00:01:04.404000,0 days 00:00:28.041000,Soft,7,1,,,4,False,0 days 00:27:59.453000,142.737,50.292,64.404,28.041,1679.453,1672.867,28.9,47.4,1008.2,False,38.3,341,2.8,False,True,False,FORMULA 1 2018 HONDA JAPANESE GRAND PRIX,Suzuka,Japan,,,Permanent,,,0.35234031820761263,0.4512074654784674,0.19645221631392001,3,False,Japanese Grand Prix,japanese_grand_prix,2018,2018-10-07,103.54650000000001,28,Opening,47.95099999999999,True,False,False,True
GAS,Toro Rosso,5,0 days 00:02:21.903000,0 days 00:00:49.796000,0 days 00:01:04.395000,0 days 00:00:27.712000,SUPERSOFT,7,1,,,4,False,0 days 00:28:01.215000,141.903,49.796,64.395,27.712,1681.215,1672.867,28.9,47.4,1008.2,False,38.3,341,2.8,False,True,False,FORMULA 1 2018 HONDA JAPANESE GRAND PRIX,Suzuka,Japan,,,Permanent,,,0.35091576640381106,0.4537959028350352,0.19528833076115376,3,False,Japanese Grand Prix,japanese_grand_prix,2018,2018-10-07,103.81035714285714,28,Opening,47.769999999999996,True,False,False,True
PER,Racing Point,5,0 days 00:02:22.835000,0 days 00:00:52.137000,0 days 00:01:02.645000,0 days 00:00:28.053000,SUPERSOFT,7,1,,,4,False,0 days 00:28:03.091000,142.835,52.137,62.645,28.053,1683.091,1672.867,28.9,47.4,1008.2,False,38.3,341,2.8,False,True,False,FORMULA 1 2018 HONDA JAPANESE GRAND PRIX,Suzuka,Japan,,,Permanent,,,0.36501557741449925,0.4385829803619561,0.19640144222354464,3,False,Japanese Grand Prix,japanese_grand_prix,2018,2018-10-07,105.15404347826087,23,Opening,48.762000000000015,True,False,False,True
OCO,Racing Point,5,0 days 00:02:22.231000,0 days 00:00:52.213000,0 days 00:01:02.351000,0 days 00:00:27.667000,SUPERSOFT,7,1,,,4,False,0 days 00:28:03.747000,142.231,52.213,62.351,27.667,1683.747,1672.867,28.9,47.4,1008.2,False,38.3,341,2.8,False,True,False,FORMULA 1 2018 HONDA JAPANESE GRAND PRIX,Suzuka,Japan,,,Permanent,,,0.3670999992969184,0.43837841258234844,0.1945215881207332,3,False,Japanese Grand Prix,japanese_grand_prix,2018,2018-10-07,104.52807999999999,25,Opening,47.56099999999999,True,False,False,True
RIC,Red Bull Racing,5,0 days 00:02:21.810000,0 days 00:00:51.753000,0 days 00:01:02.087000,0 days 00:00:27.970000,Soft,4,1,,,4,False,0 days 00:28:04.755000,141.81,51.753,62.087,27.97,1684.755,1672.867,28.9,47.4,1008.2,False,38.3,341,2.8,False,True,False,FORMULA 1 2018 HONDA JAPANESE GRAND PRIX,Suzuka,Japan,,,Permanent,,,0.3649460545800719,0.43781820746068684,0.19723573795924124,3,False,Japanese Grand Prix,japanese_grand_prix,2018,2018-10-07,104.07522727272728,22,Opening,48.623000000000005,True,False,False,True
HAR,Toro Rosso,5,0 days 00:02:18.779000,0 days 00:00:49.074000,0 days 00:01:03.343000,0 days 00:00:26.362000,SUPERSOFT,7,1,,,4,False,0 days 00:28:05.943000,138.779,49.074,63.343,26.362,1685.943,1672.867,28.9,47.4,1008.2,False,38.3,341,2.8,False,True,False,FORMULA 1 2018 HONDA JAPANESE GRAND PRIX,Suzuka,Japan,,,Permanent,,,0.35361257827192877,0.4564307279919873,0.18995669373608398,3,False,Japanese Grand Prix,japanese_grand_prix,2018,2018-10-07,104.28374074074074,27,Opening,43.922,True,False,False,True
SAI,Renault,5,0 days 00:02:19.540000,0 days 00:00:49.906000,0 days 00:01:03.618000,0 days 00:00:26.016000,Soft,4,1,,,4,False,0 days 00:28:07.111000,139.54,49.906,63.618,26.016,1687.111,1672.867,28.9,47.4,1008.2,False,38.3,341,2.8,False,True,False,FORMULA 1 2018 HONDA JAPANESE GRAND PRIX,Suzuka,Japan,,,Permanent,,,0.3576465529597248,0.45591228321628213,0.18644116382399312,3,False,Japanese Grand Prix,japanese_grand_prix,2018,2018-10-07,103.1368387096774,31,Opening,45.34299999999999,True,False,False,True
ALO,McLaren,5,0 days 00:02:19.958000,0 days 00:00:49.840000,0 days 00:01:04.854000,0 days 00:00:25.264000,Soft,4,1,,,4,False,0 days 00:28:08.506000,139.958,49.84,64.854,25.264,1688.506,1672.867,28.9,47.4,1008.2,False,38.3,341,2.8,False,True,False,FORMULA 1 2018 HONDA JAPANESE GRAND PRIX,Suzuka,Japan,,,Permanent,,,0.3561068320496149,0.46338187170436845,0.18051129624601667,3,False,Japanese Grand Prix,japanese_grand_prix,2018,2018-10-07,104.87276,25,Opening,46.015,True,False,False,True
HUL,Renault,5,0 days 00:02:18.797000,0 days 00:00:48.830000,0 days 00:01:05.519000,0 days 00:00:24.448000,Medium,4,1,,,4,False,0 days 00:28:09.599000,138.797,48.83,65.519,24.448,1689.599,1672.867,28.9,47.4,1008.2,False,38.3,341,2.8,False,True,False,FORMULA 1 2018 HONDA JAPANESE GRAND PRIX,Suzuka,Japan,,,Permanent,,,0.3518087566734151,0.47204910768964753,0.1761421356369374,3,False,Japanese Grand Prix,japanese_grand_prix,2018,2018-10-07,104.04220689655173,29,Opening,43.863,True,False,False,True
STR,Williams,5,0 days 00:02:17.950000,0 days 00:00:47.825000,0 days 00:01:05.384000,0 days 00:00:24.741000,Soft,4,1,,,4,False,0 days 00:28:10.615000,137.95,47.825,65.384,24.741,1690.615,1672.867,28.9,47.4,1008.2,False,38.3,341,2.8,False,True,False,FORMULA 1 2018 HONDA JAPANESE GRAND PRIX,Suzuka,Japan,,,Permanent,,,0.3466835810076115,0.4739688292859732,0.17934758970641537,3,False,Japanese Grand Prix,japanese_grand_prix,2018,2018-10-07,111.83130769230769,13,Opening,44.59599999999999,True,False,False,True
VAN,McLaren,5,0 days 00:02:17.327000,0 days 00:00:47.914000,0 days 00:01:06.047000,0 days 00:00:23.366000,Soft,4,1,,,4,False,0 days 00:28:12.111000,137.327,47.914,66.047,23.366,1692.111,1672.867,28.9,47.4,1008.2,False,38.3,341,2.8,False,True,False,FORMULA 1 2018 HONDA JAPANESE GRAND PRIX,Suzuka,Japan,,,Permanent,,,0.3489044397678534,0.4809469368733024,0.17014862335884423,3,False,Japanese Grand Prix,japanese_grand_prix,2018,2018-10-07,106.21077272727274,22,Opening,42.304,True,False,False,True
SIR,Williams,5,0 days 00:02:19.330000,0 days 00:01:00.403000,0 days 00:00:56.834000,0 days 00:00:22.093000,Medium,1,2,,0 days 00:26:15.884000,4,False,0 days 00:28:12.913000,139.33,60.403,56.834,22.093,1692.913,1672.867,28.9,47.4,1008.2,False,38.3,341,2.8,False,True,False,FORMULA 1 2018 HONDA JAPANESE GRAND PRIX,Suzuka,Japan,,,Permanent,,,0.4335247254719012,0.4079092801263188,0.15856599440177993,3,False,Japanese Grand Prix,japanese_grand_prix,2018,2018-10-07,100.64236363636363,33,Mid,45.34500000000001,True,False,False,True
ERI,Sauber,5,0 days 00:02:19.079000,0 days 00:00:47.710000,0 days 00:01:05.457000,0 days 00:00:25.912000,Soft,4,1,0 days 00:28:11.927000,,4,False,0 days 00:28:13.041000,139.079,47.71,65.457,25.912,1693.041,1672.867,28.9,47.4,1008.2,False,38.3,341,2.8,False,True,False,FORMULA 1 2018 HONDA JAPANESE GRAND PRIX,Suzuka,Japan,,,Permanent,5.0,,0.34304244350333263,0.47064617950948734,0.18631137698717992,3,False,Japanese Grand Prix,japanese_grand_prix,2018,2018-10-07,118.30575,4,Opening,42.78500000000001,True,False,False,True
MAG,Haas F1 Team,5,0 days 00:02:21.142000,0 days 00:00:57.709000,0 days 00:01:00.277000,0 days 00:00:23.156000,Medium,3,2,,,4,False,0 days 00:30:15.952000,141.142,57.709,60.277,23.156,1815.952,1792.906,28.2,49.4,1008.1,False,37.8,317,1.8,False,True,False,FORMULA 1 2018 HONDA JAPANESE GRAND PRIX,Suzuka,Japan,,,Permanent,,,0.40887191622621194,0.42706635870258325,0.1640617250712049,3,False,Japanese Grand Prix,japanese_grand_prix,2018,2018-10-07,118.9182,5,Closing,41.233999999999995,True,False,False,True
HAM,Mercedes,6,0 days 00:02:28.225000,0 days 00:00:57.934000,0 days 00:01:03.358000,0 days 00:00:26.933000,Soft,7,1,,,4,False,0 days 00:30:21.026000,148.225,57.934,63.358,26.933,1821.026,1792.906,28.2,49.4,1008.1,False,37.8,317,1.8,False,True,False,FORMULA 1 2018 HONDA JAPANESE GRAND PRIX,Suzuka,Japan,,,Permanent,,,0.3908517456569405,0.4274447630291786,0.18170349131388094,3,False,Japanese Grand Prix,japanese_grand_prix,2018,2018-10-07,103.71631818181818,22,Opening,55.44,True,False,False,True
BOT,Mercedes,6,0 days 00:02:28.289000,0 days 00:00:57.512000,0 days 00:01:03.940000,0 days 00:00:26.837000,Soft,8,1,,,4,False,0 days 00:30:22.463000,148.289,57.512,63.94,26.837,1822.463,1792.906,28.2,49.4,1008.1,False,37.8,317,1.8,False,True,False,FORMULA 1 2018 HONDA JAPANESE GRAND PRIX,Suzuka,Japan,,,Permanent,,,0.3878372637215168,0.4311850508129396,0.18097768546554366,3,False,Japanese Grand Prix,japanese_grand_prix,2018,2018-10-07,103.915,22,Opening,55.17899999999999,True,False,False,True
VER,Red Bull Racing,6,0 days 00:02:27.720000,0 days 00:00:58.311000,0 days 00:01:02.695000,0 days 00:00:26.714000,SUPERSOFT,8,1,,,4,False,0 days 00:30:23.597000,147.72,58.311,62.695,26.714,1823.597,1852.906,28.3,49.7,1008.1,False,37.8,343,2.4,False,True,False,FORMULA 1 2018 HONDA JAPANESE GRAND PRIX,Suzuka,Japan,,,Permanent,,,0.3947400487408611,0.4244178174925535,0.18084213376658542,3,False,Japanese Grand Prix,japanese_grand_prix,2018,2018-10-07,104.9653,20,Opening,54.352999999999994,True,False,False,True
VET,Ferrari,6,0 days 00:02:27.986000,0 days 00:00:58.739000,0 days 00:01:03.481000,0 days 00:00:25.766000,SUPERSOFT,8,1,,,4,False,0 days 00:30:24.926000,147.986,58.739,63.481,25.766,1824.926,1852.906,28.3,49.7,1008.1,False,37.8,343,2.4,False,True,False,FORMULA 1 2018 HONDA JAPANESE GRAND PRIX,Suzuka,Japan,,,Permanent,,,0.39692268187531254,0.4289662535645264,0.1741110645601611,3,False,Japanese Grand Prix,japanese_grand_prix,2018,2018-10-07,104.7858,25,Opening,55.66799999999999,True,False,False,True
RAI,Ferrari,6,0 days 00:02:28.347000,0 days 00:00:58.309000,0 days 00:01:04.077000,0 days 00:00:25.961000,SUPERSOFT,8,1,,,4,False,0 days 00:30:26.461000,148.347,58.309,64.077,25.961,1826.461,1852.906,28.3,49.7,1008.1,False,37.8,343,2.4,False,True,False,FORMULA 1 2018 HONDA JAPANESE GRAND PRIX,Suzuka,Japan,,,Permanent,,,0.39305816767443896,0.43193997856377275,0.17500185376178823,3,False,Japanese Grand Prix,japanese_grand_prix,2018,2018-10-07,107.704125,16,Opening,54.12400000000001,True,False,False,True
GRO,Haas F1 Team,6,0 days 00:02:28.693000,0 days 00:00:58.782000,0 days 00:01:04.276000,0 days 00:00:25.635000,Soft,8,1,,,4,False,0 days 00:30:28.146000,148.693,58.782,64.276,25.635,1828.146,1852.906,28.3,49.7,1008.1,False,37.8,343,2.4,False,True,False,FORMULA 1 2018 HONDA JAPANESE GRAND PRIX,Suzuka,Japan,,,Permanent,,,0.39532459497084593,0.4322732072121754,0.1724021978169786,3,False,Japanese Grand Prix,japanese_grand_prix,2018,2018-10-07,103.54650000000001,28,Opening,53.90700000000001,True,False,False,True
GAS,Toro Rosso,6,0 days 00:02:28.291000,0 days 00:00:57.868000,0 days 00:01:04.637000,0 days 00:00:25.786000,SUPERSOFT,8,1,,,4,False,0 days 00:30:29.506000,148.291,57.868,64.637,25.786,1829.506,1852.906,28.3,49.7,1008.1,False,37.8,343,2.4,False,True,False,FORMULA 1 2018 HONDA JAPANESE GRAND PRIX,Suzuka,Japan,,,Permanent,,,0.39023271810157056,0.43587945323721605,0.17388782866121344,3,False,Japanese Grand Prix,japanese_grand_prix,2018,2018-10-07,103.81035714285714,28,Opening,54.158,True,False,False,True
PER,Racing Point,6,0 days 00:02:28.037000,0 days 00:00:57.771000,0 days 00:01:03.907000,0 days 00:00:26.359000,SUPERSOFT,8,1,,,4,False,0 days 00:30:31.128000,148.037,57.771,63.907,26.359,1831.128,1852.906,28.3,49.7,1008.1,False,37.8,343,2.4,False,True,False,FORMULA 1 2018 HONDA JAPANESE GRAND PRIX,Suzuka,Japan,,,Permanent,,,0.3902470328363855,0.4316961300215486,0.17805683714206583,3,False,Japanese Grand Prix,japanese_grand_prix,2018,2018-10-07,105.15404347826087,23,Opening,53.96400000000001,True,False,False,True
OCO,Racing Point,6,0 days 00:02:28.601000,0 days 00:00:58.452000,0 days 00:01:03.488000,0 days 00:00:26.661000,SUPERSOFT,8,1,,,4,False,0 days 00:30:32.348000,148.601,58.452,63.488,26.661,1832.348,1852.906,28.3,49.7,1008.1,False,37.8,343,2.4,False,True,False,FORMULA 1 2018 HONDA JAPANESE GRAND PRIX,Suzuka,Japan,,,Permanent,,,0.393348631570447,0.4272380401208606,0.17941332830869242,3,False,Japanese Grand Prix,japanese_grand_prix,2018,2018-10-07,104.52807999999999,25,Opening,53.931,True,False,False,True
RIC,Red Bull Racing,6,0 days 00:02:29.106000,0 days 00:00:58.298000,0 days 00:01:03.409000,0 days 00:00:27.399000,Soft,5,1,,,4,False,0 days 00:30:33.861000,149.106,58.298,63.409,27.399,1833.861,1852.906,28.3,49.7,1008.1,False,37.8,343,2.4,False,True,False,FORMULA 1 2018 HONDA JAPANESE GRAND PRIX,Suzuka,Japan,,,Permanent,,,0.3909835955628882,0.4252612235590788,0.18375518087803308,3,False,Japanese Grand Prix,japanese_grand_prix,2018,2018-10-07,104.07522727272728,22,Opening,55.919,True,False,False,True
HAR,Toro Rosso,6,0 days 00:02:29.148000,0 days 00:00:58.498000,0 days 00:01:04.220000,0 days 00:00:26.430000,SUPERSOFT,8,1,,,4,False,0 days 00:30:35.091000,149.148,58.498,64.22,26.43,1835.091,1852.906,28.3,49.7,1008.1,False,37.8,343,2.4,False,True,False,FORMULA 1 2018 HONDA JAPANESE GRAND PRIX,Suzuka,Japan,,,Permanent,,,0.39221444471263445,0.4305790221793118,0.17720653310805376,3,False,Japanese Grand Prix,japanese_grand_prix,2018,2018-10-07,104.28374074074074,27,Opening,54.291,True,False,False,True
SAI,Renault,6,0 days 00:02:29.786000,0 days 00:00:58.182000,0 days 00:01:04.260000,0 days 00:00:27.344000,Soft,5,1,,,4,False,0 days 00:30:36.897000,149.786,58.182,64.26,27.344,1836.897,1852.906,28.3,49.7,1008.1,False,37.8,343,2.4,False,True,False,FORMULA 1 2018 HONDA JAPANESE GRAND PRIX,Suzuka,Japan,,,Permanent,,,0.3884341660769364,0.4290120572016077,0.18255377672145595,3,False,Japanese Grand Prix,japanese_grand_prix,2018,2018-10-07,103.1368387096774,31,Opening,55.589,True,False,False,True
ALO,McLaren,6,0 days 00:02:29.109000,0 days 00:00:57.983000,0 days 00:01:04.437000,0 days 00:00:26.689000,Soft,5,1,,,4,False,0 days 00:30:37.615000,149.109,57.983,64.437,26.689,1837.615,1852.906,28.3,49.7,1008.1,False,37.8,343,2.4,False,True,False,FORMULA 1 2018 HONDA JAPANESE GRAND PRIX,Suzuka,Japan,,,Permanent,,,0.38886318062625325,0.4321469529002273,0.17898986647351936,3,False,Japanese Grand Prix,japanese_grand_prix,2018,2018-10-07,104.87276,25,Opening,55.16600000000001,True,False,False,True
HUL,Renault,6,0 days 00:02:29.052000,0 days 00:00:57.897000,0 days 00:01:05.559000,0 days 00:00:25.596000,Medium,5,1,,,4,False,0 days 00:30:38.651000,149.052,57.897,65.559,25.596,1838.651,1852.906,28.3,49.7,1008.1,False,37.8,343,2.4,False,True,False,FORMULA 1 2018 HONDA JAPANESE GRAND PRIX,Suzuka,Japan,,,Permanent,,,0.3884349086224942,0.4398397874567265,0.17172530392077934,3,False,Japanese Grand Prix,japanese_grand_prix,2018,2018-10-07,104.04220689655173,29,Opening,54.117999999999995,True,False,False,True
STR,Williams,6,0 days 00:02:29.505000,0 days 00:00:57.921000,0 days 00:01:05.519000,0 days 00:00:26.065000,Soft,5,1,,,4,False,0 days 00:30:40.120000,149.505,57.921,65.519,26.065,1840.12,1852.906,28.3,49.7,1008.1,False,37.8,343,2.4,False,True,False,FORMULA 1 2018 HONDA JAPANESE GRAND PRIX,Suzuka,Japan,,,Permanent,,,0.38741848098725795,0.43823952376174713,0.17434199525099497,3,False,Japanese Grand Prix,japanese_grand_prix,2018,2018-10-07,111.83130769230769,13,Opening,56.150999999999996,True,False,False,True
VAN,McLaren,6,0 days 00:02:29.516000,0 days 00:00:57.489000,0 days 00:01:06.584000,0 days 00:00:25.443000,Soft,5,1,,,4,False,0 days 00:30:41.627000,149.516,57.489,66.584,25.443,1841.627,1852.906,28.3,49.7,1008.1,False,37.8,343,2.4,False,True,False,FORMULA 1 2018 HONDA JAPANESE GRAND PRIX,Suzuka,Japan,,,Permanent,,,0.38450065544824635,0.44533026565718725,0.17016907889456648,3,False,Japanese Grand Prix,japanese_grand_prix,2018,2018-10-07,106.21077272727274,22,Opening,54.492999999999995,True,False,False,True
LEC,Sauber,6,0 days 00:02:22.021000,0 days 00:00:49.450000,0 days 00:01:06.367000,0 days 00:00:26.204000,Medium,2,2,,,4,False,0 days 00:30:44.568000,142.021,49.45,66.367,26.204,1844.568,1852.906,28.3,49.7,1008.1,False,37.8,343,2.4,False,True,False,FORMULA 1 2018 HONDA JAPANESE GRAND PRIX,Suzuka,Japan,,,Permanent,,,0.3481879440364454,0.46730413107920665,0.1845079248843481,3,False,Japanese Grand Prix,japanese_grand_prix,2018,2018-10-07,100.60793333333332,30,Mid,47.505999999999986,True,False,False,True
MAG,Haas F1 Team,6,0 days 00:01:39.908000,0 days 00:00:36.329000,0 days 00:00:44.608000,0 days 00:00:18.971000,Medium,4,2,,,4,False,0 days 00:31:55.860000,99.908,36.329,44.608,18.971,1915.86,1912.92,28.0,50.6,1008.1,False,37.7,349,2.8,False,True,False,FORMULA 1 2018 HONDA JAPANESE GRAND PRIX,Suzuka,Japan,,,Permanent,,,0.36362453457180605,0.446490771509789,0.18988469391840493,3,False,Japanese Grand Prix,japanese_grand_prix,2018,2018-10-07,118.9182,5,Closing,0.0,True,False,False,True
HAM,Mercedes,7,0 days 00:02:29.544000,0 days 00:00:54.539000,0 days 00:01:13.783000,0 days 00:00:21.222000,Soft,8,1,,,41,False,0 days 00:32:50.570000,149.544,54.539,73.783,21.222,1970.57,1974.03,28.1,50.7,1008.2,False,37.7,325,1.9,False,True,False,FORMULA 1 2018 HONDA JAPANESE GRAND PRIX,Suzuka,Japan,,,Permanent,,,0.364702027496924,0.49338656181458296,0.14191141068849303,3,False,Japanese Grand Prix,japanese_grand_prix,2018,2018-10-07,103.71631818181818,22,Opening,56.759000000000015,True,False,False,True
BOT,Mercedes,7,0 days 00:02:28.871000,0 days 00:00:53.811000,0 days 00:01:13.642000,0 days 00:00:21.418000,Soft,9,1,,,41,False,0 days 00:32:51.334000,148.871,53.811,73.642,21.418,1971.334,1974.03,28.1,50.7,1008.2,False,37.7,325,1.9,False,True,False,FORMULA 1 2018 HONDA JAPANESE GRAND PRIX,Suzuka,Japan,,,Permanent,,,0.3614605933996547,0.49466988197835704,0.14386952462198815,3,False,Japanese Grand Prix,japanese_grand_prix,2018,2018-10-07,103.915,22,Opening,55.76100000000001,True,False,False,True
VER,Red Bull Racing,7,0 days 00:02:28.237000,0 days 00:00:54.202000,0 days 00:01:12.434000,0 days 00:00:21.601000,SUPERSOFT,9,1,,,41,False,0 days 00:32:51.834000,148.237,54.202,72.434,21.601,1971.834,1974.03,28.1,50.7,1008.2,False,37.7,325,1.9,False,True,False,FORMULA 1 2018 HONDA JAPANESE GRAND PRIX,Suzuka,Japan,,,Permanent,,,0.36564420488811833,0.48863644029493314,0.14571935481694853,3,False,Japanese Grand Prix,japanese_grand_prix,2018,2018-10-07,104.9653,20,Opening,54.86999999999999,True,False,False,True
VET,Ferrari,7,0 days 00:02:27.375000,0 days 00:00:54.880000,0 days 00:01:10.832000,0 days 00:00:21.663000,SUPERSOFT,9,1,,,41,False,0 days 00:32:52.301000,147.375,54.88,70.832,21.663,1972.301,1974.03,28.1,50.7,1008.2,False,37.7,325,1.9,False,True,False,FORMULA 1 2018 HONDA JAPANESE GRAND PRIX,Suzuka,Japan,,,Permanent,,,0.3723833757421544,0.48062425784563184,0.14699236641221375,3,False,Japanese Grand Prix,japanese_grand_prix,2018,2018-10-07,104.7858,25,Opening,55.057,True,False,False,True
RAI,Ferrari,7,0 days 00:02:26.258000,0 days 00:00:54.268000,0 days 00:01:10.397000,0 days 00:00:21.593000,SUPERSOFT,9,1,,,41,False,0 days 00:32:52.719000,146.258,54.268,70.397,21.593,1972.719,1974.03,28.1,50.7,1008.2,False,37.7,325,1.9,False,True,False,FORMULA 1 2018 HONDA JAPANESE GRAND PRIX,Suzuka,Japan,,,Permanent,,,0.37104295149667027,0.4813206798944331,0.1476363686088966,3,False,Japanese Grand Prix,japanese_grand_prix,2018,2018-10-07,107.704125,16,Opening,52.03500000000001,True,False,False,True
GRO,Haas F1 Team,7,0 days 00:02:25.160000,0 days 00:00:54.263000,0 days 00:01:09.159000,0 days 00:00:21.738000,Soft,9,1,,,41,False,0 days 00:32:53.306000,145.16,54.263,69.159,21.738,1973.306,1974.03,28.1,50.7,1008.2,False,37.7,325,1.9,False,True,False,FORMULA 1 2018 HONDA JAPANESE GRAND PRIX,Suzuka,Japan,,,Permanent,,,0.3738151005786718,0.47643290162579227,0.14975199779553597,3,False,Japanese Grand Prix,japanese_grand_prix,2018,2018-10-07,103.54650000000001,28,Opening,50.373999999999995,True,False,False,True
GAS,Toro Rosso,7,0 days 00:02:24.197000,0 days 00:00:53.935000,0 days 00:01:08.571000,0 days 00:00:21.691000,SUPERSOFT,9,1,,,41,False,0 days 00:32:53.703000,144.197,53.935,68.571,21.691,1973.703,1974.03,28.1,50.7,1008.2,False,37.7,325,1.9,False,True,False,FORMULA 1 2018 HONDA JAPANESE GRAND PRIX,Suzuka,Japan,,,Permanent,,,0.37403690784135596,0.47553693904866257,0.15042615310998148,3,False,Japanese Grand Prix,japanese_grand_prix,2018,2018-10-07,103.81035714285714,28,Opening,50.06400000000001,True,False,False,True
PER,Racing Point,7,0 days 00:02:23.028000,0 days 00:00:53.168000,0 days 00:01:08.103000,0 days 00:00:21.757000,SUPERSOFT,9,1,,,41,False,0 days 00:32:54.156000,143.028,53.168,68.103,21.757,1974.156,1974.03,28.1,50.7,1008.2,False,37.7,325,1.9,False,True,False,FORMULA 1 2018 HONDA JAPANESE GRAND PRIX,Suzuka,Japan,,,Permanent,,,0.3717314092345555,0.4761515227787566,0.15211706798668795,3,False,Japanese Grand Prix,japanese_grand_prix,2018,2018-10-07,105.15404347826087,23,Opening,48.955,True,False,False,True
OCO,Racing Point,7,0 days 00:02:22.196000,0 days 00:00:52.879000,0 days 00:01:07.566000,0 days 00:00:21.751000,SUPERSOFT,9,1,,,41,False,0 days 00:32:54.544000,142.196,52.879,67.566,21.751,1974.544,1974.03,28.1,50.7,1008.2,False,37.7,325,1.9,False,True,False,FORMULA 1 2018 HONDA JAPANESE GRAND PRIX,Suzuka,Japan,,,Permanent,,,0.37187403302483896,0.47516104531773046,0.15296492165743059,3,False,Japanese Grand Prix,japanese_grand_prix,2018,2018-10-07,104.52807999999999,25,Opening,47.525999999999996,True,False,False,True
RIC,Red Bull Racing,7,0 days 00:02:21.070000,0 days 00:00:52.810000,0 days 00:01:06.562000,0 days 00:00:21.698000,Soft,6,1,,,41,False,0 days 00:32:54.931000,141.07,52.81,66.562,21.698,1974.931,1974.03,28.1,50.7,1008.2,False,37.7,325,1.9,False,True,False,FORMULA 1 2018 HONDA JAPANESE GRAND PRIX,Suzuka,Japan,,,Permanent,,,0.3743531580066634,0.4718366768271071,0.15381016516622953,3,False,Japanese Grand Prix,japanese_grand_prix,2018,2018-10-07,104.07522727272728,22,Opening,47.882999999999996,True,False,False,True
HAR,Toro Rosso,7,0 days 00:02:20.416000,0 days 00:00:53.153000,0 days 00:01:05.539000,0 days 00:00:21.724000,SUPERSOFT,9,1,,,41,False,0 days 00:32:55.507000,140.416,53.153,65.539,21.724,1975.507,1974.03,28.1,50.7,1008.2,False,37.7,325,1.9,False,True,False,FORMULA 1 2018 HONDA JAPANESE GRAND PRIX,Suzuka,Japan,,,Permanent,,,0.37853948268003645,0.4667488035551504,0.15471171376481313,3,False,Japanese Grand Prix,japanese_grand_prix,2018,2018-10-07,104.28374074074074,27,Opening,45.559,True,False,False,True
SAI,Renault,7,0 days 00:02:18.965000,0 days 00:00:52.045000,0 days 00:01:05.221000,0 days 00:00:21.699000,Soft,6,1,,,41,False,0 days 00:32:55.862000,138.965,52.045,65.221,21.699,1975.862,1974.03,28.1,50.7,1008.2,False,37.7,325,1.9,False,True,False,FORMULA 1 2018 HONDA JAPANESE GRAND PRIX,Suzuka,Japan,,,Permanent,,,0.3745187637174828,0.46933400496527905,0.15614723131723815,3,False,Japanese Grand Prix,japanese_grand_prix,2018,2018-10-07,103.1368387096774,31,Opening,44.768,True,False,False,True
ALO,McLaren,7,0 days 00:02:18.684000,0 days 00:00:52.130000,0 days 00:01:05.048000,0 days 00:00:21.506000,Soft,6,1,,,41,False,0 days 00:32:56.299000,138.684,52.13,65.048,21.506,1976.299,1974.03,28.1,50.7,1008.2,False,37.7,325,1.9,False,True,False,FORMULA 1 2018 HONDA JAPANESE GRAND PRIX,Suzuka,Japan,,,Permanent,,,0.3758905136857893,0.46903752415563443,0.15507196215857633,3,False,Japanese Grand Prix,japanese_grand_prix,2018,2018-10-07,104.87276,25,Opening,44.741,True,False,False,True
HUL,Renault,7,0 days 00:02:18.133000,0 days 00:00:53.153000,0 days 00:01:03.374000,0 days 00:00:21.606000,Medium,6,1,,,41,False,0 days 00:32:56.784000,138.133,53.153,63.374,21.606,1976.784,1974.03,28.1,50.7,1008.2,False,37.7,325,1.9,False,True,False,FORMULA 1 2018 HONDA JAPANESE GRAND PRIX,Suzuka,Japan,,,Permanent,,,0.3847958127312083,0.45878971715665334,0.1564144701121383,3,False,Japanese Grand Prix,japanese_grand_prix,2018,2018-10-07,104.04220689655173,29,Opening,43.19900000000001,True,False,False,True
STR,Williams,7,0 days 00:02:17.159000,0 days 00:00:52.688000,0 days 00:01:02.682000,0 days 00:00:21.789000,Soft,6,1,,,41,False,0 days 00:32:57.279000,137.159,52.688,62.682,21.789,1977.279,1974.03,28.1,50.7,1008.2,False,37.7,325,1.9,False,True,False,FORMULA 1 2018 HONDA JAPANESE GRAND PRIX,Suzuka,Japan,,,Permanent,,,0.3841381170758026,0.45700245700245706,0.1588594259217405,3,False,Japanese Grand Prix,japanese_grand_prix,2018,2018-10-07,111.83130769230769,13,Opening,43.80499999999999,True,False,False,True
VAN,McLaren,7,0 days 00:02:16.111000,0 days 00:00:52.443000,0 days 00:01:01.826000,0 days 00:00:21.842000,Soft,6,1,,,41,False,0 days 00:32:57.738000,136.111,52.443,61.826,21.842,1977.738,1974.03,28.1,50.7,1008.2,False,37.7,325,1.9,False,True,False,FORMULA 1 2018 HONDA JAPANESE GRAND PRIX,Suzuka,Japan,,,Permanent,,,0.3852958247312855,0.45423220753649596,0.16047196773221856,3,False,Japanese Grand Prix,japanese_grand_prix,2018,2018-10-07,106.21077272727274,22,Opening,41.087999999999994,True,False,False,True
SIR,Williams,7,0 days 00:02:14.439000,0 days 00:00:51.933000,0 days 00:01:00.646000,0 days 00:00:21.860000,Medium,3,2,,,41,False,0 days 00:32:57.993000,134.439,51.933,60.646,21.86,1977.993,1974.03,28.1,50.7,1008.2,False,37.7,325,1.9,False,True,False,FORMULA 1 2018 HONDA JAPANESE GRAND PRIX,Suzuka,Japan,,,Permanent,,,0.3862941557137438,0.4511042182699961,0.16260162601626016,3,False,Japanese Grand Prix,japanese_grand_prix,2018,2018-10-07,100.64236363636363,33,Mid,40.45399999999999,True,False,False,True
LEC,Sauber,7,0 days 00:02:14.120000,0 days 00:00:51.858000,0 days 00:01:00.159000,0 days 00:00:22.103000,Medium,3,2,,,41,False,0 days 00:32:58.688000,134.12,51.858,60.159,22.103,1978.688,1974.03,28.1,50.7,1008.2,False,37.7,325,1.9,False,True,False,FORMULA 1 2018 HONDA JAPANESE GRAND PRIX,Suzuka,Japan,,,Permanent,,,0.3866537429167909,0.44854607813898,0.16480017894422905,3,False,Japanese Grand Prix,japanese_grand_prix,2018,2018-10-07,100.60793333333332,30,Mid,39.605000000000004,True,False,False,True
ERI,Sauber,7,0 days 00:02:16.526000,0 days 00:00:51.367000,0 days 00:00:58.807000,0 days 00:00:26.352000,Medium,2,2,,,41,False,0 days 00:33:03.206000,136.526,51.367,58.807,26.352,1983.206,1974.03,28.1,50.7,1008.2,False,37.7,325,1.9,False,True,False,FORMULA 1 2018 HONDA JAPANESE GRAND PRIX,Suzuka,Japan,,,Permanent,,,0.37624335291446315,0.43073846739815125,0.19301817968738555,3,False,Japanese Grand Prix,japanese_grand_prix,2018,2018-10-07,98.81828260869564,46,Closing,40.23200000000001,True,False,False,True
MAG,Haas F1 Team,7,0 days 00:01:40.239000,0 days 00:00:36.408000,0 days 00:00:44.618000,0 days 00:00:19.213000,Medium,5,2,,,41,False,0 days 00:33:36.099000,100.239,36.408,44.618,19.213,2016.099,2032.947,28.3,50.0,1008.2,False,38.1,327,2.0,False,True,False,FORMULA 1 2018 HONDA JAPANESE GRAND PRIX,Suzuka,Japan,,,Permanent,,,0.3632119235028282,0.4451161723480881,0.1916719041490837,3,False,Japanese Grand Prix,japanese_grand_prix,2018,2018-10-07,118.9182,5,Closing,0.33100000000000307,True,False,False,True
HAM,Mercedes,8,0 days 00:01:34.437000,0 days 00:00:33.940000,0 days 00:00:42.352000,0 days 00:00:18.145000,Soft,9,1,,,12,True,0 days 00:34:25.007000,94.437,33.94,42.352,18.145,2065.007,2092.96,28.4,50.1,1008.2,False,38.0,326,1.9,False,True,False,FORMULA 1 2018 HONDA JAPANESE GRAND PRIX,Suzuka,Japan,,,Permanent,,,0.359393034509779,0.4484682910299988,0.19213867446022215,3,False,Japanese Grand Prix,japanese_grand_prix,2018,2018-10-07,103.71631818181818,22,Opening,1.652000000000001,False,False,False,True
BOT,Mercedes,8,0 days 00:01:34.991000,0 days 00:00:34.359000,0 days 00:00:42.460000,0 days 00:00:18.172000,Soft,10,1,,,12,True,0 days 00:34:26.325000,94.991,34.359,42.46,18.172,2066.325,2092.96,28.4,50.1,1008.2,False,38.0,326,1.9,False,True,False,FORMULA 1 2018 HONDA JAPANESE GRAND PRIX,Suzuka,Japan,,,Permanent,,,0.36170795127959493,0.44698971481508776,0.19130233390531734,3,False,Japanese Grand Prix,japanese_grand_prix,2018,2018-10-07,103.915,22,Opening,1.8810000000000002,False,False,False,True
VER,Red Bull Racing,8,0 days 00:01:36.803000,0 days 00:00:34.512000,0 days 00:00:43.876000,0 days 00:00:18.415000,SUPERSOFT,10,1,,,12,True,0 days 00:34:28.637000,96.803,34.512,43.876,18.415,2068.637,2092.96,28.4,50.1,1008.2,False,38.0,326,1.9,False,True,False,FORMULA 1 2018 HONDA JAPANESE GRAND PRIX,Suzuka,Japan,,,Permanent,,,0.3565178765120916,0.453250415792899,0.19023170769500944,3,False,Japanese Grand Prix,japanese_grand_prix,2018,2018-10-07,104.9653,20,Opening,3.435999999999993,False,False,False,True
RAI,Ferrari,8,0 days 00:01:36.540000,0 days 00:00:35.139000,0 days 00:00:42.900000,0 days 00:00:18.501000,SUPERSOFT,10,1,,,12,True,0 days 00:34:29.259000,96.54,35.139,42.9,18.501,2069.259,2092.96,28.4,50.1,1008.2,False,38.0,326,1.9,False,True,False,FORMULA 1 2018 HONDA JAPANESE GRAND PRIX,Suzuka,Japan,,,Permanent,,,0.3639838408949658,0.44437538844002483,0.1916407706650093,3,False,Japanese Grand Prix,japanese_grand_prix,2018,2018-10-07,107.704125,16,Opening,2.3170000000000073,False,False,False,True
GRO,Haas F1 Team,8,0 days 00:01:37.643000,0 days 00:00:35.598000,0 days 00:00:43.635000,0 days 00:00:18.410000,Soft,10,1,,,12,True,0 days 00:34:30.949000,97.643,35.598,43.635,18.41,2070.949,2092.96,28.4,50.1,1008.2,False,38.0,326,1.9,False,True,False,FORMULA 1 2018 HONDA JAPANESE GRAND PRIX,Suzuka,Japan,,,Permanent,,,0.3645729852626404,0.4468830330899296,0.18854398164742991,3,False,Japanese Grand Prix,japanese_grand_prix,2018,2018-10-07,103.54650000000001,28,Opening,2.8569999999999993,False,False,False,True
GAS,Toro Rosso,8,0 days 00:01:38.263000,0 days 00:00:35.755000,0 days 00:00:43.912000,0 days 00:00:18.596000,SUPERSOFT,10,1,,,12,True,0 days 00:34:31.966000,98.263,35.755,43.912,18.596,2071.966,2092.96,28.4,50.1,1008.2,False,38.0,326,1.9,False,True,False,FORMULA 1 2018 HONDA JAPANESE GRAND PRIX,Suzuka,Japan,,,Permanent,,,0.36387042935794756,0.44688234635620727,0.18924722428584512,3,False,Japanese Grand Prix,japanese_grand_prix,2018,2018-10-07,103.81035714285714,28,Opening,4.13000000000001,False,False,False,True
PER,Racing Point,8,0 days 00:01:38.241000,0 days 00:00:35.815000,0 days 00:00:43.830000,0 days 00:00:18.596000,SUPERSOFT,10,1,,,12,True,0 days 00:34:32.397000,98.241,35.815,43.83,18.596,2072.397,2092.96,28.4,50.1,1008.2,False,38.0,326,1.9,False,True,False,FORMULA 1 2018 HONDA JAPANESE GRAND PRIX,Suzuka,Japan,,,Permanent,,,0.3645626571390763,0.4461477387241579,0.1892896041367657,3,False,Japanese Grand Prix,japanese_grand_prix,2018,2018-10-07,105.15404347826087,23,Opening,4.168000000000006,False,False,False,True
OCO,Racing Point,8,0 days 00:01:38.626000,0 days 00:00:35.968000,0 days 00:00:43.820000,0 days 00:00:18.838000,SUPERSOFT,10,1,,,12,True,0 days 00:34:33.170000,98.626,35.968,43.82,18.838,2073.17,2092.96,28.4,50.1,1008.2,False,38.0,326,1.9,False,True,False,FORMULA 1 2018 HONDA JAPANESE GRAND PRIX,Suzuka,Japan,,,Permanent,,,0.3646908523107497,0.44430474722689756,0.19100440046235273,3,False,Japanese Grand Prix,japanese_grand_prix,2018,2018-10-07,104.52807999999999,25,Opening,3.956000000000003,False,False,False,True
RIC,Red Bull Racing,8,0 days 00:01:38.473000,0 days 00:00:36.105000,0 days 00:00:43.448000,0 days 00:00:18.920000,Soft,7,1,,,12,True,0 days 00:34:33.404000,98.473,36.105,43.448,18.92,2073.404,2092.96,28.4,50.1,1008.2,False,38.0,326,1.9,False,True,False,FORMULA 1 2018 HONDA JAPANESE GRAND PRIX,Suzuka,Japan,,,Permanent,,,0.3666487260467336,0.44121738953824907,0.19213388441501733,3,False,Japanese Grand Prix,japanese_grand_prix,2018,2018-10-07,104.07522727272728,22,Opening,5.286000000000001,False,False,False,True
SAI,Renault,8,0 days 00:01:38.567000,0 days 00:00:36.147000,0 days 00:00:43.657000,0 days 00:00:18.763000,Soft,7,1,,,12,True,0 days 00:34:34.429000,98.567,36.147,43.657,18.763,2074.429,2092.96,28.4,50.1,1008.2,False,38.0,326,1.9,False,True,False,FORMULA 1 2018 HONDA JAPANESE GRAND PRIX,Suzuka,Japan,,,Permanent,,,0.3667251717106131,0.4429170006188684,0.19035782767051856,3,False,Japanese Grand Prix,japanese_grand_prix,2018,2018-10-07,103.1368387096774,31,Opening,4.36999999999999,False,False,False,True
ALO,McLaren,8,0 days 00:01:38.455000,0 days 00:00:36.423000,0 days 00:00:43.996000,0 days 00:00:18.036000,Soft,7,1,,,12,True,0 days 00:34:34.754000,98.455,36.423,43.996,18.036,2074.754,2092.96,28.4,50.1,1008.2,False,38.0,326,1.9,False,True,False,FORMULA 1 2018 HONDA JAPANESE GRAND PRIX,Suzuka,Japan,,,Permanent,,,0.36994566045401456,0.4468640495657915,0.18319028998019402,3,False,Japanese Grand Prix,japanese_grand_prix,2018,2018-10-07,104.87276,25,Opening,4.5120000000000005,False,False,False,True
HAR,Toro Rosso,8,0 days 00:01:39.964000,0 days 00:00:36.046000,0 days 00:00:44.110000,0 days 00:00:19.808000,SUPERSOFT,10,1,,,12,True,0 days 00:34:35.471000,99.964,36.046,44.11,19.808,2075.471,2092.96,28.4,50.1,1008.2,False,38.0,326,1.9,False,True,False,FORMULA 1 2018 HONDA JAPANESE GRAND PRIX,Suzuka,Japan,,,Permanent,,,0.3605898123324397,0.44125885318714736,0.19815133448041294,3,False,Japanese Grand Prix,japanese_grand_prix,2018,2018-10-07,104.28374074074074,27,Opening,5.106999999999999,False,False,False,True
HUL,Renault,8,0 days 00:01:39.025000,0 days 00:00:36.522000,0 days 00:00:43.806000,0 days 00:00:18.697000,Medium,7,1,,,12,True,0 days 00:34:35.809000,99.025,36.522,43.806,18.697,2075.809,2092.96,28.4,50.1,1008.2,False,38.0,326,1.9,False,True,False,FORMULA 1 2018 HONDA JAPANESE GRAND PRIX,Suzuka,Japan,,,Permanent,,,0.36881595556677604,0.44237313809644024,0.18881090633678363,3,False,Japanese Grand Prix,japanese_grand_prix,2018,2018-10-07,104.04220689655173,29,Opening,4.091000000000008,False,False,False,True
STR,Williams,8,0 days 00:01:39.509000,0 days 00:00:36.539000,0 days 00:00:44.209000,0 days 00:00:18.761000,Soft,7,1,,,12,True,0 days 00:34:36.788000,99.509,36.539,44.209,18.761,2076.788,2092.96,28.4,50.1,1008.2,False,38.0,326,1.9,False,True,False,FORMULA 1 2018 HONDA JAPANESE GRAND PRIX,Suzuka,Japan,,,Permanent,,,0.3671929172235677,0.44427137243867393,0.18853571033775837,3,False,Japanese Grand Prix,japanese_grand_prix,2018,2018-10-07,111.83130769230769,13,Opening,6.155000000000001,False,False,False,True
LEC,Sauber,8,0 days 00:01:38.639000,0 days 00:00:36.031000,0 days 00:00:44.084000,0 days 00:00:18.524000,Medium,4,2,,,12,True,0 days 00:34:37.327000,98.639,36.031,44.084,18.524,2077.327,2092.96,28.4,50.1,1008.2,False,38.0,326,1.9,False,True,False,FORMULA 1 2018 HONDA JAPANESE GRAND PRIX,Suzuka,Japan,,,Permanent,,,0.36528148095580854,0.4469226168148502,0.18779590222934137,3,False,Japanese Grand Prix,japanese_grand_prix,2018,2018-10-07,100.60793333333332,30,Mid,4.123999999999995,False,False,False,True
SIR,Williams,8,0 days 00:01:40.251000,0 days 00:00:36.362000,0 days 00:00:44.917000,0 days 00:00:18.972000,Medium,4,2,,,12,True,0 days 00:34:38.244000,100.251,36.362,44.917,18.972,2078.244,2092.96,28.4,50.1,1008.2,False,38.0,326,1.9,False,True,False,FORMULA 1 2018 HONDA JAPANESE GRAND PRIX,Suzuka,Japan,,,Permanent,,,0.3627095989067441,0.4480454060308625,0.1892449950623934,3,False,Japanese Grand Prix,japanese_grand_prix,2018,2018-10-07,100.64236363636363,33,Mid,6.266000000000005,False,False,False,True
VAN,McLaren,8,0 days 00:01:41.039000,0 days 00:00:37.287000,0 days 00:00:44.863000,0 days 00:00:18.889000,Soft,7,1,,,12,True,0 days 00:34:38.777000,101.039,37.287,44.863,18.889,2078.777,2092.96,28.4,50.1,1008.2,False,38.0,326,1.9,False,True,False,FORMULA 1 2018 HONDA JAPANESE GRAND PRIX,Suzuka,Japan,,,Permanent,,,0.3690357188808282,0.44401666683161944,0.18694761428755233,3,False,Japanese Grand Prix,japanese_grand_prix,2018,2018-10-07,106.21077272727274,22,Opening,6.016000000000005,False,False,False,True
ERI,Sauber,8,0 days 00:01:36.294000,0 days 00:00:34.469000,0 days 00:00:43.247000,0 days 00:00:18.578000,Medium,3,2,,,12,True,0 days 00:34:39.500000,96.294,34.469,43.247,18.578,2079.5,2092.96,28.4,50.1,1008.2,False,38.0,326,1.9,False,True,False,FORMULA 1 2018 HONDA JAPANESE GRAND PRIX,Suzuka,Japan,,,Permanent,,,0.35795584356242344,0.4491141711840821,0.1929299852534945,3,False,Japanese Grand Prix,japanese_grand_prix,2018,2018-10-07,98.81828260869564,46,Closing,0.0,False,False,False,True
VET,Ferrari,8,0 days 00:01:50.674000,0 days 00:00:34.671000,0 days 00:00:57.322000,0 days 00:00:18.681000,SUPERSOFT,10,1,,,12,True,0 days 00:34:42.975000,110.674,34.671,57.322,18.681,2082.975,2092.96,28.4,50.1,1008.2,False,38.0,326,1.9,False,True,False,FORMULA 1 2018 HONDA JAPANESE GRAND PRIX,Suzuka,Japan,,,Permanent,,,0.31327140972586154,0.5179355584870882,0.16879303178705024,3,False,Japanese Grand Prix,japanese_grand_prix,2018,2018-10-07,104.7858,25,Opening,18.35600000000001,False,False,False,True
MAG,Haas F1 Team,8,0 days 00:01:50.631000,0 days 00:00:36.982000,0 days 00:00:45.737000,0 days 00:00:27.912000,Medium,6,2,0 days 00:35:25.450000,,12,False,0 days 00:35:26.730000,110.631,36.982,45.737,27.912,2126.73,2153.09,28.4,50.0,1008.1,False,37.9,348,1.8,False,True,False,FORMULA 1 2018 HONDA JAPANESE GRAND PRIX,Suzuka,Japan,,,Permanent,8.0,,0.33428243439903826,0.4134193851632906,0.25229818043767116,3,False,Japanese Grand Prix,japanese_grand_prix,2018,2018-10-07,118.9182,5,Closing,10.722999999999999,False,False,False,True
HAM,Mercedes,9,0 days 00:01:34.346000,0 days 00:00:33.848000,0 days 00:00:42.318000,0 days 00:00:18.180000,Soft,10,1,,,1,True,0 days 00:35:59.353000,94.346,33.848,42.318,18.18,2159.353,2153.09,28.4,50.0,1008.1,False,37.9,348,1.8,False,True,False,FORMULA 1 2018 HONDA JAPANESE GRAND PRIX,Suzuka,Japan,,,Permanent,,,0.3587645475165879,0.4485404786636423,0.19269497381976977,3,False,Japanese Grand Prix,japanese_grand_prix,2018,2018-10-07,103.71631818181818,22,Opening,1.561000000000007,False,False,False,True
BOT,Mercedes,9,0 days 00:01:35.194000,0 days 00:00:34.249000,0 days 00:00:42.697000,0 days 00:00:18.248000,Soft,11,1,,,1,True,0 days 00:36:01.519000,95.194,34.249,42.697,18.248,2161.519,2153.09,28.4,50.0,1008.1,False,37.9,348,1.8,False,True,False,FORMULA 1 2018 HONDA JAPANESE GRAND PRIX,Suzuka,Japan,,,Permanent,,,0.35978107863941006,0.44852616761560604,0.19169275374498393,3,False,Japanese Grand Prix,japanese_grand_prix,2018,2018-10-07,103.915,22,Opening,2.084000000000003,False,False,False,True
VER,Red Bull Racing,9,0 days 00:01:35.093000,0 days 00:00:34.041000,0 days 00:00:42.712000,0 days 00:00:18.340000,SUPERSOFT,11,1,,,1,True,0 days 00:36:03.730000,95.093,34.041,42.712,18.34,2163.73,2153.09,28.4,50.0,1008.1,False,37.9,348,1.8,False,True,False,FORMULA 1 2018 HONDA JAPANESE GRAND PRIX,Suzuka,Japan,,,Permanent,,,0.35797587624746297,0.44916029571051497,0.192863828042022,3,False,Japanese Grand Prix,japanese_grand_prix,2018,2018-10-07,104.9653,20,Opening,1.725999999999999,False,False,False,True
RAI,Ferrari,9,0 days 00:01:36.309000,0 days 00:00:34.680000,0 days 00:00:42.843000,0 days 00:00:18.786000,SUPERSOFT,11,1,,,1,True,0 days 00:36:05.568000,96.309,34.68,42.843,18.786,2165.568,2153.09,28.4,50.0,1008.1,False,37.9,348,1.8,False,True,False,FORMULA 1 2018 HONDA JAPANESE GRAND PRIX,Suzuka,Japan,,,Permanent,,,0.3600909572314114,0.4448493910226459,0.19505965174594275,3,False,Japanese Grand Prix,japanese_grand_prix,2018,2018-10-07,107.704125,16,Opening,2.0859999999999985,False,False,False,True
GRO,Haas F1 Team,9,0 days 00:01:36.735000,0 days 00:00:34.626000,0 days 00:00:43.510000,0 days 00:00:18.599000,Soft,11,1,,,1,True,0 days 00:36:07.684000,96.735,34.626,43.51,18.599,2167.684,2153.09,28.4,50.0,1008.1,False,37.9,348,1.8,False,True,False,FORMULA 1 2018 HONDA JAPANESE GRAND PRIX,Suzuka,Japan,,,Permanent,,,0.3579469685222515,0.44978549645939936,0.1922675350183491,3,False,Japanese Grand Prix,japanese_grand_prix,2018,2018-10-07,103.54650000000001,28,Opening,1.948999999999998,False,False,False,True
GAS,Toro Rosso,9,0 days 00:01:36.843000,0 days 00:00:34.948000,0 days 00:00:43.158000,0 days 00:00:18.737000,SUPERSOFT,11,1,,,1,True,0 days 00:36:08.809000,96.843,34.948,43.158,18.737,2168.809,2153.09,28.4,50.0,1008.1,False,37.9,348,1.8,False,True,False,FORMULA 1 2018 HONDA JAPANESE GRAND PRIX,Suzuka,Japan,,,Permanent,,,0.3608727528060882,0.44564914345900064,0.19347810373491112,3,False,Japanese Grand Prix,japanese_grand_prix,2018,2018-10-07,103.81035714285714,28,Opening,2.710000000000008,False,False,False,True
PER,Racing Point,9,0 days 00:01:37.188000,0 days 00:00:35.410000,0 days 00:00:43.230000,0 days 00:00:18.548000,SUPERSOFT,11,1,,,1,True,0 days 00:36:09.585000,97.188,35.41,43.23,18.548,2169.585,2153.09,28.4,50.0,1008.1,False,37.9,348,1.8,False,True,False,FORMULA 1 2018 HONDA JAPANESE GRAND PRIX,Suzuka,Japan,,,Permanent,,,0.36434539243528,0.44480800098777623,0.19084660657694363,3,False,Japanese Grand Prix,japanese_grand_prix,2018,2018-10-07,105.15404347826087,23,Opening,3.115000000000009,False,False,False,True
RIC,Red Bull Racing,9,0 days 00:01:36.753000,0 days 00:00:34.962000,0 days 00:00:43.252000,0 days 00:00:18.539000,Soft,8,1,,,1,True,0 days 00:36:10.157000,96.753,34.962,43.252,18.539,2170.157,2153.09,28.4,50.0,1008.1,False,37.9,348,1.8,False,True,False,FORMULA 1 2018 HONDA JAPANESE GRAND PRIX,Suzuka,Japan,,,Permanent,,,0.3613531363368578,0.4470352340495902,0.19161162961355205,3,False,Japanese Grand Prix,japanese_grand_prix,2018,2018-10-07,104.07522727272728,22,Opening,3.5660000000000025,False,False,False,True
OCO,Racing Point,9,0 days 00:01:38.102000,0 days 00:00:36.064000,0 days 00:00:43.378000,0 days 00:00:18.660000,SUPERSOFT,11,1,,,1,True,0 days 00:36:11.272000,98.102,36.064,43.378,18.66,2171.272,2153.09,28.4,50.0,1008.1,False,37.9,348,1.8,False,True,False,FORMULA 1 2018 HONDA JAPANESE GRAND PRIX,Suzuka,Japan,,,Permanent,,,0.3676173778312369,0.4421724327740515,0.19021018939471163,3,False,Japanese Grand Prix,japanese_grand_prix,2018,2018-10-07,104.52807999999999,25,Opening,3.432000000000002,False,False,False,True
SAI,Renault,9,0 days 00:01:37.959000,0 days 00:00:35.585000,0 days 00:00:43.772000,0 days 00:00:18.602000,Soft,8,1,,,1,True,0 days 00:36:12.388000,97.959,35.585,43.772,18.602,2172.388,2153.09,28.4,50.0,1008.1,False,37.9,348,1.8,False,True,False,FORMULA 1 2018 HONDA JAPANESE GRAND PRIX,Suzuka,Japan,,,Permanent,,,0.36326422278708437,0.44684000449167505,0.1898957727212405,3,False,Japanese Grand Prix,japanese_grand_prix,2018,2018-10-07,103.1368387096774,31,Opening,3.7620000000000005,False,False,False,True
HAR,Toro Rosso,9,0 days 00:01:38.409000,0 days 00:00:36.396000,0 days 00:00:43.411000,0 days 00:00:18.602000,SUPERSOFT,11,1,,,1,True,0 days 00:36:13.880000,98.409,36.396,43.411,18.602,2173.88,2153.09,28.4,50.0,1008.1,False,37.9,348,1.8,False,True,False,FORMULA 1 2018 HONDA JAPANESE GRAND PRIX,Suzuka,Japan,,,Permanent,,,0.3698442215651007,0.44112835208161855,0.18902742635328068,3,False,Japanese Grand Prix,japanese_grand_prix,2018,2018-10-07,104.28374074074074,27,Opening,3.5520000000000067,False,False,False,True
ALO,McLaren,9,0 days 00:01:39.980000,0 days 00:00:37.547000,0 days 00:00:43.814000,0 days 00:00:18.619000,Soft,8,1,,,1,True,0 days 00:36:14.734000,99.98,37.547,43.814,18.619,2174.734,2153.09,28.4,50.0,1008.1,False,37.9,348,1.8,False,True,False,FORMULA 1 2018 HONDA JAPANESE GRAND PRIX,Suzuka,Japan,,,Permanent,,,0.3755451090218043,0.4382276455291058,0.1862272454490898,3,False,Japanese Grand Prix,japanese_grand_prix,2018,2018-10-07,104.87276,25,Opening,6.037000000000006,False,False,False,True
HUL,Renault,9,0 days 00:01:39.810000,0 days 00:00:36.785000,0 days 00:00:44.378000,0 days 00:00:18.647000,Medium,8,1,,,1,True,0 days 00:36:15.619000,99.81,36.785,44.378,18.647,2175.619,2153.09,28.4,50.0,1008.1,False,37.9,348,1.8,False,True,False,FORMULA 1 2018 HONDA JAPANESE GRAND PRIX,Suzuka,Japan,,,Permanent,,,0.3685502454663861,0.4446247870954814,0.18682496743813243,3,False,Japanese Grand Prix,japanese_grand_prix,2018,2018-10-07,104.04220689655173,29,Opening,4.876000000000005,False,False,False,True
STR,Williams,9,0 days 00:01:39.711000,0 days 00:00:36.632000,0 days 00:00:44.148000,0 days 00:00:18.931000,Soft,8,1,,,1,True,0 days 00:36:16.499000,99.711,36.632,44.148,18.931,2176.499,2153.09,28.4,50.0,1008.1,False,37.9,348,1.8,False,True,False,FORMULA 1 2018 HONDA JAPANESE GRAND PRIX,Suzuka,Japan,,,Permanent,,,0.36738173320897394,0.44275957517224784,0.18985869161877827,3,False,Japanese Grand Prix,japanese_grand_prix,2018,2018-10-07,111.83130769230769,13,Opening,6.356999999999999,False,False,False,True
LEC,Sauber,9,0 days 00:01:39.583000,0 days 00:00:36.391000,0 days 00:00:44.401000,0 days 00:00:18.791000,Medium,5,2,,,1,True,0 days 00:36:16.910000,99.583,36.391,44.401,18.791,2176.91,2153.09,28.4,50.0,1008.1,False,37.9,348,1.8,False,True,False,FORMULA 1 2018 HONDA JAPANESE GRAND PRIX,Suzuka,Japan,,,Permanent,,,0.3654338591928341,0.44586927487623396,0.188696865930932,3,False,Japanese Grand Prix,japanese_grand_prix,2018,2018-10-07,100.60793333333332,30,Mid,5.067999999999998,False,False,False,True
SIR,Williams,9,0 days 00:01:39.115000,0 days 00:00:35.953000,0 days 00:00:44.248000,0 days 00:00:18.914000,Medium,5,2,,,1,True,0 days 00:36:17.359000,99.115,35.953,44.248,18.914,2177.359,2153.09,28.4,50.0,1008.1,False,37.9,348,1.8,False,True,False,FORMULA 1 2018 HONDA JAPANESE GRAND PRIX,Suzuka,Japan,,,Permanent,,,0.3627402512233265,0.4464309135852293,0.1908288351914443,3,False,Japanese Grand Prix,japanese_grand_prix,2018,2018-10-07,100.64236363636363,33,Mid,5.1299999999999955,False,False,False,True
ERI,Sauber,9,0 days 00:01:38.864000,0 days 00:00:35.907000,0 days 00:00:44.131000,0 days 00:00:18.826000,Medium,4,2,,,1,True,0 days 00:36:18.364000,98.864,35.907,44.131,18.826,2178.364,2153.09,28.4,50.0,1008.1,False,37.9,348,1.8,False,True,False,FORMULA 1 2018 HONDA JAPANESE GRAND PRIX,Suzuka,Japan,,,Permanent,,,0.3631959054863246,0.44638088687489885,0.1904232076387765,3,False,Japanese Grand Prix,japanese_grand_prix,2018,2018-10-07,98.81828260869564,46,Closing,2.5700000000000074,False,False,False,True
VAN,McLaren,9,0 days 00:01:40.396000,0 days 00:00:36.104000,0 days 00:00:44.700000,0 days 00:00:19.592000,Soft,8,1,,,1,True,0 days 00:36:19.173000,100.396,36.104,44.7,19.592,2179.173,2153.09,28.4,50.0,1008.1,False,37.9,348,1.8,False,True,False,FORMULA 1 2018 HONDA JAPANESE GRAND PRIX,Suzuka,Japan,,,Permanent,,,0.359615920953026,0.4452368620263756,0.19514721702059842,3,False,Japanese Grand Prix,japanese_grand_prix,2018,2018-10-07,106.21077272727274,22,Opening,5.373000000000005,False,False,False,True
VET,Ferrari,9,0 days 00:01:36.393000,0 days 00:00:34.264000,0 days 00:00:42.913000,0 days 00:00:19.216000,SUPERSOFT,11,1,,,1,True,0 days 00:36:19.368000,96.393,34.264,42.913,19.216,2179.368,2153.09,28.4,50.0,1008.1,False,37.9,348,1.8,False,True,False,FORMULA 1 2018 HONDA JAPANESE GRAND PRIX,Suzuka,Japan,,,Permanent,,,0.3554614961667341,0.4451879285840258,0.1993505752492401,3,False,Japanese Grand Prix,japanese_grand_prix,2018,2018-10-07,104.7858,25,Opening,4.075000000000003,False,False,False,True
HAM,Mercedes,10,0 days 00:01:34.518000,0 days 00:00:33.943000,0 days 00:00:42.355000,0 days 00:00:18.220000,Soft,11,1,,,1,True,0 days 00:37:33.871000,94.518,33.943,42.355,18.22,2253.871,2273.304,28.4,49.9,1008.2,False,37.2,332,1.6,False,True,False,FORMULA 1 2018 HONDA JAPANESE GRAND PRIX,Suzuka,Japan,,,Permanent,,,0.3591167819886159,0.44811570282909075,0.19276751518229332,3,False,Japanese Grand Prix,japanese_grand_prix,2018,2018-10-07,103.71631818181818,22,Opening,1.733000000000004,False,False,False,True
BOT,Mercedes,10,0 days 00:01:34.906000,0 days 00:00:34.016000,0 days 00:00:42.627000,0 days 00:00:18.263000,Soft,12,1,,,1,True,0 days 00:37:36.425000,94.906,34.016,42.627,18.263,2256.425,2273.304,28.4,49.9,1008.2,False,37.2,332,1.6,False,True,False,FORMULA 1 2018 HONDA JAPANESE GRAND PRIX,Suzuka,Japan,,,Permanent,,,0.3584178028786378,0.4491496849514256,0.19243251216993656,3,False,Japanese Grand Prix,japanese_grand_prix,2018,2018-10-07,103.915,22,Opening,1.7960000000000065,False,False,False,True
VER,Red Bull Racing,10,0 days 00:01:35.127000,0 days 00:00:34.205000,0 days 00:00:42.667000,0 days 00:00:18.255000,SUPERSOFT,12,1,,,1,True,0 days 00:37:38.857000,95.127,34.205,42.667,18.255,2258.857,2273.304,28.4,49.9,1008.2,False,37.2,332,1.6,False,True,False,FORMULA 1 2018 HONDA JAPANESE GRAND PRIX,Suzuka,Japan,,,Permanent,,,0.35957194066879017,0.44852670640301917,0.19190135292819074,3,False,Japanese Grand Prix,japanese_grand_prix,2018,2018-10-07,104.9653,20,Opening,1.759999999999991,False,False,False,True
RAI,Ferrari,10,0 days 00:01:35.475000,0 days 00:00:34.477000,0 days 00:00:42.715000,0 days 00:00:18.283000,SUPERSOFT,12,1,,,1,True,0 days 00:37:41.043000,95.475,34.477,42.715,18.283,2261.043,2273.304,28.4,49.9,1008.2,False,37.2,332,1.6,False,True,False,FORMULA 1 2018 HONDA JAPANESE GRAND PRIX,Suzuka,Japan,,,Permanent,,,0.36111023828227284,0.4473946059177796,0.19149515579994766,3,False,Japanese Grand Prix,japanese_grand_prix,2018,2018-10-07,107.704125,16,Opening,1.2519999999999953,False,False,False,True
GRO,Haas F1 Team,10,0 days 00:01:36.797000,0 days 00:00:34.733000,0 days 00:00:43.587000,0 days 00:00:18.477000,Soft,12,1,,,1,True,0 days 00:37:44.481000,96.797,34.733,43.587,18.477,2264.481,2273.304,28.4,49.9,1008.2,False,37.2,332,1.6,False,True,False,FORMULA 1 2018 HONDA JAPANESE GRAND PRIX,Suzuka,Japan,,,Permanent,,,0.35882310402181883,0.4502928809777163,0.1908840150004649,3,False,Japanese Grand Prix,japanese_grand_prix,2018,2018-10-07,103.54650000000001,28,Opening,2.0109999999999957,False,False,False,True
GAS,Toro Rosso,10,0 days 00:01:37.002000,0 days 00:00:34.749000,0 days 00:00:43.616000,0 days 00:00:18.637000,SUPERSOFT,12,1,,,1,True,0 days 00:37:45.811000,97.002,34.749,43.616,18.637,2265.811,2273.304,28.4,49.9,1008.2,False,37.2,332,1.6,False,True,False,FORMULA 1 2018 HONDA JAPANESE GRAND PRIX,Suzuka,Japan,,,Permanent,,,0.35822972722211915,0.44964021360384326,0.19213005917403767,3,False,Japanese Grand Prix,japanese_grand_prix,2018,2018-10-07,103.81035714285714,28,Opening,2.8689999999999998,False,False,False,True
PER,Racing Point,10,0 days 00:01:36.853000,0 days 00:00:35.030000,0 days 00:00:43.306000,0 days 00:00:18.517000,SUPERSOFT,12,1,,,1,True,0 days 00:37:46.438000,96.853,35.03,43.306,18.517,2266.438,2273.304,28.4,49.9,1008.2,False,37.2,332,1.6,False,True,False,FORMULA 1 2018 HONDA JAPANESE GRAND PRIX,Suzuka,Japan,,,Permanent,,,0.3616821368465613,0.4471312194769393,0.19118664367649943,3,False,Japanese Grand Prix,japanese_grand_prix,2018,2018-10-07,105.15404347826087,23,Opening,2.780000000000001,False,False,False,True
RIC,Red Bull Racing,10,0 days 00:01:36.810000,0 days 00:00:35.084000,0 days 00:00:43.244000,0 days 00:00:18.482000,Soft,9,1,,,1,True,0 days 00:37:46.967000,96.81,35.084,43.244,18.482,2266.967,2273.304,28.4,49.9,1008.2,False,37.2,332,1.6,False,True,False,FORMULA 1 2018 HONDA JAPANESE GRAND PRIX,Suzuka,Japan,,,Permanent,,,0.36240057845263923,0.4466893915917777,0.1909100299555831,3,False,Japanese Grand Prix,japanese_grand_prix,2018,2018-10-07,104.07522727272728,22,Opening,3.6230000000000047,False,False,False,True
OCO,Racing Point,10,0 days 00:01:37.246000,0 days 00:00:35.345000,0 days 00:00:43.314000,0 days 00:00:18.587000,SUPERSOFT,12,1,,,1,True,0 days 00:37:48.518000,97.246,35.345,43.314,18.587,2268.518,2273.304,28.4,49.9,1008.2,False,37.2,332,1.6,False,True,False,FORMULA 1 2018 HONDA JAPANESE GRAND PRIX,Suzuka,Japan,,,Permanent,,,0.36345967957550956,0.44540649486868356,0.19113382555580694,3,False,Japanese Grand Prix,japanese_grand_prix,2018,2018-10-07,104.52807999999999,25,Opening,2.5759999999999934,False,False,False,True
SAI,Renault,10,0 days 00:01:37.583000,0 days 00:00:35.349000,0 days 00:00:43.742000,0 days 00:00:18.492000,Soft,9,1,,,1,True,0 days 00:37:49.971000,97.583,35.349,43.742,18.492,2269.971,2273.304,28.4,49.9,1008.2,False,37.2,332,1.6,False,True,False,FORMULA 1 2018 HONDA JAPANESE GRAND PRIX,Suzuka,Japan,,,Permanent,,,0.36224547308445115,0.4482543065902872,0.1895002203252616,3,False,Japanese Grand Prix,japanese_grand_prix,2018,2018-10-07,103.1368387096774,31,Opening,3.3859999999999957,False,False,False,True
HAR,Toro Rosso,10,0 days 00:01:37.982000,0 days 00:00:35.270000,0 days 00:00:43.875000,0 days 00:00:18.837000,SUPERSOFT,12,1,,,1,True,0 days 00:37:51.862000,97.982,35.27,43.875,18.837,2271.862,2273.304,28.4,49.9,1008.2,False,37.2,332,1.6,False,True,False,FORMULA 1 2018 HONDA JAPANESE GRAND PRIX,Suzuka,Japan,,,Permanent,,,0.35996407503419,0.44778632810107977,0.19224959686473025,3,False,Japanese Grand Prix,japanese_grand_prix,2018,2018-10-07,104.28374074074074,27,Opening,3.125,False,False,False,True
ALO,McLaren,10,0 days 00:01:38.200000,0 days 00:00:35.719000,0 days 00:00:43.741000,0 days 00:00:18.740000,Soft,9,1,,,1,True,0 days 00:37:52.934000,98.2,35.719,43.741,18.74,2272.934,2273.304,28.4,49.9,1008.2,False,37.2,332,1.6,False,True,False,FORMULA 1 2018 HONDA JAPANESE GRAND PRIX,Suzuka,Japan,,,Permanent,,,0.36373727087576374,0.44542769857433806,0.19083503054989814,3,False,Japanese Grand Prix,japanese_grand_prix,2018,2018-10-07,104.87276,25,Opening,4.257000000000005,False,False,False,True
HUL,Renault,10,0 days 00:01:38.532000,0 days 00:00:35.968000,0 days 00:00:43.927000,0 days 00:00:18.637000,Medium,9,1,,,1,True,0 days 00:37:54.151000,98.532,35.968,43.927,18.637,2274.151,2273.304,28.4,49.9,1008.2,False,37.2,332,1.6,False,True,False,FORMULA 1 2018 HONDA JAPANESE GRAND PRIX,Suzuka,Japan,,,Permanent,,,0.36503876913084077,0.44581455770714085,0.18914667316201844,3,False,Japanese Grand Prix,japanese_grand_prix,2018,2018-10-07,104.04220689655173,29,Opening,3.597999999999999,False,False,False,True
STR,Williams,10,0 days 00:01:38.670000,0 days 00:00:36.007000,0 days 00:00:43.984000,0 days 00:00:18.679000,Soft,9,1,,,1,True,0 days 00:37:55.169000,98.67,36.007,43.984,18.679,2275.169,2273.304,28.4,49.9,1008.2,False,37.2,332,1.6,False,True,False,FORMULA 1 2018 HONDA JAPANESE GRAND PRIX,Suzuka,Japan,,,Permanent,,,0.36492348231478666,0.4457687240295936,0.18930779365561973,3,False,Japanese Grand Prix,japanese_grand_prix,2018,2018-10-07,111.83130769230769,13,Opening,5.3160000000000025,False,False,False,True
LEC,Sauber,10,0 days 00:01:38.865000,0 days 00:00:36.131000,0 days 00:00:44.026000,0 days 00:00:18.708000,Medium,6,2,,,1,True,0 days 00:37:55.775000,98.865,36.131,44.026,18.708,2275.775,2273.304,28.4,49.9,1008.2,False,37.2,332,1.6,False,True,False,FORMULA 1 2018 HONDA JAPANESE GRAND PRIX,Suzuka,Japan,,,Permanent,,,0.36545794770646844,0.4453143175036667,0.18922773478986496,3,False,Japanese Grand Prix,japanese_grand_prix,2018,2018-10-07,100.60793333333332,30,Mid,4.349999999999994,False,False,False,True
SIR,Williams,10,0 days 00:01:39.145000,0 days 00:00:36.379000,0 days 00:00:44.041000,0 days 00:00:18.725000,Medium,6,2,,,1,True,0 days 00:37:56.504000,99.145,36.379,44.041,18.725,2276.504,2273.304,28.4,49.9,1008.2,False,37.2,332,1.6,False,True,False,FORMULA 1 2018 HONDA JAPANESE GRAND PRIX,Suzuka,Japan,,,Permanent,,,0.36692722779767006,0.4442079782137274,0.18886479398860256,3,False,Japanese Grand Prix,japanese_grand_prix,2018,2018-10-07,100.64236363636363,33,Mid,5.159999999999997,False,False,False,True
ERI,Sauber,10,0 days 00:01:38.635000,0 days 00:00:35.899000,0 days 00:00:43.999000,0 days 00:00:18.737000,Medium,5,2,,,1,True,0 days 00:37:56.999000,98.635,35.899,43.999,18.737,2276.999,2273.304,28.4,49.9,1008.2,False,37.2,332,1.6,False,True,False,FORMULA 1 2018 HONDA JAPANESE GRAND PRIX,Suzuka,Japan,,,Permanent,,,0.36395802706949865,0.4460789780503878,0.18996299488011353,3,False,Japanese Grand Prix,japanese_grand_prix,2018,2018-10-07,98.81828260869564,46,Closing,2.341000000000008,False,False,False,True
VET,Ferrari,10,0 days 00:01:37.984000,0 days 00:00:35.212000,0 days 00:00:44.089000,0 days 00:00:18.683000,SUPERSOFT,12,1,,,1,True,0 days 00:37:57.352000,97.984,35.212,44.089,18.683,2277.352,2273.304,28.4,49.9,1008.2,False,37.2,332,1.6,False,True,False,FORMULA 1 2018 HONDA JAPANESE GRAND PRIX,Suzuka,Japan,,,Permanent,,,0.35936479425212287,0.4499612181580666,0.19067398758981058,3,False,Japanese Grand Prix,japanese_grand_prix,2018,2018-10-07,104.7858,25,Opening,5.665999999999997,False,False,False,True
VAN,McLaren,10,0 days 00:01:39.661000,0 days 00:00:36.471000,0 days 00:00:44.482000,0 days 00:00:18.708000,Soft,9,1,,,1,True,0 days 00:37:58.834000,99.661,36.471,44.482,18.708,2278.834,2273.304,28.4,49.9,1008.2,False,37.2,332,1.6,False,True,False,FORMULA 1 2018 HONDA JAPANESE GRAND PRIX,Suzuka,Japan,,,Permanent,,,0.3659505724405735,0.44633306910426346,0.187716358455163,3,False,Japanese Grand Prix,japanese_grand_prix,2018,2018-10-07,106.21077272727274,22,Opening,4.638000000000005,False,False,False,True
HAM,Mercedes,11,0 days 00:01:34.711000,0 days 00:00:33.964000,0 days 00:00:42.529000,0 days 00:00:18.218000,Soft,12,1,,,1,True,0 days 00:39:08.582000,94.711,33.964,42.529,18.218,2348.582,2333.207,28.3,50.3,1008.1,False,37.6,352,1.6,False,True,False,FORMULA 1 2018 HONDA JAPANESE GRAND PRIX,Suzuka,Japan,,,Permanent,,,0.3586067088300197,0.44903971027652545,0.19235358089345483,3,False,Japanese Grand Prix,japanese_grand_prix,2018,2018-10-07,103.71631818181818,22,Opening,1.926000000000002,False,False,False,True
BOT,Mercedes,11,0 days 00:01:34.910000,0 days 00:00:33.789000,0 days 00:00:42.688000,0 days 00:00:18.433000,Soft,13,1,,,1,True,0 days 00:39:11.335000,94.91,33.789,42.688,18.433,2351.335,2333.207,28.3,50.3,1008.1,False,37.6,352,1.6,False,True,False,FORMULA 1 2018 HONDA JAPANESE GRAND PRIX,Suzuka,Japan,,,Permanent,,,0.35601095774944685,0.44977346960278164,0.1942155726477716,3,False,Japanese Grand Prix,japanese_grand_prix,2018,2018-10-07,103.915,22,Opening,1.7999999999999972,False,False,False,True
VER,Red Bull Racing,11,0 days 00:01:35.394000,0 days 00:00:34.162000,0 days 00:00:42.702000,0 days 00:00:18.530000,SUPERSOFT,13,1,,,1,True,0 days 00:39:14.251000,95.394,34.162,42.702,18.53,2354.251,2333.207,28.3,50.3,1008.1,False,37.6,352,1.6,False,True,False,FORMULA 1 2018 HONDA JAPANESE GRAND PRIX,Suzuka,Japan,,,Permanent,,,0.3581147661278487,0.44763821624001504,0.1942470176321362,3,False,Japanese Grand Prix,japanese_grand_prix,2018,2018-10-07,104.9653,20,Opening,2.027000000000001,False,False,False,True
RAI,Ferrari,11,0 days 00:01:35.604000,0 days 00:00:34.227000,0 days 00:00:42.919000,0 days 00:00:18.458000,SUPERSOFT,13,1,,,1,True,0 days 00:39:16.647000,95.604,34.227,42.919,18.458,2356.647,2333.207,28.3,50.3,1008.1,False,37.6,352,1.6,False,True,False,FORMULA 1 2018 HONDA JAPANESE GRAND PRIX,Suzuka,Japan,,,Permanent,,,0.35800803313668883,0.4489247311827957,0.19306723568051545,3,False,Japanese Grand Prix,japanese_grand_prix,2018,2018-10-07,107.704125,16,Opening,1.3810000000000002,False,False,False,True
GRO,Haas F1 Team,11,0 days 00:01:36.926000,0 days 00:00:34.607000,0 days 00:00:43.552000,0 days 00:00:18.767000,Soft,13,1,,,1,True,0 days 00:39:21.407000,96.926,34.607,43.552,18.767,2361.407,2333.207,28.3,50.3,1008.1,False,37.6,352,1.6,False,True,False,FORMULA 1 2018 HONDA JAPANESE GRAND PRIX,Suzuka,Japan,,,Permanent,,,0.35704558116501245,0.4493324804490023,0.19362193838598518,3,False,Japanese Grand Prix,japanese_grand_prix,2018,2018-10-07,103.54650000000001,28,Opening,2.1400000000000006,False,False,False,True
GAS,Toro Rosso,11,0 days 00:01:37.057000,0 days 00:00:34.686000,0 days 00:00:43.597000,0 days 00:00:18.774000,SUPERSOFT,13,1,,,1,True,0 days 00:39:22.868000,97.057,34.686,43.597,18.774,2362.868,2333.207,28.3,50.3,1008.1,False,37.6,352,1.6,False,True,False,FORMULA 1 2018 HONDA JAPANESE GRAND PRIX,Suzuka,Japan,,,Permanent,,,0.35737762345838014,0.4491896514419362,0.1934327250996837,3,False,Japanese Grand Prix,japanese_grand_prix,2018,2018-10-07,103.81035714285714,28,Opening,2.9240000000000066,False,False,False,True
RIC,Red Bull Racing,11,0 days 00:01:36.883000,0 days 00:00:35.058000,0 days 00:00:43.083000,0 days 00:00:18.742000,Soft,10,1,,,1,True,0 days 00:39:23.850000,96.883,35.058,43.083,18.742,2363.85,2393.434,28.4,50.7,1008.2,False,37.8,224,0.6,False,True,False,FORMULA 1 2018 HONDA JAPANESE GRAND PRIX,Suzuka,Japan,,,Permanent,,,0.3618591496960251,0.44469101906423214,0.1934498312397428,3,False,Japanese Grand Prix,japanese_grand_prix,2018,2018-10-07,104.07522727272728,22,Opening,3.695999999999998,False,False,False,True
PER,Racing Point,11,0 days 00:01:37.923000,0 days 00:00:35.069000,0 days 00:00:43.550000,0 days 00:00:19.304000,SUPERSOFT,13,1,,,1,True,0 days 00:39:24.361000,97.923,35.069,43.55,19.304,2364.361,2393.434,28.4,50.7,1008.2,False,37.8,224,0.6,False,True,False,FORMULA 1 2018 HONDA JAPANESE GRAND PRIX,Suzuka,Japan,,,Permanent,,,0.3581283253168306,0.44473719146676466,0.1971344832164047,3,False,Japanese Grand Prix,japanese_grand_prix,2018,2018-10-07,105.15404347826087,23,Opening,3.8500000000000085,False,False,False,True
OCO,Racing Point,11,0 days 00:01:37.402000,0 days 00:00:35.113000,0 days 00:00:43.581000,0 days 00:00:18.708000,SUPERSOFT,13,1,,,1,True,0 days 00:39:25.920000,97.402,35.113,43.581,18.708,2365.92,2393.434,28.4,50.7,1008.2,False,37.8,224,0.6,False,True,False,FORMULA 1 2018 HONDA JAPANESE GRAND PRIX,Suzuka,Japan,,,Permanent,,,0.3604956777068233,0.44743434426397816,0.19206997802919856,3,False,Japanese Grand Prix,japanese_grand_prix,2018,2018-10-07,104.52807999999999,25,Opening,2.7319999999999993,False,False,False,True
SAI,Renault,11,0 days 00:01:37.647000,0 days 00:00:35.256000,0 days 00:00:43.723000,0 days 00:00:18.668000,Soft,10,1,,,1,True,0 days 00:39:27.618000,97.647,35.256,43.723,18.668,2367.618,2393.434,28.4,50.7,1008.2,False,37.8,224,0.6,False,True,False,FORMULA 1 2018 HONDA JAPANESE GRAND PRIX,Suzuka,Japan,,,Permanent,,,0.36105563919014405,0.4477659323891159,0.19117842842073998,3,False,Japanese Grand Prix,japanese_grand_prix,2018,2018-10-07,103.1368387096774,31,Opening,3.450000000000003,False,False,False,True
HAR,Toro Rosso,11,0 days 00:01:38.129000,0 days 00:00:35.012000,0 days 00:00:43.686000,0 days 00:00:19.431000,SUPERSOFT,13,1,,,1,True,0 days 00:39:29.991000,98.129,35.012,43.686,19.431,2369.991,2393.434,28.4,50.7,1008.2,False,37.8,224,0.6,False,True,False,FORMULA 1 2018 HONDA JAPANESE GRAND PRIX,Suzuka,Japan,,,Permanent,,,0.35679564654689233,0.44518949546005765,0.19801485799304996,3,False,Japanese Grand Prix,japanese_grand_prix,2018,2018-10-07,104.28374074074074,27,Opening,3.2720000000000056,False,False,False,True
ALO,McLaren,11,0 days 00:01:38.118000,0 days 00:00:35.548000,0 days 00:00:43.814000,0 days 00:00:18.756000,Soft,10,1,,,1,True,0 days 00:39:31.052000,98.118,35.548,43.814,18.756,2371.052,2393.434,28.4,50.7,1008.2,False,37.8,224,0.6,False,True,False,FORMULA 1 2018 HONDA JAPANESE GRAND PRIX,Suzuka,Japan,,,Permanent,,,0.36229845695998697,0.4465439572759331,0.19115758576407998,3,False,Japanese Grand Prix,japanese_grand_prix,2018,2018-10-07,104.87276,25,Opening,4.174999999999997,False,False,False,True
HUL,Renault,11,0 days 00:01:38.167000,0 days 00:00:35.777000,0 days 00:00:43.722000,0 days 00:00:18.668000,Medium,10,1,,,1,True,0 days 00:39:32.318000,98.167,35.777,43.722,18.668,2372.318,2393.434,28.4,50.7,1008.2,False,37.8,224,0.6,False,True,False,FORMULA 1 2018 HONDA JAPANESE GRAND PRIX,Suzuka,Japan,,,Permanent,,,0.3644503753807288,0.4453838866421506,0.1901657379771206,3,False,Japanese Grand Prix,japanese_grand_prix,2018,2018-10-07,104.04220689655173,29,Opening,3.233000000000004,False,False,False,True
STR,Williams,11,0 days 00:01:38.431000,0 days 00:00:35.698000,0 days 00:00:43.891000,0 days 00:00:18.842000,Soft,10,1,,,1,True,0 days 00:39:33.600000,98.431,35.698,43.891,18.842,2373.6,2393.434,28.4,50.7,1008.2,False,37.8,224,0.6,False,True,False,FORMULA 1 2018 HONDA JAPANESE GRAND PRIX,Suzuka,Japan,,,Permanent,,,0.3626702969592913,0.44590626936635813,0.19142343367435055,3,False,Japanese Grand Prix,japanese_grand_prix,2018,2018-10-07,111.83130769230769,13,Opening,5.076999999999998,False,False,False,True
LEC,Sauber,11,0 days 00:01:38.261000,0 days 00:00:35.712000,0 days 00:00:43.840000,0 days 00:00:18.709000,Medium,7,2,,,1,True,0 days 00:39:34.036000,98.261,35.712,43.84,18.709,2374.036,2393.434,28.4,50.7,1008.2,False,37.8,224,0.6,False,True,False,FORMULA 1 2018 HONDA JAPANESE GRAND PRIX,Suzuka,Japan,,,Permanent,,,0.3634402255218246,0.44615869978933664,0.1904010746888389,3,False,Japanese Grand Prix,japanese_grand_prix,2018,2018-10-07,100.60793333333332,30,Mid,3.745999999999995,False,False,False,True
SIR,Williams,11,0 days 00:01:38.930000,0 days 00:00:35.866000,0 days 00:00:43.921000,0 days 00:00:19.143000,Medium,7,2,,,1,True,0 days 00:39:35.434000,98.93,35.866,43.921,19.143,2375.434,2393.434,28.4,50.7,1008.2,False,37.8,224,0.6,False,True,False,FORMULA 1 2018 HONDA JAPANESE GRAND PRIX,Suzuka,Japan,,,Permanent,,,0.3625391691094713,0.4439603760234509,0.19350045486707773,3,False,Japanese Grand Prix,japanese_grand_prix,2018,2018-10-07,100.64236363636363,33,Mid,4.945000000000007,False,False,False,True
ERI,Sauber,11,0 days 00:01:39.514000,0 days 00:00:35.906000,0 days 00:00:43.731000,0 days 00:00:19.877000,Medium,6,2,,,1,True,0 days 00:39:36.513000,99.514,35.906,43.731,19.877,2376.513,2393.434,28.4,50.7,1008.2,False,37.8,224,0.6,False,True,False,FORMULA 1 2018 HONDA JAPANESE GRAND PRIX,Suzuka,Japan,,,Permanent,,,0.360813553871817,0.43944570613180056,0.19974073999638242,3,False,Japanese Grand Prix,japanese_grand_prix,2018,2018-10-07,98.81828260869564,46,Closing,3.219999999999999,False,False,False,True
VET,Ferrari,11,0 days 00:01:39.305000,0 days 00:00:35.932000,0 days 00:00:43.716000,0 days 00:00:19.657000,SUPERSOFT,13,1,,,1,True,0 days 00:39:36.657000,99.305,35.932,43.716,19.657,2376.657,2393.434,28.4,50.7,1008.2,False,37.8,224,0.6,False,True,False,FORMULA 1 2018 HONDA JAPANESE GRAND PRIX,Suzuka,Japan,,,Permanent,,,0.3618347515230854,0.44021952570364026,0.19794572277327424,3,False,Japanese Grand Prix,japanese_grand_prix,2018,2018-10-07,104.7858,25,Opening,6.987000000000009,False,False,False,True
VAN,McLaren,11,0 days 00:01:38.679000,0 days 00:00:35.450000,0 days 00:00:44.278000,0 days 00:00:18.951000,Soft,10,1,,,1,True,0 days 00:39:37.513000,98.679,35.45,44.278,18.951,2377.513,2393.434,28.4,50.7,1008.2,False,37.8,224,0.6,False,True,False,FORMULA 1 2018 HONDA JAPANESE GRAND PRIX,Suzuka,Japan,,,Permanent,,,0.35924563483618605,0.4487074250853778,0.19204694007843615,3,False,Japanese Grand Prix,japanese_grand_prix,2018,2018-10-07,106.21077272727274,22,Opening,3.656000000000006,False,False,False,True
HAM,Mercedes,12,0 days 00:01:35.590000,0 days 00:00:34.204000,0 days 00:00:42.958000,0 days 00:00:18.428000,Soft,13,1,,,1,True,0 days 00:40:44.172000,95.59,34.204,42.958,18.428,2444.172,2453.043,28.6,50.2,1008.2,False,37.8,339,1.3,False,True,False,FORMULA 1 2018 HONDA JAPANESE GRAND PRIX,Suzuka,Japan,,,Permanent,,,0.35781985563343444,0.44939847264358196,0.19278167172298358,3,False,Japanese Grand Prix,japanese_grand_prix,2018,2018-10-07,103.71631818181818,22,Opening,2.805000000000007,False,False,False,True
BOT,Mercedes,12,0 days 00:01:35.103000,0 days 00:00:33.968000,0 days 00:00:42.766000,0 days 00:00:18.369000,Soft,14,1,,,1,True,0 days 00:40:46.438000,95.103,33.968,42.766,18.369,2446.438,2453.043,28.6,50.2,1008.2,False,37.8,339,1.3,False,True,False,FORMULA 1 2018 HONDA JAPANESE GRAND PRIX,Suzuka,Japan,,,Permanent,,,0.3571706465621485,0.44968087231738224,0.1931484811204694,3,False,Japanese Grand Prix,japanese_grand_prix,2018,2018-10-07,103.915,22,Opening,1.992999999999995,False,False,False,True
VER,Red Bull Racing,12,0 days 00:01:35.314000,0 days 00:00:34.184000,0 days 00:00:42.749000,0 days 00:00:18.381000,SUPERSOFT,14,1,,,1,True,0 days 00:40:49.565000,95.314,34.184,42.749,18.381,2449.565,2453.043,28.6,50.2,1008.2,False,37.8,339,1.3,False,True,False,FORMULA 1 2018 HONDA JAPANESE GRAND PRIX,Suzuka,Japan,,,Permanent,,,0.358646159011268,0.44850703988920837,0.1928468010995237,3,False,Japanese Grand Prix,japanese_grand_prix,2018,2018-10-07,104.9653,20,Opening,1.9469999999999885,False,False,False,True
RAI,Ferrari,12,0 days 00:01:35.748000,0 days 00:00:34.354000,0 days 00:00:42.953000,0 days 00:00:18.441000,SUPERSOFT,14,1,,,1,True,0 days 00:40:52.395000,95.748,34.354,42.953,18.441,2452.395,2453.043,28.6,50.2,1008.2,False,37.8,339,1.3,False,True,False,FORMULA 1 2018 HONDA JAPANESE GRAND PRIX,Suzuka,Japan,,,Permanent,,,0.35879600618289675,0.4486046705936417,0.19259932322346157,3,False,Japanese Grand Prix,japanese_grand_prix,2018,2018-10-07,107.704125,16,Opening,1.5250000000000057,False,False,False,True
GRO,Haas F1 Team,12,0 days 00:01:37.236000,0 days 00:00:34.918000,0 days 00:00:43.545000,0 days 00:00:18.773000,Soft,14,1,,,1,True,0 days 00:40:58.643000,97.236,34.918,43.545,18.773,2458.643,2453.043,28.6,50.2,1008.2,False,37.8,339,1.3,False,True,False,FORMULA 1 2018 HONDA JAPANESE GRAND PRIX,Suzuka,Japan,,,Permanent,,,0.3591056810234892,0.4478279649512526,0.19306635402525812,3,False,Japanese Grand Prix,japanese_grand_prix,2018,2018-10-07,103.54650000000001,28,Opening,2.450000000000003,False,False,False,True
GAS,Toro Rosso,12,0 days 00:01:37.039000,0 days 00:00:34.782000,0 days 00:00:43.445000,0 days 00:00:18.812000,SUPERSOFT,14,1,,,1,True,0 days 00:40:59.907000,97.039,34.782,43.445,18.812,2459.907,2453.043,28.6,50.2,1008.2,False,37.8,339,1.3,False,True,False,FORMULA 1 2018 HONDA JAPANESE GRAND PRIX,Suzuka,Japan,,,Permanent,,,0.3584332072671812,0.44770659219489073,0.19386020053792805,3,False,Japanese Grand Prix,japanese_grand_prix,2018,2018-10-07,103.81035714285714,28,Opening,2.906000000000006,False,False,False,True
RIC,Red Bull Racing,12,0 days 00:01:36.362000,0 days 00:00:34.461000,0 days 00:00:43.255000,0 days 00:00:18.646000,Soft,11,1,,,1,True,0 days 00:41:00.212000,96.362,34.461,43.255,18.646,2460.212,2453.043,28.6,50.2,1008.2,False,37.8,339,1.3,False,True,False,FORMULA 1 2018 HONDA JAPANESE GRAND PRIX,Suzuka,Japan,,,Permanent,,,0.3576202237396484,0.44888026400448316,0.1934995122558685,3,False,Japanese Grand Prix,japanese_grand_prix,2018,2018-10-07,104.07522727272728,22,Opening,3.174999999999997,False,False,False,True
PER,Racing Point,12,0 days 00:01:37.462000,0 days 00:00:35.265000,0 days 00:00:43.645000,0 days 00:00:18.552000,SUPERSOFT,14,1,,,1,True,0 days 00:41:01.823000,97.462,35.265,43.645,18.552,2461.823,2453.043,28.6,50.2,1008.2,False,37.8,339,1.3,False,True,False,FORMULA 1 2018 HONDA JAPANESE GRAND PRIX,Suzuka,Japan,,,Permanent,,,0.36183332991319694,0.4478155588844883,0.19035111120231474,3,False,Japanese Grand Prix,japanese_grand_prix,2018,2018-10-07,105.15404347826087,23,Opening,3.38900000000001,False,False,False,True
OCO,Racing Point,12,0 days 00:01:37.475000,0 days 00:00:35.263000,0 days 00:00:43.456000,0 days 00:00:18.756000,SUPERSOFT,14,1,,,1,True,0 days 00:41:03.395000,97.475,35.263,43.456,18.756,2463.395,2453.043,28.6,50.2,1008.2,False,37.8,339,1.3,False,True,False,FORMULA 1 2018 HONDA JAPANESE GRAND PRIX,Suzuka,Japan,,,Permanent,,,0.3617645550141062,0.44581687612208265,0.19241856886381126,3,False,Japanese Grand Prix,japanese_grand_prix,2018,2018-10-07,104.52807999999999,25,Opening,2.8049999999999926,False,False,False,True
SAI,Renault,12,0 days 00:01:37.515000,0 days 00:00:35.217000,0 days 00:00:43.667000,0 days 00:00:18.631000,Soft,11,1,,,1,True,0 days 00:41:05.133000,97.515,35.217,43.667,18.631,2465.133,2453.043,28.6,50.2,1008.2,False,37.8,339,1.3,False,True,False,FORMULA 1 2018 HONDA JAPANESE GRAND PRIX,Suzuka,Japan,,,Permanent,,,0.3611444393170281,0.44779777470132803,0.19105778598164386,3,False,Japanese Grand Prix,japanese_grand_prix,2018,2018-10-07,103.1368387096774,31,Opening,3.317999999999998,False,False,False,True
HAR,Toro Rosso,12,0 days 00:01:37.437000,0 days 00:00:35.042000,0 days 00:00:43.493000,0 days 00:00:18.902000,SUPERSOFT,14,1,,,1,True,0 days 00:41:07.428000,97.437,35.042,43.493,18.902,2467.428,2453.043,28.6,50.2,1008.2,False,37.8,339,1.3,False,True,False,FORMULA 1 2018 HONDA JAPANESE GRAND PRIX,Suzuka,Japan,,,Permanent,,,0.35963750936502564,0.44637047528146395,0.1939920153535105,3,False,Japanese Grand Prix,japanese_grand_prix,2018,2018-10-07,104.28374074074074,27,Opening,2.5799999999999983,False,False,False,True
ALO,McLaren,12,0 days 00:01:38.012000,0 days 00:00:35.694000,0 days 00:00:43.647000,0 days 00:00:18.671000,Soft,11,1,,,1,True,0 days 00:41:09.064000,98.012,35.694,43.647,18.671,2469.064,2453.043,28.6,50.2,1008.2,False,37.8,339,1.3,False,True,False,FORMULA 1 2018 HONDA JAPANESE GRAND PRIX,Suzuka,Japan,,,Permanent,,,0.3641798963392238,0.4453230216708158,0.1904970819899604,3,False,Japanese Grand Prix,japanese_grand_prix,2018,2018-10-07,104.87276,25,Opening,4.069000000000003,False,False,False,True
HUL,Renault,12,0 days 00:01:37.899000,0 days 00:00:35.743000,0 days 00:00:43.568000,0 days 00:00:18.588000,Medium,11,1,,,1,True,0 days 00:41:10.217000,97.899,35.743,43.568,18.588,2470.217,2453.043,28.6,50.2,1008.2,False,37.8,339,1.3,False,True,False,FORMULA 1 2018 HONDA JAPANESE GRAND PRIX,Suzuka,Japan,,,Permanent,,,0.36510076711713096,0.44503008202330974,0.18986915085955935,3,False,Japanese Grand Prix,japanese_grand_prix,2018,2018-10-07,104.04220689655173,29,Opening,2.9650000000000034,False,False,False,True
STR,Williams,12,0 days 00:01:38.185000,0 days 00:00:35.547000,0 days 00:00:43.863000,0 days 00:00:18.775000,Soft,11,1,,,1,True,0 days 00:41:11.785000,98.185,35.547,43.863,18.775,2471.785,2453.043,28.6,50.2,1008.2,False,37.8,339,1.3,False,True,False,FORMULA 1 2018 HONDA JAPANESE GRAND PRIX,Suzuka,Japan,,,Permanent,,,0.3620410449661353,0.4467383001476804,0.19122065488618423,3,False,Japanese Grand Prix,japanese_grand_prix,2018,2018-10-07,111.83130769230769,13,Opening,4.831000000000003,False,False,False,True
LEC,Sauber,12,0 days 00:01:38.180000,0 days 00:00:35.801000,0 days 00:00:43.717000,0 days 00:00:18.662000,Medium,8,2,,,1,True,0 days 00:41:12.216000,98.18,35.801,43.717,18.662,2472.216,2453.043,28.6,50.2,1008.2,False,37.8,339,1.3,False,True,False,FORMULA 1 2018 HONDA JAPANESE GRAND PRIX,Suzuka,Japan,,,Permanent,,,0.3646465675290283,0.44527398655530653,0.19007944591566509,3,False,Japanese Grand Prix,japanese_grand_prix,2018,2018-10-07,100.60793333333332,30,Mid,3.6650000000000063,False,False,False,True
VET,Ferrari,12,0 days 00:01:37.044000,0 days 00:00:34.962000,0 days 00:00:43.400000,0 days 00:00:18.682000,SUPERSOFT,14,1,,,1,True,0 days 00:41:13.701000,97.044,34.962,43.4,18.682,2473.701,2453.043,28.6,50.2,1008.2,False,37.8,339,1.3,False,True,False,FORMULA 1 2018 HONDA JAPANESE GRAND PRIX,Suzuka,Japan,,,Permanent,,,0.3602695684431805,0.4472198178145996,0.19251061374222,3,False,Japanese Grand Prix,japanese_grand_prix,2018,2018-10-07,104.7858,25,Opening,4.725999999999999,False,False,False,True
SIR,Williams,12,0 days 00:01:39.423000,0 days 00:00:35.651000,0 days 00:00:44.900000,0 days 00:00:18.872000,Medium,8,2,,,1,True,0 days 00:41:14.857000,99.423,35.651,44.9,18.872,2474.857,2453.043,28.6,50.2,1008.2,False,37.8,339,1.3,False,True,False,FORMULA 1 2018 HONDA JAPANESE GRAND PRIX,Suzuka,Japan,,,Permanent,,,0.3585790008348169,0.4516057652655824,0.1898152338996007,3,False,Japanese Grand Prix,japanese_grand_prix,2018,2018-10-07,100.64236363636363,33,Mid,5.438000000000002,False,False,False,True
ERI,Sauber,12,0 days 00:01:38.726000,0 days 00:00:36.198000,0 days 00:00:43.755000,0 days 00:00:18.773000,Medium,7,2,,,1,True,0 days 00:41:15.239000,98.726,36.198,43.755,18.773,2475.239,2453.043,28.6,50.2,1008.2,False,37.8,339,1.3,False,True,False,FORMULA 1 2018 HONDA JAPANESE GRAND PRIX,Suzuka,Japan,,,Permanent,,,0.3666511354658347,0.44319632113121166,0.19015254340295362,3,False,Japanese Grand Prix,japanese_grand_prix,2018,2018-10-07,98.81828260869564,46,Closing,2.432000000000002,False,False,False,True
VAN,McLaren,12,0 days 00:01:39.198000,0 days 00:00:36.157000,0 days 00:00:44.149000,0 days 00:00:18.892000,Soft,11,1,,,1,True,0 days 00:41:16.711000,99.198,36.157,44.149,18.892,2476.711,2453.043,28.6,50.2,1008.2,False,37.8,339,1.3,False,True,False,FORMULA 1 2018 HONDA JAPANESE GRAND PRIX,Suzuka,Japan,,,Permanent,,,0.3644932357507208,0.4450593761971008,0.19044738805217848,3,False,Japanese Grand Prix,japanese_grand_prix,2018,2018-10-07,106.21077272727274,22,Opening,4.174999999999997,False,False,False,True
HAM,Mercedes,13,0 days 00:01:35.659000,0 days 00:00:34.521000,0 days 00:00:42.802000,0 days 00:00:18.336000,Soft,14,1,,,1,True,0 days 00:42:19.831000,95.659,34.521,42.802,18.336,2539.831,2513.058,28.6,50.0,1008.2,False,38.0,330,1.2,False,True,False,FORMULA 1 2018 HONDA JAPANESE GRAND PRIX,Suzuka,Japan,,,Permanent,,,0.36087561024054193,0.447443523348561,0.19168086641089702,3,False,Japanese Grand Prix,japanese_grand_prix,2018,2018-10-07,103.71631818181818,22,Opening,2.8740000000000094,False,False,False,True
BOT,Mercedes,13,0 days 00:01:35.712000,0 days 00:00:34.270000,0 days 00:00:43.002000,0 days 00:00:18.440000,Soft,15,1,,,1,True,0 days 00:42:22.150000,95.712,34.27,43.002,18.44,2542.15,2513.058,28.6,50.0,1008.2,False,38.0,330,1.2,False,True,False,FORMULA 1 2018 HONDA JAPANESE GRAND PRIX,Suzuka,Japan,,,Permanent,,,0.3580533266466065,0.44928535606820463,0.1926613172851889,3,False,Japanese Grand Prix,japanese_grand_prix,2018,2018-10-07,103.915,22,Opening,2.602000000000004,False,False,False,True
VER,Red Bull Racing,13,0 days 00:01:35.415000,0 days 00:00:34.216000,0 days 00:00:42.751000,0 days 00:00:18.448000,SUPERSOFT,15,1,,,1,True,0 days 00:42:24.980000,95.415,34.216,42.751,18.448,2544.98,2573.07,28.5,50.1,1008.1,False,37.7,306,1.9,False,True,False,FORMULA 1 2018 HONDA JAPANESE GRAND PRIX,Suzuka,Japan,,,Permanent,,,0.3586018969763664,0.44805324110464806,0.19334486191898548,3,False,Japanese Grand Prix,japanese_grand_prix,2018,2018-10-07,104.9653,20,Opening,2.048000000000002,False,False,False,True
RAI,Ferrari,13,0 days 00:01:35.707000,0 days 00:00:34.307000,0 days 00:00:43.049000,0 days 00:00:18.351000,SUPERSOFT,15,1,,,1,True,0 days 00:42:28.102000,95.707,34.307,43.049,18.351,2548.102,2573.07,28.5,50.1,1008.1,False,37.7,306,1.9,False,True,False,FORMULA 1 2018 HONDA JAPANESE GRAND PRIX,Suzuka,Japan,,,Permanent,,,0.3584586289404119,0.44979991014241383,0.19174146091717428,3,False,Japanese Grand Prix,japanese_grand_prix,2018,2018-10-07,107.704125,16,Opening,1.4839999999999947,False,False,False,True
RIC,Red Bull Racing,13,0 days 00:01:35.632000,0 days 00:00:34.096000,0 days 00:00:43.277000,0 days 00:00:18.259000,Soft,12,1,,,1,True,0 days 00:42:35.844000,95.632,34.096,43.277,18.259,2555.844,2573.07,28.5,50.1,1008.1,False,37.7,306,1.9,False,True,False,FORMULA 1 2018 HONDA JAPANESE GRAND PRIX,Suzuka,Japan,,,Permanent,,,0.3565333779488037,0.45253680776309185,0.1909298142881044,3,False,Japanese Grand Prix,japanese_grand_prix,2018,2018-10-07,104.07522727272728,22,Opening,2.4450000000000074,False,False,False,True
GRO,Haas F1 Team,13,0 days 00:01:37.802000,0 days 00:00:34.923000,0 days 00:00:43.615000,0 days 00:00:19.264000,Soft,15,1,,,1,True,0 days 00:42:36.445000,97.802,34.923,43.615,19.264,2556.445,2573.07,28.5,50.1,1008.1,False,37.7,306,1.9,False,True,False,FORMULA 1 2018 HONDA JAPANESE GRAND PRIX,Suzuka,Japan,,,Permanent,,,0.35707858734995196,0.4459520255209505,0.19696938712909753,3,False,Japanese Grand Prix,japanese_grand_prix,2018,2018-10-07,103.54650000000001,28,Opening,3.0160000000000053,False,False,False,True
GAS,Toro Rosso,13,0 days 00:01:38.119000,0 days 00:00:35.751000,0 days 00:00:43.565000,0 days 00:00:18.803000,SUPERSOFT,15,1,,,1,True,0 days 00:42:38.026000,98.119,35.751,43.565,18.803,2558.026,2573.07,28.5,50.1,1008.1,False,37.7,306,1.9,False,True,False,FORMULA 1 2018 HONDA JAPANESE GRAND PRIX,Suzuka,Japan,,,Permanent,,,0.3643636808365352,0.4440016714397823,0.19163464772368247,3,False,Japanese Grand Prix,japanese_grand_prix,2018,2018-10-07,103.81035714285714,28,Opening,3.986000000000004,False,False,False,True
PER,Racing Point,13,0 days 00:01:37.684000,0 days 00:00:35.313000,0 days 00:00:43.704000,0 days 00:00:18.667000,SUPERSOFT,15,1,,,1,True,0 days 00:42:39.507000,97.684,35.313,43.704,18.667,2559.507,2573.07,28.5,50.1,1008.1,False,37.7,306,1.9,False,True,False,FORMULA 1 2018 HONDA JAPANESE GRAND PRIX,Suzuka,Japan,,,Permanent,,,0.36150239547930063,0.44740182629703945,0.19109577822365997,3,False,Japanese Grand Prix,japanese_grand_prix,2018,2018-10-07,105.15404347826087,23,Opening,3.611000000000004,False,False,False,True
OCO,Racing Point,13,0 days 00:01:37.564000,0 days 00:00:35.231000,0 days 00:00:43.683000,0 days 00:00:18.650000,SUPERSOFT,15,1,,,1,True,0 days 00:42:40.959000,97.564,35.231,43.683,18.65,2560.959,2573.07,28.5,50.1,1008.1,False,37.7,306,1.9,False,True,False,FORMULA 1 2018 HONDA JAPANESE GRAND PRIX,Suzuka,Japan,,,Permanent,,,0.36110655569677347,0.4477368701570252,0.19115657414620146,3,False,Japanese Grand Prix,japanese_grand_prix,2018,2018-10-07,104.52807999999999,25,Opening,2.8939999999999912,False,False,False,True
SAI,Renault,13,0 days 00:01:37.460000,0 days 00:00:35.186000,0 days 00:00:43.690000,0 days 00:00:18.584000,Soft,12,1,,,1,True,0 days 00:42:42.593000,97.46,35.186,43.69,18.584,2562.593,2573.07,28.5,50.1,1008.1,False,37.7,306,1.9,False,True,False,FORMULA 1 2018 HONDA JAPANESE GRAND PRIX,Suzuka,Japan,,,Permanent,,,0.3610301662220398,0.4482864765031808,0.1906833572747794,3,False,Japanese Grand Prix,japanese_grand_prix,2018,2018-10-07,103.1368387096774,31,Opening,3.262999999999991,False,False,False,True
HAR,Toro Rosso,13,0 days 00:01:37.819000,0 days 00:00:35.100000,0 days 00:00:43.868000,0 days 00:00:18.851000,SUPERSOFT,15,1,,,1,True,0 days 00:42:45.247000,97.819,35.1,43.868,18.851,2565.247,2573.07,28.5,50.1,1008.1,False,37.7,306,1.9,False,True,False,FORMULA 1 2018 HONDA JAPANESE GRAND PRIX,Suzuka,Japan,,,Permanent,,,0.3588259949498564,0.4484609329475869,0.19271307210255675,3,False,Japanese Grand Prix,japanese_grand_prix,2018,2018-10-07,104.28374074074074,27,Opening,2.9620000000000033,False,False,False,True
ALO,McLaren,13,0 days 00:01:37.708000,0 days 00:00:35.398000,0 days 00:00:43.640000,0 days 00:00:18.670000,Soft,12,1,,,1,True,0 days 00:42:46.772000,97.708,35.398,43.64,18.67,2566.772,2573.07,28.5,50.1,1008.1,False,37.7,306,1.9,False,True,False,FORMULA 1 2018 HONDA JAPANESE GRAND PRIX,Suzuka,Japan,,,Permanent,,,0.36228353870716834,0.4466369181643264,0.19107954312850536,3,False,Japanese Grand Prix,japanese_grand_prix,2018,2018-10-07,104.87276,25,Opening,3.7650000000000006,False,False,False,True
HUL,Renault,13,0 days 00:01:37.993000,0 days 00:00:35.750000,0 days 00:00:43.718000,0 days 00:00:18.525000,Medium,12,1,,,1,True,0 days 00:42:48.210000,97.993,35.75,43.718,18.525,2568.21,2573.07,28.5,50.1,1008.1,False,37.7,306,1.9,False,True,False,FORMULA 1 2018 HONDA JAPANESE GRAND PRIX,Suzuka,Japan,,,Permanent,,,0.36482197707999553,0.4461339075240069,0.18904411539599766,3,False,Japanese Grand Prix,japanese_grand_prix,2018,2018-10-07,104.04220689655173,29,Opening,3.0589999999999975,False,False,False,True
LEC,Sauber,13,0 days 00:01:37.194000,0 days 00:00:35.178000,0 days 00:00:43.432000,0 days 00:00:18.584000,Medium,9,2,,,1,True,0 days 00:42:49.410000,97.194,35.178,43.432,18.584,2569.41,2573.07,28.5,50.1,1008.1,False,37.7,306,1.9,False,True,False,FORMULA 1 2018 HONDA JAPANESE GRAND PRIX,Suzuka,Japan,,,Permanent,,,0.36193592197049196,0.44685885960038685,0.19120521842912114,3,False,Japanese Grand Prix,japanese_grand_prix,2018,2018-10-07,100.60793333333332,30,Mid,2.679000000000002,False,False,False,True
VET,Ferrari,13,0 days 00:01:37.531000,0 days 00:00:35.140000,0 days 00:00:43.850000,0 days 00:00:18.541000,SUPERSOFT,15,1,,,1,True,0 days 00:42:51.232000,97.531,35.14,43.85,18.541,2571.232,2573.07,28.5,50.1,1008.1,False,37.7,306,1.9,False,True,False,FORMULA 1 2018 HONDA JAPANESE GRAND PRIX,Suzuka,Japan,,,Permanent,,,0.3602957008540874,0.4496006397965775,0.19010365934933507,3,False,Japanese Grand Prix,japanese_grand_prix,2018,2018-10-07,104.7858,25,Opening,5.213000000000008,False,False,False,True
STR,Williams,13,0 days 00:01:39.902000,0 days 00:00:36.567000,0 days 00:00:43.949000,0 days 00:00:19.386000,Soft,12,1,,,1,True,0 days 00:42:51.687000,99.902,36.567,43.949,19.386,2571.687,2573.07,28.5,50.1,1008.1,False,37.7,306,1.9,False,True,False,FORMULA 1 2018 HONDA JAPANESE GRAND PRIX,Suzuka,Japan,,,Permanent,,,0.3660287081339713,0.4399211227002462,0.19405016916578247,3,False,Japanese Grand Prix,japanese_grand_prix,2018,2018-10-07,111.83130769230769,13,Opening,6.548000000000002,False,False,False,True
SIR,Williams,13,0 days 00:01:38.729000,0 days 00:00:35.792000,0 days 00:00:44.025000,0 days 00:00:18.912000,Medium,9,2,,,1,True,0 days 00:42:53.586000,98.729,35.792,44.025,18.912,2573.586,2573.07,28.5,50.1,1008.1,False,37.7,306,1.9,False,True,False,FORMULA 1 2018 HONDA JAPANESE GRAND PRIX,Suzuka,Japan,,,Permanent,,,0.3625277274154504,0.44591761285944354,0.1915546597251061,3,False,Japanese Grand Prix,japanese_grand_prix,2018,2018-10-07,100.64236363636363,33,Mid,4.744,False,False,False,True
ERI,Sauber,13,0 days 00:01:38.617000,0 days 00:00:36.093000,0 days 00:00:43.813000,0 days 00:00:18.711000,Medium,8,2,,,1,True,0 days 00:42:53.856000,98.617,36.093,43.813,18.711,2573.856,2573.07,28.5,50.1,1008.1,False,37.7,306,1.9,False,True,False,FORMULA 1 2018 HONDA JAPANESE GRAND PRIX,Suzuka,Japan,,,Permanent,,,0.3659916647231208,0.444274313759291,0.18973402151758822,3,False,Japanese Grand Prix,japanese_grand_prix,2018,2018-10-07,98.81828260869564,46,Closing,2.3230000000000075,False,False,False,True
VAN,McLaren,13,0 days 00:01:38.811000,0 days 00:00:35.683000,0 days 00:00:44.262000,0 days 00:00:18.866000,Soft,12,1,,,1,True,0 days 00:42:55.522000,98.811,35.683,44.262,18.866,2575.522,2573.07,28.5,50.1,1008.1,False,37.7,306,1.9,False,True,False,FORMULA 1 2018 HONDA JAPANESE GRAND PRIX,Suzuka,Japan,,,Permanent,,,0.3611237615245266,0.4479460788778577,0.19093015959761564,3,False,Japanese Grand Prix,japanese_grand_prix,2018,2018-10-07,106.21077272727274,22,Opening,3.788000000000011,False,False,False,True
HAM,Mercedes,14,0 days 00:01:35.213000,0 days 00:00:34.029000,0 days 00:00:42.790000,0 days 00:00:18.394000,Soft,15,1,,,1,True,0 days 00:43:55.044000,95.213,34.029,42.79,18.394,2635.044,2633.082,28.4,50.3,1008.2,False,37.6,311,1.5,False,True,False,FORMULA 1 2018 HONDA JAPANESE GRAND PRIX,Suzuka,Japan,,,Permanent,,,0.3573986745507442,0.44941342043628496,0.19318790501297092,3,False,Japanese Grand Prix,japanese_grand_prix,2018,2018-10-07,103.71631818181818,22,Opening,2.4279999999999973,False,False,False,True
BOT,Mercedes,14,0 days 00:01:35.618000,0 days 00:00:34.324000,0 days 00:00:42.917000,0 days 00:00:18.377000,Soft,16,1,,,1,True,0 days 00:43:57.768000,95.618,34.324,42.917,18.377,2637.768,2633.082,28.4,50.3,1008.2,False,37.6,311,1.5,False,True,False,FORMULA 1 2018 HONDA JAPANESE GRAND PRIX,Suzuka,Japan,,,Permanent,,,0.3589700683971637,0.44883808487941607,0.19219184672342027,3,False,Japanese Grand Prix,japanese_grand_prix,2018,2018-10-07,103.915,22,Opening,2.5079999999999956,False,False,False,True
VER,Red Bull Racing,14,0 days 00:01:35.404000,0 days 00:00:34.250000,0 days 00:00:42.776000,0 days 00:00:18.378000,SUPERSOFT,16,1,,,1,True,0 days 00:44:00.384000,95.404,34.25,42.776,18.378,2640.384,2633.082,28.4,50.3,1008.2,False,37.6,311,1.5,False,True,False,FORMULA 1 2018 HONDA JAPANESE GRAND PRIX,Suzuka,Japan,,,Permanent,,,0.35899962265733093,0.44836694478218947,0.19263343256047966,3,False,Japanese Grand Prix,japanese_grand_prix,2018,2018-10-07,104.9653,20,Opening,2.036999999999992,False,False,False,True
RAI,Ferrari,14,0 days 00:01:35.784000,0 days 00:00:34.439000,0 days 00:00:42.960000,0 days 00:00:18.385000,SUPERSOFT,16,1,,,1,True,0 days 00:44:03.886000,95.784,34.439,42.96,18.385,2643.886,2633.082,28.4,50.3,1008.2,False,37.6,311,1.5,False,True,False,FORMULA 1 2018 HONDA JAPANESE GRAND PRIX,Suzuka,Japan,,,Permanent,,,0.35954856761045684,0.44850914557754945,0.19194228681199366,3,False,Japanese Grand Prix,japanese_grand_prix,2018,2018-10-07,107.704125,16,Opening,1.561000000000007,False,False,False,True
RIC,Red Bull Racing,14,0 days 00:01:34.754000,0 days 00:00:34.001000,0 days 00:00:42.448000,0 days 00:00:18.305000,Soft,13,1,,,1,True,0 days 00:44:10.598000,94.754,34.001,42.448,18.305,2650.598,2633.082,28.4,50.3,1008.2,False,37.6,311,1.5,False,True,False,FORMULA 1 2018 HONDA JAPANESE GRAND PRIX,Suzuka,Japan,,,Permanent,,,0.35883445553749704,0.44798108786964136,0.19318445659286151,3,False,Japanese Grand Prix,japanese_grand_prix,2018,2018-10-07,104.07522727272728,22,Opening,1.5670000000000073,False,False,False,True
GRO,Haas F1 Team,14,0 days 00:01:37.614000,0 days 00:00:35.433000,0 days 00:00:43.512000,0 days 00:00:18.669000,Soft,16,1,,,1,True,0 days 00:44:14.059000,97.614,35.433,43.512,18.669,2654.059,2633.082,28.4,50.3,1008.2,False,37.6,311,1.5,False,True,False,FORMULA 1 2018 HONDA JAPANESE GRAND PRIX,Suzuka,Japan,,,Permanent,,,0.36299096441084266,0.44575573175978855,0.19125330382936873,3,False,Japanese Grand Prix,japanese_grand_prix,2018,2018-10-07,103.54650000000001,28,Opening,2.828000000000003,False,False,False,True
GAS,Toro Rosso,14,0 days 00:01:37.361000,0 days 00:00:35.021000,0 days 00:00:43.564000,0 days 00:00:18.776000,SUPERSOFT,16,1,,,1,True,0 days 00:44:15.387000,97.361,35.021,43.564,18.776,2655.387,2633.082,28.4,50.3,1008.2,False,37.6,311,1.5,False,True,False,FORMULA 1 2018 HONDA JAPANESE GRAND PRIX,Suzuka,Japan,,,Permanent,,,0.3597025503024825,0.44744815685952277,0.19284929283799468,3,False,Japanese Grand Prix,japanese_grand_prix,2018,2018-10-07,103.81035714285714,28,Opening,3.2280000000000086,False,False,False,True
PER,Racing Point,14,0 days 00:01:37.570000,0 days 00:00:35.256000,0 days 00:00:43.719000,0 days 00:00:18.595000,SUPERSOFT,16,1,,,1,True,0 days 00:44:17.077000,97.57,35.256,43.719,18.595,2657.077,2633.082,28.4,50.3,1008.2,False,37.6,311,1.5,False,True,False,FORMULA 1 2018 HONDA JAPANESE GRAND PRIX,Suzuka,Japan,,,Permanent,,,0.3613405759967203,0.448078302756995,0.1905811212462847,3,False,Japanese Grand Prix,japanese_grand_prix,2018,2018-10-07,105.15404347826087,23,Opening,3.497,False,False,False,True
OCO,Racing Point,14,0 days 00:01:37.148000,0 days 00:00:35.173000,0 days 00:00:43.382000,0 days 00:00:18.593000,SUPERSOFT,16,1,,,1,True,0 days 00:44:18.107000,97.148,35.173,43.382,18.593,2658.107,2633.082,28.4,50.3,1008.2,False,37.6,311,1.5,False,True,False,FORMULA 1 2018 HONDA JAPANESE GRAND PRIX,Suzuka,Japan,,,Permanent,,,0.36205583233828803,0.4465557705768518,0.19138839708486022,3,False,Japanese Grand Prix,japanese_grand_prix,2018,2018-10-07,104.52807999999999,25,Opening,2.4779999999999944,False,False,False,True
SAI,Renault,14,0 days 00:01:37.598000,0 days 00:00:35.281000,0 days 00:00:43.735000,0 days 00:00:18.582000,Soft,13,1,,,1,True,0 days 00:44:20.191000,97.598,35.281,43.735,18.582,2660.191,2633.082,28.4,50.3,1008.2,False,37.6,311,1.5,False,True,False,FORMULA 1 2018 HONDA JAPANESE GRAND PRIX,Suzuka,Japan,,,Permanent,,,0.36149306338244636,0.4481136908543208,0.19039324576323285,3,False,Japanese Grand Prix,japanese_grand_prix,2018,2018-10-07,103.1368387096774,31,Opening,3.4009999999999962,False,False,False,True
HAR,Toro Rosso,14,0 days 00:01:37.955000,0 days 00:00:35.294000,0 days 00:00:43.854000,0 days 00:00:18.807000,SUPERSOFT,16,1,,,1,True,0 days 00:44:23.202000,97.955,35.294,43.854,18.807,2663.202,2693.097,28.4,50.4,1008.2,False,37.5,338,1.9,False,True,False,FORMULA 1 2018 HONDA JAPANESE GRAND PRIX,Suzuka,Japan,,,Permanent,,,0.36030830483385223,0.4476953703231075,0.19199632484304016,3,False,Japanese Grand Prix,japanese_grand_prix,2018,2018-10-07,104.28374074074074,27,Opening,3.097999999999999,False,False,False,True
ALO,McLaren,14,0 days 00:01:37.911000,0 days 00:00:35.430000,0 days 00:00:43.824000,0 days 00:00:18.657000,Soft,13,1,,,1,True,0 days 00:44:24.683000,97.911,35.43,43.824,18.657,2664.683,2693.097,28.4,50.4,1008.2,False,37.5,338,1.9,False,True,False,FORMULA 1 2018 HONDA JAPANESE GRAND PRIX,Suzuka,Japan,,,Permanent,,,0.3618592395134357,0.4475901584091675,0.19055060207739682,3,False,Japanese Grand Prix,japanese_grand_prix,2018,2018-10-07,104.87276,25,Opening,3.9680000000000035,False,False,False,True
HUL,Renault,14,0 days 00:01:37.623000,0 days 00:00:35.382000,0 days 00:00:43.634000,0 days 00:00:18.607000,Medium,13,1,,,1,True,0 days 00:44:25.833000,97.623,35.382,43.634,18.607,2665.833,2693.097,28.4,50.4,1008.2,False,37.5,338,1.9,False,True,False,FORMULA 1 2018 HONDA JAPANESE GRAND PRIX,Suzuka,Japan,,,Permanent,,,0.36243508189668416,0.4469643424193069,0.19060057568400887,3,False,Japanese Grand Prix,japanese_grand_prix,2018,2018-10-07,104.04220689655173,29,Opening,2.689000000000007,False,False,False,True
LEC,Sauber,14,0 days 00:01:37.556000,0 days 00:00:35.180000,0 days 00:00:43.622000,0 days 00:00:18.754000,Medium,10,2,,,1,True,0 days 00:44:26.966000,97.556,35.18,43.622,18.754,2666.966,2693.097,28.4,50.4,1008.2,False,37.5,338,1.9,False,True,False,FORMULA 1 2018 HONDA JAPANESE GRAND PRIX,Suzuka,Japan,,,Permanent,,,0.36061339128295544,0.4471483045635328,0.19223830415351184,3,False,Japanese Grand Prix,japanese_grand_prix,2018,2018-10-07,100.60793333333332,30,Mid,3.040999999999997,False,False,False,True
VET,Ferrari,14,0 days 00:01:36.294000,0 days 00:00:34.642000,0 days 00:00:43.038000,0 days 00:00:18.614000,SUPERSOFT,16,1,,,1,True,0 days 00:44:27.526000,96.294,34.642,43.038,18.614,2667.526,2693.097,28.4,50.4,1008.2,False,37.5,338,1.9,False,True,False,FORMULA 1 2018 HONDA JAPANESE GRAND PRIX,Suzuka,Japan,,,Permanent,,,0.35975242486551606,0.4469437348121378,0.19330384032234615,3,False,Japanese Grand Prix,japanese_grand_prix,2018,2018-10-07,104.7858,25,Opening,3.975999999999999,False,False,False,True
ERI,Sauber,14,0 days 00:01:37.364000,0 days 00:00:35.081000,0 days 00:00:43.669000,0 days 00:00:18.614000,Medium,9,2,,,1,True,0 days 00:44:31.220000,97.364,35.081,43.669,18.614,2671.22,2693.097,28.4,50.4,1008.2,False,37.5,338,1.9,False,True,False,FORMULA 1 2018 HONDA JAPANESE GRAND PRIX,Suzuka,Japan,,,Permanent,,,0.36030771126905226,0.448512797337825,0.1911794913931227,3,False,Japanese Grand Prix,japanese_grand_prix,2018,2018-10-07,98.81828260869564,46,Closing,1.0700000000000074,False,False,False,True
STR,Williams,14,0 days 00:01:40.566000,0 days 00:00:35.705000,0 days 00:00:43.825000,0 days 00:00:21.036000,Soft,13,1,0 days 00:44:31.055000,,1,False,0 days 00:44:32.253000,100.566,35.705,43.825,21.036,2672.253,2693.097,28.4,50.4,1008.2,False,37.5,338,1.9,False,True,False,FORMULA 1 2018 HONDA JAPANESE GRAND PRIX,Suzuka,Japan,,,Permanent,14.0,,0.35504047093451063,0.4357834655847901,0.20917606348069925,3,False,Japanese Grand Prix,japanese_grand_prix,2018,2018-10-07,111.83130769230769,13,Opening,7.212000000000003,False,False,False,True
SIR,Williams,14,0 days 00:01:39.241000,0 days 00:00:36.711000,0 days 00:00:43.825000,0 days 00:00:18.705000,Medium,10,2,,,1,True,0 days 00:44:32.827000,99.241,36.711,43.825,18.705,2672.827,2693.097,28.4,50.4,1008.2,False,37.5,338,1.9,False,True,False,FORMULA 1 2018 HONDA JAPANESE GRAND PRIX,Suzuka,Japan,,,Permanent,,,0.36991767515442203,0.44160175733819695,0.188480567507381,3,False,Japanese Grand Prix,japanese_grand_prix,2018,2018-10-07,100.64236363636363,33,Mid,5.256,False,False,False,True
VAN,McLaren,14,0 days 00:01:38.717000,0 days 00:00:35.805000,0 days 00:00:44.136000,0 days 00:00:18.776000,Soft,13,1,,,1,True,0 days 00:44:34.239000,98.717,35.805,44.136,18.776,2674.239,2693.097,28.4,50.4,1008.2,False,37.5,338,1.9,False,True,False,FORMULA 1 2018 HONDA JAPANESE GRAND PRIX,Suzuka,Japan,,,Permanent,,,0.3627034857218108,0.44709624482105415,0.19020026945713503,3,False,Japanese Grand Prix,japanese_grand_prix,2018,2018-10-07,106.21077272727274,22,Opening,3.6940000000000026,False,False,False,True
HAM,Mercedes,15,0 days 00:01:35.129000,0 days 00:00:34.233000,0 days 00:00:42.654000,0 days 00:00:18.242000,Soft,16,1,,,1,True,0 days 00:45:30.173000,95.129,34.233,42.654,18.242,2730.173,2753.132,28.4,50.8,1008.1,False,37.6,249,1.3,False,True,False,FORMULA 1 2018 HONDA JAPANESE GRAND PRIX,Suzuka,Japan,,,Permanent,,,0.3598587181616541,0.44838062000021023,0.1917606618381356,3,False,Japanese Grand Prix,japanese_grand_prix,2018,2018-10-07,103.71631818181818,22,Opening,2.3440000000000083,False,False,False,True
BOT,Mercedes,15,0 days 00:01:35.343000,0 days 00:00:33.990000,0 days 00:00:42.938000,0 days 00:00:18.415000,Soft,17,1,,,1,True,0 days 00:45:33.111000,95.343,33.99,42.938,18.415,2733.111,2753.132,28.4,50.8,1008.1,False,37.6,249,1.3,False,True,False,FORMULA 1 2018 HONDA JAPANESE GRAND PRIX,Suzuka,Japan,,,Permanent,,,0.35650231270255817,0.45035293624073086,0.19314475105671103,3,False,Japanese Grand Prix,japanese_grand_prix,2018,2018-10-07,103.915,22,Opening,2.233000000000004,False,False,False,True
VER,Red Bull Racing,15,0 days 00:01:35.211000,0 days 00:00:34.093000,0 days 00:00:42.707000,0 days 00:00:18.411000,SUPERSOFT,17,1,,,1,True,0 days 00:45:35.595000,95.211,34.093,42.707,18.411,2735.595,2753.132,28.4,50.8,1008.1,False,37.6,249,1.3,False,True,False,FORMULA 1 2018 HONDA JAPANESE GRAND PRIX,Suzuka,Japan,,,Permanent,,,0.3580783732972031,0.4485511127915892,0.19337051391120777,3,False,Japanese Grand Prix,japanese_grand_prix,2018,2018-10-07,104.9653,20,Opening,1.843999999999994,False,False,False,True
RAI,Ferrari,15,0 days 00:01:36.134000,0 days 00:00:34.417000,0 days 00:00:43.216000,0 days 00:00:18.501000,SUPERSOFT,17,1,,,1,True,0 days 00:45:40.020000,96.134,34.417,43.216,18.501,2740.02,2753.132,28.4,50.8,1008.1,False,37.6,249,1.3,False,True,False,FORMULA 1 2018 HONDA JAPANESE GRAND PRIX,Suzuka,Japan,,,Permanent,,,0.3580106934071192,0.44953918488776085,0.19245012170511994,3,False,Japanese Grand Prix,japanese_grand_prix,2018,2018-10-07,107.704125,16,Opening,1.9110000000000014,False,False,False,True
RIC,Red Bull Racing,15,0 days 00:01:35.220000,0 days 00:00:34.106000,0 days 00:00:42.669000,0 days 00:00:18.445000,Soft,14,1,,,1,True,0 days 00:45:45.818000,95.22,34.106,42.669,18.445,2745.818,2753.132,28.4,50.8,1008.1,False,37.6,249,1.3,False,True,False,FORMULA 1 2018 HONDA JAPANESE GRAND PRIX,Suzuka,Japan,,,Permanent,,,0.3581810544003361,0.448109640831758,0.1937093047679059,3,False,Japanese Grand Prix,japanese_grand_prix,2018,2018-10-07,104.07522727272728,22,Opening,2.0330000000000013,False,False,False,True
GRO,Haas F1 Team,15,0 days 00:01:37.038000,0 days 00:00:34.764000,0 days 00:00:43.557000,0 days 00:00:18.717000,Soft,17,1,,,1,True,0 days 00:45:51.097000,97.038,34.764,43.557,18.717,2751.097,2753.132,28.4,50.8,1008.1,False,37.6,249,1.3,False,True,False,FORMULA 1 2018 HONDA JAPANESE GRAND PRIX,Suzuka,Japan,,,Permanent,,,0.3582514066654301,0.44886539293884875,0.19288320039572127,3,False,Japanese Grand Prix,japanese_grand_prix,2018,2018-10-07,103.54650000000001,28,Opening,2.2519999999999953,False,False,False,True
GAS,Toro Rosso,15,0 days 00:01:37.131000,0 days 00:00:34.782000,0 days 00:00:43.549000,0 days 00:00:18.800000,SUPERSOFT,17,1,,,1,True,0 days 00:45:52.518000,97.131,34.782,43.549,18.8,2752.518,2753.132,28.4,50.8,1008.1,False,37.6,249,1.3,False,True,False,FORMULA 1 2018 HONDA JAPANESE GRAND PRIX,Suzuka,Japan,,,Permanent,,,0.35809370849677236,0.44835325488258126,0.19355303662064635,3,False,Japanese Grand Prix,japanese_grand_prix,2018,2018-10-07,103.81035714285714,28,Opening,2.9980000000000047,False,False,False,True
PER,Racing Point,15,0 days 00:01:37.148000,0 days 00:00:35.036000,0 days 00:00:43.543000,0 days 00:00:18.569000,SUPERSOFT,17,1,,,1,True,0 days 00:45:54.225000,97.148,35.036,43.543,18.569,2754.225,2753.132,28.4,50.8,1008.1,False,37.6,249,1.3,False,True,False,FORMULA 1 2018 HONDA JAPANESE GRAND PRIX,Suzuka,Japan,,,Permanent,,,0.3606456128793182,0.4482130357804587,0.19114135134022317,3,False,Japanese Grand Prix,japanese_grand_prix,2018,2018-10-07,105.15404347826087,23,Opening,3.075000000000003,False,False,False,True
OCO,Racing Point,15,0 days 00:01:37.225000,0 days 00:00:35.122000,0 days 00:00:43.496000,0 days 00:00:18.607000,SUPERSOFT,17,1,,,1,True,0 days 00:45:55.332000,97.225,35.122,43.496,18.607,2755.332,2753.132,28.4,50.8,1008.1,False,37.6,249,1.3,False,True,False,FORMULA 1 2018 HONDA JAPANESE GRAND PRIX,Suzuka,Japan,,,Permanent,,,0.3612445358704037,0.44737464643867325,0.19138081769092313,3,False,Japanese Grand Prix,japanese_grand_prix,2018,2018-10-07,104.52807999999999,25,Opening,2.5549999999999926,False,False,False,True
SAI,Renault,15,0 days 00:01:37.395000,0 days 00:00:35.175000,0 days 00:00:43.606000,0 days 00:00:18.614000,Soft,14,1,,,1,True,0 days 00:45:57.586000,97.395,35.175,43.606,18.614,2757.586,2753.132,28.4,50.8,1008.1,False,37.6,249,1.3,False,True,False,FORMULA 1 2018 HONDA JAPANESE GRAND PRIX,Suzuka,Japan,,,Permanent,,,0.3611581703372863,0.4477231890754146,0.19111864058729916,3,False,Japanese Grand Prix,japanese_grand_prix,2018,2018-10-07,103.1368387096774,31,Opening,3.1979999999999933,False,False,False,True
HAR,Toro Rosso,15,0 days 00:01:37.429000,0 days 00:00:34.899000,0 days 00:00:43.704000,0 days 00:00:18.826000,SUPERSOFT,17,1,,,1,True,0 days 00:46:00.631000,97.429,34.899,43.704,18.826,2760.631,2753.132,28.4,50.8,1008.1,False,37.6,249,1.3,False,True,False,FORMULA 1 2018 HONDA JAPANESE GRAND PRIX,Suzuka,Japan,,,Permanent,,,0.35819930410863293,0.4485728068644859,0.19322788902688112,3,False,Japanese Grand Prix,japanese_grand_prix,2018,2018-10-07,104.28374074074074,27,Opening,2.5720000000000027,False,False,False,True
ALO,McLaren,15,0 days 00:01:37.712000,0 days 00:00:35.338000,0 days 00:00:43.681000,0 days 00:00:18.693000,Soft,14,1,,,1,True,0 days 00:46:02.395000,97.712,35.338,43.681,18.693,2762.395,2753.132,28.4,50.8,1008.1,False,37.6,249,1.3,False,True,False,FORMULA 1 2018 HONDA JAPANESE GRAND PRIX,Suzuka,Japan,,,Permanent,,,0.361654658588505,0.4470382348125102,0.19130710659898478,3,False,Japanese Grand Prix,japanese_grand_prix,2018,2018-10-07,104.87276,25,Opening,3.7690000000000055,False,False,False,True
HUL,Renault,15,0 days 00:01:37.788000,0 days 00:00:35.473000,0 days 00:00:43.645000,0 days 00:00:18.670000,Medium,14,1,,,1,True,0 days 00:46:03.621000,97.788,35.473,43.645,18.67,2763.621,2753.132,28.4,50.8,1008.1,False,37.6,249,1.3,False,True,False,FORMULA 1 2018 HONDA JAPANESE GRAND PRIX,Suzuka,Japan,,,Permanent,,,0.36275412116006056,0.44632265717674974,0.19092322166318978,3,False,Japanese Grand Prix,japanese_grand_prix,2018,2018-10-07,104.04220689655173,29,Opening,2.853999999999999,False,False,False,True
VET,Ferrari,15,0 days 00:01:37.087000,0 days 00:00:35.338000,0 days 00:00:43.213000,0 days 00:00:18.536000,SUPERSOFT,17,1,,,1,True,0 days 00:46:04.613000,97.087,35.338,43.213,18.536,2764.613,2753.132,28.4,50.8,1008.1,False,37.6,249,1.3,False,True,False,FORMULA 1 2018 HONDA JAPANESE GRAND PRIX,Suzuka,Japan,,,Permanent,,,0.36398281953299616,0.4450956358729799,0.1909215445940239,3,False,Japanese Grand Prix,japanese_grand_prix,2018,2018-10-07,104.7858,25,Opening,4.7690000000000055,False,False,False,True
LEC,Sauber,15,0 days 00:01:38.620000,0 days 00:00:35.326000,0 days 00:00:44.447000,0 days 00:00:18.847000,Medium,11,2,,,1,True,0 days 00:46:05.586000,98.62,35.326,44.447,18.847,2765.586,2753.132,28.4,50.8,1008.1,False,37.6,249,1.3,False,True,False,FORMULA 1 2018 HONDA JAPANESE GRAND PRIX,Suzuka,Japan,,,Permanent,,,0.3582032042182113,0.45068951531129586,0.1911072804704928,3,False,Japanese Grand Prix,japanese_grand_prix,2018,2018-10-07,100.60793333333332,30,Mid,4.105000000000004,False,False,False,True
ERI,Sauber,15,0 days 00:01:36.869000,0 days 00:00:34.747000,0 days 00:00:43.521000,0 days 00:00:18.601000,Medium,10,2,,,1,True,0 days 00:46:08.089000,96.869,34.747,43.521,18.601,2768.089,2753.132,28.4,50.8,1008.1,False,37.6,249,1.3,False,True,False,FORMULA 1 2018 HONDA JAPANESE GRAND PRIX,Suzuka,Japan,,,Permanent,,,0.3587009259928357,0.4492768584376839,0.19202221556948043,3,False,Japanese Grand Prix,japanese_grand_prix,2018,2018-10-07,98.81828260869564,46,Closing,0.5750000000000028,False,False,False,True
SIR,Williams,15,0 days 00:01:37.607000,0 days 00:00:35.293000,0 days 00:00:43.645000,0 days 00:00:18.669000,Medium,11,2,,,1,True,0 days 00:46:10.434000,97.607,35.293,43.645,18.669,2770.434,2753.132,28.4,50.8,1008.1,False,37.6,249,1.3,False,True,False,FORMULA 1 2018 HONDA JAPANESE GRAND PRIX,Suzuka,Japan,,,Permanent,,,0.3615826733738359,0.447150306842747,0.19126701978341717,3,False,Japanese Grand Prix,japanese_grand_prix,2018,2018-10-07,100.64236363636363,33,Mid,3.622,False,False,False,True
VAN,McLaren,15,0 days 00:01:38.114000,0 days 00:00:35.460000,0 days 00:00:43.933000,0 days 00:00:18.721000,Soft,14,1,,,1,True,0 days 00:46:12.353000,98.114,35.46,43.933,18.721,2772.353,2753.132,28.4,50.8,1008.1,False,37.6,249,1.3,False,True,False,FORMULA 1 2018 HONDA JAPANESE GRAND PRIX,Suzuka,Japan,,,Permanent,,,0.36141631163748295,0.4477750372016226,0.19080865116089446,3,False,Japanese Grand Prix,japanese_grand_prix,2018,2018-10-07,106.21077272727274,22,Opening,3.091000000000008,False,False,False,True
STR,Williams,15,0 days 00:01:54.809000,0 days 00:00:53.956000,0 days 00:00:42.540000,0 days 00:00:18.313000,Medium,1,2,,0 days 00:44:54.723000,1,False,0 days 00:46:27.062000,114.809,53.956,42.54,18.313,2787.062,2813.142,28.5,50.4,1008.2,False,37.7,338,0.9,False,True,False,FORMULA 1 2018 HONDA JAPANESE GRAND PRIX,Suzuka,Japan,,,Permanent,,,0.4699631561985559,0.3705284428921078,0.15950840090933638,3,False,Japanese Grand Prix,japanese_grand_prix,2018,2018-10-07,98.17664,25,Mid,21.455,False,False,False,True
HAM,Mercedes,16,0 days 00:01:34.768000,0 days 00:00:34.015000,0 days 00:00:42.529000,0 days 00:00:18.224000,Soft,17,1,,,1,True,0 days 00:47:04.941000,94.768,34.015,42.529,18.224,2824.941,2813.142,28.5,50.4,1008.2,False,37.7,338,0.9,False,True,False,FORMULA 1 2018 HONDA JAPANESE GRAND PRIX,Suzuka,Japan,,,Permanent,,,0.3589291744048624,0.44876962687827116,0.19230119871686646,3,False,Japanese Grand Prix,japanese_grand_prix,2018,2018-10-07,103.71631818181818,22,Opening,1.983000000000004,False,False,False,True
BOT,Mercedes,16,0 days 00:01:35.246000,0 days 00:00:34.035000,0 days 00:00:42.878000,0 days 00:00:18.333000,Soft,18,1,,,1,True,0 days 00:47:08.357000,95.246,34.035,42.878,18.333,2828.357,2813.142,28.5,50.4,1008.2,False,37.7,338,0.9,False,True,False,FORMULA 1 2018 HONDA JAPANESE GRAND PRIX,Suzuka,Japan,,,Permanent,,,0.35733784095920035,0.4501816349243013,0.19248052411649832,3,False,Japanese Grand Prix,japanese_grand_prix,2018,2018-10-07,103.915,22,Opening,2.1359999999999957,False,False,False,True
VER,Red Bull Racing,16,0 days 00:01:35.175000,0 days 00:00:34.070000,0 days 00:00:42.746000,0 days 00:00:18.359000,SUPERSOFT,18,1,,,1,True,0 days 00:47:10.770000,95.175,34.07,42.746,18.359,2830.77,2813.142,28.5,50.4,1008.2,False,37.7,338,0.9,False,True,False,FORMULA 1 2018 HONDA JAPANESE GRAND PRIX,Suzuka,Japan,,,Permanent,,,0.35797215655371684,0.4491305489887051,0.19289729445757817,3,False,Japanese Grand Prix,japanese_grand_prix,2018,2018-10-07,104.9653,20,Opening,1.8079999999999927,False,False,False,True
RAI,Ferrari,16,0 days 00:01:36.388000,0 days 00:00:34.638000,0 days 00:00:43.140000,0 days 00:00:18.610000,SUPERSOFT,18,1,,,1,True,0 days 00:47:16.408000,96.388,34.638,43.14,18.61,2836.408,2813.142,28.5,50.4,1008.2,False,37.7,338,0.9,False,True,False,FORMULA 1 2018 HONDA JAPANESE GRAND PRIX,Suzuka,Japan,,,Permanent,,,0.35936008631779887,0.44756608706477985,0.19307382661742123,3,False,Japanese Grand Prix,japanese_grand_prix,2018,2018-10-07,107.704125,16,Opening,2.1650000000000063,False,False,False,True
RIC,Red Bull Racing,16,0 days 00:01:35.160000,0 days 00:00:34.133000,0 days 00:00:42.673000,0 days 00:00:18.354000,Soft,15,1,,,1,True,0 days 00:47:20.978000,95.16,34.133,42.673,18.354,2840.978,2813.142,28.5,50.4,1008.2,False,37.7,338,0.9,False,True,False,FORMULA 1 2018 HONDA JAPANESE GRAND PRIX,Suzuka,Japan,,,Permanent,,,0.3586906263135772,0.44843421605716693,0.192875157629256,3,False,Japanese Grand Prix,japanese_grand_prix,2018,2018-10-07,104.07522727272728,22,Opening,1.972999999999999,False,False,False,True
GRO,Haas F1 Team,16,0 days 00:01:37.275000,0 days 00:00:34.877000,0 days 00:00:43.650000,0 days 00:00:18.748000,Soft,18,1,,,1,True,0 days 00:47:28.372000,97.275,34.877,43.65,18.748,2848.372,2873.138,28.6,50.3,1008.3,False,37.7,65,1.2,False,True,False,FORMULA 1 2018 HONDA JAPANESE GRAND PRIX,Suzuka,Japan,,,Permanent,,,0.3585402210228733,0.448727833461835,0.19273194551529169,3,False,Japanese Grand Prix,japanese_grand_prix,2018,2018-10-07,103.54650000000001,28,Opening,2.4890000000000043,False,False,False,True
GAS,Toro Rosso,16,0 days 00:01:37.210000,0 days 00:00:34.871000,0 days 00:00:43.536000,0 days 00:00:18.803000,SUPERSOFT,18,1,,,1,True,0 days 00:47:29.728000,97.21,34.871,43.536,18.803,2849.728,2873.138,28.6,50.3,1008.3,False,37.7,65,1.2,False,True,False,FORMULA 1 2018 HONDA JAPANESE GRAND PRIX,Suzuka,Japan,,,Permanent,,,0.3587182388643144,0.4478551589342661,0.19342660220141963,3,False,Japanese Grand Prix,japanese_grand_prix,2018,2018-10-07,103.81035714285714,28,Opening,3.076999999999998,False,False,False,True
PER,Racing Point,16,0 days 00:01:37.292000,0 days 00:00:35.171000,0 days 00:00:43.524000,0 days 00:00:18.597000,SUPERSOFT,18,1,,,1,True,0 days 00:47:31.517000,97.292,35.171,43.524,18.597,2851.517,2873.138,28.6,50.3,1008.3,False,37.7,65,1.2,False,True,False,FORMULA 1 2018 HONDA JAPANESE GRAND PRIX,Suzuka,Japan,,,Permanent,,,0.36149940385643214,0.44735435595938,0.19114624018418783,3,False,Japanese Grand Prix,japanese_grand_prix,2018,2018-10-07,105.15404347826087,23,Opening,3.2190000000000083,False,False,False,True
OCO,Racing Point,16,0 days 00:01:37.448000,0 days 00:00:35.330000,0 days 00:00:43.500000,0 days 00:00:18.618000,SUPERSOFT,18,1,,,1,True,0 days 00:47:32.780000,97.448,35.33,43.5,18.618,2852.78,2873.138,28.6,50.3,1008.3,False,37.7,65,1.2,False,True,False,FORMULA 1 2018 HONDA JAPANESE GRAND PRIX,Suzuka,Japan,,,Permanent,,,0.3625523356046302,0.44639192184549714,0.19105574254987276,3,False,Japanese Grand Prix,japanese_grand_prix,2018,2018-10-07,104.52807999999999,25,Opening,2.7779999999999916,False,False,False,True
SAI,Renault,16,0 days 00:01:37.076000,0 days 00:00:34.997000,0 days 00:00:43.530000,0 days 00:00:18.549000,Soft,15,1,,,1,True,0 days 00:47:34.662000,97.076,34.997,43.53,18.549,2854.662,2873.138,28.6,50.3,1008.3,False,37.7,65,1.2,False,True,False,FORMULA 1 2018 HONDA JAPANESE GRAND PRIX,Suzuka,Japan,,,Permanent,,,0.36051135193044626,0.4484115538341094,0.1910770942354444,3,False,Japanese Grand Prix,japanese_grand_prix,2018,2018-10-07,103.1368387096774,31,Opening,2.8789999999999907,False,False,False,True
HAR,Toro Rosso,16,0 days 00:01:37.253000,0 days 00:00:34.961000,0 days 00:00:43.487000,0 days 00:00:18.805000,SUPERSOFT,18,1,,,1,True,0 days 00:47:37.884000,97.253,34.961,43.487,18.805,2857.884,2873.138,28.6,50.3,1008.3,False,37.7,65,1.2,False,True,False,FORMULA 1 2018 HONDA JAPANESE GRAND PRIX,Suzuka,Japan,,,Permanent,,,0.3594850544456212,0.44715330118351104,0.19336164437086772,3,False,Japanese Grand Prix,japanese_grand_prix,2018,2018-10-07,104.28374074074074,27,Opening,2.396000000000001,False,False,False,True
ALO,McLaren,16,0 days 00:01:37.429000,0 days 00:00:35.319000,0 days 00:00:43.571000,0 days 00:00:18.539000,Soft,15,1,,,1,True,0 days 00:47:39.824000,97.429,35.319,43.571,18.539,2859.824,2873.138,28.6,50.3,1008.3,False,37.7,65,1.2,False,True,False,FORMULA 1 2018 HONDA JAPANESE GRAND PRIX,Suzuka,Japan,,,Permanent,,,0.3625101355859139,0.4472077102300136,0.19028215418407252,3,False,Japanese Grand Prix,japanese_grand_prix,2018,2018-10-07,104.87276,25,Opening,3.486000000000004,False,False,False,True
VET,Ferrari,16,0 days 00:01:37.268000,0 days 00:00:35.199000,0 days 00:00:43.518000,0 days 00:00:18.551000,SUPERSOFT,18,1,,,1,True,0 days 00:47:41.881000,97.268,35.199,43.518,18.551,2861.881,2873.138,28.6,50.3,1008.3,False,37.7,65,1.2,False,True,False,FORMULA 1 2018 HONDA JAPANESE GRAND PRIX,Suzuka,Japan,,,Permanent,,,0.36187646502446846,0.4474030513632438,0.1907204836122877,3,False,Japanese Grand Prix,japanese_grand_prix,2018,2018-10-07,104.7858,25,Opening,4.950000000000003,False,False,False,True
HUL,Renault,16,0 days 00:01:38.655000,0 days 00:00:35.458000,0 days 00:00:43.753000,0 days 00:00:19.444000,Medium,15,1,,,1,True,0 days 00:47:42.276000,98.655,35.458,43.753,19.444,2862.276,2873.138,28.6,50.3,1008.3,False,37.7,65,1.2,False,True,False,FORMULA 1 2018 HONDA JAPANESE GRAND PRIX,Suzuka,Japan,,,Permanent,,,0.3594141199128275,0.4434950078556586,0.19709087223151384,3,False,Japanese Grand Prix,japanese_grand_prix,2018,2018-10-07,104.04220689655173,29,Opening,3.7210000000000036,False,False,False,True
LEC,Sauber,16,0 days 00:01:37.870000,0 days 00:00:35.394000,0 days 00:00:43.680000,0 days 00:00:18.796000,Medium,12,2,,,1,True,0 days 00:47:43.456000,97.87,35.394,43.68,18.796,2863.456,2873.138,28.6,50.3,1008.3,False,37.7,65,1.2,False,True,False,FORMULA 1 2018 HONDA JAPANESE GRAND PRIX,Suzuka,Japan,,,Permanent,,,0.36164299581076936,0.4463063247164606,0.19205067947277,3,False,Japanese Grand Prix,japanese_grand_prix,2018,2018-10-07,100.60793333333332,30,Mid,3.355000000000004,False,False,False,True
ERI,Sauber,16,0 days 00:01:37.393000,0 days 00:00:34.924000,0 days 00:00:43.778000,0 days 00:00:18.691000,Medium,11,2,,,1,True,0 days 00:47:45.482000,97.393,34.924,43.778,18.691,2865.482,2873.138,28.6,50.3,1008.3,False,37.7,65,1.2,False,True,False,FORMULA 1 2018 HONDA JAPANESE GRAND PRIX,Suzuka,Japan,,,Permanent,,,0.35858839957697164,0.4494984239113694,0.19191317651165893,3,False,Japanese Grand Prix,japanese_grand_prix,2018,2018-10-07,98.81828260869564,46,Closing,1.0990000000000038,False,False,False,True
SIR,Williams,16,0 days 00:01:37.600000,0 days 00:00:35.394000,0 days 00:00:43.535000,0 days 00:00:18.671000,Medium,12,2,,,1,True,0 days 00:47:48.034000,97.6,35.394,43.535,18.671,2868.034,2873.138,28.6,50.3,1008.3,False,37.7,65,1.2,False,True,False,FORMULA 1 2018 HONDA JAPANESE GRAND PRIX,Suzuka,Japan,,,Permanent,,,0.36264344262295084,0.44605532786885244,0.19130122950819672,3,False,Japanese Grand Prix,japanese_grand_prix,2018,2018-10-07,100.64236363636363,33,Mid,3.614999999999995,False,False,False,True
VAN,McLaren,16,0 days 00:01:37.758000,0 days 00:00:35.195000,0 days 00:00:43.823000,0 days 00:00:18.740000,Soft,15,1,,,1,True,0 days 00:47:50.111000,97.758,35.195,43.823,18.74,2870.111,2873.138,28.6,50.3,1008.3,False,37.7,65,1.2,False,True,False,FORMULA 1 2018 HONDA JAPANESE GRAND PRIX,Suzuka,Japan,,,Permanent,,,0.3600216862047096,0.4482804476359991,0.1916978661592913,3,False,Japanese Grand Prix,japanese_grand_prix,2018,2018-10-07,106.21077272727274,22,Opening,2.7349999999999994,False,False,False,True
STR,Williams,16,0 days 00:01:35.820000,0 days 00:00:34.225000,0 days 00:00:43.085000,0 days 00:00:18.510000,Medium,2,2,,,1,True,0 days 00:48:02.882000,95.82,34.225,43.085,18.51,2882.882,2873.138,28.6,50.3,1008.3,False,37.7,65,1.2,False,True,False,FORMULA 1 2018 HONDA JAPANESE GRAND PRIX,Suzuka,Japan,,,Permanent,,,0.35718012940930915,0.44964516802337723,0.19317470256731376,3,False,Japanese Grand Prix,japanese_grand_prix,2018,2018-10-07,98.17664,25,Mid,2.465999999999994,False,False,False,True
HAM,Mercedes,17,0 days 00:01:34.771000,0 days 00:00:33.896000,0 days 00:00:42.484000,0 days 00:00:18.391000,Soft,18,1,,,1,True,0 days 00:48:39.712000,94.771,33.896,42.484,18.391,2919.712,2933.152,28.7,50.0,1008.2,False,37.7,355,1.2,False,True,False,FORMULA 1 2018 HONDA JAPANESE GRAND PRIX,Suzuka,Japan,,,Permanent,,,0.357662154034462,0.4482805921642697,0.1940572538012683,3,False,Japanese Grand Prix,japanese_grand_prix,2018,2018-10-07,103.71631818181818,22,Opening,1.9860000000000042,False,False,False,True
BOT,Mercedes,17,0 days 00:01:35.213000,0 days 00:00:34.118000,0 days 00:00:42.827000,0 days 00:00:18.268000,Soft,19,1,,,1,True,0 days 00:48:43.570000,95.213,34.118,42.827,18.268,2923.57,2933.152,28.7,50.0,1008.2,False,37.7,355,1.2,False,True,False,FORMULA 1 2018 HONDA JAPANESE GRAND PRIX,Suzuka,Japan,,,Permanent,,,0.3583334208563957,0.4498020228330165,0.19186455631058785,3,False,Japanese Grand Prix,japanese_grand_prix,2018,2018-10-07,103.915,22,Opening,2.1029999999999944,False,False,False,True
VER,Red Bull Racing,17,0 days 00:01:35.307000,0 days 00:00:34.169000,0 days 00:00:42.799000,0 days 00:00:18.339000,SUPERSOFT,19,1,,,1,True,0 days 00:48:46.077000,95.307,34.169,42.799,18.339,2926.077,2933.152,28.7,50.0,1008.2,False,37.7,355,1.2,False,True,False,FORMULA 1 2018 HONDA JAPANESE GRAND PRIX,Suzuka,Japan,,,Permanent,,,0.3585151143147932,0.4490646017606262,0.19242028392458055,3,False,Japanese Grand Prix,japanese_grand_prix,2018,2018-10-07,104.9653,20,Opening,1.9399999999999977,False,False,False,True
RAI,Ferrari,17,0 days 00:01:38.452000,0 days 00:00:34.470000,0 days 00:00:43.035000,0 days 00:00:20.947000,SUPERSOFT,19,1,0 days 00:48:53.668000,,1,False,0 days 00:48:54.860000,98.452,34.47,43.035,20.947,2934.86,2933.152,28.7,50.0,1008.2,False,37.7,355,1.2,False,True,False,FORMULA 1 2018 HONDA JAPANESE GRAND PRIX,Suzuka,Japan,,,Permanent,17.0,,0.3501198553609881,0.4371165644171779,0.21276358022183398,3,False,Japanese Grand Prix,japanese_grand_prix,2018,2018-10-07,107.704125,16,Opening,4.228999999999999,False,False,False,True
RIC,Red Bull Racing,17,0 days 00:01:35.208000,0 days 00:00:34.083000,0 days 00:00:42.817000,0 days 00:00:18.308000,Soft,16,1,,,1,True,0 days 00:48:56.186000,95.208,34.083,42.817,18.308,2936.186,2933.152,28.7,50.0,1008.2,False,37.7,355,1.2,False,True,False,FORMULA 1 2018 HONDA JAPANESE GRAND PRIX,Suzuka,Japan,,,Permanent,,,0.3579846231409125,0.4497206117133014,0.19229476514578606,3,False,Japanese Grand Prix,japanese_grand_prix,2018,2018-10-07,104.07522727272728,22,Opening,2.021000000000001,False,False,False,True
GRO,Haas F1 Team,17,0 days 00:01:36.986000,0 days 00:00:34.803000,0 days 00:00:43.454000,0 days 00:00:18.729000,Soft,19,1,,,1,True,0 days 00:49:05.358000,96.986,34.803,43.454,18.729,2945.358,2933.152,28.7,50.0,1008.2,False,37.7,355,1.2,False,True,False,FORMULA 1 2018 HONDA JAPANESE GRAND PRIX,Suzuka,Japan,,,Permanent,,,0.3588456065823933,0.4480440475944982,0.1931103458231085,3,False,Japanese Grand Prix,japanese_grand_prix,2018,2018-10-07,103.54650000000001,28,Opening,2.200000000000003,False,False,False,True
GAS,Toro Rosso,17,0 days 00:01:37.054000,0 days 00:00:34.686000,0 days 00:00:43.513000,0 days 00:00:18.855000,SUPERSOFT,19,1,,,1,True,0 days 00:49:06.782000,97.054,34.686,43.513,18.855,2946.782,2933.152,28.7,50.0,1008.2,False,37.7,355,1.2,False,True,False,FORMULA 1 2018 HONDA JAPANESE GRAND PRIX,Suzuka,Japan,,,Permanent,,,0.3573886702248233,0.44833803861767674,0.19427329115749994,3,False,Japanese Grand Prix,japanese_grand_prix,2018,2018-10-07,103.81035714285714,28,Opening,2.9210000000000065,False,False,False,True
PER,Racing Point,17,0 days 00:01:36.839000,0 days 00:00:34.993000,0 days 00:00:43.378000,0 days 00:00:18.468000,SUPERSOFT,19,1,,,1,True,0 days 00:49:08.356000,96.839,34.993,43.378,18.468,2948.356,2933.152,28.7,50.0,1008.2,False,37.7,355,1.2,False,True,False,FORMULA 1 2018 HONDA JAPANESE GRAND PRIX,Suzuka,Japan,,,Permanent,,,0.36135234771114944,0.4479393632730615,0.1907082890157891,3,False,Japanese Grand Prix,japanese_grand_prix,2018,2018-10-07,105.15404347826087,23,Opening,2.7660000000000053,False,False,False,True
OCO,Racing Point,17,0 days 00:01:37.316000,0 days 00:00:35.366000,0 days 00:00:43.431000,0 days 00:00:18.519000,SUPERSOFT,19,1,,,1,True,0 days 00:49:10.096000,97.316,35.366,43.431,18.519,2950.096,2933.152,28.7,50.0,1008.2,False,37.7,355,1.2,False,True,False,FORMULA 1 2018 HONDA JAPANESE GRAND PRIX,Suzuka,Japan,,,Permanent,,,0.36341403263594885,0.4462883801224875,0.19029758724156354,3,False,Japanese Grand Prix,japanese_grand_prix,2018,2018-10-07,104.52807999999999,25,Opening,2.646000000000001,False,False,False,True
SAI,Renault,17,0 days 00:01:37.416000,0 days 00:00:35.043000,0 days 00:00:43.630000,0 days 00:00:18.743000,Soft,16,1,,,1,True,0 days 00:49:12.078000,97.416,35.043,43.63,18.743,2952.078,2933.152,28.7,50.0,1008.2,False,37.7,355,1.2,False,True,False,FORMULA 1 2018 HONDA JAPANESE GRAND PRIX,Suzuka,Japan,,,Permanent,,,0.3597253017984725,0.447873039336454,0.1924016588650735,3,False,Japanese Grand Prix,japanese_grand_prix,2018,2018-10-07,103.1368387096774,31,Opening,3.218999999999994,False,False,False,True
HAR,Toro Rosso,17,0 days 00:01:37.555000,0 days 00:00:35.148000,0 days 00:00:43.590000,0 days 00:00:18.817000,SUPERSOFT,19,1,,,1,True,0 days 00:49:15.439000,97.555,35.148,43.59,18.817,2955.439,2933.152,28.7,50.0,1008.2,False,37.7,355,1.2,False,True,False,FORMULA 1 2018 HONDA JAPANESE GRAND PRIX,Suzuka,Japan,,,Permanent,,,0.360289067705397,0.4468248680231664,0.19288606427143662,3,False,Japanese Grand Prix,japanese_grand_prix,2018,2018-10-07,104.28374074074074,27,Opening,2.6980000000000075,False,False,False,True
ALO,McLaren,17,0 days 00:01:37.509000,0 days 00:00:35.239000,0 days 00:00:43.640000,0 days 00:00:18.630000,Soft,16,1,,,1,True,0 days 00:49:17.333000,97.509,35.239,43.64,18.63,2957.333,2933.152,28.7,50.0,1008.2,False,37.7,355,1.2,False,True,False,FORMULA 1 2018 HONDA JAPANESE GRAND PRIX,Suzuka,Japan,,,Permanent,,,0.36139228173809596,0.44754843142684264,0.19105928683506138,3,False,Japanese Grand Prix,japanese_grand_prix,2018,2018-10-07,104.87276,25,Opening,3.5660000000000025,False,False,False,True
VET,Ferrari,17,0 days 00:01:36.700000,0 days 00:00:34.652000,0 days 00:00:43.256000,0 days 00:00:18.792000,SUPERSOFT,19,1,,,1,True,0 days 00:49:18.581000,96.7,34.652,43.256,18.792,2958.581,2933.152,28.7,50.0,1008.2,False,37.7,355,1.2,False,True,False,FORMULA 1 2018 HONDA JAPANESE GRAND PRIX,Suzuka,Japan,,,Permanent,,,0.3583453981385729,0.4473216132368149,0.1943329886246122,3,False,Japanese Grand Prix,japanese_grand_prix,2018,2018-10-07,104.7858,25,Opening,4.382000000000005,False,False,False,True
HUL,Renault,17,0 days 00:01:38.284000,0 days 00:00:35.665000,0 days 00:00:43.755000,0 days 00:00:18.864000,Medium,16,1,,,1,True,0 days 00:49:20.560000,98.284,35.665,43.755,18.864,2960.56,2933.152,28.7,50.0,1008.2,False,37.7,355,1.2,False,True,False,FORMULA 1 2018 HONDA JAPANESE GRAND PRIX,Suzuka,Japan,,,Permanent,,,0.3628769687843392,0.44518945097879614,0.1919335802368646,3,False,Japanese Grand Prix,japanese_grand_prix,2018,2018-10-07,104.04220689655173,29,Opening,3.3500000000000085,False,False,False,True
LEC,Sauber,17,0 days 00:01:37.968000,0 days 00:00:35.423000,0 days 00:00:43.807000,0 days 00:00:18.738000,Medium,13,2,,,1,True,0 days 00:49:21.424000,97.968,35.423,43.807,18.738,2961.424,2933.152,28.7,50.0,1008.2,False,37.7,355,1.2,False,True,False,FORMULA 1 2018 HONDA JAPANESE GRAND PRIX,Suzuka,Japan,,,Permanent,,,0.3615772497141924,0.44715621427404867,0.19126653601175894,3,False,Japanese Grand Prix,japanese_grand_prix,2018,2018-10-07,100.60793333333332,30,Mid,3.453000000000003,False,False,False,True
ERI,Sauber,17,0 days 00:01:37.757000,0 days 00:00:35.150000,0 days 00:00:43.798000,0 days 00:00:18.809000,Medium,12,2,,,1,True,0 days 00:49:23.239000,97.757,35.15,43.798,18.809,2963.239,2993.166,28.2,50.1,1008.2,False,37.6,330,2.8,False,True,False,FORMULA 1 2018 HONDA JAPANESE GRAND PRIX,Suzuka,Japan,,,Permanent,,,0.3595650439354726,0.44802929713473205,0.1924056589297953,3,False,Japanese Grand Prix,japanese_grand_prix,2018,2018-10-07,98.81828260869564,46,Closing,1.463000000000008,False,False,False,True
SIR,Williams,17,0 days 00:01:37.706000,0 days 00:00:35.279000,0 days 00:00:43.662000,0 days 00:00:18.765000,Medium,13,2,,,1,True,0 days 00:49:25.740000,97.706,35.279,43.662,18.765,2965.74,2993.166,28.2,50.1,1008.2,False,37.6,330,2.8,False,True,False,FORMULA 1 2018 HONDA JAPANESE GRAND PRIX,Suzuka,Japan,,,Permanent,,,0.36107301496325717,0.4468712259226659,0.19205575911407693,3,False,Japanese Grand Prix,japanese_grand_prix,2018,2018-10-07,100.64236363636363,33,Mid,3.7210000000000036,False,False,False,True
VAN,McLaren,17,0 days 00:01:37.774000,0 days 00:00:35.141000,0 days 00:00:43.829000,0 days 00:00:18.804000,Soft,16,1,,,1,True,0 days 00:49:27.885000,97.774,35.141,43.829,18.804,2967.885,2993.166,28.2,50.1,1008.2,False,37.6,330,2.8,False,True,False,FORMULA 1 2018 HONDA JAPANESE GRAND PRIX,Suzuka,Japan,,,Permanent,,,0.3594104772229836,0.4482684558267024,0.19232106695031398,3,False,Japanese Grand Prix,japanese_grand_prix,2018,2018-10-07,106.21077272727274,22,Opening,2.7510000000000048,False,False,False,True
STR,Williams,17,0 days 00:01:36.035000,0 days 00:00:34.313000,0 days 00:00:43.173000,0 days 00:00:18.549000,Medium,3,2,,,1,True,0 days 00:49:38.917000,96.035,34.313,43.173,18.549,2978.917,2993.166,28.2,50.1,1008.2,False,37.6,330,2.8,False,True,False,FORMULA 1 2018 HONDA JAPANESE GRAND PRIX,Suzuka,Japan,,,Permanent,,,0.35729681886812104,0.44955484979434585,0.1931483313375332,3,False,Japanese Grand Prix,japanese_grand_prix,2018,2018-10-07,98.17664,25,Mid,2.6809999999999974,False,False,False,True
HAM,Mercedes,18,0 days 00:01:34.784000,0 days 00:00:34.088000,0 days 00:00:42.432000,0 days 00:00:18.264000,Soft,19,1,,,1,True,0 days 00:50:14.496000,94.784,34.088,42.432,18.264,3014.496,2993.166,28.2,50.1,1008.2,False,37.6,330,2.8,False,True,False,FORMULA 1 2018 HONDA JAPANESE GRAND PRIX,Suzuka,Japan,,,Permanent,,,0.35963875759621877,0.4476704929101958,0.1926907494935854,3,False,Japanese Grand Prix,japanese_grand_prix,2018,2018-10-07,103.71631818181818,22,Opening,1.9990000000000094,False,False,False,True
BOT,Mercedes,18,0 days 00:01:35.248000,0 days 00:00:34.083000,0 days 00:00:42.798000,0 days 00:00:18.367000,Soft,20,1,,,1,True,0 days 00:50:18.818000,95.248,34.083,42.798,18.367,3018.818,2993.166,28.2,50.1,1008.2,False,37.6,330,2.8,False,True,False,FORMULA 1 2018 HONDA JAPANESE GRAND PRIX,Suzuka,Japan,,,Permanent,,,0.3578342852343356,0.4493322694439778,0.19283344532168653,3,False,Japanese Grand Prix,japanese_grand_prix,2018,2018-10-07,103.915,22,Opening,2.1380000000000052,False,False,False,True
VER,Red Bull Racing,18,0 days 00:01:35.482000,0 days 00:00:34.272000,0 days 00:00:42.827000,0 days 00:00:18.383000,SUPERSOFT,20,1,,,1,True,0 days 00:50:21.559000,95.482,34.272,42.827,18.383,3021.559,2993.166,28.2,50.1,1008.2,False,37.6,330,2.8,False,True,False,FORMULA 1 2018 HONDA JAPANESE GRAND PRIX,Suzuka,Japan,,,Permanent,,,0.3589367629500848,0.44853480237112753,0.1925284346787876,3,False,Japanese Grand Prix,japanese_grand_prix,2018,2018-10-07,104.9653,20,Opening,2.114999999999995,False,False,False,True
RIC,Red Bull Racing,18,0 days 00:01:34.891000,0 days 00:00:34.047000,0 days 00:00:42.543000,0 days 00:00:18.301000,Soft,17,1,,,1,True,0 days 00:50:31.077000,94.891,34.047,42.543,18.301,3031.077,3053.179,28.1,51.1,1008.2,False,37.4,308,2.3,False,True,False,FORMULA 1 2018 HONDA JAPANESE GRAND PRIX,Suzuka,Japan,,,Permanent,,,0.35880115079406893,0.44833545857879037,0.19286339062714059,3,False,Japanese Grand Prix,japanese_grand_prix,2018,2018-10-07,104.07522727272728,22,Opening,1.7040000000000077,False,False,False,True
GRO,Haas F1 Team,18,0 days 00:01:36.726000,0 days 00:00:34.605000,0 days 00:00:43.442000,0 days 00:00:18.679000,Soft,20,1,,,1,True,0 days 00:50:42.084000,96.726,34.605,43.442,18.679,3042.084,3053.179,28.1,51.1,1008.2,False,37.4,308,2.3,False,True,False,FORMULA 1 2018 HONDA JAPANESE GRAND PRIX,Suzuka,Japan,,,Permanent,,,0.3577631660566962,0.44912433058329715,0.1931125033600066,3,False,Japanese Grand Prix,japanese_grand_prix,2018,2018-10-07,103.54650000000001,28,Opening,1.9399999999999977,False,False,False,True
GAS,Toro Rosso,18,0 days 00:01:36.891000,0 days 00:00:34.681000,0 days 00:00:43.460000,0 days 00:00:18.750000,SUPERSOFT,20,1,,,1,True,0 days 00:50:43.673000,96.891,34.681,43.46,18.75,3043.673,3053.179,28.1,51.1,1008.2,False,37.4,308,2.3,False,True,False,FORMULA 1 2018 HONDA JAPANESE GRAND PRIX,Suzuka,Japan,,,Permanent,,,0.357938301803057,0.4485452725227317,0.1935164256742112,3,False,Japanese Grand Prix,japanese_grand_prix,2018,2018-10-07,103.81035714285714,28,Opening,2.7580000000000098,False,False,False,True
PER,Racing Point,18,0 days 00:01:36.804000,0 days 00:00:34.839000,0 days 00:00:43.432000,0 days 00:00:18.533000,SUPERSOFT,20,1,,,1,True,0 days 00:50:45.160000,96.804,34.839,43.432,18.533,3045.16,3053.179,28.1,51.1,1008.2,False,37.4,308,2.3,False,True,False,FORMULA 1 2018 HONDA JAPANESE GRAND PRIX,Suzuka,Japan,,,Permanent,,,0.3598921532168092,0.4486591463162679,0.19144870046692286,3,False,Japanese Grand Prix,japanese_grand_prix,2018,2018-10-07,105.15404347826087,23,Opening,2.7310000000000088,False,False,False,True
OCO,Racing Point,18,0 days 00:01:36.618000,0 days 00:00:34.885000,0 days 00:00:43.169000,0 days 00:00:18.564000,SUPERSOFT,20,1,,,1,True,0 days 00:50:46.714000,96.618,34.885,43.169,18.564,3046.714,3053.179,28.1,51.1,1008.2,False,37.4,308,2.3,False,True,False,FORMULA 1 2018 HONDA JAPANESE GRAND PRIX,Suzuka,Japan,,,Permanent,,,0.36106108592601793,0.4468008031629717,0.19213811091101038,3,False,Japanese Grand Prix,japanese_grand_prix,2018,2018-10-07,104.52807999999999,25,Opening,1.9479999999999933,False,False,False,True
RAI,Ferrari,18,0 days 00:01:53.751000,0 days 00:00:53.498000,0 days 00:00:42.249000,0 days 00:00:18.004000,Medium,1,2,,0 days 00:49:16.451000,1,False,0 days 00:50:48.611000,113.751,53.498,42.249,18.004,3048.611,3053.179,28.1,51.1,1008.2,False,37.4,308,2.3,False,True,False,FORMULA 1 2018 HONDA JAPANESE GRAND PRIX,Suzuka,Japan,,,Permanent,,,0.4703079533366739,0.3714165150196482,0.15827553164367786,3,False,Japanese Grand Prix,japanese_grand_prix,2018,2018-10-07,96.2568611111111,36,Closing,19.528000000000006,False,False,False,True
SAI,Renault,18,0 days 00:01:37.978000,0 days 00:00:34.982000,0 days 00:00:43.540000,0 days 00:00:19.456000,Soft,17,1,,,1,True,0 days 00:50:50.056000,97.978,34.982,43.54,19.456,3050.056,3053.179,28.1,51.1,1008.2,False,37.4,308,2.3,False,True,False,FORMULA 1 2018 HONDA JAPANESE GRAND PRIX,Suzuka,Japan,,,Permanent,,,0.3570393353609994,0.4443854742901468,0.19857519034885382,3,False,Japanese Grand Prix,japanese_grand_prix,2018,2018-10-07,103.1368387096774,31,Opening,3.7809999999999917,False,False,False,True
HAR,Toro Rosso,18,0 days 00:01:37.973000,0 days 00:00:35.242000,0 days 00:00:43.816000,0 days 00:00:18.915000,SUPERSOFT,20,1,,,1,True,0 days 00:50:53.412000,97.973,35.242,43.816,18.915,3053.412,3053.179,28.1,51.1,1008.2,False,37.4,308,2.3,False,True,False,FORMULA 1 2018 HONDA JAPANESE GRAND PRIX,Suzuka,Japan,,,Permanent,,,0.35971134904514507,0.44722525593786044,0.19306339501699446,3,False,Japanese Grand Prix,japanese_grand_prix,2018,2018-10-07,104.28374074074074,27,Opening,3.1159999999999997,False,False,False,True
ALO,McLaren,18,0 days 00:01:37.614000,0 days 00:00:35.349000,0 days 00:00:43.549000,0 days 00:00:18.716000,Soft,17,1,,,1,True,0 days 00:50:54.947000,97.614,35.349,43.549,18.716,3054.947,3053.179,28.1,51.1,1008.2,False,37.4,308,2.3,False,True,False,FORMULA 1 2018 HONDA JAPANESE GRAND PRIX,Suzuka,Japan,,,Permanent,,,0.36213043211014806,0.4461347757493802,0.19173479214047165,3,False,Japanese Grand Prix,japanese_grand_prix,2018,2018-10-07,104.87276,25,Opening,3.6710000000000065,False,False,False,True
VET,Ferrari,18,0 days 00:01:36.859000,0 days 00:00:34.804000,0 days 00:00:43.189000,0 days 00:00:18.866000,SUPERSOFT,20,1,,,1,True,0 days 00:50:55.440000,96.859,34.804,43.189,18.866,3055.44,3053.179,28.1,51.1,1008.2,False,37.4,308,2.3,False,True,False,FORMULA 1 2018 HONDA JAPANESE GRAND PRIX,Suzuka,Japan,,,Permanent,,,0.3593264435932645,0.44589558017324155,0.19477797623349405,3,False,Japanese Grand Prix,japanese_grand_prix,2018,2018-10-07,104.7858,25,Opening,4.540999999999997,False,False,False,True
HUL,Renault,18,0 days 00:01:37.640000,0 days 00:00:35.372000,0 days 00:00:43.548000,0 days 00:00:18.720000,Medium,17,1,,,1,True,0 days 00:50:58.200000,97.64,35.372,43.548,18.72,3058.2,3053.179,28.1,51.1,1008.2,False,37.4,308,2.3,False,True,False,FORMULA 1 2018 HONDA JAPANESE GRAND PRIX,Suzuka,Japan,,,Permanent,,,0.3622695616550594,0.446005735354363,0.19172470299057762,3,False,Japanese Grand Prix,japanese_grand_prix,2018,2018-10-07,104.04220689655173,29,Opening,2.706000000000003,False,False,False,True
LEC,Sauber,18,0 days 00:01:37.689000,0 days 00:00:35.360000,0 days 00:00:43.680000,0 days 00:00:18.649000,Medium,14,2,,,1,True,0 days 00:50:59.113000,97.689,35.36,43.68,18.649,3059.113,3053.179,28.1,51.1,1008.2,False,37.4,308,2.3,False,True,False,FORMULA 1 2018 HONDA JAPANESE GRAND PRIX,Suzuka,Japan,,,Permanent,,,0.3619650114137723,0.4471332493934834,0.19090173919274434,3,False,Japanese Grand Prix,japanese_grand_prix,2018,2018-10-07,100.60793333333332,30,Mid,3.1739999999999924,False,False,False,True
ERI,Sauber,18,0 days 00:01:37.710000,0 days 00:00:35.138000,0 days 00:00:43.786000,0 days 00:00:18.786000,Medium,13,2,,,1,True,0 days 00:51:00.949000,97.71,35.138,43.786,18.786,3060.949,3053.179,28.1,51.1,1008.2,False,37.4,308,2.3,False,True,False,FORMULA 1 2018 HONDA JAPANESE GRAND PRIX,Suzuka,Japan,,,Permanent,,,0.35961518780063456,0.4481219936546925,0.19226281854467303,3,False,Japanese Grand Prix,japanese_grand_prix,2018,2018-10-07,98.81828260869564,46,Closing,1.4159999999999968,False,False,False,True
SIR,Williams,18,0 days 00:01:37.645000,0 days 00:00:35.288000,0 days 00:00:43.499000,0 days 00:00:18.858000,Medium,14,2,,,1,True,0 days 00:51:03.385000,97.645,35.288,43.499,18.858,3063.385,3053.179,28.1,51.1,1008.2,False,37.4,308,2.3,False,True,False,FORMULA 1 2018 HONDA JAPANESE GRAND PRIX,Suzuka,Japan,,,Permanent,,,0.3613907522146551,0.44548107942034926,0.19312816836499566,3,False,Japanese Grand Prix,japanese_grand_prix,2018,2018-10-07,100.64236363636363,33,Mid,3.6599999999999966,False,False,False,True
VAN,McLaren,18,0 days 00:01:37.537000,0 days 00:00:35.067000,0 days 00:00:43.699000,0 days 00:00:18.771000,Soft,17,1,,,1,True,0 days 00:51:05.422000,97.537,35.067,43.699,18.771,3065.422,3053.179,28.1,51.1,1008.2,False,37.4,308,2.3,False,True,False,FORMULA 1 2018 HONDA JAPANESE GRAND PRIX,Suzuka,Japan,,,Permanent,,,0.3595251032941345,0.44802485210740534,0.19245004459846007,3,False,Japanese Grand Prix,japanese_grand_prix,2018,2018-10-07,106.21077272727274,22,Opening,2.51400000000001,False,False,False,True
STR,Williams,18,0 days 00:01:36.426000,0 days 00:00:34.637000,0 days 00:00:43.091000,0 days 00:00:18.698000,Medium,4,2,,,1,True,0 days 00:51:15.343000,96.426,34.637,43.091,18.698,3075.343,3053.179,28.1,51.1,1008.2,False,37.4,308,2.3,False,True,False,FORMULA 1 2018 HONDA JAPANESE GRAND PRIX,Suzuka,Japan,,,Permanent,,,0.35920809740111587,0.44688154647086886,0.19391035612801527,3,False,Japanese Grand Prix,japanese_grand_prix,2018,2018-10-07,98.17664,25,Mid,3.0720000000000027,False,False,False,True
HAM,Mercedes,19,0 days 00:01:34.772000,0 days 00:00:33.973000,0 days 00:00:42.564000,0 days 00:00:18.235000,Soft,20,1,,,1,True,0 days 00:51:49.268000,94.772,33.973,42.564,18.235,3109.268,3113.194,28.1,51.4,1008.2,False,37.5,265,1.8,False,True,False,FORMULA 1 2018 HONDA JAPANESE GRAND PRIX,Suzuka,Japan,,,Permanent,,,0.35847085637108006,0.44911999324695057,0.19240915038196935,3,False,Japanese Grand Prix,japanese_grand_prix,2018,2018-10-07,103.71631818181818,22,Opening,1.987000000000009,False,False,False,True
BOT,Mercedes,19,0 days 00:01:34.538000,0 days 00:00:33.819000,0 days 00:00:42.588000,0 days 00:00:18.131000,Soft,21,1,,,1,True,0 days 00:51:53.356000,94.538,33.819,42.588,18.131,3113.356,3113.194,28.1,51.4,1008.2,False,37.5,265,1.8,False,True,False,FORMULA 1 2018 HONDA JAPANESE GRAND PRIX,Suzuka,Japan,,,Permanent,,,0.3577291671074066,0.4504855190505406,0.19178531384205294,3,False,Japanese Grand Prix,japanese_grand_prix,2018,2018-10-07,103.915,22,Opening,1.4279999999999973,False,False,False,True
VER,Red Bull Racing,19,0 days 00:01:35.387000,0 days 00:00:34.215000,0 days 00:00:42.804000,0 days 00:00:18.368000,SUPERSOFT,21,1,,,1,True,0 days 00:51:56.946000,95.387,34.215,42.804,18.368,3116.946,3113.194,28.1,51.4,1008.2,False,37.5,265,1.8,False,True,False,FORMULA 1 2018 HONDA JAPANESE GRAND PRIX,Suzuka,Japan,,,Permanent,,,0.35869667774434677,0.448740394393366,0.1925629278622873,3,False,Japanese Grand Prix,japanese_grand_prix,2018,2018-10-07,104.9653,20,Opening,2.019999999999996,False,False,False,True
RIC,Red Bull Racing,19,0 days 00:01:34.448000,0 days 00:00:33.835000,0 days 00:00:42.345000,0 days 00:00:18.268000,Soft,18,1,,,1,True,0 days 00:52:05.525000,94.448,33.835,42.345,18.268,3125.525,3113.194,28.1,51.4,1008.2,False,37.5,265,1.8,False,True,False,FORMULA 1 2018 HONDA JAPANESE GRAND PRIX,Suzuka,Japan,,,Permanent,,,0.3582394545146536,0.4483419447738438,0.19341860071150266,3,False,Japanese Grand Prix,japanese_grand_prix,2018,2018-10-07,104.07522727272728,22,Opening,1.2609999999999957,False,False,False,True
GRO,Haas F1 Team,19,0 days 00:01:36.916000,0 days 00:00:34.632000,0 days 00:00:43.506000,0 days 00:00:18.778000,Soft,21,1,,,1,True,0 days 00:52:19,96.916,34.632,43.506,18.778,3139.0,3113.194,28.1,51.4,1008.2,False,37.5,265,1.8,False,True,False,FORMULA 1 2018 HONDA JAPANESE GRAND PRIX,Suzuka,Japan,,,Permanent,,,0.3573403772338933,0.44890420570390854,0.19375541706219818,3,False,Japanese Grand Prix,japanese_grand_prix,2018,2018-10-07,103.54650000000001,28,Opening,2.1299999999999955,False,False,False,True
GAS,Toro Rosso,19,0 days 00:01:36.940000,0 days 00:00:34.615000,0 days 00:00:43.539000,0 days 00:00:18.786000,SUPERSOFT,21,1,,,1,True,0 days 00:52:20.613000,96.94,34.615,43.539,18.786,3140.613,3113.194,28.1,51.4,1008.2,False,37.5,265,1.8,False,True,False,FORMULA 1 2018 HONDA JAPANESE GRAND PRIX,Suzuka,Japan,,,Permanent,,,0.357076542191046,0.44913348462966785,0.19378997317928617,3,False,Japanese Grand Prix,japanese_grand_prix,2018,2018-10-07,103.81035714285714,28,Opening,2.807000000000002,False,False,False,True
PER,Racing Point,19,0 days 00:01:36.480000,0 days 00:00:34.680000,0 days 00:00:43.170000,0 days 00:00:18.630000,SUPERSOFT,21,1,,,1,True,0 days 00:52:21.640000,96.48,34.68,43.17,18.63,3141.64,3113.194,28.1,51.4,1008.2,False,37.5,265,1.8,False,True,False,FORMULA 1 2018 HONDA JAPANESE GRAND PRIX,Suzuka,Japan,,,Permanent,,,0.35945273631840796,0.4474502487562189,0.19309701492537312,3,False,Japanese Grand Prix,japanese_grand_prix,2018,2018-10-07,105.15404347826087,23,Opening,2.4070000000000107,False,False,False,True
OCO,Racing Point,19,0 days 00:01:36.574000,0 days 00:00:34.827000,0 days 00:00:43.118000,0 days 00:00:18.629000,SUPERSOFT,21,1,,,1,True,0 days 00:52:23.288000,96.574,34.827,43.118,18.629,3143.288,3173.209,28.1,51.1,1008.2,False,37.5,301,1.6,False,True,False,FORMULA 1 2018 HONDA JAPANESE GRAND PRIX,Suzuka,Japan,,,Permanent,,,0.36062501294344235,0.4464762772588896,0.19289870979766813,3,False,Japanese Grand Prix,japanese_grand_prix,2018,2018-10-07,104.52807999999999,25,Opening,1.9039999999999964,False,False,False,True
RAI,Ferrari,19,0 days 00:01:34.991000,0 days 00:00:33.877000,0 days 00:00:42.424000,0 days 00:00:18.690000,Medium,2,2,,,1,True,0 days 00:52:23.602000,94.991,33.877,42.424,18.69,3143.602,3173.209,28.1,51.1,1008.2,False,37.5,301,1.6,False,True,False,FORMULA 1 2018 HONDA JAPANESE GRAND PRIX,Suzuka,Japan,,,Permanent,,,0.3566337863587077,0.4466107315429883,0.19675548209830407,3,False,Japanese Grand Prix,japanese_grand_prix,2018,2018-10-07,96.2568611111111,36,Closing,0.7680000000000007,False,False,False,True
SAI,Renault,19,0 days 00:01:36.810000,0 days 00:00:34.727000,0 days 00:00:43.531000,0 days 00:00:18.552000,Soft,18,1,,,1,True,0 days 00:52:26.866000,96.81,34.727,43.531,18.552,3146.866,3173.209,28.1,51.1,1008.2,False,37.5,301,1.6,False,True,False,FORMULA 1 2018 HONDA JAPANESE GRAND PRIX,Suzuka,Japan,,,Permanent,,,0.35871294287780187,0.4496539613676273,0.1916330957545708,3,False,Japanese Grand Prix,japanese_grand_prix,2018,2018-10-07,103.1368387096774,31,Opening,2.6129999999999995,False,False,False,True
HAR,Toro Rosso,19,0 days 00:01:37.274000,0 days 00:00:34.719000,0 days 00:00:43.580000,0 days 00:00:18.975000,SUPERSOFT,21,1,,,1,True,0 days 00:52:30.686000,97.274,34.719,43.58,18.975,3150.686,3173.209,28.1,51.1,1008.2,False,37.5,301,1.6,False,True,False,FORMULA 1 2018 HONDA JAPANESE GRAND PRIX,Suzuka,Japan,,,Permanent,,,0.3569196290889652,0.4480128297386763,0.1950675411723585,3,False,Japanese Grand Prix,japanese_grand_prix,2018,2018-10-07,104.28374074074074,27,Opening,2.4170000000000016,False,False,False,True
VET,Ferrari,19,0 days 00:01:36.250000,0 days 00:00:34.326000,0 days 00:00:43.017000,0 days 00:00:18.907000,SUPERSOFT,21,1,,,1,True,0 days 00:52:31.690000,96.25,34.326,43.017,18.907,3151.69,3173.209,28.1,51.1,1008.2,False,37.5,301,1.6,False,True,False,FORMULA 1 2018 HONDA JAPANESE GRAND PRIX,Suzuka,Japan,,,Permanent,,,0.35663376623376625,0.4469298701298702,0.19643636363636363,3,False,Japanese Grand Prix,japanese_grand_prix,2018,2018-10-07,104.7858,25,Opening,3.932000000000002,False,False,False,True
ALO,McLaren,19,0 days 00:01:38.312000,0 days 00:00:36.148000,0 days 00:00:43.589000,0 days 00:00:18.575000,Soft,18,1,,,1,True,0 days 00:52:33.259000,98.312,36.148,43.589,18.575,3153.259,3173.209,28.1,51.1,1008.2,False,37.5,301,1.6,False,True,False,FORMULA 1 2018 HONDA JAPANESE GRAND PRIX,Suzuka,Japan,,,Permanent,,,0.3676865489462121,0.4433741557490439,0.18893929530474407,3,False,Japanese Grand Prix,japanese_grand_prix,2018,2018-10-07,104.87276,25,Opening,4.369,False,False,False,True
HUL,Renault,19,0 days 00:01:37.307000,0 days 00:00:35.208000,0 days 00:00:43.515000,0 days 00:00:18.584000,Medium,18,1,,,1,True,0 days 00:52:35.507000,97.307,35.208,43.515,18.584,3155.507,3173.209,28.1,51.1,1008.2,False,37.5,301,1.6,False,True,False,FORMULA 1 2018 HONDA JAPANESE GRAND PRIX,Suzuka,Japan,,,Permanent,,,0.3618239181148324,0.4471929049297584,0.19098317695540917,3,False,Japanese Grand Prix,japanese_grand_prix,2018,2018-10-07,104.04220689655173,29,Opening,2.3730000000000047,False,False,False,True
LEC,Sauber,19,0 days 00:01:37.220000,0 days 00:00:35.134000,0 days 00:00:43.364000,0 days 00:00:18.722000,Medium,15,2,,,1,True,0 days 00:52:36.333000,97.22,35.134,43.364,18.722,3156.333,3173.209,28.1,51.1,1008.2,False,37.5,301,1.6,False,True,False,FORMULA 1 2018 HONDA JAPANESE GRAND PRIX,Suzuka,Japan,,,Permanent,,,0.3613865459781938,0.4460399094836453,0.1925735445381609,3,False,Japanese Grand Prix,japanese_grand_prix,2018,2018-10-07,100.60793333333332,30,Mid,2.7049999999999983,False,False,False,True
ERI,Sauber,19,0 days 00:01:37.510000,0 days 00:00:34.957000,0 days 00:00:43.899000,0 days 00:00:18.654000,Medium,14,2,,,1,True,0 days 00:52:38.459000,97.51,34.957,43.899,18.654,3158.459,3173.209,28.1,51.1,1008.2,False,37.5,301,1.6,False,True,False,FORMULA 1 2018 HONDA JAPANESE GRAND PRIX,Suzuka,Japan,,,Permanent,,,0.35849656445492767,0.45019997948928314,0.19130345605578913,3,False,Japanese Grand Prix,japanese_grand_prix,2018,2018-10-07,98.81828260869564,46,Closing,1.2160000000000082,False,False,False,True
SIR,Williams,19,0 days 00:01:37.517000,0 days 00:00:35.392000,0 days 00:00:43.422000,0 days 00:00:18.703000,Medium,15,2,,,1,True,0 days 00:52:40.902000,97.517,35.392,43.422,18.703,3160.902,3173.209,28.1,51.1,1008.2,False,37.5,301,1.6,False,True,False,FORMULA 1 2018 HONDA JAPANESE GRAND PRIX,Suzuka,Japan,,,Permanent,,,0.3629315914148303,0.44527620825086905,0.1917922003343007,3,False,Japanese Grand Prix,japanese_grand_prix,2018,2018-10-07,100.64236363636363,33,Mid,3.5319999999999965,False,False,False,True
VAN,McLaren,19,0 days 00:01:37.460000,0 days 00:00:35.126000,0 days 00:00:43.706000,0 days 00:00:18.628000,Soft,18,1,,,1,True,0 days 00:52:42.882000,97.46,35.126,43.706,18.628,3162.882,3173.209,28.1,51.1,1008.2,False,37.5,301,1.6,False,True,False,FORMULA 1 2018 HONDA JAPANESE GRAND PRIX,Suzuka,Japan,,,Permanent,,,0.3604145290375539,0.44845064641904375,0.19113482454340244,3,False,Japanese Grand Prix,japanese_grand_prix,2018,2018-10-07,106.21077272727274,22,Opening,2.4369999999999976,False,False,False,True
STR,Williams,19,0 days 00:01:36.565000,0 days 00:00:34.572000,0 days 00:00:43.273000,0 days 00:00:18.720000,Medium,5,2,,,1,True,0 days 00:52:51.908000,96.565,34.572,43.273,18.72,3171.908,3173.209,28.1,51.1,1008.2,False,37.5,301,1.6,False,True,False,FORMULA 1 2018 HONDA JAPANESE GRAND PRIX,Suzuka,Japan,,,Permanent,,,0.35801791539377625,0.448123025941076,0.19385905866514783,3,False,Japanese Grand Prix,japanese_grand_prix,2018,2018-10-07,98.17664,25,Mid,3.2109999999999985,False,False,False,True
HAM,Mercedes,20,0 days 00:01:34.336000,0 days 00:00:33.854000,0 days 00:00:42.320000,0 days 00:00:18.162000,Soft,21,1,,,1,True,0 days 00:53:23.604000,94.336,33.854,42.32,18.162,3203.604,3233.222,28.2,50.8,1008.2,False,37.5,297,1.1,False,True,False,FORMULA 1 2018 HONDA JAPANESE GRAND PRIX,Suzuka,Japan,,,Permanent,,,0.35886618046132973,0.44860922659430125,0.19252459294436905,3,False,Japanese Grand Prix,japanese_grand_prix,2018,2018-10-07,103.71631818181818,22,Opening,1.551000000000002,False,False,False,True
BOT,Mercedes,20,0 days 00:01:34.814000,0 days 00:00:33.865000,0 days 00:00:42.685000,0 days 00:00:18.264000,Soft,22,1,,,1,True,0 days 00:53:28.170000,94.814,33.865,42.685,18.264,3208.17,3233.222,28.2,50.8,1008.2,False,37.5,297,1.1,False,True,False,FORMULA 1 2018 HONDA JAPANESE GRAND PRIX,Suzuka,Japan,,,Permanent,,,0.3571729913303943,0.4501972282574304,0.19262978041217543,3,False,Japanese Grand Prix,japanese_grand_prix,2018,2018-10-07,103.915,22,Opening,1.7039999999999935,False,False,False,True
VER,Red Bull Racing,20,0 days 00:01:35.383000,0 days 00:00:34.154000,0 days 00:00:42.825000,0 days 00:00:18.404000,SUPERSOFT,22,1,,,1,True,0 days 00:53:32.329000,95.383,34.154,42.825,18.404,3212.329,3233.222,28.2,50.8,1008.2,False,37.5,297,1.1,False,True,False,FORMULA 1 2018 HONDA JAPANESE GRAND PRIX,Suzuka,Japan,,,Permanent,,,0.35807219315811,0.44897937787656084,0.19294842896532927,3,False,Japanese Grand Prix,japanese_grand_prix,2018,2018-10-07,104.9653,20,Opening,2.015999999999991,False,False,False,True
RIC,Red Bull Racing,20,0 days 00:01:34.506000,0 days 00:00:33.766000,0 days 00:00:42.386000,0 days 00:00:18.354000,Soft,19,1,,,1,True,0 days 00:53:40.031000,94.506,33.766,42.386,18.354,3220.031,3233.222,28.2,50.8,1008.2,False,37.5,297,1.1,False,True,False,FORMULA 1 2018 HONDA JAPANESE GRAND PRIX,Suzuka,Japan,,,Permanent,,,0.35728948426554924,0.44850062429898635,0.1942098914354644,3,False,Japanese Grand Prix,japanese_grand_prix,2018,2018-10-07,104.07522727272728,22,Opening,1.3190000000000026,False,False,False,True
GRO,Haas F1 Team,20,0 days 00:01:36.634000,0 days 00:00:34.537000,0 days 00:00:43.369000,0 days 00:00:18.728000,Soft,22,1,,,1,True,0 days 00:53:55.634000,96.634,34.537,43.369,18.728,3235.634,3233.222,28.2,50.8,1008.2,False,37.5,297,1.1,False,True,False,FORMULA 1 2018 HONDA JAPANESE GRAND PRIX,Suzuka,Japan,,,Permanent,,,0.3574000869259267,0.44879648984829357,0.19380342322577976,3,False,Japanese Grand Prix,japanese_grand_prix,2018,2018-10-07,103.54650000000001,28,Opening,1.847999999999999,False,False,False,True
GAS,Toro Rosso,20,0 days 00:01:37.188000,0 days 00:00:34.702000,0 days 00:00:43.580000,0 days 00:00:18.906000,SUPERSOFT,22,1,,,1,True,0 days 00:53:57.801000,97.188,34.702,43.58,18.906,3237.801,3233.222,28.2,50.8,1008.2,False,37.5,297,1.1,False,True,False,FORMULA 1 2018 HONDA JAPANESE GRAND PRIX,Suzuka,Japan,,,Permanent,,,0.35706054245380087,0.4484092686339877,0.19453018891221135,3,False,Japanese Grand Prix,japanese_grand_prix,2018,2018-10-07,103.81035714285714,28,Opening,3.055000000000007,False,False,False,True
PER,Racing Point,20,0 days 00:01:37.064000,0 days 00:00:34.893000,0 days 00:00:43.495000,0 days 00:00:18.676000,SUPERSOFT,22,1,,,1,True,0 days 00:53:58.704000,97.064,34.893,43.495,18.676,3238.704,3233.222,28.2,50.8,1008.2,False,37.5,297,1.1,False,True,False,FORMULA 1 2018 HONDA JAPANESE GRAND PRIX,Suzuka,Japan,,,Permanent,,,0.35948446385889726,0.4481064040220885,0.19240913211901425,3,False,Japanese Grand Prix,japanese_grand_prix,2018,2018-10-07,105.15404347826087,23,Opening,2.9909999999999997,False,False,False,True
RAI,Ferrari,20,0 days 00:01:35.419000,0 days 00:00:33.887000,0 days 00:00:42.811000,0 days 00:00:18.721000,Medium,3,2,,,1,True,0 days 00:53:59.021000,95.419,33.887,42.811,18.721,3239.021,3233.222,28.2,50.8,1008.2,False,37.5,297,1.1,False,True,False,FORMULA 1 2018 HONDA JAPANESE GRAND PRIX,Suzuka,Japan,,,Permanent,,,0.3551389136335531,0.44866326412978547,0.19619782223666146,3,False,Japanese Grand Prix,japanese_grand_prix,2018,2018-10-07,96.2568611111111,36,Closing,1.195999999999998,False,False,False,True
OCO,Racing Point,20,0 days 00:01:37.825000,0 days 00:00:35.595000,0 days 00:00:43.576000,0 days 00:00:18.654000,SUPERSOFT,22,1,,,1,True,0 days 00:54:01.113000,97.825,35.595,43.576,18.654,3241.113,3233.222,28.2,50.8,1008.2,False,37.5,297,1.1,False,True,False,FORMULA 1 2018 HONDA JAPANESE GRAND PRIX,Suzuka,Japan,,,Permanent,,,0.36386404293381036,0.44544850498338867,0.1906874520828009,3,False,Japanese Grand Prix,japanese_grand_prix,2018,2018-10-07,104.52807999999999,25,Opening,3.155000000000001,False,False,False,True
SAI,Renault,20,0 days 00:01:37.130000,0 days 00:00:34.863000,0 days 00:00:43.536000,0 days 00:00:18.731000,Soft,19,1,,,1,True,0 days 00:54:03.996000,97.13,34.863,43.536,18.731,3243.996,3233.222,28.2,50.8,1008.2,False,37.5,297,1.1,False,True,False,FORMULA 1 2018 HONDA JAPANESE GRAND PRIX,Suzuka,Japan,,,Permanent,,,0.3589313291465047,0.44822402965098324,0.19284464120251213,3,False,Japanese Grand Prix,japanese_grand_prix,2018,2018-10-07,103.1368387096774,31,Opening,2.9329999999999927,False,False,False,True
HAR,Toro Rosso,20,0 days 00:01:37.131000,0 days 00:00:34.802000,0 days 00:00:43.495000,0 days 00:00:18.834000,SUPERSOFT,22,1,,,1,True,0 days 00:54:07.817000,97.131,34.802,43.495,18.834,3247.817,3233.222,28.2,50.8,1008.2,False,37.5,297,1.1,False,True,False,FORMULA 1 2018 HONDA JAPANESE GRAND PRIX,Suzuka,Japan,,,Permanent,,,0.35829961598253907,0.4477973046710113,0.19390307934644962,3,False,Japanese Grand Prix,japanese_grand_prix,2018,2018-10-07,104.28374074074074,27,Opening,2.274000000000001,False,False,False,True
VET,Ferrari,20,0 days 00:01:36.705000,0 days 00:00:34.832000,0 days 00:00:43.133000,0 days 00:00:18.740000,SUPERSOFT,22,1,,,1,True,0 days 00:54:08.395000,96.705,34.832,43.133,18.74,3248.395,3233.222,28.2,50.8,1008.2,False,37.5,297,1.1,False,True,False,FORMULA 1 2018 HONDA JAPANESE GRAND PRIX,Suzuka,Japan,,,Permanent,,,0.3601882012305465,0.44602657566826953,0.193785223101184,3,False,Japanese Grand Prix,japanese_grand_prix,2018,2018-10-07,104.7858,25,Opening,4.3870000000000005,False,False,False,True
ALO,McLaren,20,0 days 00:01:37.474000,0 days 00:00:35.351000,0 days 00:00:43.442000,0 days 00:00:18.681000,Soft,19,1,,,1,True,0 days 00:54:10.733000,97.474,35.351,43.442,18.681,3250.733,3233.222,28.2,50.8,1008.2,False,37.5,297,1.1,False,True,False,FORMULA 1 2018 HONDA JAPANESE GRAND PRIX,Suzuka,Japan,,,Permanent,,,0.3626710712600283,0.44567782177811516,0.1916511069618565,3,False,Japanese Grand Prix,japanese_grand_prix,2018,2018-10-07,104.87276,25,Opening,3.531000000000006,False,False,False,True
HUL,Renault,20,0 days 00:01:37.476000,0 days 00:00:35.311000,0 days 00:00:43.556000,0 days 00:00:18.609000,Medium,19,1,,,1,True,0 days 00:54:12.983000,97.476,35.311,43.556,18.609,3252.983,3233.222,28.2,50.8,1008.2,False,37.5,297,1.1,False,True,False,FORMULA 1 2018 HONDA JAPANESE GRAND PRIX,Suzuka,Japan,,,Permanent,,,0.362253272600435,0.4468381960687759,0.19090853133078914,3,False,Japanese Grand Prix,japanese_grand_prix,2018,2018-10-07,104.04220689655173,29,Opening,2.5420000000000016,False,False,False,True
LEC,Sauber,20,0 days 00:01:37.649000,0 days 00:00:35.304000,0 days 00:00:43.649000,0 days 00:00:18.696000,Medium,16,2,,,1,True,0 days 00:54:13.982000,97.649,35.304,43.649,18.696,3253.982,3233.222,28.2,50.8,1008.2,False,37.5,297,1.1,False,True,False,FORMULA 1 2018 HONDA JAPANESE GRAND PRIX,Suzuka,Japan,,,Permanent,,,0.36153980071480507,0.44699894520169176,0.19146125408350317,3,False,Japanese Grand Prix,japanese_grand_prix,2018,2018-10-07,100.60793333333332,30,Mid,3.1340000000000003,False,False,False,True
ERI,Sauber,20,0 days 00:01:37.523000,0 days 00:00:35.039000,0 days 00:00:43.692000,0 days 00:00:18.792000,Medium,15,2,,,1,True,0 days 00:54:15.982000,97.523,35.039,43.692,18.792,3255.982,3233.222,28.2,50.8,1008.2,False,37.5,297,1.1,False,True,False,FORMULA 1 2018 HONDA JAPANESE GRAND PRIX,Suzuka,Japan,,,Permanent,,,0.3592896034781539,0.448017390769357,0.19269300575248918,3,False,Japanese Grand Prix,japanese_grand_prix,2018,2018-10-07,98.81828260869564,46,Closing,1.2289999999999992,False,False,False,True
SIR,Williams,20,0 days 00:01:37.371000,0 days 00:00:35.444000,0 days 00:00:43.297000,0 days 00:00:18.630000,Medium,16,2,,,1,True,0 days 00:54:18.273000,97.371,35.444,43.297,18.63,3258.273,3233.222,28.2,50.8,1008.2,False,37.5,297,1.1,False,True,False,FORMULA 1 2018 HONDA JAPANESE GRAND PRIX,Suzuka,Japan,,,Permanent,,,0.36400981811833094,0.4446601144077805,0.19133006747388853,3,False,Japanese Grand Prix,japanese_grand_prix,2018,2018-10-07,100.64236363636363,33,Mid,3.3859999999999957,False,False,False,True
VAN,McLaren,20,0 days 00:01:37.763000,0 days 00:00:35.249000,0 days 00:00:43.746000,0 days 00:00:18.768000,Soft,19,1,,,1,True,0 days 00:54:20.645000,97.763,35.249,43.746,18.768,3260.645,3233.222,28.2,50.8,1008.2,False,37.5,297,1.1,False,True,False,FORMULA 1 2018 HONDA JAPANESE GRAND PRIX,Suzuka,Japan,,,Permanent,,,0.36055562943035707,0.44746990170105255,0.19197446886859038,3,False,Japanese Grand Prix,japanese_grand_prix,2018,2018-10-07,106.21077272727274,22,Opening,2.740000000000009,False,False,False,True
STR,Williams,20,0 days 00:01:37.078000,0 days 00:00:34.892000,0 days 00:00:43.453000,0 days 00:00:18.733000,Medium,6,2,,,1,True,0 days 00:54:28.986000,97.078,34.892,43.453,18.733,3268.986,3293.235,28.2,50.4,1008.2,False,37.4,326,0.8,False,True,False,FORMULA 1 2018 HONDA JAPANESE GRAND PRIX,Suzuka,Japan,,,Permanent,,,0.35942232019613096,0.44760913904283156,0.1929685407610375,3,False,Japanese Grand Prix,japanese_grand_prix,2018,2018-10-07,98.17664,25,Mid,3.7240000000000038,False,False,False,True
HAM,Mercedes,21,0 days 00:01:34.358000,0 days 00:00:33.845000,0 days 00:00:42.329000,0 days 00:00:18.184000,Soft,22,1,,,1,True,0 days 00:54:57.962000,94.358,33.845,42.329,18.184,3297.962,3293.235,28.2,50.4,1008.2,False,37.4,326,0.8,False,True,False,FORMULA 1 2018 HONDA JAPANESE GRAND PRIX,Suzuka,Japan,,,Permanent,,,0.35868712774751477,0.4486000127175226,0.1927128595349626,3,False,Japanese Grand Prix,japanese_grand_prix,2018,2018-10-07,103.71631818181818,22,Opening,1.5730000000000075,False,False,False,True
BOT,Mercedes,21,0 days 00:01:34.320000,0 days 00:00:33.673000,0 days 00:00:42.504000,0 days 00:00:18.143000,Soft,23,1,,,1,True,0 days 00:55:02.490000,94.32,33.673,42.504,18.143,3302.49,3293.235,28.2,50.4,1008.2,False,37.4,326,0.8,False,True,False,FORMULA 1 2018 HONDA JAPANESE GRAND PRIX,Suzuka,Japan,,,Permanent,,,0.35700805767599664,0.45063613231552163,0.1923558100084818,3,False,Japanese Grand Prix,japanese_grand_prix,2018,2018-10-07,103.915,22,Opening,1.2099999999999937,False,False,False,True
VER,Red Bull Racing,21,0 days 00:01:37.461000,0 days 00:00:34.225000,0 days 00:00:42.808000,0 days 00:00:20.428000,SUPERSOFT,23,1,0 days 00:55:08.521000,,1,False,0 days 00:55:09.790000,97.461,34.225,42.808,20.428,3309.79,3293.235,28.2,50.4,1008.2,False,37.4,326,0.8,False,True,False,FORMULA 1 2018 HONDA JAPANESE GRAND PRIX,Suzuka,Japan,,,Permanent,21.0,,0.3511661074686285,0.4392321030976493,0.2096017894337222,3,False,Japanese Grand Prix,japanese_grand_prix,2018,2018-10-07,104.9653,20,Opening,4.093999999999994,False,False,False,True
RIC,Red Bull Racing,21,0 days 00:01:34.517000,0 days 00:00:33.839000,0 days 00:00:42.431000,0 days 00:00:18.247000,Soft,20,1,,,1,True,0 days 00:55:14.548000,94.517,33.839,42.431,18.247,3314.548,3293.235,28.2,50.4,1008.2,False,37.4,326,0.8,False,True,False,FORMULA 1 2018 HONDA JAPANESE GRAND PRIX,Suzuka,Japan,,,Permanent,,,0.3580202503253383,0.4489245320947554,0.19305521757990626,3,False,Japanese Grand Prix,japanese_grand_prix,2018,2018-10-07,104.07522727272728,22,Opening,1.3299999999999983,False,False,False,True
GRO,Haas F1 Team,21,0 days 00:01:36.766000,0 days 00:00:34.713000,0 days 00:00:43.291000,0 days 00:00:18.762000,Soft,23,1,,,1,True,0 days 00:55:32.400000,96.766,34.713,43.291,18.762,3332.4,3353.248,28.3,50.2,1008.2,False,37.3,326,2.0,False,True,False,FORMULA 1 2018 HONDA JAPANESE GRAND PRIX,Suzuka,Japan,,,Permanent,,,0.3587313725895459,0.44737821135522804,0.193890416055226,3,False,Japanese Grand Prix,japanese_grand_prix,2018,2018-10-07,103.54650000000001,28,Opening,1.980000000000004,False,False,False,True
GAS,Toro Rosso,21,0 days 00:01:37.800000,0 days 00:00:35.002000,0 days 00:00:43.820000,0 days 00:00:18.978000,SUPERSOFT,23,1,,,1,True,0 days 00:55:35.601000,97.8,35.002,43.82,18.978,3335.601,3353.248,28.3,50.2,1008.2,False,37.3,326,2.0,False,True,False,FORMULA 1 2018 HONDA JAPANESE GRAND PRIX,Suzuka,Japan,,,Permanent,,,0.35789366053169736,0.4480572597137015,0.19404907975460126,3,False,Japanese Grand Prix,japanese_grand_prix,2018,2018-10-07,103.81035714285714,28,Opening,3.6670000000000016,False,False,False,True
RAI,Ferrari,21,0 days 00:01:36.707000,0 days 00:00:34.341000,0 days 00:00:43.549000,0 days 00:00:18.817000,Medium,4,2,,,1,True,0 days 00:55:35.728000,96.707,34.341,43.549,18.817,3335.728,3353.248,28.3,50.2,1008.2,False,37.3,326,2.0,False,True,False,FORMULA 1 2018 HONDA JAPANESE GRAND PRIX,Suzuka,Japan,,,Permanent,,,0.3551035602386591,0.45031900482901965,0.19457743493232135,3,False,Japanese Grand Prix,japanese_grand_prix,2018,2018-10-07,96.2568611111111,36,Closing,2.4839999999999947,False,False,False,True
PER,Racing Point,21,0 days 00:01:38.615000,0 days 00:00:35.965000,0 days 00:00:43.609000,0 days 00:00:19.041000,SUPERSOFT,23,1,,,1,True,0 days 00:55:37.319000,98.615,35.965,43.609,19.041,3337.319,3353.248,28.3,50.2,1008.2,False,37.3,326,2.0,False,True,False,FORMULA 1 2018 HONDA JAPANESE GRAND PRIX,Suzuka,Japan,,,Permanent,,,0.3647011103787457,0.4422146732241546,0.19308421639709986,3,False,Japanese Grand Prix,japanese_grand_prix,2018,2018-10-07,105.15404347826087,23,Opening,4.542000000000002,False,False,False,True
OCO,Racing Point,21,0 days 00:01:37.182000,0 days 00:00:34.963000,0 days 00:00:43.478000,0 days 00:00:18.741000,SUPERSOFT,23,1,,,1,True,0 days 00:55:38.295000,97.182,34.963,43.478,18.741,3338.295,3353.248,28.3,50.2,1008.2,False,37.3,326,2.0,False,True,False,FORMULA 1 2018 HONDA JAPANESE GRAND PRIX,Suzuka,Japan,,,Permanent,,,0.35976826984420984,0.447387376263094,0.19284435389269616,3,False,Japanese Grand Prix,japanese_grand_prix,2018,2018-10-07,104.52807999999999,25,Opening,2.5120000000000005,False,False,False,True
SAI,Renault,21,0 days 00:01:36.982000,0 days 00:00:34.835000,0 days 00:00:43.503000,0 days 00:00:18.644000,Soft,20,1,,,1,True,0 days 00:55:40.978000,96.982,34.835,43.503,18.644,3340.978,3353.248,28.3,50.2,1008.2,False,37.3,326,2.0,False,True,False,FORMULA 1 2018 HONDA JAPANESE GRAND PRIX,Suzuka,Japan,,,Permanent,,,0.35919036522241243,0.4485677754634881,0.1922418593140995,3,False,Japanese Grand Prix,japanese_grand_prix,2018,2018-10-07,103.1368387096774,31,Opening,2.7849999999999966,False,False,False,True
VET,Ferrari,21,0 days 00:01:35.284000,0 days 00:00:34.002000,0 days 00:00:42.842000,0 days 00:00:18.440000,SUPERSOFT,23,1,,,1,True,0 days 00:55:43.679000,95.284,34.002,42.842,18.44,3343.679,3353.248,28.3,50.2,1008.2,False,37.3,326,2.0,False,True,False,FORMULA 1 2018 HONDA JAPANESE GRAND PRIX,Suzuka,Japan,,,Permanent,,,0.3568489987825868,0.4496242810965114,0.19352672012090172,3,False,Japanese Grand Prix,japanese_grand_prix,2018,2018-10-07,104.7858,25,Opening,2.966000000000008,False,False,False,True
HAR,Toro Rosso,21,0 days 00:01:38.888000,0 days 00:00:36.280000,0 days 00:00:43.724000,0 days 00:00:18.884000,SUPERSOFT,23,1,,,1,True,0 days 00:55:46.705000,98.888,36.28,43.724,18.884,3346.705,3353.248,28.3,50.2,1008.2,False,37.3,326,2.0,False,True,False,FORMULA 1 2018 HONDA JAPANESE GRAND PRIX,Suzuka,Japan,,,Permanent,,,0.36687970228945876,0.4421567834317611,0.19096351427878003,3,False,Japanese Grand Prix,japanese_grand_prix,2018,2018-10-07,104.28374074074074,27,Opening,4.031000000000006,False,False,False,True
ALO,McLaren,21,0 days 00:01:37.448000,0 days 00:00:35.210000,0 days 00:00:43.591000,0 days 00:00:18.647000,Soft,20,1,,,1,True,0 days 00:55:48.181000,97.448,35.21,43.591,18.647,3348.181,3353.248,28.3,50.2,1008.2,False,37.3,326,2.0,False,True,False,FORMULA 1 2018 HONDA JAPANESE GRAND PRIX,Suzuka,Japan,,,Permanent,,,0.3613209096133323,0.4473257532222314,0.19135333716443642,3,False,Japanese Grand Prix,japanese_grand_prix,2018,2018-10-07,104.87276,25,Opening,3.5049999999999955,False,False,False,True
HUL,Renault,21,0 days 00:01:37.360000,0 days 00:00:35.160000,0 days 00:00:43.584000,0 days 00:00:18.616000,Medium,20,1,,,1,True,0 days 00:55:50.343000,97.36,35.16,43.584,18.616,3350.343,3353.248,28.3,50.2,1008.2,False,37.3,326,2.0,False,True,False,FORMULA 1 2018 HONDA JAPANESE GRAND PRIX,Suzuka,Japan,,,Permanent,,,0.3611339359079704,0.44765817584223505,0.19120788824979457,3,False,Japanese Grand Prix,japanese_grand_prix,2018,2018-10-07,104.04220689655173,29,Opening,2.426000000000002,False,False,False,True
LEC,Sauber,21,0 days 00:01:37.251000,0 days 00:00:35.186000,0 days 00:00:43.372000,0 days 00:00:18.693000,Medium,17,2,,,1,True,0 days 00:55:51.233000,97.251,35.186,43.372,18.693,3351.233,3353.248,28.3,50.2,1008.2,False,37.3,326,2.0,False,True,False,FORMULA 1 2018 HONDA JAPANESE GRAND PRIX,Suzuka,Japan,,,Permanent,,,0.36180604826685586,0.44597998992298277,0.19221396181016134,3,False,Japanese Grand Prix,japanese_grand_prix,2018,2018-10-07,100.60793333333332,30,Mid,2.736000000000004,False,False,False,True
ERI,Sauber,21,0 days 00:01:37.485000,0 days 00:00:35.028000,0 days 00:00:43.737000,0 days 00:00:18.720000,Medium,16,2,,,1,True,0 days 00:55:53.467000,97.485,35.028,43.737,18.72,3353.467,3353.248,28.3,50.2,1008.2,False,37.3,326,2.0,False,True,False,FORMULA 1 2018 HONDA JAPANESE GRAND PRIX,Suzuka,Japan,,,Permanent,,,0.35931681797199566,0.44865363902138794,0.1920295430066164,3,False,Japanese Grand Prix,japanese_grand_prix,2018,2018-10-07,98.81828260869564,46,Closing,1.1910000000000025,False,False,False,True
SIR,Williams,21,0 days 00:01:37.529000,0 days 00:00:35.392000,0 days 00:00:43.399000,0 days 00:00:18.738000,Medium,17,2,,,1,True,0 days 00:55:55.802000,97.529,35.392,43.399,18.738,3355.802,3353.248,28.3,50.2,1008.2,False,37.3,326,2.0,False,True,False,FORMULA 1 2018 HONDA JAPANESE GRAND PRIX,Suzuka,Japan,,,Permanent,,,0.3628869361933374,0.44498559402844284,0.19212746977821982,3,False,Japanese Grand Prix,japanese_grand_prix,2018,2018-10-07,100.64236363636363,33,Mid,3.543999999999997,False,False,False,True
VAN,McLaren,21,0 days 00:01:37.594000,0 days 00:00:35.162000,0 days 00:00:43.695000,0 days 00:00:18.737000,Soft,20,1,,,1,True,0 days 00:55:58.239000,97.594,35.162,43.695,18.737,3358.239,3353.248,28.3,50.2,1008.2,False,37.3,326,2.0,False,True,False,FORMULA 1 2018 HONDA JAPANESE GRAND PRIX,Suzuka,Japan,,,Permanent,,,0.36028854232842183,0.44772219603664165,0.19198926163493657,3,False,Japanese Grand Prix,japanese_grand_prix,2018,2018-10-07,106.21077272727274,22,Opening,2.570999999999998,False,False,False,True
STR,Williams,21,0 days 00:01:36.748000,0 days 00:00:34.784000,0 days 00:00:43.283000,0 days 00:00:18.681000,Medium,7,2,,,1,True,0 days 00:56:05.734000,96.748,34.784,43.283,18.681,3365.734,3353.248,28.3,50.2,1008.2,False,37.3,326,2.0,False,True,False,FORMULA 1 2018 HONDA JAPANESE GRAND PRIX,Suzuka,Japan,,,Permanent,,,0.3595319799892504,0.44737875718361103,0.19308926282713854,3,False,Japanese Grand Prix,japanese_grand_prix,2018,2018-10-07,98.17664,25,Mid,3.3940000000000055,False,False,False,True
HAM,Mercedes,22,0 days 00:01:34.183000,0 days 00:00:33.720000,0 days 00:00:42.287000,0 days 00:00:18.176000,Soft,23,1,,,1,True,0 days 00:56:32.145000,94.183,33.72,42.287,18.176,3392.145,3413.261,28.1,50.7,1008.2,False,37.4,237,1.3,False,True,False,FORMULA 1 2018 HONDA JAPANESE GRAND PRIX,Suzuka,Japan,,,Permanent,,,0.358026395421679,0.4489876092288417,0.19298599534947916,3,False,Japanese Grand Prix,japanese_grand_prix,2018,2018-10-07,103.71631818181818,22,Opening,1.3980000000000103,False,False,False,True
BOT,Mercedes,22,0 days 00:01:34.713000,0 days 00:00:33.833000,0 days 00:00:42.560000,0 days 00:00:18.320000,Soft,24,1,,,1,True,0 days 00:56:37.203000,94.713,33.833,42.56,18.32,3397.203,3413.261,28.1,50.7,1008.2,False,37.4,237,1.3,False,True,False,FORMULA 1 2018 HONDA JAPANESE GRAND PRIX,Suzuka,Japan,,,Permanent,,,0.357216010473747,0.44935753275685497,0.1934264567693981,3,False,Japanese Grand Prix,japanese_grand_prix,2018,2018-10-07,103.915,22,Opening,1.6029999999999944,False,False,False,True
RIC,Red Bull Racing,22,0 days 00:01:34.498000,0 days 00:00:33.805000,0 days 00:00:42.362000,0 days 00:00:18.331000,Soft,21,1,,,1,True,0 days 00:56:49.046000,94.498,33.805,42.362,18.331,3409.046,3413.261,28.1,50.7,1008.2,False,37.4,237,1.3,False,True,False,FORMULA 1 2018 HONDA JAPANESE GRAND PRIX,Suzuka,Japan,,,Permanent,,,0.35773243878177313,0.4482846197803128,0.193982941437914,3,False,Japanese Grand Prix,japanese_grand_prix,2018,2018-10-07,104.07522727272728,22,Opening,1.311000000000007,False,False,False,True
VER,Red Bull Racing,22,0 days 00:01:58.871000,0 days 00:00:58.562000,0 days 00:00:42.244000,0 days 00:00:18.065000,Soft,1,2,,0 days 00:55:37.741000,1,False,0 days 00:57:08.661000,118.871,58.562,42.244,18.065,3428.661,3413.261,28.1,50.7,1008.2,False,37.4,237,1.3,False,True,False,FORMULA 1 2018 HONDA JAPANESE GRAND PRIX,Suzuka,Japan,,,Permanent,,,0.4926516980592407,0.35537683707548523,0.15197146486527413,3,False,Japanese Grand Prix,japanese_grand_prix,2018,2018-10-07,95.4254375,32,Closing,25.50399999999999,False,False,False,True
GRO,Haas F1 Team,22,0 days 00:01:38.094000,0 days 00:00:34.648000,0 days 00:00:43.630000,0 days 00:00:19.816000,Soft,24,1,,,1,True,0 days 00:57:10.494000,98.094,34.648,43.63,19.816,3430.494,3413.261,28.1,50.7,1008.2,False,37.4,237,1.3,False,True,False,FORMULA 1 2018 HONDA JAPANESE GRAND PRIX,Suzuka,Japan,,,Permanent,,,0.3532122250086652,0.4447774583562706,0.20201031663506433,3,False,Japanese Grand Prix,japanese_grand_prix,2018,2018-10-07,103.54650000000001,28,Opening,3.3079999999999927,False,False,False,True
RAI,Ferrari,22,0 days 00:01:35.207000,0 days 00:00:34.420000,0 days 00:00:42.443000,0 days 00:00:18.344000,Medium,5,2,,,1,True,0 days 00:57:10.935000,95.207,34.42,42.443,18.344,3430.935,3413.261,28.1,50.7,1008.2,False,37.4,237,1.3,False,True,False,FORMULA 1 2018 HONDA JAPANESE GRAND PRIX,Suzuka,Japan,,,Permanent,,,0.3615280389047024,0.44579705273771886,0.19267490835757878,3,False,Japanese Grand Prix,japanese_grand_prix,2018,2018-10-07,96.2568611111111,36,Closing,0.9839999999999947,False,False,False,True
GAS,Toro Rosso,22,0 days 00:01:38.607000,0 days 00:00:36.091000,0 days 00:00:43.668000,0 days 00:00:18.848000,SUPERSOFT,24,1,,,1,True,0 days 00:57:14.208000,98.607,36.091,43.668,18.848,3434.208,3413.261,28.1,50.7,1008.2,False,37.4,237,1.3,False,True,False,FORMULA 1 2018 HONDA JAPANESE GRAND PRIX,Suzuka,Japan,,,Permanent,,,0.3660084983824678,0.44284888496759867,0.19114261664993357,3,False,Japanese Grand Prix,japanese_grand_prix,2018,2018-10-07,103.81035714285714,28,Opening,4.474000000000004,False,False,False,True
PER,Racing Point,22,0 days 00:01:37.609000,0 days 00:00:35.285000,0 days 00:00:43.733000,0 days 00:00:18.591000,SUPERSOFT,24,1,,,1,True,0 days 00:57:14.928000,97.609,35.285,43.733,18.591,3434.928,3413.261,28.1,50.7,1008.2,False,37.4,237,1.3,False,True,False,FORMULA 1 2018 HONDA JAPANESE GRAND PRIX,Suzuka,Japan,,,Permanent,,,0.3614933049206528,0.44804270098044235,0.19046399409890483,3,False,Japanese Grand Prix,japanese_grand_prix,2018,2018-10-07,105.15404347826087,23,Opening,3.5360000000000014,False,False,False,True
OCO,Racing Point,22,0 days 00:01:37.612000,0 days 00:00:35.229000,0 days 00:00:43.577000,0 days 00:00:18.806000,SUPERSOFT,24,1,,,1,True,0 days 00:57:15.907000,97.612,35.229,43.577,18.806,3435.907,3413.261,28.1,50.7,1008.2,False,37.4,237,1.3,False,True,False,FORMULA 1 2018 HONDA JAPANESE GRAND PRIX,Suzuka,Japan,,,Permanent,,,0.3609084948571897,0.4464307667090112,0.19266073843379913,3,False,Japanese Grand Prix,japanese_grand_prix,2018,2018-10-07,104.52807999999999,25,Opening,2.941999999999993,False,False,False,True
SAI,Renault,22,0 days 00:01:37.297000,0 days 00:00:34.939000,0 days 00:00:43.489000,0 days 00:00:18.869000,Soft,21,1,,,1,True,0 days 00:57:18.275000,97.297,34.939,43.489,18.869,3438.275,3413.261,28.1,50.7,1008.2,False,37.4,237,1.3,False,True,False,FORMULA 1 2018 HONDA JAPANESE GRAND PRIX,Suzuka,Japan,,,Permanent,,,0.35909637501670144,0.44697164352446633,0.19393198145883223,3,False,Japanese Grand Prix,japanese_grand_prix,2018,2018-10-07,103.1368387096774,31,Opening,3.0999999999999943,False,False,False,True
VET,Ferrari,22,0 days 00:01:36.190000,0 days 00:00:34.484000,0 days 00:00:43.167000,0 days 00:00:18.539000,SUPERSOFT,24,1,,,1,True,0 days 00:57:19.869000,96.19,34.484,43.167,18.539,3439.869,3413.261,28.1,50.7,1008.2,False,37.4,237,1.3,False,True,False,FORMULA 1 2018 HONDA JAPANESE GRAND PRIX,Suzuka,Japan,,,Permanent,,,0.35849880444952703,0.44876806320823376,0.19273313234223935,3,False,Japanese Grand Prix,japanese_grand_prix,2018,2018-10-07,104.7858,25,Opening,3.872,False,False,False,True
HAR,Toro Rosso,22,0 days 00:01:37.458000,0 days 00:00:34.845000,0 days 00:00:43.800000,0 days 00:00:18.813000,SUPERSOFT,24,1,,,1,True,0 days 00:57:24.163000,97.458,34.845,43.8,18.813,3444.163,3473.34,28.1,50.7,1008.1,False,37.2,336,1.6,False,True,False,FORMULA 1 2018 HONDA JAPANESE GRAND PRIX,Suzuka,Japan,,,Permanent,,,0.35753863202610353,0.44942436741981157,0.19303700055408482,3,False,Japanese Grand Prix,japanese_grand_prix,2018,2018-10-07,104.28374074074074,27,Opening,2.600999999999999,False,False,False,True
ALO,McLaren,22,0 days 00:01:37.661000,0 days 00:00:35.203000,0 days 00:00:43.603000,0 days 00:00:18.855000,Soft,21,1,,,1,True,0 days 00:57:25.842000,97.661,35.203,43.603,18.855,3445.842,3473.34,28.1,50.7,1008.1,False,37.2,336,1.6,False,True,False,FORMULA 1 2018 HONDA JAPANESE GRAND PRIX,Suzuka,Japan,,,Permanent,,,0.3604611871678562,0.4464730035531072,0.19306580927903666,3,False,Japanese Grand Prix,japanese_grand_prix,2018,2018-10-07,104.87276,25,Opening,3.7180000000000035,False,False,False,True
HUL,Renault,22,0 days 00:01:37.713000,0 days 00:00:35.344000,0 days 00:00:43.614000,0 days 00:00:18.755000,Medium,21,1,,,1,True,0 days 00:57:28.056000,97.713,35.344,43.614,18.755,3448.056,3473.34,28.1,50.7,1008.1,False,37.2,336,1.6,False,True,False,FORMULA 1 2018 HONDA JAPANESE GRAND PRIX,Suzuka,Japan,,,Permanent,,,0.36171236171236176,0.44634797826287187,0.19193966002476642,3,False,Japanese Grand Prix,japanese_grand_prix,2018,2018-10-07,104.04220689655173,29,Opening,2.7789999999999964,False,False,False,True
LEC,Sauber,22,0 days 00:01:37.391000,0 days 00:00:35.166000,0 days 00:00:43.551000,0 days 00:00:18.674000,Medium,18,2,,,1,True,0 days 00:57:28.624000,97.391,35.166,43.551,18.674,3448.624,3473.34,28.1,50.7,1008.1,False,37.2,336,1.6,False,True,False,FORMULA 1 2018 HONDA JAPANESE GRAND PRIX,Suzuka,Japan,,,Permanent,,,0.3610805926625663,0.4471768438562085,0.19174256348122515,3,False,Japanese Grand Prix,japanese_grand_prix,2018,2018-10-07,100.60793333333332,30,Mid,2.8760000000000048,False,False,False,True
ERI,Sauber,22,0 days 00:01:37.273000,0 days 00:00:35.002000,0 days 00:00:43.572000,0 days 00:00:18.699000,Medium,17,2,,,1,True,0 days 00:57:30.740000,97.273,35.002,43.572,18.699,3450.74,3473.34,28.1,50.7,1008.1,False,37.2,336,1.6,False,True,False,FORMULA 1 2018 HONDA JAPANESE GRAND PRIX,Suzuka,Japan,,,Permanent,,,0.35983263598326365,0.4479351927050672,0.19223217131166925,3,False,Japanese Grand Prix,japanese_grand_prix,2018,2018-10-07,98.81828260869564,46,Closing,0.9789999999999992,False,False,False,True
SIR,Williams,22,0 days 00:01:37.381000,0 days 00:00:35.323000,0 days 00:00:43.366000,0 days 00:00:18.692000,Medium,18,2,,,1,True,0 days 00:57:33.183000,97.381,35.323,43.366,18.692,3453.183,3473.34,28.1,50.7,1008.1,False,37.2,336,1.6,False,True,False,FORMULA 1 2018 HONDA JAPANESE GRAND PRIX,Suzuka,Japan,,,Permanent,,,0.362729895975601,0.44532300962200017,0.19194709440239882,3,False,Japanese Grand Prix,japanese_grand_prix,2018,2018-10-07,100.64236363636363,33,Mid,3.396000000000001,False,False,False,True
VAN,McLaren,22,0 days 00:01:37.314000,0 days 00:00:34.963000,0 days 00:00:43.672000,0 days 00:00:18.679000,Soft,21,1,,,1,True,0 days 00:57:35.553000,97.314,34.963,43.672,18.679,3455.553,3473.34,28.1,50.7,1008.1,False,37.2,336,1.6,False,True,False,FORMULA 1 2018 HONDA JAPANESE GRAND PRIX,Suzuka,Japan,,,Permanent,,,0.3592802679984381,0.4487740715621596,0.19194566043940234,3,False,Japanese Grand Prix,japanese_grand_prix,2018,2018-10-07,106.21077272727274,22,Opening,2.290999999999997,False,False,False,True
STR,Williams,22,0 days 00:01:36.781000,0 days 00:00:34.814000,0 days 00:00:43.294000,0 days 00:00:18.673000,Medium,8,2,,,1,True,0 days 00:57:42.515000,96.781,34.814,43.294,18.673,3462.515,3473.34,28.1,50.7,1008.1,False,37.2,336,1.6,False,True,False,FORMULA 1 2018 HONDA JAPANESE GRAND PRIX,Suzuka,Japan,,,Permanent,,,0.35971936640456287,0.4473398704291131,0.19294076316632394,3,False,Japanese Grand Prix,japanese_grand_prix,2018,2018-10-07,98.17664,25,Mid,3.4270000000000067,False,False,False,True
HAM,Mercedes,23,0 days 00:01:34.013000,0 days 00:00:33.648000,0 days 00:00:42.260000,0 days 00:00:18.105000,Soft,24,1,,,1,True,0 days 00:58:06.158000,94.013,33.648,42.26,18.105,3486.158,3473.34,28.1,50.7,1008.1,False,37.2,336,1.6,False,True,False,FORMULA 1 2018 HONDA JAPANESE GRAND PRIX,Suzuka,Japan,,,Permanent,,,0.35790794890068395,0.44951230149021937,0.1925797496090966,3,False,Japanese Grand Prix,japanese_grand_prix,2018,2018-10-07,103.71631818181818,22,Opening,1.2280000000000086,False,False,False,True
BOT,Mercedes,23,0 days 00:01:36.846000,0 days 00:00:33.790000,0 days 00:00:42.611000,0 days 00:00:20.445000,Soft,25,1,0 days 00:58:12.786000,,1,False,0 days 00:58:14.049000,96.846,33.79,42.611,20.445,3494.049,3473.34,28.1,50.7,1008.1,False,37.2,336,1.6,False,True,False,FORMULA 1 2018 HONDA JAPANESE GRAND PRIX,Suzuka,Japan,,,Permanent,23.0,,0.3489044462342275,0.43998719616711063,0.21110835759866178,3,False,Japanese Grand Prix,japanese_grand_prix,2018,2018-10-07,103.915,22,Opening,3.736000000000004,False,False,False,True
RIC,Red Bull Racing,23,0 days 00:01:36.816000,0 days 00:00:33.777000,0 days 00:00:42.403000,0 days 00:00:20.636000,Soft,22,1,0 days 00:58:24.505000,,1,False,0 days 00:58:25.862000,96.816,33.777,42.403,20.636,3505.862,3533.668,28.2,50.5,1008.3,False,37.4,322,2.3,False,True,False,FORMULA 1 2018 HONDA JAPANESE GRAND PRIX,Suzuka,Japan,,,Permanent,23.0,,0.34887828458106096,0.4379751280780036,0.21314658734093536,3,False,Japanese Grand Prix,japanese_grand_prix,2018,2018-10-07,104.07522727272728,22,Opening,3.629000000000005,False,False,False,True
VER,Red Bull Racing,23,0 days 00:01:33.840000,0 days 00:00:33.516000,0 days 00:00:42.108000,0 days 00:00:18.216000,Soft,2,2,,,1,True,0 days 00:58:42.501000,93.84,33.516,42.108,18.216,3522.501,3533.668,28.2,50.5,1008.3,False,37.4,322,2.3,False,True,False,FORMULA 1 2018 HONDA JAPANESE GRAND PRIX,Suzuka,Japan,,,Permanent,,,0.3571611253196931,0.4487212276214833,0.19411764705882353,3,False,Japanese Grand Prix,japanese_grand_prix,2018,2018-10-07,95.4254375,32,Closing,0.472999999999999,False,False,False,True
RAI,Ferrari,23,0 days 00:01:36.145000,0 days 00:00:34.895000,0 days 00:00:42.958000,0 days 00:00:18.292000,Medium,6,2,,,1,True,0 days 00:58:47.080000,96.145,34.895,42.958,18.292,3527.08,3533.668,28.2,50.5,1008.3,False,37.4,322,2.3,False,True,False,FORMULA 1 2018 HONDA JAPANESE GRAND PRIX,Suzuka,Japan,,,Permanent,,,0.36294139060793595,0.4468043059961517,0.19025430339591246,3,False,Japanese Grand Prix,japanese_grand_prix,2018,2018-10-07,96.2568611111111,36,Closing,1.921999999999997,False,False,False,True
GRO,Haas F1 Team,23,0 days 00:01:38.277000,0 days 00:00:34.821000,0 days 00:00:44.616000,0 days 00:00:18.840000,Soft,25,1,,,1,True,0 days 00:58:48.771000,98.277,34.821,44.616,18.84,3528.771,3533.668,28.2,50.5,1008.3,False,37.4,322,2.3,False,True,False,FORMULA 1 2018 HONDA JAPANESE GRAND PRIX,Suzuka,Japan,,,Permanent,,,0.35431484477548153,0.45398211178607406,0.19170304343844438,3,False,Japanese Grand Prix,japanese_grand_prix,2018,2018-10-07,103.54650000000001,28,Opening,3.4909999999999997,False,False,False,True
GAS,Toro Rosso,23,0 days 00:01:37.059000,0 days 00:00:34.766000,0 days 00:00:43.490000,0 days 00:00:18.803000,SUPERSOFT,25,1,,,1,True,0 days 00:58:51.267000,97.059,34.766,43.49,18.803,3531.267,3533.668,28.2,50.5,1008.3,False,37.4,322,2.3,False,True,False,FORMULA 1 2018 HONDA JAPANESE GRAND PRIX,Suzuka,Japan,,,Permanent,,,0.3581945002524238,0.44807797319156395,0.19372752655601233,3,False,Japanese Grand Prix,japanese_grand_prix,2018,2018-10-07,103.81035714285714,28,Opening,2.926000000000002,False,False,False,True
PER,Racing Point,23,0 days 00:01:37.264000,0 days 00:00:35.324000,0 days 00:00:43.331000,0 days 00:00:18.609000,SUPERSOFT,25,1,,,1,True,0 days 00:58:52.192000,97.264,35.324,43.331,18.609,3532.192,3533.668,28.2,50.5,1008.3,False,37.4,322,2.3,False,True,False,FORMULA 1 2018 HONDA JAPANESE GRAND PRIX,Suzuka,Japan,,,Permanent,,,0.3631765092942918,0.4454988484948183,0.19132464221089,3,False,Japanese Grand Prix,japanese_grand_prix,2018,2018-10-07,105.15404347826087,23,Opening,3.1910000000000025,False,False,False,True
OCO,Racing Point,23,0 days 00:01:37.239000,0 days 00:00:35.199000,0 days 00:00:43.377000,0 days 00:00:18.663000,SUPERSOFT,25,1,,,1,True,0 days 00:58:53.146000,97.239,35.199,43.377,18.663,3533.146,3533.668,28.2,50.5,1008.3,False,37.4,322,2.3,False,True,False,FORMULA 1 2018 HONDA JAPANESE GRAND PRIX,Suzuka,Japan,,,Permanent,,,0.36198438897973034,0.44608644679603865,0.191929164224231,3,False,Japanese Grand Prix,japanese_grand_prix,2018,2018-10-07,104.52807999999999,25,Opening,2.5690000000000026,False,False,False,True
SAI,Renault,23,0 days 00:01:36.932000,0 days 00:00:34.811000,0 days 00:00:43.523000,0 days 00:00:18.598000,Soft,22,1,,,1,True,0 days 00:58:55.207000,96.932,34.811,43.523,18.598,3535.207,3533.668,28.2,50.5,1008.3,False,37.4,322,2.3,False,True,False,FORMULA 1 2018 HONDA JAPANESE GRAND PRIX,Suzuka,Japan,,,Permanent,,,0.3591280485288656,0.44900548838360915,0.19186646308752525,3,False,Japanese Grand Prix,japanese_grand_prix,2018,2018-10-07,103.1368387096774,31,Opening,2.7349999999999994,False,False,False,True
VET,Ferrari,23,0 days 00:01:36.515000,0 days 00:00:34.631000,0 days 00:00:43.217000,0 days 00:00:18.667000,SUPERSOFT,25,1,,,1,True,0 days 00:58:56.384000,96.515,34.631,43.217,18.667,3536.384,3533.668,28.2,50.5,1008.3,False,37.4,322,2.3,False,True,False,FORMULA 1 2018 HONDA JAPANESE GRAND PRIX,Suzuka,Japan,,,Permanent,,,0.35881469201678495,0.44777495726052946,0.19341035072268561,3,False,Japanese Grand Prix,japanese_grand_prix,2018,2018-10-07,104.7858,25,Opening,4.197000000000003,False,False,False,True
HAR,Toro Rosso,23,0 days 00:01:37.295000,0 days 00:00:34.782000,0 days 00:00:43.639000,0 days 00:00:18.874000,SUPERSOFT,25,1,,,1,True,0 days 00:59:01.458000,97.295,34.782,43.639,18.874,3541.458,3533.668,28.2,50.5,1008.3,False,37.4,322,2.3,False,True,False,FORMULA 1 2018 HONDA JAPANESE GRAND PRIX,Suzuka,Japan,,,Permanent,,,0.3574901074053137,0.4485225345598438,0.19398735803484246,3,False,Japanese Grand Prix,japanese_grand_prix,2018,2018-10-07,104.28374074074074,27,Opening,2.4380000000000024,False,False,False,True
ALO,McLaren,23,0 days 00:01:37.293000,0 days 00:00:35.228000,0 days 00:00:43.504000,0 days 00:00:18.561000,Soft,22,1,,,1,True,0 days 00:59:03.135000,97.293,35.228,43.504,18.561,3543.135,3533.668,28.2,50.5,1008.3,False,37.4,322,2.3,False,True,False,FORMULA 1 2018 HONDA JAPANESE GRAND PRIX,Suzuka,Japan,,,Permanent,,,0.3620815474905697,0.4471441933129824,0.19077425919644783,3,False,Japanese Grand Prix,japanese_grand_prix,2018,2018-10-07,104.87276,25,Opening,3.3500000000000085,False,False,False,True
HUL,Renault,23,0 days 00:01:37.341000,0 days 00:00:35.240000,0 days 00:00:43.524000,0 days 00:00:18.577000,Medium,22,1,,,1,True,0 days 00:59:05.397000,97.341,35.24,43.524,18.577,3545.397,3533.668,28.2,50.5,1008.3,False,37.4,322,2.3,False,True,False,FORMULA 1 2018 HONDA JAPANESE GRAND PRIX,Suzuka,Japan,,,Permanent,,,0.36202627875201615,0.4471291644836195,0.1908445567643645,3,False,Japanese Grand Prix,japanese_grand_prix,2018,2018-10-07,104.04220689655173,29,Opening,2.4069999999999965,False,False,False,True
LEC,Sauber,23,0 days 00:01:37.711000,0 days 00:00:35.535000,0 days 00:00:43.574000,0 days 00:00:18.602000,Medium,19,2,,,1,True,0 days 00:59:06.335000,97.711,35.535,43.574,18.602,3546.335,3533.668,28.2,50.5,1008.3,False,37.4,322,2.3,False,True,False,FORMULA 1 2018 HONDA JAPANESE GRAND PRIX,Suzuka,Japan,,,Permanent,,,0.363674509522981,0.44594774385688407,0.1903777466201349,3,False,Japanese Grand Prix,japanese_grand_prix,2018,2018-10-07,100.60793333333332,30,Mid,3.195999999999998,False,False,False,True
ERI,Sauber,23,0 days 00:01:37.524000,0 days 00:00:35.091000,0 days 00:00:43.785000,0 days 00:00:18.648000,Medium,18,2,,,1,True,0 days 00:59:08.264000,97.524,35.091,43.785,18.648,3548.264,3533.668,28.2,50.5,1008.3,False,37.4,322,2.3,False,True,False,FORMULA 1 2018 HONDA JAPANESE GRAND PRIX,Suzuka,Japan,,,Permanent,,,0.35981912144702843,0.4489664082687338,0.19121447028423771,3,False,Japanese Grand Prix,japanese_grand_prix,2018,2018-10-07,98.81828260869564,46,Closing,1.230000000000004,False,False,False,True
SIR,Williams,23,0 days 00:01:37.664000,0 days 00:00:35.504000,0 days 00:00:43.525000,0 days 00:00:18.635000,Medium,19,2,,,1,True,0 days 00:59:10.847000,97.664,35.504,43.525,18.635,3550.847,3533.668,28.2,50.5,1008.3,False,37.4,322,2.3,False,True,False,FORMULA 1 2018 HONDA JAPANESE GRAND PRIX,Suzuka,Japan,,,Permanent,,,0.3635321100917431,0.4456606323722149,0.19080725753604194,3,False,Japanese Grand Prix,japanese_grand_prix,2018,2018-10-07,100.64236363636363,33,Mid,3.679000000000002,False,False,False,True
VAN,McLaren,23,0 days 00:01:40.586000,0 days 00:00:34.979000,0 days 00:00:44.268000,0 days 00:00:21.339000,Soft,22,1,0 days 00:59:14.805000,,1,False,0 days 00:59:16.139000,100.586,34.979,44.268,21.339,3556.139,3533.668,28.2,50.5,1008.3,False,37.4,322,2.3,False,True,False,FORMULA 1 2018 HONDA JAPANESE GRAND PRIX,Suzuka,Japan,,,Permanent,23.0,,0.3477521722704949,0.4401010080925775,0.21214681963692758,3,False,Japanese Grand Prix,japanese_grand_prix,2018,2018-10-07,106.21077272727274,22,Opening,5.563000000000002,False,False,False,True
STR,Williams,23,0 days 00:01:36.671000,0 days 00:00:34.714000,0 days 00:00:43.341000,0 days 00:00:18.616000,Medium,9,2,,,1,True,0 days 00:59:19.186000,96.671,34.714,43.341,18.616,3559.186,3533.668,28.2,50.5,1008.3,False,37.4,322,2.3,False,True,False,FORMULA 1 2018 HONDA JAPANESE GRAND PRIX,Suzuka,Japan,,,Permanent,,,0.35909424749925,0.44833507463458533,0.1925706778661646,3,False,Japanese Grand Prix,japanese_grand_prix,2018,2018-10-07,98.17664,25,Mid,3.3170000000000073,False,False,False,True
HAM,Mercedes,24,0 days 00:01:36.646000,0 days 00:00:33.732000,0 days 00:00:42.331000,0 days 00:00:20.583000,Soft,25,1,0 days 00:59:41.542000,,1,False,0 days 00:59:42.804000,96.646,33.732,42.331,20.583,3582.804,3593.302,28.2,50.3,1008.2,False,37.2,336,2.3,False,True,False,FORMULA 1 2018 HONDA JAPANESE GRAND PRIX,Suzuka,Japan,,,Permanent,24.0,,0.3490263435631066,0.43800053804606504,0.21297311839082836,3,False,Japanese Grand Prix,japanese_grand_prix,2018,2018-10-07,103.71631818181818,22,Opening,3.861000000000004,False,False,False,True
BOT,Mercedes,24,0 days 00:01:52.500000,0 days 00:00:53.070000,0 days 00:00:41.648000,0 days 00:00:17.782000,Medium,1,2,,0 days 00:58:35.487000,1,False,0 days 01:00:06.549000,112.5,53.07,41.648,17.782,3606.549,3593.302,28.2,50.3,1008.2,False,37.2,336,2.3,False,True,False,FORMULA 1 2018 HONDA JAPANESE GRAND PRIX,Suzuka,Japan,,,Permanent,,,0.47173333333333334,0.37020444444444445,0.15806222222222222,3,False,Japanese Grand Prix,japanese_grand_prix,2018,2018-10-07,95.5993,30,Closing,19.39,False,False,False,True
VER,Red Bull Racing,24,0 days 00:01:34.341000,0 days 00:00:33.936000,0 days 00:00:42.190000,0 days 00:00:18.215000,Soft,3,2,,,1,True,0 days 01:00:16.842000,94.341,33.936,42.19,18.215,3616.842,3593.302,28.2,50.3,1008.2,False,37.2,336,2.3,False,True,False,FORMULA 1 2018 HONDA JAPANESE GRAND PRIX,Suzuka,Japan,,,Permanent,,,0.35971634814131714,0.44720747077092676,0.19307618108775612,3,False,Japanese Grand Prix,japanese_grand_prix,2018,2018-10-07,95.4254375,32,Closing,0.9739999999999895,False,False,False,True
RIC,Red Bull Racing,24,0 days 00:01:52.534000,0 days 00:00:52.785000,0 days 00:00:41.769000,0 days 00:00:17.980000,Medium,1,2,,0 days 00:58:48.071000,1,False,0 days 01:00:18.396000,112.534,52.785,41.769,17.98,3618.396,3593.302,28.2,50.3,1008.2,False,37.2,336,2.3,False,True,False,FORMULA 1 2018 HONDA JAPANESE GRAND PRIX,Suzuka,Japan,,,Permanent,,,0.4690582401763022,0.3711678248351609,0.1597739349885368,3,False,Japanese Grand Prix,japanese_grand_prix,2018,2018-10-07,95.42473333333334,30,Closing,19.34700000000001,False,False,False,True
RAI,Ferrari,24,0 days 00:01:34.638000,0 days 00:00:34.058000,0 days 00:00:42.378000,0 days 00:00:18.202000,Medium,7,2,,,1,True,0 days 01:00:21.718000,94.638,34.058,42.378,18.202,3621.718,3593.302,28.2,50.3,1008.2,False,37.2,336,2.3,False,True,False,FORMULA 1 2018 HONDA JAPANESE GRAND PRIX,Suzuka,Japan,,,Permanent,,,0.3598765823453581,0.4477905281176694,0.19233288953697247,3,False,Japanese Grand Prix,japanese_grand_prix,2018,2018-10-07,96.2568611111111,36,Closing,0.41500000000000625,False,False,False,True
GRO,Haas F1 Team,24,0 days 00:01:37.208000,0 days 00:00:35.041000,0 days 00:00:43.491000,0 days 00:00:18.676000,Soft,26,1,,,1,True,0 days 01:00:25.979000,97.208,35.041,43.491,18.676,3625.979,3653.324,28.1,50.3,1008.2,False,37.2,340,2.5,False,True,False,FORMULA 1 2018 HONDA JAPANESE GRAND PRIX,Suzuka,Japan,,,Permanent,,,0.36047444654760924,0.4474014484404576,0.19212410501193317,3,False,Japanese Grand Prix,japanese_grand_prix,2018,2018-10-07,103.54650000000001,28,Opening,2.421999999999997,False,False,False,True
GAS,Toro Rosso,24,0 days 00:01:37.636000,0 days 00:00:34.932000,0 days 00:00:43.816000,0 days 00:00:18.888000,SUPERSOFT,26,1,,,1,True,0 days 01:00:28.903000,97.636,34.932,43.816,18.888,3628.903,3653.324,28.1,50.3,1008.2,False,37.2,340,2.5,False,True,False,FORMULA 1 2018 HONDA JAPANESE GRAND PRIX,Suzuka,Japan,,,Permanent,,,0.3577778688188783,0.44876889671842357,0.19345323446269821,3,False,Japanese Grand Prix,japanese_grand_prix,2018,2018-10-07,103.81035714285714,28,Opening,3.503,False,False,False,True
OCO,Racing Point,24,0 days 00:01:37.358000,0 days 00:00:34.972000,0 days 00:00:43.552000,0 days 00:00:18.834000,SUPERSOFT,26,1,,,1,True,0 days 01:00:30.504000,97.358,34.972,43.552,18.834,3630.504,3653.324,28.1,50.3,1008.2,False,37.2,340,2.5,False,True,False,FORMULA 1 2018 HONDA JAPANESE GRAND PRIX,Suzuka,Japan,,,Permanent,,,0.35921033710634975,0.4473386881406767,0.19345097475297354,3,False,Japanese Grand Prix,japanese_grand_prix,2018,2018-10-07,104.52807999999999,25,Opening,2.6880000000000024,False,False,False,True
PER,Racing Point,24,0 days 00:01:39.783000,0 days 00:00:35.051000,0 days 00:00:43.591000,0 days 00:00:21.141000,SUPERSOFT,26,1,0 days 01:00:30.953000,,1,False,0 days 01:00:31.975000,99.783,35.051,43.591,21.141,3631.975,3653.324,28.1,50.3,1008.2,False,37.2,340,2.5,False,True,False,FORMULA 1 2018 HONDA JAPANESE GRAND PRIX,Suzuka,Japan,,,Permanent,24.0,,0.3512722608059489,0.4368579818205506,0.21186975737350047,3,False,Japanese Grand Prix,japanese_grand_prix,2018,2018-10-07,105.15404347826087,23,Opening,5.710000000000008,False,False,False,True
SAI,Renault,24,0 days 00:01:37.113000,0 days 00:00:34.918000,0 days 00:00:43.576000,0 days 00:00:18.619000,Soft,23,1,,,1,True,0 days 01:00:32.320000,97.113,34.918,43.576,18.619,3632.32,3653.324,28.1,50.3,1008.2,False,37.2,340,2.5,False,True,False,FORMULA 1 2018 HONDA JAPANESE GRAND PRIX,Suzuka,Japan,,,Permanent,,,0.35956051198088823,0.4487143842739901,0.19172510374512167,3,False,Japanese Grand Prix,japanese_grand_prix,2018,2018-10-07,103.1368387096774,31,Opening,2.915999999999997,False,False,False,True
VET,Ferrari,24,0 days 00:01:37.049000,0 days 00:00:34.753000,0 days 00:00:43.652000,0 days 00:00:18.644000,SUPERSOFT,26,1,,,1,True,0 days 01:00:33.433000,97.049,34.753,43.652,18.644,3633.433,3653.324,28.1,50.3,1008.2,False,37.2,340,2.5,False,True,False,FORMULA 1 2018 HONDA JAPANESE GRAND PRIX,Suzuka,Japan,,,Permanent,,,0.35809745592432685,0.44979340333233725,0.19210914074333582,3,False,Japanese Grand Prix,japanese_grand_prix,2018,2018-10-07,104.7858,25,Opening,4.731000000000009,False,False,False,True
HAR,Toro Rosso,24,0 days 00:01:37.238000,0 days 00:00:34.765000,0 days 00:00:43.563000,0 days 00:00:18.910000,SUPERSOFT,26,1,,,1,True,0 days 01:00:38.696000,97.238,34.765,43.563,18.91,3638.696,3653.324,28.1,50.3,1008.2,False,37.2,340,2.5,False,True,False,FORMULA 1 2018 HONDA JAPANESE GRAND PRIX,Suzuka,Japan,,,Permanent,,,0.357524835969477,0.44800386680104487,0.1944712972294782,3,False,Japanese Grand Prix,japanese_grand_prix,2018,2018-10-07,104.28374074074074,27,Opening,2.3810000000000002,False,False,False,True
ALO,McLaren,24,0 days 00:01:37.592000,0 days 00:00:35.278000,0 days 00:00:43.582000,0 days 00:00:18.732000,Soft,23,1,,,1,True,0 days 01:00:40.727000,97.592,35.278,43.582,18.732,3640.727,3653.324,28.1,50.3,1008.2,False,37.2,340,2.5,False,True,False,FORMULA 1 2018 HONDA JAPANESE GRAND PRIX,Suzuka,Japan,,,Permanent,,,0.3614845479137634,0.4465734896302976,0.191941962455939,3,False,Japanese Grand Prix,japanese_grand_prix,2018,2018-10-07,104.87276,25,Opening,3.649000000000001,False,False,False,True
HUL,Renault,24,0 days 00:01:37.832000,0 days 00:00:35.293000,0 days 00:00:43.762000,0 days 00:00:18.777000,Medium,23,1,,,1,True,0 days 01:00:43.229000,97.832,35.293,43.762,18.777,3643.229,3653.324,28.1,50.3,1008.2,False,37.2,340,2.5,False,True,False,FORMULA 1 2018 HONDA JAPANESE GRAND PRIX,Suzuka,Japan,,,Permanent,,,0.36075108349006463,0.4473178510098946,0.1919310655000409,3,False,Japanese Grand Prix,japanese_grand_prix,2018,2018-10-07,104.04220689655173,29,Opening,2.897999999999996,False,False,False,True
LEC,Sauber,24,0 days 00:01:37.460000,0 days 00:00:35.186000,0 days 00:00:43.659000,0 days 00:00:18.615000,Medium,20,2,,,1,True,0 days 01:00:43.795000,97.46,35.186,43.659,18.615,3643.795,3653.324,28.1,50.3,1008.2,False,37.2,340,2.5,False,True,False,FORMULA 1 2018 HONDA JAPANESE GRAND PRIX,Suzuka,Japan,,,Permanent,,,0.3610301662220398,0.4479683972911964,0.1910014364867638,3,False,Japanese Grand Prix,japanese_grand_prix,2018,2018-10-07,100.60793333333332,30,Mid,2.944999999999993,False,False,False,True
ERI,Sauber,24,0 days 00:01:37.486000,0 days 00:00:34.976000,0 days 00:00:43.660000,0 days 00:00:18.850000,Medium,19,2,,,1,True,0 days 01:00:45.750000,97.486,34.976,43.66,18.85,3645.75,3653.324,28.1,50.3,1008.2,False,37.2,340,2.5,False,True,False,FORMULA 1 2018 HONDA JAPANESE GRAND PRIX,Suzuka,Japan,,,Permanent,,,0.3587797222165234,0.4478591797796606,0.19336109800381593,3,False,Japanese Grand Prix,japanese_grand_prix,2018,2018-10-07,98.81828260869564,46,Closing,1.1920000000000073,False,False,False,True
SIR,Williams,24,0 days 00:01:37.427000,0 days 00:00:35.309000,0 days 00:00:43.415000,0 days 00:00:18.703000,Medium,20,2,,,1,True,0 days 01:00:48.274000,97.427,35.309,43.415,18.703,3648.274,3653.324,28.1,50.3,1008.2,False,37.2,340,2.5,False,True,False,FORMULA 1 2018 HONDA JAPANESE GRAND PRIX,Suzuka,Japan,,,Permanent,,,0.3624149363112894,0.44561569174869387,0.19196937194001662,3,False,Japanese Grand Prix,japanese_grand_prix,2018,2018-10-07,100.64236363636363,33,Mid,3.4420000000000073,False,False,False,True
STR,Williams,24,0 days 00:01:36.818000,0 days 00:00:34.703000,0 days 00:00:43.387000,0 days 00:00:18.728000,Medium,10,2,,,1,True,0 days 01:00:56.004000,96.818,34.703,43.387,18.728,3656.004,3653.324,28.1,50.3,1008.2,False,37.2,340,2.5,False,True,False,FORMULA 1 2018 HONDA JAPANESE GRAND PRIX,Suzuka,Japan,,,Permanent,,,0.35843541490218767,0.44812948005536163,0.19343510504245082,3,False,Japanese Grand Prix,japanese_grand_prix,2018,2018-10-07,98.17664,25,Mid,3.4639999999999986,False,False,False,True
VAN,McLaren,24,0 days 00:01:54.697000,0 days 00:00:53.782000,0 days 00:00:42.597000,0 days 00:00:18.318000,Medium,1,2,,0 days 00:59:37.980000,1,False,0 days 01:01:10.836000,114.697,53.782,42.597,18.318,3670.836,3653.324,28.1,50.3,1008.2,False,37.2,340,2.5,False,True,False,FORMULA 1 2018 HONDA JAPANESE GRAND PRIX,Suzuka,Japan,,,Permanent,,,0.46890502803037565,0.3713872202411571,0.15970775172846718,3,False,Japanese Grand Prix,japanese_grand_prix,2018,2018-10-07,97.85772413793103,29,Closing,19.674000000000007,False,False,False,True
HAM,Mercedes,25,0 days 00:01:52.604000,0 days 00:00:52.994000,0 days 00:00:41.638000,0 days 00:00:17.972000,Medium,1,2,,0 days 01:00:04.081000,1,False,0 days 01:01:35.408000,112.604,52.994,41.638,17.972,3695.408,3713.367,27.9,51.1,1008.1,False,37.0,336,2.6,False,True,False,FORMULA 1 2018 HONDA JAPANESE GRAND PRIX,Suzuka,Japan,,,Permanent,,,0.47062271322510746,0.3697737202941281,0.15960356648076446,3,False,Japanese Grand Prix,japanese_grand_prix,2018,2018-10-07,95.38982758620689,29,Closing,19.819000000000003,False,False,False,True
BOT,Mercedes,25,0 days 00:01:33.519000,0 days 00:00:33.546000,0 days 00:00:42.023000,0 days 00:00:17.950000,Medium,2,2,,,1,True,0 days 01:01:40.068000,93.519,33.546,42.023,17.95,3700.068,3713.367,27.9,51.1,1008.1,False,37.0,336,2.6,False,True,False,FORMULA 1 2018 HONDA JAPANESE GRAND PRIX,Suzuka,Japan,,,Permanent,,,0.3587078561575722,0.44935253798693314,0.19193960585549458,3,False,Japanese Grand Prix,japanese_grand_prix,2018,2018-10-07,95.5993,30,Closing,0.409000000000006,False,False,False,True
VER,Red Bull Racing,25,0 days 00:01:33.858000,0 days 00:00:33.663000,0 days 00:00:42.097000,0 days 00:00:18.098000,Soft,4,2,,,1,True,0 days 01:01:50.700000,93.858,33.663,42.097,18.098,3710.7,3713.367,27.9,51.1,1008.1,False,37.0,336,2.6,False,True,False,FORMULA 1 2018 HONDA JAPANESE GRAND PRIX,Suzuka,Japan,,,Permanent,,,0.3586588250335613,0.44851797396066395,0.19282320100577466,3,False,Japanese Grand Prix,japanese_grand_prix,2018,2018-10-07,95.4254375,32,Closing,0.49099999999999966,False,False,False,True
RIC,Red Bull Racing,25,0 days 00:01:33.618000,0 days 00:00:33.555000,0 days 00:00:41.939000,0 days 00:00:18.124000,Medium,2,2,,,1,True,0 days 01:01:52.014000,93.618,33.555,41.939,18.124,3712.014,3713.367,27.9,51.1,1008.1,False,37.0,336,2.6,False,True,False,FORMULA 1 2018 HONDA JAPANESE GRAND PRIX,Suzuka,Japan,,,Permanent,,,0.358424661923989,0.44798008929906646,0.1935952487769446,3,False,Japanese Grand Prix,japanese_grand_prix,2018,2018-10-07,95.42473333333334,30,Closing,0.4309999999999974,False,False,False,True
RAI,Ferrari,25,0 days 00:01:34.852000,0 days 00:00:34.199000,0 days 00:00:42.410000,0 days 00:00:18.243000,Medium,8,2,,,1,True,0 days 01:01:56.570000,94.852,34.199,42.41,18.243,3716.57,3713.367,27.9,51.1,1008.1,False,37.0,336,2.6,False,True,False,FORMULA 1 2018 HONDA JAPANESE GRAND PRIX,Suzuka,Japan,,,Permanent,,,0.36055117446126594,0.4471176148104415,0.19233121072829248,3,False,Japanese Grand Prix,japanese_grand_prix,2018,2018-10-07,96.2568611111111,36,Closing,0.6290000000000049,False,False,False,True
GRO,Haas F1 Team,25,0 days 00:01:36.791000,0 days 00:00:34.615000,0 days 00:00:43.433000,0 days 00:00:18.743000,Soft,27,1,,,1,True,0 days 01:02:02.770000,96.791,34.615,43.433,18.743,3722.77,3713.367,27.9,51.1,1008.1,False,37.0,336,2.6,False,True,False,FORMULA 1 2018 HONDA JAPANESE GRAND PRIX,Suzuka,Japan,,,Permanent,,,0.3576262255788245,0.448729737268961,0.19364403715221457,3,False,Japanese Grand Prix,japanese_grand_prix,2018,2018-10-07,103.54650000000001,28,Opening,2.0049999999999955,False,False,False,True
GAS,Toro Rosso,25,0 days 00:01:37.565000,0 days 00:00:34.864000,0 days 00:00:43.807000,0 days 00:00:18.894000,SUPERSOFT,27,1,,,1,True,0 days 01:02:06.468000,97.565,34.864,43.807,18.894,3726.468,3713.367,27.9,51.1,1008.1,False,37.0,336,2.6,False,True,False,FORMULA 1 2018 HONDA JAPANESE GRAND PRIX,Suzuka,Japan,,,Permanent,,,0.3573412596730385,0.44900322861681957,0.19365551171014195,3,False,Japanese Grand Prix,japanese_grand_prix,2018,2018-10-07,103.81035714285714,28,Opening,3.432000000000002,False,False,False,True
OCO,Racing Point,25,0 days 00:01:36.748000,0 days 00:00:34.828000,0 days 00:00:43.231000,0 days 00:00:18.689000,SUPERSOFT,27,1,,,1,True,0 days 01:02:07.252000,96.748,34.828,43.231,18.689,3727.252,3713.367,27.9,51.1,1008.1,False,37.0,336,2.6,False,True,False,FORMULA 1 2018 HONDA JAPANESE GRAND PRIX,Suzuka,Japan,,,Permanent,,,0.35998676975234634,0.4468412783726795,0.19317195187497416,3,False,Japanese Grand Prix,japanese_grand_prix,2018,2018-10-07,104.52807999999999,25,Opening,2.078000000000003,False,False,False,True
SAI,Renault,25,0 days 00:01:37.106000,0 days 00:00:34.844000,0 days 00:00:43.491000,0 days 00:00:18.771000,Soft,24,1,,,1,True,0 days 01:02:09.426000,97.106,34.844,43.491,18.771,3729.426,3713.367,27.9,51.1,1008.1,False,37.0,336,2.6,False,True,False,FORMULA 1 2018 HONDA JAPANESE GRAND PRIX,Suzuka,Japan,,,Permanent,,,0.35882437748439855,0.4478713982658126,0.1933042242497889,3,False,Japanese Grand Prix,japanese_grand_prix,2018,2018-10-07,103.1368387096774,31,Opening,2.908999999999992,False,False,False,True
VET,Ferrari,25,0 days 00:01:37.025000,0 days 00:00:34.864000,0 days 00:00:43.482000,0 days 00:00:18.679000,SUPERSOFT,27,1,,,1,True,0 days 01:02:10.458000,97.025,34.864,43.482,18.679,3730.458,3713.367,27.9,51.1,1008.1,False,37.0,336,2.6,False,True,False,FORMULA 1 2018 HONDA JAPANESE GRAND PRIX,Suzuka,Japan,,,Permanent,,,0.3593300695696985,0.4481525380056686,0.1925173924246328,3,False,Japanese Grand Prix,japanese_grand_prix,2018,2018-10-07,104.7858,25,Opening,4.707000000000008,False,False,False,True
HAR,Toro Rosso,25,0 days 00:01:37.324000,0 days 00:00:34.781000,0 days 00:00:43.637000,0 days 00:00:18.906000,SUPERSOFT,27,1,,,1,True,0 days 01:02:16.020000,97.324,34.781,43.637,18.906,3736.02,3713.367,27.9,51.1,1008.1,False,37.0,336,2.6,False,True,False,FORMULA 1 2018 HONDA JAPANESE GRAND PRIX,Suzuka,Japan,,,Permanent,,,0.35737330976942994,0.44836833668981957,0.19425835354075047,3,False,Japanese Grand Prix,japanese_grand_prix,2018,2018-10-07,104.28374074074074,27,Opening,2.4669999999999987,False,False,False,True
ALO,McLaren,25,0 days 00:01:37.882000,0 days 00:00:35.294000,0 days 00:00:43.700000,0 days 00:00:18.888000,Soft,24,1,,,1,True,0 days 01:02:18.609000,97.882,35.294,43.7,18.888,3738.609,3713.367,27.9,51.1,1008.1,False,37.0,336,2.6,False,True,False,FORMULA 1 2018 HONDA JAPANESE GRAND PRIX,Suzuka,Japan,,,Permanent,,,0.36057702131137487,0.44645593674015654,0.19296704194846856,3,False,Japanese Grand Prix,japanese_grand_prix,2018,2018-10-07,104.87276,25,Opening,3.939000000000007,False,False,False,True
HUL,Renault,25,0 days 00:01:37.554000,0 days 00:00:35.399000,0 days 00:00:43.595000,0 days 00:00:18.560000,Medium,24,1,,,1,True,0 days 01:02:20.783000,97.554,35.399,43.595,18.56,3740.783,3713.367,27.9,51.1,1008.1,False,37.0,336,2.6,False,True,False,FORMULA 1 2018 HONDA JAPANESE GRAND PRIX,Suzuka,Japan,,,Permanent,,,0.3628656948971852,0.44688070197019086,0.19025360313262396,3,False,Japanese Grand Prix,japanese_grand_prix,2018,2018-10-07,104.04220689655173,29,Opening,2.6200000000000045,False,False,False,True
LEC,Sauber,25,0 days 00:01:37.919000,0 days 00:00:35.618000,0 days 00:00:43.676000,0 days 00:00:18.625000,Medium,21,2,,,1,True,0 days 01:02:21.714000,97.919,35.618,43.676,18.625,3741.714,3713.367,27.9,51.1,1008.1,False,37.0,336,2.6,False,True,False,FORMULA 1 2018 HONDA JAPANESE GRAND PRIX,Suzuka,Japan,,,Permanent,,,0.36374962979605596,0.44604213686822786,0.19020823333571626,3,False,Japanese Grand Prix,japanese_grand_prix,2018,2018-10-07,100.60793333333332,30,Mid,3.4039999999999964,False,False,False,True
ERI,Sauber,25,0 days 00:01:37.566000,0 days 00:00:35.152000,0 days 00:00:43.710000,0 days 00:00:18.704000,Medium,20,2,,,1,True,0 days 01:02:23.316000,97.566,35.152,43.71,18.704,3743.316,3713.367,27.9,51.1,1008.1,False,37.0,336,2.6,False,True,False,FORMULA 1 2018 HONDA JAPANESE GRAND PRIX,Suzuka,Japan,,,Permanent,,,0.3602894450935777,0.44800442777196975,0.19170612713445256,3,False,Japanese Grand Prix,japanese_grand_prix,2018,2018-10-07,98.81828260869564,46,Closing,1.2720000000000056,False,False,False,True
SIR,Williams,25,0 days 00:01:37.178000,0 days 00:00:35.321000,0 days 00:00:43.346000,0 days 00:00:18.511000,Medium,21,2,,,1,True,0 days 01:02:25.452000,97.178,35.321,43.346,18.511,3745.452,3773.35,27.9,51.2,1008.1,False,37.0,330,2.7,False,True,False,FORMULA 1 2018 HONDA JAPANESE GRAND PRIX,Suzuka,Japan,,,Permanent,,,0.36346703986499,0.446047459301488,0.19048550083352198,3,False,Japanese Grand Prix,japanese_grand_prix,2018,2018-10-07,100.64236363636363,33,Mid,3.192999999999998,False,False,False,True
PER,Racing Point,25,0 days 00:01:54.029000,0 days 00:00:53.702000,0 days 00:00:42.116000,0 days 00:00:18.211000,Soft,1,2,,0 days 01:00:54.267000,1,False,0 days 01:02:26.004000,114.029,53.702,42.116,18.211,3746.004,3773.35,27.9,51.2,1008.1,False,37.0,330,2.7,False,True,False,FORMULA 1 2018 HONDA JAPANESE GRAND PRIX,Suzuka,Japan,,,Permanent,,,0.47095037227371983,0.3693446403984951,0.15970498732778504,3,False,Japanese Grand Prix,japanese_grand_prix,2018,2018-10-07,96.43148275862069,29,Closing,19.956000000000003,False,False,False,True
STR,Williams,25,0 days 00:01:37.859000,0 days 00:00:34.878000,0 days 00:00:43.565000,0 days 00:00:19.416000,Medium,11,2,,,1,True,0 days 01:02:33.863000,97.859,34.878,43.565,19.416,3753.863,3773.35,27.9,51.2,1008.1,False,37.0,330,2.7,False,True,False,FORMULA 1 2018 HONDA JAPANESE GRAND PRIX,Suzuka,Japan,,,Permanent,,,0.3564107542484595,0.44518133232507995,0.19840791342646052,3,False,Japanese Grand Prix,japanese_grand_prix,2018,2018-10-07,98.17664,25,Mid,4.5049999999999955,False,False,False,True
VAN,McLaren,25,0 days 00:01:35.023000,0 days 00:00:33.826000,0 days 00:00:42.663000,0 days 00:00:18.534000,Medium,2,2,,,1,True,0 days 01:02:45.859000,95.023,33.826,42.663,18.534,3765.859,3773.35,27.9,51.2,1008.1,False,37.0,330,2.7,False,True,False,FORMULA 1 2018 HONDA JAPANESE GRAND PRIX,Suzuka,Japan,,,Permanent,,,0.35597697399576944,0.44897551119202717,0.19504751481220337,3,False,Japanese Grand Prix,japanese_grand_prix,2018,2018-10-07,97.85772413793103,29,Closing,0.0,False,False,False,True
HAM,Mercedes,26,0 days 00:01:33.715000,0 days 00:00:33.727000,0 days 00:00:41.952000,0 days 00:00:18.036000,Medium,2,2,,,1,True,0 days 01:03:09.123000,93.715,33.727,41.952,18.036,3789.123,3773.35,27.9,51.2,1008.1,False,37.0,330,2.7,False,True,False,FORMULA 1 2018 HONDA JAPANESE GRAND PRIX,Suzuka,Japan,,,Permanent,,,0.35988902523608807,0.44765512457984313,0.19245585018406872,3,False,Japanese Grand Prix,japanese_grand_prix,2018,2018-10-07,95.38982758620689,29,Closing,0.9300000000000068,False,False,False,True
BOT,Mercedes,26,0 days 00:01:33.705000,0 days 00:00:33.436000,0 days 00:00:42.176000,0 days 00:00:18.093000,Medium,3,2,,,1,True,0 days 01:03:13.773000,93.705,33.436,42.176,18.093,3793.773,3773.35,27.9,51.2,1008.1,False,37.0,330,2.7,False,True,False,FORMULA 1 2018 HONDA JAPANESE GRAND PRIX,Suzuka,Japan,,,Permanent,,,0.3568219411984419,0.4500933781548477,0.19308468064671042,3,False,Japanese Grand Prix,japanese_grand_prix,2018,2018-10-07,95.5993,30,Closing,0.5949999999999989,False,False,False,True
VER,Red Bull Racing,26,0 days 00:01:33.743000,0 days 00:00:33.550000,0 days 00:00:42.023000,0 days 00:00:18.170000,Soft,5,2,,,1,True,0 days 01:03:24.443000,93.743,33.55,42.023,18.17,3804.443,3833.514,28.0,51.0,1008.1,False,37.1,323,2.5,False,True,False,FORMULA 1 2018 HONDA JAPANESE GRAND PRIX,Suzuka,Japan,,,Permanent,,,0.3578933893730732,0.44827880481742644,0.19382780580950046,3,False,Japanese Grand Prix,japanese_grand_prix,2018,2018-10-07,95.4254375,32,Closing,0.37599999999999056,False,False,False,True
RIC,Red Bull Racing,26,0 days 00:01:33.619000,0 days 00:00:33.568000,0 days 00:00:41.937000,0 days 00:00:18.114000,Medium,3,2,,,1,True,0 days 01:03:25.633000,93.619,33.568,41.937,18.114,3805.633,3833.514,28.0,51.0,1008.1,False,37.1,323,2.5,False,True,False,FORMULA 1 2018 HONDA JAPANESE GRAND PRIX,Suzuka,Japan,,,Permanent,,,0.3585596940791933,0.4479539409735203,0.19348636494728635,3,False,Japanese Grand Prix,japanese_grand_prix,2018,2018-10-07,95.42473333333334,30,Closing,0.43200000000000216,False,False,False,True
RAI,Ferrari,26,0 days 00:01:34.469000,0 days 00:00:33.970000,0 days 00:00:42.349000,0 days 00:00:18.150000,Medium,9,2,,,1,True,0 days 01:03:31.039000,94.469,33.97,42.349,18.15,3811.039,3833.514,28.0,51.0,1008.1,False,37.1,323,2.5,False,True,False,FORMULA 1 2018 HONDA JAPANESE GRAND PRIX,Suzuka,Japan,,,Permanent,,,0.3595888598376187,0.44828462246874634,0.19212651769363495,3,False,Japanese Grand Prix,japanese_grand_prix,2018,2018-10-07,96.2568611111111,36,Closing,0.2459999999999951,False,False,False,True
GRO,Haas F1 Team,26,0 days 00:01:36.699000,0 days 00:00:34.556000,0 days 00:00:43.477000,0 days 00:00:18.666000,Soft,28,1,,,1,True,0 days 01:03:39.469000,96.699,34.556,43.477,18.666,3819.469,3833.514,28.0,51.0,1008.1,False,37.1,323,2.5,False,True,False,FORMULA 1 2018 HONDA JAPANESE GRAND PRIX,Suzuka,Japan,,,Permanent,,,0.35735633253704796,0.44961168160994425,0.1930319858530078,3,False,Japanese Grand Prix,japanese_grand_prix,2018,2018-10-07,103.54650000000001,28,Opening,1.9129999999999967,False,False,False,True
GAS,Toro Rosso,26,0 days 00:01:37.605000,0 days 00:00:34.918000,0 days 00:00:43.798000,0 days 00:00:18.889000,SUPERSOFT,28,1,,,1,True,0 days 01:03:44.073000,97.605,34.918,43.798,18.889,3824.073,3833.514,28.0,51.0,1008.1,False,37.1,323,2.5,False,True,False,FORMULA 1 2018 HONDA JAPANESE GRAND PRIX,Suzuka,Japan,,,Permanent,,,0.35774806618513394,0.44872701193586395,0.19352492187900208,3,False,Japanese Grand Prix,japanese_grand_prix,2018,2018-10-07,103.81035714285714,28,Opening,3.4720000000000084,False,False,False,True
SAI,Renault,26,0 days 00:01:36.959000,0 days 00:00:34.880000,0 days 00:00:43.430000,0 days 00:00:18.649000,Soft,25,1,,,1,True,0 days 01:03:46.385000,96.959,34.88,43.43,18.649,3826.385,3833.514,28.0,51.0,1008.1,False,37.1,323,2.5,False,True,False,FORMULA 1 2018 HONDA JAPANESE GRAND PRIX,Suzuka,Japan,,,Permanent,,,0.35973968378386745,0.4479212863168968,0.19233902989923576,3,False,Japanese Grand Prix,japanese_grand_prix,2018,2018-10-07,103.1368387096774,31,Opening,2.7620000000000005,False,False,False,True
OCO,Racing Point,26,0 days 00:01:39.970000,0 days 00:00:35.168000,0 days 00:00:43.408000,0 days 00:00:21.394000,SUPERSOFT,28,1,0 days 01:03:45.952000,,1,False,0 days 01:03:47.222000,99.97,35.168,43.408,21.394,3827.222,3833.514,28.0,51.0,1008.1,False,37.1,323,2.5,False,True,False,FORMULA 1 2018 HONDA JAPANESE GRAND PRIX,Suzuka,Japan,,,Permanent,26.0,,0.3517855356606982,0.4342102630789237,0.2140042012603781,3,False,Japanese Grand Prix,japanese_grand_prix,2018,2018-10-07,104.52807999999999,25,Opening,5.299999999999997,False,False,False,True
VET,Ferrari,26,0 days 00:01:40.213000,0 days 00:00:35.096000,0 days 00:00:43.507000,0 days 00:00:21.610000,SUPERSOFT,28,1,0 days 01:03:49.428000,,1,False,0 days 01:03:50.671000,100.213,35.096,43.507,21.61,3830.671,3833.514,28.0,51.0,1008.1,False,37.1,323,2.5,False,True,False,FORMULA 1 2018 HONDA JAPANESE GRAND PRIX,Suzuka,Japan,,,Permanent,26.0,,0.3502140440860966,0.4341452705736781,0.21564068534022532,3,False,Japanese Grand Prix,japanese_grand_prix,2018,2018-10-07,104.7858,25,Opening,7.894999999999996,False,False,False,True
HAR,Toro Rosso,26,0 days 00:01:37.311000,0 days 00:00:34.852000,0 days 00:00:43.660000,0 days 00:00:18.799000,SUPERSOFT,28,1,,,1,True,0 days 01:03:53.331000,97.311,34.852,43.66,18.799,3833.331,3833.514,28.0,51.0,1008.1,False,37.1,323,2.5,False,True,False,FORMULA 1 2018 HONDA JAPANESE GRAND PRIX,Suzuka,Japan,,,Permanent,,,0.35815067155819996,0.44866459084789995,0.19318473759389995,3,False,Japanese Grand Prix,japanese_grand_prix,2018,2018-10-07,104.28374074074074,27,Opening,2.4540000000000077,False,False,False,True
HUL,Renault,26,0 days 00:01:38.007000,0 days 00:00:35.403000,0 days 00:00:43.843000,0 days 00:00:18.761000,Medium,25,1,,,1,True,0 days 01:03:58.790000,98.007,35.403,43.843,18.761,3838.79,3833.514,28.0,51.0,1008.1,False,37.1,323,2.5,False,True,False,FORMULA 1 2018 HONDA JAPANESE GRAND PRIX,Suzuka,Japan,,,Permanent,,,0.3612292999479629,0.4473455977634251,0.191425102288612,3,False,Japanese Grand Prix,japanese_grand_prix,2018,2018-10-07,104.04220689655173,29,Opening,3.0730000000000075,False,False,False,True
ALO,McLaren,26,0 days 00:01:40.439000,0 days 00:00:35.304000,0 days 00:00:43.660000,0 days 00:00:21.475000,Soft,25,1,0 days 01:03:58.043000,,1,False,0 days 01:03:59.048000,100.439,35.304,43.66,21.475,3839.048,3833.514,28.0,51.0,1008.1,False,37.1,323,2.5,False,True,False,FORMULA 1 2018 HONDA JAPANESE GRAND PRIX,Suzuka,Japan,,,Permanent,26.0,,0.3514969284839555,0.4346917034219775,0.21381136809406706,3,False,Japanese Grand Prix,japanese_grand_prix,2018,2018-10-07,104.87276,25,Opening,6.495999999999995,False,False,False,True
LEC,Sauber,26,0 days 00:01:37.804000,0 days 00:00:35.355000,0 days 00:00:43.735000,0 days 00:00:18.714000,Medium,22,2,,,1,True,0 days 01:03:59.518000,97.804,35.355,43.735,18.714,3839.518,3833.514,28.0,51.0,1008.1,False,37.1,323,2.5,False,True,False,FORMULA 1 2018 HONDA JAPANESE GRAND PRIX,Suzuka,Japan,,,Permanent,,,0.36148828268782457,0.4471698499038894,0.19134186740828593,3,False,Japanese Grand Prix,japanese_grand_prix,2018,2018-10-07,100.60793333333332,30,Mid,3.2890000000000015,False,False,False,True
ERI,Sauber,26,0 days 00:01:37.718000,0 days 00:00:35.280000,0 days 00:00:43.815000,0 days 00:00:18.623000,Medium,21,2,,,1,True,0 days 01:04:01.034000,97.718,35.28,43.815,18.623,3841.034,3833.514,28.0,51.0,1008.1,False,37.1,323,2.5,False,True,False,FORMULA 1 2018 HONDA JAPANESE GRAND PRIX,Suzuka,Japan,,,Permanent,,,0.3610389078777707,0.448382079043779,0.19057901307845024,3,False,Japanese Grand Prix,japanese_grand_prix,2018,2018-10-07,98.81828260869564,46,Closing,1.4240000000000066,False,False,False,True
SIR,Williams,26,0 days 00:01:37.725000,0 days 00:00:35.372000,0 days 00:00:43.634000,0 days 00:00:18.719000,Medium,22,2,,,1,True,0 days 01:04:03.177000,97.725,35.372,43.634,18.719,3843.177,3833.514,28.0,51.0,1008.1,False,37.1,323,2.5,False,True,False,FORMULA 1 2018 HONDA JAPANESE GRAND PRIX,Suzuka,Japan,,,Permanent,,,0.3619544640573037,0.44649782553082634,0.19154771041187008,3,False,Japanese Grand Prix,japanese_grand_prix,2018,2018-10-07,100.64236363636363,33,Mid,3.739999999999995,False,False,False,True
PER,Racing Point,26,0 days 00:01:37.427000,0 days 00:00:35.303000,0 days 00:00:43.437000,0 days 00:00:18.687000,Soft,2,2,,,1,True,0 days 01:04:03.431000,97.427,35.303,43.437,18.687,3843.431,3833.514,28.0,51.0,1008.1,False,37.1,323,2.5,False,True,False,FORMULA 1 2018 HONDA JAPANESE GRAND PRIX,Suzuka,Japan,,,Permanent,,,0.3623533517402773,0.445841501842405,0.19180514641731758,3,False,Japanese Grand Prix,japanese_grand_prix,2018,2018-10-07,96.43148275862069,29,Closing,3.3540000000000134,False,False,False,True
STR,Williams,26,0 days 00:01:37.128000,0 days 00:00:35.058000,0 days 00:00:43.372000,0 days 00:00:18.698000,Medium,12,2,,,1,True,0 days 01:04:10.991000,97.128,35.058,43.372,18.698,3850.991,3833.514,28.0,51.0,1008.1,False,37.1,323,2.5,False,True,False,FORMULA 1 2018 HONDA JAPANESE GRAND PRIX,Suzuka,Japan,,,Permanent,,,0.3609463800345935,0.44654476567004364,0.19250885429536282,3,False,Japanese Grand Prix,japanese_grand_prix,2018,2018-10-07,98.17664,25,Mid,3.774000000000001,False,False,False,True
VAN,McLaren,26,0 days 00:01:35.519000,0 days 00:00:34.103000,0 days 00:00:42.911000,0 days 00:00:18.505000,Medium,3,2,,,1,True,0 days 01:04:21.378000,95.519,34.103,42.911,18.505,3861.378,3833.514,28.0,51.0,1008.1,False,37.1,323,2.5,False,True,False,FORMULA 1 2018 HONDA JAPANESE GRAND PRIX,Suzuka,Japan,,,Permanent,,,0.3570284446026445,0.44924046524775174,0.1937310901496037,3,False,Japanese Grand Prix,japanese_grand_prix,2018,2018-10-07,97.85772413793103,29,Closing,0.4960000000000093,False,False,False,True
HAM,Mercedes,27,0 days 00:01:33.879000,0 days 00:00:33.635000,0 days 00:00:42.069000,0 days 00:00:18.175000,Medium,3,2,,,1,True,0 days 01:04:43.002000,93.879,33.635,42.069,18.175,3883.002,3893.397,28.1,50.8,1008.2,False,37.0,323,1.9,False,True,False,FORMULA 1 2018 HONDA JAPANESE GRAND PRIX,Suzuka,Japan,,,Permanent,,,0.35828033958606287,0.4481193877224939,0.19360027269144323,3,False,Japanese Grand Prix,japanese_grand_prix,2018,2018-10-07,95.38982758620689,29,Closing,1.0940000000000083,False,False,False,True
BOT,Mercedes,27,0 days 00:01:34.011000,0 days 00:00:33.587000,0 days 00:00:42.236000,0 days 00:00:18.188000,Medium,4,2,,,1,True,0 days 01:04:47.784000,94.011,33.587,42.236,18.188,3887.784,3893.397,28.1,50.8,1008.2,False,37.0,323,1.9,False,True,False,FORMULA 1 2018 HONDA JAPANESE GRAND PRIX,Suzuka,Japan,,,Permanent,,,0.3572667028326473,0.4492665751880099,0.19346672197934284,3,False,Japanese Grand Prix,japanese_grand_prix,2018,2018-10-07,95.5993,30,Closing,0.9009999999999962,False,False,False,True
VER,Red Bull Racing,27,0 days 00:01:33.587000,0 days 00:00:33.420000,0 days 00:00:42.044000,0 days 00:00:18.123000,Soft,6,2,,,1,True,0 days 01:04:58.030000,93.587,33.42,42.044,18.123,3898.03,3893.397,28.1,50.8,1008.2,False,37.0,323,1.9,False,True,False,FORMULA 1 2018 HONDA JAPANESE GRAND PRIX,Suzuka,Japan,,,Permanent,,,0.35710087939564256,0.44925043008110094,0.19364869052325645,3,False,Japanese Grand Prix,japanese_grand_prix,2018,2018-10-07,95.4254375,32,Closing,0.21999999999999886,False,False,False,True
RIC,Red Bull Racing,27,0 days 00:01:34.229000,0 days 00:00:33.556000,0 days 00:00:42.372000,0 days 00:00:18.301000,Medium,4,2,,,1,True,0 days 01:04:59.862000,94.229,33.556,42.372,18.301,3899.862,3893.397,28.1,50.8,1008.2,False,37.0,323,1.9,False,True,False,FORMULA 1 2018 HONDA JAPANESE GRAND PRIX,Suzuka,Japan,,,Permanent,,,0.35611117596493647,0.44967048360908,0.1942183404259835,3,False,Japanese Grand Prix,japanese_grand_prix,2018,2018-10-07,95.42473333333334,30,Closing,1.0420000000000016,False,False,False,True
RAI,Ferrari,27,0 days 00:01:34.262000,0 days 00:00:33.730000,0 days 00:00:42.273000,0 days 00:00:18.259000,Medium,10,2,,,1,True,0 days 01:05:05.301000,94.262,33.73,42.273,18.259,3905.301,3893.397,28.1,50.8,1008.2,False,37.0,323,1.9,False,True,False,FORMULA 1 2018 HONDA JAPANESE GRAND PRIX,Suzuka,Japan,,,Permanent,,,0.35783242451889413,0.4484627951878806,0.19370478029322527,3,False,Japanese Grand Prix,japanese_grand_prix,2018,2018-10-07,96.2568611111111,36,Closing,0.03900000000000148,False,False,False,True
GRO,Haas F1 Team,27,0 days 00:01:36.784000,0 days 00:00:34.587000,0 days 00:00:43.381000,0 days 00:00:18.816000,Soft,29,1,,,1,True,0 days 01:05:16.253000,96.784,34.587,43.381,18.816,3916.253,3893.397,28.1,50.8,1008.2,False,37.0,323,1.9,False,True,False,FORMULA 1 2018 HONDA JAPANESE GRAND PRIX,Suzuka,Japan,,,Permanent,,,0.35736278723755993,0.4482249132087948,0.1944122995536452,3,False,Japanese Grand Prix,japanese_grand_prix,2018,2018-10-07,103.54650000000001,28,Opening,1.9980000000000047,False,False,False,True
GAS,Toro Rosso,27,0 days 00:01:37.521000,0 days 00:00:34.770000,0 days 00:00:43.856000,0 days 00:00:18.895000,SUPERSOFT,29,1,,,1,True,0 days 01:05:21.594000,97.521,34.77,43.856,18.895,3921.594,3893.397,28.1,50.8,1008.2,False,37.0,323,1.9,False,True,False,FORMULA 1 2018 HONDA JAPANESE GRAND PRIX,Suzuka,Japan,,,Permanent,,,0.35653859168794416,0.4497082679627978,0.1937531403492581,3,False,Japanese Grand Prix,japanese_grand_prix,2018,2018-10-07,103.81035714285714,28,Opening,3.3880000000000052,False,False,False,True
SAI,Renault,27,0 days 00:01:37.045000,0 days 00:00:34.822000,0 days 00:00:43.487000,0 days 00:00:18.736000,Soft,26,1,,,1,True,0 days 01:05:23.430000,97.045,34.822,43.487,18.736,3923.43,3893.397,28.1,50.8,1008.2,False,37.0,323,1.9,False,True,False,FORMULA 1 2018 HONDA JAPANESE GRAND PRIX,Suzuka,Japan,,,Permanent,,,0.35882322633829666,0.4481117007573806,0.19306507290432273,3,False,Japanese Grand Prix,japanese_grand_prix,2018,2018-10-07,103.1368387096774,31,Opening,2.847999999999999,False,False,False,True
HAR,Toro Rosso,27,0 days 00:01:37.326000,0 days 00:00:34.829000,0 days 00:00:43.668000,0 days 00:00:18.829000,SUPERSOFT,29,1,,,1,True,0 days 01:05:30.657000,97.326,34.829,43.668,18.829,3930.657,3953.557,28.3,50.2,1008.2,False,37.0,342,0.9,False,True,False,FORMULA 1 2018 HONDA JAPANESE GRAND PRIX,Suzuka,Japan,,,Permanent,,,0.35785915377185956,0.44867764009617167,0.19346320613196888,3,False,Japanese Grand Prix,japanese_grand_prix,2018,2018-10-07,104.28374074074074,27,Opening,2.468999999999994,False,False,False,True
HUL,Renault,27,0 days 00:01:37.691000,0 days 00:00:35.276000,0 days 00:00:43.645000,0 days 00:00:18.770000,Medium,26,1,,,1,True,0 days 01:05:36.481000,97.691,35.276,43.645,18.77,3936.481,3953.557,28.3,50.2,1008.2,False,37.0,342,0.9,False,True,False,FORMULA 1 2018 HONDA JAPANESE GRAND PRIX,Suzuka,Japan,,,Permanent,,,0.36109774697771546,0.4467658228495972,0.19213643017268733,3,False,Japanese Grand Prix,japanese_grand_prix,2018,2018-10-07,104.04220689655173,29,Opening,2.757000000000005,False,False,False,True
LEC,Sauber,27,0 days 00:01:37.704000,0 days 00:00:35.184000,0 days 00:00:43.712000,0 days 00:00:18.808000,Medium,23,2,,,1,True,0 days 01:05:37.222000,97.704,35.184,43.712,18.808,3937.222,3953.557,28.3,50.2,1008.2,False,37.0,342,0.9,False,True,False,FORMULA 1 2018 HONDA JAPANESE GRAND PRIX,Suzuka,Japan,,,Permanent,,,0.3601080815524441,0.4473921231474659,0.19249979530009007,3,False,Japanese Grand Prix,japanese_grand_prix,2018,2018-10-07,100.60793333333332,30,Mid,3.188999999999993,False,False,False,True
ERI,Sauber,27,0 days 00:01:37.608000,0 days 00:00:35.127000,0 days 00:00:43.720000,0 days 00:00:18.761000,Medium,22,2,,,1,True,0 days 01:05:38.642000,97.608,35.127,43.72,18.761,3938.642,3953.557,28.3,50.2,1008.2,False,37.0,342,0.9,False,True,False,FORMULA 1 2018 HONDA JAPANESE GRAND PRIX,Suzuka,Japan,,,Permanent,,,0.35987828866486354,0.4479141054011966,0.19220760593393982,3,False,Japanese Grand Prix,japanese_grand_prix,2018,2018-10-07,98.81828260869564,46,Closing,1.3140000000000072,False,False,False,True
PER,Racing Point,27,0 days 00:01:35.543000,0 days 00:00:33.979000,0 days 00:00:43.028000,0 days 00:00:18.536000,Soft,3,2,,,1,True,0 days 01:05:38.974000,95.543,33.979,43.028,18.536,3938.974,3953.557,28.3,50.2,1008.2,False,37.0,342,0.9,False,True,False,FORMULA 1 2018 HONDA JAPANESE GRAND PRIX,Suzuka,Japan,,,Permanent,,,0.3556409156086788,0.45035219743989613,0.194006886951425,3,False,Japanese Grand Prix,japanese_grand_prix,2018,2018-10-07,96.43148275862069,29,Closing,1.470000000000013,False,False,False,True
SIR,Williams,27,0 days 00:01:38.561000,0 days 00:00:36.022000,0 days 00:00:43.525000,0 days 00:00:19.014000,Medium,23,2,,,1,True,0 days 01:05:41.738000,98.561,36.022,43.525,19.014,3941.738,3953.557,28.3,50.2,1008.2,False,37.0,342,0.9,False,True,False,FORMULA 1 2018 HONDA JAPANESE GRAND PRIX,Suzuka,Japan,,,Permanent,,,0.36547924635504914,0.441604691510841,0.19291606213410983,3,False,Japanese Grand Prix,japanese_grand_prix,2018,2018-10-07,100.64236363636363,33,Mid,4.576000000000008,False,False,False,True
OCO,Racing Point,27,0 days 00:01:54.663000,0 days 00:00:53.532000,0 days 00:00:42.389000,0 days 00:00:18.742000,Medium,1,2,,0 days 01:04:09.189000,1,False,0 days 01:05:41.885000,114.663,53.532,42.389,18.742,3941.885,3953.557,28.3,50.2,1008.2,False,37.0,342,0.9,False,True,False,FORMULA 1 2018 HONDA JAPANESE GRAND PRIX,Suzuka,Japan,,,Permanent,,,0.46686376599251717,0.3696833328972729,0.16345290111020994,3,False,Japanese Grand Prix,japanese_grand_prix,2018,2018-10-07,96.66451851851852,27,Closing,19.992999999999995,False,False,False,True
VET,Ferrari,27,0 days 00:01:51.858000,0 days 00:00:52.260000,0 days 00:00:41.519000,0 days 00:00:18.079000,Soft,1,2,,0 days 01:04:12.080000,1,False,0 days 01:05:42.529000,111.858,52.26,41.519,18.079,3942.529,3953.557,28.3,50.2,1008.2,False,37.0,342,0.9,False,True,False,FORMULA 1 2018 HONDA JAPANESE GRAND PRIX,Suzuka,Japan,,,Permanent,,,0.4671994850614171,0.37117595522895097,0.16162455970963185,3,False,Japanese Grand Prix,japanese_grand_prix,2018,2018-10-07,95.86337037037038,27,Closing,19.540000000000006,False,False,False,True
STR,Williams,27,0 days 00:01:37.751000,0 days 00:00:35.262000,0 days 00:00:43.509000,0 days 00:00:18.980000,Medium,13,2,,,1,True,0 days 01:05:48.742000,97.751,35.262,43.509,18.98,3948.742,3953.557,28.3,50.2,1008.2,False,37.0,342,0.9,False,True,False,FORMULA 1 2018 HONDA JAPANESE GRAND PRIX,Suzuka,Japan,,,Permanent,,,0.36073288252805596,0.4451003058792237,0.19416681159272028,3,False,Japanese Grand Prix,japanese_grand_prix,2018,2018-10-07,98.17664,25,Mid,4.397000000000006,False,False,False,True
VAN,McLaren,27,0 days 00:01:36.036000,0 days 00:00:34.452000,0 days 00:00:42.932000,0 days 00:00:18.652000,Medium,4,2,,,1,True,0 days 01:05:57.414000,96.036,34.452,42.932,18.652,3957.414,3953.557,28.3,50.2,1008.2,False,37.0,342,0.9,False,True,False,FORMULA 1 2018 HONDA JAPANESE GRAND PRIX,Suzuka,Japan,,,Permanent,,,0.3587404723228789,0.4470406930734308,0.1942188346036903,3,False,Japanese Grand Prix,japanese_grand_prix,2018,2018-10-07,97.85772413793103,29,Closing,1.0130000000000052,False,False,False,True
ALO,McLaren,27,0 days 00:01:58.496000,0 days 00:00:57.733000,0 days 00:00:42.464000,0 days 00:00:18.299000,Medium,1,2,,0 days 01:04:25.284000,1,False,0 days 01:05:57.544000,118.496,57.733,42.464,18.299,3957.544,3953.557,28.3,50.2,1008.2,False,37.0,342,0.9,False,True,False,FORMULA 1 2018 HONDA JAPANESE GRAND PRIX,Suzuka,Japan,,,Permanent,,,0.4872147583040778,0.358358088036727,0.15442715365919524,3,False,Japanese Grand Prix,japanese_grand_prix,2018,2018-10-07,98.23603846153847,26,Closing,24.552999999999997,False,False,False,True
HAM,Mercedes,28,0 days 00:01:34.026000,0 days 00:00:33.520000,0 days 00:00:42.182000,0 days 00:00:18.324000,Medium,4,2,,,1,True,0 days 01:06:17.028000,94.026,33.52,42.182,18.324,3977.028,3953.557,28.3,50.2,1008.2,False,37.0,342,0.9,False,True,False,FORMULA 1 2018 HONDA JAPANESE GRAND PRIX,Suzuka,Japan,,,Permanent,,,0.3564971390891881,0.44862059430370327,0.1948822666071087,3,False,Japanese Grand Prix,japanese_grand_prix,2018,2018-10-07,95.38982758620689,29,Closing,1.2409999999999997,False,False,False,True
BOT,Mercedes,28,0 days 00:01:34.576000,0 days 00:00:34.027000,0 days 00:00:42.336000,0 days 00:00:18.213000,Medium,5,2,,,1,True,0 days 01:06:22.360000,94.576,34.027,42.336,18.213,3982.36,3953.557,28.3,50.2,1008.2,False,37.0,342,0.9,False,True,False,FORMULA 1 2018 HONDA JAPANESE GRAND PRIX,Suzuka,Japan,,,Permanent,,,0.35978472339705636,0.4476399932329555,0.1925752833699882,3,False,Japanese Grand Prix,japanese_grand_prix,2018,2018-10-07,95.5993,30,Closing,1.465999999999994,False,False,False,True
VER,Red Bull Racing,28,0 days 00:01:34.022000,0 days 00:00:33.632000,0 days 00:00:42.160000,0 days 00:00:18.230000,Soft,7,2,,,1,True,0 days 01:06:32.052000,94.022,33.632,42.16,18.23,3992.052,4013.487,28.3,50.2,1008.2,False,36.9,332,2.0,False,True,False,FORMULA 1 2018 HONDA JAPANESE GRAND PRIX,Suzuka,Japan,,,Permanent,,,0.3577035161983365,0.44840569228478433,0.19389079151687902,3,False,Japanese Grand Prix,japanese_grand_prix,2018,2018-10-07,95.4254375,32,Closing,0.6550000000000011,False,False,False,True
RIC,Red Bull Racing,28,0 days 00:01:34.658000,0 days 00:00:34.015000,0 days 00:00:42.407000,0 days 00:00:18.236000,Medium,5,2,,,1,True,0 days 01:06:34.520000,94.658,34.015,42.407,18.236,3994.52,4013.487,28.3,50.2,1008.2,False,36.9,332,2.0,False,True,False,FORMULA 1 2018 HONDA JAPANESE GRAND PRIX,Suzuka,Japan,,,Permanent,,,0.35934627818039677,0.44800228189904706,0.1926514399205561,3,False,Japanese Grand Prix,japanese_grand_prix,2018,2018-10-07,95.42473333333334,30,Closing,1.4710000000000036,False,False,False,True
RAI,Ferrari,28,0 days 00:01:34.223000,0 days 00:00:33.757000,0 days 00:00:42.250000,0 days 00:00:18.216000,Medium,11,2,,,1,True,0 days 01:06:39.524000,94.223,33.757,42.25,18.216,3999.524,4013.487,28.3,50.2,1008.2,False,36.9,332,2.0,False,True,False,FORMULA 1 2018 HONDA JAPANESE GRAND PRIX,Suzuka,Japan,,,Permanent,,,0.35826708977638155,0.4484043174171911,0.1933285928064273,3,False,Japanese Grand Prix,japanese_grand_prix,2018,2018-10-07,96.2568611111111,36,Closing,0.0,False,False,False,True
GRO,Haas F1 Team,28,0 days 00:01:36.333000,0 days 00:00:34.278000,0 days 00:00:43.230000,0 days 00:00:18.825000,Soft,30,1,,,1,True,0 days 01:06:52.586000,96.333,34.278,43.23,18.825,4012.586,4013.487,28.3,50.2,1008.2,False,36.9,332,2.0,False,True,False,FORMULA 1 2018 HONDA JAPANESE GRAND PRIX,Suzuka,Japan,,,Permanent,,,0.3558282208588957,0.4487558780480209,0.19541590109308335,3,False,Japanese Grand Prix,japanese_grand_prix,2018,2018-10-07,103.54650000000001,28,Opening,1.546999999999997,False,False,False,True
GAS,Toro Rosso,28,0 days 00:01:37.778000,0 days 00:00:34.890000,0 days 00:00:43.959000,0 days 00:00:18.929000,SUPERSOFT,30,1,,,1,True,0 days 01:06:59.372000,97.778,34.89,43.959,18.929,4019.372,4013.487,28.3,50.2,1008.2,False,36.9,332,2.0,False,True,False,FORMULA 1 2018 HONDA JAPANESE GRAND PRIX,Suzuka,Japan,,,Permanent,,,0.3568287344801489,0.4495796600462272,0.1935916054736239,3,False,Japanese Grand Prix,japanese_grand_prix,2018,2018-10-07,103.81035714285714,28,Opening,3.6450000000000102,False,False,False,True
SAI,Renault,28,0 days 00:01:37.045000,0 days 00:00:34.833000,0 days 00:00:43.462000,0 days 00:00:18.750000,Soft,27,1,,,1,True,0 days 01:07:00.475000,97.045,34.833,43.462,18.75,4020.475,4013.487,28.3,50.2,1008.2,False,36.9,332,2.0,False,True,False,FORMULA 1 2018 HONDA JAPANESE GRAND PRIX,Suzuka,Japan,,,Permanent,,,0.3589365758153434,0.44785408830954715,0.1932093358751095,3,False,Japanese Grand Prix,japanese_grand_prix,2018,2018-10-07,103.1368387096774,31,Opening,2.847999999999999,False,False,False,True
HAR,Toro Rosso,28,0 days 00:01:39.688000,0 days 00:00:34.829000,0 days 00:00:43.569000,0 days 00:00:21.290000,SUPERSOFT,30,1,0 days 01:07:09.173000,,1,False,0 days 01:07:10.345000,99.688,34.829,43.569,21.29,4030.345,4013.487,28.3,50.2,1008.2,False,36.9,332,2.0,False,True,False,FORMULA 1 2018 HONDA JAPANESE GRAND PRIX,Suzuka,Japan,,,Permanent,28.0,,0.34938006580531256,0.4370536072546345,0.21356632694005295,3,False,Japanese Grand Prix,japanese_grand_prix,2018,2018-10-07,104.28374074074074,27,Opening,4.831000000000003,False,False,False,True
LEC,Sauber,28,0 days 00:01:37.567000,0 days 00:00:35.261000,0 days 00:00:43.509000,0 days 00:00:18.797000,Medium,24,2,,,1,True,0 days 01:07:14.789000,97.567,35.261,43.509,18.797,4034.789,4013.487,28.3,50.2,1008.2,False,36.9,332,2.0,False,True,False,FORMULA 1 2018 HONDA JAPANESE GRAND PRIX,Suzuka,Japan,,,Permanent,,,0.36140293336886453,0.44593971322270853,0.19265735340842705,3,False,Japanese Grand Prix,japanese_grand_prix,2018,2018-10-07,100.60793333333332,30,Mid,3.0519999999999925,False,False,False,True
PER,Racing Point,28,0 days 00:01:36.191000,0 days 00:00:34.132000,0 days 00:00:43.224000,0 days 00:00:18.835000,Soft,4,2,,,1,True,0 days 01:07:15.165000,96.191,34.132,43.224,18.835,4035.165,4013.487,28.3,50.2,1008.2,False,36.9,332,2.0,False,True,False,FORMULA 1 2018 HONDA JAPANESE GRAND PRIX,Suzuka,Japan,,,Permanent,,,0.35483569148880867,0.44935596885363494,0.1958083396575563,3,False,Japanese Grand Prix,japanese_grand_prix,2018,2018-10-07,96.43148275862069,29,Closing,2.118000000000009,False,False,False,True
HUL,Renault,28,0 days 00:01:39.371000,0 days 00:00:35.261000,0 days 00:00:43.648000,0 days 00:00:20.462000,Medium,27,1,,,1,True,0 days 01:07:15.852000,99.371,35.261,43.648,20.462,4035.852,4013.487,28.3,50.2,1008.2,False,36.9,332,2.0,False,True,False,FORMULA 1 2018 HONDA JAPANESE GRAND PRIX,Suzuka,Japan,,,Permanent,,,0.35484195590262757,0.4392428374475451,0.20591520664982743,3,False,Japanese Grand Prix,japanese_grand_prix,2018,2018-10-07,104.04220689655173,29,Opening,4.436999999999998,False,False,False,True
ERI,Sauber,28,0 days 00:01:38.144000,0 days 00:00:35.792000,0 days 00:00:43.627000,0 days 00:00:18.725000,Medium,23,2,,,1,True,0 days 01:07:16.786000,98.144,35.792,43.627,18.725,4036.786,4013.487,28.3,50.2,1008.2,False,36.9,332,2.0,False,True,False,FORMULA 1 2018 HONDA JAPANESE GRAND PRIX,Suzuka,Japan,,,Permanent,,,0.36468862080208675,0.4445202967068797,0.19079108249103358,3,False,Japanese Grand Prix,japanese_grand_prix,2018,2018-10-07,98.81828260869564,46,Closing,1.8500000000000085,False,False,False,True
OCO,Racing Point,28,0 days 00:01:35.193000,0 days 00:00:33.932000,0 days 00:00:42.519000,0 days 00:00:18.742000,Medium,2,2,,,1,True,0 days 01:07:17.078000,95.193,33.932,42.519,18.742,4037.078,4013.487,28.3,50.2,1008.2,False,36.9,332,2.0,False,True,False,FORMULA 1 2018 HONDA JAPANESE GRAND PRIX,Suzuka,Japan,,,Permanent,,,0.356454781338964,0.44666099398064985,0.1968842246803862,3,False,Japanese Grand Prix,japanese_grand_prix,2018,2018-10-07,96.66451851851852,27,Closing,0.5229999999999961,False,False,False,True
VET,Ferrari,28,0 days 00:01:36.431000,0 days 00:00:35.282000,0 days 00:00:43.005000,0 days 00:00:18.144000,Soft,2,2,,,1,True,0 days 01:07:18.960000,96.431,35.282,43.005,18.144,4038.96,4013.487,28.3,50.2,1008.2,False,36.9,332,2.0,False,True,False,FORMULA 1 2018 HONDA JAPANESE GRAND PRIX,Suzuka,Japan,,,Permanent,,,0.3658781926973691,0.4459665460277297,0.1881552612749012,3,False,Japanese Grand Prix,japanese_grand_prix,2018,2018-10-07,95.86337037037038,27,Closing,4.1129999999999995,False,False,False,True
SIR,Williams,28,0 days 00:01:39.267000,0 days 00:00:35.842000,0 days 00:00:44.503000,0 days 00:00:18.922000,Medium,24,2,,,1,True,0 days 01:07:21.005000,99.267,35.842,44.503,18.922,4041.005,4013.487,28.3,50.2,1008.2,False,36.9,332,2.0,False,True,False,FORMULA 1 2018 HONDA JAPANESE GRAND PRIX,Suzuka,Japan,,,Permanent,,,0.36106661831222864,0.44831615743399117,0.19061722425378022,3,False,Japanese Grand Prix,japanese_grand_prix,2018,2018-10-07,100.64236363636363,33,Mid,5.2819999999999965,False,False,False,True
STR,Williams,28,0 days 00:01:36.976000,0 days 00:00:34.805000,0 days 00:00:43.343000,0 days 00:00:18.828000,Medium,14,2,,,1,True,0 days 01:07:25.718000,96.976,34.805,43.343,18.828,4045.718,4073.627,28.1,50.7,1008.2,False,36.2,340,1.7,False,True,False,FORMULA 1 2018 HONDA JAPANESE GRAND PRIX,Suzuka,Japan,,,Permanent,,,0.35890323378980366,0.44694563603365783,0.1941511301765385,3,False,Japanese Grand Prix,japanese_grand_prix,2018,2018-10-07,98.17664,25,Mid,3.622,False,False,False,True
ALO,McLaren,28,0 days 00:01:33.943000,0 days 00:00:33.449000,0 days 00:00:42.225000,0 days 00:00:18.269000,Medium,2,2,,,1,True,0 days 01:07:31.487000,93.943,33.449,42.225,18.269,4051.487,4073.627,28.1,50.7,1008.2,False,36.2,340,1.7,False,True,False,FORMULA 1 2018 HONDA JAPANESE GRAND PRIX,Suzuka,Japan,,,Permanent,,,0.35605633203112524,0.4494746814557764,0.19446898651309835,3,False,Japanese Grand Prix,japanese_grand_prix,2018,2018-10-07,98.23603846153847,26,Closing,0.0,False,False,False,True
VAN,McLaren,28,0 days 00:01:37.006000,0 days 00:00:35.357000,0 days 00:00:43.171000,0 days 00:00:18.478000,Medium,5,2,,,1,True,0 days 01:07:34.420000,97.006,35.357,43.171,18.478,4054.42,4073.627,28.1,50.7,1008.2,False,36.2,340,1.7,False,True,False,FORMULA 1 2018 HONDA JAPANESE GRAND PRIX,Suzuka,Japan,,,Permanent,,,0.36448260932313464,0.4450343277735398,0.1904830629033256,3,False,Japanese Grand Prix,japanese_grand_prix,2018,2018-10-07,97.85772413793103,29,Closing,1.983000000000004,False,False,False,True
HAM,Mercedes,29,0 days 00:01:34.691000,0 days 00:00:33.927000,0 days 00:00:42.594000,0 days 00:00:18.170000,Medium,5,2,,,1,True,0 days 01:07:51.719000,94.691,33.927,42.594,18.17,4071.719,4073.627,28.1,50.7,1008.2,False,36.2,340,1.7,False,True,False,FORMULA 1 2018 HONDA JAPANESE GRAND PRIX,Suzuka,Japan,,,Permanent,,,0.3582917067091909,0.44982099671563297,0.19188729657517611,3,False,Japanese Grand Prix,japanese_grand_prix,2018,2018-10-07,95.38982758620689,29,Closing,1.906000000000006,False,False,False,True
BOT,Mercedes,29,0 days 00:01:34.744000,0 days 00:00:34.115000,0 days 00:00:42.460000,0 days 00:00:18.169000,Medium,6,2,,,1,True,0 days 01:07:57.104000,94.744,34.115,42.46,18.169,4077.104,4073.627,28.1,50.7,1008.2,False,36.2,340,1.7,False,True,False,FORMULA 1 2018 HONDA JAPANESE GRAND PRIX,Suzuka,Japan,,,Permanent,,,0.3600755720678882,0.4481550282867517,0.19176939964536013,3,False,Japanese Grand Prix,japanese_grand_prix,2018,2018-10-07,95.5993,30,Closing,1.6340000000000003,False,False,False,True
VER,Red Bull Racing,29,0 days 00:01:33.780000,0 days 00:00:33.555000,0 days 00:00:42.069000,0 days 00:00:18.156000,Soft,8,2,,,1,True,0 days 01:08:05.832000,93.78,33.555,42.069,18.156,4085.832,4073.627,28.1,50.7,1008.2,False,36.2,340,1.7,False,True,False,FORMULA 1 2018 HONDA JAPANESE GRAND PRIX,Suzuka,Japan,,,Permanent,,,0.3578055022392834,0.44859245041586693,0.19360204734484962,3,False,Japanese Grand Prix,japanese_grand_prix,2018,2018-10-07,95.4254375,32,Closing,0.4129999999999967,False,False,False,True
RIC,Red Bull Racing,29,0 days 00:01:34.775000,0 days 00:00:34.095000,0 days 00:00:42.474000,0 days 00:00:18.206000,Medium,6,2,,,1,True,0 days 01:08:09.295000,94.775,34.095,42.474,18.206,4089.295,4073.627,28.1,50.7,1008.2,False,36.2,340,1.7,False,True,False,FORMULA 1 2018 HONDA JAPANESE GRAND PRIX,Suzuka,Japan,,,Permanent,,,0.35974676866262195,0.44815615932471636,0.19209707201266155,3,False,Japanese Grand Prix,japanese_grand_prix,2018,2018-10-07,95.42473333333334,30,Closing,1.588000000000008,False,False,False,True
RAI,Ferrari,29,0 days 00:01:34.230000,0 days 00:00:33.665000,0 days 00:00:42.380000,0 days 00:00:18.185000,Medium,12,2,,,1,True,0 days 01:08:13.754000,94.23,33.665,42.38,18.185,4093.754,4073.627,28.1,50.7,1008.2,False,36.2,340,1.7,False,True,False,FORMULA 1 2018 HONDA JAPANESE GRAND PRIX,Suzuka,Japan,,,Permanent,,,0.3572641409317627,0.44975061020906293,0.19298524885917434,3,False,Japanese Grand Prix,japanese_grand_prix,2018,2018-10-07,96.2568611111111,36,Closing,0.007000000000005002,False,False,False,True
GRO,Haas F1 Team,29,0 days 00:01:38.579000,0 days 00:00:34.321000,0 days 00:00:43.306000,0 days 00:00:20.952000,Soft,31,1,0 days 01:08:29.820000,,1,False,0 days 01:08:31.165000,98.579,34.321,43.306,20.952,4111.165,4133.548,28.0,51.2,1008.3,False,35.7,298,2.3,False,True,False,FORMULA 1 2018 HONDA JAPANESE GRAND PRIX,Suzuka,Japan,,,Permanent,29.0,,0.34815731545258116,0.4393024883595898,0.21254019618782907,3,False,Japanese Grand Prix,japanese_grand_prix,2018,2018-10-07,103.54650000000001,28,Opening,3.792999999999992,False,False,False,True
SAI,Renault,29,0 days 00:01:37.700000,0 days 00:00:35.078000,0 days 00:00:43.753000,0 days 00:00:18.869000,Soft,28,1,,,1,True,0 days 01:08:38.175000,97.7,35.078,43.753,18.869,4118.175,4133.548,28.0,51.2,1008.3,False,35.7,298,2.3,False,True,False,FORMULA 1 2018 HONDA JAPANESE GRAND PRIX,Suzuka,Japan,,,Permanent,,,0.3590378710337769,0.4478300921187308,0.1931320368474923,3,False,Japanese Grand Prix,japanese_grand_prix,2018,2018-10-07,103.1368387096774,31,Opening,3.503,False,False,False,True
GAS,Toro Rosso,29,0 days 00:01:40.241000,0 days 00:00:35.092000,0 days 00:00:44.002000,0 days 00:00:21.147000,SUPERSOFT,31,1,0 days 01:08:38.101000,,1,False,0 days 01:08:39.613000,100.241,35.092,44.002,21.147,4119.613,4133.548,28.0,51.2,1008.3,False,35.7,298,2.3,False,True,False,FORMULA 1 2018 HONDA JAPANESE GRAND PRIX,Suzuka,Japan,,,Permanent,29.0,,0.3500763160782514,0.4389621013357808,0.2109615825859678,3,False,Japanese Grand Prix,japanese_grand_prix,2018,2018-10-07,103.81035714285714,28,Opening,6.108000000000004,False,False,False,True
LEC,Sauber,29,0 days 00:01:36.440000,0 days 00:00:34.587000,0 days 00:00:43.263000,0 days 00:00:18.590000,Medium,25,2,,,1,True,0 days 01:08:51.229000,96.44,34.587,43.263,18.59,4131.229,4133.548,28.0,51.2,1008.3,False,35.7,298,2.3,False,True,False,FORMULA 1 2018 HONDA JAPANESE GRAND PRIX,Suzuka,Japan,,,Permanent,,,0.35863749481542934,0.44860016590626295,0.19276233927830777,3,False,Japanese Grand Prix,japanese_grand_prix,2018,2018-10-07,100.60793333333332,30,Mid,1.9249999999999972,False,False,False,True
PER,Racing Point,29,0 days 00:01:36.450000,0 days 00:00:34.708000,0 days 00:00:43.173000,0 days 00:00:18.569000,Soft,5,2,,,1,True,0 days 01:08:51.615000,96.45,34.708,43.173,18.569,4131.615,4133.548,28.0,51.2,1008.3,False,35.7,298,2.3,False,True,False,FORMULA 1 2018 HONDA JAPANESE GRAND PRIX,Suzuka,Japan,,,Permanent,,,0.3598548470710212,0.44762052877138414,0.19252462415759458,3,False,Japanese Grand Prix,japanese_grand_prix,2018,2018-10-07,96.43148275862069,29,Closing,2.3770000000000095,False,False,False,True
OCO,Racing Point,29,0 days 00:01:35.981000,0 days 00:00:34.827000,0 days 00:00:42.855000,0 days 00:00:18.299000,Medium,3,2,,,1,True,0 days 01:08:53.059000,95.981,34.827,42.855,18.299,4133.059,4133.548,28.0,51.2,1008.3,False,35.7,298,2.3,False,True,False,FORMULA 1 2018 HONDA JAPANESE GRAND PRIX,Suzuka,Japan,,,Permanent,,,0.3628530646690491,0.446494618726623,0.19065231660432794,3,False,Japanese Grand Prix,japanese_grand_prix,2018,2018-10-07,96.66451851851852,27,Closing,1.3109999999999928,False,False,False,True
VET,Ferrari,29,0 days 00:01:35.314000,0 days 00:00:34.104000,0 days 00:00:42.960000,0 days 00:00:18.250000,Soft,3,2,,,1,True,0 days 01:08:54.274000,95.314,34.104,42.96,18.25,4134.274,4133.548,28.0,51.2,1008.3,False,35.7,298,2.3,False,True,False,FORMULA 1 2018 HONDA JAPANESE GRAND PRIX,Suzuka,Japan,,,Permanent,,,0.3578068279581174,0.45072077554189316,0.1914723964999895,3,False,Japanese Grand Prix,japanese_grand_prix,2018,2018-10-07,95.86337037037038,27,Closing,2.995999999999995,False,False,False,True
HUL,Renault,29,0 days 00:01:39.177000,0 days 00:00:35.666000,0 days 00:00:44.310000,0 days 00:00:19.201000,Medium,28,1,,,1,True,0 days 01:08:55.029000,99.177,35.666,44.31,19.201,4135.029,4133.548,28.0,51.2,1008.3,False,35.7,298,2.3,False,True,False,FORMULA 1 2018 HONDA JAPANESE GRAND PRIX,Suzuka,Japan,,,Permanent,,,0.35961966988313815,0.4467769745001361,0.19360335561672565,3,False,Japanese Grand Prix,japanese_grand_prix,2018,2018-10-07,104.04220689655173,29,Opening,4.243000000000009,False,False,False,True
ERI,Sauber,29,0 days 00:01:39.358000,0 days 00:00:35.986000,0 days 00:00:44.585000,0 days 00:00:18.787000,Medium,24,2,,,1,True,0 days 01:08:56.144000,99.358,35.986,44.585,18.787,4136.144,4133.548,28.0,51.2,1008.3,False,35.7,298,2.3,False,True,False,FORMULA 1 2018 HONDA JAPANESE GRAND PRIX,Suzuka,Japan,,,Permanent,,,0.36218522917127954,0.4487308520702913,0.1890839187584291,3,False,Japanese Grand Prix,japanese_grand_prix,2018,2018-10-07,98.81828260869564,46,Closing,3.064000000000007,False,False,False,True
SIR,Williams,29,0 days 00:01:37.585000,0 days 00:00:35.159000,0 days 00:00:43.593000,0 days 00:00:18.833000,Medium,25,2,,,1,True,0 days 01:08:58.590000,97.585,35.159,43.593,18.833,4138.59,4133.548,28.0,51.2,1008.3,False,35.7,298,2.3,False,True,False,FORMULA 1 2018 HONDA JAPANESE GRAND PRIX,Suzuka,Japan,,,Permanent,,,0.3602910283342727,0.4467182456320132,0.1929907260337142,3,False,Japanese Grand Prix,japanese_grand_prix,2018,2018-10-07,100.64236363636363,33,Mid,3.5999999999999943,False,False,False,True
STR,Williams,29,0 days 00:01:36.780000,0 days 00:00:34.825000,0 days 00:00:43.329000,0 days 00:00:18.626000,Medium,15,2,,,1,True,0 days 01:09:02.498000,96.78,34.825,43.329,18.626,4142.498,4133.548,28.0,51.2,1008.3,False,35.7,298,2.3,False,True,False,FORMULA 1 2018 HONDA JAPANESE GRAND PRIX,Suzuka,Japan,,,Permanent,,,0.35983674312874564,0.4477061376317421,0.1924571192395123,3,False,Japanese Grand Prix,japanese_grand_prix,2018,2018-10-07,98.17664,25,Mid,3.426000000000002,False,False,False,True
HAR,Toro Rosso,29,0 days 00:01:55.417000,0 days 00:00:54.501000,0 days 00:00:42.506000,0 days 00:00:18.410000,Soft,1,2,,0 days 01:07:32.130000,1,False,0 days 01:09:05.762000,115.417,54.501,42.506,18.41,4145.762,4133.548,28.0,51.2,1008.3,False,35.7,298,2.3,False,True,False,FORMULA 1 2018 HONDA JAPANESE GRAND PRIX,Suzuka,Japan,,,Permanent,,,0.4722094665430569,0.3682819688607398,0.15950856459620333,3,False,Japanese Grand Prix,japanese_grand_prix,2018,2018-10-07,98.43775,24,Closing,20.560000000000002,False,False,False,True
ALO,McLaren,29,0 days 00:01:36.160000,0 days 00:00:34.914000,0 days 00:00:42.802000,0 days 00:00:18.444000,Medium,3,2,,,1,True,0 days 01:09:07.647000,96.16,34.914,42.802,18.444,4147.647,4133.548,28.0,51.2,1008.3,False,35.7,298,2.3,False,True,False,FORMULA 1 2018 HONDA JAPANESE GRAND PRIX,Suzuka,Japan,,,Permanent,,,0.3630823627287854,0.44511231281198005,0.1918053244592346,3,False,Japanese Grand Prix,japanese_grand_prix,2018,2018-10-07,98.23603846153847,26,Closing,2.2169999999999987,False,False,False,True
VAN,McLaren,29,0 days 00:01:36.339000,0 days 00:00:34.511000,0 days 00:00:43.233000,0 days 00:00:18.595000,Medium,6,2,,,1,True,0 days 01:09:10.759000,96.339,34.511,43.233,18.595,4150.759,4133.548,28.0,51.2,1008.3,False,35.7,298,2.3,False,True,False,FORMULA 1 2018 HONDA JAPANESE GRAND PRIX,Suzuka,Japan,,,Permanent,,,0.3582246027050312,0.44875906953570205,0.19301632775926675,3,False,Japanese Grand Prix,japanese_grand_prix,2018,2018-10-07,97.85772413793103,29,Closing,1.3160000000000025,False,False,False,True
HAM,Mercedes,30,0 days 00:01:34.970000,0 days 00:00:34.155000,0 days 00:00:42.607000,0 days 00:00:18.208000,Medium,6,2,,,1,True,0 days 01:09:26.689000,94.97,34.155,42.607,18.208,4166.689,4193.442,27.9,51.8,1008.2,False,35.4,309,1.4,False,True,False,FORMULA 1 2018 HONDA JAPANESE GRAND PRIX,Suzuka,Japan,,,Permanent,,,0.35963988627987786,0.4486364114983679,0.19172370222175422,3,False,Japanese Grand Prix,japanese_grand_prix,2018,2018-10-07,95.38982758620689,29,Closing,2.1850000000000023,False,False,False,True
BOT,Mercedes,30,0 days 00:01:34.443000,0 days 00:00:33.676000,0 days 00:00:42.588000,0 days 00:00:18.179000,Medium,7,2,,,1,True,0 days 01:09:31.547000,94.443,33.676,42.588,18.179,4171.547,4193.442,27.9,51.8,1008.2,False,35.4,309,1.4,False,True,False,FORMULA 1 2018 HONDA JAPANESE GRAND PRIX,Suzuka,Japan,,,Permanent,,,0.3565748652626452,0.45093866141482164,0.19248647332253316,3,False,Japanese Grand Prix,japanese_grand_prix,2018,2018-10-07,95.5993,30,Closing,1.3329999999999984,False,False,False,True
VER,Red Bull Racing,30,0 days 00:01:34.368000,0 days 00:00:33.808000,0 days 00:00:42.327000,0 days 00:00:18.233000,Soft,9,2,,,1,True,0 days 01:09:40.200000,94.368,33.808,42.327,18.233,4180.2,4193.442,27.9,51.8,1008.2,False,35.4,309,1.4,False,True,False,FORMULA 1 2018 HONDA JAPANESE GRAND PRIX,Suzuka,Japan,,,Permanent,,,0.35825703628348593,0.44853128179043744,0.19321168192607666,3,False,Japanese Grand Prix,japanese_grand_prix,2018,2018-10-07,95.4254375,32,Closing,1.0009999999999906,False,False,False,True
RIC,Red Bull Racing,30,0 days 00:01:34.546000,0 days 00:00:33.908000,0 days 00:00:42.420000,0 days 00:00:18.218000,Medium,7,2,,,1,True,0 days 01:09:43.841000,94.546,33.908,42.42,18.218,4183.841,4193.442,27.9,51.8,1008.2,False,35.4,309,1.4,False,True,False,FORMULA 1 2018 HONDA JAPANESE GRAND PRIX,Suzuka,Japan,,,Permanent,,,0.358640238614008,0.44867048843948976,0.1926892729465022,3,False,Japanese Grand Prix,japanese_grand_prix,2018,2018-10-07,95.42473333333334,30,Closing,1.3590000000000089,False,False,False,True
RAI,Ferrari,30,0 days 00:01:34.392000,0 days 00:00:33.770000,0 days 00:00:42.298000,0 days 00:00:18.324000,Medium,13,2,,,1,True,0 days 01:09:48.146000,94.392,33.77,42.298,18.324,4188.146,4193.442,27.9,51.8,1008.2,False,35.4,309,1.4,False,True,False,FORMULA 1 2018 HONDA JAPANESE GRAND PRIX,Suzuka,Japan,,,Permanent,,,0.3577633697770998,0.448110009322824,0.1941266209000763,3,False,Japanese Grand Prix,japanese_grand_prix,2018,2018-10-07,96.2568611111111,36,Closing,0.16899999999999693,False,False,False,True
SAI,Renault,30,0 days 00:01:36.335000,0 days 00:00:34.269000,0 days 00:00:43.325000,0 days 00:00:18.741000,Soft,29,1,,,1,True,0 days 01:10:14.510000,96.335,34.269,43.325,18.741,4214.51,4193.442,27.9,51.8,1008.2,False,35.4,309,1.4,False,True,False,FORMULA 1 2018 HONDA JAPANESE GRAND PRIX,Suzuka,Japan,,,Permanent,,,0.35572740956038823,0.4497327035864432,0.19453988685316864,3,False,Japanese Grand Prix,japanese_grand_prix,2018,2018-10-07,103.1368387096774,31,Opening,2.137999999999991,False,False,False,True
GRO,Haas F1 Team,30,0 days 00:01:54.879000,0 days 00:00:53.984000,0 days 00:00:42.544000,0 days 00:00:18.351000,Medium,1,2,,0 days 01:08:53.931000,1,False,0 days 01:10:26.044000,114.879,53.984,42.544,18.351,4226.044,4253.454,28.0,51.5,1008.2,False,35.4,322,1.7,False,True,False,FORMULA 1 2018 HONDA JAPANESE GRAND PRIX,Suzuka,Japan,,,Permanent,,,0.4699205250742085,0.3703374855282514,0.15974198939754,3,False,Japanese Grand Prix,japanese_grand_prix,2018,2018-10-07,96.88091666666666,24,Closing,20.093000000000004,False,False,False,True
PER,Racing Point,30,0 days 00:01:36.118000,0 days 00:00:34.944000,0 days 00:00:42.759000,0 days 00:00:18.415000,Soft,6,2,,,1,True,0 days 01:10:27.733000,96.118,34.944,42.759,18.415,4227.733,4253.454,28.0,51.5,1008.2,False,35.4,322,1.7,False,True,False,FORMULA 1 2018 HONDA JAPANESE GRAND PRIX,Suzuka,Japan,,,Permanent,,,0.3635531326078362,0.44485944360057433,0.1915874237915895,3,False,Japanese Grand Prix,japanese_grand_prix,2018,2018-10-07,96.43148275862069,29,Closing,2.0450000000000017,False,False,False,True
LEC,Sauber,30,0 days 00:01:38.600000,0 days 00:00:36.409000,0 days 00:00:43.633000,0 days 00:00:18.558000,Medium,26,2,,,1,True,0 days 01:10:29.829000,98.6,36.409,43.633,18.558,4229.829,4253.454,28.0,51.5,1008.2,False,35.4,322,1.7,False,True,False,FORMULA 1 2018 HONDA JAPANESE GRAND PRIX,Suzuka,Japan,,,Permanent,,,0.36925963488843816,0.44252535496957407,0.18821501014198783,3,False,Japanese Grand Prix,japanese_grand_prix,2018,2018-10-07,100.60793333333332,30,Mid,4.084999999999994,False,False,False,True
VET,Ferrari,30,0 days 00:01:36.106000,0 days 00:00:34.287000,0 days 00:00:43.065000,0 days 00:00:18.754000,Soft,4,2,,,1,True,0 days 01:10:30.380000,96.106,34.287,43.065,18.754,4230.38,4253.454,28.0,51.5,1008.2,False,35.4,322,1.7,False,True,False,FORMULA 1 2018 HONDA JAPANESE GRAND PRIX,Suzuka,Japan,,,Permanent,,,0.3567623249328866,0.448098974049487,0.1951387010176264,3,False,Japanese Grand Prix,japanese_grand_prix,2018,2018-10-07,95.86337037037038,27,Closing,3.7879999999999967,False,False,False,True
OCO,Racing Point,30,0 days 00:01:37.728000,0 days 00:00:35.078000,0 days 00:00:43.380000,0 days 00:00:19.270000,Medium,4,2,,,1,True,0 days 01:10:30.787000,97.728,35.078,43.38,19.27,4230.787,4253.454,28.0,51.5,1008.2,False,35.4,322,1.7,False,True,False,FORMULA 1 2018 HONDA JAPANESE GRAND PRIX,Suzuka,Japan,,,Permanent,,,0.3589350032743943,0.443885068762279,0.19717992796332678,3,False,Japanese Grand Prix,japanese_grand_prix,2018,2018-10-07,96.66451851851852,27,Closing,3.0579999999999927,False,False,False,True
ERI,Sauber,30,0 days 00:01:37.964000,0 days 00:00:35.360000,0 days 00:00:43.830000,0 days 00:00:18.774000,Medium,25,2,,,1,True,0 days 01:10:34.108000,97.964,35.36,43.83,18.774,4234.108,4253.454,28.0,51.5,1008.2,False,35.4,322,1.7,False,True,False,FORMULA 1 2018 HONDA JAPANESE GRAND PRIX,Suzuka,Japan,,,Permanent,,,0.36094892001143275,0.4474092523784247,0.1916418276101425,3,False,Japanese Grand Prix,japanese_grand_prix,2018,2018-10-07,98.81828260869564,46,Closing,1.6700000000000017,False,False,False,True
GAS,Toro Rosso,30,0 days 00:01:55.734000,0 days 00:00:54.900000,0 days 00:00:42.821000,0 days 00:00:18.013000,Soft,1,2,,0 days 01:09:01.493000,1,False,0 days 01:10:35.347000,115.734,54.9,42.821,18.013,4235.347,4253.454,28.0,51.5,1008.2,False,35.4,322,1.7,False,True,False,FORMULA 1 2018 HONDA JAPANESE GRAND PRIX,Suzuka,Japan,,,Permanent,,,0.47436362693763284,0.36999498850813073,0.15564138455423646,3,False,Japanese Grand Prix,japanese_grand_prix,2018,2018-10-07,97.88647826086957,23,Closing,21.601,False,False,False,True
HUL,Renault,30,0 days 00:01:40.531000,0 days 00:00:35.461000,0 days 00:00:43.824000,0 days 00:00:21.246000,Medium,29,1,0 days 01:10:34.556000,,1,False,0 days 01:10:35.560000,100.531,35.461,43.824,21.246,4235.56,4253.454,28.0,51.5,1008.2,False,35.4,322,1.7,False,True,False,FORMULA 1 2018 HONDA JAPANESE GRAND PRIX,Suzuka,Japan,,,Permanent,30.0,,0.35273696670678695,0.4359252369915747,0.21133779630163826,3,False,Japanese Grand Prix,japanese_grand_prix,2018,2018-10-07,104.04220689655173,29,Opening,5.597000000000008,False,False,False,True
SIR,Williams,30,0 days 00:01:37.569000,0 days 00:00:35.086000,0 days 00:00:43.505000,0 days 00:00:18.978000,Medium,26,2,,,1,True,0 days 01:10:36.159000,97.569,35.086,43.505,18.978,4236.159,4253.454,28.0,51.5,1008.2,False,35.4,322,1.7,False,True,False,FORMULA 1 2018 HONDA JAPANESE GRAND PRIX,Suzuka,Japan,,,Permanent,,,0.3596019227418545,0.4458895755824084,0.1945085016757372,3,False,Japanese Grand Prix,japanese_grand_prix,2018,2018-10-07,100.64236363636363,33,Mid,3.584000000000003,False,False,False,True
STR,Williams,30,0 days 00:01:37.034000,0 days 00:00:34.752000,0 days 00:00:43.452000,0 days 00:00:18.830000,Medium,16,2,,,1,True,0 days 01:10:39.532000,97.034,34.752,43.452,18.83,4239.532,4253.454,28.0,51.5,1008.2,False,35.4,322,1.7,False,True,False,FORMULA 1 2018 HONDA JAPANESE GRAND PRIX,Suzuka,Japan,,,Permanent,,,0.35814250675021125,0.4478018014304264,0.19405569181936225,3,False,Japanese Grand Prix,japanese_grand_prix,2018,2018-10-07,98.17664,25,Mid,3.680000000000007,False,False,False,True
HAR,Toro Rosso,30,0 days 00:01:34.857000,0 days 00:00:34.165000,0 days 00:00:42.325000,0 days 00:00:18.367000,Soft,2,2,,,1,True,0 days 01:10:40.619000,94.857,34.165,42.325,18.367,4240.619,4253.454,28.0,51.5,1008.2,False,35.4,322,1.7,False,True,False,FORMULA 1 2018 HONDA JAPANESE GRAND PRIX,Suzuka,Japan,,,Permanent,,,0.36017373520140844,0.4461979611415078,0.19362830365708383,3,False,Japanese Grand Prix,japanese_grand_prix,2018,2018-10-07,98.43775,24,Closing,0.0,False,False,False,True
ALO,McLaren,30,0 days 00:01:35.767000,0 days 00:00:34.582000,0 days 00:00:42.838000,0 days 00:00:18.347000,Medium,4,2,,,1,True,0 days 01:10:43.414000,95.767,34.582,42.838,18.347,4243.414,4253.454,28.0,51.5,1008.2,False,35.4,322,1.7,False,True,False,FORMULA 1 2018 HONDA JAPANESE GRAND PRIX,Suzuka,Japan,,,Permanent,,,0.36110560005012166,0.44731483705242936,0.19157956289744904,3,False,Japanese Grand Prix,japanese_grand_prix,2018,2018-10-07,98.23603846153847,26,Closing,1.823999999999998,False,False,False,True
VAN,McLaren,30,0 days 00:01:36.133000,0 days 00:00:34.431000,0 days 00:00:43.107000,0 days 00:00:18.595000,Medium,7,2,,,1,True,0 days 01:10:46.892000,96.133,34.431,43.107,18.595,4246.892,4253.454,28.0,51.5,1008.2,False,35.4,322,1.7,False,True,False,FORMULA 1 2018 HONDA JAPANESE GRAND PRIX,Suzuka,Japan,,,Permanent,,,0.3581600490986446,0.4484100152913152,0.19342993561004027,3,False,Japanese Grand Prix,japanese_grand_prix,2018,2018-10-07,97.85772413793103,29,Closing,1.1099999999999994,False,False,False,True
HAM,Mercedes,31,0 days 00:01:34.381000,0 days 00:00:33.939000,0 days 00:00:42.297000,0 days 00:00:18.145000,Medium,7,2,,,1,True,0 days 01:11:01.070000,94.381,33.939,42.297,18.145,4261.07,4253.454,28.0,51.5,1008.2,False,35.4,322,1.7,False,True,False,FORMULA 1 2018 HONDA JAPANESE GRAND PRIX,Suzuka,Japan,,,Permanent,,,0.35959568133416686,0.44815164069039315,0.19225267797543996,3,False,Japanese Grand Prix,japanese_grand_prix,2018,2018-10-07,95.38982758620689,29,Closing,1.5960000000000036,False,False,False,True
BOT,Mercedes,31,0 days 00:01:35.114000,0 days 00:00:34.336000,0 days 00:00:42.535000,0 days 00:00:18.243000,Medium,8,2,,,1,True,0 days 01:11:06.661000,95.114,34.336,42.535,18.243,4266.661,4253.454,28.0,51.5,1008.2,False,35.4,322,1.7,False,True,False,FORMULA 1 2018 HONDA JAPANESE GRAND PRIX,Suzuka,Japan,,,Permanent,,,0.3609983808903,0.44720020186302745,0.19180141724667238,3,False,Japanese Grand Prix,japanese_grand_prix,2018,2018-10-07,95.5993,30,Closing,2.004000000000005,False,False,False,True
VER,Red Bull Racing,31,0 days 00:01:34.297000,0 days 00:00:33.856000,0 days 00:00:42.223000,0 days 00:00:18.218000,Soft,10,2,,,1,True,0 days 01:11:14.497000,94.297,33.856,42.223,18.218,4274.497,4253.454,28.0,51.5,1008.2,False,35.4,322,1.7,False,True,False,FORMULA 1 2018 HONDA JAPANESE GRAND PRIX,Suzuka,Japan,,,Permanent,,,0.35903581238003335,0.4477661007243072,0.19319808689565945,3,False,Japanese Grand Prix,japanese_grand_prix,2018,2018-10-07,95.4254375,32,Closing,0.9299999999999926,False,False,False,True
RIC,Red Bull Racing,31,0 days 00:01:33.971000,0 days 00:00:33.690000,0 days 00:00:42.117000,0 days 00:00:18.164000,Medium,8,2,,,1,True,0 days 01:11:17.812000,93.971,33.69,42.117,18.164,4277.812,4253.454,28.0,51.5,1008.2,False,35.4,322,1.7,False,True,False,FORMULA 1 2018 HONDA JAPANESE GRAND PRIX,Suzuka,Japan,,,Permanent,,,0.3585148609677453,0.44819146332379134,0.19329367570846326,3,False,Japanese Grand Prix,japanese_grand_prix,2018,2018-10-07,95.42473333333334,30,Closing,0.784000000000006,False,False,False,True
RAI,Ferrari,31,0 days 00:01:34.279000,0 days 00:00:33.821000,0 days 00:00:42.222000,0 days 00:00:18.236000,Medium,14,2,,,1,True,0 days 01:11:22.425000,94.279,33.821,42.222,18.236,4282.425,4253.454,28.0,51.5,1008.2,False,35.4,322,1.7,False,True,False,FORMULA 1 2018 HONDA JAPANESE GRAND PRIX,Suzuka,Japan,,,Permanent,,,0.3587331219041356,0.4478409826154287,0.19342589548043573,3,False,Japanese Grand Prix,japanese_grand_prix,2018,2018-10-07,96.2568611111111,36,Closing,0.055999999999997385,False,False,False,True
SAI,Renault,31,0 days 00:01:37.136000,0 days 00:00:34.739000,0 days 00:00:43.708000,0 days 00:00:18.689000,Soft,30,1,,,1,True,0 days 01:11:51.646000,97.136,34.739,43.708,18.689,4311.646,4313.466,28.0,51.5,1008.2,False,35.2,343,1.9,False,True,False,FORMULA 1 2018 HONDA JAPANESE GRAND PRIX,Suzuka,Japan,,,Permanent,,,0.35763259759512434,0.44996705649810576,0.1924003459067699,3,False,Japanese Grand Prix,japanese_grand_prix,2018,2018-10-07,103.1368387096774,31,Opening,2.938999999999993,False,False,False,True
GRO,Haas F1 Team,31,0 days 00:01:34.847000,0 days 00:00:33.813000,0 days 00:00:42.579000,0 days 00:00:18.455000,Medium,2,2,,,1,True,0 days 01:12:00.891000,94.847,33.813,42.579,18.455,4320.891,4313.466,28.0,51.5,1008.2,False,35.2,343,1.9,False,True,False,FORMULA 1 2018 HONDA JAPANESE GRAND PRIX,Suzuka,Japan,,,Permanent,,,0.35650046917667405,0.44892300230898186,0.19457652851434415,3,False,Japanese Grand Prix,japanese_grand_prix,2018,2018-10-07,96.88091666666666,24,Closing,0.06099999999999284,False,False,False,True
PER,Racing Point,31,0 days 00:01:35.368000,0 days 00:00:34.176000,0 days 00:00:42.935000,0 days 00:00:18.257000,Soft,7,2,,,1,True,0 days 01:12:03.101000,95.368,34.176,42.935,18.257,4323.101,4313.466,28.0,51.5,1008.2,False,35.2,343,1.9,False,True,False,FORMULA 1 2018 HONDA JAPANESE GRAND PRIX,Suzuka,Japan,,,Permanent,,,0.3583591980538546,0.45020342253166684,0.19143737941447866,3,False,Japanese Grand Prix,japanese_grand_prix,2018,2018-10-07,96.43148275862069,29,Closing,1.2950000000000017,False,False,False,True
VET,Ferrari,31,0 days 00:01:33.649000,0 days 00:00:33.447000,0 days 00:00:42.085000,0 days 00:00:18.117000,Soft,5,2,,,1,True,0 days 01:12:04.029000,93.649,33.447,42.085,18.117,4324.029,4313.466,28.0,51.5,1008.2,False,35.2,343,1.9,False,True,False,FORMULA 1 2018 HONDA JAPANESE GRAND PRIX,Suzuka,Japan,,,Permanent,,,0.3571527725870004,0.449390810366368,0.19345641704663158,3,False,Japanese Grand Prix,japanese_grand_prix,2018,2018-10-07,95.86337037037038,27,Closing,1.331000000000003,False,False,False,True
OCO,Racing Point,31,0 days 00:01:36.566000,0 days 00:00:35.242000,0 days 00:00:42.953000,0 days 00:00:18.371000,Medium,5,2,,,1,True,0 days 01:12:07.353000,96.566,35.242,42.953,18.371,4327.353,4313.466,28.0,51.5,1008.2,False,35.2,343,1.9,False,True,False,FORMULA 1 2018 HONDA JAPANESE GRAND PRIX,Suzuka,Japan,,,Permanent,,,0.3649524677422695,0.4448045896071081,0.19024294265062236,3,False,Japanese Grand Prix,japanese_grand_prix,2018,2018-10-07,96.66451851851852,27,Closing,1.8960000000000008,False,False,False,True
LEC,Sauber,31,0 days 00:01:38.915000,0 days 00:00:35.801000,0 days 00:00:44.421000,0 days 00:00:18.693000,Medium,27,2,,,1,True,0 days 01:12:08.744000,98.915,35.801,44.421,18.693,4328.744,4313.466,28.0,51.5,1008.2,False,35.2,343,1.9,False,True,False,FORMULA 1 2018 HONDA JAPANESE GRAND PRIX,Suzuka,Japan,,,Permanent,,,0.36193701663044026,0.44908254561997674,0.18898043774958298,3,False,Japanese Grand Prix,japanese_grand_prix,2018,2018-10-07,100.60793333333332,30,Mid,4.400000000000006,False,False,False,True
ERI,Sauber,31,0 days 00:01:37.152000,0 days 00:00:34.562000,0 days 00:00:43.940000,0 days 00:00:18.650000,Medium,26,2,,,1,True,0 days 01:12:11.260000,97.152,34.562,43.94,18.65,4331.26,4313.466,28.0,51.5,1008.2,False,35.2,343,1.9,False,True,False,FORMULA 1 2018 HONDA JAPANESE GRAND PRIX,Suzuka,Japan,,,Permanent,,,0.3557518115942029,0.4522809617918313,0.19196722661396573,3,False,Japanese Grand Prix,japanese_grand_prix,2018,2018-10-07,98.81828260869564,46,Closing,0.8580000000000041,False,False,False,True
GAS,Toro Rosso,31,0 days 00:01:36.409000,0 days 00:00:33.831000,0 days 00:00:43.793000,0 days 00:00:18.785000,Soft,2,2,,,1,True,0 days 01:12:11.756000,96.409,33.831,43.793,18.785,4331.756,4313.466,28.0,51.5,1008.2,False,35.2,343,1.9,False,True,False,FORMULA 1 2018 HONDA JAPANESE GRAND PRIX,Suzuka,Japan,,,Permanent,,,0.3509112219813503,0.45424182389610923,0.1948469541225404,3,False,Japanese Grand Prix,japanese_grand_prix,2018,2018-10-07,97.88647826086957,23,Closing,2.2760000000000105,False,False,False,True
SIR,Williams,31,0 days 00:01:37.563000,0 days 00:00:35.306000,0 days 00:00:43.510000,0 days 00:00:18.747000,Medium,27,2,,,1,True,0 days 01:12:13.722000,97.563,35.306,43.51,18.747,4333.722,4313.466,28.0,51.5,1008.2,False,35.2,343,1.9,False,True,False,FORMULA 1 2018 HONDA JAPANESE GRAND PRIX,Suzuka,Japan,,,Permanent,,,0.3618789910109365,0.4459682461588922,0.19215276283017127,3,False,Japanese Grand Prix,japanese_grand_prix,2018,2018-10-07,100.64236363636363,33,Mid,3.578000000000003,False,False,False,True
STR,Williams,31,0 days 00:01:36.912000,0 days 00:00:34.712000,0 days 00:00:43.467000,0 days 00:00:18.733000,Medium,17,2,,,1,True,0 days 01:12:16.444000,96.912,34.712,43.467,18.733,4336.444,4313.466,28.0,51.5,1008.2,False,35.2,343,1.9,False,True,False,FORMULA 1 2018 HONDA JAPANESE GRAND PRIX,Suzuka,Japan,,,Permanent,,,0.3581806174673931,0.4485203070827142,0.1932990754498927,3,False,Japanese Grand Prix,japanese_grand_prix,2018,2018-10-07,98.17664,25,Mid,3.558000000000007,False,False,False,True
HAR,Toro Rosso,31,0 days 00:01:36.216000,0 days 00:00:34.721000,0 days 00:00:42.904000,0 days 00:00:18.591000,Soft,3,2,,,1,True,0 days 01:12:16.835000,96.216,34.721,42.904,18.591,4336.835,4313.466,28.0,51.5,1008.2,False,35.2,343,1.9,False,True,False,FORMULA 1 2018 HONDA JAPANESE GRAND PRIX,Suzuka,Japan,,,Permanent,,,0.36086513677558824,0.44591336160305983,0.193221501621352,3,False,Japanese Grand Prix,japanese_grand_prix,2018,2018-10-07,98.43775,24,Closing,1.3589999999999947,False,False,False,True
ALO,McLaren,31,0 days 00:01:36.051000,0 days 00:00:34.751000,0 days 00:00:42.813000,0 days 00:00:18.487000,Medium,5,2,,,1,True,0 days 01:12:19.465000,96.051,34.751,42.813,18.487,4339.465,4313.466,28.0,51.5,1008.2,False,35.2,343,1.9,False,True,False,FORMULA 1 2018 HONDA JAPANESE GRAND PRIX,Suzuka,Japan,,,Permanent,,,0.3617973784760179,0.44573195489895995,0.1924706666250221,3,False,Japanese Grand Prix,japanese_grand_prix,2018,2018-10-07,98.23603846153847,26,Closing,2.108000000000004,False,False,False,True
VAN,McLaren,31,0 days 00:01:36.368000,0 days 00:00:34.527000,0 days 00:00:43.254000,0 days 00:00:18.587000,Medium,8,2,,,1,True,0 days 01:12:23.260000,96.368,34.527,43.254,18.587,4343.26,4313.466,28.0,51.5,1008.2,False,35.2,343,1.9,False,True,False,FORMULA 1 2018 HONDA JAPANESE GRAND PRIX,Suzuka,Japan,,,Permanent,,,0.35828283247551057,0.4488419392329404,0.19287522829154907,3,False,Japanese Grand Prix,japanese_grand_prix,2018,2018-10-07,97.85772413793103,29,Closing,1.3449999999999989,False,False,False,True
HUL,Renault,31,0 days 00:01:56.526000,0 days 00:00:55.360000,0 days 00:00:42.992000,0 days 00:00:18.174000,Soft,1,2,,0 days 01:10:57.767000,1,False,0 days 01:12:32.086000,116.526,55.36,42.992,18.174,4352.086,4373.48,28.0,52.1,1008.2,False,35.2,347,1.4,False,True,False,FORMULA 1 2018 HONDA JAPANESE GRAND PRIX,Suzuka,Japan,,,Permanent,,,0.47508710502377155,0.36894770265863414,0.15596519231759437,3,False,Japanese Grand Prix,japanese_grand_prix,2018,2018-10-07,100.29585714285714,7,Closing,21.592,False,False,False,True
HAM,Mercedes,32,0 days 00:01:34.533000,0 days 00:00:33.956000,0 days 00:00:42.360000,0 days 00:00:18.217000,Medium,8,2,,,1,True,0 days 01:12:35.603000,94.533,33.956,42.36,18.217,4355.603,4373.48,28.0,52.1,1008.2,False,35.2,347,1.4,False,True,False,FORMULA 1 2018 HONDA JAPANESE GRAND PRIX,Suzuka,Japan,,,Permanent,,,0.3591973173389187,0.4480974897654787,0.1927051928956026,3,False,Japanese Grand Prix,japanese_grand_prix,2018,2018-10-07,95.38982758620689,29,Closing,1.7480000000000047,False,False,False,True
BOT,Mercedes,32,0 days 00:01:34.705000,0 days 00:00:34.018000,0 days 00:00:42.504000,0 days 00:00:18.183000,Medium,9,2,,,1,True,0 days 01:12:41.366000,94.705,34.018,42.504,18.183,4361.366,4373.48,28.0,52.1,1008.2,False,35.2,347,1.4,False,True,False,FORMULA 1 2018 HONDA JAPANESE GRAND PRIX,Suzuka,Japan,,,Permanent,,,0.35919961987223487,0.4488041814054168,0.19199619872234835,3,False,Japanese Grand Prix,japanese_grand_prix,2018,2018-10-07,95.5993,30,Closing,1.5949999999999989,False,False,False,True
VER,Red Bull Racing,32,0 days 00:01:34.356000,0 days 00:00:33.877000,0 days 00:00:42.336000,0 days 00:00:18.143000,Soft,11,2,,,1,True,0 days 01:12:48.853000,94.356,33.877,42.336,18.143,4368.853,4373.48,28.0,52.1,1008.2,False,35.2,347,1.4,False,True,False,FORMULA 1 2018 HONDA JAPANESE GRAND PRIX,Suzuka,Japan,,,Permanent,,,0.3590338717198695,0.448683708508203,0.19228241977192762,3,False,Japanese Grand Prix,japanese_grand_prix,2018,2018-10-07,95.4254375,32,Closing,0.9889999999999901,False,False,False,True
RIC,Red Bull Racing,32,0 days 00:01:33.783000,0 days 00:00:33.595000,0 days 00:00:42.126000,0 days 00:00:18.062000,Medium,9,2,,,1,True,0 days 01:12:51.595000,93.783,33.595,42.126,18.062,4371.595,4373.48,28.0,52.1,1008.2,False,35.2,347,1.4,False,True,False,FORMULA 1 2018 HONDA JAPANESE GRAND PRIX,Suzuka,Japan,,,Permanent,,,0.35822057302496185,0.44918588656792807,0.19259354040711005,3,False,Japanese Grand Prix,japanese_grand_prix,2018,2018-10-07,95.42473333333334,30,Closing,0.5960000000000036,False,False,False,True
RAI,Ferrari,32,0 days 00:01:34.348000,0 days 00:00:33.795000,0 days 00:00:42.388000,0 days 00:00:18.165000,Medium,15,2,,,1,True,0 days 01:12:56.773000,94.348,33.795,42.388,18.165,4376.773,4373.48,28.0,52.1,1008.2,False,35.2,347,1.4,False,True,False,FORMULA 1 2018 HONDA JAPANESE GRAND PRIX,Suzuka,Japan,,,Permanent,,,0.3581951922669267,0.4492729045660745,0.19253190316699875,3,False,Japanese Grand Prix,japanese_grand_prix,2018,2018-10-07,96.2568611111111,36,Closing,0.125,False,False,False,True
SAI,Renault,32,0 days 00:01:40.558000,0 days 00:00:34.797000,0 days 00:00:43.616000,0 days 00:00:22.145000,Soft,31,1,0 days 01:13:31.041000,,1,False,0 days 01:13:32.204000,100.558,34.797,43.616,22.145,4412.204,4433.506,28.0,52.0,1008.3,False,35.2,315,1.9,False,True,False,FORMULA 1 2018 HONDA JAPANESE GRAND PRIX,Suzuka,Japan,,,Permanent,32.0,,0.3460391018118896,0.4337397322938006,0.22022116589430973,3,False,Japanese Grand Prix,japanese_grand_prix,2018,2018-10-07,103.1368387096774,31,Opening,6.361000000000004,False,False,False,True
GRO,Haas F1 Team,32,0 days 00:01:34.991000,0 days 00:00:33.855000,0 days 00:00:42.524000,0 days 00:00:18.612000,Medium,3,2,,,1,True,0 days 01:13:35.882000,94.991,33.855,42.524,18.612,4415.882,4433.506,28.0,52.0,1008.3,False,35.2,315,1.9,False,True,False,FORMULA 1 2018 HONDA JAPANESE GRAND PRIX,Suzuka,Japan,,,Permanent,,,0.3564021854702024,0.4476634628543757,0.19593435167542186,3,False,Japanese Grand Prix,japanese_grand_prix,2018,2018-10-07,96.88091666666666,24,Closing,0.2049999999999983,False,False,False,True
VET,Ferrari,32,0 days 00:01:34.513000,0 days 00:00:33.934000,0 days 00:00:42.383000,0 days 00:00:18.196000,Soft,6,2,,,1,True,0 days 01:13:38.542000,94.513,33.934,42.383,18.196,4418.542,4433.506,28.0,52.0,1008.3,False,35.2,315,1.9,False,True,False,FORMULA 1 2018 HONDA JAPANESE GRAND PRIX,Suzuka,Japan,,,Permanent,,,0.3590405552675293,0.4484356649349825,0.1925237797974882,3,False,Japanese Grand Prix,japanese_grand_prix,2018,2018-10-07,95.86337037037038,27,Closing,2.1950000000000074,False,False,False,True
PER,Racing Point,32,0 days 00:01:36.397000,0 days 00:00:34.389000,0 days 00:00:43.482000,0 days 00:00:18.526000,Soft,8,2,,,1,True,0 days 01:13:39.498000,96.397,34.389,43.482,18.526,4419.498,4433.506,28.0,52.0,1008.3,False,35.2,315,1.9,False,True,False,FORMULA 1 2018 HONDA JAPANESE GRAND PRIX,Suzuka,Japan,,,Permanent,,,0.3567434671203461,0.4510721288006888,0.1921844040789651,3,False,Japanese Grand Prix,japanese_grand_prix,2018,2018-10-07,96.43148275862069,29,Closing,2.3240000000000123,False,False,False,True
OCO,Racing Point,32,0 days 00:01:35.044000,0 days 00:00:33.985000,0 days 00:00:42.676000,0 days 00:00:18.383000,Medium,6,2,,,1,True,0 days 01:13:42.397000,95.044,33.985,42.676,18.383,4422.397,4433.506,28.0,52.0,1008.3,False,35.2,315,1.9,False,True,False,FORMULA 1 2018 HONDA JAPANESE GRAND PRIX,Suzuka,Japan,,,Permanent,,,0.35757123016708053,0.4490130886747191,0.1934156811582004,3,False,Japanese Grand Prix,japanese_grand_prix,2018,2018-10-07,96.66451851851852,27,Closing,0.3739999999999952,False,False,False,True
LEC,Sauber,32,0 days 00:01:36.962000,0 days 00:00:34.857000,0 days 00:00:43.415000,0 days 00:00:18.690000,Medium,28,2,,,1,True,0 days 01:13:45.706000,96.962,34.857,43.415,18.69,4425.706,4433.506,28.0,52.0,1008.3,False,35.2,315,1.9,False,True,False,FORMULA 1 2018 HONDA JAPANESE GRAND PRIX,Suzuka,Japan,,,Permanent,,,0.3594913471256781,0.44775272787277487,0.192755925001547,3,False,Japanese Grand Prix,japanese_grand_prix,2018,2018-10-07,100.60793333333332,30,Mid,2.4470000000000027,False,False,False,True
ERI,Sauber,32,0 days 00:01:37.010000,0 days 00:00:34.867000,0 days 00:00:43.476000,0 days 00:00:18.667000,Medium,27,2,,,1,True,0 days 01:13:48.270000,97.01,34.867,43.476,18.667,4428.27,4433.506,28.0,52.0,1008.3,False,35.2,315,1.9,False,True,False,FORMULA 1 2018 HONDA JAPANESE GRAND PRIX,Suzuka,Japan,,,Permanent,,,0.35941655499433045,0.44815998350685493,0.19242346149881456,3,False,Japanese Grand Prix,japanese_grand_prix,2018,2018-10-07,98.81828260869564,46,Closing,0.7160000000000082,False,False,False,True
GAS,Toro Rosso,32,0 days 00:01:36.782000,0 days 00:00:34.862000,0 days 00:00:43.465000,0 days 00:00:18.455000,Soft,3,2,,,1,True,0 days 01:13:48.538000,96.782,34.862,43.465,18.455,4428.538,4433.506,28.0,52.0,1008.3,False,35.2,315,1.9,False,True,False,FORMULA 1 2018 HONDA JAPANESE GRAND PRIX,Suzuka,Japan,,,Permanent,,,0.3602116095968259,0.4491021057634685,0.19068628463970572,3,False,Japanese Grand Prix,japanese_grand_prix,2018,2018-10-07,97.88647826086957,23,Closing,2.649000000000001,False,False,False,True
SIR,Williams,32,0 days 00:01:37.652000,0 days 00:00:35.255000,0 days 00:00:43.534000,0 days 00:00:18.863000,Medium,28,2,,,1,True,0 days 01:13:51.374000,97.652,35.255,43.534,18.863,4431.374,4433.506,28.0,52.0,1008.3,False,35.2,315,1.9,False,True,False,FORMULA 1 2018 HONDA JAPANESE GRAND PRIX,Suzuka,Japan,,,Permanent,,,0.3610269118912055,0.44580756154507845,0.19316552656371605,3,False,Japanese Grand Prix,japanese_grand_prix,2018,2018-10-07,100.64236363636363,33,Mid,3.6670000000000016,False,False,False,True
STR,Williams,32,0 days 00:01:37.586000,0 days 00:00:35.220000,0 days 00:00:43.503000,0 days 00:00:18.863000,Medium,18,2,,,1,True,0 days 01:13:54.030000,97.586,35.22,43.503,18.863,4434.03,4433.506,28.0,52.0,1008.3,False,35.2,315,1.9,False,True,False,FORMULA 1 2018 HONDA JAPANESE GRAND PRIX,Suzuka,Japan,,,Permanent,,,0.36091242596274054,0.4457914045047445,0.1932961695325149,3,False,Japanese Grand Prix,japanese_grand_prix,2018,2018-10-07,98.17664,25,Mid,4.231999999999999,False,False,False,True
HAR,Toro Rosso,32,0 days 00:01:37.572000,0 days 00:00:35.439000,0 days 00:00:43.294000,0 days 00:00:18.839000,Soft,4,2,,,1,True,0 days 01:13:54.407000,97.572,35.439,43.294,18.839,4434.407,4433.506,28.0,52.0,1008.3,False,35.2,315,1.9,False,True,False,FORMULA 1 2018 HONDA JAPANESE GRAND PRIX,Suzuka,Japan,,,Permanent,,,0.363208707416062,0.44371336039027587,0.1930779321936621,3,False,Japanese Grand Prix,japanese_grand_prix,2018,2018-10-07,98.43775,24,Closing,2.7150000000000034,False,False,False,True
ALO,McLaren,32,0 days 00:01:36.162000,0 days 00:00:34.647000,0 days 00:00:42.979000,0 days 00:00:18.536000,Medium,6,2,,,1,True,0 days 01:13:55.627000,96.162,34.647,42.979,18.536,4435.627,4433.506,28.0,52.0,1008.3,False,35.2,315,1.9,False,True,False,FORMULA 1 2018 HONDA JAPANESE GRAND PRIX,Suzuka,Japan,,,Permanent,,,0.36029824670867905,0.44694369917431,0.19275805411701089,3,False,Japanese Grand Prix,japanese_grand_prix,2018,2018-10-07,98.23603846153847,26,Closing,2.2190000000000083,False,False,False,True
VAN,McLaren,32,0 days 00:01:35.968000,0 days 00:00:34.339000,0 days 00:00:43.026000,0 days 00:00:18.603000,Medium,9,2,,,1,True,0 days 01:13:59.228000,95.968,34.339,43.026,18.603,4439.228,4433.506,28.0,52.0,1008.3,False,35.2,315,1.9,False,True,False,FORMULA 1 2018 HONDA JAPANESE GRAND PRIX,Suzuka,Japan,,,Permanent,,,0.35781718906302096,0.44833694564854953,0.19384586528842948,3,False,Japanese Grand Prix,japanese_grand_prix,2018,2018-10-07,97.85772413793103,29,Closing,0.9450000000000074,False,False,False,True
HUL,Renault,32,0 days 00:01:34.934000,0 days 00:00:34.423000,0 days 00:00:42.364000,0 days 00:00:18.147000,Soft,2,2,,,1,True,0 days 01:14:07.020000,94.934,34.423,42.364,18.147,4447.02,4433.506,28.0,52.0,1008.3,False,35.2,315,1.9,False,True,False,FORMULA 1 2018 HONDA JAPANESE GRAND PRIX,Suzuka,Japan,,,Permanent,,,0.36259927949944176,0.4462468662439168,0.19115385425664144,3,False,Japanese Grand Prix,japanese_grand_prix,2018,2018-10-07,100.29585714285714,7,Closing,0.0,False,False,False,True
HAM,Mercedes,33,0 days 00:01:34.603000,0 days 00:00:33.763000,0 days 00:00:42.592000,0 days 00:00:18.248000,Medium,9,2,,,1,True,0 days 01:14:10.206000,94.603,33.763,42.592,18.248,4450.206,4433.506,28.0,52.0,1008.3,False,35.2,315,1.9,False,True,False,FORMULA 1 2018 HONDA JAPANESE GRAND PRIX,Suzuka,Japan,,,Permanent,,,0.35689143050431804,0.4502182806042092,0.1928902888914728,3,False,Japanese Grand Prix,japanese_grand_prix,2018,2018-10-07,95.38982758620689,29,Closing,1.8179999999999978,False,False,False,True
BOT,Mercedes,33,0 days 00:01:34.731000,0 days 00:00:33.878000,0 days 00:00:42.565000,0 days 00:00:18.288000,Medium,10,2,,,1,True,0 days 01:14:16.097000,94.731,33.878,42.565,18.288,4456.097,4433.506,28.0,52.0,1008.3,False,35.2,315,1.9,False,True,False,FORMULA 1 2018 HONDA JAPANESE GRAND PRIX,Suzuka,Japan,,,Permanent,,,0.3576231645395911,0.4493249305929421,0.19305190486746684,3,False,Japanese Grand Prix,japanese_grand_prix,2018,2018-10-07,95.5993,30,Closing,1.6209999999999951,False,False,False,True
VER,Red Bull Racing,33,0 days 00:01:33.971000,0 days 00:00:33.818000,0 days 00:00:42.051000,0 days 00:00:18.102000,Soft,12,2,,,1,True,0 days 01:14:22.824000,93.971,33.818,42.051,18.102,4462.824,4433.506,28.0,52.0,1008.3,False,35.2,315,1.9,False,True,False,FORMULA 1 2018 HONDA JAPANESE GRAND PRIX,Suzuka,Japan,,,Permanent,,,0.3598769833246427,0.4474891189835162,0.19263389769184108,3,False,Japanese Grand Prix,japanese_grand_prix,2018,2018-10-07,95.4254375,32,Closing,0.6039999999999992,False,False,False,True
RIC,Red Bull Racing,33,0 days 00:01:34.144000,0 days 00:00:33.680000,0 days 00:00:42.303000,0 days 00:00:18.161000,Medium,10,2,,,1,True,0 days 01:14:25.739000,94.144,33.68,42.303,18.161,4465.739,4493.507,27.9,52.2,1008.3,False,35.0,307,1.6,False,True,False,FORMULA 1 2018 HONDA JAPANESE GRAND PRIX,Suzuka,Japan,,,Permanent,,,0.35774983004758665,0.44934355880353494,0.1929066111488783,3,False,Japanese Grand Prix,japanese_grand_prix,2018,2018-10-07,95.42473333333334,30,Closing,0.9570000000000078,False,False,False,True
RAI,Ferrari,33,0 days 00:01:34.405000,0 days 00:00:33.717000,0 days 00:00:42.322000,0 days 00:00:18.366000,Medium,16,2,,,1,True,0 days 01:14:31.178000,94.405,33.717,42.322,18.366,4471.178,4493.507,27.9,52.2,1008.3,False,35.0,307,1.6,False,True,False,FORMULA 1 2018 HONDA JAPANESE GRAND PRIX,Suzuka,Japan,,,Permanent,,,0.35715269318362375,0.44830252634924,0.19454478046713627,3,False,Japanese Grand Prix,japanese_grand_prix,2018,2018-10-07,96.2568611111111,36,Closing,0.18200000000000216,False,False,False,True
GRO,Haas F1 Team,33,0 days 00:01:35.142000,0 days 00:00:33.950000,0 days 00:00:42.665000,0 days 00:00:18.527000,Medium,4,2,,,1,True,0 days 01:15:11.024000,95.142,33.95,42.665,18.527,4511.024,4493.507,27.9,52.2,1008.3,False,35.0,307,1.6,False,True,False,FORMULA 1 2018 HONDA JAPANESE GRAND PRIX,Suzuka,Japan,,,Permanent,,,0.35683504656198106,0.4484349708856236,0.19472998255239538,3,False,Japanese Grand Prix,japanese_grand_prix,2018,2018-10-07,96.88091666666666,24,Closing,0.35599999999999454,False,False,False,True
VET,Ferrari,33,0 days 00:01:33.243000,0 days 00:00:33.325000,0 days 00:00:41.797000,0 days 00:00:18.121000,Soft,7,2,,,1,True,0 days 01:15:11.785000,93.243,33.325,41.797,18.121,4511.785,4493.507,27.9,52.2,1008.3,False,35.0,307,1.6,False,True,False,FORMULA 1 2018 HONDA JAPANESE GRAND PRIX,Suzuka,Japan,,,Permanent,,,0.3573994830711153,0.4482588505303347,0.19434166639855002,3,False,Japanese Grand Prix,japanese_grand_prix,2018,2018-10-07,95.86337037037038,27,Closing,0.9249999999999972,False,False,False,True
PER,Racing Point,33,0 days 00:01:35.137000,0 days 00:00:34.078000,0 days 00:00:42.711000,0 days 00:00:18.348000,Soft,9,2,,,1,True,0 days 01:15:14.635000,95.137,34.078,42.711,18.348,4514.635,4493.507,27.9,52.2,1008.3,False,35.0,307,1.6,False,True,False,FORMULA 1 2018 HONDA JAPANESE GRAND PRIX,Suzuka,Japan,,,Permanent,,,0.35819922848103264,0.44894205198818543,0.1928587195307819,3,False,Japanese Grand Prix,japanese_grand_prix,2018,2018-10-07,96.43148275862069,29,Closing,1.0640000000000072,False,False,False,True
OCO,Racing Point,33,0 days 00:01:35.258000,0 days 00:00:34.008000,0 days 00:00:42.783000,0 days 00:00:18.467000,Medium,7,2,,,1,True,0 days 01:15:17.655000,95.258,34.008,42.783,18.467,4517.655,4493.507,27.9,52.2,1008.3,False,35.0,307,1.6,False,True,False,FORMULA 1 2018 HONDA JAPANESE GRAND PRIX,Suzuka,Japan,,,Permanent,,,0.35700938503852697,0.44912763232484415,0.19386298263662893,3,False,Japanese Grand Prix,japanese_grand_prix,2018,2018-10-07,96.66451851851852,27,Closing,0.5879999999999939,False,False,False,True
LEC,Sauber,33,0 days 00:01:36.704000,0 days 00:00:34.753000,0 days 00:00:43.225000,0 days 00:00:18.726000,Medium,29,2,,,1,True,0 days 01:15:22.410000,96.704,34.753,43.225,18.726,4522.41,4493.507,27.9,52.2,1008.3,False,35.0,307,1.6,False,True,False,FORMULA 1 2018 HONDA JAPANESE GRAND PRIX,Suzuka,Japan,,,Permanent,,,0.359375,0.44698254467240245,0.19364245532759763,3,False,Japanese Grand Prix,japanese_grand_prix,2018,2018-10-07,100.60793333333332,30,Mid,2.188999999999993,False,False,False,True
GAS,Toro Rosso,33,0 days 00:01:34.331000,0 days 00:00:33.505000,0 days 00:00:42.430000,0 days 00:00:18.396000,Soft,4,2,,,1,True,0 days 01:15:22.869000,94.331,33.505,42.43,18.396,4522.869,4493.507,27.9,52.2,1008.3,False,35.0,307,1.6,False,True,False,FORMULA 1 2018 HONDA JAPANESE GRAND PRIX,Suzuka,Japan,,,Permanent,,,0.35518546395140516,0.44979911163880376,0.19501542440979105,3,False,Japanese Grand Prix,japanese_grand_prix,2018,2018-10-07,97.88647826086957,23,Closing,0.1980000000000075,False,False,False,True
ERI,Sauber,33,0 days 00:01:37.542000,0 days 00:00:35.432000,0 days 00:00:43.528000,0 days 00:00:18.582000,Medium,28,2,,,1,True,0 days 01:15:25.812000,97.542,35.432,43.528,18.582,4525.812,4553.521,27.9,51.8,1008.3,False,35.0,323,2.0,False,True,False,FORMULA 1 2018 HONDA JAPANESE GRAND PRIX,Suzuka,Japan,,,Permanent,,,0.3632486518627873,0.44624879539070345,0.1905025527465092,3,False,Japanese Grand Prix,japanese_grand_prix,2018,2018-10-07,98.81828260869564,46,Closing,1.2480000000000047,False,False,False,True
SAI,Renault,33,0 days 00:01:55.782000,0 days 00:00:54.733000,0 days 00:00:42.880000,0 days 00:00:18.169000,Medium,1,2,,0 days 01:13:54.645000,1,False,0 days 01:15:27.986000,115.782,54.733,42.88,18.169,4527.986,4553.521,27.9,51.8,1008.3,False,35.0,323,2.0,False,True,False,FORMULA 1 2018 HONDA JAPANESE GRAND PRIX,Suzuka,Japan,,,Permanent,,,0.472724603133475,0.3703511772123474,0.1569242196541777,3,False,Japanese Grand Prix,japanese_grand_prix,2018,2018-10-07,97.29735,20,Closing,21.584999999999994,False,False,False,True
SIR,Williams,33,0 days 00:01:38.603000,0 days 00:00:35.220000,0 days 00:00:44.547000,0 days 00:00:18.836000,Medium,29,2,,,1,True,0 days 01:15:29.977000,98.603,35.22,44.547,18.836,4529.977,4553.521,27.9,51.8,1008.3,False,35.0,323,2.0,False,True,False,FORMULA 1 2018 HONDA JAPANESE GRAND PRIX,Suzuka,Japan,,,Permanent,,,0.35718994351084654,0.45178138596188755,0.1910286705272659,3,False,Japanese Grand Prix,japanese_grand_prix,2018,2018-10-07,100.64236363636363,33,Mid,4.617999999999995,False,False,False,True
STR,Williams,33,0 days 00:01:37.683000,0 days 00:00:35.292000,0 days 00:00:43.536000,0 days 00:00:18.855000,Medium,19,2,,,1,True,0 days 01:15:31.713000,97.683,35.292,43.536,18.855,4531.713,4553.521,27.9,51.8,1008.3,False,35.0,323,2.0,False,True,False,FORMULA 1 2018 HONDA JAPANESE GRAND PRIX,Suzuka,Japan,,,Permanent,,,0.3612911151377415,0.4456865575381591,0.19302232732409938,3,False,Japanese Grand Prix,japanese_grand_prix,2018,2018-10-07,98.17664,25,Mid,4.329000000000008,False,False,False,True
HAR,Toro Rosso,33,0 days 00:01:37.651000,0 days 00:00:35.709000,0 days 00:00:43.175000,0 days 00:00:18.767000,Soft,5,2,,,1,True,0 days 01:15:32.058000,97.651,35.709,43.175,18.767,4532.058,4553.521,27.9,51.8,1008.3,False,35.0,323,2.0,False,True,False,FORMULA 1 2018 HONDA JAPANESE GRAND PRIX,Suzuka,Japan,,,Permanent,,,0.36567981894706664,0.4421357692189532,0.1921844118339802,3,False,Japanese Grand Prix,japanese_grand_prix,2018,2018-10-07,98.43775,24,Closing,2.793999999999997,False,False,False,True
ALO,McLaren,33,0 days 00:01:37.172000,0 days 00:00:35.287000,0 days 00:00:43.425000,0 days 00:00:18.460000,Medium,7,2,,,1,True,0 days 01:15:32.799000,97.172,35.287,43.425,18.46,4532.799,4553.521,27.9,51.8,1008.3,False,35.0,323,2.0,False,True,False,FORMULA 1 2018 HONDA JAPANESE GRAND PRIX,Suzuka,Japan,,,Permanent,,,0.36313958753550407,0.4468879924258017,0.1899724200386943,3,False,Japanese Grand Prix,japanese_grand_prix,2018,2018-10-07,98.23603846153847,26,Closing,3.228999999999999,False,False,False,True
VAN,McLaren,33,0 days 00:01:36.475000,0 days 00:00:34.530000,0 days 00:00:43.434000,0 days 00:00:18.511000,Medium,10,2,,,1,True,0 days 01:15:35.703000,96.475,34.53,43.434,18.511,4535.703,4553.521,27.9,51.8,1008.3,False,35.0,323,2.0,False,True,False,FORMULA 1 2018 HONDA JAPANESE GRAND PRIX,Suzuka,Japan,,,Permanent,,,0.3579165586939622,0.4502098989375486,0.19187354236848925,3,False,Japanese Grand Prix,japanese_grand_prix,2018,2018-10-07,97.85772413793103,29,Closing,1.4519999999999982,False,False,False,True
HUL,Renault,33,0 days 00:01:35.193000,0 days 00:00:34.391000,0 days 00:00:42.651000,0 days 00:00:18.151000,Soft,3,2,,,1,True,0 days 01:15:42.213000,95.193,34.391,42.651,18.151,4542.213,4553.521,27.9,51.8,1008.3,False,35.0,323,2.0,False,True,False,FORMULA 1 2018 HONDA JAPANESE GRAND PRIX,Suzuka,Japan,,,Permanent,,,0.3612765644532686,0.4480476505625414,0.19067578498419002,3,False,Japanese Grand Prix,japanese_grand_prix,2018,2018-10-07,100.29585714285714,7,Closing,0.25900000000000034,False,False,False,True
HAM,Mercedes,34,0 days 00:01:34.756000,0 days 00:00:33.949000,0 days 00:00:42.538000,0 days 00:00:18.269000,Medium,10,2,,,1,True,0 days 01:15:44.962000,94.756,33.949,42.538,18.269,4544.962,4553.521,27.9,51.8,1008.3,False,35.0,323,2.0,False,True,False,FORMULA 1 2018 HONDA JAPANESE GRAND PRIX,Suzuka,Japan,,,Permanent,,,0.35827810376123936,0.44892144033095527,0.19280045590780528,3,False,Japanese Grand Prix,japanese_grand_prix,2018,2018-10-07,95.38982758620689,29,Closing,1.9710000000000036,False,False,False,True
BOT,Mercedes,34,0 days 00:01:34.615000,0 days 00:00:33.908000,0 days 00:00:42.589000,0 days 00:00:18.118000,Medium,11,2,,,1,True,0 days 01:15:50.712000,94.615,33.908,42.589,18.118,4550.712,4553.521,27.9,51.8,1008.3,False,35.0,323,2.0,False,True,False,FORMULA 1 2018 HONDA JAPANESE GRAND PRIX,Suzuka,Japan,,,Permanent,,,0.3583786925963114,0.4501294720710247,0.19149183533266395,3,False,Japanese Grand Prix,japanese_grand_prix,2018,2018-10-07,95.5993,30,Closing,1.5049999999999955,False,False,False,True
VER,Red Bull Racing,34,0 days 00:01:33.730000,0 days 00:00:33.584000,0 days 00:00:41.989000,0 days 00:00:18.157000,Soft,13,2,,,1,True,0 days 01:15:56.554000,93.73,33.584,41.989,18.157,4556.554,4553.521,27.9,51.8,1008.3,False,35.0,323,2.0,False,True,False,FORMULA 1 2018 HONDA JAPANESE GRAND PRIX,Suzuka,Japan,,,Permanent,,,0.35830577189800494,0.4479782353568761,0.19371599274511894,3,False,Japanese Grand Prix,japanese_grand_prix,2018,2018-10-07,95.4254375,32,Closing,0.36299999999999955,False,False,False,True
RIC,Red Bull Racing,34,0 days 00:01:33.683000,0 days 00:00:33.509000,0 days 00:00:42.074000,0 days 00:00:18.100000,Medium,11,2,,,1,True,0 days 01:15:59.422000,93.683,33.509,42.074,18.1,4559.422,4553.521,27.9,51.8,1008.3,False,35.0,323,2.0,False,True,False,FORMULA 1 2018 HONDA JAPANESE GRAND PRIX,Suzuka,Japan,,,Permanent,,,0.35768495885059187,0.449110297492608,0.19320474365680007,3,False,Japanese Grand Prix,japanese_grand_prix,2018,2018-10-07,95.42473333333334,30,Closing,0.4960000000000093,False,False,False,True
RAI,Ferrari,34,0 days 00:01:34.310000,0 days 00:00:33.813000,0 days 00:00:42.351000,0 days 00:00:18.146000,Medium,17,2,,,1,True,0 days 01:16:05.488000,94.31,33.813,42.351,18.146,4565.488,4553.521,27.9,51.8,1008.3,False,35.0,323,2.0,False,True,False,FORMULA 1 2018 HONDA JAPANESE GRAND PRIX,Suzuka,Japan,,,Permanent,,,0.3585303785388612,0.449061605344078,0.19240801611706077,3,False,Japanese Grand Prix,japanese_grand_prix,2018,2018-10-07,96.2568611111111,36,Closing,0.0870000000000033,False,False,False,True
VET,Ferrari,34,0 days 00:01:34.424000,0 days 00:00:33.911000,0 days 00:00:42.410000,0 days 00:00:18.103000,Soft,8,2,,,1,True,0 days 01:16:46.209000,94.424,33.911,42.41,18.103,4606.209,4613.533,27.8,51.5,1008.2,False,35.2,341,2.9,False,True,False,FORMULA 1 2018 HONDA JAPANESE GRAND PRIX,Suzuka,Japan,,,Permanent,,,0.3591353893078031,0.44914428535118184,0.191720325341015,3,False,Japanese Grand Prix,japanese_grand_prix,2018,2018-10-07,95.86337037037038,27,Closing,2.1060000000000088,False,False,False,True
GRO,Haas F1 Team,34,0 days 00:01:36.998000,0 days 00:00:34.070000,0 days 00:00:44.311000,0 days 00:00:18.617000,Medium,5,2,,,1,True,0 days 01:16:48.022000,96.998,34.07,44.311,18.617,4608.022,4613.533,27.8,51.5,1008.2,False,35.2,341,2.9,False,True,False,FORMULA 1 2018 HONDA JAPANESE GRAND PRIX,Suzuka,Japan,,,Permanent,,,0.35124435555372274,0.4568238520381863,0.19193179240809088,3,False,Japanese Grand Prix,japanese_grand_prix,2018,2018-10-07,96.88091666666666,24,Closing,2.2120000000000033,False,False,False,True
PER,Racing Point,34,0 days 00:01:35.164000,0 days 00:00:34.041000,0 days 00:00:42.672000,0 days 00:00:18.451000,Soft,10,2,,,1,True,0 days 01:16:49.799000,95.164,34.041,42.672,18.451,4609.799,4613.533,27.8,51.5,1008.2,False,35.2,341,2.9,False,True,False,FORMULA 1 2018 HONDA JAPANESE GRAND PRIX,Suzuka,Japan,,,Permanent,,,0.3577087974444117,0.44840485898028665,0.1938863435753016,3,False,Japanese Grand Prix,japanese_grand_prix,2018,2018-10-07,96.43148275862069,29,Closing,1.0910000000000082,False,False,False,True
OCO,Racing Point,34,0 days 00:01:35.269000,0 days 00:00:34.316000,0 days 00:00:42.645000,0 days 00:00:18.308000,Medium,8,2,,,1,True,0 days 01:16:52.924000,95.269,34.316,42.645,18.308,4612.924,4613.533,27.8,51.5,1008.2,False,35.2,341,2.9,False,True,False,FORMULA 1 2018 HONDA JAPANESE GRAND PRIX,Suzuka,Japan,,,Permanent,,,0.36020111473826744,0.4476272449590108,0.19217164030272174,3,False,Japanese Grand Prix,japanese_grand_prix,2018,2018-10-07,96.66451851851852,27,Closing,0.5990000000000038,False,False,False,True
GAS,Toro Rosso,34,0 days 00:01:36.982000,0 days 00:00:34.908000,0 days 00:00:43.596000,0 days 00:00:18.478000,Soft,5,2,,,1,True,0 days 01:16:59.851000,96.982,34.908,43.596,18.478,4619.851,4613.533,27.8,51.5,1008.2,False,35.2,341,2.9,False,True,False,FORMULA 1 2018 HONDA JAPANESE GRAND PRIX,Suzuka,Japan,,,Permanent,,,0.35994308222144317,0.44952671629786967,0.19053020148068717,3,False,Japanese Grand Prix,japanese_grand_prix,2018,2018-10-07,97.88647826086957,23,Closing,2.8490000000000038,False,False,False,True
LEC,Sauber,34,0 days 00:01:38.134000,0 days 00:00:35.069000,0 days 00:00:43.704000,0 days 00:00:19.361000,Medium,30,2,,,1,True,0 days 01:17:00.544000,98.134,35.069,43.704,19.361,4620.544,4613.533,27.8,51.5,1008.2,False,35.2,341,2.9,False,True,False,FORMULA 1 2018 HONDA JAPANESE GRAND PRIX,Suzuka,Japan,,,Permanent,,,0.35735830598976914,0.44535023539242263,0.1972914586178083,3,False,Japanese Grand Prix,japanese_grand_prix,2018,2018-10-07,100.60793333333332,30,Mid,3.6189999999999998,False,False,False,True
ERI,Sauber,34,0 days 00:01:36.825000,0 days 00:00:34.670000,0 days 00:00:43.500000,0 days 00:00:18.655000,Medium,29,2,,,1,True,0 days 01:17:02.637000,96.825,34.67,43.5,18.655,4622.637,4613.533,27.8,51.5,1008.2,False,35.2,341,2.9,False,True,False,FORMULA 1 2018 HONDA JAPANESE GRAND PRIX,Suzuka,Japan,,,Permanent,,,0.35806868060934677,0.44926413632842754,0.19266718306222566,3,False,Japanese Grand Prix,japanese_grand_prix,2018,2018-10-07,98.81828260869564,46,Closing,0.5310000000000059,False,False,False,True
SAI,Renault,34,0 days 00:01:34.939000,0 days 00:00:33.800000,0 days 00:00:42.431000,0 days 00:00:18.708000,Medium,2,2,,,1,True,0 days 01:17:02.925000,94.939,33.8,42.431,18.708,4622.925,4613.533,27.8,51.5,1008.2,False,35.2,341,2.9,False,True,False,FORMULA 1 2018 HONDA JAPANESE GRAND PRIX,Suzuka,Japan,,,Permanent,,,0.3560180747637957,0.4469290807781839,0.1970528444580204,3,False,Japanese Grand Prix,japanese_grand_prix,2018,2018-10-07,97.29735,20,Closing,0.7419999999999902,False,False,False,True
SIR,Williams,34,0 days 00:01:37.469000,0 days 00:00:35.043000,0 days 00:00:43.573000,0 days 00:00:18.853000,Medium,30,2,,,1,True,0 days 01:17:07.446000,97.469,35.043,43.573,18.853,4627.446,4613.533,27.8,51.5,1008.2,False,35.2,341,2.9,False,True,False,FORMULA 1 2018 HONDA JAPANESE GRAND PRIX,Suzuka,Japan,,,Permanent,,,0.3595296966214899,0.44704470139223756,0.1934256019862726,3,False,Japanese Grand Prix,japanese_grand_prix,2018,2018-10-07,100.64236363636363,33,Mid,3.4839999999999947,False,False,False,True
STR,Williams,34,0 days 00:01:37.441000,0 days 00:00:35.160000,0 days 00:00:43.517000,0 days 00:00:18.764000,Medium,20,2,,,1,True,0 days 01:17:09.154000,97.441,35.16,43.517,18.764,4629.154,4613.533,27.8,51.5,1008.2,False,35.2,341,2.9,False,True,False,FORMULA 1 2018 HONDA JAPANESE GRAND PRIX,Suzuka,Japan,,,Permanent,,,0.36083373528596785,0.44659845444935914,0.19256781026467296,3,False,Japanese Grand Prix,japanese_grand_prix,2018,2018-10-07,98.17664,25,Mid,4.087000000000003,False,False,False,True
HAR,Toro Rosso,34,0 days 00:01:37.196000,0 days 00:00:35.499000,0 days 00:00:43.192000,0 days 00:00:18.505000,Soft,6,2,,,1,True,0 days 01:17:09.254000,97.196,35.499,43.192,18.505,4629.254,4613.533,27.8,51.5,1008.2,False,35.2,341,2.9,False,True,False,FORMULA 1 2018 HONDA JAPANESE GRAND PRIX,Suzuka,Japan,,,Permanent,,,0.3652310794682909,0.4443804271780732,0.19038849335363595,3,False,Japanese Grand Prix,japanese_grand_prix,2018,2018-10-07,98.43775,24,Closing,2.3389999999999986,False,False,False,True
ALO,McLaren,34,0 days 00:01:37.336000,0 days 00:00:35.299000,0 days 00:00:43.673000,0 days 00:00:18.364000,Medium,8,2,,,1,True,0 days 01:17:10.135000,97.336,35.299,43.673,18.364,4630.135,4613.533,27.8,51.5,1008.2,False,35.2,341,2.9,False,True,False,FORMULA 1 2018 HONDA JAPANESE GRAND PRIX,Suzuka,Japan,,,Permanent,,,0.3626510232596367,0.4486829127969097,0.18866606394345362,3,False,Japanese Grand Prix,japanese_grand_prix,2018,2018-10-07,98.23603846153847,26,Closing,3.3930000000000007,False,False,False,True
VAN,McLaren,34,0 days 00:01:36.443000,0 days 00:00:34.422000,0 days 00:00:43.500000,0 days 00:00:18.521000,Medium,11,2,,,1,True,0 days 01:17:12.146000,96.443,34.422,43.5,18.521,4632.146,4613.533,27.8,51.5,1008.2,False,35.2,341,2.9,False,True,False,FORMULA 1 2018 HONDA JAPANESE GRAND PRIX,Suzuka,Japan,,,Permanent,,,0.3569154837572452,0.45104362162106115,0.19204089462169366,3,False,Japanese Grand Prix,japanese_grand_prix,2018,2018-10-07,97.85772413793103,29,Closing,1.4200000000000017,False,False,False,True
HUL,Renault,34,0 days 00:01:35.337000,0 days 00:00:34.276000,0 days 00:00:42.755000,0 days 00:00:18.306000,Soft,4,2,,,1,True,0 days 01:17:17.550000,95.337,34.276,42.755,18.306,4637.55,4613.533,27.8,51.5,1008.2,False,35.2,341,2.9,False,True,False,FORMULA 1 2018 HONDA JAPANESE GRAND PRIX,Suzuka,Japan,,,Permanent,,,0.35952463366793586,0.4484617724493114,0.19201359388275277,3,False,Japanese Grand Prix,japanese_grand_prix,2018,2018-10-07,100.29585714285714,7,Closing,0.4030000000000058,False,False,False,True
HAM,Mercedes,35,0 days 00:01:34.307000,0 days 00:00:33.698000,0 days 00:00:42.485000,0 days 00:00:18.124000,Medium,11,2,,,1,True,0 days 01:17:19.269000,94.307,33.698,42.485,18.124,4639.269,4613.533,27.8,51.5,1008.2,False,35.2,341,2.9,False,True,False,FORMULA 1 2018 HONDA JAPANESE GRAND PRIX,Suzuka,Japan,,,Permanent,,,0.35732236207280477,0.450496781787142,0.1921808561400532,3,False,Japanese Grand Prix,japanese_grand_prix,2018,2018-10-07,95.38982758620689,29,Closing,1.5220000000000056,False,False,False,True
BOT,Mercedes,35,0 days 00:01:34.318000,0 days 00:00:33.757000,0 days 00:00:42.499000,0 days 00:00:18.062000,Medium,12,2,,,1,True,0 days 01:17:25.030000,94.318,33.757,42.499,18.062,4645.03,4673.548,27.7,51.4,1008.2,False,35.9,334,2.6,False,True,False,FORMULA 1 2018 HONDA JAPANESE GRAND PRIX,Suzuka,Japan,,,Permanent,,,0.3579062321083992,0.45059267584130286,0.19150109205029794,3,False,Japanese Grand Prix,japanese_grand_prix,2018,2018-10-07,95.5993,30,Closing,1.2079999999999984,False,False,False,True
VER,Red Bull Racing,35,0 days 00:01:33.624000,0 days 00:00:33.550000,0 days 00:00:41.990000,0 days 00:00:18.084000,Soft,14,2,,,1,True,0 days 01:17:30.178000,93.624,33.55,41.99,18.084,4650.178,4673.548,27.7,51.4,1008.2,False,35.9,334,2.6,False,True,False,FORMULA 1 2018 HONDA JAPANESE GRAND PRIX,Suzuka,Japan,,,Permanent,,,0.3583482867640776,0.44849611210800655,0.19315560112791594,3,False,Japanese Grand Prix,japanese_grand_prix,2018,2018-10-07,95.4254375,32,Closing,0.2569999999999908,False,False,False,True
RIC,Red Bull Racing,35,0 days 00:01:33.745000,0 days 00:00:33.542000,0 days 00:00:42.176000,0 days 00:00:18.027000,Medium,12,2,,,1,True,0 days 01:17:33.167000,93.745,33.542,42.176,18.027,4653.167,4673.548,27.7,51.4,1008.2,False,35.9,334,2.6,False,True,False,FORMULA 1 2018 HONDA JAPANESE GRAND PRIX,Suzuka,Japan,,,Permanent,,,0.3578004160221879,0.44990132807083044,0.1922982559069817,3,False,Japanese Grand Prix,japanese_grand_prix,2018,2018-10-07,95.42473333333334,30,Closing,0.5580000000000069,False,False,False,True
RAI,Ferrari,35,0 days 00:01:34.365000,0 days 00:00:33.896000,0 days 00:00:42.258000,0 days 00:00:18.211000,Medium,18,2,,,1,True,0 days 01:17:39.853000,94.365,33.896,42.258,18.211,4659.853,4673.548,27.7,51.4,1008.2,False,35.9,334,2.6,False,True,False,FORMULA 1 2018 HONDA JAPANESE GRAND PRIX,Suzuka,Japan,,,Permanent,,,0.3592009749377418,0.4478143379430934,0.19298468711916494,3,False,Japanese Grand Prix,japanese_grand_prix,2018,2018-10-07,96.2568611111111,36,Closing,0.1419999999999959,False,False,False,True
VET,Ferrari,35,0 days 00:01:33.789000,0 days 00:00:33.441000,0 days 00:00:42.234000,0 days 00:00:18.114000,Soft,9,2,,,1,True,0 days 01:18:19.998000,93.789,33.441,42.234,18.114,4699.998,4673.548,27.7,51.4,1008.2,False,35.9,334,2.6,False,True,False,FORMULA 1 2018 HONDA JAPANESE GRAND PRIX,Suzuka,Japan,,,Permanent,,,0.35655567284009854,0.4503086715926175,0.19313565556728401,3,False,Japanese Grand Prix,japanese_grand_prix,2018,2018-10-07,95.86337037037038,27,Closing,1.4710000000000036,False,False,False,True
GRO,Haas F1 Team,35,0 days 00:01:35.301000,0 days 00:00:33.954000,0 days 00:00:42.938000,0 days 00:00:18.409000,Medium,6,2,,,1,True,0 days 01:18:23.323000,95.301,33.954,42.938,18.409,4703.323,4673.548,27.7,51.4,1008.2,False,35.9,334,2.6,False,True,False,FORMULA 1 2018 HONDA JAPANESE GRAND PRIX,Suzuka,Japan,,,Permanent,,,0.356281675953033,0.4505514107931711,0.19316691325379584,3,False,Japanese Grand Prix,japanese_grand_prix,2018,2018-10-07,96.88091666666666,24,Closing,0.5150000000000006,False,False,False,True
PER,Racing Point,35,0 days 00:01:35.177000,0 days 00:00:34.094000,0 days 00:00:42.722000,0 days 00:00:18.361000,Soft,11,2,,,1,True,0 days 01:18:24.976000,95.177,34.094,42.722,18.361,4704.976,4733.563,27.7,51.6,1008.3,False,35.9,341,2.8,False,True,False,FORMULA 1 2018 HONDA JAPANESE GRAND PRIX,Suzuka,Japan,,,Permanent,,,0.3582167960746819,0.44886894943106,0.19291425449425806,3,False,Japanese Grand Prix,japanese_grand_prix,2018,2018-10-07,96.43148275862069,29,Closing,1.1040000000000134,False,False,False,True
OCO,Racing Point,35,0 days 00:01:34.901000,0 days 00:00:34.017000,0 days 00:00:42.616000,0 days 00:00:18.268000,Medium,9,2,,,1,True,0 days 01:18:27.825000,94.901,34.017,42.616,18.268,4707.825,4733.563,27.7,51.6,1008.3,False,35.9,341,2.8,False,True,False,FORMULA 1 2018 HONDA JAPANESE GRAND PRIX,Suzuka,Japan,,,Permanent,,,0.3584472239491681,0.44905743880464905,0.19249533724618287,3,False,Japanese Grand Prix,japanese_grand_prix,2018,2018-10-07,96.66451851851852,27,Closing,0.23099999999999454,False,False,False,True
GAS,Toro Rosso,35,0 days 00:01:34.133000,0 days 00:00:33.317000,0 days 00:00:42.393000,0 days 00:00:18.423000,Soft,6,2,,,1,True,0 days 01:18:33.984000,94.133,33.317,42.393,18.423,4713.984,4733.563,27.7,51.6,1008.3,False,35.9,341,2.8,False,True,False,FORMULA 1 2018 HONDA JAPANESE GRAND PRIX,Suzuka,Japan,,,Permanent,,,0.35393538928962215,0.4503521613036874,0.19571244940669053,3,False,Japanese Grand Prix,japanese_grand_prix,2018,2018-10-07,97.88647826086957,23,Closing,0.0,False,False,False,True
SAI,Renault,35,0 days 00:01:34.316000,0 days 00:00:33.516000,0 days 00:00:42.494000,0 days 00:00:18.306000,Medium,3,2,,,1,True,0 days 01:18:37.241000,94.316,33.516,42.494,18.306,4717.241,4733.563,27.7,51.6,1008.3,False,35.9,341,2.8,False,True,False,FORMULA 1 2018 HONDA JAPANESE GRAND PRIX,Suzuka,Japan,,,Permanent,,,0.3553585817888799,0.450549217524068,0.19409220068705205,3,False,Japanese Grand Prix,japanese_grand_prix,2018,2018-10-07,97.29735,20,Closing,0.11899999999999977,False,False,False,True
ERI,Sauber,35,0 days 00:01:37.954000,0 days 00:00:35.619000,0 days 00:00:43.483000,0 days 00:00:18.852000,Medium,30,2,,,1,True,0 days 01:18:40.591000,97.954,35.619,43.483,18.852,4720.591,4733.563,27.7,51.6,1008.3,False,35.9,341,2.8,False,True,False,FORMULA 1 2018 HONDA JAPANESE GRAND PRIX,Suzuka,Japan,,,Permanent,,,0.36362986708046635,0.4439124487004104,0.19245768421912327,3,False,Japanese Grand Prix,japanese_grand_prix,2018,2018-10-07,98.81828260869564,46,Closing,1.6599999999999966,False,False,False,True
LEC,Sauber,35,0 days 00:01:40.241000,0 days 00:00:34.947000,0 days 00:00:43.435000,0 days 00:00:21.859000,Medium,31,2,0 days 01:18:40.288000,,1,False,0 days 01:18:40.785000,100.241,34.947,43.435,21.859,4720.785,4733.563,27.7,51.6,1008.3,False,35.9,341,2.8,False,True,False,FORMULA 1 2018 HONDA JAPANESE GRAND PRIX,Suzuka,Japan,,,Permanent,35.0,,0.34862980217675404,0.43330573318302895,0.2180644646402171,3,False,Japanese Grand Prix,japanese_grand_prix,2018,2018-10-07,100.60793333333332,30,Mid,5.725999999999999,False,False,False,True
SIR,Williams,35,0 days 00:01:37.795000,0 days 00:00:35.173000,0 days 00:00:43.790000,0 days 00:00:18.832000,Medium,31,2,,,1,True,0 days 01:18:45.241000,97.795,35.173,43.79,18.832,4725.241,4733.563,27.7,51.6,1008.3,False,35.9,341,2.8,False,True,False,FORMULA 1 2018 HONDA JAPANESE GRAND PRIX,Suzuka,Japan,,,Permanent,,,0.359660514341224,0.44777340354823864,0.19256608211053736,3,False,Japanese Grand Prix,japanese_grand_prix,2018,2018-10-07,100.64236363636363,33,Mid,3.8100000000000023,False,False,False,True
HAR,Toro Rosso,35,0 days 00:01:36.305000,0 days 00:00:34.210000,0 days 00:00:43.347000,0 days 00:00:18.748000,Soft,7,2,,,1,True,0 days 01:18:45.559000,96.305,34.21,43.347,18.748,4725.559,4733.563,27.7,51.6,1008.3,False,35.9,341,2.8,False,True,False,FORMULA 1 2018 HONDA JAPANESE GRAND PRIX,Suzuka,Japan,,,Permanent,,,0.35522558537978294,0.45010124084938474,0.19467317377083224,3,False,Japanese Grand Prix,japanese_grand_prix,2018,2018-10-07,98.43775,24,Closing,1.4480000000000075,False,False,False,True
STR,Williams,35,0 days 00:01:38.412000,0 days 00:00:35.963000,0 days 00:00:43.616000,0 days 00:00:18.833000,Medium,21,2,,,1,True,0 days 01:18:47.566000,98.412,35.963,43.616,18.833,4727.566,4733.563,27.7,51.6,1008.3,False,35.9,341,2.8,False,True,False,FORMULA 1 2018 HONDA JAPANESE GRAND PRIX,Suzuka,Japan,,,Permanent,,,0.365433077267,0.44319798398569277,0.1913689387473072,3,False,Japanese Grand Prix,japanese_grand_prix,2018,2018-10-07,98.17664,25,Mid,5.058000000000007,False,False,False,True
ALO,McLaren,35,0 days 00:01:37.755000,0 days 00:00:35.546000,0 days 00:00:43.467000,0 days 00:00:18.742000,Medium,9,2,,,1,True,0 days 01:18:47.890000,97.755,35.546,43.467,18.742,4727.89,4733.563,27.7,51.6,1008.3,False,35.9,341,2.8,False,True,False,FORMULA 1 2018 HONDA JAPANESE GRAND PRIX,Suzuka,Japan,,,Permanent,,,0.3636233440744719,0.4446524474451435,0.19172420848038466,3,False,Japanese Grand Prix,japanese_grand_prix,2018,2018-10-07,98.23603846153847,26,Closing,3.8119999999999976,False,False,False,True
VAN,McLaren,35,0 days 00:01:37.225000,0 days 00:00:34.734000,0 days 00:00:43.721000,0 days 00:00:18.770000,Medium,12,2,,,1,True,0 days 01:18:49.371000,97.225,34.734,43.721,18.77,4729.371,4733.563,27.7,51.6,1008.3,False,35.9,341,2.8,False,True,False,FORMULA 1 2018 HONDA JAPANESE GRAND PRIX,Suzuka,Japan,,,Permanent,,,0.35725379274877866,0.44968886603239905,0.19305734121882231,3,False,Japanese Grand Prix,japanese_grand_prix,2018,2018-10-07,97.85772413793103,29,Closing,2.201999999999998,False,False,False,True
HAM,Mercedes,36,0 days 00:01:34.267000,0 days 00:00:33.929000,0 days 00:00:42.282000,0 days 00:00:18.056000,Medium,12,2,,,1,True,0 days 01:18:53.536000,94.267,33.929,42.282,18.056,4733.536,4733.563,27.7,51.6,1008.3,False,35.9,341,2.8,False,True,False,FORMULA 1 2018 HONDA JAPANESE GRAND PRIX,Suzuka,Japan,,,Permanent,,,0.35992446985689586,0.4485344818441236,0.19154104829898058,3,False,Japanese Grand Prix,japanese_grand_prix,2018,2018-10-07,95.38982758620689,29,Closing,1.4819999999999993,False,False,False,True
HUL,Renault,35,0 days 00:01:37.875000,0 days 00:00:36.017000,0 days 00:00:43.511000,0 days 00:00:18.347000,Soft,5,2,,,1,True,0 days 01:18:55.425000,97.875,36.017,43.511,18.347,4735.425,4733.563,27.7,51.6,1008.3,False,35.9,341,2.8,False,True,False,FORMULA 1 2018 HONDA JAPANESE GRAND PRIX,Suzuka,Japan,,,Permanent,,,0.36798978288633466,0.44455683269476376,0.18745338441890166,3,False,Japanese Grand Prix,japanese_grand_prix,2018,2018-10-07,100.29585714285714,7,Closing,2.9410000000000025,False,False,False,True
BOT,Mercedes,36,0 days 00:01:34.555000,0 days 00:00:33.946000,0 days 00:00:42.546000,0 days 00:00:18.063000,Medium,13,2,,,1,True,0 days 01:18:59.585000,94.555,33.946,42.546,18.063,4739.585,4733.563,27.7,51.6,1008.3,False,35.9,341,2.8,False,True,False,FORMULA 1 2018 HONDA JAPANESE GRAND PRIX,Suzuka,Japan,,,Permanent,,,0.3590079847707683,0.44996034054254136,0.19103167468669027,3,False,Japanese Grand Prix,japanese_grand_prix,2018,2018-10-07,95.5993,30,Closing,1.4450000000000074,False,False,False,True
VER,Red Bull Racing,36,0 days 00:01:33.802000,0 days 00:00:33.665000,0 days 00:00:42.063000,0 days 00:00:18.074000,Soft,15,2,,,1,True,0 days 01:19:03.980000,93.802,33.665,42.063,18.074,4743.98,4733.563,27.7,51.6,1008.3,False,35.9,341,2.8,False,True,False,FORMULA 1 2018 HONDA JAPANESE GRAND PRIX,Suzuka,Japan,,,Permanent,,,0.35889426664676655,0.44842327455704567,0.19268245879618773,3,False,Japanese Grand Prix,japanese_grand_prix,2018,2018-10-07,95.4254375,32,Closing,0.4350000000000023,False,False,False,True
RIC,Red Bull Racing,36,0 days 00:01:33.735000,0 days 00:00:33.536000,0 days 00:00:42.052000,0 days 00:00:18.147000,Medium,13,2,,,1,True,0 days 01:19:06.902000,93.735,33.536,42.052,18.147,4746.902,4733.563,27.7,51.6,1008.3,False,35.9,341,2.8,False,True,False,FORMULA 1 2018 HONDA JAPANESE GRAND PRIX,Suzuka,Japan,,,Permanent,,,0.35777457726569584,0.4486264468981704,0.19359897583613378,3,False,Japanese Grand Prix,japanese_grand_prix,2018,2018-10-07,95.42473333333334,30,Closing,0.5480000000000018,False,False,False,True
RAI,Ferrari,36,0 days 00:01:34.636000,0 days 00:00:33.811000,0 days 00:00:42.441000,0 days 00:00:18.384000,Medium,19,2,,,1,True,0 days 01:19:14.489000,94.636,33.811,42.441,18.384,4754.489,4733.563,27.7,51.6,1008.3,False,35.9,341,2.8,False,True,False,FORMULA 1 2018 HONDA JAPANESE GRAND PRIX,Suzuka,Japan,,,Permanent,,,0.3572741874128239,0.44846570015638876,0.19426011243078745,3,False,Japanese Grand Prix,japanese_grand_prix,2018,2018-10-07,96.2568611111111,36,Closing,0.4129999999999967,False,False,False,True
VET,Ferrari,36,0 days 00:01:34.409000,0 days 00:00:33.840000,0 days 00:00:42.315000,0 days 00:00:18.254000,Soft,10,2,,,1,True,0 days 01:19:54.407000,94.409,33.84,42.315,18.254,4794.407,4793.577,27.7,51.9,1008.3,False,35.8,332,2.4,False,True,False,FORMULA 1 2018 HONDA JAPANESE GRAND PRIX,Suzuka,Japan,,,Permanent,,,0.358440402927687,0.4482093868169348,0.19335021025537819,3,False,Japanese Grand Prix,japanese_grand_prix,2018,2018-10-07,95.86337037037038,27,Closing,2.091000000000008,False,False,False,True
GRO,Haas F1 Team,36,0 days 00:01:34.995000,0 days 00:00:33.716000,0 days 00:00:42.751000,0 days 00:00:18.528000,Medium,7,2,,,1,True,0 days 01:19:58.318000,94.995,33.716,42.751,18.528,4798.318,4793.577,27.7,51.9,1008.3,False,35.8,332,2.4,False,True,False,FORMULA 1 2018 HONDA JAPANESE GRAND PRIX,Suzuka,Japan,,,Permanent,,,0.35492394336544025,0.45003421232696456,0.1950418443075951,3,False,Japanese Grand Prix,japanese_grand_prix,2018,2018-10-07,96.88091666666666,24,Closing,0.20900000000000318,False,False,False,True
PER,Racing Point,36,0 days 00:01:35.223000,0 days 00:00:34.118000,0 days 00:00:42.751000,0 days 00:00:18.354000,Soft,12,2,,,1,True,0 days 01:20:00.199000,95.223,34.118,42.751,18.354,4800.199,4793.577,27.7,51.9,1008.3,False,35.8,332,2.4,False,True,False,FORMULA 1 2018 HONDA JAPANESE GRAND PRIX,Suzuka,Japan,,,Permanent,,,0.35829578988269645,0.4489566596305514,0.19274755048675216,3,False,Japanese Grand Prix,japanese_grand_prix,2018,2018-10-07,96.43148275862069,29,Closing,1.1500000000000057,False,False,False,True
OCO,Racing Point,36,0 days 00:01:35.148000,0 days 00:00:34.106000,0 days 00:00:42.802000,0 days 00:00:18.240000,Medium,10,2,,,1,True,0 days 01:20:02.973000,95.148,34.106,42.802,18.24,4802.973,4793.577,27.7,51.9,1008.3,False,35.8,332,2.4,False,True,False,FORMULA 1 2018 HONDA JAPANESE GRAND PRIX,Suzuka,Japan,,,Permanent,,,0.3584520956825157,0.4498465548408795,0.19170134947660486,3,False,Japanese Grand Prix,japanese_grand_prix,2018,2018-10-07,96.66451851851852,27,Closing,0.47799999999999443,False,False,False,True
GAS,Toro Rosso,36,0 days 00:01:34.620000,0 days 00:00:33.649000,0 days 00:00:42.555000,0 days 00:00:18.416000,Soft,7,2,,,1,True,0 days 01:20:08.604000,94.62,33.649,42.555,18.416,4808.604,4793.577,27.7,51.9,1008.3,False,35.8,332,2.4,False,True,False,FORMULA 1 2018 HONDA JAPANESE GRAND PRIX,Suzuka,Japan,,,Permanent,,,0.35562248995983936,0.4497463538363982,0.19463115620376242,3,False,Japanese Grand Prix,japanese_grand_prix,2018,2018-10-07,97.88647826086957,23,Closing,0.487000000000009,False,False,False,True
SAI,Renault,36,0 days 00:01:34.923000,0 days 00:00:33.983000,0 days 00:00:42.645000,0 days 00:00:18.295000,Medium,4,2,,,1,True,0 days 01:20:12.164000,94.923,33.983,42.645,18.295,4812.164,4793.577,27.7,51.9,1008.3,False,35.8,332,2.4,False,True,False,FORMULA 1 2018 HONDA JAPANESE GRAND PRIX,Suzuka,Japan,,,Permanent,,,0.3580059627276845,0.4492588729812585,0.19273516429105697,3,False,Japanese Grand Prix,japanese_grand_prix,2018,2018-10-07,97.29735,20,Closing,0.7259999999999991,False,False,False,True
ERI,Sauber,36,0 days 00:01:36.399000,0 days 00:00:34.666000,0 days 00:00:43.306000,0 days 00:00:18.427000,Medium,31,2,,,1,True,0 days 01:20:16.990000,96.399,34.666,43.306,18.427,4816.99,4793.577,27.7,51.9,1008.3,False,35.8,332,2.4,False,True,False,FORMULA 1 2018 HONDA JAPANESE GRAND PRIX,Suzuka,Japan,,,Permanent,,,0.35960953951804475,0.4492370252803452,0.19115343520160996,3,False,Japanese Grand Prix,japanese_grand_prix,2018,2018-10-07,98.81828260869564,46,Closing,0.10500000000000398,False,False,False,True
HAR,Toro Rosso,36,0 days 00:01:35.074000,0 days 00:00:33.864000,0 days 00:00:42.701000,0 days 00:00:18.509000,Soft,8,2,,,1,True,0 days 01:20:20.633000,95.074,33.864,42.701,18.509,4820.633,4793.577,27.7,51.9,1008.3,False,35.8,332,2.4,False,True,False,FORMULA 1 2018 HONDA JAPANESE GRAND PRIX,Suzuka,Japan,,,Permanent,,,0.3561857079748406,0.44913435849969496,0.1946799335254644,3,False,Japanese Grand Prix,japanese_grand_prix,2018,2018-10-07,98.43775,24,Closing,0.21699999999999875,False,False,False,True
SIR,Williams,36,0 days 00:01:39.049000,0 days 00:00:36.504000,0 days 00:00:43.677000,0 days 00:00:18.868000,Medium,32,2,,,1,True,0 days 01:20:24.290000,99.049,36.504,43.677,18.868,4824.29,4853.589,27.8,51.5,1008.2,False,36.1,340,2.7,False,True,False,FORMULA 1 2018 HONDA JAPANESE GRAND PRIX,Suzuka,Japan,,,Permanent,,,0.36854486163414063,0.44096356348877824,0.19049157487708102,3,False,Japanese Grand Prix,japanese_grand_prix,2018,2018-10-07,100.64236363636363,33,Mid,5.064000000000007,False,False,False,True
STR,Williams,36,0 days 00:01:37.940000,0 days 00:00:35.411000,0 days 00:00:43.638000,0 days 00:00:18.891000,Medium,22,2,,,1,True,0 days 01:20:25.506000,97.94,35.411,43.638,18.891,4825.506,4853.589,27.8,51.5,1008.2,False,36.1,340,2.7,False,True,False,FORMULA 1 2018 HONDA JAPANESE GRAND PRIX,Suzuka,Japan,,,Permanent,,,0.3615580967939555,0.44555850520726975,0.19288339799877474,3,False,Japanese Grand Prix,japanese_grand_prix,2018,2018-10-07,98.17664,25,Mid,4.5859999999999985,False,False,False,True
ALO,McLaren,36,0 days 00:01:37.914000,0 days 00:00:35.739000,0 days 00:00:43.707000,0 days 00:00:18.468000,Medium,10,2,,,1,True,0 days 01:20:25.804000,97.914,35.739,43.707,18.468,4825.804,4853.589,27.8,51.5,1008.2,False,36.1,340,2.7,False,True,False,FORMULA 1 2018 HONDA JAPANESE GRAND PRIX,Suzuka,Japan,,,Permanent,,,0.36500398308719895,0.44638151847539675,0.18861449843740424,3,False,Japanese Grand Prix,japanese_grand_prix,2018,2018-10-07,98.23603846153847,26,Closing,3.9710000000000036,False,False,False,True
VAN,McLaren,36,0 days 00:01:37.540000,0 days 00:00:35.166000,0 days 00:00:43.749000,0 days 00:00:18.625000,Medium,13,2,,,1,True,0 days 01:20:26.911000,97.54,35.166,43.749,18.625,4826.911,4853.589,27.8,51.5,1008.2,False,36.1,340,2.7,False,True,False,FORMULA 1 2018 HONDA JAPANESE GRAND PRIX,Suzuka,Japan,,,Permanent,,,0.3605290137379536,0.44852368259175723,0.1909473036702891,3,False,Japanese Grand Prix,japanese_grand_prix,2018,2018-10-07,97.85772413793103,29,Closing,2.51700000000001,False,False,False,True
HAM,Mercedes,37,0 days 00:01:34.912000,0 days 00:00:33.792000,0 days 00:00:42.784000,0 days 00:00:18.336000,Medium,13,2,,,1,True,0 days 01:20:28.448000,94.912,33.792,42.784,18.336,4828.448,4853.589,27.8,51.5,1008.2,False,36.1,340,2.7,False,True,False,FORMULA 1 2018 HONDA JAPANESE GRAND PRIX,Suzuka,Japan,,,Permanent,,,0.35603506405933916,0.4507754551584625,0.19318948078219822,3,False,Japanese Grand Prix,japanese_grand_prix,2018,2018-10-07,95.38982758620689,29,Closing,2.1270000000000095,False,False,False,True
HUL,Renault,36,0 days 00:01:35.869000,0 days 00:00:34.685000,0 days 00:00:42.742000,0 days 00:00:18.442000,Soft,6,2,,,1,True,0 days 01:20:31.294000,95.869,34.685,42.742,18.442,4831.294,4853.589,27.8,51.5,1008.2,False,36.1,340,2.7,False,True,False,FORMULA 1 2018 HONDA JAPANESE GRAND PRIX,Suzuka,Japan,,,Permanent,,,0.3617957838300181,0.4458375491556186,0.19236666701436336,3,False,Japanese Grand Prix,japanese_grand_prix,2018,2018-10-07,100.29585714285714,7,Closing,0.9350000000000023,False,False,False,True
BOT,Mercedes,37,0 days 00:01:34.294000,0 days 00:00:33.501000,0 days 00:00:42.567000,0 days 00:00:18.226000,Medium,14,2,,,1,True,0 days 01:20:33.879000,94.294,33.501,42.567,18.226,4833.879,4853.589,27.8,51.5,1008.2,False,36.1,340,2.7,False,True,False,FORMULA 1 2018 HONDA JAPANESE GRAND PRIX,Suzuka,Japan,,,Permanent,,,0.35528241457568877,0.45142851082783636,0.19328907459647485,3,False,Japanese Grand Prix,japanese_grand_prix,2018,2018-10-07,95.5993,30,Closing,1.1839999999999975,False,False,False,True
VER,Red Bull Racing,37,0 days 00:01:33.491000,0 days 00:00:33.408000,0 days 00:00:42.049000,0 days 00:00:18.034000,Soft,16,2,,,1,True,0 days 01:20:37.471000,93.491,33.408,42.049,18.034,4837.471,4853.589,27.8,51.5,1008.2,False,36.1,340,2.7,False,True,False,FORMULA 1 2018 HONDA JAPANESE GRAND PRIX,Suzuka,Japan,,,Permanent,,,0.35733920912173367,0.4497652180423784,0.19289557283588793,3,False,Japanese Grand Prix,japanese_grand_prix,2018,2018-10-07,95.4254375,32,Closing,0.12399999999999523,False,False,False,True
LEC,Sauber,36,0 days 00:01:59.058000,0 days 00:00:58.499000,0 days 00:00:42.392000,0 days 00:00:18.167000,Soft,5,3,,0 days 01:19:06.380000,1,False,0 days 01:20:39.843000,119.058,58.499,42.392,18.167,4839.843,4853.589,27.8,51.5,1008.2,False,36.1,340,2.7,False,True,False,FORMULA 1 2018 HONDA JAPANESE GRAND PRIX,Suzuka,Japan,,,Permanent,,,0.4913487543886173,0.3560617514152766,0.1525894941961061,3,False,Japanese Grand Prix,japanese_grand_prix,2018,2018-10-07,102.85433333333333,3,Closing,24.543000000000006,False,False,False,True
RIC,Red Bull Racing,37,0 days 00:01:34.726000,0 days 00:00:34.029000,0 days 00:00:42.521000,0 days 00:00:18.176000,Medium,14,2,,,1,True,0 days 01:20:41.628000,94.726,34.029,42.521,18.176,4841.628,4853.589,27.8,51.5,1008.2,False,36.1,340,2.7,False,True,False,FORMULA 1 2018 HONDA JAPANESE GRAND PRIX,Suzuka,Japan,,,Permanent,,,0.35923611257732835,0.448884150074953,0.19187973734771868,3,False,Japanese Grand Prix,japanese_grand_prix,2018,2018-10-07,95.42473333333334,30,Closing,1.5390000000000015,False,False,False,True
RAI,Ferrari,37,0 days 00:01:34.507000,0 days 00:00:33.896000,0 days 00:00:42.462000,0 days 00:00:18.149000,Medium,20,2,,,1,True,0 days 01:20:48.996000,94.507,33.896,42.462,18.149,4848.996,4853.589,27.8,51.5,1008.2,False,36.1,340,2.7,False,True,False,FORMULA 1 2018 HONDA JAPANESE GRAND PRIX,Suzuka,Japan,,,Permanent,,,0.3586612631868539,0.44930005184801125,0.19203868496513485,3,False,Japanese Grand Prix,japanese_grand_prix,2018,2018-10-07,96.2568611111111,36,Closing,0.284000000000006,False,False,False,True
VET,Ferrari,37,0 days 00:01:34.648000,0 days 00:00:33.850000,0 days 00:00:42.332000,0 days 00:00:18.466000,Soft,11,2,,,1,True,0 days 01:21:29.055000,94.648,33.85,42.332,18.466,4889.055,4913.676,27.9,50.9,1008.2,False,36.1,345,3.1,False,True,False,FORMULA 1 2018 HONDA JAPANESE GRAND PRIX,Suzuka,Japan,,,Permanent,,,0.35764094328459134,0.44725720564618376,0.19510185106922492,3,False,Japanese Grand Prix,japanese_grand_prix,2018,2018-10-07,95.86337037037038,27,Closing,2.3299999999999983,False,False,False,True
GRO,Haas F1 Team,37,0 days 00:01:35.214000,0 days 00:00:33.602000,0 days 00:00:42.907000,0 days 00:00:18.705000,Medium,8,2,,,1,True,0 days 01:21:33.532000,95.214,33.602,42.907,18.705,4893.532,4913.676,27.9,50.9,1008.2,False,36.1,345,3.1,False,True,False,FORMULA 1 2018 HONDA JAPANESE GRAND PRIX,Suzuka,Japan,,,Permanent,,,0.3529102863024345,0.45063751129035645,0.196452202407209,3,False,Japanese Grand Prix,japanese_grand_prix,2018,2018-10-07,96.88091666666666,24,Closing,0.42799999999999727,False,False,False,True
PER,Racing Point,37,0 days 00:01:35.248000,0 days 00:00:34.174000,0 days 00:00:42.672000,0 days 00:00:18.402000,Soft,13,2,,,1,True,0 days 01:21:35.447000,95.248,34.174,42.672,18.402,4895.447,4913.676,27.9,50.9,1008.2,False,36.1,345,3.1,False,True,False,FORMULA 1 2018 HONDA JAPANESE GRAND PRIX,Suzuka,Japan,,,Permanent,,,0.35878968587266924,0.4480094070216697,0.193200907105661,3,False,Japanese Grand Prix,japanese_grand_prix,2018,2018-10-07,96.43148275862069,29,Closing,1.1750000000000114,False,False,False,True
OCO,Racing Point,37,0 days 00:01:35.049000,0 days 00:00:34.156000,0 days 00:00:42.556000,0 days 00:00:18.337000,Medium,11,2,,,1,True,0 days 01:21:38.022000,95.049,34.156,42.556,18.337,4898.022,4913.676,27.9,50.9,1008.2,False,36.1,345,3.1,False,True,False,FORMULA 1 2018 HONDA JAPANESE GRAND PRIX,Suzuka,Japan,,,Permanent,,,0.35935149238813663,0.4477269618828183,0.192921545729045,3,False,Japanese Grand Prix,japanese_grand_prix,2018,2018-10-07,96.66451851851852,27,Closing,0.3790000000000049,False,False,False,True
GAS,Toro Rosso,37,0 days 00:01:34.812000,0 days 00:00:33.622000,0 days 00:00:42.596000,0 days 00:00:18.594000,Soft,8,2,,,1,True,0 days 01:21:43.416000,94.812,33.622,42.596,18.594,4903.416,4913.676,27.9,50.9,1008.2,False,36.1,345,3.1,False,True,False,FORMULA 1 2018 HONDA JAPANESE GRAND PRIX,Suzuka,Japan,,,Permanent,,,0.3546175589587816,0.44926802514449643,0.19611441589672196,3,False,Japanese Grand Prix,japanese_grand_prix,2018,2018-10-07,97.88647826086957,23,Closing,0.679000000000002,False,False,False,True
SAI,Renault,37,0 days 00:01:35.142000,0 days 00:00:34.089000,0 days 00:00:42.617000,0 days 00:00:18.436000,Medium,5,2,,,1,True,0 days 01:21:47.306000,95.142,34.089,42.617,18.436,4907.306,4913.676,27.9,50.9,1008.2,False,36.1,345,3.1,False,True,False,FORMULA 1 2018 HONDA JAPANESE GRAND PRIX,Suzuka,Japan,,,Permanent,,,0.35829602068487104,0.4479304618359925,0.19377351747913646,3,False,Japanese Grand Prix,japanese_grand_prix,2018,2018-10-07,97.29735,20,Closing,0.9449999999999932,False,False,False,True
ERI,Sauber,37,0 days 00:01:36.503000,0 days 00:00:34.570000,0 days 00:00:43.378000,0 days 00:00:18.555000,Medium,32,2,,,1,True,0 days 01:21:53.493000,96.503,34.57,43.378,18.555,4913.493,4913.676,27.9,50.9,1008.2,False,36.1,345,3.1,False,True,False,FORMULA 1 2018 HONDA JAPANESE GRAND PRIX,Suzuka,Japan,,,Permanent,,,0.3582272053718537,0.4494989793063428,0.19227381532180346,3,False,Japanese Grand Prix,japanese_grand_prix,2018,2018-10-07,98.81828260869564,46,Closing,0.20900000000000318,False,False,False,True
HAR,Toro Rosso,37,0 days 00:01:35.424000,0 days 00:00:34.061000,0 days 00:00:42.766000,0 days 00:00:18.597000,Soft,9,2,,,1,True,0 days 01:21:56.057000,95.424,34.061,42.766,18.597,4916.057,4913.676,27.9,50.9,1008.2,False,36.1,345,3.1,False,True,False,FORMULA 1 2018 HONDA JAPANESE GRAND PRIX,Suzuka,Japan,,,Permanent,,,0.3569437458081824,0.44816817572099255,0.19488807847082495,3,False,Japanese Grand Prix,japanese_grand_prix,2018,2018-10-07,98.43775,24,Closing,0.5670000000000073,False,False,False,True
SIR,Williams,37,0 days 00:01:37.694000,0 days 00:00:35.228000,0 days 00:00:43.544000,0 days 00:00:18.922000,Medium,33,2,,,1,True,0 days 01:22:01.984000,97.694,35.228,43.544,18.922,4921.984,4913.676,27.9,50.9,1008.2,False,36.1,345,3.1,False,True,False,FORMULA 1 2018 HONDA JAPANESE GRAND PRIX,Suzuka,Japan,,,Permanent,,,0.360595328269904,0.4457182631481974,0.1936864085818986,3,False,Japanese Grand Prix,japanese_grand_prix,2018,2018-10-07,100.64236363636363,33,Mid,3.709000000000003,False,False,False,True
ALO,McLaren,37,0 days 00:01:36.459000,0 days 00:00:34.584000,0 days 00:00:43.100000,0 days 00:00:18.775000,Medium,11,2,,,1,True,0 days 01:22:02.263000,96.459,34.584,43.1,18.775,4922.263,4913.676,27.9,50.9,1008.2,False,36.1,345,3.1,False,True,False,FORMULA 1 2018 HONDA JAPANESE GRAND PRIX,Suzuka,Japan,,,Permanent,,,0.35853575094081425,0.4468219658093076,0.19464228324987817,3,False,Japanese Grand Prix,japanese_grand_prix,2018,2018-10-07,98.23603846153847,26,Closing,2.5160000000000053,False,False,False,True
HAM,Mercedes,38,0 days 00:01:36.050000,0 days 00:00:34.590000,0 days 00:00:43.050000,0 days 00:00:18.410000,Medium,14,2,,,1,True,0 days 01:22:04.498000,96.05,34.59,43.05,18.41,4924.498,4913.676,27.9,50.9,1008.2,False,36.1,345,3.1,False,True,False,FORMULA 1 2018 HONDA JAPANESE GRAND PRIX,Suzuka,Japan,,,Permanent,,,0.36012493492972414,0.44820406038521604,0.19167100468505988,3,False,Japanese Grand Prix,japanese_grand_prix,2018,2018-10-07,95.38982758620689,29,Closing,3.2650000000000006,False,False,False,True
STR,Williams,37,0 days 00:01:39.832000,0 days 00:00:36.503000,0 days 00:00:43.775000,0 days 00:00:19.554000,Medium,23,2,,,1,True,0 days 01:22:05.338000,99.832,36.503,43.775,19.554,4925.338,4913.676,27.9,50.9,1008.2,False,36.1,345,3.1,False,True,False,FORMULA 1 2018 HONDA JAPANESE GRAND PRIX,Suzuka,Japan,,,Permanent,,,0.36564428239442265,0.43848665758474237,0.195869060020835,3,False,Japanese Grand Prix,japanese_grand_prix,2018,2018-10-07,98.17664,25,Mid,6.477999999999994,False,False,False,True
VAN,McLaren,37,0 days 00:01:39.336000,0 days 00:00:36.558000,0 days 00:00:44.005000,0 days 00:00:18.773000,Medium,14,2,,,1,True,0 days 01:22:06.247000,99.336,36.558,44.005,18.773,4926.247,4913.676,27.9,50.9,1008.2,False,36.1,345,3.1,False,True,False,FORMULA 1 2018 HONDA JAPANESE GRAND PRIX,Suzuka,Japan,,,Permanent,,,0.368023677216719,0.4429914633164211,0.18898485946685994,3,False,Japanese Grand Prix,japanese_grand_prix,2018,2018-10-07,97.85772413793103,29,Closing,4.313000000000002,False,False,False,True
BOT,Mercedes,38,0 days 00:01:35.196000,0 days 00:00:34.054000,0 days 00:00:42.839000,0 days 00:00:18.303000,Medium,15,2,,,1,True,0 days 01:22:09.075000,95.196,34.054,42.839,18.303,4929.075,4913.676,27.9,50.9,1008.2,False,36.1,345,3.1,False,True,False,FORMULA 1 2018 HONDA JAPANESE GRAND PRIX,Suzuka,Japan,,,Permanent,,,0.3577251145006093,0.4500084037144418,0.19226648178494896,3,False,Japanese Grand Prix,japanese_grand_prix,2018,2018-10-07,95.5993,30,Closing,2.0859999999999985,False,False,False,True
VER,Red Bull Racing,38,0 days 00:01:33.806000,0 days 00:00:33.576000,0 days 00:00:42.076000,0 days 00:00:18.154000,Soft,17,2,,,1,True,0 days 01:22:11.277000,93.806,33.576,42.076,18.154,4931.277,4913.676,27.9,50.9,1008.2,False,36.1,345,3.1,False,True,False,FORMULA 1 2018 HONDA JAPANESE GRAND PRIX,Suzuka,Japan,,,Permanent,,,0.357930196362706,0.44854273713834936,0.19352706649894463,3,False,Japanese Grand Prix,japanese_grand_prix,2018,2018-10-07,95.4254375,32,Closing,0.43899999999999295,False,False,False,True
LEC,Sauber,37,0 days 00:01:34.515000,0 days 00:00:33.941000,0 days 00:00:42.140000,0 days 00:00:18.434000,Soft,6,3,,,1,True,0 days 01:22:14.358000,94.515,33.941,42.14,18.434,4934.358,4913.676,27.9,50.9,1008.2,False,36.1,345,3.1,False,True,False,FORMULA 1 2018 HONDA JAPANESE GRAND PRIX,Suzuka,Japan,,,Permanent,,,0.35910702004972755,0.4458551552663598,0.19503782468391262,3,False,Japanese Grand Prix,japanese_grand_prix,2018,2018-10-07,102.85433333333333,3,Closing,0.0,False,False,False,True
RIC,Red Bull Racing,38,0 days 00:01:34.356000,0 days 00:00:33.868000,0 days 00:00:42.292000,0 days 00:00:18.196000,Medium,15,2,,,1,True,0 days 01:22:15.984000,94.356,33.868,42.292,18.196,4935.984,4913.676,27.9,50.9,1008.2,False,36.1,345,3.1,False,True,False,FORMULA 1 2018 HONDA JAPANESE GRAND PRIX,Suzuka,Japan,,,Permanent,,,0.3589384882784349,0.44821738946118955,0.19284412226037562,3,False,Japanese Grand Prix,japanese_grand_prix,2018,2018-10-07,95.42473333333334,30,Closing,1.168999999999997,False,False,False,True
HUL,Renault,37,0 days 00:01:46.337000,0 days 00:00:34.865000,0 days 00:00:44.606000,0 days 00:00:26.866000,Soft,7,2,0 days 01:22:16.976000,,1,False,0 days 01:22:17.631000,106.337,34.865,44.606,26.866,4937.631,4913.676,27.9,50.9,1008.2,False,36.1,345,3.1,False,True,False,FORMULA 1 2018 HONDA JAPANESE GRAND PRIX,Suzuka,Japan,,,Permanent,37.0,,0.32787270658378553,0.41947769826118847,0.252649595155026,3,False,Japanese Grand Prix,japanese_grand_prix,2018,2018-10-07,100.29585714285714,7,Closing,11.403000000000006,False,False,False,True
RAI,Ferrari,38,0 days 00:01:34.670000,0 days 00:00:33.886000,0 days 00:00:42.479000,0 days 00:00:18.305000,Medium,21,2,,,1,True,0 days 01:22:23.666000,94.67,33.886,42.479,18.305,4943.666,4973.617,27.7,51.8,1008.2,False,35.9,328,2.6,False,True,False,FORMULA 1 2018 HONDA JAPANESE GRAND PRIX,Suzuka,Japan,,,Permanent,,,0.3579381007710996,0.44870603147776483,0.19335586775113553,3,False,Japanese Grand Prix,japanese_grand_prix,2018,2018-10-07,96.2568611111111,36,Closing,0.44700000000000273,False,False,False,True
VET,Ferrari,38,0 days 00:01:35.136000,0 days 00:00:34.166000,0 days 00:00:42.588000,0 days 00:00:18.382000,Soft,12,2,,,1,True,0 days 01:23:04.191000,95.136,34.166,42.588,18.382,4984.191,4973.617,27.7,51.8,1008.2,False,35.9,328,2.6,False,True,False,FORMULA 1 2018 HONDA JAPANESE GRAND PRIX,Suzuka,Japan,,,Permanent,,,0.3591279852001345,0.44765388496468217,0.19321812983518333,3,False,Japanese Grand Prix,japanese_grand_prix,2018,2018-10-07,95.86337037037038,27,Closing,2.817999999999998,False,False,False,True
GRO,Haas F1 Team,38,0 days 00:01:35.704000,0 days 00:00:34.055000,0 days 00:00:43.074000,0 days 00:00:18.575000,Medium,9,2,,,1,True,0 days 01:23:09.236000,95.704,34.055,43.074,18.575,4989.236,4973.617,27.7,51.8,1008.2,False,35.9,328,2.6,False,True,False,FORMULA 1 2018 HONDA JAPANESE GRAND PRIX,Suzuka,Japan,,,Permanent,,,0.35583674663545933,0.45007523196522614,0.19408802139931455,3,False,Japanese Grand Prix,japanese_grand_prix,2018,2018-10-07,96.88091666666666,24,Closing,0.9179999999999922,False,False,False,True
PER,Racing Point,38,0 days 00:01:35.415000,0 days 00:00:34.279000,0 days 00:00:42.717000,0 days 00:00:18.419000,Soft,14,2,,,1,True,0 days 01:23:10.862000,95.415,34.279,42.717,18.419,4990.862,4973.617,27.7,51.8,1008.2,False,35.9,328,2.6,False,True,False,FORMULA 1 2018 HONDA JAPANESE GRAND PRIX,Suzuka,Japan,,,Permanent,,,0.3592621705182623,0.4476969030026725,0.19304092647906512,3,False,Japanese Grand Prix,japanese_grand_prix,2018,2018-10-07,96.43148275862069,29,Closing,1.342000000000013,False,False,False,True
OCO,Racing Point,38,0 days 00:01:35.093000,0 days 00:00:34.131000,0 days 00:00:42.596000,0 days 00:00:18.366000,Medium,12,2,,,1,True,0 days 01:23:13.115000,95.093,34.131,42.596,18.366,4993.115,4973.617,27.7,51.8,1008.2,False,35.9,328,2.6,False,True,False,FORMULA 1 2018 HONDA JAPANESE GRAND PRIX,Suzuka,Japan,,,Permanent,,,0.3589223181517041,0.44794043725615973,0.1931372445921361,3,False,Japanese Grand Prix,japanese_grand_prix,2018,2018-10-07,96.66451851851852,27,Closing,0.4230000000000018,False,False,False,True
GAS,Toro Rosso,38,0 days 00:01:35.067000,0 days 00:00:33.755000,0 days 00:00:42.681000,0 days 00:00:18.631000,Soft,9,2,,,1,True,0 days 01:23:18.483000,95.067,33.755,42.681,18.631,4998.483,4973.617,27.7,51.8,1008.2,False,35.9,328,2.6,False,True,False,FORMULA 1 2018 HONDA JAPANESE GRAND PRIX,Suzuka,Japan,,,Permanent,,,0.3550653749460907,0.4489570513427372,0.19597757371117214,3,False,Japanese Grand Prix,japanese_grand_prix,2018,2018-10-07,97.88647826086957,23,Closing,0.9339999999999975,False,False,False,True
SAI,Renault,38,0 days 00:01:35.612000,0 days 00:00:34.016000,0 days 00:00:42.800000,0 days 00:00:18.796000,Medium,6,2,,,1,True,0 days 01:23:22.918000,95.612,34.016,42.8,18.796,5002.918,4973.617,27.7,51.8,1008.2,False,35.9,328,2.6,False,True,False,FORMULA 1 2018 HONDA JAPANESE GRAND PRIX,Suzuka,Japan,,,Permanent,,,0.35577124210350164,0.44764255532778313,0.19658620256871523,3,False,Japanese Grand Prix,japanese_grand_prix,2018,2018-10-07,97.29735,20,Closing,1.414999999999992,False,False,False,True
ERI,Sauber,38,0 days 00:01:36.873000,0 days 00:00:34.667000,0 days 00:00:43.257000,0 days 00:00:18.949000,Medium,33,2,,,1,True,0 days 01:23:30.366000,96.873,34.667,43.257,18.949,5010.366,5033.63,27.7,51.6,1008.2,False,35.7,339,2.4,False,True,False,FORMULA 1 2018 HONDA JAPANESE GRAND PRIX,Suzuka,Japan,,,Permanent,,,0.3578602913092399,0.4465330897154005,0.1956066189753595,3,False,Japanese Grand Prix,japanese_grand_prix,2018,2018-10-07,98.81828260869564,46,Closing,0.5790000000000077,False,False,False,True
HAR,Toro Rosso,38,0 days 00:01:36.021000,0 days 00:00:34.280000,0 days 00:00:43.197000,0 days 00:00:18.544000,Soft,10,2,,,1,True,0 days 01:23:32.078000,96.021,34.28,43.197,18.544,5012.078,5033.63,27.7,51.6,1008.2,False,35.7,339,2.4,False,True,False,FORMULA 1 2018 HONDA JAPANESE GRAND PRIX,Suzuka,Japan,,,Permanent,,,0.35700523843742515,0.44987034086293626,0.19312442069963862,3,False,Japanese Grand Prix,japanese_grand_prix,2018,2018-10-07,98.43775,24,Closing,1.1640000000000015,False,False,False,True
ALO,McLaren,38,0 days 00:01:35.390000,0 days 00:00:34.029000,0 days 00:00:42.871000,0 days 00:00:18.490000,Medium,12,2,,,1,True,0 days 01:23:37.653000,95.39,34.029,42.871,18.49,5017.653,5033.63,27.7,51.6,1008.2,False,35.7,339,2.4,False,True,False,FORMULA 1 2018 HONDA JAPANESE GRAND PRIX,Suzuka,Japan,,,Permanent,,,0.35673550686654787,0.44942866128525005,0.1938358318482021,3,False,Japanese Grand Prix,japanese_grand_prix,2018,2018-10-07,98.23603846153847,26,Closing,1.4470000000000027,False,False,False,True
HAM,Mercedes,39,0 days 00:01:34.725000,0 days 00:00:34.351000,0 days 00:00:42.239000,0 days 00:00:18.135000,Medium,15,2,,,1,True,0 days 01:23:39.223000,94.725,34.351,42.239,18.135,5019.223,5033.63,27.7,51.6,1008.2,False,35.7,339,2.4,False,True,False,FORMULA 1 2018 HONDA JAPANESE GRAND PRIX,Suzuka,Japan,,,Permanent,,,0.3626392187912378,0.44591185009237266,0.19144893111638958,3,False,Japanese Grand Prix,japanese_grand_prix,2018,2018-10-07,95.38982758620689,29,Closing,1.9399999999999977,False,False,False,True
STR,Williams,38,0 days 00:01:38.795000,0 days 00:00:35.222000,0 days 00:00:44.226000,0 days 00:00:19.347000,Medium,24,2,,,1,True,0 days 01:23:44.133000,98.795,35.222,44.226,19.347,5024.133,5033.63,27.7,51.6,1008.2,False,35.7,339,2.4,False,True,False,FORMULA 1 2018 HONDA JAPANESE GRAND PRIX,Suzuka,Japan,,,Permanent,,,0.35651601801710614,0.44765423351384176,0.1958297484690521,3,False,Japanese Grand Prix,japanese_grand_prix,2018,2018-10-07,98.17664,25,Mid,5.4410000000000025,False,False,False,True
VAN,McLaren,38,0 days 00:01:38.185000,0 days 00:00:34.909000,0 days 00:00:44.062000,0 days 00:00:19.214000,Medium,15,2,,,1,True,0 days 01:23:44.432000,98.185,34.909,44.062,19.214,5024.432,5033.63,27.7,51.6,1008.2,False,35.7,339,2.4,False,True,False,FORMULA 1 2018 HONDA JAPANESE GRAND PRIX,Suzuka,Japan,,,Permanent,,,0.35554310739929723,0.44876508631664713,0.19569180628405558,3,False,Japanese Grand Prix,japanese_grand_prix,2018,2018-10-07,97.85772413793103,29,Closing,3.162000000000006,False,False,False,True
BOT,Mercedes,39,0 days 00:01:35.573000,0 days 00:00:33.969000,0 days 00:00:42.958000,0 days 00:00:18.646000,Medium,16,2,,,1,True,0 days 01:23:44.648000,95.573,33.969,42.958,18.646,5024.648,5033.63,27.7,51.6,1008.2,False,35.7,339,2.4,False,True,False,FORMULA 1 2018 HONDA JAPANESE GRAND PRIX,Suzuka,Japan,,,Permanent,,,0.35542464922101435,0.44947840917413917,0.19509694160484659,3,False,Japanese Grand Prix,japanese_grand_prix,2018,2018-10-07,95.5993,30,Closing,2.462999999999994,False,False,False,True
SIR,Williams,38,0 days 00:01:43.438000,0 days 00:00:36.983000,0 days 00:00:45.070000,0 days 00:00:21.385000,Medium,34,2,0 days 01:23:44.143000,,1,False,0 days 01:23:45.422000,103.438,36.983,45.07,21.385,5025.422,5033.63,27.7,51.6,1008.2,False,35.7,339,2.4,False,True,False,FORMULA 1 2018 HONDA JAPANESE GRAND PRIX,Suzuka,Japan,,,Permanent,38.0,,0.3575378487596434,0.4357199481815194,0.2067422030588372,3,False,Japanese Grand Prix,japanese_grand_prix,2018,2018-10-07,100.64236363636363,33,Mid,9.453000000000003,False,False,False,True
VER,Red Bull Racing,39,0 days 00:01:34.443000,0 days 00:00:33.734000,0 days 00:00:42.436000,0 days 00:00:18.273000,Soft,18,2,,,1,True,0 days 01:23:45.720000,94.443,33.734,42.436,18.273,5025.72,5033.63,27.7,51.6,1008.2,False,35.7,339,2.4,False,True,False,FORMULA 1 2018 HONDA JAPANESE GRAND PRIX,Suzuka,Japan,,,Permanent,,,0.3571889923022352,0.44932922503520645,0.19348178266255836,3,False,Japanese Grand Prix,japanese_grand_prix,2018,2018-10-07,95.4254375,32,Closing,1.0759999999999934,False,False,False,True
LEC,Sauber,38,0 days 00:01:34.990000,0 days 00:00:33.955000,0 days 00:00:42.651000,0 days 00:00:18.384000,Soft,7,3,,,1,True,0 days 01:23:49.348000,94.99,33.955,42.651,18.384,5029.348,5033.63,27.7,51.6,1008.2,False,35.7,339,2.4,False,True,False,FORMULA 1 2018 HONDA JAPANESE GRAND PRIX,Suzuka,Japan,,,Permanent,,,0.357458679861038,0.44900515843773037,0.19353616170123172,3,False,Japanese Grand Prix,japanese_grand_prix,2018,2018-10-07,102.85433333333333,3,Closing,0.4749999999999943,False,False,False,True
RIC,Red Bull Racing,39,0 days 00:01:34.558000,0 days 00:00:33.883000,0 days 00:00:42.455000,0 days 00:00:18.220000,Medium,16,2,,,1,True,0 days 01:23:50.542000,94.558,33.883,42.455,18.22,5030.542,5033.63,27.7,51.6,1008.2,False,35.7,339,2.4,False,True,False,FORMULA 1 2018 HONDA JAPANESE GRAND PRIX,Suzuka,Japan,,,Permanent,,,0.3583303369360604,0.4489836925484887,0.1926859705154508,3,False,Japanese Grand Prix,japanese_grand_prix,2018,2018-10-07,95.42473333333334,30,Closing,1.3710000000000093,False,False,False,True
RAI,Ferrari,39,0 days 00:01:34.468000,0 days 00:00:33.750000,0 days 00:00:42.418000,0 days 00:00:18.300000,Medium,22,2,,,1,True,0 days 01:23:58.134000,94.468,33.75,42.418,18.3,5038.134,5033.63,27.7,51.6,1008.2,False,35.7,339,2.4,False,True,False,FORMULA 1 2018 HONDA JAPANESE GRAND PRIX,Suzuka,Japan,,,Permanent,,,0.35726383537282463,0.4490197738916882,0.19371639073548716,3,False,Japanese Grand Prix,japanese_grand_prix,2018,2018-10-07,96.2568611111111,36,Closing,0.24500000000000455,False,False,False,True
VET,Ferrari,39,0 days 00:01:34.901000,0 days 00:00:34.081000,0 days 00:00:42.531000,0 days 00:00:18.289000,Soft,13,2,,,12,True,0 days 01:24:39.092000,94.901,34.081,42.531,18.289,5079.092,5093.645,27.8,51.6,1008.3,False,35.7,288,3.1,False,True,False,FORMULA 1 2018 HONDA JAPANESE GRAND PRIX,Suzuka,Japan,,,Permanent,,,0.359121610941929,0.44816176857988854,0.19271662047818255,3,False,Japanese Grand Prix,japanese_grand_prix,2018,2018-10-07,95.86337037037038,27,Closing,2.5829999999999984,False,False,False,True
GRO,Haas F1 Team,39,0 days 00:01:35.305000,0 days 00:00:33.971000,0 days 00:00:42.871000,0 days 00:00:18.463000,Medium,10,2,,,12,True,0 days 01:24:44.541000,95.305,33.971,42.871,18.463,5084.541,5093.645,27.8,51.6,1008.3,False,35.7,288,3.1,False,True,False,FORMULA 1 2018 HONDA JAPANESE GRAND PRIX,Suzuka,Japan,,,Permanent,,,0.35644509731913326,0.44982949477991707,0.19372540790094958,3,False,Japanese Grand Prix,japanese_grand_prix,2018,2018-10-07,96.88091666666666,24,Closing,0.5190000000000055,False,False,False,True
PER,Racing Point,39,0 days 00:01:35.297000,0 days 00:00:34.229000,0 days 00:00:42.700000,0 days 00:00:18.368000,Soft,15,2,,,12,True,0 days 01:24:46.159000,95.297,34.229,42.7,18.368,5086.159,5093.645,27.8,51.6,1008.3,False,35.7,288,3.1,False,True,False,FORMULA 1 2018 HONDA JAPANESE GRAND PRIX,Suzuka,Japan,,,Permanent,,,0.3591823457191727,0.4480728669318027,0.19274478734902462,3,False,Japanese Grand Prix,japanese_grand_prix,2018,2018-10-07,96.43148275862069,29,Closing,1.2240000000000038,False,False,False,True
OCO,Racing Point,39,0 days 00:01:35.066000,0 days 00:00:34.047000,0 days 00:00:42.659000,0 days 00:00:18.360000,Medium,13,2,,,12,True,0 days 01:24:48.181000,95.066,34.047,42.659,18.36,5088.181,5093.645,27.8,51.6,1008.3,False,35.7,288,3.1,False,True,False,FORMULA 1 2018 HONDA JAPANESE GRAND PRIX,Suzuka,Japan,,,Permanent,,,0.35814066017293245,0.44873035575284537,0.1931289840742221,3,False,Japanese Grand Prix,japanese_grand_prix,2018,2018-10-07,96.66451851851852,27,Closing,0.3960000000000008,False,False,False,True
GAS,Toro Rosso,39,0 days 00:01:35.188000,0 days 00:00:33.803000,0 days 00:00:42.704000,0 days 00:00:18.681000,Soft,10,2,,,12,True,0 days 01:24:53.671000,95.188,33.803,42.704,18.681,5093.671,5093.645,27.8,51.6,1008.3,False,35.7,288,3.1,False,True,False,FORMULA 1 2018 HONDA JAPANESE GRAND PRIX,Suzuka,Japan,,,Permanent,,,0.3551182922217086,0.4486279783165945,0.19625372946169686,3,False,Japanese Grand Prix,japanese_grand_prix,2018,2018-10-07,97.88647826086957,23,Closing,1.0550000000000068,False,False,False,True
SAI,Renault,39,0 days 00:01:35.220000,0 days 00:00:34.123000,0 days 00:00:42.737000,0 days 00:00:18.360000,Medium,7,2,,,12,True,0 days 01:24:58.138000,95.22,34.123,42.737,18.36,5098.138,5093.645,27.8,51.6,1008.3,False,35.7,288,3.1,False,True,False,FORMULA 1 2018 HONDA JAPANESE GRAND PRIX,Suzuka,Japan,,,Permanent,,,0.3583595883217811,0.44882377651753835,0.19281663516068054,3,False,Japanese Grand Prix,japanese_grand_prix,2018,2018-10-07,97.29735,20,Closing,1.0229999999999961,False,False,False,True
ERI,Sauber,39,0 days 00:01:36.754000,0 days 00:00:34.859000,0 days 00:00:43.352000,0 days 00:00:18.543000,Medium,34,2,,,12,True,0 days 01:25:07.120000,96.754,34.859,43.352,18.543,5107.12,5093.645,27.8,51.6,1008.3,False,35.7,288,3.1,False,True,False,FORMULA 1 2018 HONDA JAPANESE GRAND PRIX,Suzuka,Japan,,,Permanent,,,0.3602848461045538,0.4480641627219546,0.19165099117349152,3,False,Japanese Grand Prix,japanese_grand_prix,2018,2018-10-07,98.81828260869564,46,Closing,0.46000000000000796,False,False,False,True
HAR,Toro Rosso,39,0 days 00:01:36.313000,0 days 00:00:34.432000,0 days 00:00:43.097000,0 days 00:00:18.784000,Soft,11,2,,,12,True,0 days 01:25:08.391000,96.313,34.432,43.097,18.784,5108.391,5093.645,27.8,51.6,1008.3,False,35.7,288,3.1,False,True,False,FORMULA 1 2018 HONDA JAPANESE GRAND PRIX,Suzuka,Japan,,,Permanent,,,0.3575010642384725,0.44746815071693335,0.19503078504459417,3,False,Japanese Grand Prix,japanese_grand_prix,2018,2018-10-07,98.43775,24,Closing,1.456000000000003,False,False,False,True
HAM,Mercedes,40,0 days 00:01:34.221000,0 days 00:00:33.993000,0 days 00:00:42.310000,0 days 00:00:17.918000,Medium,16,2,,,12,True,0 days 01:25:13.444000,94.221,33.993,42.31,17.918,5113.444,5093.645,27.8,51.6,1008.3,False,35.7,288,3.1,False,True,False,FORMULA 1 2018 HONDA JAPANESE GRAND PRIX,Suzuka,Japan,,,Permanent,,,0.36077944407297735,0.449050636270046,0.19016991965697666,3,False,Japanese Grand Prix,japanese_grand_prix,2018,2018-10-07,95.38982758620689,29,Closing,1.436000000000007,False,False,False,True
ALO,McLaren,39,0 days 00:01:37.518000,0 days 00:00:34.671000,0 days 00:00:44.298000,0 days 00:00:18.549000,Medium,13,2,,,12,True,0 days 01:25:15.171000,97.518,34.671,44.298,18.549,5115.171,5093.645,27.8,51.6,1008.3,False,35.7,288,3.1,False,True,False,FORMULA 1 2018 HONDA JAPANESE GRAND PRIX,Suzuka,Japan,,,Permanent,,,0.35553436288685164,0.454254599150926,0.19021103796222236,3,False,Japanese Grand Prix,japanese_grand_prix,2018,2018-10-07,98.23603846153847,26,Closing,3.575000000000003,False,False,False,True
BOT,Mercedes,40,0 days 00:01:34.192000,0 days 00:00:33.665000,0 days 00:00:42.329000,0 days 00:00:18.198000,Medium,17,2,,,12,True,0 days 01:25:18.840000,94.192,33.665,42.329,18.198,5118.84,5093.645,27.8,51.6,1008.3,False,35.7,288,3.1,False,True,False,FORMULA 1 2018 HONDA JAPANESE GRAND PRIX,Suzuka,Japan,,,Permanent,,,0.3574082724647529,0.4493906064209275,0.1932011211143197,3,False,Japanese Grand Prix,japanese_grand_prix,2018,2018-10-07,95.5993,30,Closing,1.0819999999999936,False,False,False,True
VER,Red Bull Racing,40,0 days 00:01:34.871000,0 days 00:00:34.326000,0 days 00:00:42.375000,0 days 00:00:18.170000,Soft,19,2,,,12,True,0 days 01:25:20.591000,94.871,34.326,42.375,18.17,5120.591,5093.645,27.8,51.6,1008.3,False,35.7,288,3.1,False,True,False,FORMULA 1 2018 HONDA JAPANESE GRAND PRIX,Suzuka,Japan,,,Permanent,,,0.3618176260395695,0.4466591476847509,0.19152322627567964,3,False,Japanese Grand Prix,japanese_grand_prix,2018,2018-10-07,95.4254375,32,Closing,1.5039999999999907,False,False,False,True
VAN,McLaren,39,0 days 00:01:40.250000,0 days 00:00:36.885000,0 days 00:00:44.048000,0 days 00:00:19.317000,Medium,16,2,,,12,True,0 days 01:25:24.682000,100.25,36.885,44.048,19.317,5124.682,5153.659,27.9,51.8,1008.3,False,35.8,295,1.7,False,True,False,FORMULA 1 2018 HONDA JAPANESE GRAND PRIX,Suzuka,Japan,,,Permanent,,,0.367930174563591,0.43938154613466335,0.19268827930174565,3,False,Japanese Grand Prix,japanese_grand_prix,2018,2018-10-07,97.85772413793103,29,Closing,5.227000000000004,False,False,False,True
RIC,Red Bull Racing,40,0 days 00:01:35.049000,0 days 00:00:34.334000,0 days 00:00:42.348000,0 days 00:00:18.367000,Medium,17,2,,,12,True,0 days 01:25:25.591000,95.049,34.334,42.348,18.367,5125.591,5153.659,27.9,51.8,1008.3,False,35.8,295,1.7,False,True,False,FORMULA 1 2018 HONDA JAPANESE GRAND PRIX,Suzuka,Japan,,,Permanent,,,0.3612242106702859,0.44553861692390234,0.19323717240581173,3,False,Japanese Grand Prix,japanese_grand_prix,2018,2018-10-07,95.42473333333334,30,Closing,1.862000000000009,False,False,False,True
STR,Williams,39,0 days 00:01:42.536000,0 days 00:00:36.876000,0 days 00:00:44.020000,0 days 00:00:21.640000,Medium,25,2,0 days 01:25:25.799000,,12,False,0 days 01:25:26.669000,102.536,36.876,44.02,21.64,5126.669,5153.659,27.9,51.8,1008.3,False,35.8,295,1.7,False,True,False,FORMULA 1 2018 HONDA JAPANESE GRAND PRIX,Suzuka,Japan,,,Permanent,39.0,,0.35963954123429814,0.42931263166107514,0.21104782710462666,3,False,Japanese Grand Prix,japanese_grand_prix,2018,2018-10-07,98.17664,25,Mid,9.182000000000002,False,False,False,True
RAI,Ferrari,40,0 days 00:01:35.116000,0 days 00:00:33.750000,0 days 00:00:43.026000,0 days 00:00:18.340000,Medium,23,2,,,12,True,0 days 01:25:33.250000,95.116,33.75,43.026,18.34,5133.25,5153.659,27.9,51.8,1008.3,False,35.8,295,1.7,False,True,False,FORMULA 1 2018 HONDA JAPANESE GRAND PRIX,Suzuka,Japan,,,Permanent,,,0.3548298919214433,0.45235291643887465,0.19281719163968208,3,False,Japanese Grand Prix,japanese_grand_prix,2018,2018-10-07,96.2568611111111,36,Closing,0.8930000000000007,False,False,False,True
SIR,Williams,39,0 days 00:01:56.448000,0 days 00:00:55.070000,0 days 00:00:43.251000,0 days 00:00:18.127000,SUPERSOFT,1,3,,0 days 01:24:07.737000,12,False,0 days 01:25:41.870000,116.448,55.07,43.251,18.127,5141.87,5153.659,27.9,51.8,1008.3,False,35.8,295,1.7,False,True,False,FORMULA 1 2018 HONDA JAPANESE GRAND PRIX,Suzuka,Japan,,,Permanent,,,0.47291494916185767,0.3714190024732069,0.15566604836493542,3,False,Japanese Grand Prix,japanese_grand_prix,2018,2018-10-07,97.92728571428572,14,Closing,22.462999999999994,False,False,False,True
VET,Ferrari,40,0 days 00:01:37.034000,0 days 00:00:34.065000,0 days 00:00:42.828000,0 days 00:00:20.141000,Soft,14,2,,,216,False,0 days 01:26:16.126000,97.034,34.065,42.828,20.141,5176.126,5153.659,27.9,51.8,1008.3,False,35.8,295,1.7,False,True,False,FORMULA 1 2018 HONDA JAPANESE GRAND PRIX,Suzuka,Japan,,,Permanent,,,0.3510625141702908,0.44137106581198343,0.2075664200177257,3,False,Japanese Grand Prix,japanese_grand_prix,2018,2018-10-07,95.86337037037038,27,Closing,4.716000000000008,False,False,True,True
GRO,Haas F1 Team,40,0 days 00:01:41.577000,0 days 00:00:33.756000,0 days 00:00:43.863000,0 days 00:00:23.958000,Medium,11,2,,,126,False,0 days 01:26:26.118000,101.577,33.756,43.863,23.958,5186.118,5213.672,28.1,51.4,1008.3,False,35.9,334,1.1,False,True,False,FORMULA 1 2018 HONDA JAPANESE GRAND PRIX,Suzuka,Japan,,,Permanent,,,0.33231932425647537,0.43182019551670164,0.235860480226823,3,False,Japanese Grand Prix,japanese_grand_prix,2018,2018-10-07,96.88091666666666,24,Closing,6.790999999999997,False,False,False,True
PER,Racing Point,40,0 days 00:01:42.114000,0 days 00:00:33.919000,0 days 00:00:43.437000,0 days 00:00:24.758000,Soft,16,2,,,126,False,0 days 01:26:28.273000,102.114,33.919,43.437,24.758,5188.273,5213.672,28.1,51.4,1008.3,False,35.9,334,1.1,False,True,False,FORMULA 1 2018 HONDA JAPANESE GRAND PRIX,Suzuka,Japan,,,Permanent,,,0.3321679691325381,0.4253775192431987,0.24245451162426307,3,False,Japanese Grand Prix,japanese_grand_prix,2018,2018-10-07,96.43148275862069,29,Closing,8.041000000000011,False,False,False,True
OCO,Racing Point,40,0 days 00:01:42.658000,0 days 00:00:34.074000,0 days 00:00:43.166000,0 days 00:00:25.418000,Medium,14,2,,,126,False,0 days 01:26:30.839000,102.658,34.074,43.166,25.418,5190.839,5213.672,28.1,51.4,1008.3,False,35.9,334,1.1,False,True,False,FORMULA 1 2018 HONDA JAPANESE GRAND PRIX,Suzuka,Japan,,,Permanent,,,0.33191762941027486,0.4204835473124354,0.24759882327728963,3,False,Japanese Grand Prix,japanese_grand_prix,2018,2018-10-07,96.66451851851852,27,Closing,7.9879999999999995,False,False,False,True
GAS,Toro Rosso,40,0 days 00:01:45.556000,0 days 00:00:33.949000,0 days 00:00:43.005000,0 days 00:00:28.602000,Soft,11,2,,,126,False,0 days 01:26:39.227000,105.556,33.949,43.005,28.602,5199.227,5213.672,28.1,51.4,1008.3,False,35.9,334,1.1,False,True,False,FORMULA 1 2018 HONDA JAPANESE GRAND PRIX,Suzuka,Japan,,,Permanent,,,0.3216207510705218,0.40741407404600405,0.27096517488347416,3,False,Japanese Grand Prix,japanese_grand_prix,2018,2018-10-07,97.88647826086957,23,Closing,11.423000000000002,False,False,False,True
SAI,Renault,40,0 days 00:01:48.901000,0 days 00:00:33.968000,0 days 00:00:48.580000,0 days 00:00:26.353000,Medium,8,2,,,126,False,0 days 01:26:47.039000,108.901,33.968,48.58,26.353,5207.039,5213.672,28.1,51.4,1008.3,False,35.9,334,1.1,False,True,False,FORMULA 1 2018 HONDA JAPANESE GRAND PRIX,Suzuka,Japan,,,Permanent,,,0.31191632767375876,0.44609324064976447,0.24199043167647682,3,False,Japanese Grand Prix,japanese_grand_prix,2018,2018-10-07,97.29735,20,Closing,14.703999999999994,False,False,False,True
ERI,Sauber,40,0 days 00:01:49.213000,0 days 00:00:34.468000,0 days 00:00:51.347000,0 days 00:00:23.398000,Medium,35,2,,,126,False,0 days 01:26:56.333000,109.213,34.468,51.347,23.398,5216.333,5213.672,28.1,51.4,1008.3,False,35.9,334,1.1,False,True,False,FORMULA 1 2018 HONDA JAPANESE GRAND PRIX,Suzuka,Japan,,,Permanent,,,0.31560345380128746,0.4701546519187277,0.214241894279985,3,False,Japanese Grand Prix,japanese_grand_prix,2018,2018-10-07,98.81828260869564,46,Closing,12.918999999999997,False,False,False,True
HAR,Toro Rosso,40,0 days 00:01:49.386000,0 days 00:00:34.274000,0 days 00:00:53.057000,0 days 00:00:22.055000,Soft,12,2,,,126,False,0 days 01:26:57.777000,109.386,34.274,53.057,22.055,5217.777,5213.672,28.1,51.4,1008.3,False,35.9,334,1.1,False,True,False,FORMULA 1 2018 HONDA JAPANESE GRAND PRIX,Suzuka,Japan,,,Permanent,,,0.31333077359077033,0.4850437898817034,0.20162543652752637,3,False,Japanese Grand Prix,japanese_grand_prix,2018,2018-10-07,98.43775,24,Closing,14.528999999999996,False,False,False,True
HAM,Mercedes,41,0 days 00:01:49.595000,0 days 00:00:33.445000,0 days 00:00:52.367000,0 days 00:00:23.783000,Medium,17,2,,,126,False,0 days 01:27:03.039000,109.595,33.445,52.367,23.783,5223.039,5213.672,28.1,51.4,1008.3,False,35.9,334,1.1,False,True,False,FORMULA 1 2018 HONDA JAPANESE GRAND PRIX,Suzuka,Japan,,,Permanent,,,0.30516903143391577,0.4778228933801724,0.21700807518591178,3,False,Japanese Grand Prix,japanese_grand_prix,2018,2018-10-07,95.38982758620689,29,Closing,16.810000000000002,False,False,False,True
ALO,McLaren,40,0 days 00:01:51.321000,0 days 00:00:34.572000,0 days 00:00:52.644000,0 days 00:00:24.105000,Medium,14,2,,,126,False,0 days 01:27:06.492000,111.321,34.572,52.644,24.105,5226.492,5213.672,28.1,51.4,1008.3,False,35.9,334,1.1,False,True,False,FORMULA 1 2018 HONDA JAPANESE GRAND PRIX,Suzuka,Japan,,,Permanent,,,0.3105613496105856,0.47290268682458836,0.21653596356482605,3,False,Japanese Grand Prix,japanese_grand_prix,2018,2018-10-07,98.23603846153847,26,Closing,17.378,False,False,False,True
BOT,Mercedes,41,0 days 00:01:51.680000,0 days 00:00:33.321000,0 days 00:00:55.994000,0 days 00:00:22.365000,Medium,18,2,,,267,False,0 days 01:27:10.520000,111.68,33.321,55.994,22.365,5230.52,5213.672,28.1,51.4,1008.3,False,35.9,334,1.1,False,True,False,FORMULA 1 2018 HONDA JAPANESE GRAND PRIX,Suzuka,Japan,,,Permanent,,,0.29836138968481374,0.5013789398280802,0.200259670487106,3,False,Japanese Grand Prix,japanese_grand_prix,2018,2018-10-07,95.5993,30,Closing,18.570000000000007,False,False,False,True
VER,Red Bull Racing,41,0 days 00:01:50.592000,0 days 00:00:33.664000,0 days 00:00:54.769000,0 days 00:00:22.159000,Soft,20,2,,,267,False,0 days 01:27:11.183000,110.592,33.664,54.769,22.159,5231.183,5213.672,28.1,51.4,1008.3,False,35.9,334,1.1,False,True,False,FORMULA 1 2018 HONDA JAPANESE GRAND PRIX,Suzuka,Japan,,,Permanent,,,0.30439814814814814,0.4952347366898148,0.20036711516203703,3,False,Japanese Grand Prix,japanese_grand_prix,2018,2018-10-07,95.4254375,32,Closing,17.224999999999994,False,False,False,True
RIC,Red Bull Racing,41,0 days 00:01:54.695000,0 days 00:00:34.390000,0 days 00:00:56.020000,0 days 00:00:24.285000,Medium,18,2,,,2671,False,0 days 01:27:20.286000,114.695,34.39,56.02,24.285,5240.286,5213.672,28.1,51.4,1008.3,False,35.9,334,1.1,False,True,False,FORMULA 1 2018 HONDA JAPANESE GRAND PRIX,Suzuka,Japan,,,Permanent,,,0.2998387026461485,0.4884258250141681,0.2117354723396835,3,False,Japanese Grand Prix,japanese_grand_prix,2018,2018-10-07,95.42473333333334,30,Closing,21.507999999999996,False,False,False,True
VAN,McLaren,40,0 days 00:01:56.887000,0 days 00:00:35.760000,0 days 00:00:57.836000,0 days 00:00:23.291000,Medium,17,2,,,2671,False,0 days 01:27:21.569000,116.887,35.76,57.836,23.291,5241.569,5213.672,28.1,51.4,1008.3,False,35.9,334,1.1,False,True,False,FORMULA 1 2018 HONDA JAPANESE GRAND PRIX,Suzuka,Japan,,,Permanent,,,0.3059365027761855,0.4948026726667636,0.19926082455705083,3,False,Japanese Grand Prix,japanese_grand_prix,2018,2018-10-07,97.85772413793103,29,Closing,21.864000000000004,False,False,False,True
RAI,Ferrari,41,0 days 00:01:53.420000,0 days 00:00:34.015000,0 days 00:00:56.932000,0 days 00:00:22.473000,Medium,24,2,,,2671,False,0 days 01:27:26.670000,113.42,34.015,56.932,22.473,5246.67,5273.685,28.1,51.0,1008.3,False,35.9,334,1.7,False,True,False,FORMULA 1 2018 HONDA JAPANESE GRAND PRIX,Suzuka,Japan,,,Permanent,,,0.29990301534120967,0.5019573267501323,0.19813965790865806,3,False,Japanese Grand Prix,japanese_grand_prix,2018,2018-10-07,96.2568611111111,36,Closing,19.197000000000003,False,False,False,True
SIR,Williams,40,0 days 00:01:55.083000,0 days 00:00:38.511000,0 days 00:00:57.736000,0 days 00:00:18.836000,SUPERSOFT,2,3,,,2671,False,0 days 01:27:36.953000,115.083,38.511,57.736,18.836,5256.953,5273.685,28.1,51.0,1008.3,False,35.9,334,1.7,False,True,False,FORMULA 1 2018 HONDA JAPANESE GRAND PRIX,Suzuka,Japan,,,Permanent,,,0.3346367404395089,0.5016900845476743,0.16367317501281684,3,False,Japanese Grand Prix,japanese_grand_prix,2018,2018-10-07,97.92728571428572,14,Closing,21.098,False,False,False,True
STR,Williams,40,0 days 00:02:20.231000,0 days 00:01:10.371000,0 days 00:00:51.783000,0 days 00:00:18.077000,SUPERSOFT,1,3,,0 days 01:25:55.188000,2671,False,0 days 01:27:46.900000,140.231,70.371,51.783,18.077,5266.9,5273.685,28.1,51.0,1008.3,False,35.9,334,1.7,False,True,False,FORMULA 1 2018 HONDA JAPANESE GRAND PRIX,Suzuka,Japan,,,Permanent,,,0.5018219937103778,0.3692692771213213,0.1289087291683009,3,False,Japanese Grand Prix,japanese_grand_prix,2018,2018-10-07,98.0326923076923,13,Closing,46.876999999999995,False,False,False,True
VET,Ferrari,41,0 days 00:01:52.151000,0 days 00:00:47.727000,0 days 00:00:46.170000,0 days 00:00:18.254000,Soft,15,2,,,671,False,0 days 01:28:08.277000,112.151,47.727,46.17,18.254,5288.277,5273.685,28.1,51.0,1008.3,False,35.9,334,1.7,False,True,False,FORMULA 1 2018 HONDA JAPANESE GRAND PRIX,Suzuka,Japan,,,Permanent,,,0.42556018225428216,0.4116771138910933,0.16276270385462457,3,False,Japanese Grand Prix,japanese_grand_prix,2018,2018-10-07,95.86337037037038,27,Closing,19.833,False,False,False,True
PER,Racing Point,41,0 days 00:01:47.823000,0 days 00:00:45.809000,0 days 00:00:43.760000,0 days 00:00:18.254000,Soft,17,2,,,671,False,0 days 01:28:16.096000,107.823,45.809,43.76,18.254,5296.096,5273.685,28.1,51.0,1008.3,False,35.9,334,1.7,False,True,False,FORMULA 1 2018 HONDA JAPANESE GRAND PRIX,Suzuka,Japan,,,Permanent,,,0.4248536954082153,0.40585032877957394,0.16929597581221079,3,False,Japanese Grand Prix,japanese_grand_prix,2018,2018-10-07,96.43148275862069,29,Closing,13.75,False,False,False,True
GRO,Haas F1 Team,41,0 days 00:01:50.366000,0 days 00:00:46.248000,0 days 00:00:45.062000,0 days 00:00:19.056000,Medium,12,2,,,671,False,0 days 01:28:16.484000,110.366,46.248,45.062,19.056,5296.484,5273.685,28.1,51.0,1008.3,False,35.9,334,1.7,False,True,False,FORMULA 1 2018 HONDA JAPANESE GRAND PRIX,Suzuka,Japan,,,Permanent,,,0.41904209629777284,0.40829603319863,0.17266187050359713,3,False,Japanese Grand Prix,japanese_grand_prix,2018,2018-10-07,96.88091666666666,24,Closing,15.579999999999998,False,False,False,True
OCO,Racing Point,41,0 days 00:01:47.004000,0 days 00:00:45.373000,0 days 00:00:43.359000,0 days 00:00:18.272000,Medium,15,2,,,671,False,0 days 01:28:17.843000,107.004,45.373,43.359,18.272,5297.843,5273.685,28.1,51.0,1008.3,False,35.9,334,1.7,False,True,False,FORMULA 1 2018 HONDA JAPANESE GRAND PRIX,Suzuka,Japan,,,Permanent,,,0.42403087735037936,0.40520915105977345,0.1707599715898471,3,False,Japanese Grand Prix,japanese_grand_prix,2018,2018-10-07,96.66451851851852,27,Closing,12.334000000000003,False,False,False,True
GAS,Toro Rosso,41,0 days 00:01:44.957000,0 days 00:00:43.917000,0 days 00:00:42.490000,0 days 00:00:18.550000,Soft,12,2,,,671,False,0 days 01:28:24.184000,104.957,43.917,42.49,18.55,5304.184,5333.753,28.1,51.0,1008.2,False,35.6,341,2.1,False,True,False,FORMULA 1 2018 HONDA JAPANESE GRAND PRIX,Suzuka,Japan,,,Permanent,,,0.41842849929018555,0.4048324551959374,0.17673904551387712,3,False,Japanese Grand Prix,japanese_grand_prix,2018,2018-10-07,97.88647826086957,23,Closing,10.823999999999998,False,False,False,True
SAI,Renault,41,0 days 00:01:40.943000,0 days 00:00:40.046000,0 days 00:00:42.506000,0 days 00:00:18.391000,Medium,9,2,,,671,False,0 days 01:28:27.982000,100.943,40.046,42.506,18.391,5307.982,5333.753,28.1,51.0,1008.2,False,35.6,341,2.1,False,True,False,FORMULA 1 2018 HONDA JAPANESE GRAND PRIX,Suzuka,Japan,,,Permanent,,,0.3967189403921025,0.4210891295087327,0.18219193009916487,3,False,Japanese Grand Prix,japanese_grand_prix,2018,2018-10-07,97.29735,20,Closing,6.745999999999995,False,False,False,True
ERI,Sauber,41,0 days 00:01:42.828000,0 days 00:00:41.338000,0 days 00:00:42.986000,0 days 00:00:18.504000,Medium,36,2,,,671,False,0 days 01:28:39.161000,102.828,41.338,42.986,18.504,5319.161,5333.753,28.1,51.0,1008.2,False,35.6,341,2.1,False,True,False,FORMULA 1 2018 HONDA JAPANESE GRAND PRIX,Suzuka,Japan,,,Permanent,,,0.40201112537441164,0.4180378885128564,0.17995098611273194,3,False,Japanese Grand Prix,japanese_grand_prix,2018,2018-10-07,98.81828260869564,46,Closing,6.534000000000006,False,False,False,True
HAR,Toro Rosso,41,0 days 00:01:41.985000,0 days 00:00:40.853000,0 days 00:00:42.722000,0 days 00:00:18.410000,Soft,13,2,,,671,False,0 days 01:28:39.762000,101.985,40.853,42.722,18.41,5319.762,5333.753,28.1,51.0,1008.2,False,35.6,341,2.1,False,True,False,FORMULA 1 2018 HONDA JAPANESE GRAND PRIX,Suzuka,Japan,,,Permanent,,,0.40057851644849735,0.4189047408932686,0.18051674265823406,3,False,Japanese Grand Prix,japanese_grand_prix,2018,2018-10-07,98.43775,24,Closing,7.128,False,False,False,True
HAM,Mercedes,42,0 days 00:01:38.116000,0 days 00:00:38.217000,0 days 00:00:41.918000,0 days 00:00:17.981000,Medium,18,2,,,671,False,0 days 01:28:41.155000,98.116,38.217,41.918,17.981,5321.155,5333.753,28.1,51.0,1008.2,False,35.6,341,2.1,False,True,False,FORMULA 1 2018 HONDA JAPANESE GRAND PRIX,Suzuka,Japan,,,Permanent,,,0.38950833707040644,0.4272289942517021,0.18326266867789148,3,False,Japanese Grand Prix,japanese_grand_prix,2018,2018-10-07,95.38982758620689,29,Closing,5.331000000000003,False,False,False,True
ALO,McLaren,41,0 days 00:01:39.083000,0 days 00:00:38.263000,0 days 00:00:42.538000,0 days 00:00:18.282000,Medium,15,2,,,671,False,0 days 01:28:45.575000,99.083,38.263,42.538,18.282,5325.575,5333.753,28.1,51.0,1008.2,False,35.6,341,2.1,False,True,False,FORMULA 1 2018 HONDA JAPANESE GRAND PRIX,Suzuka,Japan,,,Permanent,,,0.38617118981056286,0.4293168353804386,0.18451197480899853,3,False,Japanese Grand Prix,japanese_grand_prix,2018,2018-10-07,98.23603846153847,26,Closing,5.140000000000001,False,False,False,True
BOT,Mercedes,42,0 days 00:01:36.394000,0 days 00:00:36.144000,0 days 00:00:42.203000,0 days 00:00:18.047000,Medium,19,2,,,71,False,0 days 01:28:46.914000,96.394,36.144,42.203,18.047,5326.914,5333.753,28.1,51.0,1008.2,False,35.6,341,2.1,False,True,False,FORMULA 1 2018 HONDA JAPANESE GRAND PRIX,Suzuka,Japan,,,Permanent,,,0.37496109716372383,0.43781770649625495,0.18722119634002116,3,False,Japanese Grand Prix,japanese_grand_prix,2018,2018-10-07,95.5993,30,Closing,3.284000000000006,False,False,False,True
VER,Red Bull Racing,42,0 days 00:01:36.952000,0 days 00:00:36.322000,0 days 00:00:42.465000,0 days 00:00:18.165000,Soft,21,2,,,71,False,0 days 01:28:48.135000,96.952,36.322,42.465,18.165,5328.135,5333.753,28.1,51.0,1008.2,False,35.6,341,2.1,False,True,False,FORMULA 1 2018 HONDA JAPANESE GRAND PRIX,Suzuka,Japan,,,Permanent,,,0.3746389966168826,0.438000247545177,0.18736075583794043,3,False,Japanese Grand Prix,japanese_grand_prix,2018,2018-10-07,95.4254375,32,Closing,3.5849999999999937,False,False,False,True
RIC,Red Bull Racing,42,0 days 00:01:33.236000,0 days 00:00:33.358000,0 days 00:00:41.846000,0 days 00:00:18.032000,Medium,19,2,,,1,True,0 days 01:28:53.522000,93.236,33.358,41.846,18.032,5333.522,5333.753,28.1,51.0,1008.2,False,35.6,341,2.1,False,True,False,FORMULA 1 2018 HONDA JAPANESE GRAND PRIX,Suzuka,Japan,,,Permanent,,,0.3577802565532626,0.4488180531125316,0.19340169033420565,3,False,Japanese Grand Prix,japanese_grand_prix,2018,2018-10-07,95.42473333333334,30,Closing,0.049000000000006594,False,False,False,True
VAN,McLaren,41,0 days 00:01:35.755000,0 days 00:00:34.315000,0 days 00:00:42.899000,0 days 00:00:18.541000,Medium,18,2,,,1,True,0 days 01:28:57.324000,95.755,34.315,42.899,18.541,5337.324,5333.753,28.1,51.0,1008.2,False,35.6,341,2.1,False,True,False,FORMULA 1 2018 HONDA JAPANESE GRAND PRIX,Suzuka,Japan,,,Permanent,,,0.3583624875985588,0.44800793692235397,0.19362957547908727,3,False,Japanese Grand Prix,japanese_grand_prix,2018,2018-10-07,97.85772413793103,29,Closing,0.7319999999999993,False,False,False,True
RAI,Ferrari,42,0 days 00:01:34.591000,0 days 00:00:33.979000,0 days 00:00:42.481000,0 days 00:00:18.131000,Medium,25,2,,,1,True,0 days 01:29:01.261000,94.591,33.979,42.481,18.131,5341.261,5333.753,28.1,51.0,1008.2,False,35.6,341,2.1,False,True,False,FORMULA 1 2018 HONDA JAPANESE GRAND PRIX,Suzuka,Japan,,,Permanent,,,0.35922022179699975,0.44910192301593177,0.19167785518706856,3,False,Japanese Grand Prix,japanese_grand_prix,2018,2018-10-07,96.2568611111111,36,Closing,0.367999999999995,False,False,False,True
SIR,Williams,41,0 days 00:01:33.985000,0 days 00:00:33.743000,0 days 00:00:42.137000,0 days 00:00:18.105000,SUPERSOFT,3,3,,,1,True,0 days 01:29:10.938000,93.985,33.743,42.137,18.105,5350.938,5333.753,28.1,51.0,1008.2,False,35.6,341,2.1,False,True,False,FORMULA 1 2018 HONDA JAPANESE GRAND PRIX,Suzuka,Japan,,,Permanent,,,0.3590253763898495,0.4483375006649997,0.19263712294515084,3,False,Japanese Grand Prix,japanese_grand_prix,2018,2018-10-07,97.92728571428572,14,Closing,0.0,False,False,False,True
STR,Williams,41,0 days 00:01:33.354000,0 days 00:00:33.244000,0 days 00:00:41.948000,0 days 00:00:18.162000,SUPERSOFT,2,3,,,1,True,0 days 01:29:20.254000,93.354,33.244,41.948,18.162,5360.254,5333.753,28.1,51.0,1008.2,False,35.6,341,2.1,False,True,False,FORMULA 1 2018 HONDA JAPANESE GRAND PRIX,Suzuka,Japan,,,Permanent,,,0.3561068620519742,0.4493433596846413,0.19454977826338452,3,False,Japanese Grand Prix,japanese_grand_prix,2018,2018-10-07,98.0326923076923,13,Closing,0.0,False,False,False,True
VET,Ferrari,42,0 days 00:01:34.495000,0 days 00:00:33.901000,0 days 00:00:42.329000,0 days 00:00:18.265000,Soft,16,2,,,1,True,0 days 01:29:42.772000,94.495,33.901,42.329,18.265,5382.772,5394.361,28.1,51.0,1008.2,False,35.4,333,2.3,False,True,False,FORMULA 1 2018 HONDA JAPANESE GRAND PRIX,Suzuka,Japan,,,Permanent,,,0.35875972273665274,0.4479496269643896,0.19329065029895762,3,False,Japanese Grand Prix,japanese_grand_prix,2018,2018-10-07,95.86337037037038,27,Closing,2.1770000000000067,False,False,False,True
PER,Racing Point,42,0 days 00:01:34.267000,0 days 00:00:33.784000,0 days 00:00:42.377000,0 days 00:00:18.106000,Soft,18,2,,,1,True,0 days 01:29:50.363000,94.267,33.784,42.377,18.106,5390.363,5394.361,28.1,51.0,1008.2,False,35.4,333,2.3,False,True,False,FORMULA 1 2018 HONDA JAPANESE GRAND PRIX,Suzuka,Japan,,,Permanent,,,0.3583862857627802,0.44954225762992356,0.19207145660729633,3,False,Japanese Grand Prix,japanese_grand_prix,2018,2018-10-07,96.43148275862069,29,Closing,0.19400000000000261,False,False,False,True
GRO,Haas F1 Team,42,0 days 00:01:35.710000,0 days 00:00:34.430000,0 days 00:00:42.883000,0 days 00:00:18.397000,Medium,13,2,,,1,True,0 days 01:29:52.194000,95.71,34.43,42.883,18.397,5392.194,5394.361,28.1,51.0,1008.2,False,35.4,333,2.3,False,True,False,FORMULA 1 2018 HONDA JAPANESE GRAND PRIX,Suzuka,Japan,,,Permanent,,,0.35973252533695543,0.4480514052868039,0.19221606937624072,3,False,Japanese Grand Prix,japanese_grand_prix,2018,2018-10-07,96.88091666666666,24,Closing,0.9239999999999924,False,False,False,True
OCO,Racing Point,42,0 days 00:01:35.042000,0 days 00:00:34.154000,0 days 00:00:42.568000,0 days 00:00:18.320000,Medium,16,2,,,1,True,0 days 01:29:52.885000,95.042,34.154,42.568,18.32,5392.885,5394.361,28.1,51.0,1008.2,False,35.4,333,2.3,False,True,False,FORMULA 1 2018 HONDA JAPANESE GRAND PRIX,Suzuka,Japan,,,Permanent,,,0.35935691588981716,0.4478861976810252,0.19275688642915764,3,False,Japanese Grand Prix,japanese_grand_prix,2018,2018-10-07,96.66451851851852,27,Closing,0.3719999999999999,False,False,False,True
GAS,Toro Rosso,42,0 days 00:01:35.069000,0 days 00:00:33.821000,0 days 00:00:42.793000,0 days 00:00:18.455000,Soft,13,2,,,1,True,0 days 01:29:59.253000,95.069,33.821,42.793,18.455,5399.253,5394.361,28.1,51.0,1008.2,False,35.4,333,2.3,False,True,False,FORMULA 1 2018 HONDA JAPANESE GRAND PRIX,Suzuka,Japan,,,Permanent,,,0.3557521379208785,0.45012569817711345,0.19412216390200798,3,False,Japanese Grand Prix,japanese_grand_prix,2018,2018-10-07,97.88647826086957,23,Closing,0.936000000000007,False,False,False,True
SAI,Renault,42,0 days 00:01:34.826000,0 days 00:00:33.768000,0 days 00:00:42.654000,0 days 00:00:18.404000,Medium,10,2,,,1,True,0 days 01:30:02.808000,94.826,33.768,42.654,18.404,5402.808,5394.361,28.1,51.0,1008.2,False,35.4,333,2.3,False,True,False,FORMULA 1 2018 HONDA JAPANESE GRAND PRIX,Suzuka,Japan,,,Permanent,,,0.3561048657541181,0.4498133423322718,0.1940817919136102,3,False,Japanese Grand Prix,japanese_grand_prix,2018,2018-10-07,97.29735,20,Closing,0.6289999999999907,False,False,False,True
HAM,Mercedes,43,0 days 00:01:34.240000,0 days 00:00:33.822000,0 days 00:00:42.414000,0 days 00:00:18.004000,Medium,19,2,,,1,True,0 days 01:30:15.395000,94.24,33.822,42.414,18.004,5415.395,5394.361,28.1,51.0,1008.2,False,35.4,333,2.3,False,True,False,FORMULA 1 2018 HONDA JAPANESE GRAND PRIX,Suzuka,Japan,,,Permanent,,,0.3588921901528014,0.45006366723259766,0.19104414261460104,3,False,Japanese Grand Prix,japanese_grand_prix,2018,2018-10-07,95.38982758620689,29,Closing,1.4549999999999983,False,False,False,True
ERI,Sauber,42,0 days 00:01:37.519000,0 days 00:00:34.487000,0 days 00:00:43.758000,0 days 00:00:19.274000,Medium,37,2,,,1,True,0 days 01:30:16.680000,97.519,34.487,43.758,19.274,5416.68,5394.361,28.1,51.0,1008.2,False,35.4,333,2.3,False,True,False,FORMULA 1 2018 HONDA JAPANESE GRAND PRIX,Suzuka,Japan,,,Permanent,,,0.35364390529025114,0.4487125585783283,0.19764353613142055,3,False,Japanese Grand Prix,japanese_grand_prix,2018,2018-10-07,98.81828260869564,46,Closing,1.2250000000000085,False,False,False,True
HAR,Toro Rosso,42,0 days 00:01:37.368000,0 days 00:00:35.416000,0 days 00:00:43.578000,0 days 00:00:18.374000,Soft,14,2,,,1,True,0 days 01:30:17.130000,97.368,35.416,43.578,18.374,5417.13,5394.361,28.1,51.0,1008.2,False,35.4,333,2.3,False,True,False,FORMULA 1 2018 HONDA JAPANESE GRAND PRIX,Suzuka,Japan,,,Permanent,,,0.36373346479336127,0.44755977323145185,0.1887067619751869,3,False,Japanese Grand Prix,japanese_grand_prix,2018,2018-10-07,98.43775,24,Closing,2.5109999999999957,False,False,False,True
BOT,Mercedes,43,0 days 00:01:34.717000,0 days 00:00:34.075000,0 days 00:00:42.605000,0 days 00:00:18.037000,Medium,20,2,,,1,True,0 days 01:30:21.631000,94.717,34.075,42.605,18.037,5421.631,5394.361,28.1,51.0,1008.2,False,35.4,333,2.3,False,True,False,FORMULA 1 2018 HONDA JAPANESE GRAND PRIX,Suzuka,Japan,,,Permanent,,,0.3597559044310948,0.4498136554156065,0.19043044015329877,3,False,Japanese Grand Prix,japanese_grand_prix,2018,2018-10-07,95.5993,30,Closing,1.6069999999999993,False,False,False,True
VER,Red Bull Racing,43,0 days 00:01:34.664000,0 days 00:00:33.731000,0 days 00:00:42.788000,0 days 00:00:18.145000,Soft,22,2,,,1,True,0 days 01:30:22.799000,94.664,33.731,42.788,18.145,5422.799,5394.361,28.1,51.0,1008.2,False,35.4,333,2.3,False,True,False,FORMULA 1 2018 HONDA JAPANESE GRAND PRIX,Suzuka,Japan,,,Permanent,,,0.35632341756105806,0.45199864784923516,0.19167793458970675,3,False,Japanese Grand Prix,japanese_grand_prix,2018,2018-10-07,95.4254375,32,Closing,1.296999999999997,False,False,False,True
ALO,McLaren,42,0 days 00:01:38.274000,0 days 00:00:34.237000,0 days 00:00:45.496000,0 days 00:00:18.541000,Medium,16,2,,,1,True,0 days 01:30:23.849000,98.274,34.237,45.496,18.541,5423.849,5394.361,28.1,51.0,1008.2,False,35.4,333,2.3,False,True,False,FORMULA 1 2018 HONDA JAPANESE GRAND PRIX,Suzuka,Japan,,,Permanent,,,0.3483830921708692,0.4629505260801433,0.18866638174898753,3,False,Japanese Grand Prix,japanese_grand_prix,2018,2018-10-07,98.23603846153847,26,Closing,4.331000000000003,False,False,False,True
RIC,Red Bull Racing,43,0 days 00:01:33.624000,0 days 00:00:33.318000,0 days 00:00:42.129000,0 days 00:00:18.177000,Medium,20,2,,,1,True,0 days 01:30:27.146000,93.624,33.318,42.129,18.177,5427.146,5453.727,27.8,51.5,1008.2,False,35.4,329,2.2,False,True,False,FORMULA 1 2018 HONDA JAPANESE GRAND PRIX,Suzuka,Japan,,,Permanent,,,0.35587028966931555,0.44998077416047166,0.19414893617021278,3,False,Japanese Grand Prix,japanese_grand_prix,2018,2018-10-07,95.42473333333334,30,Closing,0.4369999999999976,False,False,False,True
VAN,McLaren,42,0 days 00:01:35.423000,0 days 00:00:33.950000,0 days 00:00:42.927000,0 days 00:00:18.546000,Medium,19,2,,,1,True,0 days 01:30:32.747000,95.423,33.95,42.927,18.546,5432.747,5453.727,27.8,51.5,1008.2,False,35.4,329,2.2,False,True,False,FORMULA 1 2018 HONDA JAPANESE GRAND PRIX,Suzuka,Japan,,,Permanent,,,0.35578424488854893,0.44986009662240756,0.19435565848904351,3,False,Japanese Grand Prix,japanese_grand_prix,2018,2018-10-07,97.85772413793103,29,Closing,0.4000000000000057,False,False,False,True
RAI,Ferrari,43,0 days 00:01:35.027000,0 days 00:00:34.004000,0 days 00:00:42.614000,0 days 00:00:18.409000,Medium,26,2,,,1,True,0 days 01:30:36.288000,95.027,34.004,42.614,18.409,5436.288,5453.727,27.8,51.5,1008.2,False,35.4,329,2.2,False,True,False,FORMULA 1 2018 HONDA JAPANESE GRAND PRIX,Suzuka,Japan,,,Permanent,,,0.35783514159133717,0.4484409694086943,0.19372388899996842,3,False,Japanese Grand Prix,japanese_grand_prix,2018,2018-10-07,96.2568611111111,36,Closing,0.804000000000002,False,False,False,True
SIR,Williams,42,0 days 00:01:34.934000,0 days 00:00:34.105000,0 days 00:00:42.579000,0 days 00:00:18.250000,SUPERSOFT,4,3,,,1,True,0 days 01:30:45.872000,94.934,34.105,42.579,18.25,5445.872,5453.727,27.8,51.5,1008.2,False,35.4,329,2.2,False,True,False,FORMULA 1 2018 HONDA JAPANESE GRAND PRIX,Suzuka,Japan,,,Permanent,,,0.3592495839214612,0.44851159753091624,0.19223881854762256,3,False,Japanese Grand Prix,japanese_grand_prix,2018,2018-10-07,97.92728571428572,14,Closing,0.9489999999999981,False,False,False,True
STR,Williams,42,0 days 00:01:34.058000,0 days 00:00:33.467000,0 days 00:00:42.108000,0 days 00:00:18.483000,SUPERSOFT,3,3,,,1,True,0 days 01:30:54.312000,94.058,33.467,42.108,18.483,5454.312,5453.727,27.8,51.5,1008.2,False,35.4,329,2.2,False,True,False,FORMULA 1 2018 HONDA JAPANESE GRAND PRIX,Suzuka,Japan,,,Permanent,,,0.3558123710901784,0.44768121797188964,0.19650641093793192,3,False,Japanese Grand Prix,japanese_grand_prix,2018,2018-10-07,98.0326923076923,13,Closing,0.7040000000000077,False,False,False,True
VET,Ferrari,43,0 days 00:01:34.868000,0 days 00:00:34.033000,0 days 00:00:42.431000,0 days 00:00:18.404000,Soft,17,2,,,1,True,0 days 01:31:17.640000,94.868,34.033,42.431,18.404,5477.64,5453.727,27.8,51.5,1008.2,False,35.4,329,2.2,False,True,False,FORMULA 1 2018 HONDA JAPANESE GRAND PRIX,Suzuka,Japan,,,Permanent,,,0.3587405658388498,0.4472635662183244,0.19399586794282583,3,False,Japanese Grand Prix,japanese_grand_prix,2018,2018-10-07,95.86337037037038,27,Closing,2.549999999999997,False,False,False,True
PER,Racing Point,43,0 days 00:01:34.073000,0 days 00:00:33.693000,0 days 00:00:42.226000,0 days 00:00:18.154000,Soft,19,2,,,1,True,0 days 01:31:24.436000,94.073,33.693,42.226,18.154,5484.436,5514.115,27.7,51.8,1008.2,False,35.0,336,2.1,False,True,False,FORMULA 1 2018 HONDA JAPANESE GRAND PRIX,Suzuka,Japan,,,Permanent,,,0.35815802621368514,0.4488641799453616,0.19297779384095332,3,False,Japanese Grand Prix,japanese_grand_prix,2018,2018-10-07,96.43148275862069,29,Closing,0.0,False,False,False,True
GRO,Haas F1 Team,43,0 days 00:01:34.859000,0 days 00:00:33.729000,0 days 00:00:42.691000,0 days 00:00:18.439000,Medium,14,2,,,1,True,0 days 01:31:27.053000,94.859,33.729,42.691,18.439,5487.053,5514.115,27.7,51.8,1008.2,False,35.0,336,2.1,False,True,False,FORMULA 1 2018 HONDA JAPANESE GRAND PRIX,Suzuka,Japan,,,Permanent,,,0.35556984577109185,0.4500469117321499,0.19438324249675837,3,False,Japanese Grand Prix,japanese_grand_prix,2018,2018-10-07,96.88091666666666,24,Closing,0.07299999999999329,False,False,False,True
OCO,Racing Point,43,0 days 00:01:35.030000,0 days 00:00:34.239000,0 days 00:00:42.359000,0 days 00:00:18.432000,Medium,17,2,,,1,True,0 days 01:31:27.915000,95.03,34.239,42.359,18.432,5487.915,5514.115,27.7,51.8,1008.2,False,35.0,336,2.1,False,True,False,FORMULA 1 2018 HONDA JAPANESE GRAND PRIX,Suzuka,Japan,,,Permanent,,,0.36029674839524356,0.4457434494370199,0.19395980216773648,3,False,Japanese Grand Prix,japanese_grand_prix,2018,2018-10-07,96.66451851851852,27,Closing,0.35999999999999943,False,False,False,True
GAS,Toro Rosso,43,0 days 00:01:35.296000,0 days 00:00:33.870000,0 days 00:00:42.879000,0 days 00:00:18.547000,Soft,14,2,,,1,True,0 days 01:31:34.549000,95.296,33.87,42.879,18.547,5494.549,5514.115,27.7,51.8,1008.2,False,35.0,336,2.1,False,True,False,FORMULA 1 2018 HONDA JAPANESE GRAND PRIX,Suzuka,Japan,,,Permanent,,,0.3554189053055742,0.44995592679650764,0.19462516789791806,3,False,Japanese Grand Prix,japanese_grand_prix,2018,2018-10-07,97.88647826086957,23,Closing,1.163000000000011,False,False,False,True
SAI,Renault,43,0 days 00:01:34.973000,0 days 00:00:33.887000,0 days 00:00:42.560000,0 days 00:00:18.526000,Medium,11,2,,,1,True,0 days 01:31:37.781000,94.973,33.887,42.56,18.526,5497.781,5514.115,27.7,51.8,1008.2,False,35.0,336,2.1,False,True,False,FORMULA 1 2018 HONDA JAPANESE GRAND PRIX,Suzuka,Japan,,,Permanent,,,0.35680667136975774,0.4481273625135565,0.1950659661166858,3,False,Japanese Grand Prix,japanese_grand_prix,2018,2018-10-07,97.29735,20,Closing,0.7759999999999962,False,False,False,True
HAM,Mercedes,44,0 days 00:01:32.959000,0 days 00:00:33.118000,0 days 00:00:41.805000,0 days 00:00:18.036000,Medium,20,2,,,1,True,0 days 01:31:48.354000,92.959,33.118,41.805,18.036,5508.354,5514.115,27.7,51.8,1008.2,False,35.0,336,2.1,False,True,False,FORMULA 1 2018 HONDA JAPANESE GRAND PRIX,Suzuka,Japan,,,Permanent,,,0.35626458976538045,0.449714390215041,0.19402102001957852,3,False,Japanese Grand Prix,japanese_grand_prix,2018,2018-10-07,95.38982758620689,29,Closing,0.1740000000000066,False,False,False,True
ERI,Sauber,43,0 days 00:01:36.678000,0 days 00:00:34.694000,0 days 00:00:43.253000,0 days 00:00:18.731000,Medium,38,2,,,1,True,0 days 01:31:53.358000,96.678,34.694,43.253,18.731,5513.358,5514.115,27.7,51.8,1008.2,False,35.0,336,2.1,False,True,False,FORMULA 1 2018 HONDA JAPANESE GRAND PRIX,Suzuka,Japan,,,Permanent,,,0.35886137487329073,0.4473923746871057,0.19374625043960367,3,False,Japanese Grand Prix,japanese_grand_prix,2018,2018-10-07,98.81828260869564,46,Closing,0.38400000000000034,False,False,False,True
HAR,Toro Rosso,43,0 days 00:01:36.674000,0 days 00:00:34.796000,0 days 00:00:43.359000,0 days 00:00:18.519000,Soft,15,2,,,1,True,0 days 01:31:53.804000,96.674,34.796,43.359,18.519,5513.804,5514.115,27.7,51.8,1008.2,False,35.0,336,2.1,False,True,False,FORMULA 1 2018 HONDA JAPANESE GRAND PRIX,Suzuka,Japan,,,Permanent,,,0.3599313155553716,0.4485073546144775,0.19156132983015078,3,False,Japanese Grand Prix,japanese_grand_prix,2018,2018-10-07,98.43775,24,Closing,1.8170000000000073,False,False,False,True
BOT,Mercedes,44,0 days 00:01:33.685000,0 days 00:00:33.334000,0 days 00:00:42.249000,0 days 00:00:18.102000,Medium,21,2,,,1,True,0 days 01:31:55.316000,93.685,33.334,42.249,18.102,5515.316,5514.115,27.7,51.8,1008.2,False,35.0,336,2.1,False,True,False,FORMULA 1 2018 HONDA JAPANESE GRAND PRIX,Suzuka,Japan,,,Permanent,,,0.3558093611570689,0.4509686716123179,0.19322196723061322,3,False,Japanese Grand Prix,japanese_grand_prix,2018,2018-10-07,95.5993,30,Closing,0.5750000000000028,False,False,False,True
VER,Red Bull Racing,44,0 days 00:01:33.929000,0 days 00:00:33.620000,0 days 00:00:42.197000,0 days 00:00:18.112000,Soft,23,2,,,1,True,0 days 01:31:56.728000,93.929,33.62,42.197,18.112,5516.728,5514.115,27.7,51.8,1008.2,False,35.0,336,2.1,False,True,False,FORMULA 1 2018 HONDA JAPANESE GRAND PRIX,Suzuka,Japan,,,Permanent,,,0.35792992579501537,0.4492435775958437,0.19282649660914092,3,False,Japanese Grand Prix,japanese_grand_prix,2018,2018-10-07,95.4254375,32,Closing,0.5619999999999976,False,False,False,True
ALO,McLaren,43,0 days 00:01:35.462000,0 days 00:00:34.386000,0 days 00:00:42.628000,0 days 00:00:18.448000,Medium,17,2,,,1,True,0 days 01:31:59.311000,95.462,34.386,42.628,18.448,5519.311,5514.115,27.7,51.8,1008.2,False,35.0,336,2.1,False,True,False,FORMULA 1 2018 HONDA JAPANESE GRAND PRIX,Suzuka,Japan,,,Permanent,,,0.36020615532882194,0.44654417464540863,0.19324967002576943,3,False,Japanese Grand Prix,japanese_grand_prix,2018,2018-10-07,98.23603846153847,26,Closing,1.5190000000000055,False,False,False,True
RIC,Red Bull Racing,44,0 days 00:01:34.230000,0 days 00:00:33.781000,0 days 00:00:42.280000,0 days 00:00:18.169000,Medium,21,2,,,1,True,0 days 01:32:01.376000,94.23,33.781,42.28,18.169,5521.376,5514.115,27.7,51.8,1008.2,False,35.0,336,2.1,False,True,False,FORMULA 1 2018 HONDA JAPANESE GRAND PRIX,Suzuka,Japan,,,Permanent,,,0.35849517138915415,0.4486893770561392,0.19281545155470656,3,False,Japanese Grand Prix,japanese_grand_prix,2018,2018-10-07,95.42473333333334,30,Closing,1.0430000000000064,False,False,False,True
VAN,McLaren,43,0 days 00:01:35.599000,0 days 00:00:34.232000,0 days 00:00:42.851000,0 days 00:00:18.516000,Medium,20,2,,,1,True,0 days 01:32:08.346000,95.599,34.232,42.851,18.516,5528.346,5514.115,27.7,51.8,1008.2,False,35.0,336,2.1,False,True,False,FORMULA 1 2018 HONDA JAPANESE GRAND PRIX,Suzuka,Japan,,,Permanent,,,0.35807905940438706,0.44823690624378915,0.19368403435182374,3,False,Japanese Grand Prix,japanese_grand_prix,2018,2018-10-07,97.85772413793103,29,Closing,0.5760000000000076,False,False,False,True
RAI,Ferrari,44,0 days 00:01:35.453000,0 days 00:00:34.329000,0 days 00:00:42.696000,0 days 00:00:18.428000,Medium,27,2,,,1,True,0 days 01:32:11.741000,95.453,34.329,42.696,18.428,5531.741,5514.115,27.7,51.8,1008.2,False,35.0,336,2.1,False,True,False,FORMULA 1 2018 HONDA JAPANESE GRAND PRIX,Suzuka,Japan,,,Permanent,,,0.35964296564801523,0.44729867054990413,0.1930583638020806,3,False,Japanese Grand Prix,japanese_grand_prix,2018,2018-10-07,96.2568611111111,36,Closing,1.230000000000004,False,False,False,True
SIR,Williams,43,0 days 00:01:34.716000,0 days 00:00:33.973000,0 days 00:00:42.419000,0 days 00:00:18.324000,SUPERSOFT,5,3,,,1,True,0 days 01:32:20.588000,94.716,33.973,42.419,18.324,5540.588,5514.115,27.7,51.8,1008.2,False,35.0,336,2.1,False,True,False,FORMULA 1 2018 HONDA JAPANESE GRAND PRIX,Suzuka,Japan,,,Permanent,,,0.3586827991046919,0.4478546391317201,0.19346256176358803,3,False,Japanese Grand Prix,japanese_grand_prix,2018,2018-10-07,97.92728571428572,14,Closing,0.7309999999999945,False,False,False,True
STR,Williams,43,0 days 00:01:34.552000,0 days 00:00:33.664000,0 days 00:00:42.345000,0 days 00:00:18.543000,SUPERSOFT,4,3,,,1,True,0 days 01:32:28.864000,94.552,33.664,42.345,18.543,5548.864,5573.753,27.8,51.5,1008.2,False,35.0,328,2.5,False,True,False,FORMULA 1 2018 HONDA JAPANESE GRAND PRIX,Suzuka,Japan,,,Permanent,,,0.3560368897537863,0.44784880277519246,0.1961143074710212,3,False,Japanese Grand Prix,japanese_grand_prix,2018,2018-10-07,98.0326923076923,13,Closing,1.1980000000000075,False,False,False,True
VET,Ferrari,44,0 days 00:01:35.046000,0 days 00:00:34.063000,0 days 00:00:42.596000,0 days 00:00:18.387000,Soft,18,2,,,1,True,0 days 01:32:52.686000,95.046,34.063,42.596,18.387,5572.686,5573.753,27.8,51.5,1008.2,False,35.0,328,2.5,False,True,False,FORMULA 1 2018 HONDA JAPANESE GRAND PRIX,Suzuka,Japan,,,Permanent,,,0.3583843612566547,0.4481619426383014,0.19345369610504387,3,False,Japanese Grand Prix,japanese_grand_prix,2018,2018-10-07,95.86337037037038,27,Closing,2.7280000000000086,False,False,False,True
PER,Racing Point,44,0 days 00:01:34.323000,0 days 00:00:33.757000,0 days 00:00:42.417000,0 days 00:00:18.149000,Soft,20,2,,,1,True,0 days 01:32:58.759000,94.323,33.757,42.417,18.149,5578.759,5573.753,27.8,51.5,1008.2,False,35.0,328,2.5,False,True,False,FORMULA 1 2018 HONDA JAPANESE GRAND PRIX,Suzuka,Japan,,,Permanent,,,0.35788725973516533,0.4496994370408066,0.1924133032240281,3,False,Japanese Grand Prix,japanese_grand_prix,2018,2018-10-07,96.43148275862069,29,Closing,0.25,False,False,False,True
GRO,Haas F1 Team,44,0 days 00:01:34.826000,0 days 00:00:33.626000,0 days 00:00:42.699000,0 days 00:00:18.501000,Medium,15,2,,,1,True,0 days 01:33:01.879000,94.826,33.626,42.699,18.501,5581.879,5573.753,27.8,51.5,1008.2,False,35.0,328,2.5,False,True,False,FORMULA 1 2018 HONDA JAPANESE GRAND PRIX,Suzuka,Japan,,,Permanent,,,0.35460738615991394,0.4502878957248012,0.19510471811528488,3,False,Japanese Grand Prix,japanese_grand_prix,2018,2018-10-07,96.88091666666666,24,Closing,0.03999999999999204,False,False,False,True
OCO,Racing Point,44,0 days 00:01:34.870000,0 days 00:00:34.002000,0 days 00:00:42.439000,0 days 00:00:18.429000,Medium,18,2,,,1,True,0 days 01:33:02.785000,94.87,34.002,42.439,18.429,5582.785,5573.753,27.8,51.5,1008.2,False,35.0,328,2.5,False,True,False,FORMULA 1 2018 HONDA JAPANESE GRAND PRIX,Suzuka,Japan,,,Permanent,,,0.3584062401180563,0.44733846316011383,0.19425529672182984,3,False,Japanese Grand Prix,japanese_grand_prix,2018,2018-10-07,96.66451851851852,27,Closing,0.20000000000000284,False,False,False,True
GAS,Toro Rosso,44,0 days 00:01:35.670000,0 days 00:00:34.170000,0 days 00:00:42.838000,0 days 00:00:18.662000,Soft,15,2,,,1,True,0 days 01:33:10.219000,95.67,34.17,42.838,18.662,5590.219,5573.753,27.8,51.5,1008.2,False,35.0,328,2.5,False,True,False,FORMULA 1 2018 HONDA JAPANESE GRAND PRIX,Suzuka,Japan,,,Permanent,,,0.35716525556600814,0.44776837044005435,0.19506637399393748,3,False,Japanese Grand Prix,japanese_grand_prix,2018,2018-10-07,97.88647826086957,23,Closing,1.5370000000000061,False,False,False,True
SAI,Renault,44,0 days 00:01:35.015000,0 days 00:00:33.961000,0 days 00:00:42.472000,0 days 00:00:18.582000,Medium,12,2,,,1,True,0 days 01:33:12.796000,95.015,33.961,42.472,18.582,5592.796,5573.753,27.8,51.5,1008.2,False,35.0,328,2.5,False,True,False,FORMULA 1 2018 HONDA JAPANESE GRAND PRIX,Suzuka,Japan,,,Permanent,,,0.35742777456191127,0.4470031047729306,0.19556912066515814,3,False,Japanese Grand Prix,japanese_grand_prix,2018,2018-10-07,97.29735,20,Closing,0.8179999999999978,False,False,False,True
HAM,Mercedes,45,0 days 00:01:33.189000,0 days 00:00:33.208000,0 days 00:00:41.981000,0 days 00:00:18,Medium,21,2,,,1,True,0 days 01:33:21.543000,93.189,33.208,41.981,18.0,5601.543,5573.753,27.8,51.5,1008.2,False,35.0,328,2.5,False,True,False,FORMULA 1 2018 HONDA JAPANESE GRAND PRIX,Suzuka,Japan,,,Permanent,,,0.3563510714783934,0.4504930839476763,0.19315584457393042,3,False,Japanese Grand Prix,japanese_grand_prix,2018,2018-10-07,95.38982758620689,29,Closing,0.40399999999999636,False,False,False,True
BOT,Mercedes,45,0 days 00:01:36.032000,0 days 00:00:34.496000,0 days 00:00:42.955000,0 days 00:00:18.581000,Medium,22,2,,,1,True,0 days 01:33:31.348000,96.032,34.496,42.955,18.581,5611.348,5633.767,27.7,51.8,1008.2,False,35.0,301,2.3,False,True,False,FORMULA 1 2018 HONDA JAPANESE GRAND PRIX,Suzuka,Japan,,,Permanent,,,0.3592135954681773,0.4472988170609797,0.19348758747084305,3,False,Japanese Grand Prix,japanese_grand_prix,2018,2018-10-07,95.5993,30,Closing,2.921999999999997,False,False,False,True
VER,Red Bull Racing,45,0 days 00:01:35.439000,0 days 00:00:33.965000,0 days 00:00:42.688000,0 days 00:00:18.786000,Soft,24,2,,,1,True,0 days 01:33:32.167000,95.439,33.965,42.688,18.786,5612.167,5633.767,27.7,51.8,1008.2,False,35.0,301,2.3,False,True,False,FORMULA 1 2018 HONDA JAPANESE GRAND PRIX,Suzuka,Japan,,,Permanent,,,0.3558817674116452,0.44728046186569437,0.19683777072266057,3,False,Japanese Grand Prix,japanese_grand_prix,2018,2018-10-07,95.4254375,32,Closing,2.0719999999999885,False,False,False,True
ERI,Sauber,44,0 days 00:01:39.413000,0 days 00:00:35.255000,0 days 00:00:43.541000,0 days 00:00:20.617000,Medium,39,2,,,1,True,0 days 01:33:32.771000,99.413,35.255,43.541,20.617,5612.771,5633.767,27.7,51.8,1008.2,False,35.0,301,2.3,False,True,False,FORMULA 1 2018 HONDA JAPANESE GRAND PRIX,Suzuka,Japan,,,Permanent,,,0.35463168800861056,0.43798094816573285,0.20738736382565662,3,False,Japanese Grand Prix,japanese_grand_prix,2018,2018-10-07,98.81828260869564,46,Closing,3.1189999999999998,False,False,False,True
HAR,Toro Rosso,44,0 days 00:01:39.979000,0 days 00:00:35.461000,0 days 00:00:45.588000,0 days 00:00:18.930000,Soft,16,2,,,1,True,0 days 01:33:33.783000,99.979,35.461,45.588,18.93,5613.783,5633.767,27.7,51.8,1008.2,False,35.0,301,2.3,False,True,False,FORMULA 1 2018 HONDA JAPANESE GRAND PRIX,Suzuka,Japan,,,Permanent,,,0.35468448374158573,0.4559757549085308,0.18933976134988348,3,False,Japanese Grand Prix,japanese_grand_prix,2018,2018-10-07,98.43775,24,Closing,5.122,False,False,False,True
ALO,McLaren,44,0 days 00:01:35.781000,0 days 00:00:34.358000,0 days 00:00:42.843000,0 days 00:00:18.580000,Medium,18,2,,,1,True,0 days 01:33:35.092000,95.781,34.358,42.843,18.58,5615.092,5633.767,27.7,51.8,1008.2,False,35.0,301,2.3,False,True,False,FORMULA 1 2018 HONDA JAPANESE GRAND PRIX,Suzuka,Japan,,,Permanent,,,0.3587141499879934,0.4473016569048141,0.19398419310719242,3,False,Japanese Grand Prix,japanese_grand_prix,2018,2018-10-07,98.23603846153847,26,Closing,1.838000000000008,False,False,False,True
RIC,Red Bull Racing,45,0 days 00:01:34.821000,0 days 00:00:33.966000,0 days 00:00:42.466000,0 days 00:00:18.389000,Medium,22,2,,,1,True,0 days 01:33:36.197000,94.821,33.966,42.466,18.389,5616.197,5633.767,27.7,51.8,1008.2,False,35.0,301,2.3,False,True,False,FORMULA 1 2018 HONDA JAPANESE GRAND PRIX,Suzuka,Japan,,,Permanent,,,0.3582117885278578,0.4478543782495439,0.19393383322259836,3,False,Japanese Grand Prix,japanese_grand_prix,2018,2018-10-07,95.42473333333334,30,Closing,1.6340000000000003,False,False,False,True
VAN,McLaren,44,0 days 00:01:35.701000,0 days 00:00:34.156000,0 days 00:00:43.108000,0 days 00:00:18.437000,Medium,21,2,,,1,True,0 days 01:33:44.047000,95.701,34.156,43.108,18.437,5624.047,5633.767,27.7,51.8,1008.2,False,35.0,301,2.3,False,True,False,FORMULA 1 2018 HONDA JAPANESE GRAND PRIX,Suzuka,Japan,,,Permanent,,,0.35690327164815416,0.4504446139538772,0.1926521143979687,3,False,Japanese Grand Prix,japanese_grand_prix,2018,2018-10-07,97.85772413793103,29,Closing,0.6779999999999973,False,False,False,True
RAI,Ferrari,45,0 days 00:01:35.666000,0 days 00:00:34.259000,0 days 00:00:42.912000,0 days 00:00:18.495000,Medium,28,2,,,1,True,0 days 01:33:47.407000,95.666,34.259,42.912,18.495,5627.407,5633.767,27.7,51.8,1008.2,False,35.0,301,2.3,False,True,False,FORMULA 1 2018 HONDA JAPANESE GRAND PRIX,Suzuka,Japan,,,Permanent,,,0.35811050948090234,0.44856061714715784,0.19332887337193988,3,False,Japanese Grand Prix,japanese_grand_prix,2018,2018-10-07,96.2568611111111,36,Closing,1.4429999999999978,False,False,False,True
SIR,Williams,44,0 days 00:01:35.245000,0 days 00:00:34.208000,0 days 00:00:42.698000,0 days 00:00:18.339000,SUPERSOFT,6,3,,,1,True,0 days 01:33:55.833000,95.245,34.208,42.698,18.339,5635.833,5633.767,27.7,51.8,1008.2,False,35.0,301,2.3,False,True,False,FORMULA 1 2018 HONDA JAPANESE GRAND PRIX,Suzuka,Japan,,,Permanent,,,0.359157961047824,0.44829649850385844,0.19254554044831748,3,False,Japanese Grand Prix,japanese_grand_prix,2018,2018-10-07,97.92728571428572,14,Closing,1.2600000000000051,False,False,False,True
STR,Williams,44,0 days 00:01:34.577000,0 days 00:00:33.776000,0 days 00:00:42.303000,0 days 00:00:18.498000,SUPERSOFT,5,3,,,1,True,0 days 01:34:03.441000,94.577,33.776,42.303,18.498,5643.441,5633.767,27.7,51.8,1008.2,False,35.0,301,2.3,False,True,False,FORMULA 1 2018 HONDA JAPANESE GRAND PRIX,Suzuka,Japan,,,Permanent,,,0.35712699705002277,0.4472863381160324,0.19558666483394485,3,False,Japanese Grand Prix,japanese_grand_prix,2018,2018-10-07,98.0326923076923,13,Closing,1.222999999999999,False,False,False,True
VET,Ferrari,45,0 days 00:01:34.654000,0 days 00:00:34.067000,0 days 00:00:42.295000,0 days 00:00:18.292000,Soft,19,2,,,1,True,0 days 01:34:27.340000,94.654,34.067,42.295,18.292,5667.34,5693.829,27.8,51.6,1008.2,False,35.1,256,1.7,False,True,False,FORMULA 1 2018 HONDA JAPANESE GRAND PRIX,Suzuka,Japan,,,Permanent,,,0.35991083313964545,0.44683795719145525,0.1932512096688994,3,False,Japanese Grand Prix,japanese_grand_prix,2018,2018-10-07,95.86337037037038,27,Closing,2.3359999999999985,False,False,False,True
PER,Racing Point,45,0 days 00:01:34.326000,0 days 00:00:33.767000,0 days 00:00:42.331000,0 days 00:00:18.228000,Soft,21,2,,,1,True,0 days 01:34:33.085000,94.326,33.767,42.331,18.228,5673.085,5693.829,27.8,51.6,1008.2,False,35.1,256,1.7,False,True,False,FORMULA 1 2018 HONDA JAPANESE GRAND PRIX,Suzuka,Japan,,,Permanent,,,0.3579818925852894,0.44877340287937584,0.19324470453533493,3,False,Japanese Grand Prix,japanese_grand_prix,2018,2018-10-07,96.43148275862069,29,Closing,0.2530000000000001,False,False,False,True
GRO,Haas F1 Team,45,0 days 00:01:34.791000,0 days 00:00:33.699000,0 days 00:00:42.616000,0 days 00:00:18.476000,Medium,16,2,,,1,True,0 days 01:34:36.670000,94.791,33.699,42.616,18.476,5676.67,5693.829,27.8,51.6,1008.2,False,35.1,256,1.7,False,True,False,FORMULA 1 2018 HONDA JAPANESE GRAND PRIX,Suzuka,Japan,,,Permanent,,,0.35550843434503276,0.44957854648648077,0.19491301916848647,3,False,Japanese Grand Prix,japanese_grand_prix,2018,2018-10-07,96.88091666666666,24,Closing,0.0049999999999954525,False,False,False,True
OCO,Racing Point,45,0 days 00:01:34.802000,0 days 00:00:33.988000,0 days 00:00:42.354000,0 days 00:00:18.460000,Medium,19,2,,,1,True,0 days 01:34:37.587000,94.802,33.988,42.354,18.46,5677.587,5693.829,27.8,51.6,1008.2,False,35.1,256,1.7,False,True,False,FORMULA 1 2018 HONDA JAPANESE GRAND PRIX,Suzuka,Japan,,,Permanent,,,0.35851564312989176,0.44676272652475685,0.19472163034535137,3,False,Japanese Grand Prix,japanese_grand_prix,2018,2018-10-07,96.66451851851852,27,Closing,0.132000000000005,False,False,False,True
GAS,Toro Rosso,45,0 days 00:01:35.669000,0 days 00:00:34.154000,0 days 00:00:42.833000,0 days 00:00:18.682000,Soft,16,2,,,1,True,0 days 01:34:45.888000,95.669,34.154,42.833,18.682,5685.888,5693.829,27.8,51.6,1008.2,False,35.1,256,1.7,False,True,False,FORMULA 1 2018 HONDA JAPANESE GRAND PRIX,Suzuka,Japan,,,Permanent,,,0.3570017456020237,0.4477207872978708,0.19527746710010557,3,False,Japanese Grand Prix,japanese_grand_prix,2018,2018-10-07,97.88647826086957,23,Closing,1.5360000000000014,False,False,False,True
SAI,Renault,45,0 days 00:01:35.035000,0 days 00:00:33.907000,0 days 00:00:42.577000,0 days 00:00:18.551000,Medium,13,2,,,1,True,0 days 01:34:47.831000,95.035,33.907,42.577,18.551,5687.831,5693.829,27.8,51.6,1008.2,False,35.1,256,1.7,False,True,False,FORMULA 1 2018 HONDA JAPANESE GRAND PRIX,Suzuka,Japan,,,Permanent,,,0.35678434261061714,0.4480138896196138,0.19520176776976902,3,False,Japanese Grand Prix,japanese_grand_prix,2018,2018-10-07,97.29735,20,Closing,0.8379999999999939,False,False,False,True
HAM,Mercedes,46,0 days 00:01:33.131000,0 days 00:00:33.181000,0 days 00:00:41.941000,0 days 00:00:18.009000,Medium,22,2,,,1,True,0 days 01:34:54.674000,93.131,33.181,41.941,18.009,5694.674,5693.829,27.8,51.6,1008.2,False,35.1,256,1.7,False,True,False,FORMULA 1 2018 HONDA JAPANESE GRAND PRIX,Suzuka,Japan,,,Permanent,,,0.3562830851166636,0.4503441389011178,0.1933727759822186,3,False,Japanese Grand Prix,japanese_grand_prix,2018,2018-10-07,95.38982758620689,29,Closing,0.34600000000000364,False,False,False,True
BOT,Mercedes,46,0 days 00:01:33.110000,0 days 00:00:33.042000,0 days 00:00:42.075000,0 days 00:00:17.993000,Medium,23,2,,,1,True,0 days 01:35:04.458000,93.11,33.042,42.075,17.993,5704.458,5693.829,27.8,51.6,1008.2,False,35.1,256,1.7,False,True,False,FORMULA 1 2018 HONDA JAPANESE GRAND PRIX,Suzuka,Japan,,,Permanent,,,0.3548705831811836,0.4518848673611857,0.19324454945763075,3,False,Japanese Grand Prix,japanese_grand_prix,2018,2018-10-07,95.5993,30,Closing,0.0,False,False,False,True
VER,Red Bull Racing,46,0 days 00:01:33.950000,0 days 00:00:33.563000,0 days 00:00:42.261000,0 days 00:00:18.126000,Soft,25,2,,,1,True,0 days 01:35:06.117000,93.95,33.563,42.261,18.126,5706.117,5693.829,27.8,51.6,1008.2,False,35.1,256,1.7,False,True,False,FORMULA 1 2018 HONDA JAPANESE GRAND PRIX,Suzuka,Japan,,,Permanent,,,0.357243214475785,0.4498243746673763,0.19293241085683874,3,False,Japanese Grand Prix,japanese_grand_prix,2018,2018-10-07,95.4254375,32,Closing,0.5829999999999984,False,False,False,True
ERI,Sauber,45,0 days 00:01:37.438000,0 days 00:00:35.187000,0 days 00:00:43.587000,0 days 00:00:18.664000,Medium,40,2,,,1,True,0 days 01:35:10.209000,97.438,35.187,43.587,18.664,5710.209,5693.829,27.8,51.6,1008.2,False,35.1,256,1.7,False,True,False,FORMULA 1 2018 HONDA JAPANESE GRAND PRIX,Suzuka,Japan,,,Permanent,,,0.3611219442106775,0.44733061023420023,0.19154744555512224,3,False,Japanese Grand Prix,japanese_grand_prix,2018,2018-10-07,98.81828260869564,46,Closing,1.1440000000000055,False,False,False,True
HAR,Toro Rosso,45,0 days 00:01:37.313000,0 days 00:00:34.895000,0 days 00:00:43.524000,0 days 00:00:18.894000,Soft,17,2,,,1,True,0 days 01:35:11.096000,97.313,34.895,43.524,18.894,5711.096,5693.829,27.8,51.6,1008.2,False,35.1,256,1.7,False,True,False,FORMULA 1 2018 HONDA JAPANESE GRAND PRIX,Suzuka,Japan,,,Permanent,,,0.35858518389115535,0.4472578175577775,0.19415699855106716,3,False,Japanese Grand Prix,japanese_grand_prix,2018,2018-10-07,98.43775,24,Closing,2.456000000000003,False,False,False,True
RIC,Red Bull Racing,46,0 days 00:01:35.567000,0 days 00:00:34.703000,0 days 00:00:42.507000,0 days 00:00:18.357000,Medium,23,2,,,1,True,0 days 01:35:11.764000,95.567,34.703,42.507,18.357,5711.764,5693.829,27.8,51.6,1008.2,False,35.1,256,1.7,False,True,False,FORMULA 1 2018 HONDA JAPANESE GRAND PRIX,Suzuka,Japan,,,Permanent,,,0.36312743938807335,0.44478742662216036,0.19208513398976634,3,False,Japanese Grand Prix,japanese_grand_prix,2018,2018-10-07,95.42473333333334,30,Closing,2.3799999999999955,False,False,False,True
ALO,McLaren,45,0 days 00:01:38.014000,0 days 00:00:35.957000,0 days 00:00:43.462000,0 days 00:00:18.595000,Medium,19,2,,,1,True,0 days 01:35:13.106000,98.014,35.957,43.462,18.595,5713.106,5693.829,27.8,51.6,1008.2,False,35.1,256,1.7,False,True,False,FORMULA 1 2018 HONDA JAPANESE GRAND PRIX,Suzuka,Japan,,,Permanent,,,0.36685575530026326,0.4434264492827556,0.18971779541698125,3,False,Japanese Grand Prix,japanese_grand_prix,2018,2018-10-07,98.23603846153847,26,Closing,4.070999999999998,False,False,False,True
VAN,McLaren,45,0 days 00:01:35.591000,0 days 00:00:34.124000,0 days 00:00:42.921000,0 days 00:00:18.546000,Medium,22,2,,,1,True,0 days 01:35:19.638000,95.591,34.124,42.921,18.546,5719.638,5693.829,27.8,51.6,1008.2,False,35.1,256,1.7,False,True,False,FORMULA 1 2018 HONDA JAPANESE GRAND PRIX,Suzuka,Japan,,,Permanent,,,0.3569792135242858,0.4490067056522058,0.1940140808235085,3,False,Japanese Grand Prix,japanese_grand_prix,2018,2018-10-07,97.85772413793103,29,Closing,0.5679999999999978,False,False,False,True
RAI,Ferrari,46,0 days 00:01:35.635000,0 days 00:00:34.320000,0 days 00:00:42.738000,0 days 00:00:18.577000,Medium,29,2,,,1,True,0 days 01:35:23.042000,95.635,34.32,42.738,18.577,5723.042,5693.829,27.8,51.6,1008.2,False,35.1,256,1.7,False,True,False,FORMULA 1 2018 HONDA JAPANESE GRAND PRIX,Suzuka,Japan,,,Permanent,,,0.3588644324776494,0.4468866000941078,0.1942489674282428,3,False,Japanese Grand Prix,japanese_grand_prix,2018,2018-10-07,96.2568611111111,36,Closing,1.4120000000000061,False,False,False,True
SIR,Williams,45,0 days 00:01:34.668000,0 days 00:00:33.948000,0 days 00:00:42.346000,0 days 00:00:18.374000,SUPERSOFT,7,3,,,1,True,0 days 01:35:30.501000,94.668,33.948,42.346,18.374,5730.501,5754.093,28.0,50.9,1008.3,False,35.2,347,1.1,False,True,False,FORMULA 1 2018 HONDA JAPANESE GRAND PRIX,Suzuka,Japan,,,Permanent,,,0.358600583090379,0.44731060125913713,0.19408881565048378,3,False,Japanese Grand Prix,japanese_grand_prix,2018,2018-10-07,97.92728571428572,14,Closing,0.6830000000000069,False,False,False,True
STR,Williams,45,0 days 00:01:34.279000,0 days 00:00:33.514000,0 days 00:00:42.327000,0 days 00:00:18.438000,SUPERSOFT,6,3,,,1,True,0 days 01:35:37.720000,94.279,33.514,42.327,18.438,5737.72,5754.093,28.0,50.9,1008.3,False,35.2,347,1.1,False,True,False,FORMULA 1 2018 HONDA JAPANESE GRAND PRIX,Suzuka,Japan,,,Permanent,,,0.3554768294105793,0.4489546982891206,0.19556847230030017,3,False,Japanese Grand Prix,japanese_grand_prix,2018,2018-10-07,98.0326923076923,13,Closing,0.9249999999999972,False,False,False,True
VET,Ferrari,46,0 days 00:01:34.647000,0 days 00:00:34.085000,0 days 00:00:42.247000,0 days 00:00:18.315000,Soft,20,2,,,1,True,0 days 01:36:01.987000,94.647,34.085,42.247,18.315,5761.987,5754.093,28.0,50.9,1008.3,False,35.2,347,1.1,False,True,False,FORMULA 1 2018 HONDA JAPANESE GRAND PRIX,Suzuka,Japan,,,Permanent,,,0.36012763214893234,0.4463638572802096,0.19350851057085802,3,False,Japanese Grand Prix,japanese_grand_prix,2018,2018-10-07,95.86337037037038,27,Closing,2.3290000000000077,False,False,False,True
PER,Racing Point,46,0 days 00:01:34.365000,0 days 00:00:33.764000,0 days 00:00:42.361000,0 days 00:00:18.240000,Soft,22,2,,,1,True,0 days 01:36:07.450000,94.365,33.764,42.361,18.24,5767.45,5754.093,28.0,50.9,1008.3,False,35.2,347,1.1,False,True,False,FORMULA 1 2018 HONDA JAPANESE GRAND PRIX,Suzuka,Japan,,,Permanent,,,0.35780215122132153,0.4489058443278758,0.19329200445080272,3,False,Japanese Grand Prix,japanese_grand_prix,2018,2018-10-07,96.43148275862069,29,Closing,0.2920000000000016,False,False,False,True
GRO,Haas F1 Team,46,0 days 00:01:35.115000,0 days 00:00:33.701000,0 days 00:00:42.908000,0 days 00:00:18.506000,Medium,17,2,,,1,True,0 days 01:36:11.785000,95.115,33.701,42.908,18.506,5771.785,5754.093,28.0,50.9,1008.3,False,35.2,347,1.1,False,True,False,FORMULA 1 2018 HONDA JAPANESE GRAND PRIX,Suzuka,Japan,,,Permanent,,,0.3543184566051622,0.4511170688114388,0.19456447458339907,3,False,Japanese Grand Prix,japanese_grand_prix,2018,2018-10-07,96.88091666666666,24,Closing,0.3289999999999935,False,False,False,True
OCO,Racing Point,46,0 days 00:01:34.887000,0 days 00:00:33.929000,0 days 00:00:42.640000,0 days 00:00:18.318000,Medium,20,2,,,1,True,0 days 01:36:12.474000,94.887,33.929,42.64,18.318,5772.474,5754.093,28.0,50.9,1008.3,False,35.2,347,1.1,False,True,False,FORMULA 1 2018 HONDA JAPANESE GRAND PRIX,Suzuka,Japan,,,Permanent,,,0.3575726917280555,0.4493766269351966,0.19305068133674794,3,False,Japanese Grand Prix,japanese_grand_prix,2018,2018-10-07,96.66451851851852,27,Closing,0.21699999999999875,False,False,False,True
GAS,Toro Rosso,46,0 days 00:01:36.015000,0 days 00:00:34.354000,0 days 00:00:42.975000,0 days 00:00:18.686000,Soft,17,2,,,1,True,0 days 01:36:21.903000,96.015,34.354,42.975,18.686,5781.903,5754.093,28.0,50.9,1008.3,False,35.2,347,1.1,False,True,False,FORMULA 1 2018 HONDA JAPANESE GRAND PRIX,Suzuka,Japan,,,Permanent,,,0.35779826068843407,0.44758631463833776,0.19461542467322815,3,False,Japanese Grand Prix,japanese_grand_prix,2018,2018-10-07,97.88647826086957,23,Closing,1.882000000000005,False,False,False,True
SAI,Renault,46,0 days 00:01:35.218000,0 days 00:00:33.957000,0 days 00:00:42.655000,0 days 00:00:18.606000,Medium,14,2,,,1,True,0 days 01:36:23.049000,95.218,33.957,42.655,18.606,5783.049,5754.093,28.0,50.9,1008.3,False,35.2,347,1.1,False,True,False,FORMULA 1 2018 HONDA JAPANESE GRAND PRIX,Suzuka,Japan,,,Permanent,,,0.3566237476107459,0.44797202209666237,0.19540423029259174,3,False,Japanese Grand Prix,japanese_grand_prix,2018,2018-10-07,97.29735,20,Closing,1.0210000000000008,False,False,False,True
HAM,Mercedes,47,0 days 00:01:33.118000,0 days 00:00:33.187000,0 days 00:00:41.911000,0 days 00:00:18.020000,Medium,23,2,,,1,True,0 days 01:36:27.792000,93.118,33.187,41.911,18.02,5787.792,5814.018,28.0,50.8,1008.3,False,35.2,335,1.8,False,True,False,FORMULA 1 2018 HONDA JAPANESE GRAND PRIX,Suzuka,Japan,,,Permanent,,,0.35639725939130995,0.4500848385918942,0.1935179020167959,3,False,Japanese Grand Prix,japanese_grand_prix,2018,2018-10-07,95.38982758620689,29,Closing,0.3329999999999984,False,False,False,True
BOT,Mercedes,47,0 days 00:01:34.311000,0 days 00:00:33.228000,0 days 00:00:41.979000,0 days 00:00:19.104000,Medium,24,2,,,1,True,0 days 01:36:38.769000,94.311,33.228,41.979,19.104,5798.769,5814.018,28.0,50.8,1008.3,False,35.2,335,1.8,False,True,False,FORMULA 1 2018 HONDA JAPANESE GRAND PRIX,Suzuka,Japan,,,Permanent,,,0.35232369500906574,0.4451124471164551,0.2025638578744791,3,False,Japanese Grand Prix,japanese_grand_prix,2018,2018-10-07,95.5993,30,Closing,1.2010000000000076,False,False,False,True
VER,Red Bull Racing,47,0 days 00:01:33.627000,0 days 00:00:33.537000,0 days 00:00:41.955000,0 days 00:00:18.135000,Soft,26,2,,,1,True,0 days 01:36:39.744000,93.627,33.537,41.955,18.135,5799.744,5814.018,28.0,50.8,1008.3,False,35.2,335,1.8,False,True,False,FORMULA 1 2018 HONDA JAPANESE GRAND PRIX,Suzuka,Japan,,,Permanent,,,0.3581979557179019,0.44810791758787527,0.19369412669422284,3,False,Japanese Grand Prix,japanese_grand_prix,2018,2018-10-07,95.4254375,32,Closing,0.2599999999999909,False,False,False,True
RIC,Red Bull Racing,47,0 days 00:01:35.143000,0 days 00:00:34.039000,0 days 00:00:42.964000,0 days 00:00:18.140000,Medium,24,2,,,1,True,0 days 01:36:46.907000,95.143,34.039,42.964,18.14,5806.907,5814.018,28.0,50.8,1008.3,False,35.2,335,1.8,False,True,False,FORMULA 1 2018 HONDA JAPANESE GRAND PRIX,Suzuka,Japan,,,Permanent,,,0.3577667300799849,0.4515728955361929,0.19066037438382225,3,False,Japanese Grand Prix,japanese_grand_prix,2018,2018-10-07,95.42473333333334,30,Closing,1.956000000000003,False,False,False,True
ERI,Sauber,46,0 days 00:01:38.685000,0 days 00:00:35.038000,0 days 00:00:44.812000,0 days 00:00:18.835000,Medium,41,2,,,1,True,0 days 01:36:48.894000,98.685,35.038,44.812,18.835,5808.894,5814.018,28.0,50.8,1008.3,False,35.2,335,1.8,False,True,False,FORMULA 1 2018 HONDA JAPANESE GRAND PRIX,Suzuka,Japan,,,Permanent,,,0.3550488929421898,0.45409130060292846,0.1908598064548817,3,False,Japanese Grand Prix,japanese_grand_prix,2018,2018-10-07,98.81828260869564,46,Closing,2.3910000000000053,False,False,False,True
HAR,Toro Rosso,46,0 days 00:01:38.304000,0 days 00:00:36.045000,0 days 00:00:43.421000,0 days 00:00:18.838000,Soft,18,2,,,1,True,0 days 01:36:49.400000,98.304,36.045,43.421,18.838,5809.4,5814.018,28.0,50.8,1008.3,False,35.2,335,1.8,False,True,False,FORMULA 1 2018 HONDA JAPANESE GRAND PRIX,Suzuka,Japan,,,Permanent,,,0.366668701171875,0.4417012532552083,0.19163004557291669,3,False,Japanese Grand Prix,japanese_grand_prix,2018,2018-10-07,98.43775,24,Closing,3.4470000000000027,False,False,False,True
ALO,McLaren,46,0 days 00:01:37.053000,0 days 00:00:35.167000,0 days 00:00:43.233000,0 days 00:00:18.653000,Medium,20,2,,,1,True,0 days 01:36:50.159000,97.053,35.167,43.233,18.653,5810.159,5814.018,28.0,50.8,1008.3,False,35.2,335,1.8,False,True,False,FORMULA 1 2018 HONDA JAPANESE GRAND PRIX,Suzuka,Japan,,,Permanent,,,0.36234840757112097,0.44545763654910203,0.19219395587977703,3,False,Japanese Grand Prix,japanese_grand_prix,2018,2018-10-07,98.23603846153847,26,Closing,3.1099999999999994,False,False,False,True
VAN,McLaren,46,0 days 00:01:35.622000,0 days 00:00:34.239000,0 days 00:00:42.881000,0 days 00:00:18.502000,Medium,23,2,,,1,True,0 days 01:36:55.260000,95.622,34.239,42.881,18.502,5815.26,5814.018,28.0,50.8,1008.3,False,35.2,335,1.8,False,True,False,FORMULA 1 2018 HONDA JAPANESE GRAND PRIX,Suzuka,Japan,,,Permanent,,,0.3580661354081696,0.4484428269645061,0.19349103762732425,3,False,Japanese Grand Prix,japanese_grand_prix,2018,2018-10-07,97.85772413793103,29,Closing,0.5990000000000038,False,False,False,True
RAI,Ferrari,47,0 days 00:01:35.857000,0 days 00:00:34.339000,0 days 00:00:43.017000,0 days 00:00:18.501000,Medium,30,2,,,1,True,0 days 01:36:58.899000,95.857,34.339,43.017,18.501,5818.899,5814.018,28.0,50.8,1008.3,False,35.2,335,1.8,False,True,False,FORMULA 1 2018 HONDA JAPANESE GRAND PRIX,Suzuka,Japan,,,Permanent,,,0.35823153238678446,0.44876221872163746,0.19300624889157808,3,False,Japanese Grand Prix,japanese_grand_prix,2018,2018-10-07,96.2568611111111,36,Closing,1.6340000000000003,False,False,False,True
SIR,Williams,46,0 days 00:01:34.898000,0 days 00:00:34.170000,0 days 00:00:42.310000,0 days 00:00:18.418000,SUPERSOFT,8,3,,,1,True,0 days 01:37:05.399000,94.898,34.17,42.31,18.418,5825.399,5814.018,28.0,50.8,1008.3,False,35.2,335,1.8,False,True,False,FORMULA 1 2018 HONDA JAPANESE GRAND PRIX,Suzuka,Japan,,,Permanent,,,0.3600708128727687,0.44584712006575483,0.19408206706147654,3,False,Japanese Grand Prix,japanese_grand_prix,2018,2018-10-07,97.92728571428572,14,Closing,0.9129999999999967,False,False,False,True
STR,Williams,46,0 days 00:01:34.565000,0 days 00:00:33.658000,0 days 00:00:42.415000,0 days 00:00:18.492000,SUPERSOFT,7,3,,,1,True,0 days 01:37:12.285000,94.565,33.658,42.415,18.492,5832.285,5814.018,28.0,50.8,1008.3,False,35.2,335,1.8,False,True,False,FORMULA 1 2018 HONDA JAPANESE GRAND PRIX,Suzuka,Japan,,,Permanent,,,0.3559244963781526,0.44852746787923653,0.19554803574261093,3,False,Japanese Grand Prix,japanese_grand_prix,2018,2018-10-07,98.0326923076923,13,Closing,1.2109999999999985,False,False,False,True
VET,Ferrari,47,0 days 00:01:34.591000,0 days 00:00:33.894000,0 days 00:00:42.202000,0 days 00:00:18.495000,Soft,21,2,,,1,True,0 days 01:37:36.578000,94.591,33.894,42.202,18.495,5856.578,5873.822,27.9,51.1,1008.2,False,35.2,312,1.9,False,True,False,FORMULA 1 2018 HONDA JAPANESE GRAND PRIX,Suzuka,Japan,,,Permanent,,,0.3583216162214164,0.4461523823619583,0.1955260014166253,3,False,Japanese Grand Prix,japanese_grand_prix,2018,2018-10-07,95.86337037037038,27,Closing,2.272999999999996,False,False,False,True
PER,Racing Point,47,0 days 00:01:34.453000,0 days 00:00:33.770000,0 days 00:00:42.433000,0 days 00:00:18.250000,Soft,23,2,,,1,True,0 days 01:37:41.903000,94.453,33.77,42.433,18.25,5861.903,5873.822,27.9,51.1,1008.2,False,35.2,312,1.9,False,True,False,FORMULA 1 2018 HONDA JAPANESE GRAND PRIX,Suzuka,Japan,,,Permanent,,,0.3575323176606355,0.44924989148041883,0.19321779085894572,3,False,Japanese Grand Prix,japanese_grand_prix,2018,2018-10-07,96.43148275862069,29,Closing,0.38000000000000966,False,False,False,True
GRO,Haas F1 Team,47,0 days 00:01:34.786000,0 days 00:00:33.719000,0 days 00:00:42.485000,0 days 00:00:18.582000,Medium,18,2,,,1,True,0 days 01:37:46.571000,94.786,33.719,42.485,18.582,5866.571,5873.822,27.9,51.1,1008.2,False,35.2,312,1.9,False,True,False,FORMULA 1 2018 HONDA JAPANESE GRAND PRIX,Suzuka,Japan,,,Permanent,,,0.35573818918405675,0.44822020129554996,0.19604160952039332,3,False,Japanese Grand Prix,japanese_grand_prix,2018,2018-10-07,96.88091666666666,24,Closing,0.0,False,False,False,True
OCO,Racing Point,47,0 days 00:01:35.140000,0 days 00:00:34.245000,0 days 00:00:42.428000,0 days 00:00:18.467000,Medium,21,2,,,1,True,0 days 01:37:47.614000,95.14,34.245,42.428,18.467,5867.614,5873.822,27.9,51.1,1008.2,False,35.2,312,1.9,False,True,False,FORMULA 1 2018 HONDA JAPANESE GRAND PRIX,Suzuka,Japan,,,Permanent,,,0.35994324153878493,0.4459533319318898,0.1941034265293252,3,False,Japanese Grand Prix,japanese_grand_prix,2018,2018-10-07,96.66451851851852,27,Closing,0.46999999999999886,False,False,False,True
GAS,Toro Rosso,47,0 days 00:01:36.343000,0 days 00:00:34.389000,0 days 00:00:43.056000,0 days 00:00:18.898000,Soft,18,2,,,1,True,0 days 01:37:58.246000,96.343,34.389,43.056,18.898,5878.246,5873.822,27.9,51.1,1008.2,False,35.2,312,1.9,False,True,False,FORMULA 1 2018 HONDA JAPANESE GRAND PRIX,Suzuka,Japan,,,Permanent,,,0.35694342090240083,0.4469032519228174,0.19615332717478176,3,False,Japanese Grand Prix,japanese_grand_prix,2018,2018-10-07,97.88647826086957,23,Closing,2.210000000000008,False,False,False,True
SAI,Renault,47,0 days 00:01:35.768000,0 days 00:00:34.234000,0 days 00:00:42.902000,0 days 00:00:18.632000,Medium,15,2,,,1,True,0 days 01:37:58.817000,95.768,34.234,42.902,18.632,5878.817,5873.822,27.9,51.1,1008.2,False,35.2,312,1.9,False,True,False,FORMULA 1 2018 HONDA JAPANESE GRAND PRIX,Suzuka,Japan,,,Permanent,,,0.3574680477821402,0.4479784479157965,0.19455350430206333,3,False,Japanese Grand Prix,japanese_grand_prix,2018,2018-10-07,97.29735,20,Closing,1.570999999999998,False,False,False,True
HAM,Mercedes,48,0 days 00:01:33.575000,0 days 00:00:33.294000,0 days 00:00:42.191000,0 days 00:00:18.090000,Medium,24,2,,,1,True,0 days 01:38:01.367000,93.575,33.294,42.191,18.09,5881.367,5873.822,27.9,51.1,1008.2,False,35.2,312,1.9,False,True,False,FORMULA 1 2018 HONDA JAPANESE GRAND PRIX,Suzuka,Japan,,,Permanent,,,0.3558001602992252,0.4508789740849586,0.19332086561581618,3,False,Japanese Grand Prix,japanese_grand_prix,2018,2018-10-07,95.38982758620689,29,Closing,0.7900000000000063,False,False,False,True
BOT,Mercedes,48,0 days 00:01:33.861000,0 days 00:00:33.674000,0 days 00:00:42.152000,0 days 00:00:18.035000,Medium,25,2,,,1,True,0 days 01:38:12.630000,93.861,33.674,42.152,18.035,5892.63,5873.822,27.9,51.1,1008.2,False,35.2,312,1.9,False,True,False,FORMULA 1 2018 HONDA JAPANESE GRAND PRIX,Suzuka,Japan,,,Permanent,,,0.3587645560989122,0.4490896112336327,0.19214583266745505,3,False,Japanese Grand Prix,japanese_grand_prix,2018,2018-10-07,95.5993,30,Closing,0.7510000000000048,False,False,False,True
VER,Red Bull Racing,48,0 days 00:01:34.421000,0 days 00:00:33.786000,0 days 00:00:42.323000,0 days 00:00:18.312000,Soft,27,2,,,1,True,0 days 01:38:14.165000,94.421,33.786,42.323,18.312,5894.165,5873.822,27.9,51.1,1008.2,False,35.2,312,1.9,False,True,False,FORMULA 1 2018 HONDA JAPANESE GRAND PRIX,Suzuka,Japan,,,Permanent,,,0.3578229419302909,0.4482371506338632,0.19393990743584583,3,False,Japanese Grand Prix,japanese_grand_prix,2018,2018-10-07,95.4254375,32,Closing,1.054000000000002,False,False,False,True
RIC,Red Bull Racing,48,0 days 00:01:33.695000,0 days 00:00:33.421000,0 days 00:00:42.046000,0 days 00:00:18.228000,Medium,25,2,,,1,True,0 days 01:38:20.602000,93.695,33.421,42.046,18.228,5900.602,5873.822,27.9,51.1,1008.2,False,35.2,312,1.9,False,True,False,FORMULA 1 2018 HONDA JAPANESE GRAND PRIX,Suzuka,Japan,,,Permanent,,,0.3566999306259673,0.4487539356422435,0.19454613373178933,3,False,Japanese Grand Prix,japanese_grand_prix,2018,2018-10-07,95.42473333333334,30,Closing,0.5079999999999956,False,False,False,True
ERI,Sauber,47,0 days 00:01:37.249000,0 days 00:00:35.040000,0 days 00:00:43.475000,0 days 00:00:18.734000,Medium,42,2,,,1,True,0 days 01:38:26.143000,97.249,35.04,43.475,18.734,5906.143,5933.835,27.9,51.6,1008.3,False,35.1,334,1.9,False,True,False,FORMULA 1 2018 HONDA JAPANESE GRAND PRIX,Suzuka,Japan,,,Permanent,,,0.3603121883001368,0.4470482986971589,0.19263951300270443,3,False,Japanese Grand Prix,japanese_grand_prix,2018,2018-10-07,98.81828260869564,46,Closing,0.9549999999999983,False,False,False,True
HAR,Toro Rosso,47,0 days 00:01:37.453000,0 days 00:00:35.036000,0 days 00:00:43.480000,0 days 00:00:18.937000,Soft,19,2,,,1,True,0 days 01:38:26.853000,97.453,35.036,43.48,18.937,5906.853,5933.835,27.9,51.6,1008.3,False,35.1,334,1.9,False,True,False,FORMULA 1 2018 HONDA JAPANESE GRAND PRIX,Suzuka,Japan,,,Permanent,,,0.35951689532389974,0.44616379177654863,0.1943193128995516,3,False,Japanese Grand Prix,japanese_grand_prix,2018,2018-10-07,98.43775,24,Closing,2.5960000000000036,False,False,False,True
ALO,McLaren,47,0 days 00:01:37.159000,0 days 00:00:35.106000,0 days 00:00:43.314000,0 days 00:00:18.739000,Medium,21,2,,,1,True,0 days 01:38:27.318000,97.159,35.106,43.314,18.739,5907.318,5933.835,27.9,51.6,1008.3,False,35.1,334,1.9,False,True,False,FORMULA 1 2018 HONDA JAPANESE GRAND PRIX,Suzuka,Japan,,,Permanent,,,0.3613252503628073,0.4458053294084953,0.1928694202286973,3,False,Japanese Grand Prix,japanese_grand_prix,2018,2018-10-07,98.23603846153847,26,Closing,3.216000000000008,False,False,False,True
VAN,McLaren,47,0 days 00:01:35.635000,0 days 00:00:34.174000,0 days 00:00:42.918000,0 days 00:00:18.543000,Medium,24,2,,,1,True,0 days 01:38:30.895000,95.635,34.174,42.918,18.543,5910.895,5933.835,27.9,51.6,1008.3,False,35.1,334,1.9,False,True,False,FORMULA 1 2018 HONDA JAPANESE GRAND PRIX,Suzuka,Japan,,,Permanent,,,0.35733779474041927,0.44876875620850104,0.1938934490510796,3,False,Japanese Grand Prix,japanese_grand_prix,2018,2018-10-07,97.85772413793103,29,Closing,0.612000000000009,False,False,False,True
RAI,Ferrari,48,0 days 00:01:36.166000,0 days 00:00:34.512000,0 days 00:00:42.941000,0 days 00:00:18.713000,Medium,31,2,,,1,True,0 days 01:38:35.065000,96.166,34.512,42.941,18.713,5915.065,5933.835,27.9,51.6,1008.3,False,35.1,334,1.9,False,True,False,FORMULA 1 2018 HONDA JAPANESE GRAND PRIX,Suzuka,Japan,,,Permanent,,,0.3588794376390824,0.4465299586132313,0.1945906037476863,3,False,Japanese Grand Prix,japanese_grand_prix,2018,2018-10-07,96.2568611111111,36,Closing,1.9429999999999978,False,False,False,True
SIR,Williams,47,0 days 00:01:34.541000,0 days 00:00:33.716000,0 days 00:00:42.415000,0 days 00:00:18.410000,SUPERSOFT,9,3,,,1,True,0 days 01:38:39.940000,94.541,33.716,42.415,18.41,5919.94,5933.835,27.9,51.6,1008.3,False,35.1,334,1.9,False,True,False,FORMULA 1 2018 HONDA JAPANESE GRAND PRIX,Suzuka,Japan,,,Permanent,,,0.3566283411429962,0.4486413302165198,0.19473032864048404,3,False,Japanese Grand Prix,japanese_grand_prix,2018,2018-10-07,97.92728571428572,14,Closing,0.5559999999999974,False,False,False,True
STR,Williams,47,0 days 00:01:34.619000,0 days 00:00:33.749000,0 days 00:00:42.397000,0 days 00:00:18.473000,SUPERSOFT,8,3,,,1,True,0 days 01:38:46.904000,94.619,33.749,42.397,18.473,5926.904,5933.835,27.9,51.6,1008.3,False,35.1,334,1.9,False,True,False,FORMULA 1 2018 HONDA JAPANESE GRAND PRIX,Suzuka,Japan,,,Permanent,,,0.3566831186125409,0.4480812521797947,0.1952356292076644,3,False,Japanese Grand Prix,japanese_grand_prix,2018,2018-10-07,98.0326923076923,13,Closing,1.2650000000000006,False,False,False,True
VET,Ferrari,48,0 days 00:01:34.415000,0 days 00:00:33.998000,0 days 00:00:42.156000,0 days 00:00:18.261000,Soft,22,2,,,1,True,0 days 01:39:10.993000,94.415,33.998,42.156,18.261,5950.993,5933.835,27.9,51.6,1008.3,False,35.1,334,1.9,False,True,False,FORMULA 1 2018 HONDA JAPANESE GRAND PRIX,Suzuka,Japan,,,Permanent,,,0.3600910872213101,0.44649684901763487,0.1934120637610549,3,False,Japanese Grand Prix,japanese_grand_prix,2018,2018-10-07,95.86337037037038,27,Closing,2.0970000000000084,False,False,False,True
PER,Racing Point,48,0 days 00:01:34.591000,0 days 00:00:33.910000,0 days 00:00:42.515000,0 days 00:00:18.166000,Soft,24,2,,,1,True,0 days 01:39:16.494000,94.591,33.91,42.515,18.166,5956.494,5933.835,27.9,51.6,1008.3,False,35.1,334,1.9,False,True,False,FORMULA 1 2018 HONDA JAPANESE GRAND PRIX,Suzuka,Japan,,,Permanent,,,0.3584907655062321,0.4494613652461651,0.19204786924760286,3,False,Japanese Grand Prix,japanese_grand_prix,2018,2018-10-07,96.43148275862069,29,Closing,0.5180000000000007,False,False,False,True
GRO,Haas F1 Team,48,0 days 00:01:35.153000,0 days 00:00:33.588000,0 days 00:00:42.955000,0 days 00:00:18.610000,Medium,19,2,,,1,True,0 days 01:39:21.724000,95.153,33.588,42.955,18.61,5961.724,5933.835,27.9,51.6,1008.3,False,35.1,334,1.9,False,True,False,FORMULA 1 2018 HONDA JAPANESE GRAND PRIX,Suzuka,Japan,,,Permanent,,,0.3529893960253486,0.4514308534675732,0.19557975050707804,3,False,Japanese Grand Prix,japanese_grand_prix,2018,2018-10-07,96.88091666666666,24,Closing,0.36700000000000443,False,False,False,True
OCO,Racing Point,48,0 days 00:01:35.273000,0 days 00:00:34.073000,0 days 00:00:42.663000,0 days 00:00:18.537000,Medium,22,2,,,1,True,0 days 01:39:22.887000,95.273,34.073,42.663,18.537,5962.887,5933.835,27.9,51.6,1008.3,False,35.1,334,1.9,False,True,False,FORMULA 1 2018 HONDA JAPANESE GRAND PRIX,Suzuka,Japan,,,Permanent,,,0.3576354266161452,0.4477973822594019,0.1945671911244529,3,False,Japanese Grand Prix,japanese_grand_prix,2018,2018-10-07,96.66451851851852,27,Closing,0.6029999999999944,False,False,False,True
GAS,Toro Rosso,48,0 days 00:01:36.969000,0 days 00:00:34.770000,0 days 00:00:43.234000,0 days 00:00:18.965000,Soft,19,2,,,1,True,0 days 01:39:35.215000,96.969,34.77,43.234,18.965,5975.215,5993.853,28.0,51.8,1008.3,False,35.0,332,1.6,False,True,False,FORMULA 1 2018 HONDA JAPANESE GRAND PRIX,Suzuka,Japan,,,Permanent,,,0.3585682022089534,0.4458538295744001,0.19557796821664658,3,False,Japanese Grand Prix,japanese_grand_prix,2018,2018-10-07,97.88647826086957,23,Closing,2.8359999999999985,False,False,False,True
HAM,Mercedes,49,0 days 00:01:34.457000,0 days 00:00:33.553000,0 days 00:00:42.564000,0 days 00:00:18.340000,Medium,25,2,,,1,True,0 days 01:39:35.824000,94.457,33.553,42.564,18.34,5975.824,5993.853,28.0,51.8,1008.3,False,35.0,332,1.6,False,True,False,FORMULA 1 2018 HONDA JAPANESE GRAND PRIX,Suzuka,Japan,,,Permanent,,,0.3552198354806949,0.4506177414061425,0.19416242311316262,3,False,Japanese Grand Prix,japanese_grand_prix,2018,2018-10-07,95.38982758620689,29,Closing,1.671999999999997,False,False,False,True
SAI,Renault,48,0 days 00:01:38.125000,0 days 00:00:34.808000,0 days 00:00:44.517000,0 days 00:00:18.800000,Medium,16,2,,,1,True,0 days 01:39:36.942000,98.125,34.808,44.517,18.8,5976.942,5993.853,28.0,51.8,1008.3,False,35.0,332,1.6,False,True,False,FORMULA 1 2018 HONDA JAPANESE GRAND PRIX,Suzuka,Japan,,,Permanent,,,0.3547312101910828,0.45367643312101913,0.1915923566878981,3,False,Japanese Grand Prix,japanese_grand_prix,2018,2018-10-07,97.29735,20,Closing,3.9279999999999973,False,False,False,True
BOT,Mercedes,49,0 days 00:01:33.271000,0 days 00:00:33.124000,0 days 00:00:42.150000,0 days 00:00:17.997000,Medium,26,2,,,1,True,0 days 01:39:45.901000,93.271,33.124,42.15,17.997,5985.901,5993.853,28.0,51.8,1008.3,False,35.0,332,1.6,False,True,False,FORMULA 1 2018 HONDA JAPANESE GRAND PRIX,Suzuka,Japan,,,Permanent,,,0.3551371809029602,0.4519089534796453,0.19295386561739447,3,False,Japanese Grand Prix,japanese_grand_prix,2018,2018-10-07,95.5993,30,Closing,0.16100000000000136,False,False,False,True
VER,Red Bull Racing,49,0 days 00:01:34.091000,0 days 00:00:33.650000,0 days 00:00:42.201000,0 days 00:00:18.240000,Soft,28,2,,,1,True,0 days 01:39:48.256000,94.091,33.65,42.201,18.24,5988.256,5993.853,28.0,51.8,1008.3,False,35.0,332,1.6,False,True,False,FORMULA 1 2018 HONDA JAPANESE GRAND PRIX,Suzuka,Japan,,,Permanent,,,0.35763250470289404,0.44851261013274385,0.19385488516436217,3,False,Japanese Grand Prix,japanese_grand_prix,2018,2018-10-07,95.4254375,32,Closing,0.7239999999999895,False,False,False,True
RIC,Red Bull Racing,49,0 days 00:01:33.516000,0 days 00:00:33.293000,0 days 00:00:41.968000,0 days 00:00:18.255000,Medium,26,2,,,1,True,0 days 01:39:54.118000,93.516,33.293,41.968,18.255,5994.118,5993.853,28.0,51.8,1008.3,False,35.0,332,1.6,False,True,False,FORMULA 1 2018 HONDA JAPANESE GRAND PRIX,Suzuka,Japan,,,Permanent,,,0.3560139441379015,0.448778818597887,0.19520723726421144,3,False,Japanese Grand Prix,japanese_grand_prix,2018,2018-10-07,95.42473333333334,30,Closing,0.32900000000000773,False,False,False,True
ERI,Sauber,48,0 days 00:01:37.203000,0 days 00:00:34.844000,0 days 00:00:43.516000,0 days 00:00:18.843000,Medium,43,2,,,1,True,0 days 01:40:03.346000,97.203,34.844,43.516,18.843,6003.346,5993.853,28.0,51.8,1008.3,False,35.0,332,1.6,False,True,False,FORMULA 1 2018 HONDA JAPANESE GRAND PRIX,Suzuka,Japan,,,Permanent,,,0.35846630248037614,0.44768165591596965,0.1938520416036542,3,False,Japanese Grand Prix,japanese_grand_prix,2018,2018-10-07,98.81828260869564,46,Closing,0.909000000000006,False,False,False,True
HAR,Toro Rosso,48,0 days 00:01:36.993000,0 days 00:00:34.865000,0 days 00:00:43.171000,0 days 00:00:18.957000,Soft,20,2,,,1,True,0 days 01:40:03.846000,96.993,34.865,43.171,18.957,6003.846,5993.853,28.0,51.8,1008.3,False,35.0,332,1.6,False,True,False,FORMULA 1 2018 HONDA JAPANESE GRAND PRIX,Suzuka,Japan,,,Permanent,,,0.3594589300258782,0.4450939758539276,0.19544709412019426,3,False,Japanese Grand Prix,japanese_grand_prix,2018,2018-10-07,98.43775,24,Closing,2.1359999999999957,False,False,False,True
ALO,McLaren,48,0 days 00:01:37.209000,0 days 00:00:35.207000,0 days 00:00:43.155000,0 days 00:00:18.847000,Medium,22,2,,,1,True,0 days 01:40:04.527000,97.209,35.207,43.155,18.847,6004.527,5993.853,28.0,51.8,1008.3,False,35.0,332,1.6,False,True,False,FORMULA 1 2018 HONDA JAPANESE GRAND PRIX,Suzuka,Japan,,,Permanent,,,0.36217839911942307,0.4439403758911212,0.1938812249894557,3,False,Japanese Grand Prix,japanese_grand_prix,2018,2018-10-07,98.23603846153847,26,Closing,3.2660000000000053,False,False,False,True
VAN,McLaren,48,0 days 00:01:35.975000,0 days 00:00:34.188000,0 days 00:00:43.099000,0 days 00:00:18.688000,Medium,25,2,,,1,True,0 days 01:40:06.870000,95.975,34.188,43.099,18.688,6006.87,5993.853,28.0,51.8,1008.3,False,35.0,332,1.6,False,True,False,FORMULA 1 2018 HONDA JAPANESE GRAND PRIX,Suzuka,Japan,,,Permanent,,,0.35621776504298,0.4490648606407919,0.19471737431622818,3,False,Japanese Grand Prix,japanese_grand_prix,2018,2018-10-07,97.85772413793103,29,Closing,0.9519999999999982,False,False,False,True
RAI,Ferrari,49,0 days 00:01:36.166000,0 days 00:00:34.378000,0 days 00:00:42.910000,0 days 00:00:18.878000,Medium,32,2,,,1,True,0 days 01:40:11.231000,96.166,34.378,42.91,18.878,6011.231,5993.853,28.0,51.8,1008.3,False,35.0,332,1.6,False,True,False,FORMULA 1 2018 HONDA JAPANESE GRAND PRIX,Suzuka,Japan,,,Permanent,,,0.35748601376785977,0.44620759935944093,0.1963063868726993,3,False,Japanese Grand Prix,japanese_grand_prix,2018,2018-10-07,96.2568611111111,36,Closing,1.9429999999999978,False,False,False,True
SIR,Williams,48,0 days 00:01:34.332000,0 days 00:00:33.630000,0 days 00:00:42.332000,0 days 00:00:18.370000,SUPERSOFT,10,3,,,1,True,0 days 01:40:14.272000,94.332,33.63,42.332,18.37,6014.272,5993.853,28.0,51.8,1008.3,False,35.0,332,1.6,False,True,False,FORMULA 1 2018 HONDA JAPANESE GRAND PRIX,Suzuka,Japan,,,Permanent,,,0.3565068057499046,0.4487554594411229,0.19473773480897258,3,False,Japanese Grand Prix,japanese_grand_prix,2018,2018-10-07,97.92728571428572,14,Closing,0.3469999999999942,False,False,False,True
STR,Williams,48,0 days 00:01:34.471000,0 days 00:00:33.762000,0 days 00:00:42.255000,0 days 00:00:18.454000,SUPERSOFT,9,3,,,1,True,0 days 01:40:21.375000,94.471,33.762,42.255,18.454,6021.375,5993.853,28.0,51.8,1008.3,False,35.0,332,1.6,False,True,False,FORMULA 1 2018 HONDA JAPANESE GRAND PRIX,Suzuka,Japan,,,Permanent,,,0.3573795132897926,0.44728011770807974,0.19534036900212765,3,False,Japanese Grand Prix,japanese_grand_prix,2018,2018-10-07,98.0326923076923,13,Closing,1.1170000000000044,False,False,False,True
VET,Ferrari,49,0 days 00:01:34.259000,0 days 00:00:33.812000,0 days 00:00:42.166000,0 days 00:00:18.281000,Soft,23,2,,,1,True,0 days 01:40:45.252000,94.259,33.812,42.166,18.281,6045.252,6053.863,27.9,51.8,1008.3,False,35.0,328,2.9,False,True,False,FORMULA 1 2018 HONDA JAPANESE GRAND PRIX,Suzuka,Japan,,,Permanent,,,0.3587137567765412,0.44734189838636096,0.19394434483709777,3,False,Japanese Grand Prix,japanese_grand_prix,2018,2018-10-07,95.86337037037038,27,Closing,1.9410000000000025,False,False,False,True
PER,Racing Point,49,0 days 00:01:34.554000,0 days 00:00:33.902000,0 days 00:00:42.500000,0 days 00:00:18.152000,Soft,25,2,,,1,True,0 days 01:40:51.048000,94.554,33.902,42.5,18.152,6051.048,6053.863,27.9,51.8,1008.3,False,35.0,328,2.9,False,True,False,FORMULA 1 2018 HONDA JAPANESE GRAND PRIX,Suzuka,Japan,,,Permanent,,,0.35854643907185313,0.4494786048184106,0.19197495610973625,3,False,Japanese Grand Prix,japanese_grand_prix,2018,2018-10-07,96.43148275862069,29,Closing,0.48100000000000875,False,False,False,True
GRO,Haas F1 Team,49,0 days 00:01:34.851000,0 days 00:00:33.621000,0 days 00:00:42.700000,0 days 00:00:18.530000,Medium,20,2,,,1,True,0 days 01:40:56.575000,94.851,33.621,42.7,18.53,6056.575,6053.863,27.9,51.8,1008.3,False,35.0,328,2.9,False,True,False,FORMULA 1 2018 HONDA JAPANESE GRAND PRIX,Suzuka,Japan,,,Permanent,,,0.35446120757820165,0.45017975561670415,0.1953590368050943,3,False,Japanese Grand Prix,japanese_grand_prix,2018,2018-10-07,96.88091666666666,24,Closing,0.06499999999999773,False,False,False,True
OCO,Racing Point,49,0 days 00:01:34.950000,0 days 00:00:34.018000,0 days 00:00:42.522000,0 days 00:00:18.410000,Medium,23,2,,,1,True,0 days 01:40:57.837000,94.95,34.018,42.522,18.41,6057.837,6053.863,27.9,51.8,1008.3,False,35.0,328,2.9,False,True,False,FORMULA 1 2018 HONDA JAPANESE GRAND PRIX,Suzuka,Japan,,,Permanent,,,0.35827277514481304,0.44783570300157977,0.19389152185360717,3,False,Japanese Grand Prix,japanese_grand_prix,2018,2018-10-07,96.66451851851852,27,Closing,0.28000000000000114,False,False,False,True
HAM,Mercedes,50,0 days 00:01:33.079000,0 days 00:00:33.316000,0 days 00:00:41.819000,0 days 00:00:17.944000,Medium,26,2,,,1,True,0 days 01:41:08.903000,93.079,33.316,41.819,17.944,6068.903,6053.863,27.9,51.8,1008.3,False,35.0,328,2.9,False,True,False,FORMULA 1 2018 HONDA JAPANESE GRAND PRIX,Suzuka,Japan,,,Permanent,,,0.35793250894401535,0.4492850159541895,0.19278247510179525,3,False,Japanese Grand Prix,japanese_grand_prix,2018,2018-10-07,95.38982758620689,29,Closing,0.29399999999999693,False,False,False,False
GAS,Toro Rosso,49,0 days 00:01:38.215000,0 days 00:00:35.726000,0 days 00:00:43.483000,0 days 00:00:19.006000,Soft,20,2,,,1,True,0 days 01:41:13.430000,98.215,35.726,43.483,19.006,6073.43,6053.863,27.9,51.8,1008.3,False,35.0,328,2.9,False,True,False,FORMULA 1 2018 HONDA JAPANESE GRAND PRIX,Suzuka,Japan,,,Permanent,,,0.363752990887339,0.4427327801252354,0.19351422898742554,3,False,Japanese Grand Prix,japanese_grand_prix,2018,2018-10-07,97.88647826086957,23,Closing,4.082000000000008,False,False,False,True
SAI,Renault,49,0 days 00:01:36.846000,0 days 00:00:34.445000,0 days 00:00:43.474000,0 days 00:00:18.927000,Medium,17,2,,,1,True,0 days 01:41:13.788000,96.846,34.445,43.474,18.927,6073.788,6053.863,27.9,51.8,1008.3,False,35.0,328,2.9,False,True,False,FORMULA 1 2018 HONDA JAPANESE GRAND PRIX,Suzuka,Japan,,,Permanent,,,0.35566776118786525,0.44889825083121654,0.19543398798091816,3,False,Japanese Grand Prix,japanese_grand_prix,2018,2018-10-07,97.29735,20,Closing,2.649000000000001,False,False,False,True
BOT,Mercedes,50,0 days 00:01:33.512000,0 days 00:00:33.353000,0 days 00:00:42.064000,0 days 00:00:18.095000,Medium,27,2,,,1,True,0 days 01:41:19.413000,93.512,33.353,42.064,18.095,6079.413,6053.863,27.9,51.8,1008.3,False,35.0,328,2.9,False,True,False,FORMULA 1 2018 HONDA JAPANESE GRAND PRIX,Suzuka,Japan,,,Permanent,,,0.35667080160834974,0.4498246214389597,0.19350457695269055,3,False,Japanese Grand Prix,japanese_grand_prix,2018,2018-10-07,95.5993,30,Closing,0.402000000000001,False,False,False,False
VER,Red Bull Racing,50,0 days 00:01:33.367000,0 days 00:00:33.261000,0 days 00:00:42.064000,0 days 00:00:18.042000,Soft,29,2,,,1,True,0 days 01:41:21.623000,93.367,33.261,42.064,18.042,6081.623,6053.863,27.9,51.8,1008.3,False,35.0,328,2.9,False,True,False,FORMULA 1 2018 HONDA JAPANESE GRAND PRIX,Suzuka,Japan,,,Permanent,,,0.3562393565178275,0.45052320412993885,0.19323743935223367,3,False,Japanese Grand Prix,japanese_grand_prix,2018,2018-10-07,95.4254375,32,Closing,0.0,False,False,False,False
RIC,Red Bull Racing,50,0 days 00:01:33.187000,0 days 00:00:33.092000,0 days 00:00:41.934000,0 days 00:00:18.161000,Medium,27,2,,,1,True,0 days 01:41:27.305000,93.187,33.092,41.934,18.161,6087.305,6113.877,27.8,52.1,1008.3,False,34.7,298,2.0,False,True,False,FORMULA 1 2018 HONDA JAPANESE GRAND PRIX,Suzuka,Japan,,,Permanent,,,0.35511391073862236,0.4499983903334156,0.19488769892796207,3,False,Japanese Grand Prix,japanese_grand_prix,2018,2018-10-07,95.42473333333334,30,Closing,0.0,False,False,False,False
ERI,Sauber,49,0 days 00:01:37.075000,0 days 00:00:34.780000,0 days 00:00:43.488000,0 days 00:00:18.807000,Medium,44,2,,,1,True,0 days 01:41:40.421000,97.075,34.78,43.488,18.807,6100.421,6113.877,27.8,52.1,1008.3,False,34.7,298,2.0,False,True,False,FORMULA 1 2018 HONDA JAPANESE GRAND PRIX,Suzuka,Japan,,,Permanent,,,0.35827968065928406,0.447983517898532,0.19373680144218386,3,False,Japanese Grand Prix,japanese_grand_prix,2018,2018-10-07,98.81828260869564,46,Closing,0.7810000000000059,False,False,False,True
HAR,Toro Rosso,49,0 days 00:01:36.982000,0 days 00:00:34.977000,0 days 00:00:43.276000,0 days 00:00:18.729000,Soft,21,2,,,1,True,0 days 01:41:40.828000,96.982,34.977,43.276,18.729,6100.828,6113.877,27.8,52.1,1008.3,False,34.7,298,2.0,False,True,False,FORMULA 1 2018 HONDA JAPANESE GRAND PRIX,Suzuka,Japan,,,Permanent,,,0.3606545544534037,0.4462271349322555,0.1931183106143408,3,False,Japanese Grand Prix,japanese_grand_prix,2018,2018-10-07,98.43775,24,Closing,2.125,False,False,False,True
ALO,McLaren,49,0 days 00:01:36.962000,0 days 00:00:35.001000,0 days 00:00:43.278000,0 days 00:00:18.683000,Medium,23,2,,,1,True,0 days 01:41:41.489000,96.962,35.001,43.278,18.683,6101.489,6113.877,27.8,52.1,1008.3,False,34.7,298,2.0,False,True,False,FORMULA 1 2018 HONDA JAPANESE GRAND PRIX,Suzuka,Japan,,,Permanent,,,0.3609764650069099,0.4463398032218807,0.19268373177120934,3,False,Japanese Grand Prix,japanese_grand_prix,2018,2018-10-07,98.23603846153847,26,Closing,3.0190000000000055,False,False,False,True
VAN,McLaren,49,0 days 00:01:36.171000,0 days 00:00:34.406000,0 days 00:00:43.183000,0 days 00:00:18.582000,Medium,26,2,,,1,True,0 days 01:41:43.041000,96.171,34.406,43.183,18.582,6103.041,6113.877,27.8,52.1,1008.3,False,34.7,298,2.0,False,True,False,FORMULA 1 2018 HONDA JAPANESE GRAND PRIX,Suzuka,Japan,,,Permanent,,,0.35775857587006477,0.44902309427998044,0.19321832984995477,3,False,Japanese Grand Prix,japanese_grand_prix,2018,2018-10-07,97.85772413793103,29,Closing,1.1480000000000103,False,False,False,True
RAI,Ferrari,50,0 days 00:01:36.401000,0 days 00:00:34.532000,0 days 00:00:43.120000,0 days 00:00:18.749000,Medium,33,2,,,1,True,0 days 01:41:47.632000,96.401,34.532,43.12,18.749,6107.632,6113.877,27.8,52.1,1008.3,False,34.7,298,2.0,False,True,False,FORMULA 1 2018 HONDA JAPANESE GRAND PRIX,Suzuka,Japan,,,Permanent,,,0.35821205174220183,0.4472982645408243,0.1944896837169739,3,False,Japanese Grand Prix,japanese_grand_prix,2018,2018-10-07,96.2568611111111,36,Closing,2.1779999999999973,False,False,False,False
SIR,Williams,49,0 days 00:01:35.016000,0 days 00:00:33.900000,0 days 00:00:42.684000,0 days 00:00:18.432000,SUPERSOFT,11,3,,,1,True,0 days 01:41:49.288000,95.016,33.9,42.684,18.432,6109.288,6113.877,27.8,52.1,1008.3,False,34.7,298,2.0,False,True,False,FORMULA 1 2018 HONDA JAPANESE GRAND PRIX,Suzuka,Japan,,,Permanent,,,0.3567820156605203,0.44922960343521084,0.19398838090426873,3,False,Japanese Grand Prix,japanese_grand_prix,2018,2018-10-07,97.92728571428572,14,Closing,1.031000000000006,False,False,False,True
STR,Williams,49,0 days 00:01:34.531000,0 days 00:00:33.659000,0 days 00:00:42.328000,0 days 00:00:18.544000,SUPERSOFT,10,3,,,1,True,0 days 01:41:55.906000,94.531,33.659,42.328,18.544,6115.906,6113.877,27.8,52.1,1008.3,False,34.7,298,2.0,False,True,False,FORMULA 1 2018 HONDA JAPANESE GRAND PRIX,Suzuka,Japan,,,Permanent,,,0.3560630904147845,0.4477684569083158,0.19616845267689964,3,False,Japanese Grand Prix,japanese_grand_prix,2018,2018-10-07,98.0326923076923,13,Closing,1.1770000000000067,False,False,False,True
VET,Ferrari,50,0 days 00:01:34.458000,0 days 00:00:33.941000,0 days 00:00:42.071000,0 days 00:00:18.446000,Soft,24,2,,,1,True,0 days 01:42:19.710000,94.458,33.941,42.071,18.446,6139.71,6113.877,27.8,52.1,1008.3,False,34.7,298,2.0,False,True,False,FORMULA 1 2018 HONDA JAPANESE GRAND PRIX,Suzuka,Japan,,,Permanent,,,0.3593237205953969,0.44539371996019395,0.19528255944440917,3,False,Japanese Grand Prix,japanese_grand_prix,2018,2018-10-07,95.86337037037038,27,Closing,2.1400000000000006,False,False,False,False
PER,Racing Point,50,0 days 00:01:34.310000,0 days 00:00:33.869000,0 days 00:00:42.293000,0 days 00:00:18.148000,Soft,26,2,,,1,True,0 days 01:42:25.358000,94.31,33.869,42.293,18.148,6145.358,6173.963,27.9,51.7,1008.2,False,34.7,318,1.8,False,True,False,FORMULA 1 2018 HONDA JAPANESE GRAND PRIX,Suzuka,Japan,,,Permanent,,,0.35912416498780614,0.44844661223624216,0.19242922277595165,3,False,Japanese Grand Prix,japanese_grand_prix,2018,2018-10-07,96.43148275862069,29,Closing,0.23700000000000898,False,False,False,False
GRO,Haas F1 Team,50,0 days 00:01:34.855000,0 days 00:00:33.544000,0 days 00:00:42.725000,0 days 00:00:18.586000,Medium,21,2,,,1,True,0 days 01:42:31.430000,94.855,33.544,42.725,18.586,6151.43,6173.963,27.9,51.7,1008.2,False,34.7,318,1.8,False,True,False,FORMULA 1 2018 HONDA JAPANESE GRAND PRIX,Suzuka,Japan,,,Permanent,,,0.3536344947551526,0.45042433187496705,0.19594117336988032,3,False,Japanese Grand Prix,japanese_grand_prix,2018,2018-10-07,96.88091666666666,24,Closing,0.06900000000000261,False,False,False,False
OCO,Racing Point,50,0 days 00:01:34.670000,0 days 00:00:33.858000,0 days 00:00:42.442000,0 days 00:00:18.370000,Medium,24,2,,,1,True,0 days 01:42:32.507000,94.67,33.858,42.442,18.37,6152.507,6173.963,27.9,51.7,1008.2,False,34.7,318,1.8,False,True,False,FORMULA 1 2018 HONDA JAPANESE GRAND PRIX,Suzuka,Japan,,,Permanent,,,0.3576423365374458,0.4483152001690081,0.19404246329354602,3,False,Japanese Grand Prix,japanese_grand_prix,2018,2018-10-07,96.66451851851852,27,Closing,0.0,False,False,False,False
HAM,Mercedes,51,0 days 00:01:32.785000,0 days 00:00:33.022000,0 days 00:00:41.766000,0 days 00:00:17.997000,Medium,27,2,,,1,True,0 days 01:42:41.688000,92.785,33.022,41.766,17.997,6161.688,6173.963,27.9,51.7,1008.2,False,34.7,318,1.8,False,True,False,FORMULA 1 2018 HONDA JAPANESE GRAND PRIX,Suzuka,Japan,,,Permanent,,,0.35589804386484886,0.45013741445276717,0.193964541682384,3,False,Japanese Grand Prix,japanese_grand_prix,2018,2018-10-07,95.38982758620689,29,Closing,0.0,False,False,False,False
SAI,Renault,50,0 days 00:01:34.197000,0 days 00:00:33.393000,0 days 00:00:42.451000,0 days 00:00:18.353000,Medium,18,2,,,1,True,0 days 01:42:47.985000,94.197,33.393,42.451,18.353,6167.985,6173.963,27.9,51.7,1008.2,False,34.7,318,1.8,False,True,False,FORMULA 1 2018 HONDA JAPANESE GRAND PRIX,Suzuka,Japan,,,Permanent,,,0.3545017357240676,0.4506619106765608,0.19483635359937154,3,False,Japanese Grand Prix,japanese_grand_prix,2018,2018-10-07,97.29735,20,Closing,0.0,False,False,False,False
GAS,Toro Rosso,50,0 days 00:01:38.361000,0 days 00:00:35.716000,0 days 00:00:43.630000,0 days 00:00:19.015000,Soft,21,2,,,1,True,0 days 01:42:51.791000,98.361,35.716,43.63,19.015,6171.791,6173.963,27.9,51.7,1008.2,False,34.7,318,1.8,False,True,False,FORMULA 1 2018 HONDA JAPANESE GRAND PRIX,Suzuka,Japan,,,Permanent,,,0.3631113957767814,0.44357011417126707,0.19331849005195148,3,False,Japanese Grand Prix,japanese_grand_prix,2018,2018-10-07,97.88647826086957,23,Closing,4.228000000000009,False,False,False,False
BOT,Mercedes,51,0 days 00:01:33.904000,0 days 00:00:33.451000,0 days 00:00:42.203000,0 days 00:00:18.250000,Medium,28,2,,,1,True,0 days 01:42:53.317000,93.904,33.451,42.203,18.25,6173.317,6173.963,27.9,51.7,1008.2,False,34.7,318,1.8,False,True,False,FORMULA 1 2018 HONDA JAPANESE GRAND PRIX,Suzuka,Japan,,,Permanent,,,0.3562255069006645,0.449427074459022,0.19434741864031352,3,False,Japanese Grand Prix,japanese_grand_prix,2018,2018-10-07,95.5993,30,Closing,0.7939999999999969,False,False,False,False
VER,Red Bull Racing,51,0 days 00:01:33.546000,0 days 00:00:33.356000,0 days 00:00:42.023000,0 days 00:00:18.167000,Soft,30,2,,,1,True,0 days 01:42:55.169000,93.546,33.356,42.023,18.167,6175.169,6173.963,27.9,51.7,1008.2,False,34.7,318,1.8,False,True,False,FORMULA 1 2018 HONDA JAPANESE GRAND PRIX,Suzuka,Japan,,,Permanent,,,0.35657323669638463,0.4492228422380433,0.19420392106557202,3,False,Japanese Grand Prix,japanese_grand_prix,2018,2018-10-07,95.4254375,32,Closing,0.17900000000000205,False,False,False,False
RIC,Red Bull Racing,51,0 days 00:01:33.395000,0 days 00:00:33.292000,0 days 00:00:41.959000,0 days 00:00:18.144000,Medium,28,2,,,1,True,0 days 01:43:00.700000,93.395,33.292,41.959,18.144,6180.7,6173.963,27.9,51.7,1008.2,False,34.7,318,1.8,False,True,False,FORMULA 1 2018 HONDA JAPANESE GRAND PRIX,Suzuka,Japan,,,Permanent,,,0.3564644788264897,0.44926387922265654,0.1942716419508539,3,False,Japanese Grand Prix,japanese_grand_prix,2018,2018-10-07,95.42473333333334,30,Closing,0.2079999999999984,False,False,False,False
ERI,Sauber,50,0 days 00:01:37.255000,0 days 00:00:35.218000,0 days 00:00:43.326000,0 days 00:00:18.711000,Medium,45,2,,,1,True,0 days 01:43:17.676000,97.255,35.218,43.326,18.711,6197.676,6173.963,27.9,51.7,1008.2,False,34.7,318,1.8,False,True,False,FORMULA 1 2018 HONDA JAPANESE GRAND PRIX,Suzuka,Japan,,,Permanent,,,0.3621201994756054,0.4454886638219115,0.19239113670248315,3,False,Japanese Grand Prix,japanese_grand_prix,2018,2018-10-07,98.81828260869564,46,Closing,0.9609999999999985,False,False,False,False
HAR,Toro Rosso,50,0 days 00:01:37.504000,0 days 00:00:35.593000,0 days 00:00:43.115000,0 days 00:00:18.796000,Soft,22,2,,,1,True,0 days 01:43:18.332000,97.504,35.593,43.115,18.796,6198.332,6173.963,27.9,51.7,1008.2,False,34.7,318,1.8,False,True,False,FORMULA 1 2018 HONDA JAPANESE GRAND PRIX,Suzuka,Japan,,,Permanent,,,0.3650414341975714,0.44218698720052513,0.1927715786019035,3,False,Japanese Grand Prix,japanese_grand_prix,2018,2018-10-07,98.43775,24,Closing,2.6470000000000056,False,False,False,False
ALO,McLaren,50,0 days 00:01:37.369000,0 days 00:00:35.515000,0 days 00:00:43.202000,0 days 00:00:18.652000,Medium,24,2,,,1,True,0 days 01:43:18.858000,97.369,35.515,43.202,18.652,6198.858,6173.963,27.9,51.7,1008.2,False,34.7,318,1.8,False,True,False,FORMULA 1 2018 HONDA JAPANESE GRAND PRIX,Suzuka,Japan,,,Permanent,,,0.3647464798857953,0.4436935780381846,0.1915599420760201,3,False,Japanese Grand Prix,japanese_grand_prix,2018,2018-10-07,98.23603846153847,26,Closing,3.426000000000002,False,False,False,False
VAN,McLaren,50,0 days 00:01:37.210000,0 days 00:00:34.863000,0 days 00:00:43.410000,0 days 00:00:18.937000,Medium,27,2,,,1,True,0 days 01:43:20.251000,97.21,34.863,43.41,18.937,6200.251,6173.963,27.9,51.7,1008.2,False,34.7,318,1.8,False,True,False,FORMULA 1 2018 HONDA JAPANESE GRAND PRIX,Suzuka,Japan,,,Permanent,,,0.3586359428042383,0.4465589959880671,0.1948050612076947,3,False,Japanese Grand Prix,japanese_grand_prix,2018,2018-10-07,97.85772413793103,29,Closing,2.1869999999999976,False,False,False,False
RAI,Ferrari,51,0 days 00:01:37.115000,0 days 00:00:34.593000,0 days 00:00:43.413000,0 days 00:00:19.109000,Medium,34,2,,,1,True,0 days 01:43:24.747000,97.115,34.593,43.413,19.109,6204.747,6233.905,27.8,51.9,1008.2,False,34.5,319,1.9,False,True,False,FORMULA 1 2018 HONDA JAPANESE GRAND PRIX,Suzuka,Japan,,,Permanent,,,0.356206559233898,0.4470267208979045,0.19676671986819752,3,False,Japanese Grand Prix,japanese_grand_prix,2018,2018-10-07,96.2568611111111,36,Closing,2.891999999999996,False,False,False,False
SIR,Williams,50,0 days 00:01:36.007000,0 days 00:00:34.318000,0 days 00:00:43.085000,0 days 00:00:18.604000,SUPERSOFT,12,3,,,1,True,0 days 01:43:25.295000,96.007,34.318,43.085,18.604,6205.295,6233.905,27.8,51.9,1008.2,False,34.5,319,1.9,False,True,False,FORMULA 1 2018 HONDA JAPANESE GRAND PRIX,Suzuka,Japan,,,Permanent,,,0.3574531023779516,0.4487693605674586,0.19377753705458975,3,False,Japanese Grand Prix,japanese_grand_prix,2018,2018-10-07,97.92728571428572,14,Closing,2.0220000000000056,False,False,False,False
STR,Williams,50,0 days 00:01:34.604000,0 days 00:00:33.699000,0 days 00:00:42.351000,0 days 00:00:18.554000,SUPERSOFT,11,3,,,1,True,0 days 01:43:30.510000,94.604,33.699,42.351,18.554,6210.51,6233.905,27.8,51.9,1008.2,False,34.5,319,1.9,False,True,False,FORMULA 1 2018 HONDA JAPANESE GRAND PRIX,Suzuka,Japan,,,Permanent,,,0.356211153862416,0.44766606063168574,0.19612278550589826,3,False,Japanese Grand Prix,japanese_grand_prix,2018,2018-10-07,98.0326923076923,13,Closing,1.25,False,False,False,False
VET,Ferrari,51,0 days 00:01:34.284000,0 days 00:00:33.713000,0 days 00:00:42.164000,0 days 00:00:18.407000,Soft,25,2,,,1,True,0 days 01:43:53.994000,94.284,33.713,42.164,18.407,6233.994,6233.905,27.8,51.9,1008.2,False,34.5,319,1.9,False,True,False,FORMULA 1 2018 HONDA JAPANESE GRAND PRIX,Suzuka,Japan,,,Permanent,,,0.3575686224598023,0.44720207034067283,0.19522930719952483,3,False,Japanese Grand Prix,japanese_grand_prix,2018,2018-10-07,95.86337037037038,27,Closing,1.9660000000000082,False,False,False,False
PER,Racing Point,51,0 days 00:01:34.221000,0 days 00:00:33.666000,0 days 00:00:42.345000,0 days 00:00:18.210000,Soft,27,2,,,1,True,0 days 01:43:59.579000,94.221,33.666,42.345,18.21,6239.579,6233.905,27.8,51.9,1008.2,False,34.5,319,1.9,False,True,False,FORMULA 1 2018 HONDA JAPANESE GRAND PRIX,Suzuka,Japan,,,Permanent,,,0.35730888018594575,0.44942210335275573,0.19326901646129843,3,False,Japanese Grand Prix,japanese_grand_prix,2018,2018-10-07,96.43148275862069,29,Closing,0.14800000000001035,False,False,False,False
GRO,Haas F1 Team,51,0 days 00:01:34.808000,0 days 00:00:33.496000,0 days 00:00:42.776000,0 days 00:00:18.536000,Medium,22,2,,,1,True,0 days 01:44:06.238000,94.808,33.496,42.776,18.536,6246.238,6233.905,27.8,51.9,1008.2,False,34.5,319,1.9,False,True,False,FORMULA 1 2018 HONDA JAPANESE GRAND PRIX,Suzuka,Japan,,,Permanent,,,0.3533035186904059,0.451185553961691,0.19551092734790312,3,False,Japanese Grand Prix,japanese_grand_prix,2018,2018-10-07,96.88091666666666,24,Closing,0.02200000000000557,False,False,False,False
OCO,Racing Point,51,0 days 00:01:34.673000,0 days 00:00:33.870000,0 days 00:00:42.423000,0 days 00:00:18.380000,Medium,25,2,,,1,True,0 days 01:44:07.180000,94.673,33.87,42.423,18.38,6247.18,6233.905,27.8,51.9,1008.2,False,34.5,319,1.9,False,True,False,FORMULA 1 2018 HONDA JAPANESE GRAND PRIX,Suzuka,Japan,,,Permanent,,,0.35775775564310835,0.448100303148733,0.19414194120815859,3,False,Japanese Grand Prix,japanese_grand_prix,2018,2018-10-07,96.66451851851852,27,Closing,0.0030000000000001137,False,False,False,False
HAM,Mercedes,52,0 days 00:01:33.487000,0 days 00:00:33.393000,0 days 00:00:42.036000,0 days 00:00:18.058000,Medium,28,2,,,1,True,0 days 01:44:15.175000,93.487,33.393,42.036,18.058,6255.175,6233.905,27.8,51.9,1008.2,False,34.5,319,1.9,False,True,False,FORMULA 1 2018 HONDA JAPANESE GRAND PRIX,Suzuka,Japan,,,Permanent,,,0.35719404837036167,0.4496454052435098,0.19316054638612856,3,False,Japanese Grand Prix,japanese_grand_prix,2018,2018-10-07,95.38982758620689,29,Closing,0.7019999999999982,False,False,False,False
SAI,Renault,51,0 days 00:01:35.091000,0 days 00:00:33.911000,0 days 00:00:42.615000,0 days 00:00:18.565000,Medium,19,2,,,1,True,0 days 01:44:23.076000,95.091,33.911,42.615,18.565,6263.076,6233.905,27.8,51.9,1008.2,False,34.5,319,1.9,False,True,False,FORMULA 1 2018 HONDA JAPANESE GRAND PRIX,Suzuka,Japan,,,Permanent,,,0.3566162938658759,0.44814966716093013,0.19523403897319414,3,False,Japanese Grand Prix,japanese_grand_prix,2018,2018-10-07,97.29735,20,Closing,0.8939999999999912,False,False,False,False
BOT,Mercedes,52,0 days 00:01:35.274000,0 days 00:00:34.247000,0 days 00:00:42.888000,0 days 00:00:18.139000,Medium,29,2,,,1,True,0 days 01:44:28.591000,95.274,34.247,42.888,18.139,6268.591,6293.918,27.8,52.0,1008.2,False,34.5,298,2.5,False,True,False,FORMULA 1 2018 HONDA JAPANESE GRAND PRIX,Suzuka,Japan,,,Permanent,,,0.35945798433990384,0.4501542918319793,0.19038772382811678,3,False,Japanese Grand Prix,japanese_grand_prix,2018,2018-10-07,95.5993,30,Closing,2.1640000000000015,False,False,False,False
VER,Red Bull Racing,52,0 days 00:01:34.372000,0 days 00:00:33.516000,0 days 00:00:42.587000,0 days 00:00:18.269000,Soft,31,2,,,1,True,0 days 01:44:29.541000,94.372,33.516,42.587,18.269,6269.541,6293.918,27.8,52.0,1008.2,False,34.5,298,2.5,False,True,False,FORMULA 1 2018 HONDA JAPANESE GRAND PRIX,Suzuka,Japan,,,Permanent,,,0.3551477133047938,0.4512673250540415,0.19358496164116473,3,False,Japanese Grand Prix,japanese_grand_prix,2018,2018-10-07,95.4254375,32,Closing,1.0049999999999955,False,False,False,False
GAS,Toro Rosso,51,0 days 00:01:39.975000,0 days 00:00:34.997000,0 days 00:00:45.843000,0 days 00:00:19.135000,Soft,22,2,,,1,True,0 days 01:44:31.766000,99.975,34.997,45.843,19.135,6271.766,6293.918,27.8,52.0,1008.2,False,34.5,298,2.5,False,True,False,FORMULA 1 2018 HONDA JAPANESE GRAND PRIX,Suzuka,Japan,,,Permanent,,,0.35005751437859467,0.45854463615903984,0.19139784946236563,3,False,Japanese Grand Prix,japanese_grand_prix,2018,2018-10-07,97.88647826086957,23,Closing,5.841999999999999,False,False,False,False
RIC,Red Bull Racing,52,0 days 00:01:33.285000,0 days 00:00:33.217000,0 days 00:00:41.888000,0 days 00:00:18.180000,Medium,29,2,,,1,True,0 days 01:44:33.985000,93.285,33.217,41.888,18.18,6273.985,6293.918,27.8,52.0,1008.2,False,34.5,298,2.5,False,True,False,FORMULA 1 2018 HONDA JAPANESE GRAND PRIX,Suzuka,Japan,,,Permanent,,,0.3560808275714209,0.4490325347054725,0.1948866377231066,3,False,Japanese Grand Prix,japanese_grand_prix,2018,2018-10-07,95.42473333333334,30,Closing,0.09799999999999898,False,False,False,False
ERI,Sauber,51,0 days 00:01:37.145000,0 days 00:00:34.778000,0 days 00:00:43.522000,0 days 00:00:18.845000,Medium,46,2,,,1,True,0 days 01:44:54.821000,97.145,34.778,43.522,18.845,6294.821,6293.918,27.8,52.0,1008.2,False,34.5,298,2.5,False,True,False,FORMULA 1 2018 HONDA JAPANESE GRAND PRIX,Suzuka,Japan,,,Permanent,,,0.35800092645015186,0.448010705646199,0.19398836790364918,3,False,Japanese Grand Prix,japanese_grand_prix,2018,2018-10-07,98.81828260869564,46,Closing,0.8509999999999991,False,False,False,False
HAR,Toro Rosso,51,0 days 00:01:36.982000,0 days 00:00:34.606000,0 days 00:00:43.436000,0 days 00:00:18.940000,Soft,23,2,,,1,True,0 days 01:44:55.314000,96.982,34.606,43.436,18.94,6295.314,6293.918,27.8,52.0,1008.2,False,34.5,298,2.5,False,True,False,FORMULA 1 2018 HONDA JAPANESE GRAND PRIX,Suzuka,Japan,,,Permanent,,,0.35682910230764475,0.4478769256150626,0.1952939720772927,3,False,Japanese Grand Prix,japanese_grand_prix,2018,2018-10-07,98.43775,24,Closing,2.125,False,False,False,False
ALO,McLaren,51,0 days 00:01:36.867000,0 days 00:00:34.890000,0 days 00:00:43.083000,0 days 00:00:18.894000,Medium,25,2,,,1,True,0 days 01:44:55.725000,96.867,34.89,43.083,18.894,6295.725,6293.918,27.8,52.0,1008.2,False,34.5,298,2.5,False,True,False,FORMULA 1 2018 HONDA JAPANESE GRAND PRIX,Suzuka,Japan,,,Permanent,,,0.36018458298491746,0.4447644708724333,0.19505094614264917,3,False,Japanese Grand Prix,japanese_grand_prix,2018,2018-10-07,98.23603846153847,26,Closing,2.9240000000000066,False,False,False,False
VAN,McLaren,51,0 days 00:01:36.784000,0 days 00:00:34.627000,0 days 00:00:43.416000,0 days 00:00:18.741000,Medium,28,2,,,1,True,0 days 01:44:57.035000,96.784,34.627,43.416,18.741,6297.035,6293.918,27.8,52.0,1008.2,False,34.5,298,2.5,False,True,False,FORMULA 1 2018 HONDA JAPANESE GRAND PRIX,Suzuka,Japan,,,Permanent,,,0.35777607869069267,0.44858654323028596,0.19363737807902132,3,False,Japanese Grand Prix,japanese_grand_prix,2018,2018-10-07,97.85772413793103,29,Closing,1.76100000000001,False,False,False,False
RAI,Ferrari,52,0 days 00:01:36.954000,0 days 00:00:34.694000,0 days 00:00:43.353000,0 days 00:00:18.907000,Medium,35,2,,,1,True,0 days 01:45:01.701000,96.954,34.694,43.353,18.907,6301.701,6293.918,27.8,52.0,1008.2,False,34.5,298,2.5,False,True,False,FORMULA 1 2018 HONDA JAPANESE GRAND PRIX,Suzuka,Japan,,,Permanent,,,0.3578398003176765,0.4471501949378056,0.19501000474451805,3,False,Japanese Grand Prix,japanese_grand_prix,2018,2018-10-07,96.2568611111111,36,Closing,2.7309999999999945,False,False,False,False
SIR,Williams,51,0 days 00:01:36.754000,0 days 00:00:35.344000,0 days 00:00:42.837000,0 days 00:00:18.573000,SUPERSOFT,13,3,,,1,True,0 days 01:45:02.049000,96.754,35.344,42.837,18.573,6302.049,6293.918,27.8,52.0,1008.2,False,34.5,298,2.5,False,True,False,FORMULA 1 2018 HONDA JAPANESE GRAND PRIX,Suzuka,Japan,,,Permanent,,,0.36529755875726067,0.44274138536908036,0.19196105587365897,3,False,Japanese Grand Prix,japanese_grand_prix,2018,2018-10-07,97.92728571428572,14,Closing,2.7690000000000055,False,False,False,False
STR,Williams,51,0 days 00:01:34.514000,0 days 00:00:33.541000,0 days 00:00:42.587000,0 days 00:00:18.386000,SUPERSOFT,12,3,,,1,True,0 days 01:45:05.024000,94.514,33.541,42.587,18.386,6305.024,6293.918,27.8,52.0,1008.2,False,34.5,298,2.5,False,True,False,FORMULA 1 2018 HONDA JAPANESE GRAND PRIX,Suzuka,Japan,,,Permanent,,,0.35487864231754024,0.45058933068116896,0.19453202700129082,3,False,Japanese Grand Prix,japanese_grand_prix,2018,2018-10-07,98.0326923076923,13,Closing,1.1599999999999966,False,False,False,False
VET,Ferrari,52,0 days 00:01:32.670000,0 days 00:00:33.120000,0 days 00:00:41.464000,0 days 00:00:18.086000,Soft,26,2,,,1,True,0 days 01:45:26.664000,92.67,33.12,41.464,18.086,6326.664,6353.932,27.9,51.8,1008.3,False,34.5,287,1.7,False,True,False,FORMULA 1 2018 HONDA JAPANESE GRAND PRIX,Suzuka,Japan,,,Permanent,,,0.3573972159274846,0.44743714254882916,0.19516564152368618,3,False,Japanese Grand Prix,japanese_grand_prix,2018,2018-10-07,95.86337037037038,27,Closing,0.35200000000000387,False,False,False,False
PER,Racing Point,52,0 days 00:01:34.346000,0 days 00:00:33.789000,0 days 00:00:42.357000,0 days 00:00:18.200000,Soft,28,2,,,1,True,0 days 01:45:33.925000,94.346,33.789,42.357,18.2,6333.925,6353.932,27.9,51.8,1008.3,False,34.5,287,1.7,False,True,False,FORMULA 1 2018 HONDA JAPANESE GRAND PRIX,Suzuka,Japan,,,Permanent,,,0.35813918979077014,0.44895385071969135,0.19290695948953848,3,False,Japanese Grand Prix,japanese_grand_prix,2018,2018-10-07,96.43148275862069,29,Closing,0.27300000000001035,False,False,False,False
GRO,Haas F1 Team,52,0 days 00:01:34.867000,0 days 00:00:33.594000,0 days 00:00:42.665000,0 days 00:00:18.608000,Medium,23,2,,,1,True,0 days 01:45:41.105000,94.867,33.594,42.665,18.608,6341.105,6353.932,27.9,51.8,1008.3,False,34.5,287,1.7,False,True,False,FORMULA 1 2018 HONDA JAPANESE GRAND PRIX,Suzuka,Japan,,,Permanent,,,0.35411681617422286,0.4497348920067041,0.196148291819073,3,False,Japanese Grand Prix,japanese_grand_prix,2018,2018-10-07,96.88091666666666,24,Closing,0.08100000000000307,False,False,False,False
OCO,Racing Point,52,0 days 00:01:34.728000,0 days 00:00:33.837000,0 days 00:00:42.454000,0 days 00:00:18.437000,Medium,26,2,,,1,True,0 days 01:45:41.908000,94.728,33.837,42.454,18.437,6341.908,6353.932,27.9,51.8,1008.3,False,34.5,287,1.7,False,True,False,FORMULA 1 2018 HONDA JAPANESE GRAND PRIX,Suzuka,Japan,,,Permanent,,,0.35720167215606796,0.44816738451144333,0.19463094333248884,3,False,Japanese Grand Prix,japanese_grand_prix,2018,2018-10-07,96.66451851851852,27,Closing,0.057999999999992724,False,False,False,False
HAM,Mercedes,53,0 days 00:01:33.934000,0 days 00:00:33.354000,0 days 00:00:42.127000,0 days 00:00:18.453000,Medium,29,2,,,1,True,0 days 01:45:49.109000,93.934,33.354,42.127,18.453,6349.109,6353.932,27.9,51.8,1008.3,False,34.5,287,1.7,False,True,False,FORMULA 1 2018 HONDA JAPANESE GRAND PRIX,Suzuka,Japan,,,Permanent,,,0.3550790980901484,0.4484744607916197,0.19644644111823195,3,False,Japanese Grand Prix,japanese_grand_prix,2018,2018-10-07,95.38982758620689,29,Closing,1.149000000000001,False,False,False,False
SAI,Renault,52,0 days 00:01:35.075000,0 days 00:00:33.794000,0 days 00:00:42.692000,0 days 00:00:18.589000,Medium,20,2,,,1,True,0 days 01:45:58.151000,95.075,33.794,42.692,18.589,6358.151,6353.932,27.9,51.8,1008.3,False,34.5,287,1.7,False,True,False,FORMULA 1 2018 HONDA JAPANESE GRAND PRIX,Suzuka,Japan,,,Permanent,,,0.3554457007625558,0.4490349723902182,0.19551932684722587,3,False,Japanese Grand Prix,japanese_grand_prix,2018,2018-10-07,97.29735,20,Closing,0.8780000000000001,False,False,False,False
BOT,Mercedes,53,0 days 00:01:33.437000,0 days 00:00:33.416000,0 days 00:00:41.952000,0 days 00:00:18.069000,Medium,30,2,,,1,True,0 days 01:46:02.028000,93.437,33.416,41.952,18.069,6362.028,6353.932,27.9,51.8,1008.3,False,34.5,287,1.7,False,True,False,FORMULA 1 2018 HONDA JAPANESE GRAND PRIX,Suzuka,Japan,,,Permanent,,,0.35763134518445583,0.4489870179907317,0.19338163682481244,3,False,Japanese Grand Prix,japanese_grand_prix,2018,2018-10-07,95.5993,30,Closing,0.3269999999999982,False,False,False,False
VER,Red Bull Racing,53,0 days 00:01:33.863000,0 days 00:00:33.433000,0 days 00:00:42.286000,0 days 00:00:18.144000,Soft,32,2,,,1,True,0 days 01:46:03.404000,93.863,33.433,42.286,18.144,6363.404,6353.932,27.9,51.8,1008.3,False,34.5,287,1.7,False,True,False,FORMULA 1 2018 HONDA JAPANESE GRAND PRIX,Suzuka,Japan,,,Permanent,,,0.3561893397824489,0.4505076547734464,0.1933030054441047,3,False,Japanese Grand Prix,japanese_grand_prix,2018,2018-10-07,95.4254375,32,Closing,0.4959999999999951,False,False,False,False
RIC,Red Bull Racing,53,0 days 00:01:34.619000,0 days 00:00:33.625000,0 days 00:00:42.761000,0 days 00:00:18.233000,Medium,30,2,,,1,True,0 days 01:46:08.604000,94.619,33.625,42.761,18.233,6368.604,6353.932,27.9,51.8,1008.3,False,34.5,287,1.7,False,True,False,FORMULA 1 2018 HONDA JAPANESE GRAND PRIX,Suzuka,Japan,,,Permanent,,,0.35537259958359313,0.451928259651867,0.1926991407645399,3,False,Japanese Grand Prix,japanese_grand_prix,2018,2018-10-07,95.42473333333334,30,Closing,1.4320000000000022,False,False,False,False
GAS,Toro Rosso,52,0 days 00:01:39.236000,0 days 00:00:34.806000,0 days 00:00:45.059000,0 days 00:00:19.371000,Soft,23,2,,,1,True,0 days 01:46:11.002000,99.236,34.806,45.059,19.371,6371.002,6353.932,27.9,51.8,1008.3,False,34.5,287,1.7,False,True,False,FORMULA 1 2018 HONDA JAPANESE GRAND PRIX,Suzuka,Japan,,,Permanent,,,0.3507396509331291,0.45405901084283923,0.19520133822403157,3,False,Japanese Grand Prix,japanese_grand_prix,2018,2018-10-07,97.88647826086957,23,Closing,5.103000000000009,False,False,False,False
ERI,Sauber,52,0 days 00:01:37.500000,0 days 00:00:34.900000,0 days 00:00:43.767000,0 days 00:00:18.833000,Medium,47,2,,,1,True,0 days 01:46:32.321000,97.5,34.9,43.767,18.833,6392.321,6413.945,27.9,52.0,1008.3,False,34.5,316,1.0,False,True,False,FORMULA 1 2018 HONDA JAPANESE GRAND PRIX,Suzuka,Japan,,,Permanent,,,0.3579487179487179,0.4488923076923077,0.19315897435897433,3,False,Japanese Grand Prix,japanese_grand_prix,2018,2018-10-07,98.81828260869564,46,Closing,1.206000000000003,False,False,False,False
HAR,Toro Rosso,52,0 days 00:01:37.537000,0 days 00:00:35.010000,0 days 00:00:43.520000,0 days 00:00:19.007000,Soft,24,2,,,1,True,0 days 01:46:32.851000,97.537,35.01,43.52,19.007,6392.851,6413.945,27.9,52.0,1008.3,False,34.5,316,1.0,False,True,False,FORMULA 1 2018 HONDA JAPANESE GRAND PRIX,Suzuka,Japan,,,Permanent,,,0.35894070967940367,0.4461896511067595,0.1948696392138368,3,False,Japanese Grand Prix,japanese_grand_prix,2018,2018-10-07,98.43775,24,Closing,2.680000000000007,False,False,False,False
ALO,McLaren,52,0 days 00:01:37.460000,0 days 00:00:35.366000,0 days 00:00:43.179000,0 days 00:00:18.915000,Medium,26,2,,,1,True,0 days 01:46:33.185000,97.46,35.366,43.179,18.915,6393.185,6413.945,27.9,52.0,1008.3,False,34.5,316,1.0,False,True,False,FORMULA 1 2018 HONDA JAPANESE GRAND PRIX,Suzuka,Japan,,,Permanent,,,0.36287707777549766,0.4430432998153089,0.19407962240919352,3,False,Japanese Grand Prix,japanese_grand_prix,2018,2018-10-07,98.23603846153847,26,Closing,3.516999999999996,False,False,False,False
VAN,McLaren,52,0 days 00:01:36.978000,0 days 00:00:34.820000,0 days 00:00:43.486000,0 days 00:00:18.672000,Medium,29,2,,,1,True,0 days 01:46:34.013000,96.978,34.82,43.486,18.672,6394.013,6413.945,27.9,52.0,1008.3,False,34.5,316,1.0,False,True,False,FORMULA 1 2018 HONDA JAPANESE GRAND PRIX,Suzuka,Japan,,,Permanent,,,0.35905050630039803,0.4484109798098538,0.19253851388974821,3,False,Japanese Grand Prix,japanese_grand_prix,2018,2018-10-07,97.85772413793103,29,Closing,1.9549999999999983,False,False,False,False
SIR,Williams,52,0 days 00:01:34.355000,0 days 00:00:33.357000,0 days 00:00:42.485000,0 days 00:00:18.513000,SUPERSOFT,14,3,,,1,True,0 days 01:46:36.404000,94.355,33.357,42.485,18.513,6396.404,6413.945,27.9,52.0,1008.3,False,34.5,316,1.0,False,True,False,FORMULA 1 2018 HONDA JAPANESE GRAND PRIX,Suzuka,Japan,,,Permanent,,,0.35352657516824754,0.45026760638016,0.1962058184515924,3,False,Japanese Grand Prix,japanese_grand_prix,2018,2018-10-07,97.92728571428572,14,Closing,0.37000000000000455,False,False,False,False
RAI,Ferrari,53,0 days 00:01:38.406000,0 days 00:00:35.936000,0 days 00:00:43.586000,0 days 00:00:18.884000,Medium,36,2,,,1,True,0 days 01:46:40.107000,98.406,35.936,43.586,18.884,6400.107,6413.945,27.9,52.0,1008.3,False,34.5,316,1.0,False,True,False,FORMULA 1 2018 HONDA JAPANESE GRAND PRIX,Suzuka,Japan,,,Permanent,,,0.36518098489929474,0.4429201471454992,0.19189886795520597,3,False,Japanese Grand Prix,japanese_grand_prix,2018,2018-10-07,96.2568611111111,36,Closing,4.183000000000007,False,False,False,False
STR,Williams,52,0 days 00:01:36.070000,0 days 00:00:34.087000,0 days 00:00:42.920000,0 days 00:00:19.063000,SUPERSOFT,13,3,,,1,True,0 days 01:46:41.094000,96.07,34.087,42.92,19.063,6401.094,6413.945,27.9,52.0,1008.3,False,34.5,316,1.0,False,True,False,FORMULA 1 2018 HONDA JAPANESE GRAND PRIX,Suzuka,Japan,,,Permanent,,,0.3548141979806392,0.4467575726033101,0.1984282294160508,3,False,Japanese Grand Prix,japanese_grand_prix,2018,2018-10-07,98.0326923076923,13,Closing,2.715999999999994,False,False,False,False
VET,Ferrari,53,0 days 00:01:32.318000,0 days 00:00:32.959000,0 days 00:00:41.339000,0 days 00:00:18.020000,Soft,27,2,,,1,True,0 days 01:46:58.982000,92.318,32.959,41.339,18.02,6418.982,6413.945,27.9,52.0,1008.3,False,34.5,316,1.0,False,True,False,FORMULA 1 2018 HONDA JAPANESE GRAND PRIX,Suzuka,Japan,,,Permanent,,,0.3570159665504019,0.4477891635434043,0.1951948699061938,3,False,Japanese Grand Prix,japanese_grand_prix,2018,2018-10-07,95.86337037037038,27,Closing,0.0,False,False,False,False
PER,Racing Point,53,0 days 00:01:34.563000,0 days 00:00:33.764000,0 days 00:00:42.515000,0 days 00:00:18.284000,Soft,29,2,,,1,True,0 days 01:47:08.488000,94.563,33.764,42.515,18.284,6428.488,6413.945,27.9,52.0,1008.3,False,34.5,316,1.0,False,True,False,FORMULA 1 2018 HONDA JAPANESE GRAND PRIX,Suzuka,Japan,,,Permanent,,,0.3570529699776869,0.4495944502606728,0.19335257976164036,3,False,Japanese Grand Prix,japanese_grand_prix,2018,2018-10-07,96.43148275862069,29,Closing,0.4900000000000091,False,False,False,False
GRO,Haas F1 Team,53,0 days 00:01:35.202000,0 days 00:00:33.630000,0 days 00:00:42.805000,0 days 00:00:18.767000,Medium,24,2,,,1,True,0 days 01:47:16.307000,95.202,33.63,42.805,18.767,6436.307,6413.945,27.9,52.0,1008.3,False,34.5,316,1.0,False,True,False,FORMULA 1 2018 HONDA JAPANESE GRAND PRIX,Suzuka,Japan,,,Permanent,,,0.3532488813260226,0.449622907081784,0.19712821159219343,3,False,Japanese Grand Prix,japanese_grand_prix,2018,2018-10-07,96.88091666666666,24,Closing,0.4159999999999968,False,False,False,False
OCO,Racing Point,53,0 days 00:01:35.256000,0 days 00:00:33.898000,0 days 00:00:42.662000,0 days 00:00:18.696000,Medium,27,2,,,1,True,0 days 01:47:17.164000,95.256,33.898,42.662,18.696,6437.164,6413.945,27.9,52.0,1008.3,False,34.5,316,1.0,False,True,False,FORMULA 1 2018 HONDA JAPANESE GRAND PRIX,Suzuka,Japan,,,Permanent,,,0.35586209792559004,0.4478668010414042,0.19627110103300582,3,False,Japanese Grand Prix,japanese_grand_prix,2018,2018-10-07,96.66451851851852,27,Closing,0.5859999999999985,False,False,False,False
