Driver,Team,LapNumber,LapTime,Sector1Time,Sector2Time,Sector3Time,Compound,TyreLife,Stint,PitInTime,PitOutTime,TrackStatus,IsAccurate,Time,LapTimeSeconds,Sector1TimeSeconds,Sector2TimeSeconds,Sector3TimeSeconds,LapStartTime,WeatherTime,AirTemp,Humidity,Pressure,Rainfall,TrackTemp,WindDirection,WindSpeed,IsWetLap,IsDryLap,IsWetRace,CircuitName,CircuitShort,CircuitCountry,TrackLengthKM,AltitudeM,CircuitType,PitLap,PitDuration,Sector1Pct,Sector2Pct,Sector3Pct,BestSector,IsValidLap,GrandPrix,GP_Slug,SeasonYear,EventDate,AvgLapTime,StintLength,StintType,DeltaToFastestLap,IsSC,IsVSC,IsRedFlag,IsDNF
VET,Ferrari,2,0 days 00:01:38.417000,0 days 00:00:26.169000,0 days 00:00:29.468000,0 days 00:00:42.780000,nan,0,0,,,,False,0 days 00:10:54.870000,98.417,26.169,29.468,42.78,654.87,632.897,19.8,23.4,1018.4,False,38.3,109,1.4,False,True,False,FORMULA 1 2018 HEINEKEN CHINESE GRAND PRIX,Shanghai,China,,,Permanent,,,0.2658991840840505,0.29941981568225,0.4346810002336995,1,False,Chinese Grand Prix,chinese_grand_prix,2018,2018-04-15,98.417,1,Mid,0.9380000000000024,False,False,False,True
BOT,Mercedes,2,0 days 00:01:39.357000,0 days 00:00:26.323000,0 days 00:00:29.919000,0 days 00:00:43.115000,Soft,4,1,,,,False,0 days 00:10:56.890000,99.357,26.323,29.919,43.115,656.89,632.897,19.8,23.4,1018.4,False,38.3,109,1.4,False,True,False,FORMULA 1 2018 HEINEKEN CHINESE GRAND PRIX,Shanghai,China,,,Permanent,,,0.26493352254999647,0.3011262417343519,0.43394023571565166,1,False,Chinese Grand Prix,chinese_grand_prix,2018,2018-04-15,101.08895454545454,44,Opening,2.3700000000000045,False,False,False,True
VER,Red Bull Racing,2,0 days 00:01:39.367000,0 days 00:00:26.431000,0 days 00:00:29.770000,0 days 00:00:43.166000,ULTRASOFT,4,1,,,,False,0 days 00:10:58.054000,99.367,26.431,29.77,43.166,658.054,632.897,19.8,23.4,1018.4,False,38.3,109,1.4,False,True,False,FORMULA 1 2018 HEINEKEN CHINESE GRAND PRIX,Shanghai,China,,,Permanent,,,0.2659937403765838,0.2995964455000151,0.4344098141234011,1,False,Chinese Grand Prix,chinese_grand_prix,2018,2018-04-15,101.39367441860465,43,Opening,3.1610000000000014,False,False,False,True
RAI,Ferrari,2,0 days 00:01:39.580000,0 days 00:00:26.522000,0 days 00:00:30.003000,0 days 00:00:43.055000,Soft,4,1,,,,False,0 days 00:10:59.316000,99.58,26.522,30.003,43.055,659.316,632.897,19.8,23.4,1018.4,False,38.3,109,1.4,False,True,False,FORMULA 1 2018 HEINEKEN CHINESE GRAND PRIX,Shanghai,China,,,Permanent,,,0.26633862221329585,0.3012954408515766,0.43236593693512754,1,False,Chinese Grand Prix,chinese_grand_prix,2018,2018-04-15,102.48924444444444,45,Opening,3.1239999999999952,False,False,False,True
HAM,Mercedes,2,0 days 00:01:39.660000,0 days 00:00:26.390000,0 days 00:00:30.157000,0 days 00:00:43.113000,Soft,4,1,,,,False,0 days 00:11:00.148000,99.66,26.39,30.157,43.113,660.148,632.897,19.8,23.4,1018.4,False,38.3,109,1.4,False,True,False,FORMULA 1 2018 HEINEKEN CHINESE GRAND PRIX,Shanghai,China,,,Permanent,,,0.2648003210917118,0.30259883604254467,0.4326008428657435,1,False,Chinese Grand Prix,chinese_grand_prix,2018,2018-04-15,101.40695348837208,43,Opening,2.7819999999999965,False,False,False,True
RIC,Red Bull Racing,2,0 days 00:01:40.480000,0 days 00:00:26.789000,0 days 00:00:30.247000,0 days 00:00:43.444000,ULTRASOFT,4,1,,,,False,0 days 00:11:01.580000,100.48,26.789,30.247,43.444,661.58,632.897,19.8,23.4,1018.4,False,38.3,109,1.4,False,True,False,FORMULA 1 2018 HEINEKEN CHINESE GRAND PRIX,Shanghai,China,,,Permanent,,,0.2666102707006369,0.30102507961783437,0.43236464968152866,1,False,Chinese Grand Prix,chinese_grand_prix,2018,2018-04-15,101.17729545454546,44,Opening,4.695000000000007,False,False,False,True
HUL,Renault,2,0 days 00:01:40.964000,0 days 00:00:26.914000,0 days 00:00:30.533000,0 days 00:00:43.517000,ULTRASOFT,4,1,,,,False,0 days 00:11:02.817000,100.964,26.914,30.533,43.517,662.817,632.897,19.8,23.4,1018.4,False,38.3,109,1.4,False,True,False,FORMULA 1 2018 HEINEKEN CHINESE GRAND PRIX,Shanghai,China,,,Permanent,,,0.26657026266788164,0.30241472207915693,0.4310150152529615,1,False,Chinese Grand Prix,chinese_grand_prix,2018,2018-04-15,102.89104545454546,44,Opening,4.082999999999998,False,False,False,True
SAI,Renault,2,0 days 00:01:41.594000,0 days 00:00:27.102000,0 days 00:00:30.876000,0 days 00:00:43.616000,ULTRASOFT,4,1,,,,False,0 days 00:11:03.858000,101.594,27.102,30.876,43.616,663.858,692.921,19.6,23.5,1018.4,False,38.2,96,1.7,False,True,False,FORMULA 1 2018 HEINEKEN CHINESE GRAND PRIX,Shanghai,China,,,Permanent,,,0.26676772250329744,0.3039155855660768,0.4293166919306258,1,False,Chinese Grand Prix,chinese_grand_prix,2018,2018-04-15,103.05313636363636,44,Opening,3.839999999999989,False,False,False,True
GRO,Haas F1 Team,2,0 days 00:01:42.127000,0 days 00:00:27.081000,0 days 00:00:30.928000,0 days 00:00:44.118000,ULTRASOFT,4,1,,,,False,0 days 00:11:04.935000,102.127,27.081,30.928,44.118,664.935,692.921,19.6,23.5,1018.4,False,38.2,96,1.7,False,True,False,FORMULA 1 2018 HEINEKEN CHINESE GRAND PRIX,Shanghai,China,,,Permanent,,,0.2651698375552009,0.302838622499437,0.4319915399453622,1,False,Chinese Grand Prix,chinese_grand_prix,2018,2018-04-15,104.38857777777777,45,Opening,4.716999999999999,False,False,False,True
MAG,Haas F1 Team,2,0 days 00:01:42.220000,0 days 00:00:27.151000,0 days 00:00:31.108000,0 days 00:00:43.961000,Soft,5,1,,,,False,0 days 00:11:05.686000,102.22,27.151,31.108,43.961,665.686,692.921,19.6,23.5,1018.4,False,38.2,96,1.7,False,True,False,FORMULA 1 2018 HEINEKEN CHINESE GRAND PRIX,Shanghai,China,,,Permanent,,,0.26561338289962827,0.3043240070436314,0.43006261005674035,1,False,Chinese Grand Prix,chinese_grand_prix,2018,2018-04-15,104.04457777777779,45,Opening,4.067999999999998,False,False,False,True
ALO,McLaren,2,0 days 00:01:42.614000,0 days 00:00:27.255000,0 days 00:00:31.066000,0 days 00:00:44.293000,Soft,1,1,,,,False,0 days 00:11:06.879000,102.614,27.255,31.066,44.293,666.879,692.921,19.6,23.5,1018.4,False,38.2,96,1.7,False,True,False,FORMULA 1 2018 HEINEKEN CHINESE GRAND PRIX,Shanghai,China,,,Permanent,,,0.26560703217884496,0.3027462139669051,0.4316467538542499,1,False,Chinese Grand Prix,chinese_grand_prix,2018,2018-04-15,103.92247826086957,46,Opening,5.38000000000001,False,False,False,True
STR,Williams,2,0 days 00:01:42.471000,0 days 00:00:27.272000,0 days 00:00:30.956000,0 days 00:00:44.243000,Soft,1,1,,,,False,0 days 00:11:07.592000,102.471,27.272,30.956,44.243,667.592,692.921,19.6,23.5,1018.4,False,38.2,96,1.7,False,True,False,FORMULA 1 2018 HEINEKEN CHINESE GRAND PRIX,Shanghai,China,,,Permanent,,,0.26614359184549774,0.3020952269422568,0.43176118121224544,1,False,Chinese Grand Prix,chinese_grand_prix,2018,2018-04-15,104.3311111111111,45,Opening,3.9710000000000036,False,False,False,True
OCO,Force India,2,0 days 00:01:42.285000,0 days 00:00:27.023000,0 days 00:00:31.193000,0 days 00:00:44.069000,Soft,1,1,,,,False,0 days 00:11:08.131000,102.285,27.023,31.193,44.069,668.131,692.921,19.6,23.5,1018.4,False,38.2,96,1.7,False,True,False,FORMULA 1 2018 HEINEKEN CHINESE GRAND PRIX,Shanghai,China,,,Permanent,,,0.2641931857066041,0.304961626827003,0.43084518746639294,1,False,Chinese Grand Prix,chinese_grand_prix,2018,2018-04-15,104.14320000000001,45,Opening,4.299999999999997,False,False,False,True
PER,Force India,2,0 days 00:01:42.503000,0 days 00:00:27.098000,0 days 00:00:31.503000,0 days 00:00:43.902000,ULTRASOFT,4,1,,,,False,0 days 00:11:08.710000,102.503,27.098,31.503,43.902,668.71,692.921,19.6,23.5,1018.4,False,38.2,96,1.7,False,True,False,FORMULA 1 2018 HEINEKEN CHINESE GRAND PRIX,Shanghai,China,,,Permanent,,,0.2643629942538267,0.30733734622401293,0.4282996595221603,1,False,Chinese Grand Prix,chinese_grand_prix,2018,2018-04-15,104.14991111111111,45,Opening,4.829999999999998,False,False,False,True
SIR,Williams,2,0 days 00:01:42.776000,0 days 00:00:27.208000,0 days 00:00:31.140000,0 days 00:00:44.428000,Soft,1,1,,,,False,0 days 00:11:09.678000,102.776,27.208,31.14,44.428,669.678,692.921,19.6,23.5,1018.4,False,38.2,96,1.7,False,True,False,FORMULA 1 2018 HEINEKEN CHINESE GRAND PRIX,Shanghai,China,,,Permanent,,,0.2647310656184323,0.3029890246750214,0.4322799097065463,1,False,Chinese Grand Prix,chinese_grand_prix,2018,2018-04-15,104.34546666666667,45,Opening,4.152000000000001,False,False,False,True
VAN,McLaren,2,0 days 00:01:42.970000,0 days 00:00:27.385000,0 days 00:00:31.263000,0 days 00:00:44.322000,Soft,1,1,,,,False,0 days 00:11:10.126000,102.97,27.385,31.263,44.322,670.126,692.921,19.6,23.5,1018.4,False,38.2,96,1.7,False,True,False,FORMULA 1 2018 HEINEKEN CHINESE GRAND PRIX,Shanghai,China,,,Permanent,,,0.26595124793629216,0.3036127027289502,0.4304360493347577,1,False,Chinese Grand Prix,chinese_grand_prix,2018,2018-04-15,104.21526666666666,45,Opening,4.832999999999998,False,False,False,True
LEC,Sauber,2,0 days 00:01:43.172000,0 days 00:00:27.124000,0 days 00:00:31.578000,0 days 00:00:44.470000,Soft,1,1,,,,False,0 days 00:11:10.944000,103.172,27.124,31.578,44.47,670.944,692.921,19.6,23.5,1018.4,False,38.2,96,1.7,False,True,False,FORMULA 1 2018 HEINEKEN CHINESE GRAND PRIX,Shanghai,China,,,Permanent,,,0.2629007870352421,0.3060714147249254,0.4310277982398325,1,False,Chinese Grand Prix,chinese_grand_prix,2018,2018-04-15,102.08430232558139,43,Opening,4.36399999999999,False,False,False,True
HAR,Toro Rosso,2,0 days 00:01:43.976000,0 days 00:00:27.670000,0 days 00:00:31.854000,0 days 00:00:44.452000,ULTRASOFT,1,1,,,,False,0 days 00:11:11.641000,103.976,27.67,31.854,44.452,671.641,692.921,19.6,23.5,1018.4,False,38.2,96,1.7,False,True,False,FORMULA 1 2018 HEINEKEN CHINESE GRAND PRIX,Shanghai,China,,,Permanent,,,0.26611910440870973,0.3063591598061091,0.42752173578518116,1,False,Chinese Grand Prix,chinese_grand_prix,2018,2018-04-15,102.14634883720929,43,Opening,4.599999999999994,False,False,False,True
GAS,Toro Rosso,2,0 days 00:01:43.991000,0 days 00:00:27.890000,0 days 00:00:31.550000,0 days 00:00:44.551000,Medium,1,1,,,,False,0 days 00:11:12.258000,103.991,27.89,31.55,44.551,672.258,692.921,19.6,23.5,1018.4,False,38.2,96,1.7,False,True,False,FORMULA 1 2018 HEINEKEN CHINESE GRAND PRIX,Shanghai,China,,,Permanent,,,0.2681962862170765,0.30339163966112453,0.42841207412179905,1,False,Chinese Grand Prix,chinese_grand_prix,2018,2018-04-15,102.94286363636364,44,Opening,5.623999999999995,False,False,False,True
ERI,Sauber,2,0 days 00:01:43.963000,0 days 00:00:27.364000,0 days 00:00:31.816000,0 days 00:00:44.783000,Soft,1,1,,,,False,0 days 00:11:12.931000,103.963,27.364,31.816,44.783,672.931,692.921,19.6,23.5,1018.4,False,38.2,96,1.7,False,True,False,FORMULA 1 2018 HEINEKEN CHINESE GRAND PRIX,Shanghai,China,,,Permanent,,,0.2632090262881987,0.306031953675827,0.4307590200359744,1,False,Chinese Grand Prix,chinese_grand_prix,2018,2018-04-15,102.02637209302326,43,Opening,5.576999999999998,False,False,False,True
VET,Ferrari,3,0 days 00:01:38.472000,0 days 00:00:26.272000,0 days 00:00:29.507000,0 days 00:00:42.693000,Soft,4,1,,,,False,0 days 00:12:33.342000,98.472,26.272,29.507,42.693,753.342,752.926,19.7,23.1,1018.4,False,38.0,226,2.4,False,True,False,FORMULA 1 2018 HEINEKEN CHINESE GRAND PRIX,Shanghai,China,,,Permanent,,,0.2667966528556341,0.2996486310829475,0.4335547160614185,1,False,Chinese Grand Prix,chinese_grand_prix,2018,2018-04-15,101.62033333333333,42,Opening,0.992999999999995,False,False,False,True
BOT,Mercedes,3,0 days 00:01:39.074000,0 days 00:00:26.438000,0 days 00:00:29.795000,0 days 00:00:42.841000,Soft,5,1,,,,False,0 days 00:12:35.964000,99.074,26.438,29.795,42.841,755.964,752.926,19.7,23.1,1018.4,False,38.0,226,2.4,False,True,False,FORMULA 1 2018 HEINEKEN CHINESE GRAND PRIX,Shanghai,China,,,Permanent,,,0.26685104063629206,0.30073480428770416,0.43241415507600384,1,False,Chinese Grand Prix,chinese_grand_prix,2018,2018-04-15,101.08895454545454,44,Opening,2.0870000000000033,False,False,False,True
VER,Red Bull Racing,3,0 days 00:01:39.319000,0 days 00:00:26.578000,0 days 00:00:29.795000,0 days 00:00:42.946000,ULTRASOFT,5,1,,,,False,0 days 00:12:37.373000,99.319,26.578,29.795,42.946,757.373,752.926,19.7,23.1,1018.4,False,38.0,226,2.4,False,True,False,FORMULA 1 2018 HEINEKEN CHINESE GRAND PRIX,Shanghai,China,,,Permanent,,,0.26760237215437127,0.2999929520031414,0.4324046758424873,1,False,Chinese Grand Prix,chinese_grand_prix,2018,2018-04-15,101.39367441860465,43,Opening,3.1129999999999995,False,False,False,True
RAI,Ferrari,3,0 days 00:01:39.219000,0 days 00:00:26.341000,0 days 00:00:29.964000,0 days 00:00:42.914000,Soft,5,1,,,,False,0 days 00:12:38.535000,99.219,26.341,29.964,42.914,758.535,752.926,19.7,23.1,1018.4,False,38.0,226,2.4,False,True,False,FORMULA 1 2018 HEINEKEN CHINESE GRAND PRIX,Shanghai,China,,,Permanent,,,0.26548342555357346,0.3019986091373628,0.43251796530906383,1,False,Chinese Grand Prix,chinese_grand_prix,2018,2018-04-15,102.48924444444444,45,Opening,2.762999999999991,False,False,False,True
HAM,Mercedes,3,0 days 00:01:39.553000,0 days 00:00:26.397000,0 days 00:00:30.136000,0 days 00:00:43.020000,Soft,5,1,,,,False,0 days 00:12:39.701000,99.553,26.397,30.136,43.02,759.701,752.926,19.7,23.1,1018.4,False,38.0,226,2.4,False,True,False,FORMULA 1 2018 HEINEKEN CHINESE GRAND PRIX,Shanghai,China,,,Permanent,,,0.2651552439404136,0.3027131276807329,0.4321316283788535,1,False,Chinese Grand Prix,chinese_grand_prix,2018,2018-04-15,101.40695348837208,43,Opening,2.674999999999997,False,False,False,True
RIC,Red Bull Racing,3,0 days 00:01:40.059000,0 days 00:00:26.645000,0 days 00:00:30.241000,0 days 00:00:43.173000,ULTRASOFT,5,1,,,,False,0 days 00:12:41.639000,100.059,26.645,30.241,43.173,761.639,752.926,19.7,23.1,1018.4,False,38.0,226,2.4,False,True,False,FORMULA 1 2018 HEINEKEN CHINESE GRAND PRIX,Shanghai,China,,,Permanent,,,0.26629288719655403,0.30223168330684896,0.43147542949659706,1,False,Chinese Grand Prix,chinese_grand_prix,2018,2018-04-15,101.17729545454546,44,Opening,4.274000000000001,False,False,False,True
HUL,Renault,3,0 days 00:01:40.611000,0 days 00:00:26.945000,0 days 00:00:30.356000,0 days 00:00:43.310000,ULTRASOFT,5,1,,,,False,0 days 00:12:43.428000,100.611,26.945,30.356,43.31,763.428,752.926,19.7,23.1,1018.4,False,38.0,226,2.4,False,True,False,FORMULA 1 2018 HEINEKEN CHINESE GRAND PRIX,Shanghai,China,,,Permanent,,,0.2678136585462822,0.30171651211100176,0.430469829342716,1,False,Chinese Grand Prix,chinese_grand_prix,2018,2018-04-15,102.89104545454546,44,Opening,3.730000000000004,False,False,False,True
SAI,Renault,3,0 days 00:01:40.866000,0 days 00:00:26.934000,0 days 00:00:30.439000,0 days 00:00:43.493000,ULTRASOFT,5,1,,,,False,0 days 00:12:44.724000,100.866,26.934,30.439,43.493,764.724,752.926,19.7,23.1,1018.4,False,38.0,226,2.4,False,True,False,FORMULA 1 2018 HEINEKEN CHINESE GRAND PRIX,Shanghai,China,,,Permanent,,,0.26702754149069063,0.30177661451827176,0.43119584399103766,1,False,Chinese Grand Prix,chinese_grand_prix,2018,2018-04-15,103.05313636363636,44,Opening,3.1119999999999948,False,False,False,True
GRO,Haas F1 Team,3,0 days 00:01:40.893000,0 days 00:00:27.012000,0 days 00:00:30.333000,0 days 00:00:43.548000,ULTRASOFT,5,1,,,,False,0 days 00:12:45.828000,100.893,27.012,30.333,43.548,765.828,752.926,19.7,23.1,1018.4,False,38.0,226,2.4,False,True,False,FORMULA 1 2018 HEINEKEN CHINESE GRAND PRIX,Shanghai,China,,,Permanent,,,0.2677291784365615,0.3006452380244417,0.43162558353899677,1,False,Chinese Grand Prix,chinese_grand_prix,2018,2018-04-15,104.38857777777777,45,Opening,3.483000000000004,False,False,False,True
MAG,Haas F1 Team,3,0 days 00:01:41.199000,0 days 00:00:26.801000,0 days 00:00:30.780000,0 days 00:00:43.618000,Soft,6,1,,,,False,0 days 00:12:46.885000,101.199,26.801,30.78,43.618,766.885,752.926,19.7,23.1,1018.4,False,38.0,226,2.4,False,True,False,FORMULA 1 2018 HEINEKEN CHINESE GRAND PRIX,Shanghai,China,,,Permanent,,,0.26483463275328806,0.30415320309489224,0.4310121641518197,1,False,Chinese Grand Prix,chinese_grand_prix,2018,2018-04-15,104.04457777777779,45,Opening,3.046999999999997,False,False,False,True
ALO,McLaren,3,0 days 00:01:40.881000,0 days 00:00:27.032000,0 days 00:00:30.332000,0 days 00:00:43.517000,Soft,2,1,,,,False,0 days 00:12:47.760000,100.881,27.032,30.332,43.517,767.76,752.926,19.7,23.1,1018.4,False,38.0,226,2.4,False,True,False,FORMULA 1 2018 HEINEKEN CHINESE GRAND PRIX,Shanghai,China,,,Permanent,,,0.2679592787541757,0.30067108771721135,0.43136963352861296,1,False,Chinese Grand Prix,chinese_grand_prix,2018,2018-04-15,103.92247826086957,46,Opening,3.6470000000000056,False,False,False,True
STR,Williams,3,0 days 00:01:41.216000,0 days 00:00:27.184000,0 days 00:00:30.502000,0 days 00:00:43.530000,Soft,2,1,,,,False,0 days 00:12:48.808000,101.216,27.184,30.502,43.53,768.808,752.926,19.7,23.1,1018.4,False,38.0,226,2.4,False,True,False,FORMULA 1 2018 HEINEKEN CHINESE GRAND PRIX,Shanghai,China,,,Permanent,,,0.26857413847613026,0.30135551691432183,0.43007034460954796,1,False,Chinese Grand Prix,chinese_grand_prix,2018,2018-04-15,104.3311111111111,45,Opening,2.715999999999994,False,False,False,True
OCO,Force India,3,0 days 00:01:41.553000,0 days 00:00:26.909000,0 days 00:00:30.977000,0 days 00:00:43.667000,Soft,2,1,,,,False,0 days 00:12:49.684000,101.553,26.909,30.977,43.667,769.684,752.926,19.7,23.1,1018.4,False,38.0,226,2.4,False,True,False,FORMULA 1 2018 HEINEKEN CHINESE GRAND PRIX,Shanghai,China,,,Permanent,,,0.2649749391943123,0.3050328399948795,0.4299922208108082,1,False,Chinese Grand Prix,chinese_grand_prix,2018,2018-04-15,104.14320000000001,45,Opening,3.567999999999998,False,False,False,True
PER,Force India,3,0 days 00:01:41.960000,0 days 00:00:27.434000,0 days 00:00:30.961000,0 days 00:00:43.565000,ULTRASOFT,5,1,,,,False,0 days 00:12:50.670000,101.96,27.434,30.961,43.565,770.67,752.926,19.7,23.1,1018.4,False,38.0,226,2.4,False,True,False,FORMULA 1 2018 HEINEKEN CHINESE GRAND PRIX,Shanghai,China,,,Permanent,,,0.26906630051000396,0.3036582973715182,0.42727540211847786,1,False,Chinese Grand Prix,chinese_grand_prix,2018,2018-04-15,104.14991111111111,45,Opening,4.286999999999992,False,False,False,True
SIR,Williams,3,0 days 00:01:42.127000,0 days 00:00:27.110000,0 days 00:00:31.029000,0 days 00:00:43.988000,Soft,2,1,,,,False,0 days 00:12:51.805000,102.127,27.11,31.029,43.988,771.805,752.926,19.7,23.1,1018.4,False,38.0,226,2.4,False,True,False,FORMULA 1 2018 HEINEKEN CHINESE GRAND PRIX,Shanghai,China,,,Permanent,,,0.26545379772244365,0.30382758721983416,0.43071861505772224,1,False,Chinese Grand Prix,chinese_grand_prix,2018,2018-04-15,104.34546666666667,45,Opening,3.503,False,False,False,True
VAN,McLaren,3,0 days 00:01:42.165000,0 days 00:00:27.217000,0 days 00:00:31.100000,0 days 00:00:43.848000,Soft,2,1,,,,False,0 days 00:12:52.291000,102.165,27.217,31.1,43.848,772.291,752.926,19.7,23.1,1018.4,False,38.0,226,2.4,False,True,False,FORMULA 1 2018 HEINEKEN CHINESE GRAND PRIX,Shanghai,China,,,Permanent,,,0.26640238829344687,0.3044095335976117,0.4291880781089414,1,False,Chinese Grand Prix,chinese_grand_prix,2018,2018-04-15,104.21526666666666,45,Opening,4.028000000000006,False,False,False,True
LEC,Sauber,3,0 days 00:01:42.543000,0 days 00:00:27.263000,0 days 00:00:31.115000,0 days 00:00:44.165000,Soft,2,1,,,,False,0 days 00:12:53.487000,102.543,27.263,31.115,44.165,773.487,752.926,19.7,23.1,1018.4,False,38.0,226,2.4,False,True,False,FORMULA 1 2018 HEINEKEN CHINESE GRAND PRIX,Shanghai,China,,,Permanent,,,0.2658689525369845,0.30343368147996447,0.430697365983051,1,False,Chinese Grand Prix,chinese_grand_prix,2018,2018-04-15,102.08430232558139,43,Opening,3.7349999999999994,False,False,False,True
HAR,Toro Rosso,3,0 days 00:01:42.609000,0 days 00:00:27.354000,0 days 00:00:31.361000,0 days 00:00:43.894000,ULTRASOFT,2,1,,,,False,0 days 00:12:54.250000,102.609,27.354,31.361,43.894,774.25,752.926,19.7,23.1,1018.4,False,38.0,226,2.4,False,True,False,FORMULA 1 2018 HEINEKEN CHINESE GRAND PRIX,Shanghai,China,,,Permanent,,,0.26658480250270444,0.305635957859447,0.42777923963784853,1,False,Chinese Grand Prix,chinese_grand_prix,2018,2018-04-15,102.14634883720929,43,Opening,3.23299999999999,False,False,False,True
GAS,Toro Rosso,3,0 days 00:01:42.555000,0 days 00:00:27.351000,0 days 00:00:31.199000,0 days 00:00:44.005000,Medium,2,1,,,,False,0 days 00:12:54.813000,102.555,27.351,31.199,44.005,774.813,752.926,19.7,23.1,1018.4,False,38.0,226,2.4,False,True,False,FORMULA 1 2018 HEINEKEN CHINESE GRAND PRIX,Shanghai,China,,,Permanent,,,0.26669591926283454,0.3042172492808737,0.42908683145629173,1,False,Chinese Grand Prix,chinese_grand_prix,2018,2018-04-15,102.94286363636364,44,Opening,4.188000000000002,False,False,False,True
ERI,Sauber,3,0 days 00:01:43.584000,0 days 00:00:27.225000,0 days 00:00:31.376000,0 days 00:00:44.983000,Soft,2,1,,,,False,0 days 00:12:56.515000,103.584,27.225,31.376,44.983,776.515,752.926,19.7,23.1,1018.4,False,38.0,226,2.4,False,True,False,FORMULA 1 2018 HEINEKEN CHINESE GRAND PRIX,Shanghai,China,,,Permanent,,,0.2628301668211307,0.3029039233858511,0.43426590979301816,1,False,Chinese Grand Prix,chinese_grand_prix,2018,2018-04-15,102.02637209302326,43,Opening,5.1980000000000075,False,False,False,True
VET,Ferrari,4,0 days 00:01:39.025000,0 days 00:00:26.553000,0 days 00:00:29.664000,0 days 00:00:42.808000,Soft,5,1,,,,False,0 days 00:14:12.367000,99.025,26.553,29.664,42.808,852.367,872.951,19.8,22.9,1018.3,False,38.1,241,1.0,False,True,False,FORMULA 1 2018 HEINEKEN CHINESE GRAND PRIX,Shanghai,China,,,Permanent,,,0.2681444079777834,0.29956071699065895,0.43229487503155767,1,False,Chinese Grand Prix,chinese_grand_prix,2018,2018-04-15,101.62033333333333,42,Opening,1.5460000000000065,False,False,False,True
BOT,Mercedes,4,0 days 00:01:38.810000,0 days 00:00:26.410000,0 days 00:00:29.830000,0 days 00:00:42.570000,Soft,6,1,,,,False,0 days 00:14:14.774000,98.81,26.41,29.83,42.57,854.774,872.951,19.8,22.9,1018.3,False,38.1,241,1.0,False,True,False,FORMULA 1 2018 HEINEKEN CHINESE GRAND PRIX,Shanghai,China,,,Permanent,,,0.2672806396113754,0.3018925209998988,0.43082683938872585,1,False,Chinese Grand Prix,chinese_grand_prix,2018,2018-04-15,101.08895454545454,44,Opening,1.8230000000000075,False,False,False,True
VER,Red Bull Racing,4,0 days 00:01:39.421000,0 days 00:00:26.630000,0 days 00:00:29.960000,0 days 00:00:42.831000,ULTRASOFT,6,1,,,,False,0 days 00:14:16.794000,99.421,26.63,29.96,42.831,856.794,872.951,19.8,22.9,1018.3,False,38.1,241,1.0,False,True,False,FORMULA 1 2018 HEINEKEN CHINESE GRAND PRIX,Shanghai,China,,,Permanent,,,0.267850856458897,0.3013447863127508,0.43080435722835214,1,False,Chinese Grand Prix,chinese_grand_prix,2018,2018-04-15,101.39367441860465,43,Opening,3.2150000000000034,False,False,False,True
RAI,Ferrari,4,0 days 00:01:39.566000,0 days 00:00:26.598000,0 days 00:00:30.101000,0 days 00:00:42.867000,Soft,6,1,,,,False,0 days 00:14:18.101000,99.566,26.598,30.101,42.867,858.101,872.951,19.8,22.9,1018.3,False,38.1,241,1.0,False,True,False,FORMULA 1 2018 HEINEKEN CHINESE GRAND PRIX,Shanghai,China,,,Permanent,,,0.2671393849305988,0.3023220778177289,0.43053853725167224,1,False,Chinese Grand Prix,chinese_grand_prix,2018,2018-04-15,102.48924444444444,45,Opening,3.1099999999999994,False,False,False,True
HAM,Mercedes,4,0 days 00:01:39.743000,0 days 00:00:26.629000,0 days 00:00:30.236000,0 days 00:00:42.878000,Soft,6,1,,,,False,0 days 00:14:19.444000,99.743,26.629,30.236,42.878,859.444,872.951,19.8,22.9,1018.3,False,38.1,241,1.0,False,True,False,FORMULA 1 2018 HEINEKEN CHINESE GRAND PRIX,Shanghai,China,,,Permanent,,,0.26697612865063214,0.3031390674032263,0.4298848039461416,1,False,Chinese Grand Prix,chinese_grand_prix,2018,2018-04-15,101.40695348837208,43,Opening,2.864999999999995,False,False,False,True
RIC,Red Bull Racing,4,0 days 00:01:40.085000,0 days 00:00:26.764000,0 days 00:00:30.243000,0 days 00:00:43.078000,ULTRASOFT,6,1,,,,False,0 days 00:14:21.724000,100.085,26.764,30.243,43.078,861.724,872.951,19.8,22.9,1018.3,False,38.1,241,1.0,False,True,False,FORMULA 1 2018 HEINEKEN CHINESE GRAND PRIX,Shanghai,China,,,Permanent,,,0.2674126992056752,0.30217315282010293,0.43041414797422195,1,False,Chinese Grand Prix,chinese_grand_prix,2018,2018-04-15,101.17729545454546,44,Opening,4.299999999999997,False,False,False,True
HUL,Renault,4,0 days 00:01:40.487000,0 days 00:00:26.872000,0 days 00:00:30.388000,0 days 00:00:43.227000,ULTRASOFT,6,1,,,,False,0 days 00:14:23.915000,100.487,26.872,30.388,43.227,863.915,872.951,19.8,22.9,1018.3,False,38.1,241,1.0,False,True,False,FORMULA 1 2018 HEINEKEN CHINESE GRAND PRIX,Shanghai,China,,,Permanent,,,0.267417675918278,0.30240727656313754,0.4301750475185845,1,False,Chinese Grand Prix,chinese_grand_prix,2018,2018-04-15,102.89104545454546,44,Opening,3.6059999999999945,False,False,False,True
SAI,Renault,4,0 days 00:01:40.916000,0 days 00:00:27.003000,0 days 00:00:30.558000,0 days 00:00:43.355000,ULTRASOFT,6,1,,,,False,0 days 00:14:25.640000,100.916,27.003,30.558,43.355,865.64,872.951,19.8,22.9,1018.3,False,38.1,241,1.0,False,True,False,FORMULA 1 2018 HEINEKEN CHINESE GRAND PRIX,Shanghai,China,,,Permanent,,,0.2675789765745769,0.3028062943438107,0.4296147290816124,1,False,Chinese Grand Prix,chinese_grand_prix,2018,2018-04-15,103.05313636363636,44,Opening,3.161999999999992,False,False,False,True
GRO,Haas F1 Team,4,0 days 00:01:41.175000,0 days 00:00:27.173000,0 days 00:00:30.582000,0 days 00:00:43.420000,ULTRASOFT,6,1,,,,False,0 days 00:14:27.003000,101.175,27.173,30.582,43.42,867.003,872.951,19.8,22.9,1018.3,False,38.1,241,1.0,False,True,False,FORMULA 1 2018 HEINEKEN CHINESE GRAND PRIX,Shanghai,China,,,Permanent,,,0.2685742525327403,0.3022683469236472,0.42915740054361257,1,False,Chinese Grand Prix,chinese_grand_prix,2018,2018-04-15,104.38857777777777,45,Opening,3.7650000000000006,False,False,False,True
MAG,Haas F1 Team,4,0 days 00:01:40.720000,0 days 00:00:26.910000,0 days 00:00:30.596000,0 days 00:00:43.214000,Soft,7,1,,,,False,0 days 00:14:27.605000,100.72,26.91,30.596,43.214,867.605,872.951,19.8,22.9,1018.3,False,38.1,241,1.0,False,True,False,FORMULA 1 2018 HEINEKEN CHINESE GRAND PRIX,Shanghai,China,,,Permanent,,,0.26717633042096905,0.30377283558379664,0.4290508339952343,1,False,Chinese Grand Prix,chinese_grand_prix,2018,2018-04-15,104.04457777777779,45,Opening,2.567999999999998,False,False,False,True
ALO,McLaren,4,0 days 00:01:41.448000,0 days 00:00:26.910000,0 days 00:00:30.652000,0 days 00:00:43.886000,Soft,3,1,,,,False,0 days 00:14:29.208000,101.448,26.91,30.652,43.886,869.208,872.951,19.8,22.9,1018.3,False,38.1,241,1.0,False,True,False,FORMULA 1 2018 HEINEKEN CHINESE GRAND PRIX,Shanghai,China,,,Permanent,,,0.26525904897090136,0.30214494125069,0.4325960097784087,1,False,Chinese Grand Prix,chinese_grand_prix,2018,2018-04-15,103.92247826086957,46,Opening,4.213999999999999,False,False,False,True
STR,Williams,4,0 days 00:01:41.681000,0 days 00:00:27.197000,0 days 00:00:30.634000,0 days 00:00:43.850000,Soft,3,1,,,,False,0 days 00:14:30.489000,101.681,27.197,30.634,43.85,870.489,872.951,19.8,22.9,1018.3,False,38.1,241,1.0,False,True,False,FORMULA 1 2018 HEINEKEN CHINESE GRAND PRIX,Shanghai,China,,,Permanent,,,0.2674737659936468,0.30127555787216886,0.4312506761341844,1,False,Chinese Grand Prix,chinese_grand_prix,2018,2018-04-15,104.3311111111111,45,Opening,3.1809999999999974,False,False,False,True
OCO,Force India,4,0 days 00:01:41.328000,0 days 00:00:26.822000,0 days 00:00:30.791000,0 days 00:00:43.715000,Soft,3,1,,,,False,0 days 00:14:31.012000,101.328,26.822,30.791,43.715,871.012,872.951,19.8,22.9,1018.3,False,38.1,241,1.0,False,True,False,FORMULA 1 2018 HEINEKEN CHINESE GRAND PRIX,Shanghai,China,,,Permanent,,,0.2647047213011211,0.30387454602873837,0.4314207326701405,1,False,Chinese Grand Prix,chinese_grand_prix,2018,2018-04-15,104.14320000000001,45,Opening,3.3430000000000035,False,False,False,True
PER,Force India,4,0 days 00:01:41.303000,0 days 00:00:27.079000,0 days 00:00:30.815000,0 days 00:00:43.409000,ULTRASOFT,6,1,,,,False,0 days 00:14:31.973000,101.303,27.079,30.815,43.409,871.973,872.951,19.8,22.9,1018.3,False,38.1,241,1.0,False,True,False,FORMULA 1 2018 HEINEKEN CHINESE GRAND PRIX,Shanghai,China,,,Permanent,,,0.2673069899213251,0.30418645054934207,0.4285065595293328,1,False,Chinese Grand Prix,chinese_grand_prix,2018,2018-04-15,104.14991111111111,45,Opening,3.6299999999999955,False,False,False,True
SIR,Williams,4,0 days 00:01:42.946000,0 days 00:00:27.470000,0 days 00:00:31.313000,0 days 00:00:44.163000,Soft,3,1,,,,False,0 days 00:14:34.751000,102.946,27.47,31.313,44.163,874.751,872.951,19.8,22.9,1018.3,False,38.1,241,1.0,False,True,False,FORMULA 1 2018 HEINEKEN CHINESE GRAND PRIX,Shanghai,China,,,Permanent,,,0.2668389252617877,0.30416917607289257,0.42899189866531967,1,False,Chinese Grand Prix,chinese_grand_prix,2018,2018-04-15,104.34546666666667,45,Opening,4.322000000000003,False,False,False,True
VAN,McLaren,4,0 days 00:01:42.778000,0 days 00:00:27.265000,0 days 00:00:31.502000,0 days 00:00:44.011000,Soft,3,1,,,,False,0 days 00:14:35.069000,102.778,27.265,31.502,44.011,875.069,872.951,19.8,22.9,1018.3,False,38.1,241,1.0,False,True,False,FORMULA 1 2018 HEINEKEN CHINESE GRAND PRIX,Shanghai,China,,,Permanent,,,0.26528050750160537,0.30650528323182,0.42821420926657455,1,False,Chinese Grand Prix,chinese_grand_prix,2018,2018-04-15,104.21526666666666,45,Opening,4.641000000000005,False,False,False,True
LEC,Sauber,4,0 days 00:01:42.212000,0 days 00:00:27.226000,0 days 00:00:31.258000,0 days 00:00:43.728000,Soft,3,1,,,,False,0 days 00:14:35.699000,102.212,27.226,31.258,43.728,875.699,872.951,19.8,22.9,1018.3,False,38.1,241,1.0,False,True,False,FORMULA 1 2018 HEINEKEN CHINESE GRAND PRIX,Shanghai,China,,,Permanent,,,0.2663679411419403,0.3058153641451101,0.42781669471294953,1,False,Chinese Grand Prix,chinese_grand_prix,2018,2018-04-15,102.08430232558139,43,Opening,3.4039999999999964,False,False,False,True
GAS,Toro Rosso,4,0 days 00:01:42.258000,0 days 00:00:26.936000,0 days 00:00:31.485000,0 days 00:00:43.837000,Medium,3,1,,,,False,0 days 00:14:37.071000,102.258,26.936,31.485,43.837,877.071,872.951,19.8,22.9,1018.3,False,38.1,241,1.0,False,True,False,FORMULA 1 2018 HEINEKEN CHINESE GRAND PRIX,Shanghai,China,,,Permanent,,,0.26341215357233666,0.30789767059789946,0.428690175829764,1,False,Chinese Grand Prix,chinese_grand_prix,2018,2018-04-15,102.94286363636364,44,Opening,3.890999999999991,False,False,False,True
HAR,Toro Rosso,4,0 days 00:01:43.317000,0 days 00:00:27.226000,0 days 00:00:31.265000,0 days 00:00:44.826000,ULTRASOFT,3,1,,,,False,0 days 00:14:37.567000,103.317,27.226,31.265,44.826,877.567,872.951,19.8,22.9,1018.3,False,38.1,241,1.0,False,True,False,FORMULA 1 2018 HEINEKEN CHINESE GRAND PRIX,Shanghai,China,,,Permanent,,,0.26351907236950356,0.30261234840345735,0.43386857922703914,1,False,Chinese Grand Prix,chinese_grand_prix,2018,2018-04-15,102.14634883720929,43,Opening,3.9409999999999883,False,False,False,True
ERI,Sauber,4,0 days 00:01:42.210000,0 days 00:00:27.089000,0 days 00:00:30.998000,0 days 00:00:44.123000,Soft,3,1,,,,False,0 days 00:14:38.725000,102.21,27.089,30.998,44.123,878.725,872.951,19.8,22.9,1018.3,False,38.1,241,1.0,False,True,False,FORMULA 1 2018 HEINEKEN CHINESE GRAND PRIX,Shanghai,China,,,Permanent,,,0.26503277565795913,0.3032775657959104,0.4316896585461305,1,False,Chinese Grand Prix,chinese_grand_prix,2018,2018-04-15,102.02637209302326,43,Opening,3.823999999999998,False,False,False,True
VET,Ferrari,5,0 days 00:01:38.869000,0 days 00:00:26.581000,0 days 00:00:29.605000,0 days 00:00:42.683000,Soft,6,1,,,,False,0 days 00:15:51.236000,98.869,26.581,29.605,42.683,951.236,932.965,19.8,22.6,1018.3,False,38.1,215,1.2,False,True,False,FORMULA 1 2018 HEINEKEN CHINESE GRAND PRIX,Shanghai,China,,,Permanent,,,0.2688507014332096,0.2994366282656849,0.4317126703011055,1,False,Chinese Grand Prix,chinese_grand_prix,2018,2018-04-15,101.62033333333333,42,Opening,1.3900000000000006,False,False,False,True
BOT,Mercedes,5,0 days 00:01:38.981000,0 days 00:00:26.426000,0 days 00:00:29.833000,0 days 00:00:42.722000,Soft,7,1,,,,False,0 days 00:15:53.755000,98.981,26.426,29.833,42.722,953.755,932.965,19.8,22.6,1018.3,False,38.1,215,1.2,False,True,False,FORMULA 1 2018 HEINEKEN CHINESE GRAND PRIX,Shanghai,China,,,Permanent,,,0.26698053161717905,0.30140127903334984,0.43161818934947116,1,False,Chinese Grand Prix,chinese_grand_prix,2018,2018-04-15,101.08895454545454,44,Opening,1.9939999999999998,False,False,False,True
VER,Red Bull Racing,5,0 days 00:01:39.416000,0 days 00:00:26.569000,0 days 00:00:29.830000,0 days 00:00:43.017000,ULTRASOFT,7,1,,,,False,0 days 00:15:56.210000,99.416,26.569,29.83,43.017,956.21,932.965,19.8,22.6,1018.3,False,38.1,215,1.2,False,True,False,FORMULA 1 2018 HEINEKEN CHINESE GRAND PRIX,Shanghai,China,,,Permanent,,,0.2672507443469864,0.3000523054639092,0.4326969501891044,1,False,Chinese Grand Prix,chinese_grand_prix,2018,2018-04-15,101.39367441860465,43,Opening,3.2099999999999937,False,False,False,True
RAI,Ferrari,5,0 days 00:01:39.717000,0 days 00:00:26.411000,0 days 00:00:30.262000,0 days 00:00:43.044000,Soft,7,1,,,,False,0 days 00:15:57.818000,99.717,26.411,30.262,43.044,957.818,932.965,19.8,22.6,1018.3,False,38.1,215,1.2,False,True,False,FORMULA 1 2018 HEINEKEN CHINESE GRAND PRIX,Shanghai,China,,,Permanent,,,0.26485955253367033,0.3034788451317228,0.43166160233460693,1,False,Chinese Grand Prix,chinese_grand_prix,2018,2018-04-15,102.48924444444444,45,Opening,3.2609999999999957,False,False,False,True
HAM,Mercedes,5,0 days 00:01:39.863000,0 days 00:00:26.365000,0 days 00:00:30.461000,0 days 00:00:43.037000,Soft,7,1,,,,False,0 days 00:15:59.307000,99.863,26.365,30.461,43.037,959.307,932.965,19.8,22.6,1018.3,False,38.1,215,1.2,False,True,False,FORMULA 1 2018 HEINEKEN CHINESE GRAND PRIX,Shanghai,China,,,Permanent,,,0.26401169602355223,0.30502788820684335,0.43096041576960437,1,False,Chinese Grand Prix,chinese_grand_prix,2018,2018-04-15,101.40695348837208,43,Opening,2.9849999999999994,False,False,False,True
RIC,Red Bull Racing,5,0 days 00:01:39.715000,0 days 00:00:26.655000,0 days 00:00:30.072000,0 days 00:00:42.988000,ULTRASOFT,7,1,,,,False,0 days 00:16:01.439000,99.715,26.655,30.072,42.988,961.439,932.965,19.8,22.6,1018.3,False,38.1,215,1.2,False,True,False,FORMULA 1 2018 HEINEKEN CHINESE GRAND PRIX,Shanghai,China,,,Permanent,,,0.26731183874041015,0.3015795015795016,0.4311086596800882,1,False,Chinese Grand Prix,chinese_grand_prix,2018,2018-04-15,101.17729545454546,44,Opening,3.930000000000007,False,False,False,True
HUL,Renault,5,0 days 00:01:40.716000,0 days 00:00:26.914000,0 days 00:00:30.401000,0 days 00:00:43.401000,ULTRASOFT,7,1,,,,False,0 days 00:16:04.631000,100.716,26.914,30.401,43.401,964.631,993.041,19.9,23.4,1018.4,False,38.0,85,2.1,False,True,False,FORMULA 1 2018 HEINEKEN CHINESE GRAND PRIX,Shanghai,China,,,Permanent,,,0.26722665713491406,0.30184876285793716,0.4309245800071489,1,False,Chinese Grand Prix,chinese_grand_prix,2018,2018-04-15,102.89104545454546,44,Opening,3.8349999999999937,False,False,False,True
SAI,Renault,5,0 days 00:01:41.101000,0 days 00:00:27.125000,0 days 00:00:30.513000,0 days 00:00:43.463000,ULTRASOFT,7,1,,,,False,0 days 00:16:06.741000,101.101,27.125,30.513,43.463,966.741,993.041,19.9,23.4,1018.4,False,38.0,85,2.1,False,True,False,FORMULA 1 2018 HEINEKEN CHINESE GRAND PRIX,Shanghai,China,,,Permanent,,,0.2682960603752683,0.3018071037873018,0.42989683583742994,1,False,Chinese Grand Prix,chinese_grand_prix,2018,2018-04-15,103.05313636363636,44,Opening,3.346999999999994,False,False,False,True
GRO,Haas F1 Team,5,0 days 00:01:41.206000,0 days 00:00:27.083000,0 days 00:00:30.531000,0 days 00:00:43.592000,ULTRASOFT,7,1,,,,False,0 days 00:16:08.209000,101.206,27.083,30.531,43.592,968.209,993.041,19.9,23.4,1018.4,False,38.0,85,2.1,False,True,False,FORMULA 1 2018 HEINEKEN CHINESE GRAND PRIX,Shanghai,China,,,Permanent,,,0.26760271130170143,0.3016718376380847,0.4307254510602138,1,False,Chinese Grand Prix,chinese_grand_prix,2018,2018-04-15,104.38857777777777,45,Opening,3.7960000000000065,False,False,False,True
MAG,Haas F1 Team,5,0 days 00:01:41.397000,0 days 00:00:26.749000,0 days 00:00:31.058000,0 days 00:00:43.590000,Soft,8,1,,,,False,0 days 00:16:09.002000,101.397,26.749,31.058,43.59,969.002,993.041,19.9,23.4,1018.4,False,38.0,85,2.1,False,True,False,FORMULA 1 2018 HEINEKEN CHINESE GRAND PRIX,Shanghai,China,,,Permanent,,,0.26380464905273326,0.30630097537402484,0.42989437557324184,1,False,Chinese Grand Prix,chinese_grand_prix,2018,2018-04-15,104.04457777777779,45,Opening,3.2450000000000045,False,False,False,True
ALO,McLaren,5,0 days 00:01:41.412000,0 days 00:00:26.845000,0 days 00:00:30.642000,0 days 00:00:43.925000,Soft,4,1,,,,False,0 days 00:16:10.620000,101.412,26.845,30.642,43.925,970.62,993.041,19.9,23.4,1018.4,False,38.0,85,2.1,False,True,False,FORMULA 1 2018 HEINEKEN CHINESE GRAND PRIX,Shanghai,China,,,Permanent,,,0.2647122628485781,0.30215359129097147,0.4331341458604504,1,False,Chinese Grand Prix,chinese_grand_prix,2018,2018-04-15,103.92247826086957,46,Opening,4.1780000000000115,False,False,False,True
STR,Williams,5,0 days 00:01:41.624000,0 days 00:00:27.098000,0 days 00:00:30.716000,0 days 00:00:43.810000,Soft,4,1,,,,False,0 days 00:16:12.113000,101.624,27.098,30.716,43.81,972.113,993.041,19.9,23.4,1018.4,False,38.0,85,2.1,False,True,False,FORMULA 1 2018 HEINEKEN CHINESE GRAND PRIX,Shanghai,China,,,Permanent,,,0.2666496103282689,0.3022514366685035,0.43109895300322765,1,False,Chinese Grand Prix,chinese_grand_prix,2018,2018-04-15,104.3311111111111,45,Opening,3.1239999999999952,False,False,False,True
OCO,Force India,5,0 days 00:01:41.533000,0 days 00:00:26.757000,0 days 00:00:31.221000,0 days 00:00:43.555000,Soft,4,1,,,,False,0 days 00:16:12.545000,101.533,26.757,31.221,43.555,972.545,993.041,19.9,23.4,1018.4,False,38.0,85,2.1,False,True,False,FORMULA 1 2018 HEINEKEN CHINESE GRAND PRIX,Shanghai,China,,,Permanent,,,0.26353008381511434,0.30749608501669407,0.4289738311681916,1,False,Chinese Grand Prix,chinese_grand_prix,2018,2018-04-15,104.14320000000001,45,Opening,3.548000000000002,False,False,False,True
PER,Force India,5,0 days 00:01:41.351000,0 days 00:00:27.024000,0 days 00:00:30.855000,0 days 00:00:43.472000,ULTRASOFT,7,1,,,,False,0 days 00:16:13.324000,101.351,27.024,30.855,43.472,973.324,993.041,19.9,23.4,1018.4,False,38.0,85,2.1,False,True,False,FORMULA 1 2018 HEINEKEN CHINESE GRAND PRIX,Shanghai,China,,,Permanent,,,0.2666377243441111,0.304437055381792,0.42892522027409696,1,False,Chinese Grand Prix,chinese_grand_prix,2018,2018-04-15,104.14991111111111,45,Opening,3.6779999999999973,False,False,False,True
VAN,McLaren,5,0 days 00:01:40.677000,0 days 00:00:26.512000,0 days 00:00:30.459000,0 days 00:00:43.706000,Soft,4,1,,,,False,0 days 00:16:15.746000,100.677,26.512,30.459,43.706,975.746,993.041,19.9,23.4,1018.4,False,38.0,85,2.1,False,True,False,FORMULA 1 2018 HEINEKEN CHINESE GRAND PRIX,Shanghai,China,,,Permanent,,,0.26333720710787967,0.30254179206770165,0.4341210008244187,1,False,Chinese Grand Prix,chinese_grand_prix,2018,2018-04-15,104.21526666666666,45,Opening,2.5400000000000063,False,False,False,True
SIR,Williams,5,0 days 00:01:42.487000,0 days 00:00:27.677000,0 days 00:00:30.797000,0 days 00:00:44.013000,Soft,4,1,,,,False,0 days 00:16:17.238000,102.487,27.677,30.797,44.013,977.238,993.041,19.9,23.4,1018.4,False,38.0,85,2.1,False,True,False,FORMULA 1 2018 HEINEKEN CHINESE GRAND PRIX,Shanghai,China,,,Permanent,,,0.2700537629162723,0.3004966483554012,0.4294495887283265,1,False,Chinese Grand Prix,chinese_grand_prix,2018,2018-04-15,104.34546666666667,45,Opening,3.8629999999999995,False,False,False,True
LEC,Sauber,5,0 days 00:01:42.101000,0 days 00:00:27.417000,0 days 00:00:30.912000,0 days 00:00:43.772000,Soft,4,1,,,,False,0 days 00:16:17.800000,102.101,27.417,30.912,43.772,977.8,993.041,19.9,23.4,1018.4,False,38.0,85,2.1,False,True,False,FORMULA 1 2018 HEINEKEN CHINESE GRAND PRIX,Shanghai,China,,,Permanent,,,0.26852822205463217,0.30275903272250027,0.42871274522286756,1,False,Chinese Grand Prix,chinese_grand_prix,2018,2018-04-15,102.08430232558139,43,Opening,3.292999999999992,False,False,False,True
GAS,Toro Rosso,5,0 days 00:01:41.533000,0 days 00:00:26.835000,0 days 00:00:31.017000,0 days 00:00:43.681000,Medium,4,1,,,,False,0 days 00:16:18.604000,101.533,26.835,31.017,43.681,978.604,993.041,19.9,23.4,1018.4,False,38.0,85,2.1,False,True,False,FORMULA 1 2018 HEINEKEN CHINESE GRAND PRIX,Shanghai,China,,,Permanent,,,0.2642983069543892,0.305486886037052,0.43021480700855874,1,False,Chinese Grand Prix,chinese_grand_prix,2018,2018-04-15,102.94286363636364,44,Opening,3.165999999999997,False,False,False,True
HAR,Toro Rosso,5,0 days 00:01:42.216000,0 days 00:00:27.149000,0 days 00:00:31.079000,0 days 00:00:43.988000,ULTRASOFT,4,1,,,,False,0 days 00:16:19.783000,102.216,27.149,31.079,43.988,979.783,993.041,19.9,23.4,1018.4,False,38.0,85,2.1,False,True,False,FORMULA 1 2018 HEINEKEN CHINESE GRAND PRIX,Shanghai,China,,,Permanent,,,0.2656042106910856,0.30405220317758475,0.4303435861313298,1,False,Chinese Grand Prix,chinese_grand_prix,2018,2018-04-15,102.14634883720929,43,Opening,2.839999999999989,False,False,False,True
ERI,Sauber,5,0 days 00:01:42.015000,0 days 00:00:27.042000,0 days 00:00:31.124000,0 days 00:00:43.849000,Soft,4,1,,,,False,0 days 00:16:20.740000,102.015,27.042,31.124,43.849,980.74,993.041,19.9,23.4,1018.4,False,38.0,85,2.1,False,True,False,FORMULA 1 2018 HEINEKEN CHINESE GRAND PRIX,Shanghai,China,,,Permanent,,,0.26507866490222026,0.30509238837425867,0.429828946723521,1,False,Chinese Grand Prix,chinese_grand_prix,2018,2018-04-15,102.02637209302326,43,Opening,3.629000000000005,False,False,False,True
VET,Ferrari,6,0 days 00:01:38.620000,0 days 00:00:26.368000,0 days 00:00:29.581000,0 days 00:00:42.671000,Soft,7,1,,,,False,0 days 00:17:29.856000,98.62,26.368,29.581,42.671,1049.856,1053.13,20.2,22.6,1018.3,False,37.9,199,1.1,False,True,False,FORMULA 1 2018 HEINEKEN CHINESE GRAND PRIX,Shanghai,China,,,Permanent,,,0.26736970188602716,0.29994930034475764,0.43268099776921515,1,False,Chinese Grand Prix,chinese_grand_prix,2018,2018-04-15,101.62033333333333,42,Opening,1.1410000000000053,False,False,False,True
BOT,Mercedes,6,0 days 00:01:38.566000,0 days 00:00:26.395000,0 days 00:00:29.664000,0 days 00:00:42.507000,Soft,8,1,,,,False,0 days 00:17:32.321000,98.566,26.395,29.664,42.507,1052.321,1053.13,20.2,22.6,1018.3,False,37.9,199,1.1,False,True,False,FORMULA 1 2018 HEINEKEN CHINESE GRAND PRIX,Shanghai,China,,,Permanent,,,0.2677901101799809,0.3009557048069314,0.43125418501308765,1,False,Chinese Grand Prix,chinese_grand_prix,2018,2018-04-15,101.08895454545454,44,Opening,1.5790000000000077,False,False,False,True
VER,Red Bull Racing,6,0 days 00:01:39.101000,0 days 00:00:26.603000,0 days 00:00:29.707000,0 days 00:00:42.791000,ULTRASOFT,8,1,,,,False,0 days 00:17:35.311000,99.101,26.603,29.707,42.791,1055.311,1053.13,20.2,22.6,1018.3,False,37.9,199,1.1,False,True,False,FORMULA 1 2018 HEINEKEN CHINESE GRAND PRIX,Shanghai,China,,,Permanent,,,0.2684433053147799,0.2997648863280895,0.4317918083571306,1,False,Chinese Grand Prix,chinese_grand_prix,2018,2018-04-15,101.39367441860465,43,Opening,2.894999999999996,False,False,False,True
RAI,Ferrari,6,0 days 00:01:39.272000,0 days 00:00:26.478000,0 days 00:00:29.952000,0 days 00:00:42.842000,Soft,8,1,,,,False,0 days 00:17:37.090000,99.272,26.478,29.952,42.842,1057.09,1053.13,20.2,22.6,1018.3,False,37.9,199,1.1,False,True,False,FORMULA 1 2018 HEINEKEN CHINESE GRAND PRIX,Shanghai,China,,,Permanent,,,0.26672173422515916,0.30171649609154644,0.43156176968329435,1,False,Chinese Grand Prix,chinese_grand_prix,2018,2018-04-15,102.48924444444444,45,Opening,2.8160000000000025,False,False,False,True
HAM,Mercedes,6,0 days 00:01:39.375000,0 days 00:00:26.507000,0 days 00:00:30.016000,0 days 00:00:42.852000,Soft,8,1,,,,False,0 days 00:17:38.682000,99.375,26.507,30.016,42.852,1058.682,1053.13,20.2,22.6,1018.3,False,37.9,199,1.1,False,True,False,FORMULA 1 2018 HEINEKEN CHINESE GRAND PRIX,Shanghai,China,,,Permanent,,,0.266737106918239,0.30204779874213833,0.43121509433962263,1,False,Chinese Grand Prix,chinese_grand_prix,2018,2018-04-15,101.40695348837208,43,Opening,2.497,False,False,False,True
RIC,Red Bull Racing,6,0 days 00:01:39.225000,0 days 00:00:26.595000,0 days 00:00:29.895000,0 days 00:00:42.735000,ULTRASOFT,8,1,,,,False,0 days 00:17:40.664000,99.225,26.595,29.895,42.735,1060.664,1053.13,20.2,22.6,1018.3,False,37.9,199,1.1,False,True,False,FORMULA 1 2018 HEINEKEN CHINESE GRAND PRIX,Shanghai,China,,,Permanent,,,0.2680272108843538,0.3012849584278156,0.43068783068783073,1,False,Chinese Grand Prix,chinese_grand_prix,2018,2018-04-15,101.17729545454546,44,Opening,3.4399999999999977,False,False,False,True
HUL,Renault,6,0 days 00:01:40.388000,0 days 00:00:26.820000,0 days 00:00:30.206000,0 days 00:00:43.362000,ULTRASOFT,8,1,,,,False,0 days 00:17:45.019000,100.388,26.82,30.206,43.362,1065.019,1053.13,20.2,22.6,1018.3,False,37.9,199,1.1,False,True,False,FORMULA 1 2018 HEINEKEN CHINESE GRAND PRIX,Shanghai,China,,,Permanent,,,0.26716340598477906,0.30089253695660834,0.43194405705861255,1,False,Chinese Grand Prix,chinese_grand_prix,2018,2018-04-15,102.89104545454546,44,Opening,3.507000000000005,False,False,False,True
SAI,Renault,6,0 days 00:01:40.513000,0 days 00:00:26.934000,0 days 00:00:30.306000,0 days 00:00:43.273000,ULTRASOFT,8,1,,,,False,0 days 00:17:47.254000,100.513,26.934,30.306,43.273,1067.254,1053.13,20.2,22.6,1018.3,False,37.9,199,1.1,False,True,False,FORMULA 1 2018 HEINEKEN CHINESE GRAND PRIX,Shanghai,China,,,Permanent,,,0.26796533781699877,0.30151323709370925,0.4305214250892919,1,False,Chinese Grand Prix,chinese_grand_prix,2018,2018-04-15,103.05313636363636,44,Opening,2.7590000000000003,False,False,False,True
MAG,Haas F1 Team,6,0 days 00:01:40.645000,0 days 00:00:26.705000,0 days 00:00:30.741000,0 days 00:00:43.199000,Soft,9,1,,,,False,0 days 00:17:49.647000,100.645,26.705,30.741,43.199,1069.647,1053.13,20.2,22.6,1018.3,False,37.9,199,1.1,False,True,False,FORMULA 1 2018 HEINEKEN CHINESE GRAND PRIX,Shanghai,China,,,Permanent,,,0.2653385662477023,0.30543991256396247,0.42922152118833523,1,False,Chinese Grand Prix,chinese_grand_prix,2018,2018-04-15,104.04457777777779,45,Opening,2.492999999999995,False,False,False,True
GRO,Haas F1 Team,6,0 days 00:01:41.806000,0 days 00:00:26.936000,0 days 00:00:30.394000,0 days 00:00:44.476000,ULTRASOFT,8,1,,,,False,0 days 00:17:50.015000,101.806,26.936,30.394,44.476,1070.015,1053.13,20.2,22.6,1018.3,False,37.9,199,1.1,False,True,False,FORMULA 1 2018 HEINEKEN CHINESE GRAND PRIX,Shanghai,China,,,Permanent,,,0.2645816553051883,0.2985482191619354,0.43687012553287624,1,False,Chinese Grand Prix,chinese_grand_prix,2018,2018-04-15,104.38857777777777,45,Opening,4.396000000000001,False,False,False,True
ALO,McLaren,6,0 days 00:01:40.826000,0 days 00:00:26.716000,0 days 00:00:30.340000,0 days 00:00:43.770000,Soft,5,1,,,,False,0 days 00:17:51.446000,100.826,26.716,30.34,43.77,1071.446,1053.13,20.2,22.6,1018.3,False,37.9,199,1.1,False,True,False,FORMULA 1 2018 HEINEKEN CHINESE GRAND PRIX,Shanghai,China,,,Permanent,,,0.26497133675837586,0.30091444667050166,0.4341142165711226,1,False,Chinese Grand Prix,chinese_grand_prix,2018,2018-04-15,103.92247826086957,46,Opening,3.5919999999999987,False,False,False,True
OCO,Force India,6,0 days 00:01:40.567000,0 days 00:00:26.612000,0 days 00:00:30.448000,0 days 00:00:43.507000,Soft,5,1,,,,False,0 days 00:17:53.112000,100.567,26.612,30.448,43.507,1073.112,1053.13,20.2,22.6,1018.3,False,37.9,199,1.1,False,True,False,FORMULA 1 2018 HEINEKEN CHINESE GRAND PRIX,Shanghai,China,,,Permanent,,,0.264619606829278,0.3027633319080812,0.4326170612626408,1,False,Chinese Grand Prix,chinese_grand_prix,2018,2018-04-15,104.14320000000001,45,Opening,2.5819999999999936,False,False,False,True
STR,Williams,6,0 days 00:01:42.148000,0 days 00:00:27.641000,0 days 00:00:30.792000,0 days 00:00:43.715000,Soft,5,1,,,,False,0 days 00:17:54.261000,102.148,27.641,30.792,43.715,1074.261,1053.13,20.2,22.6,1018.3,False,37.9,199,1.1,False,True,False,FORMULA 1 2018 HEINEKEN CHINESE GRAND PRIX,Shanghai,China,,,Permanent,,,0.2705975643184399,0.30144496221169287,0.4279574734698673,1,False,Chinese Grand Prix,chinese_grand_prix,2018,2018-04-15,104.3311111111111,45,Opening,3.647999999999996,False,False,False,True
PER,Force India,6,0 days 00:01:41.639000,0 days 00:00:26.861000,0 days 00:00:31.203000,0 days 00:00:43.575000,ULTRASOFT,8,1,,,,False,0 days 00:17:54.963000,101.639,26.861,31.203,43.575,1074.963,1053.13,20.2,22.6,1018.3,False,37.9,199,1.1,False,True,False,FORMULA 1 2018 HEINEKEN CHINESE GRAND PRIX,Shanghai,China,,,Permanent,,,0.26427847578193414,0.30699829789746064,0.42872322632060533,1,False,Chinese Grand Prix,chinese_grand_prix,2018,2018-04-15,104.14991111111111,45,Opening,3.965999999999994,False,False,False,True
VAN,McLaren,6,0 days 00:01:41.397000,0 days 00:00:27.037000,0 days 00:00:30.568000,0 days 00:00:43.792000,Soft,5,1,,,,False,0 days 00:17:57.143000,101.397,27.037,30.568,43.792,1077.143,1053.13,20.2,22.6,1018.3,False,37.9,199,1.1,False,True,False,FORMULA 1 2018 HEINEKEN CHINESE GRAND PRIX,Shanghai,China,,,Permanent,,,0.2666449697722812,0.30146848526090514,0.4318865449668136,1,False,Chinese Grand Prix,chinese_grand_prix,2018,2018-04-15,104.21526666666666,45,Opening,3.260000000000005,False,False,False,True
SIR,Williams,6,0 days 00:01:41.443000,0 days 00:00:26.990000,0 days 00:00:30.569000,0 days 00:00:43.884000,Soft,5,1,,,,False,0 days 00:17:58.681000,101.443,26.99,30.569,43.884,1078.681,1053.13,20.2,22.6,1018.3,False,37.9,199,1.1,False,True,False,FORMULA 1 2018 HEINEKEN CHINESE GRAND PRIX,Shanghai,China,,,Permanent,,,0.26606074347170333,0.3013416401328825,0.43259761639541416,1,False,Chinese Grand Prix,chinese_grand_prix,2018,2018-04-15,104.34546666666667,45,Opening,2.8190000000000026,False,False,False,True
LEC,Sauber,6,0 days 00:01:42.016000,0 days 00:00:27.216000,0 days 00:00:30.849000,0 days 00:00:43.951000,Soft,5,1,,,,False,0 days 00:17:59.816000,102.016,27.216,30.849,43.951,1079.816,1053.13,20.2,22.6,1018.3,False,37.9,199,1.1,False,True,False,FORMULA 1 2018 HEINEKEN CHINESE GRAND PRIX,Shanghai,China,,,Permanent,,,0.2667816813048933,0.30239374215809284,0.4308245765370138,1,False,Chinese Grand Prix,chinese_grand_prix,2018,2018-04-15,102.08430232558139,43,Opening,3.2079999999999984,False,False,False,True
GAS,Toro Rosso,6,0 days 00:01:41.731000,0 days 00:00:27.212000,0 days 00:00:30.948000,0 days 00:00:43.571000,Medium,5,1,,,,False,0 days 00:18:00.335000,101.731,27.212,30.948,43.571,1080.335,1053.13,20.2,22.6,1018.3,False,37.9,199,1.1,False,True,False,FORMULA 1 2018 HEINEKEN CHINESE GRAND PRIX,Shanghai,China,,,Permanent,,,0.267489752386195,0.3042140547129194,0.42829619290088566,1,False,Chinese Grand Prix,chinese_grand_prix,2018,2018-04-15,102.94286363636364,44,Opening,3.36399999999999,False,False,False,True
HAR,Toro Rosso,6,0 days 00:01:42.276000,0 days 00:00:27.061000,0 days 00:00:31.220000,0 days 00:00:43.995000,ULTRASOFT,5,1,,,,False,0 days 00:18:02.059000,102.276,27.061,31.22,43.995,1082.059,1053.13,20.2,22.6,1018.3,False,37.9,199,1.1,False,True,False,FORMULA 1 2018 HEINEKEN CHINESE GRAND PRIX,Shanghai,China,,,Permanent,,,0.2645879776291603,0.3052524541436896,0.43015956822715007,1,False,Chinese Grand Prix,chinese_grand_prix,2018,2018-04-15,102.14634883720929,43,Opening,2.8999999999999915,False,False,False,True
ERI,Sauber,6,0 days 00:01:42.214000,0 days 00:00:27.061000,0 days 00:00:31.151000,0 days 00:00:44.002000,Soft,5,1,,,,False,0 days 00:18:02.954000,102.214,27.061,31.151,44.002,1082.954,1053.13,20.2,22.6,1018.3,False,37.9,199,1.1,False,True,False,FORMULA 1 2018 HEINEKEN CHINESE GRAND PRIX,Shanghai,China,,,Permanent,,,0.26474846889858533,0.3047625569882795,0.4304889741131352,1,False,Chinese Grand Prix,chinese_grand_prix,2018,2018-04-15,102.02637209302326,43,Opening,3.828000000000003,False,False,False,True
VET,Ferrari,7,0 days 00:01:38.658000,0 days 00:00:26.518000,0 days 00:00:29.451000,0 days 00:00:42.689000,Soft,8,1,,,,False,0 days 00:19:08.514000,98.658,26.518,29.451,42.689,1148.514,1173.02,20.0,21.3,1018.3,False,38.0,239,1.9,False,True,False,FORMULA 1 2018 HEINEKEN CHINESE GRAND PRIX,Shanghai,China,,,Permanent,,,0.2687871231932535,0.2985160858724077,0.4326967909343388,1,False,Chinese Grand Prix,chinese_grand_prix,2018,2018-04-15,101.62033333333333,42,Opening,1.179000000000002,False,False,False,True
BOT,Mercedes,7,0 days 00:01:38.717000,0 days 00:00:26.486000,0 days 00:00:29.646000,0 days 00:00:42.585000,Soft,9,1,,,,False,0 days 00:19:11.038000,98.717,26.486,29.646,42.585,1151.038,1173.02,20.0,21.3,1018.3,False,38.0,239,1.9,False,True,False,FORMULA 1 2018 HEINEKEN CHINESE GRAND PRIX,Shanghai,China,,,Permanent,,,0.26830231874955685,0.30031301599521865,0.43138466525522456,1,False,Chinese Grand Prix,chinese_grand_prix,2018,2018-04-15,101.08895454545454,44,Opening,1.730000000000004,False,False,False,True
VER,Red Bull Racing,7,0 days 00:01:39.094000,0 days 00:00:26.586000,0 days 00:00:29.672000,0 days 00:00:42.836000,ULTRASOFT,9,1,,,,False,0 days 00:19:14.405000,99.094,26.586,29.672,42.836,1154.405,1173.02,20.0,21.3,1018.3,False,38.0,239,1.9,False,True,False,FORMULA 1 2018 HEINEKEN CHINESE GRAND PRIX,Shanghai,China,,,Permanent,,,0.2682907138676408,0.2994328617272489,0.4322764244051103,1,False,Chinese Grand Prix,chinese_grand_prix,2018,2018-04-15,101.39367441860465,43,Opening,2.887999999999991,False,False,False,True
RAI,Ferrari,7,0 days 00:01:39.281000,0 days 00:00:26.450000,0 days 00:00:29.789000,0 days 00:00:43.042000,Soft,9,1,,,,False,0 days 00:19:16.371000,99.281,26.45,29.789,43.042,1156.371,1173.02,20.0,21.3,1018.3,False,38.0,239,1.9,False,True,False,FORMULA 1 2018 HEINEKEN CHINESE GRAND PRIX,Shanghai,China,,,Permanent,,,0.2664155276437586,0.3000473403773129,0.4335371319789285,1,False,Chinese Grand Prix,chinese_grand_prix,2018,2018-04-15,102.48924444444444,45,Opening,2.825000000000003,False,False,False,True
HAM,Mercedes,7,0 days 00:01:39.173000,0 days 00:00:26.633000,0 days 00:00:29.701000,0 days 00:00:42.839000,Soft,9,1,,,,False,0 days 00:19:17.855000,99.173,26.633,29.701,42.839,1157.855,1173.02,20.0,21.3,1018.3,False,38.0,239,1.9,False,True,False,FORMULA 1 2018 HEINEKEN CHINESE GRAND PRIX,Shanghai,China,,,Permanent,,,0.26855091607594805,0.299486755467718,0.43196232845633387,1,False,Chinese Grand Prix,chinese_grand_prix,2018,2018-04-15,101.40695348837208,43,Opening,2.2950000000000017,False,False,False,True
RIC,Red Bull Racing,7,0 days 00:01:39.222000,0 days 00:00:26.502000,0 days 00:00:29.763000,0 days 00:00:42.957000,ULTRASOFT,9,1,,,,False,0 days 00:19:19.886000,99.222,26.502,29.763,42.957,1159.886,1173.02,20.0,21.3,1018.3,False,38.0,239,1.9,False,True,False,FORMULA 1 2018 HEINEKEN CHINESE GRAND PRIX,Shanghai,China,,,Permanent,,,0.2670980226159521,0.2999637177238919,0.43293825966015603,1,False,Chinese Grand Prix,chinese_grand_prix,2018,2018-04-15,101.17729545454546,44,Opening,3.4369999999999976,False,False,False,True
HUL,Renault,7,0 days 00:01:40.476000,0 days 00:00:26.892000,0 days 00:00:30.105000,0 days 00:00:43.479000,ULTRASOFT,9,1,,,,False,0 days 00:19:25.495000,100.476,26.892,30.105,43.479,1165.495,1173.02,20.0,21.3,1018.3,False,38.0,239,1.9,False,True,False,FORMULA 1 2018 HEINEKEN CHINESE GRAND PRIX,Shanghai,China,,,Permanent,,,0.26764600501612323,0.29962379075600143,0.43273020422787534,1,False,Chinese Grand Prix,chinese_grand_prix,2018,2018-04-15,102.89104545454546,44,Opening,3.594999999999999,False,False,False,True
SAI,Renault,7,0 days 00:01:40.480000,0 days 00:00:26.940000,0 days 00:00:30.132000,0 days 00:00:43.408000,ULTRASOFT,9,1,,,,False,0 days 00:19:27.734000,100.48,26.94,30.132,43.408,1167.734,1173.02,20.0,21.3,1018.3,False,38.0,239,1.9,False,True,False,FORMULA 1 2018 HEINEKEN CHINESE GRAND PRIX,Shanghai,China,,,Permanent,,,0.26811305732484075,0.29988057324840767,0.4320063694267516,1,False,Chinese Grand Prix,chinese_grand_prix,2018,2018-04-15,103.05313636363636,44,Opening,2.725999999999999,False,False,False,True
MAG,Haas F1 Team,7,0 days 00:01:40.913000,0 days 00:00:26.882000,0 days 00:00:30.408000,0 days 00:00:43.623000,Soft,10,1,,,,False,0 days 00:19:30.560000,100.913,26.882,30.408,43.623,1170.56,1173.02,20.0,21.3,1018.3,False,38.0,239,1.9,False,True,False,FORMULA 1 2018 HEINEKEN CHINESE GRAND PRIX,Shanghai,China,,,Permanent,,,0.26638787866776337,0.3013288674402704,0.4322832538919663,1,False,Chinese Grand Prix,chinese_grand_prix,2018,2018-04-15,104.04457777777779,45,Opening,2.7609999999999957,False,False,False,True
GRO,Haas F1 Team,7,0 days 00:01:41.296000,0 days 00:00:27.197000,0 days 00:00:30.563000,0 days 00:00:43.536000,ULTRASOFT,9,1,,,,False,0 days 00:19:31.311000,101.296,27.197,30.563,43.536,1171.311,1173.02,20.0,21.3,1018.3,False,38.0,239,1.9,False,True,False,FORMULA 1 2018 HEINEKEN CHINESE GRAND PRIX,Shanghai,China,,,Permanent,,,0.2684903648712683,0.3017197125256673,0.42978992260306426,1,False,Chinese Grand Prix,chinese_grand_prix,2018,2018-04-15,104.38857777777777,45,Opening,3.88600000000001,False,False,False,True
ALO,McLaren,7,0 days 00:01:40.684000,0 days 00:00:26.793000,0 days 00:00:30.382000,0 days 00:00:43.509000,Soft,6,1,,,,False,0 days 00:19:32.130000,100.684,26.793,30.382,43.509,1172.13,1173.02,20.0,21.3,1018.3,False,38.0,239,1.9,False,True,False,FORMULA 1 2018 HEINEKEN CHINESE GRAND PRIX,Shanghai,China,,,Permanent,,,0.2661098089070756,0.3017559890350006,0.4321342020579238,1,False,Chinese Grand Prix,chinese_grand_prix,2018,2018-04-15,103.92247826086957,46,Opening,3.450000000000003,False,False,False,True
OCO,Force India,7,0 days 00:01:40.486000,0 days 00:00:26.638000,0 days 00:00:30.425000,0 days 00:00:43.423000,Soft,6,1,,,,False,0 days 00:19:33.598000,100.486,26.638,30.425,43.423,1173.598,1173.02,20.0,21.3,1018.3,False,38.0,239,1.9,False,True,False,FORMULA 1 2018 HEINEKEN CHINESE GRAND PRIX,Shanghai,China,,,Permanent,,,0.26509165455884404,0.3027784965069761,0.4321298489341799,1,False,Chinese Grand Prix,chinese_grand_prix,2018,2018-04-15,104.14320000000001,45,Opening,2.5010000000000048,False,False,False,True
STR,Williams,7,0 days 00:01:41.559000,0 days 00:00:27.153000,0 days 00:00:30.575000,0 days 00:00:43.831000,Soft,6,1,,,,False,0 days 00:19:35.820000,101.559,27.153,30.575,43.831,1175.82,1173.02,20.0,21.3,1018.3,False,38.0,239,1.9,False,True,False,FORMULA 1 2018 HEINEKEN CHINESE GRAND PRIX,Shanghai,China,,,Permanent,,,0.2673618290845715,0.3010565287172973,0.43158164219813117,1,False,Chinese Grand Prix,chinese_grand_prix,2018,2018-04-15,104.3311111111111,45,Opening,3.0589999999999975,False,False,False,True
PER,Force India,7,0 days 00:01:41.471000,0 days 00:00:27.042000,0 days 00:00:30.950000,0 days 00:00:43.479000,ULTRASOFT,9,1,,,,False,0 days 00:19:36.434000,101.471,27.042,30.95,43.479,1176.434,1173.02,20.0,21.3,1018.3,False,38.0,239,1.9,False,True,False,FORMULA 1 2018 HEINEKEN CHINESE GRAND PRIX,Shanghai,China,,,Permanent,,,0.26649978811680186,0.30501325501867527,0.42848695686452287,1,False,Chinese Grand Prix,chinese_grand_prix,2018,2018-04-15,104.14991111111111,45,Opening,3.798000000000002,False,False,False,True
VAN,McLaren,7,0 days 00:01:40.933000,0 days 00:00:26.872000,0 days 00:00:30.239000,0 days 00:00:43.822000,Soft,6,1,,,,False,0 days 00:19:38.076000,100.933,26.872,30.239,43.822,1178.076,1173.02,20.0,21.3,1018.3,False,38.0,239,1.9,False,True,False,FORMULA 1 2018 HEINEKEN CHINESE GRAND PRIX,Shanghai,China,,,Permanent,,,0.2662360179525031,0.29959478069610535,0.43416920135139153,1,False,Chinese Grand Prix,chinese_grand_prix,2018,2018-04-15,104.21526666666666,45,Opening,2.7960000000000065,False,False,False,True
SIR,Williams,7,0 days 00:01:41.254000,0 days 00:00:26.934000,0 days 00:00:30.554000,0 days 00:00:43.766000,Soft,6,1,,,,False,0 days 00:19:39.935000,101.254,26.934,30.554,43.766,1179.935,1173.02,20.0,21.3,1018.3,False,38.0,239,1.9,False,True,False,FORMULA 1 2018 HEINEKEN CHINESE GRAND PRIX,Shanghai,China,,,Permanent,,,0.26600430600272584,0.3017559800106662,0.4322397139866079,1,False,Chinese Grand Prix,chinese_grand_prix,2018,2018-04-15,104.34546666666667,45,Opening,2.6300000000000097,False,False,False,True
LEC,Sauber,7,0 days 00:01:41.687000,0 days 00:00:27.140000,0 days 00:00:30.640000,0 days 00:00:43.907000,Soft,6,1,,,,False,0 days 00:19:41.503000,101.687,27.14,30.64,43.907,1181.503,1173.02,20.0,21.3,1018.3,False,38.0,239,1.9,False,True,False,FORMULA 1 2018 HEINEKEN CHINESE GRAND PRIX,Shanghai,China,,,Permanent,,,0.26689744018409434,0.30131678582316324,0.4317857739927424,1,False,Chinese Grand Prix,chinese_grand_prix,2018,2018-04-15,102.08430232558139,43,Opening,2.8789999999999907,False,False,False,True
GAS,Toro Rosso,7,0 days 00:01:41.907000,0 days 00:00:26.987000,0 days 00:00:31.100000,0 days 00:00:43.820000,Medium,6,1,,,,False,0 days 00:19:42.242000,101.907,26.987,31.1,43.82,1182.242,1173.02,20.0,21.3,1018.3,False,38.0,239,1.9,False,True,False,FORMULA 1 2018 HEINEKEN CHINESE GRAND PRIX,Shanghai,China,,,Permanent,,,0.2648198847969227,0.3051802133317633,0.42999990187131404,1,False,Chinese Grand Prix,chinese_grand_prix,2018,2018-04-15,102.94286363636364,44,Opening,3.539999999999992,False,False,False,True
HAR,Toro Rosso,7,0 days 00:01:42.186000,0 days 00:00:27.210000,0 days 00:00:30.776000,0 days 00:00:44.200000,ULTRASOFT,6,1,,,,False,0 days 00:19:44.245000,102.186,27.21,30.776,44.2,1184.245,1173.02,20.0,21.3,1018.3,False,38.0,239,1.9,False,True,False,FORMULA 1 2018 HEINEKEN CHINESE GRAND PRIX,Shanghai,China,,,Permanent,,,0.2662791380423933,0.30117628637973887,0.4325445755778678,1,False,Chinese Grand Prix,chinese_grand_prix,2018,2018-04-15,102.14634883720929,43,Opening,2.8100000000000023,False,False,False,True
ERI,Sauber,7,0 days 00:01:42.194000,0 days 00:00:27.093000,0 days 00:00:30.928000,0 days 00:00:44.173000,Soft,6,1,,,,False,0 days 00:19:45.148000,102.194,27.093,30.928,44.173,1185.148,1173.02,20.0,21.3,1018.3,False,38.0,239,1.9,False,True,False,FORMULA 1 2018 HEINEKEN CHINESE GRAND PRIX,Shanghai,China,,,Permanent,,,0.26511341174628644,0.3026400767168327,0.4322465115368808,1,False,Chinese Grand Prix,chinese_grand_prix,2018,2018-04-15,102.02637209302326,43,Opening,3.808000000000007,False,False,False,True
VET,Ferrari,8,0 days 00:01:38.819000,0 days 00:00:26.434000,0 days 00:00:29.525000,0 days 00:00:42.860000,Soft,9,1,,,,False,0 days 00:20:47.333000,98.819,26.434,29.525,42.86,1247.333,1233.119,19.4,22.7,1018.3,False,37.9,263,1.5,False,True,False,FORMULA 1 2018 HEINEKEN CHINESE GRAND PRIX,Shanghai,China,,,Permanent,,,0.267499165140307,0.2987785749704004,0.4337222598892925,1,False,Chinese Grand Prix,chinese_grand_prix,2018,2018-04-15,101.62033333333333,42,Opening,1.3400000000000034,False,False,False,True
BOT,Mercedes,8,0 days 00:01:38.881000,0 days 00:00:26.442000,0 days 00:00:29.759000,0 days 00:00:42.680000,Soft,10,1,,,,False,0 days 00:20:49.919000,98.881,26.442,29.759,42.68,1249.919,1233.119,19.4,22.7,1018.3,False,37.9,263,1.5,False,True,False,FORMULA 1 2018 HEINEKEN CHINESE GRAND PRIX,Shanghai,China,,,Permanent,,,0.26741234413082393,0.3009577168515691,0.43162993901760704,1,False,Chinese Grand Prix,chinese_grand_prix,2018,2018-04-15,101.08895454545454,44,Opening,1.8940000000000055,False,False,False,True
VER,Red Bull Racing,8,0 days 00:01:39.345000,0 days 00:00:26.539000,0 days 00:00:29.876000,0 days 00:00:42.930000,ULTRASOFT,10,1,,,,False,0 days 00:20:53.750000,99.345,26.539,29.876,42.93,1253.75,1233.119,19.4,22.7,1018.3,False,37.9,263,1.5,False,True,False,FORMULA 1 2018 HEINEKEN CHINESE GRAND PRIX,Shanghai,China,,,Permanent,,,0.2671397654637878,0.300729780059389,0.4321304544768232,1,False,Chinese Grand Prix,chinese_grand_prix,2018,2018-04-15,101.39367441860465,43,Opening,3.138999999999996,False,False,False,True
RAI,Ferrari,8,0 days 00:01:39.598000,0 days 00:00:26.567000,0 days 00:00:29.974000,0 days 00:00:43.057000,Soft,10,1,,,,False,0 days 00:20:55.969000,99.598,26.567,29.974,43.057,1255.969,1233.119,19.4,22.7,1018.3,False,37.9,263,1.5,False,True,False,FORMULA 1 2018 HEINEKEN CHINESE GRAND PRIX,Shanghai,China,,,Permanent,,,0.26674230406233057,0.30094981826944317,0.4323078776682263,1,False,Chinese Grand Prix,chinese_grand_prix,2018,2018-04-15,102.48924444444444,45,Opening,3.141999999999996,False,False,False,True
HAM,Mercedes,8,0 days 00:01:39.482000,0 days 00:00:26.565000,0 days 00:00:29.934000,0 days 00:00:42.983000,Soft,10,1,,,,False,0 days 00:20:57.337000,99.482,26.565,29.934,42.983,1257.337,1233.119,19.4,22.7,1018.3,False,37.9,263,1.5,False,True,False,FORMULA 1 2018 HEINEKEN CHINESE GRAND PRIX,Shanghai,China,,,Permanent,,,0.26703323214249813,0.30089865503307134,0.43206811282443053,1,False,Chinese Grand Prix,chinese_grand_prix,2018,2018-04-15,101.40695348837208,43,Opening,2.603999999999999,False,False,False,True
RIC,Red Bull Racing,8,0 days 00:01:39.211000,0 days 00:00:26.507000,0 days 00:00:29.740000,0 days 00:00:42.964000,ULTRASOFT,10,1,,,,False,0 days 00:20:59.097000,99.211,26.507,29.74,42.964,1259.097,1233.119,19.4,22.7,1018.3,False,37.9,263,1.5,False,True,False,FORMULA 1 2018 HEINEKEN CHINESE GRAND PRIX,Shanghai,China,,,Permanent,,,0.2671780346937336,0.29976514700990814,0.4330568182963583,1,False,Chinese Grand Prix,chinese_grand_prix,2018,2018-04-15,101.17729545454546,44,Opening,3.426000000000002,False,False,False,True
HUL,Renault,8,0 days 00:01:40.547000,0 days 00:00:26.822000,0 days 00:00:30.234000,0 days 00:00:43.491000,ULTRASOFT,10,1,,,,False,0 days 00:21:06.042000,100.547,26.822,30.234,43.491,1266.042,1293.345,19.4,22.8,1018.3,False,37.9,77,0.9,False,True,False,FORMULA 1 2018 HEINEKEN CHINESE GRAND PRIX,Shanghai,China,,,Permanent,,,0.26676081832376897,0.300695197270928,0.432543984405303,1,False,Chinese Grand Prix,chinese_grand_prix,2018,2018-04-15,102.89104545454546,44,Opening,3.665999999999997,False,False,False,True
SAI,Renault,8,0 days 00:01:40.465000,0 days 00:00:26.902000,0 days 00:00:30.229000,0 days 00:00:43.334000,ULTRASOFT,10,1,,,,False,0 days 00:21:08.199000,100.465,26.902,30.229,43.334,1268.199,1293.345,19.4,22.8,1018.3,False,37.9,77,0.9,False,True,False,FORMULA 1 2018 HEINEKEN CHINESE GRAND PRIX,Shanghai,China,,,Permanent,,,0.26777484696162845,0.30089085751256656,0.43133429552580504,1,False,Chinese Grand Prix,chinese_grand_prix,2018,2018-04-15,103.05313636363636,44,Opening,2.7109999999999985,False,False,False,True
MAG,Haas F1 Team,8,0 days 00:01:41.119000,0 days 00:00:26.805000,0 days 00:00:30.585000,0 days 00:00:43.729000,Soft,11,1,,,,False,0 days 00:21:11.679000,101.119,26.805,30.585,43.729,1271.679,1293.345,19.4,22.8,1018.3,False,37.9,77,0.9,False,True,False,FORMULA 1 2018 HEINEKEN CHINESE GRAND PRIX,Shanghai,China,,,Permanent,,,0.2650837132487465,0.30246541203928046,0.432450874711973,1,False,Chinese Grand Prix,chinese_grand_prix,2018,2018-04-15,104.04457777777779,45,Opening,2.9669999999999987,False,False,False,True
GRO,Haas F1 Team,8,0 days 00:01:41.283000,0 days 00:00:26.767000,0 days 00:00:30.721000,0 days 00:00:43.795000,ULTRASOFT,10,1,,,,False,0 days 00:21:12.594000,101.283,26.767,30.721,43.795,1272.594,1293.345,19.4,22.8,1018.3,False,37.9,77,0.9,False,True,False,FORMULA 1 2018 HEINEKEN CHINESE GRAND PRIX,Shanghai,China,,,Permanent,,,0.2642792966243101,0.30331842461222513,0.43240227876346476,1,False,Chinese Grand Prix,chinese_grand_prix,2018,2018-04-15,104.38857777777777,45,Opening,3.8730000000000047,False,False,False,True
ALO,McLaren,8,0 days 00:01:40.986000,0 days 00:00:26.596000,0 days 00:00:30.590000,0 days 00:00:43.800000,Soft,7,1,,,,False,0 days 00:21:13.116000,100.986,26.596,30.59,43.8,1273.116,1293.345,19.4,22.8,1018.3,False,37.9,77,0.9,False,True,False,FORMULA 1 2018 HEINEKEN CHINESE GRAND PRIX,Shanghai,China,,,Permanent,,,0.26336323846869863,0.3029132751074406,0.43372348642386066,1,False,Chinese Grand Prix,chinese_grand_prix,2018,2018-04-15,103.92247826086957,46,Opening,3.7520000000000095,False,False,False,True
OCO,Force India,8,0 days 00:01:40.841000,0 days 00:00:26.789000,0 days 00:00:30.423000,0 days 00:00:43.629000,Soft,7,1,,,,False,0 days 00:21:14.439000,100.841,26.789,30.423,43.629,1274.439,1293.345,19.4,22.8,1018.3,False,37.9,77,0.9,False,True,False,FORMULA 1 2018 HEINEKEN CHINESE GRAND PRIX,Shanghai,China,,,Permanent,,,0.26565583443242335,0.30169276385597127,0.4326514017116054,1,False,Chinese Grand Prix,chinese_grand_prix,2018,2018-04-15,104.14320000000001,45,Opening,2.8559999999999945,False,False,False,True
STR,Williams,8,0 days 00:01:41.240000,0 days 00:00:27.021000,0 days 00:00:30.471000,0 days 00:00:43.748000,Soft,7,1,,,,False,0 days 00:21:17.060000,101.24,27.021,30.471,43.748,1277.06,1293.345,19.4,22.8,1018.3,False,37.9,77,0.9,False,True,False,FORMULA 1 2018 HEINEKEN CHINESE GRAND PRIX,Shanghai,China,,,Permanent,,,0.2669004346108258,0.3009778743579613,0.43212169103121295,1,False,Chinese Grand Prix,chinese_grand_prix,2018,2018-04-15,104.3311111111111,45,Opening,2.739999999999995,False,False,False,True
PER,Force India,8,0 days 00:01:41.436000,0 days 00:00:27.015000,0 days 00:00:30.862000,0 days 00:00:43.559000,ULTRASOFT,10,1,,,,False,0 days 00:21:17.870000,101.436,27.015,30.862,43.559,1277.87,1293.345,19.4,22.8,1018.3,False,37.9,77,0.9,False,True,False,FORMULA 1 2018 HEINEKEN CHINESE GRAND PRIX,Shanghai,China,,,Permanent,,,0.26632556488820536,0.3042509562679916,0.42942347884380294,1,False,Chinese Grand Prix,chinese_grand_prix,2018,2018-04-15,104.14991111111111,45,Opening,3.7630000000000052,False,False,False,True
VAN,McLaren,8,0 days 00:01:40.786000,0 days 00:00:26.867000,0 days 00:00:30.367000,0 days 00:00:43.552000,Soft,7,1,,,,False,0 days 00:21:18.862000,100.786,26.867,30.367,43.552,1278.862,1293.345,19.4,22.8,1018.3,False,37.9,77,0.9,False,True,False,FORMULA 1 2018 HEINEKEN CHINESE GRAND PRIX,Shanghai,China,,,Permanent,,,0.26657472267973725,0.3013017681027127,0.43212350921755005,1,False,Chinese Grand Prix,chinese_grand_prix,2018,2018-04-15,104.21526666666666,45,Opening,2.649000000000001,False,False,False,True
SIR,Williams,8,0 days 00:01:41.413000,0 days 00:00:27.009000,0 days 00:00:30.695000,0 days 00:00:43.709000,Soft,7,1,,,,False,0 days 00:21:21.348000,101.413,27.009,30.695,43.709,1281.348,1293.345,19.4,22.8,1018.3,False,37.9,77,0.9,False,True,False,FORMULA 1 2018 HEINEKEN CHINESE GRAND PRIX,Shanghai,China,,,Permanent,,,0.2663268022837309,0.3026732272982754,0.4309999704179938,1,False,Chinese Grand Prix,chinese_grand_prix,2018,2018-04-15,104.34546666666667,45,Opening,2.7890000000000015,False,False,False,True
LEC,Sauber,8,0 days 00:01:41.776000,0 days 00:00:27.101000,0 days 00:00:30.500000,0 days 00:00:44.175000,Soft,7,1,,,,False,0 days 00:21:23.279000,101.776,27.101,30.5,44.175,1283.279,1293.345,19.4,22.8,1018.3,False,37.9,77,0.9,False,True,False,FORMULA 1 2018 HEINEKEN CHINESE GRAND PRIX,Shanghai,China,,,Permanent,,,0.266280852067285,0.2996777236283603,0.43404142430435466,1,False,Chinese Grand Prix,chinese_grand_prix,2018,2018-04-15,102.08430232558139,43,Opening,2.9679999999999893,False,False,False,True
GAS,Toro Rosso,8,0 days 00:01:41.580000,0 days 00:00:26.873000,0 days 00:00:30.792000,0 days 00:00:43.915000,Medium,7,1,,,,False,0 days 00:21:23.822000,101.58,26.873,30.792,43.915,1283.822,1293.345,19.4,22.8,1018.3,False,37.9,77,0.9,False,True,False,FORMULA 1 2018 HEINEKEN CHINESE GRAND PRIX,Shanghai,China,,,Permanent,,,0.2645501082890333,0.3031305375073834,0.43231935420358336,1,False,Chinese Grand Prix,chinese_grand_prix,2018,2018-04-15,102.94286363636364,44,Opening,3.212999999999994,False,False,False,True
HAR,Toro Rosso,8,0 days 00:01:41.762000,0 days 00:00:27.061000,0 days 00:00:30.796000,0 days 00:00:43.905000,ULTRASOFT,7,1,,,,False,0 days 00:21:26.007000,101.762,27.061,30.796,43.905,1286.007,1293.345,19.4,22.8,1018.3,False,37.9,77,0.9,False,True,False,FORMULA 1 2018 HEINEKEN CHINESE GRAND PRIX,Shanghai,China,,,Permanent,,,0.2659244118629744,0.3026276999272813,0.43144788820974433,1,False,Chinese Grand Prix,chinese_grand_prix,2018,2018-04-15,102.14634883720929,43,Opening,2.3859999999999957,False,False,False,True
ERI,Sauber,8,0 days 00:01:42.018000,0 days 00:00:27.059000,0 days 00:00:30.911000,0 days 00:00:44.048000,Soft,7,1,,,,False,0 days 00:21:27.166000,102.018,27.059,30.911,44.048,1287.166,1293.345,19.4,22.8,1018.3,False,37.9,77,0.9,False,True,False,FORMULA 1 2018 HEINEKEN CHINESE GRAND PRIX,Shanghai,China,,,Permanent,,,0.26523750710658905,0.30299554980493637,0.4317669430884746,1,False,Chinese Grand Prix,chinese_grand_prix,2018,2018-04-15,102.02637209302326,43,Opening,3.632000000000005,False,False,False,True
VET,Ferrari,9,0 days 00:01:38.774000,0 days 00:00:26.381000,0 days 00:00:29.535000,0 days 00:00:42.858000,Soft,10,1,,,,False,0 days 00:22:26.107000,98.774,26.381,29.535,42.858,1346.107,1353.705,19.5,23.0,1018.3,False,38.2,102,1.8,False,True,False,FORMULA 1 2018 HEINEKEN CHINESE GRAND PRIX,Shanghai,China,,,Permanent,,,0.267084455423492,0.29901593536760684,0.4338996092089011,1,False,Chinese Grand Prix,chinese_grand_prix,2018,2018-04-15,101.62033333333333,42,Opening,1.2950000000000017,False,False,False,True
BOT,Mercedes,9,0 days 00:01:38.683000,0 days 00:00:26.399000,0 days 00:00:29.673000,0 days 00:00:42.611000,Soft,11,1,,,,False,0 days 00:22:28.602000,98.683,26.399,29.673,42.611,1348.602,1353.705,19.5,23.0,1018.3,False,38.2,102,1.8,False,True,False,FORMULA 1 2018 HEINEKEN CHINESE GRAND PRIX,Shanghai,China,,,Permanent,,,0.2675131481612841,0.30069008846508516,0.43179676337363065,1,False,Chinese Grand Prix,chinese_grand_prix,2018,2018-04-15,101.08895454545454,44,Opening,1.6960000000000122,False,False,False,True
VER,Red Bull Racing,9,0 days 00:01:39.219000,0 days 00:00:26.575000,0 days 00:00:29.721000,0 days 00:00:42.923000,ULTRASOFT,11,1,,,,False,0 days 00:22:32.969000,99.219,26.575,29.721,42.923,1352.969,1353.705,19.5,23.0,1018.3,False,38.2,102,1.8,False,True,False,FORMULA 1 2018 HEINEKEN CHINESE GRAND PRIX,Shanghai,China,,,Permanent,,,0.2678418448079501,0.2995494814501255,0.43260867374192447,1,False,Chinese Grand Prix,chinese_grand_prix,2018,2018-04-15,101.39367441860465,43,Opening,3.012999999999991,False,False,False,True
RAI,Ferrari,9,0 days 00:01:39.297000,0 days 00:00:26.427000,0 days 00:00:29.915000,0 days 00:00:42.955000,Soft,11,1,,,,False,0 days 00:22:35.266000,99.297,26.427,29.915,42.955,1355.266,1353.705,19.5,23.0,1018.3,False,38.2,102,1.8,False,True,False,FORMULA 1 2018 HEINEKEN CHINESE GRAND PRIX,Shanghai,China,,,Permanent,,,0.266140971026315,0.3012679134314229,0.4325911155422621,1,False,Chinese Grand Prix,chinese_grand_prix,2018,2018-04-15,102.48924444444444,45,Opening,2.840999999999994,False,False,False,True
HAM,Mercedes,9,0 days 00:01:39.196000,0 days 00:00:26.582000,0 days 00:00:29.779000,0 days 00:00:42.835000,Soft,11,1,,,,False,0 days 00:22:36.533000,99.196,26.582,29.779,42.835,1356.533,1353.705,19.5,23.0,1018.3,False,38.2,102,1.8,False,True,False,FORMULA 1 2018 HEINEKEN CHINESE GRAND PRIX,Shanghai,China,,,Permanent,,,0.2679745151014154,0.30020363724343724,0.4318218476551474,1,False,Chinese Grand Prix,chinese_grand_prix,2018,2018-04-15,101.40695348837208,43,Opening,2.317999999999998,False,False,False,True
RIC,Red Bull Racing,9,0 days 00:01:39.255000,0 days 00:00:26.571000,0 days 00:00:29.860000,0 days 00:00:42.824000,ULTRASOFT,11,1,,,,False,0 days 00:22:38.352000,99.255,26.571,29.86,42.824,1358.352,1353.705,19.5,23.0,1018.3,False,38.2,102,1.8,False,True,False,FORMULA 1 2018 HEINEKEN CHINESE GRAND PRIX,Shanghai,China,,,Permanent,,,0.2677043977633369,0.3008412674424462,0.4314543347942169,1,False,Chinese Grand Prix,chinese_grand_prix,2018,2018-04-15,101.17729545454546,44,Opening,3.469999999999999,False,False,False,True
HUL,Renault,9,0 days 00:01:40.545000,0 days 00:00:26.922000,0 days 00:00:30.251000,0 days 00:00:43.372000,ULTRASOFT,11,1,,,,False,0 days 00:22:46.587000,100.545,26.922,30.251,43.372,1366.587,1353.705,19.5,23.0,1018.3,False,38.2,102,1.8,False,True,False,FORMULA 1 2018 HEINEKEN CHINESE GRAND PRIX,Shanghai,China,,,Permanent,,,0.2677607041623154,0.3008702570988115,0.4313690387388731,1,False,Chinese Grand Prix,chinese_grand_prix,2018,2018-04-15,102.89104545454546,44,Opening,3.6640000000000015,False,False,False,True
SAI,Renault,9,0 days 00:01:40.459000,0 days 00:00:26.999000,0 days 00:00:30.159000,0 days 00:00:43.301000,ULTRASOFT,11,1,,,,False,0 days 00:22:48.658000,100.459,26.999,30.159,43.301,1368.658,1353.705,19.5,23.0,1018.3,False,38.2,102,1.8,False,True,False,FORMULA 1 2018 HEINEKEN CHINESE GRAND PRIX,Shanghai,China,,,Permanent,,,0.26875640808688117,0.30021202679700176,0.431031565116117,1,False,Chinese Grand Prix,chinese_grand_prix,2018,2018-04-15,103.05313636363636,44,Opening,2.7049999999999983,False,False,False,True
MAG,Haas F1 Team,9,0 days 00:01:40.542000,0 days 00:00:26.875000,0 days 00:00:30.316000,0 days 00:00:43.351000,Soft,12,1,,,,False,0 days 00:22:52.221000,100.542,26.875,30.316,43.351,1372.221,1353.705,19.5,23.0,1018.3,False,38.2,102,1.8,False,True,False,FORMULA 1 2018 HEINEKEN CHINESE GRAND PRIX,Shanghai,China,,,Permanent,,,0.26730122734777506,0.30152573054047066,0.4311730421117543,1,False,Chinese Grand Prix,chinese_grand_prix,2018,2018-04-15,104.04457777777779,45,Opening,2.3900000000000006,False,False,False,True
GRO,Haas F1 Team,9,0 days 00:01:40.918000,0 days 00:00:27.152000,0 days 00:00:30.425000,0 days 00:00:43.341000,ULTRASOFT,11,1,,,,False,0 days 00:22:53.512000,100.918,27.152,30.425,43.341,1373.512,1353.705,19.5,23.0,1018.3,False,38.2,102,1.8,False,True,False,FORMULA 1 2018 HEINEKEN CHINESE GRAND PRIX,Shanghai,China,,,Permanent,,,0.2690501198993242,0.30148239164470164,0.42946748845597416,1,False,Chinese Grand Prix,chinese_grand_prix,2018,2018-04-15,104.38857777777777,45,Opening,3.5080000000000098,False,False,False,True
ALO,McLaren,9,0 days 00:01:41.224000,0 days 00:00:27.112000,0 days 00:00:30.680000,0 days 00:00:43.432000,Soft,8,1,,,,False,0 days 00:22:54.340000,101.224,27.112,30.68,43.432,1374.34,1353.705,19.5,23.0,1018.3,False,38.2,102,1.8,False,True,False,FORMULA 1 2018 HEINEKEN CHINESE GRAND PRIX,Shanghai,China,,,Permanent,,,0.267841618588477,0.3030901762427883,0.4290682051687347,1,False,Chinese Grand Prix,chinese_grand_prix,2018,2018-04-15,103.92247826086957,46,Opening,3.990000000000009,False,False,False,True
OCO,Force India,9,0 days 00:01:40.925000,0 days 00:00:26.781000,0 days 00:00:30.718000,0 days 00:00:43.426000,Soft,8,1,,,,False,0 days 00:22:55.364000,100.925,26.781,30.718,43.426,1375.364,1353.705,19.5,23.0,1018.3,False,38.2,102,1.8,False,True,False,FORMULA 1 2018 HEINEKEN CHINESE GRAND PRIX,Shanghai,China,,,Permanent,,,0.2653554619767154,0.3043646271984147,0.43027991082487,1,False,Chinese Grand Prix,chinese_grand_prix,2018,2018-04-15,104.14320000000001,45,Opening,2.9399999999999977,False,False,False,True
STR,Williams,9,0 days 00:01:41.525000,0 days 00:00:27.180000,0 days 00:00:30.574000,0 days 00:00:43.771000,Soft,8,1,,,,False,0 days 00:22:58.585000,101.525,27.18,30.574,43.771,1378.585,1353.705,19.5,23.0,1018.3,False,38.2,102,1.8,False,True,False,FORMULA 1 2018 HEINEKEN CHINESE GRAND PRIX,Shanghai,China,,,Permanent,,,0.2677173110071411,0.3011475006156119,0.43113518837724696,1,False,Chinese Grand Prix,chinese_grand_prix,2018,2018-04-15,104.3311111111111,45,Opening,3.0250000000000057,False,False,False,True
PER,Force India,9,0 days 00:01:41.685000,0 days 00:00:26.906000,0 days 00:00:31.130000,0 days 00:00:43.649000,ULTRASOFT,11,1,,,,False,0 days 00:22:59.555000,101.685,26.906,31.13,43.649,1379.555,1353.705,19.5,23.0,1018.3,False,38.2,102,1.8,False,True,False,FORMULA 1 2018 HEINEKEN CHINESE GRAND PRIX,Shanghai,China,,,Permanent,,,0.2646014653095343,0.3061415154644244,0.4292570192260412,1,False,Chinese Grand Prix,chinese_grand_prix,2018,2018-04-15,104.14991111111111,45,Opening,4.0120000000000005,False,False,False,True
VAN,McLaren,9,0 days 00:01:41.479000,0 days 00:00:26.881000,0 days 00:00:30.727000,0 days 00:00:43.871000,Soft,8,1,,,,False,0 days 00:23:00.341000,101.479,26.881,30.727,43.871,1380.341,1353.705,19.5,23.0,1018.3,False,38.2,102,1.8,False,True,False,FORMULA 1 2018 HEINEKEN CHINESE GRAND PRIX,Shanghai,China,,,Permanent,,,0.2648922437154485,0.3027917106002227,0.4323160456843288,1,False,Chinese Grand Prix,chinese_grand_prix,2018,2018-04-15,104.21526666666666,45,Opening,3.3419999999999987,False,False,False,True
SIR,Williams,9,0 days 00:01:41.377000,0 days 00:00:27.074000,0 days 00:00:30.596000,0 days 00:00:43.707000,Soft,8,1,,,,False,0 days 00:23:02.725000,101.377,27.074,30.596,43.707,1382.725,1353.705,19.5,23.0,1018.3,False,38.2,102,1.8,False,True,False,FORMULA 1 2018 HEINEKEN CHINESE GRAND PRIX,Shanghai,China,,,Permanent,,,0.26706254870434126,0.3018041567613956,0.43113329453426325,1,False,Chinese Grand Prix,chinese_grand_prix,2018,2018-04-15,104.34546666666667,45,Opening,2.753,False,False,False,True
LEC,Sauber,9,0 days 00:01:41.613000,0 days 00:00:27.014000,0 days 00:00:30.642000,0 days 00:00:43.957000,Soft,8,1,,,,False,0 days 00:23:04.892000,101.613,27.014,30.642,43.957,1384.892,1413.073,19.4,23.3,1018.3,False,38.2,143,2.2,False,True,False,FORMULA 1 2018 HEINEKEN CHINESE GRAND PRIX,Shanghai,China,,,Permanent,,,0.2658518102998632,0.30155590328009213,0.4325922864200447,1,False,Chinese Grand Prix,chinese_grand_prix,2018,2018-04-15,102.08430232558139,43,Opening,2.8049999999999926,False,False,False,True
GAS,Toro Rosso,9,0 days 00:01:41.904000,0 days 00:00:27.044000,0 days 00:00:31.040000,0 days 00:00:43.820000,Medium,8,1,,,,False,0 days 00:23:05.726000,101.904,27.044,31.04,43.82,1385.726,1413.073,19.4,23.3,1018.3,False,38.2,143,2.2,False,True,False,FORMULA 1 2018 HEINEKEN CHINESE GRAND PRIX,Shanghai,China,,,Permanent,,,0.2653870309310724,0.30460040822735124,0.4300125608415764,1,False,Chinese Grand Prix,chinese_grand_prix,2018,2018-04-15,102.94286363636364,44,Opening,3.536999999999992,False,False,False,True
HAR,Toro Rosso,9,0 days 00:01:41.626000,0 days 00:00:26.943000,0 days 00:00:30.839000,0 days 00:00:43.844000,ULTRASOFT,8,1,,,,False,0 days 00:23:07.633000,101.626,26.943,30.839,43.844,1387.633,1413.073,19.4,23.3,1018.3,False,38.2,143,2.2,False,True,False,FORMULA 1 2018 HEINEKEN CHINESE GRAND PRIX,Shanghai,China,,,Permanent,,,0.26511916241906597,0.30345580855292936,0.4314250290280046,1,False,Chinese Grand Prix,chinese_grand_prix,2018,2018-04-15,102.14634883720929,43,Opening,2.25,False,False,False,True
ERI,Sauber,9,0 days 00:01:41.763000,0 days 00:00:27.163000,0 days 00:00:30.759000,0 days 00:00:43.841000,Soft,8,1,,,,False,0 days 00:23:08.929000,101.763,27.163,30.759,43.841,1388.929,1413.073,19.4,23.3,1018.3,False,38.2,143,2.2,False,True,False,FORMULA 1 2018 HEINEKEN CHINESE GRAND PRIX,Shanghai,China,,,Permanent,,,0.2669241276298851,0.30226113616933464,0.43081473620078026,1,False,Chinese Grand Prix,chinese_grand_prix,2018,2018-04-15,102.02637209302326,43,Opening,3.3770000000000095,False,False,False,True
VET,Ferrari,10,0 days 00:01:38.750000,0 days 00:00:26.423000,0 days 00:00:29.715000,0 days 00:00:42.612000,Soft,11,1,,,,False,0 days 00:24:04.857000,98.75,26.423,29.715,42.612,1444.857,1473.087,19.4,23.4,1018.3,False,37.9,157,1.5,False,True,False,FORMULA 1 2018 HEINEKEN CHINESE GRAND PRIX,Shanghai,China,,,Permanent,,,0.2675746835443038,0.3009113924050633,0.43151392405063294,1,False,Chinese Grand Prix,chinese_grand_prix,2018,2018-04-15,101.62033333333333,42,Opening,1.2710000000000008,False,False,False,True
BOT,Mercedes,10,0 days 00:01:38.801000,0 days 00:00:26.376000,0 days 00:00:29.856000,0 days 00:00:42.569000,Soft,12,1,,,,False,0 days 00:24:07.403000,98.801,26.376,29.856,42.569,1447.403,1473.087,19.4,23.4,1018.3,False,37.9,157,1.5,False,True,False,FORMULA 1 2018 HEINEKEN CHINESE GRAND PRIX,Shanghai,China,,,Permanent,,,0.2669608607200332,0.3021831762836409,0.43085596299632595,1,False,Chinese Grand Prix,chinese_grand_prix,2018,2018-04-15,101.08895454545454,44,Opening,1.8140000000000072,False,False,False,True
VER,Red Bull Racing,10,0 days 00:01:39.184000,0 days 00:00:26.511000,0 days 00:00:29.908000,0 days 00:00:42.765000,ULTRASOFT,12,1,,,,False,0 days 00:24:12.153000,99.184,26.511,29.908,42.765,1452.153,1473.087,19.4,23.4,1018.3,False,37.9,157,1.5,False,True,False,FORMULA 1 2018 HEINEKEN CHINESE GRAND PRIX,Shanghai,China,,,Permanent,,,0.26729109533795775,0.3015405710598484,0.4311683336021939,1,False,Chinese Grand Prix,chinese_grand_prix,2018,2018-04-15,101.39367441860465,43,Opening,2.9779999999999944,False,False,False,True
RAI,Ferrari,10,0 days 00:01:39.201000,0 days 00:00:26.418000,0 days 00:00:29.961000,0 days 00:00:42.822000,Soft,12,1,,,,False,0 days 00:24:14.467000,99.201,26.418,29.961,42.822,1454.467,1473.087,19.4,23.4,1018.3,False,37.9,157,1.5,False,True,False,FORMULA 1 2018 HEINEKEN CHINESE GRAND PRIX,Shanghai,China,,,Permanent,,,0.26630779931653914,0.30202316508906163,0.4316690355943993,1,False,Chinese Grand Prix,chinese_grand_prix,2018,2018-04-15,102.48924444444444,45,Opening,2.7449999999999903,False,False,False,True
HAM,Mercedes,10,0 days 00:01:39.184000,0 days 00:00:26.357000,0 days 00:00:30.001000,0 days 00:00:42.826000,Soft,12,1,,,,False,0 days 00:24:15.717000,99.184,26.357,30.001,42.826,1455.717,1473.087,19.4,23.4,1018.3,False,37.9,157,1.5,False,True,False,FORMULA 1 2018 HEINEKEN CHINESE GRAND PRIX,Shanghai,China,,,Permanent,,,0.2657384255525085,0.3024782222939184,0.43178335215357316,1,False,Chinese Grand Prix,chinese_grand_prix,2018,2018-04-15,101.40695348837208,43,Opening,2.3059999999999974,False,False,False,True
RIC,Red Bull Racing,10,0 days 00:01:39.166000,0 days 00:00:26.490000,0 days 00:00:29.935000,0 days 00:00:42.741000,ULTRASOFT,12,1,,,,False,0 days 00:24:17.518000,99.166,26.49,29.935,42.741,1457.518,1473.087,19.4,23.4,1018.3,False,37.9,157,1.5,False,True,False,FORMULA 1 2018 HEINEKEN CHINESE GRAND PRIX,Shanghai,China,,,Permanent,,,0.26712784623762176,0.30186757558034005,0.4310045781820382,1,False,Chinese Grand Prix,chinese_grand_prix,2018,2018-04-15,101.17729545454546,44,Opening,3.3810000000000002,False,False,False,True
HUL,Renault,10,0 days 00:01:40.179000,0 days 00:00:26.824000,0 days 00:00:30.133000,0 days 00:00:43.222000,ULTRASOFT,12,1,,,,False,0 days 00:24:26.766000,100.179,26.824,30.133,43.222,1466.766,1473.087,19.4,23.4,1018.3,False,37.9,157,1.5,False,True,False,FORMULA 1 2018 HEINEKEN CHINESE GRAND PRIX,Shanghai,China,,,Permanent,,,0.2677607083320856,0.30079158306631126,0.43144770860160314,1,False,Chinese Grand Prix,chinese_grand_prix,2018,2018-04-15,102.89104545454546,44,Opening,3.298000000000002,False,False,False,True
SAI,Renault,10,0 days 00:01:40.584000,0 days 00:00:27.131000,0 days 00:00:30.243000,0 days 00:00:43.210000,ULTRASOFT,12,1,,,,False,0 days 00:24:29.242000,100.584,27.131,30.243,43.21,1469.242,1473.087,19.4,23.4,1018.3,False,37.9,157,1.5,False,True,False,FORMULA 1 2018 HEINEKEN CHINESE GRAND PRIX,Shanghai,China,,,Permanent,,,0.26973474906545775,0.30067406346933906,0.4295911874652032,1,False,Chinese Grand Prix,chinese_grand_prix,2018,2018-04-15,103.05313636363636,44,Opening,2.8299999999999983,False,False,False,True
MAG,Haas F1 Team,10,0 days 00:01:40.259000,0 days 00:00:26.642000,0 days 00:00:30.190000,0 days 00:00:43.427000,Soft,13,1,,,,False,0 days 00:24:32.480000,100.259,26.642,30.19,43.427,1472.48,1473.087,19.4,23.4,1018.3,False,37.9,157,1.5,False,True,False,FORMULA 1 2018 HEINEKEN CHINESE GRAND PRIX,Shanghai,China,,,Permanent,,,0.26573175475518407,0.30112009894373576,0.4331481463010802,1,False,Chinese Grand Prix,chinese_grand_prix,2018,2018-04-15,104.04457777777779,45,Opening,2.1069999999999993,False,False,False,True
GRO,Haas F1 Team,10,0 days 00:01:40.485000,0 days 00:00:26.847000,0 days 00:00:30.169000,0 days 00:00:43.469000,ULTRASOFT,12,1,,,,False,0 days 00:24:33.997000,100.485,26.847,30.169,43.469,1473.997,1473.087,19.4,23.4,1018.3,False,37.9,157,1.5,False,True,False,FORMULA 1 2018 HEINEKEN CHINESE GRAND PRIX,Shanghai,China,,,Permanent,,,0.2671742051052396,0.3002338657511071,0.4325919291436533,1,False,Chinese Grand Prix,chinese_grand_prix,2018,2018-04-15,104.38857777777777,45,Opening,3.075000000000003,False,False,False,True
ALO,McLaren,10,0 days 00:01:40.373000,0 days 00:00:26.582000,0 days 00:00:30.375000,0 days 00:00:43.416000,Soft,9,1,,,,False,0 days 00:24:34.713000,100.373,26.582,30.375,43.416,1474.713,1473.087,19.4,23.4,1018.3,False,37.9,157,1.5,False,True,False,FORMULA 1 2018 HEINEKEN CHINESE GRAND PRIX,Shanghai,China,,,Permanent,,,0.2648321759835812,0.3026212228388112,0.43254660117760746,1,False,Chinese Grand Prix,chinese_grand_prix,2018,2018-04-15,103.92247826086957,46,Opening,3.13900000000001,False,False,False,True
OCO,Force India,10,0 days 00:01:40.538000,0 days 00:00:26.646000,0 days 00:00:30.488000,0 days 00:00:43.404000,Soft,9,1,,,,False,0 days 00:24:35.902000,100.538,26.646,30.488,43.404,1475.902,1473.087,19.4,23.4,1018.3,False,37.9,157,1.5,False,True,False,FORMULA 1 2018 HEINEKEN CHINESE GRAND PRIX,Shanghai,China,,,Permanent,,,0.2650341164534803,0.3032485229465476,0.4317173605999722,1,False,Chinese Grand Prix,chinese_grand_prix,2018,2018-04-15,104.14320000000001,45,Opening,2.5529999999999973,False,False,False,True
STR,Williams,10,0 days 00:01:40.852000,0 days 00:00:26.981000,0 days 00:00:30.285000,0 days 00:00:43.586000,Soft,9,1,,,,False,0 days 00:24:39.437000,100.852,26.981,30.285,43.586,1479.437,1473.087,19.4,23.4,1018.3,False,37.9,157,1.5,False,True,False,FORMULA 1 2018 HEINEKEN CHINESE GRAND PRIX,Shanghai,China,,,Permanent,,,0.2675306389560941,0.3002915162812835,0.43217784476262244,1,False,Chinese Grand Prix,chinese_grand_prix,2018,2018-04-15,104.3311111111111,45,Opening,2.352000000000004,False,False,False,True
PER,Force India,10,0 days 00:01:40.919000,0 days 00:00:26.824000,0 days 00:00:30.688000,0 days 00:00:43.407000,ULTRASOFT,12,1,,,,False,0 days 00:24:40.474000,100.919,26.824,30.688,43.407,1480.474,1473.087,19.4,23.4,1018.3,False,37.9,157,1.5,False,True,False,FORMULA 1 2018 HEINEKEN CHINESE GRAND PRIX,Shanghai,China,,,Permanent,,,0.2657973226052577,0.3040854546715683,0.430117222723174,1,False,Chinese Grand Prix,chinese_grand_prix,2018,2018-04-15,104.14991111111111,45,Opening,3.245999999999995,False,False,False,True
VAN,McLaren,10,0 days 00:01:41.343000,0 days 00:00:26.654000,0 days 00:00:30.863000,0 days 00:00:43.826000,Soft,9,1,,,,False,0 days 00:24:41.684000,101.343,26.654,30.863,43.826,1481.684,1473.087,19.4,23.4,1018.3,False,37.9,157,1.5,False,True,False,FORMULA 1 2018 HEINEKEN CHINESE GRAND PRIX,Shanghai,China,,,Permanent,,,0.26300780517647987,0.3045400274315937,0.43245216739192643,1,False,Chinese Grand Prix,chinese_grand_prix,2018,2018-04-15,104.21526666666666,45,Opening,3.206000000000003,False,False,False,True
SIR,Williams,10,0 days 00:01:40.955000,0 days 00:00:26.868000,0 days 00:00:30.481000,0 days 00:00:43.606000,Soft,9,1,,,,False,0 days 00:24:43.680000,100.955,26.868,30.481,43.606,1483.68,1473.087,19.4,23.4,1018.3,False,37.9,157,1.5,False,True,False,FORMULA 1 2018 HEINEKEN CHINESE GRAND PRIX,Shanghai,China,,,Permanent,,,0.2661383784854638,0.30192660096082413,0.4319350205537121,1,False,Chinese Grand Prix,chinese_grand_prix,2018,2018-04-15,104.34546666666667,45,Opening,2.331000000000003,False,False,False,True
LEC,Sauber,10,0 days 00:01:41.550000,0 days 00:00:27.047000,0 days 00:00:30.418000,0 days 00:00:44.085000,Soft,9,1,,,,False,0 days 00:24:46.442000,101.55,27.047,30.418,44.085,1486.442,1473.087,19.4,23.4,1018.3,False,37.9,157,1.5,False,True,False,FORMULA 1 2018 HEINEKEN CHINESE GRAND PRIX,Shanghai,China,,,Permanent,,,0.26634170359428855,0.2995371738060069,0.4341211225997046,1,False,Chinese Grand Prix,chinese_grand_prix,2018,2018-04-15,102.08430232558139,43,Opening,2.7419999999999902,False,False,False,True
GAS,Toro Rosso,10,0 days 00:01:41.613000,0 days 00:00:26.751000,0 days 00:00:31.150000,0 days 00:00:43.712000,Medium,9,1,,,,False,0 days 00:24:47.339000,101.613,26.751,31.15,43.712,1487.339,1473.087,19.4,23.4,1018.3,False,37.9,157,1.5,False,True,False,FORMULA 1 2018 HEINEKEN CHINESE GRAND PRIX,Shanghai,China,,,Permanent,,,0.2632635587966107,0.30655526359816165,0.4301811776052277,1,False,Chinese Grand Prix,chinese_grand_prix,2018,2018-04-15,102.94286363636364,44,Opening,3.245999999999995,False,False,False,True
ERI,Sauber,10,0 days 00:01:41.672000,0 days 00:00:26.990000,0 days 00:00:30.673000,0 days 00:00:44.009000,Soft,9,1,,,,False,0 days 00:24:50.601000,101.672,26.99,30.673,44.009,1490.601,1473.087,19.4,23.4,1018.3,False,37.9,157,1.5,False,True,False,FORMULA 1 2018 HEINEKEN CHINESE GRAND PRIX,Shanghai,China,,,Permanent,,,0.26546148398772523,0.3016858132032418,0.432852702809033,1,False,Chinese Grand Prix,chinese_grand_prix,2018,2018-04-15,102.02637209302326,43,Opening,3.2860000000000014,False,False,False,True
HAR,Toro Rosso,10,0 days 00:01:46.763000,0 days 00:00:27.007000,0 days 00:00:30.929000,0 days 00:00:48.827000,ULTRASOFT,9,1,0 days 00:24:52.688000,,,False,0 days 00:24:54.396000,106.763,27.007,30.929,48.827,1494.396,1473.087,19.4,23.4,1018.3,False,37.9,157,1.5,False,True,False,FORMULA 1 2018 HEINEKEN CHINESE GRAND PRIX,Shanghai,China,,,Permanent,10.0,,0.2529621685415359,0.2896977417270028,0.45734008973146123,1,False,Chinese Grand Prix,chinese_grand_prix,2018,2018-04-15,102.14634883720929,43,Opening,7.3870000000000005,False,False,False,True
VET,Ferrari,11,0 days 00:01:38.761000,0 days 00:00:26.506000,0 days 00:00:29.610000,0 days 00:00:42.645000,Soft,12,1,,,,False,0 days 00:25:43.618000,98.761,26.506,29.61,42.645,1543.618,1533.102,19.4,23.3,1018.4,False,37.9,190,2.0,False,True,False,FORMULA 1 2018 HEINEKEN CHINESE GRAND PRIX,Shanghai,China,,,Permanent,,,0.2683852937900588,0.2998147041848503,0.43180000202509095,1,False,Chinese Grand Prix,chinese_grand_prix,2018,2018-04-15,101.62033333333333,42,Opening,1.2819999999999965,False,False,False,True
BOT,Mercedes,11,0 days 00:01:39.081000,0 days 00:00:26.486000,0 days 00:00:29.801000,0 days 00:00:42.794000,Soft,13,1,,,,False,0 days 00:25:46.484000,99.081,26.486,29.801,42.794,1546.484,1533.102,19.4,23.3,1018.4,False,37.9,190,2.0,False,True,False,FORMULA 1 2018 HEINEKEN CHINESE GRAND PRIX,Shanghai,China,,,Permanent,,,0.26731663992087284,0.30077411410865856,0.43190924597046854,1,False,Chinese Grand Prix,chinese_grand_prix,2018,2018-04-15,101.08895454545454,44,Opening,2.0940000000000083,False,False,False,True
VER,Red Bull Racing,11,0 days 00:01:39.448000,0 days 00:00:26.574000,0 days 00:00:29.839000,0 days 00:00:43.035000,ULTRASOFT,13,1,,,,False,0 days 00:25:51.601000,99.448,26.574,29.839,43.035,1551.601,1533.102,19.4,23.3,1018.4,False,37.9,190,2.0,False,True,False,FORMULA 1 2018 HEINEKEN CHINESE GRAND PRIX,Shanghai,China,,,Permanent,,,0.26721502694875715,0.3000462553294184,0.4327387177218245,1,False,Chinese Grand Prix,chinese_grand_prix,2018,2018-04-15,101.39367441860465,43,Opening,3.2419999999999902,False,False,False,True
RAI,Ferrari,11,0 days 00:01:39.511000,0 days 00:00:26.409000,0 days 00:00:29.920000,0 days 00:00:43.182000,Soft,13,1,,,,False,0 days 00:25:53.978000,99.511,26.409,29.92,43.182,1553.978,1533.102,19.4,23.3,1018.4,False,37.9,190,2.0,False,True,False,FORMULA 1 2018 HEINEKEN CHINESE GRAND PRIX,Shanghai,China,,,Permanent,,,0.265387746078323,0.3006702776577464,0.43394197626393066,1,False,Chinese Grand Prix,chinese_grand_prix,2018,2018-04-15,102.48924444444444,45,Opening,3.0549999999999926,False,False,False,True
HAM,Mercedes,11,0 days 00:01:39.618000,0 days 00:00:26.577000,0 days 00:00:29.910000,0 days 00:00:43.131000,Soft,13,1,,,,False,0 days 00:25:55.335000,99.618,26.577,29.91,43.131,1555.335,1533.102,19.4,23.3,1018.4,False,37.9,190,2.0,False,True,False,FORMULA 1 2018 HEINEKEN CHINESE GRAND PRIX,Shanghai,China,,,Permanent,,,0.26678913449376623,0.3002469433234958,0.4329639221827381,1,False,Chinese Grand Prix,chinese_grand_prix,2018,2018-04-15,101.40695348837208,43,Opening,2.739999999999995,False,False,False,True
RIC,Red Bull Racing,11,0 days 00:01:39.364000,0 days 00:00:26.560000,0 days 00:00:29.862000,0 days 00:00:42.942000,ULTRASOFT,13,1,,,,False,0 days 00:25:56.882000,99.364,26.56,29.862,42.942,1556.882,1533.102,19.4,23.3,1018.4,False,37.9,190,2.0,False,True,False,FORMULA 1 2018 HEINEKEN CHINESE GRAND PRIX,Shanghai,China,,,Permanent,,,0.26730002817921983,0.3005313795740912,0.4321685922466889,1,False,Chinese Grand Prix,chinese_grand_prix,2018,2018-04-15,101.17729545454546,44,Opening,3.5790000000000077,False,False,False,True
HUL,Renault,11,0 days 00:01:40.754000,0 days 00:00:26.841000,0 days 00:00:30.336000,0 days 00:00:43.577000,ULTRASOFT,13,1,,,,False,0 days 00:26:07.520000,100.754,26.841,30.336,43.577,1567.52,1593.116,19.3,22.7,1018.3,False,37.9,80,1.7,False,True,False,FORMULA 1 2018 HEINEKEN CHINESE GRAND PRIX,Shanghai,China,,,Permanent,,,0.2664013339420767,0.3010897830359092,0.43250888302201396,1,False,Chinese Grand Prix,chinese_grand_prix,2018,2018-04-15,102.89104545454546,44,Opening,3.8730000000000047,False,False,False,True
SAI,Renault,11,0 days 00:01:40.933000,0 days 00:00:26.914000,0 days 00:00:30.404000,0 days 00:00:43.615000,ULTRASOFT,13,1,,,,False,0 days 00:26:10.175000,100.933,26.914,30.404,43.615,1570.175,1593.116,19.3,22.7,1018.3,False,37.9,80,1.7,False,True,False,FORMULA 1 2018 HEINEKEN CHINESE GRAND PRIX,Shanghai,China,,,Permanent,,,0.26665213557508444,0.30122952849910334,0.43211833592581217,1,False,Chinese Grand Prix,chinese_grand_prix,2018,2018-04-15,103.05313636363636,44,Opening,3.179000000000002,False,False,False,True
MAG,Haas F1 Team,11,0 days 00:01:40.705000,0 days 00:00:26.768000,0 days 00:00:30.305000,0 days 00:00:43.632000,Soft,14,1,,,,False,0 days 00:26:13.185000,100.705,26.768,30.305,43.632,1573.185,1593.116,19.3,22.7,1018.3,False,37.9,80,1.7,False,True,False,FORMULA 1 2018 HEINEKEN CHINESE GRAND PRIX,Shanghai,China,,,Permanent,,,0.2658060672260563,0.3009284543965046,0.43326547837743906,1,False,Chinese Grand Prix,chinese_grand_prix,2018,2018-04-15,104.04457777777779,45,Opening,2.5529999999999973,False,False,False,True
GRO,Haas F1 Team,11,0 days 00:01:40.717000,0 days 00:00:26.930000,0 days 00:00:30.323000,0 days 00:00:43.464000,ULTRASOFT,13,1,,,,False,0 days 00:26:14.714000,100.717,26.93,30.323,43.464,1574.714,1593.116,19.3,22.7,1018.3,False,37.9,80,1.7,False,True,False,FORMULA 1 2018 HEINEKEN CHINESE GRAND PRIX,Shanghai,China,,,Permanent,,,0.26738286485896123,0.3010713186453131,0.43154581649572565,1,False,Chinese Grand Prix,chinese_grand_prix,2018,2018-04-15,104.38857777777777,45,Opening,3.307000000000002,False,False,False,True
ALO,McLaren,11,0 days 00:01:40.823000,0 days 00:00:26.821000,0 days 00:00:30.410000,0 days 00:00:43.592000,Soft,10,1,,,,False,0 days 00:26:15.536000,100.823,26.821,30.41,43.592,1575.536,1593.116,19.3,22.7,1018.3,False,37.9,80,1.7,False,True,False,FORMULA 1 2018 HEINEKEN CHINESE GRAND PRIX,Shanghai,China,,,Permanent,,,0.2660206500500878,0.30161768644059395,0.4323616635093183,1,False,Chinese Grand Prix,chinese_grand_prix,2018,2018-04-15,103.92247826086957,46,Opening,3.5889999999999986,False,False,False,True
OCO,Force India,11,0 days 00:01:44.877000,0 days 00:00:26.781000,0 days 00:00:30.470000,0 days 00:00:47.626000,Soft,10,1,0 days 00:26:19.295000,,,False,0 days 00:26:20.779000,104.877,26.781,30.47,47.626,1580.779,1593.116,19.3,22.7,1018.3,False,37.9,80,1.7,False,True,False,FORMULA 1 2018 HEINEKEN CHINESE GRAND PRIX,Shanghai,China,,,Permanent,11.0,,0.2553562744929775,0.29053081228486705,0.45411291322215547,1,False,Chinese Grand Prix,chinese_grand_prix,2018,2018-04-15,104.14320000000001,45,Opening,6.891999999999996,False,False,False,True
STR,Williams,11,0 days 00:01:41.495000,0 days 00:00:26.926000,0 days 00:00:30.480000,0 days 00:00:44.089000,Soft,10,1,,,,False,0 days 00:26:20.932000,101.495,26.926,30.48,44.089,1580.932,1593.116,19.3,22.7,1018.3,False,37.9,80,1.7,False,True,False,FORMULA 1 2018 HEINEKEN CHINESE GRAND PRIX,Shanghai,China,,,Permanent,,,0.26529385684023843,0.3003103601162619,0.43439578304349963,1,False,Chinese Grand Prix,chinese_grand_prix,2018,2018-04-15,104.3311111111111,45,Opening,2.9950000000000045,False,False,False,True
PER,Force India,11,0 days 00:01:41.734000,0 days 00:00:27.115000,0 days 00:00:30.716000,0 days 00:00:43.903000,ULTRASOFT,13,1,,,,False,0 days 00:26:22.208000,101.734,27.115,30.716,43.903,1582.208,1593.116,19.3,22.7,1018.3,False,37.9,80,1.7,False,True,False,FORMULA 1 2018 HEINEKEN CHINESE GRAND PRIX,Shanghai,China,,,Permanent,,,0.26652839758586117,0.3019246269683685,0.43154697544577036,1,False,Chinese Grand Prix,chinese_grand_prix,2018,2018-04-15,104.14991111111111,45,Opening,4.060999999999993,False,False,False,True
VAN,McLaren,11,0 days 00:01:41.234000,0 days 00:00:26.989000,0 days 00:00:30.548000,0 days 00:00:43.697000,Soft,10,1,,,,False,0 days 00:26:22.918000,101.234,26.989,30.548,43.697,1582.918,1593.116,19.3,22.7,1018.3,False,37.9,80,1.7,False,True,False,FORMULA 1 2018 HEINEKEN CHINESE GRAND PRIX,Shanghai,China,,,Permanent,,,0.26660015409842547,0.3017563269257364,0.4316435189758382,1,False,Chinese Grand Prix,chinese_grand_prix,2018,2018-04-15,104.21526666666666,45,Opening,3.096999999999994,False,False,False,True
SIR,Williams,11,0 days 00:01:41.381000,0 days 00:00:27.053000,0 days 00:00:30.507000,0 days 00:00:43.821000,Soft,10,1,,,,False,0 days 00:26:25.061000,101.381,27.053,30.507,43.821,1585.061,1593.116,19.3,22.7,1018.3,False,37.9,80,1.7,False,True,False,FORMULA 1 2018 HEINEKEN CHINESE GRAND PRIX,Shanghai,China,,,Permanent,,,0.26684487231335263,0.30091437251556014,0.4322407551710873,1,False,Chinese Grand Prix,chinese_grand_prix,2018,2018-04-15,104.34546666666667,45,Opening,2.757000000000005,False,False,False,True
LEC,Sauber,11,0 days 00:01:41.858000,0 days 00:00:27.103000,0 days 00:00:30.614000,0 days 00:00:44.141000,Soft,10,1,,,,False,0 days 00:26:28.300000,101.858,27.103,30.614,44.141,1588.3,1593.116,19.3,22.7,1018.3,False,37.9,80,1.7,False,True,False,FORMULA 1 2018 HEINEKEN CHINESE GRAND PRIX,Shanghai,China,,,Permanent,,,0.2660861198923992,0.30055567554831236,0.43335820455928836,1,False,Chinese Grand Prix,chinese_grand_prix,2018,2018-04-15,102.08430232558139,43,Opening,3.049999999999997,False,False,False,True
GAS,Toro Rosso,11,0 days 00:01:41.506000,0 days 00:00:27.067000,0 days 00:00:30.741000,0 days 00:00:43.698000,Medium,10,1,,,,False,0 days 00:26:28.845000,101.506,27.067,30.741,43.698,1588.845,1593.116,19.3,22.7,1018.3,False,37.9,80,1.7,False,True,False,FORMULA 1 2018 HEINEKEN CHINESE GRAND PRIX,Shanghai,China,,,Permanent,,,0.2666541879297776,0.302849092664473,0.4304967194057494,1,False,Chinese Grand Prix,chinese_grand_prix,2018,2018-04-15,102.94286363636364,44,Opening,3.138999999999996,False,False,False,True
ERI,Sauber,11,0 days 00:01:41.471000,0 days 00:00:26.824000,0 days 00:00:30.618000,0 days 00:00:44.029000,Soft,10,1,,,,False,0 days 00:26:32.072000,101.471,26.824,30.618,44.029,1592.072,1593.116,19.3,22.7,1018.3,False,37.9,80,1.7,False,True,False,FORMULA 1 2018 HEINEKEN CHINESE GRAND PRIX,Shanghai,China,,,Permanent,,,0.26435139103783345,0.30174138423786107,0.4339072247243055,1,False,Chinese Grand Prix,chinese_grand_prix,2018,2018-04-15,102.02637209302326,43,Opening,3.085000000000008,False,False,False,True
HAR,Toro Rosso,11,0 days 00:01:58.627000,0 days 00:00:45.450000,0 days 00:00:29.796000,0 days 00:00:43.381000,ULTRASOFT,10,1,,0 days 00:25:15.831000,,False,0 days 00:26:53.023000,118.627,45.45,29.796,43.381,1613.023,1593.116,19.3,22.7,1018.3,False,37.9,80,1.7,False,True,False,FORMULA 1 2018 HEINEKEN CHINESE GRAND PRIX,Shanghai,China,,,Permanent,,,0.38313368794625174,0.2511738474377671,0.3656924646159812,2,False,Chinese Grand Prix,chinese_grand_prix,2018,2018-04-15,102.14634883720929,43,Opening,19.25099999999999,False,False,False,True
VET,Ferrari,12,0 days 00:01:38.796000,0 days 00:00:26.421000,0 days 00:00:29.628000,0 days 00:00:42.747000,Soft,13,1,,,,False,0 days 00:27:22.414000,98.796,26.421,29.628,42.747,1642.414,1653.132,19.4,22.9,1018.3,False,37.9,200,1.9,False,True,False,FORMULA 1 2018 HEINEKEN CHINESE GRAND PRIX,Shanghai,China,,,Permanent,,,0.2674298554597352,0.29989068383335354,0.43267946070691116,1,False,Chinese Grand Prix,chinese_grand_prix,2018,2018-04-15,101.62033333333333,42,Opening,1.3170000000000073,False,False,False,True
BOT,Mercedes,12,0 days 00:01:38.958000,0 days 00:00:26.420000,0 days 00:00:29.751000,0 days 00:00:42.787000,Soft,14,1,,,,False,0 days 00:27:25.442000,98.958,26.42,29.751,42.787,1645.442,1653.132,19.4,22.9,1018.3,False,37.9,200,1.9,False,True,False,FORMULA 1 2018 HEINEKEN CHINESE GRAND PRIX,Shanghai,China,,,Permanent,,,0.26698195193920654,0.3006426969017159,0.4323753511590776,1,False,Chinese Grand Prix,chinese_grand_prix,2018,2018-04-15,101.08895454545454,44,Opening,1.9710000000000036,False,False,False,True
VER,Red Bull Racing,12,0 days 00:01:39.145000,0 days 00:00:26.406000,0 days 00:00:29.798000,0 days 00:00:42.941000,ULTRASOFT,14,1,,,,False,0 days 00:27:30.746000,99.145,26.406,29.798,42.941,1650.746,1653.132,19.4,22.9,1018.3,False,37.9,200,1.9,False,True,False,FORMULA 1 2018 HEINEKEN CHINESE GRAND PRIX,Shanghai,China,,,Permanent,,,0.26633718291391395,0.3005496999344395,0.43311311715164663,1,False,Chinese Grand Prix,chinese_grand_prix,2018,2018-04-15,101.39367441860465,43,Opening,2.938999999999993,False,False,False,True
RAI,Ferrari,12,0 days 00:01:39.131000,0 days 00:00:26.383000,0 days 00:00:29.823000,0 days 00:00:42.925000,Soft,14,1,,,,False,0 days 00:27:33.109000,99.131,26.383,29.823,42.925,1653.109,1653.132,19.4,22.9,1018.3,False,37.9,200,1.9,False,True,False,FORMULA 1 2018 HEINEKEN CHINESE GRAND PRIX,Shanghai,China,,,Permanent,,,0.2661427807648465,0.3008443372910593,0.43301288194409415,1,False,Chinese Grand Prix,chinese_grand_prix,2018,2018-04-15,102.48924444444444,45,Opening,2.674999999999997,False,False,False,True
HAM,Mercedes,12,0 days 00:01:39.452000,0 days 00:00:26.523000,0 days 00:00:29.874000,0 days 00:00:43.055000,Soft,14,1,,,,False,0 days 00:27:34.787000,99.452,26.523,29.874,43.055,1654.787,1653.132,19.4,22.9,1018.3,False,37.9,200,1.9,False,True,False,FORMULA 1 2018 HEINEKEN CHINESE GRAND PRIX,Shanghai,China,,,Permanent,,,0.2666914692514982,0.30038611591521536,0.4329224148332864,1,False,Chinese Grand Prix,chinese_grand_prix,2018,2018-04-15,101.40695348837208,43,Opening,2.573999999999998,False,False,False,True
RIC,Red Bull Racing,12,0 days 00:01:39.275000,0 days 00:00:26.630000,0 days 00:00:29.822000,0 days 00:00:42.823000,ULTRASOFT,14,1,,,,False,0 days 00:27:36.157000,99.275,26.63,29.822,42.823,1656.157,1653.132,19.4,22.9,1018.3,False,37.9,200,1.9,False,True,False,FORMULA 1 2018 HEINEKEN CHINESE GRAND PRIX,Shanghai,China,,,Permanent,,,0.26824477461596574,0.3003978846638126,0.4313573407202216,1,False,Chinese Grand Prix,chinese_grand_prix,2018,2018-04-15,101.17729545454546,44,Opening,3.490000000000009,False,False,False,True
HUL,Renault,12,0 days 00:01:40.448000,0 days 00:00:26.795000,0 days 00:00:30.198000,0 days 00:00:43.455000,ULTRASOFT,14,1,,,,False,0 days 00:27:47.968000,100.448,26.795,30.198,43.455,1667.968,1653.132,19.4,22.9,1018.3,False,37.9,200,1.9,False,True,False,FORMULA 1 2018 HEINEKEN CHINESE GRAND PRIX,Shanghai,China,,,Permanent,,,0.26675493787830523,0.3006331634278433,0.4326118986938516,1,False,Chinese Grand Prix,chinese_grand_prix,2018,2018-04-15,102.89104545454546,44,Opening,3.566999999999993,False,False,False,True
MAG,Haas F1 Team,12,0 days 00:01:40.215000,0 days 00:00:26.746000,0 days 00:00:30.131000,0 days 00:00:43.338000,Soft,15,1,,,,False,0 days 00:27:53.400000,100.215,26.746,30.131,43.338,1673.4,1653.132,19.4,22.9,1018.3,False,37.9,200,1.9,False,True,False,FORMULA 1 2018 HEINEKEN CHINESE GRAND PRIX,Shanghai,China,,,Permanent,,,0.2668861946814349,0.30066357331736765,0.4324502320011974,1,False,Chinese Grand Prix,chinese_grand_prix,2018,2018-04-15,104.04457777777779,45,Opening,2.0630000000000024,False,False,False,True
SAI,Renault,12,0 days 00:01:45.595000,0 days 00:00:27.005000,0 days 00:00:30.350000,0 days 00:00:48.240000,ULTRASOFT,14,1,0 days 00:27:54.195000,,,False,0 days 00:27:55.770000,105.595,27.005,30.35,48.24,1675.77,1653.132,19.4,22.9,1018.3,False,37.9,200,1.9,False,True,False,FORMULA 1 2018 HEINEKEN CHINESE GRAND PRIX,Shanghai,China,,,Permanent,12.0,,0.2557412756285809,0.2874189118802974,0.45683981249112177,1,False,Chinese Grand Prix,chinese_grand_prix,2018,2018-04-15,103.05313636363636,44,Opening,7.840999999999994,False,False,False,True
GRO,Haas F1 Team,12,0 days 00:01:41.432000,0 days 00:00:27.243000,0 days 00:00:30.705000,0 days 00:00:43.484000,ULTRASOFT,14,1,,,,False,0 days 00:27:56.146000,101.432,27.243,30.705,43.484,1676.146,1653.132,19.4,22.9,1018.3,False,37.9,200,1.9,False,True,False,FORMULA 1 2018 HEINEKEN CHINESE GRAND PRIX,Shanghai,China,,,Permanent,,,0.26858387885479923,0.30271511948891866,0.42870100165628205,1,False,Chinese Grand Prix,chinese_grand_prix,2018,2018-04-15,104.38857777777777,45,Opening,4.022000000000006,False,False,False,True
ALO,McLaren,12,0 days 00:01:41.356000,0 days 00:00:26.489000,0 days 00:00:31.398000,0 days 00:00:43.469000,Soft,11,1,,,,False,0 days 00:27:56.892000,101.356,26.489,31.398,43.469,1676.892,1653.132,19.4,22.9,1018.3,False,37.9,200,1.9,False,True,False,FORMULA 1 2018 HEINEKEN CHINESE GRAND PRIX,Shanghai,China,,,Permanent,,,0.2613461462567584,0.3097793914519121,0.4288744622913296,1,False,Chinese Grand Prix,chinese_grand_prix,2018,2018-04-15,103.92247826086957,46,Opening,4.122,False,False,False,True
STR,Williams,12,0 days 00:01:41.182000,0 days 00:00:27.123000,0 days 00:00:30.282000,0 days 00:00:43.777000,Soft,11,1,,,,False,0 days 00:28:02.114000,101.182,27.123,30.282,43.777,1682.114,1653.132,19.4,22.9,1018.3,False,37.9,200,1.9,False,True,False,FORMULA 1 2018 HEINEKEN CHINESE GRAND PRIX,Shanghai,China,,,Permanent,,,0.26806151291731733,0.29928248107370875,0.4326560060089739,1,False,Chinese Grand Prix,chinese_grand_prix,2018,2018-04-15,104.3311111111111,45,Opening,2.682000000000002,False,False,False,True
VAN,McLaren,12,0 days 00:01:41.263000,0 days 00:00:26.728000,0 days 00:00:30.720000,0 days 00:00:43.815000,Soft,11,1,,,,False,0 days 00:28:04.181000,101.263,26.728,30.72,43.815,1684.181,1713.475,19.2,23.7,1018.3,False,37.6,95,2.3,False,True,False,FORMULA 1 2018 HEINEKEN CHINESE GRAND PRIX,Shanghai,China,,,Permanent,,,0.26394635750471546,0.303368456395722,0.43268518609956247,1,False,Chinese Grand Prix,chinese_grand_prix,2018,2018-04-15,104.21526666666666,45,Opening,3.1260000000000048,False,False,False,True
SIR,Williams,12,0 days 00:01:41.229000,0 days 00:00:26.965000,0 days 00:00:30.493000,0 days 00:00:43.771000,Soft,11,1,,,,False,0 days 00:28:06.290000,101.229,26.965,30.493,43.771,1686.29,1713.475,19.2,23.7,1018.3,False,37.6,95,2.3,False,True,False,FORMULA 1 2018 HEINEKEN CHINESE GRAND PRIX,Shanghai,China,,,Permanent,,,0.26637623605883687,0.3012279089984095,0.43239585494275357,1,False,Chinese Grand Prix,chinese_grand_prix,2018,2018-04-15,104.34546666666667,45,Opening,2.605000000000004,False,False,False,True
PER,Force India,12,0 days 00:01:45.555000,0 days 00:00:26.906000,0 days 00:00:30.718000,0 days 00:00:47.931000,ULTRASOFT,14,1,0 days 00:28:06.016000,,,False,0 days 00:28:07.763000,105.555,26.906,30.718,47.931,1687.763,1713.475,19.2,23.7,1018.3,False,37.6,95,2.3,False,True,False,FORMULA 1 2018 HEINEKEN CHINESE GRAND PRIX,Shanghai,China,,,Permanent,12.0,,0.25490028894888916,0.29101416323243806,0.45408554781867266,1,False,Chinese Grand Prix,chinese_grand_prix,2018,2018-04-15,104.14991111111111,45,Opening,7.882000000000005,False,False,False,True
LEC,Sauber,12,0 days 00:01:41.283000,0 days 00:00:27.018000,0 days 00:00:30.314000,0 days 00:00:43.951000,Soft,11,1,,,,False,0 days 00:28:09.583000,101.283,27.018,30.314,43.951,1689.583,1713.475,19.2,23.7,1018.3,False,37.6,95,2.3,False,True,False,FORMULA 1 2018 HEINEKEN CHINESE GRAND PRIX,Shanghai,China,,,Permanent,,,0.26675750125884895,0.299299981240682,0.43394251750046897,1,False,Chinese Grand Prix,chinese_grand_prix,2018,2018-04-15,102.08430232558139,43,Opening,2.4749999999999943,False,False,False,True
GAS,Toro Rosso,12,0 days 00:01:41.541000,0 days 00:00:26.884000,0 days 00:00:30.855000,0 days 00:00:43.802000,Medium,11,1,,,,False,0 days 00:28:10.386000,101.541,26.884,30.855,43.802,1690.386,1713.475,19.2,23.7,1018.3,False,37.6,95,2.3,False,True,False,FORMULA 1 2018 HEINEKEN CHINESE GRAND PRIX,Shanghai,China,,,Permanent,,,0.26476004766547506,0.30386740331491713,0.43137254901960786,1,False,Chinese Grand Prix,chinese_grand_prix,2018,2018-04-15,102.94286363636364,44,Opening,3.1739999999999924,False,False,False,True
ERI,Sauber,12,0 days 00:01:41.550000,0 days 00:00:27.007000,0 days 00:00:30.584000,0 days 00:00:43.959000,Soft,11,1,,,,False,0 days 00:28:13.622000,101.55,27.007,30.584,43.959,1693.622,1713.475,19.2,23.7,1018.3,False,37.6,95,2.3,False,True,False,FORMULA 1 2018 HEINEKEN CHINESE GRAND PRIX,Shanghai,China,,,Permanent,,,0.2659478089611029,0.30117183653372726,0.43288035450516993,1,False,Chinese Grand Prix,chinese_grand_prix,2018,2018-04-15,102.02637209302326,43,Opening,3.1640000000000015,False,False,False,True
OCO,Force India,12,0 days 00:01:57.232000,0 days 00:00:45.047000,0 days 00:00:29.266000,0 days 00:00:42.919000,Soft,11,1,,0 days 00:26:42.318000,,False,0 days 00:28:18.011000,117.232,45.047,29.266,42.919,1698.011,1713.475,19.2,23.7,1018.3,False,37.6,95,2.3,False,True,False,FORMULA 1 2018 HEINEKEN CHINESE GRAND PRIX,Shanghai,China,,,Permanent,,,0.38425515217688,0.24964173604476592,0.36610311177835403,2,False,Chinese Grand Prix,chinese_grand_prix,2018,2018-04-15,104.14320000000001,45,Opening,19.247,False,False,False,True
HAR,Toro Rosso,12,0 days 00:01:39.895000,0 days 00:00:26.400000,0 days 00:00:29.931000,0 days 00:00:43.564000,ULTRASOFT,11,1,,,,False,0 days 00:28:32.918000,99.895,26.4,29.931,43.564,1712.918,1713.475,19.2,23.7,1018.3,False,37.6,95,2.3,False,True,False,FORMULA 1 2018 HEINEKEN CHINESE GRAND PRIX,Shanghai,China,,,Permanent,,,0.2642774913659342,0.29962460583612793,0.43609790279793786,1,False,Chinese Grand Prix,chinese_grand_prix,2018,2018-04-15,102.14634883720929,43,Opening,0.5189999999999912,False,False,False,True
VET,Ferrari,13,0 days 00:01:38.755000,0 days 00:00:26.416000,0 days 00:00:29.518000,0 days 00:00:42.821000,Soft,14,1,,,,False,0 days 00:29:01.169000,98.755,26.416,29.518,42.821,1741.169,1713.475,19.2,23.7,1018.3,False,37.6,95,2.3,False,True,False,FORMULA 1 2018 HEINEKEN CHINESE GRAND PRIX,Shanghai,China,,,Permanent,,,0.26749025365804263,0.2989013214520784,0.433608424889879,1,False,Chinese Grand Prix,chinese_grand_prix,2018,2018-04-15,101.62033333333333,42,Opening,1.2759999999999962,False,False,False,True
BOT,Mercedes,13,0 days 00:01:38.958000,0 days 00:00:26.568000,0 days 00:00:29.622000,0 days 00:00:42.768000,Soft,15,1,,,,False,0 days 00:29:04.400000,98.958,26.568,29.622,42.768,1744.4,1773.155,19.3,23.5,1018.3,False,37.6,98,1.1,False,True,False,FORMULA 1 2018 HEINEKEN CHINESE GRAND PRIX,Shanghai,China,,,Permanent,,,0.26847753592433155,0.29933911356332993,0.4321833505123386,1,False,Chinese Grand Prix,chinese_grand_prix,2018,2018-04-15,101.08895454545454,44,Opening,1.9710000000000036,False,False,False,True
VER,Red Bull Racing,13,0 days 00:01:39.068000,0 days 00:00:26.462000,0 days 00:00:29.665000,0 days 00:00:42.941000,ULTRASOFT,15,1,,,,False,0 days 00:29:09.814000,99.068,26.462,29.665,42.941,1749.814,1773.155,19.3,23.5,1018.3,False,37.6,98,1.1,False,True,False,FORMULA 1 2018 HEINEKEN CHINESE GRAND PRIX,Shanghai,China,,,Permanent,,,0.26710946016877296,0.2994407881455162,0.43344975168571087,1,False,Chinese Grand Prix,chinese_grand_prix,2018,2018-04-15,101.39367441860465,43,Opening,2.8619999999999948,False,False,False,True
RAI,Ferrari,13,0 days 00:01:39.263000,0 days 00:00:26.361000,0 days 00:00:29.773000,0 days 00:00:43.129000,Soft,15,1,,,,False,0 days 00:29:12.372000,99.263,26.361,29.773,43.129,1752.372,1773.155,19.3,23.5,1018.3,False,37.6,98,1.1,False,True,False,FORMULA 1 2018 HEINEKEN CHINESE GRAND PRIX,Shanghai,China,,,Permanent,,,0.26556723048870173,0.2999405619415089,0.4344922075697893,1,False,Chinese Grand Prix,chinese_grand_prix,2018,2018-04-15,102.48924444444444,45,Opening,2.807000000000002,False,False,False,True
HAM,Mercedes,13,0 days 00:01:39.161000,0 days 00:00:26.449000,0 days 00:00:29.855000,0 days 00:00:42.857000,Soft,15,1,,,,False,0 days 00:29:13.948000,99.161,26.449,29.855,42.857,1753.948,1773.155,19.3,23.5,1018.3,False,37.6,98,1.1,False,True,False,FORMULA 1 2018 HEINEKEN CHINESE GRAND PRIX,Shanghai,China,,,Permanent,,,0.266727846633253,0.3010760278738617,0.4321961254928853,1,False,Chinese Grand Prix,chinese_grand_prix,2018,2018-04-15,101.40695348837208,43,Opening,2.2830000000000013,False,False,False,True
RIC,Red Bull Racing,13,0 days 00:01:39.557000,0 days 00:00:26.660000,0 days 00:00:29.847000,0 days 00:00:43.050000,ULTRASOFT,15,1,,,,False,0 days 00:29:15.714000,99.557,26.66,29.847,43.05,1755.714,1773.155,19.3,23.5,1018.3,False,37.6,98,1.1,False,True,False,FORMULA 1 2018 HEINEKEN CHINESE GRAND PRIX,Shanghai,China,,,Permanent,,,0.267786293279227,0.29979810560784276,0.43241560111293026,1,False,Chinese Grand Prix,chinese_grand_prix,2018,2018-04-15,101.17729545454546,44,Opening,3.7720000000000056,False,False,False,True
HUL,Renault,13,0 days 00:01:44.632000,0 days 00:00:26.754000,0 days 00:00:30.056000,0 days 00:00:47.822000,ULTRASOFT,15,1,0 days 00:29:30.881000,,,False,0 days 00:29:32.600000,104.632,26.754,30.056,47.822,1772.6,1773.155,19.3,23.5,1018.3,False,37.6,98,1.1,False,True,False,FORMULA 1 2018 HEINEKEN CHINESE GRAND PRIX,Shanghai,China,,,Permanent,13.0,,0.2556961541402248,0.2872543772459668,0.4570494686138084,1,False,Chinese Grand Prix,chinese_grand_prix,2018,2018-04-15,102.89104545454546,44,Opening,7.751000000000005,False,False,False,True
MAG,Haas F1 Team,13,0 days 00:01:40.326000,0 days 00:00:26.644000,0 days 00:00:30.203000,0 days 00:00:43.479000,Soft,16,1,,,,False,0 days 00:29:33.726000,100.326,26.644,30.203,43.479,1773.726,1773.155,19.3,23.5,1018.3,False,37.6,98,1.1,False,True,False,FORMULA 1 2018 HEINEKEN CHINESE GRAND PRIX,Shanghai,China,,,Permanent,,,0.2655742280166657,0.3010485816239061,0.4333771903594283,1,False,Chinese Grand Prix,chinese_grand_prix,2018,2018-04-15,104.04457777777779,45,Opening,2.1739999999999924,False,False,False,True
GRO,Haas F1 Team,13,0 days 00:01:40.499000,0 days 00:00:26.921000,0 days 00:00:30.140000,0 days 00:00:43.438000,ULTRASOFT,15,1,,,,False,0 days 00:29:36.645000,100.499,26.921,30.14,43.438,1776.645,1773.155,19.3,23.5,1018.3,False,37.6,98,1.1,False,True,False,FORMULA 1 2018 HEINEKEN CHINESE GRAND PRIX,Shanghai,China,,,Permanent,,,0.2678733121722604,0.2999034816266829,0.43222320620105675,1,False,Chinese Grand Prix,chinese_grand_prix,2018,2018-04-15,104.38857777777777,45,Opening,3.0889999999999986,False,False,False,True
ALO,McLaren,13,0 days 00:01:40.650000,0 days 00:00:26.911000,0 days 00:00:30.255000,0 days 00:00:43.484000,Soft,12,1,,,,False,0 days 00:29:37.542000,100.65,26.911,30.255,43.484,1777.542,1773.155,19.3,23.5,1018.3,False,37.6,98,1.1,False,True,False,FORMULA 1 2018 HEINEKEN CHINESE GRAND PRIX,Shanghai,China,,,Permanent,,,0.2673720814704421,0.3005961251862891,0.43203179334326874,1,False,Chinese Grand Prix,chinese_grand_prix,2018,2018-04-15,103.92247826086957,46,Opening,3.416000000000011,False,False,False,True
STR,Williams,13,0 days 00:01:40.749000,0 days 00:00:26.869000,0 days 00:00:30.268000,0 days 00:00:43.612000,Soft,12,1,,,,False,0 days 00:29:42.863000,100.749,26.869,30.268,43.612,1782.863,1773.155,19.3,23.5,1018.3,False,37.6,98,1.1,False,True,False,FORMULA 1 2018 HEINEKEN CHINESE GRAND PRIX,Shanghai,China,,,Permanent,,,0.2666924733744256,0.3004297809407538,0.43287774568482074,1,False,Chinese Grand Prix,chinese_grand_prix,2018,2018-04-15,104.3311111111111,45,Opening,2.2489999999999952,False,False,False,True
VAN,McLaren,13,0 days 00:01:40.857000,0 days 00:00:26.609000,0 days 00:00:30.452000,0 days 00:00:43.796000,Soft,12,1,,,,False,0 days 00:29:45.038000,100.857,26.609,30.452,43.796,1785.038,1773.155,19.3,23.5,1018.3,False,37.6,98,1.1,False,True,False,FORMULA 1 2018 HEINEKEN CHINESE GRAND PRIX,Shanghai,China,,,Permanent,,,0.263828985593464,0.301932438997789,0.43423857540874705,1,False,Chinese Grand Prix,chinese_grand_prix,2018,2018-04-15,104.21526666666666,45,Opening,2.719999999999999,False,False,False,True
SIR,Williams,13,0 days 00:01:40.946000,0 days 00:00:27.005000,0 days 00:00:30.326000,0 days 00:00:43.615000,Soft,12,1,,,,False,0 days 00:29:47.236000,100.946,27.005,30.326,43.615,1787.236,1773.155,19.3,23.5,1018.3,False,37.6,98,1.1,False,True,False,FORMULA 1 2018 HEINEKEN CHINESE GRAND PRIX,Shanghai,China,,,Permanent,,,0.2675192677272997,0.30041804529154204,0.4320626869811583,1,False,Chinese Grand Prix,chinese_grand_prix,2018,2018-04-15,104.34546666666667,45,Opening,2.3220000000000027,False,False,False,True
LEC,Sauber,13,0 days 00:01:41.317000,0 days 00:00:27.035000,0 days 00:00:30.472000,0 days 00:00:43.810000,Soft,12,1,,,,False,0 days 00:29:50.900000,101.317,27.035,30.472,43.81,1790.9,1773.155,19.3,23.5,1018.3,False,37.6,98,1.1,False,True,False,FORMULA 1 2018 HEINEKEN CHINESE GRAND PRIX,Shanghai,China,,,Permanent,,,0.2668357728712852,0.3007590039183948,0.43240522321032016,1,False,Chinese Grand Prix,chinese_grand_prix,2018,2018-04-15,102.08430232558139,43,Opening,2.508999999999986,False,False,False,True
GAS,Toro Rosso,13,0 days 00:01:41.178000,0 days 00:00:26.998000,0 days 00:00:30.586000,0 days 00:00:43.594000,Medium,12,1,,,,False,0 days 00:29:51.564000,101.178,26.998,30.586,43.594,1791.564,1773.155,19.3,23.5,1018.3,False,37.6,98,1.1,False,True,False,FORMULA 1 2018 HEINEKEN CHINESE GRAND PRIX,Shanghai,China,,,Permanent,,,0.26683666409693807,0.3022989187372749,0.43086441716578705,1,False,Chinese Grand Prix,chinese_grand_prix,2018,2018-04-15,102.94286363636364,44,Opening,2.810999999999993,False,False,False,True
SAI,Renault,13,0 days 00:01:58.775000,0 days 00:00:46.427000,0 days 00:00:29.677000,0 days 00:00:42.671000,ULTRASOFT,15,1,,0 days 00:28:17.955000,,False,0 days 00:29:54.545000,118.775,46.427,29.677,42.671,1794.545,1773.155,19.3,23.5,1018.3,False,37.6,98,1.1,False,True,False,FORMULA 1 2018 HEINEKEN CHINESE GRAND PRIX,Shanghai,China,,,Permanent,,,0.39088191959587454,0.24985897705746157,0.35925910334666383,2,False,Chinese Grand Prix,chinese_grand_prix,2018,2018-04-15,103.05313636363636,44,Opening,21.021,False,False,False,True
ERI,Sauber,13,0 days 00:01:42.175000,0 days 00:00:26.981000,0 days 00:00:30.630000,0 days 00:00:44.564000,Soft,12,1,,,,False,0 days 00:29:55.797000,102.175,26.981,30.63,44.564,1795.797,1773.155,19.3,23.5,1018.3,False,37.6,98,1.1,False,True,False,FORMULA 1 2018 HEINEKEN CHINESE GRAND PRIX,Shanghai,China,,,Permanent,,,0.26406655248348426,0.29977978957670665,0.43615365793980915,1,False,Chinese Grand Prix,chinese_grand_prix,2018,2018-04-15,102.02637209302326,43,Opening,3.7890000000000015,False,False,False,True
OCO,Force India,13,0 days 00:01:39.711000,0 days 00:00:26.432000,0 days 00:00:30.045000,0 days 00:00:43.234000,Soft,12,1,,,,False,0 days 00:29:57.722000,99.711,26.432,30.045,43.234,1797.722,1773.155,19.3,23.5,1018.3,False,37.6,98,1.1,False,True,False,FORMULA 1 2018 HEINEKEN CHINESE GRAND PRIX,Shanghai,China,,,Permanent,,,0.26508609882560596,0.30132081716159703,0.433593084012797,1,False,Chinese Grand Prix,chinese_grand_prix,2018,2018-04-15,104.14320000000001,45,Opening,1.725999999999999,False,False,False,True
PER,Force India,13,0 days 00:01:56.712000,0 days 00:00:44.686000,0 days 00:00:29.540000,0 days 00:00:42.486000,ULTRASOFT,15,1,,0 days 00:28:28.947000,,False,0 days 00:30:04.475000,116.712,44.686,29.54,42.486,1804.475,1833.167,19.3,23.5,1018.3,False,37.6,98,1.1,False,True,False,FORMULA 1 2018 HEINEKEN CHINESE GRAND PRIX,Shanghai,China,,,Permanent,,,0.38287408321337996,0.25310165192953593,0.36402426485708406,2,False,Chinese Grand Prix,chinese_grand_prix,2018,2018-04-15,104.14991111111111,45,Opening,19.039,False,False,False,True
HAR,Toro Rosso,13,0 days 00:01:40.590000,0 days 00:00:26.606000,0 days 00:00:30.188000,0 days 00:00:43.796000,ULTRASOFT,12,1,,,,False,0 days 00:30:13.508000,100.59,26.606,30.188,43.796,1813.508,1833.167,19.3,23.5,1018.3,False,37.6,98,1.1,False,True,False,FORMULA 1 2018 HEINEKEN CHINESE GRAND PRIX,Shanghai,China,,,Permanent,,,0.2644994532259668,0.3001093548066408,0.43539119196739234,1,False,Chinese Grand Prix,chinese_grand_prix,2018,2018-04-15,102.14634883720929,43,Opening,1.2139999999999986,False,False,False,True
VET,Ferrari,14,0 days 00:01:39.006000,0 days 00:00:26.418000,0 days 00:00:29.696000,0 days 00:00:42.892000,Soft,15,1,,,,False,0 days 00:30:40.175000,99.006,26.418,29.696,42.892,1840.175,1833.167,19.3,23.5,1018.3,False,37.6,98,1.1,False,True,False,FORMULA 1 2018 HEINEKEN CHINESE GRAND PRIX,Shanghai,China,,,Permanent,,,0.2668323131931398,0.29994141769185706,0.43322626911500317,1,False,Chinese Grand Prix,chinese_grand_prix,2018,2018-04-15,101.62033333333333,42,Opening,1.527000000000001,False,False,False,True
BOT,Mercedes,14,0 days 00:01:39.244000,0 days 00:00:26.484000,0 days 00:00:29.753000,0 days 00:00:43.007000,Soft,16,1,,,,False,0 days 00:30:43.644000,99.244,26.484,29.753,43.007,1843.644,1833.167,19.3,23.5,1018.3,False,37.6,98,1.1,False,True,False,FORMULA 1 2018 HEINEKEN CHINESE GRAND PRIX,Shanghai,China,,,Permanent,,,0.26685744226351216,0.2997964612470275,0.4333460964894603,1,False,Chinese Grand Prix,chinese_grand_prix,2018,2018-04-15,101.08895454545454,44,Opening,2.257000000000005,False,False,False,True
VER,Red Bull Racing,14,0 days 00:01:39.450000,0 days 00:00:26.483000,0 days 00:00:29.825000,0 days 00:00:43.142000,ULTRASOFT,16,1,,,,False,0 days 00:30:49.264000,99.45,26.483,29.825,43.142,1849.264,1833.167,19.3,23.5,1018.3,False,37.6,98,1.1,False,True,False,FORMULA 1 2018 HEINEKEN CHINESE GRAND PRIX,Shanghai,China,,,Permanent,,,0.2662946204122675,0.2998994469582705,0.43380593262946204,1,False,Chinese Grand Prix,chinese_grand_prix,2018,2018-04-15,101.39367441860465,43,Opening,3.2439999999999998,False,False,False,True
RAI,Ferrari,14,0 days 00:01:39.623000,0 days 00:00:26.339000,0 days 00:00:30.053000,0 days 00:00:43.231000,Soft,16,1,,,,False,0 days 00:30:51.995000,99.623,26.339,30.053,43.231,1851.995,1833.167,19.3,23.5,1018.3,False,37.6,98,1.1,False,True,False,FORMULA 1 2018 HEINEKEN CHINESE GRAND PRIX,Shanghai,China,,,Permanent,,,0.26438673800226853,0.30166728566696444,0.433945976330767,1,False,Chinese Grand Prix,chinese_grand_prix,2018,2018-04-15,102.48924444444444,45,Opening,3.1670000000000016,False,False,False,True
HAM,Mercedes,14,0 days 00:01:39.277000,0 days 00:00:26.470000,0 days 00:00:29.874000,0 days 00:00:42.933000,Soft,16,1,,,,False,0 days 00:30:53.225000,99.277,26.47,29.874,42.933,1853.225,1833.167,19.3,23.5,1018.3,False,37.6,98,1.1,False,True,False,FORMULA 1 2018 HEINEKEN CHINESE GRAND PRIX,Shanghai,China,,,Permanent,,,0.26662771840406135,0.30091561993210914,0.43245666166382946,1,False,Chinese Grand Prix,chinese_grand_prix,2018,2018-04-15,101.40695348837208,43,Opening,2.399000000000001,False,False,False,True
RIC,Red Bull Racing,14,0 days 00:01:39.455000,0 days 00:00:26.527000,0 days 00:00:29.871000,0 days 00:00:43.057000,ULTRASOFT,16,1,,,,False,0 days 00:30:55.169000,99.455,26.527,29.871,43.057,1855.169,1833.167,19.3,23.5,1018.3,False,37.6,98,1.1,False,True,False,FORMULA 1 2018 HEINEKEN CHINESE GRAND PRIX,Shanghai,China,,,Permanent,,,0.26672364385903174,0.30034689055351665,0.43292946558745166,1,False,Chinese Grand Prix,chinese_grand_prix,2018,2018-04-15,101.17729545454546,44,Opening,3.6700000000000017,False,False,False,True
MAG,Haas F1 Team,14,0 days 00:01:40.205000,0 days 00:00:26.589000,0 days 00:00:30.206000,0 days 00:00:43.410000,Soft,17,1,,,,False,0 days 00:31:13.931000,100.205,26.589,30.206,43.41,1873.931,1893.22,19.3,24.3,1018.3,False,37.6,139,1.5,False,True,False,FORMULA 1 2018 HEINEKEN CHINESE GRAND PRIX,Shanghai,China,,,Permanent,,,0.26534604061673567,0.30144204381018913,0.43321191557307515,1,False,Chinese Grand Prix,chinese_grand_prix,2018,2018-04-15,104.04457777777779,45,Opening,2.0529999999999973,False,False,False,True
GRO,Haas F1 Team,14,0 days 00:01:40.654000,0 days 00:00:26.961000,0 days 00:00:30.215000,0 days 00:00:43.478000,ULTRASOFT,16,1,,,,False,0 days 00:31:17.299000,100.654,26.961,30.215,43.478,1877.299,1893.22,19.3,24.3,1018.3,False,37.6,139,1.5,False,True,False,FORMULA 1 2018 HEINEKEN CHINESE GRAND PRIX,Shanghai,China,,,Permanent,,,0.2678582073241004,0.300186778468814,0.4319550142070857,1,False,Chinese Grand Prix,chinese_grand_prix,2018,2018-04-15,104.38857777777777,45,Opening,3.2439999999999998,False,False,False,True
ALO,McLaren,14,0 days 00:01:40.663000,0 days 00:00:26.405000,0 days 00:00:30.653000,0 days 00:00:43.605000,Soft,13,1,,,,False,0 days 00:31:18.205000,100.663,26.405,30.653,43.605,1878.205,1893.22,19.3,24.3,1018.3,False,37.6,139,1.5,False,True,False,FORMULA 1 2018 HEINEKEN CHINESE GRAND PRIX,Shanghai,China,,,Permanent,,,0.26231087887307153,0.30451109146359634,0.4331780296633321,1,False,Chinese Grand Prix,chinese_grand_prix,2018,2018-04-15,103.92247826086957,46,Opening,3.429000000000002,False,False,False,True
STR,Williams,14,0 days 00:01:40.804000,0 days 00:00:26.801000,0 days 00:00:30.441000,0 days 00:00:43.562000,Soft,13,1,,,,False,0 days 00:31:23.667000,100.804,26.801,30.441,43.562,1883.667,1893.22,19.3,24.3,1018.3,False,37.6,139,1.5,False,True,False,FORMULA 1 2018 HEINEKEN CHINESE GRAND PRIX,Shanghai,China,,,Permanent,,,0.2658723860164279,0.3019820642038014,0.4321455497797706,1,False,Chinese Grand Prix,chinese_grand_prix,2018,2018-04-15,104.3311111111111,45,Opening,2.304000000000002,False,False,False,True
VAN,McLaren,14,0 days 00:01:41.133000,0 days 00:00:26.819000,0 days 00:00:30.342000,0 days 00:00:43.972000,Soft,13,1,,,,False,0 days 00:31:26.171000,101.133,26.819,30.342,43.972,1886.171,1893.22,19.3,24.3,1018.3,False,37.6,139,1.5,False,True,False,FORMULA 1 2018 HEINEKEN CHINESE GRAND PRIX,Shanghai,China,,,Permanent,,,0.26518544886436674,0.3000207647355463,0.43479378640008703,1,False,Chinese Grand Prix,chinese_grand_prix,2018,2018-04-15,104.21526666666666,45,Opening,2.995999999999995,False,False,False,True
SIR,Williams,14,0 days 00:01:41.139000,0 days 00:00:27.034000,0 days 00:00:30.398000,0 days 00:00:43.707000,Soft,13,1,,,,False,0 days 00:31:28.375000,101.139,27.034,30.398,43.707,1888.375,1893.22,19.3,24.3,1018.3,False,37.6,139,1.5,False,True,False,FORMULA 1 2018 HEINEKEN CHINESE GRAND PRIX,Shanghai,China,,,Permanent,,,0.26729550420708137,0.3005566596466249,0.43214783614629376,1,False,Chinese Grand Prix,chinese_grand_prix,2018,2018-04-15,104.34546666666667,45,Opening,2.5150000000000006,False,False,False,True
HUL,Renault,14,0 days 00:01:59.283000,0 days 00:00:45.952000,0 days 00:00:30.283000,0 days 00:00:43.048000,ULTRASOFT,16,1,,0 days 00:29:54.912000,,False,0 days 00:31:31.883000,119.283,45.952,30.283,43.048,1891.883,1893.22,19.3,24.3,1018.3,False,37.6,139,1.5,False,True,False,FORMULA 1 2018 HEINEKEN CHINESE GRAND PRIX,Shanghai,China,,,Permanent,,,0.3852351131343108,0.2538752378796643,0.3608896489860248,2,False,Chinese Grand Prix,chinese_grand_prix,2018,2018-04-15,102.89104545454546,44,Opening,22.402,False,False,False,True
LEC,Sauber,14,0 days 00:01:42.003000,0 days 00:00:27.019000,0 days 00:00:30.453000,0 days 00:00:44.531000,Soft,13,1,,,,False,0 days 00:31:32.903000,102.003,27.019,30.453,44.531,1892.903,1893.22,19.3,24.3,1018.3,False,37.6,139,1.5,False,True,False,FORMULA 1 2018 HEINEKEN CHINESE GRAND PRIX,Shanghai,China,,,Permanent,,,0.26488436614609373,0.29855004264580454,0.43656559120810173,1,False,Chinese Grand Prix,chinese_grand_prix,2018,2018-04-15,102.08430232558139,43,Opening,3.194999999999993,False,False,False,True
GAS,Toro Rosso,14,0 days 00:01:42.156000,0 days 00:00:27.125000,0 days 00:00:31.393000,0 days 00:00:43.638000,Medium,13,1,,,,False,0 days 00:31:33.720000,102.156,27.125,31.393,43.638,1893.72,1893.22,19.3,24.3,1018.3,False,37.6,139,1.5,False,True,False,FORMULA 1 2018 HEINEKEN CHINESE GRAND PRIX,Shanghai,China,,,Permanent,,,0.2655252750695015,0.30730451466384745,0.427170210266651,1,False,Chinese Grand Prix,chinese_grand_prix,2018,2018-04-15,102.94286363636364,44,Opening,3.7890000000000015,False,False,False,True
SAI,Renault,14,0 days 00:01:39.737000,0 days 00:00:26.656000,0 days 00:00:30.074000,0 days 00:00:43.007000,ULTRASOFT,16,1,,,,False,0 days 00:31:34.282000,99.737,26.656,30.074,43.007,1894.282,1893.22,19.3,24.3,1018.3,False,37.6,139,1.5,False,True,False,FORMULA 1 2018 HEINEKEN CHINESE GRAND PRIX,Shanghai,China,,,Permanent,,,0.2672629014307629,0.3015330318738282,0.43120406669540895,1,False,Chinese Grand Prix,chinese_grand_prix,2018,2018-04-15,103.05313636363636,44,Opening,1.9829999999999899,False,False,False,True
OCO,Force India,14,0 days 00:01:40.075000,0 days 00:00:26.732000,0 days 00:00:30.243000,0 days 00:00:43.100000,Soft,13,1,,,,False,0 days 00:31:37.797000,100.075,26.732,30.243,43.1,1897.797,1893.22,19.3,24.3,1018.3,False,37.6,139,1.5,False,True,False,FORMULA 1 2018 HEINEKEN CHINESE GRAND PRIX,Shanghai,China,,,Permanent,,,0.2671196602548089,0.30220334748938293,0.43067699225580813,1,False,Chinese Grand Prix,chinese_grand_prix,2018,2018-04-15,104.14320000000001,45,Opening,2.0900000000000034,False,False,False,True
ERI,Sauber,14,0 days 00:01:42.663000,0 days 00:00:27.403000,0 days 00:00:30.720000,0 days 00:00:44.540000,Soft,13,1,,,,False,0 days 00:31:38.460000,102.663,27.403,30.72,44.54,1898.46,1893.22,19.3,24.3,1018.3,False,37.6,139,1.5,False,True,False,FORMULA 1 2018 HEINEKEN CHINESE GRAND PRIX,Shanghai,China,,,Permanent,,,0.2669218705862872,0.29923146605885276,0.4338466633548601,1,False,Chinese Grand Prix,chinese_grand_prix,2018,2018-04-15,102.02637209302326,43,Opening,4.277000000000001,False,False,False,True
PER,Force India,14,0 days 00:01:39.004000,0 days 00:00:26.522000,0 days 00:00:29.713000,0 days 00:00:42.769000,ULTRASOFT,16,1,,,,False,0 days 00:31:43.479000,99.004,26.522,29.713,42.769,1903.479,1893.22,19.3,24.3,1018.3,False,37.6,139,1.5,False,True,False,FORMULA 1 2018 HEINEKEN CHINESE GRAND PRIX,Shanghai,China,,,Permanent,,,0.2678881661347016,0.30011918710355134,0.431992646761747,1,False,Chinese Grand Prix,chinese_grand_prix,2018,2018-04-15,104.14991111111111,45,Opening,1.331000000000003,False,False,False,True
HAR,Toro Rosso,14,0 days 00:01:40.554000,0 days 00:00:26.588000,0 days 00:00:30.090000,0 days 00:00:43.876000,ULTRASOFT,13,1,,,,False,0 days 00:31:54.062000,100.554,26.588,30.09,43.876,1914.062,1893.22,19.3,24.3,1018.3,False,37.6,139,1.5,False,True,False,FORMULA 1 2018 HEINEKEN CHINESE GRAND PRIX,Shanghai,China,,,Permanent,,,0.26441514012371464,0.29924219822185094,0.4363426616544344,1,False,Chinese Grand Prix,chinese_grand_prix,2018,2018-04-15,102.14634883720929,43,Opening,1.1779999999999973,False,False,False,True
VET,Ferrari,15,0 days 00:01:38.916000,0 days 00:00:26.396000,0 days 00:00:29.883000,0 days 00:00:42.637000,Soft,16,1,,,,False,0 days 00:32:19.091000,98.916,26.396,29.883,42.637,1939.091,1953.197,19.4,24.3,1018.3,False,37.6,95,1.7,False,True,False,FORMULA 1 2018 HEINEKEN CHINESE GRAND PRIX,Shanghai,China,,,Permanent,,,0.2668526830846375,0.30210481620769136,0.4310425007076712,1,False,Chinese Grand Prix,chinese_grand_prix,2018,2018-04-15,101.62033333333333,42,Opening,1.4369999999999976,False,False,False,True
BOT,Mercedes,15,0 days 00:01:39.248000,0 days 00:00:26.453000,0 days 00:00:29.944000,0 days 00:00:42.851000,Soft,17,1,,,,False,0 days 00:32:22.892000,99.248,26.453,29.944,42.851,1942.892,1953.197,19.4,24.3,1018.3,False,37.6,95,1.7,False,True,False,FORMULA 1 2018 HEINEKEN CHINESE GRAND PRIX,Shanghai,China,,,Permanent,,,0.26653433822344025,0.30170885055618246,0.43175681122037723,1,False,Chinese Grand Prix,chinese_grand_prix,2018,2018-04-15,101.08895454545454,44,Opening,2.26100000000001,False,False,False,True
VER,Red Bull Racing,15,0 days 00:01:39.431000,0 days 00:00:26.528000,0 days 00:00:29.921000,0 days 00:00:42.982000,ULTRASOFT,17,1,,,,False,0 days 00:32:28.695000,99.431,26.528,29.921,42.982,1948.695,1953.197,19.4,24.3,1018.3,False,37.6,95,1.7,False,True,False,FORMULA 1 2018 HEINEKEN CHINESE GRAND PRIX,Shanghai,China,,,Permanent,,,0.2667980810813529,0.30092224758878017,0.43227967132986694,1,False,Chinese Grand Prix,chinese_grand_prix,2018,2018-04-15,101.39367441860465,43,Opening,3.2249999999999943,False,False,False,True
RAI,Ferrari,15,0 days 00:01:39.620000,0 days 00:00:26.394000,0 days 00:00:30.111000,0 days 00:00:43.115000,Soft,17,1,,,,False,0 days 00:32:31.615000,99.62,26.394,30.111,43.115,1951.615,1953.197,19.4,24.3,1018.3,False,37.6,95,1.7,False,True,False,FORMULA 1 2018 HEINEKEN CHINESE GRAND PRIX,Shanghai,China,,,Permanent,,,0.26494679783176067,0.30225858261393296,0.43279461955430637,1,False,Chinese Grand Prix,chinese_grand_prix,2018,2018-04-15,102.48924444444444,45,Opening,3.1640000000000015,False,False,False,True
HAM,Mercedes,15,0 days 00:01:39.625000,0 days 00:00:26.562000,0 days 00:00:30.099000,0 days 00:00:42.964000,Soft,17,1,,,,False,0 days 00:32:32.850000,99.625,26.562,30.099,42.964,1952.85,1953.197,19.4,24.3,1018.3,False,37.6,95,1.7,False,True,False,FORMULA 1 2018 HEINEKEN CHINESE GRAND PRIX,Shanghai,China,,,Permanent,,,0.2666198243412798,0.30212296110414055,0.43125721455457966,1,False,Chinese Grand Prix,chinese_grand_prix,2018,2018-04-15,101.40695348837208,43,Opening,2.747,False,False,False,True
RIC,Red Bull Racing,15,0 days 00:01:39.744000,0 days 00:00:26.602000,0 days 00:00:30.008000,0 days 00:00:43.134000,ULTRASOFT,17,1,,,,False,0 days 00:32:34.913000,99.744,26.602,30.008,43.134,1954.913,1953.197,19.4,24.3,1018.3,False,37.6,95,1.7,False,True,False,FORMULA 1 2018 HEINEKEN CHINESE GRAND PRIX,Shanghai,China,,,Permanent,,,0.2667027590632018,0.3008501764517164,0.4324470644850818,1,False,Chinese Grand Prix,chinese_grand_prix,2018,2018-04-15,101.17729545454546,44,Opening,3.959000000000003,False,False,False,True
MAG,Haas F1 Team,15,0 days 00:01:40.161000,0 days 00:00:26.641000,0 days 00:00:30.258000,0 days 00:00:43.262000,Soft,18,1,,,,False,0 days 00:32:54.092000,100.161,26.641,30.258,43.262,1974.092,1953.197,19.4,24.3,1018.3,False,37.6,95,1.7,False,True,False,FORMULA 1 2018 HEINEKEN CHINESE GRAND PRIX,Shanghai,China,,,Permanent,,,0.2659817693513443,0.30209362925689637,0.43192460139175926,1,False,Chinese Grand Prix,chinese_grand_prix,2018,2018-04-15,104.04457777777779,45,Opening,2.0090000000000003,False,False,False,True
GRO,Haas F1 Team,15,0 days 00:01:40.678000,0 days 00:00:26.974000,0 days 00:00:30.388000,0 days 00:00:43.316000,ULTRASOFT,17,1,,,,False,0 days 00:32:57.977000,100.678,26.974,30.388,43.316,1977.977,1953.197,19.4,24.3,1018.3,False,37.6,95,1.7,False,True,False,FORMULA 1 2018 HEINEKEN CHINESE GRAND PRIX,Shanghai,China,,,Permanent,,,0.2679234788136435,0.30183356840620595,0.4302429527801506,1,False,Chinese Grand Prix,chinese_grand_prix,2018,2018-04-15,104.38857777777777,45,Opening,3.2680000000000007,False,False,False,True
ALO,McLaren,15,0 days 00:01:40.473000,0 days 00:00:26.532000,0 days 00:00:30.493000,0 days 00:00:43.448000,Soft,14,1,,,,False,0 days 00:32:58.678000,100.473,26.532,30.493,43.448,1978.678,1953.197,19.4,24.3,1018.3,False,37.6,95,1.7,False,True,False,FORMULA 1 2018 HEINEKEN CHINESE GRAND PRIX,Shanghai,China,,,Permanent,,,0.2640709444328327,0.3034944711514536,0.4324345844157137,1,False,Chinese Grand Prix,chinese_grand_prix,2018,2018-04-15,103.92247826086957,46,Opening,3.2390000000000043,False,False,False,True
STR,Williams,15,0 days 00:01:41.288000,0 days 00:00:26.823000,0 days 00:00:30.809000,0 days 00:00:43.656000,Soft,14,1,,,,False,0 days 00:33:04.955000,101.288,26.823,30.809,43.656,1984.955,2013.214,19.3,23.9,1018.3,False,37.7,107,2.6,False,True,False,FORMULA 1 2018 HEINEKEN CHINESE GRAND PRIX,Shanghai,China,,,Permanent,,,0.26481912961061527,0.30417226127478086,0.4310086091146039,1,False,Chinese Grand Prix,chinese_grand_prix,2018,2018-04-15,104.3311111111111,45,Opening,2.7879999999999967,False,False,False,True
VAN,McLaren,15,0 days 00:01:41.101000,0 days 00:00:26.825000,0 days 00:00:30.404000,0 days 00:00:43.872000,Soft,14,1,,,,False,0 days 00:33:07.272000,101.101,26.825,30.404,43.872,1987.272,2013.214,19.3,23.9,1018.3,False,37.7,107,2.6,False,True,False,FORMULA 1 2018 HEINEKEN CHINESE GRAND PRIX,Shanghai,China,,,Permanent,,,0.2653287306752653,0.3007289739963007,0.4339422953284339,1,False,Chinese Grand Prix,chinese_grand_prix,2018,2018-04-15,104.21526666666666,45,Opening,2.9639999999999986,False,False,False,True
SIR,Williams,15,0 days 00:01:41.328000,0 days 00:00:27.050000,0 days 00:00:30.493000,0 days 00:00:43.785000,Soft,14,1,,,,False,0 days 00:33:09.703000,101.328,27.05,30.493,43.785,1989.703,2013.214,19.3,23.9,1018.3,False,37.7,107,2.6,False,True,False,FORMULA 1 2018 HEINEKEN CHINESE GRAND PRIX,Shanghai,China,,,Permanent,,,0.2669548397284068,0.30093360176851414,0.4321115585030791,1,False,Chinese Grand Prix,chinese_grand_prix,2018,2018-04-15,104.34546666666667,45,Opening,2.7040000000000077,False,False,False,True
HUL,Renault,15,0 days 00:01:39.689000,0 days 00:00:26.391000,0 days 00:00:29.993000,0 days 00:00:43.305000,ULTRASOFT,17,1,,,,False,0 days 00:33:11.572000,99.689,26.391,29.993,43.305,1991.572,2013.214,19.3,23.9,1018.3,False,37.7,107,2.6,False,True,False,FORMULA 1 2018 HEINEKEN CHINESE GRAND PRIX,Shanghai,China,,,Permanent,,,0.26473332062715044,0.30086569230306254,0.4344009870697871,1,False,Chinese Grand Prix,chinese_grand_prix,2018,2018-04-15,102.89104545454546,44,Opening,2.8079999999999927,False,False,False,True
LEC,Sauber,15,0 days 00:01:41.583000,0 days 00:00:27.020000,0 days 00:00:30.584000,0 days 00:00:43.979000,Soft,14,1,,,,False,0 days 00:33:14.486000,101.583,27.02,30.584,43.979,1994.486,2013.214,19.3,23.9,1018.3,False,37.7,107,2.6,False,True,False,FORMULA 1 2018 HEINEKEN CHINESE GRAND PRIX,Shanghai,China,,,Permanent,,,0.26598938798814764,0.3010739986021283,0.43293661340972406,1,False,Chinese Grand Prix,chinese_grand_prix,2018,2018-04-15,102.08430232558139,43,Opening,2.7749999999999915,False,False,False,True
SAI,Renault,15,0 days 00:01:41.142000,0 days 00:00:26.402000,0 days 00:00:31.697000,0 days 00:00:43.043000,ULTRASOFT,17,1,,,,False,0 days 00:33:15.424000,101.142,26.402,31.697,43.043,1995.424,2013.214,19.3,23.9,1018.3,False,37.7,107,2.6,False,True,False,FORMULA 1 2018 HEINEKEN CHINESE GRAND PRIX,Shanghai,China,,,Permanent,,,0.26103893535820927,0.31339107393565485,0.42556999070613594,1,False,Chinese Grand Prix,chinese_grand_prix,2018,2018-04-15,103.05313636363636,44,Opening,3.387999999999991,False,False,False,True
GAS,Toro Rosso,15,0 days 00:01:42.420000,0 days 00:00:26.898000,0 days 00:00:31.153000,0 days 00:00:44.369000,Medium,14,1,,,,False,0 days 00:33:16.140000,102.42,26.898,31.153,44.369,1996.14,2013.214,19.3,23.9,1018.3,False,37.7,107,2.6,False,True,False,FORMULA 1 2018 HEINEKEN CHINESE GRAND PRIX,Shanghai,China,,,Permanent,,,0.26262448740480376,0.3041691075961726,0.43320640499902363,1,False,Chinese Grand Prix,chinese_grand_prix,2018,2018-04-15,102.94286363636364,44,Opening,4.052999999999997,False,False,False,True
OCO,Force India,15,0 days 00:01:40.248000,0 days 00:00:26.578000,0 days 00:00:30.269000,0 days 00:00:43.401000,Soft,14,1,,,,False,0 days 00:33:18.045000,100.248,26.578,30.269,43.401,1998.045,2013.214,19.3,23.9,1018.3,False,37.7,107,2.6,False,True,False,FORMULA 1 2018 HEINEKEN CHINESE GRAND PRIX,Shanghai,China,,,Permanent,,,0.26512249620940065,0.3019411858590695,0.4329363179315298,1,False,Chinese Grand Prix,chinese_grand_prix,2018,2018-04-15,104.14320000000001,45,Opening,2.2630000000000052,False,False,False,True
ERI,Sauber,15,0 days 00:01:42.043000,0 days 00:00:27.020000,0 days 00:00:30.895000,0 days 00:00:44.128000,Soft,14,1,,,,False,0 days 00:33:20.503000,102.043,27.02,30.895,44.128,2000.503,2013.214,19.3,23.9,1018.3,False,37.7,107,2.6,False,True,False,FORMULA 1 2018 HEINEKEN CHINESE GRAND PRIX,Shanghai,China,,,Permanent,,,0.26479033348686337,0.30276452083925404,0.43244514567388254,1,False,Chinese Grand Prix,chinese_grand_prix,2018,2018-04-15,102.02637209302326,43,Opening,3.6570000000000107,False,False,False,True
PER,Force India,15,0 days 00:01:39.260000,0 days 00:00:26.347000,0 days 00:00:29.910000,0 days 00:00:43.003000,ULTRASOFT,17,1,,,,False,0 days 00:33:22.739000,99.26,26.347,29.91,43.003,2002.739,2013.214,19.3,23.9,1018.3,False,37.7,107,2.6,False,True,False,FORMULA 1 2018 HEINEKEN CHINESE GRAND PRIX,Shanghai,China,,,Permanent,,,0.2654342131775136,0.3013298408220834,0.43323594600040294,1,False,Chinese Grand Prix,chinese_grand_prix,2018,2018-04-15,104.14991111111111,45,Opening,1.5870000000000033,False,False,False,True
HAR,Toro Rosso,15,0 days 00:01:40.537000,0 days 00:00:26.615000,0 days 00:00:30.259000,0 days 00:00:43.663000,ULTRASOFT,14,1,,,,False,0 days 00:33:34.599000,100.537,26.615,30.259,43.663,2014.599,2013.214,19.3,23.9,1018.3,False,37.7,107,2.6,False,True,False,FORMULA 1 2018 HEINEKEN CHINESE GRAND PRIX,Shanghai,China,,,Permanent,,,0.2647284084466415,0.3009737708505326,0.43429782070282574,1,False,Chinese Grand Prix,chinese_grand_prix,2018,2018-04-15,102.14634883720929,43,Opening,1.1610000000000014,False,False,False,True
VET,Ferrari,16,0 days 00:01:39.220000,0 days 00:00:26.536000,0 days 00:00:29.834000,0 days 00:00:42.850000,Soft,17,1,,,,False,0 days 00:33:58.311000,99.22,26.536,29.834,42.85,2038.311,2013.214,19.3,23.9,1018.3,False,37.7,107,2.6,False,True,False,FORMULA 1 2018 HEINEKEN CHINESE GRAND PRIX,Shanghai,China,,,Permanent,,,0.2674460794194719,0.3006853456964322,0.43186857488409597,1,False,Chinese Grand Prix,chinese_grand_prix,2018,2018-04-15,101.62033333333333,42,Opening,1.7409999999999997,False,False,False,True
BOT,Mercedes,16,0 days 00:01:38.979000,0 days 00:00:26.554000,0 days 00:00:29.756000,0 days 00:00:42.669000,Soft,18,1,,,,False,0 days 00:34:01.871000,98.979,26.554,29.756,42.669,2041.871,2013.214,19.3,23.9,1018.3,False,37.7,107,2.6,False,True,False,FORMULA 1 2018 HEINEKEN CHINESE GRAND PRIX,Shanghai,China,,,Permanent,,,0.2682791299164469,0.30062942644399315,0.43109144363955987,1,False,Chinese Grand Prix,chinese_grand_prix,2018,2018-04-15,101.08895454545454,44,Opening,1.9920000000000044,False,False,False,True
VER,Red Bull Racing,16,0 days 00:01:39.357000,0 days 00:00:26.611000,0 days 00:00:29.871000,0 days 00:00:42.875000,ULTRASOFT,18,1,,,,False,0 days 00:34:08.052000,99.357,26.611,29.871,42.875,2048.052,2073.225,19.2,23.7,1018.2,False,37.6,74,2.1,False,True,False,FORMULA 1 2018 HEINEKEN CHINESE GRAND PRIX,Shanghai,China,,,Permanent,,,0.2678321607939048,0.30064313536036713,0.43152470384572805,1,False,Chinese Grand Prix,chinese_grand_prix,2018,2018-04-15,101.39367441860465,43,Opening,3.1509999999999962,False,False,False,True
RAI,Ferrari,16,0 days 00:01:39.386000,0 days 00:00:26.440000,0 days 00:00:30.034000,0 days 00:00:42.912000,Soft,18,1,,,,False,0 days 00:34:11.001000,99.386,26.44,30.034,42.912,2051.001,2073.225,19.2,23.7,1018.2,False,37.6,74,2.1,False,True,False,FORMULA 1 2018 HEINEKEN CHINESE GRAND PRIX,Shanghai,China,,,Permanent,,,0.2660334453544765,0.30219548024872717,0.43177107439679635,1,False,Chinese Grand Prix,chinese_grand_prix,2018,2018-04-15,102.48924444444444,45,Opening,2.9299999999999926,False,False,False,True
HAM,Mercedes,16,0 days 00:01:39.629000,0 days 00:00:26.573000,0 days 00:00:30.292000,0 days 00:00:42.764000,Soft,18,1,,,,False,0 days 00:34:12.479000,99.629,26.573,30.292,42.764,2052.479,2073.225,19.2,23.7,1018.2,False,37.6,74,2.1,False,True,False,FORMULA 1 2018 HEINEKEN CHINESE GRAND PRIX,Shanghai,China,,,Permanent,,,0.26671952945427535,0.30404801814732657,0.4292324523983981,1,False,Chinese Grand Prix,chinese_grand_prix,2018,2018-04-15,101.40695348837208,43,Opening,2.7510000000000048,False,False,False,True
RIC,Red Bull Racing,16,0 days 00:01:39.371000,0 days 00:00:26.653000,0 days 00:00:29.849000,0 days 00:00:42.869000,ULTRASOFT,18,1,,,,False,0 days 00:34:14.284000,99.371,26.653,29.849,42.869,2054.284,2073.225,19.2,23.7,1018.2,False,37.6,74,2.1,False,True,False,FORMULA 1 2018 HEINEKEN CHINESE GRAND PRIX,Shanghai,China,,,Permanent,,,0.26821708546759115,0.3003793863400791,0.4314035281923298,1,False,Chinese Grand Prix,chinese_grand_prix,2018,2018-04-15,101.17729545454546,44,Opening,3.5859999999999985,False,False,False,True
MAG,Haas F1 Team,16,0 days 00:01:40.067000,0 days 00:00:26.786000,0 days 00:00:30.155000,0 days 00:00:43.126000,Soft,19,1,,,,False,0 days 00:34:34.159000,100.067,26.786,30.155,43.126,2074.159,2073.225,19.2,23.7,1018.2,False,37.6,74,2.1,False,True,False,FORMULA 1 2018 HEINEKEN CHINESE GRAND PRIX,Shanghai,China,,,Permanent,,,0.2676806539618456,0.30134809677516067,0.4309712492629938,1,False,Chinese Grand Prix,chinese_grand_prix,2018,2018-04-15,104.04457777777779,45,Opening,1.914999999999992,False,False,False,True
ALO,McLaren,16,0 days 00:01:41.169000,0 days 00:00:26.772000,0 days 00:00:30.942000,0 days 00:00:43.455000,Soft,15,1,,,,False,0 days 00:34:39.847000,101.169,26.772,30.942,43.455,2079.847,2073.225,19.2,23.7,1018.2,False,37.6,74,2.1,False,True,False,FORMULA 1 2018 HEINEKEN CHINESE GRAND PRIX,Shanghai,China,,,Permanent,,,0.2646265160276369,0.3058446757405925,0.4295288082317706,1,False,Chinese Grand Prix,chinese_grand_prix,2018,2018-04-15,103.92247826086957,46,Opening,3.9350000000000023,False,False,False,True
GRO,Haas F1 Team,16,0 days 00:01:45.320000,0 days 00:00:27.201000,0 days 00:00:30.416000,0 days 00:00:47.703000,ULTRASOFT,18,1,0 days 00:34:41.572000,,,False,0 days 00:34:43.297000,105.32,27.201,30.416,47.703,2083.297,2073.225,19.2,23.7,1018.2,False,37.6,74,2.1,False,True,False,FORMULA 1 2018 HEINEKEN CHINESE GRAND PRIX,Shanghai,China,,,Permanent,16.0,,0.258270034181542,0.28879605013292825,0.4529339156855299,1,False,Chinese Grand Prix,chinese_grand_prix,2018,2018-04-15,104.38857777777777,45,Opening,7.909999999999997,False,False,False,True
STR,Williams,16,0 days 00:01:41.168000,0 days 00:00:26.930000,0 days 00:00:30.573000,0 days 00:00:43.665000,Soft,15,1,,,,False,0 days 00:34:46.123000,101.168,26.93,30.573,43.665,2086.123,2073.225,19.2,23.7,1018.2,False,37.6,74,2.1,False,True,False,FORMULA 1 2018 HEINEKEN CHINESE GRAND PRIX,Shanghai,China,,,Permanent,,,0.2661908904001265,0.3022003004902736,0.4316088091095998,1,False,Chinese Grand Prix,chinese_grand_prix,2018,2018-04-15,104.3311111111111,45,Opening,2.6680000000000064,False,False,False,True
VAN,McLaren,16,0 days 00:01:40.919000,0 days 00:00:26.807000,0 days 00:00:30.392000,0 days 00:00:43.720000,Soft,15,1,,,,False,0 days 00:34:48.191000,100.919,26.807,30.392,43.72,2088.191,2073.225,19.2,23.7,1018.2,False,37.6,74,2.1,False,True,False,FORMULA 1 2018 HEINEKEN CHINESE GRAND PRIX,Shanghai,China,,,Permanent,,,0.2656288706784649,0.301152409358,0.4332187199635351,1,False,Chinese Grand Prix,chinese_grand_prix,2018,2018-04-15,104.21526666666666,45,Opening,2.7819999999999965,False,False,False,True
SIR,Williams,16,0 days 00:01:41.300000,0 days 00:00:27.065000,0 days 00:00:30.480000,0 days 00:00:43.755000,Soft,15,1,,,,False,0 days 00:34:51.003000,101.3,27.065,30.48,43.755,2091.003,2073.225,19.2,23.7,1018.2,False,37.6,74,2.1,False,True,False,FORMULA 1 2018 HEINEKEN CHINESE GRAND PRIX,Shanghai,China,,,Permanent,,,0.26717670286278383,0.300888450148075,0.4319348469891412,1,False,Chinese Grand Prix,chinese_grand_prix,2018,2018-04-15,104.34546666666667,45,Opening,2.676000000000002,False,False,False,True
HUL,Renault,16,0 days 00:01:39.859000,0 days 00:00:26.611000,0 days 00:00:30.018000,0 days 00:00:43.230000,ULTRASOFT,18,1,,,,False,0 days 00:34:51.431000,99.859,26.611,30.018,43.23,2091.431,2073.225,19.2,23.7,1018.2,False,37.6,74,2.1,False,True,False,FORMULA 1 2018 HEINEKEN CHINESE GRAND PRIX,Shanghai,China,,,Permanent,,,0.26648574490030946,0.30060385143051704,0.43291040366917355,1,False,Chinese Grand Prix,chinese_grand_prix,2018,2018-04-15,102.89104545454546,44,Opening,2.9779999999999944,False,False,False,True
SAI,Renault,16,0 days 00:01:40.331000,0 days 00:00:26.965000,0 days 00:00:30.398000,0 days 00:00:42.968000,ULTRASOFT,18,1,,,,False,0 days 00:34:55.755000,100.331,26.965,30.398,42.968,2095.755,2073.225,19.2,23.7,1018.2,False,37.6,74,2.1,False,True,False,FORMULA 1 2018 HEINEKEN CHINESE GRAND PRIX,Shanghai,China,,,Permanent,,,0.268760403065852,0.3029771456479054,0.4282624512862426,1,False,Chinese Grand Prix,chinese_grand_prix,2018,2018-04-15,103.05313636363636,44,Opening,2.576999999999998,False,False,False,True
LEC,Sauber,16,0 days 00:01:42.030000,0 days 00:00:27.136000,0 days 00:00:30.504000,0 days 00:00:44.390000,Soft,15,1,,,,False,0 days 00:34:56.516000,102.03,27.136,30.504,44.39,2096.516,2073.225,19.2,23.7,1018.2,False,37.6,74,2.1,False,True,False,FORMULA 1 2018 HEINEKEN CHINESE GRAND PRIX,Shanghai,China,,,Permanent,,,0.2659609918651377,0.29897089091443696,0.4350681172204254,1,False,Chinese Grand Prix,chinese_grand_prix,2018,2018-04-15,102.08430232558139,43,Opening,3.221999999999994,False,False,False,True
GAS,Toro Rosso,16,0 days 00:01:42.046000,0 days 00:00:27.101000,0 days 00:00:31.176000,0 days 00:00:43.769000,Medium,15,1,,,,False,0 days 00:34:58.186000,102.046,27.101,31.176,43.769,2098.186,2073.225,19.2,23.7,1018.2,False,37.6,74,2.1,False,True,False,FORMULA 1 2018 HEINEKEN CHINESE GRAND PRIX,Shanghai,China,,,Permanent,,,0.26557630872351684,0.3055092801285694,0.4289144111479136,1,False,Chinese Grand Prix,chinese_grand_prix,2018,2018-04-15,102.94286363636364,44,Opening,3.679000000000002,False,False,False,True
OCO,Force India,16,0 days 00:01:40.725000,0 days 00:00:26.819000,0 days 00:00:30.402000,0 days 00:00:43.504000,Soft,15,1,,,,False,0 days 00:34:58.770000,100.725,26.819,30.402,43.504,2098.77,2073.225,19.2,23.7,1018.2,False,37.6,74,2.1,False,True,False,FORMULA 1 2018 HEINEKEN CHINESE GRAND PRIX,Shanghai,China,,,Permanent,,,0.2662596177711591,0.3018317200297841,0.4319086621990568,1,False,Chinese Grand Prix,chinese_grand_prix,2018,2018-04-15,104.14320000000001,45,Opening,2.739999999999995,False,False,False,True
ERI,Sauber,16,0 days 00:01:42.067000,0 days 00:00:27.344000,0 days 00:00:30.793000,0 days 00:00:43.930000,Soft,15,1,,,,False,0 days 00:35:02.570000,102.067,27.344,30.793,43.93,2102.57,2073.225,19.2,23.7,1018.2,False,37.6,74,2.1,False,True,False,FORMULA 1 2018 HEINEKEN CHINESE GRAND PRIX,Shanghai,China,,,Permanent,,,0.26790245622973147,0.30169398532336605,0.43040355844690253,1,False,Chinese Grand Prix,chinese_grand_prix,2018,2018-04-15,102.02637209302326,43,Opening,3.6809999999999974,False,False,False,True
PER,Force India,16,0 days 00:01:40.226000,0 days 00:00:26.756000,0 days 00:00:30.342000,0 days 00:00:43.128000,ULTRASOFT,18,1,,,,False,0 days 00:35:02.965000,100.226,26.756,30.342,43.128,2102.965,2073.225,19.2,23.7,1018.2,False,37.6,74,2.1,False,True,False,FORMULA 1 2018 HEINEKEN CHINESE GRAND PRIX,Shanghai,China,,,Permanent,,,0.2669566779079281,0.3027358170534592,0.43030750503861276,1,False,Chinese Grand Prix,chinese_grand_prix,2018,2018-04-15,104.14991111111111,45,Opening,2.5529999999999973,False,False,False,True
HAR,Toro Rosso,16,0 days 00:01:40.693000,0 days 00:00:26.728000,0 days 00:00:30.397000,0 days 00:00:43.568000,ULTRASOFT,15,1,,,,False,0 days 00:35:15.292000,100.693,26.728,30.397,43.568,2115.292,2133.236,19.1,24.0,1018.2,False,37.4,86,1.2,False,True,False,FORMULA 1 2018 HEINEKEN CHINESE GRAND PRIX,Shanghai,China,,,Permanent,,,0.26544049735334135,0.30187798556006873,0.4326815170865899,1,False,Chinese Grand Prix,chinese_grand_prix,2018,2018-04-15,102.14634883720929,43,Opening,1.316999999999993,False,False,False,True
VET,Ferrari,17,0 days 00:01:39.454000,0 days 00:00:26.612000,0 days 00:00:29.982000,0 days 00:00:42.860000,Soft,18,1,,,,False,0 days 00:35:37.765000,99.454,26.612,29.982,42.86,2137.765,2133.236,19.1,24.0,1018.2,False,37.4,86,1.2,False,True,False,FORMULA 1 2018 HEINEKEN CHINESE GRAND PRIX,Shanghai,China,,,Permanent,,,0.2675809922175076,0.3014660043839363,0.43095300339855613,1,False,Chinese Grand Prix,chinese_grand_prix,2018,2018-04-15,101.62033333333333,42,Opening,1.9749999999999943,False,False,False,True
BOT,Mercedes,17,0 days 00:01:39.555000,0 days 00:00:26.543000,0 days 00:00:30.219000,0 days 00:00:42.793000,Soft,19,1,,,,False,0 days 00:35:41.426000,99.555,26.543,30.219,42.793,2141.426,2133.236,19.1,24.0,1018.2,False,37.4,86,1.2,False,True,False,FORMULA 1 2018 HEINEKEN CHINESE GRAND PRIX,Shanghai,China,,,Permanent,,,0.2666164431721159,0.30354075636582795,0.42984280046205614,1,False,Chinese Grand Prix,chinese_grand_prix,2018,2018-04-15,101.08895454545454,44,Opening,2.568000000000012,False,False,False,True
RAI,Ferrari,17,0 days 00:01:39.431000,0 days 00:00:26.473000,0 days 00:00:30.009000,0 days 00:00:42.949000,Soft,19,1,,,,False,0 days 00:35:50.432000,99.431,26.473,30.009,42.949,2150.432,2133.236,19.1,24.0,1018.2,False,37.4,86,1.2,False,True,False,FORMULA 1 2018 HEINEKEN CHINESE GRAND PRIX,Shanghai,China,,,Permanent,,,0.26624493367259705,0.3018072834427895,0.43194778288461344,1,False,Chinese Grand Prix,chinese_grand_prix,2018,2018-04-15,102.48924444444444,45,Opening,2.9749999999999943,False,False,False,True
VER,Red Bull Racing,17,0 days 00:01:44.048000,0 days 00:00:26.744000,0 days 00:00:29.959000,0 days 00:00:47.345000,ULTRASOFT,19,1,0 days 00:35:50.381000,,,False,0 days 00:35:52.100000,104.048,26.744,29.959,47.345,2152.1,2133.236,19.1,24.0,1018.2,False,37.4,86,1.2,False,True,False,FORMULA 1 2018 HEINEKEN CHINESE GRAND PRIX,Shanghai,China,,,Permanent,17.0,,0.25703521451637706,0.2879344148854375,0.4550303705981854,1,False,Chinese Grand Prix,chinese_grand_prix,2018,2018-04-15,101.39367441860465,43,Opening,7.841999999999999,False,False,False,True
HAM,Mercedes,17,0 days 00:01:39.940000,0 days 00:00:26.515000,0 days 00:00:30.567000,0 days 00:00:42.858000,Soft,19,1,,,,False,0 days 00:35:52.419000,99.94,26.515,30.567,42.858,2152.419,2133.236,19.1,24.0,1018.2,False,37.4,86,1.2,False,True,False,FORMULA 1 2018 HEINEKEN CHINESE GRAND PRIX,Shanghai,China,,,Permanent,,,0.2653091855113068,0.30585351210726436,0.42883730238142886,1,False,Chinese Grand Prix,chinese_grand_prix,2018,2018-04-15,101.40695348837208,43,Opening,3.0619999999999976,False,False,False,True
RIC,Red Bull Racing,17,0 days 00:01:44.248000,0 days 00:00:26.626000,0 days 00:00:30.078000,0 days 00:00:47.544000,ULTRASOFT,19,1,0 days 00:35:57,,,False,0 days 00:35:58.532000,104.248,26.626,30.078,47.544,2158.532,2133.236,19.1,24.0,1018.2,False,37.4,86,1.2,False,True,False,FORMULA 1 2018 HEINEKEN CHINESE GRAND PRIX,Shanghai,China,,,Permanent,17.0,,0.2554101757347863,0.28852352083493205,0.4560663034302816,1,False,Chinese Grand Prix,chinese_grand_prix,2018,2018-04-15,101.17729545454546,44,Opening,8.463000000000008,False,False,False,True
MAG,Haas F1 Team,17,0 days 00:01:40.047000,0 days 00:00:26.699000,0 days 00:00:30.096000,0 days 00:00:43.252000,Soft,20,1,,,,False,0 days 00:36:14.206000,100.047,26.699,30.096,43.252,2174.206,2193.25,19.3,23.7,1018.1,False,37.4,117,1.2,False,True,False,FORMULA 1 2018 HEINEKEN CHINESE GRAND PRIX,Shanghai,China,,,Permanent,,,0.26686457365038435,0.30081861525083214,0.4323168110987836,1,False,Chinese Grand Prix,chinese_grand_prix,2018,2018-04-15,104.04457777777779,45,Opening,1.894999999999996,False,False,False,True
ALO,McLaren,17,0 days 00:01:40.397000,0 days 00:00:26.869000,0 days 00:00:30.056000,0 days 00:00:43.472000,Soft,16,1,,,,False,0 days 00:36:20.244000,100.397,26.869,30.056,43.472,2180.244,2193.25,19.3,23.7,1018.1,False,37.4,117,1.2,False,True,False,FORMULA 1 2018 HEINEKEN CHINESE GRAND PRIX,Shanghai,China,,,Permanent,,,0.26762751875056023,0.29937149516419814,0.43300098608524157,1,False,Chinese Grand Prix,chinese_grand_prix,2018,2018-04-15,103.92247826086957,46,Opening,3.163000000000011,False,False,False,True
STR,Williams,17,0 days 00:01:41.317000,0 days 00:00:27.078000,0 days 00:00:30.484000,0 days 00:00:43.755000,Soft,16,1,,,,False,0 days 00:36:27.440000,101.317,27.078,30.484,43.755,2187.44,2193.25,19.3,23.7,1018.1,False,37.4,117,1.2,False,True,False,FORMULA 1 2018 HEINEKEN CHINESE GRAND PRIX,Shanghai,China,,,Permanent,,,0.2672601833848219,0.30087744406170736,0.4318623725534708,1,False,Chinese Grand Prix,chinese_grand_prix,2018,2018-04-15,104.3311111111111,45,Opening,2.816999999999993,False,False,False,True
VAN,McLaren,17,0 days 00:01:40.836000,0 days 00:00:26.738000,0 days 00:00:30.478000,0 days 00:00:43.620000,Soft,16,1,,,,False,0 days 00:36:29.027000,100.836,26.738,30.478,43.62,2189.027,2193.25,19.3,23.7,1018.1,False,37.4,117,1.2,False,True,False,FORMULA 1 2018 HEINEKEN CHINESE GRAND PRIX,Shanghai,China,,,Permanent,,,0.2651632353524535,0.30225316355269943,0.43258360109484706,1,False,Chinese Grand Prix,chinese_grand_prix,2018,2018-04-15,104.21526666666666,45,Opening,2.698999999999998,False,False,False,True
HUL,Renault,17,0 days 00:01:39.763000,0 days 00:00:26.463000,0 days 00:00:30.008000,0 days 00:00:43.292000,ULTRASOFT,19,1,,,,False,0 days 00:36:31.194000,99.763,26.463,30.008,43.292,2191.194,2193.25,19.3,23.7,1018.1,False,37.4,117,1.2,False,True,False,FORMULA 1 2018 HEINEKEN CHINESE GRAND PRIX,Shanghai,China,,,Permanent,,,0.2652586630313844,0.3007928791235227,0.43394845784509284,1,False,Chinese Grand Prix,chinese_grand_prix,2018,2018-04-15,102.89104545454546,44,Opening,2.882000000000005,False,False,False,True
SIR,Williams,17,0 days 00:01:42.265000,0 days 00:00:27.555000,0 days 00:00:30.933000,0 days 00:00:43.777000,Soft,16,1,,,,False,0 days 00:36:33.268000,102.265,27.555,30.933,43.777,2193.268,2193.25,19.3,23.7,1018.1,False,37.4,117,1.2,False,True,False,FORMULA 1 2018 HEINEKEN CHINESE GRAND PRIX,Shanghai,China,,,Permanent,,,0.2694470248863247,0.30247885395785457,0.42807412115582066,1,False,Chinese Grand Prix,chinese_grand_prix,2018,2018-04-15,104.34546666666667,45,Opening,3.6410000000000053,False,False,False,True
SAI,Renault,17,0 days 00:01:39.913000,0 days 00:00:26.737000,0 days 00:00:30.105000,0 days 00:00:43.071000,ULTRASOFT,19,1,,,,False,0 days 00:36:35.668000,99.913,26.737,30.105,43.071,2195.668,2193.25,19.3,23.7,1018.1,False,37.4,117,1.2,False,True,False,FORMULA 1 2018 HEINEKEN CHINESE GRAND PRIX,Shanghai,China,,,Permanent,,,0.26760281444857026,0.30131214156315994,0.4310850439882698,1,False,Chinese Grand Prix,chinese_grand_prix,2018,2018-04-15,103.05313636363636,44,Opening,2.158999999999992,False,False,False,True
LEC,Sauber,17,0 days 00:01:41.498000,0 days 00:00:26.977000,0 days 00:00:30.625000,0 days 00:00:43.896000,Soft,16,1,,,,False,0 days 00:36:38.014000,101.498,26.977,30.625,43.896,2198.014,2193.25,19.3,23.7,1018.1,False,37.4,117,1.2,False,True,False,FORMULA 1 2018 HEINEKEN CHINESE GRAND PRIX,Shanghai,China,,,Permanent,,,0.26578848844312203,0.30173008335139606,0.43248142820548185,1,False,Chinese Grand Prix,chinese_grand_prix,2018,2018-04-15,102.08430232558139,43,Opening,2.6899999999999977,False,False,False,True
OCO,Force India,17,0 days 00:01:40.666000,0 days 00:00:26.473000,0 days 00:00:31.169000,0 days 00:00:43.024000,Soft,16,1,,,,False,0 days 00:36:39.436000,100.666,26.473,31.169,43.024,2199.436,2193.25,19.3,23.7,1018.1,False,37.4,117,1.2,False,True,False,FORMULA 1 2018 HEINEKEN CHINESE GRAND PRIX,Shanghai,China,,,Permanent,,,0.2629785627719389,0.30962787833032007,0.42739355889774105,1,False,Chinese Grand Prix,chinese_grand_prix,2018,2018-04-15,104.14320000000001,45,Opening,2.6809999999999974,False,False,False,True
GAS,Toro Rosso,17,0 days 00:01:41.866000,0 days 00:00:26.915000,0 days 00:00:30.604000,0 days 00:00:44.347000,Medium,16,1,,,,False,0 days 00:36:40.052000,101.866,26.915,30.604,44.347,2200.052,2193.25,19.3,23.7,1018.1,False,37.4,117,1.2,False,True,False,FORMULA 1 2018 HEINEKEN CHINESE GRAND PRIX,Shanghai,China,,,Permanent,,,0.26421966112343664,0.3004339033632419,0.4353464355133214,1,False,Chinese Grand Prix,chinese_grand_prix,2018,2018-04-15,102.94286363636364,44,Opening,3.4989999999999952,False,False,False,True
GRO,Haas F1 Team,17,0 days 00:01:58.007000,0 days 00:00:45.137000,0 days 00:00:29.905000,0 days 00:00:42.965000,ULTRASOFT,19,1,,0 days 00:35:04.534000,,False,0 days 00:36:41.304000,118.007,45.137,29.905,42.965,2201.304,2193.25,19.3,23.7,1018.1,False,37.4,117,1.2,False,True,False,FORMULA 1 2018 HEINEKEN CHINESE GRAND PRIX,Shanghai,China,,,Permanent,,,0.38249425881515503,0.2534171701678714,0.36408857101697356,2,False,Chinese Grand Prix,chinese_grand_prix,2018,2018-04-15,104.38857777777777,45,Opening,20.59700000000001,False,False,False,True
PER,Force India,17,0 days 00:01:40.013000,0 days 00:00:26.570000,0 days 00:00:30.326000,0 days 00:00:43.117000,ULTRASOFT,19,1,,,,False,0 days 00:36:42.978000,100.013,26.57,30.326,43.117,2202.978,2193.25,19.3,23.7,1018.1,False,37.4,117,1.2,False,True,False,FORMULA 1 2018 HEINEKEN CHINESE GRAND PRIX,Shanghai,China,,,Permanent,,,0.26566546348974635,0.3032205813244278,0.4311139551858258,1,False,Chinese Grand Prix,chinese_grand_prix,2018,2018-04-15,104.14991111111111,45,Opening,2.3400000000000034,False,False,False,True
ERI,Sauber,17,0 days 00:01:42.726000,0 days 00:00:27.819000,0 days 00:00:30.998000,0 days 00:00:43.909000,Soft,16,1,,,,False,0 days 00:36:45.296000,102.726,27.819,30.998,43.909,2205.296,2193.25,19.3,23.7,1018.1,False,37.4,117,1.2,False,True,False,FORMULA 1 2018 HEINEKEN CHINESE GRAND PRIX,Shanghai,China,,,Permanent,,,0.27080777991939725,0.30175418102525164,0.4274380390553511,1,False,Chinese Grand Prix,chinese_grand_prix,2018,2018-04-15,102.02637209302326,43,Opening,4.340000000000003,False,False,False,True
HAR,Toro Rosso,17,0 days 00:01:40.681000,0 days 00:00:26.616000,0 days 00:00:30.326000,0 days 00:00:43.739000,ULTRASOFT,16,1,,,,False,0 days 00:36:55.973000,100.681,26.616,30.326,43.739,2215.973,2193.25,19.3,23.7,1018.1,False,37.4,117,1.2,False,True,False,FORMULA 1 2018 HEINEKEN CHINESE GRAND PRIX,Shanghai,China,,,Permanent,,,0.2643597103723642,0.301208768287959,0.4344315213396768,1,False,Chinese Grand Prix,chinese_grand_prix,2018,2018-04-15,102.14634883720929,43,Opening,1.3049999999999926,False,False,False,True
VET,Ferrari,18,0 days 00:01:39.488000,0 days 00:00:26.540000,0 days 00:00:30.075000,0 days 00:00:42.873000,Soft,19,1,,,,False,0 days 00:37:17.253000,99.488,26.54,30.075,42.873,2237.253,2253.263,19.3,24.1,1018.1,False,37.6,165,0.8,False,True,False,FORMULA 1 2018 HEINEKEN CHINESE GRAND PRIX,Shanghai,China,,,Permanent,,,0.2667658411064651,0.3022977645545191,0.43093639433901576,1,False,Chinese Grand Prix,chinese_grand_prix,2018,2018-04-15,101.62033333333333,42,Opening,2.0090000000000003,False,False,False,True
BOT,Mercedes,18,0 days 00:01:39.320000,0 days 00:00:26.528000,0 days 00:00:29.956000,0 days 00:00:42.836000,Soft,20,1,,,,False,0 days 00:37:20.746000,99.32,26.528,29.956,42.836,2240.746,2253.263,19.3,24.1,1018.1,False,37.6,165,0.8,False,True,False,FORMULA 1 2018 HEINEKEN CHINESE GRAND PRIX,Shanghai,China,,,Permanent,,,0.2670962545308095,0.30161095449053565,0.43129279097865486,1,False,Chinese Grand Prix,chinese_grand_prix,2018,2018-04-15,101.08895454545454,44,Opening,2.3329999999999984,False,False,False,True
RAI,Ferrari,18,0 days 00:01:39.012000,0 days 00:00:26.338000,0 days 00:00:29.803000,0 days 00:00:42.871000,Soft,20,1,,,,False,0 days 00:37:29.444000,99.012,26.338,29.803,42.871,2249.444,2253.263,19.3,24.1,1018.1,False,37.6,165,0.8,False,True,False,FORMULA 1 2018 HEINEKEN CHINESE GRAND PRIX,Shanghai,China,,,Permanent,,,0.2660081606269947,0.3010039187169232,0.4329879206560821,1,False,Chinese Grand Prix,chinese_grand_prix,2018,2018-04-15,102.48924444444444,45,Opening,2.5559999999999974,False,False,False,True
HAM,Mercedes,18,0 days 00:01:43.390000,0 days 00:00:26.402000,0 days 00:00:29.682000,0 days 00:00:47.306000,Soft,20,1,0 days 00:37:34.060000,,,False,0 days 00:37:35.809000,103.39,26.402,29.682,47.306,2255.809,2253.263,19.3,24.1,1018.1,False,37.6,165,0.8,False,True,False,FORMULA 1 2018 HEINEKEN CHINESE GRAND PRIX,Shanghai,China,,,Permanent,18.0,,0.2553631879292001,0.28708772608569494,0.4575490859851049,1,False,Chinese Grand Prix,chinese_grand_prix,2018,2018-04-15,101.40695348837208,43,Opening,6.5120000000000005,False,False,False,True
VER,Red Bull Racing,18,0 days 00:01:56.316000,0 days 00:00:44.547000,0 days 00:00:29.178000,0 days 00:00:42.591000,ULTRASOFT,20,1,,0 days 00:36:13.070000,,False,0 days 00:37:48.416000,116.316,44.547,29.178,42.591,2268.416,2253.263,19.3,24.1,1018.1,False,37.6,165,0.8,False,True,False,FORMULA 1 2018 HEINEKEN CHINESE GRAND PRIX,Shanghai,China,,,Permanent,,,0.38298256473743936,0.25085112968121326,0.3661663055813474,2,False,Chinese Grand Prix,chinese_grand_prix,2018,2018-04-15,101.39367441860465,43,Opening,20.11,False,False,False,True
MAG,Haas F1 Team,18,0 days 00:01:39.882000,0 days 00:00:26.670000,0 days 00:00:30.126000,0 days 00:00:43.086000,Soft,21,1,,,,False,0 days 00:37:54.088000,99.882,26.67,30.126,43.086,2274.088,2253.263,19.3,24.1,1018.1,False,37.6,165,0.8,False,True,False,FORMULA 1 2018 HEINEKEN CHINESE GRAND PRIX,Shanghai,China,,,Permanent,,,0.26701507779179434,0.30161590676998856,0.43136901543821704,1,False,Chinese Grand Prix,chinese_grand_prix,2018,2018-04-15,104.04457777777779,45,Opening,1.730000000000004,False,False,False,True
RIC,Red Bull Racing,18,0 days 00:01:56.635000,0 days 00:00:44.940000,0 days 00:00:29.300000,0 days 00:00:42.395000,ULTRASOFT,20,1,,0 days 00:36:19.777000,,False,0 days 00:37:55.167000,116.635,44.94,29.3,42.395,2275.167,2253.263,19.3,24.1,1018.1,False,37.6,165,0.8,False,True,False,FORMULA 1 2018 HEINEKEN CHINESE GRAND PRIX,Shanghai,China,,,Permanent,,,0.3853045826724396,0.251211042997385,0.36348437433017533,2,False,Chinese Grand Prix,chinese_grand_prix,2018,2018-04-15,101.17729545454546,44,Opening,20.85000000000001,False,False,False,True
ALO,McLaren,18,0 days 00:01:40.280000,0 days 00:00:27,0 days 00:00:30.077000,0 days 00:00:43.203000,Soft,17,1,,,,False,0 days 00:38:00.524000,100.28,27.0,30.077,43.203,2280.524,2253.263,19.3,24.1,1018.1,False,37.6,165,0.8,False,True,False,FORMULA 1 2018 HEINEKEN CHINESE GRAND PRIX,Shanghai,China,,,Permanent,,,0.2692461108895094,0.29993019545273236,0.4308236936577583,1,False,Chinese Grand Prix,chinese_grand_prix,2018,2018-04-15,103.92247826086957,46,Opening,3.0460000000000065,False,False,False,True
STR,Williams,18,0 days 00:01:40.927000,0 days 00:00:26.817000,0 days 00:00:30.435000,0 days 00:00:43.675000,Soft,17,1,,,,False,0 days 00:38:08.367000,100.927,26.817,30.435,43.675,2288.367,2313.288,19.3,23.8,1018.2,False,37.6,77,1.3,False,True,False,FORMULA 1 2018 HEINEKEN CHINESE GRAND PRIX,Shanghai,China,,,Permanent,,,0.2657068970642147,0.30155458896033766,0.43273851397544755,1,False,Chinese Grand Prix,chinese_grand_prix,2018,2018-04-15,104.3311111111111,45,Opening,2.4270000000000067,False,False,False,True
VAN,McLaren,18,0 days 00:01:40.402000,0 days 00:00:26.741000,0 days 00:00:30.148000,0 days 00:00:43.513000,Soft,17,1,,,,False,0 days 00:38:09.429000,100.402,26.741,30.148,43.513,2289.429,2313.288,19.3,23.8,1018.2,False,37.6,77,1.3,False,True,False,FORMULA 1 2018 HEINEKEN CHINESE GRAND PRIX,Shanghai,China,,,Permanent,,,0.26633931594988147,0.3002729029302205,0.433387781119898,1,False,Chinese Grand Prix,chinese_grand_prix,2018,2018-04-15,104.21526666666666,45,Opening,2.2650000000000006,False,False,False,True
HUL,Renault,18,0 days 00:01:39.622000,0 days 00:00:26.616000,0 days 00:00:29.931000,0 days 00:00:43.075000,ULTRASOFT,20,1,,,,False,0 days 00:38:10.816000,99.622,26.616,29.931,43.075,2290.816,2313.288,19.3,23.8,1018.2,False,37.6,77,1.3,False,True,False,FORMULA 1 2018 HEINEKEN CHINESE GRAND PRIX,Shanghai,China,,,Permanent,,,0.267169902230431,0.3004456846881211,0.4323844130814479,1,False,Chinese Grand Prix,chinese_grand_prix,2018,2018-04-15,102.89104545454546,44,Opening,2.7409999999999997,False,False,False,True
SIR,Williams,18,0 days 00:01:40.881000,0 days 00:00:26.952000,0 days 00:00:30.347000,0 days 00:00:43.582000,Soft,17,1,,,,False,0 days 00:38:14.149000,100.881,26.952,30.347,43.582,2294.149,2313.288,19.3,23.8,1018.2,False,37.6,77,1.3,False,True,False,FORMULA 1 2018 HEINEKEN CHINESE GRAND PRIX,Shanghai,China,,,Permanent,,,0.2671662652035567,0.30081977775795243,0.4320139570384909,1,False,Chinese Grand Prix,chinese_grand_prix,2018,2018-04-15,104.34546666666667,45,Opening,2.257000000000005,False,False,False,True
SAI,Renault,18,0 days 00:01:40.104000,0 days 00:00:26.715000,0 days 00:00:30.094000,0 days 00:00:43.295000,ULTRASOFT,20,1,,,,False,0 days 00:38:15.772000,100.104,26.715,30.094,43.295,2295.772,2313.288,19.3,23.8,1018.2,False,37.6,77,1.3,False,True,False,FORMULA 1 2018 HEINEKEN CHINESE GRAND PRIX,Shanghai,China,,,Permanent,,,0.2668724526492448,0.30062734755853915,0.4325001997922161,1,False,Chinese Grand Prix,chinese_grand_prix,2018,2018-04-15,103.05313636363636,44,Opening,2.3499999999999943,False,False,False,True
LEC,Sauber,18,0 days 00:01:41.280000,0 days 00:00:27.062000,0 days 00:00:30.373000,0 days 00:00:43.845000,Soft,17,1,,,,False,0 days 00:38:19.294000,101.28,27.062,30.373,43.845,2299.294,2313.288,19.3,23.8,1018.2,False,37.6,77,1.3,False,True,False,FORMULA 1 2018 HEINEKEN CHINESE GRAND PRIX,Shanghai,China,,,Permanent,,,0.2671998420221169,0.29989139020537126,0.43290876777251186,1,False,Chinese Grand Prix,chinese_grand_prix,2018,2018-04-15,102.08430232558139,43,Opening,2.471999999999994,False,False,False,True
OCO,Force India,18,0 days 00:01:40.330000,0 days 00:00:26.681000,0 days 00:00:30.248000,0 days 00:00:43.401000,Soft,17,1,,,,False,0 days 00:38:19.766000,100.33,26.681,30.248,43.401,2299.766,2313.288,19.3,23.8,1018.2,False,37.6,77,1.3,False,True,False,FORMULA 1 2018 HEINEKEN CHINESE GRAND PRIX,Shanghai,China,,,Permanent,,,0.26593242300408654,0.30148509917273003,0.43258247782318354,1,False,Chinese Grand Prix,chinese_grand_prix,2018,2018-04-15,104.14320000000001,45,Opening,2.344999999999999,False,False,False,True
GRO,Haas F1 Team,18,0 days 00:01:39.850000,0 days 00:00:26.558000,0 days 00:00:30.139000,0 days 00:00:43.153000,ULTRASOFT,20,1,,,,False,0 days 00:38:21.154000,99.85,26.558,30.139,43.153,2301.154,2313.288,19.3,23.8,1018.2,False,37.6,77,1.3,False,True,False,FORMULA 1 2018 HEINEKEN CHINESE GRAND PRIX,Shanghai,China,,,Permanent,,,0.26597896845267904,0.30184276414621936,0.43217826740110166,1,False,Chinese Grand Prix,chinese_grand_prix,2018,2018-04-15,104.38857777777777,45,Opening,2.4399999999999977,False,False,False,True
GAS,Toro Rosso,18,0 days 00:01:41.695000,0 days 00:00:26.852000,0 days 00:00:30.499000,0 days 00:00:44.344000,Medium,17,1,,,,False,0 days 00:38:21.747000,101.695,26.852,30.499,44.344,2301.747,2313.288,19.3,23.8,1018.2,False,37.6,77,1.3,False,True,False,FORMULA 1 2018 HEINEKEN CHINESE GRAND PRIX,Shanghai,China,,,Permanent,,,0.26404444662962784,0.2999065834111805,0.43604896995919173,1,False,Chinese Grand Prix,chinese_grand_prix,2018,2018-04-15,102.94286363636364,44,Opening,3.3279999999999887,False,False,False,True
PER,Force India,18,0 days 00:01:39.889000,0 days 00:00:26.682000,0 days 00:00:30.116000,0 days 00:00:43.091000,ULTRASOFT,20,1,,,,False,0 days 00:38:22.867000,99.889,26.682,30.116,43.091,2302.867,2313.288,19.3,23.8,1018.2,False,37.6,77,1.3,False,True,False,FORMULA 1 2018 HEINEKEN CHINESE GRAND PRIX,Shanghai,China,,,Permanent,,,0.2671164993142388,0.30149465907156947,0.4313888416141918,1,False,Chinese Grand Prix,chinese_grand_prix,2018,2018-04-15,104.14991111111111,45,Opening,2.215999999999994,False,False,False,True
ERI,Sauber,18,0 days 00:01:41.307000,0 days 00:00:27.159000,0 days 00:00:30.335000,0 days 00:00:43.813000,Soft,17,1,,,,False,0 days 00:38:26.603000,101.307,27.159,30.335,43.813,2306.603,2313.288,19.3,23.8,1018.2,False,37.6,77,1.3,False,True,False,FORMULA 1 2018 HEINEKEN CHINESE GRAND PRIX,Shanghai,China,,,Permanent,,,0.26808611448369807,0.29943636668739576,0.4324775188289062,1,False,Chinese Grand Prix,chinese_grand_prix,2018,2018-04-15,102.02637209302326,43,Opening,2.9210000000000065,False,False,False,True
HAR,Toro Rosso,18,0 days 00:01:40.829000,0 days 00:00:26.704000,0 days 00:00:30.403000,0 days 00:00:43.722000,ULTRASOFT,17,1,,,,False,0 days 00:38:36.802000,100.829,26.704,30.403,43.722,2316.802,2313.288,19.3,23.8,1018.2,False,37.6,77,1.3,False,True,False,FORMULA 1 2018 HEINEKEN CHINESE GRAND PRIX,Shanghai,China,,,Permanent,,,0.26484443959575127,0.30153031369943173,0.4336252467048171,1,False,Chinese Grand Prix,chinese_grand_prix,2018,2018-04-15,102.14634883720929,43,Opening,1.4529999999999887,False,False,False,True
VET,Ferrari,19,0 days 00:01:39.405000,0 days 00:00:26.582000,0 days 00:00:29.844000,0 days 00:00:42.979000,Soft,20,1,,,,False,0 days 00:38:56.658000,99.405,26.582,29.844,42.979,2336.658,2313.288,19.3,23.8,1018.2,False,37.6,77,1.3,False,True,False,FORMULA 1 2018 HEINEKEN CHINESE GRAND PRIX,Shanghai,China,,,Permanent,,,0.2674110960213269,0.3002263467632413,0.4323625572154318,1,False,Chinese Grand Prix,chinese_grand_prix,2018,2018-04-15,101.62033333333333,42,Opening,1.926000000000002,False,False,False,True
BOT,Mercedes,19,0 days 00:01:43.746000,0 days 00:00:26.620000,0 days 00:00:29.625000,0 days 00:00:47.501000,Soft,21,1,0 days 00:39:02.708000,,,False,0 days 00:39:04.492000,103.746,26.62,29.625,47.501,2344.492,2373.291,19.3,23.5,1018.1,False,37.7,63,1.9,False,True,False,FORMULA 1 2018 HEINEKEN CHINESE GRAND PRIX,Shanghai,China,,,Permanent,19.0,,0.2565882058103445,0.2855531779538488,0.4578586162358067,1,False,Chinese Grand Prix,chinese_grand_prix,2018,2018-04-15,101.08895454545454,44,Opening,6.759,False,False,False,True
RAI,Ferrari,19,0 days 00:01:39.162000,0 days 00:00:26.429000,0 days 00:00:29.738000,0 days 00:00:42.995000,Soft,21,1,,,,False,0 days 00:39:08.606000,99.162,26.429,29.738,42.995,2348.606,2373.291,19.3,23.5,1018.1,False,37.7,63,1.9,False,True,False,FORMULA 1 2018 HEINEKEN CHINESE GRAND PRIX,Shanghai,China,,,Permanent,,,0.26652346665053145,0.2998931042133075,0.433583429136161,1,False,Chinese Grand Prix,chinese_grand_prix,2018,2018-04-15,102.48924444444444,45,Opening,2.706000000000003,False,False,False,True
VER,Red Bull Racing,19,0 days 00:01:37.755000,0 days 00:00:26.116000,0 days 00:00:29.107000,0 days 00:00:42.532000,ULTRASOFT,21,1,,,,False,0 days 00:39:26.171000,97.755,26.116,29.107,42.532,2366.171,2373.291,19.3,23.5,1018.1,False,37.7,63,1.9,False,True,False,FORMULA 1 2018 HEINEKEN CHINESE GRAND PRIX,Shanghai,China,,,Permanent,,,0.26715769014372664,0.2977545905580277,0.4350877192982456,1,False,Chinese Grand Prix,chinese_grand_prix,2018,2018-04-15,101.39367441860465,43,Opening,1.5489999999999924,False,False,False,True
HAM,Mercedes,19,0 days 00:01:55.098000,0 days 00:00:44.256000,0 days 00:00:28.772000,0 days 00:00:42.070000,Soft,21,1,,0 days 00:37:56.578000,,False,0 days 00:39:30.907000,115.098,44.256,28.772,42.07,2370.907,2373.291,19.3,23.5,1018.1,False,37.7,63,1.9,False,True,False,FORMULA 1 2018 HEINEKEN CHINESE GRAND PRIX,Shanghai,China,,,Permanent,,,0.3845071156753375,0.24997827937931152,0.36551460494535093,2,False,Chinese Grand Prix,chinese_grand_prix,2018,2018-04-15,101.40695348837208,43,Opening,18.22,False,False,False,True
RIC,Red Bull Racing,19,0 days 00:01:38.295000,0 days 00:00:26.316000,0 days 00:00:29.476000,0 days 00:00:42.503000,ULTRASOFT,21,1,,,,False,0 days 00:39:33.462000,98.295,26.316,29.476,42.503,2373.462,2373.291,19.3,23.5,1018.1,False,37.7,63,1.9,False,True,False,FORMULA 1 2018 HEINEKEN CHINESE GRAND PRIX,Shanghai,China,,,Permanent,,,0.26772470624141614,0.29987283178188107,0.4324024619767028,1,False,Chinese Grand Prix,chinese_grand_prix,2018,2018-04-15,101.17729545454546,44,Opening,2.510000000000005,False,False,False,True
MAG,Haas F1 Team,19,0 days 00:01:41.918000,0 days 00:00:27.569000,0 days 00:00:30.987000,0 days 00:00:43.362000,Soft,22,1,,,,False,0 days 00:39:36.006000,101.918,27.569,30.987,43.362,2376.006,2373.291,19.3,23.5,1018.1,False,37.7,63,1.9,False,True,False,FORMULA 1 2018 HEINEKEN CHINESE GRAND PRIX,Shanghai,China,,,Permanent,,,0.2705017759375184,0.30403854078769205,0.4254596832747895,1,False,Chinese Grand Prix,chinese_grand_prix,2018,2018-04-15,104.04457777777779,45,Opening,3.7660000000000053,False,False,False,True
ALO,McLaren,19,0 days 00:01:39.971000,0 days 00:00:26.809000,0 days 00:00:30.019000,0 days 00:00:43.143000,Soft,18,1,,,,False,0 days 00:39:40.495000,99.971,26.809,30.019,43.143,2380.495,2373.291,19.3,23.5,1018.1,False,37.7,63,1.9,False,True,False,FORMULA 1 2018 HEINEKEN CHINESE GRAND PRIX,Shanghai,China,,,Permanent,,,0.26816776865290937,0.3002770803533024,0.4315551509937882,1,False,Chinese Grand Prix,chinese_grand_prix,2018,2018-04-15,103.92247826086957,46,Opening,2.737000000000009,False,False,False,True
STR,Williams,19,0 days 00:01:40.547000,0 days 00:00:26.864000,0 days 00:00:30.255000,0 days 00:00:43.428000,Soft,18,1,,,,False,0 days 00:39:48.914000,100.547,26.864,30.255,43.428,2388.914,2373.291,19.3,23.5,1018.1,False,37.7,63,1.9,False,True,False,FORMULA 1 2018 HEINEKEN CHINESE GRAND PRIX,Shanghai,China,,,Permanent,,,0.2671785334221807,0.3009040548201339,0.43191741175768544,1,False,Chinese Grand Prix,chinese_grand_prix,2018,2018-04-15,104.3311111111111,45,Opening,2.046999999999997,False,False,False,True
VAN,McLaren,19,0 days 00:01:40.264000,0 days 00:00:26.495000,0 days 00:00:30.513000,0 days 00:00:43.256000,Soft,18,1,,,,False,0 days 00:39:49.693000,100.264,26.495,30.513,43.256,2389.693,2373.291,19.3,23.5,1018.1,False,37.7,63,1.9,False,True,False,FORMULA 1 2018 HEINEKEN CHINESE GRAND PRIX,Shanghai,China,,,Permanent,,,0.264252373733344,0.3043265778345169,0.4314210484321392,1,False,Chinese Grand Prix,chinese_grand_prix,2018,2018-04-15,104.21526666666666,45,Opening,2.1269999999999953,False,False,False,True
HUL,Renault,19,0 days 00:01:39.593000,0 days 00:00:26.472000,0 days 00:00:30.165000,0 days 00:00:42.956000,ULTRASOFT,21,1,,,,False,0 days 00:39:50.409000,99.593,26.472,30.165,42.956,2390.409,2373.291,19.3,23.5,1018.1,False,37.7,63,1.9,False,True,False,FORMULA 1 2018 HEINEKEN CHINESE GRAND PRIX,Shanghai,China,,,Permanent,,,0.2658018133804585,0.30288273272217925,0.43131545389736226,1,False,Chinese Grand Prix,chinese_grand_prix,2018,2018-04-15,102.89104545454546,44,Opening,2.7120000000000033,False,False,False,True
SIR,Williams,19,0 days 00:01:40.845000,0 days 00:00:26.939000,0 days 00:00:30.381000,0 days 00:00:43.525000,Soft,18,1,,,,False,0 days 00:39:54.994000,100.845,26.939,30.381,43.525,2394.994,2373.291,19.3,23.5,1018.1,False,37.7,63,1.9,False,True,False,FORMULA 1 2018 HEINEKEN CHINESE GRAND PRIX,Shanghai,China,,,Permanent,,,0.26713272844464275,0.30126431652536073,0.4316029550299965,1,False,Chinese Grand Prix,chinese_grand_prix,2018,2018-04-15,104.34546666666667,45,Opening,2.2210000000000036,False,False,False,True
SAI,Renault,19,0 days 00:01:39.973000,0 days 00:00:26.734000,0 days 00:00:30.140000,0 days 00:00:43.099000,ULTRASOFT,21,1,,,,False,0 days 00:39:55.745000,99.973,26.734,30.14,43.099,2395.745,2373.291,19.3,23.5,1018.1,False,37.7,63,1.9,False,True,False,FORMULA 1 2018 HEINEKEN CHINESE GRAND PRIX,Shanghai,China,,,Permanent,,,0.2674122012943495,0.30148139997799406,0.43110639872765644,1,False,Chinese Grand Prix,chinese_grand_prix,2018,2018-04-15,103.05313636363636,44,Opening,2.218999999999994,False,False,False,True
LEC,Sauber,19,0 days 00:01:41.410000,0 days 00:00:27.133000,0 days 00:00:30.411000,0 days 00:00:43.866000,Soft,18,1,,,,False,0 days 00:40:00.704000,101.41,27.133,30.411,43.866,2400.704,2373.291,19.3,23.5,1018.1,False,37.7,63,1.9,False,True,False,FORMULA 1 2018 HEINEKEN CHINESE GRAND PRIX,Shanghai,China,,,Permanent,,,0.2675574400946652,0.2998816684745094,0.4325608914308254,1,False,Chinese Grand Prix,chinese_grand_prix,2018,2018-04-15,102.08430232558139,43,Opening,2.6019999999999897,False,False,False,True
OCO,Force India,19,0 days 00:01:41.031000,0 days 00:00:26.765000,0 days 00:00:30.963000,0 days 00:00:43.303000,Soft,18,1,,,,False,0 days 00:40:00.797000,101.031,26.765,30.963,43.303,2400.797,2373.291,19.3,23.5,1018.1,False,37.7,63,1.9,False,True,False,FORMULA 1 2018 HEINEKEN CHINESE GRAND PRIX,Shanghai,China,,,Permanent,,,0.2649186883233859,0.3064702912967307,0.42861102037988336,1,False,Chinese Grand Prix,chinese_grand_prix,2018,2018-04-15,104.14320000000001,45,Opening,3.0460000000000065,False,False,False,True
GRO,Haas F1 Team,19,0 days 00:01:40.244000,0 days 00:00:26.777000,0 days 00:00:30.079000,0 days 00:00:43.388000,ULTRASOFT,21,1,,,,False,0 days 00:40:01.398000,100.244,26.777,30.079,43.388,2401.398,2373.291,19.3,23.5,1018.1,False,37.7,63,1.9,False,True,False,FORMULA 1 2018 HEINEKEN CHINESE GRAND PRIX,Shanghai,China,,,Permanent,,,0.26711823151510317,0.3000578588244683,0.43282390966042855,1,False,Chinese Grand Prix,chinese_grand_prix,2018,2018-04-15,104.38857777777777,45,Opening,2.834000000000003,False,False,False,True
PER,Force India,19,0 days 00:01:40.298000,0 days 00:00:26.570000,0 days 00:00:30.904000,0 days 00:00:42.824000,ULTRASOFT,21,1,,,,False,0 days 00:40:03.165000,100.298,26.57,30.904,42.824,2403.165,2373.291,19.3,23.5,1018.1,False,37.7,63,1.9,False,True,False,FORMULA 1 2018 HEINEKEN CHINESE GRAND PRIX,Shanghai,China,,,Permanent,,,0.26491056651179484,0.30812179704480647,0.42696763644339863,1,False,Chinese Grand Prix,chinese_grand_prix,2018,2018-04-15,104.14991111111111,45,Opening,2.625,False,False,False,True
GAS,Toro Rosso,19,0 days 00:01:42.164000,0 days 00:00:27.050000,0 days 00:00:30.698000,0 days 00:00:44.416000,Medium,18,1,,,,False,0 days 00:40:03.911000,102.164,27.05,30.698,44.416,2403.911,2433.305,19.2,24.4,1018.1,False,37.5,68,1.3,False,True,False,FORMULA 1 2018 HEINEKEN CHINESE GRAND PRIX,Shanghai,China,,,Permanent,,,0.26477036921028935,0.30047766336478604,0.4347519674249246,1,False,Chinese Grand Prix,chinese_grand_prix,2018,2018-04-15,102.94286363636364,44,Opening,3.796999999999997,False,False,False,True
ERI,Sauber,19,0 days 00:01:41.250000,0 days 00:00:27.113000,0 days 00:00:30.458000,0 days 00:00:43.679000,Soft,18,1,,,,False,0 days 00:40:07.853000,101.25,27.113,30.458,43.679,2407.853,2433.305,19.2,24.4,1018.1,False,37.5,68,1.3,False,True,False,FORMULA 1 2018 HEINEKEN CHINESE GRAND PRIX,Shanghai,China,,,Permanent,,,0.2677827160493827,0.30081975308641973,0.4313975308641976,1,False,Chinese Grand Prix,chinese_grand_prix,2018,2018-04-15,102.02637209302326,43,Opening,2.8640000000000043,False,False,False,True
HAR,Toro Rosso,19,0 days 00:01:40.856000,0 days 00:00:26.515000,0 days 00:00:30.445000,0 days 00:00:43.896000,ULTRASOFT,18,1,,,,False,0 days 00:40:17.658000,100.856,26.515,30.445,43.896,2417.658,2433.305,19.2,24.4,1018.1,False,37.5,68,1.3,False,True,False,FORMULA 1 2018 HEINEKEN CHINESE GRAND PRIX,Shanghai,China,,,Permanent,,,0.2628995795986357,0.3018660268105021,0.43523439359086225,1,False,Chinese Grand Prix,chinese_grand_prix,2018,2018-04-15,102.14634883720929,43,Opening,1.4799999999999898,False,False,False,True
VET,Ferrari,20,0 days 00:01:44.136000,0 days 00:00:26.629000,0 days 00:00:29.988000,0 days 00:00:47.519000,Soft,21,1,0 days 00:40:39.076000,,,False,0 days 00:40:40.794000,104.136,26.629,29.988,47.519,2440.794,2433.305,19.2,24.4,1018.1,False,37.5,68,1.3,False,True,False,FORMULA 1 2018 HEINEKEN CHINESE GRAND PRIX,Shanghai,China,,,Permanent,20.0,,0.2557136821080126,0.287969578243835,0.4563167396481524,1,False,Chinese Grand Prix,chinese_grand_prix,2018,2018-04-15,101.62033333333333,42,Opening,6.6569999999999965,False,False,False,True
RAI,Ferrari,20,0 days 00:01:39.238000,0 days 00:00:26.388000,0 days 00:00:29.944000,0 days 00:00:42.906000,Soft,22,1,,,,False,0 days 00:40:47.844000,99.238,26.388,29.944,42.906,2447.844,2433.305,19.2,24.4,1018.1,False,37.5,68,1.3,False,True,False,FORMULA 1 2018 HEINEKEN CHINESE GRAND PRIX,Shanghai,China,,,Permanent,,,0.2659062052842661,0.3017392531086882,0.4323545416070457,1,False,Chinese Grand Prix,chinese_grand_prix,2018,2018-04-15,102.48924444444444,45,Opening,2.7819999999999965,False,False,False,True
BOT,Mercedes,20,0 days 00:01:54.023000,0 days 00:00:43.677000,0 days 00:00:28.597000,0 days 00:00:41.749000,Soft,22,1,,0 days 00:39:24.788000,,False,0 days 00:40:58.515000,114.023,43.677,28.597,41.749,2458.515,2433.305,19.2,24.4,1018.1,False,37.5,68,1.3,False,True,False,FORMULA 1 2018 HEINEKEN CHINESE GRAND PRIX,Shanghai,China,,,Permanent,,,0.383054296063075,0.25080027713706887,0.3661454267998562,2,False,Chinese Grand Prix,chinese_grand_prix,2018,2018-04-15,101.08895454545454,44,Opening,17.036,False,False,False,True
VER,Red Bull Racing,20,0 days 00:01:38.450000,0 days 00:00:26.343000,0 days 00:00:29.486000,0 days 00:00:42.621000,ULTRASOFT,22,1,,,,False,0 days 00:41:04.621000,98.45,26.343,29.486,42.621,2464.621,2493.318,19.5,24.6,1018.2,False,37.7,82,2.2,False,True,False,FORMULA 1 2018 HEINEKEN CHINESE GRAND PRIX,Shanghai,China,,,Permanent,,,0.2675774504824784,0.29950228542407314,0.43292026409344847,1,False,Chinese Grand Prix,chinese_grand_prix,2018,2018-04-15,101.39367441860465,43,Opening,2.2439999999999998,False,False,False,True
HAM,Mercedes,20,0 days 00:01:36.878000,0 days 00:00:25.704000,0 days 00:00:29.101000,0 days 00:00:42.073000,Soft,22,1,,,,False,0 days 00:41:07.785000,96.878,25.704,29.101,42.073,2467.785,2493.318,19.5,24.6,1018.2,False,37.7,82,2.2,False,True,False,FORMULA 1 2018 HEINEKEN CHINESE GRAND PRIX,Shanghai,China,,,Permanent,,,0.2653233964367555,0.30038811701315055,0.43428848655009394,1,False,Chinese Grand Prix,chinese_grand_prix,2018,2018-04-15,101.40695348837208,43,Opening,0.0,False,False,False,True
RIC,Red Bull Racing,20,0 days 00:01:38.159000,0 days 00:00:26.156000,0 days 00:00:29.436000,0 days 00:00:42.567000,ULTRASOFT,22,1,,,,False,0 days 00:41:11.621000,98.159,26.156,29.436,42.567,2471.621,2493.318,19.5,24.6,1018.2,False,37.7,82,2.2,False,True,False,FORMULA 1 2018 HEINEKEN CHINESE GRAND PRIX,Shanghai,China,,,Permanent,,,0.2664656322904675,0.2998808056316792,0.43365356207785327,1,False,Chinese Grand Prix,chinese_grand_prix,2018,2018-04-15,101.17729545454546,44,Opening,2.3740000000000094,False,False,False,True
MAG,Haas F1 Team,20,0 days 00:01:39.766000,0 days 00:00:26.555000,0 days 00:00:30.146000,0 days 00:00:43.065000,Soft,23,1,,,,False,0 days 00:41:15.772000,99.766,26.555,30.146,43.065,2475.772,2493.318,19.5,24.6,1018.2,False,37.7,82,2.2,False,True,False,FORMULA 1 2018 HEINEKEN CHINESE GRAND PRIX,Shanghai,China,,,Permanent,,,0.26617284445602707,0.30216707094601364,0.4316600845979592,1,False,Chinese Grand Prix,chinese_grand_prix,2018,2018-04-15,104.04457777777779,45,Opening,1.6140000000000043,False,False,False,True
ALO,McLaren,20,0 days 00:01:40.102000,0 days 00:00:26.838000,0 days 00:00:30.097000,0 days 00:00:43.167000,Soft,19,1,,,,False,0 days 00:41:20.597000,100.102,26.838,30.097,43.167,2480.597,2493.318,19.5,24.6,1018.2,False,37.7,82,2.2,False,True,False,FORMULA 1 2018 HEINEKEN CHINESE GRAND PRIX,Shanghai,China,,,Permanent,,,0.2681065313380352,0.3006633234101217,0.4312301452518431,1,False,Chinese Grand Prix,chinese_grand_prix,2018,2018-04-15,103.92247826086957,46,Opening,2.868000000000009,False,False,False,True
STR,Williams,20,0 days 00:01:40.672000,0 days 00:00:26.841000,0 days 00:00:30.385000,0 days 00:00:43.446000,Soft,19,1,,,,False,0 days 00:41:29.586000,100.672,26.841,30.385,43.446,2489.586,2493.318,19.5,24.6,1018.2,False,37.7,82,2.2,False,True,False,FORMULA 1 2018 HEINEKEN CHINESE GRAND PRIX,Shanghai,China,,,Permanent,,,0.26661832485696124,0.3018217577876669,0.4315599173553719,1,False,Chinese Grand Prix,chinese_grand_prix,2018,2018-04-15,104.3311111111111,45,Opening,2.171999999999997,False,False,False,True
VAN,McLaren,20,0 days 00:01:40.643000,0 days 00:00:26.585000,0 days 00:00:30.749000,0 days 00:00:43.309000,Soft,19,1,,,,False,0 days 00:41:30.336000,100.643,26.585,30.749,43.309,2490.336,2493.318,19.5,24.6,1018.2,False,37.7,82,2.2,False,True,False,FORMULA 1 2018 HEINEKEN CHINESE GRAND PRIX,Shanghai,China,,,Permanent,,,0.2641515058175929,0.305525471220055,0.43032302296235203,1,False,Chinese Grand Prix,chinese_grand_prix,2018,2018-04-15,104.21526666666666,45,Opening,2.5060000000000002,False,False,False,True
HUL,Renault,20,0 days 00:01:40.357000,0 days 00:00:26.455000,0 days 00:00:30.684000,0 days 00:00:43.218000,ULTRASOFT,22,1,,,,False,0 days 00:41:30.766000,100.357,26.455,30.684,43.218,2490.766,2493.318,19.5,24.6,1018.2,False,37.7,82,2.2,False,True,False,FORMULA 1 2018 HEINEKEN CHINESE GRAND PRIX,Shanghai,China,,,Permanent,,,0.2636089161692757,0.3057484779337764,0.4306426058969479,1,False,Chinese Grand Prix,chinese_grand_prix,2018,2018-04-15,102.89104545454546,44,Opening,3.475999999999999,False,False,False,True
SAI,Renault,20,0 days 00:01:39.619000,0 days 00:00:26.500000,0 days 00:00:30.523000,0 days 00:00:42.596000,ULTRASOFT,22,1,,,,False,0 days 00:41:35.364000,99.619,26.5,30.523,42.596,2495.364,2493.318,19.5,24.6,1018.2,False,37.7,82,2.2,False,True,False,FORMULA 1 2018 HEINEKEN CHINESE GRAND PRIX,Shanghai,China,,,Permanent,,,0.266013511478734,0.3063973739949206,0.42758911452634535,1,False,Chinese Grand Prix,chinese_grand_prix,2018,2018-04-15,103.05313636363636,44,Opening,1.8649999999999949,False,False,False,True
SIR,Williams,20,0 days 00:01:41.392000,0 days 00:00:26.928000,0 days 00:00:30.364000,0 days 00:00:44.100000,Soft,19,1,,,,False,0 days 00:41:36.386000,101.392,26.928,30.364,44.1,2496.386,2493.318,19.5,24.6,1018.2,False,37.7,82,2.2,False,True,False,FORMULA 1 2018 HEINEKEN CHINESE GRAND PRIX,Shanghai,China,,,Permanent,,,0.2655830834779864,0.2994713586870759,0.4349455578349377,1,False,Chinese Grand Prix,chinese_grand_prix,2018,2018-04-15,104.34546666666667,45,Opening,2.7680000000000007,False,False,False,True
OCO,Force India,20,0 days 00:01:39.662000,0 days 00:00:26.505000,0 days 00:00:30.065000,0 days 00:00:43.092000,Soft,19,1,,,,False,0 days 00:41:40.459000,99.662,26.505,30.065,43.092,2500.459,2493.318,19.5,24.6,1018.2,False,37.7,82,2.2,False,True,False,FORMULA 1 2018 HEINEKEN CHINESE GRAND PRIX,Shanghai,China,,,Permanent,,,0.2659489073066966,0.301669643394674,0.4323814492986293,1,False,Chinese Grand Prix,chinese_grand_prix,2018,2018-04-15,104.14320000000001,45,Opening,1.6770000000000067,False,False,False,True
GRO,Haas F1 Team,20,0 days 00:01:40.015000,0 days 00:00:26.861000,0 days 00:00:30.142000,0 days 00:00:43.012000,ULTRASOFT,22,1,,,,False,0 days 00:41:41.413000,100.015,26.861,30.142,43.012,2501.413,2493.318,19.5,24.6,1018.2,False,37.7,82,2.2,False,True,False,FORMULA 1 2018 HEINEKEN CHINESE GRAND PRIX,Shanghai,China,,,Permanent,,,0.2685697145428186,0.30137479378093285,0.43005549167624857,1,False,Chinese Grand Prix,chinese_grand_prix,2018,2018-04-15,104.38857777777777,45,Opening,2.605000000000004,False,False,False,True
LEC,Sauber,20,0 days 00:01:42.431000,0 days 00:00:27.472000,0 days 00:00:31.409000,0 days 00:00:43.550000,Soft,19,1,,,,False,0 days 00:41:43.135000,102.431,27.472,31.409,43.55,2503.135,2493.318,19.5,24.6,1018.2,False,37.7,82,2.2,False,True,False,FORMULA 1 2018 HEINEKEN CHINESE GRAND PRIX,Shanghai,China,,,Permanent,,,0.2682000566234831,0.3066356864621062,0.4251642569144107,1,False,Chinese Grand Prix,chinese_grand_prix,2018,2018-04-15,102.08430232558139,43,Opening,3.6229999999999905,False,False,False,True
PER,Force India,20,0 days 00:01:40.395000,0 days 00:00:26.863000,0 days 00:00:30.394000,0 days 00:00:43.138000,ULTRASOFT,22,1,,,,False,0 days 00:41:43.560000,100.395,26.863,30.394,43.138,2503.56,2493.318,19.5,24.6,1018.2,False,37.7,82,2.2,False,True,False,FORMULA 1 2018 HEINEKEN CHINESE GRAND PRIX,Shanghai,China,,,Permanent,,,0.26757308630907917,0.3027441605657652,0.42968275312515564,1,False,Chinese Grand Prix,chinese_grand_prix,2018,2018-04-15,104.14991111111111,45,Opening,2.721999999999994,False,False,False,True
ERI,Sauber,20,0 days 00:01:41.072000,0 days 00:00:27.109000,0 days 00:00:30.474000,0 days 00:00:43.489000,Soft,19,1,,,,False,0 days 00:41:48.925000,101.072,27.109,30.474,43.489,2508.925,2493.318,19.5,24.6,1018.2,False,37.7,82,2.2,False,True,False,FORMULA 1 2018 HEINEKEN CHINESE GRAND PRIX,Shanghai,China,,,Permanent,,,0.2682147380085484,0.3015078359981004,0.4302774259933512,1,False,Chinese Grand Prix,chinese_grand_prix,2018,2018-04-15,102.02637209302326,43,Opening,2.686000000000007,False,False,False,True
GAS,Toro Rosso,20,0 days 00:01:46.866000,0 days 00:00:26.812000,0 days 00:00:30.808000,0 days 00:00:49.246000,Medium,19,1,0 days 00:41:49.551000,,,False,0 days 00:41:50.777000,106.866,26.812,30.808,49.246,2510.777,2493.318,19.5,24.6,1018.2,False,37.7,82,2.2,False,True,False,FORMULA 1 2018 HEINEKEN CHINESE GRAND PRIX,Shanghai,China,,,Permanent,20.0,,0.2508936425055677,0.2882862650422024,0.46082009245222993,1,False,Chinese Grand Prix,chinese_grand_prix,2018,2018-04-15,102.94286363636364,44,Opening,8.498999999999995,False,False,False,True
HAR,Toro Rosso,20,0 days 00:01:40.225000,0 days 00:00:26.599000,0 days 00:00:30.210000,0 days 00:00:43.416000,ULTRASOFT,19,1,,,,False,0 days 00:41:57.883000,100.225,26.599,30.21,43.416,2517.883,2493.318,19.5,24.6,1018.2,False,37.7,82,2.2,False,True,False,FORMULA 1 2018 HEINEKEN CHINESE GRAND PRIX,Shanghai,China,,,Permanent,,,0.2653928660513844,0.3014218009478673,0.4331853330007483,1,False,Chinese Grand Prix,chinese_grand_prix,2018,2018-04-15,102.14634883720929,43,Opening,0.8489999999999895,False,False,False,True
RAI,Ferrari,21,0 days 00:01:39.162000,0 days 00:00:26.444000,0 days 00:00:29.903000,0 days 00:00:42.815000,Soft,23,1,,,,False,0 days 00:42:27.006000,99.162,26.444,29.903,42.815,2547.006,2553.333,19.5,24.0,1018.1,False,37.7,0,1.8,False,True,False,FORMULA 1 2018 HEINEKEN CHINESE GRAND PRIX,Shanghai,China,,,Permanent,,,0.2666747342732095,0.30155704806276595,0.43176821766402446,1,False,Chinese Grand Prix,chinese_grand_prix,2018,2018-04-15,102.48924444444444,45,Opening,2.706000000000003,False,False,False,True
BOT,Mercedes,21,0 days 00:01:37.011000,0 days 00:00:25.849000,0 days 00:00:29.067000,0 days 00:00:42.095000,Soft,23,1,,,,False,0 days 00:42:35.526000,97.011,25.849,29.067,42.095,2555.526,2553.333,19.5,24.0,1018.1,False,37.7,0,1.8,False,True,False,FORMULA 1 2018 HEINEKEN CHINESE GRAND PRIX,Shanghai,China,,,Permanent,,,0.26645431961323973,0.29962581562915547,0.4339198647576048,1,False,Chinese Grand Prix,chinese_grand_prix,2018,2018-04-15,101.08895454545454,44,Opening,0.02400000000000091,False,False,False,True
VET,Ferrari,21,0 days 00:01:55.982000,0 days 00:00:44.863000,0 days 00:00:29.139000,0 days 00:00:41.980000,Soft,22,1,,0 days 00:41:02.246000,,False,0 days 00:42:36.776000,115.982,44.863,29.139,41.98,2556.776,2553.333,19.5,24.0,1018.1,False,37.7,0,1.8,False,True,False,FORMULA 1 2018 HEINEKEN CHINESE GRAND PRIX,Shanghai,China,,,Permanent,,,0.3868100222448311,0.251237260954286,0.36195271680088287,2,False,Chinese Grand Prix,chinese_grand_prix,2018,2018-04-15,101.62033333333333,42,Opening,18.503,False,False,False,True
VER,Red Bull Racing,21,0 days 00:01:38.187000,0 days 00:00:26.330000,0 days 00:00:29.398000,0 days 00:00:42.459000,ULTRASOFT,23,1,,,,False,0 days 00:42:42.808000,98.187,26.33,29.398,42.459,2562.808,2553.333,19.5,24.0,1018.1,False,37.7,0,1.8,False,True,False,FORMULA 1 2018 HEINEKEN CHINESE GRAND PRIX,Shanghai,China,,,Permanent,,,0.268161772943465,0.2994082719708312,0.43242995508570387,1,False,Chinese Grand Prix,chinese_grand_prix,2018,2018-04-15,101.39367441860465,43,Opening,1.9809999999999945,False,False,False,True
HAM,Mercedes,21,0 days 00:01:37.262000,0 days 00:00:26.048000,0 days 00:00:29.172000,0 days 00:00:42.042000,Soft,23,1,,,,False,0 days 00:42:45.047000,97.262,26.048,29.172,42.042,2565.047,2553.333,19.5,24.0,1018.1,False,37.7,0,1.8,False,True,False,FORMULA 1 2018 HEINEKEN CHINESE GRAND PRIX,Shanghai,China,,,Permanent,,,0.2678127120560959,0.2999321420493101,0.432255145894594,1,False,Chinese Grand Prix,chinese_grand_prix,2018,2018-04-15,101.40695348837208,43,Opening,0.38400000000000034,False,False,False,True
RIC,Red Bull Racing,21,0 days 00:01:38.045000,0 days 00:00:26.320000,0 days 00:00:29.312000,0 days 00:00:42.413000,ULTRASOFT,23,1,,,,False,0 days 00:42:49.666000,98.045,26.32,29.312,42.413,2569.666,2553.333,19.5,24.0,1018.1,False,37.7,0,1.8,False,True,False,FORMULA 1 2018 HEINEKEN CHINESE GRAND PRIX,Shanghai,China,,,Permanent,,,0.26844816155846807,0.29896476107909636,0.43258707736243557,1,False,Chinese Grand Prix,chinese_grand_prix,2018,2018-04-15,101.17729545454546,44,Opening,2.260000000000005,False,False,False,True
MAG,Haas F1 Team,21,0 days 00:01:39.953000,0 days 00:00:26.662000,0 days 00:00:30.141000,0 days 00:00:43.150000,Soft,24,1,,,,False,0 days 00:42:55.725000,99.953,26.662,30.141,43.15,2575.725,2553.333,19.5,24.0,1018.1,False,37.7,0,1.8,False,True,False,FORMULA 1 2018 HEINEKEN CHINESE GRAND PRIX,Shanghai,China,,,Permanent,,,0.26674537032405227,0.30155172931277696,0.43170290036317066,1,False,Chinese Grand Prix,chinese_grand_prix,2018,2018-04-15,104.04457777777779,45,Opening,1.801000000000002,False,False,False,True
ALO,McLaren,21,0 days 00:01:40.147000,0 days 00:00:26.946000,0 days 00:00:30.087000,0 days 00:00:43.114000,Soft,20,1,,,,False,0 days 00:43:00.744000,100.147,26.946,30.087,43.114,2580.744,2553.333,19.5,24.0,1018.1,False,37.7,0,1.8,False,True,False,FORMULA 1 2018 HEINEKEN CHINESE GRAND PRIX,Shanghai,China,,,Permanent,,,0.2690644752214245,0.3004283702956653,0.43050715448291005,1,False,Chinese Grand Prix,chinese_grand_prix,2018,2018-04-15,103.92247826086957,46,Opening,2.913000000000011,False,False,False,True
STR,Williams,21,0 days 00:01:40.633000,0 days 00:00:26.915000,0 days 00:00:30.330000,0 days 00:00:43.388000,Soft,20,1,,,,False,0 days 00:43:10.219000,100.633,26.915,30.33,43.388,2590.219,2613.345,19.5,23.6,1018.1,False,37.6,278,1.6,False,True,False,FORMULA 1 2018 HEINEKEN CHINESE GRAND PRIX,Shanghai,China,,,Permanent,,,0.2674569972076754,0.30139218745341984,0.43115081533890476,1,False,Chinese Grand Prix,chinese_grand_prix,2018,2018-04-15,104.3311111111111,45,Opening,2.1329999999999956,False,False,False,True
HUL,Renault,21,0 days 00:01:40.177000,0 days 00:00:26.745000,0 days 00:00:30.617000,0 days 00:00:42.815000,ULTRASOFT,23,1,,,,False,0 days 00:43:10.943000,100.177,26.745,30.617,42.815,2590.943,2613.345,19.5,23.6,1018.1,False,37.6,278,1.6,False,True,False,FORMULA 1 2018 HEINEKEN CHINESE GRAND PRIX,Shanghai,China,,,Permanent,,,0.26697744991365285,0.3056290366052088,0.42739351348113835,1,False,Chinese Grand Prix,chinese_grand_prix,2018,2018-04-15,102.89104545454546,44,Opening,3.2960000000000065,False,False,False,True
VAN,McLaren,21,0 days 00:01:41.406000,0 days 00:00:26.624000,0 days 00:00:30.755000,0 days 00:00:44.027000,Soft,20,1,,,,False,0 days 00:43:11.742000,101.406,26.624,30.755,44.027,2591.742,2613.345,19.5,23.6,1018.1,False,37.6,278,1.6,False,True,False,FORMULA 1 2018 HEINEKEN CHINESE GRAND PRIX,Shanghai,China,,,Permanent,,,0.2625485671459282,0.3032858016290949,0.4341656312249768,1,False,Chinese Grand Prix,chinese_grand_prix,2018,2018-04-15,104.21526666666666,45,Opening,3.2690000000000055,False,False,False,True
SAI,Renault,21,0 days 00:01:40.067000,0 days 00:00:26.793000,0 days 00:00:30.170000,0 days 00:00:43.104000,ULTRASOFT,23,1,,,,False,0 days 00:43:15.431000,100.067,26.793,30.17,43.104,2595.431,2613.345,19.5,23.6,1018.1,False,37.6,278,1.6,False,True,False,FORMULA 1 2018 HEINEKEN CHINESE GRAND PRIX,Shanghai,China,,,Permanent,,,0.26775060709324755,0.3014979963424506,0.43075139656430195,1,False,Chinese Grand Prix,chinese_grand_prix,2018,2018-04-15,103.05313636363636,44,Opening,2.312999999999988,False,False,False,True
SIR,Williams,21,0 days 00:01:41.009000,0 days 00:00:27.021000,0 days 00:00:30.419000,0 days 00:00:43.569000,Soft,20,1,,,,False,0 days 00:43:17.395000,101.009,27.021,30.419,43.569,2597.395,2613.345,19.5,23.6,1018.1,False,37.6,278,1.6,False,True,False,FORMULA 1 2018 HEINEKEN CHINESE GRAND PRIX,Shanghai,China,,,Permanent,,,0.267510815867893,0.3011513825500698,0.4313378015820373,1,False,Chinese Grand Prix,chinese_grand_prix,2018,2018-04-15,104.34546666666667,45,Opening,2.385000000000005,False,False,False,True
OCO,Force India,21,0 days 00:01:39.645000,0 days 00:00:26.701000,0 days 00:00:30.016000,0 days 00:00:42.928000,Soft,20,1,,,,False,0 days 00:43:20.104000,99.645,26.701,30.016,42.928,2600.104,2613.345,19.5,23.6,1018.1,False,37.6,278,1.6,False,True,False,FORMULA 1 2018 HEINEKEN CHINESE GRAND PRIX,Shanghai,China,,,Permanent,,,0.26796126248181046,0.30122936424306285,0.4308093732751267,1,False,Chinese Grand Prix,chinese_grand_prix,2018,2018-04-15,104.14320000000001,45,Opening,1.6599999999999966,False,False,False,True
GRO,Haas F1 Team,21,0 days 00:01:39.521000,0 days 00:00:26.491000,0 days 00:00:30.166000,0 days 00:00:42.864000,ULTRASOFT,23,1,,,,False,0 days 00:43:20.934000,99.521,26.491,30.166,42.864,2600.934,2613.345,19.5,23.6,1018.1,False,37.6,278,1.6,False,True,False,FORMULA 1 2018 HEINEKEN CHINESE GRAND PRIX,Shanghai,China,,,Permanent,,,0.2661850262758614,0.30311190602988314,0.4307030676942554,1,False,Chinese Grand Prix,chinese_grand_prix,2018,2018-04-15,104.38857777777777,45,Opening,2.111000000000004,False,False,False,True
PER,Force India,21,0 days 00:01:40.206000,0 days 00:00:26.983000,0 days 00:00:30.358000,0 days 00:00:42.865000,ULTRASOFT,23,1,,,,False,0 days 00:43:23.766000,100.206,26.983,30.358,42.865,2603.766,2613.345,19.5,23.6,1018.1,False,37.6,278,1.6,False,True,False,FORMULA 1 2018 HEINEKEN CHINESE GRAND PRIX,Shanghai,China,,,Permanent,,,0.26927529289663293,0.30295591082370316,0.4277687962796639,1,False,Chinese Grand Prix,chinese_grand_prix,2018,2018-04-15,104.14991111111111,45,Opening,2.5330000000000013,False,False,False,True
ERI,Sauber,21,0 days 00:01:41.211000,0 days 00:00:27.066000,0 days 00:00:30.456000,0 days 00:00:43.689000,Soft,20,1,,,,False,0 days 00:43:30.136000,101.211,27.066,30.456,43.689,2610.136,2613.345,19.5,23.6,1018.1,False,37.6,278,1.6,False,True,False,FORMULA 1 2018 HEINEKEN CHINESE GRAND PRIX,Shanghai,China,,,Permanent,,,0.26742152532827457,0.3009159083498829,0.43166256632184247,1,False,Chinese Grand Prix,chinese_grand_prix,2018,2018-04-15,102.02637209302326,43,Opening,2.825000000000003,False,False,False,True
LEC,Sauber,21,0 days 00:01:47.280000,0 days 00:00:27.549000,0 days 00:00:31.300000,0 days 00:00:48.431000,Soft,20,1,0 days 00:43:28.793000,,,False,0 days 00:43:30.415000,107.28,27.549,31.3,48.431,2610.415,2613.345,19.5,23.6,1018.1,False,37.6,278,1.6,False,True,False,FORMULA 1 2018 HEINEKEN CHINESE GRAND PRIX,Shanghai,China,,,Permanent,21.0,,0.2567953020134228,0.2917598806860552,0.451444817300522,1,False,Chinese Grand Prix,chinese_grand_prix,2018,2018-04-15,102.08430232558139,43,Opening,8.471999999999994,False,False,False,True
HAR,Toro Rosso,21,0 days 00:01:40.444000,0 days 00:00:26.786000,0 days 00:00:30.267000,0 days 00:00:43.391000,ULTRASOFT,20,1,,,,False,0 days 00:43:38.327000,100.444,26.786,30.267,43.391,2618.327,2613.345,19.5,23.6,1018.1,False,37.6,278,1.6,False,True,False,FORMULA 1 2018 HEINEKEN CHINESE GRAND PRIX,Shanghai,China,,,Permanent,,,0.2666759587431803,0.30133208554020147,0.4319919557166182,1,False,Chinese Grand Prix,chinese_grand_prix,2018,2018-04-15,102.14634883720929,43,Opening,1.0679999999999978,False,False,False,True
GAS,Toro Rosso,21,0 days 00:01:58.295000,0 days 00:00:46.174000,0 days 00:00:29.606000,0 days 00:00:42.515000,Medium,20,1,,0 days 00:42:12.973000,,False,0 days 00:43:49.072000,118.295,46.174,29.606,42.515,2629.072,2613.345,19.5,23.6,1018.1,False,37.6,278,1.6,False,True,False,FORMULA 1 2018 HEINEKEN CHINESE GRAND PRIX,Shanghai,China,,,Permanent,,,0.3903292615917832,0.25027262352593094,0.3593981148822858,2,False,Chinese Grand Prix,chinese_grand_prix,2018,2018-04-15,102.94286363636364,44,Opening,19.927999999999997,False,False,False,True
RAI,Ferrari,22,0 days 00:01:39.378000,0 days 00:00:26.551000,0 days 00:00:29.934000,0 days 00:00:42.893000,Soft,24,1,,,,False,0 days 00:44:06.384000,99.378,26.551,29.934,42.893,2646.384,2673.413,19.4,24.3,1018.1,False,37.5,191,2.9,False,True,False,FORMULA 1 2018 HEINEKEN CHINESE GRAND PRIX,Shanghai,China,,,Permanent,,,0.2671718086498017,0.3012135482702409,0.43161464307995734,1,False,Chinese Grand Prix,chinese_grand_prix,2018,2018-04-15,102.48924444444444,45,Opening,2.921999999999997,False,False,False,True
BOT,Mercedes,22,0 days 00:01:37.550000,0 days 00:00:26.126000,0 days 00:00:29.316000,0 days 00:00:42.108000,Soft,24,1,,,,False,0 days 00:44:13.076000,97.55,26.126,29.316,42.108,2653.076,2673.413,19.4,24.3,1018.1,False,37.5,191,2.9,False,True,False,FORMULA 1 2018 HEINEKEN CHINESE GRAND PRIX,Shanghai,China,,,Permanent,,,0.2678216299333675,0.3005228088159918,0.4316555612506407,1,False,Chinese Grand Prix,chinese_grand_prix,2018,2018-04-15,101.08895454545454,44,Opening,0.5630000000000024,False,False,False,True
VET,Ferrari,22,0 days 00:01:37.735000,0 days 00:00:26.042000,0 days 00:00:29.576000,0 days 00:00:42.117000,Soft,23,1,,,,False,0 days 00:44:14.511000,97.735,26.042,29.576,42.117,2654.511,2673.413,19.4,24.3,1018.1,False,37.5,191,2.9,False,True,False,FORMULA 1 2018 HEINEKEN CHINESE GRAND PRIX,Shanghai,China,,,Permanent,,,0.2664552105182381,0.30261421189952425,0.4309305775822377,1,False,Chinese Grand Prix,chinese_grand_prix,2018,2018-04-15,101.62033333333333,42,Opening,0.2560000000000002,False,False,False,True
VER,Red Bull Racing,22,0 days 00:01:37.854000,0 days 00:00:26.141000,0 days 00:00:29.245000,0 days 00:00:42.468000,ULTRASOFT,24,1,,,,False,0 days 00:44:20.662000,97.854,26.141,29.245,42.468,2660.662,2673.413,19.4,24.3,1018.1,False,37.5,191,2.9,False,True,False,FORMULA 1 2018 HEINEKEN CHINESE GRAND PRIX,Shanghai,China,,,Permanent,,,0.2671428863408752,0.2988636131379402,0.4339935005211847,1,False,Chinese Grand Prix,chinese_grand_prix,2018,2018-04-15,101.39367441860465,43,Opening,1.6479999999999961,False,False,False,True
HAM,Mercedes,22,0 days 00:01:37.741000,0 days 00:00:26.188000,0 days 00:00:29.370000,0 days 00:00:42.183000,Soft,24,1,,,,False,0 days 00:44:22.788000,97.741,26.188,29.37,42.183,2662.788,2673.413,19.4,24.3,1018.1,False,37.5,191,2.9,False,True,False,FORMULA 1 2018 HEINEKEN CHINESE GRAND PRIX,Shanghai,China,,,Permanent,,,0.2679325973746943,0.3004880244728415,0.43157937815246417,1,False,Chinese Grand Prix,chinese_grand_prix,2018,2018-04-15,101.40695348837208,43,Opening,0.8629999999999995,False,False,False,True
RIC,Red Bull Racing,22,0 days 00:01:37.838000,0 days 00:00:26.234000,0 days 00:00:29.278000,0 days 00:00:42.326000,ULTRASOFT,24,1,,,,False,0 days 00:44:27.504000,97.838,26.234,29.278,42.326,2667.504,2673.413,19.4,24.3,1018.1,False,37.5,191,2.9,False,True,False,FORMULA 1 2018 HEINEKEN CHINESE GRAND PRIX,Shanghai,China,,,Permanent,,,0.2681371246346001,0.299249780248983,0.432613095116417,1,False,Chinese Grand Prix,chinese_grand_prix,2018,2018-04-15,101.17729545454546,44,Opening,2.0529999999999973,False,False,False,True
MAG,Haas F1 Team,22,0 days 00:01:39.972000,0 days 00:00:26.810000,0 days 00:00:30.201000,0 days 00:00:42.961000,Soft,25,1,,,,False,0 days 00:44:35.697000,99.972,26.81,30.201,42.961,2675.697,2673.413,19.4,24.3,1018.1,False,37.5,191,2.9,False,True,False,FORMULA 1 2018 HEINEKEN CHINESE GRAND PRIX,Shanghai,China,,,Permanent,,,0.268175089024927,0.3020945864842156,0.42973032449085746,1,False,Chinese Grand Prix,chinese_grand_prix,2018,2018-04-15,104.04457777777779,45,Opening,1.8199999999999932,False,False,False,True
ALO,McLaren,22,0 days 00:01:40.249000,0 days 00:00:26.944000,0 days 00:00:30.146000,0 days 00:00:43.159000,Soft,21,1,,,,False,0 days 00:44:40.993000,100.249,26.944,30.146,43.159,2680.993,2673.413,19.4,24.3,1018.1,False,37.5,191,2.9,False,True,False,FORMULA 1 2018 HEINEKEN CHINESE GRAND PRIX,Shanghai,China,,,Permanent,,,0.2687707608055941,0.30071122903969116,0.43051801015471475,1,False,Chinese Grand Prix,chinese_grand_prix,2018,2018-04-15,103.92247826086957,46,Opening,3.0150000000000006,False,False,False,True
HUL,Renault,22,0 days 00:01:39.560000,0 days 00:00:26.399000,0 days 00:00:30.653000,0 days 00:00:42.508000,ULTRASOFT,24,1,,,,False,0 days 00:44:50.503000,99.56,26.399,30.653,42.508,2690.503,2673.413,19.4,24.3,1018.1,False,37.5,191,2.9,False,True,False,FORMULA 1 2018 HEINEKEN CHINESE GRAND PRIX,Shanghai,China,,,Permanent,,,0.26515668943350745,0.3078846926476496,0.42695861791884293,1,False,Chinese Grand Prix,chinese_grand_prix,2018,2018-04-15,102.89104545454546,44,Opening,2.679000000000002,False,False,False,True
STR,Williams,22,0 days 00:01:41.080000,0 days 00:00:26.862000,0 days 00:00:30.340000,0 days 00:00:43.878000,Soft,21,1,,,,False,0 days 00:44:51.299000,101.08,26.862,30.34,43.878,2691.299,2673.413,19.4,24.3,1018.1,False,37.5,191,2.9,False,True,False,FORMULA 1 2018 HEINEKEN CHINESE GRAND PRIX,Shanghai,China,,,Permanent,,,0.26574990106846064,0.30015829046299963,0.4340918084685398,1,False,Chinese Grand Prix,chinese_grand_prix,2018,2018-04-15,104.3311111111111,45,Opening,2.5799999999999983,False,False,False,True
SAI,Renault,22,0 days 00:01:39.660000,0 days 00:00:26.814000,0 days 00:00:30.071000,0 days 00:00:42.775000,ULTRASOFT,24,1,,,,False,0 days 00:44:55.091000,99.66,26.814,30.071,42.775,2695.091,2673.413,19.4,24.3,1018.1,False,37.5,191,2.9,False,True,False,FORMULA 1 2018 HEINEKEN CHINESE GRAND PRIX,Shanghai,China,,,Permanent,,,0.26905478627332935,0.30173590206702794,0.42920931165964277,1,False,Chinese Grand Prix,chinese_grand_prix,2018,2018-04-15,103.05313636363636,44,Opening,1.9059999999999917,False,False,False,True
VAN,McLaren,22,0 days 00:01:45.395000,0 days 00:00:26.890000,0 days 00:00:30.768000,0 days 00:00:47.737000,Soft,21,1,0 days 00:44:55.471000,,,False,0 days 00:44:57.137000,105.395,26.89,30.768,47.737,2697.137,2673.413,19.4,24.3,1018.1,False,37.5,191,2.9,False,True,False,FORMULA 1 2018 HEINEKEN CHINESE GRAND PRIX,Shanghai,China,,,Permanent,22.0,,0.2551354428578206,0.2919303572275725,0.452934199914607,1,False,Chinese Grand Prix,chinese_grand_prix,2018,2018-04-15,104.21526666666666,45,Opening,7.257999999999996,False,False,False,True
SIR,Williams,22,0 days 00:01:40.657000,0 days 00:00:27.018000,0 days 00:00:30.248000,0 days 00:00:43.391000,Soft,21,1,,,,False,0 days 00:44:58.052000,100.657,27.018,30.248,43.391,2698.052,2673.413,19.4,24.3,1018.1,False,37.5,191,2.9,False,True,False,FORMULA 1 2018 HEINEKEN CHINESE GRAND PRIX,Shanghai,China,,,Permanent,,,0.268416503571535,0.3005056776975273,0.43107781873093776,1,False,Chinese Grand Prix,chinese_grand_prix,2018,2018-04-15,104.34546666666667,45,Opening,2.0330000000000013,False,False,False,True
OCO,Force India,22,0 days 00:01:39.638000,0 days 00:00:26.769000,0 days 00:00:29.931000,0 days 00:00:42.938000,Soft,21,1,,,,False,0 days 00:44:59.742000,99.638,26.769,29.931,42.938,2699.742,2673.413,19.4,24.3,1018.1,False,37.5,191,2.9,False,True,False,FORMULA 1 2018 HEINEKEN CHINESE GRAND PRIX,Shanghai,China,,,Permanent,,,0.26866255846163106,0.3003974387281961,0.4309400028101728,1,False,Chinese Grand Prix,chinese_grand_prix,2018,2018-04-15,104.14320000000001,45,Opening,1.6530000000000058,False,False,False,True
GRO,Haas F1 Team,22,0 days 00:01:40.095000,0 days 00:00:26.753000,0 days 00:00:30.124000,0 days 00:00:43.218000,ULTRASOFT,24,1,,,,False,0 days 00:45:01.029000,100.095,26.753,30.124,43.218,2701.029,2673.413,19.4,24.3,1018.1,False,37.5,191,2.9,False,True,False,FORMULA 1 2018 HEINEKEN CHINESE GRAND PRIX,Shanghai,China,,,Permanent,,,0.26727608771666916,0.30095409361106945,0.4317698186722614,1,False,Chinese Grand Prix,chinese_grand_prix,2018,2018-04-15,104.38857777777777,45,Opening,2.6850000000000023,False,False,False,True
PER,Force India,22,0 days 00:01:39.337000,0 days 00:00:26.803000,0 days 00:00:29.899000,0 days 00:00:42.635000,ULTRASOFT,24,1,,,,False,0 days 00:45:03.103000,99.337,26.803,29.899,42.635,2703.103,2673.413,19.4,24.3,1018.1,False,37.5,191,2.9,False,True,False,FORMULA 1 2018 HEINEKEN CHINESE GRAND PRIX,Shanghai,China,,,Permanent,,,0.26981889930237474,0.30098553409102347,0.42919556660660174,1,False,Chinese Grand Prix,chinese_grand_prix,2018,2018-04-15,104.14991111111111,45,Opening,1.6640000000000015,False,False,False,True
ERI,Sauber,22,0 days 00:01:40.684000,0 days 00:00:27.091000,0 days 00:00:30.222000,0 days 00:00:43.371000,Soft,21,1,,,,False,0 days 00:45:10.820000,100.684,27.091,30.222,43.371,2710.82,2733.393,19.4,23.8,1018.2,False,37.6,271,1.7,False,True,False,FORMULA 1 2018 HEINEKEN CHINESE GRAND PRIX,Shanghai,China,,,Permanent,,,0.269069564181002,0.30016685868658377,0.4307635771324143,1,False,Chinese Grand Prix,chinese_grand_prix,2018,2018-04-15,102.02637209302326,43,Opening,2.298000000000002,False,False,False,True
HAR,Toro Rosso,22,0 days 00:01:40.176000,0 days 00:00:26.713000,0 days 00:00:30.154000,0 days 00:00:43.309000,ULTRASOFT,21,1,,,,False,0 days 00:45:18.503000,100.176,26.713,30.154,43.309,2718.503,2733.393,19.4,23.8,1018.2,False,37.6,271,1.7,False,True,False,FORMULA 1 2018 HEINEKEN CHINESE GRAND PRIX,Shanghai,China,,,Permanent,,,0.2666606772081137,0.3010102220092637,0.43232910078262254,1,False,Chinese Grand Prix,chinese_grand_prix,2018,2018-04-15,102.14634883720929,43,Opening,0.7999999999999972,False,False,False,True
GAS,Toro Rosso,22,0 days 00:01:38.521000,0 days 00:00:26.351000,0 days 00:00:29.548000,0 days 00:00:42.622000,Medium,21,1,,,,False,0 days 00:45:27.593000,98.521,26.351,29.548,42.622,2727.593,2733.393,19.4,23.8,1018.2,False,37.6,271,1.7,False,True,False,FORMULA 1 2018 HEINEKEN CHINESE GRAND PRIX,Shanghai,China,,,Permanent,,,0.26746581946996073,0.2999157540016849,0.43261842652835436,1,False,Chinese Grand Prix,chinese_grand_prix,2018,2018-04-15,102.94286363636364,44,Opening,0.15399999999999636,False,False,False,True
LEC,Sauber,22,0 days 00:01:58.719000,0 days 00:00:46.071000,0 days 00:00:30.049000,0 days 00:00:42.599000,Soft,21,1,,0 days 00:43:52.488000,,False,0 days 00:45:29.134000,118.719,46.071,30.049,42.599,2729.134,2733.393,19.4,23.8,1018.2,False,37.6,271,1.7,False,True,False,FORMULA 1 2018 HEINEKEN CHINESE GRAND PRIX,Shanghai,China,,,Permanent,,,0.3880676218633917,0.25311028563245985,0.3588220925041484,2,False,Chinese Grand Prix,chinese_grand_prix,2018,2018-04-15,102.08430232558139,43,Opening,19.910999999999987,False,False,False,True
RAI,Ferrari,23,0 days 00:01:39.316000,0 days 00:00:26.567000,0 days 00:00:29.933000,0 days 00:00:42.816000,Soft,25,1,,,,False,0 days 00:45:45.700000,99.316,26.567,29.933,42.816,2745.7,2733.393,19.4,23.8,1018.2,False,37.6,271,1.7,False,True,False,FORMULA 1 2018 HEINEKEN CHINESE GRAND PRIX,Shanghai,China,,,Permanent,,,0.26749969793386763,0.30139151798300373,0.43110878408312864,1,False,Chinese Grand Prix,chinese_grand_prix,2018,2018-04-15,102.48924444444444,45,Opening,2.8599999999999994,False,False,False,True
BOT,Mercedes,23,0 days 00:01:37.571000,0 days 00:00:26.080000,0 days 00:00:29.471000,0 days 00:00:42.020000,Soft,25,1,,,,False,0 days 00:45:50.647000,97.571,26.08,29.471,42.02,2750.647,2733.393,19.4,23.8,1018.2,False,37.6,271,1.7,False,True,False,FORMULA 1 2018 HEINEKEN CHINESE GRAND PRIX,Shanghai,China,,,Permanent,,,0.26729253569195766,0.30204671470006456,0.43066074960797784,1,False,Chinese Grand Prix,chinese_grand_prix,2018,2018-04-15,101.08895454545454,44,Opening,0.5840000000000032,False,False,False,True
VET,Ferrari,23,0 days 00:01:37.504000,0 days 00:00:26.178000,0 days 00:00:29.024000,0 days 00:00:42.302000,Soft,24,1,,,,False,0 days 00:45:52.015000,97.504,26.178,29.024,42.302,2752.015,2733.393,19.4,23.8,1018.2,False,37.6,271,1.7,False,True,False,FORMULA 1 2018 HEINEKEN CHINESE GRAND PRIX,Shanghai,China,,,Permanent,,,0.2684812930751559,0.2976698391860847,0.4338488677387594,1,False,Chinese Grand Prix,chinese_grand_prix,2018,2018-04-15,101.62033333333333,42,Opening,0.025000000000005684,False,False,False,True
VER,Red Bull Racing,23,0 days 00:01:37.676000,0 days 00:00:26.188000,0 days 00:00:29.157000,0 days 00:00:42.331000,ULTRASOFT,25,1,,,,False,0 days 00:45:58.338000,97.676,26.188,29.157,42.331,2758.338,2733.393,19.4,23.8,1018.2,False,37.6,271,1.7,False,True,False,FORMULA 1 2018 HEINEKEN CHINESE GRAND PRIX,Shanghai,China,,,Permanent,,,0.2681108972521397,0.29850730988164953,0.43338179286621076,1,False,Chinese Grand Prix,chinese_grand_prix,2018,2018-04-15,101.39367441860465,43,Opening,1.4699999999999989,False,False,False,True
HAM,Mercedes,23,0 days 00:01:37.755000,0 days 00:00:26.210000,0 days 00:00:29.395000,0 days 00:00:42.150000,Soft,25,1,,,,False,0 days 00:46:00.543000,97.755,26.21,29.395,42.15,2760.543,2733.393,19.4,23.8,1018.2,False,37.6,271,1.7,False,True,False,FORMULA 1 2018 HEINEKEN CHINESE GRAND PRIX,Shanghai,China,,,Permanent,,,0.2681192777863025,0.3007007314203877,0.4311799907933098,1,False,Chinese Grand Prix,chinese_grand_prix,2018,2018-04-15,101.40695348837208,43,Opening,0.8769999999999953,False,False,False,True
RIC,Red Bull Racing,23,0 days 00:01:37.948000,0 days 00:00:26.215000,0 days 00:00:29.373000,0 days 00:00:42.360000,ULTRASOFT,25,1,,,,False,0 days 00:46:05.452000,97.948,26.215,29.373,42.36,2765.452,2793.387,19.6,24.1,1018.1,False,37.7,233,1.4,False,True,False,FORMULA 1 2018 HEINEKEN CHINESE GRAND PRIX,Shanghai,China,,,Permanent,,,0.26764201412994654,0.2998836117123372,0.4324743741577164,1,False,Chinese Grand Prix,chinese_grand_prix,2018,2018-04-15,101.17729545454546,44,Opening,2.1629999999999967,False,False,False,True
MAG,Haas F1 Team,23,0 days 00:01:39.790000,0 days 00:00:26.651000,0 days 00:00:30.055000,0 days 00:00:43.084000,Soft,26,1,,,,False,0 days 00:46:15.487000,99.79,26.651,30.055,43.084,2775.487,2793.387,19.6,24.1,1018.1,False,37.7,233,1.4,False,True,False,FORMULA 1 2018 HEINEKEN CHINESE GRAND PRIX,Shanghai,China,,,Permanent,,,0.26707084878244314,0.30118248321475094,0.4317466680028059,1,False,Chinese Grand Prix,chinese_grand_prix,2018,2018-04-15,104.04457777777779,45,Opening,1.6380000000000052,False,False,False,True
ALO,McLaren,23,0 days 00:01:39.981000,0 days 00:00:26.863000,0 days 00:00:29.943000,0 days 00:00:43.175000,Soft,22,1,,,,False,0 days 00:46:20.974000,99.981,26.863,29.943,43.175,2780.974,2793.387,19.6,24.1,1018.1,False,37.7,233,1.4,False,True,False,FORMULA 1 2018 HEINEKEN CHINESE GRAND PRIX,Shanghai,China,,,Permanent,,,0.2686810493993859,0.2994869025114772,0.43183204808913694,1,False,Chinese Grand Prix,chinese_grand_prix,2018,2018-04-15,103.92247826086957,46,Opening,2.747,False,False,False,True
HUL,Renault,23,0 days 00:01:39.584000,0 days 00:00:26.667000,0 days 00:00:29.871000,0 days 00:00:43.046000,ULTRASOFT,25,1,,,,False,0 days 00:46:30.087000,99.584,26.667,29.871,43.046,2790.087,2793.387,19.6,24.1,1018.1,False,37.7,233,1.4,False,True,False,FORMULA 1 2018 HEINEKEN CHINESE GRAND PRIX,Shanghai,China,,,Permanent,,,0.2677839813624679,0.29995782455012854,0.43225819408740357,1,False,Chinese Grand Prix,chinese_grand_prix,2018,2018-04-15,102.89104545454546,44,Opening,2.703000000000003,False,False,False,True
SAI,Renault,23,0 days 00:01:39.551000,0 days 00:00:26.695000,0 days 00:00:29.973000,0 days 00:00:42.883000,ULTRASOFT,25,1,,,,False,0 days 00:46:34.642000,99.551,26.695,29.973,42.883,2794.642,2793.387,19.6,24.1,1018.1,False,37.7,233,1.4,False,True,False,FORMULA 1 2018 HEINEKEN CHINESE GRAND PRIX,Shanghai,China,,,Permanent,,,0.2681540115116875,0.30108185754035616,0.43076413094795635,1,False,Chinese Grand Prix,chinese_grand_prix,2018,2018-04-15,103.05313636363636,44,Opening,1.796999999999997,False,False,False,True
STR,Williams,23,0 days 00:01:45.569000,0 days 00:00:27.148000,0 days 00:00:30.426000,0 days 00:00:47.995000,Soft,22,1,0 days 00:46:35.303000,,,False,0 days 00:46:36.868000,105.569,27.148,30.426,47.995,2796.868,2793.387,19.6,24.1,1018.1,False,37.7,233,1.4,False,True,False,FORMULA 1 2018 HEINEKEN CHINESE GRAND PRIX,Shanghai,China,,,Permanent,23.0,,0.2571588250338641,0.2882096069868995,0.4546315679792363,1,False,Chinese Grand Prix,chinese_grand_prix,2018,2018-04-15,104.3311111111111,45,Opening,7.069000000000003,False,False,False,True
SIR,Williams,23,0 days 00:01:40.736000,0 days 00:00:26.966000,0 days 00:00:30.280000,0 days 00:00:43.490000,Soft,22,1,,,,False,0 days 00:46:38.788000,100.736,26.966,30.28,43.49,2798.788,2793.387,19.6,24.1,1018.1,False,37.7,233,1.4,False,True,False,FORMULA 1 2018 HEINEKEN CHINESE GRAND PRIX,Shanghai,China,,,Permanent,,,0.26768980304955525,0.3005876747141042,0.43172252223634056,1,False,Chinese Grand Prix,chinese_grand_prix,2018,2018-04-15,104.34546666666667,45,Opening,2.112000000000009,False,False,False,True
OCO,Force India,23,0 days 00:01:39.791000,0 days 00:00:26.702000,0 days 00:00:30.106000,0 days 00:00:42.983000,Soft,22,1,,,,False,0 days 00:46:39.533000,99.791,26.702,30.106,42.983,2799.533,2793.387,19.6,24.1,1018.1,False,37.7,233,1.4,False,True,False,FORMULA 1 2018 HEINEKEN CHINESE GRAND PRIX,Shanghai,China,,,Permanent,,,0.26757924061288096,0.30169053321441813,0.4307302261727009,1,False,Chinese Grand Prix,chinese_grand_prix,2018,2018-04-15,104.14320000000001,45,Opening,1.8059999999999974,False,False,False,True
GRO,Haas F1 Team,23,0 days 00:01:39.838000,0 days 00:00:26.786000,0 days 00:00:29.996000,0 days 00:00:43.056000,ULTRASOFT,25,1,,,,False,0 days 00:46:40.867000,99.838,26.786,29.996,43.056,2800.867,2793.387,19.6,24.1,1018.1,False,37.7,233,1.4,False,True,False,FORMULA 1 2018 HEINEKEN CHINESE GRAND PRIX,Shanghai,China,,,Permanent,,,0.2682946373124462,0.3004467236923817,0.4312586389951722,1,False,Chinese Grand Prix,chinese_grand_prix,2018,2018-04-15,104.38857777777777,45,Opening,2.4279999999999973,False,False,False,True
PER,Force India,23,0 days 00:01:39.365000,0 days 00:00:26.731000,0 days 00:00:29.885000,0 days 00:00:42.749000,ULTRASOFT,25,1,,,,False,0 days 00:46:42.468000,99.365,26.731,29.885,42.749,2802.468,2793.387,19.6,24.1,1018.1,False,37.7,233,1.4,False,True,False,FORMULA 1 2018 HEINEKEN CHINESE GRAND PRIX,Shanghai,China,,,Permanent,,,0.2690182659890304,0.3007598248880391,0.4302219091229307,1,False,Chinese Grand Prix,chinese_grand_prix,2018,2018-04-15,104.14991111111111,45,Opening,1.691999999999993,False,False,False,True
ERI,Sauber,23,0 days 00:01:40.486000,0 days 00:00:26.990000,0 days 00:00:30.153000,0 days 00:00:43.343000,Soft,22,1,,,,False,0 days 00:46:51.306000,100.486,26.99,30.153,43.343,2811.306,2793.387,19.6,24.1,1018.1,False,37.7,233,1.4,False,True,False,FORMULA 1 2018 HEINEKEN CHINESE GRAND PRIX,Shanghai,China,,,Permanent,,,0.26859463009772505,0.30007165177238615,0.43133371812988874,1,False,Chinese Grand Prix,chinese_grand_prix,2018,2018-04-15,102.02637209302326,43,Opening,2.1000000000000085,False,False,False,True
VAN,McLaren,23,0 days 00:01:58.347000,0 days 00:00:46.161000,0 days 00:00:29.575000,0 days 00:00:42.611000,Soft,22,1,,0 days 00:45:19.238000,,False,0 days 00:46:55.484000,118.347,46.161,29.575,42.611,2815.484,2793.387,19.6,24.1,1018.1,False,37.7,233,1.4,False,True,False,FORMULA 1 2018 HEINEKEN CHINESE GRAND PRIX,Shanghai,China,,,Permanent,,,0.39004790995969485,0.24990071569199052,0.3600513743483147,2,False,Chinese Grand Prix,chinese_grand_prix,2018,2018-04-15,104.21526666666666,45,Opening,20.209999999999994,False,False,False,True
HAR,Toro Rosso,23,0 days 00:01:40.394000,0 days 00:00:26.813000,0 days 00:00:30.283000,0 days 00:00:43.298000,ULTRASOFT,22,1,,,,False,0 days 00:46:58.897000,100.394,26.813,30.283,43.298,2818.897,2793.387,19.6,24.1,1018.1,False,37.7,233,1.4,False,True,False,FORMULA 1 2018 HEINEKEN CHINESE GRAND PRIX,Shanghai,China,,,Permanent,,,0.26707771380759804,0.3016415323624918,0.43128075382991016,1,False,Chinese Grand Prix,chinese_grand_prix,2018,2018-04-15,102.14634883720929,43,Opening,1.0180000000000007,False,False,False,True
GAS,Toro Rosso,23,0 days 00:01:38.704000,0 days 00:00:26.354000,0 days 00:00:29.587000,0 days 00:00:42.763000,Medium,22,1,,,,False,0 days 00:47:06.297000,98.704,26.354,29.587,42.763,2826.297,2853.399,19.6,23.9,1018.1,False,37.8,283,2.3,False,True,False,FORMULA 1 2018 HEINEKEN CHINESE GRAND PRIX,Shanghai,China,,,Permanent,,,0.2670003242016534,0.2997548224995948,0.43324485329875184,1,False,Chinese Grand Prix,chinese_grand_prix,2018,2018-04-15,102.94286363636364,44,Opening,0.3369999999999891,False,False,False,True
LEC,Sauber,23,0 days 00:01:38.808000,0 days 00:00:26.134000,0 days 00:00:29.752000,0 days 00:00:42.922000,Soft,22,1,,,,False,0 days 00:47:07.942000,98.808,26.134,29.752,42.922,2827.942,2853.399,19.6,23.9,1018.1,False,37.8,283,2.3,False,True,False,FORMULA 1 2018 HEINEKEN CHINESE GRAND PRIX,Shanghai,China,,,Permanent,,,0.2644927536231884,0.30110922192535017,0.43439802445146136,1,False,Chinese Grand Prix,chinese_grand_prix,2018,2018-04-15,102.08430232558139,43,Opening,0.0,False,False,False,True
RAI,Ferrari,24,0 days 00:01:39.667000,0 days 00:00:26.520000,0 days 00:00:30.191000,0 days 00:00:42.956000,Soft,26,1,,,,False,0 days 00:47:25.367000,99.667,26.52,30.191,42.956,2845.367,2853.399,19.6,23.9,1018.1,False,37.8,283,2.3,False,True,False,FORMULA 1 2018 HEINEKEN CHINESE GRAND PRIX,Shanghai,China,,,Permanent,,,0.2660860666017839,0.30291871933538683,0.43099521406282926,1,False,Chinese Grand Prix,chinese_grand_prix,2018,2018-04-15,102.48924444444444,45,Opening,3.2109999999999985,False,False,False,True
BOT,Mercedes,24,0 days 00:01:37.673000,0 days 00:00:26.043000,0 days 00:00:29.483000,0 days 00:00:42.147000,Soft,26,1,,,,False,0 days 00:47:28.320000,97.673,26.043,29.483,42.147,2848.32,2853.399,19.6,23.9,1018.1,False,37.8,283,2.3,False,True,False,FORMULA 1 2018 HEINEKEN CHINESE GRAND PRIX,Shanghai,China,,,Permanent,,,0.26663458683566593,0.30185414597688204,0.431511267187452,1,False,Chinese Grand Prix,chinese_grand_prix,2018,2018-04-15,101.08895454545454,44,Opening,0.686000000000007,False,False,False,True
VET,Ferrari,24,0 days 00:01:37.479000,0 days 00:00:25.904000,0 days 00:00:29.302000,0 days 00:00:42.273000,Soft,25,1,,,,False,0 days 00:47:29.494000,97.479,25.904,29.302,42.273,2849.494,2853.399,19.6,23.9,1018.1,False,37.8,283,2.3,False,True,False,FORMULA 1 2018 HEINEKEN CHINESE GRAND PRIX,Shanghai,China,,,Permanent,,,0.26573928743626835,0.3005980775346485,0.4336626350290832,1,False,Chinese Grand Prix,chinese_grand_prix,2018,2018-04-15,101.62033333333333,42,Opening,0.0,False,False,False,True
VER,Red Bull Racing,24,0 days 00:01:38.386000,0 days 00:00:26.049000,0 days 00:00:29.329000,0 days 00:00:43.008000,ULTRASOFT,26,1,,,,False,0 days 00:47:36.724000,98.386,26.049,29.329,43.008,2856.724,2853.399,19.6,23.9,1018.1,False,37.8,283,2.3,False,True,False,FORMULA 1 2018 HEINEKEN CHINESE GRAND PRIX,Shanghai,China,,,Permanent,,,0.26476327932835975,0.29810135588396725,0.43713536478767306,1,False,Chinese Grand Prix,chinese_grand_prix,2018,2018-04-15,101.39367441860465,43,Opening,2.1799999999999926,False,False,False,True
HAM,Mercedes,24,0 days 00:01:37.952000,0 days 00:00:26.033000,0 days 00:00:29.375000,0 days 00:00:42.544000,Soft,26,1,,,,False,0 days 00:47:38.495000,97.952,26.033,29.375,42.544,2858.495,2853.399,19.6,23.9,1018.1,False,37.8,283,2.3,False,True,False,FORMULA 1 2018 HEINEKEN CHINESE GRAND PRIX,Shanghai,China,,,Permanent,,,0.2657730316889905,0.29989178373080694,0.43433518458020254,1,False,Chinese Grand Prix,chinese_grand_prix,2018,2018-04-15,101.40695348837208,43,Opening,1.073999999999998,False,False,False,True
RIC,Red Bull Racing,24,0 days 00:01:37.823000,0 days 00:00:26.143000,0 days 00:00:29.239000,0 days 00:00:42.441000,ULTRASOFT,26,1,,,,False,0 days 00:47:43.275000,97.823,26.143,29.239,42.441,2863.275,2853.399,19.6,23.9,1018.1,False,37.8,283,2.3,False,True,False,FORMULA 1 2018 HEINEKEN CHINESE GRAND PRIX,Shanghai,China,,,Permanent,,,0.26724798871431055,0.29889698741604737,0.43385502386964214,1,False,Chinese Grand Prix,chinese_grand_prix,2018,2018-04-15,101.17729545454546,44,Opening,2.0379999999999967,False,False,False,True
MAG,Haas F1 Team,24,0 days 00:01:44.253000,0 days 00:00:26.572000,0 days 00:00:30.112000,0 days 00:00:47.569000,Soft,27,1,0 days 00:47:58.343000,,,False,0 days 00:47:59.740000,104.253,26.572,30.112,47.569,2879.74,2853.399,19.6,23.9,1018.1,False,37.8,283,2.3,False,True,False,FORMULA 1 2018 HEINEKEN CHINESE GRAND PRIX,Shanghai,China,,,Permanent,24.0,,0.2548799554928875,0.28883581287828647,0.45628423162882603,1,False,Chinese Grand Prix,chinese_grand_prix,2018,2018-04-15,104.04457777777779,45,Opening,6.100999999999999,False,False,False,True
ALO,McLaren,24,0 days 00:01:40.031000,0 days 00:00:26.685000,0 days 00:00:30.124000,0 days 00:00:43.222000,Soft,23,1,,,,False,0 days 00:48:01.005000,100.031,26.685,30.124,43.222,2881.005,2853.399,19.6,23.9,1018.1,False,37.8,283,2.3,False,True,False,FORMULA 1 2018 HEINEKEN CHINESE GRAND PRIX,Shanghai,China,,,Permanent,,,0.2667673021363377,0.3011466445401925,0.4320860533234697,1,False,Chinese Grand Prix,chinese_grand_prix,2018,2018-04-15,103.92247826086957,46,Opening,2.7970000000000113,False,False,False,True
HUL,Renault,24,0 days 00:01:39.009000,0 days 00:00:26.434000,0 days 00:00:29.667000,0 days 00:00:42.908000,ULTRASOFT,26,1,,,,False,0 days 00:48:09.096000,99.009,26.434,29.667,42.908,2889.096,2913.682,19.9,22.9,1018.2,False,37.8,86,1.4,False,True,False,FORMULA 1 2018 HEINEKEN CHINESE GRAND PRIX,Shanghai,China,,,Permanent,,,0.2669858295710491,0.29963942671878313,0.43337474371016776,1,False,Chinese Grand Prix,chinese_grand_prix,2018,2018-04-15,102.89104545454546,44,Opening,2.128,False,False,False,True
SAI,Renault,24,0 days 00:01:39.813000,0 days 00:00:26.743000,0 days 00:00:30.049000,0 days 00:00:43.021000,ULTRASOFT,26,1,,,,False,0 days 00:48:14.455000,99.813,26.743,30.049,43.021,2894.455,2913.682,19.9,22.9,1018.2,False,37.8,86,1.4,False,True,False,FORMULA 1 2018 HEINEKEN CHINESE GRAND PRIX,Shanghai,China,,,Permanent,,,0.2679310310280224,0.3010529690521275,0.4310159999198501,1,False,Chinese Grand Prix,chinese_grand_prix,2018,2018-04-15,103.05313636363636,44,Opening,2.0589999999999975,False,False,False,True
SIR,Williams,24,0 days 00:01:40.961000,0 days 00:00:26.816000,0 days 00:00:30.457000,0 days 00:00:43.688000,Soft,23,1,,,,False,0 days 00:48:19.749000,100.961,26.816,30.457,43.688,2899.749,2913.682,19.9,22.9,1018.2,False,37.8,86,1.4,False,True,False,FORMULA 1 2018 HEINEKEN CHINESE GRAND PRIX,Shanghai,China,,,Permanent,,,0.26560751181149156,0.30167094224502533,0.43272154594348317,1,False,Chinese Grand Prix,chinese_grand_prix,2018,2018-04-15,104.34546666666667,45,Opening,2.3370000000000033,False,False,False,True
OCO,Force India,24,0 days 00:01:40.639000,0 days 00:00:26.503000,0 days 00:00:30.706000,0 days 00:00:43.430000,Soft,23,1,,,,False,0 days 00:48:20.172000,100.639,26.503,30.706,43.43,2900.172,2913.682,19.9,22.9,1018.2,False,37.8,86,1.4,False,True,False,FORMULA 1 2018 HEINEKEN CHINESE GRAND PRIX,Shanghai,China,,,Permanent,,,0.2633472113196673,0.3051103448961138,0.43154244378421885,1,False,Chinese Grand Prix,chinese_grand_prix,2018,2018-04-15,104.14320000000001,45,Opening,2.6539999999999964,False,False,False,True
GRO,Haas F1 Team,24,0 days 00:01:39.754000,0 days 00:00:26.636000,0 days 00:00:29.945000,0 days 00:00:43.173000,ULTRASOFT,26,1,,,,False,0 days 00:48:20.621000,99.754,26.636,29.945,43.173,2900.621,2913.682,19.9,22.9,1018.2,False,37.8,86,1.4,False,True,False,FORMULA 1 2018 HEINEKEN CHINESE GRAND PRIX,Shanghai,China,,,Permanent,,,0.2670168614792389,0.30018846362050644,0.43279467490025464,1,False,Chinese Grand Prix,chinese_grand_prix,2018,2018-04-15,104.38857777777777,45,Opening,2.3440000000000083,False,False,False,True
PER,Force India,24,0 days 00:01:39.517000,0 days 00:00:26.549000,0 days 00:00:30.098000,0 days 00:00:42.870000,ULTRASOFT,26,1,,,,False,0 days 00:48:21.985000,99.517,26.549,30.098,42.87,2901.985,2913.682,19.9,22.9,1018.2,False,37.8,86,1.4,False,True,False,FORMULA 1 2018 HEINEKEN CHINESE GRAND PRIX,Shanghai,China,,,Permanent,,,0.26677854034988996,0.30244078901092275,0.4307806706391873,1,False,Chinese Grand Prix,chinese_grand_prix,2018,2018-04-15,104.14991111111111,45,Opening,1.843999999999994,False,False,False,True
ERI,Sauber,24,0 days 00:01:40.644000,0 days 00:00:26.893000,0 days 00:00:30.216000,0 days 00:00:43.535000,Soft,23,1,,,,False,0 days 00:48:31.950000,100.644,26.893,30.216,43.535,2911.95,2913.682,19.9,22.9,1018.2,False,37.8,86,1.4,False,True,False,FORMULA 1 2018 HEINEKEN CHINESE GRAND PRIX,Shanghai,China,,,Permanent,,,0.26720917292635427,0.3002265410754739,0.4325642859981717,1,False,Chinese Grand Prix,chinese_grand_prix,2018,2018-04-15,102.02637209302326,43,Opening,2.2580000000000098,False,False,False,True
VAN,McLaren,24,0 days 00:01:38.873000,0 days 00:00:26.359000,0 days 00:00:29.716000,0 days 00:00:42.798000,Soft,23,1,,,,False,0 days 00:48:34.357000,98.873,26.359,29.716,42.798,2914.357,2913.682,19.9,22.9,1018.2,False,37.8,86,1.4,False,True,False,FORMULA 1 2018 HEINEKEN CHINESE GRAND PRIX,Shanghai,China,,,Permanent,,,0.2665945202431402,0.3005471665672125,0.43285831318964735,1,False,Chinese Grand Prix,chinese_grand_prix,2018,2018-04-15,104.21526666666666,45,Opening,0.7360000000000042,False,False,False,True
STR,Williams,24,0 days 00:01:58.041000,0 days 00:00:45.345000,0 days 00:00:30.038000,0 days 00:00:42.658000,Soft,23,1,,0 days 00:46:58.156000,,False,0 days 00:48:34.909000,118.041,45.345,30.038,42.658,2914.909,2913.682,19.9,22.9,1018.2,False,37.8,86,1.4,False,True,False,FORMULA 1 2018 HEINEKEN CHINESE GRAND PRIX,Shanghai,China,,,Permanent,,,0.3841461864945231,0.2544709041773621,0.36138290932811484,2,False,Chinese Grand Prix,chinese_grand_prix,2018,2018-04-15,104.3311111111111,45,Opening,19.540999999999997,False,False,False,True
HAR,Toro Rosso,24,0 days 00:01:39.887000,0 days 00:00:26.596000,0 days 00:00:30.212000,0 days 00:00:43.079000,ULTRASOFT,23,1,,,,False,0 days 00:48:38.784000,99.887,26.596,30.212,43.079,2918.784,2913.682,19.9,22.9,1018.2,False,37.8,86,1.4,False,True,False,FORMULA 1 2018 HEINEKEN CHINESE GRAND PRIX,Shanghai,China,,,Permanent,,,0.266260874788511,0.3024617818134492,0.4312773433980398,1,False,Chinese Grand Prix,chinese_grand_prix,2018,2018-04-15,102.14634883720929,43,Opening,0.5109999999999957,False,False,False,True
GAS,Toro Rosso,24,0 days 00:01:38.699000,0 days 00:00:26.329000,0 days 00:00:29.549000,0 days 00:00:42.821000,Medium,23,1,,,,False,0 days 00:48:44.996000,98.699,26.329,29.549,42.821,2924.996,2913.682,19.9,22.9,1018.2,False,37.8,86,1.4,False,True,False,FORMULA 1 2018 HEINEKEN CHINESE GRAND PRIX,Shanghai,China,,,Permanent,,,0.2667605548181846,0.29938499883484126,0.4338544463469741,1,False,Chinese Grand Prix,chinese_grand_prix,2018,2018-04-15,102.94286363636364,44,Opening,0.33199999999999363,False,False,False,True
LEC,Sauber,24,0 days 00:01:39.325000,0 days 00:00:26.450000,0 days 00:00:29.859000,0 days 00:00:43.016000,Soft,23,1,,,,False,0 days 00:48:47.267000,99.325,26.45,29.859,43.016,2927.267,2913.682,19.9,22.9,1018.2,False,37.8,86,1.4,False,True,False,FORMULA 1 2018 HEINEKEN CHINESE GRAND PRIX,Shanghai,China,,,Permanent,,,0.26629750818021647,0.30061917946136424,0.4330833123584193,1,False,Chinese Grand Prix,chinese_grand_prix,2018,2018-04-15,102.08430232558139,43,Opening,0.5169999999999959,False,False,False,True
RAI,Ferrari,25,0 days 00:01:39.257000,0 days 00:00:26.493000,0 days 00:00:29.932000,0 days 00:00:42.832000,Soft,27,1,,,,False,0 days 00:49:04.624000,99.257,26.493,29.932,42.832,2944.624,2973.644,19.8,23.5,1018.2,False,37.7,79,1.8,False,True,False,FORMULA 1 2018 HEINEKEN CHINESE GRAND PRIX,Shanghai,China,,,Permanent,,,0.2669131648145722,0.30156059522250317,0.4315262399629245,1,False,Chinese Grand Prix,chinese_grand_prix,2018,2018-04-15,102.48924444444444,45,Opening,2.801000000000002,False,False,False,True
BOT,Mercedes,25,0 days 00:01:37.575000,0 days 00:00:26.153000,0 days 00:00:29.170000,0 days 00:00:42.252000,Soft,27,1,,,,False,0 days 00:49:05.895000,97.575,26.153,29.17,42.252,2945.895,2973.644,19.8,23.5,1018.2,False,37.7,79,1.8,False,True,False,FORMULA 1 2018 HEINEKEN CHINESE GRAND PRIX,Shanghai,China,,,Permanent,,,0.26802972072764536,0.2989495260056367,0.4330207532667179,1,False,Chinese Grand Prix,chinese_grand_prix,2018,2018-04-15,101.08895454545454,44,Opening,0.5880000000000081,False,False,False,True
VET,Ferrari,25,0 days 00:01:37.750000,0 days 00:00:26.043000,0 days 00:00:29.317000,0 days 00:00:42.390000,Soft,26,1,,,,False,0 days 00:49:07.244000,97.75,26.043,29.317,42.39,2947.244,2973.644,19.8,23.5,1018.2,False,37.7,79,1.8,False,True,False,FORMULA 1 2018 HEINEKEN CHINESE GRAND PRIX,Shanghai,China,,,Permanent,,,0.2664245524296675,0.29991815856777493,0.43365728900255757,1,False,Chinese Grand Prix,chinese_grand_prix,2018,2018-04-15,101.62033333333333,42,Opening,0.2710000000000008,False,False,False,True
VER,Red Bull Racing,25,0 days 00:01:37.787000,0 days 00:00:26.224000,0 days 00:00:29.146000,0 days 00:00:42.417000,ULTRASOFT,27,1,,,,False,0 days 00:49:14.511000,97.787,26.224,29.146,42.417,2954.511,2973.644,19.8,23.5,1018.2,False,37.7,79,1.8,False,True,False,FORMULA 1 2018 HEINEKEN CHINESE GRAND PRIX,Shanghai,China,,,Permanent,,,0.2681747062492969,0.2980559788110894,0.4337693149396136,1,False,Chinese Grand Prix,chinese_grand_prix,2018,2018-04-15,101.39367441860465,43,Opening,1.581000000000003,False,False,False,True
HAM,Mercedes,25,0 days 00:01:37.686000,0 days 00:00:26.181000,0 days 00:00:29.245000,0 days 00:00:42.260000,Soft,27,1,,,,False,0 days 00:49:16.181000,97.686,26.181,29.245,42.26,2956.181,2973.644,19.8,23.5,1018.2,False,37.7,79,1.8,False,True,False,FORMULA 1 2018 HEINEKEN CHINESE GRAND PRIX,Shanghai,China,,,Permanent,,,0.2680117928874148,0.2993775976086645,0.43261060950392066,1,False,Chinese Grand Prix,chinese_grand_prix,2018,2018-04-15,101.40695348837208,43,Opening,0.8080000000000069,False,False,False,True
RIC,Red Bull Racing,25,0 days 00:01:37.557000,0 days 00:00:26.206000,0 days 00:00:29.071000,0 days 00:00:42.280000,ULTRASOFT,27,1,,,,False,0 days 00:49:20.832000,97.557,26.206,29.071,42.28,2960.832,2973.644,19.8,23.5,1018.2,False,37.7,79,1.8,False,True,False,FORMULA 1 2018 HEINEKEN CHINESE GRAND PRIX,Shanghai,China,,,Permanent,,,0.26862244636468935,0.29798989308814333,0.4333876605471673,1,False,Chinese Grand Prix,chinese_grand_prix,2018,2018-04-15,101.17729545454546,44,Opening,1.7720000000000056,False,False,False,True
ALO,McLaren,25,0 days 00:01:39.938000,0 days 00:00:26.735000,0 days 00:00:29.994000,0 days 00:00:43.209000,Soft,24,1,,,,False,0 days 00:49:40.943000,99.938,26.735,29.994,43.209,2980.943,2973.644,19.8,23.5,1018.2,False,37.7,79,1.8,False,True,False,FORMULA 1 2018 HEINEKEN CHINESE GRAND PRIX,Shanghai,China,,,Permanent,,,0.2675158598330965,0.3001260781684644,0.43235806199843907,1,False,Chinese Grand Prix,chinese_grand_prix,2018,2018-04-15,103.92247826086957,46,Opening,2.7040000000000077,False,False,False,True
HUL,Renault,25,0 days 00:01:39.060000,0 days 00:00:26.521000,0 days 00:00:29.580000,0 days 00:00:42.959000,ULTRASOFT,27,1,,,,False,0 days 00:49:48.156000,99.06,26.521,29.58,42.959,2988.156,2973.644,19.8,23.5,1018.2,False,37.7,79,1.8,False,True,False,FORMULA 1 2018 HEINEKEN CHINESE GRAND PRIX,Shanghai,China,,,Permanent,,,0.2677266303250555,0.29860690490611747,0.433666464768827,1,False,Chinese Grand Prix,chinese_grand_prix,2018,2018-04-15,102.89104545454546,44,Opening,2.179000000000002,False,False,False,True
SAI,Renault,25,0 days 00:01:39.388000,0 days 00:00:26.606000,0 days 00:00:29.840000,0 days 00:00:42.942000,ULTRASOFT,27,1,,,,False,0 days 00:49:53.843000,99.388,26.606,29.84,42.942,2993.843,2973.644,19.8,23.5,1018.2,False,37.7,79,1.8,False,True,False,FORMULA 1 2018 HEINEKEN CHINESE GRAND PRIX,Shanghai,China,,,Permanent,,,0.2676983136797199,0.3002374532136676,0.43206423310661246,1,False,Chinese Grand Prix,chinese_grand_prix,2018,2018-04-15,103.05313636363636,44,Opening,1.6340000000000003,False,False,False,True
MAG,Haas F1 Team,25,0 days 00:01:57.189000,0 days 00:00:45.263000,0 days 00:00:29.280000,0 days 00:00:42.646000,Soft,28,1,,0 days 00:48:21.815000,,False,0 days 00:49:56.929000,117.189,45.263,29.28,42.646,2996.929,2973.644,19.8,23.5,1018.2,False,37.7,79,1.8,False,True,False,FORMULA 1 2018 HEINEKEN CHINESE GRAND PRIX,Shanghai,China,,,Permanent,,,0.3862393228033348,0.24985280188413592,0.3639078753125294,2,False,Chinese Grand Prix,chinese_grand_prix,2018,2018-04-15,104.04457777777779,45,Opening,19.036999999999992,False,False,False,True
OCO,Force India,25,0 days 00:01:40.410000,0 days 00:00:26.903000,0 days 00:00:30.259000,0 days 00:00:43.248000,Soft,24,1,,,,False,0 days 00:50:00.582000,100.41,26.903,30.259,43.248,3000.582,2973.644,19.8,23.5,1018.2,False,37.7,79,1.8,False,True,False,FORMULA 1 2018 HEINEKEN CHINESE GRAND PRIX,Shanghai,China,,,Permanent,,,0.2679314809281944,0.3013544467682502,0.4307140723035554,1,False,Chinese Grand Prix,chinese_grand_prix,2018,2018-04-15,104.14320000000001,45,Opening,2.424999999999997,False,False,False,True
GRO,Haas F1 Team,25,0 days 00:01:41.095000,0 days 00:00:27.052000,0 days 00:00:31.004000,0 days 00:00:43.039000,ULTRASOFT,27,1,,,,False,0 days 00:50:01.716000,101.095,27.052,31.004,43.039,3001.716,2973.644,19.8,23.5,1018.2,False,37.7,79,1.8,False,True,False,FORMULA 1 2018 HEINEKEN CHINESE GRAND PRIX,Shanghai,China,,,Permanent,,,0.2675898906968693,0.30668183391859144,0.42572827538453933,1,False,Chinese Grand Prix,chinese_grand_prix,2018,2018-04-15,104.38857777777777,45,Opening,3.6850000000000023,False,False,False,True
SIR,Williams,25,0 days 00:01:42.635000,0 days 00:00:27.459000,0 days 00:00:30.939000,0 days 00:00:44.237000,Soft,24,1,,,,False,0 days 00:50:02.384000,102.635,27.459,30.939,44.237,3002.384,2973.644,19.8,23.5,1018.2,False,37.7,79,1.8,False,True,False,FORMULA 1 2018 HEINEKEN CHINESE GRAND PRIX,Shanghai,China,,,Permanent,,,0.26754031275880547,0.30144687484776145,0.43101281239343303,1,False,Chinese Grand Prix,chinese_grand_prix,2018,2018-04-15,104.34546666666667,45,Opening,4.01100000000001,False,False,False,True
PER,Force India,25,0 days 00:01:40.655000,0 days 00:00:26.825000,0 days 00:00:30.550000,0 days 00:00:43.280000,ULTRASOFT,27,1,,,,False,0 days 00:50:02.640000,100.655,26.825,30.55,43.28,3002.64,2973.644,19.8,23.5,1018.2,False,37.7,79,1.8,False,True,False,FORMULA 1 2018 HEINEKEN CHINESE GRAND PRIX,Shanghai,China,,,Permanent,,,0.26650439620485816,0.3035119964234266,0.42998360737171526,1,False,Chinese Grand Prix,chinese_grand_prix,2018,2018-04-15,104.14991111111111,45,Opening,2.9819999999999993,False,False,False,True
ERI,Sauber,25,0 days 00:01:40.925000,0 days 00:00:26.944000,0 days 00:00:30.248000,0 days 00:00:43.733000,Soft,24,1,,,,False,0 days 00:50:12.875000,100.925,26.944,30.248,43.733,3012.875,3033.83,19.8,22.9,1018.0,False,37.6,78,2.4,False,True,False,FORMULA 1 2018 HEINEKEN CHINESE GRAND PRIX,Shanghai,China,,,Permanent,,,0.26697052266534554,0.2997077037404013,0.43332177359425317,1,False,Chinese Grand Prix,chinese_grand_prix,2018,2018-04-15,102.02637209302326,43,Opening,2.5390000000000015,False,False,False,True
VAN,McLaren,25,0 days 00:01:39.569000,0 days 00:00:26.390000,0 days 00:00:29.817000,0 days 00:00:43.362000,Soft,24,1,,,,False,0 days 00:50:13.926000,99.569,26.39,29.817,43.362,3013.926,3033.83,19.8,22.9,1018.0,False,37.6,78,2.4,False,True,False,FORMULA 1 2018 HEINEKEN CHINESE GRAND PRIX,Shanghai,China,,,Permanent,,,0.2650423324528719,0.2994606755114544,0.43549699203567377,1,False,Chinese Grand Prix,chinese_grand_prix,2018,2018-04-15,104.21526666666666,45,Opening,1.4320000000000022,False,False,False,True
STR,Williams,25,0 days 00:01:40.520000,0 days 00:00:26.377000,0 days 00:00:30.795000,0 days 00:00:43.348000,Soft,24,1,,,,False,0 days 00:50:15.429000,100.52,26.377,30.795,43.348,3015.429,3033.83,19.8,22.9,1018.0,False,37.6,78,2.4,False,True,False,FORMULA 1 2018 HEINEKEN CHINESE GRAND PRIX,Shanghai,China,,,Permanent,,,0.26240549144448866,0.3063569438917629,0.4312375646637485,1,False,Chinese Grand Prix,chinese_grand_prix,2018,2018-04-15,104.3311111111111,45,Opening,2.019999999999996,False,False,False,True
HAR,Toro Rosso,25,0 days 00:01:40.059000,0 days 00:00:26.648000,0 days 00:00:29.980000,0 days 00:00:43.431000,ULTRASOFT,24,1,,,,False,0 days 00:50:18.843000,100.059,26.648,29.98,43.431,3018.843,3033.83,19.8,22.9,1018.0,False,37.6,78,2.4,False,True,False,FORMULA 1 2018 HEINEKEN CHINESE GRAND PRIX,Shanghai,China,,,Permanent,,,0.26632286950699086,0.2996232222988437,0.43405390819416545,1,False,Chinese Grand Prix,chinese_grand_prix,2018,2018-04-15,102.14634883720929,43,Opening,0.6829999999999927,False,False,False,True
GAS,Toro Rosso,25,0 days 00:01:38.915000,0 days 00:00:26.361000,0 days 00:00:29.677000,0 days 00:00:42.877000,Medium,24,1,,,,False,0 days 00:50:23.911000,98.915,26.361,29.677,42.877,3023.911,3033.83,19.8,22.9,1018.0,False,37.6,78,2.4,False,True,False,FORMULA 1 2018 HEINEKEN CHINESE GRAND PRIX,Shanghai,China,,,Permanent,,,0.26650154172774604,0.300025274225345,0.43347318404690893,1,False,Chinese Grand Prix,chinese_grand_prix,2018,2018-04-15,102.94286363636364,44,Opening,0.5480000000000018,False,False,False,True
LEC,Sauber,25,0 days 00:01:39.681000,0 days 00:00:26.557000,0 days 00:00:29.866000,0 days 00:00:43.258000,Soft,24,1,,,,False,0 days 00:50:26.948000,99.681,26.557,29.866,43.258,3026.948,3033.83,19.8,22.9,1018.0,False,37.6,78,2.4,False,True,False,FORMULA 1 2018 HEINEKEN CHINESE GRAND PRIX,Shanghai,China,,,Permanent,,,0.2664198794153349,0.2996157743200811,0.4339643462645841,1,False,Chinese Grand Prix,chinese_grand_prix,2018,2018-04-15,102.08430232558139,43,Opening,0.8729999999999905,False,False,False,True
RAI,Ferrari,26,0 days 00:01:39.335000,0 days 00:00:26.607000,0 days 00:00:29.720000,0 days 00:00:43.008000,Soft,28,1,,,,False,0 days 00:50:43.959000,99.335,26.607,29.72,43.008,3043.959,3033.83,19.8,22.9,1018.0,False,37.6,78,2.4,False,True,False,FORMULA 1 2018 HEINEKEN CHINESE GRAND PRIX,Shanghai,China,,,Permanent,,,0.2678512105501586,0.29918961091256857,0.4329591785372729,1,False,Chinese Grand Prix,chinese_grand_prix,2018,2018-04-15,102.48924444444444,45,Opening,2.8789999999999907,False,False,False,True
BOT,Mercedes,26,0 days 00:01:38.577000,0 days 00:00:26.061000,0 days 00:00:29.675000,0 days 00:00:42.841000,Soft,28,1,,,,False,0 days 00:50:44.472000,98.577,26.061,29.675,42.841,3044.472,3033.83,19.8,22.9,1018.0,False,37.6,78,2.4,False,True,False,FORMULA 1 2018 HEINEKEN CHINESE GRAND PRIX,Shanghai,China,,,Permanent,,,0.26437201375574426,0.30103370968887266,0.43459427655538313,1,False,Chinese Grand Prix,chinese_grand_prix,2018,2018-04-15,101.08895454545454,44,Opening,1.5900000000000034,False,False,False,True
VET,Ferrari,26,0 days 00:01:37.827000,0 days 00:00:26.111000,0 days 00:00:29.223000,0 days 00:00:42.493000,Soft,27,1,,,,False,0 days 00:50:45.071000,97.827,26.111,29.223,42.493,3045.071,3033.83,19.8,22.9,1018.0,False,37.6,78,2.4,False,True,False,FORMULA 1 2018 HEINEKEN CHINESE GRAND PRIX,Shanghai,China,,,Permanent,,,0.2669099532848805,0.2987212119353553,0.4343688347797643,1,False,Chinese Grand Prix,chinese_grand_prix,2018,2018-04-15,101.62033333333333,42,Opening,0.347999999999999,False,False,False,True
VER,Red Bull Racing,26,0 days 00:01:37.562000,0 days 00:00:26.090000,0 days 00:00:28.934000,0 days 00:00:42.538000,ULTRASOFT,28,1,,,,False,0 days 00:50:52.073000,97.562,26.09,28.934,42.538,3052.073,3033.83,19.8,22.9,1018.0,False,37.6,78,2.4,False,True,False,FORMULA 1 2018 HEINEKEN CHINESE GRAND PRIX,Shanghai,China,,,Permanent,,,0.267419692093233,0.29657038601094693,0.43600992189582005,1,False,Chinese Grand Prix,chinese_grand_prix,2018,2018-04-15,101.39367441860465,43,Opening,1.3559999999999945,False,False,False,True
HAM,Mercedes,26,0 days 00:01:37.450000,0 days 00:00:26.082000,0 days 00:00:29.136000,0 days 00:00:42.232000,Soft,28,1,,,,False,0 days 00:50:53.631000,97.45,26.082,29.136,42.232,3053.631,3033.83,19.8,22.9,1018.0,False,37.6,78,2.4,False,True,False,FORMULA 1 2018 HEINEKEN CHINESE GRAND PRIX,Shanghai,China,,,Permanent,,,0.2676449461262186,0.2989840944073884,0.433370959466393,1,False,Chinese Grand Prix,chinese_grand_prix,2018,2018-04-15,101.40695348837208,43,Opening,0.5720000000000027,False,False,False,True
RIC,Red Bull Racing,26,0 days 00:01:37.649000,0 days 00:00:26.191000,0 days 00:00:29.015000,0 days 00:00:42.443000,ULTRASOFT,28,1,,,,False,0 days 00:50:58.481000,97.649,26.191,29.015,42.443,3058.481,3033.83,19.8,22.9,1018.0,False,37.6,78,2.4,False,True,False,FORMULA 1 2018 HEINEKEN CHINESE GRAND PRIX,Shanghai,China,,,Permanent,,,0.26821575233745354,0.2971356593513502,0.4346485883111962,1,False,Chinese Grand Prix,chinese_grand_prix,2018,2018-04-15,101.17729545454546,44,Opening,1.8640000000000043,False,False,False,True
ALO,McLaren,26,0 days 00:01:39.722000,0 days 00:00:26.746000,0 days 00:00:29.767000,0 days 00:00:43.209000,Soft,25,1,,,,False,0 days 00:51:20.665000,99.722,26.746,29.767,43.209,3080.665,3093.519,19.5,23.0,1017.9,False,37.2,83,2.8,False,True,False,FORMULA 1 2018 HEINEKEN CHINESE GRAND PRIX,Shanghai,China,,,Permanent,,,0.2682056116002487,0.2984998295260825,0.43329455887366886,1,False,Chinese Grand Prix,chinese_grand_prix,2018,2018-04-15,103.92247826086957,46,Opening,2.4879999999999995,False,False,False,True
HUL,Renault,26,0 days 00:01:38.722000,0 days 00:00:26.399000,0 days 00:00:29.458000,0 days 00:00:42.865000,ULTRASOFT,28,1,,,,False,0 days 00:51:26.878000,98.722,26.399,29.458,42.865,3086.878,3093.519,19.5,23.0,1017.9,False,37.2,83,2.8,False,True,False,FORMULA 1 2018 HEINEKEN CHINESE GRAND PRIX,Shanghai,China,,,Permanent,,,0.26740746743380406,0.2983934685277851,0.43419906403841096,1,False,Chinese Grand Prix,chinese_grand_prix,2018,2018-04-15,102.89104545454546,44,Opening,1.840999999999994,False,False,False,True
SAI,Renault,26,0 days 00:01:39.200000,0 days 00:00:26.565000,0 days 00:00:29.650000,0 days 00:00:42.985000,ULTRASOFT,28,1,,,,False,0 days 00:51:33.043000,99.2,26.565,29.65,42.985,3093.043,3093.519,19.5,23.0,1017.9,False,37.2,83,2.8,False,True,False,FORMULA 1 2018 HEINEKEN CHINESE GRAND PRIX,Shanghai,China,,,Permanent,,,0.26779233870967745,0.29889112903225806,0.4333165322580645,1,False,Chinese Grand Prix,chinese_grand_prix,2018,2018-04-15,103.05313636363636,44,Opening,1.445999999999998,False,False,False,True
MAG,Haas F1 Team,26,0 days 00:01:38.282000,0 days 00:00:26.062000,0 days 00:00:29.455000,0 days 00:00:42.765000,Soft,29,1,,,,False,0 days 00:51:35.211000,98.282,26.062,29.455,42.765,3095.211,3093.519,19.5,23.0,1017.9,False,37.2,83,2.8,False,True,False,FORMULA 1 2018 HEINEKEN CHINESE GRAND PRIX,Shanghai,China,,,Permanent,,,0.26517571884984026,0.2996988258277202,0.4351254553224395,1,False,Chinese Grand Prix,chinese_grand_prix,2018,2018-04-15,104.04457777777779,45,Opening,0.12999999999999545,False,False,False,True
OCO,Force India,26,0 days 00:01:39.375000,0 days 00:00:26.621000,0 days 00:00:29.698000,0 days 00:00:43.056000,Soft,25,1,,,,False,0 days 00:51:39.957000,99.375,26.621,29.698,43.056,3099.957,3093.519,19.5,23.0,1017.9,False,37.2,83,2.8,False,True,False,FORMULA 1 2018 HEINEKEN CHINESE GRAND PRIX,Shanghai,China,,,Permanent,,,0.2678842767295597,0.29884779874213835,0.4332679245283019,1,False,Chinese Grand Prix,chinese_grand_prix,2018,2018-04-15,104.14320000000001,45,Opening,1.3900000000000006,False,False,False,True
GRO,Haas F1 Team,26,0 days 00:01:39.355000,0 days 00:00:26.547000,0 days 00:00:29.662000,0 days 00:00:43.146000,ULTRASOFT,28,1,,,,False,0 days 00:51:41.071000,99.355,26.547,29.662,43.146,3101.071,3093.519,19.5,23.0,1017.9,False,37.2,83,2.8,False,True,False,FORMULA 1 2018 HEINEKEN CHINESE GRAND PRIX,Shanghai,China,,,Permanent,,,0.2671933974133159,0.2985456192441246,0.4342609833425595,1,False,Chinese Grand Prix,chinese_grand_prix,2018,2018-04-15,104.38857777777777,45,Opening,1.9450000000000074,False,False,False,True
PER,Force India,26,0 days 00:01:39.600000,0 days 00:00:26.312000,0 days 00:00:30.283000,0 days 00:00:43.005000,ULTRASOFT,28,1,,,,False,0 days 00:51:42.240000,99.6,26.312,30.283,43.005,3102.24,3093.519,19.5,23.0,1017.9,False,37.2,83,2.8,False,True,False,FORMULA 1 2018 HEINEKEN CHINESE GRAND PRIX,Shanghai,China,,,Permanent,,,0.26417670682730926,0.30404618473895584,0.431777108433735,1,False,Chinese Grand Prix,chinese_grand_prix,2018,2018-04-15,104.14991111111111,45,Opening,1.9269999999999925,False,False,False,True
SIR,Williams,26,0 days 00:01:41.733000,0 days 00:00:27.556000,0 days 00:00:30.456000,0 days 00:00:43.721000,Soft,25,1,,,,False,0 days 00:51:44.117000,101.733,27.556,30.456,43.721,3104.117,3093.519,19.5,23.0,1017.9,False,37.2,83,2.8,False,True,False,FORMULA 1 2018 HEINEKEN CHINESE GRAND PRIX,Shanghai,China,,,Permanent,,,0.27086589405600936,0.2993718852289817,0.42976222071500886,1,False,Chinese Grand Prix,chinese_grand_prix,2018,2018-04-15,104.34546666666667,45,Opening,3.109000000000009,False,False,False,True
VAN,McLaren,26,0 days 00:01:39.695000,0 days 00:00:26.310000,0 days 00:00:30.298000,0 days 00:00:43.087000,Soft,25,1,,,,False,0 days 00:51:53.621000,99.695,26.31,30.298,43.087,3113.621,3093.519,19.5,23.0,1017.9,False,37.2,83,2.8,False,True,False,FORMULA 1 2018 HEINEKEN CHINESE GRAND PRIX,Shanghai,China,,,Permanent,,,0.26390490997542504,0.303906916094087,0.43218817393048803,1,False,Chinese Grand Prix,chinese_grand_prix,2018,2018-04-15,104.21526666666666,45,Opening,1.5579999999999927,False,False,False,True
ERI,Sauber,26,0 days 00:01:41.675000,0 days 00:00:26.946000,0 days 00:00:30.197000,0 days 00:00:44.532000,Soft,25,1,,,,False,0 days 00:51:54.550000,101.675,26.946,30.197,44.532,3114.55,3093.519,19.5,23.0,1017.9,False,37.2,83,2.8,False,True,False,FORMULA 1 2018 HEINEKEN CHINESE GRAND PRIX,Shanghai,China,,,Permanent,,,0.26502089992623556,0.29699532825178265,0.4379837718219818,1,False,Chinese Grand Prix,chinese_grand_prix,2018,2018-04-15,102.02637209302326,43,Opening,3.2890000000000015,False,False,False,True
STR,Williams,26,0 days 00:01:39.925000,0 days 00:00:26.556000,0 days 00:00:29.861000,0 days 00:00:43.508000,Soft,25,1,,,,False,0 days 00:51:55.354000,99.925,26.556,29.861,43.508,3115.354,3093.519,19.5,23.0,1017.9,False,37.2,83,2.8,False,True,False,FORMULA 1 2018 HEINEKEN CHINESE GRAND PRIX,Shanghai,China,,,Permanent,,,0.26575931948961723,0.29883412559419564,0.4354065549161872,1,False,Chinese Grand Prix,chinese_grand_prix,2018,2018-04-15,104.3311111111111,45,Opening,1.4249999999999972,False,False,False,True
HAR,Toro Rosso,26,0 days 00:01:40.120000,0 days 00:00:26.547000,0 days 00:00:30.106000,0 days 00:00:43.467000,ULTRASOFT,25,1,,,,False,0 days 00:51:58.963000,100.12,26.547,30.106,43.467,3118.963,3093.519,19.5,23.0,1017.9,False,37.2,83,2.8,False,True,False,FORMULA 1 2018 HEINEKEN CHINESE GRAND PRIX,Shanghai,China,,,Permanent,,,0.26515181781861763,0.30069916100679184,0.4341490211745905,1,False,Chinese Grand Prix,chinese_grand_prix,2018,2018-04-15,102.14634883720929,43,Opening,0.7439999999999998,False,False,False,True
GAS,Toro Rosso,26,0 days 00:01:38.957000,0 days 00:00:26.363000,0 days 00:00:29.591000,0 days 00:00:43.003000,Medium,25,1,,,,False,0 days 00:52:02.868000,98.957,26.363,29.591,43.003,3122.868,3093.519,19.5,23.0,1017.9,False,37.2,83,2.8,False,True,False,FORMULA 1 2018 HEINEKEN CHINESE GRAND PRIX,Shanghai,China,,,Permanent,,,0.2664086421374941,0.2990288711258426,0.4345624867366634,1,False,Chinese Grand Prix,chinese_grand_prix,2018,2018-04-15,102.94286363636364,44,Opening,0.5899999999999892,False,False,False,True
LEC,Sauber,26,0 days 00:01:39.751000,0 days 00:00:26.609000,0 days 00:00:29.856000,0 days 00:00:43.286000,Soft,25,1,,,,False,0 days 00:52:06.699000,99.751,26.609,29.856,43.286,3126.699,3153.47,19.4,23.5,1017.9,False,37.1,81,3.5,False,True,False,FORMULA 1 2018 HEINEKEN CHINESE GRAND PRIX,Shanghai,China,,,Permanent,,,0.26675421800282706,0.29930527012260527,0.43394051187456767,1,False,Chinese Grand Prix,chinese_grand_prix,2018,2018-04-15,102.08430232558139,43,Opening,0.9429999999999978,False,False,False,True
BOT,Mercedes,27,0 days 00:01:38.448000,0 days 00:00:26.395000,0 days 00:00:29.759000,0 days 00:00:42.294000,Soft,29,1,,,,False,0 days 00:52:22.920000,98.448,26.395,29.759,42.294,3142.92,3153.47,19.4,23.5,1017.9,False,37.1,81,3.5,False,True,False,FORMULA 1 2018 HEINEKEN CHINESE GRAND PRIX,Shanghai,China,,,Permanent,,,0.2681110840240533,0.3022814074435235,0.4296075085324232,1,False,Chinese Grand Prix,chinese_grand_prix,2018,2018-04-15,101.08895454545454,44,Opening,1.4609999999999985,False,False,False,True
VET,Ferrari,27,0 days 00:01:38.534000,0 days 00:00:26.182000,0 days 00:00:30.002000,0 days 00:00:42.350000,Soft,28,1,,,,False,0 days 00:52:23.605000,98.534,26.182,30.002,42.35,3143.605,3153.47,19.4,23.5,1017.9,False,37.1,81,3.5,False,True,False,FORMULA 1 2018 HEINEKEN CHINESE GRAND PRIX,Shanghai,China,,,Permanent,,,0.2657153875819514,0.30448373150384633,0.4298008809142022,1,False,Chinese Grand Prix,chinese_grand_prix,2018,2018-04-15,101.62033333333333,42,Opening,1.0550000000000068,False,False,False,True
VER,Red Bull Racing,27,0 days 00:01:37.542000,0 days 00:00:26.059000,0 days 00:00:29.125000,0 days 00:00:42.358000,ULTRASOFT,29,1,,,,False,0 days 00:52:29.615000,97.542,26.059,29.125,42.358,3149.615,3153.47,19.4,23.5,1017.9,False,37.1,81,3.5,False,True,False,FORMULA 1 2018 HEINEKEN CHINESE GRAND PRIX,Shanghai,China,,,Permanent,,,0.2671567119804802,0.29858932562383383,0.4342539623956859,1,False,Chinese Grand Prix,chinese_grand_prix,2018,2018-04-15,101.39367441860465,43,Opening,1.3359999999999985,False,False,False,True
RAI,Ferrari,27,0 days 00:01:46.198000,0 days 00:00:27.005000,0 days 00:00:31.549000,0 days 00:00:47.644000,Soft,29,1,0 days 00:52:28.609000,,,False,0 days 00:52:30.157000,106.198,27.005,31.549,47.644,3150.157,3153.47,19.4,23.5,1017.9,False,37.1,81,3.5,False,True,False,FORMULA 1 2018 HEINEKEN CHINESE GRAND PRIX,Shanghai,China,,,Permanent,27.0,,0.2542891579879094,0.29707715776191645,0.4486336842501742,1,False,Chinese Grand Prix,chinese_grand_prix,2018,2018-04-15,102.48924444444444,45,Opening,9.74199999999999,False,False,False,True
HAM,Mercedes,27,0 days 00:01:37.888000,0 days 00:00:26.001000,0 days 00:00:29.556000,0 days 00:00:42.331000,Soft,29,1,,,,False,0 days 00:52:31.519000,97.888,26.001,29.556,42.331,3151.519,3153.47,19.4,23.5,1017.9,False,37.1,81,3.5,False,True,False,FORMULA 1 2018 HEINEKEN CHINESE GRAND PRIX,Shanghai,China,,,Permanent,,,0.26561989212160836,0.3019369074861066,0.43244320039228507,1,False,Chinese Grand Prix,chinese_grand_prix,2018,2018-04-15,101.40695348837208,43,Opening,1.0100000000000051,False,False,False,True
RIC,Red Bull Racing,27,0 days 00:01:37.689000,0 days 00:00:26.172000,0 days 00:00:29.223000,0 days 00:00:42.294000,ULTRASOFT,29,1,,,,False,0 days 00:52:36.170000,97.689,26.172,29.223,42.294,3156.17,3153.47,19.4,23.5,1017.9,False,37.1,81,3.5,False,True,False,FORMULA 1 2018 HEINEKEN CHINESE GRAND PRIX,Shanghai,China,,,Permanent,,,0.26791143322175476,0.29914319933667044,0.4329453674415748,1,False,Chinese Grand Prix,chinese_grand_prix,2018,2018-04-15,101.17729545454546,44,Opening,1.9039999999999964,False,False,False,True
ALO,McLaren,27,0 days 00:01:39.939000,0 days 00:00:26.734000,0 days 00:00:29.989000,0 days 00:00:43.216000,Soft,26,1,,,,False,0 days 00:53:00.604000,99.939,26.734,29.989,43.216,3180.604,3153.47,19.4,23.5,1017.9,False,37.1,81,3.5,False,True,False,FORMULA 1 2018 HEINEKEN CHINESE GRAND PRIX,Shanghai,China,,,Permanent,,,0.2675031769379322,0.3000730445571799,0.432423778504888,1,False,Chinese Grand Prix,chinese_grand_prix,2018,2018-04-15,103.92247826086957,46,Opening,2.7049999999999983,False,False,False,True
HUL,Renault,27,0 days 00:01:39.094000,0 days 00:00:26.511000,0 days 00:00:29.670000,0 days 00:00:42.913000,ULTRASOFT,29,1,,,,False,0 days 00:53:05.972000,99.094,26.511,29.67,42.913,3185.972,3213.585,19.6,23.3,1018.0,False,37.1,76,3.1,False,True,False,FORMULA 1 2018 HEINEKEN CHINESE GRAND PRIX,Shanghai,China,,,Permanent,,,0.2675338567420833,0.2994126788705674,0.4330534643873494,1,False,Chinese Grand Prix,chinese_grand_prix,2018,2018-04-15,102.89104545454546,44,Opening,2.212999999999994,False,False,False,True
SAI,Renault,27,0 days 00:01:39.606000,0 days 00:00:26.614000,0 days 00:00:29.954000,0 days 00:00:43.038000,ULTRASOFT,29,1,,,,False,0 days 00:53:12.649000,99.606,26.614,29.954,43.038,3192.649,3213.585,19.6,23.3,1018.0,False,37.1,76,3.1,False,True,False,FORMULA 1 2018 HEINEKEN CHINESE GRAND PRIX,Shanghai,China,,,Permanent,,,0.26719273939320926,0.3007248559323736,0.4320824046744172,1,False,Chinese Grand Prix,chinese_grand_prix,2018,2018-04-15,103.05313636363636,44,Opening,1.8519999999999897,False,False,False,True
MAG,Haas F1 Team,27,0 days 00:01:38.639000,0 days 00:00:26.109000,0 days 00:00:29.730000,0 days 00:00:42.800000,Soft,30,1,,,,False,0 days 00:53:13.850000,98.639,26.109,29.73,42.8,3193.85,3213.585,19.6,23.3,1018.0,False,37.1,76,3.1,False,True,False,FORMULA 1 2018 HEINEKEN CHINESE GRAND PRIX,Shanghai,China,,,Permanent,,,0.2646924644410426,0.30140208234065635,0.43390545321830104,1,False,Chinese Grand Prix,chinese_grand_prix,2018,2018-04-15,104.04457777777779,45,Opening,0.48699999999999477,False,False,False,True
OCO,Force India,27,0 days 00:01:39.334000,0 days 00:00:26.517000,0 days 00:00:29.842000,0 days 00:00:42.975000,Soft,26,1,,,,False,0 days 00:53:19.291000,99.334,26.517,29.842,42.975,3199.291,3213.585,19.6,23.3,1018.0,False,37.1,76,3.1,False,True,False,FORMULA 1 2018 HEINEKEN CHINESE GRAND PRIX,Shanghai,China,,,Permanent,,,0.2669478728330682,0.30042080254494935,0.4326313246219824,1,False,Chinese Grand Prix,chinese_grand_prix,2018,2018-04-15,104.14320000000001,45,Opening,1.3490000000000038,False,False,False,True
GRO,Haas F1 Team,27,0 days 00:01:39.413000,0 days 00:00:26.491000,0 days 00:00:29.978000,0 days 00:00:42.944000,ULTRASOFT,29,1,,,,False,0 days 00:53:20.484000,99.413,26.491,29.978,42.944,3200.484,3213.585,19.6,23.3,1018.0,False,37.1,76,3.1,False,True,False,FORMULA 1 2018 HEINEKEN CHINESE GRAND PRIX,Shanghai,China,,,Permanent,,,0.2664742035749852,0.30155009908160907,0.43197569734340585,1,False,Chinese Grand Prix,chinese_grand_prix,2018,2018-04-15,104.38857777777777,45,Opening,2.003,False,False,False,True
PER,Force India,27,0 days 00:01:39.497000,0 days 00:00:26.643000,0 days 00:00:30.045000,0 days 00:00:42.809000,ULTRASOFT,29,1,,,,False,0 days 00:53:21.737000,99.497,26.643,30.045,42.809,3201.737,3213.585,19.6,23.3,1018.0,False,37.1,76,3.1,False,True,False,FORMULA 1 2018 HEINEKEN CHINESE GRAND PRIX,Shanghai,China,,,Permanent,,,0.267776917897022,0.30196890358503276,0.43025417851794523,1,False,Chinese Grand Prix,chinese_grand_prix,2018,2018-04-15,104.14991111111111,45,Opening,1.823999999999998,False,False,False,True
SIR,Williams,27,0 days 00:01:40.930000,0 days 00:00:27.032000,0 days 00:00:30.271000,0 days 00:00:43.627000,Soft,26,1,,,,False,0 days 00:53:25.047000,100.93,27.032,30.271,43.627,3205.047,3213.585,19.6,23.3,1018.0,False,37.1,76,3.1,False,True,False,FORMULA 1 2018 HEINEKEN CHINESE GRAND PRIX,Shanghai,China,,,Permanent,,,0.2678291885465174,0.29992073714455564,0.432250074308927,1,False,Chinese Grand Prix,chinese_grand_prix,2018,2018-04-15,104.34546666666667,45,Opening,2.3060000000000116,False,False,False,True
VAN,McLaren,27,0 days 00:01:39.641000,0 days 00:00:26.583000,0 days 00:00:29.896000,0 days 00:00:43.162000,Soft,26,1,,,,False,0 days 00:53:33.262000,99.641,26.583,29.896,43.162,3213.262,3213.585,19.6,23.3,1018.0,False,37.1,76,3.1,False,True,False,FORMULA 1 2018 HEINEKEN CHINESE GRAND PRIX,Shanghai,China,,,Permanent,,,0.2667877680874339,0.3000371333085778,0.4331750986039883,1,False,Chinese Grand Prix,chinese_grand_prix,2018,2018-04-15,104.21526666666666,45,Opening,1.5040000000000049,False,False,False,True
STR,Williams,27,0 days 00:01:40.282000,0 days 00:00:26.807000,0 days 00:00:30.539000,0 days 00:00:42.936000,Soft,26,1,,,,False,0 days 00:53:35.636000,100.282,26.807,30.539,42.936,3215.636,3213.585,19.6,23.3,1018.0,False,37.1,76,3.1,False,True,False,FORMULA 1 2018 HEINEKEN CHINESE GRAND PRIX,Shanghai,China,,,Permanent,,,0.26731616840509764,0.3045312219540895,0.4281526096408129,1,False,Chinese Grand Prix,chinese_grand_prix,2018,2018-04-15,104.3311111111111,45,Opening,1.7819999999999965,False,False,False,True
ERI,Sauber,27,0 days 00:01:41.978000,0 days 00:00:27.049000,0 days 00:00:30.711000,0 days 00:00:44.218000,Soft,26,1,,,,False,0 days 00:53:36.528000,101.978,27.049,30.711,44.218,3216.528,3213.585,19.6,23.3,1018.0,False,37.1,76,3.1,False,True,False,FORMULA 1 2018 HEINEKEN CHINESE GRAND PRIX,Shanghai,China,,,Permanent,,,0.2652434838886819,0.3011531899037047,0.43360332620761344,1,False,Chinese Grand Prix,chinese_grand_prix,2018,2018-04-15,102.02637209302326,43,Opening,3.5919999999999987,False,False,False,True
HAR,Toro Rosso,27,0 days 00:01:40.036000,0 days 00:00:26.512000,0 days 00:00:30.204000,0 days 00:00:43.320000,ULTRASOFT,26,1,,,,False,0 days 00:53:38.999000,100.036,26.512,30.204,43.32,3218.999,3213.585,19.6,23.3,1018.0,False,37.1,76,3.1,False,True,False,FORMULA 1 2018 HEINEKEN CHINESE GRAND PRIX,Shanghai,China,,,Permanent,,,0.265024591147187,0.3019313047302971,0.43304410412251587,1,False,Chinese Grand Prix,chinese_grand_prix,2018,2018-04-15,102.14634883720929,43,Opening,0.6599999999999966,False,False,False,True
GAS,Toro Rosso,27,0 days 00:01:39.014000,0 days 00:00:26.380000,0 days 00:00:29.666000,0 days 00:00:42.968000,Medium,26,1,,,,False,0 days 00:53:41.882000,99.014,26.38,29.666,42.968,3221.882,3213.585,19.6,23.3,1018.0,False,37.1,76,3.1,False,True,False,FORMULA 1 2018 HEINEKEN CHINESE GRAND PRIX,Shanghai,China,,,Permanent,,,0.26642696992344517,0.2996141959722868,0.4339588341042681,1,False,Chinese Grand Prix,chinese_grand_prix,2018,2018-04-15,102.94286363636364,44,Opening,0.6469999999999914,False,False,False,True
LEC,Sauber,27,0 days 00:01:39.813000,0 days 00:00:26.463000,0 days 00:00:29.902000,0 days 00:00:43.448000,Soft,26,1,,,,False,0 days 00:53:46.512000,99.813,26.463,29.902,43.448,3226.512,3213.585,19.6,23.3,1018.0,False,37.1,76,3.1,False,True,False,FORMULA 1 2018 HEINEKEN CHINESE GRAND PRIX,Shanghai,China,,,Permanent,,,0.26512578521835833,0.29958021500205384,0.4352939997795878,1,False,Chinese Grand Prix,chinese_grand_prix,2018,2018-04-15,102.08430232558139,43,Opening,1.0049999999999955,False,False,False,True
BOT,Mercedes,28,0 days 00:01:37.763000,0 days 00:00:26.140000,0 days 00:00:29.312000,0 days 00:00:42.311000,Soft,30,1,,,,False,0 days 00:54:00.683000,97.763,26.14,29.312,42.311,3240.683,3213.585,19.6,23.3,1018.0,False,37.1,76,3.1,False,True,False,FORMULA 1 2018 HEINEKEN CHINESE GRAND PRIX,Shanghai,China,,,Permanent,,,0.26738132013133803,0.29982713296441393,0.432791546904248,1,False,Chinese Grand Prix,chinese_grand_prix,2018,2018-04-15,101.08895454545454,44,Opening,0.7760000000000105,False,False,False,True
VET,Ferrari,28,0 days 00:01:38.019000,0 days 00:00:25.975000,0 days 00:00:29.699000,0 days 00:00:42.345000,Soft,29,1,,,,False,0 days 00:54:01.624000,98.019,25.975,29.699,42.345,3241.624,3213.585,19.6,23.3,1018.0,False,37.1,76,3.1,False,True,False,FORMULA 1 2018 HEINEKEN CHINESE GRAND PRIX,Shanghai,China,,,Permanent,,,0.2649996429263714,0.30299227700751896,0.4320080800661096,1,False,Chinese Grand Prix,chinese_grand_prix,2018,2018-04-15,101.62033333333333,42,Opening,0.5400000000000063,False,False,False,True
VER,Red Bull Racing,28,0 days 00:01:37.639000,0 days 00:00:25.989000,0 days 00:00:29.293000,0 days 00:00:42.357000,ULTRASOFT,30,1,,,,False,0 days 00:54:07.254000,97.639,25.989,29.293,42.357,3247.254,3273.495,19.6,23.2,1018.0,False,36.0,91,2.7,False,True,False,FORMULA 1 2018 HEINEKEN CHINESE GRAND PRIX,Shanghai,China,,,Permanent,,,0.26617437704196073,0.30001331435184714,0.4338123086061922,1,False,Chinese Grand Prix,chinese_grand_prix,2018,2018-04-15,101.39367441860465,43,Opening,1.4329999999999927,False,False,False,True
HAM,Mercedes,28,0 days 00:01:37.838000,0 days 00:00:26.006000,0 days 00:00:29.536000,0 days 00:00:42.296000,Soft,30,1,,,,False,0 days 00:54:09.357000,97.838,26.006,29.536,42.296,3249.357,3273.495,19.6,23.2,1018.0,False,36.0,91,2.7,False,True,False,FORMULA 1 2018 HEINEKEN CHINESE GRAND PRIX,Shanghai,China,,,Permanent,,,0.26580674175678165,0.30188679245283023,0.43230646579038823,1,False,Chinese Grand Prix,chinese_grand_prix,2018,2018-04-15,101.40695348837208,43,Opening,0.9599999999999937,False,False,False,True
RIC,Red Bull Racing,28,0 days 00:01:37.540000,0 days 00:00:26.065000,0 days 00:00:29.181000,0 days 00:00:42.294000,ULTRASOFT,30,1,,,,False,0 days 00:54:13.710000,97.54,26.065,29.181,42.294,3253.71,3273.495,19.6,23.2,1018.0,False,36.0,91,2.7,False,True,False,FORMULA 1 2018 HEINEKEN CHINESE GRAND PRIX,Shanghai,China,,,Permanent,,,0.26722370309616567,0.29916957145786344,0.43360672544597084,1,False,Chinese Grand Prix,chinese_grand_prix,2018,2018-04-15,101.17729545454546,44,Opening,1.7550000000000097,False,False,False,True
RAI,Ferrari,28,0 days 00:01:56.265000,0 days 00:00:44.989000,0 days 00:00:29.001000,0 days 00:00:42.275000,Soft,30,1,,0 days 00:52:51.333000,,False,0 days 00:54:26.422000,116.265,44.989,29.001,42.275,3266.422,3273.495,19.6,23.2,1018.0,False,36.0,91,2.7,False,True,False,FORMULA 1 2018 HEINEKEN CHINESE GRAND PRIX,Shanghai,China,,,Permanent,,,0.38695222121876743,0.2494387820926332,0.3636089966885993,2,False,Chinese Grand Prix,chinese_grand_prix,2018,2018-04-15,102.48924444444444,45,Opening,19.808999999999997,False,False,False,True
ALO,McLaren,28,0 days 00:01:40.259000,0 days 00:00:26.857000,0 days 00:00:30.150000,0 days 00:00:43.252000,Soft,27,1,,,,False,0 days 00:54:40.863000,100.259,26.857,30.15,43.252,3280.863,3273.495,19.6,23.2,1018.0,False,36.0,91,2.7,False,True,False,FORMULA 1 2018 HEINEKEN CHINESE GRAND PRIX,Shanghai,China,,,Permanent,,,0.2678762006403415,0.30072113226742736,0.43140266709223113,1,False,Chinese Grand Prix,chinese_grand_prix,2018,2018-04-15,103.92247826086957,46,Opening,3.0250000000000057,False,False,False,True
HUL,Renault,28,0 days 00:01:39.424000,0 days 00:00:26.435000,0 days 00:00:30.033000,0 days 00:00:42.956000,ULTRASOFT,30,1,,,,False,0 days 00:54:45.396000,99.424,26.435,30.033,42.956,3285.396,3273.495,19.6,23.2,1018.0,False,36.0,91,2.7,False,True,False,FORMULA 1 2018 HEINEKEN CHINESE GRAND PRIX,Shanghai,China,,,Permanent,,,0.26588147730930156,0.30206992275506916,0.4320485999356292,1,False,Chinese Grand Prix,chinese_grand_prix,2018,2018-04-15,102.89104545454546,44,Opening,2.5430000000000064,False,False,False,True
SAI,Renault,28,0 days 00:01:39.734000,0 days 00:00:26.713000,0 days 00:00:29.925000,0 days 00:00:43.096000,ULTRASOFT,30,1,,,,False,0 days 00:54:52.383000,99.734,26.713,29.925,43.096,3292.383,3273.495,19.6,23.2,1018.0,False,36.0,91,2.7,False,True,False,FORMULA 1 2018 HEINEKEN CHINESE GRAND PRIX,Shanghai,China,,,Permanent,,,0.2678424609461167,0.30004812802053465,0.4321094110333487,1,False,Chinese Grand Prix,chinese_grand_prix,2018,2018-04-15,103.05313636363636,44,Opening,1.9799999999999898,False,False,False,True
MAG,Haas F1 Team,28,0 days 00:01:39.334000,0 days 00:00:26.215000,0 days 00:00:29.984000,0 days 00:00:43.135000,Soft,31,1,,,,False,0 days 00:54:53.184000,99.334,26.215,29.984,43.135,3293.184,3273.495,19.6,23.2,1018.0,False,36.0,91,2.7,False,True,False,FORMULA 1 2018 HEINEKEN CHINESE GRAND PRIX,Shanghai,China,,,Permanent,,,0.26390762478104174,0.3018503231521936,0.43424205206676464,1,False,Chinese Grand Prix,chinese_grand_prix,2018,2018-04-15,104.04457777777779,45,Opening,1.1820000000000022,False,False,False,True
OCO,Force India,28,0 days 00:01:39.524000,0 days 00:00:26.560000,0 days 00:00:29.860000,0 days 00:00:43.104000,Soft,27,1,,,,False,0 days 00:54:58.815000,99.524,26.56,29.86,43.104,3298.815,3273.495,19.6,23.2,1018.0,False,36.0,91,2.7,False,True,False,FORMULA 1 2018 HEINEKEN CHINESE GRAND PRIX,Shanghai,China,,,Permanent,,,0.2668703026405691,0.30002813391744704,0.4331015634419838,1,False,Chinese Grand Prix,chinese_grand_prix,2018,2018-04-15,104.14320000000001,45,Opening,1.5390000000000015,False,False,False,True
GRO,Haas F1 Team,28,0 days 00:01:39.327000,0 days 00:00:26.500000,0 days 00:00:29.794000,0 days 00:00:43.033000,ULTRASOFT,30,1,,,,False,0 days 00:54:59.811000,99.327,26.5,29.794,43.033,3299.811,3273.495,19.6,23.2,1018.0,False,36.0,91,2.7,False,True,False,FORMULA 1 2018 HEINEKEN CHINESE GRAND PRIX,Shanghai,China,,,Permanent,,,0.26679553394343936,0.29995872220040876,0.43324574385615194,1,False,Chinese Grand Prix,chinese_grand_prix,2018,2018-04-15,104.38857777777777,45,Opening,1.9170000000000016,False,False,False,True
PER,Force India,28,0 days 00:01:40.038000,0 days 00:00:26.886000,0 days 00:00:30.145000,0 days 00:00:43.007000,ULTRASOFT,30,1,,,,False,0 days 00:55:01.775000,100.038,26.886,30.145,43.007,3301.775,3273.495,19.6,23.2,1018.0,False,36.0,91,2.7,False,True,False,FORMULA 1 2018 HEINEKEN CHINESE GRAND PRIX,Shanghai,China,,,Permanent,,,0.2687578720086367,0.30133549251284514,0.42990663547851815,1,False,Chinese Grand Prix,chinese_grand_prix,2018,2018-04-15,104.14991111111111,45,Opening,2.364999999999995,False,False,False,True
SIR,Williams,28,0 days 00:01:45.487000,0 days 00:00:26.838000,0 days 00:00:30.340000,0 days 00:00:48.309000,Soft,27,1,0 days 00:55:08.823000,,,False,0 days 00:55:10.534000,105.487,26.838,30.34,48.309,3310.534,3333.508,19.7,23.5,1018.0,False,35.3,70,1.8,False,True,False,FORMULA 1 2018 HEINEKEN CHINESE GRAND PRIX,Shanghai,China,,,Permanent,28.0,,0.2544199759212036,0.2876183795159593,0.4579616445628371,1,False,Chinese Grand Prix,chinese_grand_prix,2018,2018-04-15,104.34546666666667,45,Opening,6.8629999999999995,False,False,False,True
VAN,McLaren,28,0 days 00:01:39.484000,0 days 00:00:26.560000,0 days 00:00:29.704000,0 days 00:00:43.220000,Soft,27,1,,,,False,0 days 00:55:12.746000,99.484,26.56,29.704,43.22,3312.746,3333.508,19.7,23.5,1018.0,False,35.3,70,1.8,False,True,False,FORMULA 1 2018 HEINEKEN CHINESE GRAND PRIX,Shanghai,China,,,Permanent,,,0.2669776044389047,0.2985806762896546,0.43444171927144065,1,False,Chinese Grand Prix,chinese_grand_prix,2018,2018-04-15,104.21526666666666,45,Opening,1.3469999999999942,False,False,False,True
STR,Williams,28,0 days 00:01:39.406000,0 days 00:00:26.570000,0 days 00:00:29.680000,0 days 00:00:43.156000,Soft,27,1,,,,False,0 days 00:55:15.042000,99.406,26.57,29.68,43.156,3315.042,3333.508,19.7,23.5,1018.0,False,35.3,70,1.8,False,True,False,FORMULA 1 2018 HEINEKEN CHINESE GRAND PRIX,Shanghai,China,,,Permanent,,,0.2672876888718991,0.2985735267488884,0.4341387843792125,1,False,Chinese Grand Prix,chinese_grand_prix,2018,2018-04-15,104.3311111111111,45,Opening,0.9060000000000059,False,False,False,True
ERI,Sauber,28,0 days 00:01:41.575000,0 days 00:00:26.963000,0 days 00:00:30.509000,0 days 00:00:44.103000,Soft,27,1,,,,False,0 days 00:55:18.103000,101.575,26.963,30.509,44.103,3318.103,3333.508,19.7,23.5,1018.0,False,35.3,70,1.8,False,True,False,FORMULA 1 2018 HEINEKEN CHINESE GRAND PRIX,Shanghai,China,,,Permanent,,,0.26544917548609404,0.3003593403888752,0.4341914841250308,1,False,Chinese Grand Prix,chinese_grand_prix,2018,2018-04-15,102.02637209302326,43,Opening,3.189000000000007,False,False,False,True
HAR,Toro Rosso,28,0 days 00:01:40.712000,0 days 00:00:26.815000,0 days 00:00:30.281000,0 days 00:00:43.616000,ULTRASOFT,27,1,,,,False,0 days 00:55:19.711000,100.712,26.815,30.281,43.616,3319.711,3333.508,19.7,23.5,1018.0,False,35.3,70,1.8,False,True,False,FORMULA 1 2018 HEINEKEN CHINESE GRAND PRIX,Shanghai,China,,,Permanent,,,0.26625426960044485,0.30066923504646914,0.433076495353086,1,False,Chinese Grand Prix,chinese_grand_prix,2018,2018-04-15,102.14634883720929,43,Opening,1.3359999999999985,False,False,False,True
GAS,Toro Rosso,28,0 days 00:01:39.460000,0 days 00:00:26.404000,0 days 00:00:29.702000,0 days 00:00:43.354000,Medium,27,1,,,,False,0 days 00:55:21.342000,99.46,26.404,29.702,43.354,3321.342,3333.508,19.7,23.5,1018.0,False,35.3,70,1.8,False,True,False,FORMULA 1 2018 HEINEKEN CHINESE GRAND PRIX,Shanghai,China,,,Permanent,,,0.26547355720892823,0.2986326161270863,0.4358938266639855,1,False,Chinese Grand Prix,chinese_grand_prix,2018,2018-04-15,102.94286363636364,44,Opening,1.0929999999999893,False,False,False,True
LEC,Sauber,28,0 days 00:01:48.884000,0 days 00:00:34.546000,0 days 00:00:30.660000,0 days 00:00:43.678000,Soft,27,1,,,,False,0 days 00:55:35.396000,108.884,34.546,30.66,43.678,3335.396,3333.508,19.7,23.5,1018.0,False,35.3,70,1.8,False,True,False,FORMULA 1 2018 HEINEKEN CHINESE GRAND PRIX,Shanghai,China,,,Permanent,,,0.31727342860291685,0.2815840711215606,0.40114250027552256,2,False,Chinese Grand Prix,chinese_grand_prix,2018,2018-04-15,102.08430232558139,43,Opening,10.075999999999993,False,False,False,True
BOT,Mercedes,29,0 days 00:01:37.654000,0 days 00:00:26.128000,0 days 00:00:29.202000,0 days 00:00:42.324000,Soft,31,1,,,,False,0 days 00:55:38.337000,97.654,26.128,29.202,42.324,3338.337,3333.508,19.7,23.5,1018.0,False,35.3,70,1.8,False,True,False,FORMULA 1 2018 HEINEKEN CHINESE GRAND PRIX,Shanghai,China,,,Permanent,,,0.26755688451061915,0.2990353697749196,0.4334077457144613,1,False,Chinese Grand Prix,chinese_grand_prix,2018,2018-04-15,101.08895454545454,44,Opening,0.6670000000000016,False,False,False,True
VET,Ferrari,29,0 days 00:01:37.822000,0 days 00:00:25.978000,0 days 00:00:29.480000,0 days 00:00:42.364000,Soft,30,1,,,,False,0 days 00:55:39.446000,97.822,25.978,29.48,42.364,3339.446,3333.508,19.7,23.5,1018.0,False,35.3,70,1.8,False,True,False,FORMULA 1 2018 HEINEKEN CHINESE GRAND PRIX,Shanghai,China,,,Permanent,,,0.2655639835619799,0.3013637014168592,0.43307231502116084,1,False,Chinese Grand Prix,chinese_grand_prix,2018,2018-04-15,101.62033333333333,42,Opening,0.3430000000000035,False,False,False,True
VER,Red Bull Racing,29,0 days 00:01:37.724000,0 days 00:00:26.130000,0 days 00:00:29.085000,0 days 00:00:42.509000,ULTRASOFT,31,1,,,,False,0 days 00:55:44.978000,97.724,26.13,29.085,42.509,3344.978,3333.508,19.7,23.5,1018.0,False,35.3,70,1.8,False,True,False,FORMULA 1 2018 HEINEKEN CHINESE GRAND PRIX,Shanghai,China,,,Permanent,,,0.26738569849781013,0.2976239204289632,0.43499038107322663,1,False,Chinese Grand Prix,chinese_grand_prix,2018,2018-04-15,101.39367441860465,43,Opening,1.5180000000000007,False,False,False,True
HAM,Mercedes,29,0 days 00:01:37.767000,0 days 00:00:26.128000,0 days 00:00:29.185000,0 days 00:00:42.454000,Soft,31,1,,,,False,0 days 00:55:47.124000,97.767,26.128,29.185,42.454,3347.124,3333.508,19.7,23.5,1018.0,False,35.3,70,1.8,False,True,False,FORMULA 1 2018 HEINEKEN CHINESE GRAND PRIX,Shanghai,China,,,Permanent,,,0.26724763979665944,0.29851585913447276,0.43423650106886785,1,False,Chinese Grand Prix,chinese_grand_prix,2018,2018-04-15,101.40695348837208,43,Opening,0.8889999999999958,False,False,False,True
RIC,Red Bull Racing,29,0 days 00:01:37.934000,0 days 00:00:26.294000,0 days 00:00:29.114000,0 days 00:00:42.526000,ULTRASOFT,31,1,,,,False,0 days 00:55:51.644000,97.934,26.294,29.114,42.526,3351.644,3333.508,19.7,23.5,1018.0,False,35.3,70,1.8,False,True,False,FORMULA 1 2018 HEINEKEN CHINESE GRAND PRIX,Shanghai,China,,,Permanent,,,0.2684869401842057,0.29728184287377213,0.4342312169420222,1,False,Chinese Grand Prix,chinese_grand_prix,2018,2018-04-15,101.17729545454546,44,Opening,2.149000000000001,False,False,False,True
RAI,Ferrari,29,0 days 00:01:36.910000,0 days 00:00:25.654000,0 days 00:00:28.891000,0 days 00:00:42.365000,Soft,31,1,,,,False,0 days 00:56:03.332000,96.91,25.654,28.891,42.365,3363.332,3333.508,19.7,23.5,1018.0,False,35.3,70,1.8,False,True,False,FORMULA 1 2018 HEINEKEN CHINESE GRAND PRIX,Shanghai,China,,,Permanent,,,0.2647198431534413,0.2981219688370653,0.43715818800949335,1,False,Chinese Grand Prix,chinese_grand_prix,2018,2018-04-15,102.48924444444444,45,Opening,0.4539999999999935,False,False,False,True
HUL,Renault,29,0 days 00:01:39.549000,0 days 00:00:26.559000,0 days 00:00:29.838000,0 days 00:00:43.152000,ULTRASOFT,31,1,,,,False,0 days 00:56:24.945000,99.549,26.559,29.838,43.152,3384.945,3393.52,19.9,23.1,1018.0,False,35.2,38,2.0,False,True,False,FORMULA 1 2018 HEINEKEN CHINESE GRAND PRIX,Shanghai,China,,,Permanent,,,0.2667932375011301,0.2997317903745894,0.4334749721242805,1,False,Chinese Grand Prix,chinese_grand_prix,2018,2018-04-15,102.89104545454546,44,Opening,2.6680000000000064,False,False,False,True
ALO,McLaren,29,0 days 00:01:45.351000,0 days 00:00:26.931000,0 days 00:00:30.155000,0 days 00:00:48.265000,Soft,28,1,0 days 00:56:24.955000,,,False,0 days 00:56:26.214000,105.351,26.931,30.155,48.265,3386.214,3393.52,19.9,23.1,1018.0,False,35.2,38,2.0,False,True,False,FORMULA 1 2018 HEINEKEN CHINESE GRAND PRIX,Shanghai,China,,,Permanent,29.0,,0.2556311757838084,0.28623363802906476,0.45813518618712684,1,False,Chinese Grand Prix,chinese_grand_prix,2018,2018-04-15,103.92247826086957,46,Opening,8.117000000000004,False,False,False,True
SAI,Renault,29,0 days 00:01:39.690000,0 days 00:00:26.703000,0 days 00:00:29.820000,0 days 00:00:43.167000,ULTRASOFT,31,1,,,,False,0 days 00:56:32.073000,99.69,26.703,29.82,43.167,3392.073,3393.52,19.9,23.1,1018.0,False,35.2,38,2.0,False,True,False,FORMULA 1 2018 HEINEKEN CHINESE GRAND PRIX,Shanghai,China,,,Permanent,,,0.2678603671381282,0.29912729461330123,0.4330123382485706,1,False,Chinese Grand Prix,chinese_grand_prix,2018,2018-04-15,103.05313636363636,44,Opening,1.9359999999999928,False,False,False,True
MAG,Haas F1 Team,29,0 days 00:01:39.809000,0 days 00:00:26.340000,0 days 00:00:30.169000,0 days 00:00:43.300000,Soft,32,1,,,,False,0 days 00:56:32.993000,99.809,26.34,30.169,43.3,3392.993,3393.52,19.9,23.1,1018.0,False,35.2,38,2.0,False,True,False,FORMULA 1 2018 HEINEKEN CHINESE GRAND PRIX,Shanghai,China,,,Permanent,,,0.2639040567483894,0.3022673306014488,0.4338286126501618,1,False,Chinese Grand Prix,chinese_grand_prix,2018,2018-04-15,104.04457777777779,45,Opening,1.6569999999999965,False,False,False,True
OCO,Force India,29,0 days 00:01:39.594000,0 days 00:00:26.494000,0 days 00:00:29.864000,0 days 00:00:43.236000,Soft,28,1,,,,False,0 days 00:56:38.409000,99.594,26.494,29.864,43.236,3398.409,3393.52,19.9,23.1,1018.0,False,35.2,38,2.0,False,True,False,FORMULA 1 2018 HEINEKEN CHINESE GRAND PRIX,Shanghai,China,,,Permanent,,,0.26602004136795393,0.29985742112978697,0.43412253750225915,1,False,Chinese Grand Prix,chinese_grand_prix,2018,2018-04-15,104.14320000000001,45,Opening,1.6089999999999947,False,False,False,True
GRO,Haas F1 Team,29,0 days 00:01:39.978000,0 days 00:00:26.490000,0 days 00:00:30.188000,0 days 00:00:43.300000,ULTRASOFT,31,1,,,,False,0 days 00:56:39.789000,99.978,26.49,30.188,43.3,3399.789,3393.52,19.9,23.1,1018.0,False,35.2,38,2.0,False,True,False,FORMULA 1 2018 HEINEKEN CHINESE GRAND PRIX,Shanghai,China,,,Permanent,,,0.26495829082398126,0.30194642821420714,0.4330952809618116,1,False,Chinese Grand Prix,chinese_grand_prix,2018,2018-04-15,104.38857777777777,45,Opening,2.567999999999998,False,False,False,True
PER,Force India,29,0 days 00:01:39.582000,0 days 00:00:26.621000,0 days 00:00:29.956000,0 days 00:00:43.005000,ULTRASOFT,31,1,,,,False,0 days 00:56:41.357000,99.582,26.621,29.956,43.005,3401.357,3393.52,19.9,23.1,1018.0,False,35.2,38,2.0,False,True,False,FORMULA 1 2018 HEINEKEN CHINESE GRAND PRIX,Shanghai,China,,,Permanent,,,0.2673274286517644,0.30081741680223334,0.4318551545460023,1,False,Chinese Grand Prix,chinese_grand_prix,2018,2018-04-15,104.14991111111111,45,Opening,1.9089999999999918,False,False,False,True
VAN,McLaren,29,0 days 00:01:39.397000,0 days 00:00:26.482000,0 days 00:00:29.751000,0 days 00:00:43.164000,Soft,28,1,,,2,True,0 days 00:56:52.143000,99.397,26.482,29.751,43.164,3412.143,3393.52,19.9,23.1,1018.0,False,35.2,38,2.0,False,True,False,FORMULA 1 2018 HEINEKEN CHINESE GRAND PRIX,Shanghai,China,,,Permanent,,,0.26642655210921856,0.29931486865800777,0.4342585792327736,1,False,Chinese Grand Prix,chinese_grand_prix,2018,2018-04-15,104.21526666666666,45,Opening,1.2600000000000051,False,False,False,True
STR,Williams,29,0 days 00:01:39.485000,0 days 00:00:26.513000,0 days 00:00:29.773000,0 days 00:00:43.199000,Soft,28,1,,,2,True,0 days 00:56:54.527000,99.485,26.513,29.773,43.199,3414.527,3393.52,19.9,23.1,1018.0,False,35.2,38,2.0,False,True,False,FORMULA 1 2018 HEINEKEN CHINESE GRAND PRIX,Shanghai,China,,,Permanent,,,0.266502487812233,0.29927124692164647,0.4342262652661205,1,False,Chinese Grand Prix,chinese_grand_prix,2018,2018-04-15,104.3311111111111,45,Opening,0.9849999999999994,False,False,False,True
ERI,Sauber,29,0 days 00:01:46.213000,0 days 00:00:27.070000,0 days 00:00:30.609000,0 days 00:00:48.534000,Soft,28,1,0 days 00:57:02.968000,,21,False,0 days 00:57:04.316000,106.213,27.07,30.609,48.534,3424.316,3453.538,19.9,23.3,1018.1,False,34.5,77,1.4,False,True,False,FORMULA 1 2018 HEINEKEN CHINESE GRAND PRIX,Shanghai,China,,,Permanent,29.0,,0.25486522365435493,0.28818506209221095,0.45694971425343417,1,False,Chinese Grand Prix,chinese_grand_prix,2018,2018-04-15,102.02637209302326,43,Opening,7.826999999999998,False,False,False,True
GAS,Toro Rosso,29,0 days 00:01:43.579000,0 days 00:00:26.530000,0 days 00:00:29.854000,0 days 00:00:47.195000,Medium,28,1,,,21,True,0 days 00:57:04.921000,103.579,26.53,29.854,47.195,3424.921,3453.538,19.9,23.3,1018.1,False,34.5,77,1.4,False,True,False,FORMULA 1 2018 HEINEKEN CHINESE GRAND PRIX,Shanghai,China,,,Permanent,,,0.2561329999324188,0.28822444704042327,0.45564255302715806,1,False,Chinese Grand Prix,chinese_grand_prix,2018,2018-04-15,102.94286363636364,44,Opening,5.211999999999989,False,False,False,True
SIR,Williams,29,0 days 00:02:00.603000,0 days 00:00:46.474000,0 days 00:00:29.900000,0 days 00:00:44.229000,Soft,28,1,,0 days 00:55:32.566000,21,False,0 days 00:57:11.137000,120.603,46.474,29.9,44.229,3431.137,3453.538,19.9,23.3,1018.1,False,34.5,77,1.4,False,True,False,FORMULA 1 2018 HEINEKEN CHINESE GRAND PRIX,Shanghai,China,,,Permanent,,,0.3853469648350373,0.24792086432344138,0.3667321708415214,2,False,Chinese Grand Prix,chinese_grand_prix,2018,2018-04-15,104.34546666666667,45,Opening,21.979,False,False,False,True
HAR,Toro Rosso,29,0 days 00:01:54.719000,0 days 00:00:26.801000,0 days 00:00:30.241000,0 days 00:00:57.677000,ULTRASOFT,28,1,,,21,True,0 days 00:57:14.430000,114.719,26.801,30.241,57.677,3434.43,3453.538,19.9,23.3,1018.1,False,34.5,77,1.4,False,True,False,FORMULA 1 2018 HEINEKEN CHINESE GRAND PRIX,Shanghai,China,,,Permanent,,,0.23362302670002352,0.2636093410856092,0.5027676322143673,1,False,Chinese Grand Prix,chinese_grand_prix,2018,2018-04-15,102.14634883720929,43,Opening,15.34299999999999,False,False,False,True
LEC,Sauber,29,0 days 00:01:40.903000,0 days 00:00:26.742000,0 days 00:00:30.014000,0 days 00:00:44.147000,Soft,28,1,,,21,True,0 days 00:57:16.299000,100.903,26.742,30.014,44.147,3436.299,3453.538,19.9,23.3,1018.1,False,34.5,77,1.4,False,True,False,FORMULA 1 2018 HEINEKEN CHINESE GRAND PRIX,Shanghai,China,,,Permanent,,,0.2650268079244423,0.29745399046609117,0.4375192016094665,1,False,Chinese Grand Prix,chinese_grand_prix,2018,2018-04-15,102.08430232558139,43,Opening,2.094999999999999,False,False,False,True
BOT,Mercedes,30,0 days 00:01:38.698000,0 days 00:00:26.150000,0 days 00:00:29.283000,0 days 00:00:43.265000,Soft,32,1,,,21,True,0 days 00:57:17.035000,98.698,26.15,29.283,43.265,3437.035,3453.538,19.9,23.3,1018.1,False,34.5,77,1.4,False,True,False,FORMULA 1 2018 HEINEKEN CHINESE GRAND PRIX,Shanghai,China,,,Permanent,,,0.2649496443696934,0.29669294210622305,0.4383574135240836,1,False,Chinese Grand Prix,chinese_grand_prix,2018,2018-04-15,101.08895454545454,44,Opening,1.7109999999999985,False,False,False,True
VET,Ferrari,30,0 days 00:01:38.639000,0 days 00:00:26.101000,0 days 00:00:29.471000,0 days 00:00:43.067000,Soft,31,1,,,21,True,0 days 00:57:18.085000,98.639,26.101,29.471,43.067,3438.085,3453.538,19.9,23.3,1018.1,False,34.5,77,1.4,False,True,False,FORMULA 1 2018 HEINEKEN CHINESE GRAND PRIX,Shanghai,China,,,Permanent,,,0.26461136061801116,0.2987763460700129,0.43661229331197604,1,False,Chinese Grand Prix,chinese_grand_prix,2018,2018-04-15,101.62033333333333,42,Opening,1.1599999999999966,False,False,False,True
VER,Red Bull Racing,30,0 days 00:01:38.247000,0 days 00:00:26.112000,0 days 00:00:29.155000,0 days 00:00:42.980000,ULTRASOFT,32,1,,,21,True,0 days 00:57:23.225000,98.247,26.112,29.155,42.98,3443.225,3453.538,19.9,23.3,1018.1,False,34.5,77,1.4,False,True,False,FORMULA 1 2018 HEINEKEN CHINESE GRAND PRIX,Shanghai,China,,,Permanent,,,0.26577910775901553,0.29675206367624457,0.43746882856473984,1,False,Chinese Grand Prix,chinese_grand_prix,2018,2018-04-15,101.39367441860465,43,Opening,2.040999999999997,False,False,False,True
HAM,Mercedes,30,0 days 00:01:38.767000,0 days 00:00:26.158000,0 days 00:00:29.408000,0 days 00:00:43.201000,Soft,32,1,,,21,True,0 days 00:57:25.891000,98.767,26.158,29.408,43.201,3445.891,3453.538,19.9,23.3,1018.1,False,34.5,77,1.4,False,True,False,FORMULA 1 2018 HEINEKEN CHINESE GRAND PRIX,Shanghai,China,,,Permanent,,,0.264845545576964,0.297751273198538,0.43740318122449806,1,False,Chinese Grand Prix,chinese_grand_prix,2018,2018-04-15,101.40695348837208,43,Opening,1.8889999999999958,False,False,False,True
RIC,Red Bull Racing,30,0 days 00:01:38.173000,0 days 00:00:26.170000,0 days 00:00:29.203000,0 days 00:00:42.800000,ULTRASOFT,32,1,,,21,True,0 days 00:57:29.817000,98.173,26.17,29.203,42.8,3449.817,3453.538,19.9,23.3,1018.1,False,34.5,77,1.4,False,True,False,FORMULA 1 2018 HEINEKEN CHINESE GRAND PRIX,Shanghai,China,,,Permanent,,,0.2665702382528801,0.297464679698084,0.43596508204903583,1,False,Chinese Grand Prix,chinese_grand_prix,2018,2018-04-15,101.17729545454546,44,Opening,2.3880000000000052,False,False,False,True
RAI,Ferrari,30,0 days 00:01:37.648000,0 days 00:00:25.826000,0 days 00:00:29.135000,0 days 00:00:42.687000,Soft,32,1,,,21,True,0 days 00:57:40.980000,97.648,25.826,29.135,42.687,3460.98,3453.538,19.9,23.3,1018.1,False,34.5,77,1.4,False,True,False,FORMULA 1 2018 HEINEKEN CHINESE GRAND PRIX,Shanghai,China,,,Permanent,,,0.2644805833196789,0.29836760609536295,0.4371518105849582,1,False,Chinese Grand Prix,chinese_grand_prix,2018,2018-04-15,102.48924444444444,45,Opening,1.191999999999993,False,False,False,True
HUL,Renault,30,0 days 00:01:39.573000,0 days 00:00:26.441000,0 days 00:00:29.857000,0 days 00:00:43.275000,ULTRASOFT,32,1,,,21,True,0 days 00:58:04.518000,99.573,26.441,29.857,43.275,3484.518,3513.548,20.0,23.3,1018.0,False,34.2,77,2.3,False,True,False,FORMULA 1 2018 HEINEKEN CHINESE GRAND PRIX,Shanghai,China,,,Permanent,,,0.2655438723348699,0.29985036104164786,0.43460576662348227,1,False,Chinese Grand Prix,chinese_grand_prix,2018,2018-04-15,102.89104545454546,44,Opening,2.691999999999993,False,False,False,True
SAI,Renault,30,0 days 00:01:39.907000,0 days 00:00:26.605000,0 days 00:00:29.980000,0 days 00:00:43.322000,ULTRASOFT,32,1,,,21,True,0 days 00:58:11.980000,99.907,26.605,29.98,43.322,3491.98,3513.548,20.0,23.3,1018.0,False,34.2,77,2.3,False,True,False,FORMULA 1 2018 HEINEKEN CHINESE GRAND PRIX,Shanghai,China,,,Permanent,,,0.2662976568208434,0.3000790735383907,0.433623269640766,1,False,Chinese Grand Prix,chinese_grand_prix,2018,2018-04-15,103.05313636363636,44,Opening,2.1529999999999916,False,False,False,True
MAG,Haas F1 Team,30,0 days 00:01:39.639000,0 days 00:00:26.067000,0 days 00:00:30.362000,0 days 00:00:43.210000,Soft,33,1,,,21,True,0 days 00:58:12.632000,99.639,26.067,30.362,43.21,3492.632,3513.548,20.0,23.3,1018.0,False,34.2,77,2.3,False,True,False,FORMULA 1 2018 HEINEKEN CHINESE GRAND PRIX,Shanghai,China,,,Permanent,,,0.26161442808538826,0.3047200393420247,0.43366553257258705,1,False,Chinese Grand Prix,chinese_grand_prix,2018,2018-04-15,104.04457777777779,45,Opening,1.4869999999999948,False,False,False,True
OCO,Force India,30,0 days 00:01:39.707000,0 days 00:00:26.381000,0 days 00:00:29.964000,0 days 00:00:43.362000,Soft,29,1,,,21,True,0 days 00:58:18.116000,99.707,26.381,29.964,43.362,3498.116,3513.548,20.0,23.3,1018.0,False,34.2,77,2.3,False,True,False,FORMULA 1 2018 HEINEKEN CHINESE GRAND PRIX,Shanghai,China,,,Permanent,,,0.2645852347377817,0.3005205251386563,0.4348942401235621,1,False,Chinese Grand Prix,chinese_grand_prix,2018,2018-04-15,104.14320000000001,45,Opening,1.7219999999999942,False,False,False,True
GRO,Haas F1 Team,30,0 days 00:01:39.695000,0 days 00:00:26.372000,0 days 00:00:29.867000,0 days 00:00:43.456000,ULTRASOFT,32,1,,,21,True,0 days 00:58:19.484000,99.695,26.372,29.867,43.456,3499.484,3513.548,20.0,23.3,1018.0,False,34.2,77,2.3,False,True,False,FORMULA 1 2018 HEINEKEN CHINESE GRAND PRIX,Shanghai,China,,,Permanent,,,0.2645268067606199,0.29958373037765185,0.4358894628617283,1,False,Chinese Grand Prix,chinese_grand_prix,2018,2018-04-15,104.38857777777777,45,Opening,2.2849999999999966,False,False,False,True
PER,Force India,30,0 days 00:01:39.937000,0 days 00:00:26.648000,0 days 00:00:30.058000,0 days 00:00:43.231000,ULTRASOFT,32,1,,,21,True,0 days 00:58:21.294000,99.937,26.648,30.058,43.231,3501.294,3513.548,20.0,23.3,1018.0,False,34.2,77,2.3,False,True,False,FORMULA 1 2018 HEINEKEN CHINESE GRAND PRIX,Shanghai,China,,,Permanent,,,0.2666479882325865,0.3007694847754085,0.432582526992005,1,False,Chinese Grand Prix,chinese_grand_prix,2018,2018-04-15,104.14991111111111,45,Opening,2.263999999999996,False,False,False,True
ALO,McLaren,30,0 days 00:01:58.205000,0 days 00:00:45.932000,0 days 00:00:29.192000,0 days 00:00:43.081000,Soft,29,1,,0 days 00:56:48.635000,21,False,0 days 00:58:24.419000,118.205,45.932,29.192,43.081,3504.419,3513.548,20.0,23.3,1018.0,False,34.2,77,2.3,False,True,False,FORMULA 1 2018 HEINEKEN CHINESE GRAND PRIX,Shanghai,China,,,Permanent,,,0.3885791633179646,0.24696078846072503,0.36446004822131045,2,False,Chinese Grand Prix,chinese_grand_prix,2018,2018-04-15,103.92247826086957,46,Opening,20.971000000000004,False,False,False,True
VAN,McLaren,30,0 days 00:01:39.763000,0 days 00:00:26.497000,0 days 00:00:29.767000,0 days 00:00:43.499000,Soft,29,1,,,21,True,0 days 00:58:31.906000,99.763,26.497,29.767,43.499,3511.906,3513.548,20.0,23.3,1018.0,False,34.2,77,2.3,False,True,False,FORMULA 1 2018 HEINEKEN CHINESE GRAND PRIX,Shanghai,China,,,Permanent,,,0.2655994707456672,0.2983771538546355,0.43602337539969727,1,False,Chinese Grand Prix,chinese_grand_prix,2018,2018-04-15,104.21526666666666,45,Opening,1.6260000000000048,False,False,False,True
STR,Williams,30,0 days 00:01:40.071000,0 days 00:00:26.356000,0 days 00:00:29.813000,0 days 00:00:43.902000,Soft,29,1,,,21,True,0 days 00:58:34.598000,100.071,26.356,29.813,43.902,3514.598,3513.548,20.0,23.3,1018.0,False,34.2,77,2.3,False,True,False,FORMULA 1 2018 HEINEKEN CHINESE GRAND PRIX,Shanghai,China,,,Permanent,,,0.26337300516633194,0.2979184778807047,0.4387085169529634,1,False,Chinese Grand Prix,chinese_grand_prix,2018,2018-04-15,104.3311111111111,45,Opening,1.570999999999998,False,False,False,True
GAS,Toro Rosso,30,0 days 00:01:40.749000,0 days 00:00:26.744000,0 days 00:00:30.358000,0 days 00:00:43.647000,Medium,29,1,,,1,True,0 days 00:58:45.670000,100.749,26.744,30.358,43.647,3525.67,3513.548,20.0,23.3,1018.0,False,34.2,77,2.3,False,True,False,FORMULA 1 2018 HEINEKEN CHINESE GRAND PRIX,Shanghai,China,,,Permanent,,,0.265451766270633,0.30132309005548447,0.43322514367388265,1,False,Chinese Grand Prix,chinese_grand_prix,2018,2018-04-15,102.94286363636364,44,Opening,2.381999999999991,False,False,False,True
SIR,Williams,30,0 days 00:01:39.257000,0 days 00:00:26.344000,0 days 00:00:29.691000,0 days 00:00:43.222000,Soft,29,1,,,1,True,0 days 00:58:50.394000,99.257,26.344,29.691,43.222,3530.394,3513.548,20.0,23.3,1018.0,False,34.2,77,2.3,False,True,False,FORMULA 1 2018 HEINEKEN CHINESE GRAND PRIX,Shanghai,China,,,Permanent,,,0.26541201124353947,0.299132554882779,0.43545543387368146,1,False,Chinese Grand Prix,chinese_grand_prix,2018,2018-04-15,104.34546666666667,45,Opening,0.6330000000000098,False,False,False,True
BOT,Mercedes,31,0 days 00:01:40.989000,0 days 00:00:26.247000,0 days 00:00:29.753000,0 days 00:00:44.989000,Soft,33,1,,,14,False,0 days 00:58:58.024000,100.989,26.247,29.753,44.989,3538.024,3513.548,20.0,23.3,1018.0,False,34.2,77,2.3,False,True,False,FORMULA 1 2018 HEINEKEN CHINESE GRAND PRIX,Shanghai,China,,,Permanent,,,0.2598995930249829,0.29461624533365016,0.44548416164136684,1,False,Chinese Grand Prix,chinese_grand_prix,2018,2018-04-15,101.08895454545454,44,Opening,4.0020000000000095,True,False,False,True
VET,Ferrari,31,0 days 00:01:42.680000,0 days 00:00:26.240000,0 days 00:00:29.572000,0 days 00:00:46.868000,Soft,32,1,,,14,False,0 days 00:59:00.765000,102.68,26.24,29.572,46.868,3540.765,3513.548,20.0,23.3,1018.0,False,34.2,77,2.3,False,True,False,FORMULA 1 2018 HEINEKEN CHINESE GRAND PRIX,Shanghai,China,,,Permanent,,,0.25555122711336187,0.2880015582391897,0.45644721464744836,1,False,Chinese Grand Prix,chinese_grand_prix,2018,2018-04-15,101.62033333333333,42,Opening,5.201000000000008,True,False,False,True
LEC,Sauber,30,0 days 00:01:47.180000,0 days 00:00:28.528000,0 days 00:00:30.422000,0 days 00:00:48.230000,Soft,29,1,,,14,False,0 days 00:59:03.479000,107.18,28.528,30.422,48.23,3543.479,3513.548,20.0,23.3,1018.0,False,34.2,77,2.3,False,True,False,FORMULA 1 2018 HEINEKEN CHINESE GRAND PRIX,Shanghai,China,,,Permanent,,,0.2661690613920507,0.28384026870684825,0.44999066990110087,1,False,Chinese Grand Prix,chinese_grand_prix,2018,2018-04-15,102.08430232558139,43,Opening,8.372,True,False,False,True
VER,Red Bull Racing,31,0 days 00:01:45.059000,0 days 00:00:26.489000,0 days 00:00:29.249000,0 days 00:00:49.321000,ULTRASOFT,33,1,0 days 00:59:06.552000,,14,False,0 days 00:59:08.284000,105.059,26.489,29.249,49.321,3548.284,3573.562,20.0,22.8,1018.0,False,33.9,94,2.5,False,True,False,FORMULA 1 2018 HEINEKEN CHINESE GRAND PRIX,Shanghai,China,,,Permanent,31.0,,0.25213451489163236,0.2784054674040301,0.46946001770433754,1,False,Chinese Grand Prix,chinese_grand_prix,2018,2018-04-15,101.39367441860465,43,Opening,8.852999999999994,True,False,False,True
HAR,Toro Rosso,30,0 days 00:01:55.826000,0 days 00:00:27.432000,0 days 00:00:33.770000,0 days 00:00:54.624000,ULTRASOFT,29,1,0 days 00:59:08.711000,,14,False,0 days 00:59:10.256000,115.826,27.432,33.77,54.624,3550.256,3573.562,20.0,22.8,1018.0,False,33.9,94,2.5,False,True,False,FORMULA 1 2018 HEINEKEN CHINESE GRAND PRIX,Shanghai,China,,,Permanent,30.0,,0.23683801564415588,0.2915580266952153,0.4716039576606289,1,False,Chinese Grand Prix,chinese_grand_prix,2018,2018-04-15,102.14634883720929,43,Opening,16.44999999999999,True,False,False,True
ERI,Sauber,30,0 days 00:02:05.988000,0 days 00:00:45.943000,0 days 00:00:30.104000,0 days 00:00:49.941000,Soft,29,1,,0 days 00:57:25.607000,14,False,0 days 00:59:10.304000,125.988,45.943,30.104,49.941,3550.304,3573.562,20.0,22.8,1018.0,False,33.9,94,2.5,False,True,False,FORMULA 1 2018 HEINEKEN CHINESE GRAND PRIX,Shanghai,China,,,Permanent,,,0.364661713814014,0.23894339143410484,0.39639489475188117,2,False,Chinese Grand Prix,chinese_grand_prix,2018,2018-04-15,102.02637209302326,43,Opening,27.602000000000004,True,False,False,True
HAM,Mercedes,31,0 days 00:01:44.921000,0 days 00:00:26.138000,0 days 00:00:29.482000,0 days 00:00:49.301000,Soft,33,1,,,14,False,0 days 00:59:10.812000,104.921,26.138,29.482,49.301,3550.812,3573.562,20.0,22.8,1018.0,False,33.9,94,2.5,False,True,False,FORMULA 1 2018 HEINEKEN CHINESE GRAND PRIX,Shanghai,China,,,Permanent,,,0.24912076705330677,0.28099236568465796,0.4698868672620352,1,False,Chinese Grand Prix,chinese_grand_prix,2018,2018-04-15,101.40695348837208,43,Opening,8.043000000000006,True,False,False,True
RIC,Red Bull Racing,31,0 days 00:01:48.178000,0 days 00:00:26.227000,0 days 00:00:29.244000,0 days 00:00:52.707000,ULTRASOFT,33,1,0 days 00:59:16.271000,,14,False,0 days 00:59:17.995000,108.178,26.227,29.244,52.707,3557.995,3573.562,20.0,22.8,1018.0,False,33.9,94,2.5,False,True,False,FORMULA 1 2018 HEINEKEN CHINESE GRAND PRIX,Shanghai,China,,,Permanent,31.0,,0.24244301059365123,0.2703322302131672,0.48722475919318164,1,False,Chinese Grand Prix,chinese_grand_prix,2018,2018-04-15,101.17729545454546,44,Opening,12.393,True,False,False,True
RAI,Ferrari,31,0 days 00:01:49.405000,0 days 00:00:26.091000,0 days 00:00:28.989000,0 days 00:00:54.325000,Soft,33,1,,,14,False,0 days 00:59:30.385000,109.405,26.091,28.989,54.325,3570.385,3573.562,20.0,22.8,1018.0,False,33.9,94,2.5,False,True,False,FORMULA 1 2018 HEINEKEN CHINESE GRAND PRIX,Shanghai,China,,,Permanent,,,0.23848087381746721,0.26496960833599925,0.49654951784653356,1,False,Chinese Grand Prix,chinese_grand_prix,2018,2018-04-15,102.48924444444444,45,Opening,12.948999999999998,True,False,False,True
HUL,Renault,31,0 days 00:02:02.077000,0 days 00:00:26.532000,0 days 00:00:34.899000,0 days 00:01:00.646000,ULTRASOFT,33,1,0 days 01:00:04.884000,,14,False,0 days 01:00:06.595000,122.077,26.532,34.899,60.646,3606.595,3633.578,19.7,22.7,1018.0,False,33.5,46,0.7,False,True,False,FORMULA 1 2018 HEINEKEN CHINESE GRAND PRIX,Shanghai,China,,,Permanent,31.0,,0.21733823734200547,0.285876946517362,0.4967848161406326,1,False,Chinese Grand Prix,chinese_grand_prix,2018,2018-04-15,102.89104545454546,44,Opening,25.195999999999998,True,False,False,True
MAG,Haas F1 Team,31,0 days 00:02:03.635000,0 days 00:00:26.268000,0 days 00:00:38.830000,0 days 00:00:58.537000,Soft,34,1,,,14,False,0 days 01:00:16.267000,123.635,26.268,38.83,58.537,3616.267,3633.578,19.7,22.7,1018.0,False,33.5,46,0.7,False,True,False,FORMULA 1 2018 HEINEKEN CHINESE GRAND PRIX,Shanghai,China,,,Permanent,,,0.21246410806001537,0.3140696404739758,0.4734662514660088,1,False,Chinese Grand Prix,chinese_grand_prix,2018,2018-04-15,104.04457777777779,45,Opening,25.483000000000004,True,False,False,True
SAI,Renault,31,0 days 00:02:08.065000,0 days 00:00:26.800000,0 days 00:00:40.298000,0 days 00:01:00.967000,ULTRASOFT,33,1,0 days 01:00:18.322000,,14,False,0 days 01:00:20.045000,128.065,26.8,40.298,60.967,3620.045,3633.578,19.7,22.7,1018.0,False,33.5,46,0.7,False,True,False,FORMULA 1 2018 HEINEKEN CHINESE GRAND PRIX,Shanghai,China,,,Permanent,31.0,,0.2092687307226799,0.3146683324874088,0.47606293678991135,1,False,Chinese Grand Prix,chinese_grand_prix,2018,2018-04-15,103.05313636363636,44,Opening,30.310999999999993,True,False,False,True
GRO,Haas F1 Team,31,0 days 00:02:05.979000,0 days 00:00:26.602000,0 days 00:00:41.903000,0 days 00:00:57.474000,ULTRASOFT,33,1,,,14,False,0 days 01:00:25.463000,125.979,26.602,41.903,57.474,3625.463,3633.578,19.7,22.7,1018.0,False,33.5,46,0.7,False,True,False,FORMULA 1 2018 HEINEKEN CHINESE GRAND PRIX,Shanghai,China,,,Permanent,,,0.211162177823288,0.332618928551584,0.45621889362512796,1,False,Chinese Grand Prix,chinese_grand_prix,2018,2018-04-15,104.38857777777777,45,Opening,28.569000000000003,True,False,False,True
OCO,Force India,31,0 days 00:02:08.026000,0 days 00:00:26.462000,0 days 00:00:42.232000,0 days 00:00:59.332000,Soft,30,1,0 days 01:00:24.436000,,14,False,0 days 01:00:26.142000,128.026,26.462,42.232,59.332,3626.142,3633.578,19.7,22.7,1018.0,False,33.5,46,0.7,False,True,False,FORMULA 1 2018 HEINEKEN CHINESE GRAND PRIX,Shanghai,China,,,Permanent,31.0,,0.2066923906081577,0.32987049505569177,0.4634371143361504,1,False,Chinese Grand Prix,chinese_grand_prix,2018,2018-04-15,104.14320000000001,45,Opening,30.04100000000001,True,False,False,True
PER,Force India,31,0 days 00:02:05.423000,0 days 00:00:26.702000,0 days 00:00:41.422000,0 days 00:00:57.299000,ULTRASOFT,33,1,,,14,False,0 days 01:00:26.717000,125.423,26.702,41.422,57.299,3626.717,3633.578,19.7,22.7,1018.0,False,33.5,46,0.7,False,True,False,FORMULA 1 2018 HEINEKEN CHINESE GRAND PRIX,Shanghai,China,,,Permanent,,,0.2128955614201542,0.3302584055555998,0.4568460330242459,1,False,Chinese Grand Prix,chinese_grand_prix,2018,2018-04-15,104.14991111111111,45,Opening,27.75,True,False,False,True
ALO,McLaren,31,0 days 00:02:06.309000,0 days 00:00:26.103000,0 days 00:00:42.329000,0 days 00:00:57.877000,Soft,30,1,,,14,False,0 days 01:00:30.728000,126.309,26.103,42.329,57.877,3630.728,3633.578,19.7,22.7,1018.0,False,33.5,46,0.7,False,True,False,FORMULA 1 2018 HEINEKEN CHINESE GRAND PRIX,Shanghai,China,,,Permanent,,,0.20665985796736577,0.33512259617287765,0.45821754585975666,1,False,Chinese Grand Prix,chinese_grand_prix,2018,2018-04-15,103.92247826086957,46,Opening,29.075000000000003,True,False,False,True
VAN,McLaren,31,0 days 00:02:08.950000,0 days 00:00:31.979000,0 days 00:00:39.279000,0 days 00:00:57.692000,Soft,30,1,,,14,False,0 days 01:00:40.856000,128.95,31.979,39.279,57.692,3640.856,3633.578,19.7,22.7,1018.0,False,33.5,46,0.7,False,True,False,FORMULA 1 2018 HEINEKEN CHINESE GRAND PRIX,Shanghai,China,,,Permanent,,,0.24799534703373402,0.3046064366033347,0.4473982163629314,1,False,Chinese Grand Prix,chinese_grand_prix,2018,2018-04-15,104.21526666666666,45,Opening,30.812999999999988,True,False,False,True
STR,Williams,31,0 days 00:02:10.652000,0 days 00:00:31.506000,0 days 00:00:40.431000,0 days 00:00:58.715000,Soft,30,1,,,14,False,0 days 01:00:45.250000,130.652,31.506,40.431,58.715,3645.25,3633.578,19.7,22.7,1018.0,False,33.5,46,0.7,False,True,False,FORMULA 1 2018 HEINEKEN CHINESE GRAND PRIX,Shanghai,China,,,Permanent,,,0.24114441416893737,0.3094556531855617,0.4493999326455011,1,False,Chinese Grand Prix,chinese_grand_prix,2018,2018-04-15,104.3311111111111,45,Opening,32.15199999999999,True,False,False,True
GAS,Toro Rosso,31,0 days 00:02:17.386000,0 days 00:00:34.566000,0 days 00:00:40.986000,0 days 00:01:01.834000,Medium,30,1,0 days 01:01:01.505000,,14,False,0 days 01:01:03.056000,137.386,34.566,40.986,61.834,3663.056,3633.578,19.7,22.7,1018.0,False,33.5,46,0.7,False,True,False,FORMULA 1 2018 HEINEKEN CHINESE GRAND PRIX,Shanghai,China,,,Permanent,31.0,,0.25159768826517986,0.2983273404859301,0.45007497124889,1,False,Chinese Grand Prix,chinese_grand_prix,2018,2018-04-15,102.94286363636364,44,Opening,39.01899999999999,True,False,False,True
SIR,Williams,31,0 days 00:02:15.653000,0 days 00:00:36.219000,0 days 00:00:40.520000,0 days 00:00:58.914000,Soft,30,1,,,14,False,0 days 01:01:06.047000,135.653,36.219,40.52,58.914,3666.047,3693.589,19.7,23.4,1018.0,False,33.4,106,1.3,False,True,False,FORMULA 1 2018 HEINEKEN CHINESE GRAND PRIX,Shanghai,China,,,Permanent,,,0.26699741251575715,0.29870330917856597,0.43429927830567705,1,False,Chinese Grand Prix,chinese_grand_prix,2018,2018-04-15,104.34546666666667,45,Opening,37.028999999999996,True,False,False,True
RAI,Ferrari,32,0 days 00:02:19.243000,0 days 00:00:37.977000,0 days 00:00:37.997000,0 days 00:01:03.269000,Soft,34,1,,,4,False,0 days 01:01:49.628000,139.243,37.977,37.997,63.269,3709.628,3693.589,19.7,23.4,1018.0,False,33.4,106,1.3,False,True,False,FORMULA 1 2018 HEINEKEN CHINESE GRAND PRIX,Shanghai,China,,,Permanent,,,0.2727390245829234,0.2728826583742091,0.4543783170428675,1,False,Chinese Grand Prix,chinese_grand_prix,2018,2018-04-15,102.48924444444444,45,Opening,42.78699999999999,True,False,False,True
MAG,Haas F1 Team,32,0 days 00:02:15.242000,0 days 00:00:36.093000,0 days 00:00:41.089000,0 days 00:00:58.060000,Soft,35,1,,,4,False,0 days 01:02:31.509000,135.242,36.093,41.089,58.06,3751.509,3753.602,19.6,23.3,1018.0,False,33.4,124,0.7,False,True,False,FORMULA 1 2018 HEINEKEN CHINESE GRAND PRIX,Shanghai,China,,,Permanent,,,0.2668771535469751,0.30381834045636713,0.42930450599665787,1,False,Chinese Grand Prix,chinese_grand_prix,2018,2018-04-15,104.04457777777779,45,Opening,37.08999999999999,True,False,False,True
GRO,Haas F1 Team,32,0 days 00:02:16.443000,0 days 00:00:36.653000,0 days 00:00:40.342000,0 days 00:00:59.448000,ULTRASOFT,34,1,,,4,False,0 days 01:02:41.906000,136.443,36.653,40.342,59.448,3761.906,3753.602,19.6,23.3,1018.0,False,33.4,124,0.7,False,True,False,FORMULA 1 2018 HEINEKEN CHINESE GRAND PRIX,Shanghai,China,,,Permanent,,,0.2686323226548815,0.2956692538276056,0.43569842351751276,1,False,Chinese Grand Prix,chinese_grand_prix,2018,2018-04-15,104.38857777777777,45,Opening,39.033000000000015,True,False,False,True
ALO,McLaren,32,0 days 00:02:15.062000,0 days 00:00:35.196000,0 days 00:00:40.886000,0 days 00:00:58.980000,Soft,31,1,,,4,False,0 days 01:02:45.790000,135.062,35.196,40.886,58.98,3765.79,3753.602,19.6,23.3,1018.0,False,33.4,124,0.7,False,True,False,FORMULA 1 2018 HEINEKEN CHINESE GRAND PRIX,Shanghai,China,,,Permanent,,,0.2605914320830433,0.30272023218966104,0.43668833572729554,1,False,Chinese Grand Prix,chinese_grand_prix,2018,2018-04-15,103.92247826086957,46,Opening,37.82800000000002,True,False,False,True
PER,Force India,32,0 days 00:02:19.679000,0 days 00:00:37.518000,0 days 00:00:41.936000,0 days 00:01:00.225000,ULTRASOFT,34,1,0 days 01:02:44.678000,,4,False,0 days 01:02:46.396000,139.679,37.518,41.936,60.225,3766.396,3753.602,19.6,23.3,1018.0,False,33.4,124,0.7,False,True,False,FORMULA 1 2018 HEINEKEN CHINESE GRAND PRIX,Shanghai,China,,,Permanent,32.0,,0.26860157933547635,0.3002312444963094,0.43116717616821426,1,False,Chinese Grand Prix,chinese_grand_prix,2018,2018-04-15,104.14991111111111,45,Opening,42.006,True,False,False,True
VAN,McLaren,32,0 days 00:02:13.659000,0 days 00:00:36.768000,0 days 00:00:39.813000,0 days 00:00:57.078000,Soft,31,1,,,4,False,0 days 01:02:54.515000,133.659,36.768,39.813,57.078,3774.515,3753.602,19.6,23.3,1018.0,False,33.4,124,0.7,False,True,False,FORMULA 1 2018 HEINEKEN CHINESE GRAND PRIX,Shanghai,China,,,Permanent,,,0.27508809732229034,0.2978699526406752,0.4270419500370346,1,False,Chinese Grand Prix,chinese_grand_prix,2018,2018-04-15,104.21526666666666,45,Opening,35.52199999999999,True,False,False,True
OCO,Force India,32,0 days 00:02:29.617000,0 days 00:00:52.786000,0 days 00:00:40.619000,0 days 00:00:56.212000,Soft,31,1,,0 days 01:00:47.043000,4,False,0 days 01:02:55.759000,149.617,52.786,40.619,56.212,3775.759,3753.602,19.6,23.3,1018.0,False,33.4,124,0.7,False,True,False,FORMULA 1 2018 HEINEKEN CHINESE GRAND PRIX,Shanghai,China,,,Permanent,,,0.35280750182131715,0.2714865289372197,0.37570596924146327,2,False,Chinese Grand Prix,chinese_grand_prix,2018,2018-04-15,104.14320000000001,45,Opening,51.63199999999999,True,False,False,True
STR,Williams,32,0 days 00:02:14.004000,0 days 00:00:35.819000,0 days 00:00:40.855000,0 days 00:00:57.330000,Soft,31,1,,,4,False,0 days 01:02:59.254000,134.004,35.819,40.855,57.33,3779.254,3753.602,19.6,23.3,1018.0,False,33.4,124,0.7,False,True,False,FORMULA 1 2018 HEINEKEN CHINESE GRAND PRIX,Shanghai,China,,,Permanent,,,0.26729799110474317,0.30487895883704963,0.42782305005820725,1,False,Chinese Grand Prix,chinese_grand_prix,2018,2018-04-15,104.3311111111111,45,Opening,35.50399999999999,True,False,False,True
SIR,Williams,32,0 days 00:02:14.718000,0 days 00:00:35.845000,0 days 00:00:40.749000,0 days 00:00:58.124000,Soft,31,1,,,4,False,0 days 01:03:20.765000,134.718,35.845,40.749,58.124,3800.765,3813.619,19.6,23.2,1018.0,False,32.9,202,1.0,False,True,False,FORMULA 1 2018 HEINEKEN CHINESE GRAND PRIX,Shanghai,China,,,Permanent,,,0.26607431820543653,0.3024762837928117,0.43144939800175186,1,False,Chinese Grand Prix,chinese_grand_prix,2018,2018-04-15,104.34546666666667,45,Opening,36.093999999999994,True,False,False,True
MAG,Haas F1 Team,33,0 days 00:01:56.801000,0 days 00:00:33.779000,0 days 00:00:30.974000,0 days 00:00:52.048000,Soft,36,1,,,4,False,0 days 01:04:28.310000,116.801,33.779,30.974,52.048,3868.31,3873.637,19.5,23.5,1018.0,False,35.0,214,1.7,False,True,False,FORMULA 1 2018 HEINEKEN CHINESE GRAND PRIX,Shanghai,China,,,Permanent,,,0.2892012910848366,0.26518608573556735,0.44561262317959605,2,False,Chinese Grand Prix,chinese_grand_prix,2018,2018-04-15,104.04457777777779,45,Opening,18.649,True,False,False,True
HUL,Renault,33,0 days 00:01:53.398000,0 days 00:00:30.606000,0 days 00:00:34.166000,0 days 00:00:48.626000,ULTRASOFT,35,1,,,4,False,0 days 01:04:31.306000,113.398,30.606,34.166,48.626,3871.306,3873.637,19.5,23.5,1018.0,False,35.0,214,1.7,False,True,False,FORMULA 1 2018 HEINEKEN CHINESE GRAND PRIX,Shanghai,China,,,Permanent,,,0.2698989400165788,0.30129279175999574,0.42880826822342544,1,False,Chinese Grand Prix,chinese_grand_prix,2018,2018-04-15,102.89104545454546,44,Opening,16.516999999999996,True,False,False,True
GRO,Haas F1 Team,33,0 days 00:01:51.670000,0 days 00:00:31.853000,0 days 00:00:32.027000,0 days 00:00:47.790000,ULTRASOFT,35,1,,,4,False,0 days 01:04:33.576000,111.67,31.853,32.027,47.79,3873.576,3873.637,19.5,23.5,1018.0,False,35.0,214,1.7,False,True,False,FORMULA 1 2018 HEINEKEN CHINESE GRAND PRIX,Shanghai,China,,,Permanent,,,0.28524223157517686,0.28680039401808904,0.4279573744067341,1,False,Chinese Grand Prix,chinese_grand_prix,2018,2018-04-15,104.38857777777777,45,Opening,14.260000000000005,True,False,False,True
ALO,McLaren,33,0 days 00:01:54.260000,0 days 00:00:30.831000,0 days 00:00:37.139000,0 days 00:00:46.290000,Soft,32,1,,,4,False,0 days 01:04:40.050000,114.26,30.831,37.139,46.29,3880.05,3873.637,19.5,23.5,1018.0,False,35.0,214,1.7,False,True,False,FORMULA 1 2018 HEINEKEN CHINESE GRAND PRIX,Shanghai,China,,,Permanent,,,0.2698319621914931,0.3250393838613688,0.4051286539471381,1,False,Chinese Grand Prix,chinese_grand_prix,2018,2018-04-15,103.92247826086957,46,Opening,17.02600000000001,True,False,False,True
SAI,Renault,33,0 days 00:01:51.981000,0 days 00:00:29.941000,0 days 00:00:34.055000,0 days 00:00:47.985000,ULTRASOFT,35,1,,,4,False,0 days 01:04:43.007000,111.981,29.941,34.055,47.985,3883.007,3873.637,19.5,23.5,1018.0,False,35.0,214,1.7,False,True,False,FORMULA 1 2018 HEINEKEN CHINESE GRAND PRIX,Shanghai,China,,,Permanent,,,0.26737571552316913,0.3041140907832579,0.428510193693573,1,False,Chinese Grand Prix,chinese_grand_prix,2018,2018-04-15,103.05313636363636,44,Opening,14.22699999999999,True,False,False,True
VAN,McLaren,33,0 days 00:01:50.933000,0 days 00:00:28.446000,0 days 00:00:33.777000,0 days 00:00:48.710000,Soft,32,1,,,4,False,0 days 01:04:45.448000,110.933,28.446,33.777,48.71,3885.448,3873.637,19.5,23.5,1018.0,False,35.0,214,1.7,False,True,False,FORMULA 1 2018 HEINEKEN CHINESE GRAND PRIX,Shanghai,China,,,Permanent,,,0.25642504935411464,0.30448108317633166,0.4390938674695537,1,False,Chinese Grand Prix,chinese_grand_prix,2018,2018-04-15,104.21526666666666,45,Opening,12.796000000000006,True,False,False,True
OCO,Force India,33,0 days 00:01:50.953000,0 days 00:00:28.854000,0 days 00:00:33.198000,0 days 00:00:48.901000,Soft,32,1,,,4,False,0 days 01:04:46.712000,110.953,28.854,33.198,48.901,3886.712,3873.637,19.5,23.5,1018.0,False,35.0,214,1.7,False,True,False,FORMULA 1 2018 HEINEKEN CHINESE GRAND PRIX,Shanghai,China,,,Permanent,,,0.26005605977305707,0.29920777266049586,0.44073616756644707,1,False,Chinese Grand Prix,chinese_grand_prix,2018,2018-04-15,104.14320000000001,45,Opening,12.968000000000004,True,False,False,True
STR,Williams,33,0 days 00:01:49.171000,0 days 00:00:27.748000,0 days 00:00:32.591000,0 days 00:00:48.832000,Soft,32,1,,,4,False,0 days 01:04:48.425000,109.171,27.748,32.591,48.832,3888.425,3873.637,19.5,23.5,1018.0,False,35.0,214,1.7,False,True,False,FORMULA 1 2018 HEINEKEN CHINESE GRAND PRIX,Shanghai,China,,,Permanent,,,0.25417006347839627,0.2985316613386339,0.44729827518296983,1,False,Chinese Grand Prix,chinese_grand_prix,2018,2018-04-15,104.3311111111111,45,Opening,10.671000000000006,True,False,False,True
PER,Force India,33,0 days 00:02:03.743000,0 days 00:00:46.058000,0 days 00:00:31.159000,0 days 00:00:46.526000,ULTRASOFT,35,1,,0 days 01:03:07.168000,4,False,0 days 01:04:50.139000,123.743,46.058,31.159,46.526,3890.139,3873.637,19.5,23.5,1018.0,False,35.0,214,1.7,False,True,False,FORMULA 1 2018 HEINEKEN CHINESE GRAND PRIX,Shanghai,China,,,Permanent,,,0.37220691271425455,0.251804142456543,0.3759889448292025,2,False,Chinese Grand Prix,chinese_grand_prix,2018,2018-04-15,104.14991111111111,45,Opening,26.069999999999993,True,False,False,True
SIR,Williams,33,0 days 00:01:48.838000,0 days 00:00:28.367000,0 days 00:00:30.750000,0 days 00:00:49.721000,Soft,32,1,0 days 01:05:07.877000,,4,False,0 days 01:05:09.603000,108.838,28.367,30.75,49.721,3909.603,3933.643,19.4,24.1,1018.0,False,35.0,207,2.1,False,True,False,FORMULA 1 2018 HEINEKEN CHINESE GRAND PRIX,Shanghai,China,,,Permanent,33.0,,0.2606350723093038,0.28252999871368456,0.4568349289770117,1,False,Chinese Grand Prix,chinese_grand_prix,2018,2018-04-15,104.34546666666667,45,Opening,10.213999999999999,True,False,False,True
GAS,Toro Rosso,33,0 days 00:01:41.092000,0 days 00:00:27.242000,0 days 00:00:30.343000,0 days 00:00:43.507000,Medium,32,1,,,4,False,0 days 01:05:27.020000,101.092,27.242,30.343,43.507,3927.02,3933.643,19.4,24.1,1018.0,False,35.0,207,2.1,False,True,False,FORMULA 1 2018 HEINEKEN CHINESE GRAND PRIX,Shanghai,China,,,Permanent,,,0.2694773077988367,0.3001523364855775,0.4303703557155858,1,False,Chinese Grand Prix,chinese_grand_prix,2018,2018-04-15,102.94286363636364,44,Opening,2.7249999999999943,True,False,False,True
LEC,Sauber,33,0 days 00:01:50.825000,0 days 00:00:35.043000,0 days 00:00:31.428000,0 days 00:00:44.354000,Soft,32,1,,,4,False,0 days 01:06:11.756000,110.825,35.043,31.428,44.354,3971.756,3993.659,19.1,24.0,1017.9,False,35.0,100,2.1,False,True,False,FORMULA 1 2018 HEINEKEN CHINESE GRAND PRIX,Shanghai,China,,,Permanent,,,0.316201218136702,0.2835822242273855,0.40021655763591246,2,False,Chinese Grand Prix,chinese_grand_prix,2018,2018-04-15,102.08430232558139,43,Opening,12.016999999999996,True,False,False,True
ERI,Sauber,33,0 days 00:01:50.043000,0 days 00:00:33.960000,0 days 00:00:31.906000,0 days 00:00:44.177000,Soft,32,1,,,4,False,0 days 01:06:12.553000,110.043,33.96,31.906,44.177,3972.553,3993.659,19.1,24.0,1017.9,False,35.0,100,2.1,False,True,False,FORMULA 1 2018 HEINEKEN CHINESE GRAND PRIX,Shanghai,China,,,Permanent,,,0.3086066355879065,0.2899412048017593,0.4014521596103341,2,False,Chinese Grand Prix,chinese_grand_prix,2018,2018-04-15,102.02637209302326,43,Opening,11.65700000000001,True,False,False,True
HAR,Toro Rosso,33,0 days 00:01:47.696000,0 days 00:00:32.107000,0 days 00:00:31.765000,0 days 00:00:43.824000,ULTRASOFT,32,1,,,4,False,0 days 01:06:13.693000,107.696,32.107,31.765,43.824,3973.693,3993.659,19.1,24.0,1017.9,False,35.0,100,2.1,False,True,False,FORMULA 1 2018 HEINEKEN CHINESE GRAND PRIX,Shanghai,China,,,Permanent,,,0.2981262071014708,0.2949506016936562,0.40692319120487297,2,False,Chinese Grand Prix,chinese_grand_prix,2018,2018-04-15,102.14634883720929,43,Opening,8.319999999999993,True,False,False,True
BOT,Mercedes,34,0 days 00:02:27.194000,0 days 00:00:38.869000,0 days 00:00:45.716000,0 days 00:01:02.609000,Soft,36,1,,,4,False,0 days 01:06:46.348000,147.194,38.869,45.716,62.609,4006.348,3993.659,19.1,24.0,1017.9,False,35.0,100,2.1,False,True,False,FORMULA 1 2018 HEINEKEN CHINESE GRAND PRIX,Shanghai,China,,,Permanent,,,0.26406647010068346,0.3105833118197753,0.4253502180795413,1,False,Chinese Grand Prix,chinese_grand_prix,2018,2018-04-15,101.08895454545454,44,Opening,50.206999999999994,True,False,False,True
VET,Ferrari,34,0 days 00:02:28.497000,0 days 00:00:38.944000,0 days 00:00:46.174000,0 days 00:01:03.379000,Soft,35,1,,,4,False,0 days 01:06:48.819000,148.497,38.944,46.174,63.379,4008.819,3993.659,19.1,24.0,1017.9,False,35.0,100,2.1,False,True,False,FORMULA 1 2018 HEINEKEN CHINESE GRAND PRIX,Shanghai,China,,,Permanent,,,0.26225445631898286,0.3109423085988269,0.42680323508219015,1,False,Chinese Grand Prix,chinese_grand_prix,2018,2018-04-15,101.62033333333333,42,Opening,51.018000000000015,True,False,False,True
HAM,Mercedes,34,0 days 00:02:25.397000,0 days 00:00:35.546000,0 days 00:00:46.468000,0 days 00:01:03.383000,Soft,36,1,,,4,False,0 days 01:06:49.968000,145.397,35.546,46.468,63.383,4009.968,3993.659,19.1,24.0,1017.9,False,35.0,100,2.1,False,True,False,FORMULA 1 2018 HEINEKEN CHINESE GRAND PRIX,Shanghai,China,,,Permanent,,,0.24447547060805933,0.3195939393522563,0.4359305900396845,1,False,Chinese Grand Prix,chinese_grand_prix,2018,2018-04-15,101.40695348837208,43,Opening,48.51899999999999,True,False,False,True
VER,Red Bull Racing,34,0 days 00:02:25.615000,0 days 00:00:35.647000,0 days 00:00:46.305000,0 days 00:01:03.663000,ULTRASOFT,36,1,,,4,False,0 days 01:06:51.039000,145.615,35.647,46.305,63.663,4011.039,3993.659,19.1,24.0,1017.9,False,35.0,100,2.1,False,True,False,FORMULA 1 2018 HEINEKEN CHINESE GRAND PRIX,Shanghai,China,,,Permanent,,,0.24480307660611886,0.31799608556810766,0.4372008378257734,1,False,Chinese Grand Prix,chinese_grand_prix,2018,2018-04-15,101.39367441860465,43,Opening,49.409000000000006,True,False,False,True
RAI,Ferrari,34,0 days 00:02:25.212000,0 days 00:00:35.882000,0 days 00:00:46.109000,0 days 00:01:03.221000,Soft,36,1,,,4,False,0 days 01:06:51.925000,145.212,35.882,46.109,63.221,4011.925,3993.659,19.1,24.0,1017.9,False,35.0,100,2.1,False,True,False,FORMULA 1 2018 HEINEKEN CHINESE GRAND PRIX,Shanghai,China,,,Permanent,,,0.2471007905682726,0.3175288543646531,0.43537035506707433,1,False,Chinese Grand Prix,chinese_grand_prix,2018,2018-04-15,102.48924444444444,45,Opening,48.755999999999986,True,False,False,True
RIC,Red Bull Racing,34,0 days 00:02:25.281000,0 days 00:00:36.131000,0 days 00:00:46.320000,0 days 00:01:02.830000,ULTRASOFT,36,1,,,4,False,0 days 01:06:52.734000,145.281,36.131,46.32,62.83,4012.734,3993.659,19.1,24.0,1017.9,False,35.0,100,2.1,False,True,False,FORMULA 1 2018 HEINEKEN CHINESE GRAND PRIX,Shanghai,China,,,Permanent,,,0.24869735202813856,0.31883040452640055,0.4324722434454608,1,False,Chinese Grand Prix,chinese_grand_prix,2018,2018-04-15,101.17729545454546,44,Opening,49.49600000000001,True,False,False,True
MAG,Haas F1 Team,34,0 days 00:02:25.148000,0 days 00:00:36.948000,0 days 00:00:45.304000,0 days 00:01:02.896000,Soft,37,1,,,4,False,0 days 01:06:53.458000,145.148,36.948,45.304,62.896,4013.458,3993.659,19.1,24.0,1017.9,False,35.0,100,2.1,False,True,False,FORMULA 1 2018 HEINEKEN CHINESE GRAND PRIX,Shanghai,China,,,Permanent,,,0.25455397249703754,0.31212279879846777,0.43332322870449475,1,False,Chinese Grand Prix,chinese_grand_prix,2018,2018-04-15,104.04457777777779,45,Opening,46.995999999999995,True,False,False,True
HUL,Renault,34,0 days 00:02:23.044000,0 days 00:00:35.338000,0 days 00:00:44.478000,0 days 00:01:03.228000,ULTRASOFT,36,1,,,4,False,0 days 01:06:54.350000,143.044,35.338,44.478,63.228,4014.35,3993.659,19.1,24.0,1017.9,False,35.0,100,2.1,False,True,False,FORMULA 1 2018 HEINEKEN CHINESE GRAND PRIX,Shanghai,China,,,Permanent,,,0.2470428679287492,0.31093929140683985,0.4420178406644109,1,False,Chinese Grand Prix,chinese_grand_prix,2018,2018-04-15,102.89104545454546,44,Opening,46.16300000000001,True,False,False,True
GRO,Haas F1 Team,34,0 days 00:02:21.898000,0 days 00:00:33.763000,0 days 00:00:44.693000,0 days 00:01:03.442000,ULTRASOFT,36,1,,,4,False,0 days 01:06:55.474000,141.898,33.763,44.693,63.442,4015.474,3993.659,19.1,24.0,1017.9,False,35.0,100,2.1,False,True,False,FORMULA 1 2018 HEINEKEN CHINESE GRAND PRIX,Shanghai,China,,,Permanent,,,0.23793851921802986,0.31496567957265076,0.4470958012093194,1,False,Chinese Grand Prix,chinese_grand_prix,2018,2018-04-15,104.38857777777777,45,Opening,44.488,True,False,False,True
ALO,McLaren,34,0 days 00:02:16.988000,0 days 00:00:29.873000,0 days 00:00:44.115000,0 days 00:01:03,Soft,33,1,,,4,False,0 days 01:06:57.038000,136.988,29.873,44.115,63.0,4017.038,3993.659,19.1,24.0,1017.9,False,35.0,100,2.1,False,True,False,FORMULA 1 2018 HEINEKEN CHINESE GRAND PRIX,Shanghai,China,,,Permanent,,,0.21807019592957047,0.3220355067597162,0.45989429731071335,1,False,Chinese Grand Prix,chinese_grand_prix,2018,2018-04-15,103.92247826086957,46,Opening,39.754000000000005,True,False,False,True
SAI,Renault,34,0 days 00:02:15.594000,0 days 00:00:29.032000,0 days 00:00:43.277000,0 days 00:01:03.285000,ULTRASOFT,36,1,,,4,False,0 days 01:06:58.601000,135.594,29.032,43.277,63.285,4018.601,3993.659,19.1,24.0,1017.9,False,35.0,100,2.1,False,True,False,FORMULA 1 2018 HEINEKEN CHINESE GRAND PRIX,Shanghai,China,,,Permanent,,,0.21410976886882901,0.3191660397952712,0.4667241913358998,1,False,Chinese Grand Prix,chinese_grand_prix,2018,2018-04-15,103.05313636363636,44,Opening,37.83999999999999,True,False,False,True
VAN,McLaren,34,0 days 00:02:14.437000,0 days 00:00:27.975000,0 days 00:00:42.997000,0 days 00:01:03.465000,Soft,33,1,,,4,False,0 days 01:06:59.885000,134.437,27.975,42.997,63.465,4019.885,3993.659,19.1,24.0,1017.9,False,35.0,100,2.1,False,True,False,FORMULA 1 2018 HEINEKEN CHINESE GRAND PRIX,Shanghai,China,,,Permanent,,,0.20809003473746066,0.3198301062951419,0.47207985896739735,1,False,Chinese Grand Prix,chinese_grand_prix,2018,2018-04-15,104.21526666666666,45,Opening,36.30000000000001,True,False,False,True
OCO,Force India,34,0 days 00:02:14.172000,0 days 00:00:28.258000,0 days 00:00:42.696000,0 days 00:01:03.218000,Soft,33,1,,,4,False,0 days 01:07:00.884000,134.172,28.258,42.696,63.218,4020.884,3993.659,19.1,24.0,1017.9,False,35.0,100,2.1,False,True,False,FORMULA 1 2018 HEINEKEN CHINESE GRAND PRIX,Shanghai,China,,,Permanent,,,0.21061026145544526,0.3182184062248457,0.4711713323197091,1,False,Chinese Grand Prix,chinese_grand_prix,2018,2018-04-15,104.14320000000001,45,Opening,36.187,True,False,False,True
STR,Williams,34,0 days 00:02:13.431000,0 days 00:00:28.091000,0 days 00:00:41.975000,0 days 00:01:03.365000,Soft,33,1,,,4,False,0 days 01:07:01.856000,133.431,28.091,41.975,63.365,4021.856,3993.659,19.1,24.0,1017.9,False,35.0,100,2.1,False,True,False,FORMULA 1 2018 HEINEKEN CHINESE GRAND PRIX,Shanghai,China,,,Permanent,,,0.21052828802901874,0.31458206863472504,0.47488964333625616,1,False,Chinese Grand Prix,chinese_grand_prix,2018,2018-04-15,104.3311111111111,45,Opening,34.93100000000001,True,False,False,True
PER,Force India,34,0 days 00:02:12.578000,0 days 00:00:27.627000,0 days 00:00:42.117000,0 days 00:01:02.834000,ULTRASOFT,36,1,,,4,False,0 days 01:07:02.717000,132.578,27.627,42.117,62.834,4022.717,3993.659,19.1,24.0,1017.9,False,35.0,100,2.1,False,True,False,FORMULA 1 2018 HEINEKEN CHINESE GRAND PRIX,Shanghai,China,,,Permanent,,,0.20838298963628957,0.3176771410037864,0.473939869359924,1,False,Chinese Grand Prix,chinese_grand_prix,2018,2018-04-15,104.14991111111111,45,Opening,34.905,True,False,False,True
GAS,Toro Rosso,34,0 days 00:01:39.478000,0 days 00:00:26.488000,0 days 00:00:29.841000,0 days 00:00:43.149000,Medium,33,1,,,4,False,0 days 01:07:06.498000,99.478,26.488,29.841,43.149,4026.498,4053.671,19.0,24.6,1017.9,False,35.0,234,1.8,False,True,False,FORMULA 1 2018 HEINEKEN CHINESE GRAND PRIX,Shanghai,China,,,Permanent,,,0.26626992902953417,0.29997587406260684,0.43375419690785905,1,False,Chinese Grand Prix,chinese_grand_prix,2018,2018-04-15,102.94286363636364,44,Opening,1.11099999999999,True,False,False,True
SIR,Williams,34,0 days 00:02:01.832000,0 days 00:00:46.068000,0 days 00:00:30.956000,0 days 00:00:44.808000,Soft,33,1,,0 days 01:05:30.658000,4,False,0 days 01:07:11.435000,121.832,46.068,30.956,44.808,4031.435,4053.671,19.0,24.6,1017.9,False,35.0,234,1.8,False,True,False,FORMULA 1 2018 HEINEKEN CHINESE GRAND PRIX,Shanghai,China,,,Permanent,,,0.3781272572066452,0.25408759603388276,0.3677851467594721,2,False,Chinese Grand Prix,chinese_grand_prix,2018,2018-04-15,104.34546666666667,45,Opening,23.208,True,False,False,True
LEC,Sauber,34,0 days 00:01:40.772000,0 days 00:00:26.912000,0 days 00:00:30.087000,0 days 00:00:43.773000,Soft,33,1,,,4,False,0 days 01:07:52.528000,100.772,26.912,30.087,43.773,4072.528,4053.671,19.0,24.6,1017.9,False,35.0,234,1.8,False,True,False,FORMULA 1 2018 HEINEKEN CHINESE GRAND PRIX,Shanghai,China,,,Permanent,,,0.26705830984797363,0.2985650776009209,0.4343766125511055,1,False,Chinese Grand Prix,chinese_grand_prix,2018,2018-04-15,102.08430232558139,43,Opening,1.9639999999999986,True,False,False,True
ERI,Sauber,34,0 days 00:01:40.935000,0 days 00:00:26.798000,0 days 00:00:30.524000,0 days 00:00:43.613000,Soft,33,1,,,4,False,0 days 01:07:53.488000,100.935,26.798,30.524,43.613,4073.488,4053.671,19.0,24.6,1017.9,False,35.0,234,1.8,False,True,False,FORMULA 1 2018 HEINEKEN CHINESE GRAND PRIX,Shanghai,China,,,Permanent,,,0.26549759746371426,0.30241244365185516,0.4320899588844306,1,False,Chinese Grand Prix,chinese_grand_prix,2018,2018-04-15,102.02637209302326,43,Opening,2.5490000000000066,True,False,False,True
HAR,Toro Rosso,34,0 days 00:01:40.613000,0 days 00:00:26.776000,0 days 00:00:30.288000,0 days 00:00:43.549000,ULTRASOFT,33,1,,,4,False,0 days 01:07:54.306000,100.613,26.776,30.288,43.549,4074.306,4053.671,19.0,24.6,1017.9,False,35.0,234,1.8,False,True,False,FORMULA 1 2018 HEINEKEN CHINESE GRAND PRIX,Shanghai,China,,,Permanent,,,0.2661286314889726,0.30103465754922326,0.43283671096180415,1,False,Chinese Grand Prix,chinese_grand_prix,2018,2018-04-15,102.14634883720929,43,Opening,1.2369999999999948,True,False,False,True
BOT,Mercedes,35,0 days 00:02:27.778000,0 days 00:00:37.371000,0 days 00:00:44.886000,0 days 00:01:05.521000,Soft,37,1,,,41,False,0 days 01:09:14.126000,147.778,37.371,44.886,65.521,4154.126,4173.699,18.8,24.9,1018.0,False,36.3,251,1.5,False,True,False,FORMULA 1 2018 HEINEKEN CHINESE GRAND PRIX,Shanghai,China,,,Permanent,,,0.25288608588558514,0.3037393928730935,0.4433745212413215,1,False,Chinese Grand Prix,chinese_grand_prix,2018,2018-04-15,101.08895454545454,44,Opening,50.791,True,False,False,True
VET,Ferrari,35,0 days 00:02:26.282000,0 days 00:00:35.835000,0 days 00:00:44.942000,0 days 00:01:05.505000,Soft,36,1,,,41,False,0 days 01:09:15.101000,146.282,35.835,44.942,65.505,4155.101,4173.699,18.8,24.9,1018.0,False,36.3,251,1.5,False,True,False,FORMULA 1 2018 HEINEKEN CHINESE GRAND PRIX,Shanghai,China,,,Permanent,,,0.24497204030571088,0.3072285038487305,0.4477994558455585,1,False,Chinese Grand Prix,chinese_grand_prix,2018,2018-04-15,101.62033333333333,42,Opening,48.80300000000001,True,False,False,True
HAM,Mercedes,35,0 days 00:02:25.813000,0 days 00:00:37.065000,0 days 00:00:43.608000,0 days 00:01:05.140000,Soft,37,1,,,41,False,0 days 01:09:15.781000,145.813,37.065,43.608,65.14,4155.781,4173.699,18.8,24.9,1018.0,False,36.3,251,1.5,False,True,False,FORMULA 1 2018 HEINEKEN CHINESE GRAND PRIX,Shanghai,China,,,Permanent,,,0.2541954421073567,0.2990679843361017,0.4467365735565416,1,False,Chinese Grand Prix,chinese_grand_prix,2018,2018-04-15,101.40695348837208,43,Opening,48.93499999999999,True,False,False,True
VER,Red Bull Racing,35,0 days 00:02:25.473000,0 days 00:00:36.854000,0 days 00:00:43.632000,0 days 00:01:04.987000,ULTRASOFT,37,1,,,41,False,0 days 01:09:16.512000,145.473,36.854,43.632,64.987,4156.512,4173.699,18.8,24.9,1018.0,False,36.3,251,1.5,False,True,False,FORMULA 1 2018 HEINEKEN CHINESE GRAND PRIX,Shanghai,China,,,Permanent,,,0.25333910760072315,0.29993194613433416,0.4467289462649426,1,False,Chinese Grand Prix,chinese_grand_prix,2018,2018-04-15,101.39367441860465,43,Opening,49.26700000000001,True,False,False,True
RAI,Ferrari,35,0 days 00:02:25.140000,0 days 00:00:37.787000,0 days 00:00:42.986000,0 days 00:01:04.367000,Soft,37,1,,,41,False,0 days 01:09:17.065000,145.14,37.787,42.986,64.367,4157.065,4173.699,18.8,24.9,1018.0,False,36.3,251,1.5,False,True,False,FORMULA 1 2018 HEINEKEN CHINESE GRAND PRIX,Shanghai,China,,,Permanent,,,0.2603486289100179,0.29616921592944745,0.44348215516053474,1,False,Chinese Grand Prix,chinese_grand_prix,2018,2018-04-15,102.48924444444444,45,Opening,48.68399999999998,True,False,False,True
RIC,Red Bull Racing,35,0 days 00:02:25.287000,0 days 00:00:38.311000,0 days 00:00:42.444000,0 days 00:01:04.532000,ULTRASOFT,37,1,,,41,False,0 days 01:09:18.021000,145.287,38.311,42.444,64.532,4158.021,4173.699,18.8,24.9,1018.0,False,36.3,251,1.5,False,True,False,FORMULA 1 2018 HEINEKEN CHINESE GRAND PRIX,Shanghai,China,,,Permanent,,,0.26369186506707415,0.2921390076194016,0.4441691273135242,1,False,Chinese Grand Prix,chinese_grand_prix,2018,2018-04-15,101.17729545454546,44,Opening,49.50200000000001,True,False,False,True
HUL,Renault,35,0 days 00:02:24.987000,0 days 00:00:38.405000,0 days 00:00:43.224000,0 days 00:01:03.358000,ULTRASOFT,37,1,,,41,False,0 days 01:09:19.337000,144.987,38.405,43.224,63.358,4159.337,4173.699,18.8,24.9,1018.0,False,36.3,251,1.5,False,True,False,FORMULA 1 2018 HEINEKEN CHINESE GRAND PRIX,Shanghai,China,,,Permanent,,,0.2648858173491417,0.29812328001820854,0.43699090263264984,1,False,Chinese Grand Prix,chinese_grand_prix,2018,2018-04-15,102.89104545454546,44,Opening,48.105999999999995,True,False,False,True
MAG,Haas F1 Team,35,0 days 00:02:26.169000,0 days 00:00:38.080000,0 days 00:00:43.031000,0 days 00:01:05.058000,Soft,38,1,,,41,False,0 days 01:09:19.627000,146.169,38.08,43.031,65.058,4159.627,4173.699,18.8,24.9,1018.0,False,36.3,251,1.5,False,True,False,FORMULA 1 2018 HEINEKEN CHINESE GRAND PRIX,Shanghai,China,,,Permanent,,,0.2605203565735552,0.2943921077656685,0.44508753566077625,1,False,Chinese Grand Prix,chinese_grand_prix,2018,2018-04-15,104.04457777777779,45,Opening,48.01700000000001,True,False,False,True
ALO,McLaren,35,0 days 00:02:23.510000,0 days 00:00:37.512000,0 days 00:00:43.326000,0 days 00:01:02.672000,Soft,34,1,,,41,False,0 days 01:09:20.548000,143.51,37.512,43.326,62.672,4160.548,4173.699,18.8,24.9,1018.0,False,36.3,251,1.5,False,True,False,FORMULA 1 2018 HEINEKEN CHINESE GRAND PRIX,Shanghai,China,,,Permanent,,,0.26138945021252874,0.3019023064594802,0.4367082433279911,1,False,Chinese Grand Prix,chinese_grand_prix,2018,2018-04-15,103.92247826086957,46,Opening,46.275999999999996,True,False,False,True
GRO,Haas F1 Team,35,0 days 00:02:25.150000,0 days 00:00:37.963000,0 days 00:00:43.253000,0 days 00:01:03.934000,ULTRASOFT,37,1,,,41,False,0 days 01:09:20.624000,145.15,37.963,43.253,63.934,4160.624,4173.699,18.8,24.9,1018.0,False,36.3,251,1.5,False,True,False,FORMULA 1 2018 HEINEKEN CHINESE GRAND PRIX,Shanghai,China,,,Permanent,,,0.2615432311401998,0.29798828797795385,0.4404684808818463,1,False,Chinese Grand Prix,chinese_grand_prix,2018,2018-04-15,104.38857777777777,45,Opening,47.74000000000001,True,False,False,True
SAI,Renault,35,0 days 00:02:22.335000,0 days 00:00:36.570000,0 days 00:00:43.568000,0 days 00:01:02.197000,ULTRASOFT,37,1,,,41,False,0 days 01:09:20.936000,142.335,36.57,43.568,62.197,4160.936,4173.699,18.8,24.9,1018.0,False,36.3,251,1.5,False,True,False,FORMULA 1 2018 HEINEKEN CHINESE GRAND PRIX,Shanghai,China,,,Permanent,,,0.25692907577194646,0.3060947764077704,0.43697614782028316,1,False,Chinese Grand Prix,chinese_grand_prix,2018,2018-04-15,103.05313636363636,44,Opening,44.581,True,False,False,True
VAN,McLaren,35,0 days 00:02:21.609000,0 days 00:00:36.292000,0 days 00:00:43.921000,0 days 00:01:01.396000,Soft,34,1,,,41,False,0 days 01:09:21.494000,141.609,36.292,43.921,61.396,4161.494,4173.699,18.8,24.9,1018.0,False,36.3,251,1.5,False,True,False,FORMULA 1 2018 HEINEKEN CHINESE GRAND PRIX,Shanghai,China,,,Permanent,,,0.25628314584524997,0.31015684031382185,0.4335600138409282,1,False,Chinese Grand Prix,chinese_grand_prix,2018,2018-04-15,104.21526666666666,45,Opening,43.47200000000001,True,False,False,True
OCO,Force India,35,0 days 00:02:20.680000,0 days 00:00:36.218000,0 days 00:00:44.065000,0 days 00:01:00.397000,Soft,34,1,,,41,False,0 days 01:09:21.564000,140.68,36.218,44.065,60.397,4161.564,4173.699,18.8,24.9,1018.0,False,36.3,251,1.5,False,True,False,FORMULA 1 2018 HEINEKEN CHINESE GRAND PRIX,Shanghai,China,,,Permanent,,,0.25744953085015637,0.31322860392379864,0.4293218652260449,1,False,Chinese Grand Prix,chinese_grand_prix,2018,2018-04-15,104.14320000000001,45,Opening,42.69500000000001,True,False,False,True
STR,Williams,35,0 days 00:02:20.312000,0 days 00:00:35.968000,0 days 00:00:44.155000,0 days 00:01:00.189000,Soft,34,1,,,41,False,0 days 01:09:22.168000,140.312,35.968,44.155,60.189,4162.168,4173.699,18.8,24.9,1018.0,False,36.3,251,1.5,False,True,False,FORMULA 1 2018 HEINEKEN CHINESE GRAND PRIX,Shanghai,China,,,Permanent,,,0.2563430070129426,0.3146915445578425,0.42896544842921486,1,False,Chinese Grand Prix,chinese_grand_prix,2018,2018-04-15,104.3311111111111,45,Opening,41.81200000000001,True,False,False,True
PER,Force India,35,0 days 00:02:19.734000,0 days 00:00:36.077000,0 days 00:00:44.647000,0 days 00:00:59.010000,ULTRASOFT,37,1,,,41,False,0 days 01:09:22.451000,139.734,36.077,44.647,59.01,4162.451,4173.699,18.8,24.9,1018.0,False,36.3,251,1.5,False,True,False,FORMULA 1 2018 HEINEKEN CHINESE GRAND PRIX,Shanghai,China,,,Permanent,,,0.2581834056135228,0.31951421987490514,0.42230237451157193,1,False,Chinese Grand Prix,chinese_grand_prix,2018,2018-04-15,104.14991111111111,45,Opening,42.06100000000001,True,False,False,True
GAS,Toro Rosso,35,0 days 00:02:16.392000,0 days 00:00:33.155000,0 days 00:00:45.291000,0 days 00:00:57.946000,Medium,34,1,,,41,False,0 days 01:09:22.890000,136.392,33.155,45.291,57.946,4162.89,4173.699,18.8,24.9,1018.0,False,36.3,251,1.5,False,True,False,FORMULA 1 2018 HEINEKEN CHINESE GRAND PRIX,Shanghai,China,,,Permanent,,,0.24308610475687725,0.3320649304944571,0.4248489647486656,1,False,Chinese Grand Prix,chinese_grand_prix,2018,2018-04-15,102.94286363636364,44,Opening,38.02499999999999,True,False,False,True
SIR,Williams,35,0 days 00:02:12.363000,0 days 00:00:29.416000,0 days 00:00:45.267000,0 days 00:00:57.680000,Soft,34,1,,,41,False,0 days 01:09:23.798000,132.363,29.416,45.267,57.68,4163.798,4173.699,18.8,24.9,1018.0,False,36.3,251,1.5,False,True,False,FORMULA 1 2018 HEINEKEN CHINESE GRAND PRIX,Shanghai,China,,,Permanent,,,0.22223733218497616,0.341991341991342,0.43577132582368183,1,False,Chinese Grand Prix,chinese_grand_prix,2018,2018-04-15,104.34546666666667,45,Opening,33.739000000000004,True,False,False,True
LEC,Sauber,35,0 days 00:01:40.429000,0 days 00:00:26.777000,0 days 00:00:30.099000,0 days 00:00:43.553000,Soft,34,1,,,41,False,0 days 01:09:32.957000,100.429,26.777,30.099,43.553,4172.957,4173.699,18.8,24.9,1018.0,False,36.3,251,1.5,False,True,False,FORMULA 1 2018 HEINEKEN CHINESE GRAND PRIX,Shanghai,China,,,Permanent,,,0.26662617371476366,0.29970426868733135,0.43366955759790493,1,False,Chinese Grand Prix,chinese_grand_prix,2018,2018-04-15,102.08430232558139,43,Opening,1.6209999999999951,True,False,False,True
ERI,Sauber,35,0 days 00:01:40.339000,0 days 00:00:27.136000,0 days 00:00:29.921000,0 days 00:00:43.282000,Soft,34,1,,,41,False,0 days 01:09:33.827000,100.339,27.136,29.921,43.282,4173.827,4173.699,18.8,24.9,1018.0,False,36.3,251,1.5,False,True,False,FORMULA 1 2018 HEINEKEN CHINESE GRAND PRIX,Shanghai,China,,,Permanent,,,0.2704431975602707,0.298199105033935,0.4313576974057943,1,False,Chinese Grand Prix,chinese_grand_prix,2018,2018-04-15,102.02637209302326,43,Opening,1.953000000000003,True,False,False,True
HAR,Toro Rosso,35,0 days 00:01:40.530000,0 days 00:00:27.091000,0 days 00:00:30.036000,0 days 00:00:43.403000,ULTRASOFT,34,1,,,41,False,0 days 01:09:34.836000,100.53,27.091,30.036,43.403,4174.836,4173.699,18.8,24.9,1018.0,False,36.3,251,1.5,False,True,False,FORMULA 1 2018 HEINEKEN CHINESE GRAND PRIX,Shanghai,China,,,Permanent,,,0.269481746742266,0.2987764846314533,0.4317417686262807,1,False,Chinese Grand Prix,chinese_grand_prix,2018,2018-04-15,102.14634883720929,43,Opening,1.1539999999999964,True,False,False,True
BOT,Mercedes,36,0 days 00:01:37.716000,0 days 00:00:26.209000,0 days 00:00:29.155000,0 days 00:00:42.352000,Soft,38,1,,,1,True,0 days 01:10:51.842000,97.716,26.209,29.155,42.352,4251.842,4233.712,18.9,25.3,1018.0,False,36.3,221,2.3,False,True,False,FORMULA 1 2018 HEINEKEN CHINESE GRAND PRIX,Shanghai,China,,,Permanent,,,0.26821605468909904,0.2983646485734169,0.43341929673748414,1,False,Chinese Grand Prix,chinese_grand_prix,2018,2018-04-15,101.08895454545454,44,Opening,0.7289999999999992,False,False,False,True
VET,Ferrari,36,0 days 00:01:38.558000,0 days 00:00:26.403000,0 days 00:00:29.580000,0 days 00:00:42.575000,Soft,37,1,,,1,True,0 days 01:10:53.659000,98.558,26.403,29.58,42.575,4253.659,4233.712,18.9,25.3,1018.0,False,36.3,221,2.3,False,True,False,FORMULA 1 2018 HEINEKEN CHINESE GRAND PRIX,Shanghai,China,,,Permanent,,,0.26789301730960446,0.3001278435033178,0.43197913918707764,1,False,Chinese Grand Prix,chinese_grand_prix,2018,2018-04-15,101.62033333333333,42,Opening,1.0790000000000077,False,False,False,True
HAM,Mercedes,36,0 days 00:01:38.863000,0 days 00:00:26.425000,0 days 00:00:29.870000,0 days 00:00:42.568000,Soft,38,1,,,1,True,0 days 01:10:54.644000,98.863,26.425,29.87,42.568,4254.644,4233.712,18.9,25.3,1018.0,False,36.3,221,2.3,False,True,False,FORMULA 1 2018 HEINEKEN CHINESE GRAND PRIX,Shanghai,China,,,Permanent,,,0.267289076803253,0.302135278112135,0.43057564508461205,1,False,Chinese Grand Prix,chinese_grand_prix,2018,2018-04-15,101.40695348837208,43,Opening,1.9849999999999994,False,False,False,True
VER,Red Bull Racing,36,0 days 00:01:39.092000,0 days 00:00:26.141000,0 days 00:00:29.899000,0 days 00:00:43.052000,ULTRASOFT,38,1,,,1,True,0 days 01:10:55.604000,99.092,26.141,29.899,43.052,4255.604,4233.712,18.9,25.3,1018.0,False,36.3,221,2.3,False,True,False,FORMULA 1 2018 HEINEKEN CHINESE GRAND PRIX,Shanghai,China,,,Permanent,,,0.26380535260162274,0.30172970572801033,0.4344649416703669,1,False,Chinese Grand Prix,chinese_grand_prix,2018,2018-04-15,101.39367441860465,43,Opening,2.8859999999999957,False,False,False,True
RAI,Ferrari,36,0 days 00:01:39.019000,0 days 00:00:26.254000,0 days 00:00:29.788000,0 days 00:00:42.977000,Soft,38,1,,,1,True,0 days 01:10:56.084000,99.019,26.254,29.788,42.977,4256.084,4233.712,18.9,25.3,1018.0,False,36.3,221,2.3,False,True,False,FORMULA 1 2018 HEINEKEN CHINESE GRAND PRIX,Shanghai,China,,,Permanent,,,0.26514103353901775,0.3008311536169826,0.4340278128439996,1,False,Chinese Grand Prix,chinese_grand_prix,2018,2018-04-15,102.48924444444444,45,Opening,2.5630000000000024,False,False,False,True
RIC,Red Bull Racing,36,0 days 00:01:38.699000,0 days 00:00:26.239000,0 days 00:00:29.729000,0 days 00:00:42.731000,ULTRASOFT,38,1,,,1,True,0 days 01:10:56.720000,98.699,26.239,29.729,42.731,4256.72,4233.712,18.9,25.3,1018.0,False,36.3,221,2.3,False,True,False,FORMULA 1 2018 HEINEKEN CHINESE GRAND PRIX,Shanghai,China,,,Permanent,,,0.2658486914761041,0.30120872551900224,0.4329425830048937,1,False,Chinese Grand Prix,chinese_grand_prix,2018,2018-04-15,101.17729545454546,44,Opening,2.9140000000000015,False,False,False,True
HUL,Renault,36,0 days 00:01:38.525000,0 days 00:00:26.126000,0 days 00:00:29.748000,0 days 00:00:42.651000,ULTRASOFT,38,1,,,1,True,0 days 01:10:57.862000,98.525,26.126,29.748,42.651,4257.862,4233.712,18.9,25.3,1018.0,False,36.3,221,2.3,False,True,False,FORMULA 1 2018 HEINEKEN CHINESE GRAND PRIX,Shanghai,China,,,Permanent,,,0.2651712763258056,0.3019335194113169,0.4328952042628775,1,False,Chinese Grand Prix,chinese_grand_prix,2018,2018-04-15,102.89104545454546,44,Opening,1.6440000000000055,False,False,False,True
MAG,Haas F1 Team,36,0 days 00:01:40.229000,0 days 00:00:27.003000,0 days 00:00:30.117000,0 days 00:00:43.109000,Soft,39,1,,,1,True,0 days 01:10:59.856000,100.229,27.003,30.117,43.109,4259.856,4233.712,18.9,25.3,1018.0,False,36.3,221,2.3,False,True,False,FORMULA 1 2018 HEINEKEN CHINESE GRAND PRIX,Shanghai,China,,,Permanent,,,0.26941304412894473,0.3004818964571132,0.4301050594139421,1,False,Chinese Grand Prix,chinese_grand_prix,2018,2018-04-15,104.04457777777779,45,Opening,2.076999999999998,False,False,False,True
ALO,McLaren,36,0 days 00:01:40.202000,0 days 00:00:26.712000,0 days 00:00:30.020000,0 days 00:00:43.470000,Soft,35,1,,,1,True,0 days 01:11:00.750000,100.202,26.712,30.02,43.47,4260.75,4233.712,18.9,25.3,1018.0,False,36.3,221,2.3,False,True,False,FORMULA 1 2018 HEINEKEN CHINESE GRAND PRIX,Shanghai,China,,,Permanent,,,0.26658150535917446,0.2995948184666973,0.43382367617412826,1,False,Chinese Grand Prix,chinese_grand_prix,2018,2018-04-15,103.92247826086957,46,Opening,2.9680000000000035,False,False,False,True
SAI,Renault,36,0 days 00:01:41.017000,0 days 00:00:26.904000,0 days 00:00:30.871000,0 days 00:00:43.242000,ULTRASOFT,38,1,,,1,True,0 days 01:11:01.953000,101.017,26.904,30.871,43.242,4261.953,4233.712,18.9,25.3,1018.0,False,36.3,221,2.3,False,True,False,FORMULA 1 2018 HEINEKEN CHINESE GRAND PRIX,Shanghai,China,,,Permanent,,,0.26633140956472673,0.30560202738152986,0.4280665630537434,1,False,Chinese Grand Prix,chinese_grand_prix,2018,2018-04-15,103.05313636363636,44,Opening,3.262999999999991,False,False,False,True
GRO,Haas F1 Team,36,0 days 00:01:41.973000,0 days 00:00:27.069000,0 days 00:00:30.853000,0 days 00:00:44.051000,ULTRASOFT,38,1,,,1,True,0 days 01:11:02.597000,101.973,27.069,30.853,44.051,4262.597,4233.712,18.9,25.3,1018.0,False,36.3,221,2.3,False,True,False,FORMULA 1 2018 HEINEKEN CHINESE GRAND PRIX,Shanghai,China,,,Permanent,,,0.26545261981112644,0.30256048169613525,0.4319868984927383,1,False,Chinese Grand Prix,chinese_grand_prix,2018,2018-04-15,104.38857777777777,45,Opening,4.563000000000002,False,False,False,True
OCO,Force India,36,0 days 00:01:41.266000,0 days 00:00:27.165000,0 days 00:00:30.736000,0 days 00:00:43.365000,Soft,35,1,,,1,True,0 days 01:11:02.830000,101.266,27.165,30.736,43.365,4262.83,4233.712,18.9,25.3,1018.0,False,36.3,221,2.3,False,True,False,FORMULA 1 2018 HEINEKEN CHINESE GRAND PRIX,Shanghai,China,,,Permanent,,,0.26825390555566525,0.30351746884442954,0.4282286255999052,1,False,Chinese Grand Prix,chinese_grand_prix,2018,2018-04-15,104.14320000000001,45,Opening,3.281000000000006,False,False,False,True
PER,Force India,36,0 days 00:01:41.210000,0 days 00:00:26.684000,0 days 00:00:31.469000,0 days 00:00:43.057000,ULTRASOFT,38,1,,,1,True,0 days 01:11:03.661000,101.21,26.684,31.469,43.057,4263.661,4233.712,18.9,25.3,1018.0,False,36.3,221,2.3,False,True,False,FORMULA 1 2018 HEINEKEN CHINESE GRAND PRIX,Shanghai,China,,,Permanent,,,0.26364983697263117,0.3109277739353819,0.425422389091987,1,False,Chinese Grand Prix,chinese_grand_prix,2018,2018-04-15,104.14991111111111,45,Opening,3.536999999999992,False,False,False,True
VAN,McLaren,36,0 days 00:01:43.065000,0 days 00:00:27.103000,0 days 00:00:31.542000,0 days 00:00:44.420000,Soft,35,1,,,1,True,0 days 01:11:04.559000,103.065,27.103,31.542,44.42,4264.559,4293.908,19.0,24.9,1018.0,False,37.0,86,2.3,False,True,False,FORMULA 1 2018 HEINEKEN CHINESE GRAND PRIX,Shanghai,China,,,Permanent,,,0.2629699704070247,0.3060398777470529,0.4309901518459225,1,False,Chinese Grand Prix,chinese_grand_prix,2018,2018-04-15,104.21526666666666,45,Opening,4.927999999999997,False,False,False,True
STR,Williams,36,0 days 00:01:42.839000,0 days 00:00:27.177000,0 days 00:00:31.766000,0 days 00:00:43.896000,Soft,35,1,,,1,True,0 days 01:11:05.007000,102.839,27.177,31.766,43.896,4265.007,4293.908,19.0,24.9,1018.0,False,37.0,86,2.3,False,True,False,FORMULA 1 2018 HEINEKEN CHINESE GRAND PRIX,Shanghai,China,,,Permanent,,,0.26426744717470996,0.30889059598012425,0.42684195684516574,1,False,Chinese Grand Prix,chinese_grand_prix,2018,2018-04-15,104.3311111111111,45,Opening,4.338999999999999,False,False,False,True
GAS,Toro Rosso,36,0 days 00:01:42.461000,0 days 00:00:26.725000,0 days 00:00:31.416000,0 days 00:00:44.320000,Medium,35,1,,,1,True,0 days 01:11:05.351000,102.461,26.725,31.416,44.32,4265.351,4293.908,19.0,24.9,1018.0,False,37.0,86,2.3,False,True,False,FORMULA 1 2018 HEINEKEN CHINESE GRAND PRIX,Shanghai,China,,,Permanent,,,0.26083095031280196,0.30661422394862436,0.43255482573857373,1,False,Chinese Grand Prix,chinese_grand_prix,2018,2018-04-15,102.94286363636364,44,Opening,4.093999999999994,False,False,False,True
SIR,Williams,36,0 days 00:01:42.418000,0 days 00:00:26.737000,0 days 00:00:31.389000,0 days 00:00:44.292000,Soft,35,1,,,1,True,0 days 01:11:06.216000,102.418,26.737,31.389,44.292,4266.216,4293.908,19.0,24.9,1018.0,False,37.0,86,2.3,False,True,False,FORMULA 1 2018 HEINEKEN CHINESE GRAND PRIX,Shanghai,China,,,Permanent,,,0.2610576265890761,0.3064793298053076,0.4324630436056162,1,False,Chinese Grand Prix,chinese_grand_prix,2018,2018-04-15,104.34546666666667,45,Opening,3.794000000000011,False,False,False,True
LEC,Sauber,36,0 days 00:01:40.384000,0 days 00:00:26.719000,0 days 00:00:30.133000,0 days 00:00:43.532000,Soft,35,1,,,1,True,0 days 01:11:13.341000,100.384,26.719,30.133,43.532,4273.341,4293.908,19.0,24.9,1018.0,False,37.0,86,2.3,False,True,False,FORMULA 1 2018 HEINEKEN CHINESE GRAND PRIX,Shanghai,China,,,Permanent,,,0.26616791520561045,0.30017731909467643,0.43365476569971306,1,False,Chinese Grand Prix,chinese_grand_prix,2018,2018-04-15,102.08430232558139,43,Opening,1.5759999999999934,False,False,False,True
ERI,Sauber,36,0 days 00:01:40.153000,0 days 00:00:26.566000,0 days 00:00:30.058000,0 days 00:00:43.529000,Soft,35,1,,,1,True,0 days 01:11:13.980000,100.153,26.566,30.058,43.529,4273.98,4293.908,19.0,24.9,1018.0,False,37.0,86,2.3,False,True,False,FORMULA 1 2018 HEINEKEN CHINESE GRAND PRIX,Shanghai,China,,,Permanent,,,0.2652541611334658,0.3001208151528162,0.43462502371371803,1,False,Chinese Grand Prix,chinese_grand_prix,2018,2018-04-15,102.02637209302326,43,Opening,1.7670000000000101,False,False,False,True
HAR,Toro Rosso,36,0 days 00:01:40.136000,0 days 00:00:26.584000,0 days 00:00:30.028000,0 days 00:00:43.524000,ULTRASOFT,35,1,,,1,True,0 days 01:11:14.972000,100.136,26.584,30.028,43.524,4274.972,4293.908,19.0,24.9,1018.0,False,37.0,86,2.3,False,True,False,FORMULA 1 2018 HEINEKEN CHINESE GRAND PRIX,Shanghai,China,,,Permanent,,,0.2654789486298634,0.29987217384357273,0.4346488775265639,1,False,Chinese Grand Prix,chinese_grand_prix,2018,2018-04-15,102.14634883720929,43,Opening,0.7599999999999909,False,False,False,True
BOT,Mercedes,37,0 days 00:01:37.675000,0 days 00:00:26.177000,0 days 00:00:29.106000,0 days 00:00:42.392000,Soft,39,1,,,1,True,0 days 01:12:29.517000,97.675,26.177,29.106,42.392,4349.517,4355.921,19.2,24.8,1018.1,False,37.0,242,2.2,False,True,False,FORMULA 1 2018 HEINEKEN CHINESE GRAND PRIX,Shanghai,China,,,Permanent,,,0.26800102380342977,0.297988226260558,0.43401074993601235,1,False,Chinese Grand Prix,chinese_grand_prix,2018,2018-04-15,101.08895454545454,44,Opening,0.6880000000000024,False,False,False,True
VET,Ferrari,37,0 days 00:01:37.489000,0 days 00:00:26.040000,0 days 00:00:29.312000,0 days 00:00:42.137000,Soft,38,1,,,1,True,0 days 01:12:31.148000,97.489,26.04,29.312,42.137,4351.148,4355.921,19.2,24.8,1018.1,False,37.0,242,2.2,False,True,False,FORMULA 1 2018 HEINEKEN CHINESE GRAND PRIX,Shanghai,China,,,Permanent,,,0.2671070582322108,0.30066981915908464,0.43222312260870455,1,False,Chinese Grand Prix,chinese_grand_prix,2018,2018-04-15,101.62033333333333,42,Opening,0.010000000000005116,False,False,False,True
HAM,Mercedes,37,0 days 00:01:37.622000,0 days 00:00:26.006000,0 days 00:00:29.443000,0 days 00:00:42.173000,Soft,39,1,,,1,True,0 days 01:12:32.266000,97.622,26.006,29.443,42.173,4352.266,4355.921,19.2,24.8,1018.1,False,37.0,242,2.2,False,True,False,FORMULA 1 2018 HEINEKEN CHINESE GRAND PRIX,Shanghai,China,,,Permanent,,,0.2663948700088095,0.3016020978877712,0.43200303210341934,1,False,Chinese Grand Prix,chinese_grand_prix,2018,2018-04-15,101.40695348837208,43,Opening,0.7439999999999998,False,False,False,True
VER,Red Bull Racing,37,0 days 00:01:37.580000,0 days 00:00:25.829000,0 days 00:00:29.341000,0 days 00:00:42.410000,ULTRASOFT,39,1,,,1,True,0 days 01:12:33.184000,97.58,25.829,29.341,42.41,4353.184,4355.921,19.2,24.8,1018.1,False,37.0,242,2.2,False,True,False,FORMULA 1 2018 HEINEKEN CHINESE GRAND PRIX,Shanghai,China,,,Permanent,,,0.2646956343513015,0.3006866161098586,0.4346177495388399,1,False,Chinese Grand Prix,chinese_grand_prix,2018,2018-04-15,101.39367441860465,43,Opening,1.3739999999999952,False,False,False,True
RIC,Red Bull Racing,37,0 days 00:01:37.696000,0 days 00:00:25.925000,0 days 00:00:29.779000,0 days 00:00:41.992000,ULTRASOFT,39,1,,,1,True,0 days 01:12:34.416000,97.696,25.925,29.779,41.992,4354.416,4355.921,19.2,24.8,1018.1,False,37.0,242,2.2,False,True,False,FORMULA 1 2018 HEINEKEN CHINESE GRAND PRIX,Shanghai,China,,,Permanent,,,0.26536398624303964,0.304812888961677,0.4298231247952833,1,False,Chinese Grand Prix,chinese_grand_prix,2018,2018-04-15,101.17729545454546,44,Opening,1.9110000000000014,False,False,False,True
RAI,Ferrari,37,0 days 00:01:38.991000,0 days 00:00:26.368000,0 days 00:00:29.642000,0 days 00:00:42.981000,Soft,39,1,,,1,True,0 days 01:12:35.075000,98.991,26.368,29.642,42.981,4355.075,4355.921,19.2,24.8,1018.1,False,37.0,242,2.2,False,True,False,FORMULA 1 2018 HEINEKEN CHINESE GRAND PRIX,Shanghai,China,,,Permanent,,,0.26636764958430564,0.2994413633562647,0.43419098705942966,1,False,Chinese Grand Prix,chinese_grand_prix,2018,2018-04-15,102.48924444444444,45,Opening,2.5349999999999966,False,False,False,True
HUL,Renault,37,0 days 00:01:38.648000,0 days 00:00:26.177000,0 days 00:00:29.717000,0 days 00:00:42.754000,ULTRASOFT,39,1,,,1,True,0 days 01:12:36.510000,98.648,26.177,29.717,42.754,4356.51,4355.921,19.2,24.8,1018.1,False,37.0,242,2.2,False,True,False,FORMULA 1 2018 HEINEKEN CHINESE GRAND PRIX,Shanghai,China,,,Permanent,,,0.2653576352282864,0.3012428026924013,0.4333995620793123,1,False,Chinese Grand Prix,chinese_grand_prix,2018,2018-04-15,102.89104545454546,44,Opening,1.766999999999996,False,False,False,True
MAG,Haas F1 Team,37,0 days 00:01:39.130000,0 days 00:00:26.253000,0 days 00:00:29.810000,0 days 00:00:43.067000,Soft,40,1,,,1,True,0 days 01:12:38.986000,99.13,26.253,29.81,43.067,4358.986,4355.921,19.2,24.8,1018.1,False,37.0,242,2.2,False,True,False,FORMULA 1 2018 HEINEKEN CHINESE GRAND PRIX,Shanghai,China,,,Permanent,,,0.26483405628972057,0.3007162312115404,0.43444971249873904,1,False,Chinese Grand Prix,chinese_grand_prix,2018,2018-04-15,104.04457777777779,45,Opening,0.9779999999999944,False,False,False,True
ALO,McLaren,37,0 days 00:01:39.183000,0 days 00:00:26.256000,0 days 00:00:29.840000,0 days 00:00:43.087000,Soft,36,1,,,1,True,0 days 01:12:39.933000,99.183,26.256,29.84,43.087,4359.933,4355.921,19.2,24.8,1018.1,False,37.0,242,2.2,False,True,False,FORMULA 1 2018 HEINEKEN CHINESE GRAND PRIX,Shanghai,China,,,Permanent,,,0.264722785154714,0.30085800994121975,0.4344192049040662,1,False,Chinese Grand Prix,chinese_grand_prix,2018,2018-04-15,103.92247826086957,46,Opening,1.9490000000000123,False,False,False,True
SAI,Renault,37,0 days 00:01:38.593000,0 days 00:00:26.341000,0 days 00:00:29.741000,0 days 00:00:42.511000,ULTRASOFT,39,1,,,1,True,0 days 01:12:40.546000,98.593,26.341,29.741,42.511,4360.546,4355.921,19.2,24.8,1018.1,False,37.0,242,2.2,False,True,False,FORMULA 1 2018 HEINEKEN CHINESE GRAND PRIX,Shanghai,China,,,Permanent,,,0.2671690687979877,0.30165427565851527,0.431176655543497,1,False,Chinese Grand Prix,chinese_grand_prix,2018,2018-04-15,103.05313636363636,44,Opening,0.8389999999999986,False,False,False,True
GRO,Haas F1 Team,37,0 days 00:01:39.913000,0 days 00:00:26.987000,0 days 00:00:30.136000,0 days 00:00:42.790000,ULTRASOFT,39,1,,,1,True,0 days 01:12:42.510000,99.913,26.987,30.136,42.79,4362.51,4355.921,19.2,24.8,1018.1,False,37.0,242,2.2,False,True,False,FORMULA 1 2018 HEINEKEN CHINESE GRAND PRIX,Shanghai,China,,,Permanent,,,0.27010499134246796,0.3016224114980033,0.4282725971595288,1,False,Chinese Grand Prix,chinese_grand_prix,2018,2018-04-15,104.38857777777777,45,Opening,2.503,False,False,False,True
OCO,Force India,37,0 days 00:01:40.271000,0 days 00:00:27.082000,0 days 00:00:30.356000,0 days 00:00:42.833000,Soft,36,1,,,1,True,0 days 01:12:43.101000,100.271,27.082,30.356,42.833,4363.101,4355.921,19.2,24.8,1018.1,False,37.0,242,2.2,False,True,False,FORMULA 1 2018 HEINEKEN CHINESE GRAND PRIX,Shanghai,China,,,Permanent,,,0.27008806135373137,0.30273957574971827,0.4271723628965503,1,False,Chinese Grand Prix,chinese_grand_prix,2018,2018-04-15,104.14320000000001,45,Opening,2.2860000000000014,False,False,False,True
PER,Force India,37,0 days 00:01:40.062000,0 days 00:00:26.593000,0 days 00:00:30.315000,0 days 00:00:43.154000,ULTRASOFT,39,1,,,1,True,0 days 01:12:43.723000,100.062,26.593,30.315,43.154,4363.723,4355.921,19.2,24.8,1018.1,False,37.0,242,2.2,False,True,False,FORMULA 1 2018 HEINEKEN CHINESE GRAND PRIX,Shanghai,China,,,Permanent,,,0.2657652255601527,0.3029621634586557,0.4312726109811917,1,False,Chinese Grand Prix,chinese_grand_prix,2018,2018-04-15,104.14991111111111,45,Opening,2.388999999999996,False,False,False,True
VAN,McLaren,37,0 days 00:01:40.412000,0 days 00:00:26.695000,0 days 00:00:30.283000,0 days 00:00:43.434000,Soft,36,1,,,1,True,0 days 01:12:44.971000,100.412,26.695,30.283,43.434,4364.971,4355.921,19.2,24.8,1018.1,False,37.0,242,2.2,False,True,False,FORMULA 1 2018 HEINEKEN CHINESE GRAND PRIX,Shanghai,China,,,Permanent,,,0.26585467872365853,0.30158745966617534,0.4325578616101661,1,False,Chinese Grand Prix,chinese_grand_prix,2018,2018-04-15,104.21526666666666,45,Opening,2.2750000000000057,False,False,False,True
STR,Williams,37,0 days 00:01:41.083000,0 days 00:00:27.146000,0 days 00:00:30.626000,0 days 00:00:43.311000,Soft,36,1,,,1,True,0 days 01:12:46.090000,101.083,27.146,30.626,43.311,4366.09,4355.921,19.2,24.8,1018.1,False,37.0,242,2.2,False,True,False,FORMULA 1 2018 HEINEKEN CHINESE GRAND PRIX,Shanghai,China,,,Permanent,,,0.26855158632015275,0.3029787402431665,0.42846967343668074,1,False,Chinese Grand Prix,chinese_grand_prix,2018,2018-04-15,104.3311111111111,45,Opening,2.5829999999999984,False,False,False,True
GAS,Toro Rosso,37,0 days 00:01:41.631000,0 days 00:00:26.911000,0 days 00:00:31.203000,0 days 00:00:43.517000,Medium,36,1,,,1,True,0 days 01:12:46.982000,101.631,26.911,31.203,43.517,4366.982,4355.921,19.2,24.8,1018.1,False,37.0,242,2.2,False,True,False,FORMULA 1 2018 HEINEKEN CHINESE GRAND PRIX,Shanghai,China,,,Permanent,,,0.26479125463687264,0.30702246361838414,0.42818628174474327,1,False,Chinese Grand Prix,chinese_grand_prix,2018,2018-04-15,102.94286363636364,44,Opening,3.263999999999996,False,False,False,True
SIR,Williams,37,0 days 00:01:41.396000,0 days 00:00:26.673000,0 days 00:00:30.993000,0 days 00:00:43.730000,Soft,36,1,,,1,True,0 days 01:12:47.612000,101.396,26.673,30.993,43.73,4367.612,4355.921,19.2,24.8,1018.1,False,37.0,242,2.2,False,True,False,FORMULA 1 2018 HEINEKEN CHINESE GRAND PRIX,Shanghai,China,,,Permanent,,,0.2630577143082567,0.3056629452838376,0.4312793404079056,1,False,Chinese Grand Prix,chinese_grand_prix,2018,2018-04-15,104.34546666666667,45,Opening,2.7720000000000056,False,False,False,True
LEC,Sauber,37,0 days 00:01:40.416000,0 days 00:00:26.784000,0 days 00:00:30.308000,0 days 00:00:43.324000,Soft,36,1,,,1,True,0 days 01:12:53.757000,100.416,26.784,30.308,43.324,4373.757,4355.921,19.2,24.8,1018.1,False,37.0,242,2.2,False,True,False,FORMULA 1 2018 HEINEKEN CHINESE GRAND PRIX,Shanghai,China,,,Permanent,,,0.26673040152963673,0.3018244104525175,0.43144518801784576,1,False,Chinese Grand Prix,chinese_grand_prix,2018,2018-04-15,102.08430232558139,43,Opening,1.6079999999999899,False,False,False,True
ERI,Sauber,37,0 days 00:01:40.246000,0 days 00:00:26.646000,0 days 00:00:30.455000,0 days 00:00:43.145000,Soft,36,1,,,1,True,0 days 01:12:54.226000,100.246,26.646,30.455,43.145,4374.226,4355.921,19.2,24.8,1018.1,False,37.0,242,2.2,False,True,False,FORMULA 1 2018 HEINEKEN CHINESE GRAND PRIX,Shanghai,China,,,Permanent,,,0.2658061169522974,0.30380264549208946,0.43039123755561326,1,False,Chinese Grand Prix,chinese_grand_prix,2018,2018-04-15,102.02637209302326,43,Opening,1.8599999999999994,False,False,False,True
HAR,Toro Rosso,37,0 days 00:01:40.408000,0 days 00:00:26.650000,0 days 00:00:30.250000,0 days 00:00:43.508000,ULTRASOFT,36,1,,,1,True,0 days 01:12:55.380000,100.408,26.65,30.25,43.508,4375.38,4355.921,19.2,24.8,1018.1,False,37.0,242,2.2,False,True,False,FORMULA 1 2018 HEINEKEN CHINESE GRAND PRIX,Shanghai,China,,,Permanent,,,0.26541709823918413,0.30127081507449605,0.4333120866863198,1,False,Chinese Grand Prix,chinese_grand_prix,2018,2018-04-15,102.14634883720929,43,Opening,1.0319999999999965,False,False,False,True
BOT,Mercedes,38,0 days 00:01:37.841000,0 days 00:00:26.151000,0 days 00:00:29.347000,0 days 00:00:42.343000,Soft,40,1,,,1,True,0 days 01:14:07.358000,97.841,26.151,29.347,42.343,4447.358,4473.768,19.2,24.9,1018.0,False,37.0,287,1.3,False,True,False,FORMULA 1 2018 HEINEKEN CHINESE GRAND PRIX,Shanghai,China,,,Permanent,,,0.2672805878926013,0.2999458304800646,0.4327735816273342,1,False,Chinese Grand Prix,chinese_grand_prix,2018,2018-04-15,101.08895454545454,44,Opening,0.8539999999999992,False,False,False,True
VET,Ferrari,38,0 days 00:01:37.822000,0 days 00:00:26.271000,0 days 00:00:29.283000,0 days 00:00:42.268000,Soft,39,1,,,1,True,0 days 01:14:08.970000,97.822,26.271,29.283,42.268,4448.97,4473.768,19.2,24.9,1018.0,False,37.0,287,1.3,False,True,False,FORMULA 1 2018 HEINEKEN CHINESE GRAND PRIX,Shanghai,China,,,Permanent,,,0.26855921980740527,0.29934983950440597,0.43209094068818876,1,False,Chinese Grand Prix,chinese_grand_prix,2018,2018-04-15,101.62033333333333,42,Opening,0.3430000000000035,False,False,False,True
HAM,Mercedes,38,0 days 00:01:37.623000,0 days 00:00:26.132000,0 days 00:00:29.435000,0 days 00:00:42.056000,Soft,40,1,,,1,True,0 days 01:14:09.889000,97.623,26.132,29.435,42.056,4449.889,4473.768,19.2,24.9,1018.0,False,37.0,287,1.3,False,True,False,FORMULA 1 2018 HEINEKEN CHINESE GRAND PRIX,Shanghai,China,,,Permanent,,,0.2676828206467738,0.3015170605287688,0.4308001188244573,1,False,Chinese Grand Prix,chinese_grand_prix,2018,2018-04-15,101.40695348837208,43,Opening,0.7450000000000045,False,False,False,True
VER,Red Bull Racing,38,0 days 00:01:37.386000,0 days 00:00:25.947000,0 days 00:00:29.320000,0 days 00:00:42.119000,ULTRASOFT,40,1,,,1,True,0 days 01:14:10.570000,97.386,25.947,29.32,42.119,4450.57,4473.768,19.2,24.9,1018.0,False,37.0,287,1.3,False,True,False,FORMULA 1 2018 HEINEKEN CHINESE GRAND PRIX,Shanghai,China,,,Permanent,,,0.2664346004559177,0.3010699689893825,0.43249543055469986,1,False,Chinese Grand Prix,chinese_grand_prix,2018,2018-04-15,101.39367441860465,43,Opening,1.1799999999999926,False,False,False,True
RIC,Red Bull Racing,38,0 days 00:01:37.018000,0 days 00:00:25.939000,0 days 00:00:29.127000,0 days 00:00:41.952000,ULTRASOFT,40,1,,,1,True,0 days 01:14:11.434000,97.018,25.939,29.127,41.952,4451.434,4473.768,19.2,24.9,1018.0,False,37.0,287,1.3,False,True,False,FORMULA 1 2018 HEINEKEN CHINESE GRAND PRIX,Shanghai,China,,,Permanent,,,0.26736275742645693,0.30022263909789937,0.4324146034756437,1,False,Chinese Grand Prix,chinese_grand_prix,2018,2018-04-15,101.17729545454546,44,Opening,1.233000000000004,False,False,False,True
RAI,Ferrari,38,0 days 00:01:37.942000,0 days 00:00:26.280000,0 days 00:00:29.449000,0 days 00:00:42.213000,Soft,40,1,,,1,True,0 days 01:14:13.017000,97.942,26.28,29.449,42.213,4453.017,4473.768,19.2,24.9,1018.0,False,37.0,287,1.3,False,True,False,FORMULA 1 2018 HEINEKEN CHINESE GRAND PRIX,Shanghai,China,,,Permanent,,,0.26832206816279025,0.3006779522574585,0.43099997957975134,1,False,Chinese Grand Prix,chinese_grand_prix,2018,2018-04-15,102.48924444444444,45,Opening,1.48599999999999,False,False,False,True
HUL,Renault,38,0 days 00:01:38.591000,0 days 00:00:26.084000,0 days 00:00:29.879000,0 days 00:00:42.628000,ULTRASOFT,40,1,,,1,True,0 days 01:14:15.101000,98.591,26.084,29.879,42.628,4455.101,4473.768,19.2,24.9,1018.0,False,37.0,287,1.3,False,True,False,FORMULA 1 2018 HEINEKEN CHINESE GRAND PRIX,Shanghai,China,,,Permanent,,,0.2645677597346614,0.3030601170492236,0.43237212321611507,1,False,Chinese Grand Prix,chinese_grand_prix,2018,2018-04-15,102.89104545454546,44,Opening,1.7099999999999937,False,False,False,True
MAG,Haas F1 Team,38,0 days 00:01:38.807000,0 days 00:00:26.255000,0 days 00:00:29.781000,0 days 00:00:42.771000,Soft,41,1,,,1,True,0 days 01:14:17.793000,98.807,26.255,29.781,42.771,4457.793,4473.768,19.2,24.9,1018.0,False,37.0,287,1.3,False,True,False,FORMULA 1 2018 HEINEKEN CHINESE GRAND PRIX,Shanghai,China,,,Permanent,,,0.2657200400781321,0.3014057708461951,0.43287418907567277,1,False,Chinese Grand Prix,chinese_grand_prix,2018,2018-04-15,104.04457777777779,45,Opening,0.6550000000000011,False,False,False,True
ALO,McLaren,38,0 days 00:01:38.636000,0 days 00:00:26.122000,0 days 00:00:29.873000,0 days 00:00:42.641000,Soft,37,1,,,1,True,0 days 01:14:18.569000,98.636,26.122,29.873,42.641,4458.569,4473.768,19.2,24.9,1018.0,False,37.0,287,1.3,False,True,False,FORMULA 1 2018 HEINEKEN CHINESE GRAND PRIX,Shanghai,China,,,Permanent,,,0.26483231274585345,0.3028610243724401,0.4323066628817065,1,False,Chinese Grand Prix,chinese_grand_prix,2018,2018-04-15,103.92247826086957,46,Opening,1.402000000000001,False,False,False,True
SAI,Renault,38,0 days 00:01:38.559000,0 days 00:00:26.324000,0 days 00:00:29.858000,0 days 00:00:42.377000,ULTRASOFT,40,1,,,1,True,0 days 01:14:19.105000,98.559,26.324,29.858,42.377,4459.105,4473.768,19.2,24.9,1018.0,False,37.0,287,1.3,False,True,False,FORMULA 1 2018 HEINEKEN CHINESE GRAND PRIX,Shanghai,China,,,Permanent,,,0.2670887488712345,0.30294544384581823,0.4299658072829473,1,False,Chinese Grand Prix,chinese_grand_prix,2018,2018-04-15,103.05313636363636,44,Opening,0.8049999999999926,False,False,False,True
GRO,Haas F1 Team,38,0 days 00:01:39.503000,0 days 00:00:26.620000,0 days 00:00:30.060000,0 days 00:00:42.823000,ULTRASOFT,40,1,,,1,True,0 days 01:14:22.013000,99.503,26.62,30.06,42.823,4462.013,4473.768,19.2,24.9,1018.0,False,37.0,287,1.3,False,True,False,FORMULA 1 2018 HEINEKEN CHINESE GRAND PRIX,Shanghai,China,,,Permanent,,,0.2675296222224456,0.30210144417756246,0.43036893359999195,1,False,Chinese Grand Prix,chinese_grand_prix,2018,2018-04-15,104.38857777777777,45,Opening,2.0930000000000035,False,False,False,True
OCO,Force India,38,0 days 00:01:39.379000,0 days 00:00:26.198000,0 days 00:00:30.359000,0 days 00:00:42.822000,Soft,37,1,,,1,True,0 days 01:14:22.480000,99.379,26.198,30.359,42.822,4462.48,4473.768,19.2,24.9,1018.0,False,37.0,287,1.3,False,True,False,FORMULA 1 2018 HEINEKEN CHINESE GRAND PRIX,Shanghai,China,,,Permanent,,,0.26361706195473894,0.30548707473409875,0.4308958633111623,1,False,Chinese Grand Prix,chinese_grand_prix,2018,2018-04-15,104.14320000000001,45,Opening,1.3940000000000055,False,False,False,True
PER,Force India,38,0 days 00:01:39.287000,0 days 00:00:26.442000,0 days 00:00:30.049000,0 days 00:00:42.796000,ULTRASOFT,40,1,,,1,True,0 days 01:14:23.010000,99.287,26.442,30.049,42.796,4463.01,4473.768,19.2,24.9,1018.0,False,37.0,287,1.3,False,True,False,FORMULA 1 2018 HEINEKEN CHINESE GRAND PRIX,Shanghai,China,,,Permanent,,,0.2663188534249197,0.3026478793799792,0.43103326719510104,1,False,Chinese Grand Prix,chinese_grand_prix,2018,2018-04-15,104.14991111111111,45,Opening,1.6140000000000043,False,False,False,True
VAN,McLaren,38,0 days 00:01:39.572000,0 days 00:00:26.396000,0 days 00:00:30.064000,0 days 00:00:43.112000,Soft,37,1,,,1,True,0 days 01:14:24.543000,99.572,26.396,30.064,43.112,4464.543,4473.768,19.2,24.9,1018.0,False,37.0,287,1.3,False,True,False,FORMULA 1 2018 HEINEKEN CHINESE GRAND PRIX,Shanghai,China,,,Permanent,,,0.26509460490901054,0.3019322701160969,0.43297312497489254,1,False,Chinese Grand Prix,chinese_grand_prix,2018,2018-04-15,104.21526666666666,45,Opening,1.4350000000000023,False,False,False,True
STR,Williams,38,0 days 00:01:40.133000,0 days 00:00:26.810000,0 days 00:00:30.164000,0 days 00:00:43.159000,Soft,37,1,,,1,True,0 days 01:14:26.223000,100.133,26.81,30.164,43.159,4466.223,4473.768,19.2,24.9,1018.0,False,37.0,287,1.3,False,True,False,FORMULA 1 2018 HEINEKEN CHINESE GRAND PRIX,Shanghai,China,,,Permanent,,,0.2677439006121858,0.30123935166228916,0.43101674772552506,1,False,Chinese Grand Prix,chinese_grand_prix,2018,2018-04-15,104.3311111111111,45,Opening,1.6329999999999956,False,False,False,True
GAS,Toro Rosso,38,0 days 00:01:40.225000,0 days 00:00:26.779000,0 days 00:00:30.178000,0 days 00:00:43.268000,Medium,37,1,,,1,True,0 days 01:14:27.207000,100.225,26.779,30.178,43.268,4467.207,4473.768,19.2,24.9,1018.0,False,37.0,287,1.3,False,True,False,FORMULA 1 2018 HEINEKEN CHINESE GRAND PRIX,Shanghai,China,,,Permanent,,,0.2671888251434273,0.3011025193315041,0.43170865552506865,1,False,Chinese Grand Prix,chinese_grand_prix,2018,2018-04-15,102.94286363636364,44,Opening,1.8579999999999899,False,False,False,True
SIR,Williams,38,0 days 00:01:40.482000,0 days 00:00:26.726000,0 days 00:00:30.503000,0 days 00:00:43.253000,Soft,37,1,,,1,True,0 days 01:14:28.094000,100.482,26.726,30.503,43.253,4468.094,4473.768,19.2,24.9,1018.0,False,37.0,287,1.3,False,True,False,FORMULA 1 2018 HEINEKEN CHINESE GRAND PRIX,Shanghai,China,,,Permanent,,,0.26597798610696444,0.30356680798550983,0.43045520590752573,1,False,Chinese Grand Prix,chinese_grand_prix,2018,2018-04-15,104.34546666666667,45,Opening,1.858000000000004,False,False,False,True
LEC,Sauber,38,0 days 00:01:40.655000,0 days 00:00:26.815000,0 days 00:00:30.302000,0 days 00:00:43.538000,Soft,37,1,,,1,True,0 days 01:14:34.412000,100.655,26.815,30.302,43.538,4474.412,4473.768,19.2,24.9,1018.0,False,37.0,287,1.3,False,True,False,FORMULA 1 2018 HEINEKEN CHINESE GRAND PRIX,Shanghai,China,,,Permanent,,,0.2664050469425265,0.3010481347175997,0.4325468183398738,1,False,Chinese Grand Prix,chinese_grand_prix,2018,2018-04-15,102.08430232558139,43,Opening,1.8469999999999942,False,False,False,True
ERI,Sauber,38,0 days 00:01:40.896000,0 days 00:00:26.785000,0 days 00:00:30.451000,0 days 00:00:43.660000,Soft,37,1,,,1,True,0 days 01:14:35.122000,100.896,26.785,30.451,43.66,4475.122,4473.768,19.2,24.9,1018.0,False,37.0,287,1.3,False,True,False,FORMULA 1 2018 HEINEKEN CHINESE GRAND PRIX,Shanghai,China,,,Permanent,,,0.265471376466857,0.3018058198541072,0.4327228036790358,1,False,Chinese Grand Prix,chinese_grand_prix,2018,2018-04-15,102.02637209302326,43,Opening,2.510000000000005,False,False,False,True
HAR,Toro Rosso,38,0 days 00:01:40.270000,0 days 00:00:26.569000,0 days 00:00:30.176000,0 days 00:00:43.525000,ULTRASOFT,37,1,,,1,True,0 days 01:14:35.650000,100.27,26.569,30.176,43.525,4475.65,4473.768,19.2,24.9,1018.0,False,37.0,287,1.3,False,True,False,FORMULA 1 2018 HEINEKEN CHINESE GRAND PRIX,Shanghai,China,,,Permanent,,,0.26497456866460556,0.3009474419068515,0.4340779894285429,1,False,Chinese Grand Prix,chinese_grand_prix,2018,2018-04-15,102.14634883720929,43,Opening,0.8939999999999912,False,False,False,True
BOT,Mercedes,39,0 days 00:01:37.775000,0 days 00:00:26.182000,0 days 00:00:29.324000,0 days 00:00:42.269000,Soft,41,1,,,1,True,0 days 01:15:45.133000,97.775,26.182,29.324,42.269,4545.133,4533.781,19.1,24.7,1017.9,False,38.0,238,2.0,False,True,False,FORMULA 1 2018 HEINEKEN CHINESE GRAND PRIX,Shanghai,China,,,Permanent,,,0.26777806187675784,0.2999130657120941,0.432308872411148,1,False,Chinese Grand Prix,chinese_grand_prix,2018,2018-04-15,101.08895454545454,44,Opening,0.7880000000000109,False,False,False,True
VET,Ferrari,39,0 days 00:01:37.602000,0 days 00:00:26.252000,0 days 00:00:29.132000,0 days 00:00:42.218000,Soft,40,1,,,1,True,0 days 01:15:46.572000,97.602,26.252,29.132,42.218,4546.572,4533.781,19.1,24.7,1017.9,False,38.0,238,2.0,False,True,False,FORMULA 1 2018 HEINEKEN CHINESE GRAND PRIX,Shanghai,China,,,Permanent,,,0.2689698981578246,0.29847749021536446,0.43255261162681097,1,False,Chinese Grand Prix,chinese_grand_prix,2018,2018-04-15,101.62033333333333,42,Opening,0.12300000000000466,False,False,False,True
HAM,Mercedes,39,0 days 00:01:38.224000,0 days 00:00:26.184000,0 days 00:00:29.835000,0 days 00:00:42.205000,Soft,41,1,,,1,True,0 days 01:15:48.113000,98.224,26.184,29.835,42.205,4548.113,4533.781,19.1,24.7,1017.9,False,38.0,238,2.0,False,True,False,FORMULA 1 2018 HEINEKEN CHINESE GRAND PRIX,Shanghai,China,,,Permanent,,,0.2665743606450562,0.3037445023619482,0.4296811369929956,1,False,Chinese Grand Prix,chinese_grand_prix,2018,2018-04-15,101.40695348837208,43,Opening,1.3460000000000036,False,False,False,True
RIC,Red Bull Racing,39,0 days 00:01:37.326000,0 days 00:00:25.774000,0 days 00:00:29.637000,0 days 00:00:41.915000,ULTRASOFT,41,1,,,1,True,0 days 01:15:48.760000,97.326,25.774,29.637,41.915,4548.76,4533.781,19.1,24.7,1017.9,False,38.0,238,2.0,False,True,False,FORMULA 1 2018 HEINEKEN CHINESE GRAND PRIX,Shanghai,China,,,Permanent,,,0.2648213221544089,0.30451266876271504,0.4306660090828761,1,False,Chinese Grand Prix,chinese_grand_prix,2018,2018-04-15,101.17729545454546,44,Opening,1.5409999999999968,False,False,False,True
VER,Red Bull Racing,39,0 days 00:01:39.563000,0 days 00:00:25.718000,0 days 00:00:31.669000,0 days 00:00:42.176000,ULTRASOFT,41,1,,,1,True,0 days 01:15:50.133000,99.563,25.718,31.669,42.176,4550.133,4533.781,19.1,24.7,1017.9,False,38.0,238,2.0,False,True,False,FORMULA 1 2018 HEINEKEN CHINESE GRAND PRIX,Shanghai,China,,,Permanent,,,0.25830880949750407,0.3180800096421361,0.42361118086035976,1,False,Chinese Grand Prix,chinese_grand_prix,2018,2018-04-15,101.39367441860465,43,Opening,3.3569999999999993,False,False,False,True
RAI,Ferrari,39,0 days 00:01:37.778000,0 days 00:00:26.148000,0 days 00:00:29.351000,0 days 00:00:42.279000,Soft,41,1,,,1,True,0 days 01:15:50.795000,97.778,26.148,29.351,42.279,4550.795,4533.781,19.1,24.7,1017.9,False,38.0,238,2.0,False,True,False,FORMULA 1 2018 HEINEKEN CHINESE GRAND PRIX,Shanghai,China,,,Permanent,,,0.26742211949518296,0.30017999959091,0.432397880913907,1,False,Chinese Grand Prix,chinese_grand_prix,2018,2018-04-15,102.48924444444444,45,Opening,1.3220000000000027,False,False,False,True
HUL,Renault,39,0 days 00:01:38.358000,0 days 00:00:26.088000,0 days 00:00:29.813000,0 days 00:00:42.457000,ULTRASOFT,41,1,,,1,True,0 days 01:15:53.459000,98.358,26.088,29.813,42.457,4553.459,4533.781,19.1,24.7,1017.9,False,38.0,238,2.0,False,True,False,FORMULA 1 2018 HEINEKEN CHINESE GRAND PRIX,Shanghai,China,,,Permanent,,,0.26523516134935643,0.3031070172227983,0.4316578214278452,1,False,Chinese Grand Prix,chinese_grand_prix,2018,2018-04-15,102.89104545454546,44,Opening,1.4770000000000039,False,False,False,True
MAG,Haas F1 Team,39,0 days 00:01:38.231000,0 days 00:00:26.204000,0 days 00:00:29.518000,0 days 00:00:42.509000,Soft,42,1,,,1,True,0 days 01:15:56.024000,98.231,26.204,29.518,42.509,4556.024,4533.781,19.1,24.7,1017.9,False,38.0,238,2.0,False,True,False,FORMULA 1 2018 HEINEKEN CHINESE GRAND PRIX,Shanghai,China,,,Permanent,,,0.26675896611049466,0.3004957701743849,0.4327452637151205,1,False,Chinese Grand Prix,chinese_grand_prix,2018,2018-04-15,104.04457777777779,45,Opening,0.07899999999999352,False,False,False,True
ALO,McLaren,39,0 days 00:01:37.961000,0 days 00:00:26.053000,0 days 00:00:29.589000,0 days 00:00:42.319000,Soft,38,1,,,1,True,0 days 01:15:56.530000,97.961,26.053,29.589,42.319,4556.53,4533.781,19.1,24.7,1017.9,False,38.0,238,2.0,False,True,False,FORMULA 1 2018 HEINEKEN CHINESE GRAND PRIX,Shanghai,China,,,Permanent,,,0.2659527771255908,0.3020487745123059,0.4319984483621033,1,False,Chinese Grand Prix,chinese_grand_prix,2018,2018-04-15,103.92247826086957,46,Opening,0.7270000000000039,False,False,False,True
SAI,Renault,39,0 days 00:01:38.161000,0 days 00:00:26.176000,0 days 00:00:29.654000,0 days 00:00:42.331000,ULTRASOFT,41,1,,,1,True,0 days 01:15:57.266000,98.161,26.176,29.654,42.331,4557.266,4533.781,19.1,24.7,1017.9,False,38.0,238,2.0,False,True,False,FORMULA 1 2018 HEINEKEN CHINESE GRAND PRIX,Shanghai,China,,,Permanent,,,0.2666639500412587,0.30209553692403296,0.4312405130347083,1,False,Chinese Grand Prix,chinese_grand_prix,2018,2018-04-15,103.05313636363636,44,Opening,0.4069999999999965,False,False,False,True
GRO,Haas F1 Team,39,0 days 00:01:39.010000,0 days 00:00:26.574000,0 days 00:00:29.727000,0 days 00:00:42.709000,ULTRASOFT,41,1,,,1,True,0 days 01:16:01.023000,99.01,26.574,29.727,42.709,4561.023,4533.781,19.1,24.7,1017.9,False,38.0,238,2.0,False,True,False,FORMULA 1 2018 HEINEKEN CHINESE GRAND PRIX,Shanghai,China,,,Permanent,,,0.2683971316028684,0.30024239975760025,0.43136046863953137,1,False,Chinese Grand Prix,chinese_grand_prix,2018,2018-04-15,104.38857777777777,45,Opening,1.6000000000000085,False,False,False,True
OCO,Force India,39,0 days 00:01:39.427000,0 days 00:00:26.193000,0 days 00:00:30.348000,0 days 00:00:42.886000,Soft,38,1,,,1,True,0 days 01:16:01.907000,99.427,26.193,30.348,42.886,4561.907,4533.781,19.1,24.7,1017.9,False,38.0,238,2.0,False,True,False,FORMULA 1 2018 HEINEKEN CHINESE GRAND PRIX,Shanghai,China,,,Permanent,,,0.26343950838303476,0.30522896195198485,0.43133152966498034,1,False,Chinese Grand Prix,chinese_grand_prix,2018,2018-04-15,104.14320000000001,45,Opening,1.4420000000000073,False,False,False,True
PER,Force India,39,0 days 00:01:39.297000,0 days 00:00:26.409000,0 days 00:00:30.192000,0 days 00:00:42.696000,ULTRASOFT,41,1,,,1,True,0 days 01:16:02.307000,99.297,26.409,30.192,42.696,4562.307,4533.781,19.1,24.7,1017.9,False,38.0,238,2.0,False,True,False,FORMULA 1 2018 HEINEKEN CHINESE GRAND PRIX,Shanghai,China,,,Permanent,,,0.265959696667573,0.30405752439650746,0.4299827789359195,1,False,Chinese Grand Prix,chinese_grand_prix,2018,2018-04-15,104.14991111111111,45,Opening,1.6239999999999952,False,False,False,True
VAN,McLaren,39,0 days 00:01:39.364000,0 days 00:00:26.519000,0 days 00:00:29.840000,0 days 00:00:43.005000,Soft,38,1,,,1,True,0 days 01:16:03.907000,99.364,26.519,29.84,43.005,4563.907,4593.794,19.1,24.9,1017.8,False,38.0,101,1.9,False,True,False,FORMULA 1 2018 HEINEKEN CHINESE GRAND PRIX,Shanghai,China,,,Permanent,,,0.26688740388873233,0.30030997141821986,0.4328026246930478,1,False,Chinese Grand Prix,chinese_grand_prix,2018,2018-04-15,104.21526666666666,45,Opening,1.2270000000000039,False,False,False,True
STR,Williams,39,0 days 00:01:39.193000,0 days 00:00:26.528000,0 days 00:00:29.914000,0 days 00:00:42.751000,Soft,38,1,,,1,True,0 days 01:16:05.416000,99.193,26.528,29.914,42.751,4565.416,4593.794,19.1,24.9,1017.8,False,38.0,101,1.9,False,True,False,FORMULA 1 2018 HEINEKEN CHINESE GRAND PRIX,Shanghai,China,,,Permanent,,,0.26743822648775617,0.30157369975703935,0.4309880737552045,1,False,Chinese Grand Prix,chinese_grand_prix,2018,2018-04-15,104.3311111111111,45,Opening,0.6929999999999978,False,False,False,True
GAS,Toro Rosso,39,0 days 00:01:39.098000,0 days 00:00:26.419000,0 days 00:00:29.943000,0 days 00:00:42.736000,Medium,38,1,,,1,True,0 days 01:16:06.305000,99.098,26.419,29.943,42.736,4566.305,4593.794,19.1,24.9,1017.8,False,38.0,101,1.9,False,True,False,FORMULA 1 2018 HEINEKEN CHINESE GRAND PRIX,Shanghai,China,,,Permanent,,,0.2665946840501322,0.30215544208763045,0.43124987386223734,1,False,Chinese Grand Prix,chinese_grand_prix,2018,2018-04-15,102.94286363636364,44,Opening,0.7309999999999945,False,False,False,True
SIR,Williams,39,0 days 00:01:39.737000,0 days 00:00:26.660000,0 days 00:00:29.988000,0 days 00:00:43.089000,Soft,38,1,,,1,True,0 days 01:16:07.831000,99.737,26.66,29.988,43.089,4567.831,4593.794,19.1,24.9,1017.8,False,38.0,101,1.9,False,True,False,FORMULA 1 2018 HEINEKEN CHINESE GRAND PRIX,Shanghai,China,,,Permanent,,,0.2673030069081685,0.3006707641096083,0.43202622898222326,1,False,Chinese Grand Prix,chinese_grand_prix,2018,2018-04-15,104.34546666666667,45,Opening,1.1129999999999995,False,False,False,True
LEC,Sauber,39,0 days 00:01:40.009000,0 days 00:00:26.753000,0 days 00:00:30.121000,0 days 00:00:43.135000,Soft,38,1,,,1,True,0 days 01:16:14.421000,100.009,26.753,30.121,43.135,4574.421,4593.794,19.1,24.9,1017.8,False,38.0,101,1.9,False,True,False,FORMULA 1 2018 HEINEKEN CHINESE GRAND PRIX,Shanghai,China,,,Permanent,,,0.267505924466798,0.30118289353958144,0.43131118199362056,1,False,Chinese Grand Prix,chinese_grand_prix,2018,2018-04-15,102.08430232558139,43,Opening,1.2009999999999934,False,False,False,True
ERI,Sauber,39,0 days 00:01:39.888000,0 days 00:00:26.691000,0 days 00:00:30.129000,0 days 00:00:43.068000,Soft,38,1,,,1,True,0 days 01:16:15.010000,99.888,26.691,30.129,43.068,4575.01,4593.794,19.1,24.9,1017.8,False,38.0,101,1.9,False,True,False,FORMULA 1 2018 HEINEKEN CHINESE GRAND PRIX,Shanghai,China,,,Permanent,,,0.2672092743873138,0.30162782316194137,0.4311629024507448,1,False,Chinese Grand Prix,chinese_grand_prix,2018,2018-04-15,102.02637209302326,43,Opening,1.5020000000000095,False,False,False,True
HAR,Toro Rosso,39,0 days 00:01:40.165000,0 days 00:00:26.703000,0 days 00:00:30.432000,0 days 00:00:43.030000,ULTRASOFT,38,1,,,1,True,0 days 01:16:15.815000,100.165,26.703,30.432,43.03,4575.815,4593.794,19.1,24.9,1017.8,False,38.0,101,1.9,False,True,False,FORMULA 1 2018 HEINEKEN CHINESE GRAND PRIX,Shanghai,China,,,Permanent,,,0.2665901262916188,0.3038186991464084,0.4295911745619727,1,False,Chinese Grand Prix,chinese_grand_prix,2018,2018-04-15,102.14634883720929,43,Opening,0.7890000000000015,False,False,False,True
BOT,Mercedes,40,0 days 00:01:37.788000,0 days 00:00:26.292000,0 days 00:00:29.221000,0 days 00:00:42.275000,Soft,42,1,,,1,True,0 days 01:17:22.921000,97.788,26.292,29.221,42.275,4642.921,4653.862,19.2,24.9,1017.8,False,38.0,237,1.5,False,True,False,FORMULA 1 2018 HEINEKEN CHINESE GRAND PRIX,Shanghai,China,,,Permanent,,,0.2688673456865873,0.2988198961017712,0.4323127582116415,1,False,Chinese Grand Prix,chinese_grand_prix,2018,2018-04-15,101.08895454545454,44,Opening,0.8010000000000019,False,False,False,True
VET,Ferrari,40,0 days 00:01:37.563000,0 days 00:00:26.145000,0 days 00:00:29.301000,0 days 00:00:42.117000,Soft,41,1,,,1,True,0 days 01:17:24.135000,97.563,26.145,29.301,42.117,4644.135,4653.862,19.2,24.9,1017.8,False,38.0,237,1.5,False,True,False,FORMULA 1 2018 HEINEKEN CHINESE GRAND PRIX,Shanghai,China,,,Permanent,,,0.2679806894006949,0.3003290181728729,0.4316902924264321,1,False,Chinese Grand Prix,chinese_grand_prix,2018,2018-04-15,101.62033333333333,42,Opening,0.08400000000000318,False,False,False,True
RIC,Red Bull Racing,40,0 days 00:01:36.967000,0 days 00:00:25.933000,0 days 00:00:29.295000,0 days 00:00:41.739000,ULTRASOFT,42,1,,,1,True,0 days 01:17:25.727000,96.967,25.933,29.295,41.739,4645.727,4653.862,19.2,24.9,1017.8,False,38.0,237,1.5,False,True,False,FORMULA 1 2018 HEINEKEN CHINESE GRAND PRIX,Shanghai,China,,,Permanent,,,0.26744150071673867,0.3021130900203162,0.4304454092629451,1,False,Chinese Grand Prix,chinese_grand_prix,2018,2018-04-15,101.17729545454546,44,Opening,1.1820000000000022,False,False,False,True
HAM,Mercedes,40,0 days 00:01:38.252000,0 days 00:00:26.291000,0 days 00:00:29.141000,0 days 00:00:42.820000,Soft,42,1,,,1,True,0 days 01:17:26.365000,98.252,26.291,29.141,42.82,4646.365,4653.862,19.2,24.9,1017.8,False,38.0,237,1.5,False,True,False,FORMULA 1 2018 HEINEKEN CHINESE GRAND PRIX,Shanghai,China,,,Permanent,,,0.26758742824573545,0.2965944713593616,0.43581810039490293,1,False,Chinese Grand Prix,chinese_grand_prix,2018,2018-04-15,101.40695348837208,43,Opening,1.3739999999999952,False,False,False,True
VER,Red Bull Racing,40,0 days 00:01:37.477000,0 days 00:00:26.141000,0 days 00:00:29.318000,0 days 00:00:42.018000,ULTRASOFT,42,1,,,1,True,0 days 01:17:27.610000,97.477,26.141,29.318,42.018,4647.61,4653.862,19.2,24.9,1017.8,False,38.0,237,1.5,False,True,False,FORMULA 1 2018 HEINEKEN CHINESE GRAND PRIX,Shanghai,China,,,Permanent,,,0.26817608256306613,0.300768386388584,0.43105553104834987,1,False,Chinese Grand Prix,chinese_grand_prix,2018,2018-04-15,101.39367441860465,43,Opening,1.2710000000000008,False,False,False,True
RAI,Ferrari,40,0 days 00:01:38.102000,0 days 00:00:26.341000,0 days 00:00:29.515000,0 days 00:00:42.246000,Soft,42,1,,,1,True,0 days 01:17:28.897000,98.102,26.341,29.515,42.246,4648.897,4653.862,19.2,24.9,1017.8,False,38.0,237,1.5,False,True,False,FORMULA 1 2018 HEINEKEN CHINESE GRAND PRIX,Shanghai,China,,,Permanent,,,0.2685062485983976,0.3008603290452794,0.430633422356323,1,False,Chinese Grand Prix,chinese_grand_prix,2018,2018-04-15,102.48924444444444,45,Opening,1.6460000000000008,False,False,False,True
HUL,Renault,40,0 days 00:01:38.022000,0 days 00:00:26.060000,0 days 00:00:29.516000,0 days 00:00:42.446000,ULTRASOFT,42,1,,,1,True,0 days 01:17:31.481000,98.022,26.06,29.516,42.446,4651.481,4653.862,19.2,24.9,1017.8,False,38.0,237,1.5,False,True,False,FORMULA 1 2018 HEINEKEN CHINESE GRAND PRIX,Shanghai,China,,,Permanent,,,0.2658586847850482,0.30111607598294254,0.4330252392320091,1,False,Chinese Grand Prix,chinese_grand_prix,2018,2018-04-15,102.89104545454546,44,Opening,1.1410000000000053,False,False,False,True
MAG,Haas F1 Team,40,0 days 00:01:38.198000,0 days 00:00:26.215000,0 days 00:00:29.476000,0 days 00:00:42.507000,Soft,43,1,,,1,True,0 days 01:17:34.222000,98.198,26.215,29.476,42.507,4654.222,4653.862,19.2,24.9,1017.8,False,38.0,237,1.5,False,True,False,FORMULA 1 2018 HEINEKEN CHINESE GRAND PRIX,Shanghai,China,,,Permanent,,,0.2669606305627406,0.3001690462127538,0.4328703232245056,1,False,Chinese Grand Prix,chinese_grand_prix,2018,2018-04-15,104.04457777777779,45,Opening,0.04599999999999227,False,False,False,True
ALO,McLaren,40,0 days 00:01:38.407000,0 days 00:00:26.073000,0 days 00:00:29.694000,0 days 00:00:42.640000,Soft,39,1,,,1,True,0 days 01:17:34.937000,98.407,26.073,29.694,42.64,4654.937,4653.862,19.2,24.9,1017.8,False,38.0,237,1.5,False,True,False,FORMULA 1 2018 HEINEKEN CHINESE GRAND PRIX,Shanghai,China,,,Permanent,,,0.2649506640787749,0.30174682695336713,0.433302508967858,1,False,Chinese Grand Prix,chinese_grand_prix,2018,2018-04-15,103.92247826086957,46,Opening,1.1730000000000018,False,False,False,True
SAI,Renault,40,0 days 00:01:38.363000,0 days 00:00:26.232000,0 days 00:00:29.718000,0 days 00:00:42.413000,ULTRASOFT,42,1,,,1,True,0 days 01:17:35.629000,98.363,26.232,29.718,42.413,4655.629,4653.862,19.2,24.9,1017.8,False,38.0,237,1.5,False,True,False,FORMULA 1 2018 HEINEKEN CHINESE GRAND PRIX,Shanghai,China,,,Permanent,,,0.2666856439921515,0.30212579933511585,0.4311885566727326,1,False,Chinese Grand Prix,chinese_grand_prix,2018,2018-04-15,103.05313636363636,44,Opening,0.6089999999999947,False,False,False,True
GRO,Haas F1 Team,40,0 days 00:01:38.787000,0 days 00:00:26.508000,0 days 00:00:29.640000,0 days 00:00:42.639000,ULTRASOFT,42,1,,,1,True,0 days 01:17:39.810000,98.787,26.508,29.64,42.639,4659.81,4653.862,19.2,24.9,1017.8,False,38.0,237,1.5,False,True,False,FORMULA 1 2018 HEINEKEN CHINESE GRAND PRIX,Shanghai,China,,,Permanent,,,0.26833490236569585,0.30003947887879984,0.43162561875550426,1,False,Chinese Grand Prix,chinese_grand_prix,2018,2018-04-15,104.38857777777777,45,Opening,1.3770000000000095,False,False,False,True
OCO,Force India,40,0 days 00:01:38.748000,0 days 00:00:26.202000,0 days 00:00:29.900000,0 days 00:00:42.646000,Soft,39,1,,,1,True,0 days 01:17:40.655000,98.748,26.202,29.9,42.646,4660.655,4653.862,19.2,24.9,1017.8,False,38.0,237,1.5,False,True,False,FORMULA 1 2018 HEINEKEN CHINESE GRAND PRIX,Shanghai,China,,,Permanent,,,0.2653420828776279,0.30279094260136913,0.4318669745210029,1,False,Chinese Grand Prix,chinese_grand_prix,2018,2018-04-15,104.14320000000001,45,Opening,0.7630000000000052,False,False,False,True
PER,Force India,40,0 days 00:01:38.950000,0 days 00:00:26.299000,0 days 00:00:30.129000,0 days 00:00:42.522000,ULTRASOFT,42,1,,,1,True,0 days 01:17:41.257000,98.95,26.299,30.129,42.522,4661.257,4653.862,19.2,24.9,1017.8,False,38.0,237,1.5,False,True,False,FORMULA 1 2018 HEINEKEN CHINESE GRAND PRIX,Shanghai,China,,,Permanent,,,0.2657806973218797,0.30448711470439616,0.4297321879737241,1,False,Chinese Grand Prix,chinese_grand_prix,2018,2018-04-15,104.14991111111111,45,Opening,1.277000000000001,False,False,False,True
VAN,McLaren,40,0 days 00:01:39.393000,0 days 00:00:26.670000,0 days 00:00:29.754000,0 days 00:00:42.969000,Soft,39,1,,,1,True,0 days 01:17:43.300000,99.393,26.67,29.754,42.969,4663.3,4653.862,19.2,24.9,1017.8,False,38.0,237,1.5,False,True,False,FORMULA 1 2018 HEINEKEN CHINESE GRAND PRIX,Shanghai,China,,,Permanent,,,0.26832875554616525,0.2993570975823247,0.4323141468715101,1,False,Chinese Grand Prix,chinese_grand_prix,2018,2018-04-15,104.21526666666666,45,Opening,1.2560000000000002,False,False,False,True
STR,Williams,40,0 days 00:01:39.358000,0 days 00:00:26.555000,0 days 00:00:29.938000,0 days 00:00:42.865000,Soft,39,1,,,1,True,0 days 01:17:44.774000,99.358,26.555,29.938,42.865,4664.774,4653.862,19.2,24.9,1017.8,False,38.0,237,1.5,False,True,False,FORMULA 1 2018 HEINEKEN CHINESE GRAND PRIX,Shanghai,China,,,Permanent,,,0.2672658467360454,0.30131443869643104,0.4314197145675235,1,False,Chinese Grand Prix,chinese_grand_prix,2018,2018-04-15,104.3311111111111,45,Opening,0.8580000000000041,False,False,False,True
GAS,Toro Rosso,40,0 days 00:01:39.285000,0 days 00:00:26.381000,0 days 00:00:30.182000,0 days 00:00:42.722000,Medium,39,1,,,1,True,0 days 01:17:45.590000,99.285,26.381,30.182,42.722,4665.59,4653.862,19.2,24.9,1017.8,False,38.0,237,1.5,False,True,False,FORMULA 1 2018 HEINEKEN CHINESE GRAND PRIX,Shanghai,China,,,Permanent,,,0.2657098252505414,0.3039935539104598,0.4302966208389989,1,False,Chinese Grand Prix,chinese_grand_prix,2018,2018-04-15,102.94286363636364,44,Opening,0.9179999999999922,False,False,False,True
SIR,Williams,40,0 days 00:01:39.628000,0 days 00:00:26.480000,0 days 00:00:30.012000,0 days 00:00:43.136000,Soft,39,1,,,1,True,0 days 01:17:47.459000,99.628,26.48,30.012,43.136,4667.459,4653.862,19.2,24.9,1017.8,False,38.0,237,1.5,False,True,False,FORMULA 1 2018 HEINEKEN CHINESE GRAND PRIX,Shanghai,China,,,Permanent,,,0.2657887340908178,0.3012406150881278,0.43297065082105435,1,False,Chinese Grand Prix,chinese_grand_prix,2018,2018-04-15,104.34546666666667,45,Opening,1.0040000000000049,False,False,False,True
ERI,Sauber,40,0 days 00:01:39.682000,0 days 00:00:26.655000,0 days 00:00:30.280000,0 days 00:00:42.747000,Soft,39,1,,,1,True,0 days 01:17:54.692000,99.682,26.655,30.28,42.747,4674.692,4653.862,19.2,24.9,1017.8,False,38.0,237,1.5,False,True,False,FORMULA 1 2018 HEINEKEN CHINESE GRAND PRIX,Shanghai,China,,,Permanent,,,0.267400333059128,0.3037659758030537,0.4288336911378183,1,False,Chinese Grand Prix,chinese_grand_prix,2018,2018-04-15,102.02637209302326,43,Opening,1.2960000000000065,False,False,False,True
LEC,Sauber,40,0 days 00:01:40.887000,0 days 00:00:26.812000,0 days 00:00:29.992000,0 days 00:00:44.083000,Soft,39,1,,,1,True,0 days 01:17:55.308000,100.887,26.812,29.992,44.083,4675.308,4653.862,19.2,24.9,1017.8,False,38.0,237,1.5,False,True,False,FORMULA 1 2018 HEINEKEN CHINESE GRAND PRIX,Shanghai,China,,,Permanent,,,0.26576268498419026,0.29728309891264487,0.4369542161031649,1,False,Chinese Grand Prix,chinese_grand_prix,2018,2018-04-15,102.08430232558139,43,Opening,2.0789999999999935,False,False,False,True
HAR,Toro Rosso,40,0 days 00:01:40.170000,0 days 00:00:26.526000,0 days 00:00:30.288000,0 days 00:00:43.356000,ULTRASOFT,39,1,,,1,True,0 days 01:17:55.985000,100.17,26.526,30.288,43.356,4675.985,4653.862,19.2,24.9,1017.8,False,38.0,237,1.5,False,True,False,FORMULA 1 2018 HEINEKEN CHINESE GRAND PRIX,Shanghai,China,,,Permanent,,,0.2648098233003893,0.30236597783767594,0.43282419886193474,1,False,Chinese Grand Prix,chinese_grand_prix,2018,2018-04-15,102.14634883720929,43,Opening,0.7939999999999969,False,False,False,True
BOT,Mercedes,41,0 days 00:01:37.561000,0 days 00:00:26.120000,0 days 00:00:29.294000,0 days 00:00:42.147000,Soft,43,1,,,1,True,0 days 01:19:00.482000,97.561,26.12,29.294,42.147,4740.482,4714.166,19.2,24.9,1017.8,False,38.0,237,1.5,False,True,False,FORMULA 1 2018 HEINEKEN CHINESE GRAND PRIX,Shanghai,China,,,Permanent,,,0.26772993306751675,0.30026342493414376,0.43200664199833944,1,False,Chinese Grand Prix,chinese_grand_prix,2018,2018-04-15,101.08895454545454,44,Opening,0.5740000000000123,False,False,False,True
VET,Ferrari,41,0 days 00:01:37.518000,0 days 00:00:26.173000,0 days 00:00:29.284000,0 days 00:00:42.061000,Soft,42,1,,,1,True,0 days 01:19:01.653000,97.518,26.173,29.284,42.061,4741.653,4714.166,19.2,24.9,1017.8,False,38.0,237,1.5,False,True,False,FORMULA 1 2018 HEINEKEN CHINESE GRAND PRIX,Shanghai,China,,,Permanent,,,0.26839147644537414,0.30029327918948295,0.43131524436514285,1,False,Chinese Grand Prix,chinese_grand_prix,2018,2018-04-15,101.62033333333333,42,Opening,0.03900000000000148,False,False,False,True
RIC,Red Bull Racing,41,0 days 00:01:36.608000,0 days 00:00:25.953000,0 days 00:00:28.811000,0 days 00:00:41.844000,ULTRASOFT,43,1,,,1,True,0 days 01:19:02.335000,96.608,25.953,28.811,41.844,4742.335,4714.166,19.2,24.9,1017.8,False,38.0,237,1.5,False,True,False,FORMULA 1 2018 HEINEKEN CHINESE GRAND PRIX,Shanghai,China,,,Permanent,,,0.2686423484597549,0.2982258198078834,0.4331318317323617,1,False,Chinese Grand Prix,chinese_grand_prix,2018,2018-04-15,101.17729545454546,44,Opening,0.8230000000000075,False,False,False,True
HAM,Mercedes,41,0 days 00:01:37.855000,0 days 00:00:26.328000,0 days 00:00:29.310000,0 days 00:00:42.217000,Soft,43,1,,,1,True,0 days 01:19:04.220000,97.855,26.328,29.31,42.217,4744.22,4773.91,19.3,26.2,1017.8,False,38.0,87,2.0,False,True,False,FORMULA 1 2018 HEINEKEN CHINESE GRAND PRIX,Shanghai,China,,,Permanent,,,0.26905114710541106,0.29952480711256446,0.43142404578202437,1,False,Chinese Grand Prix,chinese_grand_prix,2018,2018-04-15,101.40695348837208,43,Opening,0.9770000000000039,False,False,False,True
VER,Red Bull Racing,41,0 days 00:01:37.176000,0 days 00:00:26.037000,0 days 00:00:29.070000,0 days 00:00:42.069000,ULTRASOFT,43,1,,,1,True,0 days 01:19:04.786000,97.176,26.037,29.07,42.069,4744.786,4773.91,19.3,26.2,1017.8,False,38.0,87,2.0,False,True,False,FORMULA 1 2018 HEINEKEN CHINESE GRAND PRIX,Shanghai,China,,,Permanent,,,0.2679365275376636,0.29914793776241044,0.43291553469992594,1,False,Chinese Grand Prix,chinese_grand_prix,2018,2018-04-15,101.39367441860465,43,Opening,0.9699999999999989,False,False,False,True
RAI,Ferrari,41,0 days 00:01:37.369000,0 days 00:00:26.095000,0 days 00:00:29.079000,0 days 00:00:42.195000,Soft,43,1,,,1,True,0 days 01:19:06.266000,97.369,26.095,29.079,42.195,4746.266,4773.91,19.3,26.2,1017.8,False,38.0,87,2.0,False,True,False,FORMULA 1 2018 HEINEKEN CHINESE GRAND PRIX,Shanghai,China,,,Permanent,,,0.26800110918259407,0.2986474134478119,0.433351477369594,1,False,Chinese Grand Prix,chinese_grand_prix,2018,2018-04-15,102.48924444444444,45,Opening,0.9129999999999967,False,False,False,True
HUL,Renault,41,0 days 00:01:37.819000,0 days 00:00:26.150000,0 days 00:00:29.125000,0 days 00:00:42.544000,ULTRASOFT,43,1,,,1,True,0 days 01:19:09.300000,97.819,26.15,29.125,42.544,4749.3,4773.91,19.3,26.2,1017.8,False,38.0,87,2.0,False,True,False,FORMULA 1 2018 HEINEKEN CHINESE GRAND PRIX,Shanghai,China,,,Permanent,,,0.2673304777190525,0.2977437921058281,0.4349257301751193,1,False,Chinese Grand Prix,chinese_grand_prix,2018,2018-04-15,102.89104545454546,44,Opening,0.9380000000000024,False,False,False,True
MAG,Haas F1 Team,41,0 days 00:01:38.939000,0 days 00:00:26.206000,0 days 00:00:29.622000,0 days 00:00:43.111000,Soft,44,1,,,1,True,0 days 01:19:13.161000,98.939,26.206,29.622,43.111,4753.161,4773.91,19.3,26.2,1017.8,False,38.0,87,2.0,False,True,False,FORMULA 1 2018 HEINEKEN CHINESE GRAND PRIX,Shanghai,China,,,Permanent,,,0.2648702736029271,0.2993965979037589,0.4357331284933141,1,False,Chinese Grand Prix,chinese_grand_prix,2018,2018-04-15,104.04457777777779,45,Opening,0.7869999999999919,False,False,False,True
ALO,McLaren,41,0 days 00:01:38.543000,0 days 00:00:25.999000,0 days 00:00:29.658000,0 days 00:00:42.886000,Soft,40,1,,,1,True,0 days 01:19:13.480000,98.543,25.999,29.658,42.886,4753.48,4773.91,19.3,26.2,1017.8,False,38.0,87,2.0,False,True,False,FORMULA 1 2018 HEINEKEN CHINESE GRAND PRIX,Shanghai,China,,,Permanent,,,0.26383406228752926,0.3009650609378647,0.435200876774606,1,False,Chinese Grand Prix,chinese_grand_prix,2018,2018-04-15,103.92247826086957,46,Opening,1.3090000000000117,False,False,False,True
SAI,Renault,41,0 days 00:01:38.541000,0 days 00:00:26.076000,0 days 00:00:29.800000,0 days 00:00:42.665000,ULTRASOFT,43,1,,,1,True,0 days 01:19:14.170000,98.541,26.076,29.8,42.665,4754.17,4773.91,19.3,26.2,1017.8,False,38.0,87,2.0,False,True,False,FORMULA 1 2018 HEINEKEN CHINESE GRAND PRIX,Shanghai,China,,,Permanent,,,0.2646208177306908,0.30241219390913426,0.43296698836017494,1,False,Chinese Grand Prix,chinese_grand_prix,2018,2018-04-15,103.05313636363636,44,Opening,0.7869999999999919,False,False,False,True
GRO,Haas F1 Team,41,0 days 00:01:38.944000,0 days 00:00:26.481000,0 days 00:00:29.621000,0 days 00:00:42.842000,ULTRASOFT,43,1,,,1,True,0 days 01:19:18.754000,98.944,26.481,29.621,42.842,4758.754,4773.91,19.3,26.2,1017.8,False,38.0,87,2.0,False,True,False,FORMULA 1 2018 HEINEKEN CHINESE GRAND PRIX,Shanghai,China,,,Permanent,,,0.2676362386804657,0.2993713615782665,0.43299239974126774,1,False,Chinese Grand Prix,chinese_grand_prix,2018,2018-04-15,104.38857777777777,45,Opening,1.534000000000006,False,False,False,True
OCO,Force India,41,0 days 00:01:38.783000,0 days 00:00:26.178000,0 days 00:00:29.816000,0 days 00:00:42.789000,Soft,40,1,,,1,True,0 days 01:19:19.438000,98.783,26.178,29.816,42.789,4759.438,4773.91,19.3,26.2,1017.8,False,38.0,87,2.0,False,True,False,FORMULA 1 2018 HEINEKEN CHINESE GRAND PRIX,Shanghai,China,,,Permanent,,,0.26500511221566464,0.30183331139973474,0.4331615763846006,1,False,Chinese Grand Prix,chinese_grand_prix,2018,2018-04-15,104.14320000000001,45,Opening,0.7980000000000018,False,False,False,True
PER,Force India,41,0 days 00:01:38.582000,0 days 00:00:25.962000,0 days 00:00:30.085000,0 days 00:00:42.535000,ULTRASOFT,43,1,,,1,True,0 days 01:19:19.839000,98.582,25.962,30.085,42.535,4759.839,4773.91,19.3,26.2,1017.8,False,38.0,87,2.0,False,True,False,FORMULA 1 2018 HEINEKEN CHINESE GRAND PRIX,Shanghai,China,,,Permanent,,,0.2633543648941998,0.30517741575541174,0.4314682193503885,1,False,Chinese Grand Prix,chinese_grand_prix,2018,2018-04-15,104.14991111111111,45,Opening,0.9089999999999918,False,False,False,True
VAN,McLaren,41,0 days 00:01:39.016000,0 days 00:00:26.422000,0 days 00:00:29.716000,0 days 00:00:42.878000,Soft,40,1,,,1,True,0 days 01:19:22.316000,99.016,26.422,29.716,42.878,4762.316,4773.91,19.3,26.2,1017.8,False,38.0,87,2.0,False,True,False,FORMULA 1 2018 HEINEKEN CHINESE GRAND PRIX,Shanghai,China,,,Permanent,,,0.26684576230104223,0.3001131130322372,0.4330411246667205,1,False,Chinese Grand Prix,chinese_grand_prix,2018,2018-04-15,104.21526666666666,45,Opening,0.8790000000000049,False,False,False,True
STR,Williams,41,0 days 00:01:38.925000,0 days 00:00:26.475000,0 days 00:00:29.687000,0 days 00:00:42.763000,Soft,40,1,,,1,True,0 days 01:19:23.699000,98.925,26.475,29.687,42.763,4763.699,4773.91,19.3,26.2,1017.8,False,38.0,87,2.0,False,True,False,FORMULA 1 2018 HEINEKEN CHINESE GRAND PRIX,Shanghai,China,,,Permanent,,,0.26762699014404856,0.3000960323477382,0.4322769775082133,1,False,Chinese Grand Prix,chinese_grand_prix,2018,2018-04-15,104.3311111111111,45,Opening,0.42499999999999716,False,False,False,True
GAS,Toro Rosso,41,0 days 00:01:39.102000,0 days 00:00:26.328000,0 days 00:00:30.018000,0 days 00:00:42.756000,Medium,40,1,,,1,True,0 days 01:19:24.692000,99.102,26.328,30.018,42.756,4764.692,4773.91,19.3,26.2,1017.8,False,38.0,87,2.0,False,True,False,FORMULA 1 2018 HEINEKEN CHINESE GRAND PRIX,Shanghai,China,,,Permanent,,,0.26566567778652295,0.3029000423805776,0.43143427983289945,1,False,Chinese Grand Prix,chinese_grand_prix,2018,2018-04-15,102.94286363636364,44,Opening,0.7349999999999994,False,False,False,True
SIR,Williams,41,0 days 00:01:39.293000,0 days 00:00:26.605000,0 days 00:00:29.672000,0 days 00:00:43.016000,Soft,40,1,,,1,True,0 days 01:19:26.752000,99.293,26.605,29.672,43.016,4766.752,4773.91,19.3,26.2,1017.8,False,38.0,87,2.0,False,True,False,FORMULA 1 2018 HEINEKEN CHINESE GRAND PRIX,Shanghai,China,,,Permanent,,,0.26794436667237365,0.2988327475250018,0.4332228858026245,1,False,Chinese Grand Prix,chinese_grand_prix,2018,2018-04-15,104.34546666666667,45,Opening,0.6690000000000111,False,False,False,True
ERI,Sauber,41,0 days 00:01:38.691000,0 days 00:00:26.416000,0 days 00:00:29.491000,0 days 00:00:42.784000,Soft,40,1,,,1,True,0 days 01:19:33.383000,98.691,26.416,29.491,42.784,4773.383,4773.91,19.3,26.2,1017.8,False,38.0,87,2.0,False,True,False,FORMULA 1 2018 HEINEKEN CHINESE GRAND PRIX,Shanghai,China,,,Permanent,,,0.26766371806953015,0.29882157440901397,0.4335147075214558,1,False,Chinese Grand Prix,chinese_grand_prix,2018,2018-04-15,102.02637209302326,43,Opening,0.3050000000000068,False,False,False,True
LEC,Sauber,41,0 days 00:01:40.046000,0 days 00:00:26.744000,0 days 00:00:30.129000,0 days 00:00:43.173000,Soft,40,1,,,1,True,0 days 01:19:35.354000,100.046,26.744,30.129,43.173,4775.354,4773.91,19.3,26.2,1017.8,False,38.0,87,2.0,False,True,False,FORMULA 1 2018 HEINEKEN CHINESE GRAND PRIX,Shanghai,China,,,Permanent,,,0.26731703416428443,0.30115147032365114,0.43153149551206443,1,False,Chinese Grand Prix,chinese_grand_prix,2018,2018-04-15,102.08430232558139,43,Opening,1.2379999999999995,False,False,False,True
HAR,Toro Rosso,41,0 days 00:01:39.881000,0 days 00:00:26.593000,0 days 00:00:30.336000,0 days 00:00:42.952000,ULTRASOFT,40,1,,,1,True,0 days 01:19:35.866000,99.881,26.593,30.336,42.952,4775.866,4773.91,19.3,26.2,1017.8,False,38.0,87,2.0,False,True,False,FORMULA 1 2018 HEINEKEN CHINESE GRAND PRIX,Shanghai,China,,,Permanent,,,0.26624683373214125,0.3037214284999149,0.43003173776794384,1,False,Chinese Grand Prix,chinese_grand_prix,2018,2018-04-15,102.14634883720929,43,Opening,0.5049999999999955,False,False,False,True
BOT,Mercedes,42,0 days 00:01:37.533000,0 days 00:00:26.105000,0 days 00:00:29.256000,0 days 00:00:42.172000,Soft,44,1,,,1,True,0 days 01:20:38.015000,97.533,26.105,29.256,42.172,4838.015,4833.848,19.4,25.6,1018.0,False,38.0,156,1.8,False,True,False,FORMULA 1 2018 HEINEKEN CHINESE GRAND PRIX,Shanghai,China,,,Permanent,,,0.26765299949760596,0.29996001353388085,0.4323869869685132,1,False,Chinese Grand Prix,chinese_grand_prix,2018,2018-04-15,101.08895454545454,44,Opening,0.5460000000000065,False,False,False,True
RIC,Red Bull Racing,42,0 days 00:01:37.199000,0 days 00:00:25.871000,0 days 00:00:29.464000,0 days 00:00:41.864000,ULTRASOFT,44,1,,,1,True,0 days 01:20:39.534000,97.199,25.871,29.464,41.864,4839.534,4833.848,19.4,25.6,1018.0,False,38.0,156,1.8,False,True,False,FORMULA 1 2018 HEINEKEN CHINESE GRAND PRIX,Shanghai,China,,,Permanent,,,0.2661652897663556,0.30313069064496545,0.4307040195886789,1,False,Chinese Grand Prix,chinese_grand_prix,2018,2018-04-15,101.17729545454546,44,Opening,1.4140000000000015,False,False,False,True
VET,Ferrari,42,0 days 00:01:38.487000,0 days 00:00:26.238000,0 days 00:00:29.373000,0 days 00:00:42.876000,Soft,43,1,,,1,True,0 days 01:20:40.140000,98.487,26.238,29.373,42.876,4840.14,4833.848,19.4,25.6,1018.0,False,38.0,156,1.8,False,True,False,FORMULA 1 2018 HEINEKEN CHINESE GRAND PRIX,Shanghai,China,,,Permanent,,,0.2664107953333943,0.2982424076274026,0.43534679703920315,1,False,Chinese Grand Prix,chinese_grand_prix,2018,2018-04-15,101.62033333333333,42,Opening,1.0079999999999956,False,False,False,True
VER,Red Bull Racing,42,0 days 00:01:36.671000,0 days 00:00:25.776000,0 days 00:00:28.899000,0 days 00:00:41.996000,ULTRASOFT,44,1,,,1,True,0 days 01:20:41.457000,96.671,25.776,28.899,41.996,4841.457,4833.848,19.4,25.6,1018.0,False,38.0,156,1.8,False,True,False,FORMULA 1 2018 HEINEKEN CHINESE GRAND PRIX,Shanghai,China,,,Permanent,,,0.26663632319930486,0.29894177157575696,0.4344219052249382,1,False,Chinese Grand Prix,chinese_grand_prix,2018,2018-04-15,101.39367441860465,43,Opening,0.4650000000000034,False,False,False,True
HAM,Mercedes,42,0 days 00:01:38.805000,0 days 00:00:26.097000,0 days 00:00:30.429000,0 days 00:00:42.279000,Soft,44,1,,,1,True,0 days 01:20:43.025000,98.805,26.097,30.429,42.279,4843.025,4833.848,19.4,25.6,1018.0,False,38.0,156,1.8,False,True,False,FORMULA 1 2018 HEINEKEN CHINESE GRAND PRIX,Shanghai,China,,,Permanent,,,0.2641263093972977,0.3079702444208289,0.42790344618187337,1,False,Chinese Grand Prix,chinese_grand_prix,2018,2018-04-15,101.40695348837208,43,Opening,1.9270000000000067,False,False,False,True
RAI,Ferrari,42,0 days 00:01:37.398000,0 days 00:00:25.955000,0 days 00:00:29.420000,0 days 00:00:42.023000,Soft,44,1,,,1,True,0 days 01:20:43.664000,97.398,25.955,29.42,42.023,4843.664,4833.848,19.4,25.6,1018.0,False,38.0,156,1.8,False,True,False,FORMULA 1 2018 HEINEKEN CHINESE GRAND PRIX,Shanghai,China,,,Permanent,,,0.26648391137395017,0.3020595905460071,0.43145649808004277,1,False,Chinese Grand Prix,chinese_grand_prix,2018,2018-04-15,102.48924444444444,45,Opening,0.9419999999999931,False,False,False,True
HUL,Renault,42,0 days 00:01:38.479000,0 days 00:00:26.146000,0 days 00:00:29.635000,0 days 00:00:42.698000,ULTRASOFT,44,1,,,1,True,0 days 01:20:47.779000,98.479,26.146,29.635,42.698,4847.779,4833.848,19.4,25.6,1018.0,False,38.0,156,1.8,False,True,False,FORMULA 1 2018 HEINEKEN CHINESE GRAND PRIX,Shanghai,China,,,Permanent,,,0.2654982280486195,0.3009271012093949,0.43357467074198563,1,False,Chinese Grand Prix,chinese_grand_prix,2018,2018-04-15,102.89104545454546,44,Opening,1.597999999999999,False,False,False,True
MAG,Haas F1 Team,42,0 days 00:01:38.694000,0 days 00:00:26.612000,0 days 00:00:29.474000,0 days 00:00:42.608000,Soft,45,1,,,1,True,0 days 01:20:51.855000,98.694,26.612,29.474,42.608,4851.855,4833.848,19.4,25.6,1018.0,False,38.0,156,1.8,False,True,False,FORMULA 1 2018 HEINEKEN CHINESE GRAND PRIX,Shanghai,China,,,Permanent,,,0.26964151822805843,0.2986402415547044,0.4317182402172371,1,False,Chinese Grand Prix,chinese_grand_prix,2018,2018-04-15,104.04457777777779,45,Opening,0.5420000000000016,False,False,False,True
ALO,McLaren,42,0 days 00:01:39.190000,0 days 00:00:26.653000,0 days 00:00:29.854000,0 days 00:00:42.683000,Soft,41,1,,,1,True,0 days 01:20:52.670000,99.19,26.653,29.854,42.683,4852.67,4833.848,19.4,25.6,1018.0,False,38.0,156,1.8,False,True,False,FORMULA 1 2018 HEINEKEN CHINESE GRAND PRIX,Shanghai,China,,,Permanent,,,0.2687065228349632,0.3009779211614074,0.4303155560036294,1,False,Chinese Grand Prix,chinese_grand_prix,2018,2018-04-15,103.92247826086957,46,Opening,1.956000000000003,False,False,False,True
SAI,Renault,42,0 days 00:01:39.120000,0 days 00:00:26.443000,0 days 00:00:30.282000,0 days 00:00:42.395000,ULTRASOFT,44,1,,,1,True,0 days 01:20:53.290000,99.12,26.443,30.282,42.395,4853.29,4833.848,19.4,25.6,1018.0,False,38.0,156,1.8,False,True,False,FORMULA 1 2018 HEINEKEN CHINESE GRAND PRIX,Shanghai,China,,,Permanent,,,0.2667776432606941,0.30550847457627117,0.42771388216303474,1,False,Chinese Grand Prix,chinese_grand_prix,2018,2018-04-15,103.05313636363636,44,Opening,1.3659999999999997,False,False,False,True
GRO,Haas F1 Team,42,0 days 00:01:38.776000,0 days 00:00:26.496000,0 days 00:00:29.710000,0 days 00:00:42.570000,ULTRASOFT,44,1,,,1,True,0 days 01:20:57.530000,98.776,26.496,29.71,42.57,4857.53,4833.848,19.4,25.6,1018.0,False,38.0,156,1.8,False,True,False,FORMULA 1 2018 HEINEKEN CHINESE GRAND PRIX,Shanghai,China,,,Permanent,,,0.2682432979671175,0.30078156637239817,0.43097513566048434,1,False,Chinese Grand Prix,chinese_grand_prix,2018,2018-04-15,104.38857777777777,45,Opening,1.3659999999999997,False,False,False,True
OCO,Force India,42,0 days 00:01:38.740000,0 days 00:00:26.229000,0 days 00:00:29.938000,0 days 00:00:42.573000,Soft,41,1,,,1,True,0 days 01:20:58.178000,98.74,26.229,29.938,42.573,4858.178,4833.848,19.4,25.6,1018.0,False,38.0,156,1.8,False,True,False,FORMULA 1 2018 HEINEKEN CHINESE GRAND PRIX,Shanghai,China,,,Permanent,,,0.2656370265343326,0.3032003240834515,0.43116264938221593,1,False,Chinese Grand Prix,chinese_grand_prix,2018,2018-04-15,104.14320000000001,45,Opening,0.7549999999999955,False,False,False,True
PER,Force India,42,0 days 00:01:38.835000,0 days 00:00:26.333000,0 days 00:00:30.135000,0 days 00:00:42.367000,ULTRASOFT,44,1,,,1,True,0 days 01:20:58.674000,98.835,26.333,30.135,42.367,4858.674,4833.848,19.4,25.6,1018.0,False,38.0,156,1.8,False,True,False,FORMULA 1 2018 HEINEKEN CHINESE GRAND PRIX,Shanghai,China,,,Permanent,,,0.2664339555825366,0.30490210957656705,0.42866393484089643,1,False,Chinese Grand Prix,chinese_grand_prix,2018,2018-04-15,104.14991111111111,45,Opening,1.161999999999992,False,False,False,True
VAN,McLaren,42,0 days 00:01:38.876000,0 days 00:00:26.398000,0 days 00:00:29.698000,0 days 00:00:42.780000,Soft,41,1,,,1,True,0 days 01:21:01.192000,98.876,26.398,29.698,42.78,4861.192,4833.848,19.4,25.6,1018.0,False,38.0,156,1.8,False,True,False,FORMULA 1 2018 HEINEKEN CHINESE GRAND PRIX,Shanghai,China,,,Permanent,,,0.26698086492172013,0.3003560014563696,0.4326631336219103,1,False,Chinese Grand Prix,chinese_grand_prix,2018,2018-04-15,104.21526666666666,45,Opening,0.7390000000000043,False,False,False,True
STR,Williams,42,0 days 00:01:39.591000,0 days 00:00:26.652000,0 days 00:00:29.938000,0 days 00:00:43.001000,Soft,41,1,,,1,True,0 days 01:21:03.290000,99.591,26.652,29.938,43.001,4863.29,4833.848,19.4,25.6,1018.0,False,38.0,156,1.8,False,True,False,FORMULA 1 2018 HEINEKEN CHINESE GRAND PRIX,Shanghai,China,,,Permanent,,,0.26761454348284486,0.30060949282565697,0.43177596369149823,1,False,Chinese Grand Prix,chinese_grand_prix,2018,2018-04-15,104.3311111111111,45,Opening,1.090999999999994,False,False,False,True
GAS,Toro Rosso,42,0 days 00:01:39.228000,0 days 00:00:26.322000,0 days 00:00:30.096000,0 days 00:00:42.810000,Medium,41,1,,,1,True,0 days 01:21:03.920000,99.228,26.322,30.096,42.81,4863.92,4893.862,19.4,25.3,1017.9,False,38.0,66,1.6,False,True,False,FORMULA 1 2018 HEINEKEN CHINESE GRAND PRIX,Shanghai,China,,,Permanent,,,0.26526786794050067,0.30330148748337166,0.43143064457612773,1,False,Chinese Grand Prix,chinese_grand_prix,2018,2018-04-15,102.94286363636364,44,Opening,0.86099999999999,False,False,False,True
SIR,Williams,42,0 days 00:01:39.005000,0 days 00:00:26.539000,0 days 00:00:29.719000,0 days 00:00:42.747000,Soft,41,1,,,1,True,0 days 01:21:05.757000,99.005,26.539,29.719,42.747,4865.757,4893.862,19.4,25.3,1017.9,False,38.0,66,1.6,False,True,False,FORMULA 1 2018 HEINEKEN CHINESE GRAND PRIX,Shanghai,China,,,Permanent,,,0.2680571688298571,0.3001767587495581,0.43176607242058485,1,False,Chinese Grand Prix,chinese_grand_prix,2018,2018-04-15,104.34546666666667,45,Opening,0.3810000000000002,False,False,False,True
ERI,Sauber,42,0 days 00:01:38.871000,0 days 00:00:26.445000,0 days 00:00:29.585000,0 days 00:00:42.841000,Soft,41,1,,,1,True,0 days 01:21:12.254000,98.871,26.445,29.585,42.841,4872.254,4893.862,19.4,25.3,1017.9,False,38.0,66,1.6,False,True,False,FORMULA 1 2018 HEINEKEN CHINESE GRAND PRIX,Shanghai,China,,,Permanent,,,0.2674697332888309,0.2992282873643435,0.4333019793468257,1,False,Chinese Grand Prix,chinese_grand_prix,2018,2018-04-15,102.02637209302326,43,Opening,0.48499999999999943,False,False,False,True
LEC,Sauber,42,0 days 00:01:39.843000,0 days 00:00:26.679000,0 days 00:00:30.057000,0 days 00:00:43.107000,Soft,41,1,,,1,True,0 days 01:21:15.197000,99.843,26.679,30.057,43.107,4875.197,4893.862,19.4,25.3,1017.9,False,38.0,66,1.6,False,True,False,FORMULA 1 2018 HEINEKEN CHINESE GRAND PRIX,Shanghai,China,,,Permanent,,,0.2672095189447432,0.3010426369399958,0.43174784411526096,1,False,Chinese Grand Prix,chinese_grand_prix,2018,2018-04-15,102.08430232558139,43,Opening,1.0349999999999966,False,False,False,True
HAR,Toro Rosso,42,0 days 00:01:39.958000,0 days 00:00:26.617000,0 days 00:00:30.373000,0 days 00:00:42.968000,ULTRASOFT,41,1,,,1,True,0 days 01:21:15.824000,99.958,26.617,30.373,42.968,4875.824,4893.862,19.4,25.3,1017.9,False,38.0,66,1.6,False,True,False,FORMULA 1 2018 HEINEKEN CHINESE GRAND PRIX,Shanghai,China,,,Permanent,,,0.2662818383721163,0.30385762020048424,0.42986054142739955,1,False,Chinese Grand Prix,chinese_grand_prix,2018,2018-04-15,102.14634883720929,43,Opening,0.5819999999999936,False,False,False,True
BOT,Mercedes,43,0 days 00:01:37.664000,0 days 00:00:26.069000,0 days 00:00:29.043000,0 days 00:00:42.552000,Soft,45,1,,,12,True,0 days 01:22:15.679000,97.664,26.069,29.043,42.552,4935.679,4953.876,19.6,24.9,1017.9,False,38.0,151,1.2,False,True,False,FORMULA 1 2018 HEINEKEN CHINESE GRAND PRIX,Shanghai,China,,,Permanent,,,0.266925376802097,0.2973767201834862,0.43569790301441674,1,False,Chinese Grand Prix,chinese_grand_prix,2018,2018-04-15,101.08895454545454,44,Opening,0.6770000000000067,False,False,False,True
RIC,Red Bull Racing,43,0 days 00:01:36.970000,0 days 00:00:25.926000,0 days 00:00:28.886000,0 days 00:00:42.158000,ULTRASOFT,45,1,,,12,True,0 days 01:22:16.504000,96.97,25.926,28.886,42.158,4936.504,4953.876,19.6,24.9,1017.9,False,38.0,151,1.2,False,True,False,FORMULA 1 2018 HEINEKEN CHINESE GRAND PRIX,Shanghai,China,,,Permanent,,,0.26736103949675155,0.29788594410642466,0.4347530163968238,1,False,Chinese Grand Prix,chinese_grand_prix,2018,2018-04-15,101.17729545454546,44,Opening,1.1850000000000023,False,False,False,True
RAI,Ferrari,43,0 days 00:01:37.720000,0 days 00:00:26.066000,0 days 00:00:29.389000,0 days 00:00:42.265000,Soft,45,1,,,12,True,0 days 01:22:21.384000,97.72,26.066,29.389,42.265,4941.384,4953.876,19.6,24.9,1017.9,False,38.0,151,1.2,False,True,False,FORMULA 1 2018 HEINEKEN CHINESE GRAND PRIX,Shanghai,China,,,Permanent,,,0.266741711011052,0.3007470323372902,0.4325112566516578,1,False,Chinese Grand Prix,chinese_grand_prix,2018,2018-04-15,102.48924444444444,45,Opening,1.2639999999999958,False,False,False,True
HAM,Mercedes,43,0 days 00:01:39.626000,0 days 00:00:26.110000,0 days 00:00:29.238000,0 days 00:00:44.278000,Soft,45,1,,,12,True,0 days 01:22:22.651000,99.626,26.11,29.238,44.278,4942.651,4953.876,19.6,24.9,1017.9,False,38.0,151,1.2,False,True,False,FORMULA 1 2018 HEINEKEN CHINESE GRAND PRIX,Shanghai,China,,,Permanent,,,0.262080179872724,0.29347760624736513,0.44444221387991084,1,False,Chinese Grand Prix,chinese_grand_prix,2018,2018-04-15,101.40695348837208,43,Opening,2.7480000000000047,False,False,False,True
VER,Red Bull Racing,43,0 days 00:01:43.068000,0 days 00:00:25.705000,0 days 00:00:29.616000,0 days 00:00:47.747000,ULTRASOFT,45,1,,,12,True,0 days 01:22:24.525000,103.068,25.705,29.616,47.747,4944.525,4953.876,19.6,24.9,1017.9,False,38.0,151,1.2,False,True,False,FORMULA 1 2018 HEINEKEN CHINESE GRAND PRIX,Shanghai,China,,,Permanent,,,0.24939845538867542,0.28734427756432646,0.4632572670469981,1,False,Chinese Grand Prix,chinese_grand_prix,2018,2018-04-15,101.39367441860465,43,Opening,6.861999999999995,False,False,False,True
VET,Ferrari,43,0 days 00:01:45.796000,0 days 00:00:26.439000,0 days 00:00:29.573000,0 days 00:00:49.784000,Soft,44,1,,,12,True,0 days 01:22:25.936000,105.796,26.439,29.573,49.784,4945.936,4953.876,19.6,24.9,1017.9,False,38.0,151,1.2,False,True,False,FORMULA 1 2018 HEINEKEN CHINESE GRAND PRIX,Shanghai,China,,,Permanent,,,0.249905478467995,0.2795285265983591,0.47056599493364587,1,False,Chinese Grand Prix,chinese_grand_prix,2018,2018-04-15,101.62033333333333,42,Opening,8.317000000000007,False,False,False,True
HUL,Renault,43,0 days 00:01:38.427000,0 days 00:00:25.977000,0 days 00:00:29.373000,0 days 00:00:43.077000,ULTRASOFT,45,1,,,12,True,0 days 01:22:26.206000,98.427,25.977,29.373,43.077,4946.206,4953.876,19.6,24.9,1017.9,False,38.0,151,1.2,False,True,False,FORMULA 1 2018 HEINEKEN CHINESE GRAND PRIX,Shanghai,China,,,Permanent,,,0.26392148495839557,0.29842421286842025,0.43765430217318413,1,False,Chinese Grand Prix,chinese_grand_prix,2018,2018-04-15,102.89104545454546,44,Opening,1.5460000000000065,False,False,False,True
MAG,Haas F1 Team,43,0 days 00:01:38.366000,0 days 00:00:26.137000,0 days 00:00:29.419000,0 days 00:00:42.810000,Soft,46,1,,,12,True,0 days 01:22:30.221000,98.366,26.137,29.419,42.81,4950.221,4953.876,19.6,24.9,1017.9,False,38.0,151,1.2,False,True,False,FORMULA 1 2018 HEINEKEN CHINESE GRAND PRIX,Shanghai,China,,,Permanent,,,0.26571172966268836,0.29907691682085275,0.43521135351645895,1,False,Chinese Grand Prix,chinese_grand_prix,2018,2018-04-15,104.04457777777779,45,Opening,0.21399999999999864,False,False,False,True
ALO,McLaren,43,0 days 00:01:38.215000,0 days 00:00:25.838000,0 days 00:00:29.561000,0 days 00:00:42.816000,Soft,42,1,,,12,True,0 days 01:22:30.885000,98.215,25.838,29.561,42.816,4950.885,4953.876,19.6,24.9,1017.9,False,38.0,151,1.2,False,True,False,FORMULA 1 2018 HEINEKEN CHINESE GRAND PRIX,Shanghai,China,,,Permanent,,,0.2630759049025098,0.3009825383088123,0.4359415567886779,1,False,Chinese Grand Prix,chinese_grand_prix,2018,2018-04-15,103.92247826086957,46,Opening,0.9810000000000088,False,False,False,True
SAI,Renault,43,0 days 00:01:38.562000,0 days 00:00:26.054000,0 days 00:00:29.836000,0 days 00:00:42.672000,ULTRASOFT,45,1,,,12,True,0 days 01:22:31.852000,98.562,26.054,29.836,42.672,4951.852,4953.876,19.6,24.9,1017.9,False,38.0,151,1.2,False,True,False,FORMULA 1 2018 HEINEKEN CHINESE GRAND PRIX,Shanghai,China,,,Permanent,,,0.2643412268419878,0.302713013128792,0.43294576002922014,1,False,Chinese Grand Prix,chinese_grand_prix,2018,2018-04-15,103.05313636363636,44,Opening,0.8079999999999927,False,False,False,True
GRO,Haas F1 Team,43,0 days 00:01:38.699000,0 days 00:00:26.399000,0 days 00:00:29.363000,0 days 00:00:42.937000,ULTRASOFT,45,1,,,12,True,0 days 01:22:36.229000,98.699,26.399,29.363,42.937,4956.229,4953.876,19.6,24.9,1017.9,False,38.0,151,1.2,False,True,False,FORMULA 1 2018 HEINEKEN CHINESE GRAND PRIX,Shanghai,China,,,Permanent,,,0.26746978186202497,0.2975004812612083,0.4350297368767667,1,False,Chinese Grand Prix,chinese_grand_prix,2018,2018-04-15,104.38857777777777,45,Opening,1.2890000000000015,False,False,False,True
OCO,Force India,43,0 days 00:01:38.658000,0 days 00:00:26.109000,0 days 00:00:29.942000,0 days 00:00:42.607000,Soft,42,1,,,12,True,0 days 01:22:36.836000,98.658,26.109,29.942,42.607,4956.836,4953.876,19.6,24.9,1017.9,False,38.0,151,1.2,False,True,False,FORMULA 1 2018 HEINEKEN CHINESE GRAND PRIX,Shanghai,China,,,Permanent,,,0.26464148877941984,0.30349287437410044,0.4318656368464798,1,False,Chinese Grand Prix,chinese_grand_prix,2018,2018-04-15,104.14320000000001,45,Opening,0.6730000000000018,False,False,False,True
PER,Force India,43,0 days 00:01:38.718000,0 days 00:00:26.288000,0 days 00:00:29.856000,0 days 00:00:42.574000,ULTRASOFT,45,1,,,12,True,0 days 01:22:37.392000,98.718,26.288,29.856,42.574,4957.392,4953.876,19.6,24.9,1017.9,False,38.0,151,1.2,False,True,False,FORMULA 1 2018 HEINEKEN CHINESE GRAND PRIX,Shanghai,China,,,Permanent,,,0.2662938876395389,0.30243724548714523,0.4312688668733159,1,False,Chinese Grand Prix,chinese_grand_prix,2018,2018-04-15,104.14991111111111,45,Opening,1.0450000000000017,False,False,False,True
VAN,McLaren,43,0 days 00:01:38.795000,0 days 00:00:26.402000,0 days 00:00:29.514000,0 days 00:00:42.879000,Soft,42,1,,,12,True,0 days 01:22:39.987000,98.795,26.402,29.514,42.879,4959.987,4953.876,19.6,24.9,1017.9,False,38.0,151,1.2,False,True,False,FORMULA 1 2018 HEINEKEN CHINESE GRAND PRIX,Shanghai,China,,,Permanent,,,0.2672402449516676,0.29873981476795386,0.43401994028037855,1,False,Chinese Grand Prix,chinese_grand_prix,2018,2018-04-15,104.21526666666666,45,Opening,0.6580000000000013,False,False,False,True
STR,Williams,43,0 days 00:01:38.951000,0 days 00:00:26.499000,0 days 00:00:29.630000,0 days 00:00:42.822000,Soft,42,1,,,12,True,0 days 01:22:42.241000,98.951,26.499,29.63,42.822,4962.241,4953.876,19.6,24.9,1017.9,False,38.0,151,1.2,False,True,False,FORMULA 1 2018 HEINEKEN CHINESE GRAND PRIX,Shanghai,China,,,Permanent,,,0.26779921375226123,0.2994411375327182,0.4327596487150206,1,False,Chinese Grand Prix,chinese_grand_prix,2018,2018-04-15,104.3311111111111,45,Opening,0.4509999999999934,False,False,False,True
GAS,Toro Rosso,43,0 days 00:01:39.157000,0 days 00:00:26.382000,0 days 00:00:30.005000,0 days 00:00:42.770000,Medium,42,1,,,12,True,0 days 01:22:43.077000,99.157,26.382,30.005,42.77,4963.077,4953.876,19.6,24.9,1017.9,False,38.0,151,1.2,False,True,False,FORMULA 1 2018 HEINEKEN CHINESE GRAND PRIX,Shanghai,China,,,Permanent,,,0.2660629103341166,0.3026009258045322,0.43133616386135126,1,False,Chinese Grand Prix,chinese_grand_prix,2018,2018-04-15,102.94286363636364,44,Opening,0.789999999999992,False,False,False,True
SIR,Williams,43,0 days 00:01:39.325000,0 days 00:00:26.543000,0 days 00:00:29.616000,0 days 00:00:43.166000,Soft,42,1,,,12,True,0 days 01:22:45.082000,99.325,26.543,29.616,43.166,4965.082,4953.876,19.6,24.9,1017.9,False,38.0,151,1.2,False,True,False,FORMULA 1 2018 HEINEKEN CHINESE GRAND PRIX,Shanghai,China,,,Permanent,,,0.26723382834130377,0.2981726654920715,0.4345935061666247,1,False,Chinese Grand Prix,chinese_grand_prix,2018,2018-04-15,104.34546666666667,45,Opening,0.7010000000000076,False,False,False,True
ERI,Sauber,43,0 days 00:01:38.984000,0 days 00:00:26.521000,0 days 00:00:29.532000,0 days 00:00:42.931000,Soft,42,1,,,12,True,0 days 01:22:51.238000,98.984,26.521,29.532,42.931,4971.238,4953.876,19.6,24.9,1017.9,False,38.0,151,1.2,False,True,False,FORMULA 1 2018 HEINEKEN CHINESE GRAND PRIX,Shanghai,China,,,Permanent,,,0.2679321910611816,0.29835124868665647,0.433716560252162,1,False,Chinese Grand Prix,chinese_grand_prix,2018,2018-04-15,102.02637209302326,43,Opening,0.597999999999999,False,False,False,True
LEC,Sauber,43,0 days 00:01:39.866000,0 days 00:00:26.693000,0 days 00:00:29.921000,0 days 00:00:43.252000,Soft,42,1,,,12,True,0 days 01:22:55.063000,99.866,26.693,29.921,43.252,4975.063,4953.876,19.6,24.9,1017.9,False,38.0,151,1.2,False,True,False,FORMULA 1 2018 HEINEKEN CHINESE GRAND PRIX,Shanghai,China,,,Permanent,,,0.2672881661426311,0.29961147938237237,0.4331003544749965,1,False,Chinese Grand Prix,chinese_grand_prix,2018,2018-04-15,102.08430232558139,43,Opening,1.0579999999999927,False,False,False,True
HAR,Toro Rosso,43,0 days 00:01:39.806000,0 days 00:00:26.687000,0 days 00:00:30.043000,0 days 00:00:43.076000,ULTRASOFT,42,1,,,12,True,0 days 01:22:55.630000,99.806,26.687,30.043,43.076,4975.63,4953.876,19.6,24.9,1017.9,False,38.0,151,1.2,False,True,False,FORMULA 1 2018 HEINEKEN CHINESE GRAND PRIX,Shanghai,China,,,Permanent,,,0.26738873414423986,0.30101396709616657,0.43159729875959363,1,False,Chinese Grand Prix,chinese_grand_prix,2018,2018-04-15,102.14634883720929,43,Opening,0.4299999999999926,False,False,False,True
BOT,Mercedes,44,0 days 00:01:37.138000,0 days 00:00:25.999000,0 days 00:00:29.023000,0 days 00:00:42.116000,Soft,46,1,,,1,True,0 days 01:23:52.817000,97.138,25.999,29.023,42.116,5032.817,5013.891,19.6,24.8,1017.9,False,38.0,128,2.2,False,True,False,FORMULA 1 2018 HEINEKEN CHINESE GRAND PRIX,Shanghai,China,,,Permanent,,,0.267650147213243,0.29878111552636455,0.4335687372603924,1,False,Chinese Grand Prix,chinese_grand_prix,2018,2018-04-15,101.08895454545454,44,Opening,0.15100000000001046,False,False,False,True
RIC,Red Bull Racing,44,0 days 00:01:36.901000,0 days 00:00:25.937000,0 days 00:00:28.924000,0 days 00:00:42.040000,ULTRASOFT,46,1,,,1,True,0 days 01:23:53.405000,96.901,25.937,28.924,42.04,5033.405,5013.891,19.6,24.8,1017.9,False,38.0,128,2.2,False,True,False,FORMULA 1 2018 HEINEKEN CHINESE GRAND PRIX,Shanghai,China,,,Permanent,,,0.2676649363783656,0.2984902116593224,0.43384485196231204,1,False,Chinese Grand Prix,chinese_grand_prix,2018,2018-04-15,101.17729545454546,44,Opening,1.1159999999999997,False,False,False,True
RAI,Ferrari,44,0 days 00:01:37.031000,0 days 00:00:25.912000,0 days 00:00:28.938000,0 days 00:00:42.181000,Soft,46,1,,,1,True,0 days 01:23:58.415000,97.031,25.912,28.938,42.181,5038.415,5013.891,19.6,24.8,1017.9,False,38.0,128,2.2,False,True,False,FORMULA 1 2018 HEINEKEN CHINESE GRAND PRIX,Shanghai,China,,,Permanent,,,0.26704867516566866,0.2982345848234069,0.4347167400109243,1,False,Chinese Grand Prix,chinese_grand_prix,2018,2018-04-15,102.48924444444444,45,Opening,0.5750000000000028,False,False,False,True
HAM,Mercedes,44,0 days 00:01:37.525000,0 days 00:00:26.214000,0 days 00:00:29.238000,0 days 00:00:42.073000,Soft,46,1,,,1,True,0 days 01:24:00.176000,97.525,26.214,29.238,42.073,5040.176,5013.891,19.6,24.8,1017.9,False,38.0,128,2.2,False,True,False,FORMULA 1 2018 HEINEKEN CHINESE GRAND PRIX,Shanghai,China,,,Permanent,,,0.2687926172776211,0.2998000512689054,0.43140733145347343,1,False,Chinese Grand Prix,chinese_grand_prix,2018,2018-04-15,101.40695348837208,43,Opening,0.6470000000000056,False,False,False,True
VER,Red Bull Racing,44,0 days 00:01:36.952000,0 days 00:00:26.160000,0 days 00:00:28.775000,0 days 00:00:42.017000,ULTRASOFT,46,1,,,1,True,0 days 01:24:01.477000,96.952,26.16,28.775,42.017,5041.477,5013.891,19.6,24.8,1017.9,False,38.0,128,2.2,False,True,False,FORMULA 1 2018 HEINEKEN CHINESE GRAND PRIX,Shanghai,China,,,Permanent,,,0.2698242429243337,0.29679635283439226,0.4333794042412741,1,False,Chinese Grand Prix,chinese_grand_prix,2018,2018-04-15,101.39367441860465,43,Opening,0.7459999999999951,False,False,False,True
HUL,Renault,44,0 days 00:01:37.972000,0 days 00:00:25.907000,0 days 00:00:29.585000,0 days 00:00:42.480000,ULTRASOFT,46,1,,,1,True,0 days 01:24:04.178000,97.972,25.907,29.585,42.48,5044.178,5073.907,19.4,25.1,1018.0,False,37.5,94,2.1,False,True,False,FORMULA 1 2018 HEINEKEN CHINESE GRAND PRIX,Shanghai,China,,,Permanent,,,0.26443269505573025,0.3019740333972972,0.4335932715469726,1,False,Chinese Grand Prix,chinese_grand_prix,2018,2018-04-15,102.89104545454546,44,Opening,1.090999999999994,False,False,False,True
VET,Ferrari,44,0 days 00:01:40.615000,0 days 00:00:27.744000,0 days 00:00:30.034000,0 days 00:00:42.837000,Soft,45,1,,,1,True,0 days 01:24:06.551000,100.615,27.744,30.034,42.837,5046.551,5073.907,19.4,25.1,1018.0,False,37.5,94,2.1,False,True,False,FORMULA 1 2018 HEINEKEN CHINESE GRAND PRIX,Shanghai,China,,,Permanent,,,0.2757441733339959,0.2985041991750733,0.4257516274909308,1,False,Chinese Grand Prix,chinese_grand_prix,2018,2018-04-15,101.62033333333333,42,Opening,3.1359999999999957,False,False,False,True
MAG,Haas F1 Team,44,0 days 00:01:38.501000,0 days 00:00:26.138000,0 days 00:00:29.549000,0 days 00:00:42.814000,Soft,47,1,,,1,True,0 days 01:24:08.722000,98.501,26.138,29.549,42.814,5048.722,5073.907,19.4,25.1,1018.0,False,37.5,94,2.1,False,True,False,FORMULA 1 2018 HEINEKEN CHINESE GRAND PRIX,Shanghai,China,,,Permanent,,,0.26535771210444564,0.299986802164445,0.4346554857311093,1,False,Chinese Grand Prix,chinese_grand_prix,2018,2018-04-15,104.04457777777779,45,Opening,0.34900000000000375,False,False,False,True
ALO,McLaren,44,0 days 00:01:38.648000,0 days 00:00:25.860000,0 days 00:00:29.809000,0 days 00:00:42.979000,Soft,43,1,,,1,True,0 days 01:24:09.533000,98.648,25.86,29.809,42.979,5049.533,5073.907,19.4,25.1,1018.0,False,37.5,94,2.1,False,True,False,FORMULA 1 2018 HEINEKEN CHINESE GRAND PRIX,Shanghai,China,,,Permanent,,,0.2621441894412456,0.30217541156435,0.43568039899440436,1,False,Chinese Grand Prix,chinese_grand_prix,2018,2018-04-15,103.92247826086957,46,Opening,1.4140000000000015,False,False,False,True
SAI,Renault,44,0 days 00:01:38.686000,0 days 00:00:26.139000,0 days 00:00:29.682000,0 days 00:00:42.865000,ULTRASOFT,46,1,,,1,True,0 days 01:24:10.538000,98.686,26.139,29.682,42.865,5050.538,5073.907,19.4,25.1,1018.0,False,37.5,94,2.1,False,True,False,FORMULA 1 2018 HEINEKEN CHINESE GRAND PRIX,Shanghai,China,,,Permanent,,,0.26487039701680076,0.30077214599841917,0.43435745698478,1,False,Chinese Grand Prix,chinese_grand_prix,2018,2018-04-15,103.05313636363636,44,Opening,0.9320000000000022,False,False,False,True
GRO,Haas F1 Team,44,0 days 00:01:38.704000,0 days 00:00:26.445000,0 days 00:00:29.581000,0 days 00:00:42.678000,ULTRASOFT,46,1,,,1,True,0 days 01:24:14.933000,98.704,26.445,29.581,42.678,5054.933,5073.907,19.4,25.1,1018.0,False,37.5,94,2.1,False,True,False,FORMULA 1 2018 HEINEKEN CHINESE GRAND PRIX,Shanghai,China,,,Permanent,,,0.26792227265359053,0.29969403468957695,0.4323836926568326,1,False,Chinese Grand Prix,chinese_grand_prix,2018,2018-04-15,104.38857777777777,45,Opening,1.293999999999997,False,False,False,True
OCO,Force India,44,0 days 00:01:38.598000,0 days 00:00:26.168000,0 days 00:00:29.855000,0 days 00:00:42.575000,Soft,43,1,,,1,True,0 days 01:24:15.434000,98.598,26.168,29.855,42.575,5055.434,5073.907,19.4,25.1,1018.0,False,37.5,94,2.1,False,True,False,FORMULA 1 2018 HEINEKEN CHINESE GRAND PRIX,Shanghai,China,,,Permanent,,,0.2654009209111747,0.30279518854337817,0.4318038905454472,1,False,Chinese Grand Prix,chinese_grand_prix,2018,2018-04-15,104.14320000000001,45,Opening,0.6129999999999995,False,False,False,True
PER,Force India,44,0 days 00:01:38.665000,0 days 00:00:26.112000,0 days 00:00:30.023000,0 days 00:00:42.530000,ULTRASOFT,46,1,,,1,True,0 days 01:24:16.057000,98.665,26.112,30.023,42.53,5056.057,5073.907,19.4,25.1,1018.0,False,37.5,94,2.1,False,True,False,FORMULA 1 2018 HEINEKEN CHINESE GRAND PRIX,Shanghai,China,,,Permanent,,,0.26465311914052597,0.304292302234835,0.4310545786246389,1,False,Chinese Grand Prix,chinese_grand_prix,2018,2018-04-15,104.14991111111111,45,Opening,0.9920000000000044,False,False,False,True
VAN,McLaren,44,0 days 00:01:38.610000,0 days 00:00:26.265000,0 days 00:00:29.558000,0 days 00:00:42.787000,Soft,43,1,,,1,True,0 days 01:24:18.597000,98.61,26.265,29.558,42.787,5058.597,5073.907,19.4,25.1,1018.0,False,37.5,94,2.1,False,True,False,FORMULA 1 2018 HEINEKEN CHINESE GRAND PRIX,Shanghai,China,,,Permanent,,,0.26635229692728934,0.2997464760166312,0.4339012270560795,1,False,Chinese Grand Prix,chinese_grand_prix,2018,2018-04-15,104.21526666666666,45,Opening,0.472999999999999,False,False,False,True
STR,Williams,44,0 days 00:01:39.171000,0 days 00:00:26.340000,0 days 00:00:29.757000,0 days 00:00:43.074000,Soft,43,1,,,1,True,0 days 01:24:21.412000,99.171,26.34,29.757,43.074,5061.412,5073.907,19.4,25.1,1018.0,False,37.5,94,2.1,False,True,False,FORMULA 1 2018 HEINEKEN CHINESE GRAND PRIX,Shanghai,China,,,Permanent,,,0.2656018392473606,0.30005747648001935,0.43434068427261996,1,False,Chinese Grand Prix,chinese_grand_prix,2018,2018-04-15,104.3311111111111,45,Opening,0.6710000000000065,False,False,False,True
GAS,Toro Rosso,44,0 days 00:01:39.360000,0 days 00:00:26.284000,0 days 00:00:30.130000,0 days 00:00:42.946000,Medium,43,1,,,1,True,0 days 01:24:22.437000,99.36,26.284,30.13,42.946,5062.437,5073.907,19.4,25.1,1018.0,False,37.5,94,2.1,False,True,False,FORMULA 1 2018 HEINEKEN CHINESE GRAND PRIX,Shanghai,China,,,Permanent,,,0.2645330112721417,0.30324074074074076,0.4322262479871175,1,False,Chinese Grand Prix,chinese_grand_prix,2018,2018-04-15,102.94286363636364,44,Opening,0.992999999999995,False,False,False,True
SIR,Williams,44,0 days 00:01:39.209000,0 days 00:00:26.386000,0 days 00:00:29.729000,0 days 00:00:43.094000,Soft,43,1,,,1,True,0 days 01:24:24.291000,99.209,26.386,29.729,43.094,5064.291,5073.907,19.4,25.1,1018.0,False,37.5,94,2.1,False,True,False,FORMULA 1 2018 HEINEKEN CHINESE GRAND PRIX,Shanghai,China,,,Permanent,,,0.26596377344797345,0.2996603130764346,0.43437591347559196,1,False,Chinese Grand Prix,chinese_grand_prix,2018,2018-04-15,104.34546666666667,45,Opening,0.585000000000008,False,False,False,True
ERI,Sauber,44,0 days 00:01:39.341000,0 days 00:00:26.414000,0 days 00:00:29.680000,0 days 00:00:43.247000,Soft,43,1,,,1,True,0 days 01:24:30.579000,99.341,26.414,29.68,43.247,5070.579,5073.907,19.4,25.1,1018.0,False,37.5,94,2.1,False,True,False,FORMULA 1 2018 HEINEKEN CHINESE GRAND PRIX,Shanghai,China,,,Permanent,,,0.26589222979434474,0.2987688869651,0.4353388832405553,1,False,Chinese Grand Prix,chinese_grand_prix,2018,2018-04-15,102.02637209302326,43,Opening,0.9549999999999983,False,False,False,True
LEC,Sauber,44,0 days 00:01:40.111000,0 days 00:00:26.638000,0 days 00:00:30.057000,0 days 00:00:43.416000,Soft,43,1,,,1,True,0 days 01:24:35.174000,100.111,26.638,30.057,43.416,5075.174,5073.907,19.4,25.1,1018.0,False,37.5,94,2.1,False,True,False,FORMULA 1 2018 HEINEKEN CHINESE GRAND PRIX,Shanghai,China,,,Permanent,,,0.2660846460428924,0.3002367372216839,0.4336786167354236,1,False,Chinese Grand Prix,chinese_grand_prix,2018,2018-04-15,102.08430232558139,43,Opening,1.3029999999999973,False,False,False,True
HAR,Toro Rosso,44,0 days 00:01:40.045000,0 days 00:00:26.723000,0 days 00:00:30.208000,0 days 00:00:43.114000,ULTRASOFT,43,1,,,1,True,0 days 01:24:35.675000,100.045,26.723,30.208,43.114,5075.675,5073.907,19.4,25.1,1018.0,False,37.5,94,2.1,False,True,False,FORMULA 1 2018 HEINEKEN CHINESE GRAND PRIX,Shanghai,China,,,Permanent,,,0.2671098005897346,0.3019441251436853,0.43094607426658,1,False,Chinese Grand Prix,chinese_grand_prix,2018,2018-04-15,102.14634883720929,43,Opening,0.6689999999999969,False,False,False,True
RIC,Red Bull Racing,45,0 days 00:01:36.750000,0 days 00:00:25.606000,0 days 00:00:28.990000,0 days 00:00:42.154000,ULTRASOFT,47,1,,,1,True,0 days 01:25:30.155000,96.75,25.606,28.99,42.154,5130.155,5133.917,19.5,25.2,1018.1,False,37.5,129,3.4,False,True,False,FORMULA 1 2018 HEINEKEN CHINESE GRAND PRIX,Shanghai,China,,,Permanent,,,0.26466149870801037,0.2996382428940568,0.43570025839793286,1,False,Chinese Grand Prix,chinese_grand_prix,2018,2018-04-15,101.17729545454546,44,Opening,0.9650000000000034,False,False,False,True
BOT,Mercedes,45,0 days 00:01:38.909000,0 days 00:00:26.037000,0 days 00:00:30.356000,0 days 00:00:42.516000,Soft,47,1,,,1,True,0 days 01:25:31.726000,98.909,26.037,30.356,42.516,5131.726,5133.917,19.5,25.2,1018.1,False,37.5,129,3.4,False,True,False,FORMULA 1 2018 HEINEKEN CHINESE GRAND PRIX,Shanghai,China,,,Permanent,,,0.26324196989151644,0.3069083703201933,0.4298496597882902,1,False,Chinese Grand Prix,chinese_grand_prix,2018,2018-04-15,101.08895454545454,44,Opening,1.9220000000000113,False,False,False,True
RAI,Ferrari,45,0 days 00:01:36.866000,0 days 00:00:25.832000,0 days 00:00:28.917000,0 days 00:00:42.117000,Soft,47,1,,,1,True,0 days 01:25:35.281000,96.866,25.832,28.917,42.117,5135.281,5133.917,19.5,25.2,1018.1,False,37.5,129,3.4,False,True,False,FORMULA 1 2018 HEINEKEN CHINESE GRAND PRIX,Shanghai,China,,,Permanent,,,0.2666776784423843,0.2985257985257985,0.43479652303181715,1,False,Chinese Grand Prix,chinese_grand_prix,2018,2018-04-15,102.48924444444444,45,Opening,0.4099999999999966,False,False,False,True
HAM,Mercedes,45,0 days 00:01:37.471000,0 days 00:00:26.096000,0 days 00:00:29.174000,0 days 00:00:42.201000,Soft,47,1,,,1,True,0 days 01:25:37.647000,97.471,26.096,29.174,42.201,5137.647,5133.917,19.5,25.2,1018.1,False,37.5,129,3.4,False,True,False,FORMULA 1 2018 HEINEKEN CHINESE GRAND PRIX,Shanghai,China,,,Permanent,,,0.2677309148362077,0.29930953822162487,0.43295954694216743,1,False,Chinese Grand Prix,chinese_grand_prix,2018,2018-04-15,101.40695348837208,43,Opening,0.5930000000000035,False,False,False,True
VER,Red Bull Racing,45,0 days 00:01:37.391000,0 days 00:00:26.182000,0 days 00:00:28.963000,0 days 00:00:42.246000,ULTRASOFT,47,1,,,1,True,0 days 01:25:38.868000,97.391,26.182,28.963,42.246,5138.868,5133.917,19.5,25.2,1018.1,False,37.5,129,3.4,False,True,False,FORMULA 1 2018 HEINEKEN CHINESE GRAND PRIX,Shanghai,China,,,Permanent,,,0.2688338758201476,0.2973888757688082,0.43377724841104415,1,False,Chinese Grand Prix,chinese_grand_prix,2018,2018-04-15,101.39367441860465,43,Opening,1.1850000000000023,False,False,False,True
HUL,Renault,45,0 days 00:01:38.465000,0 days 00:00:26.191000,0 days 00:00:29.585000,0 days 00:00:42.689000,ULTRASOFT,47,1,,,1,True,0 days 01:25:42.643000,98.465,26.191,29.585,42.689,5142.643,5133.917,19.5,25.2,1018.1,False,37.5,129,3.4,False,True,False,FORMULA 1 2018 HEINEKEN CHINESE GRAND PRIX,Shanghai,China,,,Permanent,,,0.2659929924338597,0.3004620931295384,0.4335449144366018,1,False,Chinese Grand Prix,chinese_grand_prix,2018,2018-04-15,102.89104545454546,44,Opening,1.5840000000000032,False,False,False,True
VET,Ferrari,45,0 days 00:01:38.188000,0 days 00:00:26.278000,0 days 00:00:29.390000,0 days 00:00:42.520000,Soft,46,1,,,1,True,0 days 01:25:44.739000,98.188,26.278,29.39,42.52,5144.739,5133.917,19.5,25.2,1018.1,False,37.5,129,3.4,False,True,False,FORMULA 1 2018 HEINEKEN CHINESE GRAND PRIX,Shanghai,China,,,Permanent,,,0.2676294455534281,0.29932374628264147,0.43304680816393043,1,False,Chinese Grand Prix,chinese_grand_prix,2018,2018-04-15,101.62033333333333,42,Opening,0.7090000000000032,False,False,False,True
MAG,Haas F1 Team,45,0 days 00:01:38.476000,0 days 00:00:26.101000,0 days 00:00:29.608000,0 days 00:00:42.767000,Soft,48,1,,,1,True,0 days 01:25:47.198000,98.476,26.101,29.608,42.767,5147.198,5133.917,19.5,25.2,1018.1,False,37.5,129,3.4,False,True,False,FORMULA 1 2018 HEINEKEN CHINESE GRAND PRIX,Shanghai,China,,,Permanent,,,0.2650493521264064,0.30066209025549373,0.43428855761809987,1,False,Chinese Grand Prix,chinese_grand_prix,2018,2018-04-15,104.04457777777779,45,Opening,0.32399999999999807,False,False,False,True
ALO,McLaren,45,0 days 00:01:38.360000,0 days 00:00:25.942000,0 days 00:00:29.701000,0 days 00:00:42.717000,Soft,44,1,,,1,True,0 days 01:25:47.893000,98.36,25.942,29.701,42.717,5147.893,5133.917,19.5,25.2,1018.1,False,37.5,129,3.4,False,True,False,FORMULA 1 2018 HEINEKEN CHINESE GRAND PRIX,Shanghai,China,,,Permanent,,,0.2637454249694998,0.301962179747865,0.4342923952826352,1,False,Chinese Grand Prix,chinese_grand_prix,2018,2018-04-15,103.92247826086957,46,Opening,1.1260000000000048,False,False,False,True
SAI,Renault,45,0 days 00:01:38.857000,0 days 00:00:26.177000,0 days 00:00:29.911000,0 days 00:00:42.769000,ULTRASOFT,47,1,,,1,True,0 days 01:25:49.395000,98.857,26.177,29.911,42.769,5149.395,5133.917,19.5,25.2,1018.1,False,37.5,129,3.4,False,True,False,FORMULA 1 2018 HEINEKEN CHINESE GRAND PRIX,Shanghai,China,,,Permanent,,,0.26479662542864946,0.30256835631265366,0.4326350182586969,1,False,Chinese Grand Prix,chinese_grand_prix,2018,2018-04-15,103.05313636363636,44,Opening,1.1029999999999944,False,False,False,True
OCO,Force India,45,0 days 00:01:38.821000,0 days 00:00:26.333000,0 days 00:00:29.980000,0 days 00:00:42.508000,Soft,44,1,,,1,True,0 days 01:25:54.255000,98.821,26.333,29.98,42.508,5154.255,5133.917,19.5,25.2,1018.1,False,37.5,129,3.4,False,True,False,FORMULA 1 2018 HEINEKEN CHINESE GRAND PRIX,Shanghai,China,,,Permanent,,,0.2664717013590229,0.30337681262079924,0.43015148602017794,1,False,Chinese Grand Prix,chinese_grand_prix,2018,2018-04-15,104.14320000000001,45,Opening,0.8359999999999985,False,False,False,True
GRO,Haas F1 Team,45,0 days 00:01:39.960000,0 days 00:00:26.579000,0 days 00:00:29.640000,0 days 00:00:43.741000,ULTRASOFT,47,1,,,1,True,0 days 01:25:54.893000,99.96,26.579,29.64,43.741,5154.893,5133.917,19.5,25.2,1018.1,False,37.5,129,3.4,False,True,False,FORMULA 1 2018 HEINEKEN CHINESE GRAND PRIX,Shanghai,China,,,Permanent,,,0.26589635854341737,0.2965186074429772,0.4375850340136055,1,False,Chinese Grand Prix,chinese_grand_prix,2018,2018-04-15,104.38857777777777,45,Opening,2.549999999999997,False,False,False,True
PER,Force India,45,0 days 00:01:39.014000,0 days 00:00:26.306000,0 days 00:00:30.040000,0 days 00:00:42.668000,ULTRASOFT,47,1,,,1,True,0 days 01:25:55.071000,99.014,26.306,30.04,42.668,5155.071,5133.917,19.5,25.2,1018.1,False,37.5,129,3.4,False,True,False,FORMULA 1 2018 HEINEKEN CHINESE GRAND PRIX,Shanghai,China,,,Permanent,,,0.26567960086452425,0.3033914395944008,0.430928959541075,1,False,Chinese Grand Prix,chinese_grand_prix,2018,2018-04-15,104.14991111111111,45,Opening,1.340999999999994,False,False,False,True
VAN,McLaren,45,0 days 00:01:38.902000,0 days 00:00:26.331000,0 days 00:00:29.622000,0 days 00:00:42.949000,Soft,44,1,,,1,True,0 days 01:25:57.499000,98.902,26.331,29.622,42.949,5157.499,5133.917,19.5,25.2,1018.1,False,37.5,129,3.4,False,True,False,FORMULA 1 2018 HEINEKEN CHINESE GRAND PRIX,Shanghai,China,,,Permanent,,,0.2662332409860266,0.2995086044771592,0.4342581545368142,1,False,Chinese Grand Prix,chinese_grand_prix,2018,2018-04-15,104.21526666666666,45,Opening,0.7650000000000006,False,False,False,True
STR,Williams,45,0 days 00:01:39.322000,0 days 00:00:26.359000,0 days 00:00:29.827000,0 days 00:00:43.136000,Soft,44,1,,,1,True,0 days 01:26:00.734000,99.322,26.359,29.827,43.136,5160.734,5133.917,19.5,25.2,1018.1,False,37.5,129,3.4,False,True,False,FORMULA 1 2018 HEINEKEN CHINESE GRAND PRIX,Shanghai,China,,,Permanent,,,0.2653893397233241,0.30030607518978675,0.43430458508688913,1,False,Chinese Grand Prix,chinese_grand_prix,2018,2018-04-15,104.3311111111111,45,Opening,0.8220000000000027,False,False,False,True
GAS,Toro Rosso,45,0 days 00:01:38.989000,0 days 00:00:26.223000,0 days 00:00:29.707000,0 days 00:00:43.059000,Medium,44,1,,,1,True,0 days 01:26:01.426000,98.989,26.223,29.707,43.059,5161.426,5133.917,19.5,25.2,1018.1,False,37.5,129,3.4,False,True,False,FORMULA 1 2018 HEINEKEN CHINESE GRAND PRIX,Shanghai,China,,,Permanent,,,0.2649082221256907,0.3001040519653699,0.43498772590893936,1,False,Chinese Grand Prix,chinese_grand_prix,2018,2018-04-15,102.94286363636364,44,Opening,0.6219999999999999,False,False,False,True
SIR,Williams,45,0 days 00:01:39.117000,0 days 00:00:26.440000,0 days 00:00:29.698000,0 days 00:00:42.979000,Soft,44,1,,,1,True,0 days 01:26:03.408000,99.117,26.44,29.698,42.979,5163.408,5133.917,19.5,25.2,1018.1,False,37.5,129,3.4,False,True,False,FORMULA 1 2018 HEINEKEN CHINESE GRAND PRIX,Shanghai,China,,,Permanent,,,0.26675545062905454,0.29962569488584195,0.43361885448510346,1,False,Chinese Grand Prix,chinese_grand_prix,2018,2018-04-15,104.34546666666667,45,Opening,0.4930000000000092,False,False,False,True
ERI,Sauber,45,0 days 00:01:39.024000,0 days 00:00:26.322000,0 days 00:00:29.574000,0 days 00:00:43.128000,Soft,44,1,,,1,True,0 days 01:26:09.603000,99.024,26.322,29.574,43.128,5169.603,5193.928,19.3,25.5,1018.2,False,37.5,87,2.1,False,True,False,FORMULA 1 2018 HEINEKEN CHINESE GRAND PRIX,Shanghai,China,,,Permanent,,,0.26581434803683957,0.29865487154629183,0.43553078041686866,1,False,Chinese Grand Prix,chinese_grand_prix,2018,2018-04-15,102.02637209302326,43,Opening,0.6380000000000052,False,False,False,True
LEC,Sauber,45,0 days 00:01:39.749000,0 days 00:00:26.562000,0 days 00:00:29.898000,0 days 00:00:43.289000,Soft,44,1,,,1,True,0 days 01:26:14.923000,99.749,26.562,29.898,43.289,5174.923,5193.928,19.3,25.5,1018.2,False,37.5,87,2.1,False,True,False,FORMULA 1 2018 HEINEKEN CHINESE GRAND PRIX,Shanghai,China,,,Permanent,,,0.26628838384344705,0.29973232814364054,0.43397928801291247,1,False,Chinese Grand Prix,chinese_grand_prix,2018,2018-04-15,102.08430232558139,43,Opening,0.9409999999999883,False,False,False,True
HAR,Toro Rosso,45,0 days 00:01:40.170000,0 days 00:00:26.726000,0 days 00:00:30.050000,0 days 00:00:43.394000,ULTRASOFT,44,1,,,1,True,0 days 01:26:15.845000,100.17,26.726,30.05,43.394,5175.845,5193.928,19.3,25.5,1018.2,False,37.5,87,2.1,False,True,False,FORMULA 1 2018 HEINEKEN CHINESE GRAND PRIX,Shanghai,China,,,Permanent,,,0.26680642907058,0.2999900169711491,0.4332035539582709,1,False,Chinese Grand Prix,chinese_grand_prix,2018,2018-04-15,102.14634883720929,43,Opening,0.7939999999999969,False,False,False,True
RIC,Red Bull Racing,46,0 days 00:01:36.221000,0 days 00:00:25.882000,0 days 00:00:28.603000,0 days 00:00:41.736000,ULTRASOFT,48,1,,,1,True,0 days 01:27:06.376000,96.221,25.882,28.603,41.736,5226.376,5253.943,19.5,25.2,1018.1,False,37.5,78,2.4,False,True,False,FORMULA 1 2018 HEINEKEN CHINESE GRAND PRIX,Shanghai,China,,,Permanent,,,0.2689849409172634,0.2972635911079702,0.4337514679747664,1,False,Chinese Grand Prix,chinese_grand_prix,2018,2018-04-15,101.17729545454546,44,Opening,0.43600000000000705,False,False,False,True
BOT,Mercedes,46,0 days 00:01:37.683000,0 days 00:00:26.019000,0 days 00:00:29.373000,0 days 00:00:42.291000,Soft,48,1,,,1,True,0 days 01:27:09.409000,97.683,26.019,29.373,42.291,5229.409,5253.943,19.5,25.2,1018.1,False,37.5,78,2.4,False,True,False,FORMULA 1 2018 HEINEKEN CHINESE GRAND PRIX,Shanghai,China,,,Permanent,,,0.2663615982310125,0.30069715303584044,0.43294124873314693,1,False,Chinese Grand Prix,chinese_grand_prix,2018,2018-04-15,101.08895454545454,44,Opening,0.6960000000000122,False,False,False,True
RAI,Ferrari,46,0 days 00:01:36.883000,0 days 00:00:25.779000,0 days 00:00:28.893000,0 days 00:00:42.211000,Soft,48,1,,,1,True,0 days 01:27:12.164000,96.883,25.779,28.893,42.211,5232.164,5253.943,19.5,25.2,1018.1,False,37.5,78,2.4,False,True,False,FORMULA 1 2018 HEINEKEN CHINESE GRAND PRIX,Shanghai,China,,,Permanent,,,0.26608383307701045,0.29822569491035583,0.4356904720126338,1,False,Chinese Grand Prix,chinese_grand_prix,2018,2018-04-15,102.48924444444444,45,Opening,0.4269999999999925,False,False,False,True
HAM,Mercedes,46,0 days 00:01:37.099000,0 days 00:00:25.968000,0 days 00:00:29.038000,0 days 00:00:42.093000,Soft,48,1,,,1,True,0 days 01:27:14.746000,97.099,25.968,29.038,42.093,5234.746,5253.943,19.5,25.2,1018.1,False,37.5,78,2.4,False,True,False,FORMULA 1 2018 HEINEKEN CHINESE GRAND PRIX,Shanghai,China,,,Permanent,,,0.2674383876250013,0.2990556030443156,0.4335060093306831,1,False,Chinese Grand Prix,chinese_grand_prix,2018,2018-04-15,101.40695348837208,43,Opening,0.22100000000000364,False,False,False,True
VER,Red Bull Racing,46,0 days 00:01:36.887000,0 days 00:00:25.843000,0 days 00:00:28.939000,0 days 00:00:42.105000,ULTRASOFT,48,1,,,1,True,0 days 01:27:15.755000,96.887,25.843,28.939,42.105,5235.755,5253.943,19.5,25.2,1018.1,False,37.5,78,2.4,False,True,False,FORMULA 1 2018 HEINEKEN CHINESE GRAND PRIX,Shanghai,China,,,Permanent,,,0.26673341108714277,0.2986881624985808,0.4345784264142764,1,False,Chinese Grand Prix,chinese_grand_prix,2018,2018-04-15,101.39367441860465,43,Opening,0.6809999999999974,False,False,False,True
HUL,Renault,46,0 days 00:01:37.729000,0 days 00:00:26.031000,0 days 00:00:29.232000,0 days 00:00:42.466000,ULTRASOFT,48,1,,,1,True,0 days 01:27:20.372000,97.729,26.031,29.232,42.466,5240.372,5253.943,19.5,25.2,1018.1,False,37.5,78,2.4,False,True,False,FORMULA 1 2018 HEINEKEN CHINESE GRAND PRIX,Shanghai,China,,,Permanent,,,0.2663590131895343,0.2991128528891117,0.434528133921354,1,False,Chinese Grand Prix,chinese_grand_prix,2018,2018-04-15,102.89104545454546,44,Opening,0.847999999999999,False,False,False,True
VET,Ferrari,46,0 days 00:01:37.742000,0 days 00:00:26.079000,0 days 00:00:29.220000,0 days 00:00:42.443000,Soft,47,1,,,1,True,0 days 01:27:22.481000,97.742,26.079,29.22,42.443,5242.481,5253.943,19.5,25.2,1018.1,False,37.5,78,2.4,False,True,False,FORMULA 1 2018 HEINEKEN CHINESE GRAND PRIX,Shanghai,China,,,Permanent,,,0.26681467536985126,0.29895029772257575,0.43423502690757293,1,False,Chinese Grand Prix,chinese_grand_prix,2018,2018-04-15,101.62033333333333,42,Opening,0.26300000000000523,False,False,False,True
MAG,Haas F1 Team,46,0 days 00:01:38.274000,0 days 00:00:26.059000,0 days 00:00:29.382000,0 days 00:00:42.833000,Soft,49,1,,,1,True,0 days 01:27:25.472000,98.274,26.059,29.382,42.833,5245.472,5253.943,19.5,25.2,1018.1,False,37.5,78,2.4,False,True,False,FORMULA 1 2018 HEINEKEN CHINESE GRAND PRIX,Shanghai,China,,,Permanent,,,0.26516677859861204,0.2989804017339276,0.43585281966746037,1,False,Chinese Grand Prix,chinese_grand_prix,2018,2018-04-15,104.04457777777779,45,Opening,0.12199999999999989,False,False,False,True
ALO,McLaren,46,0 days 00:01:38.107000,0 days 00:00:25.923000,0 days 00:00:29.518000,0 days 00:00:42.666000,Soft,45,1,,,1,True,0 days 01:27:26,98.107,25.923,29.518,42.666,5246.0,5253.943,19.5,25.2,1018.1,False,37.5,78,2.4,False,True,False,FORMULA 1 2018 HEINEKEN CHINESE GRAND PRIX,Shanghai,China,,,Permanent,,,0.26423191005738633,0.3008755746277024,0.43489251531491124,1,False,Chinese Grand Prix,chinese_grand_prix,2018,2018-04-15,103.92247826086957,46,Opening,0.8730000000000047,False,False,False,True
SAI,Renault,46,0 days 00:01:38.188000,0 days 00:00:26.253000,0 days 00:00:29.429000,0 days 00:00:42.506000,ULTRASOFT,48,1,,,1,True,0 days 01:27:27.583000,98.188,26.253,29.429,42.506,5247.583,5253.943,19.5,25.2,1018.1,False,37.5,78,2.4,False,True,False,FORMULA 1 2018 HEINEKEN CHINESE GRAND PRIX,Shanghai,China,,,Permanent,,,0.26737483195502504,0.2997209434961502,0.4329042245488247,1,False,Chinese Grand Prix,chinese_grand_prix,2018,2018-04-15,103.05313636363636,44,Opening,0.4339999999999975,False,False,False,True
OCO,Force India,46,0 days 00:01:38.035000,0 days 00:00:26.166000,0 days 00:00:29.276000,0 days 00:00:42.593000,Soft,45,1,,,1,True,0 days 01:27:32.290000,98.035,26.166,29.276,42.593,5252.29,5253.943,19.5,25.2,1018.1,False,37.5,78,2.4,False,True,False,FORMULA 1 2018 HEINEKEN CHINESE GRAND PRIX,Shanghai,China,,,Permanent,,,0.26690467690110675,0.29862804100576323,0.43446728209313007,1,False,Chinese Grand Prix,chinese_grand_prix,2018,2018-04-15,104.14320000000001,45,Opening,0.04999999999999716,False,False,False,True
PER,Force India,46,0 days 00:01:37.882000,0 days 00:00:25.825000,0 days 00:00:29.684000,0 days 00:00:42.373000,ULTRASOFT,48,1,,,1,True,0 days 01:27:32.953000,97.882,25.825,29.684,42.373,5252.953,5253.943,19.5,25.2,1018.1,False,37.5,78,2.4,False,True,False,FORMULA 1 2018 HEINEKEN CHINESE GRAND PRIX,Shanghai,China,,,Permanent,,,0.2638380907623465,0.30326311272756995,0.4328987965100835,1,False,Chinese Grand Prix,chinese_grand_prix,2018,2018-04-15,104.14991111111111,45,Opening,0.20900000000000318,False,False,False,True
VAN,McLaren,46,0 days 00:01:39.344000,0 days 00:00:26.526000,0 days 00:00:29.581000,0 days 00:00:43.237000,Soft,45,1,,,1,True,0 days 01:27:36.843000,99.344,26.526,29.581,43.237,5256.843,5253.943,19.5,25.2,1018.1,False,37.5,78,2.4,False,True,False,FORMULA 1 2018 HEINEKEN CHINESE GRAND PRIX,Shanghai,China,,,Permanent,,,0.2670115960702207,0.2977633274279272,0.4352250765018522,1,False,Chinese Grand Prix,chinese_grand_prix,2018,2018-04-15,104.21526666666666,45,Opening,1.2069999999999936,False,False,False,True
STR,Williams,46,0 days 00:01:39.287000,0 days 00:00:26.292000,0 days 00:00:29.763000,0 days 00:00:43.232000,Soft,45,1,,,1,True,0 days 01:27:40.021000,99.287,26.292,29.763,43.232,5260.021,5253.943,19.5,25.2,1018.1,False,37.5,78,2.4,False,True,False,FORMULA 1 2018 HEINEKEN CHINESE GRAND PRIX,Shanghai,China,,,Permanent,,,0.2648080816219646,0.29976734114234493,0.43542457723569045,1,False,Chinese Grand Prix,chinese_grand_prix,2018,2018-04-15,104.3311111111111,45,Opening,0.7870000000000061,False,False,False,True
GRO,Haas F1 Team,46,0 days 00:01:45.401000,0 days 00:00:27.070000,0 days 00:00:30.319000,0 days 00:00:48.012000,ULTRASOFT,48,1,0 days 01:27:38.575000,,1,False,0 days 01:27:40.294000,105.401,27.07,30.319,48.012,5260.294,5253.943,19.5,25.2,1018.1,False,37.5,78,2.4,False,True,False,FORMULA 1 2018 HEINEKEN CHINESE GRAND PRIX,Shanghai,China,,,Permanent,46.0,,0.25682868283982124,0.2876538173262113,0.45551749983396744,1,False,Chinese Grand Prix,chinese_grand_prix,2018,2018-04-15,104.38857777777777,45,Opening,7.991,False,False,False,True
GAS,Toro Rosso,46,0 days 00:01:39.199000,0 days 00:00:26.377000,0 days 00:00:29.888000,0 days 00:00:42.934000,Medium,45,1,,,1,True,0 days 01:27:40.625000,99.199,26.377,29.888,42.934,5260.625,5253.943,19.5,25.2,1018.1,False,37.5,78,2.4,False,True,False,FORMULA 1 2018 HEINEKEN CHINESE GRAND PRIX,Shanghai,China,,,Permanent,,,0.26589985786147036,0.30129335981209493,0.4328067823264347,1,False,Chinese Grand Prix,chinese_grand_prix,2018,2018-04-15,102.94286363636364,44,Opening,0.8319999999999936,False,False,False,True
SIR,Williams,46,0 days 00:01:39.040000,0 days 00:00:26.556000,0 days 00:00:29.527000,0 days 00:00:42.957000,Soft,45,1,,,1,True,0 days 01:27:42.448000,99.04,26.556,29.527,42.957,5262.448,5253.943,19.5,25.2,1018.1,False,37.5,78,2.4,False,True,False,FORMULA 1 2018 HEINEKEN CHINESE GRAND PRIX,Shanghai,China,,,Permanent,,,0.2681340872374798,0.2981320678513732,0.43373384491114697,1,False,Chinese Grand Prix,chinese_grand_prix,2018,2018-04-15,104.34546666666667,45,Opening,0.416000000000011,False,False,False,True
ERI,Sauber,46,0 days 00:01:38.705000,0 days 00:00:26.347000,0 days 00:00:29.496000,0 days 00:00:42.862000,Soft,45,1,,,1,True,0 days 01:27:48.308000,98.705,26.347,29.496,42.862,5268.308,5253.943,19.5,25.2,1018.1,False,37.5,78,2.4,False,True,False,FORMULA 1 2018 HEINEKEN CHINESE GRAND PRIX,Shanghai,China,,,Permanent,,,0.2669267007750367,0.29882984651233474,0.43424345271262854,1,False,Chinese Grand Prix,chinese_grand_prix,2018,2018-04-15,102.02637209302326,43,Opening,0.3190000000000026,False,False,False,True
LEC,Sauber,46,0 days 00:01:39.926000,0 days 00:00:26.647000,0 days 00:00:29.929000,0 days 00:00:43.350000,Soft,45,1,,,1,True,0 days 01:27:54.849000,99.926,26.647,29.929,43.35,5274.849,5253.943,19.5,25.2,1018.1,False,37.5,78,2.4,False,True,False,FORMULA 1 2018 HEINEKEN CHINESE GRAND PRIX,Shanghai,China,,,Permanent,,,0.266667333827032,0.2995116386125733,0.4338210275603947,1,False,Chinese Grand Prix,chinese_grand_prix,2018,2018-04-15,102.08430232558139,43,Opening,1.117999999999995,False,False,False,True
HAR,Toro Rosso,46,0 days 00:01:39.854000,0 days 00:00:26.525000,0 days 00:00:30.048000,0 days 00:00:43.281000,ULTRASOFT,45,1,,,1,True,0 days 01:27:55.699000,99.854,26.525,30.048,43.281,5275.699,5253.943,19.5,25.2,1018.1,False,37.5,78,2.4,False,True,False,FORMULA 1 2018 HEINEKEN CHINESE GRAND PRIX,Shanghai,China,,,Permanent,,,0.265637831233601,0.30091934223966993,0.433442826526729,1,False,Chinese Grand Prix,chinese_grand_prix,2018,2018-04-15,102.14634883720929,43,Opening,0.47799999999999443,False,False,False,True
RIC,Red Bull Racing,47,0 days 00:01:35.983000,0 days 00:00:25.779000,0 days 00:00:28.483000,0 days 00:00:41.721000,ULTRASOFT,49,1,,,1,True,0 days 01:28:42.359000,95.983,25.779,28.483,41.721,5322.359,5313.955,19.6,25.1,1018.2,False,37.5,120,3.1,False,True,False,FORMULA 1 2018 HEINEKEN CHINESE GRAND PRIX,Shanghai,China,,,Permanent,,,0.26857881083108465,0.2967504662283946,0.43467072294052067,1,False,Chinese Grand Prix,chinese_grand_prix,2018,2018-04-15,101.17729545454546,44,Opening,0.1980000000000075,False,False,False,True
BOT,Mercedes,47,0 days 00:01:37.168000,0 days 00:00:25.923000,0 days 00:00:29.071000,0 days 00:00:42.174000,Soft,49,1,,,1,True,0 days 01:28:46.577000,97.168,25.923,29.071,42.174,5326.577,5313.955,19.6,25.1,1018.2,False,37.5,120,3.1,False,True,False,FORMULA 1 2018 HEINEKEN CHINESE GRAND PRIX,Shanghai,China,,,Permanent,,,0.2667853614358636,0.2991828585542565,0.43403178000987974,1,False,Chinese Grand Prix,chinese_grand_prix,2018,2018-04-15,101.08895454545454,44,Opening,0.1810000000000116,False,False,False,True
RAI,Ferrari,47,0 days 00:01:36.673000,0 days 00:00:25.724000,0 days 00:00:28.917000,0 days 00:00:42.032000,Soft,49,1,,,1,True,0 days 01:28:48.837000,96.673,25.724,28.917,42.032,5328.837,5313.955,19.6,25.1,1018.2,False,37.5,120,3.1,False,True,False,FORMULA 1 2018 HEINEKEN CHINESE GRAND PRIX,Shanghai,China,,,Permanent,,,0.2660929111540968,0.29912178167637293,0.43478530716953023,1,False,Chinese Grand Prix,chinese_grand_prix,2018,2018-04-15,102.48924444444444,45,Opening,0.21699999999999875,False,False,False,True
HAM,Mercedes,47,0 days 00:01:37.147000,0 days 00:00:26.030000,0 days 00:00:29.111000,0 days 00:00:42.006000,Medium,1,2,,,1,True,0 days 01:28:51.893000,97.147,26.03,29.111,42.006,5331.893,5313.955,19.6,25.1,1018.2,False,37.5,120,3.1,False,True,False,FORMULA 1 2018 HEINEKEN CHINESE GRAND PRIX,Shanghai,China,,,Permanent,,,0.2679444553099941,0.2996592792366208,0.43239626545338505,1,False,Chinese Grand Prix,chinese_grand_prix,2018,2018-04-15,97.4734,10,Closing,0.26900000000000546,False,False,False,True
VER,Red Bull Racing,47,0 days 00:01:36.678000,0 days 00:00:25.616000,0 days 00:00:29.183000,0 days 00:00:41.879000,Medium,1,2,,,1,True,0 days 01:28:52.433000,96.678,25.616,29.183,41.879,5332.433,5313.955,19.6,25.1,1018.2,False,37.5,120,3.1,False,True,False,FORMULA 1 2018 HEINEKEN CHINESE GRAND PRIX,Shanghai,China,,,Permanent,,,0.26496203893336645,0.3018577132336209,0.4331802478330127,1,False,Chinese Grand Prix,chinese_grand_prix,2018,2018-04-15,96.678,1,Mid,0.4719999999999942,False,False,False,True
HUL,Renault,47,0 days 00:01:37.432000,0 days 00:00:25.994000,0 days 00:00:29.266000,0 days 00:00:42.172000,Medium,1,2,,,1,True,0 days 01:28:57.804000,97.432,25.994,29.266,42.172,5337.804,5313.955,19.6,25.1,1018.2,False,37.5,120,3.1,False,True,False,FORMULA 1 2018 HEINEKEN CHINESE GRAND PRIX,Shanghai,China,,,Permanent,,,0.26679119796370804,0.30037359389112406,0.43283520814516785,1,False,Chinese Grand Prix,chinese_grand_prix,2018,2018-04-15,97.432,1,Mid,0.5510000000000019,False,False,False,True
VET,Ferrari,47,0 days 00:01:37.852000,0 days 00:00:26.169000,0 days 00:00:29.300000,0 days 00:00:42.383000,Medium,1,2,,,1,True,0 days 01:29:00.333000,97.852,26.169,29.3,42.383,5340.333,5313.955,19.6,25.1,1018.2,False,37.5,120,3.1,False,True,False,FORMULA 1 2018 HEINEKEN CHINESE GRAND PRIX,Shanghai,China,,,Permanent,,,0.2674344929076565,0.2994317949556473,0.43313371213669627,1,False,Chinese Grand Prix,chinese_grand_prix,2018,2018-04-15,98.5296,10,Closing,0.37300000000000466,False,False,False,True
MAG,Haas F1 Team,47,0 days 00:01:38.999000,0 days 00:00:26.114000,0 days 00:00:29.648000,0 days 00:00:43.237000,Medium,1,2,,,1,True,0 days 01:29:04.471000,98.999,26.114,29.648,43.237,5344.471,5373.97,19.4,25.1,1018.1,False,37.5,85,2.7,False,True,False,FORMULA 1 2018 HEINEKEN CHINESE GRAND PRIX,Shanghai,China,,,Permanent,,,0.26378044222668917,0.29947777250275254,0.43674178527055835,1,False,Chinese Grand Prix,chinese_grand_prix,2018,2018-04-15,98.66279999999999,10,Closing,0.8469999999999942,False,False,False,True
ALO,McLaren,47,0 days 00:01:38.699000,0 days 00:00:26.003000,0 days 00:00:29.808000,0 days 00:00:42.888000,Soft,46,1,,,1,True,0 days 01:29:04.699000,98.699,26.003,29.808,42.888,5344.699,5373.97,19.4,25.1,1018.1,False,37.5,85,2.7,False,True,False,FORMULA 1 2018 HEINEKEN CHINESE GRAND PRIX,Shanghai,China,,,Permanent,,,0.2634575831568709,0.3020091388970506,0.4345332779460785,1,False,Chinese Grand Prix,chinese_grand_prix,2018,2018-04-15,103.92247826086957,46,Opening,1.4650000000000034,False,False,False,True
SAI,Renault,47,0 days 00:01:38.233000,0 days 00:00:26.247000,0 days 00:00:29.391000,0 days 00:00:42.595000,Medium,1,2,,,1,True,0 days 01:29:05.816000,98.233,26.247,29.391,42.595,5345.816,5373.97,19.4,25.1,1018.1,False,37.5,85,2.7,False,True,False,FORMULA 1 2018 HEINEKEN CHINESE GRAND PRIX,Shanghai,China,,,Permanent,,,0.26719126973623936,0.29919680759011735,0.43361192267364324,1,False,Chinese Grand Prix,chinese_grand_prix,2018,2018-04-15,98.233,1,Mid,0.4789999999999992,False,False,False,True
OCO,Force India,47,0 days 00:01:37.985000,0 days 00:00:26.170000,0 days 00:00:29.327000,0 days 00:00:42.488000,Soft,1,2,,,1,True,0 days 01:29:10.275000,97.985,26.17,29.327,42.488,5350.275,5373.97,19.4,25.1,1018.1,False,37.5,85,2.7,False,True,False,FORMULA 1 2018 HEINEKEN CHINESE GRAND PRIX,Shanghai,China,,,Permanent,,,0.26708169617798644,0.29930091340511306,0.43361739041690056,1,False,Chinese Grand Prix,chinese_grand_prix,2018,2018-04-15,97.985,1,Mid,0.0,False,False,False,True
PER,Force India,47,0 days 00:01:37.889000,0 days 00:00:25.880000,0 days 00:00:29.767000,0 days 00:00:42.242000,Soft,1,2,,,1,True,0 days 01:29:10.842000,97.889,25.88,29.767,42.242,5350.842,5373.97,19.4,25.1,1018.1,False,37.5,85,2.7,False,True,False,FORMULA 1 2018 HEINEKEN CHINESE GRAND PRIX,Shanghai,China,,,Permanent,,,0.2643810846979742,0.3040893256647836,0.4315295896372422,1,False,Chinese Grand Prix,chinese_grand_prix,2018,2018-04-15,97.889,1,Mid,0.21599999999999397,False,False,False,True
VAN,McLaren,47,0 days 00:01:38.834000,0 days 00:00:26.400000,0 days 00:00:29.512000,0 days 00:00:42.922000,Medium,1,2,,,1,True,0 days 01:29:15.677000,98.834,26.4,29.512,42.922,5355.677,5373.97,19.4,25.1,1018.1,False,37.5,85,2.7,False,True,False,FORMULA 1 2018 HEINEKEN CHINESE GRAND PRIX,Shanghai,China,,,Permanent,,,0.26711455571969156,0.2986016957727098,0.43428374850759854,1,False,Chinese Grand Prix,chinese_grand_prix,2018,2018-04-15,98.5036,10,Closing,0.6970000000000027,False,False,False,True
STR,Williams,47,0 days 00:01:39.030000,0 days 00:00:26.372000,0 days 00:00:29.653000,0 days 00:00:43.005000,Medium,1,2,,,1,True,0 days 01:29:19.051000,99.03,26.372,29.653,43.005,5359.051,5373.97,19.4,25.1,1018.1,False,37.5,85,2.7,False,True,False,FORMULA 1 2018 HEINEKEN CHINESE GRAND PRIX,Shanghai,China,,,Permanent,,,0.2663031404624861,0.2994345147934969,0.434262344744017,1,False,Chinese Grand Prix,chinese_grand_prix,2018,2018-04-15,98.7975,10,Closing,0.5300000000000011,False,False,False,True
GAS,Toro Rosso,47,0 days 00:01:39.215000,0 days 00:00:26.458000,0 days 00:00:29.981000,0 days 00:00:42.776000,Soft,1,2,,,1,True,0 days 01:29:19.840000,99.215,26.458,29.981,42.776,5359.84,5373.97,19.4,25.1,1018.1,False,37.5,85,2.7,False,True,False,FORMULA 1 2018 HEINEKEN CHINESE GRAND PRIX,Shanghai,China,,,Permanent,,,0.2666733860807337,0.30218212971828856,0.4311444842009777,1,False,Chinese Grand Prix,chinese_grand_prix,2018,2018-04-15,99.215,1,Mid,0.847999999999999,False,False,False,True
SIR,Williams,47,0 days 00:01:38.624000,0 days 00:00:26.319000,0 days 00:00:29.572000,0 days 00:00:42.733000,Medium,1,2,,,1,True,0 days 01:29:21.072000,98.624,26.319,29.572,42.733,5361.072,5373.97,19.4,25.1,1018.1,False,37.5,85,2.7,False,True,False,FORMULA 1 2018 HEINEKEN CHINESE GRAND PRIX,Shanghai,China,,,Permanent,,,0.2668620214146658,0.2998458792991564,0.4332920992861778,1,False,Chinese Grand Prix,chinese_grand_prix,2018,2018-04-15,98.624,1,Mid,0.0,False,False,False,True
ERI,Sauber,47,0 days 00:01:38.723000,0 days 00:00:26.410000,0 days 00:00:29.490000,0 days 00:00:42.823000,Medium,1,2,,,1,True,0 days 01:29:27.031000,98.723,26.41,29.49,42.823,5367.031,5373.97,19.4,25.1,1018.1,False,37.5,85,2.7,False,True,False,FORMULA 1 2018 HEINEKEN CHINESE GRAND PRIX,Shanghai,China,,,Permanent,,,0.2675161816395369,0.2987145852536896,0.4337692331067735,1,False,Chinese Grand Prix,chinese_grand_prix,2018,2018-04-15,98.6812,10,Closing,0.3370000000000033,False,False,False,True
LEC,Sauber,47,0 days 00:01:40.026000,0 days 00:00:26.672000,0 days 00:00:30.130000,0 days 00:00:43.224000,Medium,1,2,,,1,True,0 days 01:29:34.875000,100.026,26.672,30.13,43.224,5374.875,5373.97,19.4,25.1,1018.1,False,37.5,85,2.7,False,True,False,FORMULA 1 2018 HEINEKEN CHINESE GRAND PRIX,Shanghai,China,,,Permanent,,,0.26665067082558536,0.30122168236258573,0.4321276468118289,1,False,Chinese Grand Prix,chinese_grand_prix,2018,2018-04-15,100.0233,10,Closing,1.2179999999999893,False,False,False,True
HAR,Toro Rosso,47,0 days 00:01:39.971000,0 days 00:00:26.508000,0 days 00:00:30.182000,0 days 00:00:43.281000,Soft,1,3,,,1,True,0 days 01:29:35.670000,99.971,26.508,30.182,43.281,5375.67,5373.97,19.4,25.1,1018.1,False,37.5,85,2.7,False,True,False,FORMULA 1 2018 HEINEKEN CHINESE GRAND PRIX,Shanghai,China,,,Permanent,,,0.2651568954996949,0.30190755319042517,0.4329355513098798,1,False,Chinese Grand Prix,chinese_grand_prix,2018,2018-04-15,101.13759999999999,5,Closing,0.5949999999999989,False,False,False,True
GRO,Haas F1 Team,47,0 days 00:01:57.064000,0 days 00:00:45.558000,0 days 00:00:29.265000,0 days 00:00:42.241000,Medium,1,3,,0 days 01:28:02.296000,1,False,0 days 01:29:37.358000,117.064,45.558,29.265,42.241,5377.358,5373.97,19.4,25.1,1018.1,False,37.5,85,2.7,False,True,False,FORMULA 1 2018 HEINEKEN CHINESE GRAND PRIX,Shanghai,China,,,Permanent,,,0.389171735119251,0.2499914576641837,0.3608368072165653,2,False,Chinese Grand Prix,chinese_grand_prix,2018,2018-04-15,99.7508,10,Closing,19.653999999999996,False,False,False,True
RIC,Red Bull Racing,48,0 days 00:01:37.238000,0 days 00:00:25.916000,0 days 00:00:29.120000,0 days 00:00:42.202000,Soft,1,3,,,1,True,0 days 01:30:19.597000,97.238,25.916,29.12,42.202,5419.597,5433.986,19.3,25.1,1018.1,False,37.5,115,1.9,False,True,False,FORMULA 1 2018 HEINEKEN CHINESE GRAND PRIX,Shanghai,China,,,Permanent,,,0.2665213188259734,0.2994714000699315,0.4340072811040951,1,False,Chinese Grand Prix,chinese_grand_prix,2018,2018-04-15,96.68144444444445,9,Closing,1.453000000000003,False,False,False,True
BOT,Mercedes,48,0 days 00:01:37.186000,0 days 00:00:25.972000,0 days 00:00:29.007000,0 days 00:00:42.207000,Medium,1,2,,,1,True,0 days 01:30:23.763000,97.186,25.972,29.007,42.207,5423.763,5433.986,19.3,25.1,1018.1,False,37.5,115,1.9,False,True,False,FORMULA 1 2018 HEINEKEN CHINESE GRAND PRIX,Shanghai,China,,,Permanent,,,0.2672401374683596,0.2984689152758628,0.43429094725577755,1,False,Chinese Grand Prix,chinese_grand_prix,2018,2018-04-15,97.20244444444444,9,Closing,0.19900000000001228,False,False,False,True
RAI,Ferrari,48,0 days 00:01:36.456000,0 days 00:00:25.820000,0 days 00:00:28.839000,0 days 00:00:41.797000,Medium,1,2,,,1,True,0 days 01:30:25.293000,96.456,25.82,28.839,41.797,5425.293,5433.986,19.3,25.1,1018.1,False,37.5,115,1.9,False,True,False,FORMULA 1 2018 HEINEKEN CHINESE GRAND PRIX,Shanghai,China,,,Permanent,,,0.26768682093389734,0.2989860661856183,0.4333271128804843,1,False,Chinese Grand Prix,chinese_grand_prix,2018,2018-04-15,97.03433333333334,9,Closing,0.0,False,False,False,True
VER,Red Bull Racing,48,0 days 00:01:36.289000,0 days 00:00:25.626000,0 days 00:00:29.070000,0 days 00:00:41.593000,Soft,1,3,,,1,True,0 days 01:30:28.722000,96.289,25.626,29.07,41.593,5428.722,5433.986,19.3,25.1,1018.1,False,37.5,115,1.9,False,True,False,FORMULA 1 2018 HEINEKEN CHINESE GRAND PRIX,Shanghai,China,,,Permanent,,,0.26613631879030836,0.30190364423765953,0.43196003697203217,1,False,Chinese Grand Prix,chinese_grand_prix,2018,2018-04-15,96.72233333333332,9,Closing,0.08299999999999841,False,False,False,True
HAM,Mercedes,48,0 days 00:01:38.405000,0 days 00:00:26.114000,0 days 00:00:30.259000,0 days 00:00:42.032000,Medium,2,2,,,1,True,0 days 01:30:30.298000,98.405,26.114,30.259,42.032,5430.298,5433.986,19.3,25.1,1018.1,False,37.5,115,1.9,False,True,False,FORMULA 1 2018 HEINEKEN CHINESE GRAND PRIX,Shanghai,China,,,Permanent,,,0.26537269447690665,0.3074945378791728,0.4271327676439205,1,False,Chinese Grand Prix,chinese_grand_prix,2018,2018-04-15,97.4734,10,Closing,1.527000000000001,False,False,False,True
HUL,Renault,48,0 days 00:01:37.518000,0 days 00:00:26.020000,0 days 00:00:29.216000,0 days 00:00:42.282000,Soft,1,3,,,1,True,0 days 01:30:35.322000,97.518,26.02,29.216,42.282,5435.322,5433.986,19.3,25.1,1018.1,False,37.5,115,1.9,False,True,False,FORMULA 1 2018 HEINEKEN CHINESE GRAND PRIX,Shanghai,China,,,Permanent,,,0.26682253532681144,0.29959597202567734,0.43358149264751117,1,False,Chinese Grand Prix,chinese_grand_prix,2018,2018-04-15,97.30711111111111,9,Closing,0.6370000000000005,False,False,False,True
VET,Ferrari,48,0 days 00:01:37.841000,0 days 00:00:26.227000,0 days 00:00:29.333000,0 days 00:00:42.281000,Medium,2,2,,,1,True,0 days 01:30:38.174000,97.841,26.227,29.333,42.281,5438.174,5433.986,19.3,25.1,1018.1,False,37.5,115,1.9,False,True,False,FORMULA 1 2018 HEINEKEN CHINESE GRAND PRIX,Shanghai,China,,,Permanent,,,0.2680573583671467,0.299802741182122,0.4321399004507313,1,False,Chinese Grand Prix,chinese_grand_prix,2018,2018-04-15,98.5296,10,Closing,0.36199999999999477,False,False,False,True
ALO,McLaren,48,0 days 00:01:37.657000,0 days 00:00:25.774000,0 days 00:00:29.369000,0 days 00:00:42.514000,Medium,1,2,,,1,True,0 days 01:30:42.356000,97.657,25.774,29.369,42.514,5442.356,5433.986,19.3,25.1,1018.1,False,37.5,115,1.9,False,True,False,FORMULA 1 2018 HEINEKEN CHINESE GRAND PRIX,Shanghai,China,,,Permanent,,,0.2639237330657301,0.30073625034559737,0.43534001658867266,1,False,Chinese Grand Prix,chinese_grand_prix,2018,2018-04-15,97.6051111111111,9,Closing,0.4230000000000018,False,False,False,True
SAI,Renault,48,0 days 00:01:37.892000,0 days 00:00:26.360000,0 days 00:00:29.720000,0 days 00:00:41.812000,Soft,1,3,,,1,True,0 days 01:30:43.708000,97.892,26.36,29.72,41.812,5443.708,5433.986,19.3,25.1,1018.1,False,37.5,115,1.9,False,True,False,FORMULA 1 2018 HEINEKEN CHINESE GRAND PRIX,Shanghai,China,,,Permanent,,,0.26927634536019285,0.3035998855881992,0.42712376905160787,1,False,Chinese Grand Prix,chinese_grand_prix,2018,2018-04-15,98.05066666666667,9,Closing,0.13799999999999102,False,False,False,True
MAG,Haas F1 Team,48,0 days 00:01:39.969000,0 days 00:00:26.955000,0 days 00:00:29.827000,0 days 00:00:43.187000,Medium,2,2,,,1,True,0 days 01:30:44.440000,99.969,26.955,29.827,43.187,5444.44,5433.986,19.3,25.1,1018.1,False,37.5,115,1.9,False,True,False,FORMULA 1 2018 HEINEKEN CHINESE GRAND PRIX,Shanghai,China,,,Permanent,,,0.26963358641178764,0.29836249237263557,0.43200392121557685,1,False,Chinese Grand Prix,chinese_grand_prix,2018,2018-04-15,98.66279999999999,10,Closing,1.816999999999993,False,False,False,True
OCO,Force India,48,0 days 00:01:38.015000,0 days 00:00:26.203000,0 days 00:00:29.423000,0 days 00:00:42.389000,ULTRASOFT,1,3,,,1,True,0 days 01:30:48.290000,98.015,26.203,29.423,42.389,5448.29,5433.986,19.3,25.1,1018.1,False,37.5,115,1.9,False,True,False,FORMULA 1 2018 HEINEKEN CHINESE GRAND PRIX,Shanghai,China,,,Permanent,,,0.2673366321481406,0.3001887466204152,0.4324746212314442,1,False,Chinese Grand Prix,chinese_grand_prix,2018,2018-04-15,98.47566666666665,9,Closing,0.030000000000001137,False,False,False,True
PER,Force India,48,0 days 00:01:38.335000,0 days 00:00:25.948000,0 days 00:00:29.863000,0 days 00:00:42.524000,Soft,1,3,,,1,True,0 days 01:30:49.177000,98.335,25.948,29.863,42.524,5449.177,5433.986,19.3,25.1,1018.1,False,37.5,115,1.9,False,True,False,FORMULA 1 2018 HEINEKEN CHINESE GRAND PRIX,Shanghai,China,,,Permanent,,,0.26387349366959884,0.30368637819697974,0.43244012813342153,1,False,Chinese Grand Prix,chinese_grand_prix,2018,2018-04-15,98.48766666666667,9,Closing,0.6619999999999919,False,False,False,True
VAN,McLaren,48,0 days 00:01:38.870000,0 days 00:00:26.449000,0 days 00:00:29.595000,0 days 00:00:42.826000,Medium,2,2,,,1,True,0 days 01:30:54.547000,98.87,26.449,29.595,42.826,5454.547,5433.986,19.3,25.1,1018.1,False,37.5,115,1.9,False,True,False,FORMULA 1 2018 HEINEKEN CHINESE GRAND PRIX,Shanghai,China,,,Permanent,,,0.2675128957216547,0.29933245676140385,0.43315464751694144,1,False,Chinese Grand Prix,chinese_grand_prix,2018,2018-04-15,98.5036,10,Closing,0.7330000000000041,False,False,False,True
STR,Williams,48,0 days 00:01:38.546000,0 days 00:00:26.303000,0 days 00:00:29.546000,0 days 00:00:42.697000,Medium,2,2,,,1,True,0 days 01:30:57.597000,98.546,26.303,29.546,42.697,5457.597,5433.986,19.3,25.1,1018.1,False,37.5,115,1.9,False,True,False,FORMULA 1 2018 HEINEKEN CHINESE GRAND PRIX,Shanghai,China,,,Permanent,,,0.2669108842570982,0.29981937369350353,0.4332697420493983,1,False,Chinese Grand Prix,chinese_grand_prix,2018,2018-04-15,98.7975,10,Closing,0.04600000000000648,False,False,False,True
GAS,Toro Rosso,48,0 days 00:01:38.538000,0 days 00:00:26.231000,0 days 00:00:29.721000,0 days 00:00:42.586000,ULTRASOFT,1,3,,,1,True,0 days 01:30:58.378000,98.538,26.231,29.721,42.586,5458.378,5433.986,19.3,25.1,1018.1,False,37.5,115,1.9,False,True,False,FORMULA 1 2018 HEINEKEN CHINESE GRAND PRIX,Shanghai,China,,,Permanent,,,0.2662018713592726,0.3016196797174694,0.432178448923258,1,False,Chinese Grand Prix,chinese_grand_prix,2018,2018-04-15,98.781,9,Closing,0.17099999999999227,False,False,False,True
SIR,Williams,48,0 days 00:01:38.673000,0 days 00:00:26.507000,0 days 00:00:29.523000,0 days 00:00:42.643000,Soft,2,3,,,1,True,0 days 01:30:59.745000,98.673,26.507,29.523,42.643,5459.745,5433.986,19.3,25.1,1018.1,False,37.5,115,1.9,False,True,False,FORMULA 1 2018 HEINEKEN CHINESE GRAND PRIX,Shanghai,China,,,Permanent,,,0.2686347835780811,0.29920038916420905,0.4321648272577098,1,False,Chinese Grand Prix,chinese_grand_prix,2018,2018-04-15,98.85277777777777,9,Closing,0.049000000000006594,False,False,False,True
ERI,Sauber,48,0 days 00:01:38.574000,0 days 00:00:26.468000,0 days 00:00:29.499000,0 days 00:00:42.607000,Medium,2,2,,,1,True,0 days 01:31:05.605000,98.574,26.468,29.499,42.607,5465.605,5493.999,19.2,25.5,1018.1,False,37.0,158,2.2,False,True,False,FORMULA 1 2018 HEINEKEN CHINESE GRAND PRIX,Shanghai,China,,,Permanent,,,0.26850893744800863,0.29925741067624323,0.4322336518757482,1,False,Chinese Grand Prix,chinese_grand_prix,2018,2018-04-15,98.6812,10,Closing,0.1880000000000024,False,False,False,True
LEC,Sauber,48,0 days 00:01:39.628000,0 days 00:00:26.721000,0 days 00:00:29.865000,0 days 00:00:43.042000,Medium,2,2,,,1,True,0 days 01:31:14.503000,99.628,26.721,29.865,43.042,5474.503,5493.999,19.2,25.5,1018.1,False,37.0,158,2.2,False,True,False,FORMULA 1 2018 HEINEKEN CHINESE GRAND PRIX,Shanghai,China,,,Permanent,,,0.2682077327658891,0.29976512626972335,0.43202714096438755,1,False,Chinese Grand Prix,chinese_grand_prix,2018,2018-04-15,100.0233,10,Closing,0.8199999999999932,False,False,False,True
GRO,Haas F1 Team,48,0 days 00:01:37.712000,0 days 00:00:25.988000,0 days 00:00:29.180000,0 days 00:00:42.544000,Medium,2,3,,,1,True,0 days 01:31:15.070000,97.712,25.988,29.18,42.544,5475.07,5493.999,19.2,25.5,1018.1,False,37.0,158,2.2,False,True,False,FORMULA 1 2018 HEINEKEN CHINESE GRAND PRIX,Shanghai,China,,,Permanent,,,0.2659652857376781,0.2986327165547732,0.43540199770754867,1,False,Chinese Grand Prix,chinese_grand_prix,2018,2018-04-15,99.7508,10,Closing,0.3020000000000067,False,False,False,True
HAR,Toro Rosso,48,0 days 00:01:39.888000,0 days 00:00:26.443000,0 days 00:00:30.033000,0 days 00:00:43.412000,Soft,2,3,,,1,True,0 days 01:31:15.558000,99.888,26.443,30.033,43.412,5475.558,5493.999,19.2,25.5,1018.1,False,37.0,158,2.2,False,True,False,FORMULA 1 2018 HEINEKEN CHINESE GRAND PRIX,Shanghai,China,,,Permanent,,,0.2647264936729137,0.3006667467563671,0.43460675957071915,1,False,Chinese Grand Prix,chinese_grand_prix,2018,2018-04-15,101.13759999999999,5,Closing,0.5120000000000005,False,False,False,True
RIC,Red Bull Racing,49,0 days 00:01:37.019000,0 days 00:00:26.159000,0 days 00:00:28.864000,0 days 00:00:41.996000,Soft,2,3,,,1,True,0 days 01:31:56.616000,97.019,26.159,28.864,41.996,5516.616,5493.999,19.2,25.5,1018.1,False,37.0,158,2.2,False,True,False,FORMULA 1 2018 HEINEKEN CHINESE GRAND PRIX,Shanghai,China,,,Permanent,,,0.2696275987177769,0.29750873540234385,0.4328636658798792,1,False,Chinese Grand Prix,chinese_grand_prix,2018,2018-04-15,96.68144444444445,9,Closing,1.2340000000000089,False,False,False,True
BOT,Mercedes,49,0 days 00:01:37.278000,0 days 00:00:26.046000,0 days 00:00:29.114000,0 days 00:00:42.118000,Medium,2,2,,,1,True,0 days 01:32:01.041000,97.278,26.046,29.114,42.118,5521.041,5493.999,19.2,25.5,1018.1,False,37.0,158,2.2,False,True,False,FORMULA 1 2018 HEINEKEN CHINESE GRAND PRIX,Shanghai,China,,,Permanent,,,0.2677481033738358,0.29928658072739983,0.43296531589876436,1,False,Chinese Grand Prix,chinese_grand_prix,2018,2018-04-15,97.20244444444444,9,Closing,0.291000000000011,False,False,False,True
RAI,Ferrari,49,0 days 00:01:36.675000,0 days 00:00:25.825000,0 days 00:00:28.876000,0 days 00:00:41.974000,Medium,2,2,,,1,True,0 days 01:32:01.968000,96.675,25.825,28.876,41.974,5521.968,5493.999,19.2,25.5,1018.1,False,37.0,158,2.2,False,True,False,FORMULA 1 2018 HEINEKEN CHINESE GRAND PRIX,Shanghai,China,,,Permanent,,,0.26713214378070854,0.2986914921127489,0.43417636410654253,1,False,Chinese Grand Prix,chinese_grand_prix,2018,2018-04-15,97.03433333333334,9,Closing,0.2189999999999941,False,False,False,True
VER,Red Bull Racing,49,0 days 00:01:36.280000,0 days 00:00:25.831000,0 days 00:00:28.749000,0 days 00:00:41.700000,Soft,2,3,,,1,True,0 days 01:32:05.002000,96.28,25.831,28.749,41.7,5525.002,5554.013,19.2,25.5,1018.1,False,37.0,62,1.1,False,True,False,FORMULA 1 2018 HEINEKEN CHINESE GRAND PRIX,Shanghai,China,,,Permanent,,,0.26829040299127543,0.2985978396343997,0.4331117573743249,1,False,Chinese Grand Prix,chinese_grand_prix,2018,2018-04-15,96.72233333333332,9,Closing,0.07399999999999807,False,False,False,True
HAM,Mercedes,49,0 days 00:01:37.301000,0 days 00:00:26.209000,0 days 00:00:29.149000,0 days 00:00:41.943000,Medium,3,2,,,1,True,0 days 01:32:07.599000,97.301,26.209,29.149,41.943,5527.599,5554.013,19.2,25.5,1018.1,False,37.0,62,1.1,False,True,False,FORMULA 1 2018 HEINEKEN CHINESE GRAND PRIX,Shanghai,China,,,Permanent,,,0.2693600271323008,0.2995755439306893,0.43106442893700986,1,False,Chinese Grand Prix,chinese_grand_prix,2018,2018-04-15,97.4734,10,Closing,0.4230000000000018,False,False,False,True
HUL,Renault,49,0 days 00:01:37.652000,0 days 00:00:26.099000,0 days 00:00:29.197000,0 days 00:00:42.356000,Soft,2,3,,,1,True,0 days 01:32:12.974000,97.652,26.099,29.197,42.356,5532.974,5554.013,19.2,25.5,1018.1,False,37.0,62,1.1,False,True,False,FORMULA 1 2018 HEINEKEN CHINESE GRAND PRIX,Shanghai,China,,,Permanent,,,0.2672653913898333,0.2989902920575103,0.4337443165526564,1,False,Chinese Grand Prix,chinese_grand_prix,2018,2018-04-15,97.30711111111111,9,Closing,0.7710000000000008,False,False,False,True
VET,Ferrari,49,0 days 00:01:38.239000,0 days 00:00:26.385000,0 days 00:00:29.464000,0 days 00:00:42.390000,Medium,3,2,,,1,True,0 days 01:32:16.413000,98.239,26.385,29.464,42.39,5536.413,5554.013,19.2,25.5,1018.1,False,37.0,62,1.1,False,True,False,FORMULA 1 2018 HEINEKEN CHINESE GRAND PRIX,Shanghai,China,,,Permanent,,,0.2685796883111595,0.29992161972332776,0.43149869196551266,1,False,Chinese Grand Prix,chinese_grand_prix,2018,2018-04-15,98.5296,10,Closing,0.7600000000000051,False,False,False,True
ALO,McLaren,49,0 days 00:01:37.840000,0 days 00:00:26.473000,0 days 00:00:29.161000,0 days 00:00:42.206000,Medium,2,2,,,1,True,0 days 01:32:20.196000,97.84,26.473,29.161,42.206,5540.196,5554.013,19.2,25.5,1018.1,False,37.0,62,1.1,False,True,False,FORMULA 1 2018 HEINEKEN CHINESE GRAND PRIX,Shanghai,China,,,Permanent,,,0.2705744071954211,0.2980478331970564,0.4313777596075225,1,False,Chinese Grand Prix,chinese_grand_prix,2018,2018-04-15,97.6051111111111,9,Closing,0.6060000000000088,False,False,False,True
SAI,Renault,49,0 days 00:01:38.101000,0 days 00:00:26.517000,0 days 00:00:29.379000,0 days 00:00:42.205000,Soft,2,3,,,1,True,0 days 01:32:21.809000,98.101,26.517,29.379,42.205,5541.809,5554.013,19.2,25.5,1018.1,False,37.0,62,1.1,False,True,False,FORMULA 1 2018 HEINEKEN CHINESE GRAND PRIX,Shanghai,China,,,Permanent,,,0.27030305501472973,0.29947706955076914,0.4302198754345012,1,False,Chinese Grand Prix,chinese_grand_prix,2018,2018-04-15,98.05066666666667,9,Closing,0.3469999999999942,False,False,False,True
MAG,Haas F1 Team,49,0 days 00:01:39.037000,0 days 00:00:26.298000,0 days 00:00:29.986000,0 days 00:00:42.753000,Medium,3,2,,,1,True,0 days 01:32:23.477000,99.037,26.298,29.986,42.753,5543.477,5554.013,19.2,25.5,1018.1,False,37.0,62,1.1,False,True,False,FORMULA 1 2018 HEINEKEN CHINESE GRAND PRIX,Shanghai,China,,,Permanent,,,0.26553712248957456,0.3027757302826216,0.4316871472278037,1,False,Chinese Grand Prix,chinese_grand_prix,2018,2018-04-15,98.66279999999999,10,Closing,0.8850000000000051,False,False,False,True
OCO,Force India,49,0 days 00:01:38.240000,0 days 00:00:26.411000,0 days 00:00:29.395000,0 days 00:00:42.434000,ULTRASOFT,2,3,,,1,True,0 days 01:32:26.530000,98.24,26.411,29.395,42.434,5546.53,5554.013,19.2,25.5,1018.1,False,37.0,62,1.1,False,True,False,FORMULA 1 2018 HEINEKEN CHINESE GRAND PRIX,Shanghai,China,,,Permanent,,,0.2688416123778502,0.29921620521172637,0.4319421824104234,1,False,Chinese Grand Prix,chinese_grand_prix,2018,2018-04-15,98.47566666666665,9,Closing,0.25499999999999545,False,False,False,True
PER,Force India,49,0 days 00:01:38.042000,0 days 00:00:26.007000,0 days 00:00:29.610000,0 days 00:00:42.425000,Soft,2,3,,,1,True,0 days 01:32:27.219000,98.042,26.007,29.61,42.425,5547.219,5554.013,19.2,25.5,1018.1,False,37.0,62,1.1,False,True,False,FORMULA 1 2018 HEINEKEN CHINESE GRAND PRIX,Shanghai,China,,,Permanent,,,0.2652638665061912,0.30201342281879195,0.4327227106750168,1,False,Chinese Grand Prix,chinese_grand_prix,2018,2018-04-15,98.48766666666667,9,Closing,0.3689999999999998,False,False,False,True
VAN,McLaren,49,0 days 00:01:38.583000,0 days 00:00:26.652000,0 days 00:00:29.436000,0 days 00:00:42.495000,Medium,3,2,,,1,True,0 days 01:32:33.130000,98.583,26.652,29.436,42.495,5553.13,5554.013,19.2,25.5,1018.1,False,37.0,62,1.1,False,True,False,FORMULA 1 2018 HEINEKEN CHINESE GRAND PRIX,Shanghai,China,,,Permanent,,,0.27035087185417367,0.2985910349654606,0.43105809318036575,1,False,Chinese Grand Prix,chinese_grand_prix,2018,2018-04-15,98.5036,10,Closing,0.44599999999999795,False,False,False,True
STR,Williams,49,0 days 00:01:38.968000,0 days 00:00:26.577000,0 days 00:00:29.645000,0 days 00:00:42.746000,Medium,3,2,,,1,True,0 days 01:32:36.565000,98.968,26.577,29.645,42.746,5556.565,5554.013,19.2,25.5,1018.1,False,37.0,62,1.1,False,True,False,FORMULA 1 2018 HEINEKEN CHINESE GRAND PRIX,Shanghai,China,,,Permanent,,,0.26854134669792257,0.2995412658637135,0.43191738743836394,1,False,Chinese Grand Prix,chinese_grand_prix,2018,2018-04-15,98.7975,10,Closing,0.4680000000000035,False,False,False,True
GAS,Toro Rosso,49,0 days 00:01:38.818000,0 days 00:00:26.406000,0 days 00:00:29.824000,0 days 00:00:42.588000,ULTRASOFT,2,3,,,1,True,0 days 01:32:37.196000,98.818,26.406,29.824,42.588,5557.196,5554.013,19.2,25.5,1018.1,False,37.0,62,1.1,False,True,False,FORMULA 1 2018 HEINEKEN CHINESE GRAND PRIX,Shanghai,China,,,Permanent,,,0.26721852294116455,0.30180736303102673,0.4309741140278087,1,False,Chinese Grand Prix,chinese_grand_prix,2018,2018-04-15,98.781,9,Closing,0.4509999999999934,False,False,False,True
SIR,Williams,49,0 days 00:01:39.108000,0 days 00:00:26.660000,0 days 00:00:29.601000,0 days 00:00:42.847000,Soft,3,3,,,1,True,0 days 01:32:38.853000,99.108,26.66,29.601,42.847,5558.853,5554.013,19.2,25.5,1018.1,False,37.0,62,1.1,False,True,False,FORMULA 1 2018 HEINEKEN CHINESE GRAND PRIX,Shanghai,China,,,Permanent,,,0.2689994753198531,0.2986741736287686,0.4323263510513783,1,False,Chinese Grand Prix,chinese_grand_prix,2018,2018-04-15,98.85277777777777,9,Closing,0.48400000000000887,False,False,False,True
ERI,Sauber,49,0 days 00:01:38.774000,0 days 00:00:26.633000,0 days 00:00:29.435000,0 days 00:00:42.706000,Medium,3,2,,,1,True,0 days 01:32:44.379000,98.774,26.633,29.435,42.706,5564.379,5554.013,19.2,25.5,1018.1,False,37.0,62,1.1,False,True,False,FORMULA 1 2018 HEINEKEN CHINESE GRAND PRIX,Shanghai,China,,,Permanent,,,0.2696357341000668,0.29800352319436285,0.43236074270557034,1,False,Chinese Grand Prix,chinese_grand_prix,2018,2018-04-15,98.6812,10,Closing,0.38800000000000523,False,False,False,True
GRO,Haas F1 Team,49,0 days 00:01:38.100000,0 days 00:00:26.246000,0 days 00:00:29.427000,0 days 00:00:42.427000,Medium,3,3,,,1,True,0 days 01:32:53.170000,98.1,26.246,29.427,42.427,5573.17,5554.013,19.2,25.5,1018.1,False,37.0,62,1.1,False,True,False,FORMULA 1 2018 HEINEKEN CHINESE GRAND PRIX,Shanghai,China,,,Permanent,,,0.2675433231396534,0.29996941896024465,0.43248725790010195,1,False,Chinese Grand Prix,chinese_grand_prix,2018,2018-04-15,99.7508,10,Closing,0.6899999999999977,False,False,False,True
LEC,Sauber,49,0 days 00:01:40.799000,0 days 00:00:26.725000,0 days 00:00:30.739000,0 days 00:00:43.335000,Medium,3,2,,,1,True,0 days 01:32:55.302000,100.799,26.725,30.739,43.335,5575.302,5554.013,19.2,25.5,1018.1,False,37.0,62,1.1,False,True,False,FORMULA 1 2018 HEINEKEN CHINESE GRAND PRIX,Shanghai,China,,,Permanent,,,0.2651315985277632,0.3049534221569658,0.42991497931527095,1,False,Chinese Grand Prix,chinese_grand_prix,2018,2018-04-15,100.0233,10,Closing,1.9909999999999997,False,False,False,True
HAR,Toro Rosso,49,0 days 00:01:40.786000,0 days 00:00:26.959000,0 days 00:00:30.446000,0 days 00:00:43.381000,Soft,3,3,,,1,True,0 days 01:32:56.344000,100.786,26.959,30.446,43.381,5576.344,5554.013,19.2,25.5,1018.1,False,37.0,62,1.1,False,True,False,FORMULA 1 2018 HEINEKEN CHINESE GRAND PRIX,Shanghai,China,,,Permanent,,,0.2674875478737126,0.3020856071279741,0.43042684499831324,1,False,Chinese Grand Prix,chinese_grand_prix,2018,2018-04-15,101.13759999999999,5,Closing,1.4099999999999966,False,False,False,True
RIC,Red Bull Racing,50,0 days 00:01:36.833000,0 days 00:00:25.966000,0 days 00:00:28.825000,0 days 00:00:42.042000,Soft,3,3,,,1,True,0 days 01:33:33.449000,96.833,25.966,28.825,42.042,5613.449,5614.024,19.3,26.1,1018.1,False,37.0,152,1.7,False,True,False,FORMULA 1 2018 HEINEKEN CHINESE GRAND PRIX,Shanghai,China,,,Permanent,,,0.2681523860667335,0.2976774446727872,0.4341701692604794,1,False,Chinese Grand Prix,chinese_grand_prix,2018,2018-04-15,96.68144444444445,9,Closing,1.0480000000000018,False,False,False,True
BOT,Mercedes,50,0 days 00:01:36.987000,0 days 00:00:26.012000,0 days 00:00:29.058000,0 days 00:00:41.917000,Medium,3,2,,,1,True,0 days 01:33:38.028000,96.987,26.012,29.058,41.917,5618.028,5614.024,19.3,26.1,1018.1,False,37.0,152,1.7,False,True,False,FORMULA 1 2018 HEINEKEN CHINESE GRAND PRIX,Shanghai,China,,,Permanent,,,0.2682008929031726,0.2996071638467011,0.43219194325012633,1,False,Chinese Grand Prix,chinese_grand_prix,2018,2018-04-15,97.20244444444444,9,Closing,0.0,False,False,False,True
RAI,Ferrari,50,0 days 00:01:36.670000,0 days 00:00:25.797000,0 days 00:00:29.117000,0 days 00:00:41.756000,Medium,3,2,,,1,True,0 days 01:33:38.638000,96.67,25.797,29.117,41.756,5618.638,5614.024,19.3,26.1,1018.1,False,37.0,152,1.7,False,True,False,FORMULA 1 2018 HEINEKEN CHINESE GRAND PRIX,Shanghai,China,,,Permanent,,,0.26685631529947246,0.30119995862211646,0.4319437260784111,1,False,Chinese Grand Prix,chinese_grand_prix,2018,2018-04-15,97.03433333333334,9,Closing,0.21399999999999864,False,False,False,True
VER,Red Bull Racing,50,0 days 00:01:36.206000,0 days 00:00:25.735000,0 days 00:00:28.769000,0 days 00:00:41.702000,Soft,3,3,,,1,True,0 days 01:33:41.208000,96.206,25.735,28.769,41.702,5621.208,5614.024,19.3,26.1,1018.1,False,37.0,152,1.7,False,True,False,FORMULA 1 2018 HEINEKEN CHINESE GRAND PRIX,Shanghai,China,,,Permanent,,,0.2674989085919797,0.29903540319730576,0.43346568821071446,1,False,Chinese Grand Prix,chinese_grand_prix,2018,2018-04-15,96.72233333333332,9,Closing,0.0,False,False,False,True
HAM,Mercedes,50,0 days 00:01:37.206000,0 days 00:00:26.003000,0 days 00:00:29.241000,0 days 00:00:41.962000,Medium,4,2,,,1,True,0 days 01:33:44.805000,97.206,26.003,29.241,41.962,5624.805,5614.024,19.3,26.1,1018.1,False,37.0,152,1.7,False,True,False,FORMULA 1 2018 HEINEKEN CHINESE GRAND PRIX,Shanghai,China,,,Permanent,,,0.2675040635351727,0.3008147645207086,0.4316811719441187,1,False,Chinese Grand Prix,chinese_grand_prix,2018,2018-04-15,97.4734,10,Closing,0.32800000000000296,False,False,False,True
HUL,Renault,50,0 days 00:01:37.793000,0 days 00:00:26.033000,0 days 00:00:29.449000,0 days 00:00:42.311000,Soft,3,3,,,1,True,0 days 01:33:50.767000,97.793,26.033,29.449,42.311,5630.767,5614.024,19.3,26.1,1018.1,False,37.0,152,1.7,False,True,False,FORMULA 1 2018 HEINEKEN CHINESE GRAND PRIX,Shanghai,China,,,Permanent,,,0.266205147607702,0.30113607313406887,0.4326587792582291,1,False,Chinese Grand Prix,chinese_grand_prix,2018,2018-04-15,97.30711111111111,9,Closing,0.9120000000000061,False,False,False,True
VET,Ferrari,50,0 days 00:01:38.178000,0 days 00:00:26.350000,0 days 00:00:29.517000,0 days 00:00:42.311000,Medium,4,2,,,1,True,0 days 01:33:54.591000,98.178,26.35,29.517,42.311,5634.591,5614.024,19.3,26.1,1018.1,False,37.0,152,1.7,False,True,False,FORMULA 1 2018 HEINEKEN CHINESE GRAND PRIX,Shanghai,China,,,Permanent,,,0.26839006702112495,0.3006478029701155,0.4309621300087596,1,False,Chinese Grand Prix,chinese_grand_prix,2018,2018-04-15,98.5296,10,Closing,0.6989999999999981,False,False,False,True
ALO,McLaren,50,0 days 00:01:37.386000,0 days 00:00:26.020000,0 days 00:00:29.186000,0 days 00:00:42.180000,Medium,3,2,,,1,True,0 days 01:33:57.582000,97.386,26.02,29.186,42.18,5637.582,5614.024,19.3,26.1,1018.1,False,37.0,152,1.7,False,True,False,FORMULA 1 2018 HEINEKEN CHINESE GRAND PRIX,Shanghai,China,,,Permanent,,,0.2671841948534697,0.2996940011911363,0.433121803955394,1,False,Chinese Grand Prix,chinese_grand_prix,2018,2018-04-15,97.6051111111111,9,Closing,0.15200000000000102,False,False,False,True
SAI,Renault,50,0 days 00:01:37.889000,0 days 00:00:26.212000,0 days 00:00:29.396000,0 days 00:00:42.281000,Soft,3,3,,,1,True,0 days 01:33:59.698000,97.889,26.212,29.396,42.281,5639.698,5614.024,19.3,26.1,1018.1,False,37.0,152,1.7,False,True,False,FORMULA 1 2018 HEINEKEN CHINESE GRAND PRIX,Shanghai,China,,,Permanent,,,0.26777268130229137,0.3002993186159834,0.4319280000817252,1,False,Chinese Grand Prix,chinese_grand_prix,2018,2018-04-15,98.05066666666667,9,Closing,0.1349999999999909,False,False,False,True
MAG,Haas F1 Team,50,0 days 00:01:38.511000,0 days 00:00:26.267000,0 days 00:00:29.653000,0 days 00:00:42.591000,Medium,4,2,,,1,True,0 days 01:34:01.988000,98.511,26.267,29.653,42.591,5641.988,5614.024,19.3,26.1,1018.1,False,37.0,152,1.7,False,True,False,FORMULA 1 2018 HEINEKEN CHINESE GRAND PRIX,Shanghai,China,,,Permanent,,,0.2666402736750211,0.30101206971810257,0.4323476566068764,1,False,Chinese Grand Prix,chinese_grand_prix,2018,2018-04-15,98.66279999999999,10,Closing,0.35899999999999466,False,False,False,True
OCO,Force India,50,0 days 00:01:38.078000,0 days 00:00:26.227000,0 days 00:00:29.461000,0 days 00:00:42.390000,ULTRASOFT,3,3,,,1,True,0 days 01:34:04.608000,98.078,26.227,29.461,42.39,5644.608,5674.038,19.6,25.7,1018.2,False,37.0,117,1.9,False,True,False,FORMULA 1 2018 HEINEKEN CHINESE GRAND PRIX,Shanghai,China,,,Permanent,,,0.26740961275719327,0.30038336833948487,0.43220701890332186,1,False,Chinese Grand Prix,chinese_grand_prix,2018,2018-04-15,98.47566666666665,9,Closing,0.09300000000000352,False,False,False,True
PER,Force India,50,0 days 00:01:37.939000,0 days 00:00:25.985000,0 days 00:00:29.844000,0 days 00:00:42.110000,Soft,3,3,,,1,True,0 days 01:34:05.158000,97.939,25.985,29.844,42.11,5645.158,5674.038,19.6,25.7,1018.2,False,37.0,117,1.9,False,True,False,FORMULA 1 2018 HEINEKEN CHINESE GRAND PRIX,Shanghai,China,,,Permanent,,,0.26531820827249614,0.3047202850754041,0.4299615066520998,1,False,Chinese Grand Prix,chinese_grand_prix,2018,2018-04-15,98.48766666666667,9,Closing,0.26599999999999113,False,False,False,True
VAN,McLaren,50,0 days 00:01:38.279000,0 days 00:00:26.319000,0 days 00:00:29.450000,0 days 00:00:42.510000,Medium,4,2,,,1,True,0 days 01:34:11.409000,98.279,26.319,29.45,42.51,5651.409,5674.038,19.6,25.7,1018.2,False,37.0,117,1.9,False,True,False,FORMULA 1 2018 HEINEKEN CHINESE GRAND PRIX,Shanghai,China,,,Permanent,,,0.26779881765178726,0.2996570986680776,0.43254408368013514,1,False,Chinese Grand Prix,chinese_grand_prix,2018,2018-04-15,98.5036,10,Closing,0.1419999999999959,False,False,False,True
STR,Williams,50,0 days 00:01:38.665000,0 days 00:00:26.302000,0 days 00:00:29.646000,0 days 00:00:42.717000,Medium,4,2,,,1,True,0 days 01:34:15.230000,98.665,26.302,29.646,42.717,5655.23,5674.038,19.6,25.7,1018.2,False,37.0,117,1.9,False,True,False,FORMULA 1 2018 HEINEKEN CHINESE GRAND PRIX,Shanghai,China,,,Permanent,,,0.2665788273450565,0.300471291744793,0.43294988091015046,1,False,Chinese Grand Prix,chinese_grand_prix,2018,2018-04-15,98.7975,10,Closing,0.16500000000000625,False,False,False,True
GAS,Toro Rosso,50,0 days 00:01:38.741000,0 days 00:00:26.307000,0 days 00:00:29.848000,0 days 00:00:42.586000,ULTRASOFT,3,3,,,1,True,0 days 01:34:15.937000,98.741,26.307,29.848,42.586,5655.937,5674.038,19.6,25.7,1018.2,False,37.0,117,1.9,False,True,False,FORMULA 1 2018 HEINEKEN CHINESE GRAND PRIX,Shanghai,China,,,Permanent,,,0.2664242817066872,0.302285777944319,0.4312899403489938,1,False,Chinese Grand Prix,chinese_grand_prix,2018,2018-04-15,98.781,9,Closing,0.3739999999999952,False,False,False,True
SIR,Williams,50,0 days 00:01:38.641000,0 days 00:00:26.224000,0 days 00:00:29.701000,0 days 00:00:42.716000,Soft,4,3,,,1,True,0 days 01:34:17.494000,98.641,26.224,29.701,42.716,5657.494,5674.038,19.6,25.7,1018.2,False,37.0,117,1.9,False,True,False,FORMULA 1 2018 HEINEKEN CHINESE GRAND PRIX,Shanghai,China,,,Permanent,,,0.26585294147464034,0.3011019758518263,0.4330450826735333,1,False,Chinese Grand Prix,chinese_grand_prix,2018,2018-04-15,98.85277777777777,9,Closing,0.017000000000010118,False,False,False,True
ERI,Sauber,50,0 days 00:01:38.435000,0 days 00:00:26.355000,0 days 00:00:29.477000,0 days 00:00:42.603000,Medium,4,2,,,1,True,0 days 01:34:22.814000,98.435,26.355,29.477,42.603,5662.814,5674.038,19.6,25.7,1018.2,False,37.0,117,1.9,False,True,False,FORMULA 1 2018 HEINEKEN CHINESE GRAND PRIX,Shanghai,China,,,Permanent,,,0.26774013308274497,0.2994564941331843,0.4328033727840707,1,False,Chinese Grand Prix,chinese_grand_prix,2018,2018-04-15,98.6812,10,Closing,0.049000000000006594,False,False,False,True
GRO,Haas F1 Team,50,0 days 00:01:38.058000,0 days 00:00:26.236000,0 days 00:00:29.282000,0 days 00:00:42.540000,Medium,4,3,,,1,True,0 days 01:34:31.228000,98.058,26.236,29.282,42.54,5671.228,5674.038,19.6,25.7,1018.2,False,37.0,117,1.9,False,True,False,FORMULA 1 2018 HEINEKEN CHINESE GRAND PRIX,Shanghai,China,,,Permanent,,,0.26755593628260826,0.29861918456423747,0.4338248791531542,1,False,Chinese Grand Prix,chinese_grand_prix,2018,2018-04-15,99.7508,10,Closing,0.6480000000000103,False,False,False,True
LEC,Sauber,50,0 days 00:01:39.982000,0 days 00:00:26.711000,0 days 00:00:30.049000,0 days 00:00:43.222000,Medium,4,2,,,1,True,0 days 01:34:35.284000,99.982,26.711,30.049,43.222,5675.284,5674.038,19.6,25.7,1018.2,False,37.0,117,1.9,False,True,False,FORMULA 1 2018 HEINEKEN CHINESE GRAND PRIX,Shanghai,China,,,Permanent,,,0.26715808845592204,0.30054409793762876,0.4322978136064492,1,False,Chinese Grand Prix,chinese_grand_prix,2018,2018-04-15,100.0233,10,Closing,1.1739999999999924,False,False,False,True
HAR,Toro Rosso,50,0 days 00:01:39.376000,0 days 00:00:26.498000,0 days 00:00:30.039000,0 days 00:00:42.839000,Soft,4,3,,,1,True,0 days 01:34:35.720000,99.376,26.498,30.039,42.839,5675.72,5674.038,19.6,25.7,1018.2,False,37.0,117,1.9,False,True,False,FORMULA 1 2018 HEINEKEN CHINESE GRAND PRIX,Shanghai,China,,,Permanent,,,0.2666438576718725,0.3022762035099018,0.4310799388182257,1,False,Chinese Grand Prix,chinese_grand_prix,2018,2018-04-15,101.13759999999999,5,Closing,0.0,False,False,False,True
RIC,Red Bull Racing,51,0 days 00:01:36.728000,0 days 00:00:25.954000,0 days 00:00:28.836000,0 days 00:00:41.938000,Soft,4,3,,,1,True,0 days 01:35:10.177000,96.728,25.954,28.836,41.938,5710.177,5734.052,19.7,25.4,1018.1,False,37.0,80,1.7,False,True,False,FORMULA 1 2018 HEINEKEN CHINESE GRAND PRIX,Shanghai,China,,,Permanent,,,0.26831941113224717,0.298114299892482,0.4335662889752709,1,False,Chinese Grand Prix,chinese_grand_prix,2018,2018-04-15,96.68144444444445,9,Closing,0.9429999999999978,False,False,False,True
BOT,Mercedes,51,0 days 00:01:37.228000,0 days 00:00:26.023000,0 days 00:00:29.128000,0 days 00:00:42.077000,Medium,4,2,,,1,True,0 days 01:35:15.256000,97.228,26.023,29.128,42.077,5715.256,5734.052,19.7,25.4,1018.1,False,37.0,80,1.7,False,True,False,FORMULA 1 2018 HEINEKEN CHINESE GRAND PRIX,Shanghai,China,,,Permanent,,,0.2676492368453532,0.29958448183650804,0.4327662813181388,1,False,Chinese Grand Prix,chinese_grand_prix,2018,2018-04-15,97.20244444444444,9,Closing,0.24099999999999966,False,False,False,True
RAI,Ferrari,51,0 days 00:01:37.354000,0 days 00:00:26.043000,0 days 00:00:29.470000,0 days 00:00:41.841000,Medium,4,2,,,1,True,0 days 01:35:15.992000,97.354,26.043,29.47,41.841,5715.992,5734.052,19.7,25.4,1018.1,False,37.0,80,1.7,False,True,False,FORMULA 1 2018 HEINEKEN CHINESE GRAND PRIX,Shanghai,China,,,Permanent,,,0.26750826879224276,0.3027096986256343,0.429782032582123,1,False,Chinese Grand Prix,chinese_grand_prix,2018,2018-04-15,97.03433333333334,9,Closing,0.8979999999999961,False,False,False,True
VER,Red Bull Racing,51,0 days 00:01:36.362000,0 days 00:00:25.736000,0 days 00:00:28.844000,0 days 00:00:41.782000,Soft,4,3,,,1,True,0 days 01:35:17.570000,96.362,25.736,28.844,41.782,5717.57,5734.052,19.7,25.4,1018.1,False,37.0,80,1.7,False,True,False,FORMULA 1 2018 HEINEKEN CHINESE GRAND PRIX,Shanghai,China,,,Permanent,,,0.26707623337000064,0.2993296112575497,0.4335941553724497,1,False,Chinese Grand Prix,chinese_grand_prix,2018,2018-04-15,96.72233333333332,9,Closing,0.1559999999999917,False,False,False,True
HAM,Mercedes,51,0 days 00:01:37.160000,0 days 00:00:25.969000,0 days 00:00:29.244000,0 days 00:00:41.947000,Medium,5,2,,,1,True,0 days 01:35:21.965000,97.16,25.969,29.244,41.947,5721.965,5734.052,19.7,25.4,1018.1,False,37.0,80,1.7,False,True,False,FORMULA 1 2018 HEINEKEN CHINESE GRAND PRIX,Shanghai,China,,,Permanent,,,0.2672807739810622,0.3009880609304241,0.43173116508851384,1,False,Chinese Grand Prix,chinese_grand_prix,2018,2018-04-15,97.4734,10,Closing,0.2819999999999965,False,False,False,True
HUL,Renault,51,0 days 00:01:37.394000,0 days 00:00:26.048000,0 days 00:00:29.148000,0 days 00:00:42.198000,Soft,4,3,,,1,True,0 days 01:35:28.161000,97.394,26.048,29.148,42.198,5728.161,5734.052,19.7,25.4,1018.1,False,37.0,80,1.7,False,True,False,FORMULA 1 2018 HEINEKEN CHINESE GRAND PRIX,Shanghai,China,,,Permanent,,,0.2674497402304043,0.29927921637883237,0.4332710433907633,1,False,Chinese Grand Prix,chinese_grand_prix,2018,2018-04-15,97.30711111111111,9,Closing,0.5130000000000052,False,False,False,True
VET,Ferrari,51,0 days 00:01:38.211000,0 days 00:00:26.276000,0 days 00:00:29.613000,0 days 00:00:42.322000,Medium,5,2,,,1,True,0 days 01:35:32.802000,98.211,26.276,29.613,42.322,5732.802,5734.052,19.7,25.4,1018.1,False,37.0,80,1.7,False,True,False,FORMULA 1 2018 HEINEKEN CHINESE GRAND PRIX,Shanghai,China,,,Permanent,,,0.26754640518882816,0.3015242691755506,0.4309293256356213,1,False,Chinese Grand Prix,chinese_grand_prix,2018,2018-04-15,98.5296,10,Closing,0.7319999999999993,False,False,False,True
ALO,McLaren,51,0 days 00:01:37.448000,0 days 00:00:26.065000,0 days 00:00:29.219000,0 days 00:00:42.164000,Medium,4,2,,,1,True,0 days 01:35:35.030000,97.448,26.065,29.219,42.164,5735.03,5734.052,19.7,25.4,1018.1,False,37.0,80,1.7,False,True,False,FORMULA 1 2018 HEINEKEN CHINESE GRAND PRIX,Shanghai,China,,,Permanent,,,0.26747598719316973,0.2998419669977835,0.4326820458090469,1,False,Chinese Grand Prix,chinese_grand_prix,2018,2018-04-15,97.6051111111111,9,Closing,0.21399999999999864,False,False,False,True
SAI,Renault,51,0 days 00:01:37.810000,0 days 00:00:26.227000,0 days 00:00:29.485000,0 days 00:00:42.098000,Soft,4,3,,,1,True,0 days 01:35:37.508000,97.81,26.227,29.485,42.098,5737.508,5734.052,19.7,25.4,1018.1,False,37.0,80,1.7,False,True,False,FORMULA 1 2018 HEINEKEN CHINESE GRAND PRIX,Shanghai,China,,,Permanent,,,0.26814231673653,0.30145179429506186,0.4304058889684081,1,False,Chinese Grand Prix,chinese_grand_prix,2018,2018-04-15,98.05066666666667,9,Closing,0.055999999999997385,False,False,False,True
MAG,Haas F1 Team,51,0 days 00:01:38.374000,0 days 00:00:26.085000,0 days 00:00:29.627000,0 days 00:00:42.662000,Medium,5,2,,,1,True,0 days 01:35:40.362000,98.374,26.085,29.627,42.662,5740.362,5734.052,19.7,25.4,1018.1,False,37.0,80,1.7,False,True,False,FORMULA 1 2018 HEINEKEN CHINESE GRAND PRIX,Shanghai,China,,,Permanent,,,0.2651615264195824,0.30116697501372314,0.43367149856669446,1,False,Chinese Grand Prix,chinese_grand_prix,2018,2018-04-15,98.66279999999999,10,Closing,0.2219999999999942,False,False,False,True
OCO,Force India,51,0 days 00:01:38.259000,0 days 00:00:26.326000,0 days 00:00:29.524000,0 days 00:00:42.409000,ULTRASOFT,4,3,,,1,True,0 days 01:35:42.867000,98.259,26.326,29.524,42.409,5742.867,5734.052,19.7,25.4,1018.1,False,37.0,80,1.7,False,True,False,FORMULA 1 2018 HEINEKEN CHINESE GRAND PRIX,Shanghai,China,,,Permanent,,,0.26792456670635767,0.3004712036556448,0.43160422963799755,1,False,Chinese Grand Prix,chinese_grand_prix,2018,2018-04-15,98.47566666666665,9,Closing,0.2740000000000009,False,False,False,True
PER,Force India,51,0 days 00:01:38.360000,0 days 00:00:26.216000,0 days 00:00:29.870000,0 days 00:00:42.274000,Soft,4,3,,,1,True,0 days 01:35:43.518000,98.36,26.216,29.87,42.274,5743.518,5734.052,19.7,25.4,1018.1,False,37.0,80,1.7,False,True,False,FORMULA 1 2018 HEINEKEN CHINESE GRAND PRIX,Shanghai,China,,,Permanent,,,0.2665311102074014,0.30368035786905245,0.42978853192354616,1,False,Chinese Grand Prix,chinese_grand_prix,2018,2018-04-15,98.48766666666667,9,Closing,0.6869999999999976,False,False,False,True
VAN,McLaren,51,0 days 00:01:38.493000,0 days 00:00:26.270000,0 days 00:00:29.604000,0 days 00:00:42.619000,Medium,5,2,,,1,True,0 days 01:35:49.902000,98.493,26.27,29.604,42.619,5749.902,5734.052,19.7,25.4,1018.1,False,37.0,80,1.7,False,True,False,FORMULA 1 2018 HEINEKEN CHINESE GRAND PRIX,Shanghai,China,,,Permanent,,,0.266719462296813,0.3005695836252323,0.4327109540779548,1,False,Chinese Grand Prix,chinese_grand_prix,2018,2018-04-15,98.5036,10,Closing,0.35599999999999454,False,False,False,True
STR,Williams,51,0 days 00:01:38.812000,0 days 00:00:26.325000,0 days 00:00:29.709000,0 days 00:00:42.778000,Medium,5,2,,,1,True,0 days 01:35:54.042000,98.812,26.325,29.709,42.778,5754.042,5734.052,19.7,25.4,1018.1,False,37.0,80,1.7,False,True,False,FORMULA 1 2018 HEINEKEN CHINESE GRAND PRIX,Shanghai,China,,,Permanent,,,0.2664150103226329,0.3006618629316277,0.4329231267457394,1,False,Chinese Grand Prix,chinese_grand_prix,2018,2018-04-15,98.7975,10,Closing,0.3119999999999976,False,False,False,True
GAS,Toro Rosso,51,0 days 00:01:39.423000,0 days 00:00:26.286000,0 days 00:00:30.245000,0 days 00:00:42.892000,ULTRASOFT,4,3,,,1,True,0 days 01:35:55.360000,99.423,26.286,30.245,42.892,5755.36,5734.052,19.7,25.4,1018.1,False,37.0,80,1.7,False,True,False,FORMULA 1 2018 HEINEKEN CHINESE GRAND PRIX,Shanghai,China,,,Permanent,,,0.2643855043601581,0.3042052643754463,0.43140923126439557,1,False,Chinese Grand Prix,chinese_grand_prix,2018,2018-04-15,98.781,9,Closing,1.0559999999999974,False,False,False,True
SIR,Williams,51,0 days 00:01:38.778000,0 days 00:00:26.361000,0 days 00:00:29.780000,0 days 00:00:42.637000,Soft,5,3,,,1,True,0 days 01:35:56.272000,98.778,26.361,29.78,42.637,5756.272,5734.052,19.7,25.4,1018.1,False,37.0,80,1.7,False,True,False,FORMULA 1 2018 HEINEKEN CHINESE GRAND PRIX,Shanghai,China,,,Permanent,,,0.2668711656441718,0.3014841361436757,0.43164469821215246,1,False,Chinese Grand Prix,chinese_grand_prix,2018,2018-04-15,98.85277777777777,9,Closing,0.15400000000001057,False,False,False,True
ERI,Sauber,51,0 days 00:01:38.696000,0 days 00:00:26.372000,0 days 00:00:29.635000,0 days 00:00:42.689000,Medium,5,2,,,1,True,0 days 01:36:01.510000,98.696,26.372,29.635,42.689,5761.51,5734.052,19.7,25.4,1018.1,False,37.0,80,1.7,False,True,False,FORMULA 1 2018 HEINEKEN CHINESE GRAND PRIX,Shanghai,China,,,Permanent,,,0.267204344654292,0.30026546161951856,0.4325301937261895,1,False,Chinese Grand Prix,chinese_grand_prix,2018,2018-04-15,98.6812,10,Closing,0.3100000000000023,False,False,False,True
GRO,Haas F1 Team,51,0 days 00:01:37.410000,0 days 00:00:26.114000,0 days 00:00:29.003000,0 days 00:00:42.293000,Medium,5,3,,,1,True,0 days 01:36:08.638000,97.41,26.114,29.003,42.293,5768.638,5794.064,19.8,24.9,1018.1,False,37.0,53,1.2,False,True,False,FORMULA 1 2018 HEINEKEN CHINESE GRAND PRIX,Shanghai,China,,,Permanent,,,0.2680833589980495,0.29774150497895496,0.43417513602299557,1,False,Chinese Grand Prix,chinese_grand_prix,2018,2018-04-15,99.7508,10,Closing,0.0,False,False,False,True
LEC,Sauber,51,0 days 00:01:39.852000,0 days 00:00:26.708000,0 days 00:00:29.912000,0 days 00:00:43.232000,Medium,5,2,,,1,True,0 days 01:36:15.136000,99.852,26.708,29.912,43.232,5775.136,5794.064,19.8,24.9,1018.1,False,37.0,53,1.2,False,True,False,FORMULA 1 2018 HEINEKEN CHINESE GRAND PRIX,Shanghai,China,,,Permanent,,,0.2674758642791331,0.2995633537635701,0.43296078195729676,1,False,Chinese Grand Prix,chinese_grand_prix,2018,2018-04-15,100.0233,10,Closing,1.043999999999997,False,False,False,True
HAR,Toro Rosso,51,0 days 00:01:45.667000,0 days 00:00:26.962000,0 days 00:00:29.918000,0 days 00:00:48.787000,Soft,5,3,0 days 01:36:19.661000,,1,False,0 days 01:36:21.387000,105.667,26.962,29.918,48.787,5781.387,5794.064,19.8,24.9,1018.1,False,37.0,53,1.2,False,True,False,FORMULA 1 2018 HEINEKEN CHINESE GRAND PRIX,Shanghai,China,,,Permanent,51.0,,0.25516007835937426,0.28313475351812767,0.461705168122498,1,False,Chinese Grand Prix,chinese_grand_prix,2018,2018-04-15,101.13759999999999,5,Closing,6.290999999999997,False,False,False,True
RIC,Red Bull Racing,52,0 days 00:01:36.772000,0 days 00:00:26.014000,0 days 00:00:28.737000,0 days 00:00:42.021000,Soft,5,3,,,1,True,0 days 01:36:46.949000,96.772,26.014,28.737,42.021,5806.949,5794.064,19.8,24.9,1018.1,False,37.0,53,1.2,False,True,False,FORMULA 1 2018 HEINEKEN CHINESE GRAND PRIX,Shanghai,China,,,Permanent,,,0.2688174265283346,0.29695573099656924,0.4342268424750961,1,False,Chinese Grand Prix,chinese_grand_prix,2018,2018-04-15,96.68144444444445,9,Closing,0.987000000000009,False,False,False,True
BOT,Mercedes,52,0 days 00:01:37.341000,0 days 00:00:26.084000,0 days 00:00:29.022000,0 days 00:00:42.235000,Medium,5,2,,,1,True,0 days 01:36:52.597000,97.341,26.084,29.022,42.235,5812.597,5794.064,19.8,24.9,1018.1,False,37.0,53,1.2,False,True,False,FORMULA 1 2018 HEINEKEN CHINESE GRAND PRIX,Shanghai,China,,,Permanent,,,0.2679651945223493,0.29814774863623755,0.4338870568414132,1,False,Chinese Grand Prix,chinese_grand_prix,2018,2018-04-15,97.20244444444444,9,Closing,0.3539999999999992,False,False,False,True
RAI,Ferrari,52,0 days 00:01:37.130000,0 days 00:00:25.801000,0 days 00:00:29.237000,0 days 00:00:42.092000,Medium,5,2,,,1,True,0 days 01:36:53.122000,97.13,25.801,29.237,42.092,5813.122,5794.064,19.8,24.9,1018.1,False,37.0,53,1.2,False,True,False,FORMULA 1 2018 HEINEKEN CHINESE GRAND PRIX,Shanghai,China,,,Permanent,,,0.26563368681148974,0.3010089570678472,0.43335735612066306,1,False,Chinese Grand Prix,chinese_grand_prix,2018,2018-04-15,97.03433333333334,9,Closing,0.6739999999999924,False,False,False,True
VER,Red Bull Racing,52,0 days 00:01:36.717000,0 days 00:00:25.865000,0 days 00:00:28.876000,0 days 00:00:41.976000,Soft,5,3,,,1,True,0 days 01:36:54.287000,96.717,25.865,28.876,41.976,5814.287,5794.064,19.8,24.9,1018.1,False,37.0,53,1.2,False,True,False,FORMULA 1 2018 HEINEKEN CHINESE GRAND PRIX,Shanghai,China,,,Permanent,,,0.26742971762978585,0.2985617833472916,0.43400849902292254,1,False,Chinese Grand Prix,chinese_grand_prix,2018,2018-04-15,96.72233333333332,9,Closing,0.5109999999999957,False,False,False,True
HAM,Mercedes,52,0 days 00:01:37.194000,0 days 00:00:26.038000,0 days 00:00:29.097000,0 days 00:00:42.059000,Medium,6,2,,,1,True,0 days 01:36:59.159000,97.194,26.038,29.097,42.059,5819.159,5794.064,19.8,24.9,1018.1,False,37.0,53,1.2,False,True,False,FORMULA 1 2018 HEINEKEN CHINESE GRAND PRIX,Shanghai,China,,,Permanent,,,0.2678971953001214,0.2993703315019446,0.432732473197934,1,False,Chinese Grand Prix,chinese_grand_prix,2018,2018-04-15,97.4734,10,Closing,0.3160000000000025,False,False,False,True
HUL,Renault,52,0 days 00:01:37.401000,0 days 00:00:25.972000,0 days 00:00:29.137000,0 days 00:00:42.292000,Soft,5,3,,,1,True,0 days 01:37:05.562000,97.401,25.972,29.137,42.292,5825.562,5854.29,19.9,24.9,1018.1,False,37.0,83,1.8,False,True,False,FORMULA 1 2018 HEINEKEN CHINESE GRAND PRIX,Shanghai,China,,,Permanent,,,0.26665023973059826,0.299144772640938,0.4342049876284638,1,False,Chinese Grand Prix,chinese_grand_prix,2018,2018-04-15,97.30711111111111,9,Closing,0.519999999999996,False,False,False,True
VET,Ferrari,52,0 days 00:01:38.216000,0 days 00:00:26.285000,0 days 00:00:29.333000,0 days 00:00:42.598000,Medium,6,2,,,1,True,0 days 01:37:11.018000,98.216,26.285,29.333,42.598,5831.018,5854.29,19.9,24.9,1018.1,False,37.0,83,1.8,False,True,False,FORMULA 1 2018 HEINEKEN CHINESE GRAND PRIX,Shanghai,China,,,Permanent,,,0.26762441964649347,0.2986580597865928,0.43371752056691376,1,False,Chinese Grand Prix,chinese_grand_prix,2018,2018-04-15,98.5296,10,Closing,0.7369999999999948,False,False,False,True
ALO,McLaren,52,0 days 00:01:37.414000,0 days 00:00:26.057000,0 days 00:00:29.054000,0 days 00:00:42.303000,Medium,5,2,,,1,True,0 days 01:37:12.444000,97.414,26.057,29.054,42.303,5832.444,5854.29,19.9,24.9,1018.1,False,37.0,83,1.8,False,True,False,FORMULA 1 2018 HEINEKEN CHINESE GRAND PRIX,Shanghai,China,,,Permanent,,,0.26748721949617094,0.2982528178701213,0.43425996263370764,1,False,Chinese Grand Prix,chinese_grand_prix,2018,2018-04-15,97.6051111111111,9,Closing,0.18000000000000682,False,False,False,True
SAI,Renault,52,0 days 00:01:37.770000,0 days 00:00:26.165000,0 days 00:00:29.296000,0 days 00:00:42.309000,Soft,5,3,,,1,True,0 days 01:37:15.278000,97.77,26.165,29.296,42.309,5835.278,5854.29,19.9,24.9,1018.1,False,37.0,83,1.8,False,True,False,FORMULA 1 2018 HEINEKEN CHINESE GRAND PRIX,Shanghai,China,,,Permanent,,,0.26761787869489617,0.2996420169786233,0.4327401043264805,1,False,Chinese Grand Prix,chinese_grand_prix,2018,2018-04-15,98.05066666666667,9,Closing,0.015999999999991132,False,False,False,True
MAG,Haas F1 Team,52,0 days 00:01:38.180000,0 days 00:00:26.122000,0 days 00:00:29.420000,0 days 00:00:42.638000,Medium,6,2,,,1,True,0 days 01:37:18.542000,98.18,26.122,29.42,42.638,5838.542,5854.29,19.9,24.9,1018.1,False,37.0,83,1.8,False,True,False,FORMULA 1 2018 HEINEKEN CHINESE GRAND PRIX,Shanghai,China,,,Permanent,,,0.2660623344876757,0.2996536972906906,0.4342839682216337,1,False,Chinese Grand Prix,chinese_grand_prix,2018,2018-04-15,98.66279999999999,10,Closing,0.028000000000005798,False,False,False,True
PER,Force India,52,0 days 00:01:38.123000,0 days 00:00:26.057000,0 days 00:00:29.755000,0 days 00:00:42.311000,Soft,5,3,,,1,True,0 days 01:37:21.641000,98.123,26.057,29.755,42.311,5841.641,5854.29,19.9,24.9,1018.1,False,37.0,83,1.8,False,True,False,FORMULA 1 2018 HEINEKEN CHINESE GRAND PRIX,Shanghai,China,,,Permanent,,,0.26555445716091025,0.3032418495154041,0.4312036933236856,1,False,Chinese Grand Prix,chinese_grand_prix,2018,2018-04-15,98.48766666666667,9,Closing,0.45000000000000284,False,False,False,True
OCO,Force India,52,0 days 00:01:39.440000,0 days 00:00:26.234000,0 days 00:00:29.442000,0 days 00:00:43.764000,ULTRASOFT,5,3,,,1,True,0 days 01:37:22.307000,99.44,26.234,29.442,43.764,5842.307,5854.29,19.9,24.9,1018.1,False,37.0,83,1.8,False,True,False,FORMULA 1 2018 HEINEKEN CHINESE GRAND PRIX,Shanghai,China,,,Permanent,,,0.2638173773129526,0.29607803700724056,0.440104585679807,1,False,Chinese Grand Prix,chinese_grand_prix,2018,2018-04-15,98.47566666666665,9,Closing,1.4549999999999983,False,False,False,True
VAN,McLaren,52,0 days 00:01:38.390000,0 days 00:00:26.231000,0 days 00:00:29.319000,0 days 00:00:42.840000,Medium,6,2,,,1,True,0 days 01:37:28.292000,98.39,26.231,29.319,42.84,5848.292,5854.29,19.9,24.9,1018.1,False,37.0,83,1.8,False,True,False,FORMULA 1 2018 HEINEKEN CHINESE GRAND PRIX,Shanghai,China,,,Permanent,,,0.2666022969814006,0.29798760036589084,0.43541010265270863,1,False,Chinese Grand Prix,chinese_grand_prix,2018,2018-04-15,98.5036,10,Closing,0.2530000000000001,False,False,False,True
STR,Williams,52,0 days 00:01:38.576000,0 days 00:00:26.218000,0 days 00:00:29.518000,0 days 00:00:42.840000,Medium,6,2,,,1,True,0 days 01:37:32.618000,98.576,26.218,29.518,42.84,5852.618,5854.29,19.9,24.9,1018.1,False,37.0,83,1.8,False,True,False,FORMULA 1 2018 HEINEKEN CHINESE GRAND PRIX,Shanghai,China,,,Permanent,,,0.2659673754260672,0.2994440837526376,0.43458854082129533,1,False,Chinese Grand Prix,chinese_grand_prix,2018,2018-04-15,98.7975,10,Closing,0.0759999999999934,False,False,False,True
GAS,Toro Rosso,52,0 days 00:01:38.447000,0 days 00:00:26.272000,0 days 00:00:29.528000,0 days 00:00:42.647000,ULTRASOFT,5,3,,,1,True,0 days 01:37:33.807000,98.447,26.272,29.528,42.647,5853.807,5854.29,19.9,24.9,1018.1,False,37.0,83,1.8,False,True,False,FORMULA 1 2018 HEINEKEN CHINESE GRAND PRIX,Shanghai,China,,,Permanent,,,0.2668644041971822,0.29993803772588296,0.4331975580769348,1,False,Chinese Grand Prix,chinese_grand_prix,2018,2018-04-15,98.781,9,Closing,0.0799999999999983,False,False,False,True
SIR,Williams,52,0 days 00:01:38.632000,0 days 00:00:26.251000,0 days 00:00:29.556000,0 days 00:00:42.825000,Soft,6,3,,,1,True,0 days 01:37:34.904000,98.632,26.251,29.556,42.825,5854.904,5854.29,19.9,24.9,1018.1,False,37.0,83,1.8,False,True,False,FORMULA 1 2018 HEINEKEN CHINESE GRAND PRIX,Shanghai,China,,,Permanent,,,0.26615094492659586,0.2996593397680266,0.4341897153053776,1,False,Chinese Grand Prix,chinese_grand_prix,2018,2018-04-15,98.85277777777777,9,Closing,0.008000000000009777,False,False,False,True
ERI,Sauber,52,0 days 00:01:38.386000,0 days 00:00:26.349000,0 days 00:00:29.336000,0 days 00:00:42.701000,Medium,6,2,,,1,True,0 days 01:37:39.896000,98.386,26.349,29.336,42.701,5859.896,5854.29,19.9,24.9,1018.1,False,37.0,83,1.8,False,True,False,FORMULA 1 2018 HEINEKEN CHINESE GRAND PRIX,Shanghai,China,,,Permanent,,,0.2678124936474702,0.2981725042180798,0.43401500213445005,1,False,Chinese Grand Prix,chinese_grand_prix,2018,2018-04-15,98.6812,10,Closing,0.0,False,False,False,True
GRO,Haas F1 Team,52,0 days 00:01:37.483000,0 days 00:00:26.093000,0 days 00:00:28.891000,0 days 00:00:42.499000,Medium,6,3,,,1,True,0 days 01:37:46.121000,97.483,26.093,28.891,42.499,5866.121,5854.29,19.9,24.9,1018.1,False,37.0,83,1.8,False,True,False,FORMULA 1 2018 HEINEKEN CHINESE GRAND PRIX,Shanghai,China,,,Permanent,,,0.26766718299600956,0.2963696234215196,0.4359631935824708,1,False,Chinese Grand Prix,chinese_grand_prix,2018,2018-04-15,99.7508,10,Closing,0.0730000000000075,False,False,False,True
LEC,Sauber,52,0 days 00:01:40.028000,0 days 00:00:26.727000,0 days 00:00:29.891000,0 days 00:00:43.410000,Medium,6,2,,,1,True,0 days 01:37:55.164000,100.028,26.727,29.891,43.41,5875.164,5854.29,19.9,24.9,1018.1,False,37.0,83,1.8,False,True,False,FORMULA 1 2018 HEINEKEN CHINESE GRAND PRIX,Shanghai,China,,,Permanent,,,0.2671951853481025,0.29882632862798414,0.43397848602391326,1,False,Chinese Grand Prix,chinese_grand_prix,2018,2018-04-15,100.0233,10,Closing,1.2199999999999989,False,False,False,True
RIC,Red Bull Racing,53,0 days 00:01:36.587000,0 days 00:00:25.892000,0 days 00:00:28.620000,0 days 00:00:42.075000,Soft,6,3,,,1,True,0 days 01:38:23.536000,96.587,25.892,28.62,42.075,5903.536,5914.093,19.9,25.2,1018.2,False,37.0,135,2.4,False,True,False,FORMULA 1 2018 HEINEKEN CHINESE GRAND PRIX,Shanghai,China,,,Permanent,,,0.2680692018594635,0.29631316843881683,0.4356176297017197,1,False,Chinese Grand Prix,chinese_grand_prix,2018,2018-04-15,96.68144444444445,9,Closing,0.8020000000000067,False,False,False,False
BOT,Mercedes,53,0 days 00:01:37.291000,0 days 00:00:25.990000,0 days 00:00:28.952000,0 days 00:00:42.349000,Medium,6,2,,,1,True,0 days 01:38:29.888000,97.291,25.99,28.952,42.349,5909.888,5914.093,19.9,25.2,1018.2,False,37.0,135,2.4,False,True,False,FORMULA 1 2018 HEINEKEN CHINESE GRAND PRIX,Shanghai,China,,,Permanent,,,0.2671367341275144,0.29758148235705256,0.43528178351543306,1,False,Chinese Grand Prix,chinese_grand_prix,2018,2018-04-15,97.20244444444444,9,Closing,0.30400000000000205,False,False,False,False
RAI,Ferrari,53,0 days 00:01:37.351000,0 days 00:00:26.007000,0 days 00:00:29.300000,0 days 00:00:42.044000,Medium,6,2,,,1,True,0 days 01:38:30.473000,97.351,26.007,29.3,42.044,5910.473,5914.093,19.9,25.2,1018.2,False,37.0,135,2.4,False,True,False,FORMULA 1 2018 HEINEKEN CHINESE GRAND PRIX,Shanghai,China,,,Permanent,,,0.26714671652063154,0.3009727686413083,0.43188051483806017,1,False,Chinese Grand Prix,chinese_grand_prix,2018,2018-04-15,97.03433333333334,9,Closing,0.894999999999996,False,False,False,False
VER,Red Bull Racing,53,0 days 00:01:37.060000,0 days 00:00:25.949000,0 days 00:00:29.241000,0 days 00:00:41.870000,Soft,6,3,,,1,True,0 days 01:38:31.347000,97.06,25.949,29.241,41.87,5911.347,5914.093,19.9,25.2,1018.2,False,37.0,135,2.4,False,True,False,FORMULA 1 2018 HEINEKEN CHINESE GRAND PRIX,Shanghai,China,,,Permanent,,,0.2673500927261488,0.3012672573665774,0.4313826499072738,1,False,Chinese Grand Prix,chinese_grand_prix,2018,2018-04-15,96.72233333333332,9,Closing,0.8539999999999992,False,False,False,False
HAM,Mercedes,53,0 days 00:01:38.081000,0 days 00:00:26.131000,0 days 00:00:29.160000,0 days 00:00:42.790000,Medium,7,2,,,1,True,0 days 01:38:37.240000,98.081,26.131,29.16,42.79,5917.24,5914.093,19.9,25.2,1018.2,False,37.0,135,2.4,False,True,False,FORMULA 1 2018 HEINEKEN CHINESE GRAND PRIX,Shanghai,China,,,Permanent,,,0.266422650666286,0.29730528848604726,0.4362720608476667,1,False,Chinese Grand Prix,chinese_grand_prix,2018,2018-04-15,97.4734,10,Closing,1.203000000000003,False,False,False,False
HUL,Renault,53,0 days 00:01:37.198000,0 days 00:00:25.920000,0 days 00:00:29.005000,0 days 00:00:42.273000,Soft,6,3,,,1,True,0 days 01:38:42.760000,97.198,25.92,29.005,42.273,5922.76,5914.093,19.9,25.2,1018.2,False,37.0,135,2.4,False,True,False,FORMULA 1 2018 HEINEKEN CHINESE GRAND PRIX,Shanghai,China,,,Permanent,,,0.26667215374801956,0.29841148994835287,0.4349163563036277,1,False,Chinese Grand Prix,chinese_grand_prix,2018,2018-04-15,97.30711111111111,9,Closing,0.31699999999999307,False,False,False,False
VET,Ferrari,53,0 days 00:01:38.523000,0 days 00:00:26.331000,0 days 00:00:29.517000,0 days 00:00:42.675000,Medium,7,2,,,1,True,0 days 01:38:49.541000,98.523,26.331,29.517,42.675,5929.541,5914.093,19.9,25.2,1018.2,False,37.0,135,2.4,False,True,False,FORMULA 1 2018 HEINEKEN CHINESE GRAND PRIX,Shanghai,China,,,Permanent,,,0.26725739167504037,0.29959501842209435,0.4331475899028653,1,False,Chinese Grand Prix,chinese_grand_prix,2018,2018-04-15,98.5296,10,Closing,1.043999999999997,False,False,False,False
ALO,McLaren,53,0 days 00:01:37.826000,0 days 00:00:26.133000,0 days 00:00:29.283000,0 days 00:00:42.410000,Medium,6,2,,,1,True,0 days 01:38:50.270000,97.826,26.133,29.283,42.41,5930.27,5914.093,19.9,25.2,1018.2,False,37.0,135,2.4,False,True,False,FORMULA 1 2018 HEINEKEN CHINESE GRAND PRIX,Shanghai,China,,,Permanent,,,0.26713757078895184,0.29933759941119953,0.4335248297998487,1,False,Chinese Grand Prix,chinese_grand_prix,2018,2018-04-15,97.6051111111111,9,Closing,0.5919999999999987,False,False,False,False
SAI,Renault,53,0 days 00:01:37.865000,0 days 00:00:26.169000,0 days 00:00:29.306000,0 days 00:00:42.390000,Soft,6,3,,,1,True,0 days 01:38:53.143000,97.865,26.169,29.306,42.39,5933.143,5914.093,19.9,25.2,1018.2,False,37.0,135,2.4,False,True,False,FORMULA 1 2018 HEINEKEN CHINESE GRAND PRIX,Shanghai,China,,,Permanent,,,0.26739896796607576,0.2994533285648598,0.43314770346906456,1,False,Chinese Grand Prix,chinese_grand_prix,2018,2018-04-15,98.05066666666667,9,Closing,0.11099999999999,False,False,False,False
MAG,Haas F1 Team,53,0 days 00:01:38.439000,0 days 00:00:26.118000,0 days 00:00:29.525000,0 days 00:00:42.796000,Medium,7,2,,,1,True,0 days 01:38:56.981000,98.439,26.118,29.525,42.796,5936.981,5914.093,19.9,25.2,1018.2,False,37.0,135,2.4,False,True,False,FORMULA 1 2018 HEINEKEN CHINESE GRAND PRIX,Shanghai,China,,,Permanent,,,0.26532167128881845,0.2999319375450787,0.43474639116610286,1,False,Chinese Grand Prix,chinese_grand_prix,2018,2018-04-15,98.66279999999999,10,Closing,0.28699999999999193,False,False,False,False
PER,Force India,53,0 days 00:01:38.230000,0 days 00:00:26.395000,0 days 00:00:29.368000,0 days 00:00:42.467000,Soft,6,3,,,1,True,0 days 01:38:59.871000,98.23,26.395,29.368,42.467,5939.871,5914.093,19.9,25.2,1018.2,False,37.0,135,2.4,False,True,False,FORMULA 1 2018 HEINEKEN CHINESE GRAND PRIX,Shanghai,China,,,Permanent,,,0.26870609793342154,0.29897180087549624,0.4323221011910821,1,False,Chinese Grand Prix,chinese_grand_prix,2018,2018-04-15,98.48766666666667,9,Closing,0.5570000000000022,False,False,False,False
OCO,Force India,53,0 days 00:01:38.934000,0 days 00:00:26.244000,0 days 00:00:29.909000,0 days 00:00:42.781000,ULTRASOFT,6,3,,,1,True,0 days 01:39:01.241000,98.934,26.244,29.909,42.781,5941.241,5914.093,19.9,25.2,1018.2,False,37.0,135,2.4,False,True,False,FORMULA 1 2018 HEINEKEN CHINESE GRAND PRIX,Shanghai,China,,,Permanent,,,0.26526775426041604,0.30231265287969755,0.4324195928598864,1,False,Chinese Grand Prix,chinese_grand_prix,2018,2018-04-15,98.47566666666665,9,Closing,0.9489999999999981,False,False,False,False
VAN,McLaren,53,0 days 00:01:38.390000,0 days 00:00:26.336000,0 days 00:00:29.311000,0 days 00:00:42.743000,Medium,7,2,,,1,True,0 days 01:39:06.682000,98.39,26.336,29.311,42.743,5946.682,5974.105,19.7,25.1,1018.1,False,36.5,65,2.2,False,True,False,FORMULA 1 2018 HEINEKEN CHINESE GRAND PRIX,Shanghai,China,,,Permanent,,,0.26766947860554935,0.2979062912897652,0.43442423010468545,1,False,Chinese Grand Prix,chinese_grand_prix,2018,2018-04-15,98.5036,10,Closing,0.2530000000000001,False,False,False,False
STR,Williams,53,0 days 00:01:38.857000,0 days 00:00:26.317000,0 days 00:00:29.606000,0 days 00:00:42.934000,Medium,7,2,,,1,True,0 days 01:39:11.475000,98.857,26.317,29.606,42.934,5951.475,5974.105,19.7,25.1,1018.1,False,36.5,65,2.2,False,True,False,FORMULA 1 2018 HEINEKEN CHINESE GRAND PRIX,Shanghai,China,,,Permanent,,,0.26621281244626077,0.2994830917385719,0.4343040958151673,1,False,Chinese Grand Prix,chinese_grand_prix,2018,2018-04-15,98.7975,10,Closing,0.3569999999999993,False,False,False,False
GAS,Toro Rosso,53,0 days 00:01:39.015000,0 days 00:00:26.376000,0 days 00:00:29.677000,0 days 00:00:42.962000,ULTRASOFT,6,3,,,1,True,0 days 01:39:12.822000,99.015,26.376,29.677,42.962,5952.822,5974.105,19.7,25.1,1018.1,False,36.5,65,2.2,False,True,False,FORMULA 1 2018 HEINEKEN CHINESE GRAND PRIX,Shanghai,China,,,Permanent,,,0.26638388123011664,0.2997222643033884,0.43389385446649503,1,False,Chinese Grand Prix,chinese_grand_prix,2018,2018-04-15,98.781,9,Closing,0.6479999999999961,False,False,False,False
SIR,Williams,53,0 days 00:01:38.996000,0 days 00:00:26.443000,0 days 00:00:29.709000,0 days 00:00:42.844000,Soft,7,3,,,1,True,0 days 01:39:13.900000,98.996,26.443,29.709,42.844,5953.9,5974.105,19.7,25.1,1018.1,False,36.5,65,2.2,False,True,False,FORMULA 1 2018 HEINEKEN CHINESE GRAND PRIX,Shanghai,China,,,Permanent,,,0.2671118024970706,0.30010303446603903,0.4327851630368904,1,False,Chinese Grand Prix,chinese_grand_prix,2018,2018-04-15,98.85277777777777,9,Closing,0.3719999999999999,False,False,False,False
ERI,Sauber,53,0 days 00:01:38.535000,0 days 00:00:26.350000,0 days 00:00:29.360000,0 days 00:00:42.825000,Medium,7,2,,,1,True,0 days 01:39:18.431000,98.535,26.35,29.36,42.825,5958.431,5974.105,19.7,25.1,1018.1,False,36.5,65,2.2,False,True,False,FORMULA 1 2018 HEINEKEN CHINESE GRAND PRIX,Shanghai,China,,,Permanent,,,0.2674176688486325,0.2979651900339981,0.4346171411173695,1,False,Chinese Grand Prix,chinese_grand_prix,2018,2018-04-15,98.6812,10,Closing,0.1490000000000009,False,False,False,False
GRO,Haas F1 Team,53,0 days 00:01:37.811000,0 days 00:00:26.126000,0 days 00:00:28.996000,0 days 00:00:42.689000,Medium,7,3,,,1,True,0 days 01:39:23.932000,97.811,26.126,28.996,42.689,5963.932,5974.105,19.7,25.1,1018.1,False,36.5,65,2.2,False,True,False,FORMULA 1 2018 HEINEKEN CHINESE GRAND PRIX,Shanghai,China,,,Permanent,,,0.26710697160851027,0.2964492746214638,0.4364437537700258,1,False,Chinese Grand Prix,chinese_grand_prix,2018,2018-04-15,99.7508,10,Closing,0.40100000000001046,False,False,False,False
LEC,Sauber,53,0 days 00:01:39.859000,0 days 00:00:26.652000,0 days 00:00:29.813000,0 days 00:00:43.394000,Medium,7,2,,,1,True,0 days 01:39:35.023000,99.859,26.652,29.813,43.394,5975.023,5974.105,19.7,25.1,1018.1,False,36.5,65,2.2,False,True,False,FORMULA 1 2018 HEINEKEN CHINESE GRAND PRIX,Shanghai,China,,,Permanent,,,0.2668963238165814,0.29855095684915733,0.4345527193342613,1,False,Chinese Grand Prix,chinese_grand_prix,2018,2018-04-15,100.0233,10,Closing,1.0509999999999877,False,False,False,False
RIC,Red Bull Racing,54,0 days 00:01:36.430000,0 days 00:00:25.858000,0 days 00:00:28.577000,0 days 00:00:41.995000,Soft,7,3,,,1,True,0 days 01:39:59.966000,96.43,25.858,28.577,41.995,5999.966,5974.105,19.7,25.1,1018.1,False,36.5,65,2.2,False,True,False,FORMULA 1 2018 HEINEKEN CHINESE GRAND PRIX,Shanghai,China,,,Permanent,,,0.2681530643990459,0.2963496837083895,0.4354972518925645,1,False,Chinese Grand Prix,chinese_grand_prix,2018,2018-04-15,96.68144444444445,9,Closing,0.6450000000000102,False,False,False,False
BOT,Mercedes,54,0 days 00:01:37.070000,0 days 00:00:26.087000,0 days 00:00:28.913000,0 days 00:00:42.070000,Medium,7,2,,,1,True,0 days 01:40:06.958000,97.07,26.087,28.913,42.07,6006.958,6034.12,19.6,24.9,1018.1,False,36.5,66,2.1,False,True,False,FORMULA 1 2018 HEINEKEN CHINESE GRAND PRIX,Shanghai,China,,,Permanent,,,0.2687442052127331,0.2978572164417431,0.43339857834552387,1,False,Chinese Grand Prix,chinese_grand_prix,2018,2018-04-15,97.20244444444444,9,Closing,0.08299999999999841,False,False,False,False
RAI,Ferrari,54,0 days 00:01:37.260000,0 days 00:00:26.187000,0 days 00:00:29.107000,0 days 00:00:41.966000,Medium,7,2,,,1,True,0 days 01:40:07.733000,97.26,26.187,29.107,41.966,6007.733,6034.12,19.6,24.9,1018.1,False,36.5,66,2.1,False,True,False,FORMULA 1 2018 HEINEKEN CHINESE GRAND PRIX,Shanghai,China,,,Permanent,,,0.26924737816162864,0.29926999794365616,0.4314826238947152,1,False,Chinese Grand Prix,chinese_grand_prix,2018,2018-04-15,97.03433333333334,9,Closing,0.804000000000002,False,False,False,False
VER,Red Bull Racing,54,0 days 00:01:37.234000,0 days 00:00:25.789000,0 days 00:00:29.611000,0 days 00:00:41.834000,Soft,7,3,,,1,True,0 days 01:40:08.581000,97.234,25.789,29.611,41.834,6008.581,6034.12,19.6,24.9,1018.1,False,36.5,66,2.1,False,True,False,FORMULA 1 2018 HEINEKEN CHINESE GRAND PRIX,Shanghai,China,,,Permanent,,,0.2652261554600243,0.30453339366888127,0.4302404508710945,1,False,Chinese Grand Prix,chinese_grand_prix,2018,2018-04-15,96.72233333333332,9,Closing,1.0279999999999916,False,False,False,False
HAM,Mercedes,54,0 days 00:01:36.978000,0 days 00:00:26.113000,0 days 00:00:28.874000,0 days 00:00:41.991000,Medium,8,2,,,1,True,0 days 01:40:14.218000,96.978,26.113,28.874,41.991,6014.218,6034.12,19.6,24.9,1018.1,False,36.5,66,2.1,False,True,False,FORMULA 1 2018 HEINEKEN CHINESE GRAND PRIX,Shanghai,China,,,Permanent,,,0.26926725649116295,0.2977376312153272,0.4329951122935099,1,False,Chinese Grand Prix,chinese_grand_prix,2018,2018-04-15,97.4734,10,Closing,0.09999999999999432,False,False,False,False
HUL,Renault,54,0 days 00:01:36.977000,0 days 00:00:25.957000,0 days 00:00:29.011000,0 days 00:00:42.009000,Soft,7,3,,,1,True,0 days 01:40:19.737000,96.977,25.957,29.011,42.009,6019.737,6034.12,19.6,24.9,1018.1,False,36.5,66,2.1,False,True,False,FORMULA 1 2018 HEINEKEN CHINESE GRAND PRIX,Shanghai,China,,,Permanent,,,0.2676614042504924,0.29915340750899694,0.4331851882405106,1,False,Chinese Grand Prix,chinese_grand_prix,2018,2018-04-15,97.30711111111111,9,Closing,0.09600000000000364,False,False,False,False
VET,Ferrari,54,0 days 00:01:38.396000,0 days 00:00:26.336000,0 days 00:00:29.517000,0 days 00:00:42.543000,Medium,8,2,,,1,True,0 days 01:40:27.937000,98.396,26.336,29.517,42.543,6027.937,6034.12,19.6,24.9,1018.1,False,36.5,66,2.1,False,True,False,FORMULA 1 2018 HEINEKEN CHINESE GRAND PRIX,Shanghai,China,,,Permanent,,,0.2676531566323834,0.2999817065734379,0.4323651367941786,1,False,Chinese Grand Prix,chinese_grand_prix,2018,2018-04-15,98.5296,10,Closing,0.9170000000000016,False,False,False,False
ALO,McLaren,54,0 days 00:01:38.190000,0 days 00:00:26.199000,0 days 00:00:29.662000,0 days 00:00:42.329000,Medium,7,2,,,1,True,0 days 01:40:28.460000,98.19,26.199,29.662,42.329,6028.46,6034.12,19.6,24.9,1018.1,False,36.5,66,2.1,False,True,False,FORMULA 1 2018 HEINEKEN CHINESE GRAND PRIX,Shanghai,China,,,Permanent,,,0.26681943171402384,0.3020877889805479,0.4310927793054283,1,False,Chinese Grand Prix,chinese_grand_prix,2018,2018-04-15,97.6051111111111,9,Closing,0.9560000000000031,False,False,False,False
SAI,Renault,54,0 days 00:01:37.754000,0 days 00:00:26.275000,0 days 00:00:29.150000,0 days 00:00:42.329000,Soft,7,3,,,1,True,0 days 01:40:30.897000,97.754,26.275,29.15,42.329,6030.897,6034.12,19.6,24.9,1018.1,False,36.5,66,2.1,False,True,False,FORMULA 1 2018 HEINEKEN CHINESE GRAND PRIX,Shanghai,China,,,Permanent,,,0.26878695500951366,0.29819751621417023,0.43301552877631605,1,False,Chinese Grand Prix,chinese_grand_prix,2018,2018-04-15,98.05066666666667,9,Closing,0.0,False,False,False,False
MAG,Haas F1 Team,54,0 days 00:01:38.152000,0 days 00:00:26.086000,0 days 00:00:29.364000,0 days 00:00:42.702000,Medium,8,2,,,1,True,0 days 01:40:35.133000,98.152,26.086,29.364,42.702,6035.133,6034.12,19.6,24.9,1018.1,False,36.5,66,2.1,False,True,False,FORMULA 1 2018 HEINEKEN CHINESE GRAND PRIX,Shanghai,China,,,Permanent,,,0.2657714565164235,0.29916863640068464,0.43505990708289183,1,False,Chinese Grand Prix,chinese_grand_prix,2018,2018-04-15,98.66279999999999,10,Closing,0.0,False,False,False,False
PER,Force India,54,0 days 00:01:37.673000,0 days 00:00:26.284000,0 days 00:00:29.130000,0 days 00:00:42.259000,Soft,7,3,,,1,True,0 days 01:40:37.544000,97.673,26.284,29.13,42.259,6037.544,6034.12,19.6,24.9,1018.1,False,36.5,66,2.1,False,True,False,FORMULA 1 2018 HEINEKEN CHINESE GRAND PRIX,Shanghai,China,,,Permanent,,,0.26910200362433834,0.2982400458673328,0.4326579505083288,1,False,Chinese Grand Prix,chinese_grand_prix,2018,2018-04-15,98.48766666666667,9,Closing,0.0,False,False,False,False
OCO,Force India,54,0 days 00:01:38.170000,0 days 00:00:26.335000,0 days 00:00:29.289000,0 days 00:00:42.546000,ULTRASOFT,7,3,,,1,True,0 days 01:40:39.411000,98.17,26.335,29.289,42.546,6039.411,6034.12,19.6,24.9,1018.1,False,36.5,66,2.1,False,True,False,FORMULA 1 2018 HEINEKEN CHINESE GRAND PRIX,Shanghai,China,,,Permanent,,,0.26825914230416625,0.29834980136497913,0.4333910563308546,1,False,Chinese Grand Prix,chinese_grand_prix,2018,2018-04-15,98.47566666666665,9,Closing,0.18500000000000227,False,False,False,False
VAN,McLaren,54,0 days 00:01:38.137000,0 days 00:00:26.154000,0 days 00:00:29.388000,0 days 00:00:42.595000,Medium,8,2,,,1,True,0 days 01:40:44.819000,98.137,26.154,29.388,42.595,6044.819,6034.12,19.6,24.9,1018.1,False,36.5,66,2.1,False,True,False,FORMULA 1 2018 HEINEKEN CHINESE GRAND PRIX,Shanghai,China,,,Permanent,,,0.26650498792504357,0.2994589196735177,0.4340360924014388,1,False,Chinese Grand Prix,chinese_grand_prix,2018,2018-04-15,98.5036,10,Closing,0.0,False,False,False,False
STR,Williams,54,0 days 00:01:38.500000,0 days 00:00:26.277000,0 days 00:00:29.422000,0 days 00:00:42.801000,Medium,8,2,,,1,True,0 days 01:40:49.975000,98.5,26.277,29.422,42.801,6049.975,6034.12,19.6,24.9,1018.1,False,36.5,66,2.1,False,True,False,FORMULA 1 2018 HEINEKEN CHINESE GRAND PRIX,Shanghai,China,,,Permanent,,,0.2667715736040609,0.2987005076142132,0.4345279187817259,1,False,Chinese Grand Prix,chinese_grand_prix,2018,2018-04-15,98.7975,10,Closing,0.0,False,False,False,False
GAS,Toro Rosso,54,0 days 00:01:38.367000,0 days 00:00:26.268000,0 days 00:00:29.401000,0 days 00:00:42.698000,ULTRASOFT,7,3,,,1,True,0 days 01:40:51.189000,98.367,26.268,29.401,42.698,6051.189,6034.12,19.6,24.9,1018.1,False,36.5,66,2.1,False,True,False,FORMULA 1 2018 HEINEKEN CHINESE GRAND PRIX,Shanghai,China,,,Permanent,,,0.2670407758699564,0.2988908882043775,0.4340683359256661,1,False,Chinese Grand Prix,chinese_grand_prix,2018,2018-04-15,98.781,9,Closing,0.0,False,False,False,False
SIR,Williams,54,0 days 00:01:38.716000,0 days 00:00:26.343000,0 days 00:00:29.450000,0 days 00:00:42.923000,Soft,8,3,,,1,True,0 days 01:40:52.616000,98.716,26.343,29.45,42.923,6052.616,6034.12,19.6,24.9,1018.1,False,36.5,66,2.1,False,True,False,FORMULA 1 2018 HEINEKEN CHINESE GRAND PRIX,Shanghai,China,,,Permanent,,,0.26685643664654163,0.298330564447506,0.4348129989059525,1,False,Chinese Grand Prix,chinese_grand_prix,2018,2018-04-15,98.85277777777777,9,Closing,0.09199999999999875,False,False,False,False
ERI,Sauber,54,0 days 00:01:38.551000,0 days 00:00:26.356000,0 days 00:00:29.364000,0 days 00:00:42.831000,Medium,8,2,,,1,True,0 days 01:40:56.982000,98.551,26.356,29.364,42.831,6056.982,6034.12,19.6,24.9,1018.1,False,36.5,66,2.1,False,True,False,FORMULA 1 2018 HEINEKEN CHINESE GRAND PRIX,Shanghai,China,,,Permanent,,,0.2674351351077107,0.2979574027660805,0.43460746212620877,1,False,Chinese Grand Prix,chinese_grand_prix,2018,2018-04-15,98.6812,10,Closing,0.16500000000000625,False,False,False,False
GRO,Haas F1 Team,54,0 days 00:01:38.221000,0 days 00:00:26.298000,0 days 00:00:28.993000,0 days 00:00:42.930000,Medium,8,3,,,1,True,0 days 01:41:02.153000,98.221,26.298,28.993,42.93,6062.153,6034.12,19.6,24.9,1018.1,False,36.5,66,2.1,False,True,False,FORMULA 1 2018 HEINEKEN CHINESE GRAND PRIX,Shanghai,China,,,Permanent,,,0.2677431506500646,0.29518127488011725,0.43707557446981804,1,False,Chinese Grand Prix,chinese_grand_prix,2018,2018-04-15,99.7508,10,Closing,0.811000000000007,False,False,False,False
LEC,Sauber,54,0 days 00:01:39.885000,0 days 00:00:26.707000,0 days 00:00:29.822000,0 days 00:00:43.356000,Medium,8,2,,,1,True,0 days 01:41:14.908000,99.885,26.707,29.822,43.356,6074.908,6094.135,19.4,25.6,1018.1,False,36.5,78,2.8,False,True,False,FORMULA 1 2018 HEINEKEN CHINESE GRAND PRIX,Shanghai,China,,,Permanent,,,0.26737748410672274,0.2985633478500275,0.43405916804324973,1,False,Chinese Grand Prix,chinese_grand_prix,2018,2018-04-15,100.0233,10,Closing,1.0769999999999982,False,False,False,False
RIC,Red Bull Racing,55,0 days 00:01:35.785000,0 days 00:00:25.649000,0 days 00:00:28.430000,0 days 00:00:41.706000,Soft,8,3,,,1,True,0 days 01:41:35.751000,95.785,25.649,28.43,41.706,6095.751,6094.135,19.4,25.6,1018.1,False,36.5,78,2.8,False,True,False,FORMULA 1 2018 HEINEKEN CHINESE GRAND PRIX,Shanghai,China,,,Permanent,,,0.26777679177324215,0.2968105653286005,0.4354126428981574,1,False,Chinese Grand Prix,chinese_grand_prix,2018,2018-04-15,96.68144444444445,9,Closing,0.0,False,False,False,False
BOT,Mercedes,55,0 days 00:01:37.206000,0 days 00:00:25.878000,0 days 00:00:29.046000,0 days 00:00:42.282000,Medium,8,2,,,1,True,0 days 01:41:44.164000,97.206,25.878,29.046,42.282,6104.164,6094.135,19.4,25.6,1018.1,False,36.5,78,2.8,False,True,False,FORMULA 1 2018 HEINEKEN CHINESE GRAND PRIX,Shanghai,China,,,Permanent,,,0.2662181346830442,0.29880871551138816,0.4349731498055675,1,False,Chinese Grand Prix,chinese_grand_prix,2018,2018-04-15,97.20244444444444,9,Closing,0.2190000000000083,False,False,False,False
RAI,Ferrari,55,0 days 00:01:37.269000,0 days 00:00:25.649000,0 days 00:00:29.489000,0 days 00:00:42.131000,Medium,8,2,,,1,True,0 days 01:41:45.002000,97.269,25.649,29.489,42.131,6105.002,6094.135,19.4,25.6,1018.1,False,36.5,78,2.8,False,True,False,FORMULA 1 2018 HEINEKEN CHINESE GRAND PRIX,Shanghai,China,,,Permanent,,,0.2636914124746836,0.3031695607027933,0.4331390268225231,1,False,Chinese Grand Prix,chinese_grand_prix,2018,2018-04-15,97.03433333333334,9,Closing,0.8130000000000024,False,False,False,False
VER,Red Bull Racing,55,0 days 00:01:37.088000,0 days 00:00:25.547000,0 days 00:00:29.398000,0 days 00:00:42.143000,Soft,8,3,,,1,True,0 days 01:41:45.669000,97.088,25.547,29.398,42.143,6105.669,6094.135,19.4,25.6,1018.1,False,36.5,78,2.8,False,True,False,FORMULA 1 2018 HEINEKEN CHINESE GRAND PRIX,Shanghai,China,,,Permanent,,,0.26313241595253795,0.3027974620962426,0.4340701219512195,1,False,Chinese Grand Prix,chinese_grand_prix,2018,2018-04-15,96.72233333333332,9,Closing,0.8819999999999908,False,False,False,False
HAM,Mercedes,55,0 days 00:01:37.512000,0 days 00:00:25.974000,0 days 00:00:29.186000,0 days 00:00:42.352000,Medium,9,2,,,1,True,0 days 01:41:51.730000,97.512,25.974,29.186,42.352,6111.73,6094.135,19.4,25.6,1018.1,False,36.5,78,2.8,False,True,False,FORMULA 1 2018 HEINEKEN CHINESE GRAND PRIX,Shanghai,China,,,Permanent,,,0.26636721634260396,0.29930675198949874,0.43432603166789724,1,False,Chinese Grand Prix,chinese_grand_prix,2018,2018-04-15,97.4734,10,Closing,0.6340000000000003,False,False,False,False
HUL,Renault,55,0 days 00:01:36.950000,0 days 00:00:25.875000,0 days 00:00:28.988000,0 days 00:00:42.087000,Soft,8,3,,,1,True,0 days 01:41:56.687000,96.95,25.875,28.988,42.087,6116.687,6094.135,19.4,25.6,1018.1,False,36.5,78,2.8,False,True,False,FORMULA 1 2018 HEINEKEN CHINESE GRAND PRIX,Shanghai,China,,,Permanent,,,0.2668901495616297,0.29899948427024237,0.4341103661681279,1,False,Chinese Grand Prix,chinese_grand_prix,2018,2018-04-15,97.30711111111111,9,Closing,0.06900000000000261,False,False,False,False
ALO,McLaren,55,0 days 00:01:37.451000,0 days 00:00:25.993000,0 days 00:00:29.076000,0 days 00:00:42.382000,Medium,8,2,,,1,True,0 days 01:42:05.911000,97.451,25.993,29.076,42.382,6125.911,6154.221,19.6,25.2,1018.0,False,36.5,78,3.3,False,True,False,FORMULA 1 2018 HEINEKEN CHINESE GRAND PRIX,Shanghai,China,,,Permanent,,,0.26672892017526756,0.2983653323208587,0.43490574750387373,1,False,Chinese Grand Prix,chinese_grand_prix,2018,2018-04-15,97.6051111111111,9,Closing,0.21699999999999875,False,False,False,False
VET,Ferrari,55,0 days 00:01:40.608000,0 days 00:00:27.491000,0 days 00:00:30.275000,0 days 00:00:42.842000,Medium,9,2,,,1,True,0 days 01:42:08.545000,100.608,27.491,30.275,42.842,6128.545,6154.221,19.6,25.2,1018.0,False,36.5,78,3.3,False,True,False,FORMULA 1 2018 HEINEKEN CHINESE GRAND PRIX,Shanghai,China,,,Permanent,,,0.2732486482188295,0.3009204039440203,0.4258309478371501,1,False,Chinese Grand Prix,chinese_grand_prix,2018,2018-04-15,98.5296,10,Closing,3.129000000000005,False,False,False,False
SAI,Renault,55,0 days 00:01:38.495000,0 days 00:00:26.303000,0 days 00:00:29.699000,0 days 00:00:42.493000,Soft,8,3,,,1,True,0 days 01:42:09.392000,98.495,26.303,29.699,42.493,6129.392,6154.221,19.6,25.2,1018.0,False,36.5,78,3.3,False,True,False,FORMULA 1 2018 HEINEKEN CHINESE GRAND PRIX,Shanghai,China,,,Permanent,,,0.2670490887862328,0.3015279963449921,0.43142291486877504,1,False,Chinese Grand Prix,chinese_grand_prix,2018,2018-04-15,98.05066666666667,9,Closing,0.7409999999999997,False,False,False,False
MAG,Haas F1 Team,55,0 days 00:01:38.334000,0 days 00:00:26.205000,0 days 00:00:29.381000,0 days 00:00:42.748000,Medium,9,2,,,1,True,0 days 01:42:13.467000,98.334,26.205,29.381,42.748,6133.467,6154.221,19.6,25.2,1018.0,False,36.5,78,3.3,False,True,False,FORMULA 1 2018 HEINEKEN CHINESE GRAND PRIX,Shanghai,China,,,Permanent,,,0.2664897187137714,0.29878780482844186,0.43472247645778667,1,False,Chinese Grand Prix,chinese_grand_prix,2018,2018-04-15,98.66279999999999,10,Closing,0.18200000000000216,False,False,False,False
PER,Force India,55,0 days 00:01:38.094000,0 days 00:00:26.300000,0 days 00:00:29.457000,0 days 00:00:42.337000,Soft,8,3,,,1,True,0 days 01:42:15.638000,98.094,26.3,29.457,42.337,6135.638,6154.221,19.6,25.2,1018.0,False,36.5,78,3.3,False,True,False,FORMULA 1 2018 HEINEKEN CHINESE GRAND PRIX,Shanghai,China,,,Permanent,,,0.26811018003139847,0.30029359593858956,0.4315962240300121,1,False,Chinese Grand Prix,chinese_grand_prix,2018,2018-04-15,98.48766666666667,9,Closing,0.42099999999999227,False,False,False,False
OCO,Force India,55,0 days 00:01:38.382000,0 days 00:00:26.341000,0 days 00:00:29.357000,0 days 00:00:42.684000,ULTRASOFT,8,3,,,1,True,0 days 01:42:17.793000,98.382,26.341,29.357,42.684,6137.793,6154.221,19.6,25.2,1018.0,False,36.5,78,3.3,False,True,False,FORMULA 1 2018 HEINEKEN CHINESE GRAND PRIX,Shanghai,China,,,Permanent,,,0.26774206663820616,0.2983980809497672,0.43385985241202657,1,False,Chinese Grand Prix,chinese_grand_prix,2018,2018-04-15,98.47566666666665,9,Closing,0.39700000000000557,False,False,False,False
VAN,McLaren,55,0 days 00:01:38.379000,0 days 00:00:26.245000,0 days 00:00:29.383000,0 days 00:00:42.751000,Medium,9,2,,,1,True,0 days 01:42:23.198000,98.379,26.245,29.383,42.751,6143.198,6154.221,19.6,25.2,1018.0,False,36.5,78,3.3,False,True,False,FORMULA 1 2018 HEINEKEN CHINESE GRAND PRIX,Shanghai,China,,,Permanent,,,0.2667744132385977,0.29867146443854886,0.4345541223228534,1,False,Chinese Grand Prix,chinese_grand_prix,2018,2018-04-15,98.5036,10,Closing,0.24200000000000443,False,False,False,False
STR,Williams,55,0 days 00:01:38.745000,0 days 00:00:26.277000,0 days 00:00:29.591000,0 days 00:00:42.877000,Medium,9,2,,,1,True,0 days 01:42:28.720000,98.745,26.277,29.591,42.877,6148.72,6154.221,19.6,25.2,1018.0,False,36.5,78,3.3,False,True,False,FORMULA 1 2018 HEINEKEN CHINESE GRAND PRIX,Shanghai,China,,,Permanent,,,0.2661096764393134,0.29967086941110943,0.4342194541495772,1,False,Chinese Grand Prix,chinese_grand_prix,2018,2018-04-15,98.7975,10,Closing,0.24500000000000455,False,False,False,False
GAS,Toro Rosso,55,0 days 00:01:38.764000,0 days 00:00:26.373000,0 days 00:00:29.597000,0 days 00:00:42.794000,ULTRASOFT,8,3,,,1,True,0 days 01:42:29.953000,98.764,26.373,29.597,42.794,6149.953,6154.221,19.6,25.2,1018.0,False,36.5,78,3.3,False,True,False,FORMULA 1 2018 HEINEKEN CHINESE GRAND PRIX,Shanghai,China,,,Permanent,,,0.2670304969422057,0.299673970272569,0.43329553278522537,1,False,Chinese Grand Prix,chinese_grand_prix,2018,2018-04-15,98.781,9,Closing,0.39699999999999136,False,False,False,False
SIR,Williams,55,0 days 00:01:39.162000,0 days 00:00:26.591000,0 days 00:00:29.641000,0 days 00:00:42.930000,Soft,9,3,,,1,True,0 days 01:42:31.778000,99.162,26.591,29.641,42.93,6151.778,6154.221,19.6,25.2,1018.0,False,36.5,78,3.3,False,True,False,FORMULA 1 2018 HEINEKEN CHINESE GRAND PRIX,Shanghai,China,,,Permanent,,,0.2681571569754543,0.29891490691998945,0.43292793610455615,1,False,Chinese Grand Prix,chinese_grand_prix,2018,2018-04-15,98.85277777777777,9,Closing,0.5380000000000109,False,False,False,False
ERI,Sauber,55,0 days 00:01:38.926000,0 days 00:00:26.411000,0 days 00:00:29.442000,0 days 00:00:43.073000,Medium,9,2,,,1,True,0 days 01:42:35.908000,98.926,26.411,29.442,43.073,6155.908,6154.221,19.6,25.2,1018.0,False,36.5,78,3.3,False,True,False,FORMULA 1 2018 HEINEKEN CHINESE GRAND PRIX,Shanghai,China,,,Permanent,,,0.26697733659503065,0.2976164001374765,0.4354062632674929,1,False,Chinese Grand Prix,chinese_grand_prix,2018,2018-04-15,98.6812,10,Closing,0.5400000000000063,False,False,False,False
GRO,Haas F1 Team,55,0 days 00:01:37.659000,0 days 00:00:26.252000,0 days 00:00:28.999000,0 days 00:00:42.408000,Medium,9,3,,,1,True,0 days 01:42:39.812000,97.659,26.252,28.999,42.408,6159.812,6154.221,19.6,25.2,1018.0,False,36.5,78,3.3,False,True,False,FORMULA 1 2018 HEINEKEN CHINESE GRAND PRIX,Shanghai,China,,,Permanent,,,0.26881291022844794,0.29694139813022863,0.4342456916413234,1,False,Chinese Grand Prix,chinese_grand_prix,2018,2018-04-15,99.7508,10,Closing,0.24900000000000944,False,False,False,False
LEC,Sauber,55,0 days 00:01:39.924000,0 days 00:00:26.640000,0 days 00:00:29.971000,0 days 00:00:43.313000,Medium,9,2,,,1,True,0 days 01:42:54.832000,99.924,26.64,29.971,43.313,6174.832,6154.221,19.6,25.2,1018.0,False,36.5,78,3.3,False,True,False,FORMULA 1 2018 HEINEKEN CHINESE GRAND PRIX,Shanghai,China,,,Permanent,,,0.26660261798967216,0.2999379528441615,0.43345942916616625,1,False,Chinese Grand Prix,chinese_grand_prix,2018,2018-04-15,100.0233,10,Closing,1.1159999999999997,False,False,False,False
RIC,Red Bull Racing,56,0 days 00:01:36.741000,0 days 00:00:25.789000,0 days 00:00:28.504000,0 days 00:00:42.448000,Soft,9,3,,,1,True,0 days 01:43:12.492000,96.741,25.789,28.504,42.448,6192.492,6214.411,19.5,25.5,1018.1,False,36.5,141,3.2,False,True,False,FORMULA 1 2018 HEINEKEN CHINESE GRAND PRIX,Shanghai,China,,,Permanent,,,0.26657776950827466,0.2946423956750499,0.4387798348166755,1,False,Chinese Grand Prix,chinese_grand_prix,2018,2018-04-15,96.68144444444445,9,Closing,0.9560000000000031,False,False,False,False
BOT,Mercedes,56,0 days 00:01:37.235000,0 days 00:00:25.887000,0 days 00:00:28.989000,0 days 00:00:42.359000,Medium,9,2,,,1,True,0 days 01:43:21.399000,97.235,25.887,28.989,42.359,6201.399,6214.411,19.5,25.5,1018.1,False,36.5,141,3.2,False,True,False,FORMULA 1 2018 HEINEKEN CHINESE GRAND PRIX,Shanghai,China,,,Permanent,,,0.26623129531547285,0.29813338818326734,0.43563531650125986,1,False,Chinese Grand Prix,chinese_grand_prix,2018,2018-04-15,97.20244444444444,9,Closing,0.24800000000000466,False,False,False,False
RAI,Ferrari,56,0 days 00:01:37.144000,0 days 00:00:25.688000,0 days 00:00:29.225000,0 days 00:00:42.231000,Medium,9,2,,,1,True,0 days 01:43:22.146000,97.144,25.688,29.225,42.231,6202.146,6214.411,19.5,25.5,1018.1,False,36.5,141,3.2,False,True,False,FORMULA 1 2018 HEINEKEN CHINESE GRAND PRIX,Shanghai,China,,,Permanent,,,0.2644321831507864,0.30084204891707156,0.43472576793214196,1,False,Chinese Grand Prix,chinese_grand_prix,2018,2018-04-15,97.03433333333334,9,Closing,0.6880000000000024,False,False,False,False
VER,Red Bull Racing,56,0 days 00:01:37.265000,0 days 00:00:25.649000,0 days 00:00:29.461000,0 days 00:00:42.155000,Soft,9,3,,,1,True,0 days 01:43:22.934000,97.265,25.649,29.461,42.155,6202.934,6214.411,19.5,25.5,1018.1,False,36.5,141,3.2,False,True,False,FORMULA 1 2018 HEINEKEN CHINESE GRAND PRIX,Shanghai,China,,,Permanent,,,0.26370225672132835,0.3028941551431656,0.4334035881355061,1,False,Chinese Grand Prix,chinese_grand_prix,2018,2018-04-15,96.72233333333332,9,Closing,1.0589999999999975,False,False,False,False
HAM,Mercedes,56,0 days 00:01:37.750000,0 days 00:00:26.163000,0 days 00:00:29.157000,0 days 00:00:42.430000,Medium,10,2,,,1,True,0 days 01:43:29.480000,97.75,26.163,29.157,42.43,6209.48,6214.411,19.5,25.5,1018.1,False,36.5,141,3.2,False,True,False,FORMULA 1 2018 HEINEKEN CHINESE GRAND PRIX,Shanghai,China,,,Permanent,,,0.26765217391304347,0.29828132992327366,0.43406649616368287,1,False,Chinese Grand Prix,chinese_grand_prix,2018,2018-04-15,97.4734,10,Closing,0.8719999999999999,False,False,False,False
HUL,Renault,56,0 days 00:01:36.881000,0 days 00:00:25.839000,0 days 00:00:28.966000,0 days 00:00:42.076000,Soft,9,3,,,1,True,0 days 01:43:33.568000,96.881,25.839,28.966,42.076,6213.568,6214.411,19.5,25.5,1018.1,False,36.5,141,3.2,False,True,False,FORMULA 1 2018 HEINEKEN CHINESE GRAND PRIX,Shanghai,China,,,Permanent,,,0.26670864256149296,0.29898535316522334,0.4343060042732837,1,False,Chinese Grand Prix,chinese_grand_prix,2018,2018-04-15,97.30711111111111,9,Closing,0.0,False,False,False,False
ALO,McLaren,56,0 days 00:01:37.234000,0 days 00:00:25.953000,0 days 00:00:28.883000,0 days 00:00:42.398000,Medium,9,2,,,1,True,0 days 01:43:43.145000,97.234,25.953,28.883,42.398,6223.145,6214.411,19.5,25.5,1018.1,False,36.5,141,3.2,False,True,False,FORMULA 1 2018 HEINEKEN CHINESE GRAND PRIX,Shanghai,China,,,Permanent,,,0.2669128082769402,0.297046300676718,0.43604089104634186,1,False,Chinese Grand Prix,chinese_grand_prix,2018,2018-04-15,97.6051111111111,9,Closing,0.0,False,False,False,False
VET,Ferrari,56,0 days 00:01:39.232000,0 days 00:00:26.417000,0 days 00:00:29.766000,0 days 00:00:43.049000,Medium,10,2,,,1,True,0 days 01:43:47.777000,99.232,26.417,29.766,43.049,6227.777,6214.411,19.5,25.5,1018.1,False,36.5,141,3.2,False,True,False,FORMULA 1 2018 HEINEKEN CHINESE GRAND PRIX,Shanghai,China,,,Permanent,,,0.26621452757175107,0.29996372138019994,0.433821751048049,1,False,Chinese Grand Prix,chinese_grand_prix,2018,2018-04-15,98.5296,10,Closing,1.7530000000000001,False,False,False,False
SAI,Renault,56,0 days 00:01:38.880000,0 days 00:00:26.233000,0 days 00:00:30.088000,0 days 00:00:42.559000,Soft,9,3,,,1,True,0 days 01:43:48.272000,98.88,26.233,30.088,42.559,6228.272,6214.411,19.5,25.5,1018.1,False,36.5,141,3.2,False,True,False,FORMULA 1 2018 HEINEKEN CHINESE GRAND PRIX,Shanghai,China,,,Permanent,,,0.26530137540453075,0.3042880258899677,0.43041059870550163,1,False,Chinese Grand Prix,chinese_grand_prix,2018,2018-04-15,98.05066666666667,9,Closing,1.1259999999999906,False,False,False,False
MAG,Haas F1 Team,56,0 days 00:01:38.633000,0 days 00:00:26.087000,0 days 00:00:29.557000,0 days 00:00:42.989000,Medium,10,2,,,1,True,0 days 01:43:52.100000,98.633,26.087,29.557,42.989,6232.1,6214.411,19.5,25.5,1018.1,False,36.5,141,3.2,False,True,False,FORMULA 1 2018 HEINEKEN CHINESE GRAND PRIX,Shanghai,China,,,Permanent,,,0.264485517017631,0.2996664402380542,0.43584804274431477,1,False,Chinese Grand Prix,chinese_grand_prix,2018,2018-04-15,98.66279999999999,10,Closing,0.48099999999999454,False,False,False,False
OCO,Force India,56,0 days 00:01:38.763000,0 days 00:00:26.308000,0 days 00:00:29.233000,0 days 00:00:43.222000,ULTRASOFT,9,3,,,1,True,0 days 01:43:56.556000,98.763,26.308,29.233,43.222,6236.556,6214.411,19.5,25.5,1018.1,False,36.5,141,3.2,False,True,False,FORMULA 1 2018 HEINEKEN CHINESE GRAND PRIX,Shanghai,China,,,Permanent,,,0.26637505948583984,0.29599141378856453,0.43763352672559563,1,False,Chinese Grand Prix,chinese_grand_prix,2018,2018-04-15,98.47566666666665,9,Closing,0.7780000000000058,False,False,False,False
PER,Force India,56,0 days 00:01:41.593000,0 days 00:00:26.210000,0 days 00:00:29.363000,0 days 00:00:46.020000,Soft,9,3,,,1,True,0 days 01:43:57.231000,101.593,26.21,29.363,46.02,6237.231,6214.411,19.5,25.5,1018.1,False,36.5,141,3.2,False,True,False,FORMULA 1 2018 HEINEKEN CHINESE GRAND PRIX,Shanghai,China,,,Permanent,,,0.25799021586132903,0.28902581870798183,0.45298396543068914,1,False,Chinese Grand Prix,chinese_grand_prix,2018,2018-04-15,98.48766666666667,9,Closing,3.9200000000000017,False,False,False,False
VAN,McLaren,56,0 days 00:01:38.681000,0 days 00:00:26.331000,0 days 00:00:29.400000,0 days 00:00:42.950000,Medium,10,2,,,1,True,0 days 01:44:01.879000,98.681,26.331,29.4,42.95,6241.879,6214.411,19.5,25.5,1018.1,False,36.5,141,3.2,False,True,False,FORMULA 1 2018 HEINEKEN CHINESE GRAND PRIX,Shanghai,China,,,Permanent,,,0.26682948085244373,0.2979296926460007,0.43524082650155554,1,False,Chinese Grand Prix,chinese_grand_prix,2018,2018-04-15,98.5036,10,Closing,0.5439999999999969,False,False,False,False
STR,Williams,56,0 days 00:01:39.276000,0 days 00:00:26.361000,0 days 00:00:29.577000,0 days 00:00:43.338000,Medium,10,2,,,1,True,0 days 01:44:07.996000,99.276,26.361,29.577,43.338,6247.996,6274.388,19.4,26.1,1018.2,False,36.5,107,1.6,False,True,False,FORMULA 1 2018 HEINEKEN CHINESE GRAND PRIX,Shanghai,China,,,Permanent,,,0.26553245497401184,0.2979269914178654,0.4365405536081228,1,False,Chinese Grand Prix,chinese_grand_prix,2018,2018-04-15,98.7975,10,Closing,0.7759999999999962,False,False,False,False
GAS,Toro Rosso,56,0 days 00:01:38.916000,0 days 00:00:26.360000,0 days 00:00:29.575000,0 days 00:00:42.981000,ULTRASOFT,9,3,,,1,True,0 days 01:44:08.869000,98.916,26.36,29.575,42.981,6248.869,6274.388,19.4,26.1,1018.2,False,36.5,107,1.6,False,True,False,FORMULA 1 2018 HEINEKEN CHINESE GRAND PRIX,Shanghai,China,,,Permanent,,,0.26648873791904243,0.29899106312426704,0.43452019895669053,1,False,Chinese Grand Prix,chinese_grand_prix,2018,2018-04-15,98.781,9,Closing,0.5489999999999924,False,False,False,False
SIR,Williams,56,0 days 00:01:38.969000,0 days 00:00:26.488000,0 days 00:00:29.610000,0 days 00:00:42.871000,Soft,10,3,,,1,True,0 days 01:44:10.747000,98.969,26.488,29.61,42.871,6250.747,6274.388,19.4,26.1,1018.2,False,36.5,107,1.6,False,True,False,FORMULA 1 2018 HEINEKEN CHINESE GRAND PRIX,Shanghai,China,,,Permanent,,,0.267639361820368,0.2991845931554325,0.43317604502419954,1,False,Chinese Grand Prix,chinese_grand_prix,2018,2018-04-15,98.85277777777777,9,Closing,0.34499999999999886,False,False,False,False
ERI,Sauber,56,0 days 00:01:39.212000,0 days 00:00:26.521000,0 days 00:00:29.691000,0 days 00:00:43,Medium,10,2,,,1,True,0 days 01:44:15.120000,99.212,26.521,29.691,43.0,6255.12,6274.388,19.4,26.1,1018.2,False,36.5,107,1.6,False,True,False,FORMULA 1 2018 HEINEKEN CHINESE GRAND PRIX,Shanghai,China,,,Permanent,,,0.26731645365479983,0.2992682336814095,0.43341531266379063,1,False,Chinese Grand Prix,chinese_grand_prix,2018,2018-04-15,98.6812,10,Closing,0.8260000000000076,False,False,False,False
GRO,Haas F1 Team,56,0 days 00:01:37.990000,0 days 00:00:26.164000,0 days 00:00:28.953000,0 days 00:00:42.873000,Medium,10,3,,,1,True,0 days 01:44:17.802000,97.99,26.164,28.953,42.873,6257.802,6274.388,19.4,26.1,1018.2,False,36.5,107,1.6,False,True,False,FORMULA 1 2018 HEINEKEN CHINESE GRAND PRIX,Shanghai,China,,,Permanent,,,0.26700683743239106,0.2954689254005511,0.43752423716705785,1,False,Chinese Grand Prix,chinese_grand_prix,2018,2018-04-15,99.7508,10,Closing,0.5799999999999983,False,False,False,False
LEC,Sauber,56,0 days 00:01:40.250000,0 days 00:00:26.633000,0 days 00:00:29.792000,0 days 00:00:43.825000,Medium,10,2,,,1,True,0 days 01:44:35.082000,100.25,26.633,29.792,43.825,6275.082,6274.388,19.4,26.1,1018.2,False,36.5,107,1.6,False,True,False,FORMULA 1 2018 HEINEKEN CHINESE GRAND PRIX,Shanghai,China,,,Permanent,,,0.2656658354114713,0.2971770573566085,0.43715710723192025,1,False,Chinese Grand Prix,chinese_grand_prix,2018,2018-04-15,100.0233,10,Closing,1.441999999999993,False,False,False,False
