Driver,Team,LapNumber,LapTime,Sector1Time,Sector2Time,Sector3Time,Compound,TyreLife,Stint,PitInTime,PitOutTime,TrackStatus,IsAccurate,Time,LapTimeSeconds,Sector1TimeSeconds,Sector2TimeSeconds,Sector3TimeSeconds,LapStartTime,WeatherTime,AirTemp,Humidity,Pressure,Rainfall,TrackTemp,WindDirection,WindSpeed,IsWetLap,IsDryLap,IsWetRace,CircuitName,CircuitShort,CircuitCountry,TrackLengthKM,AltitudeM,CircuitType,PitLap,PitDuration,Sector1Pct,Sector2Pct,Sector3Pct,BestSector,IsValidLap,GrandPrix,GP_Slug,SeasonYear,EventDate,AvgLapTime,StintLength,StintType,DeltaToFastestLap,IsSC,IsVSC,IsRedFlag,IsDNF
BOT,Mercedes,2,0 days 00:01:32.480000,0 days 00:00:30.293000,0 days 00:00:38.432000,0 days 00:00:23.755000,Soft,5,1,,,,False,0 days 00:03:06.250000,92.48,30.293,38.432,23.755,186.25,207.321,9.2,58.2,947.4,False,19.1,180,2.5,False,True,True,FORMULA 1 ARAMCO GROSSER PREIS DER EIFEL 2020,Nürburgring,Germany,,,Permanent,,,0.3275627162629758,0.41557093425605535,0.2568663494809688,3,False,Eifel Grand Prix,eifel_grand_prix,2020,2020-10-11,92.72000000000001,12,Opening,0.5960000000000036,False,False,False,True
HAM,Mercedes,2,0 days 00:01:32.410000,0 days 00:00:30.149000,0 days 00:00:38.634000,0 days 00:00:23.627000,Soft,5,1,,,,False,0 days 00:03:07.702000,92.41,30.149,38.634,23.627,187.702,207.321,9.2,58.2,947.4,False,19.1,180,2.5,False,True,True,FORMULA 1 ARAMCO GROSSER PREIS DER EIFEL 2020,Nürburgring,Germany,,,Permanent,,,0.3262525700681745,0.4180716372686939,0.2556757926631317,3,False,Eifel Grand Prix,eifel_grand_prix,2020,2020-10-11,92.78453333333333,15,Opening,4.265000000000001,False,False,False,True
VER,Red Bull Racing,2,0 days 00:01:32.647000,0 days 00:00:30.281000,0 days 00:00:38.600000,0 days 00:00:23.766000,Soft,5,1,,,,False,0 days 00:03:08.706000,92.647,30.281,38.6,23.766,188.706,207.321,9.2,58.2,947.4,False,19.1,180,2.5,False,True,True,FORMULA 1 ARAMCO GROSSER PREIS DER EIFEL 2020,Nürburgring,Germany,,,Permanent,,,0.3268427472017442,0.41663518516519693,0.2565220676330588,3,False,Eifel Grand Prix,eifel_grand_prix,2020,2020-10-11,93.08953333333334,15,Opening,4.50800000000001,False,False,False,True
LEC,Ferrari,2,0 days 00:01:35.048000,0 days 00:00:30.836000,0 days 00:00:39.966000,0 days 00:00:24.246000,Soft,5,1,,,1,True,0 days 00:03:12.781000,95.048,30.836,39.966,24.246,192.781,207.321,9.2,58.2,947.4,False,19.1,180,2.5,False,True,True,FORMULA 1 ARAMCO GROSSER PREIS DER EIFEL 2020,Nürburgring,Germany,,,Permanent,,,0.32442555340459556,0.42048228263614174,0.25509216395926265,3,False,Eifel Grand Prix,eifel_grand_prix,2020,2020-10-11,94.83611111111111,9,Opening,4.3359999999999985,False,False,False,True
RIC,Renault,2,0 days 00:01:34.973000,0 days 00:00:30.766000,0 days 00:00:39.899000,0 days 00:00:24.308000,Soft,5,1,,,1,True,0 days 00:03:13.457000,94.973,30.766,39.899,24.308,193.457,207.321,9.2,58.2,947.4,False,19.1,180,2.5,False,True,True,FORMULA 1 ARAMCO GROSSER PREIS DER EIFEL 2020,Nürburgring,Germany,,,Permanent,,,0.3239447000726522,0.4201088730481295,0.2559464268792183,3,False,Eifel Grand Prix,eifel_grand_prix,2020,2020-10-11,95.15386666666667,15,Opening,5.388999999999996,False,False,False,True
ALB,Red Bull Racing,2,0 days 00:01:34.815000,0 days 00:00:30.878000,0 days 00:00:39.513000,0 days 00:00:24.424000,Soft,5,1,,,1,True,0 days 00:03:14.376000,94.815,30.878,39.513,24.424,194.376,207.321,9.2,58.2,947.4,False,19.1,180,2.5,False,True,True,FORMULA 1 ARAMCO GROSSER PREIS DER EIFEL 2020,Nürburgring,Germany,,,Permanent,,,0.32566577018404264,0.4167378579338712,0.2575963718820862,3,False,Eifel Grand Prix,eifel_grand_prix,2020,2020-10-11,94.83133333333335,6,Opening,2.4849999999999994,False,False,False,True
NOR,McLaren,2,0 days 00:01:34.983000,0 days 00:00:31.037000,0 days 00:00:39.785000,0 days 00:00:24.161000,Soft,5,1,,,1,True,0 days 00:03:15.554000,94.983,31.037,39.785,24.161,195.554,207.321,9.2,58.2,947.4,False,19.1,180,2.5,False,True,True,FORMULA 1 ARAMCO GROSSER PREIS DER EIFEL 2020,Nürburgring,Germany,,,Permanent,,,0.326763736668667,0.4188644283713927,0.2543718349599402,3,False,Eifel Grand Prix,eifel_grand_prix,2020,2020-10-11,94.42985714285714,28,Opening,2.655000000000001,False,False,False,True
PER,Racing Point,2,0 days 00:01:35.329000,0 days 00:00:30.939000,0 days 00:00:40.089000,0 days 00:00:24.301000,Soft,5,1,,,1,True,0 days 00:03:16.473000,95.329,30.939,40.089,24.301,196.473,207.321,9.2,58.2,947.4,False,19.1,180,2.5,False,True,True,FORMULA 1 ARAMCO GROSSER PREIS DER EIFEL 2020,Nürburgring,Germany,,,Permanent,,,0.3245497172948421,0.42053310115494763,0.2549171815502103,3,False,Eifel Grand Prix,eifel_grand_prix,2020,2020-10-11,94.44792592592593,27,Opening,5.628999999999991,False,False,False,True
OCO,Renault,2,0 days 00:01:35.440000,0 days 00:00:30.938000,0 days 00:00:40.140000,0 days 00:00:24.362000,Soft,5,1,,,1,True,0 days 00:03:17.172000,95.44,30.938,40.14,24.362,197.172,207.321,9.2,58.2,947.4,False,19.1,180,2.5,False,True,True,FORMULA 1 ARAMCO GROSSER PREIS DER EIFEL 2020,Nürburgring,Germany,,,Permanent,,,0.32416177703269067,0.42057837384744345,0.2552598491198659,3,False,Eifel Grand Prix,eifel_grand_prix,2020,2020-10-11,95.66042857142857,21,Opening,2.2510000000000048,False,False,False,True
SAI,McLaren,2,0 days 00:01:35.666000,0 days 00:00:31.227000,0 days 00:00:39.984000,0 days 00:00:24.455000,Soft,5,1,,,1,True,0 days 00:03:17.786000,95.666,31.227,39.984,24.455,197.786,207.321,9.2,58.2,947.4,False,19.1,180,2.5,False,True,True,FORMULA 1 ARAMCO GROSSER PREIS DER EIFEL 2020,Nürburgring,Germany,,,Permanent,,,0.32641690882863295,0.4179541320845442,0.25562895908682287,3,False,Eifel Grand Prix,eifel_grand_prix,2020,2020-10-11,94.70933333333333,27,Opening,5.536999999999992,False,False,False,True
GIO,Alfa Romeo Racing,2,0 days 00:01:36.200000,0 days 00:00:31.308000,0 days 00:00:40.312000,0 days 00:00:24.580000,Soft,2,1,,,1,True,0 days 00:03:19.289000,96.2,31.308,40.312,24.58,199.289,207.321,9.2,58.2,947.4,False,19.1,180,2.5,False,True,True,FORMULA 1 ARAMCO GROSSER PREIS DER EIFEL 2020,Nürburgring,Germany,,,Permanent,,,0.3254469854469854,0.41904365904365903,0.2555093555093555,3,False,Eifel Grand Prix,eifel_grand_prix,2020,2020-10-11,95.3155,14,Opening,5.290999999999997,False,False,False,True
VET,Ferrari,2,0 days 00:01:36.519000,0 days 00:00:31.871000,0 days 00:00:40.219000,0 days 00:00:24.429000,Medium,2,1,,,1,True,0 days 00:03:20.257000,96.519,31.871,40.219,24.429,200.257,207.321,9.2,58.2,947.4,False,19.1,180,2.5,False,True,True,FORMULA 1 ARAMCO GROSSER PREIS DER EIFEL 2020,Nürburgring,Germany,,,Permanent,,,0.33020441571089626,0.4166951584662087,0.25310042582289494,3,False,Eifel Grand Prix,eifel_grand_prix,2020,2020-10-11,95.8391,10,Opening,6.111000000000004,False,False,False,True
MAG,Haas F1 Team,2,0 days 00:01:36.509000,0 days 00:00:32.108000,0 days 00:00:39.842000,0 days 00:00:24.559000,Soft,2,1,,,1,True,0 days 00:03:21.160000,96.509,32.108,39.842,24.559,201.16,207.321,9.2,58.2,947.4,False,19.1,180,2.5,False,True,True,FORMULA 1 ARAMCO GROSSER PREIS DER EIFEL 2020,Nürburgring,Germany,,,Permanent,,,0.33269436011149217,0.412831963858293,0.2544736760302148,3,False,Eifel Grand Prix,eifel_grand_prix,2020,2020-10-11,95.43861538461539,13,Opening,6.052999999999997,False,False,False,True
GAS,AlphaTauri,2,0 days 00:01:37.911000,0 days 00:00:32.788000,0 days 00:00:40.608000,0 days 00:00:24.515000,Medium,2,1,,,1,True,0 days 00:03:21.947000,97.911,32.788,40.608,24.515,201.947,207.321,9.2,58.2,947.4,False,19.1,180,2.5,False,True,True,FORMULA 1 ARAMCO GROSSER PREIS DER EIFEL 2020,Nürburgring,Germany,,,Permanent,,,0.33487555024460985,0.4147440022060851,0.250380447549305,3,False,Eifel Grand Prix,eifel_grand_prix,2020,2020-10-11,95.14024137931034,29,Opening,7.801000000000002,False,False,False,True
KVY,AlphaTauri,2,0 days 00:01:37.394000,0 days 00:00:31.981000,0 days 00:00:40.926000,0 days 00:00:24.487000,Medium,2,1,,,1,True,0 days 00:03:22.565000,97.394,31.981,40.926,24.487,202.565,207.321,9.2,58.2,947.4,False,19.1,180,2.5,False,True,True,FORMULA 1 ARAMCO GROSSER PREIS DER EIFEL 2020,Nürburgring,Germany,,,Permanent,,,0.32836725054931515,0.4202106905969567,0.25142205885372815,3,False,Eifel Grand Prix,eifel_grand_prix,2020,2020-10-11,97.986625,16,Opening,5.180000000000007,False,False,False,True
RUS,Williams,2,0 days 00:01:37.697000,0 days 00:00:32.147000,0 days 00:00:40.962000,0 days 00:00:24.588000,Soft,2,1,,,1,True,0 days 00:03:23.253000,97.697,32.147,40.962,24.588,203.253,207.321,9.2,58.2,947.4,False,19.1,180,2.5,False,True,True,FORMULA 1 ARAMCO GROSSER PREIS DER EIFEL 2020,Nürburgring,Germany,,,Permanent,,,0.32904797486105,0.419275924542207,0.251676100596743,3,False,Eifel Grand Prix,eifel_grand_prix,2020,2020-10-11,95.7073,10,Opening,3.1710000000000065,False,False,False,True
HUL,Racing Point,2,0 days 00:01:37.734000,0 days 00:00:31.870000,0 days 00:00:40.974000,0 days 00:00:24.890000,Soft,2,1,,,1,True,0 days 00:03:24.048000,97.734,31.87,40.974,24.89,204.048,207.321,9.2,58.2,947.4,False,19.1,180,2.5,False,True,True,FORMULA 1 ARAMCO GROSSER PREIS DER EIFEL 2020,Nürburgring,Germany,,,Permanent,,,0.3260891808377842,0.41923997789919576,0.25467084126302003,3,False,Eifel Grand Prix,eifel_grand_prix,2020,2020-10-11,95.19917857142856,28,Opening,7.000999999999991,False,False,False,True
LAT,Williams,2,0 days 00:01:37.865000,0 days 00:00:32.141000,0 days 00:00:40.882000,0 days 00:00:24.842000,Soft,2,1,,,1,True,0 days 00:03:24.545000,97.865,32.141,40.882,24.842,204.545,207.321,9.2,58.2,947.4,False,19.1,180,2.5,False,True,True,FORMULA 1 ARAMCO GROSSER PREIS DER EIFEL 2020,Nürburgring,Germany,,,Permanent,,,0.3284218055484596,0.417738721708476,0.2538394727430644,3,False,Eifel Grand Prix,eifel_grand_prix,2020,2020-10-11,95.5433076923077,13,Opening,6.4879999999999995,False,False,False,True
RAI,Alfa Romeo Racing,2,0 days 00:01:37.937000,0 days 00:00:32.090000,0 days 00:00:41.036000,0 days 00:00:24.811000,Soft,2,1,,,1,True,0 days 00:03:24.997000,97.937,32.09,41.036,24.811,204.997,207.321,9.2,58.2,947.4,False,19.1,180,2.5,False,True,True,FORMULA 1 ARAMCO GROSSER PREIS DER EIFEL 2020,Nürburgring,Germany,,,Permanent,,,0.327659617917641,0.4190040536263108,0.25333632845604825,3,False,Eifel Grand Prix,eifel_grand_prix,2020,2020-10-11,95.90533333333333,9,Opening,7.424999999999997,False,False,False,True
GRO,Haas F1 Team,2,0 days 00:01:37.975000,0 days 00:00:32.075000,0 days 00:00:41.033000,0 days 00:00:24.867000,Medium,2,1,,,1,True,0 days 00:03:25.611000,97.975,32.075,41.033,24.867,205.611,207.321,9.2,58.2,947.4,False,19.1,180,2.5,False,True,True,FORMULA 1 ARAMCO GROSSER PREIS DER EIFEL 2020,Nürburgring,Germany,,,Permanent,,,0.32737943352896154,0.4188109211533555,0.25380964531768313,3,False,Eifel Grand Prix,eifel_grand_prix,2020,2020-10-11,95.36396296296297,27,Opening,6.412999999999997,False,False,False,True
BOT,Mercedes,3,0 days 00:01:32.211000,0 days 00:00:30.431000,0 days 00:00:38.117000,0 days 00:00:23.663000,Soft,6,1,,,1,True,0 days 00:04:38.461000,92.211,30.431,38.117,23.663,278.461,267.321,9.2,58.1,947.3,False,19.1,154,2.1,False,True,True,FORMULA 1 ARAMCO GROSSER PREIS DER EIFEL 2020,Nürburgring,Germany,,,Permanent,,,0.3300148572296147,0.41336716877595947,0.2566179739944258,3,False,Eifel Grand Prix,eifel_grand_prix,2020,2020-10-11,92.72000000000001,12,Opening,0.3269999999999982,False,False,False,True
HAM,Mercedes,3,0 days 00:01:32.165000,0 days 00:00:30.114000,0 days 00:00:38.343000,0 days 00:00:23.708000,Soft,6,1,,,1,True,0 days 00:04:39.867000,92.165,30.114,38.343,23.708,279.867,267.321,9.2,58.1,947.3,False,19.1,154,2.1,False,True,True,FORMULA 1 ARAMCO GROSSER PREIS DER EIFEL 2020,Nürburgring,Germany,,,Permanent,,,0.32674008571583574,0.41602560624966095,0.2572343080345033,3,False,Eifel Grand Prix,eifel_grand_prix,2020,2020-10-11,92.78453333333333,15,Opening,4.02000000000001,False,False,False,True
VER,Red Bull Racing,3,0 days 00:01:32.588000,0 days 00:00:30.329000,0 days 00:00:38.531000,0 days 00:00:23.728000,Soft,6,1,,,1,True,0 days 00:04:41.294000,92.588,30.329,38.531,23.728,281.294,267.321,9.2,58.1,947.3,False,19.1,154,2.1,False,True,True,FORMULA 1 ARAMCO GROSSER PREIS DER EIFEL 2020,Nürburgring,Germany,,,Permanent,,,0.32756944744459326,0.41615544130988896,0.25627511124551783,3,False,Eifel Grand Prix,eifel_grand_prix,2020,2020-10-11,93.08953333333334,15,Opening,4.448999999999998,False,False,False,True
LEC,Ferrari,3,0 days 00:01:34.182000,0 days 00:00:30.883000,0 days 00:00:39.230000,0 days 00:00:24.069000,Soft,6,1,,,1,True,0 days 00:04:46.963000,94.182,30.883,39.23,24.069,286.963,267.321,9.2,58.1,947.3,False,19.1,154,2.1,False,True,True,FORMULA 1 ARAMCO GROSSER PREIS DER EIFEL 2020,Nürburgring,Germany,,,Permanent,,,0.3279076681319148,0.4165339449151642,0.25555838695292094,3,False,Eifel Grand Prix,eifel_grand_prix,2020,2020-10-11,94.83611111111111,9,Opening,3.469999999999999,False,False,False,True
RIC,Renault,3,0 days 00:01:34.134000,0 days 00:00:30.785000,0 days 00:00:39.413000,0 days 00:00:23.936000,Soft,6,1,,,1,True,0 days 00:04:47.591000,94.134,30.785,39.413,23.936,287.591,267.321,9.2,58.1,947.3,False,19.1,154,2.1,False,True,True,FORMULA 1 ARAMCO GROSSER PREIS DER EIFEL 2020,Nürburgring,Germany,,,Permanent,,,0.32703380287675016,0.4186903775469012,0.2542758195763486,3,False,Eifel Grand Prix,eifel_grand_prix,2020,2020-10-11,95.15386666666667,15,Opening,4.549999999999997,False,False,False,True
ALB,Red Bull Racing,3,0 days 00:01:34.299000,0 days 00:00:30.958000,0 days 00:00:39.254000,0 days 00:00:24.087000,Soft,6,1,,,1,True,0 days 00:04:48.675000,94.299,30.958,39.254,24.087,288.675,267.321,9.2,58.1,947.3,False,19.1,154,2.1,False,True,True,FORMULA 1 ARAMCO GROSSER PREIS DER EIFEL 2020,Nürburgring,Germany,,,Permanent,,,0.32829616432835973,0.4162716465710134,0.2554321891006267,3,False,Eifel Grand Prix,eifel_grand_prix,2020,2020-10-11,94.83133333333335,6,Opening,1.9690000000000083,False,False,False,True
NOR,McLaren,3,0 days 00:01:34.416000,0 days 00:00:31.062000,0 days 00:00:39.462000,0 days 00:00:23.892000,Soft,6,1,,,1,True,0 days 00:04:49.970000,94.416,31.062,39.462,23.892,289.97,267.321,9.2,58.1,947.3,False,19.1,154,2.1,False,True,True,FORMULA 1 ARAMCO GROSSER PREIS DER EIFEL 2020,Nürburgring,Germany,,,Permanent,,,0.3289908490086426,0.4179588205388918,0.25305033045246567,3,False,Eifel Grand Prix,eifel_grand_prix,2020,2020-10-11,94.42985714285714,28,Opening,2.087999999999994,False,False,False,True
PER,Racing Point,3,0 days 00:01:34.201000,0 days 00:00:30.795000,0 days 00:00:39.475000,0 days 00:00:23.931000,Soft,6,1,,,1,True,0 days 00:04:50.674000,94.201,30.795,39.475,23.931,290.674,267.321,9.2,58.1,947.3,False,19.1,154,2.1,False,True,True,FORMULA 1 ARAMCO GROSSER PREIS DER EIFEL 2020,Nürburgring,Germany,,,Permanent,,,0.32690735767136236,0.4190507531767179,0.2540418891519199,3,False,Eifel Grand Prix,eifel_grand_prix,2020,2020-10-11,94.44792592592593,27,Opening,4.500999999999991,False,False,False,True
OCO,Renault,3,0 days 00:01:34.611000,0 days 00:00:30.983000,0 days 00:00:39.575000,0 days 00:00:24.053000,Soft,6,1,,,1,True,0 days 00:04:51.783000,94.611,30.983,39.575,24.053,291.783,267.321,9.2,58.1,947.3,False,19.1,154,2.1,False,True,True,FORMULA 1 ARAMCO GROSSER PREIS DER EIFEL 2020,Nürburgring,Germany,,,Permanent,,,0.3274777774254579,0.4182917419750346,0.2542304805995075,3,False,Eifel Grand Prix,eifel_grand_prix,2020,2020-10-11,95.66042857142857,21,Opening,1.4220000000000113,False,False,False,True
SAI,McLaren,3,0 days 00:01:34.708000,0 days 00:00:31.187000,0 days 00:00:39.639000,0 days 00:00:23.882000,Soft,6,1,,,1,True,0 days 00:04:52.494000,94.708,31.187,39.639,23.882,292.494,267.321,9.2,58.1,947.3,False,19.1,154,2.1,False,True,True,FORMULA 1 ARAMCO GROSSER PREIS DER EIFEL 2020,Nürburgring,Germany,,,Permanent,,,0.3292963635595726,0.41853908856696376,0.2521645478734637,3,False,Eifel Grand Prix,eifel_grand_prix,2020,2020-10-11,94.70933333333333,27,Opening,4.5789999999999935,False,False,False,True
GIO,Alfa Romeo Racing,3,0 days 00:01:35.082000,0 days 00:00:31.143000,0 days 00:00:39.739000,0 days 00:00:24.200000,Soft,3,1,,,1,True,0 days 00:04:54.371000,95.082,31.143,39.739,24.2,294.371,267.321,9.2,58.1,947.3,False,19.1,154,2.1,False,True,True,FORMULA 1 ARAMCO GROSSER PREIS DER EIFEL 2020,Nürburgring,Germany,,,Permanent,,,0.32753833533160853,0.41794451105361685,0.2545171536147746,3,False,Eifel Grand Prix,eifel_grand_prix,2020,2020-10-11,95.3155,14,Opening,4.172999999999988,False,False,False,True
VET,Ferrari,3,0 days 00:01:35.150000,0 days 00:00:31.233000,0 days 00:00:39.613000,0 days 00:00:24.304000,Medium,3,1,,,1,True,0 days 00:04:55.407000,95.15,31.233,39.613,24.304,295.407,267.321,9.2,58.1,947.3,False,19.1,154,2.1,False,True,True,FORMULA 1 ARAMCO GROSSER PREIS DER EIFEL 2020,Nürburgring,Germany,,,Permanent,,,0.32825013137151865,0.41632159747766684,0.25542827115081446,3,False,Eifel Grand Prix,eifel_grand_prix,2020,2020-10-11,95.8391,10,Opening,4.742000000000004,False,False,False,True
MAG,Haas F1 Team,3,0 days 00:01:35.129000,0 days 00:00:31.353000,0 days 00:00:39.492000,0 days 00:00:24.284000,Soft,3,1,,,1,True,0 days 00:04:56.289000,95.129,31.353,39.492,24.284,296.289,267.321,9.2,58.1,947.3,False,19.1,154,2.1,False,True,True,FORMULA 1 ARAMCO GROSSER PREIS DER EIFEL 2020,Nürburgring,Germany,,,Permanent,,,0.3295840385161202,0.41514154463938435,0.25527441684449537,3,False,Eifel Grand Prix,eifel_grand_prix,2020,2020-10-11,95.43861538461539,13,Opening,4.673000000000002,False,False,False,True
GAS,AlphaTauri,3,0 days 00:01:35.490000,0 days 00:00:31.382000,0 days 00:00:39.811000,0 days 00:00:24.297000,Medium,3,1,,,1,True,0 days 00:04:57.437000,95.49,31.382,39.811,24.297,297.437,327.325,9.4,58.0,947.4,False,18.6,0,0.8,False,True,True,FORMULA 1 ARAMCO GROSSER PREIS DER EIFEL 2020,Nürburgring,Germany,,,Permanent,,,0.3286417425908472,0.41691276573463193,0.2544454916745209,3,False,Eifel Grand Prix,eifel_grand_prix,2020,2020-10-11,95.14024137931034,29,Opening,5.3799999999999955,False,False,False,True
KVY,AlphaTauri,3,0 days 00:01:35.433000,0 days 00:00:31.246000,0 days 00:00:39.997000,0 days 00:00:24.190000,Medium,3,1,,,1,True,0 days 00:04:57.998000,95.433,31.246,39.997,24.19,297.998,327.325,9.4,58.0,947.4,False,18.6,0,0.8,False,True,True,FORMULA 1 ARAMCO GROSSER PREIS DER EIFEL 2020,Nürburgring,Germany,,,Permanent,,,0.3274129493990548,0.4191107897687382,0.25347626083220687,3,False,Eifel Grand Prix,eifel_grand_prix,2020,2020-10-11,97.986625,16,Opening,3.2190000000000083,False,False,False,True
RUS,Williams,3,0 days 00:01:35.484000,0 days 00:00:31.385000,0 days 00:00:39.903000,0 days 00:00:24.196000,Soft,3,1,,,1,True,0 days 00:04:58.737000,95.484,31.385,39.903,24.196,298.737,327.325,9.4,58.0,947.4,False,18.6,0,0.8,False,True,True,FORMULA 1 ARAMCO GROSSER PREIS DER EIFEL 2020,Nürburgring,Germany,,,Permanent,,,0.328693812575929,0.41790247580746515,0.25340371161660596,3,False,Eifel Grand Prix,eifel_grand_prix,2020,2020-10-11,95.7073,10,Opening,0.9579999999999984,False,False,False,True
HUL,Racing Point,3,0 days 00:01:35.456000,0 days 00:00:31.066000,0 days 00:00:40.149000,0 days 00:00:24.241000,Soft,3,1,,,1,True,0 days 00:04:59.504000,95.456,31.066,40.149,24.241,299.504,327.325,9.4,58.0,947.4,False,18.6,0,0.8,False,True,True,FORMULA 1 ARAMCO GROSSER PREIS DER EIFEL 2020,Nürburgring,Germany,,,Permanent,,,0.3254483741200134,0.42060216225276564,0.25394946362722093,3,False,Eifel Grand Prix,eifel_grand_prix,2020,2020-10-11,95.19917857142856,28,Opening,4.722999999999999,False,False,False,True
LAT,Williams,3,0 days 00:01:35.515000,0 days 00:00:31.480000,0 days 00:00:39.805000,0 days 00:00:24.230000,Soft,3,1,,,1,True,0 days 00:05:00.060000,95.515,31.48,39.805,24.23,300.06,327.325,9.4,58.0,947.4,False,18.6,0,0.8,False,True,True,FORMULA 1 ARAMCO GROSSER PREIS DER EIFEL 2020,Nürburgring,Germany,,,Permanent,,,0.32958174108778726,0.4167408260482647,0.25367743286394806,3,False,Eifel Grand Prix,eifel_grand_prix,2020,2020-10-11,95.5433076923077,13,Opening,4.138000000000005,False,False,False,True
RAI,Alfa Romeo Racing,3,0 days 00:01:35.941000,0 days 00:00:31.683000,0 days 00:00:39.982000,0 days 00:00:24.276000,Soft,3,1,,,1,True,0 days 00:05:00.938000,95.941,31.683,39.982,24.276,300.938,327.325,9.4,58.0,947.4,False,18.6,0,0.8,False,True,True,FORMULA 1 ARAMCO GROSSER PREIS DER EIFEL 2020,Nürburgring,Germany,,,Permanent,,,0.3302342064393742,0.4167352852273793,0.2530305083332465,3,False,Eifel Grand Prix,eifel_grand_prix,2020,2020-10-11,95.90533333333333,9,Opening,5.429000000000002,False,False,False,True
GRO,Haas F1 Team,3,0 days 00:01:36.013000,0 days 00:00:31.773000,0 days 00:00:40.092000,0 days 00:00:24.148000,Medium,3,1,,,1,True,0 days 00:05:01.624000,96.013,31.773,40.092,24.148,301.624,327.325,9.4,58.0,947.4,False,18.6,0,0.8,False,True,True,FORMULA 1 ARAMCO GROSSER PREIS DER EIFEL 2020,Nürburgring,Germany,,,Permanent,,,0.3309239373834793,0.4175684542718173,0.2515076083447033,3,False,Eifel Grand Prix,eifel_grand_prix,2020,2020-10-11,95.36396296296297,27,Opening,4.451000000000008,False,False,False,True
BOT,Mercedes,4,0 days 00:01:32.242000,0 days 00:00:30.452000,0 days 00:00:38.228000,0 days 00:00:23.562000,Soft,7,1,,,1,True,0 days 00:06:10.703000,92.242,30.452,38.228,23.562,370.703,387.323,9.4,58.0,947.3,False,18.2,187,2.7,False,True,True,FORMULA 1 ARAMCO GROSSER PREIS DER EIFEL 2020,Nürburgring,Germany,,,Permanent,,,0.33013161032935107,0.41443160382472194,0.255436785845927,3,False,Eifel Grand Prix,eifel_grand_prix,2020,2020-10-11,92.72000000000001,12,Opening,0.3580000000000041,False,False,False,True
HAM,Mercedes,4,0 days 00:01:32.543000,0 days 00:00:30.351000,0 days 00:00:38.504000,0 days 00:00:23.688000,Soft,7,1,,,1,True,0 days 00:06:12.410000,92.543,30.351,38.504,23.688,372.41,387.323,9.4,58.0,947.3,False,18.2,187,2.7,False,True,True,FORMULA 1 ARAMCO GROSSER PREIS DER EIFEL 2020,Nürburgring,Germany,,,Permanent,,,0.3279664588353522,0.4160660449736879,0.2559674961909599,3,False,Eifel Grand Prix,eifel_grand_prix,2020,2020-10-11,92.78453333333333,15,Opening,4.39800000000001,False,False,False,True
VER,Red Bull Racing,4,0 days 00:01:32.525000,0 days 00:00:30.370000,0 days 00:00:38.328000,0 days 00:00:23.827000,Soft,7,1,,,1,True,0 days 00:06:13.819000,92.525,30.37,38.328,23.827,373.819,387.323,9.4,58.0,947.3,False,18.2,187,2.7,False,True,True,FORMULA 1 ARAMCO GROSSER PREIS DER EIFEL 2020,Nürburgring,Germany,,,Permanent,,,0.3282356119967576,0.41424479870305325,0.25751958930018914,3,False,Eifel Grand Prix,eifel_grand_prix,2020,2020-10-11,93.08953333333334,15,Opening,4.38600000000001,False,False,False,True
LEC,Ferrari,4,0 days 00:01:34.062000,0 days 00:00:30.986000,0 days 00:00:39.137000,0 days 00:00:23.939000,Soft,7,1,,,1,True,0 days 00:06:21.025000,94.062,30.986,39.137,23.939,381.025,387.323,9.4,58.0,947.3,False,18.2,187,2.7,False,True,True,FORMULA 1 ARAMCO GROSSER PREIS DER EIFEL 2020,Nürburgring,Germany,,,Permanent,,,0.32942102017818037,0.41607663030766945,0.25450234951415024,3,False,Eifel Grand Prix,eifel_grand_prix,2020,2020-10-11,94.83611111111111,9,Opening,3.3499999999999943,False,False,False,True
RIC,Renault,4,0 days 00:01:34.123000,0 days 00:00:30.824000,0 days 00:00:39.350000,0 days 00:00:23.949000,Soft,7,1,,,1,True,0 days 00:06:21.714000,94.123,30.824,39.35,23.949,381.714,387.323,9.4,58.0,947.3,False,18.2,187,2.7,False,True,True,FORMULA 1 ARAMCO GROSSER PREIS DER EIFEL 2020,Nürburgring,Germany,,,Permanent,,,0.3274863742124667,0.4180699722703271,0.2544436535172062,3,False,Eifel Grand Prix,eifel_grand_prix,2020,2020-10-11,95.15386666666667,15,Opening,4.5390000000000015,False,False,False,True
ALB,Red Bull Racing,4,0 days 00:01:34.331000,0 days 00:00:30.865000,0 days 00:00:39.262000,0 days 00:00:24.204000,Soft,7,1,,,1,True,0 days 00:06:23.006000,94.331,30.865,39.262,24.204,383.006,387.323,9.4,58.0,947.3,False,18.2,187,2.7,False,True,True,FORMULA 1 ARAMCO GROSSER PREIS DER EIFEL 2020,Nürburgring,Germany,,,Permanent,,,0.32719890598000656,0.4162152420731255,0.25658585194686795,3,False,Eifel Grand Prix,eifel_grand_prix,2020,2020-10-11,94.83133333333335,6,Opening,2.0010000000000048,False,False,False,True
NOR,McLaren,4,0 days 00:01:34.419000,0 days 00:00:31.125000,0 days 00:00:39.226000,0 days 00:00:24.068000,Soft,7,1,,,1,True,0 days 00:06:24.389000,94.419,31.125,39.226,24.068,384.389,387.323,9.4,58.0,947.3,False,18.2,187,2.7,False,True,True,FORMULA 1 ARAMCO GROSSER PREIS DER EIFEL 2020,Nürburgring,Germany,,,Permanent,,,0.32964763448034823,0.4154460436988318,0.25490632182081996,3,False,Eifel Grand Prix,eifel_grand_prix,2020,2020-10-11,94.42985714285714,28,Opening,2.090999999999994,False,False,False,True
PER,Racing Point,4,0 days 00:01:34.559000,0 days 00:00:30.950000,0 days 00:00:39.554000,0 days 00:00:24.055000,Soft,7,1,,,1,True,0 days 00:06:25.233000,94.559,30.95,39.554,24.055,385.233,387.323,9.4,58.0,947.3,False,18.2,187,2.7,False,True,True,FORMULA 1 ARAMCO GROSSER PREIS DER EIFEL 2020,Nürburgring,Germany,,,Permanent,,,0.3273088759398894,0.418299685910384,0.25439143814972665,3,False,Eifel Grand Prix,eifel_grand_prix,2020,2020-10-11,94.44792592592593,27,Opening,4.858999999999995,False,False,False,True
OCO,Renault,4,0 days 00:01:34.531000,0 days 00:00:30.893000,0 days 00:00:39.526000,0 days 00:00:24.112000,Soft,7,1,,,1,True,0 days 00:06:26.314000,94.531,30.893,39.526,24.112,386.314,387.323,9.4,58.0,947.3,False,18.2,187,2.7,False,True,True,FORMULA 1 ARAMCO GROSSER PREIS DER EIFEL 2020,Nürburgring,Germany,,,Permanent,,,0.3268028477430684,0.4181273867831717,0.2550697654737599,3,False,Eifel Grand Prix,eifel_grand_prix,2020,2020-10-11,95.66042857142857,21,Opening,1.342000000000013,False,False,False,True
SAI,McLaren,4,0 days 00:01:34.421000,0 days 00:00:30.967000,0 days 00:00:39.476000,0 days 00:00:23.978000,Soft,7,1,,,1,True,0 days 00:06:26.915000,94.421,30.967,39.476,23.978,386.915,387.323,9.4,58.0,947.3,False,18.2,187,2.7,False,True,True,FORMULA 1 ARAMCO GROSSER PREIS DER EIFEL 2020,Nürburgring,Germany,,,Permanent,,,0.32796729541097847,0.4180849599135785,0.25394774467544295,3,False,Eifel Grand Prix,eifel_grand_prix,2020,2020-10-11,94.70933333333333,27,Opening,4.292000000000002,False,False,False,True
GIO,Alfa Romeo Racing,4,0 days 00:01:34.460000,0 days 00:00:30.834000,0 days 00:00:39.366000,0 days 00:00:24.260000,Soft,4,1,,,1,True,0 days 00:06:28.831000,94.46,30.834,39.366,24.26,388.831,387.323,9.4,58.0,947.3,False,18.2,187,2.7,False,True,True,FORMULA 1 ARAMCO GROSSER PREIS DER EIFEL 2020,Nürburgring,Germany,,,Permanent,,,0.3264238831251324,0.4167478297692145,0.2568282871056532,3,False,Eifel Grand Prix,eifel_grand_prix,2020,2020-10-11,95.3155,14,Opening,3.5509999999999877,False,False,False,True
VET,Ferrari,4,0 days 00:01:34.475000,0 days 00:00:30.897000,0 days 00:00:39.394000,0 days 00:00:24.184000,Medium,4,1,,,1,True,0 days 00:06:29.882000,94.475,30.897,39.394,24.184,389.882,387.323,9.4,58.0,947.3,False,18.2,187,2.7,False,True,True,FORMULA 1 ARAMCO GROSSER PREIS DER EIFEL 2020,Nürburgring,Germany,,,Permanent,,,0.32703889917967716,0.41697803651759724,0.2559830643027256,3,False,Eifel Grand Prix,eifel_grand_prix,2020,2020-10-11,95.8391,10,Opening,4.066999999999993,False,False,False,True
MAG,Haas F1 Team,4,0 days 00:01:34.714000,0 days 00:00:30.898000,0 days 00:00:39.558000,0 days 00:00:24.258000,Soft,4,1,,,1,True,0 days 00:06:31.003000,94.714,30.898,39.558,24.258,391.003,387.323,9.4,58.0,947.3,False,18.2,187,2.7,False,True,True,FORMULA 1 ARAMCO GROSSER PREIS DER EIFEL 2020,Nürburgring,Germany,,,Permanent,,,0.3262242118377431,0.41765736849884916,0.2561184196634077,3,False,Eifel Grand Prix,eifel_grand_prix,2020,2020-10-11,95.43861538461539,13,Opening,4.257999999999996,False,False,False,True
GAS,AlphaTauri,4,0 days 00:01:34.495000,0 days 00:00:31.024000,0 days 00:00:39.478000,0 days 00:00:23.993000,Medium,4,1,,,1,True,0 days 00:06:31.932000,94.495,31.024,39.478,23.993,391.932,387.323,9.4,58.0,947.3,False,18.2,187,2.7,False,True,True,FORMULA 1 ARAMCO GROSSER PREIS DER EIFEL 2020,Nürburgring,Germany,,,Permanent,,,0.328313667389809,0.4177787184507117,0.2539076141594793,3,False,Eifel Grand Prix,eifel_grand_prix,2020,2020-10-11,95.14024137931034,29,Opening,4.385000000000005,False,False,False,True
KVY,AlphaTauri,4,0 days 00:01:34.794000,0 days 00:00:30.981000,0 days 00:00:39.716000,0 days 00:00:24.097000,Medium,4,1,,,1,True,0 days 00:06:32.792000,94.794,30.981,39.716,24.097,392.792,387.323,9.4,58.0,947.3,False,18.2,187,2.7,False,True,True,FORMULA 1 ARAMCO GROSSER PREIS DER EIFEL 2020,Nürburgring,Germany,,,Permanent,,,0.3268244825621875,0.41897166487330423,0.25420385256450834,3,False,Eifel Grand Prix,eifel_grand_prix,2020,2020-10-11,97.986625,16,Opening,2.5799999999999983,False,False,False,True
RUS,Williams,4,0 days 00:01:35.346000,0 days 00:00:31.455000,0 days 00:00:39.639000,0 days 00:00:24.252000,Soft,4,1,,,1,True,0 days 00:06:34.083000,95.346,31.455,39.639,24.252,394.083,387.323,9.4,58.0,947.3,False,18.2,187,2.7,False,True,True,FORMULA 1 ARAMCO GROSSER PREIS DER EIFEL 2020,Nürburgring,Germany,,,Permanent,,,0.3299037190862752,0.4157384683153987,0.25435781259832607,3,False,Eifel Grand Prix,eifel_grand_prix,2020,2020-10-11,95.7073,10,Opening,0.8200000000000074,False,False,False,True
HUL,Racing Point,4,0 days 00:01:35.372000,0 days 00:00:31.051000,0 days 00:00:40.208000,0 days 00:00:24.113000,Soft,4,1,,,1,True,0 days 00:06:34.876000,95.372,31.051,40.208,24.113,394.876,387.323,9.4,58.0,947.3,False,18.2,187,2.7,False,True,True,FORMULA 1 ARAMCO GROSSER PREIS DER EIFEL 2020,Nürburgring,Germany,,,Permanent,,,0.3255777377007927,0.42159124271274584,0.2528310195864614,3,False,Eifel Grand Prix,eifel_grand_prix,2020,2020-10-11,95.19917857142856,28,Opening,4.638999999999996,False,False,False,True
LAT,Williams,4,0 days 00:01:35.425000,0 days 00:00:31.334000,0 days 00:00:40.050000,0 days 00:00:24.041000,Soft,4,1,,,1,True,0 days 00:06:35.485000,95.425,31.334,40.05,24.041,395.485,387.323,9.4,58.0,947.3,False,18.2,187,2.7,False,True,True,FORMULA 1 ARAMCO GROSSER PREIS DER EIFEL 2020,Nürburgring,Germany,,,Permanent,,,0.3283625884202253,0.4197013361278491,0.2519360754519256,3,False,Eifel Grand Prix,eifel_grand_prix,2020,2020-10-11,95.5433076923077,13,Opening,4.048000000000002,False,False,False,True
RAI,Alfa Romeo Racing,4,0 days 00:01:35.305000,0 days 00:00:31.037000,0 days 00:00:40.156000,0 days 00:00:24.112000,Soft,4,1,,,1,True,0 days 00:06:36.243000,95.305,31.037,40.156,24.112,396.243,387.323,9.4,58.0,947.3,False,18.2,187,2.7,False,True,True,FORMULA 1 ARAMCO GROSSER PREIS DER EIFEL 2020,Nürburgring,Germany,,,Permanent,,,0.3256597240438592,0.42134200723991394,0.2529982687162268,3,False,Eifel Grand Prix,eifel_grand_prix,2020,2020-10-11,95.90533333333333,9,Opening,4.793000000000006,False,False,False,True
GRO,Haas F1 Team,4,0 days 00:01:35.525000,0 days 00:00:31.307000,0 days 00:00:39.804000,0 days 00:00:24.414000,Medium,4,1,,,1,True,0 days 00:06:37.149000,95.525,31.307,39.804,24.414,397.149,387.323,9.4,58.0,947.3,False,18.2,187,2.7,False,True,True,FORMULA 1 ARAMCO GROSSER PREIS DER EIFEL 2020,Nürburgring,Germany,,,Permanent,,,0.32773619471342574,0.41668673122219313,0.25557707406438107,3,False,Eifel Grand Prix,eifel_grand_prix,2020,2020-10-11,95.36396296296297,27,Opening,3.963000000000008,False,False,False,True
BOT,Mercedes,5,0 days 00:01:32.063000,0 days 00:00:30.279000,0 days 00:00:38.134000,0 days 00:00:23.650000,Soft,8,1,,,1,True,0 days 00:07:42.766000,92.063,30.279,38.134,23.65,462.766,447.341,9.3,58.4,947.5,False,17.7,80,2.4,False,True,True,FORMULA 1 ARAMCO GROSSER PREIS DER EIFEL 2020,Nürburgring,Germany,,,Permanent,,,0.3288943440904598,0.41421635184601846,0.2568893040635217,3,False,Eifel Grand Prix,eifel_grand_prix,2020,2020-10-11,92.72000000000001,12,Opening,0.17900000000000205,False,False,False,True
HAM,Mercedes,5,0 days 00:01:32.153000,0 days 00:00:30.138000,0 days 00:00:38.414000,0 days 00:00:23.601000,Soft,8,1,,,1,True,0 days 00:07:44.563000,92.153,30.138,38.414,23.601,464.563,447.341,9.3,58.4,947.5,False,17.7,80,2.4,False,True,True,FORMULA 1 ARAMCO GROSSER PREIS DER EIFEL 2020,Nürburgring,Germany,,,Permanent,,,0.3270430696776014,0.4168502381908348,0.2561066921315638,3,False,Eifel Grand Prix,eifel_grand_prix,2020,2020-10-11,92.78453333333333,15,Opening,4.00800000000001,False,False,False,True
VER,Red Bull Racing,5,0 days 00:01:32.335000,0 days 00:00:30.184000,0 days 00:00:38.476000,0 days 00:00:23.675000,Soft,8,1,,,1,True,0 days 00:07:46.154000,92.335,30.184,38.476,23.675,466.154,447.341,9.3,58.4,947.5,False,17.7,80,2.4,False,True,True,FORMULA 1 ARAMCO GROSSER PREIS DER EIFEL 2020,Nürburgring,Germany,,,Permanent,,,0.3268966264146857,0.4167000595657118,0.25640331401960254,3,False,Eifel Grand Prix,eifel_grand_prix,2020,2020-10-11,93.08953333333334,15,Opening,4.195999999999998,False,False,False,True
LEC,Ferrari,5,0 days 00:01:34.072000,0 days 00:00:30.854000,0 days 00:00:39.193000,0 days 00:00:24.025000,Soft,8,1,,,1,True,0 days 00:07:55.097000,94.072,30.854,39.193,24.025,475.097,447.341,9.3,58.4,947.5,False,17.7,80,2.4,False,True,True,FORMULA 1 ARAMCO GROSSER PREIS DER EIFEL 2020,Nürburgring,Germany,,,Permanent,,,0.32798282166850923,0.4166276894293732,0.2553894889021175,3,False,Eifel Grand Prix,eifel_grand_prix,2020,2020-10-11,94.83611111111111,9,Opening,3.3599999999999994,False,False,False,True
RIC,Renault,5,0 days 00:01:33.912000,0 days 00:00:30.612000,0 days 00:00:39.451000,0 days 00:00:23.849000,Soft,8,1,,,1,True,0 days 00:07:55.626000,93.912,30.612,39.451,23.849,475.626,447.341,9.3,58.4,947.5,False,17.7,80,2.4,False,True,True,FORMULA 1 ARAMCO GROSSER PREIS DER EIFEL 2020,Nürburgring,Germany,,,Permanent,,,0.3259647329414771,0.42008476020103924,0.2539505068574836,3,False,Eifel Grand Prix,eifel_grand_prix,2020,2020-10-11,95.15386666666667,15,Opening,4.328000000000003,False,False,False,True
ALB,Red Bull Racing,5,0 days 00:01:34.194000,0 days 00:00:30.679000,0 days 00:00:39.329000,0 days 00:00:24.186000,Soft,8,1,,,1,True,0 days 00:07:57.200000,94.194,30.679,39.329,24.186,477.2,447.341,9.3,58.4,947.5,False,17.7,80,2.4,False,True,True,FORMULA 1 ARAMCO GROSSER PREIS DER EIFEL 2020,Nürburgring,Germany,,,Permanent,,,0.32570015075270187,0.4175319022443043,0.2567679470029938,3,False,Eifel Grand Prix,eifel_grand_prix,2020,2020-10-11,94.83133333333335,6,Opening,1.8640000000000043,False,False,False,True
NOR,McLaren,5,0 days 00:01:33.941000,0 days 00:00:30.991000,0 days 00:00:39.050000,0 days 00:00:23.900000,Soft,8,1,,,1,True,0 days 00:07:58.330000,93.941,30.991,39.05,23.9,478.33,507.355,9.4,58.5,947.4,False,17.6,49,1.3,False,True,True,FORMULA 1 ARAMCO GROSSER PREIS DER EIFEL 2020,Nürburgring,Germany,,,Permanent,,,0.3298985533473137,0.4156864414898713,0.25441500516281496,3,False,Eifel Grand Prix,eifel_grand_prix,2020,2020-10-11,94.42985714285714,28,Opening,1.6129999999999995,False,False,False,True
PER,Racing Point,5,0 days 00:01:33.973000,0 days 00:00:30.827000,0 days 00:00:39.114000,0 days 00:00:24.032000,Soft,8,1,,,1,True,0 days 00:07:59.206000,93.973,30.827,39.114,24.032,479.206,507.355,9.4,58.5,947.4,False,17.6,49,1.3,False,True,True,FORMULA 1 ARAMCO GROSSER PREIS DER EIFEL 2020,Nürburgring,Germany,,,Permanent,,,0.3280410330626882,0.4162259372372915,0.2557330297000202,3,False,Eifel Grand Prix,eifel_grand_prix,2020,2020-10-11,94.44792592592593,27,Opening,4.272999999999996,False,False,False,True
OCO,Renault,5,0 days 00:01:34.339000,0 days 00:00:30.813000,0 days 00:00:39.448000,0 days 00:00:24.078000,Soft,8,1,,,1,True,0 days 00:08:00.653000,94.339,30.813,39.448,24.078,480.653,507.355,9.4,58.5,947.4,False,17.6,49,1.3,False,True,True,FORMULA 1 ARAMCO GROSSER PREIS DER EIFEL 2020,Nürburgring,Germany,,,Permanent,,,0.32661995569170754,0.41815155980029467,0.25522848450799773,3,False,Eifel Grand Prix,eifel_grand_prix,2020,2020-10-11,95.66042857142857,21,Opening,1.1500000000000057,False,False,False,True
SAI,McLaren,5,0 days 00:01:34.438000,0 days 00:00:31.019000,0 days 00:00:39.558000,0 days 00:00:23.861000,Soft,8,1,,,1,True,0 days 00:08:01.353000,94.438,31.019,39.558,23.861,481.353,507.355,9.4,58.5,947.4,False,17.6,49,1.3,False,True,True,FORMULA 1 ARAMCO GROSSER PREIS DER EIFEL 2020,Nürburgring,Germany,,,Permanent,,,0.32845888307672755,0.41887799402782777,0.2526631228954446,3,False,Eifel Grand Prix,eifel_grand_prix,2020,2020-10-11,94.70933333333333,27,Opening,4.3089999999999975,False,False,False,True
GIO,Alfa Romeo Racing,5,0 days 00:01:34.619000,0 days 00:00:30.834000,0 days 00:00:39.596000,0 days 00:00:24.189000,Soft,5,1,,,1,True,0 days 00:08:03.450000,94.619,30.834,39.596,24.189,483.45,507.355,9.4,58.5,947.4,False,17.6,49,1.3,False,True,True,FORMULA 1 ARAMCO GROSSER PREIS DER EIFEL 2020,Nürburgring,Germany,,,Permanent,,,0.3258753527304241,0.4184783183081622,0.25564632896141365,3,False,Eifel Grand Prix,eifel_grand_prix,2020,2020-10-11,95.3155,14,Opening,3.7099999999999937,False,False,False,True
VET,Ferrari,5,0 days 00:01:34.130000,0 days 00:00:30.803000,0 days 00:00:39.330000,0 days 00:00:23.997000,Medium,5,1,,,1,True,0 days 00:08:04.012000,94.13,30.803,39.33,23.997,484.012,507.355,9.4,58.5,947.4,False,17.6,49,1.3,False,True,True,FORMULA 1 ARAMCO GROSSER PREIS DER EIFEL 2020,Nürburgring,Germany,,,Permanent,,,0.32723892489110806,0.41782641028365025,0.2549346648252417,3,False,Eifel Grand Prix,eifel_grand_prix,2020,2020-10-11,95.8391,10,Opening,3.721999999999994,False,False,False,True
MAG,Haas F1 Team,5,0 days 00:01:34.413000,0 days 00:00:30.799000,0 days 00:00:39.331000,0 days 00:00:24.283000,Soft,5,1,,,1,True,0 days 00:08:05.416000,94.413,30.799,39.331,24.283,485.416,507.355,9.4,58.5,947.4,False,17.6,49,1.3,False,True,True,FORMULA 1 ARAMCO GROSSER PREIS DER EIFEL 2020,Nürburgring,Germany,,,Permanent,,,0.3262156694523,0.41658458051327685,0.25719975003442325,3,False,Eifel Grand Prix,eifel_grand_prix,2020,2020-10-11,95.43861538461539,13,Opening,3.9569999999999936,False,False,False,True
GAS,AlphaTauri,5,0 days 00:01:34.167000,0 days 00:00:30.961000,0 days 00:00:39.289000,0 days 00:00:23.917000,Medium,5,1,,,1,True,0 days 00:08:06.099000,94.167,30.961,39.289,23.917,486.099,507.355,9.4,58.5,947.4,False,17.6,49,1.3,False,True,True,FORMULA 1 ARAMCO GROSSER PREIS DER EIFEL 2020,Nürburgring,Germany,,,Permanent,,,0.328788216678879,0.4172268416748967,0.25398494164622426,3,False,Eifel Grand Prix,eifel_grand_prix,2020,2020-10-11,95.14024137931034,29,Opening,4.057000000000002,False,False,False,True
KVY,AlphaTauri,5,0 days 00:01:34.246000,0 days 00:00:30.729000,0 days 00:00:39.565000,0 days 00:00:23.952000,Medium,5,1,,,1,True,0 days 00:08:07.038000,94.246,30.729,39.565,23.952,487.038,507.355,9.4,58.5,947.4,False,17.6,49,1.3,False,True,True,FORMULA 1 ARAMCO GROSSER PREIS DER EIFEL 2020,Nürburgring,Germany,,,Permanent,,,0.3260509729855909,0.4198056150924177,0.2541434119219914,3,False,Eifel Grand Prix,eifel_grand_prix,2020,2020-10-11,97.986625,16,Opening,2.0319999999999965,False,False,False,True
RUS,Williams,5,0 days 00:01:34.710000,0 days 00:00:31.208000,0 days 00:00:39.345000,0 days 00:00:24.157000,Soft,5,1,,,1,True,0 days 00:08:08.793000,94.71,31.208,39.345,24.157,488.793,507.355,9.4,58.5,947.4,False,17.6,49,1.3,False,True,True,FORMULA 1 ARAMCO GROSSER PREIS DER EIFEL 2020,Nürburgring,Germany,,,Permanent,,,0.32951113926723685,0.4154260373772569,0.2550628233555063,3,False,Eifel Grand Prix,eifel_grand_prix,2020,2020-10-11,95.7073,10,Opening,0.1839999999999975,False,False,False,True
HUL,Racing Point,5,0 days 00:01:34.850000,0 days 00:00:31.020000,0 days 00:00:39.778000,0 days 00:00:24.052000,Soft,5,1,,,1,True,0 days 00:08:09.726000,94.85,31.02,39.778,24.052,489.726,507.355,9.4,58.5,947.4,False,17.6,49,1.3,False,True,True,FORMULA 1 ARAMCO GROSSER PREIS DER EIFEL 2020,Nürburgring,Germany,,,Permanent,,,0.3270426989984186,0.4193779652082235,0.25357933579335795,3,False,Eifel Grand Prix,eifel_grand_prix,2020,2020-10-11,95.19917857142856,28,Opening,4.11699999999999,False,False,False,True
LAT,Williams,5,0 days 00:01:35.146000,0 days 00:00:31.146000,0 days 00:00:39.750000,0 days 00:00:24.250000,Soft,5,1,,,1,True,0 days 00:08:10.631000,95.146,31.146,39.75,24.25,490.631,507.355,9.4,58.5,947.4,False,17.6,49,1.3,False,True,True,FORMULA 1 ARAMCO GROSSER PREIS DER EIFEL 2020,Nürburgring,Germany,,,Permanent,,,0.32734954701196056,0.4177789922855401,0.25487146070249933,3,False,Eifel Grand Prix,eifel_grand_prix,2020,2020-10-11,95.5433076923077,13,Opening,3.7690000000000055,False,False,False,True
RAI,Alfa Romeo Racing,5,0 days 00:01:34.833000,0 days 00:00:31.074000,0 days 00:00:39.867000,0 days 00:00:23.892000,Soft,5,1,,,1,True,0 days 00:08:11.076000,94.833,31.074,39.867,23.892,491.076,507.355,9.4,58.5,947.4,False,17.6,49,1.3,False,True,True,FORMULA 1 ARAMCO GROSSER PREIS DER EIFEL 2020,Nürburgring,Germany,,,Permanent,,,0.3276707475245959,0.420391635822973,0.25193761665243114,3,False,Eifel Grand Prix,eifel_grand_prix,2020,2020-10-11,95.90533333333333,9,Opening,4.320999999999998,False,False,False,True
GRO,Haas F1 Team,5,0 days 00:01:34.634000,0 days 00:00:31.044000,0 days 00:00:39.517000,0 days 00:00:24.073000,Medium,5,1,,,1,True,0 days 00:08:11.783000,94.634,31.044,39.517,24.073,491.783,507.355,9.4,58.5,947.4,False,17.6,49,1.3,False,True,True,FORMULA 1 ARAMCO GROSSER PREIS DER EIFEL 2020,Nürburgring,Germany,,,Permanent,,,0.3280427753238794,0.4175771921296786,0.2543800325464421,3,False,Eifel Grand Prix,eifel_grand_prix,2020,2020-10-11,95.36396296296297,27,Opening,3.0720000000000027,False,False,False,True
BOT,Mercedes,6,0 days 00:01:31.980000,0 days 00:00:30.039000,0 days 00:00:38.297000,0 days 00:00:23.644000,Soft,9,1,,,1,True,0 days 00:09:14.746000,91.98,30.039,38.297,23.644,554.746,567.383,9.3,58.9,947.4,False,17.4,103,1.9,False,True,True,FORMULA 1 ARAMCO GROSSER PREIS DER EIFEL 2020,Nürburgring,Germany,,,Permanent,,,0.32658186562296154,0.4163622526636225,0.2570558817134159,3,False,Eifel Grand Prix,eifel_grand_prix,2020,2020-10-11,92.72000000000001,12,Opening,0.09600000000000364,False,False,False,True
HAM,Mercedes,6,0 days 00:01:31.951000,0 days 00:00:29.999000,0 days 00:00:38.337000,0 days 00:00:23.615000,Soft,9,1,,,1,True,0 days 00:09:16.514000,91.951,29.999,38.337,23.615,556.514,567.383,9.3,58.9,947.4,False,17.4,103,1.9,False,True,True,FORMULA 1 ARAMCO GROSSER PREIS DER EIFEL 2020,Nürburgring,Germany,,,Permanent,,,0.32624985046383403,0.41692858152711776,0.2568215680090483,3,False,Eifel Grand Prix,eifel_grand_prix,2020,2020-10-11,92.78453333333333,15,Opening,3.8059999999999974,False,False,False,True
VER,Red Bull Racing,6,0 days 00:01:32.108000,0 days 00:00:29.965000,0 days 00:00:38.431000,0 days 00:00:23.712000,Soft,9,1,,,1,True,0 days 00:09:18.262000,92.108,29.965,38.431,23.712,558.262,567.383,9.3,58.9,947.4,False,17.4,103,1.9,False,True,True,FORMULA 1 ARAMCO GROSSER PREIS DER EIFEL 2020,Nürburgring,Germany,,,Permanent,,,0.32532461892560904,0.4172384592000694,0.25743692187432143,3,False,Eifel Grand Prix,eifel_grand_prix,2020,2020-10-11,93.08953333333334,15,Opening,3.9690000000000083,False,False,False,True
LEC,Ferrari,6,0 days 00:01:34.520000,0 days 00:00:31.217000,0 days 00:00:39.210000,0 days 00:00:24.093000,Soft,9,1,,,1,True,0 days 00:09:29.617000,94.52,31.217,39.21,24.093,569.617,567.383,9.3,58.9,947.4,False,17.4,103,1.9,False,True,True,FORMULA 1 ARAMCO GROSSER PREIS DER EIFEL 2020,Nürburgring,Germany,,,Permanent,,,0.3302687261955142,0.4148328396106644,0.2548984341938214,3,False,Eifel Grand Prix,eifel_grand_prix,2020,2020-10-11,94.83611111111111,9,Opening,3.8079999999999927,False,False,False,True
RIC,Renault,6,0 days 00:01:34.611000,0 days 00:00:30.894000,0 days 00:00:39.676000,0 days 00:00:24.041000,Soft,9,1,,,1,True,0 days 00:09:30.237000,94.611,30.894,39.676,24.041,570.237,567.383,9.3,58.9,947.4,False,17.4,103,1.9,False,True,True,FORMULA 1 ARAMCO GROSSER PREIS DER EIFEL 2020,Nürburgring,Germany,,,Permanent,,,0.3265370834258173,0.4193592711206942,0.2541036454534885,3,False,Eifel Grand Prix,eifel_grand_prix,2020,2020-10-11,95.15386666666667,15,Opening,5.027000000000001,False,False,False,True
ALB,Red Bull Racing,6,0 days 00:01:34.119000,0 days 00:00:30.640000,0 days 00:00:39.288000,0 days 00:00:24.191000,Soft,9,1,,,1,True,0 days 00:09:31.319000,94.119,30.64,39.288,24.191,571.319,567.383,9.3,58.9,947.4,False,17.4,103,1.9,False,True,True,FORMULA 1 ARAMCO GROSSER PREIS DER EIFEL 2020,Nürburgring,Germany,,,Permanent,,,0.3255453202860209,0.4174289994581328,0.2570256802558463,3,False,Eifel Grand Prix,eifel_grand_prix,2020,2020-10-11,94.83133333333335,6,Opening,1.7890000000000015,False,False,False,True
NOR,McLaren,6,0 days 00:01:34.028000,0 days 00:00:31,0 days 00:00:39.117000,0 days 00:00:23.911000,Soft,9,1,,,1,True,0 days 00:09:32.358000,94.028,31.0,39.117,23.911,572.358,567.383,9.3,58.9,947.4,False,17.4,103,1.9,False,True,True,FORMULA 1 ARAMCO GROSSER PREIS DER EIFEL 2020,Nürburgring,Germany,,,Permanent,,,0.3296890287999319,0.4160143786957076,0.2542965925043604,3,False,Eifel Grand Prix,eifel_grand_prix,2020,2020-10-11,94.42985714285714,28,Opening,1.7000000000000028,False,False,False,True
PER,Racing Point,6,0 days 00:01:34.565000,0 days 00:00:30.885000,0 days 00:00:39.504000,0 days 00:00:24.176000,Soft,9,1,,,1,True,0 days 00:09:33.771000,94.565,30.885,39.504,24.176,573.771,567.383,9.3,58.9,947.4,False,17.4,103,1.9,False,True,True,FORMULA 1 ARAMCO GROSSER PREIS DER EIFEL 2020,Nürburgring,Germany,,,Permanent,,,0.3266007508063237,0.41774440860783585,0.2556548405858404,3,False,Eifel Grand Prix,eifel_grand_prix,2020,2020-10-11,94.44792592592593,27,Opening,4.864999999999995,False,False,False,True
OCO,Renault,6,0 days 00:01:34.363000,0 days 00:00:30.685000,0 days 00:00:39.671000,0 days 00:00:24.007000,Soft,9,1,,,1,True,0 days 00:09:35.016000,94.363,30.685,39.671,24.007,575.016,567.383,9.3,58.9,947.4,False,17.4,103,1.9,False,True,True,FORMULA 1 ARAMCO GROSSER PREIS DER EIFEL 2020,Nürburgring,Germany,,,Permanent,,,0.3251804202918517,0.4204084227928319,0.2544111569153164,3,False,Eifel Grand Prix,eifel_grand_prix,2020,2020-10-11,95.66042857142857,21,Opening,1.1740000000000066,False,False,False,True
SAI,McLaren,6,0 days 00:01:34.479000,0 days 00:00:31.013000,0 days 00:00:39.340000,0 days 00:00:24.126000,Soft,9,1,,,1,True,0 days 00:09:35.832000,94.479,31.013,39.34,24.126,575.832,567.383,9.3,58.9,947.4,False,17.4,103,1.9,False,True,True,FORMULA 1 ARAMCO GROSSER PREIS DER EIFEL 2020,Nürburgring,Germany,,,Permanent,,,0.32825283925528426,0.4163888271467734,0.2553583335979424,3,False,Eifel Grand Prix,eifel_grand_prix,2020,2020-10-11,94.70933333333333,27,Opening,4.349999999999994,False,False,False,True
GIO,Alfa Romeo Racing,6,0 days 00:01:34.576000,0 days 00:00:30.892000,0 days 00:00:39.447000,0 days 00:00:24.237000,Soft,6,1,,,1,True,0 days 00:09:38.026000,94.576,30.892,39.447,24.237,578.026,567.383,9.3,58.9,947.4,False,17.4,103,1.9,False,True,True,FORMULA 1 ARAMCO GROSSER PREIS DER EIFEL 2020,Nürburgring,Germany,,,Permanent,,,0.3266367788868212,0.41709313144983934,0.25627008966333953,3,False,Eifel Grand Prix,eifel_grand_prix,2020,2020-10-11,95.3155,14,Opening,3.6669999999999874,False,False,False,True
VET,Ferrari,6,0 days 00:01:34.674000,0 days 00:00:30.960000,0 days 00:00:39.560000,0 days 00:00:24.154000,Medium,6,1,,,1,True,0 days 00:09:38.686000,94.674,30.96,39.56,24.154,578.686,567.383,9.3,58.9,947.4,False,17.4,103,1.9,False,True,True,FORMULA 1 ARAMCO GROSSER PREIS DER EIFEL 2020,Nürburgring,Germany,,,Permanent,,,0.32701692122441217,0.41785495489786,0.25512812387772776,3,False,Eifel Grand Prix,eifel_grand_prix,2020,2020-10-11,95.8391,10,Opening,4.266000000000005,False,False,False,True
MAG,Haas F1 Team,6,0 days 00:01:34.658000,0 days 00:00:30.927000,0 days 00:00:39.335000,0 days 00:00:24.396000,Soft,6,1,,,1,True,0 days 00:09:40.074000,94.658,30.927,39.335,24.396,580.074,567.383,9.3,58.9,947.4,False,17.4,103,1.9,False,True,True,FORMULA 1 ARAMCO GROSSER PREIS DER EIFEL 2020,Nürburgring,Germany,,,Permanent,,,0.32672357328487817,0.41554860656257264,0.2577278201525492,3,False,Eifel Grand Prix,eifel_grand_prix,2020,2020-10-11,95.43861538461539,13,Opening,4.201999999999998,False,False,False,True
GAS,AlphaTauri,6,0 days 00:01:34.393000,0 days 00:00:31.007000,0 days 00:00:39.372000,0 days 00:00:24.014000,Medium,6,1,,,1,True,0 days 00:09:40.492000,94.393,31.007,39.372,24.014,580.492,567.383,9.3,58.9,947.4,False,17.4,103,1.9,False,True,True,FORMULA 1 ARAMCO GROSSER PREIS DER EIFEL 2020,Nürburgring,Germany,,,Permanent,,,0.32848834129649446,0.41710720074581803,0.2544044579576875,3,False,Eifel Grand Prix,eifel_grand_prix,2020,2020-10-11,95.14024137931034,29,Opening,4.283000000000001,False,False,False,True
KVY,AlphaTauri,6,0 days 00:01:34.812000,0 days 00:00:30.983000,0 days 00:00:39.632000,0 days 00:00:24.197000,Medium,6,1,,,1,True,0 days 00:09:41.850000,94.812,30.983,39.632,24.197,581.85,567.383,9.3,58.9,947.4,False,17.4,103,1.9,False,True,True,FORMULA 1 ARAMCO GROSSER PREIS DER EIFEL 2020,Nürburgring,Germany,,,Permanent,,,0.3267835295110324,0.41800615955786186,0.25521031093110574,3,False,Eifel Grand Prix,eifel_grand_prix,2020,2020-10-11,97.986625,16,Opening,2.597999999999999,False,False,False,True
RUS,Williams,6,0 days 00:01:34.526000,0 days 00:00:30.976000,0 days 00:00:39.342000,0 days 00:00:24.208000,Soft,6,1,,,1,True,0 days 00:09:43.319000,94.526,30.976,39.342,24.208,583.319,567.383,9.3,58.9,947.4,False,17.4,103,1.9,False,True,True,FORMULA 1 ARAMCO GROSSER PREIS DER EIFEL 2020,Nürburgring,Germany,,,Permanent,,,0.32769819943719186,0.4162029494530605,0.25609885110974756,3,False,Eifel Grand Prix,eifel_grand_prix,2020,2020-10-11,95.7073,10,Opening,0.0,False,False,False,True
HUL,Racing Point,6,0 days 00:01:34.436000,0 days 00:00:30.817000,0 days 00:00:39.468000,0 days 00:00:24.151000,Soft,6,1,,,1,True,0 days 00:09:44.162000,94.436,30.817,39.468,24.151,584.162,567.383,9.3,58.9,947.4,False,17.4,103,1.9,False,True,True,FORMULA 1 ARAMCO GROSSER PREIS DER EIFEL 2020,Nürburgring,Germany,,,Permanent,,,0.32632682451607437,0.41793383879029183,0.25573933669363375,3,False,Eifel Grand Prix,eifel_grand_prix,2020,2020-10-11,95.19917857142856,28,Opening,3.703000000000003,False,False,False,True
LAT,Williams,6,0 days 00:01:34.955000,0 days 00:00:30.928000,0 days 00:00:39.625000,0 days 00:00:24.402000,Soft,6,1,,,1,True,0 days 00:09:45.586000,94.955,30.928,39.625,24.402,585.586,567.383,9.3,58.9,947.4,False,17.4,103,1.9,False,True,True,FORMULA 1 ARAMCO GROSSER PREIS DER EIFEL 2020,Nürburgring,Germany,,,Permanent,,,0.32571217945342534,0.4173029329682481,0.2569848875783266,3,False,Eifel Grand Prix,eifel_grand_prix,2020,2020-10-11,95.5433076923077,13,Opening,3.578000000000003,False,False,False,True
RAI,Alfa Romeo Racing,6,0 days 00:01:35.194000,0 days 00:00:31.156000,0 days 00:00:39.721000,0 days 00:00:24.317000,Soft,6,1,,,1,True,0 days 00:09:46.270000,95.194,31.156,39.721,24.317,586.27,567.383,9.3,58.9,947.4,False,17.4,103,1.9,False,True,True,FORMULA 1 ARAMCO GROSSER PREIS DER EIFEL 2020,Nürburgring,Germany,,,Permanent,,,0.3272895350547303,0.4172636930899006,0.255446771855369,3,False,Eifel Grand Prix,eifel_grand_prix,2020,2020-10-11,95.90533333333333,9,Opening,4.682000000000002,False,False,False,True
GRO,Haas F1 Team,6,0 days 00:01:34.942000,0 days 00:00:31.204000,0 days 00:00:39.532000,0 days 00:00:24.206000,Medium,6,1,,,1,True,0 days 00:09:46.725000,94.942,31.204,39.532,24.206,586.725,567.383,9.3,58.9,947.4,False,17.4,103,1.9,False,True,True,FORMULA 1 ARAMCO GROSSER PREIS DER EIFEL 2020,Nürburgring,Germany,,,Permanent,,,0.3286638158033326,0.41638052705862527,0.2549556571380422,3,False,Eifel Grand Prix,eifel_grand_prix,2020,2020-10-11,95.36396296296297,27,Opening,3.3799999999999955,False,False,False,True
BOT,Mercedes,7,0 days 00:01:32.019000,0 days 00:00:30.269000,0 days 00:00:38.186000,0 days 00:00:23.564000,Soft,10,1,,,1,True,0 days 00:10:46.765000,92.019,30.269,38.186,23.564,646.765,627.373,9.3,58.4,947.4,False,17.2,16,1.9,False,True,True,FORMULA 1 ARAMCO GROSSER PREIS DER EIFEL 2020,Nürburgring,Germany,,,Permanent,,,0.3289429356980623,0.41497951510014236,0.25607754920179526,3,False,Eifel Grand Prix,eifel_grand_prix,2020,2020-10-11,92.72000000000001,12,Opening,0.13500000000000512,False,False,False,True
HAM,Mercedes,7,0 days 00:01:32.101000,0 days 00:00:30.069000,0 days 00:00:38.244000,0 days 00:00:23.788000,Soft,10,1,,,1,True,0 days 00:10:48.615000,92.101,30.069,38.244,23.788,648.615,627.373,9.3,58.4,947.4,False,17.2,16,1.9,False,True,True,FORMULA 1 ARAMCO GROSSER PREIS DER EIFEL 2020,Nürburgring,Germany,,,Permanent,,,0.3264785398638451,0.4152397910989023,0.2582816690372526,3,False,Eifel Grand Prix,eifel_grand_prix,2020,2020-10-11,92.78453333333333,15,Opening,3.956000000000003,False,False,False,True
VER,Red Bull Racing,7,0 days 00:01:31.938000,0 days 00:00:29.963000,0 days 00:00:38.316000,0 days 00:00:23.659000,Soft,10,1,,,1,True,0 days 00:10:50.200000,91.938,29.963,38.316,23.659,650.2,627.373,9.3,58.4,947.4,False,17.2,16,1.9,False,True,True,FORMULA 1 ARAMCO GROSSER PREIS DER EIFEL 2020,Nürburgring,Germany,,,Permanent,,,0.32590441384411234,0.41675912027670825,0.2573364658791794,3,False,Eifel Grand Prix,eifel_grand_prix,2020,2020-10-11,93.08953333333334,15,Opening,3.7990000000000066,False,False,False,True
LEC,Ferrari,7,0 days 00:01:33.989000,0 days 00:00:30.769000,0 days 00:00:39.063000,0 days 00:00:24.157000,Soft,10,1,,,1,True,0 days 00:11:03.606000,93.989,30.769,39.063,24.157,663.606,687.397,9.5,58.7,947.4,False,17.1,162,1.8,False,True,True,FORMULA 1 ARAMCO GROSSER PREIS DER EIFEL 2020,Nürburgring,Germany,,,Permanent,,,0.32736809626658436,0.4156124652884912,0.2570194384449244,3,False,Eifel Grand Prix,eifel_grand_prix,2020,2020-10-11,94.83611111111111,9,Opening,3.277000000000001,False,False,False,True
RIC,Renault,7,0 days 00:01:33.956000,0 days 00:00:30.743000,0 days 00:00:39.342000,0 days 00:00:23.871000,Soft,10,1,,,1,True,0 days 00:11:04.193000,93.956,30.743,39.342,23.871,664.193,687.397,9.5,58.7,947.4,False,17.1,162,1.8,False,True,True,FORMULA 1 ARAMCO GROSSER PREIS DER EIFEL 2020,Nürburgring,Germany,,,Permanent,,,0.3272063519094044,0.41872791519434627,0.2540657328962493,3,False,Eifel Grand Prix,eifel_grand_prix,2020,2020-10-11,95.15386666666667,15,Opening,4.372,False,False,False,True
NOR,McLaren,7,0 days 00:01:34.072000,0 days 00:00:30.842000,0 days 00:00:39.385000,0 days 00:00:23.845000,Soft,10,1,,,1,True,0 days 00:11:06.430000,94.072,30.842,39.385,23.845,666.43,687.397,9.5,58.7,947.4,False,17.1,162,1.8,False,True,True,FORMULA 1 ARAMCO GROSSER PREIS DER EIFEL 2020,Nürburgring,Germany,,,Permanent,,,0.32785525980100344,0.41866867930946505,0.2534760608895314,3,False,Eifel Grand Prix,eifel_grand_prix,2020,2020-10-11,94.42985714285714,28,Opening,1.7439999999999998,False,False,False,True
PER,Racing Point,7,0 days 00:01:33.606000,0 days 00:00:30.635000,0 days 00:00:39.128000,0 days 00:00:23.843000,Soft,10,1,,,1,True,0 days 00:11:07.377000,93.606,30.635,39.128,23.843,667.377,687.397,9.5,58.7,947.4,False,17.1,162,1.8,False,True,True,FORMULA 1 ARAMCO GROSSER PREIS DER EIFEL 2020,Nürburgring,Germany,,,Permanent,,,0.32727602931436023,0.4180073926885029,0.25471657799713693,3,False,Eifel Grand Prix,eifel_grand_prix,2020,2020-10-11,94.44792592592593,27,Opening,3.9059999999999917,False,False,False,True
ALB,Red Bull Racing,7,0 days 00:01:37.230000,0 days 00:00:30.462000,0 days 00:00:39.517000,0 days 00:00:27.251000,Soft,10,1,0 days 00:11:06.628000,,1,False,0 days 00:11:08.549000,97.23,30.462,39.517,27.251,668.549,687.397,9.5,58.7,947.4,False,17.1,162,1.8,False,True,True,FORMULA 1 ARAMCO GROSSER PREIS DER EIFEL 2020,Nürburgring,Germany,,,Permanent,7.0,,0.31329836470225236,0.4064280571839967,0.2802735781137509,3,False,Eifel Grand Prix,eifel_grand_prix,2020,2020-10-11,94.83133333333335,6,Opening,4.900000000000006,False,False,False,True
OCO,Renault,7,0 days 00:01:34.191000,0 days 00:00:30.810000,0 days 00:00:39.478000,0 days 00:00:23.903000,Soft,10,1,,,1,True,0 days 00:11:09.207000,94.191,30.81,39.478,23.903,669.207,687.397,9.5,58.7,947.4,False,17.1,162,1.8,False,True,True,FORMULA 1 ARAMCO GROSSER PREIS DER EIFEL 2020,Nürburgring,Germany,,,Permanent,,,0.32710131541230053,0.4191270928220318,0.2537715917656676,3,False,Eifel Grand Prix,eifel_grand_prix,2020,2020-10-11,95.66042857142857,21,Opening,1.0020000000000095,False,False,False,True
SAI,McLaren,7,0 days 00:01:34.853000,0 days 00:00:30.935000,0 days 00:00:39.303000,0 days 00:00:24.615000,Soft,10,1,,,1,True,0 days 00:11:10.685000,94.853,30.935,39.303,24.615,670.685,687.397,9.5,58.7,947.4,False,17.1,162,1.8,False,True,True,FORMULA 1 ARAMCO GROSSER PREIS DER EIFEL 2020,Nürburgring,Germany,,,Permanent,,,0.32613623185349966,0.4143569523367737,0.2595068158097266,3,False,Eifel Grand Prix,eifel_grand_prix,2020,2020-10-11,94.70933333333333,27,Opening,4.7239999999999895,False,False,False,True
GIO,Alfa Romeo Racing,7,0 days 00:01:34.664000,0 days 00:00:30.952000,0 days 00:00:39.369000,0 days 00:00:24.343000,Soft,7,1,,,1,True,0 days 00:11:12.690000,94.664,30.952,39.369,24.343,672.69,687.397,9.5,58.7,947.4,False,17.1,162,1.8,False,True,True,FORMULA 1 ARAMCO GROSSER PREIS DER EIFEL 2020,Nürburgring,Germany,,,Permanent,,,0.32696695681568494,0.4158814332798107,0.25715160990450436,3,False,Eifel Grand Prix,eifel_grand_prix,2020,2020-10-11,95.3155,14,Opening,3.7549999999999955,False,False,False,True
VET,Ferrari,7,0 days 00:01:34.556000,0 days 00:00:30.965000,0 days 00:00:39.339000,0 days 00:00:24.252000,Medium,7,1,,,1,True,0 days 00:11:13.242000,94.556,30.965,39.339,24.252,673.242,687.397,9.5,58.7,947.4,False,17.1,162,1.8,False,True,True,FORMULA 1 ARAMCO GROSSER PREIS DER EIFEL 2020,Nürburgring,Germany,,,Permanent,,,0.32747789669613775,0.41603917255383055,0.2564829307500317,3,False,Eifel Grand Prix,eifel_grand_prix,2020,2020-10-11,95.8391,10,Opening,4.147999999999996,False,False,False,True
MAG,Haas F1 Team,7,0 days 00:01:34.433000,0 days 00:00:30.945000,0 days 00:00:39.241000,0 days 00:00:24.247000,Soft,7,1,,,1,True,0 days 00:11:14.507000,94.433,30.945,39.241,24.247,674.507,687.397,9.5,58.7,947.4,False,17.1,162,1.8,False,True,True,FORMULA 1 ARAMCO GROSSER PREIS DER EIFEL 2020,Nürburgring,Germany,,,Permanent,,,0.3276926498152129,0.41554329524636513,0.2567640549384219,3,False,Eifel Grand Prix,eifel_grand_prix,2020,2020-10-11,95.43861538461539,13,Opening,3.977000000000004,False,False,False,True
GAS,AlphaTauri,7,0 days 00:01:34.333000,0 days 00:00:31.068000,0 days 00:00:39.470000,0 days 00:00:23.795000,Medium,7,1,,,1,True,0 days 00:11:14.825000,94.333,31.068,39.47,23.795,674.825,687.397,9.5,58.7,947.4,False,17.1,162,1.8,False,True,True,FORMULA 1 ARAMCO GROSSER PREIS DER EIFEL 2020,Nürburgring,Germany,,,Permanent,,,0.32934391994318,0.418411372478348,0.252244707578472,3,False,Eifel Grand Prix,eifel_grand_prix,2020,2020-10-11,95.14024137931034,29,Opening,4.222999999999999,False,False,False,True
KVY,AlphaTauri,7,0 days 00:01:34.192000,0 days 00:00:30.832000,0 days 00:00:39.320000,0 days 00:00:24.040000,Medium,7,1,,,1,True,0 days 00:11:16.042000,94.192,30.832,39.32,24.04,676.042,687.397,9.5,58.7,947.4,False,17.1,162,1.8,False,True,True,FORMULA 1 ARAMCO GROSSER PREIS DER EIFEL 2020,Nürburgring,Germany,,,Permanent,,,0.32733140818753187,0.41744521827756076,0.2552233735349074,3,False,Eifel Grand Prix,eifel_grand_prix,2020,2020-10-11,97.986625,16,Opening,1.9779999999999944,False,False,False,True
RUS,Williams,7,0 days 00:01:34.700000,0 days 00:00:31.315000,0 days 00:00:39.282000,0 days 00:00:24.103000,Soft,7,1,,,1,True,0 days 00:11:18.019000,94.7,31.315,39.282,24.103,678.019,687.397,9.5,58.7,947.4,False,17.1,162,1.8,False,True,True,FORMULA 1 ARAMCO GROSSER PREIS DER EIFEL 2020,Nürburgring,Germany,,,Permanent,,,0.33067581837381205,0.4148046462513199,0.254519535374868,3,False,Eifel Grand Prix,eifel_grand_prix,2020,2020-10-11,95.7073,10,Opening,0.1740000000000066,False,False,False,True
HUL,Racing Point,7,0 days 00:01:34.818000,0 days 00:00:31.172000,0 days 00:00:39.700000,0 days 00:00:23.946000,Soft,7,1,,,1,True,0 days 00:11:18.980000,94.818,31.172,39.7,23.946,678.98,687.397,9.5,58.7,947.4,False,17.1,162,1.8,False,True,True,FORMULA 1 ARAMCO GROSSER PREIS DER EIFEL 2020,Nürburgring,Germany,,,Permanent,,,0.3287561433483094,0.4186968719019596,0.2525469847497311,3,False,Eifel Grand Prix,eifel_grand_prix,2020,2020-10-11,95.19917857142856,28,Opening,4.084999999999994,False,False,False,True
LAT,Williams,7,0 days 00:01:34.843000,0 days 00:00:31.151000,0 days 00:00:39.437000,0 days 00:00:24.255000,Soft,7,1,,,1,True,0 days 00:11:20.429000,94.843,31.151,39.437,24.255,680.429,687.397,9.5,58.7,947.4,False,17.1,162,1.8,False,True,True,FORMULA 1 ARAMCO GROSSER PREIS DER EIFEL 2020,Nürburgring,Germany,,,Permanent,,,0.3284480668051411,0.41581350231435105,0.25573843088050774,3,False,Eifel Grand Prix,eifel_grand_prix,2020,2020-10-11,95.5433076923077,13,Opening,3.466000000000008,False,False,False,True
RAI,Alfa Romeo Racing,7,0 days 00:01:35.028000,0 days 00:00:31.242000,0 days 00:00:39.586000,0 days 00:00:24.200000,Soft,7,1,,,1,True,0 days 00:11:21.298000,95.028,31.242,39.586,24.2,681.298,687.397,9.5,58.7,947.4,False,17.1,162,1.8,False,True,True,FORMULA 1 ARAMCO GROSSER PREIS DER EIFEL 2020,Nürburgring,Germany,,,Permanent,,,0.3287662583659553,0.4165719577387717,0.25466178389527294,3,False,Eifel Grand Prix,eifel_grand_prix,2020,2020-10-11,95.90533333333333,9,Opening,4.516000000000005,False,False,False,True
GRO,Haas F1 Team,7,0 days 00:01:35.238000,0 days 00:00:31.434000,0 days 00:00:39.664000,0 days 00:00:24.140000,Medium,7,1,,,1,True,0 days 00:11:21.963000,95.238,31.434,39.664,24.14,681.963,687.397,9.5,58.7,947.4,False,17.1,162,1.8,False,True,True,FORMULA 1 ARAMCO GROSSER PREIS DER EIFEL 2020,Nürburgring,Germany,,,Permanent,,,0.33005733005733007,0.4164724164724165,0.2534702534702535,3,False,Eifel Grand Prix,eifel_grand_prix,2020,2020-10-11,95.36396296296297,27,Opening,3.676000000000002,False,False,False,True
BOT,Mercedes,8,0 days 00:01:31.884000,0 days 00:00:30.157000,0 days 00:00:38.171000,0 days 00:00:23.556000,Soft,11,1,,,1,True,0 days 00:12:18.649000,91.884,30.157,38.171,23.556,738.649,747.408,9.6,58.3,947.4,False,17.0,347,1.7,False,True,True,FORMULA 1 ARAMCO GROSSER PREIS DER EIFEL 2020,Nürburgring,Germany,,,Permanent,,,0.3282073048626529,0.4154259718775848,0.25636672325976234,3,False,Eifel Grand Prix,eifel_grand_prix,2020,2020-10-11,92.72000000000001,12,Opening,0.0,False,False,False,True
HAM,Mercedes,8,0 days 00:01:31.622000,0 days 00:00:29.897000,0 days 00:00:38.266000,0 days 00:00:23.459000,Soft,11,1,,,1,True,0 days 00:12:20.237000,91.622,29.897,38.266,23.459,740.237,747.408,9.6,58.3,947.4,False,17.0,347,1.7,False,True,True,FORMULA 1 ARAMCO GROSSER PREIS DER EIFEL 2020,Nürburgring,Germany,,,Permanent,,,0.3263080919429831,0.41765078256313987,0.25604112549387703,3,False,Eifel Grand Prix,eifel_grand_prix,2020,2020-10-11,92.78453333333333,15,Opening,3.477000000000004,False,False,False,True
VER,Red Bull Racing,8,0 days 00:01:31.933000,0 days 00:00:29.996000,0 days 00:00:38.310000,0 days 00:00:23.627000,Soft,11,1,,,1,True,0 days 00:12:22.133000,91.933,29.996,38.31,23.627,742.133,747.408,9.6,58.3,947.4,False,17.0,347,1.7,False,True,True,FORMULA 1 ARAMCO GROSSER PREIS DER EIFEL 2020,Nürburgring,Germany,,,Permanent,,,0.32628109601557653,0.4167165218147999,0.2570023821696235,3,False,Eifel Grand Prix,eifel_grand_prix,2020,2020-10-11,93.08953333333334,15,Opening,3.794000000000011,False,False,False,True
LEC,Ferrari,8,0 days 00:01:34.256000,0 days 00:00:30.954000,0 days 00:00:38.991000,0 days 00:00:24.311000,Soft,11,1,,,1,True,0 days 00:12:37.862000,94.256,30.954,38.991,24.311,757.862,747.408,9.6,58.3,947.4,False,17.0,347,1.7,False,True,True,FORMULA 1 ARAMCO GROSSER PREIS DER EIFEL 2020,Nürburgring,Germany,,,Permanent,,,0.3284034968596164,0.4136712782210151,0.25792522491936853,3,False,Eifel Grand Prix,eifel_grand_prix,2020,2020-10-11,94.83611111111111,9,Opening,3.543999999999997,False,False,False,True
RIC,Renault,8,0 days 00:01:34.077000,0 days 00:00:30.833000,0 days 00:00:39.239000,0 days 00:00:24.005000,Soft,11,1,,,1,True,0 days 00:12:38.270000,94.077,30.833,39.239,24.005,758.27,747.408,9.6,58.3,947.4,False,17.0,347,1.7,False,True,True,FORMULA 1 ARAMCO GROSSER PREIS DER EIFEL 2020,Nürburgring,Germany,,,Permanent,,,0.3277421686490853,0.4170945076905088,0.25516332366040584,3,False,Eifel Grand Prix,eifel_grand_prix,2020,2020-10-11,95.15386666666667,15,Opening,4.492999999999995,False,False,False,True
NOR,McLaren,8,0 days 00:01:33.378000,0 days 00:00:30.509000,0 days 00:00:38.981000,0 days 00:00:23.888000,Soft,11,1,,,1,True,0 days 00:12:39.808000,93.378,30.509,38.981,23.888,759.808,747.408,9.6,58.3,947.4,False,17.0,347,1.7,False,True,True,FORMULA 1 ARAMCO GROSSER PREIS DER EIFEL 2020,Nürburgring,Germany,,,Permanent,,,0.32672578123326695,0.417453789971942,0.25582042879479105,3,False,Eifel Grand Prix,eifel_grand_prix,2020,2020-10-11,94.42985714285714,28,Opening,1.0499999999999972,False,False,False,True
PER,Racing Point,8,0 days 00:01:33.361000,0 days 00:00:30.452000,0 days 00:00:38.935000,0 days 00:00:23.974000,Soft,11,1,,,1,True,0 days 00:12:40.738000,93.361,30.452,38.935,23.974,760.738,747.408,9.6,58.3,947.4,False,17.0,347,1.7,False,True,True,FORMULA 1 ARAMCO GROSSER PREIS DER EIFEL 2020,Nürburgring,Germany,,,Permanent,,,0.3261747410589004,0.4170370925761292,0.25678816636497037,3,False,Eifel Grand Prix,eifel_grand_prix,2020,2020-10-11,94.44792592592593,27,Opening,3.6610000000000014,False,False,False,True
OCO,Renault,8,0 days 00:01:33.668000,0 days 00:00:30.563000,0 days 00:00:39.299000,0 days 00:00:23.806000,Soft,11,1,,,1,True,0 days 00:12:42.875000,93.668,30.563,39.299,23.806,762.875,747.408,9.6,58.3,947.4,False,17.0,347,1.7,False,True,True,FORMULA 1 ARAMCO GROSSER PREIS DER EIFEL 2020,Nürburgring,Germany,,,Permanent,,,0.32629072895759487,0.4195563052483238,0.2541529657940812,3,False,Eifel Grand Prix,eifel_grand_prix,2020,2020-10-11,95.66042857142857,21,Opening,0.4790000000000134,False,False,False,True
SAI,McLaren,8,0 days 00:01:33.822000,0 days 00:00:30.757000,0 days 00:00:39.137000,0 days 00:00:23.928000,Soft,11,1,,,1,True,0 days 00:12:44.507000,93.822,30.757,39.137,23.928,764.507,747.408,9.6,58.3,947.4,False,17.0,347,1.7,False,True,True,FORMULA 1 ARAMCO GROSSER PREIS DER EIFEL 2020,Nürburgring,Germany,,,Permanent,,,0.3278228986804801,0.41714096906908826,0.25503613225043165,3,False,Eifel Grand Prix,eifel_grand_prix,2020,2020-10-11,94.70933333333333,27,Opening,3.692999999999998,False,False,False,True
GIO,Alfa Romeo Racing,8,0 days 00:01:34.683000,0 days 00:00:31.047000,0 days 00:00:39.425000,0 days 00:00:24.211000,Soft,8,1,,,1,True,0 days 00:12:47.373000,94.683,31.047,39.425,24.211,767.373,747.408,9.6,58.3,947.4,False,17.0,347,1.7,False,True,True,FORMULA 1 ARAMCO GROSSER PREIS DER EIFEL 2020,Nürburgring,Germany,,,Permanent,,,0.3279046925002376,0.41638942576808924,0.255705881731673,3,False,Eifel Grand Prix,eifel_grand_prix,2020,2020-10-11,95.3155,14,Opening,3.774000000000001,False,False,False,True
VET,Ferrari,8,0 days 00:01:34.885000,0 days 00:00:31.053000,0 days 00:00:39.732000,0 days 00:00:24.100000,Medium,8,1,,,1,True,0 days 00:12:48.127000,94.885,31.053,39.732,24.1,768.127,747.408,9.6,58.3,947.4,False,17.0,347,1.7,False,True,True,FORMULA 1 ARAMCO GROSSER PREIS DER EIFEL 2020,Nürburgring,Germany,,,Permanent,,,0.32726985297992306,0.41873847288823307,0.2539916741318438,3,False,Eifel Grand Prix,eifel_grand_prix,2020,2020-10-11,95.8391,10,Opening,4.477000000000004,False,False,False,True
MAG,Haas F1 Team,8,0 days 00:01:34.601000,0 days 00:00:30.936000,0 days 00:00:39.502000,0 days 00:00:24.163000,Soft,8,1,,,1,True,0 days 00:12:49.108000,94.601,30.936,39.502,24.163,769.108,747.408,9.6,58.3,947.4,False,17.0,347,1.7,False,True,True,FORMULA 1 ARAMCO GROSSER PREIS DER EIFEL 2020,Nürburgring,Germany,,,Permanent,,,0.3270155706599296,0.41756429636050363,0.25542013297956684,3,False,Eifel Grand Prix,eifel_grand_prix,2020,2020-10-11,95.43861538461539,13,Opening,4.144999999999996,False,False,False,True
GAS,AlphaTauri,8,0 days 00:01:34.717000,0 days 00:00:31.191000,0 days 00:00:39.574000,0 days 00:00:23.952000,Medium,8,1,,,1,True,0 days 00:12:49.542000,94.717,31.191,39.574,23.952,769.542,747.408,9.6,58.3,947.4,False,17.0,347,1.7,False,True,True,FORMULA 1 ARAMCO GROSSER PREIS DER EIFEL 2020,Nürburgring,Germany,,,Permanent,,,0.32930730491886356,0.4178130641806645,0.25287963090047194,3,False,Eifel Grand Prix,eifel_grand_prix,2020,2020-10-11,95.14024137931034,29,Opening,4.606999999999999,False,False,False,True
KVY,AlphaTauri,8,0 days 00:01:34.503000,0 days 00:00:30.570000,0 days 00:00:39.763000,0 days 00:00:24.170000,Medium,8,1,,,1,True,0 days 00:12:50.545000,94.503,30.57,39.763,24.17,770.545,747.408,9.6,58.3,947.4,False,17.0,347,1.7,False,True,True,FORMULA 1 ARAMCO GROSSER PREIS DER EIFEL 2020,Nürburgring,Germany,,,Permanent,,,0.32348179422875467,0.4207591293398093,0.2557590764314361,3,False,Eifel Grand Prix,eifel_grand_prix,2020,2020-10-11,97.986625,16,Opening,2.2890000000000015,False,False,False,True
RUS,Williams,8,0 days 00:01:34.929000,0 days 00:00:31.233000,0 days 00:00:39.469000,0 days 00:00:24.227000,Soft,8,1,,,1,True,0 days 00:12:52.948000,94.929,31.233,39.469,24.227,772.948,747.408,9.6,58.3,947.4,False,17.0,347,1.7,False,True,True,FORMULA 1 ARAMCO GROSSER PREIS DER EIFEL 2020,Nürburgring,Germany,,,Permanent,,,0.32901431596245617,0.4157738941735402,0.2552117898640036,3,False,Eifel Grand Prix,eifel_grand_prix,2020,2020-10-11,95.7073,10,Opening,0.4030000000000058,False,False,False,True
HUL,Racing Point,8,0 days 00:01:34.704000,0 days 00:00:30.918000,0 days 00:00:39.610000,0 days 00:00:24.176000,Soft,8,1,,,1,True,0 days 00:12:53.684000,94.704,30.918,39.61,24.176,773.684,747.408,9.6,58.3,947.4,False,17.0,347,1.7,False,True,True,FORMULA 1 ARAMCO GROSSER PREIS DER EIFEL 2020,Nürburgring,Germany,,,Permanent,,,0.3264698428788647,0.41825054907923637,0.255279608041899,3,False,Eifel Grand Prix,eifel_grand_prix,2020,2020-10-11,95.19917857142856,28,Opening,3.9709999999999894,False,False,False,True
LAT,Williams,8,0 days 00:01:34.547000,0 days 00:00:31.035000,0 days 00:00:39.269000,0 days 00:00:24.243000,Soft,8,1,,,1,True,0 days 00:12:54.976000,94.547,31.035,39.269,24.243,774.976,747.408,9.6,58.3,947.4,False,17.0,347,1.7,False,True,True,FORMULA 1 ARAMCO GROSSER PREIS DER EIFEL 2020,Nürburgring,Germany,,,Permanent,,,0.3282494420764276,0.41533840312225667,0.25641215480131574,3,False,Eifel Grand Prix,eifel_grand_prix,2020,2020-10-11,95.5433076923077,13,Opening,3.1700000000000017,False,False,False,True
RAI,Alfa Romeo Racing,8,0 days 00:01:34.772000,0 days 00:00:31.139000,0 days 00:00:39.430000,0 days 00:00:24.203000,Soft,8,1,,,1,True,0 days 00:12:56.070000,94.772,31.139,39.43,24.203,776.07,747.408,9.6,58.3,947.4,False,17.0,347,1.7,False,True,True,FORMULA 1 ARAMCO GROSSER PREIS DER EIFEL 2020,Nürburgring,Germany,,,Permanent,,,0.32856750939095936,0.4160511543493859,0.25538133625965476,3,False,Eifel Grand Prix,eifel_grand_prix,2020,2020-10-11,95.90533333333333,9,Opening,4.260000000000005,False,False,False,True
GRO,Haas F1 Team,8,0 days 00:01:35.150000,0 days 00:00:31.273000,0 days 00:00:39.543000,0 days 00:00:24.334000,Medium,8,1,,,1,True,0 days 00:12:57.113000,95.15,31.273,39.543,24.334,777.113,747.408,9.6,58.3,947.4,False,17.0,347,1.7,False,True,True,FORMULA 1 ARAMCO GROSSER PREIS DER EIFEL 2020,Nürburgring,Germany,,,Permanent,,,0.32867052023121385,0.4155859169732002,0.2557435627955859,3,False,Eifel Grand Prix,eifel_grand_prix,2020,2020-10-11,95.36396296296297,27,Opening,3.588000000000008,False,False,False,True
ALB,Red Bull Racing,8,0 days 00:01:52.682000,0 days 00:00:50.576000,0 days 00:00:38.377000,0 days 00:00:23.729000,Medium,1,2,,0 days 00:11:30.245000,1,False,0 days 00:13:01.231000,112.682,50.576,38.377,23.729,781.231,807.411,9.7,58.0,947.4,False,16.8,29,1.7,False,True,True,FORMULA 1 ARAMCO GROSSER PREIS DER EIFEL 2020,Nürburgring,Germany,,,Permanent,,,0.4488383237784207,0.34057790951527306,0.21058376670630624,3,False,Eifel Grand Prix,eifel_grand_prix,2020,2020-10-11,96.140375,16,Closing,20.352000000000004,False,False,False,True
BOT,Mercedes,9,0 days 00:01:32.125000,0 days 00:00:30.233000,0 days 00:00:38.345000,0 days 00:00:23.547000,Soft,12,1,,,1,True,0 days 00:13:50.774000,92.125,30.233,38.345,23.547,830.774,807.411,9.7,58.0,947.4,False,16.8,29,1.7,False,True,True,FORMULA 1 ARAMCO GROSSER PREIS DER EIFEL 2020,Nürburgring,Germany,,,Permanent,,,0.3281736770691995,0.4162279511533243,0.25559837177747624,3,False,Eifel Grand Prix,eifel_grand_prix,2020,2020-10-11,92.72000000000001,12,Opening,0.24099999999999966,False,False,False,True
HAM,Mercedes,9,0 days 00:01:31.835000,0 days 00:00:29.991000,0 days 00:00:38.322000,0 days 00:00:23.522000,Soft,12,1,,,1,True,0 days 00:13:52.072000,91.835,29.991,38.322,23.522,832.072,807.411,9.7,58.0,947.4,False,16.8,29,1.7,False,True,True,FORMULA 1 ARAMCO GROSSER PREIS DER EIFEL 2020,Nürburgring,Germany,,,Permanent,,,0.32657483530244463,0.4172918821799968,0.2561332825175587,3,False,Eifel Grand Prix,eifel_grand_prix,2020,2020-10-11,92.78453333333333,15,Opening,3.6899999999999977,False,False,False,True
VER,Red Bull Racing,9,0 days 00:01:32.009000,0 days 00:00:29.993000,0 days 00:00:38.355000,0 days 00:00:23.661000,Soft,12,1,,,1,True,0 days 00:13:54.142000,92.009,29.993,38.355,23.661,834.142,807.411,9.7,58.0,947.4,False,16.8,29,1.7,False,True,True,FORMULA 1 ARAMCO GROSSER PREIS DER EIFEL 2020,Nürburgring,Germany,,,Permanent,,,0.3259789803171429,0.41686139399406574,0.2571596256887913,3,False,Eifel Grand Prix,eifel_grand_prix,2020,2020-10-11,93.08953333333334,15,Opening,3.8700000000000045,False,False,False,True
RIC,Renault,9,0 days 00:01:33.194000,0 days 00:00:30.338000,0 days 00:00:38.858000,0 days 00:00:23.998000,Soft,12,1,,,1,True,0 days 00:14:11.464000,93.194,30.338,38.858,23.998,851.464,867.422,9.8,57.6,947.5,False,16.6,177,1.6,False,True,True,FORMULA 1 ARAMCO GROSSER PREIS DER EIFEL 2020,Nürburgring,Germany,,,Permanent,,,0.3255359787110758,0.4169581732729574,0.2575058480159667,3,False,Eifel Grand Prix,eifel_grand_prix,2020,2020-10-11,95.15386666666667,15,Opening,3.6099999999999994,False,False,False,True
LEC,Ferrari,9,0 days 00:01:35.537000,0 days 00:00:31.448000,0 days 00:00:39.925000,0 days 00:00:24.164000,Soft,12,1,,,1,True,0 days 00:14:13.399000,95.537,31.448,39.925,24.164,853.399,867.422,9.8,57.6,947.5,False,16.6,177,1.6,False,True,True,FORMULA 1 ARAMCO GROSSER PREIS DER EIFEL 2020,Nürburgring,Germany,,,Permanent,,,0.3291708971393282,0.4179009179689544,0.25292818489171737,3,False,Eifel Grand Prix,eifel_grand_prix,2020,2020-10-11,94.83611111111111,9,Opening,4.825000000000003,False,False,False,True
NOR,McLaren,9,0 days 00:01:34.349000,0 days 00:00:30.650000,0 days 00:00:39.556000,0 days 00:00:24.143000,Soft,12,1,,,1,True,0 days 00:14:14.157000,94.349,30.65,39.556,24.143,854.157,867.422,9.8,57.6,947.5,False,16.6,177,1.6,False,True,True,FORMULA 1 ARAMCO GROSSER PREIS DER EIFEL 2020,Nürburgring,Germany,,,Permanent,,,0.3248577091437111,0.41925192635851993,0.2558903644977689,3,False,Eifel Grand Prix,eifel_grand_prix,2020,2020-10-11,94.42985714285714,28,Opening,2.021000000000001,False,False,False,True
PER,Racing Point,9,0 days 00:01:33.920000,0 days 00:00:30.589000,0 days 00:00:39.407000,0 days 00:00:23.924000,Soft,12,1,,,1,True,0 days 00:14:14.658000,93.92,30.589,39.407,23.924,854.658,867.422,9.8,57.6,947.5,False,16.6,177,1.6,False,True,True,FORMULA 1 ARAMCO GROSSER PREIS DER EIFEL 2020,Nürburgring,Germany,,,Permanent,,,0.32569207836456554,0.41958049403747866,0.2547274275979557,3,False,Eifel Grand Prix,eifel_grand_prix,2020,2020-10-11,94.44792592592593,27,Opening,4.219999999999999,False,False,False,True
OCO,Renault,9,0 days 00:01:33.777000,0 days 00:00:30.556000,0 days 00:00:39.390000,0 days 00:00:23.831000,Soft,12,1,,,1,True,0 days 00:14:16.652000,93.777,30.556,39.39,23.831,856.652,867.422,9.8,57.6,947.5,False,16.6,177,1.6,False,True,True,FORMULA 1 ARAMCO GROSSER PREIS DER EIFEL 2020,Nürburgring,Germany,,,Permanent,,,0.32583682566087635,0.4200390287597172,0.25412414557940644,3,False,Eifel Grand Prix,eifel_grand_prix,2020,2020-10-11,95.66042857142857,21,Opening,0.5880000000000081,False,False,False,True
SAI,McLaren,9,0 days 00:01:33.853000,0 days 00:00:30.785000,0 days 00:00:39.068000,0 days 00:00:24,Soft,12,1,,,1,True,0 days 00:14:18.360000,93.853,30.785,39.068,24.0,858.36,867.422,9.8,57.6,947.5,False,16.6,177,1.6,False,True,True,FORMULA 1 ARAMCO GROSSER PREIS DER EIFEL 2020,Nürburgring,Germany,,,Permanent,,,0.3280129564318669,0.4162679935644039,0.25571905000372924,3,False,Eifel Grand Prix,eifel_grand_prix,2020,2020-10-11,94.70933333333333,27,Opening,3.7239999999999895,False,False,False,True
GIO,Alfa Romeo Racing,9,0 days 00:01:34.666000,0 days 00:00:30.867000,0 days 00:00:39.543000,0 days 00:00:24.256000,Soft,9,1,,,1,True,0 days 00:14:22.039000,94.666,30.867,39.543,24.256,862.039,867.422,9.8,57.6,947.5,False,16.6,177,1.6,False,True,True,FORMULA 1 ARAMCO GROSSER PREIS DER EIFEL 2020,Nürburgring,Germany,,,Permanent,,,0.32606215536729133,0.41771068810343737,0.25622715652927136,3,False,Eifel Grand Prix,eifel_grand_prix,2020,2020-10-11,95.3155,14,Opening,3.756999999999991,False,False,False,True
VET,Ferrari,9,0 days 00:01:34.528000,0 days 00:00:30.891000,0 days 00:00:39.626000,0 days 00:00:24.011000,Medium,9,1,,,1,True,0 days 00:14:22.655000,94.528,30.891,39.626,24.011,862.655,867.422,9.8,57.6,947.5,False,16.6,177,1.6,False,True,True,FORMULA 1 ARAMCO GROSSER PREIS DER EIFEL 2020,Nürburgring,Germany,,,Permanent,,,0.32679206161137436,0.41919854434664855,0.254009394041977,3,False,Eifel Grand Prix,eifel_grand_prix,2020,2020-10-11,95.8391,10,Opening,4.1200000000000045,False,False,False,True
MAG,Haas F1 Team,9,0 days 00:01:34.745000,0 days 00:00:31.027000,0 days 00:00:39.476000,0 days 00:00:24.242000,Soft,9,1,,,1,True,0 days 00:14:23.853000,94.745,31.027,39.476,24.242,863.853,867.422,9.8,57.6,947.5,False,16.6,177,1.6,False,True,True,FORMULA 1 ARAMCO GROSSER PREIS DER EIFEL 2020,Nürburgring,Germany,,,Permanent,,,0.3274790226397171,0.41665523246609315,0.2558657448941897,3,False,Eifel Grand Prix,eifel_grand_prix,2020,2020-10-11,95.43861538461539,13,Opening,4.2890000000000015,False,False,False,True
GAS,AlphaTauri,9,0 days 00:01:34.719000,0 days 00:00:31.030000,0 days 00:00:39.697000,0 days 00:00:23.992000,Medium,9,1,,,1,True,0 days 00:14:24.261000,94.719,31.03,39.697,23.992,864.261,867.422,9.8,57.6,947.5,False,16.6,177,1.6,False,True,True,FORMULA 1 ARAMCO GROSSER PREIS DER EIFEL 2020,Nürburgring,Germany,,,Permanent,,,0.3276005869994405,0.4191028199199739,0.2532965930805858,3,False,Eifel Grand Prix,eifel_grand_prix,2020,2020-10-11,95.14024137931034,29,Opening,4.608999999999995,False,False,False,True
KVY,AlphaTauri,9,0 days 00:01:34.504000,0 days 00:00:30.711000,0 days 00:00:39.764000,0 days 00:00:24.029000,Medium,9,1,,,1,True,0 days 00:14:25.049000,94.504,30.711,39.764,24.029,865.049,867.422,9.8,57.6,947.5,False,16.6,177,1.6,False,True,True,FORMULA 1 ARAMCO GROSSER PREIS DER EIFEL 2020,Nürburgring,Germany,,,Permanent,,,0.32497037162448145,0.42076525861339203,0.25426436976212646,3,False,Eifel Grand Prix,eifel_grand_prix,2020,2020-10-11,97.986625,16,Opening,2.2900000000000063,False,False,False,True
RUS,Williams,9,0 days 00:01:34.930000,0 days 00:00:31.451000,0 days 00:00:39.439000,0 days 00:00:24.040000,Soft,9,1,,,1,True,0 days 00:14:27.878000,94.93,31.451,39.439,24.04,867.878,867.422,9.8,57.6,947.5,False,16.6,177,1.6,False,True,True,FORMULA 1 ARAMCO GROSSER PREIS DER EIFEL 2020,Nürburgring,Germany,,,Permanent,,,0.33130727904771934,0.4154534920467713,0.2532392289055093,3,False,Eifel Grand Prix,eifel_grand_prix,2020,2020-10-11,95.7073,10,Opening,0.4040000000000106,False,False,False,True
HUL,Racing Point,9,0 days 00:01:35.305000,0 days 00:00:31.465000,0 days 00:00:39.677000,0 days 00:00:24.163000,Soft,9,1,,,1,True,0 days 00:14:28.989000,95.305,31.465,39.677,24.163,868.989,867.422,9.8,57.6,947.5,False,16.6,177,1.6,False,True,True,FORMULA 1 ARAMCO GROSSER PREIS DER EIFEL 2020,Nürburgring,Germany,,,Permanent,,,0.3301505692251193,0.4163160379833167,0.2535333927915639,3,False,Eifel Grand Prix,eifel_grand_prix,2020,2020-10-11,95.19917857142856,28,Opening,4.572000000000003,False,False,False,True
LAT,Williams,9,0 days 00:01:36.177000,0 days 00:00:31.513000,0 days 00:00:39.564000,0 days 00:00:25.100000,Soft,9,1,,,1,True,0 days 00:14:31.153000,96.177,31.513,39.564,25.1,871.153,867.422,9.8,57.6,947.5,False,16.6,177,1.6,False,True,True,FORMULA 1 ARAMCO GROSSER PREIS DER EIFEL 2020,Nürburgring,Germany,,,Permanent,,,0.32765630036287263,0.41136654293646086,0.26097715670066646,3,False,Eifel Grand Prix,eifel_grand_prix,2020,2020-10-11,95.5433076923077,13,Opening,4.800000000000011,False,False,False,True
RAI,Alfa Romeo Racing,9,0 days 00:01:35.761000,0 days 00:00:31.420000,0 days 00:00:39.669000,0 days 00:00:24.672000,Soft,9,1,,,1,True,0 days 00:14:31.831000,95.761,31.42,39.669,24.672,871.831,867.422,9.8,57.6,947.5,False,16.6,177,1.6,False,True,True,FORMULA 1 ARAMCO GROSSER PREIS DER EIFEL 2020,Nürburgring,Germany,,,Permanent,,,0.32810852017000663,0.41425006004532117,0.25764141978467225,3,False,Eifel Grand Prix,eifel_grand_prix,2020,2020-10-11,95.90533333333333,9,Opening,5.248999999999995,False,False,False,True
GRO,Haas F1 Team,9,0 days 00:01:35.024000,0 days 00:00:31.160000,0 days 00:00:39.626000,0 days 00:00:24.238000,Medium,9,1,,,1,True,0 days 00:14:32.137000,95.024,31.16,39.626,24.238,872.137,867.422,9.8,57.6,947.5,False,16.6,177,1.6,False,True,True,FORMULA 1 ARAMCO GROSSER PREIS DER EIFEL 2020,Nürburgring,Germany,,,Permanent,,,0.3279171577706685,0.4170104394679239,0.25507240276140764,3,False,Eifel Grand Prix,eifel_grand_prix,2020,2020-10-11,95.36396296296297,27,Opening,3.4620000000000033,False,False,False,True
ALB,Red Bull Racing,9,0 days 00:01:32.330000,0 days 00:00:30.415000,0 days 00:00:38.169000,0 days 00:00:23.746000,Medium,2,2,,,1,True,0 days 00:14:33.561000,92.33,30.415,38.169,23.746,873.561,867.422,9.8,57.6,947.5,False,16.6,177,1.6,False,True,True,FORMULA 1 ARAMCO GROSSER PREIS DER EIFEL 2020,Nürburgring,Germany,,,Permanent,,,0.3294162244124337,0.41339759558106787,0.2571861800064984,3,False,Eifel Grand Prix,eifel_grand_prix,2020,2020-10-11,96.140375,16,Closing,0.0,False,False,False,True
BOT,Mercedes,10,0 days 00:01:31.886000,0 days 00:00:30.145000,0 days 00:00:38.272000,0 days 00:00:23.469000,Soft,13,1,,,1,True,0 days 00:15:22.660000,91.886,30.145,38.272,23.469,922.66,927.443,9.9,57.3,947.4,False,16.4,81,2.1,False,True,True,FORMULA 1 ARAMCO GROSSER PREIS DER EIFEL 2020,Nürburgring,Germany,,,Permanent,,,0.32806956446030955,0.4165161177981412,0.2554143177415493,3,False,Eifel Grand Prix,eifel_grand_prix,2020,2020-10-11,92.72000000000001,12,Opening,0.001999999999995339,False,False,False,True
HAM,Mercedes,10,0 days 00:01:31.996000,0 days 00:00:30.067000,0 days 00:00:38.370000,0 days 00:00:23.559000,Soft,13,1,,,1,True,0 days 00:15:24.068000,91.996,30.067,38.37,23.559,924.068,927.443,9.9,57.3,947.4,False,16.4,81,2.1,False,True,True,FORMULA 1 ARAMCO GROSSER PREIS DER EIFEL 2020,Nürburgring,Germany,,,Permanent,,,0.32682942736640724,0.41708335145006303,0.2560872211835297,3,False,Eifel Grand Prix,eifel_grand_prix,2020,2020-10-11,92.78453333333333,15,Opening,3.850999999999999,False,False,False,True
VER,Red Bull Racing,10,0 days 00:01:32.264000,0 days 00:00:30.116000,0 days 00:00:38.430000,0 days 00:00:23.718000,Soft,13,1,,,1,True,0 days 00:15:26.406000,92.264,30.116,38.43,23.718,926.406,927.443,9.9,57.3,947.4,False,16.4,81,2.1,False,True,True,FORMULA 1 ARAMCO GROSSER PREIS DER EIFEL 2020,Nürburgring,Germany,,,Permanent,,,0.32641116795283104,0.41652215381947455,0.25706667822769447,3,False,Eifel Grand Prix,eifel_grand_prix,2020,2020-10-11,93.08953333333334,15,Opening,4.125,False,False,False,True
RIC,Renault,10,0 days 00:01:33.206000,0 days 00:00:30.290000,0 days 00:00:38.983000,0 days 00:00:23.933000,Soft,13,1,,,1,True,0 days 00:15:44.670000,93.206,30.29,38.983,23.933,944.67,927.443,9.9,57.3,947.4,False,16.4,81,2.1,False,True,True,FORMULA 1 ARAMCO GROSSER PREIS DER EIFEL 2020,Nürburgring,Germany,,,Permanent,,,0.3249790786000901,0.4182456065060189,0.25677531489389094,3,False,Eifel Grand Prix,eifel_grand_prix,2020,2020-10-11,95.15386666666667,15,Opening,3.622,False,False,False,True
NOR,McLaren,10,0 days 00:01:34.599000,0 days 00:00:31.135000,0 days 00:00:39.355000,0 days 00:00:24.109000,Soft,13,1,,,1,True,0 days 00:15:48.756000,94.599,31.135,39.355,24.109,948.756,927.443,9.9,57.3,947.4,False,16.4,81,2.1,False,True,True,FORMULA 1 ARAMCO GROSSER PREIS DER EIFEL 2020,Nürburgring,Germany,,,Permanent,,,0.3291261006987389,0.41601919682026234,0.25485470248099873,3,False,Eifel Grand Prix,eifel_grand_prix,2020,2020-10-11,94.42985714285714,28,Opening,2.271000000000001,False,False,False,True
PER,Racing Point,10,0 days 00:01:34.858000,0 days 00:00:31.023000,0 days 00:00:39.810000,0 days 00:00:24.025000,Soft,13,1,,,1,True,0 days 00:15:49.516000,94.858,31.023,39.81,24.025,949.516,927.443,9.9,57.3,947.4,False,16.4,81,2.1,False,True,True,FORMULA 1 ARAMCO GROSSER PREIS DER EIFEL 2020,Nürburgring,Germany,,,Permanent,,,0.3270467435535221,0.41967994265112063,0.2532733137953572,3,False,Eifel Grand Prix,eifel_grand_prix,2020,2020-10-11,94.44792592592593,27,Opening,5.158000000000001,False,False,False,True
OCO,Renault,10,0 days 00:01:34.029000,0 days 00:00:30.617000,0 days 00:00:39.521000,0 days 00:00:23.891000,Soft,13,1,,,1,True,0 days 00:15:50.681000,94.029,30.617,39.521,23.891,950.681,927.443,9.9,57.3,947.4,False,16.4,81,2.1,False,True,True,FORMULA 1 ARAMCO GROSSER PREIS DER EIFEL 2020,Nürburgring,Germany,,,Permanent,,,0.3256123110955131,0.4203065011858044,0.25408118771868254,3,False,Eifel Grand Prix,eifel_grand_prix,2020,2020-10-11,95.66042857142857,21,Opening,0.8400000000000034,False,False,False,True
LEC,Ferrari,10,0 days 00:01:37.859000,0 days 00:00:31.170000,0 days 00:00:39.402000,0 days 00:00:27.287000,Soft,13,1,0 days 00:15:49.411000,,1,False,0 days 00:15:51.258000,97.859,31.17,39.402,27.287,951.258,927.443,9.9,57.3,947.4,False,16.4,81,2.1,False,True,True,FORMULA 1 ARAMCO GROSSER PREIS DER EIFEL 2020,Nürburgring,Germany,,,Permanent,10.0,,0.31851950254958666,0.402640533829285,0.27883996362112834,3,False,Eifel Grand Prix,eifel_grand_prix,2020,2020-10-11,94.83611111111111,9,Opening,7.146999999999991,False,False,False,True
SAI,McLaren,10,0 days 00:01:33.909000,0 days 00:00:30.716000,0 days 00:00:39.140000,0 days 00:00:24.053000,Soft,13,1,,,1,True,0 days 00:15:52.269000,93.909,30.716,39.14,24.053,952.269,927.443,9.9,57.3,947.4,False,16.4,81,2.1,False,True,True,FORMULA 1 ARAMCO GROSSER PREIS DER EIFEL 2020,Nürburgring,Germany,,,Permanent,,,0.3270826012416275,0.41678646349125215,0.2561309352671203,3,False,Eifel Grand Prix,eifel_grand_prix,2020,2020-10-11,94.70933333333333,27,Opening,3.780000000000001,False,False,False,True
GIO,Alfa Romeo Racing,10,0 days 00:01:34.525000,0 days 00:00:30.846000,0 days 00:00:39.429000,0 days 00:00:24.250000,Soft,10,1,,,1,True,0 days 00:15:56.564000,94.525,30.846,39.429,24.25,956.564,927.443,9.9,57.3,947.4,False,16.4,81,2.1,False,True,True,FORMULA 1 ARAMCO GROSSER PREIS DER EIFEL 2020,Nürburgring,Germany,,,Permanent,,,0.3263263686855329,0.4171277439830733,0.2565458873313938,3,False,Eifel Grand Prix,eifel_grand_prix,2020,2020-10-11,95.3155,14,Opening,3.6159999999999997,False,False,False,True
VET,Ferrari,10,0 days 00:01:34.397000,0 days 00:00:30.877000,0 days 00:00:39.448000,0 days 00:00:24.072000,Medium,10,1,,,1,True,0 days 00:15:57.052000,94.397,30.877,39.448,24.072,957.052,927.443,9.9,57.3,947.4,False,16.4,81,2.1,False,True,True,FORMULA 1 ARAMCO GROSSER PREIS DER EIFEL 2020,Nürburgring,Germany,,,Permanent,,,0.3270972594468044,0.4178946364820916,0.2550081040711039,3,False,Eifel Grand Prix,eifel_grand_prix,2020,2020-10-11,95.8391,10,Opening,3.9890000000000043,False,False,False,True
MAG,Haas F1 Team,10,0 days 00:01:34.825000,0 days 00:00:31.132000,0 days 00:00:39.364000,0 days 00:00:24.329000,Soft,10,1,,,1,True,0 days 00:15:58.678000,94.825,31.132,39.364,24.329,958.678,987.441,9.8,57.8,947.4,False,16.3,34,1.2,False,True,True,FORMULA 1 ARAMCO GROSSER PREIS DER EIFEL 2020,Nürburgring,Germany,,,Permanent,,,0.3283100448194042,0.4151225942525705,0.2565673609280253,3,False,Eifel Grand Prix,eifel_grand_prix,2020,2020-10-11,95.43861538461539,13,Opening,4.369,False,False,False,True
GAS,AlphaTauri,10,0 days 00:01:34.817000,0 days 00:00:31.365000,0 days 00:00:39.486000,0 days 00:00:23.966000,Medium,10,1,,,1,True,0 days 00:15:59.078000,94.817,31.365,39.486,23.966,959.078,987.441,9.8,57.8,947.4,False,16.3,34,1.2,False,True,True,FORMULA 1 ARAMCO GROSSER PREIS DER EIFEL 2020,Nürburgring,Germany,,,Permanent,,,0.33079511058143585,0.4164443085100773,0.2527605809084869,3,False,Eifel Grand Prix,eifel_grand_prix,2020,2020-10-11,95.14024137931034,29,Opening,4.706999999999994,False,False,False,True
KVY,AlphaTauri,10,0 days 00:01:34.893000,0 days 00:00:31.046000,0 days 00:00:39.860000,0 days 00:00:23.987000,Medium,10,1,,,1,True,0 days 00:15:59.942000,94.893,31.046,39.86,23.987,959.942,987.441,9.8,57.8,947.4,False,16.3,34,1.2,False,True,True,FORMULA 1 ARAMCO GROSSER PREIS DER EIFEL 2020,Nürburgring,Germany,,,Permanent,,,0.3271684950417839,0.420052058634462,0.2527794463237541,3,False,Eifel Grand Prix,eifel_grand_prix,2020,2020-10-11,97.986625,16,Opening,2.679000000000002,False,False,False,True
RUS,Williams,10,0 days 00:01:35.208000,0 days 00:00:31.357000,0 days 00:00:39.582000,0 days 00:00:24.269000,Soft,10,1,,,1,True,0 days 00:16:03.086000,95.208,31.357,39.582,24.269,963.086,987.441,9.8,57.8,947.4,False,16.3,34,1.2,False,True,True,FORMULA 1 ARAMCO GROSSER PREIS DER EIFEL 2020,Nürburgring,Germany,,,Permanent,,,0.3293525754138308,0.41574237459037056,0.25490504999579866,3,False,Eifel Grand Prix,eifel_grand_prix,2020,2020-10-11,95.7073,10,Opening,0.6820000000000022,False,False,False,True
HUL,Racing Point,10,0 days 00:01:35.475000,0 days 00:00:31.264000,0 days 00:00:40,0 days 00:00:24.211000,Soft,10,1,,,1,True,0 days 00:16:04.464000,95.475,31.264,40.0,24.211,964.464,987.441,9.8,57.8,947.4,False,16.3,34,1.2,False,True,True,FORMULA 1 ARAMCO GROSSER PREIS DER EIFEL 2020,Nürburgring,Germany,,,Permanent,,,0.3274574495941346,0.4189578423671118,0.2535847080387536,3,False,Eifel Grand Prix,eifel_grand_prix,2020,2020-10-11,95.19917857142856,28,Opening,4.74199999999999,False,False,False,True
LAT,Williams,10,0 days 00:01:34.892000,0 days 00:00:31.291000,0 days 00:00:39.276000,0 days 00:00:24.325000,Soft,10,1,,,1,True,0 days 00:16:06.045000,94.892,31.291,39.276,24.325,966.045,987.441,9.8,57.8,947.4,False,16.3,34,1.2,False,True,True,FORMULA 1 ARAMCO GROSSER PREIS DER EIFEL 2020,Nürburgring,Germany,,,Permanent,,,0.3297538254015091,0.41390212030518914,0.25634405429330187,3,False,Eifel Grand Prix,eifel_grand_prix,2020,2020-10-11,95.5433076923077,13,Opening,3.5150000000000006,False,False,False,True
GRO,Haas F1 Team,10,0 days 00:01:35.839000,0 days 00:00:31.509000,0 days 00:00:40.080000,0 days 00:00:24.250000,Medium,10,1,,,1,True,0 days 00:16:07.976000,95.839,31.509,40.08,24.25,967.976,987.441,9.8,57.8,947.4,False,16.3,34,1.2,False,True,True,FORMULA 1 ARAMCO GROSSER PREIS DER EIFEL 2020,Nürburgring,Germany,,,Permanent,,,0.3287701248969626,0.41820135852836526,0.2530285165746721,3,False,Eifel Grand Prix,eifel_grand_prix,2020,2020-10-11,95.36396296296297,27,Opening,4.277000000000001,False,False,False,True
ALB,Red Bull Racing,10,0 days 00:01:34.881000,0 days 00:00:30.542000,0 days 00:00:39.950000,0 days 00:00:24.389000,Medium,3,2,,,1,True,0 days 00:16:08.442000,94.881,30.542,39.95,24.389,968.442,987.441,9.8,57.8,947.4,False,16.3,34,1.2,False,True,True,FORMULA 1 ARAMCO GROSSER PREIS DER EIFEL 2020,Nürburgring,Germany,,,Permanent,,,0.32189795638747487,0.4210537410018866,0.2570483026106386,3,False,Eifel Grand Prix,eifel_grand_prix,2020,2020-10-11,96.140375,16,Closing,2.551000000000002,False,False,False,True
RAI,Alfa Romeo Racing,10,0 days 00:01:38.377000,0 days 00:00:31.571000,0 days 00:00:39.768000,0 days 00:00:27.038000,Soft,10,1,0 days 00:16:08.369000,,1,False,0 days 00:16:10.208000,98.377,31.571,39.768,27.038,970.208,987.441,9.8,57.8,947.4,False,16.3,34,1.2,False,True,True,FORMULA 1 ARAMCO GROSSER PREIS DER EIFEL 2020,Nürburgring,Germany,,,Permanent,10.0,,0.32091850737469124,0.40424082864897287,0.27484066397633594,3,False,Eifel Grand Prix,eifel_grand_prix,2020,2020-10-11,95.90533333333333,9,Opening,7.864999999999995,False,False,False,True
BOT,Mercedes,11,0 days 00:01:31.889000,0 days 00:00:30.090000,0 days 00:00:38.271000,0 days 00:00:23.528000,Soft,14,1,,,1,True,0 days 00:16:54.549000,91.889,30.09,38.271,23.528,1014.549,987.441,9.8,57.8,947.4,False,16.3,34,1.2,False,True,True,FORMULA 1 ARAMCO GROSSER PREIS DER EIFEL 2020,Nürburgring,Germany,,,Permanent,,,0.3274603053684337,0.41649163664856514,0.25604805798300123,3,False,Eifel Grand Prix,eifel_grand_prix,2020,2020-10-11,92.72000000000001,12,Opening,0.0049999999999954525,False,False,False,True
HAM,Mercedes,11,0 days 00:01:31.853000,0 days 00:00:30.065000,0 days 00:00:38.423000,0 days 00:00:23.365000,Soft,14,1,,,1,True,0 days 00:16:55.921000,91.853,30.065,38.423,23.365,1015.921,987.441,9.8,57.8,947.4,False,16.3,34,1.2,False,True,True,FORMULA 1 ARAMCO GROSSER PREIS DER EIFEL 2020,Nürburgring,Germany,,,Permanent,,,0.32731647306021583,0.4183096904837077,0.25437383645607653,3,False,Eifel Grand Prix,eifel_grand_prix,2020,2020-10-11,92.78453333333333,15,Opening,3.7079999999999984,False,False,False,True
VER,Red Bull Racing,11,0 days 00:01:31.927000,0 days 00:00:30.019000,0 days 00:00:38.286000,0 days 00:00:23.622000,Soft,14,1,,,1,True,0 days 00:16:58.333000,91.927,30.019,38.286,23.622,1018.333,1047.461,9.6,58.6,947.4,False,16.0,148,2.0,False,True,True,FORMULA 1 ARAMCO GROSSER PREIS DER EIFEL 2020,Nürburgring,Germany,,,Permanent,,,0.326552590642575,0.41648264383695754,0.2569647655204673,3,False,Eifel Grand Prix,eifel_grand_prix,2020,2020-10-11,93.08953333333334,15,Opening,3.788000000000011,False,False,False,True
RIC,Renault,11,0 days 00:01:33.080000,0 days 00:00:30.233000,0 days 00:00:38.912000,0 days 00:00:23.935000,Soft,14,1,,,1,True,0 days 00:17:17.750000,93.08,30.233,38.912,23.935,1037.75,1047.461,9.6,58.6,947.4,False,16.0,148,2.0,False,True,True,FORMULA 1 ARAMCO GROSSER PREIS DER EIFEL 2020,Nürburgring,Germany,,,Permanent,,,0.32480661796304255,0.4180489901160292,0.25714439192092825,3,False,Eifel Grand Prix,eifel_grand_prix,2020,2020-10-11,95.15386666666667,15,Opening,3.495999999999995,False,False,False,True
NOR,McLaren,11,0 days 00:01:32.959000,0 days 00:00:30.203000,0 days 00:00:38.730000,0 days 00:00:24.026000,Soft,14,1,,,1,True,0 days 00:17:21.715000,92.959,30.203,38.73,24.026,1041.715,1047.461,9.6,58.6,947.4,False,16.0,148,2.0,False,True,True,FORMULA 1 ARAMCO GROSSER PREIS DER EIFEL 2020,Nürburgring,Germany,,,Permanent,,,0.3249066792887187,0.4166352908271388,0.25845802988414246,3,False,Eifel Grand Prix,eifel_grand_prix,2020,2020-10-11,94.42985714285714,28,Opening,0.6310000000000002,False,False,False,True
PER,Racing Point,11,0 days 00:01:33.522000,0 days 00:00:30.503000,0 days 00:00:38.990000,0 days 00:00:24.029000,Soft,14,1,,,1,True,0 days 00:17:23.038000,93.522,30.503,38.99,24.029,1043.038,1047.461,9.6,58.6,947.4,False,16.0,148,2.0,False,True,True,FORMULA 1 ARAMCO GROSSER PREIS DER EIFEL 2020,Nürburgring,Germany,,,Permanent,,,0.3261585509291931,0.4169072517696371,0.2569341973011698,3,False,Eifel Grand Prix,eifel_grand_prix,2020,2020-10-11,94.44792592592593,27,Opening,3.8220000000000027,False,False,False,True
OCO,Renault,11,0 days 00:01:34.006000,0 days 00:00:30.783000,0 days 00:00:39.274000,0 days 00:00:23.949000,Soft,14,1,,,1,True,0 days 00:17:24.687000,94.006,30.783,39.274,23.949,1044.687,1047.461,9.6,58.6,947.4,False,16.0,148,2.0,False,True,True,FORMULA 1 ARAMCO GROSSER PREIS DER EIFEL 2020,Nürburgring,Germany,,,Permanent,,,0.32745782184115907,0.4177818437121035,0.25476033444673746,3,False,Eifel Grand Prix,eifel_grand_prix,2020,2020-10-11,95.66042857142857,21,Opening,0.8170000000000073,False,False,False,True
SAI,McLaren,11,0 days 00:01:33.822000,0 days 00:00:30.634000,0 days 00:00:39.257000,0 days 00:00:23.931000,Soft,14,1,,,1,True,0 days 00:17:26.091000,93.822,30.634,39.257,23.931,1046.091,1047.461,9.6,58.6,947.4,False,16.0,148,2.0,False,True,True,FORMULA 1 ARAMCO GROSSER PREIS DER EIFEL 2020,Nürburgring,Germany,,,Permanent,,,0.32651190552322484,0.4184199867834836,0.2550681076932916,3,False,Eifel Grand Prix,eifel_grand_prix,2020,2020-10-11,94.70933333333333,27,Opening,3.692999999999998,False,False,False,True
GIO,Alfa Romeo Racing,11,0 days 00:01:35.056000,0 days 00:00:31.228000,0 days 00:00:39.570000,0 days 00:00:24.258000,Soft,11,1,,,1,True,0 days 00:17:31.620000,95.056,31.228,39.57,24.258,1051.62,1047.461,9.6,58.6,947.4,False,16.0,148,2.0,False,True,True,FORMULA 1 ARAMCO GROSSER PREIS DER EIFEL 2020,Nürburgring,Germany,,,Permanent,,,0.32852213432082145,0.416280929136509,0.25519693654266956,3,False,Eifel Grand Prix,eifel_grand_prix,2020,2020-10-11,95.3155,14,Opening,4.146999999999991,False,False,False,True
GAS,AlphaTauri,11,0 days 00:01:35.552000,0 days 00:00:31.838000,0 days 00:00:39.525000,0 days 00:00:24.189000,Medium,11,1,,,1,True,0 days 00:17:34.630000,95.552,31.838,39.525,24.189,1054.63,1047.461,9.6,58.6,947.4,False,16.0,148,2.0,False,True,True,FORMULA 1 ARAMCO GROSSER PREIS DER EIFEL 2020,Nürburgring,Germany,,,Permanent,,,0.333200770261219,0.41364911252511716,0.25315011721366376,3,False,Eifel Grand Prix,eifel_grand_prix,2020,2020-10-11,95.14024137931034,29,Opening,5.442000000000007,False,False,False,True
MAG,Haas F1 Team,11,0 days 00:01:36.917000,0 days 00:00:32.333000,0 days 00:00:40.266000,0 days 00:00:24.318000,Soft,11,1,,,1,True,0 days 00:17:35.595000,96.917,32.333,40.266,24.318,1055.595,1047.461,9.6,58.6,947.4,False,16.0,148,2.0,False,True,True,FORMULA 1 ARAMCO GROSSER PREIS DER EIFEL 2020,Nürburgring,Germany,,,Permanent,,,0.3336153615980684,0.41546890638381295,0.2509157320181186,3,False,Eifel Grand Prix,eifel_grand_prix,2020,2020-10-11,95.43861538461539,13,Opening,6.4609999999999985,False,False,False,True
KVY,AlphaTauri,11,0 days 00:01:36.105000,0 days 00:00:31.070000,0 days 00:00:40.917000,0 days 00:00:24.118000,Medium,11,1,,,1,True,0 days 00:17:36.047000,96.105,31.07,40.917,24.118,1056.047,1047.461,9.6,58.6,947.4,False,16.0,148,2.0,False,True,True,FORMULA 1 ARAMCO GROSSER PREIS DER EIFEL 2020,Nürburgring,Germany,,,Permanent,,,0.32329223245408667,0.4257530825659435,0.2509546849799698,3,False,Eifel Grand Prix,eifel_grand_prix,2020,2020-10-11,97.986625,16,Opening,3.8910000000000053,False,False,False,True
HUL,Racing Point,11,0 days 00:01:35.253000,0 days 00:00:31.204000,0 days 00:00:39.845000,0 days 00:00:24.204000,Soft,11,1,,,1,True,0 days 00:17:39.717000,95.253,31.204,39.845,24.204,1059.717,1047.461,9.6,58.6,947.4,False,16.0,148,2.0,False,True,True,FORMULA 1 ARAMCO GROSSER PREIS DER EIFEL 2020,Nürburgring,Germany,,,Permanent,,,0.3275907320504341,0.4183070349490305,0.2541022330005354,3,False,Eifel Grand Prix,eifel_grand_prix,2020,2020-10-11,95.19917857142856,28,Opening,4.519999999999996,False,False,False,True
LAT,Williams,11,0 days 00:01:34.814000,0 days 00:00:31.184000,0 days 00:00:39.284000,0 days 00:00:24.346000,Soft,11,1,,,1,True,0 days 00:17:40.859000,94.814,31.184,39.284,24.346,1060.859,1047.461,9.6,58.6,947.4,False,16.0,148,2.0,False,True,True,FORMULA 1 ARAMCO GROSSER PREIS DER EIFEL 2020,Nürburgring,Germany,,,Permanent,,,0.32889657645495396,0.4143269981226401,0.256776425422406,3,False,Eifel Grand Prix,eifel_grand_prix,2020,2020-10-11,95.5433076923077,13,Opening,3.4369999999999976,False,False,False,True
ALB,Red Bull Racing,11,0 days 00:01:32.916000,0 days 00:00:29.990000,0 days 00:00:38.741000,0 days 00:00:24.185000,Medium,4,2,,,1,True,0 days 00:17:41.358000,92.916,29.99,38.741,24.185,1061.358,1047.461,9.6,58.6,947.4,False,16.0,148,2.0,False,True,True,FORMULA 1 ARAMCO GROSSER PREIS DER EIFEL 2020,Nürburgring,Germany,,,Permanent,,,0.3227646476387274,0.41694648930216544,0.26028886305910715,3,False,Eifel Grand Prix,eifel_grand_prix,2020,2020-10-11,96.140375,16,Closing,0.5859999999999985,False,False,False,True
VET,Ferrari,11,0 days 00:01:45.077000,0 days 00:00:36.331000,0 days 00:00:41.020000,0 days 00:00:27.726000,Medium,11,1,0 days 00:17:40.282000,,1,False,0 days 00:17:42.129000,105.077,36.331,41.02,27.726,1062.129,1047.461,9.6,58.6,947.4,False,16.0,148,2.0,False,True,True,FORMULA 1 ARAMCO GROSSER PREIS DER EIFEL 2020,Nürburgring,Germany,,,Permanent,11.0,,0.3457559694319404,0.3903803877156752,0.26386364285238445,3,False,Eifel Grand Prix,eifel_grand_prix,2020,2020-10-11,95.8391,10,Opening,14.668999999999997,False,False,False,True
RUS,Williams,11,0 days 00:01:39.543000,0 days 00:00:31.682000,0 days 00:00:40.168000,0 days 00:00:27.693000,Soft,11,1,0 days 00:17:40.861000,,1,False,0 days 00:17:42.629000,99.543,31.682,40.168,27.693,1062.629,1047.461,9.6,58.6,947.4,False,16.0,148,2.0,False,True,True,FORMULA 1 ARAMCO GROSSER PREIS DER EIFEL 2020,Nürburgring,Germany,,,Permanent,11.0,,0.3182745145314085,0.40352410516058385,0.2782013803080076,3,False,Eifel Grand Prix,eifel_grand_prix,2020,2020-10-11,95.7073,10,Opening,5.01700000000001,False,False,False,True
GRO,Haas F1 Team,11,0 days 00:01:35.085000,0 days 00:00:31.393000,0 days 00:00:39.491000,0 days 00:00:24.201000,Medium,11,1,,,1,True,0 days 00:17:43.061000,95.085,31.393,39.491,24.201,1063.061,1047.461,9.6,58.6,947.4,False,16.0,148,2.0,False,True,True,FORMULA 1 ARAMCO GROSSER PREIS DER EIFEL 2020,Nürburgring,Germany,,,Permanent,,,0.33015722774359785,0.41532313193458487,0.25451964032181734,3,False,Eifel Grand Prix,eifel_grand_prix,2020,2020-10-11,95.36396296296297,27,Opening,3.522999999999996,False,False,False,True
LEC,Ferrari,11,0 days 00:01:53.564000,0 days 00:00:50.719000,0 days 00:00:38.890000,0 days 00:00:23.955000,Medium,1,2,,0 days 00:16:11.994000,1,False,0 days 00:17:44.822000,113.564,50.719,38.89,23.955,1064.822,1047.461,9.6,58.6,947.4,False,16.0,148,2.0,False,True,True,FORMULA 1 ARAMCO GROSSER PREIS DER EIFEL 2020,Nürburgring,Germany,,,Permanent,,,0.4466116022683245,0.3424500722059808,0.21093832552569475,3,False,Eifel Grand Prix,eifel_grand_prix,2020,2020-10-11,94.8714,25,Mid,22.85199999999999,False,False,False,True
RAI,Alfa Romeo Racing,11,0 days 00:01:52.935000,0 days 00:00:50.435000,0 days 00:00:38.730000,0 days 00:00:23.770000,Medium,1,2,,0 days 00:16:31.167000,1,False,0 days 00:18:03.143000,112.935,50.435,38.73,23.77,1083.143,1107.449,9.5,58.9,947.5,False,15.9,48,2.2,False,True,True,FORMULA 1 ARAMCO GROSSER PREIS DER EIFEL 2020,Nürburgring,Germany,,,Permanent,,,0.4465843184132466,0.34294062956567933,0.21047505202107405,3,False,Eifel Grand Prix,eifel_grand_prix,2020,2020-10-11,95.14329411764706,34,Mid,22.423000000000002,False,False,False,True
BOT,Mercedes,12,0 days 00:01:32.325000,0 days 00:00:30.192000,0 days 00:00:38.483000,0 days 00:00:23.650000,Soft,15,1,,,1,True,0 days 00:18:26.874000,92.325,30.192,38.483,23.65,1106.874,1107.449,9.5,58.9,947.5,False,15.9,48,2.2,False,True,True,FORMULA 1 ARAMCO GROSSER PREIS DER EIFEL 2020,Nürburgring,Germany,,,Permanent,,,0.3270186839967506,0.41682101272678035,0.256160303276469,3,False,Eifel Grand Prix,eifel_grand_prix,2020,2020-10-11,92.72000000000001,12,Opening,0.4410000000000025,False,False,False,True
HAM,Mercedes,12,0 days 00:01:32.072000,0 days 00:00:29.997000,0 days 00:00:38.433000,0 days 00:00:23.642000,Soft,15,1,,,1,True,0 days 00:18:27.993000,92.072,29.997,38.433,23.642,1107.993,1107.449,9.5,58.9,947.5,False,15.9,48,2.2,False,True,True,FORMULA 1 ARAMCO GROSSER PREIS DER EIFEL 2020,Nürburgring,Germany,,,Permanent,,,0.3257993744026414,0.41742332087931183,0.2567773047180467,3,False,Eifel Grand Prix,eifel_grand_prix,2020,2020-10-11,92.78453333333333,15,Opening,3.9270000000000067,False,False,False,True
VER,Red Bull Racing,12,0 days 00:01:31.822000,0 days 00:00:29.807000,0 days 00:00:38.340000,0 days 00:00:23.675000,Soft,15,1,,,1,True,0 days 00:18:30.155000,91.822,29.807,38.34,23.675,1110.155,1107.449,9.5,58.9,947.5,False,15.9,48,2.2,False,True,True,FORMULA 1 ARAMCO GROSSER PREIS DER EIFEL 2020,Nürburgring,Germany,,,Permanent,,,0.32461719413648144,0.41754699309533666,0.2578358127681819,3,False,Eifel Grand Prix,eifel_grand_prix,2020,2020-10-11,93.08953333333334,15,Opening,3.683000000000007,False,False,False,True
RIC,Renault,12,0 days 00:01:33.102000,0 days 00:00:30.342000,0 days 00:00:38.839000,0 days 00:00:23.921000,Soft,15,1,,,1,True,0 days 00:18:50.852000,93.102,30.342,38.839,23.921,1130.852,1107.449,9.5,58.9,947.5,False,15.9,48,2.2,False,True,True,FORMULA 1 ARAMCO GROSSER PREIS DER EIFEL 2020,Nürburgring,Germany,,,Permanent,,,0.3259006251208352,0.41716611888036775,0.256933255998797,3,False,Eifel Grand Prix,eifel_grand_prix,2020,2020-10-11,95.15386666666667,15,Opening,3.5180000000000007,False,False,False,True
NOR,McLaren,12,0 days 00:01:32.965000,0 days 00:00:30.352000,0 days 00:00:38.695000,0 days 00:00:23.918000,Soft,15,1,,,1,True,0 days 00:18:54.680000,92.965,30.352,38.695,23.918,1134.68,1107.449,9.5,58.9,947.5,False,15.9,48,2.2,False,True,True,FORMULA 1 ARAMCO GROSSER PREIS DER EIFEL 2020,Nürburgring,Germany,,,Permanent,,,0.3264884634002044,0.4162319152369171,0.25727962136287846,3,False,Eifel Grand Prix,eifel_grand_prix,2020,2020-10-11,94.42985714285714,28,Opening,0.6370000000000005,False,False,False,True
PER,Racing Point,12,0 days 00:01:33.274000,0 days 00:00:30.505000,0 days 00:00:38.688000,0 days 00:00:24.081000,Soft,15,1,,,1,True,0 days 00:18:56.312000,93.274,30.505,38.688,24.081,1136.312,1107.449,9.5,58.9,947.5,False,15.9,48,2.2,False,True,True,FORMULA 1 ARAMCO GROSSER PREIS DER EIFEL 2020,Nürburgring,Germany,,,Permanent,,,0.3270471942877972,0.4147779659926668,0.258174839719536,3,False,Eifel Grand Prix,eifel_grand_prix,2020,2020-10-11,94.44792592592593,27,Opening,3.573999999999998,False,False,False,True
OCO,Renault,12,0 days 00:01:33.745000,0 days 00:00:30.648000,0 days 00:00:39.206000,0 days 00:00:23.891000,Soft,15,1,,,1,True,0 days 00:18:58.432000,93.745,30.648,39.206,23.891,1138.432,1167.461,9.5,59.5,947.3,False,15.9,46,1.5,False,True,True,FORMULA 1 ARAMCO GROSSER PREIS DER EIFEL 2020,Nürburgring,Germany,,,Permanent,,,0.32692943623659926,0.41821963838071363,0.25485092538268705,3,False,Eifel Grand Prix,eifel_grand_prix,2020,2020-10-11,95.66042857142857,21,Opening,0.5560000000000116,False,False,False,True
SAI,McLaren,12,0 days 00:01:34.212000,0 days 00:00:30.754000,0 days 00:00:39.229000,0 days 00:00:24.229000,Soft,15,1,,,1,True,0 days 00:19:00.303000,94.212,30.754,39.229,24.229,1140.303,1167.461,9.5,59.5,947.3,False,15.9,46,1.5,False,True,True,FORMULA 1 ARAMCO GROSSER PREIS DER EIFEL 2020,Nürburgring,Germany,,,Permanent,,,0.32643399991508515,0.4163906933299367,0.25717530675497813,3,False,Eifel Grand Prix,eifel_grand_prix,2020,2020-10-11,94.70933333333333,27,Opening,4.082999999999998,False,False,False,True
GIO,Alfa Romeo Racing,12,0 days 00:01:35.121000,0 days 00:00:30.997000,0 days 00:00:39.712000,0 days 00:00:24.412000,Soft,12,1,,,1,True,0 days 00:19:06.741000,95.121,30.997,39.712,24.412,1146.741,1167.461,9.5,59.5,947.3,False,15.9,46,1.5,False,True,True,FORMULA 1 ARAMCO GROSSER PREIS DER EIFEL 2020,Nürburgring,Germany,,,Permanent,,,0.3258691561274587,0.41748930309815924,0.2566415407743821,3,False,Eifel Grand Prix,eifel_grand_prix,2020,2020-10-11,95.3155,14,Opening,4.211999999999989,False,False,False,True
GAS,AlphaTauri,12,0 days 00:01:33.697000,0 days 00:00:30.533000,0 days 00:00:39.078000,0 days 00:00:24.086000,Medium,12,1,,,1,True,0 days 00:19:08.327000,93.697,30.533,39.078,24.086,1148.327,1167.461,9.5,59.5,947.3,False,15.9,46,1.5,False,True,True,FORMULA 1 ARAMCO GROSSER PREIS DER EIFEL 2020,Nürburgring,Germany,,,Permanent,,,0.3258695582569346,0.41706778231960473,0.2570626594234607,3,False,Eifel Grand Prix,eifel_grand_prix,2020,2020-10-11,95.14024137931034,29,Opening,3.5870000000000033,False,False,False,True
MAG,Haas F1 Team,12,0 days 00:01:34.990000,0 days 00:00:30.908000,0 days 00:00:39.561000,0 days 00:00:24.521000,Soft,12,1,,,1,True,0 days 00:19:10.585000,94.99,30.908,39.561,24.521,1150.585,1167.461,9.5,59.5,947.3,False,15.9,46,1.5,False,True,True,FORMULA 1 ARAMCO GROSSER PREIS DER EIFEL 2020,Nürburgring,Germany,,,Permanent,,,0.3253816191178019,0.4164754184651016,0.25814296241709656,3,False,Eifel Grand Prix,eifel_grand_prix,2020,2020-10-11,95.43861538461539,13,Opening,4.533999999999992,False,False,False,True
KVY,AlphaTauri,12,0 days 00:01:34.916000,0 days 00:00:30.794000,0 days 00:00:39.732000,0 days 00:00:24.390000,Medium,12,1,,,1,True,0 days 00:19:10.963000,94.916,30.794,39.732,24.39,1150.963,1167.461,9.5,59.5,947.3,False,15.9,46,1.5,False,True,True,FORMULA 1 ARAMCO GROSSER PREIS DER EIFEL 2020,Nürburgring,Germany,,,Permanent,,,0.32443423658814113,0.4186017109865565,0.2569640524253024,3,False,Eifel Grand Prix,eifel_grand_prix,2020,2020-10-11,97.986625,16,Opening,2.701999999999998,False,False,False,True
HUL,Racing Point,12,0 days 00:01:33.662000,0 days 00:00:30.530000,0 days 00:00:39.156000,0 days 00:00:23.976000,Soft,12,1,,,1,True,0 days 00:19:13.379000,93.662,30.53,39.156,23.976,1153.379,1167.461,9.5,59.5,947.3,False,15.9,46,1.5,False,True,True,FORMULA 1 ARAMCO GROSSER PREIS DER EIFEL 2020,Nürburgring,Germany,,,Permanent,,,0.3259593004633683,0.4180564156221306,0.25598428391450107,3,False,Eifel Grand Prix,eifel_grand_prix,2020,2020-10-11,95.19917857142856,28,Opening,2.929000000000002,False,False,False,True
ALB,Red Bull Racing,12,0 days 00:01:32.626000,0 days 00:00:29.973000,0 days 00:00:38.565000,0 days 00:00:24.088000,Medium,5,2,,,1,True,0 days 00:19:13.984000,92.626,29.973,38.565,24.088,1153.984,1167.461,9.5,59.5,947.3,False,15.9,46,1.5,False,True,True,FORMULA 1 ARAMCO GROSSER PREIS DER EIFEL 2020,Nürburgring,Germany,,,Permanent,,,0.32359164813335345,0.4163517802776758,0.2600565715889707,3,False,Eifel Grand Prix,eifel_grand_prix,2020,2020-10-11,96.140375,16,Closing,0.2960000000000065,False,False,False,True
LAT,Williams,12,0 days 00:01:35.209000,0 days 00:00:31.599000,0 days 00:00:39.340000,0 days 00:00:24.270000,Soft,12,1,,,1,True,0 days 00:19:16.068000,95.209,31.599,39.34,24.27,1156.068,1167.461,9.5,59.5,947.3,False,15.9,46,1.5,False,True,True,FORMULA 1 ARAMCO GROSSER PREIS DER EIFEL 2020,Nürburgring,Germany,,,Permanent,,,0.33189089266771,0.4131962314487076,0.2549128758835824,3,False,Eifel Grand Prix,eifel_grand_prix,2020,2020-10-11,95.5433076923077,13,Opening,3.832000000000008,False,False,False,True
GRO,Haas F1 Team,12,0 days 00:01:34.104000,0 days 00:00:30.767000,0 days 00:00:39.167000,0 days 00:00:24.170000,Medium,12,1,,,1,True,0 days 00:19:17.165000,94.104,30.767,39.167,24.17,1157.165,1167.461,9.5,59.5,947.3,False,15.9,46,1.5,False,True,True,FORMULA 1 ARAMCO GROSSER PREIS DER EIFEL 2020,Nürburgring,Germany,,,Permanent,,,0.3269467822834311,0.4162097254101845,0.2568434923063844,3,False,Eifel Grand Prix,eifel_grand_prix,2020,2020-10-11,95.36396296296297,27,Opening,2.5420000000000016,False,False,False,True
LEC,Ferrari,12,0 days 00:01:33.245000,0 days 00:00:30.474000,0 days 00:00:38.774000,0 days 00:00:23.997000,Medium,2,2,,,1,True,0 days 00:19:18.067000,93.245,30.474,38.774,23.997,1158.067,1167.461,9.5,59.5,947.3,False,15.9,46,1.5,False,True,True,FORMULA 1 ARAMCO GROSSER PREIS DER EIFEL 2020,Nürburgring,Germany,,,Permanent,,,0.32681645128425113,0.4158292669848249,0.2573542817309239,3,False,Eifel Grand Prix,eifel_grand_prix,2020,2020-10-11,94.8714,25,Mid,2.5330000000000013,False,False,False,True
RUS,Williams,12,0 days 00:01:55.084000,0 days 00:00:51.114000,0 days 00:00:39.898000,0 days 00:00:24.072000,Medium,1,2,,0 days 00:18:03.316000,1,False,0 days 00:19:37.713000,115.084,51.114,39.898,24.072,1177.713,1167.461,9.5,59.5,947.3,False,15.9,46,1.5,False,True,True,FORMULA 1 ARAMCO GROSSER PREIS DER EIFEL 2020,Nürburgring,Germany,,,Permanent,,,0.4441451461541135,0.34668589899551633,0.20916895485037015,3,False,Eifel Grand Prix,eifel_grand_prix,2020,2020-10-11,115.084,1,Closing,20.558000000000007,False,False,False,True
VET,Ferrari,12,0 days 00:01:55.669000,0 days 00:00:51.135000,0 days 00:00:39.860000,0 days 00:00:24.674000,Hard,1,2,,0 days 00:18:02.849000,1,False,0 days 00:19:37.798000,115.669,51.135,39.86,24.674,1177.798,1167.461,9.5,59.5,947.3,False,15.9,46,1.5,False,True,True,FORMULA 1 ARAMCO GROSSER PREIS DER EIFEL 2020,Nürburgring,Germany,,,Permanent,,,0.44208041912699164,0.3446039993429527,0.2133155815300556,3,False,Eifel Grand Prix,eifel_grand_prix,2020,2020-10-11,94.79276666666667,30,Mid,25.260999999999996,False,False,False,True
RAI,Alfa Romeo Racing,12,0 days 00:01:34.996000,0 days 00:00:30.774000,0 days 00:00:40.333000,0 days 00:00:23.889000,Medium,2,2,,,1,True,0 days 00:19:38.139000,94.996,30.774,40.333,23.889,1178.139,1167.461,9.5,59.5,947.3,False,15.9,46,1.5,False,True,True,FORMULA 1 ARAMCO GROSSER PREIS DER EIFEL 2020,Nürburgring,Germany,,,Permanent,,,0.3239504821255632,0.4245757716114363,0.25147374626300056,3,False,Eifel Grand Prix,eifel_grand_prix,2020,2020-10-11,95.14329411764706,34,Mid,4.483999999999995,False,False,False,True
HAM,Mercedes,13,0 days 00:01:31.704000,0 days 00:00:30.046000,0 days 00:00:38.258000,0 days 00:00:23.400000,Soft,16,1,,,12,True,0 days 00:19:59.697000,91.704,30.046,38.258,23.4,1199.697,1227.469,9.4,59.5,947.3,False,15.7,0,2.3,False,True,True,FORMULA 1 ARAMCO GROSSER PREIS DER EIFEL 2020,Nürburgring,Germany,,,Permanent,,,0.3276411061676699,0.41719008985431394,0.2551688039780162,3,False,Eifel Grand Prix,eifel_grand_prix,2020,2020-10-11,92.78453333333333,15,Opening,3.5589999999999975,False,False,False,True
VER,Red Bull Racing,13,0 days 00:01:33.148000,0 days 00:00:29.944000,0 days 00:00:38.974000,0 days 00:00:24.230000,Soft,16,1,,,12,True,0 days 00:20:03.303000,93.148,29.944,38.974,24.23,1203.303,1227.469,9.4,59.5,947.3,False,15.7,0,2.3,False,True,True,FORMULA 1 ARAMCO GROSSER PREIS DER EIFEL 2020,Nürburgring,Germany,,,Permanent,,,0.3214669128698415,0.4184094129771976,0.2601236741529609,3,False,Eifel Grand Prix,eifel_grand_prix,2020,2020-10-11,93.08953333333334,15,Opening,5.009,False,False,False,True
BOT,Mercedes,13,0 days 00:01:39.536000,0 days 00:00:32.043000,0 days 00:00:39.701000,0 days 00:00:27.792000,Soft,16,1,0 days 00:20:04.562000,,12,False,0 days 00:20:06.410000,99.536,32.043,39.701,27.792,1206.41,1227.469,9.4,59.5,947.3,False,15.7,0,2.3,False,True,True,FORMULA 1 ARAMCO GROSSER PREIS DER EIFEL 2020,Nürburgring,Germany,,,Permanent,13.0,,0.3219237260890532,0.3988607137116219,0.27921556019932486,3,False,Eifel Grand Prix,eifel_grand_prix,2020,2020-10-11,92.72000000000001,12,Opening,7.652000000000001,False,False,False,True
RIC,Renault,13,0 days 00:01:33.023000,0 days 00:00:30.220000,0 days 00:00:38.865000,0 days 00:00:23.938000,Soft,16,1,,,12,True,0 days 00:20:23.875000,93.023,30.22,38.865,23.938,1223.875,1227.469,9.4,59.5,947.3,False,15.7,0,2.3,False,True,True,FORMULA 1 ARAMCO GROSSER PREIS DER EIFEL 2020,Nürburgring,Germany,,,Permanent,,,0.3248658933812068,0.41779989894972214,0.2573342076690711,3,False,Eifel Grand Prix,eifel_grand_prix,2020,2020-10-11,95.15386666666667,15,Opening,3.438999999999993,False,False,False,True
NOR,McLaren,13,0 days 00:01:32.770000,0 days 00:00:30.260000,0 days 00:00:38.586000,0 days 00:00:23.924000,Soft,16,1,,,12,True,0 days 00:20:27.450000,92.77,30.26,38.586,23.924,1227.45,1227.469,9.4,59.5,947.3,False,15.7,0,2.3,False,True,True,FORMULA 1 ARAMCO GROSSER PREIS DER EIFEL 2020,Nürburgring,Germany,,,Permanent,,,0.32618303330818155,0.4159318745284036,0.2578850921634149,3,False,Eifel Grand Prix,eifel_grand_prix,2020,2020-10-11,94.42985714285714,28,Opening,0.44199999999999307,False,False,False,True
PER,Racing Point,13,0 days 00:01:32.944000,0 days 00:00:30.273000,0 days 00:00:38.687000,0 days 00:00:23.984000,Soft,16,1,,,12,True,0 days 00:20:29.256000,92.944,30.273,38.687,23.984,1229.256,1227.469,9.4,59.5,947.3,False,15.7,0,2.3,False,True,True,FORMULA 1 ARAMCO GROSSER PREIS DER EIFEL 2020,Nürburgring,Germany,,,Permanent,,,0.32571225684283006,0.4162398863831984,0.25804785677397146,3,False,Eifel Grand Prix,eifel_grand_prix,2020,2020-10-11,94.44792592592593,27,Opening,3.2439999999999998,False,False,False,True
OCO,Renault,13,0 days 00:01:33.556000,0 days 00:00:30.478000,0 days 00:00:39.224000,0 days 00:00:23.854000,Soft,16,1,,,12,True,0 days 00:20:31.988000,93.556,30.478,39.224,23.854,1231.988,1227.469,9.4,59.5,947.3,False,15.7,0,2.3,False,True,True,FORMULA 1 ARAMCO GROSSER PREIS DER EIFEL 2020,Nürburgring,Germany,,,Permanent,,,0.3257727991791013,0.41925691564410617,0.2549702851767925,3,False,Eifel Grand Prix,eifel_grand_prix,2020,2020-10-11,95.66042857142857,21,Opening,0.36700000000000443,False,False,False,True
SAI,McLaren,13,0 days 00:01:33.853000,0 days 00:00:30.460000,0 days 00:00:39.251000,0 days 00:00:24.142000,Soft,16,1,,,12,True,0 days 00:20:34.156000,93.853,30.46,39.251,24.142,1234.156,1227.469,9.4,59.5,947.3,False,15.7,0,2.3,False,True,True,FORMULA 1 ARAMCO GROSSER PREIS DER EIFEL 2020,Nürburgring,Germany,,,Permanent,,,0.3245500942963997,0.41821785132068234,0.25723205438291796,3,False,Eifel Grand Prix,eifel_grand_prix,2020,2020-10-11,94.70933333333333,27,Opening,3.7239999999999895,False,False,False,True
GIO,Alfa Romeo Racing,13,0 days 00:01:35.304000,0 days 00:00:31.088000,0 days 00:00:39.595000,0 days 00:00:24.621000,Soft,13,1,,,12,True,0 days 00:20:42.045000,95.304,31.088,39.595,24.621,1242.045,1227.469,9.4,59.5,947.3,False,15.7,0,2.3,False,True,True,FORMULA 1 ARAMCO GROSSER PREIS DER EIFEL 2020,Nürburgring,Germany,,,Permanent,,,0.32619827079660874,0.41546000167883823,0.258341727524553,3,False,Eifel Grand Prix,eifel_grand_prix,2020,2020-10-11,95.3155,14,Opening,4.394999999999996,False,False,False,True
GAS,AlphaTauri,13,0 days 00:01:34.160000,0 days 00:00:30.506000,0 days 00:00:39.342000,0 days 00:00:24.312000,Medium,13,1,,,12,True,0 days 00:20:42.487000,94.16,30.506,39.342,24.312,1242.487,1227.469,9.4,59.5,947.3,False,15.7,0,2.3,False,True,True,FORMULA 1 ARAMCO GROSSER PREIS DER EIFEL 2020,Nürburgring,Germany,,,Permanent,,,0.3239804587935429,0.41782073067119796,0.25819881053525917,3,False,Eifel Grand Prix,eifel_grand_prix,2020,2020-10-11,95.14024137931034,29,Opening,4.049999999999997,False,False,False,True
KVY,AlphaTauri,13,0 days 00:01:34.186000,0 days 00:00:30.584000,0 days 00:00:39.475000,0 days 00:00:24.127000,Medium,13,1,,,12,True,0 days 00:20:45.149000,94.186,30.584,39.475,24.127,1245.149,1227.469,9.4,59.5,947.3,False,15.7,0,2.3,False,True,True,FORMULA 1 ARAMCO GROSSER PREIS DER EIFEL 2020,Nürburgring,Germany,,,Permanent,,,0.324719172700826,0.41911749092221773,0.2561633363769562,3,False,Eifel Grand Prix,eifel_grand_prix,2020,2020-10-11,97.986625,16,Opening,1.9720000000000084,False,False,False,True
ALB,Red Bull Racing,13,0 days 00:01:32.477000,0 days 00:00:30,0 days 00:00:38.593000,0 days 00:00:23.884000,Medium,6,2,,,12,True,0 days 00:20:46.461000,92.477,30.0,38.593,23.884,1246.461,1227.469,9.4,59.5,947.3,False,15.7,0,2.3,False,True,True,FORMULA 1 ARAMCO GROSSER PREIS DER EIFEL 2020,Nürburgring,Germany,,,Permanent,,,0.32440498718600297,0.41732538901564714,0.25826962379834983,3,False,Eifel Grand Prix,eifel_grand_prix,2020,2020-10-11,96.140375,16,Closing,0.14700000000000557,False,False,False,True
MAG,Haas F1 Team,13,0 days 00:01:36.913000,0 days 00:00:31.513000,0 days 00:00:40.038000,0 days 00:00:25.362000,Soft,13,1,,,12,True,0 days 00:20:47.498000,96.913,31.513,40.038,25.362,1247.498,1227.469,9.4,59.5,947.3,False,15.7,0,2.3,False,True,True,FORMULA 1 ARAMCO GROSSER PREIS DER EIFEL 2020,Nürburgring,Germany,,,Permanent,,,0.3251679341264846,0.4131334289517402,0.2616986369217752,3,False,Eifel Grand Prix,eifel_grand_prix,2020,2020-10-11,95.43861538461539,13,Opening,6.456999999999994,False,False,False,True
HUL,Racing Point,13,0 days 00:01:35.496000,0 days 00:00:31.807000,0 days 00:00:39.418000,0 days 00:00:24.271000,Soft,13,1,,,12,True,0 days 00:20:48.875000,95.496,31.807,39.418,24.271,1248.875,1227.469,9.4,59.5,947.3,False,15.7,0,2.3,False,True,True,FORMULA 1 ARAMCO GROSSER PREIS DER EIFEL 2020,Nürburgring,Germany,,,Permanent,,,0.3330715422635503,0.4127712155482952,0.2541572421881545,3,False,Eifel Grand Prix,eifel_grand_prix,2020,2020-10-11,95.19917857142856,28,Opening,4.762999999999991,False,False,False,True
LAT,Williams,13,0 days 00:01:34.932000,0 days 00:00:31.361000,0 days 00:00:39.307000,0 days 00:00:24.264000,Soft,13,1,,,12,True,0 days 00:20:51,94.932,31.361,39.307,24.264,1251.0,1227.469,9.4,59.5,947.3,False,15.7,0,2.3,False,True,True,FORMULA 1 ARAMCO GROSSER PREIS DER EIFEL 2020,Nürburgring,Germany,,,Permanent,,,0.3303522521383727,0.4140542704251464,0.2555934774364808,3,False,Eifel Grand Prix,eifel_grand_prix,2020,2020-10-11,95.5433076923077,13,Opening,3.555000000000007,False,False,False,True
LEC,Ferrari,13,0 days 00:01:34.114000,0 days 00:00:30.749000,0 days 00:00:39.371000,0 days 00:00:23.994000,Medium,3,2,,,12,True,0 days 00:20:52.181000,94.114,30.749,39.371,23.994,1252.181,1227.469,9.4,59.5,947.3,False,15.7,0,2.3,False,True,True,FORMULA 1 ARAMCO GROSSER PREIS DER EIFEL 2020,Nürburgring,Germany,,,Permanent,,,0.3267207854304354,0.41833308540705955,0.25494612916250503,3,False,Eifel Grand Prix,eifel_grand_prix,2020,2020-10-11,94.8714,25,Mid,3.402000000000001,False,False,False,True
GRO,Haas F1 Team,13,0 days 00:01:35.132000,0 days 00:00:31.214000,0 days 00:00:39.273000,0 days 00:00:24.645000,Medium,13,1,,,12,True,0 days 00:20:52.297000,95.132,31.214,39.273,24.645,1252.297,1227.469,9.4,59.5,947.3,False,15.7,0,2.3,False,True,True,FORMULA 1 ARAMCO GROSSER PREIS DER EIFEL 2020,Nürburgring,Germany,,,Permanent,,,0.32811251734432156,0.41282638859689696,0.25906109405878147,3,False,Eifel Grand Prix,eifel_grand_prix,2020,2020-10-11,95.36396296296297,27,Opening,3.5700000000000074,False,False,False,True
VET,Ferrari,13,0 days 00:01:32.744000,0 days 00:00:30.371000,0 days 00:00:38.558000,0 days 00:00:23.815000,Hard,2,2,,,12,True,0 days 00:21:10.542000,92.744,30.371,38.558,23.815,1270.542,1287.462,9.5,59.7,947.4,False,15.6,79,1.3,False,True,True,FORMULA 1 ARAMCO GROSSER PREIS DER EIFEL 2020,Nürburgring,Germany,,,Permanent,,,0.3274713188993358,0.4157465712067627,0.2567821098939015,3,False,Eifel Grand Prix,eifel_grand_prix,2020,2020-10-11,94.79276666666667,30,Mid,2.3359999999999985,False,False,False,True
RAI,Alfa Romeo Racing,13,0 days 00:01:33.641000,0 days 00:00:31.204000,0 days 00:00:38.703000,0 days 00:00:23.734000,Medium,3,2,,,12,True,0 days 00:21:11.780000,93.641,31.204,38.703,23.734,1271.78,1287.462,9.5,59.7,947.4,False,15.6,79,1.3,False,True,True,FORMULA 1 ARAMCO GROSSER PREIS DER EIFEL 2020,Nürburgring,Germany,,,Permanent,,,0.33323010219882315,0.4133125447186596,0.25345735308251727,3,False,Eifel Grand Prix,eifel_grand_prix,2020,2020-10-11,95.14329411764706,34,Mid,3.129000000000005,False,False,False,True
HAM,Mercedes,14,0 days 00:01:31.781000,0 days 00:00:30.105000,0 days 00:00:38.248000,0 days 00:00:23.428000,Soft,17,1,,,12,True,0 days 00:21:31.478000,91.781,30.105,38.248,23.428,1291.478,1287.462,9.5,59.7,947.4,False,15.6,79,1.3,False,True,True,FORMULA 1 ARAMCO GROSSER PREIS DER EIFEL 2020,Nürburgring,Germany,,,Permanent,,,0.3280090650570379,0.4167311317157145,0.25525980322724745,3,False,Eifel Grand Prix,eifel_grand_prix,2020,2020-10-11,92.78453333333333,15,Opening,3.63600000000001,False,False,False,True
VER,Red Bull Racing,14,0 days 00:01:32.446000,0 days 00:00:30.305000,0 days 00:00:38.245000,0 days 00:00:23.896000,Soft,17,1,,,12,True,0 days 00:21:35.749000,92.446,30.305,38.245,23.896,1295.749,1287.462,9.5,59.7,947.4,False,15.6,79,1.3,False,True,True,FORMULA 1 ARAMCO GROSSER PREIS DER EIFEL 2020,Nürburgring,Germany,,,Permanent,,,0.32781299353135884,0.4137009713778855,0.2584860350907557,3,False,Eifel Grand Prix,eifel_grand_prix,2020,2020-10-11,93.08953333333334,15,Opening,4.307000000000002,False,False,False,True
RIC,Renault,14,0 days 00:01:33.280000,0 days 00:00:30.438000,0 days 00:00:38.965000,0 days 00:00:23.877000,Soft,17,1,,,1,True,0 days 00:21:57.155000,93.28,30.438,38.965,23.877,1317.155,1287.462,9.5,59.7,947.4,False,15.6,79,1.3,False,True,True,FORMULA 1 ARAMCO GROSSER PREIS DER EIFEL 2020,Nürburgring,Germany,,,Permanent,,,0.32630789022298456,0.41772084048027447,0.25597126929674097,3,False,Eifel Grand Prix,eifel_grand_prix,2020,2020-10-11,95.15386666666667,15,Opening,3.695999999999998,False,False,False,True
BOT,Mercedes,14,0 days 00:01:51.656000,0 days 00:00:50.034000,0 days 00:00:38.364000,0 days 00:00:23.258000,Medium,1,2,,0 days 00:20:27.188000,12,False,0 days 00:21:58.066000,111.656,50.034,38.364,23.258,1318.066,1347.476,9.6,59.9,947.4,False,15.6,36,1.4,False,True,True,FORMULA 1 ARAMCO GROSSER PREIS DER EIFEL 2020,Nürburgring,Germany,,,Permanent,,,0.44810847603353154,0.3435910295908863,0.20830049437558212,3,False,Eifel Grand Prix,eifel_grand_prix,2020,2020-10-11,106.7254,5,Closing,19.772000000000006,False,False,False,True
NOR,McLaren,14,0 days 00:01:33.481000,0 days 00:00:30.430000,0 days 00:00:39.084000,0 days 00:00:23.967000,Soft,17,1,,,1,True,0 days 00:22:00.931000,93.481,30.43,39.084,23.967,1320.931,1347.476,9.6,59.9,947.4,False,15.6,36,1.4,False,True,True,FORMULA 1 ARAMCO GROSSER PREIS DER EIFEL 2020,Nürburgring,Germany,,,Permanent,,,0.3255206940447792,0.41809565580171376,0.2563836501535071,3,False,Eifel Grand Prix,eifel_grand_prix,2020,2020-10-11,94.42985714285714,28,Opening,1.1529999999999916,False,False,False,True
PER,Racing Point,14,0 days 00:01:33.428000,0 days 00:00:30.508000,0 days 00:00:38.970000,0 days 00:00:23.950000,Soft,17,1,,,1,True,0 days 00:22:02.684000,93.428,30.508,38.97,23.95,1322.684,1347.476,9.6,59.9,947.4,False,15.6,36,1.4,False,True,True,FORMULA 1 ARAMCO GROSSER PREIS DER EIFEL 2020,Nürburgring,Germany,,,Permanent,,,0.3265402234876054,0.4171126428907822,0.2563471336216124,3,False,Eifel Grand Prix,eifel_grand_prix,2020,2020-10-11,94.44792592592593,27,Opening,3.7279999999999944,False,False,False,True
OCO,Renault,14,0 days 00:01:33.903000,0 days 00:00:30.546000,0 days 00:00:39.377000,0 days 00:00:23.980000,Soft,17,1,,,1,True,0 days 00:22:05.891000,93.903,30.546,39.377,23.98,1325.891,1347.476,9.6,59.9,947.4,False,15.6,36,1.4,False,True,True,FORMULA 1 ARAMCO GROSSER PREIS DER EIFEL 2020,Nürburgring,Germany,,,Permanent,,,0.32529312162550716,0.41933697538949766,0.2553699029849951,3,False,Eifel Grand Prix,eifel_grand_prix,2020,2020-10-11,95.66042857142857,21,Opening,0.7140000000000128,False,False,False,True
SAI,McLaren,14,0 days 00:01:33.822000,0 days 00:00:30.609000,0 days 00:00:39.091000,0 days 00:00:24.122000,Soft,17,1,,,1,True,0 days 00:22:07.978000,93.822,30.609,39.091,24.122,1327.978,1347.476,9.6,59.9,947.4,False,15.6,36,1.4,False,True,True,FORMULA 1 ARAMCO GROSSER PREIS DER EIFEL 2020,Nürburgring,Germany,,,Permanent,,,0.3262454434993925,0.4166506789452367,0.2571038775553708,3,False,Eifel Grand Prix,eifel_grand_prix,2020,2020-10-11,94.70933333333333,27,Opening,3.692999999999998,False,False,False,True
GAS,AlphaTauri,14,0 days 00:01:33.232000,0 days 00:00:30.142000,0 days 00:00:38.983000,0 days 00:00:24.107000,Medium,14,1,,,1,True,0 days 00:22:15.719000,93.232,30.142,38.983,24.107,1335.719,1347.476,9.6,59.9,947.4,False,15.6,36,1.4,False,True,True,FORMULA 1 ARAMCO GROSSER PREIS DER EIFEL 2020,Nürburgring,Germany,,,Permanent,,,0.3233010125278874,0.41812896859447396,0.2585700188776386,3,False,Eifel Grand Prix,eifel_grand_prix,2020,2020-10-11,95.14024137931034,29,Opening,3.122,False,False,False,True
GIO,Alfa Romeo Racing,14,0 days 00:01:36.438000,0 days 00:00:32.005000,0 days 00:00:39.994000,0 days 00:00:24.439000,Soft,14,1,,,1,True,0 days 00:22:18.483000,96.438,32.005,39.994,24.439,1338.483,1347.476,9.6,59.9,947.4,False,15.6,36,1.4,False,True,True,FORMULA 1 ARAMCO GROSSER PREIS DER EIFEL 2020,Nürburgring,Germany,,,Permanent,,,0.3318712540699724,0.4147120429706132,0.2534167029594143,3,False,Eifel Grand Prix,eifel_grand_prix,2020,2020-10-11,95.3155,14,Opening,5.528999999999996,False,False,False,True
KVY,AlphaTauri,14,0 days 00:01:34.233000,0 days 00:00:30.535000,0 days 00:00:39.322000,0 days 00:00:24.376000,Medium,14,1,,,1,True,0 days 00:22:19.382000,94.233,30.535,39.322,24.376,1339.382,1347.476,9.6,59.9,947.4,False,15.6,36,1.4,False,True,True,FORMULA 1 ARAMCO GROSSER PREIS DER EIFEL 2020,Nürburgring,Germany,,,Permanent,,,0.32403722687381276,0.41728481529825007,0.2586779578279371,3,False,Eifel Grand Prix,eifel_grand_prix,2020,2020-10-11,97.986625,16,Opening,2.0190000000000055,False,False,False,True
ALB,Red Bull Racing,14,0 days 00:01:33.516000,0 days 00:00:30.367000,0 days 00:00:38.936000,0 days 00:00:24.213000,Medium,7,2,,,1,True,0 days 00:22:19.977000,93.516,30.367,38.936,24.213,1339.977,1347.476,9.6,59.9,947.4,False,15.6,36,1.4,False,True,True,FORMULA 1 ARAMCO GROSSER PREIS DER EIFEL 2020,Nürburgring,Germany,,,Permanent,,,0.32472518071773815,0.4163565593053595,0.2589182599769023,3,False,Eifel Grand Prix,eifel_grand_prix,2020,2020-10-11,96.140375,16,Closing,1.186000000000007,False,False,False,True
HUL,Racing Point,14,0 days 00:01:34.515000,0 days 00:00:31.004000,0 days 00:00:39.219000,0 days 00:00:24.292000,Soft,14,1,,,1,True,0 days 00:22:23.390000,94.515,31.004,39.219,24.292,1343.39,1347.476,9.6,59.9,947.4,False,15.6,36,1.4,False,True,True,FORMULA 1 ARAMCO GROSSER PREIS DER EIFEL 2020,Nürburgring,Germany,,,Permanent,,,0.32803258741998625,0.4149500079352484,0.2570174046447654,3,False,Eifel Grand Prix,eifel_grand_prix,2020,2020-10-11,95.19917857142856,28,Opening,3.7819999999999965,False,False,False,True
MAG,Haas F1 Team,14,0 days 00:01:37.855000,0 days 00:00:31.090000,0 days 00:00:39.443000,0 days 00:00:27.322000,Soft,14,1,0 days 00:22:23.833000,,1,False,0 days 00:22:25.353000,97.855,31.09,39.443,27.322,1345.353,1347.476,9.6,59.9,947.4,False,15.6,36,1.4,False,True,True,FORMULA 1 ARAMCO GROSSER PREIS DER EIFEL 2020,Nürburgring,Germany,,,Permanent,14.0,,0.3177149864595575,0.40307597976598025,0.2792090337744622,3,False,Eifel Grand Prix,eifel_grand_prix,2020,2020-10-11,95.43861538461539,13,Opening,7.399000000000001,False,False,False,True
LEC,Ferrari,14,0 days 00:01:34.070000,0 days 00:00:30.636000,0 days 00:00:39.384000,0 days 00:00:24.050000,Medium,4,2,,,1,True,0 days 00:22:26.251000,94.07,30.636,39.384,24.05,1346.251,1347.476,9.6,59.9,947.4,False,15.6,36,1.4,False,True,True,FORMULA 1 ARAMCO GROSSER PREIS DER EIFEL 2020,Nürburgring,Germany,,,Permanent,,,0.32567237163814183,0.4186669501435102,0.2556606782183481,3,False,Eifel Grand Prix,eifel_grand_prix,2020,2020-10-11,94.8714,25,Mid,3.35799999999999,False,False,False,True
GRO,Haas F1 Team,14,0 days 00:01:35.369000,0 days 00:00:31.539000,0 days 00:00:39.527000,0 days 00:00:24.303000,Medium,14,1,,,1,True,0 days 00:22:27.666000,95.369,31.539,39.527,24.303,1347.666,1347.476,9.6,59.9,947.4,False,15.6,36,1.4,False,True,True,FORMULA 1 ARAMCO GROSSER PREIS DER EIFEL 2020,Nürburgring,Germany,,,Permanent,,,0.330704946051652,0.41446381948012456,0.2548312344682234,3,False,Eifel Grand Prix,eifel_grand_prix,2020,2020-10-11,95.36396296296297,27,Opening,3.807000000000002,False,False,False,True
LAT,Williams,14,0 days 00:01:37.743000,0 days 00:00:30.953000,0 days 00:00:39.484000,0 days 00:00:27.306000,Soft,14,1,0 days 00:22:26.970000,,1,False,0 days 00:22:28.743000,97.743,30.953,39.484,27.306,1348.743,1347.476,9.6,59.9,947.4,False,15.6,36,1.4,False,True,True,FORMULA 1 ARAMCO GROSSER PREIS DER EIFEL 2020,Nürburgring,Germany,,,Permanent,14.0,,0.31667740912392706,0.40395731663648554,0.2793652742395875,3,False,Eifel Grand Prix,eifel_grand_prix,2020,2020-10-11,95.5433076923077,13,Opening,6.366,False,False,False,True
VET,Ferrari,14,0 days 00:01:32.606000,0 days 00:00:30.305000,0 days 00:00:38.454000,0 days 00:00:23.847000,Hard,3,2,,,1,True,0 days 00:22:43.148000,92.606,30.305,38.454,23.847,1363.148,1347.476,9.6,59.9,947.4,False,15.6,36,1.4,False,True,True,FORMULA 1 ARAMCO GROSSER PREIS DER EIFEL 2020,Nürburgring,Germany,,,Permanent,,,0.3272466146901929,0.41524307280305817,0.25751031250674905,3,False,Eifel Grand Prix,eifel_grand_prix,2020,2020-10-11,94.79276666666667,30,Mid,2.1979999999999933,False,False,False,True
RAI,Alfa Romeo Racing,14,0 days 00:01:32.161000,0 days 00:00:30.029000,0 days 00:00:38.429000,0 days 00:00:23.703000,Medium,4,2,,,1,True,0 days 00:22:43.941000,92.161,30.029,38.429,23.703,1363.941,1347.476,9.6,59.9,947.4,False,15.6,36,1.4,False,True,True,FORMULA 1 ARAMCO GROSSER PREIS DER EIFEL 2020,Nürburgring,Germany,,,Permanent,,,0.3258319679690975,0.4169768123175747,0.25719121971332776,3,False,Eifel Grand Prix,eifel_grand_prix,2020,2020-10-11,95.14329411764706,34,Mid,1.649000000000001,False,False,False,True
HAM,Mercedes,15,0 days 00:01:31.740000,0 days 00:00:29.768000,0 days 00:00:38.312000,0 days 00:00:23.660000,Soft,18,1,,,1,True,0 days 00:23:03.218000,91.74,29.768,38.312,23.66,1383.218,1407.465,9.7,59.6,947.4,False,15.7,69,1.1,False,True,True,FORMULA 1 ARAMCO GROSSER PREIS DER EIFEL 2020,Nürburgring,Germany,,,Permanent,,,0.32448223239590146,0.41761499890996295,0.25790276869413564,3,False,Eifel Grand Prix,eifel_grand_prix,2020,2020-10-11,92.78453333333333,15,Opening,3.594999999999999,False,False,False,True
VER,Red Bull Racing,15,0 days 00:01:31.817000,0 days 00:00:29.784000,0 days 00:00:38.357000,0 days 00:00:23.676000,Soft,18,1,,,1,True,0 days 00:23:07.566000,91.817,29.784,38.357,23.676,1387.566,1407.465,9.7,59.6,947.4,False,15.7,69,1.1,False,True,True,FORMULA 1 ARAMCO GROSSER PREIS DER EIFEL 2020,Nürburgring,Germany,,,Permanent,,,0.3243843732642103,0.4177548819935306,0.25786074474225906,3,False,Eifel Grand Prix,eifel_grand_prix,2020,2020-10-11,93.08953333333334,15,Opening,3.6779999999999973,False,False,False,True
BOT,Mercedes,15,0 days 00:01:31.995000,0 days 00:00:30.073000,0 days 00:00:38.702000,0 days 00:00:23.220000,Medium,2,2,,,1,True,0 days 00:23:30.061000,91.995,30.073,38.702,23.22,1410.061,1407.465,9.7,59.6,947.4,False,15.7,69,1.1,False,True,True,FORMULA 1 ARAMCO GROSSER PREIS DER EIFEL 2020,Nürburgring,Germany,,,Permanent,,,0.3268982009891842,0.4206967769987499,0.2524050220120658,3,False,Eifel Grand Prix,eifel_grand_prix,2020,2020-10-11,106.7254,5,Closing,0.1110000000000042,False,False,False,True
RIC,Renault,15,0 days 00:01:33.935000,0 days 00:00:30.371000,0 days 00:00:38.840000,0 days 00:00:24.724000,Soft,18,1,,,1,True,0 days 00:23:31.090000,93.935,30.371,38.84,24.724,1411.09,1407.465,9.7,59.6,947.4,False,15.7,69,1.1,False,True,True,FORMULA 1 ARAMCO GROSSER PREIS DER EIFEL 2020,Nürburgring,Germany,,,Permanent,,,0.32331931654867724,0.41347740458827914,0.26320327886304357,3,False,Eifel Grand Prix,eifel_grand_prix,2020,2020-10-11,95.15386666666667,15,Opening,4.350999999999999,False,False,False,True
NOR,McLaren,15,0 days 00:01:33.171000,0 days 00:00:30.333000,0 days 00:00:38.848000,0 days 00:00:23.990000,Soft,18,1,,,1,True,0 days 00:23:34.102000,93.171,30.333,38.848,23.99,1414.102,1407.465,9.7,59.6,947.4,False,15.7,69,1.1,False,True,True,FORMULA 1 ARAMCO GROSSER PREIS DER EIFEL 2020,Nürburgring,Germany,,,Permanent,,,0.3255626750813021,0.41695377316976306,0.2574835517489347,3,False,Eifel Grand Prix,eifel_grand_prix,2020,2020-10-11,94.42985714285714,28,Opening,0.8430000000000035,False,False,False,True
PER,Racing Point,15,0 days 00:01:33.200000,0 days 00:00:30.451000,0 days 00:00:38.895000,0 days 00:00:23.854000,Soft,18,1,,,1,True,0 days 00:23:35.884000,93.2,30.451,38.895,23.854,1415.884,1407.465,9.7,59.6,947.4,False,15.7,69,1.1,False,True,True,FORMULA 1 ARAMCO GROSSER PREIS DER EIFEL 2020,Nürburgring,Germany,,,Permanent,,,0.3267274678111588,0.41732832618025756,0.2559442060085837,3,False,Eifel Grand Prix,eifel_grand_prix,2020,2020-10-11,94.44792592592593,27,Opening,3.5,False,False,False,True
OCO,Renault,15,0 days 00:01:33.716000,0 days 00:00:30.494000,0 days 00:00:39.205000,0 days 00:00:24.017000,Soft,18,1,,,1,True,0 days 00:23:39.607000,93.716,30.494,39.205,24.017,1419.607,1407.465,9.7,59.6,947.4,False,15.7,69,1.1,False,True,True,FORMULA 1 ARAMCO GROSSER PREIS DER EIFEL 2020,Nürburgring,Germany,,,Permanent,,,0.3253873404754791,0.41833838405395024,0.2562742754705707,3,False,Eifel Grand Prix,eifel_grand_prix,2020,2020-10-11,95.66042857142857,21,Opening,0.527000000000001,False,False,False,True
SAI,McLaren,15,0 days 00:01:33.905000,0 days 00:00:30.639000,0 days 00:00:39.117000,0 days 00:00:24.149000,Soft,18,1,,,1,True,0 days 00:23:41.883000,93.905,30.639,39.117,24.149,1421.883,1407.465,9.7,59.6,947.4,False,15.7,69,1.1,False,True,True,FORMULA 1 ARAMCO GROSSER PREIS DER EIFEL 2020,Nürburgring,Germany,,,Permanent,,,0.3262765560939247,0.41655928864277725,0.257164155263298,3,False,Eifel Grand Prix,eifel_grand_prix,2020,2020-10-11,94.70933333333333,27,Opening,3.7759999999999962,False,False,False,True
GAS,AlphaTauri,15,0 days 00:01:33.644000,0 days 00:00:30.510000,0 days 00:00:39.073000,0 days 00:00:24.061000,Medium,15,1,,,1,True,0 days 00:23:49.363000,93.644,30.51,39.073,24.061,1429.363,1407.465,9.7,59.6,947.4,False,15.7,69,1.1,False,True,True,FORMULA 1 ARAMCO GROSSER PREIS DER EIFEL 2020,Nürburgring,Germany,,,Permanent,,,0.3258083806757507,0.41725043782837123,0.25694118149587797,3,False,Eifel Grand Prix,eifel_grand_prix,2020,2020-10-11,95.14024137931034,29,Opening,3.534000000000006,False,False,False,True
KVY,AlphaTauri,15,0 days 00:01:35.311000,0 days 00:00:30.900000,0 days 00:00:40.059000,0 days 00:00:24.352000,Medium,15,1,,,1,True,0 days 00:23:54.693000,95.311,30.9,40.059,24.352,1434.693,1407.465,9.7,59.6,947.4,False,15.7,69,1.1,False,True,True,FORMULA 1 ARAMCO GROSSER PREIS DER EIFEL 2020,Nürburgring,Germany,,,Permanent,,,0.3242018235041076,0.4202977620631406,0.25550041443275173,3,False,Eifel Grand Prix,eifel_grand_prix,2020,2020-10-11,97.986625,16,Opening,3.0970000000000084,False,False,False,True
ALB,Red Bull Racing,15,0 days 00:01:35.335000,0 days 00:00:30.835000,0 days 00:00:40.056000,0 days 00:00:24.444000,Medium,8,2,,,1,True,0 days 00:23:55.312000,95.335,30.835,40.056,24.444,1435.312,1407.465,9.7,59.6,947.4,False,15.7,69,1.1,False,True,True,FORMULA 1 ARAMCO GROSSER PREIS DER EIFEL 2020,Nürburgring,Germany,,,Permanent,,,0.3234384014265485,0.4201604867047779,0.25640111186867365,3,False,Eifel Grand Prix,eifel_grand_prix,2020,2020-10-11,96.140375,16,Closing,3.0049999999999955,False,False,False,True
HUL,Racing Point,15,0 days 00:01:33.939000,0 days 00:00:30.407000,0 days 00:00:39.115000,0 days 00:00:24.417000,Soft,15,1,,,1,True,0 days 00:23:57.329000,93.939,30.407,39.115,24.417,1437.329,1407.465,9.7,59.6,947.4,False,15.7,69,1.1,False,True,True,FORMULA 1 ARAMCO GROSSER PREIS DER EIFEL 2020,Nürburgring,Germany,,,Permanent,,,0.32368877675938645,0.4163872300109646,0.25992399322964904,3,False,Eifel Grand Prix,eifel_grand_prix,2020,2020-10-11,95.19917857142856,28,Opening,3.205999999999989,False,False,False,True
GIO,Alfa Romeo Racing,15,0 days 00:01:39.023000,0 days 00:00:31.481000,0 days 00:00:39.772000,0 days 00:00:27.770000,Soft,15,1,0 days 00:23:56.010000,,1,False,0 days 00:23:57.506000,99.023,31.481,39.772,27.77,1437.506,1467.464,9.6,59.1,947.4,False,15.6,46,1.6,False,True,True,FORMULA 1 ARAMCO GROSSER PREIS DER EIFEL 2020,Nürburgring,Germany,,,Permanent,15.0,,0.3179160397079467,0.4016440624905325,0.28043989780152084,3,False,Eifel Grand Prix,eifel_grand_prix,2020,2020-10-11,95.3155,14,Opening,8.11399999999999,False,False,False,True
LEC,Ferrari,15,0 days 00:01:32.525000,0 days 00:00:30.223000,0 days 00:00:38.452000,0 days 00:00:23.850000,Medium,5,2,,,1,True,0 days 00:23:58.776000,92.525,30.223,38.452,23.85,1438.776,1467.464,9.6,59.1,947.4,False,15.6,46,1.6,False,True,True,FORMULA 1 ARAMCO GROSSER PREIS DER EIFEL 2020,Nürburgring,Germany,,,Permanent,,,0.3266468522021075,0.4155849770332342,0.2577681707646582,3,False,Eifel Grand Prix,eifel_grand_prix,2020,2020-10-11,94.8714,25,Mid,1.8130000000000024,False,False,False,True
GRO,Haas F1 Team,15,0 days 00:01:34.134000,0 days 00:00:30.831000,0 days 00:00:39.150000,0 days 00:00:24.153000,Medium,15,1,,,1,True,0 days 00:24:01.800000,94.134,30.831,39.15,24.153,1441.8,1467.464,9.6,59.1,947.4,False,15.6,46,1.6,False,True,True,FORMULA 1 ARAMCO GROSSER PREIS DER EIFEL 2020,Nürburgring,Germany,,,Permanent,,,0.32752246797119,0.41589648798521256,0.2565810440435974,3,False,Eifel Grand Prix,eifel_grand_prix,2020,2020-10-11,95.36396296296297,27,Opening,2.5720000000000027,False,False,False,True
VET,Ferrari,15,0 days 00:01:36.807000,0 days 00:00:30.398000,0 days 00:00:38.499000,0 days 00:00:27.910000,Hard,4,2,,,16,False,0 days 00:24:19.955000,96.807,30.398,38.499,27.91,1459.955,1467.464,9.6,59.1,947.4,False,15.6,46,1.6,False,True,True,FORMULA 1 ARAMCO GROSSER PREIS DER EIFEL 2020,Nürburgring,Germany,,,Permanent,,,0.3140062185585753,0.3976881837057238,0.2883055977357009,3,False,Eifel Grand Prix,eifel_grand_prix,2020,2020-10-11,94.79276666666667,30,Mid,6.399000000000001,False,False,True,True
RAI,Alfa Romeo Racing,15,0 days 00:01:37.170000,0 days 00:00:30.224000,0 days 00:00:38.624000,0 days 00:00:28.322000,Medium,5,2,,,16,False,0 days 00:24:21.111000,97.17,30.224,38.624,28.322,1461.111,1467.464,9.6,59.1,947.4,False,15.6,46,1.6,False,True,True,FORMULA 1 ARAMCO GROSSER PREIS DER EIFEL 2020,Nürburgring,Germany,,,Permanent,,,0.3110425028300916,0.3974889369146856,0.2914685602552228,3,False,Eifel Grand Prix,eifel_grand_prix,2020,2020-10-11,95.14329411764706,34,Mid,6.658000000000001,False,False,True,True
MAG,Haas F1 Team,15,0 days 00:01:58.830000,0 days 00:00:51.255000,0 days 00:00:39.333000,0 days 00:00:28.242000,Medium,1,2,,0 days 00:22:46.823000,16,False,0 days 00:24:24.183000,118.83,51.255,39.333,28.242,1464.183,1467.464,9.6,59.1,947.4,False,15.6,46,1.6,False,True,True,FORMULA 1 ARAMCO GROSSER PREIS DER EIFEL 2020,Nürburgring,Germany,,,Permanent,,,0.4313304721030043,0.3310022721534966,0.23766725574349912,3,False,Eifel Grand Prix,eifel_grand_prix,2020,2020-10-11,95.64394999999999,20,Mid,28.373999999999995,False,False,True,True
LAT,Williams,15,0 days 00:02:00.676000,0 days 00:00:52.098000,0 days 00:00:38.903000,0 days 00:00:29.675000,Medium,1,2,,0 days 00:22:51.646000,16,False,0 days 00:24:29.419000,120.676,52.098,38.903,29.675,1469.419,1467.464,9.6,59.1,947.4,False,15.6,46,1.6,False,True,True,FORMULA 1 ARAMCO GROSSER PREIS DER EIFEL 2020,Nürburgring,Germany,,,Permanent,,,0.43171798866386024,0.32237561735556364,0.2459063939805761,3,False,Eifel Grand Prix,eifel_grand_prix,2020,2020-10-11,95.8397894736842,19,Mid,29.299000000000007,False,False,True,True
HAM,Mercedes,16,0 days 00:01:43.842000,0 days 00:00:29.934000,0 days 00:00:41.345000,0 days 00:00:32.563000,Soft,19,1,0 days 00:24:45.171000,,16,False,0 days 00:24:47.060000,103.842,29.934,41.345,32.563,1487.06,1467.464,9.6,59.1,947.4,False,15.6,46,1.6,False,True,True,FORMULA 1 ARAMCO GROSSER PREIS DER EIFEL 2020,Nürburgring,Germany,,,Permanent,16.0,,0.28826486392789047,0.39815296315556326,0.31358217291654633,1,False,Eifel Grand Prix,eifel_grand_prix,2020,2020-10-11,92.78453333333333,15,Opening,15.697000000000003,False,False,True,True
VER,Red Bull Racing,16,0 days 00:01:44.836000,0 days 00:00:30.625000,0 days 00:00:43.598000,0 days 00:00:30.613000,Soft,19,1,0 days 00:24:50.526000,,16,False,0 days 00:24:52.402000,104.836,30.625,43.598,30.613,1492.402,1467.464,9.6,59.1,947.4,False,15.6,46,1.6,False,True,True,FORMULA 1 ARAMCO GROSSER PREIS DER EIFEL 2020,Nürburgring,Germany,,,Permanent,16.0,,0.29212293486970126,0.415868594757526,0.2920084703727727,3,False,Eifel Grand Prix,eifel_grand_prix,2020,2020-10-11,93.08953333333334,15,Opening,16.697000000000003,False,False,True,True
BOT,Mercedes,16,0 days 00:01:51.089000,0 days 00:00:29.760000,0 days 00:00:51.149000,0 days 00:00:30.180000,Medium,3,2,,,167,False,0 days 00:25:21.150000,111.089,29.76,51.149,30.18,1521.15,1527.47,9.4,60.3,947.4,False,15.4,94,1.3,False,True,True,FORMULA 1 ARAMCO GROSSER PREIS DER EIFEL 2020,Nürburgring,Germany,,,Permanent,,,0.26789331076884304,0.46043262609259245,0.27167406313856457,1,False,Eifel Grand Prix,eifel_grand_prix,2020,2020-10-11,106.7254,5,Closing,19.205,False,False,True,True
RIC,Renault,16,0 days 00:01:54.702000,0 days 00:00:30.659000,0 days 00:00:51.938000,0 days 00:00:32.105000,Soft,19,1,0 days 00:25:23.951000,,167,False,0 days 00:25:25.792000,114.702,30.659,51.938,32.105,1525.792,1527.47,9.4,60.3,947.4,False,15.4,94,1.3,False,True,True,FORMULA 1 ARAMCO GROSSER PREIS DER EIFEL 2020,Nürburgring,Germany,,,Permanent,16.0,,0.2672926365712891,0.4528081463270039,0.279899217101707,1,False,Eifel Grand Prix,eifel_grand_prix,2020,2020-10-11,95.15386666666667,15,Opening,25.117999999999995,False,False,True,True
NOR,McLaren,16,0 days 00:01:51.919000,0 days 00:00:30.360000,0 days 00:00:52.049000,0 days 00:00:29.510000,Soft,19,1,,,167,False,0 days 00:25:26.021000,111.919,30.36,52.049,29.51,1526.021,1527.47,9.4,60.3,947.4,False,15.4,94,1.3,False,True,True,FORMULA 1 ARAMCO GROSSER PREIS DER EIFEL 2020,Nürburgring,Germany,,,Permanent,,,0.27126761318453524,0.4650595519974267,0.26367283481803805,3,False,Eifel Grand Prix,eifel_grand_prix,2020,2020-10-11,94.42985714285714,28,Opening,19.590999999999994,False,False,True,True
PER,Racing Point,16,0 days 00:01:51.293000,0 days 00:00:30.463000,0 days 00:00:52.895000,0 days 00:00:27.935000,Soft,19,1,,,167,False,0 days 00:25:27.177000,111.293,30.463,52.895,27.935,1527.177,1527.47,9.4,60.3,947.4,False,15.4,94,1.3,False,True,True,FORMULA 1 ARAMCO GROSSER PREIS DER EIFEL 2020,Nürburgring,Germany,,,Permanent,,,0.27371892212448223,0.4752769715974949,0.25100410627802283,3,False,Eifel Grand Prix,eifel_grand_prix,2020,2020-10-11,94.44792592592593,27,Opening,21.593000000000004,False,False,True,True
OCO,Renault,16,0 days 00:01:53.347000,0 days 00:00:31.230000,0 days 00:00:52.803000,0 days 00:00:29.314000,Soft,19,1,,,167,False,0 days 00:25:32.954000,113.347,31.23,52.803,29.314,1532.954,1527.47,9.4,60.3,947.4,False,15.4,94,1.3,False,True,True,FORMULA 1 ARAMCO GROSSER PREIS DER EIFEL 2020,Nürburgring,Germany,,,Permanent,,,0.2755255983837243,0.4658526471807811,0.25862175443549457,3,False,Eifel Grand Prix,eifel_grand_prix,2020,2020-10-11,95.66042857142857,21,Opening,20.158,False,False,True,True
SAI,McLaren,16,0 days 00:01:53.450000,0 days 00:00:32.993000,0 days 00:00:51.316000,0 days 00:00:29.141000,Soft,19,1,,,167,False,0 days 00:25:35.333000,113.45,32.993,51.316,29.141,1535.333,1527.47,9.4,60.3,947.4,False,15.4,94,1.3,False,True,True,FORMULA 1 ARAMCO GROSSER PREIS DER EIFEL 2020,Nürburgring,Germany,,,Permanent,,,0.29081533715293084,0.4523226090788894,0.2568620537681798,3,False,Eifel Grand Prix,eifel_grand_prix,2020,2020-10-11,94.70933333333333,27,Opening,23.320999999999998,False,False,True,True
GAS,AlphaTauri,16,0 days 00:01:53.692000,0 days 00:00:35.188000,0 days 00:00:50.404000,0 days 00:00:28.100000,Medium,16,1,,,167,False,0 days 00:25:43.055000,113.692,35.188,50.404,28.1,1543.055,1527.47,9.4,60.3,947.4,False,15.4,94,1.3,False,True,True,FORMULA 1 ARAMCO GROSSER PREIS DER EIFEL 2020,Nürburgring,Germany,,,Permanent,,,0.30950286739612287,0.4433381416458502,0.247158990958027,3,False,Eifel Grand Prix,eifel_grand_prix,2020,2020-10-11,95.14024137931034,29,Opening,23.581999999999994,False,False,True,True
ALB,Red Bull Racing,16,0 days 00:01:52.436000,0 days 00:00:37.233000,0 days 00:00:48.703000,0 days 00:00:26.500000,Medium,9,2,,,167,False,0 days 00:25:47.748000,112.436,37.233,48.703,26.5,1547.748,1527.47,9.4,60.3,947.4,False,15.4,94,1.3,False,True,True,FORMULA 1 ARAMCO GROSSER PREIS DER EIFEL 2020,Nürburgring,Germany,,,Permanent,,,0.33114838663773166,0.4331619765911274,0.2356896367711409,3,False,Eifel Grand Prix,eifel_grand_prix,2020,2020-10-11,96.140375,16,Closing,20.10600000000001,False,False,True,True
HUL,Racing Point,16,0 days 00:01:51.978000,0 days 00:00:36.879000,0 days 00:00:49.806000,0 days 00:00:25.293000,Soft,16,1,,,167,False,0 days 00:25:49.307000,111.978,36.879,49.806,25.293,1549.307,1527.47,9.4,60.3,947.4,False,15.4,94,1.3,False,True,True,FORMULA 1 ARAMCO GROSSER PREIS DER EIFEL 2020,Nürburgring,Germany,,,Permanent,,,0.3293414777902802,0.44478379681723196,0.22587472539248782,3,False,Eifel Grand Prix,eifel_grand_prix,2020,2020-10-11,95.19917857142856,28,Opening,21.24499999999999,False,False,True,True
LEC,Ferrari,16,0 days 00:01:51.567000,0 days 00:00:36.758000,0 days 00:00:50.002000,0 days 00:00:24.807000,Medium,6,2,,,167,False,0 days 00:25:50.343000,111.567,36.758,50.002,24.807,1550.343,1527.47,9.4,60.3,947.4,False,15.4,94,1.3,False,True,True,FORMULA 1 ARAMCO GROSSER PREIS DER EIFEL 2020,Nürburgring,Germany,,,Permanent,,,0.3294701838357221,0.4481791210662652,0.22235069509801286,3,False,Eifel Grand Prix,eifel_grand_prix,2020,2020-10-11,94.8714,25,Mid,20.85499999999999,False,False,True,True
KVY,AlphaTauri,16,0 days 00:01:55.686000,0 days 00:00:37.107000,0 days 00:00:49.223000,0 days 00:00:29.356000,Medium,16,1,,,167,False,0 days 00:25:50.379000,115.686,37.107,49.223,29.356,1550.379,1527.47,9.4,60.3,947.4,False,15.4,94,1.3,False,True,True,FORMULA 1 ARAMCO GROSSER PREIS DER EIFEL 2020,Nürburgring,Germany,,,Permanent,,,0.32075618484518437,0.4254879587849869,0.25375585636982867,3,False,Eifel Grand Prix,eifel_grand_prix,2020,2020-10-11,97.986625,16,Opening,23.47200000000001,False,False,True,True
GRO,Haas F1 Team,16,0 days 00:01:51.896000,0 days 00:00:38.453000,0 days 00:00:48.563000,0 days 00:00:24.880000,Medium,16,1,,,1672,False,0 days 00:25:53.696000,111.896,38.453,48.563,24.88,1553.696,1527.47,9.4,60.3,947.4,False,15.4,94,1.3,False,True,True,FORMULA 1 ARAMCO GROSSER PREIS DER EIFEL 2020,Nürburgring,Germany,,,Permanent,,,0.343649460213055,0.4340012154143133,0.22234932437263172,3,False,Eifel Grand Prix,eifel_grand_prix,2020,2020-10-11,95.36396296296297,27,Opening,20.334000000000003,False,False,True,True
GIO,Alfa Romeo Racing,16,0 days 00:02:07.802000,0 days 00:00:54.036000,0 days 00:00:48.897000,0 days 00:00:24.869000,Medium,1,2,,0 days 00:24:18.124000,1672,False,0 days 00:26:05.308000,127.802,54.036,48.897,24.869,1565.308,1587.466,9.1,60.9,947.3,False,15.2,83,1.6,False,True,True,FORMULA 1 ARAMCO GROSSER PREIS DER EIFEL 2020,Nürburgring,Germany,,,Permanent,,,0.422810284659082,0.38259964632791343,0.1945900690130045,3,False,Eifel Grand Prix,eifel_grand_prix,2020,2020-10-11,95.17671428571428,21,Mid,36.893,False,False,True,True
VET,Ferrari,16,0 days 00:01:47.228000,0 days 00:00:38.867000,0 days 00:00:44.282000,0 days 00:00:24.079000,Hard,5,2,,,6712,False,0 days 00:26:07.183000,107.228,38.867,44.282,24.079,1567.183,1587.466,9.1,60.9,947.3,False,15.2,83,1.6,False,True,True,FORMULA 1 ARAMCO GROSSER PREIS DER EIFEL 2020,Nürburgring,Germany,,,Permanent,,,0.3624706233446488,0.4129704927817361,0.2245588838736151,3,False,Eifel Grand Prix,eifel_grand_prix,2020,2020-10-11,94.79276666666667,30,Mid,16.819999999999993,False,False,False,True
RAI,Alfa Romeo Racing,16,0 days 00:01:46.671000,0 days 00:00:38.514000,0 days 00:00:44.165000,0 days 00:00:23.992000,Medium,6,2,,,6712,False,0 days 00:26:07.782000,106.671,38.514,44.165,23.992,1567.782,1587.466,9.1,60.9,947.3,False,15.2,83,1.6,False,True,True,FORMULA 1 ARAMCO GROSSER PREIS DER EIFEL 2020,Nürburgring,Germany,,,Permanent,,,0.3610540821779115,0.4140300550290144,0.22491586279307402,3,False,Eifel Grand Prix,eifel_grand_prix,2020,2020-10-11,95.14329411764706,34,Mid,16.159000000000006,False,False,False,True
MAG,Haas F1 Team,16,0 days 00:01:48.717000,0 days 00:00:38.701000,0 days 00:00:44.994000,0 days 00:00:25.022000,Medium,2,2,,,6712,False,0 days 00:26:12.900000,108.717,38.701,44.994,25.022,1572.9,1587.466,9.1,60.9,947.3,False,15.2,83,1.6,False,True,True,FORMULA 1 ARAMCO GROSSER PREIS DER EIFEL 2020,Nürburgring,Germany,,,Permanent,,,0.35597928566829473,0.4138635172052209,0.23015719712648436,3,False,Eifel Grand Prix,eifel_grand_prix,2020,2020-10-11,95.64394999999999,20,Mid,18.260999999999996,False,False,False,True
LAT,Williams,16,0 days 00:01:46.150000,0 days 00:00:38.399000,0 days 00:00:43.200000,0 days 00:00:24.551000,Medium,2,2,,,6712,False,0 days 00:26:15.569000,106.15,38.399,43.2,24.551,1575.569,1587.466,9.1,60.9,947.3,False,15.2,83,1.6,False,True,True,FORMULA 1 ARAMCO GROSSER PREIS DER EIFEL 2020,Nürburgring,Germany,,,Permanent,,,0.3617428167687235,0.406971267074894,0.23128591615638244,3,False,Eifel Grand Prix,eifel_grand_prix,2020,2020-10-11,95.8397894736842,19,Mid,14.77300000000001,False,False,False,True
HAM,Mercedes,17,0 days 00:01:56.488000,0 days 00:00:53.921000,0 days 00:00:38.951000,0 days 00:00:23.616000,Medium,1,2,,0 days 00:25:09.161000,6712,False,0 days 00:26:43.548000,116.488,53.921,38.951,23.616,1603.548,1587.466,9.1,60.9,947.3,False,15.2,83,1.6,False,True,True,FORMULA 1 ARAMCO GROSSER PREIS DER EIFEL 2020,Nürburgring,Germany,,,Permanent,,,0.46288888125815536,0.33437778998695145,0.2027333287548932,3,False,Eifel Grand Prix,eifel_grand_prix,2020,2020-10-11,92.15575862068965,29,Mid,28.343000000000004,False,False,False,True
VER,Red Bull Racing,17,0 days 00:01:52.775000,0 days 00:00:50.708000,0 days 00:00:38.066000,0 days 00:00:24.001000,Medium,1,2,,0 days 00:25:12.636000,6712,False,0 days 00:26:45.177000,112.775,50.708,38.066,24.001,1605.177,1587.466,9.1,60.9,947.3,False,15.2,83,1.6,False,True,True,FORMULA 1 ARAMCO GROSSER PREIS DER EIFEL 2020,Nürburgring,Germany,,,Permanent,,,0.4496386610507648,0.33753934825980936,0.21282199068942584,3,False,Eifel Grand Prix,eifel_grand_prix,2020,2020-10-11,92.39306896551724,29,Mid,24.63600000000001,False,False,False,True
NOR,McLaren,17,0 days 00:01:35.193000,0 days 00:00:30.752000,0 days 00:00:40.066000,0 days 00:00:24.375000,Soft,20,1,,,12,True,0 days 00:27:01.214000,95.193,30.752,40.066,24.375,1621.214,1647.469,9.1,61.5,947.4,True,15.3,177,1.2,True,False,True,FORMULA 1 ARAMCO GROSSER PREIS DER EIFEL 2020,Nürburgring,Germany,,,Permanent,,,0.3230489636843045,0.42089229250049903,0.2560587438151965,3,False,Eifel Grand Prix,eifel_grand_prix,2020,2020-10-11,94.42985714285714,28,Opening,2.864999999999995,False,False,False,True
PER,Racing Point,17,0 days 00:01:34.598000,0 days 00:00:30.763000,0 days 00:00:39.473000,0 days 00:00:24.362000,Soft,20,1,,,12,True,0 days 00:27:01.775000,94.598,30.763,39.473,24.362,1621.775,1647.469,9.1,61.5,947.4,True,15.3,177,1.2,True,False,True,FORMULA 1 ARAMCO GROSSER PREIS DER EIFEL 2020,Nürburgring,Germany,,,Permanent,,,0.3251971500454555,0.4172709782447832,0.2575318717097613,3,False,Eifel Grand Prix,eifel_grand_prix,2020,2020-10-11,94.44792592592593,27,Opening,4.897999999999996,False,False,False,True
BOT,Mercedes,17,0 days 00:01:42.801000,0 days 00:00:33.544000,0 days 00:00:41.995000,0 days 00:00:27.262000,Medium,4,2,,,712,False,0 days 00:27:03.951000,102.801,33.544,41.995,27.262,1623.951,1647.469,9.1,61.5,947.4,True,15.3,177,1.2,True,False,True,FORMULA 1 ARAMCO GROSSER PREIS DER EIFEL 2020,Nürburgring,Germany,,,Permanent,,,0.32630032781782276,0.40850769934144604,0.2651919728407311,3,False,Eifel Grand Prix,eifel_grand_prix,2020,2020-10-11,106.7254,5,Closing,10.917000000000002,False,False,False,True
OCO,Renault,17,0 days 00:01:34.557000,0 days 00:00:30.740000,0 days 00:00:39.359000,0 days 00:00:24.458000,Soft,20,1,,,12,True,0 days 00:27:07.511000,94.557,30.74,39.359,24.458,1627.511,1647.469,9.1,61.5,947.4,True,15.3,177,1.2,True,False,True,FORMULA 1 ARAMCO GROSSER PREIS DER EIFEL 2020,Nürburgring,Germany,,,Permanent,,,0.3250949162938756,0.4162462853093901,0.2586587983967342,3,False,Eifel Grand Prix,eifel_grand_prix,2020,2020-10-11,95.66042857142857,21,Opening,1.3680000000000092,False,False,False,True
SAI,McLaren,17,0 days 00:01:33.909000,0 days 00:00:30.679000,0 days 00:00:39.041000,0 days 00:00:24.189000,Soft,20,1,,,12,True,0 days 00:27:09.242000,93.909,30.679,39.041,24.189,1629.242,1647.469,9.1,61.5,947.4,True,15.3,177,1.2,True,False,True,FORMULA 1 ARAMCO GROSSER PREIS DER EIFEL 2020,Nürburgring,Germany,,,Permanent,,,0.32668860279632406,0.41573225143489967,0.25757914576877616,3,False,Eifel Grand Prix,eifel_grand_prix,2020,2020-10-11,94.70933333333333,27,Opening,3.780000000000001,False,False,False,True
GAS,AlphaTauri,17,0 days 00:01:35.016000,0 days 00:00:31.111000,0 days 00:00:39.744000,0 days 00:00:24.161000,Medium,17,1,,,12,True,0 days 00:27:18.071000,95.016,31.111,39.744,24.161,1638.071,1647.469,9.1,61.5,947.4,True,15.3,177,1.2,True,False,True,FORMULA 1 ARAMCO GROSSER PREIS DER EIFEL 2020,Nürburgring,Germany,,,Permanent,,,0.3274290645785973,0.4182874463248295,0.2542834890965732,3,False,Eifel Grand Prix,eifel_grand_prix,2020,2020-10-11,95.14024137931034,29,Opening,4.906000000000006,False,False,False,True
RIC,Renault,17,0 days 00:01:53.362000,0 days 00:00:50.356000,0 days 00:00:38.848000,0 days 00:00:24.158000,Medium,1,2,,0 days 00:25:46.095000,12,False,0 days 00:27:19.154000,113.362,50.356,38.848,24.158,1639.154,1647.469,9.1,61.5,947.4,True,15.3,177,1.2,True,False,True,FORMULA 1 ARAMCO GROSSER PREIS DER EIFEL 2020,Nürburgring,Germany,,,Permanent,,,0.4442052892503661,0.34268979022953017,0.21310492052010377,3,False,Eifel Grand Prix,eifel_grand_prix,2020,2020-10-11,93.03992857142858,28,Mid,23.77799999999999,False,False,False,True
ALB,Red Bull Racing,17,0 days 00:01:33.090000,0 days 00:00:30.391000,0 days 00:00:38.660000,0 days 00:00:24.039000,Medium,10,2,,,12,True,0 days 00:27:20.838000,93.09,30.391,38.66,24.039,1640.838,1647.469,9.1,61.5,947.4,True,15.3,177,1.2,True,False,True,FORMULA 1 ARAMCO GROSSER PREIS DER EIFEL 2020,Nürburgring,Germany,,,Permanent,,,0.32646900848641097,0.4152970243850037,0.25823396712858526,3,False,Eifel Grand Prix,eifel_grand_prix,2020,2020-10-11,96.140375,16,Closing,0.7600000000000051,False,False,False,True
HUL,Racing Point,17,0 days 00:01:34.053000,0 days 00:00:30.862000,0 days 00:00:38.882000,0 days 00:00:24.309000,Soft,17,1,,,12,True,0 days 00:27:23.360000,94.053,30.862,38.882,24.309,1643.36,1647.469,9.1,61.5,947.4,True,15.3,177,1.2,True,False,True,FORMULA 1 ARAMCO GROSSER PREIS DER EIFEL 2020,Nürburgring,Germany,,,Permanent,,,0.3281341371354449,0.4134052077020403,0.25846065516251476,3,False,Eifel Grand Prix,eifel_grand_prix,2020,2020-10-11,95.19917857142856,28,Opening,3.319999999999993,False,False,False,True
LEC,Ferrari,17,0 days 00:01:34.043000,0 days 00:00:30.797000,0 days 00:00:39.085000,0 days 00:00:24.161000,Medium,7,2,,,12,True,0 days 00:27:24.386000,94.043,30.797,39.085,24.161,1644.386,1647.469,9.1,61.5,947.4,True,15.3,177,1.2,True,False,True,FORMULA 1 ARAMCO GROSSER PREIS DER EIFEL 2020,Nürburgring,Germany,,,Permanent,,,0.3274778558744404,0.41560775389981175,0.2569143902257478,3,False,Eifel Grand Prix,eifel_grand_prix,2020,2020-10-11,94.8714,25,Mid,3.331000000000003,False,False,False,True
GRO,Haas F1 Team,17,0 days 00:01:35.123000,0 days 00:00:31.338000,0 days 00:00:39.116000,0 days 00:00:24.669000,Medium,17,1,,,2,True,0 days 00:27:28.819000,95.123,31.338,39.116,24.669,1648.819,1647.469,9.1,61.5,947.4,True,15.3,177,1.2,True,False,True,FORMULA 1 ARAMCO GROSSER PREIS DER EIFEL 2020,Nürburgring,Germany,,,Permanent,,,0.32944713686490124,0.411214953271028,0.25933790986407074,3,False,Eifel Grand Prix,eifel_grand_prix,2020,2020-10-11,95.36396296296297,27,Opening,3.561000000000007,False,False,False,True
GIO,Alfa Romeo Racing,17,0 days 00:01:34.880000,0 days 00:00:30.507000,0 days 00:00:40.235000,0 days 00:00:24.138000,Medium,2,2,,,2,True,0 days 00:27:40.188000,94.88,30.507,40.235,24.138,1660.188,1647.469,9.1,61.5,947.4,True,15.3,177,1.2,True,False,True,FORMULA 1 ARAMCO GROSSER PREIS DER EIFEL 2020,Nürburgring,Germany,,,Permanent,,,0.3215324620573356,0.42406197301854975,0.2544055649241147,3,False,Eifel Grand Prix,eifel_grand_prix,2020,2020-10-11,95.17671428571428,21,Mid,3.9709999999999894,False,False,False,True
VET,Ferrari,17,0 days 00:01:34.183000,0 days 00:00:30.471000,0 days 00:00:39.380000,0 days 00:00:24.332000,Hard,6,2,,,2,True,0 days 00:27:41.366000,94.183,30.471,39.38,24.332,1661.366,1647.469,9.1,61.5,947.4,True,15.3,177,1.2,True,False,True,FORMULA 1 ARAMCO GROSSER PREIS DER EIFEL 2020,Nürburgring,Germany,,,Permanent,,,0.32352972404786423,0.4181221664206916,0.2583481095314441,3,False,Eifel Grand Prix,eifel_grand_prix,2020,2020-10-11,94.79276666666667,30,Mid,3.7750000000000057,False,False,False,True
RAI,Alfa Romeo Racing,17,0 days 00:01:36.215000,0 days 00:00:32.872000,0 days 00:00:39.461000,0 days 00:00:23.882000,Medium,7,2,,,2,True,0 days 00:27:43.997000,96.215,32.872,39.461,23.882,1663.997,1647.469,9.1,61.5,947.4,True,15.3,177,1.2,True,False,True,FORMULA 1 ARAMCO GROSSER PREIS DER EIFEL 2020,Nürburgring,Germany,,,Permanent,,,0.341651509639869,0.41013355505898247,0.24821493530114846,3,False,Eifel Grand Prix,eifel_grand_prix,2020,2020-10-11,95.14329411764706,34,Mid,5.703000000000003,False,False,False,True
MAG,Haas F1 Team,17,0 days 00:01:34.270000,0 days 00:00:30.568000,0 days 00:00:39.003000,0 days 00:00:24.699000,Medium,3,2,,,2,True,0 days 00:27:47.170000,94.27,30.568,39.003,24.699,1667.17,1647.469,9.1,61.5,947.4,True,15.3,177,1.2,True,False,True,FORMULA 1 ARAMCO GROSSER PREIS DER EIFEL 2020,Nürburgring,Germany,,,Permanent,,,0.3242601039567201,0.41373713800784984,0.26200275803543016,3,False,Eifel Grand Prix,eifel_grand_prix,2020,2020-10-11,95.64394999999999,20,Mid,3.813999999999993,False,False,False,True
LAT,Williams,17,0 days 00:01:33.783000,0 days 00:00:30.708000,0 days 00:00:38.535000,0 days 00:00:24.540000,Medium,3,2,,,2,True,0 days 00:27:49.352000,93.783,30.708,38.535,24.54,1669.352,1647.469,9.1,61.5,947.4,True,15.3,177,1.2,True,False,True,FORMULA 1 ARAMCO GROSSER PREIS DER EIFEL 2020,Nürburgring,Germany,,,Permanent,,,0.3274367422667221,0.41089536483157924,0.26166789290169856,3,False,Eifel Grand Prix,eifel_grand_prix,2020,2020-10-11,95.8397894736842,19,Mid,2.406000000000006,False,False,False,True
KVY,AlphaTauri,17,0 days 00:02:02.578000,0 days 00:00:39.082000,0 days 00:00:51.537000,0 days 00:00:31.959000,Medium,17,1,0 days 00:27:51.109000,,12,False,0 days 00:27:52.957000,122.578,39.082,51.537,31.959,1672.957,1647.469,9.1,61.5,947.4,True,15.3,177,1.2,True,False,True,FORMULA 1 ARAMCO GROSSER PREIS DER EIFEL 2020,Nürburgring,Germany,,,Permanent,17.0,,0.3188337222013738,0.42044249375907583,0.2607237840395503,3,False,Eifel Grand Prix,eifel_grand_prix,2020,2020-10-11,97.986625,16,Opening,30.364000000000004,False,False,False,True
HAM,Mercedes,18,0 days 00:01:30.795000,0 days 00:00:29.915000,0 days 00:00:37.503000,0 days 00:00:23.377000,Medium,2,2,,,2,True,0 days 00:28:14.343000,90.795,29.915,37.503,23.377,1694.343,1707.465,9.1,61.9,947.4,True,15.2,15,1.4,True,False,True,FORMULA 1 ARAMCO GROSSER PREIS DER EIFEL 2020,Nürburgring,Germany,,,Permanent,,,0.32947849551186736,0.413051379481249,0.2574701250068836,3,False,Eifel Grand Prix,eifel_grand_prix,2020,2020-10-11,92.15575862068965,29,Mid,2.6500000000000057,False,False,False,True
VER,Red Bull Racing,18,0 days 00:01:31.051000,0 days 00:00:29.548000,0 days 00:00:37.615000,0 days 00:00:23.888000,Medium,2,2,,,2,True,0 days 00:28:16.228000,91.051,29.548,37.615,23.888,1696.228,1707.465,9.1,61.9,947.4,True,15.2,15,1.4,True,False,True,FORMULA 1 ARAMCO GROSSER PREIS DER EIFEL 2020,Nürburgring,Germany,,,Permanent,,,0.32452142206016404,0.4131201194934707,0.26235845844636524,3,False,Eifel Grand Prix,eifel_grand_prix,2020,2020-10-11,92.39306896551724,29,Mid,2.912000000000006,False,False,False,True
NOR,McLaren,18,0 days 00:01:33.452000,0 days 00:00:30.270000,0 days 00:00:38.572000,0 days 00:00:24.610000,Soft,21,1,,,2,True,0 days 00:28:34.666000,93.452,30.27,38.572,24.61,1714.666,1707.465,9.1,61.9,947.4,True,15.2,15,1.4,True,False,True,FORMULA 1 ARAMCO GROSSER PREIS DER EIFEL 2020,Nürburgring,Germany,,,Permanent,,,0.32390960065060137,0.41274665068698374,0.26334374866241494,3,False,Eifel Grand Prix,eifel_grand_prix,2020,2020-10-11,94.42985714285714,28,Opening,1.1239999999999952,False,False,False,True
PER,Racing Point,18,0 days 00:01:33.978000,0 days 00:00:30.744000,0 days 00:00:38.910000,0 days 00:00:24.324000,Soft,21,1,,,2,True,0 days 00:28:35.753000,93.978,30.744,38.91,24.324,1715.753,1707.465,9.1,61.9,947.4,True,15.2,15,1.4,True,False,True,FORMULA 1 ARAMCO GROSSER PREIS DER EIFEL 2020,Nürburgring,Germany,,,Permanent,,,0.32714039456042904,0.4140330715699419,0.2588265338696291,3,False,Eifel Grand Prix,eifel_grand_prix,2020,2020-10-11,94.44792592592593,27,Opening,4.277999999999992,False,False,False,True
OCO,Renault,18,0 days 00:01:33.735000,0 days 00:00:30.390000,0 days 00:00:39.244000,0 days 00:00:24.101000,Soft,21,1,,,2,True,0 days 00:28:41.246000,93.735,30.39,39.244,24.101,1721.246,1707.465,9.1,61.9,947.4,True,15.2,15,1.4,True,False,True,FORMULA 1 ARAMCO GROSSER PREIS DER EIFEL 2020,Nürburgring,Germany,,,Permanent,,,0.324211873899824,0.41866965381127647,0.25711847228889956,3,False,Eifel Grand Prix,eifel_grand_prix,2020,2020-10-11,95.66042857142857,21,Opening,0.5460000000000065,False,False,False,True
SAI,McLaren,18,0 days 00:01:34.114000,0 days 00:00:30.836000,0 days 00:00:39.124000,0 days 00:00:24.154000,Soft,21,1,,,2,True,0 days 00:28:43.356000,94.114,30.836,39.124,24.154,1723.356,1707.465,9.1,61.9,947.4,True,15.2,15,1.4,True,False,True,FORMULA 1 ARAMCO GROSSER PREIS DER EIFEL 2020,Nürburgring,Germany,,,Permanent,,,0.3276451962513547,0.41570860870858745,0.2566461950400578,3,False,Eifel Grand Prix,eifel_grand_prix,2020,2020-10-11,94.70933333333333,27,Opening,3.9849999999999994,False,False,False,True
RIC,Renault,18,0 days 00:01:32.534000,0 days 00:00:30.138000,0 days 00:00:38.874000,0 days 00:00:23.522000,Medium,2,2,,,2,True,0 days 00:28:51.688000,92.534,30.138,38.874,23.522,1731.688,1707.465,9.1,61.9,947.4,True,15.2,15,1.4,True,False,True,FORMULA 1 ARAMCO GROSSER PREIS DER EIFEL 2020,Nürburgring,Germany,,,Permanent,,,0.32569650074567186,0.42010504247087554,0.25419845678345254,3,False,Eifel Grand Prix,eifel_grand_prix,2020,2020-10-11,93.03992857142858,28,Mid,2.950000000000003,False,False,False,True
GAS,AlphaTauri,18,0 days 00:01:34.324000,0 days 00:00:30.451000,0 days 00:00:39.151000,0 days 00:00:24.722000,Medium,18,1,,,2,True,0 days 00:28:52.395000,94.324,30.451,39.151,24.722,1732.395,1707.465,9.1,61.9,947.4,True,15.2,15,1.4,True,False,True,FORMULA 1 ARAMCO GROSSER PREIS DER EIFEL 2020,Nürburgring,Germany,,,Permanent,,,0.3228340613205547,0.41506933548195585,0.2620966031974895,3,False,Eifel Grand Prix,eifel_grand_prix,2020,2020-10-11,95.14024137931034,29,Opening,4.213999999999999,False,False,False,True
ALB,Red Bull Racing,18,0 days 00:01:33.005000,0 days 00:00:30.193000,0 days 00:00:38.609000,0 days 00:00:24.203000,Medium,11,2,,,2,True,0 days 00:28:53.843000,93.005,30.193,38.609,24.203,1733.843,1707.465,9.1,61.9,947.4,True,15.2,15,1.4,True,False,True,FORMULA 1 ARAMCO GROSSER PREIS DER EIFEL 2020,Nürburgring,Germany,,,Permanent,,,0.3246384602978335,0.4151282189129617,0.2602333207892049,3,False,Eifel Grand Prix,eifel_grand_prix,2020,2020-10-11,96.140375,16,Closing,0.6749999999999972,False,False,False,True
HUL,Racing Point,18,0 days 00:01:34.326000,0 days 00:00:30.738000,0 days 00:00:39.326000,0 days 00:00:24.262000,Soft,18,1,,,2,True,0 days 00:28:57.686000,94.326,30.738,39.326,24.262,1737.686,1767.47,9.2,62.9,947.4,False,15.1,44,1.9,False,True,True,FORMULA 1 ARAMCO GROSSER PREIS DER EIFEL 2020,Nürburgring,Germany,,,Permanent,,,0.3258698556071497,0.41691580264190153,0.25721434175094887,3,False,Eifel Grand Prix,eifel_grand_prix,2020,2020-10-11,95.19917857142856,28,Opening,3.5929999999999893,False,False,False,True
LEC,Ferrari,18,0 days 00:01:33.865000,0 days 00:00:30.496000,0 days 00:00:39.139000,0 days 00:00:24.230000,Medium,8,2,,,2,True,0 days 00:28:58.251000,93.865,30.496,39.139,24.23,1738.251,1767.47,9.2,62.9,947.4,False,15.1,44,1.9,False,True,True,FORMULA 1 ARAMCO GROSSER PREIS DER EIFEL 2020,Nürburgring,Germany,,,Permanent,,,0.3248921323176903,0.4169711820167262,0.25813668566558357,3,False,Eifel Grand Prix,eifel_grand_prix,2020,2020-10-11,94.8714,25,Mid,3.1529999999999916,False,False,False,True
BOT,Mercedes,18,0 days 00:01:56.086000,0 days 00:00:31.581000,0 days 00:00:45.414000,0 days 00:00:39.091000,Medium,5,2,0 days 00:28:58.235000,,2,False,0 days 00:29:00.037000,116.086,31.581,45.414,39.091,1740.037,1767.47,9.2,62.9,947.4,False,15.1,44,1.9,False,True,True,FORMULA 1 ARAMCO GROSSER PREIS DER EIFEL 2020,Nürburgring,Germany,,,Permanent,18.0,,0.272048309012284,0.3912099650259291,0.336741725961787,1,False,Eifel Grand Prix,eifel_grand_prix,2020,2020-10-11,106.7254,5,Closing,24.201999999999998,False,False,False,True
GRO,Haas F1 Team,18,0 days 00:01:34.226000,0 days 00:00:30.592000,0 days 00:00:39,0 days 00:00:24.634000,Medium,18,1,,,2,True,0 days 00:29:03.045000,94.226,30.592,39.0,24.634,1743.045,1767.47,9.2,62.9,947.4,False,15.1,44,1.9,False,True,True,FORMULA 1 ARAMCO GROSSER PREIS DER EIFEL 2020,Nürburgring,Germany,,,Permanent,,,0.3246662280050092,0.4138984993526203,0.2614352726423705,3,False,Eifel Grand Prix,eifel_grand_prix,2020,2020-10-11,95.36396296296297,27,Opening,2.6640000000000015,False,False,False,True
GIO,Alfa Romeo Racing,18,0 days 00:01:33.250000,0 days 00:00:30.217000,0 days 00:00:38.922000,0 days 00:00:24.111000,Medium,3,2,,,2,True,0 days 00:29:13.438000,93.25,30.217,38.922,24.111,1753.438,1767.47,9.2,62.9,947.4,False,15.1,44,1.9,False,True,True,FORMULA 1 ARAMCO GROSSER PREIS DER EIFEL 2020,Nürburgring,Germany,,,Permanent,,,0.32404289544235926,0.4173941018766756,0.25856300268096516,3,False,Eifel Grand Prix,eifel_grand_prix,2020,2020-10-11,95.17671428571428,21,Mid,2.340999999999994,False,False,False,True
VET,Ferrari,18,0 days 00:01:33.415000,0 days 00:00:30.513000,0 days 00:00:38.698000,0 days 00:00:24.204000,Hard,7,2,,,2,True,0 days 00:29:14.781000,93.415,30.513,38.698,24.204,1754.781,1767.47,9.2,62.9,947.4,False,15.1,44,1.9,False,True,True,FORMULA 1 ARAMCO GROSSER PREIS DER EIFEL 2020,Nürburgring,Germany,,,Permanent,,,0.32663919070813036,0.41425895198843865,0.25910185730343094,3,False,Eifel Grand Prix,eifel_grand_prix,2020,2020-10-11,94.79276666666667,30,Mid,3.007000000000005,False,False,False,True
RAI,Alfa Romeo Racing,18,0 days 00:01:32.910000,0 days 00:00:30.261000,0 days 00:00:38.643000,0 days 00:00:24.006000,Medium,8,2,,,2,True,0 days 00:29:16.907000,92.91,30.261,38.643,24.006,1756.907,1767.47,9.2,62.9,947.4,False,15.1,44,1.9,False,True,True,FORMULA 1 ARAMCO GROSSER PREIS DER EIFEL 2020,Nürburgring,Germany,,,Permanent,,,0.3257022925411689,0.41591863093316117,0.25837907652567,3,False,Eifel Grand Prix,eifel_grand_prix,2020,2020-10-11,95.14329411764706,34,Mid,2.397999999999996,False,False,False,True
MAG,Haas F1 Team,18,0 days 00:01:33.698000,0 days 00:00:30.590000,0 days 00:00:38.662000,0 days 00:00:24.446000,Medium,4,2,,,2,True,0 days 00:29:20.868000,93.698,30.59,38.662,24.446,1760.868,1767.47,9.2,62.9,947.4,False,15.1,44,1.9,False,True,True,FORMULA 1 ARAMCO GROSSER PREIS DER EIFEL 2020,Nürburgring,Germany,,,Permanent,,,0.3264744178104122,0.4126235351875174,0.26090204700207054,3,False,Eifel Grand Prix,eifel_grand_prix,2020,2020-10-11,95.64394999999999,20,Mid,3.2419999999999902,False,False,False,True
LAT,Williams,18,0 days 00:01:33.023000,0 days 00:00:30.456000,0 days 00:00:38.388000,0 days 00:00:24.179000,Medium,4,2,,,2,True,0 days 00:29:22.375000,93.023,30.456,38.388,24.179,1762.375,1767.47,9.2,62.9,947.4,False,15.1,44,1.9,False,True,True,FORMULA 1 ARAMCO GROSSER PREIS DER EIFEL 2020,Nürburgring,Germany,,,Permanent,,,0.327402900357976,0.41267213484837084,0.2599249647936532,3,False,Eifel Grand Prix,eifel_grand_prix,2020,2020-10-11,95.8397894736842,19,Mid,1.6460000000000008,False,False,False,True
HAM,Mercedes,19,0 days 00:01:30.454000,0 days 00:00:29.447000,0 days 00:00:37.608000,0 days 00:00:23.399000,Medium,3,2,,,2,True,0 days 00:29:44.797000,90.454,29.447,37.608,23.399,1784.797,1767.47,9.2,62.9,947.4,False,15.1,44,1.9,False,True,True,FORMULA 1 ARAMCO GROSSER PREIS DER EIFEL 2020,Nürburgring,Germany,,,Permanent,,,0.32554668671368875,0.41576934132266125,0.25868397196365006,3,False,Eifel Grand Prix,eifel_grand_prix,2020,2020-10-11,92.15575862068965,29,Mid,2.3089999999999975,False,False,False,True
VER,Red Bull Racing,19,0 days 00:01:31.150000,0 days 00:00:29.561000,0 days 00:00:37.770000,0 days 00:00:23.819000,Medium,3,2,,,21,True,0 days 00:29:47.378000,91.15,29.561,37.77,23.819,1787.378,1767.47,9.2,62.9,947.4,False,15.1,44,1.9,False,True,True,FORMULA 1 ARAMCO GROSSER PREIS DER EIFEL 2020,Nürburgring,Germany,,,Permanent,,,0.3243115743280307,0.4143719144267691,0.26131651124520017,3,False,Eifel Grand Prix,eifel_grand_prix,2020,2020-10-11,92.39306896551724,29,Mid,3.01100000000001,False,False,False,True
KVY,AlphaTauri,18,0 days 00:02:07.494000,0 days 00:01:01.772000,0 days 00:00:41.453000,0 days 00:00:24.269000,Hard,1,2,,0 days 00:28:21.917000,21,False,0 days 00:30:00.451000,127.494,61.772,41.453,24.269,1800.451,1827.471,9.2,62.4,947.4,False,15.2,15,2.4,False,True,True,FORMULA 1 ARAMCO GROSSER PREIS DER EIFEL 2020,Nürburgring,Germany,,,Permanent,,,0.48450907493685974,0.32513686918600093,0.1903540558771393,3,False,Eifel Grand Prix,eifel_grand_prix,2020,2020-10-11,95.20285185185185,27,Mid,35.28,False,False,False,True
NOR,McLaren,19,0 days 00:01:33.264000,0 days 00:00:30.608000,0 days 00:00:38.714000,0 days 00:00:23.942000,Soft,22,1,,,21,True,0 days 00:30:07.930000,93.264,30.608,38.714,23.942,1807.93,1827.471,9.2,62.4,947.4,False,15.2,15,2.4,False,True,True,FORMULA 1 ARAMCO GROSSER PREIS DER EIFEL 2020,Nürburgring,Germany,,,Permanent,,,0.32818665294218563,0.41510121804769257,0.2567121290101218,3,False,Eifel Grand Prix,eifel_grand_prix,2020,2020-10-11,94.42985714285714,28,Opening,0.9359999999999928,False,False,False,True
PER,Racing Point,19,0 days 00:01:33.705000,0 days 00:00:30.636000,0 days 00:00:39.104000,0 days 00:00:23.965000,Soft,22,1,,,21,True,0 days 00:30:09.458000,93.705,30.636,39.104,23.965,1809.458,1827.471,9.2,62.4,947.4,False,15.2,15,2.4,False,True,True,FORMULA 1 ARAMCO GROSSER PREIS DER EIFEL 2020,Nürburgring,Germany,,,Permanent,,,0.3269409316471906,0.41730964196147485,0.2557494263913345,3,False,Eifel Grand Prix,eifel_grand_prix,2020,2020-10-11,94.44792592592593,27,Opening,4.0049999999999955,False,False,False,True
OCO,Renault,19,0 days 00:01:33.819000,0 days 00:00:30.542000,0 days 00:00:39.277000,0 days 00:00:24,Soft,22,1,,,21,True,0 days 00:30:15.065000,93.819,30.542,39.277,24.0,1815.065,1827.471,9.2,62.4,947.4,False,15.2,15,2.4,False,True,True,FORMULA 1 ARAMCO GROSSER PREIS DER EIFEL 2020,Nürburgring,Germany,,,Permanent,,,0.3255417346166555,0.41864654281115765,0.2558117225721869,3,False,Eifel Grand Prix,eifel_grand_prix,2020,2020-10-11,95.66042857142857,21,Opening,0.6300000000000097,False,False,False,True
SAI,McLaren,19,0 days 00:01:33.501000,0 days 00:00:30.438000,0 days 00:00:39.119000,0 days 00:00:23.944000,Soft,22,1,,,21,True,0 days 00:30:16.857000,93.501,30.438,39.119,23.944,1816.857,1827.471,9.2,62.4,947.4,False,15.2,15,2.4,False,True,True,FORMULA 1 ARAMCO GROSSER PREIS DER EIFEL 2020,Nürburgring,Germany,,,Permanent,,,0.325536625276735,0.41838055207965685,0.25608282264360804,3,False,Eifel Grand Prix,eifel_grand_prix,2020,2020-10-11,94.70933333333333,27,Opening,3.372,False,False,False,True
RIC,Renault,19,0 days 00:01:32.255000,0 days 00:00:30.060000,0 days 00:00:38.514000,0 days 00:00:23.681000,Medium,3,2,,,21,True,0 days 00:30:23.943000,92.255,30.06,38.514,23.681,1823.943,1827.471,9.2,62.4,947.4,False,15.2,15,2.4,False,True,True,FORMULA 1 ARAMCO GROSSER PREIS DER EIFEL 2020,Nürburgring,Germany,,,Permanent,,,0.32583599804888624,0.4174733076798006,0.25669069427131325,3,False,Eifel Grand Prix,eifel_grand_prix,2020,2020-10-11,93.03992857142858,28,Mid,2.6709999999999923,False,False,False,True
GAS,AlphaTauri,19,0 days 00:01:34.129000,0 days 00:00:30.765000,0 days 00:00:39.320000,0 days 00:00:24.044000,Medium,19,1,,,21,True,0 days 00:30:26.524000,94.129,30.765,39.32,24.044,1826.524,1827.471,9.2,62.4,947.4,False,15.2,15,2.4,False,True,True,FORMULA 1 ARAMCO GROSSER PREIS DER EIFEL 2020,Nürburgring,Germany,,,Permanent,,,0.3268387000818026,0.41772461196868127,0.2554366879495161,3,False,Eifel Grand Prix,eifel_grand_prix,2020,2020-10-11,95.14024137931034,29,Opening,4.0190000000000055,False,False,False,True
ALB,Red Bull Racing,19,0 days 00:01:33.422000,0 days 00:00:30.242000,0 days 00:00:38.972000,0 days 00:00:24.208000,Medium,12,2,,,21,True,0 days 00:30:27.265000,93.422,30.242,38.972,24.208,1827.265,1827.471,9.2,62.4,947.4,False,15.2,15,2.4,False,True,True,FORMULA 1 ARAMCO GROSSER PREIS DER EIFEL 2020,Nürburgring,Germany,,,Permanent,,,0.32371390036608083,0.41716084005908677,0.25912525957483246,3,False,Eifel Grand Prix,eifel_grand_prix,2020,2020-10-11,96.140375,16,Closing,1.0919999999999987,False,False,False,True
HUL,Racing Point,19,0 days 00:01:33.788000,0 days 00:00:30.593000,0 days 00:00:39.040000,0 days 00:00:24.155000,Soft,19,1,,,21,True,0 days 00:30:31.474000,93.788,30.593,39.04,24.155,1831.474,1827.471,9.2,62.4,947.4,False,15.2,15,2.4,False,True,True,FORMULA 1 ARAMCO GROSSER PREIS DER EIFEL 2020,Nürburgring,Germany,,,Permanent,,,0.3261931163901565,0.41625794344692285,0.2575489401629206,3,False,Eifel Grand Prix,eifel_grand_prix,2020,2020-10-11,95.19917857142856,28,Opening,3.0549999999999926,False,False,False,True
LEC,Ferrari,19,0 days 00:01:33.751000,0 days 00:00:30.799000,0 days 00:00:38.818000,0 days 00:00:24.134000,Medium,9,2,,,21,True,0 days 00:30:32.002000,93.751,30.799,38.818,24.134,1832.002,1827.471,9.2,62.4,947.4,False,15.2,15,2.4,False,True,True,FORMULA 1 ARAMCO GROSSER PREIS DER EIFEL 2020,Nürburgring,Germany,,,Permanent,,,0.32851916246226703,0.414054250087999,0.25742658744973385,3,False,Eifel Grand Prix,eifel_grand_prix,2020,2020-10-11,94.8714,25,Mid,3.0390000000000015,False,False,False,True
GRO,Haas F1 Team,19,0 days 00:01:33.603000,0 days 00:00:30.528000,0 days 00:00:38.927000,0 days 00:00:24.148000,Medium,19,1,,,21,True,0 days 00:30:36.648000,93.603,30.528,38.927,24.148,1836.648,1827.471,9.2,62.4,947.4,False,15.2,15,2.4,False,True,True,FORMULA 1 ARAMCO GROSSER PREIS DER EIFEL 2020,Nürburgring,Germany,,,Permanent,,,0.32614339283997307,0.41587342286037843,0.2579831842996485,3,False,Eifel Grand Prix,eifel_grand_prix,2020,2020-10-11,95.36396296296297,27,Opening,2.040999999999997,False,False,False,True
GIO,Alfa Romeo Racing,19,0 days 00:01:32.881000,0 days 00:00:30.207000,0 days 00:00:38.778000,0 days 00:00:23.896000,Medium,4,2,,,21,True,0 days 00:30:46.319000,92.881,30.207,38.778,23.896,1846.319,1827.471,9.2,62.4,947.4,False,15.2,15,2.4,False,True,True,FORMULA 1 ARAMCO GROSSER PREIS DER EIFEL 2020,Nürburgring,Germany,,,Permanent,,,0.3252225966559361,0.4175019648797924,0.2572754384642715,3,False,Eifel Grand Prix,eifel_grand_prix,2020,2020-10-11,95.17671428571428,21,Mid,1.9719999999999942,False,False,False,True
VET,Ferrari,19,0 days 00:01:33.053000,0 days 00:00:30.331000,0 days 00:00:38.801000,0 days 00:00:23.921000,Hard,8,2,,,21,True,0 days 00:30:47.834000,93.053,30.331,38.801,23.921,1847.834,1827.471,9.2,62.4,947.4,False,15.2,15,2.4,False,True,True,FORMULA 1 ARAMCO GROSSER PREIS DER EIFEL 2020,Nürburgring,Germany,,,Permanent,,,0.32595402620012254,0.4169774214694852,0.25706855233039233,3,False,Eifel Grand Prix,eifel_grand_prix,2020,2020-10-11,94.79276666666667,30,Mid,2.644999999999996,False,False,False,True
RAI,Alfa Romeo Racing,19,0 days 00:01:32.648000,0 days 00:00:30.272000,0 days 00:00:38.533000,0 days 00:00:23.843000,Medium,9,2,,,21,True,0 days 00:30:49.555000,92.648,30.272,38.533,23.843,1849.555,1827.471,9.2,62.4,947.4,False,15.2,15,2.4,False,True,True,FORMULA 1 ARAMCO GROSSER PREIS DER EIFEL 2020,Nürburgring,Germany,,,Permanent,,,0.3267420775407996,0.41590752093946987,0.2573504015197306,3,False,Eifel Grand Prix,eifel_grand_prix,2020,2020-10-11,95.14329411764706,34,Mid,2.1359999999999957,False,False,False,True
MAG,Haas F1 Team,19,0 days 00:01:33.662000,0 days 00:00:30.978000,0 days 00:00:38.644000,0 days 00:00:24.040000,Medium,5,2,,,21,True,0 days 00:30:54.530000,93.662,30.978,38.644,24.04,1854.53,1827.471,9.2,62.4,947.4,False,15.2,15,2.4,False,True,True,FORMULA 1 ARAMCO GROSSER PREIS DER EIFEL 2020,Nürburgring,Germany,,,Permanent,,,0.33074245691956183,0.4125899511007665,0.25666759197967154,3,False,Eifel Grand Prix,eifel_grand_prix,2020,2020-10-11,95.64394999999999,20,Mid,3.206000000000003,False,False,False,True
LAT,Williams,19,0 days 00:01:33.393000,0 days 00:00:30.937000,0 days 00:00:38.417000,0 days 00:00:24.039000,Medium,5,2,,,21,True,0 days 00:30:55.768000,93.393,30.937,38.417,24.039,1855.768,1827.471,9.2,62.4,947.4,False,15.2,15,2.4,False,True,True,FORMULA 1 ARAMCO GROSSER PREIS DER EIFEL 2020,Nürburgring,Germany,,,Permanent,,,0.3312560898568415,0.4113477455483816,0.25739616459477693,3,False,Eifel Grand Prix,eifel_grand_prix,2020,2020-10-11,95.8397894736842,19,Mid,2.0160000000000053,False,False,False,True
HAM,Mercedes,20,0 days 00:01:30.566000,0 days 00:00:29.496000,0 days 00:00:37.922000,0 days 00:00:23.148000,Medium,4,2,,,21,True,0 days 00:31:15.363000,90.566,29.496,37.922,23.148,1875.363,1887.473,9.3,62.2,947.4,False,15.2,329,1.6,False,True,True,FORMULA 1 ARAMCO GROSSER PREIS DER EIFEL 2020,Nürburgring,Germany,,,Permanent,,,0.32568513570213986,0.4187222578009407,0.25559260649691934,3,False,Eifel Grand Prix,eifel_grand_prix,2020,2020-10-11,92.15575862068965,29,Mid,2.4210000000000065,False,False,False,True
VER,Red Bull Racing,20,0 days 00:01:30.439000,0 days 00:00:29.373000,0 days 00:00:37.779000,0 days 00:00:23.287000,Medium,4,2,,,1,True,0 days 00:31:17.817000,90.439,29.373,37.779,23.287,1877.817,1887.473,9.3,62.2,947.4,False,15.2,329,1.6,False,True,True,FORMULA 1 ARAMCO GROSSER PREIS DER EIFEL 2020,Nürburgring,Germany,,,Permanent,,,0.3247824500492045,0.4177290770574642,0.25748847289333143,3,False,Eifel Grand Prix,eifel_grand_prix,2020,2020-10-11,92.39306896551724,29,Mid,2.299999999999997,False,False,False,True
KVY,AlphaTauri,19,0 days 00:01:33.334000,0 days 00:00:30.450000,0 days 00:00:38.853000,0 days 00:00:24.031000,Hard,2,2,,,1,True,0 days 00:31:33.785000,93.334,30.45,38.853,24.031,1893.785,1887.473,9.3,62.2,947.4,False,15.2,329,1.6,False,True,True,FORMULA 1 ARAMCO GROSSER PREIS DER EIFEL 2020,Nürburgring,Germany,,,Permanent,,,0.3262476696595024,0.41627916943450405,0.2574731609059935,3,False,Eifel Grand Prix,eifel_grand_prix,2020,2020-10-11,95.20285185185185,27,Mid,1.1200000000000045,False,False,False,True
NOR,McLaren,20,0 days 00:01:32.688000,0 days 00:00:30.251000,0 days 00:00:38.589000,0 days 00:00:23.848000,Soft,23,1,,,1,True,0 days 00:31:40.618000,92.688,30.251,38.589,23.848,1900.618,1887.473,9.3,62.2,947.4,False,15.2,329,1.6,False,True,True,FORMULA 1 ARAMCO GROSSER PREIS DER EIFEL 2020,Nürburgring,Germany,,,Permanent,,,0.32637450371137583,0.4163322112894873,0.2572932849991369,3,False,Eifel Grand Prix,eifel_grand_prix,2020,2020-10-11,94.42985714285714,28,Opening,0.35999999999999943,False,False,False,True
PER,Racing Point,20,0 days 00:01:33.275000,0 days 00:00:30.510000,0 days 00:00:38.813000,0 days 00:00:23.952000,Soft,23,1,,,1,True,0 days 00:31:42.733000,93.275,30.51,38.813,23.952,1902.733,1887.473,9.3,62.2,947.4,False,15.2,329,1.6,False,True,True,FORMULA 1 ARAMCO GROSSER PREIS DER EIFEL 2020,Nürburgring,Germany,,,Permanent,,,0.32709729295095147,0.41611364245510585,0.25678906459394263,3,False,Eifel Grand Prix,eifel_grand_prix,2020,2020-10-11,94.44792592592593,27,Opening,3.575000000000003,False,False,False,True
OCO,Renault,20,0 days 00:01:33.252000,0 days 00:00:30.328000,0 days 00:00:39.030000,0 days 00:00:23.894000,Soft,23,1,,,1,True,0 days 00:31:48.317000,93.252,30.328,39.03,23.894,1908.317,1887.473,9.3,62.2,947.4,False,15.2,329,1.6,False,True,True,FORMULA 1 ARAMCO GROSSER PREIS DER EIFEL 2020,Nürburgring,Germany,,,Permanent,,,0.3252262686054991,0.418543302020332,0.2562304293741689,3,False,Eifel Grand Prix,eifel_grand_prix,2020,2020-10-11,95.66042857142857,21,Opening,0.06300000000000239,False,False,False,True
SAI,McLaren,20,0 days 00:01:33.636000,0 days 00:00:30.508000,0 days 00:00:39.130000,0 days 00:00:23.998000,Soft,23,1,,,1,True,0 days 00:31:50.493000,93.636,30.508,39.13,23.998,1910.493,1887.473,9.3,62.2,947.4,False,15.2,329,1.6,False,True,True,FORMULA 1 ARAMCO GROSSER PREIS DER EIFEL 2020,Nürburgring,Germany,,,Permanent,,,0.3258148575334273,0.41789482677602635,0.2562903156905464,3,False,Eifel Grand Prix,eifel_grand_prix,2020,2020-10-11,94.70933333333333,27,Opening,3.506999999999991,False,False,False,True
RIC,Renault,20,0 days 00:01:32.352000,0 days 00:00:30.023000,0 days 00:00:38.497000,0 days 00:00:23.832000,Medium,4,2,,,1,True,0 days 00:31:56.295000,92.352,30.023,38.497,23.832,1916.295,1887.473,9.3,62.2,947.4,False,15.2,329,1.6,False,True,True,FORMULA 1 ARAMCO GROSSER PREIS DER EIFEL 2020,Nürburgring,Germany,,,Permanent,,,0.32509312196812196,0.416850744975745,0.25805613305613306,3,False,Eifel Grand Prix,eifel_grand_prix,2020,2020-10-11,93.03992857142858,28,Mid,2.7680000000000007,False,False,False,True
GAS,AlphaTauri,20,0 days 00:01:33.506000,0 days 00:00:30.464000,0 days 00:00:39.043000,0 days 00:00:23.999000,Medium,20,1,,,1,True,0 days 00:32:00.030000,93.506,30.464,39.043,23.999,1920.03,1947.471,9.4,61.7,947.5,False,15.4,33,1.4,False,True,True,FORMULA 1 ARAMCO GROSSER PREIS DER EIFEL 2020,Nürburgring,Germany,,,Permanent,,,0.32579727504117384,0.417545398156268,0.2566573268025581,3,False,Eifel Grand Prix,eifel_grand_prix,2020,2020-10-11,95.14024137931034,29,Opening,3.396000000000001,False,False,False,True
ALB,Red Bull Racing,20,0 days 00:01:33.510000,0 days 00:00:30.430000,0 days 00:00:38.992000,0 days 00:00:24.088000,Medium,13,2,,,1,True,0 days 00:32:00.775000,93.51,30.43,38.992,24.088,1920.775,1947.471,9.4,61.7,947.5,False,15.4,33,1.4,False,True,True,FORMULA 1 ARAMCO GROSSER PREIS DER EIFEL 2020,Nürburgring,Germany,,,Permanent,,,0.3254197412041493,0.4169821409474922,0.25759811784835845,3,False,Eifel Grand Prix,eifel_grand_prix,2020,2020-10-11,96.140375,16,Closing,1.1800000000000068,False,False,False,True
LEC,Ferrari,20,0 days 00:01:32.808000,0 days 00:00:30.326000,0 days 00:00:38.526000,0 days 00:00:23.956000,Medium,10,2,,,1,True,0 days 00:32:04.810000,92.808,30.326,38.526,23.956,1924.81,1947.471,9.4,61.7,947.5,False,15.4,33,1.4,False,True,True,FORMULA 1 ARAMCO GROSSER PREIS DER EIFEL 2020,Nürburgring,Germany,,,Permanent,,,0.32676062408413065,0.41511507628652705,0.25812429962934225,3,False,Eifel Grand Prix,eifel_grand_prix,2020,2020-10-11,94.8714,25,Mid,2.0960000000000036,False,False,False,True
HUL,Racing Point,20,0 days 00:01:34.594000,0 days 00:00:31.372000,0 days 00:00:39.269000,0 days 00:00:23.953000,Soft,20,1,,,1,True,0 days 00:32:06.068000,94.594,31.372,39.269,23.953,1926.068,1947.471,9.4,61.7,947.5,False,15.4,33,1.4,False,True,True,FORMULA 1 ARAMCO GROSSER PREIS DER EIFEL 2020,Nürburgring,Germany,,,Permanent,,,0.3316489417933484,0.4151320379728101,0.25321902023384146,3,False,Eifel Grand Prix,eifel_grand_prix,2020,2020-10-11,95.19917857142856,28,Opening,3.86099999999999,False,False,False,True
GRO,Haas F1 Team,20,0 days 00:01:33.528000,0 days 00:00:30.530000,0 days 00:00:38.870000,0 days 00:00:24.128000,Medium,20,1,,,1,True,0 days 00:32:10.176000,93.528,30.53,38.87,24.128,1930.176,1947.471,9.4,61.7,947.5,False,15.4,33,1.4,False,True,True,FORMULA 1 ARAMCO GROSSER PREIS DER EIFEL 2020,Nürburgring,Germany,,,Permanent,,,0.32642631083739626,0.4155974681378838,0.25797622102471984,3,False,Eifel Grand Prix,eifel_grand_prix,2020,2020-10-11,95.36396296296297,27,Opening,1.9660000000000082,False,False,False,True
GIO,Alfa Romeo Racing,20,0 days 00:01:32.838000,0 days 00:00:30.248000,0 days 00:00:38.741000,0 days 00:00:23.849000,Medium,5,2,,,1,True,0 days 00:32:19.157000,92.838,30.248,38.741,23.849,1939.157,1947.471,9.4,61.7,947.5,False,15.4,33,1.4,False,True,True,FORMULA 1 ARAMCO GROSSER PREIS DER EIFEL 2020,Nürburgring,Germany,,,Permanent,,,0.3258148602942761,0.4172967965703699,0.2568883431353541,3,False,Eifel Grand Prix,eifel_grand_prix,2020,2020-10-11,95.17671428571428,21,Mid,1.9289999999999878,False,False,False,True
VET,Ferrari,20,0 days 00:01:32.841000,0 days 00:00:30.324000,0 days 00:00:38.580000,0 days 00:00:23.937000,Hard,9,2,,,1,True,0 days 00:32:20.675000,92.841,30.324,38.58,23.937,1940.675,1947.471,9.4,61.7,947.5,False,15.4,33,1.4,False,True,True,FORMULA 1 ARAMCO GROSSER PREIS DER EIFEL 2020,Nürburgring,Germany,,,Permanent,,,0.3266229359873332,0.41554916470094033,0.2578278993117265,3,False,Eifel Grand Prix,eifel_grand_prix,2020,2020-10-11,94.79276666666667,30,Mid,2.4329999999999927,False,False,False,True
RAI,Alfa Romeo Racing,20,0 days 00:01:32.768000,0 days 00:00:30.301000,0 days 00:00:38.541000,0 days 00:00:23.926000,Medium,10,2,,,1,True,0 days 00:32:22.323000,92.768,30.301,38.541,23.926,1942.323,1947.471,9.4,61.7,947.5,False,15.4,33,1.4,False,True,True,FORMULA 1 ARAMCO GROSSER PREIS DER EIFEL 2020,Nürburgring,Germany,,,Permanent,,,0.3266320282856157,0.4154557606071059,0.25791221110727836,3,False,Eifel Grand Prix,eifel_grand_prix,2020,2020-10-11,95.14329411764706,34,Mid,2.2560000000000002,False,False,False,True
MAG,Haas F1 Team,20,0 days 00:01:33.084000,0 days 00:00:30.438000,0 days 00:00:38.613000,0 days 00:00:24.033000,Medium,6,2,,,1,True,0 days 00:32:27.614000,93.084,30.438,38.613,24.033,1947.614,1947.471,9.4,61.7,947.5,False,15.4,33,1.4,False,True,True,FORMULA 1 ARAMCO GROSSER PREIS DER EIFEL 2020,Nürburgring,Germany,,,Permanent,,,0.3269949722830991,0.4148188732757509,0.25818615444114995,3,False,Eifel Grand Prix,eifel_grand_prix,2020,2020-10-11,95.64394999999999,20,Mid,2.628,False,False,False,True
LAT,Williams,20,0 days 00:01:33.111000,0 days 00:00:30.468000,0 days 00:00:38.549000,0 days 00:00:24.094000,Medium,6,2,,,1,True,0 days 00:32:28.879000,93.111,30.468,38.549,24.094,1948.879,1947.471,9.4,61.7,947.5,False,15.4,33,1.4,False,True,True,FORMULA 1 ARAMCO GROSSER PREIS DER EIFEL 2020,Nürburgring,Germany,,,Permanent,,,0.32722234752070106,0.4140112339036204,0.2587664185756785,3,False,Eifel Grand Prix,eifel_grand_prix,2020,2020-10-11,95.8397894736842,19,Mid,1.7340000000000089,False,False,False,True
HAM,Mercedes,21,0 days 00:01:30.109000,0 days 00:00:29.389000,0 days 00:00:37.561000,0 days 00:00:23.159000,Medium,5,2,,,1,True,0 days 00:32:45.472000,90.109,29.389,37.561,23.159,1965.472,1947.471,9.4,61.7,947.5,False,15.4,33,1.4,False,True,True,FORMULA 1 ARAMCO GROSSER PREIS DER EIFEL 2020,Nürburgring,Germany,,,Permanent,,,0.32614944123228534,0.4168396053668335,0.25701095340088115,3,False,Eifel Grand Prix,eifel_grand_prix,2020,2020-10-11,92.15575862068965,29,Mid,1.9639999999999986,False,False,False,True
VER,Red Bull Racing,21,0 days 00:01:30.516000,0 days 00:00:29.533000,0 days 00:00:37.576000,0 days 00:00:23.407000,Medium,5,2,,,1,True,0 days 00:32:48.333000,90.516,29.533,37.576,23.407,1968.333,1947.471,9.4,61.7,947.5,False,15.4,33,1.4,False,True,True,FORMULA 1 ARAMCO GROSSER PREIS DER EIFEL 2020,Nürburgring,Germany,,,Permanent,,,0.3262738079455566,0.41513102655884043,0.25859516549560296,3,False,Eifel Grand Prix,eifel_grand_prix,2020,2020-10-11,92.39306896551724,29,Mid,2.3770000000000095,False,False,False,True
KVY,AlphaTauri,20,0 days 00:01:32.963000,0 days 00:00:30.265000,0 days 00:00:38.795000,0 days 00:00:23.903000,Hard,3,2,,,1,True,0 days 00:33:06.748000,92.963,30.265,38.795,23.903,1986.748,2007.473,9.4,61.3,947.5,False,15.5,55,0.9,False,True,True,FORMULA 1 ARAMCO GROSSER PREIS DER EIFEL 2020,Nürburgring,Germany,,,Permanent,,,0.32555963125114296,0.4173165668061487,0.2571238019427084,3,False,Eifel Grand Prix,eifel_grand_prix,2020,2020-10-11,95.20285185185185,27,Mid,0.7489999999999952,False,False,False,True
NOR,McLaren,21,0 days 00:01:32.683000,0 days 00:00:30.173000,0 days 00:00:38.669000,0 days 00:00:23.841000,Soft,24,1,,,1,True,0 days 00:33:13.301000,92.683,30.173,38.669,23.841,1993.301,2007.473,9.4,61.3,947.5,False,15.5,55,0.9,False,True,True,FORMULA 1 ARAMCO GROSSER PREIS DER EIFEL 2020,Nürburgring,Germany,,,Permanent,,,0.3255505324601059,0.4172178285122406,0.2572316390276534,3,False,Eifel Grand Prix,eifel_grand_prix,2020,2020-10-11,94.42985714285714,28,Opening,0.355000000000004,False,False,False,True
PER,Racing Point,21,0 days 00:01:32.848000,0 days 00:00:30.285000,0 days 00:00:38.642000,0 days 00:00:23.921000,Soft,24,1,,,1,True,0 days 00:33:15.581000,92.848,30.285,38.642,23.921,1995.581,2007.473,9.4,61.3,947.5,False,15.5,55,0.9,False,True,True,FORMULA 1 ARAMCO GROSSER PREIS DER EIFEL 2020,Nürburgring,Germany,,,Permanent,,,0.32617826986041704,0.41618559365845254,0.25763613648113043,3,False,Eifel Grand Prix,eifel_grand_prix,2020,2020-10-11,94.44792592592593,27,Opening,3.147999999999996,False,False,False,True
OCO,Renault,21,0 days 00:01:33.189000,0 days 00:00:30.235000,0 days 00:00:39.105000,0 days 00:00:23.849000,Soft,24,1,,,1,True,0 days 00:33:21.506000,93.189,30.235,39.105,23.849,2001.506,2007.473,9.4,61.3,947.5,False,15.5,55,0.9,False,True,True,FORMULA 1 ARAMCO GROSSER PREIS DER EIFEL 2020,Nürburgring,Germany,,,Permanent,,,0.32444816448293257,0.4196310723368638,0.2559207631802037,3,False,Eifel Grand Prix,eifel_grand_prix,2020,2020-10-11,95.66042857142857,21,Opening,0.0,False,False,False,True
SAI,McLaren,21,0 days 00:01:33.362000,0 days 00:00:30.324000,0 days 00:00:39.020000,0 days 00:00:24.018000,Soft,24,1,,,1,True,0 days 00:33:23.855000,93.362,30.324,39.02,24.018,2003.855,2007.473,9.4,61.3,947.5,False,15.5,55,0.9,False,True,True,FORMULA 1 ARAMCO GROSSER PREIS DER EIFEL 2020,Nürburgring,Germany,,,Permanent,,,0.3248002399263084,0.417943060345751,0.25725669972794074,3,False,Eifel Grand Prix,eifel_grand_prix,2020,2020-10-11,94.70933333333333,27,Opening,3.23299999999999,False,False,False,True
RIC,Renault,21,0 days 00:01:32.380000,0 days 00:00:30.067000,0 days 00:00:38.677000,0 days 00:00:23.636000,Medium,5,2,,,1,True,0 days 00:33:28.675000,92.38,30.067,38.677,23.636,2008.675,2007.473,9.4,61.3,947.5,False,15.5,55,0.9,False,True,True,FORMULA 1 ARAMCO GROSSER PREIS DER EIFEL 2020,Nürburgring,Germany,,,Permanent,,,0.3254708811431046,0.41867287291621563,0.2558562459406798,3,False,Eifel Grand Prix,eifel_grand_prix,2020,2020-10-11,93.03992857142858,28,Mid,2.7959999999999923,False,False,False,True
GAS,AlphaTauri,21,0 days 00:01:33.411000,0 days 00:00:30.341000,0 days 00:00:39.148000,0 days 00:00:23.922000,Medium,21,1,,,1,True,0 days 00:33:33.441000,93.411,30.341,39.148,23.922,2013.441,2007.473,9.4,61.3,947.5,False,15.5,55,0.9,False,True,True,FORMULA 1 ARAMCO GROSSER PREIS DER EIFEL 2020,Nürburgring,Germany,,,Permanent,,,0.32481185299375875,0.4190941109719412,0.25609403603430003,3,False,Eifel Grand Prix,eifel_grand_prix,2020,2020-10-11,95.14024137931034,29,Opening,3.301000000000002,False,False,False,True
ALB,Red Bull Racing,21,0 days 00:01:33.321000,0 days 00:00:30.349000,0 days 00:00:38.999000,0 days 00:00:23.973000,Medium,14,2,,,1,True,0 days 00:33:34.096000,93.321,30.349,38.999,23.973,2014.096,2007.473,9.4,61.3,947.5,False,15.5,55,0.9,False,True,True,FORMULA 1 ARAMCO GROSSER PREIS DER EIFEL 2020,Nürburgring,Germany,,,Permanent,,,0.3252108314312963,0.41790165128963475,0.256887517279069,3,False,Eifel Grand Prix,eifel_grand_prix,2020,2020-10-11,96.140375,16,Closing,0.9909999999999997,False,False,False,True
LEC,Ferrari,21,0 days 00:01:32.832000,0 days 00:00:30.294000,0 days 00:00:38.619000,0 days 00:00:23.919000,Medium,11,2,,,1,True,0 days 00:33:37.642000,92.832,30.294,38.619,23.919,2017.642,2007.473,9.4,61.3,947.5,False,15.5,55,0.9,False,True,True,FORMULA 1 ARAMCO GROSSER PREIS DER EIFEL 2020,Nürburgring,Germany,,,Permanent,,,0.32633143743536713,0.4160095656670114,0.2576589968976215,3,False,Eifel Grand Prix,eifel_grand_prix,2020,2020-10-11,94.8714,25,Mid,2.1199999999999903,False,False,False,True
HUL,Racing Point,21,0 days 00:01:33.708000,0 days 00:00:30.488000,0 days 00:00:38.929000,0 days 00:00:24.291000,Soft,21,1,,,1,True,0 days 00:33:39.776000,93.708,30.488,38.929,24.291,2019.776,2007.473,9.4,61.3,947.5,False,15.5,55,0.9,False,True,True,FORMULA 1 ARAMCO GROSSER PREIS DER EIFEL 2020,Nürburgring,Germany,,,Permanent,,,0.32535109062193196,0.415428778759551,0.2592201306185171,3,False,Eifel Grand Prix,eifel_grand_prix,2020,2020-10-11,95.19917857142856,28,Opening,2.9749999999999943,False,False,False,True
GRO,Haas F1 Team,21,0 days 00:01:33.455000,0 days 00:00:30.499000,0 days 00:00:38.852000,0 days 00:00:24.104000,Medium,21,1,,,1,True,0 days 00:33:43.631000,93.455,30.499,38.852,24.104,2023.631,2007.473,9.4,61.3,947.5,False,15.5,55,0.9,False,True,True,FORMULA 1 ARAMCO GROSSER PREIS DER EIFEL 2020,Nürburgring,Germany,,,Permanent,,,0.3263495800117704,0.4157294954791076,0.257920924509122,3,False,Eifel Grand Prix,eifel_grand_prix,2020,2020-10-11,95.36396296296297,27,Opening,1.8930000000000007,False,False,False,True
GIO,Alfa Romeo Racing,21,0 days 00:01:32.943000,0 days 00:00:30.209000,0 days 00:00:38.810000,0 days 00:00:23.924000,Medium,6,2,,,1,True,0 days 00:33:52.100000,92.943,30.209,38.81,23.924,2032.1,2007.473,9.4,61.3,947.5,False,15.5,55,0.9,False,True,True,FORMULA 1 ARAMCO GROSSER PREIS DER EIFEL 2020,Nürburgring,Germany,,,Permanent,,,0.3250271671884919,0.41756775658199113,0.257405076229517,3,False,Eifel Grand Prix,eifel_grand_prix,2020,2020-10-11,95.17671428571428,21,Mid,2.033999999999992,False,False,False,True
VET,Ferrari,21,0 days 00:01:33.005000,0 days 00:00:30.447000,0 days 00:00:38.642000,0 days 00:00:23.916000,Hard,10,2,,,1,True,0 days 00:33:53.680000,93.005,30.447,38.642,23.916,2033.68,2007.473,9.4,61.3,947.5,False,15.5,55,0.9,False,True,True,FORMULA 1 ARAMCO GROSSER PREIS DER EIFEL 2020,Nürburgring,Germany,,,Permanent,,,0.32736949626364176,0.41548303854631474,0.25714746519004356,3,False,Eifel Grand Prix,eifel_grand_prix,2020,2020-10-11,94.79276666666667,30,Mid,2.596999999999994,False,False,False,True
RAI,Alfa Romeo Racing,21,0 days 00:01:32.863000,0 days 00:00:30.281000,0 days 00:00:38.649000,0 days 00:00:23.933000,Medium,11,2,,,1,True,0 days 00:33:55.186000,92.863,30.281,38.649,23.933,2035.186,2007.473,9.4,61.3,947.5,False,15.5,55,0.9,False,True,True,FORMULA 1 ARAMCO GROSSER PREIS DER EIFEL 2020,Nürburgring,Germany,,,Permanent,,,0.3260825086417626,0.41619374777898627,0.25772374357925115,3,False,Eifel Grand Prix,eifel_grand_prix,2020,2020-10-11,95.14329411764706,34,Mid,2.350999999999999,False,False,False,True
MAG,Haas F1 Team,21,0 days 00:01:32.973000,0 days 00:00:30.259000,0 days 00:00:38.660000,0 days 00:00:24.054000,Medium,7,2,,,1,True,0 days 00:34:00.587000,92.973,30.259,38.66,24.054,2040.587,2067.471,9.4,61.0,947.4,False,15.6,34,2.3,False,True,True,FORMULA 1 ARAMCO GROSSER PREIS DER EIFEL 2020,Nürburgring,Germany,,,Permanent,,,0.32546007980811636,0.4158196465640562,0.2587202736278274,3,False,Eifel Grand Prix,eifel_grand_prix,2020,2020-10-11,95.64394999999999,20,Mid,2.516999999999996,False,False,False,True
LAT,Williams,21,0 days 00:01:33.317000,0 days 00:00:30.484000,0 days 00:00:38.718000,0 days 00:00:24.115000,Medium,7,2,,,1,True,0 days 00:34:02.196000,93.317,30.484,38.718,24.115,2042.196,2067.471,9.4,61.0,947.4,False,15.6,34,2.3,False,True,True,FORMULA 1 ARAMCO GROSSER PREIS DER EIFEL 2020,Nürburgring,Germany,,,Permanent,,,0.32667145321859903,0.4149083232422818,0.25842022353911936,3,False,Eifel Grand Prix,eifel_grand_prix,2020,2020-10-11,95.8397894736842,19,Mid,1.9399999999999977,False,False,False,True
HAM,Mercedes,22,0 days 00:01:30.424000,0 days 00:00:29.548000,0 days 00:00:37.727000,0 days 00:00:23.149000,Medium,6,2,,,1,True,0 days 00:34:15.896000,90.424,29.548,37.727,23.149,2055.896,2067.471,9.4,61.0,947.4,False,15.6,34,2.3,False,True,True,FORMULA 1 ARAMCO GROSSER PREIS DER EIFEL 2020,Nürburgring,Germany,,,Permanent,,,0.32677165354330706,0.41722330354773063,0.2560050429089622,3,False,Eifel Grand Prix,eifel_grand_prix,2020,2020-10-11,92.15575862068965,29,Mid,2.2790000000000106,False,False,False,True
VER,Red Bull Racing,22,0 days 00:01:30.777000,0 days 00:00:29.586000,0 days 00:00:37.727000,0 days 00:00:23.464000,Medium,6,2,,,1,True,0 days 00:34:19.110000,90.777,29.586,37.727,23.464,2059.11,2067.471,9.4,61.0,947.4,False,15.6,34,2.3,False,True,True,FORMULA 1 ARAMCO GROSSER PREIS DER EIFEL 2020,Nürburgring,Germany,,,Permanent,,,0.3259195611223107,0.41560086806129304,0.2584795708163962,3,False,Eifel Grand Prix,eifel_grand_prix,2020,2020-10-11,92.39306896551724,29,Mid,2.6380000000000052,False,False,False,True
KVY,AlphaTauri,21,0 days 00:01:33.052000,0 days 00:00:30.190000,0 days 00:00:38.715000,0 days 00:00:24.147000,Hard,4,2,,,1,True,0 days 00:34:39.800000,93.052,30.19,38.715,24.147,2079.8,2067.471,9.4,61.0,947.4,False,15.6,34,2.3,False,True,True,FORMULA 1 ARAMCO GROSSER PREIS DER EIFEL 2020,Nürburgring,Germany,,,Permanent,,,0.3244422473455702,0.4160576881743541,0.2595000644800756,3,False,Eifel Grand Prix,eifel_grand_prix,2020,2020-10-11,95.20285185185185,27,Mid,0.8380000000000081,False,False,False,True
NOR,McLaren,22,0 days 00:01:32.864000,0 days 00:00:30.217000,0 days 00:00:38.715000,0 days 00:00:23.932000,Soft,25,1,,,1,True,0 days 00:34:46.165000,92.864,30.217,38.715,23.932,2086.165,2067.471,9.4,61.0,947.4,False,15.6,34,2.3,False,True,True,FORMULA 1 ARAMCO GROSSER PREIS DER EIFEL 2020,Nürburgring,Germany,,,Permanent,,,0.32538981736733286,0.4168999827705031,0.257710199862164,3,False,Eifel Grand Prix,eifel_grand_prix,2020,2020-10-11,94.42985714285714,28,Opening,0.5360000000000014,False,False,False,True
PER,Racing Point,22,0 days 00:01:33.121000,0 days 00:00:30.310000,0 days 00:00:38.816000,0 days 00:00:23.995000,Soft,25,1,,,1,True,0 days 00:34:48.702000,93.121,30.31,38.816,23.995,2088.702,2067.471,9.4,61.0,947.4,False,15.6,34,2.3,False,True,True,FORMULA 1 ARAMCO GROSSER PREIS DER EIFEL 2020,Nürburgring,Germany,,,Permanent,,,0.32549049086672177,0.41683401166224593,0.25767549747103236,3,False,Eifel Grand Prix,eifel_grand_prix,2020,2020-10-11,94.44792592592593,27,Opening,3.4209999999999923,False,False,False,True
SAI,McLaren,22,0 days 00:01:33.173000,0 days 00:00:30.379000,0 days 00:00:39.254000,0 days 00:00:23.540000,Soft,25,1,,,1,True,0 days 00:34:57.028000,93.173,30.379,39.254,23.54,2097.028,2067.471,9.4,61.0,947.4,False,15.6,34,2.3,False,True,True,FORMULA 1 ARAMCO GROSSER PREIS DER EIFEL 2020,Nürburgring,Germany,,,Permanent,,,0.3260493919912421,0.4213023086087171,0.25264829940004074,3,False,Eifel Grand Prix,eifel_grand_prix,2020,2020-10-11,94.70933333333333,27,Opening,3.043999999999997,False,False,False,True
RIC,Renault,22,0 days 00:01:32.690000,0 days 00:00:30.154000,0 days 00:00:38.564000,0 days 00:00:23.972000,Medium,6,2,,,1,True,0 days 00:35:01.365000,92.69,30.154,38.564,23.972,2101.365,2127.5,9.5,60.9,947.4,False,15.7,33,1.4,False,True,True,FORMULA 1 ARAMCO GROSSER PREIS DER EIFEL 2020,Nürburgring,Germany,,,Permanent,,,0.3253209623476103,0.4160535117056856,0.25862552594670407,3,False,Eifel Grand Prix,eifel_grand_prix,2020,2020-10-11,93.03992857142858,28,Mid,3.1059999999999945,False,False,False,True
GAS,AlphaTauri,22,0 days 00:01:34.052000,0 days 00:00:30.813000,0 days 00:00:39.197000,0 days 00:00:24.042000,Medium,22,1,,,1,True,0 days 00:35:07.493000,94.052,30.813,39.197,24.042,2107.493,2127.5,9.5,60.9,947.4,False,15.7,33,1.4,False,True,True,FORMULA 1 ARAMCO GROSSER PREIS DER EIFEL 2020,Nürburgring,Germany,,,Permanent,,,0.32761663760472925,0.41675881427295536,0.25562454812231533,3,False,Eifel Grand Prix,eifel_grand_prix,2020,2020-10-11,95.14024137931034,29,Opening,3.9420000000000073,False,False,False,True
ALB,Red Bull Racing,22,0 days 00:01:34.266000,0 days 00:00:30.794000,0 days 00:00:39.165000,0 days 00:00:24.307000,Medium,15,2,,,1,True,0 days 00:35:08.362000,94.266,30.794,39.165,24.307,2108.362,2127.5,9.5,60.9,947.4,False,15.7,33,1.4,False,True,True,FORMULA 1 ARAMCO GROSSER PREIS DER EIFEL 2020,Nürburgring,Germany,,,Permanent,,,0.32667133430929496,0.4154732353128381,0.25785543037786685,3,False,Eifel Grand Prix,eifel_grand_prix,2020,2020-10-11,96.140375,16,Closing,1.936000000000007,False,False,False,True
LEC,Ferrari,22,0 days 00:01:32.911000,0 days 00:00:30.316000,0 days 00:00:38.688000,0 days 00:00:23.907000,Medium,12,2,,,1,True,0 days 00:35:10.553000,92.911,30.316,38.688,23.907,2110.553,2127.5,9.5,60.9,947.4,False,15.7,33,1.4,False,True,True,FORMULA 1 ARAMCO GROSSER PREIS DER EIFEL 2020,Nürburgring,Germany,,,Permanent,,,0.32629075136420876,0.4163984888764517,0.2573107597593396,3,False,Eifel Grand Prix,eifel_grand_prix,2020,2020-10-11,94.8714,25,Mid,2.198999999999998,False,False,False,True
OCO,Renault,22,0 days 00:01:49.095000,0 days 00:00:30.301000,0 days 00:00:42.839000,0 days 00:00:35.955000,Soft,25,1,0 days 00:35:08.521000,,1,False,0 days 00:35:10.601000,109.095,30.301,42.839,35.955,2110.601,2127.5,9.5,60.9,947.4,False,15.7,33,1.4,False,True,True,FORMULA 1 ARAMCO GROSSER PREIS DER EIFEL 2020,Nürburgring,Germany,,,Permanent,22.0,,0.27774875108850083,0.3926761079792841,0.329575140932215,1,False,Eifel Grand Prix,eifel_grand_prix,2020,2020-10-11,95.66042857142857,21,Opening,15.906000000000006,False,False,False,True
HUL,Racing Point,22,0 days 00:01:33.853000,0 days 00:00:30.739000,0 days 00:00:39.127000,0 days 00:00:23.987000,Soft,22,1,,,1,True,0 days 00:35:13.629000,93.853,30.739,39.127,23.987,2113.629,2127.5,9.5,60.9,947.4,False,15.7,33,1.4,False,True,True,FORMULA 1 ARAMCO GROSSER PREIS DER EIFEL 2020,Nürburgring,Germany,,,Permanent,,,0.3275228282526931,0.4168966362289965,0.25558053551831056,3,False,Eifel Grand Prix,eifel_grand_prix,2020,2020-10-11,95.19917857142856,28,Opening,3.1199999999999903,False,False,False,True
GRO,Haas F1 Team,22,0 days 00:01:33.624000,0 days 00:00:30.488000,0 days 00:00:38.972000,0 days 00:00:24.164000,Medium,22,1,,,1,True,0 days 00:35:17.255000,93.624,30.488,38.972,24.164,2117.255,2127.5,9.5,60.9,947.4,False,15.7,33,1.4,False,True,True,FORMULA 1 ARAMCO GROSSER PREIS DER EIFEL 2020,Nürburgring,Germany,,,Permanent,,,0.32564299752200293,0.4162607878321798,0.25809621464581733,3,False,Eifel Grand Prix,eifel_grand_prix,2020,2020-10-11,95.36396296296297,27,Opening,2.0619999999999976,False,False,False,True
GIO,Alfa Romeo Racing,22,0 days 00:01:32.860000,0 days 00:00:30.247000,0 days 00:00:38.619000,0 days 00:00:23.994000,Medium,7,2,,,1,True,0 days 00:35:24.960000,92.86,30.247,38.619,23.994,2124.96,2127.5,9.5,60.9,947.4,False,15.7,33,1.4,False,True,True,FORMULA 1 ARAMCO GROSSER PREIS DER EIFEL 2020,Nürburgring,Germany,,,Permanent,,,0.32572690071074734,0.41588412664225716,0.25838897264699545,3,False,Eifel Grand Prix,eifel_grand_prix,2020,2020-10-11,95.17671428571428,21,Mid,1.9509999999999934,False,False,False,True
VET,Ferrari,22,0 days 00:01:32.923000,0 days 00:00:30.307000,0 days 00:00:38.692000,0 days 00:00:23.924000,Hard,11,2,,,1,True,0 days 00:35:26.603000,92.923,30.307,38.692,23.924,2126.603,2127.5,9.5,60.9,947.4,False,15.7,33,1.4,False,True,True,FORMULA 1 ARAMCO GROSSER PREIS DER EIFEL 2020,Nürburgring,Germany,,,Permanent,,,0.326151760059404,0.41638776191039895,0.25746047803019706,3,False,Eifel Grand Prix,eifel_grand_prix,2020,2020-10-11,94.79276666666667,30,Mid,2.5150000000000006,False,False,False,True
RAI,Alfa Romeo Racing,22,0 days 00:01:32.651000,0 days 00:00:30.164000,0 days 00:00:38.740000,0 days 00:00:23.747000,Medium,12,2,,,1,True,0 days 00:35:27.837000,92.651,30.164,38.74,23.747,2127.837,2127.5,9.5,60.9,947.4,False,15.7,33,1.4,False,True,True,FORMULA 1 ARAMCO GROSSER PREIS DER EIFEL 2020,Nürburgring,Germany,,,Permanent,,,0.3255658330724979,0.4181282447032412,0.25630592222426096,3,False,Eifel Grand Prix,eifel_grand_prix,2020,2020-10-11,95.14329411764706,34,Mid,2.138999999999996,False,False,False,True
MAG,Haas F1 Team,22,0 days 00:01:32.976000,0 days 00:00:30.221000,0 days 00:00:38.699000,0 days 00:00:24.056000,Medium,8,2,,,1,True,0 days 00:35:33.563000,92.976,30.221,38.699,24.056,2133.563,2127.5,9.5,60.9,947.4,False,15.7,33,1.4,False,True,True,FORMULA 1 ARAMCO GROSSER PREIS DER EIFEL 2020,Nürburgring,Germany,,,Permanent,,,0.3250408707623473,0.41622569265186715,0.25873343658578557,3,False,Eifel Grand Prix,eifel_grand_prix,2020,2020-10-11,95.64394999999999,20,Mid,2.519999999999996,False,False,False,True
LAT,Williams,22,0 days 00:01:33.122000,0 days 00:00:30.460000,0 days 00:00:38.566000,0 days 00:00:24.096000,Medium,8,2,,,1,True,0 days 00:35:35.318000,93.122,30.46,38.566,24.096,2135.318,2127.5,9.5,60.9,947.4,False,15.7,33,1.4,False,True,True,FORMULA 1 ARAMCO GROSSER PREIS DER EIFEL 2020,Nürburgring,Germany,,,Permanent,,,0.3270977857004789,0.4141448852043556,0.25875732909516547,3,False,Eifel Grand Prix,eifel_grand_prix,2020,2020-10-11,95.8397894736842,19,Mid,1.7450000000000045,False,False,False,True
HAM,Mercedes,23,0 days 00:01:30.358000,0 days 00:00:29.429000,0 days 00:00:37.671000,0 days 00:00:23.258000,Medium,7,2,,,1,True,0 days 00:35:46.254000,90.358,29.429,37.671,23.258,2146.254,2127.5,9.5,60.9,947.4,False,15.7,33,1.4,False,True,True,FORMULA 1 ARAMCO GROSSER PREIS DER EIFEL 2020,Nürburgring,Germany,,,Permanent,,,0.32569335310653175,0.416908298103101,0.25739834879036716,3,False,Eifel Grand Prix,eifel_grand_prix,2020,2020-10-11,92.15575862068965,29,Mid,2.213000000000008,False,False,False,True
VER,Red Bull Racing,23,0 days 00:01:30.627000,0 days 00:00:29.453000,0 days 00:00:37.704000,0 days 00:00:23.470000,Medium,7,2,,,1,True,0 days 00:35:49.737000,90.627,29.453,37.704,23.47,2149.737,2127.5,9.5,60.9,947.4,False,15.7,33,1.4,False,True,True,FORMULA 1 ARAMCO GROSSER PREIS DER EIFEL 2020,Nürburgring,Germany,,,Permanent,,,0.3249914484645856,0.4160349564699262,0.2589735950654882,3,False,Eifel Grand Prix,eifel_grand_prix,2020,2020-10-11,92.39306896551724,29,Mid,2.4879999999999995,False,False,False,True
KVY,AlphaTauri,22,0 days 00:01:32.761000,0 days 00:00:30.127000,0 days 00:00:38.712000,0 days 00:00:23.922000,Hard,5,2,,,1,True,0 days 00:36:12.561000,92.761,30.127,38.712,23.922,2172.561,2187.496,9.6,60.8,947.4,False,15.9,0,2.3,False,True,True,FORMULA 1 ARAMCO GROSSER PREIS DER EIFEL 2020,Nürburgring,Germany,,,Permanent,,,0.3247808885199599,0.41733055917896533,0.2578885523010748,3,False,Eifel Grand Prix,eifel_grand_prix,2020,2020-10-11,95.20285185185185,27,Mid,0.546999999999997,False,False,False,True
NOR,McLaren,23,0 days 00:01:32.785000,0 days 00:00:30.152000,0 days 00:00:38.762000,0 days 00:00:23.871000,Soft,26,1,,,1,True,0 days 00:36:18.950000,92.785,30.152,38.762,23.871,2178.95,2187.496,9.6,60.8,947.4,False,15.9,0,2.3,False,True,True,FORMULA 1 ARAMCO GROSSER PREIS DER EIFEL 2020,Nürburgring,Germany,,,Permanent,,,0.3249663199870669,0.4177614916204128,0.25727218839252036,3,False,Eifel Grand Prix,eifel_grand_prix,2020,2020-10-11,94.42985714285714,28,Opening,0.45699999999999363,False,False,False,True
PER,Racing Point,23,0 days 00:01:33.189000,0 days 00:00:30.361000,0 days 00:00:38.828000,0 days 00:00:24,Soft,26,1,,,1,True,0 days 00:36:21.891000,93.189,30.361,38.828,24.0,2181.891,2187.496,9.6,60.8,947.4,False,15.9,0,2.3,False,True,True,FORMULA 1 ARAMCO GROSSER PREIS DER EIFEL 2020,Nürburgring,Germany,,,Permanent,,,0.32580025539495006,0.4166586185064762,0.2575411260985739,3,False,Eifel Grand Prix,eifel_grand_prix,2020,2020-10-11,94.44792592592593,27,Opening,3.48899999999999,False,False,False,True
SAI,McLaren,23,0 days 00:01:33.213000,0 days 00:00:30.324000,0 days 00:00:38.888000,0 days 00:00:24.001000,Soft,26,1,,,1,True,0 days 00:36:30.241000,93.213,30.324,38.888,24.001,2190.241,2187.496,9.6,60.8,947.4,False,15.9,0,2.3,False,True,True,FORMULA 1 ARAMCO GROSSER PREIS DER EIFEL 2020,Nürburgring,Germany,,,Permanent,,,0.32531942969328315,0.4171950264448092,0.2574855438619077,3,False,Eifel Grand Prix,eifel_grand_prix,2020,2020-10-11,94.70933333333333,27,Opening,3.083999999999989,False,False,False,True
RIC,Renault,23,0 days 00:01:32.428000,0 days 00:00:30.081000,0 days 00:00:38.621000,0 days 00:00:23.726000,Medium,7,2,,,1,True,0 days 00:36:33.793000,92.428,30.081,38.621,23.726,2193.793,2187.496,9.6,60.8,947.4,False,15.9,0,2.3,False,True,True,FORMULA 1 ARAMCO GROSSER PREIS DER EIFEL 2020,Nürburgring,Germany,,,Permanent,,,0.325453325831999,0.4178495693945558,0.25669710477344526,3,False,Eifel Grand Prix,eifel_grand_prix,2020,2020-10-11,93.03992857142858,28,Mid,2.843999999999994,False,False,False,True
GAS,AlphaTauri,23,0 days 00:01:33.637000,0 days 00:00:30.319000,0 days 00:00:39.228000,0 days 00:00:24.090000,Medium,23,1,,,1,True,0 days 00:36:41.130000,93.637,30.319,39.228,24.09,2201.13,2187.496,9.6,60.8,947.4,False,15.9,0,2.3,False,True,True,FORMULA 1 ARAMCO GROSSER PREIS DER EIFEL 2020,Nürburgring,Germany,,,Permanent,,,0.32379294509648965,0.41893695868086334,0.257270096222647,3,False,Eifel Grand Prix,eifel_grand_prix,2020,2020-10-11,95.14024137931034,29,Opening,3.527000000000001,False,False,False,True
LEC,Ferrari,23,0 days 00:01:33.209000,0 days 00:00:30.384000,0 days 00:00:38.814000,0 days 00:00:24.011000,Medium,13,2,,,1,True,0 days 00:36:43.762000,93.209,30.384,38.814,24.011,2203.762,2187.496,9.6,60.8,947.4,False,15.9,0,2.3,False,True,True,FORMULA 1 ARAMCO GROSSER PREIS DER EIFEL 2020,Nürburgring,Germany,,,Permanent,,,0.3259771052151616,0.4164190153311375,0.2576038794537008,3,False,Eifel Grand Prix,eifel_grand_prix,2020,2020-10-11,94.8714,25,Mid,2.497,False,False,False,True
ALB,Red Bull Racing,23,0 days 00:01:38.433000,0 days 00:00:30.448000,0 days 00:00:38.999000,0 days 00:00:28.986000,Medium,16,2,0 days 00:36:44.868000,,1,False,0 days 00:36:46.795000,98.433,30.448,38.999,28.986,2206.795,2187.496,9.6,60.8,947.4,False,15.9,0,2.3,False,True,True,FORMULA 1 ARAMCO GROSSER PREIS DER EIFEL 2020,Nürburgring,Germany,,,Permanent,23.0,,0.3093271565430292,0.39619842938851807,0.29447441406845265,3,False,Eifel Grand Prix,eifel_grand_prix,2020,2020-10-11,96.140375,16,Closing,6.103000000000009,False,False,False,True
HUL,Racing Point,23,0 days 00:01:33.604000,0 days 00:00:30.518000,0 days 00:00:39.062000,0 days 00:00:24.024000,Soft,23,1,,,1,True,0 days 00:36:47.233000,93.604,30.518,39.062,24.024,2207.233,2187.496,9.6,60.8,947.4,False,15.9,0,2.3,False,True,True,FORMULA 1 ARAMCO GROSSER PREIS DER EIFEL 2020,Nürburgring,Germany,,,Permanent,,,0.3260330755095936,0.4173112260159822,0.25665569847442415,3,False,Eifel Grand Prix,eifel_grand_prix,2020,2020-10-11,95.19917857142856,28,Opening,2.870999999999995,False,False,False,True
GRO,Haas F1 Team,23,0 days 00:01:33.644000,0 days 00:00:30.509000,0 days 00:00:38.907000,0 days 00:00:24.228000,Medium,23,1,,,1,True,0 days 00:36:50.899000,93.644,30.509,38.907,24.228,2210.899,2187.496,9.6,60.8,947.4,False,15.9,0,2.3,False,True,True,FORMULA 1 ARAMCO GROSSER PREIS DER EIFEL 2020,Nürburgring,Germany,,,Permanent,,,0.3257977019349878,0.4154777668617316,0.2587245312032805,3,False,Eifel Grand Prix,eifel_grand_prix,2020,2020-10-11,95.36396296296297,27,Opening,2.082000000000008,False,False,False,True
GIO,Alfa Romeo Racing,23,0 days 00:01:32.862000,0 days 00:00:30.337000,0 days 00:00:38.605000,0 days 00:00:23.920000,Medium,8,2,,,1,True,0 days 00:36:57.822000,92.862,30.337,38.605,23.92,2217.822,2247.479,9.7,60.5,947.5,False,16.0,59,1.3,False,True,True,FORMULA 1 ARAMCO GROSSER PREIS DER EIFEL 2020,Nürburgring,Germany,,,Permanent,,,0.3266890654950357,0.4157244082617217,0.2575865262432427,3,False,Eifel Grand Prix,eifel_grand_prix,2020,2020-10-11,95.17671428571428,21,Mid,1.9529999999999887,False,False,False,True
VET,Ferrari,23,0 days 00:01:32.946000,0 days 00:00:30.403000,0 days 00:00:38.675000,0 days 00:00:23.868000,Hard,12,2,,,1,True,0 days 00:36:59.549000,92.946,30.403,38.675,23.868,2219.549,2247.479,9.7,60.5,947.5,False,16.0,59,1.3,False,True,True,FORMULA 1 ARAMCO GROSSER PREIS DER EIFEL 2020,Nürburgring,Germany,,,Permanent,,,0.3271039097970865,0.4161018225636391,0.25679426763927443,3,False,Eifel Grand Prix,eifel_grand_prix,2020,2020-10-11,94.79276666666667,30,Mid,2.5379999999999967,False,False,False,True
RAI,Alfa Romeo Racing,23,0 days 00:01:32.646000,0 days 00:00:30.219000,0 days 00:00:38.657000,0 days 00:00:23.770000,Medium,13,2,,,1,True,0 days 00:37:00.483000,92.646,30.219,38.657,23.77,2220.483,2247.479,9.7,60.5,947.5,False,16.0,59,1.3,False,True,True,FORMULA 1 ARAMCO GROSSER PREIS DER EIFEL 2020,Nürburgring,Germany,,,Permanent,,,0.32617706107117417,0.41725492735789993,0.2565680115709259,3,False,Eifel Grand Prix,eifel_grand_prix,2020,2020-10-11,95.14329411764706,34,Mid,2.1340000000000003,False,False,False,True
MAG,Haas F1 Team,23,0 days 00:01:32.917000,0 days 00:00:30.384000,0 days 00:00:38.503000,0 days 00:00:24.030000,Medium,9,2,,,1,True,0 days 00:37:06.480000,92.917,30.384,38.503,24.03,2226.48,2247.479,9.7,60.5,947.5,False,16.0,59,1.3,False,True,True,FORMULA 1 ARAMCO GROSSER PREIS DER EIFEL 2020,Nürburgring,Germany,,,Permanent,,,0.3270015174833453,0.4143805762131795,0.25861790630347514,3,False,Eifel Grand Prix,eifel_grand_prix,2020,2020-10-11,95.64394999999999,20,Mid,2.4609999999999985,False,False,False,True
LAT,Williams,23,0 days 00:01:32.881000,0 days 00:00:30.252000,0 days 00:00:38.568000,0 days 00:00:24.061000,Medium,9,2,,,1,True,0 days 00:37:08.199000,92.881,30.252,38.568,24.061,2228.199,2247.479,9.7,60.5,947.5,False,16.0,59,1.3,False,True,True,FORMULA 1 ARAMCO GROSSER PREIS DER EIFEL 2020,Nürburgring,Germany,,,Permanent,,,0.3257070875636567,0.41524100731042946,0.2590519051259138,3,False,Eifel Grand Prix,eifel_grand_prix,2020,2020-10-11,95.8397894736842,19,Mid,1.5040000000000049,False,False,False,True
HAM,Mercedes,24,0 days 00:01:30.522000,0 days 00:00:29.620000,0 days 00:00:37.704000,0 days 00:00:23.198000,Medium,8,2,,,1,True,0 days 00:37:16.776000,90.522,29.62,37.704,23.198,2236.776,2247.479,9.7,60.5,947.5,False,16.0,59,1.3,False,True,True,FORMULA 1 ARAMCO GROSSER PREIS DER EIFEL 2020,Nürburgring,Germany,,,Permanent,,,0.3272132741212081,0.4165175316497647,0.25626919422902716,3,False,Eifel Grand Prix,eifel_grand_prix,2020,2020-10-11,92.15575862068965,29,Mid,2.3770000000000095,False,False,False,True
VER,Red Bull Racing,24,0 days 00:01:30.746000,0 days 00:00:29.533000,0 days 00:00:37.686000,0 days 00:00:23.527000,Medium,8,2,,,1,True,0 days 00:37:20.483000,90.746,29.533,37.686,23.527,2240.483,2247.479,9.7,60.5,947.5,False,16.0,59,1.3,False,True,True,FORMULA 1 ARAMCO GROSSER PREIS DER EIFEL 2020,Nürburgring,Germany,,,Permanent,,,0.3254468516518635,0.4152910321116082,0.25926211623652834,3,False,Eifel Grand Prix,eifel_grand_prix,2020,2020-10-11,92.39306896551724,29,Mid,2.6069999999999993,False,False,False,True
KVY,AlphaTauri,23,0 days 00:01:32.717000,0 days 00:00:30.282000,0 days 00:00:38.618000,0 days 00:00:23.817000,Hard,6,2,,,1,True,0 days 00:37:45.278000,92.717,30.282,38.618,23.817,2265.278,2247.479,9.7,60.5,947.5,False,16.0,59,1.3,False,True,True,FORMULA 1 ARAMCO GROSSER PREIS DER EIFEL 2020,Nürburgring,Germany,,,Permanent,,,0.3266067711422932,0.41651477075401494,0.25687845810369186,3,False,Eifel Grand Prix,eifel_grand_prix,2020,2020-10-11,95.20285185185185,27,Mid,0.5030000000000001,False,False,False,True
NOR,McLaren,24,0 days 00:01:32.834000,0 days 00:00:30.176000,0 days 00:00:38.722000,0 days 00:00:23.936000,Soft,27,1,,,1,True,0 days 00:37:51.784000,92.834,30.176,38.722,23.936,2271.784,2247.479,9.7,60.5,947.5,False,16.0,59,1.3,False,True,True,FORMULA 1 ARAMCO GROSSER PREIS DER EIFEL 2020,Nürburgring,Germany,,,Permanent,,,0.3250533209815369,0.41711011051985264,0.2578365684986104,3,False,Eifel Grand Prix,eifel_grand_prix,2020,2020-10-11,94.42985714285714,28,Opening,0.5060000000000002,False,False,False,True
PER,Racing Point,24,0 days 00:01:33.106000,0 days 00:00:30.301000,0 days 00:00:38.667000,0 days 00:00:24.138000,Soft,27,1,,,1,True,0 days 00:37:54.997000,93.106,30.301,38.667,24.138,2274.997,2247.479,9.7,60.5,947.5,False,16.0,59,1.3,False,True,True,FORMULA 1 ARAMCO GROSSER PREIS DER EIFEL 2020,Nürburgring,Germany,,,Permanent,,,0.3254462655467961,0.4153008399029064,0.25925289455029754,3,False,Eifel Grand Prix,eifel_grand_prix,2020,2020-10-11,94.44792592592593,27,Opening,3.4059999999999917,False,False,False,True
SAI,McLaren,24,0 days 00:01:32.989000,0 days 00:00:30.295000,0 days 00:00:38.752000,0 days 00:00:23.942000,Soft,27,1,,,1,True,0 days 00:38:03.230000,92.989,30.295,38.752,23.942,2283.23,2307.476,9.6,60.2,947.3,False,16.0,51,2.4,False,True,True,FORMULA 1 ARAMCO GROSSER PREIS DER EIFEL 2020,Nürburgring,Germany,,,Permanent,,,0.32579122261772897,0.41673746357096003,0.257471313811311,3,False,Eifel Grand Prix,eifel_grand_prix,2020,2020-10-11,94.70933333333333,27,Opening,2.8599999999999994,False,False,False,True
RIC,Renault,24,0 days 00:01:32.421000,0 days 00:00:30.054000,0 days 00:00:38.525000,0 days 00:00:23.842000,Medium,8,2,,,1,True,0 days 00:38:06.214000,92.421,30.054,38.525,23.842,2286.214,2307.476,9.6,60.2,947.3,False,16.0,51,2.4,False,True,True,FORMULA 1 ARAMCO GROSSER PREIS DER EIFEL 2020,Nürburgring,Germany,,,Permanent,,,0.32518583438828835,0.41684249250711414,0.2579716731045974,3,False,Eifel Grand Prix,eifel_grand_prix,2020,2020-10-11,93.03992857142858,28,Mid,2.8370000000000033,False,False,False,True
GAS,AlphaTauri,24,0 days 00:01:33.251000,0 days 00:00:30.385000,0 days 00:00:38.883000,0 days 00:00:23.983000,Medium,24,1,,,1,True,0 days 00:38:14.381000,93.251,30.385,38.883,23.983,2294.381,2307.476,9.6,60.2,947.3,False,16.0,51,2.4,False,True,True,FORMULA 1 ARAMCO GROSSER PREIS DER EIFEL 2020,Nürburgring,Germany,,,Permanent,,,0.32584100974788477,0.41697139977051184,0.2571875904816034,3,False,Eifel Grand Prix,eifel_grand_prix,2020,2020-10-11,95.14024137931034,29,Opening,3.1410000000000053,False,False,False,True
LEC,Ferrari,24,0 days 00:01:32.663000,0 days 00:00:30.348000,0 days 00:00:38.529000,0 days 00:00:23.786000,Medium,14,2,,,1,True,0 days 00:38:16.425000,92.663,30.348,38.529,23.786,2296.425,2307.476,9.6,60.2,947.3,False,16.0,51,2.4,False,True,True,FORMULA 1 ARAMCO GROSSER PREIS DER EIFEL 2020,Nürburgring,Germany,,,Permanent,,,0.32750936188122554,0.4157970279399545,0.25669361017882003,3,False,Eifel Grand Prix,eifel_grand_prix,2020,2020-10-11,94.8714,25,Mid,1.9509999999999934,False,False,False,True
HUL,Racing Point,24,0 days 00:01:33.146000,0 days 00:00:30.268000,0 days 00:00:38.843000,0 days 00:00:24.035000,Soft,24,1,,,1,True,0 days 00:38:20.379000,93.146,30.268,38.843,24.035,2300.379,2307.476,9.6,60.2,947.3,False,16.0,51,2.4,False,True,True,FORMULA 1 ARAMCO GROSSER PREIS DER EIFEL 2020,Nürburgring,Germany,,,Permanent,,,0.3249522255384021,0.4170120026624869,0.2580357717991111,3,False,Eifel Grand Prix,eifel_grand_prix,2020,2020-10-11,95.19917857142856,28,Opening,2.4129999999999967,False,False,False,True
GRO,Haas F1 Team,24,0 days 00:01:33.316000,0 days 00:00:30.455000,0 days 00:00:38.747000,0 days 00:00:24.114000,Medium,24,1,,,1,True,0 days 00:38:24.215000,93.316,30.455,38.747,24.114,2304.215,2307.476,9.6,60.2,947.3,False,16.0,51,2.4,False,True,True,FORMULA 1 ARAMCO GROSSER PREIS DER EIFEL 2020,Nürburgring,Germany,,,Permanent,,,0.3263641819194993,0.41522354151485275,0.2584122765656479,3,False,Eifel Grand Prix,eifel_grand_prix,2020,2020-10-11,95.36396296296297,27,Opening,1.7540000000000049,False,False,False,True
GIO,Alfa Romeo Racing,24,0 days 00:01:32.894000,0 days 00:00:30.336000,0 days 00:00:38.564000,0 days 00:00:23.994000,Medium,9,2,,,1,True,0 days 00:38:30.716000,92.894,30.336,38.564,23.994,2310.716,2307.476,9.6,60.2,947.3,False,16.0,51,2.4,False,True,True,FORMULA 1 ARAMCO GROSSER PREIS DER EIFEL 2020,Nürburgring,Germany,,,Permanent,,,0.3265657631278661,0.41513983680323807,0.2582944000688957,3,False,Eifel Grand Prix,eifel_grand_prix,2020,2020-10-11,95.17671428571428,21,Mid,1.9849999999999994,False,False,False,True
VET,Ferrari,24,0 days 00:01:32.733000,0 days 00:00:30.251000,0 days 00:00:38.535000,0 days 00:00:23.947000,Hard,13,2,,,1,True,0 days 00:38:32.282000,92.733,30.251,38.535,23.947,2312.282,2307.476,9.6,60.2,947.3,False,16.0,51,2.4,False,True,True,FORMULA 1 ARAMCO GROSSER PREIS DER EIFEL 2020,Nürburgring,Germany,,,Permanent,,,0.3262161258667357,0.4155478632202128,0.25823601091305143,3,False,Eifel Grand Prix,eifel_grand_prix,2020,2020-10-11,94.79276666666667,30,Mid,2.325000000000003,False,False,False,True
RAI,Alfa Romeo Racing,24,0 days 00:01:32.587000,0 days 00:00:30.182000,0 days 00:00:38.669000,0 days 00:00:23.736000,Medium,14,2,,,1,True,0 days 00:38:33.070000,92.587,30.182,38.669,23.736,2313.07,2307.476,9.6,60.2,947.3,False,16.0,51,2.4,False,True,True,FORMULA 1 ARAMCO GROSSER PREIS DER EIFEL 2020,Nürburgring,Germany,,,Permanent,,,0.3259852895114865,0.41765042608573555,0.2563642844027779,3,False,Eifel Grand Prix,eifel_grand_prix,2020,2020-10-11,95.14329411764706,34,Mid,2.075000000000003,False,False,False,True
MAG,Haas F1 Team,24,0 days 00:01:32.874000,0 days 00:00:30.371000,0 days 00:00:38.469000,0 days 00:00:24.034000,Medium,10,2,,,1,True,0 days 00:38:39.354000,92.874,30.371,38.469,24.034,2319.354,2307.476,9.6,60.2,947.3,False,16.0,51,2.4,False,True,True,FORMULA 1 ARAMCO GROSSER PREIS DER EIFEL 2020,Nürburgring,Germany,,,Permanent,,,0.3270129422658656,0.4142063440790749,0.25878071365505956,3,False,Eifel Grand Prix,eifel_grand_prix,2020,2020-10-11,95.64394999999999,20,Mid,2.417999999999992,False,False,False,True
LAT,Williams,24,0 days 00:01:32.899000,0 days 00:00:30.273000,0 days 00:00:38.538000,0 days 00:00:24.088000,Medium,10,2,,,1,True,0 days 00:38:41.098000,92.899,30.273,38.538,24.088,2321.098,2307.476,9.6,60.2,947.3,False,16.0,51,2.4,False,True,True,FORMULA 1 ARAMCO GROSSER PREIS DER EIFEL 2020,Nürburgring,Germany,,,Permanent,,,0.3258700308937663,0.41483761935004676,0.2592923497561868,3,False,Eifel Grand Prix,eifel_grand_prix,2020,2020-10-11,95.8397894736842,19,Mid,1.5220000000000056,False,False,False,True
HAM,Mercedes,25,0 days 00:01:30.574000,0 days 00:00:29.655000,0 days 00:00:37.727000,0 days 00:00:23.192000,Medium,9,2,,,1,True,0 days 00:38:47.350000,90.574,29.655,37.727,23.192,2327.35,2307.476,9.6,60.2,947.3,False,16.0,51,2.4,False,True,True,FORMULA 1 ARAMCO GROSSER PREIS DER EIFEL 2020,Nürburgring,Germany,,,Permanent,,,0.3274118400423963,0.4165323381986,0.2560558217590037,3,False,Eifel Grand Prix,eifel_grand_prix,2020,2020-10-11,92.15575862068965,29,Mid,2.429000000000002,False,False,False,True
VER,Red Bull Racing,25,0 days 00:01:30.939000,0 days 00:00:29.656000,0 days 00:00:37.837000,0 days 00:00:23.446000,Medium,9,2,,,1,True,0 days 00:38:51.422000,90.939,29.656,37.837,23.446,2331.422,2307.476,9.6,60.2,947.3,False,16.0,51,2.4,False,True,True,FORMULA 1 ARAMCO GROSSER PREIS DER EIFEL 2020,Nürburgring,Germany,,,Permanent,,,0.3261087102343329,0.4160701129328452,0.257821176832822,3,False,Eifel Grand Prix,eifel_grand_prix,2020,2020-10-11,92.39306896551724,29,Mid,2.799999999999997,False,False,False,True
KVY,AlphaTauri,24,0 days 00:01:32.898000,0 days 00:00:30.339000,0 days 00:00:38.631000,0 days 00:00:23.928000,Hard,7,2,,,1,True,0 days 00:39:18.176000,92.898,30.339,38.631,23.928,2358.176,2367.477,9.5,60.4,947.4,False,16.0,20,1.3,False,True,True,FORMULA 1 ARAMCO GROSSER PREIS DER EIFEL 2020,Nürburgring,Germany,,,Permanent,,,0.3265839953497384,0.41584318284570176,0.25757282180455987,3,False,Eifel Grand Prix,eifel_grand_prix,2020,2020-10-11,95.20285185185185,27,Mid,0.6839999999999975,False,False,False,True
NOR,McLaren,25,0 days 00:01:33.848000,0 days 00:00:30.155000,0 days 00:00:39.297000,0 days 00:00:24.396000,Soft,28,1,,,1,True,0 days 00:39:25.632000,93.848,30.155,39.297,24.396,2365.632,2367.477,9.5,60.4,947.4,False,16.0,20,1.3,False,True,True,FORMULA 1 ARAMCO GROSSER PREIS DER EIFEL 2020,Nürburgring,Germany,,,Permanent,,,0.3213174494927969,0.41873028727303724,0.25995226323416587,3,False,Eifel Grand Prix,eifel_grand_prix,2020,2020-10-11,94.42985714285714,28,Opening,1.519999999999996,False,False,False,True
PER,Racing Point,25,0 days 00:01:32.970000,0 days 00:00:30.320000,0 days 00:00:38.729000,0 days 00:00:23.921000,Soft,28,1,,,1,True,0 days 00:39:27.967000,92.97,30.32,38.729,23.921,2367.967,2367.477,9.5,60.4,947.4,False,16.0,20,1.3,False,True,True,FORMULA 1 ARAMCO GROSSER PREIS DER EIFEL 2020,Nürburgring,Germany,,,Permanent,,,0.3261267075400667,0.4165752393245133,0.25729805313542004,3,False,Eifel Grand Prix,eifel_grand_prix,2020,2020-10-11,94.44792592592593,27,Opening,3.269999999999996,False,False,False,True
SAI,McLaren,25,0 days 00:01:32.983000,0 days 00:00:30.163000,0 days 00:00:38.828000,0 days 00:00:23.992000,Soft,28,1,,,1,True,0 days 00:39:36.213000,92.983,30.163,38.828,23.992,2376.213,2367.477,9.5,60.4,947.4,False,16.0,20,1.3,False,True,True,FORMULA 1 ARAMCO GROSSER PREIS DER EIFEL 2020,Nürburgring,Germany,,,Permanent,,,0.3243926309110267,0.4175817084843466,0.25802566060462667,3,False,Eifel Grand Prix,eifel_grand_prix,2020,2020-10-11,94.70933333333333,27,Opening,2.853999999999999,False,False,False,True
RIC,Renault,25,0 days 00:01:32.486000,0 days 00:00:30.127000,0 days 00:00:38.612000,0 days 00:00:23.747000,Medium,9,2,,,1,True,0 days 00:39:38.700000,92.486,30.127,38.612,23.747,2378.7,2367.477,9.5,60.4,947.4,False,16.0,20,1.3,False,True,True,FORMULA 1 ARAMCO GROSSER PREIS DER EIFEL 2020,Nürburgring,Germany,,,Permanent,,,0.32574659948532747,0.41749021473520315,0.2567631857794693,3,False,Eifel Grand Prix,eifel_grand_prix,2020,2020-10-11,93.03992857142858,28,Mid,2.902000000000001,False,False,False,True
GAS,AlphaTauri,25,0 days 00:01:33.341000,0 days 00:00:30.227000,0 days 00:00:39.050000,0 days 00:00:24.064000,Medium,25,1,,,1,True,0 days 00:39:47.722000,93.341,30.227,39.05,24.064,2387.722,2367.477,9.5,60.4,947.4,False,16.0,20,1.3,False,True,True,FORMULA 1 ARAMCO GROSSER PREIS DER EIFEL 2020,Nürburgring,Germany,,,Permanent,,,0.3238341136263807,0.4183584919810158,0.2578073943926035,3,False,Eifel Grand Prix,eifel_grand_prix,2020,2020-10-11,95.14024137931034,29,Opening,3.2309999999999945,False,False,False,True
LEC,Ferrari,25,0 days 00:01:32.677000,0 days 00:00:30.157000,0 days 00:00:38.604000,0 days 00:00:23.916000,Medium,15,2,,,1,True,0 days 00:39:49.102000,92.677,30.157,38.604,23.916,2389.102,2367.477,9.5,60.4,947.4,False,16.0,20,1.3,False,True,True,FORMULA 1 ARAMCO GROSSER PREIS DER EIFEL 2020,Nürburgring,Germany,,,Permanent,,,0.3253989663023188,0.41654347896457583,0.25805755473310527,3,False,Eifel Grand Prix,eifel_grand_prix,2020,2020-10-11,94.8714,25,Mid,1.9650000000000034,False,False,False,True
HUL,Racing Point,25,0 days 00:01:33.523000,0 days 00:00:30.426000,0 days 00:00:39.008000,0 days 00:00:24.089000,Soft,25,1,,,1,True,0 days 00:39:53.902000,93.523,30.426,39.008,24.089,2393.902,2367.477,9.5,60.4,947.4,False,16.0,20,1.3,False,True,True,FORMULA 1 ARAMCO GROSSER PREIS DER EIFEL 2020,Nürburgring,Germany,,,Permanent,,,0.32533173657816794,0.41709525998952135,0.25757300343231077,3,False,Eifel Grand Prix,eifel_grand_prix,2020,2020-10-11,95.19917857142856,28,Opening,2.789999999999992,False,False,False,True
GRO,Haas F1 Team,25,0 days 00:01:33.452000,0 days 00:00:30.487000,0 days 00:00:38.972000,0 days 00:00:23.993000,Medium,25,1,,,1,True,0 days 00:39:57.667000,93.452,30.487,38.972,23.993,2397.667,2427.479,9.6,60.0,947.4,False,16.0,301,2.1,False,True,True,FORMULA 1 ARAMCO GROSSER PREIS DER EIFEL 2020,Nürburgring,Germany,,,Permanent,,,0.32623164833283397,0.41702692291229726,0.2567414287548688,3,False,Eifel Grand Prix,eifel_grand_prix,2020,2020-10-11,95.36396296296297,27,Opening,1.8900000000000006,False,False,False,True
GIO,Alfa Romeo Racing,25,0 days 00:01:32.749000,0 days 00:00:30.232000,0 days 00:00:38.581000,0 days 00:00:23.936000,Medium,10,2,,,1,True,0 days 00:40:03.465000,92.749,30.232,38.581,23.936,2403.465,2427.479,9.6,60.0,947.4,False,16.0,301,2.1,False,True,True,FORMULA 1 ARAMCO GROSSER PREIS DER EIFEL 2020,Nürburgring,Germany,,,Permanent,,,0.32595499681937273,0.4159721398613463,0.2580728633192811,3,False,Eifel Grand Prix,eifel_grand_prix,2020,2020-10-11,95.17671428571428,21,Mid,1.8399999999999892,False,False,False,True
VET,Ferrari,25,0 days 00:01:32.824000,0 days 00:00:30.341000,0 days 00:00:38.577000,0 days 00:00:23.906000,Hard,14,2,,,1,True,0 days 00:40:05.106000,92.824,30.341,38.577,23.906,2405.106,2427.479,9.6,60.0,947.4,False,16.0,301,2.1,False,True,True,FORMULA 1 ARAMCO GROSSER PREIS DER EIFEL 2020,Nürburgring,Germany,,,Permanent,,,0.3268658967508403,0.4155929500991123,0.2575411531500474,3,False,Eifel Grand Prix,eifel_grand_prix,2020,2020-10-11,94.79276666666667,30,Mid,2.415999999999997,False,False,False,True
RAI,Alfa Romeo Racing,25,0 days 00:01:32.726000,0 days 00:00:30.267000,0 days 00:00:38.824000,0 days 00:00:23.635000,Medium,15,2,,,1,True,0 days 00:40:05.796000,92.726,30.267,38.824,23.635,2405.796,2427.479,9.6,60.0,947.4,False,16.0,301,2.1,False,True,True,FORMULA 1 ARAMCO GROSSER PREIS DER EIFEL 2020,Nürburgring,Germany,,,Permanent,,,0.3264133037120117,0.41869594288549056,0.2548907534024977,3,False,Eifel Grand Prix,eifel_grand_prix,2020,2020-10-11,95.14329411764706,34,Mid,2.2139999999999986,False,False,False,True
MAG,Haas F1 Team,25,0 days 00:01:32.758000,0 days 00:00:30.203000,0 days 00:00:38.520000,0 days 00:00:24.035000,Medium,11,2,,,1,True,0 days 00:40:12.112000,92.758,30.203,38.52,24.035,2412.112,2427.479,9.6,60.0,947.4,False,16.0,301,2.1,False,True,True,FORMULA 1 ARAMCO GROSSER PREIS DER EIFEL 2020,Nürburgring,Germany,,,Permanent,,,0.3256107289937256,0.41527415425084635,0.25911511675542814,3,False,Eifel Grand Prix,eifel_grand_prix,2020,2020-10-11,95.64394999999999,20,Mid,2.3019999999999925,False,False,False,True
LAT,Williams,25,0 days 00:01:32.910000,0 days 00:00:30.434000,0 days 00:00:38.445000,0 days 00:00:24.031000,Medium,11,2,,,1,True,0 days 00:40:14.008000,92.91,30.434,38.445,24.031,2414.008,2427.479,9.6,60.0,947.4,False,16.0,301,2.1,False,True,True,FORMULA 1 ARAMCO GROSSER PREIS DER EIFEL 2020,Nürburgring,Germany,,,Permanent,,,0.3275643095468733,0.41378753632547627,0.2586481541276504,3,False,Eifel Grand Prix,eifel_grand_prix,2020,2020-10-11,95.8397894736842,19,Mid,1.5330000000000013,False,False,False,True
HAM,Mercedes,26,0 days 00:01:30.510000,0 days 00:00:29.532000,0 days 00:00:37.838000,0 days 00:00:23.140000,Medium,10,2,,,1,True,0 days 00:40:17.860000,90.51,29.532,37.838,23.14,2417.86,2427.479,9.6,60.0,947.4,False,16.0,301,2.1,False,True,True,FORMULA 1 ARAMCO GROSSER PREIS DER EIFEL 2020,Nürburgring,Germany,,,Permanent,,,0.32628438846536295,0.41805325378411223,0.2556623577505248,3,False,Eifel Grand Prix,eifel_grand_prix,2020,2020-10-11,92.15575862068965,29,Mid,2.365000000000009,False,False,False,True
VER,Red Bull Racing,26,0 days 00:01:30.817000,0 days 00:00:29.565000,0 days 00:00:37.781000,0 days 00:00:23.471000,Medium,10,2,,,1,True,0 days 00:40:22.239000,90.817,29.565,37.781,23.471,2422.239,2427.479,9.6,60.0,947.4,False,16.0,301,2.1,False,True,True,FORMULA 1 ARAMCO GROSSER PREIS DER EIFEL 2020,Nürburgring,Germany,,,Permanent,,,0.32554477685895816,0.4160124205820496,0.25844280255899227,3,False,Eifel Grand Prix,eifel_grand_prix,2020,2020-10-11,92.39306896551724,29,Mid,2.6779999999999973,False,False,False,True
KVY,AlphaTauri,25,0 days 00:01:32.528000,0 days 00:00:30.248000,0 days 00:00:38.466000,0 days 00:00:23.814000,Hard,8,2,,,1,True,0 days 00:40:50.704000,92.528,30.248,38.466,23.814,2450.704,2427.479,9.6,60.0,947.4,False,16.0,301,2.1,False,True,True,FORMULA 1 ARAMCO GROSSER PREIS DER EIFEL 2020,Nürburgring,Germany,,,Permanent,,,0.32690644993947776,0.4157228082310219,0.25737074182950026,3,False,Eifel Grand Prix,eifel_grand_prix,2020,2020-10-11,95.20285185185185,27,Mid,0.31400000000000716,False,False,False,True
NOR,McLaren,26,0 days 00:01:33.974000,0 days 00:00:30.513000,0 days 00:00:39.382000,0 days 00:00:24.079000,Soft,29,1,,,1,True,0 days 00:40:59.606000,93.974,30.513,39.382,24.079,2459.606,2487.501,9.7,59.8,947.4,False,16.1,95,1.5,False,True,True,FORMULA 1 ARAMCO GROSSER PREIS DER EIFEL 2020,Nürburgring,Germany,,,Permanent,,,0.32469619256390064,0.41907336071679396,0.25623044671930534,3,False,Eifel Grand Prix,eifel_grand_prix,2020,2020-10-11,94.42985714285714,28,Opening,1.6460000000000008,False,False,False,True
PER,Racing Point,26,0 days 00:01:33.166000,0 days 00:00:30.263000,0 days 00:00:38.753000,0 days 00:00:24.150000,Soft,29,1,,,1,True,0 days 00:41:01.133000,93.166,30.263,38.753,24.15,2461.133,2487.501,9.7,59.8,947.4,False,16.1,95,1.5,False,True,True,FORMULA 1 ARAMCO GROSSER PREIS DER EIFEL 2020,Nürburgring,Germany,,,Permanent,,,0.3248288002060838,0.4159564648047571,0.25921473498915915,3,False,Eifel Grand Prix,eifel_grand_prix,2020,2020-10-11,94.44792592592593,27,Opening,3.465999999999994,False,False,False,True
SAI,McLaren,26,0 days 00:01:33.066000,0 days 00:00:30.240000,0 days 00:00:38.850000,0 days 00:00:23.976000,Soft,29,1,,,1,True,0 days 00:41:09.279000,93.066,30.24,38.85,23.976,2469.279,2487.501,9.7,59.8,947.4,False,16.1,95,1.5,False,True,True,FORMULA 1 ARAMCO GROSSER PREIS DER EIFEL 2020,Nürburgring,Germany,,,Permanent,,,0.324930694345948,0.417445683708336,0.2576236219457159,3,False,Eifel Grand Prix,eifel_grand_prix,2020,2020-10-11,94.70933333333333,27,Opening,2.9369999999999976,False,False,False,True
RIC,Renault,26,0 days 00:01:32.478000,0 days 00:00:30.103000,0 days 00:00:38.676000,0 days 00:00:23.699000,Medium,10,2,,,1,True,0 days 00:41:11.178000,92.478,30.103,38.676,23.699,2471.178,2487.501,9.7,59.8,947.4,False,16.1,95,1.5,False,True,True,FORMULA 1 ARAMCO GROSSER PREIS DER EIFEL 2020,Nürburgring,Germany,,,Permanent,,,0.3255152576829084,0.41821838707584513,0.2562663552412466,3,False,Eifel Grand Prix,eifel_grand_prix,2020,2020-10-11,93.03992857142858,28,Mid,2.8939999999999912,False,False,False,True
GAS,AlphaTauri,26,0 days 00:01:33.483000,0 days 00:00:30.307000,0 days 00:00:39.032000,0 days 00:00:24.144000,Medium,26,1,,,1,True,0 days 00:41:21.205000,93.483,30.307,39.032,24.144,2481.205,2487.501,9.7,59.8,947.4,False,16.1,95,1.5,False,True,True,FORMULA 1 ARAMCO GROSSER PREIS DER EIFEL 2020,Nürburgring,Germany,,,Permanent,,,0.3241979825208861,0.4175304600836515,0.25827155739546226,3,False,Eifel Grand Prix,eifel_grand_prix,2020,2020-10-11,95.14024137931034,29,Opening,3.3730000000000047,False,False,False,True
LEC,Ferrari,26,0 days 00:01:33.224000,0 days 00:00:30.324000,0 days 00:00:38.822000,0 days 00:00:24.078000,Medium,16,2,,,1,True,0 days 00:41:22.326000,93.224,30.324,38.822,24.078,2482.326,2487.501,9.7,59.8,947.4,False,16.1,95,1.5,False,True,True,FORMULA 1 ARAMCO GROSSER PREIS DER EIFEL 2020,Nürburgring,Germany,,,Permanent,,,0.3252810435081095,0.4164378271689694,0.25828112932292113,3,False,Eifel Grand Prix,eifel_grand_prix,2020,2020-10-11,94.8714,25,Mid,2.5120000000000005,False,False,False,True
HUL,Racing Point,26,0 days 00:01:33.735000,0 days 00:00:30.488000,0 days 00:00:38.940000,0 days 00:00:24.307000,Soft,26,1,,,1,True,0 days 00:41:27.637000,93.735,30.488,38.94,24.307,2487.637,2487.501,9.7,59.8,947.4,False,16.1,95,1.5,False,True,True,FORMULA 1 ARAMCO GROSSER PREIS DER EIFEL 2020,Nürburgring,Germany,,,Permanent,,,0.3252573745132554,0.4154264682349176,0.25931615725182694,3,False,Eifel Grand Prix,eifel_grand_prix,2020,2020-10-11,95.19917857142856,28,Opening,3.0019999999999953,False,False,False,True
GRO,Haas F1 Team,26,0 days 00:01:33.871000,0 days 00:00:30.631000,0 days 00:00:38.997000,0 days 00:00:24.243000,Medium,26,1,,,1,True,0 days 00:41:31.538000,93.871,30.631,38.997,24.243,2491.538,2487.501,9.7,59.8,947.4,False,16.1,95,1.5,False,True,True,FORMULA 1 ARAMCO GROSSER PREIS DER EIFEL 2020,Nürburgring,Germany,,,Permanent,,,0.326309509859275,0.41543181600281237,0.25825867413791265,3,False,Eifel Grand Prix,eifel_grand_prix,2020,2020-10-11,95.36396296296297,27,Opening,2.3089999999999975,False,False,False,True
GIO,Alfa Romeo Racing,26,0 days 00:01:33.006000,0 days 00:00:30.298000,0 days 00:00:38.684000,0 days 00:00:24.024000,Medium,11,2,,,1,True,0 days 00:41:36.471000,93.006,30.298,38.684,24.024,2496.471,2487.501,9.7,59.8,947.4,False,16.1,95,1.5,False,True,True,FORMULA 1 ARAMCO GROSSER PREIS DER EIFEL 2020,Nürburgring,Germany,,,Permanent,,,0.3257639292088682,0.4159301550437606,0.25830591574737116,3,False,Eifel Grand Prix,eifel_grand_prix,2020,2020-10-11,95.17671428571428,21,Mid,2.096999999999994,False,False,False,True
VET,Ferrari,26,0 days 00:01:32.883000,0 days 00:00:30.391000,0 days 00:00:38.583000,0 days 00:00:23.909000,Hard,15,2,,,1,True,0 days 00:41:37.989000,92.883,30.391,38.583,23.909,2497.989,2487.501,9.7,59.8,947.4,False,16.1,95,1.5,False,True,True,FORMULA 1 ARAMCO GROSSER PREIS DER EIFEL 2020,Nürburgring,Germany,,,Permanent,,,0.3271965806444667,0.41539355963954655,0.2574098597159868,3,False,Eifel Grand Prix,eifel_grand_prix,2020,2020-10-11,94.79276666666667,30,Mid,2.4749999999999943,False,False,False,True
RAI,Alfa Romeo Racing,26,0 days 00:01:32.861000,0 days 00:00:30.292000,0 days 00:00:38.803000,0 days 00:00:23.766000,Medium,16,2,,,1,True,0 days 00:41:38.657000,92.861,30.292,38.803,23.766,2498.657,2487.501,9.7,59.8,947.4,False,16.1,95,1.5,False,True,True,FORMULA 1 ARAMCO GROSSER PREIS DER EIFEL 2020,Nürburgring,Germany,,,Permanent,,,0.3262079882835636,0.417861104231055,0.25593090748538133,3,False,Eifel Grand Prix,eifel_grand_prix,2020,2020-10-11,95.14329411764706,34,Mid,2.3490000000000038,False,False,False,True
MAG,Haas F1 Team,26,0 days 00:01:32.751000,0 days 00:00:30.189000,0 days 00:00:38.639000,0 days 00:00:23.923000,Medium,12,2,,,1,True,0 days 00:41:44.863000,92.751,30.189,38.639,23.923,2504.863,2487.501,9.7,59.8,947.4,False,16.1,95,1.5,False,True,True,FORMULA 1 ARAMCO GROSSER PREIS DER EIFEL 2020,Nürburgring,Germany,,,Permanent,,,0.3254843613545945,0.41658850039352674,0.25792713825187863,3,False,Eifel Grand Prix,eifel_grand_prix,2020,2020-10-11,95.64394999999999,20,Mid,2.2950000000000017,False,False,False,True
LAT,Williams,26,0 days 00:01:33.016000,0 days 00:00:30.507000,0 days 00:00:38.524000,0 days 00:00:23.985000,Medium,12,2,,,1,True,0 days 00:41:47.024000,93.016,30.507,38.524,23.985,2507.024,2487.501,9.7,59.8,947.4,False,16.1,95,1.5,False,True,True,FORMULA 1 ARAMCO GROSSER PREIS DER EIFEL 2020,Nürburgring,Germany,,,Permanent,,,0.32797583211490494,0.4141653048937817,0.2578588629913133,3,False,Eifel Grand Prix,eifel_grand_prix,2020,2020-10-11,95.8397894736842,19,Mid,1.63900000000001,False,False,False,True
HAM,Mercedes,27,0 days 00:01:30.753000,0 days 00:00:29.604000,0 days 00:00:37.840000,0 days 00:00:23.309000,Medium,11,2,,,1,True,0 days 00:41:48.613000,90.753,29.604,37.84,23.309,2508.613,2487.501,9.7,59.8,947.4,False,16.1,95,1.5,False,True,True,FORMULA 1 ARAMCO GROSSER PREIS DER EIFEL 2020,Nürburgring,Germany,,,Permanent,,,0.3262040924266966,0.4169559133031415,0.25683999427016185,3,False,Eifel Grand Prix,eifel_grand_prix,2020,2020-10-11,92.15575862068965,29,Mid,2.608000000000004,False,False,False,True
VER,Red Bull Racing,27,0 days 00:01:30.836000,0 days 00:00:29.571000,0 days 00:00:37.791000,0 days 00:00:23.474000,Medium,11,2,,,1,True,0 days 00:41:53.075000,90.836,29.571,37.791,23.474,2513.075,2487.501,9.7,59.8,947.4,False,16.1,95,1.5,False,True,True,FORMULA 1 ARAMCO GROSSER PREIS DER EIFEL 2020,Nürburgring,Germany,,,Permanent,,,0.3255427363600335,0.4160354925359989,0.2584217711039676,3,False,Eifel Grand Prix,eifel_grand_prix,2020,2020-10-11,92.39306896551724,29,Mid,2.6970000000000027,False,False,False,True
KVY,AlphaTauri,26,0 days 00:01:32.568000,0 days 00:00:30.210000,0 days 00:00:38.496000,0 days 00:00:23.862000,Hard,9,2,,,1,True,0 days 00:42:23.272000,92.568,30.21,38.496,23.862,2543.272,2547.48,9.8,59.3,947.4,False,16.0,54,2.2,False,True,True,FORMULA 1 ARAMCO GROSSER PREIS DER EIFEL 2020,Nürburgring,Germany,,,Permanent,,,0.3263546798029557,0.41586725434275346,0.25777806585429086,3,False,Eifel Grand Prix,eifel_grand_prix,2020,2020-10-11,95.20285185185185,27,Mid,0.3539999999999992,False,False,False,True
NOR,McLaren,27,0 days 00:01:33.757000,0 days 00:00:30.457000,0 days 00:00:39.091000,0 days 00:00:24.209000,Soft,30,1,,,1,True,0 days 00:42:33.363000,93.757,30.457,39.091,24.209,2553.363,2547.48,9.8,59.3,947.4,False,16.0,54,2.2,False,True,True,FORMULA 1 ARAMCO GROSSER PREIS DER EIFEL 2020,Nürburgring,Germany,,,Permanent,,,0.32485041116929936,0.4169395351813731,0.2582100536493275,3,False,Eifel Grand Prix,eifel_grand_prix,2020,2020-10-11,94.42985714285714,28,Opening,1.429000000000002,False,False,False,True
PER,Racing Point,27,0 days 00:01:33.640000,0 days 00:00:30.323000,0 days 00:00:39.079000,0 days 00:00:24.238000,Soft,30,1,,,1,True,0 days 00:42:34.773000,93.64,30.323,39.079,24.238,2554.773,2547.48,9.8,59.3,947.4,False,16.0,54,2.2,False,True,True,FORMULA 1 ARAMCO GROSSER PREIS DER EIFEL 2020,Nürburgring,Germany,,,Permanent,,,0.323825288338317,0.41733233660828706,0.25884237505339597,3,False,Eifel Grand Prix,eifel_grand_prix,2020,2020-10-11,94.44792592592593,27,Opening,3.9399999999999977,False,False,False,True
SAI,McLaren,27,0 days 00:01:33.150000,0 days 00:00:30.340000,0 days 00:00:38.791000,0 days 00:00:24.019000,Soft,30,1,,,1,True,0 days 00:42:42.429000,93.15,30.34,38.791,24.019,2562.429,2547.48,9.8,59.3,947.4,False,16.0,54,2.2,False,True,True,FORMULA 1 ARAMCO GROSSER PREIS DER EIFEL 2020,Nürburgring,Germany,,,Permanent,,,0.32571121846484163,0.41643585614600104,0.2578529253891572,3,False,Eifel Grand Prix,eifel_grand_prix,2020,2020-10-11,94.70933333333333,27,Opening,3.021000000000001,False,False,False,True
RIC,Renault,27,0 days 00:01:32.528000,0 days 00:00:30.085000,0 days 00:00:38.529000,0 days 00:00:23.914000,Medium,11,2,,,1,True,0 days 00:42:43.706000,92.528,30.085,38.529,23.914,2563.706,2547.48,9.8,59.3,947.4,False,16.0,54,2.2,False,True,True,FORMULA 1 ARAMCO GROSSER PREIS DER EIFEL 2020,Nürburgring,Germany,,,Permanent,,,0.32514482102714853,0.4164036832094069,0.25845149576344456,3,False,Eifel Grand Prix,eifel_grand_prix,2020,2020-10-11,93.03992857142858,28,Mid,2.9440000000000026,False,False,False,True
GAS,AlphaTauri,27,0 days 00:01:33.649000,0 days 00:00:30.279000,0 days 00:00:39.104000,0 days 00:00:24.266000,Medium,27,1,,,1,True,0 days 00:42:54.854000,93.649,30.279,39.104,24.266,2574.854,2547.48,9.8,59.3,947.4,False,16.0,54,2.2,False,True,True,FORMULA 1 ARAMCO GROSSER PREIS DER EIFEL 2020,Nürburgring,Germany,,,Permanent,,,0.323324328076114,0.4175591837606381,0.25911648816324784,3,False,Eifel Grand Prix,eifel_grand_prix,2020,2020-10-11,95.14024137931034,29,Opening,3.5390000000000015,False,False,False,True
LEC,Ferrari,27,0 days 00:01:33.115000,0 days 00:00:30.383000,0 days 00:00:38.805000,0 days 00:00:23.927000,Medium,17,2,,,1,True,0 days 00:42:55.441000,93.115,30.383,38.805,23.927,2575.441,2547.48,9.8,59.3,947.4,False,16.0,54,2.2,False,True,True,FORMULA 1 ARAMCO GROSSER PREIS DER EIFEL 2020,Nürburgring,Germany,,,Permanent,,,0.32629544112119424,0.41674273747516516,0.25696182140364066,3,False,Eifel Grand Prix,eifel_grand_prix,2020,2020-10-11,94.8714,25,Mid,2.4029999999999916,False,False,False,True
HUL,Racing Point,27,0 days 00:01:33.711000,0 days 00:00:30.496000,0 days 00:00:38.979000,0 days 00:00:24.236000,Soft,27,1,,,1,True,0 days 00:43:01.348000,93.711,30.496,38.979,24.236,2581.348,2607.481,9.7,59.1,947.4,False,16.1,16,1.1,False,True,True,FORMULA 1 ARAMCO GROSSER PREIS DER EIFEL 2020,Nürburgring,Germany,,,Permanent,,,0.32542604390092944,0.41594903479847617,0.2586249213005944,3,False,Eifel Grand Prix,eifel_grand_prix,2020,2020-10-11,95.19917857142856,28,Opening,2.9779999999999944,False,False,False,True
GRO,Haas F1 Team,27,0 days 00:01:33.692000,0 days 00:00:30.386000,0 days 00:00:39.076000,0 days 00:00:24.230000,Medium,27,1,,,1,True,0 days 00:43:05.230000,93.692,30.386,39.076,24.23,2585.23,2607.481,9.7,59.1,947.4,False,16.1,16,1.1,False,True,True,FORMULA 1 ARAMCO GROSSER PREIS DER EIFEL 2020,Nürburgring,Germany,,,Permanent,,,0.3243179780557572,0.417068693164838,0.2586133287794049,3,False,Eifel Grand Prix,eifel_grand_prix,2020,2020-10-11,95.36396296296297,27,Opening,2.1299999999999955,False,False,False,True
GIO,Alfa Romeo Racing,27,0 days 00:01:32.719000,0 days 00:00:30.226000,0 days 00:00:38.534000,0 days 00:00:23.959000,Medium,12,2,,,1,True,0 days 00:43:09.190000,92.719,30.226,38.534,23.959,2589.19,2607.481,9.7,59.1,947.4,False,16.1,16,1.1,False,True,True,FORMULA 1 ARAMCO GROSSER PREIS DER EIFEL 2020,Nürburgring,Germany,,,Permanent,,,0.32599575060127917,0.4155998231214746,0.2584044262772463,3,False,Eifel Grand Prix,eifel_grand_prix,2020,2020-10-11,95.17671428571428,21,Mid,1.809999999999988,False,False,False,True
VET,Ferrari,27,0 days 00:01:32.819000,0 days 00:00:30.382000,0 days 00:00:38.566000,0 days 00:00:23.871000,Hard,16,2,,,1,True,0 days 00:43:10.808000,92.819,30.382,38.566,23.871,2590.808,2607.481,9.7,59.1,947.4,False,16.1,16,1.1,False,True,True,FORMULA 1 ARAMCO GROSSER PREIS DER EIFEL 2020,Nürburgring,Germany,,,Permanent,,,0.32732522436139155,0.4154968271582327,0.2571779484803758,3,False,Eifel Grand Prix,eifel_grand_prix,2020,2020-10-11,94.79276666666667,30,Mid,2.4110000000000014,False,False,False,True
RAI,Alfa Romeo Racing,27,0 days 00:01:32.972000,0 days 00:00:30.499000,0 days 00:00:38.673000,0 days 00:00:23.800000,Medium,17,2,,,1,True,0 days 00:43:11.629000,92.972,30.499,38.673,23.8,2591.629,2607.481,9.7,59.1,947.4,False,16.1,16,1.1,False,True,True,FORMULA 1 ARAMCO GROSSER PREIS DER EIFEL 2020,Nürburgring,Germany,,,Permanent,,,0.3280450027965409,0.41596394613432003,0.2559910510691391,3,False,Eifel Grand Prix,eifel_grand_prix,2020,2020-10-11,95.14329411764706,34,Mid,2.4599999999999937,False,False,False,True
MAG,Haas F1 Team,27,0 days 00:01:33.048000,0 days 00:00:30.227000,0 days 00:00:38.599000,0 days 00:00:24.222000,Medium,13,2,,,1,True,0 days 00:43:17.911000,93.048,30.227,38.599,24.222,2597.911,2607.481,9.7,59.1,947.4,False,16.1,16,1.1,False,True,True,FORMULA 1 ARAMCO GROSSER PREIS DER EIFEL 2020,Nürburgring,Germany,,,Permanent,,,0.3248538388788582,0.414828905511134,0.26031725561000774,3,False,Eifel Grand Prix,eifel_grand_prix,2020,2020-10-11,95.64394999999999,20,Mid,2.5919999999999987,False,False,False,True
HAM,Mercedes,28,0 days 00:01:31.157000,0 days 00:00:29.904000,0 days 00:00:38.002000,0 days 00:00:23.251000,Medium,12,2,,,1,True,0 days 00:43:19.770000,91.157,29.904,38.002,23.251,2599.77,2607.481,9.7,59.1,947.4,False,16.1,16,1.1,False,True,True,FORMULA 1 ARAMCO GROSSER PREIS DER EIFEL 2020,Nürburgring,Germany,,,Permanent,,,0.3280494092609454,0.4168851541845388,0.25506543655451586,3,False,Eifel Grand Prix,eifel_grand_prix,2020,2020-10-11,92.15575862068965,29,Mid,3.0120000000000005,False,False,False,True
LAT,Williams,27,0 days 00:01:34.743000,0 days 00:00:30.394000,0 days 00:00:40.411000,0 days 00:00:23.938000,Medium,13,2,,,1,True,0 days 00:43:21.767000,94.743,30.394,40.411,23.938,2601.767,2607.481,9.7,59.1,947.4,False,16.1,16,1.1,False,True,True,FORMULA 1 ARAMCO GROSSER PREIS DER EIFEL 2020,Nürburgring,Germany,,,Permanent,,,0.32080470324984434,0.4265328309215457,0.25266246582861,3,False,Eifel Grand Prix,eifel_grand_prix,2020,2020-10-11,95.8397894736842,19,Mid,3.3659999999999997,False,False,False,True
VER,Red Bull Racing,28,0 days 00:01:31.086000,0 days 00:00:29.622000,0 days 00:00:37.887000,0 days 00:00:23.577000,Medium,12,2,,,1,True,0 days 00:43:24.161000,91.086,29.622,37.887,23.577,2604.161,2607.481,9.7,59.1,947.4,False,16.1,16,1.1,False,True,True,FORMULA 1 ARAMCO GROSSER PREIS DER EIFEL 2020,Nürburgring,Germany,,,Permanent,,,0.325209143007707,0.415947566036493,0.25884329095580005,3,False,Eifel Grand Prix,eifel_grand_prix,2020,2020-10-11,92.39306896551724,29,Mid,2.9470000000000027,False,False,False,True
KVY,AlphaTauri,27,0 days 00:01:32.306000,0 days 00:00:30.021000,0 days 00:00:38.420000,0 days 00:00:23.865000,Hard,10,2,,,1,True,0 days 00:43:55.578000,92.306,30.021,38.42,23.865,2635.578,2607.481,9.7,59.1,947.4,False,16.1,16,1.1,False,True,True,FORMULA 1 ARAMCO GROSSER PREIS DER EIFEL 2020,Nürburgring,Germany,,,Permanent,,,0.32523346261348124,0.4162242974454532,0.25854223994106557,3,False,Eifel Grand Prix,eifel_grand_prix,2020,2020-10-11,95.20285185185185,27,Mid,0.09199999999999875,False,False,False,True
NOR,McLaren,28,0 days 00:01:33.879000,0 days 00:00:30.237000,0 days 00:00:39.213000,0 days 00:00:24.429000,Soft,31,1,,,1,True,0 days 00:44:07.242000,93.879,30.237,39.213,24.429,2647.242,2667.489,9.7,58.8,947.3,False,16.1,98,1.8,False,True,True,FORMULA 1 ARAMCO GROSSER PREIS DER EIFEL 2020,Nürburgring,Germany,,,Permanent,,,0.32208481129965166,0.4176972485859457,0.2602179401144026,3,False,Eifel Grand Prix,eifel_grand_prix,2020,2020-10-11,94.42985714285714,28,Opening,1.551000000000002,False,False,False,True
PER,Racing Point,28,0 days 00:01:36.465000,0 days 00:00:30.327000,0 days 00:00:38.930000,0 days 00:00:27.208000,Soft,31,1,0 days 00:44:09.363000,,1,False,0 days 00:44:11.238000,96.465,30.327,38.93,27.208,2651.238,2667.489,9.7,58.8,947.3,False,16.1,98,1.8,False,True,True,FORMULA 1 ARAMCO GROSSER PREIS DER EIFEL 2020,Nürburgring,Germany,,,Permanent,28.0,,0.31438345513916965,0.40356606022909863,0.2820504846317317,3,False,Eifel Grand Prix,eifel_grand_prix,2020,2020-10-11,94.44792592592593,27,Opening,6.765000000000001,False,False,False,True
RIC,Renault,28,0 days 00:01:32.906000,0 days 00:00:30.158000,0 days 00:00:38.932000,0 days 00:00:23.816000,Medium,12,2,,,1,True,0 days 00:44:16.612000,92.906,30.158,38.932,23.816,2656.612,2667.489,9.7,58.8,947.3,False,16.1,98,1.8,False,True,True,FORMULA 1 ARAMCO GROSSER PREIS DER EIFEL 2020,Nürburgring,Germany,,,Permanent,,,0.32460766796547047,0.41904720900695325,0.2563451230275762,3,False,Eifel Grand Prix,eifel_grand_prix,2020,2020-10-11,93.03992857142858,28,Mid,3.3220000000000027,False,False,False,True
SAI,McLaren,28,0 days 00:01:36.843000,0 days 00:00:30.278000,0 days 00:00:38.785000,0 days 00:00:27.780000,Soft,31,1,0 days 00:44:17.400000,,1,False,0 days 00:44:19.272000,96.843,30.278,38.785,27.78,2659.272,2667.489,9.7,58.8,947.3,False,16.1,98,1.8,False,True,True,FORMULA 1 ARAMCO GROSSER PREIS DER EIFEL 2020,Nürburgring,Germany,,,Permanent,28.0,,0.3126503722519955,0.40049358239624955,0.2868560453517549,3,False,Eifel Grand Prix,eifel_grand_prix,2020,2020-10-11,94.70933333333333,27,Opening,6.713999999999999,False,False,False,True
LEC,Ferrari,28,0 days 00:01:32.636000,0 days 00:00:30.190000,0 days 00:00:38.346000,0 days 00:00:24.100000,Medium,18,2,,,1,True,0 days 00:44:28.077000,92.636,30.19,38.346,24.1,2668.077,2667.489,9.7,58.8,947.3,False,16.1,98,1.8,False,True,True,FORMULA 1 ARAMCO GROSSER PREIS DER EIFEL 2020,Nürburgring,Germany,,,Permanent,,,0.32589921844639236,0.41394274364178074,0.26015803791182696,3,False,Eifel Grand Prix,eifel_grand_prix,2020,2020-10-11,94.8714,25,Mid,1.9239999999999924,False,False,False,True
GAS,AlphaTauri,28,0 days 00:01:35.435000,0 days 00:00:31.636000,0 days 00:00:39.472000,0 days 00:00:24.327000,Medium,28,1,,,1,True,0 days 00:44:30.289000,95.435,31.636,39.472,24.327,2670.289,2667.489,9.7,58.8,947.3,False,16.1,98,1.8,False,True,True,FORMULA 1 ARAMCO GROSSER PREIS DER EIFEL 2020,Nürburgring,Germany,,,Permanent,,,0.3314926389689317,0.4136008801802274,0.2549064808508409,3,False,Eifel Grand Prix,eifel_grand_prix,2020,2020-10-11,95.14024137931034,29,Opening,5.325000000000003,False,False,False,True
HUL,Racing Point,28,0 days 00:01:33.618000,0 days 00:00:30.459000,0 days 00:00:39.006000,0 days 00:00:24.153000,Soft,28,1,,,1,True,0 days 00:44:34.966000,93.618,30.459,39.006,24.153,2674.966,2667.489,9.7,58.8,947.3,False,16.1,98,1.8,False,True,True,FORMULA 1 ARAMCO GROSSER PREIS DER EIFEL 2020,Nürburgring,Germany,,,Permanent,,,0.3253540985707877,0.41665064410690256,0.2579952573223098,3,False,Eifel Grand Prix,eifel_grand_prix,2020,2020-10-11,95.19917857142856,28,Opening,2.884999999999991,False,False,False,True
GIO,Alfa Romeo Racing,28,0 days 00:01:33.048000,0 days 00:00:30.251000,0 days 00:00:38.646000,0 days 00:00:24.151000,Medium,13,2,,,1,True,0 days 00:44:42.238000,93.048,30.251,38.646,24.151,2682.238,2667.489,9.7,58.8,947.3,False,16.1,98,1.8,False,True,True,FORMULA 1 ARAMCO GROSSER PREIS DER EIFEL 2020,Nürburgring,Germany,,,Permanent,,,0.3251117702691084,0.415334021150374,0.2595542085805176,3,False,Eifel Grand Prix,eifel_grand_prix,2020,2020-10-11,95.17671428571428,21,Mid,2.138999999999996,False,False,False,True
GRO,Haas F1 Team,28,0 days 00:01:37.233000,0 days 00:00:30.603000,0 days 00:00:38.905000,0 days 00:00:27.725000,Medium,28,1,0 days 00:44:40.913000,,1,False,0 days 00:44:42.463000,97.233,30.603,38.905,27.725,2682.463,2667.489,9.7,58.8,947.3,False,16.1,98,1.8,False,True,True,FORMULA 1 ARAMCO GROSSER PREIS DER EIFEL 2020,Nürburgring,Germany,,,Permanent,28.0,,0.3147388232390238,0.400121357975173,0.2851398187858032,3,False,Eifel Grand Prix,eifel_grand_prix,2020,2020-10-11,95.36396296296297,27,Opening,5.6710000000000065,False,False,False,True
VET,Ferrari,28,0 days 00:01:33.119000,0 days 00:00:30.468000,0 days 00:00:38.580000,0 days 00:00:24.071000,Hard,17,2,,,1,True,0 days 00:44:43.927000,93.119,30.468,38.58,24.071,2683.927,2667.489,9.7,58.8,947.3,False,16.1,98,1.8,False,True,True,FORMULA 1 ARAMCO GROSSER PREIS DER EIFEL 2020,Nürburgring,Germany,,,Permanent,,,0.32719423533328323,0.41430857290134127,0.2584971917653755,3,False,Eifel Grand Prix,eifel_grand_prix,2020,2020-10-11,94.79276666666667,30,Mid,2.7109999999999985,False,False,False,True
RAI,Alfa Romeo Racing,28,0 days 00:01:33.117000,0 days 00:00:30.251000,0 days 00:00:38.887000,0 days 00:00:23.979000,Medium,18,2,,,1,True,0 days 00:44:44.746000,93.117,30.251,38.887,23.979,2684.746,2667.489,9.7,58.8,947.3,False,16.1,98,1.8,False,True,True,FORMULA 1 ARAMCO GROSSER PREIS DER EIFEL 2020,Nürburgring,Germany,,,Permanent,,,0.3248708613894348,0.41761439908931774,0.2575147395212474,3,False,Eifel Grand Prix,eifel_grand_prix,2020,2020-10-11,95.14329411764706,34,Mid,2.605000000000004,False,False,False,True
HAM,Mercedes,29,0 days 00:01:30.980000,0 days 00:00:29.680000,0 days 00:00:37.832000,0 days 00:00:23.468000,Medium,13,2,,,1,True,0 days 00:44:50.750000,90.98,29.68,37.832,23.468,2690.75,2667.489,9.7,58.8,947.3,False,16.1,98,1.8,False,True,True,FORMULA 1 ARAMCO GROSSER PREIS DER EIFEL 2020,Nürburgring,Germany,,,Permanent,,,0.326225544075621,0.41582765442954495,0.257946801494834,3,False,Eifel Grand Prix,eifel_grand_prix,2020,2020-10-11,92.15575862068965,29,Mid,2.835000000000008,False,False,False,True
MAG,Haas F1 Team,28,0 days 00:01:34.640000,0 days 00:00:30.409000,0 days 00:00:40.283000,0 days 00:00:23.948000,Medium,14,2,,,1,True,0 days 00:44:52.551000,94.64,30.409,40.283,23.948,2692.551,2667.489,9.7,58.8,947.3,False,16.1,98,1.8,False,True,True,FORMULA 1 ARAMCO GROSSER PREIS DER EIFEL 2020,Nürburgring,Germany,,,Permanent,,,0.32131234150464916,0.4256445477599324,0.2530431107354184,3,False,Eifel Grand Prix,eifel_grand_prix,2020,2020-10-11,95.64394999999999,20,Mid,4.1839999999999975,False,False,False,True
VER,Red Bull Racing,29,0 days 00:01:31.324000,0 days 00:00:29.632000,0 days 00:00:38.048000,0 days 00:00:23.644000,Medium,13,2,,,1,True,0 days 00:44:55.485000,91.324,29.632,38.048,23.644,2695.485,2667.489,9.7,58.8,947.3,False,16.1,98,1.8,False,True,True,FORMULA 1 ARAMCO GROSSER PREIS DER EIFEL 2020,Nürburgring,Germany,,,Permanent,,,0.32447111383645044,0.4166265165783365,0.25890236958521307,3,False,Eifel Grand Prix,eifel_grand_prix,2020,2020-10-11,92.39306896551724,29,Mid,3.1850000000000023,False,False,False,True
LAT,Williams,28,0 days 00:01:34.854000,0 days 00:00:30.456000,0 days 00:00:38.677000,0 days 00:00:25.721000,Medium,14,2,,,1,True,0 days 00:44:56.621000,94.854,30.456,38.677,25.721,2696.621,2667.489,9.7,58.8,947.3,False,16.1,98,1.8,False,True,True,FORMULA 1 ARAMCO GROSSER PREIS DER EIFEL 2020,Nürburgring,Germany,,,Permanent,,,0.3210829274463913,0.40775296771881,0.27116410483479875,3,False,Eifel Grand Prix,eifel_grand_prix,2020,2020-10-11,95.8397894736842,19,Mid,3.477000000000004,False,False,False,True
KVY,AlphaTauri,28,0 days 00:01:32.600000,0 days 00:00:30.166000,0 days 00:00:38.517000,0 days 00:00:23.917000,Hard,11,2,,,1,True,0 days 00:45:28.178000,92.6,30.166,38.517,23.917,2728.178,2727.484,9.6,58.9,947.3,False,16.7,25,1.7,False,True,True,FORMULA 1 ARAMCO GROSSER PREIS DER EIFEL 2020,Nürburgring,Germany,,,Permanent,,,0.32576673866090716,0.41595032397408216,0.25828293736501085,3,False,Eifel Grand Prix,eifel_grand_prix,2020,2020-10-11,95.20285185185185,27,Mid,0.3859999999999957,False,False,False,True
NOR,McLaren,29,0 days 00:01:37.365000,0 days 00:00:30.895000,0 days 00:00:39.190000,0 days 00:00:27.280000,Soft,32,1,0 days 00:45:42.749000,,1,False,0 days 00:45:44.607000,97.365,30.895,39.19,27.28,2744.607,2727.484,9.6,58.9,947.3,False,16.7,25,1.7,False,True,True,FORMULA 1 ARAMCO GROSSER PREIS DER EIFEL 2020,Nürburgring,Germany,,,Permanent,29.0,,0.3173111487700919,0.40250603399578905,0.2801828172341191,3,False,Eifel Grand Prix,eifel_grand_prix,2020,2020-10-11,94.42985714285714,28,Opening,5.036999999999992,False,False,False,True
RIC,Renault,29,0 days 00:01:32.090000,0 days 00:00:29.854000,0 days 00:00:38.490000,0 days 00:00:23.746000,Medium,13,2,,,1,True,0 days 00:45:48.702000,92.09,29.854,38.49,23.746,2748.702,2727.484,9.6,58.9,947.3,False,16.7,25,1.7,False,True,True,FORMULA 1 ARAMCO GROSSER PREIS DER EIFEL 2020,Nürburgring,Germany,,,Permanent,,,0.32418286458898904,0.41796069062873276,0.2578564447822782,3,False,Eifel Grand Prix,eifel_grand_prix,2020,2020-10-11,93.03992857142858,28,Mid,2.5060000000000002,False,False,False,True
LEC,Ferrari,29,0 days 00:01:33.197000,0 days 00:00:30.354000,0 days 00:00:38.760000,0 days 00:00:24.083000,Medium,19,2,,,1,True,0 days 00:46:01.274000,93.197,30.354,38.76,24.083,2761.274,2787.485,9.7,59.3,947.3,False,17.2,60,2.2,False,True,True,FORMULA 1 ARAMCO GROSSER PREIS DER EIFEL 2020,Nürburgring,Germany,,,Permanent,,,0.3256971790937476,0.4158932154468491,0.25840960545940317,3,False,Eifel Grand Prix,eifel_grand_prix,2020,2020-10-11,94.8714,25,Mid,2.4849999999999994,False,False,False,True
PER,Racing Point,29,0 days 00:01:53.285000,0 days 00:00:50.591000,0 days 00:00:39.346000,0 days 00:00:23.348000,Medium,1,2,,0 days 00:44:32.281000,1,False,0 days 00:46:04.523000,113.285,50.591,39.346,23.348,2764.523,2787.485,9.7,59.3,947.3,False,17.2,60,2.2,False,True,True,FORMULA 1 ARAMCO GROSSER PREIS DER EIFEL 2020,Nürburgring,Germany,,,Permanent,,,0.4465816304012005,0.3473187094496182,0.20609966014918127,3,False,Eifel Grand Prix,eifel_grand_prix,2020,2020-10-11,94.94135294117646,17,Mid,23.584999999999994,False,False,False,True
GAS,AlphaTauri,29,0 days 00:01:35.416000,0 days 00:00:30.949000,0 days 00:00:39.510000,0 days 00:00:24.957000,Medium,29,1,,,1,True,0 days 00:46:05.705000,95.416,30.949,39.51,24.957,2765.705,2787.485,9.7,59.3,947.3,False,17.2,60,2.2,False,True,True,FORMULA 1 ARAMCO GROSSER PREIS DER EIFEL 2020,Nürburgring,Germany,,,Permanent,,,0.32435859813867696,0.4140814957659093,0.2615599060954138,3,False,Eifel Grand Prix,eifel_grand_prix,2020,2020-10-11,95.14024137931034,29,Opening,5.305999999999997,False,False,False,True
SAI,McLaren,29,0 days 00:01:51.219000,0 days 00:00:49.324000,0 days 00:00:38.378000,0 days 00:00:23.517000,Medium,1,2,,0 days 00:44:40.038000,1,False,0 days 00:46:10.491000,111.219,49.324,38.378,23.517,2770.491,2787.485,9.7,59.3,947.3,False,17.2,60,2.2,False,True,True,FORMULA 1 ARAMCO GROSSER PREIS DER EIFEL 2020,Nürburgring,Germany,,,Permanent,,,0.44348537570019514,0.3450669400012588,0.21144768429854613,3,False,Eifel Grand Prix,eifel_grand_prix,2020,2020-10-11,93.4670625,16,Mid,21.08999999999999,False,False,False,True
HUL,Racing Point,29,0 days 00:01:36.925000,0 days 00:00:30.609000,0 days 00:00:39.202000,0 days 00:00:27.114000,Soft,29,1,0 days 00:46:10.017000,,1,False,0 days 00:46:11.891000,96.925,30.609,39.202,27.114,2771.891,2787.485,9.7,59.3,947.3,False,17.2,60,2.2,False,True,True,FORMULA 1 ARAMCO GROSSER PREIS DER EIFEL 2020,Nürburgring,Germany,,,Permanent,29.0,,0.3158008769667269,0.4044570544235233,0.2797420686097498,3,False,Eifel Grand Prix,eifel_grand_prix,2020,2020-10-11,95.19917857142856,28,Opening,6.191999999999993,False,False,False,True
GIO,Alfa Romeo Racing,29,0 days 00:01:33.421000,0 days 00:00:30.535000,0 days 00:00:38.794000,0 days 00:00:24.092000,Medium,14,2,,,1,True,0 days 00:46:15.659000,93.421,30.535,38.794,24.092,2775.659,2787.485,9.7,59.3,947.3,False,17.2,60,2.2,False,True,True,FORMULA 1 ARAMCO GROSSER PREIS DER EIFEL 2020,Nürburgring,Germany,,,Permanent,,,0.3268537052696931,0.415259952259128,0.2578863424711788,3,False,Eifel Grand Prix,eifel_grand_prix,2020,2020-10-11,95.17671428571428,21,Mid,2.5120000000000005,False,False,False,True
VET,Ferrari,29,0 days 00:01:33.214000,0 days 00:00:30.469000,0 days 00:00:38.820000,0 days 00:00:23.925000,Hard,18,2,,,1,True,0 days 00:46:17.141000,93.214,30.469,38.82,23.925,2777.141,2787.485,9.7,59.3,947.3,False,17.2,60,2.2,False,True,True,FORMULA 1 ARAMCO GROSSER PREIS DER EIFEL 2020,Nürburgring,Germany,,,Permanent,,,0.326871499989272,0.4164610466238977,0.25666745338683034,3,False,Eifel Grand Prix,eifel_grand_prix,2020,2020-10-11,94.79276666666667,30,Mid,2.8059999999999974,False,False,False,True
RAI,Alfa Romeo Racing,29,0 days 00:01:33.125000,0 days 00:00:30.394000,0 days 00:00:38.860000,0 days 00:00:23.871000,Medium,19,2,,,1,True,0 days 00:46:17.871000,93.125,30.394,38.86,23.871,2777.871,2787.485,9.7,59.3,947.3,False,17.2,60,2.2,False,True,True,FORMULA 1 ARAMCO GROSSER PREIS DER EIFEL 2020,Nürburgring,Germany,,,Permanent,,,0.32637852348993285,0.41728859060402684,0.25633288590604025,3,False,Eifel Grand Prix,eifel_grand_prix,2020,2020-10-11,95.14329411764706,34,Mid,2.6129999999999995,False,False,False,True
HAM,Mercedes,30,0 days 00:01:30.701000,0 days 00:00:29.599000,0 days 00:00:37.836000,0 days 00:00:23.266000,Medium,14,2,,,1,True,0 days 00:46:21.451000,90.701,29.599,37.836,23.266,2781.451,2787.485,9.7,59.3,947.3,False,17.2,60,2.2,False,True,True,FORMULA 1 ARAMCO GROSSER PREIS DER EIFEL 2020,Nürburgring,Germany,,,Permanent,,,0.32633598306523637,0.41715085831468235,0.25651315862008134,3,False,Eifel Grand Prix,eifel_grand_prix,2020,2020-10-11,92.15575862068965,29,Mid,2.5559999999999974,False,False,False,True
MAG,Haas F1 Team,29,0 days 00:01:33.192000,0 days 00:00:30.375000,0 days 00:00:38.759000,0 days 00:00:24.058000,Medium,15,2,,,1,True,0 days 00:46:25.743000,93.192,30.375,38.759,24.058,2785.743,2787.485,9.7,59.3,947.3,False,17.2,60,2.2,False,True,True,FORMULA 1 ARAMCO GROSSER PREIS DER EIFEL 2020,Nürburgring,Germany,,,Permanent,,,0.32593999484934333,0.415904798695167,0.2581552064554898,3,False,Eifel Grand Prix,eifel_grand_prix,2020,2020-10-11,95.64394999999999,20,Mid,2.73599999999999,False,False,False,True
VER,Red Bull Racing,30,0 days 00:01:31.569000,0 days 00:00:29.819000,0 days 00:00:38.127000,0 days 00:00:23.623000,Medium,14,2,,,1,True,0 days 00:46:27.054000,91.569,29.819,38.127,23.623,2787.054,2787.485,9.7,59.3,947.3,False,17.2,60,2.2,False,True,True,FORMULA 1 ARAMCO GROSSER PREIS DER EIFEL 2020,Nürburgring,Germany,,,Permanent,,,0.3256451419148402,0.41637453723421686,0.257980320850943,3,False,Eifel Grand Prix,eifel_grand_prix,2020,2020-10-11,92.39306896551724,29,Mid,3.430000000000007,False,False,False,True
LAT,Williams,29,0 days 00:01:33.386000,0 days 00:00:30.377000,0 days 00:00:38.844000,0 days 00:00:24.165000,Medium,15,2,,,1,True,0 days 00:46:30.007000,93.386,30.377,38.844,24.165,2790.007,2787.485,9.7,59.3,947.3,False,17.2,60,2.2,False,True,True,FORMULA 1 ARAMCO GROSSER PREIS DER EIFEL 2020,Nürburgring,Germany,,,Permanent,,,0.3252843038571092,0.4159509990790911,0.25876469706379973,3,False,Eifel Grand Prix,eifel_grand_prix,2020,2020-10-11,95.8397894736842,19,Mid,2.0090000000000003,False,False,False,True
GRO,Haas F1 Team,29,0 days 00:01:54.152000,0 days 00:00:51.438000,0 days 00:00:38.811000,0 days 00:00:23.903000,Hard,1,2,,0 days 00:45:04.548000,1,False,0 days 00:46:36.615000,114.152,51.438,38.811,23.903,2796.615,2787.485,9.7,59.3,947.3,False,17.2,60,2.2,False,True,True,FORMULA 1 ARAMCO GROSSER PREIS DER EIFEL 2020,Nürburgring,Germany,,,Permanent,,,0.4506097133646366,0.3399940430303455,0.20939624360501785,3,False,Eifel Grand Prix,eifel_grand_prix,2020,2020-10-11,97.07871875000001,32,Closing,22.590000000000003,False,False,False,True
KVY,AlphaTauri,29,0 days 00:01:32.473000,0 days 00:00:30.190000,0 days 00:00:38.482000,0 days 00:00:23.801000,Hard,12,2,,,1,True,0 days 00:47:00.651000,92.473,30.19,38.482,23.801,2820.651,2847.489,9.6,59.5,947.4,False,17.1,83,2.2,False,True,True,FORMULA 1 ARAMCO GROSSER PREIS DER EIFEL 2020,Nürburgring,Germany,,,Permanent,,,0.326473673396559,0.4161430904155808,0.25738323618786024,3,False,Eifel Grand Prix,eifel_grand_prix,2020,2020-10-11,95.20285185185185,27,Mid,0.25900000000000034,False,False,False,True
RIC,Renault,30,0 days 00:01:32.235000,0 days 00:00:30.008000,0 days 00:00:38.436000,0 days 00:00:23.791000,Medium,14,2,,,1,True,0 days 00:47:20.937000,92.235,30.008,38.436,23.791,2840.937,2847.489,9.6,59.5,947.4,False,17.1,83,2.2,False,True,True,FORMULA 1 ARAMCO GROSSER PREIS DER EIFEL 2020,Nürburgring,Germany,,,Permanent,,,0.32534287418008345,0.4167181655553749,0.25793896026454166,3,False,Eifel Grand Prix,eifel_grand_prix,2020,2020-10-11,93.03992857142858,28,Mid,2.6509999999999962,False,False,False,True
LEC,Ferrari,30,0 days 00:01:32.831000,0 days 00:00:30.205000,0 days 00:00:38.555000,0 days 00:00:24.071000,Medium,20,2,,,1,True,0 days 00:47:34.105000,92.831,30.205,38.555,24.071,2854.105,2847.489,9.6,59.5,947.4,False,17.1,83,2.2,False,True,True,FORMULA 1 ARAMCO GROSSER PREIS DER EIFEL 2020,Nürburgring,Germany,,,Permanent,,,0.32537622130538285,0.41532462216285504,0.25929915653176205,3,False,Eifel Grand Prix,eifel_grand_prix,2020,2020-10-11,94.8714,25,Mid,2.1189999999999998,False,False,False,True
PER,Racing Point,30,0 days 00:01:32.456000,0 days 00:00:30.081000,0 days 00:00:38.792000,0 days 00:00:23.583000,Medium,2,2,,,1,True,0 days 00:47:36.979000,92.456,30.081,38.792,23.583,2856.979,2847.489,9.6,59.5,947.4,False,17.1,83,2.2,False,True,True,FORMULA 1 ARAMCO GROSSER PREIS DER EIFEL 2020,Nürburgring,Germany,,,Permanent,,,0.32535476334688934,0.41957255343082117,0.2550726832222895,3,False,Eifel Grand Prix,eifel_grand_prix,2020,2020-10-11,94.94135294117646,17,Mid,2.7560000000000002,False,False,False,True
NOR,McLaren,30,0 days 00:01:52.826000,0 days 00:00:49.273000,0 days 00:00:38.837000,0 days 00:00:24.716000,Medium,1,2,,0 days 00:46:04.747000,1,False,0 days 00:47:37.433000,112.826,49.273,38.837,24.716,2857.433,2847.489,9.6,59.5,947.4,False,17.1,83,2.2,False,True,True,FORMULA 1 ARAMCO GROSSER PREIS DER EIFEL 2020,Nürburgring,Germany,,,Permanent,,,0.4367167142325351,0.34422030383067737,0.21906298193678764,3,False,Eifel Grand Prix,eifel_grand_prix,2020,2020-10-11,94.708,13,Closing,20.49799999999999,False,False,False,True
SAI,McLaren,30,0 days 00:01:31.569000,0 days 00:00:29.891000,0 days 00:00:38.174000,0 days 00:00:23.504000,Medium,2,2,,,1,True,0 days 00:47:42.060000,91.569,29.891,38.174,23.504,2862.06,2847.489,9.6,59.5,947.4,False,17.1,83,2.2,False,True,True,FORMULA 1 ARAMCO GROSSER PREIS DER EIFEL 2020,Nürburgring,Germany,,,Permanent,,,0.3264314342190042,0.4168878113772128,0.25668075440378296,3,False,Eifel Grand Prix,eifel_grand_prix,2020,2020-10-11,93.4670625,16,Mid,1.4399999999999977,False,False,False,True
GAS,AlphaTauri,30,0 days 00:01:37.398000,0 days 00:00:30.518000,0 days 00:00:39.679000,0 days 00:00:27.201000,Medium,30,1,0 days 00:47:41.253000,,1,False,0 days 00:47:43.103000,97.398,30.518,39.679,27.201,2863.103,2847.489,9.6,59.5,947.4,False,17.1,83,2.2,False,True,True,FORMULA 1 ARAMCO GROSSER PREIS DER EIFEL 2020,Nürburgring,Germany,,,Permanent,30.0,,0.3133329226472823,0.4073902954886138,0.279276781864104,3,False,Eifel Grand Prix,eifel_grand_prix,2020,2020-10-11,95.14024137931034,29,Opening,7.287999999999997,False,False,False,True
GIO,Alfa Romeo Racing,30,0 days 00:01:33.553000,0 days 00:00:30.413000,0 days 00:00:38.959000,0 days 00:00:24.181000,Medium,15,2,,,1,True,0 days 00:47:49.212000,93.553,30.413,38.959,24.181,2869.212,2847.489,9.6,59.5,947.4,False,17.1,83,2.2,False,True,True,FORMULA 1 ARAMCO GROSSER PREIS DER EIFEL 2020,Nürburgring,Germany,,,Permanent,,,0.32508845253492674,0.4164377411734525,0.2584738062916208,3,False,Eifel Grand Prix,eifel_grand_prix,2020,2020-10-11,95.17671428571428,21,Mid,2.6439999999999912,False,False,False,True
VET,Ferrari,30,0 days 00:01:33.401000,0 days 00:00:30.409000,0 days 00:00:38.880000,0 days 00:00:24.112000,Hard,19,2,,,1,True,0 days 00:47:50.542000,93.401,30.409,38.88,24.112,2870.542,2847.489,9.6,59.5,947.4,False,17.1,83,2.2,False,True,True,FORMULA 1 ARAMCO GROSSER PREIS DER EIFEL 2020,Nürburgring,Germany,,,Permanent,,,0.32557467264804446,0.4162696330874402,0.25815569426451535,3,False,Eifel Grand Prix,eifel_grand_prix,2020,2020-10-11,94.79276666666667,30,Mid,2.992999999999995,False,False,False,True
RAI,Alfa Romeo Racing,30,0 days 00:01:33.426000,0 days 00:00:30.555000,0 days 00:00:39.034000,0 days 00:00:23.837000,Medium,20,2,,,1,True,0 days 00:47:51.297000,93.426,30.555,39.034,23.837,2871.297,2847.489,9.6,59.5,947.4,False,17.1,83,2.2,False,True,True,FORMULA 1 ARAMCO GROSSER PREIS DER EIFEL 2020,Nürburgring,Germany,,,Permanent,,,0.3270502857876822,0.4178066062980326,0.25514310791428507,3,False,Eifel Grand Prix,eifel_grand_prix,2020,2020-10-11,95.14329411764706,34,Mid,2.9140000000000015,False,False,False,True
HAM,Mercedes,31,0 days 00:01:31.095000,0 days 00:00:29.643000,0 days 00:00:37.976000,0 days 00:00:23.476000,Medium,15,2,,,1,True,0 days 00:47:52.546000,91.095,29.643,37.976,23.476,2872.546,2847.489,9.6,59.5,947.4,False,17.1,83,2.2,False,True,True,FORMULA 1 ARAMCO GROSSER PREIS DER EIFEL 2020,Nürburgring,Germany,,,Permanent,,,0.3254075415774741,0.4168834732971074,0.2577089851254185,3,False,Eifel Grand Prix,eifel_grand_prix,2020,2020-10-11,92.15575862068965,29,Mid,2.950000000000003,False,False,False,True
VER,Red Bull Racing,31,0 days 00:01:31.565000,0 days 00:00:29.874000,0 days 00:00:38.007000,0 days 00:00:23.684000,Medium,15,2,,,1,True,0 days 00:47:58.619000,91.565,29.874,38.007,23.684,2878.619,2907.487,9.5,59.3,947.3,False,17.0,61,1.7,False,True,True,FORMULA 1 ARAMCO GROSSER PREIS DER EIFEL 2020,Nürburgring,Germany,,,Permanent,,,0.3262600338557309,0.41508218205646263,0.2586577840878065,3,False,Eifel Grand Prix,eifel_grand_prix,2020,2020-10-11,92.39306896551724,29,Mid,3.426000000000002,False,False,False,True
MAG,Haas F1 Team,30,0 days 00:01:35.355000,0 days 00:00:30.810000,0 days 00:00:40.381000,0 days 00:00:24.164000,Medium,16,2,,,1,True,0 days 00:48:01.098000,95.355,30.81,40.381,24.164,2881.098,2907.487,9.5,59.3,947.3,False,17.0,61,1.7,False,True,True,FORMULA 1 ARAMCO GROSSER PREIS DER EIFEL 2020,Nürburgring,Germany,,,Permanent,,,0.32310838445807766,0.4234806774684075,0.2534109380735148,3,False,Eifel Grand Prix,eifel_grand_prix,2020,2020-10-11,95.64394999999999,20,Mid,4.899000000000001,False,False,False,True
LAT,Williams,30,0 days 00:01:33.516000,0 days 00:00:30.612000,0 days 00:00:38.800000,0 days 00:00:24.104000,Medium,16,2,,,1,True,0 days 00:48:03.523000,93.516,30.612,38.8,24.104,2883.523,2907.487,9.5,59.3,947.3,False,17.0,61,1.7,False,True,True,FORMULA 1 ARAMCO GROSSER PREIS DER EIFEL 2020,Nürburgring,Germany,,,Permanent,,,0.32734505325291924,0.4149022627144018,0.25775268403267887,3,False,Eifel Grand Prix,eifel_grand_prix,2020,2020-10-11,95.8397894736842,19,Mid,2.13900000000001,False,False,False,True
HUL,Racing Point,30,0 days 00:01:52.649000,0 days 00:00:49.811000,0 days 00:00:39.185000,0 days 00:00:23.653000,Medium,1,2,,0 days 00:46:32.724000,1,False,0 days 00:48:04.540000,112.649,49.811,39.185,23.653,2884.54,2907.487,9.5,59.3,947.3,False,17.0,61,1.7,False,True,True,FORMULA 1 ARAMCO GROSSER PREIS DER EIFEL 2020,Nürburgring,Germany,,,Permanent,,,0.4421788031851148,0.34785040257791905,0.20997079423696613,3,False,Eifel Grand Prix,eifel_grand_prix,2020,2020-10-11,94.97826666666667,15,Mid,21.915999999999997,False,False,False,True
GRO,Haas F1 Team,30,0 days 00:01:31.569000,0 days 00:00:29.848000,0 days 00:00:37.981000,0 days 00:00:23.740000,Hard,2,2,,,1,True,0 days 00:48:08.184000,91.569,29.848,37.981,23.74,2888.184,2907.487,9.5,59.3,947.3,False,17.0,61,1.7,False,True,True,FORMULA 1 ARAMCO GROSSER PREIS DER EIFEL 2020,Nürburgring,Germany,,,Permanent,,,0.32596184298179515,0.41478011117299524,0.2592580458452096,3,False,Eifel Grand Prix,eifel_grand_prix,2020,2020-10-11,97.07871875000001,32,Closing,0.007000000000005002,False,False,False,True
KVY,AlphaTauri,30,0 days 00:01:32.647000,0 days 00:00:30.258000,0 days 00:00:38.595000,0 days 00:00:23.794000,Hard,13,2,,,1,True,0 days 00:48:33.298000,92.647,30.258,38.595,23.794,2913.298,2907.487,9.5,59.3,947.3,False,17.0,61,1.7,False,True,True,FORMULA 1 ARAMCO GROSSER PREIS DER EIFEL 2020,Nürburgring,Germany,,,Permanent,,,0.3265944930758686,0.41658121687696303,0.2568242900471683,3,False,Eifel Grand Prix,eifel_grand_prix,2020,2020-10-11,95.20285185185185,27,Mid,0.43300000000000693,False,False,False,True
RIC,Renault,31,0 days 00:01:32.116000,0 days 00:00:30.040000,0 days 00:00:38.302000,0 days 00:00:23.774000,Medium,15,2,,,1,True,0 days 00:48:53.053000,92.116,30.04,38.302,23.774,2933.053,2907.487,9.5,59.3,947.3,False,17.0,61,1.7,False,True,True,FORMULA 1 ARAMCO GROSSER PREIS DER EIFEL 2020,Nürburgring,Germany,,,Permanent,,,0.32611055625515656,0.4158018151026966,0.25808762864214685,3,False,Eifel Grand Prix,eifel_grand_prix,2020,2020-10-11,93.03992857142858,28,Mid,2.5319999999999965,False,False,False,True
LEC,Ferrari,31,0 days 00:01:32.819000,0 days 00:00:30.294000,0 days 00:00:38.587000,0 days 00:00:23.938000,Medium,21,2,,,1,True,0 days 00:49:06.924000,92.819,30.294,38.587,23.938,2946.924,2967.489,9.4,59.6,947.3,False,16.8,85,2.2,False,True,True,FORMULA 1 ARAMCO GROSSER PREIS DER EIFEL 2020,Nürburgring,Germany,,,Permanent,,,0.32637714261088785,0.4157230739396029,0.25789978344950926,3,False,Eifel Grand Prix,eifel_grand_prix,2020,2020-10-11,94.8714,25,Mid,2.1069999999999993,False,False,False,True
PER,Racing Point,31,0 days 00:01:31.438000,0 days 00:00:29.882000,0 days 00:00:37.920000,0 days 00:00:23.636000,Medium,3,2,,,1,True,0 days 00:49:08.417000,91.438,29.882,37.92,23.636,2948.417,2967.489,9.4,59.6,947.3,False,16.8,85,2.2,False,True,True,FORMULA 1 ARAMCO GROSSER PREIS DER EIFEL 2020,Nürburgring,Germany,,,Permanent,,,0.3268006736805267,0.4147072333165642,0.25849209300290904,3,False,Eifel Grand Prix,eifel_grand_prix,2020,2020-10-11,94.94135294117646,17,Mid,1.7379999999999995,False,False,False,True
NOR,McLaren,31,0 days 00:01:33.189000,0 days 00:00:30.652000,0 days 00:00:38.760000,0 days 00:00:23.777000,Medium,2,2,,,1,True,0 days 00:49:10.622000,93.189,30.652,38.76,23.777,2950.622,2967.489,9.4,59.6,947.3,False,16.8,85,2.2,False,True,True,FORMULA 1 ARAMCO GROSSER PREIS DER EIFEL 2020,Nürburgring,Germany,,,Permanent,,,0.3289229415488953,0.4159289186491968,0.255148139801908,3,False,Eifel Grand Prix,eifel_grand_prix,2020,2020-10-11,94.708,13,Closing,0.86099999999999,False,False,False,True
SAI,McLaren,31,0 days 00:01:31.566000,0 days 00:00:29.972000,0 days 00:00:38.038000,0 days 00:00:23.556000,Medium,3,2,,,1,True,0 days 00:49:13.626000,91.566,29.972,38.038,23.556,2953.626,2967.489,9.4,59.6,947.3,False,16.8,85,2.2,False,True,True,FORMULA 1 ARAMCO GROSSER PREIS DER EIFEL 2020,Nürburgring,Germany,,,Permanent,,,0.3273267369984492,0.4154162025205862,0.25725706048096453,3,False,Eifel Grand Prix,eifel_grand_prix,2020,2020-10-11,93.4670625,16,Mid,1.4369999999999976,False,False,False,True
GIO,Alfa Romeo Racing,31,0 days 00:01:33.137000,0 days 00:00:30.435000,0 days 00:00:38.628000,0 days 00:00:24.074000,Medium,16,2,,,1,True,0 days 00:49:22.349000,93.137,30.435,38.628,24.074,2962.349,2967.489,9.4,59.6,947.3,False,16.8,85,2.2,False,True,True,FORMULA 1 ARAMCO GROSSER PREIS DER EIFEL 2020,Nürburgring,Germany,,,Permanent,,,0.32677668380987146,0.41474387193059686,0.2584794442595317,3,False,Eifel Grand Prix,eifel_grand_prix,2020,2020-10-11,95.17671428571428,21,Mid,2.2279999999999944,False,False,False,True
HAM,Mercedes,32,0 days 00:01:31.550000,0 days 00:00:30.024000,0 days 00:00:38.052000,0 days 00:00:23.474000,Medium,16,2,,,1,True,0 days 00:49:24.096000,91.55,30.024,38.052,23.474,2964.096,2967.489,9.4,59.6,947.3,False,16.8,85,2.2,False,True,True,FORMULA 1 ARAMCO GROSSER PREIS DER EIFEL 2020,Nürburgring,Germany,,,Permanent,,,0.3279519388312398,0.41564172583287823,0.25640633533588203,3,False,Eifel Grand Prix,eifel_grand_prix,2020,2020-10-11,92.15575862068965,29,Mid,3.405000000000001,False,False,False,True
VET,Ferrari,31,0 days 00:01:34.780000,0 days 00:00:30.431000,0 days 00:00:38.626000,0 days 00:00:25.723000,Hard,20,2,,,1,True,0 days 00:49:25.322000,94.78,30.431,38.626,25.723,2965.322,2967.489,9.4,59.6,947.3,False,16.8,85,2.2,False,True,True,FORMULA 1 ARAMCO GROSSER PREIS DER EIFEL 2020,Nürburgring,Germany,,,Permanent,,,0.3210698459590631,0.407533234859675,0.27139691918126185,3,False,Eifel Grand Prix,eifel_grand_prix,2020,2020-10-11,94.79276666666667,30,Mid,4.372,False,False,False,True
RAI,Alfa Romeo Racing,31,0 days 00:01:34.778000,0 days 00:00:31.576000,0 days 00:00:38.997000,0 days 00:00:24.205000,Medium,21,2,,,1,True,0 days 00:49:26.075000,94.778,31.576,38.997,24.205,2966.075,2967.489,9.4,59.6,947.3,False,16.8,85,2.2,False,True,True,FORMULA 1 ARAMCO GROSSER PREIS DER EIFEL 2020,Nürburgring,Germany,,,Permanent,,,0.33315748380425836,0.41145624512017553,0.25538627107556605,3,False,Eifel Grand Prix,eifel_grand_prix,2020,2020-10-11,95.14329411764706,34,Mid,4.266000000000005,False,False,False,True
VER,Red Bull Racing,32,0 days 00:01:30.923000,0 days 00:00:29.602000,0 days 00:00:37.785000,0 days 00:00:23.536000,Medium,16,2,,,1,True,0 days 00:49:29.542000,90.923,29.602,37.785,23.536,2969.542,2967.489,9.4,59.6,947.3,False,16.8,85,2.2,False,True,True,FORMULA 1 ARAMCO GROSSER PREIS DER EIFEL 2020,Nürburgring,Germany,,,Permanent,,,0.32557218745531935,0.4155714175731113,0.25885639497156937,3,False,Eifel Grand Prix,eifel_grand_prix,2020,2020-10-11,92.39306896551724,29,Mid,2.784000000000006,False,False,False,True
MAG,Haas F1 Team,31,0 days 00:01:32.950000,0 days 00:00:30.361000,0 days 00:00:38.612000,0 days 00:00:23.977000,Medium,17,2,,,1,True,0 days 00:49:34.048000,92.95,30.361,38.612,23.977,2974.048,2967.489,9.4,59.6,947.3,False,16.8,85,2.2,False,True,True,FORMULA 1 ARAMCO GROSSER PREIS DER EIFEL 2020,Nürburgring,Germany,,,Permanent,,,0.3266379774072082,0.41540613232920925,0.25795589026358257,3,False,Eifel Grand Prix,eifel_grand_prix,2020,2020-10-11,95.64394999999999,20,Mid,2.4939999999999998,False,False,False,True
GAS,AlphaTauri,31,0 days 00:01:54.106000,0 days 00:00:50.984000,0 days 00:00:39.324000,0 days 00:00:23.798000,Hard,1,2,,0 days 00:48:03.869000,1,False,0 days 00:49:37.209000,114.106,50.984,39.324,23.798,2977.209,2967.489,9.4,59.6,947.3,False,16.8,85,2.2,False,True,True,FORMULA 1 ARAMCO GROSSER PREIS DER EIFEL 2020,Nürburgring,Germany,,,Permanent,,,0.446812612833681,0.3446269258408848,0.20856046132543424,3,False,Eifel Grand Prix,eifel_grand_prix,2020,2020-10-11,94.93342857142856,14,Mid,23.995999999999995,False,False,False,True
LAT,Williams,31,0 days 00:01:34.747000,0 days 00:00:31.067000,0 days 00:00:39.648000,0 days 00:00:24.032000,Medium,17,2,,,1,True,0 days 00:49:38.270000,94.747,31.067,39.648,24.032,2978.27,2967.489,9.4,59.6,947.3,False,16.8,85,2.2,False,True,True,FORMULA 1 ARAMCO GROSSER PREIS DER EIFEL 2020,Nürburgring,Germany,,,Permanent,,,0.3278942868903501,0.4184617982627419,0.25364391484690807,3,False,Eifel Grand Prix,eifel_grand_prix,2020,2020-10-11,95.8397894736842,19,Mid,3.3700000000000045,False,False,False,True
HUL,Racing Point,31,0 days 00:01:34.062000,0 days 00:00:30.349000,0 days 00:00:39.784000,0 days 00:00:23.929000,Medium,2,2,,,1,True,0 days 00:49:38.602000,94.062,30.349,39.784,23.929,2978.602,2967.489,9.4,59.6,947.3,False,16.8,85,2.2,False,True,True,FORMULA 1 ARAMCO GROSSER PREIS DER EIFEL 2020,Nürburgring,Germany,,,Permanent,,,0.32264889115689654,0.42295507218643025,0.25439603665667326,3,False,Eifel Grand Prix,eifel_grand_prix,2020,2020-10-11,94.97826666666667,15,Mid,3.3289999999999935,False,False,False,True
GRO,Haas F1 Team,31,0 days 00:01:31.837000,0 days 00:00:29.911000,0 days 00:00:38.186000,0 days 00:00:23.740000,Hard,3,2,,,1,True,0 days 00:49:40.021000,91.837,29.911,38.186,23.74,2980.021,2967.489,9.4,59.6,947.3,False,16.8,85,2.2,False,True,True,FORMULA 1 ARAMCO GROSSER PREIS DER EIFEL 2020,Nürburgring,Germany,,,Permanent,,,0.32569661465422434,0.41580190990559357,0.25850147544018204,3,False,Eifel Grand Prix,eifel_grand_prix,2020,2020-10-11,97.07871875000001,32,Closing,0.2750000000000057,False,False,False,True
KVY,AlphaTauri,31,0 days 00:01:32.431000,0 days 00:00:30.068000,0 days 00:00:38.572000,0 days 00:00:23.791000,Hard,14,2,,,1,True,0 days 00:50:05.729000,92.431,30.068,38.572,23.791,3005.729,3027.486,9.4,59.7,947.4,False,16.6,16,1.1,False,True,True,FORMULA 1 ARAMCO GROSSER PREIS DER EIFEL 2020,Nürburgring,Germany,,,Permanent,,,0.3253021172550335,0.4173058822256603,0.25739200051930633,3,False,Eifel Grand Prix,eifel_grand_prix,2020,2020-10-11,95.20285185185185,27,Mid,0.21699999999999875,False,False,False,True
RIC,Renault,32,0 days 00:01:31.852000,0 days 00:00:29.988000,0 days 00:00:38.259000,0 days 00:00:23.605000,Medium,16,2,,,1,True,0 days 00:50:24.905000,91.852,29.988,38.259,23.605,3024.905,3027.486,9.4,59.7,947.4,False,16.6,16,1.1,False,True,True,FORMULA 1 ARAMCO GROSSER PREIS DER EIFEL 2020,Nürburgring,Germany,,,Permanent,,,0.32648173148107823,0.4165287636632844,0.2569895048556373,3,False,Eifel Grand Prix,eifel_grand_prix,2020,2020-10-11,93.03992857142858,28,Mid,2.2680000000000007,False,False,False,True
LEC,Ferrari,32,0 days 00:01:32.511000,0 days 00:00:30.102000,0 days 00:00:38.464000,0 days 00:00:23.945000,Medium,22,2,,,1,True,0 days 00:50:39.435000,92.511,30.102,38.464,23.945,3039.435,3027.486,9.4,59.7,947.4,False,16.6,16,1.1,False,True,True,FORMULA 1 ARAMCO GROSSER PREIS DER EIFEL 2020,Nürburgring,Germany,,,Permanent,,,0.3253883321983332,0.4157775832063214,0.25883408459534546,3,False,Eifel Grand Prix,eifel_grand_prix,2020,2020-10-11,94.8714,25,Mid,1.7989999999999924,False,False,False,True
PER,Racing Point,32,0 days 00:01:31.606000,0 days 00:00:29.829000,0 days 00:00:38.138000,0 days 00:00:23.639000,Medium,4,2,,,1,True,0 days 00:50:40.023000,91.606,29.829,38.138,23.639,3040.023,3027.486,9.4,59.7,947.4,False,16.6,16,1.1,False,True,True,FORMULA 1 ARAMCO GROSSER PREIS DER EIFEL 2020,Nürburgring,Germany,,,Permanent,,,0.32562277580071175,0.4163264414994651,0.2580507826998232,3,False,Eifel Grand Prix,eifel_grand_prix,2020,2020-10-11,94.94135294117646,17,Mid,1.9059999999999917,False,False,False,True
NOR,McLaren,32,0 days 00:01:32.787000,0 days 00:00:30.375000,0 days 00:00:38.718000,0 days 00:00:23.694000,Medium,3,2,,,1,True,0 days 00:50:43.409000,92.787,30.375,38.718,23.694,3043.409,3027.486,9.4,59.7,947.4,False,16.6,16,1.1,False,True,True,FORMULA 1 ARAMCO GROSSER PREIS DER EIFEL 2020,Nürburgring,Germany,,,Permanent,,,0.32736266933945485,0.4172782825180252,0.2553590481425199,3,False,Eifel Grand Prix,eifel_grand_prix,2020,2020-10-11,94.708,13,Closing,0.4590000000000032,False,False,False,True
SAI,McLaren,32,0 days 00:01:31.260000,0 days 00:00:29.805000,0 days 00:00:37.902000,0 days 00:00:23.553000,Medium,4,2,,,1,True,0 days 00:50:44.886000,91.26,29.805,37.902,23.553,3044.886,3027.486,9.4,59.7,947.4,False,16.6,16,1.1,False,True,True,FORMULA 1 ARAMCO GROSSER PREIS DER EIFEL 2020,Nürburgring,Germany,,,Permanent,,,0.32659434582511504,0.415318869165023,0.25808678500986193,3,False,Eifel Grand Prix,eifel_grand_prix,2020,2020-10-11,93.4670625,16,Mid,1.1310000000000002,False,False,False,True
HAM,Mercedes,33,0 days 00:01:31.108000,0 days 00:00:29.788000,0 days 00:00:38.047000,0 days 00:00:23.273000,Medium,17,2,,,1,True,0 days 00:50:55.204000,91.108,29.788,38.047,23.273,3055.204,3027.486,9.4,59.7,947.4,False,16.6,16,1.1,False,True,True,FORMULA 1 ARAMCO GROSSER PREIS DER EIFEL 2020,Nürburgring,Germany,,,Permanent,,,0.32695262765070027,0.4176032840145761,0.2554440883347236,3,False,Eifel Grand Prix,eifel_grand_prix,2020,2020-10-11,92.15575862068965,29,Mid,2.963000000000008,False,False,False,True
GIO,Alfa Romeo Racing,32,0 days 00:01:35.105000,0 days 00:00:30.364000,0 days 00:00:40.664000,0 days 00:00:24.077000,Medium,17,2,,,1,True,0 days 00:50:57.454000,95.105,30.364,40.664,24.077,3057.454,3027.486,9.4,59.7,947.4,False,16.6,16,1.1,False,True,True,FORMULA 1 ARAMCO GROSSER PREIS DER EIFEL 2020,Nürburgring,Germany,,,Permanent,,,0.31926817727774565,0.4275695284159613,0.25316229430629306,3,False,Eifel Grand Prix,eifel_grand_prix,2020,2020-10-11,95.17671428571428,21,Mid,4.195999999999998,False,False,False,True
VET,Ferrari,32,0 days 00:01:33.107000,0 days 00:00:30.324000,0 days 00:00:38.793000,0 days 00:00:23.990000,Hard,21,2,,,1,True,0 days 00:50:58.429000,93.107,30.324,38.793,23.99,3058.429,3087.488,9.6,59.5,947.3,False,16.4,73,1.5,False,True,True,FORMULA 1 ARAMCO GROSSER PREIS DER EIFEL 2020,Nürburgring,Germany,,,Permanent,,,0.32568979775956697,0.4166496611425564,0.2576605410978766,3,False,Eifel Grand Prix,eifel_grand_prix,2020,2020-10-11,94.79276666666667,30,Mid,2.698999999999998,False,False,False,True
RAI,Alfa Romeo Racing,32,0 days 00:01:33.119000,0 days 00:00:30.396000,0 days 00:00:38.951000,0 days 00:00:23.772000,Medium,22,2,,,1,True,0 days 00:50:59.194000,93.119,30.396,38.951,23.772,3059.194,3087.488,9.6,59.5,947.3,False,16.4,73,1.5,False,True,True,FORMULA 1 ARAMCO GROSSER PREIS DER EIFEL 2020,Nürburgring,Germany,,,Permanent,,,0.3264210311536851,0.41829272221565955,0.25528624663065536,3,False,Eifel Grand Prix,eifel_grand_prix,2020,2020-10-11,95.14329411764706,34,Mid,2.6069999999999993,False,False,False,True
VER,Red Bull Racing,33,0 days 00:01:31.096000,0 days 00:00:29.582000,0 days 00:00:37.845000,0 days 00:00:23.669000,Medium,17,2,,,1,True,0 days 00:51:00.638000,91.096,29.582,37.845,23.669,3060.638,3087.488,9.6,59.5,947.3,False,16.4,73,1.5,False,True,True,FORMULA 1 ARAMCO GROSSER PREIS DER EIFEL 2020,Nürburgring,Germany,,,Permanent,,,0.3247343461842452,0.4154408536049881,0.25982480021076665,3,False,Eifel Grand Prix,eifel_grand_prix,2020,2020-10-11,92.39306896551724,29,Mid,2.957000000000008,False,False,False,True
MAG,Haas F1 Team,32,0 days 00:01:32.864000,0 days 00:00:30.209000,0 days 00:00:38.539000,0 days 00:00:24.116000,Medium,18,2,,,1,True,0 days 00:51:06.912000,92.864,30.209,38.539,24.116,3066.912,3087.488,9.6,59.5,947.3,False,16.4,73,1.5,False,True,True,FORMULA 1 ARAMCO GROSSER PREIS DER EIFEL 2020,Nürburgring,Germany,,,Permanent,,,0.3253036698828394,0.4150047381116471,0.25969159200551345,3,False,Eifel Grand Prix,eifel_grand_prix,2020,2020-10-11,95.64394999999999,20,Mid,2.4080000000000013,False,False,False,True
GAS,AlphaTauri,32,0 days 00:01:31.732000,0 days 00:00:30.108000,0 days 00:00:38.106000,0 days 00:00:23.518000,Hard,2,2,,,1,True,0 days 00:51:08.941000,91.732,30.108,38.106,23.518,3068.941,3087.488,9.6,59.5,947.3,False,16.4,73,1.5,False,True,True,FORMULA 1 ARAMCO GROSSER PREIS DER EIFEL 2020,Nürburgring,Germany,,,Permanent,,,0.32821697989796367,0.4154057471765578,0.25637727292547857,3,False,Eifel Grand Prix,eifel_grand_prix,2020,2020-10-11,94.93342857142856,14,Mid,1.6219999999999999,False,False,False,True
HUL,Racing Point,32,0 days 00:01:31.193000,0 days 00:00:29.702000,0 days 00:00:38.087000,0 days 00:00:23.404000,Medium,3,2,,,1,True,0 days 00:51:09.795000,91.193,29.702,38.087,23.404,3069.795,3087.488,9.6,59.5,947.3,False,16.4,73,1.5,False,True,True,FORMULA 1 ARAMCO GROSSER PREIS DER EIFEL 2020,Nürburgring,Germany,,,Permanent,,,0.3257048238351628,0.4176526707093747,0.2566425054554626,3,False,Eifel Grand Prix,eifel_grand_prix,2020,2020-10-11,94.97826666666667,15,Mid,0.45999999999999375,False,False,False,True
LAT,Williams,32,0 days 00:01:34.049000,0 days 00:00:30.882000,0 days 00:00:38.972000,0 days 00:00:24.195000,Medium,18,2,,,1,True,0 days 00:51:12.319000,94.049,30.882,38.972,24.195,3072.319,3087.488,9.6,59.5,947.3,False,16.4,73,1.5,False,True,True,FORMULA 1 ARAMCO GROSSER PREIS DER EIFEL 2020,Nürburgring,Germany,,,Permanent,,,0.3283607481206605,0.4143797382215653,0.2572595136577741,3,False,Eifel Grand Prix,eifel_grand_prix,2020,2020-10-11,95.8397894736842,19,Mid,2.6720000000000113,False,False,False,True
GRO,Haas F1 Team,32,0 days 00:01:32.694000,0 days 00:00:30.026000,0 days 00:00:38.731000,0 days 00:00:23.937000,Hard,4,2,,,1,True,0 days 00:51:12.715000,92.694,30.026,38.731,23.937,3072.715,3087.488,9.6,59.5,947.3,False,16.4,73,1.5,False,True,True,FORMULA 1 ARAMCO GROSSER PREIS DER EIFEL 2020,Nürburgring,Germany,,,Permanent,,,0.3239260362051481,0.4178371847152998,0.25823677907955206,3,False,Eifel Grand Prix,eifel_grand_prix,2020,2020-10-11,97.07871875000001,32,Closing,1.132000000000005,False,False,False,True
KVY,AlphaTauri,32,0 days 00:01:32.420000,0 days 00:00:30.045000,0 days 00:00:38.492000,0 days 00:00:23.883000,Hard,15,2,,,1,True,0 days 00:51:38.149000,92.42,30.045,38.492,23.883,3098.149,3087.488,9.6,59.5,947.3,False,16.4,73,1.5,False,True,True,FORMULA 1 ARAMCO GROSSER PREIS DER EIFEL 2020,Nürburgring,Germany,,,Permanent,,,0.3250919714347544,0.41648993724302097,0.2584180913222246,3,False,Eifel Grand Prix,eifel_grand_prix,2020,2020-10-11,95.20285185185185,27,Mid,0.20600000000000307,False,False,False,True
RIC,Renault,33,0 days 00:01:31.806000,0 days 00:00:29.862000,0 days 00:00:38.182000,0 days 00:00:23.762000,Medium,17,2,,,1,True,0 days 00:51:56.711000,91.806,29.862,38.182,23.762,3116.711,3087.488,9.6,59.5,947.3,False,16.4,73,1.5,False,True,True,FORMULA 1 ARAMCO GROSSER PREIS DER EIFEL 2020,Nürburgring,Germany,,,Permanent,,,0.3252728579831384,0.4158987430015468,0.2588283990153149,3,False,Eifel Grand Prix,eifel_grand_prix,2020,2020-10-11,93.03992857142858,28,Mid,2.221999999999994,False,False,False,True
PER,Racing Point,33,0 days 00:01:33.307000,0 days 00:00:30.376000,0 days 00:00:38.763000,0 days 00:00:24.168000,Medium,5,2,,,1,True,0 days 00:52:13.330000,93.307,30.376,38.763,24.168,3133.33,3147.487,9.6,58.6,947.3,False,16.4,172,1.6,False,True,True,FORMULA 1 ARAMCO GROSSER PREIS DER EIFEL 2020,Nürburgring,Germany,,,Permanent,,,0.32554899418050093,0.415435069180233,0.2590159366392661,3,False,Eifel Grand Prix,eifel_grand_prix,2020,2020-10-11,94.94135294117646,17,Mid,3.6069999999999993,False,False,False,True
LEC,Ferrari,33,0 days 00:01:34.189000,0 days 00:00:30.588000,0 days 00:00:38.480000,0 days 00:00:25.121000,Medium,23,2,,,1,True,0 days 00:52:13.624000,94.189,30.588,38.48,25.121,3133.624,3147.487,9.6,58.6,947.3,False,16.4,172,1.6,False,True,True,FORMULA 1 ARAMCO GROSSER PREIS DER EIFEL 2020,Nürburgring,Germany,,,Permanent,,,0.3247512979222627,0.4085402754037096,0.2667084266740278,3,False,Eifel Grand Prix,eifel_grand_prix,2020,2020-10-11,94.8714,25,Mid,3.4769999999999897,False,False,False,True
SAI,McLaren,33,0 days 00:01:31.544000,0 days 00:00:29.943000,0 days 00:00:38.011000,0 days 00:00:23.590000,Medium,5,2,,,1,True,0 days 00:52:16.430000,91.544,29.943,38.011,23.59,3136.43,3147.487,9.6,58.6,947.3,False,16.4,172,1.6,False,True,True,FORMULA 1 ARAMCO GROSSER PREIS DER EIFEL 2020,Nürburgring,Germany,,,Permanent,,,0.3270886131259285,0.4152210958664686,0.25769029100760293,3,False,Eifel Grand Prix,eifel_grand_prix,2020,2020-10-11,93.4670625,16,Mid,1.414999999999992,False,False,False,True
NOR,McLaren,33,0 days 00:01:34.324000,0 days 00:00:30.215000,0 days 00:00:40.288000,0 days 00:00:23.821000,Medium,4,2,,,1,True,0 days 00:52:17.733000,94.324,30.215,40.288,23.821,3137.733,3147.487,9.6,58.6,947.3,False,16.4,172,1.6,False,True,True,FORMULA 1 ARAMCO GROSSER PREIS DER EIFEL 2020,Nürburgring,Germany,,,Permanent,,,0.32033204698698103,0.42712353165684236,0.2525444213561766,3,False,Eifel Grand Prix,eifel_grand_prix,2020,2020-10-11,94.708,13,Closing,1.9959999999999951,False,False,False,True
HAM,Mercedes,34,0 days 00:01:30.704000,0 days 00:00:29.632000,0 days 00:00:37.766000,0 days 00:00:23.306000,Medium,18,2,,,1,True,0 days 00:52:25.908000,90.704,29.632,37.766,23.306,3145.908,3147.487,9.6,58.6,947.3,False,16.4,172,1.6,False,True,True,FORMULA 1 ARAMCO GROSSER PREIS DER EIFEL 2020,Nürburgring,Germany,,,Permanent,,,0.32668901040747933,0.4163653201622861,0.2569456694302346,3,False,Eifel Grand Prix,eifel_grand_prix,2020,2020-10-11,92.15575862068965,29,Mid,2.5589999999999975,False,False,False,True
GIO,Alfa Romeo Racing,33,0 days 00:01:33.545000,0 days 00:00:30.478000,0 days 00:00:38.846000,0 days 00:00:24.221000,Medium,18,2,,,1,True,0 days 00:52:30.999000,93.545,30.478,38.846,24.221,3150.999,3147.487,9.6,58.6,947.3,False,16.4,172,1.6,False,True,True,FORMULA 1 ARAMCO GROSSER PREIS DER EIFEL 2020,Nürburgring,Germany,,,Permanent,,,0.3258111069538725,0.4152653802982521,0.25892351274787534,3,False,Eifel Grand Prix,eifel_grand_prix,2020,2020-10-11,95.17671428571428,21,Mid,2.6359999999999957,False,False,False,True
VER,Red Bull Racing,34,0 days 00:01:31.836000,0 days 00:00:29.908000,0 days 00:00:38.320000,0 days 00:00:23.608000,Medium,18,2,,,1,True,0 days 00:52:32.474000,91.836,29.908,38.32,23.608,3152.474,3147.487,9.6,58.6,947.3,False,16.4,172,1.6,False,True,True,FORMULA 1 ARAMCO GROSSER PREIS DER EIFEL 2020,Nürburgring,Germany,,,Permanent,,,0.3256674942288427,0.41726556034670503,0.2570669454244523,3,False,Eifel Grand Prix,eifel_grand_prix,2020,2020-10-11,92.39306896551724,29,Mid,3.6970000000000027,False,False,False,True
VET,Ferrari,33,0 days 00:01:35.019000,0 days 00:00:30.548000,0 days 00:00:39.042000,0 days 00:00:25.429000,Hard,22,2,,,1,True,0 days 00:52:33.448000,95.019,30.548,39.042,25.429,3153.448,3147.487,9.6,58.6,947.3,False,16.4,172,1.6,False,True,True,FORMULA 1 ARAMCO GROSSER PREIS DER EIFEL 2020,Nürburgring,Germany,,,Permanent,,,0.32149359601763855,0.4108862438038708,0.2676201601784906,3,False,Eifel Grand Prix,eifel_grand_prix,2020,2020-10-11,94.79276666666667,30,Mid,4.611000000000004,False,False,False,True
RAI,Alfa Romeo Racing,33,0 days 00:01:34.697000,0 days 00:00:31.551000,0 days 00:00:39.100000,0 days 00:00:24.046000,Medium,23,2,,,1,True,0 days 00:52:33.891000,94.697,31.551,39.1,24.046,3153.891,3147.487,9.6,58.6,947.3,False,16.4,172,1.6,False,True,True,FORMULA 1 ARAMCO GROSSER PREIS DER EIFEL 2020,Nürburgring,Germany,,,Permanent,,,0.33317845338289487,0.4128958678733223,0.2539256787437828,3,False,Eifel Grand Prix,eifel_grand_prix,2020,2020-10-11,95.14329411764706,34,Mid,4.185000000000002,False,False,False,True
MAG,Haas F1 Team,33,0 days 00:01:33.166000,0 days 00:00:30.283000,0 days 00:00:38.626000,0 days 00:00:24.257000,Medium,19,2,,,1,True,0 days 00:52:40.078000,93.166,30.283,38.626,24.257,3160.078,3147.487,9.6,58.6,947.3,False,16.4,172,1.6,False,True,True,FORMULA 1 ARAMCO GROSSER PREIS DER EIFEL 2020,Nürburgring,Germany,,,Permanent,,,0.32504347079406654,0.4145933065710667,0.26036322263486683,3,False,Eifel Grand Prix,eifel_grand_prix,2020,2020-10-11,95.64394999999999,20,Mid,2.7099999999999937,False,False,False,True
GAS,AlphaTauri,33,0 days 00:01:31.253000,0 days 00:00:29.758000,0 days 00:00:38.039000,0 days 00:00:23.456000,Hard,3,2,,,1,True,0 days 00:52:40.194000,91.253,29.758,38.039,23.456,3160.194,3147.487,9.6,58.6,947.3,False,16.4,172,1.6,False,True,True,FORMULA 1 ARAMCO GROSSER PREIS DER EIFEL 2020,Nürburgring,Germany,,,Permanent,,,0.32610434725433685,0.4168520486997688,0.2570436040458944,3,False,Eifel Grand Prix,eifel_grand_prix,2020,2020-10-11,94.93342857142856,14,Mid,1.1430000000000007,False,False,False,True
HUL,Racing Point,33,0 days 00:01:32.277000,0 days 00:00:29.864000,0 days 00:00:38.689000,0 days 00:00:23.724000,Medium,4,2,,,1,True,0 days 00:52:42.072000,92.277,29.864,38.689,23.724,3162.072,3147.487,9.6,58.6,947.3,False,16.4,172,1.6,False,True,True,FORMULA 1 ARAMCO GROSSER PREIS DER EIFEL 2020,Nürburgring,Germany,,,Permanent,,,0.32363427506312514,0.4192702406883622,0.25709548424851264,3,False,Eifel Grand Prix,eifel_grand_prix,2020,2020-10-11,94.97826666666667,15,Mid,1.543999999999997,False,False,False,True
GRO,Haas F1 Team,33,0 days 00:01:32.028000,0 days 00:00:30.059000,0 days 00:00:38.146000,0 days 00:00:23.823000,Hard,5,2,,,1,True,0 days 00:52:44.743000,92.028,30.059,38.146,23.823,3164.743,3147.487,9.6,58.6,947.3,False,16.4,172,1.6,False,True,True,FORMULA 1 ARAMCO GROSSER PREIS DER EIFEL 2020,Nürburgring,Germany,,,Permanent,,,0.3266288520884948,0.41450428130568956,0.2588668666058156,3,False,Eifel Grand Prix,eifel_grand_prix,2020,2020-10-11,97.07871875000001,32,Closing,0.4660000000000082,False,False,False,True
LAT,Williams,33,0 days 00:01:37.380000,0 days 00:00:31.344000,0 days 00:00:39.211000,0 days 00:00:26.825000,Medium,19,2,0 days 00:52:47.925000,,1,False,0 days 00:52:49.699000,97.38,31.344,39.211,26.825,3169.699,3147.487,9.6,58.6,947.3,False,16.4,172,1.6,False,True,True,FORMULA 1 ARAMCO GROSSER PREIS DER EIFEL 2020,Nürburgring,Germany,,,Permanent,33.0,,0.3218730745532964,0.40265968371328814,0.27546724173341547,3,False,Eifel Grand Prix,eifel_grand_prix,2020,2020-10-11,95.8397894736842,19,Mid,6.003,False,False,False,True
KVY,AlphaTauri,33,0 days 00:01:32.509000,0 days 00:00:30.150000,0 days 00:00:38.525000,0 days 00:00:23.834000,Hard,16,2,,,1,True,0 days 00:53:10.658000,92.509,30.15,38.525,23.834,3190.658,3207.492,9.6,58.1,947.4,False,16.6,17,1.5,False,True,True,FORMULA 1 ARAMCO GROSSER PREIS DER EIFEL 2020,Nürburgring,Germany,,,Permanent,,,0.32591423537169356,0.4164459674193862,0.2576397972089202,3,False,Eifel Grand Prix,eifel_grand_prix,2020,2020-10-11,95.20285185185185,27,Mid,0.2950000000000017,False,False,False,True
RIC,Renault,34,0 days 00:01:31.972000,0 days 00:00:30.020000,0 days 00:00:38.186000,0 days 00:00:23.766000,Medium,18,2,,,1,True,0 days 00:53:28.683000,91.972,30.02,38.186,23.766,3208.683,3207.492,9.6,58.1,947.4,False,16.6,17,1.5,False,True,True,FORMULA 1 ARAMCO GROSSER PREIS DER EIFEL 2020,Nürburgring,Germany,,,Permanent,,,0.32640368807898057,0.415191580046101,0.25840473187491847,3,False,Eifel Grand Prix,eifel_grand_prix,2020,2020-10-11,93.03992857142858,28,Mid,2.387999999999991,False,False,False,True
PER,Racing Point,34,0 days 00:01:32.923000,0 days 00:00:30.861000,0 days 00:00:38.664000,0 days 00:00:23.398000,Medium,6,2,,,1,True,0 days 00:53:46.253000,92.923,30.861,38.664,23.398,3226.253,3207.492,9.6,58.1,947.4,False,16.6,17,1.5,False,True,True,FORMULA 1 ARAMCO GROSSER PREIS DER EIFEL 2020,Nürburgring,Germany,,,Permanent,,,0.3321136855245741,0.41608643715764665,0.25179987731777925,3,False,Eifel Grand Prix,eifel_grand_prix,2020,2020-10-11,94.94135294117646,17,Mid,3.222999999999999,False,False,False,True
LEC,Ferrari,34,0 days 00:01:33.464000,0 days 00:00:30.137000,0 days 00:00:38.464000,0 days 00:00:24.863000,Medium,24,2,,,1,True,0 days 00:53:47.088000,93.464,30.137,38.464,24.863,3227.088,3207.492,9.6,58.1,947.4,False,16.6,17,1.5,False,True,True,FORMULA 1 ARAMCO GROSSER PREIS DER EIFEL 2020,Nürburgring,Germany,,,Permanent,,,0.3224450055636395,0.4115381323290251,0.26601686210733544,3,False,Eifel Grand Prix,eifel_grand_prix,2020,2020-10-11,94.8714,25,Mid,2.7519999999999953,False,False,False,True
SAI,McLaren,34,0 days 00:01:31.951000,0 days 00:00:30.085000,0 days 00:00:38.047000,0 days 00:00:23.819000,Medium,6,2,,,1,True,0 days 00:53:48.381000,91.951,30.085,38.047,23.819,3228.381,3207.492,9.6,58.1,947.4,False,16.6,17,1.5,False,True,True,FORMULA 1 ARAMCO GROSSER PREIS DER EIFEL 2020,Nürburgring,Germany,,,Permanent,,,0.3271851312111886,0.41377472784417785,0.25904014094463357,3,False,Eifel Grand Prix,eifel_grand_prix,2020,2020-10-11,93.4670625,16,Mid,1.8219999999999885,False,False,False,True
NOR,McLaren,34,0 days 00:01:32.877000,0 days 00:00:30.303000,0 days 00:00:38.867000,0 days 00:00:23.707000,Medium,5,2,,,1,True,0 days 00:53:50.610000,92.877,30.303,38.867,23.707,3230.61,3207.492,9.6,58.1,947.4,False,16.6,17,1.5,False,True,True,FORMULA 1 ARAMCO GROSSER PREIS DER EIFEL 2020,Nürburgring,Germany,,,Permanent,,,0.32627022836654934,0.4184782023536505,0.2552515692798002,3,False,Eifel Grand Prix,eifel_grand_prix,2020,2020-10-11,94.708,13,Closing,0.5489999999999924,False,False,False,True
HAM,Mercedes,35,0 days 00:01:30.701000,0 days 00:00:29.560000,0 days 00:00:37.869000,0 days 00:00:23.272000,Medium,19,2,,,1,True,0 days 00:53:56.609000,90.701,29.56,37.869,23.272,3236.609,3207.492,9.6,58.1,947.4,False,16.6,17,1.5,False,True,True,FORMULA 1 ARAMCO GROSSER PREIS DER EIFEL 2020,Nürburgring,Germany,,,Permanent,,,0.32590599883132493,0.417514691127992,0.25657931004068313,3,False,Eifel Grand Prix,eifel_grand_prix,2020,2020-10-11,92.15575862068965,29,Mid,2.5559999999999974,False,False,False,True
VER,Red Bull Racing,35,0 days 00:01:32.035000,0 days 00:00:30.184000,0 days 00:00:38.103000,0 days 00:00:23.748000,Medium,19,2,,,1,True,0 days 00:54:04.509000,92.035,30.184,38.103,23.748,3244.509,3267.489,9.7,57.9,947.3,False,16.4,45,1.4,False,True,True,FORMULA 1 ARAMCO GROSSER PREIS DER EIFEL 2020,Nürburgring,Germany,,,Permanent,,,0.32796218829793017,0.41400554137013096,0.258032270331939,3,False,Eifel Grand Prix,eifel_grand_prix,2020,2020-10-11,92.39306896551724,29,Mid,3.896000000000001,False,False,False,True
GIO,Alfa Romeo Racing,34,0 days 00:01:35.648000,0 days 00:00:31.437000,0 days 00:00:39.967000,0 days 00:00:24.244000,Medium,19,2,,,1,True,0 days 00:54:06.647000,95.648,31.437,39.967,24.244,3246.647,3267.489,9.7,57.9,947.3,False,16.4,45,1.4,False,True,True,FORMULA 1 ARAMCO GROSSER PREIS DER EIFEL 2020,Nürburgring,Germany,,,Permanent,,,0.32867388758782207,0.4178550518568083,0.2534710605553697,3,False,Eifel Grand Prix,eifel_grand_prix,2020,2020-10-11,95.17671428571428,21,Mid,4.73899999999999,False,False,False,True
VET,Ferrari,34,0 days 00:01:34.013000,0 days 00:00:30.388000,0 days 00:00:39.409000,0 days 00:00:24.216000,Hard,23,2,,,1,True,0 days 00:54:07.461000,94.013,30.388,39.409,24.216,3247.461,3267.489,9.7,57.9,947.3,False,16.4,45,1.4,False,True,True,FORMULA 1 ARAMCO GROSSER PREIS DER EIFEL 2020,Nürburgring,Germany,,,Permanent,,,0.3232318934615426,0.4191867082212034,0.257581398317254,3,False,Eifel Grand Prix,eifel_grand_prix,2020,2020-10-11,94.79276666666667,30,Mid,3.605000000000004,False,False,False,True
RAI,Alfa Romeo Racing,34,0 days 00:01:33.948000,0 days 00:00:30.581000,0 days 00:00:39.399000,0 days 00:00:23.968000,Medium,24,2,,,1,True,0 days 00:54:07.839000,93.948,30.581,39.399,23.968,3247.839,3267.489,9.7,57.9,947.3,False,16.4,45,1.4,False,True,True,FORMULA 1 ARAMCO GROSSER PREIS DER EIFEL 2020,Nürburgring,Germany,,,Permanent,,,0.32550985651637077,0.41937028994763065,0.25511985353599864,3,False,Eifel Grand Prix,eifel_grand_prix,2020,2020-10-11,95.14329411764706,34,Mid,3.435999999999993,False,False,False,True
GAS,AlphaTauri,34,0 days 00:01:31.838000,0 days 00:00:29.910000,0 days 00:00:38.277000,0 days 00:00:23.651000,Hard,4,2,,,1,True,0 days 00:54:12.032000,91.838,29.91,38.277,23.651,3252.032,3267.489,9.7,57.9,947.3,False,16.4,45,1.4,False,True,True,FORMULA 1 ARAMCO GROSSER PREIS DER EIFEL 2020,Nürburgring,Germany,,,Permanent,,,0.32568217948997147,0.41678825758400667,0.2575295629260219,3,False,Eifel Grand Prix,eifel_grand_prix,2020,2020-10-11,94.93342857142856,14,Mid,1.7279999999999944,False,False,False,True
HUL,Racing Point,34,0 days 00:01:31.829000,0 days 00:00:30.391000,0 days 00:00:38.337000,0 days 00:00:23.101000,Medium,5,2,,,1,True,0 days 00:54:13.901000,91.829,30.391,38.337,23.101,3253.901,3267.489,9.7,57.9,947.3,False,16.4,45,1.4,False,True,True,FORMULA 1 ARAMCO GROSSER PREIS DER EIFEL 2020,Nürburgring,Germany,,,Permanent,,,0.3309520957431748,0.41748249463677056,0.2515654096200547,3,False,Eifel Grand Prix,eifel_grand_prix,2020,2020-10-11,94.97826666666667,15,Mid,1.0959999999999894,False,False,False,True
GRO,Haas F1 Team,34,0 days 00:01:31.998000,0 days 00:00:30.043000,0 days 00:00:38.221000,0 days 00:00:23.734000,Hard,6,2,,,1,True,0 days 00:54:16.741000,91.998,30.043,38.221,23.734,3256.741,3267.489,9.7,57.9,947.3,False,16.4,45,1.4,False,True,True,FORMULA 1 ARAMCO GROSSER PREIS DER EIFEL 2020,Nürburgring,Germany,,,Permanent,,,0.32656144698797795,0.4154546837974738,0.25798386921454813,3,False,Eifel Grand Prix,eifel_grand_prix,2020,2020-10-11,97.07871875000001,32,Closing,0.43600000000000705,False,False,False,True
MAG,Haas F1 Team,34,0 days 00:01:38.154000,0 days 00:00:31.141000,0 days 00:00:39.114000,0 days 00:00:27.899000,Medium,20,2,0 days 00:54:16.679000,,1,False,0 days 00:54:18.232000,98.154,31.141,39.114,27.899,3258.232,3267.489,9.7,57.9,947.3,False,16.4,45,1.4,False,True,True,FORMULA 1 ARAMCO GROSSER PREIS DER EIFEL 2020,Nürburgring,Germany,,,Permanent,34.0,,0.3172667440960124,0.39849624060150374,0.28423701530248385,3,False,Eifel Grand Prix,eifel_grand_prix,2020,2020-10-11,95.64394999999999,20,Mid,7.697999999999993,False,False,False,True
LAT,Williams,34,0 days 00:01:52.187000,0 days 00:00:50.649000,0 days 00:00:37.891000,0 days 00:00:23.647000,Medium,1,3,,0 days 00:53:11.898000,1,False,0 days 00:54:41.886000,112.187,50.649,37.891,23.647,3281.886,3267.489,9.7,57.9,947.3,False,16.4,45,1.4,False,True,True,FORMULA 1 ARAMCO GROSSER PREIS DER EIFEL 2020,Nürburgring,Germany,,,Permanent,,,0.4514694215907369,0.3377485804950663,0.21078199791419683,3,False,Eifel Grand Prix,eifel_grand_prix,2020,2020-10-11,97.57966666666665,27,Closing,20.810000000000002,False,False,False,True
KVY,AlphaTauri,34,0 days 00:01:33.601000,0 days 00:00:30.600000,0 days 00:00:38.933000,0 days 00:00:24.068000,Hard,17,2,,,1,True,0 days 00:54:44.259000,93.601,30.6,38.933,24.068,3284.259,3267.489,9.7,57.9,947.3,False,16.4,45,1.4,False,True,True,FORMULA 1 ARAMCO GROSSER PREIS DER EIFEL 2020,Nürburgring,Germany,,,Permanent,,,0.3269195841924766,0.4159464108289441,0.2571340049785793,3,False,Eifel Grand Prix,eifel_grand_prix,2020,2020-10-11,95.20285185185185,27,Mid,1.3870000000000005,False,False,False,True
RIC,Renault,35,0 days 00:01:33.069000,0 days 00:00:31.017000,0 days 00:00:38.317000,0 days 00:00:23.735000,Medium,19,2,,,1,True,0 days 00:55:01.752000,93.069,31.017,38.317,23.735,3301.752,3327.491,9.6,57.7,947.2,False,16.4,60,3.1,False,True,True,FORMULA 1 ARAMCO GROSSER PREIS DER EIFEL 2020,Nürburgring,Germany,,,Permanent,,,0.3332688650356187,0.411705293921714,0.25502584104266723,3,False,Eifel Grand Prix,eifel_grand_prix,2020,2020-10-11,93.03992857142858,28,Mid,3.4849999999999994,False,False,False,True
PER,Racing Point,35,0 days 00:01:31.264000,0 days 00:00:29.688000,0 days 00:00:37.877000,0 days 00:00:23.699000,Medium,7,2,,,1,True,0 days 00:55:17.517000,91.264,29.688,37.877,23.699,3317.517,3327.491,9.6,57.7,947.2,False,16.4,60,3.1,False,True,True,FORMULA 1 ARAMCO GROSSER PREIS DER EIFEL 2020,Nürburgring,Germany,,,Permanent,,,0.32529803646563815,0.41502673562412346,0.25967522791023845,3,False,Eifel Grand Prix,eifel_grand_prix,2020,2020-10-11,94.94135294117646,17,Mid,1.563999999999993,False,False,False,True
SAI,McLaren,35,0 days 00:01:32.095000,0 days 00:00:30.126000,0 days 00:00:38.403000,0 days 00:00:23.566000,Medium,7,2,,,1,True,0 days 00:55:20.476000,92.095,30.126,38.403,23.566,3320.476,3327.491,9.6,57.7,947.2,False,16.4,60,3.1,False,True,True,FORMULA 1 ARAMCO GROSSER PREIS DER EIFEL 2020,Nürburgring,Germany,,,Permanent,,,0.3271187360877355,0.41699332211303547,0.255887941799229,3,False,Eifel Grand Prix,eifel_grand_prix,2020,2020-10-11,93.4670625,16,Mid,1.965999999999994,False,False,False,True
LEC,Ferrari,35,0 days 00:01:35.955000,0 days 00:00:30.361000,0 days 00:00:38.707000,0 days 00:00:26.887000,Medium,25,2,0 days 00:55:21.228000,,1,False,0 days 00:55:23.043000,95.955,30.361,38.707,26.887,3323.043,3327.491,9.6,57.7,947.2,False,16.4,60,3.1,False,True,True,FORMULA 1 ARAMCO GROSSER PREIS DER EIFEL 2020,Nürburgring,Germany,,,Permanent,35.0,,0.3164087332603825,0.403387004324944,0.28020426241467355,3,False,Eifel Grand Prix,eifel_grand_prix,2020,2020-10-11,94.8714,25,Mid,5.242999999999995,False,False,False,True
NOR,McLaren,35,0 days 00:01:32.556000,0 days 00:00:30.240000,0 days 00:00:38.586000,0 days 00:00:23.730000,Medium,6,2,,,1,True,0 days 00:55:23.166000,92.556,30.24,38.586,23.73,3323.166,3327.491,9.6,57.7,947.2,False,16.4,60,3.1,False,True,True,FORMULA 1 ARAMCO GROSSER PREIS DER EIFEL 2020,Nürburgring,Germany,,,Permanent,,,0.3267211201866978,0.416893556333463,0.2563853234798392,3,False,Eifel Grand Prix,eifel_grand_prix,2020,2020-10-11,94.708,13,Closing,0.22799999999999443,False,False,False,True
HAM,Mercedes,36,0 days 00:01:30.841000,0 days 00:00:29.628000,0 days 00:00:37.887000,0 days 00:00:23.326000,Medium,20,2,,,1,True,0 days 00:55:27.450000,90.841,29.628,37.887,23.326,3327.45,3327.491,9.6,57.7,947.2,False,16.4,60,3.1,False,True,True,FORMULA 1 ARAMCO GROSSER PREIS DER EIFEL 2020,Nürburgring,Germany,,,Permanent,,,0.3261522880637598,0.4170693849693421,0.25677832696689823,3,False,Eifel Grand Prix,eifel_grand_prix,2020,2020-10-11,92.15575862068965,29,Mid,2.695999999999998,False,False,False,True
VER,Red Bull Racing,36,0 days 00:01:31.172000,0 days 00:00:29.599000,0 days 00:00:37.919000,0 days 00:00:23.654000,Medium,20,2,,,1,True,0 days 00:55:35.681000,91.172,29.599,37.919,23.654,3335.681,3327.491,9.6,57.7,947.2,False,16.4,60,3.1,False,True,True,FORMULA 1 ARAMCO GROSSER PREIS DER EIFEL 2020,Nürburgring,Germany,,,Permanent,,,0.3246501118764533,0.4159061992717062,0.2594436888518405,3,False,Eifel Grand Prix,eifel_grand_prix,2020,2020-10-11,92.39306896551724,29,Mid,3.0330000000000013,False,False,False,True
GIO,Alfa Romeo Racing,35,0 days 00:01:33.277000,0 days 00:00:30.492000,0 days 00:00:38.679000,0 days 00:00:24.106000,Medium,20,2,,,1,True,0 days 00:55:39.924000,93.277,30.492,38.679,24.106,3339.924,3327.491,9.6,57.7,947.2,False,16.4,60,3.1,False,True,True,FORMULA 1 ARAMCO GROSSER PREIS DER EIFEL 2020,Nürburgring,Germany,,,Permanent,,,0.3268973058739025,0.4146681389838867,0.25843455514221086,3,False,Eifel Grand Prix,eifel_grand_prix,2020,2020-10-11,95.17671428571428,21,Mid,2.367999999999995,False,False,False,True
VET,Ferrari,35,0 days 00:01:33.346000,0 days 00:00:30.479000,0 days 00:00:38.932000,0 days 00:00:23.935000,Hard,24,2,,,1,True,0 days 00:55:40.807000,93.346,30.479,38.932,23.935,3340.807,3327.491,9.6,57.7,947.2,False,16.4,60,3.1,False,True,True,FORMULA 1 ARAMCO GROSSER PREIS DER EIFEL 2020,Nürburgring,Germany,,,Permanent,,,0.32651640134553167,0.4170719688042337,0.2564116298502346,3,False,Eifel Grand Prix,eifel_grand_prix,2020,2020-10-11,94.79276666666667,30,Mid,2.9380000000000024,False,False,False,True
RAI,Alfa Romeo Racing,35,0 days 00:01:33.886000,0 days 00:00:30.878000,0 days 00:00:39.045000,0 days 00:00:23.963000,Medium,25,2,,,1,True,0 days 00:55:41.725000,93.886,30.878,39.045,23.963,3341.725,3327.491,9.6,57.7,947.2,False,16.4,60,3.1,False,True,True,FORMULA 1 ARAMCO GROSSER PREIS DER EIFEL 2020,Nürburgring,Germany,,,Permanent,,,0.32888822614660335,0.4158767015316448,0.2552350723217519,3,False,Eifel Grand Prix,eifel_grand_prix,2020,2020-10-11,95.14329411764706,34,Mid,3.3739999999999952,False,False,False,True
GAS,AlphaTauri,35,0 days 00:01:31.456000,0 days 00:00:29.747000,0 days 00:00:38.104000,0 days 00:00:23.605000,Hard,5,2,,,1,True,0 days 00:55:43.488000,91.456,29.747,38.104,23.605,3343.488,3327.491,9.6,57.7,947.2,False,16.4,60,3.1,False,True,True,FORMULA 1 ARAMCO GROSSER PREIS DER EIFEL 2020,Nürburgring,Germany,,,Permanent,,,0.3252602344296711,0.41663750874737576,0.2581022568229531,3,False,Eifel Grand Prix,eifel_grand_prix,2020,2020-10-11,94.93342857142856,14,Mid,1.3460000000000036,False,False,False,True
HUL,Racing Point,35,0 days 00:01:32.130000,0 days 00:00:30.032000,0 days 00:00:38.358000,0 days 00:00:23.740000,Medium,6,2,,,1,True,0 days 00:55:46.031000,92.13,30.032,38.358,23.74,3346.031,3327.491,9.6,57.7,947.2,False,16.4,60,3.1,False,True,True,FORMULA 1 ARAMCO GROSSER PREIS DER EIFEL 2020,Nürburgring,Germany,,,Permanent,,,0.3259741669380224,0.41634646694887656,0.25767936611310105,3,False,Eifel Grand Prix,eifel_grand_prix,2020,2020-10-11,94.97826666666667,15,Mid,1.3969999999999914,False,False,False,True
GRO,Haas F1 Team,35,0 days 00:01:32.215000,0 days 00:00:30.239000,0 days 00:00:38.156000,0 days 00:00:23.820000,Hard,7,2,,,1,True,0 days 00:55:48.956000,92.215,30.239,38.156,23.82,3348.956,3327.491,9.6,57.7,947.2,False,16.4,60,3.1,False,True,True,FORMULA 1 ARAMCO GROSSER PREIS DER EIFEL 2020,Nürburgring,Germany,,,Permanent,,,0.32791845144499265,0.41377216288022556,0.25830938567478173,3,False,Eifel Grand Prix,eifel_grand_prix,2020,2020-10-11,97.07871875000001,32,Closing,0.6530000000000058,False,False,False,True
MAG,Haas F1 Team,35,0 days 00:01:53.185000,0 days 00:00:50.533000,0 days 00:00:38.966000,0 days 00:00:23.686000,Medium,1,3,,0 days 00:54:39.790000,1,False,0 days 00:56:11.417000,113.185,50.533,38.966,23.686,3371.417,3387.498,9.5,57.8,947.3,False,16.3,50,1.9,False,True,True,FORMULA 1 ARAMCO GROSSER PREIS DER EIFEL 2020,Nürburgring,Germany,,,Permanent,,,0.4464637540310112,0.34426823342315677,0.20926801254583205,3,False,Eifel Grand Prix,eifel_grand_prix,2020,2020-10-11,97.74053846153846,26,Closing,22.729,False,False,False,True
LAT,Williams,35,0 days 00:01:31.494000,0 days 00:00:29.792000,0 days 00:00:37.907000,0 days 00:00:23.795000,Medium,2,3,,,1,True,0 days 00:56:13.380000,91.494,29.792,37.907,23.795,3373.38,3387.498,9.5,57.8,947.3,False,16.3,50,1.9,False,True,True,FORMULA 1 ARAMCO GROSSER PREIS DER EIFEL 2020,Nürburgring,Germany,,,Permanent,,,0.32561698034843817,0.4143113209609373,0.2600716986906245,3,False,Eifel Grand Prix,eifel_grand_prix,2020,2020-10-11,97.57966666666665,27,Closing,0.11700000000000443,False,False,False,True
KVY,AlphaTauri,35,0 days 00:01:33.103000,0 days 00:00:30.556000,0 days 00:00:38.651000,0 days 00:00:23.896000,Hard,18,2,,,1,True,0 days 00:56:17.362000,93.103,30.556,38.651,23.896,3377.362,3387.498,9.5,57.8,947.3,False,16.3,50,1.9,False,True,True,FORMULA 1 ARAMCO GROSSER PREIS DER EIFEL 2020,Nürburgring,Germany,,,Permanent,,,0.32819565427537245,0.41514236920399994,0.2566619765206277,3,False,Eifel Grand Prix,eifel_grand_prix,2020,2020-10-11,95.20285185185185,27,Mid,0.8889999999999958,False,False,False,True
RIC,Renault,36,0 days 00:01:31.584000,0 days 00:00:29.927000,0 days 00:00:38.153000,0 days 00:00:23.504000,Medium,20,2,,,1,True,0 days 00:56:33.336000,91.584,29.927,38.153,23.504,3393.336,3387.498,9.5,57.8,947.3,False,16.3,50,1.9,False,True,True,FORMULA 1 ARAMCO GROSSER PREIS DER EIFEL 2020,Nürburgring,Germany,,,Permanent,,,0.3267710517120894,0.4165902341020265,0.256638714185884,3,False,Eifel Grand Prix,eifel_grand_prix,2020,2020-10-11,93.03992857142858,28,Mid,2.0,False,False,False,True
PER,Racing Point,36,0 days 00:01:31.270000,0 days 00:00:29.947000,0 days 00:00:37.785000,0 days 00:00:23.538000,Medium,8,2,,,1,True,0 days 00:56:48.787000,91.27,29.947,37.785,23.538,3408.787,3387.498,9.5,57.8,947.3,False,16.3,50,1.9,False,True,True,FORMULA 1 ARAMCO GROSSER PREIS DER EIFEL 2020,Nürburgring,Germany,,,Permanent,,,0.32811438588802455,0.4139914539279062,0.25789416018406924,3,False,Eifel Grand Prix,eifel_grand_prix,2020,2020-10-11,94.94135294117646,17,Mid,1.5699999999999932,False,False,False,True
SAI,McLaren,36,0 days 00:01:31.046000,0 days 00:00:29.533000,0 days 00:00:37.970000,0 days 00:00:23.543000,Medium,8,2,,,1,True,0 days 00:56:51.522000,91.046,29.533,37.97,23.543,3411.522,3387.498,9.5,57.8,947.3,False,16.3,50,1.9,False,True,True,FORMULA 1 ARAMCO GROSSER PREIS DER EIFEL 2020,Nürburgring,Germany,,,Permanent,,,0.3243744920150254,0.4170419348461217,0.2585835731388529,3,False,Eifel Grand Prix,eifel_grand_prix,2020,2020-10-11,93.4670625,16,Mid,0.9170000000000016,False,False,False,True
NOR,McLaren,36,0 days 00:01:32.577000,0 days 00:00:30.274000,0 days 00:00:38.568000,0 days 00:00:23.735000,Medium,7,2,,,1,True,0 days 00:56:55.743000,92.577,30.274,38.568,23.735,3415.743,3387.498,9.5,57.8,947.3,False,16.3,50,1.9,False,True,True,FORMULA 1 ARAMCO GROSSER PREIS DER EIFEL 2020,Nürburgring,Germany,,,Permanent,,,0.3270142692029338,0.4166045562072653,0.2563811745898009,3,False,Eifel Grand Prix,eifel_grand_prix,2020,2020-10-11,94.708,13,Closing,0.24899999999999523,False,False,False,True
HAM,Mercedes,37,0 days 00:01:31.027000,0 days 00:00:29.875000,0 days 00:00:37.835000,0 days 00:00:23.317000,Medium,21,2,,,1,True,0 days 00:56:58.477000,91.027,29.875,37.835,23.317,3418.477,3447.495,9.5,57.9,947.5,False,16.3,52,1.4,False,True,True,FORMULA 1 ARAMCO GROSSER PREIS DER EIFEL 2020,Nürburgring,Germany,,,Permanent,,,0.3281993254748591,0.415645907258286,0.2561547672668549,3,False,Eifel Grand Prix,eifel_grand_prix,2020,2020-10-11,92.15575862068965,29,Mid,2.882000000000005,False,False,False,True
VER,Red Bull Racing,37,0 days 00:01:30.919000,0 days 00:00:29.582000,0 days 00:00:37.794000,0 days 00:00:23.543000,Medium,21,2,,,1,True,0 days 00:57:06.600000,90.919,29.582,37.794,23.543,3426.6,3447.495,9.5,57.9,947.5,False,16.3,52,1.4,False,True,True,FORMULA 1 ARAMCO GROSSER PREIS DER EIFEL 2020,Nürburgring,Germany,,,Permanent,,,0.3253665350476798,0.4156886899327973,0.2589447750195229,3,False,Eifel Grand Prix,eifel_grand_prix,2020,2020-10-11,92.39306896551724,29,Mid,2.780000000000001,False,False,False,True
VET,Ferrari,36,0 days 00:01:33.223000,0 days 00:00:30.450000,0 days 00:00:38.989000,0 days 00:00:23.784000,Hard,25,2,,,1,True,0 days 00:57:14.030000,93.223,30.45,38.989,23.784,3434.03,3447.495,9.5,57.9,947.5,False,16.3,52,1.4,False,True,True,FORMULA 1 ARAMCO GROSSER PREIS DER EIFEL 2020,Nürburgring,Germany,,,Permanent,,,0.3266361305686365,0.41823369769262947,0.255130171738734,3,False,Eifel Grand Prix,eifel_grand_prix,2020,2020-10-11,94.79276666666667,30,Mid,2.8149999999999977,False,False,False,True
RAI,Alfa Romeo Racing,36,0 days 00:01:33.161000,0 days 00:00:30.322000,0 days 00:00:39.066000,0 days 00:00:23.773000,Medium,26,2,,,1,True,0 days 00:57:14.886000,93.161,30.322,39.066,23.773,3434.886,3447.495,9.5,57.9,947.5,False,16.3,52,1.4,False,True,True,FORMULA 1 ARAMCO GROSSER PREIS DER EIFEL 2020,Nürburgring,Germany,,,Permanent,,,0.32547954616202057,0.41933856442073403,0.2551818894172454,3,False,Eifel Grand Prix,eifel_grand_prix,2020,2020-10-11,95.14329411764706,34,Mid,2.649000000000001,False,False,False,True
GIO,Alfa Romeo Racing,36,0 days 00:01:36.293000,0 days 00:00:30.550000,0 days 00:00:38.674000,0 days 00:00:27.069000,Medium,21,2,0 days 00:57:14.959000,,1,False,0 days 00:57:16.217000,96.293,30.55,38.674,27.069,3436.217,3447.495,9.5,57.9,947.5,False,16.3,52,1.4,False,True,True,FORMULA 1 ARAMCO GROSSER PREIS DER EIFEL 2020,Nürburgring,Germany,,,Permanent,36.0,,0.31726086008328747,0.4016283634324405,0.2811107764842719,3,False,Eifel Grand Prix,eifel_grand_prix,2020,2020-10-11,95.17671428571428,21,Mid,5.384,False,False,False,True
LEC,Ferrari,36,0 days 00:01:53.802000,0 days 00:00:51.318000,0 days 00:00:38.931000,0 days 00:00:23.553000,Medium,6,3,,0 days 00:55:44.294000,1,False,0 days 00:57:16.845000,113.802,51.318,38.931,23.553,3436.845,3447.495,9.5,57.9,947.5,False,16.3,52,1.4,False,True,True,FORMULA 1 ARAMCO GROSSER PREIS DER EIFEL 2020,Nürburgring,Germany,,,Permanent,,,0.45094110824062844,0.34209416354721356,0.20696472821215794,3,False,Eifel Grand Prix,eifel_grand_prix,2020,2020-10-11,98.30688,25,Closing,23.090000000000003,False,False,False,True
GAS,AlphaTauri,36,0 days 00:01:34.086000,0 days 00:00:30.922000,0 days 00:00:39.597000,0 days 00:00:23.567000,Hard,6,2,,,1,True,0 days 00:57:17.574000,94.086,30.922,39.597,23.567,3437.574,3447.495,9.5,57.9,947.5,False,16.3,52,1.4,False,True,True,FORMULA 1 ARAMCO GROSSER PREIS DER EIFEL 2020,Nürburgring,Germany,,,Permanent,,,0.32865676083583106,0.42085963905363183,0.25048360011053716,3,False,Eifel Grand Prix,eifel_grand_prix,2020,2020-10-11,94.93342857142856,14,Mid,3.975999999999999,False,False,False,True
HUL,Racing Point,36,0 days 00:01:32.566000,0 days 00:00:30.073000,0 days 00:00:38.808000,0 days 00:00:23.685000,Medium,7,2,,,1,True,0 days 00:57:18.597000,92.566,30.073,38.808,23.685,3438.597,3447.495,9.5,57.9,947.5,False,16.3,52,1.4,False,True,True,FORMULA 1 ARAMCO GROSSER PREIS DER EIFEL 2020,Nürburgring,Germany,,,Permanent,,,0.32488170602597066,0.4192468076831666,0.2558714862908627,3,False,Eifel Grand Prix,eifel_grand_prix,2020,2020-10-11,94.97826666666667,15,Mid,1.8329999999999984,False,False,False,True
GRO,Haas F1 Team,36,0 days 00:01:32.814000,0 days 00:00:30.210000,0 days 00:00:38.700000,0 days 00:00:23.904000,Hard,8,2,,,1,True,0 days 00:57:21.770000,92.814,30.21,38.7,23.904,3441.77,3447.495,9.5,57.9,947.5,False,16.3,52,1.4,False,True,True,FORMULA 1 ARAMCO GROSSER PREIS DER EIFEL 2020,Nürburgring,Germany,,,Permanent,,,0.32548968905553044,0.4169629581744134,0.25754735277005625,3,False,Eifel Grand Prix,eifel_grand_prix,2020,2020-10-11,97.07871875000001,32,Closing,1.2519999999999953,False,False,False,True
MAG,Haas F1 Team,36,0 days 00:01:30.647000,0 days 00:00:29.637000,0 days 00:00:37.499000,0 days 00:00:23.511000,Medium,2,3,,,1,True,0 days 00:57:42.064000,90.647,29.637,37.499,23.511,3462.064,3447.495,9.5,57.9,947.5,False,16.3,52,1.4,False,True,True,FORMULA 1 ARAMCO GROSSER PREIS DER EIFEL 2020,Nürburgring,Germany,,,Permanent,,,0.326949595684358,0.41368164418017145,0.25936876013547056,3,False,Eifel Grand Prix,eifel_grand_prix,2020,2020-10-11,97.74053846153846,26,Closing,0.1910000000000025,False,False,False,True
LAT,Williams,36,0 days 00:01:31.491000,0 days 00:00:30.065000,0 days 00:00:37.839000,0 days 00:00:23.587000,Medium,3,3,,,1,True,0 days 00:57:44.871000,91.491,30.065,37.839,23.587,3464.871,3447.495,9.5,57.9,947.5,False,16.3,52,1.4,False,True,True,FORMULA 1 ARAMCO GROSSER PREIS DER EIFEL 2020,Nürburgring,Germany,,,Permanent,,,0.3286115574209485,0.4135816637702069,0.25780677880884456,3,False,Eifel Grand Prix,eifel_grand_prix,2020,2020-10-11,97.57966666666665,27,Closing,0.11400000000000432,False,False,False,True
KVY,AlphaTauri,36,0 days 00:01:32.543000,0 days 00:00:30.203000,0 days 00:00:38.570000,0 days 00:00:23.770000,Hard,19,2,,,1,True,0 days 00:57:49.905000,92.543,30.203,38.57,23.77,3469.905,3447.495,9.5,57.9,947.5,False,16.3,52,1.4,False,True,True,FORMULA 1 ARAMCO GROSSER PREIS DER EIFEL 2020,Nürburgring,Germany,,,Permanent,,,0.32636720227353766,0.4167792269539565,0.25685357077250576,3,False,Eifel Grand Prix,eifel_grand_prix,2020,2020-10-11,95.20285185185185,27,Mid,0.32900000000000773,False,False,False,True
RIC,Renault,37,0 days 00:01:31.478000,0 days 00:00:29.812000,0 days 00:00:38.045000,0 days 00:00:23.621000,Medium,21,2,,,1,True,0 days 00:58:04.814000,91.478,29.812,38.045,23.621,3484.814,3507.494,9.5,58.3,947.4,False,16.2,30,1.7,False,True,True,FORMULA 1 ARAMCO GROSSER PREIS DER EIFEL 2020,Nürburgring,Germany,,,Permanent,,,0.3258925643324078,0.4158923457006057,0.2582150899669866,3,False,Eifel Grand Prix,eifel_grand_prix,2020,2020-10-11,93.03992857142858,28,Mid,1.8939999999999912,False,False,False,True
PER,Racing Point,37,0 days 00:01:31.011000,0 days 00:00:29.688000,0 days 00:00:37.643000,0 days 00:00:23.680000,Medium,9,2,,,1,True,0 days 00:58:19.798000,91.011,29.688,37.643,23.68,3499.798,3507.494,9.5,58.3,947.4,False,16.2,30,1.7,False,True,True,FORMULA 1 ARAMCO GROSSER PREIS DER EIFEL 2020,Nürburgring,Germany,,,Permanent,,,0.32620232719121867,0.41360934392545956,0.26018832888332183,3,False,Eifel Grand Prix,eifel_grand_prix,2020,2020-10-11,94.94135294117646,17,Mid,1.3109999999999928,False,False,False,True
SAI,McLaren,37,0 days 00:01:31.506000,0 days 00:00:29.806000,0 days 00:00:38.069000,0 days 00:00:23.631000,Medium,9,2,,,1,True,0 days 00:58:23.028000,91.506,29.806,38.069,23.631,3503.028,3507.494,9.5,58.3,947.4,False,16.2,30,1.7,False,True,True,FORMULA 1 ARAMCO GROSSER PREIS DER EIFEL 2020,Nürburgring,Germany,,,Permanent,,,0.3257272747142264,0.4160273643258366,0.25824536095993705,3,False,Eifel Grand Prix,eifel_grand_prix,2020,2020-10-11,93.4670625,16,Mid,1.3769999999999953,False,False,False,True
NOR,McLaren,37,0 days 00:01:32.521000,0 days 00:00:30.272000,0 days 00:00:38.467000,0 days 00:00:23.782000,Medium,8,2,,,1,True,0 days 00:58:28.264000,92.521,30.272,38.467,23.782,3508.264,3507.494,9.5,58.3,947.4,False,16.2,30,1.7,False,True,True,FORMULA 1 ARAMCO GROSSER PREIS DER EIFEL 2020,Nürburgring,Germany,,,Permanent,,,0.3271905837593627,0.41576506955177744,0.25704434668885984,3,False,Eifel Grand Prix,eifel_grand_prix,2020,2020-10-11,94.708,13,Closing,0.19299999999999784,False,False,False,True
HAM,Mercedes,38,0 days 00:01:31.023000,0 days 00:00:29.692000,0 days 00:00:37.991000,0 days 00:00:23.340000,Medium,22,2,,,1,True,0 days 00:58:29.500000,91.023,29.692,37.991,23.34,3509.5,3507.494,9.5,58.3,947.4,False,16.2,30,1.7,False,True,True,FORMULA 1 ARAMCO GROSSER PREIS DER EIFEL 2020,Nürburgring,Germany,,,Permanent,,,0.3262032673060655,0.41737802533425616,0.2564187073596783,3,False,Eifel Grand Prix,eifel_grand_prix,2020,2020-10-11,92.15575862068965,29,Mid,2.878,False,False,False,True
VER,Red Bull Racing,38,0 days 00:01:31.267000,0 days 00:00:29.625000,0 days 00:00:38.045000,0 days 00:00:23.597000,Medium,22,2,,,1,True,0 days 00:58:37.867000,91.267,29.625,38.045,23.597,3517.867,3507.494,9.5,58.3,947.4,False,16.2,30,1.7,False,True,True,FORMULA 1 ARAMCO GROSSER PREIS DER EIFEL 2020,Nürburgring,Germany,,,Permanent,,,0.3245970613693887,0.41685384640669687,0.2585490922239145,3,False,Eifel Grand Prix,eifel_grand_prix,2020,2020-10-11,92.39306896551724,29,Mid,3.128,False,False,False,True
VET,Ferrari,37,0 days 00:01:32.398000,0 days 00:00:29.962000,0 days 00:00:38.572000,0 days 00:00:23.864000,Hard,26,2,,,1,True,0 days 00:58:46.428000,92.398,29.962,38.572,23.864,3526.428,3507.494,9.5,58.3,947.4,False,16.2,30,1.7,False,True,True,FORMULA 1 ARAMCO GROSSER PREIS DER EIFEL 2020,Nürburgring,Germany,,,Permanent,,,0.32427108811879046,0.41745492326673744,0.2582739886144722,3,False,Eifel Grand Prix,eifel_grand_prix,2020,2020-10-11,94.79276666666667,30,Mid,1.9899999999999949,False,False,False,True
RAI,Alfa Romeo Racing,37,0 days 00:01:32.994000,0 days 00:00:30.498000,0 days 00:00:38.600000,0 days 00:00:23.896000,Medium,27,2,,,1,True,0 days 00:58:47.880000,92.994,30.498,38.6,23.896,3527.88,3507.494,9.5,58.3,947.4,False,16.2,30,1.7,False,True,True,FORMULA 1 ARAMCO GROSSER PREIS DER EIFEL 2020,Nürburgring,Germany,,,Permanent,,,0.3279566423640235,0.41508054283072027,0.2569628148052563,3,False,Eifel Grand Prix,eifel_grand_prix,2020,2020-10-11,95.14329411764706,34,Mid,2.4819999999999993,False,False,False,True
LEC,Ferrari,37,0 days 00:01:31.604000,0 days 00:00:29.794000,0 days 00:00:38.168000,0 days 00:00:23.642000,Medium,7,3,,,1,True,0 days 00:58:48.449000,91.604,29.794,38.168,23.642,3528.449,3507.494,9.5,58.3,947.4,False,16.2,30,1.7,False,True,True,FORMULA 1 ARAMCO GROSSER PREIS DER EIFEL 2020,Nürburgring,Germany,,,Permanent,,,0.3252478057726737,0.4166630278153792,0.25808916641194707,3,False,Eifel Grand Prix,eifel_grand_prix,2020,2020-10-11,98.30688,25,Closing,0.8919999999999959,False,False,False,True
GAS,AlphaTauri,37,0 days 00:01:32.191000,0 days 00:00:30.116000,0 days 00:00:38.454000,0 days 00:00:23.621000,Hard,7,2,,,1,True,0 days 00:58:49.765000,92.191,30.116,38.454,23.621,3529.765,3507.494,9.5,58.3,947.4,False,16.2,30,1.7,False,True,True,FORMULA 1 ARAMCO GROSSER PREIS DER EIFEL 2020,Nürburgring,Germany,,,Permanent,,,0.32666963152585393,0.41711229946524064,0.2562180690089054,3,False,Eifel Grand Prix,eifel_grand_prix,2020,2020-10-11,94.93342857142856,14,Mid,2.081000000000003,False,False,False,True
HUL,Racing Point,37,0 days 00:01:32.396000,0 days 00:00:30.118000,0 days 00:00:38.524000,0 days 00:00:23.754000,Medium,8,2,,,1,True,0 days 00:58:50.993000,92.396,30.118,38.524,23.754,3530.993,3507.494,9.5,58.3,947.4,False,16.2,30,1.7,False,True,True,FORMULA 1 ARAMCO GROSSER PREIS DER EIFEL 2020,Nürburgring,Germany,,,Permanent,,,0.32596649205593314,0.4169444564699771,0.2570890514740898,3,False,Eifel Grand Prix,eifel_grand_prix,2020,2020-10-11,94.97826666666667,15,Mid,1.6629999999999967,False,False,False,True
GRO,Haas F1 Team,37,0 days 00:01:32.082000,0 days 00:00:30.149000,0 days 00:00:38.133000,0 days 00:00:23.800000,Hard,9,2,,,1,True,0 days 00:58:53.852000,92.082,30.149,38.133,23.8,3533.852,3507.494,9.5,58.3,947.4,False,16.2,30,1.7,False,True,True,FORMULA 1 ARAMCO GROSSER PREIS DER EIFEL 2020,Nürburgring,Germany,,,Permanent,,,0.3274146955974023,0.41412002345735327,0.25846528094524446,3,False,Eifel Grand Prix,eifel_grand_prix,2020,2020-10-11,97.07871875000001,32,Closing,0.519999999999996,False,False,False,True
GIO,Alfa Romeo Racing,37,0 days 00:01:52.520000,0 days 00:00:50.053000,0 days 00:00:38.842000,0 days 00:00:23.625000,Medium,1,3,,0 days 00:57:37.133000,1,False,0 days 00:59:08.737000,112.52,50.053,38.842,23.625,3548.737,3567.495,9.4,58.3,947.4,False,16.1,53,2.1,False,True,True,FORMULA 1 ARAMCO GROSSER PREIS DER EIFEL 2020,Nürburgring,Germany,,,Permanent,,,0.4448364735158194,0.3452008531816566,0.209962673302524,3,False,Eifel Grand Prix,eifel_grand_prix,2020,2020-10-11,98.071625,24,Closing,21.61099999999999,False,False,False,True
MAG,Haas F1 Team,37,0 days 00:01:30.456000,0 days 00:00:29.524000,0 days 00:00:37.475000,0 days 00:00:23.457000,Medium,3,3,,,1,True,0 days 00:59:12.520000,90.456,29.524,37.475,23.457,3552.52,3567.495,9.4,58.3,947.4,False,16.1,53,2.1,False,True,True,FORMULA 1 ARAMCO GROSSER PREIS DER EIFEL 2020,Nürburgring,Germany,,,Permanent,,,0.32639073140532415,0.4142898204651986,0.2593194481294773,3,False,Eifel Grand Prix,eifel_grand_prix,2020,2020-10-11,97.74053846153846,26,Closing,0.0,False,False,False,True
LAT,Williams,37,0 days 00:01:31.520000,0 days 00:00:30.117000,0 days 00:00:37.809000,0 days 00:00:23.594000,Medium,4,3,,,1,True,0 days 00:59:16.391000,91.52,30.117,37.809,23.594,3556.391,3567.495,9.4,58.3,947.4,False,16.1,53,2.1,False,True,True,FORMULA 1 ARAMCO GROSSER PREIS DER EIFEL 2020,Nürburgring,Germany,,,Permanent,,,0.3290756118881119,0.4131228146853147,0.25780157342657345,3,False,Eifel Grand Prix,eifel_grand_prix,2020,2020-10-11,97.57966666666665,27,Closing,0.14300000000000068,False,False,False,True
KVY,AlphaTauri,37,0 days 00:01:32.638000,0 days 00:00:30.194000,0 days 00:00:38.577000,0 days 00:00:23.867000,Hard,20,2,,,1,True,0 days 00:59:22.543000,92.638,30.194,38.577,23.867,3562.543,3567.495,9.4,58.3,947.4,False,16.1,53,2.1,False,True,True,FORMULA 1 ARAMCO GROSSER PREIS DER EIFEL 2020,Nürburgring,Germany,,,Permanent,,,0.325935361298819,0.41642738401088103,0.25763725469029986,3,False,Eifel Grand Prix,eifel_grand_prix,2020,2020-10-11,95.20285185185185,27,Mid,0.4240000000000066,False,False,False,True
RIC,Renault,38,0 days 00:01:31.852000,0 days 00:00:30.057000,0 days 00:00:38.172000,0 days 00:00:23.623000,Medium,22,2,,,1,True,0 days 00:59:36.666000,91.852,30.057,38.172,23.623,3576.666,3567.495,9.4,58.3,947.4,False,16.1,53,2.1,False,True,True,FORMULA 1 ARAMCO GROSSER PREIS DER EIFEL 2020,Nürburgring,Germany,,,Permanent,,,0.327232939946871,0.41558158777163257,0.2571854722814963,3,False,Eifel Grand Prix,eifel_grand_prix,2020,2020-10-11,93.03992857142858,28,Mid,2.2680000000000007,False,False,False,True
PER,Racing Point,38,0 days 00:01:30.989000,0 days 00:00:29.863000,0 days 00:00:37.652000,0 days 00:00:23.474000,Medium,10,2,,,1,True,0 days 00:59:50.787000,90.989,29.863,37.652,23.474,3590.787,3567.495,9.4,58.3,947.4,False,16.1,53,2.1,False,True,True,FORMULA 1 ARAMCO GROSSER PREIS DER EIFEL 2020,Nürburgring,Germany,,,Permanent,,,0.32820450823725944,0.41380826253722974,0.25798722922551076,3,False,Eifel Grand Prix,eifel_grand_prix,2020,2020-10-11,94.94135294117646,17,Mid,1.2890000000000015,False,False,False,True
SAI,McLaren,38,0 days 00:01:31.532000,0 days 00:00:29.942000,0 days 00:00:38.037000,0 days 00:00:23.553000,Medium,10,2,,,1,True,0 days 00:59:54.560000,91.532,29.942,38.037,23.553,3594.56,3567.495,9.4,58.3,947.4,False,16.1,53,2.1,False,True,True,FORMULA 1 ARAMCO GROSSER PREIS DER EIFEL 2020,Nürburgring,Germany,,,Permanent,,,0.32712056985535115,0.41555958571865576,0.2573198444259931,3,False,Eifel Grand Prix,eifel_grand_prix,2020,2020-10-11,93.4670625,16,Mid,1.4029999999999916,False,False,False,True
HAM,Mercedes,39,0 days 00:01:30.651000,0 days 00:00:29.760000,0 days 00:00:37.782000,0 days 00:00:23.109000,Medium,23,2,,,1,True,0 days 01:00:00.151000,90.651,29.76,37.782,23.109,3600.151,3627.495,9.6,58.3,947.5,False,16.1,60,1.0,False,True,True,FORMULA 1 ARAMCO GROSSER PREIS DER EIFEL 2020,Nürburgring,Germany,,,Permanent,,,0.3282920210477546,0.41678525333421584,0.2549227256180296,3,False,Eifel Grand Prix,eifel_grand_prix,2020,2020-10-11,92.15575862068965,29,Mid,2.5060000000000002,False,False,False,True
NOR,McLaren,38,0 days 00:01:35.205000,0 days 00:00:32.633000,0 days 00:00:38.796000,0 days 00:00:23.776000,Medium,9,2,,,1,True,0 days 01:00:03.469000,95.205,32.633,38.796,23.776,3603.469,3627.495,9.6,58.3,947.5,False,16.1,60,1.0,False,True,True,FORMULA 1 ARAMCO GROSSER PREIS DER EIFEL 2020,Nürburgring,Germany,,,Permanent,,,0.3427656110498399,0.4074996061131243,0.24973478283703587,3,False,Eifel Grand Prix,eifel_grand_prix,2020,2020-10-11,94.708,13,Closing,2.8769999999999953,False,False,False,True
VER,Red Bull Racing,39,0 days 00:01:31.100000,0 days 00:00:29.635000,0 days 00:00:37.897000,0 days 00:00:23.568000,Medium,23,2,,,1,True,0 days 01:00:08.967000,91.1,29.635,37.897,23.568,3608.967,3627.495,9.6,58.3,947.5,False,16.1,60,1.0,False,True,True,FORMULA 1 ARAMCO GROSSER PREIS DER EIFEL 2020,Nürburgring,Germany,,,Permanent,,,0.32530186608122946,0.415993413830955,0.25870472008781564,3,False,Eifel Grand Prix,eifel_grand_prix,2020,2020-10-11,92.39306896551724,29,Mid,2.9609999999999985,False,False,False,True
VET,Ferrari,38,0 days 00:01:32.824000,0 days 00:00:30.363000,0 days 00:00:38.567000,0 days 00:00:23.894000,Hard,27,2,,,1,True,0 days 01:00:19.252000,92.824,30.363,38.567,23.894,3619.252,3627.495,9.6,58.3,947.5,False,16.1,60,1.0,False,True,True,FORMULA 1 ARAMCO GROSSER PREIS DER EIFEL 2020,Nürburgring,Germany,,,Permanent,,,0.3271029044212704,0.4154852193398259,0.2574118762389037,3,False,Eifel Grand Prix,eifel_grand_prix,2020,2020-10-11,94.79276666666667,30,Mid,2.415999999999997,False,False,False,True
LEC,Ferrari,38,0 days 00:01:31.443000,0 days 00:00:29.766000,0 days 00:00:38.026000,0 days 00:00:23.651000,Medium,8,3,,,1,True,0 days 01:00:19.892000,91.443,29.766,38.026,23.651,3619.892,3627.495,9.6,58.3,947.5,False,16.1,60,1.0,False,True,True,FORMULA 1 ARAMCO GROSSER PREIS DER EIFEL 2020,Nürburgring,Germany,,,Permanent,,,0.32551425478166723,0.4158437496582571,0.25864199556007567,3,False,Eifel Grand Prix,eifel_grand_prix,2020,2020-10-11,98.30688,25,Closing,0.7309999999999945,False,False,False,True
GAS,AlphaTauri,38,0 days 00:01:32.661000,0 days 00:00:30.041000,0 days 00:00:38.685000,0 days 00:00:23.935000,Hard,8,2,,,1,True,0 days 01:00:22.426000,92.661,30.041,38.685,23.935,3622.426,3627.495,9.6,58.3,947.5,False,16.1,60,1.0,False,True,True,FORMULA 1 ARAMCO GROSSER PREIS DER EIFEL 2020,Nürburgring,Germany,,,Permanent,,,0.3242032786177572,0.4174895587140221,0.2583071626682207,3,False,Eifel Grand Prix,eifel_grand_prix,2020,2020-10-11,94.93342857142856,14,Mid,2.551000000000002,False,False,False,True
RAI,Alfa Romeo Racing,38,0 days 00:01:35.460000,0 days 00:00:31.187000,0 days 00:00:38.910000,0 days 00:00:25.363000,Medium,28,2,,,1,True,0 days 01:00:23.340000,95.46,31.187,38.91,25.363,3623.34,3627.495,9.6,58.3,947.5,False,16.1,60,1.0,False,True,True,FORMULA 1 ARAMCO GROSSER PREIS DER EIFEL 2020,Nürburgring,Germany,,,Permanent,,,0.32670228367902787,0.40760527969830296,0.26569243662266917,3,False,Eifel Grand Prix,eifel_grand_prix,2020,2020-10-11,95.14329411764706,34,Mid,4.947999999999993,False,False,False,True
HUL,Racing Point,38,0 days 00:01:32.586000,0 days 00:00:30.182000,0 days 00:00:38.481000,0 days 00:00:23.923000,Medium,9,2,,,1,True,0 days 01:00:23.579000,92.586,30.182,38.481,23.923,3623.579,3627.495,9.6,58.3,947.5,False,16.1,60,1.0,False,True,True,FORMULA 1 ARAMCO GROSSER PREIS DER EIFEL 2020,Nürburgring,Germany,,,Permanent,,,0.3259888104033007,0.41562439245674293,0.2583867971399563,3,False,Eifel Grand Prix,eifel_grand_prix,2020,2020-10-11,94.97826666666667,15,Mid,1.8529999999999944,False,False,False,True
GRO,Haas F1 Team,38,0 days 00:01:32.642000,0 days 00:00:30.181000,0 days 00:00:38.464000,0 days 00:00:23.997000,Hard,10,2,,,1,True,0 days 01:00:26.494000,92.642,30.181,38.464,23.997,3626.494,3627.495,9.6,58.3,947.5,False,16.1,60,1.0,False,True,True,FORMULA 1 ARAMCO GROSSER PREIS DER EIFEL 2020,Nürburgring,Germany,,,Permanent,,,0.3257809632779949,0.4151896548001986,0.2590293819218065,3,False,Eifel Grand Prix,eifel_grand_prix,2020,2020-10-11,97.07871875000001,32,Closing,1.0799999999999983,False,False,False,True
GIO,Alfa Romeo Racing,38,0 days 00:01:30.909000,0 days 00:00:29.673000,0 days 00:00:37.811000,0 days 00:00:23.425000,Medium,2,3,,,1,True,0 days 01:00:39.646000,90.909,29.673,37.811,23.425,3639.646,3627.495,9.6,58.3,947.5,False,16.1,60,1.0,False,True,True,FORMULA 1 ARAMCO GROSSER PREIS DER EIFEL 2020,Nürburgring,Germany,,,Permanent,,,0.32640332640332637,0.4159214159214159,0.2576752576752577,3,False,Eifel Grand Prix,eifel_grand_prix,2020,2020-10-11,98.071625,24,Closing,0.0,False,False,False,True
MAG,Haas F1 Team,38,0 days 00:01:30.750000,0 days 00:00:29.556000,0 days 00:00:37.711000,0 days 00:00:23.483000,Medium,4,3,,,1,True,0 days 01:00:43.270000,90.75,29.556,37.711,23.483,3643.27,3627.495,9.6,58.3,947.5,False,16.1,60,1.0,False,True,True,FORMULA 1 ARAMCO GROSSER PREIS DER EIFEL 2020,Nürburgring,Germany,,,Permanent,,,0.3256859504132231,0.41554820936639114,0.2587658402203857,3,False,Eifel Grand Prix,eifel_grand_prix,2020,2020-10-11,97.74053846153846,26,Closing,0.29399999999999693,False,False,False,True
LAT,Williams,38,0 days 00:01:31.544000,0 days 00:00:29.926000,0 days 00:00:37.889000,0 days 00:00:23.729000,Medium,5,3,,,1,True,0 days 01:00:47.935000,91.544,29.926,37.889,23.729,3647.935,3627.495,9.6,58.3,947.5,False,16.1,60,1.0,False,True,True,FORMULA 1 ARAMCO GROSSER PREIS DER EIFEL 2020,Nürburgring,Germany,,,Permanent,,,0.326902910076029,0.41388840339071925,0.25920868653325174,3,False,Eifel Grand Prix,eifel_grand_prix,2020,2020-10-11,97.57966666666665,27,Closing,0.1670000000000016,False,False,False,True
KVY,AlphaTauri,38,0 days 00:01:32.336000,0 days 00:00:30.094000,0 days 00:00:38.451000,0 days 00:00:23.791000,Hard,21,2,,,1,True,0 days 01:00:54.879000,92.336,30.094,38.451,23.791,3654.879,3627.495,9.6,58.3,947.5,False,16.1,60,1.0,False,True,True,FORMULA 1 ARAMCO GROSSER PREIS DER EIFEL 2020,Nürburgring,Germany,,,Permanent,,,0.3259183850285913,0.41642479639577196,0.2576568185756368,3,False,Eifel Grand Prix,eifel_grand_prix,2020,2020-10-11,95.20285185185185,27,Mid,0.12199999999999989,False,False,False,True
RIC,Renault,39,0 days 00:01:31.494000,0 days 00:00:29.823000,0 days 00:00:38.047000,0 days 00:00:23.624000,Medium,23,2,,,1,True,0 days 01:01:08.160000,91.494,29.823,38.047,23.624,3668.16,3687.497,9.6,58.1,947.4,False,16.0,0,1.6,False,True,True,FORMULA 1 ARAMCO GROSSER PREIS DER EIFEL 2020,Nürburgring,Germany,,,Permanent,,,0.3259558003803528,0.4158414759437777,0.25820272367586944,3,False,Eifel Grand Prix,eifel_grand_prix,2020,2020-10-11,93.03992857142858,28,Mid,1.9099999999999966,False,False,False,True
PER,Racing Point,39,0 days 00:01:30.575000,0 days 00:00:29.610000,0 days 00:00:37.503000,0 days 00:00:23.462000,Medium,11,2,,,1,True,0 days 01:01:21.362000,90.575,29.61,37.503,23.462,3681.362,3687.497,9.6,58.1,947.4,False,16.0,0,1.6,False,True,True,FORMULA 1 ARAMCO GROSSER PREIS DER EIFEL 2020,Nürburgring,Germany,,,Permanent,,,0.3269113993927684,0.4140546508418438,0.2590339497653878,3,False,Eifel Grand Prix,eifel_grand_prix,2020,2020-10-11,94.94135294117646,17,Mid,0.875,False,False,False,True
SAI,McLaren,39,0 days 00:01:31.146000,0 days 00:00:29.733000,0 days 00:00:37.985000,0 days 00:00:23.428000,Medium,11,2,,,1,True,0 days 01:01:25.706000,91.146,29.733,37.985,23.428,3685.706,3687.497,9.6,58.1,947.4,False,16.0,0,1.6,False,True,True,FORMULA 1 ARAMCO GROSSER PREIS DER EIFEL 2020,Nürburgring,Germany,,,Permanent,,,0.3262128892107169,0.41674895223048736,0.2570381585587958,3,False,Eifel Grand Prix,eifel_grand_prix,2020,2020-10-11,93.4670625,16,Mid,1.016999999999996,False,False,False,True
HAM,Mercedes,40,0 days 00:01:30.461000,0 days 00:00:29.580000,0 days 00:00:37.737000,0 days 00:00:23.144000,Medium,24,2,,,1,True,0 days 01:01:30.612000,90.461,29.58,37.737,23.144,3690.612,3687.497,9.6,58.1,947.4,False,16.0,0,1.6,False,True,True,FORMULA 1 ARAMCO GROSSER PREIS DER EIFEL 2020,Nürburgring,Germany,,,Permanent,,,0.32699174229778577,0.41716319739998453,0.2558450603022297,3,False,Eifel Grand Prix,eifel_grand_prix,2020,2020-10-11,92.15575862068965,29,Mid,2.3160000000000025,False,False,False,True
NOR,McLaren,39,0 days 00:01:32.898000,0 days 00:00:30.788000,0 days 00:00:38.292000,0 days 00:00:23.818000,Medium,10,2,,,1,True,0 days 01:01:36.367000,92.898,30.788,38.292,23.818,3696.367,3687.497,9.6,58.1,947.4,False,16.0,0,1.6,False,True,True,FORMULA 1 ARAMCO GROSSER PREIS DER EIFEL 2020,Nürburgring,Germany,,,Permanent,,,0.33141725333161104,0.412194019246916,0.25638872742147306,3,False,Eifel Grand Prix,eifel_grand_prix,2020,2020-10-11,94.708,13,Closing,0.5699999999999932,False,False,False,True
VER,Red Bull Racing,40,0 days 00:01:31.006000,0 days 00:00:29.650000,0 days 00:00:37.836000,0 days 00:00:23.520000,Medium,24,2,,,1,True,0 days 01:01:39.973000,91.006,29.65,37.836,23.52,3699.973,3687.497,9.6,58.1,947.4,False,16.0,0,1.6,False,True,True,FORMULA 1 ARAMCO GROSSER PREIS DER EIFEL 2020,Nürburgring,Germany,,,Permanent,,,0.3258026943278465,0.4157528075071973,0.2584444981649561,3,False,Eifel Grand Prix,eifel_grand_prix,2020,2020-10-11,92.39306896551724,29,Mid,2.8670000000000044,False,False,False,True
LEC,Ferrari,39,0 days 00:01:31.198000,0 days 00:00:29.802000,0 days 00:00:37.816000,0 days 00:00:23.580000,Medium,9,3,,,1,True,0 days 01:01:51.090000,91.198,29.802,37.816,23.58,3711.09,3687.497,9.6,58.1,947.4,False,16.0,0,1.6,False,True,True,FORMULA 1 ARAMCO GROSSER PREIS DER EIFEL 2020,Nürburgring,Germany,,,Permanent,,,0.32678348209390556,0.41465821618895154,0.25855830171714295,3,False,Eifel Grand Prix,eifel_grand_prix,2020,2020-10-11,98.30688,25,Closing,0.48599999999999,False,False,False,True
VET,Ferrari,39,0 days 00:01:34.385000,0 days 00:00:31.686000,0 days 00:00:38.624000,0 days 00:00:24.075000,Hard,28,2,,,1,True,0 days 01:01:53.637000,94.385,31.686,38.624,24.075,3713.637,3687.497,9.6,58.1,947.4,False,16.0,0,1.6,False,True,True,FORMULA 1 ARAMCO GROSSER PREIS DER EIFEL 2020,Nürburgring,Germany,,,Permanent,,,0.33571012343062984,0.40921756635058537,0.25507231021878474,3,False,Eifel Grand Prix,eifel_grand_prix,2020,2020-10-11,94.79276666666667,30,Mid,3.977000000000004,False,False,False,True
GAS,AlphaTauri,39,0 days 00:01:31.718000,0 days 00:00:29.950000,0 days 00:00:38.225000,0 days 00:00:23.543000,Hard,9,2,,,1,True,0 days 01:01:54.144000,91.718,29.95,38.225,23.543,3714.144,3687.497,9.6,58.1,947.4,False,16.0,0,1.6,False,True,True,FORMULA 1 ARAMCO GROSSER PREIS DER EIFEL 2020,Nürburgring,Germany,,,Permanent,,,0.32654440785887173,0.41676661069800913,0.25668898144311914,3,False,Eifel Grand Prix,eifel_grand_prix,2020,2020-10-11,94.93342857142856,14,Mid,1.608000000000004,False,False,False,True
HUL,Racing Point,39,0 days 00:01:32.222000,0 days 00:00:30.166000,0 days 00:00:38.377000,0 days 00:00:23.679000,Medium,10,2,,,1,True,0 days 01:01:55.801000,92.222,30.166,38.377,23.679,3715.801,3687.497,9.6,58.1,947.4,False,16.0,0,1.6,False,True,True,FORMULA 1 ARAMCO GROSSER PREIS DER EIFEL 2020,Nürburgring,Germany,,,Permanent,,,0.32710199301685067,0.4161371473184273,0.25676085966472206,3,False,Eifel Grand Prix,eifel_grand_prix,2020,2020-10-11,94.97826666666667,15,Mid,1.48899999999999,False,False,False,True
RAI,Alfa Romeo Racing,39,0 days 00:01:34.516000,0 days 00:00:31.293000,0 days 00:00:39.089000,0 days 00:00:24.134000,Medium,29,2,,,1,True,0 days 01:01:57.856000,94.516,31.293,39.089,24.134,3717.856,3747.496,9.5,58.8,947.3,False,16.0,45,1.0,False,True,True,FORMULA 1 ARAMCO GROSSER PREIS DER EIFEL 2020,Nürburgring,Germany,,,Permanent,,,0.33108680011849845,0.41357018917431965,0.25534301070718185,3,False,Eifel Grand Prix,eifel_grand_prix,2020,2020-10-11,95.14329411764706,34,Mid,4.004000000000005,False,False,False,True
GRO,Haas F1 Team,39,0 days 00:01:32.594000,0 days 00:00:30.481000,0 days 00:00:38.230000,0 days 00:00:23.883000,Hard,11,2,,,1,True,0 days 01:01:59.088000,92.594,30.481,38.23,23.883,3719.088,3747.496,9.5,58.8,947.3,False,16.0,45,1.0,False,True,True,FORMULA 1 ARAMCO GROSSER PREIS DER EIFEL 2020,Nürburgring,Germany,,,Permanent,,,0.32918979631509604,0.41287772425859126,0.2579324794263127,3,False,Eifel Grand Prix,eifel_grand_prix,2020,2020-10-11,97.07871875000001,32,Closing,1.0319999999999965,False,False,False,True
GIO,Alfa Romeo Racing,39,0 days 00:01:31.241000,0 days 00:00:29.734000,0 days 00:00:38.010000,0 days 00:00:23.497000,Medium,3,3,,,1,True,0 days 01:02:10.887000,91.241,29.734,38.01,23.497,3730.887,3747.496,9.5,58.8,947.3,False,16.0,45,1.0,False,True,True,FORMULA 1 ARAMCO GROSSER PREIS DER EIFEL 2020,Nürburgring,Germany,,,Permanent,,,0.32588419679749236,0.4165890334389145,0.2575267697635931,3,False,Eifel Grand Prix,eifel_grand_prix,2020,2020-10-11,98.071625,24,Closing,0.33199999999999363,False,False,False,True
MAG,Haas F1 Team,39,0 days 00:01:30.853000,0 days 00:00:29.636000,0 days 00:00:37.701000,0 days 00:00:23.516000,Medium,5,3,,,1,True,0 days 01:02:14.123000,90.853,29.636,37.701,23.516,3734.123,3747.496,9.5,58.8,947.3,False,16.0,45,1.0,False,True,True,FORMULA 1 ARAMCO GROSSER PREIS DER EIFEL 2020,Nürburgring,Germany,,,Permanent,,,0.32619726371171015,0.4149670346603855,0.2588357016279044,3,False,Eifel Grand Prix,eifel_grand_prix,2020,2020-10-11,97.74053846153846,26,Closing,0.39699999999999136,False,False,False,True
LAT,Williams,39,0 days 00:01:31.377000,0 days 00:00:29.848000,0 days 00:00:37.850000,0 days 00:00:23.679000,Medium,6,3,,,1,True,0 days 01:02:19.312000,91.377,29.848,37.85,23.679,3739.312,3747.496,9.5,58.8,947.3,False,16.0,45,1.0,False,True,True,FORMULA 1 ARAMCO GROSSER PREIS DER EIFEL 2020,Nürburgring,Germany,,,Permanent,,,0.32664674918196046,0.4142180198518227,0.2591352309662169,3,False,Eifel Grand Prix,eifel_grand_prix,2020,2020-10-11,97.57966666666665,27,Closing,0.0,False,False,False,True
KVY,AlphaTauri,39,0 days 00:01:32.775000,0 days 00:00:30.332000,0 days 00:00:38.487000,0 days 00:00:23.956000,Hard,22,2,,,1,True,0 days 01:02:27.654000,92.775,30.332,38.487,23.956,3747.654,3747.496,9.5,58.8,947.3,False,16.0,45,1.0,False,True,True,FORMULA 1 ARAMCO GROSSER PREIS DER EIFEL 2020,Nürburgring,Germany,,,Permanent,,,0.3269415251953651,0.41484236054971707,0.2582161142549178,3,False,Eifel Grand Prix,eifel_grand_prix,2020,2020-10-11,95.20285185185185,27,Mid,0.561000000000007,False,False,False,True
RIC,Renault,40,0 days 00:01:31.605000,0 days 00:00:29.903000,0 days 00:00:38.095000,0 days 00:00:23.607000,Medium,24,2,,,1,True,0 days 01:02:39.765000,91.605,29.903,38.095,23.607,3759.765,3747.496,9.5,58.8,947.3,False,16.0,45,1.0,False,True,True,FORMULA 1 ARAMCO GROSSER PREIS DER EIFEL 2020,Nürburgring,Germany,,,Permanent,,,0.3264341466077179,0.41586157960809994,0.2577042737841821,3,False,Eifel Grand Prix,eifel_grand_prix,2020,2020-10-11,93.03992857142858,28,Mid,2.021000000000001,False,False,False,True
PER,Racing Point,40,0 days 00:01:30.633000,0 days 00:00:29.609000,0 days 00:00:37.456000,0 days 00:00:23.568000,Medium,12,2,,,1,True,0 days 01:02:51.995000,90.633,29.609,37.456,23.568,3771.995,3747.496,9.5,58.8,947.3,False,16.0,45,1.0,False,True,True,FORMULA 1 ARAMCO GROSSER PREIS DER EIFEL 2020,Nürburgring,Germany,,,Permanent,,,0.3266911610561275,0.41327110434389247,0.26003773459998014,3,False,Eifel Grand Prix,eifel_grand_prix,2020,2020-10-11,94.94135294117646,17,Mid,0.9329999999999927,False,False,False,True
SAI,McLaren,40,0 days 00:01:31.529000,0 days 00:00:30.038000,0 days 00:00:37.959000,0 days 00:00:23.532000,Medium,12,2,,,1,True,0 days 01:02:57.235000,91.529,30.038,37.959,23.532,3777.235,3747.496,9.5,58.8,947.3,False,16.0,45,1.0,False,True,True,FORMULA 1 ARAMCO GROSSER PREIS DER EIFEL 2020,Nürburgring,Germany,,,Permanent,,,0.3281801396278775,0.41472101738246897,0.2570988429896536,3,False,Eifel Grand Prix,eifel_grand_prix,2020,2020-10-11,93.4670625,16,Mid,1.3999999999999915,False,False,False,True
HAM,Mercedes,41,0 days 00:01:30.704000,0 days 00:00:29.684000,0 days 00:00:37.797000,0 days 00:00:23.223000,Medium,25,2,,,1,True,0 days 01:03:01.316000,90.704,29.684,37.797,23.223,3781.316,3807.5,9.4,59.2,947.4,False,16.0,87,1.4,False,True,True,FORMULA 1 ARAMCO GROSSER PREIS DER EIFEL 2020,Nürburgring,Germany,,,Permanent,,,0.32726230375727644,0.41670709119774213,0.2560306050449815,3,False,Eifel Grand Prix,eifel_grand_prix,2020,2020-10-11,92.15575862068965,29,Mid,2.5589999999999975,False,False,False,True
NOR,McLaren,40,0 days 00:01:32.328000,0 days 00:00:30.125000,0 days 00:00:38.394000,0 days 00:00:23.809000,Medium,11,2,,,1,True,0 days 01:03:08.695000,92.328,30.125,38.394,23.809,3788.695,3807.5,9.4,59.2,947.4,False,16.0,87,1.4,False,True,True,FORMULA 1 ARAMCO GROSSER PREIS DER EIFEL 2020,Nürburgring,Germany,,,Permanent,,,0.3262823845420674,0.41584351442682604,0.2578741010311065,3,False,Eifel Grand Prix,eifel_grand_prix,2020,2020-10-11,94.708,13,Closing,0.0,False,False,False,True
VER,Red Bull Racing,41,0 days 00:01:31.107000,0 days 00:00:29.635000,0 days 00:00:37.904000,0 days 00:00:23.568000,Medium,25,2,,,1,True,0 days 01:03:11.080000,91.107,29.635,37.904,23.568,3791.08,3807.5,9.4,59.2,947.4,False,16.0,87,1.4,False,True,True,FORMULA 1 ARAMCO GROSSER PREIS DER EIFEL 2020,Nürburgring,Germany,,,Permanent,,,0.3252768722491137,0.4160382846543076,0.25868484309657874,3,False,Eifel Grand Prix,eifel_grand_prix,2020,2020-10-11,92.39306896551724,29,Mid,2.9680000000000035,False,False,False,True
LEC,Ferrari,40,0 days 00:01:31.138000,0 days 00:00:29.666000,0 days 00:00:37.928000,0 days 00:00:23.544000,Medium,10,3,,,1,True,0 days 01:03:22.228000,91.138,29.666,37.928,23.544,3802.228,3807.5,9.4,59.2,947.4,False,16.0,87,1.4,False,True,True,FORMULA 1 ARAMCO GROSSER PREIS DER EIFEL 2020,Nürburgring,Germany,,,Permanent,,,0.3255063749478812,0.4161601088459259,0.25833351620619277,3,False,Eifel Grand Prix,eifel_grand_prix,2020,2020-10-11,98.30688,25,Closing,0.42600000000000193,False,False,False,True
GAS,AlphaTauri,40,0 days 00:01:31.834000,0 days 00:00:30.104000,0 days 00:00:38.093000,0 days 00:00:23.637000,Hard,10,2,,,1,True,0 days 01:03:25.978000,91.834,30.104,38.093,23.637,3805.978,3807.5,9.4,59.2,947.4,False,16.0,87,1.4,False,True,True,FORMULA 1 ARAMCO GROSSER PREIS DER EIFEL 2020,Nürburgring,Germany,,,Permanent,,,0.3278088725308709,0.4148027963499358,0.25738833111919335,3,False,Eifel Grand Prix,eifel_grand_prix,2020,2020-10-11,94.93342857142856,14,Mid,1.7240000000000038,False,False,False,True
VET,Ferrari,40,0 days 00:01:34.609000,0 days 00:00:30.958000,0 days 00:00:39.474000,0 days 00:00:24.177000,Hard,29,2,,,1,True,0 days 01:03:28.246000,94.609,30.958,39.474,24.177,3808.246,3807.5,9.4,59.2,947.4,False,16.0,87,1.4,False,True,True,FORMULA 1 ARAMCO GROSSER PREIS DER EIFEL 2020,Nürburgring,Germany,,,Permanent,,,0.3272204547136108,0.41723303279814816,0.25554651248824106,3,False,Eifel Grand Prix,eifel_grand_prix,2020,2020-10-11,94.79276666666667,30,Mid,4.200999999999993,False,False,False,True
HUL,Racing Point,40,0 days 00:01:32.771000,0 days 00:00:30.092000,0 days 00:00:38.721000,0 days 00:00:23.958000,Medium,11,2,,,1,True,0 days 01:03:28.572000,92.771,30.092,38.721,23.958,3808.572,3807.5,9.4,59.2,947.4,False,16.0,87,1.4,False,True,True,FORMULA 1 ARAMCO GROSSER PREIS DER EIFEL 2020,Nürburgring,Germany,,,Permanent,,,0.32436860656886307,0.4173825872309234,0.2582488062002134,3,False,Eifel Grand Prix,eifel_grand_prix,2020,2020-10-11,94.97826666666667,15,Mid,2.0379999999999967,False,False,False,True
RAI,Alfa Romeo Racing,40,0 days 00:01:32.814000,0 days 00:00:30.399000,0 days 00:00:38.630000,0 days 00:00:23.785000,Medium,30,2,,,1,True,0 days 01:03:30.670000,92.814,30.399,38.63,23.785,3810.67,3807.5,9.4,59.2,947.4,False,16.0,87,1.4,False,True,True,FORMULA 1 ARAMCO GROSSER PREIS DER EIFEL 2020,Nürburgring,Germany,,,Permanent,,,0.32752601978149853,0.41620876160924003,0.25626521860926155,3,False,Eifel Grand Prix,eifel_grand_prix,2020,2020-10-11,95.14329411764706,34,Mid,2.3019999999999925,False,False,False,True
GRO,Haas F1 Team,40,0 days 00:01:32.373000,0 days 00:00:30.314000,0 days 00:00:38.233000,0 days 00:00:23.826000,Hard,12,2,,,1,True,0 days 01:03:31.461000,92.373,30.314,38.233,23.826,3811.461,3807.5,9.4,59.2,947.4,False,16.0,87,1.4,False,True,True,FORMULA 1 ARAMCO GROSSER PREIS DER EIFEL 2020,Nürburgring,Germany,,,Permanent,,,0.32816948675478763,0.413898000497981,0.25793251274723134,3,False,Eifel Grand Prix,eifel_grand_prix,2020,2020-10-11,97.07871875000001,32,Closing,0.811000000000007,False,False,False,True
GIO,Alfa Romeo Racing,40,0 days 00:01:31.064000,0 days 00:00:29.733000,0 days 00:00:37.808000,0 days 00:00:23.523000,Medium,4,3,,,1,True,0 days 01:03:41.951000,91.064,29.733,37.808,23.523,3821.951,3807.5,9.4,59.2,947.4,False,16.0,87,1.4,False,True,True,FORMULA 1 ARAMCO GROSSER PREIS DER EIFEL 2020,Nürburgring,Germany,,,Permanent,,,0.3265066326978828,0.4151805323728367,0.25831283492928053,3,False,Eifel Grand Prix,eifel_grand_prix,2020,2020-10-11,98.071625,24,Closing,0.15499999999998693,False,False,False,True
MAG,Haas F1 Team,40,0 days 00:01:31.012000,0 days 00:00:29.548000,0 days 00:00:37.768000,0 days 00:00:23.696000,Medium,6,3,,,1,True,0 days 01:03:45.135000,91.012,29.548,37.768,23.696,3825.135,3807.5,9.4,59.2,947.4,False,16.0,87,1.4,False,True,True,FORMULA 1 ARAMCO GROSSER PREIS DER EIFEL 2020,Nürburgring,Germany,,,Permanent,,,0.32466048433173644,0.41497824462708216,0.2603612710411814,3,False,Eifel Grand Prix,eifel_grand_prix,2020,2020-10-11,97.74053846153846,26,Closing,0.5559999999999974,False,False,False,True
LAT,Williams,40,0 days 00:01:31.535000,0 days 00:00:29.878000,0 days 00:00:37.829000,0 days 00:00:23.828000,Medium,7,3,,,1,True,0 days 01:03:50.847000,91.535,29.878,37.829,23.828,3830.847,3807.5,9.4,59.2,947.4,False,16.0,87,1.4,False,True,True,FORMULA 1 ARAMCO GROSSER PREIS DER EIFEL 2020,Nürburgring,Germany,,,Permanent,,,0.3264106625880811,0.4132736111869777,0.26031572622494126,3,False,Eifel Grand Prix,eifel_grand_prix,2020,2020-10-11,97.57966666666665,27,Closing,0.15800000000000125,False,False,False,True
KVY,AlphaTauri,40,0 days 00:01:32.366000,0 days 00:00:30.042000,0 days 00:00:38.470000,0 days 00:00:23.854000,Hard,23,2,,,1,True,0 days 01:04:00.020000,92.366,30.042,38.47,23.854,3840.02,3867.501,9.5,59.2,947.4,False,16.2,57,1.6,False,True,True,FORMULA 1 ARAMCO GROSSER PREIS DER EIFEL 2020,Nürburgring,Germany,,,Permanent,,,0.32524955070047423,0.41649524716887165,0.2582552021306541,3,False,Eifel Grand Prix,eifel_grand_prix,2020,2020-10-11,95.20285185185185,27,Mid,0.15200000000000102,False,False,False,True
RIC,Renault,41,0 days 00:01:31.388000,0 days 00:00:29.819000,0 days 00:00:37.932000,0 days 00:00:23.637000,Medium,25,2,,,1,True,0 days 01:04:11.153000,91.388,29.819,37.932,23.637,3851.153,3867.501,9.5,59.2,947.4,False,16.2,57,1.6,False,True,True,FORMULA 1 ARAMCO GROSSER PREIS DER EIFEL 2020,Nürburgring,Germany,,,Permanent,,,0.32629010373353173,0.4150654352869086,0.2586444609795597,3,False,Eifel Grand Prix,eifel_grand_prix,2020,2020-10-11,93.03992857142858,28,Mid,1.804000000000002,False,False,False,True
PER,Racing Point,41,0 days 00:01:30.757000,0 days 00:00:29.658000,0 days 00:00:37.533000,0 days 00:00:23.566000,Medium,13,2,,,1,True,0 days 01:04:22.752000,90.757,29.658,37.533,23.566,3862.752,3867.501,9.5,59.2,947.4,False,16.2,57,1.6,False,True,True,FORMULA 1 ARAMCO GROSSER PREIS DER EIFEL 2020,Nürburgring,Germany,,,Permanent,,,0.32678471082120386,0.41355487730973917,0.2596604118690569,3,False,Eifel Grand Prix,eifel_grand_prix,2020,2020-10-11,94.94135294117646,17,Mid,1.0570000000000022,False,False,False,True
SAI,McLaren,41,0 days 00:01:31.188000,0 days 00:00:29.802000,0 days 00:00:37.820000,0 days 00:00:23.566000,Medium,13,2,,,1,True,0 days 01:04:28.423000,91.188,29.802,37.82,23.566,3868.423,3867.501,9.5,59.2,947.4,False,16.2,57,1.6,False,True,True,FORMULA 1 ARAMCO GROSSER PREIS DER EIFEL 2020,Nürburgring,Germany,,,Permanent,,,0.32681931833135935,0.41474755450278544,0.25843312716585515,3,False,Eifel Grand Prix,eifel_grand_prix,2020,2020-10-11,93.4670625,16,Mid,1.0589999999999975,False,False,False,True
HAM,Mercedes,42,0 days 00:01:30.667000,0 days 00:00:29.611000,0 days 00:00:37.823000,0 days 00:00:23.233000,Medium,26,2,,,1,True,0 days 01:04:31.983000,90.667,29.611,37.823,23.233,3871.983,3867.501,9.5,59.2,947.4,False,16.2,57,1.6,False,True,True,FORMULA 1 ARAMCO GROSSER PREIS DER EIFEL 2020,Nürburgring,Germany,,,Permanent,,,0.32659071106356224,0.41716390748563426,0.2562453814508035,3,False,Eifel Grand Prix,eifel_grand_prix,2020,2020-10-11,92.15575862068965,29,Mid,2.5220000000000056,False,False,False,True
VER,Red Bull Racing,42,0 days 00:01:31.110000,0 days 00:00:29.656000,0 days 00:00:38.237000,0 days 00:00:23.217000,Medium,26,2,,,1,True,0 days 01:04:42.190000,91.11,29.656,38.237,23.217,3882.19,3867.501,9.5,59.2,947.4,False,16.2,57,1.6,False,True,True,FORMULA 1 ARAMCO GROSSER PREIS DER EIFEL 2020,Nürburgring,Germany,,,Permanent,,,0.32549665239819997,0.41967950828668643,0.2548238393151136,3,False,Eifel Grand Prix,eifel_grand_prix,2020,2020-10-11,92.39306896551724,29,Mid,2.9710000000000036,False,False,False,True
NOR,McLaren,41,0 days 00:01:34.616000,0 days 00:00:30.463000,0 days 00:00:38.910000,0 days 00:00:25.243000,Medium,12,2,,,1,True,0 days 01:04:43.311000,94.616,30.463,38.91,25.243,3883.311,3867.501,9.5,59.2,947.4,False,16.2,57,1.6,False,True,True,FORMULA 1 ARAMCO GROSSER PREIS DER EIFEL 2020,Nürburgring,Germany,,,Permanent,,,0.32196457258814576,0.411241227699332,0.26679419971252216,3,False,Eifel Grand Prix,eifel_grand_prix,2020,2020-10-11,94.708,13,Closing,2.2879999999999967,False,False,False,True
LEC,Ferrari,41,0 days 00:01:30.863000,0 days 00:00:29.662000,0 days 00:00:37.724000,0 days 00:00:23.477000,Medium,11,3,,,1,True,0 days 01:04:53.091000,90.863,29.662,37.724,23.477,3893.091,3867.501,9.5,59.2,947.4,False,16.2,57,1.6,False,True,True,FORMULA 1 ARAMCO GROSSER PREIS DER EIFEL 2020,Nürburgring,Germany,,,Permanent,,,0.3264475088870057,0.41517449346818835,0.2583779976448059,3,False,Eifel Grand Prix,eifel_grand_prix,2020,2020-10-11,98.30688,25,Closing,0.15099999999999625,False,False,False,True
GAS,AlphaTauri,41,0 days 00:01:31.178000,0 days 00:00:29.695000,0 days 00:00:37.951000,0 days 00:00:23.532000,Hard,11,2,,,1,True,0 days 01:04:57.156000,91.178,29.695,37.951,23.532,3897.156,3867.501,9.5,59.2,947.4,False,16.2,57,1.6,False,True,True,FORMULA 1 ARAMCO GROSSER PREIS DER EIFEL 2020,Nürburgring,Germany,,,Permanent,,,0.32568163372743425,0.41622979227445217,0.2580885739981136,3,False,Eifel Grand Prix,eifel_grand_prix,2020,2020-10-11,94.93342857142856,14,Mid,1.0679999999999978,False,False,False,True
HUL,Racing Point,41,0 days 00:01:31.717000,0 days 00:00:29.656000,0 days 00:00:38.448000,0 days 00:00:23.613000,Medium,12,2,,,1,True,0 days 01:05:00.289000,91.717,29.656,38.448,23.613,3900.289,3927.503,9.4,59.7,947.4,False,16.2,24,1.5,False,True,True,FORMULA 1 ARAMCO GROSSER PREIS DER EIFEL 2020,Nürburgring,Germany,,,Permanent,,,0.3233424555971085,0.419202546965121,0.2574549974377705,3,False,Eifel Grand Prix,eifel_grand_prix,2020,2020-10-11,94.97826666666667,15,Mid,0.9839999999999947,False,False,False,True
RAI,Alfa Romeo Racing,41,0 days 00:01:32.879000,0 days 00:00:30.297000,0 days 00:00:38.670000,0 days 00:00:23.912000,Medium,31,2,,,1,True,0 days 01:05:03.549000,92.879,30.297,38.67,23.912,3903.549,3927.503,9.4,59.7,947.4,False,16.2,24,1.5,False,True,True,FORMULA 1 ARAMCO GROSSER PREIS DER EIFEL 2020,Nürburgring,Germany,,,Permanent,,,0.3261986024828002,0.41634815189655355,0.2574532456206462,3,False,Eifel Grand Prix,eifel_grand_prix,2020,2020-10-11,95.14329411764706,34,Mid,2.3670000000000044,False,False,False,True
GRO,Haas F1 Team,41,0 days 00:01:32.842000,0 days 00:00:30.407000,0 days 00:00:38.548000,0 days 00:00:23.887000,Hard,13,2,,,1,True,0 days 01:05:04.303000,92.842,30.407,38.548,23.887,3904.303,3927.503,9.4,59.7,947.4,False,16.2,24,1.5,False,True,True,FORMULA 1 ARAMCO GROSSER PREIS DER EIFEL 2020,Nürburgring,Germany,,,Permanent,,,0.3275134098791495,0.41520001723357963,0.25728657288727086,3,False,Eifel Grand Prix,eifel_grand_prix,2020,2020-10-11,97.07871875000001,32,Closing,1.2800000000000011,False,False,False,True
VET,Ferrari,41,0 days 00:01:37.666000,0 days 00:00:31.151000,0 days 00:00:39.127000,0 days 00:00:27.388000,Hard,30,2,0 days 01:05:04.072000,,1,False,0 days 01:05:05.912000,97.666,31.151,39.127,27.388,3905.912,3927.503,9.4,59.7,947.4,False,16.2,24,1.5,False,True,True,FORMULA 1 ARAMCO GROSSER PREIS DER EIFEL 2020,Nürburgring,Germany,,,Permanent,41.0,,0.318954395593144,0.40062048205107204,0.28042512235578404,3,False,Eifel Grand Prix,eifel_grand_prix,2020,2020-10-11,94.79276666666667,30,Mid,7.257999999999996,False,False,False,True
GIO,Alfa Romeo Racing,41,0 days 00:01:31.283000,0 days 00:00:29.750000,0 days 00:00:37.933000,0 days 00:00:23.600000,Medium,5,3,,,1,True,0 days 01:05:13.234000,91.283,29.75,37.933,23.6,3913.234,3927.503,9.4,59.7,947.4,False,16.2,24,1.5,False,True,True,FORMULA 1 ARAMCO GROSSER PREIS DER EIFEL 2020,Nürburgring,Germany,,,Permanent,,,0.325909534086303,0.41555382710910027,0.2585366388045967,3,False,Eifel Grand Prix,eifel_grand_prix,2020,2020-10-11,98.071625,24,Closing,0.3739999999999952,False,False,False,True
MAG,Haas F1 Team,41,0 days 00:01:31.386000,0 days 00:00:29.806000,0 days 00:00:37.879000,0 days 00:00:23.701000,Medium,7,3,,,1,True,0 days 01:05:16.521000,91.386,29.806,37.879,23.701,3916.521,3927.503,9.4,59.7,947.4,False,16.2,24,1.5,False,True,True,FORMULA 1 ARAMCO GROSSER PREIS DER EIFEL 2020,Nürburgring,Germany,,,Permanent,,,0.32615499091764605,0.4144945615302125,0.2593504475521415,3,False,Eifel Grand Prix,eifel_grand_prix,2020,2020-10-11,97.74053846153846,26,Closing,0.9299999999999926,False,False,False,True
LAT,Williams,41,0 days 00:01:31.382000,0 days 00:00:29.737000,0 days 00:00:37.844000,0 days 00:00:23.801000,Medium,8,3,,,1,True,0 days 01:05:22.229000,91.382,29.737,37.844,23.801,3922.229,3927.503,9.4,59.7,947.4,False,16.2,24,1.5,False,True,True,FORMULA 1 ARAMCO GROSSER PREIS DER EIFEL 2020,Nürburgring,Germany,,,Permanent,,,0.32541419535575933,0.4141296973145696,0.260456107329671,3,False,Eifel Grand Prix,eifel_grand_prix,2020,2020-10-11,97.57966666666665,27,Closing,0.005000000000009663,False,False,False,True
KVY,AlphaTauri,41,0 days 00:01:32.214000,0 days 00:00:29.962000,0 days 00:00:38.470000,0 days 00:00:23.782000,Hard,24,2,,,1,True,0 days 01:05:32.234000,92.214,29.962,38.47,23.782,3932.234,3927.503,9.4,59.7,947.4,False,16.2,24,1.5,False,True,True,FORMULA 1 ARAMCO GROSSER PREIS DER EIFEL 2020,Nürburgring,Germany,,,Permanent,,,0.3249181252304422,0.4171817728327586,0.2579001019367992,3,False,Eifel Grand Prix,eifel_grand_prix,2020,2020-10-11,95.20285185185185,27,Mid,0.0,False,False,False,True
RIC,Renault,42,0 days 00:01:31.096000,0 days 00:00:29.678000,0 days 00:00:37.925000,0 days 00:00:23.493000,Medium,26,2,,,1,True,0 days 01:05:42.249000,91.096,29.678,37.925,23.493,3942.249,3927.503,9.4,59.7,947.4,False,16.2,24,1.5,False,True,True,FORMULA 1 ARAMCO GROSSER PREIS DER EIFEL 2020,Nürburgring,Germany,,,Permanent,,,0.3257881795029419,0.4163190480372354,0.25789277245982256,3,False,Eifel Grand Prix,eifel_grand_prix,2020,2020-10-11,93.03992857142858,28,Mid,1.5120000000000005,False,False,False,True
PER,Racing Point,42,0 days 00:01:30.541000,0 days 00:00:29.638000,0 days 00:00:37.476000,0 days 00:00:23.427000,Medium,14,2,,,1,True,0 days 01:05:53.293000,90.541,29.638,37.476,23.427,3953.293,3927.503,9.4,59.7,947.4,False,16.2,24,1.5,False,True,True,FORMULA 1 ARAMCO GROSSER PREIS DER EIFEL 2020,Nürburgring,Germany,,,Permanent,,,0.32734341348118534,0.4139119294021493,0.2587446571166654,3,False,Eifel Grand Prix,eifel_grand_prix,2020,2020-10-11,94.94135294117646,17,Mid,0.840999999999994,False,False,False,True
SAI,McLaren,42,0 days 00:01:31.016000,0 days 00:00:29.718000,0 days 00:00:37.808000,0 days 00:00:23.490000,Medium,14,2,,,1,True,0 days 01:05:59.439000,91.016,29.718,37.808,23.49,3959.439,3987.499,9.5,59.9,947.4,False,16.0,34,1.3,False,True,True,FORMULA 1 ARAMCO GROSSER PREIS DER EIFEL 2020,Nürburgring,Germany,,,Permanent,,,0.32651401951305264,0.4153994901995253,0.258086490287422,3,False,Eifel Grand Prix,eifel_grand_prix,2020,2020-10-11,93.4670625,16,Mid,0.8870000000000005,False,False,False,True
HAM,Mercedes,43,0 days 00:01:30.463000,0 days 00:00:29.446000,0 days 00:00:37.812000,0 days 00:00:23.205000,Medium,27,2,,,1,True,0 days 01:06:02.446000,90.463,29.446,37.812,23.205,3962.446,3987.499,9.5,59.9,947.4,False,16.0,34,1.3,False,True,True,FORMULA 1 ARAMCO GROSSER PREIS DER EIFEL 2020,Nürburgring,Germany,,,Permanent,,,0.3255032444203708,0.4179830427909753,0.2565137127886539,3,False,Eifel Grand Prix,eifel_grand_prix,2020,2020-10-11,92.15575862068965,29,Mid,2.317999999999998,False,False,False,True
VER,Red Bull Racing,43,0 days 00:01:30.825000,0 days 00:00:29.485000,0 days 00:00:37.843000,0 days 00:00:23.497000,Medium,27,2,,,1,True,0 days 01:06:13.015000,90.825,29.485,37.843,23.497,3973.015,3987.499,9.5,59.9,947.4,False,16.0,34,1.3,False,True,True,FORMULA 1 ARAMCO GROSSER PREIS DER EIFEL 2020,Nürburgring,Germany,,,Permanent,,,0.32463528764106797,0.4166584090283513,0.25870630333058076,3,False,Eifel Grand Prix,eifel_grand_prix,2020,2020-10-11,92.39306896551724,29,Mid,2.686000000000007,False,False,False,True
NOR,McLaren,42,0 days 00:01:32.500000,0 days 00:00:30.228000,0 days 00:00:38.459000,0 days 00:00:23.813000,Medium,13,2,,,1,True,0 days 01:06:15.811000,92.5,30.228,38.459,23.813,3975.811,3987.499,9.5,59.9,947.4,False,16.0,34,1.3,False,True,True,FORMULA 1 ARAMCO GROSSER PREIS DER EIFEL 2020,Nürburgring,Germany,,,Permanent,,,0.3267891891891892,0.415772972972973,0.2574378378378378,3,False,Eifel Grand Prix,eifel_grand_prix,2020,2020-10-11,94.708,13,Closing,0.17199999999999704,False,False,False,True
LEC,Ferrari,42,0 days 00:01:31.010000,0 days 00:00:29.688000,0 days 00:00:37.803000,0 days 00:00:23.519000,Medium,12,3,,,1,True,0 days 01:06:24.101000,91.01,29.688,37.803,23.519,3984.101,3987.499,9.5,59.9,947.4,False,16.0,34,1.3,False,True,True,FORMULA 1 ARAMCO GROSSER PREIS DER EIFEL 2020,Nürburgring,Germany,,,Permanent,,,0.32620591143830346,0.4153719371497637,0.2584221514119327,3,False,Eifel Grand Prix,eifel_grand_prix,2020,2020-10-11,98.30688,25,Closing,0.2980000000000018,False,False,False,True
GAS,AlphaTauri,42,0 days 00:01:31.288000,0 days 00:00:29.710000,0 days 00:00:37.949000,0 days 00:00:23.629000,Hard,12,2,,,1,True,0 days 01:06:28.444000,91.288,29.71,37.949,23.629,3988.444,3987.499,9.5,59.9,947.4,False,16.0,34,1.3,False,True,True,FORMULA 1 ARAMCO GROSSER PREIS DER EIFEL 2020,Nürburgring,Germany,,,Permanent,,,0.32545350977127335,0.4157063359915871,0.25884015423713963,3,False,Eifel Grand Prix,eifel_grand_prix,2020,2020-10-11,94.93342857142856,14,Mid,1.1779999999999973,False,False,False,True
HUL,Racing Point,42,0 days 00:01:31.929000,0 days 00:00:29.892000,0 days 00:00:38.345000,0 days 00:00:23.692000,Medium,13,2,,,1,True,0 days 01:06:32.218000,91.929,29.892,38.345,23.692,3992.218,3987.499,9.5,59.9,947.4,False,16.0,34,1.3,False,True,True,FORMULA 1 ARAMCO GROSSER PREIS DER EIFEL 2020,Nürburgring,Germany,,,Permanent,,,0.325163985249486,0.4171153825234692,0.2577206322270448,3,False,Eifel Grand Prix,eifel_grand_prix,2020,2020-10-11,94.97826666666667,15,Mid,1.195999999999998,False,False,False,True
RAI,Alfa Romeo Racing,42,0 days 00:01:32.783000,0 days 00:00:30.426000,0 days 00:00:38.396000,0 days 00:00:23.961000,Medium,32,2,,,1,True,0 days 01:06:36.332000,92.783,30.426,38.396,23.961,3996.332,3987.499,9.5,59.9,947.4,False,16.0,34,1.3,False,True,True,FORMULA 1 ARAMCO GROSSER PREIS DER EIFEL 2020,Nürburgring,Germany,,,Permanent,,,0.32792645204401666,0.4138258086071802,0.25824773934880313,3,False,Eifel Grand Prix,eifel_grand_prix,2020,2020-10-11,95.14329411764706,34,Mid,2.271000000000001,False,False,False,True
GRO,Haas F1 Team,42,0 days 00:01:33.277000,0 days 00:00:31.044000,0 days 00:00:38.200000,0 days 00:00:24.033000,Hard,14,2,,,1,True,0 days 01:06:37.580000,93.277,31.044,38.2,24.033,3997.58,3987.499,9.5,59.9,947.4,False,16.0,34,1.3,False,True,True,FORMULA 1 ARAMCO GROSSER PREIS DER EIFEL 2020,Nürburgring,Germany,,,Permanent,,,0.33281516343793216,0.409532896641187,0.2576519399208808,3,False,Eifel Grand Prix,eifel_grand_prix,2020,2020-10-11,97.07871875000001,32,Closing,1.7150000000000034,False,False,False,True
GIO,Alfa Romeo Racing,42,0 days 00:01:31.368000,0 days 00:00:29.783000,0 days 00:00:37.924000,0 days 00:00:23.661000,Medium,6,3,,,1,True,0 days 01:06:44.602000,91.368,29.783,37.924,23.661,4004.602,3987.499,9.5,59.9,947.4,False,16.0,34,1.3,False,True,True,FORMULA 1 ARAMCO GROSSER PREIS DER EIFEL 2020,Nürburgring,Germany,,,Permanent,,,0.3259675159793363,0.41506873303563613,0.2589637509850276,3,False,Eifel Grand Prix,eifel_grand_prix,2020,2020-10-11,98.071625,24,Closing,0.458999999999989,False,False,False,True
MAG,Haas F1 Team,42,0 days 00:01:31.363000,0 days 00:00:29.768000,0 days 00:00:37.901000,0 days 00:00:23.694000,Medium,8,3,,,1,True,0 days 01:06:47.884000,91.363,29.768,37.901,23.694,4007.884,3987.499,9.5,59.9,947.4,False,16.0,34,1.3,False,True,True,FORMULA 1 ARAMCO GROSSER PREIS DER EIFEL 2020,Nürburgring,Germany,,,Permanent,,,0.32582117487385487,0.4148397053511816,0.2593391197749636,3,False,Eifel Grand Prix,eifel_grand_prix,2020,2020-10-11,97.74053846153846,26,Closing,0.9069999999999965,False,False,False,True
LAT,Williams,42,0 days 00:01:32.013000,0 days 00:00:30.070000,0 days 00:00:38.200000,0 days 00:00:23.743000,Medium,9,3,,,1,True,0 days 01:06:54.242000,92.013,30.07,38.2,23.743,4014.242,3987.499,9.5,59.9,947.4,False,16.0,34,1.3,False,True,True,FORMULA 1 ARAMCO GROSSER PREIS DER EIFEL 2020,Nürburgring,Germany,,,Permanent,,,0.32680164759327485,0.4151587275711041,0.25803962483562104,3,False,Eifel Grand Prix,eifel_grand_prix,2020,2020-10-11,97.57966666666665,27,Closing,0.6360000000000099,False,False,False,True
VET,Ferrari,42,0 days 00:01:52.527000,0 days 00:00:50.980000,0 days 00:00:38.241000,0 days 00:00:23.306000,Soft,1,3,,0 days 01:05:28.428000,1,False,0 days 01:06:58.439000,112.527,50.98,38.241,23.306,4018.439,4047.502,9.6,59.7,947.5,False,15.9,29,2.0,False,True,True,FORMULA 1 ARAMCO GROSSER PREIS DER EIFEL 2020,Nürburgring,Germany,,,Permanent,,,0.45304682431771925,0.33983843877469405,0.20711473690758664,3,False,Eifel Grand Prix,eifel_grand_prix,2020,2020-10-11,99.19994736842105,19,Closing,22.119,False,False,False,True
KVY,AlphaTauri,42,0 days 00:01:32.685000,0 days 00:00:30.250000,0 days 00:00:38.634000,0 days 00:00:23.801000,Hard,25,2,,,1,True,0 days 01:07:04.919000,92.685,30.25,38.634,23.801,4024.919,4047.502,9.6,59.7,947.5,False,15.9,29,2.0,False,True,True,FORMULA 1 ARAMCO GROSSER PREIS DER EIFEL 2020,Nürburgring,Germany,,,Permanent,,,0.3263742784700868,0.416831202459945,0.25679451906996814,3,False,Eifel Grand Prix,eifel_grand_prix,2020,2020-10-11,95.20285185185185,27,Mid,0.47100000000000364,False,False,False,True
RIC,Renault,43,0 days 00:01:31.447000,0 days 00:00:29.906000,0 days 00:00:38.016000,0 days 00:00:23.525000,Medium,27,2,,,1,True,0 days 01:07:13.696000,91.447,29.906,38.016,23.525,4033.696,4047.502,9.6,59.7,947.5,False,15.9,29,2.0,False,True,True,FORMULA 1 ARAMCO GROSSER PREIS DER EIFEL 2020,Nürburgring,Germany,,,Permanent,,,0.32703095782256386,0.4157162072019858,0.25725283497545026,3,False,Eifel Grand Prix,eifel_grand_prix,2020,2020-10-11,93.03992857142858,28,Mid,1.8629999999999995,False,False,False,True
PER,Racing Point,43,0 days 00:01:30.476000,0 days 00:00:29.667000,0 days 00:00:37.443000,0 days 00:00:23.366000,Medium,15,2,,,1,True,0 days 01:07:23.769000,90.476,29.667,37.443,23.366,4043.769,4047.502,9.6,59.7,947.5,False,15.9,29,2.0,False,True,True,FORMULA 1 ARAMCO GROSSER PREIS DER EIFEL 2020,Nürburgring,Germany,,,Permanent,,,0.32789911136655026,0.413844555462222,0.2582563331712277,3,False,Eifel Grand Prix,eifel_grand_prix,2020,2020-10-11,94.94135294117646,17,Mid,0.7759999999999962,False,False,False,True
SAI,McLaren,43,0 days 00:01:31.179000,0 days 00:00:29.778000,0 days 00:00:37.886000,0 days 00:00:23.515000,Medium,15,2,,,1,True,0 days 01:07:30.618000,91.179,29.778,37.886,23.515,4050.618,4047.502,9.6,59.7,947.5,False,15.9,29,2.0,False,True,True,FORMULA 1 ARAMCO GROSSER PREIS DER EIFEL 2020,Nürburgring,Germany,,,Permanent,,,0.326588359161649,0.4155123438511061,0.2578992969872449,3,False,Eifel Grand Prix,eifel_grand_prix,2020,2020-10-11,93.4670625,16,Mid,1.0499999999999972,False,False,False,True
HAM,Mercedes,44,0 days 00:01:30.448000,0 days 00:00:29.593000,0 days 00:00:37.702000,0 days 00:00:23.153000,Medium,28,2,,,1,True,0 days 01:07:32.894000,90.448,29.593,37.702,23.153,4052.894,4047.502,9.6,59.7,947.5,False,15.9,29,2.0,False,True,True,FORMULA 1 ARAMCO GROSSER PREIS DER EIFEL 2020,Nürburgring,Germany,,,Permanent,,,0.3271824694852291,0.41683619317176723,0.2559813373430037,3,False,Eifel Grand Prix,eifel_grand_prix,2020,2020-10-11,92.15575862068965,29,Mid,2.3029999999999973,False,False,False,True
VER,Red Bull Racing,44,0 days 00:01:30.988000,0 days 00:00:29.560000,0 days 00:00:37.898000,0 days 00:00:23.530000,Medium,28,2,,,12,True,0 days 01:07:44.003000,90.988,29.56,37.898,23.53,4064.003,4047.502,9.6,59.7,947.5,False,15.9,29,2.0,False,True,True,FORMULA 1 ARAMCO GROSSER PREIS DER EIFEL 2020,Nürburgring,Germany,,,Permanent,,,0.3248780058908867,0.4165164637095002,0.25860553039961315,3,False,Eifel Grand Prix,eifel_grand_prix,2020,2020-10-11,92.39306896551724,29,Mid,2.8490000000000038,False,False,False,True
LEC,Ferrari,43,0 days 00:01:31.029000,0 days 00:00:29.693000,0 days 00:00:37.773000,0 days 00:00:23.563000,Medium,13,3,,,12,True,0 days 01:07:55.130000,91.029,29.693,37.773,23.563,4075.13,4047.502,9.6,59.7,947.5,False,15.9,29,2.0,False,True,True,FORMULA 1 ARAMCO GROSSER PREIS DER EIFEL 2020,Nürburgring,Germany,,,Permanent,,,0.326192751760428,0.4149556734666975,0.25885157477287457,3,False,Eifel Grand Prix,eifel_grand_prix,2020,2020-10-11,98.30688,25,Closing,0.31699999999999307,False,False,False,True
GAS,AlphaTauri,43,0 days 00:01:31.516000,0 days 00:00:29.833000,0 days 00:00:38.067000,0 days 00:00:23.616000,Hard,13,2,,,12,True,0 days 01:07:59.960000,91.516,29.833,38.067,23.616,4079.96,4107.501,9.7,59.8,947.3,False,15.8,32,2.2,False,True,True,FORMULA 1 ARAMCO GROSSER PREIS DER EIFEL 2020,Nürburgring,Germany,,,Permanent,,,0.3259867127059749,0.41596005070151665,0.2580532365925084,3,False,Eifel Grand Prix,eifel_grand_prix,2020,2020-10-11,94.93342857142856,14,Mid,1.406000000000006,False,False,False,True
HUL,Racing Point,43,0 days 00:01:31.599000,0 days 00:00:29.744000,0 days 00:00:38.170000,0 days 00:00:23.685000,Medium,14,2,,,12,True,0 days 01:08:03.817000,91.599,29.744,38.17,23.685,4083.817,4107.501,9.7,59.8,947.3,False,15.8,32,2.2,False,True,True,FORMULA 1 ARAMCO GROSSER PREIS DER EIFEL 2020,Nürburgring,Germany,,,Permanent,,,0.3247197021801548,0.4167076059782312,0.25857269184161397,3,False,Eifel Grand Prix,eifel_grand_prix,2020,2020-10-11,94.97826666666667,15,Mid,0.8659999999999997,False,False,False,True
RAI,Alfa Romeo Racing,43,0 days 00:01:32.878000,0 days 00:00:30.382000,0 days 00:00:38.408000,0 days 00:00:24.088000,Medium,33,2,,,12,True,0 days 01:08:09.210000,92.878,30.382,38.408,24.088,4089.21,4107.501,9.7,59.8,947.3,False,15.8,32,2.2,False,True,True,FORMULA 1 ARAMCO GROSSER PREIS DER EIFEL 2020,Nürburgring,Germany,,,Permanent,,,0.3271172936540408,0.4135317297960766,0.25935097654988265,3,False,Eifel Grand Prix,eifel_grand_prix,2020,2020-10-11,95.14329411764706,34,Mid,2.3659999999999997,False,False,False,True
GRO,Haas F1 Team,43,0 days 00:01:32.547000,0 days 00:00:30.447000,0 days 00:00:38.222000,0 days 00:00:23.878000,Hard,15,2,,,12,True,0 days 01:08:10.127000,92.547,30.447,38.222,23.878,4090.127,4107.501,9.7,59.8,947.3,False,15.8,32,2.2,False,True,True,FORMULA 1 ARAMCO GROSSER PREIS DER EIFEL 2020,Nürburgring,Germany,,,Permanent,,,0.32898959447632015,0.41300096167352807,0.25800944385015184,3,False,Eifel Grand Prix,eifel_grand_prix,2020,2020-10-11,97.07871875000001,32,Closing,0.9849999999999994,False,False,False,True
GIO,Alfa Romeo Racing,43,0 days 00:01:31.516000,0 days 00:00:29.852000,0 days 00:00:37.884000,0 days 00:00:23.780000,Medium,7,3,,,12,True,0 days 01:08:16.118000,91.516,29.852,37.884,23.78,4096.118,4107.501,9.7,59.8,947.3,False,15.8,32,2.2,False,True,True,FORMULA 1 ARAMCO GROSSER PREIS DER EIFEL 2020,Nürburgring,Germany,,,Permanent,,,0.3261943266751169,0.4139604003671489,0.2598452729577342,3,False,Eifel Grand Prix,eifel_grand_prix,2020,2020-10-11,98.071625,24,Closing,0.6069999999999993,False,False,False,True
MAG,Haas F1 Team,43,0 days 00:01:31.696000,0 days 00:00:29.954000,0 days 00:00:37.949000,0 days 00:00:23.793000,Medium,9,3,,,12,True,0 days 01:08:19.580000,91.696,29.954,37.949,23.793,4099.58,4107.501,9.7,59.8,947.3,False,15.8,32,2.2,False,True,True,FORMULA 1 ARAMCO GROSSER PREIS DER EIFEL 2020,Nürburgring,Germany,,,Permanent,,,0.3266663758506369,0.41385665677892164,0.25947696737044146,3,False,Eifel Grand Prix,eifel_grand_prix,2020,2020-10-11,97.74053846153846,26,Closing,1.2399999999999949,False,False,False,True
LAT,Williams,43,0 days 00:01:31.978000,0 days 00:00:30.089000,0 days 00:00:38.084000,0 days 00:00:23.805000,Medium,10,3,,,12,True,0 days 01:08:26.220000,91.978,30.089,38.084,23.805,4106.22,4107.501,9.7,59.8,947.3,False,15.8,32,2.2,False,True,True,FORMULA 1 ARAMCO GROSSER PREIS DER EIFEL 2020,Nürburgring,Germany,,,Permanent,,,0.32713257518102157,0.4140555350192438,0.25881188979973474,3,False,Eifel Grand Prix,eifel_grand_prix,2020,2020-10-11,97.57966666666665,27,Closing,0.6009999999999991,False,False,False,True
VET,Ferrari,43,0 days 00:01:30.408000,0 days 00:00:29.538000,0 days 00:00:37.583000,0 days 00:00:23.287000,Soft,2,3,,,12,True,0 days 01:08:28.847000,90.408,29.538,37.583,23.287,4108.847,4107.501,9.7,59.8,947.3,False,15.8,32,2.2,False,True,True,FORMULA 1 ARAMCO GROSSER PREIS DER EIFEL 2020,Nürburgring,Germany,,,Permanent,,,0.32671887443589065,0.4157043624458012,0.2575767631183081,3,False,Eifel Grand Prix,eifel_grand_prix,2020,2020-10-11,99.19994736842105,19,Closing,0.0,False,False,False,True
KVY,AlphaTauri,43,0 days 00:01:33.627000,0 days 00:00:30.218000,0 days 00:00:38.656000,0 days 00:00:24.753000,Hard,26,2,,,124,False,0 days 01:08:38.546000,93.627,30.218,38.656,24.753,4118.546,4107.501,9.7,59.8,947.3,False,15.8,32,2.2,False,True,True,FORMULA 1 ARAMCO GROSSER PREIS DER EIFEL 2020,Nürburgring,Germany,,,Permanent,,,0.3227487797323422,0.41287235519668475,0.26437886507097313,3,False,Eifel Grand Prix,eifel_grand_prix,2020,2020-10-11,95.20285185185185,27,Mid,1.4129999999999967,True,False,False,True
RIC,Renault,44,0 days 00:01:37.214000,0 days 00:00:29.789000,0 days 00:00:38.271000,0 days 00:00:29.154000,Medium,28,2,0 days 01:08:49.064000,,124,False,0 days 01:08:50.910000,97.214,29.789,38.271,29.154,4130.91,4107.501,9.7,59.8,947.3,False,15.8,32,2.2,False,True,True,FORMULA 1 ARAMCO GROSSER PREIS DER EIFEL 2020,Nürburgring,Germany,,,Permanent,44.0,,0.3064270578311766,0.39367786532803917,0.29989507684078426,3,False,Eifel Grand Prix,eifel_grand_prix,2020,2020-10-11,93.03992857142858,28,Mid,7.6299999999999955,True,False,False,True
PER,Racing Point,44,0 days 00:01:37.965000,0 days 00:00:29.463000,0 days 00:00:37.934000,0 days 00:00:30.568000,Medium,16,2,,,124,False,0 days 01:09:01.734000,97.965,29.463,37.934,30.568,4141.734,4167.509,9.8,59.5,947.4,False,15.9,74,1.1,False,True,True,FORMULA 1 ARAMCO GROSSER PREIS DER EIFEL 2020,Nürburgring,Germany,,,Permanent,,,0.3007502679528403,0.387219925483591,0.3120298065635686,1,False,Eifel Grand Prix,eifel_grand_prix,2020,2020-10-11,94.94135294117646,17,Mid,8.265,True,False,False,True
SAI,McLaren,44,0 days 00:01:44.127000,0 days 00:00:29.656000,0 days 00:00:39.869000,0 days 00:00:34.602000,Medium,16,2,0 days 01:09:12.889000,,124,False,0 days 01:09:14.745000,104.127,29.656,39.869,34.602,4154.745,4167.509,9.8,59.5,947.4,False,15.9,74,1.1,False,True,True,FORMULA 1 ARAMCO GROSSER PREIS DER EIFEL 2020,Nürburgring,Germany,,,Permanent,44.0,,0.2848060541454186,0.38288820382801775,0.3323057420265637,1,False,Eifel Grand Prix,eifel_grand_prix,2020,2020-10-11,93.4670625,16,Mid,13.99799999999999,True,False,False,True
HAM,Mercedes,45,0 days 00:01:46.683000,0 days 00:00:29.638000,0 days 00:00:45.700000,0 days 00:00:31.345000,Medium,29,2,0 days 01:09:17.716000,,124,False,0 days 01:09:19.577000,106.683,29.638,45.7,31.345,4159.577,4167.509,9.8,59.5,947.4,False,15.9,74,1.1,False,True,True,FORMULA 1 ARAMCO GROSSER PREIS DER EIFEL 2020,Nürburgring,Germany,,,Permanent,45.0,,0.2778137097756906,0.42837190555196236,0.293814384672347,1,False,Eifel Grand Prix,eifel_grand_prix,2020,2020-10-11,92.15575862068965,29,Mid,18.53800000000001,True,False,False,True
VER,Red Bull Racing,45,0 days 00:01:47.798000,0 days 00:00:29.552000,0 days 00:00:47.810000,0 days 00:00:30.436000,Medium,29,2,0 days 01:09:29.995000,,24,False,0 days 01:09:31.801000,107.798,29.552,47.81,30.436,4171.801,4167.509,9.8,59.5,947.4,False,15.9,74,1.1,False,True,True,FORMULA 1 ARAMCO GROSSER PREIS DER EIFEL 2020,Nürburgring,Germany,,,Permanent,45.0,,0.2741423774095994,0.44351472197999964,0.2823429006104009,1,False,Eifel Grand Prix,eifel_grand_prix,2020,2020-10-11,92.39306896551724,29,Mid,19.659000000000006,True,False,False,True
LEC,Ferrari,44,0 days 00:01:52.710000,0 days 00:00:29.711000,0 days 00:00:49.499000,0 days 00:00:33.500000,Medium,14,3,,,24,False,0 days 01:09:47.840000,112.71,29.711,49.499,33.5,4187.84,4167.509,9.8,59.5,947.4,False,15.9,74,1.1,False,True,True,FORMULA 1 ARAMCO GROSSER PREIS DER EIFEL 2020,Nürburgring,Germany,,,Permanent,,,0.26360571377872416,0.4391713246384527,0.2972229615828232,1,False,Eifel Grand Prix,eifel_grand_prix,2020,2020-10-11,98.30688,25,Closing,21.99799999999999,True,False,False,True
GAS,AlphaTauri,44,0 days 00:01:52.211000,0 days 00:00:29.794000,0 days 00:00:50.972000,0 days 00:00:31.445000,Hard,14,2,0 days 01:09:50.327000,,24,False,0 days 01:09:52.171000,112.211,29.794,50.972,31.445,4192.171,4167.509,9.8,59.5,947.4,False,15.9,74,1.1,False,True,True,FORMULA 1 ARAMCO GROSSER PREIS DER EIFEL 2020,Nürburgring,Germany,,,Permanent,44.0,,0.2655176408729982,0.45425136573063246,0.28023099339636937,1,False,Eifel Grand Prix,eifel_grand_prix,2020,2020-10-11,94.93342857142856,14,Mid,22.101,True,False,False,True
HUL,Racing Point,44,0 days 00:01:52.748000,0 days 00:00:29.758000,0 days 00:00:51.630000,0 days 00:00:31.360000,Medium,15,2,0 days 01:09:54.693000,,24,False,0 days 01:09:56.565000,112.748,29.758,51.63,31.36,4196.565,4167.509,9.8,59.5,947.4,False,15.9,74,1.1,False,True,True,FORMULA 1 ARAMCO GROSSER PREIS DER EIFEL 2020,Nürburgring,Germany,,,Permanent,44.0,,0.2639337283144712,0.45792386561180687,0.2781424060737219,1,False,Eifel Grand Prix,eifel_grand_prix,2020,2020-10-11,94.97826666666667,15,Mid,22.015,True,False,False,True
RAI,Alfa Romeo Racing,44,0 days 00:01:55.870000,0 days 00:00:36.591000,0 days 00:00:47.724000,0 days 00:00:31.555000,Medium,34,2,0 days 01:10:03.222000,,24,False,0 days 01:10:05.080000,115.87,36.591,47.724,31.555,4205.08,4227.506,9.9,58.5,947.3,False,15.9,35,1.4,False,True,True,FORMULA 1 ARAMCO GROSSER PREIS DER EIFEL 2020,Nürburgring,Germany,,,Permanent,44.0,,0.3157935617502373,0.4118753775783205,0.27233106067144214,3,False,Eifel Grand Prix,eifel_grand_prix,2020,2020-10-11,95.14329411764706,34,Mid,25.358000000000004,True,False,False,True
GRO,Haas F1 Team,44,0 days 00:01:55.473000,0 days 00:00:37.340000,0 days 00:00:48.899000,0 days 00:00:29.234000,Hard,16,2,,,24,False,0 days 01:10:05.600000,115.473,37.34,48.899,29.234,4205.6,4227.506,9.9,58.5,947.3,False,15.9,35,1.4,False,True,True,FORMULA 1 ARAMCO GROSSER PREIS DER EIFEL 2020,Nürburgring,Germany,,,Permanent,,,0.32336563525672674,0.42346695764377823,0.25316740709949515,3,False,Eifel Grand Prix,eifel_grand_prix,2020,2020-10-11,97.07871875000001,32,Closing,23.911,True,False,False,True
GIO,Alfa Romeo Racing,44,0 days 00:01:56.253000,0 days 00:00:36.608000,0 days 00:00:48.361000,0 days 00:00:31.284000,Medium,8,3,,,24,False,0 days 01:10:12.371000,116.253,36.608,48.361,31.284,4212.371,4227.506,9.9,58.5,947.3,False,15.9,35,1.4,False,True,True,FORMULA 1 ARAMCO GROSSER PREIS DER EIFEL 2020,Nürburgring,Germany,,,Permanent,,,0.31489940044557985,0.415997866721719,0.2691027328327011,3,False,Eifel Grand Prix,eifel_grand_prix,2020,2020-10-11,98.071625,24,Closing,25.343999999999994,True,False,False,True
MAG,Haas F1 Team,44,0 days 00:01:58,0 days 00:00:35.940000,0 days 00:00:49.551000,0 days 00:00:32.509000,Medium,10,3,,,24,False,0 days 01:10:17.580000,118.0,35.94,49.551,32.509,4217.58,4227.506,9.9,58.5,947.3,False,15.9,35,1.4,False,True,True,FORMULA 1 ARAMCO GROSSER PREIS DER EIFEL 2020,Nürburgring,Germany,,,Permanent,,,0.30457627118644065,0.4199237288135593,0.2755,3,False,Eifel Grand Prix,eifel_grand_prix,2020,2020-10-11,97.74053846153846,26,Closing,27.543999999999997,True,False,False,True
LAT,Williams,44,0 days 00:02:00.361000,0 days 00:00:36.722000,0 days 00:00:51.409000,0 days 00:00:32.230000,Medium,11,3,,,24,False,0 days 01:10:26.581000,120.361,36.722,51.409,32.23,4226.581,4227.506,9.9,58.5,947.3,False,15.9,35,1.4,False,True,True,FORMULA 1 ARAMCO GROSSER PREIS DER EIFEL 2020,Nürburgring,Germany,,,Permanent,,,0.30509882769335583,0.42712340376035424,0.2677777685462899,3,False,Eifel Grand Prix,eifel_grand_prix,2020,2020-10-11,97.57966666666665,27,Closing,28.98400000000001,True,False,False,True
VET,Ferrari,44,0 days 00:01:59.674000,0 days 00:00:38.080000,0 days 00:00:50.127000,0 days 00:00:31.467000,Soft,3,3,,,24,False,0 days 01:10:28.521000,119.674,38.08,50.127,31.467,4228.521,4227.506,9.9,58.5,947.3,False,15.9,35,1.4,False,True,True,FORMULA 1 ARAMCO GROSSER PREIS DER EIFEL 2020,Nürburgring,Germany,,,Permanent,,,0.3181977706101576,0.4188629109079666,0.26293931848187574,3,False,Eifel Grand Prix,eifel_grand_prix,2020,2020-10-11,99.19994736842105,19,Closing,29.266000000000005,True,False,False,True
KVY,AlphaTauri,44,0 days 00:02:04.888000,0 days 00:00:40.834000,0 days 00:00:51.577000,0 days 00:00:32.477000,Hard,27,2,0 days 01:10:41.578000,,4,False,0 days 01:10:43.434000,124.888,40.834,51.577,32.477,4243.434,4227.506,9.9,58.5,947.3,False,15.9,35,1.4,False,True,True,FORMULA 1 ARAMCO GROSSER PREIS DER EIFEL 2020,Nürburgring,Germany,,,Permanent,44.0,,0.3269649606047018,0.41298603548779705,0.2600490039075011,3,False,Eifel Grand Prix,eifel_grand_prix,2020,2020-10-11,95.20285185185185,27,Mid,32.67400000000001,True,False,False,True
PER,Racing Point,45,0 days 00:02:03.507000,0 days 00:00:38.823000,0 days 00:00:53.336000,0 days 00:00:31.348000,Medium,17,2,0 days 01:11:03.359000,,4,False,0 days 01:11:05.241000,123.507,38.823,53.336,31.348,4265.241,4287.507,9.7,58.5,947.3,False,15.6,89,1.9,False,True,True,FORMULA 1 ARAMCO GROSSER PREIS DER EIFEL 2020,Nürburgring,Germany,,,Permanent,45.0,,0.31433845854890813,0.43184596824471483,0.25381557320637693,3,False,Eifel Grand Prix,eifel_grand_prix,2020,2020-10-11,94.94135294117646,17,Mid,33.807,True,False,False,True
RIC,Renault,45,0 days 00:02:16.010000,0 days 00:00:54.337000,0 days 00:00:52.172000,0 days 00:00:29.501000,Soft,4,3,,0 days 01:09:11.585000,4,False,0 days 01:11:06.920000,136.01,54.337,52.172,29.501,4266.92,4287.507,9.7,58.5,947.3,False,15.6,89,1.9,False,True,True,FORMULA 1 ARAMCO GROSSER PREIS DER EIFEL 2020,Nürburgring,Germany,,,Permanent,,,0.3995073891625616,0.3835894419527976,0.21690316888464087,3,False,Eifel Grand Prix,eifel_grand_prix,2020,2020-10-11,102.10025,16,Closing,46.42599999999999,True,False,False,True
SAI,McLaren,45,0 days 00:02:10.382000,0 days 00:00:50.425000,0 days 00:00:51.648000,0 days 00:00:28.309000,Soft,4,3,,0 days 01:09:35.379000,4,False,0 days 01:11:25.127000,130.382,50.425,51.648,28.309,4285.127,4287.507,9.7,58.5,947.3,False,15.6,89,1.9,False,True,True,FORMULA 1 ARAMCO GROSSER PREIS DER EIFEL 2020,Nürburgring,Germany,,,Permanent,,,0.3867481707597674,0.39612829991870047,0.21712352932153212,3,False,Eifel Grand Prix,eifel_grand_prix,2020,2020-10-11,101.0663125,16,Closing,40.253,True,False,False,True
LEC,Ferrari,45,0 days 00:02:13.677000,0 days 00:00:37.065000,0 days 00:00:59.630000,0 days 00:00:36.982000,Medium,15,3,,,4,False,0 days 01:12:01.517000,133.677,37.065,59.63,36.982,4321.517,4347.505,9.4,59.2,947.4,False,15.3,20,0.3,False,True,True,FORMULA 1 ARAMCO GROSSER PREIS DER EIFEL 2020,Nürburgring,Germany,,,Permanent,,,0.2772728292825243,0.44607524106615204,0.27665192965132374,3,False,Eifel Grand Prix,eifel_grand_prix,2020,2020-10-11,98.30688,25,Closing,42.96499999999999,True,False,False,True
GRO,Haas F1 Team,45,0 days 00:02:01.416000,0 days 00:00:40.918000,0 days 00:00:49.821000,0 days 00:00:30.677000,Hard,17,2,,,4,False,0 days 01:12:07.016000,121.416,40.918,49.821,30.677,4327.016,4347.505,9.4,59.2,947.4,False,15.3,20,0.3,False,True,True,FORMULA 1 ARAMCO GROSSER PREIS DER EIFEL 2020,Nürburgring,Germany,,,Permanent,,,0.3370066548066153,0.4103330697766357,0.252660275416749,3,False,Eifel Grand Prix,eifel_grand_prix,2020,2020-10-11,97.07871875000001,32,Closing,29.854,True,False,False,True
GAS,AlphaTauri,45,0 days 00:02:16.550000,0 days 00:00:55.712000,0 days 00:00:50.234000,0 days 00:00:30.604000,Soft,1,3,,0 days 01:10:13.262000,4,False,0 days 01:12:08.721000,136.55,55.712,50.234,30.604,4328.721,4347.505,9.4,59.2,947.4,False,15.3,20,0.3,False,True,True,FORMULA 1 ARAMCO GROSSER PREIS DER EIFEL 2020,Nürburgring,Germany,,,Permanent,,,0.4079970706700842,0.36787989747345295,0.22412303185646282,3,False,Eifel Grand Prix,eifel_grand_prix,2020,2020-10-11,98.781,16,Closing,46.44000000000001,True,False,False,True
HUL,Racing Point,45,0 days 00:02:14.744000,0 days 00:00:53.639000,0 days 00:00:51.066000,0 days 00:00:30.039000,Soft,1,3,,0 days 01:10:17.303000,4,False,0 days 01:12:11.309000,134.744,53.639,51.066,30.039,4331.309,4347.505,9.4,59.2,947.4,False,15.3,20,0.3,False,True,True,FORMULA 1 ARAMCO GROSSER PREIS DER EIFEL 2020,Nürburgring,Germany,,,Permanent,,,0.39808080508223004,0.37898533515406996,0.22293385976370006,3,False,Eifel Grand Prix,eifel_grand_prix,2020,2020-10-11,99.12075,16,Closing,44.010999999999996,True,False,False,True
GIO,Alfa Romeo Racing,45,0 days 00:02:01.243000,0 days 00:00:38.998000,0 days 00:00:51.921000,0 days 00:00:30.324000,Medium,9,3,,,4,False,0 days 01:12:13.614000,121.243,38.998,51.921,30.324,4333.614,4347.505,9.4,59.2,947.4,False,15.3,20,0.3,False,True,True,FORMULA 1 ARAMCO GROSSER PREIS DER EIFEL 2020,Nürburgring,Germany,,,Permanent,,,0.32165155926527716,0.4282391560749899,0.250109284659733,3,False,Eifel Grand Prix,eifel_grand_prix,2020,2020-10-11,98.071625,24,Closing,30.33399999999999,True,False,False,True
MAG,Haas F1 Team,45,0 days 00:02:01.337000,0 days 00:00:38.625000,0 days 00:00:51.897000,0 days 00:00:30.815000,Medium,11,3,,,4,False,0 days 01:12:18.917000,121.337,38.625,51.897,30.815,4338.917,4347.505,9.4,59.2,947.4,False,15.3,20,0.3,False,True,True,FORMULA 1 ARAMCO GROSSER PREIS DER EIFEL 2020,Nürburgring,Germany,,,Permanent,,,0.31832829227688175,0.4277096021823516,0.25396210554076665,3,False,Eifel Grand Prix,eifel_grand_prix,2020,2020-10-11,97.74053846153846,26,Closing,30.881,True,False,False,True
LAT,Williams,45,0 days 00:02:00.810000,0 days 00:00:37.319000,0 days 00:00:51.692000,0 days 00:00:31.799000,Medium,12,3,,,4,False,0 days 01:12:27.391000,120.81,37.319,51.692,31.799,4347.391,4347.505,9.4,59.2,947.4,False,15.3,20,0.3,False,True,True,FORMULA 1 ARAMCO GROSSER PREIS DER EIFEL 2020,Nürburgring,Germany,,,Permanent,,,0.30890654747123586,0.4278784868802251,0.263214965648539,3,False,Eifel Grand Prix,eifel_grand_prix,2020,2020-10-11,97.57966666666665,27,Closing,29.433000000000007,True,False,False,True
VET,Ferrari,45,0 days 00:02:01.398000,0 days 00:00:39.716000,0 days 00:00:51.210000,0 days 00:00:30.472000,Soft,4,3,,,4,False,0 days 01:12:29.919000,121.398,39.716,51.21,30.472,4349.919,4347.505,9.4,59.2,947.4,False,15.3,20,0.3,False,True,True,FORMULA 1 ARAMCO GROSSER PREIS DER EIFEL 2020,Nürburgring,Germany,,,Permanent,,,0.32715530733619996,0.4218356150842683,0.2510090775795318,3,False,Eifel Grand Prix,eifel_grand_prix,2020,2020-10-11,99.19994736842105,19,Closing,30.989999999999995,True,False,False,True
RAI,Alfa Romeo Racing,45,0 days 00:02:27.196000,0 days 00:01:04.736000,0 days 00:00:51.419000,0 days 00:00:31.041000,Soft,1,3,,0 days 01:10:36.334000,4,False,0 days 01:12:32.276000,147.196,64.736,51.419,31.041,4352.276,4347.505,9.4,59.2,947.4,False,15.3,20,0.3,False,True,True,FORMULA 1 ARAMCO GROSSER PREIS DER EIFEL 2020,Nürburgring,Germany,,,Permanent,,,0.4397945596347727,0.3493233511780211,0.2108820891872062,3,False,Eifel Grand Prix,eifel_grand_prix,2020,2020-10-11,99.1435625,16,Closing,56.684,True,False,False,True
KVY,AlphaTauri,45,0 days 00:02:13.700000,0 days 00:00:53.517000,0 days 00:00:50.784000,0 days 00:00:29.399000,Soft,1,3,,0 days 01:11:04.115000,4,False,0 days 01:12:57.134000,133.7,53.517,50.784,29.399,4377.134,4347.505,9.4,59.2,947.4,False,15.3,20,0.3,False,True,True,FORMULA 1 ARAMCO GROSSER PREIS DER EIFEL 2020,Nürburgring,Germany,,,Permanent,,,0.4002767389678385,0.37983545250560957,0.21988780852655201,3,False,Eifel Grand Prix,eifel_grand_prix,2020,2020-10-11,97.6284375,16,Closing,41.48599999999999,True,False,False,True
RIC,Renault,46,0 days 00:01:51.967000,0 days 00:00:33.291000,0 days 00:00:48.273000,0 days 00:00:30.403000,Soft,5,3,,,4,False,0 days 01:12:58.887000,111.967,33.291,48.273,30.403,4378.887,4407.507,9.3,60.0,947.4,False,15.1,122,0.5,False,True,True,FORMULA 1 ARAMCO GROSSER PREIS DER EIFEL 2020,Nürburgring,Germany,,,Permanent,,,0.297328677199532,0.43113595970241236,0.27153536309805565,3,False,Eifel Grand Prix,eifel_grand_prix,2020,2020-10-11,102.10025,16,Closing,22.382999999999996,True,False,False,True
PER,Racing Point,46,0 days 00:02:03.907000,0 days 00:00:51.091000,0 days 00:00:44.532000,0 days 00:00:28.284000,Soft,4,3,,0 days 01:11:25.887000,4,False,0 days 01:13:09.148000,123.907,51.091,44.532,28.284,4389.148,4407.507,9.3,60.0,947.4,False,15.1,122,0.5,False,True,True,FORMULA 1 ARAMCO GROSSER PREIS DER EIFEL 2020,Nürburgring,Germany,,,Permanent,,,0.41233344363111046,0.35939858119395995,0.22826797517492958,3,False,Eifel Grand Prix,eifel_grand_prix,2020,2020-10-11,100.04866666666666,15,Closing,34.206999999999994,True,False,False,True
SAI,McLaren,46,0 days 00:01:46.219000,0 days 00:00:32.756000,0 days 00:00:45.003000,0 days 00:00:28.460000,Soft,5,3,,,4,False,0 days 01:13:11.346000,106.219,32.756,45.003,28.46,4391.346,4407.507,9.3,60.0,947.4,False,15.1,122,0.5,False,True,True,FORMULA 1 ARAMCO GROSSER PREIS DER EIFEL 2020,Nürburgring,Germany,,,Permanent,,,0.3083817396134402,0.4236812622977057,0.2679369980888542,3,False,Eifel Grand Prix,eifel_grand_prix,2020,2020-10-11,101.0663125,16,Closing,16.08999999999999,True,False,False,True
LEC,Ferrari,46,0 days 00:02:21.611000,0 days 00:00:49.458000,0 days 00:01:05.334000,0 days 00:00:26.819000,Medium,16,3,,,4,False,0 days 01:14:23.128000,141.611,49.458,65.334,26.819,4463.128,4467.507,9.4,59.3,947.3,False,15.6,0,0.8,False,True,True,FORMULA 1 ARAMCO GROSSER PREIS DER EIFEL 2020,Nürburgring,Germany,,,Permanent,,,0.3492525298175989,0.4613624647802784,0.18938500540212272,3,False,Eifel Grand Prix,eifel_grand_prix,2020,2020-10-11,98.30688,25,Closing,50.89899999999999,True,False,False,True
GRO,Haas F1 Team,46,0 days 00:02:19.735000,0 days 00:00:47.871000,0 days 00:01:04.700000,0 days 00:00:27.164000,Hard,18,2,,,4,False,0 days 01:14:26.751000,139.735,47.871,64.7,27.164,4466.751,4467.507,9.4,59.3,947.3,False,15.6,0,0.8,False,True,True,FORMULA 1 ARAMCO GROSSER PREIS DER EIFEL 2020,Nürburgring,Germany,,,Permanent,,,0.342584177192543,0.46301928650660173,0.19439653630085518,3,False,Eifel Grand Prix,eifel_grand_prix,2020,2020-10-11,97.07871875000001,32,Closing,48.173000000000016,True,False,False,True
GAS,AlphaTauri,46,0 days 00:02:19.190000,0 days 00:00:47.821000,0 days 00:01:03.872000,0 days 00:00:27.497000,Soft,2,3,,,4,False,0 days 01:14:27.911000,139.19,47.821,63.872,27.497,4467.911,4467.507,9.4,59.3,947.3,False,15.6,0,0.8,False,True,True,FORMULA 1 ARAMCO GROSSER PREIS DER EIFEL 2020,Nürburgring,Germany,,,Permanent,,,0.34356634815719517,0.4588835404842302,0.19755011135857461,3,False,Eifel Grand Prix,eifel_grand_prix,2020,2020-10-11,98.781,16,Closing,49.08,True,False,False,True
HUL,Racing Point,46,0 days 00:02:17.412000,0 days 00:00:45.892000,0 days 00:01:04.019000,0 days 00:00:27.501000,Soft,2,3,,,4,False,0 days 01:14:28.721000,137.412,45.892,64.019,27.501,4468.721,4467.507,9.4,59.3,947.3,False,15.6,0,0.8,False,True,True,FORMULA 1 ARAMCO GROSSER PREIS DER EIFEL 2020,Nürburgring,Germany,,,Permanent,,,0.3339737431956452,0.46589089744709344,0.20013535935726137,3,False,Eifel Grand Prix,eifel_grand_prix,2020,2020-10-11,99.12075,16,Closing,46.679,True,False,False,True
GIO,Alfa Romeo Racing,46,0 days 00:02:16.759000,0 days 00:00:44.337000,0 days 00:01:04.229000,0 days 00:00:28.193000,Medium,10,3,,,4,False,0 days 01:14:30.373000,136.759,44.337,64.229,28.193,4470.373,4467.507,9.4,59.3,947.3,False,15.6,0,0.8,False,True,True,FORMULA 1 ARAMCO GROSSER PREIS DER EIFEL 2020,Nürburgring,Germany,,,Permanent,,,0.32419804181077666,0.4696509918908445,0.20615096629837892,3,False,Eifel Grand Prix,eifel_grand_prix,2020,2020-10-11,98.071625,24,Closing,45.84999999999998,True,False,False,True
MAG,Haas F1 Team,46,0 days 00:02:13.778000,0 days 00:00:40.096000,0 days 00:01:04.305000,0 days 00:00:29.377000,Medium,12,3,,,4,False,0 days 01:14:32.695000,133.778,40.096,64.305,29.377,4472.695,4467.507,9.4,59.3,947.3,False,15.6,0,0.8,False,True,True,FORMULA 1 ARAMCO GROSSER PREIS DER EIFEL 2020,Nürburgring,Germany,,,Permanent,,,0.29972043235808576,0.48068441746774515,0.21959515017416914,3,False,Eifel Grand Prix,eifel_grand_prix,2020,2020-10-11,97.74053846153846,26,Closing,43.32199999999999,True,False,False,True
LAT,Williams,46,0 days 00:02:06.145000,0 days 00:00:33.935000,0 days 00:01:02.710000,0 days 00:00:29.500000,Medium,13,3,,,4,False,0 days 01:14:33.536000,126.145,33.935,62.71,29.5,4473.536,4467.507,9.4,59.3,947.3,False,15.6,0,0.8,False,True,True,FORMULA 1 ARAMCO GROSSER PREIS DER EIFEL 2020,Nürburgring,Germany,,,Permanent,,,0.2690158151333783,0.4971263228823973,0.2338578619842245,3,False,Eifel Grand Prix,eifel_grand_prix,2020,2020-10-11,97.57966666666665,27,Closing,34.768,True,False,False,True
VET,Ferrari,46,0 days 00:02:06.439000,0 days 00:00:34.923000,0 days 00:01:00.180000,0 days 00:00:31.336000,Soft,5,3,,,4,False,0 days 01:14:36.358000,126.439,34.923,60.18,31.336,4476.358,4467.507,9.4,59.3,947.3,False,15.6,0,0.8,False,True,True,FORMULA 1 ARAMCO GROSSER PREIS DER EIFEL 2020,Nürburgring,Germany,,,Permanent,,,0.2762043356875648,0.4759607399615625,0.24783492435087276,3,False,Eifel Grand Prix,eifel_grand_prix,2020,2020-10-11,99.19994736842105,19,Closing,36.03099999999999,True,False,False,True
RAI,Alfa Romeo Racing,46,0 days 00:02:05.724000,0 days 00:00:33.348000,0 days 00:01:00.994000,0 days 00:00:31.382000,Soft,2,3,,,4,False,0 days 01:14:38,125.724,33.348,60.994,31.382,4478.0,4467.507,9.4,59.3,947.3,False,15.6,0,0.8,False,True,True,FORMULA 1 ARAMCO GROSSER PREIS DER EIFEL 2020,Nürburgring,Germany,,,Permanent,,,0.2652476854061277,0.4851420572046705,0.24961025738920176,3,False,Eifel Grand Prix,eifel_grand_prix,2020,2020-10-11,99.1435625,16,Closing,35.212,True,False,False,True
KVY,AlphaTauri,46,0 days 00:01:43.008000,0 days 00:00:31.765000,0 days 00:00:40.157000,0 days 00:00:31.086000,Soft,2,3,,,4,False,0 days 01:14:40.142000,103.008,31.765,40.157,31.086,4480.142,4467.507,9.4,59.3,947.3,False,15.6,0,0.8,False,True,True,FORMULA 1 ARAMCO GROSSER PREIS DER EIFEL 2020,Nürburgring,Germany,,,Permanent,,,0.3083741068654862,0.38984350730040385,0.30178238583411,3,False,Eifel Grand Prix,eifel_grand_prix,2020,2020-10-11,97.6284375,16,Closing,10.793999999999997,True,False,False,True
RIC,Renault,47,0 days 00:01:46.951000,0 days 00:00:32.173000,0 days 00:00:43.677000,0 days 00:00:31.101000,Soft,6,3,,,4,False,0 days 01:14:45.838000,106.951,32.173,43.677,31.101,4485.838,4467.507,9.4,59.3,947.3,False,15.6,0,0.8,False,True,True,FORMULA 1 ARAMCO GROSSER PREIS DER EIFEL 2020,Nürburgring,Germany,,,Permanent,,,0.30082000168301376,0.40838327832371835,0.29079671999326795,3,False,Eifel Grand Prix,eifel_grand_prix,2020,2020-10-11,102.10025,16,Closing,17.36699999999999,True,False,False,True
PER,Racing Point,47,0 days 00:01:42.868000,0 days 00:00:33.415000,0 days 00:00:44.254000,0 days 00:00:25.199000,Soft,5,3,,,4,False,0 days 01:14:52.016000,102.868,33.415,44.254,25.199,4492.016,4467.507,9.4,59.3,947.3,False,15.6,0,0.8,False,True,True,FORMULA 1 ARAMCO GROSSER PREIS DER EIFEL 2020,Nürburgring,Germany,,,Permanent,,,0.32483376754675897,0.4302018120309523,0.24496442042228878,3,False,Eifel Grand Prix,eifel_grand_prix,2020,2020-10-11,100.04866666666666,15,Closing,13.167999999999992,True,False,False,True
SAI,McLaren,47,0 days 00:01:42.354000,0 days 00:00:32.961000,0 days 00:00:43.919000,0 days 00:00:25.474000,Soft,6,3,,,4,False,0 days 01:14:53.700000,102.354,32.961,43.919,25.474,4493.7,4467.507,9.4,59.3,947.3,False,15.6,0,0.8,False,True,True,FORMULA 1 ARAMCO GROSSER PREIS DER EIFEL 2020,Nürburgring,Germany,,,Permanent,,,0.32202942728178674,0.42908923930671977,0.24888133341149346,3,False,Eifel Grand Prix,eifel_grand_prix,2020,2020-10-11,101.0663125,16,Closing,12.224999999999994,True,False,False,True
LEC,Ferrari,47,0 days 00:01:35.301000,0 days 00:00:31.965000,0 days 00:00:39.230000,0 days 00:00:24.106000,Medium,17,3,,,4,False,0 days 01:15:58.429000,95.301,31.965,39.23,24.106,4558.429,4587.51,9.6,59.2,947.3,False,16.3,188,1.3,False,True,True,FORMULA 1 ARAMCO GROSSER PREIS DER EIFEL 2020,Nürburgring,Germany,,,Permanent,,,0.3354109610602197,0.4116431097260259,0.2529459292137543,3,False,Eifel Grand Prix,eifel_grand_prix,2020,2020-10-11,98.30688,25,Closing,4.588999999999999,True,False,False,True
GRO,Haas F1 Team,47,0 days 00:01:35.653000,0 days 00:00:31.954000,0 days 00:00:39.347000,0 days 00:00:24.352000,Hard,19,2,,,4,False,0 days 01:16:02.404000,95.653,31.954,39.347,24.352,4562.404,4587.51,9.6,59.2,947.3,False,16.3,188,1.3,False,True,True,FORMULA 1 ARAMCO GROSSER PREIS DER EIFEL 2020,Nürburgring,Germany,,,Permanent,,,0.3340616603765695,0.41135144741931773,0.2545868922041128,3,False,Eifel Grand Prix,eifel_grand_prix,2020,2020-10-11,97.07871875000001,32,Closing,4.091000000000008,True,False,False,True
GAS,AlphaTauri,47,0 days 00:01:35.896000,0 days 00:00:31.848000,0 days 00:00:39.713000,0 days 00:00:24.335000,Soft,3,3,,,4,False,0 days 01:16:03.807000,95.896,31.848,39.713,24.335,4563.807,4587.51,9.6,59.2,947.3,False,16.3,188,1.3,False,True,True,FORMULA 1 ARAMCO GROSSER PREIS DER EIFEL 2020,Nürburgring,Germany,,,Permanent,,,0.3321097856010678,0.4141257195294903,0.2537644948694419,3,False,Eifel Grand Prix,eifel_grand_prix,2020,2020-10-11,98.781,16,Closing,5.786000000000001,True,False,False,True
HUL,Racing Point,47,0 days 00:01:36.022000,0 days 00:00:31.851000,0 days 00:00:39.854000,0 days 00:00:24.317000,Soft,3,3,,,4,False,0 days 01:16:04.743000,96.022,31.851,39.854,24.317,4564.743,4587.51,9.6,59.2,947.3,False,16.3,188,1.3,False,True,True,FORMULA 1 ARAMCO GROSSER PREIS DER EIFEL 2020,Nürburgring,Germany,,,Permanent,,,0.33170523421715853,0.41505071754389616,0.25324404823894525,3,False,Eifel Grand Prix,eifel_grand_prix,2020,2020-10-11,99.12075,16,Closing,5.2890000000000015,True,False,False,True
GIO,Alfa Romeo Racing,47,0 days 00:01:39.337000,0 days 00:00:32.854000,0 days 00:00:41.567000,0 days 00:00:24.916000,Medium,11,3,,,4,False,0 days 01:16:09.710000,99.337,32.854,41.567,24.916,4569.71,4587.51,9.6,59.2,947.3,False,16.3,188,1.3,False,True,True,FORMULA 1 ARAMCO GROSSER PREIS DER EIFEL 2020,Nürburgring,Germany,,,Permanent,,,0.33073275818677833,0.4184442856136183,0.2508229561996034,3,False,Eifel Grand Prix,eifel_grand_prix,2020,2020-10-11,98.071625,24,Closing,8.427999999999997,True,False,False,True
MAG,Haas F1 Team,47,0 days 00:01:38.433000,0 days 00:00:31.622000,0 days 00:00:41.435000,0 days 00:00:25.376000,Medium,13,3,,,4,False,0 days 01:16:11.128000,98.433,31.622,41.435,25.376,4571.128,4587.51,9.6,59.2,947.3,False,16.3,188,1.3,False,True,True,FORMULA 1 ARAMCO GROSSER PREIS DER EIFEL 2020,Nürburgring,Germany,,,Permanent,,,0.32125405097883836,0.42094622738309306,0.2577997216380685,3,False,Eifel Grand Prix,eifel_grand_prix,2020,2020-10-11,97.74053846153846,26,Closing,7.977000000000004,True,False,False,True
LAT,Williams,47,0 days 00:01:39.387000,0 days 00:00:32.573000,0 days 00:00:41.177000,0 days 00:00:25.637000,Medium,14,3,,,4,False,0 days 01:16:12.923000,99.387,32.573,41.177,25.637,4572.923,4587.51,9.6,59.2,947.3,False,16.3,188,1.3,False,True,True,FORMULA 1 ARAMCO GROSSER PREIS DER EIFEL 2020,Nürburgring,Germany,,,Permanent,,,0.32773904031714407,0.4143097185748639,0.257951241107992,3,False,Eifel Grand Prix,eifel_grand_prix,2020,2020-10-11,97.57966666666665,27,Closing,8.010000000000005,True,False,False,True
VET,Ferrari,47,0 days 00:01:37.913000,0 days 00:00:31.522000,0 days 00:00:40.929000,0 days 00:00:25.462000,Soft,6,3,,,4,False,0 days 01:16:14.271000,97.913,31.522,40.929,25.462,4574.271,4587.51,9.6,59.2,947.3,False,16.3,188,1.3,False,True,True,FORMULA 1 ARAMCO GROSSER PREIS DER EIFEL 2020,Nürburgring,Germany,,,Permanent,,,0.32193886409363415,0.4180139511607244,0.26004718474564154,3,False,Eifel Grand Prix,eifel_grand_prix,2020,2020-10-11,99.19994736842105,19,Closing,7.5049999999999955,True,False,False,True
RAI,Alfa Romeo Racing,47,0 days 00:01:38.507000,0 days 00:00:31.949000,0 days 00:00:41.149000,0 days 00:00:25.409000,Soft,3,3,,,4,False,0 days 01:16:16.507000,98.507,31.949,41.149,25.409,4576.507,4587.51,9.6,59.2,947.3,False,16.3,188,1.3,False,True,True,FORMULA 1 ARAMCO GROSSER PREIS DER EIFEL 2020,Nürburgring,Germany,,,Permanent,,,0.324332280954653,0.417726659019156,0.257941060026191,3,False,Eifel Grand Prix,eifel_grand_prix,2020,2020-10-11,99.1435625,16,Closing,7.9950000000000045,True,False,False,True
KVY,AlphaTauri,47,0 days 00:01:37.612000,0 days 00:00:31.744000,0 days 00:00:40.397000,0 days 00:00:25.471000,Soft,3,3,,,4,False,0 days 01:16:17.754000,97.612,31.744,40.397,25.471,4577.754,4587.51,9.6,59.2,947.3,False,16.3,188,1.3,False,True,True,FORMULA 1 ARAMCO GROSSER PREIS DER EIFEL 2020,Nürburgring,Germany,,,Permanent,,,0.3252059173052494,0.4138528049829939,0.2609412777117568,3,False,Eifel Grand Prix,eifel_grand_prix,2020,2020-10-11,97.6284375,16,Closing,5.397999999999996,True,False,False,True
HAM,Mercedes,48,0 days 00:02:19.140000,0 days 00:00:48.489000,0 days 00:00:57.546000,0 days 00:00:33.105000,Soft,6,3,,,4,False,0 days 01:17:01.081000,139.14,48.489,57.546,33.105,4621.081,4647.511,9.5,59.4,947.2,False,16.5,183,1.4,False,True,True,FORMULA 1 ARAMCO GROSSER PREIS DER EIFEL 2020,Nürburgring,Germany,,,Permanent,,,0.3484907287623976,0.41358344113842177,0.23792583009918067,3,False,Eifel Grand Prix,eifel_grand_prix,2020,2020-10-11,93.13758333333334,12,Closing,50.99499999999999,True,False,False,True
VER,Red Bull Racing,48,0 days 00:02:19.129000,0 days 00:00:48.010000,0 days 00:00:57.524000,0 days 00:00:33.595000,Soft,6,3,,,4,False,0 days 01:17:02.151000,139.129,48.01,57.524,33.595,4622.151,4647.511,9.5,59.4,947.2,False,16.5,183,1.4,False,True,True,FORMULA 1 ARAMCO GROSSER PREIS DER EIFEL 2020,Nürburgring,Germany,,,Permanent,,,0.34507543359040893,0.4134580137857672,0.24146655262382394,3,False,Eifel Grand Prix,eifel_grand_prix,2020,2020-10-11,93.42058333333334,12,Closing,50.989999999999995,True,False,False,True
RIC,Renault,48,0 days 00:02:17.477000,0 days 00:00:47.980000,0 days 00:00:56.708000,0 days 00:00:32.789000,Soft,7,3,,,4,False,0 days 01:17:03.315000,137.477,47.98,56.708,32.789,4623.315,4647.511,9.5,59.4,947.2,False,16.5,183,1.4,False,True,True,FORMULA 1 ARAMCO GROSSER PREIS DER EIFEL 2020,Nürburgring,Germany,,,Permanent,,,0.3490038333684907,0.4124908166456934,0.23850534998581582,3,False,Eifel Grand Prix,eifel_grand_prix,2020,2020-10-11,102.10025,16,Closing,47.893,True,False,False,True
PER,Racing Point,48,0 days 00:02:12.177000,0 days 00:00:42.942000,0 days 00:00:56.791000,0 days 00:00:32.444000,Soft,6,3,,,4,False,0 days 01:17:04.193000,132.177,42.942,56.791,32.444,4624.193,4647.511,9.5,59.4,947.2,False,16.5,183,1.4,False,True,True,FORMULA 1 ARAMCO GROSSER PREIS DER EIFEL 2020,Nürburgring,Germany,,,Permanent,,,0.3248825438616401,0.42965871520763826,0.24545874093072173,3,False,Eifel Grand Prix,eifel_grand_prix,2020,2020-10-11,100.04866666666666,15,Closing,42.47699999999999,True,False,False,True
SAI,McLaren,48,0 days 00:02:11.886000,0 days 00:00:42.625000,0 days 00:00:57.162000,0 days 00:00:32.099000,Soft,7,3,,,4,False,0 days 01:17:05.586000,131.886,42.625,57.162,32.099,4625.586,4647.511,9.5,59.4,947.2,False,16.5,183,1.4,False,True,True,FORMULA 1 ARAMCO GROSSER PREIS DER EIFEL 2020,Nürburgring,Germany,,,Permanent,,,0.3231957903037472,0.43341977162094536,0.24338443807530744,3,False,Eifel Grand Prix,eifel_grand_prix,2020,2020-10-11,101.0663125,16,Closing,41.75699999999999,True,False,False,True
LEC,Ferrari,48,0 days 00:01:32.346000,0 days 00:00:30.082000,0 days 00:00:38.494000,0 days 00:00:23.770000,Medium,18,3,,,4,False,0 days 01:17:30.775000,92.346,30.082,38.494,23.77,4650.775,4647.511,9.5,59.4,947.2,False,16.5,183,1.4,False,True,True,FORMULA 1 ARAMCO GROSSER PREIS DER EIFEL 2020,Nürburgring,Germany,,,Permanent,,,0.32575314577783554,0.4168453425161891,0.25740151170597536,3,False,Eifel Grand Prix,eifel_grand_prix,2020,2020-10-11,98.30688,25,Closing,1.6340000000000003,True,False,False,True
GRO,Haas F1 Team,48,0 days 00:01:33.728000,0 days 00:00:30.705000,0 days 00:00:38.934000,0 days 00:00:24.089000,Hard,20,2,,,4,False,0 days 01:17:36.132000,93.728,30.705,38.934,24.089,4656.132,4647.511,9.5,59.4,947.2,False,16.5,183,1.4,False,True,True,FORMULA 1 ARAMCO GROSSER PREIS DER EIFEL 2020,Nürburgring,Germany,,,Permanent,,,0.32759687606691706,0.4153934790030727,0.2570096449300102,3,False,Eifel Grand Prix,eifel_grand_prix,2020,2020-10-11,97.07871875000001,32,Closing,2.165999999999997,True,False,False,True
GAS,AlphaTauri,48,0 days 00:01:33.975000,0 days 00:00:30.589000,0 days 00:00:39.250000,0 days 00:00:24.136000,Soft,4,3,,,4,False,0 days 01:17:37.782000,93.975,30.589,39.25,24.136,4657.782,4647.511,9.5,59.4,947.2,False,16.5,183,1.4,False,True,True,FORMULA 1 ARAMCO GROSSER PREIS DER EIFEL 2020,Nürburgring,Germany,,,Permanent,,,0.32550146315509443,0.4176642724128758,0.2568342644320298,3,False,Eifel Grand Prix,eifel_grand_prix,2020,2020-10-11,98.781,16,Closing,3.864999999999995,True,False,False,True
HUL,Racing Point,48,0 days 00:01:33.815000,0 days 00:00:30.325000,0 days 00:00:39.560000,0 days 00:00:23.930000,Soft,4,3,,,4,False,0 days 01:17:38.558000,93.815,30.325,39.56,23.93,4658.558,4647.511,9.5,59.4,947.2,False,16.5,183,1.4,False,True,True,FORMULA 1 ARAMCO GROSSER PREIS DER EIFEL 2020,Nürburgring,Germany,,,Permanent,,,0.3232425518307307,0.4216809678622822,0.25507648030698715,3,False,Eifel Grand Prix,eifel_grand_prix,2020,2020-10-11,99.12075,16,Closing,3.0819999999999936,True,False,False,True
GIO,Alfa Romeo Racing,48,0 days 00:01:32.557000,0 days 00:00:30.026000,0 days 00:00:38.424000,0 days 00:00:24.107000,Medium,12,3,,,4,False,0 days 01:17:42.267000,92.557,30.026,38.424,24.107,4662.267,4647.511,9.5,59.4,947.2,False,16.5,183,1.4,False,True,True,FORMULA 1 ARAMCO GROSSER PREIS DER EIFEL 2020,Nürburgring,Germany,,,Permanent,,,0.3244055014747669,0.4151387793467809,0.26045571917845217,3,False,Eifel Grand Prix,eifel_grand_prix,2020,2020-10-11,98.071625,24,Closing,1.6479999999999961,True,False,False,True
MAG,Haas F1 Team,48,0 days 00:01:36.353000,0 days 00:00:31.066000,0 days 00:00:40.460000,0 days 00:00:24.827000,Medium,14,3,,,4,False,0 days 01:17:47.481000,96.353,31.066,40.46,24.827,4667.481,4647.511,9.5,59.4,947.2,False,16.5,183,1.4,False,True,True,FORMULA 1 ARAMCO GROSSER PREIS DER EIFEL 2020,Nürburgring,Germany,,,Permanent,,,0.3224186065820473,0.4199142735566096,0.2576671198613432,3,False,Eifel Grand Prix,eifel_grand_prix,2020,2020-10-11,97.74053846153846,26,Closing,5.896999999999991,True,False,False,True
LAT,Williams,48,0 days 00:01:36.801000,0 days 00:00:30.823000,0 days 00:00:40.621000,0 days 00:00:25.357000,Medium,15,3,,,4,False,0 days 01:17:49.724000,96.801,30.823,40.621,25.357,4669.724,4647.511,9.5,59.4,947.2,False,16.5,183,1.4,False,True,True,FORMULA 1 ARAMCO GROSSER PREIS DER EIFEL 2020,Nürburgring,Germany,,,Permanent,,,0.3184161320647514,0.41963409468910445,0.26194977324614416,3,False,Eifel Grand Prix,eifel_grand_prix,2020,2020-10-11,97.57966666666665,27,Closing,5.424000000000007,True,False,False,True
VET,Ferrari,48,0 days 00:01:36.351000,0 days 00:00:31.048000,0 days 00:00:39.933000,0 days 00:00:25.370000,Soft,7,3,,,4,False,0 days 01:17:50.622000,96.351,31.048,39.933,25.37,4670.622,4647.511,9.5,59.4,947.2,False,16.5,183,1.4,False,True,True,FORMULA 1 ARAMCO GROSSER PREIS DER EIFEL 2020,Nürburgring,Germany,,,Permanent,,,0.32223848221606416,0.41445340473892334,0.2633081130450125,3,False,Eifel Grand Prix,eifel_grand_prix,2020,2020-10-11,99.19994736842105,19,Closing,5.942999999999998,True,False,False,True
RAI,Alfa Romeo Racing,48,0 days 00:01:36.813000,0 days 00:00:31.528000,0 days 00:00:40.517000,0 days 00:00:24.768000,Soft,4,3,,,4,False,0 days 01:17:53.320000,96.813,31.528,40.517,24.768,4673.32,4647.511,9.5,59.4,947.2,False,16.5,183,1.4,False,True,True,FORMULA 1 ARAMCO GROSSER PREIS DER EIFEL 2020,Nürburgring,Germany,,,Permanent,,,0.32565874417691837,0.41850784502081334,0.2558334108022683,3,False,Eifel Grand Prix,eifel_grand_prix,2020,2020-10-11,99.1435625,16,Closing,6.301000000000002,True,False,False,True
KVY,AlphaTauri,48,0 days 00:01:36.898000,0 days 00:00:32.084000,0 days 00:00:40.067000,0 days 00:00:24.747000,Soft,4,3,,,4,False,0 days 01:17:54.652000,96.898,32.084,40.067,24.747,4674.652,4647.511,9.5,59.4,947.2,False,16.5,183,1.4,False,True,True,FORMULA 1 ARAMCO GROSSER PREIS DER EIFEL 2020,Nürburgring,Germany,,,Permanent,,,0.33111106524386474,0.4134966665978658,0.25539226815826954,3,False,Eifel Grand Prix,eifel_grand_prix,2020,2020-10-11,97.6284375,16,Closing,4.6839999999999975,True,False,False,True
RIC,Renault,49,0 days 00:02:29.350000,0 days 00:00:44.893000,0 days 00:01:03.692000,0 days 00:00:40.765000,Soft,8,3,,,41,False,0 days 01:19:32.665000,149.35,44.893,63.692,40.765,4772.665,4767.55,9.5,58.9,947.3,False,16.9,159,1.3,False,True,True,FORMULA 1 ARAMCO GROSSER PREIS DER EIFEL 2020,Nürburgring,Germany,,,Permanent,,,0.30058921995313026,0.4264613324405758,0.27294944760629397,3,False,Eifel Grand Prix,eifel_grand_prix,2020,2020-10-11,102.10025,16,Closing,59.76599999999999,True,False,False,True
PER,Racing Point,49,0 days 00:02:28.904000,0 days 00:00:44.924000,0 days 00:01:03.589000,0 days 00:00:40.391000,Soft,7,3,,,41,False,0 days 01:19:33.097000,148.904,44.924,63.589,40.391,4773.097,4767.55,9.5,58.9,947.3,False,16.9,159,1.3,False,True,True,FORMULA 1 ARAMCO GROSSER PREIS DER EIFEL 2020,Nürburgring,Germany,,,Permanent,,,0.30169773814000966,0.4270469564283028,0.2712553054316875,3,False,Eifel Grand Prix,eifel_grand_prix,2020,2020-10-11,100.04866666666666,15,Closing,59.20399999999999,True,False,False,True
SAI,McLaren,49,0 days 00:02:28.050000,0 days 00:00:45.129000,0 days 00:01:02.717000,0 days 00:00:40.204000,Soft,8,3,,,41,False,0 days 01:19:33.636000,148.05,45.129,62.717,40.204,4773.636,4767.55,9.5,58.9,947.3,False,16.9,159,1.3,False,True,True,FORMULA 1 ARAMCO GROSSER PREIS DER EIFEL 2020,Nürburgring,Germany,,,Permanent,,,0.30482269503546094,0.4236203985140155,0.27155690645052344,3,False,Eifel Grand Prix,eifel_grand_prix,2020,2020-10-11,101.0663125,16,Closing,57.92100000000001,True,False,False,True
LEC,Ferrari,49,0 days 00:02:03.404000,0 days 00:00:29.966000,0 days 00:00:54.275000,0 days 00:00:39.163000,Medium,19,3,,,41,False,0 days 01:19:34.179000,123.404,29.966,54.275,39.163,4774.179,4767.55,9.5,58.9,947.3,False,16.9,159,1.3,False,True,True,FORMULA 1 ARAMCO GROSSER PREIS DER EIFEL 2020,Nürburgring,Germany,,,Permanent,,,0.24282843343813817,0.439815565135652,0.31735600142620984,1,False,Eifel Grand Prix,eifel_grand_prix,2020,2020-10-11,98.30688,25,Closing,32.69199999999999,True,False,False,True
GRO,Haas F1 Team,49,0 days 00:01:59.014000,0 days 00:00:30.666000,0 days 00:00:48.787000,0 days 00:00:39.561000,Hard,21,2,,,41,False,0 days 01:19:35.146000,119.014,30.666,48.787,39.561,4775.146,4767.55,9.5,58.9,947.3,False,16.9,159,1.3,False,True,True,FORMULA 1 ARAMCO GROSSER PREIS DER EIFEL 2020,Nürburgring,Germany,,,Permanent,,,0.2576671652074546,0.40992656326146504,0.3324062715310804,1,False,Eifel Grand Prix,eifel_grand_prix,2020,2020-10-11,97.07871875000001,32,Closing,27.451999999999998,True,False,False,True
GAS,AlphaTauri,49,0 days 00:01:57.483000,0 days 00:00:29.948000,0 days 00:00:49.334000,0 days 00:00:38.201000,Soft,5,3,,,41,False,0 days 01:19:35.265000,117.483,29.948,49.334,38.201,4775.265,4767.55,9.5,58.9,947.3,False,16.9,159,1.3,False,True,True,FORMULA 1 ARAMCO GROSSER PREIS DER EIFEL 2020,Nürburgring,Germany,,,Permanent,,,0.2549134768434582,0.4199245848335504,0.3251619383229914,1,False,Eifel Grand Prix,eifel_grand_prix,2020,2020-10-11,98.781,16,Closing,27.373000000000005,True,False,False,True
HUL,Racing Point,49,0 days 00:01:56.933000,0 days 00:00:30.154000,0 days 00:00:49.775000,0 days 00:00:37.004000,Soft,5,3,,,41,False,0 days 01:19:35.491000,116.933,30.154,49.775,37.004,4775.491,4767.55,9.5,58.9,947.3,False,16.9,159,1.3,False,True,True,FORMULA 1 ARAMCO GROSSER PREIS DER EIFEL 2020,Nürburgring,Germany,,,Permanent,,,0.25787416725817347,0.4256711108070433,0.31645472193478313,1,False,Eifel Grand Prix,eifel_grand_prix,2020,2020-10-11,99.12075,16,Closing,26.200000000000003,True,False,False,True
GIO,Alfa Romeo Racing,49,0 days 00:01:53.802000,0 days 00:00:30.968000,0 days 00:00:46.135000,0 days 00:00:36.699000,Medium,13,3,,,41,False,0 days 01:19:36.069000,113.802,30.968,46.135,36.699,4776.069,4767.55,9.5,58.9,947.3,False,16.9,159,1.3,False,True,True,FORMULA 1 ARAMCO GROSSER PREIS DER EIFEL 2020,Nürburgring,Germany,,,Permanent,,,0.2721217553294318,0.40539709319695605,0.322481151473612,1,False,Eifel Grand Prix,eifel_grand_prix,2020,2020-10-11,98.071625,24,Closing,22.893,True,False,False,True
MAG,Haas F1 Team,49,0 days 00:01:49.311000,0 days 00:00:29.751000,0 days 00:00:43.490000,0 days 00:00:36.070000,Medium,15,3,,,41,False,0 days 01:19:36.792000,109.311,29.751,43.49,36.07,4776.792,4767.55,9.5,58.9,947.3,False,16.9,159,1.3,False,True,True,FORMULA 1 ARAMCO GROSSER PREIS DER EIFEL 2020,Nürburgring,Germany,,,Permanent,,,0.2721684002524906,0.39785565954021096,0.3299759402072984,1,False,Eifel Grand Prix,eifel_grand_prix,2020,2020-10-11,97.74053846153846,26,Closing,18.855000000000004,True,False,False,True
LAT,Williams,49,0 days 00:01:47.415000,0 days 00:00:31.212000,0 days 00:00:40.841000,0 days 00:00:35.362000,Medium,16,3,,,41,False,0 days 01:19:37.139000,107.415,31.212,40.841,35.362,4777.139,4767.55,9.5,58.9,947.3,False,16.9,159,1.3,False,True,True,FORMULA 1 ARAMCO GROSSER PREIS DER EIFEL 2020,Nürburgring,Germany,,,Permanent,,,0.2905739421868454,0.38021691570078664,0.3292091421123679,1,False,Eifel Grand Prix,eifel_grand_prix,2020,2020-10-11,97.57966666666665,27,Closing,16.03800000000001,True,False,False,True
VET,Ferrari,49,0 days 00:01:46.945000,0 days 00:00:31.134000,0 days 00:00:41.039000,0 days 00:00:34.772000,Soft,8,3,,,41,False,0 days 01:19:37.567000,106.945,31.134,41.039,34.772,4777.567,4767.55,9.5,58.9,947.3,False,16.9,159,1.3,False,True,True,FORMULA 1 ARAMCO GROSSER PREIS DER EIFEL 2020,Nürburgring,Germany,,,Permanent,,,0.2911216045630932,0.3837393052503624,0.32513909018654447,1,False,Eifel Grand Prix,eifel_grand_prix,2020,2020-10-11,99.19994736842105,19,Closing,16.536999999999992,True,False,False,True
RAI,Alfa Romeo Racing,49,0 days 00:01:44.638000,0 days 00:00:30.602000,0 days 00:00:39.914000,0 days 00:00:34.122000,Soft,5,3,,,41,False,0 days 01:19:37.958000,104.638,30.602,39.914,34.122,4777.958,4767.55,9.5,58.9,947.3,False,16.9,159,1.3,False,True,True,FORMULA 1 ARAMCO GROSSER PREIS DER EIFEL 2020,Nürburgring,Germany,,,Permanent,,,0.2924558955637531,0.381448422179323,0.32609568225692387,1,False,Eifel Grand Prix,eifel_grand_prix,2020,2020-10-11,99.1435625,16,Closing,14.126000000000005,True,False,False,True
KVY,AlphaTauri,49,0 days 00:01:44.002000,0 days 00:00:31.084000,0 days 00:00:39.967000,0 days 00:00:32.951000,Soft,5,3,,,41,False,0 days 01:19:38.654000,104.002,31.084,39.967,32.951,4778.654,4767.55,9.5,58.9,947.3,False,16.9,159,1.3,False,True,True,FORMULA 1 ARAMCO GROSSER PREIS DER EIFEL 2020,Nürburgring,Germany,,,Permanent,,,0.29887886771408245,0.3842906867175631,0.3168304455683545,1,False,Eifel Grand Prix,eifel_grand_prix,2020,2020-10-11,97.6284375,16,Closing,11.787999999999997,True,False,False,True
HAM,Mercedes,50,0 days 00:01:30.442000,0 days 00:00:30.503000,0 days 00:00:37.176000,0 days 00:00:22.763000,Soft,8,3,,,1,True,0 days 01:21:01.849000,90.442,30.503,37.176,22.763,4861.849,4887.561,9.6,58.7,947.4,False,16.2,199,1.0,False,True,True,FORMULA 1 ARAMCO GROSSER PREIS DER EIFEL 2020,Nürburgring,Germany,,,Permanent,,,0.337265872050596,0.41104796444129943,0.2516861635081047,3,False,Eifel Grand Prix,eifel_grand_prix,2020,2020-10-11,93.13758333333334,12,Closing,2.296999999999997,False,False,False,True
VER,Red Bull Racing,50,0 days 00:01:31.024000,0 days 00:00:30.361000,0 days 00:00:37.583000,0 days 00:00:23.080000,Soft,8,3,,,1,True,0 days 01:21:03.490000,91.024,30.361,37.583,23.08,4863.49,4887.561,9.6,58.7,947.4,False,16.2,199,1.0,False,True,True,FORMULA 1 ARAMCO GROSSER PREIS DER EIFEL 2020,Nürburgring,Germany,,,Permanent,,,0.3335493935665319,0.4128911056424679,0.25355950079100015,3,False,Eifel Grand Prix,eifel_grand_prix,2020,2020-10-11,93.42058333333334,12,Closing,2.885000000000005,False,False,False,True
RIC,Renault,50,0 days 00:01:31.905000,0 days 00:00:30.798000,0 days 00:00:37.873000,0 days 00:00:23.234000,Soft,9,3,,,1,True,0 days 01:21:04.570000,91.905,30.798,37.873,23.234,4864.57,4887.561,9.6,58.7,947.4,False,16.2,199,1.0,False,True,True,FORMULA 1 ARAMCO GROSSER PREIS DER EIFEL 2020,Nürburgring,Germany,,,Permanent,,,0.3351069038681247,0.41208856971873126,0.25280452641314405,3,False,Eifel Grand Prix,eifel_grand_prix,2020,2020-10-11,102.10025,16,Closing,2.320999999999998,False,False,False,True
PER,Racing Point,50,0 days 00:01:32.208000,0 days 00:00:30.553000,0 days 00:00:38.399000,0 days 00:00:23.256000,Soft,8,3,,,1,True,0 days 01:21:05.305000,92.208,30.553,38.399,23.256,4865.305,4887.561,9.6,58.7,947.4,False,16.2,199,1.0,False,True,True,FORMULA 1 ARAMCO GROSSER PREIS DER EIFEL 2020,Nürburgring,Germany,,,Permanent,,,0.3313486899184453,0.4164389207010238,0.252212389380531,3,False,Eifel Grand Prix,eifel_grand_prix,2020,2020-10-11,100.04866666666666,15,Closing,2.5079999999999956,False,False,False,True
SAI,McLaren,50,0 days 00:01:32.413000,0 days 00:00:30.386000,0 days 00:00:38.659000,0 days 00:00:23.368000,Soft,9,3,,,1,True,0 days 01:21:06.049000,92.413,30.386,38.659,23.368,4866.049,4887.561,9.6,58.7,947.4,False,16.2,199,1.0,False,True,True,FORMULA 1 ARAMCO GROSSER PREIS DER EIFEL 2020,Nürburgring,Germany,,,Permanent,,,0.32880655319056845,0.4183285901334228,0.2528648566760088,3,False,Eifel Grand Prix,eifel_grand_prix,2020,2020-10-11,101.0663125,16,Closing,2.283999999999992,False,False,False,True
LEC,Ferrari,50,0 days 00:01:33.555000,0 days 00:00:30.947000,0 days 00:00:38.575000,0 days 00:00:24.033000,Medium,20,3,,,1,True,0 days 01:21:07.734000,93.555,30.947,38.575,24.033,4867.734,4887.561,9.6,58.7,947.4,False,16.2,199,1.0,False,True,True,FORMULA 1 ARAMCO GROSSER PREIS DER EIFEL 2020,Nürburgring,Germany,,,Permanent,,,0.3307893752338196,0.4123243012131901,0.25688632355299024,3,False,Eifel Grand Prix,eifel_grand_prix,2020,2020-10-11,98.30688,25,Closing,2.8430000000000035,False,False,False,True
GAS,AlphaTauri,50,0 days 00:01:32.542000,0 days 00:00:30.430000,0 days 00:00:38.544000,0 days 00:00:23.568000,Soft,6,3,,,1,True,0 days 01:21:07.807000,92.542,30.43,38.544,23.568,4867.807,4887.561,9.6,58.7,947.4,False,16.2,199,1.0,False,True,True,FORMULA 1 ARAMCO GROSSER PREIS DER EIFEL 2020,Nürburgring,Germany,,,Permanent,,,0.32882366925287976,0.4165027771174169,0.2546735536297033,3,False,Eifel Grand Prix,eifel_grand_prix,2020,2020-10-11,98.781,16,Closing,2.432000000000002,False,False,False,True
HUL,Racing Point,50,0 days 00:01:33.063000,0 days 00:00:30.889000,0 days 00:00:38.404000,0 days 00:00:23.770000,Soft,6,3,,,1,True,0 days 01:21:08.554000,93.063,30.889,38.404,23.77,4868.554,4887.561,9.6,58.7,947.4,False,16.2,199,1.0,False,True,True,FORMULA 1 ARAMCO GROSSER PREIS DER EIFEL 2020,Nürburgring,Germany,,,Permanent,,,0.33191493934216604,0.41266668815748475,0.2554183725003492,3,False,Eifel Grand Prix,eifel_grand_prix,2020,2020-10-11,99.12075,16,Closing,2.3299999999999983,False,False,False,True
GRO,Haas F1 Team,50,0 days 00:01:34.750000,0 days 00:00:31.785000,0 days 00:00:39.036000,0 days 00:00:23.929000,Hard,22,2,,,1,True,0 days 01:21:09.896000,94.75,31.785,39.036,23.929,4869.896,4887.561,9.6,58.7,947.4,False,16.2,199,1.0,False,True,True,FORMULA 1 ARAMCO GROSSER PREIS DER EIFEL 2020,Nürburgring,Germany,,,Permanent,,,0.3354617414248021,0.41198944591029024,0.25254881266490764,3,False,Eifel Grand Prix,eifel_grand_prix,2020,2020-10-11,97.07871875000001,32,Closing,3.1880000000000024,False,False,False,True
GIO,Alfa Romeo Racing,50,0 days 00:01:34.486000,0 days 00:00:31.048000,0 days 00:00:39.658000,0 days 00:00:23.780000,Medium,14,3,,,1,True,0 days 01:21:10.555000,94.486,31.048,39.658,23.78,4870.555,4887.561,9.6,58.7,947.4,False,16.2,199,1.0,False,True,True,FORMULA 1 ARAMCO GROSSER PREIS DER EIFEL 2020,Nürburgring,Germany,,,Permanent,,,0.3285989458755794,0.4197235569290689,0.2516774971953517,3,False,Eifel Grand Prix,eifel_grand_prix,2020,2020-10-11,98.071625,24,Closing,3.576999999999998,False,False,False,True
MAG,Haas F1 Team,50,0 days 00:01:34.675000,0 days 00:00:31.023000,0 days 00:00:39.599000,0 days 00:00:24.053000,Medium,16,3,,,1,True,0 days 01:21:11.467000,94.675,31.023,39.599,24.053,4871.467,4887.561,9.6,58.7,947.4,False,16.2,199,1.0,False,True,True,FORMULA 1 ARAMCO GROSSER PREIS DER EIFEL 2020,Nürburgring,Germany,,,Permanent,,,0.3276789015051492,0.4182624768946395,0.25405862160021125,3,False,Eifel Grand Prix,eifel_grand_prix,2020,2020-10-11,97.74053846153846,26,Closing,4.218999999999994,False,False,False,True
LAT,Williams,50,0 days 00:01:35.146000,0 days 00:00:31.363000,0 days 00:00:39.592000,0 days 00:00:24.191000,Medium,17,3,,,1,True,0 days 01:21:12.285000,95.146,31.363,39.592,24.191,4872.285,4887.561,9.6,58.7,947.4,False,16.2,199,1.0,False,True,True,FORMULA 1 ARAMCO GROSSER PREIS DER EIFEL 2020,Nürburgring,Germany,,,Permanent,,,0.32963025245412314,0.4161183864797259,0.2542513610661509,3,False,Eifel Grand Prix,eifel_grand_prix,2020,2020-10-11,97.57966666666665,27,Closing,3.7690000000000055,False,False,False,True
VET,Ferrari,50,0 days 00:01:35.243000,0 days 00:00:31.352000,0 days 00:00:39.720000,0 days 00:00:24.171000,Soft,9,3,,,1,True,0 days 01:21:12.810000,95.243,31.352,39.72,24.171,4872.81,4887.561,9.6,58.7,947.4,False,16.2,199,1.0,False,True,True,FORMULA 1 ARAMCO GROSSER PREIS DER EIFEL 2020,Nürburgring,Germany,,,Permanent,,,0.32917904727906516,0.4170385225160904,0.2537824302048445,3,False,Eifel Grand Prix,eifel_grand_prix,2020,2020-10-11,99.19994736842105,19,Closing,4.834999999999994,False,False,False,True
RAI,Alfa Romeo Racing,50,0 days 00:01:35.315000,0 days 00:00:31.289000,0 days 00:00:39.824000,0 days 00:00:24.202000,Soft,6,3,,,1,True,0 days 01:21:13.273000,95.315,31.289,39.824,24.202,4873.273,4887.561,9.6,58.7,947.4,False,16.2,199,1.0,False,True,True,FORMULA 1 ARAMCO GROSSER PREIS DER EIFEL 2020,Nürburgring,Germany,,,Permanent,,,0.32826942244137863,0.41781461469863085,0.2539159628599906,3,False,Eifel Grand Prix,eifel_grand_prix,2020,2020-10-11,99.1435625,16,Closing,4.802999999999997,False,False,False,True
KVY,AlphaTauri,50,0 days 00:01:35.108000,0 days 00:00:31.182000,0 days 00:00:39.591000,0 days 00:00:24.335000,Soft,6,3,,,1,True,0 days 01:21:13.762000,95.108,31.182,39.591,24.335,4873.762,4887.561,9.6,58.7,947.4,False,16.2,199,1.0,False,True,True,FORMULA 1 ARAMCO GROSSER PREIS DER EIFEL 2020,Nürburgring,Germany,,,Permanent,,,0.32785885519619795,0.4162741304622114,0.2558670143415906,3,False,Eifel Grand Prix,eifel_grand_prix,2020,2020-10-11,97.6284375,16,Closing,2.8940000000000055,False,False,False,True
HAM,Mercedes,51,0 days 00:01:28.487000,0 days 00:00:28.998000,0 days 00:00:36.726000,0 days 00:00:22.763000,Soft,9,3,,,1,True,0 days 01:22:30.336000,88.487,28.998,36.726,22.763,4950.336,4947.567,9.4,59.4,947.2,False,15.8,164,1.9,False,True,True,FORMULA 1 ARAMCO GROSSER PREIS DER EIFEL 2020,Nürburgring,Germany,,,Permanent,,,0.32770915501712117,0.41504401776532146,0.25724682721755743,3,False,Eifel Grand Prix,eifel_grand_prix,2020,2020-10-11,93.13758333333334,12,Closing,0.34199999999999875,False,False,False,True
VER,Red Bull Racing,51,0 days 00:01:28.744000,0 days 00:00:28.962000,0 days 00:00:36.866000,0 days 00:00:22.916000,Soft,9,3,,,1,True,0 days 01:22:32.234000,88.744,28.962,36.866,22.916,4952.234,4947.567,9.4,59.4,947.2,False,15.8,164,1.9,False,True,True,FORMULA 1 ARAMCO GROSSER PREIS DER EIFEL 2020,Nürburgring,Germany,,,Permanent,,,0.32635445776615885,0.4154196340034256,0.2582259082304156,3,False,Eifel Grand Prix,eifel_grand_prix,2020,2020-10-11,93.42058333333334,12,Closing,0.605000000000004,False,False,False,True
RIC,Renault,51,0 days 00:01:30.286000,0 days 00:00:29.630000,0 days 00:00:37.325000,0 days 00:00:23.331000,Soft,10,3,,,1,True,0 days 01:22:34.856000,90.286,29.63,37.325,23.331,4954.856,4947.567,9.4,59.4,947.2,False,15.8,164,1.9,False,True,True,FORMULA 1 ARAMCO GROSSER PREIS DER EIFEL 2020,Nürburgring,Germany,,,Permanent,,,0.32817934120461645,0.41340850187182954,0.258412156923554,3,False,Eifel Grand Prix,eifel_grand_prix,2020,2020-10-11,102.10025,16,Closing,0.7019999999999982,False,False,False,True
PER,Racing Point,51,0 days 00:01:30.471000,0 days 00:00:29.601000,0 days 00:00:37.660000,0 days 00:00:23.210000,Soft,9,3,,,1,True,0 days 01:22:35.776000,90.471,29.601,37.66,23.21,4955.776,4947.567,9.4,59.4,947.2,False,15.8,164,1.9,False,True,True,FORMULA 1 ARAMCO GROSSER PREIS DER EIFEL 2020,Nürburgring,Germany,,,Permanent,,,0.3271877176111682,0.4162659857855003,0.25654629660333145,3,False,Eifel Grand Prix,eifel_grand_prix,2020,2020-10-11,100.04866666666666,15,Closing,0.7710000000000008,False,False,False,True
SAI,McLaren,51,0 days 00:01:30.893000,0 days 00:00:29.748000,0 days 00:00:37.752000,0 days 00:00:23.393000,Soft,10,3,,,1,True,0 days 01:22:36.942000,90.893,29.748,37.752,23.393,4956.942,4947.567,9.4,59.4,947.2,False,15.8,164,1.9,False,True,True,FORMULA 1 ARAMCO GROSSER PREIS DER EIFEL 2020,Nürburgring,Germany,,,Permanent,,,0.3272859296095409,0.4153455161563597,0.25736855423409943,3,False,Eifel Grand Prix,eifel_grand_prix,2020,2020-10-11,101.0663125,16,Closing,0.7639999999999958,False,False,False,True
GAS,AlphaTauri,51,0 days 00:01:30.811000,0 days 00:00:29.660000,0 days 00:00:37.713000,0 days 00:00:23.438000,Soft,7,3,,,1,True,0 days 01:22:38.618000,90.811,29.66,37.713,23.438,4958.618,4947.567,9.4,59.4,947.2,False,15.8,164,1.9,False,True,True,FORMULA 1 ARAMCO GROSSER PREIS DER EIFEL 2020,Nürburgring,Germany,,,Permanent,,,0.3266124147955644,0.4152910990959245,0.25809648610851105,3,False,Eifel Grand Prix,eifel_grand_prix,2020,2020-10-11,98.781,16,Closing,0.7010000000000076,False,False,False,True
LEC,Ferrari,51,0 days 00:01:32.461000,0 days 00:00:30.724000,0 days 00:00:38.157000,0 days 00:00:23.580000,Medium,21,3,,,1,True,0 days 01:22:40.195000,92.461,30.724,38.157,23.58,4960.195,4947.567,9.4,59.4,947.2,False,15.8,164,1.9,False,True,True,FORMULA 1 ARAMCO GROSSER PREIS DER EIFEL 2020,Nürburgring,Germany,,,Permanent,,,0.3322914526124528,0.41268210380592896,0.2550264435816182,3,False,Eifel Grand Prix,eifel_grand_prix,2020,2020-10-11,98.30688,25,Closing,1.7489999999999952,False,False,False,True
HUL,Racing Point,51,0 days 00:01:32.213000,0 days 00:00:30.287000,0 days 00:00:38.357000,0 days 00:00:23.569000,Soft,7,3,,,1,True,0 days 01:22:40.767000,92.213,30.287,38.357,23.569,4960.767,4947.567,9.4,59.4,947.2,False,15.8,164,1.9,False,True,True,FORMULA 1 ARAMCO GROSSER PREIS DER EIFEL 2020,Nürburgring,Germany,,,Permanent,,,0.3284460976218104,0.4159608731957533,0.2555930291824363,3,False,Eifel Grand Prix,eifel_grand_prix,2020,2020-10-11,99.12075,16,Closing,1.4799999999999898,False,False,False,True
GRO,Haas F1 Team,51,0 days 00:01:32.794000,0 days 00:00:30.455000,0 days 00:00:38.365000,0 days 00:00:23.974000,Hard,23,2,,,1,True,0 days 01:22:42.690000,92.794,30.455,38.365,23.974,4962.69,4947.567,9.4,59.4,947.2,False,15.8,164,1.9,False,True,True,FORMULA 1 ARAMCO GROSSER PREIS DER EIFEL 2020,Nürburgring,Germany,,,Permanent,,,0.32820009914434123,0.4134426794835873,0.25835722137207145,3,False,Eifel Grand Prix,eifel_grand_prix,2020,2020-10-11,97.07871875000001,32,Closing,1.2319999999999993,False,False,False,True
GIO,Alfa Romeo Racing,51,0 days 00:01:32.804000,0 days 00:00:30.390000,0 days 00:00:38.686000,0 days 00:00:23.728000,Medium,15,3,,,1,True,0 days 01:22:43.359000,92.804,30.39,38.686,23.728,4963.359,4947.567,9.4,59.4,947.2,False,15.8,164,1.9,False,True,True,FORMULA 1 ARAMCO GROSSER PREIS DER EIFEL 2020,Nürburgring,Germany,,,Permanent,,,0.3274643334339037,0.4168570320244817,0.2556786345416146,3,False,Eifel Grand Prix,eifel_grand_prix,2020,2020-10-11,98.071625,24,Closing,1.894999999999996,False,False,False,True
MAG,Haas F1 Team,51,0 days 00:01:32.841000,0 days 00:00:30.444000,0 days 00:00:38.491000,0 days 00:00:23.906000,Medium,17,3,,,1,True,0 days 01:22:44.308000,92.841,30.444,38.491,23.906,4964.308,4947.567,9.4,59.4,947.2,False,15.8,164,1.9,False,True,True,FORMULA 1 ARAMCO GROSSER PREIS DER EIFEL 2020,Nürburgring,Germany,,,Permanent,,,0.3279154683814263,0.41459053650865463,0.2574939951099191,3,False,Eifel Grand Prix,eifel_grand_prix,2020,2020-10-11,97.74053846153846,26,Closing,2.384999999999991,False,False,False,True
LAT,Williams,51,0 days 00:01:33.178000,0 days 00:00:30.754000,0 days 00:00:38.498000,0 days 00:00:23.926000,Medium,18,3,,,1,True,0 days 01:22:45.463000,93.178,30.754,38.498,23.926,4965.463,4947.567,9.4,59.4,947.2,False,15.8,164,1.9,False,True,True,FORMULA 1 ARAMCO GROSSER PREIS DER EIFEL 2020,Nürburgring,Germany,,,Permanent,,,0.3300564510936058,0.41316619802957777,0.2567773508768164,3,False,Eifel Grand Prix,eifel_grand_prix,2020,2020-10-11,97.57966666666665,27,Closing,1.801000000000002,False,False,False,True
VET,Ferrari,51,0 days 00:01:33.265000,0 days 00:00:30.535000,0 days 00:00:38.878000,0 days 00:00:23.852000,Soft,10,3,,,1,True,0 days 01:22:46.075000,93.265,30.535,38.878,23.852,4966.075,4947.567,9.4,59.4,947.2,False,15.8,164,1.9,False,True,True,FORMULA 1 ARAMCO GROSSER PREIS DER EIFEL 2020,Nürburgring,Germany,,,Permanent,,,0.3274004181632981,0.41685519755535305,0.2557443842813488,3,False,Eifel Grand Prix,eifel_grand_prix,2020,2020-10-11,99.19994736842105,19,Closing,2.8569999999999993,False,False,False,True
RAI,Alfa Romeo Racing,51,0 days 00:01:33.374000,0 days 00:00:30.659000,0 days 00:00:38.757000,0 days 00:00:23.958000,Soft,7,3,,,1,True,0 days 01:22:46.647000,93.374,30.659,38.757,23.958,4966.647,4947.567,9.4,59.4,947.2,False,15.8,164,1.9,False,True,True,FORMULA 1 ARAMCO GROSSER PREIS DER EIFEL 2020,Nürburgring,Germany,,,Permanent,,,0.32834622057532076,0.41507271831559106,0.2565810611090882,3,False,Eifel Grand Prix,eifel_grand_prix,2020,2020-10-11,99.1435625,16,Closing,2.8619999999999948,False,False,False,True
KVY,AlphaTauri,51,0 days 00:01:33.345000,0 days 00:00:30.848000,0 days 00:00:38.749000,0 days 00:00:23.748000,Soft,7,3,,,1,True,0 days 01:22:47.107000,93.345,30.848,38.749,23.748,4967.107,4947.567,9.4,59.4,947.2,False,15.8,164,1.9,False,True,True,FORMULA 1 ARAMCO GROSSER PREIS DER EIFEL 2020,Nürburgring,Germany,,,Permanent,,,0.3304729765922117,0.4151159676469013,0.2544110557608871,3,False,Eifel Grand Prix,eifel_grand_prix,2020,2020-10-11,97.6284375,16,Closing,1.1310000000000002,False,False,False,True
HAM,Mercedes,52,0 days 00:01:28.335000,0 days 00:00:28.924000,0 days 00:00:36.636000,0 days 00:00:22.775000,Soft,10,3,,,1,True,0 days 01:23:58.671000,88.335,28.924,36.636,22.775,5038.671,5067.568,9.4,60.2,947.2,False,15.6,223,1.8,False,True,True,FORMULA 1 ARAMCO GROSSER PREIS DER EIFEL 2020,Nürburgring,Germany,,,Permanent,,,0.32743533140884135,0.41473934454066913,0.25782532405048963,3,False,Eifel Grand Prix,eifel_grand_prix,2020,2020-10-11,93.13758333333334,12,Closing,0.18999999999999773,False,False,False,True
VER,Red Bull Racing,52,0 days 00:01:29.058000,0 days 00:00:28.897000,0 days 00:00:36.832000,0 days 00:00:23.329000,Soft,10,3,,,1,True,0 days 01:24:01.292000,89.058,28.897,36.832,23.329,5041.292,5067.568,9.4,60.2,947.2,False,15.6,223,1.8,False,True,True,FORMULA 1 ARAMCO GROSSER PREIS DER EIFEL 2020,Nürburgring,Germany,,,Permanent,,,0.3244739383323227,0.41357317703069907,0.26195288463697813,3,False,Eifel Grand Prix,eifel_grand_prix,2020,2020-10-11,93.42058333333334,12,Closing,0.9190000000000111,False,False,False,True
RIC,Renault,52,0 days 00:01:29.874000,0 days 00:00:29.597000,0 days 00:00:37.121000,0 days 00:00:23.156000,Soft,11,3,,,1,True,0 days 01:24:04.730000,89.874,29.597,37.121,23.156,5044.73,5067.568,9.4,60.2,947.2,False,15.6,223,1.8,False,True,True,FORMULA 1 ARAMCO GROSSER PREIS DER EIFEL 2020,Nürburgring,Germany,,,Permanent,,,0.329316598793867,0.413033802879587,0.25764959832654605,3,False,Eifel Grand Prix,eifel_grand_prix,2020,2020-10-11,102.10025,16,Closing,0.28999999999999204,False,False,False,True
PER,Racing Point,52,0 days 00:01:29.968000,0 days 00:00:29.571000,0 days 00:00:37.251000,0 days 00:00:23.146000,Soft,10,3,,,1,True,0 days 01:24:05.744000,89.968,29.571,37.251,23.146,5045.744,5067.568,9.4,60.2,947.2,False,15.6,223,1.8,False,True,True,FORMULA 1 ARAMCO GROSSER PREIS DER EIFEL 2020,Nürburgring,Germany,,,Permanent,,,0.3286835319224613,0.41404721678819134,0.2572692512893473,3,False,Eifel Grand Prix,eifel_grand_prix,2020,2020-10-11,100.04866666666666,15,Closing,0.2680000000000007,False,False,False,True
SAI,McLaren,52,0 days 00:01:30.442000,0 days 00:00:29.738000,0 days 00:00:37.433000,0 days 00:00:23.271000,Soft,11,3,,,1,True,0 days 01:24:07.384000,90.442,29.738,37.433,23.271,5047.384,5067.568,9.4,60.2,947.2,False,15.6,223,1.8,False,True,True,FORMULA 1 ARAMCO GROSSER PREIS DER EIFEL 2020,Nürburgring,Germany,,,Permanent,,,0.3288074124853497,0.4138895645828266,0.2573030229318237,3,False,Eifel Grand Prix,eifel_grand_prix,2020,2020-10-11,101.0663125,16,Closing,0.3129999999999882,False,False,False,True
GAS,AlphaTauri,52,0 days 00:01:30.522000,0 days 00:00:29.613000,0 days 00:00:37.536000,0 days 00:00:23.373000,Soft,8,3,,,1,True,0 days 01:24:09.140000,90.522,29.613,37.536,23.373,5049.14,5067.568,9.4,60.2,947.2,False,15.6,223,1.8,False,True,True,FORMULA 1 ARAMCO GROSSER PREIS DER EIFEL 2020,Nürburgring,Germany,,,Permanent,,,0.3271359448531848,0.41466162921720684,0.2582024259296083,3,False,Eifel Grand Prix,eifel_grand_prix,2020,2020-10-11,98.781,16,Closing,0.41200000000000614,False,False,False,True
LEC,Ferrari,52,0 days 00:01:31.142000,0 days 00:00:29.826000,0 days 00:00:37.805000,0 days 00:00:23.511000,Medium,22,3,,,1,True,0 days 01:24:11.337000,91.142,29.826,37.805,23.511,5051.337,5067.568,9.4,60.2,947.2,False,15.6,223,1.8,False,True,True,FORMULA 1 ARAMCO GROSSER PREIS DER EIFEL 2020,Nürburgring,Germany,,,Permanent,,,0.3272475916701411,0.41479230212196355,0.2579601062078954,3,False,Eifel Grand Prix,eifel_grand_prix,2020,2020-10-11,98.30688,25,Closing,0.4299999999999926,False,False,False,True
HUL,Racing Point,52,0 days 00:01:31.229000,0 days 00:00:29.957000,0 days 00:00:38.014000,0 days 00:00:23.258000,Soft,8,3,,,1,True,0 days 01:24:11.996000,91.229,29.957,38.014,23.258,5051.996,5067.568,9.4,60.2,947.2,False,15.6,223,1.8,False,True,True,FORMULA 1 ARAMCO GROSSER PREIS DER EIFEL 2020,Nürburgring,Germany,,,Permanent,,,0.32837146082934154,0.416687676067917,0.25494086310274144,3,False,Eifel Grand Prix,eifel_grand_prix,2020,2020-10-11,99.12075,16,Closing,0.4959999999999951,False,False,False,True
GRO,Haas F1 Team,52,0 days 00:01:31.832000,0 days 00:00:30.208000,0 days 00:00:37.895000,0 days 00:00:23.729000,Hard,24,2,,,1,True,0 days 01:24:14.522000,91.832,30.208,37.895,23.729,5054.522,5067.568,9.4,60.2,947.2,False,15.6,223,1.8,False,True,True,FORMULA 1 ARAMCO GROSSER PREIS DER EIFEL 2020,Nürburgring,Germany,,,Permanent,,,0.328948514678979,0.41265571913929794,0.25839576618172316,3,False,Eifel Grand Prix,eifel_grand_prix,2020,2020-10-11,97.07871875000001,32,Closing,0.269999999999996,False,False,False,True
GIO,Alfa Romeo Racing,52,0 days 00:01:32.388000,0 days 00:00:30.352000,0 days 00:00:38.229000,0 days 00:00:23.807000,Medium,16,3,,,1,True,0 days 01:24:15.747000,92.388,30.352,38.229,23.807,5055.747,5067.568,9.4,60.2,947.2,False,15.6,223,1.8,False,True,True,FORMULA 1 ARAMCO GROSSER PREIS DER EIFEL 2020,Nürburgring,Germany,,,Permanent,,,0.32852751439580896,0.4137875048707624,0.25768498073342855,3,False,Eifel Grand Prix,eifel_grand_prix,2020,2020-10-11,98.071625,24,Closing,1.4789999999999992,False,False,False,True
MAG,Haas F1 Team,52,0 days 00:01:32.216000,0 days 00:00:30.343000,0 days 00:00:38.191000,0 days 00:00:23.682000,Medium,18,3,,,1,True,0 days 01:24:16.524000,92.216,30.343,38.191,23.682,5056.524,5067.568,9.4,60.2,947.2,False,15.6,223,1.8,False,True,True,FORMULA 1 ARAMCO GROSSER PREIS DER EIFEL 2020,Nürburgring,Germany,,,Permanent,,,0.32904268239784856,0.414147219571441,0.25681009803071053,3,False,Eifel Grand Prix,eifel_grand_prix,2020,2020-10-11,97.74053846153846,26,Closing,1.759999999999991,False,False,False,True
LAT,Williams,52,0 days 00:01:32.999000,0 days 00:00:30.606000,0 days 00:00:38.509000,0 days 00:00:23.884000,Medium,19,3,,,1,True,0 days 01:24:18.462000,92.999,30.606,38.509,23.884,5058.462,5067.568,9.4,60.2,947.2,False,15.6,223,1.8,False,True,True,FORMULA 1 ARAMCO GROSSER PREIS DER EIFEL 2020,Nürburgring,Germany,,,Permanent,,,0.3291003129065904,0.4140797212873257,0.25681996580608396,3,False,Eifel Grand Prix,eifel_grand_prix,2020,2020-10-11,97.57966666666665,27,Closing,1.6219999999999999,False,False,False,True
VET,Ferrari,52,0 days 00:01:32.878000,0 days 00:00:30.438000,0 days 00:00:38.784000,0 days 00:00:23.656000,Soft,11,3,,,1,True,0 days 01:24:18.953000,92.878,30.438,38.784,23.656,5058.953,5067.568,9.4,60.2,947.2,False,15.6,223,1.8,False,True,True,FORMULA 1 ARAMCO GROSSER PREIS DER EIFEL 2020,Nürburgring,Germany,,,Permanent,,,0.3277202351471823,0.4175800512500269,0.25469971360279076,3,False,Eifel Grand Prix,eifel_grand_prix,2020,2020-10-11,99.19994736842105,19,Closing,2.469999999999999,False,False,False,True
RAI,Alfa Romeo Racing,52,0 days 00:01:32.680000,0 days 00:00:30.404000,0 days 00:00:38.657000,0 days 00:00:23.619000,Soft,8,3,,,1,True,0 days 01:24:19.327000,92.68,30.404,38.657,23.619,5059.327,5067.568,9.4,60.2,947.2,False,15.6,223,1.8,False,True,True,FORMULA 1 ARAMCO GROSSER PREIS DER EIFEL 2020,Nürburgring,Germany,,,Permanent,,,0.32805351747949935,0.41710185584807935,0.2548446266724212,3,False,Eifel Grand Prix,eifel_grand_prix,2020,2020-10-11,99.1435625,16,Closing,2.1680000000000064,False,False,False,True
KVY,AlphaTauri,52,0 days 00:01:32.941000,0 days 00:00:30.631000,0 days 00:00:38.520000,0 days 00:00:23.790000,Soft,8,3,,,1,True,0 days 01:24:20.048000,92.941,30.631,38.52,23.79,5060.048,5067.568,9.4,60.2,947.2,False,15.6,223,1.8,False,True,True,FORMULA 1 ARAMCO GROSSER PREIS DER EIFEL 2020,Nürburgring,Germany,,,Permanent,,,0.3295746764076134,0.4144564831452212,0.2559688404471654,3,False,Eifel Grand Prix,eifel_grand_prix,2020,2020-10-11,97.6284375,16,Closing,0.7270000000000039,False,False,False,True
HAM,Mercedes,53,0 days 00:01:28.257000,0 days 00:00:28.824000,0 days 00:00:36.702000,0 days 00:00:22.731000,Soft,11,3,,,1,True,0 days 01:25:26.928000,88.257,28.824,36.702,22.731,5126.928,5127.583,9.4,60.4,947.2,False,15.6,187,1.7,False,True,True,FORMULA 1 ARAMCO GROSSER PREIS DER EIFEL 2020,Nürburgring,Germany,,,Permanent,,,0.3265916584520208,0.4158536999898025,0.2575546415581767,3,False,Eifel Grand Prix,eifel_grand_prix,2020,2020-10-11,93.13758333333334,12,Closing,0.11200000000000898,False,False,False,True
VER,Red Bull Racing,53,0 days 00:01:28.854000,0 days 00:00:29.029000,0 days 00:00:36.905000,0 days 00:00:22.920000,Soft,11,3,,,1,True,0 days 01:25:30.146000,88.854,29.029,36.905,22.92,5130.146,5127.583,9.4,60.4,947.2,False,15.6,187,1.7,False,True,True,FORMULA 1 ARAMCO GROSSER PREIS DER EIFEL 2020,Nürburgring,Germany,,,Permanent,,,0.3267044815089923,0.41534427262700613,0.25795124586400164,3,False,Eifel Grand Prix,eifel_grand_prix,2020,2020-10-11,93.42058333333334,12,Closing,0.7150000000000034,False,False,False,True
RIC,Renault,53,0 days 00:01:29.584000,0 days 00:00:29.268000,0 days 00:00:37.127000,0 days 00:00:23.189000,Soft,12,3,,,1,True,0 days 01:25:34.314000,89.584,29.268,37.127,23.189,5134.314,5127.583,9.4,60.4,947.2,False,15.6,187,1.7,False,True,True,FORMULA 1 ARAMCO GROSSER PREIS DER EIFEL 2020,Nürburgring,Germany,,,Permanent,,,0.32671012680835865,0.4144378460439364,0.25885202714770494,3,False,Eifel Grand Prix,eifel_grand_prix,2020,2020-10-11,102.10025,16,Closing,0.0,False,False,False,True
PER,Racing Point,53,0 days 00:01:30.056000,0 days 00:00:29.382000,0 days 00:00:37.369000,0 days 00:00:23.305000,Soft,11,3,,,1,True,0 days 01:25:35.800000,90.056,29.382,37.369,23.305,5135.8,5127.583,9.4,60.4,947.2,False,15.6,187,1.7,False,True,True,FORMULA 1 ARAMCO GROSSER PREIS DER EIFEL 2020,Nürburgring,Germany,,,Permanent,,,0.32626365816825087,0.4149529181842409,0.2587834236475082,3,False,Eifel Grand Prix,eifel_grand_prix,2020,2020-10-11,100.04866666666666,15,Closing,0.35599999999999454,False,False,False,True
SAI,McLaren,53,0 days 00:01:30.129000,0 days 00:00:29.551000,0 days 00:00:37.385000,0 days 00:00:23.193000,Soft,12,3,,,1,True,0 days 01:25:37.513000,90.129,29.551,37.385,23.193,5137.513,5127.583,9.4,60.4,947.2,False,15.6,187,1.7,False,True,True,FORMULA 1 ARAMCO GROSSER PREIS DER EIFEL 2020,Nürburgring,Germany,,,Permanent,,,0.3278744910073339,0.4147943503200967,0.25733115867256934,3,False,Eifel Grand Prix,eifel_grand_prix,2020,2020-10-11,101.0663125,16,Closing,0.0,False,False,False,True
GAS,AlphaTauri,53,0 days 00:01:30.110000,0 days 00:00:29.467000,0 days 00:00:37.414000,0 days 00:00:23.229000,Soft,9,3,,,1,True,0 days 01:25:39.250000,90.11,29.467,37.414,23.229,5139.25,5127.583,9.4,60.4,947.2,False,15.6,187,1.7,False,True,True,FORMULA 1 ARAMCO GROSSER PREIS DER EIFEL 2020,Nürburgring,Germany,,,Permanent,,,0.32701143047386527,0.415203639995561,0.25778492953057375,3,False,Eifel Grand Prix,eifel_grand_prix,2020,2020-10-11,98.781,16,Closing,0.0,False,False,False,True
LEC,Ferrari,53,0 days 00:01:30.863000,0 days 00:00:29.707000,0 days 00:00:37.764000,0 days 00:00:23.392000,Medium,23,3,,,1,True,0 days 01:25:42.200000,90.863,29.707,37.764,23.392,5142.2,5127.583,9.4,60.4,947.2,False,15.6,187,1.7,False,True,True,FORMULA 1 ARAMCO GROSSER PREIS DER EIFEL 2020,Nürburgring,Germany,,,Permanent,,,0.3269427599793095,0.41561471666134736,0.2574425233593432,3,False,Eifel Grand Prix,eifel_grand_prix,2020,2020-10-11,98.30688,25,Closing,0.15099999999999625,False,False,False,True
HUL,Racing Point,53,0 days 00:01:31.179000,0 days 00:00:29.831000,0 days 00:00:37.993000,0 days 00:00:23.355000,Soft,9,3,,,1,True,0 days 01:25:43.175000,91.179,29.831,37.993,23.355,5143.175,5127.583,9.4,60.4,947.2,False,15.6,187,1.7,False,True,True,FORMULA 1 ARAMCO GROSSER PREIS DER EIFEL 2020,Nürburgring,Germany,,,Permanent,,,0.3271696333585584,0.41668585968260236,0.2561445069588392,3,False,Eifel Grand Prix,eifel_grand_prix,2020,2020-10-11,99.12075,16,Closing,0.44599999999999795,False,False,False,True
GRO,Haas F1 Team,53,0 days 00:01:32.134000,0 days 00:00:30.253000,0 days 00:00:37.938000,0 days 00:00:23.943000,Hard,25,2,,,1,True,0 days 01:25:46.656000,92.134,30.253,37.938,23.943,5146.656,5127.583,9.4,60.4,947.2,False,15.6,187,1.7,False,True,True,FORMULA 1 ARAMCO GROSSER PREIS DER EIFEL 2020,Nürburgring,Germany,,,Permanent,,,0.32835869494432024,0.4117698135324636,0.2598714915232162,3,False,Eifel Grand Prix,eifel_grand_prix,2020,2020-10-11,97.07871875000001,32,Closing,0.5720000000000027,False,False,False,True
GIO,Alfa Romeo Racing,53,0 days 00:01:32.017000,0 days 00:00:30.251000,0 days 00:00:38.109000,0 days 00:00:23.657000,Medium,17,3,,,1,True,0 days 01:25:47.764000,92.017,30.251,38.109,23.657,5147.764,5127.583,9.4,60.4,947.2,False,15.6,187,1.7,False,True,True,FORMULA 1 ARAMCO GROSSER PREIS DER EIFEL 2020,Nürburgring,Germany,,,Permanent,,,0.32875446928284996,0.41415173283197676,0.2570937978851734,3,False,Eifel Grand Prix,eifel_grand_prix,2020,2020-10-11,98.071625,24,Closing,1.1079999999999899,False,False,False,True
MAG,Haas F1 Team,53,0 days 00:01:32.157000,0 days 00:00:30.156000,0 days 00:00:38.184000,0 days 00:00:23.817000,Medium,19,3,,,1,True,0 days 01:25:48.681000,92.157,30.156,38.184,23.817,5148.681,5127.583,9.4,60.4,947.2,False,15.6,187,1.7,False,True,True,FORMULA 1 ARAMCO GROSSER PREIS DER EIFEL 2020,Nürburgring,Germany,,,Permanent,,,0.32722419349588205,0.41433640417982354,0.2584394023242944,3,False,Eifel Grand Prix,eifel_grand_prix,2020,2020-10-11,97.74053846153846,26,Closing,1.7009999999999934,False,False,False,True
VET,Ferrari,53,0 days 00:01:30.973000,0 days 00:00:29.699000,0 days 00:00:37.832000,0 days 00:00:23.442000,Soft,12,3,,,1,True,0 days 01:25:49.926000,90.973,29.699,37.832,23.442,5149.926,5127.583,9.4,60.4,947.2,False,15.6,187,1.7,False,True,True,FORMULA 1 ARAMCO GROSSER PREIS DER EIFEL 2020,Nürburgring,Germany,,,Permanent,,,0.32645949897222254,0.4158596506655821,0.2576808503621954,3,False,Eifel Grand Prix,eifel_grand_prix,2020,2020-10-11,99.19994736842105,19,Closing,0.5649999999999977,False,False,False,True
RAI,Alfa Romeo Racing,53,0 days 00:01:32.551000,0 days 00:00:30.712000,0 days 00:00:38.548000,0 days 00:00:23.291000,Soft,9,3,,,1,True,0 days 01:25:51.878000,92.551,30.712,38.548,23.291,5151.878,5127.583,9.4,60.4,947.2,False,15.6,187,1.7,False,True,True,FORMULA 1 ARAMCO GROSSER PREIS DER EIFEL 2020,Nürburgring,Germany,,,Permanent,,,0.33183866192693756,0.4165054942680252,0.2516558438050372,3,False,Eifel Grand Prix,eifel_grand_prix,2020,2020-10-11,99.1435625,16,Closing,2.0390000000000015,False,False,False,True
LAT,Williams,53,0 days 00:01:34.529000,0 days 00:00:31.482000,0 days 00:00:39.514000,0 days 00:00:23.533000,Medium,20,3,,,1,True,0 days 01:25:52.991000,94.529,31.482,39.514,23.533,5152.991,5127.583,9.4,60.4,947.2,False,15.6,187,1.7,False,True,True,FORMULA 1 ARAMCO GROSSER PREIS DER EIFEL 2020,Nürburgring,Germany,,,Permanent,,,0.33304065419077744,0.4180092881549578,0.24895005765426484,3,False,Eifel Grand Prix,eifel_grand_prix,2020,2020-10-11,97.57966666666665,27,Closing,3.152000000000001,False,False,False,True
KVY,AlphaTauri,53,0 days 00:01:33.586000,0 days 00:00:30.279000,0 days 00:00:39.737000,0 days 00:00:23.570000,Soft,9,3,,,1,True,0 days 01:25:53.634000,93.586,30.279,39.737,23.57,5153.634,5127.583,9.4,60.4,947.2,False,15.6,187,1.7,False,True,True,FORMULA 1 ARAMCO GROSSER PREIS DER EIFEL 2020,Nürburgring,Germany,,,Permanent,,,0.3235419827752014,0.42460410745196936,0.2518539097728293,3,False,Eifel Grand Prix,eifel_grand_prix,2020,2020-10-11,97.6284375,16,Closing,1.3719999999999999,False,False,False,True
HAM,Mercedes,54,0 days 00:01:29.293000,0 days 00:00:29.270000,0 days 00:00:37.244000,0 days 00:00:22.779000,Soft,12,3,,,1,True,0 days 01:26:56.221000,89.293,29.27,37.244,22.779,5216.221,5187.579,9.3,60.1,947.3,False,15.6,9,1.2,False,True,True,FORMULA 1 ARAMCO GROSSER PREIS DER EIFEL 2020,Nürburgring,Germany,,,Permanent,,,0.32779725174425767,0.4170987647407971,0.2551039835149452,3,False,Eifel Grand Prix,eifel_grand_prix,2020,2020-10-11,93.13758333333334,12,Closing,1.1480000000000103,False,False,False,True
VER,Red Bull Racing,54,0 days 00:01:29.235000,0 days 00:00:29.078000,0 days 00:00:37.038000,0 days 00:00:23.119000,Soft,12,3,,,1,True,0 days 01:26:59.381000,89.235,29.078,37.038,23.119,5219.381,5247.597,9.2,60.7,947.3,False,15.6,188,0.7,False,True,True,FORMULA 1 ARAMCO GROSSER PREIS DER EIFEL 2020,Nürburgring,Germany,,,Permanent,,,0.3258586877346333,0.41506135484955453,0.2590799574158122,3,False,Eifel Grand Prix,eifel_grand_prix,2020,2020-10-11,93.42058333333334,12,Closing,1.0960000000000036,False,False,False,True
RIC,Renault,54,0 days 00:01:29.969000,0 days 00:00:29.420000,0 days 00:00:37.278000,0 days 00:00:23.271000,Soft,13,3,,,1,True,0 days 01:27:04.283000,89.969,29.42,37.278,23.271,5224.283,5247.597,9.2,60.7,947.3,False,15.6,188,0.7,False,True,True,FORMULA 1 ARAMCO GROSSER PREIS DER EIFEL 2020,Nürburgring,Germany,,,Permanent,,,0.3270015227467239,0.4143427180473274,0.25865575920594874,3,False,Eifel Grand Prix,eifel_grand_prix,2020,2020-10-11,102.10025,16,Closing,0.3849999999999909,False,False,False,True
PER,Racing Point,54,0 days 00:01:30.140000,0 days 00:00:29.375000,0 days 00:00:37.409000,0 days 00:00:23.356000,Soft,12,3,,,1,True,0 days 01:27:05.940000,90.14,29.375,37.409,23.356,5225.94,5247.597,9.2,60.7,947.3,False,15.6,188,0.7,False,True,True,FORMULA 1 ARAMCO GROSSER PREIS DER EIFEL 2020,Nürburgring,Germany,,,Permanent,,,0.32588196139338804,0.4150099844686044,0.2591080541380076,3,False,Eifel Grand Prix,eifel_grand_prix,2020,2020-10-11,100.04866666666666,15,Closing,0.4399999999999977,False,False,False,True
SAI,McLaren,54,0 days 00:01:30.231000,0 days 00:00:29.548000,0 days 00:00:37.415000,0 days 00:00:23.268000,Soft,13,3,,,1,True,0 days 01:27:07.744000,90.231,29.548,37.415,23.268,5227.744,5247.597,9.2,60.7,947.3,False,15.6,188,0.7,False,True,True,FORMULA 1 ARAMCO GROSSER PREIS DER EIFEL 2020,Nürburgring,Germany,,,Permanent,,,0.32747060322948873,0.41465793352617175,0.25787146324433957,3,False,Eifel Grand Prix,eifel_grand_prix,2020,2020-10-11,101.0663125,16,Closing,0.10199999999998965,False,False,False,True
GAS,AlphaTauri,54,0 days 00:01:30.255000,0 days 00:00:29.504000,0 days 00:00:37.455000,0 days 00:00:23.296000,Soft,10,3,,,1,True,0 days 01:27:09.505000,90.255,29.504,37.455,23.296,5229.505,5247.597,9.2,60.7,947.3,False,15.6,188,0.7,False,True,True,FORMULA 1 ARAMCO GROSSER PREIS DER EIFEL 2020,Nürburgring,Germany,,,Permanent,,,0.32689601684117225,0.4149908592321755,0.25811312392665225,3,False,Eifel Grand Prix,eifel_grand_prix,2020,2020-10-11,98.781,16,Closing,0.14499999999999602,False,False,False,True
LEC,Ferrari,54,0 days 00:01:30.712000,0 days 00:00:29.587000,0 days 00:00:37.736000,0 days 00:00:23.389000,Medium,24,3,,,1,True,0 days 01:27:12.912000,90.712,29.587,37.736,23.389,5232.912,5247.597,9.2,60.7,947.3,False,15.6,188,0.7,False,True,True,FORMULA 1 ARAMCO GROSSER PREIS DER EIFEL 2020,Nürburgring,Germany,,,Permanent,,,0.3261641238204427,0.4159978834112355,0.2578379927683217,3,False,Eifel Grand Prix,eifel_grand_prix,2020,2020-10-11,98.30688,25,Closing,0.0,False,False,False,True
HUL,Racing Point,54,0 days 00:01:31.341000,0 days 00:00:29.809000,0 days 00:00:38.130000,0 days 00:00:23.402000,Soft,10,3,,,1,True,0 days 01:27:14.516000,91.341,29.809,38.13,23.402,5234.516,5247.597,9.2,60.7,947.3,False,15.6,188,0.7,False,True,True,FORMULA 1 ARAMCO GROSSER PREIS DER EIFEL 2020,Nürburgring,Germany,,,Permanent,,,0.326348518190079,0.41744671067757094,0.25620477113235024,3,False,Eifel Grand Prix,eifel_grand_prix,2020,2020-10-11,99.12075,16,Closing,0.6079999999999899,False,False,False,True
GRO,Haas F1 Team,54,0 days 00:01:31.562000,0 days 00:00:29.843000,0 days 00:00:37.818000,0 days 00:00:23.901000,Hard,26,2,,,1,True,0 days 01:27:18.218000,91.562,29.843,37.818,23.901,5238.218,5247.597,9.2,60.7,947.3,False,15.6,188,0.7,False,True,True,FORMULA 1 ARAMCO GROSSER PREIS DER EIFEL 2020,Nürburgring,Germany,,,Permanent,,,0.3259321552609161,0.41303160699853647,0.2610362377405474,3,False,Eifel Grand Prix,eifel_grand_prix,2020,2020-10-11,97.07871875000001,32,Closing,0.0,False,False,False,True
GIO,Alfa Romeo Racing,54,0 days 00:01:31.801000,0 days 00:00:29.991000,0 days 00:00:38.180000,0 days 00:00:23.630000,Medium,18,3,,,1,True,0 days 01:27:19.565000,91.801,29.991,38.18,23.63,5239.565,5247.597,9.2,60.7,947.3,False,15.6,188,0.7,False,True,True,FORMULA 1 ARAMCO GROSSER PREIS DER EIFEL 2020,Nürburgring,Germany,,,Permanent,,,0.3266957876275857,0.4158996089367218,0.2574046034356924,3,False,Eifel Grand Prix,eifel_grand_prix,2020,2020-10-11,98.071625,24,Closing,0.8919999999999959,False,False,False,True
MAG,Haas F1 Team,54,0 days 00:01:32.053000,0 days 00:00:30.095000,0 days 00:00:38.047000,0 days 00:00:23.911000,Medium,20,3,,,1,True,0 days 01:27:20.734000,92.053,30.095,38.047,23.911,5240.734,5247.597,9.2,60.7,947.3,False,15.6,188,0.7,False,True,True,FORMULA 1 ARAMCO GROSSER PREIS DER EIFEL 2020,Nürburgring,Germany,,,Permanent,,,0.3269312244033329,0.4133162417303075,0.2597525338663596,3,False,Eifel Grand Prix,eifel_grand_prix,2020,2020-10-11,97.74053846153846,26,Closing,1.5969999999999942,False,False,False,True
VET,Ferrari,54,0 days 00:01:31.133000,0 days 00:00:29.831000,0 days 00:00:37.950000,0 days 00:00:23.352000,Soft,13,3,,,1,True,0 days 01:27:21.059000,91.133,29.831,37.95,23.352,5241.059,5247.597,9.2,60.7,947.3,False,15.6,188,0.7,False,True,True,FORMULA 1 ARAMCO GROSSER PREIS DER EIFEL 2020,Nürburgring,Germany,,,Permanent,,,0.32733477445052833,0.4164243468337485,0.2562408787157232,3,False,Eifel Grand Prix,eifel_grand_prix,2020,2020-10-11,99.19994736842105,19,Closing,0.7249999999999943,False,False,False,True
RAI,Alfa Romeo Racing,54,0 days 00:01:30.512000,0 days 00:00:29.614000,0 days 00:00:37.525000,0 days 00:00:23.373000,Soft,10,3,,,1,True,0 days 01:27:22.390000,90.512,29.614,37.525,23.373,5242.39,5247.597,9.2,60.7,947.3,False,15.6,188,0.7,False,True,True,FORMULA 1 ARAMCO GROSSER PREIS DER EIFEL 2020,Nürburgring,Germany,,,Permanent,,,0.3271831359377762,0.41458591126038535,0.25823095280183844,3,False,Eifel Grand Prix,eifel_grand_prix,2020,2020-10-11,99.1435625,16,Closing,0.0,False,False,False,True
LAT,Williams,54,0 days 00:01:32.395000,0 days 00:00:30.218000,0 days 00:00:38.475000,0 days 00:00:23.702000,Medium,21,3,,,1,True,0 days 01:27:25.386000,92.395,30.218,38.475,23.702,5245.386,5247.597,9.2,60.7,947.3,False,15.6,188,0.7,False,True,True,FORMULA 1 ARAMCO GROSSER PREIS DER EIFEL 2020,Nürburgring,Germany,,,Permanent,,,0.32705232967151904,0.4164186373721522,0.25652903295632884,3,False,Eifel Grand Prix,eifel_grand_prix,2020,2020-10-11,97.57966666666665,27,Closing,1.0180000000000007,False,False,False,True
KVY,AlphaTauri,54,0 days 00:01:32.367000,0 days 00:00:30.063000,0 days 00:00:38.747000,0 days 00:00:23.557000,Soft,10,3,,,1,True,0 days 01:27:26.001000,92.367,30.063,38.747,23.557,5246.001,5247.597,9.2,60.7,947.3,False,15.6,188,0.7,False,True,True,FORMULA 1 ARAMCO GROSSER PREIS DER EIFEL 2020,Nürburgring,Germany,,,Permanent,,,0.32547338335119685,0.4194896445700304,0.2550369720787727,3,False,Eifel Grand Prix,eifel_grand_prix,2020,2020-10-11,97.6284375,16,Closing,0.1530000000000058,False,False,False,True
HAM,Mercedes,55,0 days 00:01:29.047000,0 days 00:00:29.085000,0 days 00:00:37.061000,0 days 00:00:22.901000,Soft,13,3,,,1,True,0 days 01:28:25.268000,89.047,29.085,37.061,22.901,5305.268,5307.614,9.1,60.7,947.3,False,15.6,0,2.1,False,True,True,FORMULA 1 ARAMCO GROSSER PREIS DER EIFEL 2020,Nürburgring,Germany,,,Permanent,,,0.32662526530933106,0.4161959414691118,0.2571787932215572,3,False,Eifel Grand Prix,eifel_grand_prix,2020,2020-10-11,93.13758333333334,12,Closing,0.902000000000001,False,False,False,True
VER,Red Bull Racing,55,0 days 00:01:28.709000,0 days 00:00:28.910000,0 days 00:00:36.857000,0 days 00:00:22.942000,Soft,13,3,,,1,True,0 days 01:28:28.090000,88.709,28.91,36.857,22.942,5308.09,5307.614,9.1,60.7,947.3,False,15.6,0,2.1,False,True,True,FORMULA 1 ARAMCO GROSSER PREIS DER EIFEL 2020,Nürburgring,Germany,,,Permanent,,,0.325897034122806,0.4154820818631706,0.2586208840140234,3,False,Eifel Grand Prix,eifel_grand_prix,2020,2020-10-11,93.42058333333334,12,Closing,0.5700000000000074,False,False,False,True
RIC,Renault,55,0 days 00:01:30.251000,0 days 00:00:29.578000,0 days 00:00:37.443000,0 days 00:00:23.230000,Soft,14,3,,,1,True,0 days 01:28:34.534000,90.251,29.578,37.443,23.23,5314.534,5307.614,9.1,60.7,947.3,False,15.6,0,2.1,False,True,True,FORMULA 1 ARAMCO GROSSER PREIS DER EIFEL 2020,Nürburgring,Germany,,,Permanent,,,0.3277304406599373,0.41487628945939653,0.25739326988066613,3,False,Eifel Grand Prix,eifel_grand_prix,2020,2020-10-11,102.10025,16,Closing,0.6670000000000016,False,False,False,True
PER,Racing Point,55,0 days 00:01:30.235000,0 days 00:00:29.481000,0 days 00:00:37.491000,0 days 00:00:23.263000,Soft,13,3,,,1,True,0 days 01:28:36.175000,90.235,29.481,37.491,23.263,5316.175,5307.614,9.1,60.7,947.3,False,15.6,0,2.1,False,True,True,FORMULA 1 ARAMCO GROSSER PREIS DER EIFEL 2020,Nürburgring,Germany,,,Permanent,,,0.32671358120463234,0.41548179752867515,0.25780462126669257,3,False,Eifel Grand Prix,eifel_grand_prix,2020,2020-10-11,100.04866666666666,15,Closing,0.5349999999999966,False,False,False,True
SAI,McLaren,55,0 days 00:01:30.838000,0 days 00:00:29.826000,0 days 00:00:37.544000,0 days 00:00:23.468000,Soft,14,3,,,1,True,0 days 01:28:38.582000,90.838,29.826,37.544,23.468,5318.582,5307.614,9.1,60.7,947.3,False,15.6,0,2.1,False,True,True,FORMULA 1 ARAMCO GROSSER PREIS DER EIFEL 2020,Nürburgring,Germany,,,Permanent,,,0.32834276404148044,0.413307206235276,0.2583500297232436,3,False,Eifel Grand Prix,eifel_grand_prix,2020,2020-10-11,101.0663125,16,Closing,0.708999999999989,False,False,False,True
GAS,AlphaTauri,55,0 days 00:01:30.507000,0 days 00:00:29.467000,0 days 00:00:37.620000,0 days 00:00:23.420000,Soft,11,3,,,1,True,0 days 01:28:40.012000,90.507,29.467,37.62,23.42,5320.012,5307.614,9.1,60.7,947.3,False,15.6,0,2.1,False,True,True,FORMULA 1 ARAMCO GROSSER PREIS DER EIFEL 2020,Nürburgring,Germany,,,Permanent,,,0.32557702719126697,0.41565845735688944,0.25876451545184354,3,False,Eifel Grand Prix,eifel_grand_prix,2020,2020-10-11,98.781,16,Closing,0.39700000000000557,False,False,False,True
LEC,Ferrari,55,0 days 00:01:31.038000,0 days 00:00:29.576000,0 days 00:00:37.903000,0 days 00:00:23.559000,Medium,25,3,,,1,True,0 days 01:28:43.950000,91.038,29.576,37.903,23.559,5323.95,5307.614,9.1,60.7,947.3,False,15.6,0,2.1,False,True,True,FORMULA 1 ARAMCO GROSSER PREIS DER EIFEL 2020,Nürburgring,Germany,,,Permanent,,,0.32487532678661657,0.4163426261561106,0.2587820470572728,3,False,Eifel Grand Prix,eifel_grand_prix,2020,2020-10-11,98.30688,25,Closing,0.3259999999999934,False,False,False,True
HUL,Racing Point,55,0 days 00:01:31.427000,0 days 00:00:29.857000,0 days 00:00:37.979000,0 days 00:00:23.591000,Soft,11,3,,,1,True,0 days 01:28:45.943000,91.427,29.857,37.979,23.591,5325.943,5307.614,9.1,60.7,947.3,False,15.6,0,2.1,False,True,True,FORMULA 1 ARAMCO GROSSER PREIS DER EIFEL 2020,Nürburgring,Germany,,,Permanent,,,0.3265665503625843,0.41540245222964767,0.2580309974077679,3,False,Eifel Grand Prix,eifel_grand_prix,2020,2020-10-11,99.12075,16,Closing,0.6940000000000026,False,False,False,True
GRO,Haas F1 Team,55,0 days 00:01:31.680000,0 days 00:00:29.899000,0 days 00:00:37.948000,0 days 00:00:23.833000,Hard,27,2,,,1,True,0 days 01:28:49.898000,91.68,29.899,37.948,23.833,5329.898,5307.614,9.1,60.7,947.3,False,15.6,0,2.1,False,True,True,FORMULA 1 ARAMCO GROSSER PREIS DER EIFEL 2020,Nürburgring,Germany,,,Permanent,,,0.32612347294938915,0.4139179755671902,0.25995855148342056,3,False,Eifel Grand Prix,eifel_grand_prix,2020,2020-10-11,97.07871875000001,32,Closing,0.11800000000000921,False,False,False,True
GIO,Alfa Romeo Racing,55,0 days 00:01:31.701000,0 days 00:00:29.974000,0 days 00:00:38.004000,0 days 00:00:23.723000,Medium,19,3,,,1,True,0 days 01:28:51.266000,91.701,29.974,38.004,23.723,5331.266,5307.614,9.1,60.7,947.3,False,15.6,0,2.1,False,True,True,FORMULA 1 ARAMCO GROSSER PREIS DER EIFEL 2020,Nürburgring,Germany,,,Permanent,,,0.32686666448566537,0.4144338665881506,0.258699468926184,3,False,Eifel Grand Prix,eifel_grand_prix,2020,2020-10-11,98.071625,24,Closing,0.7919999999999874,False,False,False,True
VET,Ferrari,55,0 days 00:01:32.093000,0 days 00:00:30.575000,0 days 00:00:37.992000,0 days 00:00:23.526000,Soft,14,3,,,1,True,0 days 01:28:53.152000,92.093,30.575,37.992,23.526,5333.152,5307.614,9.1,60.7,947.3,False,15.6,0,2.1,False,True,True,FORMULA 1 ARAMCO GROSSER PREIS DER EIFEL 2020,Nürburgring,Germany,,,Permanent,,,0.33200134646498647,0.41253949811603485,0.2554591554189786,3,False,Eifel Grand Prix,eifel_grand_prix,2020,2020-10-11,99.19994736842105,19,Closing,1.6850000000000023,False,False,False,True
RAI,Alfa Romeo Racing,55,0 days 00:01:31.820000,0 days 00:00:30.065000,0 days 00:00:38.269000,0 days 00:00:23.486000,Soft,11,3,,,1,True,0 days 01:28:54.210000,91.82,30.065,38.269,23.486,5334.21,5307.614,9.1,60.7,947.3,False,15.6,0,2.1,False,True,True,FORMULA 1 ARAMCO GROSSER PREIS DER EIFEL 2020,Nürburgring,Germany,,,Permanent,,,0.32743411021563934,0.4167828359834459,0.2557830538009149,3,False,Eifel Grand Prix,eifel_grand_prix,2020,2020-10-11,99.1435625,16,Closing,1.3079999999999927,False,False,False,True
MAG,Haas F1 Team,55,0 days 00:01:34.797000,0 days 00:00:31.063000,0 days 00:00:39.881000,0 days 00:00:23.853000,Medium,21,3,,,1,True,0 days 01:28:55.531000,94.797,31.063,39.881,23.853,5335.531,5307.614,9.1,60.7,947.3,False,15.6,0,2.1,False,True,True,FORMULA 1 ARAMCO GROSSER PREIS DER EIFEL 2020,Nürburgring,Germany,,,Permanent,,,0.32767914596453473,0.42069896726689665,0.25162188676856867,3,False,Eifel Grand Prix,eifel_grand_prix,2020,2020-10-11,97.74053846153846,26,Closing,4.340999999999994,False,False,False,True
LAT,Williams,55,0 days 00:01:33.837000,0 days 00:00:31.222000,0 days 00:00:38.806000,0 days 00:00:23.809000,Medium,22,3,,,1,True,0 days 01:28:59.223000,93.837,31.222,38.806,23.809,5339.223,5367.616,9.3,61.2,947.3,False,15.8,31,0.7,False,True,True,FORMULA 1 ARAMCO GROSSER PREIS DER EIFEL 2020,Nürburgring,Germany,,,Permanent,,,0.3327258970342189,0.41354689514796933,0.2537272078178117,3,False,Eifel Grand Prix,eifel_grand_prix,2020,2020-10-11,97.57966666666665,27,Closing,2.460000000000008,False,False,False,True
KVY,AlphaTauri,55,0 days 00:01:33.773000,0 days 00:00:30.668000,0 days 00:00:39.537000,0 days 00:00:23.568000,Soft,11,3,,,1,True,0 days 01:28:59.774000,93.773,30.668,39.537,23.568,5339.774,5367.616,9.3,61.2,947.3,False,15.8,31,0.7,False,True,True,FORMULA 1 ARAMCO GROSSER PREIS DER EIFEL 2020,Nürburgring,Germany,,,Permanent,,,0.3270450982692246,0.4216245614409265,0.2513303402898489,3,False,Eifel Grand Prix,eifel_grand_prix,2020,2020-10-11,97.6284375,16,Closing,1.5589999999999975,False,False,False,True
HAM,Mercedes,56,0 days 00:01:29.226000,0 days 00:00:29.269000,0 days 00:00:37.029000,0 days 00:00:22.928000,Soft,14,3,,,1,True,0 days 01:29:54.494000,89.226,29.269,37.029,22.928,5394.494,5367.616,9.3,61.2,947.3,False,15.8,31,0.7,False,True,True,FORMULA 1 ARAMCO GROSSER PREIS DER EIFEL 2020,Nürburgring,Germany,,,Permanent,,,0.3280321879272858,0.4150023535740704,0.2569654584986439,3,False,Eifel Grand Prix,eifel_grand_prix,2020,2020-10-11,93.13758333333334,12,Closing,1.081000000000003,False,False,False,True
VER,Red Bull Racing,56,0 days 00:01:29.118000,0 days 00:00:29.050000,0 days 00:00:37.007000,0 days 00:00:23.061000,Soft,14,3,,,1,True,0 days 01:29:57.208000,89.118,29.05,37.007,23.061,5397.208,5367.616,9.3,61.2,947.3,False,15.8,31,0.7,False,True,True,FORMULA 1 ARAMCO GROSSER PREIS DER EIFEL 2020,Nürburgring,Germany,,,Permanent,,,0.3259723063803048,0.41525842141879304,0.2587692722009022,3,False,Eifel Grand Prix,eifel_grand_prix,2020,2020-10-11,93.42058333333334,12,Closing,0.9789999999999992,False,False,False,True
RIC,Renault,56,0 days 00:01:30.159000,0 days 00:00:29.469000,0 days 00:00:37.357000,0 days 00:00:23.333000,Soft,15,3,,,1,True,0 days 01:30:04.693000,90.159,29.469,37.357,23.333,5404.693,5427.613,9.5,60.8,947.3,False,16.7,131,1.6,False,True,True,FORMULA 1 ARAMCO GROSSER PREIS DER EIFEL 2020,Nürburgring,Germany,,,Permanent,,,0.3268558879313213,0.41434576692288067,0.25879834514579797,3,False,Eifel Grand Prix,eifel_grand_prix,2020,2020-10-11,102.10025,16,Closing,0.5750000000000028,False,False,False,True
PER,Racing Point,56,0 days 00:01:30.052000,0 days 00:00:29.504000,0 days 00:00:37.314000,0 days 00:00:23.234000,Soft,14,3,,,1,True,0 days 01:30:06.227000,90.052,29.504,37.314,23.234,5406.227,5427.613,9.5,60.8,947.3,False,16.7,131,1.6,False,True,True,FORMULA 1 ARAMCO GROSSER PREIS DER EIFEL 2020,Nürburgring,Germany,,,Permanent,,,0.3276329231999289,0.41436059165815303,0.258006485141918,3,False,Eifel Grand Prix,eifel_grand_prix,2020,2020-10-11,100.04866666666666,15,Closing,0.35200000000000387,False,False,False,True
SAI,McLaren,56,0 days 00:01:30.794000,0 days 00:00:29.679000,0 days 00:00:37.636000,0 days 00:00:23.479000,Soft,15,3,,,1,True,0 days 01:30:09.376000,90.794,29.679,37.636,23.479,5409.376,5427.613,9.5,60.8,947.3,False,16.7,131,1.6,False,True,True,FORMULA 1 ARAMCO GROSSER PREIS DER EIFEL 2020,Nürburgring,Germany,,,Permanent,,,0.32688283366742293,0.41452078331167264,0.2585963830209045,3,False,Eifel Grand Prix,eifel_grand_prix,2020,2020-10-11,101.0663125,16,Closing,0.664999999999992,False,False,False,True
GAS,AlphaTauri,56,0 days 00:01:30.720000,0 days 00:00:29.475000,0 days 00:00:37.806000,0 days 00:00:23.439000,Soft,12,3,,,1,True,0 days 01:30:10.732000,90.72,29.475,37.806,23.439,5410.732,5427.613,9.5,60.8,947.3,False,16.7,131,1.6,False,True,True,FORMULA 1 ARAMCO GROSSER PREIS DER EIFEL 2020,Nürburgring,Germany,,,Permanent,,,0.32490079365079366,0.41673280423280423,0.2583664021164021,3,False,Eifel Grand Prix,eifel_grand_prix,2020,2020-10-11,98.781,16,Closing,0.6099999999999994,False,False,False,True
LEC,Ferrari,56,0 days 00:01:31.246000,0 days 00:00:29.571000,0 days 00:00:38.051000,0 days 00:00:23.624000,Medium,26,3,,,1,True,0 days 01:30:15.196000,91.246,29.571,38.051,23.624,5415.196,5427.613,9.5,60.8,947.3,False,16.7,131,1.6,False,True,True,FORMULA 1 ARAMCO GROSSER PREIS DER EIFEL 2020,Nürburgring,Germany,,,Permanent,,,0.324079959669465,0.41701554040725075,0.2589044999232843,3,False,Eifel Grand Prix,eifel_grand_prix,2020,2020-10-11,98.30688,25,Closing,0.5339999999999918,False,False,False,True
HUL,Racing Point,56,0 days 00:01:31.178000,0 days 00:00:29.799000,0 days 00:00:37.949000,0 days 00:00:23.430000,Soft,12,3,,,1,True,0 days 01:30:17.121000,91.178,29.799,37.949,23.43,5417.121,5427.613,9.5,60.8,947.3,False,16.7,131,1.6,False,True,True,FORMULA 1 ARAMCO GROSSER PREIS DER EIFEL 2020,Nürburgring,Germany,,,Permanent,,,0.32682225975564283,0.4162078571585251,0.25696988308583213,3,False,Eifel Grand Prix,eifel_grand_prix,2020,2020-10-11,99.12075,16,Closing,0.4449999999999932,False,False,False,True
GRO,Haas F1 Team,56,0 days 00:01:31.715000,0 days 00:00:29.876000,0 days 00:00:38.025000,0 days 00:00:23.814000,Hard,28,2,,,1,True,0 days 01:30:21.613000,91.715,29.876,38.025,23.814,5421.613,5427.613,9.5,60.8,947.3,False,16.7,131,1.6,False,True,True,FORMULA 1 ARAMCO GROSSER PREIS DER EIFEL 2020,Nürburgring,Germany,,,Permanent,,,0.3257482418361228,0.41459957476966686,0.2596521833942103,3,False,Eifel Grand Prix,eifel_grand_prix,2020,2020-10-11,97.07871875000001,32,Closing,0.1530000000000058,False,False,False,True
GIO,Alfa Romeo Racing,56,0 days 00:01:31.778000,0 days 00:00:30.107000,0 days 00:00:38.011000,0 days 00:00:23.660000,Medium,20,3,,,1,True,0 days 01:30:23.044000,91.778,30.107,38.011,23.66,5423.044,5427.613,9.5,60.8,947.3,False,16.7,131,1.6,False,True,True,FORMULA 1 ARAMCO GROSSER PREIS DER EIFEL 2020,Nürburgring,Germany,,,Permanent,,,0.32804157859181937,0.41416243544204495,0.2577959859661357,3,False,Eifel Grand Prix,eifel_grand_prix,2020,2020-10-11,98.071625,24,Closing,0.8689999999999998,False,False,False,True
VET,Ferrari,56,0 days 00:01:31.356000,0 days 00:00:29.886000,0 days 00:00:37.967000,0 days 00:00:23.503000,Soft,15,3,,,1,True,0 days 01:30:24.508000,91.356,29.886,37.967,23.503,5424.508,5427.613,9.5,60.8,947.3,False,16.7,131,1.6,False,True,True,FORMULA 1 ARAMCO GROSSER PREIS DER EIFEL 2020,Nürburgring,Germany,,,Permanent,,,0.32713779062130566,0.4155939401900258,0.2572682691886685,3,False,Eifel Grand Prix,eifel_grand_prix,2020,2020-10-11,99.19994736842105,19,Closing,0.9479999999999933,False,False,False,True
RAI,Alfa Romeo Racing,56,0 days 00:01:30.975000,0 days 00:00:29.853000,0 days 00:00:37.840000,0 days 00:00:23.282000,Soft,12,3,,,1,True,0 days 01:30:25.185000,90.975,29.853,37.84,23.282,5425.185,5427.613,9.5,60.8,947.3,False,16.7,131,1.6,False,True,True,FORMULA 1 ARAMCO GROSSER PREIS DER EIFEL 2020,Nürburgring,Germany,,,Permanent,,,0.32814509480626547,0.415938444627645,0.2559164605660896,3,False,Eifel Grand Prix,eifel_grand_prix,2020,2020-10-11,99.1435625,16,Closing,0.46299999999999386,False,False,False,True
MAG,Haas F1 Team,56,0 days 00:01:33.189000,0 days 00:00:30.275000,0 days 00:00:38.965000,0 days 00:00:23.949000,Medium,22,3,,,1,True,0 days 01:30:28.720000,93.189,30.275,38.965,23.949,5428.72,5427.613,9.5,60.8,947.3,False,16.7,131,1.6,False,True,True,FORMULA 1 ARAMCO GROSSER PREIS DER EIFEL 2020,Nürburgring,Germany,,,Permanent,,,0.3248773996930968,0.41812874910128883,0.2569938512056144,3,False,Eifel Grand Prix,eifel_grand_prix,2020,2020-10-11,97.74053846153846,26,Closing,2.73299999999999,False,False,False,True
LAT,Williams,56,0 days 00:01:32.785000,0 days 00:00:30.574000,0 days 00:00:38.459000,0 days 00:00:23.752000,Medium,23,3,,,1,True,0 days 01:30:32.008000,92.785,30.574,38.459,23.752,5432.008,5427.613,9.5,60.8,947.3,False,16.7,131,1.6,False,True,True,FORMULA 1 ARAMCO GROSSER PREIS DER EIFEL 2020,Nürburgring,Germany,,,Permanent,,,0.3295144689335561,0.41449587756641704,0.25598965350002695,3,False,Eifel Grand Prix,eifel_grand_prix,2020,2020-10-11,97.57966666666665,27,Closing,1.4080000000000013,False,False,False,True
KVY,AlphaTauri,56,0 days 00:01:32.730000,0 days 00:00:30.448000,0 days 00:00:38.791000,0 days 00:00:23.491000,Soft,12,3,,,1,True,0 days 01:30:32.504000,92.73,30.448,38.791,23.491,5432.504,5427.613,9.5,60.8,947.3,False,16.7,131,1.6,False,True,True,FORMULA 1 ARAMCO GROSSER PREIS DER EIFEL 2020,Nürburgring,Germany,,,Permanent,,,0.32835112692763935,0.4183220101369567,0.25332686293540385,3,False,Eifel Grand Prix,eifel_grand_prix,2020,2020-10-11,97.6284375,16,Closing,0.5160000000000053,False,False,False,True
HAM,Mercedes,57,0 days 00:01:29.241000,0 days 00:00:29.291000,0 days 00:00:37.119000,0 days 00:00:22.831000,Soft,15,3,,,1,True,0 days 01:31:23.735000,89.241,29.291,37.119,22.831,5483.735,5487.618,9.7,59.8,947.4,False,17.4,14,1.6,False,True,True,FORMULA 1 ARAMCO GROSSER PREIS DER EIFEL 2020,Nürburgring,Germany,,,Permanent,,,0.3282235743660425,0.41594110330453493,0.2558353223294226,3,False,Eifel Grand Prix,eifel_grand_prix,2020,2020-10-11,93.13758333333334,12,Closing,1.0960000000000036,False,False,False,False
VER,Red Bull Racing,57,0 days 00:01:29.460000,0 days 00:00:29.042000,0 days 00:00:37.244000,0 days 00:00:23.174000,Soft,15,3,,,1,True,0 days 01:31:26.668000,89.46,29.042,37.244,23.174,5486.668,5487.618,9.7,59.8,947.4,False,17.4,14,1.6,False,True,True,FORMULA 1 ARAMCO GROSSER PREIS DER EIFEL 2020,Nürburgring,Germany,,,Permanent,,,0.3246367091437514,0.4163201430807065,0.25904314777554216,3,False,Eifel Grand Prix,eifel_grand_prix,2020,2020-10-11,93.42058333333334,12,Closing,1.320999999999998,False,False,False,False
RIC,Renault,57,0 days 00:01:30.009000,0 days 00:00:29.388000,0 days 00:00:37.353000,0 days 00:00:23.268000,Soft,16,3,,,1,True,0 days 01:31:34.702000,90.009,29.388,37.353,23.268,5494.702,5487.618,9.7,59.8,947.4,False,17.4,14,1.6,False,True,True,FORMULA 1 ARAMCO GROSSER PREIS DER EIFEL 2020,Nürburgring,Germany,,,Permanent,,,0.32650068326500686,0.41499183414991836,0.25850748258507483,3,False,Eifel Grand Prix,eifel_grand_prix,2020,2020-10-11,102.10025,16,Closing,0.42499999999999716,False,False,False,False
PER,Racing Point,57,0 days 00:01:29.896000,0 days 00:00:29.296000,0 days 00:00:37.408000,0 days 00:00:23.192000,Soft,15,3,,,1,True,0 days 01:31:36.123000,89.896,29.296,37.408,23.192,5496.123,5487.618,9.7,59.8,947.4,False,17.4,14,1.6,False,True,True,FORMULA 1 ARAMCO GROSSER PREIS DER EIFEL 2020,Nürburgring,Germany,,,Permanent,,,0.32588769244460264,0.41612530034706774,0.2579870072083296,3,False,Eifel Grand Prix,eifel_grand_prix,2020,2020-10-11,100.04866666666666,15,Closing,0.19599999999999795,False,False,False,False
SAI,McLaren,57,0 days 00:01:30.702000,0 days 00:00:29.715000,0 days 00:00:37.516000,0 days 00:00:23.471000,Soft,16,3,,,1,True,0 days 01:31:40.078000,90.702,29.715,37.516,23.471,5500.078,5487.618,9.7,59.8,947.4,False,17.4,14,1.6,False,True,True,FORMULA 1 ARAMCO GROSSER PREIS DER EIFEL 2020,Nürburgring,Germany,,,Permanent,,,0.32761129853806975,0.4136182223104231,0.25877047915150714,3,False,Eifel Grand Prix,eifel_grand_prix,2020,2020-10-11,101.0663125,16,Closing,0.5729999999999933,False,False,False,False
GAS,AlphaTauri,57,0 days 00:01:30.717000,0 days 00:00:29.534000,0 days 00:00:37.831000,0 days 00:00:23.352000,Soft,13,3,,,1,True,0 days 01:31:41.449000,90.717,29.534,37.831,23.352,5501.449,5487.618,9.7,59.8,947.4,False,17.4,14,1.6,False,True,True,FORMULA 1 ARAMCO GROSSER PREIS DER EIFEL 2020,Nürburgring,Germany,,,Permanent,,,0.3255619123207337,0.41702216784064733,0.257415919838619,3,False,Eifel Grand Prix,eifel_grand_prix,2020,2020-10-11,98.781,16,Closing,0.6069999999999993,False,False,False,False
LEC,Ferrari,57,0 days 00:01:31.365000,0 days 00:00:29.741000,0 days 00:00:37.978000,0 days 00:00:23.646000,Medium,27,3,,,1,True,0 days 01:31:46.561000,91.365,29.741,37.978,23.646,5506.561,5487.618,9.7,59.8,947.4,False,17.4,14,1.6,False,True,True,FORMULA 1 ARAMCO GROSSER PREIS DER EIFEL 2020,Nürburgring,Germany,,,Permanent,,,0.32551852459913533,0.415673397909484,0.25880807749138074,3,False,Eifel Grand Prix,eifel_grand_prix,2020,2020-10-11,98.30688,25,Closing,0.6529999999999916,False,False,False,False
HUL,Racing Point,57,0 days 00:01:31.196000,0 days 00:00:29.859000,0 days 00:00:37.961000,0 days 00:00:23.376000,Soft,13,3,,,1,True,0 days 01:31:48.317000,91.196,29.859,37.961,23.376,5508.317,5487.618,9.7,59.8,947.4,False,17.4,14,1.6,False,True,True,FORMULA 1 ARAMCO GROSSER PREIS DER EIFEL 2020,Nürburgring,Germany,,,Permanent,,,0.3274156761261459,0.41625729198649064,0.2563270318873635,3,False,Eifel Grand Prix,eifel_grand_prix,2020,2020-10-11,99.12075,16,Closing,0.46299999999999386,False,False,False,False
GRO,Haas F1 Team,57,0 days 00:01:31.991000,0 days 00:00:30.080000,0 days 00:00:38.068000,0 days 00:00:23.843000,Hard,29,2,,,1,True,0 days 01:31:53.604000,91.991,30.08,38.068,23.843,5513.604,5487.618,9.7,59.8,947.4,False,17.4,14,1.6,False,True,True,FORMULA 1 ARAMCO GROSSER PREIS DER EIFEL 2020,Nürburgring,Germany,,,Permanent,,,0.3269885097455186,0.413823091389375,0.25918839886510636,3,False,Eifel Grand Prix,eifel_grand_prix,2020,2020-10-11,97.07871875000001,32,Closing,0.42900000000000205,False,False,False,False
GIO,Alfa Romeo Racing,57,0 days 00:01:31.779000,0 days 00:00:29.977000,0 days 00:00:38.071000,0 days 00:00:23.731000,Medium,21,3,,,1,True,0 days 01:31:54.823000,91.779,29.977,38.071,23.731,5514.823,5487.618,9.7,59.8,947.4,False,17.4,14,1.6,False,True,True,FORMULA 1 ARAMCO GROSSER PREIS DER EIFEL 2020,Nürburgring,Germany,,,Permanent,,,0.32662155830854556,0.41481166715697493,0.25856677453447957,3,False,Eifel Grand Prix,eifel_grand_prix,2020,2020-10-11,98.071625,24,Closing,0.8699999999999903,False,False,False,False
VET,Ferrari,57,0 days 00:01:31.443000,0 days 00:00:29.873000,0 days 00:00:37.984000,0 days 00:00:23.586000,Soft,16,3,,,1,True,0 days 01:31:55.951000,91.443,29.873,37.984,23.586,5515.951,5487.618,9.7,59.8,947.4,False,17.4,14,1.6,False,True,True,FORMULA 1 ARAMCO GROSSER PREIS DER EIFEL 2020,Nürburgring,Germany,,,Permanent,,,0.3266843826208677,0.41538444714193545,0.2579311702371969,3,False,Eifel Grand Prix,eifel_grand_prix,2020,2020-10-11,99.19994736842105,19,Closing,1.0349999999999966,False,False,False,False
RAI,Alfa Romeo Racing,57,0 days 00:01:31.446000,0 days 00:00:29.999000,0 days 00:00:38.031000,0 days 00:00:23.416000,Soft,13,3,,,1,True,0 days 01:31:56.631000,91.446,29.999,38.031,23.416,5516.631,5487.618,9.7,59.8,947.4,False,17.4,14,1.6,False,True,True,FORMULA 1 ARAMCO GROSSER PREIS DER EIFEL 2020,Nürburgring,Germany,,,Permanent,,,0.3280515276775365,0.41588478446296173,0.2560636878595018,3,False,Eifel Grand Prix,eifel_grand_prix,2020,2020-10-11,99.1435625,16,Closing,0.9339999999999975,False,False,False,False
MAG,Haas F1 Team,57,0 days 00:01:32.399000,0 days 00:00:30.169000,0 days 00:00:38.319000,0 days 00:00:23.911000,Medium,23,3,,,1,True,0 days 01:32:01.119000,92.399,30.169,38.319,23.911,5521.119,5547.647,9.8,59.9,947.2,False,17.5,338,1.4,False,True,True,FORMULA 1 ARAMCO GROSSER PREIS DER EIFEL 2020,Nürburgring,Germany,,,Permanent,,,0.32650786263920606,0.4147122804359355,0.2587798569248585,3,False,Eifel Grand Prix,eifel_grand_prix,2020,2020-10-11,97.74053846153846,26,Closing,1.9429999999999978,False,False,False,False
LAT,Williams,57,0 days 00:01:34.099000,0 days 00:00:31.025000,0 days 00:00:39.216000,0 days 00:00:23.858000,Medium,24,3,,,1,True,0 days 01:32:06.107000,94.099,31.025,39.216,23.858,5526.107,5547.647,9.8,59.9,947.2,False,17.5,338,1.4,False,True,True,FORMULA 1 ARAMCO GROSSER PREIS DER EIFEL 2020,Nürburgring,Germany,,,Permanent,,,0.32970594799094566,0.4167525691027535,0.2535414829063008,3,False,Eifel Grand Prix,eifel_grand_prix,2020,2020-10-11,97.57966666666665,27,Closing,2.7220000000000084,False,False,False,False
KVY,AlphaTauri,57,0 days 00:01:34.173000,0 days 00:00:30.652000,0 days 00:00:39.783000,0 days 00:00:23.738000,Soft,13,3,,,1,True,0 days 01:32:06.677000,94.173,30.652,39.783,23.738,5526.677,5547.647,9.8,59.9,947.2,False,17.5,338,1.4,False,True,True,FORMULA 1 ARAMCO GROSSER PREIS DER EIFEL 2020,Nürburgring,Germany,,,Permanent,,,0.32548607350302106,0.4224459239909528,0.2520680025060261,3,False,Eifel Grand Prix,eifel_grand_prix,2020,2020-10-11,97.6284375,16,Closing,1.9590000000000032,False,False,False,False
HAM,Mercedes,58,0 days 00:01:28.145000,0 days 00:00:28.910000,0 days 00:00:36.582000,0 days 00:00:22.653000,Soft,16,3,,,1,True,0 days 01:32:51.880000,88.145,28.91,36.582,22.653,5571.88,5547.647,9.8,59.9,947.2,False,17.5,338,1.4,False,True,True,FORMULA 1 ARAMCO GROSSER PREIS DER EIFEL 2020,Nürburgring,Germany,,,Permanent,,,0.327982301888933,0.4150207045209598,0.2569969935901072,3,False,Eifel Grand Prix,eifel_grand_prix,2020,2020-10-11,93.13758333333334,12,Closing,0.0,False,False,False,False
VER,Red Bull Racing,58,0 days 00:01:28.994000,0 days 00:00:28.926000,0 days 00:00:36.970000,0 days 00:00:23.098000,Soft,16,3,,,1,True,0 days 01:32:55.662000,88.994,28.926,36.97,23.098,5575.662,5547.647,9.8,59.9,947.2,False,17.5,338,1.4,False,True,True,FORMULA 1 ARAMCO GROSSER PREIS DER EIFEL 2020,Nürburgring,Germany,,,Permanent,,,0.3250331483021327,0.41542126435490034,0.25954558734296695,3,False,Eifel Grand Prix,eifel_grand_prix,2020,2020-10-11,93.42058333333334,12,Closing,0.855000000000004,False,False,False,False
RIC,Renault,58,0 days 00:01:29.789000,0 days 00:00:29.379000,0 days 00:00:37.094000,0 days 00:00:23.316000,Soft,17,3,,,1,True,0 days 01:33:04.491000,89.789,29.379,37.094,23.316,5584.491,5607.622,9.9,59.5,947.2,False,17.5,177,1.9,False,True,True,FORMULA 1 ARAMCO GROSSER PREIS DER EIFEL 2020,Nürburgring,Germany,,,Permanent,,,0.327200436579091,0.41312410206149974,0.2596754613594093,3,False,Eifel Grand Prix,eifel_grand_prix,2020,2020-10-11,102.10025,16,Closing,0.2049999999999983,False,False,False,False
PER,Racing Point,58,0 days 00:01:29.700000,0 days 00:00:29.266000,0 days 00:00:37.263000,0 days 00:00:23.171000,Soft,16,3,,,1,True,0 days 01:33:05.823000,89.7,29.266,37.263,23.171,5585.823,5607.622,9.9,59.5,947.2,False,17.5,177,1.9,False,True,True,FORMULA 1 ARAMCO GROSSER PREIS DER EIFEL 2020,Nürburgring,Germany,,,Permanent,,,0.3262653288740245,0.41541806020066885,0.25831661092530656,3,False,Eifel Grand Prix,eifel_grand_prix,2020,2020-10-11,100.04866666666666,15,Closing,0.0,False,False,False,False
SAI,McLaren,58,0 days 00:01:30.504000,0 days 00:00:29.625000,0 days 00:00:37.520000,0 days 00:00:23.359000,Soft,17,3,,,1,True,0 days 01:33:10.582000,90.504,29.625,37.52,23.359,5590.582,5607.622,9.9,59.5,947.2,False,17.5,177,1.9,False,True,True,FORMULA 1 ARAMCO GROSSER PREIS DER EIFEL 2020,Nürburgring,Germany,,,Permanent,,,0.3273335985149827,0.4145673119420136,0.25809908954300365,3,False,Eifel Grand Prix,eifel_grand_prix,2020,2020-10-11,101.0663125,16,Closing,0.375,False,False,False,False
GAS,AlphaTauri,58,0 days 00:01:30.528000,0 days 00:00:29.488000,0 days 00:00:37.660000,0 days 00:00:23.380000,Soft,14,3,,,1,True,0 days 01:33:11.977000,90.528,29.488,37.66,23.38,5591.977,5607.622,9.9,59.5,947.2,False,17.5,177,1.9,False,True,True,FORMULA 1 ARAMCO GROSSER PREIS DER EIFEL 2020,Nürburgring,Germany,,,Permanent,,,0.3257334747260516,0.4160038882997525,0.2582626369741958,3,False,Eifel Grand Prix,eifel_grand_prix,2020,2020-10-11,98.781,16,Closing,0.41800000000000637,False,False,False,False
LEC,Ferrari,58,0 days 00:01:31.017000,0 days 00:00:29.615000,0 days 00:00:37.926000,0 days 00:00:23.476000,Medium,28,3,,,1,True,0 days 01:33:17.578000,91.017,29.615,37.926,23.476,5597.578,5607.622,9.9,59.5,947.2,False,17.5,177,1.9,False,True,True,FORMULA 1 ARAMCO GROSSER PREIS DER EIFEL 2020,Nürburgring,Germany,,,Permanent,,,0.32537877539360777,0.41669138732324734,0.2579298372831449,3,False,Eifel Grand Prix,eifel_grand_prix,2020,2020-10-11,98.30688,25,Closing,0.3049999999999926,False,False,False,False
HUL,Racing Point,58,0 days 00:01:30.733000,0 days 00:00:29.675000,0 days 00:00:37.719000,0 days 00:00:23.339000,Soft,14,3,,,1,True,0 days 01:33:19.050000,90.733,29.675,37.719,23.339,5599.05,5607.622,9.9,59.5,947.2,False,17.5,177,1.9,False,True,True,FORMULA 1 ARAMCO GROSSER PREIS DER EIFEL 2020,Nürburgring,Germany,,,Permanent,,,0.3270585123383995,0.4157142384799356,0.25722724918166484,3,False,Eifel Grand Prix,eifel_grand_prix,2020,2020-10-11,99.12075,16,Closing,0.0,False,False,False,False
GRO,Haas F1 Team,58,0 days 00:01:31.618000,0 days 00:00:29.896000,0 days 00:00:37.924000,0 days 00:00:23.798000,Hard,30,2,,,1,True,0 days 01:33:25.222000,91.618,29.896,37.924,23.798,5605.222,5607.622,9.9,59.5,947.2,False,17.5,177,1.9,False,True,True,FORMULA 1 ARAMCO GROSSER PREIS DER EIFEL 2020,Nürburgring,Germany,,,Permanent,,,0.3263114235193958,0.41393612608875985,0.2597524503918444,3,False,Eifel Grand Prix,eifel_grand_prix,2020,2020-10-11,97.07871875000001,32,Closing,0.055999999999997385,False,False,False,False
GIO,Alfa Romeo Racing,58,0 days 00:01:31.544000,0 days 00:00:29.993000,0 days 00:00:37.918000,0 days 00:00:23.633000,Medium,22,3,,,1,True,0 days 01:33:26.367000,91.544,29.993,37.918,23.633,5606.367,5607.622,9.9,59.5,947.2,False,17.5,177,1.9,False,True,True,FORMULA 1 ARAMCO GROSSER PREIS DER EIFEL 2020,Nürburgring,Germany,,,Permanent,,,0.3276347985668094,0.41420519094643016,0.25816001048676046,3,False,Eifel Grand Prix,eifel_grand_prix,2020,2020-10-11,98.071625,24,Closing,0.6349999999999909,False,False,False,False
VET,Ferrari,58,0 days 00:01:31.170000,0 days 00:00:29.878000,0 days 00:00:37.925000,0 days 00:00:23.367000,Soft,17,3,,,1,True,0 days 01:33:27.121000,91.17,29.878,37.925,23.367,5607.121,5607.622,9.9,59.5,947.2,False,17.5,177,1.9,False,True,True,FORMULA 1 ARAMCO GROSSER PREIS DER EIFEL 2020,Nürburgring,Germany,,,Permanent,,,0.32771745091587146,0.4159811341450038,0.2563014149391247,3,False,Eifel Grand Prix,eifel_grand_prix,2020,2020-10-11,99.19994736842105,19,Closing,0.7620000000000005,False,False,False,False
RAI,Alfa Romeo Racing,58,0 days 00:01:31.227000,0 days 00:00:29.918000,0 days 00:00:38.037000,0 days 00:00:23.272000,Soft,14,3,,,1,True,0 days 01:33:27.858000,91.227,29.918,38.037,23.272,5607.858,5607.622,9.9,59.5,947.2,False,17.5,177,1.9,False,True,True,FORMULA 1 ARAMCO GROSSER PREIS DER EIFEL 2020,Nürburgring,Germany,,,Permanent,,,0.32795115481162374,0.4169489295932125,0.2550999155951637,3,False,Eifel Grand Prix,eifel_grand_prix,2020,2020-10-11,99.1435625,16,Closing,0.7150000000000034,False,False,False,False
MAG,Haas F1 Team,58,0 days 00:01:33.613000,0 days 00:00:31.018000,0 days 00:00:38.661000,0 days 00:00:23.934000,Medium,24,3,,,1,True,0 days 01:33:34.732000,93.613,31.018,38.661,23.934,5614.732,5607.622,9.9,59.5,947.2,False,17.5,177,1.9,False,True,True,FORMULA 1 ARAMCO GROSSER PREIS DER EIFEL 2020,Nürburgring,Germany,,,Permanent,,,0.3313428690459658,0.4129875124181471,0.2556696185358871,3,False,Eifel Grand Prix,eifel_grand_prix,2020,2020-10-11,97.74053846153846,26,Closing,3.1569999999999965,False,False,False,False
LAT,Williams,58,0 days 00:01:32.519000,0 days 00:00:30.490000,0 days 00:00:38.276000,0 days 00:00:23.753000,Medium,25,3,,,1,True,0 days 01:33:38.626000,92.519,30.49,38.276,23.753,5618.626,5607.622,9.9,59.5,947.2,False,17.5,177,1.9,False,True,True,FORMULA 1 ARAMCO GROSSER PREIS DER EIFEL 2020,Nürburgring,Germany,,,Permanent,,,0.3295539294631373,0.4137096164031172,0.25673645413374546,3,False,Eifel Grand Prix,eifel_grand_prix,2020,2020-10-11,97.57966666666665,27,Closing,1.1420000000000101,False,False,False,False
KVY,AlphaTauri,58,0 days 00:01:32.574000,0 days 00:00:30.411000,0 days 00:00:38.605000,0 days 00:00:23.558000,Soft,14,3,,,1,True,0 days 01:33:39.251000,92.574,30.411,38.605,23.558,5619.251,5607.622,9.9,59.5,947.2,False,17.5,177,1.9,False,True,True,FORMULA 1 ARAMCO GROSSER PREIS DER EIFEL 2020,Nürburgring,Germany,,,Permanent,,,0.32850476375656235,0.41701773716162205,0.2544774990818156,3,False,Eifel Grand Prix,eifel_grand_prix,2020,2020-10-11,97.6284375,16,Closing,0.35999999999999943,False,False,False,False
HAM,Mercedes,59,0 days 00:01:29.067000,0 days 00:00:29.158000,0 days 00:00:36.997000,0 days 00:00:22.912000,Soft,17,3,,,1,True,0 days 01:34:20.947000,89.067,29.158,36.997,22.912,5660.947,5667.635,9.8,58.9,947.3,False,17.3,61,1.3,False,True,True,FORMULA 1 ARAMCO GROSSER PREIS DER EIFEL 2020,Nürburgring,Germany,,,Permanent,,,0.3273715292981688,0.4153839244613606,0.25724454624047066,3,False,Eifel Grand Prix,eifel_grand_prix,2020,2020-10-11,93.13758333333334,12,Closing,0.921999999999997,False,False,False,False
VER,Red Bull Racing,59,0 days 00:01:30.583000,0 days 00:00:29.105000,0 days 00:00:37.264000,0 days 00:00:24.214000,Soft,17,3,,,1,True,0 days 01:34:26.245000,90.583,29.105,37.264,24.214,5666.245,5667.635,9.8,58.9,947.3,False,17.3,61,1.3,False,True,True,FORMULA 1 ARAMCO GROSSER PREIS DER EIFEL 2020,Nürburgring,Germany,,,Permanent,,,0.3213075301105064,0.41137961869224915,0.2673128511972445,3,False,Eifel Grand Prix,eifel_grand_prix,2020,2020-10-11,93.42058333333334,12,Closing,2.4440000000000026,False,False,False,False
RIC,Renault,59,0 days 00:01:29.701000,0 days 00:00:29.256000,0 days 00:00:37.122000,0 days 00:00:23.323000,Soft,18,3,,,1,True,0 days 01:34:34.192000,89.701,29.256,37.122,23.323,5674.192,5667.635,9.8,58.9,947.3,False,17.3,61,1.3,False,True,True,FORMULA 1 ARAMCO GROSSER PREIS DER EIFEL 2020,Nürburgring,Germany,,,Permanent,,,0.32615021014258483,0.4138415402280911,0.2600082496293241,3,False,Eifel Grand Prix,eifel_grand_prix,2020,2020-10-11,102.10025,16,Closing,0.11699999999999022,False,False,False,False
PER,Racing Point,59,0 days 00:01:29.981000,0 days 00:00:29.355000,0 days 00:00:37.379000,0 days 00:00:23.247000,Soft,17,3,,,1,True,0 days 01:34:35.804000,89.981,29.355,37.379,23.247,5675.804,5667.635,9.8,58.9,947.3,False,17.3,61,1.3,False,True,True,FORMULA 1 ARAMCO GROSSER PREIS DER EIFEL 2020,Nürburgring,Germany,,,Permanent,,,0.32623553861370735,0.41540991987197295,0.2583545415143197,3,False,Eifel Grand Prix,eifel_grand_prix,2020,2020-10-11,100.04866666666666,15,Closing,0.2809999999999917,False,False,False,False
SAI,McLaren,59,0 days 00:01:30.607000,0 days 00:00:29.573000,0 days 00:00:37.552000,0 days 00:00:23.482000,Soft,18,3,,,1,True,0 days 01:34:41.189000,90.607,29.573,37.552,23.482,5681.189,5667.635,9.8,58.9,947.3,False,17.3,61,1.3,False,True,True,FORMULA 1 ARAMCO GROSSER PREIS DER EIFEL 2020,Nürburgring,Germany,,,Permanent,,,0.3263875859481056,0.41444921474058294,0.2591631993113115,3,False,Eifel Grand Prix,eifel_grand_prix,2020,2020-10-11,101.0663125,16,Closing,0.47799999999999443,False,False,False,False
GAS,AlphaTauri,59,0 days 00:01:30.276000,0 days 00:00:29.343000,0 days 00:00:37.620000,0 days 00:00:23.313000,Soft,15,3,,,1,True,0 days 01:34:42.253000,90.276,29.343,37.62,23.313,5682.253,5667.635,9.8,58.9,947.3,False,17.3,61,1.3,False,True,True,FORMULA 1 ARAMCO GROSSER PREIS DER EIFEL 2020,Nürburgring,Germany,,,Permanent,,,0.3250365545659976,0.41672205237272364,0.25824139306127875,3,False,Eifel Grand Prix,eifel_grand_prix,2020,2020-10-11,98.781,16,Closing,0.16599999999999682,False,False,False,False
LEC,Ferrari,59,0 days 00:01:31.110000,0 days 00:00:29.719000,0 days 00:00:37.907000,0 days 00:00:23.484000,Medium,29,3,,,1,True,0 days 01:34:48.688000,91.11,29.719,37.907,23.484,5688.688,5667.635,9.8,58.9,947.3,False,17.3,61,1.3,False,True,True,FORMULA 1 ARAMCO GROSSER PREIS DER EIFEL 2020,Nürburgring,Germany,,,Permanent,,,0.32618812424541765,0.4160575128964987,0.2577543628580837,3,False,Eifel Grand Prix,eifel_grand_prix,2020,2020-10-11,98.30688,25,Closing,0.39799999999999613,False,False,False,False
HUL,Racing Point,59,0 days 00:01:31.052000,0 days 00:00:29.794000,0 days 00:00:37.734000,0 days 00:00:23.524000,Soft,15,3,,,1,True,0 days 01:34:50.102000,91.052,29.794,37.734,23.524,5690.102,5667.635,9.8,58.9,947.3,False,17.3,61,1.3,False,True,True,FORMULA 1 ARAMCO GROSSER PREIS DER EIFEL 2020,Nürburgring,Germany,,,Permanent,,,0.3272196107718666,0.4144225277863199,0.25835786144181344,3,False,Eifel Grand Prix,eifel_grand_prix,2020,2020-10-11,99.12075,16,Closing,0.3190000000000026,False,False,False,False
GRO,Haas F1 Team,59,0 days 00:01:31.664000,0 days 00:00:29.893000,0 days 00:00:37.896000,0 days 00:00:23.875000,Hard,31,2,,,1,True,0 days 01:34:56.886000,91.664,29.893,37.896,23.875,5696.886,5667.635,9.8,58.9,947.3,False,17.3,61,1.3,False,True,True,FORMULA 1 ARAMCO GROSSER PREIS DER EIFEL 2020,Nürburgring,Germany,,,Permanent,,,0.32611494152557163,0.4134229359399546,0.2604621225344737,3,False,Eifel Grand Prix,eifel_grand_prix,2020,2020-10-11,97.07871875000001,32,Closing,0.10200000000000387,False,False,False,False
GIO,Alfa Romeo Racing,59,0 days 00:01:31.689000,0 days 00:00:30.021000,0 days 00:00:38.020000,0 days 00:00:23.648000,Medium,23,3,,,1,True,0 days 01:34:58.056000,91.689,30.021,38.02,23.648,5698.056,5727.642,9.8,58.9,947.3,False,17.3,61,1.3,False,True,True,FORMULA 1 ARAMCO GROSSER PREIS DER EIFEL 2020,Nürburgring,Germany,,,Permanent,,,0.3274220462650918,0.4146626094733284,0.2579153442615799,3,False,Eifel Grand Prix,eifel_grand_prix,2020,2020-10-11,98.071625,24,Closing,0.7799999999999869,False,False,False,False
VET,Ferrari,59,0 days 00:01:31.707000,0 days 00:00:29.897000,0 days 00:00:38.206000,0 days 00:00:23.604000,Soft,18,3,,,1,True,0 days 01:34:58.828000,91.707,29.897,38.206,23.604,5698.828,5727.642,9.8,58.9,947.3,False,17.3,61,1.3,False,True,True,FORMULA 1 ARAMCO GROSSER PREIS DER EIFEL 2020,Nürburgring,Germany,,,Permanent,,,0.32600564842378443,0.4166094191283109,0.2573849324479047,3,False,Eifel Grand Prix,eifel_grand_prix,2020,2020-10-11,99.19994736842105,19,Closing,1.2989999999999924,False,False,False,False
RAI,Alfa Romeo Racing,59,0 days 00:01:31.399000,0 days 00:00:29.930000,0 days 00:00:38.164000,0 days 00:00:23.305000,Soft,15,3,,,1,True,0 days 01:34:59.257000,91.399,29.93,38.164,23.305,5699.257,5727.642,9.8,58.9,947.3,False,17.3,61,1.3,False,True,True,FORMULA 1 ARAMCO GROSSER PREIS DER EIFEL 2020,Nürburgring,Germany,,,Permanent,,,0.3274652895545903,0.4175538025580149,0.2549809078873948,3,False,Eifel Grand Prix,eifel_grand_prix,2020,2020-10-11,99.1435625,16,Closing,0.8870000000000005,False,False,False,False
MAG,Haas F1 Team,59,0 days 00:01:32.259000,0 days 00:00:30.281000,0 days 00:00:38.184000,0 days 00:00:23.794000,Medium,25,3,,,1,True,0 days 01:35:06.991000,92.259,30.281,38.184,23.794,5706.991,5727.642,9.8,58.9,947.3,False,17.3,61,1.3,False,True,True,FORMULA 1 ARAMCO GROSSER PREIS DER EIFEL 2020,Nürburgring,Germany,,,Permanent,,,0.3282173012930988,0.4138783208142295,0.25790437789267173,3,False,Eifel Grand Prix,eifel_grand_prix,2020,2020-10-11,97.74053846153846,26,Closing,1.8029999999999973,False,False,False,False
LAT,Williams,59,0 days 00:01:32.799000,0 days 00:00:30.644000,0 days 00:00:38.308000,0 days 00:00:23.847000,Medium,26,3,,,1,True,0 days 01:35:11.425000,92.799,30.644,38.308,23.847,5711.425,5727.642,9.8,58.9,947.3,False,17.3,61,1.3,False,True,True,FORMULA 1 ARAMCO GROSSER PREIS DER EIFEL 2020,Nürburgring,Germany,,,Permanent,,,0.33021907563659086,0.4128061724803069,0.2569747518831022,3,False,Eifel Grand Prix,eifel_grand_prix,2020,2020-10-11,97.57966666666665,27,Closing,1.4220000000000113,False,False,False,False
KVY,AlphaTauri,59,0 days 00:01:32.650000,0 days 00:00:30.330000,0 days 00:00:38.690000,0 days 00:00:23.630000,Soft,15,3,,,1,True,0 days 01:35:11.901000,92.65,30.33,38.69,23.63,5711.901,5727.642,9.8,58.9,947.3,False,17.3,61,1.3,False,True,True,FORMULA 1 ARAMCO GROSSER PREIS DER EIFEL 2020,Nürburgring,Germany,,,Permanent,,,0.3273610361575823,0.41759309228278463,0.255045871559633,3,False,Eifel Grand Prix,eifel_grand_prix,2020,2020-10-11,97.6284375,16,Closing,0.43600000000000705,False,False,False,False
HAM,Mercedes,60,0 days 00:01:28.971000,0 days 00:00:28.962000,0 days 00:00:36.727000,0 days 00:00:23.282000,Soft,18,3,,,1,True,0 days 01:35:49.918000,88.971,28.962,36.727,23.282,5749.918,5727.642,9.8,58.9,947.3,False,17.3,61,1.3,False,True,True,FORMULA 1 ARAMCO GROSSER PREIS DER EIFEL 2020,Nürburgring,Germany,,,Permanent,,,0.32552179923795393,0.41279742837553807,0.26168077238650794,3,False,Eifel Grand Prix,eifel_grand_prix,2020,2020-10-11,93.13758333333334,12,Closing,0.8260000000000076,False,False,False,False
VER,Red Bull Racing,60,0 days 00:01:28.139000,0 days 00:00:28.643000,0 days 00:00:36.631000,0 days 00:00:22.865000,Soft,18,3,,,1,True,0 days 01:35:54.384000,88.139,28.643,36.631,22.865,5754.384,5727.642,9.8,58.9,947.3,False,17.3,61,1.3,False,True,True,FORMULA 1 ARAMCO GROSSER PREIS DER EIFEL 2020,Nürburgring,Germany,,,Permanent,,,0.3249753230692429,0.41560489681071944,0.25941978012003764,3,False,Eifel Grand Prix,eifel_grand_prix,2020,2020-10-11,93.42058333333334,12,Closing,0.0,False,False,False,False
RIC,Renault,60,0 days 00:01:30.322000,0 days 00:00:29.327000,0 days 00:00:37.484000,0 days 00:00:23.511000,Soft,19,3,,,1,True,0 days 01:36:04.514000,90.322,29.327,37.484,23.511,5764.514,5787.649,9.8,58.9,947.3,False,17.3,61,1.3,False,True,True,FORMULA 1 ARAMCO GROSSER PREIS DER EIFEL 2020,Nürburgring,Germany,,,Permanent,,,0.32469387303204095,0.41500409645490577,0.2603020305130533,3,False,Eifel Grand Prix,eifel_grand_prix,2020,2020-10-11,102.10025,16,Closing,0.7379999999999995,False,False,False,False
PER,Racing Point,60,0 days 00:01:30.167000,0 days 00:00:29.391000,0 days 00:00:37.448000,0 days 00:00:23.328000,Soft,18,3,,,1,True,0 days 01:36:05.971000,90.167,29.391,37.448,23.328,5765.971,5787.649,9.8,58.9,947.3,False,17.3,61,1.3,False,True,True,FORMULA 1 ARAMCO GROSSER PREIS DER EIFEL 2020,Nürburgring,Germany,,,Permanent,,,0.3259618263888118,0.4153182428161079,0.2587199307950802,3,False,Eifel Grand Prix,eifel_grand_prix,2020,2020-10-11,100.04866666666666,15,Closing,0.46699999999999875,False,False,False,False
SAI,McLaren,60,0 days 00:01:30.617000,0 days 00:00:29.686000,0 days 00:00:37.469000,0 days 00:00:23.462000,Soft,19,3,,,1,True,0 days 01:36:11.806000,90.617,29.686,37.469,23.462,5771.806,5787.649,9.8,58.9,947.3,False,17.3,61,1.3,False,True,True,FORMULA 1 ARAMCO GROSSER PREIS DER EIFEL 2020,Nürburgring,Germany,,,Permanent,,,0.32759857421896554,0.4134875354514054,0.2589138903296291,3,False,Eifel Grand Prix,eifel_grand_prix,2020,2020-10-11,101.0663125,16,Closing,0.48799999999999955,False,False,False,False
GAS,AlphaTauri,60,0 days 00:01:30.414000,0 days 00:00:29.558000,0 days 00:00:37.726000,0 days 00:00:23.130000,Soft,16,3,,,1,True,0 days 01:36:12.667000,90.414,29.558,37.726,23.13,5772.667,5787.649,9.8,58.9,947.3,False,17.3,61,1.3,False,True,True,FORMULA 1 ARAMCO GROSSER PREIS DER EIFEL 2020,Nürburgring,Germany,,,Permanent,,,0.32691839759329305,0.4172583891875152,0.2558232132191917,3,False,Eifel Grand Prix,eifel_grand_prix,2020,2020-10-11,98.781,16,Closing,0.30400000000000205,False,False,False,False
LEC,Ferrari,60,0 days 00:01:32.027000,0 days 00:00:29.731000,0 days 00:00:38.239000,0 days 00:00:24.057000,Medium,30,3,,,1,True,0 days 01:36:20.715000,92.027,29.731,38.239,24.057,5780.715,5787.649,9.8,58.9,947.3,False,17.3,61,1.3,False,True,True,FORMULA 1 ARAMCO GROSSER PREIS DER EIFEL 2020,Nürburgring,Germany,,,Permanent,,,0.32306822997598533,0.4155193584491508,0.2614124115748639,3,False,Eifel Grand Prix,eifel_grand_prix,2020,2020-10-11,98.30688,25,Closing,1.3149999999999977,False,False,False,False
HUL,Racing Point,60,0 days 00:01:32.395000,0 days 00:00:30.095000,0 days 00:00:38.274000,0 days 00:00:24.026000,Soft,16,3,,,1,True,0 days 01:36:22.497000,92.395,30.095,38.274,24.026,5782.497,5787.649,9.8,58.9,947.3,False,17.3,61,1.3,False,True,True,FORMULA 1 ARAMCO GROSSER PREIS DER EIFEL 2020,Nürburgring,Germany,,,Permanent,,,0.3257210888035067,0.41424319497808326,0.2600357162184101,3,False,Eifel Grand Prix,eifel_grand_prix,2020,2020-10-11,99.12075,16,Closing,1.661999999999992,False,False,False,False
GRO,Haas F1 Team,60,0 days 00:01:32.096000,0 days 00:00:30.087000,0 days 00:00:38.075000,0 days 00:00:23.934000,Hard,32,2,,,1,True,0 days 01:36:28.982000,92.096,30.087,38.075,23.934,5788.982,5787.649,9.8,58.9,947.3,False,17.3,61,1.3,False,True,True,FORMULA 1 ARAMCO GROSSER PREIS DER EIFEL 2020,Nürburgring,Germany,,,Permanent,,,0.3266917129951355,0.4134272932592078,0.2598809937456567,3,False,Eifel Grand Prix,eifel_grand_prix,2020,2020-10-11,97.07871875000001,32,Closing,0.534000000000006,False,False,False,False
GIO,Alfa Romeo Racing,60,0 days 00:01:31.880000,0 days 00:00:30.037000,0 days 00:00:38.086000,0 days 00:00:23.757000,Medium,24,3,,,1,True,0 days 01:36:29.936000,91.88,30.037,38.086,23.757,5789.936,5787.649,9.8,58.9,947.3,False,17.3,61,1.3,False,True,True,FORMULA 1 ARAMCO GROSSER PREIS DER EIFEL 2020,Nürburgring,Germany,,,Permanent,,,0.3269155420113191,0.41451893774488463,0.2585655202437963,3,False,Eifel Grand Prix,eifel_grand_prix,2020,2020-10-11,98.071625,24,Closing,0.9709999999999894,False,False,False,False
VET,Ferrari,60,0 days 00:01:31.883000,0 days 00:00:29.923000,0 days 00:00:38.076000,0 days 00:00:23.884000,Soft,19,3,,,1,True,0 days 01:36:30.711000,91.883,29.923,38.076,23.884,5790.711,5787.649,9.8,58.9,947.3,False,17.3,61,1.3,False,True,True,FORMULA 1 ARAMCO GROSSER PREIS DER EIFEL 2020,Nürburgring,Germany,,,Permanent,,,0.32566415985546837,0.41439656955040655,0.25993927059412514,3,False,Eifel Grand Prix,eifel_grand_prix,2020,2020-10-11,99.19994736842105,19,Closing,1.4749999999999943,False,False,False,False
RAI,Alfa Romeo Racing,60,0 days 00:01:32.120000,0 days 00:00:30.198000,0 days 00:00:38.214000,0 days 00:00:23.708000,Soft,16,3,,,1,True,0 days 01:36:31.377000,92.12,30.198,38.214,23.708,5791.377,5787.649,9.8,58.9,947.3,False,17.3,61,1.3,False,True,True,FORMULA 1 ARAMCO GROSSER PREIS DER EIFEL 2020,Nürburgring,Germany,,,Permanent,,,0.32781155015197566,0.41482848458532345,0.2573599652627008,3,False,Eifel Grand Prix,eifel_grand_prix,2020,2020-10-11,99.1435625,16,Closing,1.608000000000004,False,False,False,False
MAG,Haas F1 Team,60,0 days 00:01:32.495000,0 days 00:00:30.084000,0 days 00:00:38.361000,0 days 00:00:24.050000,Medium,26,3,,,1,True,0 days 01:36:39.486000,92.495,30.084,38.361,24.05,5799.486,5787.649,9.8,58.9,947.3,False,17.3,61,1.3,False,True,True,FORMULA 1 ARAMCO GROSSER PREIS DER EIFEL 2020,Nürburgring,Germany,,,Permanent,,,0.325250013514244,0.4147359316719822,0.2600140548137737,3,False,Eifel Grand Prix,eifel_grand_prix,2020,2020-10-11,97.74053846153846,26,Closing,2.0390000000000015,False,False,False,False
LAT,Williams,60,0 days 00:01:32.925000,0 days 00:00:30.777000,0 days 00:00:38.416000,0 days 00:00:23.732000,Medium,27,3,,,1,True,0 days 01:36:44.350000,92.925,30.777,38.416,23.732,5804.35,5787.649,9.8,58.9,947.3,False,17.3,61,1.3,False,True,True,FORMULA 1 ARAMCO GROSSER PREIS DER EIFEL 2020,Nürburgring,Germany,,,Permanent,,,0.33120258272800646,0.4134086629001883,0.2553887543718052,3,False,Eifel Grand Prix,eifel_grand_prix,2020,2020-10-11,97.57966666666665,27,Closing,1.5480000000000018,False,False,False,False
KVY,AlphaTauri,60,0 days 00:01:33.588000,0 days 00:00:30.817000,0 days 00:00:38.634000,0 days 00:00:24.137000,Soft,16,3,,,1,True,0 days 01:36:45.489000,93.588,30.817,38.634,24.137,5805.489,5787.649,9.8,58.9,947.3,False,17.3,61,1.3,False,True,True,FORMULA 1 ARAMCO GROSSER PREIS DER EIFEL 2020,Nürburgring,Germany,,,Permanent,,,0.32928366884643334,0.41280933453006796,0.25790699662349875,3,False,Eifel Grand Prix,eifel_grand_prix,2020,2020-10-11,97.6284375,16,Closing,1.3739999999999952,False,False,False,False
