Driver,Team,LapNumber,LapTime,Sector1Time,Sector2Time,Sector3Time,Compound,TyreLife,Stint,PitInTime,PitOutTime,TrackStatus,IsAccurate,Time,LapTimeSeconds,Sector1TimeSeconds,Sector2TimeSeconds,Sector3TimeSeconds,LapStartTime,WeatherTime,AirTemp,Humidity,Pressure,Rainfall,TrackTemp,WindDirection,WindSpeed,IsWetLap,IsDryLap,IsWetRace,CircuitName,CircuitShort,CircuitCountry,TrackLengthKM,AltitudeM,CircuitType,PitLap,PitDuration,Sector1Pct,Sector2Pct,Sector3Pct,BestSector,IsValidLap,GrandPrix,GP_Slug,SeasonYear,EventDate,AvgLapTime,StintLength,StintType,DeltaToFastestLap,IsSC,IsVSC,IsRedFlag,IsDNF
STR,Williams,2,0 days 00:02:21.266000,0 days 00:00:34.420000,0 days 00:00:39.454000,0 days 00:01:07.392000,Soft,1,2,,0 days 00:10:13.536000,4,False,0 days 00:12:34.028000,141.266,34.42,39.454,67.392,754.028,770.321,24.5,49.9,966.6,False,42.1,110,2.1,False,True,False,FORMULA 1 PIRELLI GRAND PRIX DE FRANCE 2018,Le Castellet,France,,,Permanent,,,0.2436538162048901,0.2792887177381677,0.4770574660569422,1,False,French Grand Prix,french_grand_prix,2018,2018-06-24,102.4190652173913,46,Closing,42.94699999999999,True,False,False,True
SIR,Williams,2,0 days 00:02:14.396000,0 days 00:00:33.193000,0 days 00:00:34.909000,0 days 00:01:06.294000,Soft,1,2,,0 days 00:10:21.956000,4,False,0 days 00:12:35.627000,134.396,33.193,34.909,66.294,755.627,770.321,24.5,49.9,966.6,False,42.1,110,2.1,False,True,False,FORMULA 1 PIRELLI GRAND PRIX DE FRANCE 2018,Le Castellet,France,,,Permanent,,,0.24697907675823685,0.25974731390815203,0.49327360933361114,1,False,French Grand Prix,french_grand_prix,2018,2018-06-24,102.90366,50,Closing,36.09599999999999,True,False,False,True
ALO,McLaren,2,0 days 00:02:15.080000,0 days 00:00:34.993000,0 days 00:00:38.163000,0 days 00:01:01.924000,Soft,1,2,,0 days 00:10:23.003000,4,False,0 days 00:12:37.319000,135.08,34.993,38.163,61.924,757.319,770.321,24.5,49.9,966.6,False,42.1,110,2.1,False,True,False,FORMULA 1 PIRELLI GRAND PRIX DE FRANCE 2018,Le Castellet,France,,,Permanent,,,0.2590538939887474,0.2825214687592537,0.4584246372519988,1,False,French Grand Prix,french_grand_prix,2018,2018-06-24,102.5500909090909,44,Mid,39.94700000000002,True,False,False,True
VET,Ferrari,2,0 days 00:02:09.901000,0 days 00:00:32.051000,0 days 00:00:35.733000,0 days 00:01:02.117000,Soft,1,2,,0 days 00:10:29.065000,4,False,0 days 00:12:38.195000,129.901,32.051,35.733,62.117,758.195,770.321,24.5,49.9,966.6,False,42.1,110,2.1,False,True,False,FORMULA 1 PIRELLI GRAND PRIX DE FRANCE 2018,Le Castellet,France,,,Permanent,,,0.24673405131600218,0.27507871378973214,0.47818723489426557,1,False,French Grand Prix,french_grand_prix,2018,2018-06-24,101.26828947368422,38,Mid,35.41600000000001,True,False,False,True
BOT,Mercedes,2,0 days 00:01:52.453000,0 days 00:00:35.656000,0 days 00:00:31.430000,0 days 00:00:45.367000,Soft,1,2,,0 days 00:11:06.599000,4,False,0 days 00:12:58.291000,112.453,35.656,31.43,45.367,778.291,770.321,24.5,49.9,966.6,False,42.1,110,2.1,False,True,False,FORMULA 1 PIRELLI GRAND PRIX DE FRANCE 2018,Le Castellet,France,,,Permanent,,,0.31707468898117436,0.279494544387433,0.40343076663139266,2,False,French Grand Prix,french_grand_prix,2018,2018-06-24,100.90908108108108,37,Mid,18.22800000000001,True,False,False,True
HAM,Mercedes,3,0 days 00:02:29.156000,0 days 00:00:41.667000,0 days 00:00:41.991000,0 days 00:01:05.498000,SUPERSOFT,4,1,,,4,False,0 days 00:14:44.155000,149.156,41.667,41.991,65.498,884.155,890.347,24.2,49.8,966.4,False,42.4,140,1.7,False,True,False,FORMULA 1 PIRELLI GRAND PRIX DE FRANCE 2018,Le Castellet,France,,,Permanent,,,0.2793518195714554,0.28152404194266406,0.43912413848588056,1,False,French Grand Prix,french_grand_prix,2018,2018-06-24,102.2551935483871,31,Opening,54.647000000000006,True,False,False,True
VER,Red Bull Racing,3,0 days 00:02:28.906000,0 days 00:00:41.813000,0 days 00:00:41.485000,0 days 00:01:05.608000,SUPERSOFT,5,1,,,4,False,0 days 00:14:45.243000,148.906,41.813,41.485,65.608,885.243,890.347,24.2,49.8,966.4,False,42.4,140,1.7,False,True,False,FORMULA 1 PIRELLI GRAND PRIX DE FRANCE 2018,Le Castellet,France,,,Permanent,,,0.28080131089412114,0.27859857896928264,0.4406001101365963,2,False,French Grand Prix,french_grand_prix,2018,2018-06-24,104.67008695652173,23,Opening,54.631,True,False,False,True
SAI,Renault,3,0 days 00:02:29.140000,0 days 00:00:41.945000,0 days 00:00:41.700000,0 days 00:01:05.495000,ULTRASOFT,5,1,,,4,False,0 days 00:14:46.636000,149.14,41.945,41.7,65.495,886.636,890.347,24.2,49.8,966.4,False,42.4,140,1.7,False,True,False,FORMULA 1 PIRELLI GRAND PRIX DE FRANCE 2018,Le Castellet,France,,,Permanent,,,0.28124580930669174,0.2796030575298378,0.43915113316347065,2,False,French Grand Prix,french_grand_prix,2018,2018-06-24,105.94854166666666,24,Opening,53.50199999999998,True,False,False,True
RIC,Red Bull Racing,3,0 days 00:02:28.927000,0 days 00:00:42.521000,0 days 00:00:41.010000,0 days 00:01:05.396000,SUPERSOFT,7,1,,,4,False,0 days 00:14:47.624000,148.927,42.521,41.01,65.396,887.624,890.347,24.2,49.8,966.4,False,42.4,140,1.7,False,True,False,FORMULA 1 PIRELLI GRAND PRIX DE FRANCE 2018,Le Castellet,France,,,Permanent,,,0.28551572246805484,0.2753698120555709,0.43911446547637434,2,False,French Grand Prix,french_grand_prix,2018,2018-06-24,103.77253846153847,26,Opening,53.54499999999999,True,False,False,True
MAG,Haas F1 Team,3,0 days 00:02:28.690000,0 days 00:00:43.140000,0 days 00:00:41.380000,0 days 00:01:04.170000,ULTRASOFT,5,1,,,4,False,0 days 00:14:48.460000,148.69,43.14,41.38,64.17,888.46,890.347,24.2,49.8,966.4,False,42.4,140,1.7,False,True,False,FORMULA 1 PIRELLI GRAND PRIX DE FRANCE 2018,Le Castellet,France,,,Permanent,,,0.29013383549667093,0.2782971282534132,0.43156903624991594,2,False,French Grand Prix,french_grand_prix,2018,2018-06-24,105.27073076923078,26,Opening,53.265,True,False,False,True
LEC,Sauber,3,0 days 00:02:29.252000,0 days 00:00:42.641000,0 days 00:00:42.941000,0 days 00:01:03.670000,ULTRASOFT,5,1,,,4,False,0 days 00:14:50.464000,149.252,42.641,42.941,63.67,890.464,890.347,24.2,49.8,966.4,False,42.4,140,1.7,False,True,False,FORMULA 1 PIRELLI GRAND PRIX DE FRANCE 2018,Le Castellet,France,,,Permanent,,,0.2856980140969635,0.287708037413234,0.4265939484898025,1,False,French Grand Prix,french_grand_prix,2018,2018-06-24,104.78541379310344,29,Opening,53.275000000000006,True,False,False,True
RAI,Ferrari,3,0 days 00:02:28.323000,0 days 00:00:42.195000,0 days 00:00:43.214000,0 days 00:01:02.914000,ULTRASOFT,5,1,,,4,False,0 days 00:14:50.992000,148.323,42.195,43.214,62.914,890.992,890.347,24.2,49.8,966.4,False,42.4,140,1.7,False,True,False,FORMULA 1 PIRELLI GRAND PRIX DE FRANCE 2018,Le Castellet,France,,,Permanent,,,0.2844804918994357,0.291350633414912,0.42416887468565223,1,False,French Grand Prix,french_grand_prix,2018,2018-06-24,102.48946875,32,Opening,53.92500000000001,True,False,False,True
GRO,Haas F1 Team,3,0 days 00:02:28.655000,0 days 00:00:42.069000,0 days 00:00:42.804000,0 days 00:01:03.782000,ULTRASOFT,5,1,,,4,False,0 days 00:14:52.974000,148.655,42.069,42.804,63.782,892.974,890.347,24.2,49.8,966.4,False,42.4,140,1.7,False,True,False,FORMULA 1 PIRELLI GRAND PRIX DE FRANCE 2018,Le Castellet,France,,,Permanent,,,0.282997544650365,0.28794187884699474,0.4290605765026403,1,False,French Grand Prix,french_grand_prix,2018,2018-06-24,104.24109375,32,Opening,52.96000000000001,True,False,False,True
PER,Force India,3,0 days 00:02:27.577000,0 days 00:00:41.122000,0 days 00:00:43.237000,0 days 00:01:03.218000,Soft,2,1,,,4,False,0 days 00:14:53.941000,147.577,41.122,43.237,63.218,893.941,890.347,24.2,49.8,966.4,False,42.4,140,1.7,False,True,False,FORMULA 1 PIRELLI GRAND PRIX DE FRANCE 2018,Le Castellet,France,,,Permanent,,,0.27864775676426545,0.2929792582855052,0.4283729849502294,1,False,French Grand Prix,french_grand_prix,2018,2018-06-24,104.93812,25,Opening,49.257999999999996,True,False,False,True
HUL,Renault,3,0 days 00:02:28.462000,0 days 00:00:40.738000,0 days 00:00:43.492000,0 days 00:01:04.232000,Soft,2,1,,,4,False,0 days 00:14:56.193000,148.462,40.738,43.492,64.232,896.193,890.347,24.2,49.8,966.4,False,42.4,140,1.7,False,True,False,FORMULA 1 PIRELLI GRAND PRIX DE FRANCE 2018,Le Castellet,France,,,Permanent,,,0.27440018321186566,0.2929503846102033,0.43264943217793106,1,False,French Grand Prix,french_grand_prix,2018,2018-06-24,103.22897142857143,35,Opening,52.588999999999984,True,False,False,True
ERI,Sauber,3,0 days 00:02:28.420000,0 days 00:00:40.202000,0 days 00:00:45.089000,0 days 00:01:03.129000,SUPERSOFT,2,1,,,4,False,0 days 00:14:58.226000,148.42,40.202,45.089,63.129,898.226,890.347,24.2,49.8,966.4,False,42.4,140,1.7,False,True,False,FORMULA 1 PIRELLI GRAND PRIX DE FRANCE 2018,Le Castellet,France,,,Permanent,,,0.27086646004581594,0.30379328931410865,0.42534025064007547,1,False,French Grand Prix,french_grand_prix,2018,2018-06-24,104.29169696969697,33,Opening,51.92599999999999,True,False,False,True
VAN,McLaren,3,0 days 00:02:28.221000,0 days 00:00:40.379000,0 days 00:00:44.888000,0 days 00:01:02.954000,SUPERSOFT,2,1,,,4,False,0 days 00:14:59.699000,148.221,40.379,44.888,62.954,899.699,890.347,24.2,49.8,966.4,False,42.4,140,1.7,False,True,False,FORMULA 1 PIRELLI GRAND PRIX DE FRANCE 2018,Le Castellet,France,,,Permanent,,,0.2724242853576753,0.30284507593390947,0.42473063870841515,1,False,French Grand Prix,french_grand_prix,2018,2018-06-24,101.85713513513514,37,Opening,51.54600000000001,True,False,False,True
HAR,Toro Rosso,3,0 days 00:02:29.064000,0 days 00:00:40.038000,0 days 00:00:44.913000,0 days 00:01:04.113000,ULTRASOFT,2,1,,,4,False,0 days 00:15:01.877000,149.064,40.038,44.913,64.113,901.877,890.347,24.2,49.8,966.4,False,42.4,140,1.7,False,True,False,FORMULA 1 PIRELLI GRAND PRIX DE FRANCE 2018,Le Castellet,France,,,Permanent,,,0.26859603928513925,0.3013001127032684,0.43010384801159235,1,False,French Grand Prix,french_grand_prix,2018,2018-06-24,102.32042857142858,35,Opening,52.224999999999994,True,False,False,True
STR,Williams,3,0 days 00:02:28.910000,0 days 00:00:39.775000,0 days 00:00:45.413000,0 days 00:01:03.722000,Soft,2,2,,,4,False,0 days 00:15:02.938000,148.91,39.775,45.413,63.722,902.938,890.347,24.2,49.8,966.4,False,42.4,140,1.7,False,True,False,FORMULA 1 PIRELLI GRAND PRIX DE FRANCE 2018,Le Castellet,France,,,Permanent,,,0.2671076489154523,0.30496944463098513,0.42792290645356257,1,False,French Grand Prix,french_grand_prix,2018,2018-06-24,102.4190652173913,46,Closing,50.590999999999994,True,False,False,True
SIR,Williams,3,0 days 00:02:28.796000,0 days 00:00:39.825000,0 days 00:00:45.037000,0 days 00:01:03.934000,Soft,2,2,,,4,False,0 days 00:15:04.423000,148.796,39.825,45.037,63.934,904.423,890.347,24.2,49.8,966.4,False,42.4,140,1.7,False,True,False,FORMULA 1 PIRELLI GRAND PRIX DE FRANCE 2018,Le Castellet,France,,,Permanent,,,0.26764832387967424,0.3026761472082583,0.42967552891206756,1,False,French Grand Prix,french_grand_prix,2018,2018-06-24,102.90366,50,Closing,50.495999999999995,True,False,False,True
ALO,McLaren,3,0 days 00:02:27.928000,0 days 00:00:39.566000,0 days 00:00:45.772000,0 days 00:01:02.590000,Soft,2,2,,,4,False,0 days 00:15:05.247000,147.928,39.566,45.772,62.59,905.247,890.347,24.2,49.8,966.4,False,42.4,140,1.7,False,True,False,FORMULA 1 PIRELLI GRAND PRIX DE FRANCE 2018,Le Castellet,France,,,Permanent,,,0.26746795738467366,0.30942079930777133,0.42311124330755506,1,False,French Grand Prix,french_grand_prix,2018,2018-06-24,102.5500909090909,44,Mid,52.795,True,False,False,True
VET,Ferrari,3,0 days 00:02:28.587000,0 days 00:00:39.420000,0 days 00:00:47.476000,0 days 00:01:01.691000,Soft,2,2,,,4,False,0 days 00:15:06.782000,148.587,39.42,47.476,61.691,906.782,890.347,24.2,49.8,966.4,False,42.4,140,1.7,False,True,False,FORMULA 1 PIRELLI GRAND PRIX DE FRANCE 2018,Le Castellet,France,,,Permanent,,,0.2652991176886269,0.3195165122117009,0.4151843700996723,1,False,French Grand Prix,french_grand_prix,2018,2018-06-24,101.26828947368422,38,Mid,54.10199999999999,True,False,False,True
BOT,Mercedes,3,0 days 00:02:09.285000,0 days 00:00:30.605000,0 days 00:00:37.707000,0 days 00:01:00.973000,Soft,2,2,,,4,False,0 days 00:15:07.576000,129.285,30.605,37.707,60.973,907.576,890.347,24.2,49.8,966.4,False,42.4,140,1.7,False,True,False,FORMULA 1 PIRELLI GRAND PRIX DE FRANCE 2018,Le Castellet,France,,,Permanent,,,0.23672506477936342,0.2916579649611324,0.4716169702595042,1,False,French Grand Prix,french_grand_prix,2018,2018-06-24,100.90908108108108,37,Mid,35.06,True,False,False,True
HAM,Mercedes,4,0 days 00:02:29.223000,0 days 00:00:38.881000,0 days 00:00:42.936000,0 days 00:01:07.406000,SUPERSOFT,5,1,,,4,False,0 days 00:17:13.378000,149.223,38.881,42.936,67.406,1033.378,1010.374,24.7,48.6,966.3,False,44.1,106,1.7,False,True,False,FORMULA 1 PIRELLI GRAND PRIX DE FRANCE 2018,Le Castellet,France,,,Permanent,,,0.26055634855216686,0.2877304436983575,0.4517132077494756,1,False,French Grand Prix,french_grand_prix,2018,2018-06-24,102.2551935483871,31,Opening,54.71400000000001,True,False,False,True
VER,Red Bull Racing,4,0 days 00:02:29.073000,0 days 00:00:38.887000,0 days 00:00:42.481000,0 days 00:01:07.705000,SUPERSOFT,6,1,,,4,False,0 days 00:17:14.316000,149.073,38.887,42.481,67.705,1034.316,1010.374,24.7,48.6,966.3,False,44.1,106,1.7,False,True,False,FORMULA 1 PIRELLI GRAND PRIX DE FRANCE 2018,Le Castellet,France,,,Permanent,,,0.26085877388930256,0.284967767469629,0.45417345864106845,1,False,French Grand Prix,french_grand_prix,2018,2018-06-24,104.67008695652173,23,Opening,54.798,True,False,False,True
SAI,Renault,4,0 days 00:02:28.785000,0 days 00:00:38.768000,0 days 00:00:41.793000,0 days 00:01:08.224000,ULTRASOFT,6,1,,,4,False,0 days 00:17:15.421000,148.785,38.768,41.793,68.224,1035.421,1010.374,24.7,48.6,966.3,False,44.1,106,1.7,False,True,False,FORMULA 1 PIRELLI GRAND PRIX DE FRANCE 2018,Le Castellet,France,,,Permanent,,,0.2605639009308734,0.28089525153745337,0.45854084753167323,1,False,French Grand Prix,french_grand_prix,2018,2018-06-24,105.94854166666666,24,Opening,53.14699999999999,True,False,False,True
RIC,Red Bull Racing,4,0 days 00:02:28.945000,0 days 00:00:39.045000,0 days 00:00:41.701000,0 days 00:01:08.199000,SUPERSOFT,8,1,,,4,False,0 days 00:17:16.569000,148.945,39.045,41.701,68.199,1036.569,1010.374,24.7,48.6,966.3,False,44.1,106,1.7,False,True,False,FORMULA 1 PIRELLI GRAND PRIX DE FRANCE 2018,Le Castellet,France,,,Permanent,,,0.2621437443351573,0.27997583000436405,0.4578804256604787,1,False,French Grand Prix,french_grand_prix,2018,2018-06-24,103.77253846153847,26,Opening,53.56299999999999,True,False,False,True
MAG,Haas F1 Team,4,0 days 00:02:29.407000,0 days 00:00:39.330000,0 days 00:00:41.415000,0 days 00:01:08.662000,ULTRASOFT,6,1,,,4,False,0 days 00:17:17.867000,149.407,39.33,41.415,68.662,1037.867,1010.374,24.7,48.6,966.3,False,44.1,106,1.7,False,True,False,FORMULA 1 PIRELLI GRAND PRIX DE FRANCE 2018,Le Castellet,France,,,Permanent,,,0.2632406781476102,0.27719584758411586,0.45956347426827393,1,False,French Grand Prix,french_grand_prix,2018,2018-06-24,105.27073076923078,26,Opening,53.98200000000001,True,False,False,True
LEC,Sauber,4,0 days 00:02:28.654000,0 days 00:00:38.448000,0 days 00:00:41.080000,0 days 00:01:09.126000,ULTRASOFT,6,1,,,4,False,0 days 00:17:19.118000,148.654,38.448,41.08,69.126,1039.118,1010.374,24.7,48.6,966.3,False,44.1,106,1.7,False,True,False,FORMULA 1 PIRELLI GRAND PRIX DE FRANCE 2018,Le Castellet,France,,,Permanent,,,0.25864087074683495,0.2763464151654177,0.4650127140877474,1,False,French Grand Prix,french_grand_prix,2018,2018-06-24,104.78541379310344,29,Opening,52.67699999999999,True,False,False,True
RAI,Ferrari,4,0 days 00:02:29.266000,0 days 00:00:38.684000,0 days 00:00:41.435000,0 days 00:01:09.147000,ULTRASOFT,6,1,,,4,False,0 days 00:17:20.258000,149.266,38.684,41.435,69.147,1040.258,1010.374,24.7,48.6,966.3,False,44.1,106,1.7,False,True,False,FORMULA 1 PIRELLI GRAND PRIX DE FRANCE 2018,Le Castellet,France,,,Permanent,,,0.25916149692495277,0.2775916819637426,0.4632468211113047,1,False,French Grand Prix,french_grand_prix,2018,2018-06-24,102.48946875,32,Opening,54.867999999999995,True,False,False,True
GRO,Haas F1 Team,4,0 days 00:02:29.133000,0 days 00:00:37.727000,0 days 00:00:41.714000,0 days 00:01:09.692000,ULTRASOFT,6,1,,,4,False,0 days 00:17:22.107000,149.133,37.727,41.714,69.692,1042.107,1070.386,24.7,48.6,966.4,False,44.2,111,2.4,False,True,False,FORMULA 1 PIRELLI GRAND PRIX DE FRANCE 2018,Le Castellet,France,,,Permanent,,,0.2529755319077602,0.27971005746548383,0.4673144106267559,1,False,French Grand Prix,french_grand_prix,2018,2018-06-24,104.24109375,32,Opening,53.43800000000002,True,False,False,True
PER,Force India,4,0 days 00:02:29.420000,0 days 00:00:37.939000,0 days 00:00:41.167000,0 days 00:01:10.314000,Soft,3,1,,,4,False,0 days 00:17:23.361000,149.42,37.939,41.167,70.314,1043.361,1070.386,24.7,48.6,966.4,False,44.2,111,2.4,False,True,False,FORMULA 1 PIRELLI GRAND PRIX DE FRANCE 2018,Le Castellet,France,,,Permanent,,,0.25390844599116585,0.27551197965466473,0.47057957435416947,1,False,French Grand Prix,french_grand_prix,2018,2018-06-24,104.93812,25,Opening,51.100999999999985,True,False,False,True
HUL,Renault,4,0 days 00:02:28.992000,0 days 00:00:36.902000,0 days 00:00:41.706000,0 days 00:01:10.384000,Soft,3,1,,,4,False,0 days 00:17:25.185000,148.992,36.902,41.706,70.384,1045.185,1070.386,24.7,48.6,966.4,False,44.2,111,2.4,False,True,False,FORMULA 1 PIRELLI GRAND PRIX DE FRANCE 2018,Le Castellet,France,,,Permanent,,,0.24767772766323026,0.2799210695876289,0.47240120274914094,1,False,French Grand Prix,french_grand_prix,2018,2018-06-24,103.22897142857143,35,Opening,53.118999999999986,True,False,False,True
ERI,Sauber,4,0 days 00:02:29.532000,0 days 00:00:36.329000,0 days 00:00:41.189000,0 days 00:01:12.014000,SUPERSOFT,3,1,,,4,False,0 days 00:17:27.758000,149.532,36.329,41.189,72.014,1047.758,1070.386,24.7,48.6,966.4,False,44.2,111,2.4,False,True,False,FORMULA 1 PIRELLI GRAND PRIX DE FRANCE 2018,Le Castellet,France,,,Permanent,,,0.2429513415188722,0.27545274590054303,0.4815959125805847,1,False,French Grand Prix,french_grand_prix,2018,2018-06-24,104.29169696969697,33,Opening,53.03800000000001,True,False,False,True
HAM,Mercedes,5,0 days 00:02:24.134000,0 days 00:00:34.963000,0 days 00:00:43.594000,0 days 00:01:05.577000,SUPERSOFT,6,1,,,41,False,0 days 00:19:37.512000,144.134,34.963,43.594,65.577,1177.512,1190.413,24.6,48.5,966.4,False,44.6,118,3.1,False,True,False,FORMULA 1 PIRELLI GRAND PRIX DE FRANCE 2018,Le Castellet,France,,,Permanent,,,0.24257288356668102,0.3024546602467149,0.45497245618660415,1,False,French Grand Prix,french_grand_prix,2018,2018-06-24,102.2551935483871,31,Opening,49.624999999999986,True,False,False,True
VER,Red Bull Racing,5,0 days 00:02:24.069000,0 days 00:00:34.727000,0 days 00:00:44.009000,0 days 00:01:05.333000,SUPERSOFT,7,1,,,41,False,0 days 00:19:38.385000,144.069,34.727,44.009,65.333,1178.385,1190.413,24.6,48.5,966.4,False,44.6,118,3.1,False,True,False,FORMULA 1 PIRELLI GRAND PRIX DE FRANCE 2018,Le Castellet,France,,,Permanent,,,0.24104422186591146,0.3054716837071126,0.453484094426976,1,False,French Grand Prix,french_grand_prix,2018,2018-06-24,104.67008695652173,23,Opening,49.79399999999998,True,False,False,True
SAI,Renault,5,0 days 00:02:23.352000,0 days 00:00:34.562000,0 days 00:00:43.557000,0 days 00:01:05.233000,ULTRASOFT,7,1,,,41,False,0 days 00:19:38.773000,143.352,34.562,43.557,65.233,1178.773,1190.413,24.6,48.5,966.4,False,44.6,118,3.1,False,True,False,FORMULA 1 PIRELLI GRAND PRIX DE FRANCE 2018,Le Castellet,France,,,Permanent,,,0.24109883364027007,0.3038464758078018,0.45505469055192815,1,False,French Grand Prix,french_grand_prix,2018,2018-06-24,105.94854166666666,24,Opening,47.714,True,False,False,True
RIC,Red Bull Racing,5,0 days 00:02:22.740000,0 days 00:00:34.729000,0 days 00:00:43.091000,0 days 00:01:04.920000,SUPERSOFT,9,1,,,41,False,0 days 00:19:39.309000,142.74,34.729,43.091,64.92,1179.309,1190.413,24.6,48.5,966.4,False,44.6,118,3.1,False,True,False,FORMULA 1 PIRELLI GRAND PRIX DE FRANCE 2018,Le Castellet,France,,,Permanent,,,0.2433025080566064,0.30188454532716824,0.4548129466162253,1,False,French Grand Prix,french_grand_prix,2018,2018-06-24,103.77253846153847,26,Opening,47.358000000000004,True,False,False,True
MAG,Haas F1 Team,5,0 days 00:02:22.027000,0 days 00:00:34.158000,0 days 00:00:43.129000,0 days 00:01:04.740000,ULTRASOFT,7,1,,,41,False,0 days 00:19:39.894000,142.027,34.158,43.129,64.74,1179.894,1190.413,24.6,48.5,966.4,False,44.6,118,3.1,False,True,False,FORMULA 1 PIRELLI GRAND PRIX DE FRANCE 2018,Le Castellet,France,,,Permanent,,,0.24050356622332378,0.30366761249621554,0.45582882128046076,1,False,French Grand Prix,french_grand_prix,2018,2018-06-24,105.27073076923078,26,Opening,46.60199999999999,True,False,False,True
LEC,Sauber,5,0 days 00:02:21.006000,0 days 00:00:33.835000,0 days 00:00:43.263000,0 days 00:01:03.908000,ULTRASOFT,7,1,,,41,False,0 days 00:19:40.124000,141.006,33.835,43.263,63.908,1180.124,1190.413,24.6,48.5,966.4,False,44.6,118,3.1,False,True,False,FORMULA 1 PIRELLI GRAND PRIX DE FRANCE 2018,Le Castellet,France,,,Permanent,,,0.23995432818461626,0.3068167312029275,0.4532289406124562,1,False,French Grand Prix,french_grand_prix,2018,2018-06-24,104.78541379310344,29,Opening,45.028999999999996,True,False,False,True
RAI,Ferrari,5,0 days 00:02:20.293000,0 days 00:00:34.010000,0 days 00:00:42.909000,0 days 00:01:03.374000,ULTRASOFT,7,1,,,41,False,0 days 00:19:40.551000,140.293,34.01,42.909,63.374,1180.551,1190.413,24.6,48.5,966.4,False,44.6,118,3.1,False,True,False,FORMULA 1 PIRELLI GRAND PRIX DE FRANCE 2018,Le Castellet,France,,,Permanent,,,0.2424212184499583,0.30585275102820525,0.45172603052183646,1,False,French Grand Prix,french_grand_prix,2018,2018-06-24,102.48946875,32,Opening,45.89500000000001,True,False,False,True
GRO,Haas F1 Team,5,0 days 00:02:19.260000,0 days 00:00:33.304000,0 days 00:00:42.646000,0 days 00:01:03.310000,ULTRASOFT,7,1,,,41,False,0 days 00:19:41.367000,139.26,33.304,42.646,63.31,1181.367,1190.413,24.6,48.5,966.4,False,44.6,118,3.1,False,True,False,FORMULA 1 PIRELLI GRAND PRIX DE FRANCE 2018,Le Castellet,France,,,Permanent,,,0.23914979175642687,0.3062329455694385,0.45461726267413477,1,False,French Grand Prix,french_grand_prix,2018,2018-06-24,104.24109375,32,Opening,43.565,True,False,False,True
PER,Force India,5,0 days 00:02:18.486000,0 days 00:00:32.836000,0 days 00:00:45.189000,0 days 00:01:00.461000,Soft,4,1,,,41,False,0 days 00:19:41.847000,138.486,32.836,45.189,60.461,1181.847,1190.413,24.6,48.5,966.4,False,44.6,118,3.1,False,True,False,FORMULA 1 PIRELLI GRAND PRIX DE FRANCE 2018,Le Castellet,France,,,Permanent,,,0.23710699998555812,0.3263073523677484,0.43658564764669355,1,False,French Grand Prix,french_grand_prix,2018,2018-06-24,104.93812,25,Opening,40.16699999999999,True,False,False,True
HUL,Renault,5,0 days 00:02:17.188000,0 days 00:00:32.336000,0 days 00:00:44.441000,0 days 00:01:00.411000,Soft,4,1,,,41,False,0 days 00:19:42.373000,137.188,32.336,44.441,60.411,1182.373,1190.413,24.6,48.5,966.4,False,44.6,118,3.1,False,True,False,FORMULA 1 PIRELLI GRAND PRIX DE FRANCE 2018,Le Castellet,France,,,Permanent,,,0.23570574685832582,0.32394232731725814,0.4403519258244162,1,False,French Grand Prix,french_grand_prix,2018,2018-06-24,103.22897142857143,35,Opening,41.31499999999998,True,False,False,True
ERI,Sauber,5,0 days 00:02:15.225000,0 days 00:00:30.632000,0 days 00:00:44.214000,0 days 00:01:00.379000,SUPERSOFT,4,1,,,41,False,0 days 00:19:42.983000,135.225,30.632,44.214,60.379,1182.983,1190.413,24.6,48.5,966.4,False,44.6,118,3.1,False,True,False,FORMULA 1 PIRELLI GRAND PRIX DE FRANCE 2018,Le Castellet,France,,,Permanent,,,0.22652616010353116,0.3269661674986134,0.44650767239785544,1,False,French Grand Prix,french_grand_prix,2018,2018-06-24,104.29169696969697,33,Opening,38.730999999999995,True,False,False,True
VAN,McLaren,5,0 days 00:02:13.241000,0 days 00:00:30.121000,0 days 00:00:43.257000,0 days 00:00:59.863000,SUPERSOFT,4,1,,,41,False,0 days 00:19:43.323000,133.241,30.121,43.257,59.863,1183.323,1190.413,24.6,48.5,966.4,False,44.6,118,3.1,False,True,False,FORMULA 1 PIRELLI GRAND PRIX DE FRANCE 2018,Le Castellet,France,,,Permanent,,,0.22606404935417773,0.3246523217327999,0.4492836289130222,1,False,French Grand Prix,french_grand_prix,2018,2018-06-24,101.85713513513514,37,Opening,36.56600000000002,True,False,False,True
HAR,Toro Rosso,5,0 days 00:02:11.020000,0 days 00:00:28.335000,0 days 00:00:43.430000,0 days 00:00:59.255000,ULTRASOFT,4,1,,,41,False,0 days 00:19:44.186000,131.02,28.335,43.43,59.255,1184.186,1190.413,24.6,48.5,966.4,False,44.6,118,3.1,False,True,False,FORMULA 1 PIRELLI GRAND PRIX DE FRANCE 2018,Le Castellet,France,,,Permanent,,,0.21626469241337198,0.3314761105174782,0.45225919706914974,1,False,French Grand Prix,french_grand_prix,2018,2018-06-24,102.32042857142858,35,Opening,34.18100000000001,True,False,False,True
STR,Williams,5,0 days 00:02:09.667000,0 days 00:00:27.368000,0 days 00:00:43.055000,0 days 00:00:59.244000,Soft,4,2,,,41,False,0 days 00:19:45.051000,129.667,27.368,43.055,59.244,1185.051,1190.413,24.6,48.5,966.4,False,44.6,118,3.1,False,True,False,FORMULA 1 PIRELLI GRAND PRIX DE FRANCE 2018,Le Castellet,France,,,Permanent,,,0.21106372477191573,0.3320428482188992,0.45689342700918506,1,False,French Grand Prix,french_grand_prix,2018,2018-06-24,102.4190652173913,46,Closing,31.348,True,False,False,True
SIR,Williams,5,0 days 00:02:08.533000,0 days 00:00:28.387000,0 days 00:00:41.983000,0 days 00:00:58.163000,Soft,4,2,,,41,False,0 days 00:19:45.233000,128.533,28.387,41.983,58.163,1185.233,1190.413,24.6,48.5,966.4,False,44.6,118,3.1,False,True,False,FORMULA 1 PIRELLI GRAND PRIX DE FRANCE 2018,Le Castellet,France,,,Permanent,,,0.22085378852123583,0.32663207114126336,0.45251414033750087,1,False,French Grand Prix,french_grand_prix,2018,2018-06-24,102.90366,50,Closing,30.23299999999999,True,False,False,True
ALO,McLaren,5,0 days 00:02:07.571000,0 days 00:00:30.164000,0 days 00:00:40.063000,0 days 00:00:57.344000,Soft,4,2,,,41,False,0 days 00:19:45.613000,127.571,30.164,40.063,57.344,1185.613,1190.413,24.6,48.5,966.4,False,44.6,118,3.1,False,True,False,FORMULA 1 PIRELLI GRAND PRIX DE FRANCE 2018,Le Castellet,France,,,Permanent,,,0.23644872267208067,0.3140447280338008,0.4495065492941186,1,False,French Grand Prix,french_grand_prix,2018,2018-06-24,102.5500909090909,44,Mid,32.438,True,False,False,True
VET,Ferrari,5,0 days 00:02:06.336000,0 days 00:00:30.944000,0 days 00:00:39.366000,0 days 00:00:56.026000,Soft,4,2,,,41,False,0 days 00:19:46.031000,126.336,30.944,39.366,56.026,1186.031,1190.413,24.6,48.5,966.4,False,44.6,118,3.1,False,True,False,FORMULA 1 PIRELLI GRAND PRIX DE FRANCE 2018,Le Castellet,France,,,Permanent,,,0.2449341438703141,0.3115976443768997,0.4434682117527863,1,False,French Grand Prix,french_grand_prix,2018,2018-06-24,101.26828947368422,38,Mid,31.851,True,False,False,True
BOT,Mercedes,5,0 days 00:02:05.433000,0 days 00:00:31.122000,0 days 00:00:39.225000,0 days 00:00:55.086000,Soft,4,2,,,41,False,0 days 00:19:46.403000,125.433,31.122,39.225,55.086,1186.403,1190.413,24.6,48.5,966.4,False,44.6,118,3.1,False,True,False,FORMULA 1 PIRELLI GRAND PRIX DE FRANCE 2018,Le Castellet,France,,,Permanent,,,0.24811652435961826,0.3127167491808376,0.4391667264595441,1,False,French Grand Prix,french_grand_prix,2018,2018-06-24,100.90908108108108,37,Mid,31.208000000000013,True,False,False,True
HAM,Mercedes,6,0 days 00:01:37.688000,0 days 00:00:24.901000,0 days 00:00:29.605000,0 days 00:00:43.182000,SUPERSOFT,7,1,,,12,True,0 days 00:21:15.200000,97.688,24.901,29.605,43.182,1275.2,1250.429,24.6,48.9,966.4,False,44.7,135,2.0,False,True,False,FORMULA 1 PIRELLI GRAND PRIX DE FRANCE 2018,Le Castellet,France,,,Permanent,,,0.25490336581770534,0.3030566702153796,0.4420399639669151,1,False,French Grand Prix,french_grand_prix,2018,2018-06-24,102.2551935483871,31,Opening,3.179000000000002,False,False,False,True
VER,Red Bull Racing,6,0 days 00:01:38.055000,0 days 00:00:24.837000,0 days 00:00:29.651000,0 days 00:00:43.567000,SUPERSOFT,8,1,,,12,True,0 days 00:21:16.440000,98.055,24.837,29.651,43.567,1276.44,1250.429,24.6,48.9,966.4,False,44.7,135,2.0,False,True,False,FORMULA 1 PIRELLI GRAND PRIX DE FRANCE 2018,Le Castellet,France,,,Permanent,,,0.25329661924430164,0.30239151496609046,0.44431186578960785,1,False,French Grand Prix,french_grand_prix,2018,2018-06-24,104.67008695652173,23,Opening,3.780000000000001,False,False,False,True
SAI,Renault,6,0 days 00:01:38.996000,0 days 00:00:25.198000,0 days 00:00:29.753000,0 days 00:00:44.045000,ULTRASOFT,8,1,,,12,True,0 days 00:21:17.769000,98.996,25.198,29.753,44.045,1277.769,1250.429,24.6,48.9,966.4,False,44.7,135,2.0,False,True,False,FORMULA 1 PIRELLI GRAND PRIX DE FRANCE 2018,Le Castellet,France,,,Permanent,,,0.25453553678936525,0.30054749686856036,0.44491696634207445,1,False,French Grand Prix,french_grand_prix,2018,2018-06-24,105.94854166666666,24,Opening,3.35799999999999,False,False,False,True
RIC,Red Bull Racing,6,0 days 00:01:38.921000,0 days 00:00:25.408000,0 days 00:00:29.801000,0 days 00:00:43.712000,SUPERSOFT,10,1,,,12,True,0 days 00:21:18.230000,98.921,25.408,29.801,43.712,1278.23,1250.429,24.6,48.9,966.4,False,44.7,135,2.0,False,True,False,FORMULA 1 PIRELLI GRAND PRIX DE FRANCE 2018,Le Castellet,France,,,Permanent,,,0.2568514268962101,0.301260601894441,0.44188797120934886,1,False,French Grand Prix,french_grand_prix,2018,2018-06-24,103.77253846153847,26,Opening,3.5390000000000015,False,False,False,True
MAG,Haas F1 Team,6,0 days 00:01:40.200000,0 days 00:00:25.853000,0 days 00:00:30.148000,0 days 00:00:44.199000,ULTRASOFT,8,1,,,12,True,0 days 00:21:20.094000,100.2,25.853,30.148,44.199,1280.094,1250.429,24.6,48.9,966.4,False,44.7,135,2.0,False,True,False,FORMULA 1 PIRELLI GRAND PRIX DE FRANCE 2018,Le Castellet,France,,,Permanent,,,0.2580139720558882,0.30087824351297404,0.4411077844311377,1,False,French Grand Prix,french_grand_prix,2018,2018-06-24,105.27073076923078,26,Opening,4.775000000000006,False,False,False,True
RAI,Ferrari,6,0 days 00:01:39.846000,0 days 00:00:25.950000,0 days 00:00:29.664000,0 days 00:00:44.232000,ULTRASOFT,8,1,,,12,True,0 days 00:21:20.397000,99.846,25.95,29.664,44.232,1280.397,1250.429,24.6,48.9,966.4,False,44.7,135,2.0,False,True,False,FORMULA 1 PIRELLI GRAND PRIX DE FRANCE 2018,Le Castellet,France,,,Permanent,,,0.25990024637942427,0.2970975301965026,0.443002223424073,1,False,French Grand Prix,french_grand_prix,2018,2018-06-24,102.48946875,32,Opening,5.4480000000000075,False,False,False,True
LEC,Sauber,6,0 days 00:01:41.670000,0 days 00:00:25.892000,0 days 00:00:30.776000,0 days 00:00:45.002000,ULTRASOFT,8,1,,,12,True,0 days 00:21:21.794000,101.67,25.892,30.776,45.002,1281.794,1310.444,24.6,48.5,966.2,False,44.6,124,1.9,False,True,False,FORMULA 1 PIRELLI GRAND PRIX DE FRANCE 2018,Le Castellet,France,,,Permanent,,,0.2546670600963903,0.3027048293498574,0.44262811055375234,1,False,French Grand Prix,french_grand_prix,2018,2018-06-24,104.78541379310344,29,Opening,5.692999999999998,False,False,False,True
GRO,Haas F1 Team,6,0 days 00:01:40.569000,0 days 00:00:25.760000,0 days 00:00:30.173000,0 days 00:00:44.636000,ULTRASOFT,8,1,,,12,True,0 days 00:21:21.936000,100.569,25.76,30.173,44.636,1281.936,1310.444,24.6,48.5,966.2,False,44.6,124,1.9,False,True,False,FORMULA 1 PIRELLI GRAND PRIX DE FRANCE 2018,Le Castellet,France,,,Permanent,,,0.25614254889677734,0.3000228698704372,0.44383458123278546,1,False,French Grand Prix,french_grand_prix,2018,2018-06-24,104.24109375,32,Opening,4.874000000000009,False,False,False,True
PER,Force India,6,0 days 00:01:40.842000,0 days 00:00:25.773000,0 days 00:00:30.367000,0 days 00:00:44.702000,Soft,5,1,,,12,True,0 days 00:21:22.689000,100.842,25.773,30.367,44.702,1282.689,1310.444,24.6,48.5,966.2,False,44.6,124,1.9,False,True,False,FORMULA 1 PIRELLI GRAND PRIX DE FRANCE 2018,Le Castellet,France,,,Permanent,,,0.2555780329624561,0.30113444794827554,0.44328751908926833,1,False,French Grand Prix,french_grand_prix,2018,2018-06-24,104.93812,25,Opening,2.522999999999996,False,False,False,True
HUL,Renault,6,0 days 00:01:40.867000,0 days 00:00:25.766000,0 days 00:00:30.269000,0 days 00:00:44.832000,Soft,5,1,,,12,True,0 days 00:21:23.240000,100.867,25.766,30.269,44.832,1283.24,1310.444,24.6,48.5,966.2,False,44.6,124,1.9,False,True,False,FORMULA 1 PIRELLI GRAND PRIX DE FRANCE 2018,Le Castellet,France,,,Permanent,,,0.2554452893414099,0.30008823500252807,0.44446647565606195,1,False,French Grand Prix,french_grand_prix,2018,2018-06-24,103.22897142857143,35,Opening,4.994,False,False,False,True
ERI,Sauber,6,0 days 00:01:41.235000,0 days 00:00:26.041000,0 days 00:00:30.414000,0 days 00:00:44.780000,SUPERSOFT,5,1,,,12,True,0 days 00:21:24.218000,101.235,26.041,30.414,44.78,1284.218,1310.444,24.6,48.5,966.2,False,44.6,124,1.9,False,True,False,FORMULA 1 PIRELLI GRAND PRIX DE FRANCE 2018,Le Castellet,France,,,Permanent,,,0.2572331703462241,0.30042969328789454,0.4423371363658814,1,False,French Grand Prix,french_grand_prix,2018,2018-06-24,104.29169696969697,33,Opening,4.741,False,False,False,True
VAN,McLaren,6,0 days 00:01:41.323000,0 days 00:00:26.145000,0 days 00:00:30.369000,0 days 00:00:44.809000,SUPERSOFT,5,1,,,12,True,0 days 00:21:24.646000,101.323,26.145,30.369,44.809,1284.646,1310.444,24.6,48.5,966.2,False,44.6,124,1.9,False,True,False,FORMULA 1 PIRELLI GRAND PRIX DE FRANCE 2018,Le Castellet,France,,,Permanent,,,0.25803618132112155,0.29972464297346113,0.4422391757054173,1,False,French Grand Prix,french_grand_prix,2018,2018-06-24,101.85713513513514,37,Opening,4.647999999999996,False,False,False,True
HAR,Toro Rosso,6,0 days 00:01:41.340000,0 days 00:00:25.849000,0 days 00:00:30.648000,0 days 00:00:44.843000,ULTRASOFT,5,1,,,12,True,0 days 00:21:25.526000,101.34,25.849,30.648,44.843,1285.526,1310.444,24.6,48.5,966.2,False,44.6,124,1.9,False,True,False,FORMULA 1 PIRELLI GRAND PRIX DE FRANCE 2018,Le Castellet,France,,,Permanent,,,0.2550720347345569,0.3024274718768502,0.4425004933885929,1,False,French Grand Prix,french_grand_prix,2018,2018-06-24,102.32042857142858,35,Opening,4.501000000000005,False,False,False,True
STR,Williams,6,0 days 00:01:41.430000,0 days 00:00:26.096000,0 days 00:00:30.375000,0 days 00:00:44.959000,Soft,5,2,,,12,True,0 days 00:21:26.481000,101.43,26.096,30.375,44.959,1286.481,1310.444,24.6,48.5,966.2,False,44.6,124,1.9,False,True,False,FORMULA 1 PIRELLI GRAND PRIX DE FRANCE 2018,Le Castellet,France,,,Permanent,,,0.2572808833678399,0.2994676131322094,0.4432515034999507,1,False,French Grand Prix,french_grand_prix,2018,2018-06-24,102.4190652173913,46,Closing,3.111000000000004,False,False,False,True
VET,Ferrari,6,0 days 00:01:40.687000,0 days 00:00:26.274000,0 days 00:00:29.893000,0 days 00:00:44.520000,Soft,5,2,,,12,True,0 days 00:21:26.718000,100.687,26.274,29.893,44.52,1286.718,1310.444,24.6,48.5,966.2,False,44.6,124,1.9,False,True,False,FORMULA 1 PIRELLI GRAND PRIX DE FRANCE 2018,Le Castellet,France,,,Permanent,,,0.2609472921032507,0.2968903632047832,0.44216234469196625,1,False,French Grand Prix,french_grand_prix,2018,2018-06-24,101.26828947368422,38,Mid,6.201999999999998,False,False,False,True
BOT,Mercedes,6,0 days 00:01:40.877000,0 days 00:00:26.523000,0 days 00:00:29.882000,0 days 00:00:44.472000,Soft,5,2,,,12,True,0 days 00:21:27.280000,100.877,26.523,29.882,44.472,1287.28,1310.444,24.6,48.5,966.2,False,44.6,124,1.9,False,True,False,FORMULA 1 PIRELLI GRAND PRIX DE FRANCE 2018,Le Castellet,France,,,Permanent,,,0.2629241551592534,0.2962221319032089,0.44085371293753783,1,False,French Grand Prix,french_grand_prix,2018,2018-06-24,100.90908108108108,37,Mid,6.652000000000001,False,False,False,True
SIR,Williams,6,0 days 00:01:43.207000,0 days 00:00:26.481000,0 days 00:00:30.299000,0 days 00:00:46.427000,Soft,5,2,,,12,True,0 days 00:21:28.440000,103.207,26.481,30.299,46.427,1288.44,1310.444,24.6,48.5,966.2,False,44.6,124,1.9,False,True,False,FORMULA 1 PIRELLI GRAND PRIX DE FRANCE 2018,Le Castellet,France,,,Permanent,,,0.256581433429903,0.2935750482040947,0.44984351836600234,1,False,French Grand Prix,french_grand_prix,2018,2018-06-24,102.90366,50,Closing,4.9069999999999965,False,False,False,True
ALO,McLaren,6,0 days 00:01:48.549000,0 days 00:00:32.548000,0 days 00:00:30.404000,0 days 00:00:45.597000,Soft,5,2,,,12,True,0 days 00:21:34.162000,108.549,32.548,30.404,45.597,1294.162,1310.444,24.6,48.5,966.2,False,44.6,124,1.9,False,True,False,FORMULA 1 PIRELLI GRAND PRIX DE FRANCE 2018,Le Castellet,France,,,Permanent,,,0.29984615242885704,0.2800947037743323,0.42005914379681064,2,False,French Grand Prix,french_grand_prix,2018,2018-06-24,102.5500909090909,44,Mid,13.416000000000011,False,False,False,True
HAM,Mercedes,7,0 days 00:01:37.454000,0 days 00:00:24.553000,0 days 00:00:29.561000,0 days 00:00:43.340000,SUPERSOFT,8,1,,,1,True,0 days 00:22:52.654000,97.454,24.553,29.561,43.34,1372.654,1370.458,24.6,48.5,966.2,False,44.6,124,1.9,False,True,False,FORMULA 1 PIRELLI GRAND PRIX DE FRANCE 2018,Le Castellet,France,,,Permanent,,,0.25194450715209227,0.3033328544749318,0.44472263837297604,1,False,French Grand Prix,french_grand_prix,2018,2018-06-24,102.2551935483871,31,Opening,2.944999999999993,False,False,False,True
VER,Red Bull Racing,7,0 days 00:01:37.728000,0 days 00:00:24.653000,0 days 00:00:29.602000,0 days 00:00:43.473000,SUPERSOFT,9,1,,,1,True,0 days 00:22:54.168000,97.728,24.653,29.602,43.473,1374.168,1370.458,24.6,48.5,966.2,False,44.6,124,1.9,False,True,False,FORMULA 1 PIRELLI GRAND PRIX DE FRANCE 2018,Le Castellet,France,,,Permanent,,,0.2522613785199738,0.3029019318925999,0.44483668958742634,1,False,French Grand Prix,french_grand_prix,2018,2018-06-24,104.67008695652173,23,Opening,3.4529999999999887,False,False,False,True
SAI,Renault,7,0 days 00:01:38.751000,0 days 00:00:24.824000,0 days 00:00:29.847000,0 days 00:00:44.080000,ULTRASOFT,9,1,,,1,True,0 days 00:22:56.520000,98.751,24.824,29.847,44.08,1376.52,1370.458,24.6,48.5,966.2,False,44.6,124,1.9,False,True,False,FORMULA 1 PIRELLI GRAND PRIX DE FRANCE 2018,Le Castellet,France,,,Permanent,,,0.25137973286346466,0.3022450405565513,0.44637522657998396,1,False,French Grand Prix,french_grand_prix,2018,2018-06-24,105.94854166666666,24,Opening,3.1129999999999995,False,False,False,True
RIC,Red Bull Racing,7,0 days 00:01:38.985000,0 days 00:00:25.288000,0 days 00:00:29.762000,0 days 00:00:43.935000,SUPERSOFT,11,1,,,1,True,0 days 00:22:57.215000,98.985,25.288,29.762,43.935,1377.215,1370.458,24.6,48.5,966.2,False,44.6,124,1.9,False,True,False,FORMULA 1 PIRELLI GRAND PRIX DE FRANCE 2018,Le Castellet,France,,,Permanent,,,0.2554730514724453,0.3006718189624691,0.44385512956508566,1,False,French Grand Prix,french_grand_prix,2018,2018-06-24,103.77253846153847,26,Opening,3.6029999999999944,False,False,False,True
MAG,Haas F1 Team,7,0 days 00:01:39.172000,0 days 00:00:25.417000,0 days 00:00:29.836000,0 days 00:00:43.919000,ULTRASOFT,9,1,,,1,True,0 days 00:22:59.266000,99.172,25.417,29.836,43.919,1379.266,1370.458,24.6,48.5,966.2,False,44.6,124,1.9,False,True,False,FORMULA 1 PIRELLI GRAND PRIX DE FRANCE 2018,Le Castellet,France,,,Permanent,,,0.25629209857621105,0.3008510466663978,0.44285685475739117,1,False,French Grand Prix,french_grand_prix,2018,2018-06-24,105.27073076923078,26,Opening,3.747,False,False,False,True
RAI,Ferrari,7,0 days 00:01:39.318000,0 days 00:00:25.788000,0 days 00:00:29.894000,0 days 00:00:43.636000,ULTRASOFT,9,1,,,1,True,0 days 00:22:59.715000,99.318,25.788,29.894,43.636,1379.715,1370.458,24.6,48.5,966.2,False,44.6,124,1.9,False,True,False,FORMULA 1 PIRELLI GRAND PRIX DE FRANCE 2018,Le Castellet,France,,,Permanent,,,0.25965081858273426,0.3009927706961477,0.4393564107211181,1,False,French Grand Prix,french_grand_prix,2018,2018-06-24,102.48946875,32,Opening,4.920000000000002,False,False,False,True
LEC,Sauber,7,0 days 00:01:40.460000,0 days 00:00:26.195000,0 days 00:00:30.060000,0 days 00:00:44.205000,ULTRASOFT,9,1,,,1,True,0 days 00:23:02.254000,100.46,26.195,30.06,44.205,1382.254,1370.458,24.6,48.5,966.2,False,44.6,124,1.9,False,True,False,FORMULA 1 PIRELLI GRAND PRIX DE FRANCE 2018,Le Castellet,France,,,Permanent,,,0.2607505474815847,0.29922357157077445,0.44002588094764084,1,False,French Grand Prix,french_grand_prix,2018,2018-06-24,104.78541379310344,29,Opening,4.48299999999999,False,False,False,True
GRO,Haas F1 Team,7,0 days 00:01:41.158000,0 days 00:00:26.519000,0 days 00:00:30.405000,0 days 00:00:44.234000,ULTRASOFT,9,1,,,1,True,0 days 00:23:03.094000,101.158,26.519,30.405,44.234,1383.094,1370.458,24.6,48.5,966.2,False,44.6,124,1.9,False,True,False,FORMULA 1 PIRELLI GRAND PRIX DE FRANCE 2018,Le Castellet,France,,,Permanent,,,0.26215425374167145,0.3005694062753317,0.4372763399829969,1,False,French Grand Prix,french_grand_prix,2018,2018-06-24,104.24109375,32,Opening,5.463000000000008,False,False,False,True
PER,Force India,7,0 days 00:01:41.589000,0 days 00:00:26.155000,0 days 00:00:30.632000,0 days 00:00:44.802000,Soft,6,1,,,1,True,0 days 00:23:04.278000,101.589,26.155,30.632,44.802,1384.278,1370.458,24.6,48.5,966.2,False,44.6,124,1.9,False,True,False,FORMULA 1 PIRELLI GRAND PRIX DE FRANCE 2018,Le Castellet,France,,,Permanent,,,0.25745897685773067,0.30152870881689947,0.44101231432536986,1,False,French Grand Prix,french_grand_prix,2018,2018-06-24,104.93812,25,Opening,3.269999999999996,False,False,False,True
HUL,Renault,7,0 days 00:01:41.440000,0 days 00:00:26.049000,0 days 00:00:30.695000,0 days 00:00:44.696000,Soft,6,1,,,1,True,0 days 00:23:04.680000,101.44,26.049,30.695,44.696,1384.68,1370.458,24.6,48.5,966.2,False,44.6,124,1.9,False,True,False,FORMULA 1 PIRELLI GRAND PRIX DE FRANCE 2018,Le Castellet,France,,,Permanent,,,0.25679219242902207,0.302592665615142,0.44061514195583595,1,False,French Grand Prix,french_grand_prix,2018,2018-06-24,103.22897142857143,35,Opening,5.566999999999993,False,False,False,True
ERI,Sauber,7,0 days 00:01:42.388000,0 days 00:00:25.893000,0 days 00:00:30.735000,0 days 00:00:45.760000,SUPERSOFT,6,1,,,1,True,0 days 00:23:06.606000,102.388,25.893,30.735,45.76,1386.606,1370.458,24.6,48.5,966.2,False,44.6,124,1.9,False,True,False,FORMULA 1 PIRELLI GRAND PRIX DE FRANCE 2018,Le Castellet,France,,,Permanent,,,0.2528909637848185,0.3001816619135055,0.44692737430167595,1,False,French Grand Prix,french_grand_prix,2018,2018-06-24,104.29169696969697,33,Opening,5.8940000000000055,False,False,False,True
VAN,McLaren,7,0 days 00:01:41.971000,0 days 00:00:25.972000,0 days 00:00:30.552000,0 days 00:00:45.447000,SUPERSOFT,6,1,,,1,True,0 days 00:23:06.617000,101.971,25.972,30.552,45.447,1386.617,1370.458,24.6,48.5,966.2,False,44.6,124,1.9,False,True,False,FORMULA 1 PIRELLI GRAND PRIX DE FRANCE 2018,Le Castellet,France,,,Permanent,,,0.2546998656480764,0.2996145963067931,0.4456855380451305,1,False,French Grand Prix,french_grand_prix,2018,2018-06-24,101.85713513513514,37,Opening,5.2960000000000065,False,False,False,True
VET,Ferrari,7,0 days 00:01:40.011000,0 days 00:00:25.381000,0 days 00:00:30.067000,0 days 00:00:44.563000,Soft,6,2,,,1,True,0 days 00:23:06.729000,100.011,25.381,30.067,44.563,1386.729,1370.458,24.6,48.5,966.2,False,44.6,124,1.9,False,True,False,FORMULA 1 PIRELLI GRAND PRIX DE FRANCE 2018,Le Castellet,France,,,Permanent,,,0.25378208397076324,0.30063692993770685,0.44558098609152996,1,False,French Grand Prix,french_grand_prix,2018,2018-06-24,101.26828947368422,38,Mid,5.525999999999996,False,False,False,True
HAR,Toro Rosso,7,0 days 00:01:42.119000,0 days 00:00:25.806000,0 days 00:00:30.629000,0 days 00:00:45.684000,ULTRASOFT,6,1,,,1,True,0 days 00:23:07.645000,102.119,25.806,30.629,45.684,1387.645,1370.458,24.6,48.5,966.2,False,44.6,124,1.9,False,True,False,FORMULA 1 PIRELLI GRAND PRIX DE FRANCE 2018,Le Castellet,France,,,Permanent,,,0.252705177293158,0.299934390270175,0.447360432436667,1,False,French Grand Prix,french_grand_prix,2018,2018-06-24,102.32042857142858,35,Opening,5.280000000000001,False,False,False,True
STR,Williams,7,0 days 00:01:42.095000,0 days 00:00:26.555000,0 days 00:00:30.217000,0 days 00:00:45.323000,Soft,6,2,,,1,True,0 days 00:23:08.576000,102.095,26.555,30.217,45.323,1388.576,1370.458,24.6,48.5,966.2,False,44.6,124,1.9,False,True,False,FORMULA 1 PIRELLI GRAND PRIX DE FRANCE 2018,Le Castellet,France,,,Permanent,,,0.26010088642930607,0.2959694402272393,0.4439296733434546,1,False,French Grand Prix,french_grand_prix,2018,2018-06-24,102.4190652173913,46,Closing,3.7759999999999962,False,False,False,True
BOT,Mercedes,7,0 days 00:01:41.645000,0 days 00:00:26.365000,0 days 00:00:30.129000,0 days 00:00:45.151000,Soft,6,2,,,1,True,0 days 00:23:08.925000,101.645,26.365,30.129,45.151,1388.925,1370.458,24.6,48.5,966.2,False,44.6,124,1.9,False,True,False,FORMULA 1 PIRELLI GRAND PRIX DE FRANCE 2018,Le Castellet,France,,,Permanent,,,0.2593831472280978,0.29641398986669293,0.4442028629052094,1,False,French Grand Prix,french_grand_prix,2018,2018-06-24,100.90908108108108,37,Mid,7.420000000000002,False,False,False,True
SIR,Williams,7,0 days 00:01:41.585000,0 days 00:00:26.214000,0 days 00:00:30.466000,0 days 00:00:44.905000,Soft,6,2,,,1,True,0 days 00:23:10.025000,101.585,26.214,30.466,44.905,1390.025,1370.458,24.6,48.5,966.2,False,44.6,124,1.9,False,True,False,FORMULA 1 PIRELLI GRAND PRIX DE FRANCE 2018,Le Castellet,France,,,Permanent,,,0.2580499089432495,0.29990648225623867,0.4420436088005119,1,False,French Grand Prix,french_grand_prix,2018,2018-06-24,102.90366,50,Closing,3.2849999999999966,False,False,False,True
ALO,McLaren,7,0 days 00:01:39.578000,0 days 00:00:25.594000,0 days 00:00:30.162000,0 days 00:00:43.822000,Soft,6,2,,,1,True,0 days 00:23:13.740000,99.578,25.594,30.162,43.822,1393.74,1370.458,24.6,48.5,966.2,False,44.6,124,1.9,False,True,False,FORMULA 1 PIRELLI GRAND PRIX DE FRANCE 2018,Le Castellet,France,,,Permanent,,,0.25702464399767017,0.3028982305328486,0.44007712546948125,1,False,French Grand Prix,french_grand_prix,2018,2018-06-24,102.5500909090909,44,Mid,4.445000000000007,False,False,False,True
HAM,Mercedes,8,0 days 00:01:36.933000,0 days 00:00:24.482000,0 days 00:00:29.488000,0 days 00:00:42.963000,SUPERSOFT,9,1,,,1,True,0 days 00:24:29.587000,96.933,24.482,29.488,42.963,1469.587,1490.49,24.9,47.5,966.3,False,45.0,115,3.6,False,True,False,FORMULA 1 PIRELLI GRAND PRIX DE FRANCE 2018,Le Castellet,France,,,Permanent,,,0.25256620552340275,0.30421012451899765,0.44322366995759954,1,False,French Grand Prix,french_grand_prix,2018,2018-06-24,102.2551935483871,31,Opening,2.4240000000000066,False,False,False,True
VER,Red Bull Racing,8,0 days 00:01:37.546000,0 days 00:00:24.510000,0 days 00:00:29.519000,0 days 00:00:43.517000,SUPERSOFT,10,1,,,1,True,0 days 00:24:31.714000,97.546,24.51,29.519,43.517,1471.714,1490.49,24.9,47.5,966.3,False,45.0,115,3.6,False,True,False,FORMULA 1 PIRELLI GRAND PRIX DE FRANCE 2018,Le Castellet,France,,,Permanent,,,0.2512660693416439,0.3026162015869436,0.44611772907141245,1,False,French Grand Prix,french_grand_prix,2018,2018-06-24,104.67008695652173,23,Opening,3.271000000000001,False,False,False,True
SAI,Renault,8,0 days 00:01:38.927000,0 days 00:00:24.739000,0 days 00:00:29.979000,0 days 00:00:44.209000,ULTRASOFT,10,1,,,1,True,0 days 00:24:35.447000,98.927,24.739,29.979,44.209,1475.447,1490.49,24.9,47.5,966.3,False,45.0,115,3.6,False,True,False,FORMULA 1 PIRELLI GRAND PRIX DE FRANCE 2018,Le Castellet,France,,,Permanent,,,0.25007328636267145,0.30304163676246115,0.44688507687486734,1,False,French Grand Prix,french_grand_prix,2018,2018-06-24,105.94854166666666,24,Opening,3.2890000000000015,False,False,False,True
RIC,Red Bull Racing,8,0 days 00:01:38.696000,0 days 00:00:24.804000,0 days 00:00:29.870000,0 days 00:00:44.022000,SUPERSOFT,12,1,,,1,True,0 days 00:24:35.911000,98.696,24.804,29.87,44.022,1475.911,1490.49,24.9,47.5,966.3,False,45.0,115,3.6,False,True,False,FORMULA 1 PIRELLI GRAND PRIX DE FRANCE 2018,Le Castellet,France,,,Permanent,,,0.2513171759747102,0.3026465104968793,0.44603631352841044,1,False,French Grand Prix,french_grand_prix,2018,2018-06-24,103.77253846153847,26,Opening,3.313999999999993,False,False,False,True
RAI,Ferrari,8,0 days 00:01:38.079000,0 days 00:00:25.212000,0 days 00:00:29.562000,0 days 00:00:43.305000,ULTRASOFT,10,1,,,1,True,0 days 00:24:37.794000,98.079,25.212,29.562,43.305,1477.794,1490.49,24.9,47.5,966.3,False,45.0,115,3.6,False,True,False,FORMULA 1 PIRELLI GRAND PRIX DE FRANCE 2018,Le Castellet,France,,,Permanent,,,0.2570580858287707,0.30141008778637635,0.44153182638485305,1,False,French Grand Prix,french_grand_prix,2018,2018-06-24,102.48946875,32,Opening,3.6809999999999974,False,False,False,True
MAG,Haas F1 Team,8,0 days 00:01:40.171000,0 days 00:00:25.109000,0 days 00:00:30.839000,0 days 00:00:44.223000,ULTRASOFT,10,1,,,1,True,0 days 00:24:39.437000,100.171,25.109,30.839,44.223,1479.437,1490.49,24.9,47.5,966.3,False,45.0,115,3.6,False,True,False,FORMULA 1 PIRELLI GRAND PRIX DE FRANCE 2018,Le Castellet,France,,,Permanent,,,0.2506613690589093,0.30786355332381626,0.44147507761727445,1,False,French Grand Prix,french_grand_prix,2018,2018-06-24,105.27073076923078,26,Opening,4.746000000000009,False,False,False,True
LEC,Sauber,8,0 days 00:01:39.292000,0 days 00:00:25.164000,0 days 00:00:30.002000,0 days 00:00:44.126000,ULTRASOFT,10,1,,,1,True,0 days 00:24:41.546000,99.292,25.164,30.002,44.126,1481.546,1490.49,24.9,47.5,966.3,False,45.0,115,3.6,False,True,False,FORMULA 1 PIRELLI GRAND PRIX DE FRANCE 2018,Le Castellet,France,,,Permanent,,,0.2534343149498449,0.3021592877573218,0.4444063972928332,1,False,French Grand Prix,french_grand_prix,2018,2018-06-24,104.78541379310344,29,Opening,3.3149999999999977,False,False,False,True
GRO,Haas F1 Team,8,0 days 00:01:39.031000,0 days 00:00:25.238000,0 days 00:00:29.941000,0 days 00:00:43.852000,ULTRASOFT,10,1,,,1,True,0 days 00:24:42.125000,99.031,25.238,29.941,43.852,1482.125,1490.49,24.9,47.5,966.3,False,45.0,115,3.6,False,True,False,FORMULA 1 PIRELLI GRAND PRIX DE FRANCE 2018,Le Castellet,France,,,Permanent,,,0.2548494915733457,0.3023396714160212,0.44281083701063295,1,False,French Grand Prix,french_grand_prix,2018,2018-06-24,104.24109375,32,Opening,3.3360000000000127,False,False,False,True
PER,Force India,8,0 days 00:01:39.494000,0 days 00:00:25.318000,0 days 00:00:29.951000,0 days 00:00:44.225000,Soft,7,1,,,1,True,0 days 00:24:43.772000,99.494,25.318,29.951,44.225,1483.772,1490.49,24.9,47.5,966.3,False,45.0,115,3.6,False,True,False,FORMULA 1 PIRELLI GRAND PRIX DE FRANCE 2018,Le Castellet,France,,,Permanent,,,0.2544676060867992,0.30103322813435984,0.44449916577884097,1,False,French Grand Prix,french_grand_prix,2018,2018-06-24,104.93812,25,Opening,1.1749999999999972,False,False,False,True
HUL,Renault,8,0 days 00:01:39.500000,0 days 00:00:25.473000,0 days 00:00:29.976000,0 days 00:00:44.051000,Soft,7,1,,,1,True,0 days 00:24:44.180000,99.5,25.473,29.976,44.051,1484.18,1490.49,24.9,47.5,966.3,False,45.0,115,3.6,False,True,False,FORMULA 1 PIRELLI GRAND PRIX DE FRANCE 2018,Le Castellet,France,,,Permanent,,,0.2560100502512563,0.3012663316582915,0.4427236180904523,1,False,French Grand Prix,french_grand_prix,2018,2018-06-24,103.22897142857143,35,Opening,3.6269999999999953,False,False,False,True
VAN,McLaren,8,0 days 00:01:40.919000,0 days 00:00:26.278000,0 days 00:00:30.247000,0 days 00:00:44.394000,SUPERSOFT,7,1,,,1,True,0 days 00:24:47.536000,100.919,26.278,30.247,44.394,1487.536,1490.49,24.9,47.5,966.3,False,45.0,115,3.6,False,True,False,FORMULA 1 PIRELLI GRAND PRIX DE FRANCE 2018,Le Castellet,France,,,Permanent,,,0.26038704307414856,0.29971561351182635,0.4398973434140251,1,False,French Grand Prix,french_grand_prix,2018,2018-06-24,101.85713513513514,37,Opening,4.244,False,False,False,True
VET,Ferrari,8,0 days 00:01:41.150000,0 days 00:00:27.191000,0 days 00:00:29.908000,0 days 00:00:44.051000,Soft,7,2,,,1,True,0 days 00:24:47.879000,101.15,27.191,29.908,44.051,1487.879,1490.49,24.9,47.5,966.3,False,45.0,115,3.6,False,True,False,FORMULA 1 PIRELLI GRAND PRIX DE FRANCE 2018,Le Castellet,France,,,Permanent,,,0.2688185862580326,0.29567968363816116,0.4355017301038062,1,False,French Grand Prix,french_grand_prix,2018,2018-06-24,101.26828947368422,38,Mid,6.665000000000006,False,False,False,True
ERI,Sauber,8,0 days 00:01:42.812000,0 days 00:00:26.998000,0 days 00:00:30.976000,0 days 00:00:44.838000,SUPERSOFT,7,1,,,1,True,0 days 00:24:49.418000,102.812,26.998,30.976,44.838,1489.418,1490.49,24.9,47.5,966.3,False,45.0,115,3.6,False,True,False,FORMULA 1 PIRELLI GRAND PRIX DE FRANCE 2018,Le Castellet,France,,,Permanent,,,0.2625958059370502,0.30128778741781115,0.43611640664513873,1,False,French Grand Prix,french_grand_prix,2018,2018-06-24,104.29169696969697,33,Opening,6.317999999999998,False,False,False,True
BOT,Mercedes,8,0 days 00:01:40.857000,0 days 00:00:26.384000,0 days 00:00:30.045000,0 days 00:00:44.428000,Soft,7,2,,,1,True,0 days 00:24:49.782000,100.857,26.384,30.045,44.428,1489.782,1490.49,24.9,47.5,966.3,False,45.0,115,3.6,False,True,False,FORMULA 1 PIRELLI GRAND PRIX DE FRANCE 2018,Le Castellet,France,,,Permanent,,,0.26159810424660657,0.2978970225170291,0.44050487323636434,1,False,French Grand Prix,french_grand_prix,2018,2018-06-24,100.90908108108108,37,Mid,6.632000000000005,False,False,False,True
HAR,Toro Rosso,8,0 days 00:01:43.108000,0 days 00:00:26.737000,0 days 00:00:30.641000,0 days 00:00:45.730000,ULTRASOFT,7,1,,,1,True,0 days 00:24:50.753000,103.108,26.737,30.641,45.73,1490.753,1490.49,24.9,47.5,966.3,False,45.0,115,3.6,False,True,False,FORMULA 1 PIRELLI GRAND PRIX DE FRANCE 2018,Le Castellet,France,,,Permanent,,,0.25931062575163905,0.29717383714163786,0.443515537106723,1,False,French Grand Prix,french_grand_prix,2018,2018-06-24,102.32042857142858,35,Opening,6.2690000000000055,False,False,False,True
STR,Williams,8,0 days 00:01:42.764000,0 days 00:00:26.294000,0 days 00:00:31.042000,0 days 00:00:45.428000,Soft,7,2,,,1,True,0 days 00:24:51.340000,102.764,26.294,31.042,45.428,1491.34,1490.49,24.9,47.5,966.3,False,45.0,115,3.6,False,True,False,FORMULA 1 PIRELLI GRAND PRIX DE FRANCE 2018,Le Castellet,France,,,Permanent,,,0.25586781363123273,0.3020707640808065,0.44206142228796075,1,False,French Grand Prix,french_grand_prix,2018,2018-06-24,102.4190652173913,46,Closing,4.444999999999993,False,False,False,True
SIR,Williams,8,0 days 00:01:41.957000,0 days 00:00:26.046000,0 days 00:00:30.437000,0 days 00:00:45.474000,Soft,7,2,,,1,True,0 days 00:24:51.982000,101.957,26.046,30.437,45.474,1491.982,1490.49,24.9,47.5,966.3,False,45.0,115,3.6,False,True,False,FORMULA 1 PIRELLI GRAND PRIX DE FRANCE 2018,Le Castellet,France,,,Permanent,,,0.25546063536588953,0.29852781074374496,0.44601155389036556,1,False,French Grand Prix,french_grand_prix,2018,2018-06-24,102.90366,50,Closing,3.6569999999999965,False,False,False,True
ALO,McLaren,8,0 days 00:01:39.608000,0 days 00:00:25.279000,0 days 00:00:30.241000,0 days 00:00:44.088000,Soft,7,2,,,1,True,0 days 00:24:53.348000,99.608,25.279,30.241,44.088,1493.348,1490.49,24.9,47.5,966.3,False,45.0,115,3.6,False,True,False,FORMULA 1 PIRELLI GRAND PRIX DE FRANCE 2018,Le Castellet,France,,,Permanent,,,0.2537848365593125,0.3036001124407678,0.44261505099991966,1,False,French Grand Prix,french_grand_prix,2018,2018-06-24,102.5500909090909,44,Mid,4.4750000000000085,False,False,False,True
HAM,Mercedes,9,0 days 00:01:37.385000,0 days 00:00:24.323000,0 days 00:00:29.601000,0 days 00:00:43.461000,SUPERSOFT,10,1,,,1,True,0 days 00:26:06.972000,97.385,24.323,29.601,43.461,1566.972,1550.506,24.9,47.6,966.2,False,45.2,132,3.7,False,True,False,FORMULA 1 PIRELLI GRAND PRIX DE FRANCE 2018,Le Castellet,France,,,Permanent,,,0.24976125686707398,0.303958515171741,0.44628022796118494,1,False,French Grand Prix,french_grand_prix,2018,2018-06-24,102.2551935483871,31,Opening,2.8760000000000048,False,False,False,True
VER,Red Bull Racing,9,0 days 00:01:37.588000,0 days 00:00:24.563000,0 days 00:00:29.519000,0 days 00:00:43.506000,SUPERSOFT,11,1,,,1,True,0 days 00:26:09.302000,97.588,24.563,29.519,43.506,1569.302,1550.506,24.9,47.6,966.2,False,45.2,132,3.7,False,True,False,FORMULA 1 PIRELLI GRAND PRIX DE FRANCE 2018,Le Castellet,France,,,Permanent,,,0.25170102881501827,0.3024859613886953,0.44581300979628646,1,False,French Grand Prix,french_grand_prix,2018,2018-06-24,104.67008695652173,23,Opening,3.312999999999988,False,False,False,True
RIC,Red Bull Racing,9,0 days 00:01:38.281000,0 days 00:00:25.191000,0 days 00:00:29.512000,0 days 00:00:43.578000,SUPERSOFT,13,1,,,1,True,0 days 00:26:14.192000,98.281,25.191,29.512,43.578,1574.192,1550.506,24.9,47.6,966.2,False,45.2,132,3.7,False,True,False,FORMULA 1 PIRELLI GRAND PRIX DE FRANCE 2018,Le Castellet,France,,,Permanent,,,0.2563160733000274,0.3002818449140729,0.4434020817858996,1,False,French Grand Prix,french_grand_prix,2018,2018-06-24,103.77253846153847,26,Opening,2.899000000000001,False,False,False,True
SAI,Renault,9,0 days 00:01:40.147000,0 days 00:00:24.940000,0 days 00:00:30.601000,0 days 00:00:44.606000,ULTRASOFT,11,1,,,1,True,0 days 00:26:15.594000,100.147,24.94,30.601,44.606,1575.594,1550.506,24.9,47.6,966.2,False,45.2,132,3.7,False,True,False,FORMULA 1 PIRELLI GRAND PRIX DE FRANCE 2018,Le Castellet,France,,,Permanent,,,0.24903392013739803,0.305560825586388,0.44540525427621397,1,False,French Grand Prix,french_grand_prix,2018,2018-06-24,105.94854166666666,24,Opening,4.509,False,False,False,True
RAI,Ferrari,9,0 days 00:01:38.302000,0 days 00:00:24.937000,0 days 00:00:29.768000,0 days 00:00:43.597000,ULTRASOFT,11,1,,,1,True,0 days 00:26:16.096000,98.302,24.937,29.768,43.597,1576.096,1550.506,24.9,47.6,966.2,False,45.2,132,3.7,False,True,False,FORMULA 1 PIRELLI GRAND PRIX DE FRANCE 2018,Le Castellet,France,,,Permanent,,,0.2536774429818315,0.3028219161359891,0.4435006408821794,1,False,French Grand Prix,french_grand_prix,2018,2018-06-24,102.48946875,32,Opening,3.9040000000000106,False,False,False,True
MAG,Haas F1 Team,9,0 days 00:01:39.694000,0 days 00:00:25.348000,0 days 00:00:30.215000,0 days 00:00:44.131000,ULTRASOFT,11,1,,,1,True,0 days 00:26:19.131000,99.694,25.348,30.215,44.131,1579.131,1550.506,24.9,47.6,966.2,False,45.2,132,3.7,False,True,False,FORMULA 1 PIRELLI GRAND PRIX DE FRANCE 2018,Le Castellet,France,,,Permanent,,,0.25425802957048566,0.30307741689570084,0.44266455353381345,1,False,French Grand Prix,french_grand_prix,2018,2018-06-24,105.27073076923078,26,Opening,4.2690000000000055,False,False,False,True
LEC,Sauber,9,0 days 00:01:39.539000,0 days 00:00:25.184000,0 days 00:00:29.982000,0 days 00:00:44.373000,ULTRASOFT,11,1,,,1,True,0 days 00:26:21.085000,99.539,25.184,29.982,44.373,1581.085,1610.52,25.1,45.4,966.3,False,45.0,121,3.3,False,True,False,FORMULA 1 PIRELLI GRAND PRIX DE FRANCE 2018,Le Castellet,France,,,Permanent,,,0.2530063593164488,0.30120857151468267,0.44578506916886845,1,False,French Grand Prix,french_grand_prix,2018,2018-06-24,104.78541379310344,29,Opening,3.5619999999999976,False,False,False,True
GRO,Haas F1 Team,9,0 days 00:01:39.621000,0 days 00:00:25.382000,0 days 00:00:30.009000,0 days 00:00:44.230000,ULTRASOFT,11,1,,,1,True,0 days 00:26:21.746000,99.621,25.382,30.009,44.23,1581.746,1610.52,25.1,45.4,966.3,False,45.0,121,3.3,False,True,False,FORMULA 1 PIRELLI GRAND PRIX DE FRANCE 2018,Le Castellet,France,,,Permanent,,,0.2547856375663766,0.3012316680218026,0.4439826944118208,1,False,French Grand Prix,french_grand_prix,2018,2018-06-24,104.24109375,32,Opening,3.926000000000002,False,False,False,True
PER,Force India,9,0 days 00:01:39.365000,0 days 00:00:25.067000,0 days 00:00:29.947000,0 days 00:00:44.351000,Soft,8,1,,,1,True,0 days 00:26:23.137000,99.365,25.067,29.947,44.351,1583.137,1610.52,25.1,45.4,966.3,False,45.0,121,3.3,False,True,False,FORMULA 1 PIRELLI GRAND PRIX DE FRANCE 2018,Le Castellet,France,,,Permanent,,,0.2522719267347658,0.30138378704775326,0.446344286217481,1,False,French Grand Prix,french_grand_prix,2018,2018-06-24,104.93812,25,Opening,1.0459999999999923,False,False,False,True
HUL,Renault,9,0 days 00:01:39.852000,0 days 00:00:25.395000,0 days 00:00:29.937000,0 days 00:00:44.520000,Soft,8,1,,,1,True,0 days 00:26:24.032000,99.852,25.395,29.937,44.52,1584.032,1610.52,25.1,45.4,966.3,False,45.0,121,3.3,False,True,False,FORMULA 1 PIRELLI GRAND PRIX DE FRANCE 2018,Le Castellet,France,,,Permanent,,,0.2543264030765533,0.2998137243119817,0.445859872611465,1,False,French Grand Prix,french_grand_prix,2018,2018-06-24,103.22897142857143,35,Opening,3.978999999999999,False,False,False,True
VET,Ferrari,9,0 days 00:01:38.232000,0 days 00:00:24.982000,0 days 00:00:29.802000,0 days 00:00:43.448000,Soft,8,2,,,1,True,0 days 00:26:26.111000,98.232,24.982,29.802,43.448,1586.111,1610.52,25.1,45.4,966.3,False,45.0,121,3.3,False,True,False,FORMULA 1 PIRELLI GRAND PRIX DE FRANCE 2018,Le Castellet,France,,,Permanent,,,0.25431631240329017,0.3033838260444662,0.44229986155224366,1,False,French Grand Prix,french_grand_prix,2018,2018-06-24,101.26828947368422,38,Mid,3.747,False,False,False,True
VAN,McLaren,9,0 days 00:01:40.963000,0 days 00:00:26.142000,0 days 00:00:30.346000,0 days 00:00:44.475000,SUPERSOFT,8,1,,,1,True,0 days 00:26:28.499000,100.963,26.142,30.346,44.475,1588.499,1610.52,25.1,45.4,966.3,False,45.0,121,3.3,False,True,False,FORMULA 1 PIRELLI GRAND PRIX DE FRANCE 2018,Le Castellet,France,,,Permanent,,,0.25892653744441035,0.3005655537176986,0.44050790883789115,1,False,French Grand Prix,french_grand_prix,2018,2018-06-24,101.85713513513514,37,Opening,4.287999999999997,False,False,False,True
BOT,Mercedes,9,0 days 00:01:39.754000,0 days 00:00:25.485000,0 days 00:00:30.159000,0 days 00:00:44.110000,Soft,8,2,,,1,True,0 days 00:26:29.536000,99.754,25.485,30.159,44.11,1589.536,1610.52,25.1,45.4,966.3,False,45.0,121,3.3,False,True,False,FORMULA 1 PIRELLI GRAND PRIX DE FRANCE 2018,Le Castellet,France,,,Permanent,,,0.2554784770535517,0.30233374100286703,0.44218778194358116,1,False,French Grand Prix,french_grand_prix,2018,2018-06-24,100.90908108108108,37,Mid,5.529000000000011,False,False,False,True
HAR,Toro Rosso,9,0 days 00:01:40.693000,0 days 00:00:26.008000,0 days 00:00:29.976000,0 days 00:00:44.709000,ULTRASOFT,8,1,,,1,True,0 days 00:26:31.446000,100.693,26.008,29.976,44.709,1591.446,1610.52,25.1,45.4,966.3,False,45.0,121,3.3,False,True,False,FORMULA 1 PIRELLI GRAND PRIX DE FRANCE 2018,Le Castellet,France,,,Permanent,,,0.25829004995382004,0.2976969600667375,0.4440129899794425,1,False,French Grand Prix,french_grand_prix,2018,2018-06-24,102.32042857142858,35,Opening,3.853999999999999,False,False,False,True
ERI,Sauber,9,0 days 00:01:42.954000,0 days 00:00:26.897000,0 days 00:00:30.938000,0 days 00:00:45.119000,SUPERSOFT,8,1,,,1,True,0 days 00:26:32.372000,102.954,26.897,30.938,45.119,1592.372,1610.52,25.1,45.4,966.3,False,45.0,121,3.3,False,True,False,FORMULA 1 PIRELLI GRAND PRIX DE FRANCE 2018,Le Castellet,France,,,Permanent,,,0.26125259824776115,0.30050313732346484,0.43824426442877407,1,False,French Grand Prix,french_grand_prix,2018,2018-06-24,104.29169696969697,33,Opening,6.459999999999994,False,False,False,True
STR,Williams,9,0 days 00:01:41.763000,0 days 00:00:26.017000,0 days 00:00:30.417000,0 days 00:00:45.329000,Soft,8,2,,,1,True,0 days 00:26:33.103000,101.763,26.017,30.417,45.329,1593.103,1610.52,25.1,45.4,966.3,False,45.0,121,3.3,False,True,False,FORMULA 1 PIRELLI GRAND PRIX DE FRANCE 2018,Le Castellet,France,,,Permanent,,,0.2556626671776579,0.2989003861914448,0.4454369466308973,1,False,French Grand Prix,french_grand_prix,2018,2018-06-24,102.4190652173913,46,Closing,3.4440000000000026,False,False,False,True
SIR,Williams,9,0 days 00:01:41.791000,0 days 00:00:25.995000,0 days 00:00:30.411000,0 days 00:00:45.385000,Soft,8,2,,,1,True,0 days 00:26:33.773000,101.791,25.995,30.411,45.385,1593.773,1610.52,25.1,45.4,966.3,False,45.0,121,3.3,False,True,False,FORMULA 1 PIRELLI GRAND PRIX DE FRANCE 2018,Le Castellet,France,,,Permanent,,,0.255376212042322,0.2987592223281037,0.4458645656295743,1,False,French Grand Prix,french_grand_prix,2018,2018-06-24,102.90366,50,Closing,3.4909999999999997,False,False,False,True
ALO,McLaren,9,0 days 00:01:40.848000,0 days 00:00:25.524000,0 days 00:00:30.138000,0 days 00:00:45.186000,Soft,8,2,,,1,True,0 days 00:26:34.196000,100.848,25.524,30.138,45.186,1594.196,1610.52,25.1,45.4,966.3,False,45.0,121,3.3,False,True,False,FORMULA 1 PIRELLI GRAND PRIX DE FRANCE 2018,Le Castellet,France,,,Permanent,,,0.2530937648738696,0.2988457877201333,0.44806044740599715,1,False,French Grand Prix,french_grand_prix,2018,2018-06-24,102.5500909090909,44,Mid,5.715000000000003,False,False,False,True
HAM,Mercedes,10,0 days 00:01:37.461000,0 days 00:00:24.536000,0 days 00:00:29.709000,0 days 00:00:43.216000,SUPERSOFT,11,1,,,1,True,0 days 00:27:44.433000,97.461,24.536,29.709,43.216,1664.433,1670.534,25.3,44.6,966.3,False,44.6,128,3.6,False,True,False,FORMULA 1 PIRELLI GRAND PRIX DE FRANCE 2018,Le Castellet,France,,,Permanent,,,0.25175198284441985,0.30482962415735526,0.44341839299822494,1,False,French Grand Prix,french_grand_prix,2018,2018-06-24,102.2551935483871,31,Opening,2.951999999999998,False,False,False,True
VER,Red Bull Racing,10,0 days 00:01:37.756000,0 days 00:00:24.542000,0 days 00:00:29.685000,0 days 00:00:43.529000,SUPERSOFT,12,1,,,1,True,0 days 00:27:47.058000,97.756,24.542,29.685,43.529,1667.058,1670.534,25.3,44.6,966.3,False,44.6,128,3.6,False,True,False,FORMULA 1 PIRELLI GRAND PRIX DE FRANCE 2018,Le Castellet,France,,,Permanent,,,0.25105364376611156,0.3036642252137976,0.4452821310200909,1,False,French Grand Prix,french_grand_prix,2018,2018-06-24,104.67008695652173,23,Opening,3.4809999999999945,False,False,False,True
RIC,Red Bull Racing,10,0 days 00:01:37.998000,0 days 00:00:24.744000,0 days 00:00:29.873000,0 days 00:00:43.381000,SUPERSOFT,14,1,,,1,True,0 days 00:27:52.190000,97.998,24.744,29.873,43.381,1672.19,1670.534,25.3,44.6,966.3,False,44.6,128,3.6,False,True,False,FORMULA 1 PIRELLI GRAND PRIX DE FRANCE 2018,Le Castellet,France,,,Permanent,,,0.2524949488765077,0.30483275168880997,0.44267229943468234,1,False,French Grand Prix,french_grand_prix,2018,2018-06-24,103.77253846153847,26,Opening,2.6159999999999997,False,False,False,True
RAI,Ferrari,10,0 days 00:01:38.082000,0 days 00:00:25.307000,0 days 00:00:29.359000,0 days 00:00:43.416000,ULTRASOFT,12,1,,,1,True,0 days 00:27:54.178000,98.082,25.307,29.359,43.416,1674.178,1670.534,25.3,44.6,966.3,False,44.6,128,3.6,False,True,False,FORMULA 1 PIRELLI GRAND PRIX DE FRANCE 2018,Le Castellet,France,,,Permanent,,,0.25801880059542015,0.2993311718765931,0.44265002752798677,1,False,French Grand Prix,french_grand_prix,2018,2018-06-24,102.48946875,32,Opening,3.6839999999999975,False,False,False,True
SAI,Renault,10,0 days 00:01:40.269000,0 days 00:00:25.239000,0 days 00:00:30.680000,0 days 00:00:44.350000,ULTRASOFT,12,1,,,1,True,0 days 00:27:55.863000,100.269,25.239,30.68,44.35,1675.863,1670.534,25.3,44.6,966.3,False,44.6,128,3.6,False,True,False,FORMULA 1 PIRELLI GRAND PRIX DE FRANCE 2018,Le Castellet,France,,,Permanent,,,0.2517128923196601,0.30597692207960586,0.44231018560073404,1,False,French Grand Prix,french_grand_prix,2018,2018-06-24,105.94854166666666,24,Opening,4.631,False,False,False,True
MAG,Haas F1 Team,10,0 days 00:01:39.481000,0 days 00:00:25.230000,0 days 00:00:30.220000,0 days 00:00:44.031000,ULTRASOFT,12,1,,,1,True,0 days 00:27:58.612000,99.481,25.23,30.22,44.031,1678.612,1670.534,25.3,44.6,966.3,False,44.6,128,3.6,False,True,False,FORMULA 1 PIRELLI GRAND PRIX DE FRANCE 2018,Le Castellet,France,,,Permanent,,,0.25361626843316815,0.30377660055689026,0.4426071310099416,1,False,French Grand Prix,french_grand_prix,2018,2018-06-24,105.27073076923078,26,Opening,4.055999999999997,False,False,False,True
LEC,Sauber,10,0 days 00:01:39.566000,0 days 00:00:25.008000,0 days 00:00:30.256000,0 days 00:00:44.302000,ULTRASOFT,12,1,,,1,True,0 days 00:28:00.651000,99.566,25.008,30.256,44.302,1680.651,1670.534,25.3,44.6,966.3,False,44.6,128,3.6,False,True,False,FORMULA 1 PIRELLI GRAND PRIX DE FRANCE 2018,Le Castellet,France,,,Permanent,,,0.2511700781391238,0.3038788341401683,0.44495108772070785,1,False,French Grand Prix,french_grand_prix,2018,2018-06-24,104.78541379310344,29,Opening,3.5889999999999986,False,False,False,True
GRO,Haas F1 Team,10,0 days 00:01:40.063000,0 days 00:00:25.258000,0 days 00:00:30.194000,0 days 00:00:44.611000,ULTRASOFT,12,1,,,1,True,0 days 00:28:01.809000,100.063,25.258,30.194,44.611,1681.809,1670.534,25.3,44.6,966.3,False,44.6,128,3.6,False,True,False,FORMULA 1 PIRELLI GRAND PRIX DE FRANCE 2018,Le Castellet,France,,,Permanent,,,0.2524209747858849,0.30174989756453435,0.4458291276495807,1,False,French Grand Prix,french_grand_prix,2018,2018-06-24,104.24109375,32,Opening,4.368000000000009,False,False,False,True
PER,Force India,10,0 days 00:01:39.923000,0 days 00:00:25.188000,0 days 00:00:30.373000,0 days 00:00:44.362000,Soft,9,1,,,1,True,0 days 00:28:03.060000,99.923,25.188,30.373,44.362,1683.06,1670.534,25.3,44.6,966.3,False,44.6,128,3.6,False,True,False,FORMULA 1 PIRELLI GRAND PRIX DE FRANCE 2018,Le Castellet,France,,,Permanent,,,0.2520740970547321,0.3039640523202866,0.4439618506249812,1,False,French Grand Prix,french_grand_prix,2018,2018-06-24,104.93812,25,Opening,1.6039999999999992,False,False,False,True
HUL,Renault,10,0 days 00:01:40.069000,0 days 00:00:25.340000,0 days 00:00:30.181000,0 days 00:00:44.548000,Soft,9,1,,,1,True,0 days 00:28:04.101000,100.069,25.34,30.181,44.548,1684.101,1670.534,25.3,44.6,966.3,False,44.6,128,3.6,False,True,False,FORMULA 1 PIRELLI GRAND PRIX DE FRANCE 2018,Le Castellet,France,,,Permanent,,,0.2532252745605532,0.3016018946926621,0.4451728307467847,1,False,French Grand Prix,french_grand_prix,2018,2018-06-24,103.22897142857143,35,Opening,4.195999999999998,False,False,False,True
VET,Ferrari,10,0 days 00:01:38.460000,0 days 00:00:24.951000,0 days 00:00:29.961000,0 days 00:00:43.548000,Soft,9,2,,,1,True,0 days 00:28:04.571000,98.46,24.951,29.961,43.548,1684.571,1670.534,25.3,44.6,966.3,False,44.6,128,3.6,False,True,False,FORMULA 1 PIRELLI GRAND PRIX DE FRANCE 2018,Le Castellet,France,,,Permanent,,,0.25341255332114565,0.3042961608775137,0.4422912858013407,1,False,French Grand Prix,french_grand_prix,2018,2018-06-24,101.26828947368422,38,Mid,3.9749999999999943,False,False,False,True
VAN,McLaren,10,0 days 00:01:40.086000,0 days 00:00:25.437000,0 days 00:00:30.389000,0 days 00:00:44.260000,SUPERSOFT,9,1,,,1,True,0 days 00:28:08.585000,100.086,25.437,30.389,44.26,1688.585,1670.534,25.3,44.6,966.3,False,44.6,128,3.6,False,True,False,FORMULA 1 PIRELLI GRAND PRIX DE FRANCE 2018,Le Castellet,France,,,Permanent,,,0.25415142977039745,0.303628879163919,0.4422196910656835,1,False,French Grand Prix,french_grand_prix,2018,2018-06-24,101.85713513513514,37,Opening,3.4110000000000014,False,False,False,True
BOT,Mercedes,10,0 days 00:01:39.687000,0 days 00:00:25.479000,0 days 00:00:30.294000,0 days 00:00:43.914000,Soft,9,2,,,1,True,0 days 00:28:09.223000,99.687,25.479,30.294,43.914,1689.223,1670.534,25.3,44.6,966.3,False,44.6,128,3.6,False,True,False,FORMULA 1 PIRELLI GRAND PRIX DE FRANCE 2018,Le Castellet,France,,,Permanent,,,0.25558999668963855,0.3038911793914954,0.4405188239188661,1,False,French Grand Prix,french_grand_prix,2018,2018-06-24,100.90908108108108,37,Mid,5.462000000000003,False,False,False,True
HAR,Toro Rosso,10,0 days 00:01:40.330000,0 days 00:00:25.431000,0 days 00:00:30.613000,0 days 00:00:44.286000,ULTRASOFT,9,1,,,1,True,0 days 00:28:11.776000,100.33,25.431,30.613,44.286,1691.776,1670.534,25.3,44.6,966.3,False,44.6,128,3.6,False,True,False,FORMULA 1 PIRELLI GRAND PRIX DE FRANCE 2018,Le Castellet,France,,,Permanent,,,0.2534735373268215,0.3051230937904914,0.44140336888268716,1,False,French Grand Prix,french_grand_prix,2018,2018-06-24,102.32042857142858,35,Opening,3.4909999999999997,False,False,False,True
ERI,Sauber,10,0 days 00:01:40.963000,0 days 00:00:25.680000,0 days 00:00:30.568000,0 days 00:00:44.715000,SUPERSOFT,9,1,,,1,True,0 days 00:28:13.335000,100.963,25.68,30.568,44.715,1693.335,1670.534,25.3,44.6,966.3,False,44.6,128,3.6,False,True,False,FORMULA 1 PIRELLI GRAND PRIX DE FRANCE 2018,Le Castellet,France,,,Permanent,,,0.25435060368649903,0.3027643790299417,0.4428850172835594,1,False,French Grand Prix,french_grand_prix,2018,2018-06-24,104.29169696969697,33,Opening,4.468999999999994,False,False,False,True
STR,Williams,10,0 days 00:01:41.167000,0 days 00:00:25.819000,0 days 00:00:30.405000,0 days 00:00:44.943000,Soft,9,2,,,1,True,0 days 00:28:14.270000,101.167,25.819,30.405,44.943,1694.27,1670.534,25.3,44.6,966.3,False,44.6,128,3.6,False,True,False,FORMULA 1 PIRELLI GRAND PRIX DE FRANCE 2018,Le Castellet,France,,,Permanent,,,0.2552116796979252,0.30054266707523203,0.44424565322684273,1,False,French Grand Prix,french_grand_prix,2018,2018-06-24,102.4190652173913,46,Closing,2.847999999999999,False,False,False,True
SIR,Williams,10,0 days 00:01:41.352000,0 days 00:00:25.719000,0 days 00:00:30.402000,0 days 00:00:45.231000,Soft,9,2,,,1,True,0 days 00:28:15.125000,101.352,25.719,30.402,45.231,1695.125,1670.534,25.3,44.6,966.3,False,44.6,128,3.6,False,True,False,FORMULA 1 PIRELLI GRAND PRIX DE FRANCE 2018,Le Castellet,France,,,Permanent,,,0.25375917594127395,0.2999644802273265,0.44627634383139947,1,False,French Grand Prix,french_grand_prix,2018,2018-06-24,102.90366,50,Closing,3.0520000000000067,False,False,False,True
ALO,McLaren,10,0 days 00:01:41.464000,0 days 00:00:25.940000,0 days 00:00:30.383000,0 days 00:00:45.141000,Soft,9,2,,,1,True,0 days 00:28:15.660000,101.464,25.94,30.383,45.141,1695.66,1670.534,25.3,44.6,966.3,False,44.6,128,3.6,False,True,False,FORMULA 1 PIRELLI GRAND PRIX DE FRANCE 2018,Le Castellet,France,,,Permanent,,,0.25565717890089096,0.299446108964756,0.44489671213435306,1,False,French Grand Prix,french_grand_prix,2018,2018-06-24,102.5500909090909,44,Mid,6.331000000000003,False,False,False,True
HAM,Mercedes,11,0 days 00:01:37.498000,0 days 00:00:24.561000,0 days 00:00:29.577000,0 days 00:00:43.360000,SUPERSOFT,12,1,,,1,True,0 days 00:29:21.931000,97.498,24.561,29.577,43.36,1761.931,1790.564,24.9,47.8,966.3,False,44.8,106,2.0,False,True,False,FORMULA 1 PIRELLI GRAND PRIX DE FRANCE 2018,Le Castellet,France,,,Permanent,,,0.2519128597509692,0.30336006892449074,0.44472707132454,1,False,French Grand Prix,french_grand_prix,2018,2018-06-24,102.2551935483871,31,Opening,2.9890000000000043,False,False,False,True
VER,Red Bull Racing,11,0 days 00:01:37.704000,0 days 00:00:24.665000,0 days 00:00:29.429000,0 days 00:00:43.610000,SUPERSOFT,13,1,,,1,True,0 days 00:29:24.762000,97.704,24.665,29.429,43.61,1764.762,1790.564,24.9,47.8,966.3,False,44.8,106,2.0,False,True,False,FORMULA 1 PIRELLI GRAND PRIX DE FRANCE 2018,Le Castellet,France,,,Permanent,,,0.2524461639236879,0.3012056824694997,0.44634815360681246,1,False,French Grand Prix,french_grand_prix,2018,2018-06-24,104.67008695652173,23,Opening,3.428999999999988,False,False,False,True
RIC,Red Bull Racing,11,0 days 00:01:37.588000,0 days 00:00:24.664000,0 days 00:00:29.616000,0 days 00:00:43.308000,SUPERSOFT,15,1,,,1,True,0 days 00:29:29.778000,97.588,24.664,29.616,43.308,1769.778,1790.564,24.9,47.8,966.3,False,44.8,106,2.0,False,True,False,FORMULA 1 PIRELLI GRAND PRIX DE FRANCE 2018,Le Castellet,France,,,Permanent,,,0.25273599213018,0.303479936057712,0.44378407181210805,1,False,French Grand Prix,french_grand_prix,2018,2018-06-24,103.77253846153847,26,Opening,2.205999999999989,False,False,False,True
RAI,Ferrari,11,0 days 00:01:38.049000,0 days 00:00:24.806000,0 days 00:00:29.933000,0 days 00:00:43.310000,ULTRASOFT,13,1,,,1,True,0 days 00:29:32.227000,98.049,24.806,29.933,43.31,1772.227,1790.564,24.9,47.8,966.3,False,44.8,106,2.0,False,True,False,FORMULA 1 PIRELLI GRAND PRIX DE FRANCE 2018,Le Castellet,France,,,Permanent,,,0.2529959510040898,0.30528613244398206,0.4417179165519281,1,False,French Grand Prix,french_grand_prix,2018,2018-06-24,102.48946875,32,Opening,3.6510000000000105,False,False,False,True
SAI,Renault,11,0 days 00:01:39.528000,0 days 00:00:25.100000,0 days 00:00:30.118000,0 days 00:00:44.310000,ULTRASOFT,13,1,,,1,True,0 days 00:29:35.391000,99.528,25.1,30.118,44.31,1775.391,1790.564,24.9,47.8,966.3,False,44.8,106,2.0,False,True,False,FORMULA 1 PIRELLI GRAND PRIX DE FRANCE 2018,Le Castellet,France,,,Permanent,,,0.2521903383972349,0.30260831122900084,0.4452013503737642,1,False,French Grand Prix,french_grand_prix,2018,2018-06-24,105.94854166666666,24,Opening,3.8900000000000006,False,False,False,True
MAG,Haas F1 Team,11,0 days 00:01:39.262000,0 days 00:00:25.097000,0 days 00:00:30.193000,0 days 00:00:43.972000,ULTRASOFT,13,1,,,1,True,0 days 00:29:37.874000,99.262,25.097,30.193,43.972,1777.874,1790.564,24.9,47.8,966.3,False,44.8,106,2.0,False,True,False,FORMULA 1 PIRELLI GRAND PRIX DE FRANCE 2018,Le Castellet,France,,,Permanent,,,0.25283592915718,0.30417481009852715,0.4429892607442929,1,False,French Grand Prix,french_grand_prix,2018,2018-06-24,105.27073076923078,26,Opening,3.8370000000000033,False,False,False,True
LEC,Sauber,11,0 days 00:01:39.364000,0 days 00:00:25.172000,0 days 00:00:30.009000,0 days 00:00:44.183000,ULTRASOFT,13,1,,,1,True,0 days 00:29:40.015000,99.364,25.172,30.009,44.183,1780.015,1790.564,24.9,47.8,966.3,False,44.8,106,2.0,False,True,False,FORMULA 1 PIRELLI GRAND PRIX DE FRANCE 2018,Le Castellet,France,,,Permanent,,,0.25333118634515517,0.30201078861559516,0.4446580250392496,1,False,French Grand Prix,french_grand_prix,2018,2018-06-24,104.78541379310344,29,Opening,3.3870000000000005,False,False,False,True
GRO,Haas F1 Team,11,0 days 00:01:40.206000,0 days 00:00:25.468000,0 days 00:00:30.205000,0 days 00:00:44.533000,ULTRASOFT,13,1,,,1,True,0 days 00:29:42.015000,100.206,25.468,30.205,44.533,1782.015,1790.564,24.9,47.8,966.3,False,44.8,106,2.0,False,True,False,FORMULA 1 PIRELLI GRAND PRIX DE FRANCE 2018,Le Castellet,France,,,Permanent,,,0.2541564377382592,0.3014290561443426,0.44441450611739813,1,False,French Grand Prix,french_grand_prix,2018,2018-06-24,104.24109375,32,Opening,4.51100000000001,False,False,False,True
PER,Force India,11,0 days 00:01:40.055000,0 days 00:00:25.414000,0 days 00:00:30.144000,0 days 00:00:44.497000,Soft,10,1,,,1,True,0 days 00:29:43.115000,100.055,25.414,30.144,44.497,1783.115,1790.564,24.9,47.8,966.3,False,44.8,106,2.0,False,True,False,FORMULA 1 PIRELLI GRAND PRIX DE FRANCE 2018,Le Castellet,France,,,Permanent,,,0.2540002998350907,0.30127429913547543,0.44472540102943375,1,False,French Grand Prix,french_grand_prix,2018,2018-06-24,104.93812,25,Opening,1.7360000000000042,False,False,False,True
VET,Ferrari,11,0 days 00:01:39.291000,0 days 00:00:25.520000,0 days 00:00:29.738000,0 days 00:00:44.033000,Soft,10,2,,,1,True,0 days 00:29:43.862000,99.291,25.52,29.738,44.033,1783.862,1790.564,24.9,47.8,966.3,False,44.8,106,2.0,False,True,False,FORMULA 1 PIRELLI GRAND PRIX DE FRANCE 2018,Le Castellet,France,,,Permanent,,,0.25702228802207655,0.29950347967086643,0.44347423230705707,1,False,French Grand Prix,french_grand_prix,2018,2018-06-24,101.26828947368422,38,Mid,4.805999999999997,False,False,False,True
HUL,Renault,11,0 days 00:01:40.930000,0 days 00:00:25.393000,0 days 00:00:30.009000,0 days 00:00:45.528000,Soft,10,1,,,1,True,0 days 00:29:45.031000,100.93,25.393,30.009,45.528,1785.031,1790.564,24.9,47.8,966.3,False,44.8,106,2.0,False,True,False,FORMULA 1 PIRELLI GRAND PRIX DE FRANCE 2018,Le Castellet,France,,,Permanent,,,0.25159021103735263,0.29732487862875256,0.45108491033389475,1,False,French Grand Prix,french_grand_prix,2018,2018-06-24,103.22897142857143,35,Opening,5.057000000000002,False,False,False,True
BOT,Mercedes,11,0 days 00:01:38.594000,0 days 00:00:25.560000,0 days 00:00:29.562000,0 days 00:00:43.472000,Soft,10,2,,,1,True,0 days 00:29:47.817000,98.594,25.56,29.562,43.472,1787.817,1790.564,24.9,47.8,966.3,False,44.8,106,2.0,False,True,False,FORMULA 1 PIRELLI GRAND PRIX DE FRANCE 2018,Le Castellet,France,,,Permanent,,,0.2592449844818143,0.2998356897985679,0.4409193257196179,1,False,French Grand Prix,french_grand_prix,2018,2018-06-24,100.90908108108108,37,Mid,4.369,False,False,False,True
VAN,McLaren,11,0 days 00:01:40.980000,0 days 00:00:25.513000,0 days 00:00:30.832000,0 days 00:00:44.635000,SUPERSOFT,10,1,,,1,True,0 days 00:29:49.565000,100.98,25.513,30.832,44.635,1789.565,1790.564,24.9,47.8,966.3,False,44.8,106,2.0,False,True,False,FORMULA 1 PIRELLI GRAND PRIX DE FRANCE 2018,Le Castellet,France,,,Permanent,,,0.25265399088928503,0.3053277876807289,0.4420182214299861,1,False,French Grand Prix,french_grand_prix,2018,2018-06-24,101.85713513513514,37,Opening,4.305000000000007,False,False,False,True
HAR,Toro Rosso,11,0 days 00:01:40.245000,0 days 00:00:25.379000,0 days 00:00:30.306000,0 days 00:00:44.560000,ULTRASOFT,10,1,,,1,True,0 days 00:29:52.021000,100.245,25.379,30.306,44.56,1792.021,1790.564,24.9,47.8,966.3,False,44.8,106,2.0,False,True,False,FORMULA 1 PIRELLI GRAND PRIX DE FRANCE 2018,Le Castellet,France,,,Permanent,,,0.25316973415132926,0.30231931767170434,0.44451094817696646,1,False,French Grand Prix,french_grand_prix,2018,2018-06-24,102.32042857142858,35,Opening,3.406000000000006,False,False,False,True
ERI,Sauber,11,0 days 00:01:40.234000,0 days 00:00:25.450000,0 days 00:00:30.344000,0 days 00:00:44.440000,SUPERSOFT,10,1,,,1,True,0 days 00:29:53.569000,100.234,25.45,30.344,44.44,1793.569,1790.564,24.9,47.8,966.3,False,44.8,106,2.0,False,True,False,FORMULA 1 PIRELLI GRAND PRIX DE FRANCE 2018,Le Castellet,France,,,Permanent,,,0.2539058602869286,0.302731608037193,0.44336253167587847,1,False,French Grand Prix,french_grand_prix,2018,2018-06-24,104.29169696969697,33,Opening,3.739999999999995,False,False,False,True
STR,Williams,11,0 days 00:01:40.777000,0 days 00:00:25.759000,0 days 00:00:30.422000,0 days 00:00:44.596000,Soft,10,2,,,1,True,0 days 00:29:55.047000,100.777,25.759,30.422,44.596,1795.047,1790.564,24.9,47.8,966.3,False,44.8,106,2.0,False,True,False,FORMULA 1 PIRELLI GRAND PRIX DE FRANCE 2018,Le Castellet,France,,,Permanent,,,0.2556039572521508,0.3018744356351152,0.44252160711273403,1,False,French Grand Prix,french_grand_prix,2018,2018-06-24,102.4190652173913,46,Closing,2.4579999999999984,False,False,False,True
ALO,McLaren,11,0 days 00:01:40.702000,0 days 00:00:25.928000,0 days 00:00:30.425000,0 days 00:00:44.349000,Soft,10,2,,,1,True,0 days 00:29:56.362000,100.702,25.928,30.425,44.349,1796.362,1790.564,24.9,47.8,966.3,False,44.8,106,2.0,False,True,False,FORMULA 1 PIRELLI GRAND PRIX DE FRANCE 2018,Le Castellet,France,,,Permanent,,,0.2574725427498957,0.3021290540406348,0.4403984032094695,1,False,French Grand Prix,french_grand_prix,2018,2018-06-24,102.5500909090909,44,Mid,5.569000000000003,False,False,False,True
SIR,Williams,11,0 days 00:01:42.214000,0 days 00:00:25.991000,0 days 00:00:30.597000,0 days 00:00:45.626000,Soft,10,2,,,1,True,0 days 00:29:57.339000,102.214,25.991,30.597,45.626,1797.339,1790.564,24.9,47.8,966.3,False,44.8,106,2.0,False,True,False,FORMULA 1 PIRELLI GRAND PRIX DE FRANCE 2018,Le Castellet,France,,,Permanent,,,0.25428023558416657,0.29934255581427205,0.44637720860156144,1,False,French Grand Prix,french_grand_prix,2018,2018-06-24,102.90366,50,Closing,3.9140000000000015,False,False,False,True
HAM,Mercedes,12,0 days 00:01:37.342000,0 days 00:00:24.529000,0 days 00:00:29.590000,0 days 00:00:43.223000,SUPERSOFT,13,1,,,1,True,0 days 00:30:59.273000,97.342,24.529,29.59,43.223,1859.273,1850.582,24.9,48.3,966.1,False,44.8,129,1.8,False,True,False,FORMULA 1 PIRELLI GRAND PRIX DE FRANCE 2018,Le Castellet,France,,,Permanent,,,0.25198783669947195,0.3039797826220953,0.44403238067843276,1,False,French Grand Prix,french_grand_prix,2018,2018-06-24,102.2551935483871,31,Opening,2.8329999999999984,False,False,False,True
VER,Red Bull Racing,12,0 days 00:01:37.455000,0 days 00:00:24.560000,0 days 00:00:29.417000,0 days 00:00:43.478000,SUPERSOFT,14,1,,,1,True,0 days 00:31:02.217000,97.455,24.56,29.417,43.478,1862.217,1850.582,24.9,48.3,966.1,False,44.8,129,1.8,False,True,False,FORMULA 1 PIRELLI GRAND PRIX DE FRANCE 2018,Le Castellet,France,,,Permanent,,,0.25201374993586784,0.30185213688368995,0.44613411318044227,1,False,French Grand Prix,french_grand_prix,2018,2018-06-24,104.67008695652173,23,Opening,3.1799999999999926,False,False,False,True
RIC,Red Bull Racing,12,0 days 00:01:37.298000,0 days 00:00:24.479000,0 days 00:00:29.641000,0 days 00:00:43.178000,SUPERSOFT,16,1,,,1,True,0 days 00:31:07.076000,97.298,24.479,29.641,43.178,1867.076,1850.582,24.9,48.3,966.1,False,44.8,129,1.8,False,True,False,FORMULA 1 PIRELLI GRAND PRIX DE FRANCE 2018,Le Castellet,France,,,Permanent,,,0.25158790519846247,0.3046414109231433,0.4437706838783942,1,False,French Grand Prix,french_grand_prix,2018,2018-06-24,103.77253846153847,26,Opening,1.9159999999999968,False,False,False,True
RAI,Ferrari,12,0 days 00:01:37.736000,0 days 00:00:24.803000,0 days 00:00:29.748000,0 days 00:00:43.185000,ULTRASOFT,14,1,,,1,True,0 days 00:31:09.963000,97.736,24.803,29.748,43.185,1869.963,1850.582,24.9,48.3,966.1,False,44.8,129,1.8,False,True,False,FORMULA 1 PIRELLI GRAND PRIX DE FRANCE 2018,Le Castellet,France,,,Permanent,,,0.2537754767946304,0.3043709585004502,0.4418535647049194,1,False,French Grand Prix,french_grand_prix,2018,2018-06-24,102.48946875,32,Opening,3.338000000000008,False,False,False,True
SAI,Renault,12,0 days 00:01:39.334000,0 days 00:00:25.054000,0 days 00:00:30.180000,0 days 00:00:44.100000,ULTRASOFT,14,1,,,1,True,0 days 00:31:14.725000,99.334,25.054,30.18,44.1,1874.725,1850.582,24.9,48.3,966.1,False,44.8,129,1.8,False,True,False,FORMULA 1 PIRELLI GRAND PRIX DE FRANCE 2018,Le Castellet,France,,,Permanent,,,0.2522197837598405,0.30382346427205187,0.4439567519681076,1,False,French Grand Prix,french_grand_prix,2018,2018-06-24,105.94854166666666,24,Opening,3.695999999999998,False,False,False,True
MAG,Haas F1 Team,12,0 days 00:01:39.577000,0 days 00:00:25.081000,0 days 00:00:30.155000,0 days 00:00:44.341000,ULTRASOFT,14,1,,,1,True,0 days 00:31:17.451000,99.577,25.081,30.155,44.341,1877.451,1850.582,24.9,48.3,966.1,False,44.8,129,1.8,False,True,False,FORMULA 1 PIRELLI GRAND PRIX DE FRANCE 2018,Le Castellet,France,,,Permanent,,,0.2518754330819366,0.302830975024353,0.4452935918937104,1,False,French Grand Prix,french_grand_prix,2018,2018-06-24,105.27073076923078,26,Opening,4.152000000000001,False,False,False,True
LEC,Sauber,12,0 days 00:01:39.383000,0 days 00:00:25.070000,0 days 00:00:30.017000,0 days 00:00:44.296000,ULTRASOFT,14,1,,,1,True,0 days 00:31:19.398000,99.383,25.07,30.017,44.296,1879.398,1850.582,24.9,48.3,966.1,False,44.8,129,1.8,False,True,False,FORMULA 1 PIRELLI GRAND PRIX DE FRANCE 2018,Le Castellet,France,,,Permanent,,,0.2522564221245082,0.3020335469848968,0.44571003089059497,1,False,French Grand Prix,french_grand_prix,2018,2018-06-24,104.78541379310344,29,Opening,3.4059999999999917,False,False,False,True
GRO,Haas F1 Team,12,0 days 00:01:39.813000,0 days 00:00:25.508000,0 days 00:00:30.145000,0 days 00:00:44.160000,ULTRASOFT,14,1,,,1,True,0 days 00:31:21.828000,99.813,25.508,30.145,44.16,1881.828,1910.594,25.1,48.1,966.2,False,44.7,114,2.2,False,True,False,FORMULA 1 PIRELLI GRAND PRIX DE FRANCE 2018,Le Castellet,France,,,Permanent,,,0.2555578932603969,0.3020147676154409,0.44242733912416216,1,False,French Grand Prix,french_grand_prix,2018,2018-06-24,104.24109375,32,Opening,4.118000000000009,False,False,False,True
PER,Force India,12,0 days 00:01:39.991000,0 days 00:00:25.372000,0 days 00:00:30.170000,0 days 00:00:44.449000,Soft,11,1,,,1,True,0 days 00:31:23.106000,99.991,25.372,30.17,44.449,1883.106,1910.594,25.1,48.1,966.2,False,44.7,114,2.2,False,True,False,FORMULA 1 PIRELLI GRAND PRIX DE FRANCE 2018,Le Castellet,France,,,Permanent,,,0.25374283685531696,0.30172715544399,0.44453000770069306,1,False,French Grand Prix,french_grand_prix,2018,2018-06-24,104.93812,25,Opening,1.671999999999997,False,False,False,True
VET,Ferrari,12,0 days 00:01:39.638000,0 days 00:00:25.407000,0 days 00:00:29.805000,0 days 00:00:44.426000,Soft,11,2,,,1,True,0 days 00:31:23.500000,99.638,25.407,29.805,44.426,1883.5,1910.594,25.1,48.1,966.2,False,44.7,114,2.2,False,True,False,FORMULA 1 PIRELLI GRAND PRIX DE FRANCE 2018,Le Castellet,France,,,Permanent,,,0.2549930749312511,0.2991328609566631,0.44587406411208574,1,False,French Grand Prix,french_grand_prix,2018,2018-06-24,101.26828947368422,38,Mid,5.153000000000006,False,False,False,True
HUL,Renault,12,0 days 00:01:39.912000,0 days 00:00:25.411000,0 days 00:00:30.066000,0 days 00:00:44.435000,Soft,11,1,,,1,True,0 days 00:31:24.943000,99.912,25.411,30.066,44.435,1884.943,1910.594,25.1,48.1,966.2,False,44.7,114,2.2,False,True,False,FORMULA 1 PIRELLI GRAND PRIX DE FRANCE 2018,Le Castellet,France,,,Permanent,,,0.25433381375610536,0.3009248138361758,0.44474137240771877,1,False,French Grand Prix,french_grand_prix,2018,2018-06-24,103.22897142857143,35,Opening,4.0390000000000015,False,False,False,True
BOT,Mercedes,12,0 days 00:01:38.930000,0 days 00:00:25.055000,0 days 00:00:29.977000,0 days 00:00:43.898000,Soft,11,2,,,1,True,0 days 00:31:26.747000,98.93,25.055,29.977,43.898,1886.747,1910.594,25.1,48.1,966.2,False,44.7,114,2.2,False,True,False,FORMULA 1 PIRELLI GRAND PRIX DE FRANCE 2018,Le Castellet,France,,,Permanent,,,0.25325988072374406,0.3030122308703123,0.44372788840594357,1,False,French Grand Prix,french_grand_prix,2018,2018-06-24,100.90908108108108,37,Mid,4.7050000000000125,False,False,False,True
VAN,McLaren,12,0 days 00:01:40.084000,0 days 00:00:25.514000,0 days 00:00:30.291000,0 days 00:00:44.279000,SUPERSOFT,11,1,,,1,True,0 days 00:31:29.649000,100.084,25.514,30.291,44.279,1889.649,1910.594,25.1,48.1,966.2,False,44.7,114,2.2,False,True,False,FORMULA 1 PIRELLI GRAND PRIX DE FRANCE 2018,Le Castellet,France,,,Permanent,,,0.2549258622756884,0.30265576915391074,0.4424183685704009,1,False,French Grand Prix,french_grand_prix,2018,2018-06-24,101.85713513513514,37,Opening,3.409000000000006,False,False,False,True
HAR,Toro Rosso,12,0 days 00:01:39.772000,0 days 00:00:25.362000,0 days 00:00:30.105000,0 days 00:00:44.305000,ULTRASOFT,11,1,,,1,True,0 days 00:31:31.793000,99.772,25.362,30.105,44.305,1891.793,1910.594,25.1,48.1,966.2,False,44.7,114,2.2,False,True,False,FORMULA 1 PIRELLI GRAND PRIX DE FRANCE 2018,Le Castellet,France,,,Permanent,,,0.2541995750310708,0.30173796255462454,0.4440624624143046,1,False,French Grand Prix,french_grand_prix,2018,2018-06-24,102.32042857142858,35,Opening,2.933000000000007,False,False,False,True
ERI,Sauber,12,0 days 00:01:40.370000,0 days 00:00:25.431000,0 days 00:00:30.263000,0 days 00:00:44.676000,SUPERSOFT,11,1,,,1,True,0 days 00:31:33.939000,100.37,25.431,30.263,44.676,1893.939,1910.594,25.1,48.1,966.2,False,44.7,114,2.2,False,True,False,FORMULA 1 PIRELLI GRAND PRIX DE FRANCE 2018,Le Castellet,France,,,Permanent,,,0.25337252166982166,0.30151439673209124,0.4451130815980871,1,False,French Grand Prix,french_grand_prix,2018,2018-06-24,104.29169696969697,33,Opening,3.8760000000000048,False,False,False,True
STR,Williams,12,0 days 00:01:40.265000,0 days 00:00:25.519000,0 days 00:00:30.239000,0 days 00:00:44.507000,Soft,11,2,,,1,True,0 days 00:31:35.312000,100.265,25.519,30.239,44.507,1895.312,1910.594,25.1,48.1,966.2,False,44.7,114,2.2,False,True,False,FORMULA 1 PIRELLI GRAND PRIX DE FRANCE 2018,Le Castellet,France,,,Permanent,,,0.2545155338353363,0.3015907844212836,0.44389368174338,1,False,French Grand Prix,french_grand_prix,2018,2018-06-24,102.4190652173913,46,Closing,1.945999999999998,False,False,False,True
ALO,McLaren,12,0 days 00:01:40.156000,0 days 00:00:25.482000,0 days 00:00:30.488000,0 days 00:00:44.186000,Soft,11,2,,,1,True,0 days 00:31:36.518000,100.156,25.482,30.488,44.186,1896.518,1910.594,25.1,48.1,966.2,False,44.7,114,2.2,False,True,False,FORMULA 1 PIRELLI GRAND PRIX DE FRANCE 2018,Le Castellet,France,,,Permanent,,,0.25442309996405604,0.3044051280003195,0.4411717720356244,1,False,French Grand Prix,french_grand_prix,2018,2018-06-24,102.5500909090909,44,Mid,5.02300000000001,False,False,False,True
SIR,Williams,12,0 days 00:01:41.123000,0 days 00:00:25.922000,0 days 00:00:30.562000,0 days 00:00:44.639000,Soft,11,2,,,1,True,0 days 00:31:38.462000,101.123,25.922,30.562,44.639,1898.462,1910.594,25.1,48.1,966.2,False,44.7,114,2.2,False,True,False,FORMULA 1 PIRELLI GRAND PRIX DE FRANCE 2018,Le Castellet,France,,,Permanent,,,0.25634128734313655,0.30222600199756733,0.4414327106592961,1,False,French Grand Prix,french_grand_prix,2018,2018-06-24,102.90366,50,Closing,2.8230000000000075,False,False,False,True
HAM,Mercedes,13,0 days 00:01:37.019000,0 days 00:00:24.530000,0 days 00:00:29.553000,0 days 00:00:42.936000,SUPERSOFT,14,1,,,1,True,0 days 00:32:36.292000,97.019,24.53,29.553,42.936,1956.292,1970.61,25.1,48.5,966.2,False,44.5,114,3.7,False,True,False,FORMULA 1 PIRELLI GRAND PRIX DE FRANCE 2018,Le Castellet,France,,,Permanent,,,0.25283707315062,0.30461043713087127,0.44255248971850875,1,False,French Grand Prix,french_grand_prix,2018,2018-06-24,102.2551935483871,31,Opening,2.510000000000005,False,False,False,True
VER,Red Bull Racing,13,0 days 00:01:37.402000,0 days 00:00:24.614000,0 days 00:00:29.513000,0 days 00:00:43.275000,SUPERSOFT,15,1,,,1,True,0 days 00:32:39.619000,97.402,24.614,29.513,43.275,1959.619,1970.61,25.1,48.5,966.2,False,44.5,114,3.7,False,True,False,FORMULA 1 PIRELLI GRAND PRIX DE FRANCE 2018,Le Castellet,France,,,Permanent,,,0.25270528325907066,0.30300199174554937,0.44429272499538,1,False,French Grand Prix,french_grand_prix,2018,2018-06-24,104.67008695652173,23,Opening,3.1269999999999953,False,False,False,True
RIC,Red Bull Racing,13,0 days 00:01:37.026000,0 days 00:00:24.436000,0 days 00:00:29.565000,0 days 00:00:43.025000,SUPERSOFT,17,1,,,1,True,0 days 00:32:44.102000,97.026,24.436,29.565,43.025,1964.102,1970.61,25.1,48.5,966.2,False,44.5,114,3.7,False,True,False,FORMULA 1 PIRELLI GRAND PRIX DE FRANCE 2018,Le Castellet,France,,,Permanent,,,0.25185001958238,0.30471213901428484,0.4434378414033352,1,False,French Grand Prix,french_grand_prix,2018,2018-06-24,103.77253846153847,26,Opening,1.6439999999999912,False,False,False,True
RAI,Ferrari,13,0 days 00:01:37.464000,0 days 00:00:24.721000,0 days 00:00:29.882000,0 days 00:00:42.861000,ULTRASOFT,15,1,,,1,True,0 days 00:32:47.427000,97.464,24.721,29.882,42.861,1967.427,1970.61,25.1,48.5,966.2,False,44.5,114,3.7,False,True,False,FORMULA 1 PIRELLI GRAND PRIX DE FRANCE 2018,Le Castellet,France,,,Permanent,,,0.2536423705162932,0.3065952556841501,0.43976237379955674,1,False,French Grand Prix,french_grand_prix,2018,2018-06-24,102.48946875,32,Opening,3.0660000000000025,False,False,False,True
SAI,Renault,13,0 days 00:01:39.120000,0 days 00:00:24.910000,0 days 00:00:30.223000,0 days 00:00:43.987000,ULTRASOFT,15,1,,,1,True,0 days 00:32:53.845000,99.12,24.91,30.223,43.987,1973.845,1970.61,25.1,48.5,966.2,False,44.5,114,3.7,False,True,False,FORMULA 1 PIRELLI GRAND PRIX DE FRANCE 2018,Le Castellet,France,,,Permanent,,,0.25131154156577884,0.3049132364810331,0.443775221953188,1,False,French Grand Prix,french_grand_prix,2018,2018-06-24,105.94854166666666,24,Opening,3.4819999999999993,False,False,False,True
MAG,Haas F1 Team,13,0 days 00:01:38.714000,0 days 00:00:25.041000,0 days 00:00:30.071000,0 days 00:00:43.602000,ULTRASOFT,15,1,,,1,True,0 days 00:32:56.165000,98.714,25.041,30.071,43.602,1976.165,1970.61,25.1,48.5,966.2,False,44.5,114,3.7,False,True,False,FORMULA 1 PIRELLI GRAND PRIX DE FRANCE 2018,Le Castellet,France,,,Permanent,,,0.2536722248110704,0.30462750977571573,0.4417002654132139,1,False,French Grand Prix,french_grand_prix,2018,2018-06-24,105.27073076923078,26,Opening,3.2890000000000015,False,False,False,True
LEC,Sauber,13,0 days 00:01:38.501000,0 days 00:00:24.934000,0 days 00:00:29.908000,0 days 00:00:43.659000,ULTRASOFT,15,1,,,1,True,0 days 00:32:57.899000,98.501,24.934,29.908,43.659,1977.899,1970.61,25.1,48.5,966.2,False,44.5,114,3.7,False,True,False,FORMULA 1 PIRELLI GRAND PRIX DE FRANCE 2018,Le Castellet,France,,,Permanent,,,0.25313448594430515,0.3036314352138557,0.44323407884183913,1,False,French Grand Prix,french_grand_prix,2018,2018-06-24,104.78541379310344,29,Opening,2.524000000000001,False,False,False,True
GRO,Haas F1 Team,13,0 days 00:01:39.501000,0 days 00:00:25.375000,0 days 00:00:30.282000,0 days 00:00:43.844000,ULTRASOFT,15,1,,,1,True,0 days 00:33:01.329000,99.501,25.375,30.282,43.844,1981.329,1970.61,25.1,48.5,966.2,False,44.5,114,3.7,False,True,False,FORMULA 1 PIRELLI GRAND PRIX DE FRANCE 2018,Le Castellet,France,,,Permanent,,,0.25502256258731065,0.30433864986281545,0.44063878754987384,1,False,French Grand Prix,french_grand_prix,2018,2018-06-24,104.24109375,32,Opening,3.8060000000000116,False,False,False,True
VET,Ferrari,13,0 days 00:01:38.519000,0 days 00:00:25.508000,0 days 00:00:29.600000,0 days 00:00:43.411000,Soft,12,2,,,1,True,0 days 00:33:02.019000,98.519,25.508,29.6,43.411,1982.019,1970.61,25.1,48.5,966.2,False,44.5,114,3.7,False,True,False,FORMULA 1 PIRELLI GRAND PRIX DE FRANCE 2018,Le Castellet,France,,,Permanent,,,0.25891452410194987,0.3004496594565515,0.4406358164414986,1,False,French Grand Prix,french_grand_prix,2018,2018-06-24,101.26828947368422,38,Mid,4.034000000000006,False,False,False,True
PER,Force India,13,0 days 00:01:40.431000,0 days 00:00:25.274000,0 days 00:00:30.660000,0 days 00:00:44.497000,Soft,12,1,,,1,True,0 days 00:33:03.537000,100.431,25.274,30.66,44.497,1983.537,1970.61,25.1,48.5,966.2,False,44.5,114,3.7,False,True,False,FORMULA 1 PIRELLI GRAND PRIX DE FRANCE 2018,Le Castellet,France,,,Permanent,,,0.25165536537523275,0.30528422499029184,0.4430604096344754,1,False,French Grand Prix,french_grand_prix,2018,2018-06-24,104.93812,25,Opening,2.1119999999999948,False,False,False,True
HUL,Renault,13,0 days 00:01:39.303000,0 days 00:00:25.140000,0 days 00:00:30.118000,0 days 00:00:44.045000,Soft,12,1,,,1,True,0 days 00:33:04.246000,99.303,25.14,30.118,44.045,1984.246,1970.61,25.1,48.5,966.2,False,44.5,114,3.7,False,True,False,FORMULA 1 PIRELLI GRAND PRIX DE FRANCE 2018,Le Castellet,France,,,Permanent,,,0.25316455696202533,0.3032939588934876,0.44354148414448713,1,False,French Grand Prix,french_grand_prix,2018,2018-06-24,103.22897142857143,35,Opening,3.4299999999999926,False,False,False,True
BOT,Mercedes,13,0 days 00:01:38.411000,0 days 00:00:25.073000,0 days 00:00:29.785000,0 days 00:00:43.553000,Soft,12,2,,,1,True,0 days 00:33:05.158000,98.411,25.073,29.785,43.553,1985.158,1970.61,25.1,48.5,966.2,False,44.5,114,3.7,False,True,False,FORMULA 1 PIRELLI GRAND PRIX DE FRANCE 2018,Le Castellet,France,,,Permanent,,,0.25477842924063365,0.3026592555710236,0.4425623151883427,1,False,French Grand Prix,french_grand_prix,2018,2018-06-24,100.90908108108108,37,Mid,4.186000000000007,False,False,False,True
VAN,McLaren,13,0 days 00:01:39.240000,0 days 00:00:25.239000,0 days 00:00:30.137000,0 days 00:00:43.864000,SUPERSOFT,12,1,,,1,True,0 days 00:33:08.889000,99.24,25.239,30.137,43.864,1988.889,1970.61,25.1,48.5,966.2,False,44.5,114,3.7,False,True,False,FORMULA 1 PIRELLI GRAND PRIX DE FRANCE 2018,Le Castellet,France,,,Permanent,,,0.25432285368802904,0.30367795243853285,0.4419991938734381,1,False,French Grand Prix,french_grand_prix,2018,2018-06-24,101.85713513513514,37,Opening,2.5649999999999977,False,False,False,True
HAR,Toro Rosso,13,0 days 00:01:39.505000,0 days 00:00:25.347000,0 days 00:00:30.120000,0 days 00:00:44.038000,ULTRASOFT,12,1,,,1,True,0 days 00:33:11.298000,99.505,25.347,30.12,44.038,1991.298,1970.61,25.1,48.5,966.2,False,44.5,114,3.7,False,True,False,FORMULA 1 PIRELLI GRAND PRIX DE FRANCE 2018,Le Castellet,France,,,Permanent,,,0.2547309180443194,0.30269835686648916,0.4425707250891915,1,False,French Grand Prix,french_grand_prix,2018,2018-06-24,102.32042857142858,35,Opening,2.665999999999997,False,False,False,True
ERI,Sauber,13,0 days 00:01:40.212000,0 days 00:00:25.468000,0 days 00:00:30.292000,0 days 00:00:44.452000,SUPERSOFT,12,1,,,1,True,0 days 00:33:14.151000,100.212,25.468,30.292,44.452,1994.151,1970.61,25.1,48.5,966.2,False,44.5,114,3.7,False,True,False,FORMULA 1 PIRELLI GRAND PRIX DE FRANCE 2018,Le Castellet,France,,,Permanent,,,0.25414122061230193,0.3022791681634934,0.44357961122420464,1,False,French Grand Prix,french_grand_prix,2018,2018-06-24,104.29169696969697,33,Opening,3.7180000000000035,False,False,False,True
STR,Williams,13,0 days 00:01:40.498000,0 days 00:00:25.734000,0 days 00:00:30.330000,0 days 00:00:44.434000,Soft,12,2,,,1,True,0 days 00:33:15.810000,100.498,25.734,30.33,44.434,1995.81,1970.61,25.1,48.5,966.2,False,44.5,114,3.7,False,True,False,FORMULA 1 PIRELLI GRAND PRIX DE FRANCE 2018,Le Castellet,France,,,Permanent,,,0.2560647973093992,0.30179705068757584,0.44213815200302486,1,False,French Grand Prix,french_grand_prix,2018,2018-06-24,102.4190652173913,46,Closing,2.179000000000002,False,False,False,True
ALO,McLaren,13,0 days 00:01:39.909000,0 days 00:00:25.333000,0 days 00:00:30.047000,0 days 00:00:44.529000,Soft,12,2,,,1,True,0 days 00:33:16.427000,99.909,25.333,30.047,44.529,1996.427,1970.61,25.1,48.5,966.2,False,44.5,114,3.7,False,True,False,FORMULA 1 PIRELLI GRAND PRIX DE FRANCE 2018,Le Castellet,France,,,Permanent,,,0.253560740273649,0.3007436767458387,0.44569558298051226,1,False,French Grand Prix,french_grand_prix,2018,2018-06-24,102.5500909090909,44,Mid,4.7760000000000105,False,False,False,True
SIR,Williams,13,0 days 00:01:39.850000,0 days 00:00:25.357000,0 days 00:00:30.208000,0 days 00:00:44.285000,Soft,12,2,,,1,True,0 days 00:33:18.312000,99.85,25.357,30.208,44.285,1998.312,1970.61,25.1,48.5,966.2,False,44.5,114,3.7,False,True,False,FORMULA 1 PIRELLI GRAND PRIX DE FRANCE 2018,Le Castellet,France,,,Permanent,,,0.2539509263895844,0.30253380070105157,0.44351527290936404,1,False,French Grand Prix,french_grand_prix,2018,2018-06-24,102.90366,50,Closing,1.5499999999999972,False,False,False,True
HAM,Mercedes,14,0 days 00:01:36.985000,0 days 00:00:24.429000,0 days 00:00:29.521000,0 days 00:00:43.035000,SUPERSOFT,15,1,,,1,True,0 days 00:34:13.277000,96.985,24.429,29.521,43.035,2053.277,2030.625,25.0,48.7,966.2,False,44.1,112,3.4,False,True,False,FORMULA 1 PIRELLI GRAND PRIX DE FRANCE 2018,Le Castellet,France,,,Permanent,,,0.2518843120070114,0.3043872763829458,0.4437284116100428,1,False,French Grand Prix,french_grand_prix,2018,2018-06-24,102.2551935483871,31,Opening,2.475999999999999,False,False,False,True
VER,Red Bull Racing,14,0 days 00:01:37.413000,0 days 00:00:24.542000,0 days 00:00:29.522000,0 days 00:00:43.349000,SUPERSOFT,16,1,,,1,True,0 days 00:34:17.032000,97.413,24.542,29.522,43.349,2057.032,2030.625,25.0,48.7,966.2,False,44.1,112,3.4,False,True,False,FORMULA 1 PIRELLI GRAND PRIX DE FRANCE 2018,Le Castellet,France,,,Permanent,,,0.2519376263948344,0.3030601665075503,0.4450022070976153,1,False,French Grand Prix,french_grand_prix,2018,2018-06-24,104.67008695652173,23,Opening,3.137999999999991,False,False,False,True
RIC,Red Bull Racing,14,0 days 00:01:37.101000,0 days 00:00:24.436000,0 days 00:00:29.563000,0 days 00:00:43.102000,SUPERSOFT,18,1,,,1,True,0 days 00:34:21.203000,97.101,24.436,29.563,43.102,2061.203,2090.639,24.9,48.9,966.2,False,44.3,117,3.7,False,True,False,FORMULA 1 PIRELLI GRAND PRIX DE FRANCE 2018,Le Castellet,France,,,Permanent,,,0.2516554927343694,0.30445618479727293,0.4438883224683577,1,False,French Grand Prix,french_grand_prix,2018,2018-06-24,103.77253846153847,26,Opening,1.718999999999994,False,False,False,True
RAI,Ferrari,14,0 days 00:01:37.413000,0 days 00:00:24.571000,0 days 00:00:29.691000,0 days 00:00:43.151000,ULTRASOFT,16,1,,,1,True,0 days 00:34:24.840000,97.413,24.571,29.691,43.151,2064.84,2090.639,24.9,48.9,966.2,False,44.3,117,3.7,False,True,False,FORMULA 1 PIRELLI GRAND PRIX DE FRANCE 2018,Le Castellet,France,,,Permanent,,,0.2522353279336434,0.30479504788888545,0.4429696241774712,1,False,French Grand Prix,french_grand_prix,2018,2018-06-24,102.48946875,32,Opening,3.0150000000000006,False,False,False,True
SAI,Renault,14,0 days 00:01:38.856000,0 days 00:00:24.816000,0 days 00:00:30.138000,0 days 00:00:43.902000,ULTRASOFT,16,1,,,1,True,0 days 00:34:32.701000,98.856,24.816,30.138,43.902,2072.701,2090.639,24.9,48.9,966.2,False,44.3,117,3.7,False,True,False,FORMULA 1 PIRELLI GRAND PRIX DE FRANCE 2018,Le Castellet,France,,,Permanent,,,0.25103180383588247,0.3048676863316339,0.44410050983248367,1,False,French Grand Prix,french_grand_prix,2018,2018-06-24,105.94854166666666,24,Opening,3.2179999999999893,False,False,False,True
MAG,Haas F1 Team,14,0 days 00:01:38.835000,0 days 00:00:24.975000,0 days 00:00:30.056000,0 days 00:00:43.804000,ULTRASOFT,16,1,,,1,True,0 days 00:34:35,98.835,24.975,30.056,43.804,2075.0,2090.639,24.9,48.9,966.2,False,44.3,117,3.7,False,True,False,FORMULA 1 PIRELLI GRAND PRIX DE FRANCE 2018,Le Castellet,France,,,Permanent,,,0.25269388374563667,0.3041027975919462,0.4432033186624172,1,False,French Grand Prix,french_grand_prix,2018,2018-06-24,105.27073076923078,26,Opening,3.4099999999999966,False,False,False,True
LEC,Sauber,14,0 days 00:01:38.645000,0 days 00:00:24.779000,0 days 00:00:29.988000,0 days 00:00:43.878000,ULTRASOFT,16,1,,,1,True,0 days 00:34:36.544000,98.645,24.779,29.988,43.878,2076.544,2090.639,24.9,48.9,966.2,False,44.3,117,3.7,False,True,False,FORMULA 1 PIRELLI GRAND PRIX DE FRANCE 2018,Le Castellet,France,,,Permanent,,,0.25119367428658324,0.3039991890111004,0.4448071367023164,1,False,French Grand Prix,french_grand_prix,2018,2018-06-24,104.78541379310344,29,Opening,2.667999999999992,False,False,False,True
VET,Ferrari,14,0 days 00:01:37.644000,0 days 00:00:25.267000,0 days 00:00:29.332000,0 days 00:00:43.045000,Soft,13,2,,,1,True,0 days 00:34:39.663000,97.644,25.267,29.332,43.045,2079.663,2090.639,24.9,48.9,966.2,False,44.3,117,3.7,False,True,False,FORMULA 1 PIRELLI GRAND PRIX DE FRANCE 2018,Le Castellet,France,,,Permanent,,,0.2587665396747368,0.3003973618450698,0.44083609848019334,1,False,French Grand Prix,french_grand_prix,2018,2018-06-24,101.26828947368422,38,Mid,3.159000000000006,False,False,False,True
GRO,Haas F1 Team,14,0 days 00:01:40.148000,0 days 00:00:25.237000,0 days 00:00:30.651000,0 days 00:00:44.260000,ULTRASOFT,16,1,,,1,True,0 days 00:34:41.477000,100.148,25.237,30.651,44.26,2081.477,2090.639,24.9,48.9,966.2,False,44.3,117,3.7,False,True,False,FORMULA 1 PIRELLI GRAND PRIX DE FRANCE 2018,Le Castellet,France,,,Permanent,,,0.251997044374326,0.3060570355873308,0.44194592003834327,1,False,French Grand Prix,french_grand_prix,2018,2018-06-24,104.24109375,32,Opening,4.453000000000003,False,False,False,True
HUL,Renault,14,0 days 00:01:38.540000,0 days 00:00:25.198000,0 days 00:00:29.468000,0 days 00:00:43.874000,Soft,13,1,,,1,True,0 days 00:34:42.786000,98.54,25.198,29.468,43.874,2082.786,2090.639,24.9,48.9,966.2,False,44.3,117,3.7,False,True,False,FORMULA 1 PIRELLI GRAND PRIX DE FRANCE 2018,Le Castellet,France,,,Permanent,,,0.2557134158717272,0.29904607266084837,0.4452405114674244,1,False,French Grand Prix,french_grand_prix,2018,2018-06-24,103.22897142857143,35,Opening,2.6670000000000016,False,False,False,True
PER,Force India,14,0 days 00:01:40.586000,0 days 00:00:25.354000,0 days 00:00:30.641000,0 days 00:00:44.591000,Soft,13,1,,,1,True,0 days 00:34:44.123000,100.586,25.354,30.641,44.591,2084.123,2090.639,24.9,48.9,966.2,False,44.3,117,3.7,False,True,False,FORMULA 1 PIRELLI GRAND PRIX DE FRANCE 2018,Le Castellet,France,,,Permanent,,,0.2520629113395502,0.3046248980971507,0.44331219056329907,1,False,French Grand Prix,french_grand_prix,2018,2018-06-24,104.93812,25,Opening,2.266999999999996,False,False,False,True
BOT,Mercedes,14,0 days 00:01:39.345000,0 days 00:00:25.395000,0 days 00:00:29.933000,0 days 00:00:44.017000,Soft,13,2,,,1,True,0 days 00:34:44.503000,99.345,25.395,29.933,44.017,2084.503,2090.639,24.9,48.9,966.2,False,44.3,117,3.7,False,True,False,FORMULA 1 PIRELLI GRAND PRIX DE FRANCE 2018,Le Castellet,France,,,Permanent,,,0.2556243394232221,0.30130353817504657,0.4430721224017314,1,False,French Grand Prix,french_grand_prix,2018,2018-06-24,100.90908108108108,37,Mid,5.1200000000000045,False,False,False,True
VAN,McLaren,14,0 days 00:01:39.645000,0 days 00:00:25.270000,0 days 00:00:30.317000,0 days 00:00:44.058000,SUPERSOFT,13,1,,,1,True,0 days 00:34:48.534000,99.645,25.27,30.317,44.058,2088.534,2090.639,24.9,48.9,966.2,False,44.3,117,3.7,False,True,False,FORMULA 1 PIRELLI GRAND PRIX DE FRANCE 2018,Le Castellet,France,,,Permanent,,,0.2536002809975413,0.3042500878117317,0.4421496311907271,1,False,French Grand Prix,french_grand_prix,2018,2018-06-24,101.85713513513514,37,Opening,2.969999999999999,False,False,False,True
HAR,Toro Rosso,14,0 days 00:01:39.644000,0 days 00:00:25.147000,0 days 00:00:30.389000,0 days 00:00:44.108000,ULTRASOFT,13,1,,,1,True,0 days 00:34:50.942000,99.644,25.147,30.389,44.108,2090.942,2090.639,24.9,48.9,966.2,False,44.3,117,3.7,False,True,False,FORMULA 1 PIRELLI GRAND PRIX DE FRANCE 2018,Le Castellet,France,,,Permanent,,,0.2523684316165549,0.3049757135402031,0.4426558548432419,1,False,French Grand Prix,french_grand_prix,2018,2018-06-24,102.32042857142858,35,Opening,2.805000000000007,False,False,False,True
ERI,Sauber,14,0 days 00:01:39.936000,0 days 00:00:25.354000,0 days 00:00:30.287000,0 days 00:00:44.295000,SUPERSOFT,13,1,,,1,True,0 days 00:34:54.087000,99.936,25.354,30.287,44.295,2094.087,2090.639,24.9,48.9,966.2,False,44.3,117,3.7,False,True,False,FORMULA 1 PIRELLI GRAND PRIX DE FRANCE 2018,Le Castellet,France,,,Permanent,,,0.25370236951649056,0.3030639609349984,0.443233669548511,1,False,French Grand Prix,french_grand_prix,2018,2018-06-24,104.29169696969697,33,Opening,3.4420000000000073,False,False,False,True
STR,Williams,14,0 days 00:01:40.021000,0 days 00:00:25.621000,0 days 00:00:30.066000,0 days 00:00:44.334000,Soft,13,2,,,1,True,0 days 00:34:55.831000,100.021,25.621,30.066,44.334,2095.831,2090.639,24.9,48.9,966.2,False,44.3,117,3.7,False,True,False,FORMULA 1 PIRELLI GRAND PRIX DE FRANCE 2018,Le Castellet,France,,,Permanent,,,0.25615620719648874,0.3005968746563222,0.44324691814718914,1,False,French Grand Prix,french_grand_prix,2018,2018-06-24,102.4190652173913,46,Closing,1.7019999999999982,False,False,False,True
ALO,McLaren,14,0 days 00:01:40.042000,0 days 00:00:25.663000,0 days 00:00:30.039000,0 days 00:00:44.340000,Soft,13,2,,,1,True,0 days 00:34:56.469000,100.042,25.663,30.039,44.34,2096.469,2090.639,24.9,48.9,966.2,False,44.3,117,3.7,False,True,False,FORMULA 1 PIRELLI GRAND PRIX DE FRANCE 2018,Le Castellet,France,,,Permanent,,,0.2565222606505268,0.30026388916655006,0.4432138501829232,1,False,French Grand Prix,french_grand_prix,2018,2018-06-24,102.5500909090909,44,Mid,4.909000000000006,False,False,False,True
SIR,Williams,14,0 days 00:01:39.855000,0 days 00:00:25.181000,0 days 00:00:30.258000,0 days 00:00:44.416000,Soft,13,2,,,1,True,0 days 00:34:58.167000,99.855,25.181,30.258,44.416,2098.167,2090.639,24.9,48.9,966.2,False,44.3,117,3.7,False,True,False,FORMULA 1 PIRELLI GRAND PRIX DE FRANCE 2018,Le Castellet,France,,,Permanent,,,0.252175654699314,0.3030193780982424,0.4448049672024435,1,False,French Grand Prix,french_grand_prix,2018,2018-06-24,102.90366,50,Closing,1.5550000000000068,False,False,False,True
HAM,Mercedes,15,0 days 00:01:36.964000,0 days 00:00:24.451000,0 days 00:00:29.566000,0 days 00:00:42.947000,SUPERSOFT,16,1,,,1,True,0 days 00:35:50.241000,96.964,24.451,29.566,42.947,2150.241,2150.653,24.9,48.9,966.2,False,44.3,117,3.7,False,True,False,FORMULA 1 PIRELLI GRAND PRIX DE FRANCE 2018,Le Castellet,France,,,Permanent,,,0.25216575223794396,0.30491728889072234,0.4429169588713337,1,False,French Grand Prix,french_grand_prix,2018,2018-06-24,102.2551935483871,31,Opening,2.4549999999999983,False,False,False,True
VER,Red Bull Racing,15,0 days 00:01:37.151000,0 days 00:00:24.543000,0 days 00:00:29.502000,0 days 00:00:43.106000,SUPERSOFT,17,1,,,1,True,0 days 00:35:54.183000,97.151,24.543,29.502,43.106,2154.183,2150.653,24.9,48.9,966.2,False,44.3,117,3.7,False,True,False,FORMULA 1 PIRELLI GRAND PRIX DE FRANCE 2018,Le Castellet,France,,,Permanent,,,0.25262735329538555,0.30367160399790016,0.44370104270671434,1,False,French Grand Prix,french_grand_prix,2018,2018-06-24,104.67008695652173,23,Opening,2.8759999999999906,False,False,False,True
RIC,Red Bull Racing,15,0 days 00:01:37.055000,0 days 00:00:24.356000,0 days 00:00:29.650000,0 days 00:00:43.049000,SUPERSOFT,19,1,,,1,True,0 days 00:35:58.258000,97.055,24.356,29.65,43.049,2158.258,2150.653,24.9,48.9,966.2,False,44.3,117,3.7,False,True,False,FORMULA 1 PIRELLI GRAND PRIX DE FRANCE 2018,Le Castellet,France,,,Permanent,,,0.2509504919890784,0.3054968832105507,0.4435526248003709,1,False,French Grand Prix,french_grand_prix,2018,2018-06-24,103.77253846153847,26,Opening,1.6730000000000018,False,False,False,True
RAI,Ferrari,15,0 days 00:01:37.223000,0 days 00:00:24.410000,0 days 00:00:29.842000,0 days 00:00:42.971000,ULTRASOFT,17,1,,,1,True,0 days 00:36:02.063000,97.223,24.41,29.842,42.971,2162.063,2150.653,24.9,48.9,966.2,False,44.3,117,3.7,False,True,False,FORMULA 1 PIRELLI GRAND PRIX DE FRANCE 2018,Le Castellet,France,,,Permanent,,,0.2510722771360686,0.3069438301636444,0.44198389270028693,1,False,French Grand Prix,french_grand_prix,2018,2018-06-24,102.48946875,32,Opening,2.825000000000003,False,False,False,True
SAI,Renault,15,0 days 00:01:38.815000,0 days 00:00:24.723000,0 days 00:00:30.167000,0 days 00:00:43.925000,ULTRASOFT,17,1,,,1,True,0 days 00:36:11.516000,98.815,24.723,30.167,43.925,2171.516,2150.653,24.9,48.9,966.2,False,44.3,117,3.7,False,True,False,FORMULA 1 PIRELLI GRAND PRIX DE FRANCE 2018,Le Castellet,France,,,Permanent,,,0.25019480848049386,0.30528765875626174,0.4445175327632444,1,False,French Grand Prix,french_grand_prix,2018,2018-06-24,105.94854166666666,24,Opening,3.1769999999999925,False,False,False,True
MAG,Haas F1 Team,15,0 days 00:01:38.709000,0 days 00:00:24.931000,0 days 00:00:30.028000,0 days 00:00:43.750000,ULTRASOFT,17,1,,,1,True,0 days 00:36:13.709000,98.709,24.931,30.028,43.75,2173.709,2150.653,24.9,48.9,966.2,False,44.3,117,3.7,False,True,False,FORMULA 1 PIRELLI GRAND PRIX DE FRANCE 2018,Le Castellet,France,,,Permanent,,,0.2525706875766141,0.3042073164554397,0.44322199596794615,1,False,French Grand Prix,french_grand_prix,2018,2018-06-24,105.27073076923078,26,Opening,3.284000000000006,False,False,False,True
LEC,Sauber,15,0 days 00:01:38.724000,0 days 00:00:24.800000,0 days 00:00:30.112000,0 days 00:00:43.812000,ULTRASOFT,17,1,,,1,True,0 days 00:36:15.268000,98.724,24.8,30.112,43.812,2175.268,2150.653,24.9,48.9,966.2,False,44.3,117,3.7,False,True,False,FORMULA 1 PIRELLI GRAND PRIX DE FRANCE 2018,Le Castellet,France,,,Permanent,,,0.2512053806571857,0.30501195251407964,0.44378266682873463,1,False,French Grand Prix,french_grand_prix,2018,2018-06-24,104.78541379310344,29,Opening,2.747,False,False,False,True
VET,Ferrari,15,0 days 00:01:37.358000,0 days 00:00:24.518000,0 days 00:00:29.732000,0 days 00:00:43.108000,Soft,14,2,,,1,True,0 days 00:36:17.021000,97.358,24.518,29.732,43.108,2177.021,2150.653,24.9,48.9,966.2,False,44.3,117,3.7,False,True,False,FORMULA 1 PIRELLI GRAND PRIX DE FRANCE 2018,Le Castellet,France,,,Permanent,,,0.25183343947081904,0.30538836048398693,0.44277820004519397,1,False,French Grand Prix,french_grand_prix,2018,2018-06-24,101.26828947368422,38,Mid,2.8730000000000047,False,False,False,True
GRO,Haas F1 Team,15,0 days 00:01:39.298000,0 days 00:00:25.394000,0 days 00:00:30.139000,0 days 00:00:43.765000,ULTRASOFT,17,1,,,1,True,0 days 00:36:20.775000,99.298,25.394,30.139,43.765,2180.775,2210.669,24.9,49.0,966.1,False,44.7,103,2.8,False,True,False,FORMULA 1 PIRELLI GRAND PRIX DE FRANCE 2018,Le Castellet,France,,,Permanent,,,0.2557352615359826,0.3035207154222643,0.4407440230417531,1,False,French Grand Prix,french_grand_prix,2018,2018-06-24,104.24109375,32,Opening,3.6030000000000086,False,False,False,True
HUL,Renault,15,0 days 00:01:38.614000,0 days 00:00:24.870000,0 days 00:00:29.982000,0 days 00:00:43.762000,Soft,14,1,,,1,True,0 days 00:36:21.400000,98.614,24.87,29.982,43.762,2181.4,2210.669,24.9,49.0,966.1,False,44.7,103,2.8,False,True,False,FORMULA 1 PIRELLI GRAND PRIX DE FRANCE 2018,Le Castellet,France,,,Permanent,,,0.2521954286409638,0.30403390999249597,0.44377066136654025,1,False,French Grand Prix,french_grand_prix,2018,2018-06-24,103.22897142857143,35,Opening,2.7409999999999997,False,False,False,True
BOT,Mercedes,15,0 days 00:01:39.809000,0 days 00:00:25.930000,0 days 00:00:30.272000,0 days 00:00:43.607000,Soft,14,2,,,1,True,0 days 00:36:24.312000,99.809,25.93,30.272,43.607,2184.312,2210.669,24.9,49.0,966.1,False,44.7,103,2.8,False,True,False,FORMULA 1 PIRELLI GRAND PRIX DE FRANCE 2018,Le Castellet,France,,,Permanent,,,0.2597962107625565,0.3032993016661824,0.4369044875712611,1,False,French Grand Prix,french_grand_prix,2018,2018-06-24,100.90908108108108,37,Mid,5.584000000000003,False,False,False,True
PER,Force India,15,0 days 00:01:41.463000,0 days 00:00:26.897000,0 days 00:00:30.300000,0 days 00:00:44.266000,Soft,14,1,,,1,True,0 days 00:36:25.586000,101.463,26.897,30.3,44.266,2185.586,2210.669,24.9,49.0,966.1,False,44.7,103,2.8,False,True,False,FORMULA 1 PIRELLI GRAND PRIX DE FRANCE 2018,Le Castellet,France,,,Permanent,,,0.2650917083074618,0.2986310280594897,0.43627726363304853,1,False,French Grand Prix,french_grand_prix,2018,2018-06-24,104.93812,25,Opening,3.1439999999999912,False,False,False,True
VAN,McLaren,15,0 days 00:01:39.374000,0 days 00:00:25.260000,0 days 00:00:30.222000,0 days 00:00:43.892000,SUPERSOFT,14,1,,,1,True,0 days 00:36:27.908000,99.374,25.26,30.222,43.892,2187.908,2210.669,24.9,49.0,966.1,False,44.7,103,2.8,False,True,False,FORMULA 1 PIRELLI GRAND PRIX DE FRANCE 2018,Le Castellet,France,,,Permanent,,,0.25419123714452474,0.3041238150824159,0.4416849477730594,1,False,French Grand Prix,french_grand_prix,2018,2018-06-24,101.85713513513514,37,Opening,2.698999999999998,False,False,False,True
HAR,Toro Rosso,15,0 days 00:01:39.623000,0 days 00:00:25.116000,0 days 00:00:30.392000,0 days 00:00:44.115000,ULTRASOFT,14,1,,,1,True,0 days 00:36:30.565000,99.623,25.116,30.392,44.115,2190.565,2210.669,24.9,49.0,966.1,False,44.7,103,2.8,False,True,False,FORMULA 1 PIRELLI GRAND PRIX DE FRANCE 2018,Le Castellet,France,,,Permanent,,,0.25211045642070606,0.30507011433102793,0.44281942924826595,1,False,French Grand Prix,french_grand_prix,2018,2018-06-24,102.32042857142858,35,Opening,2.784000000000006,False,False,False,True
ERI,Sauber,15,0 days 00:01:39.503000,0 days 00:00:25.072000,0 days 00:00:30.335000,0 days 00:00:44.096000,SUPERSOFT,14,1,,,1,True,0 days 00:36:33.590000,99.503,25.072,30.335,44.096,2193.59,2210.669,24.9,49.0,966.1,False,44.7,103,2.8,False,True,False,FORMULA 1 PIRELLI GRAND PRIX DE FRANCE 2018,Le Castellet,France,,,Permanent,,,0.25197230234264295,0.3048651799443233,0.4431625177130337,1,False,French Grand Prix,french_grand_prix,2018,2018-06-24,104.29169696969697,33,Opening,3.0090000000000003,False,False,False,True
STR,Williams,15,0 days 00:01:39.884000,0 days 00:00:25.328000,0 days 00:00:30.240000,0 days 00:00:44.316000,Soft,14,2,,,1,True,0 days 00:36:35.715000,99.884,25.328,30.24,44.316,2195.715,2210.669,24.9,49.0,966.1,False,44.7,103,2.8,False,True,False,FORMULA 1 PIRELLI GRAND PRIX DE FRANCE 2018,Le Castellet,France,,,Permanent,,,0.25357414600937084,0.3027511913820031,0.44367466260862604,1,False,French Grand Prix,french_grand_prix,2018,2018-06-24,102.4190652173913,46,Closing,1.5649999999999977,False,False,False,True
ALO,McLaren,15,0 days 00:01:39.822000,0 days 00:00:25.386000,0 days 00:00:30.310000,0 days 00:00:44.126000,Soft,14,2,,,1,True,0 days 00:36:36.291000,99.822,25.386,30.31,44.126,2196.291,2210.669,24.9,49.0,966.1,False,44.7,103,2.8,False,True,False,FORMULA 1 PIRELLI GRAND PRIX DE FRANCE 2018,Le Castellet,France,,,Permanent,,,0.2543126765642844,0.303640480054497,0.4420468433812185,1,False,French Grand Prix,french_grand_prix,2018,2018-06-24,102.5500909090909,44,Mid,4.689000000000007,False,False,False,True
SIR,Williams,15,0 days 00:01:39.975000,0 days 00:00:25.189000,0 days 00:00:30.202000,0 days 00:00:44.584000,Soft,14,2,,,1,True,0 days 00:36:38.142000,99.975,25.189,30.202,44.584,2198.142,2210.669,24.9,49.0,966.1,False,44.7,103,2.8,False,True,False,FORMULA 1 PIRELLI GRAND PRIX DE FRANCE 2018,Le Castellet,France,,,Permanent,,,0.2519529882470618,0.3020955238809703,0.44595148787196803,1,False,French Grand Prix,french_grand_prix,2018,2018-06-24,102.90366,50,Closing,1.6749999999999972,False,False,False,True
HAM,Mercedes,16,0 days 00:01:37.029000,0 days 00:00:24.536000,0 days 00:00:29.735000,0 days 00:00:42.758000,SUPERSOFT,17,1,,,1,True,0 days 00:37:27.270000,97.029,24.536,29.735,42.758,2247.27,2270.685,24.9,48.7,966.1,False,44.7,126,2.1,False,True,False,FORMULA 1 PIRELLI GRAND PRIX DE FRANCE 2018,Le Castellet,France,,,Permanent,,,0.2528728524461759,0.306454771253955,0.44067237629986916,1,False,French Grand Prix,french_grand_prix,2018,2018-06-24,102.2551935483871,31,Opening,2.519999999999996,False,False,False,True
VER,Red Bull Racing,16,0 days 00:01:37.134000,0 days 00:00:24.487000,0 days 00:00:29.623000,0 days 00:00:43.024000,SUPERSOFT,18,1,,,1,True,0 days 00:37:31.317000,97.134,24.487,29.623,43.024,2251.317,2270.685,24.9,48.7,966.1,False,44.7,126,2.1,False,True,False,FORMULA 1 PIRELLI GRAND PRIX DE FRANCE 2018,Le Castellet,France,,,Permanent,,,0.25209504395989046,0.30497045318837895,0.4429345028517306,1,False,French Grand Prix,french_grand_prix,2018,2018-06-24,104.67008695652173,23,Opening,2.8589999999999947,False,False,False,True
RIC,Red Bull Racing,16,0 days 00:01:37.071000,0 days 00:00:24.445000,0 days 00:00:29.745000,0 days 00:00:42.881000,SUPERSOFT,20,1,,,1,True,0 days 00:37:35.329000,97.071,24.445,29.745,42.881,2255.329,2270.685,24.9,48.7,966.1,False,44.7,126,2.1,False,True,False,FORMULA 1 PIRELLI GRAND PRIX DE FRANCE 2018,Le Castellet,France,,,Permanent,,,0.2518259830433394,0.30642519393021606,0.4417488230264446,1,False,French Grand Prix,french_grand_prix,2018,2018-06-24,103.77253846153847,26,Opening,1.688999999999993,False,False,False,True
RAI,Ferrari,16,0 days 00:01:36.769000,0 days 00:00:24.549000,0 days 00:00:29.662000,0 days 00:00:42.558000,ULTRASOFT,18,1,,,1,True,0 days 00:37:38.832000,96.769,24.549,29.662,42.558,2258.832,2270.685,24.9,48.7,966.1,False,44.7,126,2.1,False,True,False,FORMULA 1 PIRELLI GRAND PRIX DE FRANCE 2018,Le Castellet,France,,,Permanent,,,0.2536866145149789,0.30652378344304476,0.4397896020419762,1,False,French Grand Prix,french_grand_prix,2018,2018-06-24,102.48946875,32,Opening,2.3710000000000093,False,False,False,True
SAI,Renault,16,0 days 00:01:38.833000,0 days 00:00:24.830000,0 days 00:00:30.234000,0 days 00:00:43.769000,ULTRASOFT,18,1,,,1,True,0 days 00:37:50.349000,98.833,24.83,30.234,43.769,2270.349,2270.685,24.9,48.7,966.1,False,44.7,126,2.1,False,True,False,FORMULA 1 PIRELLI GRAND PRIX DE FRANCE 2018,Le Castellet,France,,,Permanent,,,0.25123187599283636,0.30590996934222375,0.44285815466493983,1,False,French Grand Prix,french_grand_prix,2018,2018-06-24,105.94854166666666,24,Opening,3.194999999999993,False,False,False,True
MAG,Haas F1 Team,16,0 days 00:01:38.914000,0 days 00:00:25.142000,0 days 00:00:30.183000,0 days 00:00:43.589000,ULTRASOFT,18,1,,,1,True,0 days 00:37:52.623000,98.914,25.142,30.183,43.589,2272.623,2270.685,24.9,48.7,966.1,False,44.7,126,2.1,False,True,False,FORMULA 1 PIRELLI GRAND PRIX DE FRANCE 2018,Le Castellet,France,,,Permanent,,,0.2541803991346018,0.3051438623450674,0.44067573852033076,1,False,French Grand Prix,french_grand_prix,2018,2018-06-24,105.27073076923078,26,Opening,3.4890000000000043,False,False,False,True
LEC,Sauber,16,0 days 00:01:38.751000,0 days 00:00:24.868000,0 days 00:00:29.886000,0 days 00:00:43.997000,ULTRASOFT,18,1,,,1,True,0 days 00:37:54.019000,98.751,24.868,29.886,43.997,2274.019,2270.685,24.9,48.7,966.1,False,44.7,126,2.1,False,True,False,FORMULA 1 PIRELLI GRAND PRIX DE FRANCE 2018,Le Castellet,France,,,Permanent,,,0.2518252979716661,0.3026399732660935,0.4455347287622404,1,False,French Grand Prix,french_grand_prix,2018,2018-06-24,104.78541379310344,29,Opening,2.774000000000001,False,False,False,True
VET,Ferrari,16,0 days 00:01:37.562000,0 days 00:00:24.653000,0 days 00:00:29.845000,0 days 00:00:43.064000,Soft,15,2,,,1,True,0 days 00:37:54.583000,97.562,24.653,29.845,43.064,2274.583,2270.685,24.9,48.7,966.1,False,44.7,126,2.1,False,True,False,FORMULA 1 PIRELLI GRAND PRIX DE FRANCE 2018,Le Castellet,France,,,Permanent,,,0.2526905967487341,0.30590803796560134,0.44140136528566454,1,False,French Grand Prix,french_grand_prix,2018,2018-06-24,101.26828947368422,38,Mid,3.076999999999998,False,False,False,True
HUL,Renault,16,0 days 00:01:38.203000,0 days 00:00:25.041000,0 days 00:00:29.550000,0 days 00:00:43.612000,Soft,15,1,,,1,True,0 days 00:37:59.603000,98.203,25.041,29.55,43.612,2279.603,2270.685,24.9,48.7,966.1,False,44.7,126,2.1,False,True,False,FORMULA 1 PIRELLI GRAND PRIX DE FRANCE 2018,Le Castellet,France,,,Permanent,,,0.25499221001395067,0.3009073042575074,0.4441004857285419,1,False,French Grand Prix,french_grand_prix,2018,2018-06-24,103.22897142857143,35,Opening,2.3299999999999983,False,False,False,True
GRO,Haas F1 Team,16,0 days 00:01:40.222000,0 days 00:00:25.133000,0 days 00:00:30.799000,0 days 00:00:44.290000,ULTRASOFT,18,1,,,1,True,0 days 00:38:00.997000,100.222,25.133,30.799,44.29,2280.997,2270.685,24.9,48.7,966.1,False,44.7,126,2.1,False,True,False,FORMULA 1 PIRELLI GRAND PRIX DE FRANCE 2018,Le Castellet,France,,,Permanent,,,0.2507732833110495,0.30730777673564685,0.44191893995330367,1,False,French Grand Prix,french_grand_prix,2018,2018-06-24,104.24109375,32,Opening,4.527000000000001,False,False,False,True
BOT,Mercedes,16,0 days 00:01:38.113000,0 days 00:00:24.851000,0 days 00:00:29.824000,0 days 00:00:43.438000,Soft,15,2,,,1,True,0 days 00:38:02.425000,98.113,24.851,29.824,43.438,2282.425,2270.685,24.9,48.7,966.1,False,44.7,126,2.1,False,True,False,FORMULA 1 PIRELLI GRAND PRIX DE FRANCE 2018,Le Castellet,France,,,Permanent,,,0.2532895742664071,0.303976027641597,0.442734398091996,1,False,French Grand Prix,french_grand_prix,2018,2018-06-24,100.90908108108108,37,Mid,3.8880000000000052,False,False,False,True
PER,Force India,16,0 days 00:01:39.039000,0 days 00:00:25.109000,0 days 00:00:30.109000,0 days 00:00:43.821000,Soft,15,1,,,1,True,0 days 00:38:04.625000,99.039,25.109,30.109,43.821,2284.625,2270.685,24.9,48.7,966.1,False,44.7,126,2.1,False,True,False,FORMULA 1 PIRELLI GRAND PRIX DE FRANCE 2018,Le Castellet,France,,,Permanent,,,0.25352638859439214,0.3040115510051596,0.4424620604004483,1,False,French Grand Prix,french_grand_prix,2018,2018-06-24,104.93812,25,Opening,0.7199999999999989,False,False,False,True
VAN,McLaren,16,0 days 00:01:39.232000,0 days 00:00:25.119000,0 days 00:00:30.217000,0 days 00:00:43.896000,SUPERSOFT,15,1,,,1,True,0 days 00:38:07.140000,99.232,25.119,30.217,43.896,2287.14,2270.685,24.9,48.7,966.1,False,44.7,126,2.1,False,True,False,FORMULA 1 PIRELLI GRAND PRIX DE FRANCE 2018,Le Castellet,France,,,Permanent,,,0.25313406965495,0.3045086262495969,0.4423573040954531,1,False,French Grand Prix,french_grand_prix,2018,2018-06-24,101.85713513513514,37,Opening,2.557000000000002,False,False,False,True
HAR,Toro Rosso,16,0 days 00:01:39.650000,0 days 00:00:25.284000,0 days 00:00:30.357000,0 days 00:00:44.009000,ULTRASOFT,15,1,,,1,True,0 days 00:38:10.215000,99.65,25.284,30.357,44.009,2290.215,2270.685,24.9,48.7,966.1,False,44.7,126,2.1,False,True,False,FORMULA 1 PIRELLI GRAND PRIX DE FRANCE 2018,Le Castellet,France,,,Permanent,,,0.25372804816859,0.3046362267937782,0.4416357250376317,1,False,French Grand Prix,french_grand_prix,2018,2018-06-24,102.32042857142858,35,Opening,2.811000000000007,False,False,False,True
ERI,Sauber,16,0 days 00:01:39.349000,0 days 00:00:24.922000,0 days 00:00:30.315000,0 days 00:00:44.112000,SUPERSOFT,15,1,,,1,True,0 days 00:38:12.939000,99.349,24.922,30.315,44.112,2292.939,2270.685,24.9,48.7,966.1,False,44.7,126,2.1,False,True,False,FORMULA 1 PIRELLI GRAND PRIX DE FRANCE 2018,Le Castellet,France,,,Permanent,,,0.2508530533774874,0.3051364382127651,0.4440105084097475,1,False,French Grand Prix,french_grand_prix,2018,2018-06-24,104.29169696969697,33,Opening,2.855000000000004,False,False,False,True
STR,Williams,16,0 days 00:01:39.566000,0 days 00:00:25.248000,0 days 00:00:30.305000,0 days 00:00:44.013000,Soft,15,2,,,1,True,0 days 00:38:15.281000,99.566,25.248,30.305,44.013,2295.281,2270.685,24.9,48.7,966.1,False,44.7,126,2.1,False,True,False,FORMULA 1 PIRELLI GRAND PRIX DE FRANCE 2018,Le Castellet,France,,,Permanent,,,0.2535805395416106,0.3043709700098427,0.44204849044854666,1,False,French Grand Prix,french_grand_prix,2018,2018-06-24,102.4190652173913,46,Closing,1.2469999999999999,False,False,False,True
ALO,McLaren,16,0 days 00:01:39.689000,0 days 00:00:25.317000,0 days 00:00:30.147000,0 days 00:00:44.225000,Soft,15,2,,,1,True,0 days 00:38:15.980000,99.689,25.317,30.147,44.225,2295.98,2270.685,24.9,48.7,966.1,False,44.7,126,2.1,False,True,False,FORMULA 1 PIRELLI GRAND PRIX DE FRANCE 2018,Le Castellet,France,,,Permanent,,,0.2539598150247269,0.3024104966445646,0.44362968833070854,1,False,French Grand Prix,french_grand_prix,2018,2018-06-24,102.5500909090909,44,Mid,4.555999999999997,False,False,False,True
SIR,Williams,16,0 days 00:01:39.684000,0 days 00:00:25.119000,0 days 00:00:30.337000,0 days 00:00:44.228000,Soft,15,2,,,1,True,0 days 00:38:17.826000,99.684,25.119,30.337,44.228,2297.826,2270.685,24.9,48.7,966.1,False,44.7,126,2.1,False,True,False,FORMULA 1 PIRELLI GRAND PRIX DE FRANCE 2018,Le Castellet,France,,,Permanent,,,0.25198627663416395,0.30433168813450506,0.44368203523133104,1,False,French Grand Prix,french_grand_prix,2018,2018-06-24,102.90366,50,Closing,1.3840000000000003,False,False,False,True
HAM,Mercedes,17,0 days 00:01:36.637000,0 days 00:00:24.406000,0 days 00:00:29.560000,0 days 00:00:42.671000,SUPERSOFT,18,1,,,1,True,0 days 00:39:03.907000,96.637,24.406,29.56,42.671,2343.907,2330.7,24.9,48.3,966.2,False,44.7,171,2.4,False,True,False,FORMULA 1 PIRELLI GRAND PRIX DE FRANCE 2018,Le Castellet,France,,,Permanent,,,0.2525533698272918,0.3058869791073812,0.44155965106532696,1,False,French Grand Prix,french_grand_prix,2018,2018-06-24,102.2551935483871,31,Opening,2.128,False,False,False,True
VER,Red Bull Racing,17,0 days 00:01:36.959000,0 days 00:00:24.342000,0 days 00:00:29.510000,0 days 00:00:43.107000,SUPERSOFT,19,1,,,1,True,0 days 00:39:08.276000,96.959,24.342,29.51,43.107,2348.276,2330.7,24.9,48.3,966.2,False,44.7,171,2.4,False,True,False,FORMULA 1 PIRELLI GRAND PRIX DE FRANCE 2018,Le Castellet,France,,,Permanent,,,0.25105456945719323,0.304355449210491,0.4445899813323157,1,False,French Grand Prix,french_grand_prix,2018,2018-06-24,104.67008695652173,23,Opening,2.6839999999999975,False,False,False,True
RIC,Red Bull Racing,17,0 days 00:01:36.925000,0 days 00:00:24.383000,0 days 00:00:29.705000,0 days 00:00:42.837000,SUPERSOFT,21,1,,,1,True,0 days 00:39:12.254000,96.925,24.383,29.705,42.837,2352.254,2330.7,24.9,48.3,966.2,False,44.7,171,2.4,False,True,False,FORMULA 1 PIRELLI GRAND PRIX DE FRANCE 2018,Le Castellet,France,,,Permanent,,,0.25156564353881866,0.30647407789527986,0.44196027856590153,1,False,French Grand Prix,french_grand_prix,2018,2018-06-24,103.77253846153847,26,Opening,1.5429999999999922,False,False,False,True
RAI,Ferrari,17,0 days 00:01:36.646000,0 days 00:00:24.409000,0 days 00:00:29.575000,0 days 00:00:42.662000,ULTRASOFT,19,1,,,1,True,0 days 00:39:15.478000,96.646,24.409,29.575,42.662,2355.478,2330.7,24.9,48.3,966.2,False,44.7,171,2.4,False,True,False,FORMULA 1 PIRELLI GRAND PRIX DE FRANCE 2018,Le Castellet,France,,,Permanent,,,0.25256089232870477,0.3060136994805786,0.44142540819071663,1,False,French Grand Prix,french_grand_prix,2018,2018-06-24,102.48946875,32,Opening,2.2480000000000047,False,False,False,True
SAI,Renault,17,0 days 00:01:38.625000,0 days 00:00:24.758000,0 days 00:00:30.121000,0 days 00:00:43.746000,ULTRASOFT,19,1,,,1,True,0 days 00:39:28.974000,98.625,24.758,30.121,43.746,2368.974,2390.716,25.0,48.6,966.2,False,42.5,120,2.5,False,True,False,FORMULA 1 PIRELLI GRAND PRIX DE FRANCE 2018,Le Castellet,France,,,Permanent,,,0.2510316856780735,0.30540937896070974,0.44355893536121677,1,False,French Grand Prix,french_grand_prix,2018,2018-06-24,105.94854166666666,24,Opening,2.9869999999999948,False,False,False,True
MAG,Haas F1 Team,17,0 days 00:01:38.611000,0 days 00:00:24.980000,0 days 00:00:30.060000,0 days 00:00:43.571000,ULTRASOFT,19,1,,,1,True,0 days 00:39:31.234000,98.611,24.98,30.06,43.571,2371.234,2390.716,25.0,48.6,966.2,False,42.5,120,2.5,False,True,False,FORMULA 1 PIRELLI GRAND PRIX DE FRANCE 2018,Le Castellet,France,,,Permanent,,,0.25331859528855805,0.3048341462919958,0.44184725841944605,1,False,French Grand Prix,french_grand_prix,2018,2018-06-24,105.27073076923078,26,Opening,3.186000000000007,False,False,False,True
VET,Ferrari,17,0 days 00:01:37.317000,0 days 00:00:24.998000,0 days 00:00:29.176000,0 days 00:00:43.143000,Soft,16,2,,,1,True,0 days 00:39:31.900000,97.317,24.998,29.176,43.143,2371.9,2390.716,25.0,48.6,966.2,False,42.5,120,2.5,False,True,False,FORMULA 1 PIRELLI GRAND PRIX DE FRANCE 2018,Le Castellet,France,,,Permanent,,,0.2568718723347411,0.29980373418827133,0.4433243934769876,1,False,French Grand Prix,french_grand_prix,2018,2018-06-24,101.26828947368422,38,Mid,2.8319999999999936,False,False,False,True
LEC,Sauber,17,0 days 00:01:39.339000,0 days 00:00:24.728000,0 days 00:00:30.502000,0 days 00:00:44.109000,ULTRASOFT,19,1,,,1,True,0 days 00:39:33.358000,99.339,24.728,30.502,44.109,2373.358,2390.716,25.0,48.6,966.2,False,42.5,120,2.5,False,True,False,FORMULA 1 PIRELLI GRAND PRIX DE FRANCE 2018,Le Castellet,France,,,Permanent,,,0.24892539687333276,0.30704959784173386,0.44402500528493344,1,False,French Grand Prix,french_grand_prix,2018,2018-06-24,104.78541379310344,29,Opening,3.3619999999999948,False,False,False,True
HUL,Renault,17,0 days 00:01:38.072000,0 days 00:00:24.601000,0 days 00:00:29.943000,0 days 00:00:43.528000,Soft,16,1,,,1,True,0 days 00:39:37.675000,98.072,24.601,29.943,43.528,2377.675,2390.716,25.0,48.6,966.2,False,42.5,120,2.5,False,True,False,FORMULA 1 PIRELLI GRAND PRIX DE FRANCE 2018,Le Castellet,France,,,Permanent,,,0.250846316991598,0.30531650216167716,0.44383718084672485,1,False,French Grand Prix,french_grand_prix,2018,2018-06-24,103.22897142857143,35,Opening,2.198999999999998,False,False,False,True
GRO,Haas F1 Team,17,0 days 00:01:38.930000,0 days 00:00:25.058000,0 days 00:00:30.057000,0 days 00:00:43.815000,ULTRASOFT,19,1,,,1,True,0 days 00:39:39.927000,98.93,25.058,30.057,43.815,2379.927,2390.716,25.0,48.6,966.2,False,42.5,120,2.5,False,True,False,FORMULA 1 PIRELLI GRAND PRIX DE FRANCE 2018,Le Castellet,France,,,Permanent,,,0.2532902051955928,0.3038208834529465,0.4428889113514606,1,False,French Grand Prix,french_grand_prix,2018,2018-06-24,104.24109375,32,Opening,3.2350000000000136,False,False,False,True
BOT,Mercedes,17,0 days 00:01:38.665000,0 days 00:00:25.056000,0 days 00:00:29.678000,0 days 00:00:43.931000,Soft,16,2,,,1,True,0 days 00:39:41.090000,98.665,25.056,29.678,43.931,2381.09,2390.716,25.0,48.6,966.2,False,42.5,120,2.5,False,True,False,FORMULA 1 PIRELLI GRAND PRIX DE FRANCE 2018,Le Castellet,France,,,Permanent,,,0.2539502356458724,0.30079562154766126,0.44525414280646625,1,False,French Grand Prix,french_grand_prix,2018,2018-06-24,100.90908108108108,37,Mid,4.440000000000012,False,False,False,True
PER,Force India,17,0 days 00:01:38.848000,0 days 00:00:24.994000,0 days 00:00:29.970000,0 days 00:00:43.884000,Soft,16,1,,,1,True,0 days 00:39:43.473000,98.848,24.994,29.97,43.884,2383.473,2390.716,25.0,48.6,966.2,False,42.5,120,2.5,False,True,False,FORMULA 1 PIRELLI GRAND PRIX DE FRANCE 2018,Le Castellet,France,,,Permanent,,,0.25285286500485593,0.3031927808352217,0.4439543541599223,1,False,French Grand Prix,french_grand_prix,2018,2018-06-24,104.93812,25,Opening,0.5289999999999964,False,False,False,True
VAN,McLaren,17,0 days 00:01:39.279000,0 days 00:00:25.111000,0 days 00:00:30.190000,0 days 00:00:43.978000,SUPERSOFT,16,1,,,1,True,0 days 00:39:46.419000,99.279,25.111,30.19,43.978,2386.419,2390.716,25.0,48.6,966.2,False,42.5,120,2.5,False,True,False,FORMULA 1 PIRELLI GRAND PRIX DE FRANCE 2018,Le Castellet,France,,,Permanent,,,0.2529336516282396,0.3040925069752919,0.44297384139646856,1,False,French Grand Prix,french_grand_prix,2018,2018-06-24,101.85713513513514,37,Opening,2.603999999999999,False,False,False,True
HAR,Toro Rosso,17,0 days 00:01:39.306000,0 days 00:00:24.987000,0 days 00:00:30.338000,0 days 00:00:43.981000,ULTRASOFT,16,1,,,1,True,0 days 00:39:49.521000,99.306,24.987,30.338,43.981,2389.521,2390.716,25.0,48.6,966.2,False,42.5,120,2.5,False,True,False,FORMULA 1 PIRELLI GRAND PRIX DE FRANCE 2018,Le Castellet,France,,,Permanent,,,0.2516162165428071,0.30550017118804507,0.4428836122691479,1,False,French Grand Prix,french_grand_prix,2018,2018-06-24,102.32042857142858,35,Opening,2.4669999999999987,False,False,False,True
ERI,Sauber,17,0 days 00:01:39.565000,0 days 00:00:25.087000,0 days 00:00:30.271000,0 days 00:00:44.207000,SUPERSOFT,16,1,,,1,True,0 days 00:39:52.504000,99.565,25.087,30.271,44.207,2392.504,2390.716,25.0,48.6,966.2,False,42.5,120,2.5,False,True,False,FORMULA 1 PIRELLI GRAND PRIX DE FRANCE 2018,Le Castellet,France,,,Permanent,,,0.25196605232762515,0.3040325415557676,0.44400140611660727,1,False,French Grand Prix,french_grand_prix,2018,2018-06-24,104.29169696969697,33,Opening,3.070999999999998,False,False,False,True
STR,Williams,17,0 days 00:01:39.452000,0 days 00:00:25.262000,0 days 00:00:30.229000,0 days 00:00:43.961000,Soft,16,2,,,1,True,0 days 00:39:54.733000,99.452,25.262,30.229,43.961,2394.733,2390.716,25.0,48.6,966.2,False,42.5,120,2.5,False,True,False,FORMULA 1 PIRELLI GRAND PRIX DE FRANCE 2018,Le Castellet,France,,,Permanent,,,0.2540119856815348,0.3039556771105659,0.4420323372078993,1,False,French Grand Prix,french_grand_prix,2018,2018-06-24,102.4190652173913,46,Closing,1.1329999999999956,False,False,False,True
ALO,McLaren,17,0 days 00:01:39.547000,0 days 00:00:25.359000,0 days 00:00:30.060000,0 days 00:00:44.128000,Soft,16,2,,,1,True,0 days 00:39:55.527000,99.547,25.359,30.06,44.128,2395.527,2390.716,25.0,48.6,966.2,False,42.5,120,2.5,False,True,False,FORMULA 1 PIRELLI GRAND PRIX DE FRANCE 2018,Le Castellet,France,,,Permanent,,,0.25474399027595007,0.3019679146533798,0.44328809507067013,1,False,French Grand Prix,french_grand_prix,2018,2018-06-24,102.5500909090909,44,Mid,4.4140000000000015,False,False,False,True
SIR,Williams,17,0 days 00:01:39.481000,0 days 00:00:25.127000,0 days 00:00:30.142000,0 days 00:00:44.212000,Soft,16,2,,,1,True,0 days 00:39:57.307000,99.481,25.127,30.142,44.212,2397.307,2390.716,25.0,48.6,966.2,False,42.5,120,2.5,False,True,False,FORMULA 1 PIRELLI GRAND PRIX DE FRANCE 2018,Le Castellet,France,,,Permanent,,,0.2525808948442416,0.30299253123712067,0.44442657391863777,1,False,French Grand Prix,french_grand_prix,2018,2018-06-24,102.90366,50,Closing,1.1809999999999974,False,False,False,True
HAM,Mercedes,18,0 days 00:01:36.478000,0 days 00:00:24.262000,0 days 00:00:29.520000,0 days 00:00:42.696000,SUPERSOFT,19,1,,,1,True,0 days 00:40:40.385000,96.478,24.262,29.52,42.696,2440.385,2450.73,24.6,49.5,966.1,False,42.5,148,1.8,False,True,False,FORMULA 1 PIRELLI GRAND PRIX DE FRANCE 2018,Le Castellet,France,,,Permanent,,,0.2514770206679243,0.30597649205000105,0.4425464872820747,1,False,French Grand Prix,french_grand_prix,2018,2018-06-24,102.2551935483871,31,Opening,1.968999999999994,False,False,False,True
VER,Red Bull Racing,18,0 days 00:01:36.749000,0 days 00:00:24.245000,0 days 00:00:29.554000,0 days 00:00:42.950000,SUPERSOFT,20,1,,,1,True,0 days 00:40:45.025000,96.749,24.245,29.554,42.95,2445.025,2450.73,24.6,49.5,966.1,False,42.5,148,1.8,False,True,False,FORMULA 1 PIRELLI GRAND PRIX DE FRANCE 2018,Le Castellet,France,,,Permanent,,,0.250596905394371,0.3054708575799233,0.4439322370257057,1,False,French Grand Prix,french_grand_prix,2018,2018-06-24,104.67008695652173,23,Opening,2.4739999999999895,False,False,False,True
RIC,Red Bull Racing,18,0 days 00:01:36.814000,0 days 00:00:24.420000,0 days 00:00:29.671000,0 days 00:00:42.723000,SUPERSOFT,22,1,,,1,True,0 days 00:40:49.068000,96.814,24.42,29.671,42.723,2449.068,2450.73,24.6,49.5,966.1,False,42.5,148,1.8,False,True,False,FORMULA 1 PIRELLI GRAND PRIX DE FRANCE 2018,Le Castellet,France,,,Permanent,,,0.2522362468238065,0.30647427025017043,0.4412894829260231,1,False,French Grand Prix,french_grand_prix,2018,2018-06-24,103.77253846153847,26,Opening,1.431999999999988,False,False,False,True
RAI,Ferrari,18,0 days 00:01:37.258000,0 days 00:00:24.414000,0 days 00:00:30.046000,0 days 00:00:42.798000,ULTRASOFT,20,1,,,1,True,0 days 00:40:52.736000,97.258,24.414,30.046,42.798,2452.736,2450.73,24.6,49.5,966.1,False,42.5,148,1.8,False,True,False,FORMULA 1 PIRELLI GRAND PRIX DE FRANCE 2018,Le Castellet,France,,,Permanent,,,0.25102305208826015,0.3089308848629419,0.44004606304879806,1,False,French Grand Prix,french_grand_prix,2018,2018-06-24,102.48946875,32,Opening,2.8599999999999994,False,False,False,True
SAI,Renault,18,0 days 00:01:38.753000,0 days 00:00:24.808000,0 days 00:00:30.113000,0 days 00:00:43.832000,ULTRASOFT,20,1,,,1,True,0 days 00:41:07.727000,98.753,24.808,30.113,43.832,2467.727,2450.73,24.6,49.5,966.1,False,42.5,148,1.8,False,True,False,FORMULA 1 PIRELLI GRAND PRIX DE FRANCE 2018,Le Castellet,France,,,Permanent,,,0.2512126213887173,0.30493250837949226,0.44385487023179043,1,False,French Grand Prix,french_grand_prix,2018,2018-06-24,105.94854166666666,24,Opening,3.114999999999995,False,False,False,True
VET,Ferrari,18,0 days 00:01:37.316000,0 days 00:00:24.997000,0 days 00:00:29.413000,0 days 00:00:42.906000,Soft,17,2,,,1,True,0 days 00:41:09.216000,97.316,24.997,29.413,42.906,2469.216,2450.73,24.6,49.5,966.1,False,42.5,148,1.8,False,True,False,FORMULA 1 PIRELLI GRAND PRIX DE FRANCE 2018,Le Castellet,France,,,Permanent,,,0.25686423609683917,0.3022421801142669,0.4408935837888939,1,False,French Grand Prix,french_grand_prix,2018,2018-06-24,101.26828947368422,38,Mid,2.831000000000003,False,False,False,True
MAG,Haas F1 Team,18,0 days 00:01:39.623000,0 days 00:00:25.072000,0 days 00:00:30.713000,0 days 00:00:43.838000,ULTRASOFT,20,1,,,1,True,0 days 00:41:10.857000,99.623,25.072,30.713,43.838,2470.857,2450.73,24.6,49.5,966.1,False,42.5,148,1.8,False,True,False,FORMULA 1 PIRELLI GRAND PRIX DE FRANCE 2018,Le Castellet,France,,,Permanent,,,0.25166879134336445,0.30829226182708813,0.44003894682954736,1,False,French Grand Prix,french_grand_prix,2018,2018-06-24,105.27073076923078,26,Opening,4.1980000000000075,False,False,False,True
LEC,Sauber,18,0 days 00:01:38.693000,0 days 00:00:24.893000,0 days 00:00:29.965000,0 days 00:00:43.835000,ULTRASOFT,20,1,,,1,True,0 days 00:41:12.051000,98.693,24.893,29.965,43.835,2472.051,2450.73,24.6,49.5,966.1,False,42.5,148,1.8,False,True,False,FORMULA 1 PIRELLI GRAND PRIX DE FRANCE 2018,Le Castellet,France,,,Permanent,,,0.25222660168401,0.30361829106420923,0.4441551072517808,1,False,French Grand Prix,french_grand_prix,2018,2018-06-24,104.78541379310344,29,Opening,2.715999999999994,False,False,False,True
HUL,Renault,18,0 days 00:01:38.178000,0 days 00:00:24.634000,0 days 00:00:30.099000,0 days 00:00:43.445000,Soft,17,1,,,1,True,0 days 00:41:15.853000,98.178,24.634,30.099,43.445,2475.853,2450.73,24.6,49.5,966.1,False,42.5,148,1.8,False,True,False,FORMULA 1 PIRELLI GRAND PRIX DE FRANCE 2018,Le Castellet,France,,,Permanent,,,0.25091160952555563,0.30657581128154987,0.44251257919289455,1,False,French Grand Prix,french_grand_prix,2018,2018-06-24,103.22897142857143,35,Opening,2.3049999999999926,False,False,False,True
GRO,Haas F1 Team,18,0 days 00:01:38.866000,0 days 00:00:25.058000,0 days 00:00:30.273000,0 days 00:00:43.535000,ULTRASOFT,20,1,,,1,True,0 days 00:41:18.793000,98.866,25.058,30.273,43.535,2478.793,2450.73,24.6,49.5,966.1,False,42.5,148,1.8,False,True,False,FORMULA 1 PIRELLI GRAND PRIX DE FRANCE 2018,Le Castellet,France,,,Permanent,,,0.25345417029110107,0.30620233447292294,0.44034349523597593,1,False,French Grand Prix,french_grand_prix,2018,2018-06-24,104.24109375,32,Opening,3.1710000000000065,False,False,False,True
BOT,Mercedes,18,0 days 00:01:38.544000,0 days 00:00:25.093000,0 days 00:00:30.021000,0 days 00:00:43.430000,Soft,17,2,,,1,True,0 days 00:41:19.634000,98.544,25.093,30.021,43.43,2479.634,2450.73,24.6,49.5,966.1,False,42.5,148,1.8,False,True,False,FORMULA 1 PIRELLI GRAND PRIX DE FRANCE 2018,Le Castellet,France,,,Permanent,,,0.25463752232505277,0.30464564052605947,0.4407168371488878,1,False,French Grand Prix,french_grand_prix,2018,2018-06-24,100.90908108108108,37,Mid,4.319000000000003,False,False,False,True
PER,Force India,18,0 days 00:01:38.761000,0 days 00:00:25.051000,0 days 00:00:30.072000,0 days 00:00:43.638000,Soft,17,1,,,1,True,0 days 00:41:22.234000,98.761,25.051,30.072,43.638,2482.234,2510.745,24.5,50.3,966.1,False,43.5,114,1.8,False,True,False,FORMULA 1 PIRELLI GRAND PRIX DE FRANCE 2018,Le Castellet,France,,,Permanent,,,0.25365275766750034,0.3044926641083019,0.4418545782241978,1,False,French Grand Prix,french_grand_prix,2018,2018-06-24,104.93812,25,Opening,0.44199999999999307,False,False,False,True
VAN,McLaren,18,0 days 00:01:39.147000,0 days 00:00:25.199000,0 days 00:00:30.194000,0 days 00:00:43.754000,SUPERSOFT,17,1,,,1,True,0 days 00:41:25.566000,99.147,25.199,30.194,43.754,2485.566,2510.745,24.5,50.3,966.1,False,43.5,114,1.8,False,True,False,FORMULA 1 PIRELLI GRAND PRIX DE FRANCE 2018,Le Castellet,France,,,Permanent,,,0.2541579674624547,0.30453770663761887,0.4413043258999263,1,False,French Grand Prix,french_grand_prix,2018,2018-06-24,101.85713513513514,37,Opening,2.4720000000000084,False,False,False,True
HAR,Toro Rosso,18,0 days 00:01:39.406000,0 days 00:00:25.097000,0 days 00:00:30.364000,0 days 00:00:43.945000,ULTRASOFT,17,1,,,1,True,0 days 00:41:28.927000,99.406,25.097,30.364,43.945,2488.927,2510.745,24.5,50.3,966.1,False,43.5,114,1.8,False,True,False,FORMULA 1 PIRELLI GRAND PRIX DE FRANCE 2018,Le Castellet,France,,,Permanent,,,0.2524696698388427,0.30545439913083716,0.44207593103032006,1,False,French Grand Prix,french_grand_prix,2018,2018-06-24,102.32042857142858,35,Opening,2.5670000000000073,False,False,False,True
ERI,Sauber,18,0 days 00:01:39.345000,0 days 00:00:25.069000,0 days 00:00:30.285000,0 days 00:00:43.991000,SUPERSOFT,17,1,,,1,True,0 days 00:41:31.849000,99.345,25.069,30.285,43.991,2491.849,2510.745,24.5,50.3,966.1,False,43.5,114,1.8,False,True,False,FORMULA 1 PIRELLI GRAND PRIX DE FRANCE 2018,Le Castellet,France,,,Permanent,,,0.252342845638935,0.30484674618752833,0.4428104081735367,1,False,French Grand Prix,french_grand_prix,2018,2018-06-24,104.29169696969697,33,Opening,2.850999999999999,False,False,False,True
ALO,McLaren,18,0 days 00:01:38.984000,0 days 00:00:25.322000,0 days 00:00:29.924000,0 days 00:00:43.738000,Soft,17,2,,,1,True,0 days 00:41:34.511000,98.984,25.322,29.924,43.738,2494.511,2510.745,24.5,50.3,966.1,False,43.5,114,1.8,False,True,False,FORMULA 1 PIRELLI GRAND PRIX DE FRANCE 2018,Le Castellet,France,,,Permanent,,,0.25581912228238907,0.30231148468439345,0.4418693930332175,1,False,French Grand Prix,french_grand_prix,2018,2018-06-24,102.5500909090909,44,Mid,3.850999999999999,False,False,False,True
STR,Williams,18,0 days 00:01:40.617000,0 days 00:00:25.297000,0 days 00:00:30.235000,0 days 00:00:45.085000,Soft,17,2,,,1,True,0 days 00:41:35.350000,100.617,25.297,30.235,45.085,2495.35,2510.745,24.5,50.3,966.1,False,43.5,114,1.8,False,True,False,FORMULA 1 PIRELLI GRAND PRIX DE FRANCE 2018,Le Castellet,France,,,Permanent,,,0.25141874633511235,0.30049594004989216,0.4480853136149955,1,False,French Grand Prix,french_grand_prix,2018,2018-06-24,102.4190652173913,46,Closing,2.298000000000002,False,False,False,True
SIR,Williams,18,0 days 00:01:39.740000,0 days 00:00:25.246000,0 days 00:00:30.202000,0 days 00:00:44.292000,Soft,17,2,,,1,True,0 days 00:41:37.047000,99.74,25.246,30.202,44.292,2497.047,2510.745,24.5,50.3,966.1,False,43.5,114,1.8,False,True,False,FORMULA 1 PIRELLI GRAND PRIX DE FRANCE 2018,Le Castellet,France,,,Permanent,,,0.2531181070784039,0.3028072989773411,0.4440745939442551,1,False,French Grand Prix,french_grand_prix,2018,2018-06-24,102.90366,50,Closing,1.4399999999999977,False,False,False,True
HAM,Mercedes,19,0 days 00:01:36.448000,0 days 00:00:24.269000,0 days 00:00:29.464000,0 days 00:00:42.715000,SUPERSOFT,20,1,,,1,True,0 days 00:42:16.833000,96.448,24.269,29.464,42.715,2536.833,2510.745,24.5,50.3,966.1,False,43.5,114,1.8,False,True,False,FORMULA 1 PIRELLI GRAND PRIX DE FRANCE 2018,Le Castellet,France,,,Permanent,,,0.2516278201725282,0.30549104180491043,0.44288113802256146,1,False,French Grand Prix,french_grand_prix,2018,2018-06-24,102.2551935483871,31,Opening,1.938999999999993,False,False,False,True
VER,Red Bull Racing,19,0 days 00:01:36.806000,0 days 00:00:24.285000,0 days 00:00:29.467000,0 days 00:00:43.054000,SUPERSOFT,21,1,,,1,True,0 days 00:42:21.831000,96.806,24.285,29.467,43.054,2541.831,2570.76,24.7,49.6,966.2,False,44.5,14,1.9,False,True,False,FORMULA 1 PIRELLI GRAND PRIX DE FRANCE 2018,Le Castellet,France,,,Permanent,,,0.25086254984195194,0.30439228973410737,0.4447451604239407,1,False,French Grand Prix,french_grand_prix,2018,2018-06-24,104.67008695652173,23,Opening,2.5309999999999917,False,False,False,True
RIC,Red Bull Racing,19,0 days 00:01:36.608000,0 days 00:00:24.367000,0 days 00:00:29.621000,0 days 00:00:42.620000,SUPERSOFT,23,1,,,1,True,0 days 00:42:25.676000,96.608,24.367,29.621,42.62,2545.676,2570.76,24.7,49.6,966.2,False,44.5,14,1.9,False,True,False,FORMULA 1 PIRELLI GRAND PRIX DE FRANCE 2018,Le Castellet,France,,,Permanent,,,0.252225488572375,0.3066102186154355,0.44116429281218944,1,False,French Grand Prix,french_grand_prix,2018,2018-06-24,103.77253846153847,26,Opening,1.225999999999999,False,False,False,True
RAI,Ferrari,19,0 days 00:01:36.640000,0 days 00:00:24.424000,0 days 00:00:29.590000,0 days 00:00:42.626000,ULTRASOFT,21,1,,,1,True,0 days 00:42:29.376000,96.64,24.424,29.59,42.626,2549.376,2570.76,24.7,49.6,966.2,False,44.5,14,1.9,False,True,False,FORMULA 1 PIRELLI GRAND PRIX DE FRANCE 2018,Le Castellet,France,,,Permanent,,,0.25273178807947017,0.3061879139072848,0.441080298013245,1,False,French Grand Prix,french_grand_prix,2018,2018-06-24,102.48946875,32,Opening,2.2420000000000044,False,False,False,True
SAI,Renault,19,0 days 00:01:38.494000,0 days 00:00:24.855000,0 days 00:00:30.072000,0 days 00:00:43.567000,ULTRASOFT,21,1,,,1,True,0 days 00:42:46.221000,98.494,24.855,30.072,43.567,2566.221,2570.76,24.7,49.6,966.2,False,44.5,14,1.9,False,True,False,FORMULA 1 PIRELLI GRAND PRIX DE FRANCE 2018,Le Castellet,France,,,Permanent,,,0.25235039697849615,0.3053180904420574,0.4423315125794465,1,False,French Grand Prix,french_grand_prix,2018,2018-06-24,105.94854166666666,24,Opening,2.8559999999999945,False,False,False,True
VET,Ferrari,19,0 days 00:01:37.434000,0 days 00:00:24.825000,0 days 00:00:29.684000,0 days 00:00:42.925000,Soft,18,2,,,1,True,0 days 00:42:46.650000,97.434,24.825,29.684,42.925,2566.65,2570.76,24.7,49.6,966.2,False,44.5,14,1.9,False,True,False,FORMULA 1 PIRELLI GRAND PRIX DE FRANCE 2018,Le Castellet,France,,,Permanent,,,0.2547878563950982,0.30465751175154465,0.44055463185335714,1,False,French Grand Prix,french_grand_prix,2018,2018-06-24,101.26828947368422,38,Mid,2.948999999999998,False,False,False,True
MAG,Haas F1 Team,19,0 days 00:01:38.687000,0 days 00:00:25.109000,0 days 00:00:30.125000,0 days 00:00:43.453000,ULTRASOFT,21,1,,,1,True,0 days 00:42:49.544000,98.687,25.109,30.125,43.453,2569.544,2570.76,24.7,49.6,966.2,False,44.5,14,1.9,False,True,False,FORMULA 1 PIRELLI GRAND PRIX DE FRANCE 2018,Le Castellet,France,,,Permanent,,,0.25443067475959347,0.3052580380394581,0.4403112872009485,1,False,French Grand Prix,french_grand_prix,2018,2018-06-24,105.27073076923078,26,Opening,3.2620000000000005,False,False,False,True
LEC,Sauber,19,0 days 00:01:38.724000,0 days 00:00:25.061000,0 days 00:00:29.935000,0 days 00:00:43.728000,ULTRASOFT,21,1,,,1,True,0 days 00:42:50.775000,98.724,25.061,29.935,43.728,2570.775,2570.76,24.7,49.6,966.2,False,44.5,14,1.9,False,True,False,FORMULA 1 PIRELLI GRAND PRIX DE FRANCE 2018,Le Castellet,France,,,Permanent,,,0.25384911470361815,0.30321907540213117,0.4429318098942506,1,False,French Grand Prix,french_grand_prix,2018,2018-06-24,104.78541379310344,29,Opening,2.747,False,False,False,True
HUL,Renault,19,0 days 00:01:38.114000,0 days 00:00:24.697000,0 days 00:00:30.088000,0 days 00:00:43.329000,Soft,18,1,,,1,True,0 days 00:42:53.967000,98.114,24.697,30.088,43.329,2573.967,2570.76,24.7,49.6,966.2,False,44.5,14,1.9,False,True,False,FORMULA 1 PIRELLI GRAND PRIX DE FRANCE 2018,Le Castellet,France,,,Permanent,,,0.2517173899749271,0.30666367694722463,0.4416189330778482,1,False,French Grand Prix,french_grand_prix,2018,2018-06-24,103.22897142857143,35,Opening,2.2409999999999997,False,False,False,True
BOT,Mercedes,19,0 days 00:01:38.506000,0 days 00:00:25.121000,0 days 00:00:29.925000,0 days 00:00:43.460000,Soft,18,2,,,1,True,0 days 00:42:58.140000,98.506,25.121,29.925,43.46,2578.14,2570.76,24.7,49.6,966.2,False,44.5,14,1.9,False,True,False,FORMULA 1 PIRELLI GRAND PRIX DE FRANCE 2018,Le Castellet,France,,,Permanent,,,0.2550199987818001,0.30378860170954053,0.4411913995086594,1,False,French Grand Prix,french_grand_prix,2018,2018-06-24,100.90908108108108,37,Mid,4.281000000000006,False,False,False,True
GRO,Haas F1 Team,19,0 days 00:01:40.105000,0 days 00:00:25.075000,0 days 00:00:30.147000,0 days 00:00:44.883000,ULTRASOFT,21,1,,,1,True,0 days 00:42:58.898000,100.105,25.075,30.147,44.883,2578.898,2570.76,24.7,49.6,966.2,False,44.5,14,1.9,False,True,False,FORMULA 1 PIRELLI GRAND PRIX DE FRANCE 2018,Le Castellet,France,,,Permanent,,,0.250486988661905,0.3011537885220518,0.4483592228160432,1,False,French Grand Prix,french_grand_prix,2018,2018-06-24,104.24109375,32,Opening,4.410000000000011,False,False,False,True
PER,Force India,19,0 days 00:01:38.612000,0 days 00:00:25.008000,0 days 00:00:29.987000,0 days 00:00:43.617000,Soft,18,1,,,1,True,0 days 00:43:00.846000,98.612,25.008,29.987,43.617,2580.846,2570.76,24.7,49.6,966.2,False,44.5,14,1.9,False,True,False,FORMULA 1 PIRELLI GRAND PRIX DE FRANCE 2018,Le Castellet,France,,,Permanent,,,0.2535999675495883,0.3040907800267716,0.4423092524236401,1,False,French Grand Prix,french_grand_prix,2018,2018-06-24,104.93812,25,Opening,0.29299999999999216,False,False,False,True
VAN,McLaren,19,0 days 00:01:38.829000,0 days 00:00:25.058000,0 days 00:00:30.132000,0 days 00:00:43.639000,SUPERSOFT,18,1,,,1,True,0 days 00:43:04.395000,98.829,25.058,30.132,43.639,2584.395,2570.76,24.7,49.6,966.2,False,44.5,14,1.9,False,True,False,FORMULA 1 PIRELLI GRAND PRIX DE FRANCE 2018,Le Castellet,France,,,Permanent,,,0.25354905948658796,0.30489026500318733,0.44156067551022476,1,False,French Grand Prix,french_grand_prix,2018,2018-06-24,101.85713513513514,37,Opening,2.1539999999999964,False,False,False,True
HAR,Toro Rosso,19,0 days 00:01:39.207000,0 days 00:00:25.159000,0 days 00:00:30.249000,0 days 00:00:43.799000,ULTRASOFT,18,1,,,1,True,0 days 00:43:08.134000,99.207,25.159,30.249,43.799,2588.134,2570.76,24.7,49.6,966.2,False,44.5,14,1.9,False,True,False,FORMULA 1 PIRELLI GRAND PRIX DE FRANCE 2018,Le Castellet,France,,,Permanent,,,0.25360105637707014,0.3049079198040461,0.4414910238188838,1,False,French Grand Prix,french_grand_prix,2018,2018-06-24,102.32042857142858,35,Opening,2.367999999999995,False,False,False,True
ERI,Sauber,19,0 days 00:01:38.898000,0 days 00:00:24.984000,0 days 00:00:30.205000,0 days 00:00:43.709000,SUPERSOFT,18,1,,,1,True,0 days 00:43:10.747000,98.898,24.984,30.205,43.709,2590.747,2570.76,24.7,49.6,966.2,False,44.5,14,1.9,False,True,False,FORMULA 1 PIRELLI GRAND PRIX DE FRANCE 2018,Le Castellet,France,,,Permanent,,,0.25262391554935393,0.3054156808024429,0.44196040364820327,1,False,French Grand Prix,french_grand_prix,2018,2018-06-24,104.29169696969697,33,Opening,2.4039999999999964,False,False,False,True
ALO,McLaren,19,0 days 00:01:39.206000,0 days 00:00:25.195000,0 days 00:00:30.331000,0 days 00:00:43.680000,Soft,18,2,,,1,True,0 days 00:43:13.717000,99.206,25.195,30.331,43.68,2593.717,2570.76,24.7,49.6,966.2,False,44.5,14,1.9,False,True,False,FORMULA 1 PIRELLI GRAND PRIX DE FRANCE 2018,Le Castellet,France,,,Permanent,,,0.2539664939620587,0.3057375561961978,0.4402959498417434,1,False,French Grand Prix,french_grand_prix,2018,2018-06-24,102.5500909090909,44,Mid,4.0730000000000075,False,False,False,True
STR,Williams,19,0 days 00:01:39.983000,0 days 00:00:25.526000,0 days 00:00:30.406000,0 days 00:00:44.051000,Soft,18,2,,,1,True,0 days 00:43:15.333000,99.983,25.526,30.406,44.051,2595.333,2570.76,24.7,49.6,966.2,False,44.5,14,1.9,False,True,False,FORMULA 1 PIRELLI GRAND PRIX DE FRANCE 2018,Le Castellet,France,,,Permanent,,,0.2553034015782683,0.30411169898882806,0.4405848994329036,1,False,French Grand Prix,french_grand_prix,2018,2018-06-24,102.4190652173913,46,Closing,1.6640000000000015,False,False,False,True
SIR,Williams,19,0 days 00:01:39.720000,0 days 00:00:25.194000,0 days 00:00:30.273000,0 days 00:00:44.253000,Soft,18,2,,,1,True,0 days 00:43:16.767000,99.72,25.194,30.273,44.253,2596.767,2570.76,24.7,49.6,966.2,False,44.5,14,1.9,False,True,False,FORMULA 1 PIRELLI GRAND PRIX DE FRANCE 2018,Le Castellet,France,,,Permanent,,,0.252647412755716,0.3035800240673887,0.44377256317689534,1,False,French Grand Prix,french_grand_prix,2018,2018-06-24,102.90366,50,Closing,1.4200000000000017,False,False,False,True
HAM,Mercedes,20,0 days 00:01:36.387000,0 days 00:00:24.221000,0 days 00:00:29.463000,0 days 00:00:42.703000,SUPERSOFT,21,1,,,1,True,0 days 00:43:53.220000,96.387,24.221,29.463,42.703,2633.22,2630.779,24.9,48.9,966.1,False,44.8,90,0.8,False,True,False,FORMULA 1 PIRELLI GRAND PRIX DE FRANCE 2018,Le Castellet,France,,,Permanent,,,0.25128907425275193,0.30567400168072456,0.4430369240665235,1,False,French Grand Prix,french_grand_prix,2018,2018-06-24,102.2551935483871,31,Opening,1.8780000000000001,False,False,False,True
VER,Red Bull Racing,20,0 days 00:01:36.954000,0 days 00:00:24.284000,0 days 00:00:29.585000,0 days 00:00:43.085000,SUPERSOFT,22,1,,,1,True,0 days 00:43:58.785000,96.954,24.284,29.585,43.085,2638.785,2630.779,24.9,48.9,966.1,False,44.8,90,0.8,False,True,False,FORMULA 1 PIRELLI GRAND PRIX DE FRANCE 2018,Le Castellet,France,,,Permanent,,,0.25046929471708235,0.3051447077995751,0.4443859974833427,1,False,French Grand Prix,french_grand_prix,2018,2018-06-24,104.67008695652173,23,Opening,2.678999999999988,False,False,False,True
RIC,Red Bull Racing,20,0 days 00:01:36.562000,0 days 00:00:24.311000,0 days 00:00:29.579000,0 days 00:00:42.672000,SUPERSOFT,24,1,,,1,True,0 days 00:44:02.238000,96.562,24.311,29.579,42.672,2642.238,2630.779,24.9,48.9,966.1,False,44.8,90,0.8,False,True,False,FORMULA 1 PIRELLI GRAND PRIX DE FRANCE 2018,Le Castellet,France,,,Permanent,,,0.251765704935689,0.30632132723017336,0.44191296783413764,1,False,French Grand Prix,french_grand_prix,2018,2018-06-24,103.77253846153847,26,Opening,1.1799999999999926,False,False,False,True
RAI,Ferrari,20,0 days 00:01:36.749000,0 days 00:00:24.596000,0 days 00:00:29.588000,0 days 00:00:42.565000,ULTRASOFT,22,1,,,1,True,0 days 00:44:06.125000,96.749,24.596,29.588,42.565,2646.125,2630.779,24.9,48.9,966.1,False,44.8,90,0.8,False,True,False,FORMULA 1 PIRELLI GRAND PRIX DE FRANCE 2018,Le Castellet,France,,,Permanent,,,0.2542248498692493,0.3058222824008517,0.439952867729899,1,False,French Grand Prix,french_grand_prix,2018,2018-06-24,102.48946875,32,Opening,2.350999999999999,False,False,False,True
VET,Ferrari,20,0 days 00:01:37.187000,0 days 00:00:25.268000,0 days 00:00:29.174000,0 days 00:00:42.745000,Soft,19,2,,,1,True,0 days 00:44:23.837000,97.187,25.268,29.174,42.745,2663.837,2690.79,25.0,48.7,966.0,False,44.7,26,1.4,False,True,False,FORMULA 1 PIRELLI GRAND PRIX DE FRANCE 2018,Le Castellet,France,,,Permanent,,,0.2599936205459578,0.3001841810118637,0.43982219844217846,1,False,French Grand Prix,french_grand_prix,2018,2018-06-24,101.26828947368422,38,Mid,2.701999999999998,False,False,False,True
SAI,Renault,20,0 days 00:01:39.593000,0 days 00:00:24.929000,0 days 00:00:30.663000,0 days 00:00:44.001000,ULTRASOFT,22,1,,,1,True,0 days 00:44:25.814000,99.593,24.929,30.663,44.001,2665.814,2690.79,25.0,48.7,966.0,False,44.7,26,1.4,False,True,False,FORMULA 1 PIRELLI GRAND PRIX DE FRANCE 2018,Le Castellet,France,,,Permanent,,,0.25030875663952284,0.30788308415250065,0.44180815920797645,1,False,French Grand Prix,french_grand_prix,2018,2018-06-24,105.94854166666666,24,Opening,3.9549999999999983,False,False,False,True
MAG,Haas F1 Team,20,0 days 00:01:38.606000,0 days 00:00:24.955000,0 days 00:00:30.115000,0 days 00:00:43.536000,ULTRASOFT,22,1,,,1,True,0 days 00:44:28.150000,98.606,24.955,30.115,43.536,2668.15,2690.79,25.0,48.7,966.0,False,44.7,26,1.4,False,True,False,FORMULA 1 PIRELLI GRAND PRIX DE FRANCE 2018,Le Castellet,France,,,Permanent,,,0.25307790600977625,0.3054073788613269,0.44151471512889684,1,False,French Grand Prix,french_grand_prix,2018,2018-06-24,105.27073076923078,26,Opening,3.1809999999999974,False,False,False,True
LEC,Sauber,20,0 days 00:01:38.380000,0 days 00:00:24.784000,0 days 00:00:29.949000,0 days 00:00:43.647000,ULTRASOFT,22,1,,,1,True,0 days 00:44:29.155000,98.38,24.784,29.949,43.647,2669.155,2690.79,25.0,48.7,966.0,False,44.7,26,1.4,False,True,False,FORMULA 1 PIRELLI GRAND PRIX DE FRANCE 2018,Le Castellet,France,,,Permanent,,,0.25192112217930474,0.30442163041268555,0.44365724740800977,1,False,French Grand Prix,french_grand_prix,2018,2018-06-24,104.78541379310344,29,Opening,2.4029999999999916,False,False,False,True
HUL,Renault,20,0 days 00:01:37.980000,0 days 00:00:24.707000,0 days 00:00:29.887000,0 days 00:00:43.386000,Soft,19,1,,,1,True,0 days 00:44:31.947000,97.98,24.707,29.887,43.386,2671.947,2690.79,25.0,48.7,966.0,False,44.7,26,1.4,False,True,False,FORMULA 1 PIRELLI GRAND PRIX DE FRANCE 2018,Le Castellet,France,,,Permanent,,,0.2521637068789549,0.30503163911002246,0.44280465401102265,1,False,French Grand Prix,french_grand_prix,2018,2018-06-24,103.22897142857143,35,Opening,2.1069999999999993,False,False,False,True
BOT,Mercedes,20,0 days 00:01:38.045000,0 days 00:00:25.026000,0 days 00:00:29.770000,0 days 00:00:43.249000,Soft,19,2,,,1,True,0 days 00:44:36.185000,98.045,25.026,29.77,43.249,2676.185,2690.79,25.0,48.7,966.0,False,44.7,26,1.4,False,True,False,FORMULA 1 PIRELLI GRAND PRIX DE FRANCE 2018,Le Castellet,France,,,Permanent,,,0.2552501402417257,0.3036360854709572,0.4411137742873171,1,False,French Grand Prix,french_grand_prix,2018,2018-06-24,100.90908108108108,37,Mid,3.8200000000000074,False,False,False,True
GRO,Haas F1 Team,20,0 days 00:01:39.409000,0 days 00:00:25.626000,0 days 00:00:30.217000,0 days 00:00:43.566000,ULTRASOFT,22,1,,,1,True,0 days 00:44:38.307000,99.409,25.626,30.217,43.566,2678.307,2690.79,25.0,48.7,966.0,False,44.7,26,1.4,False,True,False,FORMULA 1 PIRELLI GRAND PRIX DE FRANCE 2018,Le Castellet,France,,,Permanent,,,0.2577835004878834,0.30396644167027126,0.4382500578418453,1,False,French Grand Prix,french_grand_prix,2018,2018-06-24,104.24109375,32,Opening,3.714000000000013,False,False,False,True
PER,Force India,20,0 days 00:01:38.896000,0 days 00:00:25.012000,0 days 00:00:29.996000,0 days 00:00:43.888000,Soft,19,1,,,1,True,0 days 00:44:39.742000,98.896,25.012,29.996,43.888,2679.742,2690.79,25.0,48.7,966.0,False,44.7,26,1.4,False,True,False,FORMULA 1 PIRELLI GRAND PRIX DE FRANCE 2018,Le Castellet,France,,,Permanent,,,0.2529121501375182,0.30330852612845816,0.4437793237340236,1,False,French Grand Prix,french_grand_prix,2018,2018-06-24,104.93812,25,Opening,0.5769999999999982,False,False,False,True
VAN,McLaren,20,0 days 00:01:38.638000,0 days 00:00:24.953000,0 days 00:00:30.069000,0 days 00:00:43.616000,SUPERSOFT,19,1,,,1,True,0 days 00:44:43.033000,98.638,24.953,30.069,43.616,2683.033,2690.79,25.0,48.7,966.0,False,44.7,26,1.4,False,True,False,FORMULA 1 PIRELLI GRAND PRIX DE FRANCE 2018,Le Castellet,France,,,Permanent,,,0.2529755266732902,0.3048419473225329,0.44218252600417685,1,False,French Grand Prix,french_grand_prix,2018,2018-06-24,101.85713513513514,37,Opening,1.963000000000008,False,False,False,True
HAR,Toro Rosso,20,0 days 00:01:39.065000,0 days 00:00:25.070000,0 days 00:00:30.144000,0 days 00:00:43.851000,ULTRASOFT,19,1,,,1,True,0 days 00:44:47.199000,99.065,25.07,30.144,43.851,2687.199,2690.79,25.0,48.7,966.0,False,44.7,26,1.4,False,True,False,FORMULA 1 PIRELLI GRAND PRIX DE FRANCE 2018,Le Castellet,France,,,Permanent,,,0.25306616867713116,0.30428506536112654,0.4426487659617423,1,False,French Grand Prix,french_grand_prix,2018,2018-06-24,102.32042857142858,35,Opening,2.225999999999999,False,False,False,True
ERI,Sauber,20,0 days 00:01:38.820000,0 days 00:00:24.904000,0 days 00:00:30.169000,0 days 00:00:43.747000,SUPERSOFT,19,1,,,1,True,0 days 00:44:49.567000,98.82,24.904,30.169,43.747,2689.567,2690.79,25.0,48.7,966.0,False,44.7,26,1.4,False,True,False,FORMULA 1 PIRELLI GRAND PRIX DE FRANCE 2018,Le Castellet,France,,,Permanent,,,0.2520137623962761,0.30529245092086627,0.44269378668285775,1,False,French Grand Prix,french_grand_prix,2018,2018-06-24,104.29169696969697,33,Opening,2.3259999999999934,False,False,False,True
ALO,McLaren,20,0 days 00:01:38.799000,0 days 00:00:24.996000,0 days 00:00:30.185000,0 days 00:00:43.618000,Soft,19,2,,,1,True,0 days 00:44:52.516000,98.799,24.996,30.185,43.618,2692.516,2690.79,25.0,48.7,966.0,False,44.7,26,1.4,False,True,False,FORMULA 1 PIRELLI GRAND PRIX DE FRANCE 2018,Le Castellet,France,,,Permanent,,,0.2529985121306896,0.30551928663245576,0.4414822012368546,1,False,French Grand Prix,french_grand_prix,2018,2018-06-24,102.5500909090909,44,Mid,3.666000000000011,False,False,False,True
STR,Williams,20,0 days 00:01:39.371000,0 days 00:00:25.426000,0 days 00:00:30.156000,0 days 00:00:43.789000,Soft,19,2,,,1,True,0 days 00:44:54.704000,99.371,25.426,30.156,43.789,2694.704,2690.79,25.0,48.7,966.0,False,44.7,26,1.4,False,True,False,FORMULA 1 PIRELLI GRAND PRIX DE FRANCE 2018,Le Castellet,France,,,Permanent,,,0.2558694186432661,0.3034688188706967,0.4406617624860372,1,False,French Grand Prix,french_grand_prix,2018,2018-06-24,102.4190652173913,46,Closing,1.0519999999999925,False,False,False,True
SIR,Williams,20,0 days 00:01:39.526000,0 days 00:00:25.371000,0 days 00:00:30.054000,0 days 00:00:44.101000,Soft,19,2,,,1,True,0 days 00:44:56.293000,99.526,25.371,30.054,44.101,2696.293,2690.79,25.0,48.7,966.0,False,44.7,26,1.4,False,True,False,FORMULA 1 PIRELLI GRAND PRIX DE FRANCE 2018,Le Castellet,France,,,Permanent,,,0.25491831280268473,0.3019713441713723,0.443110343025943,1,False,French Grand Prix,french_grand_prix,2018,2018-06-24,102.90366,50,Closing,1.225999999999999,False,False,False,True
HAM,Mercedes,21,0 days 00:01:36.877000,0 days 00:00:24.483000,0 days 00:00:29.701000,0 days 00:00:42.693000,SUPERSOFT,22,1,,,1,True,0 days 00:45:30.097000,96.877,24.483,29.701,42.693,2730.097,2750.804,25.2,48.0,966.1,False,44.7,348,1.5,False,True,False,FORMULA 1 PIRELLI GRAND PRIX DE FRANCE 2018,Le Castellet,France,,,Permanent,,,0.25272252443820514,0.30658463825262966,0.44069283730916525,1,False,French Grand Prix,french_grand_prix,2018,2018-06-24,102.2551935483871,31,Opening,2.367999999999995,False,False,False,True
VER,Red Bull Racing,21,0 days 00:01:36.633000,0 days 00:00:24.412000,0 days 00:00:29.367000,0 days 00:00:42.854000,SUPERSOFT,23,1,,,1,True,0 days 00:45:35.418000,96.633,24.412,29.367,42.854,2735.418,2750.804,25.2,48.0,966.1,False,44.7,348,1.5,False,True,False,FORMULA 1 PIRELLI GRAND PRIX DE FRANCE 2018,Le Castellet,France,,,Permanent,,,0.25262591454265104,0.30390239359225113,0.4434716918650979,1,False,French Grand Prix,french_grand_prix,2018,2018-06-24,104.67008695652173,23,Opening,2.35799999999999,False,False,False,True
RIC,Red Bull Racing,21,0 days 00:01:36.461000,0 days 00:00:24.298000,0 days 00:00:29.538000,0 days 00:00:42.625000,SUPERSOFT,25,1,,,1,True,0 days 00:45:38.699000,96.461,24.298,29.538,42.625,2738.699,2750.804,25.2,48.0,966.1,False,44.7,348,1.5,False,True,False,FORMULA 1 PIRELLI GRAND PRIX DE FRANCE 2018,Le Castellet,France,,,Permanent,,,0.2518945480556909,0.3062170203501933,0.4418884315941158,1,False,French Grand Prix,french_grand_prix,2018,2018-06-24,103.77253846153847,26,Opening,1.0789999999999935,False,False,False,True
RAI,Ferrari,21,0 days 00:01:36.807000,0 days 00:00:24.499000,0 days 00:00:29.653000,0 days 00:00:42.655000,ULTRASOFT,23,1,,,1,True,0 days 00:45:42.932000,96.807,24.499,29.653,42.655,2742.932,2750.804,25.2,48.0,966.1,False,44.7,348,1.5,False,True,False,FORMULA 1 PIRELLI GRAND PRIX DE FRANCE 2018,Le Castellet,France,,,Permanent,,,0.2530705424194531,0.3063104940758416,0.44061896350470525,1,False,French Grand Prix,french_grand_prix,2018,2018-06-24,102.48946875,32,Opening,2.409000000000006,False,False,False,True
VET,Ferrari,21,0 days 00:01:36.995000,0 days 00:00:24.532000,0 days 00:00:29.678000,0 days 00:00:42.785000,Soft,20,2,,,1,True,0 days 00:46:00.832000,96.995,24.532,29.678,42.785,2760.832,2750.804,25.2,48.0,966.1,False,44.7,348,1.5,False,True,False,FORMULA 1 PIRELLI GRAND PRIX DE FRANCE 2018,Le Castellet,France,,,Permanent,,,0.2529202536213207,0.3059745347698335,0.44110521160884575,1,False,French Grand Prix,french_grand_prix,2018,2018-06-24,101.26828947368422,38,Mid,2.510000000000005,False,False,False,True
SAI,Renault,21,0 days 00:01:38.691000,0 days 00:00:24.900000,0 days 00:00:30.171000,0 days 00:00:43.620000,ULTRASOFT,23,1,,,1,True,0 days 00:46:04.505000,98.691,24.9,30.171,43.62,2764.505,2750.804,25.2,48.0,966.1,False,44.7,348,1.5,False,True,False,FORMULA 1 PIRELLI GRAND PRIX DE FRANCE 2018,Le Castellet,France,,,Permanent,,,0.2523026415782594,0.3057117670304283,0.4419855913913122,1,False,French Grand Prix,french_grand_prix,2018,2018-06-24,105.94854166666666,24,Opening,3.0529999999999973,False,False,False,True
MAG,Haas F1 Team,21,0 days 00:01:38.787000,0 days 00:00:25.174000,0 days 00:00:30.119000,0 days 00:00:43.494000,ULTRASOFT,23,1,,,1,True,0 days 00:46:06.937000,98.787,25.174,30.119,43.494,2766.937,2750.804,25.2,48.0,966.1,False,44.7,348,1.5,False,True,False,FORMULA 1 PIRELLI GRAND PRIX DE FRANCE 2018,Le Castellet,France,,,Permanent,,,0.2548311012582627,0.3048882950185753,0.4402806037231619,1,False,French Grand Prix,french_grand_prix,2018,2018-06-24,105.27073076923078,26,Opening,3.362000000000009,False,False,False,True
LEC,Sauber,21,0 days 00:01:38.721000,0 days 00:00:24.953000,0 days 00:00:29.881000,0 days 00:00:43.887000,ULTRASOFT,23,1,,,1,True,0 days 00:46:07.876000,98.721,24.953,29.881,43.887,2767.876,2750.804,25.2,48.0,966.1,False,44.7,348,1.5,False,True,False,FORMULA 1 PIRELLI GRAND PRIX DE FRANCE 2018,Le Castellet,France,,,Permanent,,,0.2527628366811519,0.30268129374702446,0.44455586957182364,1,False,French Grand Prix,french_grand_prix,2018,2018-06-24,104.78541379310344,29,Opening,2.7439999999999998,False,False,False,True
HUL,Renault,21,0 days 00:01:38.266000,0 days 00:00:24.855000,0 days 00:00:30.028000,0 days 00:00:43.383000,Soft,20,1,,,1,True,0 days 00:46:10.213000,98.266,24.855,30.028,43.383,2770.213,2750.804,25.2,48.0,966.1,False,44.7,348,1.5,False,True,False,FORMULA 1 PIRELLI GRAND PRIX DE FRANCE 2018,Le Castellet,France,,,Permanent,,,0.2529359086560967,0.3055787352695744,0.44148535607432887,1,False,French Grand Prix,french_grand_prix,2018,2018-06-24,103.22897142857143,35,Opening,2.3930000000000007,False,False,False,True
BOT,Mercedes,21,0 days 00:01:37.574000,0 days 00:00:24.693000,0 days 00:00:29.891000,0 days 00:00:42.990000,Soft,20,2,,,1,True,0 days 00:46:13.759000,97.574,24.693,29.891,42.99,2773.759,2750.804,25.2,48.0,966.1,False,44.7,348,1.5,False,True,False,FORMULA 1 PIRELLI GRAND PRIX DE FRANCE 2018,Le Castellet,France,,,Permanent,,,0.2530694652263923,0.3063418533625761,0.44058868141103164,1,False,French Grand Prix,french_grand_prix,2018,2018-06-24,100.90908108108108,37,Mid,3.3490000000000038,False,False,False,True
GRO,Haas F1 Team,21,0 days 00:01:38.741000,0 days 00:00:25.133000,0 days 00:00:30.237000,0 days 00:00:43.371000,ULTRASOFT,23,1,,,1,True,0 days 00:46:17.048000,98.741,25.133,30.237,43.371,2777.048,2750.804,25.2,48.0,966.1,False,44.7,348,1.5,False,True,False,FORMULA 1 PIRELLI GRAND PRIX DE FRANCE 2018,Le Castellet,France,,,Permanent,,,0.25453459049432353,0.30622537750275974,0.4392400320029167,1,False,French Grand Prix,french_grand_prix,2018,2018-06-24,104.24109375,32,Opening,3.0460000000000065,False,False,False,True
PER,Force India,21,0 days 00:01:38.696000,0 days 00:00:24.942000,0 days 00:00:30.053000,0 days 00:00:43.701000,Soft,20,1,,,1,True,0 days 00:46:18.438000,98.696,24.942,30.053,43.701,2778.438,2750.804,25.2,48.0,966.1,False,44.7,348,1.5,False,True,False,FORMULA 1 PIRELLI GRAND PRIX DE FRANCE 2018,Le Castellet,France,,,Permanent,,,0.2527154089324795,0.304500688984356,0.4427839020831645,1,False,French Grand Prix,french_grand_prix,2018,2018-06-24,104.93812,25,Opening,0.37699999999999534,False,False,False,True
VAN,McLaren,21,0 days 00:01:39.182000,0 days 00:00:25.149000,0 days 00:00:30.294000,0 days 00:00:43.739000,SUPERSOFT,20,1,,,1,True,0 days 00:46:22.215000,99.182,25.149,30.294,43.739,2782.215,2810.819,25.1,48.0,966.1,False,44.3,134,1.9,False,True,False,FORMULA 1 PIRELLI GRAND PRIX DE FRANCE 2018,Le Castellet,France,,,Permanent,,,0.25356415478615074,0.30543848682220565,0.4409973583916436,1,False,French Grand Prix,french_grand_prix,2018,2018-06-24,101.85713513513514,37,Opening,2.507000000000005,False,False,False,True
HAR,Toro Rosso,21,0 days 00:01:38.874000,0 days 00:00:24.870000,0 days 00:00:30.254000,0 days 00:00:43.750000,ULTRASOFT,20,1,,,1,True,0 days 00:46:26.073000,98.874,24.87,30.254,43.75,2786.073,2810.819,25.1,48.0,966.1,False,44.3,134,1.9,False,True,False,FORMULA 1 PIRELLI GRAND PRIX DE FRANCE 2018,Le Castellet,France,,,Permanent,,,0.2515322531707021,0.3059853955539374,0.44248235127536056,1,False,French Grand Prix,french_grand_prix,2018,2018-06-24,102.32042857142858,35,Opening,2.0349999999999966,False,False,False,True
ERI,Sauber,21,0 days 00:01:38.967000,0 days 00:00:24.828000,0 days 00:00:30.371000,0 days 00:00:43.768000,SUPERSOFT,20,1,,,1,True,0 days 00:46:28.534000,98.967,24.828,30.371,43.768,2788.534,2810.819,25.1,48.0,966.1,False,44.3,134,1.9,False,True,False,FORMULA 1 PIRELLI GRAND PRIX DE FRANCE 2018,Le Castellet,France,,,Permanent,,,0.25087150262208613,0.3068800711348227,0.44224842624309113,1,False,French Grand Prix,french_grand_prix,2018,2018-06-24,104.29169696969697,33,Opening,2.472999999999999,False,False,False,True
ALO,McLaren,21,0 days 00:01:39.003000,0 days 00:00:24.952000,0 days 00:00:30.470000,0 days 00:00:43.581000,Soft,20,2,,,1,True,0 days 00:46:31.519000,99.003,24.952,30.47,43.581,2791.519,2810.819,25.1,48.0,966.1,False,44.3,134,1.9,False,True,False,FORMULA 1 PIRELLI GRAND PRIX DE FRANCE 2018,Le Castellet,France,,,Permanent,,,0.2520327666838379,0.30776845146106685,0.4401987818550953,1,False,French Grand Prix,french_grand_prix,2018,2018-06-24,102.5500909090909,44,Mid,3.8700000000000045,False,False,False,True
STR,Williams,21,0 days 00:01:39.480000,0 days 00:00:25.214000,0 days 00:00:30.368000,0 days 00:00:43.898000,Soft,20,2,,,1,True,0 days 00:46:34.184000,99.48,25.214,30.368,43.898,2794.184,2810.819,25.1,48.0,966.1,False,44.3,134,1.9,False,True,False,FORMULA 1 PIRELLI GRAND PRIX DE FRANCE 2018,Le Castellet,France,,,Permanent,,,0.2534579815038198,0.3052673904302372,0.4412746280659429,1,False,French Grand Prix,french_grand_prix,2018,2018-06-24,102.4190652173913,46,Closing,1.1610000000000014,False,False,False,True
SIR,Williams,21,0 days 00:01:39.469000,0 days 00:00:25.227000,0 days 00:00:30.221000,0 days 00:00:44.021000,Soft,20,2,,,1,True,0 days 00:46:35.762000,99.469,25.227,30.221,44.021,2795.762,2810.819,25.1,48.0,966.1,False,44.3,134,1.9,False,True,False,FORMULA 1 PIRELLI GRAND PRIX DE FRANCE 2018,Le Castellet,France,,,Permanent,,,0.25361670470196745,0.303823301732198,0.44255999356583464,1,False,French Grand Prix,french_grand_prix,2018,2018-06-24,102.90366,50,Closing,1.168999999999997,False,False,False,True
HAM,Mercedes,22,0 days 00:01:36.562000,0 days 00:00:24.438000,0 days 00:00:29.551000,0 days 00:00:42.573000,SUPERSOFT,23,1,,,1,True,0 days 00:47:06.659000,96.562,24.438,29.551,42.573,2826.659,2810.819,25.1,48.0,966.1,False,44.3,134,1.9,False,True,False,FORMULA 1 PIRELLI GRAND PRIX DE FRANCE 2018,Le Castellet,France,,,Permanent,,,0.253080922101862,0.3060313580911746,0.4408877198069634,1,False,French Grand Prix,french_grand_prix,2018,2018-06-24,102.2551935483871,31,Opening,2.0529999999999973,False,False,False,True
VER,Red Bull Racing,22,0 days 00:01:36.802000,0 days 00:00:24.495000,0 days 00:00:29.412000,0 days 00:00:42.895000,SUPERSOFT,24,1,,,1,True,0 days 00:47:12.220000,96.802,24.495,29.412,42.895,2832.22,2810.819,25.1,48.0,966.1,False,44.3,134,1.9,False,True,False,FORMULA 1 PIRELLI GRAND PRIX DE FRANCE 2018,Le Castellet,France,,,Permanent,,,0.25304229251461746,0.30383669758889276,0.4431210098964897,1,False,French Grand Prix,french_grand_prix,2018,2018-06-24,104.67008695652173,23,Opening,2.527000000000001,False,False,False,True
RIC,Red Bull Racing,22,0 days 00:01:36.465000,0 days 00:00:24.365000,0 days 00:00:29.524000,0 days 00:00:42.576000,SUPERSOFT,26,1,,,1,True,0 days 00:47:15.164000,96.465,24.365,29.524,42.576,2835.164,2810.819,25.1,48.0,966.1,False,44.3,134,1.9,False,True,False,FORMULA 1 PIRELLI GRAND PRIX DE FRANCE 2018,Le Castellet,France,,,Permanent,,,0.25257865547089614,0.3060591924532214,0.4413621520758824,1,False,French Grand Prix,french_grand_prix,2018,2018-06-24,103.77253846153847,26,Opening,1.0829999999999984,False,False,False,True
RAI,Ferrari,22,0 days 00:01:36.745000,0 days 00:00:24.499000,0 days 00:00:29.606000,0 days 00:00:42.640000,ULTRASOFT,24,1,,,1,True,0 days 00:47:19.677000,96.745,24.499,29.606,42.64,2839.677,2810.819,25.1,48.0,966.1,False,44.3,134,1.9,False,True,False,FORMULA 1 PIRELLI GRAND PRIX DE FRANCE 2018,Le Castellet,France,,,Permanent,,,0.25323272520543694,0.3060209829965373,0.4407462917980257,1,False,French Grand Prix,french_grand_prix,2018,2018-06-24,102.48946875,32,Opening,2.3470000000000084,False,False,False,True
VET,Ferrari,22,0 days 00:01:36.806000,0 days 00:00:24.560000,0 days 00:00:29.576000,0 days 00:00:42.670000,Soft,21,2,,,1,True,0 days 00:47:37.638000,96.806,24.56,29.576,42.67,2857.638,2870.835,25.5,47.4,966.2,False,44.3,123,1.4,False,True,False,FORMULA 1 PIRELLI GRAND PRIX DE FRANCE 2018,Le Castellet,France,,,Permanent,,,0.25370328285436855,0.30551825300084706,0.44077846414478444,1,False,French Grand Prix,french_grand_prix,2018,2018-06-24,101.26828947368422,38,Mid,2.320999999999998,False,False,False,True
SAI,Renault,22,0 days 00:01:38.844000,0 days 00:00:24.936000,0 days 00:00:30.083000,0 days 00:00:43.825000,ULTRASOFT,24,1,,,1,True,0 days 00:47:43.349000,98.844,24.936,30.083,43.825,2863.349,2870.835,25.5,47.4,966.2,False,44.3,123,1.4,False,True,False,FORMULA 1 PIRELLI GRAND PRIX DE FRANCE 2018,Le Castellet,France,,,Permanent,,,0.25227631419206026,0.30434826595443326,0.4433754198535066,1,False,French Grand Prix,french_grand_prix,2018,2018-06-24,105.94854166666666,24,Opening,3.205999999999989,False,False,False,True
MAG,Haas F1 Team,22,0 days 00:01:38.524000,0 days 00:00:24.913000,0 days 00:00:30.043000,0 days 00:00:43.568000,ULTRASOFT,24,1,,,1,True,0 days 00:47:45.461000,98.524,24.913,30.043,43.568,2865.461,2870.835,25.5,47.4,966.2,False,44.3,123,1.4,False,True,False,FORMULA 1 PIRELLI GRAND PRIX DE FRANCE 2018,Le Castellet,France,,,Permanent,,,0.2528622467622102,0.30493077828752385,0.4422069749502659,1,False,French Grand Prix,french_grand_prix,2018,2018-06-24,105.27073076923078,26,Opening,3.0990000000000038,False,False,False,True
LEC,Sauber,22,0 days 00:01:38.484000,0 days 00:00:24.944000,0 days 00:00:29.731000,0 days 00:00:43.809000,ULTRASOFT,24,1,,,1,True,0 days 00:47:46.360000,98.484,24.944,29.731,43.809,2866.36,2870.835,25.5,47.4,966.2,False,44.3,123,1.4,False,True,False,FORMULA 1 PIRELLI GRAND PRIX DE FRANCE 2018,Le Castellet,France,,,Permanent,,,0.2532797205637464,0.30188660086917674,0.4448336785670769,1,False,French Grand Prix,french_grand_prix,2018,2018-06-24,104.78541379310344,29,Opening,2.506999999999991,False,False,False,True
HUL,Renault,22,0 days 00:01:38.433000,0 days 00:00:24.742000,0 days 00:00:29.880000,0 days 00:00:43.811000,Soft,21,1,,,1,True,0 days 00:47:48.646000,98.433,24.742,29.88,43.811,2868.646,2870.835,25.5,47.4,966.2,False,44.3,123,1.4,False,True,False,FORMULA 1 PIRELLI GRAND PRIX DE FRANCE 2018,Le Castellet,France,,,Permanent,,,0.25135879227494845,0.3035567340221267,0.4450844737029248,1,False,French Grand Prix,french_grand_prix,2018,2018-06-24,103.22897142857143,35,Opening,2.5600000000000023,False,False,False,True
BOT,Mercedes,22,0 days 00:01:37.420000,0 days 00:00:24.741000,0 days 00:00:29.531000,0 days 00:00:43.148000,Soft,21,2,,,1,True,0 days 00:47:51.179000,97.42,24.741,29.531,43.148,2871.179,2870.835,25.5,47.4,966.2,False,44.3,123,1.4,False,True,False,FORMULA 1 PIRELLI GRAND PRIX DE FRANCE 2018,Le Castellet,France,,,Permanent,,,0.2539622254157257,0.3031307739683843,0.44290700061589,1,False,French Grand Prix,french_grand_prix,2018,2018-06-24,100.90908108108108,37,Mid,3.1950000000000074,False,False,False,True
GRO,Haas F1 Team,22,0 days 00:01:38.727000,0 days 00:00:25.078000,0 days 00:00:30.156000,0 days 00:00:43.493000,ULTRASOFT,24,1,,,1,True,0 days 00:47:55.775000,98.727,25.078,30.156,43.493,2875.775,2870.835,25.5,47.4,966.2,False,44.3,123,1.4,False,True,False,FORMULA 1 PIRELLI GRAND PRIX DE FRANCE 2018,Le Castellet,France,,,Permanent,,,0.2540135930393914,0.305448357592148,0.4405380493684605,1,False,French Grand Prix,french_grand_prix,2018,2018-06-24,104.24109375,32,Opening,3.0320000000000107,False,False,False,True
PER,Force India,22,0 days 00:01:38.730000,0 days 00:00:25.076000,0 days 00:00:29.866000,0 days 00:00:43.788000,Soft,21,1,,,1,True,0 days 00:47:57.168000,98.73,25.076,29.866,43.788,2877.168,2870.835,25.5,47.4,966.2,False,44.3,123,1.4,False,True,False,FORMULA 1 PIRELLI GRAND PRIX DE FRANCE 2018,Le Castellet,France,,,Permanent,,,0.2539856173402208,0.3025017725108883,0.4435126101488909,1,False,French Grand Prix,french_grand_prix,2018,2018-06-24,104.93812,25,Opening,0.41100000000000136,False,False,False,True
VAN,McLaren,22,0 days 00:01:38.874000,0 days 00:00:25.012000,0 days 00:00:30.120000,0 days 00:00:43.742000,SUPERSOFT,21,1,,,1,True,0 days 00:48:01.089000,98.874,25.012,30.12,43.742,2881.089,2870.835,25.5,47.4,966.2,False,44.3,123,1.4,False,True,False,FORMULA 1 PIRELLI GRAND PRIX DE FRANCE 2018,Le Castellet,France,,,Permanent,,,0.25296842445941303,0.3046301353237454,0.44240144021684163,1,False,French Grand Prix,french_grand_prix,2018,2018-06-24,101.85713513513514,37,Opening,2.198999999999998,False,False,False,True
HAR,Toro Rosso,22,0 days 00:01:38.873000,0 days 00:00:25.023000,0 days 00:00:30.169000,0 days 00:00:43.681000,ULTRASOFT,21,1,,,1,True,0 days 00:48:04.946000,98.873,25.023,30.169,43.681,2884.946,2870.835,25.5,47.4,966.2,False,44.3,123,1.4,False,True,False,FORMULA 1 PIRELLI GRAND PRIX DE FRANCE 2018,Le Castellet,France,,,Permanent,,,0.25308223680883557,0.30512880159396394,0.4417889615972004,1,False,French Grand Prix,french_grand_prix,2018,2018-06-24,102.32042857142858,35,Opening,2.034000000000006,False,False,False,True
ERI,Sauber,22,0 days 00:01:39.039000,0 days 00:00:24.979000,0 days 00:00:30.095000,0 days 00:00:43.965000,SUPERSOFT,21,1,,,1,True,0 days 00:48:07.573000,99.039,24.979,30.095,43.965,2887.573,2870.835,25.5,47.4,966.2,False,44.3,123,1.4,False,True,False,FORMULA 1 PIRELLI GRAND PRIX DE FRANCE 2018,Le Castellet,France,,,Permanent,,,0.25221377437171216,0.3038701925504094,0.4439160330778784,1,False,French Grand Prix,french_grand_prix,2018,2018-06-24,104.29169696969697,33,Opening,2.5450000000000017,False,False,False,True
ALO,McLaren,22,0 days 00:01:38.877000,0 days 00:00:25.056000,0 days 00:00:30.241000,0 days 00:00:43.580000,Soft,21,2,,,1,True,0 days 00:48:10.396000,98.877,25.056,30.241,43.58,2890.396,2870.835,25.5,47.4,966.2,False,44.3,123,1.4,False,True,False,FORMULA 1 PIRELLI GRAND PRIX DE FRANCE 2018,Le Castellet,France,,,Permanent,,,0.25340574653357206,0.3058446352539013,0.4407496182125267,1,False,French Grand Prix,french_grand_prix,2018,2018-06-24,102.5500909090909,44,Mid,3.7439999999999998,False,False,False,True
STR,Williams,22,0 days 00:01:39.045000,0 days 00:00:25.185000,0 days 00:00:30.152000,0 days 00:00:43.708000,Soft,21,2,,,1,True,0 days 00:48:13.229000,99.045,25.185,30.152,43.708,2893.229,2870.835,25.5,47.4,966.2,False,44.3,123,1.4,False,True,False,FORMULA 1 PIRELLI GRAND PRIX DE FRANCE 2018,Le Castellet,France,,,Permanent,,,0.2542783583219748,0.30442728052905244,0.4412943611489727,1,False,French Grand Prix,french_grand_prix,2018,2018-06-24,102.4190652173913,46,Closing,0.7259999999999991,False,False,False,True
SIR,Williams,22,0 days 00:01:38.925000,0 days 00:00:25.071000,0 days 00:00:29.992000,0 days 00:00:43.862000,Soft,21,2,,,1,True,0 days 00:48:14.687000,98.925,25.071,29.992,43.862,2894.687,2870.835,25.5,47.4,966.2,False,44.3,123,1.4,False,True,False,FORMULA 1 PIRELLI GRAND PRIX DE FRANCE 2018,Le Castellet,France,,,Permanent,,,0.25343442001516303,0.3031791761435431,0.44338640384129396,1,False,French Grand Prix,french_grand_prix,2018,2018-06-24,102.90366,50,Closing,0.625,False,False,False,True
HAM,Mercedes,23,0 days 00:01:36.375000,0 days 00:00:24.257000,0 days 00:00:29.397000,0 days 00:00:42.721000,SUPERSOFT,24,1,,,1,True,0 days 00:48:43.034000,96.375,24.257,29.397,42.721,2923.034,2930.85,25.6,45.8,966.2,False,44.6,76,2.1,False,True,False,FORMULA 1 PIRELLI GRAND PRIX DE FRANCE 2018,Le Castellet,France,,,Permanent,,,0.25169390402075226,0.3050272373540856,0.4432788586251621,1,False,French Grand Prix,french_grand_prix,2018,2018-06-24,102.2551935483871,31,Opening,1.8659999999999997,False,False,False,True
VER,Red Bull Racing,23,0 days 00:01:36.863000,0 days 00:00:24.264000,0 days 00:00:29.402000,0 days 00:00:43.197000,SUPERSOFT,25,1,,,1,True,0 days 00:48:49.083000,96.863,24.264,29.402,43.197,2929.083,2930.85,25.6,45.8,966.2,False,44.6,76,2.1,False,True,False,FORMULA 1 PIRELLI GRAND PRIX DE FRANCE 2018,Le Castellet,France,,,Permanent,,,0.2504981262195059,0.3035421161847145,0.44595975759577966,1,False,French Grand Prix,french_grand_prix,2018,2018-06-24,104.67008695652173,23,Opening,2.587999999999994,False,False,False,True
RIC,Red Bull Racing,23,0 days 00:01:36.624000,0 days 00:00:24.290000,0 days 00:00:29.562000,0 days 00:00:42.772000,SUPERSOFT,27,1,,,1,True,0 days 00:48:51.788000,96.624,24.29,29.562,42.772,2931.788,2930.85,25.6,45.8,966.2,False,44.6,76,2.1,False,True,False,FORMULA 1 PIRELLI GRAND PRIX DE FRANCE 2018,Le Castellet,France,,,Permanent,,,0.25138681900976984,0.3059488325881769,0.4426643484020533,1,False,French Grand Prix,french_grand_prix,2018,2018-06-24,103.77253846153847,26,Opening,1.2419999999999902,False,False,False,True
RAI,Ferrari,23,0 days 00:01:36.523000,0 days 00:00:24.423000,0 days 00:00:29.585000,0 days 00:00:42.515000,ULTRASOFT,25,1,,,1,True,0 days 00:48:56.200000,96.523,24.423,29.585,42.515,2936.2,2930.85,25.6,45.8,966.2,False,44.6,76,2.1,False,True,False,FORMULA 1 PIRELLI GRAND PRIX DE FRANCE 2018,Le Castellet,France,,,Permanent,,,0.25302777576328955,0.3065072573376294,0.44046496689908105,1,False,French Grand Prix,french_grand_prix,2018,2018-06-24,102.48946875,32,Opening,2.125,False,False,False,True
VET,Ferrari,23,0 days 00:01:36.896000,0 days 00:00:24.543000,0 days 00:00:29.655000,0 days 00:00:42.698000,Soft,22,2,,,1,True,0 days 00:49:14.534000,96.896,24.543,29.655,42.698,2954.534,2930.85,25.6,45.8,966.2,False,44.6,76,2.1,False,True,False,FORMULA 1 PIRELLI GRAND PRIX DE FRANCE 2018,Le Castellet,France,,,Permanent,,,0.2532921895640687,0.306049785336856,0.4406580250990753,1,False,French Grand Prix,french_grand_prix,2018,2018-06-24,101.26828947368422,38,Mid,2.4110000000000014,False,False,False,True
SAI,Renault,23,0 days 00:01:38.707000,0 days 00:00:24.848000,0 days 00:00:30.105000,0 days 00:00:43.754000,ULTRASOFT,25,1,,,1,True,0 days 00:49:22.056000,98.707,24.848,30.105,43.754,2962.056,2990.865,25.0,47.0,966.1,False,44.4,71,1.4,False,True,False,FORMULA 1 PIRELLI GRAND PRIX DE FRANCE 2018,Le Castellet,France,,,Permanent,,,0.25173493267954655,0.3049935668189693,0.4432715005014842,1,False,French Grand Prix,french_grand_prix,2018,2018-06-24,105.94854166666666,24,Opening,3.0689999999999884,False,False,False,True
MAG,Haas F1 Team,23,0 days 00:01:38.577000,0 days 00:00:24.959000,0 days 00:00:29.988000,0 days 00:00:43.630000,ULTRASOFT,25,1,,,1,True,0 days 00:49:24.038000,98.577,24.959,29.988,43.63,2964.038,2990.865,25.0,47.0,966.1,False,44.4,71,1.4,False,True,False,FORMULA 1 PIRELLI GRAND PRIX DE FRANCE 2018,Le Castellet,France,,,Permanent,,,0.2531929354717632,0.30420889254085637,0.44259817198738044,1,False,French Grand Prix,french_grand_prix,2018,2018-06-24,105.27073076923078,26,Opening,3.152000000000001,False,False,False,True
LEC,Sauber,23,0 days 00:01:38.498000,0 days 00:00:24.974000,0 days 00:00:29.685000,0 days 00:00:43.839000,ULTRASOFT,25,1,,,1,True,0 days 00:49:24.858000,98.498,24.974,29.685,43.839,2964.858,2990.865,25.0,47.0,966.1,False,44.4,71,1.4,False,True,False,FORMULA 1 PIRELLI GRAND PRIX DE FRANCE 2018,Le Castellet,France,,,Permanent,,,0.25354829539686086,0.30137667769903953,0.44507502690409956,1,False,French Grand Prix,french_grand_prix,2018,2018-06-24,104.78541379310344,29,Opening,2.521000000000001,False,False,False,True
HUL,Renault,23,0 days 00:01:38.177000,0 days 00:00:24.737000,0 days 00:00:29.872000,0 days 00:00:43.568000,Soft,22,1,,,1,True,0 days 00:49:26.823000,98.177,24.737,29.872,43.568,2966.823,2990.865,25.0,47.0,966.1,False,44.4,71,1.4,False,True,False,FORMULA 1 PIRELLI GRAND PRIX DE FRANCE 2018,Le Castellet,France,,,Permanent,,,0.2519632907911221,0.30426678346252173,0.44376992574635604,1,False,French Grand Prix,french_grand_prix,2018,2018-06-24,103.22897142857143,35,Opening,2.304000000000002,False,False,False,True
BOT,Mercedes,23,0 days 00:01:37.629000,0 days 00:00:24.751000,0 days 00:00:29.621000,0 days 00:00:43.257000,Soft,22,2,,,1,True,0 days 00:49:28.808000,97.629,24.751,29.621,43.257,2968.808,2990.865,25.0,47.0,966.1,False,44.4,71,1.4,False,True,False,FORMULA 1 PIRELLI GRAND PRIX DE FRANCE 2018,Le Castellet,France,,,Permanent,,,0.2535209824949554,0.3034037017689416,0.443075315736103,1,False,French Grand Prix,french_grand_prix,2018,2018-06-24,100.90908108108108,37,Mid,3.4040000000000106,False,False,False,True
GRO,Haas F1 Team,23,0 days 00:01:38.605000,0 days 00:00:24.984000,0 days 00:00:30.110000,0 days 00:00:43.511000,ULTRASOFT,25,1,,,1,True,0 days 00:49:34.380000,98.605,24.984,30.11,43.511,2974.38,2990.865,25.0,47.0,966.1,False,44.4,71,1.4,False,True,False,FORMULA 1 PIRELLI GRAND PRIX DE FRANCE 2018,Le Castellet,France,,,Permanent,,,0.2533745753257948,0.3053597687744029,0.44126565589980227,1,False,French Grand Prix,french_grand_prix,2018,2018-06-24,104.24109375,32,Opening,2.910000000000011,False,False,False,True
PER,Force India,23,0 days 00:01:38.514000,0 days 00:00:24.937000,0 days 00:00:29.929000,0 days 00:00:43.648000,Soft,22,1,,,1,True,0 days 00:49:35.682000,98.514,24.937,29.929,43.648,2975.682,2990.865,25.0,47.0,966.1,False,44.4,71,1.4,False,True,False,FORMULA 1 PIRELLI GRAND PRIX DE FRANCE 2018,Le Castellet,France,,,Permanent,,,0.2531315346042187,0.30380453539598434,0.44306392999979705,1,False,French Grand Prix,french_grand_prix,2018,2018-06-24,104.93812,25,Opening,0.19499999999999318,False,False,False,True
VAN,McLaren,23,0 days 00:01:38.683000,0 days 00:00:25.037000,0 days 00:00:30.017000,0 days 00:00:43.629000,SUPERSOFT,22,1,,,1,True,0 days 00:49:39.772000,98.683,25.037,30.017,43.629,2979.772,2990.865,25.0,47.0,966.1,False,44.4,71,1.4,False,True,False,FORMULA 1 PIRELLI GRAND PRIX DE FRANCE 2018,Le Castellet,France,,,Permanent,,,0.25371137885958067,0.30417599789224076,0.44211262324817846,1,False,French Grand Prix,french_grand_prix,2018,2018-06-24,101.85713513513514,37,Opening,2.0080000000000098,False,False,False,True
HAR,Toro Rosso,23,0 days 00:01:39.100000,0 days 00:00:25.035000,0 days 00:00:30.119000,0 days 00:00:43.946000,ULTRASOFT,22,1,,,1,True,0 days 00:49:44.046000,99.1,25.035,30.119,43.946,2984.046,2990.865,25.0,47.0,966.1,False,44.4,71,1.4,False,True,False,FORMULA 1 PIRELLI GRAND PRIX DE FRANCE 2018,Le Castellet,France,,,Permanent,,,0.25262361251261356,0.3039253279515641,0.4434510595358224,1,False,French Grand Prix,french_grand_prix,2018,2018-06-24,102.32042857142858,35,Opening,2.2609999999999957,False,False,False,True
ERI,Sauber,23,0 days 00:01:39.058000,0 days 00:00:24.834000,0 days 00:00:30.166000,0 days 00:00:44.058000,SUPERSOFT,22,1,,,1,True,0 days 00:49:46.631000,99.058,24.834,30.166,44.058,2986.631,2990.865,25.0,47.0,966.1,False,44.4,71,1.4,False,True,False,FORMULA 1 PIRELLI GRAND PRIX DE FRANCE 2018,Le Castellet,France,,,Permanent,,,0.2507016091582709,0.30452865997698314,0.44476973086474586,1,False,French Grand Prix,french_grand_prix,2018,2018-06-24,104.29169696969697,33,Opening,2.564000000000007,False,False,False,True
ALO,McLaren,23,0 days 00:01:38.518000,0 days 00:00:24.866000,0 days 00:00:30.086000,0 days 00:00:43.566000,Soft,22,2,,,1,True,0 days 00:49:48.914000,98.518,24.866,30.086,43.566,2988.914,2990.865,25.0,47.0,966.1,False,44.4,71,1.4,False,True,False,FORMULA 1 PIRELLI GRAND PRIX DE FRANCE 2018,Le Castellet,France,,,Permanent,,,0.2524005765443878,0.3053858178200938,0.4422136056355184,1,False,French Grand Prix,french_grand_prix,2018,2018-06-24,102.5500909090909,44,Mid,3.385000000000005,False,False,False,True
STR,Williams,23,0 days 00:01:39.001000,0 days 00:00:25.069000,0 days 00:00:30.110000,0 days 00:00:43.822000,Soft,22,2,,,1,True,0 days 00:49:52.230000,99.001,25.069,30.11,43.822,2992.23,2990.865,25.0,47.0,966.1,False,44.4,71,1.4,False,True,False,FORMULA 1 PIRELLI GRAND PRIX DE FRANCE 2018,Le Castellet,France,,,Permanent,,,0.25321966444783384,0.3041383420369491,0.44264199351521705,1,False,French Grand Prix,french_grand_prix,2018,2018-06-24,102.4190652173913,46,Closing,0.6820000000000022,False,False,False,True
SIR,Williams,23,0 days 00:01:38.972000,0 days 00:00:25.111000,0 days 00:00:30.027000,0 days 00:00:43.834000,Soft,22,2,,,1,True,0 days 00:49:53.659000,98.972,25.111,30.027,43.834,2993.659,2990.865,25.0,47.0,966.1,False,44.4,71,1.4,False,True,False,FORMULA 1 PIRELLI GRAND PRIX DE FRANCE 2018,Le Castellet,France,,,Permanent,,,0.253718223335893,0.30338883724689814,0.442892939417209,1,False,French Grand Prix,french_grand_prix,2018,2018-06-24,102.90366,50,Closing,0.671999999999997,False,False,False,True
HAM,Mercedes,24,0 days 00:01:36.178000,0 days 00:00:24.223000,0 days 00:00:29.416000,0 days 00:00:42.539000,SUPERSOFT,25,1,,,1,True,0 days 00:50:19.212000,96.178,24.223,29.416,42.539,3019.212,2990.865,25.0,47.0,966.1,False,44.4,71,1.4,False,True,False,FORMULA 1 PIRELLI GRAND PRIX DE FRANCE 2018,Le Castellet,France,,,Permanent,,,0.2518559337894321,0.3058495705878683,0.4422944956226996,1,False,French Grand Prix,french_grand_prix,2018,2018-06-24,102.2551935483871,31,Opening,1.668999999999997,False,False,False,True
VER,Red Bull Racing,24,0 days 00:01:37.046000,0 days 00:00:24.333000,0 days 00:00:29.612000,0 days 00:00:43.101000,SUPERSOFT,26,1,,,1,True,0 days 00:50:26.129000,97.046,24.333,29.612,43.101,3026.129,3050.881,24.9,47.8,966.1,False,44.1,140,1.1,False,True,False,FORMULA 1 PIRELLI GRAND PRIX DE FRANCE 2018,Le Castellet,France,,,Permanent,,,0.2507367640088205,0.3051336479607608,0.4441295880304185,1,False,French Grand Prix,french_grand_prix,2018,2018-06-24,104.67008695652173,23,Opening,2.771000000000001,False,False,False,True
RIC,Red Bull Racing,24,0 days 00:01:36.647000,0 days 00:00:24.345000,0 days 00:00:29.640000,0 days 00:00:42.662000,SUPERSOFT,28,1,,,1,True,0 days 00:50:28.435000,96.647,24.345,29.64,42.662,3028.435,3050.881,24.9,47.8,966.1,False,44.1,140,1.1,False,True,False,FORMULA 1 PIRELLI GRAND PRIX DE FRANCE 2018,Le Castellet,France,,,Permanent,,,0.25189607540844516,0.3066830837998075,0.44142084079174726,1,False,French Grand Prix,french_grand_prix,2018,2018-06-24,103.77253846153847,26,Opening,1.2650000000000006,False,False,False,True
RAI,Ferrari,24,0 days 00:01:36.711000,0 days 00:00:24.422000,0 days 00:00:29.626000,0 days 00:00:42.663000,ULTRASOFT,26,1,,,1,True,0 days 00:50:32.911000,96.711,24.422,29.626,42.663,3032.911,3050.881,24.9,47.8,966.1,False,44.1,140,1.1,False,True,False,FORMULA 1 PIRELLI GRAND PRIX DE FRANCE 2018,Le Castellet,France,,,Permanent,,,0.25252556586117403,0.30633537033015895,0.441139063808667,1,False,French Grand Prix,french_grand_prix,2018,2018-06-24,102.48946875,32,Opening,2.3130000000000024,False,False,False,True
VET,Ferrari,24,0 days 00:01:36.663000,0 days 00:00:24.459000,0 days 00:00:29.554000,0 days 00:00:42.650000,Soft,23,2,,,1,True,0 days 00:50:51.197000,96.663,24.459,29.554,42.65,3051.197,3050.881,24.9,47.8,966.1,False,44.1,140,1.1,False,True,False,FORMULA 1 PIRELLI GRAND PRIX DE FRANCE 2018,Le Castellet,France,,,Permanent,,,0.25303373576239097,0.30574263161706133,0.4412236326205477,1,False,French Grand Prix,french_grand_prix,2018,2018-06-24,101.26828947368422,38,Mid,2.1779999999999973,False,False,False,True
SAI,Renault,24,0 days 00:01:38.451000,0 days 00:00:24.792000,0 days 00:00:30.060000,0 days 00:00:43.599000,ULTRASOFT,26,1,,,1,True,0 days 00:51:00.507000,98.451,24.792,30.06,43.599,3060.507,3050.881,24.9,47.8,966.1,False,44.1,140,1.1,False,True,False,FORMULA 1 PIRELLI GRAND PRIX DE FRANCE 2018,Le Castellet,France,,,Permanent,,,0.25182070268458423,0.3053295548039126,0.44284974251150316,1,False,French Grand Prix,french_grand_prix,2018,2018-06-24,105.94854166666666,24,Opening,2.812999999999988,False,False,False,True
MAG,Haas F1 Team,24,0 days 00:01:38.131000,0 days 00:00:24.901000,0 days 00:00:29.863000,0 days 00:00:43.367000,ULTRASOFT,26,1,,,1,True,0 days 00:51:02.169000,98.131,24.901,29.863,43.367,3062.169,3050.881,24.9,47.8,966.1,False,44.1,140,1.1,False,True,False,FORMULA 1 PIRELLI GRAND PRIX DE FRANCE 2018,Le Castellet,France,,,Permanent,,,0.2537526367814452,0.3043176977713465,0.4419296654472083,1,False,French Grand Prix,french_grand_prix,2018,2018-06-24,105.27073076923078,26,Opening,2.706000000000003,False,False,False,True
HUL,Renault,24,0 days 00:01:37.932000,0 days 00:00:24.814000,0 days 00:00:29.609000,0 days 00:00:43.509000,Soft,23,1,,,1,True,0 days 00:51:04.755000,97.932,24.814,29.609,43.509,3064.755,3050.881,24.9,47.8,966.1,False,44.1,140,1.1,False,True,False,FORMULA 1 PIRELLI GRAND PRIX DE FRANCE 2018,Le Castellet,France,,,Permanent,,,0.253379896254544,0.30234244169423685,0.4442776620512192,1,False,French Grand Prix,french_grand_prix,2018,2018-06-24,103.22897142857143,35,Opening,2.0589999999999975,False,False,False,True
LEC,Sauber,24,0 days 00:01:41.154000,0 days 00:00:26.257000,0 days 00:00:30.779000,0 days 00:00:44.118000,ULTRASOFT,26,1,,,1,True,0 days 00:51:06.012000,101.154,26.257,30.779,44.118,3066.012,3050.881,24.9,47.8,966.1,False,44.1,140,1.1,False,True,False,FORMULA 1 PIRELLI GRAND PRIX DE FRANCE 2018,Le Castellet,France,,,Permanent,,,0.2595745101528363,0.3042786246712933,0.4361468651758705,1,False,French Grand Prix,french_grand_prix,2018,2018-06-24,104.78541379310344,29,Opening,5.1769999999999925,False,False,False,True
BOT,Mercedes,24,0 days 00:01:38.371000,0 days 00:00:24.960000,0 days 00:00:29.954000,0 days 00:00:43.457000,Soft,23,2,,,1,True,0 days 00:51:07.179000,98.371,24.96,29.954,43.457,3067.179,3050.881,24.9,47.8,966.1,False,44.1,140,1.1,False,True,False,FORMULA 1 PIRELLI GRAND PRIX DE FRANCE 2018,Le Castellet,France,,,Permanent,,,0.2537333157129642,0.30450031005072636,0.4417663742363095,1,False,French Grand Prix,french_grand_prix,2018,2018-06-24,100.90908108108108,37,Mid,4.146000000000001,False,False,False,True
GRO,Haas F1 Team,24,0 days 00:01:38.524000,0 days 00:00:24.863000,0 days 00:00:30.200000,0 days 00:00:43.461000,ULTRASOFT,26,1,,,1,True,0 days 00:51:12.904000,98.524,24.863,30.2,43.461,3072.904,3050.881,24.9,47.8,966.1,False,44.1,140,1.1,False,True,False,FORMULA 1 PIRELLI GRAND PRIX DE FRANCE 2018,Le Castellet,France,,,Permanent,,,0.25235475620153464,0.30652429864804515,0.44112094515042016,1,False,French Grand Prix,french_grand_prix,2018,2018-06-24,104.24109375,32,Opening,2.8290000000000077,False,False,False,True
PER,Force India,24,0 days 00:01:38.855000,0 days 00:00:25.117000,0 days 00:00:30.038000,0 days 00:00:43.700000,Soft,23,1,,,1,True,0 days 00:51:14.537000,98.855,25.117,30.038,43.7,3074.537,3050.881,24.9,47.8,966.1,False,44.1,140,1.1,False,True,False,FORMULA 1 PIRELLI GRAND PRIX DE FRANCE 2018,Le Castellet,France,,,Permanent,,,0.25407920691922514,0.3038591876991553,0.44206160538161954,1,False,French Grand Prix,french_grand_prix,2018,2018-06-24,104.93812,25,Opening,0.5360000000000014,False,False,False,True
VAN,McLaren,24,0 days 00:01:38.717000,0 days 00:00:25.017000,0 days 00:00:30.100000,0 days 00:00:43.600000,SUPERSOFT,23,1,,,1,True,0 days 00:51:18.489000,98.717,25.017,30.1,43.6,3078.489,3050.881,24.9,47.8,966.1,False,44.1,140,1.1,False,True,False,FORMULA 1 PIRELLI GRAND PRIX DE FRANCE 2018,Le Castellet,France,,,Permanent,,,0.25342139651731715,0.30491202123241185,0.441666582250271,1,False,French Grand Prix,french_grand_prix,2018,2018-06-24,101.85713513513514,37,Opening,2.0420000000000016,False,False,False,True
HAR,Toro Rosso,24,0 days 00:01:38.772000,0 days 00:00:24.802000,0 days 00:00:30.199000,0 days 00:00:43.771000,ULTRASOFT,23,1,,,1,True,0 days 00:51:22.818000,98.772,24.802,30.199,43.771,3082.818,3110.896,25.2,47.1,966.0,False,44.2,116,1.3,False,True,False,FORMULA 1 PIRELLI GRAND PRIX DE FRANCE 2018,Le Castellet,France,,,Permanent,,,0.25110355161381764,0.3057445429878913,0.443151905398291,1,False,French Grand Prix,french_grand_prix,2018,2018-06-24,102.32042857142858,35,Opening,1.933000000000007,False,False,False,True
ERI,Sauber,24,0 days 00:01:38.837000,0 days 00:00:24.844000,0 days 00:00:30.094000,0 days 00:00:43.899000,SUPERSOFT,23,1,,,1,True,0 days 00:51:25.468000,98.837,24.844,30.094,43.899,3085.468,3110.896,25.2,47.1,966.0,False,44.2,116,1.3,False,True,False,FORMULA 1 PIRELLI GRAND PRIX DE FRANCE 2018,Le Castellet,France,,,Permanent,,,0.25136335582828295,0.30448111537177375,0.44415552879994336,1,False,French Grand Prix,french_grand_prix,2018,2018-06-24,104.29169696969697,33,Opening,2.3430000000000035,False,False,False,True
ALO,McLaren,24,0 days 00:01:38.431000,0 days 00:00:24.823000,0 days 00:00:30.104000,0 days 00:00:43.504000,Soft,23,2,,,1,True,0 days 00:51:27.345000,98.431,24.823,30.104,43.504,3087.345,3110.896,25.2,47.1,966.0,False,44.2,116,1.3,False,True,False,FORMULA 1 PIRELLI GRAND PRIX DE FRANCE 2018,Le Castellet,France,,,Permanent,,,0.2521868110656196,0.3058386077556867,0.4419745811786937,1,False,French Grand Prix,french_grand_prix,2018,2018-06-24,102.5500909090909,44,Mid,3.298000000000002,False,False,False,True
STR,Williams,24,0 days 00:01:38.913000,0 days 00:00:25.040000,0 days 00:00:30.214000,0 days 00:00:43.659000,Soft,23,2,,,1,True,0 days 00:51:31.143000,98.913,25.04,30.214,43.659,3091.143,3110.896,25.2,47.1,966.0,False,44.2,116,1.3,False,True,False,FORMULA 1 PIRELLI GRAND PRIX DE FRANCE 2018,Le Castellet,France,,,Permanent,,,0.2531517596271471,0.30546035404850724,0.44138788632434567,1,False,French Grand Prix,french_grand_prix,2018,2018-06-24,102.4190652173913,46,Closing,0.5939999999999941,False,False,False,True
SIR,Williams,24,0 days 00:01:38.998000,0 days 00:00:25.007000,0 days 00:00:30.008000,0 days 00:00:43.983000,Soft,23,2,,,1,True,0 days 00:51:32.657000,98.998,25.007,30.008,43.983,3092.657,3110.896,25.2,47.1,966.0,False,44.2,116,1.3,False,True,False,FORMULA 1 PIRELLI GRAND PRIX DE FRANCE 2018,Le Castellet,France,,,Permanent,,,0.25260106264773025,0.3031172346916099,0.44428170266065975,1,False,French Grand Prix,french_grand_prix,2018,2018-06-24,102.90366,50,Closing,0.6980000000000075,False,False,False,True
HAM,Mercedes,25,0 days 00:01:36.364000,0 days 00:00:24.197000,0 days 00:00:29.402000,0 days 00:00:42.765000,SUPERSOFT,26,1,,,1,True,0 days 00:51:55.576000,96.364,24.197,29.402,42.765,3115.576,3110.896,25.2,47.1,966.0,False,44.2,116,1.3,False,True,False,FORMULA 1 PIRELLI GRAND PRIX DE FRANCE 2018,Le Castellet,France,,,Permanent,,,0.2510999958490722,0.30511394296625294,0.4437860611846748,1,False,French Grand Prix,french_grand_prix,2018,2018-06-24,102.2551935483871,31,Opening,1.855000000000004,False,False,False,True
RIC,Red Bull Racing,25,0 days 00:01:36.578000,0 days 00:00:24.263000,0 days 00:00:29.472000,0 days 00:00:42.843000,SUPERSOFT,29,1,,,1,True,0 days 00:52:05.013000,96.578,24.263,29.472,42.843,3125.013,3110.896,25.2,47.1,966.0,False,44.2,116,1.3,False,True,False,FORMULA 1 PIRELLI GRAND PRIX DE FRANCE 2018,Le Castellet,France,,,Permanent,,,0.2512269875126841,0.3051626664457744,0.4436103460415416,1,False,French Grand Prix,french_grand_prix,2018,2018-06-24,103.77253846153847,26,Opening,1.195999999999998,False,False,False,True
RAI,Ferrari,25,0 days 00:01:36.855000,0 days 00:00:24.312000,0 days 00:00:29.562000,0 days 00:00:42.981000,ULTRASOFT,27,1,,,1,True,0 days 00:52:09.766000,96.855,24.312,29.562,42.981,3129.766,3110.896,25.2,47.1,966.0,False,44.2,116,1.3,False,True,False,FORMULA 1 PIRELLI GRAND PRIX DE FRANCE 2018,Le Castellet,France,,,Permanent,,,0.2510144029735171,0.3052191420164163,0.4437664550100666,1,False,French Grand Prix,french_grand_prix,2018,2018-06-24,102.48946875,32,Opening,2.457000000000008,False,False,False,True
VER,Red Bull Racing,25,0 days 00:01:57.620000,0 days 00:00:24.318000,0 days 00:00:29.511000,0 days 00:01:03.791000,SUPERSOFT,27,1,0 days 00:52:00.039000,,1,False,0 days 00:52:23.749000,117.62,24.318,29.511,63.791,3143.749,3170.909,25.3,46.1,966.0,False,43.7,83,2.3,False,True,False,FORMULA 1 PIRELLI GRAND PRIX DE FRANCE 2018,Le Castellet,France,,,Permanent,25.0,,0.20675055262710423,0.25090120727767384,0.5423482400952219,1,False,French Grand Prix,french_grand_prix,2018,2018-06-24,104.67008695652173,23,Opening,23.345,False,False,False,True
VET,Ferrari,25,0 days 00:01:36.282000,0 days 00:00:24.435000,0 days 00:00:29.485000,0 days 00:00:42.362000,Soft,24,2,,,1,True,0 days 00:52:27.479000,96.282,24.435,29.485,42.362,3147.479,3170.909,25.3,46.1,966.0,False,43.7,83,2.3,False,True,False,FORMULA 1 PIRELLI GRAND PRIX DE FRANCE 2018,Le Castellet,France,,,Permanent,,,0.25378575434660683,0.30623584886063854,0.43997839679275463,1,False,French Grand Prix,french_grand_prix,2018,2018-06-24,101.26828947368422,38,Mid,1.796999999999997,False,False,False,True
SAI,Renault,25,0 days 00:01:38.815000,0 days 00:00:24.731000,0 days 00:00:30.148000,0 days 00:00:43.936000,ULTRASOFT,27,1,,,1,True,0 days 00:52:39.322000,98.815,24.731,30.148,43.936,3159.322,3170.909,25.3,46.1,966.0,False,43.7,83,2.3,False,True,False,FORMULA 1 PIRELLI GRAND PRIX DE FRANCE 2018,Le Castellet,France,,,Permanent,,,0.2502757678490108,0.305095380256034,0.4446288518949552,1,False,French Grand Prix,french_grand_prix,2018,2018-06-24,105.94854166666666,24,Opening,3.1769999999999925,False,False,False,True
MAG,Haas F1 Team,25,0 days 00:01:38.301000,0 days 00:00:24.815000,0 days 00:00:30.005000,0 days 00:00:43.481000,ULTRASOFT,27,1,,,1,True,0 days 00:52:40.470000,98.301,24.815,30.005,43.481,3160.47,3170.909,25.3,46.1,966.0,False,43.7,83,2.3,False,True,False,FORMULA 1 PIRELLI GRAND PRIX DE FRANCE 2018,Le Castellet,France,,,Permanent,,,0.2524389375489568,0.3052359589424319,0.4423251035086113,1,False,French Grand Prix,french_grand_prix,2018,2018-06-24,105.27073076923078,26,Opening,2.8760000000000048,False,False,False,True
HUL,Renault,25,0 days 00:01:38.006000,0 days 00:00:24.549000,0 days 00:00:29.901000,0 days 00:00:43.556000,Soft,24,1,,,1,True,0 days 00:52:42.761000,98.006,24.549,29.901,43.556,3162.761,3170.909,25.3,46.1,966.0,False,43.7,83,2.3,False,True,False,FORMULA 1 PIRELLI GRAND PRIX DE FRANCE 2018,Le Castellet,France,,,Permanent,,,0.2504846642042324,0.3050935657000592,0.4444217700957084,1,False,French Grand Prix,french_grand_prix,2018,2018-06-24,103.22897142857143,35,Opening,2.1329999999999956,False,False,False,True
LEC,Sauber,25,0 days 00:01:38.810000,0 days 00:00:25.111000,0 days 00:00:30.022000,0 days 00:00:43.677000,ULTRASOFT,27,1,,,1,True,0 days 00:52:44.822000,98.81,25.111,30.022,43.677,3164.822,3170.909,25.3,46.1,966.0,False,43.7,83,2.3,False,True,False,FORMULA 1 PIRELLI GRAND PRIX DE FRANCE 2018,Le Castellet,France,,,Permanent,,,0.2541341969436292,0.30383564416557024,0.4420301588908005,1,False,French Grand Prix,french_grand_prix,2018,2018-06-24,104.78541379310344,29,Opening,2.8329999999999984,False,False,False,True
BOT,Mercedes,25,0 days 00:01:38.519000,0 days 00:00:25.065000,0 days 00:00:29.878000,0 days 00:00:43.576000,Soft,24,2,,,1,True,0 days 00:52:45.698000,98.519,25.065,29.878,43.576,3165.698,3170.909,25.3,46.1,966.0,False,43.7,83,2.3,False,True,False,FORMULA 1 PIRELLI GRAND PRIX DE FRANCE 2018,Le Castellet,France,,,Permanent,,,0.2544179295364346,0.3032714501771232,0.4423106202864422,1,False,French Grand Prix,french_grand_prix,2018,2018-06-24,100.90908108108108,37,Mid,4.294000000000011,False,False,False,True
GRO,Haas F1 Team,25,0 days 00:01:38.529000,0 days 00:00:24.708000,0 days 00:00:30.206000,0 days 00:00:43.615000,ULTRASOFT,27,1,,,1,True,0 days 00:52:51.433000,98.529,24.708,30.206,43.615,3171.433,3170.909,25.3,46.1,966.0,False,43.7,83,2.3,False,True,False,FORMULA 1 PIRELLI GRAND PRIX DE FRANCE 2018,Le Castellet,France,,,Permanent,,,0.25076880918308314,0.3065696393955079,0.44266155142140895,1,False,French Grand Prix,french_grand_prix,2018,2018-06-24,104.24109375,32,Opening,2.834000000000003,False,False,False,True
PER,Force India,25,0 days 00:01:38.319000,0 days 00:00:24.933000,0 days 00:00:29.886000,0 days 00:00:43.500000,Soft,24,1,,,1,True,0 days 00:52:52.856000,98.319,24.933,29.886,43.5,3172.856,3170.909,25.3,46.1,966.0,False,43.7,83,2.3,False,True,False,FORMULA 1 PIRELLI GRAND PRIX DE FRANCE 2018,Le Castellet,France,,,Permanent,,,0.2535928965917066,0.3039697311811552,0.4424373722271382,1,False,French Grand Prix,french_grand_prix,2018,2018-06-24,104.93812,25,Opening,0.0,False,False,False,True
VAN,McLaren,25,0 days 00:01:38.476000,0 days 00:00:24.810000,0 days 00:00:30.074000,0 days 00:00:43.592000,SUPERSOFT,24,1,,,1,True,0 days 00:52:56.965000,98.476,24.81,30.074,43.592,3176.965,3170.909,25.3,46.1,966.0,False,43.7,83,2.3,False,True,False,FORMULA 1 PIRELLI GRAND PRIX DE FRANCE 2018,Le Castellet,France,,,Permanent,,,0.25193955887728986,0.3053942077257403,0.4426662333969698,1,False,French Grand Prix,french_grand_prix,2018,2018-06-24,101.85713513513514,37,Opening,1.801000000000002,False,False,False,True
HAR,Toro Rosso,25,0 days 00:01:38.564000,0 days 00:00:24.857000,0 days 00:00:30.066000,0 days 00:00:43.641000,ULTRASOFT,24,1,,,1,True,0 days 00:53:01.382000,98.564,24.857,30.066,43.641,3181.382,3170.909,25.3,46.1,966.0,False,43.7,83,2.3,False,True,False,FORMULA 1 PIRELLI GRAND PRIX DE FRANCE 2018,Le Castellet,France,,,Permanent,,,0.25219146950204946,0.3050403798547137,0.4427681506432369,1,False,French Grand Prix,french_grand_prix,2018,2018-06-24,102.32042857142858,35,Opening,1.7249999999999943,False,False,False,True
ERI,Sauber,25,0 days 00:01:38.552000,0 days 00:00:24.828000,0 days 00:00:30.071000,0 days 00:00:43.653000,SUPERSOFT,24,1,,,1,True,0 days 00:53:04.020000,98.552,24.828,30.071,43.653,3184.02,3170.909,25.3,46.1,966.0,False,43.7,83,2.3,False,True,False,FORMULA 1 PIRELLI GRAND PRIX DE FRANCE 2018,Le Castellet,France,,,Permanent,,,0.2519279162269665,0.3051282571637308,0.44294382660930265,1,False,French Grand Prix,french_grand_prix,2018,2018-06-24,104.29169696969697,33,Opening,2.058000000000007,False,False,False,True
ALO,McLaren,25,0 days 00:01:38.352000,0 days 00:00:24.834000,0 days 00:00:30.019000,0 days 00:00:43.499000,Soft,24,2,,,1,True,0 days 00:53:05.697000,98.352,24.834,30.019,43.499,3185.697,3170.909,25.3,46.1,966.0,False,43.7,83,2.3,False,True,False,FORMULA 1 PIRELLI GRAND PRIX DE FRANCE 2018,Le Castellet,France,,,Permanent,,,0.2525012201073694,0.3052200260289572,0.4422787538636733,1,False,French Grand Prix,french_grand_prix,2018,2018-06-24,102.5500909090909,44,Mid,3.2190000000000083,False,False,False,True
STR,Williams,25,0 days 00:01:38.787000,0 days 00:00:24.946000,0 days 00:00:30.150000,0 days 00:00:43.691000,Soft,24,2,,,1,True,0 days 00:53:09.930000,98.787,24.946,30.15,43.691,3189.93,3170.909,25.3,46.1,966.0,False,43.7,83,2.3,False,True,False,FORMULA 1 PIRELLI GRAND PRIX DE FRANCE 2018,Le Castellet,France,,,Permanent,,,0.2525231052668873,0.30520210149108684,0.4422747932420258,1,False,French Grand Prix,french_grand_prix,2018,2018-06-24,102.4190652173913,46,Closing,0.4680000000000035,False,False,False,True
SIR,Williams,25,0 days 00:01:38.835000,0 days 00:00:24.959000,0 days 00:00:29.899000,0 days 00:00:43.977000,Soft,24,2,,,1,True,0 days 00:53:11.492000,98.835,24.959,29.899,43.977,3191.492,3170.909,25.3,46.1,966.0,False,43.7,83,2.3,False,True,False,FORMULA 1 PIRELLI GRAND PRIX DE FRANCE 2018,Le Castellet,France,,,Permanent,,,0.25253199777406793,0.30251429149592757,0.44495371073000456,1,False,French Grand Prix,french_grand_prix,2018,2018-06-24,102.90366,50,Closing,0.5349999999999966,False,False,False,True
HAM,Mercedes,26,0 days 00:01:35.663000,0 days 00:00:24.074000,0 days 00:00:29.283000,0 days 00:00:42.306000,SUPERSOFT,27,1,,,1,True,0 days 00:53:31.239000,95.663,24.074,29.283,42.306,3211.239,3230.923,24.9,47.3,965.9,False,43.0,126,2.6,False,True,False,FORMULA 1 PIRELLI GRAND PRIX DE FRANCE 2018,Le Castellet,France,,,Permanent,,,0.2516542445877717,0.30610580893344347,0.4422399464787849,1,False,French Grand Prix,french_grand_prix,2018,2018-06-24,102.2551935483871,31,Opening,1.1539999999999964,False,False,False,True
RIC,Red Bull Racing,26,0 days 00:01:36.792000,0 days 00:00:24.140000,0 days 00:00:29.701000,0 days 00:00:42.951000,SUPERSOFT,30,1,,,1,True,0 days 00:53:41.805000,96.792,24.14,29.701,42.951,3221.805,3230.923,24.9,47.3,965.9,False,43.0,126,2.6,False,True,False,FORMULA 1 PIRELLI GRAND PRIX DE FRANCE 2018,Le Castellet,France,,,Permanent,,,0.2494007769237127,0.3068538722208447,0.4437453508554426,1,False,French Grand Prix,french_grand_prix,2018,2018-06-24,103.77253846153847,26,Opening,1.4099999999999966,False,False,False,True
RAI,Ferrari,26,0 days 00:01:37.031000,0 days 00:00:24.319000,0 days 00:00:29.794000,0 days 00:00:42.918000,ULTRASOFT,28,1,,,1,True,0 days 00:53:46.797000,97.031,24.319,29.794,42.918,3226.797,3230.923,24.9,47.3,965.9,False,43.0,126,2.6,False,True,False,FORMULA 1 PIRELLI GRAND PRIX DE FRANCE 2018,Le Castellet,France,,,Permanent,,,0.250631241561975,0.30705650771402954,0.4423122507239954,1,False,French Grand Prix,french_grand_prix,2018,2018-06-24,102.48946875,32,Opening,2.6330000000000098,False,False,False,True
VER,Red Bull Racing,26,0 days 00:01:39.203000,0 days 00:00:27.367000,0 days 00:00:29.085000,0 days 00:00:42.751000,Soft,1,2,,0 days 00:52:24.569000,1,False,0 days 00:54:02.952000,99.203,27.367,29.085,42.751,3242.952,3230.923,24.9,47.3,965.9,False,43.0,126,2.6,False,True,False,FORMULA 1 PIRELLI GRAND PRIX DE FRANCE 2018,Le Castellet,France,,,Permanent,,,0.2758686733264115,0.2931866979829239,0.4309446286906646,1,False,French Grand Prix,french_grand_prix,2018,2018-06-24,97.19075,28,Closing,4.927999999999997,False,False,False,True
VET,Ferrari,26,0 days 00:01:37.183000,0 days 00:00:25.085000,0 days 00:00:29.382000,0 days 00:00:42.716000,Soft,25,2,,,1,True,0 days 00:54:04.662000,97.183,25.085,29.382,42.716,3244.662,3230.923,24.9,47.3,965.9,False,43.0,126,2.6,False,True,False,FORMULA 1 PIRELLI GRAND PRIX DE FRANCE 2018,Le Castellet,France,,,Permanent,,,0.25812127635491805,0.30233682845765203,0.43954189518742987,1,False,French Grand Prix,french_grand_prix,2018,2018-06-24,101.26828947368422,38,Mid,2.6980000000000075,False,False,False,True
MAG,Haas F1 Team,26,0 days 00:01:38.572000,0 days 00:00:24.961000,0 days 00:00:30.015000,0 days 00:00:43.596000,ULTRASOFT,28,1,,,1,True,0 days 00:54:19.042000,98.572,24.961,30.015,43.596,3259.042,3230.923,24.9,47.3,965.9,False,43.0,126,2.6,False,True,False,FORMULA 1 PIRELLI GRAND PRIX DE FRANCE 2018,Le Castellet,France,,,Permanent,,,0.25322606825467675,0.30449823479284177,0.44227569695248137,1,False,French Grand Prix,french_grand_prix,2018,2018-06-24,105.27073076923078,26,Opening,3.1470000000000056,False,False,False,True
HUL,Renault,26,0 days 00:01:37.991000,0 days 00:00:24.641000,0 days 00:00:29.760000,0 days 00:00:43.590000,Soft,25,1,,,1,True,0 days 00:54:20.752000,97.991,24.641,29.76,43.59,3260.752,3230.923,24.9,47.3,965.9,False,43.0,126,2.6,False,True,False,FORMULA 1 PIRELLI GRAND PRIX DE FRANCE 2018,Le Castellet,France,,,Permanent,,,0.25146186894714817,0.30370136032900985,0.44483677072384203,1,False,French Grand Prix,french_grand_prix,2018,2018-06-24,103.22897142857143,35,Opening,2.117999999999995,False,False,False,True
LEC,Sauber,26,0 days 00:01:38.487000,0 days 00:00:24.942000,0 days 00:00:29.953000,0 days 00:00:43.592000,ULTRASOFT,28,1,,,1,True,0 days 00:54:23.309000,98.487,24.942,29.953,43.592,3263.309,3290.938,24.8,48.1,966.1,False,43.0,95,1.6,False,True,False,FORMULA 1 PIRELLI GRAND PRIX DE FRANCE 2018,Le Castellet,France,,,Permanent,,,0.25325169819367027,0.30413150974240255,0.44261679206392723,1,False,French Grand Prix,french_grand_prix,2018,2018-06-24,104.78541379310344,29,Opening,2.509999999999991,False,False,False,True
BOT,Mercedes,26,0 days 00:01:38.393000,0 days 00:00:25.126000,0 days 00:00:29.812000,0 days 00:00:43.455000,Soft,25,2,,,1,True,0 days 00:54:24.091000,98.393,25.126,29.812,43.455,3264.091,3290.938,24.8,48.1,966.1,False,43.0,95,1.6,False,True,False,FORMULA 1 PIRELLI GRAND PRIX DE FRANCE 2018,Le Castellet,France,,,Permanent,,,0.25536369457176833,0.30298903377272773,0.44164727165550394,1,False,French Grand Prix,french_grand_prix,2018,2018-06-24,100.90908108108108,37,Mid,4.168000000000006,False,False,False,True
GRO,Haas F1 Team,26,0 days 00:01:38.424000,0 days 00:00:24.945000,0 days 00:00:30.089000,0 days 00:00:43.390000,ULTRASOFT,28,1,,,1,True,0 days 00:54:29.857000,98.424,24.945,30.089,43.39,3269.857,3290.938,24.8,48.1,966.1,False,43.0,95,1.6,False,True,False,FORMULA 1 PIRELLI GRAND PRIX DE FRANCE 2018,Le Castellet,France,,,Permanent,,,0.2534442818824677,0.30570795740876205,0.4408477607087702,1,False,French Grand Prix,french_grand_prix,2018,2018-06-24,104.24109375,32,Opening,2.7290000000000134,False,False,False,True
PER,Force India,26,0 days 00:01:38.481000,0 days 00:00:24.962000,0 days 00:00:30.017000,0 days 00:00:43.502000,Soft,25,1,,,1,True,0 days 00:54:31.337000,98.481,24.962,30.017,43.502,3271.337,3290.938,24.8,48.1,966.1,False,43.0,95,1.6,False,True,False,FORMULA 1 PIRELLI GRAND PRIX DE FRANCE 2018,Le Castellet,France,,,Permanent,,,0.253470212528305,0.30479991064266204,0.4417298768290331,1,False,French Grand Prix,french_grand_prix,2018,2018-06-24,104.93812,25,Opening,0.16199999999999193,False,False,False,True
VAN,McLaren,26,0 days 00:01:38.488000,0 days 00:00:24.981000,0 days 00:00:30.048000,0 days 00:00:43.459000,SUPERSOFT,25,1,,,1,True,0 days 00:54:35.453000,98.488,24.981,30.048,43.459,3275.453,3290.938,24.8,48.1,966.1,False,43.0,95,1.6,False,True,False,FORMULA 1 PIRELLI GRAND PRIX DE FRANCE 2018,Le Castellet,France,,,Permanent,,,0.2536451141255788,0.3050930062545691,0.4412618796198522,1,False,French Grand Prix,french_grand_prix,2018,2018-06-24,101.85713513513514,37,Opening,1.8130000000000024,False,False,False,True
HAR,Toro Rosso,26,0 days 00:01:38.674000,0 days 00:00:24.926000,0 days 00:00:30.134000,0 days 00:00:43.614000,ULTRASOFT,25,1,,,1,True,0 days 00:54:40.056000,98.674,24.926,30.134,43.614,3280.056,3290.938,24.8,48.1,966.1,False,43.0,95,1.6,False,True,False,FORMULA 1 PIRELLI GRAND PRIX DE FRANCE 2018,Le Castellet,France,,,Permanent,,,0.25260960334029225,0.30538946429657254,0.4420009323631351,1,False,French Grand Prix,french_grand_prix,2018,2018-06-24,102.32042857142858,35,Opening,1.835000000000008,False,False,False,True
SAI,Renault,26,0 days 00:02:00.939000,0 days 00:00:24.835000,0 days 00:00:30.119000,0 days 00:01:05.985000,ULTRASOFT,28,1,0 days 00:54:15.625000,,1,False,0 days 00:54:40.261000,120.939,24.835,30.119,65.985,3280.261,3290.938,24.8,48.1,966.1,False,43.0,95,1.6,False,True,False,FORMULA 1 PIRELLI GRAND PRIX DE FRANCE 2018,Le Castellet,France,,,Permanent,26.0,,0.2053514581731286,0.24904290592778178,0.5456056358990896,1,False,French Grand Prix,french_grand_prix,2018,2018-06-24,105.94854166666666,24,Opening,25.300999999999988,False,False,False,True
ERI,Sauber,26,0 days 00:01:38.765000,0 days 00:00:24.849000,0 days 00:00:30.027000,0 days 00:00:43.889000,SUPERSOFT,25,1,,,1,True,0 days 00:54:42.785000,98.765,24.849,30.027,43.889,3282.785,3290.938,24.8,48.1,966.1,False,43.0,95,1.6,False,True,False,FORMULA 1 PIRELLI GRAND PRIX DE FRANCE 2018,Le Castellet,France,,,Permanent,,,0.2515972257378626,0.3040247051080849,0.4443780691540526,1,False,French Grand Prix,french_grand_prix,2018,2018-06-24,104.29169696969697,33,Opening,2.271000000000001,False,False,False,True
ALO,McLaren,26,0 days 00:01:38.439000,0 days 00:00:24.911000,0 days 00:00:30.009000,0 days 00:00:43.519000,Soft,25,2,,,1,True,0 days 00:54:44.136000,98.439,24.911,30.009,43.519,3284.136,3290.938,24.8,48.1,966.1,False,43.0,95,1.6,False,True,False,FORMULA 1 PIRELLI GRAND PRIX DE FRANCE 2018,Le Castellet,France,,,Permanent,,,0.25306027082761917,0.3048486880199921,0.4420910411523888,1,False,French Grand Prix,french_grand_prix,2018,2018-06-24,102.5500909090909,44,Mid,3.3059999999999974,False,False,False,True
STR,Williams,26,0 days 00:01:38.894000,0 days 00:00:25.194000,0 days 00:00:30.163000,0 days 00:00:43.537000,Soft,25,2,,,1,True,0 days 00:54:48.824000,98.894,25.194,30.163,43.537,3288.824,3290.938,24.8,48.1,966.1,False,43.0,95,1.6,False,True,False,FORMULA 1 PIRELLI GRAND PRIX DE FRANCE 2018,Le Castellet,France,,,Permanent,,,0.2547576192691164,0.30500333690618237,0.44023904382470114,1,False,French Grand Prix,french_grand_prix,2018,2018-06-24,102.4190652173913,46,Closing,0.5750000000000028,False,False,False,True
SIR,Williams,26,0 days 00:01:38.712000,0 days 00:00:24.927000,0 days 00:00:29.935000,0 days 00:00:43.850000,Soft,25,2,,,1,True,0 days 00:54:50.204000,98.712,24.927,29.935,43.85,3290.204,3290.938,24.8,48.1,966.1,False,43.0,95,1.6,False,True,False,FORMULA 1 PIRELLI GRAND PRIX DE FRANCE 2018,Le Castellet,France,,,Permanent,,,0.25252248966690977,0.30325593646162574,0.44422157387146444,1,False,French Grand Prix,french_grand_prix,2018,2018-06-24,102.90366,50,Closing,0.41200000000000614,False,False,False,True
HAM,Mercedes,27,0 days 00:01:35.793000,0 days 00:00:24.034000,0 days 00:00:29.402000,0 days 00:00:42.357000,SUPERSOFT,28,1,,,1,True,0 days 00:55:07.032000,95.793,24.034,29.402,42.357,3307.032,3290.938,24.8,48.1,966.1,False,43.0,95,1.6,False,True,False,FORMULA 1 PIRELLI GRAND PRIX DE FRANCE 2018,Le Castellet,France,,,Permanent,,,0.25089515935402373,0.30693265687471943,0.4421721837712567,1,False,French Grand Prix,french_grand_prix,2018,2018-06-24,102.2551935483871,31,Opening,1.284000000000006,False,False,False,True
RIC,Red Bull Racing,27,0 days 00:01:37.200000,0 days 00:00:24.482000,0 days 00:00:29.660000,0 days 00:00:43.058000,SUPERSOFT,31,1,,,1,True,0 days 00:55:19.005000,97.2,24.482,29.66,43.058,3319.005,3290.938,24.8,48.1,966.1,False,43.0,95,1.6,False,True,False,FORMULA 1 PIRELLI GRAND PRIX DE FRANCE 2018,Le Castellet,France,,,Permanent,,,0.2518724279835391,0.3051440329218107,0.4429835390946502,1,False,French Grand Prix,french_grand_prix,2018,2018-06-24,103.77253846153847,26,Opening,1.8179999999999978,False,False,False,True
RAI,Ferrari,27,0 days 00:01:36.737000,0 days 00:00:24.336000,0 days 00:00:29.668000,0 days 00:00:42.733000,ULTRASOFT,29,1,,,1,True,0 days 00:55:23.534000,96.737,24.336,29.668,42.733,3323.534,3350.952,24.8,48.0,966.2,False,43.1,74,1.3,False,True,False,FORMULA 1 PIRELLI GRAND PRIX DE FRANCE 2018,Le Castellet,France,,,Permanent,,,0.2515686862317417,0.3066872034485254,0.4417441103197329,1,False,French Grand Prix,french_grand_prix,2018,2018-06-24,102.48946875,32,Opening,2.3389999999999986,False,False,False,True
VER,Red Bull Racing,27,0 days 00:01:35.914000,0 days 00:00:23.941000,0 days 00:00:29.240000,0 days 00:00:42.733000,Soft,2,2,,,1,True,0 days 00:55:38.866000,95.914,23.941,29.24,42.733,3338.866,3350.952,24.8,48.0,966.2,False,43.1,74,1.3,False,True,False,FORMULA 1 PIRELLI GRAND PRIX DE FRANCE 2018,Le Castellet,France,,,Permanent,,,0.24960902475133973,0.30485643388869194,0.4455345413599683,1,False,French Grand Prix,french_grand_prix,2018,2018-06-24,97.19075,28,Closing,1.6389999999999958,False,False,False,True
VET,Ferrari,27,0 days 00:01:36.518000,0 days 00:00:24.428000,0 days 00:00:29.462000,0 days 00:00:42.628000,Soft,26,2,,,1,True,0 days 00:55:41.180000,96.518,24.428,29.462,42.628,3341.18,3350.952,24.8,48.0,966.2,False,43.1,74,1.3,False,True,False,FORMULA 1 PIRELLI GRAND PRIX DE FRANCE 2018,Le Castellet,France,,,Permanent,,,0.2530926873743758,0.3052487618889741,0.44165855073665017,1,False,French Grand Prix,french_grand_prix,2018,2018-06-24,101.26828947368422,38,Mid,2.0330000000000013,False,False,False,True
MAG,Haas F1 Team,27,0 days 00:01:37.903000,0 days 00:00:24.558000,0 days 00:00:30.087000,0 days 00:00:43.258000,ULTRASOFT,29,1,,,1,True,0 days 00:55:56.945000,97.903,24.558,30.087,43.258,3356.945,3350.952,24.8,48.0,966.2,False,43.1,74,1.3,False,True,False,FORMULA 1 PIRELLI GRAND PRIX DE FRANCE 2018,Le Castellet,France,,,Permanent,,,0.2508401172589195,0.30731438260318883,0.4418455001378916,1,False,French Grand Prix,french_grand_prix,2018,2018-06-24,105.27073076923078,26,Opening,2.4780000000000086,False,False,False,True
HUL,Renault,27,0 days 00:01:38.141000,0 days 00:00:24.708000,0 days 00:00:30.060000,0 days 00:00:43.373000,Soft,26,1,,,1,True,0 days 00:55:58.893000,98.141,24.708,30.06,43.373,3358.893,3350.952,24.8,48.0,966.2,False,43.1,74,1.3,False,True,False,FORMULA 1 PIRELLI GRAND PRIX DE FRANCE 2018,Le Castellet,France,,,Permanent,,,0.2517602225369621,0.306294005563424,0.44194577189961376,1,False,French Grand Prix,french_grand_prix,2018,2018-06-24,103.22897142857143,35,Opening,2.2680000000000007,False,False,False,True
LEC,Sauber,27,0 days 00:01:38.477000,0 days 00:00:24.821000,0 days 00:00:29.985000,0 days 00:00:43.671000,ULTRASOFT,29,1,,,1,True,0 days 00:56:01.786000,98.477,24.821,29.985,43.671,3361.786,3350.952,24.8,48.0,966.2,False,43.1,74,1.3,False,True,False,FORMULA 1 PIRELLI GRAND PRIX DE FRANCE 2018,Le Castellet,France,,,Permanent,,,0.25204870172730687,0.30448734222204166,0.4434639560506514,1,False,French Grand Prix,french_grand_prix,2018,2018-06-24,104.78541379310344,29,Opening,2.5,False,False,False,True
BOT,Mercedes,27,0 days 00:01:38.263000,0 days 00:00:24.880000,0 days 00:00:29.767000,0 days 00:00:43.616000,Soft,26,2,,,1,True,0 days 00:56:02.354000,98.263,24.88,29.767,43.616,3362.354,3350.952,24.8,48.0,966.2,False,43.1,74,1.3,False,True,False,FORMULA 1 PIRELLI GRAND PRIX DE FRANCE 2018,Le Castellet,France,,,Permanent,,,0.25319805013077146,0.3029319275821011,0.44387002228712735,1,False,French Grand Prix,french_grand_prix,2018,2018-06-24,100.90908108108108,37,Mid,4.038000000000011,False,False,False,True
GRO,Haas F1 Team,27,0 days 00:01:38.409000,0 days 00:00:24.683000,0 days 00:00:30.114000,0 days 00:00:43.612000,ULTRASOFT,29,1,,,1,True,0 days 00:56:08.266000,98.409,24.683,30.114,43.612,3368.266,3350.952,24.8,48.0,966.2,False,43.1,74,1.3,False,True,False,FORMULA 1 PIRELLI GRAND PRIX DE FRANCE 2018,Le Castellet,France,,,Permanent,,,0.2508205550305358,0.3060085967746852,0.4431708481947789,1,False,French Grand Prix,french_grand_prix,2018,2018-06-24,104.24109375,32,Opening,2.714000000000013,False,False,False,True
PER,Force India,27,0 days 00:01:38.480000,0 days 00:00:24.837000,0 days 00:00:30.120000,0 days 00:00:43.523000,Soft,26,1,,,1,True,0 days 00:56:09.817000,98.48,24.837,30.12,43.523,3369.817,3350.952,24.8,48.0,966.2,False,43.1,74,1.3,False,True,False,FORMULA 1 PIRELLI GRAND PRIX DE FRANCE 2018,Le Castellet,France,,,Permanent,,,0.25220349309504464,0.30584890333062553,0.44194760357432983,1,False,French Grand Prix,french_grand_prix,2018,2018-06-24,104.93812,25,Opening,0.16100000000000136,False,False,False,True
VAN,McLaren,27,0 days 00:01:38.396000,0 days 00:00:24.807000,0 days 00:00:30.071000,0 days 00:00:43.518000,SUPERSOFT,26,1,,,1,True,0 days 00:56:13.849000,98.396,24.807,30.071,43.518,3373.849,3350.952,24.8,48.0,966.2,False,43.1,74,1.3,False,True,False,FORMULA 1 PIRELLI GRAND PRIX DE FRANCE 2018,Le Castellet,France,,,Permanent,,,0.2521139070693931,0.30561201674864835,0.44227407618195863,1,False,French Grand Prix,french_grand_prix,2018,2018-06-24,101.85713513513514,37,Opening,1.7210000000000036,False,False,False,True
HAR,Toro Rosso,27,0 days 00:01:38.594000,0 days 00:00:24.839000,0 days 00:00:29.978000,0 days 00:00:43.777000,ULTRASOFT,26,1,,,1,True,0 days 00:56:18.650000,98.594,24.839,29.978,43.777,3378.65,3350.952,24.8,48.0,966.2,False,43.1,74,1.3,False,True,False,FORMULA 1 PIRELLI GRAND PRIX DE FRANCE 2018,Le Castellet,France,,,Permanent,,,0.2519321662575816,0.30405501348966474,0.44401282025275374,1,False,French Grand Prix,french_grand_prix,2018,2018-06-24,102.32042857142858,35,Opening,1.7549999999999955,False,False,False,True
SAI,Renault,27,0 days 00:01:40.280000,0 days 00:00:27.911000,0 days 00:00:29.132000,0 days 00:00:43.237000,Soft,1,2,,0 days 00:54:41.064000,1,False,0 days 00:56:20.541000,100.28,27.911,29.132,43.237,3380.541,3350.952,24.8,48.0,966.2,False,43.1,74,1.3,False,True,False,FORMULA 1 PIRELLI GRAND PRIX DE FRANCE 2018,Le Castellet,France,,,Permanent,,,0.2783306741124851,0.29050658157159953,0.43116274431591545,1,False,French Grand Prix,french_grand_prix,2018,2018-06-24,98.70085185185184,27,Closing,4.641999999999996,False,False,False,True
ERI,Sauber,27,0 days 00:01:39.462000,0 days 00:00:24.896000,0 days 00:00:30.590000,0 days 00:00:43.976000,SUPERSOFT,26,1,,,1,True,0 days 00:56:22.247000,99.462,24.896,30.59,43.976,3382.247,3410.966,25.0,47.9,966.2,False,43.0,119,1.9,False,True,False,FORMULA 1 PIRELLI GRAND PRIX DE FRANCE 2018,Le Castellet,France,,,Permanent,,,0.25030664977579375,0.30755464398463733,0.44213870623956886,1,False,French Grand Prix,french_grand_prix,2018,2018-06-24,104.29169696969697,33,Opening,2.9680000000000035,False,False,False,True
ALO,McLaren,27,0 days 00:01:38.949000,0 days 00:00:25.096000,0 days 00:00:30.055000,0 days 00:00:43.798000,Soft,26,2,,,1,True,0 days 00:56:23.085000,98.949,25.096,30.055,43.798,3383.085,3410.966,25.0,47.9,966.2,False,43.0,119,1.9,False,True,False,FORMULA 1 PIRELLI GRAND PRIX DE FRANCE 2018,Le Castellet,France,,,Permanent,,,0.253625605109703,0.3037423319083568,0.44263206298194024,1,False,French Grand Prix,french_grand_prix,2018,2018-06-24,102.5500909090909,44,Mid,3.8160000000000025,False,False,False,True
STR,Williams,27,0 days 00:01:38.579000,0 days 00:00:24.873000,0 days 00:00:30.115000,0 days 00:00:43.591000,Soft,26,2,,,1,True,0 days 00:56:27.403000,98.579,24.873,30.115,43.591,3387.403,3410.966,25.0,47.9,966.2,False,43.0,119,1.9,False,True,False,FORMULA 1 PIRELLI GRAND PRIX DE FRANCE 2018,Le Castellet,France,,,Permanent,,,0.2523154018604368,0.30549102750078616,0.44219357063877707,1,False,French Grand Prix,french_grand_prix,2018,2018-06-24,102.4190652173913,46,Closing,0.2599999999999909,False,False,False,True
SIR,Williams,27,0 days 00:01:38.690000,0 days 00:00:24.882000,0 days 00:00:29.897000,0 days 00:00:43.911000,Soft,26,2,,,1,True,0 days 00:56:28.894000,98.69,24.882,29.897,43.911,3388.894,3410.966,25.0,47.9,966.2,False,43.0,119,1.9,False,True,False,FORMULA 1 PIRELLI GRAND PRIX DE FRANCE 2018,Le Castellet,France,,,Permanent,,,0.25212280879521737,0.3029384942750025,0.44493869692978016,1,False,French Grand Prix,french_grand_prix,2018,2018-06-24,102.90366,50,Closing,0.39000000000000057,False,False,False,True
HAM,Mercedes,28,0 days 00:01:35.983000,0 days 00:00:24.109000,0 days 00:00:29.290000,0 days 00:00:42.584000,SUPERSOFT,29,1,,,1,True,0 days 00:56:43.015000,95.983,24.109,29.29,42.584,3403.015,3410.966,25.0,47.9,966.2,False,43.0,119,1.9,False,True,False,FORMULA 1 PIRELLI GRAND PRIX DE FRANCE 2018,Le Castellet,France,,,Permanent,,,0.2511798964399946,0.3051582050988196,0.44366189846118587,1,False,French Grand Prix,french_grand_prix,2018,2018-06-24,102.2551935483871,31,Opening,1.4740000000000038,False,False,False,True
RAI,Ferrari,28,0 days 00:01:36.896000,0 days 00:00:24.404000,0 days 00:00:29.602000,0 days 00:00:42.890000,ULTRASOFT,30,1,,,1,True,0 days 00:57:00.430000,96.896,24.404,29.602,42.89,3420.43,3410.966,25.0,47.9,966.2,False,43.0,119,1.9,False,True,False,FORMULA 1 PIRELLI GRAND PRIX DE FRANCE 2018,Le Castellet,France,,,Permanent,,,0.25185766182298547,0.30550280713342143,0.44263953104359316,1,False,French Grand Prix,french_grand_prix,2018,2018-06-24,102.48946875,32,Opening,2.4980000000000047,False,False,False,True
VER,Red Bull Racing,28,0 days 00:01:35.946000,0 days 00:00:24.035000,0 days 00:00:29.165000,0 days 00:00:42.746000,Soft,3,2,,,1,True,0 days 00:57:14.812000,95.946,24.035,29.165,42.746,3434.812,3410.966,25.0,47.9,966.2,False,43.0,119,1.9,False,True,False,FORMULA 1 PIRELLI GRAND PRIX DE FRANCE 2018,Le Castellet,France,,,Permanent,,,0.2505054926729619,0.30397306818418696,0.4455214391428512,1,False,French Grand Prix,french_grand_prix,2018,2018-06-24,97.19075,28,Closing,1.6709999999999923,False,False,False,True
RIC,Red Bull Racing,28,0 days 00:01:57.778000,0 days 00:00:24.323000,0 days 00:00:29.647000,0 days 00:01:03.808000,SUPERSOFT,32,1,0 days 00:56:53.277000,,1,False,0 days 00:57:16.783000,117.778,24.323,29.647,63.808,3436.783,3410.966,25.0,47.9,966.2,False,43.0,119,1.9,False,True,False,FORMULA 1 PIRELLI GRAND PRIX DE FRANCE 2018,Le Castellet,France,,,Permanent,28.0,,0.20651564808368286,0.2517193363786106,0.5417650155377065,1,False,French Grand Prix,french_grand_prix,2018,2018-06-24,103.77253846153847,26,Opening,22.396,False,False,False,True
VET,Ferrari,28,0 days 00:01:36.558000,0 days 00:00:24.422000,0 days 00:00:29.485000,0 days 00:00:42.651000,Soft,27,2,,,1,True,0 days 00:57:17.738000,96.558,24.422,29.485,42.651,3437.738,3410.966,25.0,47.9,966.2,False,43.0,119,1.9,False,True,False,FORMULA 1 PIRELLI GRAND PRIX DE FRANCE 2018,Le Castellet,France,,,Permanent,,,0.25292570268646825,0.305360508709791,0.4417137886037408,1,False,French Grand Prix,french_grand_prix,2018,2018-06-24,101.26828947368422,38,Mid,2.0730000000000075,False,False,False,True
HUL,Renault,28,0 days 00:01:37.900000,0 days 00:00:24.570000,0 days 00:00:29.843000,0 days 00:00:43.487000,Soft,27,1,,,1,True,0 days 00:57:36.793000,97.9,24.57,29.843,43.487,3456.793,3470.98,25.0,47.2,966.1,False,42.9,106,1.9,False,True,False,FORMULA 1 PIRELLI GRAND PRIX DE FRANCE 2018,Le Castellet,France,,,Permanent,,,0.25097037793667004,0.3048314606741573,0.4441981613891726,1,False,French Grand Prix,french_grand_prix,2018,2018-06-24,103.22897142857143,35,Opening,2.027000000000001,False,False,False,True
BOT,Mercedes,28,0 days 00:01:37.759000,0 days 00:00:25.036000,0 days 00:00:29.656000,0 days 00:00:43.067000,Soft,27,2,,,1,True,0 days 00:57:40.113000,97.759,25.036,29.656,43.067,3460.113,3470.98,25.0,47.2,966.1,False,42.9,106,1.9,False,True,False,FORMULA 1 PIRELLI GRAND PRIX DE FRANCE 2018,Le Castellet,France,,,Permanent,,,0.25609918268394727,0.3033582585746581,0.44054255874139464,1,False,French Grand Prix,french_grand_prix,2018,2018-06-24,100.90908108108108,37,Mid,3.534000000000006,False,False,False,True
LEC,Sauber,28,0 days 00:01:39.738000,0 days 00:00:24.856000,0 days 00:00:30.774000,0 days 00:00:44.108000,ULTRASOFT,30,1,,,1,True,0 days 00:57:41.524000,99.738,24.856,30.774,44.108,3461.524,3470.98,25.0,47.2,966.1,False,42.9,106,1.9,False,True,False,FORMULA 1 PIRELLI GRAND PRIX DE FRANCE 2018,Le Castellet,France,,,Permanent,,,0.24921293789729093,0.308548396799615,0.4422386653030941,1,False,French Grand Prix,french_grand_prix,2018,2018-06-24,104.78541379310344,29,Opening,3.7609999999999957,False,False,False,True
GRO,Haas F1 Team,28,0 days 00:01:38.159000,0 days 00:00:24.568000,0 days 00:00:29.836000,0 days 00:00:43.755000,ULTRASOFT,30,1,,,1,True,0 days 00:57:46.425000,98.159,24.568,29.836,43.755,3466.425,3470.98,25.0,47.2,966.1,False,42.9,106,1.9,False,True,False,FORMULA 1 PIRELLI GRAND PRIX DE FRANCE 2018,Le Castellet,France,,,Permanent,,,0.250287798367954,0.30395582677085137,0.44575637486119457,1,False,French Grand Prix,french_grand_prix,2018,2018-06-24,104.24109375,32,Opening,2.464000000000013,False,False,False,True
VAN,McLaren,28,0 days 00:01:38.261000,0 days 00:00:24.745000,0 days 00:00:30.036000,0 days 00:00:43.480000,SUPERSOFT,27,1,,,1,True,0 days 00:57:52.110000,98.261,24.745,30.036,43.48,3472.11,3470.98,25.0,47.2,966.1,False,42.9,106,1.9,False,True,False,FORMULA 1 PIRELLI GRAND PRIX DE FRANCE 2018,Le Castellet,France,,,Permanent,,,0.25182931173100215,0.3056757004304862,0.4424949878385117,1,False,French Grand Prix,french_grand_prix,2018,2018-06-24,101.85713513513514,37,Opening,1.5859999999999985,False,False,False,True
MAG,Haas F1 Team,28,0 days 00:01:59.864000,0 days 00:00:24.670000,0 days 00:00:29.899000,0 days 00:01:05.295000,ULTRASOFT,30,1,0 days 00:57:32.186000,,1,False,0 days 00:57:56.809000,119.864,24.67,29.899,65.295,3476.809,3470.98,25.0,47.2,966.1,False,42.9,106,1.9,False,True,False,FORMULA 1 PIRELLI GRAND PRIX DE FRANCE 2018,Le Castellet,France,,,Permanent,28.0,,0.20581659213775613,0.24944103317092706,0.5447423746913168,1,False,French Grand Prix,french_grand_prix,2018,2018-06-24,105.27073076923078,26,Opening,24.439000000000007,False,False,False,True
HAR,Toro Rosso,28,0 days 00:01:38.597000,0 days 00:00:24.808000,0 days 00:00:30.043000,0 days 00:00:43.746000,ULTRASOFT,27,1,,,1,True,0 days 00:57:57.247000,98.597,24.808,30.043,43.746,3477.247,3470.98,25.0,47.2,966.1,False,42.9,106,1.9,False,True,False,FORMULA 1 PIRELLI GRAND PRIX DE FRANCE 2018,Le Castellet,France,,,Permanent,,,0.2516100895564774,0.3047050113086605,0.44368489913486214,1,False,French Grand Prix,french_grand_prix,2018,2018-06-24,102.32042857142858,35,Opening,1.7579999999999956,False,False,False,True
SAI,Renault,28,0 days 00:01:37.195000,0 days 00:00:24.324000,0 days 00:00:29.607000,0 days 00:00:43.264000,Soft,2,2,,,1,True,0 days 00:57:57.736000,97.195,24.324,29.607,43.264,3477.736,3470.98,25.0,47.2,966.1,False,42.9,106,1.9,False,True,False,FORMULA 1 PIRELLI GRAND PRIX DE FRANCE 2018,Le Castellet,France,,,Permanent,,,0.25025978702608165,0.30461443489891454,0.4451257780750039,1,False,French Grand Prix,french_grand_prix,2018,2018-06-24,98.70085185185184,27,Closing,1.556999999999988,False,False,False,True
ERI,Sauber,28,0 days 00:01:38.833000,0 days 00:00:24.804000,0 days 00:00:29.959000,0 days 00:00:44.070000,SUPERSOFT,27,1,,,1,True,0 days 00:58:01.080000,98.833,24.804,29.959,44.07,3481.08,3470.98,25.0,47.2,966.1,False,42.9,106,1.9,False,True,False,FORMULA 1 PIRELLI GRAND PRIX DE FRANCE 2018,Le Castellet,France,,,Permanent,,,0.25096880596561877,0.3031274979004988,0.4459036961338824,1,False,French Grand Prix,french_grand_prix,2018,2018-06-24,104.29169696969697,33,Opening,2.3389999999999986,False,False,False,True
ALO,McLaren,28,0 days 00:01:38.350000,0 days 00:00:24.907000,0 days 00:00:29.614000,0 days 00:00:43.829000,Soft,27,2,,,1,True,0 days 00:58:01.435000,98.35,24.907,29.614,43.829,3481.435,3470.98,25.0,47.2,966.1,False,42.9,106,1.9,False,True,False,FORMULA 1 PIRELLI GRAND PRIX DE FRANCE 2018,Le Castellet,France,,,Permanent,,,0.253248601931876,0.30110828673106255,0.4456431113370615,1,False,French Grand Prix,french_grand_prix,2018,2018-06-24,102.5500909090909,44,Mid,3.2169999999999987,False,False,False,True
STR,Williams,28,0 days 00:01:38.620000,0 days 00:00:24.922000,0 days 00:00:30.024000,0 days 00:00:43.674000,Soft,27,2,,,1,True,0 days 00:58:06.023000,98.62,24.922,30.024,43.674,3486.023,3470.98,25.0,47.2,966.1,False,42.9,106,1.9,False,True,False,FORMULA 1 PIRELLI GRAND PRIX DE FRANCE 2018,Le Castellet,France,,,Permanent,,,0.25270736158994117,0.30444128979922935,0.4428513486108294,1,False,French Grand Prix,french_grand_prix,2018,2018-06-24,102.4190652173913,46,Closing,0.30100000000000193,False,False,False,True
SIR,Williams,28,0 days 00:01:38.688000,0 days 00:00:24.875000,0 days 00:00:29.945000,0 days 00:00:43.868000,Soft,27,2,,,1,True,0 days 00:58:07.582000,98.688,24.875,29.945,43.868,3487.582,3470.98,25.0,47.2,966.1,False,42.9,106,1.9,False,True,False,FORMULA 1 PIRELLI GRAND PRIX DE FRANCE 2018,Le Castellet,France,,,Permanent,,,0.25205698767833984,0.3034310149156939,0.4445119974059663,1,False,French Grand Prix,french_grand_prix,2018,2018-06-24,102.90366,50,Closing,0.38800000000000523,False,False,False,True
HAM,Mercedes,29,0 days 00:01:35.859000,0 days 00:00:24.060000,0 days 00:00:29.277000,0 days 00:00:42.522000,SUPERSOFT,30,1,,,1,True,0 days 00:58:18.874000,95.859,24.06,29.277,42.522,3498.874,3470.98,25.0,47.2,966.1,False,42.9,106,1.9,False,True,False,FORMULA 1 PIRELLI GRAND PRIX DE FRANCE 2018,Le Castellet,France,,,Permanent,,,0.2509936469189121,0.30541733170594315,0.4435890213751448,1,False,French Grand Prix,french_grand_prix,2018,2018-06-24,102.2551935483871,31,Opening,1.3499999999999943,False,False,False,True
RAI,Ferrari,29,0 days 00:01:36.726000,0 days 00:00:24.277000,0 days 00:00:29.600000,0 days 00:00:42.849000,ULTRASOFT,31,1,,,1,True,0 days 00:58:37.156000,96.726,24.277,29.6,42.849,3517.156,3530.994,24.8,47.5,966.1,False,42.6,66,2.4,False,True,False,FORMULA 1 PIRELLI GRAND PRIX DE FRANCE 2018,Le Castellet,France,,,Permanent,,,0.2509873250211939,0.3060190641606187,0.44299361081818744,1,False,French Grand Prix,french_grand_prix,2018,2018-06-24,102.48946875,32,Opening,2.328000000000003,False,False,False,True
VER,Red Bull Racing,29,0 days 00:01:35.706000,0 days 00:00:23.969000,0 days 00:00:29.154000,0 days 00:00:42.583000,Soft,4,2,,,1,True,0 days 00:58:50.518000,95.706,23.969,29.154,42.583,3530.518,3530.994,24.8,47.5,966.1,False,42.6,66,2.4,False,True,False,FORMULA 1 PIRELLI GRAND PRIX DE FRANCE 2018,Le Castellet,France,,,Permanent,,,0.25044406829247906,0.3046203999749232,0.4449355317325977,1,False,French Grand Prix,french_grand_prix,2018,2018-06-24,97.19075,28,Closing,1.4309999999999974,False,False,False,True
VET,Ferrari,29,0 days 00:01:36.516000,0 days 00:00:24.285000,0 days 00:00:29.541000,0 days 00:00:42.690000,Soft,28,2,,,1,True,0 days 00:58:54.254000,96.516,24.285,29.541,42.69,3534.254,3530.994,24.8,47.5,966.1,False,42.6,66,2.4,False,True,False,FORMULA 1 PIRELLI GRAND PRIX DE FRANCE 2018,Le Castellet,France,,,Permanent,,,0.25161631232127313,0.3060736043764764,0.44231008330225036,1,False,French Grand Prix,french_grand_prix,2018,2018-06-24,101.26828947368422,38,Mid,2.031000000000006,False,False,False,True
RIC,Red Bull Racing,29,0 days 00:01:39.818000,0 days 00:00:28.106000,0 days 00:00:29.177000,0 days 00:00:42.535000,Soft,1,2,,0 days 00:57:17.575000,1,False,0 days 00:58:56.601000,99.818,28.106,29.177,42.535,3536.601,3530.994,24.8,47.5,966.1,False,42.6,66,2.4,False,True,False,FORMULA 1 PIRELLI GRAND PRIX DE FRANCE 2018,Le Castellet,France,,,Permanent,,,0.28157246188062274,0.2923019896211104,0.42612554849826684,1,False,French Grand Prix,french_grand_prix,2018,2018-06-24,98.23812,25,Closing,4.435999999999993,False,False,False,True
HUL,Renault,29,0 days 00:01:37.615000,0 days 00:00:24.340000,0 days 00:00:29.980000,0 days 00:00:43.295000,Soft,28,1,,,1,True,0 days 00:59:14.408000,97.615,24.34,29.98,43.295,3554.408,3530.994,24.8,47.5,966.1,False,42.6,66,2.4,False,True,False,FORMULA 1 PIRELLI GRAND PRIX DE FRANCE 2018,Le Castellet,France,,,Permanent,,,0.24934692414075707,0.3071249295702505,0.4435281462889925,1,False,French Grand Prix,french_grand_prix,2018,2018-06-24,103.22897142857143,35,Opening,1.7419999999999902,False,False,False,True
BOT,Mercedes,29,0 days 00:01:37.408000,0 days 00:00:24.628000,0 days 00:00:29.738000,0 days 00:00:43.042000,Soft,28,2,,,1,True,0 days 00:59:17.521000,97.408,24.628,29.738,43.042,3557.521,3530.994,24.8,47.5,966.1,False,42.6,66,2.4,False,True,False,FORMULA 1 PIRELLI GRAND PRIX DE FRANCE 2018,Le Castellet,France,,,Permanent,,,0.25283344283837056,0.3052931997371879,0.44187335742444156,1,False,French Grand Prix,french_grand_prix,2018,2018-06-24,100.90908108108108,37,Mid,3.183000000000007,False,False,False,True
LEC,Sauber,29,0 days 00:01:38.508000,0 days 00:00:24.777000,0 days 00:00:29.915000,0 days 00:00:43.816000,ULTRASOFT,31,1,,,1,True,0 days 00:59:20.032000,98.508,24.777,29.915,43.816,3560.032,3530.994,24.8,47.5,966.1,False,42.6,66,2.4,False,True,False,FORMULA 1 PIRELLI GRAND PRIX DE FRANCE 2018,Le Castellet,France,,,Permanent,,,0.25152271896698747,0.3036809193161977,0.4447963617168149,1,False,French Grand Prix,french_grand_prix,2018,2018-06-24,104.78541379310344,29,Opening,2.5309999999999917,False,False,False,True
GRO,Haas F1 Team,29,0 days 00:01:37.851000,0 days 00:00:24.549000,0 days 00:00:29.982000,0 days 00:00:43.320000,ULTRASOFT,31,1,,,1,True,0 days 00:59:24.276000,97.851,24.549,29.982,43.32,3564.276,3591.009,24.5,47.4,966.2,False,42.5,105,1.6,False,True,False,FORMULA 1 PIRELLI GRAND PRIX DE FRANCE 2018,Le Castellet,France,,,Permanent,,,0.25088144219272157,0.30640463561946224,0.4427139221878162,1,False,French Grand Prix,french_grand_prix,2018,2018-06-24,104.24109375,32,Opening,2.156000000000006,False,False,False,True
VAN,McLaren,29,0 days 00:01:38.048000,0 days 00:00:24.709000,0 days 00:00:29.933000,0 days 00:00:43.406000,SUPERSOFT,28,1,,,1,True,0 days 00:59:30.158000,98.048,24.709,29.933,43.406,3570.158,3591.009,24.5,47.4,966.2,False,42.5,105,1.6,False,True,False,FORMULA 1 PIRELLI GRAND PRIX DE FRANCE 2018,Le Castellet,France,,,Permanent,,,0.2520092199738903,0.3052892460835509,0.44270153394255873,1,False,French Grand Prix,french_grand_prix,2018,2018-06-24,101.85713513513514,37,Opening,1.3730000000000047,False,False,False,True
SAI,Renault,29,0 days 00:01:37.240000,0 days 00:00:24.791000,0 days 00:00:29.224000,0 days 00:00:43.225000,Soft,3,2,,,1,True,0 days 00:59:34.976000,97.24,24.791,29.224,43.225,3574.976,3591.009,24.5,47.4,966.2,False,42.5,105,1.6,False,True,False,FORMULA 1 PIRELLI GRAND PRIX DE FRANCE 2018,Le Castellet,France,,,Permanent,,,0.2549465240641711,0.30053475935828877,0.44451871657754016,1,False,French Grand Prix,french_grand_prix,2018,2018-06-24,98.70085185185184,27,Closing,1.6019999999999897,False,False,False,True
HAR,Toro Rosso,29,0 days 00:01:39.558000,0 days 00:00:24.730000,0 days 00:00:30.500000,0 days 00:00:44.328000,ULTRASOFT,28,1,,,1,True,0 days 00:59:36.805000,99.558,24.73,30.5,44.328,3576.805,3591.009,24.5,47.4,966.2,False,42.5,105,1.6,False,True,False,FORMULA 1 PIRELLI GRAND PRIX DE FRANCE 2018,Le Castellet,France,,,Permanent,,,0.24839791880110085,0.30635408505594725,0.44524799614295185,1,False,French Grand Prix,french_grand_prix,2018,2018-06-24,102.32042857142858,35,Opening,2.7190000000000083,False,False,False,True
MAG,Haas F1 Team,29,0 days 00:01:40.363000,0 days 00:00:28.107000,0 days 00:00:29.585000,0 days 00:00:42.671000,Soft,1,2,,0 days 00:57:57.610000,1,False,0 days 00:59:37.172000,100.363,28.107,29.585,42.671,3577.172,3591.009,24.5,47.4,966.2,False,42.5,105,1.6,False,True,False,FORMULA 1 PIRELLI GRAND PRIX DE FRANCE 2018,Le Castellet,France,,,Permanent,,,0.2800534061357273,0.2947799487859072,0.42516664507836555,1,False,French Grand Prix,french_grand_prix,2018,2018-06-24,98.42219999999999,25,Closing,4.938000000000002,False,False,False,True
ERI,Sauber,29,0 days 00:01:39.023000,0 days 00:00:25.189000,0 days 00:00:30.053000,0 days 00:00:43.781000,SUPERSOFT,28,1,,,1,True,0 days 00:59:40.103000,99.023,25.189,30.053,43.781,3580.103,3591.009,24.5,47.4,966.2,False,42.5,105,1.6,False,True,False,FORMULA 1 PIRELLI GRAND PRIX DE FRANCE 2018,Le Castellet,France,,,Permanent,,,0.25437524615493373,0.3034951475919736,0.4421296062530927,1,False,French Grand Prix,french_grand_prix,2018,2018-06-24,104.29169696969697,33,Opening,2.5289999999999964,False,False,False,True
ALO,McLaren,29,0 days 00:01:39.338000,0 days 00:00:25.553000,0 days 00:00:29.818000,0 days 00:00:43.967000,Soft,28,2,,,1,True,0 days 00:59:40.773000,99.338,25.553,29.818,43.967,3580.773,3591.009,24.5,47.4,966.2,False,42.5,105,1.6,False,True,False,FORMULA 1 PIRELLI GRAND PRIX DE FRANCE 2018,Le Castellet,France,,,Permanent,,,0.2572328816766998,0.3001671062433309,0.4426000120799694,1,False,French Grand Prix,french_grand_prix,2018,2018-06-24,102.5500909090909,44,Mid,4.204999999999998,False,False,False,True
STR,Williams,29,0 days 00:01:38.683000,0 days 00:00:24.890000,0 days 00:00:30.141000,0 days 00:00:43.652000,Soft,28,2,,,1,True,0 days 00:59:44.706000,98.683,24.89,30.141,43.652,3584.706,3591.009,24.5,47.4,966.2,False,42.5,105,1.6,False,True,False,FORMULA 1 PIRELLI GRAND PRIX DE FRANCE 2018,Le Castellet,France,,,Permanent,,,0.25222176058692986,0.30543254663923874,0.44234569277383134,1,False,French Grand Prix,french_grand_prix,2018,2018-06-24,102.4190652173913,46,Closing,0.3640000000000043,False,False,False,True
SIR,Williams,29,0 days 00:01:38.826000,0 days 00:00:24.798000,0 days 00:00:29.864000,0 days 00:00:44.164000,Soft,28,2,,,1,True,0 days 00:59:46.408000,98.826,24.798,29.864,44.164,3586.408,3591.009,24.5,47.4,966.2,False,42.5,105,1.6,False,True,False,FORMULA 1 PIRELLI GRAND PRIX DE FRANCE 2018,Le Castellet,France,,,Permanent,,,0.2509258697104001,0.30218768340315305,0.4468864468864469,1,False,French Grand Prix,french_grand_prix,2018,2018-06-24,102.90366,50,Closing,0.5259999999999962,False,False,False,True
HAM,Mercedes,30,0 days 00:01:35.772000,0 days 00:00:24.045000,0 days 00:00:29.223000,0 days 00:00:42.504000,SUPERSOFT,31,1,,,1,True,0 days 00:59:54.646000,95.772,24.045,29.223,42.504,3594.646,3591.009,24.5,47.4,966.2,False,42.5,105,1.6,False,True,False,FORMULA 1 PIRELLI GRAND PRIX DE FRANCE 2018,Le Castellet,France,,,Permanent,,,0.2510650294449317,0.30513093597293567,0.4438040345821325,1,False,French Grand Prix,french_grand_prix,2018,2018-06-24,102.2551935483871,31,Opening,1.2630000000000052,False,False,False,True
RAI,Ferrari,30,0 days 00:01:36.844000,0 days 00:00:24.368000,0 days 00:00:29.661000,0 days 00:00:42.815000,ULTRASOFT,32,1,,,1,True,0 days 01:00:14,96.844,24.368,29.661,42.815,3614.0,3591.009,24.5,47.4,966.2,False,42.5,105,1.6,False,True,False,FORMULA 1 PIRELLI GRAND PRIX DE FRANCE 2018,Le Castellet,France,,,Permanent,,,0.2516211639337491,0.3062760728594441,0.4421027632068068,1,False,French Grand Prix,french_grand_prix,2018,2018-06-24,102.48946875,32,Opening,2.445999999999998,False,False,False,True
VER,Red Bull Racing,30,0 days 00:01:35.757000,0 days 00:00:24.022000,0 days 00:00:29.112000,0 days 00:00:42.623000,Soft,5,2,,,1,True,0 days 01:00:26.275000,95.757,24.022,29.112,42.623,3626.275,3651.023,24.4,47.6,966.3,False,42.1,83,1.8,False,True,False,FORMULA 1 PIRELLI GRAND PRIX DE FRANCE 2018,Le Castellet,France,,,Permanent,,,0.2508641665883434,0.30401954948463294,0.44511628392702357,1,False,French Grand Prix,french_grand_prix,2018,2018-06-24,97.19075,28,Closing,1.4819999999999993,False,False,False,True
VET,Ferrari,30,0 days 00:01:36.324000,0 days 00:00:24.316000,0 days 00:00:29.373000,0 days 00:00:42.635000,Soft,29,2,,,1,True,0 days 01:00:30.578000,96.324,24.316,29.373,42.635,3630.578,3651.023,24.4,47.6,966.3,False,42.1,83,1.8,False,True,False,FORMULA 1 PIRELLI GRAND PRIX DE FRANCE 2018,Le Castellet,France,,,Permanent,,,0.25243968273742784,0.30493957892114115,0.442620738341431,1,False,French Grand Prix,french_grand_prix,2018,2018-06-24,101.26828947368422,38,Mid,1.8389999999999986,False,False,False,True
RIC,Red Bull Racing,30,0 days 00:01:36.068000,0 days 00:00:24.233000,0 days 00:00:29.166000,0 days 00:00:42.669000,Soft,2,2,,,1,True,0 days 01:00:32.669000,96.068,24.233,29.166,42.669,3632.669,3651.023,24.4,47.6,966.3,False,42.1,83,1.8,False,True,False,FORMULA 1 PIRELLI GRAND PRIX DE FRANCE 2018,Le Castellet,France,,,Permanent,,,0.25224840737810716,0.3035974518049715,0.44415414081692134,1,False,French Grand Prix,french_grand_prix,2018,2018-06-24,98.23812,25,Closing,0.6859999999999928,False,False,False,True
HUL,Renault,30,0 days 00:01:37.764000,0 days 00:00:24.515000,0 days 00:00:29.975000,0 days 00:00:43.274000,Soft,29,1,,,1,True,0 days 01:00:52.172000,97.764,24.515,29.975,43.274,3652.172,3651.023,24.4,47.6,966.3,False,42.1,83,1.8,False,True,False,FORMULA 1 PIRELLI GRAND PRIX DE FRANCE 2018,Le Castellet,France,,,Permanent,,,0.2507569248394092,0.3066057035309521,0.44263737162963873,1,False,French Grand Prix,french_grand_prix,2018,2018-06-24,103.22897142857143,35,Opening,1.8909999999999911,False,False,False,True
BOT,Mercedes,30,0 days 00:01:37.123000,0 days 00:00:24.320000,0 days 00:00:29.700000,0 days 00:00:43.103000,Soft,29,2,,,1,True,0 days 01:00:54.644000,97.123,24.32,29.7,43.103,3654.644,3651.023,24.4,47.6,966.3,False,42.1,83,1.8,False,True,False,FORMULA 1 PIRELLI GRAND PRIX DE FRANCE 2018,Le Castellet,France,,,Permanent,,,0.25040412672590423,0.30579780278615776,0.44379807048793796,1,False,French Grand Prix,french_grand_prix,2018,2018-06-24,100.90908108108108,37,Mid,2.8980000000000103,False,False,False,True
LEC,Sauber,30,0 days 00:01:38.942000,0 days 00:00:24.772000,0 days 00:00:30.187000,0 days 00:00:43.983000,ULTRASOFT,32,1,,,1,True,0 days 01:00:58.974000,98.942,24.772,30.187,43.983,3658.974,3651.023,24.4,47.6,966.3,False,42.1,83,1.8,False,True,False,FORMULA 1 PIRELLI GRAND PRIX DE FRANCE 2018,Le Castellet,France,,,Permanent,,,0.25036890299367304,0.3050979361646217,0.44453316084170524,1,False,French Grand Prix,french_grand_prix,2018,2018-06-24,104.78541379310344,29,Opening,2.964999999999989,False,False,False,True
GRO,Haas F1 Team,30,0 days 00:01:38.023000,0 days 00:00:24.691000,0 days 00:00:29.972000,0 days 00:00:43.360000,ULTRASOFT,32,1,,,1,True,0 days 01:01:02.299000,98.023,24.691,29.972,43.36,3662.299,3651.023,24.4,47.6,966.3,False,42.1,83,1.8,False,True,False,FORMULA 1 PIRELLI GRAND PRIX DE FRANCE 2018,Le Castellet,France,,,Permanent,,,0.2518898625832713,0.30576497352662135,0.4423451638901074,1,False,French Grand Prix,french_grand_prix,2018,2018-06-24,104.24109375,32,Opening,2.328000000000003,False,False,False,True
VAN,McLaren,30,0 days 00:01:38.316000,0 days 00:00:24.759000,0 days 00:00:30.005000,0 days 00:00:43.552000,SUPERSOFT,29,1,,,1,True,0 days 01:01:08.474000,98.316,24.759,30.005,43.552,3668.474,3651.023,24.4,47.6,966.3,False,42.1,83,1.8,False,True,False,FORMULA 1 PIRELLI GRAND PRIX DE FRANCE 2018,Le Castellet,France,,,Permanent,,,0.2518308311973636,0.3051893893160828,0.44297977948655354,1,False,French Grand Prix,french_grand_prix,2018,2018-06-24,101.85713513513514,37,Opening,1.6410000000000053,False,False,False,True
SAI,Renault,30,0 days 00:01:37.401000,0 days 00:00:24.509000,0 days 00:00:29.701000,0 days 00:00:43.191000,Soft,4,2,,,1,True,0 days 01:01:12.377000,97.401,24.509,29.701,43.191,3672.377,3651.023,24.4,47.6,966.3,False,42.1,83,1.8,False,True,False,FORMULA 1 PIRELLI GRAND PRIX DE FRANCE 2018,Le Castellet,France,,,Permanent,,,0.2516298600630384,0.3049352676050554,0.44343487233190626,1,False,French Grand Prix,french_grand_prix,2018,2018-06-24,98.70085185185184,27,Closing,1.762999999999991,False,False,False,True
MAG,Haas F1 Team,30,0 days 00:01:37.574000,0 days 00:00:25.230000,0 days 00:00:29.546000,0 days 00:00:42.798000,Soft,2,2,,,1,True,0 days 01:01:14.746000,97.574,25.23,29.546,42.798,3674.746,3651.023,24.4,47.6,966.3,False,42.1,83,1.8,False,True,False,FORMULA 1 PIRELLI GRAND PRIX DE FRANCE 2018,Le Castellet,France,,,Permanent,,,0.2585729805071023,0.30280607538893556,0.43862094410396213,1,False,French Grand Prix,french_grand_prix,2018,2018-06-24,98.42219999999999,25,Closing,2.149000000000001,False,False,False,True
HAR,Toro Rosso,30,0 days 00:01:39.784000,0 days 00:00:24.937000,0 days 00:00:30.446000,0 days 00:00:44.401000,ULTRASOFT,29,1,,,1,True,0 days 01:01:16.589000,99.784,24.937,30.446,44.401,3676.589,3651.023,24.4,47.6,966.3,False,42.1,83,1.8,False,True,False,FORMULA 1 PIRELLI GRAND PRIX DE FRANCE 2018,Le Castellet,France,,,Permanent,,,0.24990980517918704,0.3051190571634731,0.44497113765733987,1,False,French Grand Prix,french_grand_prix,2018,2018-06-24,102.32042857142858,35,Opening,2.9450000000000074,False,False,False,True
ERI,Sauber,30,0 days 00:01:38.592000,0 days 00:00:24.657000,0 days 00:00:30.140000,0 days 00:00:43.795000,SUPERSOFT,29,1,,,1,True,0 days 01:01:18.695000,98.592,24.657,30.14,43.795,3678.695,3651.023,24.4,47.6,966.3,False,42.1,83,1.8,False,True,False,FORMULA 1 PIRELLI GRAND PRIX DE FRANCE 2018,Le Castellet,France,,,Permanent,,,0.2500912852969815,0.30570431678026616,0.4442043979227524,1,False,French Grand Prix,french_grand_prix,2018,2018-06-24,104.29169696969697,33,Opening,2.097999999999999,False,False,False,True
ALO,McLaren,30,0 days 00:01:38.608000,0 days 00:00:24.767000,0 days 00:00:29.906000,0 days 00:00:43.935000,Soft,29,2,,,1,True,0 days 01:01:19.381000,98.608,24.767,29.906,43.935,3679.381,3651.023,24.4,47.6,966.3,False,42.1,83,1.8,False,True,False,FORMULA 1 PIRELLI GRAND PRIX DE FRANCE 2018,Le Castellet,France,,,Permanent,,,0.25116623397695925,0.3032816809995132,0.4455520850235275,1,False,French Grand Prix,french_grand_prix,2018,2018-06-24,102.5500909090909,44,Mid,3.4750000000000085,False,False,False,True
STR,Williams,30,0 days 00:01:38.803000,0 days 00:00:24.736000,0 days 00:00:30.195000,0 days 00:00:43.872000,Soft,29,2,,,1,True,0 days 01:01:23.509000,98.803,24.736,30.195,43.872,3683.509,3711.037,24.3,47.7,966.2,False,41.8,118,1.6,False,True,False,FORMULA 1 PIRELLI GRAND PRIX DE FRANCE 2018,Le Castellet,France,,,Permanent,,,0.25035677054340455,0.30560812930781456,0.4440351001487809,1,False,French Grand Prix,french_grand_prix,2018,2018-06-24,102.4190652173913,46,Closing,0.48399999999999466,False,False,False,True
SIR,Williams,30,0 days 00:01:38.711000,0 days 00:00:24.737000,0 days 00:00:30.080000,0 days 00:00:43.894000,Soft,29,2,,,1,True,0 days 01:01:25.119000,98.711,24.737,30.08,43.894,3685.119,3711.037,24.3,47.7,966.2,False,41.8,118,1.6,False,True,False,FORMULA 1 PIRELLI GRAND PRIX DE FRANCE 2018,Le Castellet,France,,,Permanent,,,0.25060023705564727,0.3047279431876893,0.44467181975666337,1,False,French Grand Prix,french_grand_prix,2018,2018-06-24,102.90366,50,Closing,0.41100000000000136,False,False,False,True
HAM,Mercedes,31,0 days 00:01:36.277000,0 days 00:00:24.168000,0 days 00:00:29.498000,0 days 00:00:42.611000,SUPERSOFT,32,1,,,1,True,0 days 01:01:30.923000,96.277,24.168,29.498,42.611,3690.923,3711.037,24.3,47.7,966.2,False,41.8,118,1.6,False,True,False,FORMULA 1 PIRELLI GRAND PRIX DE FRANCE 2018,Le Castellet,France,,,Permanent,,,0.2510256863009857,0.30638677981241624,0.442587533886598,1,False,French Grand Prix,french_grand_prix,2018,2018-06-24,102.2551935483871,31,Opening,1.7680000000000007,False,False,False,True
RAI,Ferrari,31,0 days 00:01:36.866000,0 days 00:00:24.287000,0 days 00:00:29.805000,0 days 00:00:42.774000,ULTRASOFT,33,1,,,1,True,0 days 01:01:50.866000,96.866,24.287,29.805,42.774,3710.866,3711.037,24.3,47.7,966.2,False,41.8,118,1.6,False,True,False,FORMULA 1 PIRELLI GRAND PRIX DE FRANCE 2018,Le Castellet,France,,,Permanent,,,0.25072780955133894,0.3076931018107489,0.4415790886379122,1,False,French Grand Prix,french_grand_prix,2018,2018-06-24,102.48946875,32,Opening,2.4680000000000035,False,False,False,True
VER,Red Bull Racing,31,0 days 00:01:35.925000,0 days 00:00:24.097000,0 days 00:00:29.294000,0 days 00:00:42.534000,Soft,6,2,,,1,True,0 days 01:02:02.200000,95.925,24.097,29.294,42.534,3722.2,3711.037,24.3,47.7,966.2,False,41.8,118,1.6,False,True,False,FORMULA 1 PIRELLI GRAND PRIX DE FRANCE 2018,Le Castellet,France,,,Permanent,,,0.2512066718790722,0.3053844149074798,0.443408913213448,1,False,French Grand Prix,french_grand_prix,2018,2018-06-24,97.19075,28,Closing,1.6499999999999915,False,False,False,True
VET,Ferrari,31,0 days 00:01:36.640000,0 days 00:00:24.389000,0 days 00:00:29.552000,0 days 00:00:42.699000,Soft,30,2,,,1,True,0 days 01:02:07.218000,96.64,24.389,29.552,42.699,3727.218,3711.037,24.3,47.7,966.2,False,41.8,118,1.6,False,True,False,FORMULA 1 PIRELLI GRAND PRIX DE FRANCE 2018,Le Castellet,France,,,Permanent,,,0.252369619205298,0.30579470198675496,0.441835678807947,1,False,French Grand Prix,french_grand_prix,2018,2018-06-24,101.26828947368422,38,Mid,2.155000000000001,False,False,False,True
RIC,Red Bull Racing,31,0 days 00:01:36.206000,0 days 00:00:24.213000,0 days 00:00:29.388000,0 days 00:00:42.605000,Soft,3,2,,,1,True,0 days 01:02:08.875000,96.206,24.213,29.388,42.605,3728.875,3711.037,24.3,47.7,966.2,False,41.8,118,1.6,False,True,False,FORMULA 1 PIRELLI GRAND PRIX DE FRANCE 2018,Le Castellet,France,,,Permanent,,,0.2516786894788267,0.30546951333596656,0.4428517971852067,1,False,French Grand Prix,french_grand_prix,2018,2018-06-24,98.23812,25,Closing,0.8239999999999981,False,False,False,True
HUL,Renault,31,0 days 00:01:37.776000,0 days 00:00:24.378000,0 days 00:00:30.023000,0 days 00:00:43.375000,Soft,30,1,,,1,True,0 days 01:02:29.948000,97.776,24.378,30.023,43.375,3749.948,3771.05,24.4,47.6,966.2,False,40.6,84,1.5,False,True,False,FORMULA 1 PIRELLI GRAND PRIX DE FRANCE 2018,Le Castellet,France,,,Permanent,,,0.24932498772704959,0.3070589919816724,0.44361602029127806,1,False,French Grand Prix,french_grand_prix,2018,2018-06-24,103.22897142857143,35,Opening,1.9029999999999916,False,False,False,True
BOT,Mercedes,31,0 days 00:01:37.061000,0 days 00:00:24.397000,0 days 00:00:29.723000,0 days 00:00:42.941000,Soft,30,2,,,1,True,0 days 01:02:31.705000,97.061,24.397,29.723,42.941,3751.705,3771.05,24.4,47.6,966.2,False,40.6,84,1.5,False,True,False,FORMULA 1 PIRELLI GRAND PRIX DE FRANCE 2018,Le Castellet,France,,,Permanent,,,0.2513573938038965,0.3062301027189087,0.44241250347719474,1,False,French Grand Prix,french_grand_prix,2018,2018-06-24,100.90908108108108,37,Mid,2.8360000000000127,False,False,False,True
GRO,Haas F1 Team,31,0 days 00:01:37.966000,0 days 00:00:24.440000,0 days 00:00:30.134000,0 days 00:00:43.392000,ULTRASOFT,33,1,,,1,True,0 days 01:02:40.265000,97.966,24.44,30.134,43.392,3760.265,3771.05,24.4,47.6,966.2,False,40.6,84,1.5,False,True,False,FORMULA 1 PIRELLI GRAND PRIX DE FRANCE 2018,Le Castellet,France,,,Permanent,,,0.2494743074127759,0.30759651307596514,0.44292917951125904,1,False,French Grand Prix,french_grand_prix,2018,2018-06-24,104.24109375,32,Opening,2.271000000000001,False,False,False,True
VAN,McLaren,31,0 days 00:01:38.277000,0 days 00:00:24.828000,0 days 00:00:30.051000,0 days 00:00:43.398000,SUPERSOFT,30,1,,,1,True,0 days 01:02:46.751000,98.277,24.828,30.051,43.398,3766.751,3771.05,24.4,47.6,966.2,False,40.6,84,1.5,False,True,False,FORMULA 1 PIRELLI GRAND PRIX DE FRANCE 2018,Le Castellet,France,,,Permanent,,,0.25263286425104553,0.3057785646692512,0.44158857107970334,1,False,French Grand Prix,french_grand_prix,2018,2018-06-24,101.85713513513514,37,Opening,1.6020000000000039,False,False,False,True
SAI,Renault,31,0 days 00:01:37.134000,0 days 00:00:24.306000,0 days 00:00:29.738000,0 days 00:00:43.090000,Soft,5,2,,,1,True,0 days 01:02:49.511000,97.134,24.306,29.738,43.09,3769.511,3771.05,24.4,47.6,966.2,False,40.6,84,1.5,False,True,False,FORMULA 1 PIRELLI GRAND PRIX DE FRANCE 2018,Le Castellet,France,,,Permanent,,,0.25023163876706406,0.30615438466448414,0.44361397656845186,1,False,French Grand Prix,french_grand_prix,2018,2018-06-24,98.70085185185184,27,Closing,1.4959999999999951,False,False,False,True
MAG,Haas F1 Team,31,0 days 00:01:37.122000,0 days 00:00:24.422000,0 days 00:00:29.815000,0 days 00:00:42.885000,Soft,3,2,,,1,True,0 days 01:02:51.868000,97.122,24.422,29.815,42.885,3771.868,3771.05,24.4,47.6,966.2,False,40.6,84,1.5,False,True,False,FORMULA 1 PIRELLI GRAND PRIX DE FRANCE 2018,Le Castellet,France,,,Permanent,,,0.25145693045859846,0.3069850291386092,0.44155804040279234,1,False,French Grand Prix,french_grand_prix,2018,2018-06-24,98.42219999999999,25,Closing,1.6970000000000027,False,False,False,True
HAR,Toro Rosso,31,0 days 00:01:38.881000,0 days 00:00:24.951000,0 days 00:00:30.243000,0 days 00:00:43.687000,ULTRASOFT,30,1,,,1,True,0 days 01:02:55.470000,98.881,24.951,30.243,43.687,3775.47,3771.05,24.4,47.6,966.2,False,40.6,84,1.5,False,True,False,FORMULA 1 PIRELLI GRAND PRIX DE FRANCE 2018,Le Castellet,France,,,Permanent,,,0.25233361313093516,0.30585248935589243,0.44181389751317235,1,False,French Grand Prix,french_grand_prix,2018,2018-06-24,102.32042857142858,35,Opening,2.0420000000000016,False,False,False,True
ERI,Sauber,31,0 days 00:01:38.610000,0 days 00:00:24.639000,0 days 00:00:30.170000,0 days 00:00:43.801000,SUPERSOFT,30,1,,,1,True,0 days 01:02:57.305000,98.61,24.639,30.17,43.801,3777.305,3771.05,24.4,47.6,966.2,False,40.6,84,1.5,False,True,False,FORMULA 1 PIRELLI GRAND PRIX DE FRANCE 2018,Le Castellet,France,,,Permanent,,,0.24986309704898083,0.30595274312950005,0.44418415982151915,1,False,French Grand Prix,french_grand_prix,2018,2018-06-24,104.29169696969697,33,Opening,2.1159999999999997,False,False,False,True
ALO,McLaren,31,0 days 00:01:38.749000,0 days 00:00:24.839000,0 days 00:00:29.784000,0 days 00:00:44.126000,Soft,30,2,,,1,True,0 days 01:02:58.130000,98.749,24.839,29.784,44.126,3778.13,3771.05,24.4,47.6,966.2,False,40.6,84,1.5,False,True,False,FORMULA 1 PIRELLI GRAND PRIX DE FRANCE 2018,Le Castellet,France,,,Permanent,,,0.2515367244225258,0.30161318089297107,0.44685009468450315,1,False,French Grand Prix,french_grand_prix,2018,2018-06-24,102.5500909090909,44,Mid,3.6159999999999997,False,False,False,True
LEC,Sauber,31,0 days 00:02:01.015000,0 days 00:00:24.876000,0 days 00:00:30.449000,0 days 00:01:05.690000,ULTRASOFT,33,1,0 days 01:02:35.776000,,1,False,0 days 01:02:59.989000,121.015,24.876,30.449,65.69,3779.989,3771.05,24.4,47.6,966.2,False,40.6,84,1.5,False,True,False,FORMULA 1 PIRELLI GRAND PRIX DE FRANCE 2018,Le Castellet,France,,,Permanent,31.0,,0.20556129405445606,0.2516134363508656,0.5428252695946784,1,False,French Grand Prix,french_grand_prix,2018,2018-06-24,104.78541379310344,29,Opening,25.037999999999997,False,False,False,True
STR,Williams,31,0 days 00:01:39.081000,0 days 00:00:24.818000,0 days 00:00:30.192000,0 days 00:00:44.071000,Soft,30,2,,,1,True,0 days 01:03:02.590000,99.081,24.818,30.192,44.071,3782.59,3771.05,24.4,47.6,966.2,False,40.6,84,1.5,False,True,False,FORMULA 1 PIRELLI GRAND PRIX DE FRANCE 2018,Le Castellet,France,,,Permanent,,,0.2504819289268376,0.3047203802949102,0.4447976907782521,1,False,French Grand Prix,french_grand_prix,2018,2018-06-24,102.4190652173913,46,Closing,0.7620000000000005,False,False,False,True
SIR,Williams,31,0 days 00:01:38.951000,0 days 00:00:24.760000,0 days 00:00:30.017000,0 days 00:00:44.174000,Soft,30,2,,,1,True,0 days 01:03:04.070000,98.951,24.76,30.017,44.174,3784.07,3771.05,24.4,47.6,966.2,False,40.6,84,1.5,False,True,False,FORMULA 1 PIRELLI GRAND PRIX DE FRANCE 2018,Le Castellet,France,,,Permanent,,,0.2502248587684814,0.30335216420248406,0.4464229770290346,1,False,French Grand Prix,french_grand_prix,2018,2018-06-24,102.90366,50,Closing,0.6509999999999962,False,False,False,True
HAM,Mercedes,32,0 days 00:01:36.274000,0 days 00:00:24.107000,0 days 00:00:29.425000,0 days 00:00:42.742000,SUPERSOFT,33,1,,,1,True,0 days 01:03:07.197000,96.274,24.107,29.425,42.742,3787.197,3771.05,24.4,47.6,966.2,False,40.6,84,1.5,False,True,False,FORMULA 1 PIRELLI GRAND PRIX DE FRANCE 2018,Le Castellet,France,,,Permanent,,,0.25039990028460435,0.3056380746619025,0.44396202505349314,1,False,French Grand Prix,french_grand_prix,2018,2018-06-24,102.2551935483871,31,Opening,1.7650000000000006,False,False,False,True
RAI,Ferrari,32,0 days 00:01:36.754000,0 days 00:00:24.221000,0 days 00:00:29.870000,0 days 00:00:42.663000,ULTRASOFT,34,1,,,1,True,0 days 01:03:27.620000,96.754,24.221,29.87,42.663,3807.62,3831.063,24.3,48.0,966.2,False,40.3,133,1.8,False,True,False,FORMULA 1 PIRELLI GRAND PRIX DE FRANCE 2018,Le Castellet,France,,,Permanent,,,0.25033590342518136,0.30872108646670937,0.44094301010810916,1,False,French Grand Prix,french_grand_prix,2018,2018-06-24,102.48946875,32,Opening,2.3560000000000088,False,False,False,True
VER,Red Bull Racing,32,0 days 00:01:35.598000,0 days 00:00:23.943000,0 days 00:00:29.185000,0 days 00:00:42.470000,Soft,7,2,,,1,True,0 days 01:03:37.798000,95.598,23.943,29.185,42.47,3817.798,3831.063,24.3,48.0,966.2,False,40.3,133,1.8,False,True,False,FORMULA 1 PIRELLI GRAND PRIX DE FRANCE 2018,Le Castellet,France,,,Permanent,,,0.25045503043996736,0.30528881357350574,0.4442561559865269,1,False,French Grand Prix,french_grand_prix,2018,2018-06-24,97.19075,28,Closing,1.3229999999999933,False,False,False,True
VET,Ferrari,32,0 days 00:01:36.312000,0 days 00:00:24.277000,0 days 00:00:29.457000,0 days 00:00:42.578000,Soft,31,2,,,1,True,0 days 01:03:43.530000,96.312,24.277,29.457,42.578,3823.53,3831.063,24.3,48.0,966.2,False,40.3,133,1.8,False,True,False,FORMULA 1 PIRELLI GRAND PRIX DE FRANCE 2018,Le Castellet,France,,,Permanent,,,0.25206620151175346,0.30584973835036133,0.44208406013788526,1,False,French Grand Prix,french_grand_prix,2018,2018-06-24,101.26828947368422,38,Mid,1.8269999999999982,False,False,False,True
RIC,Red Bull Racing,32,0 days 00:01:35.891000,0 days 00:00:24.055000,0 days 00:00:29.251000,0 days 00:00:42.585000,Soft,4,2,,,1,True,0 days 01:03:44.766000,95.891,24.055,29.251,42.585,3824.766,3831.063,24.3,48.0,966.2,False,40.3,133,1.8,False,True,False,FORMULA 1 PIRELLI GRAND PRIX DE FRANCE 2018,Le Castellet,France,,,Permanent,,,0.25085774473099665,0.30504426901377607,0.4440979862552273,1,False,French Grand Prix,french_grand_prix,2018,2018-06-24,98.23812,25,Closing,0.5090000000000003,False,False,False,True
HUL,Renault,32,0 days 00:01:38.019000,0 days 00:00:24.538000,0 days 00:00:30.156000,0 days 00:00:43.325000,Soft,31,1,,,1,True,0 days 01:04:07.967000,98.019,24.538,30.156,43.325,3847.967,3831.063,24.3,48.0,966.2,False,40.3,133,1.8,False,True,False,FORMULA 1 PIRELLI GRAND PRIX DE FRANCE 2018,Le Castellet,France,,,Permanent,,,0.2503392199471531,0.30765463838643525,0.4420061416664116,1,False,French Grand Prix,french_grand_prix,2018,2018-06-24,103.22897142857143,35,Opening,2.146000000000001,False,False,False,True
BOT,Mercedes,32,0 days 00:01:37.268000,0 days 00:00:24.594000,0 days 00:00:29.598000,0 days 00:00:43.076000,Soft,31,2,,,1,True,0 days 01:04:08.973000,97.268,24.594,29.598,43.076,3848.973,3831.063,24.3,48.0,966.2,False,40.3,133,1.8,False,True,False,FORMULA 1 PIRELLI GRAND PRIX DE FRANCE 2018,Le Castellet,France,,,Permanent,,,0.2528478019492536,0.3042932927581527,0.44285890529259364,1,False,French Grand Prix,french_grand_prix,2018,2018-06-24,100.90908108108108,37,Mid,3.0430000000000064,False,False,False,True
GRO,Haas F1 Team,32,0 days 00:01:37.450000,0 days 00:00:24.426000,0 days 00:00:29.939000,0 days 00:00:43.085000,ULTRASOFT,34,1,,,1,True,0 days 01:04:17.715000,97.45,24.426,29.939,43.085,3857.715,3831.063,24.3,48.0,966.2,False,40.3,133,1.8,False,True,False,FORMULA 1 PIRELLI GRAND PRIX DE FRANCE 2018,Le Castellet,France,,,Permanent,,,0.2506516162134428,0.3072242175474602,0.44212416623909695,1,False,French Grand Prix,french_grand_prix,2018,2018-06-24,104.24109375,32,Opening,1.7550000000000097,False,False,False,True
VAN,McLaren,32,0 days 00:01:37.854000,0 days 00:00:24.677000,0 days 00:00:29.944000,0 days 00:00:43.233000,SUPERSOFT,31,1,,,1,True,0 days 01:04:24.605000,97.854,24.677,29.944,43.233,3864.605,3891.084,24.6,46.6,966.2,False,40.1,101,1.3,False,True,False,FORMULA 1 PIRELLI GRAND PRIX DE FRANCE 2018,Le Castellet,France,,,Permanent,,,0.2521818218979296,0.3060069082510679,0.4418112698510025,1,False,French Grand Prix,french_grand_prix,2018,2018-06-24,101.85713513513514,37,Opening,1.179000000000002,False,False,False,True
SAI,Renault,32,0 days 00:01:37.167000,0 days 00:00:24.411000,0 days 00:00:29.725000,0 days 00:00:43.031000,Soft,6,2,,,1,True,0 days 01:04:26.678000,97.167,24.411,29.725,43.031,3866.678,3891.084,24.6,46.6,966.2,False,40.1,101,1.3,False,True,False,FORMULA 1 PIRELLI GRAND PRIX DE FRANCE 2018,Le Castellet,France,,,Permanent,,,0.25122726851708915,0.3059166177817572,0.4428561137011537,1,False,French Grand Prix,french_grand_prix,2018,2018-06-24,98.70085185185184,27,Closing,1.5289999999999964,False,False,False,True
MAG,Haas F1 Team,32,0 days 00:01:37.118000,0 days 00:00:24.553000,0 days 00:00:29.756000,0 days 00:00:42.809000,Soft,4,2,,,1,True,0 days 01:04:28.986000,97.118,24.553,29.756,42.809,3868.986,3891.084,24.6,46.6,966.2,False,40.1,101,1.3,False,True,False,FORMULA 1 PIRELLI GRAND PRIX DE FRANCE 2018,Le Castellet,France,,,Permanent,,,0.2528161617825738,0.30639016454210344,0.4407936736753228,1,False,French Grand Prix,french_grand_prix,2018,2018-06-24,98.42219999999999,25,Closing,1.6929999999999978,False,False,False,True
HAR,Toro Rosso,32,0 days 00:01:38.353000,0 days 00:00:24.678000,0 days 00:00:30.058000,0 days 00:00:43.617000,ULTRASOFT,31,1,,,1,True,0 days 01:04:33.823000,98.353,24.678,30.058,43.617,3873.823,3891.084,24.6,46.6,966.2,False,40.1,101,1.3,False,True,False,FORMULA 1 PIRELLI GRAND PRIX DE FRANCE 2018,Le Castellet,France,,,Permanent,,,0.2509125293585351,0.3056134535804704,0.4434740170609946,1,False,French Grand Prix,french_grand_prix,2018,2018-06-24,102.32042857142858,35,Opening,1.5139999999999958,False,False,False,True
ERI,Sauber,32,0 days 00:01:38.675000,0 days 00:00:24.912000,0 days 00:00:30.022000,0 days 00:00:43.741000,SUPERSOFT,31,1,,,1,True,0 days 01:04:35.980000,98.675,24.912,30.022,43.741,3875.98,3891.084,24.6,46.6,966.2,False,40.1,101,1.3,False,True,False,FORMULA 1 PIRELLI GRAND PRIX DE FRANCE 2018,Le Castellet,France,,,Permanent,,,0.2524651634152521,0.3042513301241449,0.443283506460603,1,False,French Grand Prix,french_grand_prix,2018,2018-06-24,104.29169696969697,33,Opening,2.1809999999999974,False,False,False,True
ALO,McLaren,32,0 days 00:01:38.624000,0 days 00:00:24.882000,0 days 00:00:29.895000,0 days 00:00:43.847000,Soft,31,2,,,1,True,0 days 01:04:36.754000,98.624,24.882,29.895,43.847,3876.754,3891.084,24.6,46.6,966.2,False,40.1,101,1.3,False,True,False,FORMULA 1 PIRELLI GRAND PRIX DE FRANCE 2018,Le Castellet,France,,,Permanent,,,0.2522915314730695,0.3031209441920831,0.44458752433484755,1,False,French Grand Prix,french_grand_prix,2018,2018-06-24,102.5500909090909,44,Mid,3.4909999999999997,False,False,False,True
LEC,Sauber,32,0 days 00:01:39.981000,0 days 00:00:28.201000,0 days 00:00:29.064000,0 days 00:00:42.716000,SUPERSOFT,1,2,,0 days 01:03:00.790000,1,False,0 days 01:04:39.970000,99.981,28.201,29.064,42.716,3879.97,3891.084,24.6,46.6,966.2,False,40.1,101,1.3,False,True,False,FORMULA 1 PIRELLI GRAND PRIX DE FRANCE 2018,Le Castellet,France,,,Permanent,,,0.2820635920824957,0.2906952320940979,0.4272411758234065,1,False,French Grand Prix,french_grand_prix,2018,2018-06-24,98.722,22,Closing,4.003999999999991,False,False,False,True
STR,Williams,32,0 days 00:01:39.399000,0 days 00:00:24.795000,0 days 00:00:30.582000,0 days 00:00:44.022000,Soft,31,2,,,1,True,0 days 01:04:41.989000,99.399,24.795,30.582,44.022,3881.989,3891.084,24.6,46.6,966.2,False,40.1,101,1.3,False,True,False,FORMULA 1 PIRELLI GRAND PRIX DE FRANCE 2018,Le Castellet,France,,,Permanent,,,0.24944918962967436,0.30766909123834246,0.4428817191319832,1,False,French Grand Prix,french_grand_prix,2018,2018-06-24,102.4190652173913,46,Closing,1.0799999999999983,False,False,False,True
SIR,Williams,32,0 days 00:01:39.172000,0 days 00:00:25.206000,0 days 00:00:30.009000,0 days 00:00:43.957000,Soft,31,2,,,1,True,0 days 01:04:43.242000,99.172,25.206,30.009,43.957,3883.242,3891.084,24.6,46.6,966.2,False,40.1,101,1.3,False,True,False,FORMULA 1 PIRELLI GRAND PRIX DE FRANCE 2018,Le Castellet,France,,,Permanent,,,0.2541644819102166,0.30259549066268704,0.4432400274270964,1,False,French Grand Prix,french_grand_prix,2018,2018-06-24,102.90366,50,Closing,0.8719999999999999,False,False,False,True
RAI,Ferrari,33,0 days 00:01:36.525000,0 days 00:00:24.264000,0 days 00:00:29.523000,0 days 00:00:42.738000,ULTRASOFT,35,1,,,1,True,0 days 01:05:04.145000,96.525,24.264,29.523,42.738,3904.145,3891.084,24.6,46.6,966.2,False,40.1,101,1.3,False,True,False,FORMULA 1 PIRELLI GRAND PRIX DE FRANCE 2018,Le Castellet,France,,,Permanent,,,0.25137529137529135,0.30585858585858583,0.44276612276612276,1,False,French Grand Prix,french_grand_prix,2018,2018-06-24,102.48946875,32,Opening,2.1270000000000095,False,False,False,True
HAM,Mercedes,33,0 days 00:01:57.713000,0 days 00:00:24.165000,0 days 00:00:29.421000,0 days 00:01:04.127000,SUPERSOFT,34,1,0 days 01:04:41.384000,,1,False,0 days 01:05:04.910000,117.713,24.165,29.421,64.127,3904.91,3891.084,24.6,46.6,966.2,False,40.1,101,1.3,False,True,False,FORMULA 1 PIRELLI GRAND PRIX DE FRANCE 2018,Le Castellet,France,,,Permanent,33.0,,0.20528743639190233,0.24993840952146323,0.5447741540866344,1,False,French Grand Prix,french_grand_prix,2018,2018-06-24,102.2551935483871,31,Opening,23.203999999999994,False,False,False,True
VER,Red Bull Racing,33,0 days 00:01:35.704000,0 days 00:00:23.941000,0 days 00:00:29.193000,0 days 00:00:42.570000,Soft,8,2,,,1,True,0 days 01:05:13.502000,95.704,23.941,29.193,42.57,3913.502,3891.084,24.6,46.6,966.2,False,40.1,101,1.3,False,True,False,FORMULA 1 PIRELLI GRAND PRIX DE FRANCE 2018,Le Castellet,France,,,Permanent,,,0.2501567332608877,0.30503427233971414,0.4448089943993982,1,False,French Grand Prix,french_grand_prix,2018,2018-06-24,97.19075,28,Closing,1.4289999999999878,False,False,False,True
VET,Ferrari,33,0 days 00:01:36.373000,0 days 00:00:24.218000,0 days 00:00:29.531000,0 days 00:00:42.624000,Soft,32,2,,,1,True,0 days 01:05:19.903000,96.373,24.218,29.531,42.624,3919.903,3891.084,24.6,46.6,966.2,False,40.1,101,1.3,False,True,False,FORMULA 1 PIRELLI GRAND PRIX DE FRANCE 2018,Le Castellet,France,,,Permanent,,,0.25129444969026593,0.3064239984227947,0.4422815518869393,1,False,French Grand Prix,french_grand_prix,2018,2018-06-24,101.26828947368422,38,Mid,1.8880000000000052,False,False,False,True
RIC,Red Bull Racing,33,0 days 00:01:35.844000,0 days 00:00:24.091000,0 days 00:00:29.212000,0 days 00:00:42.541000,Soft,5,2,,,1,True,0 days 01:05:20.610000,95.844,24.091,29.212,42.541,3920.61,3891.084,24.6,46.6,966.2,False,40.1,101,1.3,False,True,False,FORMULA 1 PIRELLI GRAND PRIX DE FRANCE 2018,Le Castellet,France,,,Permanent,,,0.2513563707691666,0.30478694545302787,0.44385668377780557,1,False,French Grand Prix,french_grand_prix,2018,2018-06-24,98.23812,25,Closing,0.4619999999999891,False,False,False,True
HUL,Renault,33,0 days 00:01:37.519000,0 days 00:00:24.518000,0 days 00:00:29.911000,0 days 00:00:43.090000,Soft,32,1,,,1,True,0 days 01:05:45.486000,97.519,24.518,29.911,43.09,3945.486,3951.093,24.5,46.7,966.2,False,40.0,106,2.0,False,True,False,FORMULA 1 PIRELLI GRAND PRIX DE FRANCE 2018,Le Castellet,France,,,Permanent,,,0.25141767245357316,0.3067197161578769,0.44186261138854993,1,False,French Grand Prix,french_grand_prix,2018,2018-06-24,103.22897142857143,35,Opening,1.6460000000000008,False,False,False,True
BOT,Mercedes,33,0 days 00:01:37.112000,0 days 00:00:24.572000,0 days 00:00:29.669000,0 days 00:00:42.871000,Soft,32,2,,,1,True,0 days 01:05:46.085000,97.112,24.572,29.669,42.871,3946.085,3951.093,24.5,46.7,966.2,False,40.0,106,2.0,False,True,False,FORMULA 1 PIRELLI GRAND PRIX DE FRANCE 2018,Le Castellet,France,,,Permanent,,,0.25302743224318314,0.30551322184693963,0.4414593459098773,1,False,French Grand Prix,french_grand_prix,2018,2018-06-24,100.90908108108108,37,Mid,2.8870000000000005,False,False,False,True
GRO,Haas F1 Team,33,0 days 00:01:37.815000,0 days 00:00:24.423000,0 days 00:00:30.075000,0 days 00:00:43.317000,ULTRASOFT,35,1,,,1,True,0 days 01:05:55.530000,97.815,24.423,30.075,43.317,3955.53,3951.093,24.5,46.7,966.2,False,40.0,106,2.0,False,True,False,FORMULA 1 PIRELLI GRAND PRIX DE FRANCE 2018,Le Castellet,France,,,Permanent,,,0.2496856310381843,0.3074681797270357,0.44284618923478,1,False,French Grand Prix,french_grand_prix,2018,2018-06-24,104.24109375,32,Opening,2.1200000000000045,False,False,False,True
VAN,McLaren,33,0 days 00:01:37.781000,0 days 00:00:24.650000,0 days 00:00:29.890000,0 days 00:00:43.241000,SUPERSOFT,32,1,,,1,True,0 days 01:06:02.386000,97.781,24.65,29.89,43.241,3962.386,3951.093,24.5,46.7,966.2,False,40.0,106,2.0,False,True,False,FORMULA 1 PIRELLI GRAND PRIX DE FRANCE 2018,Le Castellet,France,,,Permanent,,,0.25209396508524146,0.3056831081702989,0.4422229267444595,1,False,French Grand Prix,french_grand_prix,2018,2018-06-24,101.85713513513514,37,Opening,1.1060000000000088,False,False,False,True
SAI,Renault,33,0 days 00:01:37.179000,0 days 00:00:24.255000,0 days 00:00:29.720000,0 days 00:00:43.204000,Soft,7,2,,,1,True,0 days 01:06:03.857000,97.179,24.255,29.72,43.204,3963.857,3951.093,24.5,46.7,966.2,False,40.0,106,2.0,False,True,False,FORMULA 1 PIRELLI GRAND PRIX DE FRANCE 2018,Le Castellet,France,,,Permanent,,,0.24959096101009476,0.3058273906914045,0.4445816482985007,1,False,French Grand Prix,french_grand_prix,2018,2018-06-24,98.70085185185184,27,Closing,1.5409999999999968,False,False,False,True
MAG,Haas F1 Team,33,0 days 00:01:36.920000,0 days 00:00:24.375000,0 days 00:00:29.705000,0 days 00:00:42.840000,Soft,5,2,,,1,True,0 days 01:06:05.906000,96.92,24.375,29.705,42.84,3965.906,3951.093,24.5,46.7,966.2,False,40.0,106,2.0,False,True,False,FORMULA 1 PIRELLI GRAND PRIX DE FRANCE 2018,Le Castellet,France,,,Permanent,,,0.2514960792406108,0.306489888567891,0.44201403219149815,1,False,French Grand Prix,french_grand_prix,2018,2018-06-24,98.42219999999999,25,Closing,1.4950000000000045,False,False,False,True
HAR,Toro Rosso,33,0 days 00:01:38.443000,0 days 00:00:24.742000,0 days 00:00:30.097000,0 days 00:00:43.604000,ULTRASOFT,32,1,,,1,True,0 days 01:06:12.266000,98.443,24.742,30.097,43.604,3972.266,3951.093,24.5,46.7,966.2,False,40.0,106,2.0,False,True,False,FORMULA 1 PIRELLI GRAND PRIX DE FRANCE 2018,Le Castellet,France,,,Permanent,,,0.251333258840141,0.30573021951789364,0.4429365216419654,1,False,French Grand Prix,french_grand_prix,2018,2018-06-24,102.32042857142858,35,Opening,1.6039999999999992,False,False,False,True
ERI,Sauber,33,0 days 00:01:38.134000,0 days 00:00:24.587000,0 days 00:00:29.922000,0 days 00:00:43.625000,SUPERSOFT,32,1,,,1,True,0 days 01:06:14.114000,98.134,24.587,29.922,43.625,3974.114,3951.093,24.5,46.7,966.2,False,40.0,106,2.0,False,True,False,FORMULA 1 PIRELLI GRAND PRIX DE FRANCE 2018,Le Castellet,France,,,Permanent,,,0.25054517292681433,0.30490961338577866,0.444545213687407,1,False,French Grand Prix,french_grand_prix,2018,2018-06-24,104.29169696969697,33,Opening,1.6400000000000006,False,False,False,True
ALO,McLaren,33,0 days 00:01:38.202000,0 days 00:00:24.798000,0 days 00:00:29.708000,0 days 00:00:43.696000,Soft,32,2,,,1,True,0 days 01:06:14.956000,98.202,24.798,29.708,43.696,3974.956,3951.093,24.5,46.7,966.2,False,40.0,106,2.0,False,True,False,FORMULA 1 PIRELLI GRAND PRIX DE FRANCE 2018,Le Castellet,France,,,Permanent,,,0.25252031526852814,0.3025192969593287,0.44496038777214314,1,False,French Grand Prix,french_grand_prix,2018,2018-06-24,102.5500909090909,44,Mid,3.0690000000000026,False,False,False,True
LEC,Sauber,33,0 days 00:01:36.582000,0 days 00:00:24.263000,0 days 00:00:29.371000,0 days 00:00:42.948000,SUPERSOFT,2,2,,,1,True,0 days 01:06:16.552000,96.582,24.263,29.371,42.948,3976.552,3951.093,24.5,46.7,966.2,False,40.0,106,2.0,False,True,False,FORMULA 1 PIRELLI GRAND PRIX DE FRANCE 2018,Le Castellet,France,,,Permanent,,,0.2512165828001077,0.30410428444223564,0.44467913275765675,1,False,French Grand Prix,french_grand_prix,2018,2018-06-24,98.722,22,Closing,0.6049999999999898,False,False,False,True
STR,Williams,33,0 days 00:01:38.747000,0 days 00:00:25.037000,0 days 00:00:30.070000,0 days 00:00:43.640000,Soft,32,2,,,1,True,0 days 01:06:20.736000,98.747,25.037,30.07,43.64,3980.736,3951.093,24.5,46.7,966.2,False,40.0,106,2.0,False,True,False,FORMULA 1 PIRELLI GRAND PRIX DE FRANCE 2018,Le Castellet,France,,,Permanent,,,0.25354694319827437,0.30451558022015857,0.44193747658156707,1,False,French Grand Prix,french_grand_prix,2018,2018-06-24,102.4190652173913,46,Closing,0.42799999999999727,False,False,False,True
SIR,Williams,33,0 days 00:01:38.805000,0 days 00:00:24.986000,0 days 00:00:29.850000,0 days 00:00:43.969000,Soft,32,2,,,1,True,0 days 01:06:22.047000,98.805,24.986,29.85,43.969,3982.047,4011.107,24.3,46.7,966.2,False,40.0,114,2.4,False,True,False,FORMULA 1 PIRELLI GRAND PRIX DE FRANCE 2018,Le Castellet,France,,,Permanent,,,0.25288193917311874,0.3021102170942766,0.4450078437326046,1,False,French Grand Prix,french_grand_prix,2018,2018-06-24,102.90366,50,Closing,0.5050000000000097,False,False,False,True
HAM,Mercedes,34,0 days 00:01:38.854000,0 days 00:00:27.610000,0 days 00:00:29.131000,0 days 00:00:42.113000,Soft,1,2,,0 days 01:05:05.704000,1,False,0 days 01:06:43.764000,98.854,27.61,29.131,42.113,4003.764,4011.107,24.3,46.7,966.2,False,40.0,114,2.4,False,True,False,FORMULA 1 PIRELLI GRAND PRIX DE FRANCE 2018,Le Castellet,France,,,Permanent,,,0.2793007870192405,0.2946871143302244,0.42601209865053513,1,False,French Grand Prix,french_grand_prix,2018,2018-06-24,97.6545,20,Closing,4.344999999999999,False,False,False,True
VER,Red Bull Racing,34,0 days 00:01:35.581000,0 days 00:00:24.064000,0 days 00:00:29.080000,0 days 00:00:42.437000,Soft,9,2,,,1,True,0 days 01:06:49.083000,95.581,24.064,29.08,42.437,4009.083,4011.107,24.3,46.7,966.2,False,40.0,114,2.4,False,True,False,FORMULA 1 PIRELLI GRAND PRIX DE FRANCE 2018,Le Castellet,France,,,Permanent,,,0.2517655182515353,0.30424456743495043,0.44398991431351414,1,False,French Grand Prix,french_grand_prix,2018,2018-06-24,97.19075,28,Closing,1.3059999999999974,False,False,False,True
RIC,Red Bull Racing,34,0 days 00:01:35.678000,0 days 00:00:24.198000,0 days 00:00:29.253000,0 days 00:00:42.227000,Soft,6,2,,,1,True,0 days 01:06:56.288000,95.678,24.198,29.253,42.227,4016.288,4011.107,24.3,46.7,966.2,False,40.0,114,2.4,False,True,False,FORMULA 1 PIRELLI GRAND PRIX DE FRANCE 2018,Le Castellet,France,,,Permanent,,,0.2529108049917432,0.3057442672296662,0.4413449277785907,1,False,French Grand Prix,french_grand_prix,2018,2018-06-24,98.23812,25,Closing,0.29599999999999227,False,False,False,True
VET,Ferrari,34,0 days 00:01:37.457000,0 days 00:00:24.217000,0 days 00:00:29.535000,0 days 00:00:43.705000,Soft,33,2,,,1,True,0 days 01:06:57.360000,97.457,24.217,29.535,43.705,4017.36,4011.107,24.3,46.7,966.2,False,40.0,114,2.4,False,True,False,FORMULA 1 PIRELLI GRAND PRIX DE FRANCE 2018,Le Castellet,France,,,Permanent,,,0.24848907723406222,0.3030567327128888,0.44845419005304904,1,False,French Grand Prix,french_grand_prix,2018,2018-06-24,101.26828947368422,38,Mid,2.971999999999994,False,False,False,True
RAI,Ferrari,34,0 days 00:01:58.187000,0 days 00:00:24.315000,0 days 00:00:29.898000,0 days 00:01:03.974000,ULTRASOFT,36,1,0 days 01:06:38.947000,,1,False,0 days 01:07:02.332000,118.187,24.315,29.898,63.974,4022.332,4011.107,24.3,46.7,966.2,False,40.0,114,2.4,False,True,False,FORMULA 1 PIRELLI GRAND PRIX DE FRANCE 2018,Le Castellet,France,,,Permanent,34.0,,0.20573328707895117,0.2529719850745006,0.5412947278465482,1,False,French Grand Prix,french_grand_prix,2018,2018-06-24,102.48946875,32,Opening,23.789,False,False,False,True
BOT,Mercedes,34,0 days 00:01:36.932000,0 days 00:00:24.759000,0 days 00:00:29.512000,0 days 00:00:42.661000,Soft,33,2,,,1,True,0 days 01:07:23.017000,96.932,24.759,29.512,42.661,4043.017,4071.118,24.2,47.0,966.2,False,40.1,112,2.4,False,True,False,FORMULA 1 PIRELLI GRAND PRIX DE FRANCE 2018,Le Castellet,France,,,Permanent,,,0.2554264845458672,0.30446085915899807,0.44011265629513474,1,False,French Grand Prix,french_grand_prix,2018,2018-06-24,100.90908108108108,37,Mid,2.707000000000008,False,False,False,True
HUL,Renault,34,0 days 00:01:38.539000,0 days 00:00:24.408000,0 days 00:00:29.900000,0 days 00:00:44.231000,Soft,33,1,,,1,True,0 days 01:07:24.025000,98.539,24.408,29.9,44.231,4044.025,4071.118,24.2,47.0,966.2,False,40.1,112,2.4,False,True,False,FORMULA 1 PIRELLI GRAND PRIX DE FRANCE 2018,Le Castellet,France,,,Permanent,,,0.2476988806462416,0.30343315844487967,0.4488679609088787,1,False,French Grand Prix,french_grand_prix,2018,2018-06-24,103.22897142857143,35,Opening,2.665999999999997,False,False,False,True
VAN,McLaren,34,0 days 00:01:37.763000,0 days 00:00:24.545000,0 days 00:00:29.861000,0 days 00:00:43.357000,SUPERSOFT,33,1,,,1,True,0 days 01:07:40.149000,97.763,24.545,29.861,43.357,4060.149,4071.118,24.2,47.0,966.2,False,40.1,112,2.4,False,True,False,FORMULA 1 PIRELLI GRAND PRIX DE FRANCE 2018,Le Castellet,France,,,Permanent,,,0.2510663543467365,0.30544275441629243,0.443490891236971,1,False,French Grand Prix,french_grand_prix,2018,2018-06-24,101.85713513513514,37,Opening,1.088000000000008,False,False,False,True
SAI,Renault,34,0 days 00:01:36.991000,0 days 00:00:24.417000,0 days 00:00:29.631000,0 days 00:00:42.943000,Soft,8,2,,,1,True,0 days 01:07:40.848000,96.991,24.417,29.631,42.943,4060.848,4071.118,24.2,47.0,966.2,False,40.1,112,2.4,False,True,False,FORMULA 1 PIRELLI GRAND PRIX DE FRANCE 2018,Le Castellet,France,,,Permanent,,,0.2517450072687157,0.3055025724036251,0.44275242032765927,1,False,French Grand Prix,french_grand_prix,2018,2018-06-24,98.70085185185184,27,Closing,1.3529999999999944,False,False,False,True
MAG,Haas F1 Team,34,0 days 00:01:36.938000,0 days 00:00:24.366000,0 days 00:00:29.698000,0 days 00:00:42.874000,Soft,6,2,,,1,True,0 days 01:07:42.844000,96.938,24.366,29.698,42.874,4062.844,4071.118,24.2,47.0,966.2,False,40.1,112,2.4,False,True,False,FORMULA 1 PIRELLI GRAND PRIX DE FRANCE 2018,Le Castellet,France,,,Permanent,,,0.2513565371680868,0.3063607666756071,0.4422826961563061,1,False,French Grand Prix,french_grand_prix,2018,2018-06-24,98.42219999999999,25,Closing,1.5130000000000052,False,False,False,True
HAR,Toro Rosso,34,0 days 00:01:38.207000,0 days 00:00:24.698000,0 days 00:00:29.942000,0 days 00:00:43.567000,ULTRASOFT,33,1,,,1,True,0 days 01:07:50.473000,98.207,24.698,29.942,43.567,4070.473,4071.118,24.2,47.0,966.2,False,40.1,112,2.4,False,True,False,FORMULA 1 PIRELLI GRAND PRIX DE FRANCE 2018,Le Castellet,France,,,Permanent,,,0.251489201380757,0.3048866170435916,0.4436241815756515,1,False,French Grand Prix,french_grand_prix,2018,2018-06-24,102.32042857142858,35,Opening,1.367999999999995,False,False,False,True
ERI,Sauber,34,0 days 00:01:38.151000,0 days 00:00:24.515000,0 days 00:00:29.920000,0 days 00:00:43.716000,SUPERSOFT,33,1,,,1,True,0 days 01:07:52.265000,98.151,24.515,29.92,43.716,4072.265,4071.118,24.2,47.0,966.2,False,40.1,112,2.4,False,True,False,FORMULA 1 PIRELLI GRAND PRIX DE FRANCE 2018,Le Castellet,France,,,Permanent,,,0.2497682142820756,0.30483642550763623,0.44539536021028825,1,False,French Grand Prix,french_grand_prix,2018,2018-06-24,104.29169696969697,33,Opening,1.6569999999999965,False,False,False,True
ALO,McLaren,34,0 days 00:01:38.278000,0 days 00:00:24.661000,0 days 00:00:29.744000,0 days 00:00:43.873000,Soft,33,2,,,1,True,0 days 01:07:53.234000,98.278,24.661,29.744,43.873,4073.234,4071.118,24.2,47.0,966.2,False,40.1,112,2.4,False,True,False,FORMULA 1 PIRELLI GRAND PRIX DE FRANCE 2018,Le Castellet,France,,,Permanent,,,0.2509310323775413,0.3026516616129754,0.44641730600948326,1,False,French Grand Prix,french_grand_prix,2018,2018-06-24,102.5500909090909,44,Mid,3.1450000000000102,False,False,False,True
LEC,Sauber,34,0 days 00:01:37.057000,0 days 00:00:24.221000,0 days 00:00:29.294000,0 days 00:00:43.542000,SUPERSOFT,3,2,,,1,True,0 days 01:07:53.609000,97.057,24.221,29.294,43.542,4073.609,4071.118,24.2,47.0,966.2,False,40.1,112,2.4,False,True,False,FORMULA 1 PIRELLI GRAND PRIX DE FRANCE 2018,Le Castellet,France,,,Permanent,,,0.249554385567244,0.3018226403041512,0.44862297412860486,1,False,French Grand Prix,french_grand_prix,2018,2018-06-24,98.722,22,Closing,1.0799999999999983,False,False,False,True
STR,Williams,34,0 days 00:01:38.378000,0 days 00:00:24.746000,0 days 00:00:30.038000,0 days 00:00:43.594000,Soft,33,2,,,1,True,0 days 01:07:59.114000,98.378,24.746,30.038,43.594,4079.114,4071.118,24.2,47.0,966.2,False,40.1,112,2.4,False,True,False,FORMULA 1 PIRELLI GRAND PRIX DE FRANCE 2018,Le Castellet,France,,,Permanent,,,0.25153997845046655,0.3053324930370611,0.44312752851247234,1,False,French Grand Prix,french_grand_prix,2018,2018-06-24,102.4190652173913,46,Closing,0.0589999999999975,False,False,False,True
GRO,Haas F1 Team,34,0 days 00:02:04.504000,0 days 00:00:24.511000,0 days 00:00:29.909000,0 days 00:01:10.084000,ULTRASOFT,36,1,0 days 01:07:30.747000,,1,False,0 days 01:08:00.034000,124.504,24.511,29.909,70.084,4080.034,4071.118,24.2,47.0,966.2,False,40.1,112,2.4,False,True,False,FORMULA 1 PIRELLI GRAND PRIX DE FRANCE 2018,Le Castellet,France,,,Permanent,34.0,,0.19686917689391503,0.24022521364775426,0.5629056094583307,1,False,French Grand Prix,french_grand_prix,2018,2018-06-24,104.24109375,32,Opening,28.80900000000001,False,False,False,True
SIR,Williams,34,0 days 00:01:38.322000,0 days 00:00:24.721000,0 days 00:00:29.809000,0 days 00:00:43.792000,Soft,33,2,,,1,True,0 days 01:08:00.369000,98.322,24.721,29.809,43.792,4080.369,4071.118,24.2,47.0,966.2,False,40.1,112,2.4,False,True,False,FORMULA 1 PIRELLI GRAND PRIX DE FRANCE 2018,Le Castellet,France,,,Permanent,,,0.25142897825512095,0.30317731535159986,0.44539370639327924,1,False,French Grand Prix,french_grand_prix,2018,2018-06-24,102.90366,50,Closing,0.02200000000000557,False,False,False,True
HAM,Mercedes,35,0 days 00:01:35.348000,0 days 00:00:23.858000,0 days 00:00:29.169000,0 days 00:00:42.321000,Soft,2,2,,,1,True,0 days 01:08:19.112000,95.348,23.858,29.169,42.321,4099.112,4071.118,24.2,47.0,966.2,False,40.1,112,2.4,False,True,False,FORMULA 1 PIRELLI GRAND PRIX DE FRANCE 2018,Le Castellet,France,,,Permanent,,,0.2502202458363049,0.30592146662751185,0.4438582875361832,1,False,French Grand Prix,french_grand_prix,2018,2018-06-24,97.6545,20,Closing,0.8389999999999986,False,False,False,True
VER,Red Bull Racing,35,0 days 00:01:35.357000,0 days 00:00:24.024000,0 days 00:00:29.039000,0 days 00:00:42.294000,Soft,10,2,,,1,True,0 days 01:08:24.440000,95.357,24.024,29.039,42.294,4104.44,4131.153,24.2,47.0,966.2,False,40.3,101,2.1,False,True,False,FORMULA 1 PIRELLI GRAND PRIX DE FRANCE 2018,Le Castellet,France,,,Permanent,,,0.25193745608607654,0.30452929517497407,0.4435332487389494,1,False,French Grand Prix,french_grand_prix,2018,2018-06-24,97.19075,28,Closing,1.0819999999999936,False,False,False,True
RIC,Red Bull Racing,35,0 days 00:01:35.884000,0 days 00:00:24.117000,0 days 00:00:29.204000,0 days 00:00:42.563000,Soft,7,2,,,1,True,0 days 01:08:32.172000,95.884,24.117,29.204,42.563,4112.172,4131.153,24.2,47.0,966.2,False,40.3,101,2.1,False,True,False,FORMULA 1 PIRELLI GRAND PRIX DE FRANCE 2018,Le Castellet,France,,,Permanent,,,0.2515226732301531,0.3045763631054191,0.4439009636644279,1,False,French Grand Prix,french_grand_prix,2018,2018-06-24,98.23812,25,Closing,0.5019999999999953,False,False,False,True
VET,Ferrari,35,0 days 00:01:37.116000,0 days 00:00:24.462000,0 days 00:00:29.638000,0 days 00:00:43.016000,Soft,34,2,,,1,True,0 days 01:08:34.476000,97.116,24.462,29.638,43.016,4114.476,4131.153,24.2,47.0,966.2,False,40.3,101,2.1,False,True,False,FORMULA 1 PIRELLI GRAND PRIX DE FRANCE 2018,Le Castellet,France,,,Permanent,,,0.2518843444952428,0.305181432513695,0.4429342229910622,1,False,French Grand Prix,french_grand_prix,2018,2018-06-24,101.26828947368422,38,Mid,2.6310000000000002,False,False,False,True
RAI,Ferrari,35,0 days 00:01:38.834000,0 days 00:00:27.480000,0 days 00:00:29.348000,0 days 00:00:42.006000,SUPERSOFT,1,2,,0 days 01:07:03.138000,1,False,0 days 01:08:41.166000,98.834,27.48,29.348,42.006,4121.166,4131.153,24.2,47.0,966.2,False,40.3,101,2.1,False,True,False,FORMULA 1 PIRELLI GRAND PRIX DE FRANCE 2018,Le Castellet,France,,,Permanent,,,0.27804196936276987,0.2969423477750571,0.42501568286217295,1,False,French Grand Prix,french_grand_prix,2018,2018-06-24,97.97663157894738,19,Closing,4.436000000000007,False,False,False,True
BOT,Mercedes,35,0 days 00:01:37.214000,0 days 00:00:24.610000,0 days 00:00:29.803000,0 days 00:00:42.801000,Soft,34,2,,,1,True,0 days 01:09:00.231000,97.214,24.61,29.803,42.801,4140.231,4131.153,24.2,47.0,966.2,False,40.3,101,2.1,False,True,False,FORMULA 1 PIRELLI GRAND PRIX DE FRANCE 2018,Le Castellet,France,,,Permanent,,,0.25315283806859096,0.30657107001049233,0.44027609192091677,1,False,French Grand Prix,french_grand_prix,2018,2018-06-24,100.90908108108108,37,Mid,2.9890000000000043,False,False,False,True
HUL,Renault,35,0 days 00:01:38.623000,0 days 00:00:24.719000,0 days 00:00:29.961000,0 days 00:00:43.943000,Soft,34,1,,,1,True,0 days 01:09:02.648000,98.623,24.719,29.961,43.943,4142.648,4131.153,24.2,47.0,966.2,False,40.3,101,2.1,False,True,False,FORMULA 1 PIRELLI GRAND PRIX DE FRANCE 2018,Le Castellet,France,,,Permanent,,,0.25064133112965536,0.30379323281587456,0.44556543605447,1,False,French Grand Prix,french_grand_prix,2018,2018-06-24,103.22897142857143,35,Opening,2.75,False,False,False,True
SAI,Renault,35,0 days 00:01:37.114000,0 days 00:00:24.453000,0 days 00:00:29.395000,0 days 00:00:43.266000,Soft,9,2,,,1,True,0 days 01:09:17.962000,97.114,24.453,29.395,43.266,4157.962,4131.153,24.2,47.0,966.2,False,40.3,101,2.1,False,True,False,FORMULA 1 PIRELLI GRAND PRIX DE FRANCE 2018,Le Castellet,France,,,Permanent,,,0.25179685730172785,0.3026855036349033,0.4455176390633688,1,False,French Grand Prix,french_grand_prix,2018,2018-06-24,98.70085185185184,27,Closing,1.475999999999999,False,False,False,True
VAN,McLaren,35,0 days 00:01:39.058000,0 days 00:00:24.554000,0 days 00:00:30.680000,0 days 00:00:43.824000,SUPERSOFT,34,1,,,1,True,0 days 01:09:19.207000,99.058,24.554,30.68,43.824,4159.207,4131.153,24.2,47.0,966.2,False,40.3,101,2.1,False,True,False,FORMULA 1 PIRELLI GRAND PRIX DE FRANCE 2018,Le Castellet,France,,,Permanent,,,0.24787498233358232,0.30971753921944717,0.4424074784469704,1,False,French Grand Prix,french_grand_prix,2018,2018-06-24,101.85713513513514,37,Opening,2.3830000000000098,False,False,False,True
MAG,Haas F1 Team,35,0 days 00:01:37.268000,0 days 00:00:24.322000,0 days 00:00:29.690000,0 days 00:00:43.256000,Soft,7,2,,,1,True,0 days 01:09:20.112000,97.268,24.322,29.69,43.256,4160.112,4131.153,24.2,47.0,966.2,False,40.3,101,2.1,False,True,False,FORMULA 1 PIRELLI GRAND PRIX DE FRANCE 2018,Le Castellet,France,,,Permanent,,,0.25005140436731504,0.3052391331167496,0.44470946251593535,1,False,French Grand Prix,french_grand_prix,2018,2018-06-24,98.42219999999999,25,Closing,1.8430000000000035,False,False,False,True
HAR,Toro Rosso,35,0 days 00:01:38.279000,0 days 00:00:24.752000,0 days 00:00:29.890000,0 days 00:00:43.637000,ULTRASOFT,34,1,,,1,True,0 days 01:09:28.752000,98.279,24.752,29.89,43.637,4168.752,4191.146,24.3,46.7,966.2,False,40.2,98,1.5,False,True,False,FORMULA 1 PIRELLI GRAND PRIX DE FRANCE 2018,Le Castellet,France,,,Permanent,,,0.2518544144730817,0.3041341486991117,0.4440114368278066,1,False,French Grand Prix,french_grand_prix,2018,2018-06-24,102.32042857142858,35,Opening,1.4399999999999977,False,False,False,True
LEC,Sauber,35,0 days 00:01:37.765000,0 days 00:00:24.800000,0 days 00:00:29.220000,0 days 00:00:43.745000,SUPERSOFT,4,2,,,1,True,0 days 01:09:31.374000,97.765,24.8,29.22,43.745,4171.374,4191.146,24.3,46.7,966.2,False,40.2,98,1.5,False,True,False,FORMULA 1 PIRELLI GRAND PRIX DE FRANCE 2018,Le Castellet,France,,,Permanent,,,0.25366951362962203,0.29887996726844984,0.44745051910192807,1,False,French Grand Prix,french_grand_prix,2018,2018-06-24,98.722,22,Closing,1.7879999999999967,False,False,False,True
ALO,McLaren,35,0 days 00:01:38.916000,0 days 00:00:24.717000,0 days 00:00:30.312000,0 days 00:00:43.887000,Soft,34,2,,,1,True,0 days 01:09:32.150000,98.916,24.717,30.312,43.887,4172.15,4191.146,24.3,46.7,966.2,False,40.2,98,1.5,False,True,False,FORMULA 1 PIRELLI GRAND PRIX DE FRANCE 2018,Le Castellet,France,,,Permanent,,,0.24987868494480164,0.30644182943103243,0.443679485624166,1,False,French Grand Prix,french_grand_prix,2018,2018-06-24,102.5500909090909,44,Mid,3.7830000000000013,False,False,False,True
STR,Williams,35,0 days 00:01:38.319000,0 days 00:00:24.693000,0 days 00:00:30.065000,0 days 00:00:43.561000,Soft,34,2,,,1,True,0 days 01:09:37.433000,98.319,24.693,30.065,43.561,4177.433,4191.146,24.3,46.7,966.2,False,40.2,98,1.5,False,True,False,FORMULA 1 PIRELLI GRAND PRIX DE FRANCE 2018,Le Castellet,France,,,Permanent,,,0.25115186281390167,0.3057903355404347,0.4430578016456636,1,False,French Grand Prix,french_grand_prix,2018,2018-06-24,102.4190652173913,46,Closing,0.0,False,False,False,True
SIR,Williams,35,0 days 00:01:38.300000,0 days 00:00:24.750000,0 days 00:00:29.792000,0 days 00:00:43.758000,Soft,34,2,,,1,True,0 days 01:09:38.669000,98.3,24.75,29.792,43.758,4178.669,4191.146,24.3,46.7,966.2,False,40.2,98,1.5,False,True,False,FORMULA 1 PIRELLI GRAND PRIX DE FRANCE 2018,Le Castellet,France,,,Permanent,,,0.2517802644964395,0.30307222787385557,0.445147507629705,1,False,French Grand Prix,french_grand_prix,2018,2018-06-24,102.90366,50,Closing,0.0,False,False,False,True
GRO,Haas F1 Team,35,0 days 00:01:39.919000,0 days 00:00:27.922000,0 days 00:00:29.453000,0 days 00:00:42.544000,SUPERSOFT,1,2,,0 days 01:08:00.718000,1,False,0 days 01:09:39.953000,99.919,27.922,29.453,42.544,4179.953,4191.146,24.3,46.7,966.2,False,40.2,98,1.5,False,True,False,FORMULA 1 PIRELLI GRAND PRIX DE FRANCE 2018,Le Castellet,France,,,Permanent,,,0.2794463515447513,0.29476876269778524,0.42578488575746354,1,False,French Grand Prix,french_grand_prix,2018,2018-06-24,99.38844444444445,18,Closing,4.224000000000004,False,False,False,True
ERI,Sauber,35,0 days 00:01:59.167000,0 days 00:00:24.519000,0 days 00:00:29.868000,0 days 00:01:04.780000,SUPERSOFT,34,1,0 days 01:09:28.648000,,1,False,0 days 01:09:51.432000,119.167,24.519,29.868,64.78,4191.432,4191.146,24.3,46.7,966.2,False,40.2,98,1.5,False,True,False,FORMULA 1 PIRELLI GRAND PRIX DE FRANCE 2018,Le Castellet,France,,,Permanent,35.0,,0.20575327062022203,0.25063985835004654,0.5436068710297314,1,False,French Grand Prix,french_grand_prix,2018,2018-06-24,104.29169696969697,33,Opening,22.673000000000002,False,False,False,True
HAM,Mercedes,36,0 days 00:01:35.365000,0 days 00:00:23.749000,0 days 00:00:29.175000,0 days 00:00:42.441000,Soft,3,2,,,1,True,0 days 01:09:54.477000,95.365,23.749,29.175,42.441,4194.477,4191.146,24.3,46.7,966.2,False,40.2,98,1.5,False,True,False,FORMULA 1 PIRELLI GRAND PRIX DE FRANCE 2018,Le Castellet,France,,,Permanent,,,0.24903266397525298,0.3059298484769046,0.44503748754784256,1,False,French Grand Prix,french_grand_prix,2018,2018-06-24,97.6545,20,Closing,0.8559999999999945,False,False,False,True
VER,Red Bull Racing,36,0 days 00:01:35.155000,0 days 00:00:23.836000,0 days 00:00:29.034000,0 days 00:00:42.285000,Soft,11,2,,,1,True,0 days 01:09:59.595000,95.155,23.836,29.034,42.285,4199.595,4191.146,24.3,46.7,966.2,False,40.2,98,1.5,False,True,False,FORMULA 1 PIRELLI GRAND PRIX DE FRANCE 2018,Le Castellet,France,,,Permanent,,,0.25049655824707057,0.30512322000945824,0.44438022174347114,1,False,French Grand Prix,french_grand_prix,2018,2018-06-24,97.19075,28,Closing,0.8799999999999955,False,False,False,True
RIC,Red Bull Racing,36,0 days 00:01:35.481000,0 days 00:00:23.834000,0 days 00:00:29.185000,0 days 00:00:42.462000,Soft,8,2,,,1,True,0 days 01:10:07.653000,95.481,23.834,29.185,42.462,4207.653,4191.146,24.3,46.7,966.2,False,40.2,98,1.5,False,True,False,FORMULA 1 PIRELLI GRAND PRIX DE FRANCE 2018,Le Castellet,France,,,Permanent,,,0.24962034331437669,0.305662906756318,0.4447167499293054,1,False,French Grand Prix,french_grand_prix,2018,2018-06-24,98.23812,25,Closing,0.09899999999998954,False,False,False,True
VET,Ferrari,36,0 days 00:01:36.876000,0 days 00:00:24.416000,0 days 00:00:29.687000,0 days 00:00:42.773000,Soft,35,2,,,1,True,0 days 01:10:11.352000,96.876,24.416,29.687,42.773,4211.352,4191.146,24.3,46.7,966.2,False,40.2,98,1.5,False,True,False,FORMULA 1 PIRELLI GRAND PRIX DE FRANCE 2018,Le Castellet,France,,,Permanent,,,0.2520335273958462,0.3064432883273463,0.4415231842768075,1,False,French Grand Prix,french_grand_prix,2018,2018-06-24,101.26828947368422,38,Mid,2.3910000000000053,False,False,False,True
RAI,Ferrari,36,0 days 00:01:34.810000,0 days 00:00:23.831000,0 days 00:00:29.075000,0 days 00:00:41.904000,SUPERSOFT,2,2,,,1,True,0 days 01:10:15.976000,94.81,23.831,29.075,41.904,4215.976,4191.146,24.3,46.7,966.2,False,40.2,98,1.5,False,True,False,FORMULA 1 PIRELLI GRAND PRIX DE FRANCE 2018,Le Castellet,France,,,Permanent,,,0.2513553422634743,0.30666596350595926,0.4419786942305664,1,False,French Grand Prix,french_grand_prix,2018,2018-06-24,97.97663157894738,19,Closing,0.41200000000000614,False,False,False,True
BOT,Mercedes,36,0 days 00:01:36.190000,0 days 00:00:24.140000,0 days 00:00:29.494000,0 days 00:00:42.556000,Soft,35,2,,,1,True,0 days 01:10:36.421000,96.19,24.14,29.494,42.556,4236.421,4251.16,24.3,46.4,966.2,False,40.2,91,1.8,False,True,False,FORMULA 1 PIRELLI GRAND PRIX DE FRANCE 2018,Le Castellet,France,,,Permanent,,,0.2509616384239526,0.3066223100114357,0.44241605156461167,1,False,French Grand Prix,french_grand_prix,2018,2018-06-24,100.90908108108108,37,Mid,1.9650000000000034,False,False,False,True
HUL,Renault,36,0 days 00:01:38.256000,0 days 00:00:24.635000,0 days 00:00:30.068000,0 days 00:00:43.553000,Soft,35,1,,,1,True,0 days 01:10:40.904000,98.256,24.635,30.068,43.553,4240.904,4251.16,24.3,46.4,966.2,False,40.2,91,1.8,False,True,False,FORMULA 1 PIRELLI GRAND PRIX DE FRANCE 2018,Le Castellet,France,,,Permanent,,,0.25072260218205505,0.3060169353525485,0.44326046246539647,1,False,French Grand Prix,french_grand_prix,2018,2018-06-24,103.22897142857143,35,Opening,2.3829999999999956,False,False,False,True
SAI,Renault,36,0 days 00:01:37,0 days 00:00:24.258000,0 days 00:00:29.616000,0 days 00:00:43.126000,Soft,10,2,,,1,True,0 days 01:10:54.962000,97.0,24.258,29.616,43.126,4254.962,4251.16,24.3,46.4,966.2,False,40.2,91,1.8,False,True,False,FORMULA 1 PIRELLI GRAND PRIX DE FRANCE 2018,Le Castellet,France,,,Permanent,,,0.25008247422680413,0.30531958762886596,0.44459793814432985,1,False,French Grand Prix,french_grand_prix,2018,2018-06-24,98.70085185185184,27,Closing,1.3619999999999948,False,False,False,True
VAN,McLaren,36,0 days 00:01:38.105000,0 days 00:00:24.704000,0 days 00:00:29.868000,0 days 00:00:43.533000,SUPERSOFT,35,1,,,1,True,0 days 01:10:57.312000,98.105,24.704,29.868,43.533,4257.312,4251.16,24.3,46.4,966.2,False,40.2,91,1.8,False,True,False,FORMULA 1 PIRELLI GRAND PRIX DE FRANCE 2018,Le Castellet,France,,,Permanent,,,0.25181183425921205,0.30444931450996376,0.4437388512308241,1,False,French Grand Prix,french_grand_prix,2018,2018-06-24,101.85713513513514,37,Opening,1.4300000000000068,False,False,False,True
MAG,Haas F1 Team,36,0 days 00:01:37.784000,0 days 00:00:24.660000,0 days 00:00:29.712000,0 days 00:00:43.412000,Soft,8,2,,,1,True,0 days 01:10:57.896000,97.784,24.66,29.712,43.412,4257.896,4251.16,24.3,46.4,966.2,False,40.2,91,1.8,False,True,False,FORMULA 1 PIRELLI GRAND PRIX DE FRANCE 2018,Le Castellet,France,,,Permanent,,,0.25218849709563934,0.30385339114783605,0.44395811175652455,1,False,French Grand Prix,french_grand_prix,2018,2018-06-24,98.42219999999999,25,Closing,2.359000000000009,False,False,False,True
HAR,Toro Rosso,36,0 days 00:01:38.130000,0 days 00:00:24.666000,0 days 00:00:29.828000,0 days 00:00:43.636000,ULTRASOFT,35,1,,,1,True,0 days 01:11:06.882000,98.13,24.666,29.828,43.636,4266.882,4251.16,24.3,46.4,966.2,False,40.2,91,1.8,False,True,False,FORMULA 1 PIRELLI GRAND PRIX DE FRANCE 2018,Le Castellet,France,,,Permanent,,,0.2513604402323449,0.3039641292163457,0.44467543055130954,1,False,French Grand Prix,french_grand_prix,2018,2018-06-24,102.32042857142858,35,Opening,1.2909999999999968,False,False,False,True
LEC,Sauber,36,0 days 00:01:36.879000,0 days 00:00:24.122000,0 days 00:00:29.553000,0 days 00:00:43.204000,SUPERSOFT,5,2,,,1,True,0 days 01:11:08.253000,96.879,24.122,29.553,43.204,4268.253,4251.16,24.3,46.4,966.2,False,40.2,91,1.8,False,True,False,FORMULA 1 PIRELLI GRAND PRIX DE FRANCE 2018,Le Castellet,France,,,Permanent,,,0.24899100940348268,0.30505063016752854,0.44595836042898873,1,False,French Grand Prix,french_grand_prix,2018,2018-06-24,98.722,22,Closing,0.902000000000001,False,False,False,True
ALO,McLaren,36,0 days 00:01:38.518000,0 days 00:00:24.565000,0 days 00:00:30.048000,0 days 00:00:43.905000,Soft,35,2,,,1,True,0 days 01:11:10.668000,98.518,24.565,30.048,43.905,4270.668,4251.16,24.3,46.4,966.2,False,40.2,91,1.8,False,True,False,FORMULA 1 PIRELLI GRAND PRIX DE FRANCE 2018,Le Castellet,France,,,Permanent,,,0.24934529730607605,0.30500010150429363,0.44565460118963035,1,False,French Grand Prix,french_grand_prix,2018,2018-06-24,102.5500909090909,44,Mid,3.385000000000005,False,False,False,True
STR,Williams,36,0 days 00:01:39.237000,0 days 00:00:25.152000,0 days 00:00:30.061000,0 days 00:00:44.024000,Soft,35,2,,,1,True,0 days 01:11:16.670000,99.237,25.152,30.061,44.024,4276.67,4251.16,24.3,46.4,966.2,False,40.2,91,1.8,False,True,False,FORMULA 1 PIRELLI GRAND PRIX DE FRANCE 2018,Le Castellet,France,,,Permanent,,,0.2534538528976088,0.3029212894384151,0.4436248576639762,1,False,French Grand Prix,french_grand_prix,2018,2018-06-24,102.4190652173913,46,Closing,0.9179999999999922,False,False,False,True
GRO,Haas F1 Team,36,0 days 00:01:36.814000,0 days 00:00:24.311000,0 days 00:00:29.349000,0 days 00:00:43.154000,SUPERSOFT,2,2,,,1,True,0 days 01:11:16.767000,96.814,24.311,29.349,43.154,4276.767,4251.16,24.3,46.4,966.2,False,40.2,91,1.8,False,True,False,FORMULA 1 PIRELLI GRAND PRIX DE FRANCE 2018,Le Castellet,France,,,Permanent,,,0.2511103765984259,0.3031483049972112,0.4457413184043631,1,False,French Grand Prix,french_grand_prix,2018,2018-06-24,99.38844444444445,18,Closing,1.1189999999999998,False,False,False,True
SIR,Williams,36,0 days 00:01:39.839000,0 days 00:00:25.069000,0 days 00:00:30.497000,0 days 00:00:44.273000,Soft,35,2,,,1,True,0 days 01:11:18.508000,99.839,25.069,30.497,44.273,4278.508,4251.16,24.3,46.4,966.2,False,40.2,91,1.8,False,True,False,FORMULA 1 PIRELLI GRAND PRIX DE FRANCE 2018,Le Castellet,France,,,Permanent,,,0.2510942617614359,0.3054617934875149,0.4434439447510492,1,False,French Grand Prix,french_grand_prix,2018,2018-06-24,102.90366,50,Closing,1.5390000000000015,False,False,False,True
HAM,Mercedes,37,0 days 00:01:35.744000,0 days 00:00:24.222000,0 days 00:00:29.263000,0 days 00:00:42.259000,Soft,4,2,,,1,True,0 days 01:11:30.221000,95.744,24.222,29.263,42.259,4290.221,4311.173,24.3,46.1,966.2,False,40.1,121,1.5,False,True,False,FORMULA 1 PIRELLI GRAND PRIX DE FRANCE 2018,Le Castellet,France,,,Permanent,,,0.2529871323529412,0.3056379512032086,0.4413749164438503,1,False,French Grand Prix,french_grand_prix,2018,2018-06-24,97.6545,20,Closing,1.2349999999999994,False,False,False,True
ERI,Sauber,36,0 days 00:01:41.258000,0 days 00:00:28.821000,0 days 00:00:29.558000,0 days 00:00:42.879000,ULTRASOFT,1,2,,0 days 01:09:52.227000,1,False,0 days 01:11:32.690000,101.258,28.821,29.558,42.879,4292.69,4311.173,24.3,46.1,966.2,False,40.1,121,1.5,False,True,False,FORMULA 1 PIRELLI GRAND PRIX DE FRANCE 2018,Le Castellet,France,,,Permanent,,,0.28462936261826227,0.29190779987754056,0.4234628375041972,1,False,French Grand Prix,french_grand_prix,2018,2018-06-24,100.82417647058823,17,Closing,4.763999999999996,False,False,False,True
VER,Red Bull Racing,37,0 days 00:01:35.210000,0 days 00:00:23.809000,0 days 00:00:28.998000,0 days 00:00:42.403000,Soft,12,2,,,1,True,0 days 01:11:34.805000,95.21,23.809,28.998,42.403,4294.805,4311.173,24.3,46.1,966.2,False,40.1,121,1.5,False,True,False,FORMULA 1 PIRELLI GRAND PRIX DE FRANCE 2018,Le Castellet,France,,,Permanent,,,0.25006827013969124,0.304568847810104,0.4453628820502048,1,False,French Grand Prix,french_grand_prix,2018,2018-06-24,97.19075,28,Closing,0.9349999999999881,False,False,False,True
RIC,Red Bull Racing,37,0 days 00:01:35.382000,0 days 00:00:23.821000,0 days 00:00:29.140000,0 days 00:00:42.421000,Soft,9,2,,,1,True,0 days 01:11:43.035000,95.382,23.821,29.14,42.421,4303.035,4311.173,24.3,46.1,966.2,False,40.1,121,1.5,False,True,False,FORMULA 1 PIRELLI GRAND PRIX DE FRANCE 2018,Le Castellet,France,,,Permanent,,,0.24974313811830326,0.30550837684259086,0.44474848503910586,1,False,French Grand Prix,french_grand_prix,2018,2018-06-24,98.23812,25,Closing,0.0,False,False,False,True
VET,Ferrari,37,0 days 00:01:37.485000,0 days 00:00:24.497000,0 days 00:00:29.764000,0 days 00:00:43.224000,Soft,36,2,,,1,True,0 days 01:11:48.837000,97.485,24.497,29.764,43.224,4308.837,4311.173,24.3,46.1,966.2,False,40.1,121,1.5,False,True,False,FORMULA 1 PIRELLI GRAND PRIX DE FRANCE 2018,Le Castellet,France,,,Permanent,,,0.2512899420423655,0.3053187669897933,0.4433912909678412,1,False,French Grand Prix,french_grand_prix,2018,2018-06-24,101.26828947368422,38,Mid,3.0,False,False,False,True
RAI,Ferrari,37,0 days 00:01:35.037000,0 days 00:00:23.698000,0 days 00:00:29.168000,0 days 00:00:42.171000,SUPERSOFT,3,2,,,1,True,0 days 01:11:51.013000,95.037,23.698,29.168,42.171,4311.013,4311.173,24.3,46.1,966.2,False,40.1,121,1.5,False,True,False,FORMULA 1 PIRELLI GRAND PRIX DE FRANCE 2018,Le Castellet,France,,,Permanent,,,0.24935551416816606,0.30691204478255835,0.4437324410492755,1,False,French Grand Prix,french_grand_prix,2018,2018-06-24,97.97663157894738,19,Closing,0.63900000000001,False,False,False,True
BOT,Mercedes,37,0 days 00:01:36.459000,0 days 00:00:24.193000,0 days 00:00:29.488000,0 days 00:00:42.778000,Soft,36,2,,,1,True,0 days 01:12:12.880000,96.459,24.193,29.488,42.778,4332.88,4311.173,24.3,46.1,966.2,False,40.1,121,1.5,False,True,False,FORMULA 1 PIRELLI GRAND PRIX DE FRANCE 2018,Le Castellet,France,,,Permanent,,,0.2508112254947698,0.30570501456577404,0.4434837599394561,1,False,French Grand Prix,french_grand_prix,2018,2018-06-24,100.90908108108108,37,Mid,2.234000000000009,False,False,False,True
SAI,Renault,37,0 days 00:01:36.798000,0 days 00:00:24.247000,0 days 00:00:29.559000,0 days 00:00:42.992000,Soft,11,2,,,1,True,0 days 01:12:31.760000,96.798,24.247,29.559,42.992,4351.76,4371.186,24.4,45.6,966.2,False,40.2,97,1.7,False,True,False,FORMULA 1 PIRELLI GRAND PRIX DE FRANCE 2018,Le Castellet,France,,,Permanent,,,0.2504907126180293,0.3053678795016426,0.4441414078803281,1,False,French Grand Prix,french_grand_prix,2018,2018-06-24,98.70085185185184,27,Closing,1.1599999999999966,False,False,False,True
MAG,Haas F1 Team,37,0 days 00:01:36.885000,0 days 00:00:24.845000,0 days 00:00:29.343000,0 days 00:00:42.697000,Soft,9,2,,,1,True,0 days 01:12:34.781000,96.885,24.845,29.343,42.697,4354.781,4371.186,24.4,45.6,966.2,False,40.2,97,1.7,False,True,False,FORMULA 1 PIRELLI GRAND PRIX DE FRANCE 2018,Le Castellet,France,,,Permanent,,,0.2564380451050214,0.3028642204675646,0.44069773442741395,1,False,French Grand Prix,french_grand_prix,2018,2018-06-24,98.42219999999999,25,Closing,1.460000000000008,False,False,False,True
VAN,McLaren,37,0 days 00:01:39.030000,0 days 00:00:24.774000,0 days 00:00:30.470000,0 days 00:00:43.786000,SUPERSOFT,36,1,,,1,True,0 days 01:12:36.342000,99.03,24.774,30.47,43.786,4356.342,4371.186,24.4,45.6,966.2,False,40.2,97,1.7,False,True,False,FORMULA 1 PIRELLI GRAND PRIX DE FRANCE 2018,Le Castellet,France,,,Permanent,,,0.2501666161769161,0.3076845400383722,0.4421488437847117,1,False,French Grand Prix,french_grand_prix,2018,2018-06-24,101.85713513513514,37,Opening,2.355000000000004,False,False,False,True
HUL,Renault,37,0 days 00:01:59.841000,0 days 00:00:24.508000,0 days 00:00:30.094000,0 days 00:01:05.239000,Soft,36,1,0 days 01:12:16.548000,,1,False,0 days 01:12:40.745000,119.841,24.508,30.094,65.239,4360.745,4371.186,24.4,45.6,966.2,False,40.2,97,1.7,False,True,False,FORMULA 1 PIRELLI GRAND PRIX DE FRANCE 2018,Le Castellet,France,,,Permanent,37.0,,0.2045043015328644,0.2511160621156366,0.5443796363514991,1,False,French Grand Prix,french_grand_prix,2018,2018-06-24,103.22897142857143,35,Opening,23.96799999999999,False,False,False,True
HAR,Toro Rosso,37,0 days 00:01:38.162000,0 days 00:00:24.732000,0 days 00:00:29.815000,0 days 00:00:43.615000,ULTRASOFT,36,1,,,1,True,0 days 01:12:45.044000,98.162,24.732,29.815,43.615,4365.044,4371.186,24.4,45.6,966.2,False,40.2,97,1.7,False,True,False,FORMULA 1 PIRELLI GRAND PRIX DE FRANCE 2018,Le Castellet,France,,,Permanent,,,0.25195085674701,0.3037326052851409,0.44431653796784903,1,False,French Grand Prix,french_grand_prix,2018,2018-06-24,102.32042857142858,35,Opening,1.3230000000000075,False,False,False,True
LEC,Sauber,37,0 days 00:01:37.186000,0 days 00:00:24.371000,0 days 00:00:29.483000,0 days 00:00:43.332000,SUPERSOFT,6,2,,,1,True,0 days 01:12:45.439000,97.186,24.371,29.483,43.332,4365.439,4371.186,24.4,45.6,966.2,False,40.2,97,1.7,False,True,False,FORMULA 1 PIRELLI GRAND PRIX DE FRANCE 2018,Le Castellet,France,,,Permanent,,,0.2507665713168563,0.3033667400654415,0.4458666886177021,1,False,French Grand Prix,french_grand_prix,2018,2018-06-24,98.722,22,Closing,1.2090000000000032,False,False,False,True
ALO,McLaren,37,0 days 00:01:38.506000,0 days 00:00:24.742000,0 days 00:00:29.962000,0 days 00:00:43.802000,Soft,36,2,,,1,True,0 days 01:12:49.174000,98.506,24.742,29.962,43.802,4369.174,4371.186,24.4,45.6,966.2,False,40.2,97,1.7,False,True,False,FORMULA 1 PIRELLI GRAND PRIX DE FRANCE 2018,Le Castellet,France,,,Permanent,,,0.251172517410107,0.3041642133474103,0.4446632692424827,1,False,French Grand Prix,french_grand_prix,2018,2018-06-24,102.5500909090909,44,Mid,3.3730000000000047,False,False,False,True
GRO,Haas F1 Team,37,0 days 00:01:36.597000,0 days 00:00:24.206000,0 days 00:00:29.642000,0 days 00:00:42.749000,SUPERSOFT,3,2,,,1,True,0 days 01:12:53.364000,96.597,24.206,29.642,42.749,4373.364,4371.186,24.4,45.6,966.2,False,40.2,97,1.7,False,True,False,FORMULA 1 PIRELLI GRAND PRIX DE FRANCE 2018,Le Castellet,France,,,Permanent,,,0.25058749236518735,0.30686253196269037,0.4425499756721224,1,False,French Grand Prix,french_grand_prix,2018,2018-06-24,99.38844444444445,18,Closing,0.902000000000001,False,False,False,True
STR,Williams,37,0 days 00:01:39.839000,0 days 00:00:25.689000,0 days 00:00:30.218000,0 days 00:00:43.932000,Soft,36,2,,,1,True,0 days 01:12:56.509000,99.839,25.689,30.218,43.932,4376.509,4371.186,24.4,45.6,966.2,False,40.2,97,1.7,False,True,False,FORMULA 1 PIRELLI GRAND PRIX DE FRANCE 2018,Le Castellet,France,,,Permanent,,,0.25730425985837196,0.30266729434389367,0.44002844579773437,1,False,French Grand Prix,french_grand_prix,2018,2018-06-24,102.4190652173913,46,Closing,1.519999999999996,False,False,False,True
SIR,Williams,37,0 days 00:01:38.790000,0 days 00:00:24.887000,0 days 00:00:29.804000,0 days 00:00:44.099000,Soft,36,2,,,1,True,0 days 01:12:57.298000,98.79,24.887,29.804,44.099,4377.298,4371.186,24.4,45.6,966.2,False,40.2,97,1.7,False,True,False,FORMULA 1 PIRELLI GRAND PRIX DE FRANCE 2018,Le Castellet,France,,,Permanent,,,0.25191821034517664,0.3016904544994432,0.44639133515538004,1,False,French Grand Prix,french_grand_prix,2018,2018-06-24,102.90366,50,Closing,0.4900000000000091,False,False,False,True
HAM,Mercedes,38,0 days 00:01:35.208000,0 days 00:00:23.950000,0 days 00:00:29.136000,0 days 00:00:42.122000,Soft,5,2,,,1,True,0 days 01:13:05.429000,95.208,23.95,29.136,42.122,4385.429,4371.186,24.4,45.6,966.2,False,40.2,97,1.7,False,True,False,FORMULA 1 PIRELLI GRAND PRIX DE FRANCE 2018,Le Castellet,France,,,Permanent,,,0.2515544912192253,0.30602470380640284,0.4424208049743719,1,False,French Grand Prix,french_grand_prix,2018,2018-06-24,97.6545,20,Closing,0.6989999999999981,False,False,False,True
ERI,Sauber,37,0 days 00:01:36.494000,0 days 00:00:24.182000,0 days 00:00:29.383000,0 days 00:00:42.929000,ULTRASOFT,2,2,,,1,True,0 days 01:13:09.184000,96.494,24.182,29.383,42.929,4389.184,4371.186,24.4,45.6,966.2,False,40.2,97,1.7,False,True,False,FORMULA 1 PIRELLI GRAND PRIX DE FRANCE 2018,Le Castellet,France,,,Permanent,,,0.25060625531121106,0.30450597964640286,0.4448877650423861,1,False,French Grand Prix,french_grand_prix,2018,2018-06-24,100.82417647058823,17,Closing,0.0,False,False,False,True
VER,Red Bull Racing,38,0 days 00:01:35.446000,0 days 00:00:23.901000,0 days 00:00:28.958000,0 days 00:00:42.587000,Soft,13,2,,,1,True,0 days 01:13:10.251000,95.446,23.901,28.958,42.587,4390.251,4371.186,24.4,45.6,966.2,False,40.2,97,1.7,False,True,False,FORMULA 1 PIRELLI GRAND PRIX DE FRANCE 2018,Le Castellet,France,,,Permanent,,,0.2504138465729313,0.3033966850365652,0.44618946839050355,1,False,French Grand Prix,french_grand_prix,2018,2018-06-24,97.19075,28,Closing,1.1709999999999923,False,False,False,True
RIC,Red Bull Racing,38,0 days 00:01:35.443000,0 days 00:00:23.879000,0 days 00:00:29.133000,0 days 00:00:42.431000,Soft,10,2,,,1,True,0 days 01:13:18.478000,95.443,23.879,29.133,42.431,4398.478,4371.186,24.4,45.6,966.2,False,40.2,97,1.7,False,True,False,FORMULA 1 PIRELLI GRAND PRIX DE FRANCE 2018,Le Castellet,France,,,Permanent,,,0.25019121360393115,0.30523977662060076,0.44456900977546804,1,False,French Grand Prix,french_grand_prix,2018,2018-06-24,98.23812,25,Closing,0.06099999999999284,False,False,False,True
VET,Ferrari,38,0 days 00:01:37.410000,0 days 00:00:24.498000,0 days 00:00:29.763000,0 days 00:00:43.149000,Soft,37,2,,,1,True,0 days 01:13:26.247000,97.41,24.498,29.763,43.149,4406.247,4431.2,24.5,45.8,966.1,False,40.2,122,1.8,False,True,False,FORMULA 1 PIRELLI GRAND PRIX DE FRANCE 2018,Le Castellet,France,,,Permanent,,,0.25149368647982756,0.30554357868801973,0.44296273483215276,1,False,French Grand Prix,french_grand_prix,2018,2018-06-24,101.26828947368422,38,Mid,2.924999999999997,False,False,False,True
RAI,Ferrari,38,0 days 00:01:35.657000,0 days 00:00:23.716000,0 days 00:00:29.486000,0 days 00:00:42.455000,SUPERSOFT,4,2,,,1,True,0 days 01:13:26.670000,95.657,23.716,29.486,42.455,4406.67,4431.2,24.5,45.8,966.1,False,40.2,122,1.8,False,True,False,FORMULA 1 PIRELLI GRAND PRIX DE FRANCE 2018,Le Castellet,France,,,Permanent,,,0.24792749093113942,0.30824717480163505,0.4438253342672256,1,False,French Grand Prix,french_grand_prix,2018,2018-06-24,97.97663157894738,19,Closing,1.2590000000000003,False,False,False,True
BOT,Mercedes,38,0 days 00:01:36.456000,0 days 00:00:24.207000,0 days 00:00:29.519000,0 days 00:00:42.730000,Soft,37,2,,,1,True,0 days 01:13:49.336000,96.456,24.207,29.519,42.73,4429.336,4431.2,24.5,45.8,966.1,False,40.2,122,1.8,False,True,False,FORMULA 1 PIRELLI GRAND PRIX DE FRANCE 2018,Le Castellet,France,,,Permanent,,,0.25096417019158995,0.30603591274778136,0.44299991706062863,1,False,French Grand Prix,french_grand_prix,2018,2018-06-24,100.90908108108108,37,Mid,2.2310000000000088,False,False,False,True
SAI,Renault,38,0 days 00:01:36.853000,0 days 00:00:24.241000,0 days 00:00:29.701000,0 days 00:00:42.911000,Soft,12,2,,,1,True,0 days 01:14:08.613000,96.853,24.241,29.701,42.911,4448.613,4431.2,24.5,45.8,966.1,False,40.2,122,1.8,False,True,False,FORMULA 1 PIRELLI GRAND PRIX DE FRANCE 2018,Le Castellet,France,,,Permanent,,,0.250286516679917,0.30666060937709727,0.4430528739429858,1,False,French Grand Prix,french_grand_prix,2018,2018-06-24,98.70085185185184,27,Closing,1.2149999999999892,False,False,False,True
MAG,Haas F1 Team,38,0 days 00:01:36.598000,0 days 00:00:24.280000,0 days 00:00:29.631000,0 days 00:00:42.687000,Soft,10,2,,,1,True,0 days 01:14:11.379000,96.598,24.28,29.631,42.687,4451.379,4431.2,24.5,45.8,966.1,False,40.2,122,1.8,False,True,False,FORMULA 1 PIRELLI GRAND PRIX DE FRANCE 2018,Le Castellet,France,,,Permanent,,,0.25135095964719767,0.3067454812729042,0.4419035590798981,1,False,French Grand Prix,french_grand_prix,2018,2018-06-24,98.42219999999999,25,Closing,1.1730000000000018,False,False,False,True
VAN,McLaren,38,0 days 00:01:37.845000,0 days 00:00:24.692000,0 days 00:00:29.929000,0 days 00:00:43.224000,SUPERSOFT,37,1,,,1,True,0 days 01:14:14.187000,97.845,24.692,29.929,43.224,4454.187,4431.2,24.5,45.8,966.1,False,40.2,122,1.8,False,True,False,FORMULA 1 PIRELLI GRAND PRIX DE FRANCE 2018,Le Castellet,France,,,Permanent,,,0.25235832183555623,0.30588175175021715,0.44175992641422657,1,False,French Grand Prix,french_grand_prix,2018,2018-06-24,101.85713513513514,37,Opening,1.1700000000000017,False,False,False,True
HUL,Renault,38,0 days 00:01:40.402000,0 days 00:00:27.662000,0 days 00:00:29.540000,0 days 00:00:43.200000,ULTRASOFT,4,2,,0 days 01:12:41.551000,1,False,0 days 01:14:21.147000,100.402,27.662,29.54,43.2,4461.147,4431.2,24.5,45.8,966.1,False,40.2,122,1.8,False,True,False,FORMULA 1 PIRELLI GRAND PRIX DE FRANCE 2018,Le Castellet,France,,,Permanent,,,0.2755124399912352,0.29421724666839305,0.43027031334037175,1,False,French Grand Prix,french_grand_prix,2018,2018-06-24,99.32775,16,Closing,4.528999999999996,False,False,False,True
LEC,Sauber,38,0 days 00:01:37.843000,0 days 00:00:25.205000,0 days 00:00:29.482000,0 days 00:00:43.156000,SUPERSOFT,7,2,,,1,True,0 days 01:14:23.282000,97.843,25.205,29.482,43.156,4463.282,4491.213,24.6,47.0,966.2,False,39.8,78,1.3,False,True,False,FORMULA 1 PIRELLI GRAND PRIX DE FRANCE 2018,Le Castellet,France,,,Permanent,,,0.25760657379679686,0.30131946076878263,0.4410739654344204,1,False,French Grand Prix,french_grand_prix,2018,2018-06-24,98.722,22,Closing,1.8659999999999997,False,False,False,True
ALO,McLaren,38,0 days 00:01:38.953000,0 days 00:00:24.758000,0 days 00:00:30.448000,0 days 00:00:43.747000,Soft,37,2,,,1,True,0 days 01:14:28.127000,98.953,24.758,30.448,43.747,4468.127,4491.213,24.6,47.0,966.2,False,39.8,78,1.3,False,True,False,FORMULA 1 PIRELLI GRAND PRIX DE FRANCE 2018,Le Castellet,France,,,Permanent,,,0.250199589704203,0.30770163613028406,0.4420987741655129,1,False,French Grand Prix,french_grand_prix,2018,2018-06-24,102.5500909090909,44,Mid,3.8200000000000074,False,False,False,True
GRO,Haas F1 Team,38,0 days 00:01:36.912000,0 days 00:00:24.134000,0 days 00:00:29.866000,0 days 00:00:42.912000,SUPERSOFT,4,2,,,1,True,0 days 01:14:30.276000,96.912,24.134,29.866,42.912,4470.276,4491.213,24.6,47.0,966.2,False,39.8,78,1.3,False,True,False,FORMULA 1 PIRELLI GRAND PRIX DE FRANCE 2018,Le Castellet,France,,,Permanent,,,0.24903004787848768,0.30817649001155684,0.4427934621099554,1,False,French Grand Prix,french_grand_prix,2018,2018-06-24,99.38844444444445,18,Closing,1.217000000000013,False,False,False,True
STR,Williams,38,0 days 00:01:38.980000,0 days 00:00:24.984000,0 days 00:00:30.215000,0 days 00:00:43.781000,Soft,37,2,,,1,True,0 days 01:14:35.489000,98.98,24.984,30.215,43.781,4475.489,4491.213,24.6,47.0,966.2,False,39.8,78,1.3,False,True,False,FORMULA 1 PIRELLI GRAND PRIX DE FRANCE 2018,Le Castellet,France,,,Permanent,,,0.2524146292180239,0.30526368963426953,0.4423216811477066,1,False,French Grand Prix,french_grand_prix,2018,2018-06-24,102.4190652173913,46,Closing,0.6610000000000014,False,False,False,True
SIR,Williams,38,0 days 00:01:39.182000,0 days 00:00:25.104000,0 days 00:00:30.215000,0 days 00:00:43.863000,Soft,37,2,,,1,True,0 days 01:14:36.480000,99.182,25.104,30.215,43.863,4476.48,4491.213,24.6,47.0,966.2,False,39.8,78,1.3,False,True,False,FORMULA 1 PIRELLI GRAND PRIX DE FRANCE 2018,Le Castellet,France,,,Permanent,,,0.25311044342723477,0.30464197132544213,0.4422475852473231,1,False,French Grand Prix,french_grand_prix,2018,2018-06-24,102.90366,50,Closing,0.882000000000005,False,False,False,True
HAM,Mercedes,39,0 days 00:01:35.379000,0 days 00:00:23.891000,0 days 00:00:29.261000,0 days 00:00:42.227000,Soft,6,2,,,1,True,0 days 01:14:40.808000,95.379,23.891,29.261,42.227,4480.808,4491.213,24.6,47.0,966.2,False,39.8,78,1.3,False,True,False,FORMULA 1 PIRELLI GRAND PRIX DE FRANCE 2018,Le Castellet,France,,,Permanent,,,0.25048490757923647,0.30678660921167134,0.4427284832090921,1,False,French Grand Prix,french_grand_prix,2018,2018-06-24,97.6545,20,Closing,0.8700000000000045,False,False,False,True
HAR,Toro Rosso,38,0 days 00:02:00.273000,0 days 00:00:25.221000,0 days 00:00:30.260000,0 days 00:01:04.792000,ULTRASOFT,37,1,0 days 01:14:21.808000,,1,False,0 days 01:14:45.317000,120.273,25.221,30.26,64.792,4485.317,4491.213,24.6,47.0,966.2,False,39.8,78,1.3,False,True,False,FORMULA 1 PIRELLI GRAND PRIX DE FRANCE 2018,Le Castellet,France,,,Permanent,38.0,,0.20969793719288618,0.2515942896576954,0.5387077731494184,1,False,French Grand Prix,french_grand_prix,2018,2018-06-24,102.32042857142858,35,Opening,23.433999999999997,False,False,False,True
VER,Red Bull Racing,39,0 days 00:01:35.620000,0 days 00:00:24.031000,0 days 00:00:29.142000,0 days 00:00:42.447000,Soft,14,2,,,1,True,0 days 01:14:45.871000,95.62,24.031,29.142,42.447,4485.871,4491.213,24.6,47.0,966.2,False,39.8,78,1.3,False,True,False,FORMULA 1 PIRELLI GRAND PRIX DE FRANCE 2018,Le Castellet,France,,,Permanent,,,0.2513177159590044,0.3047688768040159,0.4439134072369797,1,False,French Grand Prix,french_grand_prix,2018,2018-06-24,97.19075,28,Closing,1.3449999999999989,False,False,False,True
ERI,Sauber,38,0 days 00:01:38.768000,0 days 00:00:26.131000,0 days 00:00:29.594000,0 days 00:00:43.043000,ULTRASOFT,3,2,,,1,True,0 days 01:14:47.952000,98.768,26.131,29.594,43.043,4487.952,4491.213,24.6,47.0,966.2,False,39.8,78,1.3,False,True,False,FORMULA 1 PIRELLI GRAND PRIX DE FRANCE 2018,Le Castellet,France,,,Permanent,,,0.264569496193099,0.2996314595820509,0.43579904422485016,1,False,French Grand Prix,french_grand_prix,2018,2018-06-24,100.82417647058823,17,Closing,2.274000000000001,False,False,False,True
RIC,Red Bull Racing,39,0 days 00:01:35.475000,0 days 00:00:23.850000,0 days 00:00:29.315000,0 days 00:00:42.310000,Soft,11,2,,,1,True,0 days 01:14:53.953000,95.475,23.85,29.315,42.31,4493.953,4491.213,24.6,47.0,966.2,False,39.8,78,1.3,False,True,False,FORMULA 1 PIRELLI GRAND PRIX DE FRANCE 2018,Le Castellet,France,,,Permanent,,,0.24980361351139044,0.30704372872479707,0.4431526577638126,1,False,French Grand Prix,french_grand_prix,2018,2018-06-24,98.23812,25,Closing,0.09299999999998931,False,False,False,True
RAI,Ferrari,39,0 days 00:01:35.944000,0 days 00:00:24.768000,0 days 00:00:28.985000,0 days 00:00:42.191000,SUPERSOFT,5,2,,,1,True,0 days 01:15:02.614000,95.944,24.768,28.985,42.191,4502.614,4491.213,24.6,47.0,966.2,False,39.8,78,1.3,False,True,False,FORMULA 1 PIRELLI GRAND PRIX DE FRANCE 2018,Le Castellet,France,,,Permanent,,,0.25815058784290834,0.30210331026432086,0.4397461018927708,1,False,French Grand Prix,french_grand_prix,2018,2018-06-24,97.97663157894738,19,Closing,1.5460000000000065,False,False,False,True
VET,Ferrari,39,0 days 00:01:38.070000,0 days 00:00:24.689000,0 days 00:00:30.227000,0 days 00:00:43.154000,Soft,38,2,,,1,True,0 days 01:15:04.317000,98.07,24.689,30.227,43.154,4504.317,4491.213,24.6,47.0,966.2,False,39.8,78,1.3,False,True,False,FORMULA 1 PIRELLI GRAND PRIX DE FRANCE 2018,Le Castellet,France,,,Permanent,,,0.2517487508922199,0.308218619353523,0.4400326297542572,1,False,French Grand Prix,french_grand_prix,2018,2018-06-24,101.26828947368422,38,Mid,3.5849999999999937,False,False,False,True
SAI,Renault,39,0 days 00:01:36.505000,0 days 00:00:24.146000,0 days 00:00:29.581000,0 days 00:00:42.778000,Soft,13,2,,,1,True,0 days 01:15:45.118000,96.505,24.146,29.581,42.778,4545.118,4551.227,24.6,49.4,966.2,False,39.6,349,1.1,False,True,False,FORMULA 1 PIRELLI GRAND PRIX DE FRANCE 2018,Le Castellet,France,,,Permanent,,,0.25020465260867314,0.3065229780840371,0.4432723693072898,1,False,French Grand Prix,french_grand_prix,2018,2018-06-24,98.70085185185184,27,Closing,0.8669999999999902,False,False,False,True
MAG,Haas F1 Team,39,0 days 00:01:36.651000,0 days 00:00:24.377000,0 days 00:00:29.676000,0 days 00:00:42.598000,Soft,11,2,,,1,True,0 days 01:15:48.030000,96.651,24.377,29.676,42.598,4548.03,4551.227,24.6,49.4,966.2,False,39.6,349,1.1,False,True,False,FORMULA 1 PIRELLI GRAND PRIX DE FRANCE 2018,Le Castellet,France,,,Permanent,,,0.2522167385748725,0.3070428655678679,0.4407403958572596,1,False,French Grand Prix,french_grand_prix,2018,2018-06-24,98.42219999999999,25,Closing,1.225999999999999,False,False,False,True
VAN,McLaren,39,0 days 00:01:37.706000,0 days 00:00:24.715000,0 days 00:00:29.880000,0 days 00:00:43.111000,SUPERSOFT,38,1,,,1,True,0 days 01:15:51.893000,97.706,24.715,29.88,43.111,4551.893,4551.227,24.6,49.4,966.2,False,39.6,349,1.1,False,True,False,FORMULA 1 PIRELLI GRAND PRIX DE FRANCE 2018,Le Castellet,France,,,Permanent,,,0.2529527357582953,0.30581540539987306,0.4412318588418316,1,False,French Grand Prix,french_grand_prix,2018,2018-06-24,101.85713513513514,37,Opening,1.031000000000006,False,False,False,True
BOT,Mercedes,39,0 days 00:02:03.532000,0 days 00:00:24.112000,0 days 00:00:29.585000,0 days 00:01:09.835000,Soft,38,2,0 days 01:15:23.017000,,1,False,0 days 01:15:52.868000,123.532,24.112,29.585,69.835,4552.868,4551.227,24.6,49.4,966.2,False,39.6,349,1.1,False,True,False,FORMULA 1 PIRELLI GRAND PRIX DE FRANCE 2018,Le Castellet,France,,,Permanent,39.0,,0.19518829129294432,0.2394926011074054,0.5653191075996502,1,False,French Grand Prix,french_grand_prix,2018,2018-06-24,100.90908108108108,37,Mid,29.307000000000002,False,False,False,True
HUL,Renault,39,0 days 00:01:36.681000,0 days 00:00:24.428000,0 days 00:00:29.433000,0 days 00:00:42.820000,ULTRASOFT,5,2,,,1,True,0 days 01:15:57.828000,96.681,24.428,29.433,42.82,4557.828,4551.227,24.6,49.4,966.2,False,39.6,349,1.1,False,True,False,FORMULA 1 PIRELLI GRAND PRIX DE FRANCE 2018,Le Castellet,France,,,Permanent,,,0.2526659840092676,0.3044341701058119,0.44289984588492054,1,False,French Grand Prix,french_grand_prix,2018,2018-06-24,99.32775,16,Closing,0.8079999999999927,False,False,False,True
LEC,Sauber,39,0 days 00:01:37.168000,0 days 00:00:24.511000,0 days 00:00:29.717000,0 days 00:00:42.940000,SUPERSOFT,8,2,,,1,True,0 days 01:16:00.450000,97.168,24.511,29.717,42.94,4560.45,4551.227,24.6,49.4,966.2,False,39.6,349,1.1,False,True,False,FORMULA 1 PIRELLI GRAND PRIX DE FRANCE 2018,Le Castellet,France,,,Permanent,,,0.2522538284208793,0.30583113782315163,0.44191503375596897,1,False,French Grand Prix,french_grand_prix,2018,2018-06-24,98.722,22,Closing,1.1910000000000025,False,False,False,True
ALO,McLaren,39,0 days 00:01:38.802000,0 days 00:00:24.829000,0 days 00:00:30.314000,0 days 00:00:43.659000,Soft,38,2,,,1,True,0 days 01:16:06.929000,98.802,24.829,30.314,43.659,4566.929,4551.227,24.6,49.4,966.2,False,39.6,349,1.1,False,True,False,FORMULA 1 PIRELLI GRAND PRIX DE FRANCE 2018,Le Castellet,France,,,Permanent,,,0.2513005809598996,0.30681565150503026,0.4418837675350701,1,False,French Grand Prix,french_grand_prix,2018,2018-06-24,102.5500909090909,44,Mid,3.669000000000011,False,False,False,True
GRO,Haas F1 Team,39,0 days 00:01:37.041000,0 days 00:00:24.467000,0 days 00:00:29.710000,0 days 00:00:42.864000,SUPERSOFT,5,2,,,1,True,0 days 01:16:07.317000,97.041,24.467,29.71,42.864,4567.317,4551.227,24.6,49.4,966.2,False,39.6,349,1.1,False,True,False,FORMULA 1 PIRELLI GRAND PRIX DE FRANCE 2018,Le Castellet,France,,,Permanent,,,0.2521305427602766,0.3061592522748117,0.4417102049649117,1,False,French Grand Prix,french_grand_prix,2018,2018-06-24,99.38844444444445,18,Closing,1.3460000000000036,False,False,False,True
STR,Williams,39,0 days 00:01:38.799000,0 days 00:00:24.881000,0 days 00:00:30.268000,0 days 00:00:43.650000,Soft,38,2,,,1,True,0 days 01:16:14.288000,98.799,24.881,30.268,43.65,4574.288,4551.227,24.6,49.4,966.2,False,39.6,349,1.1,False,True,False,FORMULA 1 PIRELLI GRAND PRIX DE FRANCE 2018,Le Castellet,France,,,Permanent,,,0.25183453273818557,0.3063593761070456,0.4418060911547687,1,False,French Grand Prix,french_grand_prix,2018,2018-06-24,102.4190652173913,46,Closing,0.480000000000004,False,False,False,True
SIR,Williams,39,0 days 00:01:38.529000,0 days 00:00:24.829000,0 days 00:00:29.957000,0 days 00:00:43.743000,Soft,38,2,,,1,True,0 days 01:16:15.009000,98.529,24.829,29.957,43.743,4575.009,4551.227,24.6,49.4,966.2,False,39.6,349,1.1,False,True,False,FORMULA 1 PIRELLI GRAND PRIX DE FRANCE 2018,Le Castellet,France,,,Permanent,,,0.25199687401678694,0.3040424646550762,0.44396066132813694,1,False,French Grand Prix,french_grand_prix,2018,2018-06-24,102.90366,50,Closing,0.2289999999999992,False,False,False,True
HAM,Mercedes,40,0 days 00:01:35.635000,0 days 00:00:24.147000,0 days 00:00:29.244000,0 days 00:00:42.244000,Soft,7,2,,,1,True,0 days 01:16:16.443000,95.635,24.147,29.244,42.244,4576.443,4551.227,24.6,49.4,966.2,False,39.6,349,1.1,False,True,False,FORMULA 1 PIRELLI GRAND PRIX DE FRANCE 2018,Le Castellet,France,,,Permanent,,,0.2524912427458566,0.3057876300517593,0.44172112720238405,1,False,French Grand Prix,french_grand_prix,2018,2018-06-24,97.6545,20,Closing,1.1260000000000048,False,False,False,True
VER,Red Bull Racing,40,0 days 00:01:35.511000,0 days 00:00:23.818000,0 days 00:00:29.169000,0 days 00:00:42.524000,Soft,15,2,,,1,True,0 days 01:16:21.382000,95.511,23.818,29.169,42.524,4581.382,4611.24,24.6,51.1,966.2,False,39.6,335,2.3,False,True,False,FORMULA 1 PIRELLI GRAND PRIX DE FRANCE 2018,Le Castellet,France,,,Permanent,,,0.24937441760634904,0.30539937808210577,0.4452262043115453,1,False,French Grand Prix,french_grand_prix,2018,2018-06-24,97.19075,28,Closing,1.23599999999999,False,False,False,True
ERI,Sauber,39,0 days 00:01:37.021000,0 days 00:00:24.311000,0 days 00:00:29.734000,0 days 00:00:42.976000,ULTRASOFT,4,2,,,1,True,0 days 01:16:24.973000,97.021,24.311,29.734,42.976,4584.973,4611.24,24.6,51.1,966.2,False,39.6,335,2.3,False,True,False,FORMULA 1 PIRELLI GRAND PRIX DE FRANCE 2018,Le Castellet,France,,,Permanent,,,0.25057461786623514,0.306469733356696,0.4429556487770689,1,False,French Grand Prix,french_grand_prix,2018,2018-06-24,100.82417647058823,17,Closing,0.527000000000001,False,False,False,True
HAR,Toro Rosso,39,0 days 00:01:41.835000,0 days 00:00:28.564000,0 days 00:00:30.062000,0 days 00:00:43.209000,SUPERSOFT,1,2,,0 days 01:14:46.201000,1,False,0 days 01:16:27.152000,101.835,28.564,30.062,43.209,4587.152,4611.24,24.6,51.1,966.2,False,39.6,335,2.3,False,True,False,FORMULA 1 PIRELLI GRAND PRIX DE FRANCE 2018,Le Castellet,France,,,Permanent,,,0.28049295428880056,0.29520302450041735,0.4243040212107822,1,False,French Grand Prix,french_grand_prix,2018,2018-06-24,101.54314285714285,14,Closing,4.995999999999995,False,False,False,True
RIC,Red Bull Racing,40,0 days 00:01:35.573000,0 days 00:00:23.901000,0 days 00:00:29.317000,0 days 00:00:42.355000,Soft,12,2,,,1,True,0 days 01:16:29.526000,95.573,23.901,29.317,42.355,4589.526,4611.24,24.6,51.1,966.2,False,39.6,335,2.3,False,True,False,FORMULA 1 PIRELLI GRAND PRIX DE FRANCE 2018,Le Castellet,France,,,Permanent,,,0.2500810898475511,0.3067498142780911,0.4431690958743578,1,False,French Grand Prix,french_grand_prix,2018,2018-06-24,98.23812,25,Closing,0.1909999999999883,False,False,False,True
RAI,Ferrari,40,0 days 00:01:34.962000,0 days 00:00:23.730000,0 days 00:00:29.348000,0 days 00:00:41.884000,SUPERSOFT,6,2,,,1,True,0 days 01:16:37.576000,94.962,23.73,29.348,41.884,4597.576,4611.24,24.6,51.1,966.2,False,39.6,335,2.3,False,True,False,FORMULA 1 PIRELLI GRAND PRIX DE FRANCE 2018,Le Castellet,France,,,Permanent,,,0.2498894294559929,0.30904993576377915,0.4410606347802279,1,False,French Grand Prix,french_grand_prix,2018,2018-06-24,97.97663157894738,19,Closing,0.5640000000000072,False,False,False,True
VET,Ferrari,40,0 days 00:02:05.085000,0 days 00:00:24.521000,0 days 00:00:29.996000,0 days 00:01:10.568000,Soft,39,2,0 days 01:16:39.253000,,1,False,0 days 01:17:09.402000,125.085,24.521,29.996,70.568,4629.402,4611.24,24.6,51.1,966.2,False,39.6,335,2.3,False,True,False,FORMULA 1 PIRELLI GRAND PRIX DE FRANCE 2018,Le Castellet,France,,,Permanent,40.0,,0.19603469640644364,0.23980493264580086,0.5641603709477555,1,False,French Grand Prix,french_grand_prix,2018,2018-06-24,101.26828947368422,38,Mid,30.599999999999994,False,False,False,True
SAI,Renault,40,0 days 00:01:36.350000,0 days 00:00:24.203000,0 days 00:00:29.604000,0 days 00:00:42.543000,Soft,14,2,,,1,True,0 days 01:17:21.468000,96.35,24.203,29.604,42.543,4641.468,4671.254,24.7,51.4,966.3,False,39.7,317,1.4,False,True,False,FORMULA 1 PIRELLI GRAND PRIX DE FRANCE 2018,Le Castellet,France,,,Permanent,,,0.2511987545407369,0.30725480020757656,0.44154644525168657,1,False,French Grand Prix,french_grand_prix,2018,2018-06-24,98.70085185185184,27,Closing,0.7119999999999891,False,False,False,True
MAG,Haas F1 Team,40,0 days 00:01:36.653000,0 days 00:00:24.420000,0 days 00:00:29.813000,0 days 00:00:42.420000,Soft,12,2,,,1,True,0 days 01:17:24.683000,96.653,24.42,29.813,42.42,4644.683,4671.254,24.7,51.4,966.3,False,39.7,317,1.4,False,True,False,FORMULA 1 PIRELLI GRAND PRIX DE FRANCE 2018,Le Castellet,France,,,Permanent,,,0.25265641004417866,0.30845395383485247,0.4388896361209688,1,False,French Grand Prix,french_grand_prix,2018,2018-06-24,98.42219999999999,25,Closing,1.2280000000000086,False,False,False,True
BOT,Mercedes,40,0 days 00:01:38.568000,0 days 00:00:27.559000,0 days 00:00:28.951000,0 days 00:00:42.058000,SUPERSOFT,1,3,,0 days 01:15:53.735000,1,False,0 days 01:17:31.436000,98.568,27.559,28.951,42.058,4651.436,4671.254,24.7,51.4,966.3,False,39.7,317,1.4,False,True,False,FORMULA 1 PIRELLI GRAND PRIX DE FRANCE 2018,Le Castellet,France,,,Permanent,,,0.27959378297216136,0.2937160133106079,0.42669020371723076,1,False,French Grand Prix,french_grand_prix,2018,2018-06-24,98.9805,14,Closing,4.3430000000000035,False,False,False,True
HUL,Renault,40,0 days 00:01:36.884000,0 days 00:00:24.438000,0 days 00:00:29.542000,0 days 00:00:42.904000,ULTRASOFT,6,2,,,1,True,0 days 01:17:34.712000,96.884,24.438,29.542,42.904,4654.712,4671.254,24.7,51.4,966.3,False,39.7,317,1.4,False,True,False,FORMULA 1 PIRELLI GRAND PRIX DE FRANCE 2018,Le Castellet,France,,,Permanent,,,0.25223979191610585,0.304921349242393,0.4428388588415012,1,False,French Grand Prix,french_grand_prix,2018,2018-06-24,99.32775,16,Closing,1.0109999999999957,False,False,False,True
LEC,Sauber,40,0 days 00:01:37.008000,0 days 00:00:24.576000,0 days 00:00:29.674000,0 days 00:00:42.758000,SUPERSOFT,9,2,,,1,True,0 days 01:17:37.458000,97.008,24.576,29.674,42.758,4657.458,4671.254,24.7,51.4,966.3,False,39.7,317,1.4,False,True,False,FORMULA 1 PIRELLI GRAND PRIX DE FRANCE 2018,Le Castellet,France,,,Permanent,,,0.2533399307273627,0.3058922975424707,0.4407677717301666,1,False,French Grand Prix,french_grand_prix,2018,2018-06-24,98.722,22,Closing,1.0309999999999917,False,False,False,True
GRO,Haas F1 Team,40,0 days 00:01:36.899000,0 days 00:00:24.442000,0 days 00:00:29.762000,0 days 00:00:42.695000,SUPERSOFT,6,2,,,1,True,0 days 01:17:44.216000,96.899,24.442,29.762,42.695,4664.216,4671.254,24.7,51.4,966.3,False,39.7,317,1.4,False,True,False,FORMULA 1 PIRELLI GRAND PRIX DE FRANCE 2018,Le Castellet,France,,,Permanent,,,0.25224202520149847,0.307144552575362,0.44061342222313954,1,False,French Grand Prix,french_grand_prix,2018,2018-06-24,99.38844444444445,18,Closing,1.2040000000000077,False,False,False,True
ALO,McLaren,40,0 days 00:01:40.172000,0 days 00:00:25.735000,0 days 00:00:30.441000,0 days 00:00:43.996000,Soft,39,2,,,1,True,0 days 01:17:47.101000,100.172,25.735,30.441,43.996,4667.101,4671.254,24.7,51.4,966.3,False,39.7,317,1.4,False,True,False,FORMULA 1 PIRELLI GRAND PRIX DE FRANCE 2018,Le Castellet,France,,,Permanent,,,0.2569081180369764,0.3038873138202292,0.4392045681427944,1,False,French Grand Prix,french_grand_prix,2018,2018-06-24,102.5500909090909,44,Mid,5.0390000000000015,False,False,False,True
VAN,McLaren,40,0 days 00:01:58.682000,0 days 00:00:24.693000,0 days 00:00:29.957000,0 days 00:01:04.032000,SUPERSOFT,39,1,0 days 01:17:26.913000,,1,False,0 days 01:17:50.575000,118.682,24.693,29.957,64.032,4670.575,4671.254,24.7,51.4,966.3,False,39.7,317,1.4,False,True,False,FORMULA 1 PIRELLI GRAND PRIX DE FRANCE 2018,Le Castellet,France,,,Permanent,40.0,,0.20806019446925397,0.2524140139195497,0.5395257916111963,1,False,French Grand Prix,french_grand_prix,2018,2018-06-24,101.85713513513514,37,Opening,22.007000000000005,False,False,False,True
HAM,Mercedes,41,0 days 00:01:36.705000,0 days 00:00:24.253000,0 days 00:00:29.695000,0 days 00:00:42.757000,Soft,8,2,,,1,True,0 days 01:17:53.148000,96.705,24.253,29.695,42.757,4673.148,4671.254,24.7,51.4,966.3,False,39.7,317,1.4,False,True,False,FORMULA 1 PIRELLI GRAND PRIX DE FRANCE 2018,Le Castellet,France,,,Permanent,,,0.2507936507936508,0.3070678868724471,0.4421384623339021,1,False,French Grand Prix,french_grand_prix,2018,2018-06-24,97.6545,20,Closing,2.195999999999998,False,False,False,True
STR,Williams,40,0 days 00:01:39.619000,0 days 00:00:24.866000,0 days 00:00:30.229000,0 days 00:00:44.524000,Soft,39,2,,,1,True,0 days 01:17:53.907000,99.619,24.866,30.229,44.524,4673.907,4671.254,24.7,51.4,966.3,False,39.7,317,1.4,False,True,False,FORMULA 1 PIRELLI GRAND PRIX DE FRANCE 2018,Le Castellet,France,,,Permanent,,,0.24961101797849808,0.30344612975436414,0.4469428522671378,1,False,French Grand Prix,french_grand_prix,2018,2018-06-24,102.4190652173913,46,Closing,1.2999999999999972,False,False,False,True
SIR,Williams,40,0 days 00:01:39.934000,0 days 00:00:25.104000,0 days 00:00:30.735000,0 days 00:00:44.095000,Soft,39,2,,,1,True,0 days 01:17:54.943000,99.934,25.104,30.735,44.095,4674.943,4671.254,24.7,51.4,966.3,False,39.7,317,1.4,False,True,False,FORMULA 1 PIRELLI GRAND PRIX DE FRANCE 2018,Le Castellet,France,,,Permanent,,,0.25120579582524466,0.30755298497008027,0.4412412192046751,1,False,French Grand Prix,french_grand_prix,2018,2018-06-24,102.90366,50,Closing,1.6340000000000003,False,False,False,True
VER,Red Bull Racing,41,0 days 00:01:35.065000,0 days 00:00:23.843000,0 days 00:00:28.911000,0 days 00:00:42.311000,Soft,16,2,,,1,True,0 days 01:17:56.447000,95.065,23.843,28.911,42.311,4676.447,4671.254,24.7,51.4,966.3,False,39.7,317,1.4,False,True,False,FORMULA 1 PIRELLI GRAND PRIX DE FRANCE 2018,Le Castellet,France,,,Permanent,,,0.2508073423447115,0.3041182348919161,0.44507442276337245,1,False,French Grand Prix,french_grand_prix,2018,2018-06-24,97.19075,28,Closing,0.789999999999992,False,False,False,True
ERI,Sauber,40,0 days 00:01:37.161000,0 days 00:00:24.392000,0 days 00:00:29.649000,0 days 00:00:43.120000,ULTRASOFT,5,2,,,1,True,0 days 01:18:02.134000,97.161,24.392,29.649,43.12,4682.134,4671.254,24.7,51.4,966.3,False,39.7,317,1.4,False,True,False,FORMULA 1 PIRELLI GRAND PRIX DE FRANCE 2018,Le Castellet,France,,,Permanent,,,0.25104723088482,0.30515330225090315,0.4437994668642768,1,False,French Grand Prix,french_grand_prix,2018,2018-06-24,100.82417647058823,17,Closing,0.6670000000000016,False,False,False,True
HAR,Toro Rosso,40,0 days 00:01:36.839000,0 days 00:00:24.408000,0 days 00:00:29.572000,0 days 00:00:42.859000,SUPERSOFT,2,2,,,1,True,0 days 01:18:03.991000,96.839,24.408,29.572,42.859,4683.991,4671.254,24.7,51.4,966.3,False,39.7,317,1.4,False,True,False,FORMULA 1 PIRELLI GRAND PRIX DE FRANCE 2018,Le Castellet,France,,,Permanent,,,0.2520472123834406,0.30537283532461096,0.4425799522919485,1,False,French Grand Prix,french_grand_prix,2018,2018-06-24,101.54314285714285,14,Closing,0.0,False,False,False,True
RIC,Red Bull Racing,41,0 days 00:01:36.450000,0 days 00:00:24.337000,0 days 00:00:29.461000,0 days 00:00:42.652000,Soft,13,2,,,1,True,0 days 01:18:05.976000,96.45,24.337,29.461,42.652,4685.976,4671.254,24.7,51.4,966.3,False,39.7,317,1.4,False,True,False,FORMULA 1 PIRELLI GRAND PRIX DE FRANCE 2018,Le Castellet,France,,,Permanent,,,0.25232763089683774,0.30545360290305856,0.4422187662001037,1,False,French Grand Prix,french_grand_prix,2018,2018-06-24,98.23812,25,Closing,1.0679999999999978,False,False,False,True
RAI,Ferrari,41,0 days 00:01:34.594000,0 days 00:00:23.704000,0 days 00:00:29.096000,0 days 00:00:41.794000,SUPERSOFT,7,2,,,1,True,0 days 01:18:12.170000,94.594,23.704,29.096,41.794,4692.17,4671.254,24.7,51.4,966.3,False,39.7,317,1.4,False,True,False,FORMULA 1 PIRELLI GRAND PRIX DE FRANCE 2018,Le Castellet,France,,,Permanent,,,0.25058671797365584,0.3075882191259488,0.44182506290039536,1,False,French Grand Prix,french_grand_prix,2018,2018-06-24,97.97663157894738,19,Closing,0.19599999999999795,False,False,False,True
VET,Ferrari,41,0 days 00:01:38.746000,0 days 00:00:27.402000,0 days 00:00:29.099000,0 days 00:00:42.245000,ULTRASOFT,4,3,,0 days 01:17:10.208000,1,False,0 days 01:18:48.148000,98.746,27.402,29.099,42.245,4728.148,4731.266,24.7,51.6,966.2,False,39.6,347,1.2,False,True,False,FORMULA 1 PIRELLI GRAND PRIX DE FRANCE 2018,Le Castellet,France,,,Permanent,,,0.27749984809511274,0.2946853543434671,0.4278147975614202,1,False,French Grand Prix,french_grand_prix,2018,2018-06-24,99.27138461538462,13,Closing,4.260999999999996,False,False,False,True
SAI,Renault,41,0 days 00:01:36.325000,0 days 00:00:24.124000,0 days 00:00:29.573000,0 days 00:00:42.628000,Soft,15,2,,,1,True,0 days 01:18:57.793000,96.325,24.124,29.573,42.628,4737.793,4731.266,24.7,51.6,966.2,False,39.6,347,1.2,False,True,False,FORMULA 1 PIRELLI GRAND PRIX DE FRANCE 2018,Le Castellet,France,,,Permanent,,,0.2504438100181676,0.3070127173630937,0.4425434726187386,1,False,French Grand Prix,french_grand_prix,2018,2018-06-24,98.70085185185184,27,Closing,0.6869999999999976,False,False,False,True
MAG,Haas F1 Team,41,0 days 00:01:36.543000,0 days 00:00:24.323000,0 days 00:00:29.857000,0 days 00:00:42.363000,Soft,13,2,,,1,True,0 days 01:19:01.226000,96.543,24.323,29.857,42.363,4741.226,4731.266,24.7,51.6,966.2,False,39.6,347,1.2,False,True,False,FORMULA 1 PIRELLI GRAND PRIX DE FRANCE 2018,Le Castellet,France,,,Permanent,,,0.2519395502522192,0.30926115824036954,0.43879929150741115,1,False,French Grand Prix,french_grand_prix,2018,2018-06-24,98.42219999999999,25,Closing,1.1180000000000092,False,False,False,True
BOT,Mercedes,41,0 days 00:01:34.225000,0 days 00:00:23.710000,0 days 00:00:28.726000,0 days 00:00:41.789000,SUPERSOFT,2,3,,,1,True,0 days 01:19:05.661000,94.225,23.71,28.726,41.789,4745.661,4731.266,24.7,51.6,966.2,False,39.6,347,1.2,False,True,False,FORMULA 1 PIRELLI GRAND PRIX DE FRANCE 2018,Le Castellet,France,,,Permanent,,,0.2516317325550544,0.3048660122048289,0.44350225524011677,1,False,French Grand Prix,french_grand_prix,2018,2018-06-24,98.9805,14,Closing,0.0,False,False,False,True
HUL,Renault,41,0 days 00:01:36.411000,0 days 00:00:24.209000,0 days 00:00:29.502000,0 days 00:00:42.700000,ULTRASOFT,7,2,,,1,True,0 days 01:19:11.123000,96.411,24.209,29.502,42.7,4751.123,4731.266,24.7,51.6,966.2,False,39.6,347,1.2,False,True,False,FORMULA 1 PIRELLI GRAND PRIX DE FRANCE 2018,Le Castellet,France,,,Permanent,,,0.2511020526703384,0.3060024271089398,0.4428955202207217,1,False,French Grand Prix,french_grand_prix,2018,2018-06-24,99.32775,16,Closing,0.5379999999999967,False,False,False,True
LEC,Sauber,41,0 days 00:01:36.596000,0 days 00:00:24.312000,0 days 00:00:29.705000,0 days 00:00:42.579000,SUPERSOFT,10,2,,,1,True,0 days 01:19:14.054000,96.596,24.312,29.705,42.579,4754.054,4731.266,24.7,51.6,966.2,False,39.6,347,1.2,False,True,False,FORMULA 1 PIRELLI GRAND PRIX DE FRANCE 2018,Le Castellet,France,,,Permanent,,,0.2516874404737256,0.30751790964429165,0.4407946498819827,1,False,French Grand Prix,french_grand_prix,2018,2018-06-24,98.722,22,Closing,0.6189999999999998,False,False,False,True
GRO,Haas F1 Team,41,0 days 00:01:36.544000,0 days 00:00:24.077000,0 days 00:00:29.947000,0 days 00:00:42.520000,SUPERSOFT,7,2,,,1,True,0 days 01:19:20.760000,96.544,24.077,29.947,42.52,4760.76,4731.266,24.7,51.6,966.2,False,39.6,347,1.2,False,True,False,FORMULA 1 PIRELLI GRAND PRIX DE FRANCE 2018,Le Castellet,France,,,Permanent,,,0.24938887968180315,0.3101901723566457,0.44042094796155123,1,False,French Grand Prix,french_grand_prix,2018,2018-06-24,99.38844444444445,18,Closing,0.8490000000000038,False,False,False,True
ALO,McLaren,41,0 days 00:01:38.834000,0 days 00:00:24.843000,0 days 00:00:30.333000,0 days 00:00:43.658000,Soft,40,2,,,1,True,0 days 01:19:25.935000,98.834,24.843,30.333,43.658,4765.935,4791.278,24.6,50.9,966.3,False,39.7,80,1.2,False,True,False,FORMULA 1 PIRELLI GRAND PRIX DE FRANCE 2018,Le Castellet,France,,,Permanent,,,0.25136086771758703,0.30690855373656833,0.4417305785458445,1,False,French Grand Prix,french_grand_prix,2018,2018-06-24,102.5500909090909,44,Mid,3.7010000000000076,False,False,False,True
HAM,Mercedes,42,0 days 00:01:34.998000,0 days 00:00:23.810000,0 days 00:00:29.176000,0 days 00:00:42.012000,Soft,9,2,,,1,True,0 days 01:19:28.146000,94.998,23.81,29.176,42.012,4768.146,4791.278,24.6,50.9,966.3,False,39.7,80,1.2,False,True,False,FORMULA 1 PIRELLI GRAND PRIX DE FRANCE 2018,Le Castellet,France,,,Permanent,,,0.2506368555127476,0.30712225520537273,0.4422408892818796,1,False,French Grand Prix,french_grand_prix,2018,2018-06-24,97.6545,20,Closing,0.4890000000000043,False,False,False,True
VER,Red Bull Racing,42,0 days 00:01:36.507000,0 days 00:00:24.395000,0 days 00:00:29.399000,0 days 00:00:42.713000,Soft,17,2,,,1,True,0 days 01:19:32.954000,96.507,24.395,29.399,42.713,4772.954,4791.278,24.6,50.9,966.3,False,39.7,80,1.2,False,True,False,FORMULA 1 PIRELLI GRAND PRIX DE FRANCE 2018,Le Castellet,France,,,Permanent,,,0.25277959111774273,0.30463075217341745,0.44258965670883976,1,False,French Grand Prix,french_grand_prix,2018,2018-06-24,97.19075,28,Closing,2.2319999999999993,False,False,False,True
VAN,McLaren,41,0 days 00:01:42.411000,0 days 00:00:28.995000,0 days 00:00:29.593000,0 days 00:00:43.823000,ULTRASOFT,1,2,,0 days 01:17:51.305000,1,False,0 days 01:19:32.986000,102.411,28.995,29.593,43.823,4772.986,4791.278,24.6,50.9,966.3,False,39.7,80,1.2,False,True,False,FORMULA 1 PIRELLI GRAND PRIX DE FRANCE 2018,Le Castellet,France,,,Permanent,,,0.2831238831766119,0.28896309966702793,0.42791301715636015,1,False,French Grand Prix,french_grand_prix,2018,2018-06-24,101.21758333333332,12,Closing,5.736000000000004,False,False,False,True
STR,Williams,41,0 days 00:01:41.185000,0 days 00:00:25.156000,0 days 00:00:30.964000,0 days 00:00:45.065000,Soft,40,2,,,1,True,0 days 01:19:35.092000,101.185,25.156,30.964,45.065,4775.092,4791.278,24.6,50.9,966.3,False,39.7,80,1.2,False,True,False,FORMULA 1 PIRELLI GRAND PRIX DE FRANCE 2018,Le Castellet,France,,,Permanent,,,0.24861392498888174,0.3060137372140139,0.4453723377971043,1,False,French Grand Prix,french_grand_prix,2018,2018-06-24,102.4190652173913,46,Closing,2.8659999999999997,False,False,False,True
SIR,Williams,41,0 days 00:01:40.833000,0 days 00:00:25.403000,0 days 00:00:30.713000,0 days 00:00:44.717000,Soft,40,2,,,1,True,0 days 01:19:35.776000,100.833,25.403,30.713,44.717,4775.776,4791.278,24.6,50.9,966.3,False,39.7,80,1.2,False,True,False,FORMULA 1 PIRELLI GRAND PRIX DE FRANCE 2018,Le Castellet,France,,,Permanent,,,0.25193141134350855,0.30459274245534695,0.44347584620114444,1,False,French Grand Prix,french_grand_prix,2018,2018-06-24,102.90366,50,Closing,2.5330000000000013,False,False,False,True
ERI,Sauber,41,0 days 00:01:36.881000,0 days 00:00:24.194000,0 days 00:00:29.646000,0 days 00:00:43.041000,ULTRASOFT,6,2,,,1,True,0 days 01:19:39.015000,96.881,24.194,29.646,43.041,4779.015,4791.278,24.6,50.9,966.3,False,39.7,80,1.2,False,True,False,FORMULA 1 PIRELLI GRAND PRIX DE FRANCE 2018,Le Castellet,France,,,Permanent,,,0.24972904903954335,0.3060042732837192,0.4442666776767374,1,False,French Grand Prix,french_grand_prix,2018,2018-06-24,100.82417647058823,17,Closing,0.38700000000000045,False,False,False,True
HAR,Toro Rosso,41,0 days 00:01:36.904000,0 days 00:00:24.276000,0 days 00:00:29.476000,0 days 00:00:43.152000,SUPERSOFT,3,2,,,1,True,0 days 01:19:40.895000,96.904,24.276,29.476,43.152,4780.895,4791.278,24.6,50.9,966.3,False,39.7,80,1.2,False,True,False,FORMULA 1 PIRELLI GRAND PRIX DE FRANCE 2018,Le Castellet,France,,,Permanent,,,0.2505159745727731,0.30417733014117065,0.4453066952860563,1,False,French Grand Prix,french_grand_prix,2018,2018-06-24,101.54314285714285,14,Closing,0.06499999999999773,False,False,False,True
RIC,Red Bull Racing,42,0 days 00:01:36.362000,0 days 00:00:24.260000,0 days 00:00:29.476000,0 days 00:00:42.626000,Soft,14,2,,,1,True,0 days 01:19:42.338000,96.362,24.26,29.476,42.626,4782.338,4791.278,24.6,50.9,966.3,False,39.7,80,1.2,False,True,False,FORMULA 1 PIRELLI GRAND PRIX DE FRANCE 2018,Le Castellet,France,,,Permanent,,,0.25175899213382874,0.3058882131960731,0.4423527946700982,1,False,French Grand Prix,french_grand_prix,2018,2018-06-24,98.23812,25,Closing,0.9799999999999898,False,False,False,True
RAI,Ferrari,42,0 days 00:01:34.705000,0 days 00:00:23.643000,0 days 00:00:29.317000,0 days 00:00:41.745000,SUPERSOFT,8,2,,,1,True,0 days 01:19:46.875000,94.705,23.643,29.317,41.745,4786.875,4791.278,24.6,50.9,966.3,False,39.7,80,1.2,False,True,False,FORMULA 1 PIRELLI GRAND PRIX DE FRANCE 2018,Le Castellet,France,,,Permanent,,,0.2496489097724513,0.3095612692043715,0.4407898210231772,1,False,French Grand Prix,french_grand_prix,2018,2018-06-24,97.97663157894738,19,Closing,0.30700000000000216,False,False,False,True
VET,Ferrari,42,0 days 00:01:34.485000,0 days 00:00:23.721000,0 days 00:00:29.069000,0 days 00:00:41.695000,ULTRASOFT,5,3,,,1,True,0 days 01:20:22.633000,94.485,23.721,29.069,41.695,4822.633,4851.293,24.5,47.1,966.2,False,39.5,23,1.0,False,True,False,FORMULA 1 PIRELLI GRAND PRIX DE FRANCE 2018,Le Castellet,France,,,Permanent,,,0.25105572313065566,0.30765730010054504,0.4412869767687993,1,False,French Grand Prix,french_grand_prix,2018,2018-06-24,99.27138461538462,13,Closing,0.0,False,False,False,True
SAI,Renault,42,0 days 00:01:36.174000,0 days 00:00:24.098000,0 days 00:00:29.564000,0 days 00:00:42.512000,Soft,16,2,,,1,True,0 days 01:20:33.967000,96.174,24.098,29.564,42.512,4833.967,4851.293,24.5,47.1,966.2,False,39.5,23,1.0,False,True,False,FORMULA 1 PIRELLI GRAND PRIX DE FRANCE 2018,Le Castellet,France,,,Permanent,,,0.25056668122361553,0.3074011687150373,0.4420321500613471,1,False,French Grand Prix,french_grand_prix,2018,2018-06-24,98.70085185185184,27,Closing,0.5360000000000014,False,False,False,True
MAG,Haas F1 Team,42,0 days 00:01:36.479000,0 days 00:00:24.282000,0 days 00:00:29.724000,0 days 00:00:42.473000,Soft,14,2,,,1,True,0 days 01:20:37.705000,96.479,24.282,29.724,42.473,4837.705,4851.293,24.5,47.1,966.2,False,39.5,23,1.0,False,True,False,FORMULA 1 PIRELLI GRAND PRIX DE FRANCE 2018,Le Castellet,France,,,Permanent,,,0.25168171311891707,0.3080877703956301,0.4402305164854528,1,False,French Grand Prix,french_grand_prix,2018,2018-06-24,98.42219999999999,25,Closing,1.054000000000002,False,False,False,True
BOT,Mercedes,42,0 days 00:01:35.147000,0 days 00:00:24.073000,0 days 00:00:29.099000,0 days 00:00:41.975000,SUPERSOFT,3,3,,,1,True,0 days 01:20:40.808000,95.147,24.073,29.099,41.975,4840.808,4851.293,24.5,47.1,966.2,False,39.5,23,1.0,False,True,False,FORMULA 1 PIRELLI GRAND PRIX DE FRANCE 2018,Le Castellet,France,,,Permanent,,,0.25300850263276825,0.30583202833510253,0.4411594690321292,1,False,French Grand Prix,french_grand_prix,2018,2018-06-24,98.9805,14,Closing,0.9220000000000113,False,False,False,True
HUL,Renault,42,0 days 00:01:36.553000,0 days 00:00:24.197000,0 days 00:00:29.555000,0 days 00:00:42.801000,ULTRASOFT,8,2,,,1,True,0 days 01:20:47.676000,96.553,24.197,29.555,42.801,4847.676,4851.293,24.5,47.1,966.2,False,39.5,23,1.0,False,True,False,FORMULA 1 PIRELLI GRAND PRIX DE FRANCE 2018,Le Castellet,France,,,Permanent,,,0.2506084741023065,0.3061013122326598,0.44329021366503374,1,False,French Grand Prix,french_grand_prix,2018,2018-06-24,99.32775,16,Closing,0.6799999999999926,False,False,False,True
LEC,Sauber,42,0 days 00:01:36.458000,0 days 00:00:24.149000,0 days 00:00:29.591000,0 days 00:00:42.718000,SUPERSOFT,11,2,,,1,True,0 days 01:20:50.512000,96.458,24.149,29.591,42.718,4850.512,4851.293,24.5,47.1,966.2,False,39.5,23,1.0,False,True,False,FORMULA 1 PIRELLI GRAND PRIX DE FRANCE 2018,Le Castellet,France,,,Permanent,,,0.25035766862261294,0.30677600613738626,0.44286632524000086,1,False,French Grand Prix,french_grand_prix,2018,2018-06-24,98.722,22,Closing,0.48099999999999454,False,False,False,True
GRO,Haas F1 Team,42,0 days 00:01:36.378000,0 days 00:00:24.069000,0 days 00:00:29.740000,0 days 00:00:42.569000,SUPERSOFT,8,2,,,1,True,0 days 01:20:57.138000,96.378,24.069,29.74,42.569,4857.138,4851.293,24.5,47.1,966.2,False,39.5,23,1.0,False,True,False,FORMULA 1 PIRELLI GRAND PRIX DE FRANCE 2018,Le Castellet,France,,,Permanent,,,0.2497354167963643,0.3085766461225591,0.4416879370810766,1,False,French Grand Prix,french_grand_prix,2018,2018-06-24,99.38844444444445,18,Closing,0.6830000000000069,False,False,False,True
HAM,Mercedes,43,0 days 00:01:34.813000,0 days 00:00:23.800000,0 days 00:00:29.096000,0 days 00:00:41.917000,Soft,10,2,,,1,True,0 days 01:21:02.959000,94.813,23.8,29.096,41.917,4862.959,4851.293,24.5,47.1,966.2,False,39.5,23,1.0,False,True,False,FORMULA 1 PIRELLI GRAND PRIX DE FRANCE 2018,Le Castellet,France,,,Permanent,,,0.251020429687912,0.3068777488319112,0.4421018214801768,1,False,French Grand Prix,french_grand_prix,2018,2018-06-24,97.6545,20,Closing,0.30400000000000205,False,False,False,True
ALO,McLaren,42,0 days 00:01:40.101000,0 days 00:00:24.839000,0 days 00:00:31.039000,0 days 00:00:44.223000,Soft,41,2,,,1,True,0 days 01:21:06.036000,100.101,24.839,31.039,44.223,4866.036,4851.293,24.5,47.1,966.2,False,39.5,23,1.0,False,True,False,FORMULA 1 PIRELLI GRAND PRIX DE FRANCE 2018,Le Castellet,France,,,Permanent,,,0.24813937922698073,0.31007682240936657,0.4417837983636527,1,False,French Grand Prix,french_grand_prix,2018,2018-06-24,102.5500909090909,44,Mid,4.9680000000000035,False,False,False,True
VER,Red Bull Racing,43,0 days 00:01:35.227000,0 days 00:00:23.773000,0 days 00:00:29.101000,0 days 00:00:42.353000,Soft,18,2,,,1,True,0 days 01:21:08.181000,95.227,23.773,29.101,42.353,4868.181,4851.293,24.5,47.1,966.2,False,39.5,23,1.0,False,True,False,FORMULA 1 PIRELLI GRAND PRIX DE FRANCE 2018,Le Castellet,France,,,Permanent,,,0.24964558371050227,0.30559610194587666,0.444758314343621,1,False,French Grand Prix,french_grand_prix,2018,2018-06-24,97.19075,28,Closing,0.9519999999999982,False,False,False,True
VAN,McLaren,42,0 days 00:01:37.687000,0 days 00:00:25.095000,0 days 00:00:29.593000,0 days 00:00:42.999000,ULTRASOFT,2,2,,,1,True,0 days 01:21:10.673000,97.687,25.095,29.593,42.999,4870.673,4851.293,24.5,47.1,966.2,False,39.5,23,1.0,False,True,False,FORMULA 1 PIRELLI GRAND PRIX DE FRANCE 2018,Le Castellet,France,,,Permanent,,,0.25689190987541843,0.30293693121909776,0.44017115890548386,1,False,French Grand Prix,french_grand_prix,2018,2018-06-24,101.21758333333332,12,Closing,1.0120000000000005,False,False,False,True
STR,Williams,42,0 days 00:01:39.358000,0 days 00:00:25.170000,0 days 00:00:30.362000,0 days 00:00:43.826000,Soft,41,2,,,1,True,0 days 01:21:14.450000,99.358,25.17,30.362,43.826,4874.45,4851.293,24.5,47.1,966.2,False,39.5,23,1.0,False,True,False,FORMULA 1 PIRELLI GRAND PRIX DE FRANCE 2018,Le Castellet,France,,,Permanent,,,0.2533263552003865,0.30558183538315986,0.4410918094164536,1,False,French Grand Prix,french_grand_prix,2018,2018-06-24,102.4190652173913,46,Closing,1.0390000000000015,False,False,False,True
SIR,Williams,42,0 days 00:01:39.566000,0 days 00:00:25.276000,0 days 00:00:30.094000,0 days 00:00:44.196000,Soft,41,2,,,1,True,0 days 01:21:15.342000,99.566,25.276,30.094,44.196,4875.342,4851.293,24.5,47.1,966.2,False,39.5,23,1.0,False,True,False,FORMULA 1 PIRELLI GRAND PRIX DE FRANCE 2018,Le Castellet,France,,,Permanent,,,0.25386176003856736,0.30225177269348974,0.44388646726794284,1,False,French Grand Prix,french_grand_prix,2018,2018-06-24,102.90366,50,Closing,1.2660000000000053,False,False,False,True
ERI,Sauber,42,0 days 00:01:37.848000,0 days 00:00:24.312000,0 days 00:00:29.810000,0 days 00:00:43.726000,ULTRASOFT,7,2,,,1,True,0 days 01:21:16.863000,97.848,24.312,29.81,43.726,4876.863,4851.293,24.5,47.1,966.2,False,39.5,23,1.0,False,True,False,FORMULA 1 PIRELLI GRAND PRIX DE FRANCE 2018,Le Castellet,France,,,Permanent,,,0.24846701005641406,0.30465620145531846,0.4468767884882675,1,False,French Grand Prix,french_grand_prix,2018,2018-06-24,100.82417647058823,17,Closing,1.3539999999999992,False,False,False,True
RIC,Red Bull Racing,43,0 days 00:01:36.898000,0 days 00:00:24.231000,0 days 00:00:29.816000,0 days 00:00:42.851000,Soft,15,2,,,1,True,0 days 01:21:19.236000,96.898,24.231,29.816,42.851,4879.236,4851.293,24.5,47.1,966.2,False,39.5,23,1.0,False,True,False,FORMULA 1 PIRELLI GRAND PRIX DE FRANCE 2018,Le Castellet,France,,,Permanent,,,0.25006708084790197,0.30770500939131873,0.44222790976077936,1,False,French Grand Prix,french_grand_prix,2018,2018-06-24,98.23812,25,Closing,1.5159999999999911,False,False,False,True
HAR,Toro Rosso,42,0 days 00:01:39.811000,0 days 00:00:24.494000,0 days 00:00:31.597000,0 days 00:00:43.720000,SUPERSOFT,4,2,,,1,True,0 days 01:21:20.706000,99.811,24.494,31.597,43.72,4880.706,4851.293,24.5,47.1,966.2,False,39.5,23,1.0,False,True,False,FORMULA 1 PIRELLI GRAND PRIX DE FRANCE 2018,Le Castellet,France,,,Permanent,,,0.24540381320696114,0.3165683141136748,0.43802787267936394,1,False,French Grand Prix,french_grand_prix,2018,2018-06-24,101.54314285714285,14,Closing,2.9720000000000084,False,False,False,True
RAI,Ferrari,43,0 days 00:01:35.202000,0 days 00:00:23.515000,0 days 00:00:29.250000,0 days 00:00:42.437000,SUPERSOFT,9,2,,,1,True,0 days 01:21:22.077000,95.202,23.515,29.25,42.437,4882.077,4911.305,24.4,47.4,966.3,False,39.3,92,0.7,False,True,False,FORMULA 1 PIRELLI GRAND PRIX DE FRANCE 2018,Le Castellet,France,,,Permanent,,,0.24700111342198694,0.3072414445074683,0.44575744207054474,1,False,French Grand Prix,french_grand_prix,2018,2018-06-24,97.97663157894738,19,Closing,0.804000000000002,False,False,False,True
VET,Ferrari,43,0 days 00:01:35.153000,0 days 00:00:23.706000,0 days 00:00:29.309000,0 days 00:00:42.138000,ULTRASOFT,6,3,,,1,True,0 days 01:21:57.786000,95.153,23.706,29.309,42.138,4917.786,4911.305,24.4,47.4,966.3,False,39.3,92,0.7,False,True,False,FORMULA 1 PIRELLI GRAND PRIX DE FRANCE 2018,Le Castellet,France,,,Permanent,,,0.24913560266097756,0.3080197156159028,0.4428446817231196,1,False,French Grand Prix,french_grand_prix,2018,2018-06-24,99.27138461538462,13,Closing,0.6680000000000064,False,False,False,True
SAI,Renault,43,0 days 00:01:35.910000,0 days 00:00:24.013000,0 days 00:00:29.480000,0 days 00:00:42.417000,Soft,17,2,,,1,True,0 days 01:22:09.877000,95.91,24.013,29.48,42.417,4929.877,4911.305,24.4,47.4,966.3,False,39.3,92,0.7,False,True,False,FORMULA 1 PIRELLI GRAND PRIX DE FRANCE 2018,Le Castellet,France,,,Permanent,,,0.2503701386716714,0.3073714941090606,0.4422583672192681,1,False,French Grand Prix,french_grand_prix,2018,2018-06-24,98.70085185185184,27,Closing,0.27199999999999136,False,False,False,True
MAG,Haas F1 Team,43,0 days 00:01:36.441000,0 days 00:00:24.258000,0 days 00:00:29.689000,0 days 00:00:42.494000,Soft,15,2,,,1,True,0 days 01:22:14.146000,96.441,24.258,29.689,42.494,4934.146,4911.305,24.4,47.4,966.3,False,39.3,92,0.7,False,True,False,FORMULA 1 PIRELLI GRAND PRIX DE FRANCE 2018,Le Castellet,France,,,Permanent,,,0.25153202476125297,0.3078462479650771,0.4406217272736699,1,False,French Grand Prix,french_grand_prix,2018,2018-06-24,98.42219999999999,25,Closing,1.0160000000000053,False,False,False,True
BOT,Mercedes,43,0 days 00:01:35.728000,0 days 00:00:24.218000,0 days 00:00:29.141000,0 days 00:00:42.369000,SUPERSOFT,4,3,,,1,True,0 days 01:22:16.536000,95.728,24.218,29.141,42.369,4936.536,4911.305,24.4,47.4,966.3,False,39.3,92,0.7,False,True,False,FORMULA 1 PIRELLI GRAND PRIX DE FRANCE 2018,Le Castellet,France,,,Permanent,,,0.25298763162293164,0.30441459134213605,0.4425977770349323,1,False,French Grand Prix,french_grand_prix,2018,2018-06-24,98.9805,14,Closing,1.5030000000000001,False,False,False,True
HUL,Renault,43,0 days 00:01:36.516000,0 days 00:00:24.330000,0 days 00:00:29.488000,0 days 00:00:42.698000,ULTRASOFT,9,2,,,1,True,0 days 01:22:24.192000,96.516,24.33,29.488,42.698,4944.192,4971.32,24.5,46.8,966.3,False,39.2,0,0.7,False,True,False,FORMULA 1 PIRELLI GRAND PRIX DE FRANCE 2018,Le Castellet,France,,,Permanent,,,0.2520825562601019,0.3055244726263003,0.4423929711135977,1,False,French Grand Prix,french_grand_prix,2018,2018-06-24,99.32775,16,Closing,0.6430000000000007,False,False,False,True
LEC,Sauber,43,0 days 00:01:36.186000,0 days 00:00:24.147000,0 days 00:00:29.530000,0 days 00:00:42.509000,SUPERSOFT,12,2,,,1,True,0 days 01:22:26.698000,96.186,24.147,29.53,42.509,4946.698,4971.32,24.5,46.8,966.3,False,39.2,0,0.7,False,True,False,FORMULA 1 PIRELLI GRAND PRIX DE FRANCE 2018,Le Castellet,France,,,Permanent,,,0.2510448506019587,0.3070093360780155,0.44194581332002575,1,False,French Grand Prix,french_grand_prix,2018,2018-06-24,98.722,22,Closing,0.20900000000000318,False,False,False,True
GRO,Haas F1 Team,43,0 days 00:01:36.278000,0 days 00:00:24.172000,0 days 00:00:29.748000,0 days 00:00:42.358000,SUPERSOFT,9,2,,,1,True,0 days 01:22:33.416000,96.278,24.172,29.748,42.358,4953.416,4971.32,24.5,46.8,966.3,False,39.2,0,0.7,False,True,False,FORMULA 1 PIRELLI GRAND PRIX DE FRANCE 2018,Le Castellet,France,,,Permanent,,,0.25106462535574064,0.308980244708033,0.43995512993622626,1,False,French Grand Prix,french_grand_prix,2018,2018-06-24,99.38844444444445,18,Closing,0.5830000000000126,False,False,False,True
HAM,Mercedes,44,0 days 00:01:34.829000,0 days 00:00:23.680000,0 days 00:00:29.303000,0 days 00:00:41.846000,Soft,11,2,,,1,True,0 days 01:22:37.788000,94.829,23.68,29.303,41.846,4957.788,4971.32,24.5,46.8,966.3,False,39.2,0,0.7,False,True,False,FORMULA 1 PIRELLI GRAND PRIX DE FRANCE 2018,Le Castellet,France,,,Permanent,,,0.24971264064790308,0.3090088475044554,0.44127851184764155,1,False,French Grand Prix,french_grand_prix,2018,2018-06-24,97.6545,20,Closing,0.3199999999999932,False,False,False,True
VER,Red Bull Racing,44,0 days 00:01:35.118000,0 days 00:00:24.014000,0 days 00:00:29.072000,0 days 00:00:42.032000,Soft,19,2,,,1,True,0 days 01:22:43.299000,95.118,24.014,29.072,42.032,4963.299,4971.32,24.5,46.8,966.3,False,39.2,0,0.7,False,True,False,FORMULA 1 PIRELLI GRAND PRIX DE FRANCE 2018,Le Castellet,France,,,Permanent,,,0.25246535881746884,0.3056414138228306,0.44189322735970055,1,False,French Grand Prix,french_grand_prix,2018,2018-06-24,97.19075,28,Closing,0.8429999999999893,False,False,False,True
ALO,McLaren,43,0 days 00:01:39.677000,0 days 00:00:25.071000,0 days 00:00:30.817000,0 days 00:00:43.789000,Soft,42,2,,,1,True,0 days 01:22:45.713000,99.677,25.071,30.817,43.789,4965.713,4971.32,24.5,46.8,966.3,False,39.2,0,0.7,False,True,False,FORMULA 1 PIRELLI GRAND PRIX DE FRANCE 2018,Le Castellet,France,,,Permanent,,,0.25152241740822856,0.3091686146252395,0.4393089679665319,1,False,French Grand Prix,french_grand_prix,2018,2018-06-24,102.5500909090909,44,Mid,4.544000000000011,False,False,False,True
VAN,McLaren,43,0 days 00:01:37.372000,0 days 00:00:24.682000,0 days 00:00:29.694000,0 days 00:00:42.996000,ULTRASOFT,3,2,,,1,True,0 days 01:22:48.045000,97.372,24.682,29.694,42.996,4968.045,4971.32,24.5,46.8,966.3,False,39.2,0,0.7,False,True,False,FORMULA 1 PIRELLI GRAND PRIX DE FRANCE 2018,Le Castellet,France,,,Permanent,,,0.25348149365320627,0.30495419627819087,0.4415643100686029,1,False,French Grand Prix,french_grand_prix,2018,2018-06-24,101.21758333333332,12,Closing,0.6970000000000027,False,False,False,True
STR,Williams,43,0 days 00:01:39.777000,0 days 00:00:25.191000,0 days 00:00:30.599000,0 days 00:00:43.987000,Soft,42,2,,,1,True,0 days 01:22:54.227000,99.777,25.191,30.599,43.987,4974.227,4971.32,24.5,46.8,966.3,False,39.2,0,0.7,False,True,False,FORMULA 1 PIRELLI GRAND PRIX DE FRANCE 2018,Le Castellet,France,,,Permanent,,,0.2524730148230554,0.30667388275855156,0.44085310241839304,1,False,French Grand Prix,french_grand_prix,2018,2018-06-24,102.4190652173913,46,Closing,1.4579999999999984,False,False,False,True
SIR,Williams,43,0 days 00:01:39.745000,0 days 00:00:25.155000,0 days 00:00:30.495000,0 days 00:00:44.095000,Soft,42,2,,,1,True,0 days 01:22:55.087000,99.745,25.155,30.495,44.095,4975.087,4971.32,24.5,46.8,966.3,False,39.2,0,0.7,False,True,False,FORMULA 1 PIRELLI GRAND PRIX DE FRANCE 2018,Le Castellet,France,,,Permanent,,,0.25219309238558324,0.3057296105067923,0.4420772971076244,1,False,French Grand Prix,french_grand_prix,2018,2018-06-24,102.90366,50,Closing,1.4450000000000074,False,False,False,True
RIC,Red Bull Racing,44,0 days 00:01:36.852000,0 days 00:00:24.271000,0 days 00:00:29.393000,0 days 00:00:43.188000,Soft,16,2,,,1,True,0 days 01:22:56.088000,96.852,24.271,29.393,43.188,4976.088,4971.32,24.5,46.8,966.3,False,39.2,0,0.7,False,True,False,FORMULA 1 PIRELLI GRAND PRIX DE FRANCE 2018,Le Castellet,France,,,Permanent,,,0.25059885185644076,0.303483665799364,0.44591748234419526,1,False,French Grand Prix,french_grand_prix,2018,2018-06-24,98.23812,25,Closing,1.4699999999999989,False,False,False,True
ERI,Sauber,43,0 days 00:01:40.361000,0 days 00:00:24.796000,0 days 00:00:29.608000,0 days 00:00:45.957000,ULTRASOFT,8,2,,,1,True,0 days 01:22:57.224000,100.361,24.796,29.608,45.957,4977.224,4971.32,24.5,46.8,966.3,False,39.2,0,0.7,False,True,False,FORMULA 1 PIRELLI GRAND PRIX DE FRANCE 2018,Le Castellet,France,,,Permanent,,,0.24706808421598028,0.29501499586492763,0.45791691991909206,1,False,French Grand Prix,french_grand_prix,2018,2018-06-24,100.82417647058823,17,Closing,3.8670000000000044,False,False,False,True
RAI,Ferrari,44,0 days 00:01:35.934000,0 days 00:00:24.342000,0 days 00:00:29.395000,0 days 00:00:42.197000,SUPERSOFT,10,2,,,1,True,0 days 01:22:58.011000,95.934,24.342,29.395,42.197,4978.011,4971.32,24.5,46.8,966.3,False,39.2,0,0.7,False,True,False,FORMULA 1 PIRELLI GRAND PRIX DE FRANCE 2018,Le Castellet,France,,,Permanent,,,0.25373694414910253,0.30640857256030185,0.4398544832905957,1,False,French Grand Prix,french_grand_prix,2018,2018-06-24,97.97663157894738,19,Closing,1.5360000000000014,False,False,False,True
HAR,Toro Rosso,43,0 days 00:01:39.449000,0 days 00:00:24.604000,0 days 00:00:31.305000,0 days 00:00:43.540000,SUPERSOFT,5,2,,,1,True,0 days 01:23:00.155000,99.449,24.604,31.305,43.54,4980.155,4971.32,24.5,46.8,966.3,False,39.2,0,0.7,False,True,False,FORMULA 1 PIRELLI GRAND PRIX DE FRANCE 2018,Le Castellet,France,,,Permanent,,,0.24740319158563687,0.31478446238775654,0.4378123460266066,1,False,French Grand Prix,french_grand_prix,2018,2018-06-24,101.54314285714285,14,Closing,2.6099999999999994,False,False,False,True
VET,Ferrari,44,0 days 00:01:34.793000,0 days 00:00:23.696000,0 days 00:00:29.093000,0 days 00:00:42.004000,ULTRASOFT,7,3,,,1,True,0 days 01:23:32.579000,94.793,23.696,29.093,42.004,5012.579,5031.334,24.5,47.2,966.3,False,39.1,15,0.9,False,True,False,FORMULA 1 PIRELLI GRAND PRIX DE FRANCE 2018,Le Castellet,France,,,Permanent,,,0.24997626407013177,0.30691084784741485,0.4431128880824533,1,False,French Grand Prix,french_grand_prix,2018,2018-06-24,99.27138461538462,13,Closing,0.30800000000000693,False,False,False,True
SAI,Renault,44,0 days 00:01:35.907000,0 days 00:00:23.954000,0 days 00:00:29.552000,0 days 00:00:42.401000,Soft,18,2,,,1,True,0 days 01:23:45.784000,95.907,23.954,29.552,42.401,5025.784,5031.334,24.5,47.2,966.3,False,39.1,15,0.9,False,True,False,FORMULA 1 PIRELLI GRAND PRIX DE FRANCE 2018,Le Castellet,France,,,Permanent,,,0.2497627910371506,0.3081318360495063,0.4421053729133432,1,False,French Grand Prix,french_grand_prix,2018,2018-06-24,98.70085185185184,27,Closing,0.26899999999999125,False,False,False,True
MAG,Haas F1 Team,44,0 days 00:01:35.893000,0 days 00:00:24.133000,0 days 00:00:29.572000,0 days 00:00:42.188000,Soft,16,2,,,1,True,0 days 01:23:50.039000,95.893,24.133,29.572,42.188,5030.039,5031.334,24.5,47.2,966.3,False,39.1,15,0.9,False,True,False,FORMULA 1 PIRELLI GRAND PRIX DE FRANCE 2018,Le Castellet,France,,,Permanent,,,0.251665919305893,0.3083853878802415,0.43994869281386545,1,False,French Grand Prix,french_grand_prix,2018,2018-06-24,98.42219999999999,25,Closing,0.4680000000000035,False,False,False,True
BOT,Mercedes,44,0 days 00:01:35.298000,0 days 00:00:24.158000,0 days 00:00:29.067000,0 days 00:00:42.073000,SUPERSOFT,5,3,,,1,True,0 days 01:23:51.834000,95.298,24.158,29.067,42.073,5031.834,5031.334,24.5,47.2,966.3,False,39.1,15,0.9,False,True,False,FORMULA 1 PIRELLI GRAND PRIX DE FRANCE 2018,Le Castellet,France,,,Permanent,,,0.253499548783815,0.3050116476736133,0.4414888035425717,1,False,French Grand Prix,french_grand_prix,2018,2018-06-24,98.9805,14,Closing,1.0730000000000075,False,False,False,True
HUL,Renault,44,0 days 00:01:36.330000,0 days 00:00:24.287000,0 days 00:00:29.530000,0 days 00:00:42.513000,ULTRASOFT,10,2,,,1,True,0 days 01:24:00.522000,96.33,24.287,29.53,42.513,5040.522,5031.334,24.5,47.2,966.3,False,39.1,15,0.9,False,True,False,FORMULA 1 PIRELLI GRAND PRIX DE FRANCE 2018,Le Castellet,France,,,Permanent,,,0.25212291082736427,0.3065503996678086,0.4413266895048271,1,False,French Grand Prix,french_grand_prix,2018,2018-06-24,99.32775,16,Closing,0.45699999999999363,False,False,False,True
LEC,Sauber,44,0 days 00:01:36.198000,0 days 00:00:24.103000,0 days 00:00:29.543000,0 days 00:00:42.552000,SUPERSOFT,13,2,,,1,True,0 days 01:24:02.896000,96.198,24.103,29.543,42.552,5042.896,5031.334,24.5,47.2,966.3,False,39.1,15,0.9,False,True,False,FORMULA 1 PIRELLI GRAND PRIX DE FRANCE 2018,Le Castellet,France,,,Permanent,,,0.25055614461839126,0.3071061768435934,0.44233767853801537,1,False,French Grand Prix,french_grand_prix,2018,2018-06-24,98.722,22,Closing,0.22099999999998943,False,False,False,True
GRO,Haas F1 Team,44,0 days 00:01:35.921000,0 days 00:00:23.996000,0 days 00:00:29.652000,0 days 00:00:42.273000,SUPERSOFT,10,2,,,1,True,0 days 01:24:09.337000,95.921,23.996,29.652,42.273,5049.337,5031.334,24.5,47.2,966.3,False,39.1,15,0.9,False,True,False,FORMULA 1 PIRELLI GRAND PRIX DE FRANCE 2018,Le Castellet,France,,,Permanent,,,0.2501641976209589,0.3091293877253156,0.44070641465372545,1,False,French Grand Prix,french_grand_prix,2018,2018-06-24,99.38844444444445,18,Closing,0.2260000000000133,False,False,False,True
HAM,Mercedes,45,0 days 00:01:35.072000,0 days 00:00:23.850000,0 days 00:00:29.071000,0 days 00:00:42.151000,Soft,12,2,,,1,True,0 days 01:24:12.860000,95.072,23.85,29.071,42.151,5052.86,5031.334,24.5,47.2,966.3,False,39.1,15,0.9,False,True,False,FORMULA 1 PIRELLI GRAND PRIX DE FRANCE 2018,Le Castellet,France,,,Permanent,,,0.2508625042073376,0.3057787781891619,0.44335871760350054,1,False,French Grand Prix,french_grand_prix,2018,2018-06-24,97.6545,20,Closing,0.5630000000000024,False,False,False,True
VER,Red Bull Racing,45,0 days 00:01:34.695000,0 days 00:00:23.777000,0 days 00:00:28.938000,0 days 00:00:41.980000,Soft,20,2,,,1,True,0 days 01:24:17.994000,94.695,23.777,28.938,41.98,5057.994,5031.334,24.5,47.2,966.3,False,39.1,15,0.9,False,True,False,FORMULA 1 PIRELLI GRAND PRIX DE FRANCE 2018,Le Castellet,France,,,Permanent,,,0.2510903426791278,0.3055916363060352,0.4433180210148371,1,False,French Grand Prix,french_grand_prix,2018,2018-06-24,97.19075,28,Closing,0.4199999999999875,False,False,False,True
ALO,McLaren,44,0 days 00:01:39.177000,0 days 00:00:24.991000,0 days 00:00:30.342000,0 days 00:00:43.844000,Soft,43,2,,,1,True,0 days 01:24:24.890000,99.177,24.991,30.342,43.844,5064.89,5091.348,24.5,47.1,966.2,False,39.0,27,1.1,False,True,False,FORMULA 1 PIRELLI GRAND PRIX DE FRANCE 2018,Le Castellet,France,,,Permanent,,,0.2519838268953487,0.3059378686590641,0.44207830444558716,1,False,French Grand Prix,french_grand_prix,2018,2018-06-24,102.5500909090909,44,Mid,4.044000000000011,False,False,False,True
VAN,McLaren,44,0 days 00:01:37.212000,0 days 00:00:24.495000,0 days 00:00:29.544000,0 days 00:00:43.173000,ULTRASOFT,4,2,,,1,True,0 days 01:24:25.257000,97.212,24.495,29.544,43.173,5065.257,5091.348,24.5,47.1,966.2,False,39.0,27,1.1,False,True,False,FORMULA 1 PIRELLI GRAND PRIX DE FRANCE 2018,Le Castellet,France,,,Permanent,,,0.251975064806814,0.3039130971485002,0.44411183804468585,1,False,French Grand Prix,french_grand_prix,2018,2018-06-24,101.21758333333332,12,Closing,0.5370000000000061,False,False,False,True
RIC,Red Bull Racing,45,0 days 00:01:37.968000,0 days 00:00:24.690000,0 days 00:00:29.700000,0 days 00:00:43.578000,Soft,17,2,,,1,True,0 days 01:24:34.056000,97.968,24.69,29.7,43.578,5074.056,5091.348,24.5,47.1,966.2,False,39.0,27,1.1,False,True,False,FORMULA 1 PIRELLI GRAND PRIX DE FRANCE 2018,Le Castellet,France,,,Permanent,,,0.25202106810387065,0.30316021558059775,0.4448187163155316,1,False,French Grand Prix,french_grand_prix,2018,2018-06-24,98.23812,25,Closing,2.5859999999999985,False,False,False,True
RAI,Ferrari,45,0 days 00:01:37.026000,0 days 00:00:24.237000,0 days 00:00:29.319000,0 days 00:00:43.470000,SUPERSOFT,11,2,,,1,True,0 days 01:24:35.037000,97.026,24.237,29.319,43.47,5075.037,5091.348,24.5,47.1,966.2,False,39.0,27,1.1,False,True,False,FORMULA 1 PIRELLI GRAND PRIX DE FRANCE 2018,Le Castellet,France,,,Permanent,,,0.2497990229423041,0.302176736132583,0.44802424092511284,1,False,French Grand Prix,french_grand_prix,2018,2018-06-24,97.97663157894738,19,Closing,2.628,False,False,False,True
STR,Williams,44,0 days 00:01:40.859000,0 days 00:00:25.192000,0 days 00:00:30.666000,0 days 00:00:45.001000,Soft,43,2,,,1,True,0 days 01:24:35.086000,100.859,25.192,30.666,45.001,5075.086,5091.348,24.5,47.1,966.2,False,39.0,27,1.1,False,True,False,FORMULA 1 PIRELLI GRAND PRIX DE FRANCE 2018,Le Castellet,France,,,Permanent,,,0.2497744375811777,0.3040482257408858,0.4461773366779365,1,False,French Grand Prix,french_grand_prix,2018,2018-06-24,102.4190652173913,46,Closing,2.539999999999992,False,False,False,True
SIR,Williams,44,0 days 00:01:41.209000,0 days 00:00:25.333000,0 days 00:00:30.773000,0 days 00:00:45.103000,Soft,43,2,,,1,True,0 days 01:24:36.296000,101.209,25.333,30.773,45.103,5076.296,5091.348,24.5,47.1,966.2,False,39.0,27,1.1,False,True,False,FORMULA 1 PIRELLI GRAND PRIX DE FRANCE 2018,Le Castellet,France,,,Permanent,,,0.2503038267347765,0.3040539872936201,0.4456421859716033,1,False,French Grand Prix,french_grand_prix,2018,2018-06-24,102.90366,50,Closing,2.909000000000006,False,False,False,True
ERI,Sauber,44,0 days 00:01:39.510000,0 days 00:00:26.097000,0 days 00:00:29.635000,0 days 00:00:43.778000,ULTRASOFT,9,2,,,1,True,0 days 01:24:36.734000,99.51,26.097,29.635,43.778,5076.734,5091.348,24.5,47.1,966.2,False,39.0,27,1.1,False,True,False,FORMULA 1 PIRELLI GRAND PRIX DE FRANCE 2018,Le Castellet,France,,,Permanent,,,0.26225504974374436,0.29780926540046226,0.4399356848557934,1,False,French Grand Prix,french_grand_prix,2018,2018-06-24,100.82417647058823,17,Closing,3.0160000000000053,False,False,False,True
HAR,Toro Rosso,44,0 days 00:01:37.618000,0 days 00:00:24.515000,0 days 00:00:29.670000,0 days 00:00:43.433000,SUPERSOFT,6,2,,,1,True,0 days 01:24:37.773000,97.618,24.515,29.67,43.433,5077.773,5091.348,24.5,47.1,966.2,False,39.0,27,1.1,False,True,False,FORMULA 1 PIRELLI GRAND PRIX DE FRANCE 2018,Le Castellet,France,,,Permanent,,,0.2511319633674118,0.3039398471593354,0.4449281894732529,1,False,French Grand Prix,french_grand_prix,2018,2018-06-24,101.54314285714285,14,Closing,0.7789999999999964,False,False,False,True
VET,Ferrari,45,0 days 00:01:34.579000,0 days 00:00:23.708000,0 days 00:00:29.154000,0 days 00:00:41.717000,ULTRASOFT,8,3,,,1,True,0 days 01:25:07.158000,94.579,23.708,29.154,41.717,5107.158,5091.348,24.5,47.1,966.2,False,39.0,27,1.1,False,True,False,FORMULA 1 PIRELLI GRAND PRIX DE FRANCE 2018,Le Castellet,France,,,Permanent,,,0.25066875310586917,0.3082502458262405,0.44108100106789033,1,False,French Grand Prix,french_grand_prix,2018,2018-06-24,99.27138461538462,13,Closing,0.09399999999999409,False,False,False,True
SAI,Renault,45,0 days 00:01:36.046000,0 days 00:00:24.094000,0 days 00:00:29.513000,0 days 00:00:42.439000,Soft,19,2,,,1,True,0 days 01:25:21.830000,96.046,24.094,29.513,42.439,5121.83,5151.359,24.3,47.9,966.3,False,38.9,28,1.0,False,True,False,FORMULA 1 PIRELLI GRAND PRIX DE FRANCE 2018,Le Castellet,France,,,Permanent,,,0.25085896341336444,0.3072798450742353,0.4418611915124003,1,False,French Grand Prix,french_grand_prix,2018,2018-06-24,98.70085185185184,27,Closing,0.40800000000000125,False,False,False,True
MAG,Haas F1 Team,45,0 days 00:01:35.703000,0 days 00:00:23.922000,0 days 00:00:29.596000,0 days 00:00:42.185000,Soft,17,2,,,1,True,0 days 01:25:25.742000,95.703,23.922,29.596,42.185,5125.742,5151.359,24.3,47.9,966.3,False,38.9,28,1.0,False,True,False,FORMULA 1 PIRELLI GRAND PRIX DE FRANCE 2018,Le Castellet,France,,,Permanent,,,0.24996081627535185,0.30924840391628267,0.44079077980836545,1,False,French Grand Prix,french_grand_prix,2018,2018-06-24,98.42219999999999,25,Closing,0.2780000000000058,False,False,False,True
BOT,Mercedes,45,0 days 00:01:35.237000,0 days 00:00:24.059000,0 days 00:00:29.036000,0 days 00:00:42.142000,SUPERSOFT,6,3,,,1,True,0 days 01:25:27.071000,95.237,24.059,29.036,42.142,5127.071,5151.359,24.3,47.9,966.3,False,38.9,28,1.0,False,True,False,FORMULA 1 PIRELLI GRAND PRIX DE FRANCE 2018,Le Castellet,France,,,Permanent,,,0.2526224051576593,0.3048815061373206,0.44249608870502016,1,False,French Grand Prix,french_grand_prix,2018,2018-06-24,98.9805,14,Closing,1.0120000000000005,False,False,False,True
HUL,Renault,45,0 days 00:01:36.054000,0 days 00:00:24.108000,0 days 00:00:29.504000,0 days 00:00:42.442000,ULTRASOFT,11,2,,,1,True,0 days 01:25:36.576000,96.054,24.108,29.504,42.442,5136.576,5151.359,24.3,47.9,966.3,False,38.9,28,1.0,False,True,False,FORMULA 1 PIRELLI GRAND PRIX DE FRANCE 2018,Le Castellet,France,,,Permanent,,,0.2509838216003498,0.30716055552085286,0.4418556228787973,1,False,French Grand Prix,french_grand_prix,2018,2018-06-24,99.32775,16,Closing,0.18099999999999739,False,False,False,True
LEC,Sauber,45,0 days 00:01:35.977000,0 days 00:00:24.072000,0 days 00:00:29.493000,0 days 00:00:42.412000,SUPERSOFT,14,2,,,1,True,0 days 01:25:38.873000,95.977,24.072,29.493,42.412,5138.873,5151.359,24.3,47.9,966.3,False,38.9,28,1.0,False,True,False,FORMULA 1 PIRELLI GRAND PRIX DE FRANCE 2018,Le Castellet,France,,,Permanent,,,0.250810089917376,0.307292372130823,0.4418975379518009,1,False,French Grand Prix,french_grand_prix,2018,2018-06-24,98.722,22,Closing,0.0,False,False,False,True
GRO,Haas F1 Team,45,0 days 00:01:36.486000,0 days 00:00:24.116000,0 days 00:00:29.747000,0 days 00:00:42.623000,SUPERSOFT,11,2,,,1,True,0 days 01:25:45.823000,96.486,24.116,29.747,42.623,5145.823,5151.359,24.3,47.9,966.3,False,38.9,28,1.0,False,True,False,FORMULA 1 PIRELLI GRAND PRIX DE FRANCE 2018,Le Castellet,France,,,Permanent,,,0.249942996911469,0.3083037953692764,0.4417532077192546,1,False,French Grand Prix,french_grand_prix,2018,2018-06-24,99.38844444444445,18,Closing,0.791000000000011,False,False,False,True
HAM,Mercedes,46,0 days 00:01:34.917000,0 days 00:00:23.774000,0 days 00:00:29.132000,0 days 00:00:42.011000,Soft,13,2,,,1,True,0 days 01:25:47.777000,94.917,23.774,29.132,42.011,5147.777,5151.359,24.3,47.9,966.3,False,38.9,28,1.0,False,True,False,FORMULA 1 PIRELLI GRAND PRIX DE FRANCE 2018,Le Castellet,France,,,Permanent,,,0.25047146454270575,0.30692078342130497,0.44260775203598934,1,False,French Grand Prix,french_grand_prix,2018,2018-06-24,97.6545,20,Closing,0.40800000000000125,False,False,False,True
VER,Red Bull Racing,46,0 days 00:01:34.789000,0 days 00:00:23.615000,0 days 00:00:29.115000,0 days 00:00:42.059000,Soft,21,2,,,1,True,0 days 01:25:52.783000,94.789,23.615,29.115,42.059,5152.783,5151.359,24.3,47.9,966.3,False,38.9,28,1.0,False,True,False,FORMULA 1 PIRELLI GRAND PRIX DE FRANCE 2018,Le Castellet,France,,,Permanent,,,0.2491322832818154,0.3071558936163479,0.44371182310183666,1,False,French Grand Prix,french_grand_prix,2018,2018-06-24,97.19075,28,Closing,0.5139999999999958,False,False,False,True
VAN,McLaren,45,0 days 00:01:36.844000,0 days 00:00:24.478000,0 days 00:00:29.738000,0 days 00:00:42.628000,ULTRASOFT,5,2,,,1,True,0 days 01:26:02.101000,96.844,24.478,29.738,42.628,5162.101,5151.359,24.3,47.9,966.3,False,38.9,28,1.0,False,True,False,FORMULA 1 PIRELLI GRAND PRIX DE FRANCE 2018,Le Castellet,France,,,Permanent,,,0.25275701127586636,0.30707116599892614,0.44017182272520755,1,False,French Grand Prix,french_grand_prix,2018,2018-06-24,101.21758333333332,12,Closing,0.16899999999999693,False,False,False,True
ALO,McLaren,45,0 days 00:01:40.723000,0 days 00:00:25.821000,0 days 00:00:30.727000,0 days 00:00:44.175000,Soft,44,2,,,1,True,0 days 01:26:05.613000,100.723,25.821,30.727,44.175,5165.613,5151.359,24.3,47.9,966.3,False,38.9,28,1.0,False,True,False,FORMULA 1 PIRELLI GRAND PRIX DE FRANCE 2018,Le Castellet,France,,,Permanent,,,0.2563565421998948,0.30506438450006457,0.4385790733000407,1,False,French Grand Prix,french_grand_prix,2018,2018-06-24,102.5500909090909,44,Mid,5.590000000000003,False,False,False,True
RIC,Red Bull Racing,46,0 days 00:01:35.690000,0 days 00:00:23.729000,0 days 00:00:29.426000,0 days 00:00:42.535000,Soft,18,2,,,1,True,0 days 01:26:09.746000,95.69,23.729,29.426,42.535,5169.746,5151.359,24.3,47.9,966.3,False,38.9,28,1.0,False,True,False,FORMULA 1 PIRELLI GRAND PRIX DE FRANCE 2018,Le Castellet,France,,,Permanent,,,0.24797784512488244,0.3075138467969485,0.44450830807816905,1,False,French Grand Prix,french_grand_prix,2018,2018-06-24,98.23812,25,Closing,0.3079999999999927,False,False,False,True
RAI,Ferrari,46,0 days 00:01:35.093000,0 days 00:00:23.923000,0 days 00:00:29.272000,0 days 00:00:41.898000,SUPERSOFT,12,2,,,1,True,0 days 01:26:10.130000,95.093,23.923,29.272,41.898,5170.13,5151.359,24.3,47.9,966.3,False,38.9,28,1.0,False,True,False,FORMULA 1 PIRELLI GRAND PRIX DE FRANCE 2018,Le Castellet,France,,,Permanent,,,0.2515747741684456,0.3078249713438423,0.44060025448771206,1,False,French Grand Prix,french_grand_prix,2018,2018-06-24,97.97663157894738,19,Closing,0.6950000000000074,False,False,False,True
STR,Williams,45,0 days 00:01:40.678000,0 days 00:00:25.747000,0 days 00:00:30.907000,0 days 00:00:44.024000,Soft,44,2,,,1,True,0 days 01:26:15.764000,100.678,25.747,30.907,44.024,5175.764,5151.359,24.3,47.9,966.3,False,38.9,28,1.0,False,True,False,FORMULA 1 PIRELLI GRAND PRIX DE FRANCE 2018,Le Castellet,France,,,Permanent,,,0.25573610917976125,0.30698861717554976,0.43727527364468904,1,False,French Grand Prix,french_grand_prix,2018,2018-06-24,102.4190652173913,46,Closing,2.3589999999999947,False,False,False,True
SIR,Williams,45,0 days 00:01:40.198000,0 days 00:00:25.067000,0 days 00:00:30.987000,0 days 00:00:44.144000,Soft,44,2,,,1,True,0 days 01:26:16.494000,100.198,25.067,30.987,44.144,5176.494,5151.359,24.3,47.9,966.3,False,38.9,28,1.0,False,True,False,FORMULA 1 PIRELLI GRAND PRIX DE FRANCE 2018,Le Castellet,France,,,Permanent,,,0.2501746541847143,0.30925766981376873,0.44056767600151703,1,False,French Grand Prix,french_grand_prix,2018,2018-06-24,102.90366,50,Closing,1.8979999999999961,False,False,False,True
ERI,Sauber,45,0 days 00:01:40.381000,0 days 00:00:25.452000,0 days 00:00:30.389000,0 days 00:00:44.540000,ULTRASOFT,10,2,,,1,True,0 days 01:26:17.115000,100.381,25.452,30.389,44.54,5177.115,5151.359,24.3,47.9,966.3,False,38.9,28,1.0,False,True,False,FORMULA 1 PIRELLI GRAND PRIX DE FRANCE 2018,Le Castellet,France,,,Permanent,,,0.25355395941463027,0.30273657365437684,0.4437094669309929,1,False,French Grand Prix,french_grand_prix,2018,2018-06-24,100.82417647058823,17,Closing,3.8870000000000005,False,False,False,True
HAR,Toro Rosso,45,0 days 00:01:39.903000,0 days 00:00:25.132000,0 days 00:00:30.017000,0 days 00:00:44.754000,SUPERSOFT,7,2,,,1,True,0 days 01:26:17.676000,99.903,25.132,30.017,44.754,5177.676,5151.359,24.3,47.9,966.3,False,38.9,28,1.0,False,True,False,FORMULA 1 PIRELLI GRAND PRIX DE FRANCE 2018,Le Castellet,France,,,Permanent,,,0.25156401709658366,0.30046144760417604,0.4479745352992402,1,False,French Grand Prix,french_grand_prix,2018,2018-06-24,101.54314285714285,14,Closing,3.064000000000007,False,False,False,True
VET,Ferrari,46,0 days 00:01:34.801000,0 days 00:00:23.688000,0 days 00:00:29.123000,0 days 00:00:41.990000,ULTRASOFT,9,3,,,1,True,0 days 01:26:41.959000,94.801,23.688,29.123,41.99,5201.959,5211.374,24.4,48.2,966.4,False,38.4,153,0.9,False,True,False,FORMULA 1 PIRELLI GRAND PRIX DE FRANCE 2018,Le Castellet,France,,,Permanent,,,0.24987078195377685,0.3072014008291052,0.442927817217118,1,False,French Grand Prix,french_grand_prix,2018,2018-06-24,99.27138461538462,13,Closing,0.3160000000000025,False,False,False,True
SAI,Renault,46,0 days 00:01:35.638000,0 days 00:00:23.928000,0 days 00:00:29.346000,0 days 00:00:42.364000,Soft,20,2,,,1,True,0 days 01:26:57.468000,95.638,23.928,29.346,42.364,5217.468,5211.374,24.4,48.2,966.4,False,38.4,153,0.9,False,True,False,FORMULA 1 PIRELLI GRAND PRIX DE FRANCE 2018,Le Castellet,France,,,Permanent,,,0.2501934377548673,0.30684455969384555,0.4429620025512871,1,False,French Grand Prix,french_grand_prix,2018,2018-06-24,98.70085185185184,27,Closing,0.0,False,False,False,True
MAG,Haas F1 Team,46,0 days 00:01:35.697000,0 days 00:00:24.086000,0 days 00:00:29.571000,0 days 00:00:42.040000,Soft,18,2,,,1,True,0 days 01:27:01.439000,95.697,24.086,29.571,42.04,5221.439,5211.374,24.4,48.2,966.4,False,38.4,153,0.9,False,True,False,FORMULA 1 PIRELLI GRAND PRIX DE FRANCE 2018,Le Castellet,France,,,Permanent,,,0.25169023062373946,0.3090065519295276,0.4393032174467329,1,False,French Grand Prix,french_grand_prix,2018,2018-06-24,98.42219999999999,25,Closing,0.27200000000000557,False,False,False,True
BOT,Mercedes,46,0 days 00:01:35.495000,0 days 00:00:24.182000,0 days 00:00:29.072000,0 days 00:00:42.241000,SUPERSOFT,7,3,,,1,True,0 days 01:27:02.566000,95.495,24.182,29.072,42.241,5222.566,5211.374,24.4,48.2,966.4,False,38.4,153,0.9,False,True,False,FORMULA 1 PIRELLI GRAND PRIX DE FRANCE 2018,Le Castellet,France,,,Permanent,,,0.25322791769202574,0.30443478716163147,0.44233729514634273,1,False,French Grand Prix,french_grand_prix,2018,2018-06-24,98.9805,14,Closing,1.2700000000000102,False,False,False,True
HUL,Renault,46,0 days 00:01:35.873000,0 days 00:00:24.061000,0 days 00:00:29.346000,0 days 00:00:42.466000,ULTRASOFT,12,2,,,1,True,0 days 01:27:12.449000,95.873,24.061,29.346,42.466,5232.449,5211.374,24.4,48.2,966.4,False,38.4,153,0.9,False,True,False,FORMULA 1 PIRELLI GRAND PRIX DE FRANCE 2018,Le Castellet,France,,,Permanent,,,0.25096742565685853,0.30609243478351567,0.44294013955962575,1,False,French Grand Prix,french_grand_prix,2018,2018-06-24,99.32775,16,Closing,0.0,False,False,False,True
LEC,Sauber,46,0 days 00:01:36.156000,0 days 00:00:24.172000,0 days 00:00:29.429000,0 days 00:00:42.555000,SUPERSOFT,15,2,,,1,True,0 days 01:27:15.029000,96.156,24.172,29.429,42.555,5235.029,5211.374,24.4,48.2,966.4,False,38.4,153,0.9,False,True,False,FORMULA 1 PIRELLI GRAND PRIX DE FRANCE 2018,Le Castellet,France,,,Permanent,,,0.251383169017014,0.306054744373726,0.44256208660925994,1,False,French Grand Prix,french_grand_prix,2018,2018-06-24,98.722,22,Closing,0.17900000000000205,False,False,False,True
HAM,Mercedes,47,0 days 00:01:35.333000,0 days 00:00:23.887000,0 days 00:00:29.367000,0 days 00:00:42.079000,Soft,14,2,,,1,True,0 days 01:27:23.110000,95.333,23.887,29.367,42.079,5243.11,5271.386,24.4,48.3,966.3,False,38.4,149,1.0,False,True,False,FORMULA 1 PIRELLI GRAND PRIX DE FRANCE 2018,Le Castellet,France,,,Permanent,,,0.2505638131601859,0.30804653163122947,0.44138965520858464,1,False,French Grand Prix,french_grand_prix,2018,2018-06-24,97.6545,20,Closing,0.8239999999999981,False,False,False,True
GRO,Haas F1 Team,46,0 days 00:01:38.791000,0 days 00:00:24.416000,0 days 00:00:30.498000,0 days 00:00:43.877000,SUPERSOFT,12,2,,,1,True,0 days 01:27:24.614000,98.791,24.416,30.498,43.877,5244.614,5271.386,24.4,48.3,966.3,False,38.4,149,1.0,False,True,False,FORMULA 1 PIRELLI GRAND PRIX DE FRANCE 2018,Le Castellet,France,,,Permanent,,,0.24714801955643734,0.3087123320950289,0.4441396483485338,1,False,French Grand Prix,french_grand_prix,2018,2018-06-24,99.38844444444445,18,Closing,3.0960000000000036,False,False,False,True
VER,Red Bull Racing,47,0 days 00:01:34.275000,0 days 00:00:23.679000,0 days 00:00:28.896000,0 days 00:00:41.700000,Soft,22,2,,,1,True,0 days 01:27:27.058000,94.275,23.679,28.896,41.7,5247.058,5271.386,24.4,48.3,966.3,False,38.4,149,1.0,False,True,False,FORMULA 1 PIRELLI GRAND PRIX DE FRANCE 2018,Le Castellet,France,,,Permanent,,,0.25116945107398564,0.30650755767700877,0.4423229912490056,1,False,French Grand Prix,french_grand_prix,2018,2018-06-24,97.19075,28,Closing,0.0,False,False,False,True
VAN,McLaren,46,0 days 00:01:36.761000,0 days 00:00:24.476000,0 days 00:00:29.631000,0 days 00:00:42.654000,ULTRASOFT,6,2,,,1,True,0 days 01:27:38.862000,96.761,24.476,29.631,42.654,5258.862,5271.386,24.4,48.3,966.3,False,38.4,149,1.0,False,True,False,FORMULA 1 PIRELLI GRAND PRIX DE FRANCE 2018,Le Castellet,France,,,Permanent,,,0.2529531526131396,0.30622874918613907,0.44081809820072143,1,False,French Grand Prix,french_grand_prix,2018,2018-06-24,101.21758333333332,12,Closing,0.08599999999999852,False,False,False,True
RAI,Ferrari,47,0 days 00:01:35.997000,0 days 00:00:25.188000,0 days 00:00:28.804000,0 days 00:00:42.005000,SUPERSOFT,13,2,,,1,True,0 days 01:27:46.127000,95.997,25.188,28.804,42.005,5266.127,5271.386,24.4,48.3,966.3,False,38.4,149,1.0,False,True,False,FORMULA 1 PIRELLI GRAND PRIX DE FRANCE 2018,Le Castellet,France,,,Permanent,,,0.26238319947498356,0.30005104326176857,0.4375657572632478,1,False,French Grand Prix,french_grand_prix,2018,2018-06-24,97.97663157894738,19,Closing,1.5990000000000038,False,False,False,True
RIC,Red Bull Racing,47,0 days 00:01:38.034000,0 days 00:00:25.194000,0 days 00:00:30.235000,0 days 00:00:42.605000,Soft,19,2,,,1,True,0 days 01:27:47.780000,98.034,25.194,30.235,42.605,5267.78,5271.386,24.4,48.3,966.3,False,38.4,149,1.0,False,True,False,FORMULA 1 PIRELLI GRAND PRIX DE FRANCE 2018,Le Castellet,France,,,Permanent,,,0.25699247199951036,0.30841340759328395,0.43459412040720563,1,False,French Grand Prix,french_grand_prix,2018,2018-06-24,98.23812,25,Closing,2.652000000000001,False,False,False,True
STR,Williams,46,0 days 00:01:39.927000,0 days 00:00:25.321000,0 days 00:00:30.645000,0 days 00:00:43.961000,Soft,45,2,,,1,True,0 days 01:27:55.691000,99.927,25.321,30.645,43.961,5275.691,5271.386,24.4,48.3,966.3,False,38.4,149,1.0,False,True,False,FORMULA 1 PIRELLI GRAND PRIX DE FRANCE 2018,Le Castellet,France,,,Permanent,,,0.25339497833418395,0.3066738719265063,0.43993114973930963,1,False,French Grand Prix,french_grand_prix,2018,2018-06-24,102.4190652173913,46,Closing,1.608000000000004,False,False,False,True
SIR,Williams,46,0 days 00:01:40.302000,0 days 00:00:25.085000,0 days 00:00:30.322000,0 days 00:00:44.895000,Soft,45,2,,,1,True,0 days 01:27:56.796000,100.302,25.085,30.322,44.895,5276.796,5271.386,24.4,48.3,966.3,False,38.4,149,1.0,False,True,False,FORMULA 1 PIRELLI GRAND PRIX DE FRANCE 2018,Le Castellet,France,,,Permanent,,,0.2500947139638292,0.3023070327610616,0.44759825327510916,1,False,French Grand Prix,french_grand_prix,2018,2018-06-24,102.90366,50,Closing,2.0020000000000095,False,False,False,True
ERI,Sauber,46,0 days 00:01:40.200000,0 days 00:00:25.064000,0 days 00:00:30.420000,0 days 00:00:44.716000,ULTRASOFT,11,2,,,1,True,0 days 01:27:57.315000,100.2,25.064,30.42,44.716,5277.315,5271.386,24.4,48.3,966.3,False,38.4,149,1.0,False,True,False,FORMULA 1 PIRELLI GRAND PRIX DE FRANCE 2018,Le Castellet,France,,,Permanent,,,0.25013972055888223,0.3035928143712575,0.44626746506986026,1,False,French Grand Prix,french_grand_prix,2018,2018-06-24,100.82417647058823,17,Closing,3.706000000000003,False,False,False,True
HAR,Toro Rosso,46,0 days 00:01:40.322000,0 days 00:00:25.125000,0 days 00:00:30.112000,0 days 00:00:45.085000,SUPERSOFT,8,2,,,1,True,0 days 01:27:57.998000,100.322,25.125,30.112,45.085,5277.998,5271.386,24.4,48.3,966.3,False,38.4,149,1.0,False,True,False,FORMULA 1 PIRELLI GRAND PRIX DE FRANCE 2018,Le Castellet,France,,,Permanent,,,0.2504435716991288,0.3001535057116086,0.44940292258926257,1,False,French Grand Prix,french_grand_prix,2018,2018-06-24,101.54314285714285,14,Closing,3.483000000000004,False,False,False,True
ALO,McLaren,46,0 days 00:02:01.625000,0 days 00:00:25.427000,0 days 00:00:30.460000,0 days 00:01:05.738000,Soft,45,2,0 days 01:27:43.249000,,1,False,0 days 01:28:07.238000,121.625,25.427,30.46,65.738,5287.238,5271.386,24.4,48.3,966.3,False,38.4,149,1.0,False,True,False,FORMULA 1 PIRELLI GRAND PRIX DE FRANCE 2018,Le Castellet,France,,,Permanent,46.0,,0.2090606372045221,0.2504419321685509,0.540497430626927,1,False,French Grand Prix,french_grand_prix,2018,2018-06-24,102.5500909090909,44,Mid,26.492000000000004,False,False,False,True
VET,Ferrari,47,0 days 00:01:35.868000,0 days 00:00:24.276000,0 days 00:00:29.234000,0 days 00:00:42.358000,ULTRASOFT,10,3,,,1,True,0 days 01:28:17.827000,95.868,24.276,29.234,42.358,5297.827,5271.386,24.4,48.3,966.3,False,38.4,149,1.0,False,True,False,FORMULA 1 PIRELLI GRAND PRIX DE FRANCE 2018,Le Castellet,France,,,Permanent,,,0.25322318187507825,0.3049401260065924,0.4418366921183294,1,False,French Grand Prix,french_grand_prix,2018,2018-06-24,99.27138461538462,13,Closing,1.3829999999999956,False,False,False,True
SAI,Renault,47,0 days 00:01:35.939000,0 days 00:00:24.174000,0 days 00:00:29.487000,0 days 00:00:42.278000,Soft,21,2,,,1,True,0 days 01:28:33.407000,95.939,24.174,29.487,42.278,5313.407,5331.399,24.3,49.3,966.3,False,37.8,75,0.9,False,True,False,FORMULA 1 PIRELLI GRAND PRIX DE FRANCE 2018,Le Castellet,France,,,Permanent,,,0.251972607594409,0.30735154629504163,0.44067584611054944,1,False,French Grand Prix,french_grand_prix,2018,2018-06-24,98.70085185185184,27,Closing,0.3009999999999877,False,False,False,True
MAG,Haas F1 Team,47,0 days 00:01:35.615000,0 days 00:00:24.125000,0 days 00:00:29.573000,0 days 00:00:41.917000,Soft,19,2,,,1,True,0 days 01:28:37.054000,95.615,24.125,29.573,41.917,5317.054,5331.399,24.3,49.3,966.3,False,37.8,75,0.9,False,True,False,FORMULA 1 PIRELLI GRAND PRIX DE FRANCE 2018,Le Castellet,France,,,Permanent,,,0.25231396747372276,0.3092924750300685,0.4383935574962088,1,False,French Grand Prix,french_grand_prix,2018,2018-06-24,98.42219999999999,25,Closing,0.18999999999999773,False,False,False,True
BOT,Mercedes,47,0 days 00:01:35.254000,0 days 00:00:24.104000,0 days 00:00:29.043000,0 days 00:00:42.107000,SUPERSOFT,8,3,,,1,True,0 days 01:28:37.820000,95.254,24.104,29.043,42.107,5317.82,5331.399,24.3,49.3,966.3,False,37.8,75,0.9,False,True,False,FORMULA 1 PIRELLI GRAND PRIX DE FRANCE 2018,Le Castellet,France,,,Permanent,,,0.2530497406933042,0.3049005816028723,0.4420496777038234,1,False,French Grand Prix,french_grand_prix,2018,2018-06-24,98.9805,14,Closing,1.0290000000000106,False,False,False,True
HUL,Renault,47,0 days 00:01:35.927000,0 days 00:00:24.039000,0 days 00:00:29.431000,0 days 00:00:42.457000,ULTRASOFT,13,2,,,1,True,0 days 01:28:48.376000,95.927,24.039,29.431,42.457,5328.376,5331.399,24.3,49.3,966.3,False,37.8,75,0.9,False,True,False,FORMULA 1 PIRELLI GRAND PRIX DE FRANCE 2018,Le Castellet,France,,,Permanent,,,0.2505968079894086,0.30680621722768353,0.4425969747829078,1,False,French Grand Prix,french_grand_prix,2018,2018-06-24,99.32775,16,Closing,0.054000000000002046,False,False,False,True
LEC,Sauber,47,0 days 00:01:36.220000,0 days 00:00:24.232000,0 days 00:00:29.450000,0 days 00:00:42.538000,SUPERSOFT,16,2,,,1,True,0 days 01:28:51.249000,96.22,24.232,29.45,42.538,5331.249,5331.399,24.3,49.3,966.3,False,37.8,75,0.9,False,True,False,FORMULA 1 PIRELLI GRAND PRIX DE FRANCE 2018,Le Castellet,France,,,Permanent,,,0.2518395344003326,0.30606942423612554,0.4420910413635419,1,False,French Grand Prix,french_grand_prix,2018,2018-06-24,98.722,22,Closing,0.242999999999995,False,False,False,True
HAM,Mercedes,48,0 days 00:01:34.671000,0 days 00:00:23.874000,0 days 00:00:29.099000,0 days 00:00:41.698000,Soft,15,2,,,1,True,0 days 01:28:57.781000,94.671,23.874,29.099,41.698,5337.781,5331.399,24.3,49.3,966.3,False,37.8,75,0.9,False,True,False,FORMULA 1 PIRELLI GRAND PRIX DE FRANCE 2018,Le Castellet,France,,,Permanent,,,0.252178597458567,0.3073697330755986,0.4404516694658343,1,False,French Grand Prix,french_grand_prix,2018,2018-06-24,97.6545,20,Closing,0.16200000000000614,False,False,False,True
GRO,Haas F1 Team,47,0 days 00:01:35.695000,0 days 00:00:24.026000,0 days 00:00:29.500000,0 days 00:00:42.169000,SUPERSOFT,13,2,,,1,True,0 days 01:29:00.309000,95.695,24.026,29.5,42.169,5340.309,5331.399,24.3,49.3,966.3,False,37.8,75,0.9,False,True,False,FORMULA 1 PIRELLI GRAND PRIX DE FRANCE 2018,Le Castellet,France,,,Permanent,,,0.25106849887663935,0.30827106954386335,0.44066043157949736,1,False,French Grand Prix,french_grand_prix,2018,2018-06-24,99.38844444444445,18,Closing,0.0,False,False,False,True
VER,Red Bull Racing,48,0 days 00:01:34.905000,0 days 00:00:23.903000,0 days 00:00:29.023000,0 days 00:00:41.979000,Soft,23,2,,,1,True,0 days 01:29:01.963000,94.905,23.903,29.023,41.979,5341.963,5331.399,24.3,49.3,966.3,False,37.8,75,0.9,False,True,False,FORMULA 1 PIRELLI GRAND PRIX DE FRANCE 2018,Le Castellet,France,,,Permanent,,,0.25186238870449396,0.30581107423212683,0.44232653706337915,1,False,French Grand Prix,french_grand_prix,2018,2018-06-24,97.19075,28,Closing,0.6299999999999955,False,False,False,True
VAN,McLaren,47,0 days 00:01:36.698000,0 days 00:00:24.469000,0 days 00:00:29.612000,0 days 00:00:42.617000,ULTRASOFT,7,2,,,1,True,0 days 01:29:15.560000,96.698,24.469,29.612,42.617,5355.56,5331.399,24.3,49.3,966.3,False,37.8,75,0.9,False,True,False,FORMULA 1 PIRELLI GRAND PRIX DE FRANCE 2018,Le Castellet,France,,,Permanent,,,0.25304556454114874,0.306231773149393,0.44072266230945834,1,False,French Grand Prix,french_grand_prix,2018,2018-06-24,101.21758333333332,12,Closing,0.022999999999996135,False,False,False,True
RAI,Ferrari,48,0 days 00:01:34.398000,0 days 00:00:23.551000,0 days 00:00:29.112000,0 days 00:00:41.735000,SUPERSOFT,14,2,,,1,True,0 days 01:29:20.525000,94.398,23.551,29.112,41.735,5360.525,5331.399,24.3,49.3,966.3,False,37.8,75,0.9,False,True,False,FORMULA 1 PIRELLI GRAND PRIX DE FRANCE 2018,Le Castellet,France,,,Permanent,,,0.24948621792834594,0.30839636432975276,0.44211741774190133,1,False,French Grand Prix,french_grand_prix,2018,2018-06-24,97.97663157894738,19,Closing,0.0,False,False,False,True
RIC,Red Bull Racing,48,0 days 00:01:35.724000,0 days 00:00:23.990000,0 days 00:00:29.347000,0 days 00:00:42.387000,Soft,20,2,,,1,True,0 days 01:29:23.504000,95.724,23.99,29.347,42.387,5363.504,5391.416,24.0,51.4,966.4,False,37.8,43,1.8,False,True,False,FORMULA 1 PIRELLI GRAND PRIX DE FRANCE 2018,Le Castellet,France,,,Permanent,,,0.2506163553549789,0.30657933224687645,0.44280431239814466,1,False,French Grand Prix,french_grand_prix,2018,2018-06-24,98.23812,25,Closing,0.34199999999999875,False,False,False,True
STR,Williams,47,0 days 00:01:40.080000,0 days 00:00:25.260000,0 days 00:00:30.817000,0 days 00:00:44.003000,Soft,46,2,,,1,True,0 days 01:29:35.771000,100.08,25.26,30.817,44.003,5375.771,5391.416,24.0,51.4,966.4,False,37.8,43,1.8,False,True,False,FORMULA 1 PIRELLI GRAND PRIX DE FRANCE 2018,Le Castellet,France,,,Permanent,,,0.2523980815347722,0.3079236610711431,0.4396782573940847,1,False,French Grand Prix,french_grand_prix,2018,2018-06-24,102.4190652173913,46,Closing,1.7609999999999957,False,False,False,True
ERI,Sauber,47,0 days 00:01:38.956000,0 days 00:00:25.540000,0 days 00:00:29.788000,0 days 00:00:43.628000,ULTRASOFT,12,2,,,1,True,0 days 01:29:36.271000,98.956,25.54,29.788,43.628,5376.271,5391.416,24.0,51.4,966.4,False,37.8,43,1.8,False,True,False,FORMULA 1 PIRELLI GRAND PRIX DE FRANCE 2018,Le Castellet,France,,,Permanent,,,0.2580945066494199,0.3010226767452201,0.44088281660535994,1,False,French Grand Prix,french_grand_prix,2018,2018-06-24,100.82417647058823,17,Closing,2.4620000000000033,False,False,False,True
SIR,Williams,47,0 days 00:01:40.941000,0 days 00:00:25.520000,0 days 00:00:30.621000,0 days 00:00:44.800000,Soft,46,2,,,1,True,0 days 01:29:37.737000,100.941,25.52,30.621,44.8,5377.737,5391.416,24.0,51.4,966.4,False,37.8,43,1.8,False,True,False,FORMULA 1 PIRELLI GRAND PRIX DE FRANCE 2018,Le Castellet,France,,,Permanent,,,0.25282095481518907,0.303355425446548,0.4438236197382629,1,False,French Grand Prix,french_grand_prix,2018,2018-06-24,102.90366,50,Closing,2.6410000000000053,False,False,False,True
HAR,Toro Rosso,47,0 days 00:01:39.936000,0 days 00:00:25.315000,0 days 00:00:30.138000,0 days 00:00:44.483000,SUPERSOFT,9,2,,,1,True,0 days 01:29:37.934000,99.936,25.315,30.138,44.483,5377.934,5391.416,24.0,51.4,966.4,False,37.8,43,1.8,False,True,False,FORMULA 1 PIRELLI GRAND PRIX DE FRANCE 2018,Le Castellet,France,,,Permanent,,,0.25331211975664425,0.30157300672430354,0.44511487351905216,1,False,French Grand Prix,french_grand_prix,2018,2018-06-24,101.54314285714285,14,Closing,3.0970000000000084,False,False,False,True
ALO,McLaren,47,0 days 00:01:42.981000,0 days 00:00:28.312000,0 days 00:00:30.083000,0 days 00:00:44.586000,ULTRASOFT,1,3,,0 days 01:28:07.939000,1,False,0 days 01:29:50.219000,102.981,28.312,30.083,44.586,5390.219,5391.416,24.0,51.4,966.4,False,37.8,43,1.8,False,True,False,FORMULA 1 PIRELLI GRAND PRIX DE FRANCE 2018,Le Castellet,France,,,Permanent,,,0.2749245006360397,0.29212184771948224,0.43295365164447813,1,False,French Grand Prix,french_grand_prix,2018,2018-06-24,105.86525,4,Closing,7.847999999999999,False,False,False,True
VET,Ferrari,48,0 days 00:01:36.311000,0 days 00:00:24.308000,0 days 00:00:29.270000,0 days 00:00:42.733000,ULTRASOFT,11,3,,,1,True,0 days 01:29:54.138000,96.311,24.308,29.27,42.733,5394.138,5391.416,24.0,51.4,966.4,False,37.8,43,1.8,False,True,False,FORMULA 1 PIRELLI GRAND PRIX DE FRANCE 2018,Le Castellet,France,,,Permanent,,,0.25239069265192965,0.30391128739188666,0.4436980199561836,1,False,French Grand Prix,french_grand_prix,2018,2018-06-24,99.27138461538462,13,Closing,1.8260000000000076,False,False,False,True
SAI,Renault,48,0 days 00:01:36.602000,0 days 00:00:23.925000,0 days 00:00:29.509000,0 days 00:00:43.168000,Soft,22,2,,,1,True,0 days 01:30:10.009000,96.602,23.925,29.509,43.168,5410.009,5391.416,24.0,51.4,966.4,False,37.8,43,1.8,False,True,False,FORMULA 1 PIRELLI GRAND PRIX DE FRANCE 2018,Le Castellet,France,,,Permanent,,,0.24766567979959006,0.305469866048322,0.4468644541520879,1,False,French Grand Prix,french_grand_prix,2018,2018-06-24,98.70085185185184,27,Closing,0.9639999999999986,False,False,False,True
MAG,Haas F1 Team,48,0 days 00:01:35.555000,0 days 00:00:23.859000,0 days 00:00:29.433000,0 days 00:00:42.263000,Soft,20,2,,,1,True,0 days 01:30:12.609000,95.555,23.859,29.433,42.263,5412.609,5391.416,24.0,51.4,966.4,False,37.8,43,1.8,False,True,False,FORMULA 1 PIRELLI GRAND PRIX DE FRANCE 2018,Le Castellet,France,,,Permanent,,,0.2496886609805871,0.3080215582648736,0.44228978075453923,1,False,French Grand Prix,french_grand_prix,2018,2018-06-24,98.42219999999999,25,Closing,0.13000000000000966,False,False,False,True
BOT,Mercedes,48,0 days 00:01:36.061000,0 days 00:00:24.055000,0 days 00:00:29.642000,0 days 00:00:42.364000,SUPERSOFT,9,3,,,1,True,0 days 01:30:13.881000,96.061,24.055,29.642,42.364,5413.881,5391.416,24.0,51.4,966.4,False,37.8,43,1.8,False,True,False,FORMULA 1 PIRELLI GRAND PRIX DE FRANCE 2018,Le Castellet,France,,,Permanent,,,0.2504137995648598,0.3085747597880513,0.44101144064708875,1,False,French Grand Prix,french_grand_prix,2018,2018-06-24,98.9805,14,Closing,1.8360000000000127,False,False,False,True
HUL,Renault,48,0 days 00:01:36.104000,0 days 00:00:24.081000,0 days 00:00:29.479000,0 days 00:00:42.544000,ULTRASOFT,14,2,,,1,True,0 days 01:30:24.480000,96.104,24.081,29.479,42.544,5424.48,5451.43,23.6,53.4,966.3,False,37.8,120,1.6,False,True,False,FORMULA 1 PIRELLI GRAND PRIX DE FRANCE 2018,Le Castellet,France,,,Permanent,,,0.2505722966785982,0.306740614334471,0.4426870889869308,1,False,French Grand Prix,french_grand_prix,2018,2018-06-24,99.32775,16,Closing,0.23099999999999454,False,False,False,True
LEC,Sauber,48,0 days 00:01:36.254000,0 days 00:00:24.290000,0 days 00:00:29.509000,0 days 00:00:42.455000,SUPERSOFT,17,2,,,1,True,0 days 01:30:27.503000,96.254,24.29,29.509,42.455,5427.503,5451.43,23.6,53.4,966.3,False,37.8,120,1.6,False,True,False,FORMULA 1 PIRELLI GRAND PRIX DE FRANCE 2018,Le Castellet,France,,,Permanent,,,0.2523531489600432,0.30657427223803685,0.44107257880191986,1,False,French Grand Prix,french_grand_prix,2018,2018-06-24,98.722,22,Closing,0.277000000000001,False,False,False,True
HAM,Mercedes,49,0 days 00:01:34.509000,0 days 00:00:23.815000,0 days 00:00:29.030000,0 days 00:00:41.664000,Soft,16,2,,,1,True,0 days 01:30:32.290000,94.509,23.815,29.03,41.664,5432.29,5451.43,23.6,53.4,966.3,False,37.8,120,1.6,False,True,False,FORMULA 1 PIRELLI GRAND PRIX DE FRANCE 2018,Le Castellet,France,,,Permanent,,,0.2519865832883641,0.30716651324212507,0.44084690346951083,1,False,French Grand Prix,french_grand_prix,2018,2018-06-24,97.6545,20,Closing,0.0,False,False,False,True
VER,Red Bull Racing,49,0 days 00:01:34.967000,0 days 00:00:23.764000,0 days 00:00:29.250000,0 days 00:00:41.953000,Soft,24,2,,,1,True,0 days 01:30:36.930000,94.967,23.764,29.25,41.953,5436.93,5451.43,23.6,53.4,966.3,False,37.8,120,1.6,False,True,False,FORMULA 1 PIRELLI GRAND PRIX DE FRANCE 2018,Le Castellet,France,,,Permanent,,,0.2502342919119273,0.30800172691566546,0.4417639811724073,1,False,French Grand Prix,french_grand_prix,2018,2018-06-24,97.19075,28,Closing,0.6919999999999931,False,False,False,True
GRO,Haas F1 Team,48,0 days 00:01:38.427000,0 days 00:00:24.368000,0 days 00:00:31.489000,0 days 00:00:42.570000,SUPERSOFT,14,2,,,1,True,0 days 01:30:38.736000,98.427,24.368,31.489,42.57,5438.736,5451.43,23.6,53.4,966.3,False,37.8,120,1.6,False,True,False,FORMULA 1 PIRELLI GRAND PRIX DE FRANCE 2018,Le Castellet,France,,,Permanent,,,0.24757434443800985,0.3199223790220163,0.4325032765399738,1,False,French Grand Prix,french_grand_prix,2018,2018-06-24,99.38844444444445,18,Closing,2.7320000000000135,False,False,False,True
VAN,McLaren,48,0 days 00:01:36.675000,0 days 00:00:24.522000,0 days 00:00:29.707000,0 days 00:00:42.446000,ULTRASOFT,8,2,,,1,True,0 days 01:30:52.235000,96.675,24.522,29.707,42.446,5452.235,5451.43,23.6,53.4,966.3,False,37.8,120,1.6,False,True,False,FORMULA 1 PIRELLI GRAND PRIX DE FRANCE 2018,Le Castellet,France,,,Permanent,,,0.25365399534522887,0.3072873028187225,0.4390587018360486,1,False,French Grand Prix,french_grand_prix,2018,2018-06-24,101.21758333333332,12,Closing,0.0,False,False,False,True
RAI,Ferrari,49,0 days 00:01:34.420000,0 days 00:00:23.562000,0 days 00:00:29.193000,0 days 00:00:41.665000,SUPERSOFT,15,2,,,1,True,0 days 01:30:54.945000,94.42,23.562,29.193,41.665,5454.945,5451.43,23.6,53.4,966.3,False,37.8,120,1.6,False,True,False,FORMULA 1 PIRELLI GRAND PRIX DE FRANCE 2018,Le Castellet,France,,,Permanent,,,0.24954458801101462,0.30918237661512393,0.4412730353738615,1,False,French Grand Prix,french_grand_prix,2018,2018-06-24,97.97663157894738,19,Closing,0.02200000000000557,False,False,False,True
RIC,Red Bull Racing,49,0 days 00:01:35.868000,0 days 00:00:23.966000,0 days 00:00:29.429000,0 days 00:00:42.473000,Soft,21,2,,,1,True,0 days 01:30:59.372000,95.868,23.966,29.429,42.473,5459.372,5451.43,23.6,53.4,966.3,False,37.8,120,1.6,False,True,False,FORMULA 1 PIRELLI GRAND PRIX DE FRANCE 2018,Le Castellet,France,,,Permanent,,,0.24998956899069558,0.3069741728209622,0.4430362581883423,1,False,French Grand Prix,french_grand_prix,2018,2018-06-24,98.23812,25,Closing,0.48599999999999,False,False,False,True
ERI,Sauber,48,0 days 00:01:37.977000,0 days 00:00:25.157000,0 days 00:00:29.614000,0 days 00:00:43.206000,ULTRASOFT,13,2,,,1,True,0 days 01:31:14.248000,97.977,25.157,29.614,43.206,5474.248,5451.43,23.6,53.4,966.3,False,37.8,120,1.6,False,True,False,FORMULA 1 PIRELLI GRAND PRIX DE FRANCE 2018,Le Castellet,France,,,Permanent,,,0.25676434265184683,0.30225461077599847,0.4409810465721547,1,False,French Grand Prix,french_grand_prix,2018,2018-06-24,100.82417647058823,17,Closing,1.483000000000004,False,False,False,True
STR,Williams,48,0 days 00:01:40.714000,0 days 00:00:25.249000,0 days 00:00:31.132000,0 days 00:00:44.333000,Soft,47,2,,,1,True,0 days 01:31:16.485000,100.714,25.249,31.132,44.333,5476.485,5451.43,23.6,53.4,966.3,False,37.8,120,1.6,False,True,False,FORMULA 1 PIRELLI GRAND PRIX DE FRANCE 2018,Le Castellet,France,,,Permanent,,,0.2507000019858212,0.3091129336537125,0.4401870643604663,1,False,French Grand Prix,french_grand_prix,2018,2018-06-24,102.4190652173913,46,Closing,2.394999999999996,False,False,False,True
HAR,Toro Rosso,48,0 days 00:01:38.758000,0 days 00:00:25.821000,0 days 00:00:29.455000,0 days 00:00:43.482000,SUPERSOFT,10,2,,,1,True,0 days 01:31:16.692000,98.758,25.821,29.455,43.482,5476.692,5451.43,23.6,53.4,966.3,False,37.8,120,1.6,False,True,False,FORMULA 1 PIRELLI GRAND PRIX DE FRANCE 2018,Le Castellet,France,,,Permanent,,,0.2614572996617996,0.2982543186374775,0.440288381700723,1,False,French Grand Prix,french_grand_prix,2018,2018-06-24,101.54314285714285,14,Closing,1.918999999999997,False,False,False,True
SIR,Williams,48,0 days 00:01:40.494000,0 days 00:00:25.463000,0 days 00:00:30.902000,0 days 00:00:44.129000,Soft,47,2,,,1,True,0 days 01:31:18.231000,100.494,25.463,30.902,44.129,5478.231,5451.43,23.6,53.4,966.3,False,37.8,120,1.6,False,True,False,FORMULA 1 PIRELLI GRAND PRIX DE FRANCE 2018,Le Castellet,France,,,Permanent,,,0.25337831114295384,0.30750094533006944,0.4391207435269767,1,False,French Grand Prix,french_grand_prix,2018,2018-06-24,102.90366,50,Closing,2.1940000000000026,False,False,False,True
ALO,McLaren,48,0 days 00:01:35.133000,0 days 00:00:23.950000,0 days 00:00:29.179000,0 days 00:00:42.004000,ULTRASOFT,2,3,,,1,True,0 days 01:31:25.352000,95.133,23.95,29.179,42.004,5485.352,5511.439,23.4,54.8,966.4,False,37.7,19,1.6,False,True,False,FORMULA 1 PIRELLI GRAND PRIX DE FRANCE 2018,Le Castellet,France,,,Permanent,,,0.2517528092249798,0.3067179632724712,0.4415292275025491,1,False,French Grand Prix,french_grand_prix,2018,2018-06-24,105.86525,4,Closing,0.0,False,False,False,True
VET,Ferrari,49,0 days 00:01:36.397000,0 days 00:00:24.385000,0 days 00:00:29.426000,0 days 00:00:42.586000,ULTRASOFT,12,3,,,1,True,0 days 01:31:30.535000,96.397,24.385,29.426,42.586,5490.535,5511.439,23.4,54.8,966.4,False,37.7,19,1.6,False,True,False,FORMULA 1 PIRELLI GRAND PRIX DE FRANCE 2018,Le Castellet,France,,,Permanent,,,0.25296430386837765,0.30525846240028215,0.44177723373134015,1,False,French Grand Prix,french_grand_prix,2018,2018-06-24,99.27138461538462,13,Closing,1.9120000000000061,False,False,False,True
SAI,Renault,49,0 days 00:01:39.076000,0 days 00:00:24.555000,0 days 00:00:30.709000,0 days 00:00:43.812000,Soft,23,2,,,1,True,0 days 01:31:49.085000,99.076,24.555,30.709,43.812,5509.085,5511.439,23.4,54.8,966.4,False,37.7,19,1.6,False,True,False,FORMULA 1 PIRELLI GRAND PRIX DE FRANCE 2018,Le Castellet,France,,,Permanent,,,0.24784004198796886,0.3099539747264726,0.44220598328555855,1,False,French Grand Prix,french_grand_prix,2018,2018-06-24,98.70085185185184,27,Closing,3.437999999999988,False,False,False,True
MAG,Haas F1 Team,49,0 days 00:01:36.800000,0 days 00:00:24.296000,0 days 00:00:29.579000,0 days 00:00:42.925000,Soft,21,2,,,1,True,0 days 01:31:49.409000,96.8,24.296,29.579,42.925,5509.409,5511.439,23.4,54.8,966.4,False,37.7,19,1.6,False,True,False,FORMULA 1 PIRELLI GRAND PRIX DE FRANCE 2018,Le Castellet,France,,,Permanent,,,0.25099173553719006,0.30556818181818185,0.4434400826446281,1,False,French Grand Prix,french_grand_prix,2018,2018-06-24,98.42219999999999,25,Closing,1.375,False,False,False,True
BOT,Mercedes,49,0 days 00:01:35.950000,0 days 00:00:24.238000,0 days 00:00:29.230000,0 days 00:00:42.482000,SUPERSOFT,10,3,,,1,True,0 days 01:31:49.831000,95.95,24.238,29.23,42.482,5509.831,5511.439,23.4,54.8,966.4,False,37.7,19,1.6,False,True,False,FORMULA 1 PIRELLI GRAND PRIX DE FRANCE 2018,Le Castellet,France,,,Permanent,,,0.2526107347576863,0.30463783220427304,0.4427514330380406,1,False,French Grand Prix,french_grand_prix,2018,2018-06-24,98.9805,14,Closing,1.7250000000000085,False,False,False,True
HUL,Renault,49,0 days 00:01:36.273000,0 days 00:00:24.123000,0 days 00:00:29.410000,0 days 00:00:42.740000,ULTRASOFT,15,2,,,1,True,0 days 01:32:00.753000,96.273,24.123,29.41,42.74,5520.753,5511.439,23.4,54.8,966.4,False,37.7,19,1.6,False,True,False,FORMULA 1 PIRELLI GRAND PRIX DE FRANCE 2018,Le Castellet,France,,,Permanent,,,0.25056869527281794,0.3054854424397287,0.4439458622874534,1,False,French Grand Prix,french_grand_prix,2018,2018-06-24,99.32775,16,Closing,0.3999999999999915,False,False,False,True
LEC,Sauber,49,0 days 00:01:36.277000,0 days 00:00:24.233000,0 days 00:00:29.516000,0 days 00:00:42.528000,SUPERSOFT,18,2,,,1,True,0 days 01:32:03.780000,96.277,24.233,29.516,42.528,5523.78,5511.439,23.4,54.8,966.4,False,37.7,19,1.6,False,True,False,FORMULA 1 PIRELLI GRAND PRIX DE FRANCE 2018,Le Castellet,France,,,Permanent,,,0.25170082158771045,0.3065737403533554,0.4417254380589341,1,False,French Grand Prix,french_grand_prix,2018,2018-06-24,98.722,22,Closing,0.29999999999999716,False,False,False,True
HAM,Mercedes,50,0 days 00:01:34.670000,0 days 00:00:23.620000,0 days 00:00:29.214000,0 days 00:00:41.836000,Soft,17,2,,,1,True,0 days 01:32:06.960000,94.67,23.62,29.214,41.836,5526.96,5511.439,23.4,54.8,966.4,False,37.7,19,1.6,False,True,False,FORMULA 1 PIRELLI GRAND PRIX DE FRANCE 2018,Le Castellet,France,,,Permanent,,,0.2494982571036231,0.3085877257843033,0.4419140171120735,1,False,French Grand Prix,french_grand_prix,2018,2018-06-24,97.6545,20,Closing,0.16100000000000136,False,False,False,False
VER,Red Bull Racing,50,0 days 00:01:34.968000,0 days 00:00:23.725000,0 days 00:00:29.239000,0 days 00:00:42.004000,Soft,25,2,,,1,True,0 days 01:32:11.898000,94.968,23.725,29.239,42.004,5531.898,5511.439,23.4,54.8,966.4,False,37.7,19,1.6,False,True,False,FORMULA 1 PIRELLI GRAND PRIX DE FRANCE 2018,Le Castellet,France,,,Permanent,,,0.24982099233425997,0.30788265521017605,0.4422963524555639,1,False,French Grand Prix,french_grand_prix,2018,2018-06-24,97.19075,28,Closing,0.6929999999999978,False,False,False,False
GRO,Haas F1 Team,49,0 days 00:01:36.042000,0 days 00:00:24.051000,0 days 00:00:29.696000,0 days 00:00:42.295000,SUPERSOFT,15,2,,,1,True,0 days 01:32:14.778000,96.042,24.051,29.696,42.295,5534.778,5511.439,23.4,54.8,966.4,False,37.7,19,1.6,False,True,False,FORMULA 1 PIRELLI GRAND PRIX DE FRANCE 2018,Le Castellet,France,,,Permanent,,,0.2504216905104017,0.30919805918244103,0.4403802503071573,1,False,French Grand Prix,french_grand_prix,2018,2018-06-24,99.38844444444445,18,Closing,0.3470000000000084,False,False,False,True
RAI,Ferrari,50,0 days 00:01:34.926000,0 days 00:00:23.669000,0 days 00:00:29.357000,0 days 00:00:41.900000,SUPERSOFT,16,2,,,12,True,0 days 01:32:29.871000,94.926,23.669,29.357,41.9,5549.871,5571.451,23.4,55.9,966.4,False,37.6,63,0.8,False,True,False,FORMULA 1 PIRELLI GRAND PRIX DE FRANCE 2018,Le Castellet,France,,,Permanent,,,0.24934159239828918,0.30926195141478624,0.4413964561869245,1,False,French Grand Prix,french_grand_prix,2018,2018-06-24,97.97663157894738,19,Closing,0.5280000000000058,False,False,False,False
VAN,McLaren,49,0 days 00:01:37.694000,0 days 00:00:24.520000,0 days 00:00:29.676000,0 days 00:00:43.498000,ULTRASOFT,9,2,,,12,True,0 days 01:32:29.929000,97.694,24.52,29.676,43.498,5549.929,5571.451,23.4,55.9,966.4,False,37.6,63,0.8,False,True,False,FORMULA 1 PIRELLI GRAND PRIX DE FRANCE 2018,Le Castellet,France,,,Permanent,,,0.2509877781644727,0.3037648166724671,0.4452474051630601,1,False,French Grand Prix,french_grand_prix,2018,2018-06-24,101.21758333333332,12,Closing,1.0190000000000055,False,False,False,True
RIC,Red Bull Racing,50,0 days 00:01:36.425000,0 days 00:00:24.272000,0 days 00:00:29.638000,0 days 00:00:42.515000,Soft,22,2,,,12,True,0 days 01:32:35.797000,96.425,24.272,29.638,42.515,5555.797,5571.451,23.4,55.9,966.4,False,37.6,63,0.8,False,True,False,FORMULA 1 PIRELLI GRAND PRIX DE FRANCE 2018,Le Castellet,France,,,Permanent,,,0.2517189525537983,0.3073684210526316,0.44091262639357015,1,False,French Grand Prix,french_grand_prix,2018,2018-06-24,98.23812,25,Closing,1.0429999999999922,False,False,False,False
ERI,Sauber,49,0 days 00:01:36.876000,0 days 00:00:24.233000,0 days 00:00:29.750000,0 days 00:00:42.893000,ULTRASOFT,14,2,,,12,True,0 days 01:32:51.124000,96.876,24.233,29.75,42.893,5571.124,5571.451,23.4,55.9,966.4,False,37.6,63,0.8,False,True,False,FORMULA 1 PIRELLI GRAND PRIX DE FRANCE 2018,Le Castellet,France,,,Permanent,,,0.2501445146372683,0.30709360419505344,0.44276188116767823,1,False,French Grand Prix,french_grand_prix,2018,2018-06-24,100.82417647058823,17,Closing,0.382000000000005,False,False,False,True
HAR,Toro Rosso,49,0 days 00:01:37.324000,0 days 00:00:24.660000,0 days 00:00:29.766000,0 days 00:00:42.898000,SUPERSOFT,11,2,,,12,True,0 days 01:32:54.016000,97.324,24.66,29.766,42.898,5574.016,5571.451,23.4,55.9,966.4,False,37.6,63,0.8,False,True,False,FORMULA 1 PIRELLI GRAND PRIX DE FRANCE 2018,Le Castellet,France,,,Permanent,,,0.2533804611401093,0.30584439603797625,0.4407751428219145,1,False,French Grand Prix,french_grand_prix,2018,2018-06-24,101.54314285714285,14,Closing,0.48499999999999943,False,False,False,True
SIR,Williams,49,0 days 00:01:40.752000,0 days 00:00:25.323000,0 days 00:00:30.817000,0 days 00:00:44.612000,Soft,48,2,,,12,True,0 days 01:32:58.983000,100.752,25.323,30.817,44.612,5578.983,5571.451,23.4,55.9,966.4,False,37.6,63,0.8,False,True,False,FORMULA 1 PIRELLI GRAND PRIX DE FRANCE 2018,Le Castellet,France,,,Permanent,,,0.25133992377322534,0.3058698586628553,0.44279021756391934,1,False,French Grand Prix,french_grand_prix,2018,2018-06-24,102.90366,50,Closing,2.451999999999998,False,False,False,True
VET,Ferrari,50,0 days 00:01:37.647000,0 days 00:00:23.644000,0 days 00:00:29.641000,0 days 00:00:44.362000,ULTRASOFT,13,3,,,12,True,0 days 01:33:08.182000,97.647,23.644,29.641,44.362,5588.182,5571.451,23.4,55.9,966.4,False,37.6,63,0.8,False,True,False,FORMULA 1 PIRELLI GRAND PRIX DE FRANCE 2018,Le Castellet,France,,,Permanent,,,0.24213749526355133,0.3035525925015617,0.45430991223488687,1,False,French Grand Prix,french_grand_prix,2018,2018-06-24,99.27138461538462,13,Closing,3.162000000000006,False,False,False,False
ALO,McLaren,49,0 days 00:01:45.971000,0 days 00:00:26.157000,0 days 00:00:32.285000,0 days 00:00:47.529000,ULTRASOFT,3,3,,,12,True,0 days 01:33:11.323000,105.971,26.157,32.285,47.529,5591.323,5571.451,23.4,55.9,966.4,False,37.6,63,0.8,False,True,False,FORMULA 1 PIRELLI GRAND PRIX DE FRANCE 2018,Le Castellet,France,,,Permanent,,,0.24683168036538297,0.3046588217531211,0.4485094978814959,1,False,French Grand Prix,french_grand_prix,2018,2018-06-24,105.86525,4,Closing,10.838000000000008,False,False,False,True
MAG,Haas F1 Team,50,0 days 00:01:35.425000,0 days 00:00:23.945000,0 days 00:00:29.383000,0 days 00:00:42.097000,Soft,22,2,,,12,True,0 days 01:33:24.834000,95.425,23.945,29.383,42.097,5604.834,5631.466,23.4,55.4,966.3,False,39.6,53,1.0,False,True,False,FORMULA 1 PIRELLI GRAND PRIX DE FRANCE 2018,Le Castellet,France,,,Permanent,,,0.25093004977731204,0.3079172124705266,0.4411527377521614,1,False,French Grand Prix,french_grand_prix,2018,2018-06-24,98.42219999999999,25,Closing,0.0,False,False,False,False
BOT,Mercedes,50,0 days 00:01:36.649000,0 days 00:00:24.916000,0 days 00:00:29.199000,0 days 00:00:42.534000,SUPERSOFT,11,3,,,12,True,0 days 01:33:26.480000,96.649,24.916,29.199,42.534,5606.48,5631.466,23.4,55.4,966.3,False,39.6,53,1.0,False,True,False,FORMULA 1 PIRELLI GRAND PRIX DE FRANCE 2018,Le Castellet,France,,,Permanent,,,0.25779883909818,0.30211383459735747,0.4400873263044625,1,False,French Grand Prix,french_grand_prix,2018,2018-06-24,98.9805,14,Closing,2.4240000000000066,False,False,False,False
SAI,Renault,50,0 days 00:01:40.189000,0 days 00:00:26.290000,0 days 00:00:30.459000,0 days 00:00:43.440000,Soft,24,2,,,12,True,0 days 01:33:29.274000,100.189,26.29,30.459,43.44,5609.274,5631.466,23.4,55.4,966.3,False,39.6,53,1.0,False,True,False,FORMULA 1 PIRELLI GRAND PRIX DE FRANCE 2018,Le Castellet,France,,,Permanent,,,0.26240405633352964,0.3040154108734492,0.4335805327930212,1,False,French Grand Prix,french_grand_prix,2018,2018-06-24,98.70085185185184,27,Closing,4.550999999999988,False,False,False,False
HUL,Renault,50,0 days 00:01:36.943000,0 days 00:00:24.303000,0 days 00:00:29.581000,0 days 00:00:43.059000,ULTRASOFT,16,2,,,12,True,0 days 01:33:37.696000,96.943,24.303,29.581,43.059,5617.696,5631.466,23.4,55.4,966.3,False,39.6,53,1.0,False,True,False,FORMULA 1 PIRELLI GRAND PRIX DE FRANCE 2018,Le Castellet,France,,,Permanent,,,0.2506937066111014,0.30513807082512406,0.4441682225637746,1,False,French Grand Prix,french_grand_prix,2018,2018-06-24,99.32775,16,Closing,1.0699999999999932,False,False,False,False
LEC,Sauber,50,0 days 00:01:36.641000,0 days 00:00:24.250000,0 days 00:00:29.531000,0 days 00:00:42.860000,SUPERSOFT,19,2,,,12,True,0 days 01:33:40.421000,96.641,24.25,29.531,42.86,5620.421,5631.466,23.4,55.4,966.3,False,39.6,53,1.0,False,True,False,FORMULA 1 PIRELLI GRAND PRIX DE FRANCE 2018,Le Castellet,France,,,Permanent,,,0.25092869486035946,0.305574238677166,0.4434970664624745,1,False,French Grand Prix,french_grand_prix,2018,2018-06-24,98.722,22,Closing,0.6640000000000015,False,False,False,False
HAM,Mercedes,51,0 days 00:01:35.594000,0 days 00:00:23.920000,0 days 00:00:29.186000,0 days 00:00:42.488000,Soft,18,2,,,12,True,0 days 01:33:42.554000,95.594,23.92,29.186,42.488,5622.554,5631.466,23.4,55.4,966.3,False,39.6,53,1.0,False,True,False,FORMULA 1 PIRELLI GRAND PRIX DE FRANCE 2018,Le Castellet,France,,,Permanent,,,0.2502249095131494,0.3053120488733603,0.44446304161349043,1,False,French Grand Prix,french_grand_prix,2018,2018-06-24,97.6545,20,Closing,1.0849999999999937,False,False,False,False
VER,Red Bull Racing,51,0 days 00:01:36.032000,0 days 00:00:23.608000,0 days 00:00:29.362000,0 days 00:00:43.062000,Soft,26,2,,,12,True,0 days 01:33:47.930000,96.032,23.608,29.362,43.062,5627.93,5631.466,23.4,55.4,966.3,False,39.6,53,1.0,False,True,False,FORMULA 1 PIRELLI GRAND PRIX DE FRANCE 2018,Le Castellet,France,,,Permanent,,,0.24583472175941354,0.3057522492502499,0.4484130289903365,1,False,French Grand Prix,french_grand_prix,2018,2018-06-24,97.19075,28,Closing,1.7569999999999908,False,False,False,False
GRO,Haas F1 Team,50,0 days 00:01:37.350000,0 days 00:00:23.947000,0 days 00:00:29.613000,0 days 00:00:43.790000,SUPERSOFT,16,2,,,126,False,0 days 01:33:52.128000,97.35,23.947,29.613,43.79,5632.128,5631.466,23.4,55.4,966.3,False,39.6,53,1.0,False,True,False,FORMULA 1 PIRELLI GRAND PRIX DE FRANCE 2018,Le Castellet,France,,,Permanent,,,0.24598870056497177,0.30419106317411404,0.4498202362609142,1,False,French Grand Prix,french_grand_prix,2018,2018-06-24,99.38844444444445,18,Closing,1.6550000000000011,False,False,False,False
RAI,Ferrari,51,0 days 00:01:44.190000,0 days 00:00:23.865000,0 days 00:00:29.452000,0 days 00:00:50.873000,SUPERSOFT,17,2,,,26,False,0 days 01:34:14.061000,104.19,23.865,29.452,50.873,5654.061,5631.466,23.4,55.4,966.3,False,39.6,53,1.0,False,True,False,FORMULA 1 PIRELLI GRAND PRIX DE FRANCE 2018,Le Castellet,France,,,Permanent,,,0.22905269219694788,0.282675880602745,0.48827142720030714,1,False,French Grand Prix,french_grand_prix,2018,2018-06-24,97.97663157894738,19,Closing,9.792000000000002,False,False,False,False
VAN,McLaren,50,0 days 00:01:47.282000,0 days 00:00:25.296000,0 days 00:00:29.710000,0 days 00:00:52.276000,ULTRASOFT,10,2,,,26,False,0 days 01:34:17.211000,107.282,25.296,29.71,52.276,5657.211,5631.466,23.4,55.4,966.3,False,39.6,53,1.0,False,True,False,FORMULA 1 PIRELLI GRAND PRIX DE FRANCE 2018,Le Castellet,France,,,Permanent,,,0.2357897876624224,0.27693368878283403,0.4872765235547436,1,False,French Grand Prix,french_grand_prix,2018,2018-06-24,101.21758333333332,12,Closing,10.607,False,False,False,False
RIC,Red Bull Racing,51,0 days 00:01:51.395000,0 days 00:00:24.138000,0 days 00:00:29.704000,0 days 00:00:57.553000,Soft,23,2,,,26,False,0 days 01:34:27.192000,111.395,24.138,29.704,57.553,5667.192,5691.487,23.4,55.9,966.4,False,39.6,6,0.8,False,True,False,FORMULA 1 PIRELLI GRAND PRIX DE FRANCE 2018,Le Castellet,France,,,Permanent,,,0.21668836123703938,0.26665469724853,0.5166569415144306,1,False,French Grand Prix,french_grand_prix,2018,2018-06-24,98.23812,25,Closing,16.01299999999999,False,False,False,False
ERI,Sauber,50,0 days 00:01:51.057000,0 days 00:00:24.217000,0 days 00:00:29.964000,0 days 00:00:56.876000,ULTRASOFT,15,2,,,26,False,0 days 01:34:42.181000,111.057,24.217,29.964,56.876,5682.181,5691.487,23.4,55.9,966.4,False,39.6,6,0.8,False,True,False,FORMULA 1 PIRELLI GRAND PRIX DE FRANCE 2018,Le Castellet,France,,,Permanent,,,0.21805919482788116,0.2698073962019503,0.5121334089701685,1,False,French Grand Prix,french_grand_prix,2018,2018-06-24,100.82417647058823,17,Closing,14.563000000000002,False,False,False,False
HAR,Toro Rosso,50,0 days 00:01:52.959000,0 days 00:00:24.272000,0 days 00:00:29.557000,0 days 00:00:59.130000,SUPERSOFT,12,2,,,26,False,0 days 01:34:46.975000,112.959,24.272,29.557,59.13,5686.975,5691.487,23.4,55.9,966.4,False,39.6,6,0.8,False,True,False,FORMULA 1 PIRELLI GRAND PRIX DE FRANCE 2018,Le Castellet,France,,,Permanent,,,0.2148744234633805,0.2616613107410653,0.5234642657955542,1,False,French Grand Prix,french_grand_prix,2018,2018-06-24,101.54314285714285,14,Closing,16.120000000000005,False,False,False,False
SIR,Williams,50,0 days 00:01:56.276000,0 days 00:00:24.980000,0 days 00:00:31.650000,0 days 00:00:59.646000,Soft,49,2,,,26,False,0 days 01:34:55.259000,116.276,24.98,31.65,59.646,5695.259,5691.487,23.4,55.9,966.4,False,39.6,6,0.8,False,True,False,FORMULA 1 PIRELLI GRAND PRIX DE FRANCE 2018,Le Castellet,France,,,Permanent,,,0.2148336716089305,0.2721971860057105,0.512969142385359,1,False,French Grand Prix,french_grand_prix,2018,2018-06-24,102.90366,50,Closing,17.976,False,False,False,False
VET,Ferrari,51,0 days 00:01:55.452000,0 days 00:00:24.228000,0 days 00:00:34.446000,0 days 00:00:56.778000,ULTRASOFT,14,3,,,26,False,0 days 01:35:03.634000,115.452,24.228,34.446,56.778,5703.634,5691.487,23.4,55.9,966.4,False,39.6,6,0.8,False,True,False,FORMULA 1 PIRELLI GRAND PRIX DE FRANCE 2018,Le Castellet,France,,,Permanent,,,0.20985344558777674,0.2983577590687039,0.4917887953435194,1,False,French Grand Prix,french_grand_prix,2018,2018-06-24,99.27138461538462,13,Closing,20.967,False,False,False,False
ALO,McLaren,50,0 days 00:01:59.376000,0 days 00:00:25.396000,0 days 00:00:38.380000,0 days 00:00:55.600000,ULTRASOFT,4,3,,,26,False,0 days 01:35:10.699000,119.376,25.396,38.38,55.6,5710.699,5691.487,23.4,55.9,966.4,False,39.6,6,0.8,False,True,False,FORMULA 1 PIRELLI GRAND PRIX DE FRANCE 2018,Le Castellet,France,,,Permanent,,,0.21273957914488675,0.32150516016619757,0.4657552606889157,1,False,French Grand Prix,french_grand_prix,2018,2018-06-24,105.86525,4,Closing,24.24300000000001,False,False,False,False
MAG,Haas F1 Team,51,0 days 00:02:04.071000,0 days 00:00:23.890000,0 days 00:00:41.816000,0 days 00:00:58.365000,Soft,23,2,,,26,False,0 days 01:35:28.905000,124.071,23.89,41.816,58.365,5728.905,5751.491,23.6,55.2,966.3,False,39.8,149,1.2,False,True,False,FORMULA 1 PIRELLI GRAND PRIX DE FRANCE 2018,Le Castellet,France,,,Permanent,,,0.1925510393242579,0.33703282797752904,0.47041613269821314,1,False,French Grand Prix,french_grand_prix,2018,2018-06-24,98.42219999999999,25,Closing,28.646,False,False,False,False
BOT,Mercedes,51,0 days 00:02:03.195000,0 days 00:00:24.028000,0 days 00:00:41.007000,0 days 00:00:58.160000,SUPERSOFT,12,3,,,26,False,0 days 01:35:29.675000,123.195,24.028,41.007,58.16,5729.675,5751.491,23.6,55.2,966.3,False,39.8,149,1.2,False,True,False,FORMULA 1 PIRELLI GRAND PRIX DE FRANCE 2018,Le Castellet,France,,,Permanent,,,0.19504038313243233,0.33286253500547913,0.47209708186208854,1,False,French Grand Prix,french_grand_prix,2018,2018-06-24,98.9805,14,Closing,28.97,False,False,False,False
SAI,Renault,51,0 days 00:02:05.519000,0 days 00:00:24.747000,0 days 00:00:42.711000,0 days 00:00:58.061000,Soft,25,2,,,26,False,0 days 01:35:34.793000,125.519,24.747,42.711,58.061,5734.793,5751.491,23.6,55.2,966.3,False,39.8,149,1.2,False,True,False,FORMULA 1 PIRELLI GRAND PRIX DE FRANCE 2018,Le Castellet,France,,,Permanent,,,0.19715740246496546,0.3402751774631729,0.46256742007186163,1,False,French Grand Prix,french_grand_prix,2018,2018-06-24,98.70085185185184,27,Closing,29.881,False,False,False,False
HUL,Renault,51,0 days 00:02:07.835000,0 days 00:00:31.076000,0 days 00:00:38.014000,0 days 00:00:58.745000,ULTRASOFT,17,2,,,26,False,0 days 01:35:45.531000,127.835,31.076,38.014,58.745,5745.531,5751.491,23.6,55.2,966.3,False,39.8,149,1.2,False,True,False,FORMULA 1 PIRELLI GRAND PRIX DE FRANCE 2018,Le Castellet,France,,,Permanent,,,0.2430946141510541,0.2973677005514922,0.45953768529745376,1,False,French Grand Prix,french_grand_prix,2018,2018-06-24,99.32775,16,Closing,31.96199999999999,False,False,False,False
LEC,Sauber,51,0 days 00:02:08.709000,0 days 00:00:32.617000,0 days 00:00:37.820000,0 days 00:00:58.272000,SUPERSOFT,20,2,,,26,False,0 days 01:35:49.130000,128.709,32.617,37.82,58.272,5749.13,5751.491,23.6,55.2,966.3,False,39.8,149,1.2,False,True,False,FORMULA 1 PIRELLI GRAND PRIX DE FRANCE 2018,Le Castellet,France,,,Permanent,,,0.25341662199224607,0.29384114552983864,0.4527422324779153,1,False,French Grand Prix,french_grand_prix,2018,2018-06-24,98.722,22,Closing,32.732,False,False,False,False
HAM,Mercedes,52,0 days 00:02:09.142000,0 days 00:00:31.313000,0 days 00:00:40.061000,0 days 00:00:57.768000,Soft,19,2,,,26,False,0 days 01:35:51.696000,129.142,31.313,40.061,57.768,5751.696,5751.491,23.6,55.2,966.3,False,39.8,149,1.2,False,True,False,FORMULA 1 PIRELLI GRAND PRIX DE FRANCE 2018,Le Castellet,France,,,Permanent,,,0.2424695296650199,0.3102089173158229,0.4473215530191572,1,False,French Grand Prix,french_grand_prix,2018,2018-06-24,97.6545,20,Closing,34.632999999999996,False,False,False,False
VER,Red Bull Racing,52,0 days 00:02:11.165000,0 days 00:00:35.075000,0 days 00:00:38.476000,0 days 00:00:57.614000,Soft,27,2,,,26,False,0 days 01:35:59.095000,131.165,35.075,38.476,57.614,5759.095,5751.491,23.6,55.2,966.3,False,39.8,149,1.2,False,True,False,FORMULA 1 PIRELLI GRAND PRIX DE FRANCE 2018,Le Castellet,France,,,Permanent,,,0.26741127587389935,0.2933404490527199,0.4392482750733809,1,False,French Grand Prix,french_grand_prix,2018,2018-06-24,97.19075,28,Closing,36.889999999999986,False,False,False,False
GRO,Haas F1 Team,51,0 days 00:02:13.726000,0 days 00:00:35.096000,0 days 00:00:40.169000,0 days 00:00:58.461000,SUPERSOFT,17,2,,,6,False,0 days 01:36:05.854000,133.726,35.096,40.169,58.461,5765.854,5751.491,23.6,55.2,966.3,False,39.8,149,1.2,False,True,False,FORMULA 1 PIRELLI GRAND PRIX DE FRANCE 2018,Le Castellet,France,,,Permanent,,,0.26244709331020144,0.30038287244066225,0.4371700342491363,1,False,French Grand Prix,french_grand_prix,2018,2018-06-24,99.38844444444445,18,Closing,38.031000000000006,False,False,False,False
RAI,Ferrari,52,0 days 00:02:11.515000,0 days 00:00:32.304000,0 days 00:00:39.400000,0 days 00:00:59.811000,SUPERSOFT,18,2,,,671,False,0 days 01:36:25.576000,131.515,32.304,39.4,59.811,5785.576,5811.506,23.7,55.2,966.3,False,39.9,0,1.2,False,True,False,FORMULA 1 PIRELLI GRAND PRIX DE FRANCE 2018,Le Castellet,France,,,Permanent,,,0.24562977607117062,0.29958559860092004,0.4547846253279094,1,False,French Grand Prix,french_grand_prix,2018,2018-06-24,97.97663157894738,19,Closing,37.11699999999999,False,False,False,False
VAN,McLaren,51,0 days 00:02:09.993000,0 days 00:00:32.363000,0 days 00:00:40.004000,0 days 00:00:57.626000,ULTRASOFT,11,2,,,6712,False,0 days 01:36:27.204000,129.993,32.363,40.004,57.626,5787.204,5811.506,23.7,55.2,966.3,False,39.9,0,1.2,False,True,False,FORMULA 1 PIRELLI GRAND PRIX DE FRANCE 2018,Le Castellet,France,,,Permanent,,,0.24895955936088868,0.3077396475194818,0.4433007931196295,1,False,French Grand Prix,french_grand_prix,2018,2018-06-24,101.21758333333332,12,Closing,33.318,False,False,False,False
RIC,Red Bull Racing,52,0 days 00:02:05.604000,0 days 00:00:32.001000,0 days 00:00:39.507000,0 days 00:00:54.096000,Soft,24,2,,,6712,False,0 days 01:36:32.796000,125.604,32.001,39.507,54.096,5792.796,5811.506,23.7,55.2,966.3,False,39.9,0,1.2,False,True,False,FORMULA 1 PIRELLI GRAND PRIX DE FRANCE 2018,Le Castellet,France,,,Permanent,,,0.2547769179325499,0.3145361612687494,0.43068692079870063,1,False,French Grand Prix,french_grand_prix,2018,2018-06-24,98.23812,25,Closing,30.221999999999994,False,False,False,False
ERI,Sauber,51,0 days 00:02:05.085000,0 days 00:00:33.172000,0 days 00:00:40.625000,0 days 00:00:51.288000,ULTRASOFT,16,2,,,6712,False,0 days 01:36:47.266000,125.085,33.172,40.625,51.288,5807.266,5811.506,23.7,55.2,966.3,False,39.9,0,1.2,False,True,False,FORMULA 1 PIRELLI GRAND PRIX DE FRANCE 2018,Le Castellet,France,,,Permanent,,,0.2651956669464764,0.32477915017787906,0.41002518287564454,1,False,French Grand Prix,french_grand_prix,2018,2018-06-24,100.82417647058823,17,Closing,28.590999999999994,False,False,False,False
HAR,Toro Rosso,51,0 days 00:02:03.018000,0 days 00:00:31.973000,0 days 00:00:40.744000,0 days 00:00:50.301000,SUPERSOFT,13,2,,,6712,False,0 days 01:36:49.993000,123.018,31.973,40.744,50.301,5809.993,5811.506,23.7,55.2,966.3,False,39.9,0,1.2,False,True,False,FORMULA 1 PIRELLI GRAND PRIX DE FRANCE 2018,Le Castellet,France,,,Permanent,,,0.25990505454486335,0.3312035637061243,0.40889138174901235,1,False,French Grand Prix,french_grand_prix,2018,2018-06-24,101.54314285714285,14,Closing,26.179000000000002,False,False,False,False
SIR,Williams,51,0 days 00:02:03.234000,0 days 00:00:33.737000,0 days 00:00:40.074000,0 days 00:00:49.423000,Soft,50,2,,,6712,False,0 days 01:36:58.493000,123.234,33.737,40.074,49.423,5818.493,5811.506,23.7,55.2,966.3,False,39.9,0,1.2,False,True,False,FORMULA 1 PIRELLI GRAND PRIX DE FRANCE 2018,Le Castellet,France,,,Permanent,,,0.2737637340344386,0.3251862310725936,0.40105003489296787,1,False,French Grand Prix,french_grand_prix,2018,2018-06-24,102.90366,50,Closing,24.933999999999997,False,False,False,False
VET,Ferrari,52,0 days 00:02:01.057000,0 days 00:00:34.457000,0 days 00:00:40.920000,0 days 00:00:45.680000,ULTRASOFT,15,3,,,6712,False,0 days 01:37:04.691000,121.057,34.457,40.92,45.68,5824.691,5811.506,23.7,55.2,966.3,False,39.9,0,1.2,False,True,False,FORMULA 1 PIRELLI GRAND PRIX DE FRANCE 2018,Le Castellet,France,,,Permanent,,,0.28463451101547205,0.33802258440238897,0.377342904582139,1,False,French Grand Prix,french_grand_prix,2018,2018-06-24,99.27138461538462,13,Closing,26.572000000000003,False,False,False,False
MAG,Haas F1 Team,52,0 days 00:01:52.823000,0 days 00:00:32.671000,0 days 00:00:36.890000,0 days 00:00:43.262000,Soft,24,2,,,6712,False,0 days 01:37:21.728000,112.823,32.671,36.89,43.262,5841.728,5871.537,23.9,54.0,966.4,False,40.1,1,0.5,False,True,False,FORMULA 1 PIRELLI GRAND PRIX DE FRANCE 2018,Le Castellet,France,,,Permanent,,,0.289577479769196,0.3269723372007481,0.38345018303005596,1,False,French Grand Prix,french_grand_prix,2018,2018-06-24,98.42219999999999,25,Closing,17.397999999999996,False,False,False,False
BOT,Mercedes,52,0 days 00:01:52.809000,0 days 00:00:33.111000,0 days 00:00:36.274000,0 days 00:00:43.424000,SUPERSOFT,13,3,,,6712,False,0 days 01:37:22.484000,112.809,33.111,36.274,43.424,5842.484,5871.537,23.9,54.0,966.4,False,40.1,1,0.5,False,True,False,FORMULA 1 PIRELLI GRAND PRIX DE FRANCE 2018,Le Castellet,France,,,Permanent,,,0.29351381538707016,0.3215523584111197,0.38493382620181016,1,False,French Grand Prix,french_grand_prix,2018,2018-06-24,98.9805,14,Closing,18.584000000000003,False,False,False,False
SAI,Renault,52,0 days 00:01:51.992000,0 days 00:00:32.276000,0 days 00:00:35.997000,0 days 00:00:43.719000,Soft,26,2,,,6712,False,0 days 01:37:26.785000,111.992,32.276,35.997,43.719,5846.785,5871.537,23.9,54.0,966.4,False,40.1,1,0.5,False,True,False,FORMULA 1 PIRELLI GRAND PRIX DE FRANCE 2018,Le Castellet,France,,,Permanent,,,0.28819915708264876,0.321424744624616,0.3903760982927352,1,False,French Grand Prix,french_grand_prix,2018,2018-06-24,98.70085185185184,27,Closing,16.354,False,False,False,False
HUL,Renault,52,0 days 00:01:47.741000,0 days 00:00:32.379000,0 days 00:00:32.384000,0 days 00:00:42.978000,ULTRASOFT,18,2,,,6712,False,0 days 01:37:33.272000,107.741,32.379,32.384,42.978,5853.272,5871.537,23.9,54.0,966.4,False,40.1,1,0.5,False,True,False,FORMULA 1 PIRELLI GRAND PRIX DE FRANCE 2018,Le Castellet,France,,,Permanent,,,0.3005262620543711,0.30057266964294,0.39890106830268884,1,False,French Grand Prix,french_grand_prix,2018,2018-06-24,99.32775,16,Closing,11.867999999999995,False,False,False,False
LEC,Sauber,52,0 days 00:01:46.338000,0 days 00:00:33.036000,0 days 00:00:30.419000,0 days 00:00:42.883000,SUPERSOFT,21,2,,,6712,False,0 days 01:37:35.468000,106.338,33.036,30.419,42.883,5855.468,5871.537,23.9,54.0,966.4,False,40.1,1,0.5,False,True,False,FORMULA 1 PIRELLI GRAND PRIX DE FRANCE 2018,Le Castellet,France,,,Permanent,,,0.31066975117079504,0.28605954597603866,0.40327070285316635,2,False,French Grand Prix,french_grand_prix,2018,2018-06-24,98.722,22,Closing,10.36099999999999,False,False,False,False
HAM,Mercedes,53,0 days 00:01:46.304000,0 days 00:00:32.912000,0 days 00:00:29.541000,0 days 00:00:43.851000,Soft,20,2,,,6712,False,0 days 01:37:38,106.304,32.912,29.541,43.851,5858.0,5871.537,23.9,54.0,966.4,False,40.1,1,0.5,False,True,False,FORMULA 1 PIRELLI GRAND PRIX DE FRANCE 2018,Le Castellet,France,,,Permanent,,,0.3096026490066225,0.27789170680313063,0.4125056441902468,2,False,French Grand Prix,french_grand_prix,2018,2018-06-24,97.6545,20,Closing,11.795000000000002,False,False,False,False
VER,Red Bull Racing,53,0 days 00:01:45.995000,0 days 00:00:32.944000,0 days 00:00:29.386000,0 days 00:00:43.665000,Soft,28,2,,,6712,False,0 days 01:37:45.090000,105.995,32.944,29.386,43.665,5865.09,5871.537,23.9,54.0,966.4,False,40.1,1,0.5,False,True,False,FORMULA 1 PIRELLI GRAND PRIX DE FRANCE 2018,Le Castellet,France,,,Permanent,,,0.31080711354309165,0.2772394924288881,0.41195339402802017,2,False,French Grand Prix,french_grand_prix,2018,2018-06-24,97.19075,28,Closing,11.719999999999999,False,False,False,False
GRO,Haas F1 Team,52,0 days 00:01:43.172000,0 days 00:00:30.578000,0 days 00:00:29.638000,0 days 00:00:42.956000,SUPERSOFT,18,2,,,6712,False,0 days 01:37:49.026000,103.172,30.578,29.638,42.956,5869.026,5871.537,23.9,54.0,966.4,False,40.1,1,0.5,False,True,False,FORMULA 1 PIRELLI GRAND PRIX DE FRANCE 2018,Le Castellet,France,,,Permanent,,,0.2963788624820688,0.2872678633737836,0.4163532741441477,2,False,French Grand Prix,french_grand_prix,2018,2018-06-24,99.38844444444445,18,Closing,7.477000000000004,False,False,False,False
RAI,Ferrari,53,0 days 00:01:38.312000,0 days 00:00:24.906000,0 days 00:00:29.261000,0 days 00:00:44.145000,SUPERSOFT,19,2,,,12,True,0 days 01:38:03.888000,98.312,24.906,29.261,44.145,5883.888,5871.537,23.9,54.0,966.4,False,40.1,1,0.5,False,True,False,FORMULA 1 PIRELLI GRAND PRIX DE FRANCE 2018,Le Castellet,France,,,Permanent,,,0.25333631703149156,0.29763406298315565,0.4490296199853528,1,False,French Grand Prix,french_grand_prix,2018,2018-06-24,97.97663157894738,19,Closing,3.9140000000000015,False,False,False,False
VAN,McLaren,52,0 days 00:01:37.982000,0 days 00:00:25.203000,0 days 00:00:29.372000,0 days 00:00:43.407000,ULTRASOFT,12,2,,,2,True,0 days 01:38:05.186000,97.982,25.203,29.372,43.407,5885.186,5871.537,23.9,54.0,966.4,False,40.1,1,0.5,False,True,False,FORMULA 1 PIRELLI GRAND PRIX DE FRANCE 2018,Le Castellet,France,,,Permanent,,,0.25722071400869545,0.2997693453899696,0.4430099406013349,1,False,French Grand Prix,french_grand_prix,2018,2018-06-24,101.21758333333332,12,Closing,1.3070000000000022,False,False,False,False
RIC,Red Bull Racing,53,0 days 00:01:39.940000,0 days 00:00:24.729000,0 days 00:00:29.890000,0 days 00:00:45.321000,Soft,25,2,,,2,True,0 days 01:38:12.736000,99.94,24.729,29.89,45.321,5892.736,5871.537,23.9,54.0,966.4,False,40.1,1,0.5,False,True,False,FORMULA 1 PIRELLI GRAND PRIX DE FRANCE 2018,Le Castellet,France,,,Permanent,,,0.2474384630778467,0.2990794476686012,0.4534820892535521,1,False,French Grand Prix,french_grand_prix,2018,2018-06-24,98.23812,25,Closing,4.557999999999993,False,False,False,False
ERI,Sauber,52,0 days 00:01:38.177000,0 days 00:00:24.450000,0 days 00:00:29.350000,0 days 00:00:44.377000,ULTRASOFT,17,2,,,2,True,0 days 01:38:25.443000,98.177,24.45,29.35,44.377,5905.443,5931.532,23.9,53.2,966.4,False,40.0,298,1.3,False,True,False,FORMULA 1 PIRELLI GRAND PRIX DE FRANCE 2018,Le Castellet,France,,,Permanent,,,0.24903999918514516,0.2989498558725567,0.4520101449422981,1,False,French Grand Prix,french_grand_prix,2018,2018-06-24,100.82417647058823,17,Closing,1.683000000000007,False,False,False,False
HAR,Toro Rosso,52,0 days 00:01:36.928000,0 days 00:00:24.212000,0 days 00:00:29.462000,0 days 00:00:43.254000,SUPERSOFT,14,2,,,2,True,0 days 01:38:26.921000,96.928,24.212,29.462,43.254,5906.921,5931.532,23.9,53.2,966.4,False,40.0,298,1.3,False,True,False,FORMULA 1 PIRELLI GRAND PRIX DE FRANCE 2018,Le Castellet,France,,,Permanent,,,0.24979366127434796,0.30395757675800594,0.44624876196764607,1,False,French Grand Prix,french_grand_prix,2018,2018-06-24,101.54314285714285,14,Closing,0.08899999999999864,False,False,False,False
SIR,Williams,52,0 days 00:01:40.198000,0 days 00:00:24.735000,0 days 00:00:30.119000,0 days 00:00:45.344000,Soft,51,2,,,2,True,0 days 01:38:38.691000,100.198,24.735,30.119,45.344,5918.691,5931.532,23.9,53.2,966.4,False,40.0,298,1.3,False,True,False,FORMULA 1 PIRELLI GRAND PRIX DE FRANCE 2018,Le Castellet,France,,,Permanent,,,0.2468612147947065,0.3005948222519412,0.4525439629533524,1,False,French Grand Prix,french_grand_prix,2018,2018-06-24,102.90366,50,Closing,1.8979999999999961,False,False,False,False
VET,Ferrari,53,0 days 00:01:35.239000,0 days 00:00:23.456000,0 days 00:00:28.568000,0 days 00:00:43.215000,ULTRASOFT,16,3,,,2,True,0 days 01:38:39.930000,95.239,23.456,28.568,43.215,5919.93,5931.532,23.9,53.2,966.4,False,40.0,298,1.3,False,True,False,FORMULA 1 PIRELLI GRAND PRIX DE FRANCE 2018,Le Castellet,France,,,Permanent,,,0.24628566028622725,0.2999611503690715,0.4537531893447012,1,False,French Grand Prix,french_grand_prix,2018,2018-06-24,99.27138461538462,13,Closing,0.7540000000000049,False,False,False,False
MAG,Haas F1 Team,53,0 days 00:01:35.636000,0 days 00:00:23.893000,0 days 00:00:29.190000,0 days 00:00:42.553000,Soft,25,2,,,2,True,0 days 01:38:57.364000,95.636,23.893,29.19,42.553,5937.364,5931.532,23.9,53.2,966.4,False,40.0,298,1.3,False,True,False,FORMULA 1 PIRELLI GRAND PRIX DE FRANCE 2018,Le Castellet,France,,,Permanent,,,0.24983269898364635,0.30521979171023467,0.44494750930611904,1,False,French Grand Prix,french_grand_prix,2018,2018-06-24,98.42219999999999,25,Closing,0.21099999999999852,False,False,False,False
BOT,Mercedes,53,0 days 00:01:36.111000,0 days 00:00:23.997000,0 days 00:00:28.967000,0 days 00:00:43.147000,SUPERSOFT,14,3,,,2,True,0 days 01:38:58.595000,96.111,23.997,28.967,43.147,5938.595,5931.532,23.9,53.2,966.4,False,40.0,298,1.3,False,True,False,FORMULA 1 PIRELLI GRAND PRIX DE FRANCE 2018,Le Castellet,France,,,Permanent,,,0.2496800574335924,0.3013910998741039,0.44892884269230365,1,False,French Grand Prix,french_grand_prix,2018,2018-06-24,98.9805,14,Closing,1.88600000000001,False,False,False,False
SAI,Renault,53,0 days 00:01:38.399000,0 days 00:00:24.544000,0 days 00:00:30.438000,0 days 00:00:43.417000,Soft,27,2,,,2,True,0 days 01:39:05.184000,98.399,24.544,30.438,43.417,5945.184,5931.532,23.9,53.2,966.4,False,40.0,298,1.3,False,True,False,FORMULA 1 PIRELLI GRAND PRIX DE FRANCE 2018,Le Castellet,France,,,Permanent,,,0.2494334292015163,0.3093324119147552,0.4412341588837285,1,False,French Grand Prix,french_grand_prix,2018,2018-06-24,98.70085185185184,27,Closing,2.7609999999999957,False,False,False,False
HUL,Renault,53,0 days 00:01:36.717000,0 days 00:00:23.843000,0 days 00:00:29.265000,0 days 00:00:43.609000,ULTRASOFT,19,2,,,2,True,0 days 01:39:09.989000,96.717,23.843,29.265,43.609,5949.989,5931.532,23.9,53.2,966.4,False,40.0,298,1.3,False,True,False,FORMULA 1 PIRELLI GRAND PRIX DE FRANCE 2018,Le Castellet,France,,,Permanent,,,0.24652336197359306,0.3025838270417817,0.45089281098462525,1,False,French Grand Prix,french_grand_prix,2018,2018-06-24,99.32775,16,Closing,0.8439999999999941,False,False,False,False
LEC,Sauber,53,0 days 00:01:36.405000,0 days 00:00:24.254000,0 days 00:00:29.297000,0 days 00:00:42.854000,SUPERSOFT,22,2,,,2,True,0 days 01:39:11.873000,96.405,24.254,29.297,42.854,5951.873,5931.532,23.9,53.2,966.4,False,40.0,298,1.3,False,True,False,FORMULA 1 PIRELLI GRAND PRIX DE FRANCE 2018,Le Castellet,France,,,Permanent,,,0.2515844613868575,0.3038950261915876,0.4445205124215549,1,False,French Grand Prix,french_grand_prix,2018,2018-06-24,98.722,22,Closing,0.42799999999999727,False,False,False,False
