Driver,Team,LapNumber,LapTime,Sector1Time,Sector2Time,Sector3Time,Compound,TyreLife,Stint,PitInTime,PitOutTime,TrackStatus,IsAccurate,Time,LapTimeSeconds,Sector1TimeSeconds,Sector2TimeSeconds,Sector3TimeSeconds,LapStartTime,WeatherTime,AirTemp,Humidity,Pressure,Rainfall,TrackTemp,WindDirection,WindSpeed,IsWetLap,IsDryLap,IsWetRace,CircuitName,CircuitShort,CircuitCountry,TrackLengthKM,AltitudeM,CircuitType,PitLap,PitDuration,Sector1Pct,Sector2Pct,Sector3Pct,BestSector,IsValidLap,GrandPrix,GP_Slug,SeasonYear,EventDate,AvgLapTime,StintLength,StintType,DeltaToFastestLap,IsSC,IsVSC,IsRedFlag,IsDNF
BOT,Mercedes,2,0 days 00:01:31.384000,0 days 00:00:29.088000,0 days 00:00:37.126000,0 days 00:00:25.170000,Medium,5,1,,,1,True,0 days 00:36:21.470000,91.384,29.088,37.126,25.17,2181.47,2191.19,24.9,59.9,1001.2,False,42.8,19,1.9,False,True,False,EMIRATES FORMULA 1 70TH ANNIVERSARY GRAND PRIX 2020,Silverstone,Great Britain,,,Permanent,,,0.31830517377221396,0.4062636785432898,0.2754311476844962,3,False,70th Anniversary Grand Prix,70th_anniversary_grand_prix,2020,2020-08-09,92.22483333333334,12,Opening,1.6189999999999998,False,False,False,True
HAM,Mercedes,2,0 days 00:01:31.440000,0 days 00:00:29.012000,0 days 00:00:37.233000,0 days 00:00:25.195000,Medium,5,1,,,1,True,0 days 00:36:22.527000,91.44,29.012,37.233,25.195,2182.527,2191.19,24.9,59.9,1001.2,False,42.8,19,1.9,False,True,False,EMIRATES FORMULA 1 70TH ANNIVERSARY GRAND PRIX 2020,Silverstone,Great Britain,,,Permanent,,,0.3172790901137358,0.4071850393700787,0.2755358705161855,3,False,70th Anniversary Grand Prix,70th_anniversary_grand_prix,2020,2020-08-09,92.33015384615383,13,Opening,2.9890000000000043,False,False,False,True
VER,Red Bull Racing,2,0 days 00:01:31.968000,0 days 00:00:29.202000,0 days 00:00:37.476000,0 days 00:00:25.290000,Hard,5,1,,,1,True,0 days 00:36:24.506000,91.968,29.202,37.476,25.29,2184.506,2191.19,24.9,59.9,1001.2,False,42.8,19,1.9,False,True,False,EMIRATES FORMULA 1 70TH ANNIVERSARY GRAND PRIX 2020,Silverstone,Great Britain,,,Permanent,,,0.3175234864300626,0.4074895615866388,0.27498695198329853,3,False,70th Anniversary Grand Prix,70th_anniversary_grand_prix,2020,2020-08-09,91.91712,25,Opening,2.503,False,False,False,True
HUL,Racing Point,2,0 days 00:01:32.833000,0 days 00:00:29.231000,0 days 00:00:38.213000,0 days 00:00:25.389000,Medium,5,1,,,1,True,0 days 00:36:26.211000,92.833,29.231,38.213,25.389,2186.211,2191.19,24.9,59.9,1001.2,False,42.8,19,1.9,False,True,False,EMIRATES FORMULA 1 70TH ANNIVERSARY GRAND PRIX 2020,Silverstone,Great Britain,,,Permanent,,,0.3148772527010869,0.41163163961091426,0.2734911076879989,3,False,70th Anniversary Grand Prix,70th_anniversary_grand_prix,2020,2020-08-09,92.79464285714286,14,Opening,2.745999999999995,False,False,False,True
STR,Racing Point,2,0 days 00:01:33.220000,0 days 00:00:29.485000,0 days 00:00:37.919000,0 days 00:00:25.816000,Medium,5,1,,,1,True,0 days 00:36:27.334000,93.22,29.485,37.919,25.816,2187.334,2191.19,24.9,59.9,1001.2,False,42.8,19,1.9,False,True,False,EMIRATES FORMULA 1 70TH ANNIVERSARY GRAND PRIX 2020,Silverstone,Great Britain,,,Permanent,,,0.31629478652649645,0.40676893370521344,0.27693627976829005,3,False,70th Anniversary Grand Prix,70th_anniversary_grand_prix,2020,2020-08-09,92.76941176470588,17,Opening,2.840999999999994,False,False,False,True
RIC,Renault,2,0 days 00:01:33.776000,0 days 00:00:29.474000,0 days 00:00:38.530000,0 days 00:00:25.772000,Medium,5,1,,,1,True,0 days 00:36:28.702000,93.776,29.474,38.53,25.772,2188.702,2191.19,24.9,59.9,1001.2,False,42.8,19,1.9,False,True,False,EMIRATES FORMULA 1 70TH ANNIVERSARY GRAND PRIX 2020,Silverstone,Great Britain,,,Permanent,,,0.3143021668657226,0.4108727179662174,0.2748251151680601,3,False,70th Anniversary Grand Prix,70th_anniversary_grand_prix,2020,2020-08-09,93.07984615384615,13,Opening,2.60799999999999,False,False,False,True
GAS,AlphaTauri,2,0 days 00:01:33.873000,0 days 00:00:29.549000,0 days 00:00:38.408000,0 days 00:00:25.916000,Medium,5,1,,,1,True,0 days 00:36:29.556000,93.873,29.549,38.408,25.916,2189.556,2191.19,24.9,59.9,1001.2,False,42.8,19,1.9,False,True,False,EMIRATES FORMULA 1 70TH ANNIVERSARY GRAND PRIX 2020,Silverstone,Great Britain,,,Permanent,,,0.31477634676637584,0.409148530461368,0.2760751227722561,3,False,70th Anniversary Grand Prix,70th_anniversary_grand_prix,2020,2020-08-09,93.38983333333334,6,Opening,3.781000000000006,False,False,False,True
NOR,McLaren,2,0 days 00:01:33.816000,0 days 00:00:29.442000,0 days 00:00:38.468000,0 days 00:00:25.906000,Medium,5,1,,,1,True,0 days 00:36:30.507000,93.816,29.442,38.468,25.906,2190.507,2191.19,24.9,59.9,1001.2,False,42.8,19,1.9,False,True,False,EMIRATES FORMULA 1 70TH ANNIVERSARY GRAND PRIX 2020,Silverstone,Great Britain,,,Permanent,,,0.313827065745715,0.4100366675193997,0.2761362667348853,3,False,70th Anniversary Grand Prix,70th_anniversary_grand_prix,2020,2020-08-09,93.30290909090908,11,Opening,3.118000000000009,False,False,False,True
ALB,Red Bull Racing,2,0 days 00:01:34.083000,0 days 00:00:29.450000,0 days 00:00:38.533000,0 days 00:00:26.100000,Medium,5,1,,,1,True,0 days 00:36:31.242000,94.083,29.45,38.533,26.1,2191.242,2191.19,24.9,59.9,1001.2,False,42.8,19,1.9,False,True,False,EMIRATES FORMULA 1 70TH ANNIVERSARY GRAND PRIX 2020,Silverstone,Great Britain,,,Permanent,,,0.31302148103270516,0.40956389570910795,0.27741462325818694,3,False,70th Anniversary Grand Prix,70th_anniversary_grand_prix,2020,2020-08-09,93.6508,5,Opening,4.6059999999999945,False,False,False,True
LEC,Ferrari,2,0 days 00:01:34.324000,0 days 00:00:29.430000,0 days 00:00:38.943000,0 days 00:00:25.951000,Medium,5,1,,,1,True,0 days 00:36:32.020000,94.324,29.43,38.943,25.951,2192.02,2191.19,24.9,59.9,1001.2,False,42.8,19,1.9,False,True,False,EMIRATES FORMULA 1 70TH ANNIVERSARY GRAND PRIX 2020,Silverstone,Great Britain,,,Permanent,,,0.3120096688011535,0.4128641703066028,0.2751261608922438,3,False,70th Anniversary Grand Prix,70th_anniversary_grand_prix,2020,2020-08-09,93.06276470588236,17,Opening,3.7719999999999914,False,False,False,True
SAI,McLaren,2,0 days 00:01:34.759000,0 days 00:00:29.697000,0 days 00:00:38.894000,0 days 00:00:26.168000,Hard,2,1,,,1,True,0 days 00:36:32.995000,94.759,29.697,38.894,26.168,2192.995,2191.19,24.9,59.9,1001.2,False,42.8,19,1.9,False,True,False,EMIRATES FORMULA 1 70TH ANNIVERSARY GRAND PRIX 2020,Silverstone,Great Britain,,,Permanent,,,0.3133950337171139,0.41045177766755664,0.2761531886153294,3,False,70th Anniversary Grand Prix,70th_anniversary_grand_prix,2020,2020-08-09,93.28190476190477,21,Opening,4.203000000000003,False,False,False,True
OCO,Renault,2,0 days 00:01:35.198000,0 days 00:00:29.768000,0 days 00:00:39.125000,0 days 00:00:26.305000,Medium,2,1,,,1,True,0 days 00:36:33.933000,95.198,29.768,39.125,26.305,2193.933,2191.19,24.9,59.9,1001.2,False,42.8,19,1.9,False,True,False,EMIRATES FORMULA 1 70TH ANNIVERSARY GRAND PRIX 2020,Silverstone,Great Britain,,,Permanent,,,0.3126956448664888,0.41098552490598544,0.2763188302275258,3,False,70th Anniversary Grand Prix,70th_anniversary_grand_prix,2020,2020-08-09,93.52709523809524,21,Opening,4.6229999999999905,False,False,False,True
MAG,Haas F1 Team,2,0 days 00:01:35.587000,0 days 00:00:29.938000,0 days 00:00:39.332000,0 days 00:00:26.317000,Medium,2,1,,,1,True,0 days 00:36:34.785000,95.587,29.938,39.332,26.317,2194.785,2191.19,24.9,59.9,1001.2,False,42.8,19,1.9,False,True,False,EMIRATES FORMULA 1 70TH ANNIVERSARY GRAND PRIX 2020,Silverstone,Great Britain,,,Permanent,,,0.31320158598972664,0.4114785483381631,0.2753198656721102,3,False,70th Anniversary Grand Prix,70th_anniversary_grand_prix,2020,2020-08-09,94.82125,8,Opening,3.757000000000005,False,False,False,True
KVY,AlphaTauri,2,0 days 00:01:35.284000,0 days 00:00:29.621000,0 days 00:00:39.392000,0 days 00:00:26.271000,Hard,2,1,,,1,True,0 days 00:36:35.132000,95.284,29.621,39.392,26.271,2195.132,2191.19,24.9,59.9,1001.2,False,42.8,19,1.9,False,True,False,EMIRATES FORMULA 1 70TH ANNIVERSARY GRAND PRIX 2020,Silverstone,Great Britain,,,Permanent,,,0.31087066034171523,0.4134167331346291,0.2757126065236556,3,False,70th Anniversary Grand Prix,70th_anniversary_grand_prix,2020,2020-08-09,93.7025,18,Opening,4.5460000000000065,False,False,False,True
GIO,Alfa Romeo Racing,2,0 days 00:01:35.129000,0 days 00:00:29.855000,0 days 00:00:39.159000,0 days 00:00:26.115000,Medium,2,1,,,1,True,0 days 00:36:35.975000,95.129,29.855,39.159,26.115,2195.975,2191.19,24.9,59.9,1001.2,False,42.8,19,1.9,False,True,False,EMIRATES FORMULA 1 70TH ANNIVERSARY GRAND PRIX 2020,Silverstone,Great Britain,,,Permanent,,,0.3138370002838251,0.4116410348053695,0.27452196491080527,3,False,70th Anniversary Grand Prix,70th_anniversary_grand_prix,2020,2020-08-09,94.87983333333334,6,Opening,3.3030000000000115,False,False,False,True
GRO,Haas F1 Team,2,0 days 00:01:35.593000,0 days 00:00:30.217000,0 days 00:00:39.154000,0 days 00:00:26.222000,Medium,5,1,,,1,True,0 days 00:36:36.609000,95.593,30.217,39.154,26.222,2196.609,2191.19,24.9,59.9,1001.2,False,42.8,19,1.9,False,True,False,EMIRATES FORMULA 1 70TH ANNIVERSARY GRAND PRIX 2020,Silverstone,Great Britain,,,Permanent,,,0.31610055129559694,0.4095906604040045,0.27430878830039856,3,False,70th Anniversary Grand Prix,70th_anniversary_grand_prix,2020,2020-08-09,94.1241875,16,Opening,4.799999999999997,False,False,False,True
RUS,Williams,2,0 days 00:01:35.891000,0 days 00:00:30.430000,0 days 00:00:39.242000,0 days 00:00:26.219000,Medium,2,1,,,1,True,0 days 00:36:37.160000,95.891,30.43,39.242,26.219,2197.16,2191.19,24.9,59.9,1001.2,False,42.8,19,1.9,False,True,False,EMIRATES FORMULA 1 70TH ANNIVERSARY GRAND PRIX 2020,Silverstone,Great Britain,,,Permanent,,,0.31733947920034206,0.4092354861248709,0.273425034674787,3,False,70th Anniversary Grand Prix,70th_anniversary_grand_prix,2020,2020-08-09,94.84400000000001,7,Opening,4.483000000000004,False,False,False,True
RAI,Alfa Romeo Racing,2,0 days 00:01:35.215000,0 days 00:00:30.096000,0 days 00:00:39.082000,0 days 00:00:26.037000,Hard,2,1,,,1,True,0 days 00:36:37.696000,95.215,30.096,39.082,26.037,2197.696,2191.19,24.9,59.9,1001.2,False,42.8,19,1.9,False,True,False,EMIRATES FORMULA 1 70TH ANNIVERSARY GRAND PRIX 2020,Silverstone,Great Britain,,,Permanent,,,0.316084650527753,0.4104605366801449,0.27345481279210204,3,False,70th Anniversary Grand Prix,70th_anniversary_grand_prix,2020,2020-08-09,94.26747999999999,25,Opening,3.459000000000003,False,False,False,True
VET,Ferrari,2,0 days 00:01:35.237000,0 days 00:00:29.738000,0 days 00:00:39.542000,0 days 00:00:25.957000,Hard,3,1,,,1,True,0 days 00:36:38.321000,95.237,29.738,39.542,25.957,2198.321,2191.19,24.9,59.9,1001.2,False,42.8,19,1.9,False,True,False,EMIRATES FORMULA 1 70TH ANNIVERSARY GRAND PRIX 2020,Silverstone,Great Britain,,,Permanent,,,0.3122525909047954,0.4151957747514097,0.272551634343795,3,False,70th Anniversary Grand Prix,70th_anniversary_grand_prix,2020,2020-08-09,93.5247619047619,21,Opening,4.451999999999998,False,False,False,True
LAT,Williams,2,0 days 00:01:37.405000,0 days 00:00:30.242000,0 days 00:00:40.825000,0 days 00:00:26.338000,Medium,2,1,,,1,True,0 days 00:36:39.644000,97.405,30.242,40.825,26.338,2199.644,2191.19,24.9,59.9,1001.2,False,42.8,19,1.9,False,True,False,EMIRATES FORMULA 1 70TH ANNIVERSARY GRAND PRIX 2020,Silverstone,Great Britain,,,Permanent,,,0.31047687490375236,0.41912632821723733,0.2703967968790103,3,False,70th Anniversary Grand Prix,70th_anniversary_grand_prix,2020,2020-08-09,94.87025,8,Opening,7.454999999999998,False,False,False,True
BOT,Mercedes,3,0 days 00:01:31.656000,0 days 00:00:29.020000,0 days 00:00:37.409000,0 days 00:00:25.227000,Medium,6,1,,,1,True,0 days 00:37:53.126000,91.656,29.02,37.409,25.227,2273.126,2250.077,24.9,59.9,1001.1,False,43.0,66,1.9,False,True,False,EMIRATES FORMULA 1 70TH ANNIVERSARY GRAND PRIX 2020,Silverstone,Great Britain,,,Permanent,,,0.3166186610805621,0.40814567513310634,0.27523566378633146,3,False,70th Anniversary Grand Prix,70th_anniversary_grand_prix,2020,2020-08-09,92.22483333333334,12,Opening,1.8910000000000053,False,False,False,True
HAM,Mercedes,3,0 days 00:01:31.448000,0 days 00:00:28.793000,0 days 00:00:37.461000,0 days 00:00:25.194000,Medium,6,1,,,1,True,0 days 00:37:53.975000,91.448,28.793,37.461,25.194,2273.975,2250.077,24.9,59.9,1001.1,False,43.0,66,1.9,False,True,False,EMIRATES FORMULA 1 70TH ANNIVERSARY GRAND PRIX 2020,Silverstone,Great Britain,,,Permanent,,,0.31485653048727147,0.40964263843933163,0.2755008310733969,3,False,70th Anniversary Grand Prix,70th_anniversary_grand_prix,2020,2020-08-09,92.33015384615383,13,Opening,2.997,False,False,False,True
VER,Red Bull Racing,3,0 days 00:01:31.972000,0 days 00:00:29.072000,0 days 00:00:37.527000,0 days 00:00:25.373000,Hard,6,1,,,1,True,0 days 00:37:56.478000,91.972,29.072,37.527,25.373,2276.478,2250.077,24.9,59.9,1001.1,False,43.0,66,1.9,False,True,False,EMIRATES FORMULA 1 70TH ANNIVERSARY GRAND PRIX 2020,Silverstone,Great Britain,,,Permanent,,,0.31609620319227594,0.40802635584743185,0.2758774409602923,3,False,70th Anniversary Grand Prix,70th_anniversary_grand_prix,2020,2020-08-09,91.91712,25,Opening,2.506999999999991,False,False,False,True
HUL,Racing Point,3,0 days 00:01:32.482000,0 days 00:00:29.091000,0 days 00:00:37.899000,0 days 00:00:25.492000,Medium,6,1,,,1,True,0 days 00:37:58.693000,92.482,29.091,37.899,25.492,2278.693,2250.077,24.9,59.9,1001.1,False,43.0,66,1.9,False,True,False,EMIRATES FORMULA 1 70TH ANNIVERSARY GRAND PRIX 2020,Silverstone,Great Britain,,,Permanent,,,0.3145585086827707,0.40979866352371275,0.27564282779351656,3,False,70th Anniversary Grand Prix,70th_anniversary_grand_prix,2020,2020-08-09,92.79464285714286,14,Opening,2.394999999999996,False,False,False,True
STR,Racing Point,3,0 days 00:01:32.868000,0 days 00:00:29.412000,0 days 00:00:37.868000,0 days 00:00:25.588000,Medium,6,1,,,1,True,0 days 00:38:00.202000,92.868,29.412,37.868,25.588,2280.202,2310.089,24.9,59.4,1001.0,False,43.1,295,2.0,False,True,False,EMIRATES FORMULA 1 70TH ANNIVERSARY GRAND PRIX 2020,Silverstone,Great Britain,,,Permanent,,,0.3167075849592971,0.40776155403368225,0.27553086100702073,3,False,70th Anniversary Grand Prix,70th_anniversary_grand_prix,2020,2020-08-09,92.76941176470588,17,Opening,2.48899999999999,False,False,False,True
RIC,Renault,3,0 days 00:01:33.179000,0 days 00:00:29.326000,0 days 00:00:38.308000,0 days 00:00:25.545000,Medium,6,1,,,1,True,0 days 00:38:01.881000,93.179,29.326,38.308,25.545,2281.881,2310.089,24.9,59.4,1001.0,False,43.1,295,2.0,False,True,False,EMIRATES FORMULA 1 70TH ANNIVERSARY GRAND PRIX 2020,Silverstone,Great Britain,,,Permanent,,,0.3147275673703302,0.41112267785659856,0.2741497547730712,3,False,70th Anniversary Grand Prix,70th_anniversary_grand_prix,2020,2020-08-09,93.07984615384615,13,Opening,2.0109999999999957,False,False,False,True
GAS,AlphaTauri,3,0 days 00:01:33.235000,0 days 00:00:29.278000,0 days 00:00:38.427000,0 days 00:00:25.530000,Medium,6,1,,,1,True,0 days 00:38:02.791000,93.235,29.278,38.427,25.53,2282.791,2310.089,24.9,59.4,1001.0,False,43.1,295,2.0,False,True,False,EMIRATES FORMULA 1 70TH ANNIVERSARY GRAND PRIX 2020,Silverstone,Great Britain,,,Permanent,,,0.31402370354480613,0.41215208880785115,0.2738242076473428,3,False,70th Anniversary Grand Prix,70th_anniversary_grand_prix,2020,2020-08-09,93.38983333333334,6,Opening,3.1430000000000007,False,False,False,True
NOR,McLaren,3,0 days 00:01:33.862000,0 days 00:00:29.312000,0 days 00:00:38.710000,0 days 00:00:25.840000,Medium,6,1,,,1,True,0 days 00:38:04.369000,93.862,29.312,38.71,25.84,2284.369,2310.089,24.9,59.4,1001.0,False,43.1,295,2.0,False,True,False,EMIRATES FORMULA 1 70TH ANNIVERSARY GRAND PRIX 2020,Silverstone,Great Britain,,,Permanent,,,0.312288252967122,0.41241396944450365,0.2752977775883744,3,False,70th Anniversary Grand Prix,70th_anniversary_grand_prix,2020,2020-08-09,93.30290909090908,11,Opening,3.1640000000000015,False,False,False,True
ALB,Red Bull Racing,3,0 days 00:01:33.802000,0 days 00:00:29.262000,0 days 00:00:38.684000,0 days 00:00:25.856000,Medium,6,1,,,1,True,0 days 00:38:05.044000,93.802,29.262,38.684,25.856,2285.044,2310.089,24.9,59.4,1001.0,False,43.1,295,2.0,False,True,False,EMIRATES FORMULA 1 70TH ANNIVERSARY GRAND PRIX 2020,Silverstone,Great Britain,,,Permanent,,,0.3119549689772073,0.41240058847359323,0.2756444425491994,3,False,70th Anniversary Grand Prix,70th_anniversary_grand_prix,2020,2020-08-09,93.6508,5,Opening,4.325000000000003,False,False,False,True
LEC,Ferrari,3,0 days 00:01:33.930000,0 days 00:00:29.011000,0 days 00:00:38.952000,0 days 00:00:25.967000,Medium,6,1,,,1,True,0 days 00:38:05.950000,93.93,29.011,38.952,25.967,2285.95,2310.089,24.9,59.4,1001.0,False,43.1,295,2.0,False,True,False,EMIRATES FORMULA 1 70TH ANNIVERSARY GRAND PRIX 2020,Silverstone,Great Britain,,,Permanent,,,0.3088576599595443,0.41469179175982107,0.2764505482806345,3,False,70th Anniversary Grand Prix,70th_anniversary_grand_prix,2020,2020-08-09,93.06276470588236,17,Opening,3.378,False,False,False,True
SAI,McLaren,3,0 days 00:01:34.115000,0 days 00:00:29.462000,0 days 00:00:38.441000,0 days 00:00:26.212000,Hard,3,1,,,1,True,0 days 00:38:07.110000,94.115,29.462,38.441,26.212,2287.11,2310.089,24.9,59.4,1001.0,False,43.1,295,2.0,False,True,False,EMIRATES FORMULA 1 70TH ANNIVERSARY GRAND PRIX 2020,Silverstone,Great Britain,,,Permanent,,,0.3130425543218403,0.40844711257504124,0.2785103331031185,3,False,70th Anniversary Grand Prix,70th_anniversary_grand_prix,2020,2020-08-09,93.28190476190477,21,Opening,3.5589999999999975,False,False,False,True
OCO,Renault,3,0 days 00:01:34.245000,0 days 00:00:29.453000,0 days 00:00:38.710000,0 days 00:00:26.082000,Medium,3,1,,,1,True,0 days 00:38:08.178000,94.245,29.453,38.71,26.082,2288.178,2310.089,24.9,59.4,1001.0,False,43.1,295,2.0,False,True,False,EMIRATES FORMULA 1 70TH ANNIVERSARY GRAND PRIX 2020,Silverstone,Great Britain,,,Permanent,,,0.3125152527985569,0.41073797018409464,0.2767467770173484,3,False,70th Anniversary Grand Prix,70th_anniversary_grand_prix,2020,2020-08-09,93.52709523809524,21,Opening,3.6700000000000017,False,False,False,True
KVY,AlphaTauri,3,0 days 00:01:35.300000,0 days 00:00:29.661000,0 days 00:00:39.796000,0 days 00:00:25.843000,Hard,3,1,,,1,True,0 days 00:38:10.432000,95.3,29.661,39.796,25.843,2290.432,2310.089,24.9,59.4,1001.0,False,43.1,295,2.0,False,True,False,EMIRATES FORMULA 1 70TH ANNIVERSARY GRAND PRIX 2020,Silverstone,Great Britain,,,Permanent,,,0.3112381951731375,0.4175865687303253,0.27117523609653726,3,False,70th Anniversary Grand Prix,70th_anniversary_grand_prix,2020,2020-08-09,93.7025,18,Opening,4.561999999999998,False,False,False,True
MAG,Haas F1 Team,3,0 days 00:01:36.360000,0 days 00:00:29.471000,0 days 00:00:39.855000,0 days 00:00:27.034000,Medium,3,1,,,1,True,0 days 00:38:11.145000,96.36,29.471,39.855,27.034,2291.145,2310.089,24.9,59.4,1001.0,False,43.1,295,2.0,False,True,False,EMIRATES FORMULA 1 70TH ANNIVERSARY GRAND PRIX 2020,Silverstone,Great Britain,,,Permanent,,,0.30584267330842674,0.4136052303860523,0.28055209630552097,3,False,70th Anniversary Grand Prix,70th_anniversary_grand_prix,2020,2020-08-09,94.82125,8,Opening,4.530000000000001,False,False,False,True
GIO,Alfa Romeo Racing,3,0 days 00:01:35.541000,0 days 00:00:29.466000,0 days 00:00:39.746000,0 days 00:00:26.329000,Medium,3,1,,,1,True,0 days 00:38:11.516000,95.541,29.466,39.746,26.329,2291.516,2310.089,24.9,59.4,1001.0,False,43.1,295,2.0,False,True,False,EMIRATES FORMULA 1 70TH ANNIVERSARY GRAND PRIX 2020,Silverstone,Great Britain,,,Permanent,,,0.3084120953308004,0.4160098805748318,0.2755780240943679,3,False,70th Anniversary Grand Prix,70th_anniversary_grand_prix,2020,2020-08-09,94.87983333333334,6,Opening,3.7150000000000034,False,False,False,True
GRO,Haas F1 Team,3,0 days 00:01:35.375000,0 days 00:00:29.354000,0 days 00:00:39.646000,0 days 00:00:26.375000,Medium,6,1,,,1,True,0 days 00:38:11.984000,95.375,29.354,39.646,26.375,2291.984,2310.089,24.9,59.4,1001.0,False,43.1,295,2.0,False,True,False,EMIRATES FORMULA 1 70TH ANNIVERSARY GRAND PRIX 2020,Silverstone,Great Britain,,,Permanent,,,0.3077745740498034,0.4156854521625164,0.2765399737876802,3,False,70th Anniversary Grand Prix,70th_anniversary_grand_prix,2020,2020-08-09,94.1241875,16,Opening,4.581999999999994,False,False,False,True
RUS,Williams,3,0 days 00:01:35.156000,0 days 00:00:29.553000,0 days 00:00:39.384000,0 days 00:00:26.219000,Medium,3,1,,,1,True,0 days 00:38:12.316000,95.156,29.553,39.384,26.219,2292.316,2310.089,24.9,59.4,1001.0,False,43.1,295,2.0,False,True,False,EMIRATES FORMULA 1 70TH ANNIVERSARY GRAND PRIX 2020,Silverstone,Great Britain,,,Permanent,,,0.310574214973307,0.41388877212156877,0.2755370129051242,3,False,70th Anniversary Grand Prix,70th_anniversary_grand_prix,2020,2020-08-09,94.84400000000001,7,Opening,3.7480000000000047,False,False,False,True
RAI,Alfa Romeo Racing,3,0 days 00:01:35.089000,0 days 00:00:29.445000,0 days 00:00:39.567000,0 days 00:00:26.077000,Hard,3,1,,,1,True,0 days 00:38:12.785000,95.089,29.445,39.567,26.077,2292.785,2310.089,24.9,59.4,1001.0,False,43.1,295,2.0,False,True,False,EMIRATES FORMULA 1 70TH ANNIVERSARY GRAND PRIX 2020,Silverstone,Great Britain,,,Permanent,,,0.3096572684537644,0.4161049122401119,0.27423781930612373,3,False,70th Anniversary Grand Prix,70th_anniversary_grand_prix,2020,2020-08-09,94.26747999999999,25,Opening,3.3329999999999984,False,False,False,True
VET,Ferrari,3,0 days 00:01:35.024000,0 days 00:00:29.299000,0 days 00:00:39.458000,0 days 00:00:26.267000,Hard,4,1,,,1,True,0 days 00:38:13.345000,95.024,29.299,39.458,26.267,2293.345,2310.089,24.9,59.4,1001.0,False,43.1,295,2.0,False,True,False,EMIRATES FORMULA 1 70TH ANNIVERSARY GRAND PRIX 2020,Silverstone,Great Britain,,,Permanent,,,0.3083326317561879,0.4152424650614581,0.2764249031823539,3,False,70th Anniversary Grand Prix,70th_anniversary_grand_prix,2020,2020-08-09,93.5247619047619,21,Opening,4.239000000000004,False,False,False,True
LAT,Williams,3,0 days 00:01:34.869000,0 days 00:00:29.631000,0 days 00:00:38.834000,0 days 00:00:26.404000,Medium,3,1,,,1,True,0 days 00:38:14.513000,94.869,29.631,38.834,26.404,2294.513,2310.089,24.9,59.4,1001.0,False,43.1,295,2.0,False,True,False,EMIRATES FORMULA 1 70TH ANNIVERSARY GRAND PRIX 2020,Silverstone,Great Britain,,,Permanent,,,0.3123359580052493,0.40934341038695465,0.278320631607796,3,False,70th Anniversary Grand Prix,70th_anniversary_grand_prix,2020,2020-08-09,94.87025,8,Opening,4.918999999999997,False,False,False,True
BOT,Mercedes,4,0 days 00:01:31.562000,0 days 00:00:29.049000,0 days 00:00:37.241000,0 days 00:00:25.272000,Medium,7,1,,,1,True,0 days 00:39:24.688000,91.562,29.049,37.241,25.272,2364.688,2370.085,24.9,59.8,1001.0,False,43.0,11,1.9,False,True,False,EMIRATES FORMULA 1 70TH ANNIVERSARY GRAND PRIX 2020,Silverstone,Great Britain,,,Permanent,,,0.3172604355518665,0.4067298661016579,0.2760096983464756,3,False,70th Anniversary Grand Prix,70th_anniversary_grand_prix,2020,2020-08-09,92.22483333333334,12,Opening,1.796999999999997,False,False,False,True
HAM,Mercedes,4,0 days 00:01:31.859000,0 days 00:00:29.019000,0 days 00:00:37.573000,0 days 00:00:25.267000,Medium,7,1,,,1,True,0 days 00:39:25.834000,91.859,29.019,37.573,25.267,2365.834,2370.085,24.9,59.8,1001.0,False,43.0,11,1.9,False,True,False,EMIRATES FORMULA 1 70TH ANNIVERSARY GRAND PRIX 2020,Silverstone,Great Britain,,,Permanent,,,0.31590807650856206,0.40902905540012413,0.27506286809131386,3,False,70th Anniversary Grand Prix,70th_anniversary_grand_prix,2020,2020-08-09,92.33015384615383,13,Opening,3.4080000000000013,False,False,False,True
VER,Red Bull Racing,4,0 days 00:01:32.125000,0 days 00:00:29.030000,0 days 00:00:37.655000,0 days 00:00:25.440000,Hard,7,1,,,1,True,0 days 00:39:28.603000,92.125,29.03,37.655,25.44,2368.603,2370.085,24.9,59.8,1001.0,False,43.0,11,1.9,False,True,False,EMIRATES FORMULA 1 70TH ANNIVERSARY GRAND PRIX 2020,Silverstone,Great Britain,,,Permanent,,,0.31511533242876527,0.4087381275440977,0.27614654002713707,3,False,70th Anniversary Grand Prix,70th_anniversary_grand_prix,2020,2020-08-09,91.91712,25,Opening,2.6599999999999966,False,False,False,True
HUL,Racing Point,4,0 days 00:01:33.226000,0 days 00:00:29.313000,0 days 00:00:38.116000,0 days 00:00:25.797000,Medium,7,1,,,1,True,0 days 00:39:31.919000,93.226,29.313,38.116,25.797,2371.919,2370.085,24.9,59.8,1001.0,False,43.0,11,1.9,False,True,False,EMIRATES FORMULA 1 70TH ANNIVERSARY GRAND PRIX 2020,Silverstone,Great Britain,,,Permanent,,,0.31442945101152037,0.40885589856906873,0.2767146504194109,3,False,70th Anniversary Grand Prix,70th_anniversary_grand_prix,2020,2020-08-09,92.79464285714286,14,Opening,3.138999999999996,False,False,False,True
STR,Racing Point,4,0 days 00:01:33.207000,0 days 00:00:29.481000,0 days 00:00:37.775000,0 days 00:00:25.951000,Medium,7,1,,,1,True,0 days 00:39:33.409000,93.207,29.481,37.775,25.951,2373.409,2370.085,24.9,59.8,1001.0,False,43.0,11,1.9,False,True,False,EMIRATES FORMULA 1 70TH ANNIVERSARY GRAND PRIX 2020,Silverstone,Great Britain,,,Permanent,,,0.31629598635295636,0.4052807192592831,0.2784232943877606,3,False,70th Anniversary Grand Prix,70th_anniversary_grand_prix,2020,2020-08-09,92.76941176470588,17,Opening,2.8279999999999887,False,False,False,True
RIC,Renault,4,0 days 00:01:33.440000,0 days 00:00:29.274000,0 days 00:00:38.427000,0 days 00:00:25.739000,Medium,7,1,,,1,True,0 days 00:39:35.321000,93.44,29.274,38.427,25.739,2375.321,2370.085,24.9,59.8,1001.0,False,43.0,11,1.9,False,True,False,EMIRATES FORMULA 1 70TH ANNIVERSARY GRAND PRIX 2020,Silverstone,Great Britain,,,Permanent,,,0.31329195205479454,0.4112478595890411,0.2754601883561644,3,False,70th Anniversary Grand Prix,70th_anniversary_grand_prix,2020,2020-08-09,93.07984615384615,13,Opening,2.2719999999999914,False,False,False,True
GAS,AlphaTauri,4,0 days 00:01:33.557000,0 days 00:00:29.173000,0 days 00:00:38.504000,0 days 00:00:25.880000,Medium,7,1,,,1,True,0 days 00:39:36.348000,93.557,29.173,38.504,25.88,2376.348,2370.085,24.9,59.8,1001.0,False,43.0,11,1.9,False,True,False,EMIRATES FORMULA 1 70TH ANNIVERSARY GRAND PRIX 2020,Silverstone,Great Britain,,,Permanent,,,0.3118206013446348,0.41155659116901994,0.2766228074863452,3,False,70th Anniversary Grand Prix,70th_anniversary_grand_prix,2020,2020-08-09,93.38983333333334,6,Opening,3.4650000000000034,False,False,False,True
NOR,McLaren,4,0 days 00:01:33.357000,0 days 00:00:29.245000,0 days 00:00:38.055000,0 days 00:00:26.057000,Medium,7,1,,,1,True,0 days 00:39:37.726000,93.357,29.245,38.055,26.057,2377.726,2370.085,24.9,59.8,1001.0,False,43.0,11,1.9,False,True,False,EMIRATES FORMULA 1 70TH ANNIVERSARY GRAND PRIX 2020,Silverstone,Great Britain,,,Permanent,,,0.3132598519661086,0.4076287798451107,0.2791113681887807,3,False,70th Anniversary Grand Prix,70th_anniversary_grand_prix,2020,2020-08-09,93.30290909090908,11,Opening,2.659000000000006,False,False,False,True
ALB,Red Bull Racing,4,0 days 00:01:33.617000,0 days 00:00:29.175000,0 days 00:00:38.397000,0 days 00:00:26.045000,Medium,7,1,,,1,True,0 days 00:39:38.661000,93.617,29.175,38.397,26.045,2378.661,2370.085,24.9,59.8,1001.0,False,43.0,11,1.9,False,True,False,EMIRATES FORMULA 1 70TH ANNIVERSARY GRAND PRIX 2020,Silverstone,Great Britain,,,Permanent,,,0.31164211628229915,0.41014986594315134,0.2782080177745495,3,False,70th Anniversary Grand Prix,70th_anniversary_grand_prix,2020,2020-08-09,93.6508,5,Opening,4.140000000000001,False,False,False,True
LEC,Ferrari,4,0 days 00:01:33.672000,0 days 00:00:28.983000,0 days 00:00:38.785000,0 days 00:00:25.904000,Medium,7,1,,,1,True,0 days 00:39:39.622000,93.672,28.983,38.785,25.904,2379.622,2370.085,24.9,59.8,1001.0,False,43.0,11,1.9,False,True,False,EMIRATES FORMULA 1 70TH ANNIVERSARY GRAND PRIX 2020,Silverstone,Great Britain,,,Permanent,,,0.30940942864463233,0.41405115722948155,0.27653941412588606,3,False,70th Anniversary Grand Prix,70th_anniversary_grand_prix,2020,2020-08-09,93.06276470588236,17,Opening,3.1199999999999903,False,False,False,True
SAI,McLaren,4,0 days 00:01:34.083000,0 days 00:00:29.455000,0 days 00:00:38.403000,0 days 00:00:26.225000,Hard,4,1,,,1,True,0 days 00:39:41.193000,94.083,29.455,38.403,26.225,2381.193,2370.085,24.9,59.8,1001.0,False,43.0,11,1.9,False,True,False,EMIRATES FORMULA 1 70TH ANNIVERSARY GRAND PRIX 2020,Silverstone,Great Britain,,,Permanent,,,0.3130746255965477,0.40818213704920125,0.27874323735425105,3,False,70th Anniversary Grand Prix,70th_anniversary_grand_prix,2020,2020-08-09,93.28190476190477,21,Opening,3.527000000000001,False,False,False,True
OCO,Renault,4,0 days 00:01:34.268000,0 days 00:00:29.692000,0 days 00:00:38.479000,0 days 00:00:26.097000,Medium,4,1,,,1,True,0 days 00:39:42.446000,94.268,29.692,38.479,26.097,2382.446,2370.085,24.9,59.8,1001.0,False,43.0,11,1.9,False,True,False,EMIRATES FORMULA 1 70TH ANNIVERSARY GRAND PRIX 2020,Silverstone,Great Britain,,,Permanent,,,0.31497432851020496,0.40818729579496754,0.2768383756948275,3,False,70th Anniversary Grand Prix,70th_anniversary_grand_prix,2020,2020-08-09,93.52709523809524,21,Opening,3.692999999999998,False,False,False,True
KVY,AlphaTauri,4,0 days 00:01:33.918000,0 days 00:00:29.501000,0 days 00:00:38.319000,0 days 00:00:26.098000,Hard,4,1,,,1,True,0 days 00:39:44.350000,93.918,29.501,38.319,26.098,2384.35,2370.085,24.9,59.8,1001.0,False,43.0,11,1.9,False,True,False,EMIRATES FORMULA 1 70TH ANNIVERSARY GRAND PRIX 2020,Silverstone,Great Britain,,,Permanent,,,0.31411444025639385,0.40800485529930364,0.27788070444430246,3,False,70th Anniversary Grand Prix,70th_anniversary_grand_prix,2020,2020-08-09,93.7025,18,Opening,3.180000000000007,False,False,False,True
MAG,Haas F1 Team,4,0 days 00:01:34.897000,0 days 00:00:29.578000,0 days 00:00:39.064000,0 days 00:00:26.255000,Medium,4,1,,,1,True,0 days 00:39:46.042000,94.897,29.578,39.064,26.255,2386.042,2370.085,24.9,59.8,1001.0,False,43.0,11,1.9,False,True,False,EMIRATES FORMULA 1 70TH ANNIVERSARY GRAND PRIX 2020,Silverstone,Great Britain,,,Permanent,,,0.3116853009051919,0.41164631126379125,0.27666838783101677,3,False,70th Anniversary Grand Prix,70th_anniversary_grand_prix,2020,2020-08-09,94.82125,8,Opening,3.0670000000000073,False,False,False,True
GIO,Alfa Romeo Racing,4,0 days 00:01:35.236000,0 days 00:00:29.790000,0 days 00:00:39.188000,0 days 00:00:26.258000,Medium,4,1,,,1,True,0 days 00:39:46.752000,95.236,29.79,39.188,26.258,2386.752,2370.085,24.9,59.8,1001.0,False,43.0,11,1.9,False,True,False,EMIRATES FORMULA 1 70TH ANNIVERSARY GRAND PRIX 2020,Silverstone,Great Britain,,,Permanent,,,0.3128018816413961,0.4114830526271578,0.27571506573144605,3,False,70th Anniversary Grand Prix,70th_anniversary_grand_prix,2020,2020-08-09,94.87983333333334,6,Opening,3.410000000000011,False,False,False,True
GRO,Haas F1 Team,4,0 days 00:01:35.218000,0 days 00:00:30.219000,0 days 00:00:38.921000,0 days 00:00:26.078000,Medium,7,1,,,1,True,0 days 00:39:47.202000,95.218,30.219,38.921,26.078,2387.202,2370.085,24.9,59.8,1001.0,False,43.0,11,1.9,False,True,False,EMIRATES FORMULA 1 70TH ANNIVERSARY GRAND PRIX 2020,Silverstone,Great Britain,,,Permanent,,,0.31736646432397236,0.40875674767375914,0.27387678800226845,3,False,70th Anniversary Grand Prix,70th_anniversary_grand_prix,2020,2020-08-09,94.1241875,16,Opening,4.424999999999997,False,False,False,True
RUS,Williams,4,0 days 00:01:35.938000,0 days 00:00:30.331000,0 days 00:00:39.304000,0 days 00:00:26.303000,Medium,4,1,,,1,True,0 days 00:39:48.254000,95.938,30.331,39.304,26.303,2388.254,2370.085,24.9,59.8,1001.0,False,43.0,11,1.9,False,True,False,EMIRATES FORMULA 1 70TH ANNIVERSARY GRAND PRIX 2020,Silverstone,Great Britain,,,Permanent,,,0.3161520982301069,0.40968125247555714,0.27416664929433593,3,False,70th Anniversary Grand Prix,70th_anniversary_grand_prix,2020,2020-08-09,94.84400000000001,7,Opening,4.530000000000001,False,False,False,True
VET,Ferrari,4,0 days 00:01:35.343000,0 days 00:00:29.716000,0 days 00:00:39.460000,0 days 00:00:26.167000,Hard,5,1,,,1,True,0 days 00:39:48.688000,95.343,29.716,39.46,26.167,2388.688,2370.085,24.9,59.8,1001.0,False,43.0,11,1.9,False,True,False,EMIRATES FORMULA 1 70TH ANNIVERSARY GRAND PRIX 2020,Silverstone,Great Britain,,,Permanent,,,0.31167469032860307,0.4138741176593982,0.2744511920119988,3,False,70th Anniversary Grand Prix,70th_anniversary_grand_prix,2020,2020-08-09,93.5247619047619,21,Opening,4.558000000000007,False,False,False,True
RAI,Alfa Romeo Racing,4,0 days 00:01:36.911000,0 days 00:00:30.237000,0 days 00:00:40.239000,0 days 00:00:26.435000,Hard,4,1,,,1,True,0 days 00:39:49.696000,96.911,30.237,40.239,26.435,2389.696,2370.085,24.9,59.8,1001.0,False,43.0,11,1.9,False,True,False,EMIRATES FORMULA 1 70TH ANNIVERSARY GRAND PRIX 2020,Silverstone,Great Britain,,,Permanent,,,0.31200792479697864,0.4152160229488912,0.27277605225413004,3,False,70th Anniversary Grand Prix,70th_anniversary_grand_prix,2020,2020-08-09,94.26747999999999,25,Opening,5.155000000000001,False,False,False,True
LAT,Williams,4,0 days 00:01:36.001000,0 days 00:00:29.539000,0 days 00:00:39.637000,0 days 00:00:26.825000,Medium,4,1,,,1,True,0 days 00:39:50.514000,96.001,29.539,39.637,26.825,2390.514,2370.085,24.9,59.8,1001.0,False,43.0,11,1.9,False,True,False,EMIRATES FORMULA 1 70TH ANNIVERSARY GRAND PRIX 2020,Silverstone,Great Britain,,,Permanent,,,0.30769471151342176,0.41288111582171017,0.2794241726648681,3,False,70th Anniversary Grand Prix,70th_anniversary_grand_prix,2020,2020-08-09,94.87025,8,Opening,6.051000000000002,False,False,False,True
BOT,Mercedes,5,0 days 00:01:32.275000,0 days 00:00:29.151000,0 days 00:00:37.765000,0 days 00:00:25.359000,Medium,8,1,,,1,True,0 days 00:40:56.963000,92.275,29.151,37.765,25.359,2456.963,2430.107,25.0,59.4,1001.0,False,43.0,8,3.3,False,True,False,EMIRATES FORMULA 1 70TH ANNIVERSARY GRAND PRIX 2020,Silverstone,Great Britain,,,Permanent,,,0.3159143863451639,0.4092657816309943,0.2748198320238418,3,False,70th Anniversary Grand Prix,70th_anniversary_grand_prix,2020,2020-08-09,92.22483333333334,12,Opening,2.510000000000005,False,False,False,True
HAM,Mercedes,5,0 days 00:01:32.698000,0 days 00:00:29.285000,0 days 00:00:37.926000,0 days 00:00:25.487000,Medium,8,1,,,1,True,0 days 00:40:58.532000,92.698,29.285,37.926,25.487,2458.532,2430.107,25.0,59.4,1001.0,False,43.0,8,3.3,False,True,False,EMIRATES FORMULA 1 70TH ANNIVERSARY GRAND PRIX 2020,Silverstone,Great Britain,,,Permanent,,,0.3159183585406374,0.4091350406697017,0.27494660078966104,3,False,70th Anniversary Grand Prix,70th_anniversary_grand_prix,2020,2020-08-09,92.33015384615383,13,Opening,4.247,False,False,False,True
VER,Red Bull Racing,5,0 days 00:01:32.251000,0 days 00:00:29.169000,0 days 00:00:37.646000,0 days 00:00:25.436000,Hard,8,1,,,1,True,0 days 00:41:00.854000,92.251,29.169,37.646,25.436,2460.854,2490.11,25.1,58.7,1001.0,False,43.3,18,2.4,False,True,False,EMIRATES FORMULA 1 70TH ANNIVERSARY GRAND PRIX 2020,Silverstone,Great Britain,,,Permanent,,,0.3161916943989767,0.4080822972108703,0.27572600839015293,3,False,70th Anniversary Grand Prix,70th_anniversary_grand_prix,2020,2020-08-09,91.91712,25,Opening,2.7860000000000014,False,False,False,True
HUL,Racing Point,5,0 days 00:01:32.868000,0 days 00:00:29.195000,0 days 00:00:38.032000,0 days 00:00:25.641000,Medium,8,1,,,1,True,0 days 00:41:04.787000,92.868,29.195,38.032,25.641,2464.787,2490.11,25.1,58.7,1001.0,False,43.3,18,2.4,False,True,False,EMIRATES FORMULA 1 70TH ANNIVERSARY GRAND PRIX 2020,Silverstone,Great Britain,,,Permanent,,,0.3143709350906663,0.4095275013998363,0.2761015635094973,3,False,70th Anniversary Grand Prix,70th_anniversary_grand_prix,2020,2020-08-09,92.79464285714286,14,Opening,2.7809999999999917,False,False,False,True
STR,Racing Point,5,0 days 00:01:33.187000,0 days 00:00:29.606000,0 days 00:00:37.795000,0 days 00:00:25.786000,Medium,8,1,,,1,True,0 days 00:41:06.596000,93.187,29.606,37.795,25.786,2466.596,2490.11,25.1,58.7,1001.0,False,43.3,18,2.4,False,True,False,EMIRATES FORMULA 1 70TH ANNIVERSARY GRAND PRIX 2020,Silverstone,Great Britain,,,Permanent,,,0.31770525931728677,0.4055823237146813,0.27671241696803206,3,False,70th Anniversary Grand Prix,70th_anniversary_grand_prix,2020,2020-08-09,92.76941176470588,17,Opening,2.8079999999999927,False,False,False,True
RIC,Renault,5,0 days 00:01:33.418000,0 days 00:00:29.397000,0 days 00:00:38.376000,0 days 00:00:25.645000,Medium,8,1,,,1,True,0 days 00:41:08.739000,93.418,29.397,38.376,25.645,2468.739,2490.11,25.1,58.7,1001.0,False,43.3,18,2.4,False,True,False,EMIRATES FORMULA 1 70TH ANNIVERSARY GRAND PRIX 2020,Silverstone,Great Britain,,,Permanent,,,0.3146823952557323,0.4107987753966045,0.27451882934766314,3,False,70th Anniversary Grand Prix,70th_anniversary_grand_prix,2020,2020-08-09,93.07984615384615,13,Opening,2.25,False,False,False,True
GAS,AlphaTauri,5,0 days 00:01:33.683000,0 days 00:00:29.279000,0 days 00:00:38.597000,0 days 00:00:25.807000,Medium,8,1,,,1,True,0 days 00:41:10.031000,93.683,29.279,38.597,25.807,2470.031,2490.11,25.1,58.7,1001.0,False,43.3,18,2.4,False,True,False,EMIRATES FORMULA 1 70TH ANNIVERSARY GRAND PRIX 2020,Silverstone,Great Britain,,,Permanent,,,0.3125326900291408,0.411995772979089,0.27547153699177007,3,False,70th Anniversary Grand Prix,70th_anniversary_grand_prix,2020,2020-08-09,93.38983333333334,6,Opening,3.591000000000008,False,False,False,True
NOR,McLaren,5,0 days 00:01:33.901000,0 days 00:00:29.417000,0 days 00:00:38.262000,0 days 00:00:26.222000,Medium,8,1,,,1,True,0 days 00:41:11.627000,93.901,29.417,38.262,26.222,2471.627,2490.11,25.1,58.7,1001.0,False,43.3,18,2.4,False,True,False,EMIRATES FORMULA 1 70TH ANNIVERSARY GRAND PRIX 2020,Silverstone,Great Britain,,,Permanent,,,0.313276748916412,0.40747169891694446,0.2792515521666436,3,False,70th Anniversary Grand Prix,70th_anniversary_grand_prix,2020,2020-08-09,93.30290909090908,11,Opening,3.203000000000003,False,False,False,True
ALB,Red Bull Racing,5,0 days 00:01:33.703000,0 days 00:00:29.099000,0 days 00:00:38.591000,0 days 00:00:26.013000,Medium,8,1,,,1,True,0 days 00:41:12.364000,93.703,29.099,38.591,26.013,2472.364,2490.11,25.1,58.7,1001.0,False,43.3,18,2.4,False,True,False,EMIRATES FORMULA 1 70TH ANNIVERSARY GRAND PRIX 2020,Silverstone,Great Britain,,,Permanent,,,0.3105450199033115,0.4118438043605861,0.2776111757361024,3,False,70th Anniversary Grand Prix,70th_anniversary_grand_prix,2020,2020-08-09,93.6508,5,Opening,4.225999999999999,False,False,False,True
LEC,Ferrari,5,0 days 00:01:33.703000,0 days 00:00:29.157000,0 days 00:00:38.688000,0 days 00:00:25.858000,Medium,8,1,,,1,True,0 days 00:41:13.325000,93.703,29.157,38.688,25.858,2473.325,2490.11,25.1,58.7,1001.0,False,43.3,18,2.4,False,True,False,EMIRATES FORMULA 1 70TH ANNIVERSARY GRAND PRIX 2020,Silverstone,Great Britain,,,Permanent,,,0.31116399688377105,0.4128789900003202,0.27595701311590876,3,False,70th Anniversary Grand Prix,70th_anniversary_grand_prix,2020,2020-08-09,93.06276470588236,17,Opening,3.1509999999999962,False,False,False,True
SAI,McLaren,5,0 days 00:01:34.135000,0 days 00:00:29.500000,0 days 00:00:38.327000,0 days 00:00:26.308000,Hard,5,1,,,1,True,0 days 00:41:15.328000,94.135,29.5,38.327,26.308,2475.328,2490.11,25.1,58.7,1001.0,False,43.3,18,2.4,False,True,False,EMIRATES FORMULA 1 70TH ANNIVERSARY GRAND PRIX 2020,Silverstone,Great Britain,,,Permanent,,,0.31337972061401176,0.40714930684655015,0.27947097253943803,3,False,70th Anniversary Grand Prix,70th_anniversary_grand_prix,2020,2020-08-09,93.28190476190477,21,Opening,3.5790000000000077,False,False,False,True
OCO,Renault,5,0 days 00:01:34.234000,0 days 00:00:29.700000,0 days 00:00:38.434000,0 days 00:00:26.100000,Medium,5,1,,,1,True,0 days 00:41:16.680000,94.234,29.7,38.434,26.1,2476.68,2490.11,25.1,58.7,1001.0,False,43.3,18,2.4,False,True,False,EMIRATES FORMULA 1 70TH ANNIVERSARY GRAND PRIX 2020,Silverstone,Great Britain,,,Permanent,,,0.31517286754250057,0.40785703673833223,0.2769700957191672,3,False,70th Anniversary Grand Prix,70th_anniversary_grand_prix,2020,2020-08-09,93.52709523809524,21,Opening,3.658999999999992,False,False,False,True
KVY,AlphaTauri,5,0 days 00:01:34.293000,0 days 00:00:29.589000,0 days 00:00:38.456000,0 days 00:00:26.248000,Hard,5,1,,,1,True,0 days 00:41:18.643000,94.293,29.589,38.456,26.248,2478.643,2490.11,25.1,58.7,1001.0,False,43.3,18,2.4,False,True,False,EMIRATES FORMULA 1 70TH ANNIVERSARY GRAND PRIX 2020,Silverstone,Great Britain,,,Permanent,,,0.31379847920842474,0.40783515213218374,0.27836636865939146,3,False,70th Anniversary Grand Prix,70th_anniversary_grand_prix,2020,2020-08-09,93.7025,18,Opening,3.555000000000007,False,False,False,True
MAG,Haas F1 Team,5,0 days 00:01:34.648000,0 days 00:00:29.511000,0 days 00:00:39.010000,0 days 00:00:26.127000,Medium,5,1,,,1,True,0 days 00:41:20.690000,94.648,29.511,39.01,26.127,2480.69,2490.11,25.1,58.7,1001.0,False,43.3,18,2.4,False,True,False,EMIRATES FORMULA 1 70TH ANNIVERSARY GRAND PRIX 2020,Silverstone,Great Britain,,,Permanent,,,0.31179739666976586,0.41215873552531485,0.2760438678049193,3,False,70th Anniversary Grand Prix,70th_anniversary_grand_prix,2020,2020-08-09,94.82125,8,Opening,2.817999999999998,False,False,False,True
GIO,Alfa Romeo Racing,5,0 days 00:01:34.694000,0 days 00:00:29.445000,0 days 00:00:39.163000,0 days 00:00:26.086000,Medium,5,1,,,1,True,0 days 00:41:21.446000,94.694,29.445,39.163,26.086,2481.446,2490.11,25.1,58.7,1001.0,False,43.3,18,2.4,False,True,False,EMIRATES FORMULA 1 70TH ANNIVERSARY GRAND PRIX 2020,Silverstone,Great Britain,,,Permanent,,,0.3109489513591146,0.4135742496884702,0.2754767989524151,3,False,70th Anniversary Grand Prix,70th_anniversary_grand_prix,2020,2020-08-09,94.87983333333334,6,Opening,2.868000000000009,False,False,False,True
GRO,Haas F1 Team,5,0 days 00:01:34.982000,0 days 00:00:29.555000,0 days 00:00:39.336000,0 days 00:00:26.091000,Medium,8,1,,,1,True,0 days 00:41:22.184000,94.982,29.555,39.336,26.091,2482.184,2490.11,25.1,58.7,1001.0,False,43.3,18,2.4,False,True,False,EMIRATES FORMULA 1 70TH ANNIVERSARY GRAND PRIX 2020,Silverstone,Great Britain,,,Permanent,,,0.31116422058916426,0.41414162683455813,0.2746941525762776,3,False,70th Anniversary Grand Prix,70th_anniversary_grand_prix,2020,2020-08-09,94.1241875,16,Opening,4.188999999999993,False,False,False,True
RUS,Williams,5,0 days 00:01:34.546000,0 days 00:00:29.553000,0 days 00:00:39.067000,0 days 00:00:25.926000,Medium,5,1,,,1,True,0 days 00:41:22.800000,94.546,29.553,39.067,25.926,2482.8,2490.11,25.1,58.7,1001.0,False,43.3,18,2.4,False,True,False,EMIRATES FORMULA 1 70TH ANNIVERSARY GRAND PRIX 2020,Silverstone,Great Britain,,,Permanent,,,0.31257800435766714,0.4132062699638271,0.27421572567850566,3,False,70th Anniversary Grand Prix,70th_anniversary_grand_prix,2020,2020-08-09,94.84400000000001,7,Opening,3.1380000000000052,False,False,False,True
VET,Ferrari,5,0 days 00:01:34.811000,0 days 00:00:29.571000,0 days 00:00:39.202000,0 days 00:00:26.038000,Hard,6,1,,,1,True,0 days 00:41:23.499000,94.811,29.571,39.202,26.038,2483.499,2490.11,25.1,58.7,1001.0,False,43.3,18,2.4,False,True,False,EMIRATES FORMULA 1 70TH ANNIVERSARY GRAND PRIX 2020,Silverstone,Great Britain,,,Permanent,,,0.31189418949278036,0.4134752296674436,0.274630580839776,3,False,70th Anniversary Grand Prix,70th_anniversary_grand_prix,2020,2020-08-09,93.5247619047619,21,Opening,4.0260000000000105,False,False,False,True
RAI,Alfa Romeo Racing,5,0 days 00:01:34.655000,0 days 00:00:29.787000,0 days 00:00:38.893000,0 days 00:00:25.975000,Hard,5,1,,,1,True,0 days 00:41:24.351000,94.655,29.787,38.893,25.975,2484.351,2490.11,25.1,58.7,1001.0,False,43.3,18,2.4,False,True,False,EMIRATES FORMULA 1 70TH ANNIVERSARY GRAND PRIX 2020,Silverstone,Great Britain,,,Permanent,,,0.3146901906925149,0.4108921874174634,0.27441762189002167,3,False,70th Anniversary Grand Prix,70th_anniversary_grand_prix,2020,2020-08-09,94.26747999999999,25,Opening,2.899000000000001,False,False,False,True
LAT,Williams,5,0 days 00:01:34.864000,0 days 00:00:29.771000,0 days 00:00:38.925000,0 days 00:00:26.168000,Medium,5,1,,,1,True,0 days 00:41:25.378000,94.864,29.771,38.925,26.168,2485.378,2490.11,25.1,58.7,1001.0,False,43.3,18,2.4,False,True,False,EMIRATES FORMULA 1 70TH ANNIVERSARY GRAND PRIX 2020,Silverstone,Great Britain,,,Permanent,,,0.31382821723730814,0.41032425366840947,0.27584752909428234,3,False,70th Anniversary Grand Prix,70th_anniversary_grand_prix,2020,2020-08-09,94.87025,8,Opening,4.9140000000000015,False,False,False,True
BOT,Mercedes,6,0 days 00:01:32.752000,0 days 00:00:29.362000,0 days 00:00:37.831000,0 days 00:00:25.559000,Medium,9,1,,,1,True,0 days 00:42:29.715000,92.752,29.362,37.831,25.559,2549.715,2550.117,25.2,58.7,1001.0,False,43.1,17,3.5,False,True,False,EMIRATES FORMULA 1 70TH ANNIVERSARY GRAND PRIX 2020,Silverstone,Great Britain,,,Permanent,,,0.3165646023805417,0.4078726065206142,0.27556279109884424,3,False,70th Anniversary Grand Prix,70th_anniversary_grand_prix,2020,2020-08-09,92.22483333333334,12,Opening,2.9869999999999948,False,False,False,True
HAM,Mercedes,6,0 days 00:01:32.401000,0 days 00:00:29.214000,0 days 00:00:37.533000,0 days 00:00:25.654000,Medium,9,1,,,1,True,0 days 00:42:30.933000,92.401,29.214,37.533,25.654,2550.933,2550.117,25.2,58.7,1001.0,False,43.1,17,3.5,False,True,False,EMIRATES FORMULA 1 70TH ANNIVERSARY GRAND PRIX 2020,Silverstone,Great Britain,,,Permanent,,,0.3161654094652655,0.40619690263092395,0.27763768790381055,3,False,70th Anniversary Grand Prix,70th_anniversary_grand_prix,2020,2020-08-09,92.33015384615383,13,Opening,3.950000000000003,False,False,False,True
VER,Red Bull Racing,6,0 days 00:01:32.045000,0 days 00:00:29.020000,0 days 00:00:37.444000,0 days 00:00:25.581000,Hard,9,1,,,1,True,0 days 00:42:32.899000,92.045,29.02,37.444,25.581,2552.899,2550.117,25.2,58.7,1001.0,False,43.1,17,3.5,False,True,False,EMIRATES FORMULA 1 70TH ANNIVERSARY GRAND PRIX 2020,Silverstone,Great Britain,,,Permanent,,,0.3152805692867619,0.4068010212396111,0.277918409473627,3,False,70th Anniversary Grand Prix,70th_anniversary_grand_prix,2020,2020-08-09,91.91712,25,Opening,2.5799999999999983,False,False,False,True
HUL,Racing Point,6,0 days 00:01:32.989000,0 days 00:00:29.315000,0 days 00:00:37.910000,0 days 00:00:25.764000,Medium,9,1,,,1,True,0 days 00:42:37.776000,92.989,29.315,37.91,25.764,2557.776,2550.117,25.2,58.7,1001.0,False,43.1,17,3.5,False,True,False,EMIRATES FORMULA 1 70TH ANNIVERSARY GRAND PRIX 2020,Silverstone,Great Britain,,,Permanent,,,0.31525234167482175,0.4076826291281764,0.27706502919700177,3,False,70th Anniversary Grand Prix,70th_anniversary_grand_prix,2020,2020-08-09,92.79464285714286,14,Opening,2.902000000000001,False,False,False,True
STR,Racing Point,6,0 days 00:01:33.881000,0 days 00:00:29.349000,0 days 00:00:37.669000,0 days 00:00:26.863000,Medium,9,1,,,1,True,0 days 00:42:40.477000,93.881,29.349,37.669,26.863,2560.477,2550.117,25.2,58.7,1001.0,False,43.1,17,3.5,False,True,False,EMIRATES FORMULA 1 70TH ANNIVERSARY GRAND PRIX 2020,Silverstone,Great Britain,,,Permanent,,,0.3126191668175669,0.40124199784833986,0.2861388353340932,3,False,70th Anniversary Grand Prix,70th_anniversary_grand_prix,2020,2020-08-09,92.76941176470588,17,Opening,3.5019999999999953,False,False,False,True
RIC,Renault,6,0 days 00:01:33.290000,0 days 00:00:29.331000,0 days 00:00:38.269000,0 days 00:00:25.690000,Medium,9,1,,,1,True,0 days 00:42:42.029000,93.29,29.331,38.269,25.69,2562.029,2550.117,25.2,58.7,1001.0,False,43.1,17,3.5,False,True,False,EMIRATES FORMULA 1 70TH ANNIVERSARY GRAND PRIX 2020,Silverstone,Great Britain,,,Permanent,,,0.31440668881980915,0.4102154571765462,0.27537785400364456,3,False,70th Anniversary Grand Prix,70th_anniversary_grand_prix,2020,2020-08-09,93.07984615384615,13,Opening,2.122,False,False,False,True
GAS,AlphaTauri,6,0 days 00:01:33.544000,0 days 00:00:29.360000,0 days 00:00:38.401000,0 days 00:00:25.783000,Medium,9,1,,,1,True,0 days 00:42:43.575000,93.544,29.36,38.401,25.783,2563.575,2550.117,25.2,58.7,1001.0,False,43.1,17,3.5,False,True,False,EMIRATES FORMULA 1 70TH ANNIVERSARY GRAND PRIX 2020,Silverstone,Great Britain,,,Permanent,,,0.31386299495424613,0.41051269990592665,0.2756243051398273,3,False,70th Anniversary Grand Prix,70th_anniversary_grand_prix,2020,2020-08-09,93.38983333333334,6,Opening,3.451999999999998,False,False,False,True
NOR,McLaren,6,0 days 00:01:33.435000,0 days 00:00:29.360000,0 days 00:00:38.073000,0 days 00:00:26.002000,Medium,9,1,,,1,True,0 days 00:42:45.062000,93.435,29.36,38.073,26.002,2565.062,2550.117,25.2,58.7,1001.0,False,43.1,17,3.5,False,True,False,EMIRATES FORMULA 1 70TH ANNIVERSARY GRAND PRIX 2020,Silverstone,Great Britain,,,Permanent,,,0.314229143254669,0.40748113661903995,0.278289720126291,3,False,70th Anniversary Grand Prix,70th_anniversary_grand_prix,2020,2020-08-09,93.30290909090908,11,Opening,2.737000000000009,False,False,False,True
ALB,Red Bull Racing,6,0 days 00:01:33.049000,0 days 00:00:29.179000,0 days 00:00:38.536000,0 days 00:00:25.334000,Medium,9,1,0 days 00:42:39.598000,,1,False,0 days 00:42:45.413000,93.049,29.179,38.536,25.334,2565.413,2550.117,25.2,58.7,1001.0,False,43.1,17,3.5,False,True,False,EMIRATES FORMULA 1 70TH ANNIVERSARY GRAND PRIX 2020,Silverstone,Great Britain,,,Permanent,6.0,,0.31358746466915277,0.41414738471128115,0.272265150619566,3,False,70th Anniversary Grand Prix,70th_anniversary_grand_prix,2020,2020-08-09,93.6508,5,Opening,3.5720000000000027,False,False,False,True
LEC,Ferrari,6,0 days 00:01:33.392000,0 days 00:00:29.344000,0 days 00:00:38.430000,0 days 00:00:25.618000,Medium,9,1,,,1,True,0 days 00:42:46.717000,93.392,29.344,38.43,25.618,2566.717,2550.117,25.2,58.7,1001.0,False,43.1,17,3.5,False,True,False,EMIRATES FORMULA 1 70TH ANNIVERSARY GRAND PRIX 2020,Silverstone,Great Britain,,,Permanent,,,0.3142025012849067,0.4114913482953572,0.27430615041973616,3,False,70th Anniversary Grand Prix,70th_anniversary_grand_prix,2020,2020-08-09,93.06276470588236,17,Opening,2.839999999999989,False,False,False,True
SAI,McLaren,6,0 days 00:01:33.699000,0 days 00:00:29.555000,0 days 00:00:38.187000,0 days 00:00:25.957000,Hard,6,1,,,1,True,0 days 00:42:49.027000,93.699,29.555,38.187,25.957,2569.027,2550.117,25.2,58.7,1001.0,False,43.1,17,3.5,False,True,False,EMIRATES FORMULA 1 70TH ANNIVERSARY GRAND PRIX 2020,Silverstone,Great Britain,,,Permanent,,,0.3154249244922571,0.4075497070406301,0.2770253684671128,3,False,70th Anniversary Grand Prix,70th_anniversary_grand_prix,2020,2020-08-09,93.28190476190477,21,Opening,3.1430000000000007,False,False,False,True
OCO,Renault,6,0 days 00:01:34.355000,0 days 00:00:29.773000,0 days 00:00:38.583000,0 days 00:00:25.999000,Medium,6,1,,,1,True,0 days 00:42:51.035000,94.355,29.773,38.583,25.999,2571.035,2550.117,25.2,58.7,1001.0,False,43.1,17,3.5,False,True,False,EMIRATES FORMULA 1 70TH ANNIVERSARY GRAND PRIX 2020,Silverstone,Great Britain,,,Permanent,,,0.3155423665942451,0.4089131471570134,0.27554448624874145,3,False,70th Anniversary Grand Prix,70th_anniversary_grand_prix,2020,2020-08-09,93.52709523809524,21,Opening,3.780000000000001,False,False,False,True
KVY,AlphaTauri,6,0 days 00:01:34.254000,0 days 00:00:29.709000,0 days 00:00:38.389000,0 days 00:00:26.156000,Hard,6,1,,,1,True,0 days 00:42:52.897000,94.254,29.709,38.389,26.156,2572.897,2550.117,25.2,58.7,1001.0,False,43.1,17,3.5,False,True,False,EMIRATES FORMULA 1 70TH ANNIVERSARY GRAND PRIX 2020,Silverstone,Great Britain,,,Permanent,,,0.31520147686039846,0.40729305918051223,0.27750546395908926,3,False,70th Anniversary Grand Prix,70th_anniversary_grand_prix,2020,2020-08-09,93.7025,18,Opening,3.5160000000000053,False,False,False,True
MAG,Haas F1 Team,6,0 days 00:01:34.640000,0 days 00:00:29.586000,0 days 00:00:38.936000,0 days 00:00:26.118000,Medium,6,1,,,1,True,0 days 00:42:55.330000,94.64,29.586,38.936,26.118,2575.33,2550.117,25.2,58.7,1001.0,False,43.1,17,3.5,False,True,False,EMIRATES FORMULA 1 70TH ANNIVERSARY GRAND PRIX 2020,Silverstone,Great Britain,,,Permanent,,,0.31261622992392224,0.4114116652578191,0.2759721048182586,3,False,70th Anniversary Grand Prix,70th_anniversary_grand_prix,2020,2020-08-09,94.82125,8,Opening,2.8100000000000023,False,False,False,True
GIO,Alfa Romeo Racing,6,0 days 00:01:34.612000,0 days 00:00:29.436000,0 days 00:00:39.071000,0 days 00:00:26.105000,Medium,6,1,,,1,True,0 days 00:42:56.058000,94.612,29.436,39.071,26.105,2576.058,2550.117,25.2,58.7,1001.0,False,43.1,17,3.5,False,True,False,EMIRATES FORMULA 1 70TH ANNIVERSARY GRAND PRIX 2020,Silverstone,Great Britain,,,Permanent,,,0.31112332473681986,0.41296030101889825,0.27591637424428195,3,False,70th Anniversary Grand Prix,70th_anniversary_grand_prix,2020,2020-08-09,94.87983333333334,6,Opening,2.7860000000000014,False,False,False,True
GRO,Haas F1 Team,6,0 days 00:01:34.547000,0 days 00:00:29.519000,0 days 00:00:38.895000,0 days 00:00:26.133000,Medium,9,1,,,1,True,0 days 00:42:56.731000,94.547,29.519,38.895,26.133,2576.731,2550.117,25.2,58.7,1001.0,False,43.1,17,3.5,False,True,False,EMIRATES FORMULA 1 70TH ANNIVERSARY GRAND PRIX 2020,Silverstone,Great Britain,,,Permanent,,,0.3122150887918178,0.41138269855204296,0.2764022126561393,3,False,70th Anniversary Grand Prix,70th_anniversary_grand_prix,2020,2020-08-09,94.1241875,16,Opening,3.7539999999999907,False,False,False,True
RUS,Williams,6,0 days 00:01:34.665000,0 days 00:00:29.644000,0 days 00:00:38.754000,0 days 00:00:26.267000,Medium,6,1,,,1,True,0 days 00:42:57.465000,94.665,29.644,38.754,26.267,2577.465,2550.117,25.2,58.7,1001.0,False,43.1,17,3.5,False,True,False,EMIRATES FORMULA 1 70TH ANNIVERSARY GRAND PRIX 2020,Silverstone,Great Britain,,,Permanent,,,0.3131463582105318,0.4093804468388528,0.2774731949506153,3,False,70th Anniversary Grand Prix,70th_anniversary_grand_prix,2020,2020-08-09,94.84400000000001,7,Opening,3.257000000000005,False,False,False,True
VET,Ferrari,6,0 days 00:01:34.296000,0 days 00:00:29.455000,0 days 00:00:38.751000,0 days 00:00:26.090000,Hard,7,1,,,1,True,0 days 00:42:57.795000,94.296,29.455,38.751,26.09,2577.795,2550.117,25.2,58.7,1001.0,False,43.1,17,3.5,False,True,False,EMIRATES FORMULA 1 70TH ANNIVERSARY GRAND PRIX 2020,Silverstone,Great Britain,,,Permanent,,,0.3123674387036565,0.41095062356833795,0.2766819377280054,3,False,70th Anniversary Grand Prix,70th_anniversary_grand_prix,2020,2020-08-09,93.5247619047619,21,Opening,3.51100000000001,False,False,False,True
RAI,Alfa Romeo Racing,6,0 days 00:01:34.120000,0 days 00:00:29.420000,0 days 00:00:38.860000,0 days 00:00:25.840000,Hard,6,1,,,1,True,0 days 00:42:58.471000,94.12,29.42,38.86,25.84,2578.471,2550.117,25.2,58.7,1001.0,False,43.1,17,3.5,False,True,False,EMIRATES FORMULA 1 70TH ANNIVERSARY GRAND PRIX 2020,Silverstone,Great Britain,,,Permanent,,,0.3125796855078623,0.4128771780705482,0.27454313642158945,3,False,70th Anniversary Grand Prix,70th_anniversary_grand_prix,2020,2020-08-09,94.26747999999999,25,Opening,2.3640000000000043,False,False,False,True
LAT,Williams,6,0 days 00:01:33.900000,0 days 00:00:29.579000,0 days 00:00:38.410000,0 days 00:00:25.911000,Medium,6,1,,,1,True,0 days 00:42:59.278000,93.9,29.579,38.41,25.911,2579.278,2550.117,25.2,58.7,1001.0,False,43.1,17,3.5,False,True,False,EMIRATES FORMULA 1 70TH ANNIVERSARY GRAND PRIX 2020,Silverstone,Great Britain,,,Permanent,,,0.3150053248136315,0.4090521831735889,0.27594249201277954,3,False,70th Anniversary Grand Prix,70th_anniversary_grand_prix,2020,2020-08-09,94.87025,8,Opening,3.950000000000003,False,False,False,True
BOT,Mercedes,7,0 days 00:01:32.153000,0 days 00:00:29.371000,0 days 00:00:37.469000,0 days 00:00:25.313000,Medium,10,1,,,1,True,0 days 00:44:01.868000,92.153,29.371,37.469,25.313,2641.868,2670.103,25.1,58.4,1001.0,False,43.1,285,3.0,False,True,False,EMIRATES FORMULA 1 70TH ANNIVERSARY GRAND PRIX 2020,Silverstone,Great Britain,,,Permanent,,,0.3187199548576823,0.406595553047649,0.2746844920946686,3,False,70th Anniversary Grand Prix,70th_anniversary_grand_prix,2020,2020-08-09,92.22483333333334,12,Opening,2.3880000000000052,False,False,False,True
HAM,Mercedes,7,0 days 00:01:32.352000,0 days 00:00:29.269000,0 days 00:00:37.610000,0 days 00:00:25.473000,Medium,10,1,,,1,True,0 days 00:44:03.285000,92.352,29.269,37.61,25.473,2643.285,2670.103,25.1,58.4,1001.0,False,43.1,285,3.0,False,True,False,EMIRATES FORMULA 1 70TH ANNIVERSARY GRAND PRIX 2020,Silverstone,Great Britain,,,Permanent,,,0.3169287075537075,0.4072461884961885,0.2758251039501039,3,False,70th Anniversary Grand Prix,70th_anniversary_grand_prix,2020,2020-08-09,92.33015384615383,13,Opening,3.9010000000000105,False,False,False,True
VER,Red Bull Racing,7,0 days 00:01:32.159000,0 days 00:00:29.235000,0 days 00:00:37.506000,0 days 00:00:25.418000,Hard,10,1,,,1,True,0 days 00:44:05.058000,92.159,29.235,37.506,25.418,2645.058,2670.103,25.1,58.4,1001.0,False,43.1,285,3.0,False,True,False,EMIRATES FORMULA 1 70TH ANNIVERSARY GRAND PRIX 2020,Silverstone,Great Britain,,,Permanent,,,0.31722349417853923,0.4069705617465467,0.275805944074914,3,False,70th Anniversary Grand Prix,70th_anniversary_grand_prix,2020,2020-08-09,91.91712,25,Opening,2.6940000000000026,False,False,False,True
HUL,Racing Point,7,0 days 00:01:33.492000,0 days 00:00:29.511000,0 days 00:00:38.219000,0 days 00:00:25.762000,Medium,10,1,,,1,True,0 days 00:44:11.268000,93.492,29.511,38.219,25.762,2651.268,2670.103,25.1,58.4,1001.0,False,43.1,285,3.0,False,True,False,EMIRATES FORMULA 1 70TH ANNIVERSARY GRAND PRIX 2020,Silverstone,Great Britain,,,Permanent,,,0.3156526761648055,0.40879433534420057,0.27555298849099386,3,False,70th Anniversary Grand Prix,70th_anniversary_grand_prix,2020,2020-08-09,92.79464285714286,14,Opening,3.405000000000001,False,False,False,True
STR,Racing Point,7,0 days 00:01:33.240000,0 days 00:00:29.694000,0 days 00:00:37.761000,0 days 00:00:25.785000,Medium,10,1,,,1,True,0 days 00:44:13.717000,93.24,29.694,37.761,25.785,2653.717,2670.103,25.1,58.4,1001.0,False,43.1,285,3.0,False,True,False,EMIRATES FORMULA 1 70TH ANNIVERSARY GRAND PRIX 2020,Silverstone,Great Britain,,,Permanent,,,0.3184684684684685,0.40498712998713005,0.2765444015444016,3,False,70th Anniversary Grand Prix,70th_anniversary_grand_prix,2020,2020-08-09,92.76941176470588,17,Opening,2.86099999999999,False,False,False,True
RIC,Renault,7,0 days 00:01:33.365000,0 days 00:00:29.463000,0 days 00:00:38.275000,0 days 00:00:25.627000,Medium,10,1,,,1,True,0 days 00:44:15.394000,93.365,29.463,38.275,25.627,2655.394,2670.103,25.1,58.4,1001.0,False,43.1,285,3.0,False,True,False,EMIRATES FORMULA 1 70TH ANNIVERSARY GRAND PRIX 2020,Silverstone,Great Britain,,,Permanent,,,0.315567932308681,0.4099501954693943,0.2744818722219247,3,False,70th Anniversary Grand Prix,70th_anniversary_grand_prix,2020,2020-08-09,93.07984615384615,13,Opening,2.1969999999999885,False,False,False,True
GAS,AlphaTauri,7,0 days 00:01:32.447000,0 days 00:00:29.483000,0 days 00:00:38.139000,0 days 00:00:24.825000,Medium,10,1,0 days 00:44:10.185000,,1,False,0 days 00:44:16.022000,92.447,29.483,38.139,24.825,2656.022,2670.103,25.1,58.4,1001.0,False,43.1,285,3.0,False,True,False,EMIRATES FORMULA 1 70TH ANNIVERSARY GRAND PRIX 2020,Silverstone,Great Britain,,,Permanent,7.0,,0.318917866453211,0.4125498934524647,0.2685322400943243,3,False,70th Anniversary Grand Prix,70th_anniversary_grand_prix,2020,2020-08-09,93.38983333333334,6,Opening,2.355000000000004,False,False,False,True
NOR,McLaren,7,0 days 00:01:33.758000,0 days 00:00:29.647000,0 days 00:00:38.208000,0 days 00:00:25.903000,Medium,10,1,,,1,True,0 days 00:44:18.820000,93.758,29.647,38.208,25.903,2658.82,2670.103,25.1,58.4,1001.0,False,43.1,285,3.0,False,True,False,EMIRATES FORMULA 1 70TH ANNIVERSARY GRAND PRIX 2020,Silverstone,Great Britain,,,Permanent,,,0.31620768361099855,0.4075172251967832,0.27627509119221827,3,False,70th Anniversary Grand Prix,70th_anniversary_grand_prix,2020,2020-08-09,93.30290909090908,11,Opening,3.0600000000000023,False,False,False,True
LEC,Ferrari,7,0 days 00:01:33.191000,0 days 00:00:29.281000,0 days 00:00:38.164000,0 days 00:00:25.746000,Medium,10,1,,,1,True,0 days 00:44:19.908000,93.191,29.281,38.164,25.746,2659.908,2670.103,25.1,58.4,1001.0,False,43.1,285,3.0,False,True,False,EMIRATES FORMULA 1 70TH ANNIVERSARY GRAND PRIX 2020,Silverstone,Great Britain,,,Permanent,,,0.3142041613460527,0.40952452490047325,0.276271313753474,3,False,70th Anniversary Grand Prix,70th_anniversary_grand_prix,2020,2020-08-09,93.06276470588236,17,Opening,2.638999999999996,False,False,False,True
SAI,McLaren,7,0 days 00:01:34.015000,0 days 00:00:29.526000,0 days 00:00:38.382000,0 days 00:00:26.107000,Hard,7,1,,,1,True,0 days 00:44:23.042000,94.015,29.526,38.382,26.107,2663.042,2670.103,25.1,58.4,1001.0,False,43.1,285,3.0,False,True,False,EMIRATES FORMULA 1 70TH ANNIVERSARY GRAND PRIX 2020,Silverstone,Great Britain,,,Permanent,,,0.31405626761686967,0.4082540020209541,0.27768973036217626,3,False,70th Anniversary Grand Prix,70th_anniversary_grand_prix,2020,2020-08-09,93.28190476190477,21,Opening,3.459000000000003,False,False,False,True
OCO,Renault,7,0 days 00:01:34.129000,0 days 00:00:29.668000,0 days 00:00:38.407000,0 days 00:00:26.054000,Medium,7,1,,,1,True,0 days 00:44:25.164000,94.129,29.668,38.407,26.054,2665.164,2670.103,25.1,58.4,1001.0,False,43.1,285,3.0,False,True,False,EMIRATES FORMULA 1 70TH ANNIVERSARY GRAND PRIX 2020,Silverstone,Great Britain,,,Permanent,,,0.3151844808719948,0.408025156965441,0.2767903621625641,3,False,70th Anniversary Grand Prix,70th_anniversary_grand_prix,2020,2020-08-09,93.52709523809524,21,Opening,3.554000000000002,False,False,False,True
KVY,AlphaTauri,7,0 days 00:01:34.048000,0 days 00:00:29.629000,0 days 00:00:38.456000,0 days 00:00:25.963000,Hard,7,1,,,1,True,0 days 00:44:26.945000,94.048,29.629,38.456,25.963,2666.945,2670.103,25.1,58.4,1001.0,False,43.1,285,3.0,False,True,False,EMIRATES FORMULA 1 70TH ANNIVERSARY GRAND PRIX 2020,Silverstone,Great Britain,,,Permanent,,,0.3150412555290915,0.40889758421231714,0.27606116025859134,3,False,70th Anniversary Grand Prix,70th_anniversary_grand_prix,2020,2020-08-09,93.7025,18,Opening,3.3100000000000023,False,False,False,True
MAG,Haas F1 Team,7,0 days 00:01:34.452000,0 days 00:00:29.594000,0 days 00:00:38.963000,0 days 00:00:25.895000,Medium,7,1,,,1,True,0 days 00:44:29.782000,94.452,29.594,38.963,25.895,2669.782,2670.103,25.1,58.4,1001.0,False,43.1,285,3.0,False,True,False,EMIRATES FORMULA 1 70TH ANNIVERSARY GRAND PRIX 2020,Silverstone,Great Britain,,,Permanent,,,0.31332316944056243,0.41251641045186976,0.27416042010756786,3,False,70th Anniversary Grand Prix,70th_anniversary_grand_prix,2020,2020-08-09,94.82125,8,Opening,2.622,False,False,False,True
GIO,Alfa Romeo Racing,7,0 days 00:01:34.067000,0 days 00:00:29.566000,0 days 00:00:39.095000,0 days 00:00:25.406000,Medium,7,1,0 days 00:44:25.214000,,1,False,0 days 00:44:30.125000,94.067,29.566,39.095,25.406,2670.125,2670.103,25.1,58.4,1001.0,False,43.1,285,3.0,False,True,False,EMIRATES FORMULA 1 70TH ANNIVERSARY GRAND PRIX 2020,Silverstone,Great Britain,,,Permanent,7.0,,0.3143078869316551,0.4156080240679516,0.2700840890003933,3,False,70th Anniversary Grand Prix,70th_anniversary_grand_prix,2020,2020-08-09,94.87983333333334,6,Opening,2.2409999999999997,False,False,False,True
GRO,Haas F1 Team,7,0 days 00:01:34.402000,0 days 00:00:29.635000,0 days 00:00:38.965000,0 days 00:00:25.802000,Medium,10,1,,,1,True,0 days 00:44:31.133000,94.402,29.635,38.965,25.802,2671.133,2670.103,25.1,58.4,1001.0,False,43.1,285,3.0,False,True,False,EMIRATES FORMULA 1 70TH ANNIVERSARY GRAND PRIX 2020,Silverstone,Great Britain,,,Permanent,,,0.31392343382555454,0.41275608567615096,0.2733204804982945,3,False,70th Anniversary Grand Prix,70th_anniversary_grand_prix,2020,2020-08-09,94.1241875,16,Opening,3.6089999999999947,False,False,False,True
RUS,Williams,7,0 days 00:01:34.445000,0 days 00:00:29.643000,0 days 00:00:38.917000,0 days 00:00:25.885000,Medium,7,1,,,1,True,0 days 00:44:31.910000,94.445,29.643,38.917,25.885,2671.91,2670.103,25.1,58.4,1001.0,False,43.1,285,3.0,False,True,False,EMIRATES FORMULA 1 70TH ANNIVERSARY GRAND PRIX 2020,Silverstone,Great Britain,,,Permanent,,,0.3138652125575732,0.4120599290592409,0.274074858383186,3,False,70th Anniversary Grand Prix,70th_anniversary_grand_prix,2020,2020-08-09,94.84400000000001,7,Opening,3.036999999999992,False,False,False,True
VET,Ferrari,7,0 days 00:01:34.683000,0 days 00:00:29.629000,0 days 00:00:39.060000,0 days 00:00:25.994000,Hard,8,1,,,1,True,0 days 00:44:32.478000,94.683,29.629,39.06,25.994,2672.478,2670.103,25.1,58.4,1001.0,False,43.1,285,3.0,False,True,False,EMIRATES FORMULA 1 70TH ANNIVERSARY GRAND PRIX 2020,Silverstone,Great Britain,,,Permanent,,,0.3129284031980398,0.4125344570831089,0.2745371397188513,3,False,70th Anniversary Grand Prix,70th_anniversary_grand_prix,2020,2020-08-09,93.5247619047619,21,Opening,3.8980000000000103,False,False,False,True
RAI,Alfa Romeo Racing,7,0 days 00:01:34.692000,0 days 00:00:29.675000,0 days 00:00:39.226000,0 days 00:00:25.791000,Hard,7,1,,,1,True,0 days 00:44:33.163000,94.692,29.675,39.226,25.791,2673.163,2670.103,25.1,58.4,1001.0,False,43.1,285,3.0,False,True,False,EMIRATES FORMULA 1 70TH ANNIVERSARY GRAND PRIX 2020,Silverstone,Great Britain,,,Permanent,,,0.3133844464157479,0.41424829975077093,0.2723672538334812,3,False,70th Anniversary Grand Prix,70th_anniversary_grand_prix,2020,2020-08-09,94.26747999999999,25,Opening,2.935999999999993,False,False,False,True
LAT,Williams,7,0 days 00:01:34.722000,0 days 00:00:29.672000,0 days 00:00:38.880000,0 days 00:00:26.170000,Medium,7,1,,,1,True,0 days 00:44:34,94.722,29.672,38.88,26.17,2674.0,2670.103,25.1,58.4,1001.0,False,43.1,285,3.0,False,True,False,EMIRATES FORMULA 1 70TH ANNIVERSARY GRAND PRIX 2020,Silverstone,Great Britain,,,Permanent,,,0.3132535208293744,0.4104643060746184,0.2762821730960073,3,False,70th Anniversary Grand Prix,70th_anniversary_grand_prix,2020,2020-08-09,94.87025,8,Opening,4.771999999999991,False,False,False,True
ALB,Red Bull Racing,7,0 days 00:01:52.422000,0 days 00:00:49.800000,0 days 00:00:37.414000,0 days 00:00:25.208000,Hard,1,2,,0 days 00:43:07.968000,1,False,0 days 00:44:37.835000,112.422,49.8,37.414,25.208,2677.835,2670.103,25.1,58.4,1001.0,False,43.1,285,3.0,False,True,False,EMIRATES FORMULA 1 70TH ANNIVERSARY GRAND PRIX 2020,Silverstone,Great Britain,,,Permanent,,,0.44297379516464747,0.3327996299656651,0.22422657486968742,3,False,70th Anniversary Grand Prix,70th_anniversary_grand_prix,2020,2020-08-09,93.439375,24,Mid,22.944999999999993,False,False,False,True
BOT,Mercedes,8,0 days 00:01:32.574000,0 days 00:00:29.506000,0 days 00:00:37.633000,0 days 00:00:25.435000,Medium,11,1,,,1,True,0 days 00:45:34.442000,92.574,29.506,37.633,25.435,2734.442,2730.127,25.3,58.2,1000.9,False,43.6,28,1.9,False,True,False,EMIRATES FORMULA 1 70TH ANNIVERSARY GRAND PRIX 2020,Silverstone,Great Britain,,,Permanent,,,0.31872880074318927,0.4065180288201871,0.2747531704366237,3,False,70th Anniversary Grand Prix,70th_anniversary_grand_prix,2020,2020-08-09,92.22483333333334,12,Opening,2.8089999999999975,False,False,False,True
HAM,Mercedes,8,0 days 00:01:32.481000,0 days 00:00:29.259000,0 days 00:00:37.665000,0 days 00:00:25.557000,Medium,11,1,,,1,True,0 days 00:45:35.766000,92.481,29.259,37.665,25.557,2735.766,2730.127,25.3,58.2,1000.9,False,43.6,28,1.9,False,True,False,EMIRATES FORMULA 1 70TH ANNIVERSARY GRAND PRIX 2020,Silverstone,Great Britain,,,Permanent,,,0.31637849936743767,0.40727284523307494,0.27634865539948744,3,False,70th Anniversary Grand Prix,70th_anniversary_grand_prix,2020,2020-08-09,92.33015384615383,13,Opening,4.030000000000001,False,False,False,True
VER,Red Bull Racing,8,0 days 00:01:32.170000,0 days 00:00:29.176000,0 days 00:00:37.592000,0 days 00:00:25.402000,Hard,11,1,,,1,True,0 days 00:45:37.228000,92.17,29.176,37.592,25.402,2737.228,2730.127,25.3,58.2,1000.9,False,43.6,28,1.9,False,True,False,EMIRATES FORMULA 1 70TH ANNIVERSARY GRAND PRIX 2020,Silverstone,Great Britain,,,Permanent,,,0.31654551372463924,0.40785505045025494,0.27559943582510577,3,False,70th Anniversary Grand Prix,70th_anniversary_grand_prix,2020,2020-08-09,91.91712,25,Opening,2.7049999999999983,False,False,False,True
HUL,Racing Point,8,0 days 00:01:33.277000,0 days 00:00:29.549000,0 days 00:00:38.081000,0 days 00:00:25.647000,Medium,11,1,,,1,True,0 days 00:45:44.545000,93.277,29.549,38.081,25.647,2744.545,2730.127,25.3,58.2,1000.9,False,43.6,28,1.9,False,True,False,EMIRATES FORMULA 1 70TH ANNIVERSARY GRAND PRIX 2020,Silverstone,Great Britain,,,Permanent,,,0.3167876325353517,0.4082571266228545,0.2749552408417938,3,False,70th Anniversary Grand Prix,70th_anniversary_grand_prix,2020,2020-08-09,92.79464285714286,14,Opening,3.1899999999999977,False,False,False,True
STR,Racing Point,8,0 days 00:01:33.161000,0 days 00:00:29.566000,0 days 00:00:37.920000,0 days 00:00:25.675000,Medium,11,1,,,1,True,0 days 00:45:46.878000,93.161,29.566,37.92,25.675,2746.878,2730.127,25.3,58.2,1000.9,False,43.6,28,1.9,False,True,False,EMIRATES FORMULA 1 70TH ANNIVERSARY GRAND PRIX 2020,Silverstone,Great Britain,,,Permanent,,,0.31736456242419037,0.4070372795483089,0.27559815802750076,3,False,70th Anniversary Grand Prix,70th_anniversary_grand_prix,2020,2020-08-09,92.76941176470588,17,Opening,2.7819999999999965,False,False,False,True
RIC,Renault,8,0 days 00:01:33.413000,0 days 00:00:29.471000,0 days 00:00:38.281000,0 days 00:00:25.661000,Medium,11,1,,,1,True,0 days 00:45:48.807000,93.413,29.471,38.281,25.661,2748.807,2730.127,25.3,58.2,1000.9,False,43.6,28,1.9,False,True,False,EMIRATES FORMULA 1 70TH ANNIVERSARY GRAND PRIX 2020,Silverstone,Great Britain,,,Permanent,,,0.31549141982379325,0.4098037746352221,0.2747048055409847,3,False,70th Anniversary Grand Prix,70th_anniversary_grand_prix,2020,2020-08-09,93.07984615384615,13,Opening,2.2449999999999903,False,False,False,True
NOR,McLaren,8,0 days 00:01:33.181000,0 days 00:00:29.563000,0 days 00:00:37.759000,0 days 00:00:25.859000,Medium,11,1,,,1,True,0 days 00:45:52.001000,93.181,29.563,37.759,25.859,2752.001,2730.127,25.3,58.2,1000.9,False,43.6,28,1.9,False,True,False,EMIRATES FORMULA 1 70TH ANNIVERSARY GRAND PRIX 2020,Silverstone,Great Britain,,,Permanent,,,0.31726424914950474,0.40522209463302605,0.27751365621746926,3,False,70th Anniversary Grand Prix,70th_anniversary_grand_prix,2020,2020-08-09,93.30290909090908,11,Opening,2.483000000000004,False,False,False,True
LEC,Ferrari,8,0 days 00:01:33.057000,0 days 00:00:29.110000,0 days 00:00:38.305000,0 days 00:00:25.642000,Medium,11,1,,,1,True,0 days 00:45:52.965000,93.057,29.11,38.305,25.642,2752.965,2730.127,25.3,58.2,1000.9,False,43.6,28,1.9,False,True,False,EMIRATES FORMULA 1 70TH ANNIVERSARY GRAND PRIX 2020,Silverstone,Great Britain,,,Permanent,,,0.312819024898718,0.411629431423751,0.275551543677531,3,False,70th Anniversary Grand Prix,70th_anniversary_grand_prix,2020,2020-08-09,93.06276470588236,17,Opening,2.5049999999999955,False,False,False,True
SAI,McLaren,8,0 days 00:01:33.367000,0 days 00:00:29.575000,0 days 00:00:38.039000,0 days 00:00:25.753000,Hard,8,1,,,1,True,0 days 00:45:56.409000,93.367,29.575,38.039,25.753,2756.409,2730.127,25.3,58.2,1000.9,False,43.6,28,1.9,False,True,False,EMIRATES FORMULA 1 70TH ANNIVERSARY GRAND PRIX 2020,Silverstone,Great Britain,,,Permanent,,,0.3167607398759733,0.407413754324333,0.27582550579969367,3,False,70th Anniversary Grand Prix,70th_anniversary_grand_prix,2020,2020-08-09,93.28190476190477,21,Opening,2.811000000000007,False,False,False,True
OCO,Renault,8,0 days 00:01:34.225000,0 days 00:00:29.838000,0 days 00:00:38.448000,0 days 00:00:25.939000,Medium,8,1,,,1,True,0 days 00:45:59.389000,94.225,29.838,38.448,25.939,2759.389,2730.127,25.3,58.2,1000.9,False,43.6,28,1.9,False,True,False,EMIRATES FORMULA 1 70TH ANNIVERSARY GRAND PRIX 2020,Silverstone,Great Britain,,,Permanent,,,0.31666755107455563,0.40804457415760154,0.27528787476784294,3,False,70th Anniversary Grand Prix,70th_anniversary_grand_prix,2020,2020-08-09,93.52709523809524,21,Opening,3.6499999999999915,False,False,False,True
KVY,AlphaTauri,8,0 days 00:01:34.369000,0 days 00:00:29.639000,0 days 00:00:38.847000,0 days 00:00:25.883000,Hard,8,1,,,1,True,0 days 00:46:01.314000,94.369,29.639,38.847,25.883,2761.314,2790.154,25.4,57.8,1000.9,False,43.4,3,2.3,False,True,False,EMIRATES FORMULA 1 70TH ANNIVERSARY GRAND PRIX 2020,Silverstone,Great Britain,,,Permanent,,,0.31407559685913805,0.4116500121862052,0.2742743909546567,3,False,70th Anniversary Grand Prix,70th_anniversary_grand_prix,2020,2020-08-09,93.7025,18,Opening,3.6310000000000002,False,False,False,True
MAG,Haas F1 Team,8,0 days 00:01:34.360000,0 days 00:00:29.695000,0 days 00:00:38.793000,0 days 00:00:25.872000,Medium,8,1,,,1,True,0 days 00:46:04.142000,94.36,29.695,38.793,25.872,2764.142,2790.154,25.4,57.8,1000.9,False,43.4,3,2.3,False,True,False,EMIRATES FORMULA 1 70TH ANNIVERSARY GRAND PRIX 2020,Silverstone,Great Britain,,,Permanent,,,0.3146990250105977,0.4111169987282747,0.2741839762611276,3,False,70th Anniversary Grand Prix,70th_anniversary_grand_prix,2020,2020-08-09,94.82125,8,Opening,2.530000000000001,False,False,False,True
GRO,Haas F1 Team,8,0 days 00:01:33.970000,0 days 00:00:29.441000,0 days 00:00:38.699000,0 days 00:00:25.830000,Medium,11,1,,,1,True,0 days 00:46:05.103000,93.97,29.441,38.699,25.83,2765.103,2790.154,25.4,57.8,1000.9,False,43.4,3,2.3,False,True,False,EMIRATES FORMULA 1 70TH ANNIVERSARY GRAND PRIX 2020,Silverstone,Great Britain,,,Permanent,,,0.3133021176971374,0.4118229222092157,0.27487496009364687,3,False,70th Anniversary Grand Prix,70th_anniversary_grand_prix,2020,2020-08-09,94.1241875,16,Opening,3.1769999999999925,False,False,False,True
RUS,Williams,8,0 days 00:01:33.267000,0 days 00:00:29.548000,0 days 00:00:38.792000,0 days 00:00:24.927000,Medium,8,1,0 days 00:45:59.369000,,1,False,0 days 00:46:05.177000,93.267,29.548,38.792,24.927,2765.177,2790.154,25.4,57.8,1000.9,False,43.4,3,2.3,False,True,False,EMIRATES FORMULA 1 70TH ANNIVERSARY GRAND PRIX 2020,Silverstone,Great Britain,,,Permanent,8.0,,0.31681087630137134,0.4159241746812914,0.2672649490173373,3,False,70th Anniversary Grand Prix,70th_anniversary_grand_prix,2020,2020-08-09,94.84400000000001,7,Opening,1.8589999999999947,False,False,False,True
VET,Ferrari,8,0 days 00:01:33.913000,0 days 00:00:29.455000,0 days 00:00:38.777000,0 days 00:00:25.681000,Hard,9,1,,,1,True,0 days 00:46:06.391000,93.913,29.455,38.777,25.681,2766.391,2790.154,25.4,57.8,1000.9,False,43.4,3,2.3,False,True,False,EMIRATES FORMULA 1 70TH ANNIVERSARY GRAND PRIX 2020,Silverstone,Great Britain,,,Permanent,,,0.3136413489080319,0.412903431899737,0.27345521919223115,3,False,70th Anniversary Grand Prix,70th_anniversary_grand_prix,2020,2020-08-09,93.5247619047619,21,Opening,3.128,False,False,False,True
RAI,Alfa Romeo Racing,8,0 days 00:01:34.112000,0 days 00:00:29.466000,0 days 00:00:38.976000,0 days 00:00:25.670000,Hard,8,1,,,1,True,0 days 00:46:07.275000,94.112,29.466,38.976,25.67,2767.275,2790.154,25.4,57.8,1000.9,False,43.4,3,2.3,False,True,False,EMIRATES FORMULA 1 70TH ANNIVERSARY GRAND PRIX 2020,Silverstone,Great Britain,,,Permanent,,,0.31309503570214214,0.41414484869092144,0.27276011560693647,3,False,70th Anniversary Grand Prix,70th_anniversary_grand_prix,2020,2020-08-09,94.26747999999999,25,Opening,2.3559999999999945,False,False,False,True
LAT,Williams,8,0 days 00:01:34.068000,0 days 00:00:29.519000,0 days 00:00:38.650000,0 days 00:00:25.899000,Medium,8,1,,,1,True,0 days 00:46:08.068000,94.068,29.519,38.65,25.899,2768.068,2790.154,25.4,57.8,1000.9,False,43.4,3,2.3,False,True,False,EMIRATES FORMULA 1 70TH ANNIVERSARY GRAND PRIX 2020,Silverstone,Great Britain,,,Permanent,,,0.3138049070884892,0.4108729854998512,0.2753221074116597,3,False,70th Anniversary Grand Prix,70th_anniversary_grand_prix,2020,2020-08-09,94.87025,8,Opening,4.117999999999995,False,False,False,True
GAS,AlphaTauri,8,0 days 00:01:52.813000,0 days 00:00:49.173000,0 days 00:00:38.148000,0 days 00:00:25.492000,Hard,1,2,,0 days 00:44:38.545000,1,False,0 days 00:46:08.835000,112.813,49.173,38.148,25.492,2768.835,2790.154,25.4,57.8,1000.9,False,43.4,3,2.3,False,True,False,EMIRATES FORMULA 1 70TH ANNIVERSARY GRAND PRIX 2020,Silverstone,Great Britain,,,Permanent,,,0.4358806165956051,0.33815251788357725,0.22596686552081763,3,False,70th Anniversary Grand Prix,70th_anniversary_grand_prix,2020,2020-08-09,94.7295,16,Mid,22.721000000000004,False,False,False,True
ALB,Red Bull Racing,8,0 days 00:01:31.989000,0 days 00:00:29.057000,0 days 00:00:37.647000,0 days 00:00:25.285000,Hard,2,2,,,1,True,0 days 00:46:09.824000,91.989,29.057,37.647,25.285,2769.824,2790.154,25.4,57.8,1000.9,False,43.4,3,2.3,False,True,False,EMIRATES FORMULA 1 70TH ANNIVERSARY GRAND PRIX 2020,Silverstone,Great Britain,,,Permanent,,,0.31587472415180073,0.40925545445651107,0.27486982139168814,3,False,70th Anniversary Grand Prix,70th_anniversary_grand_prix,2020,2020-08-09,93.439375,24,Mid,2.5120000000000005,False,False,False,True
GIO,Alfa Romeo Racing,8,0 days 00:01:52.500000,0 days 00:00:48.955000,0 days 00:00:37.961000,0 days 00:00:25.584000,Hard,1,2,,0 days 00:44:52.201000,1,False,0 days 00:46:22.625000,112.5,48.955,37.961,25.584,2782.625,2790.154,25.4,57.8,1000.9,False,43.4,3,2.3,False,True,False,EMIRATES FORMULA 1 70TH ANNIVERSARY GRAND PRIX 2020,Silverstone,Great Britain,,,Permanent,,,0.4351555555555555,0.33743111111111107,0.22741333333333333,3,False,70th Anniversary Grand Prix,70th_anniversary_grand_prix,2020,2020-08-09,94.33988461538462,26,Mid,20.674000000000007,False,False,False,True
BOT,Mercedes,9,0 days 00:01:32.636000,0 days 00:00:29.339000,0 days 00:00:37.856000,0 days 00:00:25.441000,Medium,12,1,,,1,True,0 days 00:47:07.078000,92.636,29.339,37.856,25.441,2827.078,2850.101,25.5,58.3,1001.0,False,43.8,7,2.1,False,True,False,EMIRATES FORMULA 1 70TH ANNIVERSARY GRAND PRIX 2020,Silverstone,Great Britain,,,Permanent,,,0.31671272507448506,0.4086532233688847,0.27463405155663023,3,False,70th Anniversary Grand Prix,70th_anniversary_grand_prix,2020,2020-08-09,92.22483333333334,12,Opening,2.870999999999995,False,False,False,True
HAM,Mercedes,9,0 days 00:01:32.685000,0 days 00:00:29.309000,0 days 00:00:37.774000,0 days 00:00:25.602000,Medium,12,1,,,1,True,0 days 00:47:08.451000,92.685,29.309,37.774,25.602,2828.451,2850.101,25.5,58.3,1001.0,False,43.8,7,2.1,False,True,False,EMIRATES FORMULA 1 70TH ANNIVERSARY GRAND PRIX 2020,Silverstone,Great Britain,,,Permanent,,,0.31622161083238925,0.407552462642283,0.27622592652532774,3,False,70th Anniversary Grand Prix,70th_anniversary_grand_prix,2020,2020-08-09,92.33015384615383,13,Opening,4.234000000000009,False,False,False,True
VER,Red Bull Racing,9,0 days 00:01:32.449000,0 days 00:00:29.262000,0 days 00:00:37.667000,0 days 00:00:25.520000,Hard,12,1,,,1,True,0 days 00:47:09.677000,92.449,29.262,37.667,25.52,2829.677,2850.101,25.5,58.3,1001.0,False,43.8,7,2.1,False,True,False,EMIRATES FORMULA 1 70TH ANNIVERSARY GRAND PRIX 2020,Silverstone,Great Britain,,,Permanent,,,0.3165204599292583,0.40743545089725147,0.27604408917349027,3,False,70th Anniversary Grand Prix,70th_anniversary_grand_prix,2020,2020-08-09,91.91712,25,Opening,2.9839999999999947,False,False,False,True
HUL,Racing Point,9,0 days 00:01:33.050000,0 days 00:00:29.396000,0 days 00:00:37.952000,0 days 00:00:25.702000,Medium,12,1,,,1,True,0 days 00:47:17.595000,93.05,29.396,37.952,25.702,2837.595,2850.101,25.5,58.3,1001.0,False,43.8,7,2.1,False,True,False,EMIRATES FORMULA 1 70TH ANNIVERSARY GRAND PRIX 2020,Silverstone,Great Britain,,,Permanent,,,0.31591617409994627,0.40786673831273507,0.27621708758731867,3,False,70th Anniversary Grand Prix,70th_anniversary_grand_prix,2020,2020-08-09,92.79464285714286,14,Opening,2.962999999999994,False,False,False,True
STR,Racing Point,9,0 days 00:01:33.154000,0 days 00:00:29.541000,0 days 00:00:37.759000,0 days 00:00:25.854000,Medium,12,1,,,1,True,0 days 00:47:20.032000,93.154,29.541,37.759,25.854,2840.032,2850.101,25.5,58.3,1001.0,False,43.8,7,2.1,False,True,False,EMIRATES FORMULA 1 70TH ANNIVERSARY GRAND PRIX 2020,Silverstone,Great Britain,,,Permanent,,,0.3171200377868905,0.40533954526912425,0.27754041694398524,3,False,70th Anniversary Grand Prix,70th_anniversary_grand_prix,2020,2020-08-09,92.76941176470588,17,Opening,2.7749999999999915,False,False,False,True
RIC,Renault,9,0 days 00:01:33.003000,0 days 00:00:29.349000,0 days 00:00:38.057000,0 days 00:00:25.597000,Medium,12,1,,,1,True,0 days 00:47:21.810000,93.003,29.349,38.057,25.597,2841.81,2850.101,25.5,58.3,1001.0,False,43.8,7,2.1,False,True,False,EMIRATES FORMULA 1 70TH ANNIVERSARY GRAND PRIX 2020,Silverstone,Great Britain,,,Permanent,,,0.31557046546885587,0.409201853703644,0.2752276808275002,3,False,70th Anniversary Grand Prix,70th_anniversary_grand_prix,2020,2020-08-09,93.07984615384615,13,Opening,1.8349999999999937,False,False,False,True
NOR,McLaren,9,0 days 00:01:32.752000,0 days 00:00:29.423000,0 days 00:00:37.559000,0 days 00:00:25.770000,Medium,12,1,,,1,True,0 days 00:47:24.753000,92.752,29.423,37.559,25.77,2844.753,2850.101,25.5,58.3,1001.0,False,43.8,7,2.1,False,True,False,EMIRATES FORMULA 1 70TH ANNIVERSARY GRAND PRIX 2020,Silverstone,Great Britain,,,Permanent,,,0.3172222701397274,0.404940055200966,0.27783767465930653,3,False,70th Anniversary Grand Prix,70th_anniversary_grand_prix,2020,2020-08-09,93.30290909090908,11,Opening,2.054000000000002,False,False,False,True
LEC,Ferrari,9,0 days 00:01:32.831000,0 days 00:00:29.115000,0 days 00:00:38.145000,0 days 00:00:25.571000,Medium,12,1,,,1,True,0 days 00:47:25.796000,92.831,29.115,38.145,25.571,2845.796,2850.101,25.5,58.3,1001.0,False,43.8,7,2.1,False,True,False,EMIRATES FORMULA 1 70TH ANNIVERSARY GRAND PRIX 2020,Silverstone,Great Britain,,,Permanent,,,0.31363445400782064,0.41090799409679957,0.2754575518953798,3,False,70th Anniversary Grand Prix,70th_anniversary_grand_prix,2020,2020-08-09,93.06276470588236,17,Opening,2.2789999999999964,False,False,False,True
SAI,McLaren,9,0 days 00:01:33.154000,0 days 00:00:29.402000,0 days 00:00:37.912000,0 days 00:00:25.840000,Hard,9,1,,,1,True,0 days 00:47:29.563000,93.154,29.402,37.912,25.84,2849.563,2850.101,25.5,58.3,1001.0,False,43.8,7,2.1,False,True,False,EMIRATES FORMULA 1 70TH ANNIVERSARY GRAND PRIX 2020,Silverstone,Great Britain,,,Permanent,,,0.3156278850076218,0.40698198681752795,0.27739012817485026,3,False,70th Anniversary Grand Prix,70th_anniversary_grand_prix,2020,2020-08-09,93.28190476190477,21,Opening,2.597999999999999,False,False,False,True
OCO,Renault,9,0 days 00:01:34,0 days 00:00:29.659000,0 days 00:00:38.460000,0 days 00:00:25.881000,Medium,9,1,,,1,True,0 days 00:47:33.389000,94.0,29.659,38.46,25.881,2853.389,2850.101,25.5,58.3,1001.0,False,43.8,7,2.1,False,True,False,EMIRATES FORMULA 1 70TH ANNIVERSARY GRAND PRIX 2020,Silverstone,Great Britain,,,Permanent,,,0.3155212765957447,0.40914893617021275,0.27532978723404256,3,False,70th Anniversary Grand Prix,70th_anniversary_grand_prix,2020,2020-08-09,93.52709523809524,21,Opening,3.424999999999997,False,False,False,True
KVY,AlphaTauri,9,0 days 00:01:34.013000,0 days 00:00:29.641000,0 days 00:00:38.359000,0 days 00:00:26.013000,Hard,9,1,,,1,True,0 days 00:47:35.327000,94.013,29.641,38.359,26.013,2855.327,2850.101,25.5,58.3,1001.0,False,43.8,7,2.1,False,True,False,EMIRATES FORMULA 1 70TH ANNIVERSARY GRAND PRIX 2020,Silverstone,Great Britain,,,Permanent,,,0.3152861838256411,0.4080180400582898,0.27669577611606905,3,False,70th Anniversary Grand Prix,70th_anniversary_grand_prix,2020,2020-08-09,93.7025,18,Opening,3.2750000000000057,False,False,False,True
MAG,Haas F1 Team,9,0 days 00:01:33.626000,0 days 00:00:29.580000,0 days 00:00:38.809000,0 days 00:00:25.237000,Medium,9,1,0 days 00:47:32.162000,,1,False,0 days 00:47:37.768000,93.626,29.58,38.809,25.237,2857.768,2850.101,25.5,58.3,1001.0,False,43.8,7,2.1,False,True,False,EMIRATES FORMULA 1 70TH ANNIVERSARY GRAND PRIX 2020,Silverstone,Great Britain,,,Permanent,9.0,,0.315937880503279,0.4145109264520539,0.26955119304466707,3,False,70th Anniversary Grand Prix,70th_anniversary_grand_prix,2020,2020-08-09,94.82125,8,Opening,1.7960000000000065,False,False,False,True
GRO,Haas F1 Team,9,0 days 00:01:33.996000,0 days 00:00:29.411000,0 days 00:00:38.711000,0 days 00:00:25.874000,Medium,12,1,,,1,True,0 days 00:47:39.099000,93.996,29.411,38.711,25.874,2859.099,2850.101,25.5,58.3,1001.0,False,43.8,7,2.1,False,True,False,EMIRATES FORMULA 1 70TH ANNIVERSARY GRAND PRIX 2020,Silverstone,Great Britain,,,Permanent,,,0.31289629345929615,0.4118366739010171,0.27526703263968677,3,False,70th Anniversary Grand Prix,70th_anniversary_grand_prix,2020,2020-08-09,94.1241875,16,Opening,3.2029999999999887,False,False,False,True
VET,Ferrari,9,0 days 00:01:33.687000,0 days 00:00:29.424000,0 days 00:00:38.266000,0 days 00:00:25.997000,Hard,10,1,,,1,True,0 days 00:47:40.078000,93.687,29.424,38.266,25.997,2860.078,2850.101,25.5,58.3,1001.0,False,43.8,7,2.1,False,True,False,EMIRATES FORMULA 1 70TH ANNIVERSARY GRAND PRIX 2020,Silverstone,Great Britain,,,Permanent,,,0.3140670530596561,0.40844514180195757,0.27748780513838633,3,False,70th Anniversary Grand Prix,70th_anniversary_grand_prix,2020,2020-08-09,93.5247619047619,21,Opening,2.902000000000001,False,False,False,True
LAT,Williams,9,0 days 00:01:33.133000,0 days 00:00:29.527000,0 days 00:00:38.717000,0 days 00:00:24.889000,Medium,9,1,0 days 00:47:35.388000,,1,False,0 days 00:47:41.201000,93.133,29.527,38.717,24.889,2861.201,2850.101,25.5,58.3,1001.0,False,43.8,7,2.1,False,True,False,EMIRATES FORMULA 1 70TH ANNIVERSARY GRAND PRIX 2020,Silverstone,Great Britain,,,Permanent,9.0,,0.3170412206199736,0.41571730750646924,0.2672414718735572,3,False,70th Anniversary Grand Prix,70th_anniversary_grand_prix,2020,2020-08-09,94.87025,8,Opening,3.1829999999999927,False,False,False,True
RAI,Alfa Romeo Racing,9,0 days 00:01:34.153000,0 days 00:00:29.505000,0 days 00:00:38.524000,0 days 00:00:26.124000,Hard,9,1,,,1,True,0 days 00:47:41.428000,94.153,29.505,38.524,26.124,2861.428,2850.101,25.5,58.3,1001.0,False,43.8,7,2.1,False,True,False,EMIRATES FORMULA 1 70TH ANNIVERSARY GRAND PRIX 2020,Silverstone,Great Britain,,,Permanent,,,0.3133729142990664,0.4091638078446783,0.27746327785625524,3,False,70th Anniversary Grand Prix,70th_anniversary_grand_prix,2020,2020-08-09,94.26747999999999,25,Opening,2.3970000000000056,False,False,False,True
GAS,AlphaTauri,9,0 days 00:01:33.844000,0 days 00:00:29.158000,0 days 00:00:38.844000,0 days 00:00:25.842000,Hard,2,2,,,1,True,0 days 00:47:42.679000,93.844,29.158,38.844,25.842,2862.679,2850.101,25.5,58.3,1001.0,False,43.8,7,2.1,False,True,False,EMIRATES FORMULA 1 70TH ANNIVERSARY GRAND PRIX 2020,Silverstone,Great Britain,,,Permanent,,,0.3107071309833341,0.41392097523549726,0.2753718937811688,3,False,70th Anniversary Grand Prix,70th_anniversary_grand_prix,2020,2020-08-09,94.7295,16,Mid,3.7519999999999953,False,False,False,True
ALB,Red Bull Racing,9,0 days 00:01:33.411000,0 days 00:00:28.908000,0 days 00:00:38.808000,0 days 00:00:25.695000,Hard,3,2,,,1,True,0 days 00:47:43.235000,93.411,28.908,38.808,25.695,2863.235,2850.101,25.5,58.3,1001.0,False,43.8,7,2.1,False,True,False,EMIRATES FORMULA 1 70TH ANNIVERSARY GRAND PRIX 2020,Silverstone,Great Britain,,,Permanent,,,0.3094710473070623,0.4154542826861933,0.2750746700067444,3,False,70th Anniversary Grand Prix,70th_anniversary_grand_prix,2020,2020-08-09,93.439375,24,Mid,3.9339999999999975,False,False,False,True
GIO,Alfa Romeo Racing,9,0 days 00:01:32.892000,0 days 00:00:29.323000,0 days 00:00:37.882000,0 days 00:00:25.687000,Hard,2,2,,,1,True,0 days 00:47:55.517000,92.892,29.323,37.882,25.687,2875.517,2850.101,25.5,58.3,1001.0,False,43.8,7,2.1,False,True,False,EMIRATES FORMULA 1 70TH ANNIVERSARY GRAND PRIX 2020,Silverstone,Great Britain,,,Permanent,,,0.3156676570641175,0.40780691555785215,0.27652542737803043,3,False,70th Anniversary Grand Prix,70th_anniversary_grand_prix,2020,2020-08-09,94.33988461538462,26,Mid,1.0660000000000025,False,False,False,True
RUS,Williams,9,0 days 00:01:51.729000,0 days 00:00:49.062000,0 days 00:00:37.431000,0 days 00:00:25.236000,Hard,1,2,,0 days 00:46:27.748000,1,False,0 days 00:47:56.906000,111.729,49.062,37.431,25.236,2876.906,2850.101,25.5,58.3,1001.0,False,43.8,7,2.1,False,True,False,EMIRATES FORMULA 1 70TH ANNIVERSARY GRAND PRIX 2020,Silverstone,Great Britain,,,Permanent,,,0.4391160755041216,0.3350159761565932,0.22586794833928525,3,False,70th Anniversary Grand Prix,70th_anniversary_grand_prix,2020,2020-08-09,94.54925,16,Mid,20.320999999999998,False,False,False,True
BOT,Mercedes,10,0 days 00:01:32.583000,0 days 00:00:29.489000,0 days 00:00:37.643000,0 days 00:00:25.451000,Medium,13,1,,,1,True,0 days 00:48:39.661000,92.583,29.489,37.643,25.451,2919.661,2910.119,25.4,58.1,1000.9,False,43.8,354,1.9,False,True,False,EMIRATES FORMULA 1 70TH ANNIVERSARY GRAND PRIX 2020,Silverstone,Great Britain,,,Permanent,,,0.3185141980709202,0.4065865223637169,0.274899279565363,3,False,70th Anniversary Grand Prix,70th_anniversary_grand_prix,2020,2020-08-09,92.22483333333334,12,Opening,2.817999999999998,False,False,False,True
HAM,Mercedes,10,0 days 00:01:32.615000,0 days 00:00:29.343000,0 days 00:00:37.683000,0 days 00:00:25.589000,Medium,13,1,,,1,True,0 days 00:48:41.066000,92.615,29.343,37.683,25.589,2921.066,2910.119,25.4,58.1,1000.9,False,43.8,354,1.9,False,True,False,EMIRATES FORMULA 1 70TH ANNIVERSARY GRAND PRIX 2020,Silverstone,Great Britain,,,Permanent,,,0.3168277276898991,0.40687793553959944,0.2762943367705015,3,False,70th Anniversary Grand Prix,70th_anniversary_grand_prix,2020,2020-08-09,92.33015384615383,13,Opening,4.1640000000000015,False,False,False,True
VER,Red Bull Racing,10,0 days 00:01:32.360000,0 days 00:00:29.196000,0 days 00:00:37.624000,0 days 00:00:25.540000,Hard,13,1,,,1,True,0 days 00:48:42.037000,92.36,29.196,37.624,25.54,2922.037,2910.119,25.4,58.1,1000.9,False,43.8,354,1.9,False,True,False,EMIRATES FORMULA 1 70TH ANNIVERSARY GRAND PRIX 2020,Silverstone,Great Britain,,,Permanent,,,0.3161108705067129,0.40736249458640106,0.2765266349068861,3,False,70th Anniversary Grand Prix,70th_anniversary_grand_prix,2020,2020-08-09,91.91712,25,Opening,2.894999999999996,False,False,False,True
HUL,Racing Point,10,0 days 00:01:32.848000,0 days 00:00:29.483000,0 days 00:00:37.664000,0 days 00:00:25.701000,Medium,13,1,,,1,True,0 days 00:48:50.443000,92.848,29.483,37.664,25.701,2930.443,2910.119,25.4,58.1,1000.9,False,43.8,354,1.9,False,True,False,EMIRATES FORMULA 1 70TH ANNIVERSARY GRAND PRIX 2020,Silverstone,Great Britain,,,Permanent,,,0.31754049629501985,0.40565224883680856,0.27680725486817165,3,False,70th Anniversary Grand Prix,70th_anniversary_grand_prix,2020,2020-08-09,92.79464285714286,14,Opening,2.7609999999999957,False,False,False,True
STR,Racing Point,10,0 days 00:01:32.657000,0 days 00:00:29.500000,0 days 00:00:37.552000,0 days 00:00:25.605000,Medium,13,1,,,1,True,0 days 00:48:52.689000,92.657,29.5,37.552,25.605,2932.689,2910.119,25.4,58.1,1000.9,False,43.8,354,1.9,False,True,False,EMIRATES FORMULA 1 70TH ANNIVERSARY GRAND PRIX 2020,Silverstone,Great Britain,,,Permanent,,,0.31837853589043463,0.4052796874494102,0.2763417766601552,3,False,70th Anniversary Grand Prix,70th_anniversary_grand_prix,2020,2020-08-09,92.76941176470588,17,Opening,2.2779999999999916,False,False,False,True
RIC,Renault,10,0 days 00:01:32.744000,0 days 00:00:29.383000,0 days 00:00:37.931000,0 days 00:00:25.430000,Medium,13,1,,,1,True,0 days 00:48:54.554000,92.744,29.383,37.931,25.43,2934.554,2910.119,25.4,58.1,1000.9,False,43.8,354,1.9,False,True,False,EMIRATES FORMULA 1 70TH ANNIVERSARY GRAND PRIX 2020,Silverstone,Great Britain,,,Permanent,,,0.3168183386526352,0.4089860260502027,0.27419563529716207,3,False,70th Anniversary Grand Prix,70th_anniversary_grand_prix,2020,2020-08-09,93.07984615384615,13,Opening,1.5759999999999934,False,False,False,True
NOR,McLaren,10,0 days 00:01:33.128000,0 days 00:00:29.525000,0 days 00:00:37.604000,0 days 00:00:25.999000,Medium,13,1,,,1,True,0 days 00:48:57.881000,93.128,29.525,37.604,25.999,2937.881,2910.119,25.4,58.1,1000.9,False,43.8,354,1.9,False,True,False,EMIRATES FORMULA 1 70TH ANNIVERSARY GRAND PRIX 2020,Silverstone,Great Britain,,,Permanent,,,0.3170367666008075,0.4037883343355382,0.27917489906365434,3,False,70th Anniversary Grand Prix,70th_anniversary_grand_prix,2020,2020-08-09,93.30290909090908,11,Opening,2.430000000000007,False,False,False,True
LEC,Ferrari,10,0 days 00:01:33.132000,0 days 00:00:28.985000,0 days 00:00:38.321000,0 days 00:00:25.826000,Medium,13,1,,,1,True,0 days 00:48:58.928000,93.132,28.985,38.321,25.826,2938.928,2910.119,25.4,58.1,1000.9,False,43.8,354,1.9,False,True,False,EMIRATES FORMULA 1 70TH ANNIVERSARY GRAND PRIX 2020,Silverstone,Great Britain,,,Permanent,,,0.3112249280590989,0.4114697418717519,0.27730533006914915,3,False,70th Anniversary Grand Prix,70th_anniversary_grand_prix,2020,2020-08-09,93.06276470588236,17,Opening,2.5799999999999983,False,False,False,True
SAI,McLaren,10,0 days 00:01:33.163000,0 days 00:00:29.518000,0 days 00:00:37.815000,0 days 00:00:25.830000,Hard,10,1,,,1,True,0 days 00:49:02.726000,93.163,29.518,37.815,25.83,2942.726,2970.13,25.5,58.5,1000.9,False,44.0,22,2.1,False,True,False,EMIRATES FORMULA 1 70TH ANNIVERSARY GRAND PRIX 2020,Silverstone,Great Britain,,,Permanent,,,0.31684252331934354,0.4059014844949175,0.277255992185739,3,False,70th Anniversary Grand Prix,70th_anniversary_grand_prix,2020,2020-08-09,93.28190476190477,21,Opening,2.6069999999999993,False,False,False,True
OCO,Renault,10,0 days 00:01:33.892000,0 days 00:00:29.811000,0 days 00:00:38.212000,0 days 00:00:25.869000,Medium,10,1,,,1,True,0 days 00:49:07.281000,93.892,29.811,38.212,25.869,2947.281,2970.13,25.5,58.5,1000.9,False,44.0,22,2.1,False,True,False,EMIRATES FORMULA 1 70TH ANNIVERSARY GRAND PRIX 2020,Silverstone,Great Britain,,,Permanent,,,0.3175030886550505,0.40697823030716146,0.2755186810377881,3,False,70th Anniversary Grand Prix,70th_anniversary_grand_prix,2020,2020-08-09,93.52709523809524,21,Opening,3.316999999999993,False,False,False,True
KVY,AlphaTauri,10,0 days 00:01:33.730000,0 days 00:00:29.526000,0 days 00:00:38.216000,0 days 00:00:25.988000,Hard,10,1,,,1,True,0 days 00:49:09.057000,93.73,29.526,38.216,25.988,2949.057,2970.13,25.5,58.5,1000.9,False,44.0,22,2.1,False,True,False,EMIRATES FORMULA 1 70TH ANNIVERSARY GRAND PRIX 2020,Silverstone,Great Britain,,,Permanent,,,0.31501120238984315,0.407724314520431,0.2772644830897258,3,False,70th Anniversary Grand Prix,70th_anniversary_grand_prix,2020,2020-08-09,93.7025,18,Opening,2.9920000000000044,False,False,False,True
GRO,Haas F1 Team,10,0 days 00:01:33.802000,0 days 00:00:29.612000,0 days 00:00:38.238000,0 days 00:00:25.952000,Medium,13,1,,,1,True,0 days 00:49:12.901000,93.802,29.612,38.238,25.952,2952.901,2970.13,25.5,58.5,1000.9,False,44.0,22,2.1,False,True,False,EMIRATES FORMULA 1 70TH ANNIVERSARY GRAND PRIX 2020,Silverstone,Great Britain,,,Permanent,,,0.3156862327029274,0.40764589241167565,0.2766678748853969,3,False,70th Anniversary Grand Prix,70th_anniversary_grand_prix,2020,2020-08-09,94.1241875,16,Opening,3.0090000000000003,False,False,False,True
VET,Ferrari,10,0 days 00:01:33.588000,0 days 00:00:29.362000,0 days 00:00:38.370000,0 days 00:00:25.856000,Hard,11,1,,,1,True,0 days 00:49:13.666000,93.588,29.362,38.37,25.856,2953.666,2970.13,25.5,58.5,1000.9,False,44.0,22,2.1,False,True,False,EMIRATES FORMULA 1 70TH ANNIVERSARY GRAND PRIX 2020,Silverstone,Great Britain,,,Permanent,,,0.3137368038637432,0.40998846005898193,0.2762747360772749,3,False,70th Anniversary Grand Prix,70th_anniversary_grand_prix,2020,2020-08-09,93.5247619047619,21,Opening,2.8029999999999973,False,False,False,True
GAS,AlphaTauri,10,0 days 00:01:33.188000,0 days 00:00:29.253000,0 days 00:00:37.888000,0 days 00:00:26.047000,Hard,3,2,,,1,True,0 days 00:49:15.867000,93.188,29.253,37.888,26.047,2955.867,2970.13,25.5,58.5,1000.9,False,44.0,22,2.1,False,True,False,EMIRATES FORMULA 1 70TH ANNIVERSARY GRAND PRIX 2020,Silverstone,Great Britain,,,Permanent,,,0.3139138086448899,0.4065759539854917,0.2795102373696184,3,False,70th Anniversary Grand Prix,70th_anniversary_grand_prix,2020,2020-08-09,94.7295,16,Mid,3.0960000000000036,False,False,False,True
RAI,Alfa Romeo Racing,10,0 days 00:01:34.758000,0 days 00:00:29.622000,0 days 00:00:38.349000,0 days 00:00:26.787000,Hard,10,1,,,1,True,0 days 00:49:16.186000,94.758,29.622,38.349,26.787,2956.186,2970.13,25.5,58.5,1000.9,False,44.0,22,2.1,False,True,False,EMIRATES FORMULA 1 70TH ANNIVERSARY GRAND PRIX 2020,Silverstone,Great Britain,,,Permanent,,,0.3126068511365795,0.40470461596910023,0.2826885328943203,3,False,70th Anniversary Grand Prix,70th_anniversary_grand_prix,2020,2020-08-09,94.26747999999999,25,Opening,3.0019999999999953,False,False,False,True
ALB,Red Bull Racing,10,0 days 00:01:34.107000,0 days 00:00:28.961000,0 days 00:00:38.324000,0 days 00:00:26.822000,Hard,4,2,,,1,True,0 days 00:49:17.342000,94.107,28.961,38.324,26.822,2957.342,2970.13,25.5,58.5,1000.9,False,44.0,22,2.1,False,True,False,EMIRATES FORMULA 1 70TH ANNIVERSARY GRAND PRIX 2020,Silverstone,Great Britain,,,Permanent,,,0.3077454387027532,0.4072385688631026,0.2850159924341441,3,False,70th Anniversary Grand Prix,70th_anniversary_grand_prix,2020,2020-08-09,93.439375,24,Mid,4.6299999999999955,False,False,False,True
GIO,Alfa Romeo Racing,10,0 days 00:01:32.838000,0 days 00:00:29.325000,0 days 00:00:37.781000,0 days 00:00:25.732000,Hard,3,2,,,1,True,0 days 00:49:28.355000,92.838,29.325,37.781,25.732,2968.355,2970.13,25.5,58.5,1000.9,False,44.0,22,2.1,False,True,False,EMIRATES FORMULA 1 70TH ANNIVERSARY GRAND PRIX 2020,Silverstone,Great Britain,,,Permanent,,,0.31587281070251405,0.4069562032788298,0.27717098601865614,3,False,70th Anniversary Grand Prix,70th_anniversary_grand_prix,2020,2020-08-09,94.33988461538462,26,Mid,1.0120000000000005,False,False,False,True
RUS,Williams,10,0 days 00:01:32.534000,0 days 00:00:29.221000,0 days 00:00:37.646000,0 days 00:00:25.667000,Hard,2,2,,,1,True,0 days 00:49:29.440000,92.534,29.221,37.646,25.667,2969.44,2970.13,25.5,58.5,1000.9,False,44.0,22,2.1,False,True,False,EMIRATES FORMULA 1 70TH ANNIVERSARY GRAND PRIX 2020,Silverstone,Great Britain,,,Permanent,,,0.3157866297793243,0.40683424471005253,0.2773791255106231,3,False,70th Anniversary Grand Prix,70th_anniversary_grand_prix,2020,2020-08-09,94.54925,16,Mid,1.1260000000000048,False,False,False,True
MAG,Haas F1 Team,10,0 days 00:01:54.192000,0 days 00:00:50.223000,0 days 00:00:38.345000,0 days 00:00:25.624000,Hard,2,2,,0 days 00:48:00.867000,1,False,0 days 00:49:31.960000,114.192,50.223,38.345,25.624,2971.96,2970.13,25.5,58.5,1000.9,False,44.0,22,2.1,False,True,False,EMIRATES FORMULA 1 70TH ANNIVERSARY GRAND PRIX 2020,Silverstone,Great Britain,,,Permanent,,,0.43981189575451873,0.3357941011629536,0.2243940030825277,3,False,70th Anniversary Grand Prix,70th_anniversary_grand_prix,2020,2020-08-09,95.60209090909092,11,Mid,22.361999999999995,False,False,False,True
LAT,Williams,10,0 days 00:01:52.534000,0 days 00:00:49.343000,0 days 00:00:37.512000,0 days 00:00:25.679000,Hard,1,2,,0 days 00:48:04.058000,1,False,0 days 00:49:33.735000,112.534,49.343,37.512,25.679,2973.735,2970.13,25.5,58.5,1000.9,False,44.0,22,2.1,False,True,False,EMIRATES FORMULA 1 70TH ANNIVERSARY GRAND PRIX 2020,Silverstone,Great Britain,,,Permanent,,,0.438471928483836,0.33333925746885384,0.22818881404731012,3,False,70th Anniversary Grand Prix,70th_anniversary_grand_prix,2020,2020-08-09,94.40805882352942,17,Mid,22.584000000000003,False,False,False,True
BOT,Mercedes,11,0 days 00:01:32.673000,0 days 00:00:29.595000,0 days 00:00:37.657000,0 days 00:00:25.421000,Medium,14,1,,,1,True,0 days 00:50:12.334000,92.673,29.595,37.657,25.421,3012.334,3030.127,25.7,57.3,1000.9,False,44.0,10,3.0,False,True,False,EMIRATES FORMULA 1 70TH ANNIVERSARY GRAND PRIX 2020,Silverstone,Great Britain,,,Permanent,,,0.3193486776083649,0.40634273197155585,0.2743085904200792,3,False,70th Anniversary Grand Prix,70th_anniversary_grand_prix,2020,2020-08-09,92.22483333333334,12,Opening,2.9080000000000013,False,False,False,True
HAM,Mercedes,11,0 days 00:01:32.752000,0 days 00:00:29.335000,0 days 00:00:37.720000,0 days 00:00:25.697000,Medium,14,1,,,1,True,0 days 00:50:13.818000,92.752,29.335,37.72,25.697,3013.818,3030.127,25.7,57.3,1000.9,False,44.0,10,3.0,False,True,False,EMIRATES FORMULA 1 70TH ANNIVERSARY GRAND PRIX 2020,Silverstone,Great Britain,,,Permanent,,,0.3162735035363119,0.4066758668276695,0.2770506296360186,3,False,70th Anniversary Grand Prix,70th_anniversary_grand_prix,2020,2020-08-09,92.33015384615383,13,Opening,4.301000000000002,False,False,False,True
VER,Red Bull Racing,11,0 days 00:01:32.560000,0 days 00:00:29.221000,0 days 00:00:37.793000,0 days 00:00:25.546000,Hard,14,1,,,1,True,0 days 00:50:14.597000,92.56,29.221,37.793,25.546,3014.597,3030.127,25.7,57.3,1000.9,False,44.0,10,3.0,False,True,False,EMIRATES FORMULA 1 70TH ANNIVERSARY GRAND PRIX 2020,Silverstone,Great Britain,,,Permanent,,,0.3156979256698358,0.40830812445980985,0.27599394987035436,3,False,70th Anniversary Grand Prix,70th_anniversary_grand_prix,2020,2020-08-09,91.91712,25,Opening,3.094999999999999,False,False,False,True
HUL,Racing Point,11,0 days 00:01:32.493000,0 days 00:00:29.301000,0 days 00:00:37.622000,0 days 00:00:25.570000,Medium,14,1,,,1,True,0 days 00:50:22.936000,92.493,29.301,37.622,25.57,3022.936,3030.127,25.7,57.3,1000.9,False,44.0,10,3.0,False,True,False,EMIRATES FORMULA 1 70TH ANNIVERSARY GRAND PRIX 2020,Silverstone,Great Britain,,,Permanent,,,0.31679154098147966,0.4067551057917897,0.2764533532267307,3,False,70th Anniversary Grand Prix,70th_anniversary_grand_prix,2020,2020-08-09,92.79464285714286,14,Opening,2.4059999999999917,False,False,False,True
STR,Racing Point,11,0 days 00:01:32.728000,0 days 00:00:29.405000,0 days 00:00:37.625000,0 days 00:00:25.698000,Medium,14,1,,,1,True,0 days 00:50:25.417000,92.728,29.405,37.625,25.698,3025.417,3030.127,25.7,57.3,1000.9,False,44.0,10,3.0,False,True,False,EMIRATES FORMULA 1 70TH ANNIVERSARY GRAND PRIX 2020,Silverstone,Great Britain,,,Permanent,,,0.31711025795876113,0.405756621516694,0.2771331205245449,3,False,70th Anniversary Grand Prix,70th_anniversary_grand_prix,2020,2020-08-09,92.76941176470588,17,Opening,2.3489999999999895,False,False,False,True
RIC,Renault,11,0 days 00:01:32.746000,0 days 00:00:29.317000,0 days 00:00:37.969000,0 days 00:00:25.460000,Medium,14,1,,,1,True,0 days 00:50:27.300000,92.746,29.317,37.969,25.46,3027.3,3030.127,25.7,57.3,1000.9,False,44.0,10,3.0,False,True,False,EMIRATES FORMULA 1 70TH ANNIVERSARY GRAND PRIX 2020,Silverstone,Great Britain,,,Permanent,,,0.31609988570935676,0.4093869277381235,0.27451318655251983,3,False,70th Anniversary Grand Prix,70th_anniversary_grand_prix,2020,2020-08-09,93.07984615384615,13,Opening,1.5779999999999887,False,False,False,True
NOR,McLaren,11,0 days 00:01:32.827000,0 days 00:00:29.472000,0 days 00:00:37.597000,0 days 00:00:25.758000,Medium,14,1,,,1,True,0 days 00:50:30.708000,92.827,29.472,37.597,25.758,3030.708,3030.127,25.7,57.3,1000.9,False,44.0,10,3.0,False,True,False,EMIRATES FORMULA 1 70TH ANNIVERSARY GRAND PRIX 2020,Silverstone,Great Britain,,,Permanent,,,0.31749383261335606,0.40502224568282935,0.27748392170381464,3,False,70th Anniversary Grand Prix,70th_anniversary_grand_prix,2020,2020-08-09,93.30290909090908,11,Opening,2.129000000000005,False,False,False,True
LEC,Ferrari,11,0 days 00:01:32.946000,0 days 00:00:29.147000,0 days 00:00:38.094000,0 days 00:00:25.705000,Medium,14,1,,,1,True,0 days 00:50:31.874000,92.946,29.147,38.094,25.705,3031.874,3030.127,25.7,57.3,1000.9,False,44.0,10,3.0,False,True,False,EMIRATES FORMULA 1 70TH ANNIVERSARY GRAND PRIX 2020,Silverstone,Great Britain,,,Permanent,,,0.313590687065608,0.40985088115680074,0.27655843177759126,3,False,70th Anniversary Grand Prix,70th_anniversary_grand_prix,2020,2020-08-09,93.06276470588236,17,Opening,2.3939999999999912,False,False,False,True
SAI,McLaren,11,0 days 00:01:33.097000,0 days 00:00:29.492000,0 days 00:00:37.796000,0 days 00:00:25.809000,Hard,11,1,,,1,True,0 days 00:50:35.823000,93.097,29.492,37.796,25.809,3035.823,3030.127,25.7,57.3,1000.9,False,44.0,10,3.0,False,True,False,EMIRATES FORMULA 1 70TH ANNIVERSARY GRAND PRIX 2020,Silverstone,Great Britain,,,Permanent,,,0.31678786641889645,0.4059851552681612,0.27722697831294246,3,False,70th Anniversary Grand Prix,70th_anniversary_grand_prix,2020,2020-08-09,93.28190476190477,21,Opening,2.540999999999997,False,False,False,True
OCO,Renault,11,0 days 00:01:33.853000,0 days 00:00:29.662000,0 days 00:00:38.233000,0 days 00:00:25.958000,Medium,11,1,,,1,True,0 days 00:50:41.134000,93.853,29.662,38.233,25.958,3041.134,3030.127,25.7,57.3,1000.9,False,44.0,10,3.0,False,True,False,EMIRATES FORMULA 1 70TH ANNIVERSARY GRAND PRIX 2020,Silverstone,Great Britain,,,Permanent,,,0.3160474358837757,0.4073711016163575,0.2765814624998668,3,False,70th Anniversary Grand Prix,70th_anniversary_grand_prix,2020,2020-08-09,93.52709523809524,21,Opening,3.2779999999999916,False,False,False,True
KVY,AlphaTauri,11,0 days 00:01:33.594000,0 days 00:00:29.495000,0 days 00:00:38.234000,0 days 00:00:25.865000,Hard,11,1,,,1,True,0 days 00:50:42.651000,93.594,29.495,38.234,25.865,3042.651,3030.127,25.7,57.3,1000.9,False,44.0,10,3.0,False,True,False,EMIRATES FORMULA 1 70TH ANNIVERSARY GRAND PRIX 2020,Silverstone,Great Britain,,,Permanent,,,0.3151377225035793,0.4085090924631921,0.27635318503322864,3,False,70th Anniversary Grand Prix,70th_anniversary_grand_prix,2020,2020-08-09,93.7025,18,Opening,2.8559999999999945,False,False,False,True
GRO,Haas F1 Team,11,0 days 00:01:33.576000,0 days 00:00:29.613000,0 days 00:00:38.156000,0 days 00:00:25.807000,Medium,14,1,,,1,True,0 days 00:50:46.477000,93.576,29.613,38.156,25.807,3046.477,3030.127,25.7,57.3,1000.9,False,44.0,10,3.0,False,True,False,EMIRATES FORMULA 1 70TH ANNIVERSARY GRAND PRIX 2020,Silverstone,Great Britain,,,Permanent,,,0.3164593485509105,0.4077541249893135,0.275786526459776,3,False,70th Anniversary Grand Prix,70th_anniversary_grand_prix,2020,2020-08-09,94.1241875,16,Opening,2.782999999999987,False,False,False,True
VET,Ferrari,11,0 days 00:01:33.524000,0 days 00:00:29.413000,0 days 00:00:38.194000,0 days 00:00:25.917000,Hard,12,1,,,1,True,0 days 00:50:47.190000,93.524,29.413,38.194,25.917,3047.19,3030.127,25.7,57.3,1000.9,False,44.0,10,3.0,False,True,False,EMIRATES FORMULA 1 70TH ANNIVERSARY GRAND PRIX 2020,Silverstone,Great Britain,,,Permanent,,,0.3144968136521107,0.408387151960994,0.27711603438689536,3,False,70th Anniversary Grand Prix,70th_anniversary_grand_prix,2020,2020-08-09,93.5247619047619,21,Opening,2.7390000000000043,False,False,False,True
GAS,AlphaTauri,11,0 days 00:01:33.520000,0 days 00:00:29.559000,0 days 00:00:38.298000,0 days 00:00:25.663000,Hard,4,2,,,1,True,0 days 00:50:49.387000,93.52,29.559,38.298,25.663,3049.387,3030.127,25.7,57.3,1000.9,False,44.0,10,3.0,False,True,False,EMIRATES FORMULA 1 70TH ANNIVERSARY GRAND PRIX 2020,Silverstone,Great Britain,,,Permanent,,,0.3160714285714286,0.4095166809238666,0.2744118905047049,3,False,70th Anniversary Grand Prix,70th_anniversary_grand_prix,2020,2020-08-09,94.7295,16,Mid,3.4279999999999973,False,False,False,True
RAI,Alfa Romeo Racing,11,0 days 00:01:34.428000,0 days 00:00:29.897000,0 days 00:00:38.688000,0 days 00:00:25.843000,Hard,11,1,,,1,True,0 days 00:50:50.614000,94.428,29.897,38.688,25.843,3050.614,3030.127,25.7,57.3,1000.9,False,44.0,10,3.0,False,True,False,EMIRATES FORMULA 1 70TH ANNIVERSARY GRAND PRIX 2020,Silverstone,Great Britain,,,Permanent,,,0.31661159825475493,0.40970898462320504,0.2736794171220401,3,False,70th Anniversary Grand Prix,70th_anniversary_grand_prix,2020,2020-08-09,94.26747999999999,25,Opening,2.671999999999997,False,False,False,True
ALB,Red Bull Racing,11,0 days 00:01:33.877000,0 days 00:00:29.437000,0 days 00:00:38.517000,0 days 00:00:25.923000,Hard,5,2,,,1,True,0 days 00:50:51.219000,93.877,29.437,38.517,25.923,3051.219,3030.127,25.7,57.3,1000.9,False,44.0,10,3.0,False,True,False,EMIRATES FORMULA 1 70TH ANNIVERSARY GRAND PRIX 2020,Silverstone,Great Britain,,,Permanent,,,0.31356988399714525,0.4102921908454681,0.2761379251573868,3,False,70th Anniversary Grand Prix,70th_anniversary_grand_prix,2020,2020-08-09,93.439375,24,Mid,4.3999999999999915,False,False,False,True
GIO,Alfa Romeo Racing,11,0 days 00:01:33.193000,0 days 00:00:29.459000,0 days 00:00:37.957000,0 days 00:00:25.777000,Hard,4,2,,,1,True,0 days 00:51:01.548000,93.193,29.459,37.957,25.777,3061.548,3090.127,25.7,57.2,1000.9,False,44.0,30,2.7,False,True,False,EMIRATES FORMULA 1 70TH ANNIVERSARY GRAND PRIX 2020,Silverstone,Great Britain,,,Permanent,,,0.3161074329617031,0.4072945392894316,0.27659802774886527,3,False,70th Anniversary Grand Prix,70th_anniversary_grand_prix,2020,2020-08-09,94.33988461538462,26,Mid,1.3670000000000044,False,False,False,True
RUS,Williams,11,0 days 00:01:32.876000,0 days 00:00:29.259000,0 days 00:00:37.991000,0 days 00:00:25.626000,Hard,3,2,,,1,True,0 days 00:51:02.316000,92.876,29.259,37.991,25.626,3062.316,3090.127,25.7,57.2,1000.9,False,44.0,30,2.7,False,True,False,EMIRATES FORMULA 1 70TH ANNIVERSARY GRAND PRIX 2020,Silverstone,Great Britain,,,Permanent,,,0.3150329471553469,0.4090507773805935,0.2759162754640596,3,False,70th Anniversary Grand Prix,70th_anniversary_grand_prix,2020,2020-08-09,94.54925,16,Mid,1.4680000000000035,False,False,False,True
MAG,Haas F1 Team,11,0 days 00:01:32.940000,0 days 00:00:29.218000,0 days 00:00:38.112000,0 days 00:00:25.610000,Hard,3,2,,,1,True,0 days 00:51:04.900000,92.94,29.218,38.112,25.61,3064.9,3090.127,25.7,57.2,1000.9,False,44.0,30,2.7,False,True,False,EMIRATES FORMULA 1 70TH ANNIVERSARY GRAND PRIX 2020,Silverstone,Great Britain,,,Permanent,,,0.3143748655046266,0.41007101355713366,0.2755541209382397,3,False,70th Anniversary Grand Prix,70th_anniversary_grand_prix,2020,2020-08-09,95.60209090909092,11,Mid,1.1099999999999994,False,False,False,True
LAT,Williams,11,0 days 00:01:32.790000,0 days 00:00:29.340000,0 days 00:00:37.706000,0 days 00:00:25.744000,Hard,2,2,,,1,True,0 days 00:51:06.525000,92.79,29.34,37.706,25.744,3066.525,3090.127,25.7,57.2,1000.9,False,44.0,30,2.7,False,True,False,EMIRATES FORMULA 1 70TH ANNIVERSARY GRAND PRIX 2020,Silverstone,Great Britain,,,Permanent,,,0.3161978661493695,0.40635844379782304,0.2774436900528074,3,False,70th Anniversary Grand Prix,70th_anniversary_grand_prix,2020,2020-08-09,94.40805882352942,17,Mid,2.8400000000000034,False,False,False,True
BOT,Mercedes,12,0 days 00:01:32.503000,0 days 00:00:29.403000,0 days 00:00:37.692000,0 days 00:00:25.408000,Medium,15,1,,,1,True,0 days 00:51:44.837000,92.503,29.403,37.692,25.408,3104.837,3090.127,25.7,57.2,1000.9,False,44.0,30,2.7,False,True,False,EMIRATES FORMULA 1 70TH ANNIVERSARY GRAND PRIX 2020,Silverstone,Great Britain,,,Permanent,,,0.3178599612985525,0.40746786590705164,0.2746721727943959,3,False,70th Anniversary Grand Prix,70th_anniversary_grand_prix,2020,2020-08-09,92.22483333333334,12,Opening,2.7379999999999995,False,False,False,True
HAM,Mercedes,12,0 days 00:01:32.891000,0 days 00:00:29.445000,0 days 00:00:37.936000,0 days 00:00:25.510000,Medium,15,1,,,1,True,0 days 00:51:46.709000,92.891,29.445,37.936,25.51,3106.709,3090.127,25.7,57.2,1000.9,False,44.0,30,2.7,False,True,False,EMIRATES FORMULA 1 70TH ANNIVERSARY GRAND PRIX 2020,Silverstone,Great Britain,,,Permanent,,,0.31698442260283555,0.40839263222486566,0.27462294517229874,3,False,70th Anniversary Grand Prix,70th_anniversary_grand_prix,2020,2020-08-09,92.33015384615383,13,Opening,4.440000000000012,False,False,False,True
VER,Red Bull Racing,12,0 days 00:01:32.942000,0 days 00:00:29.158000,0 days 00:00:38.291000,0 days 00:00:25.493000,Hard,15,1,,,1,True,0 days 00:51:47.539000,92.942,29.158,38.291,25.493,3107.539,3090.127,25.7,57.2,1000.9,False,44.0,30,2.7,False,True,False,EMIRATES FORMULA 1 70TH ANNIVERSARY GRAND PRIX 2020,Silverstone,Great Britain,,,Permanent,,,0.3137225366357514,0.41198812162423876,0.2742893417400099,3,False,70th Anniversary Grand Prix,70th_anniversary_grand_prix,2020,2020-08-09,91.91712,25,Opening,3.4769999999999897,False,False,False,True
HUL,Racing Point,12,0 days 00:01:32.962000,0 days 00:00:29.334000,0 days 00:00:37.926000,0 days 00:00:25.702000,Medium,15,1,,,1,True,0 days 00:51:55.898000,92.962,29.334,37.926,25.702,3115.898,3090.127,25.7,57.2,1000.9,False,44.0,30,2.7,False,True,False,EMIRATES FORMULA 1 70TH ANNIVERSARY GRAND PRIX 2020,Silverstone,Great Britain,,,Permanent,,,0.31554828854800887,0.4079731503194854,0.27647856113250574,3,False,70th Anniversary Grand Prix,70th_anniversary_grand_prix,2020,2020-08-09,92.79464285714286,14,Opening,2.875,False,False,False,True
STR,Racing Point,12,0 days 00:01:32.949000,0 days 00:00:29.397000,0 days 00:00:37.851000,0 days 00:00:25.701000,Medium,15,1,,,1,True,0 days 00:51:58.366000,92.949,29.397,37.851,25.701,3118.366,3090.127,25.7,57.2,1000.9,False,44.0,30,2.7,False,True,False,EMIRATES FORMULA 1 70TH ANNIVERSARY GRAND PRIX 2020,Silverstone,Great Britain,,,Permanent,,,0.3162702126972856,0.40722331601200656,0.2765064712907078,3,False,70th Anniversary Grand Prix,70th_anniversary_grand_prix,2020,2020-08-09,92.76941176470588,17,Opening,2.569999999999993,False,False,False,True
RIC,Renault,12,0 days 00:01:32.955000,0 days 00:00:29.363000,0 days 00:00:38.098000,0 days 00:00:25.494000,Medium,15,1,,,1,True,0 days 00:52:00.255000,92.955,29.363,38.098,25.494,3120.255,3150.113,25.7,56.8,1000.9,False,43.5,330,1.3,False,True,False,EMIRATES FORMULA 1 70TH ANNIVERSARY GRAND PRIX 2020,Silverstone,Great Britain,,,Permanent,,,0.3158840299069442,0.4098542305416599,0.2742617395513958,3,False,70th Anniversary Grand Prix,70th_anniversary_grand_prix,2020,2020-08-09,93.07984615384615,13,Opening,1.786999999999992,False,False,False,True
NOR,McLaren,12,0 days 00:01:32.315000,0 days 00:00:29.547000,0 days 00:00:37.695000,0 days 00:00:25.073000,Medium,15,1,0 days 00:51:57.239000,,1,False,0 days 00:52:03.023000,92.315,29.547,37.695,25.073,3123.023,3150.113,25.7,56.8,1000.9,False,43.5,330,1.3,False,True,False,EMIRATES FORMULA 1 70TH ANNIVERSARY GRAND PRIX 2020,Silverstone,Great Britain,,,Permanent,12.0,,0.3200671613497265,0.408330173861236,0.27160266478903755,3,False,70th Anniversary Grand Prix,70th_anniversary_grand_prix,2020,2020-08-09,93.30290909090908,11,Opening,1.6170000000000044,False,False,False,True
LEC,Ferrari,12,0 days 00:01:32.915000,0 days 00:00:29.239000,0 days 00:00:38.186000,0 days 00:00:25.490000,Medium,15,1,,,1,True,0 days 00:52:04.789000,92.915,29.239,38.186,25.49,3124.789,3150.113,25.7,56.8,1000.9,False,43.5,330,1.3,False,True,False,EMIRATES FORMULA 1 70TH ANNIVERSARY GRAND PRIX 2020,Silverstone,Great Britain,,,Permanent,,,0.3146854652101383,0.4109777753861055,0.27433675940375607,3,False,70th Anniversary Grand Prix,70th_anniversary_grand_prix,2020,2020-08-09,93.06276470588236,17,Opening,2.3629999999999995,False,False,False,True
SAI,McLaren,12,0 days 00:01:33.182000,0 days 00:00:29.559000,0 days 00:00:37.915000,0 days 00:00:25.708000,Hard,12,1,,,1,True,0 days 00:52:09.005000,93.182,29.559,37.915,25.708,3129.005,3150.113,25.7,56.8,1000.9,False,43.5,330,1.3,False,True,False,EMIRATES FORMULA 1 70TH ANNIVERSARY GRAND PRIX 2020,Silverstone,Great Britain,,,Permanent,,,0.3172179176235754,0.4068918889914361,0.2758901933849885,3,False,70th Anniversary Grand Prix,70th_anniversary_grand_prix,2020,2020-08-09,93.28190476190477,21,Opening,2.6260000000000048,False,False,False,True
OCO,Renault,12,0 days 00:01:33.863000,0 days 00:00:29.799000,0 days 00:00:38.207000,0 days 00:00:25.857000,Medium,12,1,,,1,True,0 days 00:52:14.997000,93.863,29.799,38.207,25.857,3134.997,3150.113,25.7,56.8,1000.9,False,43.5,330,1.3,False,True,False,EMIRATES FORMULA 1 70TH ANNIVERSARY GRAND PRIX 2020,Silverstone,Great Britain,,,Permanent,,,0.31747333880229694,0.4070507015543931,0.2754759596433099,3,False,70th Anniversary Grand Prix,70th_anniversary_grand_prix,2020,2020-08-09,93.52709523809524,21,Opening,3.2879999999999967,False,False,False,True
KVY,AlphaTauri,12,0 days 00:01:33.394000,0 days 00:00:29.518000,0 days 00:00:38.131000,0 days 00:00:25.745000,Hard,12,1,,,1,True,0 days 00:52:16.045000,93.394,29.518,38.131,25.745,3136.045,3150.113,25.7,56.8,1000.9,False,43.5,330,1.3,False,True,False,EMIRATES FORMULA 1 70TH ANNIVERSARY GRAND PRIX 2020,Silverstone,Great Britain,,,Permanent,,,0.3160588474634345,0.408281045891599,0.2756601066449665,3,False,70th Anniversary Grand Prix,70th_anniversary_grand_prix,2020,2020-08-09,93.7025,18,Opening,2.656000000000006,False,False,False,True
GRO,Haas F1 Team,12,0 days 00:01:32.947000,0 days 00:00:29.379000,0 days 00:00:38.066000,0 days 00:00:25.502000,Medium,15,1,,,1,True,0 days 00:52:19.424000,92.947,29.379,38.066,25.502,3139.424,3150.113,25.7,56.8,1000.9,False,43.5,330,1.3,False,True,False,EMIRATES FORMULA 1 70TH ANNIVERSARY GRAND PRIX 2020,Silverstone,Great Britain,,,Permanent,,,0.3160833593338139,0.40954522469794613,0.27437141596823994,3,False,70th Anniversary Grand Prix,70th_anniversary_grand_prix,2020,2020-08-09,94.1241875,16,Opening,2.1539999999999964,False,False,False,True
VET,Ferrari,12,0 days 00:01:33.034000,0 days 00:00:29.191000,0 days 00:00:38.258000,0 days 00:00:25.585000,Hard,13,1,,,1,True,0 days 00:52:20.224000,93.034,29.191,38.258,25.585,3140.224,3150.113,25.7,56.8,1000.9,False,43.5,330,1.3,False,True,False,EMIRATES FORMULA 1 70TH ANNIVERSARY GRAND PRIX 2020,Silverstone,Great Britain,,,Permanent,,,0.31376700991035533,0.4112260033966077,0.27500698669303697,3,False,70th Anniversary Grand Prix,70th_anniversary_grand_prix,2020,2020-08-09,93.5247619047619,21,Opening,2.2490000000000094,False,False,False,True
GAS,AlphaTauri,12,0 days 00:01:33.408000,0 days 00:00:29.513000,0 days 00:00:38.429000,0 days 00:00:25.466000,Hard,5,2,,,1,True,0 days 00:52:22.795000,93.408,29.513,38.429,25.466,3142.795,3150.113,25.7,56.8,1000.9,False,43.5,330,1.3,False,True,False,EMIRATES FORMULA 1 70TH ANNIVERSARY GRAND PRIX 2020,Silverstone,Great Britain,,,Permanent,,,0.3159579479273724,0.41141015758821514,0.2726318944844125,3,False,70th Anniversary Grand Prix,70th_anniversary_grand_prix,2020,2020-08-09,94.7295,16,Mid,3.3160000000000025,False,False,False,True
RAI,Alfa Romeo Racing,12,0 days 00:01:34.118000,0 days 00:00:29.665000,0 days 00:00:38.529000,0 days 00:00:25.924000,Hard,12,1,,,1,True,0 days 00:52:24.732000,94.118,29.665,38.529,25.924,3144.732,3150.113,25.7,56.8,1000.9,False,43.5,330,1.3,False,True,False,EMIRATES FORMULA 1 70TH ANNIVERSARY GRAND PRIX 2020,Silverstone,Great Britain,,,Permanent,,,0.3151894430395886,0.4093690898659131,0.2754414670944984,3,False,70th Anniversary Grand Prix,70th_anniversary_grand_prix,2020,2020-08-09,94.26747999999999,25,Opening,2.3619999999999948,False,False,False,True
ALB,Red Bull Racing,12,0 days 00:01:34.029000,0 days 00:00:29.323000,0 days 00:00:38.785000,0 days 00:00:25.921000,Hard,6,2,,,1,True,0 days 00:52:25.248000,94.029,29.323,38.785,25.921,3145.248,3150.113,25.7,56.8,1000.9,False,43.5,330,1.3,False,True,False,EMIRATES FORMULA 1 70TH ANNIVERSARY GRAND PRIX 2020,Silverstone,Great Britain,,,Permanent,,,0.31185059928319986,0.4124791287794191,0.27567027193738103,3,False,70th Anniversary Grand Prix,70th_anniversary_grand_prix,2020,2020-08-09,93.439375,24,Mid,4.5519999999999925,False,False,False,True
GIO,Alfa Romeo Racing,12,0 days 00:01:33.397000,0 days 00:00:29.451000,0 days 00:00:38.139000,0 days 00:00:25.807000,Hard,5,2,,,1,True,0 days 00:52:34.945000,93.397,29.451,38.139,25.807,3154.945,3150.113,25.7,56.8,1000.9,False,43.5,330,1.3,False,True,False,EMIRATES FORMULA 1 70TH ANNIVERSARY GRAND PRIX 2020,Silverstone,Great Britain,,,Permanent,,,0.315331327558701,0.4083535873743268,0.27631508506697217,3,False,70th Anniversary Grand Prix,70th_anniversary_grand_prix,2020,2020-08-09,94.33988461538462,26,Mid,1.5710000000000122,False,False,False,True
RUS,Williams,12,0 days 00:01:33.409000,0 days 00:00:29.251000,0 days 00:00:38.381000,0 days 00:00:25.777000,Hard,4,2,,,1,True,0 days 00:52:35.725000,93.409,29.251,38.381,25.777,3155.725,3150.113,25.7,56.8,1000.9,False,43.5,330,1.3,False,True,False,EMIRATES FORMULA 1 70TH ANNIVERSARY GRAND PRIX 2020,Silverstone,Great Britain,,,Permanent,,,0.31314969649605495,0.4108918840796925,0.2759584194242525,3,False,70th Anniversary Grand Prix,70th_anniversary_grand_prix,2020,2020-08-09,94.54925,16,Mid,2.0010000000000048,False,False,False,True
MAG,Haas F1 Team,12,0 days 00:01:33.150000,0 days 00:00:29.358000,0 days 00:00:38.253000,0 days 00:00:25.539000,Hard,4,2,,,1,True,0 days 00:52:38.050000,93.15,29.358,38.253,25.539,3158.05,3150.113,25.7,56.8,1000.9,False,43.5,330,1.3,False,True,False,EMIRATES FORMULA 1 70TH ANNIVERSARY GRAND PRIX 2020,Silverstone,Great Britain,,,Permanent,,,0.31516908212560385,0.4106602254428341,0.274170692431562,3,False,70th Anniversary Grand Prix,70th_anniversary_grand_prix,2020,2020-08-09,95.60209090909092,11,Mid,1.3200000000000074,False,False,False,True
LAT,Williams,12,0 days 00:01:32.526000,0 days 00:00:29.323000,0 days 00:00:37.669000,0 days 00:00:25.534000,Hard,3,2,,,1,True,0 days 00:52:39.051000,92.526,29.323,37.669,25.534,3159.051,3150.113,25.7,56.8,1000.9,False,43.5,330,1.3,False,True,False,EMIRATES FORMULA 1 70TH ANNIVERSARY GRAND PRIX 2020,Silverstone,Great Britain,,,Permanent,,,0.31691632622181876,0.4071179992650714,0.2759656745131098,3,False,70th Anniversary Grand Prix,70th_anniversary_grand_prix,2020,2020-08-09,94.40805882352942,17,Mid,2.5759999999999934,False,False,False,True
BOT,Mercedes,13,0 days 00:01:31.947000,0 days 00:00:29.264000,0 days 00:00:37.724000,0 days 00:00:24.959000,Medium,16,1,0 days 00:53:10.876000,,1,False,0 days 00:53:16.784000,91.947,29.264,37.724,24.959,3196.784,3210.123,25.5,57.4,1000.9,False,42.9,343,1.8,False,True,False,EMIRATES FORMULA 1 70TH ANNIVERSARY GRAND PRIX 2020,Silverstone,Great Britain,,,Permanent,13.0,,0.31827030789476546,0.4102798351224074,0.27144985698282703,3,False,70th Anniversary Grand Prix,70th_anniversary_grand_prix,2020,2020-08-09,92.22483333333334,12,Opening,2.182000000000002,False,False,False,True
HAM,Mercedes,13,0 days 00:01:32.782000,0 days 00:00:29.450000,0 days 00:00:37.838000,0 days 00:00:25.494000,Medium,16,1,,,1,True,0 days 00:53:19.491000,92.782,29.45,37.838,25.494,3199.491,3210.123,25.5,57.4,1000.9,False,42.9,343,1.8,False,True,False,EMIRATES FORMULA 1 70TH ANNIVERSARY GRAND PRIX 2020,Silverstone,Great Britain,,,Permanent,,,0.3174107046625423,0.40781617124011127,0.2747731240973465,3,False,70th Anniversary Grand Prix,70th_anniversary_grand_prix,2020,2020-08-09,92.33015384615383,13,Opening,4.331000000000003,False,False,False,True
VER,Red Bull Racing,13,0 days 00:01:32.588000,0 days 00:00:29.176000,0 days 00:00:37.910000,0 days 00:00:25.502000,Hard,16,1,,,1,True,0 days 00:53:20.127000,92.588,29.176,37.91,25.502,3200.127,3210.123,25.5,57.4,1000.9,False,42.9,343,1.8,False,True,False,EMIRATES FORMULA 1 70TH ANNIVERSARY GRAND PRIX 2020,Silverstone,Great Britain,,,Permanent,,,0.31511642977491683,0.4094483086361083,0.2754352615889748,3,False,70th Anniversary Grand Prix,70th_anniversary_grand_prix,2020,2020-08-09,91.91712,25,Opening,3.1229999999999905,False,False,False,True
HUL,Racing Point,13,0 days 00:01:32.548000,0 days 00:00:29.315000,0 days 00:00:37.725000,0 days 00:00:25.508000,Medium,16,1,,,1,True,0 days 00:53:28.446000,92.548,29.315,37.725,25.508,3208.446,3210.123,25.5,57.4,1000.9,False,42.9,343,1.8,False,True,False,EMIRATES FORMULA 1 70TH ANNIVERSARY GRAND PRIX 2020,Silverstone,Great Britain,,,Permanent,,,0.31675454899079397,0.40762631283226003,0.275619138176946,3,False,70th Anniversary Grand Prix,70th_anniversary_grand_prix,2020,2020-08-09,92.79464285714286,14,Opening,2.4609999999999985,False,False,False,True
STR,Racing Point,13,0 days 00:01:32.626000,0 days 00:00:29.445000,0 days 00:00:37.683000,0 days 00:00:25.498000,Medium,16,1,,,1,True,0 days 00:53:30.992000,92.626,29.445,37.683,25.498,3210.992,3210.123,25.5,57.4,1000.9,False,42.9,343,1.8,False,True,False,EMIRATES FORMULA 1 70TH ANNIVERSARY GRAND PRIX 2020,Silverstone,Great Britain,,,Permanent,,,0.31789130481722194,0.40682961587459243,0.2752790793081856,3,False,70th Anniversary Grand Prix,70th_anniversary_grand_prix,2020,2020-08-09,92.76941176470588,17,Opening,2.247,False,False,False,True
RIC,Renault,13,0 days 00:01:32.743000,0 days 00:00:29.330000,0 days 00:00:38.050000,0 days 00:00:25.363000,Medium,16,1,,,1,True,0 days 00:53:32.998000,92.743,29.33,38.05,25.363,3212.998,3210.123,25.5,57.4,1000.9,False,42.9,343,1.8,False,True,False,EMIRATES FORMULA 1 70TH ANNIVERSARY GRAND PRIX 2020,Silverstone,Great Britain,,,Permanent,,,0.31625028304022945,0.41027355164271156,0.273476165317059,3,False,70th Anniversary Grand Prix,70th_anniversary_grand_prix,2020,2020-08-09,93.07984615384615,13,Opening,1.5749999999999886,False,False,False,True
LEC,Ferrari,13,0 days 00:01:32.429000,0 days 00:00:29.100000,0 days 00:00:37.789000,0 days 00:00:25.540000,Medium,16,1,,,1,True,0 days 00:53:37.218000,92.429,29.1,37.789,25.54,3217.218,3210.123,25.5,57.4,1000.9,False,42.9,343,1.8,False,True,False,EMIRATES FORMULA 1 70TH ANNIVERSARY GRAND PRIX 2020,Silverstone,Great Britain,,,Permanent,,,0.3148362526912549,0.4088435447749083,0.27632020253383677,3,False,70th Anniversary Grand Prix,70th_anniversary_grand_prix,2020,2020-08-09,93.06276470588236,17,Opening,1.8769999999999953,False,False,False,True
SAI,McLaren,13,0 days 00:01:33.204000,0 days 00:00:29.457000,0 days 00:00:38.024000,0 days 00:00:25.723000,Hard,13,1,,,1,True,0 days 00:53:42.209000,93.204,29.457,38.024,25.723,3222.209,3210.123,25.5,57.4,1000.9,False,42.9,343,1.8,False,True,False,EMIRATES FORMULA 1 70TH ANNIVERSARY GRAND PRIX 2020,Silverstone,Great Britain,,,Permanent,,,0.3160486674391657,0.4079653233766791,0.27598600918415517,3,False,70th Anniversary Grand Prix,70th_anniversary_grand_prix,2020,2020-08-09,93.28190476190477,21,Opening,2.647999999999996,False,False,False,True
OCO,Renault,13,0 days 00:01:33.297000,0 days 00:00:29.674000,0 days 00:00:38.067000,0 days 00:00:25.556000,Medium,13,1,,,1,True,0 days 00:53:48.294000,93.297,29.674,38.067,25.556,3228.294,3210.123,25.5,57.4,1000.9,False,42.9,343,1.8,False,True,False,EMIRATES FORMULA 1 70TH ANNIVERSARY GRAND PRIX 2020,Silverstone,Great Britain,,,Permanent,,,0.31805953031715917,0.4080195504678607,0.27392091921498013,3,False,70th Anniversary Grand Prix,70th_anniversary_grand_prix,2020,2020-08-09,93.52709523809524,21,Opening,2.721999999999994,False,False,False,True
KVY,AlphaTauri,13,0 days 00:01:33.232000,0 days 00:00:29.278000,0 days 00:00:38.259000,0 days 00:00:25.695000,Hard,13,1,,,1,True,0 days 00:53:49.277000,93.232,29.278,38.259,25.695,3229.277,3210.123,25.5,57.4,1000.9,False,42.9,343,1.8,False,True,False,EMIRATES FORMULA 1 70TH ANNIVERSARY GRAND PRIX 2020,Silverstone,Great Britain,,,Permanent,,,0.31403380813454607,0.4103633945426463,0.2756027973228076,3,False,70th Anniversary Grand Prix,70th_anniversary_grand_prix,2020,2020-08-09,93.7025,18,Opening,2.4939999999999998,False,False,False,True
GRO,Haas F1 Team,13,0 days 00:01:33.420000,0 days 00:00:29.519000,0 days 00:00:38.281000,0 days 00:00:25.620000,Medium,16,1,,,1,True,0 days 00:53:52.844000,93.42,29.519,38.281,25.62,3232.844,3210.123,25.5,57.4,1000.9,False,42.9,343,1.8,False,True,False,EMIRATES FORMULA 1 70TH ANNIVERSARY GRAND PRIX 2020,Silverstone,Great Britain,,,Permanent,,,0.3159815885249411,0.4097730678655534,0.2742453436095055,3,False,70th Anniversary Grand Prix,70th_anniversary_grand_prix,2020,2020-08-09,94.1241875,16,Opening,2.6269999999999953,False,False,False,True
VET,Ferrari,13,0 days 00:01:33.150000,0 days 00:00:28.897000,0 days 00:00:38.672000,0 days 00:00:25.581000,Hard,14,1,,,1,True,0 days 00:53:53.374000,93.15,28.897,38.672,25.581,3233.374,3210.123,25.5,57.4,1000.9,False,42.9,343,1.8,False,True,False,EMIRATES FORMULA 1 70TH ANNIVERSARY GRAND PRIX 2020,Silverstone,Great Britain,,,Permanent,,,0.31022007514761135,0.4151583467525496,0.27462157809983895,3,False,70th Anniversary Grand Prix,70th_anniversary_grand_prix,2020,2020-08-09,93.5247619047619,21,Opening,2.365000000000009,False,False,False,True
NOR,McLaren,13,0 days 00:01:52.180000,0 days 00:00:48.800000,0 days 00:00:37.851000,0 days 00:00:25.529000,Hard,1,2,,0 days 00:52:25.173000,1,False,0 days 00:53:55.203000,112.18,48.8,37.851,25.529,3235.203,3210.123,25.5,57.4,1000.9,False,42.9,343,1.8,False,True,False,EMIRATES FORMULA 1 70TH ANNIVERSARY GRAND PRIX 2020,Silverstone,Great Britain,,,Permanent,,,0.4350151542164378,0.3374130861116063,0.22757175967195578,3,False,70th Anniversary Grand Prix,70th_anniversary_grand_prix,2020,2020-08-09,93.8319411764706,17,Mid,21.482000000000014,False,False,False,True
GAS,AlphaTauri,13,0 days 00:01:33.603000,0 days 00:00:29.373000,0 days 00:00:38.586000,0 days 00:00:25.644000,Hard,6,2,,,1,True,0 days 00:53:56.398000,93.603,29.373,38.586,25.644,3236.398,3210.123,25.5,57.4,1000.9,False,42.9,343,1.8,False,True,False,EMIRATES FORMULA 1 70TH ANNIVERSARY GRAND PRIX 2020,Silverstone,Great Britain,,,Permanent,,,0.31380404474215573,0.412230377231499,0.2739655780263453,3,False,70th Anniversary Grand Prix,70th_anniversary_grand_prix,2020,2020-08-09,94.7295,16,Mid,3.5109999999999957,False,False,False,True
ALB,Red Bull Racing,13,0 days 00:01:34.436000,0 days 00:00:29.310000,0 days 00:00:39.361000,0 days 00:00:25.765000,Hard,7,2,,,1,True,0 days 00:53:59.684000,94.436,29.31,39.361,25.765,3239.684,3210.123,25.5,57.4,1000.9,False,42.9,343,1.8,False,True,False,EMIRATES FORMULA 1 70TH ANNIVERSARY GRAND PRIX 2020,Silverstone,Great Britain,,,Permanent,,,0.31036892710407044,0.41680079630649325,0.2728302765894362,3,False,70th Anniversary Grand Prix,70th_anniversary_grand_prix,2020,2020-08-09,93.439375,24,Mid,4.959000000000003,False,False,False,True
RAI,Alfa Romeo Racing,13,0 days 00:01:35.941000,0 days 00:00:29.770000,0 days 00:00:39.994000,0 days 00:00:26.177000,Hard,13,1,,,1,True,0 days 00:54:00.673000,95.941,29.77,39.994,26.177,3240.673,3270.108,25.4,57.9,1001.0,False,42.9,315,1.5,False,True,False,EMIRATES FORMULA 1 70TH ANNIVERSARY GRAND PRIX 2020,Silverstone,Great Britain,,,Permanent,,,0.31029486872140166,0.41686036209753907,0.27284476918105915,3,False,70th Anniversary Grand Prix,70th_anniversary_grand_prix,2020,2020-08-09,94.26747999999999,25,Opening,4.185000000000002,False,False,False,True
GIO,Alfa Romeo Racing,13,0 days 00:01:33.271000,0 days 00:00:29.470000,0 days 00:00:38.086000,0 days 00:00:25.715000,Hard,6,2,,,1,True,0 days 00:54:08.216000,93.271,29.47,38.086,25.715,3248.216,3270.108,25.4,57.9,1001.0,False,42.9,315,1.5,False,True,False,EMIRATES FORMULA 1 70TH ANNIVERSARY GRAND PRIX 2020,Silverstone,Great Britain,,,Permanent,,,0.31596101682194894,0.4083369964940871,0.27570198668396395,3,False,70th Anniversary Grand Prix,70th_anniversary_grand_prix,2020,2020-08-09,94.33988461538462,26,Mid,1.4450000000000074,False,False,False,True
RUS,Williams,13,0 days 00:01:33.296000,0 days 00:00:29.338000,0 days 00:00:38.207000,0 days 00:00:25.751000,Hard,5,2,,,1,True,0 days 00:54:09.021000,93.296,29.338,38.207,25.751,3249.021,3270.108,25.4,57.9,1001.0,False,42.9,315,1.5,False,True,False,EMIRATES FORMULA 1 70TH ANNIVERSARY GRAND PRIX 2020,Silverstone,Great Britain,,,Permanent,,,0.31446149888526836,0.4095245240953524,0.2760139770193792,3,False,70th Anniversary Grand Prix,70th_anniversary_grand_prix,2020,2020-08-09,94.54925,16,Mid,1.8880000000000052,False,False,False,True
MAG,Haas F1 Team,13,0 days 00:01:33.203000,0 days 00:00:29.394000,0 days 00:00:38.277000,0 days 00:00:25.532000,Hard,5,2,,,1,True,0 days 00:54:11.253000,93.203,29.394,38.277,25.532,3251.253,3270.108,25.4,57.9,1001.0,False,42.9,315,1.5,False,True,False,EMIRATES FORMULA 1 70TH ANNIVERSARY GRAND PRIX 2020,Silverstone,Great Britain,,,Permanent,,,0.31537611450275205,0.4106842054440308,0.27393968005321717,3,False,70th Anniversary Grand Prix,70th_anniversary_grand_prix,2020,2020-08-09,95.60209090909092,11,Mid,1.3730000000000047,False,False,False,True
LAT,Williams,13,0 days 00:01:33.288000,0 days 00:00:29.093000,0 days 00:00:38.503000,0 days 00:00:25.692000,Hard,4,2,,,1,True,0 days 00:54:12.339000,93.288,29.093,38.503,25.692,3252.339,3270.108,25.4,57.9,1001.0,False,42.9,315,1.5,False,True,False,EMIRATES FORMULA 1 70TH ANNIVERSARY GRAND PRIX 2020,Silverstone,Great Britain,,,Permanent,,,0.31186219020667183,0.4127326129834491,0.27540519680987907,3,False,70th Anniversary Grand Prix,70th_anniversary_grand_prix,2020,2020-08-09,94.40805882352942,17,Mid,3.337999999999994,False,False,False,True
HAM,Mercedes,14,0 days 00:01:31.888000,0 days 00:00:29.316000,0 days 00:00:37.675000,0 days 00:00:24.897000,Medium,17,1,0 days 00:54:45.554000,,1,False,0 days 00:54:51.379000,91.888,29.316,37.675,24.897,3291.379,3270.108,25.4,57.9,1001.0,False,42.9,315,1.5,False,True,False,EMIRATES FORMULA 1 70TH ANNIVERSARY GRAND PRIX 2020,Silverstone,Great Britain,,,Permanent,14.0,,0.31904057113007134,0.4100100121887515,0.27094941668117706,3,False,70th Anniversary Grand Prix,70th_anniversary_grand_prix,2020,2020-08-09,92.33015384615383,13,Opening,3.437000000000012,False,False,False,True
VER,Red Bull Racing,14,0 days 00:01:32.234000,0 days 00:00:29.027000,0 days 00:00:37.984000,0 days 00:00:25.223000,Hard,17,1,,,1,True,0 days 00:54:52.361000,92.234,29.027,37.984,25.223,3292.361,3270.108,25.4,57.9,1001.0,False,42.9,315,1.5,False,True,False,EMIRATES FORMULA 1 70TH ANNIVERSARY GRAND PRIX 2020,Silverstone,Great Britain,,,Permanent,,,0.31471041047769804,0.41182210464687646,0.27346748487542555,3,False,70th Anniversary Grand Prix,70th_anniversary_grand_prix,2020,2020-08-09,91.91712,25,Opening,2.7689999999999912,False,False,False,True
HUL,Racing Point,14,0 days 00:01:32.339000,0 days 00:00:29.247000,0 days 00:00:37.600000,0 days 00:00:25.492000,Medium,17,1,,,1,True,0 days 00:55:00.785000,92.339,29.247,37.6,25.492,3300.785,3330.18,25.5,58.3,1000.7,False,43.3,28,2.2,False,True,False,EMIRATES FORMULA 1 70TH ANNIVERSARY GRAND PRIX 2020,Silverstone,Great Britain,,,Permanent,,,0.316735074020728,0.40719522628575144,0.27606969969352063,3,False,70th Anniversary Grand Prix,70th_anniversary_grand_prix,2020,2020-08-09,92.79464285714286,14,Opening,2.2519999999999953,False,False,False,True
STR,Racing Point,14,0 days 00:01:32.457000,0 days 00:00:29.263000,0 days 00:00:37.616000,0 days 00:00:25.578000,Medium,17,1,,,1,True,0 days 00:55:03.449000,92.457,29.263,37.616,25.578,3303.449,3330.18,25.5,58.3,1000.7,False,43.3,28,2.2,False,True,False,EMIRATES FORMULA 1 70TH ANNIVERSARY GRAND PRIX 2020,Silverstone,Great Britain,,,Permanent,,,0.3165038882940178,0.40684858907383975,0.27664752263214254,3,False,70th Anniversary Grand Prix,70th_anniversary_grand_prix,2020,2020-08-09,92.76941176470588,17,Opening,2.0779999999999887,False,False,False,True
RIC,Renault,14,0 days 00:01:31.966000,0 days 00:00:29.264000,0 days 00:00:37.601000,0 days 00:00:25.101000,Medium,17,1,0 days 00:54:59.177000,,1,False,0 days 00:55:04.964000,91.966,29.264,37.601,25.101,3304.964,3330.18,25.5,58.3,1000.7,False,43.3,28,2.2,False,True,False,EMIRATES FORMULA 1 70TH ANNIVERSARY GRAND PRIX 2020,Silverstone,Great Britain,,,Permanent,14.0,,0.31820455385686014,0.4088576212948264,0.2729378248483135,3,False,70th Anniversary Grand Prix,70th_anniversary_grand_prix,2020,2020-08-09,93.07984615384615,13,Opening,0.7979999999999876,False,False,False,True
BOT,Mercedes,14,0 days 00:01:51.030000,0 days 00:00:48.625000,0 days 00:00:37.391000,0 days 00:00:25.014000,Hard,1,2,,0 days 00:53:39.314000,1,False,0 days 00:55:07.814000,111.03,48.625,37.391,25.014,3307.814,3330.18,25.5,58.3,1000.7,False,43.3,28,2.2,False,True,False,EMIRATES FORMULA 1 70TH ANNIVERSARY GRAND PRIX 2020,Silverstone,Great Britain,,,Permanent,,,0.4379446996307304,0.33676483833198234,0.2252904620372872,3,False,70th Anniversary Grand Prix,70th_anniversary_grand_prix,2020,2020-08-09,92.67247368421053,19,Mid,21.265,False,False,False,True
LEC,Ferrari,14,0 days 00:01:32.680000,0 days 00:00:29.154000,0 days 00:00:37.929000,0 days 00:00:25.597000,Medium,17,1,,,1,True,0 days 00:55:09.898000,92.68,29.154,37.929,25.597,3309.898,3330.18,25.5,58.3,1000.7,False,43.3,28,2.2,False,True,False,EMIRATES FORMULA 1 70TH ANNIVERSARY GRAND PRIX 2020,Silverstone,Great Britain,,,Permanent,,,0.31456624946050926,0.40924687095381956,0.2761868795856711,3,False,70th Anniversary Grand Prix,70th_anniversary_grand_prix,2020,2020-08-09,93.06276470588236,17,Opening,2.128,False,False,False,True
SAI,McLaren,14,0 days 00:01:32.968000,0 days 00:00:29.450000,0 days 00:00:37.739000,0 days 00:00:25.779000,Hard,14,1,,,1,True,0 days 00:55:15.177000,92.968,29.45,37.739,25.779,3315.177,3330.18,25.5,58.3,1000.7,False,43.3,28,2.2,False,True,False,EMIRATES FORMULA 1 70TH ANNIVERSARY GRAND PRIX 2020,Silverstone,Great Britain,,,Permanent,,,0.3167756647448584,0.40593537561311416,0.2772889596420274,3,False,70th Anniversary Grand Prix,70th_anniversary_grand_prix,2020,2020-08-09,93.28190476190477,21,Opening,2.412000000000006,False,False,False,True
OCO,Renault,14,0 days 00:01:33.040000,0 days 00:00:29.507000,0 days 00:00:37.930000,0 days 00:00:25.603000,Medium,14,1,,,1,True,0 days 00:55:21.334000,93.04,29.507,37.93,25.603,3321.334,3330.18,25.5,58.3,1000.7,False,43.3,28,2.2,False,True,False,EMIRATES FORMULA 1 70TH ANNIVERSARY GRAND PRIX 2020,Silverstone,Great Britain,,,Permanent,,,0.31714316423043853,0.4076741186586414,0.27518271711092,3,False,70th Anniversary Grand Prix,70th_anniversary_grand_prix,2020,2020-08-09,93.52709523809524,21,Opening,2.4650000000000034,False,False,False,True
KVY,AlphaTauri,14,0 days 00:01:32.937000,0 days 00:00:29.138000,0 days 00:00:38.033000,0 days 00:00:25.766000,Hard,14,1,,,1,True,0 days 00:55:22.214000,92.937,29.138,38.033,25.766,3322.214,3330.18,25.5,58.3,1000.7,False,43.3,28,2.2,False,True,False,EMIRATES FORMULA 1 70TH ANNIVERSARY GRAND PRIX 2020,Silverstone,Great Britain,,,Permanent,,,0.31352421532866354,0.4092342124234697,0.27724157224786683,3,False,70th Anniversary Grand Prix,70th_anniversary_grand_prix,2020,2020-08-09,93.7025,18,Opening,2.198999999999998,False,False,False,True
GRO,Haas F1 Team,14,0 days 00:01:33.107000,0 days 00:00:29.399000,0 days 00:00:37.959000,0 days 00:00:25.749000,Medium,17,1,,,1,True,0 days 00:55:25.951000,93.107,29.399,37.959,25.749,3325.951,3330.18,25.5,58.3,1000.7,False,43.3,28,2.2,False,True,False,EMIRATES FORMULA 1 70TH ANNIVERSARY GRAND PRIX 2020,Silverstone,Great Britain,,,Permanent,,,0.3157549915688402,0.40769222507437686,0.27655278335678307,3,False,70th Anniversary Grand Prix,70th_anniversary_grand_prix,2020,2020-08-09,94.1241875,16,Opening,2.313999999999993,False,False,False,True
VET,Ferrari,14,0 days 00:01:33.103000,0 days 00:00:29.282000,0 days 00:00:38.168000,0 days 00:00:25.653000,Hard,15,1,,,1,True,0 days 00:55:26.477000,93.103,29.282,38.168,25.653,3326.477,3330.18,25.5,58.3,1000.7,False,43.3,28,2.2,False,True,False,EMIRATES FORMULA 1 70TH ANNIVERSARY GRAND PRIX 2020,Silverstone,Great Britain,,,Permanent,,,0.3145118846868522,0.40995456644791256,0.2755335488652353,3,False,70th Anniversary Grand Prix,70th_anniversary_grand_prix,2020,2020-08-09,93.5247619047619,21,Opening,2.317999999999998,False,False,False,True
NOR,McLaren,14,0 days 00:01:32.347000,0 days 00:00:29.082000,0 days 00:00:37.603000,0 days 00:00:25.662000,Hard,2,2,,,1,True,0 days 00:55:27.550000,92.347,29.082,37.603,25.662,3327.55,3330.18,25.5,58.3,1000.7,False,43.3,28,2.2,False,True,False,EMIRATES FORMULA 1 70TH ANNIVERSARY GRAND PRIX 2020,Silverstone,Great Britain,,,Permanent,,,0.3149208961850412,0.40719243722048365,0.2778866665944752,3,False,70th Anniversary Grand Prix,70th_anniversary_grand_prix,2020,2020-08-09,93.8319411764706,17,Mid,1.649000000000001,False,False,False,True
GAS,AlphaTauri,14,0 days 00:01:33.054000,0 days 00:00:29.449000,0 days 00:00:38.077000,0 days 00:00:25.528000,Hard,7,2,,,1,True,0 days 00:55:29.452000,93.054,29.449,38.077,25.528,3329.452,3330.18,25.5,58.3,1000.7,False,43.3,28,2.2,False,True,False,EMIRATES FORMULA 1 70TH ANNIVERSARY GRAND PRIX 2020,Silverstone,Great Britain,,,Permanent,,,0.3164721559524577,0.40919251187482536,0.2743353321727169,3,False,70th Anniversary Grand Prix,70th_anniversary_grand_prix,2020,2020-08-09,94.7295,16,Mid,2.9620000000000033,False,False,False,True
ALB,Red Bull Racing,14,0 days 00:01:32.244000,0 days 00:00:29.326000,0 days 00:00:37.369000,0 days 00:00:25.549000,Hard,8,2,,,1,True,0 days 00:55:31.928000,92.244,29.326,37.369,25.549,3331.928,3330.18,25.5,58.3,1000.7,False,43.3,28,2.2,False,True,False,EMIRATES FORMULA 1 70TH ANNIVERSARY GRAND PRIX 2020,Silverstone,Great Britain,,,Permanent,,,0.3179176965439487,0.40511035948137547,0.27697194397467584,3,False,70th Anniversary Grand Prix,70th_anniversary_grand_prix,2020,2020-08-09,93.439375,24,Mid,2.766999999999996,False,False,False,True
RAI,Alfa Romeo Racing,14,0 days 00:01:34.187000,0 days 00:00:29.846000,0 days 00:00:38.345000,0 days 00:00:25.996000,Hard,14,1,,,1,True,0 days 00:55:34.860000,94.187,29.846,38.345,25.996,3334.86,3330.18,25.5,58.3,1000.7,False,43.3,28,2.2,False,True,False,EMIRATES FORMULA 1 70TH ANNIVERSARY GRAND PRIX 2020,Silverstone,Great Britain,,,Permanent,,,0.3168802488666164,0.40711563166891396,0.2760041194644696,3,False,70th Anniversary Grand Prix,70th_anniversary_grand_prix,2020,2020-08-09,94.26747999999999,25,Opening,2.4309999999999974,False,False,False,True
GIO,Alfa Romeo Racing,14,0 days 00:01:33.232000,0 days 00:00:29.532000,0 days 00:00:37.935000,0 days 00:00:25.765000,Hard,7,2,,,1,True,0 days 00:55:41.448000,93.232,29.532,37.935,25.765,3341.448,3330.18,25.5,58.3,1000.7,False,43.3,28,2.2,False,True,False,EMIRATES FORMULA 1 70TH ANNIVERSARY GRAND PRIX 2020,Silverstone,Great Britain,,,Permanent,,,0.3167581946112923,0.40688819289514333,0.27635361249356444,3,False,70th Anniversary Grand Prix,70th_anniversary_grand_prix,2020,2020-08-09,94.33988461538462,26,Mid,1.406000000000006,False,False,False,True
RUS,Williams,14,0 days 00:01:33.238000,0 days 00:00:29.368000,0 days 00:00:37.977000,0 days 00:00:25.893000,Hard,6,2,,,1,True,0 days 00:55:42.259000,93.238,29.368,37.977,25.893,3342.259,3330.18,25.5,58.3,1000.7,False,43.3,28,2.2,False,True,False,EMIRATES FORMULA 1 70TH ANNIVERSARY GRAND PRIX 2020,Silverstone,Great Britain,,,Permanent,,,0.3149788712756601,0.40731246916493274,0.2777086595594071,3,False,70th Anniversary Grand Prix,70th_anniversary_grand_prix,2020,2020-08-09,94.54925,16,Mid,1.8299999999999983,False,False,False,True
MAG,Haas F1 Team,14,0 days 00:01:32.992000,0 days 00:00:29.325000,0 days 00:00:38.079000,0 days 00:00:25.588000,Hard,6,2,,,1,True,0 days 00:55:44.245000,92.992,29.325,38.079,25.588,3344.245,3330.18,25.5,58.3,1000.7,False,43.3,28,2.2,False,True,False,EMIRATES FORMULA 1 70TH ANNIVERSARY GRAND PRIX 2020,Silverstone,Great Britain,,,Permanent,,,0.31534970750172053,0.409486837577426,0.2751634549208534,3,False,70th Anniversary Grand Prix,70th_anniversary_grand_prix,2020,2020-08-09,95.60209090909092,11,Mid,1.1620000000000061,False,False,False,True
LAT,Williams,14,0 days 00:01:32.638000,0 days 00:00:29.092000,0 days 00:00:37.945000,0 days 00:00:25.601000,Hard,5,2,,,1,True,0 days 00:55:44.977000,92.638,29.092,37.945,25.601,3344.977,3330.18,25.5,58.3,1000.7,False,43.3,28,2.2,False,True,False,EMIRATES FORMULA 1 70TH ANNIVERSARY GRAND PRIX 2020,Silverstone,Great Britain,,,Permanent,,,0.3140395949826205,0.40960512964442236,0.27635527537295707,3,False,70th Anniversary Grand Prix,70th_anniversary_grand_prix,2020,2020-08-09,94.40805882352942,17,Mid,2.6880000000000024,False,False,False,True
VER,Red Bull Racing,15,0 days 00:01:32.096000,0 days 00:00:29.340000,0 days 00:00:37.578000,0 days 00:00:25.178000,Hard,18,1,,,1,True,0 days 00:56:24.457000,92.096,29.34,37.578,25.178,3384.457,3390.154,25.4,58.4,1000.9,False,43.5,61,2.3,False,True,False,EMIRATES FORMULA 1 70TH ANNIVERSARY GRAND PRIX 2020,Silverstone,Great Britain,,,Permanent,,,0.3185806115357887,0.4080307505211953,0.273388637943016,3,False,70th Anniversary Grand Prix,70th_anniversary_grand_prix,2020,2020-08-09,91.91712,25,Opening,2.6310000000000002,False,False,False,True
HUL,Racing Point,15,0 days 00:01:31.718000,0 days 00:00:29.237000,0 days 00:00:37.406000,0 days 00:00:25.075000,Medium,18,1,0 days 00:56:26.686000,,1,False,0 days 00:56:32.503000,91.718,29.237,37.406,25.075,3392.503,3390.154,25.4,58.4,1000.9,False,43.5,61,2.3,False,True,False,EMIRATES FORMULA 1 70TH ANNIVERSARY GRAND PRIX 2020,Silverstone,Great Britain,,,Permanent,15.0,,0.3187705793846355,0.4078370657886129,0.27339235482675156,3,False,70th Anniversary Grand Prix,70th_anniversary_grand_prix,2020,2020-08-09,92.79464285714286,14,Opening,1.6310000000000002,False,False,False,True
STR,Racing Point,15,0 days 00:01:31.952000,0 days 00:00:29.264000,0 days 00:00:37.359000,0 days 00:00:25.329000,Medium,18,1,,,1,True,0 days 00:56:35.401000,91.952,29.264,37.359,25.329,3395.401,3390.154,25.4,58.4,1000.9,False,43.5,61,2.3,False,True,False,EMIRATES FORMULA 1 70TH ANNIVERSARY GRAND PRIX 2020,Silverstone,Great Britain,,,Permanent,,,0.3182530015660345,0.4062880633373934,0.27545893509657216,3,False,70th Anniversary Grand Prix,70th_anniversary_grand_prix,2020,2020-08-09,92.76941176470588,17,Opening,1.5729999999999933,False,False,False,True
BOT,Mercedes,15,0 days 00:01:30.971000,0 days 00:00:29.027000,0 days 00:00:36.923000,0 days 00:00:25.021000,Hard,2,2,,,1,True,0 days 00:56:38.785000,90.971,29.027,36.923,25.021,3398.785,3390.154,25.4,58.4,1000.9,False,43.5,61,2.3,False,True,False,EMIRATES FORMULA 1 70TH ANNIVERSARY GRAND PRIX 2020,Silverstone,Great Britain,,,Permanent,,,0.31907970671972385,0.405876598036737,0.27504369524353917,3,False,70th Anniversary Grand Prix,70th_anniversary_grand_prix,2020,2020-08-09,92.67247368421053,19,Mid,1.206000000000003,False,False,False,True
HAM,Mercedes,15,0 days 00:01:50.491000,0 days 00:00:49.157000,0 days 00:00:36.882000,0 days 00:00:24.452000,Hard,1,2,,0 days 00:55:13.932000,1,False,0 days 00:56:41.870000,110.491,49.157,36.882,24.452,3401.87,3390.154,25.4,58.4,1000.9,False,43.5,61,2.3,False,True,False,EMIRATES FORMULA 1 70TH ANNIVERSARY GRAND PRIX 2020,Silverstone,Great Britain,,,Permanent,,,0.44489596437718903,0.3338009430632359,0.221303092559575,3,False,70th Anniversary Grand Prix,70th_anniversary_grand_prix,2020,2020-08-09,92.29803703703703,27,Mid,22.040000000000006,False,False,False,True
LEC,Ferrari,15,0 days 00:01:33.151000,0 days 00:00:29.143000,0 days 00:00:37.939000,0 days 00:00:26.069000,Medium,18,1,,,1,True,0 days 00:56:43.049000,93.151,29.143,37.939,26.069,3403.049,3390.154,25.4,58.4,1000.9,False,43.5,61,2.3,False,True,False,EMIRATES FORMULA 1 70TH ANNIVERSARY GRAND PRIX 2020,Silverstone,Great Britain,,,Permanent,,,0.3128576182757029,0.407284945947977,0.27985743577632016,3,False,70th Anniversary Grand Prix,70th_anniversary_grand_prix,2020,2020-08-09,93.06276470588236,17,Opening,2.5989999999999895,False,False,False,True
SAI,McLaren,15,0 days 00:01:32.979000,0 days 00:00:29.539000,0 days 00:00:37.707000,0 days 00:00:25.733000,Hard,15,1,,,1,True,0 days 00:56:48.156000,92.979,29.539,37.707,25.733,3408.156,3390.154,25.4,58.4,1000.9,False,43.5,61,2.3,False,True,False,EMIRATES FORMULA 1 70TH ANNIVERSARY GRAND PRIX 2020,Silverstone,Great Britain,,,Permanent,,,0.31769539358349735,0.4055431871712968,0.2767614192452059,3,False,70th Anniversary Grand Prix,70th_anniversary_grand_prix,2020,2020-08-09,93.28190476190477,21,Opening,2.423000000000002,False,False,False,True
OCO,Renault,15,0 days 00:01:33.040000,0 days 00:00:29.602000,0 days 00:00:37.864000,0 days 00:00:25.574000,Medium,15,1,,,1,True,0 days 00:56:54.374000,93.04,29.602,37.864,25.574,3414.374,3390.154,25.4,58.4,1000.9,False,43.5,61,2.3,False,True,False,EMIRATES FORMULA 1 70TH ANNIVERSARY GRAND PRIX 2020,Silverstone,Great Britain,,,Permanent,,,0.31816423043852105,0.4069647463456577,0.27487102321582113,3,False,70th Anniversary Grand Prix,70th_anniversary_grand_prix,2020,2020-08-09,93.52709523809524,21,Opening,2.4650000000000034,False,False,False,True
KVY,AlphaTauri,15,0 days 00:01:33.029000,0 days 00:00:29.223000,0 days 00:00:38.197000,0 days 00:00:25.609000,Hard,15,1,,,1,True,0 days 00:56:55.243000,93.029,29.223,38.197,25.609,3415.243,3390.154,25.4,58.4,1000.9,False,43.5,61,2.3,False,True,False,EMIRATES FORMULA 1 70TH ANNIVERSARY GRAND PRIX 2020,Silverstone,Great Britain,,,Permanent,,,0.3141278526051016,0.410592395919552,0.27527975147534645,3,False,70th Anniversary Grand Prix,70th_anniversary_grand_prix,2020,2020-08-09,93.7025,18,Opening,2.290999999999997,False,False,False,True
RIC,Renault,15,0 days 00:01:52.681000,0 days 00:00:49.234000,0 days 00:00:37.953000,0 days 00:00:25.494000,Medium,4,2,,0 days 00:55:27.756000,1,False,0 days 00:56:57.645000,112.681,49.234,37.953,25.494,3417.645,3390.154,25.4,58.4,1000.9,False,43.5,61,2.3,False,True,False,EMIRATES FORMULA 1 70TH ANNIVERSARY GRAND PRIX 2020,Silverstone,Great Britain,,,Permanent,,,0.4369325795830708,0.33681809710598953,0.22624932331093975,3,False,70th Anniversary Grand Prix,70th_anniversary_grand_prix,2020,2020-08-09,94.00824999999999,12,Mid,21.51299999999999,False,False,False,True
GRO,Haas F1 Team,15,0 days 00:01:33.416000,0 days 00:00:29.566000,0 days 00:00:38.204000,0 days 00:00:25.646000,Medium,18,1,,,1,True,0 days 00:56:59.367000,93.416,29.566,38.204,25.646,3419.367,3390.154,25.4,58.4,1000.9,False,43.5,61,2.3,False,True,False,EMIRATES FORMULA 1 70TH ANNIVERSARY GRAND PRIX 2020,Silverstone,Great Britain,,,Permanent,,,0.3164982444120921,0.40896634409522997,0.2745354114926779,3,False,70th Anniversary Grand Prix,70th_anniversary_grand_prix,2020,2020-08-09,94.1241875,16,Opening,2.6229999999999905,False,False,False,True
VET,Ferrari,15,0 days 00:01:33.538000,0 days 00:00:29.126000,0 days 00:00:38.666000,0 days 00:00:25.746000,Hard,16,1,,,1,True,0 days 00:57:00.015000,93.538,29.126,38.666,25.746,3420.015,3390.154,25.4,58.4,1000.9,False,43.5,61,2.3,False,True,False,EMIRATES FORMULA 1 70TH ANNIVERSARY GRAND PRIX 2020,Silverstone,Great Britain,,,Permanent,,,0.3113814706322564,0.4133721054544677,0.27524642391327586,3,False,70th Anniversary Grand Prix,70th_anniversary_grand_prix,2020,2020-08-09,93.5247619047619,21,Opening,2.753,False,False,False,True
NOR,McLaren,15,0 days 00:01:33.051000,0 days 00:00:29.196000,0 days 00:00:38.275000,0 days 00:00:25.580000,Hard,3,2,,,1,True,0 days 00:57:00.601000,93.051,29.196,38.275,25.58,3420.601,3450.147,25.4,57.8,1000.9,False,43.6,296,3.1,False,True,False,EMIRATES FORMULA 1 70TH ANNIVERSARY GRAND PRIX 2020,Silverstone,Great Britain,,,Permanent,,,0.3137634200599671,0.4113335697628182,0.27490301017721464,3,False,70th Anniversary Grand Prix,70th_anniversary_grand_prix,2020,2020-08-09,93.8319411764706,17,Mid,2.3530000000000086,False,False,False,True
GAS,AlphaTauri,15,0 days 00:01:33.457000,0 days 00:00:29.463000,0 days 00:00:38.397000,0 days 00:00:25.597000,Hard,8,2,,,1,True,0 days 00:57:02.909000,93.457,29.463,38.397,25.597,3422.909,3450.147,25.4,57.8,1000.9,False,43.6,296,3.1,False,True,False,EMIRATES FORMULA 1 70TH ANNIVERSARY GRAND PRIX 2020,Silverstone,Great Britain,,,Permanent,,,0.3152572840985694,0.41085204960570104,0.2738906662957296,3,False,70th Anniversary Grand Prix,70th_anniversary_grand_prix,2020,2020-08-09,94.7295,16,Mid,3.364999999999995,False,False,False,True
ALB,Red Bull Racing,15,0 days 00:01:32.269000,0 days 00:00:29.124000,0 days 00:00:37.632000,0 days 00:00:25.513000,Hard,9,2,,,1,True,0 days 00:57:04.197000,92.269,29.124,37.632,25.513,3424.197,3450.147,25.4,57.8,1000.9,False,43.6,296,3.1,False,True,False,EMIRATES FORMULA 1 70TH ANNIVERSARY GRAND PRIX 2020,Silverstone,Great Britain,,,Permanent,,,0.31564230673357246,0.4078509575263631,0.2765067357400644,3,False,70th Anniversary Grand Prix,70th_anniversary_grand_prix,2020,2020-08-09,93.439375,24,Mid,2.7920000000000016,False,False,False,True
RAI,Alfa Romeo Racing,15,0 days 00:01:33.886000,0 days 00:00:29.723000,0 days 00:00:38.317000,0 days 00:00:25.846000,Hard,15,1,,,1,True,0 days 00:57:08.746000,93.886,29.723,38.317,25.846,3428.746,3450.147,25.4,57.8,1000.9,False,43.6,296,3.1,False,True,False,EMIRATES FORMULA 1 70TH ANNIVERSARY GRAND PRIX 2020,Silverstone,Great Britain,,,Permanent,,,0.31658607247086895,0.4081226167905758,0.2752913107385553,3,False,70th Anniversary Grand Prix,70th_anniversary_grand_prix,2020,2020-08-09,94.26747999999999,25,Opening,2.1299999999999955,False,False,False,True
GIO,Alfa Romeo Racing,15,0 days 00:01:33.371000,0 days 00:00:29.474000,0 days 00:00:38.108000,0 days 00:00:25.789000,Hard,8,2,,,1,True,0 days 00:57:14.819000,93.371,29.474,38.108,25.789,3434.819,3450.147,25.4,57.8,1000.9,False,43.6,296,3.1,False,True,False,EMIRATES FORMULA 1 70TH ANNIVERSARY GRAND PRIX 2020,Silverstone,Great Britain,,,Permanent,,,0.3156654635807692,0.408135288258667,0.2761992481605638,3,False,70th Anniversary Grand Prix,70th_anniversary_grand_prix,2020,2020-08-09,94.33988461538462,26,Mid,1.5450000000000017,False,False,False,True
RUS,Williams,15,0 days 00:01:33.543000,0 days 00:00:29.466000,0 days 00:00:38.263000,0 days 00:00:25.814000,Hard,7,2,,,1,True,0 days 00:57:15.802000,93.543,29.466,38.263,25.814,3435.802,3450.147,25.4,57.8,1000.9,False,43.6,296,3.1,False,True,False,EMIRATES FORMULA 1 70TH ANNIVERSARY GRAND PRIX 2020,Silverstone,Great Britain,,,Permanent,,,0.3149995189378147,0.4090418310295799,0.27595865003260533,3,False,70th Anniversary Grand Prix,70th_anniversary_grand_prix,2020,2020-08-09,94.54925,16,Mid,2.135000000000005,False,False,False,True
MAG,Haas F1 Team,15,0 days 00:01:33.246000,0 days 00:00:29.371000,0 days 00:00:38.279000,0 days 00:00:25.596000,Hard,7,2,,,1,True,0 days 00:57:17.491000,93.246,29.371,38.279,25.596,3437.491,3450.147,25.4,57.8,1000.9,False,43.6,296,3.1,False,True,False,EMIRATES FORMULA 1 70TH ANNIVERSARY GRAND PRIX 2020,Silverstone,Great Britain,,,Permanent,,,0.3149840207622847,0.4105162687943719,0.2744997104433434,3,False,70th Anniversary Grand Prix,70th_anniversary_grand_prix,2020,2020-08-09,95.60209090909092,11,Mid,1.4159999999999968,False,False,False,True
LAT,Williams,15,0 days 00:01:33.230000,0 days 00:00:29.160000,0 days 00:00:38.389000,0 days 00:00:25.681000,Hard,6,2,,,1,True,0 days 00:57:18.207000,93.23,29.16,38.389,25.681,3438.207,3450.147,25.4,57.8,1000.9,False,43.6,296,3.1,False,True,False,EMIRATES FORMULA 1 70TH ANNIVERSARY GRAND PRIX 2020,Silverstone,Great Britain,,,Permanent,,,0.31277485787836534,0.411766598734313,0.2754585433873217,3,False,70th Anniversary Grand Prix,70th_anniversary_grand_prix,2020,2020-08-09,94.40805882352942,17,Mid,3.280000000000001,False,False,False,True
VER,Red Bull Racing,16,0 days 00:01:31.913000,0 days 00:00:29.275000,0 days 00:00:37.442000,0 days 00:00:25.196000,Hard,19,1,,,1,True,0 days 00:57:56.370000,91.913,29.275,37.442,25.196,3476.37,3450.147,25.4,57.8,1000.9,False,43.6,296,3.1,False,True,False,EMIRATES FORMULA 1 70TH ANNIVERSARY GRAND PRIX 2020,Silverstone,Great Britain,,,Permanent,,,0.3185077192562532,0.40736348503476116,0.2741287957089857,3,False,70th Anniversary Grand Prix,70th_anniversary_grand_prix,2020,2020-08-09,91.91712,25,Opening,2.4479999999999933,False,False,False,True
STR,Racing Point,16,0 days 00:01:31.994000,0 days 00:00:29.144000,0 days 00:00:37.420000,0 days 00:00:25.430000,Medium,19,1,,,1,True,0 days 00:58:07.395000,91.994,29.144,37.42,25.43,3487.395,3510.14,25.4,58.5,1000.8,False,43.6,29,2.1,False,True,False,EMIRATES FORMULA 1 70TH ANNIVERSARY GRAND PRIX 2020,Silverstone,Great Britain,,,Permanent,,,0.3168032697784638,0.40676565862991065,0.27643107159162555,3,False,70th Anniversary Grand Prix,70th_anniversary_grand_prix,2020,2020-08-09,92.76941176470588,17,Opening,1.6149999999999949,False,False,False,True
BOT,Mercedes,16,0 days 00:01:30.850000,0 days 00:00:28.850000,0 days 00:00:37.026000,0 days 00:00:24.974000,Hard,3,2,,,1,True,0 days 00:58:09.635000,90.85,28.85,37.026,24.974,3489.635,3510.14,25.4,58.5,1000.8,False,43.6,29,2.1,False,True,False,EMIRATES FORMULA 1 70TH ANNIVERSARY GRAND PRIX 2020,Silverstone,Great Britain,,,Permanent,,,0.31755641166758397,0.40755090809025873,0.2748926802421574,3,False,70th Anniversary Grand Prix,70th_anniversary_grand_prix,2020,2020-08-09,92.67247368421053,19,Mid,1.0849999999999937,False,False,False,True
HAM,Mercedes,16,0 days 00:01:31.423000,0 days 00:00:29.159000,0 days 00:00:37.288000,0 days 00:00:24.976000,Hard,2,2,,,1,True,0 days 00:58:13.293000,91.423,29.159,37.288,24.976,3493.293,3510.14,25.4,58.5,1000.8,False,43.6,29,2.1,False,True,False,EMIRATES FORMULA 1 70TH ANNIVERSARY GRAND PRIX 2020,Silverstone,Great Britain,,,Permanent,,,0.31894599827176967,0.4078623541122037,0.2731916476160266,3,False,70th Anniversary Grand Prix,70th_anniversary_grand_prix,2020,2020-08-09,92.29803703703703,27,Mid,2.9720000000000084,False,False,False,True
LEC,Ferrari,16,0 days 00:01:32.252000,0 days 00:00:28.978000,0 days 00:00:37.889000,0 days 00:00:25.385000,Medium,19,1,,,1,True,0 days 00:58:15.301000,92.252,28.978,37.889,25.385,3495.301,3510.14,25.4,58.5,1000.8,False,43.6,29,2.1,False,True,False,EMIRATES FORMULA 1 70TH ANNIVERSARY GRAND PRIX 2020,Silverstone,Great Britain,,,Permanent,,,0.31411785110349916,0.4107119628842736,0.2751701860122274,3,False,70th Anniversary Grand Prix,70th_anniversary_grand_prix,2020,2020-08-09,93.06276470588236,17,Opening,1.6999999999999886,False,False,False,True
SAI,McLaren,16,0 days 00:01:32.758000,0 days 00:00:29.423000,0 days 00:00:37.764000,0 days 00:00:25.571000,Hard,16,1,,,1,True,0 days 00:58:20.914000,92.758,29.423,37.764,25.571,3500.914,3510.14,25.4,58.5,1000.8,False,43.6,29,2.1,False,True,False,EMIRATES FORMULA 1 70TH ANNIVERSARY GRAND PRIX 2020,Silverstone,Great Britain,,,Permanent,,,0.3172017507923845,0.4071239138403157,0.2756743353672999,3,False,70th Anniversary Grand Prix,70th_anniversary_grand_prix,2020,2020-08-09,93.28190476190477,21,Opening,2.201999999999998,False,False,False,True
HUL,Racing Point,16,0 days 00:01:51.760000,0 days 00:00:49.202000,0 days 00:00:37.337000,0 days 00:00:25.221000,Hard,1,2,,0 days 00:56:55.684000,1,False,0 days 00:58:24.263000,111.76,49.202,37.337,25.221,3504.263,3510.14,25.4,58.5,1000.8,False,43.6,29,2.1,False,True,False,EMIRATES FORMULA 1 70TH ANNIVERSARY GRAND PRIX 2020,Silverstone,Great Britain,,,Permanent,,,0.44024695776664274,0.33408196134574086,0.2256710808876163,3,False,70th Anniversary Grand Prix,70th_anniversary_grand_prix,2020,2020-08-09,93.23213333333334,15,Mid,21.673000000000002,False,False,False,True
OCO,Renault,16,0 days 00:01:33.086000,0 days 00:00:29.593000,0 days 00:00:37.991000,0 days 00:00:25.502000,Medium,16,1,,,1,True,0 days 00:58:27.460000,93.086,29.593,37.991,25.502,3507.46,3510.14,25.4,58.5,1000.8,False,43.6,29,2.1,False,True,False,EMIRATES FORMULA 1 70TH ANNIVERSARY GRAND PRIX 2020,Silverstone,Great Britain,,,Permanent,,,0.3179103194895043,0.40812796768579596,0.2739617128246997,3,False,70th Anniversary Grand Prix,70th_anniversary_grand_prix,2020,2020-08-09,93.52709523809524,21,Opening,2.5109999999999957,False,False,False,True
KVY,AlphaTauri,16,0 days 00:01:33.222000,0 days 00:00:29.321000,0 days 00:00:38.287000,0 days 00:00:25.614000,Hard,16,1,,,1,True,0 days 00:58:28.465000,93.222,29.321,38.287,25.614,3508.465,3510.14,25.4,58.5,1000.8,False,43.6,29,2.1,False,True,False,EMIRATES FORMULA 1 70TH ANNIVERSARY GRAND PRIX 2020,Silverstone,Great Britain,,,Permanent,,,0.3145287593057433,0.4107077728433203,0.2747634678509365,3,False,70th Anniversary Grand Prix,70th_anniversary_grand_prix,2020,2020-08-09,93.7025,18,Opening,2.4839999999999947,False,False,False,True
RIC,Renault,16,0 days 00:01:33.037000,0 days 00:00:29.464000,0 days 00:00:38.130000,0 days 00:00:25.443000,Medium,5,2,,,1,True,0 days 00:58:30.682000,93.037,29.464,38.13,25.443,3510.682,3510.14,25.4,58.5,1000.8,False,43.6,29,2.1,False,True,False,EMIRATES FORMULA 1 70TH ANNIVERSARY GRAND PRIX 2020,Silverstone,Great Britain,,,Permanent,,,0.31669120887388885,0.40983694659114117,0.27347184453497,3,False,70th Anniversary Grand Prix,70th_anniversary_grand_prix,2020,2020-08-09,94.00824999999999,12,Mid,1.8689999999999998,False,False,False,True
GRO,Haas F1 Team,16,0 days 00:01:33.438000,0 days 00:00:29.506000,0 days 00:00:38.272000,0 days 00:00:25.660000,Medium,19,1,,,1,True,0 days 00:58:32.805000,93.438,29.506,38.272,25.66,3512.805,3510.14,25.4,58.5,1000.8,False,43.6,29,2.1,False,True,False,EMIRATES FORMULA 1 70TH ANNIVERSARY GRAND PRIX 2020,Silverstone,Great Britain,,,Permanent,,,0.31578158779083454,0.40959780817226393,0.2746206040369015,3,False,70th Anniversary Grand Prix,70th_anniversary_grand_prix,2020,2020-08-09,94.1241875,16,Opening,2.644999999999996,False,False,False,True
VET,Ferrari,16,0 days 00:01:33.321000,0 days 00:00:29.093000,0 days 00:00:38.659000,0 days 00:00:25.569000,Hard,17,1,,,1,True,0 days 00:58:33.336000,93.321,29.093,38.659,25.569,3513.336,3510.14,25.4,58.5,1000.8,False,43.6,29,2.1,False,True,False,EMIRATES FORMULA 1 70TH ANNIVERSARY GRAND PRIX 2020,Silverstone,Great Britain,,,Permanent,,,0.3117519100738312,0.41425831270560753,0.2739897772205613,3,False,70th Anniversary Grand Prix,70th_anniversary_grand_prix,2020,2020-08-09,93.5247619047619,21,Opening,2.5360000000000014,False,False,False,True
NOR,McLaren,16,0 days 00:01:33.572000,0 days 00:00:29.278000,0 days 00:00:38.431000,0 days 00:00:25.863000,Hard,4,2,,,1,True,0 days 00:58:34.173000,93.572,29.278,38.431,25.863,3514.173,3510.14,25.4,58.5,1000.8,False,43.6,29,2.1,False,True,False,EMIRATES FORMULA 1 70TH ANNIVERSARY GRAND PRIX 2020,Silverstone,Great Britain,,,Permanent,,,0.31289274569315606,0.41071046894370106,0.2763967853631428,3,False,70th Anniversary Grand Prix,70th_anniversary_grand_prix,2020,2020-08-09,93.8319411764706,17,Mid,2.8740000000000094,False,False,False,True
GAS,AlphaTauri,16,0 days 00:01:33.246000,0 days 00:00:29.299000,0 days 00:00:38.331000,0 days 00:00:25.616000,Hard,9,2,,,1,True,0 days 00:58:36.155000,93.246,29.299,38.331,25.616,3516.155,3510.14,25.4,58.5,1000.8,False,43.6,29,2.1,False,True,False,EMIRATES FORMULA 1 70TH ANNIVERSARY GRAND PRIX 2020,Silverstone,Great Britain,,,Permanent,,,0.3142118696780559,0.411073933466315,0.2747141968556292,3,False,70th Anniversary Grand Prix,70th_anniversary_grand_prix,2020,2020-08-09,94.7295,16,Mid,3.1539999999999964,False,False,False,True
ALB,Red Bull Racing,16,0 days 00:01:32.740000,0 days 00:00:29.210000,0 days 00:00:37.888000,0 days 00:00:25.642000,Hard,10,2,,,1,True,0 days 00:58:36.937000,92.74,29.21,37.888,25.642,3516.937,3510.14,25.4,58.5,1000.8,False,43.6,29,2.1,False,True,False,EMIRATES FORMULA 1 70TH ANNIVERSARY GRAND PRIX 2020,Silverstone,Great Britain,,,Permanent,,,0.314966573215441,0.4085400043131335,0.2764934224714255,3,False,70th Anniversary Grand Prix,70th_anniversary_grand_prix,2020,2020-08-09,93.439375,24,Mid,3.262999999999991,False,False,False,True
RAI,Alfa Romeo Racing,16,0 days 00:01:33.576000,0 days 00:00:29.731000,0 days 00:00:38.101000,0 days 00:00:25.744000,Hard,16,1,,,1,True,0 days 00:58:42.322000,93.576,29.731,38.101,25.744,3522.322,3510.14,25.4,58.5,1000.8,False,43.6,29,2.1,False,True,False,EMIRATES FORMULA 1 70TH ANNIVERSARY GRAND PRIX 2020,Silverstone,Great Britain,,,Permanent,,,0.31772035564674705,0.40716636744464396,0.27511327690860904,3,False,70th Anniversary Grand Prix,70th_anniversary_grand_prix,2020,2020-08-09,94.26747999999999,25,Opening,1.8199999999999932,False,False,False,True
GIO,Alfa Romeo Racing,16,0 days 00:01:33.687000,0 days 00:00:29.607000,0 days 00:00:38.319000,0 days 00:00:25.761000,Hard,9,2,,,1,True,0 days 00:58:48.506000,93.687,29.607,38.319,25.761,3528.506,3510.14,25.4,58.5,1000.8,False,43.6,29,2.1,False,True,False,EMIRATES FORMULA 1 70TH ANNIVERSARY GRAND PRIX 2020,Silverstone,Great Britain,,,Permanent,,,0.3160203656857408,0.4090108552947581,0.2749687790195011,3,False,70th Anniversary Grand Prix,70th_anniversary_grand_prix,2020,2020-08-09,94.33988461538462,26,Mid,1.8610000000000042,False,False,False,True
RUS,Williams,16,0 days 00:01:33.888000,0 days 00:00:29.629000,0 days 00:00:38.457000,0 days 00:00:25.802000,Hard,8,2,,,1,True,0 days 00:58:49.690000,93.888,29.629,38.457,25.802,3529.69,3510.14,25.4,58.5,1000.8,False,43.6,29,2.1,False,True,False,EMIRATES FORMULA 1 70TH ANNIVERSARY GRAND PRIX 2020,Silverstone,Great Britain,,,Permanent,,,0.3155781356509884,0.4096050613496932,0.2748168029993183,3,False,70th Anniversary Grand Prix,70th_anniversary_grand_prix,2020,2020-08-09,94.54925,16,Mid,2.480000000000004,False,False,False,True
MAG,Haas F1 Team,16,0 days 00:01:33.688000,0 days 00:00:29.437000,0 days 00:00:38.546000,0 days 00:00:25.705000,Hard,8,2,,,1,True,0 days 00:58:51.179000,93.688,29.437,38.546,25.705,3531.179,3510.14,25.4,58.5,1000.8,False,43.6,29,2.1,False,True,False,EMIRATES FORMULA 1 70TH ANNIVERSARY GRAND PRIX 2020,Silverstone,Great Britain,,,Permanent,,,0.31420245922636836,0.41142942532661597,0.2743681154470156,3,False,70th Anniversary Grand Prix,70th_anniversary_grand_prix,2020,2020-08-09,95.60209090909092,11,Mid,1.858000000000004,False,False,False,True
LAT,Williams,16,0 days 00:01:33.686000,0 days 00:00:29.195000,0 days 00:00:38.616000,0 days 00:00:25.875000,Hard,7,2,,,1,True,0 days 00:58:51.893000,93.686,29.195,38.616,25.875,3531.893,3510.14,25.4,58.5,1000.8,False,43.6,29,2.1,False,True,False,EMIRATES FORMULA 1 70TH ANNIVERSARY GRAND PRIX 2020,Silverstone,Great Britain,,,Permanent,,,0.3116260700638302,0.4121853852229789,0.2761885447131909,3,False,70th Anniversary Grand Prix,70th_anniversary_grand_prix,2020,2020-08-09,94.40805882352942,17,Mid,3.736000000000004,False,False,False,True
VER,Red Bull Racing,17,0 days 00:01:31.899000,0 days 00:00:29.172000,0 days 00:00:37.541000,0 days 00:00:25.186000,Hard,20,1,,,1,True,0 days 00:59:28.269000,91.899,29.172,37.541,25.186,3568.269,3570.133,25.2,59.1,1001.0,False,43.6,1,2.4,False,True,False,EMIRATES FORMULA 1 70TH ANNIVERSARY GRAND PRIX 2020,Silverstone,Great Britain,,,Permanent,,,0.31743544543466196,0.40850281287065143,0.27406174169468656,3,False,70th Anniversary Grand Prix,70th_anniversary_grand_prix,2020,2020-08-09,91.91712,25,Opening,2.4339999999999975,False,False,False,True
STR,Racing Point,17,0 days 00:01:32.263000,0 days 00:00:29.308000,0 days 00:00:37.528000,0 days 00:00:25.427000,Medium,20,1,,,1,True,0 days 00:59:39.658000,92.263,29.308,37.528,25.427,3579.658,3570.133,25.2,59.1,1001.0,False,43.6,1,2.4,False,True,False,EMIRATES FORMULA 1 70TH ANNIVERSARY GRAND PRIX 2020,Silverstone,Great Britain,,,Permanent,,,0.31765713232823556,0.40675026825488003,0.2755925994168843,3,False,70th Anniversary Grand Prix,70th_anniversary_grand_prix,2020,2020-08-09,92.76941176470588,17,Opening,1.8840000000000003,False,False,False,True
BOT,Mercedes,17,0 days 00:01:31.761000,0 days 00:00:29.115000,0 days 00:00:37.402000,0 days 00:00:25.244000,Hard,4,2,,,1,True,0 days 00:59:41.396000,91.761,29.115,37.402,25.244,3581.396,3570.133,25.2,59.1,1001.0,False,43.6,1,2.4,False,True,False,EMIRATES FORMULA 1 70TH ANNIVERSARY GRAND PRIX 2020,Silverstone,Great Britain,,,Permanent,,,0.3172916598554942,0.4076023583003673,0.2751059818441386,3,False,70th Anniversary Grand Prix,70th_anniversary_grand_prix,2020,2020-08-09,92.67247368421053,19,Mid,1.9959999999999951,False,False,False,True
HAM,Mercedes,17,0 days 00:01:31.441000,0 days 00:00:29.142000,0 days 00:00:37.361000,0 days 00:00:24.938000,Hard,3,2,,,1,True,0 days 00:59:44.734000,91.441,29.142,37.361,24.938,3584.734,3570.133,25.2,59.1,1001.0,False,43.6,1,2.4,False,True,False,EMIRATES FORMULA 1 70TH ANNIVERSARY GRAND PRIX 2020,Silverstone,Great Britain,,,Permanent,,,0.31869730208549774,0.40858039610240476,0.2727223018120974,3,False,70th Anniversary Grand Prix,70th_anniversary_grand_prix,2020,2020-08-09,92.29803703703703,27,Mid,2.990000000000009,False,False,False,True
LEC,Ferrari,17,0 days 00:01:32.711000,0 days 00:00:29.206000,0 days 00:00:37.777000,0 days 00:00:25.728000,Medium,20,1,,,1,True,0 days 00:59:48.012000,92.711,29.206,37.777,25.728,3588.012,3570.133,25.2,59.1,1001.0,False,43.6,1,2.4,False,True,False,EMIRATES FORMULA 1 70TH ANNIVERSARY GRAND PRIX 2020,Silverstone,Great Britain,,,Permanent,,,0.315021949930429,0.40747052669046824,0.27750752337910284,3,False,70th Anniversary Grand Prix,70th_anniversary_grand_prix,2020,2020-08-09,93.06276470588236,17,Opening,2.158999999999992,False,False,False,True
SAI,McLaren,17,0 days 00:01:32.854000,0 days 00:00:29.482000,0 days 00:00:37.696000,0 days 00:00:25.676000,Hard,17,1,,,1,True,0 days 00:59:53.768000,92.854,29.482,37.696,25.676,3593.768,3570.133,25.2,59.1,1001.0,False,43.6,1,2.4,False,True,False,EMIRATES FORMULA 1 70TH ANNIVERSARY GRAND PRIX 2020,Silverstone,Great Britain,,,Permanent,,,0.3175092080039632,0.40597066362246104,0.2765201283735757,3,False,70th Anniversary Grand Prix,70th_anniversary_grand_prix,2020,2020-08-09,93.28190476190477,21,Opening,2.298000000000002,False,False,False,True
HUL,Racing Point,17,0 days 00:01:31.990000,0 days 00:00:29.226000,0 days 00:00:37.449000,0 days 00:00:25.315000,Hard,2,2,,,1,True,0 days 00:59:56.253000,91.99,29.226,37.449,25.315,3596.253,3570.133,25.2,59.1,1001.0,False,43.6,1,2.4,False,True,False,EMIRATES FORMULA 1 70TH ANNIVERSARY GRAND PRIX 2020,Silverstone,Great Britain,,,Permanent,,,0.3177084465702794,0.4070985976736602,0.27519295575606045,3,False,70th Anniversary Grand Prix,70th_anniversary_grand_prix,2020,2020-08-09,93.23213333333334,15,Mid,1.9029999999999916,False,False,False,True
OCO,Renault,17,0 days 00:01:32.953000,0 days 00:00:29.563000,0 days 00:00:37.883000,0 days 00:00:25.507000,Medium,17,1,,,1,True,0 days 01:00:00.413000,92.953,29.563,37.883,25.507,3600.413,3630.137,25.4,58.3,1000.8,False,44.0,309,1.4,False,True,False,EMIRATES FORMULA 1 70TH ANNIVERSARY GRAND PRIX 2020,Silverstone,Great Britain,,,Permanent,,,0.3180424515615418,0.40755005217690665,0.27440749626155153,3,False,70th Anniversary Grand Prix,70th_anniversary_grand_prix,2020,2020-08-09,93.52709523809524,21,Opening,2.378,False,False,False,True
KVY,AlphaTauri,17,0 days 00:01:32.977000,0 days 00:00:29.285000,0 days 00:00:38.182000,0 days 00:00:25.510000,Hard,17,1,,,1,True,0 days 01:00:01.442000,92.977,29.285,38.182,25.51,3601.442,3630.137,25.4,58.3,1000.8,False,44.0,309,1.4,False,True,False,EMIRATES FORMULA 1 70TH ANNIVERSARY GRAND PRIX 2020,Silverstone,Great Britain,,,Permanent,,,0.3149703690159932,0.410660701033589,0.27436892995041784,3,False,70th Anniversary Grand Prix,70th_anniversary_grand_prix,2020,2020-08-09,93.7025,18,Opening,2.2390000000000043,False,False,False,True
RIC,Renault,17,0 days 00:01:32.725000,0 days 00:00:29.315000,0 days 00:00:38.102000,0 days 00:00:25.308000,Medium,6,2,,,1,True,0 days 01:00:03.407000,92.725,29.315,38.102,25.308,3603.407,3630.137,25.4,58.3,1000.8,False,44.0,309,1.4,False,True,False,EMIRATES FORMULA 1 70TH ANNIVERSARY GRAND PRIX 2020,Silverstone,Great Britain,,,Permanent,,,0.31614990563494205,0.41091399299002423,0.2729361013750337,3,False,70th Anniversary Grand Prix,70th_anniversary_grand_prix,2020,2020-08-09,94.00824999999999,12,Mid,1.556999999999988,False,False,False,True
VET,Ferrari,17,0 days 00:01:32.591000,0 days 00:00:29.044000,0 days 00:00:38.047000,0 days 00:00:25.500000,Hard,18,1,,,1,True,0 days 01:00:05.927000,92.591,29.044,38.047,25.5,3605.927,3630.137,25.4,58.3,1000.8,False,44.0,309,1.4,False,True,False,EMIRATES FORMULA 1 70TH ANNIVERSARY GRAND PRIX 2020,Silverstone,Great Britain,,,Permanent,,,0.3136805953062393,0.41091466773228497,0.27540473696147577,3,False,70th Anniversary Grand Prix,70th_anniversary_grand_prix,2020,2020-08-09,93.5247619047619,21,Opening,1.8059999999999974,False,False,False,True
GRO,Haas F1 Team,17,0 days 00:01:34.198000,0 days 00:00:29.607000,0 days 00:00:39.196000,0 days 00:00:25.395000,Medium,20,1,0 days 01:00:01.496000,,1,False,0 days 01:00:07.003000,94.198,29.607,39.196,25.395,3607.003,3630.137,25.4,58.3,1000.8,False,44.0,309,1.4,False,True,False,EMIRATES FORMULA 1 70TH ANNIVERSARY GRAND PRIX 2020,Silverstone,Great Britain,,,Permanent,17.0,,0.3143060362215758,0.4161022527017559,0.2695917110766683,3,False,70th Anniversary Grand Prix,70th_anniversary_grand_prix,2020,2020-08-09,94.1241875,16,Opening,3.404999999999987,False,False,False,True
NOR,McLaren,17,0 days 00:01:33.245000,0 days 00:00:29.216000,0 days 00:00:38.502000,0 days 00:00:25.527000,Hard,5,2,,,1,True,0 days 01:00:07.418000,93.245,29.216,38.502,25.527,3607.418,3630.137,25.4,58.3,1000.8,False,44.0,309,1.4,False,True,False,EMIRATES FORMULA 1 70TH ANNIVERSARY GRAND PRIX 2020,Silverstone,Great Britain,,,Permanent,,,0.31332511126601964,0.41291222049439646,0.2737626682395839,3,False,70th Anniversary Grand Prix,70th_anniversary_grand_prix,2020,2020-08-09,93.8319411764706,17,Mid,2.5470000000000113,False,False,False,True
GAS,AlphaTauri,17,0 days 00:01:33.758000,0 days 00:00:29.516000,0 days 00:00:38.541000,0 days 00:00:25.701000,Hard,10,2,,,1,True,0 days 01:00:09.913000,93.758,29.516,38.541,25.701,3609.913,3630.137,25.4,58.3,1000.8,False,44.0,309,1.4,False,True,False,EMIRATES FORMULA 1 70TH ANNIVERSARY GRAND PRIX 2020,Silverstone,Great Britain,,,Permanent,,,0.3148104695066021,0.4110689221186459,0.27412060837475205,3,False,70th Anniversary Grand Prix,70th_anniversary_grand_prix,2020,2020-08-09,94.7295,16,Mid,3.665999999999997,False,False,False,True
ALB,Red Bull Racing,17,0 days 00:01:33.676000,0 days 00:00:29.225000,0 days 00:00:38.655000,0 days 00:00:25.796000,Hard,11,2,,,1,True,0 days 01:00:10.613000,93.676,29.225,38.655,25.796,3610.613,3630.137,25.4,58.3,1000.8,False,44.0,309,1.4,False,True,False,EMIRATES FORMULA 1 70TH ANNIVERSARY GRAND PRIX 2020,Silverstone,Great Britain,,,Permanent,,,0.31197958922242625,0.4126457150177207,0.27537469575985307,3,False,70th Anniversary Grand Prix,70th_anniversary_grand_prix,2020,2020-08-09,93.439375,24,Mid,4.198999999999998,False,False,False,True
RAI,Alfa Romeo Racing,17,0 days 00:01:33.688000,0 days 00:00:29.697000,0 days 00:00:38.232000,0 days 00:00:25.759000,Hard,17,1,,,1,True,0 days 01:00:16.010000,93.688,29.697,38.232,25.759,3616.01,3630.137,25.4,58.3,1000.8,False,44.0,309,1.4,False,True,False,EMIRATES FORMULA 1 70TH ANNIVERSARY GRAND PRIX 2020,Silverstone,Great Britain,,,Permanent,,,0.3169776278712322,0.4080778755016651,0.27494449662710274,3,False,70th Anniversary Grand Prix,70th_anniversary_grand_prix,2020,2020-08-09,94.26747999999999,25,Opening,1.9320000000000022,False,False,False,True
GIO,Alfa Romeo Racing,17,0 days 00:01:33.816000,0 days 00:00:29.535000,0 days 00:00:38.354000,0 days 00:00:25.927000,Hard,10,2,,,1,True,0 days 01:00:22.322000,93.816,29.535,38.354,25.927,3622.322,3630.137,25.4,58.3,1000.8,False,44.0,309,1.4,False,True,False,EMIRATES FORMULA 1 70TH ANNIVERSARY GRAND PRIX 2020,Silverstone,Great Britain,,,Permanent,,,0.3148183678690202,0.4088215229811546,0.2763601091498252,3,False,70th Anniversary Grand Prix,70th_anniversary_grand_prix,2020,2020-08-09,94.33988461538462,26,Mid,1.990000000000009,False,False,False,True
RUS,Williams,17,0 days 00:01:33.569000,0 days 00:00:29.596000,0 days 00:00:38.097000,0 days 00:00:25.876000,Hard,9,2,,,1,True,0 days 01:00:23.259000,93.569,29.596,38.097,25.876,3623.259,3630.137,25.4,58.3,1000.8,False,44.0,309,1.4,False,True,False,EMIRATES FORMULA 1 70TH ANNIVERSARY GRAND PRIX 2020,Silverstone,Great Britain,,,Permanent,,,0.3163013391187252,0.4071540788081523,0.2765445820731225,3,False,70th Anniversary Grand Prix,70th_anniversary_grand_prix,2020,2020-08-09,94.54925,16,Mid,2.1610000000000014,False,False,False,True
MAG,Haas F1 Team,17,0 days 00:01:33.976000,0 days 00:00:29.421000,0 days 00:00:38.349000,0 days 00:00:26.206000,Hard,9,2,,,1,True,0 days 01:00:25.155000,93.976,29.421,38.349,26.206,3625.155,3630.137,25.4,58.3,1000.8,False,44.0,309,1.4,False,True,False,EMIRATES FORMULA 1 70TH ANNIVERSARY GRAND PRIX 2020,Silverstone,Great Britain,,,Permanent,,,0.3130692942879033,0.40807227377202687,0.2788584319400698,3,False,70th Anniversary Grand Prix,70th_anniversary_grand_prix,2020,2020-08-09,95.60209090909092,11,Mid,2.146000000000001,False,False,False,True
LAT,Williams,17,0 days 00:01:33.733000,0 days 00:00:29.023000,0 days 00:00:38.476000,0 days 00:00:26.234000,Hard,8,2,,,1,True,0 days 01:00:25.626000,93.733,29.023,38.476,26.234,3625.626,3630.137,25.4,58.3,1000.8,False,44.0,309,1.4,False,True,False,EMIRATES FORMULA 1 70TH ANNIVERSARY GRAND PRIX 2020,Silverstone,Great Britain,,,Permanent,,,0.30963481377956537,0.41048510129836874,0.2798800849220659,3,False,70th Anniversary Grand Prix,70th_anniversary_grand_prix,2020,2020-08-09,94.40805882352942,17,Mid,3.7830000000000013,False,False,False,True
VER,Red Bull Racing,18,0 days 00:01:31.759000,0 days 00:00:29.026000,0 days 00:00:37.538000,0 days 00:00:25.195000,Hard,21,1,,,1,True,0 days 01:01:00.028000,91.759,29.026,37.538,25.195,3660.028,3630.137,25.4,58.3,1000.8,False,44.0,309,1.4,False,True,False,EMIRATES FORMULA 1 70TH ANNIVERSARY GRAND PRIX 2020,Silverstone,Great Britain,,,Permanent,,,0.3163286435118081,0.40909338593489464,0.27457797055329725,3,False,70th Anniversary Grand Prix,70th_anniversary_grand_prix,2020,2020-08-09,91.91712,25,Opening,2.293999999999997,False,False,False,True
STR,Racing Point,18,0 days 00:01:31.536000,0 days 00:00:29.121000,0 days 00:00:37.519000,0 days 00:00:24.896000,Medium,21,1,0 days 01:01:05.330000,,1,False,0 days 01:01:11.194000,91.536,29.121,37.519,24.896,3671.194,3690.124,25.5,58.4,1000.9,False,43.9,6,1.8,False,True,False,EMIRATES FORMULA 1 70TH ANNIVERSARY GRAND PRIX 2020,Silverstone,Great Britain,,,Permanent,18.0,,0.3181371263765076,0.40988245062052087,0.27198042300297154,3,False,70th Anniversary Grand Prix,70th_anniversary_grand_prix,2020,2020-08-09,92.76941176470588,17,Opening,1.1569999999999965,False,False,False,True
BOT,Mercedes,18,0 days 00:01:31.558000,0 days 00:00:29.101000,0 days 00:00:37.217000,0 days 00:00:25.240000,Hard,5,2,,,1,True,0 days 01:01:12.954000,91.558,29.101,37.217,25.24,3672.954,3690.124,25.5,58.4,1000.9,False,43.9,6,1.8,False,True,False,EMIRATES FORMULA 1 70TH ANNIVERSARY GRAND PRIX 2020,Silverstone,Great Britain,,,Permanent,,,0.31784224207606104,0.4064855064549247,0.27567225146901414,3,False,70th Anniversary Grand Prix,70th_anniversary_grand_prix,2020,2020-08-09,92.67247368421053,19,Mid,1.7930000000000064,False,False,False,True
HAM,Mercedes,18,0 days 00:01:31.595000,0 days 00:00:28.997000,0 days 00:00:37.422000,0 days 00:00:25.176000,Hard,4,2,,,1,True,0 days 01:01:16.329000,91.595,28.997,37.422,25.176,3676.329,3690.124,25.5,58.4,1000.9,False,43.9,6,1.8,False,True,False,EMIRATES FORMULA 1 70TH ANNIVERSARY GRAND PRIX 2020,Silverstone,Great Britain,,,Permanent,,,0.3165784158523937,0.40855941918226973,0.2748621649653365,3,False,70th Anniversary Grand Prix,70th_anniversary_grand_prix,2020,2020-08-09,92.29803703703703,27,Mid,3.1440000000000055,False,False,False,True
LEC,Ferrari,18,0 days 00:01:31.751000,0 days 00:00:29.042000,0 days 00:00:37.791000,0 days 00:00:24.918000,Medium,21,1,0 days 01:01:13.903000,,1,False,0 days 01:01:19.763000,91.751,29.042,37.791,24.918,3679.763,3690.124,25.5,58.4,1000.9,False,43.9,6,1.8,False,True,False,EMIRATES FORMULA 1 70TH ANNIVERSARY GRAND PRIX 2020,Silverstone,Great Britain,,,Permanent,18.0,,0.31653061002059923,0.4118865189480223,0.2715828710313784,3,False,70th Anniversary Grand Prix,70th_anniversary_grand_prix,2020,2020-08-09,93.06276470588236,17,Opening,1.198999999999998,False,False,False,True
SAI,McLaren,18,0 days 00:01:32.582000,0 days 00:00:29.284000,0 days 00:00:37.709000,0 days 00:00:25.589000,Hard,18,1,,,1,True,0 days 01:01:26.350000,92.582,29.284,37.709,25.589,3686.35,3690.124,25.5,58.4,1000.9,False,43.9,6,1.8,False,True,False,EMIRATES FORMULA 1 70TH ANNIVERSARY GRAND PRIX 2020,Silverstone,Great Britain,,,Permanent,,,0.3163033851072563,0.4073037955542115,0.2763928193385323,3,False,70th Anniversary Grand Prix,70th_anniversary_grand_prix,2020,2020-08-09,93.28190476190477,21,Opening,2.0259999999999962,False,False,False,True
HUL,Racing Point,18,0 days 00:01:31.996000,0 days 00:00:29.046000,0 days 00:00:37.494000,0 days 00:00:25.456000,Hard,3,2,,,1,True,0 days 01:01:28.249000,91.996,29.046,37.494,25.456,3688.249,3690.124,25.5,58.4,1000.9,False,43.9,6,1.8,False,True,False,EMIRATES FORMULA 1 70TH ANNIVERSARY GRAND PRIX 2020,Silverstone,Great Britain,,,Permanent,,,0.3157311187442932,0.40756119831297016,0.2767076829427367,3,False,70th Anniversary Grand Prix,70th_anniversary_grand_prix,2020,2020-08-09,93.23213333333334,15,Mid,1.9089999999999918,False,False,False,True
OCO,Renault,18,0 days 00:01:32.832000,0 days 00:00:29.432000,0 days 00:00:37.844000,0 days 00:00:25.556000,Medium,18,1,,,1,True,0 days 01:01:33.245000,92.832,29.432,37.844,25.556,3693.245,3690.124,25.5,58.4,1000.9,False,43.9,6,1.8,False,True,False,EMIRATES FORMULA 1 70TH ANNIVERSARY GRAND PRIX 2020,Silverstone,Great Britain,,,Permanent,,,0.3170458462599104,0.4076611513271286,0.27529300241296106,3,False,70th Anniversary Grand Prix,70th_anniversary_grand_prix,2020,2020-08-09,93.52709523809524,21,Opening,2.256999999999991,False,False,False,True
KVY,AlphaTauri,18,0 days 00:01:32.860000,0 days 00:00:29.261000,0 days 00:00:38.038000,0 days 00:00:25.561000,Hard,18,1,,,1,True,0 days 01:01:34.302000,92.86,29.261,38.038,25.561,3694.302,3690.124,25.5,58.4,1000.9,False,43.9,6,1.8,False,True,False,EMIRATES FORMULA 1 70TH ANNIVERSARY GRAND PRIX 2020,Silverstone,Great Britain,,,Permanent,,,0.3151087658841266,0.40962739608012055,0.2752638380357528,3,False,70th Anniversary Grand Prix,70th_anniversary_grand_prix,2020,2020-08-09,93.7025,18,Opening,2.122,False,False,False,True
RIC,Renault,18,0 days 00:01:32.268000,0 days 00:00:29.294000,0 days 00:00:37.606000,0 days 00:00:25.368000,Medium,7,2,,,1,True,0 days 01:01:35.675000,92.268,29.294,37.606,25.368,3695.675,3690.124,25.5,58.4,1000.9,False,43.9,6,1.8,False,True,False,EMIRATES FORMULA 1 70TH ANNIVERSARY GRAND PRIX 2020,Silverstone,Great Britain,,,Permanent,,,0.31748818658689903,0.4075735899770235,0.2749382234360775,3,False,70th Anniversary Grand Prix,70th_anniversary_grand_prix,2020,2020-08-09,94.00824999999999,12,Mid,1.0999999999999943,False,False,False,True
VET,Ferrari,18,0 days 00:01:32.595000,0 days 00:00:29.197000,0 days 00:00:37.836000,0 days 00:00:25.562000,Hard,19,1,,,1,True,0 days 01:01:38.522000,92.595,29.197,37.836,25.562,3698.522,3690.124,25.5,58.4,1000.9,False,43.9,6,1.8,False,True,False,EMIRATES FORMULA 1 70TH ANNIVERSARY GRAND PRIX 2020,Silverstone,Great Britain,,,Permanent,,,0.3153194016955559,0.4086181759274259,0.2760624223770182,3,False,70th Anniversary Grand Prix,70th_anniversary_grand_prix,2020,2020-08-09,93.5247619047619,21,Opening,1.8100000000000023,False,False,False,True
NOR,McLaren,18,0 days 00:01:32.430000,0 days 00:00:29.306000,0 days 00:00:37.470000,0 days 00:00:25.654000,Hard,6,2,,,1,True,0 days 01:01:39.848000,92.43,29.306,37.47,25.654,3699.848,3690.124,25.5,58.4,1000.9,False,43.9,6,1.8,False,True,False,EMIRATES FORMULA 1 70TH ANNIVERSARY GRAND PRIX 2020,Silverstone,Great Britain,,,Permanent,,,0.3170615600995348,0.40538786108406355,0.2775505788164016,3,False,70th Anniversary Grand Prix,70th_anniversary_grand_prix,2020,2020-08-09,93.8319411764706,17,Mid,1.7320000000000135,False,False,False,True
GAS,AlphaTauri,18,0 days 00:01:33.612000,0 days 00:00:29.626000,0 days 00:00:38.240000,0 days 00:00:25.746000,Hard,11,2,,,1,True,0 days 01:01:43.525000,93.612,29.626,38.24,25.746,3703.525,3690.124,25.5,58.4,1000.9,False,43.9,6,1.8,False,True,False,EMIRATES FORMULA 1 70TH ANNIVERSARY GRAND PRIX 2020,Silverstone,Great Britain,,,Permanent,,,0.3164765201042602,0.40849463743964454,0.2750288424560954,3,False,70th Anniversary Grand Prix,70th_anniversary_grand_prix,2020,2020-08-09,94.7295,16,Mid,3.519999999999996,False,False,False,True
ALB,Red Bull Racing,18,0 days 00:01:33.557000,0 days 00:00:29.314000,0 days 00:00:38.474000,0 days 00:00:25.769000,Hard,12,2,,,1,True,0 days 01:01:44.170000,93.557,29.314,38.474,25.769,3704.17,3690.124,25.5,58.4,1000.9,False,43.9,6,1.8,False,True,False,EMIRATES FORMULA 1 70TH ANNIVERSARY GRAND PRIX 2020,Silverstone,Great Britain,,,Permanent,,,0.31332770396656584,0.41123593103669415,0.27543636499673996,3,False,70th Anniversary Grand Prix,70th_anniversary_grand_prix,2020,2020-08-09,93.439375,24,Mid,4.079999999999998,False,False,False,True
RAI,Alfa Romeo Racing,18,0 days 00:01:33.519000,0 days 00:00:29.562000,0 days 00:00:38.122000,0 days 00:00:25.835000,Hard,18,1,,,1,True,0 days 01:01:49.529000,93.519,29.562,38.122,25.835,3709.529,3690.124,25.5,58.4,1000.9,False,43.9,6,1.8,False,True,False,EMIRATES FORMULA 1 70TH ANNIVERSARY GRAND PRIX 2020,Silverstone,Great Britain,,,Permanent,,,0.31610688737048087,0.4076390893829061,0.27625402324661297,3,False,70th Anniversary Grand Prix,70th_anniversary_grand_prix,2020,2020-08-09,94.26747999999999,25,Opening,1.7630000000000052,False,False,False,True
GIO,Alfa Romeo Racing,18,0 days 00:01:33.397000,0 days 00:00:29.441000,0 days 00:00:38.049000,0 days 00:00:25.907000,Hard,11,2,,,1,True,0 days 01:01:55.719000,93.397,29.441,38.049,25.907,3715.719,3690.124,25.5,58.4,1000.9,False,43.9,6,1.8,False,True,False,EMIRATES FORMULA 1 70TH ANNIVERSARY GRAND PRIX 2020,Silverstone,Great Britain,,,Permanent,,,0.31522425773847124,0.4073899589922588,0.2773857832692699,3,False,70th Anniversary Grand Prix,70th_anniversary_grand_prix,2020,2020-08-09,94.33988461538462,26,Mid,1.5710000000000122,False,False,False,True
RUS,Williams,18,0 days 00:01:33.183000,0 days 00:00:29.346000,0 days 00:00:38.030000,0 days 00:00:25.807000,Hard,10,2,,,1,True,0 days 01:01:56.442000,93.183,29.346,38.03,25.807,3716.442,3690.124,25.5,58.4,1000.9,False,43.9,6,1.8,False,True,False,EMIRATES FORMULA 1 70TH ANNIVERSARY GRAND PRIX 2020,Silverstone,Great Britain,,,Permanent,,,0.3149286887093139,0.40812165309122905,0.27694965819945694,3,False,70th Anniversary Grand Prix,70th_anniversary_grand_prix,2020,2020-08-09,94.54925,16,Mid,1.7750000000000057,False,False,False,True
MAG,Haas F1 Team,18,0 days 00:01:34.172000,0 days 00:00:29.554000,0 days 00:00:38.453000,0 days 00:00:26.165000,Hard,10,2,,,1,True,0 days 01:01:59.327000,94.172,29.554,38.453,26.165,3719.327,3690.124,25.5,58.4,1000.9,False,43.9,6,1.8,False,True,False,EMIRATES FORMULA 1 70TH ANNIVERSARY GRAND PRIX 2020,Silverstone,Great Britain,,,Permanent,,,0.31383001316739584,0.4083273159750245,0.27784267085757974,3,False,70th Anniversary Grand Prix,70th_anniversary_grand_prix,2020,2020-08-09,95.60209090909092,11,Mid,2.3419999999999987,False,False,False,True
LAT,Williams,18,0 days 00:01:34.067000,0 days 00:00:29.474000,0 days 00:00:38.708000,0 days 00:00:25.885000,Hard,9,2,,,1,True,0 days 01:01:59.693000,94.067,29.474,38.708,25.885,3719.693,3690.124,25.5,58.4,1000.9,False,43.9,6,1.8,False,True,False,EMIRATES FORMULA 1 70TH ANNIVERSARY GRAND PRIX 2020,Silverstone,Great Britain,,,Permanent,,,0.31332986063125223,0.41149393517386545,0.2751762041948824,3,False,70th Anniversary Grand Prix,70th_anniversary_grand_prix,2020,2020-08-09,94.40805882352942,17,Mid,4.11699999999999,False,False,False,True
GRO,Haas F1 Team,18,0 days 00:01:54.044000,0 days 00:00:50.721000,0 days 00:00:37.780000,0 days 00:00:25.543000,Hard,2,2,,0 days 01:00:30.541000,1,False,0 days 01:02:01.047000,114.044,50.721,37.78,25.543,3721.047,3750.135,25.4,58.9,1000.9,False,43.6,17,2.2,False,True,False,EMIRATES FORMULA 1 70TH ANNIVERSARY GRAND PRIX 2020,Silverstone,Great Britain,,,Permanent,,,0.4447493949703623,0.3312756479955105,0.22397495703412718,3,False,70th Anniversary Grand Prix,70th_anniversary_grand_prix,2020,2020-08-09,94.24085714285714,21,Mid,23.25099999999999,False,False,False,True
VER,Red Bull Racing,19,0 days 00:01:31.694000,0 days 00:00:29.076000,0 days 00:00:37.414000,0 days 00:00:25.204000,Hard,22,1,,,1,True,0 days 01:02:31.722000,91.694,29.076,37.414,25.204,3751.722,3750.135,25.4,58.9,1000.9,False,43.6,17,2.2,False,True,False,EMIRATES FORMULA 1 70TH ANNIVERSARY GRAND PRIX 2020,Silverstone,Great Britain,,,Permanent,,,0.3170981743625537,0.40803105982943266,0.2748707658080136,3,False,70th Anniversary Grand Prix,70th_anniversary_grand_prix,2020,2020-08-09,91.91712,25,Opening,2.228999999999999,False,False,False,True
BOT,Mercedes,19,0 days 00:01:32.038000,0 days 00:00:29.089000,0 days 00:00:37.651000,0 days 00:00:25.298000,Hard,6,2,,,1,True,0 days 01:02:44.992000,92.038,29.089,37.651,25.298,3764.992,3750.135,25.4,58.9,1000.9,False,43.6,17,2.2,False,True,False,EMIRATES FORMULA 1 70TH ANNIVERSARY GRAND PRIX 2020,Silverstone,Great Britain,,,Permanent,,,0.31605423846672026,0.4090810317477564,0.27486472978552334,3,False,70th Anniversary Grand Prix,70th_anniversary_grand_prix,2020,2020-08-09,92.67247368421053,19,Mid,2.272999999999996,False,False,False,True
HAM,Mercedes,19,0 days 00:01:31.602000,0 days 00:00:29.002000,0 days 00:00:37.448000,0 days 00:00:25.152000,Hard,5,2,,,1,True,0 days 01:02:47.931000,91.602,29.002,37.448,25.152,3767.931,3750.135,25.4,58.9,1000.9,False,43.6,17,2.2,False,True,False,EMIRATES FORMULA 1 70TH ANNIVERSARY GRAND PRIX 2020,Silverstone,Great Britain,,,Permanent,,,0.31660880766795485,0.40881203467173205,0.2745791576603131,3,False,70th Anniversary Grand Prix,70th_anniversary_grand_prix,2020,2020-08-09,92.29803703703703,27,Mid,3.1510000000000105,False,False,False,True
SAI,McLaren,19,0 days 00:01:32.826000,0 days 00:00:29.357000,0 days 00:00:37.771000,0 days 00:00:25.698000,Hard,19,1,,,1,True,0 days 01:02:59.176000,92.826,29.357,37.771,25.698,3779.176,3750.135,25.4,58.9,1000.9,False,43.6,17,2.2,False,True,False,EMIRATES FORMULA 1 70TH ANNIVERSARY GRAND PRIX 2020,Silverstone,Great Britain,,,Permanent,,,0.3162583758860664,0.40690108374808787,0.2768405403658458,3,False,70th Anniversary Grand Prix,70th_anniversary_grand_prix,2020,2020-08-09,93.28190476190477,21,Opening,2.269999999999996,False,False,False,True
HUL,Racing Point,19,0 days 00:01:32.311000,0 days 00:00:29.264000,0 days 00:00:37.563000,0 days 00:00:25.484000,Hard,4,2,,,1,True,0 days 01:03:00.560000,92.311,29.264,37.563,25.484,3780.56,3810.162,25.5,57.8,1000.9,False,43.6,14,2.5,False,True,False,EMIRATES FORMULA 1 70TH ANNIVERSARY GRAND PRIX 2020,Silverstone,Great Britain,,,Permanent,,,0.3170153069515009,0.4069179187745772,0.27606677427392184,3,False,70th Anniversary Grand Prix,70th_anniversary_grand_prix,2020,2020-08-09,93.23213333333334,15,Mid,2.2240000000000038,False,False,False,True
STR,Racing Point,19,0 days 00:01:51.312000,0 days 00:00:48.771000,0 days 00:00:37.140000,0 days 00:00:25.401000,Hard,1,2,,0 days 01:01:33.469000,1,False,0 days 01:03:02.506000,111.312,48.771,37.14,25.401,3782.506,3810.162,25.5,57.8,1000.9,False,43.6,14,2.5,False,True,False,EMIRATES FORMULA 1 70TH ANNIVERSARY GRAND PRIX 2020,Silverstone,Great Britain,,,Permanent,,,0.43814683053040104,0.33365674859853384,0.22819642087106512,3,False,70th Anniversary Grand Prix,70th_anniversary_grand_prix,2020,2020-08-09,93.29523076923077,13,Mid,20.932999999999993,False,False,False,True
OCO,Renault,19,0 days 00:01:32.621000,0 days 00:00:29.369000,0 days 00:00:37.775000,0 days 00:00:25.477000,Medium,19,1,,,1,True,0 days 01:03:05.866000,92.621,29.369,37.775,25.477,3785.866,3810.162,25.5,57.8,1000.9,False,43.6,14,2.5,False,True,False,EMIRATES FORMULA 1 70TH ANNIVERSARY GRAND PRIX 2020,Silverstone,Great Britain,,,Permanent,,,0.31708791742693343,0.4078448731929044,0.27506720938016216,3,False,70th Anniversary Grand Prix,70th_anniversary_grand_prix,2020,2020-08-09,93.52709523809524,21,Opening,2.0459999999999923,False,False,False,True
KVY,AlphaTauri,19,0 days 00:01:32.191000,0 days 00:00:29.182000,0 days 00:00:38.134000,0 days 00:00:24.875000,Hard,19,1,0 days 01:03:03.548000,,1,False,0 days 01:03:06.493000,92.191,29.182,38.134,24.875,3786.493,3810.162,25.5,57.8,1000.9,False,43.6,14,2.5,False,True,False,EMIRATES FORMULA 1 70TH ANNIVERSARY GRAND PRIX 2020,Silverstone,Great Britain,,,Permanent,19.0,,0.3165384907420464,0.41364124480697684,0.2698202644509768,3,False,70th Anniversary Grand Prix,70th_anniversary_grand_prix,2020,2020-08-09,93.7025,18,Opening,1.453000000000003,False,False,False,True
RIC,Renault,19,0 days 00:01:32.454000,0 days 00:00:29.329000,0 days 00:00:37.799000,0 days 00:00:25.326000,Medium,8,2,,,1,True,0 days 01:03:08.129000,92.454,29.329,37.799,25.326,3788.129,3810.162,25.5,57.8,1000.9,False,43.6,14,2.5,False,True,False,EMIRATES FORMULA 1 70TH ANNIVERSARY GRAND PRIX 2020,Silverstone,Great Britain,,,Permanent,,,0.3172280269106799,0.4088411534384667,0.2739308196508534,3,False,70th Anniversary Grand Prix,70th_anniversary_grand_prix,2020,2020-08-09,94.00824999999999,12,Mid,1.2859999999999872,False,False,False,True
VET,Ferrari,19,0 days 00:01:32.565000,0 days 00:00:29.070000,0 days 00:00:37.871000,0 days 00:00:25.624000,Hard,20,1,,,1,True,0 days 01:03:11.087000,92.565,29.07,37.871,25.624,3791.087,3810.162,25.5,57.8,1000.9,False,43.6,14,2.5,False,True,False,EMIRATES FORMULA 1 70TH ANNIVERSARY GRAND PRIX 2020,Silverstone,Great Britain,,,Permanent,,,0.3140495867768595,0.40912872035866693,0.2768216928644736,3,False,70th Anniversary Grand Prix,70th_anniversary_grand_prix,2020,2020-08-09,93.5247619047619,21,Opening,1.7800000000000011,False,False,False,True
NOR,McLaren,19,0 days 00:01:33.188000,0 days 00:00:29.179000,0 days 00:00:37.953000,0 days 00:00:26.056000,Hard,7,2,,,1,True,0 days 01:03:13.036000,93.188,29.179,37.953,26.056,3793.036,3810.162,25.5,57.8,1000.9,False,43.6,14,2.5,False,True,False,EMIRATES FORMULA 1 70TH ANNIVERSARY GRAND PRIX 2020,Silverstone,Great Britain,,,Permanent,,,0.313119714984762,0.4072734686869554,0.2796068163282826,3,False,70th Anniversary Grand Prix,70th_anniversary_grand_prix,2020,2020-08-09,93.8319411764706,17,Mid,2.490000000000009,False,False,False,True
LEC,Ferrari,19,0 days 00:01:53.869000,0 days 00:00:50.322000,0 days 00:00:37.598000,0 days 00:00:25.949000,Hard,1,2,,0 days 01:01:43.358000,1,False,0 days 01:03:13.632000,113.869,50.322,37.598,25.949,3793.632,3810.162,25.5,57.8,1000.9,False,43.6,14,2.5,False,True,False,EMIRATES FORMULA 1 70TH ANNIVERSARY GRAND PRIX 2020,Silverstone,Great Britain,,,Permanent,,,0.4419288831903328,0.33018644231529215,0.22788467449437513,3,False,70th Anniversary Grand Prix,70th_anniversary_grand_prix,2020,2020-08-09,92.02232352941176,34,Closing,23.316999999999993,False,False,False,True
GAS,AlphaTauri,19,0 days 00:01:34.128000,0 days 00:00:29.531000,0 days 00:00:38.806000,0 days 00:00:25.791000,Hard,12,2,,,1,True,0 days 01:03:17.653000,94.128,29.531,38.806,25.791,3797.653,3810.162,25.5,57.8,1000.9,False,43.6,14,2.5,False,True,False,EMIRATES FORMULA 1 70TH ANNIVERSARY GRAND PRIX 2020,Silverstone,Great Britain,,,Permanent,,,0.3137323644399116,0.4122684004759476,0.27399923508414076,3,False,70th Anniversary Grand Prix,70th_anniversary_grand_prix,2020,2020-08-09,94.7295,16,Mid,4.036000000000001,False,False,False,True
ALB,Red Bull Racing,19,0 days 00:01:34.195000,0 days 00:00:28.902000,0 days 00:00:39.417000,0 days 00:00:25.876000,Hard,13,2,,,1,True,0 days 01:03:18.365000,94.195,28.902,39.417,25.876,3798.365,3810.162,25.5,57.8,1000.9,False,43.6,14,2.5,False,True,False,EMIRATES FORMULA 1 70TH ANNIVERSARY GRAND PRIX 2020,Silverstone,Great Britain,,,Permanent,,,0.3068315728011041,0.41846170178884234,0.27470672541005364,3,False,70th Anniversary Grand Prix,70th_anniversary_grand_prix,2020,2020-08-09,93.439375,24,Mid,4.717999999999989,False,False,False,True
RAI,Alfa Romeo Racing,19,0 days 00:01:33.650000,0 days 00:00:29.563000,0 days 00:00:38.231000,0 days 00:00:25.856000,Hard,19,1,,,1,True,0 days 01:03:23.179000,93.65,29.563,38.231,25.856,3803.179,3810.162,25.5,57.8,1000.9,False,43.6,14,2.5,False,True,False,EMIRATES FORMULA 1 70TH ANNIVERSARY GRAND PRIX 2020,Silverstone,Great Britain,,,Permanent,,,0.3156753870795515,0.40823278163374266,0.27609183128670584,3,False,70th Anniversary Grand Prix,70th_anniversary_grand_prix,2020,2020-08-09,94.26747999999999,25,Opening,1.8940000000000055,False,False,False,True
GIO,Alfa Romeo Racing,19,0 days 00:01:33.572000,0 days 00:00:29.519000,0 days 00:00:38.062000,0 days 00:00:25.991000,Hard,12,2,,,1,True,0 days 01:03:29.291000,93.572,29.519,38.062,25.991,3809.291,3810.162,25.5,57.8,1000.9,False,43.6,14,2.5,False,True,False,EMIRATES FORMULA 1 70TH ANNIVERSARY GRAND PRIX 2020,Silverstone,Great Britain,,,Permanent,,,0.31546830248364893,0.40676698157568497,0.277764715940666,3,False,70th Anniversary Grand Prix,70th_anniversary_grand_prix,2020,2020-08-09,94.33988461538462,26,Mid,1.7460000000000093,False,False,False,True
RUS,Williams,19,0 days 00:01:33.529000,0 days 00:00:29.308000,0 days 00:00:38.111000,0 days 00:00:26.110000,Hard,11,2,,,1,True,0 days 01:03:29.971000,93.529,29.308,38.111,26.11,3809.971,3810.162,25.5,57.8,1000.9,False,43.6,14,2.5,False,True,False,EMIRATES FORMULA 1 70TH ANNIVERSARY GRAND PRIX 2020,Silverstone,Great Britain,,,Permanent,,,0.3133573544034471,0.40747789455676847,0.27916475103978444,3,False,70th Anniversary Grand Prix,70th_anniversary_grand_prix,2020,2020-08-09,94.54925,16,Mid,2.120999999999995,False,False,False,True
MAG,Haas F1 Team,19,0 days 00:01:34.015000,0 days 00:00:29.600000,0 days 00:00:38.399000,0 days 00:00:26.016000,Hard,11,2,,,1,True,0 days 01:03:33.342000,94.015,29.6,38.399,26.016,3813.342,3810.162,25.5,57.8,1000.9,False,43.6,14,2.5,False,True,False,EMIRATES FORMULA 1 70TH ANNIVERSARY GRAND PRIX 2020,Silverstone,Great Britain,,,Permanent,,,0.3148433760570122,0.408434824230176,0.27672179971281174,3,False,70th Anniversary Grand Prix,70th_anniversary_grand_prix,2020,2020-08-09,95.60209090909092,11,Mid,2.1850000000000023,False,False,False,True
LAT,Williams,19,0 days 00:01:34.316000,0 days 00:00:29.563000,0 days 00:00:38.593000,0 days 00:00:26.160000,Hard,10,2,,,1,True,0 days 01:03:34.009000,94.316,29.563,38.593,26.16,3814.009,3810.162,25.5,57.8,1000.9,False,43.6,14,2.5,False,True,False,EMIRATES FORMULA 1 70TH ANNIVERSARY GRAND PRIX 2020,Silverstone,Great Britain,,,Permanent,,,0.31344628695025234,0.4091882607404894,0.27736545230925824,3,False,70th Anniversary Grand Prix,70th_anniversary_grand_prix,2020,2020-08-09,94.40805882352942,17,Mid,4.366,False,False,False,True
GRO,Haas F1 Team,19,0 days 00:01:33.584000,0 days 00:00:29.186000,0 days 00:00:38.183000,0 days 00:00:26.215000,Hard,3,2,,,1,True,0 days 01:03:34.631000,93.584,29.186,38.183,26.215,3814.631,3810.162,25.5,57.8,1000.9,False,43.6,14,2.5,False,True,False,EMIRATES FORMULA 1 70TH ANNIVERSARY GRAND PRIX 2020,Silverstone,Great Britain,,,Permanent,,,0.31186955035048725,0.4080077791075397,0.280122670541973,3,False,70th Anniversary Grand Prix,70th_anniversary_grand_prix,2020,2020-08-09,94.24085714285714,21,Mid,2.790999999999997,False,False,False,True
VER,Red Bull Racing,20,0 days 00:01:31.577000,0 days 00:00:29.005000,0 days 00:00:37.278000,0 days 00:00:25.294000,Hard,23,1,,,1,True,0 days 01:04:03.299000,91.577,29.005,37.278,25.294,3843.299,3870.143,25.6,57.9,1000.8,False,44.0,22,2.3,False,True,False,EMIRATES FORMULA 1 70TH ANNIVERSARY GRAND PRIX 2020,Silverstone,Great Britain,,,Permanent,,,0.3167279993884927,0.4070672767179532,0.27620472389355405,3,False,70th Anniversary Grand Prix,70th_anniversary_grand_prix,2020,2020-08-09,91.91712,25,Opening,2.1119999999999948,False,False,False,True
BOT,Mercedes,20,0 days 00:01:31.909000,0 days 00:00:29.182000,0 days 00:00:37.499000,0 days 00:00:25.228000,Hard,7,2,,,1,True,0 days 01:04:16.901000,91.909,29.182,37.499,25.228,3856.901,3870.143,25.6,57.9,1000.8,False,44.0,22,2.3,False,True,False,EMIRATES FORMULA 1 70TH ANNIVERSARY GRAND PRIX 2020,Silverstone,Great Britain,,,Permanent,,,0.3175097106920976,0.4080013926818919,0.2744888966260105,3,False,70th Anniversary Grand Prix,70th_anniversary_grand_prix,2020,2020-08-09,92.67247368421053,19,Mid,2.1440000000000055,False,False,False,True
HAM,Mercedes,20,0 days 00:01:32.118000,0 days 00:00:28.995000,0 days 00:00:37.880000,0 days 00:00:25.243000,Hard,6,2,,,1,True,0 days 01:04:20.049000,92.118,28.995,37.88,25.243,3860.049,3870.143,25.6,57.9,1000.8,False,44.0,22,2.3,False,True,False,EMIRATES FORMULA 1 70TH ANNIVERSARY GRAND PRIX 2020,Silverstone,Great Britain,,,Permanent,,,0.3147593304240214,0.4112117067239845,0.2740289628519942,3,False,70th Anniversary Grand Prix,70th_anniversary_grand_prix,2020,2020-08-09,92.29803703703703,27,Mid,3.6670000000000016,False,False,False,True
SAI,McLaren,20,0 days 00:01:32.667000,0 days 00:00:29.321000,0 days 00:00:37.675000,0 days 00:00:25.671000,Hard,20,1,,,1,True,0 days 01:04:31.843000,92.667,29.321,37.675,25.671,3871.843,3870.143,25.6,57.9,1000.8,False,44.0,22,2.3,False,True,False,EMIRATES FORMULA 1 70TH ANNIVERSARY GRAND PRIX 2020,Silverstone,Great Britain,,,Permanent,,,0.3164125308901767,0.4065632857435764,0.27702418336624685,3,False,70th Anniversary Grand Prix,70th_anniversary_grand_prix,2020,2020-08-09,93.28190476190477,21,Opening,2.111000000000004,False,False,False,True
HUL,Racing Point,20,0 days 00:01:32.024000,0 days 00:00:29.042000,0 days 00:00:37.574000,0 days 00:00:25.408000,Hard,5,2,,,1,True,0 days 01:04:32.584000,92.024,29.042,37.574,25.408,3872.584,3870.143,25.6,57.9,1000.8,False,44.0,22,2.3,False,True,False,EMIRATES FORMULA 1 70TH ANNIVERSARY GRAND PRIX 2020,Silverstone,Great Britain,,,Permanent,,,0.3155915848039642,0.4083065287316352,0.2761018864644006,3,False,70th Anniversary Grand Prix,70th_anniversary_grand_prix,2020,2020-08-09,93.23213333333334,15,Mid,1.9369999999999976,False,False,False,True
STR,Racing Point,20,0 days 00:01:32.380000,0 days 00:00:29.267000,0 days 00:00:37.519000,0 days 00:00:25.594000,Hard,2,2,,,1,True,0 days 01:04:34.886000,92.38,29.267,37.519,25.594,3874.886,3870.143,25.6,57.9,1000.8,False,44.0,22,2.3,False,True,False,EMIRATES FORMULA 1 70TH ANNIVERSARY GRAND PRIX 2020,Silverstone,Great Britain,,,Permanent,,,0.3168109980515263,0.4061376921411561,0.2770513098073176,3,False,70th Anniversary Grand Prix,70th_anniversary_grand_prix,2020,2020-08-09,93.29523076923077,13,Mid,2.0009999999999906,False,False,False,True
OCO,Renault,20,0 days 00:01:32.607000,0 days 00:00:29.355000,0 days 00:00:37.680000,0 days 00:00:25.572000,Medium,20,1,,,1,True,0 days 01:04:38.473000,92.607,29.355,37.68,25.572,3878.473,3870.143,25.6,57.9,1000.8,False,44.0,22,2.3,False,True,False,EMIRATES FORMULA 1 70TH ANNIVERSARY GRAND PRIX 2020,Silverstone,Great Britain,,,Permanent,,,0.3169846771842301,0.40688068936473487,0.276134633451035,3,False,70th Anniversary Grand Prix,70th_anniversary_grand_prix,2020,2020-08-09,93.52709523809524,21,Opening,2.0319999999999965,False,False,False,True
RIC,Renault,20,0 days 00:01:32.268000,0 days 00:00:29.202000,0 days 00:00:37.743000,0 days 00:00:25.323000,Medium,9,2,,,1,True,0 days 01:04:40.397000,92.268,29.202,37.743,25.323,3880.397,3870.143,25.6,57.9,1000.8,False,44.0,22,2.3,False,True,False,EMIRATES FORMULA 1 70TH ANNIVERSARY GRAND PRIX 2020,Silverstone,Great Britain,,,Permanent,,,0.31649109116920277,0.4090583951098973,0.2744505137209,3,False,70th Anniversary Grand Prix,70th_anniversary_grand_prix,2020,2020-08-09,94.00824999999999,12,Mid,1.0999999999999943,False,False,False,True
VET,Ferrari,20,0 days 00:01:32.195000,0 days 00:00:29.127000,0 days 00:00:37.561000,0 days 00:00:25.507000,Hard,21,1,,,1,True,0 days 01:04:43.282000,92.195,29.127,37.561,25.507,3883.282,3870.143,25.6,57.9,1000.8,False,44.0,22,2.3,False,True,False,EMIRATES FORMULA 1 70TH ANNIVERSARY GRAND PRIX 2020,Silverstone,Great Britain,,,Permanent,,,0.3159281956722165,0.4074082108574218,0.2766635934703618,3,False,70th Anniversary Grand Prix,70th_anniversary_grand_prix,2020,2020-08-09,93.5247619047619,21,Opening,1.4099999999999966,False,False,False,True
LEC,Ferrari,20,0 days 00:01:31.776000,0 days 00:00:28.777000,0 days 00:00:37.530000,0 days 00:00:25.469000,Hard,2,2,,,1,True,0 days 01:04:45.408000,91.776,28.777,37.53,25.469,3885.408,3870.143,25.6,57.9,1000.8,False,44.0,22,2.3,False,True,False,EMIRATES FORMULA 1 70TH ANNIVERSARY GRAND PRIX 2020,Silverstone,Great Britain,,,Permanent,,,0.3135569211994421,0.40893043933054396,0.277512639470014,3,False,70th Anniversary Grand Prix,70th_anniversary_grand_prix,2020,2020-08-09,92.02232352941176,34,Closing,1.2239999999999895,False,False,False,True
NOR,McLaren,20,0 days 00:01:33.661000,0 days 00:00:29.468000,0 days 00:00:38.415000,0 days 00:00:25.778000,Hard,8,2,,,1,True,0 days 01:04:46.697000,93.661,29.468,38.415,25.778,3886.697,3870.143,25.6,57.9,1000.8,False,44.0,22,2.3,False,True,False,EMIRATES FORMULA 1 70TH ANNIVERSARY GRAND PRIX 2020,Silverstone,Great Britain,,,Permanent,,,0.31462401639956866,0.41014936846713146,0.2752266151332999,3,False,70th Anniversary Grand Prix,70th_anniversary_grand_prix,2020,2020-08-09,93.8319411764706,17,Mid,2.963000000000008,False,False,False,True
GAS,AlphaTauri,20,0 days 00:01:33.375000,0 days 00:00:29.392000,0 days 00:00:38.348000,0 days 00:00:25.635000,Hard,13,2,,,1,True,0 days 01:04:51.028000,93.375,29.392,38.348,25.635,3891.028,3870.143,25.6,57.9,1000.8,False,44.0,22,2.3,False,True,False,EMIRATES FORMULA 1 70TH ANNIVERSARY GRAND PRIX 2020,Silverstone,Great Britain,,,Permanent,,,0.31477376171352073,0.4106880856760375,0.2745381526104418,3,False,70th Anniversary Grand Prix,70th_anniversary_grand_prix,2020,2020-08-09,94.7295,16,Mid,3.2830000000000013,False,False,False,True
ALB,Red Bull Racing,20,0 days 00:01:33.350000,0 days 00:00:29.306000,0 days 00:00:38.286000,0 days 00:00:25.758000,Hard,14,2,,,1,True,0 days 01:04:51.715000,93.35,29.306,38.286,25.758,3891.715,3870.143,25.6,57.9,1000.8,False,44.0,22,2.3,False,True,False,EMIRATES FORMULA 1 70TH ANNIVERSARY GRAND PRIX 2020,Silverstone,Great Britain,,,Permanent,,,0.3139367970005357,0.4101339046598822,0.27592929833958224,3,False,70th Anniversary Grand Prix,70th_anniversary_grand_prix,2020,2020-08-09,93.439375,24,Mid,3.8729999999999905,False,False,False,True
RAI,Alfa Romeo Racing,20,0 days 00:01:33.700000,0 days 00:00:29.561000,0 days 00:00:38.226000,0 days 00:00:25.913000,Hard,20,1,,,1,True,0 days 01:04:56.879000,93.7,29.561,38.226,25.913,3896.879,3870.143,25.6,57.9,1000.8,False,44.0,22,2.3,False,True,False,EMIRATES FORMULA 1 70TH ANNIVERSARY GRAND PRIX 2020,Silverstone,Great Britain,,,Permanent,,,0.3154855923159018,0.40796157950907147,0.2765528281750267,3,False,70th Anniversary Grand Prix,70th_anniversary_grand_prix,2020,2020-08-09,94.26747999999999,25,Opening,1.9440000000000026,False,False,False,True
KVY,AlphaTauri,20,0 days 00:01:52.535000,0 days 00:00:49.005000,0 days 00:00:38.029000,0 days 00:00:25.501000,Hard,1,2,,0 days 01:03:28.696000,1,False,0 days 01:04:59.028000,112.535,49.005,38.029,25.501,3899.028,3870.143,25.6,57.9,1000.8,False,44.0,22,2.3,False,True,False,EMIRATES FORMULA 1 70TH ANNIVERSARY GRAND PRIX 2020,Silverstone,Great Britain,,,Permanent,,,0.4354645221486649,0.33793042164659887,0.2266050562047363,3,False,70th Anniversary Grand Prix,70th_anniversary_grand_prix,2020,2020-08-09,93.37462500000001,16,Mid,21.796999999999997,False,False,False,True
GIO,Alfa Romeo Racing,20,0 days 00:01:33.885000,0 days 00:00:29.488000,0 days 00:00:38.404000,0 days 00:00:25.993000,Hard,13,2,,,1,True,0 days 01:05:03.176000,93.885,29.488,38.404,25.993,3903.176,3930.193,25.9,56.8,1000.9,False,44.0,12,2.5,False,True,False,EMIRATES FORMULA 1 70TH ANNIVERSARY GRAND PRIX 2020,Silverstone,Great Britain,,,Permanent,,,0.31408638227618896,0.4090536294402727,0.27685998828353836,3,False,70th Anniversary Grand Prix,70th_anniversary_grand_prix,2020,2020-08-09,94.33988461538462,26,Mid,2.0590000000000117,False,False,False,True
RUS,Williams,20,0 days 00:01:33.898000,0 days 00:00:29.467000,0 days 00:00:38.407000,0 days 00:00:26.024000,Hard,12,2,,,1,True,0 days 01:05:03.869000,93.898,29.467,38.407,26.024,3903.869,3930.193,25.9,56.8,1000.9,False,44.0,12,2.5,False,True,False,EMIRATES FORMULA 1 70TH ANNIVERSARY GRAND PRIX 2020,Silverstone,Great Britain,,,Permanent,,,0.31381925067626576,0.4090289463034356,0.2771518030202986,3,False,70th Anniversary Grand Prix,70th_anniversary_grand_prix,2020,2020-08-09,94.54925,16,Mid,2.489999999999995,False,False,False,True
LAT,Williams,20,0 days 00:01:33.809000,0 days 00:00:29.318000,0 days 00:00:38.809000,0 days 00:00:25.682000,Hard,11,2,,,1,True,0 days 01:05:07.818000,93.809,29.318,38.809,25.682,3907.818,3930.193,25.9,56.8,1000.9,False,44.0,12,2.5,False,True,False,EMIRATES FORMULA 1 70TH ANNIVERSARY GRAND PRIX 2020,Silverstone,Great Britain,,,Permanent,,,0.3125286486371244,0.41370231001289853,0.2737690413499771,3,False,70th Anniversary Grand Prix,70th_anniversary_grand_prix,2020,2020-08-09,94.40805882352942,17,Mid,3.8589999999999947,False,False,False,True
GRO,Haas F1 Team,20,0 days 00:01:34.435000,0 days 00:00:29.238000,0 days 00:00:39.514000,0 days 00:00:25.683000,Hard,4,2,,,1,True,0 days 01:05:09.066000,94.435,29.238,39.514,25.683,3909.066,3930.193,25.9,56.8,1000.9,False,44.0,12,2.5,False,True,False,EMIRATES FORMULA 1 70TH ANNIVERSARY GRAND PRIX 2020,Silverstone,Great Britain,,,Permanent,,,0.30960978450786253,0.4184253719489596,0.27196484354317785,3,False,70th Anniversary Grand Prix,70th_anniversary_grand_prix,2020,2020-08-09,94.24085714285714,21,Mid,3.641999999999996,False,False,False,True
MAG,Haas F1 Team,20,0 days 00:01:36.049000,0 days 00:00:29.449000,0 days 00:00:40.259000,0 days 00:00:26.341000,Hard,12,2,0 days 01:05:03.559000,,1,False,0 days 01:05:09.391000,96.049,29.449,40.259,26.341,3909.391,3930.193,25.9,56.8,1000.9,False,44.0,12,2.5,False,True,False,EMIRATES FORMULA 1 70TH ANNIVERSARY GRAND PRIX 2020,Silverstone,Great Britain,,,Permanent,20.0,,0.3066039209153661,0.419150641859884,0.27424543722474987,3,False,70th Anniversary Grand Prix,70th_anniversary_grand_prix,2020,2020-08-09,95.60209090909092,11,Mid,4.219000000000008,False,False,False,True
VER,Red Bull Racing,21,0 days 00:01:31.531000,0 days 00:00:29.025000,0 days 00:00:37.273000,0 days 00:00:25.233000,Hard,24,1,,,1,True,0 days 01:05:34.830000,91.531,29.025,37.273,25.233,3934.83,3930.193,25.9,56.8,1000.9,False,44.0,12,2.5,False,True,False,EMIRATES FORMULA 1 70TH ANNIVERSARY GRAND PRIX 2020,Silverstone,Great Britain,,,Permanent,,,0.31710568004282697,0.4072172269504321,0.27567709300674087,3,False,70th Anniversary Grand Prix,70th_anniversary_grand_prix,2020,2020-08-09,91.91712,25,Opening,2.0660000000000025,False,False,False,True
BOT,Mercedes,21,0 days 00:01:32.938000,0 days 00:00:29.458000,0 days 00:00:38.088000,0 days 00:00:25.392000,Hard,8,2,,,1,True,0 days 01:05:49.839000,92.938,29.458,38.088,25.392,3949.839,3930.193,25.9,56.8,1000.9,False,44.0,12,2.5,False,True,False,EMIRATES FORMULA 1 70TH ANNIVERSARY GRAND PRIX 2020,Silverstone,Great Britain,,,Permanent,,,0.3169639975037121,0.4098216014977727,0.27321440099851513,3,False,70th Anniversary Grand Prix,70th_anniversary_grand_prix,2020,2020-08-09,92.67247368421053,19,Mid,3.173000000000002,False,False,False,True
HAM,Mercedes,21,0 days 00:01:32.435000,0 days 00:00:29.343000,0 days 00:00:37.867000,0 days 00:00:25.225000,Hard,7,2,,,1,True,0 days 01:05:52.484000,92.435,29.343,37.867,25.225,3952.484,3930.193,25.9,56.8,1000.9,False,44.0,12,2.5,False,True,False,EMIRATES FORMULA 1 70TH ANNIVERSARY GRAND PRIX 2020,Silverstone,Great Britain,,,Permanent,,,0.31744469086385024,0.40966084275436787,0.2728944663817818,3,False,70th Anniversary Grand Prix,70th_anniversary_grand_prix,2020,2020-08-09,92.29803703703703,27,Mid,3.984000000000009,False,False,False,True
SAI,McLaren,21,0 days 00:01:32.965000,0 days 00:00:29.207000,0 days 00:00:37.731000,0 days 00:00:26.027000,Hard,21,1,,,1,True,0 days 01:06:04.808000,92.965,29.207,37.731,26.027,3964.808,3990.133,25.8,56.8,1001.0,False,43.8,13,2.1,False,True,False,EMIRATES FORMULA 1 70TH ANNIVERSARY GRAND PRIX 2020,Silverstone,Great Britain,,,Permanent,,,0.31417200021513475,0.405862421341365,0.27996557844350023,3,False,70th Anniversary Grand Prix,70th_anniversary_grand_prix,2020,2020-08-09,93.28190476190477,21,Opening,2.409000000000006,False,False,False,True
HUL,Racing Point,21,0 days 00:01:32.539000,0 days 00:00:28.999000,0 days 00:00:38.118000,0 days 00:00:25.422000,Hard,6,2,,,1,True,0 days 01:06:05.123000,92.539,28.999,38.118,25.422,3965.123,3990.133,25.8,56.8,1001.0,False,43.8,13,2.1,False,True,False,EMIRATES FORMULA 1 70TH ANNIVERSARY GRAND PRIX 2020,Silverstone,Great Britain,,,Permanent,,,0.3133705788910621,0.4119128151374015,0.27471660597153635,3,False,70th Anniversary Grand Prix,70th_anniversary_grand_prix,2020,2020-08-09,93.23213333333334,15,Mid,2.451999999999998,False,False,False,True
STR,Racing Point,21,0 days 00:01:32.392000,0 days 00:00:29.160000,0 days 00:00:37.673000,0 days 00:00:25.559000,Hard,3,2,,,1,True,0 days 01:06:07.278000,92.392,29.16,37.673,25.559,3967.278,3990.133,25.8,56.8,1001.0,False,43.8,13,2.1,False,True,False,EMIRATES FORMULA 1 70TH ANNIVERSARY GRAND PRIX 2020,Silverstone,Great Britain,,,Permanent,,,0.315611741276301,0.4077517533985627,0.2766365053251364,3,False,70th Anniversary Grand Prix,70th_anniversary_grand_prix,2020,2020-08-09,93.29523076923077,13,Mid,2.012999999999991,False,False,False,True
OCO,Renault,21,0 days 00:01:32.559000,0 days 00:00:29.318000,0 days 00:00:37.728000,0 days 00:00:25.513000,Medium,21,1,,,1,True,0 days 01:06:11.032000,92.559,29.318,37.728,25.513,3971.032,3990.133,25.8,56.8,1001.0,False,43.8,13,2.1,False,True,False,EMIRATES FORMULA 1 70TH ANNIVERSARY GRAND PRIX 2020,Silverstone,Great Britain,,,Permanent,,,0.3167493166520814,0.40761028100995045,0.2756404023379682,3,False,70th Anniversary Grand Prix,70th_anniversary_grand_prix,2020,2020-08-09,93.52709523809524,21,Opening,1.9839999999999947,False,False,False,True
RIC,Renault,21,0 days 00:01:32.191000,0 days 00:00:29.141000,0 days 00:00:37.706000,0 days 00:00:25.344000,Medium,10,2,,,1,True,0 days 01:06:12.588000,92.191,29.141,37.706,25.344,3972.588,3990.133,25.8,56.8,1001.0,False,43.8,13,2.1,False,True,False,EMIRATES FORMULA 1 70TH ANNIVERSARY GRAND PRIX 2020,Silverstone,Great Britain,,,Permanent,,,0.3160937618639563,0.40899870920154896,0.2749075289344947,3,False,70th Anniversary Grand Prix,70th_anniversary_grand_prix,2020,2020-08-09,94.00824999999999,12,Mid,1.0229999999999961,False,False,False,True
VET,Ferrari,21,0 days 00:01:32.312000,0 days 00:00:29.105000,0 days 00:00:37.648000,0 days 00:00:25.559000,Hard,22,1,,,1,True,0 days 01:06:15.594000,92.312,29.105,37.648,25.559,3975.594,3990.133,25.8,56.8,1001.0,False,43.8,13,2.1,False,True,False,EMIRATES FORMULA 1 70TH ANNIVERSARY GRAND PRIX 2020,Silverstone,Great Britain,,,Permanent,,,0.3152894531588526,0.4078343010659503,0.27687624577519715,3,False,70th Anniversary Grand Prix,70th_anniversary_grand_prix,2020,2020-08-09,93.5247619047619,21,Opening,1.527000000000001,False,False,False,True
LEC,Ferrari,21,0 days 00:01:31.790000,0 days 00:00:28.859000,0 days 00:00:37.507000,0 days 00:00:25.424000,Hard,3,2,,,1,True,0 days 01:06:17.198000,91.79,28.859,37.507,25.424,3977.198,3990.133,25.8,56.8,1001.0,False,43.8,13,2.1,False,True,False,EMIRATES FORMULA 1 70TH ANNIVERSARY GRAND PRIX 2020,Silverstone,Great Britain,,,Permanent,,,0.31440244035297965,0.4086174964593092,0.27698006318771107,3,False,70th Anniversary Grand Prix,70th_anniversary_grand_prix,2020,2020-08-09,92.02232352941176,34,Closing,1.2379999999999995,False,False,False,True
NOR,McLaren,21,0 days 00:01:33.209000,0 days 00:00:29.406000,0 days 00:00:37.913000,0 days 00:00:25.890000,Hard,9,2,,,1,True,0 days 01:06:19.906000,93.209,29.406,37.913,25.89,3979.906,3990.133,25.8,56.8,1001.0,False,43.8,13,2.1,False,True,False,EMIRATES FORMULA 1 70TH ANNIVERSARY GRAND PRIX 2020,Silverstone,Great Britain,,,Permanent,,,0.3154845562123829,0.40675256681221766,0.27776287697539936,3,False,70th Anniversary Grand Prix,70th_anniversary_grand_prix,2020,2020-08-09,93.8319411764706,17,Mid,2.51100000000001,False,False,False,True
ALB,Red Bull Racing,21,0 days 00:01:32.358000,0 days 00:00:28.899000,0 days 00:00:37.926000,0 days 00:00:25.533000,Hard,15,2,,,1,True,0 days 01:06:24.073000,92.358,28.899,37.926,25.533,3984.073,3990.133,25.8,56.8,1001.0,False,43.8,13,2.1,False,True,False,EMIRATES FORMULA 1 70TH ANNIVERSARY GRAND PRIX 2020,Silverstone,Great Britain,,,Permanent,,,0.3129019684272072,0.4106412005457026,0.27645683102709023,3,False,70th Anniversary Grand Prix,70th_anniversary_grand_prix,2020,2020-08-09,93.439375,24,Mid,2.8810000000000002,False,False,False,True
GAS,AlphaTauri,21,0 days 00:01:34.653000,0 days 00:00:29.433000,0 days 00:00:39.387000,0 days 00:00:25.833000,Hard,14,2,,,1,True,0 days 01:06:25.681000,94.653,29.433,39.387,25.833,3985.681,3990.133,25.8,56.8,1001.0,False,43.8,13,2.1,False,True,False,EMIRATES FORMULA 1 70TH ANNIVERSARY GRAND PRIX 2020,Silverstone,Great Britain,,,Permanent,,,0.31095686349085605,0.416119932807201,0.27292320370194284,3,False,70th Anniversary Grand Prix,70th_anniversary_grand_prix,2020,2020-08-09,94.7295,16,Mid,4.561000000000007,False,False,False,True
RAI,Alfa Romeo Racing,21,0 days 00:01:33.656000,0 days 00:00:29.506000,0 days 00:00:38.297000,0 days 00:00:25.853000,Hard,21,1,,,1,True,0 days 01:06:30.535000,93.656,29.506,38.297,25.853,3990.535,3990.133,25.8,56.8,1001.0,False,43.8,13,2.1,False,True,False,EMIRATES FORMULA 1 70TH ANNIVERSARY GRAND PRIX 2020,Silverstone,Great Britain,,,Permanent,,,0.31504655334415305,0.40891133509865885,0.276042111557188,3,False,70th Anniversary Grand Prix,70th_anniversary_grand_prix,2020,2020-08-09,94.26747999999999,25,Opening,1.9000000000000057,False,False,False,True
KVY,AlphaTauri,21,0 days 00:01:32.264000,0 days 00:00:29.121000,0 days 00:00:37.701000,0 days 00:00:25.442000,Hard,2,2,,,1,True,0 days 01:06:31.292000,92.264,29.121,37.701,25.442,3991.292,3990.133,25.8,56.8,1001.0,False,43.8,13,2.1,False,True,False,EMIRATES FORMULA 1 70TH ANNIVERSARY GRAND PRIX 2020,Silverstone,Great Britain,,,Permanent,,,0.3156268967311194,0.40862091389924565,0.27575218936963497,3,False,70th Anniversary Grand Prix,70th_anniversary_grand_prix,2020,2020-08-09,93.37462500000001,16,Mid,1.5259999999999962,False,False,False,True
GIO,Alfa Romeo Racing,21,0 days 00:01:33.913000,0 days 00:00:29.439000,0 days 00:00:38.504000,0 days 00:00:25.970000,Hard,14,2,,,1,True,0 days 01:06:37.089000,93.913,29.439,38.504,25.97,3997.089,3990.133,25.8,56.8,1001.0,False,43.8,13,2.1,False,True,False,EMIRATES FORMULA 1 70TH ANNIVERSARY GRAND PRIX 2020,Silverstone,Great Britain,,,Permanent,,,0.31347097845878635,0.4099964861094843,0.27653253543172934,3,False,70th Anniversary Grand Prix,70th_anniversary_grand_prix,2020,2020-08-09,94.33988461538462,26,Mid,2.0870000000000033,False,False,False,True
RUS,Williams,21,0 days 00:01:34.285000,0 days 00:00:29.654000,0 days 00:00:38.716000,0 days 00:00:25.915000,Hard,13,2,,,1,True,0 days 01:06:38.154000,94.285,29.654,38.716,25.915,3998.154,3990.133,25.8,56.8,1001.0,False,43.8,13,2.1,False,True,False,EMIRATES FORMULA 1 70TH ANNIVERSARY GRAND PRIX 2020,Silverstone,Great Britain,,,Permanent,,,0.3145145038977568,0.41062735323752453,0.27485814286471866,3,False,70th Anniversary Grand Prix,70th_anniversary_grand_prix,2020,2020-08-09,94.54925,16,Mid,2.8769999999999953,False,False,False,True
LAT,Williams,21,0 days 00:01:32.823000,0 days 00:00:29.244000,0 days 00:00:37.796000,0 days 00:00:25.783000,Hard,12,2,,,1,True,0 days 01:06:40.641000,92.823,29.244,37.796,25.783,4000.641,3990.133,25.8,56.8,1001.0,False,43.8,13,2.1,False,True,False,EMIRATES FORMULA 1 70TH ANNIVERSARY GRAND PRIX 2020,Silverstone,Great Britain,,,Permanent,,,0.31505122652790796,0.4071835644183015,0.2777652090537906,3,False,70th Anniversary Grand Prix,70th_anniversary_grand_prix,2020,2020-08-09,94.40805882352942,17,Mid,2.8729999999999905,False,False,False,True
GRO,Haas F1 Team,21,0 days 00:01:32.879000,0 days 00:00:29.210000,0 days 00:00:38.030000,0 days 00:00:25.639000,Hard,5,2,,,1,True,0 days 01:06:41.945000,92.879,29.21,38.03,25.639,4001.945,3990.133,25.8,56.8,1001.0,False,43.8,13,2.1,False,True,False,EMIRATES FORMULA 1 70TH ANNIVERSARY GRAND PRIX 2020,Silverstone,Great Britain,,,Permanent,,,0.3144952034367295,0.40945746616565637,0.2760473303976141,3,False,70th Anniversary Grand Prix,70th_anniversary_grand_prix,2020,2020-08-09,94.24085714285714,21,Mid,2.0859999999999985,False,False,False,True
MAG,Haas F1 Team,21,0 days 00:01:54.658000,0 days 00:00:50.651000,0 days 00:00:38.507000,0 days 00:00:25.500000,Hard,1,3,,0 days 01:05:32.961000,1,False,0 days 01:07:04.049000,114.658,50.651,38.507,25.5,4024.049,4050.112,25.9,56.5,1000.9,False,43.8,4,1.0,False,True,False,EMIRATES FORMULA 1 70TH ANNIVERSARY GRAND PRIX 2020,Silverstone,Great Britain,,,Permanent,,,0.4417572258368365,0.3358422438905266,0.22240053027263687,3,False,70th Anniversary Grand Prix,70th_anniversary_grand_prix,2020,2020-08-09,94.9223043478261,23,Closing,22.828000000000003,False,False,False,True
VER,Red Bull Racing,22,0 days 00:01:31.464000,0 days 00:00:28.927000,0 days 00:00:37.320000,0 days 00:00:25.217000,Hard,25,1,,,1,True,0 days 01:07:06.294000,91.464,28.927,37.32,25.217,4026.294,4050.112,25.9,56.5,1000.9,False,43.8,4,1.0,False,True,False,EMIRATES FORMULA 1 70TH ANNIVERSARY GRAND PRIX 2020,Silverstone,Great Britain,,,Permanent,,,0.3162665092276743,0.4080293886119129,0.27570410216041286,3,False,70th Anniversary Grand Prix,70th_anniversary_grand_prix,2020,2020-08-09,91.91712,25,Opening,1.9989999999999952,False,False,False,True
BOT,Mercedes,22,0 days 00:01:32.544000,0 days 00:00:29.269000,0 days 00:00:37.906000,0 days 00:00:25.369000,Hard,9,2,,,1,True,0 days 01:07:22.383000,92.544,29.269,37.906,25.369,4042.383,4050.112,25.9,56.5,1000.9,False,43.8,4,1.0,False,True,False,EMIRATES FORMULA 1 70TH ANNIVERSARY GRAND PRIX 2020,Silverstone,Great Britain,,,Permanent,,,0.31627117911479946,0.4095997579529737,0.27412906293222683,3,False,70th Anniversary Grand Prix,70th_anniversary_grand_prix,2020,2020-08-09,92.67247368421053,19,Mid,2.7789999999999964,False,False,False,True
HAM,Mercedes,22,0 days 00:01:32.213000,0 days 00:00:29.157000,0 days 00:00:37.822000,0 days 00:00:25.234000,Hard,8,2,,,1,True,0 days 01:07:24.697000,92.213,29.157,37.822,25.234,4044.697,4050.112,25.9,56.5,1000.9,False,43.8,4,1.0,False,True,False,EMIRATES FORMULA 1 70TH ANNIVERSARY GRAND PRIX 2020,Silverstone,Great Britain,,,Permanent,,,0.31619186014987044,0.4101590881979765,0.2736490516521532,3,False,70th Anniversary Grand Prix,70th_anniversary_grand_prix,2020,2020-08-09,92.29803703703703,27,Mid,3.7620000000000005,False,False,False,True
SAI,McLaren,22,0 days 00:01:32.348000,0 days 00:00:29.187000,0 days 00:00:37.784000,0 days 00:00:25.377000,Hard,22,1,0 days 01:07:31.327000,,1,False,0 days 01:07:37.156000,92.348,29.187,37.784,25.377,4057.156,4050.112,25.9,56.5,1000.9,False,43.8,4,1.0,False,True,False,EMIRATES FORMULA 1 70TH ANNIVERSARY GRAND PRIX 2020,Silverstone,Great Britain,,,Permanent,22.0,,0.3160544895395677,0.409148005370988,0.2747975050894443,3,False,70th Anniversary Grand Prix,70th_anniversary_grand_prix,2020,2020-08-09,93.28190476190477,21,Opening,1.7920000000000016,False,False,False,True
HUL,Racing Point,22,0 days 00:01:32.855000,0 days 00:00:29.104000,0 days 00:00:38.176000,0 days 00:00:25.575000,Hard,7,2,,,1,True,0 days 01:07:37.978000,92.855,29.104,38.176,25.575,4057.978,4050.112,25.9,56.5,1000.9,False,43.8,4,1.0,False,True,False,EMIRATES FORMULA 1 70TH ANNIVERSARY GRAND PRIX 2020,Silverstone,Great Britain,,,Permanent,,,0.31343492542135587,0.41113564159172905,0.2754294329869151,3,False,70th Anniversary Grand Prix,70th_anniversary_grand_prix,2020,2020-08-09,93.23213333333334,15,Mid,2.7680000000000007,False,False,False,True
STR,Racing Point,22,0 days 00:01:32.395000,0 days 00:00:29.186000,0 days 00:00:37.690000,0 days 00:00:25.519000,Hard,4,2,,,1,True,0 days 01:07:39.673000,92.395,29.186,37.69,25.519,4059.673,4050.112,25.9,56.5,1000.9,False,43.8,4,1.0,False,True,False,EMIRATES FORMULA 1 70TH ANNIVERSARY GRAND PRIX 2020,Silverstone,Great Britain,,,Permanent,,,0.3158828940960009,0.4079225066291466,0.2761945992748525,3,False,70th Anniversary Grand Prix,70th_anniversary_grand_prix,2020,2020-08-09,93.29523076923077,13,Mid,2.015999999999991,False,False,False,True
OCO,Renault,22,0 days 00:01:31.772000,0 days 00:00:29.254000,0 days 00:00:37.509000,0 days 00:00:25.009000,Medium,22,1,0 days 01:07:36.937000,,1,False,0 days 01:07:42.804000,91.772,29.254,37.509,25.009,4062.804,4050.112,25.9,56.5,1000.9,False,43.8,4,1.0,False,True,False,EMIRATES FORMULA 1 70TH ANNIVERSARY GRAND PRIX 2020,Silverstone,Great Britain,,,Permanent,22.0,,0.31876825175434775,0.4087194351218236,0.2725123131238286,3,False,70th Anniversary Grand Prix,70th_anniversary_grand_prix,2020,2020-08-09,93.52709523809524,21,Opening,1.1970000000000027,False,False,False,True
RIC,Renault,22,0 days 00:01:31.972000,0 days 00:00:29.090000,0 days 00:00:37.655000,0 days 00:00:25.227000,Medium,11,2,,,1,True,0 days 01:07:44.560000,91.972,29.09,37.655,25.227,4064.56,4050.112,25.9,56.5,1000.9,False,43.8,4,1.0,False,True,False,EMIRATES FORMULA 1 70TH ANNIVERSARY GRAND PRIX 2020,Silverstone,Great Britain,,,Permanent,,,0.3162919149306311,0.4094180837646241,0.27429000130474496,3,False,70th Anniversary Grand Prix,70th_anniversary_grand_prix,2020,2020-08-09,94.00824999999999,12,Mid,0.8039999999999878,False,False,False,True
VET,Ferrari,22,0 days 00:01:31.510000,0 days 00:00:28.925000,0 days 00:00:37.633000,0 days 00:00:24.952000,Hard,23,1,0 days 01:07:41.269000,,1,False,0 days 01:07:47.104000,91.51,28.925,37.633,24.952,4067.104,4050.112,25.9,56.5,1000.9,False,43.8,4,1.0,False,True,False,EMIRATES FORMULA 1 70TH ANNIVERSARY GRAND PRIX 2020,Silverstone,Great Britain,,,Permanent,22.0,,0.31608567369686374,0.4112446727133647,0.27266965358977163,3,False,70th Anniversary Grand Prix,70th_anniversary_grand_prix,2020,2020-08-09,93.5247619047619,21,Opening,0.7250000000000085,False,False,False,True
LEC,Ferrari,22,0 days 00:01:31.467000,0 days 00:00:28.607000,0 days 00:00:37.420000,0 days 00:00:25.440000,Hard,4,2,,,1,True,0 days 01:07:48.665000,91.467,28.607,37.42,25.44,4068.665,4050.112,25.9,56.5,1000.9,False,43.8,4,1.0,False,True,False,EMIRATES FORMULA 1 70TH ANNIVERSARY GRAND PRIX 2020,Silverstone,Great Britain,,,Permanent,,,0.31275760656848917,0.4091092962489204,0.27813309718259044,3,False,70th Anniversary Grand Prix,70th_anniversary_grand_prix,2020,2020-08-09,92.02232352941176,34,Closing,0.914999999999992,False,False,False,True
NOR,McLaren,22,0 days 00:01:32.553000,0 days 00:00:29.154000,0 days 00:00:37.747000,0 days 00:00:25.652000,Hard,10,2,,,1,True,0 days 01:07:52.459000,92.553,29.154,37.747,25.652,4072.459,4050.112,25.9,56.5,1000.9,False,43.8,4,1.0,False,True,False,EMIRATES FORMULA 1 70TH ANNIVERSARY GRAND PRIX 2020,Silverstone,Great Britain,,,Permanent,,,0.31499789309908915,0.4078419932363079,0.277160113664603,3,False,70th Anniversary Grand Prix,70th_anniversary_grand_prix,2020,2020-08-09,93.8319411764706,17,Mid,1.855000000000004,False,False,False,True
ALB,Red Bull Racing,22,0 days 00:01:31.785000,0 days 00:00:28.976000,0 days 00:00:37.313000,0 days 00:00:25.496000,Hard,16,2,,,1,True,0 days 01:07:55.858000,91.785,28.976,37.313,25.496,4075.858,4050.112,25.9,56.5,1000.9,False,43.8,4,1.0,False,True,False,EMIRATES FORMULA 1 70TH ANNIVERSARY GRAND PRIX 2020,Silverstone,Great Britain,,,Permanent,,,0.3156942855586425,0.40652612082584305,0.2777795936155145,3,False,70th Anniversary Grand Prix,70th_anniversary_grand_prix,2020,2020-08-09,93.439375,24,Mid,2.3079999999999927,False,False,False,True
GAS,AlphaTauri,22,0 days 00:01:33.627000,0 days 00:00:29.444000,0 days 00:00:38.557000,0 days 00:00:25.626000,Hard,15,2,,,1,True,0 days 01:07:59.308000,93.627,29.444,38.557,25.626,4079.308,4050.112,25.9,56.5,1000.9,False,43.8,4,1.0,False,True,False,EMIRATES FORMULA 1 70TH ANNIVERSARY GRAND PRIX 2020,Silverstone,Great Britain,,,Permanent,,,0.3144819336302562,0.4118149679045575,0.27370309846518637,3,False,70th Anniversary Grand Prix,70th_anniversary_grand_prix,2020,2020-08-09,94.7295,16,Mid,3.5349999999999966,False,False,False,True
KVY,AlphaTauri,22,0 days 00:01:31.915000,0 days 00:00:28.529000,0 days 00:00:38.068000,0 days 00:00:25.318000,Hard,3,2,,,1,True,0 days 01:08:03.207000,91.915,28.529,38.068,25.318,4083.207,4110.185,26.3,55.0,1000.9,False,44.5,320,1.7,False,True,False,EMIRATES FORMULA 1 70TH ANNIVERSARY GRAND PRIX 2020,Silverstone,Great Britain,,,Permanent,,,0.3103845944622749,0.4141652613827993,0.27545014415492575,3,False,70th Anniversary Grand Prix,70th_anniversary_grand_prix,2020,2020-08-09,93.37462500000001,16,Mid,1.1770000000000067,False,False,False,True
RAI,Alfa Romeo Racing,22,0 days 00:01:34.141000,0 days 00:00:29.369000,0 days 00:00:39.065000,0 days 00:00:25.707000,Hard,22,1,,,1,True,0 days 01:08:04.676000,94.141,29.369,39.065,25.707,4084.676,4110.185,26.3,55.0,1000.9,False,44.5,320,1.7,False,True,False,EMIRATES FORMULA 1 70TH ANNIVERSARY GRAND PRIX 2020,Silverstone,Great Britain,,,Permanent,,,0.31196821788593704,0.4149626623893946,0.2730691197246683,3,False,70th Anniversary Grand Prix,70th_anniversary_grand_prix,2020,2020-08-09,94.26747999999999,25,Opening,2.385000000000005,False,False,False,True
GIO,Alfa Romeo Racing,22,0 days 00:01:33.666000,0 days 00:00:29.374000,0 days 00:00:38.383000,0 days 00:00:25.909000,Hard,15,2,,,1,True,0 days 01:08:10.755000,93.666,29.374,38.383,25.909,4090.755,4110.185,26.3,55.0,1000.9,False,44.5,320,1.7,False,True,False,EMIRATES FORMULA 1 70TH ANNIVERSARY GRAND PRIX 2020,Silverstone,Great Britain,,,Permanent,,,0.31360365554203234,0.40978583477462477,0.27661050968334294,3,False,70th Anniversary Grand Prix,70th_anniversary_grand_prix,2020,2020-08-09,94.33988461538462,26,Mid,1.8400000000000034,False,False,False,True
RUS,Williams,22,0 days 00:01:33.880000,0 days 00:00:29.513000,0 days 00:00:38.336000,0 days 00:00:26.031000,Hard,14,2,,,1,True,0 days 01:08:12.034000,93.88,29.513,38.336,26.031,4092.034,4110.185,26.3,55.0,1000.9,False,44.5,320,1.7,False,True,False,EMIRATES FORMULA 1 70TH ANNIVERSARY GRAND PRIX 2020,Silverstone,Great Britain,,,Permanent,,,0.31436940775458033,0.40835108649339585,0.27727950575202387,3,False,70th Anniversary Grand Prix,70th_anniversary_grand_prix,2020,2020-08-09,94.54925,16,Mid,2.471999999999994,False,False,False,True
LAT,Williams,22,0 days 00:01:33.069000,0 days 00:00:29.418000,0 days 00:00:37.788000,0 days 00:00:25.863000,Hard,13,2,,,1,True,0 days 01:08:13.710000,93.069,29.418,37.788,25.863,4093.71,4110.185,26.3,55.0,1000.9,False,44.5,320,1.7,False,True,False,EMIRATES FORMULA 1 70TH ANNIVERSARY GRAND PRIX 2020,Silverstone,Great Britain,,,Permanent,,,0.3160880636946781,0.40602133900654347,0.2778905972987783,3,False,70th Anniversary Grand Prix,70th_anniversary_grand_prix,2020,2020-08-09,94.40805882352942,17,Mid,3.1189999999999998,False,False,False,True
GRO,Haas F1 Team,22,0 days 00:01:33.439000,0 days 00:00:29.239000,0 days 00:00:38.163000,0 days 00:00:26.037000,Hard,6,2,,,1,True,0 days 01:08:15.384000,93.439,29.239,38.163,26.037,4095.384,4110.185,26.3,55.0,1000.9,False,44.5,320,1.7,False,True,False,EMIRATES FORMULA 1 70TH ANNIVERSARY GRAND PRIX 2020,Silverstone,Great Britain,,,Permanent,,,0.31292072903177476,0.408426888130224,0.27865238283800126,3,False,70th Anniversary Grand Prix,70th_anniversary_grand_prix,2020,2020-08-09,94.24085714285714,21,Mid,2.6459999999999866,False,False,False,True
VER,Red Bull Racing,23,0 days 00:01:31.312000,0 days 00:00:28.834000,0 days 00:00:37.217000,0 days 00:00:25.261000,Hard,26,1,,,1,True,0 days 01:08:37.606000,91.312,28.834,37.217,25.261,4117.606,4110.185,26.3,55.0,1000.9,False,44.5,320,1.7,False,True,False,EMIRATES FORMULA 1 70TH ANNIVERSARY GRAND PRIX 2020,Silverstone,Great Britain,,,Permanent,,,0.3157744874715262,0.40758060276852986,0.27664490975994394,3,False,70th Anniversary Grand Prix,70th_anniversary_grand_prix,2020,2020-08-09,91.91712,25,Opening,1.8469999999999942,False,False,False,True
MAG,Haas F1 Team,22,0 days 00:01:34.879000,0 days 00:00:29.200000,0 days 00:00:38.033000,0 days 00:00:27.646000,Hard,2,3,,,1,True,0 days 01:08:38.928000,94.879,29.2,38.033,27.646,4118.928,4110.185,26.3,55.0,1000.9,False,44.5,320,1.7,False,True,False,EMIRATES FORMULA 1 70TH ANNIVERSARY GRAND PRIX 2020,Silverstone,Great Britain,,,Permanent,,,0.30776041062827386,0.40085793484332677,0.2913816545283993,3,False,70th Anniversary Grand Prix,70th_anniversary_grand_prix,2020,2020-08-09,94.9223043478261,23,Closing,3.0490000000000066,False,False,False,True
BOT,Mercedes,23,0 days 00:01:32.075000,0 days 00:00:29.114000,0 days 00:00:37.623000,0 days 00:00:25.338000,Hard,10,2,,,1,True,0 days 01:08:54.458000,92.075,29.114,37.623,25.338,4134.458,4110.185,26.3,55.0,1000.9,False,44.5,320,1.7,False,True,False,EMIRATES FORMULA 1 70TH ANNIVERSARY GRAND PRIX 2020,Silverstone,Great Britain,,,Permanent,,,0.31619875101819167,0.40861254412163994,0.27518870486016833,3,False,70th Anniversary Grand Prix,70th_anniversary_grand_prix,2020,2020-08-09,92.67247368421053,19,Mid,2.3100000000000023,False,False,False,True
HAM,Mercedes,23,0 days 00:01:32.175000,0 days 00:00:29.156000,0 days 00:00:37.676000,0 days 00:00:25.343000,Hard,9,2,,,1,True,0 days 01:08:56.872000,92.175,29.156,37.676,25.343,4136.872,4110.185,26.3,55.0,1000.9,False,44.5,320,1.7,False,True,False,EMIRATES FORMULA 1 70TH ANNIVERSARY GRAND PRIX 2020,Silverstone,Great Britain,,,Permanent,,,0.31631136425278006,0.408744236506645,0.274944399240575,3,False,70th Anniversary Grand Prix,70th_anniversary_grand_prix,2020,2020-08-09,92.29803703703703,27,Mid,3.7240000000000038,False,False,False,True
HUL,Racing Point,23,0 days 00:01:32.330000,0 days 00:00:29.204000,0 days 00:00:37.578000,0 days 00:00:25.548000,Hard,8,2,,,1,True,0 days 01:09:10.308000,92.33,29.204,37.578,25.548,4150.308,4170.17,26.4,54.7,1000.9,False,44.6,287,1.0,False,True,False,EMIRATES FORMULA 1 70TH ANNIVERSARY GRAND PRIX 2020,Silverstone,Great Britain,,,Permanent,,,0.3163002274450341,0.4069966424780678,0.27670313007689806,3,False,70th Anniversary Grand Prix,70th_anniversary_grand_prix,2020,2020-08-09,93.23213333333334,15,Mid,2.242999999999995,False,False,False,True
STR,Racing Point,23,0 days 00:01:32.509000,0 days 00:00:29.298000,0 days 00:00:37.602000,0 days 00:00:25.609000,Hard,5,2,,,1,True,0 days 01:09:12.182000,92.509,29.298,37.602,25.609,4152.182,4170.17,26.4,54.7,1000.9,False,44.6,287,1.0,False,True,False,EMIRATES FORMULA 1 70TH ANNIVERSARY GRAND PRIX 2020,Silverstone,Great Britain,,,Permanent,,,0.31670432066069243,0.40646855981580166,0.27682711952350586,3,False,70th Anniversary Grand Prix,70th_anniversary_grand_prix,2020,2020-08-09,93.29523076923077,13,Mid,2.1299999999999955,False,False,False,True
RIC,Renault,23,0 days 00:01:31.823000,0 days 00:00:29.087000,0 days 00:00:37.474000,0 days 00:00:25.262000,Medium,12,2,,,1,True,0 days 01:09:16.383000,91.823,29.087,37.474,25.262,4156.383,4170.17,26.4,54.7,1000.9,False,44.6,287,1.0,False,True,False,EMIRATES FORMULA 1 70TH ANNIVERSARY GRAND PRIX 2020,Silverstone,Great Britain,,,Permanent,,,0.3167724861962689,0.4081112575280703,0.27511625627566083,3,False,70th Anniversary Grand Prix,70th_anniversary_grand_prix,2020,2020-08-09,94.00824999999999,12,Mid,0.6549999999999869,False,False,False,True
LEC,Ferrari,23,0 days 00:01:31.378000,0 days 00:00:28.733000,0 days 00:00:37.348000,0 days 00:00:25.297000,Hard,5,2,,,1,True,0 days 01:09:20.043000,91.378,28.733,37.348,25.297,4160.043,4170.17,26.4,54.7,1000.9,False,44.6,287,1.0,False,True,False,EMIRATES FORMULA 1 70TH ANNIVERSARY GRAND PRIX 2020,Silverstone,Great Britain,,,Permanent,,,0.3144411127404846,0.408719823152181,0.2768390641073344,3,False,70th Anniversary Grand Prix,70th_anniversary_grand_prix,2020,2020-08-09,92.02232352941176,34,Closing,0.8259999999999934,False,False,False,True
NOR,McLaren,23,0 days 00:01:32.284000,0 days 00:00:29.158000,0 days 00:00:37.499000,0 days 00:00:25.627000,Hard,11,2,,,1,True,0 days 01:09:24.743000,92.284,29.158,37.499,25.627,4164.743,4170.17,26.4,54.7,1000.9,False,44.6,287,1.0,False,True,False,EMIRATES FORMULA 1 70TH ANNIVERSARY GRAND PRIX 2020,Silverstone,Great Britain,,,Permanent,,,0.3159594295869273,0.4063434614884487,0.27769710892462396,3,False,70th Anniversary Grand Prix,70th_anniversary_grand_prix,2020,2020-08-09,93.8319411764706,17,Mid,1.5860000000000127,False,False,False,True
ALB,Red Bull Racing,23,0 days 00:01:31.376000,0 days 00:00:28.953000,0 days 00:00:37.078000,0 days 00:00:25.345000,Hard,17,2,,,1,True,0 days 01:09:27.234000,91.376,28.953,37.078,25.345,4167.234,4170.17,26.4,54.7,1000.9,False,44.6,287,1.0,False,True,False,EMIRATES FORMULA 1 70TH ANNIVERSARY GRAND PRIX 2020,Silverstone,Great Britain,,,Permanent,,,0.31685562948695495,0.4057739450183856,0.2773704254946594,3,False,70th Anniversary Grand Prix,70th_anniversary_grand_prix,2020,2020-08-09,93.439375,24,Mid,1.899000000000001,False,False,False,True
GAS,AlphaTauri,23,0 days 00:01:32.386000,0 days 00:00:29.432000,0 days 00:00:38.079000,0 days 00:00:24.875000,Hard,16,2,0 days 01:09:25.871000,,1,False,0 days 01:09:31.694000,92.386,29.432,38.079,24.875,4171.694,4170.17,26.4,54.7,1000.9,False,44.6,287,1.0,False,True,False,EMIRATES FORMULA 1 70TH ANNIVERSARY GRAND PRIX 2020,Silverstone,Great Britain,,,Permanent,23.0,,0.31857640768081746,0.4121728400406988,0.2692507522784838,3,False,70th Anniversary Grand Prix,70th_anniversary_grand_prix,2020,2020-08-09,94.7295,16,Mid,2.293999999999997,False,False,False,True
OCO,Renault,23,0 days 00:01:51.722000,0 days 00:00:48.855000,0 days 00:00:37.551000,0 days 00:00:25.316000,Hard,1,2,,0 days 01:08:05.064000,1,False,0 days 01:09:34.526000,111.722,48.855,37.551,25.316,4174.526,4170.17,26.4,54.7,1000.9,False,44.6,287,1.0,False,True,False,EMIRATES FORMULA 1 70TH ANNIVERSARY GRAND PRIX 2020,Silverstone,Great Britain,,,Permanent,,,0.4372907753173054,0.336111061384508,0.22659816329818658,3,False,70th Anniversary Grand Prix,70th_anniversary_grand_prix,2020,2020-08-09,92.70673333333333,30,Closing,21.14699999999999,False,False,False,True
KVY,AlphaTauri,23,0 days 00:01:32.430000,0 days 00:00:29.280000,0 days 00:00:37.622000,0 days 00:00:25.528000,Hard,4,2,,,1,True,0 days 01:09:35.637000,92.43,29.28,37.622,25.528,4175.637,4170.17,26.4,54.7,1000.9,False,44.6,287,1.0,False,True,False,EMIRATES FORMULA 1 70TH ANNIVERSARY GRAND PRIX 2020,Silverstone,Great Britain,,,Permanent,,,0.3167802661473547,0.4070323488045007,0.2761873850481445,3,False,70th Anniversary Grand Prix,70th_anniversary_grand_prix,2020,2020-08-09,93.37462500000001,16,Mid,1.6920000000000073,False,False,False,True
SAI,McLaren,23,0 days 00:01:59.345000,0 days 00:00:55.761000,0 days 00:00:37.869000,0 days 00:00:25.715000,Medium,4,2,,0 days 01:08:07.159000,1,False,0 days 01:09:36.501000,119.345,55.761,37.869,25.715,4176.501,4170.17,26.4,54.7,1000.9,False,44.6,287,1.0,False,True,False,EMIRATES FORMULA 1 70TH ANNIVERSARY GRAND PRIX 2020,Silverstone,Great Britain,,,Permanent,,,0.4672252712723617,0.31730696719594453,0.21546776153169384,3,False,70th Anniversary Grand Prix,70th_anniversary_grand_prix,2020,2020-08-09,94.64225,12,Mid,28.789,False,False,False,True
RAI,Alfa Romeo Racing,23,0 days 00:01:33.389000,0 days 00:00:29.351000,0 days 00:00:38.214000,0 days 00:00:25.824000,Hard,23,1,,,1,True,0 days 01:09:38.065000,93.389,29.351,38.214,25.824,4178.065,4170.17,26.4,54.7,1000.9,False,44.6,287,1.0,False,True,False,EMIRATES FORMULA 1 70TH ANNIVERSARY GRAND PRIX 2020,Silverstone,Great Britain,,,Permanent,,,0.3142875499255801,0.4091916606880896,0.27652078938633035,3,False,70th Anniversary Grand Prix,70th_anniversary_grand_prix,2020,2020-08-09,94.26747999999999,25,Opening,1.6329999999999956,False,False,False,True
VET,Ferrari,23,0 days 00:01:52.078000,0 days 00:00:48.768000,0 days 00:00:37.768000,0 days 00:00:25.542000,Hard,1,2,,0 days 01:08:09.409000,1,False,0 days 01:09:39.182000,112.078,48.768,37.768,25.542,4179.182,4170.17,26.4,54.7,1000.9,False,44.6,287,1.0,False,True,False,EMIRATES FORMULA 1 70TH ANNIVERSARY GRAND PRIX 2020,Silverstone,Great Britain,,,Permanent,,,0.435125537572048,0.3369796034904263,0.22789485893752565,3,False,70th Anniversary Grand Prix,70th_anniversary_grand_prix,2020,2020-08-09,94.01518181818182,11,Mid,21.293000000000006,False,False,False,True
GIO,Alfa Romeo Racing,23,0 days 00:01:33.918000,0 days 00:00:29.587000,0 days 00:00:38.295000,0 days 00:00:26.036000,Hard,16,2,,,1,True,0 days 01:09:44.673000,93.918,29.587,38.295,26.036,4184.673,4170.17,26.4,54.7,1000.9,False,44.6,287,1.0,False,True,False,EMIRATES FORMULA 1 70TH ANNIVERSARY GRAND PRIX 2020,Silverstone,Great Britain,,,Permanent,,,0.31503013266892393,0.4077493132306906,0.27722055410038543,3,False,70th Anniversary Grand Prix,70th_anniversary_grand_prix,2020,2020-08-09,94.33988461538462,26,Mid,2.092000000000013,False,False,False,True
RUS,Williams,23,0 days 00:01:33.439000,0 days 00:00:29.421000,0 days 00:00:38.164000,0 days 00:00:25.854000,Hard,15,2,,,1,True,0 days 01:09:45.473000,93.439,29.421,38.164,25.854,4185.473,4170.17,26.4,54.7,1000.9,False,44.6,287,1.0,False,True,False,EMIRATES FORMULA 1 70TH ANNIVERSARY GRAND PRIX 2020,Silverstone,Great Britain,,,Permanent,,,0.31486852384978437,0.4084375902995538,0.27669388585066196,3,False,70th Anniversary Grand Prix,70th_anniversary_grand_prix,2020,2020-08-09,94.54925,16,Mid,2.0309999999999917,False,False,False,True
LAT,Williams,23,0 days 00:01:33.007000,0 days 00:00:29.305000,0 days 00:00:37.782000,0 days 00:00:25.920000,Hard,14,2,,,1,True,0 days 01:09:46.717000,93.007,29.305,37.782,25.92,4186.717,4170.17,26.4,54.7,1000.9,False,44.6,287,1.0,False,True,False,EMIRATES FORMULA 1 70TH ANNIVERSARY GRAND PRIX 2020,Silverstone,Great Britain,,,Permanent,,,0.31508381089595405,0.40622748825357224,0.27868870085047365,3,False,70th Anniversary Grand Prix,70th_anniversary_grand_prix,2020,2020-08-09,94.40805882352942,17,Mid,3.057000000000002,False,False,False,True
GRO,Haas F1 Team,23,0 days 00:01:33.058000,0 days 00:00:29.330000,0 days 00:00:37.995000,0 days 00:00:25.733000,Hard,7,2,,,1,True,0 days 01:09:48.442000,93.058,29.33,37.995,25.733,4188.442,4170.17,26.4,54.7,1000.9,False,44.6,287,1.0,False,True,False,EMIRATES FORMULA 1 70TH ANNIVERSARY GRAND PRIX 2020,Silverstone,Great Britain,,,Permanent,,,0.3151797803520385,0.40829375228352205,0.27652646736443937,3,False,70th Anniversary Grand Prix,70th_anniversary_grand_prix,2020,2020-08-09,94.24085714285714,21,Mid,2.2650000000000006,False,False,False,True
VER,Red Bull Racing,24,0 days 00:01:31.334000,0 days 00:00:28.884000,0 days 00:00:37.297000,0 days 00:00:25.153000,Hard,27,1,,,1,True,0 days 01:10:08.940000,91.334,28.884,37.297,25.153,4208.94,4230.187,26.5,54.6,1000.9,False,44.6,33,1.8,False,True,False,EMIRATES FORMULA 1 70TH ANNIVERSARY GRAND PRIX 2020,Silverstone,Great Britain,,,Permanent,,,0.3162458668184904,0.40835833315085285,0.27539580003065667,3,False,70th Anniversary Grand Prix,70th_anniversary_grand_prix,2020,2020-08-09,91.91712,25,Opening,1.8689999999999998,False,False,False,True
MAG,Haas F1 Team,23,0 days 00:01:32.772000,0 days 00:00:29.173000,0 days 00:00:38.080000,0 days 00:00:25.519000,Hard,3,3,,,1,True,0 days 01:10:11.700000,92.772,29.173,38.08,25.519,4211.7,4230.187,26.5,54.6,1000.9,False,44.6,33,1.8,False,True,False,EMIRATES FORMULA 1 70TH ANNIVERSARY GRAND PRIX 2020,Silverstone,Great Britain,,,Permanent,,,0.31445910404001204,0.41046867589358854,0.2750722200663993,3,False,70th Anniversary Grand Prix,70th_anniversary_grand_prix,2020,2020-08-09,94.9223043478261,23,Closing,0.9420000000000073,False,False,False,True
BOT,Mercedes,24,0 days 00:01:31.832000,0 days 00:00:29.266000,0 days 00:00:37.312000,0 days 00:00:25.254000,Hard,11,2,,,1,True,0 days 01:10:26.290000,91.832,29.266,37.312,25.254,4226.29,4230.187,26.5,54.6,1000.9,False,44.6,33,1.8,False,True,False,EMIRATES FORMULA 1 70TH ANNIVERSARY GRAND PRIX 2020,Silverstone,Great Britain,,,Permanent,,,0.31869065249586204,0.40630716961407787,0.27500217789006015,3,False,70th Anniversary Grand Prix,70th_anniversary_grand_prix,2020,2020-08-09,92.67247368421053,19,Mid,2.066999999999993,False,False,False,True
HAM,Mercedes,24,0 days 00:01:33.531000,0 days 00:00:29.477000,0 days 00:00:38.457000,0 days 00:00:25.597000,Hard,10,2,,,1,True,0 days 01:10:30.403000,93.531,29.477,38.457,25.597,4230.403,4230.187,26.5,54.6,1000.9,False,44.6,33,1.8,False,True,False,EMIRATES FORMULA 1 70TH ANNIVERSARY GRAND PRIX 2020,Silverstone,Great Britain,,,Permanent,,,0.31515754134992674,0.41116848959168617,0.27367396905838703,3,False,70th Anniversary Grand Prix,70th_anniversary_grand_prix,2020,2020-08-09,92.29803703703703,27,Mid,5.0800000000000125,False,False,False,True
HUL,Racing Point,24,0 days 00:01:31.987000,0 days 00:00:29.224000,0 days 00:00:37.352000,0 days 00:00:25.411000,Hard,9,2,,,1,True,0 days 01:10:42.295000,91.987,29.224,37.352,25.411,4242.295,4230.187,26.5,54.6,1000.9,False,44.6,33,1.8,False,True,False,EMIRATES FORMULA 1 70TH ANNIVERSARY GRAND PRIX 2020,Silverstone,Great Britain,,,Permanent,,,0.31769706588974533,0.40605737767293204,0.2762455564373227,3,False,70th Anniversary Grand Prix,70th_anniversary_grand_prix,2020,2020-08-09,93.23213333333334,15,Mid,1.8999999999999915,False,False,False,True
STR,Racing Point,24,0 days 00:01:32.240000,0 days 00:00:29.131000,0 days 00:00:37.603000,0 days 00:00:25.506000,Hard,6,2,,,1,True,0 days 01:10:44.422000,92.24,29.131,37.603,25.506,4244.422,4230.187,26.5,54.6,1000.9,False,44.6,33,1.8,False,True,False,EMIRATES FORMULA 1 70TH ANNIVERSARY GRAND PRIX 2020,Silverstone,Great Britain,,,Permanent,,,0.3158174327840417,0.40766478751084134,0.2765177797051171,3,False,70th Anniversary Grand Prix,70th_anniversary_grand_prix,2020,2020-08-09,93.29523076923077,13,Mid,1.86099999999999,False,False,False,True
RIC,Renault,24,0 days 00:01:32.259000,0 days 00:00:29.233000,0 days 00:00:37.628000,0 days 00:00:25.398000,Medium,13,2,,,1,True,0 days 01:10:48.642000,92.259,29.233,37.628,25.398,4248.642,4230.187,26.5,54.6,1000.9,False,44.6,33,1.8,False,True,False,EMIRATES FORMULA 1 70TH ANNIVERSARY GRAND PRIX 2020,Silverstone,Great Britain,,,Permanent,,,0.3168579759156288,0.4078518084956481,0.275290215588723,3,False,70th Anniversary Grand Prix,70th_anniversary_grand_prix,2020,2020-08-09,94.00824999999999,12,Mid,1.090999999999994,False,False,False,True
LEC,Ferrari,24,0 days 00:01:31.567000,0 days 00:00:28.799000,0 days 00:00:37.437000,0 days 00:00:25.331000,Hard,6,2,,,1,True,0 days 01:10:51.610000,91.567,28.799,37.437,25.331,4251.61,4230.187,26.5,54.6,1000.9,False,44.6,33,1.8,False,True,False,EMIRATES FORMULA 1 70TH ANNIVERSARY GRAND PRIX 2020,Silverstone,Great Britain,,,Permanent,,,0.3145128703572248,0.4088481658239322,0.27663896381884306,3,False,70th Anniversary Grand Prix,70th_anniversary_grand_prix,2020,2020-08-09,92.02232352941176,34,Closing,1.0149999999999864,False,False,False,True
NOR,McLaren,24,0 days 00:01:32.270000,0 days 00:00:29.260000,0 days 00:00:37.514000,0 days 00:00:25.496000,Hard,12,2,,,1,True,0 days 01:10:57.013000,92.27,29.26,37.514,25.496,4257.013,4230.187,26.5,54.6,1000.9,False,44.6,33,1.8,False,True,False,EMIRATES FORMULA 1 70TH ANNIVERSARY GRAND PRIX 2020,Silverstone,Great Britain,,,Permanent,,,0.31711282106860306,0.4065676818034031,0.2763194971279939,3,False,70th Anniversary Grand Prix,70th_anniversary_grand_prix,2020,2020-08-09,93.8319411764706,17,Mid,1.5720000000000027,False,False,False,True
ALB,Red Bull Racing,24,0 days 00:01:31.742000,0 days 00:00:29.033000,0 days 00:00:37.212000,0 days 00:00:25.497000,Hard,18,2,,,1,True,0 days 01:10:58.976000,91.742,29.033,37.212,25.497,4258.976,4230.187,26.5,54.6,1000.9,False,44.6,33,1.8,False,True,False,EMIRATES FORMULA 1 70TH ANNIVERSARY GRAND PRIX 2020,Silverstone,Great Britain,,,Permanent,,,0.3164635608554424,0.4056157485121319,0.2779206906324257,3,False,70th Anniversary Grand Prix,70th_anniversary_grand_prix,2020,2020-08-09,93.439375,24,Mid,2.2650000000000006,False,False,False,True
OCO,Renault,24,0 days 00:01:32.275000,0 days 00:00:29.107000,0 days 00:00:37.750000,0 days 00:00:25.418000,Hard,2,2,,,1,True,0 days 01:11:06.801000,92.275,29.107,37.75,25.418,4266.801,4290.182,26.6,54.3,1000.9,False,44.6,7,1.9,False,True,False,EMIRATES FORMULA 1 70TH ANNIVERSARY GRAND PRIX 2020,Silverstone,Great Britain,,,Permanent,,,0.31543755079924135,0.4091032240585207,0.27545922514223786,3,False,70th Anniversary Grand Prix,70th_anniversary_grand_prix,2020,2020-08-09,92.70673333333333,30,Closing,1.7000000000000028,False,False,False,True
KVY,AlphaTauri,24,0 days 00:01:31.956000,0 days 00:00:29.065000,0 days 00:00:37.524000,0 days 00:00:25.367000,Hard,5,2,,,1,True,0 days 01:11:07.593000,91.956,29.065,37.524,25.367,4267.593,4290.182,26.6,54.3,1000.9,False,44.6,7,1.9,False,True,False,EMIRATES FORMULA 1 70TH ANNIVERSARY GRAND PRIX 2020,Silverstone,Great Britain,,,Permanent,,,0.3160750793857932,0.4080647266083779,0.2758601940058289,3,False,70th Anniversary Grand Prix,70th_anniversary_grand_prix,2020,2020-08-09,93.37462500000001,16,Mid,1.2180000000000035,False,False,False,True
SAI,McLaren,24,0 days 00:01:32.299000,0 days 00:00:28.835000,0 days 00:00:37.900000,0 days 00:00:25.564000,Medium,5,2,,,1,True,0 days 01:11:08.800000,92.299,28.835,37.9,25.564,4268.8,4290.182,26.6,54.3,1000.9,False,44.6,7,1.9,False,True,False,EMIRATES FORMULA 1 70TH ANNIVERSARY GRAND PRIX 2020,Silverstone,Great Britain,,,Permanent,,,0.3124085851417675,0.4106220002383557,0.2769694146198767,3,False,70th Anniversary Grand Prix,70th_anniversary_grand_prix,2020,2020-08-09,94.64225,12,Mid,1.7430000000000092,False,False,False,True
VET,Ferrari,24,0 days 00:01:32.197000,0 days 00:00:28.860000,0 days 00:00:38.197000,0 days 00:00:25.140000,Hard,2,2,,,1,True,0 days 01:11:11.379000,92.197,28.86,38.197,25.14,4271.379,4290.182,26.6,54.3,1000.9,False,44.6,7,1.9,False,True,False,EMIRATES FORMULA 1 70TH ANNIVERSARY GRAND PRIX 2020,Silverstone,Great Britain,,,Permanent,,,0.31302536958903215,0.41429764525960716,0.2726769851513607,3,False,70th Anniversary Grand Prix,70th_anniversary_grand_prix,2020,2020-08-09,94.01518181818182,11,Mid,1.4120000000000061,False,False,False,True
RAI,Alfa Romeo Racing,24,0 days 00:01:34.345000,0 days 00:00:29.330000,0 days 00:00:38.459000,0 days 00:00:26.556000,Hard,24,1,,,1,True,0 days 01:11:12.410000,94.345,29.33,38.459,26.556,4272.41,4290.182,26.6,54.3,1000.9,False,44.6,7,1.9,False,True,False,EMIRATES FORMULA 1 70TH ANNIVERSARY GRAND PRIX 2020,Silverstone,Great Britain,,,Permanent,,,0.31088027982405003,0.4076421643966294,0.2814775557793206,3,False,70th Anniversary Grand Prix,70th_anniversary_grand_prix,2020,2020-08-09,94.26747999999999,25,Opening,2.5889999999999986,False,False,False,True
RUS,Williams,24,0 days 00:01:32.492000,0 days 00:00:29.297000,0 days 00:00:38.525000,0 days 00:00:24.670000,Hard,16,2,0 days 01:11:12.144000,,1,False,0 days 01:11:17.965000,92.492,29.297,38.525,24.67,4277.965,4290.182,26.6,54.3,1000.9,False,44.6,7,1.9,False,True,False,EMIRATES FORMULA 1 70TH ANNIVERSARY GRAND PRIX 2020,Silverstone,Great Britain,,,Permanent,24.0,,0.31675171906759503,0.41652251005492363,0.2667257708774813,3,False,70th Anniversary Grand Prix,70th_anniversary_grand_prix,2020,2020-08-09,94.54925,16,Mid,1.0840000000000032,False,False,False,True
GIO,Alfa Romeo Racing,24,0 days 00:01:34.030000,0 days 00:00:29.648000,0 days 00:00:38.369000,0 days 00:00:26.013000,Hard,17,2,,,1,True,0 days 01:11:18.703000,94.03,29.648,38.369,26.013,4278.703,4290.182,26.6,54.3,1000.9,False,44.6,7,1.9,False,True,False,EMIRATES FORMULA 1 70TH ANNIVERSARY GRAND PRIX 2020,Silverstone,Great Britain,,,Permanent,,,0.31530362650218013,0.4080506221418696,0.27664575135595026,3,False,70th Anniversary Grand Prix,70th_anniversary_grand_prix,2020,2020-08-09,94.33988461538462,26,Mid,2.2040000000000077,False,False,False,True
LAT,Williams,24,0 days 00:01:33.823000,0 days 00:00:29.424000,0 days 00:00:38.533000,0 days 00:00:25.866000,Hard,15,2,,,1,True,0 days 01:11:20.540000,93.823,29.424,38.533,25.866,4280.54,4290.182,26.6,54.3,1000.9,False,44.6,7,1.9,False,True,False,EMIRATES FORMULA 1 70TH ANNIVERSARY GRAND PRIX 2020,Silverstone,Great Britain,,,Permanent,,,0.3136118009443314,0.4106988691472241,0.27568932990844464,3,False,70th Anniversary Grand Prix,70th_anniversary_grand_prix,2020,2020-08-09,94.40805882352942,17,Mid,3.8729999999999905,False,False,False,True
GRO,Haas F1 Team,24,0 days 00:01:33.338000,0 days 00:00:29.417000,0 days 00:00:38.174000,0 days 00:00:25.747000,Hard,8,2,,,1,True,0 days 01:11:21.780000,93.338,29.417,38.174,25.747,4281.78,4290.182,26.6,54.3,1000.9,False,44.6,7,1.9,False,True,False,EMIRATES FORMULA 1 70TH ANNIVERSARY GRAND PRIX 2020,Silverstone,Great Britain,,,Permanent,,,0.315166384537916,0.40898669352246675,0.2758469219396173,3,False,70th Anniversary Grand Prix,70th_anniversary_grand_prix,2020,2020-08-09,94.24085714285714,21,Mid,2.5449999999999875,False,False,False,True
GAS,AlphaTauri,24,0 days 00:01:54.397000,0 days 00:00:50.081000,0 days 00:00:38.891000,0 days 00:00:25.425000,Hard,1,3,,0 days 01:09:56.343000,1,False,0 days 01:11:26.091000,114.397,50.081,38.891,25.425,4286.091,4290.182,26.6,54.3,1000.9,False,44.6,7,1.9,False,True,False,EMIRATES FORMULA 1 70TH ANNIVERSARY GRAND PRIX 2020,Silverstone,Great Britain,,,Permanent,,,0.4377824593302272,0.33996520887785514,0.2222523317919176,3,False,70th Anniversary Grand Prix,70th_anniversary_grand_prix,2020,2020-08-09,92.35106896551724,29,Closing,24.305000000000007,False,False,False,True
VER,Red Bull Racing,25,0 days 00:01:31.082000,0 days 00:00:28.927000,0 days 00:00:37.153000,0 days 00:00:25.002000,Hard,28,1,,,1,True,0 days 01:11:40.022000,91.082,28.927,37.153,25.002,4300.022,4290.182,26.6,54.3,1000.9,False,44.6,7,1.9,False,True,False,EMIRATES FORMULA 1 70TH ANNIVERSARY GRAND PRIX 2020,Silverstone,Great Britain,,,Permanent,,,0.3175929382314837,0.40790716058057575,0.27449990118794054,3,False,70th Anniversary Grand Prix,70th_anniversary_grand_prix,2020,2020-08-09,91.91712,25,Opening,1.6169999999999902,False,False,False,True
MAG,Haas F1 Team,24,0 days 00:01:32.957000,0 days 00:00:29.230000,0 days 00:00:38.201000,0 days 00:00:25.526000,Hard,4,3,,,1,True,0 days 01:11:44.657000,92.957,29.23,38.201,25.526,4304.657,4290.182,26.6,54.3,1000.9,False,44.6,7,1.9,False,True,False,EMIRATES FORMULA 1 70TH ANNIVERSARY GRAND PRIX 2020,Silverstone,Great Britain,,,Permanent,,,0.3144464644943361,0.4109534515958992,0.27460008390976476,3,False,70th Anniversary Grand Prix,70th_anniversary_grand_prix,2020,2020-08-09,94.9223043478261,23,Closing,1.1269999999999953,False,False,False,True
BOT,Mercedes,25,0 days 00:01:32.044000,0 days 00:00:29.263000,0 days 00:00:37.618000,0 days 00:00:25.163000,Hard,12,2,,,1,True,0 days 01:11:58.334000,92.044,29.263,37.618,25.163,4318.334,4290.182,26.6,54.3,1000.9,False,44.6,7,1.9,False,True,False,EMIRATES FORMULA 1 70TH ANNIVERSARY GRAND PRIX 2020,Silverstone,Great Britain,,,Permanent,,,0.3179240363304507,0.40869584111946466,0.27338012255008476,3,False,70th Anniversary Grand Prix,70th_anniversary_grand_prix,2020,2020-08-09,92.67247368421053,19,Mid,2.2789999999999964,False,False,False,True
HAM,Mercedes,25,0 days 00:01:32.658000,0 days 00:00:29.451000,0 days 00:00:37.951000,0 days 00:00:25.256000,Hard,11,2,,,1,True,0 days 01:12:03.061000,92.658,29.451,37.951,25.256,4323.061,4350.19,26.6,54.5,1000.9,False,44.8,7,1.4,False,True,False,EMIRATES FORMULA 1 70TH ANNIVERSARY GRAND PRIX 2020,Silverstone,Great Britain,,,Permanent,,,0.31784627339247556,0.40958147164842756,0.27257225495909687,3,False,70th Anniversary Grand Prix,70th_anniversary_grand_prix,2020,2020-08-09,92.29803703703703,27,Mid,4.207000000000008,False,False,False,True
HUL,Racing Point,25,0 days 00:01:32.054000,0 days 00:00:29.253000,0 days 00:00:37.472000,0 days 00:00:25.329000,Hard,10,2,,,1,True,0 days 01:12:14.349000,92.054,29.253,37.472,25.329,4334.349,4350.19,26.6,54.5,1000.9,False,44.8,7,1.4,False,True,False,EMIRATES FORMULA 1 70TH ANNIVERSARY GRAND PRIX 2020,Silverstone,Great Britain,,,Permanent,,,0.31778086775153713,0.40706541812414454,0.2751537141243183,3,False,70th Anniversary Grand Prix,70th_anniversary_grand_prix,2020,2020-08-09,93.23213333333334,15,Mid,1.9669999999999987,False,False,False,True
STR,Racing Point,25,0 days 00:01:31.905000,0 days 00:00:28.959000,0 days 00:00:37.598000,0 days 00:00:25.348000,Hard,7,2,,,1,True,0 days 01:12:16.327000,91.905,28.959,37.598,25.348,4336.327,4350.19,26.6,54.5,1000.9,False,44.8,7,1.4,False,True,False,EMIRATES FORMULA 1 70TH ANNIVERSARY GRAND PRIX 2020,Silverstone,Great Britain,,,Permanent,,,0.3150971111473804,0.40909634949132256,0.27580653936129695,3,False,70th Anniversary Grand Prix,70th_anniversary_grand_prix,2020,2020-08-09,93.29523076923077,13,Mid,1.5259999999999962,False,False,False,True
RIC,Renault,25,0 days 00:01:32.207000,0 days 00:00:29.235000,0 days 00:00:37.786000,0 days 00:00:25.186000,Medium,14,2,,,1,True,0 days 01:12:20.849000,92.207,29.235,37.786,25.186,4340.849,4350.19,26.6,54.5,1000.9,False,44.8,7,1.4,False,True,False,EMIRATES FORMULA 1 70TH ANNIVERSARY GRAND PRIX 2020,Silverstone,Great Britain,,,Permanent,,,0.3170583578253278,0.4097953517628814,0.2731462904117909,3,False,70th Anniversary Grand Prix,70th_anniversary_grand_prix,2020,2020-08-09,94.00824999999999,12,Mid,1.0389999999999873,False,False,False,True
LEC,Ferrari,25,0 days 00:01:31.364000,0 days 00:00:28.699000,0 days 00:00:37.316000,0 days 00:00:25.349000,Hard,7,2,,,1,True,0 days 01:12:22.974000,91.364,28.699,37.316,25.349,4342.974,4350.19,26.6,54.5,1000.9,False,44.8,7,1.4,False,True,False,EMIRATES FORMULA 1 70TH ANNIVERSARY GRAND PRIX 2020,Silverstone,Great Britain,,,Permanent,,,0.31411715774265575,0.40843220524495427,0.27745063701239,3,False,70th Anniversary Grand Prix,70th_anniversary_grand_prix,2020,2020-08-09,92.02232352941176,34,Closing,0.8119999999999976,False,False,False,True
NOR,McLaren,25,0 days 00:01:32.365000,0 days 00:00:29.339000,0 days 00:00:37.521000,0 days 00:00:25.505000,Hard,13,2,,,1,True,0 days 01:12:29.378000,92.365,29.339,37.521,25.505,4349.378,4350.19,26.6,54.5,1000.9,False,44.8,7,1.4,False,True,False,EMIRATES FORMULA 1 70TH ANNIVERSARY GRAND PRIX 2020,Silverstone,Great Britain,,,Permanent,,,0.31764196394738264,0.40622530179180427,0.2761327342608131,3,False,70th Anniversary Grand Prix,70th_anniversary_grand_prix,2020,2020-08-09,93.8319411764706,17,Mid,1.6670000000000016,False,False,False,True
ALB,Red Bull Racing,25,0 days 00:01:31.685000,0 days 00:00:29.031000,0 days 00:00:37.326000,0 days 00:00:25.328000,Hard,19,2,,,1,True,0 days 01:12:30.661000,91.685,29.031,37.326,25.328,4350.661,4350.19,26.6,54.5,1000.9,False,44.8,7,1.4,False,True,False,EMIRATES FORMULA 1 70TH ANNIVERSARY GRAND PRIX 2020,Silverstone,Great Britain,,,Permanent,,,0.3166384904837214,0.40711130501172493,0.2762502045045536,3,False,70th Anniversary Grand Prix,70th_anniversary_grand_prix,2020,2020-08-09,93.439375,24,Mid,2.2079999999999984,False,False,False,True
OCO,Renault,25,0 days 00:01:32.154000,0 days 00:00:29.140000,0 days 00:00:37.718000,0 days 00:00:25.296000,Hard,3,2,,,1,True,0 days 01:12:38.955000,92.154,29.14,37.718,25.296,4358.955,4350.19,26.6,54.5,1000.9,False,44.8,7,1.4,False,True,False,EMIRATES FORMULA 1 70TH ANNIVERSARY GRAND PRIX 2020,Silverstone,Great Britain,,,Permanent,,,0.31620982268810904,0.40929313974434106,0.27449703756754995,3,False,70th Anniversary Grand Prix,70th_anniversary_grand_prix,2020,2020-08-09,92.70673333333333,30,Closing,1.5789999999999935,False,False,False,True
KVY,AlphaTauri,25,0 days 00:01:32.275000,0 days 00:00:29.117000,0 days 00:00:37.790000,0 days 00:00:25.368000,Hard,6,2,,,1,True,0 days 01:12:39.868000,92.275,29.117,37.79,25.368,4359.868,4350.19,26.6,54.5,1000.9,False,44.8,7,1.4,False,True,False,EMIRATES FORMULA 1 70TH ANNIVERSARY GRAND PRIX 2020,Silverstone,Great Britain,,,Permanent,,,0.31554592251422375,0.40953671091845023,0.2749173665673259,3,False,70th Anniversary Grand Prix,70th_anniversary_grand_prix,2020,2020-08-09,93.37462500000001,16,Mid,1.5370000000000061,False,False,False,True
SAI,McLaren,25,0 days 00:01:32.515000,0 days 00:00:29.049000,0 days 00:00:37.861000,0 days 00:00:25.605000,Medium,6,2,,,1,True,0 days 01:12:41.315000,92.515,29.049,37.861,25.605,4361.315,4350.19,26.6,54.5,1000.9,False,44.8,7,1.4,False,True,False,EMIRATES FORMULA 1 70TH ANNIVERSARY GRAND PRIX 2020,Silverstone,Great Britain,,,Permanent,,,0.31399232556882667,0.40924174458195967,0.27676592984921367,3,False,70th Anniversary Grand Prix,70th_anniversary_grand_prix,2020,2020-08-09,94.64225,12,Mid,1.9590000000000032,False,False,False,True
VET,Ferrari,25,0 days 00:01:31.817000,0 days 00:00:28.933000,0 days 00:00:37.605000,0 days 00:00:25.279000,Hard,3,2,,,1,True,0 days 01:12:43.196000,91.817,28.933,37.605,25.279,4363.196,4350.19,26.6,54.5,1000.9,False,44.8,7,1.4,False,True,False,EMIRATES FORMULA 1 70TH ANNIVERSARY GRAND PRIX 2020,Silverstone,Great Britain,,,Permanent,,,0.31511593713582453,0.4095646775651568,0.2753193852990187,3,False,70th Anniversary Grand Prix,70th_anniversary_grand_prix,2020,2020-08-09,94.01518181818182,11,Mid,1.0319999999999965,False,False,False,True
RAI,Alfa Romeo Racing,25,0 days 00:01:33.785000,0 days 00:00:29.458000,0 days 00:00:38.381000,0 days 00:00:25.946000,Hard,25,1,,,1,True,0 days 01:12:46.195000,93.785,29.458,38.381,25.946,4366.195,4350.19,26.6,54.5,1000.9,False,44.8,7,1.4,False,True,False,EMIRATES FORMULA 1 70TH ANNIVERSARY GRAND PRIX 2020,Silverstone,Great Britain,,,Permanent,,,0.31410140214319987,0.409244548701818,0.27665404915498215,3,False,70th Anniversary Grand Prix,70th_anniversary_grand_prix,2020,2020-08-09,94.26747999999999,25,Opening,2.0289999999999964,False,False,False,True
GIO,Alfa Romeo Racing,25,0 days 00:01:34.067000,0 days 00:00:29.660000,0 days 00:00:38.381000,0 days 00:00:26.026000,Hard,18,2,,,1,True,0 days 01:12:52.770000,94.067,29.66,38.381,26.026,4372.77,4350.19,26.6,54.5,1000.9,False,44.8,7,1.4,False,True,False,EMIRATES FORMULA 1 70TH ANNIVERSARY GRAND PRIX 2020,Silverstone,Great Britain,,,Permanent,,,0.31530717467337116,0.40801768951917256,0.2766751358074564,3,False,70th Anniversary Grand Prix,70th_anniversary_grand_prix,2020,2020-08-09,94.33988461538462,26,Mid,2.2409999999999997,False,False,False,True
LAT,Williams,25,0 days 00:01:33.162000,0 days 00:00:29.377000,0 days 00:00:37.961000,0 days 00:00:25.824000,Hard,16,2,,,1,True,0 days 01:12:53.702000,93.162,29.377,37.961,25.824,4373.702,4350.19,26.6,54.5,1000.9,False,44.8,7,1.4,False,True,False,EMIRATES FORMULA 1 70TH ANNIVERSARY GRAND PRIX 2020,Silverstone,Great Britain,,,Permanent,,,0.315332431678152,0.4074730040145123,0.27719456430733563,3,False,70th Anniversary Grand Prix,70th_anniversary_grand_prix,2020,2020-08-09,94.40805882352942,17,Mid,3.2120000000000033,False,False,False,True
GRO,Haas F1 Team,25,0 days 00:01:33.506000,0 days 00:00:29.484000,0 days 00:00:38.319000,0 days 00:00:25.703000,Hard,9,2,,,1,True,0 days 01:12:55.286000,93.506,29.484,38.319,25.703,4375.286,4350.19,26.6,54.5,1000.9,False,44.8,7,1.4,False,True,False,EMIRATES FORMULA 1 70TH ANNIVERSARY GRAND PRIX 2020,Silverstone,Great Britain,,,Permanent,,,0.3153166641712831,0.40980257951361415,0.2748807563151028,3,False,70th Anniversary Grand Prix,70th_anniversary_grand_prix,2020,2020-08-09,94.24085714285714,21,Mid,2.712999999999994,False,False,False,True
GAS,AlphaTauri,25,0 days 00:01:33.364000,0 days 00:00:29.474000,0 days 00:00:38.525000,0 days 00:00:25.365000,Hard,2,3,,,1,True,0 days 01:12:59.455000,93.364,29.474,38.525,25.365,4379.455,4350.19,26.6,54.5,1000.9,False,44.8,7,1.4,False,True,False,EMIRATES FORMULA 1 70TH ANNIVERSARY GRAND PRIX 2020,Silverstone,Great Britain,,,Permanent,,,0.3156891307141939,0.4126322779658112,0.27167859131999483,3,False,70th Anniversary Grand Prix,70th_anniversary_grand_prix,2020,2020-08-09,92.35106896551724,29,Closing,3.2720000000000056,False,False,False,True
RUS,Williams,25,0 days 00:01:51.343000,0 days 00:00:49.099000,0 days 00:00:37.191000,0 days 00:00:25.053000,Hard,1,3,,0 days 01:11:40.466000,1,False,0 days 01:13:09.308000,111.343,49.099,37.191,25.053,4389.308,4410.191,26.7,55.0,1000.9,False,44.4,9,3.0,False,True,False,EMIRATES FORMULA 1 70TH ANNIVERSARY GRAND PRIX 2020,Silverstone,Great Britain,,,Permanent,,,0.44097069416128537,0.33402189630241685,0.22500740953629775,3,False,70th Anniversary Grand Prix,70th_anniversary_grand_prix,2020,2020-08-09,93.8468,15,Mid,19.935000000000002,False,False,False,True
VER,Red Bull Racing,26,0 days 00:01:30.444000,0 days 00:00:28.932000,0 days 00:00:36.930000,0 days 00:00:24.582000,Hard,29,1,0 days 01:13:04.592000,,1,False,0 days 01:13:10.466000,90.444,28.932,36.93,24.582,4390.466,4410.191,26.7,55.0,1000.9,False,44.4,9,3.0,False,True,False,EMIRATES FORMULA 1 70TH ANNIVERSARY GRAND PRIX 2020,Silverstone,Great Britain,,,Permanent,26.0,,0.3198885498208836,0.4083189597983282,0.2717924903807881,3,False,70th Anniversary Grand Prix,70th_anniversary_grand_prix,2020,2020-08-09,91.91712,25,Opening,0.9789999999999992,False,False,False,True
MAG,Haas F1 Team,25,0 days 00:01:32.867000,0 days 00:00:29.331000,0 days 00:00:37.882000,0 days 00:00:25.654000,Hard,5,3,,,1,True,0 days 01:13:17.524000,92.867,29.331,37.882,25.654,4397.524,4410.191,26.7,55.0,1000.9,False,44.4,9,3.0,False,True,False,EMIRATES FORMULA 1 70TH ANNIVERSARY GRAND PRIX 2020,Silverstone,Great Britain,,,Permanent,,,0.31583878019102585,0.40791669807358905,0.276244521735385,3,False,70th Anniversary Grand Prix,70th_anniversary_grand_prix,2020,2020-08-09,94.9223043478261,23,Closing,1.0370000000000061,False,False,False,True
BOT,Mercedes,26,0 days 00:01:32.192000,0 days 00:00:29.309000,0 days 00:00:37.687000,0 days 00:00:25.196000,Hard,13,2,,,1,True,0 days 01:13:30.526000,92.192,29.309,37.687,25.196,4410.526,4410.191,26.7,55.0,1000.9,False,44.4,9,3.0,False,True,False,EMIRATES FORMULA 1 70TH ANNIVERSARY GRAND PRIX 2020,Silverstone,Great Britain,,,Permanent,,,0.31791261714682406,0.4087881811870878,0.2732992016660882,3,False,70th Anniversary Grand Prix,70th_anniversary_grand_prix,2020,2020-08-09,92.67247368421053,19,Mid,2.4269999999999925,False,False,False,True
HAM,Mercedes,26,0 days 00:01:32.333000,0 days 00:00:29.430000,0 days 00:00:37.638000,0 days 00:00:25.265000,Hard,12,2,,,1,True,0 days 01:13:35.394000,92.333,29.43,37.638,25.265,4415.394,4410.191,26.7,55.0,1000.9,False,44.4,9,3.0,False,True,False,EMIRATES FORMULA 1 70TH ANNIVERSARY GRAND PRIX 2020,Silverstone,Great Britain,,,Permanent,,,0.31873761277116525,0.407633240553215,0.27362914667561977,3,False,70th Anniversary Grand Prix,70th_anniversary_grand_prix,2020,2020-08-09,92.29803703703703,27,Mid,3.882000000000005,False,False,False,True
HUL,Racing Point,26,0 days 00:01:32.178000,0 days 00:00:29.379000,0 days 00:00:37.337000,0 days 00:00:25.462000,Hard,11,2,,,1,True,0 days 01:13:46.527000,92.178,29.379,37.337,25.462,4426.527,4410.191,26.7,55.0,1000.9,False,44.4,9,3.0,False,True,False,EMIRATES FORMULA 1 70TH ANNIVERSARY GRAND PRIX 2020,Silverstone,Great Britain,,,Permanent,,,0.3187203020243442,0.4050532665061078,0.27622643146954806,3,False,70th Anniversary Grand Prix,70th_anniversary_grand_prix,2020,2020-08-09,93.23213333333334,15,Mid,2.090999999999994,False,False,False,True
STR,Racing Point,26,0 days 00:01:31.928000,0 days 00:00:29.197000,0 days 00:00:37.372000,0 days 00:00:25.359000,Hard,8,2,,,1,True,0 days 01:13:48.255000,91.928,29.197,37.372,25.359,4428.255,4410.191,26.7,55.0,1000.9,False,44.4,9,3.0,False,True,False,EMIRATES FORMULA 1 70TH ANNIVERSARY GRAND PRIX 2020,Silverstone,Great Britain,,,Permanent,,,0.3176072578539727,0.4065355495605256,0.27585719258550173,3,False,70th Anniversary Grand Prix,70th_anniversary_grand_prix,2020,2020-08-09,93.29523076923077,13,Mid,1.5489999999999924,False,False,False,True
RIC,Renault,26,0 days 00:01:32.214000,0 days 00:00:29.551000,0 days 00:00:37.880000,0 days 00:00:24.783000,Medium,15,2,0 days 01:13:47.191000,,1,False,0 days 01:13:53.063000,92.214,29.551,37.88,24.783,4433.063,4410.191,26.7,55.0,1000.9,False,44.4,9,3.0,False,True,False,EMIRATES FORMULA 1 70TH ANNIVERSARY GRAND PRIX 2020,Silverstone,Great Britain,,,Permanent,26.0,,0.3204611013512048,0.41078361203288005,0.2687552866159152,3,False,70th Anniversary Grand Prix,70th_anniversary_grand_prix,2020,2020-08-09,94.00824999999999,12,Mid,1.0459999999999923,False,False,False,True
LEC,Ferrari,26,0 days 00:01:31.398000,0 days 00:00:28.807000,0 days 00:00:37.478000,0 days 00:00:25.113000,Hard,8,2,,,1,True,0 days 01:13:54.372000,91.398,28.807,37.478,25.113,4434.372,4410.191,26.7,55.0,1000.9,False,44.4,9,3.0,False,True,False,EMIRATES FORMULA 1 70TH ANNIVERSARY GRAND PRIX 2020,Silverstone,Great Britain,,,Permanent,,,0.3151819514650211,0.41005273638372836,0.2747653121512506,3,False,70th Anniversary Grand Prix,70th_anniversary_grand_prix,2020,2020-08-09,92.02232352941176,34,Closing,0.8459999999999894,False,False,False,True
NOR,McLaren,26,0 days 00:01:32.111000,0 days 00:00:29.337000,0 days 00:00:37.233000,0 days 00:00:25.541000,Hard,14,2,,,1,True,0 days 01:14:01.489000,92.111,29.337,37.233,25.541,4441.489,4470.203,26.4,55.4,1000.8,False,43.7,22,2.6,False,True,False,EMIRATES FORMULA 1 70TH ANNIVERSARY GRAND PRIX 2020,Silverstone,Great Britain,,,Permanent,,,0.31849616223903765,0.40421882294188527,0.27728501481907697,3,False,70th Anniversary Grand Prix,70th_anniversary_grand_prix,2020,2020-08-09,93.8319411764706,17,Mid,1.413000000000011,False,False,False,True
ALB,Red Bull Racing,26,0 days 00:01:31.728000,0 days 00:00:29.088000,0 days 00:00:37.287000,0 days 00:00:25.353000,Hard,20,2,,,1,True,0 days 01:14:02.389000,91.728,29.088,37.287,25.353,4442.389,4470.203,26.4,55.4,1000.8,False,43.7,22,2.6,False,True,False,EMIRATES FORMULA 1 70TH ANNIVERSARY GRAND PRIX 2020,Silverstone,Great Britain,,,Permanent,,,0.31711145996860285,0.40649529042386184,0.27639324960753536,3,False,70th Anniversary Grand Prix,70th_anniversary_grand_prix,2020,2020-08-09,93.439375,24,Mid,2.2509999999999906,False,False,False,True
OCO,Renault,26,0 days 00:01:32.607000,0 days 00:00:29.186000,0 days 00:00:37.916000,0 days 00:00:25.505000,Hard,4,2,,,1,True,0 days 01:14:11.562000,92.607,29.186,37.916,25.505,4451.562,4470.203,26.4,55.4,1000.8,False,43.7,22,2.6,False,True,False,EMIRATES FORMULA 1 70TH ANNIVERSARY GRAND PRIX 2020,Silverstone,Great Britain,,,Permanent,,,0.31515976114116645,0.40942909283315515,0.2754111460256784,3,False,70th Anniversary Grand Prix,70th_anniversary_grand_prix,2020,2020-08-09,92.70673333333333,30,Closing,2.0319999999999965,False,False,False,True
KVY,AlphaTauri,26,0 days 00:01:32.468000,0 days 00:00:29.245000,0 days 00:00:37.715000,0 days 00:00:25.508000,Hard,7,2,,,1,True,0 days 01:14:12.336000,92.468,29.245,37.715,25.508,4452.336,4470.203,26.4,55.4,1000.8,False,43.7,22,2.6,False,True,False,EMIRATES FORMULA 1 70TH ANNIVERSARY GRAND PRIX 2020,Silverstone,Great Britain,,,Permanent,,,0.3162715750313622,0.4078708309901804,0.2758575939784574,3,False,70th Anniversary Grand Prix,70th_anniversary_grand_prix,2020,2020-08-09,93.37462500000001,16,Mid,1.730000000000004,False,False,False,True
SAI,McLaren,26,0 days 00:01:32.520000,0 days 00:00:29.205000,0 days 00:00:37.641000,0 days 00:00:25.674000,Medium,7,2,,,1,True,0 days 01:14:13.835000,92.52,29.205,37.641,25.674,4453.835,4470.203,26.4,55.4,1000.8,False,43.7,22,2.6,False,True,False,EMIRATES FORMULA 1 70TH ANNIVERSARY GRAND PRIX 2020,Silverstone,Great Britain,,,Permanent,,,0.3156614785992218,0.40684176394293126,0.27749675745784697,3,False,70th Anniversary Grand Prix,70th_anniversary_grand_prix,2020,2020-08-09,94.64225,12,Mid,1.9639999999999986,False,False,False,True
VET,Ferrari,26,0 days 00:01:31.770000,0 days 00:00:28.861000,0 days 00:00:37.582000,0 days 00:00:25.327000,Hard,4,2,,,1,True,0 days 01:14:14.966000,91.77,28.861,37.582,25.327,4454.966,4470.203,26.4,55.4,1000.8,False,43.7,22,2.6,False,True,False,EMIRATES FORMULA 1 70TH ANNIVERSARY GRAND PRIX 2020,Silverstone,Great Britain,,,Permanent,,,0.3144927536231884,0.40952380952380957,0.2759834368530021,3,False,70th Anniversary Grand Prix,70th_anniversary_grand_prix,2020,2020-08-09,94.01518181818182,11,Mid,0.9849999999999994,False,False,False,True
RAI,Alfa Romeo Racing,26,0 days 00:01:32.973000,0 days 00:00:29.622000,0 days 00:00:38.267000,0 days 00:00:25.084000,Hard,26,1,0 days 01:14:13.350000,,1,False,0 days 01:14:19.168000,92.973,29.622,38.267,25.084,4459.168,4470.203,26.4,55.4,1000.8,False,43.7,22,2.6,False,True,False,EMIRATES FORMULA 1 70TH ANNIVERSARY GRAND PRIX 2020,Silverstone,Great Britain,,,Permanent,26.0,,0.31860862831144526,0.4115926129091242,0.2697987587794306,3,False,70th Anniversary Grand Prix,70th_anniversary_grand_prix,2020,2020-08-09,94.26747999999999,25,Opening,1.2169999999999987,False,False,False,True
LAT,Williams,26,0 days 00:01:32.436000,0 days 00:00:29.421000,0 days 00:00:38.110000,0 days 00:00:24.905000,Hard,17,2,0 days 01:14:20.322000,,1,False,0 days 01:14:26.138000,92.436,29.421,38.11,24.905,4466.138,4470.203,26.4,55.4,1000.8,False,43.7,22,2.6,False,True,False,EMIRATES FORMULA 1 70TH ANNIVERSARY GRAND PRIX 2020,Silverstone,Great Britain,,,Permanent,26.0,,0.31828508373361025,0.4122852568263447,0.269429659440045,3,False,70th Anniversary Grand Prix,70th_anniversary_grand_prix,2020,2020-08-09,94.40805882352942,17,Mid,2.486000000000004,False,False,False,True
GIO,Alfa Romeo Racing,26,0 days 00:01:33.828000,0 days 00:00:29.654000,0 days 00:00:38.214000,0 days 00:00:25.960000,Hard,19,2,,,1,True,0 days 01:14:26.598000,93.828,29.654,38.214,25.96,4466.598,4470.203,26.4,55.4,1000.8,False,43.7,22,2.6,False,True,False,EMIRATES FORMULA 1 70TH ANNIVERSARY GRAND PRIX 2020,Silverstone,Great Britain,,,Permanent,,,0.31604638274289126,0.4072771454150147,0.27667647184209404,3,False,70th Anniversary Grand Prix,70th_anniversary_grand_prix,2020,2020-08-09,94.33988461538462,26,Mid,2.0020000000000095,False,False,False,True
GRO,Haas F1 Team,26,0 days 00:01:33.548000,0 days 00:00:29.463000,0 days 00:00:38.332000,0 days 00:00:25.753000,Hard,10,2,,,1,True,0 days 01:14:28.834000,93.548,29.463,38.332,25.753,4468.834,4470.203,26.4,55.4,1000.8,False,43.7,22,2.6,False,True,False,EMIRATES FORMULA 1 70TH ANNIVERSARY GRAND PRIX 2020,Silverstone,Great Britain,,,Permanent,,,0.3149506135887459,0.4097575576174798,0.27529182879377434,3,False,70th Anniversary Grand Prix,70th_anniversary_grand_prix,2020,2020-08-09,94.24085714285714,21,Mid,2.7549999999999955,False,False,False,True
GAS,AlphaTauri,26,0 days 00:01:32.152000,0 days 00:00:29.073000,0 days 00:00:37.731000,0 days 00:00:25.348000,Hard,3,3,,,1,True,0 days 01:14:31.607000,92.152,29.073,37.731,25.348,4471.607,4470.203,26.4,55.4,1000.8,False,43.7,22,2.6,False,True,False,EMIRATES FORMULA 1 70TH ANNIVERSARY GRAND PRIX 2020,Silverstone,Great Britain,,,Permanent,,,0.315489625835576,0.40944309401857804,0.27506728014584597,3,False,70th Anniversary Grand Prix,70th_anniversary_grand_prix,2020,2020-08-09,92.35106896551724,29,Closing,2.0600000000000023,False,False,False,True
RUS,Williams,26,0 days 00:01:31.957000,0 days 00:00:29.246000,0 days 00:00:37.511000,0 days 00:00:25.200000,Hard,2,3,,,1,True,0 days 01:14:41.265000,91.957,29.246,37.511,25.2,4481.265,4470.203,26.4,55.4,1000.8,False,43.7,22,2.6,False,True,False,EMIRATES FORMULA 1 70TH ANNIVERSARY GRAND PRIX 2020,Silverstone,Great Britain,,,Permanent,,,0.3180399534565069,0.40791891862500956,0.2740411279184837,3,False,70th Anniversary Grand Prix,70th_anniversary_grand_prix,2020,2020-08-09,93.8468,15,Mid,0.5489999999999924,False,False,False,True
MAG,Haas F1 Team,26,0 days 00:01:33.238000,0 days 00:00:29.477000,0 days 00:00:38.046000,0 days 00:00:25.715000,Hard,6,3,,,1,True,0 days 01:14:50.762000,93.238,29.477,38.046,25.715,4490.762,4470.203,26.4,55.4,1000.8,False,43.7,22,2.6,False,True,False,EMIRATES FORMULA 1 70TH ANNIVERSARY GRAND PRIX 2020,Silverstone,Great Britain,,,Permanent,,,0.3161479225208606,0.408052510778867,0.27579956670027245,3,False,70th Anniversary Grand Prix,70th_anniversary_grand_prix,2020,2020-08-09,94.9223043478261,23,Closing,1.4080000000000013,False,False,False,True
VER,Red Bull Racing,27,0 days 00:01:51.114000,0 days 00:00:49.488000,0 days 00:00:36.532000,0 days 00:00:25.094000,Medium,1,2,,0 days 01:13:33.730000,1,False,0 days 01:15:01.580000,111.114,49.488,36.532,25.094,4501.58,4530.212,26.2,56.5,1000.8,False,43.2,23,3.3,False,True,False,EMIRATES FORMULA 1 70TH ANNIVERSARY GRAND PRIX 2020,Silverstone,Great Britain,,,Permanent,,,0.44538042010907714,0.3287794517342549,0.22584012815666793,3,False,70th Anniversary Grand Prix,70th_anniversary_grand_prix,2020,2020-08-09,94.09633333333333,6,Mid,21.649,False,False,False,True
BOT,Mercedes,27,0 days 00:01:32.697000,0 days 00:00:29.356000,0 days 00:00:38.026000,0 days 00:00:25.315000,Hard,14,2,,,1,True,0 days 01:15:03.223000,92.697,29.356,38.026,25.315,4503.223,4530.212,26.2,56.5,1000.8,False,43.2,23,3.3,False,True,False,EMIRATES FORMULA 1 70TH ANNIVERSARY GRAND PRIX 2020,Silverstone,Great Britain,,,Permanent,,,0.31668770294615795,0.4102182379149272,0.273094059138915,3,False,70th Anniversary Grand Prix,70th_anniversary_grand_prix,2020,2020-08-09,92.67247368421053,19,Mid,2.932000000000002,False,False,False,True
HAM,Mercedes,27,0 days 00:01:32.341000,0 days 00:00:29.314000,0 days 00:00:37.846000,0 days 00:00:25.181000,Hard,13,2,,,1,True,0 days 01:15:07.735000,92.341,29.314,37.846,25.181,4507.735,4530.212,26.2,56.5,1000.8,False,43.2,23,3.3,False,True,False,EMIRATES FORMULA 1 70TH ANNIVERSARY GRAND PRIX 2020,Silverstone,Great Britain,,,Permanent,,,0.3174537854257589,0.4098504456308682,0.27269576894337294,3,False,70th Anniversary Grand Prix,70th_anniversary_grand_prix,2020,2020-08-09,92.29803703703703,27,Mid,3.8900000000000006,False,False,False,True
HUL,Racing Point,27,0 days 00:01:31.489000,0 days 00:00:29.194000,0 days 00:00:37.158000,0 days 00:00:25.137000,Hard,12,2,,,1,True,0 days 01:15:18.016000,91.489,29.194,37.158,25.137,4518.016,4530.212,26.2,56.5,1000.8,False,43.2,23,3.3,False,True,False,EMIRATES FORMULA 1 70TH ANNIVERSARY GRAND PRIX 2020,Silverstone,Great Britain,,,Permanent,,,0.3190984708544196,0.40614718709353037,0.27475434205204996,3,False,70th Anniversary Grand Prix,70th_anniversary_grand_prix,2020,2020-08-09,93.23213333333334,15,Mid,1.402000000000001,False,False,False,True
STR,Racing Point,27,0 days 00:01:31.546000,0 days 00:00:29.112000,0 days 00:00:37.271000,0 days 00:00:25.163000,Hard,9,2,,,1,True,0 days 01:15:19.801000,91.546,29.112,37.271,25.163,4519.801,4530.212,26.2,56.5,1000.8,False,43.2,23,3.3,False,True,False,EMIRATES FORMULA 1 70TH ANNIVERSARY GRAND PRIX 2020,Silverstone,Great Britain,,,Permanent,,,0.31800406353090244,0.4071286566316387,0.27486727983745873,3,False,70th Anniversary Grand Prix,70th_anniversary_grand_prix,2020,2020-08-09,93.29523076923077,13,Mid,1.1670000000000016,False,False,False,True
LEC,Ferrari,27,0 days 00:01:31.012000,0 days 00:00:28.776000,0 days 00:00:37.102000,0 days 00:00:25.134000,Hard,9,2,,,1,True,0 days 01:15:25.384000,91.012,28.776,37.102,25.134,4525.384,4530.212,26.2,56.5,1000.8,False,43.2,23,3.3,False,True,False,EMIRATES FORMULA 1 70TH ANNIVERSARY GRAND PRIX 2020,Silverstone,Great Britain,,,Permanent,,,0.31617808640618816,0.40766052828198474,0.276161385311827,3,False,70th Anniversary Grand Prix,70th_anniversary_grand_prix,2020,2020-08-09,92.02232352941176,34,Closing,0.45999999999999375,False,False,False,True
NOR,McLaren,27,0 days 00:01:32.327000,0 days 00:00:29.419000,0 days 00:00:37.422000,0 days 00:00:25.486000,Hard,15,2,,,1,True,0 days 01:15:33.816000,92.327,29.419,37.422,25.486,4533.816,4530.212,26.2,56.5,1000.8,False,43.2,23,3.3,False,True,False,EMIRATES FORMULA 1 70TH ANNIVERSARY GRAND PRIX 2020,Silverstone,Great Britain,,,Permanent,,,0.3186391846372134,0.4053202205205411,0.2760405948422455,3,False,70th Anniversary Grand Prix,70th_anniversary_grand_prix,2020,2020-08-09,93.8319411764706,17,Mid,1.6290000000000049,False,False,False,True
ALB,Red Bull Racing,27,0 days 00:01:32.170000,0 days 00:00:28.982000,0 days 00:00:37.744000,0 days 00:00:25.444000,Hard,21,2,,,1,True,0 days 01:15:34.559000,92.17,28.982,37.744,25.444,4534.559,4530.212,26.2,56.5,1000.8,False,43.2,23,3.3,False,True,False,EMIRATES FORMULA 1 70TH ANNIVERSARY GRAND PRIX 2020,Silverstone,Great Britain,,,Permanent,,,0.3144407073885212,0.4095041770641206,0.2760551155473581,3,False,70th Anniversary Grand Prix,70th_anniversary_grand_prix,2020,2020-08-09,93.439375,24,Mid,2.692999999999998,False,False,False,True
OCO,Renault,27,0 days 00:01:31.835000,0 days 00:00:29.128000,0 days 00:00:37.566000,0 days 00:00:25.141000,Hard,5,2,,,1,True,0 days 01:15:43.397000,91.835,29.128,37.566,25.141,4543.397,4530.212,26.2,56.5,1000.8,False,43.2,23,3.3,False,True,False,EMIRATES FORMULA 1 70TH ANNIVERSARY GRAND PRIX 2020,Silverstone,Great Britain,,,Permanent,,,0.317177546686993,0.4090597266837263,0.27376272662928075,3,False,70th Anniversary Grand Prix,70th_anniversary_grand_prix,2020,2020-08-09,92.70673333333333,30,Closing,1.259999999999991,False,False,False,True
KVY,AlphaTauri,27,0 days 00:01:32.148000,0 days 00:00:29.027000,0 days 00:00:37.518000,0 days 00:00:25.603000,Hard,8,2,,,1,True,0 days 01:15:44.484000,92.148,29.027,37.518,25.603,4544.484,4530.212,26.2,56.5,1000.8,False,43.2,23,3.3,False,True,False,EMIRATES FORMULA 1 70TH ANNIVERSARY GRAND PRIX 2020,Silverstone,Great Britain,,,Permanent,,,0.31500412380084214,0.4071493684073447,0.2778465077918132,3,False,70th Anniversary Grand Prix,70th_anniversary_grand_prix,2020,2020-08-09,93.37462500000001,16,Mid,1.4099999999999966,False,False,False,True
RIC,Renault,27,0 days 00:01:52.020000,0 days 00:00:48.614000,0 days 00:00:37.976000,0 days 00:00:25.430000,Hard,1,3,,0 days 01:14:15.434000,1,False,0 days 01:15:45.083000,112.02,48.614,37.976,25.43,4545.083,4530.212,26.2,56.5,1000.8,False,43.2,23,3.3,False,True,False,EMIRATES FORMULA 1 70TH ANNIVERSARY GRAND PRIX 2020,Silverstone,Great Britain,,,Permanent,,,0.43397607570076774,0.3390108909123371,0.2270130333868952,3,False,70th Anniversary Grand Prix,70th_anniversary_grand_prix,2020,2020-08-09,95.64944444444444,9,Mid,20.85199999999999,False,False,False,True
SAI,McLaren,27,0 days 00:01:32.087000,0 days 00:00:29.070000,0 days 00:00:37.664000,0 days 00:00:25.353000,Medium,8,2,,,1,True,0 days 01:15:45.922000,92.087,29.07,37.664,25.353,4545.922,4530.212,26.2,56.5,1000.8,False,43.2,23,3.3,False,True,False,EMIRATES FORMULA 1 70TH ANNIVERSARY GRAND PRIX 2020,Silverstone,Great Britain,,,Permanent,,,0.3156797376394062,0.4090045283264739,0.2753157340341199,3,False,70th Anniversary Grand Prix,70th_anniversary_grand_prix,2020,2020-08-09,94.64225,12,Mid,1.531000000000006,False,False,False,True
VET,Ferrari,27,0 days 00:01:31.890000,0 days 00:00:28.908000,0 days 00:00:37.776000,0 days 00:00:25.206000,Hard,5,2,,,1,True,0 days 01:15:46.856000,91.89,28.908,37.776,25.206,4546.856,4530.212,26.2,56.5,1000.8,False,43.2,23,3.3,False,True,False,EMIRATES FORMULA 1 70TH ANNIVERSARY GRAND PRIX 2020,Silverstone,Great Britain,,,Permanent,,,0.31459353574926546,0.41110022853411693,0.27430623571661766,3,False,70th Anniversary Grand Prix,70th_anniversary_grand_prix,2020,2020-08-09,94.01518181818182,11,Mid,1.105000000000004,False,False,False,True
GIO,Alfa Romeo Racing,27,0 days 00:01:33.959000,0 days 00:00:29.658000,0 days 00:00:38.387000,0 days 00:00:25.914000,Hard,20,2,,,1,True,0 days 01:16:00.557000,93.959,29.658,38.387,25.914,4560.557,4590.209,26.0,56.4,1000.9,False,43.4,0,2.7,False,True,False,EMIRATES FORMULA 1 70TH ANNIVERSARY GRAND PRIX 2020,Silverstone,Great Britain,,,Permanent,,,0.31564831469045007,0.4085505380006173,0.2758011473089326,3,False,70th Anniversary Grand Prix,70th_anniversary_grand_prix,2020,2020-08-09,94.33988461538462,26,Mid,2.1330000000000098,False,False,False,True
GRO,Haas F1 Team,27,0 days 00:01:33.258000,0 days 00:00:29.608000,0 days 00:00:38.164000,0 days 00:00:25.486000,Hard,11,2,,,1,True,0 days 01:16:02.092000,93.258,29.608,38.164,25.486,4562.092,4590.209,26.0,56.4,1000.9,False,43.4,0,2.7,False,True,False,EMIRATES FORMULA 1 70TH ANNIVERSARY GRAND PRIX 2020,Silverstone,Great Britain,,,Permanent,,,0.3174848270389672,0.40923030731947935,0.2732848656415536,3,False,70th Anniversary Grand Prix,70th_anniversary_grand_prix,2020,2020-08-09,94.24085714285714,21,Mid,2.464999999999989,False,False,False,True
GAS,AlphaTauri,27,0 days 00:01:32.567000,0 days 00:00:29.251000,0 days 00:00:37.957000,0 days 00:00:25.359000,Hard,4,3,,,1,True,0 days 01:16:04.174000,92.567,29.251,37.957,25.359,4564.174,4590.209,26.0,56.4,1000.9,False,43.4,0,2.7,False,True,False,EMIRATES FORMULA 1 70TH ANNIVERSARY GRAND PRIX 2020,Silverstone,Great Britain,,,Permanent,,,0.31599814188641745,0.4100489375263323,0.27395292058725035,3,False,70th Anniversary Grand Prix,70th_anniversary_grand_prix,2020,2020-08-09,92.35106896551724,29,Closing,2.4749999999999943,False,False,False,True
RAI,Alfa Romeo Racing,27,0 days 00:01:53.308000,0 days 00:00:49.875000,0 days 00:00:38.045000,0 days 00:00:25.388000,Medium,1,2,,0 days 01:14:42.647000,1,False,0 days 01:16:12.476000,113.308,49.875,38.045,25.388,4572.476,4590.209,26.0,56.4,1000.9,False,43.4,0,2.7,False,True,False,EMIRATES FORMULA 1 70TH ANNIVERSARY GRAND PRIX 2020,Silverstone,Great Britain,,,Permanent,,,0.4401719207822925,0.3357662300984926,0.2240618491192149,3,False,70th Anniversary Grand Prix,70th_anniversary_grand_prix,2020,2020-08-09,93.72435999999999,25,Closing,21.552000000000007,False,False,False,True
RUS,Williams,27,0 days 00:01:32.707000,0 days 00:00:29.128000,0 days 00:00:38.029000,0 days 00:00:25.550000,Hard,3,3,,,1,True,0 days 01:16:13.972000,92.707,29.128,38.029,25.55,4573.972,4590.209,26.0,56.4,1000.9,False,43.4,0,2.7,False,True,False,EMIRATES FORMULA 1 70TH ANNIVERSARY GRAND PRIX 2020,Silverstone,Great Britain,,,Permanent,,,0.31419418166912966,0.41020634903513226,0.2755994692957382,3,False,70th Anniversary Grand Prix,70th_anniversary_grand_prix,2020,2020-08-09,93.8468,15,Mid,1.2989999999999924,False,False,False,True
LAT,Williams,27,0 days 00:01:50.648000,0 days 00:00:48.404000,0 days 00:00:37.158000,0 days 00:00:25.086000,Hard,1,3,,0 days 01:14:48.375000,1,False,0 days 01:16:16.786000,110.648,48.404,37.158,25.086,4576.786,4590.209,26.0,56.4,1000.9,False,43.4,0,2.7,False,True,False,EMIRATES FORMULA 1 70TH ANNIVERSARY GRAND PRIX 2020,Silverstone,Great Britain,,,Permanent,,,0.4374593304894802,0.33582170486588103,0.22671896464463884,3,False,70th Anniversary Grand Prix,70th_anniversary_grand_prix,2020,2020-08-09,93.59700000000001,20,Mid,20.697999999999993,False,False,False,True
MAG,Haas F1 Team,27,0 days 00:01:34.025000,0 days 00:00:29.524000,0 days 00:00:38.537000,0 days 00:00:25.964000,Hard,7,3,,,1,True,0 days 01:16:24.787000,94.025,29.524,38.537,25.964,4584.787,4590.209,26.0,56.4,1000.9,False,43.4,0,2.7,False,True,False,EMIRATES FORMULA 1 70TH ANNIVERSARY GRAND PRIX 2020,Silverstone,Great Britain,,,Permanent,,,0.3140015953203935,0.40985908003190635,0.2761393246477,3,False,70th Anniversary Grand Prix,70th_anniversary_grand_prix,2020,2020-08-09,94.9223043478261,23,Closing,2.1950000000000074,False,False,False,True
VER,Red Bull Racing,28,0 days 00:01:31.598000,0 days 00:00:28.900000,0 days 00:00:37.617000,0 days 00:00:25.081000,Medium,2,2,,,1,True,0 days 01:16:33.178000,91.598,28.9,37.617,25.081,4593.178,4590.209,26.0,56.4,1000.9,False,43.4,0,2.7,False,True,False,EMIRATES FORMULA 1 70TH ANNIVERSARY GRAND PRIX 2020,Silverstone,Great Britain,,,Permanent,,,0.3155090722504858,0.4106749055656237,0.27381602218389045,3,False,70th Anniversary Grand Prix,70th_anniversary_grand_prix,2020,2020-08-09,94.09633333333333,6,Mid,2.1329999999999956,False,False,False,True
BOT,Mercedes,28,0 days 00:01:32.310000,0 days 00:00:29.541000,0 days 00:00:37.620000,0 days 00:00:25.149000,Hard,15,2,,,1,True,0 days 01:16:35.533000,92.31,29.541,37.62,25.149,4595.533,4590.209,26.0,56.4,1000.9,False,43.4,0,2.7,False,True,False,EMIRATES FORMULA 1 70TH ANNIVERSARY GRAND PRIX 2020,Silverstone,Great Britain,,,Permanent,,,0.3200194995125122,0.40753981150471236,0.27244068898277546,3,False,70th Anniversary Grand Prix,70th_anniversary_grand_prix,2020,2020-08-09,92.67247368421053,19,Mid,2.5450000000000017,False,False,False,True
HAM,Mercedes,28,0 days 00:01:31.643000,0 days 00:00:29.261000,0 days 00:00:37.409000,0 days 00:00:24.973000,Hard,14,2,,,1,True,0 days 01:16:39.378000,91.643,29.261,37.409,24.973,4599.378,4590.209,26.0,56.4,1000.9,False,43.4,0,2.7,False,True,False,EMIRATES FORMULA 1 70TH ANNIVERSARY GRAND PRIX 2020,Silverstone,Great Britain,,,Permanent,,,0.31929334482720995,0.40820357255873335,0.2725030826140567,3,False,70th Anniversary Grand Prix,70th_anniversary_grand_prix,2020,2020-08-09,92.29803703703703,27,Mid,3.1920000000000073,False,False,False,True
HUL,Racing Point,28,0 days 00:01:31.407000,0 days 00:00:29.083000,0 days 00:00:37.055000,0 days 00:00:25.269000,Hard,13,2,,,1,True,0 days 01:16:49.423000,91.407,29.083,37.055,25.269,4609.423,4590.209,26.0,56.4,1000.9,False,43.4,0,2.7,False,True,False,EMIRATES FORMULA 1 70TH ANNIVERSARY GRAND PRIX 2020,Silverstone,Great Britain,,,Permanent,,,0.3181703808242257,0.405384707954533,0.27644491122124126,3,False,70th Anniversary Grand Prix,70th_anniversary_grand_prix,2020,2020-08-09,93.23213333333334,15,Mid,1.3199999999999932,False,False,False,True
STR,Racing Point,28,0 days 00:01:31.467000,0 days 00:00:29.083000,0 days 00:00:37.238000,0 days 00:00:25.146000,Hard,10,2,,,1,True,0 days 01:16:51.268000,91.467,29.083,37.238,25.146,4611.268,4590.209,26.0,56.4,1000.9,False,43.4,0,2.7,False,True,False,EMIRATES FORMULA 1 70TH ANNIVERSARY GRAND PRIX 2020,Silverstone,Great Britain,,,Permanent,,,0.31796166923589925,0.40711950758196946,0.2749188231821313,3,False,70th Anniversary Grand Prix,70th_anniversary_grand_prix,2020,2020-08-09,93.29523076923077,13,Mid,1.0879999999999939,False,False,False,True
LEC,Ferrari,28,0 days 00:01:30.804000,0 days 00:00:28.791000,0 days 00:00:36.988000,0 days 00:00:25.025000,Hard,10,2,,,1,True,0 days 01:16:56.188000,90.804,28.791,36.988,25.025,4616.188,4590.209,26.0,56.4,1000.9,False,43.4,0,2.7,False,True,False,EMIRATES FORMULA 1 70TH ANNIVERSARY GRAND PRIX 2020,Silverstone,Great Britain,,,Permanent,,,0.31706753006475485,0.4073388837496145,0.27559358618563057,3,False,70th Anniversary Grand Prix,70th_anniversary_grand_prix,2020,2020-08-09,92.02232352941176,34,Closing,0.25199999999999534,False,False,False,True
NOR,McLaren,28,0 days 00:01:31.796000,0 days 00:00:29.263000,0 days 00:00:37.128000,0 days 00:00:25.405000,Hard,16,2,,,1,True,0 days 01:17:05.612000,91.796,29.263,37.128,25.405,4625.612,4650.232,25.9,56.8,1000.8,False,43.6,21,1.1,False,True,False,EMIRATES FORMULA 1 70TH ANNIVERSARY GRAND PRIX 2020,Silverstone,Great Britain,,,Permanent,,,0.3187829535055994,0.4044620680639679,0.2767549784304327,3,False,70th Anniversary Grand Prix,70th_anniversary_grand_prix,2020,2020-08-09,93.8319411764706,17,Mid,1.0980000000000132,False,False,False,True
ALB,Red Bull Racing,28,0 days 00:01:31.826000,0 days 00:00:28.915000,0 days 00:00:37.439000,0 days 00:00:25.472000,Hard,22,2,,,1,True,0 days 01:17:06.385000,91.826,28.915,37.439,25.472,4626.385,4650.232,25.9,56.8,1000.8,False,43.6,21,1.1,False,True,False,EMIRATES FORMULA 1 70TH ANNIVERSARY GRAND PRIX 2020,Silverstone,Great Britain,,,Permanent,,,0.3148890292509747,0.4077167686711825,0.27739420207784293,3,False,70th Anniversary Grand Prix,70th_anniversary_grand_prix,2020,2020-08-09,93.439375,24,Mid,2.3489999999999895,False,False,False,True
OCO,Renault,28,0 days 00:01:32.702000,0 days 00:00:29.284000,0 days 00:00:37.955000,0 days 00:00:25.463000,Hard,6,2,,,1,True,0 days 01:17:16.099000,92.702,29.284,37.955,25.463,4636.099,4650.232,25.9,56.8,1000.8,False,43.6,21,1.1,False,True,False,EMIRATES FORMULA 1 70TH ANNIVERSARY GRAND PRIX 2020,Silverstone,Great Britain,,,Permanent,,,0.31589393972082586,0.40943021725529116,0.274675843023883,3,False,70th Anniversary Grand Prix,70th_anniversary_grand_prix,2020,2020-08-09,92.70673333333333,30,Closing,2.1269999999999953,False,False,False,True
KVY,AlphaTauri,28,0 days 00:01:32.417000,0 days 00:00:29.223000,0 days 00:00:37.779000,0 days 00:00:25.415000,Hard,9,2,,,1,True,0 days 01:17:16.901000,92.417,29.223,37.779,25.415,4636.901,4650.232,25.9,56.8,1000.8,False,43.6,21,1.1,False,True,False,EMIRATES FORMULA 1 70TH ANNIVERSARY GRAND PRIX 2020,Silverstone,Great Britain,,,Permanent,,,0.31620805695921744,0.4087884263717715,0.27500351666901107,3,False,70th Anniversary Grand Prix,70th_anniversary_grand_prix,2020,2020-08-09,93.37462500000001,16,Mid,1.679000000000002,False,False,False,True
RIC,Renault,28,0 days 00:01:32.532000,0 days 00:00:28.878000,0 days 00:00:38.246000,0 days 00:00:25.408000,Hard,2,3,,,1,True,0 days 01:17:17.615000,92.532,28.878,38.246,25.408,4637.615,4650.232,25.9,56.8,1000.8,False,43.6,21,1.1,False,True,False,EMIRATES FORMULA 1 70TH ANNIVERSARY GRAND PRIX 2020,Silverstone,Great Britain,,,Permanent,,,0.3120866294903385,0.4133272813729305,0.2745860891367311,3,False,70th Anniversary Grand Prix,70th_anniversary_grand_prix,2020,2020-08-09,95.64944444444444,9,Mid,1.36399999999999,False,False,False,True
SAI,McLaren,28,0 days 00:01:32.554000,0 days 00:00:29.005000,0 days 00:00:37.881000,0 days 00:00:25.668000,Medium,9,2,,,1,True,0 days 01:17:18.476000,92.554,29.005,37.881,25.668,4638.476,4650.232,25.9,56.8,1000.8,False,43.6,21,1.1,False,True,False,EMIRATES FORMULA 1 70TH ANNIVERSARY GRAND PRIX 2020,Silverstone,Great Britain,,,Permanent,,,0.3133846187090779,0.40928539015061477,0.27732999114030726,3,False,70th Anniversary Grand Prix,70th_anniversary_grand_prix,2020,2020-08-09,94.64225,12,Mid,1.9980000000000047,False,False,False,True
VET,Ferrari,28,0 days 00:01:32.305000,0 days 00:00:28.769000,0 days 00:00:37.914000,0 days 00:00:25.622000,Hard,6,2,,,1,True,0 days 01:17:19.161000,92.305,28.769,37.914,25.622,4639.161,4650.232,25.9,56.8,1000.8,False,43.6,21,1.1,False,True,False,EMIRATES FORMULA 1 70TH ANNIVERSARY GRAND PRIX 2020,Silverstone,Great Britain,,,Permanent,,,0.31167325713666644,0.4107469801202535,0.27757976274308,3,False,70th Anniversary Grand Prix,70th_anniversary_grand_prix,2020,2020-08-09,94.01518181818182,11,Mid,1.5200000000000102,False,False,False,True
GIO,Alfa Romeo Racing,28,0 days 00:01:33.506000,0 days 00:00:29.485000,0 days 00:00:38.169000,0 days 00:00:25.852000,Hard,21,2,,,1,True,0 days 01:17:34.063000,93.506,29.485,38.169,25.852,4654.063,4650.232,25.9,56.8,1000.8,False,43.6,21,1.1,False,True,False,EMIRATES FORMULA 1 70TH ANNIVERSARY GRAND PRIX 2020,Silverstone,Great Britain,,,Permanent,,,0.31532735867217077,0.4081984043804675,0.2764742369473617,3,False,70th Anniversary Grand Prix,70th_anniversary_grand_prix,2020,2020-08-09,94.33988461538462,26,Mid,1.6800000000000068,False,False,False,True
GRO,Haas F1 Team,28,0 days 00:01:32.988000,0 days 00:00:29.325000,0 days 00:00:38.015000,0 days 00:00:25.648000,Hard,12,2,,,1,True,0 days 01:17:35.080000,92.988,29.325,38.015,25.648,4655.08,4650.232,25.9,56.8,1000.8,False,43.6,21,1.1,False,True,False,EMIRATES FORMULA 1 70TH ANNIVERSARY GRAND PRIX 2020,Silverstone,Great Britain,,,Permanent,,,0.31536327268034586,0.40881619133651653,0.2758205359831376,3,False,70th Anniversary Grand Prix,70th_anniversary_grand_prix,2020,2020-08-09,94.24085714285714,21,Mid,2.194999999999993,False,False,False,True
GAS,AlphaTauri,28,0 days 00:01:32.236000,0 days 00:00:29.056000,0 days 00:00:37.881000,0 days 00:00:25.299000,Hard,5,3,,,1,True,0 days 01:17:36.410000,92.236,29.056,37.881,25.299,4656.41,4650.232,25.9,56.8,1000.8,False,43.6,21,1.1,False,True,False,EMIRATES FORMULA 1 70TH ANNIVERSARY GRAND PRIX 2020,Silverstone,Great Britain,,,Permanent,,,0.3150179973112451,0.41069647426167655,0.2742855284270784,3,False,70th Anniversary Grand Prix,70th_anniversary_grand_prix,2020,2020-08-09,92.35106896551724,29,Closing,2.1440000000000055,False,False,False,True
RAI,Alfa Romeo Racing,28,0 days 00:01:33.142000,0 days 00:00:29.509000,0 days 00:00:38.095000,0 days 00:00:25.538000,Medium,2,2,,,1,True,0 days 01:17:45.618000,93.142,29.509,38.095,25.538,4665.618,4650.232,25.9,56.8,1000.8,False,43.6,21,1.1,False,True,False,EMIRATES FORMULA 1 70TH ANNIVERSARY GRAND PRIX 2020,Silverstone,Great Britain,,,Permanent,,,0.3168173326748406,0.4089991625689807,0.27418350475617875,3,False,70th Anniversary Grand Prix,70th_anniversary_grand_prix,2020,2020-08-09,93.72435999999999,25,Closing,1.3859999999999957,False,False,False,True
RUS,Williams,28,0 days 00:01:32.880000,0 days 00:00:29.370000,0 days 00:00:38.061000,0 days 00:00:25.449000,Hard,4,3,,,1,True,0 days 01:17:46.852000,92.88,29.37,38.061,25.449,4666.852,4650.232,25.9,56.8,1000.8,False,43.6,21,1.1,False,True,False,EMIRATES FORMULA 1 70TH ANNIVERSARY GRAND PRIX 2020,Silverstone,Great Britain,,,Permanent,,,0.31621447028423777,0.40978682170542635,0.27399870801033593,3,False,70th Anniversary Grand Prix,70th_anniversary_grand_prix,2020,2020-08-09,93.8468,15,Mid,1.4719999999999942,False,False,False,True
LAT,Williams,28,0 days 00:01:31.114000,0 days 00:00:28.963000,0 days 00:00:36.832000,0 days 00:00:25.319000,Hard,2,3,,,1,True,0 days 01:17:47.900000,91.114,28.963,36.832,25.319,4667.9,4650.232,25.9,56.8,1000.8,False,43.6,21,1.1,False,True,False,EMIRATES FORMULA 1 70TH ANNIVERSARY GRAND PRIX 2020,Silverstone,Great Britain,,,Permanent,,,0.31787650635467657,0.4042408411440613,0.27788265250126215,3,False,70th Anniversary Grand Prix,70th_anniversary_grand_prix,2020,2020-08-09,93.59700000000001,20,Mid,1.1640000000000015,False,False,False,True
MAG,Haas F1 Team,28,0 days 00:01:34.360000,0 days 00:00:29.295000,0 days 00:00:38.823000,0 days 00:00:26.242000,Hard,8,3,,,1,True,0 days 01:17:59.147000,94.36,29.295,38.823,26.242,4679.147,4650.232,25.9,56.8,1000.8,False,43.6,21,1.1,False,True,False,EMIRATES FORMULA 1 70TH ANNIVERSARY GRAND PRIX 2020,Silverstone,Great Britain,,,Permanent,,,0.310459940652819,0.4114349300551081,0.27810512929207293,3,False,70th Anniversary Grand Prix,70th_anniversary_grand_prix,2020,2020-08-09,94.9223043478261,23,Closing,2.530000000000001,False,False,False,True
VER,Red Bull Racing,29,0 days 00:01:31.294000,0 days 00:00:28.849000,0 days 00:00:37.460000,0 days 00:00:24.985000,Medium,3,2,,,1,True,0 days 01:18:04.472000,91.294,28.849,37.46,24.985,4684.472,4710.237,25.9,56.5,1000.9,False,43.6,14,1.5,False,True,False,EMIRATES FORMULA 1 70TH ANNIVERSARY GRAND PRIX 2020,Silverstone,Great Britain,,,Permanent,,,0.3160010515477468,0.4103226937148115,0.27367625473744167,3,False,70th Anniversary Grand Prix,70th_anniversary_grand_prix,2020,2020-08-09,94.09633333333333,6,Mid,1.8289999999999935,False,False,False,True
BOT,Mercedes,29,0 days 00:01:30.976000,0 days 00:00:29.063000,0 days 00:00:36.887000,0 days 00:00:25.026000,Hard,16,2,,,1,True,0 days 01:18:06.509000,90.976,29.063,36.887,25.026,4686.509,4710.237,25.9,56.5,1000.9,False,43.6,14,1.5,False,True,False,EMIRATES FORMULA 1 70TH ANNIVERSARY GRAND PRIX 2020,Silverstone,Great Britain,,,Permanent,,,0.3194578790010552,0.4054585824832923,0.2750835385156525,3,False,70th Anniversary Grand Prix,70th_anniversary_grand_prix,2020,2020-08-09,92.67247368421053,19,Mid,1.2109999999999985,False,False,False,True
HAM,Mercedes,29,0 days 00:01:31.702000,0 days 00:00:29.151000,0 days 00:00:37.395000,0 days 00:00:25.156000,Hard,15,2,,,1,True,0 days 01:18:11.080000,91.702,29.151,37.395,25.156,4691.08,4710.237,25.9,56.5,1000.9,False,43.6,14,1.5,False,True,False,EMIRATES FORMULA 1 70TH ANNIVERSARY GRAND PRIX 2020,Silverstone,Great Britain,,,Permanent,,,0.3178883775708273,0.4077882707029291,0.27432335172624367,3,False,70th Anniversary Grand Prix,70th_anniversary_grand_prix,2020,2020-08-09,92.29803703703703,27,Mid,3.2510000000000048,False,False,False,True
HUL,Racing Point,29,0 days 00:01:31.088000,0 days 00:00:28.976000,0 days 00:00:36.897000,0 days 00:00:25.215000,Hard,14,2,,,1,True,0 days 01:18:20.511000,91.088,28.976,36.897,25.215,4700.511,4710.237,25.9,56.5,1000.9,False,43.6,14,1.5,False,True,False,EMIRATES FORMULA 1 70TH ANNIVERSARY GRAND PRIX 2020,Silverstone,Great Britain,,,Permanent,,,0.31810995959950816,0.4050698225891446,0.2768202178113473,3,False,70th Anniversary Grand Prix,70th_anniversary_grand_prix,2020,2020-08-09,93.23213333333334,15,Mid,1.0009999999999906,False,False,False,True
STR,Racing Point,29,0 days 00:01:31.342000,0 days 00:00:28.823000,0 days 00:00:37.189000,0 days 00:00:25.330000,Hard,11,2,,,1,True,0 days 01:18:22.610000,91.342,28.823,37.189,25.33,4702.61,4710.237,25.9,56.5,1000.9,False,43.6,14,1.5,False,True,False,EMIRATES FORMULA 1 70TH ANNIVERSARY GRAND PRIX 2020,Silverstone,Great Britain,,,Permanent,,,0.3155503492369337,0.40714019837533666,0.27730945238772964,3,False,70th Anniversary Grand Prix,70th_anniversary_grand_prix,2020,2020-08-09,93.29523076923077,13,Mid,0.9629999999999939,False,False,False,True
LEC,Ferrari,29,0 days 00:01:30.668000,0 days 00:00:28.597000,0 days 00:00:36.905000,0 days 00:00:25.166000,Hard,11,2,,,1,True,0 days 01:18:26.856000,90.668,28.597,36.905,25.166,4706.856,4710.237,25.9,56.5,1000.9,False,43.6,14,1.5,False,True,False,EMIRATES FORMULA 1 70TH ANNIVERSARY GRAND PRIX 2020,Silverstone,Great Britain,,,Permanent,,,0.31540344994926545,0.40703445537565625,0.2775620946750783,3,False,70th Anniversary Grand Prix,70th_anniversary_grand_prix,2020,2020-08-09,92.02232352941176,34,Closing,0.11599999999999966,False,False,False,True
ALB,Red Bull Racing,29,0 days 00:01:31.133000,0 days 00:00:28.591000,0 days 00:00:37.238000,0 days 00:00:25.304000,Hard,23,2,,,1,True,0 days 01:18:37.518000,91.133,28.591,37.238,25.304,4717.518,4710.237,25.9,56.5,1000.9,False,43.6,14,1.5,False,True,False,EMIRATES FORMULA 1 70TH ANNIVERSARY GRAND PRIX 2020,Silverstone,Great Britain,,,Permanent,,,0.3137282872285561,0.40861158965468053,0.2776601231167634,3,False,70th Anniversary Grand Prix,70th_anniversary_grand_prix,2020,2020-08-09,93.439375,24,Mid,1.6559999999999917,False,False,False,True
NOR,McLaren,29,0 days 00:01:32.554000,0 days 00:00:29.237000,0 days 00:00:38.223000,0 days 00:00:25.094000,Hard,17,2,0 days 01:18:32.469000,,1,False,0 days 01:18:38.166000,92.554,29.237,38.223,25.094,4718.166,4710.237,25.9,56.5,1000.9,False,43.6,14,1.5,False,True,False,EMIRATES FORMULA 1 70TH ANNIVERSARY GRAND PRIX 2020,Silverstone,Great Britain,,,Permanent,29.0,,0.31589126347861785,0.4129805302850228,0.2711282062363593,3,False,70th Anniversary Grand Prix,70th_anniversary_grand_prix,2020,2020-08-09,93.8319411764706,17,Mid,1.8560000000000088,False,False,False,True
OCO,Renault,29,0 days 00:01:32.747000,0 days 00:00:29.318000,0 days 00:00:37.956000,0 days 00:00:25.473000,Hard,7,2,,,1,True,0 days 01:18:48.846000,92.747,29.318,37.956,25.473,4728.846,4710.237,25.9,56.5,1000.9,False,43.6,14,1.5,False,True,False,EMIRATES FORMULA 1 70TH ANNIVERSARY GRAND PRIX 2020,Silverstone,Great Britain,,,Permanent,,,0.3161072595340011,0.40924234746137345,0.27465039300462546,3,False,70th Anniversary Grand Prix,70th_anniversary_grand_prix,2020,2020-08-09,92.70673333333333,30,Closing,2.171999999999997,False,False,False,True
KVY,AlphaTauri,29,0 days 00:01:32.647000,0 days 00:00:29.292000,0 days 00:00:37.850000,0 days 00:00:25.505000,Hard,10,2,,,1,True,0 days 01:18:49.548000,92.647,29.292,37.85,25.505,4729.548,4710.237,25.9,56.5,1000.9,False,43.6,14,1.5,False,True,False,EMIRATES FORMULA 1 70TH ANNIVERSARY GRAND PRIX 2020,Silverstone,Great Britain,,,Permanent,,,0.3161678197890919,0.40853994193012183,0.2752922382807862,3,False,70th Anniversary Grand Prix,70th_anniversary_grand_prix,2020,2020-08-09,93.37462500000001,16,Mid,1.909000000000006,False,False,False,True
RIC,Renault,29,0 days 00:01:32.623000,0 days 00:00:29.058000,0 days 00:00:38.136000,0 days 00:00:25.429000,Hard,3,3,,,1,True,0 days 01:18:50.238000,92.623,29.058,38.136,25.429,4730.238,4710.237,25.9,56.5,1000.9,False,43.6,14,1.5,False,True,False,EMIRATES FORMULA 1 70TH ANNIVERSARY GRAND PRIX 2020,Silverstone,Great Britain,,,Permanent,,,0.31372337324422656,0.411733586690131,0.2745430400656424,3,False,70th Anniversary Grand Prix,70th_anniversary_grand_prix,2020,2020-08-09,95.64944444444444,9,Mid,1.4549999999999983,False,False,False,True
SAI,McLaren,29,0 days 00:01:32.541000,0 days 00:00:29.032000,0 days 00:00:37.910000,0 days 00:00:25.599000,Medium,10,2,,,1,True,0 days 01:18:51.017000,92.541,29.032,37.91,25.599,4731.017,4710.237,25.9,56.5,1000.9,False,43.6,14,1.5,False,True,False,EMIRATES FORMULA 1 70TH ANNIVERSARY GRAND PRIX 2020,Silverstone,Great Britain,,,Permanent,,,0.3137204050096714,0.4096562604683329,0.27662333452199567,3,False,70th Anniversary Grand Prix,70th_anniversary_grand_prix,2020,2020-08-09,94.64225,12,Mid,1.9849999999999994,False,False,False,True
VET,Ferrari,29,0 days 00:01:32.465000,0 days 00:00:28.799000,0 days 00:00:38.015000,0 days 00:00:25.651000,Hard,7,2,,,1,True,0 days 01:18:51.626000,92.465,28.799,38.015,25.651,4731.626,4710.237,25.9,56.5,1000.9,False,43.6,14,1.5,False,True,False,EMIRATES FORMULA 1 70TH ANNIVERSARY GRAND PRIX 2020,Silverstone,Great Britain,,,Permanent,,,0.3114583896609528,0.4111285351213973,0.2774130752176499,3,False,70th Anniversary Grand Prix,70th_anniversary_grand_prix,2020,2020-08-09,94.01518181818182,11,Mid,1.6800000000000068,False,False,False,True
GIO,Alfa Romeo Racing,29,0 days 00:01:33.570000,0 days 00:00:29.504000,0 days 00:00:38.162000,0 days 00:00:25.904000,Hard,22,2,,,1,True,0 days 01:19:07.633000,93.57,29.504,38.162,25.904,4747.633,4770.243,25.7,57.2,1000.8,False,43.6,14,1.9,False,True,False,EMIRATES FORMULA 1 70TH ANNIVERSARY GRAND PRIX 2020,Silverstone,Great Britain,,,Permanent,,,0.3153147376295822,0.4078443945709095,0.2768408677995084,3,False,70th Anniversary Grand Prix,70th_anniversary_grand_prix,2020,2020-08-09,94.33988461538462,26,Mid,1.7439999999999998,False,False,False,True
GAS,AlphaTauri,29,0 days 00:01:31.882000,0 days 00:00:29.088000,0 days 00:00:37.659000,0 days 00:00:25.135000,Hard,6,3,,,1,True,0 days 01:19:08.292000,91.882,29.088,37.659,25.135,4748.292,4770.243,25.7,57.2,1000.8,False,43.6,14,1.9,False,True,False,EMIRATES FORMULA 1 70TH ANNIVERSARY GRAND PRIX 2020,Silverstone,Great Britain,,,Permanent,,,0.3165799612546527,0.4098626499205502,0.273557388824797,3,False,70th Anniversary Grand Prix,70th_anniversary_grand_prix,2020,2020-08-09,92.35106896551724,29,Closing,1.7900000000000063,False,False,False,True
GRO,Haas F1 Team,29,0 days 00:01:34.258000,0 days 00:00:29.445000,0 days 00:00:38.220000,0 days 00:00:26.593000,Hard,13,2,,,1,True,0 days 01:19:09.338000,94.258,29.445,38.22,26.593,4749.338,4770.243,25.7,57.2,1000.8,False,43.6,14,1.9,False,True,False,EMIRATES FORMULA 1 70TH ANNIVERSARY GRAND PRIX 2020,Silverstone,Great Britain,,,Permanent,,,0.3123872774724692,0.40548282373909905,0.28212989878843175,3,False,70th Anniversary Grand Prix,70th_anniversary_grand_prix,2020,2020-08-09,94.24085714285714,21,Mid,3.464999999999989,False,False,False,True
RAI,Alfa Romeo Racing,29,0 days 00:01:32.642000,0 days 00:00:29.197000,0 days 00:00:37.929000,0 days 00:00:25.516000,Medium,3,2,,,1,True,0 days 01:19:18.260000,92.642,29.197,37.929,25.516,4758.26,4770.243,25.7,57.2,1000.8,False,43.6,14,1.9,False,True,False,EMIRATES FORMULA 1 70TH ANNIVERSARY GRAND PRIX 2020,Silverstone,Great Britain,,,Permanent,,,0.315159430927657,0.4094147362967121,0.27542583277563093,3,False,70th Anniversary Grand Prix,70th_anniversary_grand_prix,2020,2020-08-09,93.72435999999999,25,Closing,0.8859999999999957,False,False,False,True
RUS,Williams,29,0 days 00:01:32.321000,0 days 00:00:29.064000,0 days 00:00:37.929000,0 days 00:00:25.328000,Hard,5,3,,,1,True,0 days 01:19:19.173000,92.321,29.064,37.929,25.328,4759.173,4770.243,25.7,57.2,1000.8,False,43.6,14,1.9,False,True,False,EMIRATES FORMULA 1 70TH ANNIVERSARY GRAND PRIX 2020,Silverstone,Great Britain,,,Permanent,,,0.314814614226449,0.4108382708159574,0.2743471149575936,3,False,70th Anniversary Grand Prix,70th_anniversary_grand_prix,2020,2020-08-09,93.8468,15,Mid,0.9129999999999967,False,False,False,True
LAT,Williams,29,0 days 00:01:32.214000,0 days 00:00:29.114000,0 days 00:00:37.582000,0 days 00:00:25.518000,Hard,3,3,,,1,True,0 days 01:19:20.114000,92.214,29.114,37.582,25.518,4760.114,4770.243,25.7,57.2,1000.8,False,43.6,14,1.9,False,True,False,EMIRATES FORMULA 1 70TH ANNIVERSARY GRAND PRIX 2020,Silverstone,Great Britain,,,Permanent,,,0.3157221246231592,0.4075519986119244,0.2767258767649164,3,False,70th Anniversary Grand Prix,70th_anniversary_grand_prix,2020,2020-08-09,93.59700000000001,20,Mid,2.263999999999996,False,False,False,True
MAG,Haas F1 Team,29,0 days 00:01:35.025000,0 days 00:00:29.501000,0 days 00:00:39.291000,0 days 00:00:26.233000,Hard,9,3,,,1,True,0 days 01:19:34.172000,95.025,29.501,39.291,26.233,4774.172,4770.243,25.7,57.2,1000.8,False,43.6,14,1.9,False,True,False,EMIRATES FORMULA 1 70TH ANNIVERSARY GRAND PRIX 2020,Silverstone,Great Britain,,,Permanent,,,0.3104551433833202,0.41348066298342534,0.2760641936332544,3,False,70th Anniversary Grand Prix,70th_anniversary_grand_prix,2020,2020-08-09,94.9223043478261,23,Closing,3.1950000000000074,False,False,False,True
VER,Red Bull Racing,30,0 days 00:01:30.545000,0 days 00:00:28.659000,0 days 00:00:36.808000,0 days 00:00:25.078000,Medium,4,2,,,1,True,0 days 01:19:35.017000,90.545,28.659,36.808,25.078,4775.017,4770.243,25.7,57.2,1000.8,False,43.6,14,1.9,False,True,False,EMIRATES FORMULA 1 70TH ANNIVERSARY GRAND PRIX 2020,Silverstone,Great Britain,,,Permanent,,,0.31651664917996575,0.4065160969683583,0.276967253851676,3,False,70th Anniversary Grand Prix,70th_anniversary_grand_prix,2020,2020-08-09,94.09633333333333,6,Mid,1.0799999999999983,False,False,False,True
BOT,Mercedes,30,0 days 00:01:30.544000,0 days 00:00:28.745000,0 days 00:00:36.744000,0 days 00:00:25.055000,Hard,17,2,,,1,True,0 days 01:19:37.053000,90.544,28.745,36.744,25.055,4777.053,4770.243,25.7,57.2,1000.8,False,43.6,14,1.9,False,True,False,EMIRATES FORMULA 1 70TH ANNIVERSARY GRAND PRIX 2020,Silverstone,Great Britain,,,Permanent,,,0.31746995935677685,0.40581374801201625,0.27671629263120695,3,False,70th Anniversary Grand Prix,70th_anniversary_grand_prix,2020,2020-08-09,92.67247368421053,19,Mid,0.7789999999999964,False,False,False,True
HAM,Mercedes,30,0 days 00:01:31.217000,0 days 00:00:29.067000,0 days 00:00:37.003000,0 days 00:00:25.147000,Hard,16,2,,,1,True,0 days 01:19:42.297000,91.217,29.067,37.003,25.147,4782.297,4770.243,25.7,57.2,1000.8,False,43.6,14,1.9,False,True,False,EMIRATES FORMULA 1 70TH ANNIVERSARY GRAND PRIX 2020,Silverstone,Great Britain,,,Permanent,,,0.3186577063485973,0.4056590328557177,0.275683260795685,3,False,70th Anniversary Grand Prix,70th_anniversary_grand_prix,2020,2020-08-09,92.29803703703703,27,Mid,2.7660000000000053,False,False,False,True
HUL,Racing Point,30,0 days 00:01:30.474000,0 days 00:00:28.889000,0 days 00:00:36.902000,0 days 00:00:24.683000,Hard,15,2,0 days 01:19:45.157000,,1,False,0 days 01:19:50.985000,90.474,28.889,36.902,24.683,4790.985,4770.243,25.7,57.2,1000.8,False,43.6,14,1.9,False,True,False,EMIRATES FORMULA 1 70TH ANNIVERSARY GRAND PRIX 2020,Silverstone,Great Britain,,,Permanent,30.0,,0.31930720427968257,0.40787408537259323,0.2728187103477242,3,False,70th Anniversary Grand Prix,70th_anniversary_grand_prix,2020,2020-08-09,93.23213333333334,15,Mid,0.38700000000000045,False,False,False,True
STR,Racing Point,30,0 days 00:01:31.043000,0 days 00:00:28.952000,0 days 00:00:36.909000,0 days 00:00:25.182000,Hard,12,2,,,1,True,0 days 01:19:53.653000,91.043,28.952,36.909,25.182,4793.653,4770.243,25.7,57.2,1000.8,False,43.6,14,1.9,False,True,False,EMIRATES FORMULA 1 70TH ANNIVERSARY GRAND PRIX 2020,Silverstone,Great Britain,,,Permanent,,,0.3180035807255912,0.40540184308513555,0.2765945761892732,3,False,70th Anniversary Grand Prix,70th_anniversary_grand_prix,2020,2020-08-09,93.29523076923077,13,Mid,0.6640000000000015,False,False,False,True
LEC,Ferrari,30,0 days 00:01:30.731000,0 days 00:00:28.583000,0 days 00:00:37.050000,0 days 00:00:25.098000,Hard,12,2,,,1,True,0 days 01:19:57.587000,90.731,28.583,37.05,25.098,4797.587,4770.243,25.7,57.2,1000.8,False,43.6,14,1.9,False,True,False,EMIRATES FORMULA 1 70TH ANNIVERSARY GRAND PRIX 2020,Silverstone,Great Britain,,,Permanent,,,0.31503014405219826,0.4083499575668735,0.27661989838092826,3,False,70th Anniversary Grand Prix,70th_anniversary_grand_prix,2020,2020-08-09,92.02232352941176,34,Closing,0.17899999999998784,False,False,False,True
ALB,Red Bull Racing,30,0 days 00:01:30.440000,0 days 00:00:28.817000,0 days 00:00:36.741000,0 days 00:00:24.882000,Hard,24,2,0 days 01:20:02.127000,,1,False,0 days 01:20:07.958000,90.44,28.817,36.741,24.882,4807.958,4830.313,25.8,57.1,1000.8,False,43.6,38,2.0,False,True,False,EMIRATES FORMULA 1 70TH ANNIVERSARY GRAND PRIX 2020,Silverstone,Great Britain,,,Permanent,30.0,,0.3186311366651924,0.4062472357363998,0.2751216275984078,3,False,70th Anniversary Grand Prix,70th_anniversary_grand_prix,2020,2020-08-09,93.439375,24,Mid,0.9629999999999939,False,False,False,True
OCO,Renault,30,0 days 00:01:33.049000,0 days 00:00:29.330000,0 days 00:00:37.899000,0 days 00:00:25.820000,Hard,8,2,,,1,True,0 days 01:20:21.895000,93.049,29.33,37.899,25.82,4821.895,4830.313,25.8,57.1,1000.8,False,43.6,38,2.0,False,True,False,EMIRATES FORMULA 1 70TH ANNIVERSARY GRAND PRIX 2020,Silverstone,Great Britain,,,Permanent,,,0.3152102655590065,0.4073015293017657,0.27748820513922773,3,False,70th Anniversary Grand Prix,70th_anniversary_grand_prix,2020,2020-08-09,92.70673333333333,30,Closing,2.4740000000000038,False,False,False,True
KVY,AlphaTauri,30,0 days 00:01:32.858000,0 days 00:00:29.133000,0 days 00:00:37.916000,0 days 00:00:25.809000,Hard,11,2,,,1,True,0 days 01:20:22.406000,92.858,29.133,37.916,25.809,4822.406,4830.313,25.8,57.1,1000.8,False,43.6,38,2.0,False,True,False,EMIRATES FORMULA 1 70TH ANNIVERSARY GRAND PRIX 2020,Silverstone,Great Britain,,,Permanent,,,0.31373710396519416,0.4083223847164487,0.27794051131835706,3,False,70th Anniversary Grand Prix,70th_anniversary_grand_prix,2020,2020-08-09,93.37462500000001,16,Mid,2.1200000000000045,False,False,False,True
RIC,Renault,30,0 days 00:01:32.721000,0 days 00:00:28.977000,0 days 00:00:38.041000,0 days 00:00:25.703000,Hard,4,3,,,1,True,0 days 01:20:22.959000,92.721,28.977,38.041,25.703,4822.959,4830.313,25.8,57.1,1000.8,False,43.6,38,2.0,False,True,False,EMIRATES FORMULA 1 70TH ANNIVERSARY GRAND PRIX 2020,Silverstone,Great Britain,,,Permanent,,,0.31251819976057205,0.4102738322494364,0.2772079679899915,3,False,70th Anniversary Grand Prix,70th_anniversary_grand_prix,2020,2020-08-09,95.64944444444444,9,Mid,1.5529999999999973,False,False,False,True
SAI,McLaren,30,0 days 00:01:32.329000,0 days 00:00:28.954000,0 days 00:00:37.794000,0 days 00:00:25.581000,Medium,11,2,,,1,True,0 days 01:20:23.346000,92.329,28.954,37.794,25.581,4823.346,4830.313,25.8,57.1,1000.8,False,43.6,38,2.0,False,True,False,EMIRATES FORMULA 1 70TH ANNIVERSARY GRAND PRIX 2020,Silverstone,Great Britain,,,Permanent,,,0.313595944936044,0.4093405105654778,0.2770635444984783,3,False,70th Anniversary Grand Prix,70th_anniversary_grand_prix,2020,2020-08-09,94.64225,12,Mid,1.7729999999999961,False,False,False,True
VET,Ferrari,30,0 days 00:01:32.360000,0 days 00:00:28.812000,0 days 00:00:37.962000,0 days 00:00:25.586000,Hard,8,2,,,1,True,0 days 01:20:23.986000,92.36,28.812,37.962,25.586,4823.986,4830.313,25.8,57.1,1000.8,False,43.6,38,2.0,False,True,False,EMIRATES FORMULA 1 70TH ANNIVERSARY GRAND PRIX 2020,Silverstone,Great Britain,,,Permanent,,,0.31195322650498053,0.41102208748375924,0.2770246860112603,3,False,70th Anniversary Grand Prix,70th_anniversary_grand_prix,2020,2020-08-09,94.01518181818182,11,Mid,1.5750000000000028,False,False,False,True
NOR,McLaren,30,0 days 00:01:54.466000,0 days 00:00:50.332000,0 days 00:00:38.451000,0 days 00:00:25.683000,Hard,1,3,,0 days 01:19:01.289000,1,False,0 days 01:20:32.632000,114.466,50.332,38.451,25.683,4832.632,4830.313,25.8,57.1,1000.8,False,43.6,38,2.0,False,True,False,EMIRATES FORMULA 1 70TH ANNIVERSARY GRAND PRIX 2020,Silverstone,Great Britain,,,Permanent,,,0.439711355336956,0.3359163419705415,0.22437230269250258,3,False,70th Anniversary Grand Prix,70th_anniversary_grand_prix,2020,2020-08-09,92.46134782608695,23,Closing,23.768,False,False,False,True
GAS,AlphaTauri,30,0 days 00:01:32.498000,0 days 00:00:29.143000,0 days 00:00:38.307000,0 days 00:00:25.048000,Hard,7,3,,,1,True,0 days 01:20:40.790000,92.498,29.143,38.307,25.048,4840.79,4830.313,25.8,57.1,1000.8,False,43.6,38,2.0,False,True,False,EMIRATES FORMULA 1 70TH ANNIVERSARY GRAND PRIX 2020,Silverstone,Great Britain,,,Permanent,,,0.315066271703172,0.41413868407965576,0.2707950442171722,3,False,70th Anniversary Grand Prix,70th_anniversary_grand_prix,2020,2020-08-09,92.35106896551724,29,Closing,2.406000000000006,False,False,False,True
GIO,Alfa Romeo Racing,30,0 days 00:01:34.287000,0 days 00:00:29.540000,0 days 00:00:38.223000,0 days 00:00:26.524000,Hard,23,2,,,12,True,0 days 01:20:41.920000,94.287,29.54,38.223,26.524,4841.92,4830.313,25.8,57.1,1000.8,False,43.6,38,2.0,False,True,False,EMIRATES FORMULA 1 70TH ANNIVERSARY GRAND PRIX 2020,Silverstone,Great Britain,,,Permanent,,,0.3132987580472387,0.4053899265010022,0.28131131545175897,3,False,70th Anniversary Grand Prix,70th_anniversary_grand_prix,2020,2020-08-09,94.33988461538462,26,Mid,2.4610000000000127,False,False,False,True
GRO,Haas F1 Team,30,0 days 00:01:33.220000,0 days 00:00:29.512000,0 days 00:00:38.032000,0 days 00:00:25.676000,Hard,14,2,,,12,True,0 days 01:20:42.558000,93.22,29.512,38.032,25.676,4842.558,4830.313,25.8,57.1,1000.8,False,43.6,38,2.0,False,True,False,EMIRATES FORMULA 1 70TH ANNIVERSARY GRAND PRIX 2020,Silverstone,Great Britain,,,Permanent,,,0.3165844239433598,0.40798111993134517,0.275434456125295,3,False,70th Anniversary Grand Prix,70th_anniversary_grand_prix,2020,2020-08-09,94.24085714285714,21,Mid,2.4269999999999925,False,False,False,True
RAI,Alfa Romeo Racing,30,0 days 00:01:31.756000,0 days 00:00:29.101000,0 days 00:00:37.420000,0 days 00:00:25.235000,Medium,4,2,,,12,True,0 days 01:20:50.016000,91.756,29.101,37.42,25.235,4850.016,4830.313,25.8,57.1,1000.8,False,43.6,38,2.0,False,True,False,EMIRATES FORMULA 1 70TH ANNIVERSARY GRAND PRIX 2020,Silverstone,Great Britain,,,Permanent,,,0.31715637124547713,0.40782074196782775,0.2750228867866951,3,False,70th Anniversary Grand Prix,70th_anniversary_grand_prix,2020,2020-08-09,93.72435999999999,25,Closing,0.0,False,False,False,True
RUS,Williams,30,0 days 00:01:31.706000,0 days 00:00:28.971000,0 days 00:00:37.322000,0 days 00:00:25.413000,Hard,6,3,,,12,True,0 days 01:20:50.879000,91.706,28.971,37.322,25.413,4850.879,4830.313,25.8,57.1,1000.8,False,43.6,38,2.0,False,True,False,EMIRATES FORMULA 1 70TH ANNIVERSARY GRAND PRIX 2020,Silverstone,Great Britain,,,Permanent,,,0.31591171788105465,0.4069744618672715,0.2771138202516738,3,False,70th Anniversary Grand Prix,70th_anniversary_grand_prix,2020,2020-08-09,93.8468,15,Mid,0.2980000000000018,False,False,False,True
LAT,Williams,30,0 days 00:01:31.924000,0 days 00:00:29.142000,0 days 00:00:37.446000,0 days 00:00:25.336000,Hard,4,3,,,12,True,0 days 01:20:52.038000,91.924,29.142,37.446,25.336,4852.038,4830.313,25.8,57.1,1000.8,False,43.6,38,2.0,False,True,False,EMIRATES FORMULA 1 70TH ANNIVERSARY GRAND PRIX 2020,Silverstone,Great Britain,,,Permanent,,,0.31702275793046425,0.4073582524694312,0.2756189896001044,3,False,70th Anniversary Grand Prix,70th_anniversary_grand_prix,2020,2020-08-09,93.59700000000001,20,Mid,1.9740000000000038,False,False,False,True
VER,Red Bull Racing,31,0 days 00:01:30.361000,0 days 00:00:28.639000,0 days 00:00:36.865000,0 days 00:00:24.857000,Medium,5,2,,,12,True,0 days 01:21:05.378000,90.361,28.639,36.865,24.857,4865.378,4890.265,25.8,57.0,1000.7,False,43.6,23,2.2,False,True,False,EMIRATES FORMULA 1 70TH ANNIVERSARY GRAND PRIX 2020,Silverstone,Great Britain,,,Permanent,,,0.3169398302364958,0.4079746793417514,0.27508549042175273,3,False,70th Anniversary Grand Prix,70th_anniversary_grand_prix,2020,2020-08-09,94.09633333333333,6,Mid,0.8960000000000008,False,False,False,True
BOT,Mercedes,31,0 days 00:01:30.437000,0 days 00:00:28.708000,0 days 00:00:36.820000,0 days 00:00:24.909000,Hard,18,2,,,12,True,0 days 01:21:07.490000,90.437,28.708,36.82,24.909,4867.49,4890.265,25.8,57.0,1000.7,False,43.6,23,2.2,False,True,False,EMIRATES FORMULA 1 70TH ANNIVERSARY GRAND PRIX 2020,Silverstone,Great Britain,,,Permanent,,,0.3174364474717206,0.4071342481506463,0.275429304377633,3,False,70th Anniversary Grand Prix,70th_anniversary_grand_prix,2020,2020-08-09,92.67247368421053,19,Mid,0.671999999999997,False,False,False,True
MAG,Haas F1 Team,30,0 days 00:01:37.141000,0 days 00:00:31.566000,0 days 00:00:39.911000,0 days 00:00:25.664000,Hard,10,3,,,12,True,0 days 01:21:11.313000,97.141,31.566,39.911,25.664,4871.313,4890.265,25.8,57.0,1000.7,False,43.6,23,2.2,False,True,False,EMIRATES FORMULA 1 70TH ANNIVERSARY GRAND PRIX 2020,Silverstone,Great Britain,,,Permanent,,,0.3249503299327781,0.41085638401910624,0.26419328604811565,3,False,70th Anniversary Grand Prix,70th_anniversary_grand_prix,2020,2020-08-09,94.9223043478261,23,Closing,5.311000000000007,False,False,False,True
HAM,Mercedes,31,0 days 00:01:31.325000,0 days 00:00:29.099000,0 days 00:00:37.116000,0 days 00:00:25.110000,Hard,17,2,,,12,True,0 days 01:21:13.622000,91.325,29.099,37.116,25.11,4873.622,4890.265,25.8,57.0,1000.7,False,43.6,23,2.2,False,True,False,EMIRATES FORMULA 1 70TH ANNIVERSARY GRAND PRIX 2020,Silverstone,Great Britain,,,Permanent,,,0.3186312619764577,0.40641664385436627,0.274952094169176,3,False,70th Anniversary Grand Prix,70th_anniversary_grand_prix,2020,2020-08-09,92.29803703703703,27,Mid,2.8740000000000094,False,False,False,True
STR,Racing Point,31,0 days 00:01:30.379000,0 days 00:00:28.866000,0 days 00:00:36.866000,0 days 00:00:24.647000,Hard,13,2,0 days 01:21:18.158000,,12,False,0 days 01:21:24.032000,90.379,28.866,36.866,24.647,4884.032,4890.265,25.8,57.0,1000.7,False,43.6,23,2.2,False,True,False,EMIRATES FORMULA 1 70TH ANNIVERSARY GRAND PRIX 2020,Silverstone,Great Britain,,,Permanent,31.0,,0.3193883534891955,0.40790449108753135,0.27270715542327306,3,False,70th Anniversary Grand Prix,70th_anniversary_grand_prix,2020,2020-08-09,93.29523076923077,13,Mid,0.0,False,False,False,True
LEC,Ferrari,31,0 days 00:01:30.704000,0 days 00:00:28.584000,0 days 00:00:37.058000,0 days 00:00:25.062000,Hard,13,2,,,12,True,0 days 01:21:28.291000,90.704,28.584,37.058,25.062,4888.291,4890.265,25.8,57.0,1000.7,False,43.6,23,2.2,False,True,False,EMIRATES FORMULA 1 70TH ANNIVERSARY GRAND PRIX 2020,Silverstone,Great Britain,,,Permanent,,,0.31513494443464457,0.4085597107073558,0.2763053448579997,3,False,70th Anniversary Grand Prix,70th_anniversary_grand_prix,2020,2020-08-09,92.02232352941176,34,Closing,0.1519999999999868,False,False,False,True
HUL,Racing Point,31,0 days 00:01:50.153000,0 days 00:00:48.438000,0 days 00:00:36.764000,0 days 00:00:24.951000,Hard,1,3,,0 days 01:20:13.529000,12,False,0 days 01:21:41.138000,110.153,48.438,36.764,24.951,4901.138,4890.265,25.8,57.0,1000.7,False,43.6,23,2.2,False,True,False,EMIRATES FORMULA 1 70TH ANNIVERSARY GRAND PRIX 2020,Silverstone,Great Britain,,,Permanent,,,0.4397338247710003,0.3337539604005338,0.22651221482846584,3,False,70th Anniversary Grand Prix,70th_anniversary_grand_prix,2020,2020-08-09,92.61228571428572,14,Mid,20.066000000000003,False,False,False,True
KVY,AlphaTauri,31,0 days 00:01:31.837000,0 days 00:00:29.168000,0 days 00:00:37.295000,0 days 00:00:25.374000,Hard,12,2,,,12,True,0 days 01:21:54.243000,91.837,29.168,37.295,25.374,4914.243,4890.265,25.8,57.0,1000.7,False,43.6,23,2.2,False,True,False,EMIRATES FORMULA 1 70TH ANNIVERSARY GRAND PRIX 2020,Silverstone,Great Britain,,,Permanent,,,0.3176061935821074,0.4060999379335126,0.2762938684843799,3,False,70th Anniversary Grand Prix,70th_anniversary_grand_prix,2020,2020-08-09,93.37462500000001,16,Mid,1.0990000000000038,False,False,False,True
OCO,Renault,31,0 days 00:01:33.957000,0 days 00:00:30.167000,0 days 00:00:38.199000,0 days 00:00:25.591000,Hard,9,2,,,12,True,0 days 01:21:55.852000,93.957,30.167,38.199,25.591,4915.852,4890.265,25.8,57.0,1000.7,False,43.6,23,2.2,False,True,False,EMIRATES FORMULA 1 70TH ANNIVERSARY GRAND PRIX 2020,Silverstone,Great Britain,,,Permanent,,,0.3210724054620731,0.40655831923113767,0.2723692753067893,3,False,70th Anniversary Grand Prix,70th_anniversary_grand_prix,2020,2020-08-09,92.70673333333333,30,Closing,3.381999999999991,False,False,False,True
SAI,McLaren,31,0 days 00:01:33.227000,0 days 00:00:28.993000,0 days 00:00:38.492000,0 days 00:00:25.742000,Medium,12,2,,,12,True,0 days 01:21:56.573000,93.227,28.993,38.492,25.742,4916.573,4890.265,25.8,57.0,1000.7,False,43.6,23,2.2,False,True,False,EMIRATES FORMULA 1 70TH ANNIVERSARY GRAND PRIX 2020,Silverstone,Great Britain,,,Permanent,,,0.310993596275757,0.412884679331095,0.2761217243931479,3,False,70th Anniversary Grand Prix,70th_anniversary_grand_prix,2020,2020-08-09,94.64225,12,Mid,2.6710000000000065,False,False,False,True
VET,Ferrari,31,0 days 00:01:33.172000,0 days 00:00:29.137000,0 days 00:00:38.337000,0 days 00:00:25.698000,Hard,9,2,,,12,True,0 days 01:21:57.158000,93.172,29.137,38.337,25.698,4917.158,4890.265,25.8,57.0,1000.7,False,43.6,23,2.2,False,True,False,EMIRATES FORMULA 1 70TH ANNIVERSARY GRAND PRIX 2020,Silverstone,Great Britain,,,Permanent,,,0.31272270639247846,0.41146481775640753,0.27581247585111407,3,False,70th Anniversary Grand Prix,70th_anniversary_grand_prix,2020,2020-08-09,94.01518181818182,11,Mid,2.3870000000000005,False,False,False,True
ALB,Red Bull Racing,31,0 days 00:01:51.242000,0 days 00:00:48.675000,0 days 00:00:37.272000,0 days 00:00:25.295000,Hard,1,3,,0 days 01:20:30.221000,12,False,0 days 01:21:59.200000,111.242,48.675,37.272,25.295,4919.2,4890.265,25.8,57.0,1000.7,False,43.6,23,2.2,False,True,False,EMIRATES FORMULA 1 70TH ANNIVERSARY GRAND PRIX 2020,Silverstone,Great Britain,,,Permanent,,,0.43755955484439324,0.3350533072041135,0.22738713795149315,3,False,70th Anniversary Grand Prix,70th_anniversary_grand_prix,2020,2020-08-09,91.38277272727272,22,Closing,21.765,False,False,False,True
RIC,Renault,31,0 days 00:01:39.840000,0 days 00:00:36.581000,0 days 00:00:38.096000,0 days 00:00:25.163000,Hard,5,3,,,12,True,0 days 01:22:02.799000,99.84,36.581,38.096,25.163,4922.799,4950.337,25.5,57.8,1000.8,False,43.6,22,1.8,False,True,False,EMIRATES FORMULA 1 70TH ANNIVERSARY GRAND PRIX 2020,Silverstone,Great Britain,,,Permanent,,,0.366396233974359,0.3815705128205128,0.2520332532051282,3,False,70th Anniversary Grand Prix,70th_anniversary_grand_prix,2020,2020-08-09,95.64944444444444,9,Mid,8.671999999999997,False,False,False,True
NOR,McLaren,31,0 days 00:01:33.318000,0 days 00:00:29.614000,0 days 00:00:38.169000,0 days 00:00:25.535000,Hard,2,3,,,12,True,0 days 01:22:05.950000,93.318,29.614,38.169,25.535,4925.95,4950.337,25.5,57.8,1000.8,False,43.6,22,1.8,False,True,False,EMIRATES FORMULA 1 70TH ANNIVERSARY GRAND PRIX 2020,Silverstone,Great Britain,,,Permanent,,,0.3173449923916072,0.4090207676975503,0.2736342399108425,3,False,70th Anniversary Grand Prix,70th_anniversary_grand_prix,2020,2020-08-09,92.46134782608695,23,Closing,2.6200000000000045,False,False,False,True
GAS,AlphaTauri,31,0 days 00:01:32.548000,0 days 00:00:29.330000,0 days 00:00:37.867000,0 days 00:00:25.351000,Hard,8,3,,,12,True,0 days 01:22:13.338000,92.548,29.33,37.867,25.351,4933.338,4950.337,25.5,57.8,1000.8,False,43.6,22,1.8,False,True,False,EMIRATES FORMULA 1 70TH ANNIVERSARY GRAND PRIX 2020,Silverstone,Great Britain,,,Permanent,,,0.3169166270475861,0.40916065176989236,0.2739227211825215,3,False,70th Anniversary Grand Prix,70th_anniversary_grand_prix,2020,2020-08-09,92.35106896551724,29,Closing,2.456000000000003,False,False,False,True
GIO,Alfa Romeo Racing,31,0 days 00:01:34.042000,0 days 00:00:29.580000,0 days 00:00:38.563000,0 days 00:00:25.899000,Hard,24,2,,,21,True,0 days 01:22:15.962000,94.042,29.58,38.563,25.899,4935.962,4950.337,25.5,57.8,1000.8,False,43.6,22,1.8,False,True,False,EMIRATES FORMULA 1 70TH ANNIVERSARY GRAND PRIX 2020,Silverstone,Great Britain,,,Permanent,,,0.3145403117755896,0.41006146190000214,0.27539822632440825,3,False,70th Anniversary Grand Prix,70th_anniversary_grand_prix,2020,2020-08-09,94.33988461538462,26,Mid,2.216000000000008,False,False,False,True
GRO,Haas F1 Team,31,0 days 00:01:34.165000,0 days 00:00:29.540000,0 days 00:00:38.578000,0 days 00:00:26.047000,Hard,15,2,,,21,True,0 days 01:22:16.723000,94.165,29.54,38.578,26.047,4936.723,4950.337,25.5,57.8,1000.8,False,43.6,22,1.8,False,True,False,EMIRATES FORMULA 1 70TH ANNIVERSARY GRAND PRIX 2020,Silverstone,Great Britain,,,Permanent,,,0.3137046673392449,0.4096851271703924,0.27661020549036264,3,False,70th Anniversary Grand Prix,70th_anniversary_grand_prix,2020,2020-08-09,94.24085714285714,21,Mid,3.372,False,False,False,True
RAI,Alfa Romeo Racing,31,0 days 00:01:32.216000,0 days 00:00:29.064000,0 days 00:00:37.648000,0 days 00:00:25.504000,Medium,5,2,,,1,True,0 days 01:22:22.232000,92.216,29.064,37.648,25.504,4942.232,4950.337,25.5,57.8,1000.8,False,43.6,22,1.8,False,True,False,EMIRATES FORMULA 1 70TH ANNIVERSARY GRAND PRIX 2020,Silverstone,Great Britain,,,Permanent,,,0.31517307191810534,0.40825887047800824,0.2765680576038866,3,False,70th Anniversary Grand Prix,70th_anniversary_grand_prix,2020,2020-08-09,93.72435999999999,25,Closing,0.45999999999999375,False,False,False,True
RUS,Williams,31,0 days 00:01:32.375000,0 days 00:00:28.972000,0 days 00:00:37.955000,0 days 00:00:25.448000,Hard,7,3,,,1,True,0 days 01:22:23.254000,92.375,28.972,37.955,25.448,4943.254,4950.337,25.5,57.8,1000.8,False,43.6,22,1.8,False,True,False,EMIRATES FORMULA 1 70TH ANNIVERSARY GRAND PRIX 2020,Silverstone,Great Britain,,,Permanent,,,0.3136346414073072,0.41087956698240863,0.2754857916102842,3,False,70th Anniversary Grand Prix,70th_anniversary_grand_prix,2020,2020-08-09,93.8468,15,Mid,0.9669999999999987,False,False,False,True
LAT,Williams,31,0 days 00:01:31.986000,0 days 00:00:29.013000,0 days 00:00:37.545000,0 days 00:00:25.428000,Hard,5,3,,,1,True,0 days 01:22:24.024000,91.986,29.013,37.545,25.428,4944.024,4950.337,25.5,57.8,1000.8,False,43.6,22,1.8,False,True,False,EMIRATES FORMULA 1 70TH ANNIVERSARY GRAND PRIX 2020,Silverstone,Great Britain,,,Permanent,,,0.31540669232274476,0.4081599373817755,0.27643337029547976,3,False,70th Anniversary Grand Prix,70th_anniversary_grand_prix,2020,2020-08-09,93.59700000000001,20,Mid,2.0360000000000014,False,False,False,True
VER,Red Bull Racing,32,0 days 00:01:29.666000,0 days 00:00:28.480000,0 days 00:00:36.743000,0 days 00:00:24.443000,Medium,6,2,0 days 01:22:29.166000,,1,False,0 days 01:22:35.044000,89.666,28.48,36.743,24.443,4955.044,4950.337,25.5,57.8,1000.8,False,43.6,22,1.8,False,True,False,EMIRATES FORMULA 1 70TH ANNIVERSARY GRAND PRIX 2020,Silverstone,Great Britain,,,Permanent,32.0,,0.31762317935449336,0.40977628086454176,0.27260053978096493,3,False,70th Anniversary Grand Prix,70th_anniversary_grand_prix,2020,2020-08-09,94.09633333333333,6,Mid,0.2009999999999934,False,False,False,True
BOT,Mercedes,32,0 days 00:01:30.071000,0 days 00:00:28.706000,0 days 00:00:36.745000,0 days 00:00:24.620000,Hard,19,2,0 days 01:22:31.720000,,1,False,0 days 01:22:37.561000,90.071,28.706,36.745,24.62,4957.561,4950.337,25.5,57.8,1000.8,False,43.6,22,1.8,False,True,False,EMIRATES FORMULA 1 70TH ANNIVERSARY GRAND PRIX 2020,Silverstone,Great Britain,,,Permanent,32.0,,0.31870413340586873,0.4079559458649288,0.27333992072920255,3,False,70th Anniversary Grand Prix,70th_anniversary_grand_prix,2020,2020-08-09,92.67247368421053,19,Mid,0.3059999999999974,False,False,False,True
HAM,Mercedes,32,0 days 00:01:30.688000,0 days 00:00:28.841000,0 days 00:00:36.906000,0 days 00:00:24.941000,Hard,18,2,,,1,True,0 days 01:22:44.310000,90.688,28.841,36.906,24.941,4964.31,4950.337,25.5,57.8,1000.8,False,43.6,22,1.8,False,True,False,EMIRATES FORMULA 1 70TH ANNIVERSARY GRAND PRIX 2020,Silverstone,Great Britain,,,Permanent,,,0.31802443542695835,0.4069557163020466,0.275019848270995,3,False,70th Anniversary Grand Prix,70th_anniversary_grand_prix,2020,2020-08-09,92.29803703703703,27,Mid,2.237000000000009,False,False,False,True
MAG,Haas F1 Team,31,0 days 00:01:35.791000,0 days 00:00:29.375000,0 days 00:00:40.687000,0 days 00:00:25.729000,Hard,11,3,,,1,True,0 days 01:22:47.104000,95.791,29.375,40.687,25.729,4967.104,4950.337,25.5,57.8,1000.8,False,43.6,22,1.8,False,True,False,EMIRATES FORMULA 1 70TH ANNIVERSARY GRAND PRIX 2020,Silverstone,Great Britain,,,Permanent,,,0.3066572016160182,0.4247476276476913,0.26859517073629047,3,False,70th Anniversary Grand Prix,70th_anniversary_grand_prix,2020,2020-08-09,94.9223043478261,23,Closing,3.9609999999999985,False,False,False,True
LEC,Ferrari,32,0 days 00:01:30.629000,0 days 00:00:28.542000,0 days 00:00:37.034000,0 days 00:00:25.053000,Hard,14,2,,,1,True,0 days 01:22:58.920000,90.629,28.542,37.034,25.053,4978.92,4950.337,25.5,57.8,1000.8,False,43.6,22,1.8,False,True,False,EMIRATES FORMULA 1 70TH ANNIVERSARY GRAND PRIX 2020,Silverstone,Great Britain,,,Permanent,,,0.31493230643612974,0.40863299826766264,0.2764346952962076,3,False,70th Anniversary Grand Prix,70th_anniversary_grand_prix,2020,2020-08-09,92.02232352941176,34,Closing,0.07699999999999818,False,False,False,True
HUL,Racing Point,32,0 days 00:01:30.834000,0 days 00:00:28.918000,0 days 00:00:36.814000,0 days 00:00:25.102000,Hard,2,3,,,1,True,0 days 01:23:11.972000,90.834,28.918,36.814,25.102,4991.972,5010.272,25.6,58.2,1000.8,False,43.2,2,2.0,False,True,False,EMIRATES FORMULA 1 70TH ANNIVERSARY GRAND PRIX 2020,Silverstone,Great Britain,,,Permanent,,,0.31836096615804654,0.4052887685227998,0.27635026531915363,3,False,70th Anniversary Grand Prix,70th_anniversary_grand_prix,2020,2020-08-09,92.61228571428572,14,Mid,0.7469999999999999,False,False,False,True
STR,Racing Point,32,0 days 00:01:49.924000,0 days 00:00:48.025000,0 days 00:00:36.916000,0 days 00:00:24.983000,Hard,1,3,,0 days 01:21:46.135000,1,False,0 days 01:23:13.956000,109.924,48.025,36.916,24.983,4993.956,5010.272,25.6,58.2,1000.8,False,43.2,2,2.0,False,True,False,EMIRATES FORMULA 1 70TH ANNIVERSARY GRAND PRIX 2020,Silverstone,Great Britain,,,Permanent,,,0.43689276227211526,0.33583202940213236,0.22727520832575232,3,False,70th Anniversary Grand Prix,70th_anniversary_grand_prix,2020,2020-08-09,92.27328571428572,21,Closing,19.545,False,False,False,True
KVY,AlphaTauri,32,0 days 00:01:31.944000,0 days 00:00:29.291000,0 days 00:00:37.299000,0 days 00:00:25.354000,Hard,13,2,,,1,True,0 days 01:23:26.187000,91.944,29.291,37.299,25.354,5006.187,5010.272,25.6,58.2,1000.8,False,43.2,2,2.0,False,True,False,EMIRATES FORMULA 1 70TH ANNIVERSARY GRAND PRIX 2020,Silverstone,Great Britain,,,Permanent,,,0.31857434960410685,0.40567084312190027,0.2757548072739929,3,False,70th Anniversary Grand Prix,70th_anniversary_grand_prix,2020,2020-08-09,93.37462500000001,16,Mid,1.206000000000003,False,False,False,True
OCO,Renault,32,0 days 00:01:32.285000,0 days 00:00:29.172000,0 days 00:00:37.619000,0 days 00:00:25.494000,Hard,10,2,,,1,True,0 days 01:23:28.137000,92.285,29.172,37.619,25.494,5008.137,5010.272,25.6,58.2,1000.8,False,43.2,2,2.0,False,True,False,EMIRATES FORMULA 1 70TH ANNIVERSARY GRAND PRIX 2020,Silverstone,Great Britain,,,Permanent,,,0.3161077098119955,0.4076393780137617,0.27625291217424286,3,False,70th Anniversary Grand Prix,70th_anniversary_grand_prix,2020,2020-08-09,92.70673333333333,30,Closing,1.7099999999999937,False,False,False,True
SAI,McLaren,32,0 days 00:01:32.400000,0 days 00:00:28.965000,0 days 00:00:37.686000,0 days 00:00:25.749000,Medium,13,2,,,1,True,0 days 01:23:28.973000,92.4,28.965,37.686,25.749,5008.973,5010.272,25.6,58.2,1000.8,False,43.2,2,2.0,False,True,False,EMIRATES FORMULA 1 70TH ANNIVERSARY GRAND PRIX 2020,Silverstone,Great Britain,,,Permanent,,,0.31347402597402596,0.4078571428571428,0.2786688311688311,3,False,70th Anniversary Grand Prix,70th_anniversary_grand_prix,2020,2020-08-09,94.64225,12,Mid,1.8440000000000083,False,False,False,True
VET,Ferrari,32,0 days 00:01:32.528000,0 days 00:00:28.882000,0 days 00:00:37.994000,0 days 00:00:25.652000,Hard,10,2,,,1,True,0 days 01:23:29.686000,92.528,28.882,37.994,25.652,5009.686,5010.272,25.6,58.2,1000.8,False,43.2,2,2.0,False,True,False,EMIRATES FORMULA 1 70TH ANNIVERSARY GRAND PRIX 2020,Silverstone,Great Britain,,,Permanent,,,0.31214335120179837,0.41062164966280473,0.27723499913539684,3,False,70th Anniversary Grand Prix,70th_anniversary_grand_prix,2020,2020-08-09,94.01518181818182,11,Mid,1.7430000000000092,False,False,False,True
ALB,Red Bull Racing,32,0 days 00:01:31.045000,0 days 00:00:28.661000,0 days 00:00:36.987000,0 days 00:00:25.397000,Hard,2,3,,,1,True,0 days 01:23:30.245000,91.045,28.661,36.987,25.397,5010.245,5010.272,25.6,58.2,1000.8,False,43.2,2,2.0,False,True,False,EMIRATES FORMULA 1 70TH ANNIVERSARY GRAND PRIX 2020,Silverstone,Great Britain,,,Permanent,,,0.31480037344170464,0.4062496567631391,0.27894996979515624,3,False,70th Anniversary Grand Prix,70th_anniversary_grand_prix,2020,2020-08-09,91.38277272727272,22,Closing,1.5679999999999978,False,False,False,True
RIC,Renault,32,0 days 00:01:32.263000,0 days 00:00:29.117000,0 days 00:00:37.868000,0 days 00:00:25.278000,Hard,6,3,,,1,True,0 days 01:23:35.062000,92.263,29.117,37.868,25.278,5015.062,5010.272,25.6,58.2,1000.8,False,43.2,2,2.0,False,True,False,EMIRATES FORMULA 1 70TH ANNIVERSARY GRAND PRIX 2020,Silverstone,Great Britain,,,Permanent,,,0.3155869633547576,0.4104353857992912,0.2739776508459512,3,False,70th Anniversary Grand Prix,70th_anniversary_grand_prix,2020,2020-08-09,95.64944444444444,9,Mid,1.0949999999999989,False,False,False,True
NOR,McLaren,32,0 days 00:01:32.244000,0 days 00:00:29.189000,0 days 00:00:37.596000,0 days 00:00:25.459000,Hard,3,3,,,1,True,0 days 01:23:38.194000,92.244,29.189,37.596,25.459,5018.194,5010.272,25.6,58.2,1000.8,False,43.2,2,2.0,False,True,False,EMIRATES FORMULA 1 70TH ANNIVERSARY GRAND PRIX 2020,Silverstone,Great Britain,,,Permanent,,,0.31643250509518234,0.4075712241446598,0.2759962707601578,3,False,70th Anniversary Grand Prix,70th_anniversary_grand_prix,2020,2020-08-09,92.46134782608695,23,Closing,1.5460000000000065,False,False,False,True
GAS,AlphaTauri,32,0 days 00:01:32.239000,0 days 00:00:29.129000,0 days 00:00:37.768000,0 days 00:00:25.342000,Hard,9,3,,,1,True,0 days 01:23:45.577000,92.239,29.129,37.768,25.342,5025.577,5010.272,25.6,58.2,1000.8,False,43.2,2,2.0,False,True,False,EMIRATES FORMULA 1 70TH ANNIVERSARY GRAND PRIX 2020,Silverstone,Great Britain,,,Permanent,,,0.31579917388523293,0.4094580383568772,0.2747427877578898,3,False,70th Anniversary Grand Prix,70th_anniversary_grand_prix,2020,2020-08-09,92.35106896551724,29,Closing,2.1470000000000056,False,False,False,True
GIO,Alfa Romeo Racing,32,0 days 00:01:33.483000,0 days 00:00:29.269000,0 days 00:00:38.351000,0 days 00:00:25.863000,Hard,25,2,,,1,True,0 days 01:23:49.445000,93.483,29.269,38.351,25.863,5029.445,5010.272,25.6,58.2,1000.8,False,43.2,2,2.0,False,True,False,EMIRATES FORMULA 1 70TH ANNIVERSARY GRAND PRIX 2020,Silverstone,Great Britain,,,Permanent,,,0.3130943594022442,0.41024571312431135,0.27665992747344437,3,False,70th Anniversary Grand Prix,70th_anniversary_grand_prix,2020,2020-08-09,94.33988461538462,26,Mid,1.6570000000000107,False,False,False,True
GRO,Haas F1 Team,32,0 days 00:01:33.399000,0 days 00:00:29.181000,0 days 00:00:38.270000,0 days 00:00:25.948000,Hard,16,2,,,1,True,0 days 01:23:50.122000,93.399,29.181,38.27,25.948,5030.122,5010.272,25.6,58.2,1000.8,False,43.2,2,2.0,False,True,False,EMIRATES FORMULA 1 70TH ANNIVERSARY GRAND PRIX 2020,Silverstone,Great Britain,,,Permanent,,,0.31243375196736584,0.4097474277026521,0.2778188203299821,3,False,70th Anniversary Grand Prix,70th_anniversary_grand_prix,2020,2020-08-09,94.24085714285714,21,Mid,2.6059999999999945,False,False,False,True
RAI,Alfa Romeo Racing,32,0 days 00:01:32.369000,0 days 00:00:29.374000,0 days 00:00:37.468000,0 days 00:00:25.527000,Medium,6,2,,,1,True,0 days 01:23:54.601000,92.369,29.374,37.468,25.527,5034.601,5010.272,25.6,58.2,1000.8,False,43.2,2,2.0,False,True,False,EMIRATES FORMULA 1 70TH ANNIVERSARY GRAND PRIX 2020,Silverstone,Great Britain,,,Permanent,,,0.3180071236020743,0.405633924801611,0.2763589515963148,3,False,70th Anniversary Grand Prix,70th_anniversary_grand_prix,2020,2020-08-09,93.72435999999999,25,Closing,0.6129999999999995,False,False,False,True
RUS,Williams,32,0 days 00:01:32.386000,0 days 00:00:29.008000,0 days 00:00:38.095000,0 days 00:00:25.283000,Hard,8,3,,,1,True,0 days 01:23:55.640000,92.386,29.008,38.095,25.283,5035.64,5010.272,25.6,58.2,1000.8,False,43.2,2,2.0,False,True,False,EMIRATES FORMULA 1 70TH ANNIVERSARY GRAND PRIX 2020,Silverstone,Great Britain,,,Permanent,,,0.31398696772238216,0.4123460264542247,0.2736670058233932,3,False,70th Anniversary Grand Prix,70th_anniversary_grand_prix,2020,2020-08-09,93.8468,15,Mid,0.9779999999999944,False,False,False,True
LAT,Williams,32,0 days 00:01:32.354000,0 days 00:00:28.955000,0 days 00:00:38.025000,0 days 00:00:25.374000,Hard,6,3,,,1,True,0 days 01:23:56.378000,92.354,28.955,38.025,25.374,5036.378,5010.272,25.6,58.2,1000.8,False,43.2,2,2.0,False,True,False,EMIRATES FORMULA 1 70TH ANNIVERSARY GRAND PRIX 2020,Silverstone,Great Britain,,,Permanent,,,0.31352188318860036,0.411730948307599,0.2747471685038006,3,False,70th Anniversary Grand Prix,70th_anniversary_grand_prix,2020,2020-08-09,93.59700000000001,20,Mid,2.4039999999999964,False,False,False,True
HAM,Mercedes,33,0 days 00:01:30.705000,0 days 00:00:28.776000,0 days 00:00:36.971000,0 days 00:00:24.958000,Hard,19,2,,,1,True,0 days 01:24:15.015000,90.705,28.776,36.971,24.958,5055.015,5070.281,25.6,57.7,1000.8,False,43.2,14,1.8,False,True,False,EMIRATES FORMULA 1 70TH ANNIVERSARY GRAND PRIX 2020,Silverstone,Great Britain,,,Permanent,,,0.31724822225897137,0.4075960531392977,0.2751557246017309,3,False,70th Anniversary Grand Prix,70th_anniversary_grand_prix,2020,2020-08-09,92.29803703703703,27,Mid,2.254000000000005,False,False,False,True
MAG,Haas F1 Team,32,0 days 00:01:33.326000,0 days 00:00:29.417000,0 days 00:00:38.239000,0 days 00:00:25.670000,Hard,12,3,,,1,True,0 days 01:24:20.430000,93.326,29.417,38.239,25.67,5060.43,5070.281,25.6,57.7,1000.8,False,43.2,14,1.8,False,True,False,EMIRATES FORMULA 1 70TH ANNIVERSARY GRAND PRIX 2020,Silverstone,Great Britain,,,Permanent,,,0.3152069091142876,0.4097357649529606,0.2750573259327519,3,False,70th Anniversary Grand Prix,70th_anniversary_grand_prix,2020,2020-08-09,94.9223043478261,23,Closing,1.4959999999999951,False,False,False,True
VER,Red Bull Racing,33,0 days 00:01:51.315000,0 days 00:00:49.520000,0 days 00:00:36.652000,0 days 00:00:25.143000,Hard,1,3,,0 days 01:22:58.174000,1,False,0 days 01:24:26.359000,111.315,49.52,36.652,25.143,5066.359,5070.281,25.6,57.7,1000.8,False,43.2,14,1.8,False,True,False,EMIRATES FORMULA 1 70TH ANNIVERSARY GRAND PRIX 2020,Silverstone,Great Britain,,,Permanent,,,0.4448636751560886,0.3292638009253021,0.22587252391860937,3,False,70th Anniversary Grand Prix,70th_anniversary_grand_prix,2020,2020-08-09,91.20945,20,Closing,21.849999999999994,False,False,False,True
BOT,Mercedes,33,0 days 00:01:50.959000,0 days 00:00:48.130000,0 days 00:00:37.697000,0 days 00:00:25.132000,Hard,1,3,,0 days 01:22:59.850000,1,False,0 days 01:24:28.520000,110.959,48.13,37.697,25.132,5068.52,5070.281,25.6,57.7,1000.8,False,43.2,14,1.8,False,True,False,EMIRATES FORMULA 1 70TH ANNIVERSARY GRAND PRIX 2020,Silverstone,Great Britain,,,Permanent,,,0.43376382267323965,0.3397381014609,0.22649807586586038,3,False,70th Anniversary Grand Prix,70th_anniversary_grand_prix,2020,2020-08-09,92.04515,20,Closing,21.194000000000003,False,False,False,True
LEC,Ferrari,33,0 days 00:01:31.415000,0 days 00:00:28.742000,0 days 00:00:37.392000,0 days 00:00:25.281000,Hard,15,2,,,1,True,0 days 01:24:30.335000,91.415,28.742,37.392,25.281,5070.335,5070.281,25.6,57.7,1000.8,False,43.2,14,1.8,False,True,False,EMIRATES FORMULA 1 70TH ANNIVERSARY GRAND PRIX 2020,Silverstone,Great Britain,,,Permanent,,,0.3144122955751244,0.40903571623912927,0.2765519881857463,3,False,70th Anniversary Grand Prix,70th_anniversary_grand_prix,2020,2020-08-09,92.02232352941176,34,Closing,0.8629999999999995,False,False,False,True
HUL,Racing Point,33,0 days 00:01:31.037000,0 days 00:00:28.924000,0 days 00:00:36.971000,0 days 00:00:25.142000,Hard,3,3,,,1,True,0 days 01:24:43.009000,91.037,28.924,36.971,25.142,5083.009,5070.281,25.6,57.7,1000.8,False,43.2,14,1.8,False,True,False,EMIRATES FORMULA 1 70TH ANNIVERSARY GRAND PRIX 2020,Silverstone,Great Britain,,,Permanent,,,0.3177169722200863,0.40610960378747096,0.2761734239924426,3,False,70th Anniversary Grand Prix,70th_anniversary_grand_prix,2020,2020-08-09,92.61228571428572,14,Mid,0.9500000000000028,False,False,False,True
STR,Racing Point,33,0 days 00:01:31.249000,0 days 00:00:28.908000,0 days 00:00:37.183000,0 days 00:00:25.158000,Hard,2,3,,,1,True,0 days 01:24:45.205000,91.249,28.908,37.183,25.158,5085.205,5070.281,25.6,57.7,1000.8,False,43.2,14,1.8,False,True,False,EMIRATES FORMULA 1 70TH ANNIVERSARY GRAND PRIX 2020,Silverstone,Great Britain,,,Permanent,,,0.31680347181886925,0.40748939714407834,0.27570713103705247,3,False,70th Anniversary Grand Prix,70th_anniversary_grand_prix,2020,2020-08-09,92.27328571428572,21,Closing,0.8699999999999903,False,False,False,True
KVY,AlphaTauri,33,0 days 00:01:31.727000,0 days 00:00:29.088000,0 days 00:00:37.264000,0 days 00:00:25.375000,Hard,14,2,,,1,True,0 days 01:24:57.914000,91.727,29.088,37.264,25.375,5097.914,5070.281,25.6,57.7,1000.8,False,43.2,14,1.8,False,True,False,EMIRATES FORMULA 1 70TH ANNIVERSARY GRAND PRIX 2020,Silverstone,Great Britain,,,Permanent,,,0.31711491709093287,0.406248977945425,0.2766361049636421,3,False,70th Anniversary Grand Prix,70th_anniversary_grand_prix,2020,2020-08-09,93.37462500000001,16,Mid,0.9890000000000043,False,False,False,True
OCO,Renault,33,0 days 00:01:32.265000,0 days 00:00:29.201000,0 days 00:00:37.544000,0 days 00:00:25.520000,Hard,11,2,,,1,True,0 days 01:25:00.402000,92.265,29.201,37.544,25.52,5100.402,5130.253,25.7,57.6,1000.7,False,43.5,312,1.8,False,True,False,EMIRATES FORMULA 1 70TH ANNIVERSARY GRAND PRIX 2020,Silverstone,Great Britain,,,Permanent,,,0.31649054354305534,0.40691486479163275,0.27659459166531186,3,False,70th Anniversary Grand Prix,70th_anniversary_grand_prix,2020,2020-08-09,92.70673333333333,30,Closing,1.6899999999999977,False,False,False,True
SAI,McLaren,33,0 days 00:01:32.204000,0 days 00:00:28.886000,0 days 00:00:37.732000,0 days 00:00:25.586000,Medium,14,2,,,1,True,0 days 01:25:01.177000,92.204,28.886,37.732,25.586,5101.177,5130.253,25.7,57.6,1000.7,False,43.5,312,1.8,False,True,False,EMIRATES FORMULA 1 70TH ANNIVERSARY GRAND PRIX 2020,Silverstone,Great Britain,,,Permanent,,,0.31328358856448746,0.4092230272005553,0.2774933842349573,3,False,70th Anniversary Grand Prix,70th_anniversary_grand_prix,2020,2020-08-09,94.64225,12,Mid,1.6479999999999961,False,False,False,True
VET,Ferrari,33,0 days 00:01:31.585000,0 days 00:00:28.748000,0 days 00:00:37.891000,0 days 00:00:24.946000,Hard,11,2,0 days 01:24:55.414000,,1,False,0 days 01:25:01.271000,91.585,28.748,37.891,24.946,5101.271,5130.253,25.7,57.6,1000.7,False,43.5,312,1.8,False,True,False,EMIRATES FORMULA 1 70TH ANNIVERSARY GRAND PRIX 2020,Silverstone,Great Britain,,,Permanent,33.0,,0.31389419664792273,0.4137249549598733,0.272380848392204,3,False,70th Anniversary Grand Prix,70th_anniversary_grand_prix,2020,2020-08-09,94.01518181818182,11,Mid,0.7999999999999972,False,False,False,True
ALB,Red Bull Racing,33,0 days 00:01:31.852000,0 days 00:00:28.553000,0 days 00:00:37.939000,0 days 00:00:25.360000,Hard,3,3,,,1,True,0 days 01:25:02.097000,91.852,28.553,37.939,25.36,5102.097,5130.253,25.7,57.6,1000.7,False,43.5,312,1.8,False,True,False,EMIRATES FORMULA 1 70TH ANNIVERSARY GRAND PRIX 2020,Silverstone,Great Britain,,,Permanent,,,0.31085877280843094,0.4130448983146801,0.2760963288768889,3,False,70th Anniversary Grand Prix,70th_anniversary_grand_prix,2020,2020-08-09,91.38277272727272,22,Closing,2.375,False,False,False,True
RIC,Renault,33,0 days 00:01:32.928000,0 days 00:00:29.144000,0 days 00:00:38.286000,0 days 00:00:25.498000,Hard,7,3,,,1,True,0 days 01:25:07.990000,92.928,29.144,38.286,25.498,5107.99,5130.253,25.7,57.6,1000.7,False,43.5,312,1.8,False,True,False,EMIRATES FORMULA 1 70TH ANNIVERSARY GRAND PRIX 2020,Silverstone,Great Britain,,,Permanent,,,0.3136191460055096,0.41199638429752067,0.2743844696969697,3,False,70th Anniversary Grand Prix,70th_anniversary_grand_prix,2020,2020-08-09,95.64944444444444,9,Mid,1.759999999999991,False,False,False,True
NOR,McLaren,33,0 days 00:01:32.072000,0 days 00:00:28.992000,0 days 00:00:37.683000,0 days 00:00:25.397000,Hard,4,3,,,1,True,0 days 01:25:10.266000,92.072,28.992,37.683,25.397,5110.266,5130.253,25.7,57.6,1000.7,False,43.5,312,1.8,False,True,False,EMIRATES FORMULA 1 70TH ANNIVERSARY GRAND PRIX 2020,Silverstone,Great Britain,,,Permanent,,,0.31488400382309495,0.4092775219393518,0.2758384742375532,3,False,70th Anniversary Grand Prix,70th_anniversary_grand_prix,2020,2020-08-09,92.46134782608695,23,Closing,1.3740000000000094,False,False,False,True
GAS,AlphaTauri,33,0 days 00:01:31.999000,0 days 00:00:28.997000,0 days 00:00:37.682000,0 days 00:00:25.320000,Hard,10,3,,,1,True,0 days 01:25:17.576000,91.999,28.997,37.682,25.32,5117.576,5130.253,25.7,57.6,1000.7,False,43.5,312,1.8,False,True,False,EMIRATES FORMULA 1 70TH ANNIVERSARY GRAND PRIX 2020,Silverstone,Great Britain,,,Permanent,,,0.3151882085674844,0.40959140860226745,0.2752203828302482,3,False,70th Anniversary Grand Prix,70th_anniversary_grand_prix,2020,2020-08-09,92.35106896551724,29,Closing,1.9069999999999965,False,False,False,True
GIO,Alfa Romeo Racing,33,0 days 00:01:33.517000,0 days 00:00:29.438000,0 days 00:00:38.339000,0 days 00:00:25.740000,Hard,26,2,0 days 01:25:17.147000,,1,False,0 days 01:25:22.962000,93.517,29.438,38.339,25.74,5122.962,5130.253,25.7,57.6,1000.7,False,43.5,312,1.8,False,True,False,EMIRATES FORMULA 1 70TH ANNIVERSARY GRAND PRIX 2020,Silverstone,Great Britain,,,Permanent,33.0,,0.31478768566143056,0.40996824106846885,0.27524407327010064,3,False,70th Anniversary Grand Prix,70th_anniversary_grand_prix,2020,2020-08-09,94.33988461538462,26,Mid,1.6910000000000025,False,False,False,True
GRO,Haas F1 Team,33,0 days 00:01:33.387000,0 days 00:00:29.276000,0 days 00:00:38.286000,0 days 00:00:25.825000,Hard,17,2,,,1,True,0 days 01:25:23.509000,93.387,29.276,38.286,25.825,5123.509,5130.253,25.7,57.6,1000.7,False,43.5,312,1.8,False,True,False,EMIRATES FORMULA 1 70TH ANNIVERSARY GRAND PRIX 2020,Silverstone,Great Britain,,,Permanent,,,0.31349117114801844,0.4099714092967972,0.27653741955518435,3,False,70th Anniversary Grand Prix,70th_anniversary_grand_prix,2020,2020-08-09,94.24085714285714,21,Mid,2.593999999999994,False,False,False,True
RAI,Alfa Romeo Racing,33,0 days 00:01:32.588000,0 days 00:00:29.442000,0 days 00:00:37.508000,0 days 00:00:25.638000,Medium,7,2,,,1,True,0 days 01:25:27.189000,92.588,29.442,37.508,25.638,5127.189,5130.253,25.7,57.6,1000.7,False,43.5,312,1.8,False,True,False,EMIRATES FORMULA 1 70TH ANNIVERSARY GRAND PRIX 2020,Silverstone,Great Britain,,,Permanent,,,0.3179893722728648,0.4051064932820668,0.2769041344450685,3,False,70th Anniversary Grand Prix,70th_anniversary_grand_prix,2020,2020-08-09,93.72435999999999,25,Closing,0.8319999999999936,False,False,False,True
RUS,Williams,33,0 days 00:01:32.568000,0 days 00:00:29.328000,0 days 00:00:37.697000,0 days 00:00:25.543000,Hard,9,3,,,1,True,0 days 01:25:28.208000,92.568,29.328,37.697,25.543,5128.208,5130.253,25.7,57.6,1000.7,False,43.5,312,1.8,False,True,False,EMIRATES FORMULA 1 70TH ANNIVERSARY GRAND PRIX 2020,Silverstone,Great Britain,,,Permanent,,,0.3168265491314493,0.407235761818339,0.2759376890502117,3,False,70th Anniversary Grand Prix,70th_anniversary_grand_prix,2020,2020-08-09,93.8468,15,Mid,1.1599999999999966,False,False,False,True
LAT,Williams,33,0 days 00:01:32.792000,0 days 00:00:29.161000,0 days 00:00:38.005000,0 days 00:00:25.626000,Hard,7,3,,,1,True,0 days 01:25:29.170000,92.792,29.161,38.005,25.626,5129.17,5130.253,25.7,57.6,1000.7,False,43.5,312,1.8,False,True,False,EMIRATES FORMULA 1 70TH ANNIVERSARY GRAND PRIX 2020,Silverstone,Great Britain,,,Permanent,,,0.3142620053452884,0.40957194585740153,0.2761660487973101,3,False,70th Anniversary Grand Prix,70th_anniversary_grand_prix,2020,2020-08-09,93.59700000000001,20,Mid,2.8419999999999987,False,False,False,True
HAM,Mercedes,34,0 days 00:01:30.701000,0 days 00:00:28.866000,0 days 00:00:36.870000,0 days 00:00:24.965000,Hard,20,2,,,1,True,0 days 01:25:45.716000,90.701,28.866,36.87,24.965,5145.716,5130.253,25.7,57.6,1000.7,False,43.5,312,1.8,False,True,False,EMIRATES FORMULA 1 70TH ANNIVERSARY GRAND PRIX 2020,Silverstone,Great Britain,,,Permanent,,,0.318254484515055,0.4065004795977994,0.2752450358871457,3,False,70th Anniversary Grand Prix,70th_anniversary_grand_prix,2020,2020-08-09,92.29803703703703,27,Mid,2.25,False,False,False,True
MAG,Haas F1 Team,33,0 days 00:01:33.404000,0 days 00:00:29.342000,0 days 00:00:38.245000,0 days 00:00:25.817000,Hard,13,3,,,1,True,0 days 01:25:53.834000,93.404,29.342,38.245,25.817,5153.834,5130.253,25.7,57.6,1000.7,False,43.5,312,1.8,False,True,False,EMIRATES FORMULA 1 70TH ANNIVERSARY GRAND PRIX 2020,Silverstone,Great Britain,,,Permanent,,,0.3141407220247527,0.4094578390647081,0.2764014389105392,3,False,70th Anniversary Grand Prix,70th_anniversary_grand_prix,2020,2020-08-09,94.9223043478261,23,Closing,1.573999999999998,False,False,False,True
VER,Red Bull Racing,34,0 days 00:01:30.892000,0 days 00:00:28.702000,0 days 00:00:37.032000,0 days 00:00:25.158000,Hard,2,3,,,1,True,0 days 01:25:57.251000,90.892,28.702,37.032,25.158,5157.251,5130.253,25.7,57.6,1000.7,False,43.5,312,1.8,False,True,False,EMIRATES FORMULA 1 70TH ANNIVERSARY GRAND PRIX 2020,Silverstone,Great Britain,,,Permanent,,,0.31578136689697667,0.4074285965761563,0.27679003652686707,3,False,70th Anniversary Grand Prix,70th_anniversary_grand_prix,2020,2020-08-09,91.20945,20,Closing,1.4269999999999925,False,False,False,True
BOT,Mercedes,34,0 days 00:01:30.998000,0 days 00:00:28.772000,0 days 00:00:37.223000,0 days 00:00:25.003000,Hard,2,3,,,1,True,0 days 01:25:59.518000,90.998,28.772,37.223,25.003,5159.518,5130.253,25.7,57.6,1000.7,False,43.5,312,1.8,False,True,False,EMIRATES FORMULA 1 70TH ANNIVERSARY GRAND PRIX 2020,Silverstone,Great Britain,,,Permanent,,,0.31618277324776367,0.40905294621859817,0.2747642805336381,3,False,70th Anniversary Grand Prix,70th_anniversary_grand_prix,2020,2020-08-09,92.04515,20,Closing,1.233000000000004,False,False,False,True
LEC,Ferrari,34,0 days 00:01:31.201000,0 days 00:00:28.716000,0 days 00:00:37.225000,0 days 00:00:25.260000,Hard,16,2,,,1,True,0 days 01:26:01.536000,91.201,28.716,37.225,25.26,5161.536,5190.281,26.0,56.8,1000.7,False,43.7,11,1.5,False,True,False,EMIRATES FORMULA 1 70TH ANNIVERSARY GRAND PRIX 2020,Silverstone,Great Britain,,,Permanent,,,0.3148649685858708,0.40816438416245443,0.2769706472516749,3,False,70th Anniversary Grand Prix,70th_anniversary_grand_prix,2020,2020-08-09,92.02232352941176,34,Closing,0.6489999999999867,False,False,False,True
HUL,Racing Point,34,0 days 00:01:31.155000,0 days 00:00:28.860000,0 days 00:00:36.967000,0 days 00:00:25.328000,Hard,4,3,,,1,True,0 days 01:26:14.164000,91.155,28.86,36.967,25.328,5174.164,5190.281,26.0,56.8,1000.7,False,43.7,11,1.5,False,True,False,EMIRATES FORMULA 1 70TH ANNIVERSARY GRAND PRIX 2020,Silverstone,Great Britain,,,Permanent,,,0.31660358729636334,0.40554001426142283,0.2778563984422138,3,False,70th Anniversary Grand Prix,70th_anniversary_grand_prix,2020,2020-08-09,92.61228571428572,14,Mid,1.0679999999999978,False,False,False,True
STR,Racing Point,34,0 days 00:01:30.881000,0 days 00:00:28.966000,0 days 00:00:36.779000,0 days 00:00:25.136000,Hard,3,3,,,1,True,0 days 01:26:16.086000,90.881,28.966,36.779,25.136,5176.086,5190.281,26.0,56.8,1000.7,False,43.7,11,1.5,False,True,False,EMIRATES FORMULA 1 70TH ANNIVERSARY GRAND PRIX 2020,Silverstone,Great Britain,,,Permanent,,,0.31872448586613267,0.4046940504615927,0.2765814636722747,3,False,70th Anniversary Grand Prix,70th_anniversary_grand_prix,2020,2020-08-09,92.27328571428572,21,Closing,0.5019999999999953,False,False,False,True
KVY,AlphaTauri,34,0 days 00:01:31.575000,0 days 00:00:29.137000,0 days 00:00:37.163000,0 days 00:00:25.275000,Hard,15,2,,,1,True,0 days 01:26:29.489000,91.575,29.137,37.163,25.275,5189.489,5190.281,26.0,56.8,1000.7,False,43.7,11,1.5,False,True,False,EMIRATES FORMULA 1 70TH ANNIVERSARY GRAND PRIX 2020,Silverstone,Great Britain,,,Permanent,,,0.3181763581763582,0.4058203658203658,0.27600327600327595,3,False,70th Anniversary Grand Prix,70th_anniversary_grand_prix,2020,2020-08-09,93.37462500000001,16,Mid,0.8370000000000033,False,False,False,True
OCO,Renault,34,0 days 00:01:32.313000,0 days 00:00:29.187000,0 days 00:00:37.619000,0 days 00:00:25.507000,Hard,12,2,,,1,True,0 days 01:26:32.715000,92.313,29.187,37.619,25.507,5192.715,5190.281,26.0,56.8,1000.7,False,43.7,11,1.5,False,True,False,EMIRATES FORMULA 1 70TH ANNIVERSARY GRAND PRIX 2020,Silverstone,Great Britain,,,Permanent,,,0.31617431997660134,0.40751573451193224,0.2763099455114664,3,False,70th Anniversary Grand Prix,70th_anniversary_grand_prix,2020,2020-08-09,92.70673333333333,30,Closing,1.7379999999999995,False,False,False,True
SAI,McLaren,34,0 days 00:01:31.686000,0 days 00:00:28.894000,0 days 00:00:37.836000,0 days 00:00:24.956000,Medium,15,2,0 days 01:26:27.047000,,1,False,0 days 01:26:32.863000,91.686,28.894,37.836,24.956,5192.863,5190.281,26.0,56.8,1000.7,False,43.7,11,1.5,False,True,False,EMIRATES FORMULA 1 70TH ANNIVERSARY GRAND PRIX 2020,Silverstone,Great Britain,,,Permanent,34.0,,0.31514080666623034,0.41266932792356514,0.27218986541020435,3,False,70th Anniversary Grand Prix,70th_anniversary_grand_prix,2020,2020-08-09,94.64225,12,Mid,1.1300000000000097,False,False,False,True
ALB,Red Bull Racing,34,0 days 00:01:31.993000,0 days 00:00:28.861000,0 days 00:00:37.699000,0 days 00:00:25.433000,Hard,4,3,,,1,True,0 days 01:26:34.090000,91.993,28.861,37.699,25.433,5194.09,5190.281,26.0,56.8,1000.7,False,43.7,11,1.5,False,True,False,EMIRATES FORMULA 1 70TH ANNIVERSARY GRAND PRIX 2020,Silverstone,Great Britain,,,Permanent,,,0.31373039252986645,0.40980291978737515,0.2764666876827585,3,False,70th Anniversary Grand Prix,70th_anniversary_grand_prix,2020,2020-08-09,91.38277272727272,22,Closing,2.515999999999991,False,False,False,True
RIC,Renault,34,0 days 00:01:32.988000,0 days 00:00:29.323000,0 days 00:00:38.262000,0 days 00:00:25.403000,Hard,8,3,,,1,True,0 days 01:26:40.978000,92.988,29.323,38.262,25.403,5200.978,5190.281,26.0,56.8,1000.7,False,43.7,11,1.5,False,True,False,EMIRATES FORMULA 1 70TH ANNIVERSARY GRAND PRIX 2020,Silverstone,Great Britain,,,Permanent,,,0.3153417645287564,0.4114724480578139,0.2731857874134297,3,False,70th Anniversary Grand Prix,70th_anniversary_grand_prix,2020,2020-08-09,95.64944444444444,9,Mid,1.8199999999999932,False,False,False,True
NOR,McLaren,34,0 days 00:01:32.021000,0 days 00:00:29.025000,0 days 00:00:37.567000,0 days 00:00:25.429000,Hard,5,3,,,1,True,0 days 01:26:42.287000,92.021,29.025,37.567,25.429,5202.287,5190.281,26.0,56.8,1000.7,False,43.7,11,1.5,False,True,False,EMIRATES FORMULA 1 70TH ANNIVERSARY GRAND PRIX 2020,Silverstone,Great Britain,,,Permanent,,,0.31541713304571783,0.4082437704437031,0.2763390965105791,3,False,70th Anniversary Grand Prix,70th_anniversary_grand_prix,2020,2020-08-09,92.46134782608695,23,Closing,1.3230000000000075,False,False,False,True
GAS,AlphaTauri,34,0 days 00:01:32.064000,0 days 00:00:29.165000,0 days 00:00:37.611000,0 days 00:00:25.288000,Hard,11,3,,,1,True,0 days 01:26:49.640000,92.064,29.165,37.611,25.288,5209.64,5190.281,26.0,56.8,1000.7,False,43.7,11,1.5,False,True,False,EMIRATES FORMULA 1 70TH ANNIVERSARY GRAND PRIX 2020,Silverstone,Great Britain,,,Permanent,,,0.3167904935696907,0.4085310218978102,0.27467848453249916,3,False,70th Anniversary Grand Prix,70th_anniversary_grand_prix,2020,2020-08-09,92.35106896551724,29,Closing,1.9719999999999942,False,False,False,True
VET,Ferrari,34,0 days 00:01:50.675000,0 days 00:00:48.518000,0 days 00:00:37.135000,0 days 00:00:25.022000,Medium,4,3,,0 days 01:25:23.822000,1,False,0 days 01:26:51.946000,110.675,48.518,37.135,25.022,5211.946,5190.281,26.0,56.8,1000.7,False,43.7,11,1.5,False,True,False,EMIRATES FORMULA 1 70TH ANNIVERSARY GRAND PRIX 2020,Silverstone,Great Britain,,,Permanent,,,0.4383826519087418,0.3355319629545968,0.22608538513666138,3,False,70th Anniversary Grand Prix,70th_anniversary_grand_prix,2020,2020-08-09,92.17536842105262,19,Closing,19.89,False,False,False,True
GRO,Haas F1 Team,34,0 days 00:01:32.475000,0 days 00:00:29.271000,0 days 00:00:37.642000,0 days 00:00:25.562000,Hard,18,2,,,1,True,0 days 01:26:55.984000,92.475,29.271,37.642,25.562,5215.984,5190.281,26.0,56.8,1000.7,False,43.7,11,1.5,False,True,False,EMIRATES FORMULA 1 70TH ANNIVERSARY GRAND PRIX 2020,Silverstone,Great Britain,,,Permanent,,,0.31652879156528796,0.40705055420383895,0.27642065423087325,3,False,70th Anniversary Grand Prix,70th_anniversary_grand_prix,2020,2020-08-09,94.24085714285714,21,Mid,1.681999999999988,False,False,False,True
RAI,Alfa Romeo Racing,34,0 days 00:01:32.424000,0 days 00:00:29.417000,0 days 00:00:37.431000,0 days 00:00:25.576000,Medium,8,2,,,1,True,0 days 01:26:59.613000,92.424,29.417,37.431,25.576,5219.613,5190.281,26.0,56.8,1000.7,False,43.7,11,1.5,False,True,False,EMIRATES FORMULA 1 70TH ANNIVERSARY GRAND PRIX 2020,Silverstone,Great Britain,,,Permanent,,,0.3182831299229637,0.4049922098156322,0.27672466026140397,3,False,70th Anniversary Grand Prix,70th_anniversary_grand_prix,2020,2020-08-09,93.72435999999999,25,Closing,0.6680000000000064,False,False,False,True
RUS,Williams,34,0 days 00:01:32.310000,0 days 00:00:29.011000,0 days 00:00:37.609000,0 days 00:00:25.690000,Hard,10,3,,,1,True,0 days 01:27:00.518000,92.31,29.011,37.609,25.69,5220.518,5250.297,26.5,54.8,1000.7,False,45.1,25,2.4,False,True,False,EMIRATES FORMULA 1 70TH ANNIVERSARY GRAND PRIX 2020,Silverstone,Great Britain,,,Permanent,,,0.31427797638392374,0.40742064781713794,0.2783013757989384,3,False,70th Anniversary Grand Prix,70th_anniversary_grand_prix,2020,2020-08-09,93.8468,15,Mid,0.902000000000001,False,False,False,True
LAT,Williams,34,0 days 00:01:32.080000,0 days 00:00:28.864000,0 days 00:00:37.812000,0 days 00:00:25.404000,Hard,8,3,,,1,True,0 days 01:27:01.250000,92.08,28.864,37.812,25.404,5221.25,5250.297,26.5,54.8,1000.7,False,45.1,25,2.4,False,True,False,EMIRATES FORMULA 1 70TH ANNIVERSARY GRAND PRIX 2020,Silverstone,Great Britain,,,Permanent,,,0.3134665508253693,0.410642919200695,0.2758905299739357,3,False,70th Anniversary Grand Prix,70th_anniversary_grand_prix,2020,2020-08-09,93.59700000000001,20,Mid,2.1299999999999955,False,False,False,True
GIO,Alfa Romeo Racing,34,0 days 00:01:52.240000,0 days 00:00:49.048000,0 days 00:00:37.825000,0 days 00:00:25.367000,Medium,1,3,,0 days 01:25:44.791000,1,False,0 days 01:27:15.202000,112.24,49.048,37.825,25.367,5235.202,5250.297,26.5,54.8,1000.7,False,45.1,25,2.4,False,True,False,EMIRATES FORMULA 1 70TH ANNIVERSARY GRAND PRIX 2020,Silverstone,Great Britain,,,Permanent,,,0.436992159657876,0.3370010691375624,0.22600677120456167,3,False,70th Anniversary Grand Prix,70th_anniversary_grand_prix,2020,2020-08-09,93.73805555555556,18,Closing,20.414,False,False,False,True
HAM,Mercedes,35,0 days 00:01:31.101000,0 days 00:00:29,0 days 00:00:37.012000,0 days 00:00:25.089000,Hard,21,2,,,1,True,0 days 01:27:16.817000,91.101,29.0,37.012,25.089,5236.817,5250.297,26.5,54.8,1000.7,False,45.1,25,2.4,False,True,False,EMIRATES FORMULA 1 70TH ANNIVERSARY GRAND PRIX 2020,Silverstone,Great Britain,,,Permanent,,,0.31832800957179397,0.40627435483693924,0.27539763559126684,3,False,70th Anniversary Grand Prix,70th_anniversary_grand_prix,2020,2020-08-09,92.29803703703703,27,Mid,2.6500000000000057,False,False,False,True
MAG,Haas F1 Team,34,0 days 00:01:33.285000,0 days 00:00:29.397000,0 days 00:00:38.318000,0 days 00:00:25.570000,Hard,14,3,,,1,True,0 days 01:27:27.119000,93.285,29.397,38.318,25.57,5247.119,5250.297,26.5,54.8,1000.7,False,45.1,25,2.4,False,True,False,EMIRATES FORMULA 1 70TH ANNIVERSARY GRAND PRIX 2020,Silverstone,Great Britain,,,Permanent,,,0.31513105000803987,0.41076271640671064,0.2741062335852495,3,False,70th Anniversary Grand Prix,70th_anniversary_grand_prix,2020,2020-08-09,94.9223043478261,23,Closing,1.4549999999999983,False,False,False,True
VER,Red Bull Racing,35,0 days 00:01:30.809000,0 days 00:00:28.808000,0 days 00:00:36.952000,0 days 00:00:25.049000,Hard,3,3,,,1,True,0 days 01:27:28.060000,90.809,28.808,36.952,25.049,5248.06,5250.297,26.5,54.8,1000.7,False,45.1,25,2.4,False,True,False,EMIRATES FORMULA 1 70TH ANNIVERSARY GRAND PRIX 2020,Silverstone,Great Britain,,,Permanent,,,0.3172372782433459,0.4069200189408539,0.2758427028158002,3,False,70th Anniversary Grand Prix,70th_anniversary_grand_prix,2020,2020-08-09,91.20945,20,Closing,1.343999999999994,False,False,False,True
BOT,Mercedes,35,0 days 00:01:30.966000,0 days 00:00:28.786000,0 days 00:00:37.076000,0 days 00:00:25.104000,Hard,3,3,,,1,True,0 days 01:27:30.484000,90.966,28.786,37.076,25.104,5250.484,5250.297,26.5,54.8,1000.7,False,45.1,25,2.4,False,True,False,EMIRATES FORMULA 1 70TH ANNIVERSARY GRAND PRIX 2020,Silverstone,Great Britain,,,Permanent,,,0.3164479036123387,0.4075808543851549,0.27597124200250644,3,False,70th Anniversary Grand Prix,70th_anniversary_grand_prix,2020,2020-08-09,92.04515,20,Closing,1.2009999999999934,False,False,False,True
LEC,Ferrari,35,0 days 00:01:30.978000,0 days 00:00:28.626000,0 days 00:00:37.291000,0 days 00:00:25.061000,Hard,17,2,,,1,True,0 days 01:27:32.514000,90.978,28.626,37.291,25.061,5252.514,5250.297,26.5,54.8,1000.7,False,45.1,25,2.4,False,True,False,EMIRATES FORMULA 1 70TH ANNIVERSARY GRAND PRIX 2020,Silverstone,Great Britain,,,Permanent,,,0.3146474971971246,0.40989030315021213,0.2754621996526633,3,False,70th Anniversary Grand Prix,70th_anniversary_grand_prix,2020,2020-08-09,92.02232352941176,34,Closing,0.4259999999999877,False,False,False,True
HUL,Racing Point,35,0 days 00:01:30.788000,0 days 00:00:28.825000,0 days 00:00:36.888000,0 days 00:00:25.075000,Hard,5,3,,,1,True,0 days 01:27:44.952000,90.788,28.825,36.888,25.075,5264.952,5250.297,26.5,54.8,1000.7,False,45.1,25,2.4,False,True,False,EMIRATES FORMULA 1 70TH ANNIVERSARY GRAND PRIX 2020,Silverstone,Great Britain,,,Permanent,,,0.31749790721240695,0.4063092038595409,0.27619288892805216,3,False,70th Anniversary Grand Prix,70th_anniversary_grand_prix,2020,2020-08-09,92.61228571428572,14,Mid,0.7009999999999934,False,False,False,True
STR,Racing Point,35,0 days 00:01:30.958000,0 days 00:00:28.792000,0 days 00:00:37.106000,0 days 00:00:25.060000,Hard,4,3,,,1,True,0 days 01:27:47.044000,90.958,28.792,37.106,25.06,5267.044,5250.297,26.5,54.8,1000.7,False,45.1,25,2.4,False,True,False,EMIRATES FORMULA 1 70TH ANNIVERSARY GRAND PRIX 2020,Silverstone,Great Britain,,,Permanent,,,0.316541700565096,0.40794652476967397,0.2755117746652301,3,False,70th Anniversary Grand Prix,70th_anniversary_grand_prix,2020,2020-08-09,92.27328571428572,21,Closing,0.5789999999999935,False,False,False,True
KVY,AlphaTauri,35,0 days 00:01:30.998000,0 days 00:00:28.993000,0 days 00:00:37.181000,0 days 00:00:24.824000,Hard,16,2,0 days 01:27:54.624000,,1,False,0 days 01:28:00.487000,90.998,28.993,37.181,24.824,5280.487,5310.306,26.6,55.0,1000.8,False,45.0,16,1.7,False,True,False,EMIRATES FORMULA 1 70TH ANNIVERSARY GRAND PRIX 2020,Silverstone,Great Britain,,,Permanent,35.0,,0.31861139805270444,0.4085913976131343,0.2727972043341612,3,False,70th Anniversary Grand Prix,70th_anniversary_grand_prix,2020,2020-08-09,93.37462500000001,16,Mid,0.2600000000000051,False,False,False,True
ALB,Red Bull Racing,35,0 days 00:01:31.103000,0 days 00:00:28.795000,0 days 00:00:37.602000,0 days 00:00:24.706000,Hard,5,3,,,1,True,0 days 01:28:05.193000,91.103,28.795,37.602,24.706,5285.193,5310.306,26.6,55.0,1000.8,False,45.0,16,1.7,False,True,False,EMIRATES FORMULA 1 70TH ANNIVERSARY GRAND PRIX 2020,Silverstone,Great Britain,,,Permanent,,,0.3160708209389373,0.41274162212001797,0.27118755694104474,3,False,70th Anniversary Grand Prix,70th_anniversary_grand_prix,2020,2020-08-09,91.38277272727272,22,Closing,1.6259999999999906,False,False,False,True
OCO,Renault,35,0 days 00:01:33.366000,0 days 00:00:29.476000,0 days 00:00:37.857000,0 days 00:00:26.033000,Hard,13,2,,,1,True,0 days 01:28:06.081000,93.366,29.476,37.857,26.033,5286.081,5310.306,26.6,55.0,1000.8,False,45.0,16,1.7,False,True,False,EMIRATES FORMULA 1 70TH ANNIVERSARY GRAND PRIX 2020,Silverstone,Great Britain,,,Permanent,,,0.3157037893879999,0.4054688002056423,0.2788274104063578,3,False,70th Anniversary Grand Prix,70th_anniversary_grand_prix,2020,2020-08-09,92.70673333333333,30,Closing,2.790999999999997,False,False,False,True
RIC,Renault,35,0 days 00:01:32.930000,0 days 00:00:29.396000,0 days 00:00:38.332000,0 days 00:00:25.202000,Hard,9,3,0 days 01:28:08.108000,,1,False,0 days 01:28:13.908000,92.93,29.396,38.332,25.202,5293.908,5310.306,26.6,55.0,1000.8,False,45.0,16,1.7,False,True,False,EMIRATES FORMULA 1 70TH ANNIVERSARY GRAND PRIX 2020,Silverstone,Great Britain,,,Permanent,35.0,,0.3163241149252125,0.4124825137200043,0.27119337135478316,3,False,70th Anniversary Grand Prix,70th_anniversary_grand_prix,2020,2020-08-09,95.64944444444444,9,Mid,1.7620000000000005,False,False,False,True
NOR,McLaren,35,0 days 00:01:31.720000,0 days 00:00:29.113000,0 days 00:00:37.711000,0 days 00:00:24.896000,Hard,6,3,,,1,True,0 days 01:28:14.007000,91.72,29.113,37.711,24.896,5294.007,5310.306,26.6,55.0,1000.8,False,45.0,16,1.7,False,True,False,EMIRATES FORMULA 1 70TH ANNIVERSARY GRAND PRIX 2020,Silverstone,Great Britain,,,Permanent,,,0.3174116877453118,0.4111535106846925,0.27143480156999567,3,False,70th Anniversary Grand Prix,70th_anniversary_grand_prix,2020,2020-08-09,92.46134782608695,23,Closing,1.0220000000000056,False,False,False,True
GAS,AlphaTauri,35,0 days 00:01:32.106000,0 days 00:00:29.022000,0 days 00:00:37.809000,0 days 00:00:25.275000,Hard,12,3,,,1,True,0 days 01:28:21.746000,92.106,29.022,37.809,25.275,5301.746,5310.306,26.6,55.0,1000.8,False,45.0,16,1.7,False,True,False,EMIRATES FORMULA 1 70TH ANNIVERSARY GRAND PRIX 2020,Silverstone,Great Britain,,,Permanent,,,0.31509347925216596,0.41049443033027166,0.27441209041756237,3,False,70th Anniversary Grand Prix,70th_anniversary_grand_prix,2020,2020-08-09,92.35106896551724,29,Closing,2.013999999999996,False,False,False,True
VET,Ferrari,35,0 days 00:01:31.130000,0 days 00:00:28.568000,0 days 00:00:37.323000,0 days 00:00:25.239000,Medium,5,3,,,1,True,0 days 01:28:23.076000,91.13,28.568,37.323,25.239,5303.076,5310.306,26.6,55.0,1000.8,False,45.0,16,1.7,False,True,False,EMIRATES FORMULA 1 70TH ANNIVERSARY GRAND PRIX 2020,Silverstone,Great Britain,,,Permanent,,,0.3134862284648305,0.4095577746077033,0.27695599692746625,3,False,70th Anniversary Grand Prix,70th_anniversary_grand_prix,2020,2020-08-09,92.17536842105262,19,Closing,0.34499999999999886,False,False,False,True
SAI,McLaren,35,0 days 00:01:50.968000,0 days 00:00:48.733000,0 days 00:00:36.961000,0 days 00:00:25.274000,Hard,1,3,,0 days 01:26:55.797000,1,False,0 days 01:28:23.831000,110.968,48.733,36.961,25.274,5303.831,5310.306,26.6,55.0,1000.8,False,45.0,16,1.7,False,True,False,EMIRATES FORMULA 1 70TH ANNIVERSARY GRAND PRIX 2020,Silverstone,Great Britain,,,Permanent,,,0.43916264148222905,0.33307800446975705,0.22775935404801384,3,False,70th Anniversary Grand Prix,70th_anniversary_grand_prix,2020,2020-08-09,92.24666666666667,18,Closing,20.412000000000006,False,False,False,True
GRO,Haas F1 Team,35,0 days 00:01:32.938000,0 days 00:00:29.233000,0 days 00:00:38.166000,0 days 00:00:25.539000,Hard,19,2,,,1,True,0 days 01:28:28.922000,92.938,29.233,38.166,25.539,5308.922,5310.306,26.6,55.0,1000.8,False,45.0,16,1.7,False,True,False,EMIRATES FORMULA 1 70TH ANNIVERSARY GRAND PRIX 2020,Silverstone,Great Britain,,,Permanent,,,0.31454302868579054,0.4106608706879855,0.27479610062622395,3,False,70th Anniversary Grand Prix,70th_anniversary_grand_prix,2020,2020-08-09,94.24085714285714,21,Mid,2.144999999999996,False,False,False,True
RAI,Alfa Romeo Racing,35,0 days 00:01:32.274000,0 days 00:00:29.271000,0 days 00:00:37.426000,0 days 00:00:25.577000,Medium,9,2,,,1,True,0 days 01:28:31.887000,92.274,29.271,37.426,25.577,5311.887,5310.306,26.6,55.0,1000.8,False,45.0,16,1.7,False,True,False,EMIRATES FORMULA 1 70TH ANNIVERSARY GRAND PRIX 2020,Silverstone,Great Britain,,,Permanent,,,0.317218284673906,0.4055963760105772,0.27718533931551687,3,False,70th Anniversary Grand Prix,70th_anniversary_grand_prix,2020,2020-08-09,93.72435999999999,25,Closing,0.5180000000000007,False,False,False,True
RUS,Williams,35,0 days 00:01:32.456000,0 days 00:00:29.044000,0 days 00:00:37.949000,0 days 00:00:25.463000,Hard,11,3,,,1,True,0 days 01:28:32.974000,92.456,29.044,37.949,25.463,5312.974,5310.306,26.6,55.0,1000.8,False,45.0,16,1.7,False,True,False,EMIRATES FORMULA 1 70TH ANNIVERSARY GRAND PRIX 2020,Silverstone,Great Britain,,,Permanent,,,0.31413861728822357,0.4104547027775374,0.275406679934239,3,False,70th Anniversary Grand Prix,70th_anniversary_grand_prix,2020,2020-08-09,93.8468,15,Mid,1.0480000000000018,False,False,False,True
LAT,Williams,35,0 days 00:01:32.474000,0 days 00:00:29.002000,0 days 00:00:37.850000,0 days 00:00:25.622000,Hard,9,3,,,1,True,0 days 01:28:33.724000,92.474,29.002,37.85,25.622,5313.724,5310.306,26.6,55.0,1000.8,False,45.0,16,1.7,False,True,False,EMIRATES FORMULA 1 70TH ANNIVERSARY GRAND PRIX 2020,Silverstone,Great Britain,,,Permanent,,,0.3136232887081774,0.4093042368665787,0.27707247442524385,3,False,70th Anniversary Grand Prix,70th_anniversary_grand_prix,2020,2020-08-09,93.59700000000001,20,Mid,2.524000000000001,False,False,False,True
HAM,Mercedes,36,0 days 00:01:31.118000,0 days 00:00:28.907000,0 days 00:00:37.028000,0 days 00:00:25.183000,Hard,22,2,,,1,True,0 days 01:28:47.935000,91.118,28.907,37.028,25.183,5327.935,5310.306,26.6,55.0,1000.8,False,45.0,16,1.7,False,True,False,EMIRATES FORMULA 1 70TH ANNIVERSARY GRAND PRIX 2020,Silverstone,Great Britain,,,Permanent,,,0.31724796417831824,0.4063741521982484,0.27637788362343335,3,False,70th Anniversary Grand Prix,70th_anniversary_grand_prix,2020,2020-08-09,92.29803703703703,27,Mid,2.6670000000000016,False,False,False,True
GIO,Alfa Romeo Racing,35,0 days 00:01:33.640000,0 days 00:00:28.991000,0 days 00:00:37.539000,0 days 00:00:27.110000,Medium,2,3,,,1,True,0 days 01:28:48.842000,93.64,28.991,37.539,27.11,5328.842,5310.306,26.6,55.0,1000.8,False,45.0,16,1.7,False,True,False,EMIRATES FORMULA 1 70TH ANNIVERSARY GRAND PRIX 2020,Silverstone,Great Britain,,,Permanent,,,0.30960059803502776,0.4008863733447245,0.28951302862024775,3,False,70th Anniversary Grand Prix,70th_anniversary_grand_prix,2020,2020-08-09,93.73805555555556,18,Closing,1.8140000000000072,False,False,False,True
VER,Red Bull Racing,36,0 days 00:01:30.985000,0 days 00:00:28.671000,0 days 00:00:37.149000,0 days 00:00:25.165000,Hard,4,3,,,1,True,0 days 01:28:59.045000,90.985,28.671,37.149,25.165,5339.045,5310.306,26.6,55.0,1000.8,False,45.0,16,1.7,False,True,False,EMIRATES FORMULA 1 70TH ANNIVERSARY GRAND PRIX 2020,Silverstone,Great Britain,,,Permanent,,,0.3151178765730615,0.40829807111062266,0.2765840523163159,3,False,70th Anniversary Grand Prix,70th_anniversary_grand_prix,2020,2020-08-09,91.20945,20,Closing,1.519999999999996,False,False,False,True
BOT,Mercedes,36,0 days 00:01:30.912000,0 days 00:00:28.973000,0 days 00:00:36.969000,0 days 00:00:24.970000,Hard,4,3,,,1,True,0 days 01:29:01.396000,90.912,28.973,36.969,24.97,5341.396,5370.329,26.8,54.5,1000.8,False,44.3,17,2.3,False,True,False,EMIRATES FORMULA 1 70TH ANNIVERSARY GRAND PRIX 2020,Silverstone,Great Britain,,,Permanent,,,0.3186928018303414,0.40664598732840546,0.27466121084125306,3,False,70th Anniversary Grand Prix,70th_anniversary_grand_prix,2020,2020-08-09,92.04515,20,Closing,1.1470000000000056,False,False,False,True
LEC,Ferrari,36,0 days 00:01:30.952000,0 days 00:00:28.626000,0 days 00:00:37.174000,0 days 00:00:25.152000,Hard,18,2,,,1,True,0 days 01:29:03.466000,90.952,28.626,37.174,25.152,5343.466,5370.329,26.8,54.5,1000.8,False,44.3,17,2.3,False,True,False,EMIRATES FORMULA 1 70TH ANNIVERSARY GRAND PRIX 2020,Silverstone,Great Britain,,,Permanent,,,0.31473744392646674,0.4087210836485179,0.2765414724250154,3,False,70th Anniversary Grand Prix,70th_anniversary_grand_prix,2020,2020-08-09,92.02232352941176,34,Closing,0.3999999999999915,False,False,False,True
MAG,Haas F1 Team,35,0 days 00:01:39.507000,0 days 00:00:32.363000,0 days 00:00:41.516000,0 days 00:00:25.628000,Hard,15,3,,,1,True,0 days 01:29:06.626000,99.507,32.363,41.516,25.628,5346.626,5370.329,26.8,54.5,1000.8,False,44.3,17,2.3,False,True,False,EMIRATES FORMULA 1 70TH ANNIVERSARY GRAND PRIX 2020,Silverstone,Great Britain,,,Permanent,,,0.3252334006652798,0.4172168792145276,0.25754972012019256,3,False,70th Anniversary Grand Prix,70th_anniversary_grand_prix,2020,2020-08-09,94.9223043478261,23,Closing,7.677000000000007,False,False,False,True
HUL,Racing Point,36,0 days 00:01:31.189000,0 days 00:00:28.922000,0 days 00:00:37.069000,0 days 00:00:25.198000,Hard,6,3,,,1,True,0 days 01:29:16.141000,91.189,28.922,37.069,25.198,5356.141,5370.329,26.8,54.5,1000.8,False,44.3,17,2.3,False,True,False,EMIRATES FORMULA 1 70TH ANNIVERSARY GRAND PRIX 2020,Silverstone,Great Britain,,,Permanent,,,0.31716544758688003,0.40650736382677743,0.2763271885863427,3,False,70th Anniversary Grand Prix,70th_anniversary_grand_prix,2020,2020-08-09,92.61228571428572,14,Mid,1.1019999999999897,False,False,False,True
STR,Racing Point,36,0 days 00:01:31.252000,0 days 00:00:28.801000,0 days 00:00:37.193000,0 days 00:00:25.258000,Hard,5,3,,,1,True,0 days 01:29:18.296000,91.252,28.801,37.193,25.258,5358.296,5370.329,26.8,54.5,1000.8,False,44.3,17,2.3,False,True,False,EMIRATES FORMULA 1 70TH ANNIVERSARY GRAND PRIX 2020,Silverstone,Great Britain,,,Permanent,,,0.31562047955113315,0.4075855871652128,0.27679393328365404,3,False,70th Anniversary Grand Prix,70th_anniversary_grand_prix,2020,2020-08-09,92.27328571428572,21,Closing,0.8729999999999905,False,False,False,True
ALB,Red Bull Racing,36,0 days 00:01:30.548000,0 days 00:00:28.819000,0 days 00:00:36.727000,0 days 00:00:25.002000,Hard,6,3,,,1,True,0 days 01:29:35.741000,90.548,28.819,36.727,25.002,5375.741,5370.329,26.8,54.5,1000.8,False,44.3,17,2.3,False,True,False,EMIRATES FORMULA 1 70TH ANNIVERSARY GRAND PRIX 2020,Silverstone,Great Britain,,,Permanent,,,0.3182731810752308,0.4056080752749922,0.2761187436497769,3,False,70th Anniversary Grand Prix,70th_anniversary_grand_prix,2020,2020-08-09,91.38277272727272,22,Closing,1.070999999999998,False,False,False,True
OCO,Renault,36,0 days 00:01:33.134000,0 days 00:00:29.519000,0 days 00:00:38.091000,0 days 00:00:25.524000,Hard,14,2,,,1,True,0 days 01:29:39.215000,93.134,29.519,38.091,25.524,5379.215,5370.329,26.8,54.5,1000.8,False,44.3,17,2.3,False,True,False,EMIRATES FORMULA 1 70TH ANNIVERSARY GRAND PRIX 2020,Silverstone,Great Britain,,,Permanent,,,0.31695191874073914,0.40899134580282176,0.2740567354564391,3,False,70th Anniversary Grand Prix,70th_anniversary_grand_prix,2020,2020-08-09,92.70673333333333,30,Closing,2.5589999999999975,False,False,False,True
NOR,McLaren,36,0 days 00:01:31.523000,0 days 00:00:29.104000,0 days 00:00:37.217000,0 days 00:00:25.202000,Hard,7,3,,,1,True,0 days 01:29:45.530000,91.523,29.104,37.217,25.202,5385.53,5370.329,26.8,54.5,1000.8,False,44.3,17,2.3,False,True,False,EMIRATES FORMULA 1 70TH ANNIVERSARY GRAND PRIX 2020,Silverstone,Great Britain,,,Permanent,,,0.31799656916840574,0.40664095364006864,0.2753624771915257,3,False,70th Anniversary Grand Prix,70th_anniversary_grand_prix,2020,2020-08-09,92.46134782608695,23,Closing,0.8250000000000028,False,False,False,True
KVY,AlphaTauri,36,0 days 00:01:51.685000,0 days 00:00:48.988000,0 days 00:00:37.450000,0 days 00:00:25.247000,Medium,1,3,,0 days 01:28:23.033000,1,False,0 days 01:29:52.172000,111.685,48.988,37.45,25.247,5392.172,5370.329,26.8,54.5,1000.8,False,44.3,17,2.3,False,True,False,EMIRATES FORMULA 1 70TH ANNIVERSARY GRAND PRIX 2020,Silverstone,Great Britain,,,Permanent,,,0.4386264941576756,0.33531808210592295,0.22605542373640147,3,False,70th Anniversary Grand Prix,70th_anniversary_grand_prix,2020,2020-08-09,92.25970588235293,17,Closing,20.947000000000003,False,False,False,True
GAS,AlphaTauri,36,0 days 00:01:31.951000,0 days 00:00:29.197000,0 days 00:00:37.489000,0 days 00:00:25.265000,Hard,13,3,,,1,True,0 days 01:29:53.697000,91.951,29.197,37.489,25.265,5393.697,5370.329,26.8,54.5,1000.8,False,44.3,17,2.3,False,True,False,EMIRATES FORMULA 1 70TH ANNIVERSARY GRAND PRIX 2020,Silverstone,Great Britain,,,Permanent,,,0.3175278137268763,0.40770627834390055,0.2747659079292232,3,False,70th Anniversary Grand Prix,70th_anniversary_grand_prix,2020,2020-08-09,92.35106896551724,29,Closing,1.8589999999999947,False,False,False,True
VET,Ferrari,36,0 days 00:01:31.494000,0 days 00:00:28.499000,0 days 00:00:37.527000,0 days 00:00:25.468000,Medium,6,3,,,1,True,0 days 01:29:54.570000,91.494,28.499,37.527,25.468,5394.57,5370.329,26.8,54.5,1000.8,False,44.3,17,2.3,False,True,False,EMIRATES FORMULA 1 70TH ANNIVERSARY GRAND PRIX 2020,Silverstone,Great Britain,,,Permanent,,,0.3114849061140621,0.4101580431503705,0.2783570507355674,3,False,70th Anniversary Grand Prix,70th_anniversary_grand_prix,2020,2020-08-09,92.17536842105262,19,Closing,0.7090000000000032,False,False,False,True
SAI,McLaren,36,0 days 00:01:31.287000,0 days 00:00:28.535000,0 days 00:00:37.385000,0 days 00:00:25.367000,Hard,2,3,,,1,True,0 days 01:29:55.118000,91.287,28.535,37.385,25.367,5395.118,5370.329,26.8,54.5,1000.8,False,44.3,17,2.3,False,True,False,EMIRATES FORMULA 1 70TH ANNIVERSARY GRAND PRIX 2020,Silverstone,Great Britain,,,Permanent,,,0.3125855817367204,0.40953257309364965,0.2778818451696298,3,False,70th Anniversary Grand Prix,70th_anniversary_grand_prix,2020,2020-08-09,92.24666666666667,18,Closing,0.7310000000000088,False,False,False,True
GRO,Haas F1 Team,36,0 days 00:01:32.449000,0 days 00:00:29.242000,0 days 00:00:37.699000,0 days 00:00:25.508000,Hard,20,2,,,1,True,0 days 01:30:01.371000,92.449,29.242,37.699,25.508,5401.371,5430.343,26.6,54.9,1000.7,False,44.0,17,3.4,False,True,False,EMIRATES FORMULA 1 70TH ANNIVERSARY GRAND PRIX 2020,Silverstone,Great Britain,,,Permanent,,,0.3163041244361756,0.4077815876861837,0.27591428787764066,3,False,70th Anniversary Grand Prix,70th_anniversary_grand_prix,2020,2020-08-09,94.24085714285714,21,Mid,1.6559999999999917,False,False,False,True
RAI,Alfa Romeo Racing,36,0 days 00:01:32.724000,0 days 00:00:29.431000,0 days 00:00:37.864000,0 days 00:00:25.429000,Medium,10,2,,,1,True,0 days 01:30:04.611000,92.724,29.431,37.864,25.429,5404.611,5430.343,26.6,54.9,1000.7,False,44.0,17,3.4,False,True,False,EMIRATES FORMULA 1 70TH ANNIVERSARY GRAND PRIX 2020,Silverstone,Great Britain,,,Permanent,,,0.3174043397610112,0.4083516673137483,0.2742439929252405,3,False,70th Anniversary Grand Prix,70th_anniversary_grand_prix,2020,2020-08-09,93.72435999999999,25,Closing,0.9680000000000035,False,False,False,True
RIC,Renault,36,0 days 00:01:51.764000,0 days 00:00:48.666000,0 days 00:00:37.956000,0 days 00:00:25.142000,Medium,3,4,,0 days 01:28:36.150000,1,False,0 days 01:30:05.672000,111.764,48.666,37.956,25.142,5405.672,5430.343,26.6,54.9,1000.7,False,44.0,17,3.4,False,True,False,EMIRATES FORMULA 1 70TH ANNIVERSARY GRAND PRIX 2020,Silverstone,Great Britain,,,Permanent,,,0.43543538169714757,0.3396084606850149,0.22495615761783758,3,False,70th Anniversary Grand Prix,70th_anniversary_grand_prix,2020,2020-08-09,93.24849999999999,16,Closing,20.59599999999999,False,False,False,True
RUS,Williams,36,0 days 00:01:33.994000,0 days 00:00:29.157000,0 days 00:00:39.189000,0 days 00:00:25.648000,Hard,12,3,,,1,True,0 days 01:30:06.968000,93.994,29.157,39.189,25.648,5406.968,5430.343,26.6,54.9,1000.7,False,44.0,17,3.4,False,True,False,EMIRATES FORMULA 1 70TH ANNIVERSARY GRAND PRIX 2020,Silverstone,Great Britain,,,Permanent,,,0.3102006511053897,0.4169308679277401,0.2728684809668702,3,False,70th Anniversary Grand Prix,70th_anniversary_grand_prix,2020,2020-08-09,93.8468,15,Mid,2.5859999999999985,False,False,False,True
LAT,Williams,36,0 days 00:01:33.815000,0 days 00:00:29.252000,0 days 00:00:38.903000,0 days 00:00:25.660000,Hard,10,3,,,1,True,0 days 01:30:07.539000,93.815,29.252,38.903,25.66,5407.539,5430.343,26.6,54.9,1000.7,False,44.0,17,3.4,False,True,False,EMIRATES FORMULA 1 70TH ANNIVERSARY GRAND PRIX 2020,Silverstone,Great Britain,,,Permanent,,,0.31180514843042156,0.4146778233757928,0.27351702819378565,3,False,70th Anniversary Grand Prix,70th_anniversary_grand_prix,2020,2020-08-09,93.59700000000001,20,Mid,3.864999999999995,False,False,False,True
HAM,Mercedes,37,0 days 00:01:31.045000,0 days 00:00:29.012000,0 days 00:00:37.020000,0 days 00:00:25.013000,Hard,23,2,,,1,True,0 days 01:30:18.980000,91.045,29.012,37.02,25.013,5418.98,5430.343,26.6,54.9,1000.7,False,44.0,17,3.4,False,True,False,EMIRATES FORMULA 1 70TH ANNIVERSARY GRAND PRIX 2020,Silverstone,Great Britain,,,Permanent,,,0.3186556098632544,0.4066121148882421,0.2747322752485035,3,False,70th Anniversary Grand Prix,70th_anniversary_grand_prix,2020,2020-08-09,92.29803703703703,27,Mid,2.5940000000000083,False,False,False,True
GIO,Alfa Romeo Racing,36,0 days 00:01:32.260000,0 days 00:00:29.030000,0 days 00:00:37.703000,0 days 00:00:25.527000,Medium,3,3,,,1,True,0 days 01:30:21.102000,92.26,29.03,37.703,25.527,5421.102,5430.343,26.6,54.9,1000.7,False,44.0,17,3.4,False,True,False,EMIRATES FORMULA 1 70TH ANNIVERSARY GRAND PRIX 2020,Silverstone,Great Britain,,,Permanent,,,0.31465423802297854,0.40866030782570995,0.2766854541513115,3,False,70th Anniversary Grand Prix,70th_anniversary_grand_prix,2020,2020-08-09,93.73805555555556,18,Closing,0.4340000000000117,False,False,False,True
VER,Red Bull Racing,37,0 days 00:01:30.791000,0 days 00:00:28.866000,0 days 00:00:36.900000,0 days 00:00:25.025000,Hard,5,3,,,1,True,0 days 01:30:29.836000,90.791,28.866,36.9,25.025,5429.836,5430.343,26.6,54.9,1000.7,False,44.0,17,3.4,False,True,False,EMIRATES FORMULA 1 70TH ANNIVERSARY GRAND PRIX 2020,Silverstone,Great Britain,,,Permanent,,,0.3179390027645912,0.4064279499069291,0.2756330473284797,3,False,70th Anniversary Grand Prix,70th_anniversary_grand_prix,2020,2020-08-09,91.20945,20,Closing,1.3259999999999934,False,False,False,True
BOT,Mercedes,37,0 days 00:01:30.606000,0 days 00:00:28.723000,0 days 00:00:37.020000,0 days 00:00:24.863000,Hard,5,3,,,1,True,0 days 01:30:32.002000,90.606,28.723,37.02,24.863,5432.002,5430.343,26.6,54.9,1000.7,False,44.0,17,3.4,False,True,False,EMIRATES FORMULA 1 70TH ANNIVERSARY GRAND PRIX 2020,Silverstone,Great Britain,,,Permanent,,,0.31700991104341875,0.40858221309847037,0.27440787585811094,3,False,70th Anniversary Grand Prix,70th_anniversary_grand_prix,2020,2020-08-09,92.04515,20,Closing,0.840999999999994,False,False,False,True
LEC,Ferrari,37,0 days 00:01:30.911000,0 days 00:00:28.599000,0 days 00:00:37.186000,0 days 00:00:25.126000,Hard,19,2,,,1,True,0 days 01:30:34.377000,90.911,28.599,37.186,25.126,5434.377,5430.343,26.6,54.9,1000.7,False,44.0,17,3.4,False,True,False,EMIRATES FORMULA 1 70TH ANNIVERSARY GRAND PRIX 2020,Silverstone,Great Britain,,,Permanent,,,0.31458239376973085,0.4090374102143855,0.27638019601588365,3,False,70th Anniversary Grand Prix,70th_anniversary_grand_prix,2020,2020-08-09,92.02232352941176,34,Closing,0.35899999999999466,False,False,False,True
MAG,Haas F1 Team,36,0 days 00:01:32.986000,0 days 00:00:29.270000,0 days 00:00:38.130000,0 days 00:00:25.586000,Hard,16,3,,,1,True,0 days 01:30:39.612000,92.986,29.27,38.13,25.586,5439.612,5430.343,26.6,54.9,1000.7,False,44.0,17,3.4,False,True,False,EMIRATES FORMULA 1 70TH ANNIVERSARY GRAND PRIX 2020,Silverstone,Great Britain,,,Permanent,,,0.3147785688168111,0.41006172972275395,0.2751597014604349,3,False,70th Anniversary Grand Prix,70th_anniversary_grand_prix,2020,2020-08-09,94.9223043478261,23,Closing,1.156000000000006,False,False,False,True
HUL,Racing Point,37,0 days 00:01:31.643000,0 days 00:00:28.948000,0 days 00:00:37.302000,0 days 00:00:25.393000,Hard,7,3,,,1,True,0 days 01:30:47.784000,91.643,28.948,37.302,25.393,5447.784,5430.343,26.6,54.9,1000.7,False,44.0,17,3.4,False,True,False,EMIRATES FORMULA 1 70TH ANNIVERSARY GRAND PRIX 2020,Silverstone,Great Britain,,,Permanent,,,0.31587791757144573,0.40703599838503757,0.2770860840435167,3,False,70th Anniversary Grand Prix,70th_anniversary_grand_prix,2020,2020-08-09,92.61228571428572,14,Mid,1.5559999999999974,False,False,False,True
STR,Racing Point,37,0 days 00:01:31.304000,0 days 00:00:29.002000,0 days 00:00:36.970000,0 days 00:00:25.332000,Hard,6,3,,,1,True,0 days 01:30:49.600000,91.304,29.002,36.97,25.332,5449.6,5430.343,26.6,54.9,1000.7,False,44.0,17,3.4,False,True,False,EMIRATES FORMULA 1 70TH ANNIVERSARY GRAND PRIX 2020,Silverstone,Great Britain,,,Permanent,,,0.3176421624463331,0.4049110663278717,0.27744677122579514,3,False,70th Anniversary Grand Prix,70th_anniversary_grand_prix,2020,2020-08-09,92.27328571428572,21,Closing,0.9249999999999972,False,False,False,True
ALB,Red Bull Racing,37,0 days 00:01:30.103000,0 days 00:00:28.746000,0 days 00:00:36.468000,0 days 00:00:24.889000,Hard,7,3,,,1,True,0 days 01:31:05.844000,90.103,28.746,36.468,24.889,5465.844,5490.351,26.5,55.4,1000.7,False,43.7,16,3.0,False,True,False,EMIRATES FORMULA 1 70TH ANNIVERSARY GRAND PRIX 2020,Silverstone,Great Britain,,,Permanent,,,0.31903488230136623,0.4047368012163858,0.2762283164822481,3,False,70th Anniversary Grand Prix,70th_anniversary_grand_prix,2020,2020-08-09,91.38277272727272,22,Closing,0.6259999999999906,False,False,False,True
OCO,Renault,37,0 days 00:01:32.582000,0 days 00:00:29.238000,0 days 00:00:37.825000,0 days 00:00:25.519000,Hard,15,2,,,1,True,0 days 01:31:11.797000,92.582,29.238,37.825,25.519,5471.797,5490.351,26.5,55.4,1000.7,False,43.7,16,3.0,False,True,False,EMIRATES FORMULA 1 70TH ANNIVERSARY GRAND PRIX 2020,Silverstone,Great Britain,,,Permanent,,,0.31580652826683375,0.4085567388909292,0.27563673284223716,3,False,70th Anniversary Grand Prix,70th_anniversary_grand_prix,2020,2020-08-09,92.70673333333333,30,Closing,2.006999999999991,False,False,False,True
NOR,McLaren,37,0 days 00:01:31.315000,0 days 00:00:29.015000,0 days 00:00:37.041000,0 days 00:00:25.259000,Hard,8,3,,,1,True,0 days 01:31:16.845000,91.315,29.015,37.041,25.259,5476.845,5490.351,26.5,55.4,1000.7,False,43.7,16,3.0,False,True,False,EMIRATES FORMULA 1 70TH ANNIVERSARY GRAND PRIX 2020,Silverstone,Great Britain,,,Permanent,,,0.31774626293599084,0.4056398182116848,0.2766139188523244,3,False,70th Anniversary Grand Prix,70th_anniversary_grand_prix,2020,2020-08-09,92.46134782608695,23,Closing,0.6170000000000044,False,False,False,True
KVY,AlphaTauri,37,0 days 00:01:30.998000,0 days 00:00:28.813000,0 days 00:00:36.981000,0 days 00:00:25.204000,Medium,2,3,,,1,True,0 days 01:31:23.170000,90.998,28.813,36.981,25.204,5483.17,5490.351,26.5,55.4,1000.7,False,43.7,16,3.0,False,True,False,EMIRATES FORMULA 1 70TH ANNIVERSARY GRAND PRIX 2020,Silverstone,Great Britain,,,Permanent,,,0.31663333260071647,0.4063935471109255,0.27697312028835797,3,False,70th Anniversary Grand Prix,70th_anniversary_grand_prix,2020,2020-08-09,92.25970588235293,17,Closing,0.2600000000000051,False,False,False,True
GAS,AlphaTauri,37,0 days 00:01:31.907000,0 days 00:00:29.031000,0 days 00:00:37.510000,0 days 00:00:25.366000,Hard,14,3,,,1,True,0 days 01:31:25.604000,91.907,29.031,37.51,25.366,5485.604,5490.351,26.5,55.4,1000.7,False,43.7,16,3.0,False,True,False,EMIRATES FORMULA 1 70TH ANNIVERSARY GRAND PRIX 2020,Silverstone,Great Britain,,,Permanent,,,0.31587365489026953,0.40812995745699454,0.27599638765273593,3,False,70th Anniversary Grand Prix,70th_anniversary_grand_prix,2020,2020-08-09,92.35106896551724,29,Closing,1.8149999999999977,False,False,False,True
VET,Ferrari,37,0 days 00:01:31.864000,0 days 00:00:28.519000,0 days 00:00:37.844000,0 days 00:00:25.501000,Medium,7,3,,,1,True,0 days 01:31:26.434000,91.864,28.519,37.844,25.501,5486.434,5490.351,26.5,55.4,1000.7,False,43.7,16,3.0,False,True,False,EMIRATES FORMULA 1 70TH ANNIVERSARY GRAND PRIX 2020,Silverstone,Great Britain,,,Permanent,,,0.31044805364451794,0.4119568057127928,0.2775951406426892,3,False,70th Anniversary Grand Prix,70th_anniversary_grand_prix,2020,2020-08-09,92.17536842105262,19,Closing,1.0790000000000077,False,False,False,True
SAI,McLaren,37,0 days 00:01:31.860000,0 days 00:00:28.559000,0 days 00:00:37.848000,0 days 00:00:25.453000,Hard,3,3,,,1,True,0 days 01:31:26.978000,91.86,28.559,37.848,25.453,5486.978,5490.351,26.5,55.4,1000.7,False,43.7,16,3.0,False,True,False,EMIRATES FORMULA 1 70TH ANNIVERSARY GRAND PRIX 2020,Silverstone,Great Britain,,,Permanent,,,0.3108970172000871,0.41201828870019597,0.277084694099717,3,False,70th Anniversary Grand Prix,70th_anniversary_grand_prix,2020,2020-08-09,92.24666666666667,18,Closing,1.304000000000002,False,False,False,True
GRO,Haas F1 Team,37,0 days 00:01:32.593000,0 days 00:00:29.295000,0 days 00:00:37.747000,0 days 00:00:25.551000,Hard,21,2,,,1,True,0 days 01:31:33.964000,92.593,29.295,37.747,25.551,5493.964,5490.351,26.5,55.4,1000.7,False,43.7,16,3.0,False,True,False,EMIRATES FORMULA 1 70TH ANNIVERSARY GRAND PRIX 2020,Silverstone,Great Britain,,,Permanent,,,0.3163846079077252,0.4076658062704524,0.27594958582182233,3,False,70th Anniversary Grand Prix,70th_anniversary_grand_prix,2020,2020-08-09,94.24085714285714,21,Mid,1.7999999999999972,False,False,False,True
RAI,Alfa Romeo Racing,37,0 days 00:01:32.514000,0 days 00:00:29.501000,0 days 00:00:37.529000,0 days 00:00:25.484000,Medium,11,2,,,1,True,0 days 01:31:37.125000,92.514,29.501,37.529,25.484,5497.125,5490.351,26.5,55.4,1000.7,False,43.7,16,3.0,False,True,False,EMIRATES FORMULA 1 70TH ANNIVERSARY GRAND PRIX 2020,Silverstone,Great Britain,,,Permanent,,,0.31888146658884065,0.4056575221047626,0.2754610113063969,3,False,70th Anniversary Grand Prix,70th_anniversary_grand_prix,2020,2020-08-09,93.72435999999999,25,Closing,0.7579999999999956,False,False,False,True
RIC,Renault,37,0 days 00:01:32.028000,0 days 00:00:28.965000,0 days 00:00:37.568000,0 days 00:00:25.495000,Medium,4,4,,,1,True,0 days 01:31:37.700000,92.028,28.965,37.568,25.495,5497.7,5490.351,26.5,55.4,1000.7,False,43.7,16,3.0,False,True,False,EMIRATES FORMULA 1 70TH ANNIVERSARY GRAND PRIX 2020,Silverstone,Great Britain,,,Permanent,,,0.3147411657321684,0.4082235841265701,0.27703525014126135,3,False,70th Anniversary Grand Prix,70th_anniversary_grand_prix,2020,2020-08-09,93.24849999999999,16,Closing,0.8599999999999994,False,False,False,True
RUS,Williams,37,0 days 00:01:32.499000,0 days 00:00:29.020000,0 days 00:00:37.942000,0 days 00:00:25.537000,Hard,13,3,,,1,True,0 days 01:31:39.467000,92.499,29.02,37.942,25.537,5499.467,5490.351,26.5,55.4,1000.7,False,43.7,16,3.0,False,True,False,EMIRATES FORMULA 1 70TH ANNIVERSARY GRAND PRIX 2020,Silverstone,Great Britain,,,Permanent,,,0.3137331214391507,0.41018821825100815,0.2760786603098412,3,False,70th Anniversary Grand Prix,70th_anniversary_grand_prix,2020,2020-08-09,93.8468,15,Mid,1.090999999999994,False,False,False,True
LAT,Williams,37,0 days 00:01:32.714000,0 days 00:00:29.010000,0 days 00:00:37.932000,0 days 00:00:25.772000,Hard,11,3,,,1,True,0 days 01:31:40.253000,92.714,29.01,37.932,25.772,5500.253,5490.351,26.5,55.4,1000.7,False,43.7,16,3.0,False,True,False,EMIRATES FORMULA 1 70TH ANNIVERSARY GRAND PRIX 2020,Silverstone,Great Britain,,,Permanent,,,0.3128977284983929,0.4091291498587053,0.27797312164290183,3,False,70th Anniversary Grand Prix,70th_anniversary_grand_prix,2020,2020-08-09,93.59700000000001,20,Mid,2.763999999999996,False,False,False,True
HAM,Mercedes,38,0 days 00:01:30.785000,0 days 00:00:28.926000,0 days 00:00:36.902000,0 days 00:00:24.957000,Hard,24,2,,,1,True,0 days 01:31:49.765000,90.785,28.926,36.902,24.957,5509.765,5490.351,26.5,55.4,1000.7,False,43.7,16,3.0,False,True,False,EMIRATES FORMULA 1 70TH ANNIVERSARY GRAND PRIX 2020,Silverstone,Great Britain,,,Permanent,,,0.3186209175524591,0.4064768408878119,0.27490224155972903,3,False,70th Anniversary Grand Prix,70th_anniversary_grand_prix,2020,2020-08-09,92.29803703703703,27,Mid,2.334000000000003,False,False,False,True
GIO,Alfa Romeo Racing,37,0 days 00:01:31.826000,0 days 00:00:28.990000,0 days 00:00:37.445000,0 days 00:00:25.391000,Medium,4,3,,,1,True,0 days 01:31:52.928000,91.826,28.99,37.445,25.391,5512.928,5490.351,26.5,55.4,1000.7,False,43.7,16,3.0,False,True,False,EMIRATES FORMULA 1 70TH ANNIVERSARY GRAND PRIX 2020,Silverstone,Great Britain,,,Permanent,,,0.31570579138806004,0.40778210964214934,0.2765120989697907,3,False,70th Anniversary Grand Prix,70th_anniversary_grand_prix,2020,2020-08-09,93.73805555555556,18,Closing,0.0,False,False,False,True
VER,Red Bull Racing,38,0 days 00:01:30.471000,0 days 00:00:28.729000,0 days 00:00:36.823000,0 days 00:00:24.919000,Hard,6,3,,,1,True,0 days 01:32:00.307000,90.471,28.729,36.823,24.919,5520.307,5490.351,26.5,55.4,1000.7,False,43.7,16,3.0,False,True,False,EMIRATES FORMULA 1 70TH ANNIVERSARY GRAND PRIX 2020,Silverstone,Great Britain,,,Permanent,,,0.3175492699318013,0.4070144024051906,0.275436327663008,3,False,70th Anniversary Grand Prix,70th_anniversary_grand_prix,2020,2020-08-09,91.20945,20,Closing,1.0060000000000002,False,False,False,True
BOT,Mercedes,38,0 days 00:01:31.014000,0 days 00:00:28.792000,0 days 00:00:37.148000,0 days 00:00:25.074000,Hard,6,3,,,1,True,0 days 01:32:03.016000,91.014,28.792,37.148,25.074,5523.016,5550.337,26.4,55.3,1000.7,False,43.7,16,1.5,False,True,False,EMIRATES FORMULA 1 70TH ANNIVERSARY GRAND PRIX 2020,Silverstone,Great Britain,,,Permanent,,,0.31634693563627575,0.40815698683718993,0.27549607752653443,3,False,70th Anniversary Grand Prix,70th_anniversary_grand_prix,2020,2020-08-09,92.04515,20,Closing,1.2489999999999952,False,False,False,True
LEC,Ferrari,38,0 days 00:01:30.638000,0 days 00:00:28.551000,0 days 00:00:37.042000,0 days 00:00:25.045000,Hard,20,2,,,1,True,0 days 01:32:05.015000,90.638,28.551,37.042,25.045,5525.015,5550.337,26.4,55.3,1000.7,False,43.7,16,1.5,False,True,False,EMIRATES FORMULA 1 70TH ANNIVERSARY GRAND PRIX 2020,Silverstone,Great Britain,,,Permanent,,,0.3150003309870032,0.4086806858050707,0.276318983207926,3,False,70th Anniversary Grand Prix,70th_anniversary_grand_prix,2020,2020-08-09,92.02232352941176,34,Closing,0.08599999999999852,False,False,False,True
MAG,Haas F1 Team,37,0 days 00:01:32.391000,0 days 00:00:29.129000,0 days 00:00:37.778000,0 days 00:00:25.484000,Hard,17,3,,,1,True,0 days 01:32:12.003000,92.391,29.129,37.778,25.484,5532.003,5550.337,26.4,55.3,1000.7,False,43.7,16,1.5,False,True,False,EMIRATES FORMULA 1 70TH ANNIVERSARY GRAND PRIX 2020,Silverstone,Great Britain,,,Permanent,,,0.31527962680347654,0.4088926410581117,0.2758277321384118,3,False,70th Anniversary Grand Prix,70th_anniversary_grand_prix,2020,2020-08-09,94.9223043478261,23,Closing,0.561000000000007,False,False,False,True
HUL,Racing Point,38,0 days 00:01:31.492000,0 days 00:00:29.031000,0 days 00:00:37.144000,0 days 00:00:25.317000,Hard,8,3,,,1,True,0 days 01:32:19.276000,91.492,29.031,37.144,25.317,5539.276,5550.337,26.4,55.3,1000.7,False,43.7,16,1.5,False,True,False,EMIRATES FORMULA 1 70TH ANNIVERSARY GRAND PRIX 2020,Silverstone,Great Britain,,,Permanent,,,0.31730643116338036,0.40598085078476803,0.2767127180518515,3,False,70th Anniversary Grand Prix,70th_anniversary_grand_prix,2020,2020-08-09,92.61228571428572,14,Mid,1.4050000000000011,False,False,False,True
STR,Racing Point,38,0 days 00:01:31.501000,0 days 00:00:29.059000,0 days 00:00:37.148000,0 days 00:00:25.294000,Hard,7,3,,,1,True,0 days 01:32:21.101000,91.501,29.059,37.148,25.294,5541.101,5550.337,26.4,55.3,1000.7,False,43.7,16,1.5,False,True,False,EMIRATES FORMULA 1 70TH ANNIVERSARY GRAND PRIX 2020,Silverstone,Great Britain,,,Permanent,,,0.31758122862045224,0.40598463404771534,0.2764341373318324,3,False,70th Anniversary Grand Prix,70th_anniversary_grand_prix,2020,2020-08-09,92.27328571428572,21,Closing,1.1219999999999999,False,False,False,True
ALB,Red Bull Racing,38,0 days 00:01:30.154000,0 days 00:00:28.709000,0 days 00:00:36.463000,0 days 00:00:24.982000,Hard,8,3,,,1,True,0 days 01:32:35.998000,90.154,28.709,36.463,24.982,5555.998,5550.337,26.4,55.3,1000.7,False,43.7,16,1.5,False,True,False,EMIRATES FORMULA 1 70TH ANNIVERSARY GRAND PRIX 2020,Silverstone,Great Britain,,,Permanent,,,0.3184439958293587,0.4044523814805777,0.27710362269006367,3,False,70th Anniversary Grand Prix,70th_anniversary_grand_prix,2020,2020-08-09,91.38277272727272,22,Closing,0.6769999999999925,False,False,False,True
OCO,Renault,38,0 days 00:01:32.425000,0 days 00:00:29.308000,0 days 00:00:37.735000,0 days 00:00:25.382000,Hard,16,2,,,1,True,0 days 01:32:44.222000,92.425,29.308,37.735,25.382,5564.222,5550.337,26.4,55.3,1000.7,False,43.7,16,1.5,False,True,False,EMIRATES FORMULA 1 70TH ANNIVERSARY GRAND PRIX 2020,Silverstone,Great Britain,,,Permanent,,,0.317100351636462,0.40827698133621854,0.27462266702731947,3,False,70th Anniversary Grand Prix,70th_anniversary_grand_prix,2020,2020-08-09,92.70673333333333,30,Closing,1.8499999999999943,False,False,False,True
NOR,McLaren,38,0 days 00:01:31.396000,0 days 00:00:28.923000,0 days 00:00:37.151000,0 days 00:00:25.322000,Hard,9,3,,,1,True,0 days 01:32:48.241000,91.396,28.923,37.151,25.322,5568.241,5550.337,26.4,55.3,1000.7,False,43.7,16,1.5,False,True,False,EMIRATES FORMULA 1 70TH ANNIVERSARY GRAND PRIX 2020,Silverstone,Great Britain,,,Permanent,,,0.31645805068055494,0.40648387237953526,0.27705807693990986,3,False,70th Anniversary Grand Prix,70th_anniversary_grand_prix,2020,2020-08-09,92.46134782608695,23,Closing,0.6980000000000075,False,False,False,True
KVY,AlphaTauri,38,0 days 00:01:31.318000,0 days 00:00:28.905000,0 days 00:00:37.225000,0 days 00:00:25.188000,Medium,3,3,,,1,True,0 days 01:32:54.488000,91.318,28.905,37.225,25.188,5574.488,5550.337,26.4,55.3,1000.7,False,43.7,16,1.5,False,True,False,EMIRATES FORMULA 1 70TH ANNIVERSARY GRAND PRIX 2020,Silverstone,Great Britain,,,Permanent,,,0.3165312424713638,0.4076414288530191,0.27582732867561705,3,False,70th Anniversary Grand Prix,70th_anniversary_grand_prix,2020,2020-08-09,92.25970588235293,17,Closing,0.5799999999999983,False,False,False,True
GAS,AlphaTauri,38,0 days 00:01:31.547000,0 days 00:00:29.035000,0 days 00:00:37.364000,0 days 00:00:25.148000,Hard,15,3,,,1,True,0 days 01:32:57.151000,91.547,29.035,37.364,25.148,5577.151,5550.337,26.4,55.3,1000.7,False,43.7,16,1.5,False,True,False,EMIRATES FORMULA 1 70TH ANNIVERSARY GRAND PRIX 2020,Silverstone,Great Britain,,,Permanent,,,0.3171594918457186,0.40814008105126326,0.2747004271030181,3,False,70th Anniversary Grand Prix,70th_anniversary_grand_prix,2020,2020-08-09,92.35106896551724,29,Closing,1.4549999999999983,False,False,False,True
VET,Ferrari,38,0 days 00:01:31.726000,0 days 00:00:28.512000,0 days 00:00:37.736000,0 days 00:00:25.478000,Medium,8,3,,,1,True,0 days 01:32:58.160000,91.726,28.512,37.736,25.478,5578.16,5550.337,26.4,55.3,1000.7,False,43.7,16,1.5,False,True,False,EMIRATES FORMULA 1 70TH ANNIVERSARY GRAND PRIX 2020,Silverstone,Great Britain,,,Permanent,,,0.31083880252055035,0.41139916708457797,0.2777620303948717,3,False,70th Anniversary Grand Prix,70th_anniversary_grand_prix,2020,2020-08-09,92.17536842105262,19,Closing,0.9410000000000025,False,False,False,True
SAI,McLaren,38,0 days 00:01:31.778000,0 days 00:00:28.623000,0 days 00:00:37.577000,0 days 00:00:25.578000,Hard,4,3,,,1,True,0 days 01:32:58.756000,91.778,28.623,37.577,25.578,5578.756,5550.337,26.4,55.3,1000.7,False,43.7,16,1.5,False,True,False,EMIRATES FORMULA 1 70TH ANNIVERSARY GRAND PRIX 2020,Silverstone,Great Britain,,,Permanent,,,0.31187212621761207,0.4094336333326069,0.27869424044978097,3,False,70th Anniversary Grand Prix,70th_anniversary_grand_prix,2020,2020-08-09,92.24666666666667,18,Closing,1.2220000000000084,False,False,False,True
GRO,Haas F1 Team,38,0 days 00:01:32.097000,0 days 00:00:29.432000,0 days 00:00:37.904000,0 days 00:00:24.761000,Hard,22,2,0 days 01:33:00.219000,,1,False,0 days 01:33:06.061000,92.097,29.432,37.904,24.761,5586.061,5610.358,26.5,55.1,1000.6,False,43.8,17,2.6,False,True,False,EMIRATES FORMULA 1 70TH ANNIVERSARY GRAND PRIX 2020,Silverstone,Great Britain,,,Permanent,38.0,,0.31957609911289186,0.41156606621279745,0.2688578346743108,3,False,70th Anniversary Grand Prix,70th_anniversary_grand_prix,2020,2020-08-09,94.24085714285714,21,Mid,1.3039999999999878,False,False,False,True
RAI,Alfa Romeo Racing,38,0 days 00:01:32.655000,0 days 00:00:29.096000,0 days 00:00:37.753000,0 days 00:00:25.806000,Medium,12,2,,,1,True,0 days 01:33:09.780000,92.655,29.096,37.753,25.806,5589.78,5610.358,26.5,55.1,1000.6,False,43.8,17,2.6,False,True,False,EMIRATES FORMULA 1 70TH ANNIVERSARY GRAND PRIX 2020,Silverstone,Great Britain,,,Permanent,,,0.3140251470508877,0.4074577734606875,0.2785170794884248,3,False,70th Anniversary Grand Prix,70th_anniversary_grand_prix,2020,2020-08-09,93.72435999999999,25,Closing,0.8990000000000009,False,False,False,True
RIC,Renault,38,0 days 00:01:32.306000,0 days 00:00:28.539000,0 days 00:00:38.312000,0 days 00:00:25.455000,Medium,5,4,,,1,True,0 days 01:33:10.006000,92.306,28.539,38.312,25.455,5590.006,5610.358,26.5,55.1,1000.6,False,43.8,17,2.6,False,True,False,EMIRATES FORMULA 1 70TH ANNIVERSARY GRAND PRIX 2020,Silverstone,Great Britain,,,Permanent,,,0.30917816826641825,0.4150542759950599,0.27576755573852185,3,False,70th Anniversary Grand Prix,70th_anniversary_grand_prix,2020,2020-08-09,93.24849999999999,16,Closing,1.137999999999991,False,False,False,True
RUS,Williams,38,0 days 00:01:33.077000,0 days 00:00:29.403000,0 days 00:00:38.043000,0 days 00:00:25.631000,Hard,14,3,,,1,True,0 days 01:33:12.544000,93.077,29.403,38.043,25.631,5592.544,5610.358,26.5,55.1,1000.6,False,43.8,17,2.6,False,True,False,EMIRATES FORMULA 1 70TH ANNIVERSARY GRAND PRIX 2020,Silverstone,Great Britain,,,Permanent,,,0.3158997389258356,0.4087261084908194,0.27537415258334497,3,False,70th Anniversary Grand Prix,70th_anniversary_grand_prix,2020,2020-08-09,93.8468,15,Mid,1.668999999999997,False,False,False,True
LAT,Williams,38,0 days 00:01:33.180000,0 days 00:00:29.185000,0 days 00:00:38.386000,0 days 00:00:25.609000,Hard,12,3,,,1,True,0 days 01:33:13.433000,93.18,29.185,38.386,25.609,5593.433,5610.358,26.5,55.1,1000.6,False,43.8,17,2.6,False,True,False,EMIRATES FORMULA 1 70TH ANNIVERSARY GRAND PRIX 2020,Silverstone,Great Britain,,,Permanent,,,0.3132109894827216,0.41195535522644344,0.2748336552908349,3,False,70th Anniversary Grand Prix,70th_anniversary_grand_prix,2020,2020-08-09,93.59700000000001,20,Mid,3.230000000000004,False,False,False,True
HAM,Mercedes,39,0 days 00:01:31.077000,0 days 00:00:28.966000,0 days 00:00:37.028000,0 days 00:00:25.083000,Hard,25,2,,,1,True,0 days 01:33:20.842000,91.077,28.966,37.028,25.083,5600.842,5610.358,26.5,55.1,1000.6,False,43.8,17,2.6,False,True,False,EMIRATES FORMULA 1 70TH ANNIVERSARY GRAND PRIX 2020,Silverstone,Great Britain,,,Permanent,,,0.31803858273768354,0.4065570890565126,0.27540432820580385,3,False,70th Anniversary Grand Prix,70th_anniversary_grand_prix,2020,2020-08-09,92.29803703703703,27,Mid,2.6260000000000048,False,False,False,True
GIO,Alfa Romeo Racing,38,0 days 00:01:32.203000,0 days 00:00:29.009000,0 days 00:00:37.668000,0 days 00:00:25.526000,Medium,5,3,,,1,True,0 days 01:33:25.131000,92.203,29.009,37.668,25.526,5605.131,5610.358,26.5,55.1,1000.6,False,43.8,17,2.6,False,True,False,EMIRATES FORMULA 1 70TH ANNIVERSARY GRAND PRIX 2020,Silverstone,Great Britain,,,Permanent,,,0.31462099931672505,0.40853334490200965,0.27684565578126524,3,False,70th Anniversary Grand Prix,70th_anniversary_grand_prix,2020,2020-08-09,93.73805555555556,18,Closing,0.37700000000000955,False,False,False,True
VER,Red Bull Racing,39,0 days 00:01:30.682000,0 days 00:00:28.744000,0 days 00:00:36.953000,0 days 00:00:24.985000,Hard,7,3,,,1,True,0 days 01:33:30.989000,90.682,28.744,36.953,24.985,5610.989,5610.358,26.5,55.1,1000.6,False,43.8,17,2.6,False,True,False,EMIRATES FORMULA 1 70TH ANNIVERSARY GRAND PRIX 2020,Silverstone,Great Britain,,,Permanent,,,0.3169758055622946,0.407500937341479,0.2755232570962264,3,False,70th Anniversary Grand Prix,70th_anniversary_grand_prix,2020,2020-08-09,91.20945,20,Closing,1.2169999999999987,False,False,False,True
BOT,Mercedes,39,0 days 00:01:30.997000,0 days 00:00:28.749000,0 days 00:00:37.251000,0 days 00:00:24.997000,Hard,7,3,,,1,True,0 days 01:33:34.013000,90.997,28.749,37.251,24.997,5614.013,5610.358,26.5,55.1,1000.6,False,43.8,17,2.6,False,True,False,EMIRATES FORMULA 1 70TH ANNIVERSARY GRAND PRIX 2020,Silverstone,Great Britain,,,Permanent,,,0.3159334923129334,0.409365143905843,0.27470136378122356,3,False,70th Anniversary Grand Prix,70th_anniversary_grand_prix,2020,2020-08-09,92.04515,20,Closing,1.2319999999999993,False,False,False,True
LEC,Ferrari,39,0 days 00:01:30.552000,0 days 00:00:28.477000,0 days 00:00:36.975000,0 days 00:00:25.100000,Hard,21,2,,,1,True,0 days 01:33:35.567000,90.552,28.477,36.975,25.1,5615.567,5610.358,26.5,55.1,1000.6,False,43.8,17,2.6,False,True,False,EMIRATES FORMULA 1 70TH ANNIVERSARY GRAND PRIX 2020,Silverstone,Great Britain,,,Permanent,,,0.3144822864210619,0.4083289159819772,0.27718879759696086,3,False,70th Anniversary Grand Prix,70th_anniversary_grand_prix,2020,2020-08-09,92.02232352941176,34,Closing,0.0,False,False,False,True
MAG,Haas F1 Team,38,0 days 00:01:32.298000,0 days 00:00:29.133000,0 days 00:00:37.762000,0 days 00:00:25.403000,Hard,18,3,,,1,True,0 days 01:33:44.301000,92.298,29.133,37.762,25.403,5624.301,5610.358,26.5,55.1,1000.6,False,43.8,17,2.6,False,True,False,EMIRATES FORMULA 1 70TH ANNIVERSARY GRAND PRIX 2020,Silverstone,Great Britain,,,Permanent,,,0.31564064226743804,0.40913129211900584,0.27522806561355606,3,False,70th Anniversary Grand Prix,70th_anniversary_grand_prix,2020,2020-08-09,94.9223043478261,23,Closing,0.4680000000000035,False,False,False,True
HUL,Racing Point,39,0 days 00:01:31.179000,0 days 00:00:29.018000,0 days 00:00:36.971000,0 days 00:00:25.190000,Hard,9,3,,,1,True,0 days 01:33:50.455000,91.179,29.018,36.971,25.19,5630.455,5610.358,26.5,55.1,1000.6,False,43.8,17,2.6,False,True,False,EMIRATES FORMULA 1 70TH ANNIVERSARY GRAND PRIX 2020,Silverstone,Great Britain,,,Permanent,,,0.3182531065267222,0.4054771383761611,0.27626975509711665,3,False,70th Anniversary Grand Prix,70th_anniversary_grand_prix,2020,2020-08-09,92.61228571428572,14,Mid,1.0919999999999987,False,False,False,True
STR,Racing Point,39,0 days 00:01:31.406000,0 days 00:00:28.976000,0 days 00:00:37.162000,0 days 00:00:25.268000,Hard,8,3,,,1,True,0 days 01:33:52.507000,91.406,28.976,37.162,25.268,5632.507,5610.358,26.5,55.1,1000.6,False,43.8,17,2.6,False,True,False,EMIRATES FORMULA 1 70TH ANNIVERSARY GRAND PRIX 2020,Silverstone,Great Britain,,,Permanent,,,0.31700326017985686,0.40655974443690784,0.27643699538323524,3,False,70th Anniversary Grand Prix,70th_anniversary_grand_prix,2020,2020-08-09,92.27328571428572,21,Closing,1.027000000000001,False,False,False,True
ALB,Red Bull Racing,39,0 days 00:01:30.360000,0 days 00:00:28.839000,0 days 00:00:36.538000,0 days 00:00:24.983000,Hard,9,3,,,1,True,0 days 01:34:06.358000,90.36,28.839,36.538,24.983,5646.358,5670.376,26.2,56.2,1000.7,False,43.6,2,1.7,False,True,False,EMIRATES FORMULA 1 70TH ANNIVERSARY GRAND PRIX 2020,Silverstone,Great Britain,,,Permanent,,,0.3191567065073041,0.40436033643204955,0.2764829570606463,3,False,70th Anniversary Grand Prix,70th_anniversary_grand_prix,2020,2020-08-09,91.38277272727272,22,Closing,0.8829999999999956,False,False,False,True
OCO,Renault,39,0 days 00:01:32.419000,0 days 00:00:29.291000,0 days 00:00:37.704000,0 days 00:00:25.424000,Hard,17,2,,,1,True,0 days 01:34:16.641000,92.419,29.291,37.704,25.424,5656.641,5670.376,26.2,56.2,1000.7,False,43.6,2,1.7,False,True,False,EMIRATES FORMULA 1 70TH ANNIVERSARY GRAND PRIX 2020,Silverstone,Great Britain,,,Permanent,,,0.31693699347536763,0.407968058516106,0.2750949480085264,3,False,70th Anniversary Grand Prix,70th_anniversary_grand_prix,2020,2020-08-09,92.70673333333333,30,Closing,1.843999999999994,False,False,False,True
NOR,McLaren,39,0 days 00:01:30.991000,0 days 00:00:29.034000,0 days 00:00:36.849000,0 days 00:00:25.108000,Hard,10,3,,,1,True,0 days 01:34:19.232000,90.991,29.034,36.849,25.108,5659.232,5670.376,26.2,56.2,1000.7,False,43.6,2,1.7,False,True,False,EMIRATES FORMULA 1 70TH ANNIVERSARY GRAND PRIX 2020,Silverstone,Great Britain,,,Permanent,,,0.31908650306074227,0.40497411831939417,0.2759393786198635,3,False,70th Anniversary Grand Prix,70th_anniversary_grand_prix,2020,2020-08-09,92.46134782608695,23,Closing,0.29300000000000637,False,False,False,True
KVY,AlphaTauri,39,0 days 00:01:31.339000,0 days 00:00:28.973000,0 days 00:00:37.149000,0 days 00:00:25.217000,Medium,4,3,,,1,True,0 days 01:34:25.827000,91.339,28.973,37.149,25.217,5665.827,5670.376,26.2,56.2,1000.7,False,43.6,2,1.7,False,True,False,EMIRATES FORMULA 1 70TH ANNIVERSARY GRAND PRIX 2020,Silverstone,Great Britain,,,Permanent,,,0.3172029472623961,0.40671564173025765,0.27608141100734623,3,False,70th Anniversary Grand Prix,70th_anniversary_grand_prix,2020,2020-08-09,92.25970588235293,17,Closing,0.6009999999999991,False,False,False,True
GAS,AlphaTauri,39,0 days 00:01:31.685000,0 days 00:00:29.097000,0 days 00:00:37.319000,0 days 00:00:25.269000,Hard,16,3,,,1,True,0 days 01:34:28.836000,91.685,29.097,37.319,25.269,5668.836,5670.376,26.2,56.2,1000.7,False,43.6,2,1.7,False,True,False,EMIRATES FORMULA 1 70TH ANNIVERSARY GRAND PRIX 2020,Silverstone,Great Britain,,,Permanent,,,0.3173583465125157,0.40703495664503464,0.27560669684244965,3,False,70th Anniversary Grand Prix,70th_anniversary_grand_prix,2020,2020-08-09,92.35106896551724,29,Closing,1.5930000000000035,False,False,False,True
VET,Ferrari,39,0 days 00:01:31.616000,0 days 00:00:28.565000,0 days 00:00:37.612000,0 days 00:00:25.439000,Medium,9,3,,,1,True,0 days 01:34:29.776000,91.616,28.565,37.612,25.439,5669.776,5670.376,26.2,56.2,1000.7,False,43.6,2,1.7,False,True,False,EMIRATES FORMULA 1 70TH ANNIVERSARY GRAND PRIX 2020,Silverstone,Great Britain,,,Permanent,,,0.31179051694027243,0.4105396437303528,0.2776698393293748,3,False,70th Anniversary Grand Prix,70th_anniversary_grand_prix,2020,2020-08-09,92.17536842105262,19,Closing,0.8310000000000031,False,False,False,True
SAI,McLaren,39,0 days 00:01:31.739000,0 days 00:00:28.781000,0 days 00:00:37.570000,0 days 00:00:25.388000,Hard,5,3,,,1,True,0 days 01:34:30.495000,91.739,28.781,37.57,25.388,5670.495,5670.376,26.2,56.2,1000.7,False,43.6,2,1.7,False,True,False,EMIRATES FORMULA 1 70TH ANNIVERSARY GRAND PRIX 2020,Silverstone,Great Britain,,,Permanent,,,0.3137269863416867,0.40953138795931937,0.2767416256989939,3,False,70th Anniversary Grand Prix,70th_anniversary_grand_prix,2020,2020-08-09,92.24666666666667,18,Closing,1.183000000000007,False,False,False,True
RIC,Renault,39,0 days 00:01:31.168000,0 days 00:00:29.064000,0 days 00:00:37.136000,0 days 00:00:24.968000,Medium,6,4,,,1,True,0 days 01:34:41.174000,91.168,29.064,37.136,24.968,5681.174,5670.376,26.2,56.2,1000.7,False,43.6,2,1.7,False,True,False,EMIRATES FORMULA 1 70TH ANNIVERSARY GRAND PRIX 2020,Silverstone,Great Britain,,,Permanent,,,0.31879606879606875,0.40733590733590735,0.27386802386802384,3,False,70th Anniversary Grand Prix,70th_anniversary_grand_prix,2020,2020-08-09,93.24849999999999,16,Closing,0.0,False,False,False,True
RAI,Alfa Romeo Racing,39,0 days 00:01:33.183000,0 days 00:00:29.456000,0 days 00:00:38.133000,0 days 00:00:25.594000,Medium,13,2,,,1,True,0 days 01:34:42.963000,93.183,29.456,38.133,25.594,5682.963,5670.376,26.2,56.2,1000.7,False,43.6,2,1.7,False,True,False,EMIRATES FORMULA 1 70TH ANNIVERSARY GRAND PRIX 2020,Silverstone,Great Britain,,,Permanent,,,0.31610916154234137,0.40922700492579117,0.2746638335318674,3,False,70th Anniversary Grand Prix,70th_anniversary_grand_prix,2020,2020-08-09,93.72435999999999,25,Closing,1.4270000000000067,False,False,False,True
RUS,Williams,39,0 days 00:01:33.123000,0 days 00:00:29.396000,0 days 00:00:38.865000,0 days 00:00:24.862000,Hard,15,3,0 days 01:34:41.237000,,1,False,0 days 01:34:45.667000,93.123,29.396,38.865,24.862,5685.667,5670.376,26.2,56.2,1000.7,False,43.6,2,1.7,False,True,False,EMIRATES FORMULA 1 70TH ANNIVERSARY GRAND PRIX 2020,Silverstone,Great Britain,,,Permanent,39.0,,0.3156685244246856,0.4173512451274121,0.2669802304479022,3,False,70th Anniversary Grand Prix,70th_anniversary_grand_prix,2020,2020-08-09,93.8468,15,Mid,1.7150000000000034,False,False,False,True
LAT,Williams,39,0 days 00:01:33.804000,0 days 00:00:29.226000,0 days 00:00:38.774000,0 days 00:00:25.804000,Hard,13,3,,,1,True,0 days 01:34:47.237000,93.804,29.226,38.774,25.804,5687.237,5670.376,26.2,56.2,1000.7,False,43.6,2,1.7,False,True,False,EMIRATES FORMULA 1 70TH ANNIVERSARY GRAND PRIX 2020,Silverstone,Great Britain,,,Permanent,,,0.3115645388256364,0.4133512430173553,0.27508421815700823,3,False,70th Anniversary Grand Prix,70th_anniversary_grand_prix,2020,2020-08-09,93.59700000000001,20,Mid,3.853999999999999,False,False,False,True
HAM,Mercedes,40,0 days 00:01:31.348000,0 days 00:00:29.094000,0 days 00:00:37.112000,0 days 00:00:25.142000,Hard,26,2,,,1,True,0 days 01:34:52.190000,91.348,29.094,37.112,25.142,5692.19,5670.376,26.2,56.2,1000.7,False,43.6,2,1.7,False,True,False,EMIRATES FORMULA 1 70TH ANNIVERSARY GRAND PRIX 2020,Silverstone,Great Britain,,,Permanent,,,0.31849629986425537,0.40627052590095025,0.27523317423479443,3,False,70th Anniversary Grand Prix,70th_anniversary_grand_prix,2020,2020-08-09,92.29803703703703,27,Mid,2.8970000000000056,False,False,False,True
GIO,Alfa Romeo Racing,39,0 days 00:01:32.135000,0 days 00:00:29.094000,0 days 00:00:37.602000,0 days 00:00:25.439000,Medium,6,3,,,1,True,0 days 01:34:57.266000,92.135,29.094,37.602,25.439,5697.266,5670.376,26.2,56.2,1000.7,False,43.6,2,1.7,False,True,False,EMIRATES FORMULA 1 70TH ANNIVERSARY GRAND PRIX 2020,Silverstone,Great Britain,,,Permanent,,,0.31577576382482225,0.4081185217344114,0.27610571444076626,3,False,70th Anniversary Grand Prix,70th_anniversary_grand_prix,2020,2020-08-09,93.73805555555556,18,Closing,0.3090000000000117,False,False,False,True
VER,Red Bull Racing,40,0 days 00:01:30.174000,0 days 00:00:28.792000,0 days 00:00:36.573000,0 days 00:00:24.809000,Hard,8,3,,,1,True,0 days 01:35:01.163000,90.174,28.792,36.573,24.809,5701.163,5730.374,26.3,55.7,1000.7,False,43.7,4,1.6,False,True,False,EMIRATES FORMULA 1 70TH ANNIVERSARY GRAND PRIX 2020,Silverstone,Great Britain,,,Permanent,,,0.31929380974560295,0.40558254042185105,0.27512364983254595,3,False,70th Anniversary Grand Prix,70th_anniversary_grand_prix,2020,2020-08-09,91.20945,20,Closing,0.7090000000000032,False,False,False,True
GRO,Haas F1 Team,39,0 days 00:01:56.257000,0 days 00:00:51.207000,0 days 00:00:37.969000,0 days 00:00:27.081000,Hard,1,3,,0 days 01:33:30.014000,1,False,0 days 01:35:02.318000,116.257,51.207,37.969,27.081,5702.318,5730.374,26.3,55.7,1000.7,False,43.7,4,1.6,False,True,False,EMIRATES FORMULA 1 70TH ANNIVERSARY GRAND PRIX 2020,Silverstone,Great Britain,,,Permanent,,,0.4404638000292455,0.3265953878046053,0.23294081216614912,3,False,70th Anniversary Grand Prix,70th_anniversary_grand_prix,2020,2020-08-09,93.722,13,Closing,25.464,False,False,False,True
BOT,Mercedes,40,0 days 00:01:30.612000,0 days 00:00:28.774000,0 days 00:00:36.960000,0 days 00:00:24.878000,Hard,8,3,,,1,True,0 days 01:35:04.625000,90.612,28.774,36.96,24.878,5704.625,5730.374,26.3,55.7,1000.7,False,43.7,4,1.6,False,True,False,EMIRATES FORMULA 1 70TH ANNIVERSARY GRAND PRIX 2020,Silverstone,Great Britain,,,Permanent,,,0.3175517591488986,0.40789299430539006,0.2745552465457114,3,False,70th Anniversary Grand Prix,70th_anniversary_grand_prix,2020,2020-08-09,92.04515,20,Closing,0.8469999999999942,False,False,False,True
LEC,Ferrari,40,0 days 00:01:30.753000,0 days 00:00:28.593000,0 days 00:00:37.076000,0 days 00:00:25.084000,Hard,22,2,,,1,True,0 days 01:35:06.320000,90.753,28.593,37.076,25.084,5706.32,5730.374,26.3,55.7,1000.7,False,43.7,4,1.6,False,True,False,EMIRATES FORMULA 1 70TH ANNIVERSARY GRAND PRIX 2020,Silverstone,Great Britain,,,Permanent,,,0.315063964827609,0.40853745881678843,0.27639857635560255,3,False,70th Anniversary Grand Prix,70th_anniversary_grand_prix,2020,2020-08-09,92.02232352941176,34,Closing,0.2009999999999934,False,False,False,True
MAG,Haas F1 Team,39,0 days 00:01:31.830000,0 days 00:00:29.077000,0 days 00:00:37.487000,0 days 00:00:25.266000,Hard,19,3,,,1,True,0 days 01:35:16.131000,91.83,29.077,37.487,25.266,5716.131,5730.374,26.3,55.7,1000.7,False,43.7,4,1.6,False,True,False,EMIRATES FORMULA 1 70TH ANNIVERSARY GRAND PRIX 2020,Silverstone,Great Britain,,,Permanent,,,0.31663944244800174,0.4082217140368072,0.2751388435151911,3,False,70th Anniversary Grand Prix,70th_anniversary_grand_prix,2020,2020-08-09,94.9223043478261,23,Closing,0.0,False,False,False,True
HUL,Racing Point,40,0 days 00:01:30.939000,0 days 00:00:28.891000,0 days 00:00:36.902000,0 days 00:00:25.146000,Hard,10,3,,,1,True,0 days 01:35:21.394000,90.939,28.891,36.902,25.146,5721.394,5730.374,26.3,55.7,1000.7,False,43.7,4,1.6,False,True,False,EMIRATES FORMULA 1 70TH ANNIVERSARY GRAND PRIX 2020,Silverstone,Great Britain,,,Permanent,,,0.31769647785878447,0.4057884955849526,0.27651502655626303,3,False,70th Anniversary Grand Prix,70th_anniversary_grand_prix,2020,2020-08-09,92.61228571428572,14,Mid,0.8519999999999897,False,False,False,True
STR,Racing Point,40,0 days 00:01:31.122000,0 days 00:00:28.894000,0 days 00:00:37.137000,0 days 00:00:25.091000,Hard,9,3,,,1,True,0 days 01:35:23.629000,91.122,28.894,37.137,25.091,5723.629,5730.374,26.3,55.7,1000.7,False,43.7,4,1.6,False,True,False,EMIRATES FORMULA 1 70TH ANNIVERSARY GRAND PRIX 2020,Silverstone,Great Britain,,,Permanent,,,0.31709137200676013,0.40755251201685655,0.2753561159763833,3,False,70th Anniversary Grand Prix,70th_anniversary_grand_prix,2020,2020-08-09,92.27328571428572,21,Closing,0.742999999999995,False,False,False,True
ALB,Red Bull Racing,40,0 days 00:01:30.245000,0 days 00:00:28.884000,0 days 00:00:36.392000,0 days 00:00:24.969000,Hard,10,3,,,1,True,0 days 01:35:36.603000,90.245,28.884,36.392,24.969,5736.603,5730.374,26.3,55.7,1000.7,False,43.7,4,1.6,False,True,False,EMIRATES FORMULA 1 70TH ANNIVERSARY GRAND PRIX 2020,Silverstone,Great Britain,,,Permanent,,,0.3200620532993518,0.40325779821596763,0.2766801484846806,3,False,70th Anniversary Grand Prix,70th_anniversary_grand_prix,2020,2020-08-09,91.38277272727272,22,Closing,0.7680000000000007,False,False,False,True
OCO,Renault,40,0 days 00:01:31.760000,0 days 00:00:29.112000,0 days 00:00:37.427000,0 days 00:00:25.221000,Hard,18,2,,,1,True,0 days 01:35:48.401000,91.76,29.112,37.427,25.221,5748.401,5730.374,26.3,55.7,1000.7,False,43.7,4,1.6,False,True,False,EMIRATES FORMULA 1 70TH ANNIVERSARY GRAND PRIX 2020,Silverstone,Great Britain,,,Permanent,,,0.31726242371403657,0.40787925021795984,0.2748583260680035,3,False,70th Anniversary Grand Prix,70th_anniversary_grand_prix,2020,2020-08-09,92.70673333333333,30,Closing,1.1850000000000023,False,False,False,True
NOR,McLaren,40,0 days 00:01:31.017000,0 days 00:00:28.966000,0 days 00:00:36.894000,0 days 00:00:25.157000,Hard,11,3,,,1,True,0 days 01:35:50.249000,91.017,28.966,36.894,25.157,5750.249,5730.374,26.3,55.7,1000.7,False,43.7,4,1.6,False,True,False,EMIRATES FORMULA 1 70TH ANNIVERSARY GRAND PRIX 2020,Silverstone,Great Britain,,,Permanent,,,0.31824823933990354,0.40535284617159434,0.2763989144885022,3,False,70th Anniversary Grand Prix,70th_anniversary_grand_prix,2020,2020-08-09,92.46134782608695,23,Closing,0.3190000000000026,False,False,False,True
KVY,AlphaTauri,40,0 days 00:01:31.096000,0 days 00:00:29.079000,0 days 00:00:37.061000,0 days 00:00:24.956000,Medium,5,3,,,1,True,0 days 01:35:56.923000,91.096,29.079,37.061,24.956,5756.923,5730.374,26.3,55.7,1000.7,False,43.7,4,1.6,False,True,False,EMIRATES FORMULA 1 70TH ANNIVERSARY GRAND PRIX 2020,Silverstone,Great Britain,,,Permanent,,,0.31921269869149027,0.4068345481689646,0.2739527531395451,3,False,70th Anniversary Grand Prix,70th_anniversary_grand_prix,2020,2020-08-09,92.25970588235293,17,Closing,0.3580000000000041,False,False,False,True
GAS,AlphaTauri,40,0 days 00:01:31.324000,0 days 00:00:28.999000,0 days 00:00:37.243000,0 days 00:00:25.082000,Hard,17,3,,,1,True,0 days 01:36:00.160000,91.324,28.999,37.243,25.082,5760.16,5730.374,26.3,55.7,1000.7,False,43.7,4,1.6,False,True,False,EMIRATES FORMULA 1 70TH ANNIVERSARY GRAND PRIX 2020,Silverstone,Great Britain,,,Permanent,,,0.3175397485874469,0.40781174718584384,0.27464850422670933,3,False,70th Anniversary Grand Prix,70th_anniversary_grand_prix,2020,2020-08-09,92.35106896551724,29,Closing,1.2319999999999993,False,False,False,True
VET,Ferrari,40,0 days 00:01:31.473000,0 days 00:00:28.455000,0 days 00:00:37.653000,0 days 00:00:25.365000,Medium,10,3,,,1,True,0 days 01:36:01.249000,91.473,28.455,37.653,25.365,5761.249,5790.408,26.4,55.4,1000.7,False,43.9,14,1.8,False,True,False,EMIRATES FORMULA 1 70TH ANNIVERSARY GRAND PRIX 2020,Silverstone,Great Britain,,,Permanent,,,0.31107539929815353,0.411629661211505,0.2772949394903414,3,False,70th Anniversary Grand Prix,70th_anniversary_grand_prix,2020,2020-08-09,92.17536842105262,19,Closing,0.6880000000000024,False,False,False,True
SAI,McLaren,40,0 days 00:01:31.939000,0 days 00:00:28.650000,0 days 00:00:37.869000,0 days 00:00:25.420000,Hard,6,3,,,1,True,0 days 01:36:02.434000,91.939,28.65,37.869,25.42,5762.434,5790.408,26.4,55.4,1000.7,False,43.9,14,1.8,False,True,False,EMIRATES FORMULA 1 70TH ANNIVERSARY GRAND PRIX 2020,Silverstone,Great Britain,,,Permanent,,,0.31161966086209336,0.41189266796462876,0.276487671173278,3,False,70th Anniversary Grand Prix,70th_anniversary_grand_prix,2020,2020-08-09,92.24666666666667,18,Closing,1.3829999999999956,False,False,False,True
RIC,Renault,40,0 days 00:01:31.290000,0 days 00:00:28.935000,0 days 00:00:37.276000,0 days 00:00:25.079000,Medium,7,4,,,1,True,0 days 01:36:12.464000,91.29,28.935,37.276,25.079,5772.464,5790.408,26.4,55.4,1000.7,False,43.9,14,1.8,False,True,False,EMIRATES FORMULA 1 70TH ANNIVERSARY GRAND PRIX 2020,Silverstone,Great Britain,,,Permanent,,,0.3169569503779165,0.40832511775659985,0.2747179318654836,3,False,70th Anniversary Grand Prix,70th_anniversary_grand_prix,2020,2020-08-09,93.24849999999999,16,Closing,0.12199999999999989,False,False,False,True
RAI,Alfa Romeo Racing,40,0 days 00:01:33.598000,0 days 00:00:29.533000,0 days 00:00:38.399000,0 days 00:00:25.666000,Medium,14,2,,,1,True,0 days 01:36:16.561000,93.598,29.533,38.399,25.666,5776.561,5790.408,26.4,55.4,1000.7,False,43.9,14,1.8,False,True,False,EMIRATES FORMULA 1 70TH ANNIVERSARY GRAND PRIX 2020,Silverstone,Great Britain,,,Permanent,,,0.31553024637278576,0.41025449261736363,0.27421526100985066,3,False,70th Anniversary Grand Prix,70th_anniversary_grand_prix,2020,2020-08-09,93.72435999999999,25,Closing,1.8419999999999987,False,False,False,True
LAT,Williams,40,0 days 00:01:32.722000,0 days 00:00:29.338000,0 days 00:00:37.682000,0 days 00:00:25.702000,Hard,14,3,,,1,True,0 days 01:36:19.959000,92.722,29.338,37.682,25.702,5779.959,5790.408,26.4,55.4,1000.7,False,43.9,14,1.8,False,True,False,EMIRATES FORMULA 1 70TH ANNIVERSARY GRAND PRIX 2020,Silverstone,Great Britain,,,Permanent,,,0.31640818791656783,0.4063976186881215,0.27719419339531076,3,False,70th Anniversary Grand Prix,70th_anniversary_grand_prix,2020,2020-08-09,93.59700000000001,20,Mid,2.7719999999999914,False,False,False,True
HAM,Mercedes,41,0 days 00:01:31.236000,0 days 00:00:29.094000,0 days 00:00:37.193000,0 days 00:00:24.949000,Hard,27,2,0 days 01:36:16.990000,,1,False,0 days 01:36:23.426000,91.236,29.094,37.193,24.949,5783.426,5790.408,26.4,55.4,1000.7,False,43.9,14,1.8,False,True,False,EMIRATES FORMULA 1 70TH ANNIVERSARY GRAND PRIX 2020,Silverstone,Great Britain,,,Permanent,41.0,,0.3188872813363146,0.40765706519356393,0.27345565347012146,3,False,70th Anniversary Grand Prix,70th_anniversary_grand_prix,2020,2020-08-09,92.29803703703703,27,Mid,2.785000000000011,False,False,False,True
GIO,Alfa Romeo Racing,40,0 days 00:01:32.150000,0 days 00:00:29.188000,0 days 00:00:37.543000,0 days 00:00:25.419000,Medium,7,3,,,1,True,0 days 01:36:29.416000,92.15,29.188,37.543,25.419,5789.416,5790.408,26.4,55.4,1000.7,False,43.9,14,1.8,False,True,False,EMIRATES FORMULA 1 70TH ANNIVERSARY GRAND PRIX 2020,Silverstone,Great Britain,,,Permanent,,,0.31674443841562666,0.4074118285404232,0.27584373304395005,3,False,70th Anniversary Grand Prix,70th_anniversary_grand_prix,2020,2020-08-09,93.73805555555556,18,Closing,0.3240000000000123,False,False,False,True
VER,Red Bull Racing,41,0 days 00:01:30.153000,0 days 00:00:28.602000,0 days 00:00:36.422000,0 days 00:00:25.129000,Hard,9,3,,,1,True,0 days 01:36:31.316000,90.153,28.602,36.422,25.129,5791.316,5790.408,26.4,55.4,1000.7,False,43.9,14,1.8,False,True,False,EMIRATES FORMULA 1 70TH ANNIVERSARY GRAND PRIX 2020,Silverstone,Great Britain,,,Permanent,,,0.31726065688329835,0.4040020853438044,0.2787372577728972,3,False,70th Anniversary Grand Prix,70th_anniversary_grand_prix,2020,2020-08-09,91.20945,20,Closing,0.6880000000000024,False,False,False,True
GRO,Haas F1 Team,40,0 days 00:01:31.217000,0 days 00:00:29.018000,0 days 00:00:37.114000,0 days 00:00:25.085000,Hard,2,3,,,1,True,0 days 01:36:33.535000,91.217,29.018,37.114,25.085,5793.535,5790.408,26.4,55.4,1000.7,False,43.9,14,1.8,False,True,False,EMIRATES FORMULA 1 70TH ANNIVERSARY GRAND PRIX 2020,Silverstone,Great Britain,,,Permanent,,,0.3181205257791859,0.40687591128846595,0.2750035629323481,3,False,70th Anniversary Grand Prix,70th_anniversary_grand_prix,2020,2020-08-09,93.722,13,Closing,0.4239999999999924,False,False,False,True
BOT,Mercedes,41,0 days 00:01:30.627000,0 days 00:00:28.776000,0 days 00:00:36.917000,0 days 00:00:24.934000,Hard,9,3,,,1,True,0 days 01:36:35.252000,90.627,28.776,36.917,24.934,5795.252,5790.408,26.4,55.4,1000.7,False,43.9,14,1.8,False,True,False,EMIRATES FORMULA 1 70TH ANNIVERSARY GRAND PRIX 2020,Silverstone,Great Britain,,,Permanent,,,0.31752126849614354,0.40735101018460285,0.27512772131925367,3,False,70th Anniversary Grand Prix,70th_anniversary_grand_prix,2020,2020-08-09,92.04515,20,Closing,0.8619999999999948,False,False,False,True
LEC,Ferrari,41,0 days 00:01:31.054000,0 days 00:00:28.633000,0 days 00:00:37.258000,0 days 00:00:25.163000,Hard,23,2,,,1,True,0 days 01:36:37.374000,91.054,28.633,37.258,25.163,5797.374,5790.408,26.4,55.4,1000.7,False,43.9,14,1.8,False,True,False,EMIRATES FORMULA 1 70TH ANNIVERSARY GRAND PRIX 2020,Silverstone,Great Britain,,,Permanent,,,0.31446174797372983,0.40918575790190437,0.27635249412436574,3,False,70th Anniversary Grand Prix,70th_anniversary_grand_prix,2020,2020-08-09,92.02232352941176,34,Closing,0.5019999999999953,False,False,False,True
RUS,Williams,40,0 days 00:01:53.030000,0 days 00:00:49.709000,0 days 00:00:38.052000,0 days 00:00:25.269000,Medium,6,4,,0 days 01:35:08.495000,1,False,0 days 01:36:38.697000,113.03,49.709,38.052,25.269,5798.697,5790.408,26.4,55.4,1000.7,False,43.9,14,1.8,False,True,False,EMIRATES FORMULA 1 70TH ANNIVERSARY GRAND PRIX 2020,Silverstone,Great Britain,,,Permanent,,,0.43978589754932323,0.3366539856675219,0.2235601167831549,3,False,70th Anniversary Grand Prix,70th_anniversary_grand_prix,2020,2020-08-09,93.7885,12,Closing,21.622,False,False,False,True
MAG,Haas F1 Team,40,0 days 00:01:32.133000,0 days 00:00:29.091000,0 days 00:00:37.740000,0 days 00:00:25.302000,Hard,20,3,,,1,True,0 days 01:36:48.264000,92.133,29.091,37.74,25.302,5808.264,5790.408,26.4,55.4,1000.7,False,43.9,14,1.8,False,True,False,EMIRATES FORMULA 1 70TH ANNIVERSARY GRAND PRIX 2020,Silverstone,Great Britain,,,Permanent,,,0.31575005698284003,0.40962521572075156,0.27462472729640847,3,False,70th Anniversary Grand Prix,70th_anniversary_grand_prix,2020,2020-08-09,94.9223043478261,23,Closing,0.30299999999999727,False,False,False,True
HUL,Racing Point,41,0 days 00:01:31.485000,0 days 00:00:28.953000,0 days 00:00:37.277000,0 days 00:00:25.255000,Hard,11,3,,,1,True,0 days 01:36:52.879000,91.485,28.953,37.277,25.255,5812.879,5790.408,26.4,55.4,1000.7,False,43.9,14,1.8,False,True,False,EMIRATES FORMULA 1 70TH ANNIVERSARY GRAND PRIX 2020,Silverstone,Great Britain,,,Permanent,,,0.31647811116576485,0.4074657047603432,0.2760561840738919,3,False,70th Anniversary Grand Prix,70th_anniversary_grand_prix,2020,2020-08-09,92.61228571428572,14,Mid,1.3979999999999961,False,False,False,True
STR,Racing Point,41,0 days 00:01:31.430000,0 days 00:00:28.974000,0 days 00:00:37.211000,0 days 00:00:25.245000,Hard,10,3,,,1,True,0 days 01:36:55.059000,91.43,28.974,37.211,25.245,5815.059,5790.408,26.4,55.4,1000.7,False,43.9,14,1.8,False,True,False,EMIRATES FORMULA 1 70TH ANNIVERSARY GRAND PRIX 2020,Silverstone,Great Britain,,,Permanent,,,0.31689817346603955,0.4069889532976047,0.2761128732363557,3,False,70th Anniversary Grand Prix,70th_anniversary_grand_prix,2020,2020-08-09,92.27328571428572,21,Closing,1.051000000000002,False,False,False,True
ALB,Red Bull Racing,41,0 days 00:01:29.899000,0 days 00:00:28.725000,0 days 00:00:36.307000,0 days 00:00:24.867000,Hard,11,3,,,1,True,0 days 01:37:06.502000,89.899,28.725,36.307,24.867,5826.502,5850.384,26.4,56.1,1000.7,False,43.7,48,1.8,False,True,False,EMIRATES FORMULA 1 70TH ANNIVERSARY GRAND PRIX 2020,Silverstone,Great Britain,,,Permanent,,,0.3195252449971635,0.4038643366444566,0.27661041835837996,3,False,70th Anniversary Grand Prix,70th_anniversary_grand_prix,2020,2020-08-09,91.38277272727272,22,Closing,0.42199999999999704,False,False,False,True
OCO,Renault,41,0 days 00:01:32.199000,0 days 00:00:29.106000,0 days 00:00:37.674000,0 days 00:00:25.419000,Hard,19,2,,,1,True,0 days 01:37:20.600000,92.199,29.106,37.674,25.419,5840.6,5850.384,26.4,56.1,1000.7,False,43.7,48,1.8,False,True,False,EMIRATES FORMULA 1 70TH ANNIVERSARY GRAND PRIX 2020,Silverstone,Great Britain,,,Permanent,,,0.3156867211141119,0.4086161455113396,0.27569713337454854,3,False,70th Anniversary Grand Prix,70th_anniversary_grand_prix,2020,2020-08-09,92.70673333333333,30,Closing,1.6239999999999952,False,False,False,True
NOR,McLaren,41,0 days 00:01:31.546000,0 days 00:00:29.129000,0 days 00:00:37.092000,0 days 00:00:25.325000,Hard,12,3,,,1,True,0 days 01:37:21.795000,91.546,29.129,37.092,25.325,5841.795,5850.384,26.4,56.1,1000.7,False,43.7,48,1.8,False,True,False,EMIRATES FORMULA 1 70TH ANNIVERSARY GRAND PRIX 2020,Silverstone,Great Britain,,,Permanent,,,0.3181897625237585,0.4051733554715662,0.27663688200467523,3,False,70th Anniversary Grand Prix,70th_anniversary_grand_prix,2020,2020-08-09,92.46134782608695,23,Closing,0.8480000000000132,False,False,False,True
KVY,AlphaTauri,41,0 days 00:01:31.316000,0 days 00:00:29.044000,0 days 00:00:37.203000,0 days 00:00:25.069000,Medium,6,3,,,1,True,0 days 01:37:28.239000,91.316,29.044,37.203,25.069,5848.239,5850.384,26.4,56.1,1000.7,False,43.7,48,1.8,False,True,False,EMIRATES FORMULA 1 70TH ANNIVERSARY GRAND PRIX 2020,Silverstone,Great Britain,,,Permanent,,,0.31806036182049147,0.407409435367296,0.2745302028122125,3,False,70th Anniversary Grand Prix,70th_anniversary_grand_prix,2020,2020-08-09,92.25970588235293,17,Closing,0.578000000000003,False,False,False,True
GAS,AlphaTauri,41,0 days 00:01:31.290000,0 days 00:00:28.856000,0 days 00:00:37.303000,0 days 00:00:25.131000,Hard,18,3,,,1,True,0 days 01:37:31.450000,91.29,28.856,37.303,25.131,5851.45,5850.384,26.4,56.1,1000.7,False,43.7,48,1.8,False,True,False,EMIRATES FORMULA 1 70TH ANNIVERSARY GRAND PRIX 2020,Silverstone,Great Britain,,,Permanent,,,0.3160915762953226,0.4086208785190053,0.275287545185672,3,False,70th Anniversary Grand Prix,70th_anniversary_grand_prix,2020,2020-08-09,92.35106896551724,29,Closing,1.1980000000000075,False,False,False,True
VET,Ferrari,41,0 days 00:01:31.156000,0 days 00:00:28.503000,0 days 00:00:37.407000,0 days 00:00:25.246000,Medium,11,3,,,1,True,0 days 01:37:32.405000,91.156,28.503,37.407,25.246,5852.405,5850.384,26.4,56.1,1000.7,False,43.7,48,1.8,False,True,False,EMIRATES FORMULA 1 70TH ANNIVERSARY GRAND PRIX 2020,Silverstone,Great Britain,,,Permanent,,,0.3126837509324674,0.41036245557066997,0.2769537934968625,3,False,70th Anniversary Grand Prix,70th_anniversary_grand_prix,2020,2020-08-09,92.17536842105262,19,Closing,0.3710000000000093,False,False,False,True
SAI,McLaren,41,0 days 00:01:31.474000,0 days 00:00:28.853000,0 days 00:00:37.279000,0 days 00:00:25.342000,Hard,7,3,,,1,True,0 days 01:37:33.908000,91.474,28.853,37.279,25.342,5853.908,5850.384,26.4,56.1,1000.7,False,43.7,48,1.8,False,True,False,EMIRATES FORMULA 1 70TH ANNIVERSARY GRAND PRIX 2020,Silverstone,Great Britain,,,Permanent,,,0.3154229617158974,0.4075365677678903,0.2770404705162122,3,False,70th Anniversary Grand Prix,70th_anniversary_grand_prix,2020,2020-08-09,92.24666666666667,18,Closing,0.9180000000000064,False,False,False,True
RIC,Renault,41,0 days 00:01:31.910000,0 days 00:00:28.892000,0 days 00:00:37.833000,0 days 00:00:25.185000,Medium,8,4,,,1,True,0 days 01:37:44.374000,91.91,28.892,37.833,25.185,5864.374,5850.384,26.4,56.1,1000.7,False,43.7,48,1.8,False,True,False,EMIRATES FORMULA 1 70TH ANNIVERSARY GRAND PRIX 2020,Silverstone,Great Britain,,,Permanent,,,0.31435099553911433,0.41163094331411165,0.274018061146774,3,False,70th Anniversary Grand Prix,70th_anniversary_grand_prix,2020,2020-08-09,93.24849999999999,16,Closing,0.7419999999999902,False,False,False,True
RAI,Alfa Romeo Racing,41,0 days 00:01:33.222000,0 days 00:00:29.533000,0 days 00:00:37.998000,0 days 00:00:25.691000,Medium,15,2,,,1,True,0 days 01:37:49.783000,93.222,29.533,37.998,25.691,5869.783,5850.384,26.4,56.1,1000.7,False,43.7,48,1.8,False,True,False,EMIRATES FORMULA 1 70TH ANNIVERSARY GRAND PRIX 2020,Silverstone,Great Britain,,,Permanent,,,0.31680290060286204,0.4076076462637575,0.2755894531333805,3,False,70th Anniversary Grand Prix,70th_anniversary_grand_prix,2020,2020-08-09,93.72435999999999,25,Closing,1.465999999999994,False,False,False,True
LAT,Williams,41,0 days 00:01:32.964000,0 days 00:00:29.538000,0 days 00:00:37.846000,0 days 00:00:25.580000,Hard,15,3,,,1,True,0 days 01:37:52.923000,92.964,29.538,37.846,25.58,5872.923,5850.384,26.4,56.1,1000.7,False,43.7,48,1.8,False,True,False,EMIRATES FORMULA 1 70TH ANNIVERSARY GRAND PRIX 2020,Silverstone,Great Britain,,,Permanent,,,0.3177358977668775,0.407103825136612,0.2751602770965105,3,False,70th Anniversary Grand Prix,70th_anniversary_grand_prix,2020,2020-08-09,93.59700000000001,20,Mid,3.013999999999996,False,False,False,True
VER,Red Bull Racing,42,0 days 00:01:30.102000,0 days 00:00:28.635000,0 days 00:00:36.542000,0 days 00:00:24.925000,Hard,10,3,,,1,True,0 days 01:38:01.418000,90.102,28.635,36.542,24.925,5881.418,5910.382,26.2,56.5,1000.7,False,44.1,245,2.4,False,True,False,EMIRATES FORMULA 1 70TH ANNIVERSARY GRAND PRIX 2020,Silverstone,Great Britain,,,Permanent,,,0.3178064859825531,0.4055625846263124,0.2766309293911345,3,False,70th Anniversary Grand Prix,70th_anniversary_grand_prix,2020,2020-08-09,91.20945,20,Closing,0.6370000000000005,False,False,False,True
GIO,Alfa Romeo Racing,41,0 days 00:01:33.817000,0 days 00:00:29.168000,0 days 00:00:39.215000,0 days 00:00:25.434000,Medium,8,3,,,1,True,0 days 01:38:03.233000,93.817,29.168,39.215,25.434,5883.233,5910.382,26.2,56.5,1000.7,False,44.1,245,2.4,False,True,False,EMIRATES FORMULA 1 70TH ANNIVERSARY GRAND PRIX 2020,Silverstone,Great Britain,,,Permanent,,,0.31090314122174023,0.41799460652120624,0.27110225225705364,3,False,70th Anniversary Grand Prix,70th_anniversary_grand_prix,2020,2020-08-09,93.73805555555556,18,Closing,1.9909999999999997,False,False,False,True
BOT,Mercedes,42,0 days 00:01:30.477000,0 days 00:00:28.801000,0 days 00:00:36.946000,0 days 00:00:24.730000,Hard,10,3,,,1,True,0 days 01:38:05.729000,90.477,28.801,36.946,24.73,5885.729,5910.382,26.2,56.5,1000.7,False,44.1,245,2.4,False,True,False,EMIRATES FORMULA 1 70TH ANNIVERSARY GRAND PRIX 2020,Silverstone,Great Britain,,,Permanent,,,0.31832399394321204,0.40834687268587594,0.2733291333709119,3,False,70th Anniversary Grand Prix,70th_anniversary_grand_prix,2020,2020-08-09,92.04515,20,Closing,0.7120000000000033,False,False,False,True
GRO,Haas F1 Team,41,0 days 00:01:33.192000,0 days 00:00:28.969000,0 days 00:00:37.309000,0 days 00:00:26.914000,Hard,3,3,,,1,True,0 days 01:38:06.727000,93.192,28.969,37.309,26.914,5886.727,5910.382,26.2,56.5,1000.7,False,44.1,245,2.4,False,True,False,EMIRATES FORMULA 1 70TH ANNIVERSARY GRAND PRIX 2020,Silverstone,Great Britain,,,Permanent,,,0.3108528629066873,0.40034552322087735,0.2888016138724354,3,False,70th Anniversary Grand Prix,70th_anniversary_grand_prix,2020,2020-08-09,93.722,13,Closing,2.3989999999999867,False,False,False,True
LEC,Ferrari,42,0 days 00:01:31.212000,0 days 00:00:28.629000,0 days 00:00:37.333000,0 days 00:00:25.250000,Hard,24,2,,,1,True,0 days 01:38:08.586000,91.212,28.629,37.333,25.25,5888.586,5910.382,26.2,56.5,1000.7,False,44.1,245,2.4,False,True,False,EMIRATES FORMULA 1 70TH ANNIVERSARY GRAND PRIX 2020,Silverstone,Great Britain,,,Permanent,,,0.3138731745822918,0.4092992150155681,0.27682761040214005,3,False,70th Anniversary Grand Prix,70th_anniversary_grand_prix,2020,2020-08-09,92.02232352941176,34,Closing,0.6599999999999966,False,False,False,True
RUS,Williams,41,0 days 00:01:31.837000,0 days 00:00:29.175000,0 days 00:00:37.298000,0 days 00:00:25.364000,Medium,7,4,,,1,True,0 days 01:38:10.534000,91.837,29.175,37.298,25.364,5890.534,5910.382,26.2,56.5,1000.7,False,44.1,245,2.4,False,True,False,EMIRATES FORMULA 1 70TH ANNIVERSARY GRAND PRIX 2020,Silverstone,Great Britain,,,Permanent,,,0.31768241558413274,0.40613260450580924,0.276184979910058,3,False,70th Anniversary Grand Prix,70th_anniversary_grand_prix,2020,2020-08-09,93.7885,12,Closing,0.42900000000000205,False,False,False,True
HAM,Mercedes,42,0 days 00:01:49.543000,0 days 00:00:49.309000,0 days 00:00:35.923000,0 days 00:00:24.311000,Hard,1,3,,0 days 01:36:46.577000,1,False,0 days 01:38:12.969000,109.543,49.309,35.923,24.311,5892.969,5910.382,26.2,56.5,1000.7,False,44.1,245,2.4,False,True,False,EMIRATES FORMULA 1 70TH ANNIVERSARY GRAND PRIX 2020,Silverstone,Great Britain,,,Permanent,,,0.4501337374364404,0.3279351487543704,0.22193111380918906,3,False,70th Anniversary Grand Prix,70th_anniversary_grand_prix,2020,2020-08-09,91.55754545454546,11,Closing,21.092000000000013,False,False,False,True
MAG,Haas F1 Team,41,0 days 00:01:32.755000,0 days 00:00:29.170000,0 days 00:00:38.066000,0 days 00:00:25.519000,Hard,21,3,,,1,True,0 days 01:38:21.019000,92.755,29.17,38.066,25.519,5901.019,5910.382,26.2,56.5,1000.7,False,44.1,245,2.4,False,True,False,EMIRATES FORMULA 1 70TH ANNIVERSARY GRAND PRIX 2020,Silverstone,Great Britain,,,Permanent,,,0.31448439437227105,0.4103929707293408,0.27512263489838823,3,False,70th Anniversary Grand Prix,70th_anniversary_grand_prix,2020,2020-08-09,94.9223043478261,23,Closing,0.9249999999999972,False,False,False,True
HUL,Racing Point,42,0 days 00:01:31.889000,0 days 00:00:29.175000,0 days 00:00:37.326000,0 days 00:00:25.388000,Hard,12,3,,,1,True,0 days 01:38:24.768000,91.889,29.175,37.326,25.388,5904.768,5910.382,26.2,56.5,1000.7,False,44.1,245,2.4,False,True,False,EMIRATES FORMULA 1 70TH ANNIVERSARY GRAND PRIX 2020,Silverstone,Great Britain,,,Permanent,,,0.31750263905364084,0.4062074894709922,0.27628987147536704,3,False,70th Anniversary Grand Prix,70th_anniversary_grand_prix,2020,2020-08-09,92.61228571428572,14,Mid,1.8019999999999925,False,False,False,True
STR,Racing Point,42,0 days 00:01:31.520000,0 days 00:00:29.233000,0 days 00:00:36.986000,0 days 00:00:25.301000,Hard,11,3,,,1,True,0 days 01:38:26.579000,91.52,29.233,36.986,25.301,5906.579,5910.382,26.2,56.5,1000.7,False,44.1,245,2.4,False,True,False,EMIRATES FORMULA 1 70TH ANNIVERSARY GRAND PRIX 2020,Silverstone,Great Britain,,,Permanent,,,0.319416520979021,0.4041302447552447,0.27645323426573426,3,False,70th Anniversary Grand Prix,70th_anniversary_grand_prix,2020,2020-08-09,92.27328571428572,21,Closing,1.1409999999999911,False,False,False,True
ALB,Red Bull Racing,42,0 days 00:01:29.986000,0 days 00:00:28.716000,0 days 00:00:36.357000,0 days 00:00:24.913000,Hard,12,3,,,1,True,0 days 01:38:36.488000,89.986,28.716,36.357,24.913,5916.488,5910.382,26.2,56.5,1000.7,False,44.1,245,2.4,False,True,False,EMIRATES FORMULA 1 70TH ANNIVERSARY GRAND PRIX 2020,Silverstone,Great Britain,,,Permanent,,,0.31911630698108595,0.40402951570244255,0.27685417731647144,3,False,70th Anniversary Grand Prix,70th_anniversary_grand_prix,2020,2020-08-09,91.38277272727272,22,Closing,0.5090000000000003,False,False,False,True
OCO,Renault,42,0 days 00:01:31.609000,0 days 00:00:29.198000,0 days 00:00:37.273000,0 days 00:00:25.138000,Hard,20,2,,,1,True,0 days 01:38:52.209000,91.609,29.198,37.273,25.138,5932.209,5910.382,26.2,56.5,1000.7,False,44.1,245,2.4,False,True,False,EMIRATES FORMULA 1 70TH ANNIVERSARY GRAND PRIX 2020,Silverstone,Great Britain,,,Permanent,,,0.318724142824395,0.4068705039897827,0.2744053531858224,3,False,70th Anniversary Grand Prix,70th_anniversary_grand_prix,2020,2020-08-09,92.70673333333333,30,Closing,1.0339999999999918,False,False,False,True
NOR,McLaren,42,0 days 00:01:31.417000,0 days 00:00:28.928000,0 days 00:00:37.219000,0 days 00:00:25.270000,Hard,13,3,,,1,True,0 days 01:38:53.212000,91.417,28.928,37.219,25.27,5933.212,5910.382,26.2,56.5,1000.7,False,44.1,245,2.4,False,True,False,EMIRATES FORMULA 1 70TH ANNIVERSARY GRAND PRIX 2020,Silverstone,Great Britain,,,Permanent,,,0.31644004944375775,0.40713434043996194,0.2764256101162803,3,False,70th Anniversary Grand Prix,70th_anniversary_grand_prix,2020,2020-08-09,92.46134782608695,23,Closing,0.7190000000000083,False,False,False,True
KVY,AlphaTauri,42,0 days 00:01:31.082000,0 days 00:00:28.980000,0 days 00:00:37.073000,0 days 00:00:25.029000,Medium,7,3,,,1,True,0 days 01:38:59.321000,91.082,28.98,37.073,25.029,5939.321,5910.382,26.2,56.5,1000.7,False,44.1,245,2.4,False,True,False,EMIRATES FORMULA 1 70TH ANNIVERSARY GRAND PRIX 2020,Silverstone,Great Britain,,,Permanent,,,0.31817483147054304,0.40702883116312777,0.27479633736632925,3,False,70th Anniversary Grand Prix,70th_anniversary_grand_prix,2020,2020-08-09,92.25970588235293,17,Closing,0.3439999999999941,False,False,False,True
GAS,AlphaTauri,42,0 days 00:01:31.271000,0 days 00:00:28.829000,0 days 00:00:37.300000,0 days 00:00:25.142000,Hard,19,3,,,1,True,0 days 01:39:02.721000,91.271,28.829,37.3,25.142,5942.721,5970.379,26.3,56.6,1000.6,False,44.1,7,0.7,False,True,False,EMIRATES FORMULA 1 70TH ANNIVERSARY GRAND PRIX 2020,Silverstone,Great Britain,,,Permanent,,,0.31586155514895203,0.4086730724983839,0.27546537235266405,3,False,70th Anniversary Grand Prix,70th_anniversary_grand_prix,2020,2020-08-09,92.35106896551724,29,Closing,1.179000000000002,False,False,False,True
VET,Ferrari,42,0 days 00:01:31.326000,0 days 00:00:28.542000,0 days 00:00:37.543000,0 days 00:00:25.241000,Medium,12,3,,,1,True,0 days 01:39:03.731000,91.326,28.542,37.543,25.241,5943.731,5970.379,26.3,56.6,1000.6,False,44.1,7,0.7,False,True,False,EMIRATES FORMULA 1 70TH ANNIVERSARY GRAND PRIX 2020,Silverstone,Great Britain,,,Permanent,,,0.31252874318375934,0.41108775157129407,0.2763835052449467,3,False,70th Anniversary Grand Prix,70th_anniversary_grand_prix,2020,2020-08-09,92.17536842105262,19,Closing,0.5409999999999968,False,False,False,True
SAI,McLaren,42,0 days 00:01:31.186000,0 days 00:00:28.813000,0 days 00:00:37.209000,0 days 00:00:25.164000,Hard,8,3,,,1,True,0 days 01:39:05.094000,91.186,28.813,37.209,25.164,5945.094,5970.379,26.3,56.6,1000.6,False,44.1,7,0.7,False,True,False,EMIRATES FORMULA 1 70TH ANNIVERSARY GRAND PRIX 2020,Silverstone,Great Britain,,,Permanent,,,0.3159805233259491,0.4080560612374707,0.27596341543658015,3,False,70th Anniversary Grand Prix,70th_anniversary_grand_prix,2020,2020-08-09,92.24666666666667,18,Closing,0.6300000000000097,False,False,False,True
RIC,Renault,42,0 days 00:01:31.817000,0 days 00:00:29.193000,0 days 00:00:37.601000,0 days 00:00:25.023000,Medium,9,4,,,1,True,0 days 01:39:16.191000,91.817,29.193,37.601,25.023,5956.191,5970.379,26.3,56.6,1000.6,False,44.1,7,0.7,False,True,False,EMIRATES FORMULA 1 70TH ANNIVERSARY GRAND PRIX 2020,Silverstone,Great Britain,,,Permanent,,,0.31794765675201764,0.4095211126479846,0.27253123059999784,3,False,70th Anniversary Grand Prix,70th_anniversary_grand_prix,2020,2020-08-09,93.24849999999999,16,Closing,0.6489999999999867,False,False,False,True
RAI,Alfa Romeo Racing,42,0 days 00:01:33.456000,0 days 00:00:29.514000,0 days 00:00:38.275000,0 days 00:00:25.667000,Medium,16,2,,,1,True,0 days 01:39:23.239000,93.456,29.514,38.275,25.667,5963.239,5970.379,26.3,56.6,1000.6,False,44.1,7,0.7,False,True,False,EMIRATES FORMULA 1 70TH ANNIVERSARY GRAND PRIX 2020,Silverstone,Great Britain,,,Permanent,,,0.3158063687724704,0.40955101866118815,0.27464261256634137,3,False,70th Anniversary Grand Prix,70th_anniversary_grand_prix,2020,2020-08-09,93.72435999999999,25,Closing,1.7000000000000028,False,False,False,True
LAT,Williams,42,0 days 00:01:32.692000,0 days 00:00:29.320000,0 days 00:00:37.940000,0 days 00:00:25.432000,Hard,16,3,,,1,True,0 days 01:39:25.615000,92.692,29.32,37.94,25.432,5965.615,5970.379,26.3,56.6,1000.6,False,44.1,7,0.7,False,True,False,EMIRATES FORMULA 1 70TH ANNIVERSARY GRAND PRIX 2020,Silverstone,Great Britain,,,Permanent,,,0.3163164027100505,0.40931256203340094,0.2743710352565486,3,False,70th Anniversary Grand Prix,70th_anniversary_grand_prix,2020,2020-08-09,93.59700000000001,20,Mid,2.7419999999999902,False,False,False,True
VER,Red Bull Racing,43,0 days 00:01:30.160000,0 days 00:00:28.742000,0 days 00:00:36.540000,0 days 00:00:24.878000,Hard,11,3,,,1,True,0 days 01:39:31.578000,90.16,28.742,36.54,24.878,5971.578,5970.379,26.3,56.6,1000.6,False,44.1,7,0.7,False,True,False,EMIRATES FORMULA 1 70TH ANNIVERSARY GRAND PRIX 2020,Silverstone,Great Britain,,,Permanent,,,0.3187888198757764,0.4052795031055901,0.2759316770186335,3,False,70th Anniversary Grand Prix,70th_anniversary_grand_prix,2020,2020-08-09,91.20945,20,Closing,0.6949999999999932,False,False,False,True
BOT,Mercedes,43,0 days 00:01:30.672000,0 days 00:00:28.844000,0 days 00:00:36.645000,0 days 00:00:25.183000,Hard,11,3,,,1,True,0 days 01:39:36.401000,90.672,28.844,36.645,25.183,5976.401,5970.379,26.3,56.6,1000.6,False,44.1,7,0.7,False,True,False,EMIRATES FORMULA 1 70TH ANNIVERSARY GRAND PRIX 2020,Silverstone,Great Britain,,,Permanent,,,0.3181136403740957,0.4041490206458444,0.27773733898006,3,False,70th Anniversary Grand Prix,70th_anniversary_grand_prix,2020,2020-08-09,92.04515,20,Closing,0.9069999999999965,False,False,False,True
GIO,Alfa Romeo Racing,42,0 days 00:01:33.704000,0 days 00:00:29.314000,0 days 00:00:37.589000,0 days 00:00:26.801000,Medium,9,3,,,1,True,0 days 01:39:36.937000,93.704,29.314,37.589,26.801,5976.937,5970.379,26.3,56.6,1000.6,False,44.1,7,0.7,False,True,False,EMIRATES FORMULA 1 70TH ANNIVERSARY GRAND PRIX 2020,Silverstone,Great Britain,,,Permanent,,,0.312836164944933,0.4011461623836763,0.2860176726713908,3,False,70th Anniversary Grand Prix,70th_anniversary_grand_prix,2020,2020-08-09,93.73805555555556,18,Closing,1.8780000000000001,False,False,False,True
LEC,Ferrari,43,0 days 00:01:31.122000,0 days 00:00:28.567000,0 days 00:00:37.273000,0 days 00:00:25.282000,Hard,25,2,,,1,True,0 days 01:39:39.708000,91.122,28.567,37.273,25.282,5979.708,5970.379,26.3,56.6,1000.6,False,44.1,7,0.7,False,True,False,EMIRATES FORMULA 1 70TH ANNIVERSARY GRAND PRIX 2020,Silverstone,Great Britain,,,Permanent,,,0.313502776497443,0.4090450165711903,0.27745220693136674,3,False,70th Anniversary Grand Prix,70th_anniversary_grand_prix,2020,2020-08-09,92.02232352941176,34,Closing,0.5699999999999932,False,False,False,True
GRO,Haas F1 Team,42,0 days 00:01:34.229000,0 days 00:00:29.024000,0 days 00:00:39.618000,0 days 00:00:25.587000,Hard,4,3,,,1,True,0 days 01:39:40.956000,94.229,29.024,39.618,25.587,5980.956,5970.379,26.3,56.6,1000.6,False,44.1,7,0.7,False,True,False,EMIRATES FORMULA 1 70TH ANNIVERSARY GRAND PRIX 2020,Silverstone,Great Britain,,,Permanent,,,0.3080155790680152,0.4204438124144372,0.2715406085175477,3,False,70th Anniversary Grand Prix,70th_anniversary_grand_prix,2020,2020-08-09,93.722,13,Closing,3.435999999999993,False,False,False,True
HAM,Mercedes,43,0 days 00:01:28.451000,0 days 00:00:28.333000,0 days 00:00:35.694000,0 days 00:00:24.424000,Hard,2,3,,,1,True,0 days 01:39:41.420000,88.451,28.333,35.694,24.424,5981.42,5970.379,26.3,56.6,1000.6,False,44.1,7,0.7,False,True,False,EMIRATES FORMULA 1 70TH ANNIVERSARY GRAND PRIX 2020,Silverstone,Great Britain,,,Permanent,,,0.3203242473233768,0.4035454658511493,0.276130286825474,3,False,70th Anniversary Grand Prix,70th_anniversary_grand_prix,2020,2020-08-09,91.55754545454546,11,Closing,0.0,False,False,False,True
RUS,Williams,42,0 days 00:01:32.817000,0 days 00:00:29.039000,0 days 00:00:38.773000,0 days 00:00:25.005000,Medium,8,4,,,1,True,0 days 01:39:43.351000,92.817,29.039,38.773,25.005,5983.351,5970.379,26.3,56.6,1000.6,False,44.1,7,0.7,False,True,False,EMIRATES FORMULA 1 70TH ANNIVERSARY GRAND PRIX 2020,Silverstone,Great Britain,,,Permanent,,,0.31286294536561193,0.4177359750907701,0.2694010795436181,3,False,70th Anniversary Grand Prix,70th_anniversary_grand_prix,2020,2020-08-09,93.7885,12,Closing,1.4089999999999918,False,False,False,True
MAG,Haas F1 Team,42,0 days 00:01:33.623000,0 days 00:00:29.406000,0 days 00:00:38.573000,0 days 00:00:25.644000,Hard,22,3,,,1,True,0 days 01:39:54.642000,93.623,29.406,38.573,25.644,5994.642,5970.379,26.3,56.6,1000.6,False,44.1,7,0.7,False,True,False,EMIRATES FORMULA 1 70TH ANNIVERSARY GRAND PRIX 2020,Silverstone,Great Britain,,,Permanent,,,0.31408948655779023,0.41200346068807875,0.2739070527541309,3,False,70th Anniversary Grand Prix,70th_anniversary_grand_prix,2020,2020-08-09,94.9223043478261,23,Closing,1.7930000000000064,False,False,False,True
HUL,Racing Point,43,0 days 00:01:31.363000,0 days 00:00:29.088000,0 days 00:00:37.003000,0 days 00:00:25.272000,Hard,13,3,,,1,True,0 days 01:39:56.131000,91.363,29.088,37.003,25.272,5996.131,5970.379,26.3,56.6,1000.6,False,44.1,7,0.7,False,True,False,EMIRATES FORMULA 1 70TH ANNIVERSARY GRAND PRIX 2020,Silverstone,Great Britain,,,Permanent,,,0.31837833696354106,0.4050107811696201,0.27661088186683885,3,False,70th Anniversary Grand Prix,70th_anniversary_grand_prix,2020,2020-08-09,92.61228571428572,14,Mid,1.2759999999999962,False,False,False,True
STR,Racing Point,43,0 days 00:01:31.686000,0 days 00:00:29.036000,0 days 00:00:37.364000,0 days 00:00:25.286000,Hard,12,3,,,1,True,0 days 01:39:58.265000,91.686,29.036,37.364,25.286,5998.265,5970.379,26.3,56.6,1000.6,False,44.1,7,0.7,False,True,False,EMIRATES FORMULA 1 70TH ANNIVERSARY GRAND PRIX 2020,Silverstone,Great Britain,,,Permanent,,,0.31668957092685907,0.40752132277556,0.27578910629758085,3,False,70th Anniversary Grand Prix,70th_anniversary_grand_prix,2020,2020-08-09,92.27328571428572,21,Closing,1.3070000000000022,False,False,False,True
ALB,Red Bull Racing,43,0 days 00:01:29.719000,0 days 00:00:28.717000,0 days 00:00:36.184000,0 days 00:00:24.818000,Hard,13,3,,,1,True,0 days 01:40:06.207000,89.719,28.717,36.184,24.818,6006.207,6030.377,26.4,55.2,1000.7,False,44.3,15,2.0,False,True,False,EMIRATES FORMULA 1 70TH ANNIVERSARY GRAND PRIX 2020,Silverstone,Great Britain,,,Permanent,,,0.32007712970496777,0.4033036480567104,0.2766192222383219,3,False,70th Anniversary Grand Prix,70th_anniversary_grand_prix,2020,2020-08-09,91.38277272727272,22,Closing,0.24199999999999022,False,False,False,True
OCO,Renault,43,0 days 00:01:31.118000,0 days 00:00:29.006000,0 days 00:00:37.023000,0 days 00:00:25.089000,Hard,21,2,,,1,True,0 days 01:40:23.327000,91.118,29.006,37.023,25.089,6023.327,6030.377,26.4,55.2,1000.7,False,44.3,15,2.0,False,True,False,EMIRATES FORMULA 1 70TH ANNIVERSARY GRAND PRIX 2020,Silverstone,Great Britain,,,Permanent,,,0.3183344673939288,0.4063192782984702,0.2753462543076011,3,False,70th Anniversary Grand Prix,70th_anniversary_grand_prix,2020,2020-08-09,92.70673333333333,30,Closing,0.5429999999999922,False,False,False,True
NOR,McLaren,43,0 days 00:01:30.976000,0 days 00:00:28.853000,0 days 00:00:36.935000,0 days 00:00:25.188000,Hard,14,3,,,1,True,0 days 01:40:24.188000,90.976,28.853,36.935,25.188,6024.188,6030.377,26.4,55.2,1000.7,False,44.3,15,2.0,False,True,False,EMIRATES FORMULA 1 70TH ANNIVERSARY GRAND PRIX 2020,Silverstone,Great Britain,,,Permanent,,,0.3171495779106578,0.40598619416109744,0.2768642279282448,3,False,70th Anniversary Grand Prix,70th_anniversary_grand_prix,2020,2020-08-09,92.46134782608695,23,Closing,0.2780000000000058,False,False,False,True
KVY,AlphaTauri,43,0 days 00:01:30.761000,0 days 00:00:28.804000,0 days 00:00:36.873000,0 days 00:00:25.084000,Medium,8,3,,,1,True,0 days 01:40:30.082000,90.761,28.804,36.873,25.084,6030.082,6030.377,26.4,55.2,1000.7,False,44.3,15,2.0,False,True,False,EMIRATES FORMULA 1 70TH ANNIVERSARY GRAND PRIX 2020,Silverstone,Great Britain,,,Permanent,,,0.31736098103811106,0.40626480536794435,0.27637421359394454,3,False,70th Anniversary Grand Prix,70th_anniversary_grand_prix,2020,2020-08-09,92.25970588235293,17,Closing,0.022999999999996135,False,False,False,True
GAS,AlphaTauri,43,0 days 00:01:30.955000,0 days 00:00:28.876000,0 days 00:00:37.022000,0 days 00:00:25.057000,Hard,20,3,,,1,True,0 days 01:40:33.676000,90.955,28.876,37.022,25.057,6033.676,6030.377,26.4,55.2,1000.7,False,44.3,15,2.0,False,True,False,EMIRATES FORMULA 1 70TH ANNIVERSARY GRAND PRIX 2020,Silverstone,Great Britain,,,Permanent,,,0.317475674784234,0.4070364465944698,0.27548787862129626,3,False,70th Anniversary Grand Prix,70th_anniversary_grand_prix,2020,2020-08-09,92.35106896551724,29,Closing,0.8629999999999995,False,False,False,True
VET,Ferrari,43,0 days 00:01:30.950000,0 days 00:00:28.472000,0 days 00:00:37.434000,0 days 00:00:25.044000,Medium,13,3,,,1,True,0 days 01:40:34.681000,90.95,28.472,37.434,25.044,6034.681,6030.377,26.4,55.2,1000.7,False,44.3,15,2.0,False,True,False,EMIRATES FORMULA 1 70TH ANNIVERSARY GRAND PRIX 2020,Silverstone,Great Britain,,,Permanent,,,0.3130511269928532,0.4115887850467289,0.27536008796041783,3,False,70th Anniversary Grand Prix,70th_anniversary_grand_prix,2020,2020-08-09,92.17536842105262,19,Closing,0.16500000000000625,False,False,False,True
SAI,McLaren,43,0 days 00:01:30.999000,0 days 00:00:28.811000,0 days 00:00:37.031000,0 days 00:00:25.157000,Hard,9,3,,,1,True,0 days 01:40:36.093000,90.999,28.811,37.031,25.157,6036.093,6030.377,26.4,55.2,1000.7,False,44.3,15,2.0,False,True,False,EMIRATES FORMULA 1 70TH ANNIVERSARY GRAND PRIX 2020,Silverstone,Great Britain,,,Permanent,,,0.31660787481181113,0.40693853778612954,0.2764535874020594,3,False,70th Anniversary Grand Prix,70th_anniversary_grand_prix,2020,2020-08-09,92.24666666666667,18,Closing,0.44299999999999784,False,False,False,True
RIC,Renault,43,0 days 00:01:32.314000,0 days 00:00:29.346000,0 days 00:00:37.726000,0 days 00:00:25.242000,Medium,10,4,,,1,True,0 days 01:40:48.505000,92.314,29.346,37.726,25.242,6048.505,6030.377,26.4,55.2,1000.7,False,44.3,15,2.0,False,True,False,EMIRATES FORMULA 1 70TH ANNIVERSARY GRAND PRIX 2020,Silverstone,Great Britain,,,Permanent,,,0.3178932772927184,0.40867040752215267,0.27343631518512906,3,False,70th Anniversary Grand Prix,70th_anniversary_grand_prix,2020,2020-08-09,93.24849999999999,16,Closing,1.1459999999999866,False,False,False,True
RAI,Alfa Romeo Racing,43,0 days 00:01:33.128000,0 days 00:00:29.524000,0 days 00:00:38.051000,0 days 00:00:25.553000,Medium,17,2,,,1,True,0 days 01:40:56.367000,93.128,29.524,38.051,25.553,6056.367,6030.377,26.4,55.2,1000.7,False,44.3,15,2.0,False,True,False,EMIRATES FORMULA 1 70TH ANNIVERSARY GRAND PRIX 2020,Silverstone,Great Britain,,,Permanent,,,0.31702602869169316,0.40858817970964695,0.27438579159865994,3,False,70th Anniversary Grand Prix,70th_anniversary_grand_prix,2020,2020-08-09,93.72435999999999,25,Closing,1.3719999999999999,False,False,False,True
LAT,Williams,43,0 days 00:01:32.870000,0 days 00:00:29.349000,0 days 00:00:38.051000,0 days 00:00:25.470000,Hard,17,3,,,1,True,0 days 01:40:58.485000,92.87,29.349,38.051,25.47,6058.485,6030.377,26.4,55.2,1000.7,False,44.3,15,2.0,False,True,False,EMIRATES FORMULA 1 70TH ANNIVERSARY GRAND PRIX 2020,Silverstone,Great Britain,,,Permanent,,,0.3160223968988909,0.4097232690858189,0.27425433401529015,3,False,70th Anniversary Grand Prix,70th_anniversary_grand_prix,2020,2020-08-09,93.59700000000001,20,Mid,2.9200000000000017,False,False,False,True
VER,Red Bull Racing,44,0 days 00:01:29.540000,0 days 00:00:28.494000,0 days 00:00:36.368000,0 days 00:00:24.678000,Hard,12,3,,,1,True,0 days 01:41:01.118000,89.54,28.494,36.368,24.678,6061.118,6090.37,26.2,56.6,1000.8,False,44.3,20,1.4,False,True,False,EMIRATES FORMULA 1 70TH ANNIVERSARY GRAND PRIX 2020,Silverstone,Great Britain,,,Permanent,,,0.31822649095376365,0.4061648425284789,0.2756086665177574,3,False,70th Anniversary Grand Prix,70th_anniversary_grand_prix,2020,2020-08-09,91.20945,20,Closing,0.07500000000000284,False,False,False,True
BOT,Mercedes,44,0 days 00:01:29.765000,0 days 00:00:28.658000,0 days 00:00:36.475000,0 days 00:00:24.632000,Hard,12,3,,,1,True,0 days 01:41:06.166000,89.765,28.658,36.475,24.632,6066.166,6090.37,26.2,56.6,1000.8,False,44.3,20,1.4,False,True,False,EMIRATES FORMULA 1 70TH ANNIVERSARY GRAND PRIX 2020,Silverstone,Great Britain,,,Permanent,,,0.3192558346794408,0.406338773464045,0.27440539185651425,3,False,70th Anniversary Grand Prix,70th_anniversary_grand_prix,2020,2020-08-09,92.04515,20,Closing,0.0,False,False,False,True
GIO,Alfa Romeo Racing,43,0 days 00:01:32.134000,0 days 00:00:29.092000,0 days 00:00:37.757000,0 days 00:00:25.285000,Medium,10,3,,,1,True,0 days 01:41:09.071000,92.134,29.092,37.757,25.285,6069.071,6090.37,26.2,56.6,1000.8,False,44.3,20,1.4,False,True,False,EMIRATES FORMULA 1 70TH ANNIVERSARY GRAND PRIX 2020,Silverstone,Great Britain,,,Permanent,,,0.3157574836650965,0.4098052836086569,0.27443723272624654,3,False,70th Anniversary Grand Prix,70th_anniversary_grand_prix,2020,2020-08-09,93.73805555555556,18,Closing,0.30800000000000693,False,False,False,True
LEC,Ferrari,44,0 days 00:01:30.832000,0 days 00:00:28.503000,0 days 00:00:37.206000,0 days 00:00:25.123000,Hard,26,2,,,1,True,0 days 01:41:10.540000,90.832,28.503,37.206,25.123,6070.54,6090.37,26.2,56.6,1000.8,False,44.3,20,1.4,False,True,False,EMIRATES FORMULA 1 70TH ANNIVERSARY GRAND PRIX 2020,Silverstone,Great Britain,,,Permanent,,,0.3137991016381892,0.4096133521226,0.2765875462392109,3,False,70th Anniversary Grand Prix,70th_anniversary_grand_prix,2020,2020-08-09,92.02232352941176,34,Closing,0.2799999999999869,False,False,False,True
HAM,Mercedes,44,0 days 00:01:29.625000,0 days 00:00:28.403000,0 days 00:00:36.091000,0 days 00:00:25.131000,Hard,3,3,,,1,True,0 days 01:41:11.045000,89.625,28.403,36.091,25.131,6071.045,6090.37,26.2,56.6,1000.8,False,44.3,20,1.4,False,True,False,EMIRATES FORMULA 1 70TH ANNIVERSARY GRAND PRIX 2020,Silverstone,Great Britain,,,Permanent,,,0.31690934449093444,0.4026889818688982,0.2804016736401674,3,False,70th Anniversary Grand Prix,70th_anniversary_grand_prix,2020,2020-08-09,91.55754545454546,11,Closing,1.1740000000000066,False,False,False,True
GRO,Haas F1 Team,43,0 days 00:01:31.865000,0 days 00:00:29.404000,0 days 00:00:37.366000,0 days 00:00:25.095000,Hard,5,3,,,1,True,0 days 01:41:12.821000,91.865,29.404,37.366,25.095,6072.821,6090.37,26.2,56.6,1000.8,False,44.3,20,1.4,False,True,False,EMIRATES FORMULA 1 70TH ANNIVERSARY GRAND PRIX 2020,Silverstone,Great Britain,,,Permanent,,,0.32007837587764654,0.40674903390845263,0.27317259021390083,3,False,70th Anniversary Grand Prix,70th_anniversary_grand_prix,2020,2020-08-09,93.722,13,Closing,1.0719999999999885,False,False,False,True
RUS,Williams,43,0 days 00:01:32.364000,0 days 00:00:29.285000,0 days 00:00:37.483000,0 days 00:00:25.596000,Medium,9,4,,,1,True,0 days 01:41:15.715000,92.364,29.285,37.483,25.596,6075.715,6090.37,26.2,56.6,1000.8,False,44.3,20,1.4,False,True,False,EMIRATES FORMULA 1 70TH ANNIVERSARY GRAND PRIX 2020,Silverstone,Great Britain,,,Permanent,,,0.31706075960330865,0.4058182841799835,0.2771209562167078,3,False,70th Anniversary Grand Prix,70th_anniversary_grand_prix,2020,2020-08-09,93.7885,12,Closing,0.9560000000000031,False,False,False,True
HUL,Racing Point,44,0 days 00:01:31.426000,0 days 00:00:29.066000,0 days 00:00:37.547000,0 days 00:00:24.813000,Hard,14,3,0 days 01:41:21.720000,,1,False,0 days 01:41:27.557000,91.426,29.066,37.547,24.813,6087.557,6090.37,26.2,56.6,1000.8,False,44.3,20,1.4,False,True,False,EMIRATES FORMULA 1 70TH ANNIVERSARY GRAND PRIX 2020,Silverstone,Great Britain,,,Permanent,44.0,,0.31791831645265023,0.4106818629273948,0.27139982061995493,3,False,70th Anniversary Grand Prix,70th_anniversary_grand_prix,2020,2020-08-09,92.61228571428572,14,Mid,1.3389999999999986,False,False,False,True
STR,Racing Point,44,0 days 00:01:31.670000,0 days 00:00:29.043000,0 days 00:00:37.430000,0 days 00:00:25.197000,Hard,13,3,,,1,True,0 days 01:41:29.935000,91.67,29.043,37.43,25.197,6089.935,6090.37,26.2,56.6,1000.8,False,44.3,20,1.4,False,True,False,EMIRATES FORMULA 1 70TH ANNIVERSARY GRAND PRIX 2020,Silverstone,Great Britain,,,Permanent,,,0.31682120650158174,0.4083124250027272,0.27486636849569107,3,False,70th Anniversary Grand Prix,70th_anniversary_grand_prix,2020,2020-08-09,92.27328571428572,21,Closing,1.2909999999999968,False,False,False,True
MAG,Haas F1 Team,43,0 days 00:01:37.962000,0 days 00:00:29.244000,0 days 00:00:42.765000,0 days 00:00:25.953000,Hard,23,3,0 days 01:41:26.641000,,1,False,0 days 01:41:32.604000,97.962,29.244,42.765,25.953,6092.604,6090.37,26.2,56.6,1000.8,False,44.3,20,1.4,False,True,False,EMIRATES FORMULA 1 70TH ANNIVERSARY GRAND PRIX 2020,Silverstone,Great Britain,,,Permanent,43.0,,0.29852391743737366,0.436546824278802,0.2649292582838243,3,False,70th Anniversary Grand Prix,70th_anniversary_grand_prix,2020,2020-08-09,94.9223043478261,23,Closing,6.132000000000005,False,False,False,True
ALB,Red Bull Racing,44,0 days 00:01:29.910000,0 days 00:00:28.749000,0 days 00:00:36.276000,0 days 00:00:24.885000,Hard,14,3,,,1,True,0 days 01:41:36.117000,89.91,28.749,36.276,24.885,6096.117,6090.37,26.2,56.6,1000.8,False,44.3,20,1.4,False,True,False,EMIRATES FORMULA 1 70TH ANNIVERSARY GRAND PRIX 2020,Silverstone,Great Britain,,,Permanent,,,0.3197530864197531,0.4034701368034702,0.2767767767767768,3,False,70th Anniversary Grand Prix,70th_anniversary_grand_prix,2020,2020-08-09,91.38277272727272,22,Closing,0.4329999999999927,False,False,False,True
OCO,Renault,44,0 days 00:01:31.397000,0 days 00:00:28.966000,0 days 00:00:37.176000,0 days 00:00:25.255000,Hard,22,2,,,1,True,0 days 01:41:54.724000,91.397,28.966,37.176,25.255,6114.724,6090.37,26.2,56.6,1000.8,False,44.3,20,1.4,False,True,False,EMIRATES FORMULA 1 70TH ANNIVERSARY GRAND PRIX 2020,Silverstone,Great Britain,,,Permanent,,,0.3169250631858814,0.4067529568804228,0.27632197993369584,3,False,70th Anniversary Grand Prix,70th_anniversary_grand_prix,2020,2020-08-09,92.70673333333333,30,Closing,0.8220000000000027,False,False,False,True
NOR,McLaren,44,0 days 00:01:31.269000,0 days 00:00:29.048000,0 days 00:00:37.058000,0 days 00:00:25.163000,Hard,15,3,,,1,True,0 days 01:41:55.457000,91.269,29.048,37.058,25.163,6115.457,6090.37,26.2,56.6,1000.8,False,44.3,20,1.4,False,True,False,EMIRATES FORMULA 1 70TH ANNIVERSARY GRAND PRIX 2020,Silverstone,Great Britain,,,Permanent,,,0.3182679770787452,0.40603052515092747,0.27570149777032726,3,False,70th Anniversary Grand Prix,70th_anniversary_grand_prix,2020,2020-08-09,92.46134782608695,23,Closing,0.5710000000000122,False,False,False,True
KVY,AlphaTauri,44,0 days 00:01:30.799000,0 days 00:00:28.932000,0 days 00:00:36.850000,0 days 00:00:25.017000,Medium,9,3,,,1,True,0 days 01:42:00.881000,90.799,28.932,36.85,25.017,6120.881,6150.381,26.4,55.9,1000.7,False,44.1,5,1.4,False,True,False,EMIRATES FORMULA 1 70TH ANNIVERSARY GRAND PRIX 2020,Silverstone,Great Britain,,,Permanent,,,0.3186378704611284,0.40584147402504434,0.2755206555138272,3,False,70th Anniversary Grand Prix,70th_anniversary_grand_prix,2020,2020-08-09,92.25970588235293,17,Closing,0.06100000000000705,False,False,False,True
GAS,AlphaTauri,44,0 days 00:01:31.075000,0 days 00:00:28.844000,0 days 00:00:37.174000,0 days 00:00:25.057000,Hard,21,3,,,1,True,0 days 01:42:04.751000,91.075,28.844,37.174,25.057,6124.751,6150.381,26.4,55.9,1000.7,False,44.1,5,1.4,False,True,False,EMIRATES FORMULA 1 70TH ANNIVERSARY GRAND PRIX 2020,Silverstone,Great Britain,,,Permanent,,,0.31670601152895966,0.40816909140818003,0.27512489706286025,3,False,70th Anniversary Grand Prix,70th_anniversary_grand_prix,2020,2020-08-09,92.35106896551724,29,Closing,0.9830000000000041,False,False,False,True
VET,Ferrari,44,0 days 00:01:31.002000,0 days 00:00:28.455000,0 days 00:00:37.429000,0 days 00:00:25.118000,Medium,14,3,,,1,True,0 days 01:42:05.683000,91.002,28.455,37.429,25.118,6125.683,6150.381,26.4,55.9,1000.7,False,44.1,5,1.4,False,True,False,EMIRATES FORMULA 1 70TH ANNIVERSARY GRAND PRIX 2020,Silverstone,Great Britain,,,Permanent,,,0.3126854354849344,0.4112986527768621,0.27601591173820356,3,False,70th Anniversary Grand Prix,70th_anniversary_grand_prix,2020,2020-08-09,92.17536842105262,19,Closing,0.21699999999999875,False,False,False,True
SAI,McLaren,44,0 days 00:01:30.942000,0 days 00:00:28.840000,0 days 00:00:37.019000,0 days 00:00:25.083000,Hard,10,3,,,1,True,0 days 01:42:07.035000,90.942,28.84,37.019,25.083,6127.035,6150.381,26.4,55.9,1000.7,False,44.1,5,1.4,False,True,False,EMIRATES FORMULA 1 70TH ANNIVERSARY GRAND PRIX 2020,Silverstone,Great Britain,,,Permanent,,,0.31712520067735483,0.40706164368498604,0.2758131556376592,3,False,70th Anniversary Grand Prix,70th_anniversary_grand_prix,2020,2020-08-09,92.24666666666667,18,Closing,0.3859999999999957,False,False,False,True
RIC,Renault,44,0 days 00:01:31.725000,0 days 00:00:29.044000,0 days 00:00:37.621000,0 days 00:00:25.060000,Medium,11,4,,,1,True,0 days 01:42:20.230000,91.725,29.044,37.621,25.06,6140.23,6150.381,26.4,55.9,1000.7,False,44.1,5,1.4,False,True,False,EMIRATES FORMULA 1 70TH ANNIVERSARY GRAND PRIX 2020,Silverstone,Great Britain,,,Permanent,,,0.31664213682202236,0.41014990460615974,0.27320795857181795,3,False,70th Anniversary Grand Prix,70th_anniversary_grand_prix,2020,2020-08-09,93.24849999999999,16,Closing,0.556999999999988,False,False,False,True
RAI,Alfa Romeo Racing,44,0 days 00:01:32.827000,0 days 00:00:29.280000,0 days 00:00:38.068000,0 days 00:00:25.479000,Medium,18,2,,,1,True,0 days 01:42:29.194000,92.827,29.28,38.068,25.479,6149.194,6150.381,26.4,55.9,1000.7,False,44.1,5,1.4,False,True,False,EMIRATES FORMULA 1 70TH ANNIVERSARY GRAND PRIX 2020,Silverstone,Great Britain,,,Permanent,,,0.3154254688829759,0.4100962004589182,0.27447833065810595,3,False,70th Anniversary Grand Prix,70th_anniversary_grand_prix,2020,2020-08-09,93.72435999999999,25,Closing,1.070999999999998,False,False,False,True
VER,Red Bull Racing,45,0 days 00:01:29.822000,0 days 00:00:28.392000,0 days 00:00:36.667000,0 days 00:00:24.763000,Hard,13,3,,,1,True,0 days 01:42:30.940000,89.822,28.392,36.667,24.763,6150.94,6150.381,26.4,55.9,1000.7,False,44.1,5,1.4,False,True,False,EMIRATES FORMULA 1 70TH ANNIVERSARY GRAND PRIX 2020,Silverstone,Great Britain,,,Permanent,,,0.31609182605597735,0.40821847654249516,0.2756896974015275,3,False,70th Anniversary Grand Prix,70th_anniversary_grand_prix,2020,2020-08-09,91.20945,20,Closing,0.3569999999999993,False,False,False,True
LAT,Williams,44,0 days 00:01:33.531000,0 days 00:00:29.242000,0 days 00:00:37.826000,0 days 00:00:26.463000,Hard,18,3,,,1,True,0 days 01:42:32.016000,93.531,29.242,37.826,26.463,6152.016,6150.381,26.4,55.9,1000.7,False,44.1,5,1.4,False,True,False,EMIRATES FORMULA 1 70TH ANNIVERSARY GRAND PRIX 2020,Silverstone,Great Britain,,,Permanent,,,0.31264500539927936,0.40442206327313934,0.28293293132758124,3,False,70th Anniversary Grand Prix,70th_anniversary_grand_prix,2020,2020-08-09,93.59700000000001,20,Mid,3.581000000000003,False,False,False,True
BOT,Mercedes,45,0 days 00:01:29.814000,0 days 00:00:28.615000,0 days 00:00:36.473000,0 days 00:00:24.726000,Hard,13,3,,,1,True,0 days 01:42:35.980000,89.814,28.615,36.473,24.726,6155.98,6150.381,26.4,55.9,1000.7,False,44.1,5,1.4,False,True,False,EMIRATES FORMULA 1 70TH ANNIVERSARY GRAND PRIX 2020,Silverstone,Great Britain,,,Permanent,,,0.31860289041797496,0.4060948181797938,0.2753022914022313,3,False,70th Anniversary Grand Prix,70th_anniversary_grand_prix,2020,2020-08-09,92.04515,20,Closing,0.04899999999999238,False,False,False,True
HAM,Mercedes,45,0 days 00:01:29.997000,0 days 00:00:28.465000,0 days 00:00:37.123000,0 days 00:00:24.409000,Hard,4,3,,,1,True,0 days 01:42:41.042000,89.997,28.465,37.123,24.409,6161.042,6150.381,26.4,55.9,1000.7,False,44.1,5,1.4,False,True,False,EMIRATES FORMULA 1 70TH ANNIVERSARY GRAND PRIX 2020,Silverstone,Great Britain,,,Permanent,,,0.31628832072180185,0.41249152749536094,0.2712201517828372,3,False,70th Anniversary Grand Prix,70th_anniversary_grand_prix,2020,2020-08-09,91.55754545454546,11,Closing,1.5460000000000065,False,False,False,True
LEC,Ferrari,45,0 days 00:01:31.719000,0 days 00:00:28.489000,0 days 00:00:37.208000,0 days 00:00:26.022000,Hard,27,2,,,1,True,0 days 01:42:42.259000,91.719,28.489,37.208,26.022,6162.259,6150.381,26.4,55.9,1000.7,False,44.1,5,1.4,False,True,False,EMIRATES FORMULA 1 70TH ANNIVERSARY GRAND PRIX 2020,Silverstone,Great Britain,,,Permanent,,,0.3106117598316598,0.40567385165560027,0.28371438851274,3,False,70th Anniversary Grand Prix,70th_anniversary_grand_prix,2020,2020-08-09,92.02232352941176,34,Closing,1.1669999999999874,False,False,False,True
GIO,Alfa Romeo Racing,44,0 days 00:01:34.427000,0 days 00:00:29.471000,0 days 00:00:39.393000,0 days 00:00:25.563000,Medium,11,3,,,1,True,0 days 01:42:43.498000,94.427,29.471,39.393,25.563,6163.498,6150.381,26.4,55.9,1000.7,False,44.1,5,1.4,False,True,False,EMIRATES FORMULA 1 70TH ANNIVERSARY GRAND PRIX 2020,Silverstone,Great Britain,,,Permanent,,,0.31210352971078187,0.4171794084319103,0.2707170618573077,3,False,70th Anniversary Grand Prix,70th_anniversary_grand_prix,2020,2020-08-09,93.73805555555556,18,Closing,2.6010000000000133,False,False,False,True
GRO,Haas F1 Team,44,0 days 00:01:31.539000,0 days 00:00:28.937000,0 days 00:00:37.435000,0 days 00:00:25.167000,Hard,6,3,,,1,True,0 days 01:42:44.360000,91.539,28.937,37.435,25.167,6164.36,6150.381,26.4,55.9,1000.7,False,44.1,5,1.4,False,True,False,EMIRATES FORMULA 1 70TH ANNIVERSARY GRAND PRIX 2020,Silverstone,Great Britain,,,Permanent,,,0.3161166278853822,0.4089513759162761,0.2749319961983417,3,False,70th Anniversary Grand Prix,70th_anniversary_grand_prix,2020,2020-08-09,93.722,13,Closing,0.7459999999999951,False,False,False,True
RUS,Williams,44,0 days 00:01:31.891000,0 days 00:00:29.162000,0 days 00:00:37.455000,0 days 00:00:25.274000,Medium,10,4,,,1,True,0 days 01:42:47.606000,91.891,29.162,37.455,25.274,6167.606,6150.381,26.4,55.9,1000.7,False,44.1,5,1.4,False,True,False,EMIRATES FORMULA 1 70TH ANNIVERSARY GRAND PRIX 2020,Silverstone,Great Britain,,,Permanent,,,0.3173542566736677,0.40760248555353623,0.27504325777279603,3,False,70th Anniversary Grand Prix,70th_anniversary_grand_prix,2020,2020-08-09,93.7885,12,Closing,0.4830000000000041,False,False,False,True
STR,Racing Point,45,0 days 00:01:30.877000,0 days 00:00:28.985000,0 days 00:00:36.821000,0 days 00:00:25.071000,Hard,14,3,,,1,True,0 days 01:43:00.812000,90.877,28.985,36.821,25.071,6180.812,6210.391,26.6,55.6,1000.7,False,43.9,28,1.4,False,True,False,EMIRATES FORMULA 1 70TH ANNIVERSARY GRAND PRIX 2020,Silverstone,Great Britain,,,Permanent,,,0.31894758849874005,0.40517402643133027,0.27587838506992973,3,False,70th Anniversary Grand Prix,70th_anniversary_grand_prix,2020,2020-08-09,92.27328571428572,21,Closing,0.49799999999999045,False,False,False,True
ALB,Red Bull Racing,45,0 days 00:01:30.004000,0 days 00:00:28.804000,0 days 00:00:36.320000,0 days 00:00:24.880000,Hard,15,3,,,1,True,0 days 01:43:06.121000,90.004,28.804,36.32,24.88,6186.121,6210.391,26.6,55.6,1000.7,False,43.9,28,1.4,False,True,False,EMIRATES FORMULA 1 70TH ANNIVERSARY GRAND PRIX 2020,Silverstone,Great Britain,,,Permanent,,,0.320030220879072,0.40353762055019776,0.27643215857073017,3,False,70th Anniversary Grand Prix,70th_anniversary_grand_prix,2020,2020-08-09,91.38277272727272,22,Closing,0.527000000000001,False,False,False,True
HUL,Racing Point,45,0 days 00:01:50.849000,0 days 00:00:48.750000,0 days 00:00:37.038000,0 days 00:00:25.061000,Soft,3,4,,0 days 01:41:50.447000,1,False,0 days 01:43:18.406000,110.849,48.75,37.038,25.061,6198.406,6210.391,26.6,55.6,1000.7,False,43.9,28,1.4,False,True,False,EMIRATES FORMULA 1 70TH ANNIVERSARY GRAND PRIX 2020,Silverstone,Great Britain,,,Permanent,,,0.43978745861487245,0.3341302131728748,0.2260823282122527,3,False,70th Anniversary Grand Prix,70th_anniversary_grand_prix,2020,2020-08-09,93.453375,8,Closing,20.762,False,False,False,True
OCO,Renault,45,0 days 00:01:31.041000,0 days 00:00:28.860000,0 days 00:00:37.008000,0 days 00:00:25.173000,Hard,23,2,,,1,True,0 days 01:43:25.765000,91.041,28.86,37.008,25.173,6205.765,6210.391,26.6,55.6,1000.7,False,43.9,28,1.4,False,True,False,EMIRATES FORMULA 1 70TH ANNIVERSARY GRAND PRIX 2020,Silverstone,Great Britain,,,Permanent,,,0.3170000329521864,0.4064981711536561,0.2765017958941576,3,False,70th Anniversary Grand Prix,70th_anniversary_grand_prix,2020,2020-08-09,92.70673333333333,30,Closing,0.465999999999994,False,False,False,True
NOR,McLaren,45,0 days 00:01:31.392000,0 days 00:00:29.016000,0 days 00:00:37.004000,0 days 00:00:25.372000,Hard,16,3,,,1,True,0 days 01:43:26.849000,91.392,29.016,37.004,25.372,6206.849,6210.391,26.6,55.6,1000.7,False,43.9,28,1.4,False,True,False,EMIRATES FORMULA 1 70TH ANNIVERSARY GRAND PRIX 2020,Silverstone,Great Britain,,,Permanent,,,0.3174894957983193,0.40489320728291317,0.2776172969187675,3,False,70th Anniversary Grand Prix,70th_anniversary_grand_prix,2020,2020-08-09,92.46134782608695,23,Closing,0.6940000000000026,False,False,False,True
KVY,AlphaTauri,45,0 days 00:01:31.097000,0 days 00:00:28.875000,0 days 00:00:37.026000,0 days 00:00:25.196000,Medium,10,3,,,1,True,0 days 01:43:31.978000,91.097,28.875,37.026,25.196,6211.978,6210.391,26.6,55.6,1000.7,False,43.9,28,1.4,False,True,False,EMIRATES FORMULA 1 70TH ANNIVERSARY GRAND PRIX 2020,Silverstone,Great Britain,,,Permanent,,,0.3169698233750837,0.40644587637353596,0.2765843002513804,3,False,70th Anniversary Grand Prix,70th_anniversary_grand_prix,2020,2020-08-09,92.25970588235293,17,Closing,0.35899999999999466,False,False,False,True
GAS,AlphaTauri,45,0 days 00:01:30.835000,0 days 00:00:28.775000,0 days 00:00:37.033000,0 days 00:00:25.027000,Hard,22,3,,,1,True,0 days 01:43:35.586000,90.835,28.775,37.033,25.027,6215.586,6210.391,26.6,55.6,1000.7,False,43.9,28,1.4,False,True,False,EMIRATES FORMULA 1 70TH ANNIVERSARY GRAND PRIX 2020,Silverstone,Great Britain,,,Permanent,,,0.3167831782903066,0.40769527164639185,0.27552155006330165,3,False,70th Anniversary Grand Prix,70th_anniversary_grand_prix,2020,2020-08-09,92.35106896551724,29,Closing,0.742999999999995,False,False,False,True
VET,Ferrari,45,0 days 00:01:31.029000,0 days 00:00:28.544000,0 days 00:00:37.335000,0 days 00:00:25.150000,Medium,15,3,,,1,True,0 days 01:43:36.712000,91.029,28.544,37.335,25.15,6216.712,6210.391,26.6,55.6,1000.7,False,43.9,28,1.4,False,True,False,EMIRATES FORMULA 1 70TH ANNIVERSARY GRAND PRIX 2020,Silverstone,Great Britain,,,Permanent,,,0.3135704006415538,0.41014402003757044,0.2762855793208758,3,False,70th Anniversary Grand Prix,70th_anniversary_grand_prix,2020,2020-08-09,92.17536842105262,19,Closing,0.24399999999999977,False,False,False,True
SAI,McLaren,45,0 days 00:01:30.847000,0 days 00:00:28.727000,0 days 00:00:36.885000,0 days 00:00:25.235000,Hard,11,3,,,1,True,0 days 01:43:37.882000,90.847,28.727,36.885,25.235,6217.882,6210.391,26.6,55.6,1000.7,False,43.9,28,1.4,False,True,False,EMIRATES FORMULA 1 70TH ANNIVERSARY GRAND PRIX 2020,Silverstone,Great Britain,,,Permanent,,,0.3162129734608738,0.4060123064052748,0.2777747201338514,3,False,70th Anniversary Grand Prix,70th_anniversary_grand_prix,2020,2020-08-09,92.24666666666667,18,Closing,0.2909999999999968,False,False,False,True
RIC,Renault,45,0 days 00:01:31.716000,0 days 00:00:29.143000,0 days 00:00:37.540000,0 days 00:00:25.033000,Medium,12,4,,,1,True,0 days 01:43:51.946000,91.716,29.143,37.54,25.033,6231.946,6210.391,26.6,55.6,1000.7,False,43.9,28,1.4,False,True,False,EMIRATES FORMULA 1 70TH ANNIVERSARY GRAND PRIX 2020,Silverstone,Great Britain,,,Permanent,,,0.3177526276767413,0.4093069911465829,0.27294038117667585,3,False,70th Anniversary Grand Prix,70th_anniversary_grand_prix,2020,2020-08-09,93.24849999999999,16,Closing,0.5479999999999876,False,False,False,True
VER,Red Bull Racing,46,0 days 00:01:29.465000,0 days 00:00:28.396000,0 days 00:00:36.497000,0 days 00:00:24.572000,Hard,14,3,,,1,True,0 days 01:44:00.405000,89.465,28.396,36.497,24.572,6240.405,6270.377,26.8,54.3,1000.7,False,43.9,357,3.0,False,True,False,EMIRATES FORMULA 1 70TH ANNIVERSARY GRAND PRIX 2020,Silverstone,Great Britain,,,Permanent,,,0.3173978650869055,0.4079472419381881,0.27465489297490636,3,False,70th Anniversary Grand Prix,70th_anniversary_grand_prix,2020,2020-08-09,91.20945,20,Closing,0.0,False,False,False,True
RAI,Alfa Romeo Racing,45,0 days 00:01:33.760000,0 days 00:00:29.608000,0 days 00:00:38.885000,0 days 00:00:25.267000,Medium,19,2,,,1,True,0 days 01:44:02.954000,93.76,29.608,38.885,25.267,6242.954,6270.377,26.8,54.3,1000.7,False,43.9,357,3.0,False,True,False,EMIRATES FORMULA 1 70TH ANNIVERSARY GRAND PRIX 2020,Silverstone,Great Britain,,,Permanent,,,0.31578498293515356,0.4147290955631399,0.26948592150170647,3,False,70th Anniversary Grand Prix,70th_anniversary_grand_prix,2020,2020-08-09,93.72435999999999,25,Closing,2.004000000000005,False,False,False,True
LAT,Williams,45,0 days 00:01:32.579000,0 days 00:00:29.302000,0 days 00:00:37.699000,0 days 00:00:25.578000,Hard,19,3,,,1,True,0 days 01:44:04.595000,92.579,29.302,37.699,25.578,6244.595,6270.377,26.8,54.3,1000.7,False,43.9,357,3.0,False,True,False,EMIRATES FORMULA 1 70TH ANNIVERSARY GRAND PRIX 2020,Silverstone,Great Britain,,,Permanent,,,0.31650806338370474,0.4072089782780112,0.2762829583382841,3,False,70th Anniversary Grand Prix,70th_anniversary_grand_prix,2020,2020-08-09,93.59700000000001,20,Mid,2.6289999999999907,False,False,False,True
BOT,Mercedes,46,0 days 00:01:29.944000,0 days 00:00:28.544000,0 days 00:00:36.617000,0 days 00:00:24.783000,Hard,14,3,,,1,True,0 days 01:44:05.924000,89.944,28.544,36.617,24.783,6245.924,6270.377,26.8,54.3,1000.7,False,43.9,357,3.0,False,True,False,EMIRATES FORMULA 1 70TH ANNIVERSARY GRAND PRIX 2020,Silverstone,Great Britain,,,Permanent,,,0.3173530196566753,0.40710886773992705,0.27553811260339767,3,False,70th Anniversary Grand Prix,70th_anniversary_grand_prix,2020,2020-08-09,92.04515,20,Closing,0.17900000000000205,False,False,False,True
HAM,Mercedes,46,0 days 00:01:28.599000,0 days 00:00:28.328000,0 days 00:00:35.784000,0 days 00:00:24.487000,Hard,5,3,,,1,True,0 days 01:44:09.641000,88.599,28.328,35.784,24.487,6249.641,6270.377,26.8,54.3,1000.7,False,43.9,357,3.0,False,True,False,EMIRATES FORMULA 1 70TH ANNIVERSARY GRAND PRIX 2020,Silverstone,Great Britain,,,Permanent,,,0.3197327283603652,0.40388717705617444,0.2763800945834603,3,False,70th Anniversary Grand Prix,70th_anniversary_grand_prix,2020,2020-08-09,91.55754545454546,11,Closing,0.14800000000001035,False,False,False,True
LEC,Ferrari,46,0 days 00:01:31.513000,0 days 00:00:28.970000,0 days 00:00:37.434000,0 days 00:00:25.109000,Hard,28,2,,,1,True,0 days 01:44:13.772000,91.513,28.97,37.434,25.109,6253.772,6270.377,26.8,54.3,1000.7,False,43.9,357,3.0,False,True,False,EMIRATES FORMULA 1 70TH ANNIVERSARY GRAND PRIX 2020,Silverstone,Great Britain,,,Permanent,,,0.31656704511927264,0.40905663676199006,0.27437631811873725,3,False,70th Anniversary Grand Prix,70th_anniversary_grand_prix,2020,2020-08-09,92.02232352941176,34,Closing,0.9609999999999985,False,False,False,True
GIO,Alfa Romeo Racing,45,0 days 00:01:32.108000,0 days 00:00:29.195000,0 days 00:00:37.680000,0 days 00:00:25.233000,Medium,12,3,,,1,True,0 days 01:44:15.606000,92.108,29.195,37.68,25.233,6255.606,6270.377,26.8,54.3,1000.7,False,43.9,357,3.0,False,True,False,EMIRATES FORMULA 1 70TH ANNIVERSARY GRAND PRIX 2020,Silverstone,Great Britain,,,Permanent,,,0.31696486732965645,0.4090849871889521,0.2739501454813914,3,False,70th Anniversary Grand Prix,70th_anniversary_grand_prix,2020,2020-08-09,93.73805555555556,18,Closing,0.2820000000000107,False,False,False,True
GRO,Haas F1 Team,45,0 days 00:01:31.918000,0 days 00:00:28.835000,0 days 00:00:37.717000,0 days 00:00:25.366000,Hard,7,3,,,1,True,0 days 01:44:16.278000,91.918,28.835,37.717,25.366,6256.278,6270.377,26.8,54.3,1000.7,False,43.9,357,3.0,False,True,False,EMIRATES FORMULA 1 70TH ANNIVERSARY GRAND PRIX 2020,Silverstone,Great Britain,,,Permanent,,,0.3137035183533149,0.41033312300093555,0.27596335864574945,3,False,70th Anniversary Grand Prix,70th_anniversary_grand_prix,2020,2020-08-09,93.722,13,Closing,1.125,False,False,False,True
RUS,Williams,45,0 days 00:01:31.780000,0 days 00:00:29.205000,0 days 00:00:37.382000,0 days 00:00:25.193000,Medium,11,4,,,1,True,0 days 01:44:19.386000,91.78,29.205,37.382,25.193,6259.386,6270.377,26.8,54.3,1000.7,False,43.9,357,3.0,False,True,False,EMIRATES FORMULA 1 70TH ANNIVERSARY GRAND PRIX 2020,Silverstone,Great Britain,,,Permanent,,,0.3182065809544563,0.4073000653737197,0.2744933536718239,3,False,70th Anniversary Grand Prix,70th_anniversary_grand_prix,2020,2020-08-09,93.7885,12,Closing,0.3719999999999999,False,False,False,True
STR,Racing Point,46,0 days 00:01:30.948000,0 days 00:00:28.877000,0 days 00:00:36.870000,0 days 00:00:25.201000,Hard,15,3,,,1,True,0 days 01:44:31.760000,90.948,28.877,36.87,25.201,6271.76,6270.377,26.8,54.3,1000.7,False,43.9,357,3.0,False,True,False,EMIRATES FORMULA 1 70TH ANNIVERSARY GRAND PRIX 2020,Silverstone,Great Britain,,,Permanent,,,0.3175111052469543,0.4053964903021507,0.27709240445089506,3,False,70th Anniversary Grand Prix,70th_anniversary_grand_prix,2020,2020-08-09,92.27328571428572,21,Closing,0.5689999999999884,False,False,False,True
ALB,Red Bull Racing,46,0 days 00:01:29.477000,0 days 00:00:28.651000,0 days 00:00:36.180000,0 days 00:00:24.646000,Hard,16,3,,,1,True,0 days 01:44:35.598000,89.477,28.651,36.18,24.646,6275.598,6270.377,26.8,54.3,1000.7,False,43.9,357,3.0,False,True,False,EMIRATES FORMULA 1 70TH ANNIVERSARY GRAND PRIX 2020,Silverstone,Great Britain,,,Permanent,,,0.3202051923958112,0.40434972115739237,0.2754450864467964,3,False,70th Anniversary Grand Prix,70th_anniversary_grand_prix,2020,2020-08-09,91.38277272727272,22,Closing,0.0,False,False,False,True
HUL,Racing Point,46,0 days 00:01:30.893000,0 days 00:00:28.849000,0 days 00:00:36.948000,0 days 00:00:25.096000,Soft,4,4,,,1,True,0 days 01:44:49.299000,90.893,28.849,36.948,25.096,6289.299,6270.377,26.8,54.3,1000.7,False,43.9,357,3.0,False,True,False,EMIRATES FORMULA 1 70TH ANNIVERSARY GRAND PRIX 2020,Silverstone,Great Britain,,,Permanent,,,0.3173951789466736,0.40649995049123694,0.2761048705620895,3,False,70th Anniversary Grand Prix,70th_anniversary_grand_prix,2020,2020-08-09,93.453375,8,Closing,0.8059999999999974,False,False,False,True
OCO,Renault,46,0 days 00:01:31.290000,0 days 00:00:28.927000,0 days 00:00:37.023000,0 days 00:00:25.340000,Hard,24,2,,,1,True,0 days 01:44:57.055000,91.29,28.927,37.023,25.34,6297.055,6270.377,26.8,54.3,1000.7,False,43.9,357,3.0,False,True,False,EMIRATES FORMULA 1 70TH ANNIVERSARY GRAND PRIX 2020,Silverstone,Great Britain,,,Permanent,,,0.316869317559426,0.405553729871837,0.277576952568737,3,False,70th Anniversary Grand Prix,70th_anniversary_grand_prix,2020,2020-08-09,92.70673333333333,30,Closing,0.7150000000000034,False,False,False,True
NOR,McLaren,46,0 days 00:01:31.663000,0 days 00:00:29.217000,0 days 00:00:37.175000,0 days 00:00:25.271000,Hard,17,3,,,1,True,0 days 01:44:58.512000,91.663,29.217,37.175,25.271,6298.512,6270.377,26.8,54.3,1000.7,False,43.9,357,3.0,False,True,False,EMIRATES FORMULA 1 70TH ANNIVERSARY GRAND PRIX 2020,Silverstone,Great Britain,,,Permanent,,,0.3187436588372626,0.40556167701253504,0.2756946641502024,3,False,70th Anniversary Grand Prix,70th_anniversary_grand_prix,2020,2020-08-09,92.46134782608695,23,Closing,0.9650000000000034,False,False,False,True
KVY,AlphaTauri,46,0 days 00:01:30.987000,0 days 00:00:29.024000,0 days 00:00:36.975000,0 days 00:00:24.988000,Medium,11,3,,,1,True,0 days 01:45:02.965000,90.987,29.024,36.975,24.988,6302.965,6330.379,26.3,56.0,1000.6,False,43.7,42,3.1,False,True,False,EMIRATES FORMULA 1 70TH ANNIVERSARY GRAND PRIX 2020,Silverstone,Great Britain,,,Permanent,,,0.3189906250343456,0.4063767351379868,0.2746326398276677,3,False,70th Anniversary Grand Prix,70th_anniversary_grand_prix,2020,2020-08-09,92.25970588235293,17,Closing,0.24899999999999523,False,False,False,True
GAS,AlphaTauri,46,0 days 00:01:30.935000,0 days 00:00:28.925000,0 days 00:00:37.010000,0 days 00:00:25,Hard,23,3,,,1,True,0 days 01:45:06.521000,90.935,28.925,37.01,25.0,6306.521,6330.379,26.3,56.0,1000.6,False,43.7,42,3.1,False,True,False,EMIRATES FORMULA 1 70TH ANNIVERSARY GRAND PRIX 2020,Silverstone,Great Britain,,,Permanent,,,0.318084345961401,0.40699400670808816,0.2749216473305108,3,False,70th Anniversary Grand Prix,70th_anniversary_grand_prix,2020,2020-08-09,92.35106896551724,29,Closing,0.8430000000000035,False,False,False,True
VET,Ferrari,46,0 days 00:01:30.866000,0 days 00:00:28.599000,0 days 00:00:37.262000,0 days 00:00:25.005000,Medium,16,3,,,1,True,0 days 01:45:07.578000,90.866,28.599,37.262,25.005,6307.578,6330.379,26.3,56.0,1000.6,False,43.7,42,3.1,False,True,False,EMIRATES FORMULA 1 70TH ANNIVERSARY GRAND PRIX 2020,Silverstone,Great Britain,,,Permanent,,,0.31473818590011665,0.4100763762023199,0.27518543789756345,3,False,70th Anniversary Grand Prix,70th_anniversary_grand_prix,2020,2020-08-09,92.17536842105262,19,Closing,0.08100000000000307,False,False,False,True
SAI,McLaren,46,0 days 00:01:30.739000,0 days 00:00:28.920000,0 days 00:00:36.862000,0 days 00:00:24.957000,Hard,12,3,,,1,True,0 days 01:45:08.621000,90.739,28.92,36.862,24.957,6308.621,6330.379,26.3,56.0,1000.6,False,43.7,42,3.1,False,True,False,EMIRATES FORMULA 1 70TH ANNIVERSARY GRAND PRIX 2020,Silverstone,Great Britain,,,Permanent,,,0.318716318231411,0.40624207892967745,0.2750416028389116,3,False,70th Anniversary Grand Prix,70th_anniversary_grand_prix,2020,2020-08-09,92.24666666666667,18,Closing,0.18300000000000693,False,False,False,True
RIC,Renault,46,0 days 00:01:31.630000,0 days 00:00:29.193000,0 days 00:00:37.357000,0 days 00:00:25.080000,Medium,13,4,,,1,True,0 days 01:45:23.576000,91.63,29.193,37.357,25.08,6323.576,6330.379,26.3,56.0,1000.6,False,43.7,42,3.1,False,True,False,EMIRATES FORMULA 1 70TH ANNIVERSARY GRAND PRIX 2020,Silverstone,Great Britain,,,Permanent,,,0.3185965295208993,0.4076939866855833,0.2737094837935174,3,False,70th Anniversary Grand Prix,70th_anniversary_grand_prix,2020,2020-08-09,93.24849999999999,16,Closing,0.4619999999999891,False,False,False,True
VER,Red Bull Racing,47,0 days 00:01:29.578000,0 days 00:00:28.691000,0 days 00:00:36.161000,0 days 00:00:24.726000,Hard,15,3,,,1,True,0 days 01:45:29.983000,89.578,28.691,36.161,24.726,6329.983,6330.379,26.3,56.0,1000.6,False,43.7,42,3.1,False,True,False,EMIRATES FORMULA 1 70TH ANNIVERSARY GRAND PRIX 2020,Silverstone,Great Britain,,,Permanent,,,0.3202906963763424,0.4036817075621246,0.27602759606153293,3,False,70th Anniversary Grand Prix,70th_anniversary_grand_prix,2020,2020-08-09,91.20945,20,Closing,0.11299999999999955,False,False,False,True
RAI,Alfa Romeo Racing,46,0 days 00:01:32.709000,0 days 00:00:29.521000,0 days 00:00:37.774000,0 days 00:00:25.414000,Medium,20,2,,,1,True,0 days 01:45:35.663000,92.709,29.521,37.774,25.414,6335.663,6330.379,26.3,56.0,1000.6,False,43.7,42,3.1,False,True,False,EMIRATES FORMULA 1 70TH ANNIVERSARY GRAND PRIX 2020,Silverstone,Great Britain,,,Permanent,,,0.31842647423658976,0.40744695768479866,0.2741265680786116,3,False,70th Anniversary Grand Prix,70th_anniversary_grand_prix,2020,2020-08-09,93.72435999999999,25,Closing,0.953000000000003,False,False,False,True
BOT,Mercedes,47,0 days 00:01:30.929000,0 days 00:00:28.888000,0 days 00:00:37.274000,0 days 00:00:24.767000,Hard,15,3,,,1,True,0 days 01:45:36.853000,90.929,28.888,37.274,24.767,6336.853,6330.379,26.3,56.0,1000.6,False,43.7,42,3.1,False,True,False,EMIRATES FORMULA 1 70TH ANNIVERSARY GRAND PRIX 2020,Silverstone,Great Britain,,,Permanent,,,0.31769842404513415,0.40992422659437583,0.27237734936049,3,False,70th Anniversary Grand Prix,70th_anniversary_grand_prix,2020,2020-08-09,92.04515,20,Closing,1.1640000000000015,False,False,False,True
LAT,Williams,46,0 days 00:01:33.483000,0 days 00:00:29.441000,0 days 00:00:39.498000,0 days 00:00:24.544000,Hard,20,3,0 days 01:45:32.152000,,1,False,0 days 01:45:38.078000,93.483,29.441,39.498,24.544,6338.078,6330.379,26.3,56.0,1000.6,False,43.7,42,3.1,False,True,False,EMIRATES FORMULA 1 70TH ANNIVERSARY GRAND PRIX 2020,Silverstone,Great Britain,,,Permanent,46.0,,0.3149342661232523,0.4225153236417316,0.26255041023501596,3,False,70th Anniversary Grand Prix,70th_anniversary_grand_prix,2020,2020-08-09,93.59700000000001,20,Mid,3.5330000000000013,False,False,False,True
HAM,Mercedes,47,0 days 00:01:29.363000,0 days 00:00:28.492000,0 days 00:00:36.105000,0 days 00:00:24.766000,Hard,6,3,,,1,True,0 days 01:45:39.004000,89.363,28.492,36.105,24.766,6339.004,6330.379,26.3,56.0,1000.6,False,43.7,42,3.1,False,True,False,EMIRATES FORMULA 1 70TH ANNIVERSARY GRAND PRIX 2020,Silverstone,Great Britain,,,Permanent,,,0.3188344169287065,0.4040262748564842,0.27713930821480925,3,False,70th Anniversary Grand Prix,70th_anniversary_grand_prix,2020,2020-08-09,91.55754545454546,11,Closing,0.9120000000000061,False,False,False,True
LEC,Ferrari,47,0 days 00:01:31.373000,0 days 00:00:28.783000,0 days 00:00:37.533000,0 days 00:00:25.057000,Hard,29,2,,,1,True,0 days 01:45:45.145000,91.373,28.783,37.533,25.057,6345.145,6330.379,26.3,56.0,1000.6,False,43.7,42,3.1,False,True,False,EMIRATES FORMULA 1 70TH ANNIVERSARY GRAND PRIX 2020,Silverstone,Great Britain,,,Permanent,,,0.31500552679675614,0.41076685673010627,0.27422761647313754,3,False,70th Anniversary Grand Prix,70th_anniversary_grand_prix,2020,2020-08-09,92.02232352941176,34,Closing,0.820999999999998,False,False,False,True
GRO,Haas F1 Team,46,0 days 00:01:31.647000,0 days 00:00:28.958000,0 days 00:00:37.706000,0 days 00:00:24.983000,Hard,8,3,,,1,True,0 days 01:45:47.925000,91.647,28.958,37.706,24.983,6347.925,6330.379,26.3,56.0,1000.6,False,43.7,42,3.1,False,True,False,EMIRATES FORMULA 1 70TH ANNIVERSARY GRAND PRIX 2020,Silverstone,Great Britain,,,Permanent,,,0.31597324516896347,0.4114264514932295,0.272600303337807,3,False,70th Anniversary Grand Prix,70th_anniversary_grand_prix,2020,2020-08-09,93.722,13,Closing,0.8539999999999992,False,False,False,True
GIO,Alfa Romeo Racing,46,0 days 00:01:32.892000,0 days 00:00:29.221000,0 days 00:00:37.616000,0 days 00:00:26.055000,Medium,13,3,,,1,True,0 days 01:45:48.498000,92.892,29.221,37.616,26.055,6348.498,6330.379,26.3,56.0,1000.6,False,43.7,42,3.1,False,True,False,EMIRATES FORMULA 1 70TH ANNIVERSARY GRAND PRIX 2020,Silverstone,Great Britain,,,Permanent,,,0.31456960771648795,0.4049433751022693,0.28048701718124275,3,False,70th Anniversary Grand Prix,70th_anniversary_grand_prix,2020,2020-08-09,93.73805555555556,18,Closing,1.0660000000000025,False,False,False,True
RUS,Williams,46,0 days 00:01:31.934000,0 days 00:00:29.137000,0 days 00:00:37.628000,0 days 00:00:25.169000,Medium,12,4,,,1,True,0 days 01:45:51.320000,91.934,29.137,37.628,25.169,6351.32,6330.379,26.3,56.0,1000.6,False,43.7,42,3.1,False,True,False,EMIRATES FORMULA 1 70TH ANNIVERSARY GRAND PRIX 2020,Silverstone,Great Britain,,,Permanent,,,0.3169338873539713,0.40929362368655775,0.2737724889594709,3,False,70th Anniversary Grand Prix,70th_anniversary_grand_prix,2020,2020-08-09,93.7885,12,Closing,0.5259999999999962,False,False,False,True
STR,Racing Point,47,0 days 00:01:30.962000,0 days 00:00:29.034000,0 days 00:00:36.880000,0 days 00:00:25.048000,Hard,16,3,,,1,True,0 days 01:46:02.722000,90.962,29.034,36.88,25.048,6362.722,6390.372,26.1,57.0,1000.6,False,43.7,3,2.9,False,True,False,EMIRATES FORMULA 1 70TH ANNIVERSARY GRAND PRIX 2020,Silverstone,Great Britain,,,Permanent,,,0.3191882324487148,0.4054440315736242,0.27536773597766095,3,False,70th Anniversary Grand Prix,70th_anniversary_grand_prix,2020,2020-08-09,92.27328571428572,21,Closing,0.5829999999999984,False,False,False,True
ALB,Red Bull Racing,47,0 days 00:01:29.877000,0 days 00:00:28.753000,0 days 00:00:36.285000,0 days 00:00:24.839000,Hard,17,3,,,1,True,0 days 01:46:05.475000,89.877,28.753,36.285,24.839,6365.475,6390.372,26.1,57.0,1000.6,False,43.7,3,2.9,False,True,False,EMIRATES FORMULA 1 70TH ANNIVERSARY GRAND PRIX 2020,Silverstone,Great Britain,,,Permanent,,,0.31991499493752573,0.40371841516739543,0.27636658989507884,3,False,70th Anniversary Grand Prix,70th_anniversary_grand_prix,2020,2020-08-09,91.38277272727272,22,Closing,0.3999999999999915,False,False,False,True
HUL,Racing Point,47,0 days 00:01:31.083000,0 days 00:00:29.056000,0 days 00:00:36.919000,0 days 00:00:25.108000,Soft,5,4,,,1,True,0 days 01:46:20.382000,91.083,29.056,36.919,25.108,6380.382,6390.372,26.1,57.0,1000.6,False,43.7,3,2.9,False,True,False,EMIRATES FORMULA 1 70TH ANNIVERSARY GRAND PRIX 2020,Silverstone,Great Britain,,,Permanent,,,0.31900574201552434,0.40533359682926556,0.2756606611552101,3,False,70th Anniversary Grand Prix,70th_anniversary_grand_prix,2020,2020-08-09,93.453375,8,Closing,0.9959999999999951,False,False,False,True
OCO,Renault,47,0 days 00:01:31.412000,0 days 00:00:29.120000,0 days 00:00:37.259000,0 days 00:00:25.033000,Hard,25,2,,,1,True,0 days 01:46:28.467000,91.412,29.12,37.259,25.033,6388.467,6390.372,26.1,57.0,1000.6,False,43.7,3,2.9,False,True,False,EMIRATES FORMULA 1 70TH ANNIVERSARY GRAND PRIX 2020,Silverstone,Great Britain,,,Permanent,,,0.31855773859011943,0.4075941889467466,0.2738480724631339,3,False,70th Anniversary Grand Prix,70th_anniversary_grand_prix,2020,2020-08-09,92.70673333333333,30,Closing,0.8370000000000033,False,False,False,True
NOR,McLaren,47,0 days 00:01:31.562000,0 days 00:00:29.230000,0 days 00:00:37.215000,0 days 00:00:25.117000,Hard,18,3,,,1,True,0 days 01:46:30.074000,91.562,29.23,37.215,25.117,6390.074,6390.372,26.1,57.0,1000.6,False,43.7,3,2.9,False,True,False,EMIRATES FORMULA 1 70TH ANNIVERSARY GRAND PRIX 2020,Silverstone,Great Britain,,,Permanent,,,0.31923723815556676,0.4064459055066513,0.2743168563377821,3,False,70th Anniversary Grand Prix,70th_anniversary_grand_prix,2020,2020-08-09,92.46134782608695,23,Closing,0.8640000000000043,False,False,False,True
KVY,AlphaTauri,47,0 days 00:01:31.120000,0 days 00:00:29.020000,0 days 00:00:37.123000,0 days 00:00:24.977000,Medium,12,3,,,1,True,0 days 01:46:34.085000,91.12,29.02,37.123,24.977,6394.085,6390.372,26.1,57.0,1000.6,False,43.7,3,2.9,False,True,False,EMIRATES FORMULA 1 70TH ANNIVERSARY GRAND PRIX 2020,Silverstone,Great Britain,,,Permanent,,,0.3184811237928007,0.40740781387181735,0.2741110623353819,3,False,70th Anniversary Grand Prix,70th_anniversary_grand_prix,2020,2020-08-09,92.25970588235293,17,Closing,0.382000000000005,False,False,False,True
GAS,AlphaTauri,47,0 days 00:01:30.983000,0 days 00:00:28.888000,0 days 00:00:37.047000,0 days 00:00:25.048000,Hard,24,3,,,1,True,0 days 01:46:37.504000,90.983,28.888,37.047,25.048,6397.504,6390.372,26.1,57.0,1000.6,False,43.7,3,2.9,False,True,False,EMIRATES FORMULA 1 70TH ANNIVERSARY GRAND PRIX 2020,Silverstone,Great Britain,,,Permanent,,,0.3175098644801776,0.4071859578162953,0.275304177703527,3,False,70th Anniversary Grand Prix,70th_anniversary_grand_prix,2020,2020-08-09,92.35106896551724,29,Closing,0.8910000000000053,False,False,False,True
VET,Ferrari,47,0 days 00:01:30.872000,0 days 00:00:28.484000,0 days 00:00:37.311000,0 days 00:00:25.077000,Medium,17,3,,,1,True,0 days 01:46:38.450000,90.872,28.484,37.311,25.077,6398.45,6390.372,26.1,57.0,1000.6,False,43.7,3,2.9,False,True,False,EMIRATES FORMULA 1 70TH ANNIVERSARY GRAND PRIX 2020,Silverstone,Great Britain,,,Permanent,,,0.3134518883704552,0.4105885201162074,0.2759595915133375,3,False,70th Anniversary Grand Prix,70th_anniversary_grand_prix,2020,2020-08-09,92.17536842105262,19,Closing,0.0870000000000033,False,False,False,True
SAI,McLaren,47,0 days 00:01:30.791000,0 days 00:00:28.819000,0 days 00:00:36.891000,0 days 00:00:25.081000,Hard,13,3,,,1,True,0 days 01:46:39.412000,90.791,28.819,36.891,25.081,6399.412,6390.372,26.1,57.0,1000.6,False,43.7,3,2.9,False,True,False,EMIRATES FORMULA 1 70TH ANNIVERSARY GRAND PRIX 2020,Silverstone,Great Britain,,,Permanent,,,0.3174213303080702,0.4063288211386591,0.2762498485532707,3,False,70th Anniversary Grand Prix,70th_anniversary_grand_prix,2020,2020-08-09,92.24666666666667,18,Closing,0.23499999999999943,False,False,False,True
RIC,Renault,47,0 days 00:01:31.658000,0 days 00:00:29.057000,0 days 00:00:37.552000,0 days 00:00:25.049000,Medium,14,4,,,1,True,0 days 01:46:55.234000,91.658,29.057,37.552,25.049,6415.234,6390.372,26.1,57.0,1000.6,False,43.7,3,2.9,False,True,False,EMIRATES FORMULA 1 70TH ANNIVERSARY GRAND PRIX 2020,Silverstone,Great Britain,,,Permanent,,,0.3170154269130899,0.40969691679940645,0.2732876562875035,3,False,70th Anniversary Grand Prix,70th_anniversary_grand_prix,2020,2020-08-09,93.24849999999999,16,Closing,0.4899999999999949,False,False,False,True
VER,Red Bull Racing,48,0 days 00:01:29.540000,0 days 00:00:28.550000,0 days 00:00:36.256000,0 days 00:00:24.734000,Hard,16,3,,,1,True,0 days 01:46:59.523000,89.54,28.55,36.256,24.734,6419.523,6390.372,26.1,57.0,1000.6,False,43.7,3,2.9,False,True,False,EMIRATES FORMULA 1 70TH ANNIVERSARY GRAND PRIX 2020,Silverstone,Great Britain,,,Permanent,,,0.31885190976100064,0.40491400491400487,0.27623408532499444,3,False,70th Anniversary Grand Prix,70th_anniversary_grand_prix,2020,2020-08-09,91.20945,20,Closing,0.07500000000000284,False,False,False,True
BOT,Mercedes,48,0 days 00:01:30.026000,0 days 00:00:28.938000,0 days 00:00:36.507000,0 days 00:00:24.581000,Hard,16,3,,,1,True,0 days 01:47:06.879000,90.026,28.938,36.507,24.581,6426.879,6451.381,26.2,56.4,1000.8,False,43.8,357,2.5,False,True,False,EMIRATES FORMULA 1 70TH ANNIVERSARY GRAND PRIX 2020,Silverstone,Great Britain,,,Permanent,,,0.321440472752316,0.4055161842134494,0.27304334303423455,3,False,70th Anniversary Grand Prix,70th_anniversary_grand_prix,2020,2020-08-09,92.04515,20,Closing,0.2609999999999957,False,False,False,True
HAM,Mercedes,48,0 days 00:01:28.882000,0 days 00:00:28.396000,0 days 00:00:36.062000,0 days 00:00:24.424000,Hard,7,3,,,1,True,0 days 01:47:07.886000,88.882,28.396,36.062,24.424,6427.886,6451.381,26.2,56.4,1000.8,False,43.8,357,2.5,False,True,False,EMIRATES FORMULA 1 70TH ANNIVERSARY GRAND PRIX 2020,Silverstone,Great Britain,,,Permanent,,,0.3194797596813753,0.4057289439931594,0.27479129632546523,3,False,70th Anniversary Grand Prix,70th_anniversary_grand_prix,2020,2020-08-09,91.55754545454546,11,Closing,0.4310000000000116,False,False,False,True
RAI,Alfa Romeo Racing,47,0 days 00:01:35.129000,0 days 00:00:30.920000,0 days 00:00:38.974000,0 days 00:00:25.235000,Medium,21,2,,,1,True,0 days 01:47:10.792000,95.129,30.92,38.974,25.235,6430.792,6451.381,26.2,56.4,1000.8,False,43.8,357,2.5,False,True,False,EMIRATES FORMULA 1 70TH ANNIVERSARY GRAND PRIX 2020,Silverstone,Great Britain,,,Permanent,,,0.32503232452774655,0.4096963071198057,0.2652713683524477,3,False,70th Anniversary Grand Prix,70th_anniversary_grand_prix,2020,2020-08-09,93.72435999999999,25,Closing,3.3730000000000047,False,False,False,True
LEC,Ferrari,48,0 days 00:01:31.602000,0 days 00:00:28.681000,0 days 00:00:37.592000,0 days 00:00:25.329000,Hard,30,2,,,1,True,0 days 01:47:16.747000,91.602,28.681,37.592,25.329,6436.747,6451.381,26.2,56.4,1000.8,False,43.8,357,2.5,False,True,False,EMIRATES FORMULA 1 70TH ANNIVERSARY GRAND PRIX 2020,Silverstone,Great Britain,,,Permanent,,,0.3131045173686164,0.41038405274993994,0.2765114298814436,3,False,70th Anniversary Grand Prix,70th_anniversary_grand_prix,2020,2020-08-09,92.02232352941176,34,Closing,1.0499999999999972,False,False,False,True
GRO,Haas F1 Team,47,0 days 00:01:31.277000,0 days 00:00:28.836000,0 days 00:00:37.449000,0 days 00:00:24.992000,Hard,9,3,,,1,True,0 days 01:47:19.202000,91.277,28.836,37.449,24.992,6439.202,6451.381,26.2,56.4,1000.8,False,43.8,357,2.5,False,True,False,EMIRATES FORMULA 1 70TH ANNIVERSARY GRAND PRIX 2020,Silverstone,Great Britain,,,Permanent,,,0.31591748195054614,0.41027860249569986,0.27380391555375394,3,False,70th Anniversary Grand Prix,70th_anniversary_grand_prix,2020,2020-08-09,93.722,13,Closing,0.48399999999999466,False,False,False,True
GIO,Alfa Romeo Racing,47,0 days 00:01:32.758000,0 days 00:00:29.245000,0 days 00:00:38.051000,0 days 00:00:25.462000,Medium,14,3,,,1,True,0 days 01:47:21.256000,92.758,29.245,38.051,25.462,6441.256,6451.381,26.2,56.4,1000.8,False,43.8,357,2.5,False,True,False,EMIRATES FORMULA 1 70TH ANNIVERSARY GRAND PRIX 2020,Silverstone,Great Britain,,,Permanent,,,0.31528277884387335,0.4102179865887579,0.27449923456736885,3,False,70th Anniversary Grand Prix,70th_anniversary_grand_prix,2020,2020-08-09,93.73805555555556,18,Closing,0.9320000000000022,False,False,False,True
RUS,Williams,47,0 days 00:01:32.144000,0 days 00:00:29.058000,0 days 00:00:37.800000,0 days 00:00:25.286000,Medium,13,4,,,1,True,0 days 01:47:23.464000,92.144,29.058,37.8,25.286,6443.464,6451.381,26.2,56.4,1000.8,False,43.8,357,2.5,False,True,False,EMIRATES FORMULA 1 70TH ANNIVERSARY GRAND PRIX 2020,Silverstone,Great Britain,,,Permanent,,,0.3153542281646119,0.4102274700468831,0.27441830178850496,3,False,70th Anniversary Grand Prix,70th_anniversary_grand_prix,2020,2020-08-09,93.7885,12,Closing,0.7360000000000042,False,False,False,True
LAT,Williams,47,0 days 00:01:50.327000,0 days 00:00:48.916000,0 days 00:00:36.795000,0 days 00:00:24.616000,Medium,1,4,,0 days 01:46:01.210000,1,False,0 days 01:47:28.405000,110.327,48.916,36.795,24.616,6448.405,6451.381,26.2,56.4,1000.8,False,43.8,357,2.5,False,True,False,EMIRATES FORMULA 1 70TH ANNIVERSARY GRAND PRIX 2020,Silverstone,Great Britain,,,Permanent,,,0.4433728824313178,0.33350856997833717,0.22311854759034508,3,False,70th Anniversary Grand Prix,70th_anniversary_grand_prix,2020,2020-08-09,94.7316,5,Closing,20.376999999999995,False,False,False,True
STR,Racing Point,48,0 days 00:01:31.128000,0 days 00:00:28.962000,0 days 00:00:37.082000,0 days 00:00:25.084000,Hard,17,3,,,1,True,0 days 01:47:33.850000,91.128,28.962,37.082,25.084,6453.85,6451.381,26.2,56.4,1000.8,False,43.8,357,2.5,False,True,False,EMIRATES FORMULA 1 70TH ANNIVERSARY GRAND PRIX 2020,Silverstone,Great Britain,,,Permanent,,,0.3178166973926784,0.40692213150733036,0.2752611710999912,3,False,70th Anniversary Grand Prix,70th_anniversary_grand_prix,2020,2020-08-09,92.27328571428572,21,Closing,0.7489999999999952,False,False,False,True
ALB,Red Bull Racing,48,0 days 00:01:29.949000,0 days 00:00:28.537000,0 days 00:00:36.550000,0 days 00:00:24.862000,Hard,18,3,,,1,True,0 days 01:47:35.424000,89.949,28.537,36.55,24.862,6455.424,6451.381,26.2,56.4,1000.8,False,43.8,357,2.5,False,True,False,EMIRATES FORMULA 1 70TH ANNIVERSARY GRAND PRIX 2020,Silverstone,Great Britain,,,Permanent,,,0.31725755706011183,0.4063413712214699,0.2764010717184182,3,False,70th Anniversary Grand Prix,70th_anniversary_grand_prix,2020,2020-08-09,91.38277272727272,22,Closing,0.4719999999999942,False,False,False,True
HUL,Racing Point,48,0 days 00:01:30.627000,0 days 00:00:28.806000,0 days 00:00:36.794000,0 days 00:00:25.027000,Soft,6,4,,,1,True,0 days 01:47:51.009000,90.627,28.806,36.794,25.027,6471.009,6451.381,26.2,56.4,1000.8,False,43.8,357,2.5,False,True,False,EMIRATES FORMULA 1 70TH ANNIVERSARY GRAND PRIX 2020,Silverstone,Great Britain,,,Permanent,,,0.31785229567347484,0.40599379875754465,0.27615390556898056,3,False,70th Anniversary Grand Prix,70th_anniversary_grand_prix,2020,2020-08-09,93.453375,8,Closing,0.539999999999992,False,False,False,True
OCO,Renault,48,0 days 00:01:31.206000,0 days 00:00:29.049000,0 days 00:00:37.046000,0 days 00:00:25.111000,Hard,26,2,,,1,True,0 days 01:47:59.673000,91.206,29.049,37.046,25.111,6479.673,6451.381,26.2,56.4,1000.8,False,43.8,357,2.5,False,True,False,EMIRATES FORMULA 1 70TH ANNIVERSARY GRAND PRIX 2020,Silverstone,Great Britain,,,Permanent,,,0.3184987829748043,0.40617941802074425,0.2753217990044515,3,False,70th Anniversary Grand Prix,70th_anniversary_grand_prix,2020,2020-08-09,92.70673333333333,30,Closing,0.6310000000000002,False,False,False,True
NOR,McLaren,48,0 days 00:01:31.075000,0 days 00:00:29.127000,0 days 00:00:36.930000,0 days 00:00:25.018000,Hard,19,3,,,1,True,0 days 01:48:01.149000,91.075,29.127,36.93,25.018,6481.149,6510.37,26.0,56.5,1000.7,False,43.6,349,2.2,False,True,False,EMIRATES FORMULA 1 70TH ANNIVERSARY GRAND PRIX 2020,Silverstone,Great Britain,,,Permanent,,,0.3198133406533077,0.40548998078506726,0.27469667856162505,3,False,70th Anniversary Grand Prix,70th_anniversary_grand_prix,2020,2020-08-09,92.46134782608695,23,Closing,0.37700000000000955,False,False,False,True
KVY,AlphaTauri,48,0 days 00:01:30.852000,0 days 00:00:28.831000,0 days 00:00:36.958000,0 days 00:00:25.063000,Medium,13,3,,,1,True,0 days 01:48:04.937000,90.852,28.831,36.958,25.063,6484.937,6510.37,26.0,56.5,1000.7,False,43.6,349,2.2,False,True,False,EMIRATES FORMULA 1 70TH ANNIVERSARY GRAND PRIX 2020,Silverstone,Great Britain,,,Permanent,,,0.3173402897019328,0.4067934662968344,0.2758662440012328,3,False,70th Anniversary Grand Prix,70th_anniversary_grand_prix,2020,2020-08-09,92.25970588235293,17,Closing,0.11400000000000432,False,False,False,True
GAS,AlphaTauri,48,0 days 00:01:30.747000,0 days 00:00:28.892000,0 days 00:00:36.891000,0 days 00:00:24.964000,Hard,25,3,,,1,True,0 days 01:48:08.251000,90.747,28.892,36.891,24.964,6488.251,6510.37,26.0,56.5,1000.7,False,43.6,349,2.2,False,True,False,EMIRATES FORMULA 1 70TH ANNIVERSARY GRAND PRIX 2020,Silverstone,Great Britain,,,Permanent,,,0.31837967095330977,0.40652583556481203,0.2750944934818782,3,False,70th Anniversary Grand Prix,70th_anniversary_grand_prix,2020,2020-08-09,92.35106896551724,29,Closing,0.6550000000000011,False,False,False,True
VET,Ferrari,48,0 days 00:01:30.914000,0 days 00:00:28.688000,0 days 00:00:37.220000,0 days 00:00:25.006000,Medium,18,3,,,1,True,0 days 01:48:09.364000,90.914,28.688,37.22,25.006,6489.364,6510.37,26.0,56.5,1000.7,False,43.6,349,2.2,False,True,False,EMIRATES FORMULA 1 70TH ANNIVERSARY GRAND PRIX 2020,Silverstone,Great Britain,,,Permanent,,,0.3155509602481466,0.40939789251380426,0.27505114723804913,3,False,70th Anniversary Grand Prix,70th_anniversary_grand_prix,2020,2020-08-09,92.17536842105262,19,Closing,0.1290000000000049,False,False,False,True
SAI,McLaren,48,0 days 00:01:30.864000,0 days 00:00:28.909000,0 days 00:00:36.865000,0 days 00:00:25.090000,Hard,14,3,,,1,True,0 days 01:48:10.276000,90.864,28.909,36.865,25.09,6490.276,6510.37,26.0,56.5,1000.7,False,43.6,349,2.2,False,True,False,EMIRATES FORMULA 1 70TH ANNIVERSARY GRAND PRIX 2020,Silverstone,Great Britain,,,Permanent,,,0.3181568057756647,0.40571623525268535,0.2761269589716499,3,False,70th Anniversary Grand Prix,70th_anniversary_grand_prix,2020,2020-08-09,92.24666666666667,18,Closing,0.30800000000000693,False,False,False,True
RIC,Renault,48,0 days 00:01:31.517000,0 days 00:00:29.027000,0 days 00:00:37.360000,0 days 00:00:25.130000,Medium,15,4,,,1,True,0 days 01:48:26.751000,91.517,29.027,37.36,25.13,6506.751,6510.37,26.0,56.5,1000.7,False,43.6,349,2.2,False,True,False,EMIRATES FORMULA 1 70TH ANNIVERSARY GRAND PRIX 2020,Silverstone,Great Britain,,,Permanent,,,0.3171760437951419,0.408230164887398,0.27459379131746015,3,False,70th Anniversary Grand Prix,70th_anniversary_grand_prix,2020,2020-08-09,93.24849999999999,16,Closing,0.34899999999998954,False,False,False,True
VER,Red Bull Racing,49,0 days 00:01:29.523000,0 days 00:00:28.516000,0 days 00:00:36.263000,0 days 00:00:24.744000,Hard,17,3,,,1,True,0 days 01:48:29.046000,89.523,28.516,36.263,24.744,6509.046,6510.37,26.0,56.5,1000.7,False,43.6,349,2.2,False,True,False,EMIRATES FORMULA 1 70TH ANNIVERSARY GRAND PRIX 2020,Silverstone,Great Britain,,,Permanent,,,0.3185326675826324,0.4050690883906929,0.27639824402667473,3,False,70th Anniversary Grand Prix,70th_anniversary_grand_prix,2020,2020-08-09,91.20945,20,Closing,0.057999999999992724,False,False,False,False
BOT,Mercedes,49,0 days 00:01:30.554000,0 days 00:00:28.848000,0 days 00:00:36.471000,0 days 00:00:25.235000,Hard,17,3,,,1,True,0 days 01:48:37.433000,90.554,28.848,36.471,25.235,6517.433,6510.37,26.0,56.5,1000.7,False,43.6,349,2.2,False,True,False,EMIRATES FORMULA 1 70TH ANNIVERSARY GRAND PRIX 2020,Silverstone,Great Britain,,,Permanent,,,0.31857234357400005,0.4027541577401329,0.278673498685867,3,False,70th Anniversary Grand Prix,70th_anniversary_grand_prix,2020,2020-08-09,92.04515,20,Closing,0.7890000000000015,False,False,False,False
HAM,Mercedes,49,0 days 00:01:29.887000,0 days 00:00:28.477000,0 days 00:00:36.393000,0 days 00:00:25.017000,Hard,8,3,,,1,True,0 days 01:48:37.773000,89.887,28.477,36.393,25.017,6517.773,6510.37,26.0,56.5,1000.7,False,43.6,349,2.2,False,True,False,EMIRATES FORMULA 1 70TH ANNIVERSARY GRAND PRIX 2020,Silverstone,Great Britain,,,Permanent,,,0.31680888226328613,0.40487500973444435,0.2783161080022695,3,False,70th Anniversary Grand Prix,70th_anniversary_grand_prix,2020,2020-08-09,91.55754545454546,11,Closing,1.436000000000007,False,False,False,False
RAI,Alfa Romeo Racing,48,0 days 00:01:32.499000,0 days 00:00:29.342000,0 days 00:00:37.784000,0 days 00:00:25.373000,Medium,22,2,,,1,True,0 days 01:48:43.291000,92.499,29.342,37.784,25.373,6523.291,6510.37,26.0,56.5,1000.7,False,43.6,349,2.2,False,True,False,EMIRATES FORMULA 1 70TH ANNIVERSARY GRAND PRIX 2020,Silverstone,Great Britain,,,Permanent,,,0.3172142401539476,0.40848009167666677,0.2743056681693856,3,False,70th Anniversary Grand Prix,70th_anniversary_grand_prix,2020,2020-08-09,93.72435999999999,25,Closing,0.742999999999995,False,False,False,True
LEC,Ferrari,49,0 days 00:01:32.063000,0 days 00:00:28.738000,0 days 00:00:37.753000,0 days 00:00:25.572000,Hard,31,2,,,1,True,0 days 01:48:48.810000,92.063,28.738,37.753,25.572,6528.81,6510.37,26.0,56.5,1000.7,False,43.6,349,2.2,False,True,False,EMIRATES FORMULA 1 70TH ANNIVERSARY GRAND PRIX 2020,Silverstone,Great Britain,,,Permanent,,,0.31215580634999945,0.4100778814507457,0.27776631219925485,3,False,70th Anniversary Grand Prix,70th_anniversary_grand_prix,2020,2020-08-09,92.02232352941176,34,Closing,1.5109999999999957,False,False,False,False
GRO,Haas F1 Team,48,0 days 00:01:31.078000,0 days 00:00:28.991000,0 days 00:00:37.190000,0 days 00:00:24.897000,Hard,10,3,,,1,True,0 days 01:48:50.280000,91.078,28.991,37.19,24.897,6530.28,6510.37,26.0,56.5,1000.7,False,43.6,349,2.2,False,True,False,EMIRATES FORMULA 1 70TH ANNIVERSARY GRAND PRIX 2020,Silverstone,Great Britain,,,Permanent,,,0.31830958079887567,0.40833132040668435,0.2733590987944399,3,False,70th Anniversary Grand Prix,70th_anniversary_grand_prix,2020,2020-08-09,93.722,13,Closing,0.2849999999999966,False,False,False,True
GIO,Alfa Romeo Racing,48,0 days 00:01:32.251000,0 days 00:00:29.148000,0 days 00:00:37.733000,0 days 00:00:25.370000,Medium,15,3,,,1,True,0 days 01:48:53.507000,92.251,29.148,37.733,25.37,6533.507,6510.37,26.0,56.5,1000.7,False,43.6,349,2.2,False,True,False,EMIRATES FORMULA 1 70TH ANNIVERSARY GRAND PRIX 2020,Silverstone,Great Britain,,,Permanent,,,0.3159640545901941,0.40902537641868375,0.27501056899112203,3,False,70th Anniversary Grand Prix,70th_anniversary_grand_prix,2020,2020-08-09,93.73805555555556,18,Closing,0.42500000000001137,False,False,False,True
RUS,Williams,48,0 days 00:01:32.526000,0 days 00:00:29.259000,0 days 00:00:37.833000,0 days 00:00:25.434000,Medium,14,4,,,1,True,0 days 01:48:55.990000,92.526,29.259,37.833,25.434,6535.99,6510.37,26.0,56.5,1000.7,False,43.6,349,2.2,False,True,False,EMIRATES FORMULA 1 70TH ANNIVERSARY GRAND PRIX 2020,Silverstone,Great Britain,,,Permanent,,,0.31622462875299917,0.4088904740289216,0.27488489721807924,3,False,70th Anniversary Grand Prix,70th_anniversary_grand_prix,2020,2020-08-09,93.7885,12,Closing,1.117999999999995,False,False,False,True
LAT,Williams,48,0 days 00:01:29.950000,0 days 00:00:28.660000,0 days 00:00:36.329000,0 days 00:00:24.961000,Medium,2,4,,,1,True,0 days 01:48:58.355000,89.95,28.66,36.329,24.961,6538.355,6510.37,26.0,56.5,1000.7,False,43.6,349,2.2,False,True,False,EMIRATES FORMULA 1 70TH ANNIVERSARY GRAND PRIX 2020,Silverstone,Great Britain,,,Permanent,,,0.318621456364647,0.4038799332962757,0.27749861033907725,3,False,70th Anniversary Grand Prix,70th_anniversary_grand_prix,2020,2020-08-09,94.7316,5,Closing,0.0,False,False,False,True
STR,Racing Point,49,0 days 00:01:31.094000,0 days 00:00:29.148000,0 days 00:00:36.957000,0 days 00:00:24.989000,Hard,18,3,,,1,True,0 days 01:49:04.944000,91.094,29.148,36.957,24.989,6544.944,6570.374,26.0,56.5,1000.7,False,43.2,21,1.9,False,True,False,EMIRATES FORMULA 1 70TH ANNIVERSARY GRAND PRIX 2020,Silverstone,Great Britain,,,Permanent,,,0.31997716644345403,0.40570180253364657,0.27432103102289945,3,False,70th Anniversary Grand Prix,70th_anniversary_grand_prix,2020,2020-08-09,92.27328571428572,21,Closing,0.7149999999999892,False,False,False,False
ALB,Red Bull Racing,49,0 days 00:01:30.255000,0 days 00:00:28.736000,0 days 00:00:36.642000,0 days 00:00:24.877000,Hard,19,3,,,1,True,0 days 01:49:05.679000,90.255,28.736,36.642,24.877,6545.679,6570.374,26.0,56.5,1000.7,False,43.2,21,1.9,False,True,False,EMIRATES FORMULA 1 70TH ANNIVERSARY GRAND PRIX 2020,Silverstone,Great Britain,,,Permanent,,,0.31838679297545847,0.40598304803058005,0.27563015899396154,3,False,70th Anniversary Grand Prix,70th_anniversary_grand_prix,2020,2020-08-09,91.38277272727272,22,Closing,0.7779999999999916,False,False,False,False
HUL,Racing Point,49,0 days 00:01:30.785000,0 days 00:00:28.981000,0 days 00:00:36.793000,0 days 00:00:25.011000,Soft,7,4,,,1,True,0 days 01:49:21.794000,90.785,28.981,36.793,25.011,6561.794,6570.374,26.0,56.5,1000.7,False,43.2,21,1.9,False,True,False,EMIRATES FORMULA 1 70TH ANNIVERSARY GRAND PRIX 2020,Silverstone,Great Britain,,,Permanent,,,0.31922674450625105,0.4052762020157515,0.27549705347799747,3,False,70th Anniversary Grand Prix,70th_anniversary_grand_prix,2020,2020-08-09,93.453375,8,Closing,0.6979999999999933,False,False,False,False
OCO,Renault,49,0 days 00:01:30.877000,0 days 00:00:28.866000,0 days 00:00:36.927000,0 days 00:00:25.084000,Hard,27,2,,,1,True,0 days 01:49:30.550000,90.877,28.866,36.927,25.084,6570.55,6570.374,26.0,56.5,1000.7,False,43.2,21,1.9,False,True,False,EMIRATES FORMULA 1 70TH ANNIVERSARY GRAND PRIX 2020,Silverstone,Great Britain,,,Permanent,,,0.3176381262585693,0.4063404381746757,0.27602143556675507,3,False,70th Anniversary Grand Prix,70th_anniversary_grand_prix,2020,2020-08-09,92.70673333333333,30,Closing,0.3019999999999925,False,False,False,False
NOR,McLaren,49,0 days 00:01:30.698000,0 days 00:00:29.027000,0 days 00:00:36.639000,0 days 00:00:25.032000,Hard,20,3,,,1,True,0 days 01:49:31.847000,90.698,29.027,36.639,25.032,6571.847,6570.374,26.0,56.5,1000.7,False,43.2,21,1.9,False,True,False,EMIRATES FORMULA 1 70TH ANNIVERSARY GRAND PRIX 2020,Silverstone,Great Britain,,,Permanent,,,0.3200401331892655,0.403967011400472,0.27599285541026264,3,False,70th Anniversary Grand Prix,70th_anniversary_grand_prix,2020,2020-08-09,92.46134782608695,23,Closing,0.0,False,False,False,False
KVY,AlphaTauri,49,0 days 00:01:30.932000,0 days 00:00:29.087000,0 days 00:00:36.835000,0 days 00:00:25.010000,Medium,14,3,,,1,True,0 days 01:49:35.869000,90.932,29.087,36.835,25.01,6575.869,6570.374,26.0,56.5,1000.7,False,43.2,21,1.9,False,True,False,EMIRATES FORMULA 1 70TH ANNIVERSARY GRAND PRIX 2020,Silverstone,Great Britain,,,Permanent,,,0.31987639114943034,0.4050829191043857,0.27504068974618395,3,False,70th Anniversary Grand Prix,70th_anniversary_grand_prix,2020,2020-08-09,92.25970588235293,17,Closing,0.19400000000000261,False,False,False,False
GAS,AlphaTauri,49,0 days 00:01:30.507000,0 days 00:00:28.820000,0 days 00:00:36.784000,0 days 00:00:24.903000,Hard,26,3,,,1,True,0 days 01:49:38.758000,90.507,28.82,36.784,24.903,6578.758,6570.374,26.0,56.5,1000.7,False,43.2,21,1.9,False,True,False,EMIRATES FORMULA 1 70TH ANNIVERSARY GRAND PRIX 2020,Silverstone,Great Britain,,,Permanent,,,0.31842840885235396,0.4064216027489586,0.2751499883986874,3,False,70th Anniversary Grand Prix,70th_anniversary_grand_prix,2020,2020-08-09,92.35106896551724,29,Closing,0.41500000000000625,False,False,False,False
VET,Ferrari,49,0 days 00:01:30.785000,0 days 00:00:28.504000,0 days 00:00:37.138000,0 days 00:00:25.143000,Medium,19,3,,,1,True,0 days 01:49:40.149000,90.785,28.504,37.138,25.143,6580.149,6570.374,26.0,56.5,1000.7,False,43.2,21,1.9,False,True,False,EMIRATES FORMULA 1 70TH ANNIVERSARY GRAND PRIX 2020,Silverstone,Great Britain,,,Permanent,,,0.31397257256154654,0.40907638927135537,0.2769510381670981,3,False,70th Anniversary Grand Prix,70th_anniversary_grand_prix,2020,2020-08-09,92.17536842105262,19,Closing,0.0,False,False,False,False
SAI,McLaren,49,0 days 00:01:30.556000,0 days 00:00:28.894000,0 days 00:00:36.741000,0 days 00:00:24.921000,Hard,15,3,,,1,True,0 days 01:49:40.832000,90.556,28.894,36.741,24.921,6580.832,6570.374,26.0,56.5,1000.7,False,43.2,21,1.9,False,True,False,EMIRATES FORMULA 1 70TH ANNIVERSARY GRAND PRIX 2020,Silverstone,Great Britain,,,Permanent,,,0.3190732806219356,0.405726843058439,0.27519987631962545,3,False,70th Anniversary Grand Prix,70th_anniversary_grand_prix,2020,2020-08-09,92.24666666666667,18,Closing,0.0,False,False,False,False
VER,Red Bull Racing,50,0 days 00:01:29.629000,0 days 00:00:28.628000,0 days 00:00:36.302000,0 days 00:00:24.699000,Hard,18,3,,,1,True,0 days 01:49:58.675000,89.629,28.628,36.302,24.699,6598.675,6570.374,26.0,56.5,1000.7,False,43.2,21,1.9,False,True,False,EMIRATES FORMULA 1 70TH ANNIVERSARY GRAND PRIX 2020,Silverstone,Great Britain,,,Permanent,,,0.3194055495431166,0.4050251592676477,0.2755692911892356,3,False,70th Anniversary Grand Prix,70th_anniversary_grand_prix,2020,2020-08-09,91.20945,20,Closing,0.16400000000000148,False,False,False,False
RIC,Renault,49,0 days 00:01:33.432000,0 days 00:00:28.984000,0 days 00:00:37.657000,0 days 00:00:26.791000,Medium,16,4,,,1,True,0 days 01:50:00.183000,93.432,28.984,37.657,26.791,6600.183,6570.374,26.0,56.5,1000.7,False,43.2,21,1.9,False,True,False,EMIRATES FORMULA 1 70TH ANNIVERSARY GRAND PRIX 2020,Silverstone,Great Britain,,,Permanent,,,0.3102149156605874,0.40304178439934923,0.28674329994006337,3,False,70th Anniversary Grand Prix,70th_anniversary_grand_prix,2020,2020-08-09,93.24849999999999,16,Closing,2.263999999999996,False,False,False,False
HAM,Mercedes,50,0 days 00:01:29.795000,0 days 00:00:28.780000,0 days 00:00:36.354000,0 days 00:00:24.661000,Hard,9,3,,,1,True,0 days 01:50:07.568000,89.795,28.78,36.354,24.661,6607.568,6630.387,25.9,57.4,1000.7,False,43.2,15,1.8,False,True,False,EMIRATES FORMULA 1 70TH ANNIVERSARY GRAND PRIX 2020,Silverstone,Great Britain,,,Permanent,,,0.32050782337546635,0.4048555042040203,0.27463667242051343,3,False,70th Anniversary Grand Prix,70th_anniversary_grand_prix,2020,2020-08-09,91.55754545454546,11,Closing,1.3440000000000083,False,False,False,False
BOT,Mercedes,50,0 days 00:01:32.282000,0 days 00:00:29.175000,0 days 00:00:38.156000,0 days 00:00:24.951000,Hard,18,3,,,1,True,0 days 01:50:09.715000,92.282,29.175,38.156,24.951,6609.715,6630.387,25.9,57.4,1000.7,False,43.2,15,1.8,False,True,False,EMIRATES FORMULA 1 70TH ANNIVERSARY GRAND PRIX 2020,Silverstone,Great Britain,,,Permanent,,,0.3161504952211699,0.4134717496369823,0.2703777551418478,3,False,70th Anniversary Grand Prix,70th_anniversary_grand_prix,2020,2020-08-09,92.04515,20,Closing,2.516999999999996,False,False,False,False
RAI,Alfa Romeo Racing,49,0 days 00:01:32.424000,0 days 00:00:29.561000,0 days 00:00:37.726000,0 days 00:00:25.137000,Medium,23,2,,,1,True,0 days 01:50:15.715000,92.424,29.561,37.726,25.137,6615.715,6630.387,25.9,57.4,1000.7,False,43.2,15,1.8,False,True,False,EMIRATES FORMULA 1 70TH ANNIVERSARY GRAND PRIX 2020,Silverstone,Great Britain,,,Permanent,,,0.31984116679650304,0.4081840214662858,0.2719748117372111,3,False,70th Anniversary Grand Prix,70th_anniversary_grand_prix,2020,2020-08-09,93.72435999999999,25,Closing,0.6680000000000064,False,False,False,False
GRO,Haas F1 Team,49,0 days 00:01:32.288000,0 days 00:00:28.997000,0 days 00:00:37.670000,0 days 00:00:25.621000,Hard,11,3,,,1,True,0 days 01:50:22.568000,92.288,28.997,37.67,25.621,6622.568,6630.387,25.9,57.4,1000.7,False,43.2,15,1.8,False,True,False,EMIRATES FORMULA 1 70TH ANNIVERSARY GRAND PRIX 2020,Silverstone,Great Britain,,,Permanent,,,0.3142011962552011,0.40817874479889044,0.27762005894590847,3,False,70th Anniversary Grand Prix,70th_anniversary_grand_prix,2020,2020-08-09,93.722,13,Closing,1.4949999999999903,False,False,False,False
LEC,Ferrari,50,0 days 00:01:34.054000,0 days 00:00:29.330000,0 days 00:00:38.197000,0 days 00:00:26.527000,Hard,32,2,,,1,True,0 days 01:50:22.864000,94.054,29.33,38.197,26.527,6622.864,6630.387,25.9,57.4,1000.7,False,43.2,15,1.8,False,True,False,EMIRATES FORMULA 1 70TH ANNIVERSARY GRAND PRIX 2020,Silverstone,Great Britain,,,Permanent,,,0.3118421332426053,0.4061177621366449,0.2820401046207498,3,False,70th Anniversary Grand Prix,70th_anniversary_grand_prix,2020,2020-08-09,92.02232352941176,34,Closing,3.5019999999999953,False,False,False,False
GIO,Alfa Romeo Racing,49,0 days 00:01:32.207000,0 days 00:00:29.071000,0 days 00:00:37.715000,0 days 00:00:25.421000,Medium,16,3,,,1,True,0 days 01:50:25.714000,92.207,29.071,37.715,25.421,6625.714,6630.387,25.9,57.4,1000.7,False,43.2,15,1.8,False,True,False,EMIRATES FORMULA 1 70TH ANNIVERSARY GRAND PRIX 2020,Silverstone,Great Britain,,,Permanent,,,0.3152797509950438,0.40902534514733163,0.2756949038576247,3,False,70th Anniversary Grand Prix,70th_anniversary_grand_prix,2020,2020-08-09,93.73805555555556,18,Closing,0.3810000000000002,False,False,False,False
RUS,Williams,49,0 days 00:01:31.507000,0 days 00:00:29.081000,0 days 00:00:37.181000,0 days 00:00:25.245000,Medium,15,4,,,1,True,0 days 01:50:27.497000,91.507,29.081,37.181,25.245,6627.497,6630.387,25.9,57.4,1000.7,False,43.2,15,1.8,False,True,False,EMIRATES FORMULA 1 70TH ANNIVERSARY GRAND PRIX 2020,Silverstone,Great Britain,,,Permanent,,,0.31780082398067905,0.40631864228966086,0.27588053372966004,3,False,70th Anniversary Grand Prix,70th_anniversary_grand_prix,2020,2020-08-09,93.7885,12,Closing,0.09900000000000375,False,False,False,False
LAT,Williams,49,0 days 00:01:30.055000,0 days 00:00:28.652000,0 days 00:00:36.430000,0 days 00:00:24.973000,Medium,3,4,,,1,True,0 days 01:50:28.410000,90.055,28.652,36.43,24.973,6628.41,6630.387,25.9,57.4,1000.7,False,43.2,15,1.8,False,True,False,EMIRATES FORMULA 1 70TH ANNIVERSARY GRAND PRIX 2020,Silverstone,Great Britain,,,Permanent,,,0.3181611237577036,0.4045305646549331,0.27730831158736324,3,False,70th Anniversary Grand Prix,70th_anniversary_grand_prix,2020,2020-08-09,94.7316,5,Closing,0.10500000000000398,False,False,False,False
ALB,Red Bull Racing,50,0 days 00:01:30.184000,0 days 00:00:28.505000,0 days 00:00:36.531000,0 days 00:00:25.148000,Hard,20,3,,,1,True,0 days 01:50:35.863000,90.184,28.505,36.531,25.148,6635.863,6630.387,25.9,57.4,1000.7,False,43.2,15,1.8,False,True,False,EMIRATES FORMULA 1 70TH ANNIVERSARY GRAND PRIX 2020,Silverstone,Great Britain,,,Permanent,,,0.3160760223542979,0.4050718531003282,0.2788521245453739,3,False,70th Anniversary Grand Prix,70th_anniversary_grand_prix,2020,2020-08-09,91.38277272727272,22,Closing,0.7069999999999936,False,False,False,False
STR,Racing Point,50,0 days 00:01:32.345000,0 days 00:00:29.049000,0 days 00:00:37.958000,0 days 00:00:25.338000,Hard,19,3,,,1,True,0 days 01:50:37.289000,92.345,29.049,37.958,25.338,6637.289,6630.387,25.9,57.4,1000.7,False,43.2,15,1.8,False,True,False,EMIRATES FORMULA 1 70TH ANNIVERSARY GRAND PRIX 2020,Silverstone,Great Britain,,,Permanent,,,0.31457036114570364,0.41104553576262925,0.2743841030916671,3,False,70th Anniversary Grand Prix,70th_anniversary_grand_prix,2020,2020-08-09,92.27328571428572,21,Closing,1.965999999999994,False,False,False,False
HUL,Racing Point,50,0 days 00:01:30.547000,0 days 00:00:28.875000,0 days 00:00:36.731000,0 days 00:00:24.941000,Soft,8,4,,,1,True,0 days 01:50:52.341000,90.547,28.875,36.731,24.941,6652.341,6630.387,25.9,57.4,1000.7,False,43.2,15,1.8,False,True,False,EMIRATES FORMULA 1 70TH ANNIVERSARY GRAND PRIX 2020,Silverstone,Great Britain,,,Permanent,,,0.31889515941996976,0.4056567307586116,0.2754481098214187,3,False,70th Anniversary Grand Prix,70th_anniversary_grand_prix,2020,2020-08-09,93.453375,8,Closing,0.45999999999999375,False,False,False,False
OCO,Renault,50,0 days 00:01:30.575000,0 days 00:00:28.860000,0 days 00:00:36.825000,0 days 00:00:24.890000,Hard,28,2,,,1,True,0 days 01:51:01.125000,90.575,28.86,36.825,24.89,6661.125,6690.398,26.0,57.4,1000.8,False,43.3,337,1.5,False,True,False,EMIRATES FORMULA 1 70TH ANNIVERSARY GRAND PRIX 2020,Silverstone,Great Britain,,,Permanent,,,0.3186309688103781,0.406569141595363,0.2747998895942589,3,False,70th Anniversary Grand Prix,70th_anniversary_grand_prix,2020,2020-08-09,92.70673333333333,30,Closing,0.0,False,False,False,False
NOR,McLaren,50,0 days 00:01:31.010000,0 days 00:00:29.058000,0 days 00:00:36.578000,0 days 00:00:25.374000,Hard,21,3,,,1,True,0 days 01:51:02.857000,91.01,29.058,36.578,25.374,6662.857,6690.398,26.0,57.4,1000.8,False,43.3,337,1.5,False,True,False,EMIRATES FORMULA 1 70TH ANNIVERSARY GRAND PRIX 2020,Silverstone,Great Britain,,,Permanent,,,0.31928359520931765,0.40191187781562465,0.27880452697505764,3,False,70th Anniversary Grand Prix,70th_anniversary_grand_prix,2020,2020-08-09,92.46134782608695,23,Closing,0.3120000000000118,False,False,False,False
KVY,AlphaTauri,50,0 days 00:01:30.980000,0 days 00:00:28.950000,0 days 00:00:37.070000,0 days 00:00:24.960000,Medium,15,3,,,1,True,0 days 01:51:06.849000,90.98,28.95,37.07,24.96,6666.849,6690.398,26.0,57.4,1000.8,False,43.3,337,1.5,False,True,False,EMIRATES FORMULA 1 70TH ANNIVERSARY GRAND PRIX 2020,Silverstone,Great Britain,,,Permanent,,,0.3182018025939767,0.40745218729391075,0.27434601011211257,3,False,70th Anniversary Grand Prix,70th_anniversary_grand_prix,2020,2020-08-09,92.25970588235293,17,Closing,0.24200000000000443,False,False,False,False
GAS,AlphaTauri,50,0 days 00:01:30.680000,0 days 00:00:28.805000,0 days 00:00:36.872000,0 days 00:00:25.003000,Hard,27,3,,,1,True,0 days 01:51:09.438000,90.68,28.805,36.872,25.003,6669.438,6690.398,26.0,57.4,1000.8,False,43.3,337,1.5,False,True,False,EMIRATES FORMULA 1 70TH ANNIVERSARY GRAND PRIX 2020,Silverstone,Great Britain,,,Permanent,,,0.31765549183943537,0.40661667401852664,0.27572783414203794,3,False,70th Anniversary Grand Prix,70th_anniversary_grand_prix,2020,2020-08-09,92.35106896551724,29,Closing,0.5880000000000081,False,False,False,False
VET,Ferrari,50,0 days 00:01:30.820000,0 days 00:00:28.660000,0 days 00:00:37.048000,0 days 00:00:25.112000,Medium,20,3,,,1,True,0 days 01:51:10.969000,90.82,28.66,37.048,25.112,6670.969,6690.398,26.0,57.4,1000.8,False,43.3,337,1.5,False,True,False,EMIRATES FORMULA 1 70TH ANNIVERSARY GRAND PRIX 2020,Silverstone,Great Britain,,,Permanent,,,0.3155692578727153,0.4079277692138296,0.2765029729134552,3,False,70th Anniversary Grand Prix,70th_anniversary_grand_prix,2020,2020-08-09,92.17536842105262,19,Closing,0.03499999999999659,False,False,False,False
SAI,McLaren,50,0 days 00:01:31.031000,0 days 00:00:28.739000,0 days 00:00:37.113000,0 days 00:00:25.179000,Hard,16,3,,,1,True,0 days 01:51:11.863000,91.031,28.739,37.113,25.179,6671.863,6690.398,26.0,57.4,1000.8,False,43.3,337,1.5,False,True,False,EMIRATES FORMULA 1 70TH ANNIVERSARY GRAND PRIX 2020,Silverstone,Great Britain,,,Permanent,,,0.3157056387384517,0.4076962792894728,0.2765980819720754,3,False,70th Anniversary Grand Prix,70th_anniversary_grand_prix,2020,2020-08-09,92.24666666666667,18,Closing,0.4750000000000085,False,False,False,False
VER,Red Bull Racing,51,0 days 00:01:30.013000,0 days 00:00:28.630000,0 days 00:00:36.508000,0 days 00:00:24.875000,Hard,19,3,,,1,True,0 days 01:51:28.688000,90.013,28.63,36.508,24.875,6688.688,6690.398,26.0,57.4,1000.8,False,43.3,337,1.5,False,True,False,EMIRATES FORMULA 1 70TH ANNIVERSARY GRAND PRIX 2020,Silverstone,Great Britain,,,Permanent,,,0.31806516836456955,0.4055858598202482,0.27634897181518225,3,False,70th Anniversary Grand Prix,70th_anniversary_grand_prix,2020,2020-08-09,91.20945,20,Closing,0.5480000000000018,False,False,False,False
RIC,Renault,50,0 days 00:01:32.441000,0 days 00:00:29.316000,0 days 00:00:37.884000,0 days 00:00:25.241000,Medium,17,4,,,1,True,0 days 01:51:32.624000,92.441,29.316,37.884,25.241,6692.624,6690.398,26.0,57.4,1000.8,False,43.3,337,1.5,False,True,False,EMIRATES FORMULA 1 70TH ANNIVERSARY GRAND PRIX 2020,Silverstone,Great Britain,,,Permanent,,,0.3171320085243561,0.4098181542821908,0.2730498371934531,3,False,70th Anniversary Grand Prix,70th_anniversary_grand_prix,2020,2020-08-09,93.24849999999999,16,Closing,1.2729999999999961,False,False,False,False
HAM,Mercedes,51,0 days 00:01:30.613000,0 days 00:00:28.971000,0 days 00:00:36.796000,0 days 00:00:24.846000,Hard,10,3,,,1,True,0 days 01:51:38.181000,90.613,28.971,36.796,24.846,6698.181,6690.398,26.0,57.4,1000.8,False,43.3,337,1.5,False,True,False,EMIRATES FORMULA 1 70TH ANNIVERSARY GRAND PRIX 2020,Silverstone,Great Britain,,,Permanent,,,0.3197223356472029,0.40607859799366536,0.2741990663591317,3,False,70th Anniversary Grand Prix,70th_anniversary_grand_prix,2020,2020-08-09,91.55754545454546,11,Closing,2.162000000000006,False,False,False,False
BOT,Mercedes,51,0 days 00:01:33.333000,0 days 00:00:29.124000,0 days 00:00:38.167000,0 days 00:00:26.042000,Hard,19,3,,,1,True,0 days 01:51:43.048000,93.333,29.124,38.167,26.042,6703.048,6690.398,26.0,57.4,1000.8,False,43.3,337,1.5,False,True,False,EMIRATES FORMULA 1 70TH ANNIVERSARY GRAND PRIX 2020,Silverstone,Great Britain,,,Permanent,,,0.3120439715856128,0.4089336033342976,0.2790224250800896,3,False,70th Anniversary Grand Prix,70th_anniversary_grand_prix,2020,2020-08-09,92.04515,20,Closing,3.567999999999998,False,False,False,False
RAI,Alfa Romeo Racing,50,0 days 00:01:33.082000,0 days 00:00:29.321000,0 days 00:00:38.235000,0 days 00:00:25.526000,Medium,24,2,,,1,True,0 days 01:51:48.797000,93.082,29.321,38.235,25.526,6708.797,6690.398,26.0,57.4,1000.8,False,43.3,337,1.5,False,True,False,EMIRATES FORMULA 1 70TH ANNIVERSARY GRAND PRIX 2020,Silverstone,Great Britain,,,Permanent,,,0.31500182634666213,0.4107668507337617,0.2742313229195763,3,False,70th Anniversary Grand Prix,70th_anniversary_grand_prix,2020,2020-08-09,93.72435999999999,25,Closing,1.3259999999999934,False,False,False,False
GRO,Haas F1 Team,50,0 days 00:01:31.086000,0 days 00:00:29.038000,0 days 00:00:37.143000,0 days 00:00:24.905000,Hard,12,3,,,1,True,0 days 01:51:53.654000,91.086,29.038,37.143,24.905,6713.654,6690.398,26.0,57.4,1000.8,False,43.3,337,1.5,False,True,False,EMIRATES FORMULA 1 70TH ANNIVERSARY GRAND PRIX 2020,Silverstone,Great Britain,,,Permanent,,,0.3187976198318073,0.407779461168566,0.27342291899962673,3,False,70th Anniversary Grand Prix,70th_anniversary_grand_prix,2020,2020-08-09,93.722,13,Closing,0.29299999999999216,False,False,False,False
LEC,Ferrari,51,0 days 00:01:33.817000,0 days 00:00:29.535000,0 days 00:00:38.573000,0 days 00:00:25.709000,Hard,33,2,,,1,True,0 days 01:51:56.681000,93.817,29.535,38.573,25.709,6716.681,6690.398,26.0,57.4,1000.8,False,43.3,337,1.5,False,True,False,EMIRATES FORMULA 1 70TH ANNIVERSARY GRAND PRIX 2020,Silverstone,Great Britain,,,Permanent,,,0.3148150122046111,0.411151497063432,0.27403349073195693,3,False,70th Anniversary Grand Prix,70th_anniversary_grand_prix,2020,2020-08-09,92.02232352941176,34,Closing,3.2649999999999864,False,False,False,False
GIO,Alfa Romeo Racing,50,0 days 00:01:32.403000,0 days 00:00:29.235000,0 days 00:00:37.787000,0 days 00:00:25.381000,Medium,17,3,,,1,True,0 days 01:51:58.117000,92.403,29.235,37.787,25.381,6718.117,6690.398,26.0,57.4,1000.8,False,43.3,337,1.5,False,True,False,EMIRATES FORMULA 1 70TH ANNIVERSARY GRAND PRIX 2020,Silverstone,Great Britain,,,Permanent,,,0.3163858316288432,0.40893693927686325,0.2746772290942935,3,False,70th Anniversary Grand Prix,70th_anniversary_grand_prix,2020,2020-08-09,93.73805555555556,18,Closing,0.5770000000000124,False,False,False,False
RUS,Williams,50,0 days 00:01:31.408000,0 days 00:00:28.978000,0 days 00:00:37.201000,0 days 00:00:25.229000,Medium,16,4,,,1,True,0 days 01:51:58.905000,91.408,28.978,37.201,25.229,6718.905,6690.398,26.0,57.4,1000.8,False,43.3,337,1.5,False,True,False,EMIRATES FORMULA 1 70TH ANNIVERSARY GRAND PRIX 2020,Silverstone,Great Britain,,,Permanent,,,0.3170182040959216,0.4069775074391738,0.2760042884649046,3,False,70th Anniversary Grand Prix,70th_anniversary_grand_prix,2020,2020-08-09,93.7885,12,Closing,0.0,False,False,False,False
LAT,Williams,50,0 days 00:01:31.216000,0 days 00:00:28.687000,0 days 00:00:37.130000,0 days 00:00:25.399000,Medium,4,4,,,1,True,0 days 01:51:59.626000,91.216,28.687,37.13,25.399,6719.626,6690.398,26.0,57.4,1000.8,False,43.3,337,1.5,False,True,False,EMIRATES FORMULA 1 70TH ANNIVERSARY GRAND PRIX 2020,Silverstone,Great Britain,,,Permanent,,,0.3144952639887739,0.4070557796877741,0.27844895632345207,3,False,70th Anniversary Grand Prix,70th_anniversary_grand_prix,2020,2020-08-09,94.7316,5,Closing,1.2659999999999911,False,False,False,False
ALB,Red Bull Racing,51,0 days 00:01:29.832000,0 days 00:00:28.802000,0 days 00:00:36.328000,0 days 00:00:24.702000,Hard,21,3,,,1,True,0 days 01:52:05.695000,89.832,28.802,36.328,24.702,6725.695,6750.399,26.1,56.6,1000.7,False,43.5,33,1.8,False,True,False,EMIRATES FORMULA 1 70TH ANNIVERSARY GRAND PRIX 2020,Silverstone,Great Britain,,,Permanent,,,0.3206207142221035,0.40439932318104915,0.2749799625968475,3,False,70th Anniversary Grand Prix,70th_anniversary_grand_prix,2020,2020-08-09,91.38277272727272,22,Closing,0.35499999999998977,False,False,False,False
STR,Racing Point,51,0 days 00:01:31.967000,0 days 00:00:29.229000,0 days 00:00:37.344000,0 days 00:00:25.394000,Hard,20,3,,,1,True,0 days 01:52:09.256000,91.967,29.229,37.344,25.394,6729.256,6750.399,26.1,56.6,1000.7,False,43.5,33,1.8,False,True,False,EMIRATES FORMULA 1 70TH ANNIVERSARY GRAND PRIX 2020,Silverstone,Great Britain,,,Permanent,,,0.3178205225787511,0.40605869496667285,0.2761207824545761,3,False,70th Anniversary Grand Prix,70th_anniversary_grand_prix,2020,2020-08-09,92.27328571428572,21,Closing,1.5879999999999939,False,False,False,False
HUL,Racing Point,51,0 days 00:01:32.756000,0 days 00:00:29.058000,0 days 00:00:38.149000,0 days 00:00:25.549000,Soft,9,4,,,1,True,0 days 01:52:25.097000,92.756,29.058,38.149,25.549,6745.097,6750.399,26.1,56.6,1000.7,False,43.5,33,1.8,False,True,False,EMIRATES FORMULA 1 70TH ANNIVERSARY GRAND PRIX 2020,Silverstone,Great Britain,,,Permanent,,,0.31327353486566906,0.4112833671137177,0.27544309802061323,3,False,70th Anniversary Grand Prix,70th_anniversary_grand_prix,2020,2020-08-09,93.453375,8,Closing,2.668999999999997,False,False,False,False
OCO,Renault,51,0 days 00:01:30.829000,0 days 00:00:28.850000,0 days 00:00:36.886000,0 days 00:00:25.093000,Hard,29,2,,,1,True,0 days 01:52:31.954000,90.829,28.85,36.886,25.093,6751.954,6750.399,26.1,56.6,1000.7,False,43.5,33,1.8,False,True,False,EMIRATES FORMULA 1 70TH ANNIVERSARY GRAND PRIX 2020,Silverstone,Great Britain,,,Permanent,,,0.317629831881888,0.40610377742791404,0.2762663906901981,3,False,70th Anniversary Grand Prix,70th_anniversary_grand_prix,2020,2020-08-09,92.70673333333333,30,Closing,0.2539999999999907,False,False,False,False
NOR,McLaren,51,0 days 00:01:31.044000,0 days 00:00:29.022000,0 days 00:00:36.857000,0 days 00:00:25.165000,Hard,22,3,,,1,True,0 days 01:52:33.901000,91.044,29.022,36.857,25.165,6753.901,6750.399,26.1,56.6,1000.7,False,43.5,33,1.8,False,True,False,EMIRATES FORMULA 1 70TH ANNIVERSARY GRAND PRIX 2020,Silverstone,Great Britain,,,Permanent,,,0.31876894688282587,0.4048262378630113,0.27640481525416283,3,False,70th Anniversary Grand Prix,70th_anniversary_grand_prix,2020,2020-08-09,92.46134782608695,23,Closing,0.34600000000000364,False,False,False,False
KVY,AlphaTauri,51,0 days 00:01:31.315000,0 days 00:00:29.027000,0 days 00:00:37.108000,0 days 00:00:25.180000,Medium,16,3,,,1,True,0 days 01:52:38.164000,91.315,29.027,37.108,25.18,6758.164,6750.399,26.1,56.6,1000.7,False,43.5,33,1.8,False,True,False,EMIRATES FORMULA 1 70TH ANNIVERSARY GRAND PRIX 2020,Silverstone,Great Britain,,,Permanent,,,0.31787767617587476,0.40637354213437,0.27574878168975525,3,False,70th Anniversary Grand Prix,70th_anniversary_grand_prix,2020,2020-08-09,92.25970588235293,17,Closing,0.5769999999999982,False,False,False,False
GAS,AlphaTauri,51,0 days 00:01:30.345000,0 days 00:00:28.764000,0 days 00:00:36.696000,0 days 00:00:24.885000,Hard,28,3,,,1,True,0 days 01:52:39.783000,90.345,28.764,36.696,24.885,6759.783,6750.399,26.1,56.6,1000.7,False,43.5,33,1.8,False,True,False,EMIRATES FORMULA 1 70TH ANNIVERSARY GRAND PRIX 2020,Silverstone,Great Britain,,,Permanent,,,0.31837954507720406,0.40617632409098453,0.2754441308318114,3,False,70th Anniversary Grand Prix,70th_anniversary_grand_prix,2020,2020-08-09,92.35106896551724,29,Closing,0.2530000000000001,False,False,False,False
VET,Ferrari,51,0 days 00:01:30.802000,0 days 00:00:28.743000,0 days 00:00:37.001000,0 days 00:00:25.058000,Medium,21,3,,,1,True,0 days 01:52:41.771000,90.802,28.743,37.001,25.058,6761.771,6750.399,26.1,56.6,1000.7,False,43.5,33,1.8,False,True,False,EMIRATES FORMULA 1 70TH ANNIVERSARY GRAND PRIX 2020,Silverstone,Great Britain,,,Permanent,,,0.31654589105966824,0.4074910244267747,0.27596308451355694,3,False,70th Anniversary Grand Prix,70th_anniversary_grand_prix,2020,2020-08-09,92.17536842105262,19,Closing,0.017000000000010118,False,False,False,False
SAI,McLaren,51,0 days 00:01:30.695000,0 days 00:00:28.797000,0 days 00:00:36.791000,0 days 00:00:25.107000,Hard,17,3,,,1,True,0 days 01:52:42.558000,90.695,28.797,36.791,25.107,6762.558,6750.399,26.1,56.6,1000.7,False,43.5,33,1.8,False,True,False,EMIRATES FORMULA 1 70TH ANNIVERSARY GRAND PRIX 2020,Silverstone,Great Britain,,,Permanent,,,0.31751474722972606,0.40565632063509566,0.27682893213517834,3,False,70th Anniversary Grand Prix,70th_anniversary_grand_prix,2020,2020-08-09,92.24666666666667,18,Closing,0.1389999999999958,False,False,False,False
VER,Red Bull Racing,52,0 days 00:01:30.545000,0 days 00:00:28.769000,0 days 00:00:36.758000,0 days 00:00:25.018000,Hard,20,3,,,1,True,0 days 01:52:59.233000,90.545,28.769,36.758,25.018,6779.233,6750.399,26.1,56.6,1000.7,False,43.5,33,1.8,False,True,False,EMIRATES FORMULA 1 70TH ANNIVERSARY GRAND PRIX 2020,Silverstone,Great Britain,,,Permanent,,,0.3177315147164393,0.4059638853608703,0.27630459992269035,3,False,70th Anniversary Grand Prix,70th_anniversary_grand_prix,2020,2020-08-09,91.20945,20,Closing,1.0799999999999983,False,False,False,False
RIC,Renault,51,0 days 00:01:33.260000,0 days 00:00:29.378000,0 days 00:00:38.063000,0 days 00:00:25.819000,Medium,18,4,,,1,True,0 days 01:53:05.884000,93.26,29.378,38.063,25.819,6785.884,6810.439,25.9,57.3,1000.6,False,43.5,5,1.5,False,True,False,EMIRATES FORMULA 1 70TH ANNIVERSARY GRAND PRIX 2020,Silverstone,Great Britain,,,Permanent,,,0.3150117949817714,0.40813853742226036,0.27684966759596824,3,False,70th Anniversary Grand Prix,70th_anniversary_grand_prix,2020,2020-08-09,93.24849999999999,16,Closing,2.0919999999999987,False,False,False,False
HAM,Mercedes,52,0 days 00:01:32.378000,0 days 00:00:29.081000,0 days 00:00:38.037000,0 days 00:00:25.260000,Hard,11,3,,,1,True,0 days 01:53:10.559000,92.378,29.081,38.037,25.26,6790.559,6810.439,25.9,57.3,1000.6,False,43.5,5,1.5,False,True,False,EMIRATES FORMULA 1 70TH ANNIVERSARY GRAND PRIX 2020,Silverstone,Great Britain,,,Permanent,,,0.31480439065578386,0.41175388079412845,0.2734417285500877,3,False,70th Anniversary Grand Prix,70th_anniversary_grand_prix,2020,2020-08-09,91.55754545454546,11,Closing,3.9270000000000067,False,False,False,False
BOT,Mercedes,52,0 days 00:01:35.416000,0 days 00:00:29.348000,0 days 00:00:39.342000,0 days 00:00:26.726000,Hard,20,3,,,1,True,0 days 01:53:18.464000,95.416,29.348,39.342,26.726,6798.464,6810.439,25.9,57.3,1000.6,False,43.5,5,1.5,False,True,False,EMIRATES FORMULA 1 70TH ANNIVERSARY GRAND PRIX 2020,Silverstone,Great Britain,,,Permanent,,,0.3075794416030854,0.4123207847740421,0.28009977362287247,3,False,70th Anniversary Grand Prix,70th_anniversary_grand_prix,2020,2020-08-09,92.04515,20,Closing,5.650999999999996,False,False,False,False
RAI,Alfa Romeo Racing,51,0 days 00:01:33.480000,0 days 00:00:29.468000,0 days 00:00:38.079000,0 days 00:00:25.933000,Medium,25,2,,,1,True,0 days 01:53:22.277000,93.48,29.468,38.079,25.933,6802.277,6810.439,25.9,57.3,1000.6,False,43.5,5,1.5,False,True,False,EMIRATES FORMULA 1 70TH ANNIVERSARY GRAND PRIX 2020,Silverstone,Great Britain,,,Permanent,,,0.31523320496362855,0.40734916559691914,0.27741762943945225,3,False,70th Anniversary Grand Prix,70th_anniversary_grand_prix,2020,2020-08-09,93.72435999999999,25,Closing,1.7240000000000038,False,False,False,False
GRO,Haas F1 Team,51,0 days 00:01:30.793000,0 days 00:00:28.796000,0 days 00:00:37.016000,0 days 00:00:24.981000,Hard,13,3,,,1,True,0 days 01:53:24.447000,90.793,28.796,37.016,24.981,6804.447,6810.439,25.9,57.3,1000.6,False,43.5,5,1.5,False,True,False,EMIRATES FORMULA 1 70TH ANNIVERSARY GRAND PRIX 2020,Silverstone,Great Britain,,,Permanent,,,0.31716101461566415,0.4076966285947154,0.27514235678962035,3,False,70th Anniversary Grand Prix,70th_anniversary_grand_prix,2020,2020-08-09,93.722,13,Closing,0.0,False,False,False,False
LEC,Ferrari,52,0 days 00:01:31.841000,0 days 00:00:28.667000,0 days 00:00:37.745000,0 days 00:00:25.429000,Hard,34,2,,,1,True,0 days 01:53:28.522000,91.841,28.667,37.745,25.429,6808.522,6810.439,25.9,57.3,1000.6,False,43.5,5,1.5,False,True,False,EMIRATES FORMULA 1 70TH ANNIVERSARY GRAND PRIX 2020,Silverstone,Great Britain,,,Permanent,,,0.31213728073518365,0.41098202327936323,0.2768806959854531,3,False,70th Anniversary Grand Prix,70th_anniversary_grand_prix,2020,2020-08-09,92.02232352941176,34,Closing,1.2889999999999873,False,False,False,False
GIO,Alfa Romeo Racing,51,0 days 00:01:32.130000,0 days 00:00:29.068000,0 days 00:00:37.603000,0 days 00:00:25.459000,Medium,18,3,,,1,True,0 days 01:53:30.247000,92.13,29.068,37.603,25.459,6810.247,6810.439,25.9,57.3,1000.6,False,43.5,5,1.5,False,True,False,EMIRATES FORMULA 1 70TH ANNIVERSARY GRAND PRIX 2020,Silverstone,Great Britain,,,Permanent,,,0.3155106914143059,0.40815152501899493,0.27633778356669925,3,False,70th Anniversary Grand Prix,70th_anniversary_grand_prix,2020,2020-08-09,93.73805555555556,18,Closing,0.30400000000000205,False,False,False,False
RUS,Williams,51,0 days 00:01:32.224000,0 days 00:00:28.960000,0 days 00:00:37.652000,0 days 00:00:25.612000,Medium,17,4,,,1,True,0 days 01:53:31.129000,92.224,28.96,37.652,25.612,6811.129,6810.439,25.9,57.3,1000.6,False,43.5,5,1.5,False,True,False,EMIRATES FORMULA 1 70TH ANNIVERSARY GRAND PRIX 2020,Silverstone,Great Britain,,,Permanent,,,0.3140180430256766,0.40826682859125607,0.2777151283830673,3,False,70th Anniversary Grand Prix,70th_anniversary_grand_prix,2020,2020-08-09,93.7885,12,Closing,0.8160000000000025,False,False,False,False
LAT,Williams,51,0 days 00:01:32.110000,0 days 00:00:28.752000,0 days 00:00:37.566000,0 days 00:00:25.792000,Medium,5,4,,,1,True,0 days 01:53:31.736000,92.11,28.752,37.566,25.792,6811.736,6810.439,25.9,57.3,1000.6,False,43.5,5,1.5,False,True,False,EMIRATES FORMULA 1 70TH ANNIVERSARY GRAND PRIX 2020,Silverstone,Great Britain,,,Permanent,,,0.3121485180762132,0.40783845402236457,0.28001302790142224,3,False,70th Anniversary Grand Prix,70th_anniversary_grand_prix,2020,2020-08-09,94.7316,5,Closing,2.1599999999999966,False,False,False,False
ALB,Red Bull Racing,52,0 days 00:01:32.684000,0 days 00:00:29,0 days 00:00:37.430000,0 days 00:00:26.254000,Hard,22,3,,,1,True,0 days 01:53:38.379000,92.684,29.0,37.43,26.254,6818.379,6810.439,25.9,57.3,1000.6,False,43.5,5,1.5,False,True,False,EMIRATES FORMULA 1 70TH ANNIVERSARY GRAND PRIX 2020,Silverstone,Great Britain,,,Permanent,,,0.31289111389236546,0.4038453238962496,0.28326356221138493,3,False,70th Anniversary Grand Prix,70th_anniversary_grand_prix,2020,2020-08-09,91.38277272727272,22,Closing,3.2069999999999936,False,False,False,False
STR,Racing Point,52,0 days 00:01:32.515000,0 days 00:00:29.018000,0 days 00:00:37.716000,0 days 00:00:25.781000,Hard,21,3,,,1,True,0 days 01:53:41.771000,92.515,29.018,37.716,25.781,6821.771,6810.439,25.9,57.3,1000.6,False,43.5,5,1.5,False,True,False,EMIRATES FORMULA 1 70TH ANNIVERSARY GRAND PRIX 2020,Silverstone,Great Britain,,,Permanent,,,0.3136572447711182,0.40767443117332325,0.2786683240555585,3,False,70th Anniversary Grand Prix,70th_anniversary_grand_prix,2020,2020-08-09,92.27328571428572,21,Closing,2.1359999999999957,False,False,False,False
HUL,Racing Point,52,0 days 00:01:30.087000,0 days 00:00:28.597000,0 days 00:00:36.451000,0 days 00:00:25.039000,Soft,10,4,,,1,True,0 days 01:53:55.184000,90.087,28.597,36.451,25.039,6835.184,6810.439,25.9,57.3,1000.6,False,43.5,5,1.5,False,True,False,EMIRATES FORMULA 1 70TH ANNIVERSARY GRAND PRIX 2020,Silverstone,Great Britain,,,Permanent,,,0.31743758810927214,0.4046199784652614,0.2779424334254665,3,False,70th Anniversary Grand Prix,70th_anniversary_grand_prix,2020,2020-08-09,93.453375,8,Closing,0.0,False,False,False,False
OCO,Renault,52,0 days 00:01:32.052000,0 days 00:00:28.745000,0 days 00:00:36.744000,0 days 00:00:26.563000,Hard,30,2,,,1,True,0 days 01:54:04.006000,92.052,28.745,36.744,26.563,6844.006,6870.474,26.0,57.2,1000.8,False,43.4,342,1.0,False,True,False,EMIRATES FORMULA 1 70TH ANNIVERSARY GRAND PRIX 2020,Silverstone,Great Britain,,,Permanent,,,0.31226915221831136,0.39916568895841475,0.28856515882327377,3,False,70th Anniversary Grand Prix,70th_anniversary_grand_prix,2020,2020-08-09,92.70673333333333,30,Closing,1.4770000000000039,False,False,False,False
NOR,McLaren,52,0 days 00:01:30.876000,0 days 00:00:28.915000,0 days 00:00:36.832000,0 days 00:00:25.129000,Hard,23,3,,,1,True,0 days 01:54:04.777000,90.876,28.915,36.832,25.129,6844.777,6870.474,26.0,57.2,1000.8,False,43.4,342,1.0,False,True,False,EMIRATES FORMULA 1 70TH ANNIVERSARY GRAND PRIX 2020,Silverstone,Great Britain,,,Permanent,,,0.3181808178176856,0.40529952902856636,0.276519653153748,3,False,70th Anniversary Grand Prix,70th_anniversary_grand_prix,2020,2020-08-09,92.46134782608695,23,Closing,0.17800000000001148,False,False,False,False
KVY,AlphaTauri,52,0 days 00:01:30.738000,0 days 00:00:28.772000,0 days 00:00:36.941000,0 days 00:00:25.025000,Medium,17,3,,,1,True,0 days 01:54:08.902000,90.738,28.772,36.941,25.025,6848.902,6870.474,26.0,57.2,1000.8,False,43.4,342,1.0,False,True,False,EMIRATES FORMULA 1 70TH ANNIVERSARY GRAND PRIX 2020,Silverstone,Great Britain,,,Permanent,,,0.31708876104829287,0.40711719456016227,0.27579404439154487,3,False,70th Anniversary Grand Prix,70th_anniversary_grand_prix,2020,2020-08-09,92.25970588235293,17,Closing,0.0,False,False,False,False
GAS,AlphaTauri,52,0 days 00:01:30.092000,0 days 00:00:28.572000,0 days 00:00:36.631000,0 days 00:00:24.889000,Hard,29,3,,,1,True,0 days 01:54:09.875000,90.092,28.572,36.631,24.889,6849.875,6870.474,26.0,57.2,1000.8,False,43.4,342,1.0,False,True,False,EMIRATES FORMULA 1 70TH ANNIVERSARY GRAND PRIX 2020,Silverstone,Great Britain,,,Permanent,,,0.3171424765794965,0.40659548017582026,0.27626204324468323,3,False,70th Anniversary Grand Prix,70th_anniversary_grand_prix,2020,2020-08-09,92.35106896551724,29,Closing,0.0,False,False,False,False
VET,Ferrari,52,0 days 00:01:30.832000,0 days 00:00:28.600000,0 days 00:00:37.043000,0 days 00:00:25.189000,Medium,22,3,,,1,True,0 days 01:54:12.603000,90.832,28.6,37.043,25.189,6852.603,6870.474,26.0,57.2,1000.8,False,43.4,342,1.0,False,True,False,EMIRATES FORMULA 1 70TH ANNIVERSARY GRAND PRIX 2020,Silverstone,Great Britain,,,Permanent,,,0.3148670072221244,0.4078188303681522,0.27731416240972345,3,False,70th Anniversary Grand Prix,70th_anniversary_grand_prix,2020,2020-08-09,92.17536842105262,19,Closing,0.046999999999997044,False,False,False,False
SAI,McLaren,52,0 days 00:01:30.745000,0 days 00:00:28.493000,0 days 00:00:36.960000,0 days 00:00:25.292000,Hard,18,3,,,1,True,0 days 01:54:13.303000,90.745,28.493,36.96,25.292,6853.303,6870.474,26.0,57.2,1000.8,False,43.4,342,1.0,False,True,False,EMIRATES FORMULA 1 70TH ANNIVERSARY GRAND PRIX 2020,Silverstone,Great Britain,,,Permanent,,,0.3139897515014601,0.407295167777839,0.2787150807207009,3,False,70th Anniversary Grand Prix,70th_anniversary_grand_prix,2020,2020-08-09,92.24666666666667,18,Closing,0.18900000000000716,False,False,False,False
