Driver,Team,LapNumber,LapTime,Sector1Time,Sector2Time,Sector3Time,Compound,TyreLife,Stint,PitInTime,PitOutTime,TrackStatus,IsAccurate,Time,LapTimeSeconds,Sector1TimeSeconds,Sector2TimeSeconds,Sector3TimeSeconds,LapStartTime,WeatherTime,AirTemp,Humidity,Pressure,Rainfall,TrackTemp,WindDirection,WindSpeed,IsWetLap,IsDryLap,IsWetRace,CircuitName,CircuitShort,CircuitCountry,TrackLengthKM,AltitudeM,CircuitType,PitLap,PitDuration,Sector1Pct,Sector2Pct,Sector3Pct,BestSector,IsValidLap,GrandPrix,GP_Slug,SeasonYear,EventDate,AvgLapTime,StintLength,StintType,DeltaToFastestLap,IsSC,IsVSC,IsRedFlag,IsDNF
HAM,Mercedes,2,0 days 00:01:50.242000,0 days 00:00:31.804000,0 days 00:00:48.800000,0 days 00:00:29.638000,Medium,5,1,,,1,True,0 days 00:37:24.448000,110.242,31.804,48.8,29.638,2244.448,2238.976,18.2,54.5,962.4,False,31.5,343,3.0,False,True,False,FORMULA 1 ROLEX BELGIAN GRAND PRIX 2020,Spa-Francorchamps,Belgium,,,Permanent,,,0.2884925890314036,0.4426625061228932,0.2688449048457031,3,False,Belgian Grand Prix,belgian_grand_prix,2020,2020-08-30,109.95533333333333,9,Opening,2.484000000000009,False,False,False,True
BOT,Mercedes,2,0 days 00:01:50.116000,0 days 00:00:31.868000,0 days 00:00:48.626000,0 days 00:00:29.622000,Medium,5,1,,,1,True,0 days 00:37:25.738000,110.116,31.868,48.626,29.622,2245.738,2238.976,18.2,54.5,962.4,False,31.5,343,3.0,False,True,False,FORMULA 1 ROLEX BELGIAN GRAND PRIX 2020,Spa-Francorchamps,Belgium,,,Permanent,,,0.28940390134040467,0.4415888699189945,0.26900722874060085,3,False,Belgian Grand Prix,belgian_grand_prix,2020,2020-08-30,110.05155555555555,9,Opening,2.1329999999999956,False,False,False,True
VER,Red Bull Racing,2,0 days 00:01:50.614000,0 days 00:00:31.726000,0 days 00:00:49.267000,0 days 00:00:29.621000,Medium,5,1,,,1,True,0 days 00:37:27.342000,110.614,31.726,49.267,29.621,2247.342,2238.976,18.2,54.5,962.4,False,31.5,343,3.0,False,True,False,FORMULA 1 ROLEX BELGIAN GRAND PRIX 2020,Spa-Francorchamps,Belgium,,,Permanent,,,0.2868172202433688,0.44539570036342596,0.2677870793932052,3,False,Belgian Grand Prix,belgian_grand_prix,2020,2020-08-30,110.40911111111112,9,Opening,2.3089999999999975,False,False,False,True
RIC,Renault,2,0 days 00:01:51.446000,0 days 00:00:31.631000,0 days 00:00:49.895000,0 days 00:00:29.920000,Soft,5,1,,,1,True,0 days 00:37:29.028000,111.446,31.631,49.895,29.92,2249.028,2238.976,18.2,54.5,962.4,False,31.5,343,3.0,False,True,False,FORMULA 1 ROLEX BELGIAN GRAND PRIX 2020,Spa-Francorchamps,Belgium,,,Permanent,,,0.2838235558028103,0.4477056152755595,0.2684708289216302,3,False,Belgian Grand Prix,belgian_grand_prix,2020,2020-08-30,111.15433333333334,9,Opening,3.962999999999994,False,False,False,True
OCO,Renault,2,0 days 00:01:52.021000,0 days 00:00:31.363000,0 days 00:00:50.645000,0 days 00:00:30.013000,Soft,5,1,,,1,True,0 days 00:37:30.432000,112.021,31.363,50.645,30.013,2250.432,2238.976,18.2,54.5,962.4,False,31.5,343,3.0,False,True,False,FORMULA 1 ROLEX BELGIAN GRAND PRIX 2020,Spa-Francorchamps,Belgium,,,Permanent,,,0.27997429053481043,0.4521027307379866,0.26792297872720294,3,False,Belgian Grand Prix,belgian_grand_prix,2020,2020-08-30,111.36255555555556,9,Opening,3.4809999999999945,False,False,False,True
ALB,Red Bull Racing,2,0 days 00:01:51.996000,0 days 00:00:31.691000,0 days 00:00:50.494000,0 days 00:00:29.811000,Soft,5,1,,,1,True,0 days 00:37:31.177000,111.996,31.691,50.494,29.811,2251.177,2238.976,18.2,54.5,962.4,False,31.5,343,3.0,False,True,False,FORMULA 1 ROLEX BELGIAN GRAND PRIX 2020,Spa-Francorchamps,Belgium,,,Permanent,,,0.28296546305225184,0.4508553876924176,0.26617914925533054,3,False,Belgian Grand Prix,belgian_grand_prix,2020,2020-08-30,111.43422222222222,9,Opening,3.259999999999991,False,False,False,True
STR,Racing Point,2,0 days 00:01:52.145000,0 days 00:00:31.574000,0 days 00:00:50.801000,0 days 00:00:29.770000,Soft,5,1,,,1,True,0 days 00:37:32.100000,112.145,31.574,50.801,29.77,2252.1,2238.976,18.2,54.5,962.4,False,31.5,343,3.0,False,True,False,FORMULA 1 ROLEX BELGIAN GRAND PRIX 2020,Spa-Francorchamps,Belgium,,,Permanent,,,0.28154621249275497,0.45299389183646177,0.2654598956707834,3,False,Belgian Grand Prix,belgian_grand_prix,2020,2020-08-30,111.80755555555555,9,Opening,3.0090000000000003,False,False,False,True
LEC,Ferrari,2,0 days 00:01:52.230000,0 days 00:00:31.883000,0 days 00:00:50.393000,0 days 00:00:29.954000,Soft,2,1,,,1,True,0 days 00:37:32.873000,112.23,31.883,50.393,29.954,2252.873,2238.976,18.2,54.5,962.4,False,31.5,343,3.0,False,True,False,FORMULA 1 ROLEX BELGIAN GRAND PRIX 2020,Spa-Francorchamps,Belgium,,,Permanent,,,0.28408625144791944,0.44901541477323353,0.26689833377884703,3,False,Belgian Grand Prix,belgian_grand_prix,2020,2020-08-30,113.77744444444444,9,Opening,4.390000000000001,False,False,False,True
GAS,AlphaTauri,2,0 days 00:01:52.409000,0 days 00:00:31.997000,0 days 00:00:50.699000,0 days 00:00:29.713000,Hard,2,1,,,1,True,0 days 00:37:33.594000,112.409,31.997,50.699,29.713,2253.594,2238.976,18.2,54.5,962.4,False,31.5,343,3.0,False,True,False,FORMULA 1 ROLEX BELGIAN GRAND PRIX 2020,Spa-Francorchamps,Belgium,,,Permanent,,,0.2846480264035798,0.45102260495156077,0.2643293686448594,3,False,Belgian Grand Prix,belgian_grand_prix,2020,2020-08-30,111.54104761904762,21,Opening,4.570000000000007,False,False,False,True
PER,Racing Point,2,0 days 00:01:53.617000,0 days 00:00:32.172000,0 days 00:00:51.737000,0 days 00:00:29.708000,Soft,5,1,,,1,True,0 days 00:37:34.637000,113.617,32.172,51.737,29.708,2254.637,2238.976,18.2,54.5,962.4,False,31.5,343,3.0,False,True,False,FORMULA 1 ROLEX BELGIAN GRAND PRIX 2020,Spa-Francorchamps,Belgium,,,Permanent,,,0.2831618507793728,0.45536319388823854,0.2614749553323886,3,False,Belgian Grand Prix,belgian_grand_prix,2020,2020-08-30,112.434,13,Opening,5.228000000000009,False,False,False,True
NOR,McLaren,2,0 days 00:01:53.824000,0 days 00:00:31.387000,0 days 00:00:52.646000,0 days 00:00:29.791000,Soft,5,1,,,1,True,0 days 00:37:35.777000,113.824,31.387,52.646,29.791,2255.777,2238.976,18.2,54.5,962.4,False,31.5,343,3.0,False,True,False,FORMULA 1 ROLEX BELGIAN GRAND PRIX 2020,Spa-Francorchamps,Belgium,,,Permanent,,,0.2757502811357886,0.462521085184144,0.2617286336800675,3,False,Belgian Grand Prix,belgian_grand_prix,2020,2020-08-30,112.64511111111112,9,Opening,5.271999999999991,False,False,False,True
KVY,AlphaTauri,2,0 days 00:01:53.663000,0 days 00:00:31.619000,0 days 00:00:52.293000,0 days 00:00:29.751000,Medium,2,1,,,1,True,0 days 00:37:36.495000,113.663,31.619,52.293,29.751,2256.495,2238.976,18.2,54.5,962.4,False,31.5,343,3.0,False,True,False,FORMULA 1 ROLEX BELGIAN GRAND PRIX 2020,Spa-Francorchamps,Belgium,,,Permanent,,,0.27818199414057343,0.4600705594608624,0.2617474463985642,3,False,Belgian Grand Prix,belgian_grand_prix,2020,2020-08-30,112.90766666666667,9,Opening,3.831000000000003,False,False,False,True
VET,Ferrari,2,0 days 00:01:54.126000,0 days 00:00:31.851000,0 days 00:00:52.287000,0 days 00:00:29.988000,Medium,2,1,,,1,True,0 days 00:37:37.610000,114.126,31.851,52.287,29.988,2257.61,2238.976,18.2,54.5,962.4,False,31.5,343,3.0,False,True,False,FORMULA 1 ROLEX BELGIAN GRAND PRIX 2020,Spa-Francorchamps,Belgium,,,Permanent,,,0.27908627306661055,0.4581515167446506,0.26276221018873874,3,False,Belgian Grand Prix,belgian_grand_prix,2020,2020-08-30,113.33866666666667,9,Opening,4.168000000000006,False,False,False,True
GIO,Alfa Romeo Racing,2,0 days 00:01:54.022000,0 days 00:00:31.908000,0 days 00:00:51.916000,0 days 00:00:30.198000,Medium,2,1,,,1,True,0 days 00:37:38.053000,114.022,31.908,51.916,30.198,2258.053,2238.976,18.2,54.5,962.4,False,31.5,343,3.0,False,True,False,FORMULA 1 ROLEX BELGIAN GRAND PRIX 2020,Spa-Francorchamps,Belgium,,,Permanent,,,0.2798407324902212,0.4553156408412411,0.26484362666853767,3,False,Belgian Grand Prix,belgian_grand_prix,2020,2020-08-30,112.675625,8,Opening,2.228999999999999,False,False,False,True
MAG,Haas F1 Team,2,0 days 00:01:54.097000,0 days 00:00:31.981000,0 days 00:00:51.881000,0 days 00:00:30.235000,Medium,2,1,,,1,True,0 days 00:37:38.641000,114.097,31.981,51.881,30.235,2258.641,2238.976,18.2,54.5,962.4,False,31.5,343,3.0,False,True,False,FORMULA 1 ROLEX BELGIAN GRAND PRIX 2020,Spa-Francorchamps,Belgium,,,Permanent,,,0.2802965897438145,0.4547095892091817,0.26499382104700386,3,False,Belgian Grand Prix,belgian_grand_prix,2020,2020-08-30,115.18977777777779,9,Opening,6.013999999999996,False,False,False,True
RAI,Alfa Romeo Racing,2,0 days 00:01:53.992000,0 days 00:00:32.264000,0 days 00:00:51.314000,0 days 00:00:30.414000,Medium,2,1,,,1,True,0 days 00:37:39.233000,113.992,32.264,51.314,30.414,2259.233,2238.976,18.2,54.5,962.4,False,31.5,343,3.0,False,True,False,FORMULA 1 ROLEX BELGIAN GRAND PRIX 2020,Spa-Francorchamps,Belgium,,,Permanent,,,0.28303740613376377,0.4501543967997754,0.2668081970664608,3,False,Belgian Grand Prix,belgian_grand_prix,2020,2020-08-30,113.87666666666668,9,Opening,4.170000000000002,False,False,False,True
RUS,Williams,2,0 days 00:01:54.314000,0 days 00:00:32.126000,0 days 00:00:51.991000,0 days 00:00:30.197000,Medium,2,1,,,1,True,0 days 00:37:39.722000,114.314,32.126,51.991,30.197,2259.722,2238.976,18.2,54.5,962.4,False,31.5,343,3.0,False,True,False,FORMULA 1 ROLEX BELGIAN GRAND PRIX 2020,Spa-Francorchamps,Belgium,,,Permanent,,,0.2810329443462743,0.4548086848504995,0.2641583708032262,3,False,Belgian Grand Prix,belgian_grand_prix,2020,2020-08-30,112.78175,8,Opening,2.559999999999988,False,False,False,True
GRO,Haas F1 Team,2,0 days 00:01:54.568000,0 days 00:00:31.915000,0 days 00:00:52.508000,0 days 00:00:30.145000,Medium,2,1,,,1,True,0 days 00:37:40.347000,114.568,31.915,52.508,30.145,2260.347,2238.976,18.2,54.5,962.4,False,31.5,343,3.0,False,True,False,FORMULA 1 ROLEX BELGIAN GRAND PRIX 2020,Spa-Francorchamps,Belgium,,,Permanent,,,0.2785681865791495,0.45831296697158025,0.2631188464492703,3,False,Belgian Grand Prix,belgian_grand_prix,2020,2020-08-30,114.45888888888891,9,Opening,4.549999999999997,False,False,False,True
LAT,Williams,2,0 days 00:01:54.848000,0 days 00:00:32.217000,0 days 00:00:52.124000,0 days 00:00:30.507000,Medium,2,1,,,1,True,0 days 00:37:41.391000,114.848,32.217,52.124,30.507,2261.391,2238.976,18.2,54.5,962.4,False,31.5,343,3.0,False,True,False,FORMULA 1 ROLEX BELGIAN GRAND PRIX 2020,Spa-Francorchamps,Belgium,,,Permanent,,,0.2805185984954026,0.4538520479242129,0.26562935358038453,3,False,Belgian Grand Prix,belgian_grand_prix,2020,2020-08-30,115.2988888888889,9,Opening,6.799999999999997,False,False,False,True
HAM,Mercedes,3,0 days 00:01:50.073000,0 days 00:00:31.865000,0 days 00:00:48.475000,0 days 00:00:29.733000,Medium,6,1,,,1,True,0 days 00:39:14.521000,110.073,31.865,48.475,29.733,2354.521,2358.999,18.2,54.8,962.4,False,31.4,336,1.8,False,True,False,FORMULA 1 ROLEX BELGIAN GRAND PRIX 2020,Spa-Francorchamps,Belgium,,,Permanent,,,0.2894897022884813,0.4403895596558648,0.270120738055654,3,False,Belgian Grand Prix,belgian_grand_prix,2020,2020-08-30,109.95533333333333,9,Opening,2.3149999999999977,False,False,False,True
BOT,Mercedes,3,0 days 00:01:50.243000,0 days 00:00:31.745000,0 days 00:00:48.730000,0 days 00:00:29.768000,Medium,6,1,,,1,True,0 days 00:39:15.981000,110.243,31.745,48.73,29.768,2355.981,2358.999,18.2,54.8,962.4,False,31.4,336,1.8,False,True,False,FORMULA 1 ROLEX BELGIAN GRAND PRIX 2020,Spa-Francorchamps,Belgium,,,Permanent,,,0.287954790780367,0.4420235298386292,0.2700216793810038,3,False,Belgian Grand Prix,belgian_grand_prix,2020,2020-08-30,110.05155555555555,9,Opening,2.259999999999991,False,False,False,True
VER,Red Bull Racing,3,0 days 00:01:50.335000,0 days 00:00:31.742000,0 days 00:00:48.888000,0 days 00:00:29.705000,Medium,6,1,,,1,True,0 days 00:39:17.677000,110.335,31.742,48.888,29.705,2357.677,2358.999,18.2,54.8,962.4,False,31.4,336,1.8,False,True,False,FORMULA 1 ROLEX BELGIAN GRAND PRIX 2020,Spa-Francorchamps,Belgium,,,Permanent,,,0.2876874971677165,0.44308696243259166,0.2692255403996918,3,False,Belgian Grand Prix,belgian_grand_prix,2020,2020-08-30,110.40911111111112,9,Opening,2.029999999999987,False,False,False,True
RIC,Renault,3,0 days 00:01:51.069000,0 days 00:00:31.691000,0 days 00:00:49.506000,0 days 00:00:29.872000,Soft,6,1,,,1,True,0 days 00:39:20.097000,111.069,31.691,49.506,29.872,2360.097,2358.999,18.2,54.8,962.4,False,31.4,336,1.8,False,True,False,FORMULA 1 ROLEX BELGIAN GRAND PRIX 2020,Spa-Francorchamps,Belgium,,,Permanent,,,0.2853271389856756,0.44572292899008725,0.26894993202423717,3,False,Belgian Grand Prix,belgian_grand_prix,2020,2020-08-30,111.15433333333334,9,Opening,3.5859999999999985,False,False,False,True
OCO,Renault,3,0 days 00:01:51.569000,0 days 00:00:31.556000,0 days 00:00:49.978000,0 days 00:00:30.035000,Soft,6,1,,,1,True,0 days 00:39:22.001000,111.569,31.556,49.978,30.035,2362.001,2358.999,18.2,54.8,962.4,False,31.4,336,1.8,False,True,False,FORMULA 1 ROLEX BELGIAN GRAND PRIX 2020,Spa-Francorchamps,Belgium,,,Permanent,,,0.2828384228593964,0.44795597343348065,0.26920560370712293,3,False,Belgian Grand Prix,belgian_grand_prix,2020,2020-08-30,111.36255555555556,9,Opening,3.0289999999999964,False,False,False,True
ALB,Red Bull Racing,3,0 days 00:01:51.516000,0 days 00:00:31.545000,0 days 00:00:50.127000,0 days 00:00:29.844000,Soft,6,1,,,1,True,0 days 00:39:22.693000,111.516,31.545,50.127,29.844,2362.693,2358.999,18.2,54.8,962.4,False,31.4,336,1.8,False,True,False,FORMULA 1 ROLEX BELGIAN GRAND PRIX 2020,Spa-Francorchamps,Belgium,,,Permanent,,,0.2828742063919079,0.44950500376627567,0.2676207898418164,3,False,Belgian Grand Prix,belgian_grand_prix,2020,2020-08-30,111.43422222222222,9,Opening,2.780000000000001,False,False,False,True
STR,Racing Point,3,0 days 00:01:51.977000,0 days 00:00:31.404000,0 days 00:00:50.701000,0 days 00:00:29.872000,Soft,6,1,,,1,True,0 days 00:39:24.077000,111.977,31.404,50.701,29.872,2364.077,2358.999,18.2,54.8,962.4,False,31.4,336,1.8,False,True,False,FORMULA 1 ROLEX BELGIAN GRAND PRIX 2020,Spa-Francorchamps,Belgium,,,Permanent,,,0.2804504496459094,0.4527804817060646,0.2667690686480259,3,False,Belgian Grand Prix,belgian_grand_prix,2020,2020-08-30,111.80755555555555,9,Opening,2.841000000000008,False,False,False,True
GAS,AlphaTauri,3,0 days 00:01:51.368000,0 days 00:00:30.935000,0 days 00:00:50.680000,0 days 00:00:29.753000,Hard,3,1,,,1,True,0 days 00:39:24.962000,111.368,30.935,50.68,29.753,2364.962,2358.999,18.2,54.8,962.4,False,31.4,336,1.8,False,True,False,FORMULA 1 ROLEX BELGIAN GRAND PRIX 2020,Spa-Francorchamps,Belgium,,,Permanent,,,0.2777727893111127,0.4550678830543783,0.267159327634509,3,False,Belgian Grand Prix,belgian_grand_prix,2020,2020-08-30,111.54104761904762,21,Opening,3.5289999999999964,False,False,False,True
LEC,Ferrari,3,0 days 00:01:53.360000,0 days 00:00:31.862000,0 days 00:00:51.656000,0 days 00:00:29.842000,Soft,3,1,,,1,True,0 days 00:39:26.233000,113.36,31.862,51.656,29.842,2366.233,2358.999,18.2,54.8,962.4,False,31.4,336,1.8,False,True,False,FORMULA 1 ROLEX BELGIAN GRAND PRIX 2020,Spa-Francorchamps,Belgium,,,Permanent,,,0.28106916019760053,0.45568101623147494,0.26324982357092447,3,False,Belgian Grand Prix,belgian_grand_prix,2020,2020-08-30,113.77744444444444,9,Opening,5.519999999999996,False,False,False,True
PER,Racing Point,3,0 days 00:01:52.338000,0 days 00:00:31.194000,0 days 00:00:51.362000,0 days 00:00:29.782000,Soft,6,1,,,1,True,0 days 00:39:26.975000,112.338,31.194,51.362,29.782,2366.975,2358.999,18.2,54.8,962.4,False,31.4,336,1.8,False,True,False,FORMULA 1 ROLEX BELGIAN GRAND PRIX 2020,Spa-Francorchamps,Belgium,,,Permanent,,,0.27767985899695563,0.4572094927807154,0.26511064822232905,3,False,Belgian Grand Prix,belgian_grand_prix,2020,2020-08-30,112.434,13,Opening,3.948999999999998,False,False,False,True
NOR,McLaren,3,0 days 00:01:52.256000,0 days 00:00:31.520000,0 days 00:00:50.896000,0 days 00:00:29.840000,Soft,6,1,,,1,True,0 days 00:39:28.033000,112.256,31.52,50.896,29.84,2368.033,2358.999,18.2,54.8,962.4,False,31.4,336,1.8,False,True,False,FORMULA 1 ROLEX BELGIAN GRAND PRIX 2020,Spa-Francorchamps,Belgium,,,Permanent,,,0.2807867730900798,0.45339224629418473,0.26582098061573545,3,False,Belgian Grand Prix,belgian_grand_prix,2020,2020-08-30,112.64511111111112,9,Opening,3.7039999999999935,False,False,False,True
KVY,AlphaTauri,3,0 days 00:01:52.273000,0 days 00:00:31.148000,0 days 00:00:51.379000,0 days 00:00:29.746000,Medium,3,1,,,1,True,0 days 00:39:28.768000,112.273,31.148,51.379,29.746,2368.768,2358.999,18.2,54.8,962.4,False,31.4,336,1.8,False,True,False,FORMULA 1 ROLEX BELGIAN GRAND PRIX 2020,Spa-Francorchamps,Belgium,,,Permanent,,,0.27743090502614165,0.4576256090066178,0.26494348596724054,3,False,Belgian Grand Prix,belgian_grand_prix,2020,2020-08-30,112.90766666666667,9,Opening,2.4410000000000025,False,False,False,True
VET,Ferrari,3,0 days 00:01:52.223000,0 days 00:00:31.708000,0 days 00:00:50.602000,0 days 00:00:29.913000,Medium,3,1,,,1,True,0 days 00:39:29.833000,112.223,31.708,50.602,29.913,2369.833,2358.999,18.2,54.8,962.4,False,31.4,336,1.8,False,True,False,FORMULA 1 ROLEX BELGIAN GRAND PRIX 2020,Spa-Francorchamps,Belgium,,,Permanent,,,0.28254457642372777,0.4509057858014845,0.2665496377747877,3,False,Belgian Grand Prix,belgian_grand_prix,2020,2020-08-30,113.33866666666667,9,Opening,2.2650000000000006,False,False,False,True
GIO,Alfa Romeo Racing,3,0 days 00:01:52.768000,0 days 00:00:31.567000,0 days 00:00:51.167000,0 days 00:00:30.034000,Medium,3,1,,,1,True,0 days 00:39:30.821000,112.768,31.567,51.167,30.034,2370.821,2358.999,18.2,54.8,962.4,False,31.4,336,1.8,False,True,False,FORMULA 1 ROLEX BELGIAN GRAND PRIX 2020,Spa-Francorchamps,Belgium,,,Permanent,,,0.27992870317820656,0.4537368757094211,0.26633442111237227,3,False,Belgian Grand Prix,belgian_grand_prix,2020,2020-08-30,112.675625,8,Opening,0.9749999999999943,False,False,False,True
MAG,Haas F1 Team,3,0 days 00:01:53.189000,0 days 00:00:31.629000,0 days 00:00:51.306000,0 days 00:00:30.254000,Medium,3,1,,,1,True,0 days 00:39:31.830000,113.189,31.629,51.306,30.254,2371.83,2358.999,18.2,54.8,962.4,False,31.4,336,1.8,False,True,False,FORMULA 1 ROLEX BELGIAN GRAND PRIX 2020,Spa-Francorchamps,Belgium,,,Permanent,,,0.27943528081350666,0.4532772619247453,0.2672874572617481,3,False,Belgian Grand Prix,belgian_grand_prix,2020,2020-08-30,115.18977777777779,9,Opening,5.1059999999999945,False,False,False,True
RAI,Alfa Romeo Racing,3,0 days 00:01:52.884000,0 days 00:00:31.651000,0 days 00:00:51.190000,0 days 00:00:30.043000,Medium,3,1,,,1,True,0 days 00:39:32.117000,112.884,31.651,51.19,30.043,2372.117,2358.999,18.2,54.8,962.4,False,31.4,336,1.8,False,True,False,FORMULA 1 ROLEX BELGIAN GRAND PRIX 2020,Spa-Francorchamps,Belgium,,,Permanent,,,0.2803851741610857,0.4534743630629673,0.266140462775947,3,False,Belgian Grand Prix,belgian_grand_prix,2020,2020-08-30,113.87666666666668,9,Opening,3.0619999999999976,False,False,False,True
RUS,Williams,3,0 days 00:01:53.217000,0 days 00:00:31.686000,0 days 00:00:51.485000,0 days 00:00:30.046000,Medium,3,1,,,1,True,0 days 00:39:32.939000,113.217,31.686,51.485,30.046,2372.939,2358.999,18.2,54.8,962.4,False,31.4,336,1.8,False,True,False,FORMULA 1 ROLEX BELGIAN GRAND PRIX 2020,Spa-Francorchamps,Belgium,,,Permanent,,,0.27986963088582106,0.4547461953593542,0.2653841737548248,3,False,Belgian Grand Prix,belgian_grand_prix,2020,2020-08-30,112.78175,8,Opening,1.4629999999999939,False,False,False,True
GRO,Haas F1 Team,3,0 days 00:01:53.520000,0 days 00:00:31.417000,0 days 00:00:51.842000,0 days 00:00:30.261000,Medium,3,1,,,1,True,0 days 00:39:33.867000,113.52,31.417,51.842,30.261,2373.867,2358.999,18.2,54.8,962.4,False,31.4,336,1.8,False,True,False,FORMULA 1 ROLEX BELGIAN GRAND PRIX 2020,Spa-Francorchamps,Belgium,,,Permanent,,,0.27675299506694856,0.456677237491191,0.26656976744186045,3,False,Belgian Grand Prix,belgian_grand_prix,2020,2020-08-30,114.45888888888891,9,Opening,3.5019999999999953,False,False,False,True
LAT,Williams,3,0 days 00:01:53.465000,0 days 00:00:32.405000,0 days 00:00:50.908000,0 days 00:00:30.152000,Medium,3,1,,,1,True,0 days 00:39:34.856000,113.465,32.405,50.908,30.152,2374.856,2358.999,18.2,54.8,962.4,False,31.4,336,1.8,False,True,False,FORMULA 1 ROLEX BELGIAN GRAND PRIX 2020,Spa-Francorchamps,Belgium,,,Permanent,,,0.28559467677257305,0.44866698982064956,0.26573833340677744,3,False,Belgian Grand Prix,belgian_grand_prix,2020,2020-08-30,115.2988888888889,9,Opening,5.417000000000002,False,False,False,True
HAM,Mercedes,4,0 days 00:01:50.269000,0 days 00:00:31.980000,0 days 00:00:48.611000,0 days 00:00:29.678000,Medium,7,1,,,1,True,0 days 00:41:04.790000,110.269,31.98,48.611,29.678,2464.79,2478.989,18.1,55.5,962.5,False,30.4,279,2.2,False,True,False,FORMULA 1 ROLEX BELGIAN GRAND PRIX 2020,Spa-Francorchamps,Belgium,,,Permanent,,,0.2900180467765192,0.4408401273249961,0.2691418258984846,3,False,Belgian Grand Prix,belgian_grand_prix,2020,2020-08-30,109.95533333333333,9,Opening,2.51100000000001,False,False,False,True
BOT,Mercedes,4,0 days 00:01:49.937000,0 days 00:00:31.691000,0 days 00:00:48.665000,0 days 00:00:29.581000,Medium,7,1,,,1,True,0 days 00:41:05.918000,109.937,31.691,48.665,29.581,2465.918,2478.989,18.1,55.5,962.5,False,30.4,279,2.2,False,True,False,FORMULA 1 ROLEX BELGIAN GRAND PRIX 2020,Spa-Francorchamps,Belgium,,,Permanent,,,0.2882650972829893,0.44266261586181177,0.2690722868551989,3,False,Belgian Grand Prix,belgian_grand_prix,2020,2020-08-30,110.05155555555555,9,Opening,1.9539999999999935,False,False,False,True
VER,Red Bull Racing,4,0 days 00:01:50.568000,0 days 00:00:31.755000,0 days 00:00:49.155000,0 days 00:00:29.658000,Medium,7,1,,,1,True,0 days 00:41:08.245000,110.568,31.755,49.155,29.658,2468.245,2478.989,18.1,55.5,962.5,False,30.4,279,2.2,False,True,False,FORMULA 1 ROLEX BELGIAN GRAND PRIX 2020,Spa-Francorchamps,Belgium,,,Permanent,,,0.28719882787063167,0.4445680486216627,0.2682331235077057,3,False,Belgian Grand Prix,belgian_grand_prix,2020,2020-08-30,110.40911111111112,9,Opening,2.262999999999991,False,False,False,True
RIC,Renault,4,0 days 00:01:51.461000,0 days 00:00:31.754000,0 days 00:00:49.773000,0 days 00:00:29.934000,Soft,7,1,,,1,True,0 days 00:41:11.558000,111.461,31.754,49.773,29.934,2471.558,2478.989,18.1,55.5,962.5,False,30.4,279,2.2,False,True,False,FORMULA 1 ROLEX BELGIAN GRAND PRIX 2020,Spa-Francorchamps,Belgium,,,Permanent,,,0.28488888490144537,0.4465508114946035,0.26856030360395117,3,False,Belgian Grand Prix,belgian_grand_prix,2020,2020-08-30,111.15433333333334,9,Opening,3.9779999999999944,False,False,False,True
OCO,Renault,4,0 days 00:01:51.588000,0 days 00:00:31.649000,0 days 00:00:49.899000,0 days 00:00:30.040000,Soft,7,1,,,1,True,0 days 00:41:13.589000,111.588,31.649,49.899,30.04,2473.589,2478.989,18.1,55.5,962.5,False,30.4,279,2.2,False,True,False,FORMULA 1 ROLEX BELGIAN GRAND PRIX 2020,Spa-Francorchamps,Belgium,,,Permanent,,,0.2836236871348174,0.44717173889665557,0.2692045739685271,3,False,Belgian Grand Prix,belgian_grand_prix,2020,2020-08-30,111.36255555555556,9,Opening,3.0479999999999876,False,False,False,True
ALB,Red Bull Racing,4,0 days 00:01:51.761000,0 days 00:00:31.352000,0 days 00:00:50.608000,0 days 00:00:29.801000,Soft,7,1,,,1,True,0 days 00:41:14.454000,111.761,31.352,50.608,29.801,2474.454,2478.989,18.1,55.5,962.5,False,30.4,279,2.2,False,True,False,FORMULA 1 ROLEX BELGIAN GRAND PRIX 2020,Spa-Francorchamps,Belgium,,,Permanent,,,0.2805271964280921,0.4528234357244477,0.2666493678474602,3,False,Belgian Grand Prix,belgian_grand_prix,2020,2020-08-30,111.43422222222222,9,Opening,3.0249999999999915,False,False,False,True
STR,Racing Point,4,0 days 00:01:52.005000,0 days 00:00:31.641000,0 days 00:00:50.549000,0 days 00:00:29.815000,Soft,7,1,,,1,True,0 days 00:41:16.082000,112.005,31.641,50.549,29.815,2476.082,2478.989,18.1,55.5,962.5,False,30.4,279,2.2,False,True,False,FORMULA 1 ROLEX BELGIAN GRAND PRIX 2020,Spa-Francorchamps,Belgium,,,Permanent,,,0.2824963171286996,0.45131020936565336,0.2661934735056471,3,False,Belgian Grand Prix,belgian_grand_prix,2020,2020-08-30,111.80755555555555,9,Opening,2.8689999999999998,False,False,False,True
GAS,AlphaTauri,4,0 days 00:01:51.903000,0 days 00:00:31.226000,0 days 00:00:50.977000,0 days 00:00:29.700000,Hard,4,1,,,1,True,0 days 00:41:16.865000,111.903,31.226,50.977,29.7,2476.865,2478.989,18.1,55.5,962.5,False,30.4,279,2.2,False,True,False,FORMULA 1 ROLEX BELGIAN GRAND PRIX 2020,Spa-Francorchamps,Belgium,,,Permanent,,,0.2790452445421481,0.45554632136761297,0.26540843409023884,3,False,Belgian Grand Prix,belgian_grand_prix,2020,2020-08-30,111.54104761904762,21,Opening,4.064000000000007,False,False,False,True
PER,Racing Point,4,0 days 00:01:51.241000,0 days 00:00:31.051000,0 days 00:00:50.354000,0 days 00:00:29.836000,Soft,7,1,,,1,True,0 days 00:41:18.216000,111.241,31.051,50.354,29.836,2478.216,2478.989,18.1,55.5,962.5,False,30.4,279,2.2,False,True,False,FORMULA 1 ROLEX BELGIAN GRAND PRIX 2020,Spa-Francorchamps,Belgium,,,Permanent,,,0.27913269388085327,0.4526568441491896,0.2682104619699571,3,False,Belgian Grand Prix,belgian_grand_prix,2020,2020-08-30,112.434,13,Opening,2.852000000000004,False,False,False,True
LEC,Ferrari,4,0 days 00:01:53.023000,0 days 00:00:31.992000,0 days 00:00:51.049000,0 days 00:00:29.982000,Soft,4,1,,,1,True,0 days 00:41:19.256000,113.023,31.992,51.049,29.982,2479.256,2478.989,18.1,55.5,962.5,False,30.4,279,2.2,False,True,False,FORMULA 1 ROLEX BELGIAN GRAND PRIX 2020,Spa-Francorchamps,Belgium,,,Permanent,,,0.2830574307884236,0.45166912929226793,0.26527343991930846,3,False,Belgian Grand Prix,belgian_grand_prix,2020,2020-08-30,113.77744444444444,9,Opening,5.182999999999993,False,False,False,True
NOR,McLaren,4,0 days 00:01:52.350000,0 days 00:00:31.575000,0 days 00:00:50.927000,0 days 00:00:29.848000,Soft,7,1,,,1,True,0 days 00:41:20.383000,112.35,31.575,50.927,29.848,2480.383,2478.989,18.1,55.5,962.5,False,30.4,279,2.2,False,True,False,FORMULA 1 ROLEX BELGIAN GRAND PRIX 2020,Spa-Francorchamps,Belgium,,,Permanent,,,0.281041388518024,0.4532888295505118,0.2656697819314642,3,False,Belgian Grand Prix,belgian_grand_prix,2020,2020-08-30,112.64511111111112,9,Opening,3.7979999999999876,False,False,False,True
KVY,AlphaTauri,4,0 days 00:01:52.397000,0 days 00:00:31.145000,0 days 00:00:51.450000,0 days 00:00:29.802000,Medium,4,1,,,1,True,0 days 00:41:21.165000,112.397,31.145,51.45,29.802,2481.165,2478.989,18.1,55.5,962.5,False,30.4,279,2.2,False,True,False,FORMULA 1 ROLEX BELGIAN GRAND PRIX 2020,Spa-Francorchamps,Belgium,,,Permanent,,,0.27709814318887516,0.4577524311147095,0.26514942569641536,3,False,Belgian Grand Prix,belgian_grand_prix,2020,2020-08-30,112.90766666666667,9,Opening,2.565000000000012,False,False,False,True
VET,Ferrari,4,0 days 00:01:52.351000,0 days 00:00:31.927000,0 days 00:00:50.569000,0 days 00:00:29.855000,Medium,4,1,,,1,True,0 days 00:41:22.184000,112.351,31.927,50.569,29.855,2482.184,2478.989,18.1,55.5,962.5,False,30.4,279,2.2,False,True,False,FORMULA 1 ROLEX BELGIAN GRAND PRIX 2020,Spa-Francorchamps,Belgium,,,Permanent,,,0.2841719254835293,0.4500983524846241,0.26572972203184664,3,False,Belgian Grand Prix,belgian_grand_prix,2020,2020-08-30,113.33866666666667,9,Opening,2.3930000000000007,False,False,False,True
GIO,Alfa Romeo Racing,4,0 days 00:01:52.378000,0 days 00:00:31.563000,0 days 00:00:50.873000,0 days 00:00:29.942000,Medium,4,1,,,1,True,0 days 00:41:23.199000,112.378,31.563,50.873,29.942,2483.199,2478.989,18.1,55.5,962.5,False,30.4,279,2.2,False,True,False,FORMULA 1 ROLEX BELGIAN GRAND PRIX 2020,Spa-Francorchamps,Belgium,,,Permanent,,,0.28086458203562975,0.4526953674206695,0.26644005054370073,3,False,Belgian Grand Prix,belgian_grand_prix,2020,2020-08-30,112.675625,8,Opening,0.5849999999999937,False,False,False,True
RAI,Alfa Romeo Racing,4,0 days 00:01:51.940000,0 days 00:00:31.512000,0 days 00:00:50.505000,0 days 00:00:29.923000,Medium,4,1,,,1,True,0 days 00:41:24.057000,111.94,31.512,50.505,29.923,2484.057,2478.989,18.1,55.5,962.5,False,30.4,279,2.2,False,True,False,FORMULA 1 ROLEX BELGIAN GRAND PRIX 2020,Spa-Francorchamps,Belgium,,,Permanent,,,0.2815079506878685,0.45117920314454174,0.26731284616758977,3,False,Belgian Grand Prix,belgian_grand_prix,2020,2020-08-30,113.87666666666668,9,Opening,2.117999999999995,False,False,False,True
MAG,Haas F1 Team,4,0 days 00:01:53.545000,0 days 00:00:31.995000,0 days 00:00:51.394000,0 days 00:00:30.156000,Medium,4,1,,,1,True,0 days 00:41:25.375000,113.545,31.995,51.394,30.156,2485.375,2478.989,18.1,55.5,962.5,False,30.4,279,2.2,False,True,False,FORMULA 1 ROLEX BELGIAN GRAND PRIX 2020,Spa-Francorchamps,Belgium,,,Permanent,,,0.2817825531727509,0.45263111541679507,0.265586331410454,3,False,Belgian Grand Prix,belgian_grand_prix,2020,2020-08-30,115.18977777777779,9,Opening,5.462000000000003,False,False,False,True
RUS,Williams,4,0 days 00:01:53.034000,0 days 00:00:31.681000,0 days 00:00:51.278000,0 days 00:00:30.075000,Medium,4,1,,,1,True,0 days 00:41:25.973000,113.034,31.681,51.278,30.075,2485.973,2478.989,18.1,55.5,962.5,False,30.4,279,2.2,False,True,False,FORMULA 1 ROLEX BELGIAN GRAND PRIX 2020,Spa-Francorchamps,Belgium,,,Permanent,,,0.2802785002742538,0.45365111382415907,0.2660703859015871,3,False,Belgian Grand Prix,belgian_grand_prix,2020,2020-08-30,112.78175,8,Opening,1.2800000000000011,False,False,False,True
GRO,Haas F1 Team,4,0 days 00:01:53.055000,0 days 00:00:31.500000,0 days 00:00:51.406000,0 days 00:00:30.149000,Medium,4,1,,,1,True,0 days 00:41:26.922000,113.055,31.5,51.406,30.149,2486.922,2478.989,18.1,55.5,962.5,False,30.4,279,2.2,False,True,False,FORMULA 1 ROLEX BELGIAN GRAND PRIX 2020,Spa-Francorchamps,Belgium,,,Permanent,,,0.2786254477908982,0.45469904029012426,0.2666755119189775,3,False,Belgian Grand Prix,belgian_grand_prix,2020,2020-08-30,114.45888888888891,9,Opening,3.037000000000006,False,False,False,True
LAT,Williams,4,0 days 00:01:52.932000,0 days 00:00:31.973000,0 days 00:00:50.748000,0 days 00:00:30.211000,Medium,4,1,,,1,True,0 days 00:41:27.788000,112.932,31.973,50.748,30.211,2487.788,2478.989,18.1,55.5,962.5,False,30.4,279,2.2,False,True,False,FORMULA 1 ROLEX BELGIAN GRAND PRIX 2020,Spa-Francorchamps,Belgium,,,Permanent,,,0.2831172741118549,0.44936776113059185,0.2675149647575532,3,False,Belgian Grand Prix,belgian_grand_prix,2020,2020-08-30,115.2988888888889,9,Opening,4.884,False,False,False,True
HAM,Mercedes,5,0 days 00:01:49.470000,0 days 00:00:31.729000,0 days 00:00:48.134000,0 days 00:00:29.607000,Medium,8,1,,,1,True,0 days 00:42:54.260000,109.47,31.729,48.134,29.607,2574.26,2598.997,18.3,55.1,962.5,False,29.8,11,1.1,False,True,False,FORMULA 1 ROLEX BELGIAN GRAND PRIX 2020,Spa-Francorchamps,Belgium,,,Permanent,,,0.2898419658353887,0.4397003745318352,0.2704576596327761,3,False,Belgian Grand Prix,belgian_grand_prix,2020,2020-08-30,109.95533333333333,9,Opening,1.7120000000000033,False,False,False,True
BOT,Mercedes,5,0 days 00:01:50.001000,0 days 00:00:31.650000,0 days 00:00:48.753000,0 days 00:00:29.598000,Medium,8,1,,,1,True,0 days 00:42:55.919000,110.001,31.65,48.753,29.598,2575.919,2598.997,18.3,55.1,962.5,False,29.8,11,1.1,False,True,False,FORMULA 1 ROLEX BELGIAN GRAND PRIX 2020,Spa-Francorchamps,Belgium,,,Permanent,,,0.28772465704857225,0.4432050617721657,0.26907028117926196,3,False,Belgian Grand Prix,belgian_grand_prix,2020,2020-08-30,110.05155555555555,9,Opening,2.0180000000000007,False,False,False,True
VER,Red Bull Racing,5,0 days 00:01:50.190000,0 days 00:00:31.686000,0 days 00:00:48.910000,0 days 00:00:29.594000,Medium,8,1,,,1,True,0 days 00:42:58.435000,110.19,31.686,48.91,29.594,2578.435,2598.997,18.3,55.1,962.5,False,29.8,11,1.1,False,True,False,FORMULA 1 ROLEX BELGIAN GRAND PRIX 2020,Spa-Francorchamps,Belgium,,,Permanent,,,0.28755785461475636,0.44386967964425084,0.26857246574099286,3,False,Belgian Grand Prix,belgian_grand_prix,2020,2020-08-30,110.40911111111112,9,Opening,1.884999999999991,False,False,False,True
RIC,Renault,5,0 days 00:01:51.187000,0 days 00:00:31.783000,0 days 00:00:49.496000,0 days 00:00:29.908000,Soft,8,1,,,1,True,0 days 00:43:02.745000,111.187,31.783,49.496,29.908,2582.745,2598.997,18.3,55.1,962.5,False,29.8,11,1.1,False,True,False,FORMULA 1 ROLEX BELGIAN GRAND PRIX 2020,Spa-Francorchamps,Belgium,,,Permanent,,,0.2858517632457032,0.4451599557502226,0.26898828100407424,3,False,Belgian Grand Prix,belgian_grand_prix,2020,2020-08-30,111.15433333333334,9,Opening,3.7039999999999935,False,False,False,True
OCO,Renault,5,0 days 00:01:51.378000,0 days 00:00:31.608000,0 days 00:00:49.699000,0 days 00:00:30.071000,Soft,8,1,,,1,True,0 days 00:43:04.967000,111.378,31.608,49.699,30.071,2584.967,2598.997,18.3,55.1,962.5,False,29.8,11,1.1,False,True,False,FORMULA 1 ROLEX BELGIAN GRAND PRIX 2020,Spa-Francorchamps,Belgium,,,Permanent,,,0.2837903356138555,0.4462191815259746,0.2699904828601699,3,False,Belgian Grand Prix,belgian_grand_prix,2020,2020-08-30,111.36255555555556,9,Opening,2.837999999999994,False,False,False,True
ALB,Red Bull Racing,5,0 days 00:01:51.417000,0 days 00:00:31.483000,0 days 00:00:50.122000,0 days 00:00:29.812000,Soft,8,1,,,1,True,0 days 00:43:05.871000,111.417,31.483,50.122,29.812,2585.871,2598.997,18.3,55.1,962.5,False,29.8,11,1.1,False,True,False,FORMULA 1 ROLEX BELGIAN GRAND PRIX 2020,Spa-Francorchamps,Belgium,,,Permanent,,,0.2825690873026558,0.44985953669547735,0.26757137600186687,3,False,Belgian Grand Prix,belgian_grand_prix,2020,2020-08-30,111.43422222222222,9,Opening,2.6809999999999974,False,False,False,True
STR,Racing Point,5,0 days 00:01:51.696000,0 days 00:00:31.529000,0 days 00:00:50.290000,0 days 00:00:29.877000,Soft,8,1,,,1,True,0 days 00:43:07.778000,111.696,31.529,50.29,29.877,2587.778,2598.997,18.3,55.1,962.5,False,29.8,11,1.1,False,True,False,FORMULA 1 ROLEX BELGIAN GRAND PRIX 2020,Spa-Francorchamps,Belgium,,,Permanent,,,0.28227510385331617,0.45023993697178055,0.2674849591749033,3,False,Belgian Grand Prix,belgian_grand_prix,2020,2020-08-30,111.80755555555555,9,Opening,2.5600000000000023,False,False,False,True
GAS,AlphaTauri,5,0 days 00:01:51.803000,0 days 00:00:31.110000,0 days 00:00:50.726000,0 days 00:00:29.967000,Hard,5,1,,,1,True,0 days 00:43:08.668000,111.803,31.11,50.726,29.967,2588.668,2598.997,18.3,55.1,962.5,False,29.8,11,1.1,False,True,False,FORMULA 1 ROLEX BELGIAN GRAND PRIX 2020,Spa-Francorchamps,Belgium,,,Permanent,,,0.27825729184368936,0.4537087555790095,0.2680339525773011,3,False,Belgian Grand Prix,belgian_grand_prix,2020,2020-08-30,111.54104761904762,21,Opening,3.9639999999999986,False,False,False,True
PER,Racing Point,5,0 days 00:01:51.689000,0 days 00:00:31.498000,0 days 00:00:50.362000,0 days 00:00:29.829000,Soft,8,1,,,1,True,0 days 00:43:09.905000,111.689,31.498,50.362,29.829,2589.905,2598.997,18.3,55.1,962.5,False,29.8,11,1.1,False,True,False,FORMULA 1 ROLEX BELGIAN GRAND PRIX 2020,Spa-Francorchamps,Belgium,,,Permanent,,,0.28201523874329615,0.4509128025141241,0.2670719587425799,3,False,Belgian Grand Prix,belgian_grand_prix,2020,2020-08-30,112.434,13,Opening,3.299999999999997,False,False,False,True
LEC,Ferrari,5,0 days 00:01:52.563000,0 days 00:00:31.975000,0 days 00:00:50.481000,0 days 00:00:30.107000,Soft,5,1,,,1,True,0 days 00:43:11.819000,112.563,31.975,50.481,30.107,2591.819,2598.997,18.3,55.1,962.5,False,29.8,11,1.1,False,True,False,FORMULA 1 ROLEX BELGIAN GRAND PRIX 2020,Spa-Francorchamps,Belgium,,,Permanent,,,0.28406314685998063,0.4484688574398337,0.26746799570018565,3,False,Belgian Grand Prix,belgian_grand_prix,2020,2020-08-30,113.77744444444444,9,Opening,4.722999999999999,False,False,False,True
NOR,McLaren,5,0 days 00:01:52.414000,0 days 00:00:31.427000,0 days 00:00:51.035000,0 days 00:00:29.952000,Soft,8,1,,,1,True,0 days 00:43:12.797000,112.414,31.427,51.035,29.952,2592.797,2598.997,18.3,55.1,962.5,False,29.8,11,1.1,False,True,False,FORMULA 1 ROLEX BELGIAN GRAND PRIX 2020,Spa-Francorchamps,Belgium,,,Permanent,,,0.27956482288682905,0.4539914957211735,0.2664436813919974,3,False,Belgian Grand Prix,belgian_grand_prix,2020,2020-08-30,112.64511111111112,9,Opening,3.8619999999999948,False,False,False,True
KVY,AlphaTauri,5,0 days 00:01:52.621000,0 days 00:00:30.871000,0 days 00:00:51.922000,0 days 00:00:29.828000,Medium,5,1,,,1,True,0 days 00:43:13.786000,112.621,30.871,51.922,29.828,2593.786,2598.997,18.3,55.1,962.5,False,29.8,11,1.1,False,True,False,FORMULA 1 ROLEX BELGIAN GRAND PRIX 2020,Spa-Francorchamps,Belgium,,,Permanent,,,0.27411406398451443,0.461033022260502,0.26485291375498354,3,False,Belgian Grand Prix,belgian_grand_prix,2020,2020-08-30,112.90766666666667,9,Opening,2.7890000000000015,False,False,False,True
VET,Ferrari,5,0 days 00:01:52.485000,0 days 00:00:31.863000,0 days 00:00:50.672000,0 days 00:00:29.950000,Medium,5,1,,,1,True,0 days 00:43:14.669000,112.485,31.863,50.672,29.95,2594.669,2598.997,18.3,55.1,962.5,False,29.8,11,1.1,False,True,False,FORMULA 1 ROLEX BELGIAN GRAND PRIX 2020,Spa-Francorchamps,Belgium,,,Permanent,,,0.2832644352580344,0.45047784148997644,0.26625772325198915,3,False,Belgian Grand Prix,belgian_grand_prix,2020,2020-08-30,113.33866666666667,9,Opening,2.527000000000001,False,False,False,True
GIO,Alfa Romeo Racing,5,0 days 00:01:52.614000,0 days 00:00:31.605000,0 days 00:00:50.887000,0 days 00:00:30.122000,Medium,5,1,,,1,True,0 days 00:43:15.813000,112.614,31.605,50.887,30.122,2595.813,2598.997,18.3,55.1,962.5,False,29.8,11,1.1,False,True,False,FORMULA 1 ROLEX BELGIAN GRAND PRIX 2020,Spa-Francorchamps,Belgium,,,Permanent,,,0.2806489424050296,0.45187099294936683,0.26748006464560353,3,False,Belgian Grand Prix,belgian_grand_prix,2020,2020-08-30,112.675625,8,Opening,0.820999999999998,False,False,False,True
RAI,Alfa Romeo Racing,5,0 days 00:01:52.223000,0 days 00:00:31.613000,0 days 00:00:50.489000,0 days 00:00:30.121000,Medium,5,1,,,1,True,0 days 00:43:16.280000,112.223,31.613,50.489,30.121,2596.28,2598.997,18.3,55.1,962.5,False,29.8,11,1.1,False,True,False,FORMULA 1 ROLEX BELGIAN GRAND PRIX 2020,Spa-Francorchamps,Belgium,,,Permanent,,,0.2816980476372936,0.4498988620870944,0.26840309027561193,3,False,Belgian Grand Prix,belgian_grand_prix,2020,2020-08-30,113.87666666666668,9,Opening,2.4009999999999962,False,False,False,True
RUS,Williams,5,0 days 00:01:51.754000,0 days 00:00:31.260000,0 days 00:00:50.498000,0 days 00:00:29.996000,Medium,5,1,,,1,True,0 days 00:43:17.727000,111.754,31.26,50.498,29.996,2597.727,2598.997,18.3,55.1,962.5,False,29.8,11,1.1,False,True,False,FORMULA 1 ROLEX BELGIAN GRAND PRIX 2020,Spa-Francorchamps,Belgium,,,Permanent,,,0.27972153122035903,0.4518674946758057,0.2684109741038352,3,False,Belgian Grand Prix,belgian_grand_prix,2020,2020-08-30,112.78175,8,Opening,0.0,False,False,False,True
MAG,Haas F1 Team,5,0 days 00:01:53.949000,0 days 00:00:31.916000,0 days 00:00:51.797000,0 days 00:00:30.236000,Medium,5,1,,,1,True,0 days 00:43:19.324000,113.949,31.916,51.797,30.236,2599.324,2598.997,18.3,55.1,962.5,False,29.8,11,1.1,False,True,False,FORMULA 1 ROLEX BELGIAN GRAND PRIX 2020,Spa-Francorchamps,Belgium,,,Permanent,,,0.28009021579829574,0.4545630062571852,0.26534677794451905,3,False,Belgian Grand Prix,belgian_grand_prix,2020,2020-08-30,115.18977777777779,9,Opening,5.866,False,False,False,True
GRO,Haas F1 Team,5,0 days 00:01:53.040000,0 days 00:00:31.464000,0 days 00:00:51.402000,0 days 00:00:30.174000,Medium,5,1,,,1,True,0 days 00:43:19.962000,113.04,31.464,51.402,30.174,2599.962,2598.997,18.3,55.1,962.5,False,29.8,11,1.1,False,True,False,FORMULA 1 ROLEX BELGIAN GRAND PRIX 2020,Spa-Francorchamps,Belgium,,,Permanent,,,0.278343949044586,0.454723991507431,0.266932059447983,3,False,Belgian Grand Prix,belgian_grand_prix,2020,2020-08-30,114.45888888888891,9,Opening,3.0220000000000056,False,False,False,True
LAT,Williams,5,0 days 00:01:53.291000,0 days 00:00:32.495000,0 days 00:00:50.494000,0 days 00:00:30.302000,Medium,5,1,,,1,True,0 days 00:43:21.079000,113.291,32.495,50.494,30.302,2601.079,2598.997,18.3,55.1,962.5,False,29.8,11,1.1,False,True,False,FORMULA 1 ROLEX BELGIAN GRAND PRIX 2020,Spa-Francorchamps,Belgium,,,Permanent,,,0.28682772682737373,0.44570177684017265,0.2674704963324536,3,False,Belgian Grand Prix,belgian_grand_prix,2020,2020-08-30,115.2988888888889,9,Opening,5.242999999999995,False,False,False,True
HAM,Mercedes,6,0 days 00:01:50.117000,0 days 00:00:31.800000,0 days 00:00:48.614000,0 days 00:00:29.703000,Medium,9,1,,,1,True,0 days 00:44:44.377000,110.117,31.8,48.614,29.703,2684.377,2658.987,18.4,54.6,962.4,False,30.6,5,1.2,False,True,False,FORMULA 1 ROLEX BELGIAN GRAND PRIX 2020,Spa-Francorchamps,Belgium,,,Permanent,,,0.28878374819510155,0.4414758847407757,0.2697403670641227,3,False,Belgian Grand Prix,belgian_grand_prix,2020,2020-08-30,109.95533333333333,9,Opening,2.359000000000009,False,False,False,True
BOT,Mercedes,6,0 days 00:01:50.225000,0 days 00:00:31.774000,0 days 00:00:48.839000,0 days 00:00:29.612000,Medium,9,1,,,1,True,0 days 00:44:46.144000,110.225,31.774,48.839,29.612,2686.144,2658.987,18.4,54.6,962.4,False,30.6,5,1.2,False,True,False,FORMULA 1 ROLEX BELGIAN GRAND PRIX 2020,Spa-Francorchamps,Belgium,,,Permanent,,,0.28826491267861193,0.4430845996824677,0.2686504876389204,3,False,Belgian Grand Prix,belgian_grand_prix,2020,2020-08-30,110.05155555555555,9,Opening,2.2419999999999902,False,False,False,True
VER,Red Bull Racing,6,0 days 00:01:50.468000,0 days 00:00:31.828000,0 days 00:00:48.962000,0 days 00:00:29.678000,Medium,9,1,,,1,True,0 days 00:44:48.903000,110.468,31.828,48.962,29.678,2688.903,2658.987,18.4,54.6,962.4,False,30.6,5,1.2,False,True,False,FORMULA 1 ROLEX BELGIAN GRAND PRIX 2020,Spa-Francorchamps,Belgium,,,Permanent,,,0.2881196364558062,0.4432233769055292,0.2686569866386646,3,False,Belgian Grand Prix,belgian_grand_prix,2020,2020-08-30,110.40911111111112,9,Opening,2.1629999999999967,False,False,False,True
RIC,Renault,6,0 days 00:01:51.434000,0 days 00:00:31.829000,0 days 00:00:49.663000,0 days 00:00:29.942000,Soft,9,1,,,1,True,0 days 00:44:54.179000,111.434,31.829,49.663,29.942,2694.179,2719.017,18.4,54.2,962.3,False,30.2,54,1.4,False,True,False,FORMULA 1 ROLEX BELGIAN GRAND PRIX 2020,Spa-Francorchamps,Belgium,,,Permanent,,,0.28563095644058367,0.44567187752391546,0.26869716603550087,3,False,Belgian Grand Prix,belgian_grand_prix,2020,2020-08-30,111.15433333333334,9,Opening,3.9509999999999934,False,False,False,True
OCO,Renault,6,0 days 00:01:51.398000,0 days 00:00:31.675000,0 days 00:00:49.624000,0 days 00:00:30.099000,Soft,9,1,,,1,True,0 days 00:44:56.365000,111.398,31.675,49.624,30.099,2696.365,2719.017,18.4,54.2,962.3,False,30.2,54,1.4,False,True,False,FORMULA 1 ROLEX BELGIAN GRAND PRIX 2020,Spa-Francorchamps,Belgium,,,Permanent,,,0.28434083197184873,0.44546580728558866,0.2701933607425627,3,False,Belgian Grand Prix,belgian_grand_prix,2020,2020-08-30,111.36255555555556,9,Opening,2.85799999999999,False,False,False,True
ALB,Red Bull Racing,6,0 days 00:01:51.529000,0 days 00:00:31.538000,0 days 00:00:50.115000,0 days 00:00:29.876000,Soft,9,1,,,1,True,0 days 00:44:57.400000,111.529,31.538,50.115,29.876,2697.4,2719.017,18.4,54.2,962.3,False,30.2,54,1.4,False,True,False,FORMULA 1 ROLEX BELGIAN GRAND PRIX 2020,Spa-Francorchamps,Belgium,,,Permanent,,,0.2827784701736768,0.4493450134045854,0.2678765164217379,3,False,Belgian Grand Prix,belgian_grand_prix,2020,2020-08-30,111.43422222222222,9,Opening,2.792999999999992,False,False,False,True
STR,Racing Point,6,0 days 00:01:51.637000,0 days 00:00:31.659000,0 days 00:00:50.096000,0 days 00:00:29.882000,Soft,9,1,,,1,True,0 days 00:44:59.415000,111.637,31.659,50.096,29.882,2699.415,2719.017,18.4,54.2,962.3,False,30.2,54,1.4,False,True,False,FORMULA 1 ROLEX BELGIAN GRAND PRIX 2020,Spa-Francorchamps,Belgium,,,Permanent,,,0.2835887743310909,0.4487401130449582,0.2676711126239509,3,False,Belgian Grand Prix,belgian_grand_prix,2020,2020-08-30,111.80755555555555,9,Opening,2.5010000000000048,False,False,False,True
GAS,AlphaTauri,6,0 days 00:01:51.629000,0 days 00:00:31.221000,0 days 00:00:50.652000,0 days 00:00:29.756000,Hard,6,1,,,1,True,0 days 00:45:00.297000,111.629,31.221,50.652,29.756,2700.297,2719.017,18.4,54.2,962.3,False,30.2,54,1.4,False,True,False,FORMULA 1 ROLEX BELGIAN GRAND PRIX 2020,Spa-Francorchamps,Belgium,,,Permanent,,,0.2796853864139247,0.45375305700131685,0.26656155658475844,3,False,Belgian Grand Prix,belgian_grand_prix,2020,2020-08-30,111.54104761904762,21,Opening,3.7900000000000063,False,False,False,True
PER,Racing Point,6,0 days 00:01:51.716000,0 days 00:00:31.424000,0 days 00:00:50.535000,0 days 00:00:29.757000,Soft,9,1,,,1,True,0 days 00:45:01.621000,111.716,31.424,50.535,29.757,2701.621,2719.017,18.4,54.2,962.3,False,30.2,54,1.4,False,True,False,FORMULA 1 ROLEX BELGIAN GRAND PRIX 2020,Spa-Francorchamps,Belgium,,,Permanent,,,0.2812846861684987,0.45235239356940815,0.2663629202620932,3,False,Belgian Grand Prix,belgian_grand_prix,2020,2020-08-30,112.434,13,Opening,3.326999999999998,False,False,False,True
NOR,McLaren,6,0 days 00:01:51.799000,0 days 00:00:31.195000,0 days 00:00:50.527000,0 days 00:00:30.077000,Soft,9,1,,,1,True,0 days 00:45:04.596000,111.799,31.195,50.527,30.077,2704.596,2719.017,18.4,54.2,962.3,False,30.2,54,1.4,False,True,False,FORMULA 1 ROLEX BELGIAN GRAND PRIX 2020,Spa-Francorchamps,Belgium,,,Permanent,,,0.2790275404967844,0.4519450084526695,0.2690274510505461,3,False,Belgian Grand Prix,belgian_grand_prix,2020,2020-08-30,112.64511111111112,9,Opening,3.247,False,False,False,True
LEC,Ferrari,6,0 days 00:01:54.119000,0 days 00:00:32.293000,0 days 00:00:51.919000,0 days 00:00:29.907000,Soft,6,1,,,1,True,0 days 00:45:05.938000,114.119,32.293,51.919,29.907,2705.938,2719.017,18.4,54.2,962.3,False,30.2,54,1.4,False,True,False,FORMULA 1 ROLEX BELGIAN GRAND PRIX 2020,Spa-Francorchamps,Belgium,,,Permanent,,,0.2829765420306873,0.45495491548296074,0.262068542486352,3,False,Belgian Grand Prix,belgian_grand_prix,2020,2020-08-30,113.77744444444444,9,Opening,6.278999999999996,False,False,False,True
KVY,AlphaTauri,6,0 days 00:01:52.828000,0 days 00:00:31.132000,0 days 00:00:51.839000,0 days 00:00:29.857000,Medium,6,1,,,1,True,0 days 00:45:06.614000,112.828,31.132,51.839,29.857,2706.614,2719.017,18.4,54.2,962.3,False,30.2,54,1.4,False,True,False,FORMULA 1 ROLEX BELGIAN GRAND PRIX 2020,Spa-Francorchamps,Belgium,,,Permanent,,,0.27592441592512496,0.45945155457865067,0.2646240294962243,3,False,Belgian Grand Prix,belgian_grand_prix,2020,2020-08-30,112.90766666666667,9,Opening,2.9960000000000093,False,False,False,True
VET,Ferrari,6,0 days 00:01:52.951000,0 days 00:00:31.894000,0 days 00:00:51.066000,0 days 00:00:29.991000,Medium,6,1,,,1,True,0 days 00:45:07.620000,112.951,31.894,51.066,29.991,2707.62,2719.017,18.4,54.2,962.3,False,30.2,54,1.4,False,True,False,FORMULA 1 ROLEX BELGIAN GRAND PRIX 2020,Spa-Francorchamps,Belgium,,,Permanent,,,0.2823702313392533,0.452107551061965,0.2655222175987818,3,False,Belgian Grand Prix,belgian_grand_prix,2020,2020-08-30,113.33866666666667,9,Opening,2.992999999999995,False,False,False,True
GIO,Alfa Romeo Racing,6,0 days 00:01:52.791000,0 days 00:00:31.465000,0 days 00:00:51.155000,0 days 00:00:30.171000,Medium,6,1,,,1,True,0 days 00:45:08.604000,112.791,31.465,51.155,30.171,2708.604,2719.017,18.4,54.2,962.3,False,30.2,54,1.4,False,True,False,FORMULA 1 ROLEX BELGIAN GRAND PRIX 2020,Spa-Francorchamps,Belgium,,,Permanent,,,0.2789672934897288,0.4535379595889743,0.26749474692129693,3,False,Belgian Grand Prix,belgian_grand_prix,2020,2020-08-30,112.675625,8,Opening,0.9979999999999905,False,False,False,True
RAI,Alfa Romeo Racing,6,0 days 00:01:52.887000,0 days 00:00:31.648000,0 days 00:00:51.074000,0 days 00:00:30.165000,Medium,6,1,,,1,True,0 days 00:45:09.167000,112.887,31.648,51.074,30.165,2709.167,2719.017,18.4,54.2,962.3,False,30.2,54,1.4,False,True,False,FORMULA 1 ROLEX BELGIAN GRAND PRIX 2020,Spa-Francorchamps,Belgium,,,Permanent,,,0.2803511476077848,0.4524347356205763,0.26721411677163887,3,False,Belgian Grand Prix,belgian_grand_prix,2020,2020-08-30,113.87666666666668,9,Opening,3.0649999999999977,False,False,False,True
RUS,Williams,6,0 days 00:01:52.541000,0 days 00:00:32.010000,0 days 00:00:50.489000,0 days 00:00:30.042000,Medium,6,1,,,1,True,0 days 00:45:10.268000,112.541,32.01,50.489,30.042,2710.268,2719.017,18.4,54.2,962.3,False,30.2,54,1.4,False,True,False,FORMULA 1 ROLEX BELGIAN GRAND PRIX 2020,Spa-Francorchamps,Belgium,,,Permanent,,,0.2844296745186199,0.44862761127055917,0.26694271421082094,3,False,Belgian Grand Prix,belgian_grand_prix,2020,2020-08-30,112.78175,8,Opening,0.7869999999999919,False,False,False,True
GRO,Haas F1 Team,6,0 days 00:01:51.859000,0 days 00:00:31.350000,0 days 00:00:50.508000,0 days 00:00:30.001000,Medium,6,1,,,1,True,0 days 00:45:11.821000,111.859,31.35,50.508,30.001,2711.821,2719.017,18.4,54.2,962.3,False,30.2,54,1.4,False,True,False,FORMULA 1 ROLEX BELGIAN GRAND PRIX 2020,Spa-Francorchamps,Belgium,,,Permanent,,,0.2802635460713935,0.4515327331730125,0.2682037207555941,3,False,Belgian Grand Prix,belgian_grand_prix,2020,2020-08-30,114.45888888888891,9,Opening,1.840999999999994,False,False,False,True
MAG,Haas F1 Team,6,0 days 00:01:54.256000,0 days 00:00:32.152000,0 days 00:00:51.794000,0 days 00:00:30.310000,Medium,6,1,,,1,True,0 days 00:45:13.580000,114.256,32.152,51.794,30.31,2713.58,2719.017,18.4,54.2,962.3,False,30.2,54,1.4,False,True,False,FORMULA 1 ROLEX BELGIAN GRAND PRIX 2020,Spa-Francorchamps,Belgium,,,Permanent,,,0.28140316482285394,0.4533153619941184,0.2652814731830276,3,False,Belgian Grand Prix,belgian_grand_prix,2020,2020-08-30,115.18977777777779,9,Opening,6.173000000000002,False,False,False,True
LAT,Williams,6,0 days 00:01:53.159000,0 days 00:00:31.821000,0 days 00:00:51.105000,0 days 00:00:30.233000,Medium,6,1,,,1,True,0 days 00:45:14.238000,113.159,31.821,51.105,30.233,2714.238,2719.017,18.4,54.2,962.3,False,30.2,54,1.4,False,True,False,FORMULA 1 ROLEX BELGIAN GRAND PRIX 2020,Spa-Francorchamps,Belgium,,,Permanent,,,0.2812060905451621,0.4516211702118258,0.26717273924301205,3,False,Belgian Grand Prix,belgian_grand_prix,2020,2020-08-30,115.2988888888889,9,Opening,5.111000000000004,False,False,False,True
HAM,Mercedes,7,0 days 00:01:49.921000,0 days 00:00:31.846000,0 days 00:00:48.376000,0 days 00:00:29.699000,Medium,10,1,,,1,True,0 days 00:46:34.298000,109.921,31.846,48.376,29.699,2794.298,2779.015,18.3,54.5,962.4,False,29.8,0,0.8,False,True,False,FORMULA 1 ROLEX BELGIAN GRAND PRIX 2020,Spa-Francorchamps,Belgium,,,Permanent,,,0.2897171605061817,0.44009788848354725,0.270184951010271,3,False,Belgian Grand Prix,belgian_grand_prix,2020,2020-08-30,109.95533333333333,9,Opening,2.163000000000011,False,False,False,True
BOT,Mercedes,7,0 days 00:01:49.920000,0 days 00:00:31.717000,0 days 00:00:48.640000,0 days 00:00:29.563000,Medium,10,1,,,1,True,0 days 00:46:36.064000,109.92,31.717,48.64,29.563,2796.064,2779.015,18.3,54.5,962.4,False,29.8,0,0.8,False,True,False,FORMULA 1 ROLEX BELGIAN GRAND PRIX 2020,Spa-Francorchamps,Belgium,,,Permanent,,,0.2885462154294032,0.44250363901018924,0.2689501455604075,3,False,Belgian Grand Prix,belgian_grand_prix,2020,2020-08-30,110.05155555555555,9,Opening,1.9369999999999976,False,False,False,True
VER,Red Bull Racing,7,0 days 00:01:50.347000,0 days 00:00:31.737000,0 days 00:00:48.983000,0 days 00:00:29.627000,Medium,10,1,,,1,True,0 days 00:46:39.250000,110.347,31.737,48.983,29.627,2799.25,2779.015,18.3,54.5,962.4,False,29.8,0,0.8,False,True,False,FORMULA 1 ROLEX BELGIAN GRAND PRIX 2020,Spa-Francorchamps,Belgium,,,Permanent,,,0.2876109001604031,0.4438996982246912,0.2684894016149057,3,False,Belgian Grand Prix,belgian_grand_prix,2020,2020-08-30,110.40911111111112,9,Opening,2.0419999999999874,False,False,False,True
RIC,Renault,7,0 days 00:01:51.142000,0 days 00:00:31.789000,0 days 00:00:49.509000,0 days 00:00:29.844000,Soft,10,1,,,1,True,0 days 00:46:45.321000,111.142,31.789,49.509,29.844,2805.321,2779.015,18.3,54.5,962.4,False,29.8,0,0.8,False,True,False,FORMULA 1 ROLEX BELGIAN GRAND PRIX 2020,Spa-Francorchamps,Belgium,,,Permanent,,,0.28602148602688454,0.4454571629087114,0.2685213510644041,3,False,Belgian Grand Prix,belgian_grand_prix,2020,2020-08-30,111.15433333333334,9,Opening,3.658999999999992,False,False,False,True
OCO,Renault,7,0 days 00:01:51.322000,0 days 00:00:31.650000,0 days 00:00:49.643000,0 days 00:00:30.029000,Soft,10,1,,,1,True,0 days 00:46:47.687000,111.322,31.65,49.643,30.029,2807.687,2779.015,18.3,54.5,962.4,False,29.8,0,0.8,False,True,False,FORMULA 1 ROLEX BELGIAN GRAND PRIX 2020,Spa-Francorchamps,Belgium,,,Permanent,,,0.28431037890084615,0.44594060473221825,0.26974901636693555,3,False,Belgian Grand Prix,belgian_grand_prix,2020,2020-08-30,111.36255555555556,9,Opening,2.7819999999999965,False,False,False,True
ALB,Red Bull Racing,7,0 days 00:01:51.545000,0 days 00:00:31.976000,0 days 00:00:49.819000,0 days 00:00:29.750000,Soft,10,1,,,1,True,0 days 00:46:48.945000,111.545,31.976,49.819,29.75,2808.945,2779.015,18.3,54.5,962.4,False,29.8,0,0.8,False,True,False,FORMULA 1 ROLEX BELGIAN GRAND PRIX 2020,Spa-Francorchamps,Belgium,,,Permanent,,,0.28666457483526825,0.4466269218700973,0.26670850329463447,3,False,Belgian Grand Prix,belgian_grand_prix,2020,2020-08-30,111.43422222222222,9,Opening,2.8089999999999975,False,False,False,True
STR,Racing Point,7,0 days 00:01:51.826000,0 days 00:00:31.711000,0 days 00:00:50.177000,0 days 00:00:29.938000,Soft,10,1,,,1,True,0 days 00:46:51.241000,111.826,31.711,50.177,29.938,2811.241,2838.998,18.3,54.1,962.4,False,29.7,50,0.3,False,True,False,FORMULA 1 ROLEX BELGIAN GRAND PRIX 2020,Spa-Francorchamps,Belgium,,,Permanent,,,0.28357448178420047,0.44870602543236815,0.26771949278343143,3,False,Belgian Grand Prix,belgian_grand_prix,2020,2020-08-30,111.80755555555555,9,Opening,2.6899999999999977,False,False,False,True
GAS,AlphaTauri,7,0 days 00:01:51.773000,0 days 00:00:31.214000,0 days 00:00:50.766000,0 days 00:00:29.793000,Hard,7,1,,,1,True,0 days 00:46:52.070000,111.773,31.214,50.766,29.793,2812.07,2838.998,18.3,54.1,962.4,False,29.7,50,0.3,False,True,False,FORMULA 1 ROLEX BELGIAN GRAND PRIX 2020,Spa-Francorchamps,Belgium,,,Permanent,,,0.27926243368255305,0.4541883997029694,0.2665491666144776,3,False,Belgian Grand Prix,belgian_grand_prix,2020,2020-08-30,111.54104761904762,21,Opening,3.9339999999999975,False,False,False,True
PER,Racing Point,7,0 days 00:01:51.666000,0 days 00:00:31.376000,0 days 00:00:50.603000,0 days 00:00:29.687000,Soft,10,1,,,1,True,0 days 00:46:53.287000,111.666,31.376,50.603,29.687,2813.287,2838.998,18.3,54.1,962.4,False,29.7,50,0.3,False,True,False,FORMULA 1 ROLEX BELGIAN GRAND PRIX 2020,Spa-Francorchamps,Belgium,,,Permanent,,,0.2809807819748178,0.4531638994859671,0.2658553185392152,3,False,Belgian Grand Prix,belgian_grand_prix,2020,2020-08-30,112.434,13,Opening,3.277000000000001,False,False,False,True
NOR,McLaren,7,0 days 00:01:51.741000,0 days 00:00:31.823000,0 days 00:00:49.954000,0 days 00:00:29.964000,Soft,10,1,,,1,True,0 days 00:46:56.337000,111.741,31.823,49.954,29.964,2816.337,2838.998,18.3,54.1,962.4,False,29.7,50,0.3,False,True,False,FORMULA 1 ROLEX BELGIAN GRAND PRIX 2020,Spa-Francorchamps,Belgium,,,Permanent,,,0.28479251125370275,0.4470516641161257,0.26815582463017157,3,False,Belgian Grand Prix,belgian_grand_prix,2020,2020-08-30,112.64511111111112,9,Opening,3.188999999999993,False,False,False,True
KVY,AlphaTauri,7,0 days 00:01:51.580000,0 days 00:00:30.977000,0 days 00:00:50.587000,0 days 00:00:30.016000,Medium,7,1,,,1,True,0 days 00:46:58.194000,111.58,30.977,50.587,30.016,2818.194,2838.998,18.3,54.1,962.4,False,29.7,50,0.3,False,True,False,FORMULA 1 ROLEX BELGIAN GRAND PRIX 2020,Spa-Francorchamps,Belgium,,,Permanent,,,0.2776214375336082,0.4533697795303818,0.26900878293601005,3,False,Belgian Grand Prix,belgian_grand_prix,2020,2020-08-30,112.90766666666667,9,Opening,1.7480000000000047,False,False,False,True
LEC,Ferrari,7,0 days 00:01:53.234000,0 days 00:00:31.885000,0 days 00:00:51.387000,0 days 00:00:29.962000,Soft,7,1,,,1,True,0 days 00:46:59.172000,113.234,31.885,51.387,29.962,2819.172,2838.998,18.3,54.1,962.4,False,29.7,50,0.3,False,True,False,FORMULA 1 ROLEX BELGIAN GRAND PRIX 2020,Spa-Francorchamps,Belgium,,,Permanent,,,0.28158503629651876,0.4538124591553774,0.2646025045481039,3,False,Belgian Grand Prix,belgian_grand_prix,2020,2020-08-30,113.77744444444444,9,Opening,5.393999999999991,False,False,False,True
VET,Ferrari,7,0 days 00:01:52.409000,0 days 00:00:31.955000,0 days 00:00:50.638000,0 days 00:00:29.816000,Medium,7,1,,,1,True,0 days 00:47:00.029000,112.409,31.955,50.638,29.816,2820.029,2838.998,18.3,54.1,962.4,False,29.7,50,0.3,False,True,False,FORMULA 1 ROLEX BELGIAN GRAND PRIX 2020,Spa-Francorchamps,Belgium,,,Permanent,,,0.28427439084059103,0.45047994377674383,0.2652456653826651,3,False,Belgian Grand Prix,belgian_grand_prix,2020,2020-08-30,113.33866666666667,9,Opening,2.4510000000000076,False,False,False,True
GIO,Alfa Romeo Racing,7,0 days 00:01:52.711000,0 days 00:00:31.499000,0 days 00:00:51.137000,0 days 00:00:30.075000,Medium,7,1,,,1,True,0 days 00:47:01.315000,112.711,31.499,51.137,30.075,2821.315,2838.998,18.3,54.1,962.4,False,29.7,50,0.3,False,True,False,FORMULA 1 ROLEX BELGIAN GRAND PRIX 2020,Spa-Francorchamps,Belgium,,,Permanent,,,0.2794669553104843,0.45370017123439593,0.26683287345511975,3,False,Belgian Grand Prix,belgian_grand_prix,2020,2020-08-30,112.675625,8,Opening,0.9179999999999922,False,False,False,True
RAI,Alfa Romeo Racing,7,0 days 00:01:52.997000,0 days 00:00:31.385000,0 days 00:00:51.233000,0 days 00:00:30.379000,Medium,7,1,,,1,True,0 days 00:47:02.164000,112.997,31.385,51.233,30.379,2822.164,2838.998,18.3,54.1,962.4,False,29.7,50,0.3,False,True,False,FORMULA 1 ROLEX BELGIAN GRAND PRIX 2020,Spa-Francorchamps,Belgium,,,Permanent,,,0.2777507367452233,0.453401417736754,0.2688478455180226,3,False,Belgian Grand Prix,belgian_grand_prix,2020,2020-08-30,113.87666666666668,9,Opening,3.174999999999997,False,False,False,True
RUS,Williams,7,0 days 00:01:52.724000,0 days 00:00:31.909000,0 days 00:00:50.758000,0 days 00:00:30.057000,Medium,7,1,,,1,True,0 days 00:47:02.992000,112.724,31.909,50.758,30.057,2822.992,2838.998,18.3,54.1,962.4,False,29.7,50,0.3,False,True,False,FORMULA 1 ROLEX BELGIAN GRAND PRIX 2020,Spa-Francorchamps,Belgium,,,Permanent,,,0.2830719278946808,0.45028565345445515,0.266642418650864,3,False,Belgian Grand Prix,belgian_grand_prix,2020,2020-08-30,112.78175,8,Opening,0.9699999999999989,False,False,False,True
GRO,Haas F1 Team,7,0 days 00:01:52.380000,0 days 00:00:31.779000,0 days 00:00:50.608000,0 days 00:00:29.993000,Medium,7,1,,,1,True,0 days 00:47:04.201000,112.38,31.779,50.608,29.993,2824.201,2838.998,18.3,54.1,962.4,False,29.7,50,0.3,False,True,False,FORMULA 1 ROLEX BELGIAN GRAND PRIX 2020,Spa-Francorchamps,Belgium,,,Permanent,,,0.28278163374265886,0.4503292400783057,0.26688912617903543,3,False,Belgian Grand Prix,belgian_grand_prix,2020,2020-08-30,114.45888888888891,9,Opening,2.3619999999999948,False,False,False,True
MAG,Haas F1 Team,7,0 days 00:01:52.909000,0 days 00:00:32.090000,0 days 00:00:50.592000,0 days 00:00:30.227000,Medium,7,1,,,1,True,0 days 00:47:06.489000,112.909,32.09,50.592,30.227,2826.489,2838.998,18.3,54.1,962.4,False,29.7,50,0.3,False,True,False,FORMULA 1 ROLEX BELGIAN GRAND PRIX 2020,Spa-Francorchamps,Belgium,,,Permanent,,,0.2842111789139927,0.4480776554570495,0.2677111656289578,3,False,Belgian Grand Prix,belgian_grand_prix,2020,2020-08-30,115.18977777777779,9,Opening,4.826000000000008,False,False,False,True
LAT,Williams,7,0 days 00:01:53.159000,0 days 00:00:31.618000,0 days 00:00:51.416000,0 days 00:00:30.125000,Medium,7,1,,,1,True,0 days 00:47:07.397000,113.159,31.618,51.416,30.125,2827.397,2838.998,18.3,54.1,962.4,False,29.7,50,0.3,False,True,False,FORMULA 1 ROLEX BELGIAN GRAND PRIX 2020,Spa-Francorchamps,Belgium,,,Permanent,,,0.27941215457895524,0.4543695154605466,0.26621832996049805,3,False,Belgian Grand Prix,belgian_grand_prix,2020,2020-08-30,115.2988888888889,9,Opening,5.111000000000004,False,False,False,True
HAM,Mercedes,8,0 days 00:01:49.993000,0 days 00:00:31.883000,0 days 00:00:48.354000,0 days 00:00:29.756000,Medium,11,1,,,1,True,0 days 00:48:24.291000,109.993,31.883,48.354,29.756,2904.291,2898.997,18.3,54.4,962.5,False,29.2,355,0.5,False,True,False,FORMULA 1 ROLEX BELGIAN GRAND PRIX 2020,Spa-Francorchamps,Belgium,,,Permanent,,,0.28986390043002735,0.43960979335048594,0.2705263062194867,3,False,Belgian Grand Prix,belgian_grand_prix,2020,2020-08-30,109.95533333333333,9,Opening,2.2349999999999994,False,False,False,True
BOT,Mercedes,8,0 days 00:01:49.897000,0 days 00:00:31.771000,0 days 00:00:48.498000,0 days 00:00:29.628000,Medium,11,1,,,1,True,0 days 00:48:25.961000,109.897,31.771,48.498,29.628,2905.961,2898.997,18.3,54.4,962.5,False,29.2,355,0.5,False,True,False,FORMULA 1 ROLEX BELGIAN GRAND PRIX 2020,Spa-Francorchamps,Belgium,,,Permanent,,,0.28909797355705796,0.4413041302310345,0.2695978962119075,3,False,Belgian Grand Prix,belgian_grand_prix,2020,2020-08-30,110.05155555555555,9,Opening,1.9140000000000015,False,False,False,True
VER,Red Bull Racing,8,0 days 00:01:50.125000,0 days 00:00:31.762000,0 days 00:00:48.793000,0 days 00:00:29.570000,Medium,11,1,,,1,True,0 days 00:48:29.375000,110.125,31.762,48.793,29.57,2909.375,2898.997,18.3,54.4,962.5,False,29.2,355,0.5,False,True,False,FORMULA 1 ROLEX BELGIAN GRAND PRIX 2020,Spa-Francorchamps,Belgium,,,Permanent,,,0.2884177071509648,0.44306923950056754,0.26851305334846765,3,False,Belgian Grand Prix,belgian_grand_prix,2020,2020-08-30,110.40911111111112,9,Opening,1.8199999999999932,False,False,False,True
RIC,Renault,8,0 days 00:01:50.943000,0 days 00:00:31.813000,0 days 00:00:49.239000,0 days 00:00:29.891000,Soft,11,1,,,1,True,0 days 00:48:36.264000,110.943,31.813,49.239,29.891,2916.264,2898.997,18.3,54.4,962.5,False,29.2,355,0.5,False,True,False,FORMULA 1 ROLEX BELGIAN GRAND PRIX 2020,Spa-Francorchamps,Belgium,,,Permanent,,,0.28675085404216577,0.4438225034477164,0.2694266425101178,3,False,Belgian Grand Prix,belgian_grand_prix,2020,2020-08-30,111.15433333333334,9,Opening,3.4599999999999937,False,False,False,True
OCO,Renault,8,0 days 00:01:51.143000,0 days 00:00:31.712000,0 days 00:00:49.355000,0 days 00:00:30.076000,Soft,11,1,,,1,True,0 days 00:48:38.830000,111.143,31.712,49.355,30.076,2918.83,2898.997,18.3,54.4,962.5,False,29.2,355,0.5,False,True,False,FORMULA 1 ROLEX BELGIAN GRAND PRIX 2020,Spa-Francorchamps,Belgium,,,Permanent,,,0.2853261114060265,0.4440675526124002,0.2706063359815733,3,False,Belgian Grand Prix,belgian_grand_prix,2020,2020-08-30,111.36255555555556,9,Opening,2.6029999999999944,False,False,False,True
ALB,Red Bull Racing,8,0 days 00:01:51.306000,0 days 00:00:31.835000,0 days 00:00:49.713000,0 days 00:00:29.758000,Soft,11,1,,,1,True,0 days 00:48:40.251000,111.306,31.835,49.713,29.758,2920.251,2898.997,18.3,54.4,962.5,False,29.2,355,0.5,False,True,False,FORMULA 1 ROLEX BELGIAN GRAND PRIX 2020,Spa-Francorchamps,Belgium,,,Permanent,,,0.286013332614594,0.4466336046574309,0.26735306272797515,3,False,Belgian Grand Prix,belgian_grand_prix,2020,2020-08-30,111.43422222222222,9,Opening,2.569999999999993,False,False,False,True
STR,Racing Point,8,0 days 00:01:51.796000,0 days 00:00:31.675000,0 days 00:00:50.319000,0 days 00:00:29.802000,Soft,11,1,,,1,True,0 days 00:48:43.037000,111.796,31.675,50.319,29.802,2923.037,2898.997,18.3,54.4,962.5,False,29.2,355,0.5,False,True,False,FORMULA 1 ROLEX BELGIAN GRAND PRIX 2020,Spa-Francorchamps,Belgium,,,Permanent,,,0.2833285627392751,0.45009660452967903,0.2665748327310458,3,False,Belgian Grand Prix,belgian_grand_prix,2020,2020-08-30,111.80755555555555,9,Opening,2.660000000000011,False,False,False,True
GAS,AlphaTauri,8,0 days 00:01:51.915000,0 days 00:00:30.924000,0 days 00:00:51.182000,0 days 00:00:29.809000,Hard,8,1,,,1,True,0 days 00:48:43.985000,111.915,30.924,51.182,29.809,2923.985,2898.997,18.3,54.4,962.5,False,29.2,355,0.5,False,True,False,FORMULA 1 ROLEX BELGIAN GRAND PRIX 2020,Spa-Francorchamps,Belgium,,,Permanent,,,0.2763168476075593,0.4573292230710807,0.26635392932135993,3,False,Belgian Grand Prix,belgian_grand_prix,2020,2020-08-30,111.54104761904762,21,Opening,4.076000000000008,False,False,False,True
PER,Racing Point,8,0 days 00:01:51.890000,0 days 00:00:31.602000,0 days 00:00:50.434000,0 days 00:00:29.854000,Soft,11,1,,,1,True,0 days 00:48:45.177000,111.89,31.602,50.434,29.854,2925.177,2898.997,18.3,54.4,962.5,False,29.2,355,0.5,False,True,False,FORMULA 1 ROLEX BELGIAN GRAND PRIX 2020,Spa-Francorchamps,Belgium,,,Permanent,,,0.28243810885691306,0.4507462686567164,0.26681562248637053,3,False,Belgian Grand Prix,belgian_grand_prix,2020,2020-08-30,112.434,13,Opening,3.5010000000000048,False,False,False,True
NOR,McLaren,8,0 days 00:01:51.481000,0 days 00:00:31.875000,0 days 00:00:49.658000,0 days 00:00:29.948000,Soft,11,1,,,1,True,0 days 00:48:47.818000,111.481,31.875,49.658,29.948,2927.818,2898.997,18.3,54.4,962.5,False,29.2,355,0.5,False,True,False,FORMULA 1 ROLEX BELGIAN GRAND PRIX 2020,Spa-Francorchamps,Belgium,,,Permanent,,,0.2859231617943865,0.44543913312582417,0.2686377050797894,3,False,Belgian Grand Prix,belgian_grand_prix,2020,2020-08-30,112.64511111111112,9,Opening,2.928999999999988,False,False,False,True
KVY,AlphaTauri,8,0 days 00:01:51.554000,0 days 00:00:31.652000,0 days 00:00:50.037000,0 days 00:00:29.865000,Medium,8,1,,,1,True,0 days 00:48:49.748000,111.554,31.652,50.037,29.865,2929.748,2959.026,18.7,54.4,962.3,False,29.4,294,1.1,False,True,False,FORMULA 1 ROLEX BELGIAN GRAND PRIX 2020,Spa-Francorchamps,Belgium,,,Permanent,,,0.2837370242214533,0.44854509923445146,0.26771787654409523,3,False,Belgian Grand Prix,belgian_grand_prix,2020,2020-08-30,112.90766666666667,9,Opening,1.7220000000000084,False,False,False,True
LEC,Ferrari,8,0 days 00:01:51.775000,0 days 00:00:31.649000,0 days 00:00:50.252000,0 days 00:00:29.874000,Soft,8,1,,,1,True,0 days 00:48:50.947000,111.775,31.649,50.252,29.874,2930.947,2959.026,18.7,54.4,962.3,False,29.4,294,1.1,False,True,False,FORMULA 1 ROLEX BELGIAN GRAND PRIX 2020,Spa-Francorchamps,Belgium,,,Permanent,,,0.28314918362782376,0.44958174904942966,0.2672690673227466,3,False,Belgian Grand Prix,belgian_grand_prix,2020,2020-08-30,113.77744444444444,9,Opening,3.9350000000000023,False,False,False,True
VET,Ferrari,8,0 days 00:01:52.040000,0 days 00:00:31.287000,0 days 00:00:50.933000,0 days 00:00:29.820000,Medium,8,1,,,1,True,0 days 00:48:52.069000,112.04,31.287,50.933,29.82,2932.069,2959.026,18.7,54.4,962.3,False,29.4,294,1.1,False,True,False,FORMULA 1 ROLEX BELGIAN GRAND PRIX 2020,Spa-Francorchamps,Belgium,,,Permanent,,,0.27924848268475544,0.45459657265262404,0.26615494466262046,3,False,Belgian Grand Prix,belgian_grand_prix,2020,2020-08-30,113.33866666666667,9,Opening,2.082000000000008,False,False,False,True
GIO,Alfa Romeo Racing,8,0 days 00:01:52.328000,0 days 00:00:31.819000,0 days 00:00:50.457000,0 days 00:00:30.052000,Medium,8,1,,,1,True,0 days 00:48:53.643000,112.328,31.819,50.457,30.052,2933.643,2959.026,18.7,54.4,962.3,False,29.4,294,1.1,False,True,False,FORMULA 1 ROLEX BELGIAN GRAND PRIX 2020,Spa-Francorchamps,Belgium,,,Permanent,,,0.28326864183462713,0.44919343351613134,0.2675379246492415,3,False,Belgian Grand Prix,belgian_grand_prix,2020,2020-08-30,112.675625,8,Opening,0.5349999999999966,False,False,False,True
RAI,Alfa Romeo Racing,8,0 days 00:01:52.207000,0 days 00:00:31.662000,0 days 00:00:50.455000,0 days 00:00:30.090000,Medium,8,1,,,1,True,0 days 00:48:54.371000,112.207,31.662,50.455,30.09,2934.371,2959.026,18.7,54.4,962.3,False,29.4,294,1.1,False,True,False,FORMULA 1 ROLEX BELGIAN GRAND PRIX 2020,Spa-Francorchamps,Belgium,,,Permanent,,,0.28217490887377794,0.449660003386598,0.2681650877396241,3,False,Belgian Grand Prix,belgian_grand_prix,2020,2020-08-30,113.87666666666668,9,Opening,2.384999999999991,False,False,False,True
RUS,Williams,8,0 days 00:01:52.565000,0 days 00:00:31.781000,0 days 00:00:50.697000,0 days 00:00:30.087000,Medium,8,1,,,1,True,0 days 00:48:55.557000,112.565,31.781,50.697,30.087,2935.557,2959.026,18.7,54.4,962.3,False,29.4,294,1.1,False,True,False,FORMULA 1 ROLEX BELGIAN GRAND PRIX 2020,Spa-Francorchamps,Belgium,,,Permanent,,,0.28233465109048106,0.4503797805712256,0.2672855683382934,3,False,Belgian Grand Prix,belgian_grand_prix,2020,2020-08-30,112.78175,8,Opening,0.8109999999999928,False,False,False,True
GRO,Haas F1 Team,8,0 days 00:01:52.455000,0 days 00:00:31.824000,0 days 00:00:50.507000,0 days 00:00:30.124000,Medium,8,1,,,1,True,0 days 00:48:56.656000,112.455,31.824,50.507,30.124,2936.656,2959.026,18.7,54.4,962.3,False,29.4,294,1.1,False,True,False,FORMULA 1 ROLEX BELGIAN GRAND PRIX 2020,Spa-Francorchamps,Belgium,,,Permanent,,,0.2829931972789116,0.4491307634164777,0.26787603930461074,3,False,Belgian Grand Prix,belgian_grand_prix,2020,2020-08-30,114.45888888888891,9,Opening,2.4369999999999976,False,False,False,True
MAG,Haas F1 Team,8,0 days 00:01:52.811000,0 days 00:00:32.144000,0 days 00:00:50.458000,0 days 00:00:30.209000,Medium,8,1,,,1,True,0 days 00:48:59.300000,112.811,32.144,50.458,30.209,2939.3,2959.026,18.7,54.4,962.3,False,29.4,294,1.1,False,True,False,FORMULA 1 ROLEX BELGIAN GRAND PRIX 2020,Spa-Francorchamps,Belgium,,,Permanent,,,0.2849367526216415,0.44727907739493483,0.2677841699834236,3,False,Belgian Grand Prix,belgian_grand_prix,2020,2020-08-30,115.18977777777779,9,Opening,4.728000000000009,False,False,False,True
LAT,Williams,8,0 days 00:01:53.978000,0 days 00:00:31.164000,0 days 00:00:52.402000,0 days 00:00:30.412000,Medium,8,1,,,1,True,0 days 00:49:01.375000,113.978,31.164,52.402,30.412,2941.375,2959.026,18.7,54.4,962.3,False,29.4,294,1.1,False,True,False,FORMULA 1 ROLEX BELGIAN GRAND PRIX 2020,Spa-Francorchamps,Belgium,,,Permanent,,,0.2734211865447718,0.45975539139132116,0.2668234220639071,3,False,Belgian Grand Prix,belgian_grand_prix,2020,2020-08-30,115.2988888888889,9,Opening,5.929999999999993,False,False,False,True
HAM,Mercedes,9,0 days 00:01:49.642000,0 days 00:00:31.899000,0 days 00:00:48.206000,0 days 00:00:29.537000,Medium,12,1,,,1,True,0 days 00:50:13.933000,109.642,31.899,48.206,29.537,3013.933,3019.038,19.1,52.2,962.3,False,30.5,10,0.8,False,True,False,FORMULA 1 ROLEX BELGIAN GRAND PRIX 2020,Spa-Francorchamps,Belgium,,,Permanent,,,0.2909377793181445,0.4396672807865599,0.2693949398952956,3,False,Belgian Grand Prix,belgian_grand_prix,2020,2020-08-30,109.95533333333333,9,Opening,1.8840000000000003,False,False,False,True
BOT,Mercedes,9,0 days 00:01:49.820000,0 days 00:00:31.725000,0 days 00:00:48.645000,0 days 00:00:29.450000,Medium,12,1,,,1,True,0 days 00:50:15.781000,109.82,31.725,48.645,29.45,3015.781,3019.038,19.1,52.2,962.3,False,30.5,10,0.8,False,True,False,FORMULA 1 ROLEX BELGIAN GRAND PRIX 2020,Spa-Francorchamps,Belgium,,,Permanent,,,0.2888818065926061,0.44295210344199604,0.2681660899653979,3,False,Belgian Grand Prix,belgian_grand_prix,2020,2020-08-30,110.05155555555555,9,Opening,1.836999999999989,False,False,False,True
VER,Red Bull Racing,9,0 days 00:01:50.274000,0 days 00:00:31.797000,0 days 00:00:48.919000,0 days 00:00:29.558000,Medium,12,1,,,1,True,0 days 00:50:19.649000,110.274,31.797,48.919,29.558,3019.649,3019.038,19.1,52.2,962.3,False,30.5,10,0.8,False,True,False,FORMULA 1 ROLEX BELGIAN GRAND PRIX 2020,Spa-Francorchamps,Belgium,,,Permanent,,,0.28834539419990207,0.4436131817110107,0.26804142408908715,3,False,Belgian Grand Prix,belgian_grand_prix,2020,2020-08-30,110.40911111111112,9,Opening,1.968999999999994,False,False,False,True
RIC,Renault,9,0 days 00:01:50.796000,0 days 00:00:31.728000,0 days 00:00:49.303000,0 days 00:00:29.765000,Soft,12,1,,,1,True,0 days 00:50:27.060000,110.796,31.728,49.303,29.765,3027.06,3019.038,19.1,52.2,962.3,False,30.5,10,0.8,False,True,False,FORMULA 1 ROLEX BELGIAN GRAND PRIX 2020,Spa-Francorchamps,Belgium,,,Permanent,,,0.28636412866890504,0.4449889887721578,0.26864688255893715,3,False,Belgian Grand Prix,belgian_grand_prix,2020,2020-08-30,111.15433333333334,9,Opening,3.3130000000000024,False,False,False,True
OCO,Renault,9,0 days 00:01:50.827000,0 days 00:00:31.593000,0 days 00:00:49.291000,0 days 00:00:29.943000,Soft,12,1,,,1,True,0 days 00:50:29.657000,110.827,31.593,49.291,29.943,3029.657,3019.038,19.1,52.2,962.3,False,30.5,10,0.8,False,True,False,FORMULA 1 ROLEX BELGIAN GRAND PRIX 2020,Spa-Francorchamps,Belgium,,,Permanent,,,0.28506591354092414,0.44475624171005257,0.2701778447490233,3,False,Belgian Grand Prix,belgian_grand_prix,2020,2020-08-30,111.36255555555556,9,Opening,2.286999999999992,False,False,False,True
ALB,Red Bull Racing,9,0 days 00:01:50.937000,0 days 00:00:31.708000,0 days 00:00:49.543000,0 days 00:00:29.686000,Soft,12,1,,,1,True,0 days 00:50:31.188000,110.937,31.708,49.543,29.686,3031.188,3019.038,19.1,52.2,962.3,False,30.5,10,0.8,False,True,False,FORMULA 1 ROLEX BELGIAN GRAND PRIX 2020,Spa-Francorchamps,Belgium,,,Permanent,,,0.2858198797515707,0.4465868015179787,0.2675933187304506,3,False,Belgian Grand Prix,belgian_grand_prix,2020,2020-08-30,111.43422222222222,9,Opening,2.2009999999999934,False,False,False,True
STR,Racing Point,9,0 days 00:01:51.503000,0 days 00:00:31.692000,0 days 00:00:50.060000,0 days 00:00:29.751000,Soft,12,1,,,1,True,0 days 00:50:34.540000,111.503,31.692,50.06,29.751,3034.54,3019.038,19.1,52.2,962.3,False,30.5,10,0.8,False,True,False,FORMULA 1 ROLEX BELGIAN GRAND PRIX 2020,Spa-Francorchamps,Belgium,,,Permanent,,,0.28422553653264937,0.44895653031756994,0.26681793314978075,3,False,Belgian Grand Prix,belgian_grand_prix,2020,2020-08-30,111.80755555555555,9,Opening,2.3670000000000044,False,False,False,True
GAS,AlphaTauri,9,0 days 00:01:51.679000,0 days 00:00:31.283000,0 days 00:00:50.607000,0 days 00:00:29.789000,Hard,9,1,,,1,True,0 days 00:50:35.664000,111.679,31.283,50.607,29.789,3035.664,3019.038,19.1,52.2,962.3,False,30.5,10,0.8,False,True,False,FORMULA 1 ROLEX BELGIAN GRAND PRIX 2020,Spa-Francorchamps,Belgium,,,Permanent,,,0.2801153305455815,0.4531469658575023,0.2667377035969162,3,False,Belgian Grand Prix,belgian_grand_prix,2020,2020-08-30,111.54104761904762,21,Opening,3.8400000000000034,False,False,False,True
PER,Racing Point,9,0 days 00:01:51.828000,0 days 00:00:31.670000,0 days 00:00:50.349000,0 days 00:00:29.809000,Soft,12,1,,,1,True,0 days 00:50:37.005000,111.828,31.67,50.349,29.809,3037.005,3019.038,19.1,52.2,962.3,False,30.5,10,0.8,False,True,False,FORMULA 1 ROLEX BELGIAN GRAND PRIX 2020,Spa-Francorchamps,Belgium,,,Permanent,,,0.28320277569124014,0.4502360768322781,0.26656114747648174,3,False,Belgian Grand Prix,belgian_grand_prix,2020,2020-08-30,112.434,13,Opening,3.439000000000007,False,False,False,True
NOR,McLaren,9,0 days 00:01:51.560000,0 days 00:00:31.772000,0 days 00:00:49.877000,0 days 00:00:29.911000,Soft,12,1,,,1,True,0 days 00:50:39.378000,111.56,31.772,49.877,29.911,3039.378,3019.038,19.1,52.2,962.3,False,30.5,10,0.8,False,True,False,FORMULA 1 ROLEX BELGIAN GRAND PRIX 2020,Spa-Francorchamps,Belgium,,,Permanent,,,0.28479741842954465,0.4470867694514163,0.26811581211903907,3,False,Belgian Grand Prix,belgian_grand_prix,2020,2020-08-30,112.64511111111112,9,Opening,3.0079999999999956,False,False,False,True
KVY,AlphaTauri,9,0 days 00:01:51.109000,0 days 00:00:31.578000,0 days 00:00:49.798000,0 days 00:00:29.733000,Medium,9,1,,,1,True,0 days 00:50:40.857000,111.109,31.578,49.798,29.733,3040.857,3019.038,19.1,52.2,962.3,False,30.5,10,0.8,False,True,False,FORMULA 1 ROLEX BELGIAN GRAND PRIX 2020,Spa-Francorchamps,Belgium,,,Permanent,,,0.2842073999405989,0.44819051561979684,0.26760208443960437,3,False,Belgian Grand Prix,belgian_grand_prix,2020,2020-08-30,112.90766666666667,9,Opening,1.277000000000001,False,False,False,True
LEC,Ferrari,9,0 days 00:01:52.096000,0 days 00:00:32.057000,0 days 00:00:50.085000,0 days 00:00:29.954000,Soft,9,1,,,1,True,0 days 00:50:43.043000,112.096,32.057,50.085,29.954,3043.043,3019.038,19.1,52.2,962.3,False,30.5,10,0.8,False,True,False,FORMULA 1 ROLEX BELGIAN GRAND PRIX 2020,Spa-Francorchamps,Belgium,,,Permanent,,,0.2859780902083928,0.44680452469312015,0.267217385098487,3,False,Belgian Grand Prix,belgian_grand_prix,2020,2020-08-30,113.77744444444444,9,Opening,4.256,False,False,False,True
VET,Ferrari,9,0 days 00:01:52.245000,0 days 00:00:31.573000,0 days 00:00:50.583000,0 days 00:00:30.089000,Medium,9,1,,,1,True,0 days 00:50:44.314000,112.245,31.573,50.583,30.089,3044.314,3019.038,19.1,52.2,962.3,False,30.5,10,0.8,False,True,False,FORMULA 1 ROLEX BELGIAN GRAND PRIX 2020,Spa-Francorchamps,Belgium,,,Permanent,,,0.2812864715577531,0.450648135774422,0.2680653926678248,3,False,Belgian Grand Prix,belgian_grand_prix,2020,2020-08-30,113.33866666666667,9,Opening,2.287000000000006,False,False,False,True
GIO,Alfa Romeo Racing,9,0 days 00:01:51.793000,0 days 00:00:31.801000,0 days 00:00:50.089000,0 days 00:00:29.903000,Medium,9,1,,,1,True,0 days 00:50:45.436000,111.793,31.801,50.089,29.903,3045.436,3019.038,19.1,52.2,962.3,False,30.5,10,0.8,False,True,False,FORMULA 1 ROLEX BELGIAN GRAND PRIX 2020,Spa-Francorchamps,Belgium,,,Permanent,,,0.2844632490406376,0.44805130911595537,0.267485441843407,3,False,Belgian Grand Prix,belgian_grand_prix,2020,2020-08-30,112.675625,8,Opening,0.0,False,False,False,True
RAI,Alfa Romeo Racing,9,0 days 00:01:51.843000,0 days 00:00:31.425000,0 days 00:00:50.400000,0 days 00:00:30.018000,Medium,9,1,,,1,True,0 days 00:50:46.214000,111.843,31.425,50.4,30.018,3046.214,3019.038,19.1,52.2,962.3,False,30.5,10,0.8,False,True,False,FORMULA 1 ROLEX BELGIAN GRAND PRIX 2020,Spa-Francorchamps,Belgium,,,Permanent,,,0.28097422279445294,0.45063168906413453,0.2683940881414125,3,False,Belgian Grand Prix,belgian_grand_prix,2020,2020-08-30,113.87666666666668,9,Opening,2.021000000000001,False,False,False,True
RUS,Williams,9,0 days 00:01:52.105000,0 days 00:00:31.805000,0 days 00:00:50.272000,0 days 00:00:30.028000,Medium,9,1,,,1,True,0 days 00:50:47.662000,112.105,31.805,50.272,30.028,3047.662,3019.038,19.1,52.2,962.3,False,30.5,10,0.8,False,True,False,FORMULA 1 ROLEX BELGIAN GRAND PRIX 2020,Spa-Francorchamps,Belgium,,,Permanent,,,0.28370723874938675,0.448436733419562,0.2678560278310512,3,False,Belgian Grand Prix,belgian_grand_prix,2020,2020-08-30,112.78175,8,Opening,0.3509999999999991,False,False,False,True
GRO,Haas F1 Team,9,0 days 00:01:52.333000,0 days 00:00:31.697000,0 days 00:00:50.566000,0 days 00:00:30.070000,Medium,9,1,,,1,True,0 days 00:50:48.989000,112.333,31.697,50.566,30.07,3048.989,3019.038,19.1,52.2,962.3,False,30.5,10,0.8,False,True,False,FORMULA 1 ROLEX BELGIAN GRAND PRIX 2020,Spa-Francorchamps,Belgium,,,Permanent,,,0.2821699767655097,0.45014376897260827,0.2676862542618821,3,False,Belgian Grand Prix,belgian_grand_prix,2020,2020-08-30,114.45888888888891,9,Opening,2.3149999999999977,False,False,False,True
MAG,Haas F1 Team,9,0 days 00:01:52.271000,0 days 00:00:32.253000,0 days 00:00:49.953000,0 days 00:00:30.065000,Medium,9,1,,,1,True,0 days 00:50:51.571000,112.271,32.253,49.953,30.065,3051.571,3079.02,19.0,53.2,962.4,False,30.8,86,1.3,False,True,False,FORMULA 1 ROLEX BELGIAN GRAND PRIX 2020,Spa-Francorchamps,Belgium,,,Permanent,,,0.2872781038736628,0.4449323511859697,0.2677895449403675,3,False,Belgian Grand Prix,belgian_grand_prix,2020,2020-08-30,115.18977777777779,9,Opening,4.188000000000002,False,False,False,True
LAT,Williams,9,0 days 00:01:53.206000,0 days 00:00:32.293000,0 days 00:00:50.748000,0 days 00:00:30.165000,Medium,9,1,,,1,True,0 days 00:50:54.581000,113.206,32.293,50.748,30.165,3054.581,3079.02,19.0,53.2,962.4,False,30.8,86,1.3,False,True,False,FORMULA 1 ROLEX BELGIAN GRAND PRIX 2020,Spa-Francorchamps,Belgium,,,Permanent,,,0.28525873186933554,0.44828012649506205,0.26646114163560236,3,False,Belgian Grand Prix,belgian_grand_prix,2020,2020-08-30,115.2988888888889,9,Opening,5.158000000000001,False,False,False,True
HAM,Mercedes,10,0 days 00:01:49.871000,0 days 00:00:32.150000,0 days 00:00:48.007000,0 days 00:00:29.714000,Medium,13,1,,,1,True,0 days 00:52:03.804000,109.871,32.15,48.007,29.714,3123.804,3139.022,19.0,52.8,962.4,False,30.9,169,1.2,False,True,False,FORMULA 1 ROLEX BELGIAN GRAND PRIX 2020,Spa-Francorchamps,Belgium,,,Permanent,,,0.29261588590255844,0.4369396838110147,0.2704444302864268,3,False,Belgian Grand Prix,belgian_grand_prix,2020,2020-08-30,109.95533333333333,9,Opening,2.1129999999999995,False,False,False,True
BOT,Mercedes,10,0 days 00:01:50.305000,0 days 00:00:31.747000,0 days 00:00:48.632000,0 days 00:00:29.926000,Medium,13,1,,,1,True,0 days 00:52:06.086000,110.305,31.747,48.632,29.926,3126.086,3139.022,19.0,52.8,962.4,False,30.9,169,1.2,False,True,False,FORMULA 1 ROLEX BELGIAN GRAND PRIX 2020,Spa-Francorchamps,Belgium,,,Permanent,,,0.2878110693078283,0.44088663251892474,0.27130229817324686,3,False,Belgian Grand Prix,belgian_grand_prix,2020,2020-08-30,110.05155555555555,9,Opening,2.3220000000000027,False,False,False,True
VER,Red Bull Racing,10,0 days 00:01:50.761000,0 days 00:00:31.976000,0 days 00:00:48.993000,0 days 00:00:29.792000,Medium,13,1,,,12,True,0 days 00:52:10.410000,110.761,31.976,48.993,29.792,3130.41,3139.022,19.0,52.8,962.4,False,30.9,169,1.2,False,True,False,FORMULA 1 ROLEX BELGIAN GRAND PRIX 2020,Spa-Francorchamps,Belgium,,,Permanent,,,0.2886936737660368,0.44233078430133355,0.26897554193262974,3,False,Belgian Grand Prix,belgian_grand_prix,2020,2020-08-30,110.40911111111112,9,Opening,2.455999999999989,False,False,False,True
RIC,Renault,10,0 days 00:01:50.911000,0 days 00:00:31.880000,0 days 00:00:49.199000,0 days 00:00:29.832000,Soft,13,1,,,12,True,0 days 00:52:17.971000,110.911,31.88,49.199,29.832,3137.971,3139.022,19.0,52.8,962.4,False,30.9,169,1.2,False,True,False,FORMULA 1 ROLEX BELGIAN GRAND PRIX 2020,Spa-Francorchamps,Belgium,,,Permanent,,,0.28743767525313085,0.4435899054196608,0.2689724193272083,3,False,Belgian Grand Prix,belgian_grand_prix,2020,2020-08-30,111.15433333333334,9,Opening,3.4279999999999973,False,False,False,True
OCO,Renault,10,0 days 00:01:51.017000,0 days 00:00:31.816000,0 days 00:00:49.264000,0 days 00:00:29.937000,Soft,13,1,,,124,False,0 days 00:52:20.674000,111.017,31.816,49.264,29.937,3140.674,3139.022,19.0,52.8,962.4,False,30.9,169,1.2,False,True,False,FORMULA 1 ROLEX BELGIAN GRAND PRIX 2020,Spa-Francorchamps,Belgium,,,Permanent,,,0.2865867389679058,0.4437518578235766,0.2696614032085176,3,False,Belgian Grand Prix,belgian_grand_prix,2020,2020-08-30,111.36255555555556,9,Opening,2.4769999999999897,True,False,False,True
ALB,Red Bull Racing,10,0 days 00:01:50.901000,0 days 00:00:31.879000,0 days 00:00:49.315000,0 days 00:00:29.707000,Soft,13,1,,,124,False,0 days 00:52:22.089000,110.901,31.879,49.315,29.707,3142.089,3139.022,19.0,52.8,962.4,False,30.9,169,1.2,False,True,False,FORMULA 1 ROLEX BELGIAN GRAND PRIX 2020,Spa-Francorchamps,Belgium,,,Permanent,,,0.28745457660435886,0.44467588209303793,0.26786954130260326,3,False,Belgian Grand Prix,belgian_grand_prix,2020,2020-08-30,111.43422222222222,9,Opening,2.164999999999992,True,False,False,True
STR,Racing Point,10,0 days 00:01:51.683000,0 days 00:00:31.839000,0 days 00:00:49.766000,0 days 00:00:30.078000,Soft,13,1,,,124,False,0 days 00:52:26.223000,111.683,31.839,49.766,30.078,3146.223,3139.022,19.0,52.8,962.4,False,30.9,169,1.2,False,True,False,FORMULA 1 ROLEX BELGIAN GRAND PRIX 2020,Spa-Francorchamps,Belgium,,,Permanent,,,0.28508367432823256,0.445600494256064,0.26931583141570337,3,False,Belgian Grand Prix,belgian_grand_prix,2020,2020-08-30,111.80755555555555,9,Opening,2.5470000000000113,True,False,False,True
GAS,AlphaTauri,10,0 days 00:01:52.989000,0 days 00:00:31.709000,0 days 00:00:50.035000,0 days 00:00:31.245000,Hard,10,1,,,124,False,0 days 00:52:28.653000,112.989,31.709,50.035,31.245,3148.653,3139.022,19.0,52.8,962.4,False,30.9,169,1.2,False,True,False,FORMULA 1 ROLEX BELGIAN GRAND PRIX 2020,Spa-Francorchamps,Belgium,,,Permanent,,,0.28063793820637406,0.44283071803449886,0.27653134375912697,3,False,Belgian Grand Prix,belgian_grand_prix,2020,2020-08-30,111.54104761904762,21,Opening,5.150000000000006,True,False,False,True
PER,Racing Point,10,0 days 00:01:53.804000,0 days 00:00:31.783000,0 days 00:00:50.043000,0 days 00:00:31.978000,Soft,13,1,,,124,False,0 days 00:52:30.809000,113.804,31.783,50.043,31.978,3150.809,3139.022,19.0,52.8,962.4,False,30.9,169,1.2,False,True,False,FORMULA 1 ROLEX BELGIAN GRAND PRIX 2020,Spa-Francorchamps,Belgium,,,Permanent,,,0.2792784084917929,0.43972971073073003,0.28099188077747705,1,False,Belgian Grand Prix,belgian_grand_prix,2020,2020-08-30,112.434,13,Opening,5.415000000000006,True,False,False,True
NOR,McLaren,10,0 days 00:01:56.381000,0 days 00:00:31.992000,0 days 00:00:49.607000,0 days 00:00:34.782000,Soft,13,1,,,124,False,0 days 00:52:35.759000,116.381,31.992,49.607,34.782,3155.759,3139.022,19.0,52.8,962.4,False,30.9,169,1.2,False,True,False,FORMULA 1 ROLEX BELGIAN GRAND PRIX 2020,Spa-Francorchamps,Belgium,,,Permanent,,,0.27489023122330963,0.4262465522722781,0.2988632165044122,1,False,Belgian Grand Prix,belgian_grand_prix,2020,2020-08-30,112.64511111111112,9,Opening,7.8289999999999935,True,False,False,True
KVY,AlphaTauri,10,0 days 00:01:58.144000,0 days 00:00:31.820000,0 days 00:00:50.139000,0 days 00:00:36.185000,Medium,10,1,,,124,False,0 days 00:52:39.001000,118.144,31.82,50.139,36.185,3159.001,3139.022,19.0,52.8,962.4,False,30.9,169,1.2,False,True,False,FORMULA 1 ROLEX BELGIAN GRAND PRIX 2020,Spa-Francorchamps,Belgium,,,Permanent,,,0.26933234019501623,0.42438888136511377,0.30627877843987,1,False,Belgian Grand Prix,belgian_grand_prix,2020,2020-08-30,112.90766666666667,9,Opening,8.312000000000012,True,False,False,True
VET,Ferrari,10,0 days 00:01:59.218000,0 days 00:00:31.863000,0 days 00:00:50.113000,0 days 00:00:37.242000,Medium,10,1,,,124,False,0 days 00:52:43.532000,119.218,31.863,50.113,37.242,3163.532,3139.022,19.0,52.8,962.4,False,30.9,169,1.2,False,True,False,FORMULA 1 ROLEX BELGIAN GRAND PRIX 2020,Spa-Francorchamps,Belgium,,,Permanent,,,0.26726668791625424,0.42034759851700243,0.3123857135667433,1,False,Belgian Grand Prix,belgian_grand_prix,2020,2020-08-30,113.33866666666667,9,Opening,9.260000000000005,True,False,False,True
LEC,Ferrari,10,0 days 00:02:01.597000,0 days 00:00:32.169000,0 days 00:00:49.836000,0 days 00:00:39.592000,Soft,10,1,0 days 00:52:40.963000,,124,False,0 days 00:52:44.640000,121.597,32.169,49.836,39.592,3164.64,3139.022,19.0,52.8,962.4,False,30.9,169,1.2,False,True,False,FORMULA 1 ROLEX BELGIAN GRAND PRIX 2020,Spa-Francorchamps,Belgium,,,Permanent,10.0,,0.26455422419961017,0.4098456376390865,0.32560013816130334,1,False,Belgian Grand Prix,belgian_grand_prix,2020,2020-08-30,113.77744444444444,9,Opening,13.75699999999999,True,False,False,True
RAI,Alfa Romeo Racing,10,0 days 00:02:03.917000,0 days 00:00:31.926000,0 days 00:00:50.121000,0 days 00:00:41.870000,Medium,10,1,0 days 00:52:46.554000,,124,False,0 days 00:52:50.131000,123.917,31.926,50.121,41.87,3170.131,3199.022,19.1,53.0,962.3,False,31.0,45,0.9,False,True,False,FORMULA 1 ROLEX BELGIAN GRAND PRIX 2020,Spa-Francorchamps,Belgium,,,Permanent,10.0,,0.2576401946464165,0.40447234842676955,0.3378874569268139,1,False,Belgian Grand Prix,belgian_grand_prix,2020,2020-08-30,113.87666666666668,9,Opening,14.094999999999999,True,False,False,True
GRO,Haas F1 Team,10,0 days 00:02:06.920000,0 days 00:00:31.995000,0 days 00:00:52.473000,0 days 00:00:42.452000,Medium,10,1,0 days 00:52:52.255000,,124,False,0 days 00:52:55.909000,126.92,31.995,52.473,42.452,3175.909,3199.022,19.1,53.0,962.3,False,31.0,45,0.9,False,True,False,FORMULA 1 ROLEX BELGIAN GRAND PRIX 2020,Spa-Francorchamps,Belgium,,,Permanent,10.0,,0.2520879294043492,0.4134336589977939,0.3344784115978569,1,False,Belgian Grand Prix,belgian_grand_prix,2020,2020-08-30,114.45888888888891,9,Opening,16.902,True,False,False,True
MAG,Haas F1 Team,10,0 days 00:02:09.681000,0 days 00:00:32.184000,0 days 00:00:51.965000,0 days 00:00:45.532000,Medium,10,1,0 days 00:53:00.537000,,124,False,0 days 00:53:01.252000,129.681,32.184,51.965,45.532,3181.252,3199.022,19.1,53.0,962.3,False,31.0,45,0.9,False,True,False,FORMULA 1 ROLEX BELGIAN GRAND PRIX 2020,Spa-Francorchamps,Belgium,,,Permanent,10.0,,0.24817822194461792,0.4007140598854111,0.3511077181699709,1,False,Belgian Grand Prix,belgian_grand_prix,2020,2020-08-30,115.18977777777779,9,Opening,21.598000000000013,True,False,False,True
LAT,Williams,10,0 days 00:02:09.652000,0 days 00:00:32.256000,0 days 00:00:52.083000,0 days 00:00:45.313000,Medium,10,1,0 days 00:53:00.681000,,124,False,0 days 00:53:04.233000,129.652,32.256,52.083,45.313,3184.233,3199.022,19.1,53.0,962.3,False,31.0,45,0.9,False,True,False,FORMULA 1 ROLEX BELGIAN GRAND PRIX 2020,Spa-Francorchamps,Belgium,,,Permanent,10.0,,0.24878906611544754,0.40171381852960236,0.3494971153549502,1,False,Belgian Grand Prix,belgian_grand_prix,2020,2020-08-30,115.2988888888889,9,Opening,21.603999999999985,True,False,False,True
MAG,Haas F1 Team,12,0 days 00:02:25.100000,0 days 00:00:34.528000,0 days 00:01:06.326000,0 days 00:00:44.246000,Hard,2,2,,,4,False,0 days 00:58:13.248000,145.1,34.528,66.326,44.246,3493.248,3499.013,19.0,54.0,962.3,False,31.4,148,1.4,False,True,False,FORMULA 1 ROLEX BELGIAN GRAND PRIX 2020,Spa-Francorchamps,Belgium,,,Permanent,,,0.23796002756719503,0.45710544452102,0.304934527911785,1,False,Belgian Grand Prix,belgian_grand_prix,2020,2020-08-30,114.45065217391303,23,Mid,37.016999999999996,True,False,False,True
LAT,Williams,12,0 days 00:02:23.856000,0 days 00:00:34.522000,0 days 00:01:05.397000,0 days 00:00:43.937000,Hard,2,2,,,4,False,0 days 00:58:14.344000,143.856,34.522,65.397,43.937,3494.344,3499.013,19.0,54.0,962.3,False,31.4,148,1.4,False,True,False,FORMULA 1 ROLEX BELGIAN GRAND PRIX 2020,Spa-Francorchamps,Belgium,,,Permanent,,,0.23997608719830943,0.45460043376710046,0.30542347903459016,1,False,Belgian Grand Prix,belgian_grand_prix,2020,2020-08-30,115.44411111111111,18,Mid,35.80799999999999,True,False,False,True
GRO,Haas F1 Team,14,0 days 00:02:29.242000,0 days 00:00:45.811000,0 days 00:01:04.127000,0 days 00:00:39.304000,Hard,4,2,,,41,False,0 days 01:03:38.390000,149.242,45.811,64.127,39.304,3818.39,3799.025,19.6,52.8,962.4,False,32.2,301,1.6,False,True,False,FORMULA 1 ROLEX BELGIAN GRAND PRIX 2020,Spa-Francorchamps,Belgium,,,Permanent,,,0.3069578268851932,0.4296846732153147,0.26335749989949214,3,False,Belgian Grand Prix,belgian_grand_prix,2020,2020-08-30,112.2027741935484,31,Closing,39.22399999999999,True,False,False,True
MAG,Haas F1 Team,14,0 days 00:02:28.272000,0 days 00:00:46.472000,0 days 00:01:02.514000,0 days 00:00:39.286000,Hard,4,2,,,41,False,0 days 01:03:38.865000,148.272,46.472,62.514,39.286,3818.865,3799.025,19.6,52.8,962.4,False,32.2,301,1.6,False,True,False,FORMULA 1 ROLEX BELGIAN GRAND PRIX 2020,Spa-Francorchamps,Belgium,,,Permanent,,,0.31342397755476425,0.42161702816445457,0.2649589942807813,3,False,Belgian Grand Prix,belgian_grand_prix,2020,2020-08-30,114.45065217391303,23,Mid,40.18899999999999,True,False,False,True
LAT,Williams,14,0 days 00:02:26.415000,0 days 00:00:45.543000,0 days 00:01:02.324000,0 days 00:00:38.548000,Hard,4,2,,,41,False,0 days 01:03:39.301000,146.415,45.543,62.324,38.548,3819.301,3799.025,19.6,52.8,962.4,False,32.2,301,1.6,False,True,False,FORMULA 1 ROLEX BELGIAN GRAND PRIX 2020,Spa-Francorchamps,Belgium,,,Permanent,,,0.3110541952668784,0.4256667691151863,0.26327903561793536,3,False,Belgian Grand Prix,belgian_grand_prix,2020,2020-08-30,115.44411111111111,18,Mid,38.36699999999999,True,False,False,True
HAM,Mercedes,15,0 days 00:01:48.325000,0 days 00:00:31.630000,0 days 00:00:47.130000,0 days 00:00:29.565000,Hard,4,2,,,1,True,0 days 01:05:19.929000,108.325,31.63,47.13,29.565,3919.929,3919.023,19.3,51.9,962.3,False,31.9,283,1.8,False,True,False,FORMULA 1 ROLEX BELGIAN GRAND PRIX 2020,Spa-Francorchamps,Belgium,,,Permanent,,,0.29199169166858985,0.43507962150934687,0.2729286868220632,3,False,Belgian Grand Prix,belgian_grand_prix,2020,2020-08-30,108.6334,30,Closing,0.5670000000000073,False,False,False,True
BOT,Mercedes,15,0 days 00:01:48.824000,0 days 00:00:31.325000,0 days 00:00:48.127000,0 days 00:00:29.372000,Hard,4,2,,,1,True,0 days 01:05:21.123000,108.824,31.325,48.127,29.372,3921.123,3919.023,19.3,51.9,962.3,False,31.9,283,1.8,False,True,False,FORMULA 1 ROLEX BELGIAN GRAND PRIX 2020,Spa-Francorchamps,Belgium,,,Permanent,,,0.2878501065941336,0.44224619569212675,0.2699036977137396,3,False,Belgian Grand Prix,belgian_grand_prix,2020,2020-08-30,108.892,30,Closing,0.840999999999994,False,False,False,True
VER,Red Bull Racing,15,0 days 00:01:49.597000,0 days 00:00:31.446000,0 days 00:00:48.920000,0 days 00:00:29.231000,Hard,4,2,,,1,True,0 days 01:05:22.385000,109.597,31.446,48.92,29.231,3922.385,3919.023,19.3,51.9,962.3,False,31.9,283,1.8,False,True,False,FORMULA 1 ROLEX BELGIAN GRAND PRIX 2020,Spa-Francorchamps,Belgium,,,Permanent,,,0.2869239121508801,0.44636258291741565,0.26671350493170437,3,False,Belgian Grand Prix,belgian_grand_prix,2020,2020-08-30,109.1101,30,Closing,1.2919999999999874,False,False,False,True
GAS,AlphaTauri,15,0 days 00:01:51.631000,0 days 00:00:31.121000,0 days 00:00:50.812000,0 days 00:00:29.698000,Hard,15,1,,,1,True,0 days 01:05:24.866000,111.631,31.121,50.812,29.698,3924.866,3919.023,19.3,51.9,962.3,False,31.9,283,1.8,False,True,False,FORMULA 1 ROLEX BELGIAN GRAND PRIX 2020,Spa-Francorchamps,Belgium,,,Permanent,,,0.2787845670109557,0.4551782211034569,0.2660372118855873,3,False,Belgian Grand Prix,belgian_grand_prix,2020,2020-08-30,111.54104761904762,21,Opening,3.7920000000000016,False,False,False,True
PER,Racing Point,15,0 days 00:01:52.115000,0 days 00:00:30.948000,0 days 00:00:51.504000,0 days 00:00:29.663000,Soft,18,1,,,1,True,0 days 01:05:25.608000,112.115,30.948,51.504,29.663,3925.608,3919.023,19.3,51.9,962.3,False,31.9,283,1.8,False,True,False,FORMULA 1 ROLEX BELGIAN GRAND PRIX 2020,Spa-Francorchamps,Belgium,,,Permanent,,,0.27603799669981716,0.4593854524372296,0.26457655086295323,3,False,Belgian Grand Prix,belgian_grand_prix,2020,2020-08-30,112.434,13,Opening,3.725999999999999,False,False,False,True
RIC,Renault,15,0 days 00:01:51.894000,0 days 00:00:31.326000,0 days 00:00:50.980000,0 days 00:00:29.588000,Hard,4,2,,,1,True,0 days 01:05:26.042000,111.894,31.326,50.98,29.588,3926.042,3919.023,19.3,51.9,962.3,False,31.9,283,1.8,False,True,False,FORMULA 1 ROLEX BELGIAN GRAND PRIX 2020,Spa-Francorchamps,Belgium,,,Permanent,,,0.2799613920317443,0.4556097735356676,0.26442883443258797,3,False,Belgian Grand Prix,belgian_grand_prix,2020,2020-08-30,109.17863333333334,30,Closing,4.411000000000001,False,False,False,True
ALB,Red Bull Racing,15,0 days 00:01:52.032000,0 days 00:00:31.098000,0 days 00:00:51.397000,0 days 00:00:29.537000,Medium,4,2,,,1,True,0 days 01:05:26.540000,112.032,31.098,51.397,29.537,3926.54,3919.023,19.3,51.9,962.3,False,31.9,283,1.8,False,True,False,FORMULA 1 ROLEX BELGIAN GRAND PRIX 2020,Spa-Francorchamps,Belgium,,,Permanent,,,0.27758140531276776,0.45877070836903744,0.2636478863181948,3,False,Belgian Grand Prix,belgian_grand_prix,2020,2020-08-30,109.96076666666666,30,Closing,3.2959999999999923,False,False,False,True
OCO,Renault,15,0 days 00:01:52.250000,0 days 00:00:31.206000,0 days 00:00:51.471000,0 days 00:00:29.573000,Hard,4,2,,,1,True,0 days 01:05:27.109000,112.25,31.206,51.471,29.573,3927.109,3919.023,19.3,51.9,962.3,False,31.9,283,1.8,False,True,False,FORMULA 1 ROLEX BELGIAN GRAND PRIX 2020,Spa-Francorchamps,Belgium,,,Permanent,,,0.27800445434298443,0.45853897550111355,0.263456570155902,3,False,Belgian Grand Prix,belgian_grand_prix,2020,2020-08-30,109.88136666666666,30,Closing,3.7099999999999937,False,False,False,True
STR,Racing Point,15,0 days 00:01:52.439000,0 days 00:00:31.390000,0 days 00:00:51.414000,0 days 00:00:29.635000,Hard,4,2,,,1,True,0 days 01:05:27.927000,112.439,31.39,51.414,29.635,3927.927,3919.023,19.3,51.9,962.3,False,31.9,283,1.8,False,True,False,FORMULA 1 ROLEX BELGIAN GRAND PRIX 2020,Spa-Francorchamps,Belgium,,,Permanent,,,0.2791735963500209,0.4572612705555902,0.263565133094389,3,False,Belgian Grand Prix,belgian_grand_prix,2020,2020-08-30,110.2591,30,Closing,3.3029999999999973,False,False,False,True
NOR,McLaren,15,0 days 00:01:52.663000,0 days 00:00:31.048000,0 days 00:00:52.056000,0 days 00:00:29.559000,Hard,4,2,,,1,True,0 days 01:05:28.524000,112.663,31.048,52.056,29.559,3928.524,3919.023,19.3,51.9,962.3,False,31.9,283,1.8,False,True,False,FORMULA 1 ROLEX BELGIAN GRAND PRIX 2020,Spa-Francorchamps,Belgium,,,Permanent,,,0.27558293317238136,0.46205054010633484,0.26236652672128385,3,False,Belgian Grand Prix,belgian_grand_prix,2020,2020-08-30,109.95163333333333,30,Closing,4.11099999999999,False,False,False,True
KVY,AlphaTauri,15,0 days 00:01:52.651000,0 days 00:00:31.190000,0 days 00:00:51.864000,0 days 00:00:29.597000,Hard,4,2,,,1,True,0 days 01:05:29.141000,112.651,31.19,51.864,29.597,3929.141,3919.023,19.3,51.9,962.3,False,31.9,283,1.8,False,True,False,FORMULA 1 ROLEX BELGIAN GRAND PRIX 2020,Spa-Francorchamps,Belgium,,,Permanent,,,0.27687281959325705,0.4603953804227215,0.26273179998402146,3,False,Belgian Grand Prix,belgian_grand_prix,2020,2020-08-30,110.81186666666666,30,Closing,2.8190000000000026,False,False,False,True
VET,Ferrari,15,0 days 00:01:52.777000,0 days 00:00:31.645000,0 days 00:00:51.419000,0 days 00:00:29.713000,Hard,4,2,,,1,True,0 days 01:05:29.736000,112.777,31.645,51.419,29.713,3929.736,3919.023,19.3,51.9,962.3,False,31.9,283,1.8,False,True,False,FORMULA 1 ROLEX BELGIAN GRAND PRIX 2020,Spa-Francorchamps,Belgium,,,Permanent,,,0.28059799427188165,0.45593516408487544,0.26346684164324286,3,False,Belgian Grand Prix,belgian_grand_prix,2020,2020-08-30,110.88573333333333,30,Closing,2.8190000000000026,False,False,False,True
RAI,Alfa Romeo Racing,15,0 days 00:01:52.758000,0 days 00:00:31.673000,0 days 00:00:51.314000,0 days 00:00:29.771000,Hard,5,2,,,1,True,0 days 01:05:30.194000,112.758,31.673,51.314,29.771,3930.194,3919.023,19.3,51.9,962.3,False,31.9,283,1.8,False,True,False,FORMULA 1 ROLEX BELGIAN GRAND PRIX 2020,Spa-Francorchamps,Belgium,,,Permanent,,,0.28089359513293954,0.455080792493659,0.26402561237340144,3,False,Belgian Grand Prix,belgian_grand_prix,2020,2020-08-30,110.82376666666667,30,Closing,2.935999999999993,False,False,False,True
LEC,Ferrari,15,0 days 00:01:52.491000,0 days 00:00:31.456000,0 days 00:00:51.364000,0 days 00:00:29.671000,Hard,5,2,,,1,True,0 days 01:05:30.587000,112.491,31.456,51.364,29.671,3930.587,3919.023,19.3,51.9,962.3,False,31.9,283,1.8,False,True,False,FORMULA 1 ROLEX BELGIAN GRAND PRIX 2020,Spa-Francorchamps,Belgium,,,Permanent,,,0.27963125938964006,0.45660541732227466,0.26376332328808527,3,False,Belgian Grand Prix,belgian_grand_prix,2020,2020-08-30,111.64280000000001,10,Mid,4.650999999999996,False,False,False,True
GRO,Haas F1 Team,15,0 days 00:01:52.823000,0 days 00:00:31.568000,0 days 00:00:51.334000,0 days 00:00:29.921000,Hard,5,2,,,1,True,0 days 01:05:31.213000,112.823,31.568,51.334,29.921,3931.213,3919.023,19.3,51.9,962.3,False,31.9,283,1.8,False,True,False,FORMULA 1 ROLEX BELGIAN GRAND PRIX 2020,Spa-Francorchamps,Belgium,,,Permanent,,,0.27980110438474426,0.4549958784999513,0.26520301711530453,3,False,Belgian Grand Prix,belgian_grand_prix,2020,2020-08-30,112.2027741935484,31,Closing,2.8049999999999926,False,False,False,True
MAG,Haas F1 Team,15,0 days 00:01:52.833000,0 days 00:00:31.521000,0 days 00:00:51.402000,0 days 00:00:29.910000,Hard,5,2,,,1,True,0 days 01:05:31.698000,112.833,31.521,51.402,29.91,3931.698,3919.023,19.3,51.9,962.3,False,31.9,283,1.8,False,True,False,FORMULA 1 ROLEX BELGIAN GRAND PRIX 2020,Spa-Francorchamps,Belgium,,,Permanent,,,0.2793597617718221,0.45555821435218424,0.2650820238759937,3,False,Belgian Grand Prix,belgian_grand_prix,2020,2020-08-30,114.45065217391303,23,Mid,4.75,False,False,False,True
LAT,Williams,15,0 days 00:01:52.917000,0 days 00:00:32.024000,0 days 00:00:51.054000,0 days 00:00:29.839000,Hard,5,2,,,1,True,0 days 01:05:32.218000,112.917,32.024,51.054,29.839,3932.218,3919.023,19.3,51.9,962.3,False,31.9,283,1.8,False,True,False,FORMULA 1 ROLEX BELGIAN GRAND PRIX 2020,Spa-Francorchamps,Belgium,,,Permanent,,,0.28360654285891407,0.4521374106644704,0.26425604647661555,3,False,Belgian Grand Prix,belgian_grand_prix,2020,2020-08-30,115.44411111111111,18,Mid,4.869,False,False,False,True
HAM,Mercedes,16,0 days 00:01:48.247000,0 days 00:00:31.775000,0 days 00:00:47.197000,0 days 00:00:29.275000,Hard,5,2,,,1,True,0 days 01:07:08.176000,108.247,31.775,47.197,29.275,4028.176,4039.034,19.3,51.3,962.4,False,32.0,358,2.0,False,True,False,FORMULA 1 ROLEX BELGIAN GRAND PRIX 2020,Spa-Francorchamps,Belgium,,,Permanent,,,0.2935416224006208,0.43601208347575454,0.27044629412362464,3,False,Belgian Grand Prix,belgian_grand_prix,2020,2020-08-30,108.6334,30,Closing,0.4890000000000043,False,False,False,True
BOT,Mercedes,16,0 days 00:01:48.156000,0 days 00:00:31.551000,0 days 00:00:47.390000,0 days 00:00:29.215000,Hard,5,2,,,1,True,0 days 01:07:09.279000,108.156,31.551,47.39,29.215,4029.279,4039.034,19.3,51.3,962.4,False,32.0,358,2.0,False,True,False,FORMULA 1 ROLEX BELGIAN GRAND PRIX 2020,Spa-Francorchamps,Belgium,,,Permanent,,,0.2917175191390214,0.4381633936166278,0.27011908724435074,3,False,Belgian Grand Prix,belgian_grand_prix,2020,2020-08-30,108.892,30,Closing,0.17300000000000182,False,False,False,True
VER,Red Bull Racing,16,0 days 00:01:48.614000,0 days 00:00:31.316000,0 days 00:00:48.194000,0 days 00:00:29.104000,Hard,5,2,,,1,True,0 days 01:07:10.999000,108.614,31.316,48.194,29.104,4030.999,4039.034,19.3,51.3,962.4,False,32.0,358,2.0,False,True,False,FORMULA 1 ROLEX BELGIAN GRAND PRIX 2020,Spa-Francorchamps,Belgium,,,Permanent,,,0.2883237888301692,0.44371812105253466,0.2679580901172961,3,False,Belgian Grand Prix,belgian_grand_prix,2020,2020-08-30,109.1101,30,Closing,0.3089999999999975,False,False,False,True
GAS,AlphaTauri,16,0 days 00:01:50.314000,0 days 00:00:31.511000,0 days 00:00:49.286000,0 days 00:00:29.517000,Hard,16,1,,,1,True,0 days 01:07:15.180000,110.314,31.511,49.286,29.517,4035.18,4039.034,19.3,51.3,962.4,False,32.0,358,2.0,False,True,False,FORMULA 1 ROLEX BELGIAN GRAND PRIX 2020,Spa-Francorchamps,Belgium,,,Permanent,,,0.28564824047718335,0.44677919393730625,0.26757256558551046,3,False,Belgian Grand Prix,belgian_grand_prix,2020,2020-08-30,111.54104761904762,21,Opening,2.4749999999999943,False,False,False,True
PER,Racing Point,16,0 days 00:01:51.223000,0 days 00:00:31.331000,0 days 00:00:50.274000,0 days 00:00:29.618000,Soft,19,1,,,1,True,0 days 01:07:16.831000,111.223,31.331,50.274,29.618,4036.831,4039.034,19.3,51.3,962.4,False,32.0,358,2.0,False,True,False,FORMULA 1 ROLEX BELGIAN GRAND PRIX 2020,Spa-Francorchamps,Belgium,,,Permanent,,,0.2816953327998705,0.4520108250991252,0.26629384210100426,3,False,Belgian Grand Prix,belgian_grand_prix,2020,2020-08-30,112.434,13,Opening,2.834000000000003,False,False,False,True
RIC,Renault,16,0 days 00:01:51.179000,0 days 00:00:31.176000,0 days 00:00:50.542000,0 days 00:00:29.461000,Hard,5,2,,,1,True,0 days 01:07:17.221000,111.179,31.176,50.542,29.461,4037.221,4039.034,19.3,51.3,962.4,False,32.0,358,2.0,False,True,False,FORMULA 1 ROLEX BELGIAN GRAND PRIX 2020,Spa-Francorchamps,Belgium,,,Permanent,,,0.28041266785993757,0.45460023925381593,0.2649870928862465,3,False,Belgian Grand Prix,belgian_grand_prix,2020,2020-08-30,109.17863333333334,30,Closing,3.695999999999998,False,False,False,True
ALB,Red Bull Racing,16,0 days 00:01:51.343000,0 days 00:00:31.138000,0 days 00:00:50.739000,0 days 00:00:29.466000,Medium,5,2,,,1,True,0 days 01:07:17.883000,111.343,31.138,50.739,29.466,4037.883,4039.034,19.3,51.3,962.4,False,32.0,358,2.0,False,True,False,FORMULA 1 ROLEX BELGIAN GRAND PRIX 2020,Spa-Francorchamps,Belgium,,,Permanent,,,0.279658353017253,0.4556999541955938,0.2646416927871532,3,False,Belgian Grand Prix,belgian_grand_prix,2020,2020-08-30,109.96076666666666,30,Closing,2.6069999999999993,False,False,False,True
OCO,Renault,16,0 days 00:01:51.636000,0 days 00:00:31.022000,0 days 00:00:51.085000,0 days 00:00:29.529000,Hard,5,2,,,1,True,0 days 01:07:18.745000,111.636,31.022,51.085,29.529,4038.745,4039.034,19.3,51.3,962.4,False,32.0,358,2.0,False,True,False,FORMULA 1 ROLEX BELGIAN GRAND PRIX 2020,Spa-Francorchamps,Belgium,,,Permanent,,,0.2778852699845928,0.4576032820953814,0.2645114479200258,3,False,Belgian Grand Prix,belgian_grand_prix,2020,2020-08-30,109.88136666666666,30,Closing,3.0959999999999894,False,False,False,True
STR,Racing Point,16,0 days 00:01:51.762000,0 days 00:00:31.304000,0 days 00:00:50.695000,0 days 00:00:29.763000,Hard,5,2,,,1,True,0 days 01:07:19.689000,111.762,31.304,50.695,29.763,4039.689,4039.034,19.3,51.3,962.4,False,32.0,358,2.0,False,True,False,FORMULA 1 ROLEX BELGIAN GRAND PRIX 2020,Spa-Francorchamps,Belgium,,,Permanent,,,0.2800952023048979,0.4535978239473166,0.2663069737477855,3,False,Belgian Grand Prix,belgian_grand_prix,2020,2020-08-30,110.2591,30,Closing,2.6260000000000048,False,False,False,True
NOR,McLaren,16,0 days 00:01:51.761000,0 days 00:00:31.334000,0 days 00:00:50.836000,0 days 00:00:29.591000,Hard,5,2,,,1,True,0 days 01:07:20.285000,111.761,31.334,50.836,29.591,4040.285,4039.034,19.3,51.3,962.4,False,32.0,358,2.0,False,True,False,FORMULA 1 ROLEX BELGIAN GRAND PRIX 2020,Spa-Francorchamps,Belgium,,,Permanent,,,0.28036613845616987,0.45486350336879594,0.26477035817503425,3,False,Belgian Grand Prix,belgian_grand_prix,2020,2020-08-30,109.95163333333333,30,Closing,3.208999999999989,False,False,False,True
KVY,AlphaTauri,16,0 days 00:01:51.957000,0 days 00:00:31.329000,0 days 00:00:50.924000,0 days 00:00:29.704000,Hard,5,2,,,1,True,0 days 01:07:21.098000,111.957,31.329,50.924,29.704,4041.098,4039.034,19.3,51.3,962.4,False,32.0,358,2.0,False,True,False,FORMULA 1 ROLEX BELGIAN GRAND PRIX 2020,Spa-Francorchamps,Belgium,,,Permanent,,,0.27983064926712936,0.45485320256884343,0.26531614816402727,3,False,Belgian Grand Prix,belgian_grand_prix,2020,2020-08-30,110.81186666666666,30,Closing,2.125,False,False,False,True
RAI,Alfa Romeo Racing,16,0 days 00:01:51.450000,0 days 00:00:31.131000,0 days 00:00:50.599000,0 days 00:00:29.720000,Hard,6,2,,,1,True,0 days 01:07:21.644000,111.45,31.131,50.599,29.72,4041.644,4039.034,19.3,51.3,962.4,False,32.0,358,2.0,False,True,False,FORMULA 1 ROLEX BELGIAN GRAND PRIX 2020,Spa-Francorchamps,Belgium,,,Permanent,,,0.2793270524899058,0.4540062808434275,0.26666666666666666,3,False,Belgian Grand Prix,belgian_grand_prix,2020,2020-08-30,110.82376666666667,30,Closing,1.6280000000000001,False,False,False,True
VET,Ferrari,16,0 days 00:01:52.297000,0 days 00:00:31.587000,0 days 00:00:51.096000,0 days 00:00:29.614000,Hard,5,2,,,1,True,0 days 01:07:22.033000,112.297,31.587,51.096,29.614,4042.033,4039.034,19.3,51.3,962.4,False,32.0,358,2.0,False,True,False,FORMULA 1 ROLEX BELGIAN GRAND PRIX 2020,Spa-Francorchamps,Belgium,,,Permanent,,,0.2812808890709458,0.4550077027881421,0.26371140814091204,3,False,Belgian Grand Prix,belgian_grand_prix,2020,2020-08-30,110.88573333333333,30,Closing,2.3389999999999986,False,False,False,True
LEC,Ferrari,16,0 days 00:01:52.219000,0 days 00:00:31.667000,0 days 00:00:50.819000,0 days 00:00:29.733000,Hard,6,2,,,1,True,0 days 01:07:22.806000,112.219,31.667,50.819,29.733,4042.806,4039.034,19.3,51.3,962.4,False,32.0,358,2.0,False,True,False,FORMULA 1 ROLEX BELGIAN GRAND PRIX 2020,Spa-Francorchamps,Belgium,,,Permanent,,,0.28218929058359105,0.452855577041321,0.264955132375088,3,False,Belgian Grand Prix,belgian_grand_prix,2020,2020-08-30,111.64280000000001,10,Mid,4.378999999999991,False,False,False,True
GRO,Haas F1 Team,16,0 days 00:01:51.980000,0 days 00:00:31.507000,0 days 00:00:50.827000,0 days 00:00:29.646000,Hard,6,2,,,1,True,0 days 01:07:23.193000,111.98,31.507,50.827,29.646,4043.193,4039.034,19.3,51.3,962.4,False,32.0,358,2.0,False,True,False,FORMULA 1 ROLEX BELGIAN GRAND PRIX 2020,Spa-Francorchamps,Belgium,,,Permanent,,,0.28136274334702627,0.453893552420075,0.2647437042328987,3,False,Belgian Grand Prix,belgian_grand_prix,2020,2020-08-30,112.2027741935484,31,Closing,1.9620000000000033,False,False,False,True
MAG,Haas F1 Team,16,0 days 00:01:52.304000,0 days 00:00:31.872000,0 days 00:00:50.666000,0 days 00:00:29.766000,Hard,6,2,,,1,True,0 days 01:07:24.002000,112.304,31.872,50.666,29.766,4044.002,4039.034,19.3,51.3,962.4,False,32.0,358,2.0,False,True,False,FORMULA 1 ROLEX BELGIAN GRAND PRIX 2020,Spa-Francorchamps,Belgium,,,Permanent,,,0.2838011112694116,0.4511504487818777,0.26504843994871063,3,False,Belgian Grand Prix,belgian_grand_prix,2020,2020-08-30,114.45065217391303,23,Mid,4.221000000000004,False,False,False,True
LAT,Williams,16,0 days 00:01:52.421000,0 days 00:00:31.672000,0 days 00:00:50.791000,0 days 00:00:29.958000,Hard,6,2,,,1,True,0 days 01:07:24.639000,112.421,31.672,50.791,29.958,4044.639,4039.034,19.3,51.3,962.4,False,32.0,358,2.0,False,True,False,FORMULA 1 ROLEX BELGIAN GRAND PRIX 2020,Spa-Francorchamps,Belgium,,,Permanent,,,0.28172672365483314,0.45179281450974457,0.2664804618354222,3,False,Belgian Grand Prix,belgian_grand_prix,2020,2020-08-30,115.44411111111111,18,Mid,4.373000000000005,False,False,False,True
HAM,Mercedes,17,0 days 00:01:48.165000,0 days 00:00:31.627000,0 days 00:00:47.182000,0 days 00:00:29.356000,Hard,6,2,,,1,True,0 days 01:08:56.341000,108.165,31.627,47.182,29.356,4136.341,4159.025,19.1,52.7,962.3,False,31.9,210,0.5,False,True,False,FORMULA 1 ROLEX BELGIAN GRAND PRIX 2020,Spa-Francorchamps,Belgium,,,Permanent,,,0.2923958766699024,0.43620394767253734,0.2714001756575602,3,False,Belgian Grand Prix,belgian_grand_prix,2020,2020-08-30,108.6334,30,Closing,0.4070000000000107,False,False,False,True
BOT,Mercedes,17,0 days 00:01:48.481000,0 days 00:00:31.403000,0 days 00:00:47.642000,0 days 00:00:29.436000,Hard,6,2,,,1,True,0 days 01:08:57.760000,108.481,31.403,47.642,29.436,4137.76,4159.025,19.1,52.7,962.3,False,31.9,210,0.5,False,True,False,FORMULA 1 ROLEX BELGIAN GRAND PRIX 2020,Spa-Francorchamps,Belgium,,,Permanent,,,0.2894792636498557,0.4391736801836267,0.27134705616651766,3,False,Belgian Grand Prix,belgian_grand_prix,2020,2020-08-30,108.892,30,Closing,0.49799999999999045,False,False,False,True
VER,Red Bull Racing,17,0 days 00:01:48.684000,0 days 00:00:31.465000,0 days 00:00:47.972000,0 days 00:00:29.247000,Hard,6,2,,,1,True,0 days 01:08:59.683000,108.684,31.465,47.972,29.247,4139.683,4159.025,19.1,52.7,962.3,False,31.9,210,0.5,False,True,False,FORMULA 1 ROLEX BELGIAN GRAND PRIX 2020,Spa-Francorchamps,Belgium,,,Permanent,,,0.2895090353685915,0.44138971697766005,0.2691012476537485,3,False,Belgian Grand Prix,belgian_grand_prix,2020,2020-08-30,109.1101,30,Closing,0.3789999999999907,False,False,False,True
GAS,AlphaTauri,17,0 days 00:01:50.343000,0 days 00:00:31.576000,0 days 00:00:49.123000,0 days 00:00:29.644000,Hard,17,1,,,1,True,0 days 01:09:05.523000,110.343,31.576,49.123,29.644,4145.523,4159.025,19.1,52.7,962.3,False,31.9,210,0.5,False,True,False,FORMULA 1 ROLEX BELGIAN GRAND PRIX 2020,Spa-Francorchamps,Belgium,,,Permanent,,,0.28616223956209275,0.44518456086928937,0.26865319956861783,3,False,Belgian Grand Prix,belgian_grand_prix,2020,2020-08-30,111.54104761904762,21,Opening,2.504000000000005,False,False,False,True
RIC,Renault,17,0 days 00:01:49.913000,0 days 00:00:31.133000,0 days 00:00:49.288000,0 days 00:00:29.492000,Hard,6,2,,,1,True,0 days 01:09:07.134000,109.913,31.133,49.288,29.492,4147.134,4159.025,19.1,52.7,962.3,False,31.9,210,0.5,False,True,False,FORMULA 1 ROLEX BELGIAN GRAND PRIX 2020,Spa-Francorchamps,Belgium,,,Permanent,,,0.28325129875446947,0.4484273925741268,0.26832130867140375,3,False,Belgian Grand Prix,belgian_grand_prix,2020,2020-08-30,109.17863333333334,30,Closing,2.4299999999999926,False,False,False,True
ALB,Red Bull Racing,17,0 days 00:01:51.224000,0 days 00:00:31.537000,0 days 00:00:50.538000,0 days 00:00:29.149000,Medium,6,2,,,1,True,0 days 01:09:09.107000,111.224,31.537,50.538,29.149,4149.107,4159.025,19.1,52.7,962.3,False,31.9,210,0.5,False,True,False,FORMULA 1 ROLEX BELGIAN GRAND PRIX 2020,Spa-Francorchamps,Belgium,,,Permanent,,,0.2835449183629432,0.4543803495648421,0.26207473207221466,3,False,Belgian Grand Prix,belgian_grand_prix,2020,2020-08-30,109.96076666666666,30,Closing,2.4879999999999995,False,False,False,True
PER,Racing Point,17,0 days 00:01:52.654000,0 days 00:00:31.528000,0 days 00:00:51.105000,0 days 00:00:30.021000,Soft,20,1,,,1,True,0 days 01:09:09.485000,112.654,31.528,51.105,30.021,4149.485,4159.025,19.1,52.7,962.3,False,31.9,210,0.5,False,True,False,FORMULA 1 ROLEX BELGIAN GRAND PRIX 2020,Spa-Francorchamps,Belgium,,,Permanent,,,0.2798657837271646,0.4536456761411046,0.2664885401317308,3,False,Belgian Grand Prix,belgian_grand_prix,2020,2020-08-30,112.434,13,Opening,4.265000000000001,False,False,False,True
OCO,Renault,17,0 days 00:01:51.636000,0 days 00:00:31.177000,0 days 00:00:50.829000,0 days 00:00:29.630000,Hard,6,2,,,1,True,0 days 01:09:10.381000,111.636,31.177,50.829,29.63,4150.381,4159.025,19.1,52.7,962.3,False,31.9,210,0.5,False,True,False,FORMULA 1 ROLEX BELGIAN GRAND PRIX 2020,Spa-Francorchamps,Belgium,,,Permanent,,,0.2792737109892866,0.4553101150166613,0.2654161739940521,3,False,Belgian Grand Prix,belgian_grand_prix,2020,2020-08-30,109.88136666666666,30,Closing,3.0959999999999894,False,False,False,True
STR,Racing Point,17,0 days 00:01:51.489000,0 days 00:00:31.270000,0 days 00:00:50.519000,0 days 00:00:29.700000,Hard,6,2,,,1,True,0 days 01:09:11.178000,111.489,31.27,50.519,29.7,4151.178,4159.025,19.1,52.7,962.3,False,31.9,210,0.5,False,True,False,FORMULA 1 ROLEX BELGIAN GRAND PRIX 2020,Spa-Francorchamps,Belgium,,,Permanent,,,0.28047610078124297,0.45312990519244045,0.26639399402631647,3,False,Belgian Grand Prix,belgian_grand_prix,2020,2020-08-30,110.2591,30,Closing,2.3530000000000086,False,False,False,True
NOR,McLaren,17,0 days 00:01:51.569000,0 days 00:00:31.251000,0 days 00:00:50.753000,0 days 00:00:29.565000,Hard,6,2,,,1,True,0 days 01:09:11.854000,111.569,31.251,50.753,29.565,4151.854,4159.025,19.1,52.7,962.3,False,31.9,210,0.5,False,True,False,FORMULA 1 ROLEX BELGIAN GRAND PRIX 2020,Spa-Francorchamps,Belgium,,,Permanent,,,0.28010468857836857,0.4549023474262564,0.2649929639953751,3,False,Belgian Grand Prix,belgian_grand_prix,2020,2020-08-30,109.95163333333333,30,Closing,3.016999999999996,False,False,False,True
KVY,AlphaTauri,17,0 days 00:01:51.668000,0 days 00:00:31.369000,0 days 00:00:50.693000,0 days 00:00:29.606000,Hard,6,2,,,1,True,0 days 01:09:12.766000,111.668,31.369,50.693,29.606,4152.766,4159.025,19.1,52.7,962.3,False,31.9,210,0.5,False,True,False,FORMULA 1 ROLEX BELGIAN GRAND PRIX 2020,Spa-Francorchamps,Belgium,,,Permanent,,,0.2809130637246122,0.4539617437403732,0.2651251925350145,3,False,Belgian Grand Prix,belgian_grand_prix,2020,2020-08-30,110.81186666666666,30,Closing,1.8360000000000127,False,False,False,True
RAI,Alfa Romeo Racing,17,0 days 00:01:51.731000,0 days 00:00:31.782000,0 days 00:00:50.227000,0 days 00:00:29.722000,Hard,7,2,,,1,True,0 days 01:09:13.375000,111.731,31.782,50.227,29.722,4153.375,4159.025,19.1,52.7,962.3,False,31.9,210,0.5,False,True,False,FORMULA 1 ROLEX BELGIAN GRAND PRIX 2020,Spa-Francorchamps,Belgium,,,Permanent,,,0.28445104760540946,0.4495350439895821,0.2660139084050085,3,False,Belgian Grand Prix,belgian_grand_prix,2020,2020-08-30,110.82376666666667,30,Closing,1.9089999999999918,False,False,False,True
VET,Ferrari,17,0 days 00:01:51.903000,0 days 00:00:31.480000,0 days 00:00:50.686000,0 days 00:00:29.737000,Hard,6,2,,,1,True,0 days 01:09:13.936000,111.903,31.48,50.686,29.737,4153.936,4159.025,19.1,52.7,962.3,False,31.9,210,0.5,False,True,False,FORMULA 1 ROLEX BELGIAN GRAND PRIX 2020,Spa-Francorchamps,Belgium,,,Permanent,,,0.28131506751382895,0.45294585489218336,0.2657390775939876,3,False,Belgian Grand Prix,belgian_grand_prix,2020,2020-08-30,110.88573333333333,30,Closing,1.9450000000000074,False,False,False,True
LEC,Ferrari,17,0 days 00:01:51.715000,0 days 00:00:31.744000,0 days 00:00:50.293000,0 days 00:00:29.678000,Hard,7,2,,,1,True,0 days 01:09:14.521000,111.715,31.744,50.293,29.678,4154.521,4159.025,19.1,52.7,962.3,False,31.9,210,0.5,False,True,False,FORMULA 1 ROLEX BELGIAN GRAND PRIX 2020,Spa-Francorchamps,Belgium,,,Permanent,,,0.28415163585910574,0.45019021617508836,0.26565814796580584,3,False,Belgian Grand Prix,belgian_grand_prix,2020,2020-08-30,111.64280000000001,10,Mid,3.875,False,False,False,True
GRO,Haas F1 Team,17,0 days 00:01:52.230000,0 days 00:00:31.407000,0 days 00:00:51.010000,0 days 00:00:29.813000,Hard,7,2,,,1,True,0 days 01:09:15.423000,112.23,31.407,51.01,29.813,4155.423,4159.025,19.1,52.7,962.3,False,31.9,210,0.5,False,True,False,FORMULA 1 ROLEX BELGIAN GRAND PRIX 2020,Spa-Francorchamps,Belgium,,,Permanent,,,0.27984496124031005,0.45451305355074395,0.2656419852089459,3,False,Belgian Grand Prix,belgian_grand_prix,2020,2020-08-30,112.2027741935484,31,Closing,2.2120000000000033,False,False,False,True
MAG,Haas F1 Team,17,0 days 00:01:52.261000,0 days 00:00:31.704000,0 days 00:00:50.673000,0 days 00:00:29.884000,Hard,7,2,,,1,True,0 days 01:09:16.263000,112.261,31.704,50.673,29.884,4156.263,4159.025,19.1,52.7,962.3,False,31.9,210,0.5,False,True,False,FORMULA 1 ROLEX BELGIAN GRAND PRIX 2020,Spa-Francorchamps,Belgium,,,Permanent,,,0.2824133047095608,0.45138561031881064,0.26620108497162864,3,False,Belgian Grand Prix,belgian_grand_prix,2020,2020-08-30,114.45065217391303,23,Mid,4.177999999999997,False,False,False,True
LAT,Williams,17,0 days 00:01:52.471000,0 days 00:00:31.461000,0 days 00:00:51.098000,0 days 00:00:29.912000,Hard,7,2,,,1,True,0 days 01:09:17.110000,112.471,31.461,51.098,29.912,4157.11,4159.025,19.1,52.7,962.3,False,31.9,210,0.5,False,True,False,FORMULA 1 ROLEX BELGIAN GRAND PRIX 2020,Spa-Francorchamps,Belgium,,,Permanent,,,0.279725440335731,0.4543215584461772,0.26595300121809173,3,False,Belgian Grand Prix,belgian_grand_prix,2020,2020-08-30,115.44411111111111,18,Mid,4.423000000000002,False,False,False,True
HAM,Mercedes,18,0 days 00:01:48.470000,0 days 00:00:31.678000,0 days 00:00:47.306000,0 days 00:00:29.486000,Hard,7,2,,,1,True,0 days 01:10:44.811000,108.47,31.678,47.306,29.486,4244.811,4219.03,19.3,52.2,962.3,False,32.1,339,1.2,False,True,False,FORMULA 1 ROLEX BELGIAN GRAND PRIX 2020,Spa-Francorchamps,Belgium,,,Permanent,,,0.29204388310131835,0.4361205863372361,0.27183553056144555,3,False,Belgian Grand Prix,belgian_grand_prix,2020,2020-08-30,108.6334,30,Closing,0.7120000000000033,False,False,False,True
BOT,Mercedes,18,0 days 00:01:49.142000,0 days 00:00:31.742000,0 days 00:00:47.779000,0 days 00:00:29.621000,Hard,7,2,,,1,True,0 days 01:10:46.902000,109.142,31.742,47.779,29.621,4246.902,4219.03,19.3,52.2,962.3,False,32.1,339,1.2,False,True,False,FORMULA 1 ROLEX BELGIAN GRAND PRIX 2020,Spa-Francorchamps,Belgium,,,Permanent,,,0.2908321269538766,0.4377691447838596,0.27139872826226386,3,False,Belgian Grand Prix,belgian_grand_prix,2020,2020-08-30,108.892,30,Closing,1.1589999999999918,False,False,False,True
VER,Red Bull Racing,18,0 days 00:01:48.603000,0 days 00:00:31.431000,0 days 00:00:47.876000,0 days 00:00:29.296000,Hard,7,2,,,1,True,0 days 01:10:48.286000,108.603,31.431,47.876,29.296,4248.286,4219.03,19.3,52.2,962.3,False,32.1,339,1.2,False,True,False,FORMULA 1 ROLEX BELGIAN GRAND PRIX 2020,Spa-Francorchamps,Belgium,,,Permanent,,,0.2894118946990415,0.44083496772649006,0.2697531375744685,3,False,Belgian Grand Prix,belgian_grand_prix,2020,2020-08-30,109.1101,30,Closing,0.2979999999999876,False,False,False,True
GAS,AlphaTauri,18,0 days 00:01:50.295000,0 days 00:00:31.539000,0 days 00:00:49.102000,0 days 00:00:29.654000,Hard,18,1,,,1,True,0 days 01:10:55.818000,110.295,31.539,49.102,29.654,4255.818,4279.015,19.3,51.7,962.3,False,32.0,176,1.2,False,True,False,FORMULA 1 ROLEX BELGIAN GRAND PRIX 2020,Spa-Francorchamps,Belgium,,,Permanent,,,0.2859513123895009,0.4451879051634253,0.26886078244707373,3,False,Belgian Grand Prix,belgian_grand_prix,2020,2020-08-30,111.54104761904762,21,Opening,2.456000000000003,False,False,False,True
RIC,Renault,18,0 days 00:01:49.590000,0 days 00:00:31.398000,0 days 00:00:48.766000,0 days 00:00:29.426000,Hard,7,2,,,1,True,0 days 01:10:56.724000,109.59,31.398,48.766,29.426,4256.724,4279.015,19.3,51.7,962.3,False,32.0,176,1.2,False,True,False,FORMULA 1 ROLEX BELGIAN GRAND PRIX 2020,Spa-Francorchamps,Belgium,,,Permanent,,,0.286504243087873,0.4449858563737567,0.26850990053837026,3,False,Belgian Grand Prix,belgian_grand_prix,2020,2020-08-30,109.17863333333334,30,Closing,2.1069999999999993,False,False,False,True
ALB,Red Bull Racing,18,0 days 00:01:49.565000,0 days 00:00:31.432000,0 days 00:00:48.648000,0 days 00:00:29.485000,Medium,7,2,,,1,True,0 days 01:10:58.672000,109.565,31.432,48.648,29.485,4258.672,4279.015,19.3,51.7,962.3,False,32.0,176,1.2,False,True,False,FORMULA 1 ROLEX BELGIAN GRAND PRIX 2020,Spa-Francorchamps,Belgium,,,Permanent,,,0.2868799342855839,0.4440104047825492,0.26910966093186695,3,False,Belgian Grand Prix,belgian_grand_prix,2020,2020-08-30,109.96076666666666,30,Closing,0.8289999999999935,False,False,False,True
OCO,Renault,18,0 days 00:01:51.093000,0 days 00:00:30.956000,0 days 00:00:50.534000,0 days 00:00:29.603000,Hard,7,2,,,1,True,0 days 01:11:01.474000,111.093,30.956,50.534,29.603,4261.474,4279.015,19.3,51.7,962.3,False,32.0,176,1.2,False,True,False,FORMULA 1 ROLEX BELGIAN GRAND PRIX 2020,Spa-Francorchamps,Belgium,,,Permanent,,,0.2786494198554364,0.4548801454637106,0.26647043468085296,3,False,Belgian Grand Prix,belgian_grand_prix,2020,2020-08-30,109.88136666666666,30,Closing,2.5529999999999973,False,False,False,True
STR,Racing Point,18,0 days 00:01:51.253000,0 days 00:00:31.063000,0 days 00:00:50.560000,0 days 00:00:29.630000,Hard,7,2,,,1,True,0 days 01:11:02.431000,111.253,31.063,50.56,29.63,4262.431,4279.015,19.3,51.7,962.3,False,32.0,176,1.2,False,True,False,FORMULA 1 ROLEX BELGIAN GRAND PRIX 2020,Spa-Francorchamps,Belgium,,,Permanent,,,0.2792104482575751,0.4544596550205388,0.2663298967218861,3,False,Belgian Grand Prix,belgian_grand_prix,2020,2020-08-30,110.2591,30,Closing,2.1170000000000044,False,False,False,True
NOR,McLaren,18,0 days 00:01:51.341000,0 days 00:00:30.781000,0 days 00:00:51.032000,0 days 00:00:29.528000,Hard,7,2,,,1,True,0 days 01:11:03.195000,111.341,30.781,51.032,29.528,4263.195,4279.015,19.3,51.7,962.3,False,32.0,176,1.2,False,True,False,FORMULA 1 ROLEX BELGIAN GRAND PRIX 2020,Spa-Francorchamps,Belgium,,,Permanent,,,0.2764570104453885,0.45833969517069184,0.26520329438391965,3,False,Belgian Grand Prix,belgian_grand_prix,2020,2020-08-30,109.95163333333333,30,Closing,2.7889999999999873,False,False,False,True
KVY,AlphaTauri,18,0 days 00:01:51.256000,0 days 00:00:30.913000,0 days 00:00:50.839000,0 days 00:00:29.504000,Hard,7,2,,,1,True,0 days 01:11:04.022000,111.256,30.913,50.839,29.504,4264.022,4279.015,19.3,51.7,962.3,False,32.0,176,1.2,False,True,False,FORMULA 1 ROLEX BELGIAN GRAND PRIX 2020,Spa-Francorchamps,Belgium,,,Permanent,,,0.27785467750053927,0.4569551305098152,0.2651901919896455,3,False,Belgian Grand Prix,belgian_grand_prix,2020,2020-08-30,110.81186666666666,30,Closing,1.4240000000000066,False,False,False,True
RAI,Alfa Romeo Racing,18,0 days 00:01:51.554000,0 days 00:00:31.356000,0 days 00:00:50.462000,0 days 00:00:29.736000,Hard,8,2,,,1,True,0 days 01:11:04.929000,111.554,31.356,50.462,29.736,4264.929,4279.015,19.3,51.7,962.3,False,32.0,176,1.2,False,True,False,FORMULA 1 ROLEX BELGIAN GRAND PRIX 2020,Spa-Francorchamps,Belgium,,,Permanent,,,0.2810836007673414,0.45235491331552435,0.2665614859171343,3,False,Belgian Grand Prix,belgian_grand_prix,2020,2020-08-30,110.82376666666667,30,Closing,1.7319999999999993,False,False,False,True
PER,Racing Point,18,0 days 00:01:55.861000,0 days 00:00:31.238000,0 days 00:00:50.495000,0 days 00:00:34.128000,Soft,21,1,0 days 01:11:01.769000,,1,False,0 days 01:11:05.346000,115.861,31.238,50.495,34.128,4265.346,4279.015,19.3,51.7,962.3,False,32.0,176,1.2,False,True,False,FORMULA 1 ROLEX BELGIAN GRAND PRIX 2020,Spa-Francorchamps,Belgium,,,Permanent,18.0,,0.2696161780064042,0.43582396147107305,0.29455986052252264,1,False,Belgian Grand Prix,belgian_grand_prix,2020,2020-08-30,112.434,13,Opening,7.472000000000008,False,False,False,True
VET,Ferrari,18,0 days 00:01:51.560000,0 days 00:00:31.211000,0 days 00:00:50.506000,0 days 00:00:29.843000,Hard,7,2,,,1,True,0 days 01:11:05.496000,111.56,31.211,50.506,29.843,4265.496,4279.015,19.3,51.7,962.3,False,32.0,176,1.2,False,True,False,FORMULA 1 ROLEX BELGIAN GRAND PRIX 2020,Spa-Francorchamps,Belgium,,,Permanent,,,0.27976873431337396,0.45272499103621366,0.2675062746504123,3,False,Belgian Grand Prix,belgian_grand_prix,2020,2020-08-30,110.88573333333333,30,Closing,1.6020000000000039,False,False,False,True
LEC,Ferrari,18,0 days 00:01:51.545000,0 days 00:00:31.314000,0 days 00:00:50.390000,0 days 00:00:29.841000,Hard,8,2,,,1,True,0 days 01:11:06.066000,111.545,31.314,50.39,29.841,4266.066,4279.015,19.3,51.7,962.3,False,32.0,176,1.2,False,True,False,FORMULA 1 ROLEX BELGIAN GRAND PRIX 2020,Spa-Francorchamps,Belgium,,,Permanent,,,0.28072975032498093,0.4517459321350128,0.2675243175400063,3,False,Belgian Grand Prix,belgian_grand_prix,2020,2020-08-30,111.64280000000001,10,Mid,3.7049999999999983,False,False,False,True
GRO,Haas F1 Team,18,0 days 00:01:51.487000,0 days 00:00:31.155000,0 days 00:00:50.405000,0 days 00:00:29.927000,Hard,8,2,,,1,True,0 days 01:11:06.910000,111.487,31.155,50.405,29.927,4266.91,4279.015,19.3,51.7,962.3,False,32.0,176,1.2,False,True,False,FORMULA 1 ROLEX BELGIAN GRAND PRIX 2020,Spa-Francorchamps,Belgium,,,Permanent,,,0.2794496219290142,0.45211549328621276,0.2684348847847731,3,False,Belgian Grand Prix,belgian_grand_prix,2020,2020-08-30,112.2027741935484,31,Closing,1.468999999999994,False,False,False,True
MAG,Haas F1 Team,18,0 days 00:01:51.576000,0 days 00:00:31.653000,0 days 00:00:49.993000,0 days 00:00:29.930000,Hard,8,2,,,1,True,0 days 01:11:07.839000,111.576,31.653,49.993,29.93,4267.839,4279.015,19.3,51.7,962.3,False,32.0,176,1.2,False,True,False,FORMULA 1 ROLEX BELGIAN GRAND PRIX 2020,Spa-Francorchamps,Belgium,,,Permanent,,,0.28369004086900407,0.44806230730623076,0.2682476518247652,3,False,Belgian Grand Prix,belgian_grand_prix,2020,2020-08-30,114.45065217391303,23,Mid,3.492999999999995,False,False,False,True
LAT,Williams,18,0 days 00:01:51.592000,0 days 00:00:31.061000,0 days 00:00:50.584000,0 days 00:00:29.947000,Hard,8,2,,,1,True,0 days 01:11:08.702000,111.592,31.061,50.584,29.947,4268.702,4279.015,19.3,51.7,962.3,False,32.0,176,1.2,False,True,False,FORMULA 1 ROLEX BELGIAN GRAND PRIX 2020,Spa-Francorchamps,Belgium,,,Permanent,,,0.27834432575811885,0.4532941429493154,0.2683615312925658,3,False,Belgian Grand Prix,belgian_grand_prix,2020,2020-08-30,115.44411111111111,18,Mid,3.543999999999997,False,False,False,True
HAM,Mercedes,19,0 days 00:01:48.325000,0 days 00:00:31.687000,0 days 00:00:47.139000,0 days 00:00:29.499000,Hard,8,2,,,1,True,0 days 01:12:33.136000,108.325,31.687,47.139,29.499,4353.136,4339.037,19.6,50.5,962.3,False,31.8,308,0.9,False,True,False,FORMULA 1 ROLEX BELGIAN GRAND PRIX 2020,Spa-Francorchamps,Belgium,,,Permanent,,,0.2925178859912301,0.435162704823448,0.27231940918532194,3,False,Belgian Grand Prix,belgian_grand_prix,2020,2020-08-30,108.6334,30,Closing,0.5670000000000073,False,False,False,True
BOT,Mercedes,19,0 days 00:01:48.752000,0 days 00:00:31.691000,0 days 00:00:47.565000,0 days 00:00:29.496000,Hard,8,2,,,1,True,0 days 01:12:35.654000,108.752,31.691,47.565,29.496,4355.654,4339.037,19.6,50.5,962.3,False,31.8,308,0.9,False,True,False,FORMULA 1 ROLEX BELGIAN GRAND PRIX 2020,Spa-Francorchamps,Belgium,,,Permanent,,,0.2914061350595851,0.4373712667353244,0.2712225982050905,3,False,Belgian Grand Prix,belgian_grand_prix,2020,2020-08-30,108.892,30,Closing,0.7689999999999912,False,False,False,True
VER,Red Bull Racing,19,0 days 00:01:48.704000,0 days 00:00:31.390000,0 days 00:00:48.060000,0 days 00:00:29.254000,Hard,8,2,,,1,True,0 days 01:12:36.990000,108.704,31.39,48.06,29.254,4356.99,4339.037,19.6,50.5,962.3,False,31.8,308,0.9,False,True,False,FORMULA 1 ROLEX BELGIAN GRAND PRIX 2020,Spa-Francorchamps,Belgium,,,Permanent,,,0.28876582278481017,0.4421180453341184,0.2691161318810716,3,False,Belgian Grand Prix,belgian_grand_prix,2020,2020-08-30,109.1101,30,Closing,0.3989999999999867,False,False,False,True
GAS,AlphaTauri,19,0 days 00:01:50.780000,0 days 00:00:31.635000,0 days 00:00:49.499000,0 days 00:00:29.646000,Hard,19,1,,,1,True,0 days 01:12:46.598000,110.78,31.635,49.499,29.646,4366.598,4339.037,19.6,50.5,962.3,False,31.8,308,0.9,False,True,False,FORMULA 1 ROLEX BELGIAN GRAND PRIX 2020,Spa-Francorchamps,Belgium,,,Permanent,,,0.2855659866401878,0.44682253114280557,0.2676114822170067,3,False,Belgian Grand Prix,belgian_grand_prix,2020,2020-08-30,111.54104761904762,21,Opening,2.9410000000000025,False,False,False,True
RIC,Renault,19,0 days 00:01:50.531000,0 days 00:00:30.850000,0 days 00:00:50.158000,0 days 00:00:29.523000,Hard,8,2,,,1,True,0 days 01:12:47.255000,110.531,30.85,50.158,29.523,4367.255,4339.037,19.6,50.5,962.3,False,31.8,308,0.9,False,True,False,FORMULA 1 ROLEX BELGIAN GRAND PRIX 2020,Spa-Francorchamps,Belgium,,,Permanent,,,0.27910721878929895,0.4537912440853697,0.26710153712533136,3,False,Belgian Grand Prix,belgian_grand_prix,2020,2020-08-30,109.17863333333334,30,Closing,3.048000000000002,False,False,False,True
ALB,Red Bull Racing,19,0 days 00:01:49.742000,0 days 00:00:31.495000,0 days 00:00:48.722000,0 days 00:00:29.525000,Medium,8,2,,,1,True,0 days 01:12:48.414000,109.742,31.495,48.722,29.525,4368.414,4339.037,19.6,50.5,962.3,False,31.8,308,0.9,False,True,False,FORMULA 1 ROLEX BELGIAN GRAND PRIX 2020,Spa-Francorchamps,Belgium,,,Permanent,,,0.28699130688341745,0.44396858085327406,0.2690401122633085,3,False,Belgian Grand Prix,belgian_grand_prix,2020,2020-08-30,109.96076666666666,30,Closing,1.0060000000000002,False,False,False,True
OCO,Renault,19,0 days 00:01:49.607000,0 days 00:00:31.306000,0 days 00:00:48.749000,0 days 00:00:29.552000,Hard,8,2,,,1,True,0 days 01:12:51.081000,109.607,31.306,48.749,29.552,4371.081,4399.03,19.3,51.5,962.3,False,31.8,346,1.4,False,True,False,FORMULA 1 ROLEX BELGIAN GRAND PRIX 2020,Spa-Francorchamps,Belgium,,,Permanent,,,0.2856204439497477,0.4447617396699116,0.26961781638034066,3,False,Belgian Grand Prix,belgian_grand_prix,2020,2020-08-30,109.88136666666666,30,Closing,1.066999999999993,False,False,False,True
STR,Racing Point,19,0 days 00:01:50.002000,0 days 00:00:30.943000,0 days 00:00:49.497000,0 days 00:00:29.562000,Hard,8,2,,,1,True,0 days 01:12:52.433000,110.002,30.943,49.497,29.562,4372.433,4399.03,19.3,51.5,962.3,False,31.8,346,1.4,False,True,False,FORMULA 1 ROLEX BELGIAN GRAND PRIX 2020,Spa-Francorchamps,Belgium,,,Permanent,,,0.2812948855475355,0.44996454609916187,0.2687405683533027,3,False,Belgian Grand Prix,belgian_grand_prix,2020,2020-08-30,110.2591,30,Closing,0.8659999999999997,False,False,False,True
NOR,McLaren,19,0 days 00:01:50.466000,0 days 00:00:31.041000,0 days 00:00:49.925000,0 days 00:00:29.500000,Hard,8,2,,,1,True,0 days 01:12:53.661000,110.466,31.041,49.925,29.5,4373.661,4399.03,19.3,51.5,962.3,False,31.8,346,1.4,False,True,False,FORMULA 1 ROLEX BELGIAN GRAND PRIX 2020,Spa-Francorchamps,Belgium,,,Permanent,,,0.28100048883819456,0.45194901598681947,0.26705049517498597,3,False,Belgian Grand Prix,belgian_grand_prix,2020,2020-08-30,109.95163333333333,30,Closing,1.9139999999999873,False,False,False,True
KVY,AlphaTauri,19,0 days 00:01:50.687000,0 days 00:00:30.833000,0 days 00:00:50.414000,0 days 00:00:29.440000,Hard,8,2,,,1,True,0 days 01:12:54.709000,110.687,30.833,50.414,29.44,4374.709,4399.03,19.3,51.5,962.3,False,31.8,346,1.4,False,True,False,FORMULA 1 ROLEX BELGIAN GRAND PRIX 2020,Spa-Francorchamps,Belgium,,,Permanent,,,0.2785602645297099,0.4554645080271396,0.2659752274431505,3,False,Belgian Grand Prix,belgian_grand_prix,2020,2020-08-30,110.81186666666666,30,Closing,0.855000000000004,False,False,False,True
RAI,Alfa Romeo Racing,19,0 days 00:01:50.662000,0 days 00:00:31.315000,0 days 00:00:49.820000,0 days 00:00:29.527000,Hard,9,2,,,1,True,0 days 01:12:55.591000,110.662,31.315,49.82,29.527,4375.591,4399.03,19.3,51.5,962.3,False,31.8,346,1.4,False,True,False,FORMULA 1 ROLEX BELGIAN GRAND PRIX 2020,Spa-Francorchamps,Belgium,,,Permanent,,,0.2829788003108565,0.4501997072165694,0.26682149247257414,3,False,Belgian Grand Prix,belgian_grand_prix,2020,2020-08-30,110.82376666666667,30,Closing,0.8400000000000034,False,False,False,True
VET,Ferrari,19,0 days 00:01:51.010000,0 days 00:00:31.316000,0 days 00:00:50.059000,0 days 00:00:29.635000,Hard,8,2,,,1,True,0 days 01:12:56.506000,111.01,31.316,50.059,29.635,4376.506,4399.03,19.3,51.5,962.3,False,31.8,346,1.4,False,True,False,FORMULA 1 ROLEX BELGIAN GRAND PRIX 2020,Spa-Francorchamps,Belgium,,,Permanent,,,0.2821007116475993,0.4509413566345374,0.26695793171786325,3,False,Belgian Grand Prix,belgian_grand_prix,2020,2020-08-30,110.88573333333333,30,Closing,1.0520000000000067,False,False,False,True
LEC,Ferrari,19,0 days 00:01:51.290000,0 days 00:00:30.825000,0 days 00:00:50.844000,0 days 00:00:29.621000,Hard,9,2,,,1,True,0 days 01:12:57.356000,111.29,30.825,50.844,29.621,4377.356,4399.03,19.3,51.5,962.3,False,31.8,346,1.4,False,True,False,FORMULA 1 ROLEX BELGIAN GRAND PRIX 2020,Spa-Francorchamps,Belgium,,,Permanent,,,0.27697906370743103,0.45686045466798453,0.2661604816245844,3,False,Belgian Grand Prix,belgian_grand_prix,2020,2020-08-30,111.64280000000001,10,Mid,3.450000000000003,False,False,False,True
GRO,Haas F1 Team,19,0 days 00:01:51.261000,0 days 00:00:31.297000,0 days 00:00:50.286000,0 days 00:00:29.678000,Hard,9,2,,,1,True,0 days 01:12:58.171000,111.261,31.297,50.286,29.678,4378.171,4399.03,19.3,51.5,962.3,False,31.8,346,1.4,False,True,False,FORMULA 1 ROLEX BELGIAN GRAND PRIX 2020,Spa-Francorchamps,Belgium,,,Permanent,,,0.28129353502125637,0.4519643001590854,0.2667421648196583,3,False,Belgian Grand Prix,belgian_grand_prix,2020,2020-08-30,112.2027741935484,31,Closing,1.242999999999995,False,False,False,True
MAG,Haas F1 Team,19,0 days 00:01:51.389000,0 days 00:00:31.643000,0 days 00:00:49.813000,0 days 00:00:29.933000,Hard,9,2,,,1,True,0 days 01:12:59.228000,111.389,31.643,49.813,29.933,4379.228,4399.03,19.3,51.5,962.3,False,31.8,346,1.4,False,True,False,FORMULA 1 ROLEX BELGIAN GRAND PRIX 2020,Spa-Francorchamps,Belgium,,,Permanent,,,0.28407652461194555,0.44719855641041756,0.26872491897763695,3,False,Belgian Grand Prix,belgian_grand_prix,2020,2020-08-30,114.45065217391303,23,Mid,3.3059999999999974,False,False,False,True
LAT,Williams,19,0 days 00:01:51.417000,0 days 00:00:31.456000,0 days 00:00:50.043000,0 days 00:00:29.918000,Hard,9,2,,,1,True,0 days 01:13:00.119000,111.417,31.456,50.043,29.918,4380.119,4399.03,19.3,51.5,962.3,False,31.8,346,1.4,False,True,False,FORMULA 1 ROLEX BELGIAN GRAND PRIX 2020,Spa-Francorchamps,Belgium,,,Permanent,,,0.2823267544450129,0.44915048870459623,0.26852275685039084,3,False,Belgian Grand Prix,belgian_grand_prix,2020,2020-08-30,115.44411111111111,18,Mid,3.3689999999999998,False,False,False,True
PER,Racing Point,19,0 days 00:02:02.109000,0 days 00:00:46.060000,0 days 00:00:46.952000,0 days 00:00:29.097000,Hard,1,2,,0 days 01:11:25.175000,1,False,0 days 01:13:07.455000,122.109,46.06,46.952,29.097,4387.455,4399.03,19.3,51.5,962.3,False,31.8,346,1.4,False,True,False,FORMULA 1 ROLEX BELGIAN GRAND PRIX 2020,Spa-Francorchamps,Belgium,,,Permanent,,,0.3772039734990869,0.3845089223562555,0.23828710414465767,3,False,Belgian Grand Prix,belgian_grand_prix,2020,2020-08-30,109.94061538461538,26,Closing,13.719999999999999,False,False,False,True
HAM,Mercedes,20,0 days 00:01:48.506000,0 days 00:00:31.709000,0 days 00:00:47.430000,0 days 00:00:29.367000,Hard,9,2,,,1,True,0 days 01:14:21.642000,108.506,31.709,47.43,29.367,4461.642,4459.041,19.1,52.9,962.4,False,31.3,298,2.2,False,True,False,FORMULA 1 ROLEX BELGIAN GRAND PRIX 2020,Spa-Francorchamps,Belgium,,,Permanent,,,0.29223268759331283,0.43711868468103143,0.27064862772565573,3,False,Belgian Grand Prix,belgian_grand_prix,2020,2020-08-30,108.6334,30,Closing,0.7480000000000047,False,False,False,True
BOT,Mercedes,20,0 days 00:01:48.731000,0 days 00:00:31.702000,0 days 00:00:47.549000,0 days 00:00:29.480000,Hard,9,2,,,1,True,0 days 01:14:24.385000,108.731,31.702,47.549,29.48,4464.385,4459.041,19.1,52.9,962.4,False,31.3,298,2.2,False,True,False,FORMULA 1 ROLEX BELGIAN GRAND PRIX 2020,Spa-Francorchamps,Belgium,,,Permanent,,,0.29156358352263845,0.43730858724742716,0.27112782922993445,3,False,Belgian Grand Prix,belgian_grand_prix,2020,2020-08-30,108.892,30,Closing,0.7479999999999905,False,False,False,True
VER,Red Bull Racing,20,0 days 00:01:48.720000,0 days 00:00:31.401000,0 days 00:00:48.042000,0 days 00:00:29.277000,Hard,9,2,,,1,True,0 days 01:14:25.710000,108.72,31.401,48.042,29.277,4465.71,4459.041,19.1,52.9,962.4,False,31.3,298,2.2,False,True,False,FORMULA 1 ROLEX BELGIAN GRAND PRIX 2020,Spa-Francorchamps,Belgium,,,Permanent,,,0.28882450331125825,0.4418874172185431,0.26928807947019867,3,False,Belgian Grand Prix,belgian_grand_prix,2020,2020-08-30,109.1101,30,Closing,0.41499999999999204,False,False,False,True
GAS,AlphaTauri,20,0 days 00:01:50.575000,0 days 00:00:31.573000,0 days 00:00:49.372000,0 days 00:00:29.630000,Hard,20,1,,,1,True,0 days 01:14:37.173000,110.575,31.573,49.372,29.63,4477.173,4459.041,19.1,52.9,962.4,False,31.3,298,2.2,False,True,False,FORMULA 1 ROLEX BELGIAN GRAND PRIX 2020,Spa-Francorchamps,Belgium,,,Permanent,,,0.28553470495139044,0.4465023739543296,0.2679629210942799,3,False,Belgian Grand Prix,belgian_grand_prix,2020,2020-08-30,111.54104761904762,21,Opening,2.736000000000004,False,False,False,True
RIC,Renault,20,0 days 00:01:50.407000,0 days 00:00:31.219000,0 days 00:00:49.819000,0 days 00:00:29.369000,Hard,9,2,,,1,True,0 days 01:14:37.662000,110.407,31.219,49.819,29.369,4477.662,4459.041,19.1,52.9,962.4,False,31.3,298,2.2,False,True,False,FORMULA 1 ROLEX BELGIAN GRAND PRIX 2020,Spa-Francorchamps,Belgium,,,Permanent,,,0.28276286829639424,0.4512304473448242,0.2660066843587816,3,False,Belgian Grand Prix,belgian_grand_prix,2020,2020-08-30,109.17863333333334,30,Closing,2.9239999999999924,False,False,False,True
ALB,Red Bull Racing,20,0 days 00:01:50.213000,0 days 00:00:31.491000,0 days 00:00:49.295000,0 days 00:00:29.427000,Medium,9,2,,,1,True,0 days 01:14:38.627000,110.213,31.491,49.295,29.427,4478.627,4459.041,19.1,52.9,962.4,False,31.3,298,2.2,False,True,False,FORMULA 1 ROLEX BELGIAN GRAND PRIX 2020,Spa-Francorchamps,Belgium,,,Permanent,,,0.2857285438196946,0.44727028571947053,0.26700117046083494,3,False,Belgian Grand Prix,belgian_grand_prix,2020,2020-08-30,109.96076666666666,30,Closing,1.4769999999999897,False,False,False,True
OCO,Renault,20,0 days 00:01:49.776000,0 days 00:00:31.403000,0 days 00:00:48.848000,0 days 00:00:29.525000,Hard,9,2,,,1,True,0 days 01:14:40.857000,109.776,31.403,48.848,29.525,4480.857,4459.041,19.1,52.9,962.4,False,31.3,298,2.2,False,True,False,FORMULA 1 ROLEX BELGIAN GRAND PRIX 2020,Spa-Francorchamps,Belgium,,,Permanent,,,0.2860643492202303,0.44497886605451104,0.2689567847252587,3,False,Belgian Grand Prix,belgian_grand_prix,2020,2020-08-30,109.88136666666666,30,Closing,1.23599999999999,False,False,False,True
STR,Racing Point,20,0 days 00:01:50.005000,0 days 00:00:31.407000,0 days 00:00:49.083000,0 days 00:00:29.515000,Hard,9,2,,,1,True,0 days 01:14:42.438000,110.005,31.407,49.083,29.515,4482.438,4459.041,19.1,52.9,962.4,False,31.3,298,2.2,False,True,False,FORMULA 1 ROLEX BELGIAN GRAND PRIX 2020,Spa-Francorchamps,Belgium,,,Permanent,,,0.2855052043088951,0.44618880959956364,0.2683059860915413,3,False,Belgian Grand Prix,belgian_grand_prix,2020,2020-08-30,110.2591,30,Closing,0.8689999999999998,False,False,False,True
NOR,McLaren,20,0 days 00:01:50.433000,0 days 00:00:31.463000,0 days 00:00:49.374000,0 days 00:00:29.596000,Hard,9,2,,,1,True,0 days 01:14:44.094000,110.433,31.463,49.374,29.596,4484.094,4459.041,19.1,52.9,962.4,False,31.3,298,2.2,False,True,False,FORMULA 1 ROLEX BELGIAN GRAND PRIX 2020,Spa-Francorchamps,Belgium,,,Permanent,,,0.28490577997518857,0.44709461845643966,0.26799960156837177,3,False,Belgian Grand Prix,belgian_grand_prix,2020,2020-08-30,109.95163333333333,30,Closing,1.8810000000000002,False,False,False,True
KVY,AlphaTauri,20,0 days 00:01:50.649000,0 days 00:00:31.070000,0 days 00:00:50.034000,0 days 00:00:29.545000,Hard,9,2,,,1,True,0 days 01:14:45.358000,110.649,31.07,50.034,29.545,4485.358,4459.041,19.1,52.9,962.4,False,31.3,298,2.2,False,True,False,FORMULA 1 ROLEX BELGIAN GRAND PRIX 2020,Spa-Francorchamps,Belgium,,,Permanent,,,0.2807978382091117,0.45218664425345007,0.26701551753743824,3,False,Belgian Grand Prix,belgian_grand_prix,2020,2020-08-30,110.81186666666666,30,Closing,0.8170000000000073,False,False,False,True
RAI,Alfa Romeo Racing,20,0 days 00:01:50.501000,0 days 00:00:31.282000,0 days 00:00:49.717000,0 days 00:00:29.502000,Hard,10,2,,,1,True,0 days 01:14:46.092000,110.501,31.282,49.717,29.502,4486.092,4459.041,19.1,52.9,962.4,False,31.3,298,2.2,False,True,False,FORMULA 1 ROLEX BELGIAN GRAND PRIX 2020,Spa-Francorchamps,Belgium,,,Permanent,,,0.2830924607017131,0.44992353010379993,0.2669840091944869,3,False,Belgian Grand Prix,belgian_grand_prix,2020,2020-08-30,110.82376666666667,30,Closing,0.679000000000002,False,False,False,True
VET,Ferrari,20,0 days 00:01:50.551000,0 days 00:00:31.548000,0 days 00:00:49.412000,0 days 00:00:29.591000,Hard,9,2,,,1,True,0 days 01:14:47.057000,110.551,31.548,49.412,29.591,4487.057,4459.041,19.1,52.9,962.4,False,31.3,298,2.2,False,True,False,FORMULA 1 ROLEX BELGIAN GRAND PRIX 2020,Spa-Francorchamps,Belgium,,,Permanent,,,0.2853705529574585,0.44696113106168195,0.2676683159808595,3,False,Belgian Grand Prix,belgian_grand_prix,2020,2020-08-30,110.88573333333333,30,Closing,0.5930000000000035,False,False,False,True
LEC,Ferrari,20,0 days 00:01:50.753000,0 days 00:00:31.500000,0 days 00:00:49.751000,0 days 00:00:29.502000,Hard,10,2,,,1,True,0 days 01:14:48.109000,110.753,31.5,49.751,29.502,4488.109,4459.041,19.1,52.9,962.4,False,31.3,298,2.2,False,True,False,FORMULA 1 ROLEX BELGIAN GRAND PRIX 2020,Spa-Francorchamps,Belgium,,,Permanent,,,0.2844166749433424,0.44920679349543574,0.2663765315612218,3,False,Belgian Grand Prix,belgian_grand_prix,2020,2020-08-30,111.64280000000001,10,Mid,2.9129999999999967,False,False,False,True
GRO,Haas F1 Team,20,0 days 00:01:51.093000,0 days 00:00:31.291000,0 days 00:00:50.040000,0 days 00:00:29.762000,Hard,10,2,,,1,True,0 days 01:14:49.264000,111.093,31.291,50.04,29.762,4489.264,4519.026,18.9,54.3,962.4,False,30.3,281,1.8,False,True,False,FORMULA 1 ROLEX BELGIAN GRAND PRIX 2020,Spa-Francorchamps,Belgium,,,Permanent,,,0.28166491138055505,0.45043342064756553,0.2679016679718794,3,False,Belgian Grand Prix,belgian_grand_prix,2020,2020-08-30,112.2027741935484,31,Closing,1.0750000000000028,False,False,False,True
MAG,Haas F1 Team,20,0 days 00:01:51.275000,0 days 00:00:31.837000,0 days 00:00:49.580000,0 days 00:00:29.858000,Hard,10,2,,,1,True,0 days 01:14:50.503000,111.275,31.837,49.58,29.858,4490.503,4519.026,18.9,54.3,962.4,False,30.3,281,1.8,False,True,False,FORMULA 1 ROLEX BELGIAN GRAND PRIX 2020,Spa-Francorchamps,Belgium,,,Permanent,,,0.28611098629521453,0.44556279487755557,0.26832621882722985,3,False,Belgian Grand Prix,belgian_grand_prix,2020,2020-08-30,114.45065217391303,23,Mid,3.1920000000000073,False,False,False,True
LAT,Williams,20,0 days 00:01:51.622000,0 days 00:00:31.726000,0 days 00:00:49.946000,0 days 00:00:29.950000,Hard,10,2,,,1,True,0 days 01:14:51.741000,111.622,31.726,49.946,29.95,4491.741,4519.026,18.9,54.3,962.4,False,30.3,281,1.8,False,True,False,FORMULA 1 ROLEX BELGIAN GRAND PRIX 2020,Spa-Francorchamps,Belgium,,,Permanent,,,0.284227123685295,0.44745659457812975,0.26831628173657524,3,False,Belgian Grand Prix,belgian_grand_prix,2020,2020-08-30,115.44411111111111,18,Mid,3.573999999999998,False,False,False,True
PER,Racing Point,20,0 days 00:01:48.389000,0 days 00:00:31.426000,0 days 00:00:47.604000,0 days 00:00:29.359000,Hard,2,2,,,1,True,0 days 01:14:55.844000,108.389,31.426,47.604,29.359,4495.844,4519.026,18.9,54.3,962.4,False,30.3,281,1.8,False,True,False,FORMULA 1 ROLEX BELGIAN GRAND PRIX 2020,Spa-Francorchamps,Belgium,,,Permanent,,,0.2899371707461089,0.439195859358422,0.2708669698954691,3,False,Belgian Grand Prix,belgian_grand_prix,2020,2020-08-30,109.94061538461538,26,Closing,0.0,False,False,False,True
HAM,Mercedes,21,0 days 00:01:48.592000,0 days 00:00:31.778000,0 days 00:00:47.367000,0 days 00:00:29.447000,Hard,10,2,,,1,True,0 days 01:16:10.234000,108.592,31.778,47.367,29.447,4570.234,4579.046,18.8,54.9,962.4,False,30.0,315,1.2,False,True,False,FORMULA 1 ROLEX BELGIAN GRAND PRIX 2020,Spa-Francorchamps,Belgium,,,Permanent,,,0.29263665831737146,0.4361923530278473,0.2711709886547812,3,False,Belgian Grand Prix,belgian_grand_prix,2020,2020-08-30,108.6334,30,Closing,0.8340000000000032,False,False,False,True
BOT,Mercedes,21,0 days 00:01:48.850000,0 days 00:00:31.670000,0 days 00:00:47.623000,0 days 00:00:29.557000,Hard,10,2,,,1,True,0 days 01:16:13.235000,108.85,31.67,47.623,29.557,4573.235,4579.046,18.8,54.9,962.4,False,30.0,315,1.2,False,True,False,FORMULA 1 ROLEX BELGIAN GRAND PRIX 2020,Spa-Francorchamps,Belgium,,,Permanent,,,0.29095084979329355,0.43751033532384015,0.27153881488286635,3,False,Belgian Grand Prix,belgian_grand_prix,2020,2020-08-30,108.892,30,Closing,0.8669999999999902,False,False,False,True
VER,Red Bull Racing,21,0 days 00:01:48.905000,0 days 00:00:31.378000,0 days 00:00:48.228000,0 days 00:00:29.299000,Hard,10,2,,,1,True,0 days 01:16:14.615000,108.905,31.378,48.228,29.299,4574.615,4579.046,18.8,54.9,962.4,False,30.0,315,1.2,False,True,False,FORMULA 1 ROLEX BELGIAN GRAND PRIX 2020,Spa-Francorchamps,Belgium,,,Permanent,,,0.28812267572655065,0.44284468114411646,0.2690326431293329,3,False,Belgian Grand Prix,belgian_grand_prix,2020,2020-08-30,109.1101,30,Closing,0.5999999999999943,False,False,False,True
RIC,Renault,21,0 days 00:01:49.485000,0 days 00:00:30.918000,0 days 00:00:48.893000,0 days 00:00:29.674000,Hard,10,2,,,1,True,0 days 01:16:27.147000,109.485,30.918,48.893,29.674,4587.147,4579.046,18.8,54.9,962.4,False,30.0,315,1.2,False,True,False,FORMULA 1 ROLEX BELGIAN GRAND PRIX 2020,Spa-Francorchamps,Belgium,,,Permanent,,,0.28239484860939856,0.4465725898524912,0.27103256153811023,3,False,Belgian Grand Prix,belgian_grand_prix,2020,2020-08-30,109.17863333333334,30,Closing,2.0019999999999953,False,False,False,True
GAS,AlphaTauri,21,0 days 00:01:51.698000,0 days 00:00:31.553000,0 days 00:00:50.596000,0 days 00:00:29.549000,Hard,21,1,,,1,True,0 days 01:16:28.871000,111.698,31.553,50.596,29.549,4588.871,4579.046,18.8,54.9,962.4,False,30.0,315,1.2,False,True,False,FORMULA 1 ROLEX BELGIAN GRAND PRIX 2020,Spa-Francorchamps,Belgium,,,Permanent,,,0.2824849146806568,0.4529714050385862,0.26454368028075703,3,False,Belgian Grand Prix,belgian_grand_prix,2020,2020-08-30,111.54104761904762,21,Opening,3.8589999999999947,False,False,False,True
ALB,Red Bull Racing,21,0 days 00:01:51.196000,0 days 00:00:31.486000,0 days 00:00:50.081000,0 days 00:00:29.629000,Medium,10,2,,,1,True,0 days 01:16:29.823000,111.196,31.486,50.081,29.629,4589.823,4579.046,18.8,54.9,962.4,False,30.0,315,1.2,False,True,False,FORMULA 1 ROLEX BELGIAN GRAND PRIX 2020,Spa-Francorchamps,Belgium,,,Permanent,,,0.28315766754199795,0.4503849059318681,0.2664574265261341,3,False,Belgian Grand Prix,belgian_grand_prix,2020,2020-08-30,109.96076666666666,30,Closing,2.4599999999999937,False,False,False,True
OCO,Renault,21,0 days 00:01:50.034000,0 days 00:00:31.207000,0 days 00:00:49.249000,0 days 00:00:29.578000,Hard,10,2,,,1,True,0 days 01:16:30.891000,110.034,31.207,49.249,29.578,4590.891,4579.046,18.8,54.9,962.4,False,30.0,315,1.2,False,True,False,FORMULA 1 ROLEX BELGIAN GRAND PRIX 2020,Spa-Francorchamps,Belgium,,,Permanent,,,0.28361233800461677,0.44757983895886727,0.26880782303651596,3,False,Belgian Grand Prix,belgian_grand_prix,2020,2020-08-30,109.88136666666666,30,Closing,1.4939999999999998,False,False,False,True
STR,Racing Point,21,0 days 00:01:50.262000,0 days 00:00:31.455000,0 days 00:00:49.067000,0 days 00:00:29.740000,Hard,10,2,,,1,True,0 days 01:16:32.700000,110.262,31.455,49.067,29.74,4592.7,4579.046,18.8,54.9,962.4,False,30.0,315,1.2,False,True,False,FORMULA 1 ROLEX BELGIAN GRAND PRIX 2020,Spa-Francorchamps,Belgium,,,Permanent,,,0.2852750721009958,0.4450037184161361,0.26972120948286804,3,False,Belgian Grand Prix,belgian_grand_prix,2020,2020-08-30,110.2591,30,Closing,1.1260000000000048,False,False,False,True
NOR,McLaren,21,0 days 00:01:50.589000,0 days 00:00:31.453000,0 days 00:00:49.414000,0 days 00:00:29.722000,Hard,10,2,,,1,True,0 days 01:16:34.683000,110.589,31.453,49.414,29.722,4594.683,4579.046,18.8,54.9,962.4,False,30.0,315,1.2,False,True,False,FORMULA 1 ROLEX BELGIAN GRAND PRIX 2020,Spa-Francorchamps,Belgium,,,Permanent,,,0.28441345884310376,0.44682563365253325,0.268760907504363,3,False,Belgian Grand Prix,belgian_grand_prix,2020,2020-08-30,109.95163333333333,30,Closing,2.036999999999992,False,False,False,True
KVY,AlphaTauri,21,0 days 00:01:50.587000,0 days 00:00:31.245000,0 days 00:00:49.750000,0 days 00:00:29.592000,Hard,10,2,,,1,True,0 days 01:16:35.945000,110.587,31.245,49.75,29.592,4595.945,4579.046,18.8,54.9,962.4,False,30.0,315,1.2,False,True,False,FORMULA 1 ROLEX BELGIAN GRAND PRIX 2020,Spa-Francorchamps,Belgium,,,Permanent,,,0.2825377304746489,0.44987204644307194,0.2675902230822791,3,False,Belgian Grand Prix,belgian_grand_prix,2020,2020-08-30,110.81186666666666,30,Closing,0.7550000000000097,False,False,False,True
RAI,Alfa Romeo Racing,21,0 days 00:01:50.637000,0 days 00:00:31.301000,0 days 00:00:49.721000,0 days 00:00:29.615000,Hard,11,2,,,1,True,0 days 01:16:36.729000,110.637,31.301,49.721,29.615,4596.729,4579.046,18.8,54.9,962.4,False,30.0,315,1.2,False,True,False,FORMULA 1 ROLEX BELGIAN GRAND PRIX 2020,Spa-Francorchamps,Belgium,,,Permanent,,,0.2829162034400788,0.44940661803917314,0.267677178520748,3,False,Belgian Grand Prix,belgian_grand_prix,2020,2020-08-30,110.82376666666667,30,Closing,0.8149999999999977,False,False,False,True
VET,Ferrari,21,0 days 00:01:50.793000,0 days 00:00:31.549000,0 days 00:00:49.540000,0 days 00:00:29.704000,Hard,10,2,,,1,True,0 days 01:16:37.850000,110.793,31.549,49.54,29.704,4597.85,4579.046,18.8,54.9,962.4,False,30.0,315,1.2,False,True,False,FORMULA 1 ROLEX BELGIAN GRAND PRIX 2020,Spa-Francorchamps,Belgium,,,Permanent,,,0.2847562571642613,0.44714016228462083,0.2681035805511178,3,False,Belgian Grand Prix,belgian_grand_prix,2020,2020-08-30,110.88573333333333,30,Closing,0.835000000000008,False,False,False,True
LEC,Ferrari,21,0 days 00:01:50.616000,0 days 00:00:31.536000,0 days 00:00:49.546000,0 days 00:00:29.534000,Hard,11,2,,,1,True,0 days 01:16:38.725000,110.616,31.536,49.546,29.534,4598.725,4579.046,18.8,54.9,962.4,False,30.0,315,1.2,False,True,False,FORMULA 1 ROLEX BELGIAN GRAND PRIX 2020,Spa-Francorchamps,Belgium,,,Permanent,,,0.2850943805597744,0.4479098864540392,0.26699573298618645,3,False,Belgian Grand Prix,belgian_grand_prix,2020,2020-08-30,111.64280000000001,10,Mid,2.7759999999999962,False,False,False,True
GRO,Haas F1 Team,21,0 days 00:01:50.952000,0 days 00:00:31.652000,0 days 00:00:49.487000,0 days 00:00:29.813000,Hard,11,2,,,1,True,0 days 01:16:40.216000,110.952,31.652,49.487,29.813,4600.216,4579.046,18.8,54.9,962.4,False,30.0,315,1.2,False,True,False,FORMULA 1 ROLEX BELGIAN GRAND PRIX 2020,Spa-Francorchamps,Belgium,,,Permanent,,,0.2852765159708703,0.4460217030788089,0.2687017809503209,3,False,Belgian Grand Prix,belgian_grand_prix,2020,2020-08-30,112.2027741935484,31,Closing,0.9339999999999975,False,False,False,True
MAG,Haas F1 Team,21,0 days 00:01:51.443000,0 days 00:00:31.884000,0 days 00:00:49.645000,0 days 00:00:29.914000,Hard,11,2,,,1,True,0 days 01:16:41.946000,111.443,31.884,49.645,29.914,4601.946,4579.046,18.8,54.9,962.4,False,30.0,315,1.2,False,True,False,FORMULA 1 ROLEX BELGIAN GRAND PRIX 2020,Spa-Francorchamps,Belgium,,,Permanent,,,0.28610141507317643,0.44547436806259705,0.2684242168642266,3,False,Belgian Grand Prix,belgian_grand_prix,2020,2020-08-30,114.45065217391303,23,Mid,3.3599999999999994,False,False,False,True
LAT,Williams,21,0 days 00:01:51.540000,0 days 00:00:31.968000,0 days 00:00:49.646000,0 days 00:00:29.926000,Hard,11,2,,,1,True,0 days 01:16:43.281000,111.54,31.968,49.646,29.926,4603.281,4579.046,18.8,54.9,962.4,False,30.0,315,1.2,False,True,False,FORMULA 1 ROLEX BELGIAN GRAND PRIX 2020,Spa-Francorchamps,Belgium,,,Permanent,,,0.2866057019903174,0.4450959297113143,0.2682983682983683,3,False,Belgian Grand Prix,belgian_grand_prix,2020,2020-08-30,115.44411111111111,18,Mid,3.4920000000000044,False,False,False,True
PER,Racing Point,21,0 days 00:01:48.855000,0 days 00:00:31.263000,0 days 00:00:48.108000,0 days 00:00:29.484000,Hard,3,2,,,1,True,0 days 01:16:44.699000,108.855,31.263,48.108,29.484,4604.699,4579.046,18.8,54.9,962.4,False,30.0,315,1.2,False,True,False,FORMULA 1 ROLEX BELGIAN GRAND PRIX 2020,Spa-Francorchamps,Belgium,,,Permanent,,,0.28719856690092327,0.4419457075926691,0.27085572550640763,3,False,Belgian Grand Prix,belgian_grand_prix,2020,2020-08-30,109.94061538461538,26,Closing,0.4660000000000082,False,False,False,True
HAM,Mercedes,22,0 days 00:01:48.779000,0 days 00:00:31.720000,0 days 00:00:47.605000,0 days 00:00:29.454000,Hard,11,2,,,1,True,0 days 01:17:59.013000,108.779,31.72,47.605,29.454,4679.013,4699.057,18.8,54.5,962.4,False,29.6,324,1.7,False,True,False,FORMULA 1 ROLEX BELGIAN GRAND PRIX 2020,Spa-Francorchamps,Belgium,,,Permanent,,,0.29160040081265687,0.43763042499011756,0.27076917419722557,3,False,Belgian Grand Prix,belgian_grand_prix,2020,2020-08-30,108.6334,30,Closing,1.0210000000000008,False,False,False,True
BOT,Mercedes,22,0 days 00:01:48.719000,0 days 00:00:31.674000,0 days 00:00:47.469000,0 days 00:00:29.576000,Hard,11,2,,,1,True,0 days 01:18:01.954000,108.719,31.674,47.469,29.576,4681.954,4699.057,18.8,54.5,962.4,False,29.6,324,1.7,False,True,False,FORMULA 1 ROLEX BELGIAN GRAND PRIX 2020,Spa-Francorchamps,Belgium,,,Permanent,,,0.29133822055022585,0.43662101380623447,0.2720407656435398,3,False,Belgian Grand Prix,belgian_grand_prix,2020,2020-08-30,108.892,30,Closing,0.73599999999999,False,False,False,True
VER,Red Bull Racing,22,0 days 00:01:48.810000,0 days 00:00:31.467000,0 days 00:00:48.074000,0 days 00:00:29.269000,Hard,11,2,,,1,True,0 days 01:18:03.425000,108.81,31.467,48.074,29.269,4683.425,4699.057,18.8,54.5,962.4,False,29.6,324,1.7,False,True,False,FORMULA 1 ROLEX BELGIAN GRAND PRIX 2020,Spa-Francorchamps,Belgium,,,Permanent,,,0.2891921698373311,0.44181600955794503,0.2689918206047238,3,False,Belgian Grand Prix,belgian_grand_prix,2020,2020-08-30,109.1101,30,Closing,0.5049999999999955,False,False,False,True
RIC,Renault,22,0 days 00:01:49.549000,0 days 00:00:31.667000,0 days 00:00:48.400000,0 days 00:00:29.482000,Hard,11,2,,,1,True,0 days 01:18:16.696000,109.549,31.667,48.4,29.482,4696.696,4699.057,18.8,54.5,962.4,False,29.6,324,1.7,False,True,False,FORMULA 1 ROLEX BELGIAN GRAND PRIX 2020,Spa-Francorchamps,Belgium,,,Permanent,,,0.28906699285251347,0.4418114268500853,0.26912158029740113,3,False,Belgian Grand Prix,belgian_grand_prix,2020,2020-08-30,109.17863333333334,30,Closing,2.0660000000000025,False,False,False,True
GAS,AlphaTauri,22,0 days 00:01:50.405000,0 days 00:00:31.424000,0 days 00:00:49.362000,0 days 00:00:29.619000,Hard,22,1,,,1,True,0 days 01:18:19.276000,110.405,31.424,49.362,29.619,4699.276,4699.057,18.8,54.5,962.4,False,29.6,324,1.7,False,True,False,FORMULA 1 ROLEX BELGIAN GRAND PRIX 2020,Spa-Francorchamps,Belgium,,,Permanent,,,0.2846247905439065,0.4470993161541597,0.2682758933019338,3,False,Belgian Grand Prix,belgian_grand_prix,2020,2020-08-30,111.54104761904762,21,Opening,2.5660000000000025,False,False,False,True
ALB,Red Bull Racing,22,0 days 00:01:50.221000,0 days 00:00:31.191000,0 days 00:00:49.475000,0 days 00:00:29.555000,Medium,11,2,,,1,True,0 days 01:18:20.044000,110.221,31.191,49.475,29.555,4700.044,4699.057,18.8,54.5,962.4,False,29.6,324,1.7,False,True,False,FORMULA 1 ROLEX BELGIAN GRAND PRIX 2020,Spa-Francorchamps,Belgium,,,Permanent,,,0.28298600085283204,0.448870904818501,0.26814309432866695,3,False,Belgian Grand Prix,belgian_grand_prix,2020,2020-08-30,109.96076666666666,30,Closing,1.4849999999999994,False,False,False,True
OCO,Renault,22,0 days 00:01:50.231000,0 days 00:00:30.892000,0 days 00:00:49.700000,0 days 00:00:29.639000,Hard,11,2,,,1,True,0 days 01:18:21.122000,110.231,30.892,49.7,29.639,4701.122,4699.057,18.8,54.5,962.4,False,29.6,324,1.7,False,True,False,FORMULA 1 ROLEX BELGIAN GRAND PRIX 2020,Spa-Francorchamps,Belgium,,,Permanent,,,0.28024784316571566,0.4508713519790259,0.2688808048552585,3,False,Belgian Grand Prix,belgian_grand_prix,2020,2020-08-30,109.88136666666666,30,Closing,1.6909999999999883,False,False,False,True
STR,Racing Point,22,0 days 00:01:50.217000,0 days 00:00:31.453000,0 days 00:00:49.070000,0 days 00:00:29.694000,Hard,11,2,,,1,True,0 days 01:18:22.917000,110.217,31.453,49.07,29.694,4702.917,4699.057,18.8,54.5,962.4,False,29.6,324,1.7,False,True,False,FORMULA 1 ROLEX BELGIAN GRAND PRIX 2020,Spa-Francorchamps,Belgium,,,Permanent,,,0.2853733997477703,0.4452126260014335,0.26941397425079616,3,False,Belgian Grand Prix,belgian_grand_prix,2020,2020-08-30,110.2591,30,Closing,1.081000000000003,False,False,False,True
NOR,McLaren,22,0 days 00:01:50.323000,0 days 00:00:31.506000,0 days 00:00:49.256000,0 days 00:00:29.561000,Hard,11,2,,,1,True,0 days 01:18:25.006000,110.323,31.506,49.256,29.561,4705.006,4699.057,18.8,54.5,962.4,False,29.6,324,1.7,False,True,False,FORMULA 1 ROLEX BELGIAN GRAND PRIX 2020,Spa-Francorchamps,Belgium,,,Permanent,,,0.2855796162178331,0.44647081750858847,0.2679495662735785,3,False,Belgian Grand Prix,belgian_grand_prix,2020,2020-08-30,109.95163333333333,30,Closing,1.7709999999999866,False,False,False,True
KVY,AlphaTauri,22,0 days 00:01:50.240000,0 days 00:00:31.223000,0 days 00:00:49.593000,0 days 00:00:29.424000,Hard,11,2,,,1,True,0 days 01:18:26.185000,110.24,31.223,49.593,29.424,4706.185,4699.057,18.8,54.5,962.4,False,29.6,324,1.7,False,True,False,FORMULA 1 ROLEX BELGIAN GRAND PRIX 2020,Spa-Francorchamps,Belgium,,,Permanent,,,0.283227503628447,0.4498639332365748,0.26690856313497824,3,False,Belgian Grand Prix,belgian_grand_prix,2020,2020-08-30,110.81186666666666,30,Closing,0.40800000000000125,False,False,False,True
RAI,Alfa Romeo Racing,22,0 days 00:01:50.476000,0 days 00:00:31.532000,0 days 00:00:49.317000,0 days 00:00:29.627000,Hard,12,2,,,1,True,0 days 01:18:27.205000,110.476,31.532,49.317,29.627,4707.205,4699.057,18.8,54.5,962.4,False,29.6,324,1.7,False,True,False,FORMULA 1 ROLEX BELGIAN GRAND PRIX 2020,Spa-Francorchamps,Belgium,,,Permanent,,,0.2854194576197545,0.4464046489735327,0.2681758934067128,3,False,Belgian Grand Prix,belgian_grand_prix,2020,2020-08-30,110.82376666666667,30,Closing,0.6539999999999964,False,False,False,True
VET,Ferrari,22,0 days 00:01:50.524000,0 days 00:00:31.644000,0 days 00:00:49.256000,0 days 00:00:29.624000,Hard,11,2,,,1,True,0 days 01:18:28.374000,110.524,31.644,49.256,29.624,4708.374,4699.057,18.8,54.5,962.4,False,29.6,324,1.7,False,True,False,FORMULA 1 ROLEX BELGIAN GRAND PRIX 2020,Spa-Francorchamps,Belgium,,,Permanent,,,0.286308855995078,0.44565886142376315,0.26803228258115885,3,False,Belgian Grand Prix,belgian_grand_prix,2020,2020-08-30,110.88573333333333,30,Closing,0.5660000000000025,False,False,False,True
LEC,Ferrari,22,0 days 00:01:50.653000,0 days 00:00:31.516000,0 days 00:00:49.480000,0 days 00:00:29.657000,Hard,12,2,,,1,True,0 days 01:18:29.378000,110.653,31.516,49.48,29.657,4709.378,4699.057,18.8,54.5,962.4,False,29.6,324,1.7,False,True,False,FORMULA 1 ROLEX BELGIAN GRAND PRIX 2020,Spa-Francorchamps,Belgium,,,Permanent,,,0.2848183058751231,0.4471636557526682,0.2680180383722086,3,False,Belgian Grand Prix,belgian_grand_prix,2020,2020-08-30,111.64280000000001,10,Mid,2.8130000000000024,False,False,False,True
GRO,Haas F1 Team,22,0 days 00:01:50.606000,0 days 00:00:31.570000,0 days 00:00:49.271000,0 days 00:00:29.765000,Hard,12,2,,,1,True,0 days 01:18:30.822000,110.606,31.57,49.271,29.765,4710.822,4699.057,18.8,54.5,962.4,False,29.6,324,1.7,False,True,False,FORMULA 1 ROLEX BELGIAN GRAND PRIX 2020,Spa-Francorchamps,Belgium,,,Permanent,,,0.2854275536589335,0.44546407970634505,0.2691083666347215,3,False,Belgian Grand Prix,belgian_grand_prix,2020,2020-08-30,112.2027741935484,31,Closing,0.5879999999999939,False,False,False,True
MAG,Haas F1 Team,22,0 days 00:01:51.003000,0 days 00:00:31.910000,0 days 00:00:49.121000,0 days 00:00:29.972000,Hard,12,2,,,1,True,0 days 01:18:32.949000,111.003,31.91,49.121,29.972,4712.949,4699.057,18.8,54.5,962.4,False,29.6,324,1.7,False,True,False,FORMULA 1 ROLEX BELGIAN GRAND PRIX 2020,Spa-Francorchamps,Belgium,,,Permanent,,,0.2874697080259092,0.44251957154311145,0.27001072043097935,3,False,Belgian Grand Prix,belgian_grand_prix,2020,2020-08-30,114.45065217391303,23,Mid,2.9200000000000017,False,False,False,True
LAT,Williams,22,0 days 00:01:51.044000,0 days 00:00:31.867000,0 days 00:00:49.305000,0 days 00:00:29.872000,Hard,12,2,,,1,True,0 days 01:18:34.325000,111.044,31.867,49.305,29.872,4714.325,4699.057,18.8,54.5,962.4,False,29.6,324,1.7,False,True,False,FORMULA 1 ROLEX BELGIAN GRAND PRIX 2020,Spa-Francorchamps,Belgium,,,Permanent,,,0.2869763337055582,0.44401318396311373,0.2690104823313281,3,False,Belgian Grand Prix,belgian_grand_prix,2020,2020-08-30,115.44411111111111,18,Mid,2.995999999999995,False,False,False,True
PER,Racing Point,22,0 days 00:01:50.225000,0 days 00:00:31.221000,0 days 00:00:49.501000,0 days 00:00:29.503000,Hard,4,2,,,1,True,0 days 01:18:34.924000,110.225,31.221,49.501,29.503,4714.924,4699.057,18.8,54.5,962.4,False,29.6,324,1.7,False,True,False,FORMULA 1 ROLEX BELGIAN GRAND PRIX 2020,Spa-Francorchamps,Belgium,,,Permanent,,,0.28324790201859834,0.4490904967112724,0.2676616012701293,3,False,Belgian Grand Prix,belgian_grand_prix,2020,2020-08-30,109.94061538461538,26,Closing,1.8359999999999985,False,False,False,True
HAM,Mercedes,23,0 days 00:01:48.549000,0 days 00:00:31.718000,0 days 00:00:47.343000,0 days 00:00:29.488000,Hard,12,2,,,1,True,0 days 01:19:47.562000,108.549,31.718,47.343,29.488,4787.562,4759.055,18.7,54.6,962.4,False,29.5,331,1.8,False,True,False,FORMULA 1 ROLEX BELGIAN GRAND PRIX 2020,Spa-Francorchamps,Belgium,,,Permanent,,,0.2921998360187565,0.436144045546251,0.2716561184349925,3,False,Belgian Grand Prix,belgian_grand_prix,2020,2020-08-30,108.6334,30,Closing,0.791000000000011,False,False,False,True
BOT,Mercedes,23,0 days 00:01:48.538000,0 days 00:00:31.664000,0 days 00:00:47.399000,0 days 00:00:29.475000,Hard,12,2,,,1,True,0 days 01:19:50.492000,108.538,31.664,47.399,29.475,4790.492,4819.026,18.4,55.2,962.5,False,29.2,357,2.8,False,True,False,FORMULA 1 ROLEX BELGIAN GRAND PRIX 2020,Spa-Francorchamps,Belgium,,,Permanent,,,0.29173192798835434,0.43670419576553837,0.2715638762461074,3,False,Belgian Grand Prix,belgian_grand_prix,2020,2020-08-30,108.892,30,Closing,0.5549999999999926,False,False,False,True
VER,Red Bull Racing,23,0 days 00:01:48.591000,0 days 00:00:31.454000,0 days 00:00:47.895000,0 days 00:00:29.242000,Hard,12,2,,,1,True,0 days 01:19:52.016000,108.591,31.454,47.895,29.242,4792.016,4819.026,18.4,55.2,962.5,False,29.2,357,2.8,False,True,False,FORMULA 1 ROLEX BELGIAN GRAND PRIX 2020,Spa-Francorchamps,Belgium,,,Permanent,,,0.289655680489175,0.44105865126944227,0.26928566824138284,3,False,Belgian Grand Prix,belgian_grand_prix,2020,2020-08-30,109.1101,30,Closing,0.28599999999998715,False,False,False,True
RIC,Renault,23,0 days 00:01:49.481000,0 days 00:00:31.650000,0 days 00:00:48.326000,0 days 00:00:29.505000,Hard,12,2,,,1,True,0 days 01:20:06.177000,109.481,31.65,48.326,29.505,4806.177,4819.026,18.4,55.2,962.5,False,29.2,357,2.8,False,True,False,FORMULA 1 ROLEX BELGIAN GRAND PRIX 2020,Spa-Francorchamps,Belgium,,,Permanent,,,0.2890912578438268,0.44140992500981907,0.26949881714635415,3,False,Belgian Grand Prix,belgian_grand_prix,2020,2020-08-30,109.17863333333334,30,Closing,1.9979999999999905,False,False,False,True
GAS,AlphaTauri,23,0 days 00:01:50.498000,0 days 00:00:31.515000,0 days 00:00:49.347000,0 days 00:00:29.636000,Hard,23,1,,,1,True,0 days 01:20:09.774000,110.498,31.515,49.347,29.636,4809.774,4819.026,18.4,55.2,962.5,False,29.2,357,2.8,False,True,False,FORMULA 1 ROLEX BELGIAN GRAND PRIX 2020,Spa-Francorchamps,Belgium,,,Permanent,,,0.2852087820594038,0.446587268547847,0.26820394939274916,3,False,Belgian Grand Prix,belgian_grand_prix,2020,2020-08-30,111.54104761904762,21,Opening,2.659000000000006,False,False,False,True
ALB,Red Bull Racing,23,0 days 00:01:50.320000,0 days 00:00:31.100000,0 days 00:00:49.785000,0 days 00:00:29.435000,Medium,12,2,,,1,True,0 days 01:20:10.364000,110.32,31.1,49.785,29.435,4810.364,4819.026,18.4,55.2,962.5,False,29.2,357,2.8,False,True,False,FORMULA 1 ROLEX BELGIAN GRAND PRIX 2020,Spa-Francorchamps,Belgium,,,Permanent,,,0.281907179115301,0.4512781000725163,0.26681472081218277,3,False,Belgian Grand Prix,belgian_grand_prix,2020,2020-08-30,109.96076666666666,30,Closing,1.583999999999989,False,False,False,True
OCO,Renault,23,0 days 00:01:50.323000,0 days 00:00:30.943000,0 days 00:00:49.908000,0 days 00:00:29.472000,Hard,12,2,,,1,True,0 days 01:20:11.445000,110.323,30.943,49.908,29.472,4811.445,4819.026,18.4,55.2,962.5,False,29.2,357,2.8,False,True,False,FORMULA 1 ROLEX BELGIAN GRAND PRIX 2020,Spa-Francorchamps,Belgium,,,Permanent,,,0.28047641924168126,0.4523807365644517,0.26714284419386713,3,False,Belgian Grand Prix,belgian_grand_prix,2020,2020-08-30,109.88136666666666,30,Closing,1.782999999999987,False,False,False,True
STR,Racing Point,23,0 days 00:01:50.319000,0 days 00:00:31.508000,0 days 00:00:49.269000,0 days 00:00:29.542000,Hard,12,2,,,1,True,0 days 01:20:13.236000,110.319,31.508,49.269,29.542,4813.236,4819.026,18.4,55.2,962.5,False,29.2,357,2.8,False,True,False,FORMULA 1 ROLEX BELGIAN GRAND PRIX 2020,Spa-Francorchamps,Belgium,,,Permanent,,,0.2856081001459404,0.44660484594675437,0.2677870539073052,3,False,Belgian Grand Prix,belgian_grand_prix,2020,2020-08-30,110.2591,30,Closing,1.183000000000007,False,False,False,True
NOR,McLaren,23,0 days 00:01:50.287000,0 days 00:00:31.495000,0 days 00:00:49.162000,0 days 00:00:29.630000,Hard,12,2,,,1,True,0 days 01:20:15.293000,110.287,31.495,49.162,29.63,4815.293,4819.026,18.4,55.2,962.5,False,29.2,357,2.8,False,True,False,FORMULA 1 ROLEX BELGIAN GRAND PRIX 2020,Spa-Francorchamps,Belgium,,,Permanent,,,0.2855730956504393,0.44576423331852344,0.2686626710310372,3,False,Belgian Grand Prix,belgian_grand_prix,2020,2020-08-30,109.95163333333333,30,Closing,1.7349999999999994,False,False,False,True
KVY,AlphaTauri,23,0 days 00:01:50.543000,0 days 00:00:31.366000,0 days 00:00:49.566000,0 days 00:00:29.611000,Hard,12,2,,,1,True,0 days 01:20:16.728000,110.543,31.366,49.566,29.611,4816.728,4819.026,18.4,55.2,962.5,False,29.2,357,2.8,False,True,False,FORMULA 1 ROLEX BELGIAN GRAND PRIX 2020,Spa-Francorchamps,Belgium,,,Permanent,,,0.283744787096424,0.4483866006893245,0.26786861221425146,3,False,Belgian Grand Prix,belgian_grand_prix,2020,2020-08-30,110.81186666666666,30,Closing,0.7110000000000127,False,False,False,True
RAI,Alfa Romeo Racing,23,0 days 00:01:50.215000,0 days 00:00:31.400000,0 days 00:00:49.303000,0 days 00:00:29.512000,Hard,13,2,,,1,True,0 days 01:20:17.420000,110.215,31.4,49.303,29.512,4817.42,4819.026,18.4,55.2,962.5,False,29.2,357,2.8,False,True,False,FORMULA 1 ROLEX BELGIAN GRAND PRIX 2020,Spa-Francorchamps,Belgium,,,Permanent,,,0.2848976999500975,0.44733475479744134,0.2677675452524611,3,False,Belgian Grand Prix,belgian_grand_prix,2020,2020-08-30,110.82376666666667,30,Closing,0.3930000000000007,False,False,False,True
VET,Ferrari,23,0 days 00:01:50.200000,0 days 00:00:31.611000,0 days 00:00:49.049000,0 days 00:00:29.540000,Hard,12,2,,,1,True,0 days 01:20:18.574000,110.2,31.611,49.049,29.54,4818.574,4819.026,18.4,55.2,962.5,False,29.2,357,2.8,False,True,False,FORMULA 1 ROLEX BELGIAN GRAND PRIX 2020,Spa-Francorchamps,Belgium,,,Permanent,,,0.28685117967332124,0.44509074410163335,0.26805807622504535,3,False,Belgian Grand Prix,belgian_grand_prix,2020,2020-08-30,110.88573333333333,30,Closing,0.24200000000000443,False,False,False,True
LEC,Ferrari,23,0 days 00:01:50.288000,0 days 00:00:31.595000,0 days 00:00:49.110000,0 days 00:00:29.583000,Hard,13,2,,,1,True,0 days 01:20:19.666000,110.288,31.595,49.11,29.583,4819.666,4819.026,18.4,55.2,962.5,False,29.2,357,2.8,False,True,False,FORMULA 1 ROLEX BELGIAN GRAND PRIX 2020,Spa-Francorchamps,Belgium,,,Permanent,,,0.28647722326998404,0.4452886986798201,0.26823407805019583,3,False,Belgian Grand Prix,belgian_grand_prix,2020,2020-08-30,111.64280000000001,10,Mid,2.4479999999999933,False,False,False,True
GRO,Haas F1 Team,23,0 days 00:01:50.466000,0 days 00:00:31.691000,0 days 00:00:49.092000,0 days 00:00:29.683000,Hard,13,2,,,1,True,0 days 01:20:21.288000,110.466,31.691,49.092,29.683,4821.288,4819.026,18.4,55.2,962.5,False,29.2,357,2.8,False,True,False,FORMULA 1 ROLEX BELGIAN GRAND PRIX 2020,Spa-Francorchamps,Belgium,,,Permanent,,,0.28688465229120275,0.44440823420781056,0.26870711350098675,3,False,Belgian Grand Prix,belgian_grand_prix,2020,2020-08-30,112.2027741935484,31,Closing,0.4479999999999933,False,False,False,True
MAG,Haas F1 Team,23,0 days 00:01:51.007000,0 days 00:00:31.956000,0 days 00:00:49.197000,0 days 00:00:29.854000,Hard,13,2,,,1,True,0 days 01:20:23.956000,111.007,31.956,49.197,29.854,4823.956,4819.026,18.4,55.2,962.5,False,29.2,357,2.8,False,True,False,FORMULA 1 ROLEX BELGIAN GRAND PRIX 2020,Spa-Francorchamps,Belgium,,,Permanent,,,0.2878737376922176,0.44318826740656,0.26893799490122244,3,False,Belgian Grand Prix,belgian_grand_prix,2020,2020-08-30,114.45065217391303,23,Mid,2.9240000000000066,False,False,False,True
PER,Racing Point,23,0 days 00:01:49.702000,0 days 00:00:31.155000,0 days 00:00:48.953000,0 days 00:00:29.594000,Hard,5,2,,,1,True,0 days 01:20:24.626000,109.702,31.155,48.953,29.594,4824.626,4819.026,18.4,55.2,962.5,False,29.2,357,2.8,False,True,False,FORMULA 1 ROLEX BELGIAN GRAND PRIX 2020,Spa-Francorchamps,Belgium,,,Permanent,,,0.2839966454576945,0.44623616707079183,0.26976718747151374,3,False,Belgian Grand Prix,belgian_grand_prix,2020,2020-08-30,109.94061538461538,26,Closing,1.3130000000000024,False,False,False,True
LAT,Williams,23,0 days 00:01:52.160000,0 days 00:00:31.941000,0 days 00:00:50.243000,0 days 00:00:29.976000,Hard,13,2,,,1,True,0 days 01:20:26.485000,112.16,31.941,50.243,29.976,4826.485,4819.026,18.4,55.2,962.5,False,29.2,357,2.8,False,True,False,FORMULA 1 ROLEX BELGIAN GRAND PRIX 2020,Spa-Francorchamps,Belgium,,,Permanent,,,0.28478067047075606,0.44795827389443654,0.2672610556348074,3,False,Belgian Grand Prix,belgian_grand_prix,2020,2020-08-30,115.44411111111111,18,Mid,4.111999999999995,False,False,False,True
HAM,Mercedes,24,0 days 00:01:48.123000,0 days 00:00:31.689000,0 days 00:00:46.974000,0 days 00:00:29.460000,Hard,13,2,,,1,True,0 days 01:21:35.685000,108.123,31.689,46.974,29.46,4895.685,4879.058,18.5,56.3,962.4,False,28.7,320,1.7,False,True,False,FORMULA 1 ROLEX BELGIAN GRAND PRIX 2020,Spa-Francorchamps,Belgium,,,Permanent,,,0.2930828778335784,0.4344496545600843,0.2724674676063372,3,False,Belgian Grand Prix,belgian_grand_prix,2020,2020-08-30,108.6334,30,Closing,0.3650000000000091,False,False,False,True
BOT,Mercedes,24,0 days 00:01:48.937000,0 days 00:00:31.776000,0 days 00:00:47.535000,0 days 00:00:29.626000,Hard,13,2,,,1,True,0 days 01:21:39.429000,108.937,31.776,47.535,29.626,4899.429,4879.058,18.5,56.3,962.4,False,28.7,320,1.7,False,True,False,FORMULA 1 ROLEX BELGIAN GRAND PRIX 2020,Spa-Francorchamps,Belgium,,,Permanent,,,0.29169152813093807,0.43635312152895706,0.2719553503401049,3,False,Belgian Grand Prix,belgian_grand_prix,2020,2020-08-30,108.892,30,Closing,0.9539999999999935,False,False,False,True
VER,Red Bull Racing,24,0 days 00:01:48.618000,0 days 00:00:31.383000,0 days 00:00:47.968000,0 days 00:00:29.267000,Hard,13,2,,,1,True,0 days 01:21:40.634000,108.618,31.383,47.968,29.267,4900.634,4879.058,18.5,56.3,962.4,False,28.7,320,1.7,False,True,False,FORMULA 1 ROLEX BELGIAN GRAND PRIX 2020,Spa-Francorchamps,Belgium,,,Permanent,,,0.28893001160028725,0.44162109410963196,0.26944889429008084,3,False,Belgian Grand Prix,belgian_grand_prix,2020,2020-08-30,109.1101,30,Closing,0.3129999999999882,False,False,False,True
RIC,Renault,24,0 days 00:01:49.568000,0 days 00:00:31.644000,0 days 00:00:48.356000,0 days 00:00:29.568000,Hard,13,2,,,1,True,0 days 01:21:55.745000,109.568,31.644,48.356,29.568,4915.745,4939.051,18.6,55.2,962.5,False,28.6,356,1.5,False,True,False,FORMULA 1 ROLEX BELGIAN GRAND PRIX 2020,Spa-Francorchamps,Belgium,,,Permanent,,,0.2888069509345794,0.4413332359813084,0.26985981308411217,3,False,Belgian Grand Prix,belgian_grand_prix,2020,2020-08-30,109.17863333333334,30,Closing,2.0849999999999937,False,False,False,True
ALB,Red Bull Racing,24,0 days 00:01:48.940000,0 days 00:00:30.896000,0 days 00:00:48.444000,0 days 00:00:29.600000,Medium,13,2,,,1,True,0 days 01:21:59.304000,108.94,30.896,48.444,29.6,4919.304,4939.051,18.6,55.2,962.5,False,28.6,356,1.5,False,True,False,FORMULA 1 ROLEX BELGIAN GRAND PRIX 2020,Spa-Francorchamps,Belgium,,,Permanent,,,0.2836056544887094,0.4446851477877731,0.27170919772351754,3,False,Belgian Grand Prix,belgian_grand_prix,2020,2020-08-30,109.96076666666666,30,Closing,0.20399999999999352,False,False,False,True
GAS,AlphaTauri,24,0 days 00:01:51.730000,0 days 00:00:31.552000,0 days 00:00:50.583000,0 days 00:00:29.595000,Hard,24,1,,,1,True,0 days 01:22:01.504000,111.73,31.552,50.583,29.595,4921.504,4939.051,18.6,55.2,962.5,False,28.6,356,1.5,False,True,False,FORMULA 1 ROLEX BELGIAN GRAND PRIX 2020,Spa-Francorchamps,Belgium,,,Permanent,,,0.28239505951848204,0.4527253199677794,0.2648796205137385,3,False,Belgian Grand Prix,belgian_grand_prix,2020,2020-08-30,111.54104761904762,21,Opening,3.8910000000000053,False,False,False,True
OCO,Renault,24,0 days 00:01:50.881000,0 days 00:00:31.164000,0 days 00:00:50.172000,0 days 00:00:29.545000,Hard,13,2,,,1,True,0 days 01:22:02.326000,110.881,31.164,50.172,29.545,4922.326,4939.051,18.6,55.2,962.5,False,28.6,356,1.5,False,True,False,FORMULA 1 ROLEX BELGIAN GRAND PRIX 2020,Spa-Francorchamps,Belgium,,,Permanent,,,0.28105807126559107,0.4524850966351313,0.2664568320992776,3,False,Belgian Grand Prix,belgian_grand_prix,2020,2020-08-30,109.88136666666666,30,Closing,2.340999999999994,False,False,False,True
STR,Racing Point,24,0 days 00:01:50.513000,0 days 00:00:31.487000,0 days 00:00:49.378000,0 days 00:00:29.648000,Hard,13,2,,,1,True,0 days 01:22:03.749000,110.513,31.487,49.378,29.648,4923.749,4939.051,18.6,55.2,962.5,False,28.6,356,1.5,False,True,False,FORMULA 1 ROLEX BELGIAN GRAND PRIX 2020,Spa-Francorchamps,Belgium,,,Permanent,,,0.28491670663179897,0.446807162958204,0.268276130409997,3,False,Belgian Grand Prix,belgian_grand_prix,2020,2020-08-30,110.2591,30,Closing,1.3770000000000095,False,False,False,True
NOR,McLaren,24,0 days 00:01:50.318000,0 days 00:00:31.504000,0 days 00:00:49.286000,0 days 00:00:29.528000,Hard,13,2,,,1,True,0 days 01:22:05.611000,110.318,31.504,49.286,29.528,4925.611,4939.051,18.6,55.2,962.5,False,28.6,356,1.5,False,True,False,FORMULA 1 ROLEX BELGIAN GRAND PRIX 2020,Spa-Francorchamps,Belgium,,,Permanent,,,0.28557443028336266,0.4467629942529778,0.26766257546365957,3,False,Belgian Grand Prix,belgian_grand_prix,2020,2020-08-30,109.95163333333333,30,Closing,1.7659999999999911,False,False,False,True
KVY,AlphaTauri,24,0 days 00:01:50.394000,0 days 00:00:31.278000,0 days 00:00:49.625000,0 days 00:00:29.491000,Hard,13,2,,,1,True,0 days 01:22:07.122000,110.394,31.278,49.625,29.491,4927.122,4939.051,18.6,55.2,962.5,False,28.6,356,1.5,False,True,False,FORMULA 1 ROLEX BELGIAN GRAND PRIX 2020,Spa-Francorchamps,Belgium,,,Permanent,,,0.2833306157943366,0.4495262423682446,0.26714314183741866,3,False,Belgian Grand Prix,belgian_grand_prix,2020,2020-08-30,110.81186666666666,30,Closing,0.5620000000000118,False,False,False,True
RAI,Alfa Romeo Racing,24,0 days 00:01:50.583000,0 days 00:00:31.321000,0 days 00:00:49.646000,0 days 00:00:29.616000,Hard,14,2,,,1,True,0 days 01:22:08.003000,110.583,31.321,49.646,29.616,4928.003,4939.051,18.6,55.2,962.5,False,28.6,356,1.5,False,True,False,FORMULA 1 ROLEX BELGIAN GRAND PRIX 2020,Spa-Francorchamps,Belgium,,,Permanent,,,0.2832352169863361,0.44894784912690017,0.2678169338867638,3,False,Belgian Grand Prix,belgian_grand_prix,2020,2020-08-30,110.82376666666667,30,Closing,0.7609999999999957,False,False,False,True
VET,Ferrari,24,0 days 00:01:50.463000,0 days 00:00:31.589000,0 days 00:00:49.257000,0 days 00:00:29.617000,Hard,13,2,,,1,True,0 days 01:22:09.037000,110.463,31.589,49.257,29.617,4929.037,4939.051,18.6,55.2,962.5,False,28.6,356,1.5,False,True,False,FORMULA 1 ROLEX BELGIAN GRAND PRIX 2020,Spa-Francorchamps,Belgium,,,Permanent,,,0.28596905751247026,0.4459140164579995,0.2681169260295303,3,False,Belgian Grand Prix,belgian_grand_prix,2020,2020-08-30,110.88573333333333,30,Closing,0.5049999999999955,False,False,False,True
GRO,Haas F1 Team,24,0 days 00:01:51.163000,0 days 00:00:31.684000,0 days 00:00:49.724000,0 days 00:00:29.755000,Hard,14,2,,,1,True,0 days 01:22:12.451000,111.163,31.684,49.724,29.755,4932.451,4939.051,18.6,55.2,962.5,False,28.6,356,1.5,False,True,False,FORMULA 1 ROLEX BELGIAN GRAND PRIX 2020,Spa-Francorchamps,Belgium,,,Permanent,,,0.28502289430835803,0.44730710758075976,0.2676699981108822,3,False,Belgian Grand Prix,belgian_grand_prix,2020,2020-08-30,112.2027741935484,31,Closing,1.144999999999996,False,False,False,True
PER,Racing Point,24,0 days 00:01:48.885000,0 days 00:00:31.074000,0 days 00:00:48.444000,0 days 00:00:29.367000,Hard,6,2,,,1,True,0 days 01:22:13.511000,108.885,31.074,48.444,29.367,4933.511,4939.051,18.6,55.2,962.5,False,28.6,356,1.5,False,True,False,FORMULA 1 ROLEX BELGIAN GRAND PRIX 2020,Spa-Francorchamps,Belgium,,,Permanent,,,0.28538366166138585,0.44490976718556274,0.26970657115305136,3,False,Belgian Grand Prix,belgian_grand_prix,2020,2020-08-30,109.94061538461538,26,Closing,0.4960000000000093,False,False,False,True
LEC,Ferrari,24,0 days 00:01:54.858000,0 days 00:00:31.623000,0 days 00:00:49.436000,0 days 00:00:33.799000,Hard,14,2,0 days 01:22:10.850000,,1,False,0 days 01:22:14.524000,114.858,31.623,49.436,33.799,4934.524,4939.051,18.6,55.2,962.5,False,28.6,356,1.5,False,True,False,FORMULA 1 ROLEX BELGIAN GRAND PRIX 2020,Spa-Francorchamps,Belgium,,,Permanent,24.0,,0.2753225722196103,0.4304097233105225,0.2942677044698671,1,False,Belgian Grand Prix,belgian_grand_prix,2020,2020-08-30,111.64280000000001,10,Mid,7.018000000000001,False,False,False,True
MAG,Haas F1 Team,24,0 days 00:01:51.552000,0 days 00:00:31.952000,0 days 00:00:49.879000,0 days 00:00:29.721000,Hard,14,2,,,1,True,0 days 01:22:15.508000,111.552,31.952,49.879,29.721,4935.508,4939.051,18.6,55.2,962.5,False,28.6,356,1.5,False,True,False,FORMULA 1 ROLEX BELGIAN GRAND PRIX 2020,Spa-Francorchamps,Belgium,,,Permanent,,,0.2864314400458979,0.4471367613310384,0.26643179862306365,3,False,Belgian Grand Prix,belgian_grand_prix,2020,2020-08-30,114.45065217391303,23,Mid,3.4690000000000083,False,False,False,True
LAT,Williams,24,0 days 00:01:50.908000,0 days 00:00:31.857000,0 days 00:00:49.279000,0 days 00:00:29.772000,Hard,14,2,,,1,True,0 days 01:22:17.393000,110.908,31.857,49.279,29.772,4937.393,4939.051,18.6,55.2,962.5,False,28.6,356,1.5,False,True,False,FORMULA 1 ROLEX BELGIAN GRAND PRIX 2020,Spa-Francorchamps,Belgium,,,Permanent,,,0.2872380711941429,0.4443232228513723,0.26843870595448477,3,False,Belgian Grand Prix,belgian_grand_prix,2020,2020-08-30,115.44411111111111,18,Mid,2.8599999999999994,False,False,False,True
HAM,Mercedes,25,0 days 00:01:48.319000,0 days 00:00:31.684000,0 days 00:00:47.127000,0 days 00:00:29.508000,Hard,14,2,,,1,True,0 days 01:23:24.004000,108.319,31.684,47.127,29.508,5004.004,4999.076,18.4,54.7,962.4,False,28.6,294,1.9,False,True,False,FORMULA 1 ROLEX BELGIAN GRAND PRIX 2020,Spa-Francorchamps,Belgium,,,Permanent,,,0.2925063931535557,0.4350760254433664,0.2724175814030779,3,False,Belgian Grand Prix,belgian_grand_prix,2020,2020-08-30,108.6334,30,Closing,0.561000000000007,False,False,False,True
BOT,Mercedes,25,0 days 00:01:48.407000,0 days 00:00:31.574000,0 days 00:00:47.417000,0 days 00:00:29.416000,Hard,14,2,,,1,True,0 days 01:23:27.836000,108.407,31.574,47.417,29.416,5007.836,4999.076,18.4,54.7,962.4,False,28.6,294,1.9,False,True,False,FORMULA 1 ROLEX BELGIAN GRAND PRIX 2020,Spa-Francorchamps,Belgium,,,Permanent,,,0.2912542547990444,0.4373979540066601,0.2713477911942956,3,False,Belgian Grand Prix,belgian_grand_prix,2020,2020-08-30,108.892,30,Closing,0.4239999999999924,False,False,False,True
VER,Red Bull Racing,25,0 days 00:01:48.694000,0 days 00:00:31.375000,0 days 00:00:48.046000,0 days 00:00:29.273000,Hard,14,2,,,1,True,0 days 01:23:29.328000,108.694,31.375,48.046,29.273,5009.328,4999.076,18.4,54.7,962.4,False,28.6,294,1.9,False,True,False,FORMULA 1 ROLEX BELGIAN GRAND PRIX 2020,Spa-Francorchamps,Belgium,,,Permanent,,,0.2886543875466907,0.44202991885476656,0.2693156935985427,3,False,Belgian Grand Prix,belgian_grand_prix,2020,2020-08-30,109.1101,30,Closing,0.3889999999999958,False,False,False,True
RIC,Renault,25,0 days 00:01:49.021000,0 days 00:00:31.541000,0 days 00:00:48.046000,0 days 00:00:29.434000,Hard,14,2,,,1,True,0 days 01:23:44.766000,109.021,31.541,48.046,29.434,5024.766,4999.076,18.4,54.7,962.4,False,28.6,294,1.9,False,True,False,FORMULA 1 ROLEX BELGIAN GRAND PRIX 2020,Spa-Francorchamps,Belgium,,,Permanent,,,0.28931123361554195,0.4407040845341723,0.26998468185028573,3,False,Belgian Grand Prix,belgian_grand_prix,2020,2020-08-30,109.17863333333334,30,Closing,1.5379999999999967,False,False,False,True
ALB,Red Bull Racing,25,0 days 00:01:49.182000,0 days 00:00:31.611000,0 days 00:00:47.920000,0 days 00:00:29.651000,Medium,14,2,,,1,True,0 days 01:23:48.486000,109.182,31.611,47.92,29.651,5028.486,4999.076,18.4,54.7,962.4,False,28.6,294,1.9,False,True,False,FORMULA 1 ROLEX BELGIAN GRAND PRIX 2020,Spa-Francorchamps,Belgium,,,Permanent,,,0.28952574600208825,0.4389001850121815,0.2715740689857302,3,False,Belgian Grand Prix,belgian_grand_prix,2020,2020-08-30,109.96076666666666,30,Closing,0.44599999999999795,False,False,False,True
GAS,AlphaTauri,25,0 days 00:01:50.768000,0 days 00:00:31.349000,0 days 00:00:49.671000,0 days 00:00:29.748000,Hard,25,1,,,1,True,0 days 01:23:52.272000,110.768,31.349,49.671,29.748,5032.272,5059.103,18.3,55.3,962.5,False,28.3,339,2.3,False,True,False,FORMULA 1 ROLEX BELGIAN GRAND PRIX 2020,Spa-Francorchamps,Belgium,,,Permanent,,,0.28301495016611294,0.4484237324859165,0.26856131734797056,3,False,Belgian Grand Prix,belgian_grand_prix,2020,2020-08-30,111.54104761904762,21,Opening,2.929000000000002,False,False,False,True
OCO,Renault,25,0 days 00:01:50.672000,0 days 00:00:30.765000,0 days 00:00:50.167000,0 days 00:00:29.740000,Hard,14,2,,,1,True,0 days 01:23:52.998000,110.672,30.765,50.167,29.74,5032.998,5059.103,18.3,55.3,962.5,False,28.3,339,2.3,False,True,False,FORMULA 1 ROLEX BELGIAN GRAND PRIX 2020,Spa-Francorchamps,Belgium,,,Permanent,,,0.27798359115223364,0.453294419546046,0.26872198930172037,3,False,Belgian Grand Prix,belgian_grand_prix,2020,2020-08-30,109.88136666666666,30,Closing,2.131999999999991,False,False,False,True
STR,Racing Point,25,0 days 00:01:50.466000,0 days 00:00:31.298000,0 days 00:00:49.462000,0 days 00:00:29.706000,Hard,14,2,,,1,True,0 days 01:23:54.215000,110.466,31.298,49.462,29.706,5034.215,5059.103,18.3,55.3,962.5,False,28.3,339,2.3,False,True,False,FORMULA 1 ROLEX BELGIAN GRAND PRIX 2020,Spa-Francorchamps,Belgium,,,Permanent,,,0.2833269965419224,0.44775768109644604,0.2689153223616316,3,False,Belgian Grand Prix,belgian_grand_prix,2020,2020-08-30,110.2591,30,Closing,1.3299999999999983,False,False,False,True
NOR,McLaren,25,0 days 00:01:50.253000,0 days 00:00:31.459000,0 days 00:00:49.280000,0 days 00:00:29.514000,Hard,14,2,,,1,True,0 days 01:23:55.864000,110.253,31.459,49.28,29.514,5035.864,5059.103,18.3,55.3,962.5,False,28.3,339,2.3,False,True,False,FORMULA 1 ROLEX BELGIAN GRAND PRIX 2020,Spa-Francorchamps,Belgium,,,Permanent,,,0.2853346394202425,0.44697196448169213,0.26769339609806536,3,False,Belgian Grand Prix,belgian_grand_prix,2020,2020-08-30,109.95163333333333,30,Closing,1.7009999999999934,False,False,False,True
KVY,AlphaTauri,25,0 days 00:01:50.199000,0 days 00:00:31.222000,0 days 00:00:49.446000,0 days 00:00:29.531000,Hard,14,2,,,1,True,0 days 01:23:57.321000,110.199,31.222,49.446,29.531,5037.321,5059.103,18.3,55.3,962.5,False,28.3,339,2.3,False,True,False,FORMULA 1 ROLEX BELGIAN GRAND PRIX 2020,Spa-Francorchamps,Belgium,,,Permanent,,,0.28332380511619887,0.4486973566003321,0.26797883828346897,3,False,Belgian Grand Prix,belgian_grand_prix,2020,2020-08-30,110.81186666666666,30,Closing,0.36700000000000443,False,False,False,True
RAI,Alfa Romeo Racing,25,0 days 00:01:50.198000,0 days 00:00:31.300000,0 days 00:00:49.169000,0 days 00:00:29.729000,Hard,15,2,,,1,True,0 days 01:23:58.201000,110.198,31.3,49.169,29.729,5038.201,5059.103,18.3,55.3,962.5,False,28.3,339,2.3,False,True,False,FORMULA 1 ROLEX BELGIAN GRAND PRIX 2020,Spa-Francorchamps,Belgium,,,Permanent,,,0.28403419299805804,0.44618777110292385,0.26977803589901816,3,False,Belgian Grand Prix,belgian_grand_prix,2020,2020-08-30,110.82376666666667,30,Closing,0.37599999999999056,False,False,False,True
VET,Ferrari,25,0 days 00:01:50.232000,0 days 00:00:31.435000,0 days 00:00:49.171000,0 days 00:00:29.626000,Hard,14,2,,,1,True,0 days 01:23:59.269000,110.232,31.435,49.171,29.626,5039.269,5059.103,18.3,55.3,962.5,False,28.3,339,2.3,False,True,False,FORMULA 1 ROLEX BELGIAN GRAND PRIX 2020,Spa-Francorchamps,Belgium,,,Permanent,,,0.28517127512881923,0.4460682923289063,0.2687604325422745,3,False,Belgian Grand Prix,belgian_grand_prix,2020,2020-08-30,110.88573333333333,30,Closing,0.2740000000000009,False,False,False,True
GRO,Haas F1 Team,25,0 days 00:01:50.618000,0 days 00:00:31.848000,0 days 00:00:49.075000,0 days 00:00:29.695000,Hard,15,2,,,1,True,0 days 01:24:03.069000,110.618,31.848,49.075,29.695,5043.069,5059.103,18.3,55.3,962.5,False,28.3,339,2.3,False,True,False,FORMULA 1 ROLEX BELGIAN GRAND PRIX 2020,Spa-Francorchamps,Belgium,,,Permanent,,,0.2879097434413929,0.44364389159088036,0.2684463649677268,3,False,Belgian Grand Prix,belgian_grand_prix,2020,2020-08-30,112.2027741935484,31,Closing,0.5999999999999943,False,False,False,True
PER,Racing Point,25,0 days 00:01:50.529000,0 days 00:00:30.887000,0 days 00:00:50.106000,0 days 00:00:29.536000,Hard,7,2,,,1,True,0 days 01:24:04.040000,110.529,30.887,50.106,29.536,5044.04,5059.103,18.3,55.3,962.5,False,28.3,339,2.3,False,True,False,FORMULA 1 ROLEX BELGIAN GRAND PRIX 2020,Spa-Francorchamps,Belgium,,,Permanent,,,0.2794470229532521,0.4533289905816573,0.26722398646509066,3,False,Belgian Grand Prix,belgian_grand_prix,2020,2020-08-30,109.94061538461538,26,Closing,2.1400000000000006,False,False,False,True
MAG,Haas F1 Team,25,0 days 00:01:50.656000,0 days 00:00:31.841000,0 days 00:00:48.981000,0 days 00:00:29.834000,Hard,15,2,,,1,True,0 days 01:24:06.164000,110.656,31.841,48.981,29.834,5046.164,5059.103,18.3,55.3,962.5,False,28.3,339,2.3,False,True,False,FORMULA 1 ROLEX BELGIAN GRAND PRIX 2020,Spa-Francorchamps,Belgium,,,Permanent,,,0.28774761422787737,0.44264206188548294,0.26961032388663964,3,False,Belgian Grand Prix,belgian_grand_prix,2020,2020-08-30,114.45065217391303,23,Mid,2.5730000000000075,False,False,False,True
LAT,Williams,25,0 days 00:01:50.904000,0 days 00:00:31.937000,0 days 00:00:49.151000,0 days 00:00:29.816000,Hard,15,2,,,1,True,0 days 01:24:08.297000,110.904,31.937,49.151,29.816,5048.297,5059.103,18.3,55.3,962.5,False,28.3,339,2.3,False,True,False,FORMULA 1 ROLEX BELGIAN GRAND PRIX 2020,Spa-Francorchamps,Belgium,,,Permanent,,,0.2879697756618337,0.4431850970208469,0.26884512731731947,3,False,Belgian Grand Prix,belgian_grand_prix,2020,2020-08-30,115.44411111111111,18,Mid,2.8559999999999945,False,False,False,True
LEC,Ferrari,25,0 days 00:02:05.467000,0 days 00:00:49.073000,0 days 00:00:47.176000,0 days 00:00:29.218000,Medium,1,3,,0 days 01:22:35.991000,1,False,0 days 01:24:19.991000,125.467,49.073,47.176,29.218,5059.991,5059.103,18.3,55.3,962.5,False,28.3,339,2.3,False,True,False,FORMULA 1 ROLEX BELGIAN GRAND PRIX 2020,Spa-Francorchamps,Belgium,,,Permanent,,,0.3911227653486574,0.37600325185108435,0.23287398280025823,3,False,Belgian Grand Prix,belgian_grand_prix,2020,2020-08-30,110.55205000000001,20,Closing,17.626999999999995,False,False,False,True
HAM,Mercedes,26,0 days 00:01:47.851000,0 days 00:00:31.505000,0 days 00:00:46.997000,0 days 00:00:29.349000,Hard,15,2,,,1,True,0 days 01:25:11.855000,107.851,31.505,46.997,29.349,5111.855,5119.091,18.2,55.0,962.4,False,28.1,325,2.2,False,True,False,FORMULA 1 ROLEX BELGIAN GRAND PRIX 2020,Spa-Francorchamps,Belgium,,,Permanent,,,0.29211597481710877,0.4357585928735014,0.2721254323093898,3,False,Belgian Grand Prix,belgian_grand_prix,2020,2020-08-30,108.6334,30,Closing,0.09300000000000352,False,False,False,True
BOT,Mercedes,26,0 days 00:01:48.082000,0 days 00:00:31.423000,0 days 00:00:47.143000,0 days 00:00:29.516000,Hard,15,2,,,1,True,0 days 01:25:15.918000,108.082,31.423,47.143,29.516,5115.918,5119.091,18.2,55.0,962.4,False,28.1,325,2.2,False,True,False,FORMULA 1 ROLEX BELGIAN GRAND PRIX 2020,Spa-Francorchamps,Belgium,,,Permanent,,,0.2907329620103255,0.43617808700801247,0.2730889509816621,3,False,Belgian Grand Prix,belgian_grand_prix,2020,2020-08-30,108.892,30,Closing,0.09899999999998954,False,False,False,True
VER,Red Bull Racing,26,0 days 00:01:48.527000,0 days 00:00:31.363000,0 days 00:00:47.871000,0 days 00:00:29.293000,Hard,15,2,,,1,True,0 days 01:25:17.855000,108.527,31.363,47.871,29.293,5117.855,5119.091,18.2,55.0,962.4,False,28.1,325,2.2,False,True,False,FORMULA 1 ROLEX BELGIAN GRAND PRIX 2020,Spa-Francorchamps,Belgium,,,Permanent,,,0.28898799377113527,0.4410976070470943,0.2699143991817704,3,False,Belgian Grand Prix,belgian_grand_prix,2020,2020-08-30,109.1101,30,Closing,0.2219999999999942,False,False,False,True
RIC,Renault,26,0 days 00:01:49.112000,0 days 00:00:31.632000,0 days 00:00:48.003000,0 days 00:00:29.477000,Hard,15,2,,,1,True,0 days 01:25:33.878000,109.112,31.632,48.003,29.477,5133.878,5119.091,18.2,55.0,962.4,False,28.1,325,2.2,False,True,False,FORMULA 1 ROLEX BELGIAN GRAND PRIX 2020,Spa-Francorchamps,Belgium,,,Permanent,,,0.2899039519026322,0.4399424444607376,0.27015360363663027,3,False,Belgian Grand Prix,belgian_grand_prix,2020,2020-08-30,109.17863333333334,30,Closing,1.6289999999999907,False,False,False,True
ALB,Red Bull Racing,26,0 days 00:01:48.792000,0 days 00:00:31.545000,0 days 00:00:47.806000,0 days 00:00:29.441000,Medium,15,2,,,1,True,0 days 01:25:37.278000,108.792,31.545,47.806,29.441,5137.278,5119.091,18.2,55.0,962.4,False,28.1,325,2.2,False,True,False,FORMULA 1 ROLEX BELGIAN GRAND PRIX 2020,Spa-Francorchamps,Belgium,,,Permanent,,,0.28995698213103904,0.4394256930656666,0.27061732480329437,3,False,Belgian Grand Prix,belgian_grand_prix,2020,2020-08-30,109.96076666666666,30,Closing,0.055999999999997385,False,False,False,True
OCO,Renault,26,0 days 00:01:48.790000,0 days 00:00:30.657000,0 days 00:00:48.576000,0 days 00:00:29.557000,Hard,15,2,,,1,True,0 days 01:25:41.788000,108.79,30.657,48.576,29.557,5141.788,5119.091,18.2,55.0,962.4,False,28.1,325,2.2,False,True,False,FORMULA 1 ROLEX BELGIAN GRAND PRIX 2020,Spa-Francorchamps,Belgium,,,Permanent,,,0.2817997977755308,0.44651162790697674,0.2716885743174924,3,False,Belgian Grand Prix,belgian_grand_prix,2020,2020-08-30,109.88136666666666,30,Closing,0.25,False,False,False,True
STR,Racing Point,26,0 days 00:01:50.443000,0 days 00:00:31.381000,0 days 00:00:49.575000,0 days 00:00:29.487000,Hard,15,2,,,1,True,0 days 01:25:44.658000,110.443,31.381,49.575,29.487,5144.658,5119.091,18.2,55.0,962.4,False,28.1,325,2.2,False,True,False,FORMULA 1 ROLEX BELGIAN GRAND PRIX 2020,Spa-Francorchamps,Belgium,,,Permanent,,,0.28413751890115263,0.44887407984209055,0.2669884012567569,3,False,Belgian Grand Prix,belgian_grand_prix,2020,2020-08-30,110.2591,30,Closing,1.3070000000000022,False,False,False,True
NOR,McLaren,26,0 days 00:01:50.192000,0 days 00:00:31.400000,0 days 00:00:49.321000,0 days 00:00:29.471000,Hard,15,2,,,1,True,0 days 01:25:46.056000,110.192,31.4,49.321,29.471,5146.056,5119.091,18.2,55.0,962.4,False,28.1,325,2.2,False,True,False,FORMULA 1 ROLEX BELGIAN GRAND PRIX 2020,Spa-Francorchamps,Belgium,,,Permanent,,,0.2849571656744591,0.44759147669522287,0.267451357630318,3,False,Belgian Grand Prix,belgian_grand_prix,2020,2020-08-30,109.95163333333333,30,Closing,1.6399999999999864,False,False,False,True
KVY,AlphaTauri,26,0 days 00:01:50.130000,0 days 00:00:31.241000,0 days 00:00:49.341000,0 days 00:00:29.548000,Hard,15,2,,,1,True,0 days 01:25:47.451000,110.13,31.241,49.341,29.548,5147.451,5119.091,18.2,55.0,962.4,False,28.1,325,2.2,False,True,False,FORMULA 1 ROLEX BELGIAN GRAND PRIX 2020,Spa-Francorchamps,Belgium,,,Permanent,,,0.28367384000726414,0.44802506129120134,0.26830109870153457,3,False,Belgian Grand Prix,belgian_grand_prix,2020,2020-08-30,110.81186666666666,30,Closing,0.2980000000000018,False,False,False,True
GAS,AlphaTauri,26,0 days 00:01:55.857000,0 days 00:00:31.463000,0 days 00:00:50.473000,0 days 00:00:33.921000,Hard,26,1,0 days 01:25:44.477000,,1,False,0 days 01:25:48.129000,115.857,31.463,50.473,33.921,5148.129,5119.091,18.2,55.0,962.4,False,28.1,325,2.2,False,True,False,FORMULA 1 ROLEX BELGIAN GRAND PRIX 2020,Spa-Francorchamps,Belgium,,,Permanent,26.0,,0.2715675358415978,0.4356491191727733,0.29278334498562886,1,False,Belgian Grand Prix,belgian_grand_prix,2020,2020-08-30,111.54104761904762,21,Opening,8.018,False,False,False,True
RAI,Alfa Romeo Racing,26,0 days 00:01:50.181000,0 days 00:00:31.267000,0 days 00:00:49.218000,0 days 00:00:29.696000,Hard,16,2,,,1,True,0 days 01:25:48.382000,110.181,31.267,49.218,29.696,5148.382,5119.091,18.2,55.0,962.4,False,28.1,325,2.2,False,True,False,FORMULA 1 ROLEX BELGIAN GRAND PRIX 2020,Spa-Francorchamps,Belgium,,,Permanent,,,0.2837785099064267,0.4467013368911156,0.2695201532024578,3,False,Belgian Grand Prix,belgian_grand_prix,2020,2020-08-30,110.82376666666667,30,Closing,0.35899999999999466,False,False,False,True
VET,Ferrari,26,0 days 00:01:50.351000,0 days 00:00:31.477000,0 days 00:00:49.226000,0 days 00:00:29.648000,Hard,15,2,,,1,True,0 days 01:25:49.620000,110.351,31.477,49.226,29.648,5149.62,5179.093,18.1,55.7,962.5,False,27.8,312,1.6,False,True,False,FORMULA 1 ROLEX BELGIAN GRAND PRIX 2020,Spa-Francorchamps,Belgium,,,Permanent,,,0.28524435664380027,0.4460856720827179,0.2686699712734819,3,False,Belgian Grand Prix,belgian_grand_prix,2020,2020-08-30,110.88573333333333,30,Closing,0.3930000000000007,False,False,False,True
PER,Racing Point,26,0 days 00:01:48.541000,0 days 00:00:30.697000,0 days 00:00:48.365000,0 days 00:00:29.479000,Hard,8,2,,,1,True,0 days 01:25:52.581000,108.541,30.697,48.365,29.479,5152.581,5179.093,18.1,55.7,962.5,False,27.8,312,1.6,False,True,False,FORMULA 1 ROLEX BELGIAN GRAND PRIX 2020,Spa-Francorchamps,Belgium,,,Permanent,,,0.28281478888162076,0.4455919882809261,0.27159322283745313,3,False,Belgian Grand Prix,belgian_grand_prix,2020,2020-08-30,109.94061538461538,26,Closing,0.15200000000000102,False,False,False,True
GRO,Haas F1 Team,26,0 days 00:01:51.326000,0 days 00:00:31.752000,0 days 00:00:49.878000,0 days 00:00:29.696000,Hard,16,2,,,1,True,0 days 01:25:54.395000,111.326,31.752,49.878,29.696,5154.395,5179.093,18.1,55.7,962.5,False,27.8,312,1.6,False,True,False,FORMULA 1 ROLEX BELGIAN GRAND PRIX 2020,Spa-Francorchamps,Belgium,,,Permanent,,,0.28521639149884126,0.44803549934426823,0.2667481091568906,3,False,Belgian Grand Prix,belgian_grand_prix,2020,2020-08-30,112.2027741935484,31,Closing,1.3079999999999927,False,False,False,True
MAG,Haas F1 Team,26,0 days 00:01:50.541000,0 days 00:00:31.819000,0 days 00:00:48.925000,0 days 00:00:29.797000,Hard,16,2,,,1,True,0 days 01:25:56.705000,110.541,31.819,48.925,29.797,5156.705,5179.093,18.1,55.7,962.5,False,27.8,312,1.6,False,True,False,FORMULA 1 ROLEX BELGIAN GRAND PRIX 2020,Spa-Francorchamps,Belgium,,,Permanent,,,0.2878479478202658,0.4425959598700934,0.2695560923096408,3,False,Belgian Grand Prix,belgian_grand_prix,2020,2020-08-30,114.45065217391303,23,Mid,2.4579999999999984,False,False,False,True
LAT,Williams,26,0 days 00:01:50.664000,0 days 00:00:31.855000,0 days 00:00:49.026000,0 days 00:00:29.783000,Hard,16,2,,,1,True,0 days 01:25:58.961000,110.664,31.855,49.026,29.783,5158.961,5179.093,18.1,55.7,962.5,False,27.8,312,1.6,False,True,False,FORMULA 1 ROLEX BELGIAN GRAND PRIX 2020,Spa-Francorchamps,Belgium,,,Permanent,,,0.28785332176678957,0.44301669919757103,0.2691299790356394,3,False,Belgian Grand Prix,belgian_grand_prix,2020,2020-08-30,115.44411111111111,18,Mid,2.6159999999999997,False,False,False,True
LEC,Ferrari,26,0 days 00:01:47.840000,0 days 00:00:31.536000,0 days 00:00:47.058000,0 days 00:00:29.246000,Medium,2,3,,,1,True,0 days 01:26:07.831000,107.84,31.536,47.058,29.246,5167.831,5179.093,18.1,55.7,962.5,False,27.8,312,1.6,False,True,False,FORMULA 1 ROLEX BELGIAN GRAND PRIX 2020,Spa-Francorchamps,Belgium,,,Permanent,,,0.292433234421365,0.4363686943620178,0.2711980712166172,3,False,Belgian Grand Prix,belgian_grand_prix,2020,2020-08-30,110.55205000000001,20,Closing,0.0,False,False,False,True
HAM,Mercedes,27,0 days 00:01:48.274000,0 days 00:00:31.618000,0 days 00:00:47.278000,0 days 00:00:29.378000,Hard,16,2,,,1,True,0 days 01:27:00.129000,108.274,31.618,47.278,29.378,5220.129,5239.107,18.2,54.7,962.4,False,27.8,330,1.4,False,True,False,FORMULA 1 ROLEX BELGIAN GRAND PRIX 2020,Spa-Francorchamps,Belgium,,,Permanent,,,0.29201839776862404,0.43665145833718155,0.27133014389419435,3,False,Belgian Grand Prix,belgian_grand_prix,2020,2020-08-30,108.6334,30,Closing,0.5160000000000053,False,False,False,True
BOT,Mercedes,27,0 days 00:01:47.983000,0 days 00:00:31.462000,0 days 00:00:47.248000,0 days 00:00:29.273000,Hard,16,2,,,1,True,0 days 01:27:03.901000,107.983,31.462,47.248,29.273,5223.901,5239.107,18.2,54.7,962.4,False,27.8,330,1.4,False,True,False,FORMULA 1 ROLEX BELGIAN GRAND PRIX 2020,Spa-Francorchamps,Belgium,,,Permanent,,,0.29136067714362446,0.43755035514849555,0.27108896770787994,3,False,Belgian Grand Prix,belgian_grand_prix,2020,2020-08-30,108.892,30,Closing,0.0,False,False,False,True
VER,Red Bull Racing,27,0 days 00:01:48.305000,0 days 00:00:31.359000,0 days 00:00:47.754000,0 days 00:00:29.192000,Hard,16,2,,,1,True,0 days 01:27:06.160000,108.305,31.359,47.754,29.192,5226.16,5239.107,18.2,54.7,962.4,False,27.8,330,1.4,False,True,False,FORMULA 1 ROLEX BELGIAN GRAND PRIX 2020,Spa-Francorchamps,Belgium,,,Permanent,,,0.28954341904805875,0.44092147176953966,0.26953510918240153,3,False,Belgian Grand Prix,belgian_grand_prix,2020,2020-08-30,109.1101,30,Closing,0.0,False,False,False,True
RIC,Renault,27,0 days 00:01:48.913000,0 days 00:00:31.588000,0 days 00:00:47.889000,0 days 00:00:29.436000,Hard,16,2,,,1,True,0 days 01:27:22.791000,108.913,31.588,47.889,29.436,5242.791,5239.107,18.2,54.7,962.4,False,27.8,330,1.4,False,True,False,FORMULA 1 ROLEX BELGIAN GRAND PRIX 2020,Spa-Francorchamps,Belgium,,,Permanent,,,0.29002965669846575,0.439699576726378,0.2702707665751563,3,False,Belgian Grand Prix,belgian_grand_prix,2020,2020-08-30,109.17863333333334,30,Closing,1.4299999999999926,False,False,False,True
ALB,Red Bull Racing,27,0 days 00:01:48.736000,0 days 00:00:31.537000,0 days 00:00:47.806000,0 days 00:00:29.393000,Medium,16,2,,,1,True,0 days 01:27:26.014000,108.736,31.537,47.806,29.393,5246.014,5239.107,18.2,54.7,962.4,False,27.8,330,1.4,False,True,False,FORMULA 1 ROLEX BELGIAN GRAND PRIX 2020,Spa-Francorchamps,Belgium,,,Permanent,,,0.2900327398469688,0.439652001177163,0.27031525897586817,3,False,Belgian Grand Prix,belgian_grand_prix,2020,2020-08-30,109.96076666666666,30,Closing,0.0,False,False,False,True
OCO,Renault,27,0 days 00:01:48.839000,0 days 00:00:31.391000,0 days 00:00:47.985000,0 days 00:00:29.463000,Hard,16,2,,,1,True,0 days 01:27:30.627000,108.839,31.391,47.985,29.463,5250.627,5239.107,18.2,54.7,962.4,False,27.8,330,1.4,False,True,False,FORMULA 1 ROLEX BELGIAN GRAND PRIX 2020,Spa-Francorchamps,Belgium,,,Permanent,,,0.2884168358768456,0.4408805667086247,0.27070259741452973,3,False,Belgian Grand Prix,belgian_grand_prix,2020,2020-08-30,109.88136666666666,30,Closing,0.2989999999999924,False,False,False,True
STR,Racing Point,27,0 days 00:01:49.432000,0 days 00:00:31.536000,0 days 00:00:48.341000,0 days 00:00:29.555000,Hard,16,2,,,1,True,0 days 01:27:34.090000,109.432,31.536,48.341,29.555,5254.09,5239.107,18.2,54.7,962.4,False,27.8,330,1.4,False,True,False,FORMULA 1 ROLEX BELGIAN GRAND PRIX 2020,Spa-Francorchamps,Belgium,,,Permanent,,,0.2881789604503253,0.4417446450763945,0.2700763944732802,3,False,Belgian Grand Prix,belgian_grand_prix,2020,2020-08-30,110.2591,30,Closing,0.2960000000000065,False,False,False,True
NOR,McLaren,27,0 days 00:01:49.120000,0 days 00:00:31.389000,0 days 00:00:48.410000,0 days 00:00:29.321000,Hard,16,2,,,1,True,0 days 01:27:35.176000,109.12,31.389,48.41,29.321,5255.176,5239.107,18.2,54.7,962.4,False,27.8,330,1.4,False,True,False,FORMULA 1 ROLEX BELGIAN GRAND PRIX 2020,Spa-Francorchamps,Belgium,,,Permanent,,,0.2876557917888563,0.44364002932551316,0.2687041788856305,3,False,Belgian Grand Prix,belgian_grand_prix,2020,2020-08-30,109.95163333333333,30,Closing,0.5679999999999978,False,False,False,True
KVY,AlphaTauri,27,0 days 00:01:49.862000,0 days 00:00:31.201000,0 days 00:00:49.186000,0 days 00:00:29.475000,Hard,16,2,,,1,True,0 days 01:27:37.313000,109.862,31.201,49.186,29.475,5257.313,5239.107,18.2,54.7,962.4,False,27.8,330,1.4,False,True,False,FORMULA 1 ROLEX BELGIAN GRAND PRIX 2020,Spa-Francorchamps,Belgium,,,Permanent,,,0.2840017476470481,0.4477071234821868,0.26829112887076517,3,False,Belgian Grand Prix,belgian_grand_prix,2020,2020-08-30,110.81186666666666,30,Closing,0.030000000000001137,False,False,False,True
RAI,Alfa Romeo Racing,27,0 days 00:01:49.897000,0 days 00:00:31.421000,0 days 00:00:48.923000,0 days 00:00:29.553000,Hard,17,2,,,1,True,0 days 01:27:38.279000,109.897,31.421,48.923,29.553,5258.279,5239.107,18.2,54.7,962.4,False,27.8,330,1.4,False,True,False,FORMULA 1 ROLEX BELGIAN GRAND PRIX 2020,Spa-Francorchamps,Belgium,,,Permanent,,,0.2859131732440376,0.44517138775398785,0.26891543900197457,3,False,Belgian Grand Prix,belgian_grand_prix,2020,2020-08-30,110.82376666666667,30,Closing,0.07500000000000284,False,False,False,True
VET,Ferrari,27,0 days 00:01:50.507000,0 days 00:00:31.618000,0 days 00:00:49.177000,0 days 00:00:29.712000,Hard,16,2,,,1,True,0 days 01:27:40.127000,110.507,31.618,49.177,29.712,5260.127,5239.107,18.2,54.7,962.4,False,27.8,330,1.4,False,True,False,FORMULA 1 ROLEX BELGIAN GRAND PRIX 2020,Spa-Francorchamps,Belgium,,,Permanent,,,0.28611762150813974,0.44501253314269684,0.26886984534916336,3,False,Belgian Grand Prix,belgian_grand_prix,2020,2020-08-30,110.88573333333333,30,Closing,0.5490000000000066,False,False,False,True
PER,Racing Point,27,0 days 00:01:48.984000,0 days 00:00:31.403000,0 days 00:00:48.114000,0 days 00:00:29.467000,Hard,9,2,,,1,True,0 days 01:27:41.565000,108.984,31.403,48.114,29.467,5261.565,5239.107,18.2,54.7,962.4,False,27.8,330,1.4,False,True,False,FORMULA 1 ROLEX BELGIAN GRAND PRIX 2020,Spa-Francorchamps,Belgium,,,Permanent,,,0.2881432136827424,0.44147764809513323,0.27037913822212434,3,False,Belgian Grand Prix,belgian_grand_prix,2020,2020-08-30,109.94061538461538,26,Closing,0.5949999999999989,False,False,False,True
GRO,Haas F1 Team,27,0 days 00:01:50.445000,0 days 00:00:31.849000,0 days 00:00:48.861000,0 days 00:00:29.735000,Hard,17,2,,,1,True,0 days 01:27:44.840000,110.445,31.849,48.861,29.735,5264.84,5239.107,18.2,54.7,962.4,False,27.8,330,1.4,False,True,False,FORMULA 1 ROLEX BELGIAN GRAND PRIX 2020,Spa-Francorchamps,Belgium,,,Permanent,,,0.2883697768119879,0.44240119516501425,0.26922902802299786,3,False,Belgian Grand Prix,belgian_grand_prix,2020,2020-08-30,112.2027741935484,31,Closing,0.4269999999999925,False,False,False,True
MAG,Haas F1 Team,27,0 days 00:01:50.382000,0 days 00:00:31.901000,0 days 00:00:48.655000,0 days 00:00:29.826000,Hard,17,2,,,1,True,0 days 01:27:47.087000,110.382,31.901,48.655,29.826,5267.087,5239.107,18.2,54.7,962.4,False,27.8,330,1.4,False,True,False,FORMULA 1 ROLEX BELGIAN GRAND PRIX 2020,Spa-Francorchamps,Belgium,,,Permanent,,,0.2890054537877552,0.4407874472287148,0.2702070989835299,3,False,Belgian Grand Prix,belgian_grand_prix,2020,2020-08-30,114.45065217391303,23,Mid,2.2990000000000066,False,False,False,True
LAT,Williams,27,0 days 00:01:50.734000,0 days 00:00:31.905000,0 days 00:00:49.145000,0 days 00:00:29.684000,Hard,17,2,,,1,True,0 days 01:27:49.695000,110.734,31.905,49.145,29.684,5269.695,5299.098,18.2,54.8,962.5,False,27.8,349,1.9,False,True,False,FORMULA 1 ROLEX BELGIAN GRAND PRIX 2020,Spa-Francorchamps,Belgium,,,Permanent,,,0.2881228890855564,0.4438112955370528,0.2680658153773909,3,False,Belgian Grand Prix,belgian_grand_prix,2020,2020-08-30,115.44411111111111,18,Mid,2.685999999999993,False,False,False,True
GAS,AlphaTauri,27,0 days 00:02:02.065000,0 days 00:00:45.228000,0 days 00:00:47.663000,0 days 00:00:29.174000,Medium,1,2,,0 days 01:26:07.159000,1,False,0 days 01:27:50.194000,122.065,45.228,47.663,29.174,5270.194,5299.098,18.2,54.8,962.5,False,27.8,349,1.9,False,True,False,FORMULA 1 ROLEX BELGIAN GRAND PRIX 2020,Spa-Francorchamps,Belgium,,,Permanent,,,0.37052390120018025,0.39047228935403266,0.23900380944578709,3,False,Belgian Grand Prix,belgian_grand_prix,2020,2020-08-30,109.43794444444444,18,Closing,14.225999999999999,False,False,False,True
LEC,Ferrari,27,0 days 00:01:48.459000,0 days 00:00:31.612000,0 days 00:00:47.451000,0 days 00:00:29.396000,Medium,3,3,,,1,True,0 days 01:27:56.290000,108.459,31.612,47.451,29.396,5276.29,5299.098,18.2,54.8,962.5,False,27.8,349,1.9,False,True,False,FORMULA 1 ROLEX BELGIAN GRAND PRIX 2020,Spa-Francorchamps,Belgium,,,Permanent,,,0.29146497754911993,0.4375017287638647,0.27103329368701534,3,False,Belgian Grand Prix,belgian_grand_prix,2020,2020-08-30,110.55205000000001,20,Closing,0.6189999999999998,False,False,False,True
HAM,Mercedes,28,0 days 00:01:47.758000,0 days 00:00:31.517000,0 days 00:00:46.953000,0 days 00:00:29.288000,Hard,17,2,,,1,True,0 days 01:28:47.887000,107.758,31.517,46.953,29.288,5327.887,5299.098,18.2,54.8,962.5,False,27.8,349,1.9,False,True,False,FORMULA 1 ROLEX BELGIAN GRAND PRIX 2020,Spa-Francorchamps,Belgium,,,Permanent,,,0.29247944468160136,0.4357263497837748,0.2717942055346239,3,False,Belgian Grand Prix,belgian_grand_prix,2020,2020-08-30,108.6334,30,Closing,0.0,False,False,False,True
BOT,Mercedes,28,0 days 00:01:48.332000,0 days 00:00:31.419000,0 days 00:00:47.210000,0 days 00:00:29.703000,Hard,17,2,,,1,True,0 days 01:28:52.233000,108.332,31.419,47.21,29.703,5332.233,5359.105,18.2,55.3,962.5,False,27.8,342,1.3,False,True,False,FORMULA 1 ROLEX BELGIAN GRAND PRIX 2020,Spa-Francorchamps,Belgium,,,Permanent,,,0.29002510800132925,0.4357899789535872,0.27418491304508363,3,False,Belgian Grand Prix,belgian_grand_prix,2020,2020-08-30,108.892,30,Closing,0.34899999999998954,False,False,False,True
VER,Red Bull Racing,28,0 days 00:01:48.448000,0 days 00:00:31.364000,0 days 00:00:47.724000,0 days 00:00:29.360000,Hard,17,2,,,1,True,0 days 01:28:54.608000,108.448,31.364,47.724,29.36,5334.608,5359.105,18.2,55.3,962.5,False,27.8,342,1.3,False,True,False,FORMULA 1 ROLEX BELGIAN GRAND PRIX 2020,Spa-Francorchamps,Belgium,,,Permanent,,,0.2892077308940691,0.440063440542933,0.27072882856299796,3,False,Belgian Grand Prix,belgian_grand_prix,2020,2020-08-30,109.1101,30,Closing,0.14299999999998647,False,False,False,True
RIC,Renault,28,0 days 00:01:48.723000,0 days 00:00:31.592000,0 days 00:00:47.808000,0 days 00:00:29.323000,Hard,17,2,,,1,True,0 days 01:29:11.514000,108.723,31.592,47.808,29.323,5351.514,5359.105,18.2,55.3,962.5,False,27.8,342,1.3,False,True,False,FORMULA 1 ROLEX BELGIAN GRAND PRIX 2020,Spa-Francorchamps,Belgium,,,Permanent,,,0.29057329175979324,0.43972296570182945,0.26970374253837737,3,False,Belgian Grand Prix,belgian_grand_prix,2020,2020-08-30,109.17863333333334,30,Closing,1.2399999999999949,False,False,False,True
ALB,Red Bull Racing,28,0 days 00:01:49.062000,0 days 00:00:31.573000,0 days 00:00:47.920000,0 days 00:00:29.569000,Medium,17,2,,,1,True,0 days 01:29:15.076000,109.062,31.573,47.92,29.569,5355.076,5359.105,18.2,55.3,962.5,False,27.8,342,1.3,False,True,False,FORMULA 1 ROLEX BELGIAN GRAND PRIX 2020,Spa-Francorchamps,Belgium,,,Permanent,,,0.28949588307568175,0.4393831031890118,0.2711210137353065,3,False,Belgian Grand Prix,belgian_grand_prix,2020,2020-08-30,109.96076666666666,30,Closing,0.3259999999999934,False,False,False,True
OCO,Renault,28,0 days 00:01:48.967000,0 days 00:00:31.327000,0 days 00:00:48.167000,0 days 00:00:29.473000,Hard,17,2,,,1,True,0 days 01:29:19.594000,108.967,31.327,48.167,29.473,5359.594,5359.105,18.2,55.3,962.5,False,27.8,342,1.3,False,True,False,FORMULA 1 ROLEX BELGIAN GRAND PRIX 2020,Spa-Francorchamps,Belgium,,,Permanent,,,0.2874907081960594,0.44203290904585796,0.2704763827580827,3,False,Belgian Grand Prix,belgian_grand_prix,2020,2020-08-30,109.88136666666666,30,Closing,0.4269999999999925,False,False,False,True
STR,Racing Point,28,0 days 00:01:49.176000,0 days 00:00:31.507000,0 days 00:00:48.181000,0 days 00:00:29.488000,Hard,17,2,,,1,True,0 days 01:29:23.266000,109.176,31.507,48.181,29.488,5363.266,5359.105,18.2,55.3,962.5,False,27.8,342,1.3,False,True,False,FORMULA 1 ROLEX BELGIAN GRAND PRIX 2020,Spa-Francorchamps,Belgium,,,Permanent,,,0.28858906719425514,0.44131494101267676,0.2700959917930681,3,False,Belgian Grand Prix,belgian_grand_prix,2020,2020-08-30,110.2591,30,Closing,0.04000000000000625,False,False,False,True
NOR,McLaren,28,0 days 00:01:49.862000,0 days 00:00:31.249000,0 days 00:00:49.114000,0 days 00:00:29.499000,Hard,17,2,,,1,True,0 days 01:29:25.038000,109.862,31.249,49.114,29.499,5365.038,5359.105,18.2,55.3,962.5,False,27.8,342,1.3,False,True,False,FORMULA 1 ROLEX BELGIAN GRAND PRIX 2020,Spa-Francorchamps,Belgium,,,Permanent,,,0.28443865940907687,0.44705175583914364,0.2685095847517795,3,False,Belgian Grand Prix,belgian_grand_prix,2020,2020-08-30,109.95163333333333,30,Closing,1.309999999999988,False,False,False,True
KVY,AlphaTauri,28,0 days 00:01:49.832000,0 days 00:00:31.312000,0 days 00:00:49.009000,0 days 00:00:29.511000,Hard,17,2,,,1,True,0 days 01:29:27.145000,109.832,31.312,49.009,29.511,5367.145,5359.105,18.2,55.3,962.5,False,27.8,342,1.3,False,True,False,FORMULA 1 ROLEX BELGIAN GRAND PRIX 2020,Spa-Francorchamps,Belgium,,,Permanent,,,0.28508995556850464,0.44621786000437036,0.26869218442712506,3,False,Belgian Grand Prix,belgian_grand_prix,2020,2020-08-30,110.81186666666666,30,Closing,0.0,False,False,False,True
RAI,Alfa Romeo Racing,28,0 days 00:01:49.822000,0 days 00:00:31.334000,0 days 00:00:48.903000,0 days 00:00:29.585000,Hard,18,2,,,1,True,0 days 01:29:28.101000,109.822,31.334,48.903,29.585,5368.101,5359.105,18.2,55.3,962.5,False,27.8,342,1.3,False,True,False,FORMULA 1 ROLEX BELGIAN GRAND PRIX 2020,Spa-Francorchamps,Belgium,,,Permanent,,,0.28531623900493525,0.4452932927828668,0.2693904682121979,3,False,Belgian Grand Prix,belgian_grand_prix,2020,2020-08-30,110.82376666666667,30,Closing,0.0,False,False,False,True
VET,Ferrari,28,0 days 00:01:50.380000,0 days 00:00:31.663000,0 days 00:00:49.031000,0 days 00:00:29.686000,Hard,17,2,,,1,True,0 days 01:29:30.507000,110.38,31.663,49.031,29.686,5370.507,5359.105,18.2,55.3,962.5,False,27.8,342,1.3,False,True,False,FORMULA 1 ROLEX BELGIAN GRAND PRIX 2020,Spa-Francorchamps,Belgium,,,Permanent,,,0.28685450262728757,0.4442018481608987,0.26894364921181374,3,False,Belgian Grand Prix,belgian_grand_prix,2020,2020-08-30,110.88573333333333,30,Closing,0.42199999999999704,False,False,False,True
PER,Racing Point,28,0 days 00:01:49.793000,0 days 00:00:31.338000,0 days 00:00:49.014000,0 days 00:00:29.441000,Hard,10,2,,,1,True,0 days 01:29:31.358000,109.793,31.338,49.014,29.441,5371.358,5359.105,18.2,55.3,962.5,False,27.8,342,1.3,False,True,False,FORMULA 1 ROLEX BELGIAN GRAND PRIX 2020,Spa-Francorchamps,Belgium,,,Permanent,,,0.2854280327525434,0.44642190303571266,0.26815006421174387,3,False,Belgian Grand Prix,belgian_grand_prix,2020,2020-08-30,109.94061538461538,26,Closing,1.4040000000000106,False,False,False,True
GRO,Haas F1 Team,28,0 days 00:01:50.018000,0 days 00:00:31.887000,0 days 00:00:48.307000,0 days 00:00:29.824000,Hard,18,2,,,1,True,0 days 01:29:34.858000,110.018,31.887,48.307,29.824,5374.858,5359.105,18.2,55.3,962.5,False,27.8,342,1.3,False,True,False,FORMULA 1 ROLEX BELGIAN GRAND PRIX 2020,Spa-Francorchamps,Belgium,,,Permanent,,,0.2898343907360614,0.43908269555890855,0.2710829137050301,3,False,Belgian Grand Prix,belgian_grand_prix,2020,2020-08-30,112.2027741935484,31,Closing,0.0,False,False,False,True
MAG,Haas F1 Team,28,0 days 00:01:50.362000,0 days 00:00:31.914000,0 days 00:00:48.608000,0 days 00:00:29.840000,Hard,18,2,,,1,True,0 days 01:29:37.449000,110.362,31.914,48.608,29.84,5377.449,5359.105,18.2,55.3,962.5,False,27.8,342,1.3,False,True,False,FORMULA 1 ROLEX BELGIAN GRAND PRIX 2020,Spa-Francorchamps,Belgium,,,Permanent,,,0.28917562204381947,0.44044145629836357,0.270382921657817,3,False,Belgian Grand Prix,belgian_grand_prix,2020,2020-08-30,114.45065217391303,23,Mid,2.2789999999999964,False,False,False,True
GAS,AlphaTauri,28,0 days 00:01:48.381000,0 days 00:00:31.133000,0 days 00:00:48.093000,0 days 00:00:29.155000,Medium,2,2,,,1,True,0 days 01:29:38.575000,108.381,31.133,48.093,29.155,5378.575,5359.105,18.2,55.3,962.5,False,27.8,342,1.3,False,True,False,FORMULA 1 ROLEX BELGIAN GRAND PRIX 2020,Spa-Francorchamps,Belgium,,,Permanent,,,0.28725514619721165,0.4437401389542448,0.26900471484854355,3,False,Belgian Grand Prix,belgian_grand_prix,2020,2020-08-30,109.43794444444444,18,Closing,0.5420000000000016,False,False,False,True
LAT,Williams,28,0 days 00:01:51.499000,0 days 00:00:31.800000,0 days 00:00:49.946000,0 days 00:00:29.753000,Hard,18,2,,,1,True,0 days 01:29:41.194000,111.499,31.8,49.946,29.753,5381.194,5359.105,18.2,55.3,962.5,False,27.8,342,1.3,False,True,False,FORMULA 1 ROLEX BELGIAN GRAND PRIX 2020,Spa-Francorchamps,Belgium,,,Permanent,,,0.28520435160853463,0.44795020583144246,0.26684544256002296,3,False,Belgian Grand Prix,belgian_grand_prix,2020,2020-08-30,115.44411111111111,18,Mid,3.4509999999999934,False,False,False,True
LEC,Ferrari,28,0 days 00:01:49.070000,0 days 00:00:31.705000,0 days 00:00:47.858000,0 days 00:00:29.507000,Medium,4,3,,,1,True,0 days 01:29:45.360000,109.07,31.705,47.858,29.507,5385.36,5359.105,18.2,55.3,962.5,False,27.8,342,1.3,False,True,False,FORMULA 1 ROLEX BELGIAN GRAND PRIX 2020,Spa-Francorchamps,Belgium,,,Permanent,,,0.2906848812689099,0.4387824332997158,0.2705326854313744,3,False,Belgian Grand Prix,belgian_grand_prix,2020,2020-08-30,110.55205000000001,20,Closing,1.2299999999999898,False,False,False,True
HAM,Mercedes,29,0 days 00:01:47.964000,0 days 00:00:31.580000,0 days 00:00:47.052000,0 days 00:00:29.332000,Hard,18,2,,,1,True,0 days 01:30:35.851000,107.964,31.58,47.052,29.332,5435.851,5419.12,18.1,54.5,962.5,False,27.7,332,1.8,False,True,False,FORMULA 1 ROLEX BELGIAN GRAND PRIX 2020,Spa-Francorchamps,Belgium,,,Permanent,,,0.2925049090437553,0.4358119373124375,0.2716831536438072,3,False,Belgian Grand Prix,belgian_grand_prix,2020,2020-08-30,108.6334,30,Closing,0.20600000000000307,False,False,False,True
BOT,Mercedes,29,0 days 00:01:48.129000,0 days 00:00:31.564000,0 days 00:00:47.294000,0 days 00:00:29.271000,Hard,18,2,,,1,True,0 days 01:30:40.362000,108.129,31.564,47.294,29.271,5440.362,5419.12,18.1,54.5,962.5,False,27.7,332,1.8,False,True,False,FORMULA 1 ROLEX BELGIAN GRAND PRIX 2020,Spa-Francorchamps,Belgium,,,Permanent,,,0.2919105882788151,0.4373849753535129,0.27070443636767194,3,False,Belgian Grand Prix,belgian_grand_prix,2020,2020-08-30,108.892,30,Closing,0.1460000000000008,False,False,False,True
VER,Red Bull Racing,29,0 days 00:01:48.562000,0 days 00:00:31.507000,0 days 00:00:47.813000,0 days 00:00:29.242000,Hard,18,2,,,1,True,0 days 01:30:43.170000,108.562,31.507,47.813,29.242,5443.17,5419.12,18.1,54.5,962.5,False,27.7,332,1.8,False,True,False,FORMULA 1 ROLEX BELGIAN GRAND PRIX 2020,Spa-Francorchamps,Belgium,,,Permanent,,,0.29022125605644705,0.44042114183600156,0.26935760210755144,3,False,Belgian Grand Prix,belgian_grand_prix,2020,2020-08-30,109.1101,30,Closing,0.2569999999999908,False,False,False,True
RIC,Renault,29,0 days 00:01:48.688000,0 days 00:00:31.596000,0 days 00:00:47.792000,0 days 00:00:29.300000,Hard,18,2,,,1,True,0 days 01:31:00.202000,108.688,31.596,47.792,29.3,5460.202,5479.089,18.0,55.0,962.4,False,27.6,315,1.8,False,True,False,FORMULA 1 ROLEX BELGIAN GRAND PRIX 2020,Spa-Francorchamps,Belgium,,,Permanent,,,0.2907036655380539,0.43971735610186957,0.26957897836007655,3,False,Belgian Grand Prix,belgian_grand_prix,2020,2020-08-30,109.17863333333334,30,Closing,1.2049999999999983,False,False,False,True
ALB,Red Bull Racing,29,0 days 00:01:48.784000,0 days 00:00:31.605000,0 days 00:00:47.689000,0 days 00:00:29.490000,Medium,18,2,,,1,True,0 days 01:31:03.860000,108.784,31.605,47.689,29.49,5463.86,5479.089,18.0,55.0,962.4,False,27.6,315,1.8,False,True,False,FORMULA 1 ROLEX BELGIAN GRAND PRIX 2020,Spa-Francorchamps,Belgium,,,Permanent,,,0.2905298573319606,0.43838248271804675,0.2710876599499926,3,False,Belgian Grand Prix,belgian_grand_prix,2020,2020-08-30,109.96076666666666,30,Closing,0.04800000000000182,False,False,False,True
OCO,Renault,29,0 days 00:01:48.839000,0 days 00:00:31.343000,0 days 00:00:48.003000,0 days 00:00:29.493000,Hard,18,2,,,1,True,0 days 01:31:08.433000,108.839,31.343,48.003,29.493,5468.433,5479.089,18.0,55.0,962.4,False,27.6,315,1.8,False,True,False,FORMULA 1 ROLEX BELGIAN GRAND PRIX 2020,Spa-Francorchamps,Belgium,,,Permanent,,,0.2879758174918917,0.4410459486029824,0.27097823390512593,3,False,Belgian Grand Prix,belgian_grand_prix,2020,2020-08-30,109.88136666666666,30,Closing,0.2989999999999924,False,False,False,True
STR,Racing Point,29,0 days 00:01:49.381000,0 days 00:00:31.540000,0 days 00:00:48.269000,0 days 00:00:29.572000,Hard,18,2,,,1,True,0 days 01:31:12.647000,109.381,31.54,48.269,29.572,5472.647,5479.089,18.0,55.0,962.4,False,27.6,315,1.8,False,True,False,FORMULA 1 ROLEX BELGIAN GRAND PRIX 2020,Spa-Francorchamps,Belgium,,,Permanent,,,0.2883498962342637,0.44129236339035116,0.2703577403753851,3,False,Belgian Grand Prix,belgian_grand_prix,2020,2020-08-30,110.2591,30,Closing,0.24500000000000455,False,False,False,True
NOR,McLaren,29,0 days 00:01:49.597000,0 days 00:00:31.405000,0 days 00:00:48.762000,0 days 00:00:29.430000,Hard,18,2,,,1,True,0 days 01:31:14.635000,109.597,31.405,48.762,29.43,5474.635,5479.089,18.0,55.0,962.4,False,27.6,315,1.8,False,True,False,FORMULA 1 ROLEX BELGIAN GRAND PRIX 2020,Spa-Francorchamps,Belgium,,,Permanent,,,0.28654981431973503,0.4449209376169056,0.2685292480633594,3,False,Belgian Grand Prix,belgian_grand_prix,2020,2020-08-30,109.95163333333333,30,Closing,1.0449999999999875,False,False,False,True
KVY,AlphaTauri,29,0 days 00:01:49.885000,0 days 00:00:31.349000,0 days 00:00:49.019000,0 days 00:00:29.517000,Hard,18,2,,,1,True,0 days 01:31:17.030000,109.885,31.349,49.019,29.517,5477.03,5479.089,18.0,55.0,962.4,False,27.6,315,1.8,False,True,False,FORMULA 1 ROLEX BELGIAN GRAND PRIX 2020,Spa-Francorchamps,Belgium,,,Permanent,,,0.2852891659462165,0.4460936433544159,0.2686171906993675,3,False,Belgian Grand Prix,belgian_grand_prix,2020,2020-08-30,110.81186666666666,30,Closing,0.05300000000001148,False,False,False,True
RAI,Alfa Romeo Racing,29,0 days 00:01:50.117000,0 days 00:00:31.674000,0 days 00:00:48.869000,0 days 00:00:29.574000,Hard,19,2,,,1,True,0 days 01:31:18.218000,110.117,31.674,48.869,29.574,5478.218,5479.089,18.0,55.0,962.4,False,27.6,315,1.8,False,True,False,FORMULA 1 ROLEX BELGIAN GRAND PRIX 2020,Spa-Francorchamps,Belgium,,,Permanent,,,0.287639510702253,0.4437916034763025,0.26856888582144445,3,False,Belgian Grand Prix,belgian_grand_prix,2020,2020-08-30,110.82376666666667,30,Closing,0.2950000000000017,False,False,False,True
PER,Racing Point,29,0 days 00:01:48.995000,0 days 00:00:30.922000,0 days 00:00:48.583000,0 days 00:00:29.490000,Hard,11,2,,,1,True,0 days 01:31:20.353000,108.995,30.922,48.583,29.49,5480.353,5479.089,18.0,55.0,962.4,False,27.6,315,1.8,False,True,False,FORMULA 1 ROLEX BELGIAN GRAND PRIX 2020,Spa-Francorchamps,Belgium,,,Permanent,,,0.28370108720583515,0.4457360429377494,0.2705628698564154,3,False,Belgian Grand Prix,belgian_grand_prix,2020,2020-08-30,109.94061538461538,26,Closing,0.6060000000000088,False,False,False,True
VET,Ferrari,29,0 days 00:01:51.378000,0 days 00:00:31.681000,0 days 00:00:50.129000,0 days 00:00:29.568000,Hard,18,2,,,1,True,0 days 01:31:21.885000,111.378,31.681,50.129,29.568,5481.885,5479.089,18.0,55.0,962.4,False,27.6,315,1.8,False,True,False,FORMULA 1 ROLEX BELGIAN GRAND PRIX 2020,Spa-Francorchamps,Belgium,,,Permanent,,,0.2844457612814021,0.45007990806083786,0.26547433065776005,3,False,Belgian Grand Prix,belgian_grand_prix,2020,2020-08-30,110.88573333333333,30,Closing,1.4200000000000017,False,False,False,True
GRO,Haas F1 Team,29,0 days 00:01:50.336000,0 days 00:00:31.912000,0 days 00:00:48.649000,0 days 00:00:29.775000,Hard,19,2,,,1,True,0 days 01:31:25.194000,110.336,31.912,48.649,29.775,5485.194,5479.089,18.0,55.0,962.4,False,27.6,315,1.8,False,True,False,FORMULA 1 ROLEX BELGIAN GRAND PRIX 2020,Spa-Francorchamps,Belgium,,,Permanent,,,0.28922563805104406,0.44091683584686775,0.2698575261020882,3,False,Belgian Grand Prix,belgian_grand_prix,2020,2020-08-30,112.2027741935484,31,Closing,0.31799999999999784,False,False,False,True
GAS,AlphaTauri,29,0 days 00:01:47.839000,0 days 00:00:30.744000,0 days 00:00:47.985000,0 days 00:00:29.110000,Medium,3,2,,,1,True,0 days 01:31:26.414000,107.839,30.744,47.985,29.11,5486.414,5479.089,18.0,55.0,962.4,False,27.6,315,1.8,False,True,False,FORMULA 1 ROLEX BELGIAN GRAND PRIX 2020,Spa-Francorchamps,Belgium,,,Permanent,,,0.28509166442567163,0.44496888880646146,0.2699394467678669,3,False,Belgian Grand Prix,belgian_grand_prix,2020,2020-08-30,109.43794444444444,18,Closing,0.0,False,False,False,True
MAG,Haas F1 Team,29,0 days 00:01:51.327000,0 days 00:00:31.978000,0 days 00:00:49.502000,0 days 00:00:29.847000,Hard,19,2,,,1,True,0 days 01:31:28.776000,111.327,31.978,49.502,29.847,5488.776,5479.089,18.0,55.0,962.4,False,27.6,315,1.8,False,True,False,FORMULA 1 ROLEX BELGIAN GRAND PRIX 2020,Spa-Francorchamps,Belgium,,,Permanent,,,0.2872438851311901,0.44465403720570934,0.2681020776631006,3,False,Belgian Grand Prix,belgian_grand_prix,2020,2020-08-30,114.45065217391303,23,Mid,3.2439999999999998,False,False,False,True
LAT,Williams,29,0 days 00:01:51.143000,0 days 00:00:32.127000,0 days 00:00:49.084000,0 days 00:00:29.932000,Hard,19,2,,,1,True,0 days 01:31:32.337000,111.143,32.127,49.084,29.932,5492.337,5479.089,18.0,55.0,962.4,False,27.6,315,1.8,False,True,False,FORMULA 1 ROLEX BELGIAN GRAND PRIX 2020,Spa-Francorchamps,Belgium,,,Permanent,,,0.28906003976858646,0.4416292524045599,0.2693107078268537,3,False,Belgian Grand Prix,belgian_grand_prix,2020,2020-08-30,115.44411111111111,18,Mid,3.094999999999999,False,False,False,True
LEC,Ferrari,29,0 days 00:01:49.103000,0 days 00:00:31.837000,0 days 00:00:47.705000,0 days 00:00:29.561000,Medium,5,3,,,1,True,0 days 01:31:34.463000,109.103,31.837,47.705,29.561,5494.463,5479.089,18.0,55.0,962.4,False,27.6,315,1.8,False,True,False,FORMULA 1 ROLEX BELGIAN GRAND PRIX 2020,Spa-Francorchamps,Belgium,,,Permanent,,,0.29180682474359093,0.4372473717496311,0.270945803506778,3,False,Belgian Grand Prix,belgian_grand_prix,2020,2020-08-30,110.55205000000001,20,Closing,1.262999999999991,False,False,False,True
HAM,Mercedes,30,0 days 00:01:48.176000,0 days 00:00:31.551000,0 days 00:00:47.270000,0 days 00:00:29.355000,Hard,19,2,,,1,True,0 days 01:32:24.027000,108.176,31.551,47.27,29.355,5544.027,5539.12,18.0,54.8,962.4,False,27.6,307,1.3,False,True,False,FORMULA 1 ROLEX BELGIAN GRAND PRIX 2020,Spa-Francorchamps,Belgium,,,Permanent,,,0.2916635852684514,0.43697308090519155,0.271363333826357,3,False,Belgian Grand Prix,belgian_grand_prix,2020,2020-08-30,108.6334,30,Closing,0.41800000000000637,False,False,False,True
BOT,Mercedes,30,0 days 00:01:48.145000,0 days 00:00:31.555000,0 days 00:00:47.259000,0 days 00:00:29.331000,Hard,19,2,,,1,True,0 days 01:32:28.507000,108.145,31.555,47.259,29.331,5548.507,5539.12,18.0,54.8,962.4,False,27.6,307,1.3,False,True,False,FORMULA 1 ROLEX BELGIAN GRAND PRIX 2020,Spa-Francorchamps,Belgium,,,Permanent,,,0.29178417864903605,0.4369966249017523,0.2712191964492117,3,False,Belgian Grand Prix,belgian_grand_prix,2020,2020-08-30,108.892,30,Closing,0.16199999999999193,False,False,False,True
VER,Red Bull Racing,30,0 days 00:01:48.748000,0 days 00:00:31.511000,0 days 00:00:47.889000,0 days 00:00:29.348000,Hard,19,2,,,1,True,0 days 01:32:31.918000,108.748,31.511,47.889,29.348,5551.918,5539.12,18.0,54.8,962.4,False,27.6,307,1.3,False,True,False,FORMULA 1 ROLEX BELGIAN GRAND PRIX 2020,Spa-Francorchamps,Belgium,,,Permanent,,,0.28976165078898003,0.44036671938794275,0.26987162982307716,3,False,Belgian Grand Prix,belgian_grand_prix,2020,2020-08-30,109.1101,30,Closing,0.44299999999999784,False,False,False,True
RIC,Renault,30,0 days 00:01:48.660000,0 days 00:00:31.639000,0 days 00:00:47.756000,0 days 00:00:29.265000,Hard,19,2,,,1,True,0 days 01:32:48.862000,108.66,31.639,47.756,29.265,5568.862,5539.12,18.0,54.8,962.4,False,27.6,307,1.3,False,True,False,FORMULA 1 ROLEX BELGIAN GRAND PRIX 2020,Spa-Francorchamps,Belgium,,,Permanent,,,0.29117430517209647,0.4394993557886987,0.2693263390392049,3,False,Belgian Grand Prix,belgian_grand_prix,2020,2020-08-30,109.17863333333334,30,Closing,1.1769999999999925,False,False,False,True
ALB,Red Bull Racing,30,0 days 00:01:49.158000,0 days 00:00:31.604000,0 days 00:00:48.024000,0 days 00:00:29.530000,Medium,19,2,,,1,True,0 days 01:32:53.018000,109.158,31.604,48.024,29.53,5573.018,5599.133,18.0,54.8,962.4,False,27.6,307,1.3,False,True,False,FORMULA 1 ROLEX BELGIAN GRAND PRIX 2020,Spa-Francorchamps,Belgium,,,Permanent,,,0.28952527528903055,0.43994943109987356,0.27052529361109584,3,False,Belgian Grand Prix,belgian_grand_prix,2020,2020-08-30,109.96076666666666,30,Closing,0.42199999999999704,False,False,False,True
OCO,Renault,30,0 days 00:01:48.995000,0 days 00:00:31.439000,0 days 00:00:48.039000,0 days 00:00:29.517000,Hard,19,2,,,1,True,0 days 01:32:57.428000,108.995,31.439,48.039,29.517,5577.428,5599.133,18.0,54.8,962.4,False,27.6,307,1.3,False,True,False,FORMULA 1 ROLEX BELGIAN GRAND PRIX 2020,Spa-Francorchamps,Belgium,,,Permanent,,,0.28844442405614934,0.4407449883022157,0.2708105876416349,3,False,Belgian Grand Prix,belgian_grand_prix,2020,2020-08-30,109.88136666666666,30,Closing,0.4549999999999983,False,False,False,True
STR,Racing Point,30,0 days 00:01:49.300000,0 days 00:00:31.569000,0 days 00:00:48.148000,0 days 00:00:29.583000,Hard,19,2,,,1,True,0 days 01:33:01.947000,109.3,31.569,48.148,29.583,5581.947,5599.133,18.0,54.8,962.4,False,27.6,307,1.3,False,True,False,FORMULA 1 ROLEX BELGIAN GRAND PRIX 2020,Spa-Francorchamps,Belgium,,,Permanent,,,0.2888289112534309,0.44051235132662403,0.2706587374199451,3,False,Belgian Grand Prix,belgian_grand_prix,2020,2020-08-30,110.2591,30,Closing,0.16400000000000148,False,False,False,True
NOR,McLaren,30,0 days 00:01:49.261000,0 days 00:00:31.426000,0 days 00:00:48.413000,0 days 00:00:29.422000,Hard,19,2,,,1,True,0 days 01:33:03.896000,109.261,31.426,48.413,29.422,5583.896,5599.133,18.0,54.8,962.4,False,27.6,307,1.3,False,True,False,FORMULA 1 ROLEX BELGIAN GRAND PRIX 2020,Spa-Francorchamps,Belgium,,,Permanent,,,0.2876232141386222,0.4430949744190516,0.2692818114423262,3,False,Belgian Grand Prix,belgian_grand_prix,2020,2020-08-30,109.95163333333333,30,Closing,0.708999999999989,False,False,False,True
KVY,AlphaTauri,30,0 days 00:01:49.857000,0 days 00:00:31.332000,0 days 00:00:48.843000,0 days 00:00:29.682000,Hard,19,2,,,1,True,0 days 01:33:06.887000,109.857,31.332,48.843,29.682,5586.887,5599.133,18.0,54.8,962.4,False,27.6,307,1.3,False,True,False,FORMULA 1 ROLEX BELGIAN GRAND PRIX 2020,Spa-Francorchamps,Belgium,,,Permanent,,,0.2852071329091455,0.44460525956470687,0.2701876075261476,3,False,Belgian Grand Prix,belgian_grand_prix,2020,2020-08-30,110.81186666666666,30,Closing,0.025000000000005684,False,False,False,True
RAI,Alfa Romeo Racing,30,0 days 00:01:49.890000,0 days 00:00:31.659000,0 days 00:00:48.561000,0 days 00:00:29.670000,Hard,20,2,,,1,True,0 days 01:33:08.108000,109.89,31.659,48.561,29.67,5588.108,5599.133,18.0,54.8,962.4,False,27.6,307,1.3,False,True,False,FORMULA 1 ROLEX BELGIAN GRAND PRIX 2020,Spa-Francorchamps,Belgium,,,Permanent,,,0.2880971880971881,0.4419055419055419,0.26999726999727003,3,False,Belgian Grand Prix,belgian_grand_prix,2020,2020-08-30,110.82376666666667,30,Closing,0.06799999999999784,False,False,False,True
PER,Racing Point,30,0 days 00:01:49.151000,0 days 00:00:31.442000,0 days 00:00:48.295000,0 days 00:00:29.414000,Hard,12,2,,,1,True,0 days 01:33:09.504000,109.151,31.442,48.295,29.414,5589.504,5599.133,18.0,54.8,962.4,False,27.6,307,1.3,False,True,False,FORMULA 1 ROLEX BELGIAN GRAND PRIX 2020,Spa-Francorchamps,Belgium,,,Permanent,,,0.2880596604703576,0.44246044470504164,0.26947989482460083,3,False,Belgian Grand Prix,belgian_grand_prix,2020,2020-08-30,109.94061538461538,26,Closing,0.7620000000000005,False,False,False,True
VET,Ferrari,30,0 days 00:01:50.179000,0 days 00:00:31.673000,0 days 00:00:48.766000,0 days 00:00:29.740000,Hard,19,2,,,1,True,0 days 01:33:12.064000,110.179,31.673,48.766,29.74,5592.064,5599.133,18.0,54.8,962.4,False,27.6,307,1.3,False,True,False,FORMULA 1 ROLEX BELGIAN GRAND PRIX 2020,Spa-Francorchamps,Belgium,,,Permanent,,,0.2874685738661632,0.44260703037783966,0.269924395755997,3,False,Belgian Grand Prix,belgian_grand_prix,2020,2020-08-30,110.88573333333333,30,Closing,0.22100000000000364,False,False,False,True
GAS,AlphaTauri,30,0 days 00:01:48.021000,0 days 00:00:30.666000,0 days 00:00:48.019000,0 days 00:00:29.336000,Medium,4,2,,,1,True,0 days 01:33:14.435000,108.021,30.666,48.019,29.336,5594.435,5599.133,18.0,54.8,962.4,False,27.6,307,1.3,False,True,False,FORMULA 1 ROLEX BELGIAN GRAND PRIX 2020,Spa-Francorchamps,Belgium,,,Permanent,,,0.28388924375815816,0.4445339332166893,0.2715768230251525,3,False,Belgian Grand Prix,belgian_grand_prix,2020,2020-08-30,109.43794444444444,18,Closing,0.18200000000000216,False,False,False,True
GRO,Haas F1 Team,30,0 days 00:01:51.386000,0 days 00:00:31.852000,0 days 00:00:49.763000,0 days 00:00:29.771000,Hard,20,2,,,1,True,0 days 01:33:16.580000,111.386,31.852,49.763,29.771,5596.58,5599.133,18.0,54.8,962.4,False,27.6,307,1.3,False,True,False,FORMULA 1 ROLEX BELGIAN GRAND PRIX 2020,Spa-Francorchamps,Belgium,,,Permanent,,,0.2859605336397752,0.44676171152568545,0.26727775483453936,3,False,Belgian Grand Prix,belgian_grand_prix,2020,2020-08-30,112.2027741935484,31,Closing,1.367999999999995,False,False,False,True
MAG,Haas F1 Team,30,0 days 00:01:50.469000,0 days 00:00:31.993000,0 days 00:00:48.616000,0 days 00:00:29.860000,Hard,20,2,,,1,True,0 days 01:33:19.245000,110.469,31.993,48.616,29.86,5599.245,5599.133,18.0,54.8,962.4,False,27.6,307,1.3,False,True,False,FORMULA 1 ROLEX BELGIAN GRAND PRIX 2020,Spa-Francorchamps,Belgium,,,Permanent,,,0.2896106600041641,0.44008726430039197,0.27030207569544396,3,False,Belgian Grand Prix,belgian_grand_prix,2020,2020-08-30,114.45065217391303,23,Mid,2.3859999999999957,False,False,False,True
LEC,Ferrari,30,0 days 00:01:50.166000,0 days 00:00:31.902000,0 days 00:00:48.133000,0 days 00:00:30.131000,Medium,6,3,,,1,True,0 days 01:33:24.629000,110.166,31.902,48.133,30.131,5604.629,5599.133,18.0,54.8,962.4,False,27.6,307,1.3,False,True,False,FORMULA 1 ROLEX BELGIAN GRAND PRIX 2020,Spa-Francorchamps,Belgium,,,Permanent,,,0.2895811774957791,0.4369133852549789,0.2735054372492421,3,False,Belgian Grand Prix,belgian_grand_prix,2020,2020-08-30,110.55205000000001,20,Closing,2.3259999999999934,False,False,False,True
LAT,Williams,30,0 days 00:01:54.687000,0 days 00:00:31.998000,0 days 00:00:48.511000,0 days 00:00:34.178000,Hard,20,2,0 days 01:33:23.350000,,1,False,0 days 01:33:27.024000,114.687,31.998,48.511,34.178,5607.024,5599.133,18.0,54.8,962.4,False,27.6,307,1.3,False,True,False,FORMULA 1 ROLEX BELGIAN GRAND PRIX 2020,Spa-Francorchamps,Belgium,,,Permanent,30.0,,0.27900285123858853,0.42298604026611564,0.2980111084952959,1,False,Belgian Grand Prix,belgian_grand_prix,2020,2020-08-30,115.44411111111111,18,Mid,6.638999999999996,False,False,False,True
HAM,Mercedes,31,0 days 00:01:48.856000,0 days 00:00:31.593000,0 days 00:00:47.843000,0 days 00:00:29.420000,Hard,20,2,,,1,True,0 days 01:34:12.883000,108.856,31.593,47.843,29.42,5652.883,5659.121,18.2,54.7,962.4,False,27.7,278,0.9,False,True,False,FORMULA 1 ROLEX BELGIAN GRAND PRIX 2020,Spa-Francorchamps,Belgium,,,Permanent,,,0.29022745645623577,0.4395072389211436,0.2702653046226207,3,False,Belgian Grand Prix,belgian_grand_prix,2020,2020-08-30,108.6334,30,Closing,1.097999999999999,False,False,False,True
BOT,Mercedes,31,0 days 00:01:48.595000,0 days 00:00:31.603000,0 days 00:00:47.464000,0 days 00:00:29.528000,Hard,20,2,,,1,True,0 days 01:34:17.102000,108.595,31.603,47.464,29.528,5657.102,5659.121,18.2,54.7,962.4,False,27.7,278,0.9,False,True,False,FORMULA 1 ROLEX BELGIAN GRAND PRIX 2020,Spa-Francorchamps,Belgium,,,Permanent,,,0.29101708181776326,0.4370735300888623,0.27190938809337445,3,False,Belgian Grand Prix,belgian_grand_prix,2020,2020-08-30,108.892,30,Closing,0.6119999999999948,False,False,False,True
VER,Red Bull Racing,31,0 days 00:01:48.700000,0 days 00:00:31.553000,0 days 00:00:47.812000,0 days 00:00:29.335000,Hard,20,2,,,1,True,0 days 01:34:20.618000,108.7,31.553,47.812,29.335,5660.618,5659.121,18.2,54.7,962.4,False,27.7,278,0.9,False,True,False,FORMULA 1 ROLEX BELGIAN GRAND PRIX 2020,Spa-Francorchamps,Belgium,,,Permanent,,,0.2902759889604416,0.43985280588776443,0.2698712051517939,3,False,Belgian Grand Prix,belgian_grand_prix,2020,2020-08-30,109.1101,30,Closing,0.394999999999996,False,False,False,True
RIC,Renault,31,0 days 00:01:48.677000,0 days 00:00:31.540000,0 days 00:00:47.888000,0 days 00:00:29.249000,Hard,20,2,,,1,True,0 days 01:34:37.539000,108.677,31.54,47.888,29.249,5677.539,5659.121,18.2,54.7,962.4,False,27.7,278,0.9,False,True,False,FORMULA 1 ROLEX BELGIAN GRAND PRIX 2020,Spa-Francorchamps,Belgium,,,Permanent,,,0.29021780137471587,0.4406452147188457,0.2691369839064383,3,False,Belgian Grand Prix,belgian_grand_prix,2020,2020-08-30,109.17863333333334,30,Closing,1.1940000000000026,False,False,False,True
ALB,Red Bull Racing,31,0 days 00:01:49.192000,0 days 00:00:31.645000,0 days 00:00:48.015000,0 days 00:00:29.532000,Medium,20,2,,,1,True,0 days 01:34:42.210000,109.192,31.645,48.015,29.532,5682.21,5659.121,18.2,54.7,962.4,False,27.7,278,0.9,False,True,False,FORMULA 1 ROLEX BELGIAN GRAND PRIX 2020,Spa-Francorchamps,Belgium,,,Permanent,,,0.28981060883581217,0.4397300168510514,0.2704593743131365,3,False,Belgian Grand Prix,belgian_grand_prix,2020,2020-08-30,109.96076666666666,30,Closing,0.45599999999998886,False,False,False,True
OCO,Renault,31,0 days 00:01:48.864000,0 days 00:00:31.455000,0 days 00:00:48.143000,0 days 00:00:29.266000,Hard,20,2,,,1,True,0 days 01:34:46.292000,108.864,31.455,48.143,29.266,5686.292,5659.121,18.2,54.7,962.4,False,27.7,278,0.9,False,True,False,FORMULA 1 ROLEX BELGIAN GRAND PRIX 2020,Spa-Francorchamps,Belgium,,,Permanent,,,0.28893849206349204,0.4422306731334509,0.268830834803057,3,False,Belgian Grand Prix,belgian_grand_prix,2020,2020-08-30,109.88136666666666,30,Closing,0.32399999999999807,False,False,False,True
STR,Racing Point,31,0 days 00:01:49.181000,0 days 00:00:31.629000,0 days 00:00:48.006000,0 days 00:00:29.546000,Hard,20,2,,,1,True,0 days 01:34:51.128000,109.181,31.629,48.006,29.546,5691.128,5719.157,18.3,54.3,962.4,False,27.9,285,0.5,False,True,False,FORMULA 1 ROLEX BELGIAN GRAND PRIX 2020,Spa-Francorchamps,Belgium,,,Permanent,,,0.28969326164808895,0.4396918877826728,0.27061485056923823,3,False,Belgian Grand Prix,belgian_grand_prix,2020,2020-08-30,110.2591,30,Closing,0.045000000000001705,False,False,False,True
NOR,McLaren,31,0 days 00:01:49.108000,0 days 00:00:31.426000,0 days 00:00:48.376000,0 days 00:00:29.306000,Hard,20,2,,,1,True,0 days 01:34:53.004000,109.108,31.426,48.376,29.306,5693.004,5719.157,18.3,54.3,962.4,False,27.9,285,0.5,False,True,False,FORMULA 1 ROLEX BELGIAN GRAND PRIX 2020,Spa-Francorchamps,Belgium,,,Permanent,,,0.2880265425083403,0.4433772042380027,0.26859625325365694,3,False,Belgian Grand Prix,belgian_grand_prix,2020,2020-08-30,109.95163333333333,30,Closing,0.5559999999999974,False,False,False,True
KVY,AlphaTauri,31,0 days 00:01:49.963000,0 days 00:00:31.368000,0 days 00:00:48.982000,0 days 00:00:29.613000,Hard,20,2,,,1,True,0 days 01:34:56.850000,109.963,31.368,48.982,29.613,5696.85,5719.157,18.3,54.3,962.4,False,27.9,285,0.5,False,True,False,FORMULA 1 ROLEX BELGIAN GRAND PRIX 2020,Spa-Francorchamps,Belgium,,,Permanent,,,0.2852595873157335,0.4454407391577167,0.2692996735265499,3,False,Belgian Grand Prix,belgian_grand_prix,2020,2020-08-30,110.81186666666666,30,Closing,0.13100000000000023,False,False,False,True
RAI,Alfa Romeo Racing,31,0 days 00:01:50.018000,0 days 00:00:31.657000,0 days 00:00:48.763000,0 days 00:00:29.598000,Hard,21,2,,,1,True,0 days 01:34:58.126000,110.018,31.657,48.763,29.598,5698.126,5719.157,18.3,54.3,962.4,False,27.9,285,0.5,False,True,False,FORMULA 1 ROLEX BELGIAN GRAND PRIX 2020,Spa-Francorchamps,Belgium,,,Permanent,,,0.2877438237379338,0.44322747186823974,0.2690287043938265,3,False,Belgian Grand Prix,belgian_grand_prix,2020,2020-08-30,110.82376666666667,30,Closing,0.19599999999999795,False,False,False,True
PER,Racing Point,31,0 days 00:01:49.725000,0 days 00:00:31.360000,0 days 00:00:48.880000,0 days 00:00:29.485000,Hard,13,2,,,1,True,0 days 01:34:59.229000,109.725,31.36,48.88,29.485,5699.229,5719.157,18.3,54.3,962.4,False,27.9,285,0.5,False,True,False,FORMULA 1 ROLEX BELGIAN GRAND PRIX 2020,Spa-Francorchamps,Belgium,,,Permanent,,,0.2858054226475279,0.445477329687856,0.2687172476646161,3,False,Belgian Grand Prix,belgian_grand_prix,2020,2020-08-30,109.94061538461538,26,Closing,1.3359999999999985,False,False,False,True
VET,Ferrari,31,0 days 00:01:49.958000,0 days 00:00:31.777000,0 days 00:00:48.674000,0 days 00:00:29.507000,Hard,20,2,,,1,True,0 days 01:35:02.022000,109.958,31.777,48.674,29.507,5702.022,5719.157,18.3,54.3,962.4,False,27.9,285,0.5,False,True,False,FORMULA 1 ROLEX BELGIAN GRAND PRIX 2020,Spa-Francorchamps,Belgium,,,Permanent,,,0.2889921606431547,0.4426599246985213,0.2683479146583241,3,False,Belgian Grand Prix,belgian_grand_prix,2020,2020-08-30,110.88573333333333,30,Closing,0.0,False,False,False,True
GAS,AlphaTauri,31,0 days 00:01:48.473000,0 days 00:00:31.177000,0 days 00:00:48.117000,0 days 00:00:29.179000,Medium,5,2,,,1,True,0 days 01:35:02.908000,108.473,31.177,48.117,29.179,5702.908,5719.157,18.3,54.3,962.4,False,27.9,285,0.5,False,True,False,FORMULA 1 ROLEX BELGIAN GRAND PRIX 2020,Spa-Francorchamps,Belgium,,,Permanent,,,0.28741714528039236,0.4435850395951066,0.268997815124501,3,False,Belgian Grand Prix,belgian_grand_prix,2020,2020-08-30,109.43794444444444,18,Closing,0.6340000000000003,False,False,False,True
GRO,Haas F1 Team,31,0 days 00:01:50.243000,0 days 00:00:31.924000,0 days 00:00:48.583000,0 days 00:00:29.736000,Hard,21,2,,,1,True,0 days 01:35:06.823000,110.243,31.924,48.583,29.736,5706.823,5719.157,18.3,54.3,962.4,False,27.9,285,0.5,False,True,False,FORMULA 1 ROLEX BELGIAN GRAND PRIX 2020,Spa-Francorchamps,Belgium,,,Permanent,,,0.2895784766379725,0.4406901118438359,0.26973141151819163,3,False,Belgian Grand Prix,belgian_grand_prix,2020,2020-08-30,112.2027741935484,31,Closing,0.22499999999999432,False,False,False,True
MAG,Haas F1 Team,31,0 days 00:01:50.402000,0 days 00:00:32.009000,0 days 00:00:48.651000,0 days 00:00:29.742000,Hard,21,2,,,1,True,0 days 01:35:09.647000,110.402,32.009,48.651,29.742,5709.647,5719.157,18.3,54.3,962.4,False,27.9,285,0.5,False,True,False,FORMULA 1 ROLEX BELGIAN GRAND PRIX 2020,Spa-Francorchamps,Belgium,,,Permanent,,,0.2899313418235177,0.44067136464919116,0.2693972935272912,3,False,Belgian Grand Prix,belgian_grand_prix,2020,2020-08-30,114.45065217391303,23,Mid,2.3190000000000026,False,False,False,True
LEC,Ferrari,31,0 days 00:01:49.341000,0 days 00:00:31.950000,0 days 00:00:47.941000,0 days 00:00:29.450000,Medium,7,3,,,1,True,0 days 01:35:13.970000,109.341,31.95,47.941,29.45,5713.97,5719.157,18.3,54.3,962.4,False,27.9,285,0.5,False,True,False,FORMULA 1 ROLEX BELGIAN GRAND PRIX 2020,Spa-Francorchamps,Belgium,,,Permanent,,,0.29220511976294344,0.4384540108468004,0.2693408693902562,3,False,Belgian Grand Prix,belgian_grand_prix,2020,2020-08-30,110.55205000000001,20,Closing,1.5009999999999906,False,False,False,True
LAT,Williams,31,0 days 00:02:02.753000,0 days 00:00:46.519000,0 days 00:00:47.043000,0 days 00:00:29.191000,Medium,1,3,,0 days 01:33:46.853000,1,False,0 days 01:35:29.777000,122.753,46.519,47.043,29.191,5729.777,5719.157,18.3,54.3,962.4,False,27.9,285,0.5,False,True,False,FORMULA 1 ROLEX BELGIAN GRAND PRIX 2020,Spa-Francorchamps,Belgium,,,Permanent,,,0.3789642615659088,0.3832329963422482,0.23780274209184296,3,False,Belgian Grand Prix,belgian_grand_prix,2020,2020-08-30,110.10014285714286,14,Closing,14.704999999999998,False,False,False,True
HAM,Mercedes,32,0 days 00:01:48.311000,0 days 00:00:31.753000,0 days 00:00:47.140000,0 days 00:00:29.418000,Hard,21,2,,,1,True,0 days 01:36:01.194000,108.311,31.753,47.14,29.418,5761.194,5779.166,18.6,53.5,962.4,False,28.2,196,0.9,False,True,False,FORMULA 1 ROLEX BELGIAN GRAND PRIX 2020,Spa-Francorchamps,Belgium,,,Permanent,,,0.2931650524877436,0.43522818550285747,0.2716067620093988,3,False,Belgian Grand Prix,belgian_grand_prix,2020,2020-08-30,108.6334,30,Closing,0.5530000000000115,False,False,False,True
BOT,Mercedes,32,0 days 00:01:48.504000,0 days 00:00:31.703000,0 days 00:00:47.405000,0 days 00:00:29.396000,Hard,21,2,,,1,True,0 days 01:36:05.606000,108.504,31.703,47.405,29.396,5765.606,5779.166,18.6,53.5,962.4,False,28.2,196,0.9,False,True,False,FORMULA 1 ROLEX BELGIAN GRAND PRIX 2020,Spa-Francorchamps,Belgium,,,Permanent,,,0.29218277667182774,0.43689633561896335,0.27092088770920886,3,False,Belgian Grand Prix,belgian_grand_prix,2020,2020-08-30,108.892,30,Closing,0.5210000000000008,False,False,False,True
VER,Red Bull Racing,32,0 days 00:01:48.829000,0 days 00:00:31.728000,0 days 00:00:47.745000,0 days 00:00:29.356000,Hard,21,2,,,1,True,0 days 01:36:09.447000,108.829,31.728,47.745,29.356,5769.447,5779.166,18.6,53.5,962.4,False,28.2,196,0.9,False,True,False,FORMULA 1 ROLEX BELGIAN GRAND PRIX 2020,Spa-Francorchamps,Belgium,,,Permanent,,,0.29153993880307644,0.4387157834768306,0.269744277720093,3,False,Belgian Grand Prix,belgian_grand_prix,2020,2020-08-30,109.1101,30,Closing,0.5239999999999867,False,False,False,True
RIC,Renault,32,0 days 00:01:48.700000,0 days 00:00:31.614000,0 days 00:00:47.839000,0 days 00:00:29.247000,Hard,21,2,,,1,True,0 days 01:36:26.239000,108.7,31.614,47.839,29.247,5786.239,5779.166,18.6,53.5,962.4,False,28.2,196,0.9,False,True,False,FORMULA 1 ROLEX BELGIAN GRAND PRIX 2020,Spa-Francorchamps,Belgium,,,Permanent,,,0.29083716651333946,0.4401011959521619,0.26906163753449863,3,False,Belgian Grand Prix,belgian_grand_prix,2020,2020-08-30,109.17863333333334,30,Closing,1.2169999999999987,False,False,False,True
ALB,Red Bull Racing,32,0 days 00:01:49.282000,0 days 00:00:31.708000,0 days 00:00:48.042000,0 days 00:00:29.532000,Medium,21,2,,,1,True,0 days 01:36:31.492000,109.282,31.708,48.042,29.532,5791.492,5779.166,18.6,53.5,962.4,False,28.2,196,0.9,False,True,False,FORMULA 1 ROLEX BELGIAN GRAND PRIX 2020,Spa-Francorchamps,Belgium,,,Permanent,,,0.29014842334510715,0.439614941161399,0.2702366354934939,3,False,Belgian Grand Prix,belgian_grand_prix,2020,2020-08-30,109.96076666666666,30,Closing,0.5459999999999923,False,False,False,True
OCO,Renault,32,0 days 00:01:48.994000,0 days 00:00:31.519000,0 days 00:00:48.056000,0 days 00:00:29.419000,Hard,21,2,,,1,True,0 days 01:36:35.286000,108.994,31.519,48.056,29.419,5795.286,5779.166,18.6,53.5,962.4,False,28.2,196,0.9,False,True,False,FORMULA 1 ROLEX BELGIAN GRAND PRIX 2020,Spa-Francorchamps,Belgium,,,Permanent,,,0.289181055837936,0.4409050039451713,0.2699139402168927,3,False,Belgian Grand Prix,belgian_grand_prix,2020,2020-08-30,109.88136666666666,30,Closing,0.4539999999999935,False,False,False,True
STR,Racing Point,32,0 days 00:01:49.301000,0 days 00:00:31.740000,0 days 00:00:48.038000,0 days 00:00:29.523000,Hard,21,2,,,1,True,0 days 01:36:40.429000,109.301,31.74,48.038,29.523,5800.429,5779.166,18.6,53.5,962.4,False,28.2,196,0.9,False,True,False,FORMULA 1 ROLEX BELGIAN GRAND PRIX 2020,Spa-Francorchamps,Belgium,,,Permanent,,,0.2903907558027831,0.43950192587442016,0.27010731832279666,3,False,Belgian Grand Prix,belgian_grand_prix,2020,2020-08-30,110.2591,30,Closing,0.16500000000000625,False,False,False,True
NOR,McLaren,32,0 days 00:01:49.036000,0 days 00:00:31.463000,0 days 00:00:48.270000,0 days 00:00:29.303000,Hard,21,2,,,1,True,0 days 01:36:42.040000,109.036,31.463,48.27,29.303,5802.04,5779.166,18.6,53.5,962.4,False,28.2,196,0.9,False,True,False,FORMULA 1 ROLEX BELGIAN GRAND PRIX 2020,Spa-Francorchamps,Belgium,,,Permanent,,,0.2885560732235225,0.4426978245717011,0.2687461022047764,3,False,Belgian Grand Prix,belgian_grand_prix,2020,2020-08-30,109.95163333333333,30,Closing,0.48399999999999466,False,False,False,True
KVY,AlphaTauri,32,0 days 00:01:50.109000,0 days 00:00:31.563000,0 days 00:00:48.919000,0 days 00:00:29.627000,Hard,21,2,,,1,True,0 days 01:36:46.959000,110.109,31.563,48.919,29.627,5806.959,5779.166,18.6,53.5,962.4,False,28.2,196,0.9,False,True,False,FORMULA 1 ROLEX BELGIAN GRAND PRIX 2020,Spa-Francorchamps,Belgium,,,Permanent,,,0.2866523172492712,0.4442779427658048,0.269069739984924,3,False,Belgian Grand Prix,belgian_grand_prix,2020,2020-08-30,110.81186666666666,30,Closing,0.277000000000001,False,False,False,True
RAI,Alfa Romeo Racing,32,0 days 00:01:50.526000,0 days 00:00:31.613000,0 days 00:00:48.818000,0 days 00:00:30.095000,Hard,22,2,,,1,True,0 days 01:36:48.652000,110.526,31.613,48.818,30.095,5808.652,5779.166,18.6,53.5,962.4,False,28.2,196,0.9,False,True,False,FORMULA 1 ROLEX BELGIAN GRAND PRIX 2020,Spa-Francorchamps,Belgium,,,Permanent,,,0.28602319816151855,0.44168792863217704,0.2722888732063044,3,False,Belgian Grand Prix,belgian_grand_prix,2020,2020-08-30,110.82376666666667,30,Closing,0.7039999999999935,False,False,False,True
PER,Racing Point,32,0 days 00:01:50.143000,0 days 00:00:31.511000,0 days 00:00:48.940000,0 days 00:00:29.692000,Hard,14,2,,,1,True,0 days 01:36:49.372000,110.143,31.511,48.94,29.692,5809.372,5839.137,18.6,54.0,962.3,False,28.2,178,0.8,False,True,False,FORMULA 1 ROLEX BELGIAN GRAND PRIX 2020,Spa-Francorchamps,Belgium,,,Permanent,,,0.28609171713136555,0.4443314600110765,0.2695768228575579,3,False,Belgian Grand Prix,belgian_grand_prix,2020,2020-08-30,109.94061538461538,26,Closing,1.7540000000000049,False,False,False,True
GAS,AlphaTauri,32,0 days 00:01:48.603000,0 days 00:00:30.778000,0 days 00:00:48.588000,0 days 00:00:29.237000,Medium,6,2,,,1,True,0 days 01:36:51.511000,108.603,30.778,48.588,29.237,5811.511,5839.137,18.6,54.0,962.3,False,28.2,178,0.8,False,True,False,FORMULA 1 ROLEX BELGIAN GRAND PRIX 2020,Spa-Francorchamps,Belgium,,,Permanent,,,0.2833991694520409,0.44739095605093787,0.2692098744970213,3,False,Belgian Grand Prix,belgian_grand_prix,2020,2020-08-30,109.43794444444444,18,Closing,0.7639999999999958,False,False,False,True
VET,Ferrari,32,0 days 00:01:51.882000,0 days 00:00:31.856000,0 days 00:00:50.442000,0 days 00:00:29.584000,Hard,21,2,,,1,True,0 days 01:36:53.904000,111.882,31.856,50.442,29.584,5813.904,5839.137,18.6,54.0,962.3,False,28.2,178,0.8,False,True,False,FORMULA 1 ROLEX BELGIAN GRAND PRIX 2020,Spa-Francorchamps,Belgium,,,Permanent,,,0.28472855329722385,0.45085000268139647,0.2644214440213796,3,False,Belgian Grand Prix,belgian_grand_prix,2020,2020-08-30,110.88573333333333,30,Closing,1.9240000000000066,False,False,False,True
GRO,Haas F1 Team,32,0 days 00:01:50.181000,0 days 00:00:31.933000,0 days 00:00:48.452000,0 days 00:00:29.796000,Hard,22,2,,,1,True,0 days 01:36:57.004000,110.181,31.933,48.452,29.796,5817.004,5839.137,18.6,54.0,962.3,False,28.2,178,0.8,False,True,False,FORMULA 1 ROLEX BELGIAN GRAND PRIX 2020,Spa-Francorchamps,Belgium,,,Permanent,,,0.2898231092475109,0.43974914005137,0.2704277507011191,3,False,Belgian Grand Prix,belgian_grand_prix,2020,2020-08-30,112.2027741935484,31,Closing,0.1629999999999967,False,False,False,True
MAG,Haas F1 Team,32,0 days 00:01:50.489000,0 days 00:00:31.976000,0 days 00:00:48.648000,0 days 00:00:29.865000,Hard,22,2,,,1,True,0 days 01:37:00.136000,110.489,31.976,48.648,29.865,5820.136,5839.137,18.6,54.0,962.3,False,28.2,178,0.8,False,True,False,FORMULA 1 ROLEX BELGIAN GRAND PRIX 2020,Spa-Francorchamps,Belgium,,,Permanent,,,0.2894043750961634,0.440297224158061,0.27029840074577555,3,False,Belgian Grand Prix,belgian_grand_prix,2020,2020-08-30,114.45065217391303,23,Mid,2.406000000000006,False,False,False,True
LEC,Ferrari,32,0 days 00:01:49.389000,0 days 00:00:31.903000,0 days 00:00:47.969000,0 days 00:00:29.517000,Medium,8,3,,,1,True,0 days 01:37:03.359000,109.389,31.903,47.969,29.517,5823.359,5839.137,18.6,54.0,962.3,False,28.2,178,0.8,False,True,False,FORMULA 1 ROLEX BELGIAN GRAND PRIX 2020,Spa-Francorchamps,Belgium,,,Permanent,,,0.29164724058177693,0.43851758403495783,0.26983517538326524,3,False,Belgian Grand Prix,belgian_grand_prix,2020,2020-08-30,110.55205000000001,20,Closing,1.5489999999999924,False,False,False,True
LAT,Williams,32,0 days 00:01:48.048000,0 days 00:00:31.726000,0 days 00:00:47.097000,0 days 00:00:29.225000,Medium,2,3,,,1,True,0 days 01:37:17.825000,108.048,31.726,47.097,29.225,5837.825,5839.137,18.6,54.0,962.3,False,28.2,178,0.8,False,True,False,FORMULA 1 ROLEX BELGIAN GRAND PRIX 2020,Spa-Francorchamps,Belgium,,,Permanent,,,0.2936287575892196,0.4358896046201688,0.2704816377906116,3,False,Belgian Grand Prix,belgian_grand_prix,2020,2020-08-30,110.10014285714286,14,Closing,0.0,False,False,False,True
HAM,Mercedes,33,0 days 00:01:48.174000,0 days 00:00:31.784000,0 days 00:00:47.061000,0 days 00:00:29.329000,Hard,22,2,,,1,True,0 days 01:37:49.368000,108.174,31.784,47.061,29.329,5869.368,5899.161,18.8,52.9,962.4,False,28.6,184,1.2,False,True,False,FORMULA 1 ROLEX BELGIAN GRAND PRIX 2020,Spa-Francorchamps,Belgium,,,Permanent,,,0.2938229149333481,0.43504908758111926,0.27112799748553257,3,False,Belgian Grand Prix,belgian_grand_prix,2020,2020-08-30,108.6334,30,Closing,0.416000000000011,False,False,False,True
BOT,Mercedes,33,0 days 00:01:48.457000,0 days 00:00:31.752000,0 days 00:00:47.331000,0 days 00:00:29.374000,Hard,22,2,,,1,True,0 days 01:37:54.063000,108.457,31.752,47.331,29.374,5874.063,5899.161,18.8,52.9,962.4,False,28.6,184,1.2,False,True,False,FORMULA 1 ROLEX BELGIAN GRAND PRIX 2020,Spa-Francorchamps,Belgium,,,Permanent,,,0.29276118646099375,0.43640336723309703,0.2708354463059093,3,False,Belgian Grand Prix,belgian_grand_prix,2020,2020-08-30,108.892,30,Closing,0.47399999999998954,False,False,False,True
VER,Red Bull Racing,33,0 days 00:01:48.776000,0 days 00:00:31.584000,0 days 00:00:47.861000,0 days 00:00:29.331000,Hard,22,2,,,1,True,0 days 01:37:58.223000,108.776,31.584,47.861,29.331,5878.223,5899.161,18.8,52.9,962.4,False,28.6,184,1.2,False,True,False,FORMULA 1 ROLEX BELGIAN GRAND PRIX 2020,Spa-Francorchamps,Belgium,,,Permanent,,,0.29035816724277413,0.4399959549900713,0.26964587776715454,3,False,Belgian Grand Prix,belgian_grand_prix,2020,2020-08-30,109.1101,30,Closing,0.4709999999999894,False,False,False,True
RIC,Renault,33,0 days 00:01:48.756000,0 days 00:00:31.562000,0 days 00:00:47.886000,0 days 00:00:29.308000,Hard,22,2,,,1,True,0 days 01:38:14.995000,108.756,31.562,47.886,29.308,5894.995,5899.161,18.8,52.9,962.4,False,28.6,184,1.2,False,True,False,FORMULA 1 ROLEX BELGIAN GRAND PRIX 2020,Spa-Francorchamps,Belgium,,,Permanent,,,0.2902092758100703,0.44030674169700984,0.26948398249291994,3,False,Belgian Grand Prix,belgian_grand_prix,2020,2020-08-30,109.17863333333334,30,Closing,1.2729999999999961,False,False,False,True
ALB,Red Bull Racing,33,0 days 00:01:49.710000,0 days 00:00:31.704000,0 days 00:00:48.356000,0 days 00:00:29.650000,Medium,22,2,,,1,True,0 days 01:38:21.202000,109.71,31.704,48.356,29.65,5901.202,5899.161,18.8,52.9,962.4,False,28.6,184,1.2,False,True,False,FORMULA 1 ROLEX BELGIAN GRAND PRIX 2020,Spa-Francorchamps,Belgium,,,Permanent,,,0.28898003828274543,0.4407620089326406,0.270257952784614,3,False,Belgian Grand Prix,belgian_grand_prix,2020,2020-08-30,109.96076666666666,30,Closing,0.9739999999999895,False,False,False,True
OCO,Renault,33,0 days 00:01:49.250000,0 days 00:00:31.411000,0 days 00:00:48.389000,0 days 00:00:29.450000,Hard,22,2,,,1,True,0 days 01:38:24.536000,109.25,31.411,48.389,29.45,5904.536,5899.161,18.8,52.9,962.4,False,28.6,184,1.2,False,True,False,FORMULA 1 ROLEX BELGIAN GRAND PRIX 2020,Spa-Francorchamps,Belgium,,,Permanent,,,0.28751487414187643,0.4429199084668192,0.26956521739130435,3,False,Belgian Grand Prix,belgian_grand_prix,2020,2020-08-30,109.88136666666666,30,Closing,0.7099999999999937,False,False,False,True
STR,Racing Point,33,0 days 00:01:49.427000,0 days 00:00:31.700000,0 days 00:00:48.197000,0 days 00:00:29.530000,Hard,22,2,,,1,True,0 days 01:38:29.856000,109.427,31.7,48.197,29.53,5909.856,5899.161,18.8,52.9,962.4,False,28.6,184,1.2,False,True,False,FORMULA 1 ROLEX BELGIAN GRAND PRIX 2020,Spa-Francorchamps,Belgium,,,Permanent,,,0.2896908441243934,0.4404488837307063,0.26986027214490027,3,False,Belgian Grand Prix,belgian_grand_prix,2020,2020-08-30,110.2591,30,Closing,0.291000000000011,False,False,False,True
NOR,McLaren,33,0 days 00:01:49.333000,0 days 00:00:31.384000,0 days 00:00:48.345000,0 days 00:00:29.604000,Hard,22,2,,,1,True,0 days 01:38:31.373000,109.333,31.384,48.345,29.604,5911.373,5899.161,18.8,52.9,962.4,False,28.6,184,1.2,False,True,False,FORMULA 1 ROLEX BELGIAN GRAND PRIX 2020,Spa-Francorchamps,Belgium,,,Permanent,,,0.28704965563919405,0.4421812261622749,0.2707691181985311,3,False,Belgian Grand Prix,belgian_grand_prix,2020,2020-08-30,109.95163333333333,30,Closing,0.7809999999999917,False,False,False,True
KVY,AlphaTauri,33,0 days 00:01:50.140000,0 days 00:00:31.447000,0 days 00:00:48.999000,0 days 00:00:29.694000,Hard,22,2,,,1,True,0 days 01:38:37.099000,110.14,31.447,48.999,29.694,5917.099,5899.161,18.8,52.9,962.4,False,28.6,184,1.2,False,True,False,FORMULA 1 ROLEX BELGIAN GRAND PRIX 2020,Spa-Francorchamps,Belgium,,,Permanent,,,0.2855184310877065,0.44487924459778466,0.2696023243145088,3,False,Belgian Grand Prix,belgian_grand_prix,2020,2020-08-30,110.81186666666666,30,Closing,0.30800000000000693,False,False,False,True
PER,Racing Point,33,0 days 00:01:49.305000,0 days 00:00:30.994000,0 days 00:00:48.732000,0 days 00:00:29.579000,Hard,15,2,,,1,True,0 days 01:38:38.677000,109.305,30.994,48.732,29.579,5918.677,5899.161,18.8,52.9,962.4,False,28.6,184,1.2,False,True,False,FORMULA 1 ROLEX BELGIAN GRAND PRIX 2020,Spa-Francorchamps,Belgium,,,Permanent,,,0.2835551896070628,0.44583504871689306,0.27060976167604406,3,False,Belgian Grand Prix,belgian_grand_prix,2020,2020-08-30,109.94061538461538,26,Closing,0.916000000000011,False,False,False,True
RAI,Alfa Romeo Racing,33,0 days 00:01:51.548000,0 days 00:00:31.926000,0 days 00:00:49.818000,0 days 00:00:29.804000,Hard,23,2,,,1,True,0 days 01:38:40.200000,111.548,31.926,49.818,29.804,5920.2,5899.161,18.8,52.9,962.4,False,28.6,184,1.2,False,True,False,FORMULA 1 ROLEX BELGIAN GRAND PRIX 2020,Spa-Francorchamps,Belgium,,,Permanent,,,0.28620862767597804,0.4466059454225983,0.2671854269014236,3,False,Belgian Grand Prix,belgian_grand_prix,2020,2020-08-30,110.82376666666667,30,Closing,1.725999999999999,False,False,False,True
GAS,AlphaTauri,33,0 days 00:01:49.098000,0 days 00:00:31.208000,0 days 00:00:48.633000,0 days 00:00:29.257000,Medium,7,2,,,1,True,0 days 01:38:40.609000,109.098,31.208,48.633,29.257,5920.609,5899.161,18.8,52.9,962.4,False,28.6,184,1.2,False,True,False,FORMULA 1 ROLEX BELGIAN GRAND PRIX 2020,Spa-Francorchamps,Belgium,,,Permanent,,,0.2860547397752479,0.44577352472089316,0.2681717355038589,3,False,Belgian Grand Prix,belgian_grand_prix,2020,2020-08-30,109.43794444444444,18,Closing,1.2590000000000003,False,False,False,True
VET,Ferrari,33,0 days 00:01:50.499000,0 days 00:00:31.801000,0 days 00:00:48.983000,0 days 00:00:29.715000,Hard,22,2,,,1,True,0 days 01:38:44.403000,110.499,31.801,48.983,29.715,5924.403,5899.161,18.8,52.9,962.4,False,28.6,184,1.2,False,True,False,FORMULA 1 ROLEX BELGIAN GRAND PRIX 2020,Spa-Francorchamps,Belgium,,,Permanent,,,0.28779445967836814,0.44328907953918134,0.2689164607824505,3,False,Belgian Grand Prix,belgian_grand_prix,2020,2020-08-30,110.88573333333333,30,Closing,0.5409999999999968,False,False,False,True
GRO,Haas F1 Team,33,0 days 00:01:50.584000,0 days 00:00:31.829000,0 days 00:00:48.946000,0 days 00:00:29.809000,Hard,23,2,,,1,True,0 days 01:38:47.588000,110.584,31.829,48.946,29.809,5927.588,5899.161,18.8,52.9,962.4,False,28.6,184,1.2,False,True,False,FORMULA 1 ROLEX BELGIAN GRAND PRIX 2020,Spa-Francorchamps,Belgium,,,Permanent,,,0.28782644867250234,0.44261375967590244,0.26955979165159516,3,False,Belgian Grand Prix,belgian_grand_prix,2020,2020-08-30,112.2027741935484,31,Closing,0.5660000000000025,False,False,False,True
MAG,Haas F1 Team,33,0 days 00:01:51.086000,0 days 00:00:32.059000,0 days 00:00:48.810000,0 days 00:00:30.217000,Hard,23,2,,,1,True,0 days 01:38:51.222000,111.086,32.059,48.81,30.217,5931.222,5959.179,19.0,52.8,962.4,False,28.8,299,1.4,False,True,False,FORMULA 1 ROLEX BELGIAN GRAND PRIX 2020,Spa-Francorchamps,Belgium,,,Permanent,,,0.28859622274634067,0.439389301982248,0.2720144752714113,3,False,Belgian Grand Prix,belgian_grand_prix,2020,2020-08-30,114.45065217391303,23,Mid,3.003,False,False,False,True
LEC,Ferrari,33,0 days 00:01:49.322000,0 days 00:00:31.783000,0 days 00:00:48.040000,0 days 00:00:29.499000,Medium,9,3,,,1,True,0 days 01:38:52.681000,109.322,31.783,48.04,29.499,5932.681,5959.179,19.0,52.8,962.4,False,28.8,299,1.4,False,True,False,FORMULA 1 ROLEX BELGIAN GRAND PRIX 2020,Spa-Francorchamps,Belgium,,,Permanent,,,0.29072830720257586,0.43943579517389,0.2698358976235341,3,False,Belgian Grand Prix,belgian_grand_prix,2020,2020-08-30,110.55205000000001,20,Closing,1.4819999999999993,False,False,False,True
LAT,Williams,33,0 days 00:01:48.746000,0 days 00:00:31.774000,0 days 00:00:47.491000,0 days 00:00:29.481000,Medium,3,3,,,1,True,0 days 01:39:06.571000,108.746,31.774,47.491,29.481,5946.571,5959.179,19.0,52.8,962.4,False,28.8,299,1.4,False,True,False,FORMULA 1 ROLEX BELGIAN GRAND PRIX 2020,Spa-Francorchamps,Belgium,,,Permanent,,,0.29218545969506926,0.43671491365199644,0.2710996266529344,3,False,Belgian Grand Prix,belgian_grand_prix,2020,2020-08-30,110.10014285714286,14,Closing,0.6979999999999933,False,False,False,True
HAM,Mercedes,34,0 days 00:01:48.481000,0 days 00:00:31.733000,0 days 00:00:47.158000,0 days 00:00:29.590000,Hard,23,2,,,1,True,0 days 01:39:37.849000,108.481,31.733,47.158,29.59,5977.849,5959.179,19.0,52.8,962.4,False,28.8,299,1.4,False,True,False,FORMULA 1 ROLEX BELGIAN GRAND PRIX 2020,Spa-Francorchamps,Belgium,,,Permanent,,,0.29252127100598263,0.4347120693946406,0.27276665959937685,3,False,Belgian Grand Prix,belgian_grand_prix,2020,2020-08-30,108.6334,30,Closing,0.722999999999999,False,False,False,True
BOT,Mercedes,34,0 days 00:01:48.664000,0 days 00:00:31.742000,0 days 00:00:47.523000,0 days 00:00:29.399000,Hard,23,2,,,1,True,0 days 01:39:42.727000,108.664,31.742,47.523,29.399,5982.727,5959.179,19.0,52.8,962.4,False,28.8,299,1.4,False,True,False,FORMULA 1 ROLEX BELGIAN GRAND PRIX 2020,Spa-Francorchamps,Belgium,,,Permanent,,,0.2921114628579842,0.43733895310314364,0.27054958403887214,3,False,Belgian Grand Prix,belgian_grand_prix,2020,2020-08-30,108.892,30,Closing,0.6809999999999974,False,False,False,True
VER,Red Bull Racing,34,0 days 00:01:48.994000,0 days 00:00:31.622000,0 days 00:00:47.998000,0 days 00:00:29.374000,Hard,23,2,,,1,True,0 days 01:39:47.217000,108.994,31.622,47.998,29.374,5987.217,5959.179,19.0,52.8,962.4,False,28.8,299,1.4,False,True,False,FORMULA 1 ROLEX BELGIAN GRAND PRIX 2020,Spa-Francorchamps,Belgium,,,Permanent,,,0.2901260619850634,0.440372864561352,0.2695010734535846,3,False,Belgian Grand Prix,belgian_grand_prix,2020,2020-08-30,109.1101,30,Closing,0.688999999999993,False,False,False,True
RIC,Renault,34,0 days 00:01:48.897000,0 days 00:00:31.560000,0 days 00:00:48.005000,0 days 00:00:29.332000,Hard,23,2,,,1,True,0 days 01:40:03.892000,108.897,31.56,48.005,29.332,6003.892,6019.182,18.9,52.8,962.4,False,28.4,293,0.8,False,True,False,FORMULA 1 ROLEX BELGIAN GRAND PRIX 2020,Spa-Francorchamps,Belgium,,,Permanent,,,0.28981514642276646,0.44082940760535183,0.26935544597188166,3,False,Belgian Grand Prix,belgian_grand_prix,2020,2020-08-30,109.17863333333334,30,Closing,1.4140000000000015,False,False,False,True
ALB,Red Bull Racing,34,0 days 00:01:49.619000,0 days 00:00:31.780000,0 days 00:00:48.295000,0 days 00:00:29.544000,Medium,23,2,,,1,True,0 days 01:40:10.821000,109.619,31.78,48.295,29.544,6010.821,6019.182,18.9,52.8,962.4,False,28.4,293,0.8,False,True,False,FORMULA 1 ROLEX BELGIAN GRAND PRIX 2020,Spa-Francorchamps,Belgium,,,Permanent,,,0.28991324496665727,0.44057143378428926,0.26951532124905353,3,False,Belgian Grand Prix,belgian_grand_prix,2020,2020-08-30,109.96076666666666,30,Closing,0.8829999999999956,False,False,False,True
OCO,Renault,34,0 days 00:01:49.123000,0 days 00:00:31.410000,0 days 00:00:48.351000,0 days 00:00:29.362000,Hard,23,2,,,1,True,0 days 01:40:13.659000,109.123,31.41,48.351,29.362,6013.659,6019.182,18.9,52.8,962.4,False,28.4,293,0.8,False,True,False,FORMULA 1 ROLEX BELGIAN GRAND PRIX 2020,Spa-Francorchamps,Belgium,,,Permanent,,,0.28784032697048284,0.4430871585275331,0.269072514501984,3,False,Belgian Grand Prix,belgian_grand_prix,2020,2020-08-30,109.88136666666666,30,Closing,0.5829999999999984,False,False,False,True
STR,Racing Point,34,0 days 00:01:49.136000,0 days 00:00:31.586000,0 days 00:00:48.197000,0 days 00:00:29.353000,Hard,23,2,,,1,True,0 days 01:40:18.992000,109.136,31.586,48.197,29.353,6018.992,6019.182,18.9,52.8,962.4,False,28.4,293,0.8,False,True,False,FORMULA 1 ROLEX BELGIAN GRAND PRIX 2020,Spa-Francorchamps,Belgium,,,Permanent,,,0.2894187069344671,0.4416232957044422,0.2689579973610908,3,False,Belgian Grand Prix,belgian_grand_prix,2020,2020-08-30,110.2591,30,Closing,0.0,False,False,False,True
NOR,McLaren,34,0 days 00:01:49.077000,0 days 00:00:31.450000,0 days 00:00:48.263000,0 days 00:00:29.364000,Hard,23,2,,,1,True,0 days 01:40:20.450000,109.077,31.45,48.263,29.364,6020.45,6019.182,18.9,52.8,962.4,False,28.4,293,0.8,False,True,False,FORMULA 1 ROLEX BELGIAN GRAND PRIX 2020,Spa-Francorchamps,Belgium,,,Permanent,,,0.2883284285413057,0.4424672479074415,0.2692043235512528,3,False,Belgian Grand Prix,belgian_grand_prix,2020,2020-08-30,109.95163333333333,30,Closing,0.5249999999999915,False,False,False,True
KVY,AlphaTauri,34,0 days 00:01:50.359000,0 days 00:00:31.554000,0 days 00:00:49.088000,0 days 00:00:29.717000,Hard,23,2,,,1,True,0 days 01:40:27.458000,110.359,31.554,49.088,29.717,6027.458,6019.182,18.9,52.8,962.4,False,28.4,293,0.8,False,True,False,FORMULA 1 ROLEX BELGIAN GRAND PRIX 2020,Spa-Francorchamps,Belgium,,,Permanent,,,0.2859214019699345,0.4448028706313033,0.2692757273987622,3,False,Belgian Grand Prix,belgian_grand_prix,2020,2020-08-30,110.81186666666666,30,Closing,0.527000000000001,False,False,False,True
PER,Racing Point,34,0 days 00:01:49.587000,0 days 00:00:31.466000,0 days 00:00:48.717000,0 days 00:00:29.404000,Hard,16,2,,,1,True,0 days 01:40:28.264000,109.587,31.466,48.717,29.404,6028.264,6019.182,18.9,52.8,962.4,False,28.4,293,0.8,False,True,False,FORMULA 1 ROLEX BELGIAN GRAND PRIX 2020,Spa-Francorchamps,Belgium,,,Permanent,,,0.28713259784463485,0.44455090476060116,0.268316497394764,3,False,Belgian Grand Prix,belgian_grand_prix,2020,2020-08-30,109.94061538461538,26,Closing,1.1980000000000075,False,False,False,True
GAS,AlphaTauri,34,0 days 00:01:48.898000,0 days 00:00:31.076000,0 days 00:00:48.558000,0 days 00:00:29.264000,Medium,8,2,,,1,True,0 days 01:40:29.507000,108.898,31.076,48.558,29.264,6029.507,6019.182,18.9,52.8,962.4,False,28.4,293,0.8,False,True,False,FORMULA 1 ROLEX BELGIAN GRAND PRIX 2020,Spa-Francorchamps,Belgium,,,Permanent,,,0.2853679590075116,0.4459035060331687,0.26872853495931975,3,False,Belgian Grand Prix,belgian_grand_prix,2020,2020-08-30,109.43794444444444,18,Closing,1.0589999999999975,False,False,False,True
RAI,Alfa Romeo Racing,34,0 days 00:01:51.710000,0 days 00:00:31.598000,0 days 00:00:50.274000,0 days 00:00:29.838000,Hard,24,2,,,1,True,0 days 01:40:31.910000,111.71,31.598,50.274,29.838,6031.91,6019.182,18.9,52.8,962.4,False,28.4,293,0.8,False,True,False,FORMULA 1 ROLEX BELGIAN GRAND PRIX 2020,Spa-Francorchamps,Belgium,,,Permanent,,,0.2828573986214305,0.4500402828753022,0.26710231850326743,3,False,Belgian Grand Prix,belgian_grand_prix,2020,2020-08-30,110.82376666666667,30,Closing,1.887999999999991,False,False,False,True
VET,Ferrari,34,0 days 00:01:50.492000,0 days 00:00:31.685000,0 days 00:00:49.138000,0 days 00:00:29.669000,Hard,23,2,,,1,True,0 days 01:40:34.895000,110.492,31.685,49.138,29.669,6034.895,6019.182,18.9,52.8,962.4,False,28.4,293,0.8,False,True,False,FORMULA 1 ROLEX BELGIAN GRAND PRIX 2020,Spa-Francorchamps,Belgium,,,Permanent,,,0.28676284255873724,0.444719979727039,0.2685171777142236,3,False,Belgian Grand Prix,belgian_grand_prix,2020,2020-08-30,110.88573333333333,30,Closing,0.534000000000006,False,False,False,True
GRO,Haas F1 Team,34,0 days 00:01:50.405000,0 days 00:00:31.928000,0 days 00:00:48.713000,0 days 00:00:29.764000,Hard,24,2,,,1,True,0 days 01:40:37.993000,110.405,31.928,48.713,29.764,6037.993,6019.182,18.9,52.8,962.4,False,28.4,293,0.8,False,True,False,FORMULA 1 ROLEX BELGIAN GRAND PRIX 2020,Spa-Francorchamps,Belgium,,,Permanent,,,0.2891898011865405,0.4412209591956886,0.2695892396177709,3,False,Belgian Grand Prix,belgian_grand_prix,2020,2020-08-30,112.2027741935484,31,Closing,0.38700000000000045,False,False,False,True
MAG,Haas F1 Team,34,0 days 00:01:50.589000,0 days 00:00:31.998000,0 days 00:00:48.759000,0 days 00:00:29.832000,Hard,24,2,,,1,True,0 days 01:40:41.811000,110.589,31.998,48.759,29.832,6041.811,6019.182,18.9,52.8,962.4,False,28.4,293,0.8,False,True,False,FORMULA 1 ROLEX BELGIAN GRAND PRIX 2020,Spa-Francorchamps,Belgium,,,Permanent,,,0.2893416162547812,0.44090280226785666,0.2697555814773621,3,False,Belgian Grand Prix,belgian_grand_prix,2020,2020-08-30,114.45065217391303,23,Mid,2.5060000000000002,False,False,False,True
LEC,Ferrari,34,0 days 00:01:49.895000,0 days 00:00:31.533000,0 days 00:00:48.743000,0 days 00:00:29.619000,Medium,10,3,,,1,True,0 days 01:40:42.576000,109.895,31.533,48.743,29.619,6042.576,6019.182,18.9,52.8,962.4,False,28.4,293,0.8,False,True,False,FORMULA 1 ROLEX BELGIAN GRAND PRIX 2020,Spa-Francorchamps,Belgium,,,Permanent,,,0.28693753127985805,0.4435415624004732,0.2695209063196688,3,False,Belgian Grand Prix,belgian_grand_prix,2020,2020-08-30,110.55205000000001,20,Closing,2.0549999999999926,False,False,False,True
LAT,Williams,34,0 days 00:01:48.540000,0 days 00:00:31.758000,0 days 00:00:47.371000,0 days 00:00:29.411000,Medium,4,3,,,1,True,0 days 01:40:55.111000,108.54,31.758,47.371,29.411,6055.111,6079.18,18.8,53.4,962.3,False,28.4,342,0.7,False,True,False,FORMULA 1 ROLEX BELGIAN GRAND PRIX 2020,Spa-Francorchamps,Belgium,,,Permanent,,,0.29259259259259257,0.43643817947300534,0.27096922793440203,3,False,Belgian Grand Prix,belgian_grand_prix,2020,2020-08-30,110.10014285714286,14,Closing,0.49200000000000443,False,False,False,True
HAM,Mercedes,35,0 days 00:01:48.108000,0 days 00:00:31.709000,0 days 00:00:47.020000,0 days 00:00:29.379000,Hard,24,2,,,1,True,0 days 01:41:25.957000,108.108,31.709,47.02,29.379,6085.957,6079.18,18.8,53.4,962.3,False,28.4,342,0.7,False,True,False,FORMULA 1 ROLEX BELGIAN GRAND PRIX 2020,Spa-Francorchamps,Belgium,,,Permanent,,,0.2933085433085433,0.43493543493543496,0.27175602175602176,3,False,Belgian Grand Prix,belgian_grand_prix,2020,2020-08-30,108.6334,30,Closing,0.3500000000000085,False,False,False,True
BOT,Mercedes,35,0 days 00:01:48.687000,0 days 00:00:31.713000,0 days 00:00:47.512000,0 days 00:00:29.462000,Hard,24,2,,,1,True,0 days 01:41:31.414000,108.687,31.713,47.512,29.462,6091.414,6079.18,18.8,53.4,962.3,False,28.4,342,0.7,False,True,False,FORMULA 1 ROLEX BELGIAN GRAND PRIX 2020,Spa-Francorchamps,Belgium,,,Permanent,,,0.2917828259129427,0.43714519675766195,0.2710719773293954,3,False,Belgian Grand Prix,belgian_grand_prix,2020,2020-08-30,108.892,30,Closing,0.7039999999999935,False,False,False,True
VER,Red Bull Racing,35,0 days 00:01:48.782000,0 days 00:00:31.525000,0 days 00:00:47.817000,0 days 00:00:29.440000,Hard,24,2,,,1,True,0 days 01:41:35.999000,108.782,31.525,47.817,29.44,6095.999,6079.18,18.8,53.4,962.3,False,28.4,342,0.7,False,True,False,FORMULA 1 ROLEX BELGIAN GRAND PRIX 2020,Spa-Francorchamps,Belgium,,,Permanent,,,0.2897997830523432,0.43956720781011566,0.2706330091375412,3,False,Belgian Grand Prix,belgian_grand_prix,2020,2020-08-30,109.1101,30,Closing,0.47699999999998965,False,False,False,True
RIC,Renault,35,0 days 00:01:48.880000,0 days 00:00:31.496000,0 days 00:00:47.883000,0 days 00:00:29.501000,Hard,24,2,,,1,True,0 days 01:41:52.772000,108.88,31.496,47.883,29.501,6112.772,6139.207,19.0,53.4,962.4,False,29.0,183,1.8,False,True,False,FORMULA 1 ROLEX BELGIAN GRAND PRIX 2020,Spa-Francorchamps,Belgium,,,Permanent,,,0.28927259368111685,0.43977773695811906,0.27094966936076414,3,False,Belgian Grand Prix,belgian_grand_prix,2020,2020-08-30,109.17863333333334,30,Closing,1.3969999999999914,False,False,False,True
ALB,Red Bull Racing,35,0 days 00:01:50.017000,0 days 00:00:31.808000,0 days 00:00:48.536000,0 days 00:00:29.673000,Medium,24,2,,,1,True,0 days 01:42:00.838000,110.017,31.808,48.536,29.673,6120.838,6139.207,19.0,53.4,962.4,False,29.0,183,1.8,False,True,False,FORMULA 1 ROLEX BELGIAN GRAND PRIX 2020,Spa-Francorchamps,Belgium,,,Permanent,,,0.28911895434341967,0.44116818309897565,0.26971286255760474,3,False,Belgian Grand Prix,belgian_grand_prix,2020,2020-08-30,109.96076666666666,30,Closing,1.2809999999999917,False,False,False,True
OCO,Renault,35,0 days 00:01:49.284000,0 days 00:00:31.330000,0 days 00:00:48.491000,0 days 00:00:29.463000,Hard,24,2,,,1,True,0 days 01:42:02.943000,109.284,31.33,48.491,29.463,6122.943,6139.207,19.0,53.4,962.4,False,29.0,183,1.8,False,True,False,FORMULA 1 ROLEX BELGIAN GRAND PRIX 2020,Spa-Francorchamps,Belgium,,,Permanent,,,0.28668423556970823,0.44371545697448844,0.2696003074558032,3,False,Belgian Grand Prix,belgian_grand_prix,2020,2020-08-30,109.88136666666666,30,Closing,0.7439999999999998,False,False,False,True
STR,Racing Point,35,0 days 00:01:49.829000,0 days 00:00:31.682000,0 days 00:00:48.455000,0 days 00:00:29.692000,Hard,24,2,,,1,True,0 days 01:42:08.821000,109.829,31.682,48.455,29.692,6128.821,6139.207,19.0,53.4,962.4,False,29.0,183,1.8,False,True,False,FORMULA 1 ROLEX BELGIAN GRAND PRIX 2020,Spa-Francorchamps,Belgium,,,Permanent,,,0.2884666162853163,0.4411858434475412,0.2703475402671426,3,False,Belgian Grand Prix,belgian_grand_prix,2020,2020-08-30,110.2591,30,Closing,0.6929999999999978,False,False,False,True
NOR,McLaren,35,0 days 00:01:49.363000,0 days 00:00:31.360000,0 days 00:00:48.591000,0 days 00:00:29.412000,Hard,24,2,,,1,True,0 days 01:42:09.813000,109.363,31.36,48.591,29.412,6129.813,6139.207,19.0,53.4,962.4,False,29.0,183,1.8,False,True,False,FORMULA 1 ROLEX BELGIAN GRAND PRIX 2020,Spa-Francorchamps,Belgium,,,Permanent,,,0.2867514607316917,0.44430931850808775,0.26893922076022053,3,False,Belgian Grand Prix,belgian_grand_prix,2020,2020-08-30,109.95163333333333,30,Closing,0.8109999999999928,False,False,False,True
KVY,AlphaTauri,35,0 days 00:01:50.495000,0 days 00:00:31.474000,0 days 00:00:49.373000,0 days 00:00:29.648000,Hard,24,2,,,1,True,0 days 01:42:17.953000,110.495,31.474,49.373,29.648,6137.953,6139.207,19.0,53.4,962.4,False,29.0,183,1.8,False,True,False,FORMULA 1 ROLEX BELGIAN GRAND PRIX 2020,Spa-Francorchamps,Belgium,,,Permanent,,,0.2848454681207294,0.4468346984026426,0.2683198334766279,3,False,Belgian Grand Prix,belgian_grand_prix,2020,2020-08-30,110.81186666666666,30,Closing,0.6630000000000109,False,False,False,True
PER,Racing Point,35,0 days 00:01:50.483000,0 days 00:00:30.965000,0 days 00:00:50.033000,0 days 00:00:29.485000,Hard,17,2,,,1,True,0 days 01:42:18.747000,110.483,30.965,50.033,29.485,6138.747,6139.207,19.0,53.4,962.4,False,29.0,183,1.8,False,True,False,FORMULA 1 ROLEX BELGIAN GRAND PRIX 2020,Spa-Francorchamps,Belgium,,,Permanent,,,0.28026936270738484,0.4528570006245305,0.26687363666808467,3,False,Belgian Grand Prix,belgian_grand_prix,2020,2020-08-30,109.94061538461538,26,Closing,2.0940000000000083,False,False,False,True
GAS,AlphaTauri,35,0 days 00:01:49.862000,0 days 00:00:31.129000,0 days 00:00:49.300000,0 days 00:00:29.433000,Medium,9,2,,,1,True,0 days 01:42:19.369000,109.862,31.129,49.3,29.433,6139.369,6139.207,19.0,53.4,962.4,False,29.0,183,1.8,False,True,False,FORMULA 1 ROLEX BELGIAN GRAND PRIX 2020,Spa-Francorchamps,Belgium,,,Permanent,,,0.283346380004005,0.448744788917005,0.26790883107899,3,False,Belgian Grand Prix,belgian_grand_prix,2020,2020-08-30,109.43794444444444,18,Closing,2.022999999999996,False,False,False,True
RAI,Alfa Romeo Racing,35,0 days 00:01:50.508000,0 days 00:00:31.857000,0 days 00:00:48.877000,0 days 00:00:29.774000,Hard,25,2,,,1,True,0 days 01:42:22.418000,110.508,31.857,48.877,29.774,6142.418,6139.207,19.0,53.4,962.4,False,29.0,183,1.8,False,True,False,FORMULA 1 ROLEX BELGIAN GRAND PRIX 2020,Spa-Francorchamps,Belgium,,,Permanent,,,0.28827777174503205,0.4422937705867449,0.26942845766822315,3,False,Belgian Grand Prix,belgian_grand_prix,2020,2020-08-30,110.82376666666667,30,Closing,0.6859999999999928,False,False,False,True
VET,Ferrari,35,0 days 00:01:50.552000,0 days 00:00:31.723000,0 days 00:00:49.159000,0 days 00:00:29.670000,Hard,24,2,,,1,True,0 days 01:42:25.447000,110.552,31.723,49.159,29.67,6145.447,6139.207,19.0,53.4,962.4,False,29.0,183,1.8,False,True,False,FORMULA 1 ROLEX BELGIAN GRAND PRIX 2020,Spa-Francorchamps,Belgium,,,Permanent,,,0.2869509371155655,0.4446685722555901,0.26838049062884434,3,False,Belgian Grand Prix,belgian_grand_prix,2020,2020-08-30,110.88573333333333,30,Closing,0.5940000000000083,False,False,False,True
GRO,Haas F1 Team,35,0 days 00:01:50.416000,0 days 00:00:31.758000,0 days 00:00:48.847000,0 days 00:00:29.811000,Hard,25,2,,,1,True,0 days 01:42:28.409000,110.416,31.758,48.847,29.811,6148.409,6139.207,19.0,53.4,962.4,False,29.0,183,1.8,False,True,False,FORMULA 1 ROLEX BELGIAN GRAND PRIX 2020,Spa-Francorchamps,Belgium,,,Permanent,,,0.28762135922330095,0.44239059556586,0.269988045210839,3,False,Belgian Grand Prix,belgian_grand_prix,2020,2020-08-30,112.2027741935484,31,Closing,0.39799999999999613,False,False,False,True
LEC,Ferrari,35,0 days 00:01:49.358000,0 days 00:00:31.326000,0 days 00:00:48.514000,0 days 00:00:29.518000,Medium,11,3,,,1,True,0 days 01:42:31.934000,109.358,31.326,48.514,29.518,6151.934,6139.207,19.0,53.4,962.4,False,29.0,183,1.8,False,True,False,FORMULA 1 ROLEX BELGIAN GRAND PRIX 2020,Spa-Francorchamps,Belgium,,,Permanent,,,0.28645366594122057,0.44362552350993983,0.2699208105488396,3,False,Belgian Grand Prix,belgian_grand_prix,2020,2020-08-30,110.55205000000001,20,Closing,1.5180000000000007,False,False,False,True
MAG,Haas F1 Team,35,0 days 00:01:56.047000,0 days 00:00:32.023000,0 days 00:00:50.126000,0 days 00:00:33.898000,Hard,25,2,0 days 01:42:34.234000,,1,False,0 days 01:42:37.858000,116.047,32.023,50.126,33.898,6157.858,6139.207,19.0,53.4,962.4,False,29.0,183,1.8,False,True,False,FORMULA 1 ROLEX BELGIAN GRAND PRIX 2020,Spa-Francorchamps,Belgium,,,Permanent,35.0,,0.27594853809232467,0.43194567718252086,0.29210578472515447,1,False,Belgian Grand Prix,belgian_grand_prix,2020,2020-08-30,114.45065217391303,23,Mid,7.963999999999999,False,False,False,True
LAT,Williams,35,0 days 00:01:49.008000,0 days 00:00:31.849000,0 days 00:00:47.528000,0 days 00:00:29.631000,Medium,5,3,,,1,True,0 days 01:42:44.119000,109.008,31.849,47.528,29.631,6164.119,6139.207,19.0,53.4,962.4,False,29.0,183,1.8,False,True,False,FORMULA 1 ROLEX BELGIAN GRAND PRIX 2020,Spa-Francorchamps,Belgium,,,Permanent,,,0.29217121679142816,0.4360046969029796,0.27182408630559224,3,False,Belgian Grand Prix,belgian_grand_prix,2020,2020-08-30,110.10014285714286,14,Closing,0.9599999999999937,False,False,False,True
HAM,Mercedes,36,0 days 00:01:48.316000,0 days 00:00:31.611000,0 days 00:00:47.216000,0 days 00:00:29.489000,Hard,25,2,,,1,True,0 days 01:43:14.273000,108.316,31.611,47.216,29.489,6194.273,6199.194,19.3,51.6,962.3,False,30.0,157,1.9,False,True,False,FORMULA 1 ROLEX BELGIAN GRAND PRIX 2020,Spa-Francorchamps,Belgium,,,Permanent,,,0.2918405406403486,0.43590974555928946,0.2722497138003619,3,False,Belgian Grand Prix,belgian_grand_prix,2020,2020-08-30,108.6334,30,Closing,0.5580000000000069,False,False,False,True
BOT,Mercedes,36,0 days 00:01:48.753000,0 days 00:00:31.693000,0 days 00:00:47.529000,0 days 00:00:29.531000,Hard,25,2,,,1,True,0 days 01:43:20.167000,108.753,31.693,47.529,29.531,6200.167,6199.194,19.3,51.6,962.3,False,30.0,157,1.9,False,True,False,FORMULA 1 ROLEX BELGIAN GRAND PRIX 2020,Spa-Francorchamps,Belgium,,,Permanent,,,0.29142184583413794,0.43703621969049133,0.2715419344753708,3,False,Belgian Grand Prix,belgian_grand_prix,2020,2020-08-30,108.892,30,Closing,0.769999999999996,False,False,False,True
VER,Red Bull Racing,36,0 days 00:01:49.376000,0 days 00:00:31.718000,0 days 00:00:48.016000,0 days 00:00:29.642000,Hard,25,2,,,1,True,0 days 01:43:25.375000,109.376,31.718,48.016,29.642,6205.375,6199.194,19.3,51.6,962.3,False,30.0,157,1.9,False,True,False,FORMULA 1 ROLEX BELGIAN GRAND PRIX 2020,Spa-Francorchamps,Belgium,,,Permanent,,,0.28999049151550615,0.43899941486249267,0.2710100936220012,3,False,Belgian Grand Prix,belgian_grand_prix,2020,2020-08-30,109.1101,30,Closing,1.070999999999998,False,False,False,True
RIC,Renault,36,0 days 00:01:48.566000,0 days 00:00:31.556000,0 days 00:00:47.659000,0 days 00:00:29.351000,Hard,25,2,,,1,True,0 days 01:43:41.338000,108.566,31.556,47.659,29.351,6221.338,6199.194,19.3,51.6,962.3,False,30.0,157,1.9,False,True,False,FORMULA 1 ROLEX BELGIAN GRAND PRIX 2020,Spa-Francorchamps,Belgium,,,Permanent,,,0.2906619015161284,0.4389864230053608,0.27035167547851074,3,False,Belgian Grand Prix,belgian_grand_prix,2020,2020-08-30,109.17863333333334,30,Closing,1.0829999999999984,False,False,False,True
ALB,Red Bull Racing,36,0 days 00:01:49.956000,0 days 00:00:31.735000,0 days 00:00:48.475000,0 days 00:00:29.746000,Medium,25,2,,,1,True,0 days 01:43:50.794000,109.956,31.735,48.475,29.746,6230.794,6259.176,19.4,52.2,962.4,False,30.1,152,1.9,False,True,False,FORMULA 1 ROLEX BELGIAN GRAND PRIX 2020,Spa-Francorchamps,Belgium,,,Permanent,,,0.2886154461784714,0.4408581614463967,0.2705263923751319,3,False,Belgian Grand Prix,belgian_grand_prix,2020,2020-08-30,109.96076666666666,30,Closing,1.2199999999999989,False,False,False,True
OCO,Renault,36,0 days 00:01:49.444000,0 days 00:00:31.315000,0 days 00:00:48.727000,0 days 00:00:29.402000,Hard,25,2,,,1,True,0 days 01:43:52.387000,109.444,31.315,48.727,29.402,6232.387,6259.176,19.4,52.2,962.4,False,30.1,152,1.9,False,True,False,FORMULA 1 ROLEX BELGIAN GRAND PRIX 2020,Spa-Francorchamps,Belgium,,,Permanent,,,0.2861280654946822,0.44522312780965606,0.2686488066956617,3,False,Belgian Grand Prix,belgian_grand_prix,2020,2020-08-30,109.88136666666666,30,Closing,0.9039999999999964,False,False,False,True
STR,Racing Point,36,0 days 00:01:49.673000,0 days 00:00:31.507000,0 days 00:00:48.383000,0 days 00:00:29.783000,Hard,25,2,,,1,True,0 days 01:43:58.494000,109.673,31.507,48.383,29.783,6238.494,6259.176,19.4,52.2,962.4,False,30.1,152,1.9,False,True,False,FORMULA 1 ROLEX BELGIAN GRAND PRIX 2020,Spa-Francorchamps,Belgium,,,Permanent,,,0.2872812816281127,0.4411568936748334,0.271561824697054,3,False,Belgian Grand Prix,belgian_grand_prix,2020,2020-08-30,110.2591,30,Closing,0.5370000000000061,False,False,False,True
NOR,McLaren,36,0 days 00:01:49.350000,0 days 00:00:30.969000,0 days 00:00:48.978000,0 days 00:00:29.403000,Hard,25,2,,,1,True,0 days 01:43:59.163000,109.35,30.969,48.978,29.403,6239.163,6259.176,19.4,52.2,962.4,False,30.1,152,1.9,False,True,False,FORMULA 1 ROLEX BELGIAN GRAND PRIX 2020,Spa-Francorchamps,Belgium,,,Permanent,,,0.2832098765432099,0.44790123456790126,0.2688888888888889,3,False,Belgian Grand Prix,belgian_grand_prix,2020,2020-08-30,109.95163333333333,30,Closing,0.7979999999999876,False,False,False,True
PER,Racing Point,36,0 days 00:01:49.097000,0 days 00:00:30.818000,0 days 00:00:48.628000,0 days 00:00:29.651000,Hard,18,2,,,1,True,0 days 01:44:07.844000,109.097,30.818,48.628,29.651,6247.844,6259.176,19.4,52.2,962.4,False,30.1,152,1.9,False,True,False,FORMULA 1 ROLEX BELGIAN GRAND PRIX 2020,Spa-Francorchamps,Belgium,,,Permanent,,,0.2824825613903224,0.445731779975618,0.2717856586340596,3,False,Belgian Grand Prix,belgian_grand_prix,2020,2020-08-30,109.94061538461538,26,Closing,0.7079999999999984,False,False,False,True
GAS,AlphaTauri,36,0 days 00:01:50.535000,0 days 00:00:30.719000,0 days 00:00:50.585000,0 days 00:00:29.231000,Medium,10,2,,,1,True,0 days 01:44:09.904000,110.535,30.719,50.585,29.231,6249.904,6259.176,19.4,52.2,962.4,False,30.1,152,1.9,False,True,False,FORMULA 1 ROLEX BELGIAN GRAND PRIX 2020,Spa-Francorchamps,Belgium,,,Permanent,,,0.277911973583028,0.4576378522639888,0.2644501741529832,3,False,Belgian Grand Prix,belgian_grand_prix,2020,2020-08-30,109.43794444444444,18,Closing,2.695999999999998,False,False,False,True
KVY,AlphaTauri,36,0 days 00:01:53.544000,0 days 00:00:31.547000,0 days 00:00:50.536000,0 days 00:00:31.461000,Hard,25,2,,,1,True,0 days 01:44:11.497000,113.544,31.547,50.536,31.461,6251.497,6259.176,19.4,52.2,962.4,False,30.1,152,1.9,False,True,False,FORMULA 1 ROLEX BELGIAN GRAND PRIX 2020,Spa-Francorchamps,Belgium,,,Permanent,,,0.27783942788698657,0.4450785598534489,0.2770820122595646,3,False,Belgian Grand Prix,belgian_grand_prix,2020,2020-08-30,110.81186666666666,30,Closing,3.7120000000000033,False,False,False,True
RAI,Alfa Romeo Racing,36,0 days 00:01:50.645000,0 days 00:00:31.731000,0 days 00:00:48.815000,0 days 00:00:30.099000,Hard,26,2,,,1,True,0 days 01:44:13.063000,110.645,31.731,48.815,30.099,6253.063,6259.176,19.4,52.2,962.4,False,30.1,152,1.9,False,True,False,FORMULA 1 ROLEX BELGIAN GRAND PRIX 2020,Spa-Francorchamps,Belgium,,,Permanent,,,0.28678205070269785,0.4411857743232862,0.272032174974016,3,False,Belgian Grand Prix,belgian_grand_prix,2020,2020-08-30,110.82376666666667,30,Closing,0.8229999999999933,False,False,False,True
VET,Ferrari,36,0 days 00:01:50.671000,0 days 00:00:31.717000,0 days 00:00:49.139000,0 days 00:00:29.815000,Hard,25,2,,,1,True,0 days 01:44:16.118000,110.671,31.717,49.139,29.815,6256.118,6259.176,19.4,52.2,962.4,False,30.1,152,1.9,False,True,False,FORMULA 1 ROLEX BELGIAN GRAND PRIX 2020,Spa-Francorchamps,Belgium,,,Permanent,,,0.286588175764202,0.4440097225108655,0.26940210172493245,3,False,Belgian Grand Prix,belgian_grand_prix,2020,2020-08-30,110.88573333333333,30,Closing,0.7130000000000081,False,False,False,True
GRO,Haas F1 Team,36,0 days 00:01:50.636000,0 days 00:00:31.871000,0 days 00:00:48.853000,0 days 00:00:29.912000,Hard,26,2,,,1,True,0 days 01:44:19.045000,110.636,31.871,48.853,29.912,6259.045,6259.176,19.4,52.2,962.4,False,30.1,152,1.9,False,True,False,FORMULA 1 ROLEX BELGIAN GRAND PRIX 2020,Spa-Francorchamps,Belgium,,,Permanent,,,0.28807079070103764,0.44156513250659823,0.2703640767923641,3,False,Belgian Grand Prix,belgian_grand_prix,2020,2020-08-30,112.2027741935484,31,Closing,0.617999999999995,False,False,False,True
LEC,Ferrari,36,0 days 00:01:49.726000,0 days 00:00:31.843000,0 days 00:00:48.220000,0 days 00:00:29.663000,Medium,12,3,,,1,True,0 days 01:44:21.660000,109.726,31.843,48.22,29.663,6261.66,6259.176,19.4,52.2,962.4,False,30.1,152,1.9,False,True,False,FORMULA 1 ROLEX BELGIAN GRAND PRIX 2020,Spa-Francorchamps,Belgium,,,Permanent,,,0.2902046916865647,0.43945828700581446,0.27033702130762083,3,False,Belgian Grand Prix,belgian_grand_prix,2020,2020-08-30,110.55205000000001,20,Closing,1.8859999999999957,False,False,False,True
LAT,Williams,36,0 days 00:01:49.067000,0 days 00:00:31.851000,0 days 00:00:47.597000,0 days 00:00:29.619000,Medium,6,3,,,1,True,0 days 01:44:33.186000,109.067,31.851,47.597,29.619,6273.186,6259.176,19.4,52.2,962.4,False,30.1,152,1.9,False,True,False,FORMULA 1 ROLEX BELGIAN GRAND PRIX 2020,Spa-Francorchamps,Belgium,,,Permanent,,,0.2920315035711994,0.436401477990593,0.27156701843820774,3,False,Belgian Grand Prix,belgian_grand_prix,2020,2020-08-30,110.10014285714286,14,Closing,1.0189999999999912,False,False,False,True
MAG,Haas F1 Team,36,0 days 00:02:04.365000,0 days 00:00:47.499000,0 days 00:00:47.428000,0 days 00:00:29.438000,Soft,1,3,,0 days 01:42:58.599000,1,False,0 days 01:44:42.223000,124.365,47.499,47.428,29.438,6282.223,6259.176,19.4,52.2,962.4,False,30.1,152,1.9,False,True,False,FORMULA 1 ROLEX BELGIAN GRAND PRIX 2020,Spa-Francorchamps,Belgium,,,Permanent,,,0.38193221565553015,0.38136131548265184,0.23670646886181804,3,False,Belgian Grand Prix,belgian_grand_prix,2020,2020-08-30,110.92377777777777,9,Closing,16.281999999999996,False,False,False,True
HAM,Mercedes,37,0 days 00:01:49.204000,0 days 00:00:31.638000,0 days 00:00:47.072000,0 days 00:00:30.494000,Hard,26,2,,,1,True,0 days 01:45:03.477000,109.204,31.638,47.072,30.494,6303.477,6319.18,19.6,52.4,962.3,False,30.1,165,1.6,False,True,False,FORMULA 1 ROLEX BELGIAN GRAND PRIX 2020,Spa-Francorchamps,Belgium,,,Permanent,,,0.28971466246657634,0.431046481813853,0.27923885571957074,3,False,Belgian Grand Prix,belgian_grand_prix,2020,2020-08-30,108.6334,30,Closing,1.445999999999998,False,False,False,True
BOT,Mercedes,37,0 days 00:01:48.894000,0 days 00:00:31.712000,0 days 00:00:47.575000,0 days 00:00:29.607000,Hard,26,2,,,1,True,0 days 01:45:09.061000,108.894,31.712,47.575,29.607,6309.061,6319.18,19.6,52.4,962.3,False,30.1,165,1.6,False,True,False,FORMULA 1 ROLEX BELGIAN GRAND PRIX 2020,Spa-Francorchamps,Belgium,,,Permanent,,,0.291218983598729,0.4368927580950282,0.27188825830624275,3,False,Belgian Grand Prix,belgian_grand_prix,2020,2020-08-30,108.892,30,Closing,0.9110000000000014,False,False,False,True
VER,Red Bull Racing,37,0 days 00:01:49.215000,0 days 00:00:31.608000,0 days 00:00:48.054000,0 days 00:00:29.553000,Hard,26,2,,,1,True,0 days 01:45:14.590000,109.215,31.608,48.054,29.553,6314.59,6319.18,19.6,52.4,962.3,False,30.1,165,1.6,False,True,False,FORMULA 1 ROLEX BELGIAN GRAND PRIX 2020,Spa-Francorchamps,Belgium,,,Permanent,,,0.2894107952204367,0.4399945062491416,0.2705946985304216,3,False,Belgian Grand Prix,belgian_grand_prix,2020,2020-08-30,109.1101,30,Closing,0.9099999999999966,False,False,False,True
RIC,Renault,37,0 days 00:01:48.986000,0 days 00:00:31.607000,0 days 00:00:47.893000,0 days 00:00:29.486000,Hard,26,2,,,1,True,0 days 01:45:30.324000,108.986,31.607,47.893,29.486,6330.324,6319.18,19.6,52.4,962.3,False,30.1,165,1.6,False,True,False,FORMULA 1 ROLEX BELGIAN GRAND PRIX 2020,Spa-Francorchamps,Belgium,,,Permanent,,,0.29000972601985575,0.439441763162241,0.2705485108179032,3,False,Belgian Grand Prix,belgian_grand_prix,2020,2020-08-30,109.17863333333334,30,Closing,1.5030000000000001,False,False,False,True
ALB,Red Bull Racing,37,0 days 00:01:49.964000,0 days 00:00:31.732000,0 days 00:00:48.471000,0 days 00:00:29.761000,Medium,26,2,,,1,True,0 days 01:45:40.758000,109.964,31.732,48.471,29.761,6340.758,6319.18,19.6,52.4,962.3,False,30.1,165,1.6,False,True,False,FORMULA 1 ROLEX BELGIAN GRAND PRIX 2020,Spa-Francorchamps,Belgium,,,Permanent,,,0.2885671674366156,0.44078971299698083,0.2706431195664035,3,False,Belgian Grand Prix,belgian_grand_prix,2020,2020-08-30,109.96076666666666,30,Closing,1.2279999999999944,False,False,False,True
OCO,Renault,37,0 days 00:01:49.880000,0 days 00:00:31.229000,0 days 00:00:49.131000,0 days 00:00:29.520000,Hard,26,2,,,1,True,0 days 01:45:42.267000,109.88,31.229,49.131,29.52,6342.267,6319.18,19.6,52.4,962.3,False,30.1,165,1.6,False,True,False,FORMULA 1 ROLEX BELGIAN GRAND PRIX 2020,Spa-Francorchamps,Belgium,,,Permanent,,,0.28421004732435384,0.4471332362577357,0.26865671641791045,3,False,Belgian Grand Prix,belgian_grand_prix,2020,2020-08-30,109.88136666666666,30,Closing,1.3399999999999892,False,False,False,True
NOR,McLaren,37,0 days 00:01:48.663000,0 days 00:00:30.817000,0 days 00:00:48.438000,0 days 00:00:29.408000,Hard,26,2,,,1,True,0 days 01:45:47.826000,108.663,30.817,48.438,29.408,6347.826,6319.18,19.6,52.4,962.3,False,30.1,165,1.6,False,True,False,FORMULA 1 ROLEX BELGIAN GRAND PRIX 2020,Spa-Francorchamps,Belgium,,,Permanent,,,0.28360159391881323,0.4457635073576103,0.2706348987235766,3,False,Belgian Grand Prix,belgian_grand_prix,2020,2020-08-30,109.95163333333333,30,Closing,0.11099999999999,False,False,False,True
STR,Racing Point,37,0 days 00:01:51.554000,0 days 00:00:31.592000,0 days 00:00:50.312000,0 days 00:00:29.650000,Hard,26,2,,,1,True,0 days 01:45:50.048000,111.554,31.592,50.312,29.65,6350.048,6379.213,19.8,51.4,962.4,False,30.7,163,1.3,False,True,False,FORMULA 1 ROLEX BELGIAN GRAND PRIX 2020,Spa-Francorchamps,Belgium,,,Permanent,,,0.28319916811589,0.45101027305161623,0.26579055883249364,3,False,Belgian Grand Prix,belgian_grand_prix,2020,2020-08-30,110.2591,30,Closing,2.4180000000000064,False,False,False,True
PER,Racing Point,37,0 days 00:01:48.985000,0 days 00:00:31.465000,0 days 00:00:47.937000,0 days 00:00:29.583000,Hard,19,2,,,1,True,0 days 01:45:56.829000,108.985,31.465,47.937,29.583,6356.829,6379.213,19.8,51.4,962.4,False,30.7,163,1.3,False,True,False,FORMULA 1 ROLEX BELGIAN GRAND PRIX 2020,Spa-Francorchamps,Belgium,,,Permanent,,,0.28870945542964627,0.43984952057622606,0.2714410239941276,3,False,Belgian Grand Prix,belgian_grand_prix,2020,2020-08-30,109.94061538461538,26,Closing,0.5960000000000036,False,False,False,True
GAS,AlphaTauri,37,0 days 00:01:48.572000,0 days 00:00:31.268000,0 days 00:00:48.041000,0 days 00:00:29.263000,Medium,11,2,,,1,True,0 days 01:45:58.476000,108.572,31.268,48.041,29.263,6358.476,6379.213,19.8,51.4,962.4,False,30.7,163,1.3,False,True,False,FORMULA 1 ROLEX BELGIAN GRAND PRIX 2020,Spa-Francorchamps,Belgium,,,Permanent,,,0.28799322108831005,0.44248056589175844,0.26952621301993146,3,False,Belgian Grand Prix,belgian_grand_prix,2020,2020-08-30,109.43794444444444,18,Closing,0.7330000000000041,False,False,False,True
KVY,AlphaTauri,37,0 days 00:01:51.195000,0 days 00:00:31.700000,0 days 00:00:49.680000,0 days 00:00:29.815000,Hard,26,2,,,1,True,0 days 01:46:02.692000,111.195,31.7,49.68,29.815,6362.692,6379.213,19.8,51.4,962.4,False,30.7,163,1.3,False,True,False,FORMULA 1 ROLEX BELGIAN GRAND PRIX 2020,Spa-Francorchamps,Belgium,,,Permanent,,,0.2850847610054409,0.4467826790772967,0.2681325599172625,3,False,Belgian Grand Prix,belgian_grand_prix,2020,2020-08-30,110.81186666666666,30,Closing,1.3629999999999995,False,False,False,True
RAI,Alfa Romeo Racing,37,0 days 00:01:51.345000,0 days 00:00:31.910000,0 days 00:00:49.655000,0 days 00:00:29.780000,Hard,27,2,,,1,True,0 days 01:46:04.408000,111.345,31.91,49.655,29.78,6364.408,6379.213,19.8,51.4,962.4,False,30.7,163,1.3,False,True,False,FORMULA 1 ROLEX BELGIAN GRAND PRIX 2020,Spa-Francorchamps,Belgium,,,Permanent,,,0.28658673492298714,0.44595626206834615,0.26745700300866676,3,False,Belgian Grand Prix,belgian_grand_prix,2020,2020-08-30,110.82376666666667,30,Closing,1.5229999999999961,False,False,False,True
VET,Ferrari,37,0 days 00:01:50.990000,0 days 00:00:31.987000,0 days 00:00:49.310000,0 days 00:00:29.693000,Hard,26,2,,,1,True,0 days 01:46:07.108000,110.99,31.987,49.31,29.693,6367.108,6379.213,19.8,51.4,962.4,False,30.7,163,1.3,False,True,False,FORMULA 1 ROLEX BELGIAN GRAND PRIX 2020,Spa-Francorchamps,Belgium,,,Permanent,,,0.2881971348770159,0.4442742589422471,0.26752860618073704,3,False,Belgian Grand Prix,belgian_grand_prix,2020,2020-08-30,110.88573333333333,30,Closing,1.0319999999999965,False,False,False,True
GRO,Haas F1 Team,37,0 days 00:01:51.147000,0 days 00:00:32.184000,0 days 00:00:49.109000,0 days 00:00:29.854000,Hard,27,2,,,1,True,0 days 01:46:10.192000,111.147,32.184,49.109,29.854,6370.192,6379.213,19.8,51.4,962.4,False,30.7,163,1.3,False,True,False,FORMULA 1 ROLEX BELGIAN GRAND PRIX 2020,Spa-Francorchamps,Belgium,,,Permanent,,,0.28956247132176305,0.44183828623354654,0.26859924244469036,3,False,Belgian Grand Prix,belgian_grand_prix,2020,2020-08-30,112.2027741935484,31,Closing,1.1290000000000049,False,False,False,True
LEC,Ferrari,37,0 days 00:01:49.559000,0 days 00:00:31.730000,0 days 00:00:48.330000,0 days 00:00:29.499000,Medium,13,3,,,1,True,0 days 01:46:11.219000,109.559,31.73,48.33,29.499,6371.219,6379.213,19.8,51.4,962.4,False,30.7,163,1.3,False,True,False,FORMULA 1 ROLEX BELGIAN GRAND PRIX 2020,Spa-Francorchamps,Belgium,,,Permanent,,,0.2896156408875583,0.4411321753575699,0.2692521837548718,3,False,Belgian Grand Prix,belgian_grand_prix,2020,2020-08-30,110.55205000000001,20,Closing,1.718999999999994,False,False,False,True
LAT,Williams,37,0 days 00:01:48.834000,0 days 00:00:31.889000,0 days 00:00:47.484000,0 days 00:00:29.461000,Medium,7,3,,,1,True,0 days 01:46:22.020000,108.834,31.889,47.484,29.461,6382.02,6379.213,19.8,51.4,962.4,False,30.7,163,1.3,False,True,False,FORMULA 1 ROLEX BELGIAN GRAND PRIX 2020,Spa-Francorchamps,Belgium,,,Permanent,,,0.29300586213866986,0.4362974805667347,0.2706966572945954,3,False,Belgian Grand Prix,belgian_grand_prix,2020,2020-08-30,110.10014285714286,14,Closing,0.7860000000000014,False,False,False,True
MAG,Haas F1 Team,37,0 days 00:01:48.083000,0 days 00:00:31.658000,0 days 00:00:46.974000,0 days 00:00:29.451000,Soft,2,3,,,1,True,0 days 01:46:30.306000,108.083,31.658,46.974,29.451,6390.306,6379.213,19.8,51.4,962.4,False,30.7,163,1.3,False,True,False,FORMULA 1 ROLEX BELGIAN GRAND PRIX 2020,Spa-Francorchamps,Belgium,,,Permanent,,,0.2929045270764135,0.4346104382742892,0.2724850346492973,3,False,Belgian Grand Prix,belgian_grand_prix,2020,2020-08-30,110.92377777777777,9,Closing,0.0,False,False,False,True
HAM,Mercedes,38,0 days 00:01:48.920000,0 days 00:00:32.026000,0 days 00:00:47.410000,0 days 00:00:29.484000,Hard,27,2,,,1,True,0 days 01:46:52.397000,108.92,32.026,47.41,29.484,6412.397,6439.171,20.0,50.9,962.4,False,30.9,163,1.4,False,True,False,FORMULA 1 ROLEX BELGIAN GRAND PRIX 2020,Spa-Francorchamps,Belgium,,,Permanent,,,0.29403231729709883,0.4352735952993022,0.27069408740359896,3,False,Belgian Grand Prix,belgian_grand_prix,2020,2020-08-30,108.6334,30,Closing,1.1620000000000061,False,False,False,True
BOT,Mercedes,38,0 days 00:01:48.964000,0 days 00:00:31.703000,0 days 00:00:47.697000,0 days 00:00:29.564000,Hard,27,2,,,1,True,0 days 01:46:58.025000,108.964,31.703,47.697,29.564,6418.025,6439.171,20.0,50.9,962.4,False,30.9,163,1.4,False,True,False,FORMULA 1 ROLEX BELGIAN GRAND PRIX 2020,Spa-Francorchamps,Belgium,,,Permanent,,,0.29094930435740246,0.4377317279101355,0.2713189677324621,3,False,Belgian Grand Prix,belgian_grand_prix,2020,2020-08-30,108.892,30,Closing,0.9809999999999945,False,False,False,True
VER,Red Bull Racing,38,0 days 00:01:49.146000,0 days 00:00:31.635000,0 days 00:00:48.023000,0 days 00:00:29.488000,Hard,27,2,,,1,True,0 days 01:47:03.736000,109.146,31.635,48.023,29.488,6423.736,6439.171,20.0,50.9,962.4,False,30.9,163,1.4,False,True,False,FORMULA 1 ROLEX BELGIAN GRAND PRIX 2020,Spa-Francorchamps,Belgium,,,Permanent,,,0.28984113022923425,0.4399886390706027,0.2701702307001631,3,False,Belgian Grand Prix,belgian_grand_prix,2020,2020-08-30,109.1101,30,Closing,0.840999999999994,False,False,False,True
RIC,Renault,38,0 days 00:01:49.047000,0 days 00:00:31.649000,0 days 00:00:47.707000,0 days 00:00:29.691000,Hard,27,2,,,1,True,0 days 01:47:19.371000,109.047,31.649,47.707,29.691,6439.371,6439.171,20.0,50.9,962.4,False,30.9,163,1.4,False,True,False,FORMULA 1 ROLEX BELGIAN GRAND PRIX 2020,Spa-Francorchamps,Belgium,,,Permanent,,,0.2902326519757536,0.43749025649490586,0.27227709152934054,3,False,Belgian Grand Prix,belgian_grand_prix,2020,2020-08-30,109.17863333333334,30,Closing,1.563999999999993,False,False,False,True
ALB,Red Bull Racing,38,0 days 00:01:50.184000,0 days 00:00:31.805000,0 days 00:00:48.486000,0 days 00:00:29.893000,Medium,27,2,,,1,True,0 days 01:47:30.942000,110.184,31.805,48.486,29.893,6450.942,6439.171,20.0,50.9,962.4,False,30.9,163,1.4,False,True,False,FORMULA 1 ROLEX BELGIAN GRAND PRIX 2020,Spa-Francorchamps,Belgium,,,Permanent,,,0.288653525012706,0.4400457416684818,0.27130073331881216,3,False,Belgian Grand Prix,belgian_grand_prix,2020,2020-08-30,109.96076666666666,30,Closing,1.4479999999999933,False,False,False,True
OCO,Renault,38,0 days 00:01:49.903000,0 days 00:00:31.224000,0 days 00:00:49.066000,0 days 00:00:29.613000,Hard,27,2,,,1,True,0 days 01:47:32.170000,109.903,31.224,49.066,29.613,6452.17,6439.171,20.0,50.9,962.4,False,30.9,163,1.4,False,True,False,FORMULA 1 ROLEX BELGIAN GRAND PRIX 2020,Spa-Francorchamps,Belgium,,,Permanent,,,0.2841050744747641,0.4464482316224307,0.2694466939028052,3,False,Belgian Grand Prix,belgian_grand_prix,2020,2020-08-30,109.88136666666666,30,Closing,1.3629999999999995,False,False,False,True
NOR,McLaren,38,0 days 00:01:48.762000,0 days 00:00:31.531000,0 days 00:00:47.715000,0 days 00:00:29.516000,Hard,27,2,,,1,True,0 days 01:47:36.588000,108.762,31.531,47.715,29.516,6456.588,6439.171,20.0,50.9,962.4,False,30.9,163,1.4,False,True,False,FORMULA 1 ROLEX BELGIAN GRAND PRIX 2020,Spa-Francorchamps,Belgium,,,Permanent,,,0.2899082400102977,0.4387102112870304,0.2713815487026719,3,False,Belgian Grand Prix,belgian_grand_prix,2020,2020-08-30,109.95163333333333,30,Closing,0.20999999999999375,False,False,False,True
STR,Racing Point,38,0 days 00:01:50.321000,0 days 00:00:31.646000,0 days 00:00:48.888000,0 days 00:00:29.787000,Hard,27,2,,,1,True,0 days 01:47:40.369000,110.321,31.646,48.888,29.787,6460.369,6439.171,20.0,50.9,962.4,False,30.9,163,1.4,False,True,False,FORMULA 1 ROLEX BELGIAN GRAND PRIX 2020,Spa-Francorchamps,Belgium,,,Permanent,,,0.2868538174962156,0.44314319123285684,0.2700029912709276,3,False,Belgian Grand Prix,belgian_grand_prix,2020,2020-08-30,110.2591,30,Closing,1.1850000000000023,False,False,False,True
PER,Racing Point,38,0 days 00:01:49.119000,0 days 00:00:31.599000,0 days 00:00:47.835000,0 days 00:00:29.685000,Hard,20,2,,,1,True,0 days 01:47:45.948000,109.119,31.599,47.835,29.685,6465.948,6439.171,20.0,50.9,962.4,False,30.9,163,1.4,False,True,False,FORMULA 1 ROLEX BELGIAN GRAND PRIX 2020,Spa-Francorchamps,Belgium,,,Permanent,,,0.2895829323949083,0.43837461853572707,0.27204244906936464,3,False,Belgian Grand Prix,belgian_grand_prix,2020,2020-08-30,109.94061538461538,26,Closing,0.730000000000004,False,False,False,True
GAS,AlphaTauri,38,0 days 00:01:48.626000,0 days 00:00:31.116000,0 days 00:00:48.269000,0 days 00:00:29.241000,Medium,12,2,,,1,True,0 days 01:47:47.102000,108.626,31.116,48.269,29.241,6467.102,6439.171,20.0,50.9,962.4,False,30.9,163,1.4,False,True,False,FORMULA 1 ROLEX BELGIAN GRAND PRIX 2020,Spa-Francorchamps,Belgium,,,Permanent,,,0.2864507576454992,0.4443595455968184,0.2691896967576823,3,False,Belgian Grand Prix,belgian_grand_prix,2020,2020-08-30,109.43794444444444,18,Closing,0.7870000000000061,False,False,False,True
KVY,AlphaTauri,38,0 days 00:01:50.705000,0 days 00:00:31.601000,0 days 00:00:49.335000,0 days 00:00:29.769000,Hard,27,2,,,1,True,0 days 01:47:53.397000,110.705,31.601,49.335,29.769,6473.397,6499.207,20.1,50.8,962.4,False,31.2,0,1.1,False,True,False,FORMULA 1 ROLEX BELGIAN GRAND PRIX 2020,Spa-Francorchamps,Belgium,,,Permanent,,,0.2854523282597895,0.4456438281920419,0.26890384354816854,3,False,Belgian Grand Prix,belgian_grand_prix,2020,2020-08-30,110.81186666666666,30,Closing,0.8730000000000047,False,False,False,True
RAI,Alfa Romeo Racing,38,0 days 00:01:50.382000,0 days 00:00:31.897000,0 days 00:00:48.763000,0 days 00:00:29.722000,Hard,28,2,,,1,True,0 days 01:47:54.790000,110.382,31.897,48.763,29.722,6474.79,6499.207,20.1,50.8,962.4,False,31.2,0,1.1,False,True,False,FORMULA 1 ROLEX BELGIAN GRAND PRIX 2020,Spa-Francorchamps,Belgium,,,Permanent,,,0.2889692159953615,0.44176586762334435,0.2692649163812941,3,False,Belgian Grand Prix,belgian_grand_prix,2020,2020-08-30,110.82376666666667,30,Closing,0.5600000000000023,False,False,False,True
VET,Ferrari,38,0 days 00:01:50.684000,0 days 00:00:31.835000,0 days 00:00:49.164000,0 days 00:00:29.685000,Hard,27,2,,,1,True,0 days 01:47:57.792000,110.684,31.835,49.164,29.685,6477.792,6499.207,20.1,50.8,962.4,False,31.2,0,1.1,False,True,False,FORMULA 1 ROLEX BELGIAN GRAND PRIX 2020,Spa-Francorchamps,Belgium,,,Permanent,,,0.2876206136388277,0.4441834411477721,0.2681959452134003,3,False,Belgian Grand Prix,belgian_grand_prix,2020,2020-08-30,110.88573333333333,30,Closing,0.7259999999999991,False,False,False,True
GRO,Haas F1 Team,38,0 days 00:01:50.371000,0 days 00:00:31.845000,0 days 00:00:48.802000,0 days 00:00:29.724000,Hard,28,2,,,1,True,0 days 01:48:00.563000,110.371,31.845,48.802,29.724,6480.563,6499.207,20.1,50.8,962.4,False,31.2,0,1.1,False,True,False,FORMULA 1 ROLEX BELGIAN GRAND PRIX 2020,Spa-Francorchamps,Belgium,,,Permanent,,,0.28852687753123557,0.4421632494042819,0.2693098730644825,3,False,Belgian Grand Prix,belgian_grand_prix,2020,2020-08-30,112.2027741935484,31,Closing,0.35299999999999443,False,False,False,True
LEC,Ferrari,38,0 days 00:01:50.100000,0 days 00:00:31.648000,0 days 00:00:48.995000,0 days 00:00:29.457000,Medium,14,3,,,1,True,0 days 01:48:01.319000,110.1,31.648,48.995,29.457,6481.319,6499.207,20.1,50.8,962.4,False,31.2,0,1.1,False,True,False,FORMULA 1 ROLEX BELGIAN GRAND PRIX 2020,Spa-Francorchamps,Belgium,,,Permanent,,,0.2874477747502271,0.4450045413260672,0.26754768392370576,3,False,Belgian Grand Prix,belgian_grand_prix,2020,2020-08-30,110.55205000000001,20,Closing,2.259999999999991,False,False,False,True
LAT,Williams,38,0 days 00:01:49.204000,0 days 00:00:32.069000,0 days 00:00:47.553000,0 days 00:00:29.582000,Medium,8,3,,,1,True,0 days 01:48:11.224000,109.204,32.069,47.553,29.582,6491.224,6499.207,20.1,50.8,962.4,False,31.2,0,1.1,False,True,False,FORMULA 1 ROLEX BELGIAN GRAND PRIX 2020,Spa-Francorchamps,Belgium,,,Permanent,,,0.29366140434416327,0.4354510823779349,0.27088751327790195,3,False,Belgian Grand Prix,belgian_grand_prix,2020,2020-08-30,110.10014285714286,14,Closing,1.1559999999999917,False,False,False,True
MAG,Haas F1 Team,38,0 days 00:01:48.525000,0 days 00:00:31.675000,0 days 00:00:47.339000,0 days 00:00:29.511000,Soft,3,3,,,1,True,0 days 01:48:18.831000,108.525,31.675,47.339,29.511,6498.831,6499.207,20.1,50.8,962.4,False,31.2,0,1.1,False,True,False,FORMULA 1 ROLEX BELGIAN GRAND PRIX 2020,Spa-Francorchamps,Belgium,,,Permanent,,,0.29186823312600785,0.4362036397143515,0.2719281271596406,3,False,Belgian Grand Prix,belgian_grand_prix,2020,2020-08-30,110.92377777777777,9,Closing,0.4420000000000073,False,False,False,True
HAM,Mercedes,39,0 days 00:01:48.521000,0 days 00:00:31.703000,0 days 00:00:47.299000,0 days 00:00:29.519000,Hard,28,2,,,1,True,0 days 01:48:40.918000,108.521,31.703,47.299,29.519,6520.918,6499.207,20.1,50.8,962.4,False,31.2,0,1.1,False,True,False,FORMULA 1 ROLEX BELGIAN GRAND PRIX 2020,Spa-Francorchamps,Belgium,,,Permanent,,,0.29213700574082435,0.43585112558859573,0.27201186867057986,3,False,Belgian Grand Prix,belgian_grand_prix,2020,2020-08-30,108.6334,30,Closing,0.7630000000000052,False,False,False,True
BOT,Mercedes,39,0 days 00:01:49.051000,0 days 00:00:31.742000,0 days 00:00:47.651000,0 days 00:00:29.658000,Hard,28,2,,,1,True,0 days 01:48:47.076000,109.051,31.742,47.651,29.658,6527.076,6499.207,20.1,50.8,962.4,False,31.2,0,1.1,False,True,False,FORMULA 1 ROLEX BELGIAN GRAND PRIX 2020,Spa-Francorchamps,Belgium,,,Permanent,,,0.2910748182043264,0.43696068811840333,0.27196449367727027,3,False,Belgian Grand Prix,belgian_grand_prix,2020,2020-08-30,108.892,30,Closing,1.0679999999999978,False,False,False,True
VER,Red Bull Racing,39,0 days 00:01:49.651000,0 days 00:00:31.601000,0 days 00:00:48.253000,0 days 00:00:29.797000,Hard,28,2,,,1,True,0 days 01:48:53.387000,109.651,31.601,48.253,29.797,6533.387,6559.173,20.0,50.5,962.5,False,30.5,300,0.9,False,True,False,FORMULA 1 ROLEX BELGIAN GRAND PRIX 2020,Spa-Francorchamps,Belgium,,,Permanent,,,0.28819618608129427,0.4400598261757759,0.27174398774292985,3,False,Belgian Grand Prix,belgian_grand_prix,2020,2020-08-30,109.1101,30,Closing,1.3459999999999894,False,False,False,True
RIC,Renault,39,0 days 00:01:48.889000,0 days 00:00:31.571000,0 days 00:00:47.765000,0 days 00:00:29.553000,Hard,28,2,,,1,True,0 days 01:49:08.260000,108.889,31.571,47.765,29.553,6548.26,6559.173,20.0,50.5,962.5,False,30.5,300,0.9,False,True,False,FORMULA 1 ROLEX BELGIAN GRAND PRIX 2020,Spa-Francorchamps,Belgium,,,Permanent,,,0.2899374592474906,0.4386577156553922,0.2714048250971173,3,False,Belgian Grand Prix,belgian_grand_prix,2020,2020-08-30,109.17863333333334,30,Closing,1.4059999999999917,False,False,False,True
ALB,Red Bull Racing,39,0 days 00:01:49.985000,0 days 00:00:31.838000,0 days 00:00:48.285000,0 days 00:00:29.862000,Medium,28,2,,,1,True,0 days 01:49:20.927000,109.985,31.838,48.285,29.862,6560.927,6559.173,20.0,50.5,962.5,False,30.5,300,0.9,False,True,False,FORMULA 1 ROLEX BELGIAN GRAND PRIX 2020,Spa-Francorchamps,Belgium,,,Permanent,,,0.28947583761422013,0.43901441105605304,0.27150975132972677,3,False,Belgian Grand Prix,belgian_grand_prix,2020,2020-08-30,109.96076666666666,30,Closing,1.2489999999999952,False,False,False,True
OCO,Renault,39,0 days 00:01:49.738000,0 days 00:00:31.362000,0 days 00:00:48.956000,0 days 00:00:29.420000,Hard,28,2,,,1,True,0 days 01:49:21.908000,109.738,31.362,48.956,29.42,6561.908,6559.173,20.0,50.5,962.5,False,30.5,300,0.9,False,True,False,FORMULA 1 ROLEX BELGIAN GRAND PRIX 2020,Spa-Francorchamps,Belgium,,,Permanent,,,0.28578979022763307,0.44611711531101356,0.26809309446135343,3,False,Belgian Grand Prix,belgian_grand_prix,2020,2020-08-30,109.88136666666666,30,Closing,1.1979999999999933,False,False,False,True
NOR,McLaren,39,0 days 00:01:48.552000,0 days 00:00:31.496000,0 days 00:00:47.794000,0 days 00:00:29.262000,Hard,28,2,,,1,True,0 days 01:49:25.140000,108.552,31.496,47.794,29.262,6565.14,6559.173,20.0,50.5,962.5,False,30.5,300,0.9,False,True,False,FORMULA 1 ROLEX BELGIAN GRAND PRIX 2020,Spa-Francorchamps,Belgium,,,Permanent,,,0.2901466578229788,0.44028668288009426,0.2695666592969268,3,False,Belgian Grand Prix,belgian_grand_prix,2020,2020-08-30,109.95163333333333,30,Closing,0.0,False,False,False,True
STR,Racing Point,39,0 days 00:01:49.843000,0 days 00:00:31.556000,0 days 00:00:48.703000,0 days 00:00:29.584000,Hard,28,2,,,1,True,0 days 01:49:30.212000,109.843,31.556,48.703,29.584,6570.212,6559.173,20.0,50.5,962.5,False,30.5,300,0.9,False,True,False,FORMULA 1 ROLEX BELGIAN GRAND PRIX 2020,Spa-Francorchamps,Belgium,,,Permanent,,,0.28728275811840537,0.44338738016987883,0.2693298617117158,3,False,Belgian Grand Prix,belgian_grand_prix,2020,2020-08-30,110.2591,30,Closing,0.7070000000000078,False,False,False,True
PER,Racing Point,39,0 days 00:01:48.962000,0 days 00:00:31.601000,0 days 00:00:47.701000,0 days 00:00:29.660000,Hard,21,2,,,1,True,0 days 01:49:34.910000,108.962,31.601,47.701,29.66,6574.91,6559.173,20.0,50.5,962.5,False,30.5,300,0.9,False,True,False,FORMULA 1 ROLEX BELGIAN GRAND PRIX 2020,Spa-Francorchamps,Belgium,,,Permanent,,,0.2900185385730805,0.4377764725317083,0.27220498889521116,3,False,Belgian Grand Prix,belgian_grand_prix,2020,2020-08-30,109.94061538461538,26,Closing,0.5730000000000075,False,False,False,True
GAS,AlphaTauri,39,0 days 00:01:48.683000,0 days 00:00:31.047000,0 days 00:00:48.371000,0 days 00:00:29.265000,Medium,13,2,,,1,True,0 days 01:49:35.785000,108.683,31.047,48.371,29.265,6575.785,6559.173,20.0,50.5,962.5,False,30.5,300,0.9,False,True,False,FORMULA 1 ROLEX BELGIAN GRAND PRIX 2020,Spa-Francorchamps,Belgium,,,Permanent,,,0.2856656514818325,0.44506500556664796,0.26926934295151955,3,False,Belgian Grand Prix,belgian_grand_prix,2020,2020-08-30,109.43794444444444,18,Closing,0.8440000000000083,False,False,False,True
KVY,AlphaTauri,39,0 days 00:01:50.938000,0 days 00:00:31.652000,0 days 00:00:49.361000,0 days 00:00:29.925000,Hard,28,2,,,1,True,0 days 01:49:44.335000,110.938,31.652,49.361,29.925,6584.335,6559.173,20.0,50.5,962.5,False,30.5,300,0.9,False,True,False,FORMULA 1 ROLEX BELGIAN GRAND PRIX 2020,Spa-Francorchamps,Belgium,,,Permanent,,,0.2853125169013323,0.4449422199787268,0.26974526311994085,3,False,Belgian Grand Prix,belgian_grand_prix,2020,2020-08-30,110.81186666666666,30,Closing,1.1060000000000088,False,False,False,True
RAI,Alfa Romeo Racing,39,0 days 00:01:51.470000,0 days 00:00:32.001000,0 days 00:00:49.116000,0 days 00:00:30.353000,Hard,29,2,,,1,True,0 days 01:49:46.260000,111.47,32.001,49.116,30.353,6586.26,6559.173,20.0,50.5,962.5,False,30.5,300,0.9,False,True,False,FORMULA 1 ROLEX BELGIAN GRAND PRIX 2020,Spa-Francorchamps,Belgium,,,Permanent,,,0.2870817260249394,0.4406207948326904,0.2722974791423702,3,False,Belgian Grand Prix,belgian_grand_prix,2020,2020-08-30,110.82376666666667,30,Closing,1.6479999999999961,False,False,False,True
VET,Ferrari,39,0 days 00:01:50.691000,0 days 00:00:31.856000,0 days 00:00:49.195000,0 days 00:00:29.640000,Hard,28,2,,,1,True,0 days 01:49:48.483000,110.691,31.856,49.195,29.64,6588.483,6559.173,20.0,50.5,962.5,False,30.5,300,0.9,False,True,False,FORMULA 1 ROLEX BELGIAN GRAND PRIX 2020,Spa-Francorchamps,Belgium,,,Permanent,,,0.2877921420892394,0.44443541028629246,0.2677724476244681,3,False,Belgian Grand Prix,belgian_grand_prix,2020,2020-08-30,110.88573333333333,30,Closing,0.7330000000000041,False,False,False,True
GRO,Haas F1 Team,39,0 days 00:01:50.915000,0 days 00:00:31.929000,0 days 00:00:49.283000,0 days 00:00:29.703000,Hard,29,2,,,1,True,0 days 01:49:51.478000,110.915,31.929,49.283,29.703,6591.478,6619.185,19.8,50.4,962.5,False,29.6,314,1.8,False,True,False,FORMULA 1 ROLEX BELGIAN GRAND PRIX 2020,Spa-Francorchamps,Belgium,,,Permanent,,,0.28786908894198254,0.44433124464680157,0.2677996664112158,3,False,Belgian Grand Prix,belgian_grand_prix,2020,2020-08-30,112.2027741935484,31,Closing,0.8970000000000056,False,False,False,True
LEC,Ferrari,39,0 days 00:01:50.907000,0 days 00:00:31.489000,0 days 00:00:49.816000,0 days 00:00:29.602000,Medium,15,3,,,1,True,0 days 01:49:52.226000,110.907,31.489,49.816,29.602,6592.226,6619.185,19.8,50.4,962.5,False,29.6,314,1.8,False,True,False,FORMULA 1 ROLEX BELGIAN GRAND PRIX 2020,Spa-Francorchamps,Belgium,,,Permanent,,,0.2839225657532888,0.44916912368020057,0.2669083105665107,3,False,Belgian Grand Prix,belgian_grand_prix,2020,2020-08-30,110.55205000000001,20,Closing,3.066999999999993,False,False,False,True
LAT,Williams,39,0 days 00:01:49.470000,0 days 00:00:31.939000,0 days 00:00:47.815000,0 days 00:00:29.716000,Medium,9,3,,,1,True,0 days 01:50:00.694000,109.47,31.939,47.815,29.716,6600.694,6619.185,19.8,50.4,962.5,False,29.6,314,1.8,False,True,False,FORMULA 1 ROLEX BELGIAN GRAND PRIX 2020,Spa-Francorchamps,Belgium,,,Permanent,,,0.2917602996254682,0.43678633415547635,0.27145336621905547,3,False,Belgian Grand Prix,belgian_grand_prix,2020,2020-08-30,110.10014285714286,14,Closing,1.421999999999997,False,False,False,True
MAG,Haas F1 Team,39,0 days 00:01:49.428000,0 days 00:00:31.958000,0 days 00:00:47.833000,0 days 00:00:29.637000,Soft,4,3,,,1,True,0 days 01:50:08.259000,109.428,31.958,47.833,29.637,6608.259,6619.185,19.8,50.4,962.5,False,29.6,314,1.8,False,True,False,FORMULA 1 ROLEX BELGIAN GRAND PRIX 2020,Spa-Francorchamps,Belgium,,,Permanent,,,0.2920459114669006,0.4371184705925357,0.27083561794056366,3,False,Belgian Grand Prix,belgian_grand_prix,2020,2020-08-30,110.92377777777777,9,Closing,1.3449999999999989,False,False,False,True
HAM,Mercedes,40,0 days 00:01:48.877000,0 days 00:00:31.666000,0 days 00:00:47.600000,0 days 00:00:29.611000,Hard,29,2,,,1,True,0 days 01:50:29.795000,108.877,31.666,47.6,29.611,6629.795,6619.185,19.8,50.4,962.5,False,29.6,314,1.8,False,True,False,FORMULA 1 ROLEX BELGIAN GRAND PRIX 2020,Spa-Francorchamps,Belgium,,,Permanent,,,0.2908419592751454,0.43719059121761256,0.2719674495072421,3,False,Belgian Grand Prix,belgian_grand_prix,2020,2020-08-30,108.6334,30,Closing,1.1189999999999998,False,False,False,True
BOT,Mercedes,40,0 days 00:01:49.793000,0 days 00:00:31.953000,0 days 00:00:48.076000,0 days 00:00:29.764000,Hard,29,2,,,1,True,0 days 01:50:36.869000,109.793,31.953,48.076,29.764,6636.869,6619.185,19.8,50.4,962.5,False,29.6,314,1.8,False,True,False,FORMULA 1 ROLEX BELGIAN GRAND PRIX 2020,Spa-Francorchamps,Belgium,,,Permanent,,,0.2910294827539096,0.43787855327753133,0.271091963968559,3,False,Belgian Grand Prix,belgian_grand_prix,2020,2020-08-30,108.892,30,Closing,1.8100000000000023,False,False,False,True
VER,Red Bull Racing,40,0 days 00:01:50.046000,0 days 00:00:31.758000,0 days 00:00:48.682000,0 days 00:00:29.606000,Hard,29,2,,,1,True,0 days 01:50:43.433000,110.046,31.758,48.682,29.606,6643.433,6619.185,19.8,50.4,962.5,False,29.6,314,1.8,False,True,False,FORMULA 1 ROLEX BELGIAN GRAND PRIX 2020,Spa-Francorchamps,Belgium,,,Permanent,,,0.28858840848372497,0.44237864165894264,0.2690329498573324,3,False,Belgian Grand Prix,belgian_grand_prix,2020,2020-08-30,109.1101,30,Closing,1.7409999999999997,False,False,False,True
RIC,Renault,40,0 days 00:01:48.454000,0 days 00:00:31.484000,0 days 00:00:47.609000,0 days 00:00:29.361000,Hard,29,2,,,1,True,0 days 01:50:56.714000,108.454,31.484,47.609,29.361,6656.714,6679.195,19.5,51.2,962.5,False,29.2,328,1.1,False,True,False,FORMULA 1 ROLEX BELGIAN GRAND PRIX 2020,Spa-Francorchamps,Belgium,,,Permanent,,,0.2902981909380936,0.43897873752927513,0.27072307153263137,3,False,Belgian Grand Prix,belgian_grand_prix,2020,2020-08-30,109.17863333333334,30,Closing,0.9709999999999894,False,False,False,True
ALB,Red Bull Racing,40,0 days 00:01:50.375000,0 days 00:00:31.787000,0 days 00:00:48.768000,0 days 00:00:29.820000,Medium,29,2,,,1,True,0 days 01:51:11.302000,110.375,31.787,48.768,29.82,6671.302,6679.195,19.5,51.2,962.5,False,29.2,328,1.1,False,True,False,FORMULA 1 ROLEX BELGIAN GRAND PRIX 2020,Spa-Francorchamps,Belgium,,,Permanent,,,0.2879909399773499,0.4418391845979615,0.27016987542468857,3,False,Belgian Grand Prix,belgian_grand_prix,2020,2020-08-30,109.96076666666666,30,Closing,1.6389999999999958,False,False,False,True
OCO,Renault,40,0 days 00:01:50.403000,0 days 00:00:30.983000,0 days 00:00:50.023000,0 days 00:00:29.397000,Hard,29,2,,,1,True,0 days 01:51:12.311000,110.403,30.983,50.023,29.397,6672.311,6679.195,19.5,51.2,962.5,False,29.2,328,1.1,False,True,False,FORMULA 1 ROLEX BELGIAN GRAND PRIX 2020,Spa-Francorchamps,Belgium,,,Permanent,,,0.2806354899776274,0.453094571705479,0.26626993831689355,3,False,Belgian Grand Prix,belgian_grand_prix,2020,2020-08-30,109.88136666666666,30,Closing,1.8629999999999995,False,False,False,True
NOR,McLaren,40,0 days 00:01:48.849000,0 days 00:00:31.435000,0 days 00:00:48.165000,0 days 00:00:29.249000,Hard,29,2,,,1,True,0 days 01:51:13.989000,108.849,31.435,48.165,29.249,6673.989,6679.195,19.5,51.2,962.5,False,29.2,328,1.1,False,True,False,FORMULA 1 ROLEX BELGIAN GRAND PRIX 2020,Spa-Francorchamps,Belgium,,,Permanent,,,0.28879456862258723,0.4424937298459333,0.2687117015314794,3,False,Belgian Grand Prix,belgian_grand_prix,2020,2020-08-30,109.95163333333333,30,Closing,0.29699999999999704,False,False,False,True
STR,Racing Point,40,0 days 00:01:50.217000,0 days 00:00:31.772000,0 days 00:00:48.828000,0 days 00:00:29.617000,Hard,29,2,,,1,True,0 days 01:51:20.429000,110.217,31.772,48.828,29.617,6680.429,6679.195,19.5,51.2,962.5,False,29.2,328,1.1,False,True,False,FORMULA 1 ROLEX BELGIAN GRAND PRIX 2020,Spa-Francorchamps,Belgium,,,Permanent,,,0.28826769010225284,0.4430169574566537,0.2687153524410935,3,False,Belgian Grand Prix,belgian_grand_prix,2020,2020-08-30,110.2591,30,Closing,1.081000000000003,False,False,False,True
GAS,AlphaTauri,40,0 days 00:01:48.103000,0 days 00:00:30.608000,0 days 00:00:48.251000,0 days 00:00:29.244000,Medium,14,2,,,1,True,0 days 01:51:23.888000,108.103,30.608,48.251,29.244,6683.888,6679.195,19.5,51.2,962.5,False,29.2,328,1.1,False,True,False,FORMULA 1 ROLEX BELGIAN GRAND PRIX 2020,Spa-Francorchamps,Belgium,,,Permanent,,,0.2831373782411219,0.44634283969917576,0.27051978205970234,3,False,Belgian Grand Prix,belgian_grand_prix,2020,2020-08-30,109.43794444444444,18,Closing,0.2639999999999958,False,False,False,True
PER,Racing Point,40,0 days 00:01:50.588000,0 days 00:00:31.513000,0 days 00:00:49.670000,0 days 00:00:29.405000,Hard,22,2,,,1,True,0 days 01:51:25.498000,110.588,31.513,49.67,29.405,6685.498,6679.195,19.5,51.2,962.5,False,29.2,328,1.1,False,True,False,FORMULA 1 ROLEX BELGIAN GRAND PRIX 2020,Spa-Francorchamps,Belgium,,,Permanent,,,0.28495858501826604,0.44914457264802693,0.26589684233370714,3,False,Belgian Grand Prix,belgian_grand_prix,2020,2020-08-30,109.94061538461538,26,Closing,2.198999999999998,False,False,False,True
KVY,AlphaTauri,40,0 days 00:01:50.929000,0 days 00:00:31.722000,0 days 00:00:49.461000,0 days 00:00:29.746000,Hard,29,2,,,1,True,0 days 01:51:35.264000,110.929,31.722,49.461,29.746,6695.264,6679.195,19.5,51.2,962.5,False,29.2,328,1.1,False,True,False,FORMULA 1 ROLEX BELGIAN GRAND PRIX 2020,Spa-Francorchamps,Belgium,,,Permanent,,,0.28596669942034997,0.4458797969872621,0.26815350359238793,3,False,Belgian Grand Prix,belgian_grand_prix,2020,2020-08-30,110.81186666666666,30,Closing,1.0970000000000084,False,False,False,True
RAI,Alfa Romeo Racing,40,0 days 00:01:50.695000,0 days 00:00:31.955000,0 days 00:00:48.796000,0 days 00:00:29.944000,Hard,30,2,,,1,True,0 days 01:51:36.955000,110.695,31.955,48.796,29.944,6696.955,6679.195,19.5,51.2,962.5,False,29.2,328,1.1,False,True,False,FORMULA 1 ROLEX BELGIAN GRAND PRIX 2020,Spa-Francorchamps,Belgium,,,Permanent,,,0.2886760919644067,0.44081485161931433,0.270509056416279,3,False,Belgian Grand Prix,belgian_grand_prix,2020,2020-08-30,110.82376666666667,30,Closing,0.8729999999999905,False,False,False,True
VET,Ferrari,40,0 days 00:01:50.679000,0 days 00:00:31.778000,0 days 00:00:49.189000,0 days 00:00:29.712000,Hard,29,2,,,1,True,0 days 01:51:39.162000,110.679,31.778,49.189,29.712,6699.162,6679.195,19.5,51.2,962.5,False,29.2,328,1.1,False,True,False,FORMULA 1 ROLEX BELGIAN GRAND PRIX 2020,Spa-Francorchamps,Belgium,,,Permanent,,,0.28711860425193575,0.4444293858816939,0.2684520098663703,3,False,Belgian Grand Prix,belgian_grand_prix,2020,2020-08-30,110.88573333333333,30,Closing,0.7210000000000036,False,False,False,True
GRO,Haas F1 Team,40,0 days 00:01:50.871000,0 days 00:00:32.002000,0 days 00:00:49.142000,0 days 00:00:29.727000,Hard,30,2,,,1,True,0 days 01:51:42.349000,110.871,32.002,49.142,29.727,6702.349,6679.195,19.5,51.2,962.5,False,29.2,328,1.1,False,True,False,FORMULA 1 ROLEX BELGIAN GRAND PRIX 2020,Spa-Francorchamps,Belgium,,,Permanent,,,0.2886417548321924,0.4432358326343228,0.2681224125334849,3,False,Belgian Grand Prix,belgian_grand_prix,2020,2020-08-30,112.2027741935484,31,Closing,0.8529999999999944,False,False,False,True
LEC,Ferrari,40,0 days 00:01:50.846000,0 days 00:00:31.651000,0 days 00:00:49.503000,0 days 00:00:29.692000,Medium,16,3,,,1,True,0 days 01:51:43.072000,110.846,31.651,49.503,29.692,6703.072,6679.195,19.5,51.2,962.5,False,29.2,328,1.1,False,True,False,FORMULA 1 ROLEX BELGIAN GRAND PRIX 2020,Spa-Francorchamps,Belgium,,,Permanent,,,0.28554029915378093,0.4465925698717139,0.26786713097450515,3,False,Belgian Grand Prix,belgian_grand_prix,2020,2020-08-30,110.55205000000001,20,Closing,3.0060000000000002,False,False,False,True
LAT,Williams,40,0 days 00:01:49.715000,0 days 00:00:32.018000,0 days 00:00:48.046000,0 days 00:00:29.651000,Medium,10,3,,,1,True,0 days 01:51:50.409000,109.715,32.018,48.046,29.651,6710.409,6739.211,19.3,51.9,962.5,False,28.7,239,1.4,False,True,False,FORMULA 1 ROLEX BELGIAN GRAND PRIX 2020,Spa-Francorchamps,Belgium,,,Permanent,,,0.29182882923939296,0.43791641981497514,0.27025475094563184,3,False,Belgian Grand Prix,belgian_grand_prix,2020,2020-08-30,110.10014285714286,14,Closing,1.6670000000000016,False,False,False,True
MAG,Haas F1 Team,40,0 days 00:01:49.913000,0 days 00:00:31.895000,0 days 00:00:48.072000,0 days 00:00:29.946000,Soft,5,3,,,1,True,0 days 01:51:58.172000,109.913,31.895,48.072,29.946,6718.172,6739.211,19.3,51.9,962.5,False,28.7,239,1.4,False,True,False,FORMULA 1 ROLEX BELGIAN GRAND PRIX 2020,Spa-Francorchamps,Belgium,,,Permanent,,,0.29018405466141406,0.43736409705858276,0.2724518482800033,3,False,Belgian Grand Prix,belgian_grand_prix,2020,2020-08-30,110.92377777777777,9,Closing,1.8299999999999983,False,False,False,True
HAM,Mercedes,41,0 days 00:01:49.860000,0 days 00:00:31.629000,0 days 00:00:48.595000,0 days 00:00:29.636000,Hard,30,2,,,1,True,0 days 01:52:19.655000,109.86,31.629,48.595,29.636,6739.655,6739.211,19.3,51.9,962.5,False,28.7,239,1.4,False,True,False,FORMULA 1 ROLEX BELGIAN GRAND PRIX 2020,Spa-Francorchamps,Belgium,,,Permanent,,,0.28790278536318953,0.442335699981795,0.26976151465501547,3,False,Belgian Grand Prix,belgian_grand_prix,2020,2020-08-30,108.6334,30,Closing,2.102000000000004,False,False,False,False
BOT,Mercedes,41,0 days 00:01:49.881000,0 days 00:00:31.917000,0 days 00:00:48.350000,0 days 00:00:29.614000,Hard,30,2,,,1,True,0 days 01:52:26.750000,109.881,31.917,48.35,29.614,6746.75,6739.211,19.3,51.9,962.5,False,28.7,239,1.4,False,True,False,FORMULA 1 ROLEX BELGIAN GRAND PRIX 2020,Spa-Francorchamps,Belgium,,,Permanent,,,0.29046877986185055,0.44002147778050804,0.26950974235764147,3,False,Belgian Grand Prix,belgian_grand_prix,2020,2020-08-30,108.892,30,Closing,1.8979999999999961,False,False,False,False
VER,Red Bull Racing,41,0 days 00:01:50.080000,0 days 00:00:31.662000,0 days 00:00:48.785000,0 days 00:00:29.633000,Hard,30,2,,,1,True,0 days 01:52:33.513000,110.08,31.662,48.785,29.633,6753.513,6739.211,19.3,51.9,962.5,False,28.7,239,1.4,False,True,False,FORMULA 1 ROLEX BELGIAN GRAND PRIX 2020,Spa-Francorchamps,Belgium,,,Permanent,,,0.2876271802325581,0.44317768895348836,0.26919513081395346,3,False,Belgian Grand Prix,belgian_grand_prix,2020,2020-08-30,109.1101,30,Closing,1.7749999999999915,False,False,False,False
RIC,Renault,41,0 days 00:01:48.293000,0 days 00:00:31.425000,0 days 00:00:47.585000,0 days 00:00:29.283000,Hard,30,2,,,1,True,0 days 01:52:45.007000,108.293,31.425,47.585,29.283,6765.007,6739.211,19.3,51.9,962.5,False,28.7,239,1.4,False,True,False,FORMULA 1 ROLEX BELGIAN GRAND PRIX 2020,Spa-Francorchamps,Belgium,,,Permanent,,,0.29018496117015874,0.43940974947595873,0.2704052893538825,3,False,Belgian Grand Prix,belgian_grand_prix,2020,2020-08-30,109.17863333333334,30,Closing,0.8100000000000023,False,False,False,False
ALB,Red Bull Racing,41,0 days 00:01:50.139000,0 days 00:00:31.702000,0 days 00:00:48.536000,0 days 00:00:29.901000,Medium,30,2,,,1,True,0 days 01:53:01.441000,110.139,31.702,48.536,29.901,6781.441,6799.177,19.1,53.0,962.4,False,28.4,181,1.2,False,True,False,FORMULA 1 ROLEX BELGIAN GRAND PRIX 2020,Spa-Francorchamps,Belgium,,,Permanent,,,0.2878362796103106,0.4406795049891501,0.27148421540053935,3,False,Belgian Grand Prix,belgian_grand_prix,2020,2020-08-30,109.96076666666666,30,Closing,1.4029999999999916,False,False,False,False
OCO,Renault,41,0 days 00:01:50.093000,0 days 00:00:30.958000,0 days 00:00:49.675000,0 days 00:00:29.460000,Hard,30,2,,,1,True,0 days 01:53:02.404000,110.093,30.958,49.675,29.46,6782.404,6799.177,19.1,53.0,962.4,False,28.4,181,1.2,False,True,False,FORMULA 1 ROLEX BELGIAN GRAND PRIX 2020,Spa-Francorchamps,Belgium,,,Permanent,,,0.28119862298238757,0.451209432025651,0.2675919449919613,3,False,Belgian Grand Prix,belgian_grand_prix,2020,2020-08-30,109.88136666666666,30,Closing,1.5529999999999973,False,False,False,False
NOR,McLaren,41,0 days 00:01:49.349000,0 days 00:00:31.245000,0 days 00:00:48.806000,0 days 00:00:29.298000,Hard,30,2,,,1,True,0 days 01:53:03.338000,109.349,31.245,48.806,29.298,6783.338,6799.177,19.1,53.0,962.4,False,28.4,181,1.2,False,True,False,FORMULA 1 ROLEX BELGIAN GRAND PRIX 2020,Spa-Francorchamps,Belgium,,,Permanent,,,0.2857364950754008,0.44633238529844804,0.2679311196261511,3,False,Belgian Grand Prix,belgian_grand_prix,2020,2020-08-30,109.95163333333333,30,Closing,0.796999999999997,False,False,False,False
STR,Racing Point,41,0 days 00:01:50.472000,0 days 00:00:31.741000,0 days 00:00:48.713000,0 days 00:00:30.018000,Hard,30,2,,,1,True,0 days 01:53:10.901000,110.472,31.741,48.713,30.018,6790.901,6799.177,19.1,53.0,962.4,False,28.4,181,1.2,False,True,False,FORMULA 1 ROLEX BELGIAN GRAND PRIX 2020,Spa-Francorchamps,Belgium,,,Permanent,,,0.2873216742704034,0.44095336374828015,0.27172496198131657,3,False,Belgian Grand Prix,belgian_grand_prix,2020,2020-08-30,110.2591,30,Closing,1.3359999999999985,False,False,False,False
GAS,AlphaTauri,41,0 days 00:01:48.360000,0 days 00:00:31.260000,0 days 00:00:47.753000,0 days 00:00:29.347000,Medium,15,2,,,1,True,0 days 01:53:12.248000,108.36,31.26,47.753,29.347,6792.248,6799.177,19.1,53.0,962.4,False,28.4,181,1.2,False,True,False,FORMULA 1 ROLEX BELGIAN GRAND PRIX 2020,Spa-Francorchamps,Belgium,,,Permanent,,,0.2884828349944629,0.4406884459210041,0.27082871908453304,3,False,Belgian Grand Prix,belgian_grand_prix,2020,2020-08-30,109.43794444444444,18,Closing,0.5210000000000008,False,False,False,False
PER,Racing Point,41,0 days 00:01:49.004000,0 days 00:00:31.233000,0 days 00:00:48.307000,0 days 00:00:29.464000,Hard,23,2,,,1,True,0 days 01:53:14.502000,109.004,31.233,48.307,29.464,6794.502,6799.177,19.1,53.0,962.4,False,28.4,181,1.2,False,True,False,FORMULA 1 ROLEX BELGIAN GRAND PRIX 2020,Spa-Francorchamps,Belgium,,,Permanent,,,0.2865307695130454,0.4431672232211662,0.2703020072657884,3,False,Belgian Grand Prix,belgian_grand_prix,2020,2020-08-30,109.94061538461538,26,Closing,0.6150000000000091,False,False,False,False
KVY,AlphaTauri,41,0 days 00:01:50.857000,0 days 00:00:31.631000,0 days 00:00:49.314000,0 days 00:00:29.912000,Hard,30,2,,,1,True,0 days 01:53:26.121000,110.857,31.631,49.314,29.912,6806.121,6799.177,19.1,53.0,962.4,False,28.4,181,1.2,False,True,False,FORMULA 1 ROLEX BELGIAN GRAND PRIX 2020,Spa-Francorchamps,Belgium,,,Permanent,,,0.2853315532623109,0.44484335675690306,0.269825089980786,3,False,Belgian Grand Prix,belgian_grand_prix,2020,2020-08-30,110.81186666666666,30,Closing,1.0250000000000057,False,False,False,False
RAI,Alfa Romeo Racing,41,0 days 00:01:50.520000,0 days 00:00:31.824000,0 days 00:00:48.900000,0 days 00:00:29.796000,Hard,31,2,,,1,True,0 days 01:53:27.475000,110.52,31.824,48.9,29.796,6807.475,6799.177,19.1,53.0,962.4,False,28.4,181,1.2,False,True,False,FORMULA 1 ROLEX BELGIAN GRAND PRIX 2020,Spa-Francorchamps,Belgium,,,Permanent,,,0.2879478827361564,0.4424538545059718,0.2695982627578719,3,False,Belgian Grand Prix,belgian_grand_prix,2020,2020-08-30,110.82376666666667,30,Closing,0.6979999999999933,False,False,False,False
VET,Ferrari,41,0 days 00:01:50.690000,0 days 00:00:31.771000,0 days 00:00:49.192000,0 days 00:00:29.727000,Hard,30,2,,,1,True,0 days 01:53:29.852000,110.69,31.771,49.192,29.727,6809.852,6799.177,19.1,53.0,962.4,False,28.4,181,1.2,False,True,False,FORMULA 1 ROLEX BELGIAN GRAND PRIX 2020,Spa-Francorchamps,Belgium,,,Permanent,,,0.2870268316921131,0.44441232270304454,0.26856084560484234,3,False,Belgian Grand Prix,belgian_grand_prix,2020,2020-08-30,110.88573333333333,30,Closing,0.7319999999999993,False,False,False,False
GRO,Haas F1 Team,41,0 days 00:01:50.836000,0 days 00:00:31.916000,0 days 00:00:49.188000,0 days 00:00:29.732000,Hard,31,2,,,1,True,0 days 01:53:33.185000,110.836,31.916,49.188,29.732,6813.185,6799.177,19.1,53.0,962.4,False,28.4,181,1.2,False,True,False,FORMULA 1 ROLEX BELGIAN GRAND PRIX 2020,Spa-Francorchamps,Belgium,,,Permanent,,,0.2879569814861597,0.44379082608538745,0.26825219242845283,3,False,Belgian Grand Prix,belgian_grand_prix,2020,2020-08-30,112.2027741935484,31,Closing,0.8179999999999978,False,False,False,False
LEC,Ferrari,41,0 days 00:01:51.229000,0 days 00:00:31.773000,0 days 00:00:49.906000,0 days 00:00:29.550000,Medium,17,3,,,1,True,0 days 01:53:34.301000,111.229,31.773,49.906,29.55,6814.301,6799.177,19.1,53.0,962.4,False,28.4,181,1.2,False,True,False,FORMULA 1 ROLEX BELGIAN GRAND PRIX 2020,Spa-Francorchamps,Belgium,,,Permanent,,,0.2856539211896178,0.44867795269219357,0.26566812611818863,3,False,Belgian Grand Prix,belgian_grand_prix,2020,2020-08-30,110.55205000000001,20,Closing,3.388999999999996,False,False,False,False
LAT,Williams,41,0 days 00:01:49.336000,0 days 00:00:31.898000,0 days 00:00:47.731000,0 days 00:00:29.707000,Medium,11,3,,,1,True,0 days 01:53:39.745000,109.336,31.898,47.731,29.707,6819.745,6799.177,19.1,53.0,962.4,False,28.4,181,1.2,False,True,False,FORMULA 1 ROLEX BELGIAN GRAND PRIX 2020,Spa-Francorchamps,Belgium,,,Permanent,,,0.29174288431989465,0.43655337674690864,0.27170373893319677,3,False,Belgian Grand Prix,belgian_grand_prix,2020,2020-08-30,110.10014285714286,14,Closing,1.2879999999999967,False,False,False,False
MAG,Haas F1 Team,41,0 days 00:01:49.237000,0 days 00:00:31.897000,0 days 00:00:47.754000,0 days 00:00:29.586000,Soft,6,3,,,1,True,0 days 01:53:47.409000,109.237,31.897,47.754,29.586,6827.409,6799.177,19.1,53.0,962.4,False,28.4,181,1.2,False,True,False,FORMULA 1 ROLEX BELGIAN GRAND PRIX 2020,Spa-Francorchamps,Belgium,,,Permanent,,,0.29199813250089257,0.43715957047520526,0.27084229702390217,3,False,Belgian Grand Prix,belgian_grand_prix,2020,2020-08-30,110.92377777777777,9,Closing,1.1539999999999964,False,False,False,False
HAM,Mercedes,42,0 days 00:01:51.398000,0 days 00:00:31.801000,0 days 00:00:49.614000,0 days 00:00:29.983000,Hard,31,2,,,1,True,0 days 01:54:11.053000,111.398,31.801,49.614,29.983,6851.053,6859.194,19.0,53.0,962.6,False,28.1,150,1.4,False,True,False,FORMULA 1 ROLEX BELGIAN GRAND PRIX 2020,Spa-Francorchamps,Belgium,,,Permanent,,,0.2854719115244439,0.44537603906712864,0.26915204940842746,3,False,Belgian Grand Prix,belgian_grand_prix,2020,2020-08-30,108.6334,30,Closing,3.6400000000000006,False,False,False,False
BOT,Mercedes,42,0 days 00:01:49.801000,0 days 00:00:31.791000,0 days 00:00:48.157000,0 days 00:00:29.853000,Hard,31,2,,,1,True,0 days 01:54:16.551000,109.801,31.791,48.157,29.853,6856.551,6859.194,19.0,53.0,962.6,False,28.1,150,1.4,False,True,False,FORMULA 1 ROLEX BELGIAN GRAND PRIX 2020,Spa-Francorchamps,Belgium,,,Permanent,,,0.2895328822141875,0.438584348047832,0.27188276973798053,3,False,Belgian Grand Prix,belgian_grand_prix,2020,2020-08-30,108.892,30,Closing,1.8179999999999978,False,False,False,False
VER,Red Bull Racing,42,0 days 00:01:50.118000,0 days 00:00:31.838000,0 days 00:00:48.581000,0 days 00:00:29.699000,Hard,31,2,,,1,True,0 days 01:54:23.631000,110.118,31.838,48.581,29.699,6863.631,6859.194,19.0,53.0,962.6,False,28.1,150,1.4,False,True,False,FORMULA 1 ROLEX BELGIAN GRAND PRIX 2020,Spa-Francorchamps,Belgium,,,Permanent,,,0.28912621006556605,0.4411721970976589,0.26970159283677514,3,False,Belgian Grand Prix,belgian_grand_prix,2020,2020-08-30,109.1101,30,Closing,1.8129999999999882,False,False,False,False
RIC,Renault,42,0 days 00:01:48.259000,0 days 00:00:31.376000,0 days 00:00:47.629000,0 days 00:00:29.254000,Hard,31,2,,,1,True,0 days 01:54:33.266000,108.259,31.376,47.629,29.254,6873.266,6859.194,19.0,53.0,962.6,False,28.1,150,1.4,False,True,False,FORMULA 1 ROLEX BELGIAN GRAND PRIX 2020,Spa-Francorchamps,Belgium,,,Permanent,,,0.28982347887935417,0.4399541839477549,0.27022233717289096,3,False,Belgian Grand Prix,belgian_grand_prix,2020,2020-08-30,109.17863333333334,30,Closing,0.7759999999999962,False,False,False,False
ALB,Red Bull Racing,42,0 days 00:01:50.257000,0 days 00:00:31.756000,0 days 00:00:48.736000,0 days 00:00:29.765000,Medium,31,2,,,1,True,0 days 01:54:51.698000,110.257,31.756,48.736,29.765,6891.698,6919.174,18.9,53.5,962.5,False,27.7,82,0.6,False,True,False,FORMULA 1 ROLEX BELGIAN GRAND PRIX 2020,Spa-Francorchamps,Belgium,,,Permanent,,,0.2880179943223559,0.4420218217437441,0.26996018393389987,3,False,Belgian Grand Prix,belgian_grand_prix,2020,2020-08-30,109.96076666666666,30,Closing,1.5210000000000008,False,False,False,False
OCO,Renault,42,0 days 00:01:50.229000,0 days 00:00:30.870000,0 days 00:00:49.948000,0 days 00:00:29.411000,Hard,31,2,,,1,True,0 days 01:54:52.633000,110.229,30.87,49.948,29.411,6892.633,6919.174,18.9,53.5,962.5,False,27.7,82,0.6,False,True,False,FORMULA 1 ROLEX BELGIAN GRAND PRIX 2020,Spa-Francorchamps,Belgium,,,Permanent,,,0.28005334349399885,0.4531293942610384,0.26681726224496277,3,False,Belgian Grand Prix,belgian_grand_prix,2020,2020-08-30,109.88136666666666,30,Closing,1.688999999999993,False,False,False,False
NOR,McLaren,42,0 days 00:01:50.139000,0 days 00:00:30.934000,0 days 00:00:49.993000,0 days 00:00:29.212000,Hard,31,2,,,1,True,0 days 01:54:53.477000,110.139,30.934,49.993,29.212,6893.477,6919.174,18.9,53.5,962.5,False,27.7,82,0.6,False,True,False,FORMULA 1 ROLEX BELGIAN GRAND PRIX 2020,Spa-Francorchamps,Belgium,,,Permanent,,,0.2808632727734953,0.45390824321993123,0.2652284840065735,3,False,Belgian Grand Prix,belgian_grand_prix,2020,2020-08-30,109.95163333333333,30,Closing,1.586999999999989,False,False,False,False
STR,Racing Point,42,0 days 00:01:50.413000,0 days 00:00:31.889000,0 days 00:00:48.720000,0 days 00:00:29.804000,Hard,31,2,,,1,True,0 days 01:55:01.314000,110.413,31.889,48.72,29.804,6901.314,6919.174,18.9,53.5,962.5,False,27.7,82,0.6,False,True,False,FORMULA 1 ROLEX BELGIAN GRAND PRIX 2020,Spa-Francorchamps,Belgium,,,Permanent,,,0.288815628594459,0.4412523887585701,0.26993198264697094,3,False,Belgian Grand Prix,belgian_grand_prix,2020,2020-08-30,110.2591,30,Closing,1.277000000000001,False,False,False,False
GAS,AlphaTauri,42,0 days 00:01:49.607000,0 days 00:00:30.934000,0 days 00:00:49.141000,0 days 00:00:29.532000,Medium,16,2,,,1,True,0 days 01:55:01.855000,109.607,30.934,49.141,29.532,6901.855,6919.174,18.9,53.5,962.5,False,27.7,82,0.6,False,True,False,FORMULA 1 ROLEX BELGIAN GRAND PRIX 2020,Spa-Francorchamps,Belgium,,,Permanent,,,0.28222650013229084,0.4483381535850812,0.26943534628262794,3,False,Belgian Grand Prix,belgian_grand_prix,2020,2020-08-30,109.43794444444444,18,Closing,1.7680000000000007,False,False,False,False
PER,Racing Point,42,0 days 00:01:49.381000,0 days 00:00:31.460000,0 days 00:00:48.409000,0 days 00:00:29.512000,Hard,24,2,,,1,True,0 days 01:55:03.883000,109.381,31.46,48.409,29.512,6903.883,6919.174,18.9,53.5,962.5,False,27.7,82,0.6,False,True,False,FORMULA 1 ROLEX BELGIAN GRAND PRIX 2020,Spa-Francorchamps,Belgium,,,Permanent,,,0.2876185077847158,0.44257229317706,0.2698091990382242,3,False,Belgian Grand Prix,belgian_grand_prix,2020,2020-08-30,109.94061538461538,26,Closing,0.9920000000000044,False,False,False,False
KVY,AlphaTauri,42,0 days 00:01:51.759000,0 days 00:00:31.685000,0 days 00:00:50.057000,0 days 00:00:30.017000,Hard,31,2,,,1,True,0 days 01:55:17.880000,111.759,31.685,50.057,30.017,6917.88,6919.174,18.9,53.5,962.5,False,27.7,82,0.6,False,True,False,FORMULA 1 ROLEX BELGIAN GRAND PRIX 2020,Spa-Francorchamps,Belgium,,,Permanent,,,0.2835118424466933,0.4479012875920508,0.2685868699612559,3,False,Belgian Grand Prix,belgian_grand_prix,2020,2020-08-30,110.81186666666666,30,Closing,1.9270000000000067,False,False,False,False
RAI,Alfa Romeo Racing,42,0 days 00:01:51.319000,0 days 00:00:31.913000,0 days 00:00:49.584000,0 days 00:00:29.822000,Hard,32,2,,,1,True,0 days 01:55:18.794000,111.319,31.913,49.584,29.822,6918.794,6919.174,18.9,53.5,962.5,False,27.7,82,0.6,False,True,False,FORMULA 1 ROLEX BELGIAN GRAND PRIX 2020,Spa-Francorchamps,Belgium,,,Permanent,,,0.28668062055893423,0.4454226142886659,0.26789676515239985,3,False,Belgian Grand Prix,belgian_grand_prix,2020,2020-08-30,110.82376666666667,30,Closing,1.4969999999999999,False,False,False,False
VET,Ferrari,42,0 days 00:01:51.509000,0 days 00:00:31.744000,0 days 00:00:49.950000,0 days 00:00:29.815000,Hard,31,2,,,1,True,0 days 01:55:21.361000,111.509,31.744,49.95,29.815,6921.361,6919.174,18.9,53.5,962.5,False,27.7,82,0.6,False,True,False,FORMULA 1 ROLEX BELGIAN GRAND PRIX 2020,Spa-Francorchamps,Belgium,,,Permanent,,,0.2846765731914016,0.4479459057116466,0.26737752109695184,3,False,Belgian Grand Prix,belgian_grand_prix,2020,2020-08-30,110.88573333333333,30,Closing,1.551000000000002,False,False,False,False
GRO,Haas F1 Team,42,0 days 00:01:50.736000,0 days 00:00:31.911000,0 days 00:00:49.125000,0 days 00:00:29.700000,Hard,32,2,,,1,True,0 days 01:55:23.921000,110.736,31.911,49.125,29.7,6923.921,6919.174,18.9,53.5,962.5,False,27.7,82,0.6,False,True,False,FORMULA 1 ROLEX BELGIAN GRAND PRIX 2020,Spa-Francorchamps,Belgium,,,Permanent,,,0.2881718682271348,0.4436226701343736,0.2682054616384915,3,False,Belgian Grand Prix,belgian_grand_prix,2020,2020-08-30,112.2027741935484,31,Closing,0.7180000000000035,False,False,False,False
LEC,Ferrari,42,0 days 00:01:50.279000,0 days 00:00:31.777000,0 days 00:00:48.934000,0 days 00:00:29.568000,Medium,18,3,,,1,True,0 days 01:55:24.580000,110.279,31.777,48.934,29.568,6924.58,6919.174,18.9,53.5,962.5,False,27.7,82,0.6,False,True,False,FORMULA 1 ROLEX BELGIAN GRAND PRIX 2020,Spa-Francorchamps,Belgium,,,Permanent,,,0.2881509625586014,0.4437290871335431,0.26811995030785557,3,False,Belgian Grand Prix,belgian_grand_prix,2020,2020-08-30,110.55205000000001,20,Closing,2.438999999999993,False,False,False,False
LAT,Williams,42,0 days 00:01:49.091000,0 days 00:00:31.723000,0 days 00:00:47.891000,0 days 00:00:29.477000,Medium,12,3,,,1,True,0 days 01:55:28.836000,109.091,31.723,47.891,29.477,6928.836,6919.174,18.9,53.5,962.5,False,27.7,82,0.6,False,True,False,FORMULA 1 ROLEX BELGIAN GRAND PRIX 2020,Spa-Francorchamps,Belgium,,,Permanent,,,0.2907939243383964,0.4390004674996104,0.27020560816199324,3,False,Belgian Grand Prix,belgian_grand_prix,2020,2020-08-30,110.10014285714286,14,Closing,1.0429999999999922,False,False,False,False
MAG,Haas F1 Team,42,0 days 00:01:49.282000,0 days 00:00:31.878000,0 days 00:00:47.805000,0 days 00:00:29.599000,Soft,7,3,,,1,True,0 days 01:55:36.691000,109.282,31.878,47.805,29.599,6936.691,6919.174,18.9,53.5,962.5,False,27.7,82,0.6,False,True,False,FORMULA 1 ROLEX BELGIAN GRAND PRIX 2020,Spa-Francorchamps,Belgium,,,Permanent,,,0.29170403177101445,0.4374462400029282,0.27084972822605735,3,False,Belgian Grand Prix,belgian_grand_prix,2020,2020-08-30,110.92377777777777,9,Closing,1.198999999999998,False,False,False,False
HAM,Mercedes,43,0 days 00:01:49.596000,0 days 00:00:31.870000,0 days 00:00:48.091000,0 days 00:00:29.635000,Hard,32,2,,,1,True,0 days 01:56:00.649000,109.596,31.87,48.091,29.635,6960.649,6979.19,19.0,53.2,962.5,False,27.7,6,1.0,False,True,False,FORMULA 1 ROLEX BELGIAN GRAND PRIX 2020,Spa-Francorchamps,Belgium,,,Permanent,,,0.29079528449943426,0.4388025110405489,0.2704022044600168,3,False,Belgian Grand Prix,belgian_grand_prix,2020,2020-08-30,108.6334,30,Closing,1.838000000000008,False,False,False,False
BOT,Mercedes,43,0 days 00:01:51.094000,0 days 00:00:32.151000,0 days 00:00:48.991000,0 days 00:00:29.952000,Hard,32,2,,,1,True,0 days 01:56:07.645000,111.094,32.151,48.991,29.952,6967.645,6979.19,19.0,53.2,962.5,False,27.7,6,1.0,False,True,False,FORMULA 1 ROLEX BELGIAN GRAND PRIX 2020,Spa-Francorchamps,Belgium,,,Permanent,,,0.2894035681494951,0.4409869119844456,0.2696095198660594,3,False,Belgian Grand Prix,belgian_grand_prix,2020,2020-08-30,108.892,30,Closing,3.11099999999999,False,False,False,False
VER,Red Bull Racing,43,0 days 00:01:50.511000,0 days 00:00:31.771000,0 days 00:00:49.079000,0 days 00:00:29.661000,Hard,32,2,,,1,True,0 days 01:56:14.142000,110.511,31.771,49.079,29.661,6974.142,6979.19,19.0,53.2,962.5,False,27.7,6,1.0,False,True,False,FORMULA 1 ROLEX BELGIAN GRAND PRIX 2020,Spa-Francorchamps,Belgium,,,Permanent,,,0.2874917429034214,0.4441096361448182,0.2683986209517605,3,False,Belgian Grand Prix,belgian_grand_prix,2020,2020-08-30,109.1101,30,Closing,2.205999999999989,False,False,False,False
RIC,Renault,43,0 days 00:01:48.758000,0 days 00:00:31.415000,0 days 00:00:47.906000,0 days 00:00:29.437000,Hard,32,2,,,1,True,0 days 01:56:22.024000,108.758,31.415,47.906,29.437,6982.024,6979.19,19.0,53.2,962.5,False,27.7,6,1.0,False,True,False,FORMULA 1 ROLEX BELGIAN GRAND PRIX 2020,Spa-Francorchamps,Belgium,,,Permanent,,,0.28885231431251035,0.440482539215506,0.2706651464719837,3,False,Belgian Grand Prix,belgian_grand_prix,2020,2020-08-30,109.17863333333334,30,Closing,1.2749999999999915,False,False,False,False
ALB,Red Bull Racing,43,0 days 00:01:50.174000,0 days 00:00:31.828000,0 days 00:00:48.702000,0 days 00:00:29.644000,Medium,32,2,,,1,True,0 days 01:56:41.872000,110.174,31.828,48.702,29.644,7001.872,6979.19,19.0,53.2,962.5,False,27.7,6,1.0,False,True,False,FORMULA 1 ROLEX BELGIAN GRAND PRIX 2020,Spa-Francorchamps,Belgium,,,Permanent,,,0.2888884854865939,0.442046217800933,0.269065296712473,3,False,Belgian Grand Prix,belgian_grand_prix,2020,2020-08-30,109.96076666666666,30,Closing,1.4380000000000024,False,False,False,False
OCO,Renault,43,0 days 00:01:50.127000,0 days 00:00:31.155000,0 days 00:00:49.632000,0 days 00:00:29.340000,Hard,32,2,,,1,True,0 days 01:56:42.760000,110.127,31.155,49.632,29.34,7002.76,6979.19,19.0,53.2,962.5,False,27.7,6,1.0,False,True,False,FORMULA 1 ROLEX BELGIAN GRAND PRIX 2020,Spa-Francorchamps,Belgium,,,Permanent,,,0.282900651066496,0.4506796698357351,0.2664196790977689,3,False,Belgian Grand Prix,belgian_grand_prix,2020,2020-08-30,109.88136666666666,30,Closing,1.586999999999989,False,False,False,False
NOR,McLaren,43,0 days 00:01:50.020000,0 days 00:00:30.576000,0 days 00:00:50.336000,0 days 00:00:29.108000,Hard,32,2,,,1,True,0 days 01:56:43.497000,110.02,30.576,50.336,29.108,7003.497,6979.19,19.0,53.2,962.5,False,27.7,6,1.0,False,True,False,FORMULA 1 ROLEX BELGIAN GRAND PRIX 2020,Spa-Francorchamps,Belgium,,,Permanent,,,0.27791310670787134,0.4575168151245228,0.2645700781676059,3,False,Belgian Grand Prix,belgian_grand_prix,2020,2020-08-30,109.95163333333333,30,Closing,1.4679999999999893,False,False,False,False
GAS,AlphaTauri,43,0 days 00:01:47.844000,0 days 00:00:30.933000,0 days 00:00:47.697000,0 days 00:00:29.214000,Medium,17,2,,,1,True,0 days 01:56:49.699000,107.844,30.933,47.697,29.214,7009.699,7039.19,18.7,53.4,962.4,False,27.7,184,1.3,False,True,False,FORMULA 1 ROLEX BELGIAN GRAND PRIX 2020,Spa-Francorchamps,Belgium,,,Permanent,,,0.28683097807944813,0.44227773450539676,0.2708912874151552,3,False,Belgian Grand Prix,belgian_grand_prix,2020,2020-08-30,109.43794444444444,18,Closing,0.0049999999999954525,False,False,False,False
STR,Racing Point,43,0 days 00:01:51.217000,0 days 00:00:31.655000,0 days 00:00:49.929000,0 days 00:00:29.633000,Hard,32,2,,,1,True,0 days 01:56:52.531000,111.217,31.655,49.929,29.633,7012.531,7039.19,18.7,53.4,962.4,False,27.7,184,1.3,False,True,False,FORMULA 1 ROLEX BELGIAN GRAND PRIX 2020,Spa-Francorchamps,Belgium,,,Permanent,,,0.28462375356285463,0.4489331666921424,0.26644307974500303,3,False,Belgian Grand Prix,belgian_grand_prix,2020,2020-08-30,110.2591,30,Closing,2.081000000000003,False,False,False,False
PER,Racing Point,43,0 days 00:01:49.729000,0 days 00:00:31.389000,0 days 00:00:48.685000,0 days 00:00:29.655000,Hard,25,2,,,1,True,0 days 01:56:53.612000,109.729,31.389,48.685,29.655,7013.612,7039.19,18.7,53.4,962.4,False,27.7,184,1.3,False,True,False,FORMULA 1 ROLEX BELGIAN GRAND PRIX 2020,Spa-Francorchamps,Belgium,,,Permanent,,,0.2860592915273082,0.44368398509054124,0.27025672338215057,3,False,Belgian Grand Prix,belgian_grand_prix,2020,2020-08-30,109.94061538461538,26,Closing,1.3400000000000034,False,False,False,False
KVY,AlphaTauri,43,0 days 00:01:51.403000,0 days 00:00:31.761000,0 days 00:00:49.761000,0 days 00:00:29.881000,Hard,32,2,,,1,True,0 days 01:57:09.283000,111.403,31.761,49.761,29.881,7029.283,7039.19,18.7,53.4,962.4,False,27.7,184,1.3,False,True,False,FORMULA 1 ROLEX BELGIAN GRAND PRIX 2020,Spa-Francorchamps,Belgium,,,Permanent,,,0.285100042189169,0.4466755832428211,0.26822437456800985,3,False,Belgian Grand Prix,belgian_grand_prix,2020,2020-08-30,110.81186666666666,30,Closing,1.5710000000000122,False,False,False,False
RAI,Alfa Romeo Racing,43,0 days 00:01:51.418000,0 days 00:00:31.616000,0 days 00:00:49.882000,0 days 00:00:29.920000,Hard,33,2,,,1,True,0 days 01:57:10.212000,111.418,31.616,49.882,29.92,7030.212,7039.19,18.7,53.4,962.4,False,27.7,184,1.3,False,True,False,FORMULA 1 ROLEX BELGIAN GRAND PRIX 2020,Spa-Francorchamps,Belgium,,,Permanent,,,0.28376025417796047,0.4477014485989696,0.2685382972230699,3,False,Belgian Grand Prix,belgian_grand_prix,2020,2020-08-30,110.82376666666667,30,Closing,1.5960000000000036,False,False,False,False
VET,Ferrari,43,0 days 00:01:50.785000,0 days 00:00:31.775000,0 days 00:00:49.389000,0 days 00:00:29.621000,Hard,32,2,,,1,True,0 days 01:57:12.146000,110.785,31.775,49.389,29.621,7032.146,7039.19,18.7,53.4,962.4,False,27.7,184,1.3,False,True,False,FORMULA 1 ROLEX BELGIAN GRAND PRIX 2020,Spa-Francorchamps,Belgium,,,Permanent,,,0.2868168073295121,0.44580945073791584,0.2673737419325721,3,False,Belgian Grand Prix,belgian_grand_prix,2020,2020-08-30,110.88573333333333,30,Closing,0.8269999999999982,False,False,False,False
GRO,Haas F1 Team,43,0 days 00:01:51.061000,0 days 00:00:31.916000,0 days 00:00:49.412000,0 days 00:00:29.733000,Hard,33,2,,,1,True,0 days 01:57:14.982000,111.061,31.916,49.412,29.733,7034.982,7039.19,18.7,53.4,962.4,False,27.7,184,1.3,False,True,False,FORMULA 1 ROLEX BELGIAN GRAND PRIX 2020,Spa-Francorchamps,Belgium,,,Permanent,,,0.2873736054960787,0.44490865380286504,0.26771774070105614,3,False,Belgian Grand Prix,belgian_grand_prix,2020,2020-08-30,112.2027741935484,31,Closing,1.0430000000000064,False,False,False,False
LEC,Ferrari,43,0 days 00:01:50.950000,0 days 00:00:31.590000,0 days 00:00:49.841000,0 days 00:00:29.519000,Medium,19,3,,,1,True,0 days 01:57:15.530000,110.95,31.59,49.841,29.519,7035.53,7039.19,18.7,53.4,962.4,False,27.7,184,1.3,False,True,False,FORMULA 1 ROLEX BELGIAN GRAND PRIX 2020,Spa-Francorchamps,Belgium,,,Permanent,,,0.2847228481297882,0.44922036953582695,0.26605678233438484,3,False,Belgian Grand Prix,belgian_grand_prix,2020,2020-08-30,110.55205000000001,20,Closing,3.1099999999999994,False,False,False,False
LAT,Williams,43,0 days 00:01:49.795000,0 days 00:00:31.656000,0 days 00:00:48.700000,0 days 00:00:29.439000,Medium,13,3,,,1,True,0 days 01:57:18.631000,109.795,31.656,48.7,29.439,7038.631,7039.19,18.7,53.4,962.4,False,27.7,184,1.3,False,True,False,FORMULA 1 ROLEX BELGIAN GRAND PRIX 2020,Spa-Francorchamps,Belgium,,,Permanent,,,0.2883191402158568,0.4435538958968988,0.2681269638872444,3,False,Belgian Grand Prix,belgian_grand_prix,2020,2020-08-30,110.10014285714286,14,Closing,1.7469999999999999,False,False,False,False
MAG,Haas F1 Team,43,0 days 00:01:49.559000,0 days 00:00:31.935000,0 days 00:00:48.026000,0 days 00:00:29.598000,Soft,8,3,,,1,True,0 days 01:57:26.250000,109.559,31.935,48.026,29.598,7046.25,7039.19,18.7,53.4,962.4,False,27.7,184,1.3,False,True,False,FORMULA 1 ROLEX BELGIAN GRAND PRIX 2020,Spa-Francorchamps,Belgium,,,Permanent,,,0.2914867788132422,0.4383574147263119,0.27015580646044596,3,False,Belgian Grand Prix,belgian_grand_prix,2020,2020-08-30,110.92377777777777,9,Closing,1.475999999999999,False,False,False,False
HAM,Mercedes,44,0 days 00:01:49.957000,0 days 00:00:31.760000,0 days 00:00:48.472000,0 days 00:00:29.725000,Hard,33,2,,,1,True,0 days 01:57:50.606000,109.957,31.76,48.472,29.725,7070.606,7099.201,18.7,53.3,962.6,False,27.4,136,0.6,False,True,False,FORMULA 1 ROLEX BELGIAN GRAND PRIX 2020,Spa-Francorchamps,Belgium,,,Permanent,,,0.28884018298061975,0.44082686868503146,0.2703329483343489,3,False,Belgian Grand Prix,belgian_grand_prix,2020,2020-08-30,108.6334,30,Closing,2.198999999999998,False,False,False,False
BOT,Mercedes,44,0 days 00:01:51.414000,0 days 00:00:32.412000,0 days 00:00:48.841000,0 days 00:00:30.161000,Hard,33,2,,,1,True,0 days 01:57:59.059000,111.414,32.412,48.841,30.161,7079.059,7099.201,18.7,53.3,962.6,False,27.4,136,0.6,False,True,False,FORMULA 1 ROLEX BELGIAN GRAND PRIX 2020,Spa-Francorchamps,Belgium,,,Permanent,,,0.2909149658032204,0.43837399249645465,0.27071104170032495,3,False,Belgian Grand Prix,belgian_grand_prix,2020,2020-08-30,108.892,30,Closing,3.4309999999999974,False,False,False,False
VER,Red Bull Racing,44,0 days 00:01:51.949000,0 days 00:00:31.958000,0 days 00:00:50.058000,0 days 00:00:29.933000,Hard,33,2,,,1,True,0 days 01:58:06.091000,111.949,31.958,50.058,29.933,7086.091,7099.201,18.7,53.3,962.6,False,27.4,136,0.6,False,True,False,FORMULA 1 ROLEX BELGIAN GRAND PRIX 2020,Spa-Francorchamps,Belgium,,,Permanent,,,0.2854692761882643,0.44715004153677124,0.2673806822749645,3,False,Belgian Grand Prix,belgian_grand_prix,2020,2020-08-30,109.1101,30,Closing,3.6439999999999912,False,False,False,False
RIC,Renault,44,0 days 00:01:47.483000,0 days 00:00:31.288000,0 days 00:00:47.228000,0 days 00:00:28.967000,Hard,33,2,,,1,True,0 days 01:58:09.507000,107.483,31.288,47.228,28.967,7089.507,7099.201,18.7,53.3,962.6,False,27.4,136,0.6,False,True,False,FORMULA 1 ROLEX BELGIAN GRAND PRIX 2020,Spa-Francorchamps,Belgium,,,Permanent,,,0.2910971967660002,0.43939971902533426,0.26950308420866553,3,False,Belgian Grand Prix,belgian_grand_prix,2020,2020-08-30,109.17863333333334,30,Closing,0.0,False,False,False,False
OCO,Renault,44,0 days 00:01:48.540000,0 days 00:00:30.802000,0 days 00:00:48.304000,0 days 00:00:29.434000,Hard,33,2,,,12,True,0 days 01:58:31.300000,108.54,30.802,48.304,29.434,7111.3,7099.201,18.7,53.3,962.6,False,27.4,136,0.6,False,True,False,FORMULA 1 ROLEX BELGIAN GRAND PRIX 2020,Spa-Francorchamps,Belgium,,,Permanent,,,0.2837847798046803,0.44503408881518336,0.27118113138013633,3,False,Belgian Grand Prix,belgian_grand_prix,2020,2020-08-30,109.88136666666666,30,Closing,0.0,False,False,False,False
ALB,Red Bull Racing,44,0 days 00:01:51.459000,0 days 00:00:31.752000,0 days 00:00:49.925000,0 days 00:00:29.782000,Medium,33,2,,,12,True,0 days 01:58:33.331000,111.459,31.752,49.925,29.782,7113.331,7099.201,18.7,53.3,962.6,False,27.4,136,0.6,False,True,False,FORMULA 1 ROLEX BELGIAN GRAND PRIX 2020,Spa-Francorchamps,Belgium,,,Permanent,,,0.28487605307781333,0.4479225544819171,0.2672013924402695,3,False,Belgian Grand Prix,belgian_grand_prix,2020,2020-08-30,109.96076666666666,30,Closing,2.722999999999999,False,False,False,False
NOR,McLaren,44,0 days 00:01:50.913000,0 days 00:00:30.841000,0 days 00:00:50.188000,0 days 00:00:29.884000,Hard,33,2,,,12,True,0 days 01:58:34.410000,110.913,30.841,50.188,29.884,7114.41,7099.201,18.7,53.3,962.6,False,27.4,136,0.6,False,True,False,FORMULA 1 ROLEX BELGIAN GRAND PRIX 2020,Spa-Francorchamps,Belgium,,,Permanent,,,0.27806478951971364,0.4524988053699747,0.2694364051103117,3,False,Belgian Grand Prix,belgian_grand_prix,2020,2020-08-30,109.95163333333333,30,Closing,2.36099999999999,False,False,False,False
GAS,AlphaTauri,44,0 days 00:01:48.313000,0 days 00:00:31.274000,0 days 00:00:47.794000,0 days 00:00:29.245000,Medium,18,2,,,12,True,0 days 01:58:38.012000,108.313,31.274,47.794,29.245,7118.012,7099.201,18.7,53.3,962.6,False,27.4,136,0.6,False,True,False,FORMULA 1 ROLEX BELGIAN GRAND PRIX 2020,Spa-Francorchamps,Belgium,,,Permanent,,,0.2887372706877291,0.44125820538624166,0.2700045239260292,3,False,Belgian Grand Prix,belgian_grand_prix,2020,2020-08-30,109.43794444444444,18,Closing,0.47400000000000375,False,False,False,False
STR,Racing Point,44,0 days 00:01:50.730000,0 days 00:00:31.640000,0 days 00:00:49.127000,0 days 00:00:29.963000,Hard,33,2,,,12,True,0 days 01:58:43.261000,110.73,31.64,49.127,29.963,7123.261,7099.201,18.7,53.3,962.6,False,27.4,136,0.6,False,True,False,FORMULA 1 ROLEX BELGIAN GRAND PRIX 2020,Spa-Francorchamps,Belgium,,,Permanent,,,0.28574008850356725,0.44366477016165445,0.2705951413347783,3,False,Belgian Grand Prix,belgian_grand_prix,2020,2020-08-30,110.2591,30,Closing,1.5940000000000083,False,False,False,False
PER,Racing Point,44,0 days 00:01:50.190000,0 days 00:00:31.199000,0 days 00:00:49.336000,0 days 00:00:29.655000,Hard,26,2,,,12,True,0 days 01:58:43.802000,110.19,31.199,49.336,29.655,7123.802,7099.201,18.7,53.3,962.6,False,27.4,136,0.6,False,True,False,FORMULA 1 ROLEX BELGIAN GRAND PRIX 2020,Spa-Francorchamps,Belgium,,,Permanent,,,0.2831382158090571,0.44773572919502674,0.2691260549959162,3,False,Belgian Grand Prix,belgian_grand_prix,2020,2020-08-30,109.94061538461538,26,Closing,1.801000000000002,False,False,False,False
KVY,AlphaTauri,44,0 days 00:01:51.563000,0 days 00:00:31.811000,0 days 00:00:49.934000,0 days 00:00:29.818000,Hard,33,2,,,12,True,0 days 01:59:00.846000,111.563,31.811,49.934,29.818,7140.846,7159.189,18.6,54.2,962.6,False,27.3,135,0.9,False,True,False,FORMULA 1 ROLEX BELGIAN GRAND PRIX 2020,Spa-Francorchamps,Belgium,,,Permanent,,,0.2851393383110888,0.447585669083836,0.26727499260507515,3,False,Belgian Grand Prix,belgian_grand_prix,2020,2020-08-30,110.81186666666666,30,Closing,1.7310000000000088,False,False,False,False
RAI,Alfa Romeo Racing,44,0 days 00:01:51.937000,0 days 00:00:31.675000,0 days 00:00:50.111000,0 days 00:00:30.151000,Hard,34,2,,,12,True,0 days 01:59:02.149000,111.937,31.675,50.111,30.151,7142.149,7159.189,18.6,54.2,962.6,False,27.3,135,0.9,False,True,False,FORMULA 1 ROLEX BELGIAN GRAND PRIX 2020,Spa-Francorchamps,Belgium,,,Permanent,,,0.2829716715652555,0.44767145805229724,0.26935687038244727,3,False,Belgian Grand Prix,belgian_grand_prix,2020,2020-08-30,110.82376666666667,30,Closing,2.114999999999995,False,False,False,False
VET,Ferrari,44,0 days 00:01:51.385000,0 days 00:00:31.867000,0 days 00:00:49.691000,0 days 00:00:29.827000,Hard,33,2,,,12,True,0 days 01:59:03.531000,111.385,31.867,49.691,29.827,7143.531,7159.189,18.6,54.2,962.6,False,27.3,135,0.9,False,True,False,FORMULA 1 ROLEX BELGIAN GRAND PRIX 2020,Spa-Francorchamps,Belgium,,,Permanent,,,0.2860977689994164,0.4461193158863402,0.2677829151142434,3,False,Belgian Grand Prix,belgian_grand_prix,2020,2020-08-30,110.88573333333333,30,Closing,1.4270000000000067,False,False,False,False
LEC,Ferrari,44,0 days 00:01:50.035000,0 days 00:00:31.451000,0 days 00:00:48.674000,0 days 00:00:29.910000,Medium,20,3,,,12,True,0 days 01:59:05.565000,110.035,31.451,48.674,29.91,7145.565,7159.189,18.6,54.2,962.6,False,27.3,135,0.9,False,True,False,FORMULA 1 ROLEX BELGIAN GRAND PRIX 2020,Spa-Francorchamps,Belgium,,,Permanent,,,0.28582723678829464,0.44235016131230975,0.27182260189939567,3,False,Belgian Grand Prix,belgian_grand_prix,2020,2020-08-30,110.55205000000001,20,Closing,2.194999999999993,False,False,False,False
GRO,Haas F1 Team,44,0 days 00:01:52.452000,0 days 00:00:32.047000,0 days 00:00:50.622000,0 days 00:00:29.783000,Hard,34,2,,,12,True,0 days 01:59:07.434000,112.452,32.047,50.622,29.783,7147.434,7159.189,18.6,54.2,962.6,False,27.3,135,0.9,False,True,False,FORMULA 1 ROLEX BELGIAN GRAND PRIX 2020,Spa-Francorchamps,Belgium,,,Permanent,,,0.28498381531675737,0.45016540390566645,0.26485078077757623,3,False,Belgian Grand Prix,belgian_grand_prix,2020,2020-08-30,112.2027741935484,31,Closing,2.4339999999999975,False,False,False,False
LAT,Williams,44,0 days 00:01:49.795000,0 days 00:00:31.665000,0 days 00:00:48.506000,0 days 00:00:29.624000,Medium,14,3,,,12,True,0 days 01:59:08.426000,109.795,31.665,48.506,29.624,7148.426,7159.189,18.6,54.2,962.6,False,27.3,135,0.9,False,True,False,FORMULA 1 ROLEX BELGIAN GRAND PRIX 2020,Spa-Francorchamps,Belgium,,,Permanent,,,0.28840111116171047,0.44178696661960926,0.2698119222186803,3,False,Belgian Grand Prix,belgian_grand_prix,2020,2020-08-30,110.10014285714286,14,Closing,1.7469999999999999,False,False,False,False
MAG,Haas F1 Team,44,0 days 00:01:49.922000,0 days 00:00:31.913000,0 days 00:00:48.010000,0 days 00:00:29.999000,Soft,9,3,,,12,True,0 days 01:59:16.172000,109.922,31.913,48.01,29.999,7156.172,7159.189,18.6,54.2,962.6,False,27.3,135,0.9,False,True,False,FORMULA 1 ROLEX BELGIAN GRAND PRIX 2020,Spa-Francorchamps,Belgium,,,Permanent,,,0.29032404796128164,0.4367642510143556,0.27291170102436274,3,False,Belgian Grand Prix,belgian_grand_prix,2020,2020-08-30,110.92377777777777,9,Closing,1.8389999999999986,False,False,False,False
