2025-06-13 11:52:18,367 - INFO - Loading data for Bahrain Grand Prix - Race [v3.5.3]
2025-06-13 11:52:18,374 - INFO - Using cached data for session_info
2025-06-13 11:52:18,378 - INFO - Using cached data for driver_info
2025-06-13 11:52:18,945 - INFO - Using cached data for session_status_data
2025-06-13 11:52:18,947 - INFO - Using cached data for lap_count
2025-06-13 11:52:18,947 - INFO - Using cached data for track_status_data
2025-06-13 11:52:18,953 - INFO - Using cached data for _extended_timing_data
2025-06-13 11:52:18,955 - INFO - Using cached data for timing_app_data
2025-06-13 11:52:18,955 - INFO - Processing timing data...
2025-06-13 11:52:19,599 - INFO - Using cached data for car_data
2025-06-13 11:52:19,661 - INFO - Using cached data for position_data
2025-06-13 11:52:20,478 - INFO - Using cached data for weather_data
2025-06-13 11:52:20,480 - INFO - Using cached data for race_control_messages
2025-06-13 11:52:20,517 - INFO - Finished loading data for 20 drivers: ['1', '11', '14', '55', '44', '18', '63', '77', '10', '23', '22', '2', '20', '21', '27', '24', '4', '31', '16', '81']
2025-06-13 11:52:20,566 - INFO - [EXPORT OK] bahrain_grand_prix
2025-06-13 11:52:20,576 - INFO - Loading data for Saudi Arabian Grand Prix - Race [v3.5.3]
2025-06-13 11:52:20,577 - INFO - Using cached data for session_info
2025-06-13 11:52:20,578 - INFO - Using cached data for driver_info
2025-06-13 11:52:20,712 - INFO - Using cached data for session_status_data
2025-06-13 11:52:20,713 - INFO - Using cached data for lap_count
2025-06-13 11:52:20,714 - INFO - Using cached data for track_status_data
2025-06-13 11:52:20,718 - INFO - Using cached data for _extended_timing_data
2025-06-13 11:52:20,719 - INFO - Using cached data for timing_app_data
2025-06-13 11:52:20,719 - INFO - Processing timing data...
2025-06-13 11:52:21,652 - INFO - Using cached data for car_data
2025-06-13 11:52:21,722 - INFO - Using cached data for position_data
2025-06-13 11:52:22,452 - INFO - Using cached data for weather_data
2025-06-13 11:52:22,453 - INFO - Using cached data for race_control_messages
2025-06-13 11:52:22,456 - WARNING - Driver 11 completed the race distance 00:00.035000 before the recorded end of the session.
2025-06-13 11:52:22,487 - INFO - Finished loading data for 20 drivers: ['11', '1', '14', '63', '44', '55', '16', '31', '10', '20', '22', '27', '24', '21', '81', '2', '4', '77', '23', '18']
2025-06-13 11:52:22,527 - INFO - [EXPORT OK] saudi_arabian_grand_prix
2025-06-13 11:52:22,535 - INFO - Loading data for Australian Grand Prix - Race [v3.5.3]
2025-06-13 11:52:22,535 - INFO - Using cached data for session_info
2025-06-13 11:52:22,536 - INFO - Using cached data for driver_info
2025-06-13 11:52:22,656 - DEBUG - Failed to parse timestamp '-1:24:05.036' in Ergastresponse.
2025-06-13 11:52:22,656 - DEBUG - Failed to parse timestamp '-1:24:06.409' in Ergastresponse.
2025-06-13 11:52:22,656 - DEBUG - Failed to parse timestamp '-1:24:07.342' in Ergastresponse.
2025-06-13 11:52:22,656 - DEBUG - Failed to parse timestamp '-1:24:07.559' in Ergastresponse.
2025-06-13 11:52:22,656 - DEBUG - Failed to parse timestamp '-1:01:16.239' in Ergastresponse.
2025-06-13 11:52:22,667 - INFO - Using cached data for session_status_data
2025-06-13 11:52:22,668 - INFO - Using cached data for lap_count
2025-06-13 11:52:22,669 - INFO - Using cached data for track_status_data
2025-06-13 11:52:22,674 - INFO - Using cached data for _extended_timing_data
2025-06-13 11:52:22,675 - INFO - Using cached data for timing_app_data
2025-06-13 11:52:22,675 - INFO - Processing timing data...
2025-06-13 11:52:23,404 - INFO - Using cached data for car_data
2025-06-13 11:52:23,508 - INFO - Using cached data for position_data
2025-06-13 11:52:24,709 - INFO - Using cached data for weather_data
2025-06-13 11:52:24,711 - INFO - Using cached data for race_control_messages
2025-06-13 11:52:24,806 - INFO - Finished loading data for 20 drivers: ['1', '44', '14', '18', '11', '4', '27', '81', '24', '22', '77', '55', '10', '31', '21', '2', '20', '63', '23', '16']
2025-06-13 11:52:24,844 - INFO - [EXPORT OK] australian_grand_prix
2025-06-13 11:52:24,850 - INFO - Loading data for Miami Grand Prix - Race [v3.5.3]
2025-06-13 11:52:24,851 - INFO - Using cached data for session_info
2025-06-13 11:52:24,852 - INFO - Using cached data for driver_info
2025-06-13 11:52:24,992 - INFO - Using cached data for session_status_data
2025-06-13 11:52:24,993 - INFO - Using cached data for lap_count
2025-06-13 11:52:24,993 - INFO - Using cached data for track_status_data
2025-06-13 11:52:24,998 - INFO - Using cached data for _extended_timing_data
2025-06-13 11:52:25,000 - INFO - Using cached data for timing_app_data
2025-06-13 11:52:25,000 - INFO - Processing timing data...
2025-06-13 11:52:25,682 - INFO - Using cached data for car_data
2025-06-13 11:52:25,747 - INFO - Using cached data for position_data
2025-06-13 11:52:26,563 - INFO - Using cached data for weather_data
2025-06-13 11:52:26,565 - INFO - Using cached data for race_control_messages
2025-06-13 11:52:26,595 - INFO - Finished loading data for 20 drivers: ['1', '11', '14', '63', '55', '44', '16', '10', '31', '20', '22', '18', '77', '23', '27', '24', '4', '21', '81', '2']
2025-06-13 11:52:26,663 - INFO - [EXPORT OK] miami_grand_prix
2025-06-13 11:52:26,672 - INFO - Loading data for Monaco Grand Prix - Race [v3.5.3]
2025-06-13 11:52:26,673 - INFO - Using cached data for session_info
2025-06-13 11:52:26,673 - INFO - Using cached data for driver_info
2025-06-13 11:52:26,790 - DEBUG - Failed to parse timestamp '-1:53:44.819' in Ergastresponse.
2025-06-13 11:52:26,797 - INFO - Using cached data for session_status_data
2025-06-13 11:52:26,798 - INFO - Using cached data for lap_count
2025-06-13 11:52:26,799 - INFO - Using cached data for track_status_data
2025-06-13 11:52:26,804 - INFO - Using cached data for _extended_timing_data
2025-06-13 11:52:26,806 - INFO - Using cached data for timing_app_data
2025-06-13 11:52:26,806 - INFO - Processing timing data...
2025-06-13 11:52:27,756 - INFO - Using cached data for car_data
2025-06-13 11:52:27,833 - INFO - Using cached data for position_data
2025-06-13 11:52:28,706 - INFO - Using cached data for weather_data
2025-06-13 11:52:28,707 - INFO - Using cached data for race_control_messages
2025-06-13 11:52:28,763 - INFO - Finished loading data for 20 drivers: ['1', '14', '31', '44', '63', '16', '10', '55', '4', '81', '77', '21', '24', '23', '22', '11', '27', '2', '20', '18']
2025-06-13 11:52:28,820 - INFO - [EXPORT OK] monaco_grand_prix
2025-06-13 11:52:28,827 - INFO - Loading data for Spanish Grand Prix - Race [v3.5.3]
2025-06-13 11:52:28,827 - INFO - Using cached data for session_info
2025-06-13 11:52:28,828 - INFO - Using cached data for driver_info
2025-06-13 11:52:28,964 - INFO - Using cached data for session_status_data
2025-06-13 11:52:28,966 - INFO - Using cached data for lap_count
2025-06-13 11:52:28,967 - INFO - Using cached data for track_status_data
2025-06-13 11:52:28,972 - INFO - Using cached data for _extended_timing_data
2025-06-13 11:52:28,974 - INFO - Using cached data for timing_app_data
2025-06-13 11:52:28,974 - INFO - Processing timing data...
2025-06-13 11:52:29,623 - INFO - Using cached data for car_data
2025-06-13 11:52:29,693 - INFO - Using cached data for position_data
2025-06-13 11:52:30,503 - INFO - Using cached data for weather_data
2025-06-13 11:52:30,504 - INFO - Using cached data for race_control_messages
2025-06-13 11:52:30,506 - WARNING - Driver 1 completed the race distance 00:00.037000 before the recorded end of the session.
2025-06-13 11:52:30,526 - INFO - Finished loading data for 20 drivers: ['1', '44', '63', '11', '55', '18', '14', '31', '24', '10', '16', '22', '81', '21', '27', '23', '4', '20', '77', '2']
2025-06-13 11:52:30,581 - INFO - [EXPORT OK] spanish_grand_prix
2025-06-13 11:52:30,589 - INFO - Loading data for Canadian Grand Prix - Race [v3.5.3]
2025-06-13 11:52:30,589 - INFO - Using cached data for session_info
2025-06-13 11:52:30,590 - INFO - Using cached data for driver_info
2025-06-13 11:52:30,725 - INFO - Using cached data for session_status_data
2025-06-13 11:52:30,727 - INFO - Using cached data for lap_count
2025-06-13 11:52:30,728 - INFO - Using cached data for track_status_data
2025-06-13 11:52:30,733 - INFO - Using cached data for _extended_timing_data
2025-06-13 11:52:30,741 - INFO - Using cached data for timing_app_data
2025-06-13 11:52:30,741 - INFO - Processing timing data...
2025-06-13 11:52:31,393 - INFO - Using cached data for car_data
2025-06-13 11:52:31,465 - INFO - Using cached data for position_data
2025-06-13 11:52:32,266 - INFO - Using cached data for weather_data
2025-06-13 11:52:32,267 - INFO - Using cached data for race_control_messages
2025-06-13 11:52:32,312 - INFO - Finished loading data for 20 drivers: ['1', '14', '44', '16', '55', '11', '23', '31', '18', '77', '81', '10', '4', '22', '27', '24', '20', '21', '63', '2']
2025-06-13 11:52:32,367 - INFO - [EXPORT OK] canadian_grand_prix
2025-06-13 11:52:32,373 - INFO - Loading data for British Grand Prix - Race [v3.5.3]
2025-06-13 11:52:32,374 - INFO - Using cached data for session_info
2025-06-13 11:52:32,375 - INFO - Using cached data for driver_info
2025-06-13 11:52:32,495 - DEBUG - Failed to parse timestamp '-1:52:18.651' in Ergastresponse.
2025-06-13 11:52:32,504 - INFO - Using cached data for session_status_data
2025-06-13 11:52:32,505 - INFO - Using cached data for lap_count
2025-06-13 11:52:32,506 - INFO - Using cached data for track_status_data
2025-06-13 11:52:32,511 - INFO - Using cached data for _extended_timing_data
2025-06-13 11:52:32,512 - INFO - Using cached data for timing_app_data
2025-06-13 11:52:32,512 - INFO - Processing timing data...
2025-06-13 11:52:33,183 - INFO - Using cached data for car_data
2025-06-13 11:52:33,248 - INFO - Using cached data for position_data
2025-06-13 11:52:34,034 - INFO - Using cached data for weather_data
2025-06-13 11:52:34,036 - INFO - Using cached data for race_control_messages
2025-06-13 11:52:34,067 - INFO - Finished loading data for 20 drivers: ['1', '4', '44', '81', '63', '11', '14', '23', '16', '55', '2', '77', '27', '18', '24', '22', '21', '10', '20', '31']
2025-06-13 11:52:34,114 - INFO - [EXPORT OK] british_grand_prix
2025-06-13 11:52:34,123 - INFO - Loading data for Hungarian Grand Prix - Race [v3.5.3]
2025-06-13 11:52:34,123 - INFO - Using cached data for session_info
2025-06-13 11:52:34,124 - INFO - Using cached data for driver_info
2025-06-13 11:52:34,248 - DEBUG - Failed to parse timestamp '-1:58:20.590' in Ergastresponse.
2025-06-13 11:52:34,257 - INFO - Using cached data for session_status_data
2025-06-13 11:52:34,258 - INFO - Using cached data for lap_count
2025-06-13 11:52:34,259 - INFO - Using cached data for track_status_data
2025-06-13 11:52:34,265 - INFO - Using cached data for _extended_timing_data
2025-06-13 11:52:34,273 - INFO - Using cached data for timing_app_data
2025-06-13 11:52:34,273 - INFO - Processing timing data...
2025-06-13 11:52:35,301 - INFO - Using cached data for car_data
2025-06-13 11:52:35,362 - INFO - Using cached data for position_data
2025-06-13 11:52:36,192 - INFO - Using cached data for weather_data
2025-06-13 11:52:36,193 - INFO - Using cached data for race_control_messages
2025-06-13 11:52:36,225 - INFO - Finished loading data for 20 drivers: ['1', '4', '11', '44', '81', '63', '16', '55', '14', '18', '23', '77', '3', '27', '22', '24', '20', '2', '31', '10']
2025-06-13 11:52:36,287 - INFO - [EXPORT OK] hungarian_grand_prix
2025-06-13 11:52:36,295 - INFO - Loading data for Dutch Grand Prix - Race [v3.5.3]
2025-06-13 11:52:36,296 - INFO - Using cached data for session_info
2025-06-13 11:52:36,297 - INFO - Using cached data for driver_info
2025-06-13 11:52:36,428 - INFO - Using cached data for session_status_data
2025-06-13 11:52:36,429 - INFO - Using cached data for lap_count
2025-06-13 11:52:36,430 - INFO - Using cached data for track_status_data
2025-06-13 11:52:36,436 - INFO - Using cached data for _extended_timing_data
2025-06-13 11:52:36,437 - INFO - Using cached data for timing_app_data
2025-06-13 11:52:36,437 - INFO - Processing timing data...
2025-06-13 11:52:37,490 - INFO - Using cached data for car_data
2025-06-13 11:52:37,605 - INFO - Using cached data for position_data
2025-06-13 11:52:38,604 - INFO - Using cached data for weather_data
2025-06-13 11:52:38,607 - INFO - Using cached data for race_control_messages
2025-06-13 11:52:38,609 - WARNING - Driver 1 completed the race distance 00:02.059000 before the recorded end of the session.
2025-06-13 11:52:38,644 - INFO - Finished loading data for 20 drivers: ['1', '14', '10', '11', '55', '44', '4', '23', '81', '31', '18', '27', '40', '77', '22', '20', '63', '24', '16', '2']
2025-06-13 11:52:38,696 - INFO - [EXPORT OK] dutch_grand_prix
2025-06-13 11:52:38,703 - INFO - Loading data for Italian Grand Prix - Race [v3.5.3]
2025-06-13 11:52:38,704 - INFO - Using cached data for session_info
2025-06-13 11:52:38,704 - INFO - Using cached data for driver_info
2025-06-13 11:52:38,830 - INFO - Using cached data for session_status_data
2025-06-13 11:52:38,831 - INFO - Using cached data for lap_count
2025-06-13 11:52:38,832 - INFO - Using cached data for track_status_data
2025-06-13 11:52:38,839 - INFO - Using cached data for _extended_timing_data
2025-06-13 11:52:38,841 - INFO - Using cached data for timing_app_data
2025-06-13 11:52:38,841 - INFO - Processing timing data...
2025-06-13 11:52:39,405 - INFO - Using cached data for car_data
2025-06-13 11:52:39,461 - INFO - Using cached data for position_data
2025-06-13 11:52:40,269 - INFO - Using cached data for weather_data
2025-06-13 11:52:40,270 - INFO - Using cached data for race_control_messages
2025-06-13 11:52:40,272 - WARNING - Driver 1 completed the race distance 06:25.888000 before the recorded end of the session.
2025-06-13 11:52:40,273 - WARNING - Driver 11 completed the race distance 06:19.824000 before the recorded end of the session.
2025-06-13 11:52:40,274 - WARNING - Driver 55 completed the race distance 06:14.695000 before the recorded end of the session.
2025-06-13 11:52:40,275 - WARNING - Driver 16 completed the race distance 06:14.511000 before the recorded end of the session.
2025-06-13 11:52:40,277 - WARNING - Driver 63 completed the race distance 06:07.860000 before the recorded end of the session.
2025-06-13 11:52:40,278 - WARNING - Driver 44 completed the race distance 05:48.209000 before the recorded end of the session.
2025-06-13 11:52:40,279 - WARNING - Driver 23 completed the race distance 05:40.782000 before the recorded end of the session.
2025-06-13 11:52:40,281 - WARNING - Driver 4 completed the race distance 05:40.439000 before the recorded end of the session.
2025-06-13 11:52:40,282 - WARNING - Driver 14 completed the race distance 05:39.594000 before the recorded end of the session.
2025-06-13 11:52:40,380 - INFO - Finished loading data for 20 drivers: ['1', '11', '55', '16', '63', '44', '23', '4', '14', '77', '40', '81', '2', '24', '10', '18', '27', '20', '31', '22']
2025-06-13 11:52:40,426 - INFO - [EXPORT OK] italian_grand_prix
2025-06-13 11:52:40,432 - INFO - Loading data for Singapore Grand Prix - Race [v3.5.3]
2025-06-13 11:52:40,433 - INFO - Using cached data for session_info
2025-06-13 11:52:40,434 - INFO - Using cached data for driver_info
2025-06-13 11:52:40,557 - DEBUG - Failed to parse timestamp '-1:58:21.514' in Ergastresponse.
2025-06-13 11:52:40,566 - INFO - Using cached data for session_status_data
2025-06-13 11:52:40,567 - INFO - Using cached data for lap_count
2025-06-13 11:52:40,568 - INFO - Using cached data for track_status_data
2025-06-13 11:52:40,572 - INFO - Using cached data for _extended_timing_data
2025-06-13 11:52:40,573 - INFO - Using cached data for timing_app_data
2025-06-13 11:52:40,573 - INFO - Processing timing data...
2025-06-13 11:52:40,890 - WARNING - No lap data for driver 18
2025-06-13 11:52:41,026 - WARNING - Failed to perform lap accuracy check - all laps marked as inaccurate (driver 18)
2025-06-13 11:52:41,484 - INFO - Using cached data for car_data
2025-06-13 11:52:41,575 - INFO - Using cached data for position_data
2025-06-13 11:52:42,476 - INFO - Using cached data for weather_data
2025-06-13 11:52:42,477 - INFO - Using cached data for race_control_messages
2025-06-13 11:52:42,542 - INFO - Finished loading data for 20 drivers: ['55', '4', '44', '16', '1', '10', '81', '11', '40', '20', '23', '24', '27', '2', '14', '63', '77', '31', '22', '18']
2025-06-13 11:52:42,587 - INFO - [EXPORT OK] singapore_grand_prix
2025-06-13 11:52:42,593 - INFO - Loading data for Japanese Grand Prix - Race [v3.5.3]
2025-06-13 11:52:42,594 - INFO - Using cached data for session_info
2025-06-13 11:52:42,594 - INFO - Using cached data for driver_info
2025-06-13 11:52:42,729 - INFO - Using cached data for session_status_data
2025-06-13 11:52:42,730 - INFO - Using cached data for lap_count
2025-06-13 11:52:42,731 - INFO - Using cached data for track_status_data
2025-06-13 11:52:42,737 - INFO - Using cached data for _extended_timing_data
2025-06-13 11:52:42,738 - INFO - Using cached data for timing_app_data
2025-06-13 11:52:42,739 - INFO - Processing timing data...
2025-06-13 11:52:43,350 - INFO - Using cached data for car_data
2025-06-13 11:52:43,426 - INFO - Using cached data for position_data
2025-06-13 11:52:44,266 - INFO - Using cached data for weather_data
2025-06-13 11:52:44,269 - INFO - Using cached data for race_control_messages
2025-06-13 11:52:44,271 - WARNING - Driver 1 completed the race distance 00:00.076000 before the recorded end of the session.
2025-06-13 11:52:44,298 - INFO - Finished loading data for 20 drivers: ['1', '4', '81', '16', '44', '55', '63', '14', '31', '10', '40', '22', '24', '27', '20', '23', '2', '18', '11', '77']
2025-06-13 11:52:44,342 - INFO - [EXPORT OK] japanese_grand_prix
2025-06-13 11:52:44,351 - INFO - Loading data for Mexico City Grand Prix - Race [v3.5.3]
2025-06-13 11:52:44,352 - INFO - Using cached data for session_info
2025-06-13 11:52:44,353 - INFO - Using cached data for driver_info
2025-06-13 11:52:44,481 - INFO - Using cached data for session_status_data
2025-06-13 11:52:44,481 - INFO - Using cached data for lap_count
2025-06-13 11:52:44,482 - INFO - Using cached data for track_status_data
2025-06-13 11:52:44,490 - INFO - Using cached data for _extended_timing_data
2025-06-13 11:52:44,492 - INFO - Using cached data for timing_app_data
2025-06-13 11:52:44,492 - INFO - Processing timing data...
2025-06-13 11:52:45,354 - INFO - Using cached data for car_data
2025-06-13 11:52:45,674 - INFO - Using cached data for position_data
2025-06-13 11:52:46,874 - INFO - Using cached data for weather_data
2025-06-13 11:52:46,877 - INFO - Using cached data for race_control_messages
2025-06-13 11:52:46,929 - INFO - Finished loading data for 20 drivers: ['1', '44', '16', '55', '4', '63', '3', '81', '23', '31', '10', '22', '27', '24', '77', '2', '18', '14', '20', '11']
2025-06-13 11:52:46,992 - INFO - [EXPORT OK] mexico_city_grand_prix
2025-06-13 11:52:47,000 - INFO - Loading data for Las Vegas Grand Prix - Race [v3.5.3]
2025-06-13 11:52:47,001 - INFO - Using cached data for session_info
2025-06-13 11:52:47,001 - INFO - Using cached data for driver_info
2025-06-13 11:52:47,124 - DEBUG - Failed to parse timestamp '-1:54:30.642' in Ergastresponse.
2025-06-13 11:52:47,124 - DEBUG - Failed to parse timestamp '-1:52:35.501' in Ergastresponse.
2025-06-13 11:52:47,133 - INFO - Using cached data for session_status_data
2025-06-13 11:52:47,134 - INFO - Using cached data for lap_count
2025-06-13 11:52:47,135 - INFO - Using cached data for track_status_data
2025-06-13 11:52:47,139 - INFO - Using cached data for _extended_timing_data
2025-06-13 11:52:47,140 - INFO - Using cached data for timing_app_data
2025-06-13 11:52:47,140 - INFO - Processing timing data...
2025-06-13 11:52:47,799 - INFO - Using cached data for car_data
2025-06-13 11:52:47,870 - INFO - Using cached data for position_data
2025-06-13 11:52:48,480 - INFO - Using cached data for weather_data
2025-06-13 11:52:48,481 - INFO - Using cached data for race_control_messages
2025-06-13 11:52:48,484 - WARNING - Driver 1 completed the race distance 00:00.001000 before the recorded end of the session.
2025-06-13 11:52:48,553 - INFO - Finished loading data for 20 drivers: ['1', '16', '11', '31', '18', '55', '44', '63', '14', '81', '10', '23', '20', '3', '24', '2', '77', '22', '27', '4']
2025-06-13 11:52:48,589 - INFO - [EXPORT OK] las_vegas_grand_prix
2025-06-13 11:52:48,596 - INFO - Loading data for Abu Dhabi Grand Prix - Race [v3.5.3]
2025-06-13 11:52:48,596 - INFO - Using cached data for session_info
2025-06-13 11:52:48,597 - INFO - Using cached data for driver_info
2025-06-13 11:52:48,724 - DEBUG - Failed to parse timestamp '-1:59:48.299' in Ergastresponse.
2025-06-13 11:52:48,735 - INFO - Using cached data for session_status_data
2025-06-13 11:52:48,736 - INFO - Using cached data for lap_count
2025-06-13 11:52:48,737 - INFO - Using cached data for track_status_data
2025-06-13 11:52:48,742 - INFO - Using cached data for _extended_timing_data
2025-06-13 11:52:48,744 - INFO - Using cached data for timing_app_data
2025-06-13 11:52:48,744 - INFO - Processing timing data...
2025-06-13 11:52:49,668 - INFO - Using cached data for car_data
2025-06-13 11:52:49,733 - INFO - Using cached data for position_data
2025-06-13 11:52:50,536 - INFO - Using cached data for weather_data
2025-06-13 11:52:50,537 - INFO - Using cached data for race_control_messages
2025-06-13 11:52:50,576 - INFO - Finished loading data for 20 drivers: ['1', '16', '63', '11', '4', '81', '14', '22', '44', '18', '3', '31', '10', '23', '27', '2', '24', '55', '77', '20']
2025-06-13 11:52:50,633 - INFO - [EXPORT OK] abu_dhabi_grand_prix
2025-06-13 11:52:51,218 - INFO - [COMBINED EXPORT] All races complete.
2025-06-13 14:07:39,788 - INFO - Loading data for Bahrain Grand Prix - Race [v3.5.3]
2025-06-13 14:07:39,790 - INFO - Using cached data for session_info
2025-06-13 14:07:39,791 - INFO - Using cached data for driver_info
2025-06-13 14:07:40,367 - INFO - Using cached data for session_status_data
2025-06-13 14:07:40,368 - INFO - Using cached data for lap_count
2025-06-13 14:07:40,369 - INFO - Using cached data for track_status_data
2025-06-13 14:07:40,398 - INFO - Using cached data for _extended_timing_data
2025-06-13 14:07:40,401 - INFO - Using cached data for timing_app_data
2025-06-13 14:07:40,401 - INFO - Processing timing data...
2025-06-13 14:07:41,060 - INFO - Using cached data for car_data
2025-06-13 14:07:41,310 - INFO - Using cached data for position_data
2025-06-13 14:07:44,749 - INFO - Using cached data for weather_data
2025-06-13 14:07:44,761 - INFO - Using cached data for race_control_messages
2025-06-13 14:07:44,870 - INFO - Finished loading data for 20 drivers: ['1', '11', '14', '55', '44', '18', '63', '77', '10', '23', '22', '2', '20', '21', '27', '24', '4', '31', '16', '81']
2025-06-13 14:07:44,941 - INFO - [EXPORT OK] bahrain_grand_prix
2025-06-13 14:07:44,947 - INFO - Loading data for Saudi Arabian Grand Prix - Race [v3.5.3]
2025-06-13 14:07:44,948 - INFO - Using cached data for session_info
2025-06-13 14:07:44,949 - INFO - Using cached data for driver_info
2025-06-13 14:07:45,094 - INFO - Using cached data for session_status_data
2025-06-13 14:07:45,095 - INFO - Using cached data for lap_count
2025-06-13 14:07:45,096 - INFO - Using cached data for track_status_data
2025-06-13 14:07:45,110 - INFO - Using cached data for _extended_timing_data
2025-06-13 14:07:45,112 - INFO - Using cached data for timing_app_data
2025-06-13 14:07:45,112 - INFO - Processing timing data...
2025-06-13 14:07:45,791 - INFO - Using cached data for car_data
2025-06-13 14:07:46,260 - INFO - Using cached data for position_data
2025-06-13 14:07:48,237 - INFO - Using cached data for weather_data
2025-06-13 14:07:48,239 - INFO - Using cached data for race_control_messages
2025-06-13 14:07:48,242 - WARNING - Driver 11 completed the race distance 00:00.035000 before the recorded end of the session.
2025-06-13 14:07:48,277 - INFO - Finished loading data for 20 drivers: ['11', '1', '14', '63', '44', '55', '16', '31', '10', '20', '22', '27', '24', '21', '81', '2', '4', '77', '23', '18']
2025-06-13 14:07:48,331 - INFO - [EXPORT OK] saudi_arabian_grand_prix
2025-06-13 14:07:48,340 - INFO - Loading data for Australian Grand Prix - Race [v3.5.3]
2025-06-13 14:07:48,344 - INFO - Using cached data for session_info
2025-06-13 14:07:48,345 - INFO - Using cached data for driver_info
2025-06-13 14:07:48,476 - DEBUG - Failed to parse timestamp '-1:24:05.036' in Ergastresponse.
2025-06-13 14:07:48,476 - DEBUG - Failed to parse timestamp '-1:24:06.409' in Ergastresponse.
2025-06-13 14:07:48,476 - DEBUG - Failed to parse timestamp '-1:24:07.342' in Ergastresponse.
2025-06-13 14:07:48,476 - DEBUG - Failed to parse timestamp '-1:24:07.559' in Ergastresponse.
2025-06-13 14:07:48,476 - DEBUG - Failed to parse timestamp '-1:01:16.239' in Ergastresponse.
2025-06-13 14:07:48,487 - INFO - Using cached data for session_status_data
2025-06-13 14:07:48,488 - INFO - Using cached data for lap_count
2025-06-13 14:07:48,489 - INFO - Using cached data for track_status_data
2025-06-13 14:07:48,495 - INFO - Using cached data for _extended_timing_data
2025-06-13 14:07:48,496 - INFO - Using cached data for timing_app_data
2025-06-13 14:07:48,496 - INFO - Processing timing data...
2025-06-13 14:07:49,158 - INFO - Using cached data for car_data
2025-06-13 14:07:49,328 - INFO - Using cached data for position_data
2025-06-13 14:07:50,350 - INFO - Using cached data for weather_data
2025-06-13 14:07:50,355 - INFO - Using cached data for race_control_messages
2025-06-13 14:07:50,448 - INFO - Finished loading data for 20 drivers: ['1', '44', '14', '18', '11', '4', '27', '81', '24', '22', '77', '55', '10', '31', '21', '2', '20', '63', '23', '16']
2025-06-13 14:07:50,494 - INFO - [EXPORT OK] australian_grand_prix
2025-06-13 14:07:50,501 - INFO - Loading data for Miami Grand Prix - Race [v3.5.3]
2025-06-13 14:07:50,501 - INFO - Using cached data for session_info
2025-06-13 14:07:50,504 - INFO - Using cached data for driver_info
2025-06-13 14:07:50,634 - INFO - Using cached data for session_status_data
2025-06-13 14:07:50,635 - INFO - Using cached data for lap_count
2025-06-13 14:07:50,636 - INFO - Using cached data for track_status_data
2025-06-13 14:07:50,642 - INFO - Using cached data for _extended_timing_data
2025-06-13 14:07:50,645 - INFO - Using cached data for timing_app_data
2025-06-13 14:07:50,645 - INFO - Processing timing data...
2025-06-13 14:07:51,339 - INFO - Using cached data for car_data
2025-06-13 14:07:51,427 - INFO - Using cached data for position_data
2025-06-13 14:07:52,137 - INFO - Using cached data for weather_data
2025-06-13 14:07:52,138 - INFO - Using cached data for race_control_messages
2025-06-13 14:07:52,159 - INFO - Finished loading data for 20 drivers: ['1', '11', '14', '63', '55', '44', '16', '10', '31', '20', '22', '18', '77', '23', '27', '24', '4', '21', '81', '2']
2025-06-13 14:07:52,214 - INFO - [EXPORT OK] miami_grand_prix
2025-06-13 14:07:52,221 - INFO - Loading data for Monaco Grand Prix - Race [v3.5.3]
2025-06-13 14:07:52,223 - INFO - Using cached data for session_info
2025-06-13 14:07:52,224 - INFO - Using cached data for driver_info
2025-06-13 14:07:52,350 - DEBUG - Failed to parse timestamp '-1:53:44.819' in Ergastresponse.
2025-06-13 14:07:52,359 - INFO - Using cached data for session_status_data
2025-06-13 14:07:52,360 - INFO - Using cached data for lap_count
2025-06-13 14:07:52,361 - INFO - Using cached data for track_status_data
2025-06-13 14:07:52,366 - INFO - Using cached data for _extended_timing_data
2025-06-13 14:07:52,367 - INFO - Using cached data for timing_app_data
2025-06-13 14:07:52,367 - INFO - Processing timing data...
2025-06-13 14:07:53,174 - INFO - Using cached data for car_data
2025-06-13 14:07:53,265 - INFO - Using cached data for position_data
2025-06-13 14:07:54,169 - INFO - Using cached data for weather_data
2025-06-13 14:07:54,171 - INFO - Using cached data for race_control_messages
2025-06-13 14:07:54,229 - INFO - Finished loading data for 20 drivers: ['1', '14', '31', '44', '63', '16', '10', '55', '4', '81', '77', '21', '24', '23', '22', '11', '27', '2', '20', '18']
2025-06-13 14:07:54,295 - INFO - [EXPORT OK] monaco_grand_prix
2025-06-13 14:07:54,302 - INFO - Loading data for Spanish Grand Prix - Race [v3.5.3]
2025-06-13 14:07:54,302 - INFO - Using cached data for session_info
2025-06-13 14:07:54,303 - INFO - Using cached data for driver_info
2025-06-13 14:07:54,433 - INFO - Using cached data for session_status_data
2025-06-13 14:07:54,434 - INFO - Using cached data for lap_count
2025-06-13 14:07:54,435 - INFO - Using cached data for track_status_data
2025-06-13 14:07:54,441 - INFO - Using cached data for _extended_timing_data
2025-06-13 14:07:54,443 - INFO - Using cached data for timing_app_data
2025-06-13 14:07:54,443 - INFO - Processing timing data...
2025-06-13 14:07:55,107 - INFO - Using cached data for car_data
2025-06-13 14:07:55,163 - INFO - Using cached data for position_data
2025-06-13 14:07:55,938 - INFO - Using cached data for weather_data
2025-06-13 14:07:55,940 - INFO - Using cached data for race_control_messages
2025-06-13 14:07:55,942 - WARNING - Driver 1 completed the race distance 00:00.037000 before the recorded end of the session.
2025-06-13 14:07:55,963 - INFO - Finished loading data for 20 drivers: ['1', '44', '63', '11', '55', '18', '14', '31', '24', '10', '16', '22', '81', '21', '27', '23', '4', '20', '77', '2']
2025-06-13 14:07:56,023 - INFO - [EXPORT OK] spanish_grand_prix
2025-06-13 14:07:56,030 - INFO - Loading data for Canadian Grand Prix - Race [v3.5.3]
2025-06-13 14:07:56,031 - INFO - Using cached data for session_info
2025-06-13 14:07:56,031 - INFO - Using cached data for driver_info
2025-06-13 14:07:56,172 - INFO - Using cached data for session_status_data
2025-06-13 14:07:56,173 - INFO - Using cached data for lap_count
2025-06-13 14:07:56,174 - INFO - Using cached data for track_status_data
2025-06-13 14:07:56,179 - INFO - Using cached data for _extended_timing_data
2025-06-13 14:07:56,181 - INFO - Using cached data for timing_app_data
2025-06-13 14:07:56,181 - INFO - Processing timing data...
2025-06-13 14:07:56,838 - INFO - Using cached data for car_data
2025-06-13 14:07:56,914 - INFO - Using cached data for position_data
2025-06-13 14:07:57,748 - INFO - Using cached data for weather_data
2025-06-13 14:07:57,749 - INFO - Using cached data for race_control_messages
2025-06-13 14:07:57,783 - INFO - Finished loading data for 20 drivers: ['1', '14', '44', '16', '55', '11', '23', '31', '18', '77', '81', '10', '4', '22', '27', '24', '20', '21', '63', '2']
2025-06-13 14:07:57,840 - INFO - [EXPORT OK] canadian_grand_prix
2025-06-13 14:07:57,846 - INFO - Loading data for British Grand Prix - Race [v3.5.3]
2025-06-13 14:07:57,846 - INFO - Using cached data for session_info
2025-06-13 14:07:57,847 - INFO - Using cached data for driver_info
2025-06-13 14:07:57,978 - DEBUG - Failed to parse timestamp '-1:52:18.651' in Ergastresponse.
2025-06-13 14:07:57,990 - INFO - Using cached data for session_status_data
2025-06-13 14:07:57,991 - INFO - Using cached data for lap_count
2025-06-13 14:07:57,992 - INFO - Using cached data for track_status_data
2025-06-13 14:07:57,997 - INFO - Using cached data for _extended_timing_data
2025-06-13 14:07:57,998 - INFO - Using cached data for timing_app_data
2025-06-13 14:07:57,998 - INFO - Processing timing data...
2025-06-13 14:07:58,681 - INFO - Using cached data for car_data
2025-06-13 14:07:58,784 - INFO - Using cached data for position_data
2025-06-13 14:07:59,550 - INFO - Using cached data for weather_data
2025-06-13 14:07:59,551 - INFO - Using cached data for race_control_messages
2025-06-13 14:07:59,583 - INFO - Finished loading data for 20 drivers: ['1', '4', '44', '81', '63', '11', '14', '23', '16', '55', '2', '77', '27', '18', '24', '22', '21', '10', '20', '31']
2025-06-13 14:07:59,629 - INFO - [EXPORT OK] british_grand_prix
2025-06-13 14:07:59,636 - INFO - Loading data for Hungarian Grand Prix - Race [v3.5.3]
2025-06-13 14:07:59,636 - INFO - Using cached data for session_info
2025-06-13 14:07:59,637 - INFO - Using cached data for driver_info
2025-06-13 14:07:59,764 - DEBUG - Failed to parse timestamp '-1:58:20.590' in Ergastresponse.
2025-06-13 14:07:59,775 - INFO - Using cached data for session_status_data
2025-06-13 14:07:59,776 - INFO - Using cached data for lap_count
2025-06-13 14:07:59,777 - INFO - Using cached data for track_status_data
2025-06-13 14:07:59,782 - INFO - Using cached data for _extended_timing_data
2025-06-13 14:07:59,783 - INFO - Using cached data for timing_app_data
2025-06-13 14:07:59,784 - INFO - Processing timing data...
2025-06-13 14:08:00,444 - INFO - Using cached data for car_data
2025-06-13 14:08:00,511 - INFO - Using cached data for position_data
2025-06-13 14:08:01,269 - INFO - Using cached data for weather_data
2025-06-13 14:08:01,270 - INFO - Using cached data for race_control_messages
2025-06-13 14:08:01,298 - INFO - Finished loading data for 20 drivers: ['1', '4', '11', '44', '81', '63', '16', '55', '14', '18', '23', '77', '3', '27', '22', '24', '20', '2', '31', '10']
2025-06-13 14:08:01,353 - INFO - [EXPORT OK] hungarian_grand_prix
2025-06-13 14:08:01,359 - INFO - Loading data for Dutch Grand Prix - Race [v3.5.3]
2025-06-13 14:08:01,360 - INFO - Using cached data for session_info
2025-06-13 14:08:01,361 - INFO - Using cached data for driver_info
2025-06-13 14:08:01,491 - INFO - Using cached data for session_status_data
2025-06-13 14:08:01,492 - INFO - Using cached data for lap_count
2025-06-13 14:08:01,493 - INFO - Using cached data for track_status_data
2025-06-13 14:08:01,499 - INFO - Using cached data for _extended_timing_data
2025-06-13 14:08:01,500 - INFO - Using cached data for timing_app_data
2025-06-13 14:08:01,500 - INFO - Processing timing data...
2025-06-13 14:08:02,257 - INFO - Using cached data for car_data
2025-06-13 14:08:02,363 - INFO - Using cached data for position_data
2025-06-13 14:08:03,453 - INFO - Using cached data for weather_data
2025-06-13 14:08:03,456 - INFO - Using cached data for race_control_messages
2025-06-13 14:08:03,458 - WARNING - Driver 1 completed the race distance 00:02.059000 before the recorded end of the session.
2025-06-13 14:08:03,497 - INFO - Finished loading data for 20 drivers: ['1', '14', '10', '11', '55', '44', '4', '23', '81', '31', '18', '27', '40', '77', '22', '20', '63', '24', '16', '2']
2025-06-13 14:08:03,556 - INFO - [EXPORT OK] dutch_grand_prix
2025-06-13 14:08:03,563 - INFO - Loading data for Italian Grand Prix - Race [v3.5.3]
2025-06-13 14:08:03,564 - INFO - Using cached data for session_info
2025-06-13 14:08:03,564 - INFO - Using cached data for driver_info
2025-06-13 14:08:03,704 - INFO - Using cached data for session_status_data
2025-06-13 14:08:03,705 - INFO - Using cached data for lap_count
2025-06-13 14:08:03,705 - INFO - Using cached data for track_status_data
2025-06-13 14:08:03,710 - INFO - Using cached data for _extended_timing_data
2025-06-13 14:08:03,711 - INFO - Using cached data for timing_app_data
2025-06-13 14:08:03,712 - INFO - Processing timing data...
2025-06-13 14:08:04,236 - INFO - Using cached data for car_data
2025-06-13 14:08:04,306 - INFO - Using cached data for position_data
2025-06-13 14:08:05,085 - INFO - Using cached data for weather_data
2025-06-13 14:08:05,086 - INFO - Using cached data for race_control_messages
2025-06-13 14:08:05,088 - WARNING - Driver 1 completed the race distance 06:25.888000 before the recorded end of the session.
2025-06-13 14:08:05,090 - WARNING - Driver 11 completed the race distance 06:19.824000 before the recorded end of the session.
2025-06-13 14:08:05,091 - WARNING - Driver 55 completed the race distance 06:14.695000 before the recorded end of the session.
2025-06-13 14:08:05,092 - WARNING - Driver 16 completed the race distance 06:14.511000 before the recorded end of the session.
2025-06-13 14:08:05,094 - WARNING - Driver 63 completed the race distance 06:07.860000 before the recorded end of the session.
2025-06-13 14:08:05,095 - WARNING - Driver 44 completed the race distance 05:48.209000 before the recorded end of the session.
2025-06-13 14:08:05,096 - WARNING - Driver 23 completed the race distance 05:40.782000 before the recorded end of the session.
2025-06-13 14:08:05,098 - WARNING - Driver 4 completed the race distance 05:40.439000 before the recorded end of the session.
2025-06-13 14:08:05,099 - WARNING - Driver 14 completed the race distance 05:39.594000 before the recorded end of the session.
2025-06-13 14:08:05,152 - INFO - Finished loading data for 20 drivers: ['1', '11', '55', '16', '63', '44', '23', '4', '14', '77', '40', '81', '2', '24', '10', '18', '27', '20', '31', '22']
2025-06-13 14:08:05,197 - INFO - [EXPORT OK] italian_grand_prix
2025-06-13 14:08:05,204 - INFO - Loading data for Singapore Grand Prix - Race [v3.5.3]
2025-06-13 14:08:05,204 - INFO - Using cached data for session_info
2025-06-13 14:08:05,205 - INFO - Using cached data for driver_info
2025-06-13 14:08:05,327 - DEBUG - Failed to parse timestamp '-1:58:21.514' in Ergastresponse.
2025-06-13 14:08:05,341 - INFO - Using cached data for session_status_data
2025-06-13 14:08:05,342 - INFO - Using cached data for lap_count
2025-06-13 14:08:05,343 - INFO - Using cached data for track_status_data
2025-06-13 14:08:05,348 - INFO - Using cached data for _extended_timing_data
2025-06-13 14:08:05,349 - INFO - Using cached data for timing_app_data
2025-06-13 14:08:05,350 - INFO - Processing timing data...
2025-06-13 14:08:05,647 - WARNING - No lap data for driver 18
2025-06-13 14:08:05,776 - WARNING - Failed to perform lap accuracy check - all laps marked as inaccurate (driver 18)
2025-06-13 14:08:05,951 - INFO - Using cached data for car_data
2025-06-13 14:08:06,022 - INFO - Using cached data for position_data
2025-06-13 14:08:06,883 - INFO - Using cached data for weather_data
2025-06-13 14:08:06,884 - INFO - Using cached data for race_control_messages
2025-06-13 14:08:06,939 - INFO - Finished loading data for 20 drivers: ['55', '4', '44', '16', '1', '10', '81', '11', '40', '20', '23', '24', '27', '2', '14', '63', '77', '31', '22', '18']
2025-06-13 14:08:06,989 - INFO - [EXPORT OK] singapore_grand_prix
2025-06-13 14:08:06,995 - INFO - Loading data for Japanese Grand Prix - Race [v3.5.3]
2025-06-13 14:08:06,996 - INFO - Using cached data for session_info
2025-06-13 14:08:06,997 - INFO - Using cached data for driver_info
2025-06-13 14:08:07,128 - INFO - Using cached data for session_status_data
2025-06-13 14:08:07,129 - INFO - Using cached data for lap_count
2025-06-13 14:08:07,131 - INFO - Using cached data for track_status_data
2025-06-13 14:08:07,135 - INFO - Using cached data for _extended_timing_data
2025-06-13 14:08:07,136 - INFO - Using cached data for timing_app_data
2025-06-13 14:08:07,136 - INFO - Processing timing data...
2025-06-13 14:08:07,696 - INFO - Using cached data for car_data
2025-06-13 14:08:07,784 - INFO - Using cached data for position_data
2025-06-13 14:08:08,548 - INFO - Using cached data for weather_data
2025-06-13 14:08:08,550 - INFO - Using cached data for race_control_messages
2025-06-13 14:08:08,552 - WARNING - Driver 1 completed the race distance 00:00.076000 before the recorded end of the session.
2025-06-13 14:08:08,576 - INFO - Finished loading data for 20 drivers: ['1', '4', '81', '16', '44', '55', '63', '14', '31', '10', '40', '22', '24', '27', '20', '23', '2', '18', '11', '77']
2025-06-13 14:08:08,618 - INFO - [EXPORT OK] japanese_grand_prix
2025-06-13 14:08:08,625 - INFO - Loading data for Mexico City Grand Prix - Race [v3.5.3]
2025-06-13 14:08:08,626 - INFO - Using cached data for session_info
2025-06-13 14:08:08,626 - INFO - Using cached data for driver_info
2025-06-13 14:08:08,762 - INFO - Using cached data for session_status_data
2025-06-13 14:08:08,763 - INFO - Using cached data for lap_count
2025-06-13 14:08:08,764 - INFO - Using cached data for track_status_data
2025-06-13 14:08:08,770 - INFO - Using cached data for _extended_timing_data
2025-06-13 14:08:08,772 - INFO - Using cached data for timing_app_data
2025-06-13 14:08:08,772 - INFO - Processing timing data...
2025-06-13 14:08:09,429 - INFO - Using cached data for car_data
2025-06-13 14:08:09,511 - INFO - Using cached data for position_data
2025-06-13 14:08:10,547 - INFO - Using cached data for weather_data
2025-06-13 14:08:10,550 - INFO - Using cached data for race_control_messages
2025-06-13 14:08:10,597 - INFO - Finished loading data for 20 drivers: ['1', '44', '16', '55', '4', '63', '3', '81', '23', '31', '10', '22', '27', '24', '77', '2', '18', '14', '20', '11']
2025-06-13 14:08:10,665 - INFO - [EXPORT OK] mexico_city_grand_prix
2025-06-13 14:08:10,673 - INFO - Loading data for Las Vegas Grand Prix - Race [v3.5.3]
2025-06-13 14:08:10,674 - INFO - Using cached data for session_info
2025-06-13 14:08:10,675 - INFO - Using cached data for driver_info
2025-06-13 14:08:10,803 - DEBUG - Failed to parse timestamp '-1:54:30.642' in Ergastresponse.
2025-06-13 14:08:10,803 - DEBUG - Failed to parse timestamp '-1:52:35.501' in Ergastresponse.
2025-06-13 14:08:10,812 - INFO - Using cached data for session_status_data
2025-06-13 14:08:10,813 - INFO - Using cached data for lap_count
2025-06-13 14:08:10,814 - INFO - Using cached data for track_status_data
2025-06-13 14:08:10,818 - INFO - Using cached data for _extended_timing_data
2025-06-13 14:08:10,819 - INFO - Using cached data for timing_app_data
2025-06-13 14:08:10,820 - INFO - Processing timing data...
2025-06-13 14:08:11,414 - INFO - Using cached data for car_data
2025-06-13 14:08:11,477 - INFO - Using cached data for position_data
2025-06-13 14:08:12,047 - INFO - Using cached data for weather_data
2025-06-13 14:08:12,048 - INFO - Using cached data for race_control_messages
2025-06-13 14:08:12,050 - WARNING - Driver 1 completed the race distance 00:00.001000 before the recorded end of the session.
2025-06-13 14:08:12,112 - INFO - Finished loading data for 20 drivers: ['1', '16', '11', '31', '18', '55', '44', '63', '14', '81', '10', '23', '20', '3', '24', '2', '77', '22', '27', '4']
2025-06-13 14:08:12,152 - INFO - [EXPORT OK] las_vegas_grand_prix
2025-06-13 14:08:12,158 - INFO - Loading data for Abu Dhabi Grand Prix - Race [v3.5.3]
2025-06-13 14:08:12,159 - INFO - Using cached data for session_info
2025-06-13 14:08:12,160 - INFO - Using cached data for driver_info
2025-06-13 14:08:12,279 - DEBUG - Failed to parse timestamp '-1:59:48.299' in Ergastresponse.
2025-06-13 14:08:12,290 - INFO - Using cached data for session_status_data
2025-06-13 14:08:12,291 - INFO - Using cached data for lap_count
2025-06-13 14:08:12,292 - INFO - Using cached data for track_status_data
2025-06-13 14:08:12,298 - INFO - Using cached data for _extended_timing_data
2025-06-13 14:08:12,300 - INFO - Using cached data for timing_app_data
2025-06-13 14:08:12,300 - INFO - Processing timing data...
2025-06-13 14:08:12,944 - INFO - Using cached data for car_data
2025-06-13 14:08:13,014 - INFO - Using cached data for position_data
2025-06-13 14:08:13,778 - INFO - Using cached data for weather_data
2025-06-13 14:08:13,779 - INFO - Using cached data for race_control_messages
2025-06-13 14:08:13,814 - INFO - Finished loading data for 20 drivers: ['1', '16', '63', '11', '4', '81', '14', '22', '44', '18', '3', '31', '10', '23', '27', '2', '24', '55', '77', '20']
2025-06-13 14:08:13,865 - INFO - [EXPORT OK] abu_dhabi_grand_prix
2025-06-13 14:08:14,456 - INFO - [COMBINED EXPORT] All races complete.
2025-06-14 19:43:14,196 - INFO - Loading data for Bahrain Grand Prix - Race [v3.5.3]
2025-06-14 19:43:14,198 - INFO - Using cached data for session_info
2025-06-14 19:43:14,198 - INFO - Using cached data for driver_info
2025-06-14 19:43:14,893 - INFO - Using cached data for session_status_data
2025-06-14 19:43:14,894 - INFO - Using cached data for lap_count
2025-06-14 19:43:14,895 - INFO - Using cached data for track_status_data
2025-06-14 19:43:14,923 - INFO - Using cached data for _extended_timing_data
2025-06-14 19:43:14,924 - INFO - Using cached data for timing_app_data
2025-06-14 19:43:14,925 - INFO - Processing timing data...
2025-06-14 19:43:15,746 - INFO - Using cached data for car_data
2025-06-14 19:43:16,328 - INFO - Using cached data for position_data
2025-06-14 19:43:17,493 - INFO - Using cached data for weather_data
2025-06-14 19:43:17,496 - INFO - Using cached data for race_control_messages
2025-06-14 19:43:17,543 - INFO - Finished loading data for 20 drivers: ['1', '11', '14', '55', '44', '18', '63', '77', '10', '23', '22', '2', '20', '21', '27', '24', '4', '31', '16', '81']
2025-06-14 19:43:17,548 - ERROR - [PROCESS FAIL] bahrain_grand_prix: 'Session' object has no attribute 'track'
2025-06-14 19:43:17,554 - INFO - Loading data for Saudi Arabian Grand Prix - Race [v3.5.3]
2025-06-14 19:43:17,555 - INFO - Using cached data for session_info
2025-06-14 19:43:17,555 - INFO - Using cached data for driver_info
2025-06-14 19:43:17,706 - INFO - Using cached data for session_status_data
2025-06-14 19:43:17,707 - INFO - Using cached data for lap_count
2025-06-14 19:43:17,708 - INFO - Using cached data for track_status_data
2025-06-14 19:43:17,717 - INFO - Using cached data for _extended_timing_data
2025-06-14 19:43:17,718 - INFO - Using cached data for timing_app_data
2025-06-14 19:43:17,719 - INFO - Processing timing data...
2025-06-14 19:43:18,286 - INFO - Using cached data for car_data
2025-06-14 19:43:18,421 - INFO - Using cached data for position_data
2025-06-14 19:43:19,365 - INFO - Using cached data for weather_data
2025-06-14 19:43:19,367 - INFO - Using cached data for race_control_messages
2025-06-14 19:43:19,369 - WARNING - Driver 11 completed the race distance 00:00.035000 before the recorded end of the session.
2025-06-14 19:43:19,402 - INFO - Finished loading data for 20 drivers: ['11', '1', '14', '63', '44', '55', '16', '31', '10', '20', '22', '27', '24', '21', '81', '2', '4', '77', '23', '18']
2025-06-14 19:43:19,406 - ERROR - [PROCESS FAIL] saudi_arabian_grand_prix: 'Session' object has no attribute 'track'
2025-06-14 19:43:19,413 - INFO - Loading data for Australian Grand Prix - Race [v3.5.3]
2025-06-14 19:43:19,413 - INFO - Using cached data for session_info
2025-06-14 19:43:19,414 - INFO - Using cached data for driver_info
2025-06-14 19:43:19,544 - DEBUG - Failed to parse timestamp '-1:24:05.036' in Ergastresponse.
2025-06-14 19:43:19,544 - DEBUG - Failed to parse timestamp '-1:24:06.409' in Ergastresponse.
2025-06-14 19:43:19,544 - DEBUG - Failed to parse timestamp '-1:24:07.342' in Ergastresponse.
2025-06-14 19:43:19,544 - DEBUG - Failed to parse timestamp '-1:24:07.559' in Ergastresponse.
2025-06-14 19:43:19,544 - DEBUG - Failed to parse timestamp '-1:01:16.239' in Ergastresponse.
2025-06-14 19:43:19,555 - INFO - Using cached data for session_status_data
2025-06-14 19:43:19,556 - INFO - Using cached data for lap_count
2025-06-14 19:43:19,557 - INFO - Using cached data for track_status_data
2025-06-14 19:43:19,563 - INFO - Using cached data for _extended_timing_data
2025-06-14 19:43:19,564 - INFO - Using cached data for timing_app_data
2025-06-14 19:43:19,565 - INFO - Processing timing data...
2025-06-14 19:43:20,255 - INFO - Using cached data for car_data
2025-06-14 19:43:20,402 - INFO - Using cached data for position_data
2025-06-14 19:43:21,418 - INFO - Using cached data for weather_data
2025-06-14 19:43:21,421 - INFO - Using cached data for race_control_messages
2025-06-14 19:43:21,519 - INFO - Finished loading data for 20 drivers: ['1', '44', '14', '18', '11', '4', '27', '81', '24', '22', '77', '55', '10', '31', '21', '2', '20', '63', '23', '16']
2025-06-14 19:43:21,522 - ERROR - [PROCESS FAIL] australian_grand_prix: 'Session' object has no attribute 'track'
2025-06-14 19:43:21,530 - INFO - Loading data for Miami Grand Prix - Race [v3.5.3]
2025-06-14 19:43:21,533 - INFO - Using cached data for session_info
2025-06-14 19:43:21,534 - INFO - Using cached data for driver_info
2025-06-14 19:43:21,763 - INFO - Using cached data for session_status_data
2025-06-14 19:43:21,765 - INFO - Using cached data for lap_count
2025-06-14 19:43:21,766 - INFO - Using cached data for track_status_data
2025-06-14 19:43:21,772 - INFO - Using cached data for _extended_timing_data
2025-06-14 19:43:21,774 - INFO - Using cached data for timing_app_data
2025-06-14 19:43:21,774 - INFO - Processing timing data...
2025-06-14 19:43:22,484 - INFO - Using cached data for car_data
2025-06-14 19:43:22,537 - INFO - Using cached data for position_data
2025-06-14 19:43:23,290 - INFO - Using cached data for weather_data
2025-06-14 19:43:23,291 - INFO - Using cached data for race_control_messages
2025-06-14 19:43:23,311 - INFO - Finished loading data for 20 drivers: ['1', '11', '14', '63', '55', '44', '16', '10', '31', '20', '22', '18', '77', '23', '27', '24', '4', '21', '81', '2']
2025-06-14 19:43:23,316 - ERROR - [PROCESS FAIL] miami_grand_prix: 'Session' object has no attribute 'track'
2025-06-14 19:43:23,321 - INFO - Loading data for Monaco Grand Prix - Race [v3.5.3]
2025-06-14 19:43:23,322 - INFO - Using cached data for session_info
2025-06-14 19:43:23,323 - INFO - Using cached data for driver_info
2025-06-14 19:43:23,443 - DEBUG - Failed to parse timestamp '-1:53:44.819' in Ergastresponse.
2025-06-14 19:43:23,454 - INFO - Using cached data for session_status_data
2025-06-14 19:43:23,455 - INFO - Using cached data for lap_count
2025-06-14 19:43:23,456 - INFO - Using cached data for track_status_data
2025-06-14 19:43:23,464 - INFO - Using cached data for _extended_timing_data
2025-06-14 19:43:23,465 - INFO - Using cached data for timing_app_data
2025-06-14 19:43:23,465 - INFO - Processing timing data...
2025-06-14 19:43:24,252 - INFO - Using cached data for car_data
2025-06-14 19:43:24,311 - INFO - Using cached data for position_data
2025-06-14 19:43:25,159 - INFO - Using cached data for weather_data
2025-06-14 19:43:25,161 - INFO - Using cached data for race_control_messages
2025-06-14 19:43:25,213 - INFO - Finished loading data for 20 drivers: ['1', '14', '31', '44', '63', '16', '10', '55', '4', '81', '77', '21', '24', '23', '22', '11', '27', '2', '20', '18']
2025-06-14 19:43:25,216 - ERROR - [PROCESS FAIL] monaco_grand_prix: 'Session' object has no attribute 'track'
2025-06-14 19:43:25,223 - INFO - Loading data for Spanish Grand Prix - Race [v3.5.3]
2025-06-14 19:43:25,223 - INFO - Using cached data for session_info
2025-06-14 19:43:25,224 - INFO - Using cached data for driver_info
2025-06-14 19:43:25,613 - INFO - Using cached data for session_status_data
2025-06-14 19:43:25,614 - INFO - Using cached data for lap_count
2025-06-14 19:43:25,616 - INFO - Using cached data for track_status_data
2025-06-14 19:43:25,622 - INFO - Using cached data for _extended_timing_data
2025-06-14 19:43:25,624 - INFO - Using cached data for timing_app_data
2025-06-14 19:43:25,624 - INFO - Processing timing data...
2025-06-14 19:43:26,512 - INFO - Using cached data for car_data
2025-06-14 19:43:26,595 - INFO - Using cached data for position_data
2025-06-14 19:43:27,332 - INFO - Using cached data for weather_data
2025-06-14 19:43:27,334 - INFO - Using cached data for race_control_messages
2025-06-14 19:43:27,336 - WARNING - Driver 1 completed the race distance 00:00.037000 before the recorded end of the session.
2025-06-14 19:43:27,356 - INFO - Finished loading data for 20 drivers: ['1', '44', '63', '11', '55', '18', '14', '31', '24', '10', '16', '22', '81', '21', '27', '23', '4', '20', '77', '2']
2025-06-14 19:43:27,359 - ERROR - [PROCESS FAIL] spanish_grand_prix: 'Session' object has no attribute 'track'
2025-06-14 19:43:27,366 - INFO - Loading data for Canadian Grand Prix - Race [v3.5.3]
2025-06-14 19:43:27,367 - INFO - Using cached data for session_info
2025-06-14 19:43:27,367 - INFO - Using cached data for driver_info
2025-06-14 19:43:27,505 - INFO - Using cached data for session_status_data
2025-06-14 19:43:27,506 - INFO - Using cached data for lap_count
2025-06-14 19:43:27,507 - INFO - Using cached data for track_status_data
2025-06-14 19:43:27,511 - INFO - Using cached data for _extended_timing_data
2025-06-14 19:43:27,514 - INFO - Using cached data for timing_app_data
2025-06-14 19:43:27,514 - INFO - Processing timing data...
2025-06-14 19:43:28,157 - INFO - Using cached data for car_data
2025-06-14 19:43:28,235 - INFO - Using cached data for position_data
2025-06-14 19:43:28,993 - INFO - Using cached data for weather_data
2025-06-14 19:43:28,994 - INFO - Using cached data for race_control_messages
2025-06-14 19:43:29,067 - INFO - Finished loading data for 20 drivers: ['1', '14', '44', '16', '55', '11', '23', '31', '18', '77', '81', '10', '4', '22', '27', '24', '20', '21', '63', '2']
2025-06-14 19:43:29,070 - ERROR - [PROCESS FAIL] canadian_grand_prix: 'Session' object has no attribute 'track'
2025-06-14 19:43:29,076 - INFO - Loading data for British Grand Prix - Race [v3.5.3]
2025-06-14 19:43:29,077 - INFO - Using cached data for session_info
2025-06-14 19:43:29,078 - INFO - Using cached data for driver_info
2025-06-14 19:43:29,279 - DEBUG - Failed to parse timestamp '-1:52:18.651' in Ergastresponse.
2025-06-14 19:43:29,298 - INFO - Using cached data for session_status_data
2025-06-14 19:43:29,299 - INFO - Using cached data for lap_count
2025-06-14 19:43:29,300 - INFO - Using cached data for track_status_data
2025-06-14 19:43:29,305 - INFO - Using cached data for _extended_timing_data
2025-06-14 19:43:29,306 - INFO - Using cached data for timing_app_data
2025-06-14 19:43:29,307 - INFO - Processing timing data...
2025-06-14 19:43:29,943 - INFO - Using cached data for car_data
2025-06-14 19:43:30,027 - INFO - Using cached data for position_data
2025-06-14 19:43:30,771 - INFO - Using cached data for weather_data
2025-06-14 19:43:30,773 - INFO - Using cached data for race_control_messages
2025-06-14 19:43:30,803 - INFO - Finished loading data for 20 drivers: ['1', '4', '44', '81', '63', '11', '14', '23', '16', '55', '2', '77', '27', '18', '24', '22', '21', '10', '20', '31']
2025-06-14 19:43:30,806 - ERROR - [PROCESS FAIL] british_grand_prix: 'Session' object has no attribute 'track'
2025-06-14 19:43:30,813 - INFO - Loading data for Hungarian Grand Prix - Race [v3.5.3]
2025-06-14 19:43:30,813 - INFO - Using cached data for session_info
2025-06-14 19:43:30,814 - INFO - Using cached data for driver_info
2025-06-14 19:43:31,032 - DEBUG - Failed to parse timestamp '-1:58:20.590' in Ergastresponse.
2025-06-14 19:43:31,042 - INFO - Using cached data for session_status_data
2025-06-14 19:43:31,043 - INFO - Using cached data for lap_count
2025-06-14 19:43:31,043 - INFO - Using cached data for track_status_data
2025-06-14 19:43:31,049 - INFO - Using cached data for _extended_timing_data
2025-06-14 19:43:31,050 - INFO - Using cached data for timing_app_data
2025-06-14 19:43:31,051 - INFO - Processing timing data...
2025-06-14 19:43:31,664 - INFO - Using cached data for car_data
2025-06-14 19:43:31,721 - INFO - Using cached data for position_data
2025-06-14 19:43:32,480 - INFO - Using cached data for weather_data
2025-06-14 19:43:32,482 - INFO - Using cached data for race_control_messages
2025-06-14 19:43:32,508 - INFO - Finished loading data for 20 drivers: ['1', '4', '11', '44', '81', '63', '16', '55', '14', '18', '23', '77', '3', '27', '22', '24', '20', '2', '31', '10']
2025-06-14 19:43:32,512 - ERROR - [PROCESS FAIL] hungarian_grand_prix: 'Session' object has no attribute 'track'
2025-06-14 19:43:32,518 - INFO - Loading data for Dutch Grand Prix - Race [v3.5.3]
2025-06-14 19:43:32,519 - INFO - Using cached data for session_info
2025-06-14 19:43:32,520 - INFO - Using cached data for driver_info
2025-06-14 19:43:32,793 - INFO - Using cached data for session_status_data
2025-06-14 19:43:32,794 - INFO - Using cached data for lap_count
2025-06-14 19:43:32,796 - INFO - Using cached data for track_status_data
2025-06-14 19:43:32,814 - INFO - Using cached data for _extended_timing_data
2025-06-14 19:43:32,815 - INFO - Using cached data for timing_app_data
2025-06-14 19:43:32,816 - INFO - Processing timing data...
2025-06-14 19:43:33,657 - INFO - Using cached data for car_data
2025-06-14 19:43:33,762 - INFO - Using cached data for position_data
2025-06-14 19:43:34,764 - INFO - Using cached data for weather_data
2025-06-14 19:43:34,765 - INFO - Using cached data for race_control_messages
2025-06-14 19:43:34,767 - WARNING - Driver 1 completed the race distance 00:02.059000 before the recorded end of the session.
2025-06-14 19:43:34,806 - INFO - Finished loading data for 20 drivers: ['1', '14', '10', '11', '55', '44', '4', '23', '81', '31', '18', '27', '40', '77', '22', '20', '63', '24', '16', '2']
2025-06-14 19:43:34,810 - ERROR - [PROCESS FAIL] dutch_grand_prix: 'Session' object has no attribute 'track'
2025-06-14 19:43:34,817 - INFO - Loading data for Italian Grand Prix - Race [v3.5.3]
2025-06-14 19:43:34,818 - INFO - Using cached data for session_info
2025-06-14 19:43:34,818 - INFO - Using cached data for driver_info
2025-06-14 19:43:34,950 - INFO - Using cached data for session_status_data
2025-06-14 19:43:34,951 - INFO - Using cached data for lap_count
2025-06-14 19:43:34,951 - INFO - Using cached data for track_status_data
2025-06-14 19:43:34,957 - INFO - Using cached data for _extended_timing_data
2025-06-14 19:43:34,958 - INFO - Using cached data for timing_app_data
2025-06-14 19:43:34,958 - INFO - Processing timing data...
2025-06-14 19:43:35,615 - INFO - Using cached data for car_data
2025-06-14 19:43:35,703 - INFO - Using cached data for position_data
2025-06-14 19:43:36,470 - INFO - Using cached data for weather_data
2025-06-14 19:43:36,472 - INFO - Using cached data for race_control_messages
2025-06-14 19:43:36,474 - WARNING - Driver 1 completed the race distance 06:25.888000 before the recorded end of the session.
2025-06-14 19:43:36,475 - WARNING - Driver 11 completed the race distance 06:19.824000 before the recorded end of the session.
2025-06-14 19:43:36,476 - WARNING - Driver 55 completed the race distance 06:14.695000 before the recorded end of the session.
2025-06-14 19:43:36,477 - WARNING - Driver 16 completed the race distance 06:14.511000 before the recorded end of the session.
2025-06-14 19:43:36,479 - WARNING - Driver 63 completed the race distance 06:07.860000 before the recorded end of the session.
2025-06-14 19:43:36,480 - WARNING - Driver 44 completed the race distance 05:48.209000 before the recorded end of the session.
2025-06-14 19:43:36,481 - WARNING - Driver 23 completed the race distance 05:40.782000 before the recorded end of the session.
2025-06-14 19:43:36,483 - WARNING - Driver 4 completed the race distance 05:40.439000 before the recorded end of the session.
2025-06-14 19:43:36,484 - WARNING - Driver 14 completed the race distance 05:39.594000 before the recorded end of the session.
2025-06-14 19:43:36,535 - INFO - Finished loading data for 20 drivers: ['1', '11', '55', '16', '63', '44', '23', '4', '14', '77', '40', '81', '2', '24', '10', '18', '27', '20', '31', '22']
2025-06-14 19:43:36,539 - ERROR - [PROCESS FAIL] italian_grand_prix: 'Session' object has no attribute 'track'
2025-06-14 19:43:36,545 - INFO - Loading data for Singapore Grand Prix - Race [v3.5.3]
2025-06-14 19:43:36,546 - INFO - Using cached data for session_info
2025-06-14 19:43:36,546 - INFO - Using cached data for driver_info
2025-06-14 19:43:36,669 - DEBUG - Failed to parse timestamp '-1:58:21.514' in Ergastresponse.
2025-06-14 19:43:36,681 - INFO - Using cached data for session_status_data
2025-06-14 19:43:36,682 - INFO - Using cached data for lap_count
2025-06-14 19:43:36,683 - INFO - Using cached data for track_status_data
2025-06-14 19:43:36,687 - INFO - Using cached data for _extended_timing_data
2025-06-14 19:43:36,689 - INFO - Using cached data for timing_app_data
2025-06-14 19:43:36,689 - INFO - Processing timing data...
2025-06-14 19:43:37,038 - WARNING - No lap data for driver 18
2025-06-14 19:43:37,180 - WARNING - Failed to perform lap accuracy check - all laps marked as inaccurate (driver 18)
2025-06-14 19:43:37,348 - INFO - Using cached data for car_data
2025-06-14 19:43:37,429 - INFO - Using cached data for position_data
2025-06-14 19:43:38,535 - INFO - Using cached data for weather_data
2025-06-14 19:43:38,539 - INFO - Using cached data for race_control_messages
2025-06-14 19:43:38,597 - INFO - Finished loading data for 20 drivers: ['55', '4', '44', '16', '1', '10', '81', '11', '40', '20', '23', '24', '27', '2', '14', '63', '77', '31', '22', '18']
2025-06-14 19:43:38,600 - ERROR - [PROCESS FAIL] singapore_grand_prix: 'Session' object has no attribute 'track'
2025-06-14 19:43:38,607 - INFO - Loading data for Japanese Grand Prix - Race [v3.5.3]
2025-06-14 19:43:38,607 - INFO - Using cached data for session_info
2025-06-14 19:43:38,608 - INFO - Using cached data for driver_info
2025-06-14 19:43:38,735 - INFO - Using cached data for session_status_data
2025-06-14 19:43:38,736 - INFO - Using cached data for lap_count
2025-06-14 19:43:38,737 - INFO - Using cached data for track_status_data
2025-06-14 19:43:38,746 - INFO - Using cached data for _extended_timing_data
2025-06-14 19:43:38,750 - INFO - Using cached data for timing_app_data
2025-06-14 19:43:38,750 - INFO - Processing timing data...
2025-06-14 19:43:39,334 - INFO - Using cached data for car_data
2025-06-14 19:43:39,421 - INFO - Using cached data for position_data
2025-06-14 19:43:40,251 - INFO - Using cached data for weather_data
2025-06-14 19:43:40,252 - INFO - Using cached data for race_control_messages
2025-06-14 19:43:40,254 - WARNING - Driver 1 completed the race distance 00:00.076000 before the recorded end of the session.
2025-06-14 19:43:40,278 - INFO - Finished loading data for 20 drivers: ['1', '4', '81', '16', '44', '55', '63', '14', '31', '10', '40', '22', '24', '27', '20', '23', '2', '18', '11', '77']
2025-06-14 19:43:40,282 - ERROR - [PROCESS FAIL] japanese_grand_prix: 'Session' object has no attribute 'track'
2025-06-14 19:43:40,288 - INFO - Loading data for Mexico City Grand Prix - Race [v3.5.3]
2025-06-14 19:43:40,289 - INFO - Using cached data for session_info
2025-06-14 19:43:40,290 - INFO - Using cached data for driver_info
2025-06-14 19:43:40,417 - INFO - Using cached data for session_status_data
2025-06-14 19:43:40,418 - INFO - Using cached data for lap_count
2025-06-14 19:43:40,419 - INFO - Using cached data for track_status_data
2025-06-14 19:43:40,426 - INFO - Using cached data for _extended_timing_data
2025-06-14 19:43:40,428 - INFO - Using cached data for timing_app_data
2025-06-14 19:43:40,428 - INFO - Processing timing data...
2025-06-14 19:43:41,074 - INFO - Using cached data for car_data
2025-06-14 19:43:41,197 - INFO - Using cached data for position_data
2025-06-14 19:43:42,161 - INFO - Using cached data for weather_data
2025-06-14 19:43:42,163 - INFO - Using cached data for race_control_messages
2025-06-14 19:43:42,198 - INFO - Finished loading data for 20 drivers: ['1', '44', '16', '55', '4', '63', '3', '81', '23', '31', '10', '22', '27', '24', '77', '2', '18', '14', '20', '11']
2025-06-14 19:43:42,201 - ERROR - [PROCESS FAIL] mexico_city_grand_prix: 'Session' object has no attribute 'track'
2025-06-14 19:43:42,208 - INFO - Loading data for Las Vegas Grand Prix - Race [v3.5.3]
2025-06-14 19:43:42,209 - INFO - Using cached data for session_info
2025-06-14 19:43:42,210 - INFO - Using cached data for driver_info
2025-06-14 19:43:42,415 - DEBUG - Failed to parse timestamp '-1:54:30.642' in Ergastresponse.
2025-06-14 19:43:42,415 - DEBUG - Failed to parse timestamp '-1:52:35.501' in Ergastresponse.
2025-06-14 19:43:42,434 - INFO - Using cached data for session_status_data
2025-06-14 19:43:42,435 - INFO - Using cached data for lap_count
2025-06-14 19:43:42,436 - INFO - Using cached data for track_status_data
2025-06-14 19:43:42,441 - INFO - Using cached data for _extended_timing_data
2025-06-14 19:43:42,442 - INFO - Using cached data for timing_app_data
2025-06-14 19:43:42,442 - INFO - Processing timing data...
2025-06-14 19:43:43,010 - INFO - Using cached data for car_data
2025-06-14 19:43:43,068 - INFO - Using cached data for position_data
2025-06-14 19:43:43,630 - INFO - Using cached data for weather_data
2025-06-14 19:43:43,632 - INFO - Using cached data for race_control_messages
2025-06-14 19:43:43,634 - WARNING - Driver 1 completed the race distance 00:00.001000 before the recorded end of the session.
2025-06-14 19:43:43,694 - INFO - Finished loading data for 20 drivers: ['1', '16', '11', '31', '18', '55', '44', '63', '14', '81', '10', '23', '20', '3', '24', '2', '77', '22', '27', '4']
2025-06-14 19:43:43,697 - ERROR - [PROCESS FAIL] las_vegas_grand_prix: 'Session' object has no attribute 'track'
2025-06-14 19:43:43,703 - INFO - Loading data for Abu Dhabi Grand Prix - Race [v3.5.3]
2025-06-14 19:43:43,704 - INFO - Using cached data for session_info
2025-06-14 19:43:43,704 - INFO - Using cached data for driver_info
2025-06-14 19:43:43,820 - DEBUG - Failed to parse timestamp '-1:59:48.299' in Ergastresponse.
2025-06-14 19:43:43,829 - INFO - Using cached data for session_status_data
2025-06-14 19:43:43,830 - INFO - Using cached data for lap_count
2025-06-14 19:43:43,831 - INFO - Using cached data for track_status_data
2025-06-14 19:43:43,836 - INFO - Using cached data for _extended_timing_data
2025-06-14 19:43:43,838 - INFO - Using cached data for timing_app_data
2025-06-14 19:43:43,838 - INFO - Processing timing data...
2025-06-14 19:43:44,814 - INFO - Using cached data for car_data
2025-06-14 19:43:44,913 - INFO - Using cached data for position_data
2025-06-14 19:43:45,771 - INFO - Using cached data for weather_data
2025-06-14 19:43:45,773 - INFO - Using cached data for race_control_messages
2025-06-14 19:43:45,817 - INFO - Finished loading data for 20 drivers: ['1', '16', '63', '11', '4', '81', '14', '22', '44', '18', '3', '31', '10', '23', '27', '2', '24', '55', '77', '20']
2025-06-14 19:43:45,821 - ERROR - [PROCESS FAIL] abu_dhabi_grand_prix: 'Session' object has no attribute 'track'
2025-06-14 19:55:42,320 - INFO - Loading data for Bahrain Grand Prix - Race [v3.5.3]
2025-06-14 19:55:42,321 - INFO - Using cached data for session_info
2025-06-14 19:55:42,322 - INFO - Using cached data for driver_info
2025-06-14 19:55:42,349 - INFO - Using cached data for session_status_data
2025-06-14 19:55:42,350 - INFO - Using cached data for lap_count
2025-06-14 19:55:42,351 - INFO - Using cached data for track_status_data
2025-06-14 19:55:42,394 - INFO - Using cached data for _extended_timing_data
2025-06-14 19:55:42,395 - INFO - Using cached data for timing_app_data
2025-06-14 19:55:42,395 - INFO - Processing timing data...
2025-06-14 19:55:42,883 - INFO - Using cached data for car_data
2025-06-14 19:55:43,140 - INFO - Using cached data for position_data
2025-06-14 19:55:44,094 - INFO - Using cached data for weather_data
2025-06-14 19:55:44,095 - INFO - Using cached data for race_control_messages
2025-06-14 19:55:44,129 - INFO - Finished loading data for 20 drivers: ['1', '11', '14', '55', '44', '18', '63', '77', '10', '23', '22', '2', '20', '21', '27', '24', '4', '31', '16', '81']
2025-06-14 19:55:45,249 - INFO - [EXPORT OK] bahrain_grand_prix
2025-06-14 19:55:45,255 - INFO - Loading data for Saudi Arabian Grand Prix - Race [v3.5.3]
2025-06-14 19:55:45,256 - INFO - Using cached data for session_info
2025-06-14 19:55:45,257 - INFO - Using cached data for driver_info
2025-06-14 19:55:45,266 - INFO - Using cached data for session_status_data
2025-06-14 19:55:45,267 - INFO - Using cached data for lap_count
2025-06-14 19:55:45,267 - INFO - Using cached data for track_status_data
2025-06-14 19:55:45,273 - INFO - Using cached data for _extended_timing_data
2025-06-14 19:55:45,274 - INFO - Using cached data for timing_app_data
2025-06-14 19:55:45,274 - INFO - Processing timing data...
2025-06-14 19:55:45,707 - INFO - Using cached data for car_data
2025-06-14 19:55:45,819 - INFO - Using cached data for position_data
2025-06-14 19:55:46,731 - INFO - Using cached data for weather_data
2025-06-14 19:55:46,732 - INFO - Using cached data for race_control_messages
2025-06-14 19:55:46,734 - WARNING - Driver 11 completed the race distance 00:00.035000 before the recorded end of the session.
2025-06-14 19:55:46,764 - INFO - Finished loading data for 20 drivers: ['11', '1', '14', '63', '44', '55', '16', '31', '10', '20', '22', '27', '24', '21', '81', '2', '4', '77', '23', '18']
2025-06-14 19:55:47,067 - INFO - [EXPORT OK] saudi_arabian_grand_prix
2025-06-14 19:55:47,074 - INFO - Loading data for Australian Grand Prix - Race [v3.5.3]
2025-06-14 19:55:47,075 - INFO - Using cached data for session_info
2025-06-14 19:55:47,076 - INFO - Using cached data for driver_info
2025-06-14 19:55:47,078 - DEBUG - Failed to parse timestamp '-1:24:05.036' in Ergastresponse.
2025-06-14 19:55:47,078 - DEBUG - Failed to parse timestamp '-1:24:06.409' in Ergastresponse.
2025-06-14 19:55:47,078 - DEBUG - Failed to parse timestamp '-1:24:07.342' in Ergastresponse.
2025-06-14 19:55:47,078 - DEBUG - Failed to parse timestamp '-1:24:07.559' in Ergastresponse.
2025-06-14 19:55:47,078 - DEBUG - Failed to parse timestamp '-1:01:16.239' in Ergastresponse.
2025-06-14 19:55:47,086 - INFO - Using cached data for session_status_data
2025-06-14 19:55:47,087 - INFO - Using cached data for lap_count
2025-06-14 19:55:47,088 - INFO - Using cached data for track_status_data
2025-06-14 19:55:47,092 - INFO - Using cached data for _extended_timing_data
2025-06-14 19:55:47,093 - INFO - Using cached data for timing_app_data
2025-06-14 19:55:47,093 - INFO - Processing timing data...
2025-06-14 19:55:47,605 - INFO - Using cached data for car_data
2025-06-14 19:55:47,768 - INFO - Using cached data for position_data
2025-06-14 19:55:49,082 - INFO - Using cached data for weather_data
2025-06-14 19:55:49,084 - INFO - Using cached data for race_control_messages
2025-06-14 19:55:49,204 - INFO - Finished loading data for 20 drivers: ['1', '44', '14', '18', '11', '4', '27', '81', '24', '22', '77', '55', '10', '31', '21', '2', '20', '63', '23', '16']
2025-06-14 19:55:49,542 - INFO - [EXPORT OK] australian_grand_prix
2025-06-14 19:55:49,548 - INFO - Loading data for Miami Grand Prix - Race [v3.5.3]
2025-06-14 19:55:49,550 - INFO - Using cached data for session_info
2025-06-14 19:55:49,551 - INFO - Using cached data for driver_info
2025-06-14 19:55:49,561 - INFO - Using cached data for session_status_data
2025-06-14 19:55:49,561 - INFO - Using cached data for lap_count
2025-06-14 19:55:49,562 - INFO - Using cached data for track_status_data
2025-06-14 19:55:49,574 - INFO - Using cached data for _extended_timing_data
2025-06-14 19:55:49,577 - INFO - Using cached data for timing_app_data
2025-06-14 19:55:49,577 - INFO - Processing timing data...
2025-06-14 19:55:50,063 - INFO - Using cached data for car_data
2025-06-14 19:55:50,150 - INFO - Using cached data for position_data
2025-06-14 19:55:50,975 - INFO - Using cached data for weather_data
2025-06-14 19:55:50,976 - INFO - Using cached data for race_control_messages
2025-06-14 19:55:50,996 - INFO - Finished loading data for 20 drivers: ['1', '11', '14', '63', '55', '44', '16', '10', '31', '20', '22', '18', '77', '23', '27', '24', '4', '21', '81', '2']
2025-06-14 19:55:51,363 - INFO - [EXPORT OK] miami_grand_prix
2025-06-14 19:55:51,369 - INFO - Loading data for Monaco Grand Prix - Race [v3.5.3]
2025-06-14 19:55:51,370 - INFO - Using cached data for session_info
2025-06-14 19:55:51,370 - INFO - Using cached data for driver_info
2025-06-14 19:55:51,373 - DEBUG - Failed to parse timestamp '-1:53:44.819' in Ergastresponse.
2025-06-14 19:55:51,379 - INFO - Using cached data for session_status_data
2025-06-14 19:55:51,380 - INFO - Using cached data for lap_count
2025-06-14 19:55:51,381 - INFO - Using cached data for track_status_data
2025-06-14 19:55:51,385 - INFO - Using cached data for _extended_timing_data
2025-06-14 19:55:51,387 - INFO - Using cached data for timing_app_data
2025-06-14 19:55:51,387 - INFO - Processing timing data...
2025-06-14 19:55:51,982 - INFO - Using cached data for car_data
2025-06-14 19:55:52,048 - INFO - Using cached data for position_data
2025-06-14 19:55:52,867 - INFO - Using cached data for weather_data
2025-06-14 19:55:52,870 - INFO - Using cached data for race_control_messages
2025-06-14 19:55:52,921 - INFO - Finished loading data for 20 drivers: ['1', '14', '31', '44', '63', '16', '10', '55', '4', '81', '77', '21', '24', '23', '22', '11', '27', '2', '20', '18']
2025-06-14 19:55:53,266 - INFO - [EXPORT OK] monaco_grand_prix
2025-06-14 19:55:53,273 - INFO - Loading data for Spanish Grand Prix - Race [v3.5.3]
2025-06-14 19:55:53,274 - INFO - Using cached data for session_info
2025-06-14 19:55:53,275 - INFO - Using cached data for driver_info
2025-06-14 19:55:53,284 - INFO - Using cached data for session_status_data
2025-06-14 19:55:53,285 - INFO - Using cached data for lap_count
2025-06-14 19:55:53,286 - INFO - Using cached data for track_status_data
2025-06-14 19:55:53,292 - INFO - Using cached data for _extended_timing_data
2025-06-14 19:55:53,294 - INFO - Using cached data for timing_app_data
2025-06-14 19:55:53,295 - INFO - Processing timing data...
2025-06-14 19:55:53,824 - INFO - Using cached data for car_data
2025-06-14 19:55:53,883 - INFO - Using cached data for position_data
2025-06-14 19:55:54,610 - INFO - Using cached data for weather_data
2025-06-14 19:55:54,611 - INFO - Using cached data for race_control_messages
2025-06-14 19:55:54,613 - WARNING - Driver 1 completed the race distance 00:00.037000 before the recorded end of the session.
2025-06-14 19:55:54,634 - INFO - Finished loading data for 20 drivers: ['1', '44', '63', '11', '55', '18', '14', '31', '24', '10', '16', '22', '81', '21', '27', '23', '4', '20', '77', '2']
2025-06-14 19:55:55,011 - INFO - [EXPORT OK] spanish_grand_prix
2025-06-14 19:55:55,017 - INFO - Loading data for Canadian Grand Prix - Race [v3.5.3]
2025-06-14 19:55:55,018 - INFO - Using cached data for session_info
2025-06-14 19:55:55,019 - INFO - Using cached data for driver_info
2025-06-14 19:55:55,028 - INFO - Using cached data for session_status_data
2025-06-14 19:55:55,029 - INFO - Using cached data for lap_count
2025-06-14 19:55:55,031 - INFO - Using cached data for track_status_data
2025-06-14 19:55:55,037 - INFO - Using cached data for _extended_timing_data
2025-06-14 19:55:55,039 - INFO - Using cached data for timing_app_data
2025-06-14 19:55:55,039 - INFO - Processing timing data...
2025-06-14 19:55:55,679 - INFO - Using cached data for car_data
2025-06-14 19:55:55,773 - INFO - Using cached data for position_data
2025-06-14 19:55:56,507 - INFO - Using cached data for weather_data
2025-06-14 19:55:56,508 - INFO - Using cached data for race_control_messages
2025-06-14 19:55:56,541 - INFO - Finished loading data for 20 drivers: ['1', '14', '44', '16', '55', '11', '23', '31', '18', '77', '81', '10', '4', '22', '27', '24', '20', '21', '63', '2']
2025-06-14 19:55:56,873 - INFO - [EXPORT OK] canadian_grand_prix
2025-06-14 19:55:56,879 - INFO - Loading data for British Grand Prix - Race [v3.5.3]
2025-06-14 19:55:56,880 - INFO - Using cached data for session_info
2025-06-14 19:55:56,880 - INFO - Using cached data for driver_info
2025-06-14 19:55:56,883 - DEBUG - Failed to parse timestamp '-1:52:18.651' in Ergastresponse.
2025-06-14 19:55:56,890 - INFO - Using cached data for session_status_data
2025-06-14 19:55:56,891 - INFO - Using cached data for lap_count
2025-06-14 19:55:56,892 - INFO - Using cached data for track_status_data
2025-06-14 19:55:56,897 - INFO - Using cached data for _extended_timing_data
2025-06-14 19:55:56,899 - INFO - Using cached data for timing_app_data
2025-06-14 19:55:56,899 - INFO - Processing timing data...
2025-06-14 19:55:57,361 - INFO - Using cached data for car_data
2025-06-14 19:55:57,427 - INFO - Using cached data for position_data
2025-06-14 19:55:58,185 - INFO - Using cached data for weather_data
2025-06-14 19:55:58,187 - INFO - Using cached data for race_control_messages
2025-06-14 19:55:58,218 - INFO - Finished loading data for 20 drivers: ['1', '4', '44', '81', '63', '11', '14', '23', '16', '55', '2', '77', '27', '18', '24', '22', '21', '10', '20', '31']
2025-06-14 19:55:58,543 - INFO - [EXPORT OK] british_grand_prix
2025-06-14 19:55:58,549 - INFO - Loading data for Hungarian Grand Prix - Race [v3.5.3]
2025-06-14 19:55:58,550 - INFO - Using cached data for session_info
2025-06-14 19:55:58,550 - INFO - Using cached data for driver_info
2025-06-14 19:55:58,553 - DEBUG - Failed to parse timestamp '-1:58:20.590' in Ergastresponse.
2025-06-14 19:55:58,560 - INFO - Using cached data for session_status_data
2025-06-14 19:55:58,561 - INFO - Using cached data for lap_count
2025-06-14 19:55:58,561 - INFO - Using cached data for track_status_data
2025-06-14 19:55:58,567 - INFO - Using cached data for _extended_timing_data
2025-06-14 19:55:58,569 - INFO - Using cached data for timing_app_data
2025-06-14 19:55:58,569 - INFO - Processing timing data...
2025-06-14 19:55:59,088 - INFO - Using cached data for car_data
2025-06-14 19:55:59,145 - INFO - Using cached data for position_data
2025-06-14 19:55:59,945 - INFO - Using cached data for weather_data
2025-06-14 19:55:59,947 - INFO - Using cached data for race_control_messages
2025-06-14 19:55:59,977 - INFO - Finished loading data for 20 drivers: ['1', '4', '11', '44', '81', '63', '16', '55', '14', '18', '23', '77', '3', '27', '22', '24', '20', '2', '31', '10']
2025-06-14 19:56:00,308 - INFO - [EXPORT OK] hungarian_grand_prix
2025-06-14 19:56:00,315 - INFO - Loading data for Dutch Grand Prix - Race [v3.5.3]
2025-06-14 19:56:00,316 - INFO - Using cached data for session_info
2025-06-14 19:56:00,316 - INFO - Using cached data for driver_info
2025-06-14 19:56:00,325 - INFO - Using cached data for session_status_data
2025-06-14 19:56:00,326 - INFO - Using cached data for lap_count
2025-06-14 19:56:00,327 - INFO - Using cached data for track_status_data
2025-06-14 19:56:00,333 - INFO - Using cached data for _extended_timing_data
2025-06-14 19:56:00,334 - INFO - Using cached data for timing_app_data
2025-06-14 19:56:00,334 - INFO - Processing timing data...
2025-06-14 19:56:00,974 - INFO - Using cached data for car_data
2025-06-14 19:56:01,081 - INFO - Using cached data for position_data
2025-06-14 19:56:02,038 - INFO - Using cached data for weather_data
2025-06-14 19:56:02,039 - INFO - Using cached data for race_control_messages
2025-06-14 19:56:02,041 - WARNING - Driver 1 completed the race distance 00:02.059000 before the recorded end of the session.
2025-06-14 19:56:02,076 - INFO - Finished loading data for 20 drivers: ['1', '14', '10', '11', '55', '44', '4', '23', '81', '31', '18', '27', '40', '77', '22', '20', '63', '24', '16', '2']
2025-06-14 19:56:02,415 - INFO - [EXPORT OK] dutch_grand_prix
2025-06-14 19:56:02,421 - INFO - Loading data for Italian Grand Prix - Race [v3.5.3]
2025-06-14 19:56:02,422 - INFO - Using cached data for session_info
2025-06-14 19:56:02,422 - INFO - Using cached data for driver_info
2025-06-14 19:56:02,432 - INFO - Using cached data for session_status_data
2025-06-14 19:56:02,433 - INFO - Using cached data for lap_count
2025-06-14 19:56:02,433 - INFO - Using cached data for track_status_data
2025-06-14 19:56:02,439 - INFO - Using cached data for _extended_timing_data
2025-06-14 19:56:02,440 - INFO - Using cached data for timing_app_data
2025-06-14 19:56:02,440 - INFO - Processing timing data...
2025-06-14 19:56:02,910 - INFO - Using cached data for car_data
2025-06-14 19:56:02,971 - INFO - Using cached data for position_data
2025-06-14 19:56:03,681 - INFO - Using cached data for weather_data
2025-06-14 19:56:03,682 - INFO - Using cached data for race_control_messages
2025-06-14 19:56:03,684 - WARNING - Driver 1 completed the race distance 06:25.888000 before the recorded end of the session.
2025-06-14 19:56:03,685 - WARNING - Driver 11 completed the race distance 06:19.824000 before the recorded end of the session.
2025-06-14 19:56:03,686 - WARNING - Driver 55 completed the race distance 06:14.695000 before the recorded end of the session.
2025-06-14 19:56:03,687 - WARNING - Driver 16 completed the race distance 06:14.511000 before the recorded end of the session.
2025-06-14 19:56:03,688 - WARNING - Driver 63 completed the race distance 06:07.860000 before the recorded end of the session.
2025-06-14 19:56:03,689 - WARNING - Driver 44 completed the race distance 05:48.209000 before the recorded end of the session.
2025-06-14 19:56:03,691 - WARNING - Driver 23 completed the race distance 05:40.782000 before the recorded end of the session.
2025-06-14 19:56:03,692 - WARNING - Driver 4 completed the race distance 05:40.439000 before the recorded end of the session.
2025-06-14 19:56:03,694 - WARNING - Driver 14 completed the race distance 05:39.594000 before the recorded end of the session.
2025-06-14 19:56:03,745 - INFO - Finished loading data for 20 drivers: ['1', '11', '55', '16', '63', '44', '23', '4', '14', '77', '40', '81', '2', '24', '10', '18', '27', '20', '31', '22']
2025-06-14 19:56:04,040 - INFO - [EXPORT OK] italian_grand_prix
2025-06-14 19:56:04,046 - INFO - Loading data for Singapore Grand Prix - Race [v3.5.3]
2025-06-14 19:56:04,046 - INFO - Using cached data for session_info
2025-06-14 19:56:04,047 - INFO - Using cached data for driver_info
2025-06-14 19:56:04,050 - DEBUG - Failed to parse timestamp '-1:58:21.514' in Ergastresponse.
2025-06-14 19:56:04,057 - INFO - Using cached data for session_status_data
2025-06-14 19:56:04,057 - INFO - Using cached data for lap_count
2025-06-14 19:56:04,058 - INFO - Using cached data for track_status_data
2025-06-14 19:56:04,063 - INFO - Using cached data for _extended_timing_data
2025-06-14 19:56:04,064 - INFO - Using cached data for timing_app_data
2025-06-14 19:56:04,064 - INFO - Processing timing data...
2025-06-14 19:56:04,346 - WARNING - No lap data for driver 18
2025-06-14 19:56:04,473 - WARNING - Failed to perform lap accuracy check - all laps marked as inaccurate (driver 18)
2025-06-14 19:56:04,517 - INFO - Using cached data for car_data
2025-06-14 19:56:04,598 - INFO - Using cached data for position_data
2025-06-14 19:56:05,550 - INFO - Using cached data for weather_data
2025-06-14 19:56:05,553 - INFO - Using cached data for race_control_messages
2025-06-14 19:56:05,615 - INFO - Finished loading data for 20 drivers: ['55', '4', '44', '16', '1', '10', '81', '11', '40', '20', '23', '24', '27', '2', '14', '63', '77', '31', '22', '18']
2025-06-14 19:56:05,962 - INFO - [EXPORT OK] singapore_grand_prix
2025-06-14 19:56:05,968 - INFO - Loading data for Japanese Grand Prix - Race [v3.5.3]
2025-06-14 19:56:05,969 - INFO - Using cached data for session_info
2025-06-14 19:56:05,969 - INFO - Using cached data for driver_info
2025-06-14 19:56:05,979 - INFO - Using cached data for session_status_data
2025-06-14 19:56:05,980 - INFO - Using cached data for lap_count
2025-06-14 19:56:05,981 - INFO - Using cached data for track_status_data
2025-06-14 19:56:05,985 - INFO - Using cached data for _extended_timing_data
2025-06-14 19:56:05,986 - INFO - Using cached data for timing_app_data
2025-06-14 19:56:05,986 - INFO - Processing timing data...
2025-06-14 19:56:06,399 - INFO - Using cached data for car_data
2025-06-14 19:56:06,474 - INFO - Using cached data for position_data
2025-06-14 19:56:07,273 - INFO - Using cached data for weather_data
2025-06-14 19:56:07,275 - INFO - Using cached data for race_control_messages
2025-06-14 19:56:07,277 - WARNING - Driver 1 completed the race distance 00:00.076000 before the recorded end of the session.
2025-06-14 19:56:07,302 - INFO - Finished loading data for 20 drivers: ['1', '4', '81', '16', '44', '55', '63', '14', '31', '10', '40', '22', '24', '27', '20', '23', '2', '18', '11', '77']
2025-06-14 19:56:07,614 - INFO - [EXPORT OK] japanese_grand_prix
2025-06-14 19:56:07,619 - INFO - Loading data for Mexico City Grand Prix - Race [v3.5.3]
2025-06-14 19:56:07,620 - INFO - Using cached data for session_info
2025-06-14 19:56:07,621 - INFO - Using cached data for driver_info
2025-06-14 19:56:07,630 - INFO - Using cached data for session_status_data
2025-06-14 19:56:07,631 - INFO - Using cached data for lap_count
2025-06-14 19:56:07,632 - INFO - Using cached data for track_status_data
2025-06-14 19:56:07,638 - INFO - Using cached data for _extended_timing_data
2025-06-14 19:56:07,640 - INFO - Using cached data for timing_app_data
2025-06-14 19:56:07,641 - INFO - Processing timing data...
2025-06-14 19:56:08,202 - INFO - Using cached data for car_data
2025-06-14 19:56:08,334 - INFO - Using cached data for position_data
2025-06-14 19:56:09,315 - INFO - Using cached data for weather_data
2025-06-14 19:56:09,316 - INFO - Using cached data for race_control_messages
2025-06-14 19:56:09,355 - INFO - Finished loading data for 20 drivers: ['1', '44', '16', '55', '4', '63', '3', '81', '23', '31', '10', '22', '27', '24', '77', '2', '18', '14', '20', '11']
2025-06-14 19:56:09,674 - INFO - [EXPORT OK] mexico_city_grand_prix
2025-06-14 19:56:09,680 - INFO - Loading data for Las Vegas Grand Prix - Race [v3.5.3]
2025-06-14 19:56:09,681 - INFO - Using cached data for session_info
2025-06-14 19:56:09,681 - INFO - Using cached data for driver_info
2025-06-14 19:56:09,684 - DEBUG - Failed to parse timestamp '-1:54:30.642' in Ergastresponse.
2025-06-14 19:56:09,684 - DEBUG - Failed to parse timestamp '-1:52:35.501' in Ergastresponse.
2025-06-14 19:56:09,691 - INFO - Using cached data for session_status_data
2025-06-14 19:56:09,691 - INFO - Using cached data for lap_count
2025-06-14 19:56:09,692 - INFO - Using cached data for track_status_data
2025-06-14 19:56:09,696 - INFO - Using cached data for _extended_timing_data
2025-06-14 19:56:09,697 - INFO - Using cached data for timing_app_data
2025-06-14 19:56:09,697 - INFO - Processing timing data...
2025-06-14 19:56:10,247 - INFO - Using cached data for car_data
2025-06-14 19:56:10,313 - INFO - Using cached data for position_data
2025-06-14 19:56:10,893 - INFO - Using cached data for weather_data
2025-06-14 19:56:10,894 - INFO - Using cached data for race_control_messages
2025-06-14 19:56:10,896 - WARNING - Driver 1 completed the race distance 00:00.001000 before the recorded end of the session.
2025-06-14 19:56:10,978 - INFO - Finished loading data for 20 drivers: ['1', '16', '11', '31', '18', '55', '44', '63', '14', '81', '10', '23', '20', '3', '24', '2', '77', '22', '27', '4']
2025-06-14 19:56:11,293 - INFO - [EXPORT OK] las_vegas_grand_prix
2025-06-14 19:56:11,299 - INFO - Loading data for Abu Dhabi Grand Prix - Race [v3.5.3]
2025-06-14 19:56:11,300 - INFO - Using cached data for session_info
2025-06-14 19:56:11,301 - INFO - Using cached data for driver_info
2025-06-14 19:56:11,304 - DEBUG - Failed to parse timestamp '-1:59:48.299' in Ergastresponse.
2025-06-14 19:56:11,311 - INFO - Using cached data for session_status_data
2025-06-14 19:56:11,311 - INFO - Using cached data for lap_count
2025-06-14 19:56:11,312 - INFO - Using cached data for track_status_data
2025-06-14 19:56:11,318 - INFO - Using cached data for _extended_timing_data
2025-06-14 19:56:11,320 - INFO - Using cached data for timing_app_data
2025-06-14 19:56:11,320 - INFO - Processing timing data...
2025-06-14 19:56:11,860 - INFO - Using cached data for car_data
2025-06-14 19:56:11,921 - INFO - Using cached data for position_data
2025-06-14 19:56:12,655 - INFO - Using cached data for weather_data
2025-06-14 19:56:12,656 - INFO - Using cached data for race_control_messages
2025-06-14 19:56:12,693 - INFO - Finished loading data for 20 drivers: ['1', '16', '63', '11', '4', '81', '14', '22', '44', '18', '3', '31', '10', '23', '27', '2', '24', '55', '77', '20']
2025-06-14 19:56:13,028 - INFO - [EXPORT OK] abu_dhabi_grand_prix
2025-06-16 12:48:06,795 - INFO - Loading data for Bahrain Grand Prix - Race [v3.5.3]
2025-06-16 12:48:06,796 - INFO - No cached data found for session_info. Loading data...
2025-06-16 12:48:06,796 - INFO - Fetching session info data...
2025-06-16 12:48:07,650 - DEBUG - Falling back to livetiming mirror (https://livetiming-mirror.fastf1.dev)
2025-06-16 12:48:08,250 - INFO - Data has been written to cache!
2025-06-16 12:48:08,252 - INFO - No cached data found for driver_info. Loading data...
2025-06-16 12:48:08,252 - INFO - Fetching driver list...
2025-06-16 12:48:08,585 - DEBUG - Falling back to livetiming mirror (https://livetiming-mirror.fastf1.dev)
2025-06-16 12:48:08,860 - INFO - Data has been written to cache!
2025-06-16 12:48:09,369 - INFO - No cached data found for session_status_data. Loading data...
2025-06-16 12:48:09,370 - INFO - Fetching session status data...
2025-06-16 12:48:09,781 - DEBUG - Falling back to livetiming mirror (https://livetiming-mirror.fastf1.dev)
2025-06-16 12:48:10,061 - INFO - Data has been written to cache!
2025-06-16 12:48:10,063 - INFO - No cached data found for lap_count. Loading data...
2025-06-16 12:48:10,064 - INFO - Fetching lap count data...
2025-06-16 12:48:10,397 - DEBUG - Falling back to livetiming mirror (https://livetiming-mirror.fastf1.dev)
2025-06-16 12:48:10,675 - INFO - Data has been written to cache!
2025-06-16 12:48:10,676 - INFO - No cached data found for track_status_data. Loading data...
2025-06-16 12:48:10,676 - INFO - Fetching track status data...
2025-06-16 12:48:11,010 - DEBUG - Falling back to livetiming mirror (https://livetiming-mirror.fastf1.dev)
2025-06-16 12:48:11,320 - INFO - Data has been written to cache!
2025-06-16 12:48:11,322 - INFO - No cached data found for _extended_timing_data. Loading data...
2025-06-16 12:48:11,323 - INFO - Fetching timing data...
2025-06-16 12:48:11,669 - DEBUG - Falling back to livetiming mirror (https://livetiming-mirror.fastf1.dev)
2025-06-16 12:48:12,506 - INFO - Parsing timing data...
2025-06-16 12:48:13,266 - INFO - Data has been written to cache!
2025-06-16 12:48:13,266 - INFO - No cached data found for timing_app_data. Loading data...
2025-06-16 12:48:13,267 - INFO - Fetching timing app data...
2025-06-16 12:48:13,676 - DEBUG - Falling back to livetiming mirror (https://livetiming-mirror.fastf1.dev)
2025-06-16 12:48:13,984 - INFO - Data has been written to cache!
2025-06-16 12:48:13,984 - INFO - Processing timing data...
2025-06-16 12:48:14,624 - INFO - No cached data found for car_data. Loading data...
2025-06-16 12:48:14,625 - INFO - Fetching car data...
2025-06-16 12:48:15,034 - DEBUG - Falling back to livetiming mirror (https://livetiming-mirror.fastf1.dev)
2025-06-16 12:48:16,107 - INFO - Parsing car data...
2025-06-16 12:48:18,596 - INFO - Data has been written to cache!
2025-06-16 12:48:18,596 - INFO - No cached data found for position_data. Loading data...
2025-06-16 12:48:18,597 - INFO - Fetching position data...
2025-06-16 12:48:18,997 - DEBUG - Falling back to livetiming mirror (https://livetiming-mirror.fastf1.dev)
2025-06-16 12:48:20,014 - INFO - Parsing position data...
2025-06-16 12:48:22,503 - WARNING - Driver 241: Position data is incomplete!
2025-06-16 12:48:22,510 - WARNING - Driver 242: Position data is incomplete!
2025-06-16 12:48:22,675 - INFO - Data has been written to cache!
2025-06-16 12:48:23,431 - INFO - No cached data found for weather_data. Loading data...
2025-06-16 12:48:23,431 - INFO - Fetching weather data...
2025-06-16 12:48:23,764 - DEBUG - Falling back to livetiming mirror (https://livetiming-mirror.fastf1.dev)
2025-06-16 12:48:24,052 - INFO - Data has been written to cache!
2025-06-16 12:48:24,055 - INFO - No cached data found for race_control_messages. Loading data...
2025-06-16 12:48:24,055 - INFO - Fetching race control messages...
2025-06-16 12:48:24,527 - DEBUG - Falling back to livetiming mirror (https://livetiming-mirror.fastf1.dev)
2025-06-16 12:48:24,849 - INFO - Data has been written to cache!
2025-06-16 12:48:24,854 - WARNING - Driver 16 completed the race distance 00:00.050000 before the recorded end of the session.
2025-06-16 12:48:24,900 - INFO - Finished loading data for 20 drivers: ['16', '55', '44', '63', '20', '77', '31', '22', '14', '24', '47', '18', '23', '3', '4', '6', '27', '11', '1', '10']
2025-06-16 12:48:25,813 - INFO - [EXPORT OK] bahrain_grand_prix
2025-06-16 12:48:25,819 - INFO - Loading data for Saudi Arabian Grand Prix - Race [v3.5.3]
2025-06-16 12:48:25,820 - INFO - No cached data found for session_info. Loading data...
2025-06-16 12:48:25,820 - INFO - Fetching session info data...
2025-06-16 12:48:26,165 - DEBUG - Falling back to livetiming mirror (https://livetiming-mirror.fastf1.dev)
2025-06-16 12:48:26,482 - INFO - Data has been written to cache!
2025-06-16 12:48:26,483 - INFO - No cached data found for driver_info. Loading data...
2025-06-16 12:48:26,483 - INFO - Fetching driver list...
2025-06-16 12:48:26,879 - DEBUG - Falling back to livetiming mirror (https://livetiming-mirror.fastf1.dev)
2025-06-16 12:48:27,106 - INFO - Data has been written to cache!
2025-06-16 12:48:27,278 - INFO - No cached data found for session_status_data. Loading data...
2025-06-16 12:48:27,279 - INFO - Fetching session status data...
2025-06-16 12:48:27,809 - DEBUG - Falling back to livetiming mirror (https://livetiming-mirror.fastf1.dev)
2025-06-16 12:48:28,081 - INFO - Data has been written to cache!
2025-06-16 12:48:28,083 - INFO - No cached data found for lap_count. Loading data...
2025-06-16 12:48:28,084 - INFO - Fetching lap count data...
2025-06-16 12:48:28,397 - DEBUG - Falling back to livetiming mirror (https://livetiming-mirror.fastf1.dev)
2025-06-16 12:48:28,646 - INFO - Data has been written to cache!
2025-06-16 12:48:28,647 - INFO - No cached data found for track_status_data. Loading data...
2025-06-16 12:48:28,648 - INFO - Fetching track status data...
2025-06-16 12:48:28,973 - DEBUG - Falling back to livetiming mirror (https://livetiming-mirror.fastf1.dev)
2025-06-16 12:48:29,250 - INFO - Data has been written to cache!
2025-06-16 12:48:29,253 - INFO - No cached data found for _extended_timing_data. Loading data...
2025-06-16 12:48:29,254 - INFO - Fetching timing data...
2025-06-16 12:48:29,648 - DEBUG - Falling back to livetiming mirror (https://livetiming-mirror.fastf1.dev)
2025-06-16 12:48:30,282 - INFO - Parsing timing data...
2025-06-16 12:48:30,727 - INFO - Data has been written to cache!
2025-06-16 12:48:30,727 - INFO - No cached data found for timing_app_data. Loading data...
2025-06-16 12:48:30,728 - INFO - Fetching timing app data...
2025-06-16 12:48:31,042 - DEBUG - Falling back to livetiming mirror (https://livetiming-mirror.fastf1.dev)
2025-06-16 12:48:31,412 - INFO - Data has been written to cache!
2025-06-16 12:48:31,413 - INFO - Processing timing data...
2025-06-16 12:48:31,796 - WARNING - No lap data for driver 22
2025-06-16 12:48:31,797 - WARNING - No lap data for driver 47
2025-06-16 12:48:31,906 - WARNING - Failed to perform lap accuracy check - all laps marked as inaccurate (driver 22)
2025-06-16 12:48:31,908 - WARNING - Failed to perform lap accuracy check - all laps marked as inaccurate (driver 47)
2025-06-16 12:48:32,105 - INFO - No cached data found for car_data. Loading data...
2025-06-16 12:48:32,105 - INFO - Fetching car data...
2025-06-16 12:48:32,497 - DEBUG - Falling back to livetiming mirror (https://livetiming-mirror.fastf1.dev)
2025-06-16 12:48:33,047 - INFO - Parsing car data...
2025-06-16 12:48:35,440 - INFO - Data has been written to cache!
2025-06-16 12:48:35,441 - INFO - No cached data found for position_data. Loading data...
2025-06-16 12:48:35,441 - INFO - Fetching position data...
2025-06-16 12:48:35,793 - DEBUG - Falling back to livetiming mirror (https://livetiming-mirror.fastf1.dev)
2025-06-16 12:48:36,879 - INFO - Parsing position data...
2025-06-16 12:48:39,058 - WARNING - Driver 241: Position data is incomplete!
2025-06-16 12:48:39,065 - WARNING - Driver 242: Position data is incomplete!
2025-06-16 12:48:39,213 - INFO - Data has been written to cache!
2025-06-16 12:48:39,958 - INFO - No cached data found for weather_data. Loading data...
2025-06-16 12:48:39,958 - INFO - Fetching weather data...
2025-06-16 12:48:40,297 - DEBUG - Falling back to livetiming mirror (https://livetiming-mirror.fastf1.dev)
2025-06-16 12:48:40,578 - INFO - Data has been written to cache!
2025-06-16 12:48:40,581 - INFO - No cached data found for race_control_messages. Loading data...
2025-06-16 12:48:40,582 - INFO - Fetching race control messages...
2025-06-16 12:48:40,911 - DEBUG - Falling back to livetiming mirror (https://livetiming-mirror.fastf1.dev)
2025-06-16 12:48:41,446 - INFO - Data has been written to cache!
2025-06-16 12:48:41,514 - INFO - Finished loading data for 20 drivers: ['1', '16', '55', '11', '63', '31', '4', '10', '20', '44', '24', '27', '18', '23', '77', '14', '3', '6', '22', '47']
2025-06-16 12:48:41,819 - INFO - [EXPORT OK] saudi_arabian_grand_prix
2025-06-16 12:48:41,825 - INFO - Loading data for Australian Grand Prix - Race [v3.5.3]
2025-06-16 12:48:41,825 - INFO - No cached data found for session_info. Loading data...
2025-06-16 12:48:41,825 - INFO - Fetching session info data...
2025-06-16 12:48:42,245 - DEBUG - Falling back to livetiming mirror (https://livetiming-mirror.fastf1.dev)
2025-06-16 12:48:42,763 - INFO - Data has been written to cache!
2025-06-16 12:48:42,765 - INFO - No cached data found for driver_info. Loading data...
2025-06-16 12:48:42,766 - INFO - Fetching driver list...
2025-06-16 12:48:43,088 - DEBUG - Falling back to livetiming mirror (https://livetiming-mirror.fastf1.dev)
2025-06-16 12:48:43,686 - INFO - Data has been written to cache!
2025-06-16 12:48:43,828 - INFO - No cached data found for session_status_data. Loading data...
2025-06-16 12:48:43,828 - INFO - Fetching session status data...
2025-06-16 12:48:44,283 - DEBUG - Falling back to livetiming mirror (https://livetiming-mirror.fastf1.dev)
2025-06-16 12:48:44,981 - INFO - Data has been written to cache!
2025-06-16 12:48:44,983 - INFO - No cached data found for lap_count. Loading data...
2025-06-16 12:48:44,984 - INFO - Fetching lap count data...
2025-06-16 12:48:45,296 - DEBUG - Falling back to livetiming mirror (https://livetiming-mirror.fastf1.dev)
2025-06-16 12:48:45,527 - INFO - Data has been written to cache!
2025-06-16 12:48:45,529 - INFO - No cached data found for track_status_data. Loading data...
2025-06-16 12:48:45,530 - INFO - Fetching track status data...
2025-06-16 12:48:45,939 - DEBUG - Falling back to livetiming mirror (https://livetiming-mirror.fastf1.dev)
2025-06-16 12:48:46,220 - INFO - Data has been written to cache!
2025-06-16 12:48:46,222 - INFO - No cached data found for _extended_timing_data. Loading data...
2025-06-16 12:48:46,222 - INFO - Fetching timing data...
2025-06-16 12:48:46,646 - DEBUG - Falling back to livetiming mirror (https://livetiming-mirror.fastf1.dev)
2025-06-16 12:48:47,408 - INFO - Parsing timing data...
2025-06-16 12:48:47,548 - WARNING - Driver  3: Ignoring late data for a previously processed lap.The data may contain errors (previous: 28; current 29)
2025-06-16 12:48:47,887 - WARNING - Failed to align laps for drivers: ['55']
2025-06-16 12:48:47,931 - INFO - Data has been written to cache!
2025-06-16 12:48:47,932 - INFO - No cached data found for timing_app_data. Loading data...
2025-06-16 12:48:47,932 - INFO - Fetching timing app data...
2025-06-16 12:48:48,263 - DEBUG - Falling back to livetiming mirror (https://livetiming-mirror.fastf1.dev)
2025-06-16 12:48:48,608 - INFO - Data has been written to cache!
2025-06-16 12:48:48,608 - INFO - Processing timing data...
2025-06-16 12:48:49,433 - INFO - No cached data found for car_data. Loading data...
2025-06-16 12:48:49,434 - INFO - Fetching car data...
2025-06-16 12:48:49,821 - DEBUG - Falling back to livetiming mirror (https://livetiming-mirror.fastf1.dev)
2025-06-16 12:48:50,542 - INFO - Parsing car data...
2025-06-16 12:48:52,997 - INFO - Data has been written to cache!
2025-06-16 12:48:52,998 - INFO - No cached data found for position_data. Loading data...
2025-06-16 12:48:52,998 - INFO - Fetching position data...
2025-06-16 12:48:53,394 - DEBUG - Falling back to livetiming mirror (https://livetiming-mirror.fastf1.dev)
2025-06-16 12:48:54,086 - INFO - Parsing position data...
2025-06-16 12:48:56,512 - WARNING - Driver 241: Position data is incomplete!
2025-06-16 12:48:56,519 - WARNING - Driver 242: Position data is incomplete!
2025-06-16 12:48:56,684 - INFO - Data has been written to cache!
2025-06-16 12:48:57,574 - INFO - No cached data found for weather_data. Loading data...
2025-06-16 12:48:57,575 - INFO - Fetching weather data...
2025-06-16 12:48:57,902 - DEBUG - Falling back to livetiming mirror (https://livetiming-mirror.fastf1.dev)
2025-06-16 12:48:58,157 - INFO - Data has been written to cache!
2025-06-16 12:48:58,159 - INFO - No cached data found for race_control_messages. Loading data...
2025-06-16 12:48:58,160 - INFO - Fetching race control messages...
2025-06-16 12:48:58,485 - DEBUG - Falling back to livetiming mirror (https://livetiming-mirror.fastf1.dev)
2025-06-16 12:48:58,799 - INFO - Data has been written to cache!
2025-06-16 12:48:58,828 - WARNING - Driver 16 completed the race distance 00:00.140000 before the recorded end of the session.
2025-06-16 12:48:58,979 - INFO - Finished loading data for 20 drivers: ['16', '11', '63', '44', '4', '3', '31', '77', '10', '23', '24', '18', '47', '20', '22', '6', '14', '1', '5', '55']
2025-06-16 12:48:59,481 - INFO - [EXPORT OK] australian_grand_prix
2025-06-16 12:48:59,493 - INFO - Loading data for Miami Grand Prix - Race [v3.5.3]
2025-06-16 12:48:59,495 - INFO - No cached data found for session_info. Loading data...
2025-06-16 12:48:59,495 - INFO - Fetching session info data...
2025-06-16 12:48:59,848 - DEBUG - Falling back to livetiming mirror (https://livetiming-mirror.fastf1.dev)
2025-06-16 12:49:00,088 - INFO - Data has been written to cache!
2025-06-16 12:49:00,090 - INFO - No cached data found for driver_info. Loading data...
2025-06-16 12:49:00,090 - INFO - Fetching driver list...
2025-06-16 12:49:00,423 - DEBUG - Falling back to livetiming mirror (https://livetiming-mirror.fastf1.dev)
2025-06-16 12:49:00,684 - INFO - Loading data for Bahrain Grand Prix - Race [v3.5.3]
2025-06-16 12:49:00,685 - INFO - No cached data found for session_info. Loading data...
2025-06-16 12:49:00,686 - INFO - Fetching session info data...
2025-06-16 12:49:00,707 - INFO - Data has been written to cache!
2025-06-16 12:49:00,843 - INFO - No cached data found for session_status_data. Loading data...
2025-06-16 12:49:00,844 - INFO - Fetching session status data...
2025-06-16 12:49:01,008 - INFO - Data has been written to cache!
2025-06-16 12:49:01,008 - INFO - No cached data found for driver_info. Loading data...
2025-06-16 12:49:01,009 - INFO - Fetching driver list...
2025-06-16 12:49:01,295 - DEBUG - Falling back to livetiming mirror (https://livetiming-mirror.fastf1.dev)
2025-06-16 12:49:01,352 - INFO - Data has been written to cache!
2025-06-16 12:49:01,583 - INFO - Data has been written to cache!
2025-06-16 12:49:01,586 - INFO - No cached data found for lap_count. Loading data...
2025-06-16 12:49:01,587 - INFO - Fetching lap count data...
2025-06-16 12:49:01,723 - INFO - No cached data found for session_status_data. Loading data...
2025-06-16 12:49:01,724 - INFO - Fetching session status data...
2025-06-16 12:49:02,029 - DEBUG - Falling back to livetiming mirror (https://livetiming-mirror.fastf1.dev)
2025-06-16 12:49:02,071 - INFO - Data has been written to cache!
2025-06-16 12:49:02,073 - INFO - No cached data found for lap_count. Loading data...
2025-06-16 12:49:02,073 - INFO - Fetching lap count data...
2025-06-16 12:49:02,306 - INFO - Data has been written to cache!
2025-06-16 12:49:02,307 - INFO - No cached data found for track_status_data. Loading data...
2025-06-16 12:49:02,307 - INFO - Fetching track status data...
2025-06-16 12:49:02,643 - DEBUG - Falling back to livetiming mirror (https://livetiming-mirror.fastf1.dev)
2025-06-16 12:49:02,927 - INFO - Data has been written to cache!
2025-06-16 12:49:02,929 - INFO - No cached data found for _extended_timing_data. Loading data...
2025-06-16 12:49:02,930 - INFO - Fetching timing data...
2025-06-16 12:49:03,264 - DEBUG - Falling back to livetiming mirror (https://livetiming-mirror.fastf1.dev)
2025-06-16 12:49:03,399 - INFO - Data has been written to cache!
2025-06-16 12:49:03,400 - INFO - No cached data found for track_status_data. Loading data...
2025-06-16 12:49:03,401 - INFO - Fetching track status data...
2025-06-16 12:49:03,741 - INFO - Data has been written to cache!
2025-06-16 12:49:03,743 - INFO - No cached data found for _extended_timing_data. Loading data...
2025-06-16 12:49:03,744 - INFO - Fetching timing data...
2025-06-16 12:49:04,116 - INFO - Parsing timing data...
2025-06-16 12:49:04,804 - INFO - Parsing timing data...
2025-06-16 12:49:04,849 - INFO - Data has been written to cache!
2025-06-16 12:49:04,850 - INFO - No cached data found for timing_app_data. Loading data...
2025-06-16 12:49:04,851 - INFO - Fetching timing app data...
2025-06-16 12:49:05,179 - DEBUG - Falling back to livetiming mirror (https://livetiming-mirror.fastf1.dev)
2025-06-16 12:49:05,507 - INFO - Data has been written to cache!
2025-06-16 12:49:05,510 - INFO - No cached data found for timing_app_data. Loading data...
2025-06-16 12:49:05,510 - INFO - Fetching timing app data...
2025-06-16 12:49:05,992 - INFO - Data has been written to cache!
2025-06-16 12:49:05,993 - INFO - Processing timing data...
2025-06-16 12:49:06,038 - INFO - Data has been written to cache!
2025-06-16 12:49:06,039 - INFO - Processing timing data...
2025-06-16 12:49:06,574 - INFO - No cached data found for car_data. Loading data...
2025-06-16 12:49:06,574 - INFO - Fetching car data...
2025-06-16 12:49:06,857 - INFO - No cached data found for car_data. Loading data...
2025-06-16 12:49:06,858 - INFO - Fetching car data...
2025-06-16 12:49:07,153 - DEBUG - Falling back to livetiming mirror (https://livetiming-mirror.fastf1.dev)
2025-06-16 12:49:07,364 - INFO - Parsing car data...
2025-06-16 12:49:07,810 - INFO - Parsing car data...
2025-06-16 12:49:09,838 - INFO - Data has been written to cache!
2025-06-16 12:49:09,843 - INFO - No cached data found for position_data. Loading data...
2025-06-16 12:49:09,843 - INFO - Fetching position data...
2025-06-16 12:49:10,648 - INFO - Parsing position data...
2025-06-16 12:49:10,767 - INFO - Data has been written to cache!
2025-06-16 12:49:10,769 - INFO - No cached data found for position_data. Loading data...
2025-06-16 12:49:10,769 - INFO - Fetching position data...
2025-06-16 12:49:11,087 - DEBUG - Falling back to livetiming mirror (https://livetiming-mirror.fastf1.dev)
2025-06-16 12:49:12,522 - INFO - Parsing position data...
2025-06-16 12:49:13,153 - INFO - Data has been written to cache!
2025-06-16 12:49:13,960 - INFO - No cached data found for weather_data. Loading data...
2025-06-16 12:49:13,960 - INFO - Fetching weather data...
2025-06-16 12:49:14,404 - INFO - Data has been written to cache!
2025-06-16 12:49:14,406 - INFO - No cached data found for race_control_messages. Loading data...
2025-06-16 12:49:14,406 - INFO - Fetching race control messages...
2025-06-16 12:49:14,727 - INFO - Data has been written to cache!
2025-06-16 12:49:14,730 - WARNING - Driver 44 completed the race distance 00:00.067000 before the recorded end of the session.
2025-06-16 12:49:14,747 - INFO - Finished loading data for 20 drivers: ['44', '33', '77', '4', '11', '16', '3', '55', '22', '18', '7', '99', '31', '63', '5', '47', '10', '6', '14', '9']
2025-06-16 12:49:15,170 - WARNING - Driver 241: Position data is incomplete!
2025-06-16 12:49:15,181 - WARNING - Driver 242: Position data is incomplete!
2025-06-16 12:49:15,194 - WARNING - Driver 243: Position data is incomplete!
2025-06-16 12:49:15,408 - INFO - Data has been written to cache!
2025-06-16 12:49:15,650 - INFO - [EXPORT OK] bahrain_grand_prix
2025-06-16 12:49:15,657 - INFO - Loading data for Emilia Romagna Grand Prix - Race [v3.5.3]
2025-06-16 12:49:15,658 - INFO - No cached data found for session_info. Loading data...
2025-06-16 12:49:15,658 - INFO - Fetching session info data...
2025-06-16 12:49:16,037 - INFO - Data has been written to cache!
2025-06-16 12:49:16,038 - INFO - No cached data found for driver_info. Loading data...
2025-06-16 12:49:16,038 - INFO - Fetching driver list...
2025-06-16 12:49:16,212 - INFO - No cached data found for weather_data. Loading data...
2025-06-16 12:49:16,212 - INFO - Fetching weather data...
2025-06-16 12:49:16,440 - INFO - Data has been written to cache!
2025-06-16 12:49:16,535 - DEBUG - Falling back to livetiming mirror (https://livetiming-mirror.fastf1.dev)
2025-06-16 12:49:16,588 - INFO - No cached data found for session_status_data. Loading data...
2025-06-16 12:49:16,589 - INFO - Fetching session status data...
2025-06-16 12:49:16,794 - INFO - Data has been written to cache!
2025-06-16 12:49:16,796 - INFO - No cached data found for race_control_messages. Loading data...
2025-06-16 12:49:16,796 - INFO - Fetching race control messages...
2025-06-16 12:49:17,028 - INFO - Data has been written to cache!
2025-06-16 12:49:17,030 - INFO - No cached data found for lap_count. Loading data...
2025-06-16 12:49:17,031 - INFO - Fetching lap count data...
2025-06-16 12:49:17,134 - DEBUG - Falling back to livetiming mirror (https://livetiming-mirror.fastf1.dev)
2025-06-16 12:49:17,366 - INFO - Data has been written to cache!
2025-06-16 12:49:17,367 - INFO - No cached data found for track_status_data. Loading data...
2025-06-16 12:49:17,367 - INFO - Fetching track status data...
2025-06-16 12:49:17,668 - INFO - Data has been written to cache!
2025-06-16 12:49:17,689 - INFO - Data has been written to cache!
2025-06-16 12:49:17,690 - INFO - No cached data found for _extended_timing_data. Loading data...
2025-06-16 12:49:17,690 - INFO - Fetching timing data...
2025-06-16 12:49:17,714 - INFO - Finished loading data for 20 drivers: ['1', '16', '55', '11', '63', '44', '77', '31', '23', '18', '14', '22', '3', '6', '47', '20', '5', '10', '4', '24']
2025-06-16 12:49:18,019 - INFO - [EXPORT OK] miami_grand_prix
2025-06-16 12:49:18,026 - INFO - Loading data for Spanish Grand Prix - Race [v3.5.3]
2025-06-16 12:49:18,026 - INFO - No cached data found for session_info. Loading data...
2025-06-16 12:49:18,026 - INFO - Fetching session info data...
2025-06-16 12:49:18,381 - DEBUG - Falling back to livetiming mirror (https://livetiming-mirror.fastf1.dev)
2025-06-16 12:49:18,505 - INFO - Parsing timing data...
2025-06-16 12:49:18,674 - INFO - Data has been written to cache!
2025-06-16 12:49:18,674 - INFO - No cached data found for driver_info. Loading data...
2025-06-16 12:49:18,675 - INFO - Fetching driver list...
2025-06-16 12:49:19,002 - DEBUG - Falling back to livetiming mirror (https://livetiming-mirror.fastf1.dev)
2025-06-16 12:49:19,151 - INFO - Data has been written to cache!
2025-06-16 12:49:19,152 - INFO - No cached data found for timing_app_data. Loading data...
2025-06-16 12:49:19,152 - INFO - Fetching timing app data...
2025-06-16 12:49:19,398 - INFO - Data has been written to cache!
2025-06-16 12:49:19,536 - INFO - No cached data found for session_status_data. Loading data...
2025-06-16 12:49:19,536 - INFO - Fetching session status data...
2025-06-16 12:49:19,653 - INFO - Data has been written to cache!
2025-06-16 12:49:19,653 - INFO - Processing timing data...
2025-06-16 12:49:19,983 - DEBUG - Falling back to livetiming mirror (https://livetiming-mirror.fastf1.dev)
2025-06-16 12:49:20,284 - INFO - No cached data found for car_data. Loading data...
2025-06-16 12:49:20,285 - INFO - Fetching car data...
2025-06-16 12:49:20,326 - INFO - Data has been written to cache!
2025-06-16 12:49:20,327 - INFO - No cached data found for lap_count. Loading data...
2025-06-16 12:49:20,327 - INFO - Fetching lap count data...
2025-06-16 12:49:20,648 - DEBUG - Falling back to livetiming mirror (https://livetiming-mirror.fastf1.dev)
2025-06-16 12:49:20,916 - INFO - Data has been written to cache!
2025-06-16 12:49:20,917 - INFO - No cached data found for track_status_data. Loading data...
2025-06-16 12:49:20,918 - INFO - Fetching track status data...
2025-06-16 12:49:21,260 - DEBUG - Falling back to livetiming mirror (https://livetiming-mirror.fastf1.dev)
2025-06-16 12:49:21,479 - INFO - Parsing car data...
2025-06-16 12:49:21,573 - INFO - Data has been written to cache!
2025-06-16 12:49:21,575 - INFO - No cached data found for _extended_timing_data. Loading data...
2025-06-16 12:49:21,575 - INFO - Fetching timing data...
2025-06-16 12:49:21,974 - DEBUG - Falling back to livetiming mirror (https://livetiming-mirror.fastf1.dev)
2025-06-16 12:49:22,813 - INFO - Parsing timing data...
2025-06-16 12:49:23,458 - INFO - Data has been written to cache!
2025-06-16 12:49:23,459 - INFO - No cached data found for timing_app_data. Loading data...
2025-06-16 12:49:23,459 - INFO - Fetching timing app data...
2025-06-16 12:49:23,790 - DEBUG - Falling back to livetiming mirror (https://livetiming-mirror.fastf1.dev)
2025-06-16 12:49:24,054 - INFO - Data has been written to cache!
2025-06-16 12:49:24,054 - INFO - Processing timing data...
2025-06-16 12:49:24,500 - INFO - Data has been written to cache!
2025-06-16 12:49:24,502 - INFO - No cached data found for position_data. Loading data...
2025-06-16 12:49:24,502 - INFO - Fetching position data...
2025-06-16 12:49:24,906 - INFO - No cached data found for car_data. Loading data...
2025-06-16 12:49:24,907 - INFO - Fetching car data...
2025-06-16 12:49:25,250 - DEBUG - Falling back to livetiming mirror (https://livetiming-mirror.fastf1.dev)
2025-06-16 12:49:25,419 - INFO - Parsing position data...
2025-06-16 12:49:25,825 - INFO - Parsing car data...
2025-06-16 12:49:28,606 - INFO - Data has been written to cache!
2025-06-16 12:49:28,682 - INFO - Data has been written to cache!
2025-06-16 12:49:28,684 - INFO - No cached data found for position_data. Loading data...
2025-06-16 12:49:28,685 - INFO - Fetching position data...
2025-06-16 12:49:29,039 - DEBUG - Falling back to livetiming mirror (https://livetiming-mirror.fastf1.dev)
2025-06-16 12:49:29,616 - INFO - Parsing position data...
2025-06-16 12:49:29,635 - INFO - No cached data found for weather_data. Loading data...
2025-06-16 12:49:29,637 - INFO - Fetching weather data...
2025-06-16 12:49:29,973 - INFO - Data has been written to cache!
2025-06-16 12:49:29,974 - INFO - No cached data found for race_control_messages. Loading data...
2025-06-16 12:49:29,974 - INFO - Fetching race control messages...
2025-06-16 12:49:30,300 - INFO - Data has been written to cache!
2025-06-16 12:49:30,304 - WARNING - Driver 33 completed the race distance 00:01.003000 before the recorded end of the session.
2025-06-16 12:49:30,356 - INFO - Finished loading data for 20 drivers: ['33', '44', '4', '16', '55', '3', '10', '18', '31', '14', '11', '22', '7', '99', '5', '47', '9', '77', '63', '6']
2025-06-16 12:49:30,699 - INFO - [EXPORT OK] emilia_romagna_grand_prix
2025-06-16 12:49:30,706 - INFO - Loading data for Portuguese Grand Prix - Race [v3.5.3]
2025-06-16 12:49:30,707 - INFO - No cached data found for session_info. Loading data...
2025-06-16 12:49:30,707 - INFO - Fetching session info data...
2025-06-16 12:49:31,055 - INFO - Data has been written to cache!
2025-06-16 12:49:31,055 - INFO - No cached data found for driver_info. Loading data...
2025-06-16 12:49:31,055 - INFO - Fetching driver list...
2025-06-16 12:49:31,396 - INFO - Data has been written to cache!
2025-06-16 12:49:31,600 - INFO - No cached data found for session_status_data. Loading data...
2025-06-16 12:49:31,600 - INFO - Fetching session status data...
2025-06-16 12:49:32,010 - INFO - Data has been written to cache!
2025-06-16 12:49:32,011 - INFO - No cached data found for lap_count. Loading data...
2025-06-16 12:49:32,011 - INFO - Fetching lap count data...
2025-06-16 12:49:32,343 - INFO - Data has been written to cache!
2025-06-16 12:49:32,431 - INFO - Data has been written to cache!
2025-06-16 12:49:32,432 - INFO - No cached data found for track_status_data. Loading data...
2025-06-16 12:49:32,432 - INFO - Fetching track status data...
2025-06-16 12:49:32,827 - INFO - Data has been written to cache!
2025-06-16 12:49:32,829 - INFO - No cached data found for _extended_timing_data. Loading data...
2025-06-16 12:49:32,829 - INFO - Fetching timing data...
2025-06-16 12:49:33,151 - INFO - No cached data found for weather_data. Loading data...
2025-06-16 12:49:33,152 - INFO - Fetching weather data...
2025-06-16 12:49:33,494 - DEBUG - Falling back to livetiming mirror (https://livetiming-mirror.fastf1.dev)
2025-06-16 12:49:33,766 - INFO - Data has been written to cache!
2025-06-16 12:49:33,768 - INFO - No cached data found for race_control_messages. Loading data...
2025-06-16 12:49:33,768 - INFO - Fetching race control messages...
2025-06-16 12:49:33,789 - INFO - Parsing timing data...
2025-06-16 12:49:33,929 - WARNING - Driver 44: Ignoring late data for a previously processed lap.The data may contain errors (previous: 61; current 62)
2025-06-16 12:49:34,158 - DEBUG - Falling back to livetiming mirror (https://livetiming-mirror.fastf1.dev)
2025-06-16 12:49:34,426 - INFO - Data has been written to cache!
2025-06-16 12:49:34,457 - INFO - Finished loading data for 20 drivers: ['1', '11', '63', '55', '44', '77', '31', '4', '14', '22', '5', '3', '10', '47', '18', '6', '20', '23', '24', '16']
2025-06-16 12:49:34,512 - WARNING - Failed to align laps for drivers: ['7']
2025-06-16 12:49:34,567 - INFO - Data has been written to cache!
2025-06-16 12:49:34,568 - INFO - No cached data found for timing_app_data. Loading data...
2025-06-16 12:49:34,568 - INFO - Fetching timing app data...
2025-06-16 12:49:34,831 - INFO - [EXPORT OK] spanish_grand_prix
2025-06-16 12:49:34,838 - INFO - Loading data for Monaco Grand Prix - Race [v3.5.3]
2025-06-16 12:49:34,839 - INFO - No cached data found for session_info. Loading data...
2025-06-16 12:49:34,840 - INFO - Fetching session info data...
2025-06-16 12:49:34,946 - INFO - Data has been written to cache!
2025-06-16 12:49:34,947 - INFO - Processing timing data...
2025-06-16 12:49:35,170 - DEBUG - Falling back to livetiming mirror (https://livetiming-mirror.fastf1.dev)
2025-06-16 12:49:35,922 - INFO - Data has been written to cache!
2025-06-16 12:49:35,923 - INFO - No cached data found for driver_info. Loading data...
2025-06-16 12:49:35,924 - INFO - Fetching driver list...
2025-06-16 12:49:35,926 - INFO - No cached data found for car_data. Loading data...
2025-06-16 12:49:35,927 - INFO - Fetching car data...
2025-06-16 12:49:36,243 - DEBUG - Falling back to livetiming mirror (https://livetiming-mirror.fastf1.dev)
2025-06-16 12:49:36,534 - INFO - Data has been written to cache!
2025-06-16 12:49:36,604 - INFO - Parsing car data...
2025-06-16 12:49:36,673 - INFO - No cached data found for session_status_data. Loading data...
2025-06-16 12:49:36,674 - INFO - Fetching session status data...
2025-06-16 12:49:37,108 - DEBUG - Falling back to livetiming mirror (https://livetiming-mirror.fastf1.dev)
2025-06-16 12:49:37,347 - INFO - Data has been written to cache!
2025-06-16 12:49:37,353 - INFO - No cached data found for lap_count. Loading data...
2025-06-16 12:49:37,353 - INFO - Fetching lap count data...
2025-06-16 12:49:37,742 - DEBUG - Falling back to livetiming mirror (https://livetiming-mirror.fastf1.dev)
2025-06-16 12:49:38,050 - INFO - Data has been written to cache!
2025-06-16 12:49:38,052 - INFO - No cached data found for track_status_data. Loading data...
2025-06-16 12:49:38,052 - INFO - Fetching track status data...
2025-06-16 12:49:38,459 - DEBUG - Falling back to livetiming mirror (https://livetiming-mirror.fastf1.dev)
2025-06-16 12:49:38,723 - INFO - Data has been written to cache!
2025-06-16 12:49:38,725 - INFO - No cached data found for _extended_timing_data. Loading data...
2025-06-16 12:49:38,725 - INFO - Fetching timing data...
2025-06-16 12:49:39,076 - DEBUG - Falling back to livetiming mirror (https://livetiming-mirror.fastf1.dev)
2025-06-16 12:49:39,192 - INFO - Data has been written to cache!
2025-06-16 12:49:39,195 - INFO - No cached data found for position_data. Loading data...
2025-06-16 12:49:39,195 - INFO - Fetching position data...
2025-06-16 12:49:40,253 - INFO - Parsing timing data...
2025-06-16 12:49:40,719 - INFO - Parsing position data...
2025-06-16 12:49:41,028 - INFO - Data has been written to cache!
2025-06-16 12:49:41,030 - INFO - No cached data found for timing_app_data. Loading data...
2025-06-16 12:49:41,030 - INFO - Fetching timing app data...
2025-06-16 12:49:41,407 - DEBUG - Falling back to livetiming mirror (https://livetiming-mirror.fastf1.dev)
2025-06-16 12:49:41,762 - INFO - Data has been written to cache!
2025-06-16 12:49:41,763 - INFO - Processing timing data...
2025-06-16 12:49:42,767 - INFO - No cached data found for car_data. Loading data...
2025-06-16 12:49:42,768 - INFO - Fetching car data...
2025-06-16 12:49:43,170 - DEBUG - Falling back to livetiming mirror (https://livetiming-mirror.fastf1.dev)
2025-06-16 12:49:43,236 - WARNING - Driver 241: Position data is incomplete!
2025-06-16 12:49:43,241 - WARNING - Driver 242: Position data is incomplete!
2025-06-16 12:49:43,246 - WARNING - Driver 243: Position data is incomplete!
2025-06-16 12:49:43,399 - INFO - Data has been written to cache!
2025-06-16 12:49:44,000 - INFO - Parsing car data...
2025-06-16 12:49:44,183 - INFO - No cached data found for weather_data. Loading data...
2025-06-16 12:49:44,184 - INFO - Fetching weather data...
2025-06-16 12:49:44,525 - INFO - Data has been written to cache!
2025-06-16 12:49:44,526 - INFO - No cached data found for race_control_messages. Loading data...
2025-06-16 12:49:44,526 - INFO - Fetching race control messages...
2025-06-16 12:49:44,852 - INFO - Data has been written to cache!
2025-06-16 12:49:44,855 - WARNING - Driver 44 completed the race distance 00:00.050000 before the recorded end of the session.
2025-06-16 12:49:44,888 - INFO - Finished loading data for 20 drivers: ['44', '33', '77', '11', '4', '16', '31', '14', '3', '10', '55', '99', '5', '18', '22', '63', '47', '6', '9', '7']
2025-06-16 12:49:45,402 - INFO - [EXPORT OK] portuguese_grand_prix
2025-06-16 12:49:45,409 - INFO - Loading data for Spanish Grand Prix - Race [v3.5.3]
2025-06-16 12:49:45,409 - INFO - No cached data found for session_info. Loading data...
2025-06-16 12:49:45,409 - INFO - Fetching session info data...
2025-06-16 12:49:45,761 - INFO - Data has been written to cache!
2025-06-16 12:49:45,761 - INFO - No cached data found for driver_info. Loading data...
2025-06-16 12:49:45,761 - INFO - Fetching driver list...
2025-06-16 12:49:46,145 - INFO - Data has been written to cache!
2025-06-16 12:49:47,277 - INFO - No cached data found for session_status_data. Loading data...
2025-06-16 12:49:47,278 - INFO - Fetching session status data...
2025-06-16 12:49:47,620 - INFO - Data has been written to cache!
2025-06-16 12:49:47,621 - INFO - No cached data found for lap_count. Loading data...
2025-06-16 12:49:47,621 - INFO - Fetching lap count data...
2025-06-16 12:49:47,927 - INFO - Data has been written to cache!
2025-06-16 12:49:47,927 - INFO - No cached data found for track_status_data. Loading data...
2025-06-16 12:49:47,928 - INFO - Fetching track status data...
2025-06-16 12:49:47,972 - INFO - Data has been written to cache!
2025-06-16 12:49:47,975 - INFO - No cached data found for position_data. Loading data...
2025-06-16 12:49:47,976 - INFO - Fetching position data...
2025-06-16 12:49:48,255 - INFO - Data has been written to cache!
2025-06-16 12:49:48,257 - INFO - No cached data found for _extended_timing_data. Loading data...
2025-06-16 12:49:48,258 - INFO - Fetching timing data...
2025-06-16 12:49:48,284 - DEBUG - Falling back to livetiming mirror (https://livetiming-mirror.fastf1.dev)
2025-06-16 12:49:49,112 - INFO - Parsing position data...
2025-06-16 12:49:49,946 - INFO - Parsing timing data...
2025-06-16 12:49:50,093 - WARNING - Driver 55: Ignoring late data for a previously processed lap.The data may contain errors (previous: 28; current 29)
2025-06-16 12:49:50,364 - WARNING - Driver 22: Ignoring late data for a previously processed lap.The data may contain errors (previous: 2; current 3)
2025-06-16 12:49:50,599 - INFO - Data has been written to cache!
2025-06-16 12:49:50,599 - INFO - No cached data found for timing_app_data. Loading data...
2025-06-16 12:49:50,600 - INFO - Fetching timing app data...
2025-06-16 12:49:51,549 - INFO - Data has been written to cache!
2025-06-16 12:49:51,550 - INFO - Processing timing data...
2025-06-16 12:49:52,702 - INFO - No cached data found for car_data. Loading data...
2025-06-16 12:49:52,703 - INFO - Fetching car data...
2025-06-16 12:49:53,224 - WARNING - Driver 241: Position data is incomplete!
2025-06-16 12:49:53,236 - WARNING - Driver 242: Position data is incomplete!
2025-06-16 12:49:53,263 - WARNING - Driver 243: Position data is incomplete!
2025-06-16 12:49:53,609 - INFO - Data has been written to cache!
2025-06-16 12:49:53,841 - INFO - Parsing car data...
2025-06-16 12:49:54,902 - INFO - No cached data found for weather_data. Loading data...
2025-06-16 12:49:54,903 - INFO - Fetching weather data...
2025-06-16 12:49:55,230 - DEBUG - Falling back to livetiming mirror (https://livetiming-mirror.fastf1.dev)
2025-06-16 12:49:55,493 - INFO - Data has been written to cache!
2025-06-16 12:49:55,495 - INFO - No cached data found for race_control_messages. Loading data...
2025-06-16 12:49:55,495 - INFO - Fetching race control messages...
2025-06-16 12:49:55,869 - DEBUG - Falling back to livetiming mirror (https://livetiming-mirror.fastf1.dev)
2025-06-16 12:49:56,136 - INFO - Data has been written to cache!
2025-06-16 12:49:56,189 - INFO - Finished loading data for 20 drivers: ['11', '55', '1', '16', '63', '4', '14', '44', '77', '5', '10', '31', '3', '18', '6', '24', '22', '23', '47', '20']
2025-06-16 12:49:56,357 - INFO - Data has been written to cache!
2025-06-16 12:49:56,363 - INFO - No cached data found for position_data. Loading data...
2025-06-16 12:49:56,364 - INFO - Fetching position data...
2025-06-16 12:49:56,544 - INFO - [EXPORT OK] monaco_grand_prix
2025-06-16 12:49:56,551 - INFO - Loading data for Azerbaijan Grand Prix - Race [v3.5.3]
2025-06-16 12:49:56,551 - INFO - No cached data found for session_info. Loading data...
2025-06-16 12:49:56,551 - INFO - Fetching session info data...
2025-06-16 12:49:56,865 - DEBUG - Falling back to livetiming mirror (https://livetiming-mirror.fastf1.dev)
2025-06-16 12:49:57,042 - INFO - Parsing position data...
2025-06-16 12:49:57,160 - INFO - Data has been written to cache!
2025-06-16 12:49:57,161 - INFO - No cached data found for driver_info. Loading data...
2025-06-16 12:49:57,161 - INFO - Fetching driver list...
2025-06-16 12:49:57,508 - DEBUG - Falling back to livetiming mirror (https://livetiming-mirror.fastf1.dev)
2025-06-16 12:49:58,029 - INFO - Data has been written to cache!
2025-06-16 12:49:58,169 - INFO - No cached data found for session_status_data. Loading data...
2025-06-16 12:49:58,169 - INFO - Fetching session status data...
2025-06-16 12:49:58,633 - DEBUG - Falling back to livetiming mirror (https://livetiming-mirror.fastf1.dev)
2025-06-16 12:49:58,888 - INFO - Data has been written to cache!
2025-06-16 12:49:58,889 - INFO - No cached data found for lap_count. Loading data...
2025-06-16 12:49:58,889 - INFO - Fetching lap count data...
2025-06-16 12:49:59,252 - DEBUG - Falling back to livetiming mirror (https://livetiming-mirror.fastf1.dev)
2025-06-16 12:49:59,465 - WARNING - Driver 241: Position data is incomplete!
2025-06-16 12:49:59,472 - WARNING - Driver 242: Position data is incomplete!
2025-06-16 12:49:59,477 - WARNING - Driver 243: Position data is incomplete!
2025-06-16 12:49:59,487 - INFO - Data has been written to cache!
2025-06-16 12:49:59,487 - INFO - No cached data found for track_status_data. Loading data...
2025-06-16 12:49:59,488 - INFO - Fetching track status data...
2025-06-16 12:49:59,708 - INFO - Data has been written to cache!
2025-06-16 12:49:59,827 - DEBUG - Falling back to livetiming mirror (https://livetiming-mirror.fastf1.dev)
2025-06-16 12:50:00,276 - INFO - Data has been written to cache!
2025-06-16 12:50:00,279 - INFO - No cached data found for _extended_timing_data. Loading data...
2025-06-16 12:50:00,279 - INFO - Fetching timing data...
2025-06-16 12:50:00,505 - INFO - No cached data found for weather_data. Loading data...
2025-06-16 12:50:00,506 - INFO - Fetching weather data...
2025-06-16 12:50:00,592 - DEBUG - Falling back to livetiming mirror (https://livetiming-mirror.fastf1.dev)
2025-06-16 12:50:00,846 - INFO - Data has been written to cache!
2025-06-16 12:50:00,848 - INFO - No cached data found for race_control_messages. Loading data...
2025-06-16 12:50:00,848 - INFO - Fetching race control messages...
2025-06-16 12:50:01,196 - INFO - Data has been written to cache!
2025-06-16 12:50:01,199 - WARNING - Driver 44 completed the race distance 00:00.083000 before the recorded end of the session.
2025-06-16 12:50:01,227 - INFO - Finished loading data for 20 drivers: ['44', '33', '77', '16', '11', '3', '55', '4', '31', '10', '18', '7', '5', '63', '99', '6', '14', '47', '9', '22']
2025-06-16 12:50:01,324 - INFO - Parsing timing data...
2025-06-16 12:50:01,580 - INFO - [EXPORT OK] spanish_grand_prix
2025-06-16 12:50:01,586 - INFO - Loading data for Monaco Grand Prix - Race [v3.5.3]
2025-06-16 12:50:01,587 - INFO - No cached data found for session_info. Loading data...
2025-06-16 12:50:01,587 - INFO - Fetching session info data...
2025-06-16 12:50:01,909 - INFO - Data has been written to cache!
2025-06-16 12:50:01,909 - INFO - No cached data found for driver_info. Loading data...
2025-06-16 12:50:01,910 - INFO - Fetching driver list...
2025-06-16 12:50:01,965 - INFO - Data has been written to cache!
2025-06-16 12:50:01,965 - INFO - No cached data found for timing_app_data. Loading data...
2025-06-16 12:50:01,966 - INFO - Fetching timing app data...
2025-06-16 12:50:02,287 - INFO - Data has been written to cache!
2025-06-16 12:50:02,290 - DEBUG - Falling back to livetiming mirror (https://livetiming-mirror.fastf1.dev)
2025-06-16 12:50:02,593 - INFO - Data has been written to cache!
2025-06-16 12:50:02,595 - INFO - Processing timing data...
2025-06-16 12:50:02,837 - INFO - No cached data found for session_status_data. Loading data...
2025-06-16 12:50:02,838 - INFO - Fetching session status data...
2025-06-16 12:50:02,993 - WARNING - Driver 16: Lap timing integrity check failed for 1 lap(s)
2025-06-16 12:50:03,153 - INFO - Data has been written to cache!
2025-06-16 12:50:03,154 - INFO - No cached data found for lap_count. Loading data...
2025-06-16 12:50:03,154 - INFO - Fetching lap count data...
2025-06-16 12:50:03,200 - INFO - No cached data found for car_data. Loading data...
2025-06-16 12:50:03,201 - INFO - Fetching car data...
2025-06-16 12:50:03,427 - DEBUG - Falling back to livetiming mirror (https://livetiming-mirror.fastf1.dev)
2025-06-16 12:50:03,506 - INFO - Data has been written to cache!
2025-06-16 12:50:03,507 - INFO - No cached data found for track_status_data. Loading data...
2025-06-16 12:50:03,507 - INFO - Fetching track status data...
2025-06-16 12:50:03,835 - INFO - Data has been written to cache!
2025-06-16 12:50:03,836 - INFO - No cached data found for _extended_timing_data. Loading data...
2025-06-16 12:50:03,836 - INFO - Fetching timing data...
2025-06-16 12:50:04,045 - INFO - Parsing car data...
2025-06-16 12:50:04,888 - INFO - Parsing timing data...
2025-06-16 12:50:05,617 - INFO - Data has been written to cache!
2025-06-16 12:50:05,618 - INFO - No cached data found for timing_app_data. Loading data...
2025-06-16 12:50:05,618 - INFO - Fetching timing app data...
2025-06-16 12:50:06,028 - INFO - Data has been written to cache!
2025-06-16 12:50:06,028 - INFO - Processing timing data...
2025-06-16 12:50:06,734 - INFO - Data has been written to cache!
2025-06-16 12:50:06,738 - INFO - No cached data found for position_data. Loading data...
2025-06-16 12:50:06,738 - INFO - Fetching position data...
2025-06-16 12:50:06,744 - INFO - No cached data found for car_data. Loading data...
2025-06-16 12:50:06,744 - INFO - Fetching car data...
2025-06-16 12:50:07,059 - DEBUG - Falling back to livetiming mirror (https://livetiming-mirror.fastf1.dev)
2025-06-16 12:50:07,532 - INFO - Parsing car data...
2025-06-16 12:50:08,424 - INFO - Parsing position data...
2025-06-16 12:50:10,359 - INFO - Data has been written to cache!
2025-06-16 12:50:10,361 - INFO - No cached data found for position_data. Loading data...
2025-06-16 12:50:10,361 - INFO - Fetching position data...
2025-06-16 12:50:11,058 - INFO - Parsing position data...
2025-06-16 12:50:11,239 - INFO - Data has been written to cache!
2025-06-16 12:50:12,104 - INFO - No cached data found for weather_data. Loading data...
2025-06-16 12:50:12,108 - INFO - Fetching weather data...
2025-06-16 12:50:12,458 - DEBUG - Falling back to livetiming mirror (https://livetiming-mirror.fastf1.dev)
2025-06-16 12:50:12,676 - INFO - Data has been written to cache!
2025-06-16 12:50:12,678 - INFO - No cached data found for race_control_messages. Loading data...
2025-06-16 12:50:12,678 - INFO - Fetching race control messages...
2025-06-16 12:50:13,072 - DEBUG - Falling back to livetiming mirror (https://livetiming-mirror.fastf1.dev)
2025-06-16 12:50:13,798 - INFO - Data has been written to cache!
2025-06-16 12:50:13,860 - INFO - Finished loading data for 20 drivers: ['1', '11', '63', '44', '10', '5', '14', '3', '4', '31', '77', '23', '22', '47', '6', '18', '20', '24', '16', '55']
2025-06-16 12:50:13,885 - INFO - Data has been written to cache!
2025-06-16 12:50:14,188 - INFO - [EXPORT OK] azerbaijan_grand_prix
2025-06-16 12:50:14,195 - INFO - Loading data for Canadian Grand Prix - Race [v3.5.3]
2025-06-16 12:50:14,196 - INFO - No cached data found for session_info. Loading data...
2025-06-16 12:50:14,196 - INFO - Fetching session info data...
2025-06-16 12:50:14,505 - DEBUG - Falling back to livetiming mirror (https://livetiming-mirror.fastf1.dev)
2025-06-16 12:50:14,688 - INFO - No cached data found for weather_data. Loading data...
2025-06-16 12:50:14,689 - INFO - Fetching weather data...
2025-06-16 12:50:14,738 - INFO - Data has been written to cache!
2025-06-16 12:50:14,739 - INFO - No cached data found for driver_info. Loading data...
2025-06-16 12:50:14,739 - INFO - Fetching driver list...
2025-06-16 12:50:15,029 - INFO - Data has been written to cache!
2025-06-16 12:50:15,031 - INFO - No cached data found for race_control_messages. Loading data...
2025-06-16 12:50:15,032 - INFO - Fetching race control messages...
2025-06-16 12:50:15,072 - DEBUG - Falling back to livetiming mirror (https://livetiming-mirror.fastf1.dev)
2025-06-16 12:50:15,359 - INFO - Data has been written to cache!
2025-06-16 12:50:15,364 - WARNING - Driver 33 completed the race distance 00:00.058000 before the recorded end of the session.
2025-06-16 12:50:15,406 - INFO - Finished loading data for 20 drivers: ['33', '55', '4', '11', '5', '10', '44', '18', '31', '99', '7', '3', '14', '63', '6', '22', '9', '47', '77', '16']
2025-06-16 12:50:15,429 - INFO - Data has been written to cache!
2025-06-16 12:50:15,568 - INFO - No cached data found for session_status_data. Loading data...
2025-06-16 12:50:15,569 - INFO - Fetching session status data...
2025-06-16 12:50:15,852 - INFO - [EXPORT OK] monaco_grand_prix
2025-06-16 12:50:15,858 - INFO - Loading data for Azerbaijan Grand Prix - Race [v3.5.3]
2025-06-16 12:50:15,859 - INFO - No cached data found for session_info. Loading data...
2025-06-16 12:50:15,859 - INFO - Fetching session info data...
2025-06-16 12:50:16,004 - DEBUG - Falling back to livetiming mirror (https://livetiming-mirror.fastf1.dev)
2025-06-16 12:50:16,178 - INFO - Data has been written to cache!
2025-06-16 12:50:16,179 - INFO - No cached data found for driver_info. Loading data...
2025-06-16 12:50:16,180 - INFO - Fetching driver list...
2025-06-16 12:50:16,250 - INFO - Data has been written to cache!
2025-06-16 12:50:16,252 - INFO - No cached data found for lap_count. Loading data...
2025-06-16 12:50:16,252 - INFO - Fetching lap count data...
2025-06-16 12:50:16,502 - INFO - Data has been written to cache!
2025-06-16 12:50:16,554 - DEBUG - Falling back to livetiming mirror (https://livetiming-mirror.fastf1.dev)
2025-06-16 12:50:16,720 - INFO - No cached data found for session_status_data. Loading data...
2025-06-16 12:50:16,721 - INFO - Fetching session status data...
2025-06-16 12:50:16,814 - INFO - Data has been written to cache!
2025-06-16 12:50:16,815 - INFO - No cached data found for track_status_data. Loading data...
2025-06-16 12:50:16,815 - INFO - Fetching track status data...
2025-06-16 12:50:17,091 - INFO - Data has been written to cache!
2025-06-16 12:50:17,093 - INFO - No cached data found for lap_count. Loading data...
2025-06-16 12:50:17,094 - INFO - Fetching lap count data...
2025-06-16 12:50:17,127 - DEBUG - Falling back to livetiming mirror (https://livetiming-mirror.fastf1.dev)
2025-06-16 12:50:17,398 - INFO - Data has been written to cache!
2025-06-16 12:50:17,400 - INFO - No cached data found for _extended_timing_data. Loading data...
2025-06-16 12:50:17,401 - INFO - Fetching timing data...
2025-06-16 12:50:17,420 - INFO - Data has been written to cache!
2025-06-16 12:50:17,421 - INFO - No cached data found for track_status_data. Loading data...
2025-06-16 12:50:17,421 - INFO - Fetching track status data...
2025-06-16 12:50:17,783 - DEBUG - Falling back to livetiming mirror (https://livetiming-mirror.fastf1.dev)
2025-06-16 12:50:17,793 - INFO - Data has been written to cache!
2025-06-16 12:50:17,796 - INFO - No cached data found for _extended_timing_data. Loading data...
2025-06-16 12:50:17,797 - INFO - Fetching timing data...
2025-06-16 12:50:18,600 - INFO - Parsing timing data...
2025-06-16 12:50:18,688 - INFO - Parsing timing data...
2025-06-16 12:50:19,053 - WARNING - Driver 47: Ignoring late data for a previously processed lap.The data may contain errors (previous: 42; current 43)
2025-06-16 12:50:19,170 - INFO - Data has been written to cache!
2025-06-16 12:50:19,171 - INFO - No cached data found for timing_app_data. Loading data...
2025-06-16 12:50:19,171 - INFO - Fetching timing app data...
2025-06-16 12:50:19,287 - INFO - Data has been written to cache!
2025-06-16 12:50:19,287 - INFO - No cached data found for timing_app_data. Loading data...
2025-06-16 12:50:19,288 - INFO - Fetching timing app data...
2025-06-16 12:50:19,491 - DEBUG - Falling back to livetiming mirror (https://livetiming-mirror.fastf1.dev)
2025-06-16 12:50:19,672 - INFO - Data has been written to cache!
2025-06-16 12:50:19,672 - INFO - Processing timing data...
2025-06-16 12:50:19,765 - INFO - Data has been written to cache!
2025-06-16 12:50:19,766 - INFO - Processing timing data...
2025-06-16 12:50:20,341 - INFO - No cached data found for car_data. Loading data...
2025-06-16 12:50:20,342 - INFO - Fetching car data...
2025-06-16 12:50:20,639 - INFO - No cached data found for car_data. Loading data...
2025-06-16 12:50:20,640 - INFO - Fetching car data...
2025-06-16 12:50:20,957 - DEBUG - Falling back to livetiming mirror (https://livetiming-mirror.fastf1.dev)
2025-06-16 12:50:21,038 - INFO - Parsing car data...
2025-06-16 12:50:21,498 - INFO - Parsing car data...
2025-06-16 12:50:24,331 - INFO - Data has been written to cache!
2025-06-16 12:50:24,334 - INFO - No cached data found for position_data. Loading data...
2025-06-16 12:50:24,335 - INFO - Fetching position data...
2025-06-16 12:50:24,455 - INFO - Data has been written to cache!
2025-06-16 12:50:24,457 - INFO - No cached data found for position_data. Loading data...
2025-06-16 12:50:24,457 - INFO - Fetching position data...
2025-06-16 12:50:24,666 - DEBUG - Falling back to livetiming mirror (https://livetiming-mirror.fastf1.dev)
2025-06-16 12:50:25,148 - INFO - Parsing position data...
2025-06-16 12:50:25,330 - INFO - Parsing position data...
2025-06-16 12:50:27,964 - WARNING - Driver 241: Position data is incomplete!
2025-06-16 12:50:27,976 - WARNING - Driver 242: Position data is incomplete!
2025-06-16 12:50:27,982 - WARNING - Driver 243: Position data is incomplete!
2025-06-16 12:50:28,187 - INFO - Data has been written to cache!
2025-06-16 12:50:28,609 - WARNING - Driver 241: Position data is incomplete!
2025-06-16 12:50:28,619 - WARNING - Driver 242: Position data is incomplete!
2025-06-16 12:50:28,627 - WARNING - Driver 243: Position data is incomplete!
2025-06-16 12:50:28,866 - INFO - Data has been written to cache!
2025-06-16 12:50:29,080 - INFO - No cached data found for weather_data. Loading data...
2025-06-16 12:50:29,082 - INFO - Fetching weather data...
2025-06-16 12:50:29,416 - DEBUG - Falling back to livetiming mirror (https://livetiming-mirror.fastf1.dev)
2025-06-16 12:50:29,879 - INFO - Data has been written to cache!
2025-06-16 12:50:29,882 - INFO - No cached data found for race_control_messages. Loading data...
2025-06-16 12:50:29,883 - INFO - Fetching race control messages...
2025-06-16 12:50:29,959 - INFO - No cached data found for weather_data. Loading data...
2025-06-16 12:50:29,961 - INFO - Fetching weather data...
2025-06-16 12:50:30,214 - DEBUG - Falling back to livetiming mirror (https://livetiming-mirror.fastf1.dev)
2025-06-16 12:50:30,298 - INFO - Data has been written to cache!
2025-06-16 12:50:30,300 - INFO - No cached data found for race_control_messages. Loading data...
2025-06-16 12:50:30,300 - INFO - Fetching race control messages...
2025-06-16 12:50:30,562 - INFO - Data has been written to cache!
2025-06-16 12:50:30,620 - INFO - Data has been written to cache!
2025-06-16 12:50:30,623 - WARNING - Driver 11 completed the race distance 00:00.028000 before the recorded end of the session.
2025-06-16 12:50:30,627 - INFO - Finished loading data for 20 drivers: ['1', '55', '44', '63', '16', '31', '77', '24', '14', '18', '3', '5', '23', '10', '4', '6', '20', '22', '47', '11']
2025-06-16 12:50:30,672 - INFO - Finished loading data for 20 drivers: ['11', '5', '10', '16', '4', '14', '22', '55', '3', '7', '99', '77', '47', '9', '44', '6', '63', '33', '18', '31']
2025-06-16 12:50:31,000 - INFO - [EXPORT OK] canadian_grand_prix
2025-06-16 12:50:31,007 - INFO - Loading data for British Grand Prix - Race [v3.5.3]
2025-06-16 12:50:31,008 - INFO - [EXPORT OK] azerbaijan_grand_prix
2025-06-16 12:50:31,007 - INFO - No cached data found for session_info. Loading data...
2025-06-16 12:50:31,008 - INFO - Fetching session info data...
2025-06-16 12:50:31,014 - INFO - Loading data for French Grand Prix - Race [v3.5.3]
2025-06-16 12:50:31,015 - INFO - No cached data found for session_info. Loading data...
2025-06-16 12:50:31,015 - INFO - Fetching session info data...
2025-06-16 12:50:31,364 - DEBUG - Falling back to livetiming mirror (https://livetiming-mirror.fastf1.dev)
2025-06-16 12:50:31,372 - INFO - Data has been written to cache!
2025-06-16 12:50:31,373 - INFO - No cached data found for driver_info. Loading data...
2025-06-16 12:50:31,373 - INFO - Fetching driver list...
2025-06-16 12:50:31,711 - INFO - Data has been written to cache!
2025-06-16 12:50:31,930 - INFO - No cached data found for session_status_data. Loading data...
2025-06-16 12:50:31,930 - INFO - Fetching session status data...
2025-06-16 12:50:32,069 - INFO - Data has been written to cache!
2025-06-16 12:50:32,074 - INFO - No cached data found for driver_info. Loading data...
2025-06-16 12:50:32,075 - INFO - Fetching driver list...
2025-06-16 12:50:32,305 - INFO - Data has been written to cache!
2025-06-16 12:50:32,306 - INFO - No cached data found for lap_count. Loading data...
2025-06-16 12:50:32,306 - INFO - Fetching lap count data...
2025-06-16 12:50:32,427 - DEBUG - Falling back to livetiming mirror (https://livetiming-mirror.fastf1.dev)
2025-06-16 12:50:32,614 - INFO - Data has been written to cache!
2025-06-16 12:50:32,615 - INFO - No cached data found for track_status_data. Loading data...
2025-06-16 12:50:32,616 - INFO - Fetching track status data...
2025-06-16 12:50:32,659 - INFO - Data has been written to cache!
2025-06-16 12:50:32,818 - INFO - No cached data found for session_status_data. Loading data...
2025-06-16 12:50:32,818 - INFO - Fetching session status data...
2025-06-16 12:50:32,928 - INFO - Data has been written to cache!
2025-06-16 12:50:32,930 - INFO - No cached data found for _extended_timing_data. Loading data...
2025-06-16 12:50:32,930 - INFO - Fetching timing data...
2025-06-16 12:50:33,231 - DEBUG - Falling back to livetiming mirror (https://livetiming-mirror.fastf1.dev)
2025-06-16 12:50:33,476 - INFO - Data has been written to cache!
2025-06-16 12:50:33,477 - INFO - No cached data found for lap_count. Loading data...
2025-06-16 12:50:33,478 - INFO - Fetching lap count data...
2025-06-16 12:50:33,812 - DEBUG - Falling back to livetiming mirror (https://livetiming-mirror.fastf1.dev)
2025-06-16 12:50:33,899 - INFO - Parsing timing data...
2025-06-16 12:50:34,106 - INFO - Data has been written to cache!
2025-06-16 12:50:34,106 - INFO - No cached data found for track_status_data. Loading data...
2025-06-16 12:50:34,106 - INFO - Fetching track status data...
2025-06-16 12:50:34,474 - DEBUG - Falling back to livetiming mirror (https://livetiming-mirror.fastf1.dev)
2025-06-16 12:50:34,566 - INFO - Data has been written to cache!
2025-06-16 12:50:34,567 - INFO - No cached data found for timing_app_data. Loading data...
2025-06-16 12:50:34,567 - INFO - Fetching timing app data...
2025-06-16 12:50:34,720 - INFO - Data has been written to cache!
2025-06-16 12:50:34,722 - INFO - No cached data found for _extended_timing_data. Loading data...
2025-06-16 12:50:34,722 - INFO - Fetching timing data...
2025-06-16 12:50:34,940 - INFO - Data has been written to cache!
2025-06-16 12:50:34,940 - INFO - Processing timing data...
2025-06-16 12:50:35,041 - DEBUG - Falling back to livetiming mirror (https://livetiming-mirror.fastf1.dev)
2025-06-16 12:50:35,783 - INFO - No cached data found for car_data. Loading data...
2025-06-16 12:50:35,787 - INFO - Fetching car data...
2025-06-16 12:50:36,061 - INFO - Parsing timing data...
2025-06-16 12:50:36,100 - WARNING - Driver  1: Ignoring late data for a previously processed lap.The data may contain errors (previous: 39; current 40)
2025-06-16 12:50:36,432 - INFO - Parsing car data...
2025-06-16 12:50:36,572 - INFO - Data has been written to cache!
2025-06-16 12:50:36,572 - INFO - No cached data found for timing_app_data. Loading data...
2025-06-16 12:50:36,572 - INFO - Fetching timing app data...
2025-06-16 12:50:36,885 - DEBUG - Falling back to livetiming mirror (https://livetiming-mirror.fastf1.dev)
2025-06-16 12:50:37,156 - INFO - Data has been written to cache!
2025-06-16 12:50:37,157 - INFO - Processing timing data...
2025-06-16 12:50:37,806 - INFO - No cached data found for car_data. Loading data...
2025-06-16 12:50:37,811 - INFO - Fetching car data...
2025-06-16 12:50:38,242 - DEBUG - Falling back to livetiming mirror (https://livetiming-mirror.fastf1.dev)
2025-06-16 12:50:38,806 - INFO - Parsing car data...
2025-06-16 12:50:38,980 - INFO - Data has been written to cache!
2025-06-16 12:50:38,983 - INFO - No cached data found for position_data. Loading data...
2025-06-16 12:50:38,984 - INFO - Fetching position data...
2025-06-16 12:50:39,679 - INFO - Parsing position data...
2025-06-16 12:50:42,209 - INFO - Data has been written to cache!
2025-06-16 12:50:42,323 - INFO - Data has been written to cache!
2025-06-16 12:50:42,327 - INFO - No cached data found for position_data. Loading data...
2025-06-16 12:50:42,328 - INFO - Fetching position data...
2025-06-16 12:50:42,696 - DEBUG - Falling back to livetiming mirror (https://livetiming-mirror.fastf1.dev)
2025-06-16 12:50:42,958 - INFO - No cached data found for weather_data. Loading data...
2025-06-16 12:50:42,958 - INFO - Fetching weather data...
2025-06-16 12:50:43,282 - INFO - Parsing position data...
2025-06-16 12:50:43,355 - INFO - Data has been written to cache!
2025-06-16 12:50:43,357 - INFO - No cached data found for race_control_messages. Loading data...
2025-06-16 12:50:43,357 - INFO - Fetching race control messages...
2025-06-16 12:50:43,704 - INFO - Data has been written to cache!
2025-06-16 12:50:43,707 - WARNING - Driver 33 completed the race distance 00:00.047000 before the recorded end of the session.
2025-06-16 12:50:43,725 - INFO - Finished loading data for 20 drivers: ['33', '44', '11', '77', '4', '3', '10', '14', '5', '18', '55', '63', '22', '31', '99', '16', '7', '6', '47', '9']
2025-06-16 12:50:44,157 - INFO - [EXPORT OK] french_grand_prix
2025-06-16 12:50:44,164 - INFO - Loading data for Styrian Grand Prix - Race [v3.5.3]
2025-06-16 12:50:44,165 - INFO - No cached data found for session_info. Loading data...
2025-06-16 12:50:44,166 - INFO - Fetching session info data...
2025-06-16 12:50:44,512 - INFO - Data has been written to cache!
2025-06-16 12:50:44,513 - INFO - No cached data found for driver_info. Loading data...
2025-06-16 12:50:44,513 - INFO - Fetching driver list...
2025-06-16 12:50:44,926 - INFO - Data has been written to cache!
2025-06-16 12:50:45,167 - INFO - No cached data found for session_status_data. Loading data...
2025-06-16 12:50:45,167 - INFO - Fetching session status data...
2025-06-16 12:50:45,485 - INFO - Data has been written to cache!
2025-06-16 12:50:45,486 - INFO - No cached data found for lap_count. Loading data...
2025-06-16 12:50:45,487 - INFO - Fetching lap count data...
2025-06-16 12:50:45,821 - INFO - Data has been written to cache!
2025-06-16 12:50:45,822 - INFO - No cached data found for track_status_data. Loading data...
2025-06-16 12:50:45,822 - INFO - Fetching track status data...
2025-06-16 12:50:46,359 - INFO - Data has been written to cache!
2025-06-16 12:50:46,361 - INFO - No cached data found for _extended_timing_data. Loading data...
2025-06-16 12:50:46,362 - INFO - Fetching timing data...
2025-06-16 12:50:46,578 - WARNING - Driver 241: Position data is incomplete!
2025-06-16 12:50:46,590 - WARNING - Driver 242: Position data is incomplete!
2025-06-16 12:50:46,596 - WARNING - Driver 243: Position data is incomplete!
2025-06-16 12:50:46,868 - INFO - Data has been written to cache!
2025-06-16 12:50:47,250 - INFO - Parsing timing data...
2025-06-16 12:50:47,513 - WARNING - Driver 18: Encountered 1 timing integrity error(s) near lap(s): [33].
This might be a bug and should be reported.
2025-06-16 12:50:47,932 - WARNING - Failed to align laps for drivers: ['10']
2025-06-16 12:50:48,002 - INFO - Data has been written to cache!
2025-06-16 12:50:48,003 - INFO - No cached data found for timing_app_data. Loading data...
2025-06-16 12:50:48,003 - INFO - Fetching timing app data...
2025-06-16 12:50:48,104 - INFO - No cached data found for weather_data. Loading data...
2025-06-16 12:50:48,105 - INFO - Fetching weather data...
2025-06-16 12:50:48,387 - INFO - Data has been written to cache!
2025-06-16 12:50:48,387 - INFO - Processing timing data...
2025-06-16 12:50:48,419 - DEBUG - Falling back to livetiming mirror (https://livetiming-mirror.fastf1.dev)
2025-06-16 12:50:48,686 - INFO - Data has been written to cache!
2025-06-16 12:50:48,687 - INFO - No cached data found for race_control_messages. Loading data...
2025-06-16 12:50:48,688 - INFO - Fetching race control messages...
2025-06-16 12:50:48,980 - DEBUG - Falling back to livetiming mirror (https://livetiming-mirror.fastf1.dev)
2025-06-16 12:50:49,060 - INFO - No cached data found for car_data. Loading data...
2025-06-16 12:50:49,061 - INFO - Fetching car data...
2025-06-16 12:50:49,209 - INFO - Data has been written to cache!
2025-06-16 12:50:49,249 - INFO - Finished loading data for 20 drivers: ['55', '11', '44', '16', '14', '4', '1', '47', '5', '20', '18', '6', '3', '22', '31', '10', '77', '63', '24', '23']
2025-06-16 12:50:49,565 - INFO - [EXPORT OK] british_grand_prix
2025-06-16 12:50:49,572 - INFO - Loading data for French Grand Prix - Race [v3.5.3]
2025-06-16 12:50:49,573 - INFO - No cached data found for session_info. Loading data...
2025-06-16 12:50:49,573 - INFO - Fetching session info data...
2025-06-16 12:50:49,686 - INFO - Parsing car data...
2025-06-16 12:50:49,908 - DEBUG - Falling back to livetiming mirror (https://livetiming-mirror.fastf1.dev)
2025-06-16 12:50:50,155 - INFO - Data has been written to cache!
2025-06-16 12:50:50,155 - INFO - No cached data found for driver_info. Loading data...
2025-06-16 12:50:50,155 - INFO - Fetching driver list...
2025-06-16 12:50:50,480 - DEBUG - Falling back to livetiming mirror (https://livetiming-mirror.fastf1.dev)
2025-06-16 12:50:50,968 - INFO - Data has been written to cache!
2025-06-16 12:50:51,103 - INFO - No cached data found for session_status_data. Loading data...
2025-06-16 12:50:51,103 - INFO - Fetching session status data...
2025-06-16 12:50:51,549 - DEBUG - Falling back to livetiming mirror (https://livetiming-mirror.fastf1.dev)
2025-06-16 12:50:51,754 - INFO - Data has been written to cache!
2025-06-16 12:50:51,755 - INFO - No cached data found for lap_count. Loading data...
2025-06-16 12:50:51,755 - INFO - Fetching lap count data...
2025-06-16 12:50:51,899 - INFO - Data has been written to cache!
2025-06-16 12:50:51,901 - INFO - No cached data found for position_data. Loading data...
2025-06-16 12:50:51,901 - INFO - Fetching position data...
2025-06-16 12:50:52,130 - DEBUG - Falling back to livetiming mirror (https://livetiming-mirror.fastf1.dev)
2025-06-16 12:50:52,619 - INFO - Data has been written to cache!
2025-06-16 12:50:52,620 - INFO - No cached data found for track_status_data. Loading data...
2025-06-16 12:50:52,621 - INFO - Fetching track status data...
2025-06-16 12:50:52,677 - INFO - Parsing position data...
2025-06-16 12:50:53,010 - DEBUG - Falling back to livetiming mirror (https://livetiming-mirror.fastf1.dev)
2025-06-16 12:50:53,523 - INFO - Data has been written to cache!
2025-06-16 12:50:53,525 - INFO - No cached data found for _extended_timing_data. Loading data...
2025-06-16 12:50:53,525 - INFO - Fetching timing data...
2025-06-16 12:50:53,848 - DEBUG - Falling back to livetiming mirror (https://livetiming-mirror.fastf1.dev)
2025-06-16 12:50:55,051 - INFO - Data has been written to cache!
2025-06-16 12:50:55,718 - INFO - No cached data found for weather_data. Loading data...
2025-06-16 12:50:55,719 - INFO - Fetching weather data...
2025-06-16 12:50:56,054 - INFO - Data has been written to cache!
2025-06-16 12:50:56,055 - INFO - No cached data found for race_control_messages. Loading data...
2025-06-16 12:50:56,055 - INFO - Fetching race control messages...
2025-06-16 12:50:56,380 - INFO - Data has been written to cache!
2025-06-16 12:50:56,385 - WARNING - Driver 33 completed the race distance 00:00.152000 before the recorded end of the session.
2025-06-16 12:50:56,422 - INFO - Finished loading data for 20 drivers: ['33', '44', '77', '11', '4', '55', '16', '18', '14', '22', '7', '5', '3', '31', '99', '47', '6', '9', '63', '10']
2025-06-16 12:50:56,756 - INFO - [EXPORT OK] styrian_grand_prix
2025-06-16 12:50:56,763 - INFO - Loading data for Austrian Grand Prix - Race [v3.5.3]
2025-06-16 12:50:56,763 - INFO - No cached data found for session_info. Loading data...
2025-06-16 12:50:56,764 - INFO - Fetching session info data...
2025-06-16 12:50:57,082 - INFO - Data has been written to cache!
2025-06-16 12:50:57,083 - INFO - No cached data found for driver_info. Loading data...
2025-06-16 12:50:57,083 - INFO - Fetching driver list...
2025-06-16 12:50:57,453 - INFO - Data has been written to cache!
2025-06-16 12:50:57,815 - INFO - Parsing timing data...
2025-06-16 12:50:57,940 - INFO - No cached data found for session_status_data. Loading data...
2025-06-16 12:50:57,940 - INFO - Fetching session status data...
2025-06-16 12:50:58,263 - INFO - Data has been written to cache!
2025-06-16 12:50:58,264 - INFO - No cached data found for lap_count. Loading data...
2025-06-16 12:50:58,265 - INFO - Fetching lap count data...
2025-06-16 12:50:58,301 - WARNING - Driver 55: Ignoring late data for a previously processed lap.The data may contain errors (previous: 13; current 14)
2025-06-16 12:50:58,481 - INFO - Data has been written to cache!
2025-06-16 12:50:58,482 - INFO - No cached data found for timing_app_data. Loading data...
2025-06-16 12:50:58,482 - INFO - Fetching timing app data...
2025-06-16 12:50:58,571 - INFO - Data has been written to cache!
2025-06-16 12:50:58,571 - INFO - No cached data found for track_status_data. Loading data...
2025-06-16 12:50:58,571 - INFO - Fetching track status data...
2025-06-16 12:50:58,786 - DEBUG - Falling back to livetiming mirror (https://livetiming-mirror.fastf1.dev)
2025-06-16 12:50:58,904 - INFO - Data has been written to cache!
2025-06-16 12:50:58,907 - INFO - No cached data found for _extended_timing_data. Loading data...
2025-06-16 12:50:58,909 - INFO - Fetching timing data...
2025-06-16 12:50:59,099 - INFO - Data has been written to cache!
2025-06-16 12:50:59,100 - INFO - Processing timing data...
2025-06-16 12:50:59,673 - INFO - No cached data found for car_data. Loading data...
2025-06-16 12:50:59,674 - INFO - Fetching car data...
2025-06-16 12:50:59,930 - INFO - Parsing timing data...
2025-06-16 12:51:00,055 - DEBUG - Falling back to livetiming mirror (https://livetiming-mirror.fastf1.dev)
2025-06-16 12:51:00,615 - INFO - Parsing car data...
2025-06-16 12:51:00,695 - INFO - Data has been written to cache!
2025-06-16 12:51:00,697 - INFO - No cached data found for timing_app_data. Loading data...
2025-06-16 12:51:00,698 - INFO - Fetching timing app data...
2025-06-16 12:51:01,177 - INFO - Data has been written to cache!
2025-06-16 12:51:01,177 - INFO - Processing timing data...
2025-06-16 12:51:02,335 - INFO - No cached data found for car_data. Loading data...
2025-06-16 12:51:02,337 - INFO - Fetching car data...
2025-06-16 12:51:02,852 - INFO - Data has been written to cache!
2025-06-16 12:51:02,854 - INFO - No cached data found for position_data. Loading data...
2025-06-16 12:51:02,855 - INFO - Fetching position data...
2025-06-16 12:51:03,138 - INFO - Parsing car data...
2025-06-16 12:51:03,236 - DEBUG - Falling back to livetiming mirror (https://livetiming-mirror.fastf1.dev)
2025-06-16 12:51:03,798 - INFO - Parsing position data...
2025-06-16 12:51:05,819 - WARNING - Driver 241: Position data is incomplete!
2025-06-16 12:51:05,827 - WARNING - Driver 242: Position data is incomplete!
2025-06-16 12:51:05,834 - WARNING - Driver 243: Position data is incomplete!
2025-06-16 12:51:06,033 - INFO - Data has been written to cache!
2025-06-16 12:51:06,106 - INFO - Data has been written to cache!
2025-06-16 12:51:06,108 - INFO - No cached data found for position_data. Loading data...
2025-06-16 12:51:06,108 - INFO - Fetching position data...
2025-06-16 12:51:06,709 - INFO - No cached data found for weather_data. Loading data...
2025-06-16 12:51:06,713 - INFO - Fetching weather data...
2025-06-16 12:51:07,005 - INFO - Parsing position data...
2025-06-16 12:51:07,112 - DEBUG - Falling back to livetiming mirror (https://livetiming-mirror.fastf1.dev)
2025-06-16 12:51:07,633 - INFO - Data has been written to cache!
2025-06-16 12:51:07,634 - INFO - No cached data found for race_control_messages. Loading data...
2025-06-16 12:51:07,634 - INFO - Fetching race control messages...
2025-06-16 12:51:07,936 - DEBUG - Falling back to livetiming mirror (https://livetiming-mirror.fastf1.dev)
2025-06-16 12:51:08,207 - INFO - Data has been written to cache!
2025-06-16 12:51:08,210 - WARNING - Driver 1 completed the race distance 00:00.041000 before the recorded end of the session.
2025-06-16 12:51:08,256 - INFO - Finished loading data for 20 drivers: ['1', '44', '63', '11', '55', '14', '4', '31', '3', '18', '5', '10', '23', '77', '47', '24', '6', '20', '16', '22']
2025-06-16 12:51:08,587 - INFO - [EXPORT OK] french_grand_prix
2025-06-16 12:51:08,594 - INFO - Loading data for Hungarian Grand Prix - Race [v3.5.3]
2025-06-16 12:51:08,595 - INFO - No cached data found for session_info. Loading data...
2025-06-16 12:51:08,595 - INFO - Fetching session info data...
2025-06-16 12:51:08,911 - DEBUG - Falling back to livetiming mirror (https://livetiming-mirror.fastf1.dev)
2025-06-16 12:51:09,169 - INFO - Data has been written to cache!
2025-06-16 12:51:09,170 - INFO - No cached data found for driver_info. Loading data...
2025-06-16 12:51:09,170 - INFO - Fetching driver list...
2025-06-16 12:51:09,598 - DEBUG - Falling back to livetiming mirror (https://livetiming-mirror.fastf1.dev)
2025-06-16 12:51:09,854 - WARNING - Driver 241: Position data is incomplete!
2025-06-16 12:51:09,865 - WARNING - Driver 242: Position data is incomplete!
2025-06-16 12:51:09,870 - WARNING - Driver 243: Position data is incomplete!
2025-06-16 12:51:10,066 - INFO - Data has been written to cache!
2025-06-16 12:51:10,115 - INFO - Data has been written to cache!
2025-06-16 12:51:10,237 - INFO - No cached data found for session_status_data. Loading data...
2025-06-16 12:51:10,238 - INFO - Fetching session status data...
2025-06-16 12:51:10,767 - DEBUG - Falling back to livetiming mirror (https://livetiming-mirror.fastf1.dev)
2025-06-16 12:51:10,900 - INFO - No cached data found for weather_data. Loading data...
2025-06-16 12:51:10,901 - INFO - Fetching weather data...
2025-06-16 12:51:11,011 - INFO - Data has been written to cache!
2025-06-16 12:51:11,012 - INFO - No cached data found for lap_count. Loading data...
2025-06-16 12:51:11,013 - INFO - Fetching lap count data...
2025-06-16 12:51:11,245 - INFO - Data has been written to cache!
2025-06-16 12:51:11,247 - INFO - No cached data found for race_control_messages. Loading data...
2025-06-16 12:51:11,248 - INFO - Fetching race control messages...
2025-06-16 12:51:11,349 - DEBUG - Falling back to livetiming mirror (https://livetiming-mirror.fastf1.dev)
2025-06-16 12:51:11,578 - INFO - Data has been written to cache!
2025-06-16 12:51:11,583 - WARNING - Driver 33 completed the race distance 00:00.061000 before the recorded end of the session.
2025-06-16 12:51:11,642 - INFO - Data has been written to cache!
2025-06-16 12:51:11,643 - INFO - No cached data found for track_status_data. Loading data...
2025-06-16 12:51:11,643 - INFO - Fetching track status data...
2025-06-16 12:51:11,674 - INFO - Finished loading data for 20 drivers: ['33', '77', '4', '44', '55', '11', '3', '16', '10', '14', '63', '22', '18', '99', '7', '6', '5', '47', '9', '31']
2025-06-16 12:51:11,878 - INFO - [EXPORT OK] austrian_grand_prix
2025-06-16 12:51:11,884 - INFO - Loading data for Hungarian Grand Prix - Race [v3.5.3]
2025-06-16 12:51:11,884 - INFO - No cached data found for session_info. Loading data...
2025-06-16 12:51:11,885 - INFO - Fetching session info data...
2025-06-16 12:51:11,974 - DEBUG - Falling back to livetiming mirror (https://livetiming-mirror.fastf1.dev)
2025-06-16 12:51:12,190 - INFO - Data has been written to cache!
2025-06-16 12:51:12,191 - INFO - No cached data found for driver_info. Loading data...
2025-06-16 12:51:12,192 - INFO - Fetching driver list...
2025-06-16 12:51:12,225 - INFO - Data has been written to cache!
2025-06-16 12:51:12,237 - INFO - No cached data found for _extended_timing_data. Loading data...
2025-06-16 12:51:12,238 - INFO - Fetching timing data...
2025-06-16 12:51:12,530 - INFO - Data has been written to cache!
2025-06-16 12:51:12,583 - DEBUG - Falling back to livetiming mirror (https://livetiming-mirror.fastf1.dev)
2025-06-16 12:51:12,747 - INFO - No cached data found for session_status_data. Loading data...
2025-06-16 12:51:12,747 - INFO - Fetching session status data...
2025-06-16 12:51:13,107 - INFO - Data has been written to cache!
2025-06-16 12:51:13,108 - INFO - No cached data found for lap_count. Loading data...
2025-06-16 12:51:13,108 - INFO - Fetching lap count data...
2025-06-16 12:51:13,475 - INFO - Parsing timing data...
2025-06-16 12:51:13,493 - INFO - Data has been written to cache!
2025-06-16 12:51:13,494 - INFO - No cached data found for track_status_data. Loading data...
2025-06-16 12:51:13,494 - INFO - Fetching track status data...
2025-06-16 12:51:13,820 - INFO - Data has been written to cache!
2025-06-16 12:51:13,821 - INFO - No cached data found for _extended_timing_data. Loading data...
2025-06-16 12:51:13,821 - INFO - Fetching timing data...
2025-06-16 12:51:14,247 - INFO - Data has been written to cache!
2025-06-16 12:51:14,252 - INFO - No cached data found for timing_app_data. Loading data...
2025-06-16 12:51:14,252 - INFO - Fetching timing app data...
2025-06-16 12:51:14,624 - DEBUG - Falling back to livetiming mirror (https://livetiming-mirror.fastf1.dev)
2025-06-16 12:51:14,762 - INFO - Parsing timing data...
2025-06-16 12:51:14,838 - WARNING - Driver 10: Ignoring late data for a previously processed lap.The data may contain errors (previous: 64; current 65)
2025-06-16 12:51:14,945 - INFO - Data has been written to cache!
2025-06-16 12:51:14,946 - INFO - Processing timing data...
2025-06-16 12:51:15,240 - WARNING - Failed to align laps for drivers: ['4', '9']
2025-06-16 12:51:15,286 - INFO - Data has been written to cache!
2025-06-16 12:51:15,287 - INFO - No cached data found for timing_app_data. Loading data...
2025-06-16 12:51:15,287 - INFO - Fetching timing app data...
2025-06-16 12:51:15,663 - INFO - Data has been written to cache!
2025-06-16 12:51:15,663 - INFO - Processing timing data...
2025-06-16 12:51:15,685 - INFO - No cached data found for car_data. Loading data...
2025-06-16 12:51:15,685 - INFO - Fetching car data...
2025-06-16 12:51:16,093 - DEBUG - Falling back to livetiming mirror (https://livetiming-mirror.fastf1.dev)
2025-06-16 12:51:16,272 - INFO - No cached data found for car_data. Loading data...
2025-06-16 12:51:16,274 - INFO - Fetching car data...
2025-06-16 12:51:16,605 - INFO - Parsing car data...
2025-06-16 12:51:17,018 - INFO - Parsing car data...
2025-06-16 12:51:19,050 - INFO - Data has been written to cache!
2025-06-16 12:51:19,050 - INFO - No cached data found for position_data. Loading data...
2025-06-16 12:51:19,051 - INFO - Fetching position data...
2025-06-16 12:51:19,387 - DEBUG - Falling back to livetiming mirror (https://livetiming-mirror.fastf1.dev)
2025-06-16 12:51:19,897 - INFO - Parsing position data...
2025-06-16 12:51:20,588 - INFO - Data has been written to cache!
2025-06-16 12:51:20,590 - INFO - No cached data found for position_data. Loading data...
2025-06-16 12:51:20,590 - INFO - Fetching position data...
2025-06-16 12:51:21,437 - INFO - Parsing position data...
2025-06-16 12:51:22,504 - INFO - Data has been written to cache!
2025-06-16 12:51:23,272 - INFO - No cached data found for weather_data. Loading data...
2025-06-16 12:51:23,272 - INFO - Fetching weather data...
2025-06-16 12:51:23,729 - DEBUG - Falling back to livetiming mirror (https://livetiming-mirror.fastf1.dev)
2025-06-16 12:51:23,980 - INFO - Data has been written to cache!
2025-06-16 12:51:23,982 - INFO - No cached data found for race_control_messages. Loading data...
2025-06-16 12:51:23,982 - INFO - Fetching race control messages...
2025-06-16 12:51:24,304 - DEBUG - Falling back to livetiming mirror (https://livetiming-mirror.fastf1.dev)
2025-06-16 12:51:24,551 - INFO - Data has been written to cache!
2025-06-16 12:51:24,634 - INFO - Finished loading data for 20 drivers: ['1', '44', '63', '55', '11', '16', '4', '14', '31', '5', '18', '10', '24', '47', '3', '20', '23', '6', '22', '77']
2025-06-16 12:51:25,121 - INFO - [EXPORT OK] hungarian_grand_prix
2025-06-16 12:51:25,129 - INFO - Loading data for Belgian Grand Prix - Race [v3.5.3]
2025-06-16 12:51:25,129 - INFO - No cached data found for session_info. Loading data...
2025-06-16 12:51:25,130 - INFO - Fetching session info data...
2025-06-16 12:51:25,470 - DEBUG - Falling back to livetiming mirror (https://livetiming-mirror.fastf1.dev)
2025-06-16 12:51:25,646 - WARNING - Driver 241: Position data is incomplete!
2025-06-16 12:51:25,655 - WARNING - Driver 242: Position data is incomplete!
2025-06-16 12:51:25,661 - WARNING - Driver 243: Position data is incomplete!
2025-06-16 12:51:25,722 - INFO - Data has been written to cache!
2025-06-16 12:51:25,723 - INFO - No cached data found for driver_info. Loading data...
2025-06-16 12:51:25,723 - INFO - Fetching driver list...
2025-06-16 12:51:25,942 - INFO - Data has been written to cache!
2025-06-16 12:51:26,056 - DEBUG - Falling back to livetiming mirror (https://livetiming-mirror.fastf1.dev)
2025-06-16 12:51:26,425 - INFO - Data has been written to cache!
2025-06-16 12:51:26,561 - INFO - No cached data found for session_status_data. Loading data...
2025-06-16 12:51:26,561 - INFO - Fetching session status data...
2025-06-16 12:51:27,007 - DEBUG - Falling back to livetiming mirror (https://livetiming-mirror.fastf1.dev)
2025-06-16 12:51:27,045 - INFO - No cached data found for weather_data. Loading data...
2025-06-16 12:51:27,046 - INFO - Fetching weather data...
2025-06-16 12:51:27,234 - INFO - Data has been written to cache!
2025-06-16 12:51:27,235 - INFO - No cached data found for lap_count. Loading data...
2025-06-16 12:51:27,235 - INFO - Fetching lap count data...
2025-06-16 12:51:27,389 - INFO - Data has been written to cache!
2025-06-16 12:51:27,390 - INFO - No cached data found for race_control_messages. Loading data...
2025-06-16 12:51:27,390 - INFO - Fetching race control messages...
2025-06-16 12:51:27,573 - DEBUG - Falling back to livetiming mirror (https://livetiming-mirror.fastf1.dev)
2025-06-16 12:51:27,738 - INFO - Data has been written to cache!
2025-06-16 12:51:27,743 - WARNING - Driver 31 completed the race distance 00:00.068000 before the recorded end of the session.
2025-06-16 12:51:27,767 - INFO - Finished loading data for 20 drivers: ['31', '44', '55', '14', '10', '22', '6', '63', '33', '7', '3', '47', '99', '9', '4', '77', '11', '16', '18', '5']
2025-06-16 12:51:28,096 - INFO - [EXPORT OK] hungarian_grand_prix
2025-06-16 12:51:28,102 - INFO - Loading data for Belgian Grand Prix - Race [v3.5.3]
2025-06-16 12:51:28,103 - INFO - No cached data found for session_info. Loading data...
2025-06-16 12:51:28,103 - INFO - Fetching session info data...
2025-06-16 12:51:28,207 - INFO - Data has been written to cache!
2025-06-16 12:51:28,208 - INFO - No cached data found for track_status_data. Loading data...
2025-06-16 12:51:28,208 - INFO - Fetching track status data...
2025-06-16 12:51:28,436 - INFO - Data has been written to cache!
2025-06-16 12:51:28,437 - INFO - No cached data found for driver_info. Loading data...
2025-06-16 12:51:28,437 - INFO - Fetching driver list...
2025-06-16 12:51:28,522 - DEBUG - Falling back to livetiming mirror (https://livetiming-mirror.fastf1.dev)
2025-06-16 12:51:28,779 - INFO - Data has been written to cache!
2025-06-16 12:51:28,923 - INFO - Data has been written to cache!
2025-06-16 12:51:28,925 - INFO - No cached data found for _extended_timing_data. Loading data...
2025-06-16 12:51:28,925 - INFO - Fetching timing data...
2025-06-16 12:51:28,988 - INFO - No cached data found for session_status_data. Loading data...
2025-06-16 12:51:28,989 - INFO - Fetching session status data...
2025-06-16 12:51:29,250 - DEBUG - Falling back to livetiming mirror (https://livetiming-mirror.fastf1.dev)
2025-06-16 12:51:29,358 - INFO - Data has been written to cache!
2025-06-16 12:51:29,360 - INFO - No cached data found for lap_count. Loading data...
2025-06-16 12:51:29,361 - INFO - Fetching lap count data...
2025-06-16 12:51:29,702 - INFO - Data has been written to cache!
2025-06-16 12:51:29,703 - INFO - No cached data found for track_status_data. Loading data...
2025-06-16 12:51:29,704 - INFO - Fetching track status data...
2025-06-16 12:51:29,908 - INFO - Parsing timing data...
2025-06-16 12:51:30,035 - INFO - Data has been written to cache!
2025-06-16 12:51:30,036 - INFO - No cached data found for _extended_timing_data. Loading data...
2025-06-16 12:51:30,037 - INFO - Fetching timing data...
2025-06-16 12:51:30,417 - WARNING - Failed to align laps for drivers: ['77']
2025-06-16 12:51:30,463 - INFO - Data has been written to cache!
2025-06-16 12:51:30,464 - INFO - No cached data found for timing_app_data. Loading data...
2025-06-16 12:51:30,464 - INFO - Fetching timing app data...
2025-06-16 12:51:30,494 - INFO - Parsing timing data...
2025-06-16 12:51:30,499 - WARNING - Driver 33: Ignoring late data for a previously processed lap.The data may contain errors (previous: 1; current 3)
2025-06-16 12:51:30,501 - WARNING - Driver 63: Ignoring late data for a previously processed lap.The data may contain errors (previous: 1; current 3)
2025-06-16 12:51:30,503 - WARNING - Driver 44: Ignoring late data for a previously processed lap.The data may contain errors (previous: 1; current 3)
2025-06-16 12:51:30,505 - WARNING - Driver  3: Ignoring late data for a previously processed lap.The data may contain errors (previous: 1; current 3)
2025-06-16 12:51:30,507 - WARNING - Driver  5: Ignoring late data for a previously processed lap.The data may contain errors (previous: 1; current 3)
2025-06-16 12:51:30,509 - WARNING - Driver 10: Ignoring late data for a previously processed lap.The data may contain errors (previous: 1; current 3)
2025-06-16 12:51:30,511 - WARNING - Driver 11: Ignoring late data for a previously processed lap.The data may contain errors (previous: 1; current 3)
2025-06-16 12:51:30,513 - WARNING - Driver 31: Ignoring late data for a previously processed lap.The data may contain errors (previous: 1; current 3)
2025-06-16 12:51:30,515 - WARNING - Driver 16: Ignoring late data for a previously processed lap.The data may contain errors (previous: 1; current 3)
2025-06-16 12:51:30,517 - WARNING - Driver  6: Ignoring late data for a previously processed lap.The data may contain errors (previous: 1; current 3)
2025-06-16 12:51:30,519 - WARNING - Driver 55: Ignoring late data for a previously processed lap.The data may contain errors (previous: 1; current 3)
2025-06-16 12:51:30,521 - WARNING - Driver 14: Ignoring late data for a previously processed lap.The data may contain errors (previous: 1; current 3)
2025-06-16 12:51:30,523 - WARNING - Driver 77: Ignoring late data for a previously processed lap.The data may contain errors (previous: 1; current 3)
2025-06-16 12:51:30,525 - WARNING - Driver 99: Ignoring late data for a previously processed lap.The data may contain errors (previous: 1; current 3)
2025-06-16 12:51:30,527 - WARNING - Driver  4: Ignoring late data for a previously processed lap.The data may contain errors (previous: 1; current 3)
2025-06-16 12:51:30,529 - WARNING - Driver 22: Ignoring late data for a previously processed lap.The data may contain errors (previous: 1; current 3)
2025-06-16 12:51:30,531 - WARNING - Driver 47: Ignoring late data for a previously processed lap.The data may contain errors (previous: 1; current 3)
2025-06-16 12:51:30,533 - WARNING - Driver  9: Ignoring late data for a previously processed lap.The data may contain errors (previous: 1; current 3)
2025-06-16 12:51:30,535 - WARNING - Driver 18: Ignoring late data for a previously processed lap.The data may contain errors (previous: 1; current 3)
2025-06-16 12:51:30,537 - WARNING - Driver  7: Ignoring late data for a previously processed lap.The data may contain errors (previous: 1; current 3)
2025-06-16 12:51:30,571 - INFO - Data has been written to cache!
2025-06-16 12:51:30,571 - INFO - No cached data found for timing_app_data. Loading data...
2025-06-16 12:51:30,571 - INFO - Fetching timing app data...
2025-06-16 12:51:30,797 - DEBUG - Falling back to livetiming mirror (https://livetiming-mirror.fastf1.dev)
2025-06-16 12:51:30,911 - INFO - Data has been written to cache!
2025-06-16 12:51:30,912 - INFO - Processing timing data...
2025-06-16 12:51:31,061 - INFO - Data has been written to cache!
2025-06-16 12:51:31,061 - INFO - Processing timing data...
2025-06-16 12:51:31,257 - INFO - No cached data found for car_data. Loading data...
2025-06-16 12:51:31,258 - INFO - Fetching car data...
2025-06-16 12:51:31,583 - INFO - No cached data found for car_data. Loading data...
2025-06-16 12:51:31,584 - INFO - Fetching car data...
2025-06-16 12:51:31,951 - DEBUG - Falling back to livetiming mirror (https://livetiming-mirror.fastf1.dev)
2025-06-16 12:51:32,036 - INFO - Parsing car data...
2025-06-16 12:51:32,494 - INFO - Parsing car data...
2025-06-16 12:51:35,105 - INFO - Data has been written to cache!
2025-06-16 12:51:35,105 - INFO - No cached data found for position_data. Loading data...
2025-06-16 12:51:35,106 - INFO - Fetching position data...
2025-06-16 12:51:35,442 - DEBUG - Falling back to livetiming mirror (https://livetiming-mirror.fastf1.dev)
2025-06-16 12:51:35,981 - INFO - Parsing position data...
2025-06-16 12:51:37,376 - INFO - Data has been written to cache!
2025-06-16 12:51:37,382 - INFO - No cached data found for position_data. Loading data...
2025-06-16 12:51:37,383 - INFO - Fetching position data...
2025-06-16 12:51:38,532 - WARNING - Driver 241: Position data is incomplete!
2025-06-16 12:51:38,544 - WARNING - Driver 242: Position data is incomplete!
2025-06-16 12:51:38,555 - WARNING - Driver 243: Position data is incomplete!
2025-06-16 12:51:38,617 - INFO - Parsing position data...
2025-06-16 12:51:38,759 - INFO - Data has been written to cache!
2025-06-16 12:51:39,554 - INFO - No cached data found for weather_data. Loading data...
2025-06-16 12:51:39,555 - INFO - Fetching weather data...
2025-06-16 12:51:39,900 - DEBUG - Falling back to livetiming mirror (https://livetiming-mirror.fastf1.dev)
2025-06-16 12:51:40,168 - INFO - Data has been written to cache!
2025-06-16 12:51:40,170 - INFO - No cached data found for race_control_messages. Loading data...
2025-06-16 12:51:40,171 - INFO - Fetching race control messages...
2025-06-16 12:51:40,494 - DEBUG - Falling back to livetiming mirror (https://livetiming-mirror.fastf1.dev)
2025-06-16 12:51:40,944 - INFO - Data has been written to cache!
2025-06-16 12:51:41,044 - INFO - Finished loading data for 20 drivers: ['1', '11', '55', '63', '14', '16', '31', '5', '10', '23', '18', '4', '22', '24', '3', '20', '47', '6', '77', '44']
2025-06-16 12:51:41,390 - INFO - [EXPORT OK] belgian_grand_prix
2025-06-16 12:51:41,397 - INFO - Loading data for Dutch Grand Prix - Race [v3.5.3]
2025-06-16 12:51:41,399 - INFO - No cached data found for session_info. Loading data...
2025-06-16 12:51:41,399 - INFO - Fetching session info data...
2025-06-16 12:51:41,753 - DEBUG - Falling back to livetiming mirror (https://livetiming-mirror.fastf1.dev)
2025-06-16 12:51:42,166 - INFO - Data has been written to cache!
2025-06-16 12:51:42,166 - INFO - No cached data found for driver_info. Loading data...
2025-06-16 12:51:42,167 - INFO - Fetching driver list...
2025-06-16 12:51:42,572 - DEBUG - Falling back to livetiming mirror (https://livetiming-mirror.fastf1.dev)
2025-06-16 12:51:42,815 - INFO - Data has been written to cache!
2025-06-16 12:51:42,955 - INFO - No cached data found for session_status_data. Loading data...
2025-06-16 12:51:42,956 - INFO - Fetching session status data...
2025-06-16 12:51:43,446 - DEBUG - Falling back to livetiming mirror (https://livetiming-mirror.fastf1.dev)
2025-06-16 12:51:43,798 - INFO - Data has been written to cache!
2025-06-16 12:51:43,800 - INFO - No cached data found for lap_count. Loading data...
2025-06-16 12:51:43,800 - INFO - Fetching lap count data...
2025-06-16 12:51:44,132 - DEBUG - Falling back to livetiming mirror (https://livetiming-mirror.fastf1.dev)
2025-06-16 12:51:44,428 - INFO - Data has been written to cache!
2025-06-16 12:51:44,428 - INFO - No cached data found for track_status_data. Loading data...
2025-06-16 12:51:44,429 - INFO - Fetching track status data...
2025-06-16 12:51:44,802 - INFO - Data has been written to cache!
2025-06-16 12:51:44,825 - DEBUG - Falling back to livetiming mirror (https://livetiming-mirror.fastf1.dev)
2025-06-16 12:51:45,077 - INFO - Data has been written to cache!
2025-06-16 12:51:45,078 - INFO - No cached data found for _extended_timing_data. Loading data...
2025-06-16 12:51:45,079 - INFO - Fetching timing data...
2025-06-16 12:51:45,392 - DEBUG - Falling back to livetiming mirror (https://livetiming-mirror.fastf1.dev)
2025-06-16 12:51:46,475 - INFO - No cached data found for weather_data. Loading data...
2025-06-16 12:51:46,476 - INFO - Fetching weather data...
2025-06-16 12:51:46,889 - INFO - Data has been written to cache!
2025-06-16 12:51:46,893 - INFO - No cached data found for race_control_messages. Loading data...
2025-06-16 12:51:46,894 - INFO - Fetching race control messages...
2025-06-16 12:51:47,100 - INFO - Parsing timing data...
2025-06-16 12:51:47,238 - INFO - Data has been written to cache!
2025-06-16 12:51:47,264 - INFO - Finished loading data for 20 drivers: ['33', '63', '44', '3', '5', '10', '31', '16', '6', '55', '14', '77', '99', '4', '22', '47', '9', '7', '11', '18']
2025-06-16 12:51:47,489 - INFO - [EXPORT OK] belgian_grand_prix
2025-06-16 12:51:47,497 - INFO - Loading data for Dutch Grand Prix - Race [v3.5.3]
2025-06-16 12:51:47,498 - INFO - No cached data found for session_info. Loading data...
2025-06-16 12:51:47,498 - INFO - Fetching session info data...
2025-06-16 12:51:47,857 - INFO - Data has been written to cache!
2025-06-16 12:51:47,858 - INFO - No cached data found for driver_info. Loading data...
2025-06-16 12:51:47,858 - INFO - Fetching driver list...
2025-06-16 12:51:47,878 - INFO - Data has been written to cache!
2025-06-16 12:51:47,879 - INFO - No cached data found for timing_app_data. Loading data...
2025-06-16 12:51:47,879 - INFO - Fetching timing app data...
2025-06-16 12:51:48,202 - INFO - Data has been written to cache!
2025-06-16 12:51:48,221 - DEBUG - Falling back to livetiming mirror (https://livetiming-mirror.fastf1.dev)
2025-06-16 12:51:48,426 - INFO - No cached data found for session_status_data. Loading data...
2025-06-16 12:51:48,427 - INFO - Fetching session status data...
2025-06-16 12:51:48,496 - INFO - Data has been written to cache!
2025-06-16 12:51:48,497 - INFO - Processing timing data...
2025-06-16 12:51:48,787 - INFO - Data has been written to cache!
2025-06-16 12:51:48,788 - INFO - No cached data found for lap_count. Loading data...
2025-06-16 12:51:48,788 - INFO - Fetching lap count data...
2025-06-16 12:51:49,105 - INFO - Data has been written to cache!
2025-06-16 12:51:49,106 - INFO - No cached data found for track_status_data. Loading data...
2025-06-16 12:51:49,107 - INFO - Fetching track status data...
2025-06-16 12:51:49,436 - INFO - Data has been written to cache!
2025-06-16 12:51:49,438 - INFO - No cached data found for _extended_timing_data. Loading data...
2025-06-16 12:51:49,439 - INFO - Fetching timing data...
2025-06-16 12:51:49,451 - INFO - No cached data found for car_data. Loading data...
2025-06-16 12:51:49,452 - INFO - Fetching car data...
2025-06-16 12:51:49,772 - DEBUG - Falling back to livetiming mirror (https://livetiming-mirror.fastf1.dev)
2025-06-16 12:51:50,375 - INFO - Parsing car data...
2025-06-16 12:51:50,722 - INFO - Parsing timing data...
2025-06-16 12:51:51,508 - INFO - Data has been written to cache!
2025-06-16 12:51:51,509 - INFO - No cached data found for timing_app_data. Loading data...
2025-06-16 12:51:51,509 - INFO - Fetching timing app data...
2025-06-16 12:51:51,985 - INFO - Data has been written to cache!
2025-06-16 12:51:51,985 - INFO - Processing timing data...
2025-06-16 12:51:52,928 - INFO - No cached data found for car_data. Loading data...
2025-06-16 12:51:52,929 - INFO - Fetching car data...
2025-06-16 12:51:53,324 - INFO - Data has been written to cache!
2025-06-16 12:51:53,326 - INFO - No cached data found for position_data. Loading data...
2025-06-16 12:51:53,326 - INFO - Fetching position data...
2025-06-16 12:51:53,656 - DEBUG - Falling back to livetiming mirror (https://livetiming-mirror.fastf1.dev)
2025-06-16 12:51:53,734 - INFO - Parsing car data...
2025-06-16 12:51:54,763 - INFO - Parsing position data...
2025-06-16 12:51:56,720 - INFO - Data has been written to cache!
2025-06-16 12:51:56,729 - INFO - No cached data found for position_data. Loading data...
2025-06-16 12:51:56,729 - INFO - Fetching position data...
2025-06-16 12:51:57,351 - WARNING - Driver 241: Position data is incomplete!
2025-06-16 12:51:57,358 - WARNING - Driver 242: Position data is incomplete!
2025-06-16 12:51:57,364 - WARNING - Driver 243: Position data is incomplete!
2025-06-16 12:51:57,459 - INFO - Parsing position data...
2025-06-16 12:51:57,580 - INFO - Data has been written to cache!
2025-06-16 12:51:58,415 - INFO - No cached data found for weather_data. Loading data...
2025-06-16 12:51:58,417 - INFO - Fetching weather data...
2025-06-16 12:51:58,747 - DEBUG - Falling back to livetiming mirror (https://livetiming-mirror.fastf1.dev)
2025-06-16 12:51:59,012 - INFO - Data has been written to cache!
2025-06-16 12:51:59,013 - INFO - No cached data found for race_control_messages. Loading data...
2025-06-16 12:51:59,013 - INFO - Fetching race control messages...
2025-06-16 12:51:59,400 - DEBUG - Falling back to livetiming mirror (https://livetiming-mirror.fastf1.dev)
2025-06-16 12:51:59,792 - INFO - Data has been written to cache!
2025-06-16 12:51:59,871 - INFO - Finished loading data for 20 drivers: ['1', '63', '16', '44', '11', '14', '4', '55', '31', '18', '10', '23', '47', '5', '20', '24', '3', '6', '77', '22']
2025-06-16 12:52:00,348 - INFO - [EXPORT OK] dutch_grand_prix
2025-06-16 12:52:00,359 - INFO - Loading data for Italian Grand Prix - Race [v3.5.3]
2025-06-16 12:52:00,360 - INFO - No cached data found for session_info. Loading data...
2025-06-16 12:52:00,361 - INFO - Fetching session info data...
2025-06-16 12:52:00,903 - DEBUG - Falling back to livetiming mirror (https://livetiming-mirror.fastf1.dev)
2025-06-16 12:52:00,941 - INFO - Data has been written to cache!
2025-06-16 12:52:01,625 - INFO - Data has been written to cache!
2025-06-16 12:52:01,626 - INFO - No cached data found for driver_info. Loading data...
2025-06-16 12:52:01,626 - INFO - Fetching driver list...
2025-06-16 12:52:01,926 - INFO - No cached data found for weather_data. Loading data...
2025-06-16 12:52:01,926 - INFO - Fetching weather data...
2025-06-16 12:52:01,948 - DEBUG - Falling back to livetiming mirror (https://livetiming-mirror.fastf1.dev)
2025-06-16 12:52:02,290 - INFO - Data has been written to cache!
2025-06-16 12:52:02,293 - INFO - No cached data found for race_control_messages. Loading data...
2025-06-16 12:52:02,293 - INFO - Fetching race control messages...
2025-06-16 12:52:02,608 - INFO - Data has been written to cache!
2025-06-16 12:52:02,640 - INFO - Data has been written to cache!
2025-06-16 12:52:02,644 - WARNING - Driver 33 completed the race distance 00:00.012000 before the recorded end of the session.
2025-06-16 12:52:02,692 - INFO - Finished loading data for 20 drivers: ['33', '44', '77', '10', '16', '14', '55', '11', '31', '4', '3', '18', '5', '99', '88', '6', '63', '47', '22', '9']
2025-06-16 12:52:02,845 - INFO - No cached data found for session_status_data. Loading data...
2025-06-16 12:52:02,845 - INFO - Fetching session status data...
2025-06-16 12:52:03,057 - INFO - [EXPORT OK] dutch_grand_prix
2025-06-16 12:52:03,063 - INFO - Loading data for Russian Grand Prix - Race [v3.5.3]
2025-06-16 12:52:03,064 - INFO - No cached data found for session_info. Loading data...
2025-06-16 12:52:03,064 - INFO - Fetching session info data...
2025-06-16 12:52:03,177 - DEBUG - Falling back to livetiming mirror (https://livetiming-mirror.fastf1.dev)
2025-06-16 12:52:03,382 - INFO - Data has been written to cache!
2025-06-16 12:52:03,383 - INFO - No cached data found for driver_info. Loading data...
2025-06-16 12:52:03,384 - INFO - Fetching driver list...
2025-06-16 12:52:03,405 - INFO - Data has been written to cache!
2025-06-16 12:52:03,406 - INFO - No cached data found for lap_count. Loading data...
2025-06-16 12:52:03,406 - INFO - Fetching lap count data...
2025-06-16 12:52:03,726 - INFO - Data has been written to cache!
2025-06-16 12:52:03,754 - DEBUG - Falling back to livetiming mirror (https://livetiming-mirror.fastf1.dev)
2025-06-16 12:52:04,207 - INFO - No cached data found for session_status_data. Loading data...
2025-06-16 12:52:04,208 - INFO - Fetching session status data...
2025-06-16 12:52:04,396 - INFO - Data has been written to cache!
2025-06-16 12:52:04,398 - INFO - No cached data found for track_status_data. Loading data...
2025-06-16 12:52:04,399 - INFO - Fetching track status data...
2025-06-16 12:52:04,550 - INFO - Data has been written to cache!
2025-06-16 12:52:04,552 - INFO - No cached data found for lap_count. Loading data...
2025-06-16 12:52:04,552 - INFO - Fetching lap count data...
2025-06-16 12:52:04,718 - DEBUG - Falling back to livetiming mirror (https://livetiming-mirror.fastf1.dev)
2025-06-16 12:52:04,907 - INFO - Data has been written to cache!
2025-06-16 12:52:04,908 - INFO - No cached data found for track_status_data. Loading data...
2025-06-16 12:52:04,909 - INFO - Fetching track status data...
2025-06-16 12:52:04,958 - INFO - Data has been written to cache!
2025-06-16 12:52:04,960 - INFO - No cached data found for _extended_timing_data. Loading data...
2025-06-16 12:52:04,960 - INFO - Fetching timing data...
2025-06-16 12:52:05,248 - INFO - Data has been written to cache!
2025-06-16 12:52:05,249 - INFO - No cached data found for _extended_timing_data. Loading data...
2025-06-16 12:52:05,250 - INFO - Fetching timing data...
2025-06-16 12:52:05,288 - DEBUG - Falling back to livetiming mirror (https://livetiming-mirror.fastf1.dev)
2025-06-16 12:52:06,297 - INFO - Parsing timing data...
2025-06-16 12:52:06,915 - INFO - Data has been written to cache!
2025-06-16 12:52:06,916 - INFO - No cached data found for timing_app_data. Loading data...
2025-06-16 12:52:06,916 - INFO - Fetching timing app data...
2025-06-16 12:52:07,355 - INFO - Data has been written to cache!
2025-06-16 12:52:07,356 - INFO - Processing timing data...
2025-06-16 12:52:07,966 - INFO - No cached data found for car_data. Loading data...
2025-06-16 12:52:07,967 - INFO - Fetching car data...
2025-06-16 12:52:08,761 - INFO - Parsing car data...
2025-06-16 12:52:10,441 - INFO - Parsing timing data...
2025-06-16 12:52:11,032 - INFO - Data has been written to cache!
2025-06-16 12:52:11,032 - INFO - No cached data found for timing_app_data. Loading data...
2025-06-16 12:52:11,033 - INFO - Fetching timing app data...
2025-06-16 12:52:11,347 - DEBUG - Falling back to livetiming mirror (https://livetiming-mirror.fastf1.dev)
2025-06-16 12:52:11,640 - INFO - Data has been written to cache!
2025-06-16 12:52:11,645 - INFO - No cached data found for position_data. Loading data...
2025-06-16 12:52:11,645 - INFO - Fetching position data...
2025-06-16 12:52:11,667 - INFO - Data has been written to cache!
2025-06-16 12:52:11,668 - INFO - Processing timing data...
2025-06-16 12:52:12,236 - INFO - No cached data found for car_data. Loading data...
2025-06-16 12:52:12,237 - INFO - Fetching car data...
2025-06-16 12:52:12,330 - INFO - Parsing position data...
2025-06-16 12:52:12,589 - DEBUG - Falling back to livetiming mirror (https://livetiming-mirror.fastf1.dev)
2025-06-16 12:52:13,842 - INFO - Parsing car data...
2025-06-16 12:52:15,616 - INFO - Data has been written to cache!
2025-06-16 12:52:16,407 - INFO - Data has been written to cache!
2025-06-16 12:52:16,409 - INFO - No cached data found for position_data. Loading data...
2025-06-16 12:52:16,409 - INFO - Fetching position data...
2025-06-16 12:52:16,563 - INFO - No cached data found for weather_data. Loading data...
2025-06-16 12:52:16,563 - INFO - Fetching weather data...
2025-06-16 12:52:16,730 - DEBUG - Falling back to livetiming mirror (https://livetiming-mirror.fastf1.dev)
2025-06-16 12:52:16,916 - INFO - Data has been written to cache!
2025-06-16 12:52:16,918 - INFO - No cached data found for race_control_messages. Loading data...
2025-06-16 12:52:16,919 - INFO - Fetching race control messages...
2025-06-16 12:52:17,238 - INFO - Parsing position data...
2025-06-16 12:52:17,264 - INFO - Data has been written to cache!
2025-06-16 12:52:17,267 - WARNING - Driver 44 completed the race distance 00:00.044000 before the recorded end of the session.
2025-06-16 12:52:17,288 - INFO - Finished loading data for 20 drivers: ['44', '33', '55', '3', '77', '14', '4', '7', '11', '63', '18', '5', '10', '31', '16', '99', '22', '9', '6', '47']
2025-06-16 12:52:17,606 - INFO - [EXPORT OK] russian_grand_prix
2025-06-16 12:52:17,614 - INFO - Loading data for Turkish Grand Prix - Race [v3.5.3]
2025-06-16 12:52:17,615 - INFO - No cached data found for session_info. Loading data...
2025-06-16 12:52:17,615 - INFO - Fetching session info data...
2025-06-16 12:52:17,942 - INFO - Data has been written to cache!
2025-06-16 12:52:17,943 - INFO - No cached data found for driver_info. Loading data...
2025-06-16 12:52:17,943 - INFO - Fetching driver list...
2025-06-16 12:52:18,269 - INFO - Data has been written to cache!
2025-06-16 12:52:18,729 - INFO - No cached data found for session_status_data. Loading data...
2025-06-16 12:52:18,730 - INFO - Fetching session status data...
2025-06-16 12:52:19,134 - INFO - Data has been written to cache!
2025-06-16 12:52:19,135 - INFO - No cached data found for lap_count. Loading data...
2025-06-16 12:52:19,135 - INFO - Fetching lap count data...
2025-06-16 12:52:19,543 - INFO - Data has been written to cache!
2025-06-16 12:52:19,544 - INFO - No cached data found for track_status_data. Loading data...
2025-06-16 12:52:19,544 - INFO - Fetching track status data...
2025-06-16 12:52:19,577 - WARNING - Driver 241: Position data is incomplete!
2025-06-16 12:52:19,585 - WARNING - Driver 242: Position data is incomplete!
2025-06-16 12:52:19,592 - WARNING - Driver 243: Position data is incomplete!
2025-06-16 12:52:19,763 - INFO - Data has been written to cache!
2025-06-16 12:52:19,878 - INFO - Data has been written to cache!
2025-06-16 12:52:19,880 - INFO - No cached data found for _extended_timing_data. Loading data...
2025-06-16 12:52:19,881 - INFO - Fetching timing data...
2025-06-16 12:52:20,525 - INFO - No cached data found for weather_data. Loading data...
2025-06-16 12:52:20,526 - INFO - Fetching weather data...
2025-06-16 12:52:20,757 - INFO - Parsing timing data...
2025-06-16 12:52:20,857 - DEBUG - Falling back to livetiming mirror (https://livetiming-mirror.fastf1.dev)
2025-06-16 12:52:21,093 - INFO - Data has been written to cache!
2025-06-16 12:52:21,095 - INFO - No cached data found for race_control_messages. Loading data...
2025-06-16 12:52:21,095 - INFO - Fetching race control messages...
2025-06-16 12:52:21,459 - DEBUG - Falling back to livetiming mirror (https://livetiming-mirror.fastf1.dev)
2025-06-16 12:52:21,535 - INFO - Data has been written to cache!
2025-06-16 12:52:21,536 - INFO - No cached data found for timing_app_data. Loading data...
2025-06-16 12:52:21,536 - INFO - Fetching timing app data...
2025-06-16 12:52:21,741 - INFO - Data has been written to cache!
2025-06-16 12:52:21,806 - INFO - Finished loading data for 20 drivers: ['1', '16', '63', '55', '44', '11', '4', '10', '45', '24', '31', '47', '77', '22', '6', '20', '3', '18', '14', '5']
2025-06-16 12:52:21,910 - INFO - Data has been written to cache!
2025-06-16 12:52:21,912 - INFO - Processing timing data...
2025-06-16 12:52:22,170 - INFO - [EXPORT OK] italian_grand_prix
2025-06-16 12:52:22,177 - INFO - Loading data for Singapore Grand Prix - Race [v3.5.3]
2025-06-16 12:52:22,177 - INFO - No cached data found for session_info. Loading data...
2025-06-16 12:52:22,178 - INFO - Fetching session info data...
2025-06-16 12:52:22,512 - DEBUG - Falling back to livetiming mirror (https://livetiming-mirror.fastf1.dev)
2025-06-16 12:52:22,803 - INFO - No cached data found for car_data. Loading data...
2025-06-16 12:52:22,804 - INFO - Fetching car data...
2025-06-16 12:52:23,041 - INFO - Data has been written to cache!
2025-06-16 12:52:23,043 - INFO - No cached data found for driver_info. Loading data...
2025-06-16 12:52:23,043 - INFO - Fetching driver list...
2025-06-16 12:52:23,375 - DEBUG - Falling back to livetiming mirror (https://livetiming-mirror.fastf1.dev)
2025-06-16 12:52:23,591 - INFO - Parsing car data...
2025-06-16 12:52:23,853 - INFO - Data has been written to cache!
2025-06-16 12:52:23,984 - INFO - No cached data found for session_status_data. Loading data...
2025-06-16 12:52:23,984 - INFO - Fetching session status data...
2025-06-16 12:52:24,426 - DEBUG - Falling back to livetiming mirror (https://livetiming-mirror.fastf1.dev)
2025-06-16 12:52:24,979 - INFO - Data has been written to cache!
2025-06-16 12:52:24,979 - INFO - No cached data found for lap_count. Loading data...
2025-06-16 12:52:24,980 - INFO - Fetching lap count data...
2025-06-16 12:52:25,285 - DEBUG - Falling back to livetiming mirror (https://livetiming-mirror.fastf1.dev)
2025-06-16 12:52:25,555 - INFO - Data has been written to cache!
2025-06-16 12:52:25,556 - INFO - No cached data found for track_status_data. Loading data...
2025-06-16 12:52:25,556 - INFO - Fetching track status data...
2025-06-16 12:52:25,888 - DEBUG - Falling back to livetiming mirror (https://livetiming-mirror.fastf1.dev)
2025-06-16 12:52:26,124 - INFO - Data has been written to cache!
2025-06-16 12:52:26,125 - INFO - No cached data found for _extended_timing_data. Loading data...
2025-06-16 12:52:26,126 - INFO - Fetching timing data...
2025-06-16 12:52:26,503 - DEBUG - Falling back to livetiming mirror (https://livetiming-mirror.fastf1.dev)
2025-06-16 12:52:26,584 - INFO - Data has been written to cache!
2025-06-16 12:52:26,585 - INFO - No cached data found for position_data. Loading data...
2025-06-16 12:52:26,586 - INFO - Fetching position data...
2025-06-16 12:52:27,384 - INFO - Parsing timing data...
2025-06-16 12:52:27,451 - INFO - Parsing position data...
2025-06-16 12:52:27,969 - INFO - Data has been written to cache!
2025-06-16 12:52:27,970 - INFO - No cached data found for timing_app_data. Loading data...
2025-06-16 12:52:27,970 - INFO - Fetching timing app data...
2025-06-16 12:52:28,307 - DEBUG - Falling back to livetiming mirror (https://livetiming-mirror.fastf1.dev)
2025-06-16 12:52:28,628 - INFO - Data has been written to cache!
2025-06-16 12:52:28,628 - INFO - Processing timing data...
2025-06-16 12:52:29,261 - INFO - No cached data found for car_data. Loading data...
2025-06-16 12:52:29,262 - INFO - Fetching car data...
2025-06-16 12:52:29,779 - DEBUG - Falling back to livetiming mirror (https://livetiming-mirror.fastf1.dev)
2025-06-16 12:52:30,437 - INFO - Parsing car data...
2025-06-16 12:52:30,825 - INFO - Data has been written to cache!
2025-06-16 12:52:31,779 - INFO - No cached data found for weather_data. Loading data...
2025-06-16 12:52:31,780 - INFO - Fetching weather data...
2025-06-16 12:52:32,135 - INFO - Data has been written to cache!
2025-06-16 12:52:32,137 - INFO - No cached data found for race_control_messages. Loading data...
2025-06-16 12:52:32,137 - INFO - Fetching race control messages...
2025-06-16 12:52:32,556 - INFO - Data has been written to cache!
2025-06-16 12:52:32,559 - WARNING - Driver 77 completed the race distance 00:00.079000 before the recorded end of the session.
2025-06-16 12:52:32,581 - INFO - Finished loading data for 20 drivers: ['77', '33', '11', '16', '44', '10', '4', '55', '18', '31', '99', '7', '3', '22', '63', '14', '6', '5', '47', '9']
2025-06-16 12:52:32,990 - INFO - [EXPORT OK] turkish_grand_prix
2025-06-16 12:52:32,998 - INFO - Loading data for United States Grand Prix - Race [v3.5.3]
2025-06-16 12:52:32,999 - INFO - No cached data found for session_info. Loading data...
2025-06-16 12:52:32,999 - INFO - Fetching session info data...
2025-06-16 12:52:33,363 - INFO - Data has been written to cache!
2025-06-16 12:52:33,364 - INFO - No cached data found for driver_info. Loading data...
2025-06-16 12:52:33,364 - INFO - Fetching driver list...
2025-06-16 12:52:33,702 - INFO - Data has been written to cache!
2025-06-16 12:52:33,905 - INFO - No cached data found for session_status_data. Loading data...
2025-06-16 12:52:33,905 - INFO - Fetching session status data...
2025-06-16 12:52:34,298 - INFO - Data has been written to cache!
2025-06-16 12:52:34,299 - INFO - No cached data found for lap_count. Loading data...
2025-06-16 12:52:34,299 - INFO - Fetching lap count data...
2025-06-16 12:52:34,708 - INFO - Data has been written to cache!
2025-06-16 12:52:34,709 - INFO - No cached data found for track_status_data. Loading data...
2025-06-16 12:52:34,709 - INFO - Fetching track status data...
2025-06-16 12:52:34,871 - INFO - Data has been written to cache!
2025-06-16 12:52:34,874 - INFO - No cached data found for position_data. Loading data...
2025-06-16 12:52:34,874 - INFO - Fetching position data...
2025-06-16 12:52:35,047 - INFO - Data has been written to cache!
2025-06-16 12:52:35,051 - INFO - No cached data found for _extended_timing_data. Loading data...
2025-06-16 12:52:35,052 - INFO - Fetching timing data...
2025-06-16 12:52:35,194 - DEBUG - Falling back to livetiming mirror (https://livetiming-mirror.fastf1.dev)
2025-06-16 12:52:36,107 - INFO - Parsing timing data...
2025-06-16 12:52:36,478 - INFO - Parsing position data...
2025-06-16 12:52:36,672 - INFO - Data has been written to cache!
2025-06-16 12:52:36,672 - INFO - No cached data found for timing_app_data. Loading data...
2025-06-16 12:52:36,672 - INFO - Fetching timing app data...
2025-06-16 12:52:37,053 - INFO - Data has been written to cache!
2025-06-16 12:52:37,053 - INFO - Processing timing data...
2025-06-16 12:52:37,472 - WARNING - Driver  7: Lap timing integrity check failed for 1 lap(s)
2025-06-16 12:52:38,083 - INFO - No cached data found for car_data. Loading data...
2025-06-16 12:52:38,083 - INFO - Fetching car data...
2025-06-16 12:52:38,789 - INFO - Parsing car data...
2025-06-16 12:52:40,660 - WARNING - Driver 241: Position data is incomplete!
2025-06-16 12:52:40,675 - WARNING - Driver 242: Position data is incomplete!
2025-06-16 12:52:40,686 - WARNING - Driver 243: Position data is incomplete!
2025-06-16 12:52:41,000 - INFO - Data has been written to cache!
2025-06-16 12:52:42,197 - INFO - Data has been written to cache!
2025-06-16 12:52:42,200 - INFO - No cached data found for position_data. Loading data...
2025-06-16 12:52:42,201 - INFO - Fetching position data...
2025-06-16 12:52:42,306 - INFO - No cached data found for weather_data. Loading data...
2025-06-16 12:52:42,309 - INFO - Fetching weather data...
2025-06-16 12:52:42,649 - DEBUG - Falling back to livetiming mirror (https://livetiming-mirror.fastf1.dev)
2025-06-16 12:52:42,982 - INFO - Parsing position data...
2025-06-16 12:52:43,137 - INFO - Data has been written to cache!
2025-06-16 12:52:43,138 - INFO - No cached data found for race_control_messages. Loading data...
2025-06-16 12:52:43,138 - INFO - Fetching race control messages...
2025-06-16 12:52:43,450 - DEBUG - Falling back to livetiming mirror (https://livetiming-mirror.fastf1.dev)
2025-06-16 12:52:43,693 - INFO - Data has been written to cache!
2025-06-16 12:52:43,782 - INFO - Finished loading data for 20 drivers: ['11', '16', '55', '4', '3', '18', '1', '5', '44', '10', '77', '20', '47', '63', '22', '31', '23', '14', '6', '24']
2025-06-16 12:52:44,130 - INFO - [EXPORT OK] singapore_grand_prix
2025-06-16 12:52:44,137 - INFO - Loading data for Japanese Grand Prix - Race [v3.5.3]
2025-06-16 12:52:44,137 - INFO - No cached data found for session_info. Loading data...
2025-06-16 12:52:44,138 - INFO - Fetching session info data...
2025-06-16 12:52:44,526 - DEBUG - Falling back to livetiming mirror (https://livetiming-mirror.fastf1.dev)
2025-06-16 12:52:45,245 - INFO - Data has been written to cache!
2025-06-16 12:52:45,245 - INFO - No cached data found for driver_info. Loading data...
2025-06-16 12:52:45,246 - INFO - Fetching driver list...
2025-06-16 12:52:45,652 - DEBUG - Falling back to livetiming mirror (https://livetiming-mirror.fastf1.dev)
2025-06-16 12:52:45,981 - INFO - Data has been written to cache!
2025-06-16 12:52:46,114 - INFO - No cached data found for session_status_data. Loading data...
2025-06-16 12:52:46,115 - INFO - Fetching session status data...
2025-06-16 12:52:46,238 - INFO - Data has been written to cache!
2025-06-16 12:52:46,551 - DEBUG - Falling back to livetiming mirror (https://livetiming-mirror.fastf1.dev)
2025-06-16 12:52:47,059 - INFO - Data has been written to cache!
2025-06-16 12:52:47,061 - INFO - No cached data found for lap_count. Loading data...
2025-06-16 12:52:47,062 - INFO - Fetching lap count data...
2025-06-16 12:52:47,143 - INFO - No cached data found for weather_data. Loading data...
2025-06-16 12:52:47,144 - INFO - Fetching weather data...
2025-06-16 12:52:47,364 - DEBUG - Falling back to livetiming mirror (https://livetiming-mirror.fastf1.dev)
2025-06-16 12:52:47,475 - INFO - Data has been written to cache!
2025-06-16 12:52:47,478 - INFO - No cached data found for race_control_messages. Loading data...
2025-06-16 12:52:47,479 - INFO - Fetching race control messages...
2025-06-16 12:52:47,686 - INFO - Data has been written to cache!
2025-06-16 12:52:47,688 - INFO - No cached data found for track_status_data. Loading data...
2025-06-16 12:52:47,688 - INFO - Fetching track status data...
2025-06-16 12:52:47,818 - INFO - Data has been written to cache!
2025-06-16 12:52:47,822 - WARNING - Driver 33 completed the race distance 00:00.059000 before the recorded end of the session.
2025-06-16 12:52:47,860 - INFO - Finished loading data for 20 drivers: ['33', '44', '11', '16', '3', '77', '55', '4', '22', '5', '99', '18', '7', '63', '6', '47', '9', '14', '31', '10']
2025-06-16 12:52:48,015 - DEBUG - Falling back to livetiming mirror (https://livetiming-mirror.fastf1.dev)
2025-06-16 12:52:48,210 - INFO - [EXPORT OK] united_states_grand_prix
2025-06-16 12:52:48,218 - INFO - Loading data for Mexico City Grand Prix - Race [v3.5.3]
2025-06-16 12:52:48,218 - INFO - No cached data found for session_info. Loading data...
2025-06-16 12:52:48,218 - INFO - Fetching session info data...
2025-06-16 12:52:48,634 - INFO - Data has been written to cache!
2025-06-16 12:52:48,635 - INFO - No cached data found for driver_info. Loading data...
2025-06-16 12:52:48,635 - INFO - Fetching driver list...
2025-06-16 12:52:48,635 - INFO - Data has been written to cache!
2025-06-16 12:52:48,637 - INFO - No cached data found for _extended_timing_data. Loading data...
2025-06-16 12:52:48,637 - INFO - Fetching timing data...
2025-06-16 12:52:49,032 - DEBUG - Falling back to livetiming mirror (https://livetiming-mirror.fastf1.dev)
2025-06-16 12:52:49,048 - INFO - Data has been written to cache!
2025-06-16 12:52:49,259 - INFO - No cached data found for session_status_data. Loading data...
2025-06-16 12:52:49,260 - INFO - Fetching session status data...
2025-06-16 12:52:49,649 - INFO - Data has been written to cache!
2025-06-16 12:52:49,650 - INFO - No cached data found for lap_count. Loading data...
2025-06-16 12:52:49,650 - INFO - Fetching lap count data...
2025-06-16 12:52:49,694 - INFO - Parsing timing data...
2025-06-16 12:52:49,969 - INFO - Data has been written to cache!
2025-06-16 12:52:49,969 - INFO - No cached data found for track_status_data. Loading data...
2025-06-16 12:52:49,969 - INFO - Fetching track status data...
2025-06-16 12:52:50,004 - INFO - Data has been written to cache!
2025-06-16 12:52:50,005 - INFO - No cached data found for timing_app_data. Loading data...
2025-06-16 12:52:50,005 - INFO - Fetching timing app data...
2025-06-16 12:52:50,290 - INFO - Data has been written to cache!
2025-06-16 12:52:50,291 - INFO - No cached data found for _extended_timing_data. Loading data...
2025-06-16 12:52:50,292 - INFO - Fetching timing data...
2025-06-16 12:52:50,343 - DEBUG - Falling back to livetiming mirror (https://livetiming-mirror.fastf1.dev)
2025-06-16 12:52:50,616 - INFO - Data has been written to cache!
2025-06-16 12:52:50,617 - INFO - Processing timing data...
2025-06-16 12:52:51,117 - INFO - No cached data found for car_data. Loading data...
2025-06-16 12:52:51,118 - INFO - Fetching car data...
2025-06-16 12:52:51,281 - INFO - Parsing timing data...
2025-06-16 12:52:51,471 - DEBUG - Falling back to livetiming mirror (https://livetiming-mirror.fastf1.dev)
2025-06-16 12:52:51,934 - INFO - Data has been written to cache!
2025-06-16 12:52:51,935 - INFO - No cached data found for timing_app_data. Loading data...
2025-06-16 12:52:51,935 - INFO - Fetching timing app data...
2025-06-16 12:52:52,016 - INFO - Parsing car data...
2025-06-16 12:52:52,474 - INFO - Data has been written to cache!
2025-06-16 12:52:52,474 - INFO - Processing timing data...
2025-06-16 12:52:53,439 - INFO - No cached data found for car_data. Loading data...
2025-06-16 12:52:53,440 - INFO - Fetching car data...
2025-06-16 12:52:54,048 - INFO - Parsing car data...
2025-06-16 12:52:56,259 - INFO - Data has been written to cache!
2025-06-16 12:52:56,261 - INFO - No cached data found for position_data. Loading data...
2025-06-16 12:52:56,261 - INFO - Fetching position data...
2025-06-16 12:52:56,611 - DEBUG - Falling back to livetiming mirror (https://livetiming-mirror.fastf1.dev)
2025-06-16 12:52:57,187 - INFO - Data has been written to cache!
2025-06-16 12:52:57,191 - INFO - No cached data found for position_data. Loading data...
2025-06-16 12:52:57,192 - INFO - Fetching position data...
2025-06-16 12:52:57,207 - INFO - Parsing position data...
2025-06-16 12:52:57,944 - INFO - Parsing position data...
2025-06-16 12:53:01,340 - WARNING - Driver 241: Position data is incomplete!
2025-06-16 12:53:01,371 - WARNING - Driver 242: Position data is incomplete!
2025-06-16 12:53:01,390 - WARNING - Driver 243: Position data is incomplete!
2025-06-16 12:53:01,534 - WARNING - Driver 241: Position data is incomplete!
2025-06-16 12:53:01,549 - WARNING - Driver 242: Position data is incomplete!
2025-06-16 12:53:01,565 - WARNING - Driver 243: Position data is incomplete!
2025-06-16 12:53:01,704 - INFO - Data has been written to cache!
2025-06-16 12:53:01,941 - INFO - Data has been written to cache!
2025-06-16 12:53:02,759 - INFO - No cached data found for weather_data. Loading data...
2025-06-16 12:53:02,760 - INFO - Fetching weather data...
2025-06-16 12:53:03,096 - INFO - Data has been written to cache!
2025-06-16 12:53:03,097 - INFO - No cached data found for race_control_messages. Loading data...
2025-06-16 12:53:03,098 - INFO - Fetching race control messages...
2025-06-16 12:53:03,332 - INFO - No cached data found for weather_data. Loading data...
2025-06-16 12:53:03,333 - INFO - Fetching weather data...
2025-06-16 12:53:03,429 - INFO - Data has been written to cache!
2025-06-16 12:53:03,433 - WARNING - Driver 33 completed the race distance 00:00.032000 before the recorded end of the session.
2025-06-16 12:53:03,506 - INFO - Finished loading data for 20 drivers: ['33', '44', '11', '10', '16', '55', '5', '7', '14', '4', '99', '3', '31', '18', '77', '63', '6', '9', '47', '22']
2025-06-16 12:53:03,663 - DEBUG - Falling back to livetiming mirror (https://livetiming-mirror.fastf1.dev)
2025-06-16 12:53:03,898 - INFO - [EXPORT OK] mexico_city_grand_prix
2025-06-16 12:53:03,905 - INFO - Loading data for Qatar Grand Prix - Race [v3.5.3]
2025-06-16 12:53:03,906 - INFO - No cached data found for session_info. Loading data...
2025-06-16 12:53:03,906 - INFO - Fetching session info data...
2025-06-16 12:53:03,918 - INFO - Data has been written to cache!
2025-06-16 12:53:03,920 - INFO - No cached data found for race_control_messages. Loading data...
2025-06-16 12:53:03,920 - INFO - Fetching race control messages...
2025-06-16 12:53:04,291 - DEBUG - Falling back to livetiming mirror (https://livetiming-mirror.fastf1.dev)
2025-06-16 12:53:04,301 - INFO - Data has been written to cache!
2025-06-16 12:53:04,302 - INFO - No cached data found for driver_info. Loading data...
2025-06-16 12:53:04,303 - INFO - Fetching driver list...
2025-06-16 12:53:04,541 - INFO - Data has been written to cache!
2025-06-16 12:53:04,578 - INFO - Finished loading data for 20 drivers: ['1', '11', '16', '31', '44', '5', '14', '63', '6', '4', '3', '18', '22', '20', '77', '24', '47', '10', '55', '23']
2025-06-16 12:53:04,644 - INFO - Data has been written to cache!
2025-06-16 12:53:05,054 - INFO - [EXPORT OK] japanese_grand_prix
2025-06-16 12:53:05,067 - INFO - No cached data found for session_status_data. Loading data...
2025-06-16 12:53:05,069 - INFO - Fetching session status data...
2025-06-16 12:53:05,072 - INFO - Loading data for United States Grand Prix - Race [v3.5.3]
2025-06-16 12:53:05,073 - INFO - No cached data found for session_info. Loading data...
2025-06-16 12:53:05,073 - INFO - Fetching session info data...
2025-06-16 12:53:05,386 - DEBUG - Falling back to livetiming mirror (https://livetiming-mirror.fastf1.dev)
2025-06-16 12:53:05,385 - INFO - Data has been written to cache!
2025-06-16 12:53:05,387 - INFO - No cached data found for lap_count. Loading data...
2025-06-16 12:53:05,387 - INFO - Fetching lap count data...
2025-06-16 12:53:05,735 - INFO - Data has been written to cache!
2025-06-16 12:53:05,736 - INFO - No cached data found for track_status_data. Loading data...
2025-06-16 12:53:05,737 - INFO - Fetching track status data...
2025-06-16 12:53:05,870 - INFO - Data has been written to cache!
2025-06-16 12:53:05,872 - INFO - No cached data found for driver_info. Loading data...
2025-06-16 12:53:05,872 - INFO - Fetching driver list...
2025-06-16 12:53:06,069 - INFO - Data has been written to cache!
2025-06-16 12:53:06,070 - INFO - No cached data found for _extended_timing_data. Loading data...
2025-06-16 12:53:06,071 - INFO - Fetching timing data...
2025-06-16 12:53:06,201 - DEBUG - Falling back to livetiming mirror (https://livetiming-mirror.fastf1.dev)
2025-06-16 12:53:06,458 - INFO - Data has been written to cache!
2025-06-16 12:53:06,608 - INFO - No cached data found for session_status_data. Loading data...
2025-06-16 12:53:06,609 - INFO - Fetching session status data...
2025-06-16 12:53:06,899 - INFO - Parsing timing data...
2025-06-16 12:53:07,055 - DEBUG - Falling back to livetiming mirror (https://livetiming-mirror.fastf1.dev)
2025-06-16 12:53:07,277 - INFO - Data has been written to cache!
2025-06-16 12:53:07,277 - INFO - No cached data found for lap_count. Loading data...
2025-06-16 12:53:07,278 - INFO - Fetching lap count data...
2025-06-16 12:53:07,507 - INFO - Data has been written to cache!
2025-06-16 12:53:07,507 - INFO - No cached data found for timing_app_data. Loading data...
2025-06-16 12:53:07,508 - INFO - Fetching timing app data...
2025-06-16 12:53:07,612 - DEBUG - Falling back to livetiming mirror (https://livetiming-mirror.fastf1.dev)
2025-06-16 12:53:08,026 - INFO - Data has been written to cache!
2025-06-16 12:53:08,026 - INFO - Processing timing data...
2025-06-16 12:53:08,104 - INFO - Data has been written to cache!
2025-06-16 12:53:08,105 - INFO - No cached data found for track_status_data. Loading data...
2025-06-16 12:53:08,105 - INFO - Fetching track status data...
2025-06-16 12:53:08,489 - DEBUG - Falling back to livetiming mirror (https://livetiming-mirror.fastf1.dev)
2025-06-16 12:53:08,679 - INFO - No cached data found for car_data. Loading data...
2025-06-16 12:53:08,680 - INFO - Fetching car data...
2025-06-16 12:53:08,724 - INFO - Data has been written to cache!
2025-06-16 12:53:08,725 - INFO - No cached data found for _extended_timing_data. Loading data...
2025-06-16 12:53:08,726 - INFO - Fetching timing data...
2025-06-16 12:53:09,215 - DEBUG - Falling back to livetiming mirror (https://livetiming-mirror.fastf1.dev)
2025-06-16 12:53:09,669 - INFO - Parsing car data...
2025-06-16 12:53:10,214 - INFO - Parsing timing data...
2025-06-16 12:53:10,401 - WARNING - Driver 10: Ignoring late data for a previously processed lap.The data may contain errors (previous: 6; current 7)
2025-06-16 12:53:10,447 - WARNING - Driver 20: Ignoring late data for a previously processed lap.The data may contain errors (previous: 31; current 32)
2025-06-16 12:53:10,690 - WARNING - Failed to align laps for drivers: ['55']
2025-06-16 12:53:10,739 - INFO - Data has been written to cache!
2025-06-16 12:53:10,740 - INFO - No cached data found for timing_app_data. Loading data...
2025-06-16 12:53:10,740 - INFO - Fetching timing app data...
2025-06-16 12:53:11,105 - DEBUG - Falling back to livetiming mirror (https://livetiming-mirror.fastf1.dev)
2025-06-16 12:53:11,406 - INFO - Data has been written to cache!
2025-06-16 12:53:11,407 - INFO - Processing timing data...
2025-06-16 12:53:11,990 - INFO - No cached data found for car_data. Loading data...
2025-06-16 12:53:11,990 - INFO - Fetching car data...
2025-06-16 12:53:12,483 - DEBUG - Falling back to livetiming mirror (https://livetiming-mirror.fastf1.dev)
2025-06-16 12:53:12,538 - INFO - Data has been written to cache!
2025-06-16 12:53:12,539 - INFO - No cached data found for position_data. Loading data...
2025-06-16 12:53:12,540 - INFO - Fetching position data...
2025-06-16 12:53:13,042 - INFO - Parsing car data...
2025-06-16 12:53:13,298 - INFO - Parsing position data...
2025-06-16 12:53:15,983 - INFO - Data has been written to cache!
2025-06-16 12:53:15,985 - INFO - No cached data found for position_data. Loading data...
2025-06-16 12:53:15,986 - INFO - Fetching position data...
2025-06-16 12:53:16,372 - DEBUG - Falling back to livetiming mirror (https://livetiming-mirror.fastf1.dev)
2025-06-16 12:53:16,447 - INFO - Data has been written to cache!
2025-06-16 12:53:16,962 - INFO - Parsing position data...
2025-06-16 12:53:17,329 - INFO - No cached data found for weather_data. Loading data...
2025-06-16 12:53:17,329 - INFO - Fetching weather data...
2025-06-16 12:53:17,663 - INFO - Data has been written to cache!
2025-06-16 12:53:17,664 - INFO - No cached data found for race_control_messages. Loading data...
2025-06-16 12:53:17,664 - INFO - Fetching race control messages...
2025-06-16 12:53:18,113 - INFO - Data has been written to cache!
2025-06-16 12:53:18,118 - WARNING - Driver 44 completed the race distance 00:00.037000 before the recorded end of the session.
2025-06-16 12:53:18,164 - INFO - Finished loading data for 20 drivers: ['44', '33', '14', '11', '31', '18', '55', '16', '4', '5', '10', '3', '22', '7', '99', '47', '63', '9', '6', '77']
2025-06-16 12:53:18,629 - INFO - [EXPORT OK] qatar_grand_prix
2025-06-16 12:53:18,642 - INFO - Loading data for Saudi Arabian Grand Prix - Race [v3.5.3]
2025-06-16 12:53:18,643 - INFO - No cached data found for session_info. Loading data...
2025-06-16 12:53:18,643 - INFO - Fetching session info data...
2025-06-16 12:53:19,058 - INFO - Data has been written to cache!
2025-06-16 12:53:19,084 - INFO - No cached data found for driver_info. Loading data...
2025-06-16 12:53:19,123 - INFO - Fetching driver list...
2025-06-16 12:53:19,530 - INFO - Data has been written to cache!
2025-06-16 12:53:19,998 - INFO - No cached data found for session_status_data. Loading data...
2025-06-16 12:53:20,000 - INFO - Fetching session status data...
2025-06-16 12:53:20,338 - INFO - Data has been written to cache!
2025-06-16 12:53:20,339 - INFO - No cached data found for lap_count. Loading data...
2025-06-16 12:53:20,339 - INFO - Fetching lap count data...
2025-06-16 12:53:20,666 - INFO - Data has been written to cache!
2025-06-16 12:53:20,667 - INFO - No cached data found for track_status_data. Loading data...
2025-06-16 12:53:20,667 - INFO - Fetching track status data...
2025-06-16 12:53:20,808 - WARNING - Driver 241: Position data is incomplete!
2025-06-16 12:53:20,816 - WARNING - Driver 242: Position data is incomplete!
2025-06-16 12:53:20,823 - WARNING - Driver 243: Position data is incomplete!
2025-06-16 12:53:20,992 - INFO - Data has been written to cache!
2025-06-16 12:53:20,994 - INFO - No cached data found for _extended_timing_data. Loading data...
2025-06-16 12:53:20,994 - INFO - Fetching timing data...
2025-06-16 12:53:21,036 - INFO - Data has been written to cache!
2025-06-16 12:53:21,943 - INFO - Parsing timing data...
2025-06-16 12:53:22,144 - INFO - No cached data found for weather_data. Loading data...
2025-06-16 12:53:22,144 - INFO - Fetching weather data...
2025-06-16 12:53:22,468 - INFO - Data has been written to cache!
2025-06-16 12:53:22,468 - INFO - No cached data found for timing_app_data. Loading data...
2025-06-16 12:53:22,469 - INFO - Fetching timing app data...
2025-06-16 12:53:22,495 - DEBUG - Falling back to livetiming mirror (https://livetiming-mirror.fastf1.dev)
2025-06-16 12:53:22,926 - INFO - Data has been written to cache!
2025-06-16 12:53:22,927 - INFO - Processing timing data...
2025-06-16 12:53:23,104 - INFO - Data has been written to cache!
2025-06-16 12:53:23,105 - INFO - No cached data found for race_control_messages. Loading data...
2025-06-16 12:53:23,106 - INFO - Fetching race control messages...
2025-06-16 12:53:23,416 - DEBUG - Falling back to livetiming mirror (https://livetiming-mirror.fastf1.dev)
2025-06-16 12:53:23,670 - INFO - Data has been written to cache!
2025-06-16 12:53:23,740 - INFO - No cached data found for car_data. Loading data...
2025-06-16 12:53:23,740 - INFO - Fetching car data...
2025-06-16 12:53:23,758 - INFO - Finished loading data for 20 drivers: ['1', '44', '16', '11', '63', '4', '14', '5', '20', '22', '31', '24', '23', '10', '47', '3', '6', '18', '77', '55']
2025-06-16 12:53:24,111 - INFO - [EXPORT OK] united_states_grand_prix
2025-06-16 12:53:24,237 - INFO - Loading data for Mexico City Grand Prix - Race [v3.5.3]
2025-06-16 12:53:24,238 - INFO - No cached data found for session_info. Loading data...
2025-06-16 12:53:24,238 - INFO - Fetching session info data...
2025-06-16 12:53:24,436 - INFO - Parsing car data...
2025-06-16 12:53:24,770 - DEBUG - Falling back to livetiming mirror (https://livetiming-mirror.fastf1.dev)
2025-06-16 12:53:25,091 - INFO - Data has been written to cache!
2025-06-16 12:53:25,093 - INFO - No cached data found for driver_info. Loading data...
2025-06-16 12:53:25,093 - INFO - Fetching driver list...
2025-06-16 12:53:25,412 - DEBUG - Falling back to livetiming mirror (https://livetiming-mirror.fastf1.dev)
2025-06-16 12:53:25,665 - INFO - Data has been written to cache!
2025-06-16 12:53:25,806 - INFO - No cached data found for session_status_data. Loading data...
2025-06-16 12:53:25,806 - INFO - Fetching session status data...
2025-06-16 12:53:26,252 - DEBUG - Falling back to livetiming mirror (https://livetiming-mirror.fastf1.dev)
2025-06-16 12:53:26,550 - INFO - Data has been written to cache!
2025-06-16 12:53:26,551 - INFO - No cached data found for lap_count. Loading data...
2025-06-16 12:53:26,551 - INFO - Fetching lap count data...
2025-06-16 12:53:26,908 - DEBUG - Falling back to livetiming mirror (https://livetiming-mirror.fastf1.dev)
2025-06-16 12:53:27,181 - INFO - Data has been written to cache!
2025-06-16 12:53:27,181 - INFO - No cached data found for track_status_data. Loading data...
2025-06-16 12:53:27,181 - INFO - Fetching track status data...
2025-06-16 12:53:27,497 - DEBUG - Falling back to livetiming mirror (https://livetiming-mirror.fastf1.dev)
2025-06-16 12:53:27,843 - INFO - Data has been written to cache!
2025-06-16 12:53:27,845 - INFO - No cached data found for _extended_timing_data. Loading data...
2025-06-16 12:53:27,845 - INFO - Fetching timing data...
2025-06-16 12:53:28,161 - DEBUG - Falling back to livetiming mirror (https://livetiming-mirror.fastf1.dev)
2025-06-16 12:53:28,359 - INFO - Data has been written to cache!
2025-06-16 12:53:28,361 - INFO - No cached data found for position_data. Loading data...
2025-06-16 12:53:28,362 - INFO - Fetching position data...
2025-06-16 12:53:29,054 - INFO - Parsing timing data...
2025-06-16 12:53:29,432 - INFO - Parsing position data...
2025-06-16 12:53:29,775 - INFO - Data has been written to cache!
2025-06-16 12:53:29,776 - INFO - No cached data found for timing_app_data. Loading data...
2025-06-16 12:53:29,776 - INFO - Fetching timing app data...
2025-06-16 12:53:30,107 - DEBUG - Falling back to livetiming mirror (https://livetiming-mirror.fastf1.dev)
2025-06-16 12:53:30,411 - INFO - Data has been written to cache!
2025-06-16 12:53:30,412 - INFO - Processing timing data...
2025-06-16 12:53:31,186 - INFO - No cached data found for car_data. Loading data...
2025-06-16 12:53:31,186 - INFO - Fetching car data...
2025-06-16 12:53:31,578 - DEBUG - Falling back to livetiming mirror (https://livetiming-mirror.fastf1.dev)
2025-06-16 12:53:32,493 - INFO - Parsing car data...
2025-06-16 12:53:33,476 - WARNING - Driver 241: Position data is incomplete!
2025-06-16 12:53:33,487 - WARNING - Driver 242: Position data is incomplete!
2025-06-16 12:53:33,501 - WARNING - Driver 243: Position data is incomplete!
2025-06-16 12:53:33,782 - INFO - Data has been written to cache!
2025-06-16 12:53:34,894 - INFO - No cached data found for weather_data. Loading data...
2025-06-16 12:53:34,895 - INFO - Fetching weather data...
2025-06-16 12:53:35,312 - INFO - Data has been written to cache!
2025-06-16 12:53:35,314 - INFO - No cached data found for position_data. Loading data...
2025-06-16 12:53:35,314 - INFO - Fetching position data...
2025-06-16 12:53:35,328 - INFO - Data has been written to cache!
2025-06-16 12:53:35,329 - INFO - No cached data found for race_control_messages. Loading data...
2025-06-16 12:53:35,330 - INFO - Fetching race control messages...
2025-06-16 12:53:35,666 - DEBUG - Falling back to livetiming mirror (https://livetiming-mirror.fastf1.dev)
2025-06-16 12:53:35,679 - INFO - Data has been written to cache!
2025-06-16 12:53:35,684 - WARNING - Driver 44 completed the race distance 00:00.180000 before the recorded end of the session.
2025-06-16 12:53:35,761 - INFO - Finished loading data for 20 drivers: ['44', '33', '77', '31', '3', '10', '16', '55', '99', '4', '18', '6', '14', '22', '7', '5', '11', '9', '63', '47']
2025-06-16 12:53:36,092 - INFO - [EXPORT OK] saudi_arabian_grand_prix
2025-06-16 12:53:36,099 - INFO - Loading data for Abu Dhabi Grand Prix - Race [v3.5.3]
2025-06-16 12:53:36,099 - INFO - No cached data found for session_info. Loading data...
2025-06-16 12:53:36,100 - INFO - Fetching session info data...
2025-06-16 12:53:36,468 - INFO - Data has been written to cache!
2025-06-16 12:53:36,469 - INFO - No cached data found for driver_info. Loading data...
2025-06-16 12:53:36,470 - INFO - Fetching driver list...
2025-06-16 12:53:36,713 - INFO - Parsing position data...
2025-06-16 12:53:36,828 - INFO - Data has been written to cache!
2025-06-16 12:53:37,026 - INFO - No cached data found for session_status_data. Loading data...
2025-06-16 12:53:37,026 - INFO - Fetching session status data...
2025-06-16 12:53:37,472 - INFO - Data has been written to cache!
2025-06-16 12:53:37,473 - INFO - No cached data found for lap_count. Loading data...
2025-06-16 12:53:37,473 - INFO - Fetching lap count data...
2025-06-16 12:53:37,804 - INFO - Data has been written to cache!
2025-06-16 12:53:37,807 - INFO - No cached data found for track_status_data. Loading data...
2025-06-16 12:53:37,807 - INFO - Fetching track status data...
2025-06-16 12:53:38,131 - INFO - Data has been written to cache!
2025-06-16 12:53:38,134 - INFO - No cached data found for _extended_timing_data. Loading data...
2025-06-16 12:53:38,135 - INFO - Fetching timing data...
2025-06-16 12:53:39,132 - INFO - Parsing timing data...
2025-06-16 12:53:39,500 - INFO - Data has been written to cache!
2025-06-16 12:53:39,742 - INFO - Data has been written to cache!
2025-06-16 12:53:39,744 - INFO - No cached data found for timing_app_data. Loading data...
2025-06-16 12:53:39,744 - INFO - Fetching timing app data...
2025-06-16 12:53:40,181 - INFO - Data has been written to cache!
2025-06-16 12:53:40,181 - INFO - Processing timing data...
2025-06-16 12:53:40,319 - INFO - No cached data found for weather_data. Loading data...
2025-06-16 12:53:40,319 - INFO - Fetching weather data...
2025-06-16 12:53:40,507 - WARNING - No lap data for driver 9
2025-06-16 12:53:40,636 - WARNING - Failed to perform lap accuracy check - all laps marked as inaccurate (driver 9)
2025-06-16 12:53:40,653 - DEBUG - Falling back to livetiming mirror (https://livetiming-mirror.fastf1.dev)
2025-06-16 12:53:41,061 - INFO - No cached data found for car_data. Loading data...
2025-06-16 12:53:41,062 - INFO - Fetching car data...
2025-06-16 12:53:41,103 - INFO - Data has been written to cache!
2025-06-16 12:53:41,104 - INFO - No cached data found for race_control_messages. Loading data...
2025-06-16 12:53:41,104 - INFO - Fetching race control messages...
2025-06-16 12:53:41,425 - DEBUG - Falling back to livetiming mirror (https://livetiming-mirror.fastf1.dev)
2025-06-16 12:53:41,720 - INFO - Data has been written to cache!
2025-06-16 12:53:41,759 - INFO - Finished loading data for 20 drivers: ['1', '44', '11', '63', '55', '16', '3', '31', '4', '77', '10', '23', '24', '5', '18', '47', '20', '6', '14', '22']
2025-06-16 12:53:41,821 - INFO - Parsing car data...
2025-06-16 12:53:42,166 - INFO - [EXPORT OK] mexico_city_grand_prix
2025-06-16 12:53:42,173 - INFO - Loading data for Abu Dhabi Grand Prix - Race [v3.5.3]
2025-06-16 12:53:42,173 - INFO - No cached data found for session_info. Loading data...
2025-06-16 12:53:42,174 - INFO - Fetching session info data...
2025-06-16 12:53:42,493 - DEBUG - Falling back to livetiming mirror (https://livetiming-mirror.fastf1.dev)
2025-06-16 12:53:42,751 - INFO - Data has been written to cache!
2025-06-16 12:53:42,752 - INFO - No cached data found for driver_info. Loading data...
2025-06-16 12:53:42,752 - INFO - Fetching driver list...
2025-06-16 12:53:43,083 - DEBUG - Falling back to livetiming mirror (https://livetiming-mirror.fastf1.dev)
2025-06-16 12:53:43,498 - INFO - Data has been written to cache!
2025-06-16 12:53:43,626 - INFO - No cached data found for session_status_data. Loading data...
2025-06-16 12:53:43,627 - INFO - Fetching session status data...
2025-06-16 12:53:44,124 - DEBUG - Falling back to livetiming mirror (https://livetiming-mirror.fastf1.dev)
2025-06-16 12:53:44,697 - INFO - Data has been written to cache!
2025-06-16 12:53:44,698 - INFO - No cached data found for lap_count. Loading data...
2025-06-16 12:53:44,698 - INFO - Fetching lap count data...
2025-06-16 12:53:44,776 - INFO - Data has been written to cache!
2025-06-16 12:53:44,778 - INFO - No cached data found for position_data. Loading data...
2025-06-16 12:53:44,778 - INFO - Fetching position data...
2025-06-16 12:53:45,022 - DEBUG - Falling back to livetiming mirror (https://livetiming-mirror.fastf1.dev)
2025-06-16 12:53:45,269 - INFO - Data has been written to cache!
2025-06-16 12:53:45,270 - INFO - No cached data found for track_status_data. Loading data...
2025-06-16 12:53:45,271 - INFO - Fetching track status data...
2025-06-16 12:53:45,586 - INFO - Parsing position data...
2025-06-16 12:53:45,641 - DEBUG - Falling back to livetiming mirror (https://livetiming-mirror.fastf1.dev)
2025-06-16 12:53:46,049 - INFO - Data has been written to cache!
2025-06-16 12:53:46,074 - INFO - No cached data found for _extended_timing_data. Loading data...
2025-06-16 12:53:46,077 - INFO - Fetching timing data...
2025-06-16 12:53:46,452 - DEBUG - Falling back to livetiming mirror (https://livetiming-mirror.fastf1.dev)
2025-06-16 12:53:47,962 - INFO - Parsing timing data...
2025-06-16 12:53:48,614 - INFO - Data has been written to cache!
2025-06-16 12:53:48,615 - INFO - No cached data found for timing_app_data. Loading data...
2025-06-16 12:53:48,615 - INFO - Fetching timing app data...
2025-06-16 12:53:48,722 - WARNING - Driver 241: Position data is incomplete!
2025-06-16 12:53:48,732 - WARNING - Driver 242: Position data is incomplete!
2025-06-16 12:53:48,741 - WARNING - Driver 243: Position data is incomplete!
2025-06-16 12:53:48,950 - DEBUG - Falling back to livetiming mirror (https://livetiming-mirror.fastf1.dev)
2025-06-16 12:53:48,969 - INFO - Data has been written to cache!
2025-06-16 12:53:49,676 - INFO - Data has been written to cache!
2025-06-16 12:53:49,677 - INFO - Processing timing data...
2025-06-16 12:53:49,889 - INFO - No cached data found for weather_data. Loading data...
2025-06-16 12:53:49,889 - INFO - Fetching weather data...
2025-06-16 12:53:50,243 - INFO - Data has been written to cache!
2025-06-16 12:53:50,244 - INFO - No cached data found for race_control_messages. Loading data...
2025-06-16 12:53:50,245 - INFO - Fetching race control messages...
2025-06-16 12:53:50,294 - INFO - No cached data found for car_data. Loading data...
2025-06-16 12:53:50,295 - INFO - Fetching car data...
2025-06-16 12:53:50,581 - INFO - Data has been written to cache!
2025-06-16 12:53:50,587 - WARNING - Driver 33 completed the race distance 00:00.035000 before the recorded end of the session.
2025-06-16 12:53:50,638 - INFO - Finished loading data for 20 drivers: ['33', '44', '55', '22', '10', '77', '4', '14', '31', '16', '5', '3', '18', '47', '11', '6', '99', '63', '7', '9']
2025-06-16 12:53:50,695 - DEBUG - Falling back to livetiming mirror (https://livetiming-mirror.fastf1.dev)
2025-06-16 12:53:50,966 - INFO - [EXPORT OK] abu_dhabi_grand_prix
2025-06-16 12:53:51,245 - INFO - Parsing car data...
2025-06-16 12:53:53,967 - INFO - Data has been written to cache!
2025-06-16 12:53:53,969 - INFO - No cached data found for position_data. Loading data...
2025-06-16 12:53:53,969 - INFO - Fetching position data...
2025-06-16 12:53:54,491 - DEBUG - Falling back to livetiming mirror (https://livetiming-mirror.fastf1.dev)
2025-06-16 12:53:55,042 - INFO - Parsing position data...
2025-06-16 12:53:57,607 - INFO - Data has been written to cache!
2025-06-16 12:53:58,379 - INFO - No cached data found for weather_data. Loading data...
2025-06-16 12:53:58,380 - INFO - Fetching weather data...
2025-06-16 12:53:58,772 - DEBUG - Falling back to livetiming mirror (https://livetiming-mirror.fastf1.dev)
2025-06-16 12:53:59,510 - INFO - Data has been written to cache!
2025-06-16 12:53:59,513 - INFO - No cached data found for race_control_messages. Loading data...
2025-06-16 12:53:59,513 - INFO - Fetching race control messages...
2025-06-16 12:53:59,842 - DEBUG - Falling back to livetiming mirror (https://livetiming-mirror.fastf1.dev)
2025-06-16 12:54:00,434 - INFO - Data has been written to cache!
2025-06-16 12:54:00,483 - INFO - Finished loading data for 20 drivers: ['1', '16', '11', '55', '63', '4', '31', '18', '3', '5', '22', '24', '23', '10', '77', '47', '20', '44', '6', '14']
2025-06-16 12:54:00,977 - INFO - [EXPORT OK] abu_dhabi_grand_prix
