2025-06-13 12:59:29,219 - INFO - Loading data for Bahrain Grand Prix - Race [v3.5.3]
2025-06-13 12:59:29,219 - INFO - No cached data found for session_info. Loading data...
2025-06-13 12:59:29,219 - INFO - Fetching session info data...
2025-06-13 12:59:29,900 - INFO - Data has been written to cache!
2025-06-13 12:59:29,906 - INFO - No cached data found for driver_info. Loading data...
2025-06-13 12:59:29,907 - INFO - Fetching driver list...
2025-06-13 12:59:30,395 - INFO - Data has been written to cache!
2025-06-13 12:59:30,952 - INFO - No cached data found for session_status_data. Loading data...
2025-06-13 12:59:30,953 - INFO - Fetching session status data...
2025-06-13 12:59:31,311 - INFO - Data has been written to cache!
2025-06-13 12:59:31,313 - INFO - No cached data found for lap_count. Loading data...
2025-06-13 12:59:31,313 - INFO - Fetching lap count data...
2025-06-13 12:59:31,661 - INFO - Data has been written to cache!
2025-06-13 12:59:31,661 - INFO - No cached data found for track_status_data. Loading data...
2025-06-13 12:59:31,662 - INFO - Fetching track status data...
2025-06-13 12:59:32,000 - INFO - Data has been written to cache!
2025-06-13 12:59:32,001 - INFO - No cached data found for _extended_timing_data. Loading data...
2025-06-13 12:59:32,001 - INFO - Fetching timing data...
2025-06-13 12:59:33,338 - INFO - Parsing timing data...
2025-06-13 12:59:34,230 - INFO - Data has been written to cache!
2025-06-13 12:59:34,230 - INFO - No cached data found for timing_app_data. Loading data...
2025-06-13 12:59:34,231 - INFO - Fetching timing app data...
2025-06-13 12:59:34,660 - INFO - Data has been written to cache!
2025-06-13 12:59:34,661 - INFO - Processing timing data...
2025-06-13 12:59:35,247 - INFO - No cached data found for car_data. Loading data...
2025-06-13 12:59:35,248 - INFO - Fetching car data...
2025-06-13 12:59:36,407 - INFO - Parsing car data...
2025-06-13 12:59:39,380 - INFO - Data has been written to cache!
2025-06-13 12:59:39,382 - INFO - No cached data found for position_data. Loading data...
2025-06-13 12:59:39,383 - INFO - Fetching position data...
2025-06-13 12:59:40,506 - INFO - Parsing position data...
2025-06-13 12:59:43,212 - INFO - Data has been written to cache!
2025-06-13 12:59:43,991 - INFO - No cached data found for weather_data. Loading data...
2025-06-13 12:59:43,992 - INFO - Fetching weather data...
2025-06-13 12:59:44,335 - INFO - Data has been written to cache!
2025-06-13 12:59:44,338 - INFO - No cached data found for race_control_messages. Loading data...
2025-06-13 12:59:44,338 - INFO - Fetching race control messages...
2025-06-13 12:59:44,740 - INFO - Data has been written to cache!
2025-06-13 12:59:44,780 - INFO - Finished loading data for 20 drivers: ['1', '11', '55', '16', '63', '4', '44', '81', '14', '18', '24', '20', '3', '22', '23', '27', '31', '10', '77', '2']
2025-06-13 12:59:44,841 - INFO - [EXPORT OK] bahrain_grand_prix
2025-06-13 12:59:44,849 - INFO - Loading data for Saudi Arabian Grand Prix - Race [v3.5.3]
2025-06-13 12:59:44,849 - INFO - No cached data found for session_info. Loading data...
2025-06-13 12:59:44,849 - INFO - Fetching session info data...
2025-06-13 12:59:45,164 - INFO - Data has been written to cache!
2025-06-13 12:59:45,165 - INFO - No cached data found for driver_info. Loading data...
2025-06-13 12:59:45,165 - INFO - Fetching driver list...
2025-06-13 12:59:45,565 - INFO - Data has been written to cache!
2025-06-13 12:59:45,704 - INFO - No cached data found for session_status_data. Loading data...
2025-06-13 12:59:45,705 - INFO - Fetching session status data...
2025-06-13 12:59:46,162 - INFO - Data has been written to cache!
2025-06-13 12:59:46,164 - INFO - No cached data found for lap_count. Loading data...
2025-06-13 12:59:46,164 - INFO - Fetching lap count data...
2025-06-13 12:59:46,573 - INFO - Data has been written to cache!
2025-06-13 12:59:46,574 - INFO - No cached data found for track_status_data. Loading data...
2025-06-13 12:59:46,575 - INFO - Fetching track status data...
2025-06-13 12:59:46,910 - INFO - Data has been written to cache!
2025-06-13 12:59:46,911 - INFO - No cached data found for _extended_timing_data. Loading data...
2025-06-13 12:59:46,911 - INFO - Fetching timing data...
2025-06-13 12:59:47,746 - INFO - Parsing timing data...
2025-06-13 12:59:48,239 - WARNING - Failed to align laps for drivers: ['10']
2025-06-13 12:59:48,288 - INFO - Data has been written to cache!
2025-06-13 12:59:48,288 - INFO - No cached data found for timing_app_data. Loading data...
2025-06-13 12:59:48,289 - INFO - Fetching timing app data...
2025-06-13 12:59:48,816 - INFO - Data has been written to cache!
2025-06-13 12:59:48,817 - INFO - Processing timing data...
2025-06-13 12:59:49,344 - INFO - No cached data found for car_data. Loading data...
2025-06-13 12:59:49,345 - INFO - Fetching car data...
2025-06-13 12:59:50,176 - INFO - Parsing car data...
2025-06-13 12:59:52,621 - WARNING - Driver 55: Car data is incomplete!
2025-06-13 12:59:52,629 - WARNING - Driver 38: Car data is incomplete!
2025-06-13 12:59:52,734 - INFO - Data has been written to cache!
2025-06-13 12:59:52,736 - INFO - No cached data found for position_data. Loading data...
2025-06-13 12:59:52,737 - INFO - Fetching position data...
2025-06-13 12:59:53,807 - INFO - Parsing position data...
2025-06-13 12:59:56,305 - WARNING - Driver 55: Position data is incomplete!
2025-06-13 12:59:56,315 - WARNING - Driver 38: Position data is incomplete!
2025-06-13 12:59:56,321 - WARNING - Driver 241: Position data is incomplete!
2025-06-13 12:59:56,327 - WARNING - Driver 242: Position data is incomplete!
2025-06-13 12:59:56,333 - WARNING - Driver 243: Position data is incomplete!
2025-06-13 12:59:56,596 - INFO - Data has been written to cache!
2025-06-13 12:59:57,451 - INFO - No cached data found for weather_data. Loading data...
2025-06-13 12:59:57,452 - INFO - Fetching weather data...
2025-06-13 12:59:57,810 - INFO - Data has been written to cache!
2025-06-13 12:59:57,812 - INFO - No cached data found for race_control_messages. Loading data...
2025-06-13 12:59:57,812 - INFO - Fetching race control messages...
2025-06-13 12:59:58,163 - INFO - Data has been written to cache!
2025-06-13 12:59:58,212 - INFO - Finished loading data for 20 drivers: ['1', '11', '16', '81', '14', '63', '38', '4', '44', '27', '23', '20', '31', '2', '22', '3', '77', '24', '18', '10']
2025-06-13 12:59:58,252 - INFO - [EXPORT OK] saudi_arabian_grand_prix
2025-06-13 12:59:58,258 - INFO - Loading data for Australian Grand Prix - Race [v3.5.3]
2025-06-13 12:59:58,259 - INFO - No cached data found for session_info. Loading data...
2025-06-13 12:59:58,259 - INFO - Fetching session info data...
2025-06-13 12:59:58,587 - INFO - Data has been written to cache!
2025-06-13 12:59:58,588 - INFO - No cached data found for driver_info. Loading data...
2025-06-13 12:59:58,588 - INFO - Fetching driver list...
2025-06-13 12:59:59,068 - INFO - Data has been written to cache!
2025-06-13 12:59:59,201 - DEBUG - Failed to parse timestamp '-1:57:37.891' in Ergastresponse.
2025-06-13 12:59:59,212 - INFO - No cached data found for session_status_data. Loading data...
2025-06-13 12:59:59,212 - INFO - Fetching session status data...
2025-06-13 12:59:59,673 - INFO - Data has been written to cache!
2025-06-13 12:59:59,675 - INFO - No cached data found for lap_count. Loading data...
2025-06-13 12:59:59,676 - INFO - Fetching lap count data...
2025-06-13 13:00:00,026 - INFO - Data has been written to cache!
2025-06-13 13:00:00,027 - INFO - No cached data found for track_status_data. Loading data...
2025-06-13 13:00:00,027 - INFO - Fetching track status data...
2025-06-13 13:00:00,389 - INFO - Data has been written to cache!
2025-06-13 13:00:00,391 - INFO - No cached data found for _extended_timing_data. Loading data...
2025-06-13 13:00:00,391 - INFO - Fetching timing data...
2025-06-13 13:00:01,604 - INFO - Parsing timing data...
2025-06-13 13:00:02,145 - INFO - Data has been written to cache!
2025-06-13 13:00:02,146 - INFO - No cached data found for timing_app_data. Loading data...
2025-06-13 13:00:02,146 - INFO - Fetching timing app data...
2025-06-13 13:00:02,684 - INFO - Data has been written to cache!
2025-06-13 13:00:02,685 - INFO - Processing timing data...
2025-06-13 13:00:03,231 - INFO - No cached data found for car_data. Loading data...
2025-06-13 13:00:03,232 - INFO - Fetching car data...
2025-06-13 13:00:04,335 - INFO - Parsing car data...
2025-06-13 13:00:06,887 - INFO - Data has been written to cache!
2025-06-13 13:00:06,887 - INFO - No cached data found for position_data. Loading data...
2025-06-13 13:00:06,887 - INFO - Fetching position data...
2025-06-13 13:00:07,993 - INFO - Parsing position data...
2025-06-13 13:00:10,565 - INFO - Data has been written to cache!
2025-06-13 13:00:11,395 - INFO - No cached data found for weather_data. Loading data...
2025-06-13 13:00:11,396 - INFO - Fetching weather data...
2025-06-13 13:00:11,748 - INFO - Data has been written to cache!
2025-06-13 13:00:11,750 - INFO - No cached data found for race_control_messages. Loading data...
2025-06-13 13:00:11,750 - INFO - Fetching race control messages...
2025-06-13 13:00:12,110 - INFO - Data has been written to cache!
2025-06-13 13:00:12,163 - INFO - Finished loading data for 19 drivers: ['55', '16', '4', '81', '11', '18', '22', '14', '27', '20', '23', '3', '10', '77', '24', '31', '63', '44', '1']
2025-06-13 13:00:12,216 - INFO - [EXPORT OK] australian_grand_prix
2025-06-13 13:00:12,224 - INFO - Loading data for Japanese Grand Prix - Race [v3.5.3]
2025-06-13 13:00:12,225 - INFO - No cached data found for session_info. Loading data...
2025-06-13 13:00:12,225 - INFO - Fetching session info data...
2025-06-13 13:00:12,671 - INFO - Data has been written to cache!
2025-06-13 13:00:12,672 - INFO - No cached data found for driver_info. Loading data...
2025-06-13 13:00:12,673 - INFO - Fetching driver list...
2025-06-13 13:00:13,176 - INFO - Data has been written to cache!
2025-06-13 13:00:13,322 - INFO - No cached data found for session_status_data. Loading data...
2025-06-13 13:00:13,322 - INFO - Fetching session status data...
2025-06-13 13:00:13,762 - INFO - Data has been written to cache!
2025-06-13 13:00:13,763 - INFO - No cached data found for lap_count. Loading data...
2025-06-13 13:00:13,764 - INFO - Fetching lap count data...
2025-06-13 13:00:14,107 - INFO - Data has been written to cache!
2025-06-13 13:00:14,108 - INFO - No cached data found for track_status_data. Loading data...
2025-06-13 13:00:14,109 - INFO - Fetching track status data...
2025-06-13 13:00:14,451 - INFO - Data has been written to cache!
2025-06-13 13:00:14,453 - INFO - No cached data found for _extended_timing_data. Loading data...
2025-06-13 13:00:14,454 - INFO - Fetching timing data...
2025-06-13 13:00:15,341 - INFO - Parsing timing data...
2025-06-13 13:00:15,880 - INFO - Data has been written to cache!
2025-06-13 13:00:15,881 - INFO - No cached data found for timing_app_data. Loading data...
2025-06-13 13:00:15,881 - INFO - Fetching timing app data...
2025-06-13 13:00:16,335 - INFO - Data has been written to cache!
2025-06-13 13:00:16,335 - INFO - Processing timing data...
2025-06-13 13:00:16,861 - INFO - No cached data found for car_data. Loading data...
2025-06-13 13:00:16,861 - INFO - Fetching car data...
2025-06-13 13:00:17,749 - INFO - Parsing car data...
2025-06-13 13:00:20,935 - INFO - Data has been written to cache!
2025-06-13 13:00:20,937 - INFO - No cached data found for position_data. Loading data...
2025-06-13 13:00:20,937 - INFO - Fetching position data...
2025-06-13 13:00:21,716 - INFO - Parsing position data...
2025-06-13 13:00:25,164 - INFO - Data has been written to cache!
2025-06-13 13:00:26,024 - INFO - No cached data found for weather_data. Loading data...
2025-06-13 13:00:26,025 - INFO - Fetching weather data...
2025-06-13 13:00:26,379 - INFO - Data has been written to cache!
2025-06-13 13:00:26,381 - INFO - No cached data found for race_control_messages. Loading data...
2025-06-13 13:00:26,381 - INFO - Fetching race control messages...
2025-06-13 13:00:26,742 - INFO - Data has been written to cache!
2025-06-13 13:00:26,775 - INFO - Finished loading data for 20 drivers: ['1', '11', '55', '16', '4', '14', '63', '81', '44', '22', '27', '18', '20', '77', '31', '10', '2', '24', '3', '23']
2025-06-13 13:00:26,925 - INFO - [EXPORT OK] japanese_grand_prix
2025-06-13 13:00:26,933 - INFO - Loading data for Emilia Romagna Grand Prix - Race [v3.5.3]
2025-06-13 13:00:26,934 - INFO - No cached data found for session_info. Loading data...
2025-06-13 13:00:26,934 - INFO - Fetching session info data...
2025-06-13 13:00:27,262 - INFO - Data has been written to cache!
2025-06-13 13:00:27,262 - INFO - No cached data found for driver_info. Loading data...
2025-06-13 13:00:27,263 - INFO - Fetching driver list...
2025-06-13 13:00:27,614 - INFO - Data has been written to cache!
2025-06-13 13:00:27,861 - INFO - No cached data found for session_status_data. Loading data...
2025-06-13 13:00:27,862 - INFO - Fetching session status data...
2025-06-13 13:00:28,182 - INFO - Data has been written to cache!
2025-06-13 13:00:28,184 - INFO - No cached data found for lap_count. Loading data...
2025-06-13 13:00:28,185 - INFO - Fetching lap count data...
2025-06-13 13:00:28,557 - INFO - Data has been written to cache!
2025-06-13 13:00:28,558 - INFO - No cached data found for track_status_data. Loading data...
2025-06-13 13:00:28,559 - INFO - Fetching track status data...
2025-06-13 13:00:28,894 - INFO - Data has been written to cache!
2025-06-13 13:00:28,896 - INFO - No cached data found for _extended_timing_data. Loading data...
2025-06-13 13:00:28,896 - INFO - Fetching timing data...
2025-06-13 13:00:29,714 - INFO - Parsing timing data...
2025-06-13 13:00:30,348 - INFO - Data has been written to cache!
2025-06-13 13:00:30,348 - INFO - No cached data found for timing_app_data. Loading data...
2025-06-13 13:00:30,348 - INFO - Fetching timing app data...
2025-06-13 13:00:30,923 - INFO - Data has been written to cache!
2025-06-13 13:00:30,924 - INFO - Processing timing data...
2025-06-13 13:00:31,476 - INFO - No cached data found for car_data. Loading data...
2025-06-13 13:00:31,477 - INFO - Fetching car data...
2025-06-13 13:00:32,649 - INFO - Parsing car data...
2025-06-13 13:00:35,434 - INFO - Data has been written to cache!
2025-06-13 13:00:35,439 - INFO - No cached data found for position_data. Loading data...
2025-06-13 13:00:35,439 - INFO - Fetching position data...
2025-06-13 13:00:36,513 - INFO - Parsing position data...
2025-06-13 13:00:39,123 - INFO - Data has been written to cache!
2025-06-13 13:00:39,828 - INFO - No cached data found for weather_data. Loading data...
2025-06-13 13:00:39,828 - INFO - Fetching weather data...
2025-06-13 13:00:40,227 - INFO - Data has been written to cache!
2025-06-13 13:00:40,229 - INFO - No cached data found for race_control_messages. Loading data...
2025-06-13 13:00:40,230 - INFO - Fetching race control messages...
2025-06-13 13:00:40,578 - INFO - Data has been written to cache!
2025-06-13 13:00:40,620 - INFO - Finished loading data for 20 drivers: ['1', '4', '16', '81', '55', '44', '63', '11', '18', '22', '27', '20', '3', '31', '24', '10', '2', '77', '14', '23']
2025-06-13 13:00:40,733 - INFO - [EXPORT OK] emilia_romagna_grand_prix
2025-06-13 13:00:40,739 - INFO - Loading data for Monaco Grand Prix - Race [v3.5.3]
2025-06-13 13:00:40,740 - INFO - No cached data found for session_info. Loading data...
2025-06-13 13:00:40,740 - INFO - Fetching session info data...
2025-06-13 13:00:41,137 - INFO - Data has been written to cache!
2025-06-13 13:00:41,139 - INFO - No cached data found for driver_info. Loading data...
2025-06-13 13:00:41,140 - INFO - Fetching driver list...
2025-06-13 13:00:41,497 - INFO - Data has been written to cache!
2025-06-13 13:00:41,642 - INFO - No cached data found for session_status_data. Loading data...
2025-06-13 13:00:41,643 - INFO - Fetching session status data...
2025-06-13 13:00:42,083 - INFO - Data has been written to cache!
2025-06-13 13:00:42,085 - INFO - No cached data found for lap_count. Loading data...
2025-06-13 13:00:42,085 - INFO - Fetching lap count data...
2025-06-13 13:00:42,472 - INFO - Data has been written to cache!
2025-06-13 13:00:42,473 - INFO - No cached data found for track_status_data. Loading data...
2025-06-13 13:00:42,474 - INFO - Fetching track status data...
2025-06-13 13:00:42,808 - INFO - Data has been written to cache!
2025-06-13 13:00:42,810 - INFO - No cached data found for _extended_timing_data. Loading data...
2025-06-13 13:00:42,811 - INFO - Fetching timing data...
2025-06-13 13:00:43,655 - INFO - Parsing timing data...
2025-06-13 13:00:44,300 - INFO - Data has been written to cache!
2025-06-13 13:00:44,300 - INFO - No cached data found for timing_app_data. Loading data...
2025-06-13 13:00:44,300 - INFO - Fetching timing app data...
2025-06-13 13:00:44,686 - INFO - Data has been written to cache!
2025-06-13 13:00:44,687 - INFO - Processing timing data...
2025-06-13 13:00:45,292 - INFO - No cached data found for car_data. Loading data...
2025-06-13 13:00:45,292 - INFO - Fetching car data...
2025-06-13 13:00:46,279 - INFO - Parsing car data...
2025-06-13 13:00:49,746 - INFO - Data has been written to cache!
2025-06-13 13:00:49,747 - INFO - No cached data found for position_data. Loading data...
2025-06-13 13:00:49,747 - INFO - Fetching position data...
2025-06-13 13:00:50,637 - INFO - Parsing position data...
2025-06-13 13:00:54,630 - WARNING - Driver 241: Position data is incomplete!
2025-06-13 13:00:54,640 - WARNING - Driver 242: Position data is incomplete!
2025-06-13 13:00:54,647 - WARNING - Driver 243: Position data is incomplete!
2025-06-13 13:00:55,232 - INFO - Data has been written to cache!
2025-06-13 13:00:56,676 - INFO - No cached data found for weather_data. Loading data...
2025-06-13 13:00:56,677 - INFO - Fetching weather data...
2025-06-13 13:00:57,017 - INFO - Data has been written to cache!
2025-06-13 13:00:57,021 - INFO - No cached data found for race_control_messages. Loading data...
2025-06-13 13:00:57,021 - INFO - Fetching race control messages...
2025-06-13 13:00:57,377 - INFO - Data has been written to cache!
2025-06-13 13:00:57,418 - INFO - Finished loading data for 20 drivers: ['16', '81', '55', '4', '63', '1', '44', '22', '23', '10', '14', '3', '77', '18', '2', '24', '31', '11', '27', '20']
2025-06-13 13:00:57,483 - INFO - [EXPORT OK] monaco_grand_prix
2025-06-13 13:00:57,490 - INFO - Loading data for Canadian Grand Prix - Race [v3.5.3]
2025-06-13 13:00:57,491 - INFO - No cached data found for session_info. Loading data...
2025-06-13 13:00:57,491 - INFO - Fetching session info data...
2025-06-13 13:00:57,815 - INFO - Data has been written to cache!
2025-06-13 13:00:57,816 - INFO - No cached data found for driver_info. Loading data...
2025-06-13 13:00:57,817 - INFO - Fetching driver list...
2025-06-13 13:00:58,163 - INFO - Data has been written to cache!
2025-06-13 13:00:58,319 - INFO - No cached data found for session_status_data. Loading data...
2025-06-13 13:00:58,320 - INFO - Fetching session status data...
2025-06-13 13:00:58,742 - INFO - Data has been written to cache!
2025-06-13 13:00:58,744 - INFO - No cached data found for lap_count. Loading data...
2025-06-13 13:00:58,744 - INFO - Fetching lap count data...
2025-06-13 13:00:59,107 - INFO - Data has been written to cache!
2025-06-13 13:00:59,108 - INFO - No cached data found for track_status_data. Loading data...
2025-06-13 13:00:59,108 - INFO - Fetching track status data...
2025-06-13 13:00:59,464 - INFO - Data has been written to cache!
2025-06-13 13:00:59,468 - INFO - No cached data found for _extended_timing_data. Loading data...
2025-06-13 13:00:59,469 - INFO - Fetching timing data...
2025-06-13 13:01:00,372 - INFO - Parsing timing data...
2025-06-13 13:01:01,070 - INFO - Data has been written to cache!
2025-06-13 13:01:01,071 - INFO - No cached data found for timing_app_data. Loading data...
2025-06-13 13:01:01,071 - INFO - Fetching timing app data...
2025-06-13 13:01:01,530 - INFO - Data has been written to cache!
2025-06-13 13:01:01,531 - INFO - Processing timing data...
2025-06-13 13:01:02,383 - INFO - No cached data found for car_data. Loading data...
2025-06-13 13:01:02,387 - INFO - Fetching car data...
2025-06-13 13:01:03,183 - INFO - Parsing car data...
2025-06-13 13:01:05,335 - INFO - Data has been written to cache!
2025-06-13 13:01:05,339 - INFO - No cached data found for position_data. Loading data...
2025-06-13 13:01:05,339 - INFO - Fetching position data...
2025-06-13 13:01:06,068 - INFO - Parsing position data...
2025-06-13 13:01:07,964 - WARNING - Driver 241: Position data is incomplete!
2025-06-13 13:01:07,968 - WARNING - Driver 242: Position data is incomplete!
2025-06-13 13:01:07,973 - WARNING - Driver 243: Position data is incomplete!
2025-06-13 13:01:08,127 - INFO - Data has been written to cache!
2025-06-13 13:01:08,697 - INFO - No cached data found for weather_data. Loading data...
2025-06-13 13:01:08,698 - INFO - Fetching weather data...
2025-06-13 13:01:09,074 - INFO - Data has been written to cache!
2025-06-13 13:01:09,076 - INFO - No cached data found for race_control_messages. Loading data...
2025-06-13 13:01:09,076 - INFO - Fetching race control messages...
2025-06-13 13:01:09,515 - INFO - Data has been written to cache!
2025-06-13 13:01:09,590 - INFO - Finished loading data for 20 drivers: ['1', '4', '63', '44', '81', '14', '18', '3', '10', '31', '27', '20', '77', '22', '24', '55', '23', '11', '16', '2']
2025-06-13 13:01:09,647 - INFO - [EXPORT OK] canadian_grand_prix
2025-06-13 13:01:09,653 - INFO - Loading data for Spanish Grand Prix - Race [v3.5.3]
2025-06-13 13:01:09,654 - INFO - No cached data found for session_info. Loading data...
2025-06-13 13:01:09,654 - INFO - Fetching session info data...
2025-06-13 13:01:09,964 - INFO - Data has been written to cache!
2025-06-13 13:01:09,965 - INFO - No cached data found for driver_info. Loading data...
2025-06-13 13:01:09,966 - INFO - Fetching driver list...
2025-06-13 13:01:10,326 - INFO - Data has been written to cache!
2025-06-13 13:01:10,463 - INFO - No cached data found for session_status_data. Loading data...
2025-06-13 13:01:10,464 - INFO - Fetching session status data...
2025-06-13 13:01:10,914 - INFO - Data has been written to cache!
2025-06-13 13:01:10,916 - INFO - No cached data found for lap_count. Loading data...
2025-06-13 13:01:10,917 - INFO - Fetching lap count data...
2025-06-13 13:01:11,269 - INFO - Data has been written to cache!
2025-06-13 13:01:11,270 - INFO - No cached data found for track_status_data. Loading data...
2025-06-13 13:01:11,271 - INFO - Fetching track status data...
2025-06-13 13:01:11,589 - INFO - Data has been written to cache!
2025-06-13 13:01:11,597 - INFO - No cached data found for _extended_timing_data. Loading data...
2025-06-13 13:01:11,598 - INFO - Fetching timing data...
2025-06-13 13:01:12,575 - INFO - Parsing timing data...
2025-06-13 13:01:13,306 - INFO - Data has been written to cache!
2025-06-13 13:01:13,316 - INFO - No cached data found for timing_app_data. Loading data...
2025-06-13 13:01:13,316 - INFO - Fetching timing app data...
2025-06-13 13:01:13,744 - INFO - Data has been written to cache!
2025-06-13 13:01:13,744 - INFO - Processing timing data...
2025-06-13 13:01:14,342 - INFO - No cached data found for car_data. Loading data...
2025-06-13 13:01:14,344 - INFO - Fetching car data...
2025-06-13 13:01:15,172 - INFO - Parsing car data...
2025-06-13 13:01:18,088 - INFO - Data has been written to cache!
2025-06-13 13:01:18,096 - INFO - No cached data found for position_data. Loading data...
2025-06-13 13:01:18,097 - INFO - Fetching position data...
2025-06-13 13:01:18,810 - INFO - Parsing position data...
2025-06-13 13:01:21,959 - INFO - Data has been written to cache!
2025-06-13 13:01:22,795 - INFO - No cached data found for weather_data. Loading data...
2025-06-13 13:01:22,796 - INFO - Fetching weather data...
2025-06-13 13:01:23,145 - INFO - Data has been written to cache!
2025-06-13 13:01:23,147 - INFO - No cached data found for race_control_messages. Loading data...
2025-06-13 13:01:23,147 - INFO - Fetching race control messages...
2025-06-13 13:01:23,519 - INFO - Data has been written to cache!
2025-06-13 13:01:23,525 - WARNING - Driver 1 completed the race distance 00:00.015000 before the recorded end of the session.
2025-06-13 13:01:23,562 - INFO - Finished loading data for 20 drivers: ['1', '4', '44', '63', '16', '55', '81', '11', '10', '31', '27', '14', '24', '18', '3', '77', '20', '23', '22', '2']
2025-06-13 13:01:23,644 - INFO - [EXPORT OK] spanish_grand_prix
2025-06-13 13:01:23,651 - INFO - Loading data for British Grand Prix - Race [v3.5.3]
2025-06-13 13:01:23,652 - INFO - No cached data found for session_info. Loading data...
2025-06-13 13:01:23,652 - INFO - Fetching session info data...
2025-06-13 13:01:24,045 - INFO - Data has been written to cache!
2025-06-13 13:01:24,046 - INFO - No cached data found for driver_info. Loading data...
2025-06-13 13:01:24,047 - INFO - Fetching driver list...
2025-06-13 13:01:24,403 - INFO - Data has been written to cache!
2025-06-13 13:01:24,542 - INFO - No cached data found for session_status_data. Loading data...
2025-06-13 13:01:24,543 - INFO - Fetching session status data...
2025-06-13 13:01:25,032 - INFO - Data has been written to cache!
2025-06-13 13:01:25,034 - INFO - No cached data found for lap_count. Loading data...
2025-06-13 13:01:25,034 - INFO - Fetching lap count data...
2025-06-13 13:01:25,473 - INFO - Data has been written to cache!
2025-06-13 13:01:25,475 - INFO - No cached data found for track_status_data. Loading data...
2025-06-13 13:01:25,476 - INFO - Fetching track status data...
2025-06-13 13:01:25,800 - INFO - Data has been written to cache!
2025-06-13 13:01:25,803 - INFO - No cached data found for _extended_timing_data. Loading data...
2025-06-13 13:01:25,803 - INFO - Fetching timing data...
2025-06-13 13:01:27,168 - INFO - Parsing timing data...
2025-06-13 13:01:27,761 - INFO - Data has been written to cache!
2025-06-13 13:01:27,761 - INFO - No cached data found for timing_app_data. Loading data...
2025-06-13 13:01:27,762 - INFO - Fetching timing app data...
2025-06-13 13:01:28,179 - INFO - Data has been written to cache!
2025-06-13 13:01:28,179 - INFO - Processing timing data...
2025-06-13 13:01:28,753 - INFO - No cached data found for car_data. Loading data...
2025-06-13 13:01:28,754 - INFO - Fetching car data...
2025-06-13 13:01:29,557 - INFO - Parsing car data...
2025-06-13 13:01:32,295 - WARNING - Driver 21: Car data is incomplete!
2025-06-13 13:01:32,311 - WARNING - Driver  3: Car data is incomplete!
2025-06-13 13:01:32,382 - INFO - Data has been written to cache!
2025-06-13 13:01:32,383 - INFO - No cached data found for position_data. Loading data...
2025-06-13 13:01:32,383 - INFO - Fetching position data...
2025-06-13 13:01:33,081 - INFO - Parsing position data...
2025-06-13 13:01:35,660 - WARNING - Driver 21: Position data is incomplete!
2025-06-13 13:01:35,666 - WARNING - Driver  3: Position data is incomplete!
2025-06-13 13:01:35,838 - INFO - Data has been written to cache!
2025-06-13 13:01:36,647 - INFO - No cached data found for weather_data. Loading data...
2025-06-13 13:01:36,647 - INFO - Fetching weather data...
2025-06-13 13:01:36,990 - INFO - Data has been written to cache!
2025-06-13 13:01:36,993 - INFO - No cached data found for race_control_messages. Loading data...
2025-06-13 13:01:36,993 - INFO - Fetching race control messages...
2025-06-13 13:01:37,347 - INFO - Data has been written to cache!
2025-06-13 13:01:37,389 - INFO - Finished loading data for 20 drivers: ['44', '1', '4', '81', '55', '27', '18', '14', '23', '22', '2', '20', '3', '16', '77', '31', '11', '24', '63', '10']
2025-06-13 13:01:37,436 - INFO - [EXPORT OK] british_grand_prix
2025-06-13 13:01:37,442 - INFO - Loading data for Hungarian Grand Prix - Race [v3.5.3]
2025-06-13 13:01:37,442 - INFO - No cached data found for session_info. Loading data...
2025-06-13 13:01:37,443 - INFO - Fetching session info data...
2025-06-13 13:01:37,782 - INFO - Data has been written to cache!
2025-06-13 13:01:37,783 - INFO - No cached data found for driver_info. Loading data...
2025-06-13 13:01:37,784 - INFO - Fetching driver list...
2025-06-13 13:01:38,184 - INFO - Data has been written to cache!
2025-06-13 13:01:38,347 - INFO - No cached data found for session_status_data. Loading data...
2025-06-13 13:01:38,349 - INFO - Fetching session status data...
2025-06-13 13:01:38,794 - INFO - Data has been written to cache!
2025-06-13 13:01:38,797 - INFO - No cached data found for lap_count. Loading data...
2025-06-13 13:01:38,797 - INFO - Fetching lap count data...
2025-06-13 13:01:40,161 - INFO - Data has been written to cache!
2025-06-13 13:01:40,162 - INFO - No cached data found for track_status_data. Loading data...
2025-06-13 13:01:40,162 - INFO - Fetching track status data...
2025-06-13 13:01:40,520 - INFO - Data has been written to cache!
2025-06-13 13:01:40,522 - INFO - No cached data found for _extended_timing_data. Loading data...
2025-06-13 13:01:40,523 - INFO - Fetching timing data...
2025-06-13 13:01:41,471 - INFO - Parsing timing data...
2025-06-13 13:01:42,540 - INFO - Data has been written to cache!
2025-06-13 13:01:42,541 - INFO - No cached data found for timing_app_data. Loading data...
2025-06-13 13:01:42,541 - INFO - Fetching timing app data...
2025-06-13 13:01:42,964 - INFO - Data has been written to cache!
2025-06-13 13:01:42,964 - INFO - Processing timing data...
2025-06-13 13:01:43,714 - INFO - No cached data found for car_data. Loading data...
2025-06-13 13:01:43,714 - INFO - Fetching car data...
2025-06-13 13:01:44,548 - INFO - Parsing car data...
2025-06-13 13:01:47,959 - INFO - Data has been written to cache!
2025-06-13 13:01:47,962 - INFO - No cached data found for position_data. Loading data...
2025-06-13 13:01:47,962 - INFO - Fetching position data...
2025-06-13 13:01:48,646 - INFO - Parsing position data...
2025-06-13 13:01:52,170 - INFO - Data has been written to cache!
2025-06-13 13:01:53,163 - INFO - No cached data found for weather_data. Loading data...
2025-06-13 13:01:53,170 - INFO - Fetching weather data...
2025-06-13 13:01:53,528 - INFO - Data has been written to cache!
2025-06-13 13:01:53,529 - INFO - No cached data found for race_control_messages. Loading data...
2025-06-13 13:01:53,529 - INFO - Fetching race control messages...
2025-06-13 13:01:53,868 - INFO - Data has been written to cache!
2025-06-13 13:01:53,896 - INFO - Finished loading data for 20 drivers: ['81', '4', '44', '16', '1', '55', '11', '63', '22', '18', '14', '3', '27', '23', '20', '77', '2', '31', '24', '10']
2025-06-13 13:01:53,968 - INFO - [EXPORT OK] hungarian_grand_prix
2025-06-13 13:01:53,976 - INFO - Loading data for Belgian Grand Prix - Race [v3.5.3]
2025-06-13 13:01:53,976 - INFO - No cached data found for session_info. Loading data...
2025-06-13 13:01:53,977 - INFO - Fetching session info data...
2025-06-13 13:01:54,333 - INFO - Data has been written to cache!
2025-06-13 13:01:54,334 - INFO - No cached data found for driver_info. Loading data...
2025-06-13 13:01:54,335 - INFO - Fetching driver list...
2025-06-13 13:01:54,706 - INFO - Data has been written to cache!
2025-06-13 13:01:54,832 - DEBUG - Failed to parse timestamp '-1:59:59.474' in Ergastresponse.
2025-06-13 13:01:54,847 - INFO - No cached data found for session_status_data. Loading data...
2025-06-13 13:01:54,847 - INFO - Fetching session status data...
2025-06-13 13:01:55,381 - INFO - Data has been written to cache!
2025-06-13 13:01:55,383 - INFO - No cached data found for lap_count. Loading data...
2025-06-13 13:01:55,383 - INFO - Fetching lap count data...
2025-06-13 13:01:55,706 - INFO - Data has been written to cache!
2025-06-13 13:01:55,707 - INFO - No cached data found for track_status_data. Loading data...
2025-06-13 13:01:55,708 - INFO - Fetching track status data...
2025-06-13 13:01:56,048 - INFO - Data has been written to cache!
2025-06-13 13:01:56,050 - INFO - No cached data found for _extended_timing_data. Loading data...
2025-06-13 13:01:56,050 - INFO - Fetching timing data...
2025-06-13 13:01:57,617 - INFO - Parsing timing data...
2025-06-13 13:01:58,586 - INFO - Data has been written to cache!
2025-06-13 13:01:58,595 - INFO - No cached data found for timing_app_data. Loading data...
2025-06-13 13:01:58,595 - INFO - Fetching timing app data...
2025-06-13 13:01:58,978 - INFO - Data has been written to cache!
2025-06-13 13:01:58,979 - INFO - Processing timing data...
2025-06-13 13:01:59,545 - INFO - No cached data found for car_data. Loading data...
2025-06-13 13:01:59,545 - INFO - Fetching car data...
2025-06-13 13:02:00,367 - INFO - Parsing car data...
2025-06-13 13:02:03,263 - INFO - Data has been written to cache!
2025-06-13 13:02:03,264 - INFO - No cached data found for position_data. Loading data...
2025-06-13 13:02:03,265 - INFO - Fetching position data...
2025-06-13 13:02:03,977 - INFO - Parsing position data...
2025-06-13 13:02:06,780 - INFO - Data has been written to cache!
2025-06-13 13:02:07,542 - INFO - No cached data found for weather_data. Loading data...
2025-06-13 13:02:07,543 - INFO - Fetching weather data...
2025-06-13 13:02:08,084 - INFO - Data has been written to cache!
2025-06-13 13:02:08,086 - INFO - No cached data found for race_control_messages. Loading data...
2025-06-13 13:02:08,087 - INFO - Fetching race control messages...
2025-06-13 13:02:08,487 - INFO - Data has been written to cache!
2025-06-13 13:02:08,519 - INFO - Finished loading data for 20 drivers: ['44', '81', '16', '1', '4', '55', '11', '14', '31', '3', '18', '23', '10', '20', '77', '22', '2', '27', '24', '63']
2025-06-13 13:02:08,560 - INFO - [EXPORT OK] belgian_grand_prix
2025-06-13 13:02:08,566 - INFO - Loading data for Dutch Grand Prix - Race [v3.5.3]
2025-06-13 13:02:08,567 - INFO - No cached data found for session_info. Loading data...
2025-06-13 13:02:08,567 - INFO - Fetching session info data...
2025-06-13 13:02:09,097 - INFO - Data has been written to cache!
2025-06-13 13:02:09,098 - INFO - No cached data found for driver_info. Loading data...
2025-06-13 13:02:09,098 - INFO - Fetching driver list...
2025-06-13 13:02:09,470 - INFO - Data has been written to cache!
2025-06-13 13:02:09,623 - INFO - No cached data found for session_status_data. Loading data...
2025-06-13 13:02:09,624 - INFO - Fetching session status data...
2025-06-13 13:02:10,219 - INFO - Data has been written to cache!
2025-06-13 13:02:10,220 - INFO - No cached data found for lap_count. Loading data...
2025-06-13 13:02:10,221 - INFO - Fetching lap count data...
2025-06-13 13:02:10,552 - INFO - Data has been written to cache!
2025-06-13 13:02:10,555 - INFO - No cached data found for track_status_data. Loading data...
2025-06-13 13:02:10,555 - INFO - Fetching track status data...
2025-06-13 13:02:10,878 - INFO - Data has been written to cache!
2025-06-13 13:02:10,880 - INFO - No cached data found for _extended_timing_data. Loading data...
2025-06-13 13:02:10,880 - INFO - Fetching timing data...
2025-06-13 13:02:12,334 - INFO - Parsing timing data...
2025-06-13 13:02:13,229 - INFO - Data has been written to cache!
2025-06-13 13:02:13,229 - INFO - No cached data found for timing_app_data. Loading data...
2025-06-13 13:02:13,230 - INFO - Fetching timing app data...
2025-06-13 13:02:13,781 - INFO - Data has been written to cache!
2025-06-13 13:02:13,781 - INFO - Processing timing data...
2025-06-13 13:02:14,441 - INFO - No cached data found for car_data. Loading data...
2025-06-13 13:02:14,441 - INFO - Fetching car data...
2025-06-13 13:02:15,245 - INFO - Parsing car data...
2025-06-13 13:02:18,108 - INFO - Data has been written to cache!
2025-06-13 13:02:18,112 - INFO - No cached data found for position_data. Loading data...
2025-06-13 13:02:18,113 - INFO - Fetching position data...
2025-06-13 13:02:18,949 - INFO - Parsing position data...
2025-06-13 13:02:22,764 - INFO - Data has been written to cache!
2025-06-13 13:02:23,563 - INFO - No cached data found for weather_data. Loading data...
2025-06-13 13:02:23,564 - INFO - Fetching weather data...
2025-06-13 13:02:23,936 - INFO - Data has been written to cache!
2025-06-13 13:02:23,938 - INFO - No cached data found for race_control_messages. Loading data...
2025-06-13 13:02:23,939 - INFO - Fetching race control messages...
2025-06-13 13:02:24,370 - INFO - Data has been written to cache!
2025-06-13 13:02:24,401 - INFO - Finished loading data for 20 drivers: ['4', '1', '16', '81', '55', '11', '63', '44', '10', '14', '27', '3', '18', '23', '31', '2', '22', '20', '77', '24']
2025-06-13 13:02:24,463 - INFO - [EXPORT OK] dutch_grand_prix
2025-06-13 13:02:24,470 - INFO - Loading data for Italian Grand Prix - Race [v3.5.3]
2025-06-13 13:02:24,471 - INFO - No cached data found for session_info. Loading data...
2025-06-13 13:02:24,471 - INFO - Fetching session info data...
2025-06-13 13:02:24,869 - INFO - Data has been written to cache!
2025-06-13 13:02:24,870 - INFO - No cached data found for driver_info. Loading data...
2025-06-13 13:02:24,871 - INFO - Fetching driver list...
2025-06-13 13:02:25,232 - INFO - Data has been written to cache!
2025-06-13 13:02:25,444 - INFO - No cached data found for session_status_data. Loading data...
2025-06-13 13:02:25,445 - INFO - Fetching session status data...
2025-06-13 13:02:25,807 - INFO - Data has been written to cache!
2025-06-13 13:02:25,809 - INFO - No cached data found for lap_count. Loading data...
2025-06-13 13:02:25,810 - INFO - Fetching lap count data...
2025-06-13 13:02:26,139 - INFO - Data has been written to cache!
2025-06-13 13:02:26,140 - INFO - No cached data found for track_status_data. Loading data...
2025-06-13 13:02:26,140 - INFO - Fetching track status data...
2025-06-13 13:02:26,501 - INFO - Data has been written to cache!
2025-06-13 13:02:26,503 - INFO - No cached data found for _extended_timing_data. Loading data...
2025-06-13 13:02:26,504 - INFO - Fetching timing data...
2025-06-13 13:02:27,769 - INFO - Parsing timing data...
2025-06-13 13:02:28,318 - INFO - Data has been written to cache!
2025-06-13 13:02:28,318 - INFO - No cached data found for timing_app_data. Loading data...
2025-06-13 13:02:28,318 - INFO - Fetching timing app data...
2025-06-13 13:02:28,760 - INFO - Data has been written to cache!
2025-06-13 13:02:28,760 - INFO - Processing timing data...
2025-06-13 13:02:29,796 - INFO - No cached data found for car_data. Loading data...
2025-06-13 13:02:29,797 - INFO - Fetching car data...
2025-06-13 13:02:30,893 - INFO - Parsing car data...
2025-06-13 13:02:33,236 - INFO - Data has been written to cache!
2025-06-13 13:02:33,237 - INFO - No cached data found for position_data. Loading data...
2025-06-13 13:02:33,237 - INFO - Fetching position data...
2025-06-13 13:02:34,308 - INFO - Parsing position data...
2025-06-13 13:02:36,695 - INFO - Data has been written to cache!
2025-06-13 13:02:37,377 - INFO - No cached data found for weather_data. Loading data...
2025-06-13 13:02:37,378 - INFO - Fetching weather data...
2025-06-13 13:02:37,786 - INFO - Data has been written to cache!
2025-06-13 13:02:37,789 - INFO - No cached data found for race_control_messages. Loading data...
2025-06-13 13:02:37,789 - INFO - Fetching race control messages...
2025-06-13 13:02:38,143 - INFO - Data has been written to cache!
2025-06-13 13:02:38,183 - INFO - Finished loading data for 20 drivers: ['16', '81', '4', '55', '44', '1', '63', '11', '23', '20', '14', '43', '3', '31', '10', '77', '27', '24', '18', '22']
2025-06-13 13:02:38,232 - INFO - [EXPORT OK] italian_grand_prix
2025-06-13 13:02:38,238 - INFO - Loading data for Azerbaijan Grand Prix - Race [v3.5.3]
2025-06-13 13:02:38,238 - INFO - No cached data found for session_info. Loading data...
2025-06-13 13:02:38,239 - INFO - Fetching session info data...
2025-06-13 13:02:38,586 - INFO - Data has been written to cache!
2025-06-13 13:02:38,588 - INFO - No cached data found for driver_info. Loading data...
2025-06-13 13:02:38,588 - INFO - Fetching driver list...
2025-06-13 13:02:38,940 - INFO - Data has been written to cache!
2025-06-13 13:02:39,329 - DEBUG - Failed to parse timestamp '-1:55:43.191' in Ergastresponse.
2025-06-13 13:02:39,329 - DEBUG - Failed to parse timestamp '-1:55:43.761' in Ergastresponse.
2025-06-13 13:02:39,329 - DEBUG - Failed to parse timestamp '-1:50:23.073' in Ergastresponse.
2025-06-13 13:02:39,338 - INFO - No cached data found for session_status_data. Loading data...
2025-06-13 13:02:39,339 - INFO - Fetching session status data...
2025-06-13 13:02:39,714 - INFO - Data has been written to cache!
2025-06-13 13:02:39,715 - INFO - No cached data found for lap_count. Loading data...
2025-06-13 13:02:39,716 - INFO - Fetching lap count data...
2025-06-13 13:02:40,062 - INFO - Data has been written to cache!
2025-06-13 13:02:40,063 - INFO - No cached data found for track_status_data. Loading data...
2025-06-13 13:02:40,064 - INFO - Fetching track status data...
2025-06-13 13:02:40,475 - INFO - Data has been written to cache!
2025-06-13 13:02:40,476 - INFO - No cached data found for _extended_timing_data. Loading data...
2025-06-13 13:02:40,476 - INFO - Fetching timing data...
2025-06-13 13:02:41,789 - INFO - Parsing timing data...
2025-06-13 13:02:42,401 - INFO - Data has been written to cache!
2025-06-13 13:02:42,402 - INFO - No cached data found for timing_app_data. Loading data...
2025-06-13 13:02:42,402 - INFO - Fetching timing app data...
2025-06-13 13:02:42,843 - INFO - Data has been written to cache!
2025-06-13 13:02:42,843 - INFO - Processing timing data...
2025-06-13 13:02:43,395 - INFO - No cached data found for car_data. Loading data...
2025-06-13 13:02:43,396 - INFO - Fetching car data...
2025-06-13 13:02:44,542 - INFO - Parsing car data...
2025-06-13 13:02:47,188 - INFO - Data has been written to cache!
2025-06-13 13:02:47,189 - INFO - No cached data found for position_data. Loading data...
2025-06-13 13:02:47,189 - INFO - Fetching position data...
2025-06-13 13:02:48,304 - INFO - Parsing position data...
2025-06-13 13:02:50,961 - INFO - Data has been written to cache!
2025-06-13 13:02:51,871 - INFO - No cached data found for weather_data. Loading data...
2025-06-13 13:02:51,874 - INFO - Fetching weather data...
2025-06-13 13:02:52,238 - INFO - Data has been written to cache!
2025-06-13 13:02:52,241 - INFO - No cached data found for race_control_messages. Loading data...
2025-06-13 13:02:52,241 - INFO - Fetching race control messages...
2025-06-13 13:02:52,603 - INFO - Data has been written to cache!
2025-06-13 13:02:52,707 - INFO - Finished loading data for 20 drivers: ['81', '16', '63', '4', '1', '14', '23', '43', '44', '50', '27', '10', '3', '24', '31', '77', '11', '55', '18', '22']
2025-06-13 13:02:52,751 - INFO - [EXPORT OK] azerbaijan_grand_prix
2025-06-13 13:02:52,758 - INFO - Loading data for Singapore Grand Prix - Race [v3.5.3]
2025-06-13 13:02:52,758 - INFO - No cached data found for session_info. Loading data...
2025-06-13 13:02:52,758 - INFO - Fetching session info data...
2025-06-13 13:02:53,081 - INFO - Data has been written to cache!
2025-06-13 13:02:53,082 - INFO - No cached data found for driver_info. Loading data...
2025-06-13 13:02:53,082 - INFO - Fetching driver list...
2025-06-13 13:02:53,427 - INFO - Data has been written to cache!
2025-06-13 13:02:53,566 - DEBUG - Failed to parse timestamp '-1:55:59.335' in Ergastresponse.
2025-06-13 13:02:53,583 - INFO - No cached data found for session_status_data. Loading data...
2025-06-13 13:02:53,583 - INFO - Fetching session status data...
2025-06-13 13:02:54,142 - INFO - Data has been written to cache!
2025-06-13 13:02:54,144 - INFO - No cached data found for lap_count. Loading data...
2025-06-13 13:02:54,145 - INFO - Fetching lap count data...
2025-06-13 13:02:54,469 - INFO - Data has been written to cache!
2025-06-13 13:02:54,469 - INFO - No cached data found for track_status_data. Loading data...
2025-06-13 13:02:54,470 - INFO - Fetching track status data...
2025-06-13 13:02:54,805 - INFO - Data has been written to cache!
2025-06-13 13:02:54,807 - INFO - No cached data found for _extended_timing_data. Loading data...
2025-06-13 13:02:54,807 - INFO - Fetching timing data...
2025-06-13 13:02:55,746 - INFO - Parsing timing data...
2025-06-13 13:02:56,675 - INFO - Data has been written to cache!
2025-06-13 13:02:56,676 - INFO - No cached data found for timing_app_data. Loading data...
2025-06-13 13:02:56,676 - INFO - Fetching timing app data...
2025-06-13 13:02:57,094 - INFO - Data has been written to cache!
2025-06-13 13:02:57,095 - INFO - Processing timing data...
2025-06-13 13:02:57,762 - INFO - No cached data found for car_data. Loading data...
2025-06-13 13:02:57,763 - INFO - Fetching car data...
2025-06-13 13:02:58,584 - INFO - Parsing car data...
2025-06-13 13:03:01,595 - WARNING - Driver  2: Car data is incomplete!
2025-06-13 13:03:01,619 - WARNING - Driver 40: Car data is incomplete!
2025-06-13 13:03:01,634 - WARNING - Driver  3: Car data is incomplete!
2025-06-13 13:03:01,642 - WARNING - Driver 18: Car data is incomplete!
2025-06-13 13:03:01,649 - WARNING - Driver 43: Car data is incomplete!
2025-06-13 13:03:01,744 - INFO - Data has been written to cache!
2025-06-13 13:03:01,744 - INFO - No cached data found for position_data. Loading data...
2025-06-13 13:03:01,744 - INFO - Fetching position data...
2025-06-13 13:03:02,491 - INFO - Parsing position data...
2025-06-13 13:03:05,220 - WARNING - Driver  2: Position data is incomplete!
2025-06-13 13:03:05,229 - WARNING - Driver 40: Position data is incomplete!
2025-06-13 13:03:05,240 - WARNING - Driver  3: Position data is incomplete!
2025-06-13 13:03:05,247 - WARNING - Driver 18: Position data is incomplete!
2025-06-13 13:03:05,253 - WARNING - Driver 43: Position data is incomplete!
2025-06-13 13:03:05,462 - INFO - Data has been written to cache!
2025-06-13 13:03:06,277 - INFO - No cached data found for weather_data. Loading data...
2025-06-13 13:03:06,278 - INFO - Fetching weather data...
2025-06-13 13:03:06,652 - INFO - Data has been written to cache!
2025-06-13 13:03:06,654 - INFO - No cached data found for race_control_messages. Loading data...
2025-06-13 13:03:06,654 - INFO - Fetching race control messages...
2025-06-13 13:03:07,065 - INFO - Data has been written to cache!
2025-06-13 13:03:07,106 - INFO - Finished loading data for 20 drivers: ['4', '1', '81', '63', '16', '44', '55', '14', '27', '11', '43', '22', '31', '18', '24', '77', '10', '3', '20', '23']
2025-06-13 13:03:07,162 - INFO - [EXPORT OK] singapore_grand_prix
2025-06-13 13:03:07,169 - INFO - Loading data for Mexico City Grand Prix - Race [v3.5.3]
2025-06-13 13:03:07,170 - INFO - No cached data found for session_info. Loading data...
2025-06-13 13:03:07,170 - INFO - Fetching session info data...
2025-06-13 13:03:07,650 - INFO - Data has been written to cache!
2025-06-13 13:03:07,651 - INFO - No cached data found for driver_info. Loading data...
2025-06-13 13:03:07,652 - INFO - Fetching driver list...
2025-06-13 13:03:08,005 - INFO - Data has been written to cache!
2025-06-13 13:03:08,232 - INFO - No cached data found for session_status_data. Loading data...
2025-06-13 13:03:08,233 - INFO - Fetching session status data...
2025-06-13 13:03:08,596 - INFO - Data has been written to cache!
2025-06-13 13:03:08,599 - INFO - No cached data found for lap_count. Loading data...
2025-06-13 13:03:08,600 - INFO - Fetching lap count data...
2025-06-13 13:03:09,006 - INFO - Data has been written to cache!
2025-06-13 13:03:09,009 - INFO - No cached data found for track_status_data. Loading data...
2025-06-13 13:03:09,009 - INFO - Fetching track status data...
2025-06-13 13:03:09,404 - INFO - Data has been written to cache!
2025-06-13 13:03:09,405 - INFO - No cached data found for _extended_timing_data. Loading data...
2025-06-13 13:03:09,406 - INFO - Fetching timing data...
2025-06-13 13:03:10,364 - INFO - Parsing timing data...
2025-06-13 13:03:11,090 - INFO - Data has been written to cache!
2025-06-13 13:03:11,091 - INFO - No cached data found for timing_app_data. Loading data...
2025-06-13 13:03:11,091 - INFO - Fetching timing app data...
2025-06-13 13:03:11,660 - INFO - Data has been written to cache!
2025-06-13 13:03:11,661 - INFO - Processing timing data...
2025-06-13 13:03:12,315 - INFO - No cached data found for car_data. Loading data...
2025-06-13 13:03:12,316 - INFO - Fetching car data...
2025-06-13 13:03:13,044 - INFO - Parsing car data...
2025-06-13 13:03:15,831 - WARNING - Driver  2: Car data is incomplete!
2025-06-13 13:03:15,839 - WARNING - Driver  3: Car data is incomplete!
2025-06-13 13:03:15,860 - WARNING - Driver 30: Car data is incomplete!
2025-06-13 13:03:15,867 - WARNING - Driver 43: Car data is incomplete!
2025-06-13 13:03:15,930 - INFO - Data has been written to cache!
2025-06-13 13:03:15,930 - INFO - No cached data found for position_data. Loading data...
2025-06-13 13:03:15,931 - INFO - Fetching position data...
2025-06-13 13:03:16,638 - INFO - Parsing position data...
2025-06-13 13:03:19,669 - WARNING - Driver  2: Position data is incomplete!
2025-06-13 13:03:19,681 - WARNING - Driver  3: Position data is incomplete!
2025-06-13 13:03:19,687 - WARNING - Driver 30: Position data is incomplete!
2025-06-13 13:03:19,696 - WARNING - Driver 43: Position data is incomplete!
2025-06-13 13:03:19,704 - WARNING - Driver 241: Position data is incomplete!
2025-06-13 13:03:19,724 - WARNING - Driver 242: Position data is incomplete!
2025-06-13 13:03:19,808 - WARNING - Driver 243: Position data is incomplete!
2025-06-13 13:03:20,059 - INFO - Data has been written to cache!
2025-06-13 13:03:20,904 - INFO - No cached data found for weather_data. Loading data...
2025-06-13 13:03:20,904 - INFO - Fetching weather data...
2025-06-13 13:03:21,240 - INFO - Data has been written to cache!
2025-06-13 13:03:21,242 - INFO - No cached data found for race_control_messages. Loading data...
2025-06-13 13:03:21,242 - INFO - Fetching race control messages...
2025-06-13 13:03:21,576 - INFO - Data has been written to cache!
2025-06-13 13:03:21,620 - INFO - Finished loading data for 20 drivers: ['55', '4', '16', '44', '63', '1', '20', '81', '27', '10', '18', '43', '31', '77', '24', '30', '11', '14', '23', '22']
2025-06-13 13:03:21,695 - INFO - [EXPORT OK] mexico_city_grand_prix
2025-06-13 13:03:21,706 - INFO - Loading data for Las Vegas Grand Prix - Race [v3.5.3]
2025-06-13 13:03:21,707 - INFO - No cached data found for session_info. Loading data...
2025-06-13 13:03:21,708 - INFO - Fetching session info data...
2025-06-13 13:03:22,220 - INFO - Data has been written to cache!
2025-06-13 13:03:22,221 - INFO - No cached data found for driver_info. Loading data...
2025-06-13 13:03:22,222 - INFO - Fetching driver list...
2025-06-13 13:03:22,580 - INFO - Data has been written to cache!
2025-06-13 13:03:22,735 - INFO - No cached data found for session_status_data. Loading data...
2025-06-13 13:03:22,736 - INFO - Fetching session status data...
2025-06-13 13:03:23,233 - INFO - Data has been written to cache!
2025-06-13 13:03:23,235 - INFO - No cached data found for lap_count. Loading data...
2025-06-13 13:03:23,236 - INFO - Fetching lap count data...
2025-06-13 13:03:23,652 - INFO - Data has been written to cache!
2025-06-13 13:03:23,654 - INFO - No cached data found for track_status_data. Loading data...
2025-06-13 13:03:23,654 - INFO - Fetching track status data...
2025-06-13 13:03:24,006 - INFO - Data has been written to cache!
2025-06-13 13:03:24,008 - INFO - No cached data found for _extended_timing_data. Loading data...
2025-06-13 13:03:24,008 - INFO - Fetching timing data...
2025-06-13 13:03:24,901 - INFO - Parsing timing data...
2025-06-13 13:03:25,504 - INFO - Data has been written to cache!
2025-06-13 13:03:25,505 - INFO - No cached data found for timing_app_data. Loading data...
2025-06-13 13:03:25,505 - INFO - Fetching timing app data...
2025-06-13 13:03:26,063 - INFO - Data has been written to cache!
2025-06-13 13:03:26,064 - INFO - Processing timing data...
2025-06-13 13:03:26,389 - WARNING - Driver 63: Lap timing integrity check failed for 2 lap(s)
2025-06-13 13:03:26,395 - WARNING - Driver 44: Lap timing integrity check failed for 1 lap(s)
2025-06-13 13:03:26,402 - WARNING - Driver 55: Lap timing integrity check failed for 1 lap(s)
2025-06-13 13:03:26,407 - WARNING - Driver 16: Lap timing integrity check failed for 2 lap(s)
2025-06-13 13:03:26,413 - WARNING - Driver  1: Lap timing integrity check failed for 1 lap(s)
2025-06-13 13:03:26,420 - WARNING - Driver  4: Lap timing integrity check failed for 1 lap(s)
2025-06-13 13:03:26,428 - WARNING - Driver 81: Lap timing integrity check failed for 1 lap(s)
2025-06-13 13:03:26,471 - WARNING - Driver 30: Lap timing integrity check failed for 2 lap(s)
2025-06-13 13:03:26,481 - WARNING - Driver 77: Lap timing integrity check failed for 2 lap(s)
2025-06-13 13:03:26,622 - INFO - No cached data found for car_data. Loading data...
2025-06-13 13:03:26,622 - INFO - Fetching car data...
2025-06-13 13:03:27,465 - INFO - Parsing car data...
2025-06-13 13:03:30,170 - INFO - Data has been written to cache!
2025-06-13 13:03:30,171 - INFO - No cached data found for position_data. Loading data...
2025-06-13 13:03:30,171 - INFO - Fetching position data...
2025-06-13 13:03:30,930 - INFO - Parsing position data...
2025-06-13 13:03:33,548 - INFO - Data has been written to cache!
2025-06-13 13:03:34,316 - INFO - No cached data found for weather_data. Loading data...
2025-06-13 13:03:34,318 - INFO - Fetching weather data...
2025-06-13 13:03:34,713 - INFO - Data has been written to cache!
2025-06-13 13:03:34,715 - INFO - No cached data found for race_control_messages. Loading data...
2025-06-13 13:03:34,716 - INFO - Fetching race control messages...
2025-06-13 13:03:35,128 - INFO - Data has been written to cache!
2025-06-13 13:03:35,144 - WARNING - Driver 63 completed the race distance 00:00.427000 before the recorded end of the session.
2025-06-13 13:03:35,179 - INFO - Finished loading data for 20 drivers: ['63', '44', '55', '16', '1', '4', '81', '27', '22', '11', '14', '20', '24', '43', '18', '30', '31', '77', '23', '10']
2025-06-13 13:03:35,237 - INFO - [EXPORT OK] las_vegas_grand_prix
2025-06-13 13:03:35,245 - INFO - Loading data for Abu Dhabi Grand Prix - Race [v3.5.3]
2025-06-13 13:03:35,246 - INFO - No cached data found for session_info. Loading data...
2025-06-13 13:03:35,246 - INFO - Fetching session info data...
2025-06-13 13:03:35,597 - INFO - Data has been written to cache!
2025-06-13 13:03:35,598 - INFO - No cached data found for driver_info. Loading data...
2025-06-13 13:03:35,598 - INFO - Fetching driver list...
2025-06-13 13:03:35,948 - INFO - Data has been written to cache!
2025-06-13 13:03:36,075 - DEBUG - Failed to parse timestamp '-1:58:03.658' in Ergastresponse.
2025-06-13 13:03:36,098 - INFO - No cached data found for session_status_data. Loading data...
2025-06-13 13:03:36,099 - INFO - Fetching session status data...
2025-06-13 13:03:36,544 - INFO - Data has been written to cache!
2025-06-13 13:03:36,546 - INFO - No cached data found for lap_count. Loading data...
2025-06-13 13:03:36,546 - INFO - Fetching lap count data...
2025-06-13 13:03:36,897 - INFO - Data has been written to cache!
2025-06-13 13:03:36,898 - INFO - No cached data found for track_status_data. Loading data...
2025-06-13 13:03:36,898 - INFO - Fetching track status data...
2025-06-13 13:03:37,262 - INFO - Data has been written to cache!
2025-06-13 13:03:37,264 - INFO - No cached data found for _extended_timing_data. Loading data...
2025-06-13 13:03:37,264 - INFO - Fetching timing data...
2025-06-13 13:03:38,304 - INFO - Parsing timing data...
2025-06-13 13:03:38,887 - INFO - Data has been written to cache!
2025-06-13 13:03:38,888 - INFO - No cached data found for timing_app_data. Loading data...
2025-06-13 13:03:38,888 - INFO - Fetching timing app data...
2025-06-13 13:03:39,293 - INFO - Data has been written to cache!
2025-06-13 13:03:39,294 - INFO - Processing timing data...
2025-06-13 13:03:39,869 - INFO - No cached data found for car_data. Loading data...
2025-06-13 13:03:39,869 - INFO - Fetching car data...
2025-06-13 13:03:40,874 - INFO - Parsing car data...
2025-06-13 13:03:43,554 - WARNING - Driver  2: Car data is incomplete!
2025-06-13 13:03:43,563 - WARNING - Driver  3: Car data is incomplete!
2025-06-13 13:03:43,577 - WARNING - Driver  5: Car data is incomplete!
2025-06-13 13:03:43,602 - WARNING - Driver  6: Car data is incomplete!
2025-06-13 13:03:43,609 - WARNING - Driver  7: Car data is incomplete!
2025-06-13 13:03:43,618 - WARNING - Driver  8: Car data is incomplete!
2025-06-13 13:03:43,628 - WARNING - Driver  9: Car data is incomplete!
2025-06-13 13:03:43,635 - WARNING - Driver 12: Car data is incomplete!
2025-06-13 13:03:43,641 - WARNING - Driver 15: Car data is incomplete!
2025-06-13 13:03:43,648 - WARNING - Driver 17: Car data is incomplete!
2025-06-13 13:03:43,655 - WARNING - Driver 19: Car data is incomplete!
2025-06-13 13:03:43,662 - WARNING - Driver 21: Car data is incomplete!
2025-06-13 13:03:43,670 - WARNING - Driver 25: Car data is incomplete!
2025-06-13 13:03:43,675 - WARNING - Driver 26: Car data is incomplete!
2025-06-13 13:03:43,681 - WARNING - Driver 28: Car data is incomplete!
2025-06-13 13:03:43,687 - WARNING - Driver 29: Car data is incomplete!
2025-06-13 13:03:43,694 - WARNING - Driver 31: Car data is incomplete!
2025-06-13 13:03:43,700 - WARNING - Driver 43: Car data is incomplete!
2025-06-13 13:03:43,706 - WARNING - Driver 44: Car data is incomplete!
2025-06-13 13:03:43,712 - WARNING - Driver 55: Car data is incomplete!
2025-06-13 13:03:43,717 - WARNING - Driver 61: Car data is incomplete!
2025-06-13 13:03:43,722 - WARNING - Driver 63: Car data is incomplete!
2025-06-13 13:03:43,728 - WARNING - Driver 77: Car data is incomplete!
2025-06-13 13:03:43,734 - WARNING - Driver 81: Car data is incomplete!
2025-06-13 13:03:43,857 - INFO - Data has been written to cache!
2025-06-13 13:03:43,857 - INFO - No cached data found for position_data. Loading data...
2025-06-13 13:03:43,857 - INFO - Fetching position data...
2025-06-13 13:03:44,547 - INFO - Parsing position data...
2025-06-13 13:03:47,180 - WARNING - Driver  2: Position data is incomplete!
2025-06-13 13:03:47,189 - WARNING - Driver  3: Position data is incomplete!
2025-06-13 13:03:47,197 - WARNING - Driver  5: Position data is incomplete!
2025-06-13 13:03:47,208 - WARNING - Driver  6: Position data is incomplete!
2025-06-13 13:03:47,214 - WARNING - Driver  7: Position data is incomplete!
2025-06-13 13:03:47,219 - WARNING - Driver  8: Position data is incomplete!
2025-06-13 13:03:47,224 - WARNING - Driver  9: Position data is incomplete!
2025-06-13 13:03:47,230 - WARNING - Driver 12: Position data is incomplete!
2025-06-13 13:03:47,235 - WARNING - Driver 15: Position data is incomplete!
2025-06-13 13:03:47,239 - WARNING - Driver 17: Position data is incomplete!
2025-06-13 13:03:47,244 - WARNING - Driver 19: Position data is incomplete!
2025-06-13 13:03:47,249 - WARNING - Driver 21: Position data is incomplete!
2025-06-13 13:03:47,254 - WARNING - Driver 25: Position data is incomplete!
2025-06-13 13:03:47,260 - WARNING - Driver 26: Position data is incomplete!
2025-06-13 13:03:47,265 - WARNING - Driver 28: Position data is incomplete!
2025-06-13 13:03:47,270 - WARNING - Driver 29: Position data is incomplete!
2025-06-13 13:03:47,281 - WARNING - Driver 30: Position data is incomplete!
2025-06-13 13:03:47,286 - WARNING - Driver 31: Position data is incomplete!
2025-06-13 13:03:47,291 - WARNING - Driver 43: Position data is incomplete!
2025-06-13 13:03:47,297 - WARNING - Driver 44: Position data is incomplete!
2025-06-13 13:03:47,302 - WARNING - Driver 55: Position data is incomplete!
2025-06-13 13:03:47,308 - WARNING - Driver 61: Position data is incomplete!
2025-06-13 13:03:47,313 - WARNING - Driver 63: Position data is incomplete!
2025-06-13 13:03:47,319 - WARNING - Driver 77: Position data is incomplete!
2025-06-13 13:03:47,324 - WARNING - Driver 81: Position data is incomplete!
2025-06-13 13:03:47,635 - INFO - Data has been written to cache!
2025-06-13 13:03:48,503 - INFO - No cached data found for weather_data. Loading data...
2025-06-13 13:03:48,503 - INFO - Fetching weather data...
2025-06-13 13:03:48,863 - INFO - Data has been written to cache!
2025-06-13 13:03:48,865 - INFO - No cached data found for race_control_messages. Loading data...
2025-06-13 13:03:48,865 - INFO - Fetching race control messages...
2025-06-13 13:03:49,252 - INFO - Data has been written to cache!
2025-06-13 13:03:49,313 - INFO - Finished loading data for 20 drivers: ['4', '55', '16', '44', '63', '1', '10', '27', '14', '81', '23', '22', '24', '18', '61', '20', '30', '77', '43', '11']
2025-06-13 13:03:49,365 - INFO - [EXPORT OK] abu_dhabi_grand_prix
2025-06-13 13:03:50,077 - INFO - [COMBINED EXPORT] 2024 complete
2025-06-13 14:09:09,296 - INFO - Loading data for Bahrain Grand Prix - Race [v3.5.3]
2025-06-13 14:09:09,298 - INFO - Using cached data for session_info
2025-06-13 14:09:09,299 - INFO - Using cached data for driver_info
2025-06-13 14:09:09,725 - INFO - Using cached data for session_status_data
2025-06-13 14:09:09,726 - INFO - Using cached data for lap_count
2025-06-13 14:09:09,727 - INFO - Using cached data for track_status_data
2025-06-13 14:09:10,095 - INFO - Using cached data for _extended_timing_data
2025-06-13 14:09:10,098 - INFO - Using cached data for timing_app_data
2025-06-13 14:09:10,098 - INFO - Processing timing data...
2025-06-13 14:09:10,785 - INFO - Using cached data for car_data
2025-06-13 14:09:11,012 - INFO - Using cached data for position_data
2025-06-13 14:09:12,127 - INFO - Using cached data for weather_data
2025-06-13 14:09:12,130 - INFO - Using cached data for race_control_messages
2025-06-13 14:09:12,168 - INFO - Finished loading data for 20 drivers: ['1', '11', '55', '16', '63', '4', '44', '81', '14', '18', '24', '20', '3', '22', '23', '27', '31', '10', '77', '2']
2025-06-13 14:09:12,231 - INFO - [EXPORT OK] bahrain_grand_prix
2025-06-13 14:09:12,238 - INFO - Loading data for Saudi Arabian Grand Prix - Race [v3.5.3]
2025-06-13 14:09:12,238 - INFO - Using cached data for session_info
2025-06-13 14:09:12,239 - INFO - Using cached data for driver_info
2025-06-13 14:09:12,364 - INFO - Using cached data for session_status_data
2025-06-13 14:09:12,365 - INFO - Using cached data for lap_count
2025-06-13 14:09:12,366 - INFO - Using cached data for track_status_data
2025-06-13 14:09:12,373 - INFO - Using cached data for _extended_timing_data
2025-06-13 14:09:12,374 - INFO - Using cached data for timing_app_data
2025-06-13 14:09:12,374 - INFO - Processing timing data...
2025-06-13 14:09:12,923 - INFO - Using cached data for car_data
2025-06-13 14:09:13,038 - INFO - Using cached data for position_data
2025-06-13 14:09:13,927 - INFO - Using cached data for weather_data
2025-06-13 14:09:13,929 - INFO - Using cached data for race_control_messages
2025-06-13 14:09:13,969 - INFO - Finished loading data for 20 drivers: ['1', '11', '16', '81', '14', '63', '38', '4', '44', '27', '23', '20', '31', '2', '22', '3', '77', '24', '18', '10']
2025-06-13 14:09:14,016 - INFO - [EXPORT OK] saudi_arabian_grand_prix
2025-06-13 14:09:14,024 - INFO - Loading data for Australian Grand Prix - Race [v3.5.3]
2025-06-13 14:09:14,025 - INFO - Using cached data for session_info
2025-06-13 14:09:14,026 - INFO - Using cached data for driver_info
2025-06-13 14:09:14,227 - DEBUG - Failed to parse timestamp '-1:57:37.891' in Ergastresponse.
2025-06-13 14:09:14,239 - INFO - Using cached data for session_status_data
2025-06-13 14:09:14,243 - INFO - Using cached data for lap_count
2025-06-13 14:09:14,246 - INFO - Using cached data for track_status_data
2025-06-13 14:09:14,267 - INFO - Using cached data for _extended_timing_data
2025-06-13 14:09:14,274 - INFO - Using cached data for timing_app_data
2025-06-13 14:09:14,274 - INFO - Processing timing data...
2025-06-13 14:09:14,917 - INFO - Using cached data for car_data
2025-06-13 14:09:14,997 - INFO - Using cached data for position_data
2025-06-13 14:09:15,780 - INFO - Using cached data for weather_data
2025-06-13 14:09:15,784 - INFO - Using cached data for race_control_messages
2025-06-13 14:09:15,821 - INFO - Finished loading data for 19 drivers: ['55', '16', '4', '81', '11', '18', '22', '14', '27', '20', '23', '3', '10', '77', '24', '31', '63', '44', '1']
2025-06-13 14:09:15,869 - INFO - [EXPORT OK] australian_grand_prix
2025-06-13 14:09:15,878 - INFO - Loading data for Japanese Grand Prix - Race [v3.5.3]
2025-06-13 14:09:15,878 - INFO - Using cached data for session_info
2025-06-13 14:09:15,879 - INFO - Using cached data for driver_info
2025-06-13 14:09:16,008 - INFO - Using cached data for session_status_data
2025-06-13 14:09:16,009 - INFO - Using cached data for lap_count
2025-06-13 14:09:16,010 - INFO - Using cached data for track_status_data
2025-06-13 14:09:16,018 - INFO - Using cached data for _extended_timing_data
2025-06-13 14:09:16,021 - INFO - Using cached data for timing_app_data
2025-06-13 14:09:16,021 - INFO - Processing timing data...
2025-06-13 14:09:16,689 - INFO - Using cached data for car_data
2025-06-13 14:09:16,772 - INFO - Using cached data for position_data
2025-06-13 14:09:17,635 - INFO - Using cached data for weather_data
2025-06-13 14:09:17,637 - INFO - Using cached data for race_control_messages
2025-06-13 14:09:17,659 - INFO - Finished loading data for 20 drivers: ['1', '11', '55', '16', '4', '14', '63', '81', '44', '22', '27', '18', '20', '77', '31', '10', '2', '24', '3', '23']
2025-06-13 14:09:17,701 - INFO - [EXPORT OK] japanese_grand_prix
2025-06-13 14:09:17,708 - INFO - Loading data for Emilia Romagna Grand Prix - Race [v3.5.3]
2025-06-13 14:09:17,708 - INFO - Using cached data for session_info
2025-06-13 14:09:17,709 - INFO - Using cached data for driver_info
2025-06-13 14:09:17,933 - INFO - Using cached data for session_status_data
2025-06-13 14:09:17,934 - INFO - Using cached data for lap_count
2025-06-13 14:09:17,935 - INFO - Using cached data for track_status_data
2025-06-13 14:09:17,941 - INFO - Using cached data for _extended_timing_data
2025-06-13 14:09:17,942 - INFO - Using cached data for timing_app_data
2025-06-13 14:09:17,942 - INFO - Processing timing data...
2025-06-13 14:09:18,553 - INFO - Using cached data for car_data
2025-06-13 14:09:18,638 - INFO - Using cached data for position_data
2025-06-13 14:09:19,407 - INFO - Using cached data for weather_data
2025-06-13 14:09:19,409 - INFO - Using cached data for race_control_messages
2025-06-13 14:09:19,435 - INFO - Finished loading data for 20 drivers: ['1', '4', '16', '81', '55', '44', '63', '11', '18', '22', '27', '20', '3', '31', '24', '10', '2', '77', '14', '23']
2025-06-13 14:09:19,500 - INFO - [EXPORT OK] emilia_romagna_grand_prix
2025-06-13 14:09:19,507 - INFO - Loading data for Monaco Grand Prix - Race [v3.5.3]
2025-06-13 14:09:19,511 - INFO - Using cached data for session_info
2025-06-13 14:09:19,512 - INFO - Using cached data for driver_info
2025-06-13 14:09:19,645 - INFO - Using cached data for session_status_data
2025-06-13 14:09:19,646 - INFO - Using cached data for lap_count
2025-06-13 14:09:19,647 - INFO - Using cached data for track_status_data
2025-06-13 14:09:19,652 - INFO - Using cached data for _extended_timing_data
2025-06-13 14:09:19,653 - INFO - Using cached data for timing_app_data
2025-06-13 14:09:19,653 - INFO - Processing timing data...
2025-06-13 14:09:20,361 - INFO - Using cached data for car_data
2025-06-13 14:09:20,537 - INFO - Using cached data for position_data
2025-06-13 14:09:21,782 - INFO - Using cached data for weather_data
2025-06-13 14:09:21,790 - INFO - Using cached data for race_control_messages
2025-06-13 14:09:21,844 - INFO - Finished loading data for 20 drivers: ['16', '81', '55', '4', '63', '1', '44', '22', '23', '10', '14', '3', '77', '18', '2', '24', '31', '11', '27', '20']
2025-06-13 14:09:21,917 - INFO - [EXPORT OK] monaco_grand_prix
2025-06-13 14:09:21,927 - INFO - Loading data for Canadian Grand Prix - Race [v3.5.3]
2025-06-13 14:09:21,928 - INFO - Using cached data for session_info
2025-06-13 14:09:21,929 - INFO - Using cached data for driver_info
2025-06-13 14:09:22,069 - INFO - Using cached data for session_status_data
2025-06-13 14:09:22,070 - INFO - Using cached data for lap_count
2025-06-13 14:09:22,071 - INFO - Using cached data for track_status_data
2025-06-13 14:09:22,079 - INFO - Using cached data for _extended_timing_data
2025-06-13 14:09:22,081 - INFO - Using cached data for timing_app_data
2025-06-13 14:09:22,082 - INFO - Processing timing data...
2025-06-13 14:09:22,815 - INFO - Using cached data for car_data
2025-06-13 14:09:22,895 - INFO - Using cached data for position_data
2025-06-13 14:09:23,571 - INFO - Using cached data for weather_data
2025-06-13 14:09:23,575 - INFO - Using cached data for race_control_messages
2025-06-13 14:09:23,649 - INFO - Finished loading data for 20 drivers: ['1', '4', '63', '44', '81', '14', '18', '3', '10', '31', '27', '20', '77', '22', '24', '55', '23', '11', '16', '2']
2025-06-13 14:09:23,735 - INFO - [EXPORT OK] canadian_grand_prix
2025-06-13 14:09:23,742 - INFO - Loading data for Spanish Grand Prix - Race [v3.5.3]
2025-06-13 14:09:23,743 - INFO - Using cached data for session_info
2025-06-13 14:09:23,743 - INFO - Using cached data for driver_info
2025-06-13 14:09:23,902 - INFO - Using cached data for session_status_data
2025-06-13 14:09:23,903 - INFO - Using cached data for lap_count
2025-06-13 14:09:23,904 - INFO - Using cached data for track_status_data
2025-06-13 14:09:23,911 - INFO - Using cached data for _extended_timing_data
2025-06-13 14:09:23,913 - INFO - Using cached data for timing_app_data
2025-06-13 14:09:23,913 - INFO - Processing timing data...
2025-06-13 14:09:24,676 - INFO - Using cached data for car_data
2025-06-13 14:09:24,761 - INFO - Using cached data for position_data
2025-06-13 14:09:25,527 - INFO - Using cached data for weather_data
2025-06-13 14:09:25,529 - INFO - Using cached data for race_control_messages
2025-06-13 14:09:25,531 - WARNING - Driver 1 completed the race distance 00:00.015000 before the recorded end of the session.
2025-06-13 14:09:25,559 - INFO - Finished loading data for 20 drivers: ['1', '4', '44', '63', '16', '55', '81', '11', '10', '31', '27', '14', '24', '18', '3', '77', '20', '23', '22', '2']
2025-06-13 14:09:25,626 - INFO - [EXPORT OK] spanish_grand_prix
2025-06-13 14:09:25,634 - INFO - Loading data for British Grand Prix - Race [v3.5.3]
2025-06-13 14:09:25,635 - INFO - Using cached data for session_info
2025-06-13 14:09:25,635 - INFO - Using cached data for driver_info
2025-06-13 14:09:25,766 - INFO - Using cached data for session_status_data
2025-06-13 14:09:25,767 - INFO - Using cached data for lap_count
2025-06-13 14:09:25,768 - INFO - Using cached data for track_status_data
2025-06-13 14:09:25,773 - INFO - Using cached data for _extended_timing_data
2025-06-13 14:09:25,775 - INFO - Using cached data for timing_app_data
2025-06-13 14:09:25,775 - INFO - Processing timing data...
2025-06-13 14:09:26,366 - INFO - Using cached data for car_data
2025-06-13 14:09:26,431 - INFO - Using cached data for position_data
2025-06-13 14:09:27,201 - INFO - Using cached data for weather_data
2025-06-13 14:09:27,203 - INFO - Using cached data for race_control_messages
2025-06-13 14:09:27,229 - INFO - Finished loading data for 20 drivers: ['44', '1', '4', '81', '55', '27', '18', '14', '23', '22', '2', '20', '3', '16', '77', '31', '11', '24', '63', '10']
2025-06-13 14:09:27,276 - INFO - [EXPORT OK] british_grand_prix
2025-06-13 14:09:27,282 - INFO - Loading data for Hungarian Grand Prix - Race [v3.5.3]
2025-06-13 14:09:27,282 - INFO - Using cached data for session_info
2025-06-13 14:09:27,283 - INFO - Using cached data for driver_info
2025-06-13 14:09:27,413 - INFO - Using cached data for session_status_data
2025-06-13 14:09:27,414 - INFO - Using cached data for lap_count
2025-06-13 14:09:27,415 - INFO - Using cached data for track_status_data
2025-06-13 14:09:27,421 - INFO - Using cached data for _extended_timing_data
2025-06-13 14:09:27,422 - INFO - Using cached data for timing_app_data
2025-06-13 14:09:27,423 - INFO - Processing timing data...
2025-06-13 14:09:28,071 - INFO - Using cached data for car_data
2025-06-13 14:09:28,131 - INFO - Using cached data for position_data
2025-06-13 14:09:28,857 - INFO - Using cached data for weather_data
2025-06-13 14:09:28,859 - INFO - Using cached data for race_control_messages
2025-06-13 14:09:28,880 - INFO - Finished loading data for 20 drivers: ['81', '4', '44', '16', '1', '55', '11', '63', '22', '18', '14', '3', '27', '23', '20', '77', '2', '31', '24', '10']
2025-06-13 14:09:28,940 - INFO - [EXPORT OK] hungarian_grand_prix
2025-06-13 14:09:28,946 - INFO - Loading data for Belgian Grand Prix - Race [v3.5.3]
2025-06-13 14:09:28,947 - INFO - Using cached data for session_info
2025-06-13 14:09:28,948 - INFO - Using cached data for driver_info
2025-06-13 14:09:29,070 - DEBUG - Failed to parse timestamp '-1:59:59.474' in Ergastresponse.
2025-06-13 14:09:29,081 - INFO - Using cached data for session_status_data
2025-06-13 14:09:29,082 - INFO - Using cached data for lap_count
2025-06-13 14:09:29,082 - INFO - Using cached data for track_status_data
2025-06-13 14:09:29,088 - INFO - Using cached data for _extended_timing_data
2025-06-13 14:09:29,089 - INFO - Using cached data for timing_app_data
2025-06-13 14:09:29,089 - INFO - Processing timing data...
2025-06-13 14:09:29,628 - INFO - Using cached data for car_data
2025-06-13 14:09:29,689 - INFO - Using cached data for position_data
2025-06-13 14:09:30,438 - INFO - Using cached data for weather_data
2025-06-13 14:09:30,440 - INFO - Using cached data for race_control_messages
2025-06-13 14:09:30,463 - INFO - Finished loading data for 20 drivers: ['44', '81', '16', '1', '4', '55', '11', '14', '31', '3', '18', '23', '10', '20', '77', '22', '2', '27', '24', '63']
2025-06-13 14:09:30,506 - INFO - [EXPORT OK] belgian_grand_prix
2025-06-13 14:09:30,513 - INFO - Loading data for Dutch Grand Prix - Race [v3.5.3]
2025-06-13 14:09:30,514 - INFO - Using cached data for session_info
2025-06-13 14:09:30,514 - INFO - Using cached data for driver_info
2025-06-13 14:09:30,640 - INFO - Using cached data for session_status_data
2025-06-13 14:09:30,641 - INFO - Using cached data for lap_count
2025-06-13 14:09:30,641 - INFO - Using cached data for track_status_data
2025-06-13 14:09:30,647 - INFO - Using cached data for _extended_timing_data
2025-06-13 14:09:30,649 - INFO - Using cached data for timing_app_data
2025-06-13 14:09:30,649 - INFO - Processing timing data...
2025-06-13 14:09:31,732 - INFO - Using cached data for car_data
2025-06-13 14:09:31,848 - INFO - Using cached data for position_data
2025-06-13 14:09:32,714 - INFO - Using cached data for weather_data
2025-06-13 14:09:32,715 - INFO - Using cached data for race_control_messages
2025-06-13 14:09:32,738 - INFO - Finished loading data for 20 drivers: ['4', '1', '16', '81', '55', '11', '63', '44', '10', '14', '27', '3', '18', '23', '31', '2', '22', '20', '77', '24']
2025-06-13 14:09:32,810 - INFO - [EXPORT OK] dutch_grand_prix
2025-06-13 14:09:32,819 - INFO - Loading data for Italian Grand Prix - Race [v3.5.3]
2025-06-13 14:09:32,820 - INFO - Using cached data for session_info
2025-06-13 14:09:32,821 - INFO - Using cached data for driver_info
2025-06-13 14:09:33,041 - INFO - Using cached data for session_status_data
2025-06-13 14:09:33,042 - INFO - Using cached data for lap_count
2025-06-13 14:09:33,043 - INFO - Using cached data for track_status_data
2025-06-13 14:09:33,062 - INFO - Using cached data for _extended_timing_data
2025-06-13 14:09:33,069 - INFO - Using cached data for timing_app_data
2025-06-13 14:09:33,071 - INFO - Processing timing data...
2025-06-13 14:09:33,802 - INFO - Using cached data for car_data
2025-06-13 14:09:33,876 - INFO - Using cached data for position_data
2025-06-13 14:09:34,583 - INFO - Using cached data for weather_data
2025-06-13 14:09:34,584 - INFO - Using cached data for race_control_messages
2025-06-13 14:09:34,610 - INFO - Finished loading data for 20 drivers: ['16', '81', '4', '55', '44', '1', '63', '11', '23', '20', '14', '43', '3', '31', '10', '77', '27', '24', '18', '22']
2025-06-13 14:09:34,663 - INFO - [EXPORT OK] italian_grand_prix
2025-06-13 14:09:34,669 - INFO - Loading data for Azerbaijan Grand Prix - Race [v3.5.3]
2025-06-13 14:09:34,670 - INFO - Using cached data for session_info
2025-06-13 14:09:34,671 - INFO - Using cached data for driver_info
2025-06-13 14:09:34,869 - DEBUG - Failed to parse timestamp '-1:55:43.191' in Ergastresponse.
2025-06-13 14:09:34,869 - DEBUG - Failed to parse timestamp '-1:55:43.761' in Ergastresponse.
2025-06-13 14:09:34,869 - DEBUG - Failed to parse timestamp '-1:50:23.073' in Ergastresponse.
2025-06-13 14:09:34,887 - INFO - Using cached data for session_status_data
2025-06-13 14:09:34,888 - INFO - Using cached data for lap_count
2025-06-13 14:09:34,889 - INFO - Using cached data for track_status_data
2025-06-13 14:09:34,894 - INFO - Using cached data for _extended_timing_data
2025-06-13 14:09:34,895 - INFO - Using cached data for timing_app_data
2025-06-13 14:09:34,896 - INFO - Processing timing data...
2025-06-13 14:09:35,488 - INFO - Using cached data for car_data
2025-06-13 14:09:35,562 - INFO - Using cached data for position_data
2025-06-13 14:09:36,326 - INFO - Using cached data for weather_data
2025-06-13 14:09:36,327 - INFO - Using cached data for race_control_messages
2025-06-13 14:09:36,398 - INFO - Finished loading data for 20 drivers: ['81', '16', '63', '4', '1', '14', '23', '43', '44', '50', '27', '10', '3', '24', '31', '77', '11', '55', '18', '22']
2025-06-13 14:09:36,480 - INFO - [EXPORT OK] azerbaijan_grand_prix
2025-06-13 14:09:36,487 - INFO - Loading data for Singapore Grand Prix - Race [v3.5.3]
2025-06-13 14:09:36,488 - INFO - Using cached data for session_info
2025-06-13 14:09:36,488 - INFO - Using cached data for driver_info
2025-06-13 14:09:36,613 - DEBUG - Failed to parse timestamp '-1:55:59.335' in Ergastresponse.
2025-06-13 14:09:36,624 - INFO - Using cached data for session_status_data
2025-06-13 14:09:36,625 - INFO - Using cached data for lap_count
2025-06-13 14:09:36,625 - INFO - Using cached data for track_status_data
2025-06-13 14:09:36,630 - INFO - Using cached data for _extended_timing_data
2025-06-13 14:09:36,633 - INFO - Using cached data for timing_app_data
2025-06-13 14:09:36,633 - INFO - Processing timing data...
2025-06-13 14:09:37,374 - INFO - Using cached data for car_data
2025-06-13 14:09:37,488 - INFO - Using cached data for position_data
2025-06-13 14:09:38,326 - INFO - Using cached data for weather_data
2025-06-13 14:09:38,327 - INFO - Using cached data for race_control_messages
2025-06-13 14:09:38,353 - INFO - Finished loading data for 20 drivers: ['4', '1', '81', '63', '16', '44', '55', '14', '27', '11', '43', '22', '31', '18', '24', '77', '10', '3', '20', '23']
2025-06-13 14:09:38,409 - INFO - [EXPORT OK] singapore_grand_prix
2025-06-13 14:09:38,416 - INFO - Loading data for Mexico City Grand Prix - Race [v3.5.3]
2025-06-13 14:09:38,417 - INFO - Using cached data for session_info
2025-06-13 14:09:38,418 - INFO - Using cached data for driver_info
2025-06-13 14:09:38,635 - INFO - Using cached data for session_status_data
2025-06-13 14:09:38,636 - INFO - Using cached data for lap_count
2025-06-13 14:09:38,637 - INFO - Using cached data for track_status_data
2025-06-13 14:09:38,644 - INFO - Using cached data for _extended_timing_data
2025-06-13 14:09:38,645 - INFO - Using cached data for timing_app_data
2025-06-13 14:09:38,646 - INFO - Processing timing data...
2025-06-13 14:09:39,351 - INFO - Using cached data for car_data
2025-06-13 14:09:39,464 - INFO - Using cached data for position_data
2025-06-13 14:09:40,285 - INFO - Using cached data for weather_data
2025-06-13 14:09:40,286 - INFO - Using cached data for race_control_messages
2025-06-13 14:09:40,314 - INFO - Finished loading data for 20 drivers: ['55', '4', '16', '44', '63', '1', '20', '81', '27', '10', '18', '43', '31', '77', '24', '30', '11', '14', '23', '22']
2025-06-13 14:09:40,393 - INFO - [EXPORT OK] mexico_city_grand_prix
2025-06-13 14:09:40,401 - INFO - Loading data for Las Vegas Grand Prix - Race [v3.5.3]
2025-06-13 14:09:40,402 - INFO - Using cached data for session_info
2025-06-13 14:09:40,402 - INFO - Using cached data for driver_info
2025-06-13 14:09:40,538 - INFO - Using cached data for session_status_data
2025-06-13 14:09:40,540 - INFO - Using cached data for lap_count
2025-06-13 14:09:40,540 - INFO - Using cached data for track_status_data
2025-06-13 14:09:40,545 - INFO - Using cached data for _extended_timing_data
2025-06-13 14:09:40,546 - INFO - Using cached data for timing_app_data
2025-06-13 14:09:40,546 - INFO - Processing timing data...
2025-06-13 14:09:40,906 - WARNING - Driver 63: Lap timing integrity check failed for 2 lap(s)
2025-06-13 14:09:40,911 - WARNING - Driver 44: Lap timing integrity check failed for 1 lap(s)
2025-06-13 14:09:40,915 - WARNING - Driver 55: Lap timing integrity check failed for 1 lap(s)
2025-06-13 14:09:40,922 - WARNING - Driver 16: Lap timing integrity check failed for 2 lap(s)
2025-06-13 14:09:40,927 - WARNING - Driver  1: Lap timing integrity check failed for 1 lap(s)
2025-06-13 14:09:40,932 - WARNING - Driver  4: Lap timing integrity check failed for 1 lap(s)
2025-06-13 14:09:40,936 - WARNING - Driver 81: Lap timing integrity check failed for 1 lap(s)
2025-06-13 14:09:40,977 - WARNING - Driver 30: Lap timing integrity check failed for 2 lap(s)
2025-06-13 14:09:40,987 - WARNING - Driver 77: Lap timing integrity check failed for 2 lap(s)
2025-06-13 14:09:41,163 - INFO - Using cached data for car_data
2025-06-13 14:09:41,237 - INFO - Using cached data for position_data
2025-06-13 14:09:41,962 - INFO - Using cached data for weather_data
2025-06-13 14:09:41,964 - INFO - Using cached data for race_control_messages
2025-06-13 14:09:41,967 - WARNING - Driver 63 completed the race distance 00:00.427000 before the recorded end of the session.
2025-06-13 14:09:41,989 - INFO - Finished loading data for 20 drivers: ['63', '44', '55', '16', '1', '4', '81', '27', '22', '11', '14', '20', '24', '43', '18', '30', '31', '77', '23', '10']
2025-06-13 14:09:42,037 - INFO - [EXPORT OK] las_vegas_grand_prix
2025-06-13 14:09:42,043 - INFO - Loading data for Abu Dhabi Grand Prix - Race [v3.5.3]
2025-06-13 14:09:42,044 - INFO - Using cached data for session_info
2025-06-13 14:09:42,045 - INFO - Using cached data for driver_info
2025-06-13 14:09:42,165 - DEBUG - Failed to parse timestamp '-1:58:03.658' in Ergastresponse.
2025-06-13 14:09:42,176 - INFO - Using cached data for session_status_data
2025-06-13 14:09:42,177 - INFO - Using cached data for lap_count
2025-06-13 14:09:42,177 - INFO - Using cached data for track_status_data
2025-06-13 14:09:42,182 - INFO - Using cached data for _extended_timing_data
2025-06-13 14:09:42,184 - INFO - Using cached data for timing_app_data
2025-06-13 14:09:42,184 - INFO - Processing timing data...
2025-06-13 14:09:42,852 - INFO - Using cached data for car_data
2025-06-13 14:09:43,028 - INFO - Using cached data for position_data
2025-06-13 14:09:43,858 - INFO - Using cached data for weather_data
2025-06-13 14:09:43,860 - INFO - Using cached data for race_control_messages
2025-06-13 14:09:43,906 - INFO - Finished loading data for 20 drivers: ['4', '55', '16', '44', '63', '1', '10', '27', '14', '81', '23', '22', '24', '18', '61', '20', '30', '77', '43', '11']
2025-06-13 14:09:43,961 - INFO - [EXPORT OK] abu_dhabi_grand_prix
2025-06-13 14:09:44,797 - INFO - [COMBINED EXPORT] 2024 complete
2025-06-14 19:56:22,690 - INFO - Loading data for Bahrain Grand Prix - Race [v3.5.3]
2025-06-14 19:56:22,692 - INFO - Using cached data for session_info
2025-06-14 19:56:22,692 - INFO - Using cached data for driver_info
2025-06-14 19:56:23,372 - INFO - Using cached data for session_status_data
2025-06-14 19:56:23,374 - INFO - Using cached data for lap_count
2025-06-14 19:56:23,374 - INFO - Using cached data for track_status_data
2025-06-14 19:56:23,404 - INFO - Using cached data for _extended_timing_data
2025-06-14 19:56:23,407 - INFO - Using cached data for timing_app_data
2025-06-14 19:56:23,407 - INFO - Processing timing data...
2025-06-14 19:56:24,141 - INFO - Using cached data for car_data
2025-06-14 19:56:24,384 - INFO - Using cached data for position_data
2025-06-14 19:56:25,501 - INFO - Using cached data for weather_data
2025-06-14 19:56:25,503 - INFO - Using cached data for race_control_messages
2025-06-14 19:56:25,531 - INFO - Finished loading data for 20 drivers: ['1', '11', '55', '16', '63', '4', '44', '81', '14', '18', '24', '20', '3', '22', '23', '27', '31', '10', '77', '2']
2025-06-14 19:56:26,444 - INFO - [EXPORT OK] bahrain_grand_prix
2025-06-14 19:56:26,451 - INFO - Loading data for Saudi Arabian Grand Prix - Race [v3.5.3]
2025-06-14 19:56:26,451 - INFO - Using cached data for session_info
2025-06-14 19:56:26,452 - INFO - Using cached data for driver_info
2025-06-14 19:56:26,597 - INFO - Using cached data for session_status_data
2025-06-14 19:56:26,598 - INFO - Using cached data for lap_count
2025-06-14 19:56:26,599 - INFO - Using cached data for track_status_data
2025-06-14 19:56:26,604 - INFO - Using cached data for _extended_timing_data
2025-06-14 19:56:26,605 - INFO - Using cached data for timing_app_data
2025-06-14 19:56:26,605 - INFO - Processing timing data...
2025-06-14 19:56:27,173 - INFO - Using cached data for car_data
2025-06-14 19:56:27,324 - INFO - Using cached data for position_data
2025-06-14 19:56:28,189 - INFO - Using cached data for weather_data
2025-06-14 19:56:28,191 - INFO - Using cached data for race_control_messages
2025-06-14 19:56:28,227 - INFO - Finished loading data for 20 drivers: ['1', '11', '16', '81', '14', '63', '38', '4', '44', '27', '23', '20', '31', '2', '22', '3', '77', '24', '18', '10']
2025-06-14 19:56:28,523 - INFO - [EXPORT OK] saudi_arabian_grand_prix
2025-06-14 19:56:28,529 - INFO - Loading data for Australian Grand Prix - Race [v3.5.3]
2025-06-14 19:56:28,530 - INFO - Using cached data for session_info
2025-06-14 19:56:28,530 - INFO - Using cached data for driver_info
2025-06-14 19:56:28,649 - DEBUG - Failed to parse timestamp '-1:57:37.891' in Ergastresponse.
2025-06-14 19:56:28,660 - INFO - Using cached data for session_status_data
2025-06-14 19:56:28,661 - INFO - Using cached data for lap_count
2025-06-14 19:56:28,662 - INFO - Using cached data for track_status_data
2025-06-14 19:56:28,668 - INFO - Using cached data for _extended_timing_data
2025-06-14 19:56:28,670 - INFO - Using cached data for timing_app_data
2025-06-14 19:56:28,670 - INFO - Processing timing data...
2025-06-14 19:56:29,249 - INFO - Using cached data for car_data
2025-06-14 19:56:29,322 - INFO - Using cached data for position_data
2025-06-14 19:56:30,025 - INFO - Using cached data for weather_data
2025-06-14 19:56:30,026 - INFO - Using cached data for race_control_messages
2025-06-14 19:56:30,058 - INFO - Finished loading data for 19 drivers: ['55', '16', '4', '81', '11', '18', '22', '14', '27', '20', '23', '3', '10', '77', '24', '31', '63', '44', '1']
2025-06-14 19:56:30,371 - INFO - [EXPORT OK] australian_grand_prix
2025-06-14 19:56:30,377 - INFO - Loading data for Japanese Grand Prix - Race [v3.5.3]
2025-06-14 19:56:30,378 - INFO - Using cached data for session_info
2025-06-14 19:56:30,378 - INFO - Using cached data for driver_info
2025-06-14 19:56:30,514 - INFO - Using cached data for session_status_data
2025-06-14 19:56:30,515 - INFO - Using cached data for lap_count
2025-06-14 19:56:30,516 - INFO - Using cached data for track_status_data
2025-06-14 19:56:30,521 - INFO - Using cached data for _extended_timing_data
2025-06-14 19:56:30,522 - INFO - Using cached data for timing_app_data
2025-06-14 19:56:30,522 - INFO - Processing timing data...
2025-06-14 19:56:31,091 - INFO - Using cached data for car_data
2025-06-14 19:56:31,159 - INFO - Using cached data for position_data
2025-06-14 19:56:32,055 - INFO - Using cached data for weather_data
2025-06-14 19:56:32,057 - INFO - Using cached data for race_control_messages
2025-06-14 19:56:32,081 - INFO - Finished loading data for 20 drivers: ['1', '11', '55', '16', '4', '14', '63', '81', '44', '22', '27', '18', '20', '77', '31', '10', '2', '24', '3', '23']
2025-06-14 19:56:32,492 - INFO - [EXPORT OK] japanese_grand_prix
2025-06-14 19:56:32,498 - INFO - Loading data for Emilia Romagna Grand Prix - Race [v3.5.3]
2025-06-14 19:56:32,499 - INFO - Using cached data for session_info
2025-06-14 19:56:32,500 - INFO - Using cached data for driver_info
2025-06-14 19:56:32,744 - INFO - Using cached data for session_status_data
2025-06-14 19:56:32,745 - INFO - Using cached data for lap_count
2025-06-14 19:56:32,746 - INFO - Using cached data for track_status_data
2025-06-14 19:56:32,752 - INFO - Using cached data for _extended_timing_data
2025-06-14 19:56:32,754 - INFO - Using cached data for timing_app_data
2025-06-14 19:56:32,754 - INFO - Processing timing data...
2025-06-14 19:56:33,549 - INFO - Using cached data for car_data
2025-06-14 19:56:33,623 - INFO - Using cached data for position_data
2025-06-14 19:56:34,304 - INFO - Using cached data for weather_data
2025-06-14 19:56:34,306 - INFO - Using cached data for race_control_messages
2025-06-14 19:56:34,329 - INFO - Finished loading data for 20 drivers: ['1', '4', '16', '81', '55', '44', '63', '11', '18', '22', '27', '20', '3', '31', '24', '10', '2', '77', '14', '23']
2025-06-14 19:56:34,668 - INFO - [EXPORT OK] emilia_romagna_grand_prix
2025-06-14 19:56:34,674 - INFO - Loading data for Monaco Grand Prix - Race [v3.5.3]
2025-06-14 19:56:34,674 - INFO - Using cached data for session_info
2025-06-14 19:56:34,675 - INFO - Using cached data for driver_info
2025-06-14 19:56:35,091 - INFO - Using cached data for session_status_data
2025-06-14 19:56:35,092 - INFO - Using cached data for lap_count
2025-06-14 19:56:35,093 - INFO - Using cached data for track_status_data
2025-06-14 19:56:35,099 - INFO - Using cached data for _extended_timing_data
2025-06-14 19:56:35,100 - INFO - Using cached data for timing_app_data
2025-06-14 19:56:35,101 - INFO - Processing timing data...
2025-06-14 19:56:35,931 - INFO - Using cached data for car_data
2025-06-14 19:56:36,337 - INFO - Using cached data for position_data
2025-06-14 19:56:37,380 - INFO - Using cached data for weather_data
2025-06-14 19:56:37,382 - INFO - Using cached data for race_control_messages
2025-06-14 19:56:37,402 - INFO - Finished loading data for 20 drivers: ['16', '81', '55', '4', '63', '1', '44', '22', '23', '10', '14', '3', '77', '18', '2', '24', '31', '11', '27', '20']
2025-06-14 19:56:37,781 - INFO - [EXPORT OK] monaco_grand_prix
2025-06-14 19:56:37,787 - INFO - Loading data for Canadian Grand Prix - Race [v3.5.3]
2025-06-14 19:56:37,788 - INFO - Using cached data for session_info
2025-06-14 19:56:37,788 - INFO - Using cached data for driver_info
2025-06-14 19:56:38,209 - INFO - Using cached data for session_status_data
2025-06-14 19:56:38,210 - INFO - Using cached data for lap_count
2025-06-14 19:56:38,211 - INFO - Using cached data for track_status_data
2025-06-14 19:56:38,221 - INFO - Using cached data for _extended_timing_data
2025-06-14 19:56:38,223 - INFO - Using cached data for timing_app_data
2025-06-14 19:56:38,223 - INFO - Processing timing data...
2025-06-14 19:56:38,920 - INFO - Using cached data for car_data
2025-06-14 19:56:38,978 - INFO - Using cached data for position_data
2025-06-14 19:56:39,584 - INFO - Using cached data for weather_data
2025-06-14 19:56:39,585 - INFO - Using cached data for race_control_messages
2025-06-14 19:56:39,643 - INFO - Finished loading data for 20 drivers: ['1', '4', '63', '44', '81', '14', '18', '3', '10', '31', '27', '20', '77', '22', '24', '55', '23', '11', '16', '2']
2025-06-14 19:56:39,960 - INFO - [EXPORT OK] canadian_grand_prix
2025-06-14 19:56:39,966 - INFO - Loading data for Spanish Grand Prix - Race [v3.5.3]
2025-06-14 19:56:39,967 - INFO - Using cached data for session_info
2025-06-14 19:56:39,968 - INFO - Using cached data for driver_info
2025-06-14 19:56:40,111 - INFO - Using cached data for session_status_data
2025-06-14 19:56:40,112 - INFO - Using cached data for lap_count
2025-06-14 19:56:40,112 - INFO - Using cached data for track_status_data
2025-06-14 19:56:40,118 - INFO - Using cached data for _extended_timing_data
2025-06-14 19:56:40,120 - INFO - Using cached data for timing_app_data
2025-06-14 19:56:40,120 - INFO - Processing timing data...
2025-06-14 19:56:40,781 - INFO - Using cached data for car_data
2025-06-14 19:56:40,843 - INFO - Using cached data for position_data
2025-06-14 19:56:41,602 - INFO - Using cached data for weather_data
2025-06-14 19:56:41,603 - INFO - Using cached data for race_control_messages
2025-06-14 19:56:41,606 - WARNING - Driver 1 completed the race distance 00:00.015000 before the recorded end of the session.
2025-06-14 19:56:41,630 - INFO - Finished loading data for 20 drivers: ['1', '4', '44', '63', '16', '55', '81', '11', '10', '31', '27', '14', '24', '18', '3', '77', '20', '23', '22', '2']
2025-06-14 19:56:41,966 - INFO - [EXPORT OK] spanish_grand_prix
2025-06-14 19:56:41,972 - INFO - Loading data for British Grand Prix - Race [v3.5.3]
2025-06-14 19:56:41,973 - INFO - Using cached data for session_info
2025-06-14 19:56:41,974 - INFO - Using cached data for driver_info
2025-06-14 19:56:42,191 - INFO - Using cached data for session_status_data
2025-06-14 19:56:42,192 - INFO - Using cached data for lap_count
2025-06-14 19:56:42,193 - INFO - Using cached data for track_status_data
2025-06-14 19:56:42,198 - INFO - Using cached data for _extended_timing_data
2025-06-14 19:56:42,200 - INFO - Using cached data for timing_app_data
2025-06-14 19:56:42,200 - INFO - Processing timing data...
2025-06-14 19:56:42,830 - INFO - Using cached data for car_data
2025-06-14 19:56:42,889 - INFO - Using cached data for position_data
2025-06-14 19:56:43,596 - INFO - Using cached data for weather_data
2025-06-14 19:56:43,598 - INFO - Using cached data for race_control_messages
2025-06-14 19:56:43,620 - INFO - Finished loading data for 20 drivers: ['44', '1', '4', '81', '55', '27', '18', '14', '23', '22', '2', '20', '3', '16', '77', '31', '11', '24', '63', '10']
2025-06-14 19:56:44,037 - INFO - [EXPORT OK] british_grand_prix
2025-06-14 19:56:44,043 - INFO - Loading data for Hungarian Grand Prix - Race [v3.5.3]
2025-06-14 19:56:44,044 - INFO - Using cached data for session_info
2025-06-14 19:56:44,044 - INFO - Using cached data for driver_info
2025-06-14 19:56:44,185 - INFO - Using cached data for session_status_data
2025-06-14 19:56:44,186 - INFO - Using cached data for lap_count
2025-06-14 19:56:44,187 - INFO - Using cached data for track_status_data
2025-06-14 19:56:44,193 - INFO - Using cached data for _extended_timing_data
2025-06-14 19:56:44,194 - INFO - Using cached data for timing_app_data
2025-06-14 19:56:44,194 - INFO - Processing timing data...
2025-06-14 19:56:44,860 - INFO - Using cached data for car_data
2025-06-14 19:56:44,938 - INFO - Using cached data for position_data
2025-06-14 19:56:45,662 - INFO - Using cached data for weather_data
2025-06-14 19:56:45,663 - INFO - Using cached data for race_control_messages
2025-06-14 19:56:45,684 - INFO - Finished loading data for 20 drivers: ['81', '4', '44', '16', '1', '55', '11', '63', '22', '18', '14', '3', '27', '23', '20', '77', '2', '31', '24', '10']
2025-06-14 19:56:46,037 - INFO - [EXPORT OK] hungarian_grand_prix
2025-06-14 19:56:46,044 - INFO - Loading data for Belgian Grand Prix - Race [v3.5.3]
2025-06-14 19:56:46,044 - INFO - Using cached data for session_info
2025-06-14 19:56:46,045 - INFO - Using cached data for driver_info
2025-06-14 19:56:46,254 - DEBUG - Failed to parse timestamp '-1:59:59.474' in Ergastresponse.
2025-06-14 19:56:46,268 - INFO - Using cached data for session_status_data
2025-06-14 19:56:46,270 - INFO - Using cached data for lap_count
2025-06-14 19:56:46,270 - INFO - Using cached data for track_status_data
2025-06-14 19:56:46,275 - INFO - Using cached data for _extended_timing_data
2025-06-14 19:56:46,276 - INFO - Using cached data for timing_app_data
2025-06-14 19:56:46,277 - INFO - Processing timing data...
2025-06-14 19:56:46,885 - INFO - Using cached data for car_data
2025-06-14 19:56:46,960 - INFO - Using cached data for position_data
2025-06-14 19:56:47,679 - INFO - Using cached data for weather_data
2025-06-14 19:56:47,680 - INFO - Using cached data for race_control_messages
2025-06-14 19:56:47,702 - INFO - Finished loading data for 20 drivers: ['44', '81', '16', '1', '4', '55', '11', '14', '31', '3', '18', '23', '10', '20', '77', '22', '2', '27', '24', '63']
2025-06-14 19:56:48,006 - INFO - [EXPORT OK] belgian_grand_prix
2025-06-14 19:56:48,013 - INFO - Loading data for Dutch Grand Prix - Race [v3.5.3]
2025-06-14 19:56:48,014 - INFO - Using cached data for session_info
2025-06-14 19:56:48,015 - INFO - Using cached data for driver_info
2025-06-14 19:56:48,227 - INFO - Using cached data for session_status_data
2025-06-14 19:56:48,228 - INFO - Using cached data for lap_count
2025-06-14 19:56:48,229 - INFO - Using cached data for track_status_data
2025-06-14 19:56:48,235 - INFO - Using cached data for _extended_timing_data
2025-06-14 19:56:48,236 - INFO - Using cached data for timing_app_data
2025-06-14 19:56:48,237 - INFO - Processing timing data...
2025-06-14 19:56:48,946 - INFO - Using cached data for car_data
2025-06-14 19:56:49,005 - INFO - Using cached data for position_data
2025-06-14 19:56:49,813 - INFO - Using cached data for weather_data
2025-06-14 19:56:49,815 - INFO - Using cached data for race_control_messages
2025-06-14 19:56:49,841 - INFO - Finished loading data for 20 drivers: ['4', '1', '16', '81', '55', '11', '63', '44', '10', '14', '27', '3', '18', '23', '31', '2', '22', '20', '77', '24']
2025-06-14 19:56:50,300 - INFO - [EXPORT OK] dutch_grand_prix
2025-06-14 19:56:50,307 - INFO - Loading data for Italian Grand Prix - Race [v3.5.3]
2025-06-14 19:56:50,307 - INFO - Using cached data for session_info
2025-06-14 19:56:50,308 - INFO - Using cached data for driver_info
2025-06-14 19:56:50,571 - INFO - Using cached data for session_status_data
2025-06-14 19:56:50,572 - INFO - Using cached data for lap_count
2025-06-14 19:56:50,572 - INFO - Using cached data for track_status_data
2025-06-14 19:56:50,577 - INFO - Using cached data for _extended_timing_data
2025-06-14 19:56:50,578 - INFO - Using cached data for timing_app_data
2025-06-14 19:56:50,579 - INFO - Processing timing data...
2025-06-14 19:56:51,209 - INFO - Using cached data for car_data
2025-06-14 19:56:51,291 - INFO - Using cached data for position_data
2025-06-14 19:56:51,987 - INFO - Using cached data for weather_data
2025-06-14 19:56:51,988 - INFO - Using cached data for race_control_messages
2025-06-14 19:56:52,014 - INFO - Finished loading data for 20 drivers: ['16', '81', '4', '55', '44', '1', '63', '11', '23', '20', '14', '43', '3', '31', '10', '77', '27', '24', '18', '22']
2025-06-14 19:56:52,363 - INFO - [EXPORT OK] italian_grand_prix
2025-06-14 19:56:52,376 - INFO - Loading data for Azerbaijan Grand Prix - Race [v3.5.3]
2025-06-14 19:56:52,377 - INFO - Using cached data for session_info
2025-06-14 19:56:52,380 - INFO - Using cached data for driver_info
2025-06-14 19:56:52,508 - DEBUG - Failed to parse timestamp '-1:55:43.191' in Ergastresponse.
2025-06-14 19:56:52,508 - DEBUG - Failed to parse timestamp '-1:55:43.761' in Ergastresponse.
2025-06-14 19:56:52,508 - DEBUG - Failed to parse timestamp '-1:50:23.073' in Ergastresponse.
2025-06-14 19:56:52,520 - INFO - Using cached data for session_status_data
2025-06-14 19:56:52,521 - INFO - Using cached data for lap_count
2025-06-14 19:56:52,522 - INFO - Using cached data for track_status_data
2025-06-14 19:56:52,527 - INFO - Using cached data for _extended_timing_data
2025-06-14 19:56:52,528 - INFO - Using cached data for timing_app_data
2025-06-14 19:56:52,528 - INFO - Processing timing data...
2025-06-14 19:56:53,119 - INFO - Using cached data for car_data
2025-06-14 19:56:53,299 - INFO - Using cached data for position_data
2025-06-14 19:56:54,148 - INFO - Using cached data for weather_data
2025-06-14 19:56:54,150 - INFO - Using cached data for race_control_messages
2025-06-14 19:56:54,194 - INFO - Finished loading data for 20 drivers: ['81', '16', '63', '4', '1', '14', '23', '43', '44', '50', '27', '10', '3', '24', '31', '77', '11', '55', '18', '22']
2025-06-14 19:56:54,538 - INFO - [EXPORT OK] azerbaijan_grand_prix
2025-06-14 19:56:54,544 - INFO - Loading data for Singapore Grand Prix - Race [v3.5.3]
2025-06-14 19:56:54,544 - INFO - Using cached data for session_info
2025-06-14 19:56:54,545 - INFO - Using cached data for driver_info
2025-06-14 19:56:54,676 - DEBUG - Failed to parse timestamp '-1:55:59.335' in Ergastresponse.
2025-06-14 19:56:54,688 - INFO - Using cached data for session_status_data
2025-06-14 19:56:54,689 - INFO - Using cached data for lap_count
2025-06-14 19:56:54,690 - INFO - Using cached data for track_status_data
2025-06-14 19:56:54,695 - INFO - Using cached data for _extended_timing_data
2025-06-14 19:56:54,697 - INFO - Using cached data for timing_app_data
2025-06-14 19:56:54,698 - INFO - Processing timing data...
2025-06-14 19:56:55,314 - INFO - Using cached data for car_data
2025-06-14 19:56:55,396 - INFO - Using cached data for position_data
2025-06-14 19:56:56,174 - INFO - Using cached data for weather_data
2025-06-14 19:56:56,175 - INFO - Using cached data for race_control_messages
2025-06-14 19:56:56,202 - INFO - Finished loading data for 20 drivers: ['4', '1', '81', '63', '16', '44', '55', '14', '27', '11', '43', '22', '31', '18', '24', '77', '10', '3', '20', '23']
2025-06-14 19:56:56,600 - INFO - [EXPORT OK] singapore_grand_prix
2025-06-14 19:56:56,605 - INFO - Loading data for Mexico City Grand Prix - Race [v3.5.3]
2025-06-14 19:56:56,606 - INFO - Using cached data for session_info
2025-06-14 19:56:56,607 - INFO - Using cached data for driver_info
2025-06-14 19:56:57,029 - INFO - Using cached data for session_status_data
2025-06-14 19:56:57,031 - INFO - Using cached data for lap_count
2025-06-14 19:56:57,032 - INFO - Using cached data for track_status_data
2025-06-14 19:56:57,037 - INFO - Using cached data for _extended_timing_data
2025-06-14 19:56:57,039 - INFO - Using cached data for timing_app_data
2025-06-14 19:56:57,039 - INFO - Processing timing data...
2025-06-14 19:56:57,717 - INFO - Using cached data for car_data
2025-06-14 19:56:57,817 - INFO - Using cached data for position_data
2025-06-14 19:56:58,771 - INFO - Using cached data for weather_data
2025-06-14 19:56:58,772 - INFO - Using cached data for race_control_messages
2025-06-14 19:56:58,801 - INFO - Finished loading data for 20 drivers: ['55', '4', '16', '44', '63', '1', '20', '81', '27', '10', '18', '43', '31', '77', '24', '30', '11', '14', '23', '22']
2025-06-14 19:56:59,138 - INFO - [EXPORT OK] mexico_city_grand_prix
2025-06-14 19:56:59,144 - INFO - Loading data for Las Vegas Grand Prix - Race [v3.5.3]
2025-06-14 19:56:59,145 - INFO - Using cached data for session_info
2025-06-14 19:56:59,146 - INFO - Using cached data for driver_info
2025-06-14 19:56:59,385 - INFO - Using cached data for session_status_data
2025-06-14 19:56:59,386 - INFO - Using cached data for lap_count
2025-06-14 19:56:59,387 - INFO - Using cached data for track_status_data
2025-06-14 19:56:59,391 - INFO - Using cached data for _extended_timing_data
2025-06-14 19:56:59,392 - INFO - Using cached data for timing_app_data
2025-06-14 19:56:59,392 - INFO - Processing timing data...
2025-06-14 19:56:59,722 - WARNING - Driver 63: Lap timing integrity check failed for 2 lap(s)
2025-06-14 19:56:59,727 - WARNING - Driver 44: Lap timing integrity check failed for 1 lap(s)
2025-06-14 19:56:59,732 - WARNING - Driver 55: Lap timing integrity check failed for 1 lap(s)
2025-06-14 19:56:59,737 - WARNING - Driver 16: Lap timing integrity check failed for 2 lap(s)
2025-06-14 19:56:59,742 - WARNING - Driver  1: Lap timing integrity check failed for 1 lap(s)
2025-06-14 19:56:59,746 - WARNING - Driver  4: Lap timing integrity check failed for 1 lap(s)
2025-06-14 19:56:59,752 - WARNING - Driver 81: Lap timing integrity check failed for 1 lap(s)
2025-06-14 19:56:59,794 - WARNING - Driver 30: Lap timing integrity check failed for 2 lap(s)
2025-06-14 19:56:59,803 - WARNING - Driver 77: Lap timing integrity check failed for 2 lap(s)
2025-06-14 19:57:00,125 - INFO - Using cached data for car_data
2025-06-14 19:57:00,194 - INFO - Using cached data for position_data
2025-06-14 19:57:00,963 - INFO - Using cached data for weather_data
2025-06-14 19:57:00,966 - INFO - Using cached data for race_control_messages
2025-06-14 19:57:00,968 - WARNING - Driver 63 completed the race distance 00:00.427000 before the recorded end of the session.
2025-06-14 19:57:00,990 - INFO - Finished loading data for 20 drivers: ['63', '44', '55', '16', '1', '4', '81', '27', '22', '11', '14', '20', '24', '43', '18', '30', '31', '77', '23', '10']
2025-06-14 19:57:01,352 - INFO - [EXPORT OK] las_vegas_grand_prix
2025-06-14 19:57:01,358 - INFO - Loading data for Abu Dhabi Grand Prix - Race [v3.5.3]
2025-06-14 19:57:01,359 - INFO - Using cached data for session_info
2025-06-14 19:57:01,360 - INFO - Using cached data for driver_info
2025-06-14 19:57:01,788 - DEBUG - Failed to parse timestamp '-1:58:03.658' in Ergastresponse.
2025-06-14 19:57:01,807 - INFO - Using cached data for session_status_data
2025-06-14 19:57:01,809 - INFO - Using cached data for lap_count
2025-06-14 19:57:01,810 - INFO - Using cached data for track_status_data
2025-06-14 19:57:01,817 - INFO - Using cached data for _extended_timing_data
2025-06-14 19:57:01,819 - INFO - Using cached data for timing_app_data
2025-06-14 19:57:01,819 - INFO - Processing timing data...
2025-06-14 19:57:02,517 - INFO - Using cached data for car_data
2025-06-14 19:57:02,821 - INFO - Using cached data for position_data
2025-06-14 19:57:03,661 - INFO - Using cached data for weather_data
2025-06-14 19:57:03,663 - INFO - Using cached data for race_control_messages
2025-06-14 19:57:03,706 - INFO - Finished loading data for 20 drivers: ['4', '55', '16', '44', '63', '1', '10', '27', '14', '81', '23', '22', '24', '18', '61', '20', '30', '77', '43', '11']
2025-06-14 19:57:04,019 - INFO - [EXPORT OK] abu_dhabi_grand_prix
2025-06-16 18:02:22,956 - INFO - Loading data for Bahrain Grand Prix - Race [v3.5.3]
2025-06-16 18:02:22,957 - INFO - Using cached data for session_info
2025-06-16 18:02:22,958 - INFO - Using cached data for driver_info
2025-06-16 18:02:23,713 - INFO - Using cached data for session_status_data
2025-06-16 18:02:23,714 - INFO - Using cached data for lap_count
2025-06-16 18:02:23,714 - INFO - Using cached data for track_status_data
2025-06-16 18:02:23,719 - INFO - Using cached data for _extended_timing_data
2025-06-16 18:02:23,721 - INFO - Using cached data for timing_app_data
2025-06-16 18:02:23,721 - INFO - Processing timing data...
2025-06-16 18:02:24,332 - INFO - Using cached data for car_data
2025-06-16 18:02:24,402 - INFO - Using cached data for position_data
2025-06-16 18:02:25,294 - INFO - Using cached data for weather_data
2025-06-16 18:02:25,296 - INFO - Using cached data for race_control_messages
2025-06-16 18:02:25,325 - INFO - Finished loading data for 20 drivers: ['1', '11', '55', '16', '63', '4', '44', '81', '14', '18', '24', '20', '3', '22', '23', '27', '31', '10', '77', '2']
2025-06-16 18:02:26,712 - INFO - [EXPORT OK] bahrain_grand_prix
2025-06-16 18:02:26,727 - INFO - Loading data for Saudi Arabian Grand Prix - Race [v3.5.3]
2025-06-16 18:02:26,728 - INFO - Using cached data for session_info
2025-06-16 18:02:26,729 - INFO - Using cached data for driver_info
2025-06-16 18:02:27,143 - INFO - Using cached data for session_status_data
2025-06-16 18:02:27,145 - INFO - Using cached data for lap_count
2025-06-16 18:02:27,145 - INFO - Using cached data for track_status_data
2025-06-16 18:02:27,149 - INFO - Using cached data for _extended_timing_data
2025-06-16 18:02:27,150 - INFO - Using cached data for timing_app_data
2025-06-16 18:02:27,150 - INFO - Processing timing data...
2025-06-16 18:02:28,222 - INFO - Using cached data for car_data
2025-06-16 18:02:28,328 - INFO - Using cached data for position_data
2025-06-16 18:02:30,038 - INFO - Using cached data for weather_data
2025-06-16 18:02:30,044 - INFO - Using cached data for race_control_messages
2025-06-16 18:02:30,123 - INFO - Finished loading data for 20 drivers: ['1', '11', '16', '81', '14', '63', '38', '4', '44', '27', '23', '20', '31', '2', '22', '3', '77', '24', '18', '10']
2025-06-16 18:02:30,782 - INFO - [EXPORT OK] saudi_arabian_grand_prix
2025-06-16 18:02:30,798 - INFO - Loading data for Australian Grand Prix - Race [v3.5.3]
2025-06-16 18:02:30,800 - INFO - Using cached data for session_info
2025-06-16 18:02:30,802 - INFO - Using cached data for driver_info
2025-06-16 18:02:31,239 - DEBUG - Failed to parse timestamp '-1:57:37.891' in Ergastresponse.
2025-06-16 18:02:31,257 - INFO - Using cached data for session_status_data
2025-06-16 18:02:31,267 - INFO - Using cached data for lap_count
2025-06-16 18:02:31,269 - INFO - Using cached data for track_status_data
2025-06-16 18:02:31,291 - INFO - Using cached data for _extended_timing_data
2025-06-16 18:02:31,296 - INFO - Using cached data for timing_app_data
2025-06-16 18:02:31,297 - INFO - Processing timing data...
2025-06-16 18:02:32,326 - INFO - Using cached data for car_data
2025-06-16 18:02:32,423 - INFO - Using cached data for position_data
2025-06-16 18:02:33,438 - INFO - Using cached data for weather_data
2025-06-16 18:02:33,440 - INFO - Using cached data for race_control_messages
2025-06-16 18:02:33,468 - INFO - Finished loading data for 19 drivers: ['55', '16', '4', '81', '11', '18', '22', '14', '27', '20', '23', '3', '10', '77', '24', '31', '63', '44', '1']
2025-06-16 18:02:33,779 - INFO - [EXPORT OK] australian_grand_prix
2025-06-16 18:02:33,787 - INFO - Loading data for Japanese Grand Prix - Race [v3.5.3]
2025-06-16 18:02:33,788 - INFO - Using cached data for session_info
2025-06-16 18:02:33,789 - INFO - Using cached data for driver_info
2025-06-16 18:02:34,209 - INFO - Using cached data for session_status_data
2025-06-16 18:02:34,210 - INFO - Using cached data for lap_count
2025-06-16 18:02:34,211 - INFO - Using cached data for track_status_data
2025-06-16 18:02:34,215 - INFO - Using cached data for _extended_timing_data
2025-06-16 18:02:34,216 - INFO - Using cached data for timing_app_data
2025-06-16 18:02:34,217 - INFO - Processing timing data...
2025-06-16 18:02:34,829 - INFO - Using cached data for car_data
2025-06-16 18:02:34,897 - INFO - Using cached data for position_data
2025-06-16 18:02:36,199 - INFO - Using cached data for weather_data
2025-06-16 18:02:36,200 - INFO - Using cached data for race_control_messages
2025-06-16 18:02:36,224 - INFO - Finished loading data for 20 drivers: ['1', '11', '55', '16', '4', '14', '63', '81', '44', '22', '27', '18', '20', '77', '31', '10', '2', '24', '3', '23']
2025-06-16 18:02:36,573 - INFO - [EXPORT OK] japanese_grand_prix
2025-06-16 18:02:36,582 - INFO - Loading data for Emilia Romagna Grand Prix - Race [v3.5.3]
2025-06-16 18:02:36,583 - INFO - Using cached data for session_info
2025-06-16 18:02:36,584 - INFO - Using cached data for driver_info
2025-06-16 18:02:37,104 - INFO - Using cached data for session_status_data
2025-06-16 18:02:37,106 - INFO - Using cached data for lap_count
2025-06-16 18:02:37,106 - INFO - Using cached data for track_status_data
2025-06-16 18:02:37,114 - INFO - Using cached data for _extended_timing_data
2025-06-16 18:02:37,116 - INFO - Using cached data for timing_app_data
2025-06-16 18:02:37,116 - INFO - Processing timing data...
2025-06-16 18:02:37,776 - INFO - Using cached data for car_data
2025-06-16 18:02:37,843 - INFO - Using cached data for position_data
2025-06-16 18:02:38,852 - INFO - Using cached data for weather_data
2025-06-16 18:02:38,854 - INFO - Using cached data for race_control_messages
2025-06-16 18:02:38,883 - INFO - Finished loading data for 20 drivers: ['1', '4', '16', '81', '55', '44', '63', '11', '18', '22', '27', '20', '3', '31', '24', '10', '2', '77', '14', '23']
2025-06-16 18:02:39,248 - INFO - [EXPORT OK] emilia_romagna_grand_prix
2025-06-16 18:02:39,255 - INFO - Loading data for Monaco Grand Prix - Race [v3.5.3]
2025-06-16 18:02:39,255 - INFO - Using cached data for session_info
2025-06-16 18:02:39,257 - INFO - Using cached data for driver_info
2025-06-16 18:02:39,386 - INFO - Using cached data for session_status_data
2025-06-16 18:02:39,387 - INFO - Using cached data for lap_count
2025-06-16 18:02:39,387 - INFO - Using cached data for track_status_data
2025-06-16 18:02:39,393 - INFO - Using cached data for _extended_timing_data
2025-06-16 18:02:39,394 - INFO - Using cached data for timing_app_data
2025-06-16 18:02:39,395 - INFO - Processing timing data...
2025-06-16 18:02:40,546 - INFO - Using cached data for car_data
2025-06-16 18:02:40,665 - INFO - Using cached data for position_data
2025-06-16 18:02:42,171 - INFO - Using cached data for weather_data
2025-06-16 18:02:42,172 - INFO - Using cached data for race_control_messages
2025-06-16 18:02:42,192 - INFO - Finished loading data for 20 drivers: ['16', '81', '55', '4', '63', '1', '44', '22', '23', '10', '14', '3', '77', '18', '2', '24', '31', '11', '27', '20']
2025-06-16 18:02:42,726 - INFO - [EXPORT OK] monaco_grand_prix
2025-06-16 18:02:42,739 - INFO - Loading data for Canadian Grand Prix - Race [v3.5.3]
2025-06-16 18:02:42,740 - INFO - Using cached data for session_info
2025-06-16 18:02:42,741 - INFO - Using cached data for driver_info
2025-06-16 18:02:42,879 - INFO - Using cached data for session_status_data
2025-06-16 18:02:42,880 - INFO - Using cached data for lap_count
2025-06-16 18:02:42,881 - INFO - Using cached data for track_status_data
2025-06-16 18:02:42,885 - INFO - Using cached data for _extended_timing_data
2025-06-16 18:02:42,886 - INFO - Using cached data for timing_app_data
2025-06-16 18:02:42,886 - INFO - Processing timing data...
2025-06-16 18:02:43,609 - INFO - Using cached data for car_data
2025-06-16 18:02:43,688 - INFO - Using cached data for position_data
2025-06-16 18:02:44,806 - INFO - Using cached data for weather_data
2025-06-16 18:02:44,808 - INFO - Using cached data for race_control_messages
2025-06-16 18:02:44,868 - INFO - Finished loading data for 20 drivers: ['1', '4', '63', '44', '81', '14', '18', '3', '10', '31', '27', '20', '77', '22', '24', '55', '23', '11', '16', '2']
2025-06-16 18:02:45,360 - INFO - [EXPORT OK] canadian_grand_prix
2025-06-16 18:02:45,369 - INFO - Loading data for Spanish Grand Prix - Race [v3.5.3]
2025-06-16 18:02:45,370 - INFO - Using cached data for session_info
2025-06-16 18:02:45,371 - INFO - Using cached data for driver_info
2025-06-16 18:02:45,800 - INFO - Using cached data for session_status_data
2025-06-16 18:02:45,801 - INFO - Using cached data for lap_count
2025-06-16 18:02:45,801 - INFO - Using cached data for track_status_data
2025-06-16 18:02:45,807 - INFO - Using cached data for _extended_timing_data
2025-06-16 18:02:45,809 - INFO - Using cached data for timing_app_data
2025-06-16 18:02:45,809 - INFO - Processing timing data...
2025-06-16 18:02:46,536 - INFO - Using cached data for car_data
2025-06-16 18:02:46,610 - INFO - Using cached data for position_data
2025-06-16 18:02:47,738 - INFO - Using cached data for weather_data
2025-06-16 18:02:47,744 - INFO - Using cached data for race_control_messages
2025-06-16 18:02:47,748 - WARNING - Driver 1 completed the race distance 00:00.015000 before the recorded end of the session.
2025-06-16 18:02:47,774 - INFO - Finished loading data for 20 drivers: ['1', '4', '44', '63', '16', '55', '81', '11', '10', '31', '27', '14', '24', '18', '3', '77', '20', '23', '22', '2']
2025-06-16 18:02:48,195 - INFO - [EXPORT OK] spanish_grand_prix
2025-06-16 18:02:48,203 - INFO - Loading data for British Grand Prix - Race [v3.5.3]
2025-06-16 18:02:48,204 - INFO - Using cached data for session_info
2025-06-16 18:02:48,205 - INFO - Using cached data for driver_info
2025-06-16 18:02:48,338 - INFO - Using cached data for session_status_data
2025-06-16 18:02:48,339 - INFO - Using cached data for lap_count
2025-06-16 18:02:48,340 - INFO - Using cached data for track_status_data
2025-06-16 18:02:48,346 - INFO - Using cached data for _extended_timing_data
2025-06-16 18:02:48,347 - INFO - Using cached data for timing_app_data
2025-06-16 18:02:48,347 - INFO - Processing timing data...
2025-06-16 18:02:48,930 - INFO - Using cached data for car_data
2025-06-16 18:02:48,998 - INFO - Using cached data for position_data
2025-06-16 18:02:50,331 - INFO - Using cached data for weather_data
2025-06-16 18:02:50,339 - INFO - Using cached data for race_control_messages
2025-06-16 18:02:50,368 - INFO - Finished loading data for 20 drivers: ['44', '1', '4', '81', '55', '27', '18', '14', '23', '22', '2', '20', '3', '16', '77', '31', '11', '24', '63', '10']
2025-06-16 18:02:50,787 - INFO - [EXPORT OK] british_grand_prix
2025-06-16 18:02:50,797 - INFO - Loading data for Hungarian Grand Prix - Race [v3.5.3]
2025-06-16 18:02:50,797 - INFO - Using cached data for session_info
2025-06-16 18:02:50,798 - INFO - Using cached data for driver_info
2025-06-16 18:02:50,934 - INFO - Using cached data for session_status_data
2025-06-16 18:02:50,935 - INFO - Using cached data for lap_count
2025-06-16 18:02:50,936 - INFO - Using cached data for track_status_data
2025-06-16 18:02:50,942 - INFO - Using cached data for _extended_timing_data
2025-06-16 18:02:50,943 - INFO - Using cached data for timing_app_data
2025-06-16 18:02:50,943 - INFO - Processing timing data...
2025-06-16 18:02:51,853 - INFO - Using cached data for car_data
2025-06-16 18:02:51,938 - INFO - Using cached data for position_data
2025-06-16 18:02:53,264 - INFO - Using cached data for weather_data
2025-06-16 18:02:53,266 - INFO - Using cached data for race_control_messages
2025-06-16 18:02:53,286 - INFO - Finished loading data for 20 drivers: ['81', '4', '44', '16', '1', '55', '11', '63', '22', '18', '14', '3', '27', '23', '20', '77', '2', '31', '24', '10']
2025-06-16 18:02:53,659 - INFO - [EXPORT OK] hungarian_grand_prix
2025-06-16 18:02:53,668 - INFO - Loading data for Belgian Grand Prix - Race [v3.5.3]
2025-06-16 18:02:53,669 - INFO - Using cached data for session_info
2025-06-16 18:02:53,670 - INFO - Using cached data for driver_info
2025-06-16 18:02:53,795 - DEBUG - Failed to parse timestamp '-1:59:59.474' in Ergastresponse.
2025-06-16 18:02:53,802 - INFO - Using cached data for session_status_data
2025-06-16 18:02:53,803 - INFO - Using cached data for lap_count
2025-06-16 18:02:53,804 - INFO - Using cached data for track_status_data
2025-06-16 18:02:53,808 - INFO - Using cached data for _extended_timing_data
2025-06-16 18:02:53,809 - INFO - Using cached data for timing_app_data
2025-06-16 18:02:53,810 - INFO - Processing timing data...
2025-06-16 18:02:54,392 - INFO - Using cached data for car_data
2025-06-16 18:02:54,453 - INFO - Using cached data for position_data
2025-06-16 18:02:55,708 - INFO - Using cached data for weather_data
2025-06-16 18:02:55,710 - INFO - Using cached data for race_control_messages
2025-06-16 18:02:55,736 - INFO - Finished loading data for 20 drivers: ['44', '81', '16', '1', '4', '55', '11', '14', '31', '3', '18', '23', '10', '20', '77', '22', '2', '27', '24', '63']
2025-06-16 18:02:56,079 - INFO - [EXPORT OK] belgian_grand_prix
2025-06-16 18:02:56,088 - INFO - Loading data for Dutch Grand Prix - Race [v3.5.3]
2025-06-16 18:02:56,088 - INFO - Using cached data for session_info
2025-06-16 18:02:56,089 - INFO - Using cached data for driver_info
2025-06-16 18:02:56,219 - INFO - Using cached data for session_status_data
2025-06-16 18:02:56,221 - INFO - Using cached data for lap_count
2025-06-16 18:02:56,221 - INFO - Using cached data for track_status_data
2025-06-16 18:02:56,227 - INFO - Using cached data for _extended_timing_data
2025-06-16 18:02:56,228 - INFO - Using cached data for timing_app_data
2025-06-16 18:02:56,229 - INFO - Processing timing data...
2025-06-16 18:02:56,999 - INFO - Using cached data for car_data
2025-06-16 18:02:57,063 - INFO - Using cached data for position_data
2025-06-16 18:02:58,309 - INFO - Using cached data for weather_data
2025-06-16 18:02:58,311 - INFO - Using cached data for race_control_messages
2025-06-16 18:02:58,331 - INFO - Finished loading data for 20 drivers: ['4', '1', '16', '81', '55', '11', '63', '44', '10', '14', '27', '3', '18', '23', '31', '2', '22', '20', '77', '24']
2025-06-16 18:02:58,834 - INFO - [EXPORT OK] dutch_grand_prix
2025-06-16 18:02:58,844 - INFO - Loading data for Italian Grand Prix - Race [v3.5.3]
2025-06-16 18:02:58,845 - INFO - Using cached data for session_info
2025-06-16 18:02:58,846 - INFO - Using cached data for driver_info
2025-06-16 18:02:58,976 - INFO - Using cached data for session_status_data
2025-06-16 18:02:58,978 - INFO - Using cached data for lap_count
2025-06-16 18:02:58,978 - INFO - Using cached data for track_status_data
2025-06-16 18:02:58,983 - INFO - Using cached data for _extended_timing_data
2025-06-16 18:02:58,985 - INFO - Using cached data for timing_app_data
2025-06-16 18:02:58,985 - INFO - Processing timing data...
2025-06-16 18:02:59,596 - INFO - Using cached data for car_data
2025-06-16 18:02:59,688 - INFO - Using cached data for position_data
2025-06-16 18:03:00,998 - INFO - Using cached data for weather_data
2025-06-16 18:03:01,001 - INFO - Using cached data for race_control_messages
2025-06-16 18:03:01,026 - INFO - Finished loading data for 20 drivers: ['16', '81', '4', '55', '44', '1', '63', '11', '23', '20', '14', '43', '3', '31', '10', '77', '27', '24', '18', '22']
2025-06-16 18:03:01,441 - INFO - [EXPORT OK] italian_grand_prix
2025-06-16 18:03:01,449 - INFO - Loading data for Azerbaijan Grand Prix - Race [v3.5.3]
2025-06-16 18:03:01,450 - INFO - Using cached data for session_info
2025-06-16 18:03:01,451 - INFO - Using cached data for driver_info
2025-06-16 18:03:01,579 - DEBUG - Failed to parse timestamp '-1:55:43.191' in Ergastresponse.
2025-06-16 18:03:01,579 - DEBUG - Failed to parse timestamp '-1:55:43.761' in Ergastresponse.
2025-06-16 18:03:01,579 - DEBUG - Failed to parse timestamp '-1:50:23.073' in Ergastresponse.
2025-06-16 18:03:01,588 - INFO - Using cached data for session_status_data
2025-06-16 18:03:01,589 - INFO - Using cached data for lap_count
2025-06-16 18:03:01,589 - INFO - Using cached data for track_status_data
2025-06-16 18:03:01,594 - INFO - Using cached data for _extended_timing_data
2025-06-16 18:03:01,595 - INFO - Using cached data for timing_app_data
2025-06-16 18:03:01,595 - INFO - Processing timing data...
2025-06-16 18:03:02,175 - INFO - Using cached data for car_data
2025-06-16 18:03:02,234 - INFO - Using cached data for position_data
2025-06-16 18:03:03,457 - INFO - Using cached data for weather_data
2025-06-16 18:03:03,464 - INFO - Using cached data for race_control_messages
2025-06-16 18:03:03,528 - INFO - Finished loading data for 20 drivers: ['81', '16', '63', '4', '1', '14', '23', '43', '44', '50', '27', '10', '3', '24', '31', '77', '11', '55', '18', '22']
2025-06-16 18:03:03,880 - INFO - [EXPORT OK] azerbaijan_grand_prix
2025-06-16 18:03:03,890 - INFO - Loading data for Singapore Grand Prix - Race [v3.5.3]
2025-06-16 18:03:03,893 - INFO - Using cached data for session_info
2025-06-16 18:03:03,896 - INFO - Using cached data for driver_info
2025-06-16 18:03:04,177 - DEBUG - Failed to parse timestamp '-1:55:59.335' in Ergastresponse.
2025-06-16 18:03:04,185 - INFO - Using cached data for session_status_data
2025-06-16 18:03:04,187 - INFO - Using cached data for lap_count
2025-06-16 18:03:04,189 - INFO - Using cached data for track_status_data
2025-06-16 18:03:04,204 - INFO - Using cached data for _extended_timing_data
2025-06-16 18:03:04,209 - INFO - Using cached data for timing_app_data
2025-06-16 18:03:04,209 - INFO - Processing timing data...
2025-06-16 18:03:05,072 - INFO - Using cached data for car_data
2025-06-16 18:03:05,163 - INFO - Using cached data for position_data
2025-06-16 18:03:06,450 - INFO - Using cached data for weather_data
2025-06-16 18:03:06,459 - INFO - Using cached data for race_control_messages
2025-06-16 18:03:06,504 - INFO - Finished loading data for 20 drivers: ['4', '1', '81', '63', '16', '44', '55', '14', '27', '11', '43', '22', '31', '18', '24', '77', '10', '3', '20', '23']
2025-06-16 18:03:07,214 - INFO - [EXPORT OK] singapore_grand_prix
2025-06-16 18:03:07,228 - INFO - Loading data for Mexico City Grand Prix - Race [v3.5.3]
2025-06-16 18:03:07,229 - INFO - Using cached data for session_info
2025-06-16 18:03:07,231 - INFO - Using cached data for driver_info
2025-06-16 18:03:07,393 - INFO - Using cached data for session_status_data
2025-06-16 18:03:07,396 - INFO - Using cached data for lap_count
2025-06-16 18:03:07,398 - INFO - Using cached data for track_status_data
2025-06-16 18:03:07,412 - INFO - Using cached data for _extended_timing_data
2025-06-16 18:03:07,417 - INFO - Using cached data for timing_app_data
2025-06-16 18:03:07,417 - INFO - Processing timing data...
2025-06-16 18:03:08,192 - INFO - Using cached data for car_data
2025-06-16 18:03:08,310 - INFO - Using cached data for position_data
2025-06-16 18:03:09,682 - INFO - Using cached data for weather_data
2025-06-16 18:03:09,684 - INFO - Using cached data for race_control_messages
2025-06-16 18:03:09,708 - INFO - Finished loading data for 20 drivers: ['55', '4', '16', '44', '63', '1', '20', '81', '27', '10', '18', '43', '31', '77', '24', '30', '11', '14', '23', '22']
2025-06-16 18:03:10,110 - INFO - [EXPORT OK] mexico_city_grand_prix
2025-06-16 18:03:10,133 - INFO - Loading data for Las Vegas Grand Prix - Race [v3.5.3]
2025-06-16 18:03:10,134 - INFO - Using cached data for session_info
2025-06-16 18:03:10,135 - INFO - Using cached data for driver_info
2025-06-16 18:03:10,483 - INFO - Using cached data for session_status_data
2025-06-16 18:03:10,485 - INFO - Using cached data for lap_count
2025-06-16 18:03:10,487 - INFO - Using cached data for track_status_data
2025-06-16 18:03:10,495 - INFO - Using cached data for _extended_timing_data
2025-06-16 18:03:10,496 - INFO - Using cached data for timing_app_data
2025-06-16 18:03:10,496 - INFO - Processing timing data...
2025-06-16 18:03:10,820 - WARNING - Driver 63: Lap timing integrity check failed for 2 lap(s)
2025-06-16 18:03:10,826 - WARNING - Driver 44: Lap timing integrity check failed for 1 lap(s)
2025-06-16 18:03:10,831 - WARNING - Driver 55: Lap timing integrity check failed for 1 lap(s)
2025-06-16 18:03:10,836 - WARNING - Driver 16: Lap timing integrity check failed for 2 lap(s)
2025-06-16 18:03:10,842 - WARNING - Driver  1: Lap timing integrity check failed for 1 lap(s)
2025-06-16 18:03:10,846 - WARNING - Driver  4: Lap timing integrity check failed for 1 lap(s)
2025-06-16 18:03:10,852 - WARNING - Driver 81: Lap timing integrity check failed for 1 lap(s)
2025-06-16 18:03:10,892 - WARNING - Driver 30: Lap timing integrity check failed for 2 lap(s)
2025-06-16 18:03:10,902 - WARNING - Driver 77: Lap timing integrity check failed for 2 lap(s)
2025-06-16 18:03:11,141 - INFO - Using cached data for car_data
2025-06-16 18:03:11,242 - INFO - Using cached data for position_data
2025-06-16 18:03:12,407 - INFO - Using cached data for weather_data
2025-06-16 18:03:12,409 - INFO - Using cached data for race_control_messages
2025-06-16 18:03:12,412 - WARNING - Driver 63 completed the race distance 00:00.427000 before the recorded end of the session.
2025-06-16 18:03:12,451 - INFO - Finished loading data for 20 drivers: ['63', '44', '55', '16', '1', '4', '81', '27', '22', '11', '14', '20', '24', '43', '18', '30', '31', '77', '23', '10']
2025-06-16 18:03:12,794 - INFO - [EXPORT OK] las_vegas_grand_prix
2025-06-16 18:03:12,803 - INFO - Loading data for Abu Dhabi Grand Prix - Race [v3.5.3]
2025-06-16 18:03:12,804 - INFO - Using cached data for session_info
2025-06-16 18:03:12,804 - INFO - Using cached data for driver_info
2025-06-16 18:03:13,001 - DEBUG - Failed to parse timestamp '-1:58:03.658' in Ergastresponse.
2025-06-16 18:03:13,009 - INFO - Using cached data for session_status_data
2025-06-16 18:03:13,011 - INFO - Using cached data for lap_count
2025-06-16 18:03:13,012 - INFO - Using cached data for track_status_data
2025-06-16 18:03:13,024 - INFO - Using cached data for _extended_timing_data
2025-06-16 18:03:13,026 - INFO - Using cached data for timing_app_data
2025-06-16 18:03:13,026 - INFO - Processing timing data...
2025-06-16 18:03:13,711 - INFO - Using cached data for car_data
2025-06-16 18:03:13,838 - INFO - Using cached data for position_data
2025-06-16 18:03:15,192 - INFO - Using cached data for weather_data
2025-06-16 18:03:15,193 - INFO - Using cached data for race_control_messages
2025-06-16 18:03:15,241 - INFO - Finished loading data for 20 drivers: ['4', '55', '16', '44', '63', '1', '10', '27', '14', '81', '23', '22', '24', '18', '61', '20', '30', '77', '43', '11']
2025-06-16 18:03:15,587 - INFO - [EXPORT OK] abu_dhabi_grand_prix
2025-06-19 15:35:42,296 - INFO - Loading data for Bahrain Grand Prix - Race [v3.5.3]
2025-06-19 15:35:42,299 - INFO - Using cached data for session_info
2025-06-19 15:35:42,300 - INFO - Using cached data for driver_info
2025-06-19 15:35:42,715 - INFO - Using cached data for session_status_data
2025-06-19 15:35:42,720 - INFO - Using cached data for lap_count
2025-06-19 15:35:42,721 - INFO - Using cached data for track_status_data
2025-06-19 15:35:42,753 - INFO - Using cached data for _extended_timing_data
2025-06-19 15:35:42,756 - INFO - Using cached data for timing_app_data
2025-06-19 15:35:42,756 - INFO - Processing timing data...
2025-06-19 15:35:43,812 - INFO - Using cached data for car_data
2025-06-19 15:35:43,944 - INFO - Using cached data for position_data
2025-06-19 15:35:45,594 - INFO - Using cached data for weather_data
2025-06-19 15:35:45,597 - INFO - Using cached data for race_control_messages
2025-06-19 15:35:45,650 - INFO - Finished loading data for 20 drivers: ['1', '11', '55', '16', '63', '4', '44', '81', '14', '18', '24', '20', '3', '22', '23', '27', '31', '10', '77', '2']
2025-06-19 15:35:46,797 - INFO - [EXPORT OK] bahrain_grand_prix
2025-06-19 15:35:46,808 - INFO - Loading data for Saudi Arabian Grand Prix - Race [v3.5.3]
2025-06-19 15:35:46,811 - INFO - Using cached data for session_info
2025-06-19 15:35:46,813 - INFO - Using cached data for driver_info
2025-06-19 15:35:47,286 - INFO - Using cached data for session_status_data
2025-06-19 15:35:47,287 - INFO - Using cached data for lap_count
2025-06-19 15:35:47,288 - INFO - Using cached data for track_status_data
2025-06-19 15:35:47,297 - INFO - Using cached data for _extended_timing_data
2025-06-19 15:35:47,301 - INFO - Using cached data for timing_app_data
2025-06-19 15:35:47,301 - INFO - Processing timing data...
2025-06-19 15:35:48,202 - INFO - Using cached data for car_data
2025-06-19 15:35:48,327 - INFO - Using cached data for position_data
2025-06-19 15:35:53,765 - INFO - Using cached data for weather_data
2025-06-19 15:35:53,787 - INFO - Using cached data for race_control_messages
2025-06-19 15:35:54,139 - INFO - Finished loading data for 20 drivers: ['1', '11', '16', '81', '14', '63', '38', '4', '44', '27', '23', '20', '31', '2', '22', '3', '77', '24', '18', '10']
2025-06-19 15:35:54,920 - INFO - [EXPORT OK] saudi_arabian_grand_prix
2025-06-19 15:35:54,965 - INFO - Loading data for Australian Grand Prix - Race [v3.5.3]
2025-06-19 15:35:54,971 - INFO - Using cached data for session_info
2025-06-19 15:35:54,973 - INFO - Using cached data for driver_info
2025-06-19 15:35:55,191 - DEBUG - Failed to parse timestamp '-1:57:37.891' in Ergastresponse.
2025-06-19 15:35:55,204 - INFO - Using cached data for session_status_data
2025-06-19 15:35:55,206 - INFO - Using cached data for lap_count
2025-06-19 15:35:55,207 - INFO - Using cached data for track_status_data
2025-06-19 15:35:55,219 - INFO - Using cached data for _extended_timing_data
2025-06-19 15:35:55,221 - INFO - Using cached data for timing_app_data
2025-06-19 15:35:55,222 - INFO - Processing timing data...
2025-06-19 15:35:56,166 - INFO - Using cached data for car_data
2025-06-19 15:35:56,275 - INFO - Using cached data for position_data
2025-06-19 15:35:58,147 - INFO - Using cached data for weather_data
2025-06-19 15:35:58,153 - INFO - Using cached data for race_control_messages
2025-06-19 15:35:58,236 - INFO - Finished loading data for 19 drivers: ['55', '16', '4', '81', '11', '18', '22', '14', '27', '20', '23', '3', '10', '77', '24', '31', '63', '44', '1']
2025-06-19 15:35:58,656 - INFO - [EXPORT OK] australian_grand_prix
2025-06-19 15:35:58,668 - INFO - Loading data for Japanese Grand Prix - Race [v3.5.3]
2025-06-19 15:35:58,670 - INFO - Using cached data for session_info
2025-06-19 15:35:58,671 - INFO - Using cached data for driver_info
2025-06-19 15:35:58,955 - INFO - Using cached data for session_status_data
2025-06-19 15:35:58,956 - INFO - Using cached data for lap_count
2025-06-19 15:35:58,957 - INFO - Using cached data for track_status_data
2025-06-19 15:35:58,961 - INFO - Using cached data for _extended_timing_data
2025-06-19 15:35:58,962 - INFO - Using cached data for timing_app_data
2025-06-19 15:35:58,962 - INFO - Processing timing data...
2025-06-19 15:35:59,673 - INFO - Using cached data for car_data
2025-06-19 15:35:59,790 - INFO - Using cached data for position_data
2025-06-19 15:36:03,139 - INFO - Using cached data for weather_data
2025-06-19 15:36:03,159 - INFO - Using cached data for race_control_messages
2025-06-19 15:36:03,241 - INFO - Finished loading data for 20 drivers: ['1', '11', '55', '16', '4', '14', '63', '81', '44', '22', '27', '18', '20', '77', '31', '10', '2', '24', '3', '23']
2025-06-19 15:36:03,699 - INFO - [EXPORT OK] japanese_grand_prix
2025-06-19 15:36:03,716 - INFO - Loading data for Emilia Romagna Grand Prix - Race [v3.5.3]
2025-06-19 15:36:03,719 - INFO - Using cached data for session_info
2025-06-19 15:36:03,720 - INFO - Using cached data for driver_info
2025-06-19 15:36:03,892 - INFO - Using cached data for session_status_data
2025-06-19 15:36:03,895 - INFO - Using cached data for lap_count
2025-06-19 15:36:03,898 - INFO - Using cached data for track_status_data
2025-06-19 15:36:03,932 - INFO - Using cached data for _extended_timing_data
2025-06-19 15:36:03,940 - INFO - Using cached data for timing_app_data
2025-06-19 15:36:03,942 - INFO - Processing timing data...
2025-06-19 15:36:06,690 - INFO - Using cached data for car_data
2025-06-19 15:36:06,903 - INFO - Using cached data for position_data
2025-06-19 15:36:09,269 - INFO - Using cached data for weather_data
2025-06-19 15:36:09,271 - INFO - Using cached data for race_control_messages
2025-06-19 15:36:09,313 - INFO - Finished loading data for 20 drivers: ['1', '4', '16', '81', '55', '44', '63', '11', '18', '22', '27', '20', '3', '31', '24', '10', '2', '77', '14', '23']
2025-06-19 15:36:09,904 - INFO - [EXPORT OK] emilia_romagna_grand_prix
2025-06-19 15:36:09,913 - INFO - Loading data for Monaco Grand Prix - Race [v3.5.3]
2025-06-19 15:36:09,914 - INFO - Using cached data for session_info
2025-06-19 15:36:09,915 - INFO - Using cached data for driver_info
2025-06-19 15:36:10,336 - INFO - Using cached data for session_status_data
2025-06-19 15:36:10,338 - INFO - Using cached data for lap_count
2025-06-19 15:36:10,340 - INFO - Using cached data for track_status_data
2025-06-19 15:36:10,351 - INFO - Using cached data for _extended_timing_data
2025-06-19 15:36:10,354 - INFO - Using cached data for timing_app_data
2025-06-19 15:36:10,355 - INFO - Processing timing data...
2025-06-19 15:36:11,172 - INFO - Using cached data for car_data
2025-06-19 15:36:11,429 - INFO - Using cached data for position_data
2025-06-19 15:36:14,256 - INFO - Using cached data for weather_data
2025-06-19 15:36:14,260 - INFO - Using cached data for race_control_messages
2025-06-19 15:36:14,283 - INFO - Finished loading data for 20 drivers: ['16', '81', '55', '4', '63', '1', '44', '22', '23', '10', '14', '3', '77', '18', '2', '24', '31', '11', '27', '20']
2025-06-19 15:36:14,778 - INFO - [EXPORT OK] monaco_grand_prix
2025-06-19 15:36:14,788 - INFO - Loading data for Canadian Grand Prix - Race [v3.5.3]
2025-06-19 15:36:14,789 - INFO - Using cached data for session_info
2025-06-19 15:36:14,790 - INFO - Using cached data for driver_info
2025-06-19 15:36:15,272 - INFO - Using cached data for session_status_data
2025-06-19 15:36:15,276 - INFO - Using cached data for lap_count
2025-06-19 15:36:15,277 - INFO - Using cached data for track_status_data
2025-06-19 15:36:15,294 - INFO - Using cached data for _extended_timing_data
2025-06-19 15:36:15,297 - INFO - Using cached data for timing_app_data
2025-06-19 15:36:15,298 - INFO - Processing timing data...
2025-06-19 15:36:19,047 - INFO - Using cached data for car_data
2025-06-19 15:36:21,127 - INFO - Using cached data for position_data
2025-06-19 15:36:27,083 - INFO - Using cached data for weather_data
2025-06-19 15:36:27,100 - INFO - Using cached data for race_control_messages
2025-06-19 15:36:27,292 - INFO - Finished loading data for 20 drivers: ['1', '4', '63', '44', '81', '14', '18', '3', '10', '31', '27', '20', '77', '22', '24', '55', '23', '11', '16', '2']
2025-06-19 15:36:27,727 - INFO - [EXPORT OK] canadian_grand_prix
2025-06-19 15:36:27,737 - INFO - Loading data for Spanish Grand Prix - Race [v3.5.3]
2025-06-19 15:36:27,740 - INFO - Using cached data for session_info
2025-06-19 15:36:27,741 - INFO - Using cached data for driver_info
2025-06-19 15:36:27,975 - INFO - Using cached data for session_status_data
2025-06-19 15:36:27,976 - INFO - Using cached data for lap_count
2025-06-19 15:36:27,977 - INFO - Using cached data for track_status_data
2025-06-19 15:36:27,985 - INFO - Using cached data for _extended_timing_data
2025-06-19 15:36:27,988 - INFO - Using cached data for timing_app_data
2025-06-19 15:36:27,989 - INFO - Processing timing data...
2025-06-19 15:36:28,862 - INFO - Using cached data for car_data
2025-06-19 15:36:29,039 - INFO - Using cached data for position_data
2025-06-19 15:36:31,363 - INFO - Using cached data for weather_data
2025-06-19 15:36:31,371 - INFO - Using cached data for race_control_messages
2025-06-19 15:36:31,374 - WARNING - Driver 1 completed the race distance 00:00.015000 before the recorded end of the session.
2025-06-19 15:36:31,425 - INFO - Finished loading data for 20 drivers: ['1', '4', '44', '63', '16', '55', '81', '11', '10', '31', '27', '14', '24', '18', '3', '77', '20', '23', '22', '2']
2025-06-19 15:36:31,899 - INFO - [EXPORT OK] spanish_grand_prix
2025-06-19 15:36:31,907 - INFO - Loading data for British Grand Prix - Race [v3.5.3]
2025-06-19 15:36:31,908 - INFO - Using cached data for session_info
2025-06-19 15:36:31,909 - INFO - Using cached data for driver_info
2025-06-19 15:36:32,058 - INFO - Using cached data for session_status_data
2025-06-19 15:36:32,060 - INFO - Using cached data for lap_count
2025-06-19 15:36:32,060 - INFO - Using cached data for track_status_data
2025-06-19 15:36:32,071 - INFO - Using cached data for _extended_timing_data
2025-06-19 15:36:32,074 - INFO - Using cached data for timing_app_data
2025-06-19 15:36:32,074 - INFO - Processing timing data...
2025-06-19 15:36:33,138 - INFO - Using cached data for car_data
2025-06-19 15:36:33,450 - INFO - Using cached data for position_data
2025-06-19 15:36:38,263 - INFO - Using cached data for weather_data
2025-06-19 15:36:38,486 - INFO - Using cached data for race_control_messages
2025-06-19 15:36:38,843 - INFO - Finished loading data for 20 drivers: ['44', '1', '4', '81', '55', '27', '18', '14', '23', '22', '2', '20', '3', '16', '77', '31', '11', '24', '63', '10']
2025-06-19 15:36:39,429 - INFO - [EXPORT OK] british_grand_prix
2025-06-19 15:36:39,446 - INFO - Loading data for Hungarian Grand Prix - Race [v3.5.3]
2025-06-19 15:36:39,450 - INFO - Using cached data for session_info
2025-06-19 15:36:39,451 - INFO - Using cached data for driver_info
2025-06-19 15:36:39,598 - INFO - Using cached data for session_status_data
2025-06-19 15:36:39,601 - INFO - Using cached data for lap_count
2025-06-19 15:36:39,603 - INFO - Using cached data for track_status_data
2025-06-19 15:36:39,627 - INFO - Using cached data for _extended_timing_data
2025-06-19 15:36:39,634 - INFO - Using cached data for timing_app_data
2025-06-19 15:36:39,635 - INFO - Processing timing data...
2025-06-19 15:36:40,890 - INFO - Using cached data for car_data
2025-06-19 15:36:41,490 - INFO - Using cached data for position_data
2025-06-19 15:36:43,720 - INFO - Using cached data for weather_data
2025-06-19 15:36:43,722 - INFO - Using cached data for race_control_messages
2025-06-19 15:36:43,747 - INFO - Finished loading data for 20 drivers: ['81', '4', '44', '16', '1', '55', '11', '63', '22', '18', '14', '3', '27', '23', '20', '77', '2', '31', '24', '10']
2025-06-19 15:36:44,156 - INFO - [EXPORT OK] hungarian_grand_prix
2025-06-19 15:36:44,164 - INFO - Loading data for Belgian Grand Prix - Race [v3.5.3]
2025-06-19 15:36:44,165 - INFO - Using cached data for session_info
2025-06-19 15:36:44,166 - INFO - Using cached data for driver_info
2025-06-19 15:36:44,287 - DEBUG - Failed to parse timestamp '-1:59:59.474' in Ergastresponse.
2025-06-19 15:36:44,296 - INFO - Using cached data for session_status_data
2025-06-19 15:36:44,297 - INFO - Using cached data for lap_count
2025-06-19 15:36:44,298 - INFO - Using cached data for track_status_data
2025-06-19 15:36:44,303 - INFO - Using cached data for _extended_timing_data
2025-06-19 15:36:44,304 - INFO - Using cached data for timing_app_data
2025-06-19 15:36:44,304 - INFO - Processing timing data...
2025-06-19 15:36:45,052 - INFO - Using cached data for car_data
2025-06-19 15:36:45,131 - INFO - Using cached data for position_data
2025-06-19 15:36:46,234 - INFO - Using cached data for weather_data
2025-06-19 15:36:46,237 - INFO - Using cached data for race_control_messages
2025-06-19 15:36:46,299 - INFO - Finished loading data for 20 drivers: ['44', '81', '16', '1', '4', '55', '11', '14', '31', '3', '18', '23', '10', '20', '77', '22', '2', '27', '24', '63']
2025-06-19 15:36:46,695 - INFO - [EXPORT OK] belgian_grand_prix
2025-06-19 15:36:46,704 - INFO - Loading data for Dutch Grand Prix - Race [v3.5.3]
2025-06-19 15:36:46,705 - INFO - Using cached data for session_info
2025-06-19 15:36:46,705 - INFO - Using cached data for driver_info
2025-06-19 15:36:46,841 - INFO - Using cached data for session_status_data
2025-06-19 15:36:46,844 - INFO - Using cached data for lap_count
2025-06-19 15:36:46,845 - INFO - Using cached data for track_status_data
2025-06-19 15:36:46,851 - INFO - Using cached data for _extended_timing_data
2025-06-19 15:36:46,854 - INFO - Using cached data for timing_app_data
2025-06-19 15:36:46,854 - INFO - Processing timing data...
2025-06-19 15:36:47,632 - INFO - Using cached data for car_data
2025-06-19 15:36:47,729 - INFO - Using cached data for position_data
2025-06-19 15:36:49,179 - INFO - Using cached data for weather_data
2025-06-19 15:36:49,180 - INFO - Using cached data for race_control_messages
2025-06-19 15:36:49,204 - INFO - Finished loading data for 20 drivers: ['4', '1', '16', '81', '55', '11', '63', '44', '10', '14', '27', '3', '18', '23', '31', '2', '22', '20', '77', '24']
2025-06-19 15:36:49,713 - INFO - [EXPORT OK] dutch_grand_prix
2025-06-19 15:36:49,724 - INFO - Loading data for Italian Grand Prix - Race [v3.5.3]
2025-06-19 15:36:49,726 - INFO - Using cached data for session_info
2025-06-19 15:36:49,727 - INFO - Using cached data for driver_info
2025-06-19 15:36:49,869 - INFO - Using cached data for session_status_data
2025-06-19 15:36:49,870 - INFO - Using cached data for lap_count
2025-06-19 15:36:49,871 - INFO - Using cached data for track_status_data
2025-06-19 15:36:49,876 - INFO - Using cached data for _extended_timing_data
2025-06-19 15:36:49,878 - INFO - Using cached data for timing_app_data
2025-06-19 15:36:49,878 - INFO - Processing timing data...
2025-06-19 15:36:50,860 - INFO - Using cached data for car_data
2025-06-19 15:36:50,984 - INFO - Using cached data for position_data
2025-06-19 15:36:52,691 - INFO - Using cached data for weather_data
2025-06-19 15:36:52,693 - INFO - Using cached data for race_control_messages
2025-06-19 15:36:52,727 - INFO - Finished loading data for 20 drivers: ['16', '81', '4', '55', '44', '1', '63', '11', '23', '20', '14', '43', '3', '31', '10', '77', '27', '24', '18', '22']
2025-06-19 15:36:53,080 - INFO - [EXPORT OK] italian_grand_prix
2025-06-19 15:36:53,092 - INFO - Loading data for Azerbaijan Grand Prix - Race [v3.5.3]
2025-06-19 15:36:53,093 - INFO - Using cached data for session_info
2025-06-19 15:36:53,094 - INFO - Using cached data for driver_info
2025-06-19 15:36:53,214 - DEBUG - Failed to parse timestamp '-1:55:43.191' in Ergastresponse.
2025-06-19 15:36:53,215 - DEBUG - Failed to parse timestamp '-1:55:43.761' in Ergastresponse.
2025-06-19 15:36:53,215 - DEBUG - Failed to parse timestamp '-1:50:23.073' in Ergastresponse.
2025-06-19 15:36:53,223 - INFO - Using cached data for session_status_data
2025-06-19 15:36:53,224 - INFO - Using cached data for lap_count
2025-06-19 15:36:53,225 - INFO - Using cached data for track_status_data
2025-06-19 15:36:53,233 - INFO - Using cached data for _extended_timing_data
2025-06-19 15:36:53,237 - INFO - Using cached data for timing_app_data
2025-06-19 15:36:53,238 - INFO - Processing timing data...
2025-06-19 15:36:53,927 - INFO - Using cached data for car_data
2025-06-19 15:36:54,028 - INFO - Using cached data for position_data
2025-06-19 15:36:56,032 - INFO - Using cached data for weather_data
2025-06-19 15:36:56,040 - INFO - Using cached data for race_control_messages
2025-06-19 15:36:56,108 - INFO - Finished loading data for 20 drivers: ['81', '16', '63', '4', '1', '14', '23', '43', '44', '50', '27', '10', '3', '24', '31', '77', '11', '55', '18', '22']
2025-06-19 15:36:56,706 - INFO - [EXPORT OK] azerbaijan_grand_prix
2025-06-19 15:36:56,740 - INFO - Loading data for Singapore Grand Prix - Race [v3.5.3]
2025-06-19 15:36:56,743 - INFO - Using cached data for session_info
2025-06-19 15:36:56,752 - INFO - Using cached data for driver_info
2025-06-19 15:36:56,890 - WARNING - Request for URL https://api.jolpi.ca/ergast/f1/2024/18/results.json failed; using cached response
Traceback (most recent call last):
  File "/Users/ompatel/Downloads/RacinglinAi/.venv/lib/python3.11/site-packages/requests_cache/session.py", line 291, in _resend
    response.raise_for_status()
  File "/Users/ompatel/Downloads/RacinglinAi/.venv/lib/python3.11/site-packages/requests/models.py", line 1026, in raise_for_status
    raise HTTPError(http_error_msg, response=self)
requests.exceptions.HTTPError: 429 Client Error: Too Many Requests for url: https://api.jolpi.ca/ergast/f1/2024/18/results.json
2025-06-19 15:36:56,899 - DEBUG - Failed to parse timestamp '-1:55:59.335' in Ergastresponse.
2025-06-19 15:36:56,937 - INFO - Using cached data for session_status_data
2025-06-19 15:36:56,939 - INFO - Using cached data for lap_count
2025-06-19 15:36:56,940 - INFO - Using cached data for track_status_data
2025-06-19 15:36:56,956 - INFO - Using cached data for _extended_timing_data
2025-06-19 15:36:56,964 - INFO - Using cached data for timing_app_data
2025-06-19 15:36:56,967 - INFO - Processing timing data...
2025-06-19 15:36:59,026 - WARNING - Request for URL https://api.jolpi.ca/ergast/f1/2024/18/laps/1.json failed; using cached response
Traceback (most recent call last):
  File "/Users/ompatel/Downloads/RacinglinAi/.venv/lib/python3.11/site-packages/requests_cache/session.py", line 291, in _resend
    response.raise_for_status()
  File "/Users/ompatel/Downloads/RacinglinAi/.venv/lib/python3.11/site-packages/requests/models.py", line 1026, in raise_for_status
    raise HTTPError(http_error_msg, response=self)
requests.exceptions.HTTPError: 429 Client Error: Too Many Requests for url: https://api.jolpi.ca/ergast/f1/2024/18/laps/1.json
2025-06-19 15:36:59,146 - INFO - Using cached data for car_data
2025-06-19 15:36:59,353 - INFO - Using cached data for position_data
2025-06-19 15:37:02,921 - INFO - Using cached data for weather_data
2025-06-19 15:37:02,925 - INFO - Using cached data for race_control_messages
2025-06-19 15:37:02,961 - INFO - Finished loading data for 20 drivers: ['4', '1', '81', '63', '16', '44', '55', '14', '27', '11', '43', '22', '31', '18', '24', '77', '10', '3', '20', '23']
2025-06-19 15:37:03,399 - INFO - [EXPORT OK] singapore_grand_prix
2025-06-19 15:37:03,424 - INFO - Loading data for Mexico City Grand Prix - Race [v3.5.3]
2025-06-19 15:37:03,427 - INFO - Using cached data for session_info
2025-06-19 15:37:03,431 - INFO - Using cached data for driver_info
2025-06-19 15:37:03,869 - INFO - Using cached data for session_status_data
2025-06-19 15:37:03,874 - INFO - Using cached data for lap_count
2025-06-19 15:37:03,880 - INFO - Using cached data for track_status_data
2025-06-19 15:37:03,906 - INFO - Using cached data for _extended_timing_data
2025-06-19 15:37:03,926 - INFO - Using cached data for timing_app_data
2025-06-19 15:37:03,926 - INFO - Processing timing data...
2025-06-19 15:37:04,553 - WARNING - Request for URL https://api.jolpi.ca/ergast/f1/2024/20/laps/1.json failed; using cached response
Traceback (most recent call last):
  File "/Users/ompatel/Downloads/RacinglinAi/.venv/lib/python3.11/site-packages/requests_cache/session.py", line 291, in _resend
    response.raise_for_status()
  File "/Users/ompatel/Downloads/RacinglinAi/.venv/lib/python3.11/site-packages/requests/models.py", line 1026, in raise_for_status
    raise HTTPError(http_error_msg, response=self)
requests.exceptions.HTTPError: 429 Client Error: Too Many Requests for url: https://api.jolpi.ca/ergast/f1/2024/20/laps/1.json
2025-06-19 15:37:04,644 - INFO - Using cached data for car_data
2025-06-19 15:37:04,796 - INFO - Using cached data for position_data
2025-06-19 15:37:07,070 - INFO - Using cached data for weather_data
2025-06-19 15:37:07,075 - INFO - Using cached data for race_control_messages
2025-06-19 15:37:07,104 - INFO - Finished loading data for 20 drivers: ['55', '4', '16', '44', '63', '1', '20', '81', '27', '10', '18', '43', '31', '77', '24', '30', '11', '14', '23', '22']
2025-06-19 15:37:07,482 - INFO - [EXPORT OK] mexico_city_grand_prix
2025-06-19 15:37:07,495 - INFO - Loading data for Las Vegas Grand Prix - Race [v3.5.3]
2025-06-19 15:37:07,496 - INFO - Using cached data for session_info
2025-06-19 15:37:07,496 - INFO - Using cached data for driver_info
2025-06-19 15:37:07,627 - INFO - Using cached data for session_status_data
2025-06-19 15:37:07,628 - INFO - Using cached data for lap_count
2025-06-19 15:37:07,629 - INFO - Using cached data for track_status_data
2025-06-19 15:37:07,634 - INFO - Using cached data for _extended_timing_data
2025-06-19 15:37:07,635 - INFO - Using cached data for timing_app_data
2025-06-19 15:37:07,636 - INFO - Processing timing data...
2025-06-19 15:37:08,059 - WARNING - Driver 63: Lap timing integrity check failed for 2 lap(s)
2025-06-19 15:37:08,066 - WARNING - Driver 44: Lap timing integrity check failed for 1 lap(s)
2025-06-19 15:37:08,071 - WARNING - Driver 55: Lap timing integrity check failed for 1 lap(s)
2025-06-19 15:37:08,084 - WARNING - Driver 16: Lap timing integrity check failed for 2 lap(s)
2025-06-19 15:37:08,093 - WARNING - Driver  1: Lap timing integrity check failed for 1 lap(s)
2025-06-19 15:37:08,100 - WARNING - Driver  4: Lap timing integrity check failed for 1 lap(s)
2025-06-19 15:37:08,105 - WARNING - Driver 81: Lap timing integrity check failed for 1 lap(s)
2025-06-19 15:37:08,150 - WARNING - Driver 30: Lap timing integrity check failed for 2 lap(s)
2025-06-19 15:37:08,160 - WARNING - Driver 77: Lap timing integrity check failed for 2 lap(s)
2025-06-19 15:37:08,273 - WARNING - Request for URL https://api.jolpi.ca/ergast/f1/2024/22/laps/1.json failed; using cached response
Traceback (most recent call last):
  File "/Users/ompatel/Downloads/RacinglinAi/.venv/lib/python3.11/site-packages/requests_cache/session.py", line 291, in _resend
    response.raise_for_status()
  File "/Users/ompatel/Downloads/RacinglinAi/.venv/lib/python3.11/site-packages/requests/models.py", line 1026, in raise_for_status
    raise HTTPError(http_error_msg, response=self)
requests.exceptions.HTTPError: 429 Client Error: Too Many Requests for url: https://api.jolpi.ca/ergast/f1/2024/22/laps/1.json
2025-06-19 15:37:08,337 - INFO - Using cached data for car_data
2025-06-19 15:37:08,464 - INFO - Using cached data for position_data
2025-06-19 15:37:09,891 - INFO - Using cached data for weather_data
2025-06-19 15:37:09,893 - INFO - Using cached data for race_control_messages
2025-06-19 15:37:09,896 - WARNING - Driver 63 completed the race distance 00:00.427000 before the recorded end of the session.
2025-06-19 15:37:09,921 - INFO - Finished loading data for 20 drivers: ['63', '44', '55', '16', '1', '4', '81', '27', '22', '11', '14', '20', '24', '43', '18', '30', '31', '77', '23', '10']
2025-06-19 15:37:10,273 - INFO - [EXPORT OK] las_vegas_grand_prix
2025-06-19 15:37:10,282 - INFO - Loading data for Abu Dhabi Grand Prix - Race [v3.5.3]
2025-06-19 15:37:10,283 - INFO - Using cached data for session_info
2025-06-19 15:37:10,283 - INFO - Using cached data for driver_info
2025-06-19 15:37:10,413 - WARNING - Request for URL https://api.jolpi.ca/ergast/f1/2024/24/results.json failed; using cached response
Traceback (most recent call last):
  File "/Users/ompatel/Downloads/RacinglinAi/.venv/lib/python3.11/site-packages/requests_cache/session.py", line 291, in _resend
    response.raise_for_status()
  File "/Users/ompatel/Downloads/RacinglinAi/.venv/lib/python3.11/site-packages/requests/models.py", line 1026, in raise_for_status
    raise HTTPError(http_error_msg, response=self)
requests.exceptions.HTTPError: 429 Client Error: Too Many Requests for url: https://api.jolpi.ca/ergast/f1/2024/24/results.json
2025-06-19 15:37:10,415 - DEBUG - Failed to parse timestamp '-1:58:03.658' in Ergastresponse.
2025-06-19 15:37:10,427 - INFO - Using cached data for session_status_data
2025-06-19 15:37:10,428 - INFO - Using cached data for lap_count
2025-06-19 15:37:10,429 - INFO - Using cached data for track_status_data
2025-06-19 15:37:10,434 - INFO - Using cached data for _extended_timing_data
2025-06-19 15:37:10,438 - INFO - Using cached data for timing_app_data
2025-06-19 15:37:10,439 - INFO - Processing timing data...
2025-06-19 15:37:11,072 - WARNING - Request for URL https://api.jolpi.ca/ergast/f1/2024/24/laps/1.json failed; using cached response
Traceback (most recent call last):
  File "/Users/ompatel/Downloads/RacinglinAi/.venv/lib/python3.11/site-packages/requests_cache/session.py", line 291, in _resend
    response.raise_for_status()
  File "/Users/ompatel/Downloads/RacinglinAi/.venv/lib/python3.11/site-packages/requests/models.py", line 1026, in raise_for_status
    raise HTTPError(http_error_msg, response=self)
requests.exceptions.HTTPError: 429 Client Error: Too Many Requests for url: https://api.jolpi.ca/ergast/f1/2024/24/laps/1.json
2025-06-19 15:37:11,165 - INFO - Using cached data for car_data
2025-06-19 15:37:11,301 - INFO - Using cached data for position_data
2025-06-19 15:37:12,600 - INFO - Using cached data for weather_data
2025-06-19 15:37:12,601 - INFO - Using cached data for race_control_messages
2025-06-19 15:37:12,649 - INFO - Finished loading data for 20 drivers: ['4', '55', '16', '44', '63', '1', '10', '27', '14', '81', '23', '22', '24', '18', '61', '20', '30', '77', '43', '11']
2025-06-19 15:37:13,054 - INFO - [EXPORT OK] abu_dhabi_grand_prix
2025-10-27 10:27:03,839 - INFO - Loading data for Bahrain Grand Prix - Race [v3.5.3]
2025-10-27 10:27:03,841 - INFO - Using cached data for session_info
2025-10-27 10:27:03,841 - INFO - Using cached data for driver_info
2025-10-27 10:27:04,391 - INFO - Using cached data for session_status_data
2025-10-27 10:27:04,393 - INFO - Using cached data for lap_count
2025-10-27 10:27:04,393 - INFO - Using cached data for track_status_data
2025-10-27 10:27:04,401 - INFO - Using cached data for _extended_timing_data
2025-10-27 10:27:04,403 - INFO - Using cached data for timing_app_data
2025-10-27 10:27:04,403 - INFO - Processing timing data...
2025-10-27 10:27:05,142 - INFO - Using cached data for car_data
2025-10-27 10:27:05,216 - INFO - Using cached data for position_data
2025-10-27 10:27:06,912 - INFO - Using cached data for weather_data
2025-10-27 10:27:06,919 - INFO - Using cached data for race_control_messages
2025-10-27 10:27:06,959 - INFO - Finished loading data for 20 drivers: ['1', '11', '55', '16', '63', '4', '44', '81', '14', '18', '24', '20', '3', '22', '23', '27', '31', '10', '77', '2']
2025-10-27 10:27:08,930 - INFO - [EXPORT OK] bahrain_grand_prix
2025-10-27 10:27:08,952 - INFO - Loading data for Saudi Arabian Grand Prix - Race [v3.5.3]
2025-10-27 10:27:08,957 - INFO - Using cached data for session_info
2025-10-27 10:27:08,958 - INFO - Using cached data for driver_info
2025-10-27 10:27:09,170 - INFO - Using cached data for session_status_data
2025-10-27 10:27:09,172 - INFO - Using cached data for lap_count
2025-10-27 10:27:09,174 - INFO - Using cached data for track_status_data
2025-10-27 10:27:09,182 - INFO - Using cached data for _extended_timing_data
2025-10-27 10:27:09,186 - INFO - Using cached data for timing_app_data
2025-10-27 10:27:09,187 - INFO - Processing timing data...
2025-10-27 10:27:10,427 - INFO - Using cached data for car_data
2025-10-27 10:27:10,573 - INFO - Using cached data for position_data
2025-10-27 10:27:12,874 - INFO - Using cached data for weather_data
2025-10-27 10:27:12,887 - INFO - Using cached data for race_control_messages
2025-10-27 10:27:13,096 - INFO - Finished loading data for 20 drivers: ['1', '11', '16', '81', '14', '63', '38', '4', '44', '27', '23', '20', '31', '2', '22', '3', '77', '24', '18', '10']
2025-10-27 10:27:14,300 - INFO - [EXPORT OK] saudi_arabian_grand_prix
2025-10-27 10:27:14,368 - INFO - Loading data for Australian Grand Prix - Race [v3.5.3]
2025-10-27 10:27:14,371 - INFO - Using cached data for session_info
2025-10-27 10:27:14,377 - INFO - Using cached data for driver_info
2025-10-27 10:27:14,601 - DEBUG - Failed to parse timestamp '-1:57:37.891' in Ergastresponse.
2025-10-27 10:27:14,650 - INFO - Using cached data for session_status_data
2025-10-27 10:27:14,656 - INFO - Using cached data for lap_count
2025-10-27 10:27:14,659 - INFO - Using cached data for track_status_data
2025-10-27 10:27:14,690 - INFO - Using cached data for _extended_timing_data
2025-10-27 10:27:14,698 - INFO - Using cached data for timing_app_data
2025-10-27 10:27:14,699 - INFO - Processing timing data...
2025-10-27 10:27:16,817 - INFO - Using cached data for car_data
2025-10-27 10:27:16,954 - INFO - Using cached data for position_data
2025-10-27 10:27:19,403 - INFO - Using cached data for weather_data
2025-10-27 10:27:19,409 - INFO - Using cached data for race_control_messages
2025-10-27 10:27:19,488 - INFO - Finished loading data for 19 drivers: ['55', '16', '4', '81', '11', '18', '22', '14', '27', '20', '23', '3', '10', '77', '24', '31', '63', '44', '1']
2025-10-27 10:27:20,338 - INFO - [EXPORT OK] australian_grand_prix
2025-10-27 10:27:20,361 - INFO - Loading data for Japanese Grand Prix - Race [v3.5.3]
2025-10-27 10:27:20,362 - INFO - Using cached data for session_info
2025-10-27 10:27:20,364 - INFO - Using cached data for driver_info
2025-10-27 10:27:20,557 - INFO - Using cached data for session_status_data
2025-10-27 10:27:20,558 - INFO - Using cached data for lap_count
2025-10-27 10:27:20,559 - INFO - Using cached data for track_status_data
2025-10-27 10:27:20,567 - INFO - Using cached data for _extended_timing_data
2025-10-27 10:27:20,569 - INFO - Using cached data for timing_app_data
2025-10-27 10:27:20,570 - INFO - Processing timing data...
2025-10-27 10:27:22,212 - INFO - Using cached data for car_data
2025-10-27 10:27:22,312 - INFO - Using cached data for position_data
2025-10-27 10:27:26,071 - INFO - Using cached data for weather_data
2025-10-27 10:27:26,080 - INFO - Using cached data for race_control_messages
2025-10-27 10:27:26,146 - INFO - Finished loading data for 20 drivers: ['1', '11', '55', '16', '4', '14', '63', '81', '44', '22', '27', '18', '20', '77', '31', '10', '2', '24', '3', '23']
2025-10-27 10:27:27,338 - INFO - [EXPORT OK] japanese_grand_prix
2025-10-27 10:27:27,384 - INFO - Loading data for Emilia Romagna Grand Prix - Race [v3.5.3]
2025-10-27 10:27:27,386 - INFO - Using cached data for session_info
2025-10-27 10:27:27,386 - INFO - Using cached data for driver_info
2025-10-27 10:27:27,661 - INFO - Using cached data for session_status_data
2025-10-27 10:27:27,673 - INFO - Using cached data for lap_count
2025-10-27 10:27:27,683 - INFO - Using cached data for track_status_data
2025-10-27 10:27:27,757 - INFO - Using cached data for _extended_timing_data
2025-10-27 10:27:27,788 - INFO - Using cached data for timing_app_data
2025-10-27 10:27:27,798 - INFO - Processing timing data...
2025-10-27 10:27:30,235 - INFO - Using cached data for car_data
2025-10-27 10:27:30,431 - INFO - Using cached data for position_data
2025-10-27 10:27:33,554 - INFO - Using cached data for weather_data
2025-10-27 10:27:33,569 - INFO - Using cached data for race_control_messages
2025-10-27 10:27:33,628 - INFO - Finished loading data for 20 drivers: ['1', '4', '16', '81', '55', '44', '63', '11', '18', '22', '27', '20', '3', '31', '24', '10', '2', '77', '14', '23']
2025-10-27 10:27:35,000 - INFO - [EXPORT OK] emilia_romagna_grand_prix
2025-10-27 10:27:35,017 - INFO - Loading data for Monaco Grand Prix - Race [v3.5.3]
2025-10-27 10:27:35,019 - INFO - Using cached data for session_info
2025-10-27 10:27:35,025 - INFO - Using cached data for driver_info
2025-10-27 10:27:35,281 - INFO - Using cached data for session_status_data
2025-10-27 10:27:35,284 - INFO - Using cached data for lap_count
2025-10-27 10:27:35,292 - INFO - Using cached data for track_status_data
2025-10-27 10:27:35,320 - INFO - Using cached data for _extended_timing_data
2025-10-27 10:27:35,332 - INFO - Using cached data for timing_app_data
2025-10-27 10:27:35,336 - INFO - Processing timing data...
2025-10-27 10:27:36,699 - INFO - Using cached data for car_data
2025-10-27 10:27:37,032 - INFO - Using cached data for position_data
2025-10-27 10:27:41,274 - INFO - Using cached data for weather_data
2025-10-27 10:27:41,282 - INFO - Using cached data for race_control_messages
2025-10-27 10:27:41,338 - INFO - Finished loading data for 20 drivers: ['16', '81', '55', '4', '63', '1', '44', '22', '23', '10', '14', '3', '77', '18', '2', '24', '31', '11', '27', '20']
2025-10-27 10:27:43,197 - INFO - [EXPORT OK] monaco_grand_prix
2025-10-27 10:27:43,288 - INFO - Loading data for Canadian Grand Prix - Race [v3.5.3]
2025-10-27 10:27:43,307 - INFO - Using cached data for session_info
2025-10-27 10:27:43,312 - INFO - Using cached data for driver_info
2025-10-27 10:27:43,544 - INFO - Using cached data for session_status_data
2025-10-27 10:27:43,546 - INFO - Using cached data for lap_count
2025-10-27 10:27:43,548 - INFO - Using cached data for track_status_data
2025-10-27 10:27:43,564 - INFO - Using cached data for _extended_timing_data
2025-10-27 10:27:43,566 - INFO - Using cached data for timing_app_data
2025-10-27 10:27:43,567 - INFO - Processing timing data...
2025-10-27 10:27:45,548 - WARNING - Request for URL https://api.jolpi.ca/ergast/f1/2024/9/laps/1.json failed; using cached response
Traceback (most recent call last):
  File "/Users/ompatel/Downloads/RacinglinAi/.venv/lib/python3.11/site-packages/requests_cache/session.py", line 291, in _resend
    response.raise_for_status()
  File "/Users/ompatel/Downloads/RacinglinAi/.venv/lib/python3.11/site-packages/requests/models.py", line 1026, in raise_for_status
    raise HTTPError(http_error_msg, response=self)
requests.exceptions.HTTPError: 429 Client Error: Too Many Requests for url: https://api.jolpi.ca/ergast/f1/2024/9/laps/1.json
2025-10-27 10:27:45,660 - INFO - Using cached data for car_data
2025-10-27 10:27:45,836 - INFO - Using cached data for position_data
2025-10-27 10:27:48,893 - INFO - Using cached data for weather_data
2025-10-27 10:27:48,901 - INFO - Using cached data for race_control_messages
2025-10-27 10:27:49,061 - INFO - Finished loading data for 20 drivers: ['1', '4', '63', '44', '81', '14', '18', '3', '10', '31', '27', '20', '77', '22', '24', '55', '23', '11', '16', '2']
2025-10-27 10:27:50,148 - INFO - [EXPORT OK] canadian_grand_prix
2025-10-27 10:27:50,180 - INFO - Loading data for Spanish Grand Prix - Race [v3.5.3]
2025-10-27 10:27:50,184 - INFO - Using cached data for session_info
2025-10-27 10:27:50,186 - INFO - Using cached data for driver_info
2025-10-27 10:27:50,371 - WARNING - Request for URL https://api.jolpi.ca/ergast/f1/2024/10/results.json failed; using cached response
Traceback (most recent call last):
  File "/Users/ompatel/Downloads/RacinglinAi/.venv/lib/python3.11/site-packages/requests_cache/session.py", line 291, in _resend
    response.raise_for_status()
  File "/Users/ompatel/Downloads/RacinglinAi/.venv/lib/python3.11/site-packages/requests/models.py", line 1026, in raise_for_status
    raise HTTPError(http_error_msg, response=self)
requests.exceptions.HTTPError: 429 Client Error: Too Many Requests for url: https://api.jolpi.ca/ergast/f1/2024/10/results.json
2025-10-27 10:27:50,404 - INFO - Using cached data for session_status_data
2025-10-27 10:27:50,410 - INFO - Using cached data for lap_count
2025-10-27 10:27:50,412 - INFO - Using cached data for track_status_data
2025-10-27 10:27:50,450 - INFO - Using cached data for _extended_timing_data
2025-10-27 10:27:50,461 - INFO - Using cached data for timing_app_data
2025-10-27 10:27:50,463 - INFO - Processing timing data...
2025-10-27 10:27:51,701 - WARNING - Request for URL https://api.jolpi.ca/ergast/f1/2024/10/laps/1.json failed; using cached response
Traceback (most recent call last):
  File "/Users/ompatel/Downloads/RacinglinAi/.venv/lib/python3.11/site-packages/requests_cache/session.py", line 291, in _resend
    response.raise_for_status()
  File "/Users/ompatel/Downloads/RacinglinAi/.venv/lib/python3.11/site-packages/requests/models.py", line 1026, in raise_for_status
    raise HTTPError(http_error_msg, response=self)
requests.exceptions.HTTPError: 429 Client Error: Too Many Requests for url: https://api.jolpi.ca/ergast/f1/2024/10/laps/1.json
2025-10-27 10:27:51,852 - INFO - Using cached data for car_data
2025-10-27 10:27:52,078 - INFO - Using cached data for position_data
2025-10-27 10:27:56,463 - INFO - Using cached data for weather_data
2025-10-27 10:27:56,490 - INFO - Using cached data for race_control_messages
2025-10-27 10:27:56,498 - WARNING - Driver 1 completed the race distance 00:00.015000 before the recorded end of the session.
2025-10-27 10:27:56,553 - INFO - Finished loading data for 20 drivers: ['1', '4', '44', '63', '16', '55', '81', '11', '10', '31', '27', '14', '24', '18', '3', '77', '20', '23', '22', '2']
2025-10-27 10:27:57,631 - INFO - [EXPORT OK] spanish_grand_prix
2025-10-27 10:27:57,662 - INFO - Loading data for British Grand Prix - Race [v3.5.3]
2025-10-27 10:27:57,673 - INFO - Using cached data for session_info
2025-10-27 10:27:57,677 - INFO - Using cached data for driver_info
2025-10-27 10:27:57,850 - WARNING - Request for URL https://api.jolpi.ca/ergast/f1/2024/12/results.json failed; using cached response
Traceback (most recent call last):
  File "/Users/ompatel/Downloads/RacinglinAi/.venv/lib/python3.11/site-packages/requests_cache/session.py", line 291, in _resend
    response.raise_for_status()
  File "/Users/ompatel/Downloads/RacinglinAi/.venv/lib/python3.11/site-packages/requests/models.py", line 1026, in raise_for_status
    raise HTTPError(http_error_msg, response=self)
requests.exceptions.HTTPError: 429 Client Error: Too Many Requests for url: https://api.jolpi.ca/ergast/f1/2024/12/results.json
2025-10-27 10:27:57,916 - INFO - Using cached data for session_status_data
2025-10-27 10:27:57,920 - INFO - Using cached data for lap_count
2025-10-27 10:27:57,926 - INFO - Using cached data for track_status_data
2025-10-27 10:27:58,010 - INFO - Using cached data for _extended_timing_data
2025-10-27 10:27:58,025 - INFO - Using cached data for timing_app_data
2025-10-27 10:27:58,026 - INFO - Processing timing data...
2025-10-27 10:27:59,063 - WARNING - Request for URL https://api.jolpi.ca/ergast/f1/2024/12/laps/1.json failed; using cached response
Traceback (most recent call last):
  File "/Users/ompatel/Downloads/RacinglinAi/.venv/lib/python3.11/site-packages/requests_cache/session.py", line 291, in _resend
    response.raise_for_status()
  File "/Users/ompatel/Downloads/RacinglinAi/.venv/lib/python3.11/site-packages/requests/models.py", line 1026, in raise_for_status
    raise HTTPError(http_error_msg, response=self)
requests.exceptions.HTTPError: 429 Client Error: Too Many Requests for url: https://api.jolpi.ca/ergast/f1/2024/12/laps/1.json
2025-10-27 10:27:59,290 - INFO - Using cached data for car_data
2025-10-27 10:27:59,914 - INFO - Using cached data for position_data
2025-10-27 10:28:03,787 - INFO - Using cached data for weather_data
2025-10-27 10:28:03,802 - INFO - Using cached data for race_control_messages
2025-10-27 10:28:03,963 - INFO - Finished loading data for 20 drivers: ['44', '1', '4', '81', '55', '27', '18', '14', '23', '22', '2', '20', '3', '16', '77', '31', '11', '24', '63', '10']
2025-10-27 10:28:05,260 - INFO - [EXPORT OK] british_grand_prix
2025-10-27 10:28:05,295 - INFO - Loading data for Hungarian Grand Prix - Race [v3.5.3]
2025-10-27 10:28:05,298 - INFO - Using cached data for session_info
2025-10-27 10:28:05,301 - INFO - Using cached data for driver_info
2025-10-27 10:28:05,525 - WARNING - Request for URL https://api.jolpi.ca/ergast/f1/2024/13/results.json failed; using cached response
Traceback (most recent call last):
  File "/Users/ompatel/Downloads/RacinglinAi/.venv/lib/python3.11/site-packages/requests_cache/session.py", line 291, in _resend
    response.raise_for_status()
  File "/Users/ompatel/Downloads/RacinglinAi/.venv/lib/python3.11/site-packages/requests/models.py", line 1026, in raise_for_status
    raise HTTPError(http_error_msg, response=self)
requests.exceptions.HTTPError: 429 Client Error: Too Many Requests for url: https://api.jolpi.ca/ergast/f1/2024/13/results.json
2025-10-27 10:28:05,547 - INFO - Using cached data for session_status_data
2025-10-27 10:28:05,552 - INFO - Using cached data for lap_count
2025-10-27 10:28:05,555 - INFO - Using cached data for track_status_data
2025-10-27 10:28:05,590 - INFO - Using cached data for _extended_timing_data
2025-10-27 10:28:05,600 - INFO - Using cached data for timing_app_data
2025-10-27 10:28:05,601 - INFO - Processing timing data...
2025-10-27 10:28:06,937 - WARNING - Request for URL https://api.jolpi.ca/ergast/f1/2024/13/laps/1.json failed; using cached response
Traceback (most recent call last):
  File "/Users/ompatel/Downloads/RacinglinAi/.venv/lib/python3.11/site-packages/requests_cache/session.py", line 291, in _resend
    response.raise_for_status()
  File "/Users/ompatel/Downloads/RacinglinAi/.venv/lib/python3.11/site-packages/requests/models.py", line 1026, in raise_for_status
    raise HTTPError(http_error_msg, response=self)
requests.exceptions.HTTPError: 429 Client Error: Too Many Requests for url: https://api.jolpi.ca/ergast/f1/2024/13/laps/1.json
2025-10-27 10:28:07,079 - INFO - Using cached data for car_data
2025-10-27 10:28:07,412 - INFO - Using cached data for position_data
2025-10-27 10:28:10,508 - INFO - Using cached data for weather_data
2025-10-27 10:28:10,517 - INFO - Using cached data for race_control_messages
2025-10-27 10:28:10,557 - INFO - Finished loading data for 20 drivers: ['81', '4', '44', '16', '1', '55', '11', '63', '22', '18', '14', '3', '27', '23', '20', '77', '2', '31', '24', '10']
2025-10-27 10:28:11,865 - INFO - [EXPORT OK] hungarian_grand_prix
2025-10-27 10:28:11,901 - INFO - Loading data for Belgian Grand Prix - Race [v3.5.3]
2025-10-27 10:28:11,911 - INFO - Using cached data for session_info
2025-10-27 10:28:11,914 - INFO - Using cached data for driver_info
2025-10-27 10:28:12,315 - WARNING - Request for URL https://api.jolpi.ca/ergast/f1/2024/14/results.json failed; using cached response
Traceback (most recent call last):
  File "/Users/ompatel/Downloads/RacinglinAi/.venv/lib/python3.11/site-packages/requests_cache/session.py", line 291, in _resend
    response.raise_for_status()
  File "/Users/ompatel/Downloads/RacinglinAi/.venv/lib/python3.11/site-packages/requests/models.py", line 1026, in raise_for_status
    raise HTTPError(http_error_msg, response=self)
requests.exceptions.HTTPError: 429 Client Error: Too Many Requests for url: https://api.jolpi.ca/ergast/f1/2024/14/results.json
2025-10-27 10:28:12,327 - DEBUG - Failed to parse timestamp '-1:59:59.474' in Ergastresponse.
2025-10-27 10:28:12,351 - INFO - Using cached data for session_status_data
2025-10-27 10:28:12,359 - INFO - Using cached data for lap_count
2025-10-27 10:28:12,361 - INFO - Using cached data for track_status_data
2025-10-27 10:28:12,398 - INFO - Using cached data for _extended_timing_data
2025-10-27 10:28:12,407 - INFO - Using cached data for timing_app_data
2025-10-27 10:28:12,410 - INFO - Processing timing data...
2025-10-27 10:28:13,744 - WARNING - Request for URL https://api.jolpi.ca/ergast/f1/2024/14/laps/1.json failed; using cached response
Traceback (most recent call last):
  File "/Users/ompatel/Downloads/RacinglinAi/.venv/lib/python3.11/site-packages/requests_cache/session.py", line 291, in _resend
    response.raise_for_status()
  File "/Users/ompatel/Downloads/RacinglinAi/.venv/lib/python3.11/site-packages/requests/models.py", line 1026, in raise_for_status
    raise HTTPError(http_error_msg, response=self)
requests.exceptions.HTTPError: 429 Client Error: Too Many Requests for url: https://api.jolpi.ca/ergast/f1/2024/14/laps/1.json
2025-10-27 10:28:13,899 - INFO - Using cached data for car_data
2025-10-27 10:28:14,176 - INFO - Using cached data for position_data
2025-10-27 10:28:17,192 - INFO - Using cached data for weather_data
2025-10-27 10:28:17,199 - INFO - Using cached data for race_control_messages
2025-10-27 10:28:17,456 - INFO - Finished loading data for 20 drivers: ['44', '81', '16', '1', '4', '55', '11', '14', '31', '3', '18', '23', '10', '20', '77', '22', '2', '27', '24', '63']
2025-10-27 10:28:18,758 - INFO - [EXPORT OK] belgian_grand_prix
2025-10-27 10:28:18,823 - INFO - Loading data for Dutch Grand Prix - Race [v3.5.3]
2025-10-27 10:28:18,837 - INFO - Using cached data for session_info
2025-10-27 10:28:18,845 - INFO - Using cached data for driver_info
2025-10-27 10:28:19,176 - INFO - Using cached data for session_status_data
2025-10-27 10:28:19,184 - INFO - Using cached data for lap_count
2025-10-27 10:28:19,185 - INFO - Using cached data for track_status_data
2025-10-27 10:28:19,206 - INFO - Using cached data for _extended_timing_data
2025-10-27 10:28:19,209 - INFO - Using cached data for timing_app_data
2025-10-27 10:28:19,210 - INFO - Processing timing data...
2025-10-27 10:28:21,351 - WARNING - Request for URL https://api.jolpi.ca/ergast/f1/2024/15/laps/1.json failed; using cached response
Traceback (most recent call last):
  File "/Users/ompatel/Downloads/RacinglinAi/.venv/lib/python3.11/site-packages/requests_cache/session.py", line 291, in _resend
    response.raise_for_status()
  File "/Users/ompatel/Downloads/RacinglinAi/.venv/lib/python3.11/site-packages/requests/models.py", line 1026, in raise_for_status
    raise HTTPError(http_error_msg, response=self)
requests.exceptions.HTTPError: 429 Client Error: Too Many Requests for url: https://api.jolpi.ca/ergast/f1/2024/15/laps/1.json
2025-10-27 10:28:21,600 - INFO - Using cached data for car_data
2025-10-27 10:28:21,967 - INFO - Using cached data for position_data
2025-10-27 10:28:27,093 - INFO - Using cached data for weather_data
2025-10-27 10:28:27,139 - INFO - Using cached data for race_control_messages
2025-10-27 10:28:27,195 - INFO - Finished loading data for 20 drivers: ['4', '1', '16', '81', '55', '11', '63', '44', '10', '14', '27', '3', '18', '23', '31', '2', '22', '20', '77', '24']
2025-10-27 10:28:28,425 - INFO - [EXPORT OK] dutch_grand_prix
2025-10-27 10:28:28,456 - INFO - Loading data for Italian Grand Prix - Race [v3.5.3]
2025-10-27 10:28:28,459 - INFO - Using cached data for session_info
2025-10-27 10:28:28,462 - INFO - Using cached data for driver_info
2025-10-27 10:28:28,650 - WARNING - Request for URL https://api.jolpi.ca/ergast/f1/2024/16/results.json failed; using cached response
Traceback (most recent call last):
  File "/Users/ompatel/Downloads/RacinglinAi/.venv/lib/python3.11/site-packages/requests_cache/session.py", line 291, in _resend
    response.raise_for_status()
  File "/Users/ompatel/Downloads/RacinglinAi/.venv/lib/python3.11/site-packages/requests/models.py", line 1026, in raise_for_status
    raise HTTPError(http_error_msg, response=self)
requests.exceptions.HTTPError: 429 Client Error: Too Many Requests for url: https://api.jolpi.ca/ergast/f1/2024/16/results.json
2025-10-27 10:28:28,685 - INFO - Using cached data for session_status_data
2025-10-27 10:28:28,688 - INFO - Using cached data for lap_count
2025-10-27 10:28:28,691 - INFO - Using cached data for track_status_data
2025-10-27 10:28:28,707 - INFO - Using cached data for _extended_timing_data
2025-10-27 10:28:28,712 - INFO - Using cached data for timing_app_data
2025-10-27 10:28:28,714 - INFO - Processing timing data...
2025-10-27 10:28:30,191 - WARNING - Request for URL https://api.jolpi.ca/ergast/f1/2024/16/laps/1.json failed; using cached response
Traceback (most recent call last):
  File "/Users/ompatel/Downloads/RacinglinAi/.venv/lib/python3.11/site-packages/requests_cache/session.py", line 291, in _resend
    response.raise_for_status()
  File "/Users/ompatel/Downloads/RacinglinAi/.venv/lib/python3.11/site-packages/requests/models.py", line 1026, in raise_for_status
    raise HTTPError(http_error_msg, response=self)
requests.exceptions.HTTPError: 429 Client Error: Too Many Requests for url: https://api.jolpi.ca/ergast/f1/2024/16/laps/1.json
2025-10-27 10:28:30,359 - INFO - Using cached data for car_data
2025-10-27 10:28:30,751 - INFO - Using cached data for position_data
2025-10-27 10:28:34,969 - INFO - Using cached data for weather_data
2025-10-27 10:28:34,981 - INFO - Using cached data for race_control_messages
2025-10-27 10:28:35,046 - INFO - Finished loading data for 20 drivers: ['16', '81', '4', '55', '44', '1', '63', '11', '23', '20', '14', '43', '3', '31', '10', '77', '27', '24', '18', '22']
2025-10-27 10:28:36,341 - INFO - [EXPORT OK] italian_grand_prix
2025-10-27 10:28:36,375 - INFO - Loading data for Azerbaijan Grand Prix - Race [v3.5.3]
2025-10-27 10:28:36,378 - INFO - Using cached data for session_info
2025-10-27 10:28:36,381 - INFO - Using cached data for driver_info
2025-10-27 10:28:36,582 - WARNING - Request for URL https://api.jolpi.ca/ergast/f1/2024/17/results.json failed; using cached response
Traceback (most recent call last):
  File "/Users/ompatel/Downloads/RacinglinAi/.venv/lib/python3.11/site-packages/requests_cache/session.py", line 291, in _resend
    response.raise_for_status()
  File "/Users/ompatel/Downloads/RacinglinAi/.venv/lib/python3.11/site-packages/requests/models.py", line 1026, in raise_for_status
    raise HTTPError(http_error_msg, response=self)
requests.exceptions.HTTPError: 429 Client Error: Too Many Requests for url: https://api.jolpi.ca/ergast/f1/2024/17/results.json
2025-10-27 10:28:36,610 - DEBUG - Failed to parse timestamp '-1:55:43.191' in Ergastresponse.
2025-10-27 10:28:36,611 - DEBUG - Failed to parse timestamp '-1:55:43.761' in Ergastresponse.
2025-10-27 10:28:36,611 - DEBUG - Failed to parse timestamp '-1:50:23.073' in Ergastresponse.
2025-10-27 10:28:36,662 - INFO - Using cached data for session_status_data
2025-10-27 10:28:36,670 - INFO - Using cached data for lap_count
2025-10-27 10:28:36,678 - INFO - Using cached data for track_status_data
2025-10-27 10:28:36,713 - INFO - Using cached data for _extended_timing_data
2025-10-27 10:28:36,729 - INFO - Using cached data for timing_app_data
2025-10-27 10:28:36,733 - INFO - Processing timing data...
2025-10-27 10:28:37,855 - WARNING - Request for URL https://api.jolpi.ca/ergast/f1/2024/17/laps/1.json failed; using cached response
Traceback (most recent call last):
  File "/Users/ompatel/Downloads/RacinglinAi/.venv/lib/python3.11/site-packages/requests_cache/session.py", line 291, in _resend
    response.raise_for_status()
  File "/Users/ompatel/Downloads/RacinglinAi/.venv/lib/python3.11/site-packages/requests/models.py", line 1026, in raise_for_status
    raise HTTPError(http_error_msg, response=self)
requests.exceptions.HTTPError: 429 Client Error: Too Many Requests for url: https://api.jolpi.ca/ergast/f1/2024/17/laps/1.json
2025-10-27 10:28:37,999 - INFO - Using cached data for car_data
2025-10-27 10:28:38,285 - INFO - Using cached data for position_data
2025-10-27 10:28:42,820 - INFO - Using cached data for weather_data
2025-10-27 10:28:42,843 - INFO - Using cached data for race_control_messages
2025-10-27 10:28:43,029 - INFO - Finished loading data for 20 drivers: ['81', '16', '63', '4', '1', '14', '23', '43', '44', '50', '27', '10', '3', '24', '31', '77', '11', '55', '18', '22']
2025-10-27 10:28:44,209 - INFO - [EXPORT OK] azerbaijan_grand_prix
2025-10-27 10:28:44,246 - INFO - Loading data for Singapore Grand Prix - Race [v3.5.3]
2025-10-27 10:28:44,248 - INFO - Using cached data for session_info
2025-10-27 10:28:44,250 - INFO - Using cached data for driver_info
2025-10-27 10:28:44,428 - WARNING - Request for URL https://api.jolpi.ca/ergast/f1/2024/18/results.json failed; using cached response
Traceback (most recent call last):
  File "/Users/ompatel/Downloads/RacinglinAi/.venv/lib/python3.11/site-packages/requests_cache/session.py", line 291, in _resend
    response.raise_for_status()
  File "/Users/ompatel/Downloads/RacinglinAi/.venv/lib/python3.11/site-packages/requests/models.py", line 1026, in raise_for_status
    raise HTTPError(http_error_msg, response=self)
requests.exceptions.HTTPError: 429 Client Error: Too Many Requests for url: https://api.jolpi.ca/ergast/f1/2024/18/results.json
2025-10-27 10:28:44,432 - DEBUG - Failed to parse timestamp '-1:55:59.335' in Ergastresponse.
2025-10-27 10:28:44,467 - INFO - Using cached data for session_status_data
2025-10-27 10:28:44,470 - INFO - Using cached data for lap_count
2025-10-27 10:28:44,475 - INFO - Using cached data for track_status_data
2025-10-27 10:28:44,619 - INFO - Using cached data for _extended_timing_data
2025-10-27 10:28:44,638 - INFO - Using cached data for timing_app_data
2025-10-27 10:28:44,656 - INFO - Processing timing data...
2025-10-27 10:28:46,044 - WARNING - Request for URL https://api.jolpi.ca/ergast/f1/2024/18/laps/1.json failed; using cached response
Traceback (most recent call last):
  File "/Users/ompatel/Downloads/RacinglinAi/.venv/lib/python3.11/site-packages/requests_cache/session.py", line 291, in _resend
    response.raise_for_status()
  File "/Users/ompatel/Downloads/RacinglinAi/.venv/lib/python3.11/site-packages/requests/models.py", line 1026, in raise_for_status
    raise HTTPError(http_error_msg, response=self)
requests.exceptions.HTTPError: 429 Client Error: Too Many Requests for url: https://api.jolpi.ca/ergast/f1/2024/18/laps/1.json
2025-10-27 10:28:46,481 - INFO - Using cached data for car_data
2025-10-27 10:28:48,129 - INFO - Using cached data for position_data
2025-10-27 10:28:53,781 - INFO - Using cached data for weather_data
2025-10-27 10:28:53,803 - INFO - Using cached data for race_control_messages
2025-10-27 10:28:53,876 - INFO - Finished loading data for 20 drivers: ['4', '1', '81', '63', '16', '44', '55', '14', '27', '11', '43', '22', '31', '18', '24', '77', '10', '3', '20', '23']
2025-10-27 10:28:55,094 - INFO - [EXPORT OK] singapore_grand_prix
2025-10-27 10:28:55,143 - INFO - Loading data for Mexico City Grand Prix - Race [v3.5.3]
2025-10-27 10:28:55,150 - INFO - Using cached data for session_info
2025-10-27 10:28:55,152 - INFO - Using cached data for driver_info
2025-10-27 10:28:55,369 - INFO - Using cached data for session_status_data
2025-10-27 10:28:55,372 - INFO - Using cached data for lap_count
2025-10-27 10:28:55,373 - INFO - Using cached data for track_status_data
2025-10-27 10:28:55,398 - INFO - Using cached data for _extended_timing_data
2025-10-27 10:28:55,403 - INFO - Using cached data for timing_app_data
2025-10-27 10:28:55,404 - INFO - Processing timing data...
2025-10-27 10:28:56,787 - WARNING - Request for URL https://api.jolpi.ca/ergast/f1/2024/20/laps/1.json failed; using cached response
Traceback (most recent call last):
  File "/Users/ompatel/Downloads/RacinglinAi/.venv/lib/python3.11/site-packages/requests_cache/session.py", line 291, in _resend
    response.raise_for_status()
  File "/Users/ompatel/Downloads/RacinglinAi/.venv/lib/python3.11/site-packages/requests/models.py", line 1026, in raise_for_status
    raise HTTPError(http_error_msg, response=self)
requests.exceptions.HTTPError: 429 Client Error: Too Many Requests for url: https://api.jolpi.ca/ergast/f1/2024/20/laps/1.json
2025-10-27 10:28:56,988 - INFO - Using cached data for car_data
2025-10-27 10:28:57,584 - INFO - Using cached data for position_data
2025-10-27 10:29:02,237 - INFO - Using cached data for weather_data
2025-10-27 10:29:02,253 - INFO - Using cached data for race_control_messages
2025-10-27 10:29:02,323 - INFO - Finished loading data for 20 drivers: ['55', '4', '16', '44', '63', '1', '20', '81', '27', '10', '18', '43', '31', '77', '24', '30', '11', '14', '23', '22']
2025-10-27 10:29:03,486 - INFO - [EXPORT OK] mexico_city_grand_prix
2025-10-27 10:29:03,549 - INFO - Loading data for Las Vegas Grand Prix - Race [v3.5.3]
2025-10-27 10:29:03,558 - INFO - Using cached data for session_info
2025-10-27 10:29:03,560 - INFO - Using cached data for driver_info
2025-10-27 10:29:03,747 - WARNING - Request for URL https://api.jolpi.ca/ergast/f1/2024/22/results.json failed; using cached response
Traceback (most recent call last):
  File "/Users/ompatel/Downloads/RacinglinAi/.venv/lib/python3.11/site-packages/requests_cache/session.py", line 291, in _resend
    response.raise_for_status()
  File "/Users/ompatel/Downloads/RacinglinAi/.venv/lib/python3.11/site-packages/requests/models.py", line 1026, in raise_for_status
    raise HTTPError(http_error_msg, response=self)
requests.exceptions.HTTPError: 429 Client Error: Too Many Requests for url: https://api.jolpi.ca/ergast/f1/2024/22/results.json
2025-10-27 10:29:03,793 - INFO - Using cached data for session_status_data
2025-10-27 10:29:03,796 - INFO - Using cached data for lap_count
2025-10-27 10:29:03,799 - INFO - Using cached data for track_status_data
2025-10-27 10:29:03,815 - INFO - Using cached data for _extended_timing_data
2025-10-27 10:29:03,820 - INFO - Using cached data for timing_app_data
2025-10-27 10:29:03,821 - INFO - Processing timing data...
2025-10-27 10:29:04,915 - WARNING - Driver 63: Lap timing integrity check failed for 2 lap(s)
2025-10-27 10:29:04,945 - WARNING - Driver 44: Lap timing integrity check failed for 1 lap(s)
2025-10-27 10:29:04,981 - WARNING - Driver 55: Lap timing integrity check failed for 1 lap(s)
2025-10-27 10:29:04,991 - WARNING - Driver 16: Lap timing integrity check failed for 2 lap(s)
2025-10-27 10:29:05,000 - WARNING - Driver  1: Lap timing integrity check failed for 1 lap(s)
2025-10-27 10:29:05,022 - WARNING - Driver  4: Lap timing integrity check failed for 1 lap(s)
2025-10-27 10:29:05,046 - WARNING - Driver 81: Lap timing integrity check failed for 1 lap(s)
2025-10-27 10:29:05,153 - WARNING - Driver 30: Lap timing integrity check failed for 2 lap(s)
2025-10-27 10:29:05,174 - WARNING - Driver 77: Lap timing integrity check failed for 2 lap(s)
2025-10-27 10:29:05,362 - WARNING - Request for URL https://api.jolpi.ca/ergast/f1/2024/22/laps/1.json failed; using cached response
Traceback (most recent call last):
  File "/Users/ompatel/Downloads/RacinglinAi/.venv/lib/python3.11/site-packages/requests_cache/session.py", line 291, in _resend
    response.raise_for_status()
  File "/Users/ompatel/Downloads/RacinglinAi/.venv/lib/python3.11/site-packages/requests/models.py", line 1026, in raise_for_status
    raise HTTPError(http_error_msg, response=self)
requests.exceptions.HTTPError: 429 Client Error: Too Many Requests for url: https://api.jolpi.ca/ergast/f1/2024/22/laps/1.json
2025-10-27 10:29:05,497 - INFO - Using cached data for car_data
2025-10-27 10:29:05,773 - INFO - Using cached data for position_data
2025-10-27 10:29:09,666 - INFO - Using cached data for weather_data
2025-10-27 10:29:09,674 - INFO - Using cached data for race_control_messages
2025-10-27 10:29:09,681 - WARNING - Driver 63 completed the race distance 00:00.427000 before the recorded end of the session.
2025-10-27 10:29:09,731 - INFO - Finished loading data for 20 drivers: ['63', '44', '55', '16', '1', '4', '81', '27', '22', '11', '14', '20', '24', '43', '18', '30', '31', '77', '23', '10']
2025-10-27 10:29:11,001 - INFO - [EXPORT OK] las_vegas_grand_prix
2025-10-27 10:29:11,034 - INFO - Loading data for Abu Dhabi Grand Prix - Race [v3.5.3]
2025-10-27 10:29:11,037 - INFO - Using cached data for session_info
2025-10-27 10:29:11,042 - INFO - Using cached data for driver_info
2025-10-27 10:29:11,248 - WARNING - Request for URL https://api.jolpi.ca/ergast/f1/2024/24/results.json failed; using cached response
Traceback (most recent call last):
  File "/Users/ompatel/Downloads/RacinglinAi/.venv/lib/python3.11/site-packages/requests_cache/session.py", line 291, in _resend
    response.raise_for_status()
  File "/Users/ompatel/Downloads/RacinglinAi/.venv/lib/python3.11/site-packages/requests/models.py", line 1026, in raise_for_status
    raise HTTPError(http_error_msg, response=self)
requests.exceptions.HTTPError: 429 Client Error: Too Many Requests for url: https://api.jolpi.ca/ergast/f1/2024/24/results.json
2025-10-27 10:29:11,269 - DEBUG - Failed to parse timestamp '-1:58:03.658' in Ergastresponse.
2025-10-27 10:29:11,308 - INFO - Using cached data for session_status_data
2025-10-27 10:29:11,314 - INFO - Using cached data for lap_count
2025-10-27 10:29:11,319 - INFO - Using cached data for track_status_data
2025-10-27 10:29:11,335 - INFO - Using cached data for _extended_timing_data
2025-10-27 10:29:11,338 - INFO - Using cached data for timing_app_data
2025-10-27 10:29:11,339 - INFO - Processing timing data...
2025-10-27 10:29:12,829 - WARNING - Request for URL https://api.jolpi.ca/ergast/f1/2024/24/laps/1.json failed; using cached response
Traceback (most recent call last):
  File "/Users/ompatel/Downloads/RacinglinAi/.venv/lib/python3.11/site-packages/requests_cache/session.py", line 291, in _resend
    response.raise_for_status()
  File "/Users/ompatel/Downloads/RacinglinAi/.venv/lib/python3.11/site-packages/requests/models.py", line 1026, in raise_for_status
    raise HTTPError(http_error_msg, response=self)
requests.exceptions.HTTPError: 429 Client Error: Too Many Requests for url: https://api.jolpi.ca/ergast/f1/2024/24/laps/1.json
2025-10-27 10:29:13,024 - INFO - Using cached data for car_data
2025-10-27 10:29:13,601 - INFO - Using cached data for position_data
2025-10-27 10:29:17,307 - INFO - Using cached data for weather_data
2025-10-27 10:29:17,337 - INFO - Using cached data for race_control_messages
2025-10-27 10:29:17,455 - INFO - Finished loading data for 20 drivers: ['4', '55', '16', '44', '63', '1', '10', '27', '14', '81', '23', '22', '24', '18', '61', '20', '30', '77', '43', '11']
2025-10-27 10:29:18,531 - INFO - [EXPORT OK] abu_dhabi_grand_prix
2025-10-27 10:43:59,405 - INFO - Loading data for Bahrain Grand Prix - Race [v3.5.3]
2025-10-27 10:43:59,409 - INFO - Using cached data for session_info
2025-10-27 10:43:59,412 - INFO - Using cached data for driver_info
2025-10-27 10:43:59,450 - INFO - Using cached data for session_status_data
2025-10-27 10:43:59,459 - INFO - Using cached data for lap_count
2025-10-27 10:43:59,461 - INFO - Using cached data for track_status_data
2025-10-27 10:43:59,483 - INFO - Using cached data for _extended_timing_data
2025-10-27 10:43:59,487 - INFO - Using cached data for timing_app_data
2025-10-27 10:43:59,489 - INFO - Processing timing data...
2025-10-27 10:44:01,158 - INFO - Using cached data for car_data
2025-10-27 10:44:01,574 - INFO - Using cached data for position_data
2025-10-27 10:44:05,460 - INFO - Using cached data for weather_data
2025-10-27 10:44:05,475 - INFO - Using cached data for race_control_messages
2025-10-27 10:44:05,593 - INFO - Finished loading data for 20 drivers: ['1', '11', '55', '16', '63', '4', '44', '81', '14', '18', '24', '20', '3', '22', '23', '27', '31', '10', '77', '2']
2025-10-27 10:44:06,398 - INFO - [EXPORT OK] bahrain_grand_prix
2025-10-27 10:44:06,431 - INFO - Loading data for Saudi Arabian Grand Prix - Race [v3.5.3]
2025-10-27 10:44:06,434 - INFO - Using cached data for session_info
2025-10-27 10:44:06,435 - INFO - Using cached data for driver_info
2025-10-27 10:44:06,474 - INFO - Using cached data for session_status_data
2025-10-27 10:44:06,477 - INFO - Using cached data for lap_count
2025-10-27 10:44:06,479 - INFO - Using cached data for track_status_data
2025-10-27 10:44:06,489 - INFO - Using cached data for _extended_timing_data
2025-10-27 10:44:06,493 - INFO - Using cached data for timing_app_data
2025-10-27 10:44:06,494 - INFO - Processing timing data...
2025-10-27 10:44:08,492 - INFO - Using cached data for car_data
2025-10-27 10:44:08,897 - INFO - Using cached data for position_data
2025-10-27 10:44:13,129 - INFO - Using cached data for weather_data
2025-10-27 10:44:13,138 - INFO - Using cached data for race_control_messages
2025-10-27 10:44:13,284 - INFO - Finished loading data for 20 drivers: ['1', '11', '16', '81', '14', '63', '38', '4', '44', '27', '23', '20', '31', '2', '22', '3', '77', '24', '18', '10']
2025-10-27 10:44:14,026 - INFO - [EXPORT OK] saudi_arabian_grand_prix
2025-10-27 10:44:14,065 - INFO - Loading data for Australian Grand Prix - Race [v3.5.3]
2025-10-27 10:44:14,070 - INFO - Using cached data for session_info
2025-10-27 10:44:14,072 - INFO - Using cached data for driver_info
2025-10-27 10:44:14,082 - DEBUG - Failed to parse timestamp '-1:57:37.891' in Ergastresponse.
2025-10-27 10:44:14,099 - INFO - Using cached data for session_status_data
2025-10-27 10:44:14,109 - INFO - Using cached data for lap_count
2025-10-27 10:44:14,112 - INFO - Using cached data for track_status_data
2025-10-27 10:44:14,125 - INFO - Using cached data for _extended_timing_data
2025-10-27 10:44:14,129 - INFO - Using cached data for timing_app_data
2025-10-27 10:44:14,133 - INFO - Processing timing data...
2025-10-27 10:44:15,249 - INFO - Using cached data for car_data
2025-10-27 10:44:15,436 - INFO - Using cached data for position_data
2025-10-27 10:44:18,234 - INFO - Using cached data for weather_data
2025-10-27 10:44:18,265 - INFO - Using cached data for race_control_messages
2025-10-27 10:44:18,523 - INFO - Finished loading data for 19 drivers: ['55', '16', '4', '81', '11', '18', '22', '14', '27', '20', '23', '3', '10', '77', '24', '31', '63', '44', '1']
2025-10-27 10:44:19,320 - INFO - [EXPORT OK] australian_grand_prix
2025-10-27 10:44:19,343 - INFO - Loading data for Japanese Grand Prix - Race [v3.5.3]
2025-10-27 10:44:19,348 - INFO - Using cached data for session_info
2025-10-27 10:44:19,350 - INFO - Using cached data for driver_info
2025-10-27 10:44:19,379 - INFO - Using cached data for session_status_data
2025-10-27 10:44:19,381 - INFO - Using cached data for lap_count
2025-10-27 10:44:19,382 - INFO - Using cached data for track_status_data
2025-10-27 10:44:19,400 - INFO - Using cached data for _extended_timing_data
2025-10-27 10:44:19,406 - INFO - Using cached data for timing_app_data
2025-10-27 10:44:19,406 - INFO - Processing timing data...
2025-10-27 10:44:20,519 - INFO - Using cached data for car_data
2025-10-27 10:44:20,845 - INFO - Using cached data for position_data
2025-10-27 10:44:23,770 - INFO - Using cached data for weather_data
2025-10-27 10:44:23,781 - INFO - Using cached data for race_control_messages
2025-10-27 10:44:23,845 - INFO - Finished loading data for 20 drivers: ['1', '11', '55', '16', '4', '14', '63', '81', '44', '22', '27', '18', '20', '77', '31', '10', '2', '24', '3', '23']
2025-10-27 10:44:24,400 - INFO - [EXPORT OK] japanese_grand_prix
2025-10-27 10:44:24,437 - INFO - Loading data for Chinese Grand Prix - Race [v3.5.3]
2025-10-27 10:44:24,441 - INFO - No cached data found for session_info. Loading data...
2025-10-27 10:44:24,443 - INFO - Fetching session info data...
2025-10-27 10:44:24,972 - INFO - Data has been written to cache!
2025-10-27 10:44:24,976 - INFO - No cached data found for driver_info. Loading data...
2025-10-27 10:44:24,977 - INFO - Fetching driver list...
2025-10-27 10:44:25,510 - INFO - Data has been written to cache!
2025-10-27 10:44:26,107 - INFO - No cached data found for session_status_data. Loading data...
2025-10-27 10:44:26,114 - INFO - Fetching session status data...
2025-10-27 10:44:26,624 - INFO - Data has been written to cache!
2025-10-27 10:44:26,628 - INFO - No cached data found for lap_count. Loading data...
2025-10-27 10:44:26,629 - INFO - Fetching lap count data...
2025-10-27 10:44:27,126 - INFO - Data has been written to cache!
2025-10-27 10:44:27,127 - INFO - No cached data found for track_status_data. Loading data...
2025-10-27 10:44:27,128 - INFO - Fetching track status data...
2025-10-27 10:44:27,763 - INFO - Data has been written to cache!
2025-10-27 10:44:27,769 - INFO - No cached data found for _extended_timing_data. Loading data...
2025-10-27 10:44:27,770 - INFO - Fetching timing data...
2025-10-27 10:44:29,435 - INFO - Parsing timing data...
2025-10-27 10:44:30,235 - INFO - Data has been written to cache!
2025-10-27 10:44:30,240 - INFO - No cached data found for timing_app_data. Loading data...
2025-10-27 10:44:30,241 - INFO - Fetching timing app data...
2025-10-27 10:44:30,809 - INFO - Data has been written to cache!
2025-10-27 10:44:30,811 - INFO - Processing timing data...
2025-10-27 10:44:31,958 - INFO - No cached data found for car_data. Loading data...
2025-10-27 10:44:31,962 - INFO - Fetching car data...
2025-10-27 10:44:32,900 - INFO - Parsing car data...
2025-10-27 10:44:37,446 - INFO - Data has been written to cache!
2025-10-27 10:44:37,452 - INFO - No cached data found for position_data. Loading data...
2025-10-27 10:44:37,453 - INFO - Fetching position data...
2025-10-27 10:44:38,358 - INFO - Parsing position data...
2025-10-27 10:44:48,515 - WARNING - Driver 241: Position data is incomplete!
2025-10-27 10:44:48,540 - WARNING - Driver 242: Position data is incomplete!
2025-10-27 10:44:48,556 - WARNING - Driver 243: Position data is incomplete!
2025-10-27 10:44:49,073 - INFO - Data has been written to cache!
2025-10-27 10:44:52,389 - INFO - No cached data found for weather_data. Loading data...
2025-10-27 10:44:52,396 - INFO - Fetching weather data...
2025-10-27 10:44:52,924 - INFO - Data has been written to cache!
2025-10-27 10:44:52,943 - INFO - No cached data found for race_control_messages. Loading data...
2025-10-27 10:44:52,945 - INFO - Fetching race control messages...
2025-10-27 10:44:53,500 - INFO - Data has been written to cache!
2025-10-27 10:44:53,537 - WARNING - Driver 1 completed the race distance 00:08.313000 before the recorded end of the session.
2025-10-27 10:44:53,674 - INFO - Finished loading data for 20 drivers: ['1', '4', '11', '16', '55', '63', '14', '81', '44', '27', '31', '23', '10', '24', '18', '20', '2', '3', '22', '77']
2025-10-27 10:44:55,169 - INFO - [EXPORT OK] chinese_grand_prix
2025-10-27 10:44:55,185 - INFO - Loading data for Miami Grand Prix - Race [v3.5.3]
2025-10-27 10:44:55,187 - INFO - No cached data found for session_info. Loading data...
2025-10-27 10:44:55,189 - INFO - Fetching session info data...
2025-10-27 10:44:55,712 - INFO - Data has been written to cache!
2025-10-27 10:44:55,715 - INFO - No cached data found for driver_info. Loading data...
2025-10-27 10:44:55,716 - INFO - Fetching driver list...
2025-10-27 10:44:56,245 - INFO - Data has been written to cache!
2025-10-27 10:44:56,445 - INFO - No cached data found for session_status_data. Loading data...
2025-10-27 10:44:56,447 - INFO - Fetching session status data...
2025-10-27 10:44:57,113 - INFO - Data has been written to cache!
2025-10-27 10:44:57,120 - INFO - No cached data found for lap_count. Loading data...
2025-10-27 10:44:57,121 - INFO - Fetching lap count data...
2025-10-27 10:44:57,691 - INFO - Data has been written to cache!
2025-10-27 10:44:57,694 - INFO - No cached data found for track_status_data. Loading data...
2025-10-27 10:44:57,695 - INFO - Fetching track status data...
2025-10-27 10:44:58,273 - INFO - Data has been written to cache!
2025-10-27 10:44:58,290 - INFO - No cached data found for _extended_timing_data. Loading data...
2025-10-27 10:44:58,291 - INFO - Fetching timing data...
2025-10-27 10:45:01,197 - INFO - Parsing timing data...
2025-10-27 10:45:02,564 - INFO - Data has been written to cache!
2025-10-27 10:45:02,570 - INFO - No cached data found for timing_app_data. Loading data...
2025-10-27 10:45:02,571 - INFO - Fetching timing app data...
2025-10-27 10:45:03,424 - INFO - Data has been written to cache!
2025-10-27 10:45:03,429 - INFO - Processing timing data...
2025-10-27 10:45:04,583 - WARNING - Failed to add first lap time from Ergast!
2025-10-27 10:45:04,587 - DEBUG - Traceback for failure in first lap time
Traceback (most recent call last):
  File "/Users/ompatel/Downloads/RacinglinAi/.venv/lib/python3.11/site-packages/fastf1/logger.py", line 151, in __wrapped
    return func(*args, **kwargs)
           ^^^^^^^^^^^^^^^^^^^^^
  File "/Users/ompatel/Downloads/RacinglinAi/.venv/lib/python3.11/site-packages/fastf1/core.py", line 1983, in _add_first_lap_time_from_ergast
    response = self._ergast.get_lap_times(
               ^^^^^^^^^^^^^^^^^^^^^^^^^^^
  File "/Users/ompatel/Downloads/RacinglinAi/.venv/lib/python3.11/site-packages/fastf1/ergast/interface.py", line 1350, in get_lap_times
    return self._build_default_result(endpoint='laps',
           ^^^^^^^^^^^^^^^^^^^^^^^^^^^^^^^^^^^^^^^^^^^
  File "/Users/ompatel/Downloads/RacinglinAi/.venv/lib/python3.11/site-packages/fastf1/ergast/interface.py", line 591, in _build_default_result
    return self._build_result(
           ^^^^^^^^^^^^^^^^^^^
  File "/Users/ompatel/Downloads/RacinglinAi/.venv/lib/python3.11/site-packages/fastf1/ergast/interface.py", line 530, in _build_result
    resp = cls._get(url, params)
           ^^^^^^^^^^^^^^^^^^^^^
  File "/Users/ompatel/Downloads/RacinglinAi/.venv/lib/python3.11/site-packages/fastf1/ergast/interface.py", line 502, in _get
    raise ErgastInvalidRequestError(
fastf1.ergast.interface.ErgastInvalidRequestError: Invalid request to Ergast (https://api.jolpi.ca/ergast/f1/2024/6/laps/1.json)
Server response: 'Too Many Requests'
2025-10-27 10:45:04,599 - INFO - No cached data found for car_data. Loading data...
2025-10-27 10:45:04,601 - INFO - Fetching car data...
2025-10-27 10:45:05,548 - INFO - Parsing car data...
2025-10-27 10:45:11,110 - INFO - Data has been written to cache!
2025-10-27 10:45:11,115 - INFO - No cached data found for position_data. Loading data...
2025-10-27 10:45:11,125 - INFO - Fetching position data...
2025-10-27 10:45:12,038 - INFO - Parsing position data...
2025-10-27 10:45:16,939 - WARNING - Driver 241: Position data is incomplete!
2025-10-27 10:45:16,955 - WARNING - Driver 242: Position data is incomplete!
2025-10-27 10:45:16,971 - WARNING - Driver 243: Position data is incomplete!
2025-10-27 10:45:17,595 - INFO - Data has been written to cache!
2025-10-27 10:45:21,357 - INFO - No cached data found for weather_data. Loading data...
2025-10-27 10:45:21,365 - INFO - Fetching weather data...
2025-10-27 10:45:21,939 - INFO - Data has been written to cache!
2025-10-27 10:45:21,953 - INFO - No cached data found for race_control_messages. Loading data...
2025-10-27 10:45:21,958 - INFO - Fetching race control messages...
2025-10-27 10:45:22,493 - INFO - Data has been written to cache!
2025-10-27 10:45:22,585 - INFO - Finished loading data for 20 drivers: ['4', '1', '16', '11', '55', '44', '22', '63', '14', '31', '27', '10', '81', '24', '3', '77', '18', '23', '20', '2']
2025-10-27 10:45:23,520 - INFO - [EXPORT OK] miami_grand_prix
2025-10-27 10:45:23,541 - INFO - Loading data for Emilia Romagna Grand Prix - Race [v3.5.3]
2025-10-27 10:45:23,550 - INFO - Using cached data for session_info
2025-10-27 10:45:23,554 - INFO - Using cached data for driver_info
2025-10-27 10:45:23,590 - INFO - Using cached data for session_status_data
2025-10-27 10:45:23,594 - INFO - Using cached data for lap_count
2025-10-27 10:45:23,598 - INFO - Using cached data for track_status_data
2025-10-27 10:45:23,626 - INFO - Using cached data for _extended_timing_data
2025-10-27 10:45:23,636 - INFO - Using cached data for timing_app_data
2025-10-27 10:45:23,636 - INFO - Processing timing data...
2025-10-27 10:45:24,448 - INFO - Using cached data for car_data
2025-10-27 10:45:24,667 - INFO - Using cached data for position_data
2025-10-27 10:45:27,324 - INFO - Using cached data for weather_data
2025-10-27 10:45:27,334 - INFO - Using cached data for race_control_messages
2025-10-27 10:45:27,404 - INFO - Finished loading data for 20 drivers: ['1', '4', '16', '81', '55', '44', '63', '11', '18', '22', '27', '20', '3', '31', '24', '10', '2', '77', '14', '23']
2025-10-27 10:45:28,057 - INFO - [EXPORT OK] emilia_romagna_grand_prix
2025-10-27 10:45:28,108 - INFO - Loading data for Monaco Grand Prix - Race [v3.5.3]
2025-10-27 10:45:28,113 - INFO - Using cached data for session_info
2025-10-27 10:45:28,118 - INFO - Using cached data for driver_info
2025-10-27 10:45:28,152 - INFO - Using cached data for session_status_data
2025-10-27 10:45:28,157 - INFO - Using cached data for lap_count
2025-10-27 10:45:28,162 - INFO - Using cached data for track_status_data
2025-10-27 10:45:28,185 - INFO - Using cached data for _extended_timing_data
2025-10-27 10:45:28,195 - INFO - Using cached data for timing_app_data
2025-10-27 10:45:28,196 - INFO - Processing timing data...
2025-10-27 10:45:29,636 - INFO - Using cached data for car_data
2025-10-27 10:45:30,470 - INFO - Using cached data for position_data
2025-10-27 10:45:37,415 - INFO - Using cached data for weather_data
2025-10-27 10:45:37,425 - INFO - Using cached data for race_control_messages
2025-10-27 10:45:37,578 - INFO - Finished loading data for 20 drivers: ['16', '81', '55', '4', '63', '1', '44', '22', '23', '10', '14', '3', '77', '18', '2', '24', '31', '11', '27', '20']
2025-10-27 10:45:38,562 - INFO - [EXPORT OK] monaco_grand_prix
2025-10-27 10:45:38,592 - INFO - Loading data for Canadian Grand Prix - Race [v3.5.3]
2025-10-27 10:45:38,596 - INFO - Using cached data for session_info
2025-10-27 10:45:38,603 - INFO - Using cached data for driver_info
2025-10-27 10:45:38,646 - INFO - Using cached data for session_status_data
2025-10-27 10:45:38,649 - INFO - Using cached data for lap_count
2025-10-27 10:45:38,652 - INFO - Using cached data for track_status_data
2025-10-27 10:45:38,663 - INFO - Using cached data for _extended_timing_data
2025-10-27 10:45:38,665 - INFO - Using cached data for timing_app_data
2025-10-27 10:45:38,667 - INFO - Processing timing data...
2025-10-27 10:45:40,536 - INFO - Using cached data for car_data
2025-10-27 10:45:40,970 - INFO - Using cached data for position_data
2025-10-27 10:45:45,628 - INFO - Using cached data for weather_data
2025-10-27 10:45:45,637 - INFO - Using cached data for race_control_messages
2025-10-27 10:45:45,881 - INFO - Finished loading data for 20 drivers: ['1', '4', '63', '44', '81', '14', '18', '3', '10', '31', '27', '20', '77', '22', '24', '55', '23', '11', '16', '2']
2025-10-27 10:45:46,536 - INFO - [EXPORT OK] canadian_grand_prix
2025-10-27 10:45:46,570 - INFO - Loading data for Spanish Grand Prix - Race [v3.5.3]
2025-10-27 10:45:46,572 - INFO - Using cached data for session_info
2025-10-27 10:45:46,573 - INFO - Using cached data for driver_info
2025-10-27 10:45:46,857 - INFO - Using cached data for session_status_data
2025-10-27 10:45:46,860 - INFO - Using cached data for lap_count
2025-10-27 10:45:46,862 - INFO - Using cached data for track_status_data
2025-10-27 10:45:46,911 - INFO - Using cached data for _extended_timing_data
2025-10-27 10:45:46,919 - INFO - Using cached data for timing_app_data
2025-10-27 10:45:46,920 - INFO - Processing timing data...
2025-10-27 10:45:48,170 - WARNING - Request for URL https://api.jolpi.ca/ergast/f1/2024/10/laps/1.json failed; using cached response
Traceback (most recent call last):
  File "/Users/ompatel/Downloads/RacinglinAi/.venv/lib/python3.11/site-packages/requests_cache/session.py", line 291, in _resend
    response.raise_for_status()
  File "/Users/ompatel/Downloads/RacinglinAi/.venv/lib/python3.11/site-packages/requests/models.py", line 1026, in raise_for_status
    raise HTTPError(http_error_msg, response=self)
requests.exceptions.HTTPError: 429 Client Error: Too Many Requests for url: https://api.jolpi.ca/ergast/f1/2024/10/laps/1.json
2025-10-27 10:45:48,423 - INFO - Using cached data for car_data
2025-10-27 10:45:48,788 - INFO - Using cached data for position_data
2025-10-27 10:45:51,011 - INFO - Using cached data for weather_data
2025-10-27 10:45:51,015 - INFO - Using cached data for race_control_messages
2025-10-27 10:45:51,021 - WARNING - Driver 1 completed the race distance 00:00.015000 before the recorded end of the session.
2025-10-27 10:45:51,076 - INFO - Finished loading data for 20 drivers: ['1', '4', '44', '63', '16', '55', '81', '11', '10', '31', '27', '14', '24', '18', '3', '77', '20', '23', '22', '2']
2025-10-27 10:45:51,724 - INFO - [EXPORT OK] spanish_grand_prix
2025-10-27 10:45:51,747 - INFO - Loading data for Austrian Grand Prix - Race [v3.5.3]
2025-10-27 10:45:51,748 - INFO - No cached data found for session_info. Loading data...
2025-10-27 10:45:51,749 - INFO - Fetching session info data...
2025-10-27 10:45:52,254 - INFO - Data has been written to cache!
2025-10-27 10:45:52,256 - INFO - No cached data found for driver_info. Loading data...
2025-10-27 10:45:52,256 - INFO - Fetching driver list...
2025-10-27 10:45:52,495 - INFO - Data has been written to cache!
2025-10-27 10:45:52,687 - DEBUG - Failed to parse timestamp '-1:52:13.256' in Ergastresponse.
2025-10-27 10:45:52,697 - INFO - No cached data found for session_status_data. Loading data...
2025-10-27 10:45:52,697 - INFO - Fetching session status data...
2025-10-27 10:45:53,274 - INFO - Data has been written to cache!
2025-10-27 10:45:53,275 - INFO - No cached data found for lap_count. Loading data...
2025-10-27 10:45:53,276 - INFO - Fetching lap count data...
2025-10-27 10:45:53,778 - INFO - Data has been written to cache!
2025-10-27 10:45:53,783 - INFO - No cached data found for track_status_data. Loading data...
2025-10-27 10:45:53,783 - INFO - Fetching track status data...
2025-10-27 10:45:54,318 - INFO - Data has been written to cache!
2025-10-27 10:45:54,322 - INFO - No cached data found for _extended_timing_data. Loading data...
2025-10-27 10:45:54,324 - INFO - Fetching timing data...
2025-10-27 10:45:57,435 - INFO - Parsing timing data...
2025-10-27 10:45:58,642 - INFO - Data has been written to cache!
2025-10-27 10:45:58,649 - INFO - No cached data found for timing_app_data. Loading data...
2025-10-27 10:45:58,649 - INFO - Fetching timing app data...
2025-10-27 10:45:59,466 - INFO - Data has been written to cache!
2025-10-27 10:45:59,468 - INFO - Processing timing data...
2025-10-27 10:46:00,256 - WARNING - Failed to add first lap time from Ergast!
2025-10-27 10:46:00,257 - DEBUG - Traceback for failure in first lap time
Traceback (most recent call last):
  File "/Users/ompatel/Downloads/RacinglinAi/.venv/lib/python3.11/site-packages/fastf1/logger.py", line 151, in __wrapped
    return func(*args, **kwargs)
           ^^^^^^^^^^^^^^^^^^^^^
  File "/Users/ompatel/Downloads/RacinglinAi/.venv/lib/python3.11/site-packages/fastf1/core.py", line 1983, in _add_first_lap_time_from_ergast
    response = self._ergast.get_lap_times(
               ^^^^^^^^^^^^^^^^^^^^^^^^^^^
  File "/Users/ompatel/Downloads/RacinglinAi/.venv/lib/python3.11/site-packages/fastf1/ergast/interface.py", line 1350, in get_lap_times
    return self._build_default_result(endpoint='laps',
           ^^^^^^^^^^^^^^^^^^^^^^^^^^^^^^^^^^^^^^^^^^^
  File "/Users/ompatel/Downloads/RacinglinAi/.venv/lib/python3.11/site-packages/fastf1/ergast/interface.py", line 591, in _build_default_result
    return self._build_result(
           ^^^^^^^^^^^^^^^^^^^
  File "/Users/ompatel/Downloads/RacinglinAi/.venv/lib/python3.11/site-packages/fastf1/ergast/interface.py", line 530, in _build_result
    resp = cls._get(url, params)
           ^^^^^^^^^^^^^^^^^^^^^
  File "/Users/ompatel/Downloads/RacinglinAi/.venv/lib/python3.11/site-packages/fastf1/ergast/interface.py", line 502, in _get
    raise ErgastInvalidRequestError(
fastf1.ergast.interface.ErgastInvalidRequestError: Invalid request to Ergast (https://api.jolpi.ca/ergast/f1/2024/11/laps/1.json)
Server response: 'Too Many Requests'
2025-10-27 10:46:00,263 - INFO - No cached data found for car_data. Loading data...
2025-10-27 10:46:00,264 - INFO - Fetching car data...
2025-10-27 10:46:02,209 - INFO - Parsing car data...
2025-10-27 10:46:04,703 - WARNING - Driver 12: Car data is incomplete!
2025-10-27 10:46:04,716 - WARNING - Driver  2: Car data is incomplete!
2025-10-27 10:46:04,730 - WARNING - Driver  3: Car data is incomplete!
2025-10-27 10:46:04,745 - WARNING - Driver  4: Car data is incomplete!
2025-10-27 10:46:04,753 - WARNING - Driver 10: Car data is incomplete!
2025-10-27 10:46:04,793 - WARNING - Driver 11: Car data is incomplete!
2025-10-27 10:46:04,806 - WARNING - Driver 14: Car data is incomplete!
2025-10-27 10:46:04,819 - WARNING - Driver 16: Car data is incomplete!
2025-10-27 10:46:04,831 - WARNING - Driver 18: Car data is incomplete!
2025-10-27 10:46:04,840 - WARNING - Driver 20: Car data is incomplete!
2025-10-27 10:46:04,851 - WARNING - Driver 22: Car data is incomplete!
2025-10-27 10:46:04,863 - WARNING - Driver 23: Car data is incomplete!
2025-10-27 10:46:04,873 - WARNING - Driver 27: Car data is incomplete!
2025-10-27 10:46:04,882 - WARNING - Driver 31: Car data is incomplete!
2025-10-27 10:46:04,889 - WARNING - Driver 44: Car data is incomplete!
2025-10-27 10:46:04,901 - WARNING - Driver 55: Car data is incomplete!
2025-10-27 10:46:04,915 - WARNING - Driver 63: Car data is incomplete!
2025-10-27 10:46:04,928 - WARNING - Driver 77: Car data is incomplete!
2025-10-27 10:46:04,936 - WARNING - Driver 81: Car data is incomplete!
2025-10-27 10:46:04,988 - INFO - Data has been written to cache!
2025-10-27 10:46:04,989 - INFO - No cached data found for position_data. Loading data...
2025-10-27 10:46:04,990 - INFO - Fetching position data...
2025-10-27 10:46:05,781 - INFO - Parsing position data...
2025-10-27 10:46:08,813 - WARNING - Driver 12: Position data is incomplete!
2025-10-27 10:46:08,830 - WARNING - Driver  2: Position data is incomplete!
2025-10-27 10:46:08,842 - WARNING - Driver  3: Position data is incomplete!
2025-10-27 10:46:08,857 - WARNING - Driver  4: Position data is incomplete!
2025-10-27 10:46:08,875 - WARNING - Driver 10: Position data is incomplete!
2025-10-27 10:46:08,890 - WARNING - Driver 11: Position data is incomplete!
2025-10-27 10:46:08,903 - WARNING - Driver 14: Position data is incomplete!
2025-10-27 10:46:08,924 - WARNING - Driver 16: Position data is incomplete!
2025-10-27 10:46:08,940 - WARNING - Driver 18: Position data is incomplete!
2025-10-27 10:46:08,957 - WARNING - Driver 20: Position data is incomplete!
2025-10-27 10:46:08,973 - WARNING - Driver 22: Position data is incomplete!
2025-10-27 10:46:08,988 - WARNING - Driver 23: Position data is incomplete!
2025-10-27 10:46:09,000 - WARNING - Driver 27: Position data is incomplete!
2025-10-27 10:46:09,010 - WARNING - Driver 31: Position data is incomplete!
2025-10-27 10:46:09,034 - WARNING - Driver 44: Position data is incomplete!
2025-10-27 10:46:09,061 - WARNING - Driver 55: Position data is incomplete!
2025-10-27 10:46:09,074 - WARNING - Driver 63: Position data is incomplete!
2025-10-27 10:46:09,094 - WARNING - Driver 77: Position data is incomplete!
2025-10-27 10:46:09,110 - WARNING - Driver 81: Position data is incomplete!
2025-10-27 10:46:09,349 - INFO - Data has been written to cache!
2025-10-27 10:46:10,861 - INFO - No cached data found for weather_data. Loading data...
2025-10-27 10:46:10,864 - INFO - Fetching weather data...
2025-10-27 10:46:11,410 - INFO - Data has been written to cache!
2025-10-27 10:46:11,417 - INFO - No cached data found for race_control_messages. Loading data...
2025-10-27 10:46:11,418 - INFO - Fetching race control messages...
2025-10-27 10:46:11,935 - INFO - Data has been written to cache!
2025-10-27 10:46:11,982 - INFO - Finished loading data for 20 drivers: ['63', '81', '55', '44', '1', '27', '11', '20', '3', '10', '16', '31', '18', '22', '23', '77', '24', '14', '2', '4']
2025-10-27 10:46:13,300 - INFO - [EXPORT OK] austrian_grand_prix
2025-10-27 10:46:13,342 - INFO - Loading data for British Grand Prix - Race [v3.5.3]
2025-10-27 10:46:13,349 - INFO - Using cached data for session_info
2025-10-27 10:46:13,351 - INFO - Using cached data for driver_info
2025-10-27 10:46:13,633 - INFO - Using cached data for session_status_data
2025-10-27 10:46:13,635 - INFO - Using cached data for lap_count
2025-10-27 10:46:13,641 - INFO - Using cached data for track_status_data
2025-10-27 10:46:13,670 - INFO - Using cached data for _extended_timing_data
2025-10-27 10:46:13,677 - INFO - Using cached data for timing_app_data
2025-10-27 10:46:13,679 - INFO - Processing timing data...
2025-10-27 10:46:14,714 - WARNING - Request for URL https://api.jolpi.ca/ergast/f1/2024/12/laps/1.json failed; using cached response
Traceback (most recent call last):
  File "/Users/ompatel/Downloads/RacinglinAi/.venv/lib/python3.11/site-packages/requests_cache/session.py", line 291, in _resend
    response.raise_for_status()
  File "/Users/ompatel/Downloads/RacinglinAi/.venv/lib/python3.11/site-packages/requests/models.py", line 1026, in raise_for_status
    raise HTTPError(http_error_msg, response=self)
requests.exceptions.HTTPError: 429 Client Error: Too Many Requests for url: https://api.jolpi.ca/ergast/f1/2024/12/laps/1.json
2025-10-27 10:46:14,800 - INFO - Using cached data for car_data
2025-10-27 10:46:14,965 - INFO - Using cached data for position_data
2025-10-27 10:46:16,831 - INFO - Using cached data for weather_data
2025-10-27 10:46:16,834 - INFO - Using cached data for race_control_messages
2025-10-27 10:46:16,861 - INFO - Finished loading data for 20 drivers: ['44', '1', '4', '81', '55', '27', '18', '14', '23', '22', '2', '20', '3', '16', '77', '31', '11', '24', '63', '10']
2025-10-27 10:46:17,223 - INFO - [EXPORT OK] british_grand_prix
2025-10-27 10:46:17,236 - INFO - Loading data for Hungarian Grand Prix - Race [v3.5.3]
2025-10-27 10:46:17,237 - INFO - Using cached data for session_info
2025-10-27 10:46:17,238 - INFO - Using cached data for driver_info
2025-10-27 10:46:17,410 - WARNING - Request for URL https://api.jolpi.ca/ergast/f1/2024/13/results.json failed; using cached response
Traceback (most recent call last):
  File "/Users/ompatel/Downloads/RacinglinAi/.venv/lib/python3.11/site-packages/requests_cache/session.py", line 291, in _resend
    response.raise_for_status()
  File "/Users/ompatel/Downloads/RacinglinAi/.venv/lib/python3.11/site-packages/requests/models.py", line 1026, in raise_for_status
    raise HTTPError(http_error_msg, response=self)
requests.exceptions.HTTPError: 429 Client Error: Too Many Requests for url: https://api.jolpi.ca/ergast/f1/2024/13/results.json
2025-10-27 10:46:17,429 - INFO - Using cached data for session_status_data
2025-10-27 10:46:17,431 - INFO - Using cached data for lap_count
2025-10-27 10:46:17,433 - INFO - Using cached data for track_status_data
2025-10-27 10:46:17,451 - INFO - Using cached data for _extended_timing_data
2025-10-27 10:46:17,456 - INFO - Using cached data for timing_app_data
2025-10-27 10:46:17,457 - INFO - Processing timing data...
2025-10-27 10:46:18,413 - WARNING - Request for URL https://api.jolpi.ca/ergast/f1/2024/13/laps/1.json failed; using cached response
Traceback (most recent call last):
  File "/Users/ompatel/Downloads/RacinglinAi/.venv/lib/python3.11/site-packages/requests_cache/session.py", line 291, in _resend
    response.raise_for_status()
  File "/Users/ompatel/Downloads/RacinglinAi/.venv/lib/python3.11/site-packages/requests/models.py", line 1026, in raise_for_status
    raise HTTPError(http_error_msg, response=self)
requests.exceptions.HTTPError: 429 Client Error: Too Many Requests for url: https://api.jolpi.ca/ergast/f1/2024/13/laps/1.json
2025-10-27 10:46:18,477 - INFO - Using cached data for car_data
2025-10-27 10:46:18,612 - INFO - Using cached data for position_data
2025-10-27 10:46:20,472 - INFO - Using cached data for weather_data
2025-10-27 10:46:20,477 - INFO - Using cached data for race_control_messages
2025-10-27 10:46:20,522 - INFO - Finished loading data for 20 drivers: ['81', '4', '44', '16', '1', '55', '11', '63', '22', '18', '14', '3', '27', '23', '20', '77', '2', '31', '24', '10']
2025-10-27 10:46:20,873 - INFO - [EXPORT OK] hungarian_grand_prix
2025-10-27 10:46:20,882 - INFO - Loading data for Belgian Grand Prix - Race [v3.5.3]
2025-10-27 10:46:20,883 - INFO - Using cached data for session_info
2025-10-27 10:46:20,883 - INFO - Using cached data for driver_info
2025-10-27 10:46:21,048 - WARNING - Request for URL https://api.jolpi.ca/ergast/f1/2024/14/results.json failed; using cached response
Traceback (most recent call last):
  File "/Users/ompatel/Downloads/RacinglinAi/.venv/lib/python3.11/site-packages/requests_cache/session.py", line 291, in _resend
    response.raise_for_status()
  File "/Users/ompatel/Downloads/RacinglinAi/.venv/lib/python3.11/site-packages/requests/models.py", line 1026, in raise_for_status
    raise HTTPError(http_error_msg, response=self)
requests.exceptions.HTTPError: 429 Client Error: Too Many Requests for url: https://api.jolpi.ca/ergast/f1/2024/14/results.json
2025-10-27 10:46:21,055 - DEBUG - Failed to parse timestamp '-1:59:59.474' in Ergastresponse.
2025-10-27 10:46:21,085 - INFO - Using cached data for session_status_data
2025-10-27 10:46:21,089 - INFO - Using cached data for lap_count
2025-10-27 10:46:21,093 - INFO - Using cached data for track_status_data
2025-10-27 10:46:21,106 - INFO - Using cached data for _extended_timing_data
2025-10-27 10:46:21,111 - INFO - Using cached data for timing_app_data
2025-10-27 10:46:21,112 - INFO - Processing timing data...
2025-10-27 10:46:21,932 - INFO - Using cached data for car_data
2025-10-27 10:46:22,138 - INFO - Using cached data for position_data
2025-10-27 10:46:23,866 - INFO - Using cached data for weather_data
2025-10-27 10:46:23,868 - INFO - Using cached data for race_control_messages
2025-10-27 10:46:23,897 - INFO - Finished loading data for 20 drivers: ['44', '81', '16', '1', '4', '55', '11', '14', '31', '3', '18', '23', '10', '20', '77', '22', '2', '27', '24', '63']
2025-10-27 10:46:24,278 - INFO - [EXPORT OK] belgian_grand_prix
2025-10-27 10:46:24,293 - INFO - Loading data for Dutch Grand Prix - Race [v3.5.3]
2025-10-27 10:46:24,294 - INFO - Using cached data for session_info
2025-10-27 10:46:24,296 - INFO - Using cached data for driver_info
2025-10-27 10:46:24,318 - INFO - Using cached data for session_status_data
2025-10-27 10:46:24,319 - INFO - Using cached data for lap_count
2025-10-27 10:46:24,321 - INFO - Using cached data for track_status_data
2025-10-27 10:46:24,328 - INFO - Using cached data for _extended_timing_data
2025-10-27 10:46:24,333 - INFO - Using cached data for timing_app_data
2025-10-27 10:46:24,334 - INFO - Processing timing data...
2025-10-27 10:46:25,037 - WARNING - Request for URL https://api.jolpi.ca/ergast/f1/2024/15/laps/1.json failed; using cached response
Traceback (most recent call last):
  File "/Users/ompatel/Downloads/RacinglinAi/.venv/lib/python3.11/site-packages/requests_cache/session.py", line 291, in _resend
    response.raise_for_status()
  File "/Users/ompatel/Downloads/RacinglinAi/.venv/lib/python3.11/site-packages/requests/models.py", line 1026, in raise_for_status
    raise HTTPError(http_error_msg, response=self)
requests.exceptions.HTTPError: 429 Client Error: Too Many Requests for url: https://api.jolpi.ca/ergast/f1/2024/15/laps/1.json
2025-10-27 10:46:25,108 - INFO - Using cached data for car_data
2025-10-27 10:46:25,214 - INFO - Using cached data for position_data
2025-10-27 10:46:27,199 - INFO - Using cached data for weather_data
2025-10-27 10:46:27,202 - INFO - Using cached data for race_control_messages
2025-10-27 10:46:27,233 - INFO - Finished loading data for 20 drivers: ['4', '1', '16', '81', '55', '11', '63', '44', '10', '14', '27', '3', '18', '23', '31', '2', '22', '20', '77', '24']
2025-10-27 10:46:27,720 - INFO - [EXPORT OK] dutch_grand_prix
2025-10-27 10:46:27,731 - INFO - Loading data for Italian Grand Prix - Race [v3.5.3]
2025-10-27 10:46:27,737 - INFO - Using cached data for session_info
2025-10-27 10:46:27,739 - INFO - Using cached data for driver_info
2025-10-27 10:46:27,930 - INFO - Using cached data for session_status_data
2025-10-27 10:46:27,931 - INFO - Using cached data for lap_count
2025-10-27 10:46:27,933 - INFO - Using cached data for track_status_data
2025-10-27 10:46:27,940 - INFO - Using cached data for _extended_timing_data
2025-10-27 10:46:27,942 - INFO - Using cached data for timing_app_data
2025-10-27 10:46:27,942 - INFO - Processing timing data...
2025-10-27 10:46:28,684 - WARNING - Request for URL https://api.jolpi.ca/ergast/f1/2024/16/laps/1.json failed; using cached response
Traceback (most recent call last):
  File "/Users/ompatel/Downloads/RacinglinAi/.venv/lib/python3.11/site-packages/requests_cache/session.py", line 291, in _resend
    response.raise_for_status()
  File "/Users/ompatel/Downloads/RacinglinAi/.venv/lib/python3.11/site-packages/requests/models.py", line 1026, in raise_for_status
    raise HTTPError(http_error_msg, response=self)
requests.exceptions.HTTPError: 429 Client Error: Too Many Requests for url: https://api.jolpi.ca/ergast/f1/2024/16/laps/1.json
2025-10-27 10:46:28,740 - INFO - Using cached data for car_data
2025-10-27 10:46:28,830 - INFO - Using cached data for position_data
2025-10-27 10:46:30,302 - INFO - Using cached data for weather_data
2025-10-27 10:46:30,305 - INFO - Using cached data for race_control_messages
2025-10-27 10:46:30,388 - INFO - Finished loading data for 20 drivers: ['16', '81', '4', '55', '44', '1', '63', '11', '23', '20', '14', '43', '3', '31', '10', '77', '27', '24', '18', '22']
2025-10-27 10:46:30,605 - INFO - [EXPORT OK] italian_grand_prix
2025-10-27 10:46:30,613 - INFO - Loading data for Azerbaijan Grand Prix - Race [v3.5.3]
2025-10-27 10:46:30,613 - INFO - Using cached data for session_info
2025-10-27 10:46:30,614 - INFO - Using cached data for driver_info
2025-10-27 10:46:30,779 - DEBUG - Failed to parse timestamp '-1:55:43.191' in Ergastresponse.
2025-10-27 10:46:30,779 - DEBUG - Failed to parse timestamp '-1:55:43.761' in Ergastresponse.
2025-10-27 10:46:30,779 - DEBUG - Failed to parse timestamp '-1:50:23.073' in Ergastresponse.
2025-10-27 10:46:30,787 - INFO - Using cached data for session_status_data
2025-10-27 10:46:30,788 - INFO - Using cached data for lap_count
2025-10-27 10:46:30,789 - INFO - Using cached data for track_status_data
2025-10-27 10:46:30,795 - INFO - Using cached data for _extended_timing_data
2025-10-27 10:46:30,796 - INFO - Using cached data for timing_app_data
2025-10-27 10:46:30,797 - INFO - Processing timing data...
2025-10-27 10:46:31,458 - WARNING - Request for URL https://api.jolpi.ca/ergast/f1/2024/17/laps/1.json failed; using cached response
Traceback (most recent call last):
  File "/Users/ompatel/Downloads/RacinglinAi/.venv/lib/python3.11/site-packages/requests_cache/session.py", line 291, in _resend
    response.raise_for_status()
  File "/Users/ompatel/Downloads/RacinglinAi/.venv/lib/python3.11/site-packages/requests/models.py", line 1026, in raise_for_status
    raise HTTPError(http_error_msg, response=self)
requests.exceptions.HTTPError: 429 Client Error: Too Many Requests for url: https://api.jolpi.ca/ergast/f1/2024/17/laps/1.json
2025-10-27 10:46:31,552 - INFO - Using cached data for car_data
2025-10-27 10:46:31,665 - INFO - Using cached data for position_data
2025-10-27 10:46:33,194 - INFO - Using cached data for weather_data
2025-10-27 10:46:33,201 - INFO - Using cached data for race_control_messages
2025-10-27 10:46:33,270 - INFO - Finished loading data for 20 drivers: ['81', '16', '63', '4', '1', '14', '23', '43', '44', '50', '27', '10', '3', '24', '31', '77', '11', '55', '18', '22']
2025-10-27 10:46:33,727 - INFO - [EXPORT OK] azerbaijan_grand_prix
2025-10-27 10:46:33,746 - INFO - Loading data for Singapore Grand Prix - Race [v3.5.3]
2025-10-27 10:46:33,747 - INFO - Using cached data for session_info
2025-10-27 10:46:33,750 - INFO - Using cached data for driver_info
2025-10-27 10:46:33,940 - DEBUG - Failed to parse timestamp '-1:55:59.335' in Ergastresponse.
2025-10-27 10:46:33,953 - INFO - Using cached data for session_status_data
2025-10-27 10:46:33,955 - INFO - Using cached data for lap_count
2025-10-27 10:46:33,956 - INFO - Using cached data for track_status_data
2025-10-27 10:46:33,969 - INFO - Using cached data for _extended_timing_data
2025-10-27 10:46:33,974 - INFO - Using cached data for timing_app_data
2025-10-27 10:46:33,975 - INFO - Processing timing data...
2025-10-27 10:46:34,724 - WARNING - Request for URL https://api.jolpi.ca/ergast/f1/2024/18/laps/1.json failed; using cached response
Traceback (most recent call last):
  File "/Users/ompatel/Downloads/RacinglinAi/.venv/lib/python3.11/site-packages/requests_cache/session.py", line 291, in _resend
    response.raise_for_status()
  File "/Users/ompatel/Downloads/RacinglinAi/.venv/lib/python3.11/site-packages/requests/models.py", line 1026, in raise_for_status
    raise HTTPError(http_error_msg, response=self)
requests.exceptions.HTTPError: 429 Client Error: Too Many Requests for url: https://api.jolpi.ca/ergast/f1/2024/18/laps/1.json
2025-10-27 10:46:34,796 - INFO - Using cached data for car_data
2025-10-27 10:46:34,920 - INFO - Using cached data for position_data
2025-10-27 10:46:36,314 - INFO - Using cached data for weather_data
2025-10-27 10:46:36,315 - INFO - Using cached data for race_control_messages
2025-10-27 10:46:36,344 - INFO - Finished loading data for 20 drivers: ['4', '1', '81', '63', '16', '44', '55', '14', '27', '11', '43', '22', '31', '18', '24', '77', '10', '3', '20', '23']
2025-10-27 10:46:36,644 - INFO - [EXPORT OK] singapore_grand_prix
2025-10-27 10:46:36,660 - INFO - Loading data for United States Grand Prix - Race [v3.5.3]
2025-10-27 10:46:36,663 - INFO - No cached data found for session_info. Loading data...
2025-10-27 10:46:36,663 - INFO - Fetching session info data...
2025-10-27 10:46:37,145 - INFO - Data has been written to cache!
2025-10-27 10:46:37,145 - INFO - No cached data found for driver_info. Loading data...
2025-10-27 10:46:37,145 - INFO - Fetching driver list...
2025-10-27 10:46:37,674 - INFO - Data has been written to cache!
2025-10-27 10:46:37,844 - WARNING - Failed to load result data from Ergast!
2025-10-27 10:46:37,844 - DEBUG - Traceback for failure in ergast result data
Traceback (most recent call last):
  File "/Users/ompatel/Downloads/RacinglinAi/.venv/lib/python3.11/site-packages/fastf1/logger.py", line 151, in __wrapped
    return func(*args, **kwargs)
           ^^^^^^^^^^^^^^^^^^^^^
  File "/Users/ompatel/Downloads/RacinglinAi/.venv/lib/python3.11/site-packages/fastf1/core.py", line 2348, in _get_data
    return self._ergast.get_race_results(
           ^^^^^^^^^^^^^^^^^^^^^^^^^^^^^^
  File "/Users/ompatel/Downloads/RacinglinAi/.venv/lib/python3.11/site-packages/fastf1/ergast/interface.py", line 1059, in get_race_results
    return self._build_default_result(endpoint='results',
           ^^^^^^^^^^^^^^^^^^^^^^^^^^^^^^^^^^^^^^^^^^^^^^
  File "/Users/ompatel/Downloads/RacinglinAi/.venv/lib/python3.11/site-packages/fastf1/ergast/interface.py", line 591, in _build_default_result
    return self._build_result(
           ^^^^^^^^^^^^^^^^^^^
  File "/Users/ompatel/Downloads/RacinglinAi/.venv/lib/python3.11/site-packages/fastf1/ergast/interface.py", line 530, in _build_result
    resp = cls._get(url, params)
           ^^^^^^^^^^^^^^^^^^^^^
  File "/Users/ompatel/Downloads/RacinglinAi/.venv/lib/python3.11/site-packages/fastf1/ergast/interface.py", line 502, in _get
    raise ErgastInvalidRequestError(
fastf1.ergast.interface.ErgastInvalidRequestError: Invalid request to Ergast (https://api.jolpi.ca/ergast/f1/2024/19/results.json)
Server response: 'Too Many Requests'
2025-10-27 10:46:37,845 - WARNING - No result data for this session available on Ergast! (This is expected for recent sessions)
2025-10-27 10:46:37,850 - INFO - No cached data found for session_status_data. Loading data...
2025-10-27 10:46:37,850 - INFO - Fetching session status data...
2025-10-27 10:46:38,449 - INFO - Data has been written to cache!
2025-10-27 10:46:38,451 - INFO - No cached data found for lap_count. Loading data...
2025-10-27 10:46:38,451 - INFO - Fetching lap count data...
2025-10-27 10:46:38,924 - INFO - Data has been written to cache!
2025-10-27 10:46:38,925 - INFO - No cached data found for track_status_data. Loading data...
2025-10-27 10:46:38,926 - INFO - Fetching track status data...
2025-10-27 10:46:39,412 - INFO - Data has been written to cache!
2025-10-27 10:46:39,413 - INFO - No cached data found for _extended_timing_data. Loading data...
2025-10-27 10:46:39,414 - INFO - Fetching timing data...
2025-10-27 10:46:40,505 - INFO - Parsing timing data...
2025-10-27 10:46:40,950 - WARNING - Failed to align laps for drivers: ['44']
2025-10-27 10:46:40,999 - INFO - Data has been written to cache!
2025-10-27 10:46:40,999 - INFO - No cached data found for timing_app_data. Loading data...
2025-10-27 10:46:41,000 - INFO - Fetching timing app data...
2025-10-27 10:46:41,559 - INFO - Data has been written to cache!
2025-10-27 10:46:41,560 - INFO - Processing timing data...
2025-10-27 10:46:42,118 - WARNING - Failed to add first lap time from Ergast!
2025-10-27 10:46:42,119 - DEBUG - Traceback for failure in first lap time
Traceback (most recent call last):
  File "/Users/ompatel/Downloads/RacinglinAi/.venv/lib/python3.11/site-packages/fastf1/logger.py", line 151, in __wrapped
    return func(*args, **kwargs)
           ^^^^^^^^^^^^^^^^^^^^^
  File "/Users/ompatel/Downloads/RacinglinAi/.venv/lib/python3.11/site-packages/fastf1/core.py", line 1983, in _add_first_lap_time_from_ergast
    response = self._ergast.get_lap_times(
               ^^^^^^^^^^^^^^^^^^^^^^^^^^^
  File "/Users/ompatel/Downloads/RacinglinAi/.venv/lib/python3.11/site-packages/fastf1/ergast/interface.py", line 1350, in get_lap_times
    return self._build_default_result(endpoint='laps',
           ^^^^^^^^^^^^^^^^^^^^^^^^^^^^^^^^^^^^^^^^^^^
  File "/Users/ompatel/Downloads/RacinglinAi/.venv/lib/python3.11/site-packages/fastf1/ergast/interface.py", line 591, in _build_default_result
    return self._build_result(
           ^^^^^^^^^^^^^^^^^^^
  File "/Users/ompatel/Downloads/RacinglinAi/.venv/lib/python3.11/site-packages/fastf1/ergast/interface.py", line 530, in _build_result
    resp = cls._get(url, params)
           ^^^^^^^^^^^^^^^^^^^^^
  File "/Users/ompatel/Downloads/RacinglinAi/.venv/lib/python3.11/site-packages/fastf1/ergast/interface.py", line 502, in _get
    raise ErgastInvalidRequestError(
fastf1.ergast.interface.ErgastInvalidRequestError: Invalid request to Ergast (https://api.jolpi.ca/ergast/f1/2024/19/laps/1.json)
Server response: 'Too Many Requests'
2025-10-27 10:46:42,123 - INFO - No cached data found for car_data. Loading data...
2025-10-27 10:46:42,123 - INFO - Fetching car data...
2025-10-27 10:46:43,902 - INFO - Parsing car data...
2025-10-27 10:46:46,570 - WARNING - Driver  2: Car data is incomplete!
2025-10-27 10:46:46,586 - WARNING - Driver  3: Car data is incomplete!
2025-10-27 10:46:46,638 - WARNING - Driver 30: Car data is incomplete!
2025-10-27 10:46:46,648 - WARNING - Driver 43: Car data is incomplete!
2025-10-27 10:46:46,714 - INFO - Data has been written to cache!
2025-10-27 10:46:46,714 - INFO - No cached data found for position_data. Loading data...
2025-10-27 10:46:46,715 - INFO - Fetching position data...
2025-10-27 10:46:48,420 - INFO - Parsing position data...
2025-10-27 10:46:50,722 - WARNING - Driver  2: Position data is incomplete!
2025-10-27 10:46:50,733 - WARNING - Driver  3: Position data is incomplete!
2025-10-27 10:46:50,740 - WARNING - Driver 30: Position data is incomplete!
2025-10-27 10:46:50,749 - WARNING - Driver 43: Position data is incomplete!
2025-10-27 10:46:50,755 - WARNING - Driver 241: Position data is incomplete!
2025-10-27 10:46:50,762 - WARNING - Driver 242: Position data is incomplete!
2025-10-27 10:46:50,768 - WARNING - Driver 243: Position data is incomplete!
2025-10-27 10:46:50,953 - INFO - Data has been written to cache!
2025-10-27 10:46:52,460 - INFO - No cached data found for weather_data. Loading data...
2025-10-27 10:46:52,461 - INFO - Fetching weather data...
2025-10-27 10:46:53,072 - INFO - Data has been written to cache!
2025-10-27 10:46:53,083 - INFO - No cached data found for race_control_messages. Loading data...
2025-10-27 10:46:53,085 - INFO - Fetching race control messages...
2025-10-27 10:46:53,599 - INFO - Data has been written to cache!
2025-10-27 10:46:53,665 - INFO - Finished loading data for 20 drivers: ['4', '1', '55', '16', '81', '10', '14', '20', '11', '22', '27', '31', '18', '23', '43', '77', '44', '24', '30', '63']
2025-10-27 10:46:54,604 - INFO - [EXPORT OK] united_states_grand_prix
2025-10-27 10:46:54,613 - INFO - Loading data for Mexico City Grand Prix - Race [v3.5.3]
2025-10-27 10:46:54,614 - INFO - Using cached data for session_info
2025-10-27 10:46:54,615 - INFO - Using cached data for driver_info
2025-10-27 10:46:54,630 - INFO - Using cached data for session_status_data
2025-10-27 10:46:54,632 - INFO - Using cached data for lap_count
2025-10-27 10:46:54,633 - INFO - Using cached data for track_status_data
2025-10-27 10:46:54,638 - INFO - Using cached data for _extended_timing_data
2025-10-27 10:46:54,640 - INFO - Using cached data for timing_app_data
2025-10-27 10:46:54,640 - INFO - Processing timing data...
2025-10-27 10:46:55,396 - INFO - Using cached data for car_data
2025-10-27 10:46:55,556 - INFO - Using cached data for position_data
2025-10-27 10:46:57,341 - INFO - Using cached data for weather_data
2025-10-27 10:46:57,343 - INFO - Using cached data for race_control_messages
2025-10-27 10:46:57,376 - INFO - Finished loading data for 20 drivers: ['55', '4', '16', '44', '63', '1', '20', '81', '27', '10', '18', '43', '31', '77', '24', '30', '11', '14', '23', '22']
2025-10-27 10:46:57,750 - INFO - [EXPORT OK] mexico_city_grand_prix
2025-10-27 10:46:57,765 - INFO - Loading data for São Paulo Grand Prix - Race [v3.5.3]
2025-10-27 10:46:57,766 - INFO - No cached data found for session_info. Loading data...
2025-10-27 10:46:57,766 - INFO - Fetching session info data...
2025-10-27 10:46:58,256 - INFO - Data has been written to cache!
2025-10-27 10:46:58,257 - INFO - No cached data found for driver_info. Loading data...
2025-10-27 10:46:58,257 - INFO - Fetching driver list...
2025-10-27 10:46:58,770 - INFO - Data has been written to cache!
2025-10-27 10:46:58,940 - WARNING - Failed to load result data from Ergast!
2025-10-27 10:46:58,941 - DEBUG - Traceback for failure in ergast result data
Traceback (most recent call last):
  File "/Users/ompatel/Downloads/RacinglinAi/.venv/lib/python3.11/site-packages/fastf1/logger.py", line 151, in __wrapped
    return func(*args, **kwargs)
           ^^^^^^^^^^^^^^^^^^^^^
  File "/Users/ompatel/Downloads/RacinglinAi/.venv/lib/python3.11/site-packages/fastf1/core.py", line 2348, in _get_data
    return self._ergast.get_race_results(
           ^^^^^^^^^^^^^^^^^^^^^^^^^^^^^^
  File "/Users/ompatel/Downloads/RacinglinAi/.venv/lib/python3.11/site-packages/fastf1/ergast/interface.py", line 1059, in get_race_results
    return self._build_default_result(endpoint='results',
           ^^^^^^^^^^^^^^^^^^^^^^^^^^^^^^^^^^^^^^^^^^^^^^
  File "/Users/ompatel/Downloads/RacinglinAi/.venv/lib/python3.11/site-packages/fastf1/ergast/interface.py", line 591, in _build_default_result
    return self._build_result(
           ^^^^^^^^^^^^^^^^^^^
  File "/Users/ompatel/Downloads/RacinglinAi/.venv/lib/python3.11/site-packages/fastf1/ergast/interface.py", line 530, in _build_result
    resp = cls._get(url, params)
           ^^^^^^^^^^^^^^^^^^^^^
  File "/Users/ompatel/Downloads/RacinglinAi/.venv/lib/python3.11/site-packages/fastf1/ergast/interface.py", line 502, in _get
    raise ErgastInvalidRequestError(
fastf1.ergast.interface.ErgastInvalidRequestError: Invalid request to Ergast (https://api.jolpi.ca/ergast/f1/2024/21/results.json)
Server response: 'Too Many Requests'
2025-10-27 10:46:58,943 - WARNING - No result data for this session available on Ergast! (This is expected for recent sessions)
2025-10-27 10:46:58,951 - INFO - No cached data found for session_status_data. Loading data...
2025-10-27 10:46:58,952 - INFO - Fetching session status data...
2025-10-27 10:46:59,530 - INFO - Data has been written to cache!
2025-10-27 10:46:59,539 - INFO - No cached data found for lap_count. Loading data...
2025-10-27 10:46:59,540 - INFO - Fetching lap count data...
2025-10-27 10:47:00,039 - INFO - Data has been written to cache!
2025-10-27 10:47:00,039 - INFO - No cached data found for track_status_data. Loading data...
2025-10-27 10:47:00,039 - INFO - Fetching track status data...
2025-10-27 10:47:00,534 - INFO - Data has been written to cache!
2025-10-27 10:47:00,535 - INFO - No cached data found for _extended_timing_data. Loading data...
2025-10-27 10:47:00,536 - INFO - Fetching timing data...
2025-10-27 10:47:01,571 - INFO - Parsing timing data...
2025-10-27 10:47:02,151 - INFO - Data has been written to cache!
2025-10-27 10:47:02,152 - INFO - No cached data found for timing_app_data. Loading data...
2025-10-27 10:47:02,152 - INFO - Fetching timing app data...
2025-10-27 10:47:02,695 - INFO - Data has been written to cache!
2025-10-27 10:47:02,696 - INFO - Processing timing data...
2025-10-27 10:47:02,821 - WARNING - No lap data for driver 23
2025-10-27 10:47:03,129 - WARNING - Failed to perform lap accuracy check - all laps marked as inaccurate (driver 23)
2025-10-27 10:47:03,351 - WARNING - Failed to add first lap time from Ergast!
2025-10-27 10:47:03,351 - DEBUG - Traceback for failure in first lap time
Traceback (most recent call last):
  File "/Users/ompatel/Downloads/RacinglinAi/.venv/lib/python3.11/site-packages/fastf1/logger.py", line 151, in __wrapped
    return func(*args, **kwargs)
           ^^^^^^^^^^^^^^^^^^^^^
  File "/Users/ompatel/Downloads/RacinglinAi/.venv/lib/python3.11/site-packages/fastf1/core.py", line 1983, in _add_first_lap_time_from_ergast
    response = self._ergast.get_lap_times(
               ^^^^^^^^^^^^^^^^^^^^^^^^^^^
  File "/Users/ompatel/Downloads/RacinglinAi/.venv/lib/python3.11/site-packages/fastf1/ergast/interface.py", line 1350, in get_lap_times
    return self._build_default_result(endpoint='laps',
           ^^^^^^^^^^^^^^^^^^^^^^^^^^^^^^^^^^^^^^^^^^^
  File "/Users/ompatel/Downloads/RacinglinAi/.venv/lib/python3.11/site-packages/fastf1/ergast/interface.py", line 591, in _build_default_result
    return self._build_result(
           ^^^^^^^^^^^^^^^^^^^
  File "/Users/ompatel/Downloads/RacinglinAi/.venv/lib/python3.11/site-packages/fastf1/ergast/interface.py", line 530, in _build_result
    resp = cls._get(url, params)
           ^^^^^^^^^^^^^^^^^^^^^
  File "/Users/ompatel/Downloads/RacinglinAi/.venv/lib/python3.11/site-packages/fastf1/ergast/interface.py", line 502, in _get
    raise ErgastInvalidRequestError(
fastf1.ergast.interface.ErgastInvalidRequestError: Invalid request to Ergast (https://api.jolpi.ca/ergast/f1/2024/21/laps/1.json)
Server response: 'Too Many Requests'
2025-10-27 10:47:03,352 - INFO - No cached data found for car_data. Loading data...
2025-10-27 10:47:03,352 - INFO - Fetching car data...
2025-10-27 10:47:05,129 - INFO - Parsing car data...
2025-10-27 10:47:08,045 - INFO - Data has been written to cache!
2025-10-27 10:47:08,048 - INFO - No cached data found for position_data. Loading data...
2025-10-27 10:47:08,048 - INFO - Fetching position data...
2025-10-27 10:47:09,762 - INFO - Parsing position data...
2025-10-27 10:47:12,460 - WARNING - Driver 241: Position data is incomplete!
2025-10-27 10:47:12,472 - WARNING - Driver 242: Position data is incomplete!
2025-10-27 10:47:12,479 - WARNING - Driver 243: Position data is incomplete!
2025-10-27 10:47:12,711 - INFO - Data has been written to cache!
2025-10-27 10:47:14,134 - INFO - No cached data found for weather_data. Loading data...
2025-10-27 10:47:14,135 - INFO - Fetching weather data...
2025-10-27 10:47:14,801 - INFO - Data has been written to cache!
2025-10-27 10:47:14,803 - INFO - No cached data found for race_control_messages. Loading data...
2025-10-27 10:47:14,803 - INFO - Fetching race control messages...
2025-10-27 10:47:15,295 - INFO - Data has been written to cache!
2025-10-27 10:47:15,463 - INFO - Finished loading data for 20 drivers: ['4', '63', '22', '31', '30', '16', '23', '81', '14', '18', '77', '11', '10', '44', '50', '43', '1', '27', '24', '55']
2025-10-27 10:47:16,022 - INFO - [EXPORT OK] são_paulo_grand_prix
2025-10-27 10:47:16,030 - INFO - Loading data for Las Vegas Grand Prix - Race [v3.5.3]
2025-10-27 10:47:16,031 - INFO - Using cached data for session_info
2025-10-27 10:47:16,032 - INFO - Using cached data for driver_info
2025-10-27 10:47:16,203 - INFO - Using cached data for session_status_data
2025-10-27 10:47:16,204 - INFO - Using cached data for lap_count
2025-10-27 10:47:16,204 - INFO - Using cached data for track_status_data
2025-10-27 10:47:16,208 - INFO - Using cached data for _extended_timing_data
2025-10-27 10:47:16,209 - INFO - Using cached data for timing_app_data
2025-10-27 10:47:16,209 - INFO - Processing timing data...
2025-10-27 10:47:16,526 - WARNING - Driver 63: Lap timing integrity check failed for 2 lap(s)
2025-10-27 10:47:16,533 - WARNING - Driver 44: Lap timing integrity check failed for 1 lap(s)
2025-10-27 10:47:16,538 - WARNING - Driver 55: Lap timing integrity check failed for 1 lap(s)
2025-10-27 10:47:16,544 - WARNING - Driver 16: Lap timing integrity check failed for 2 lap(s)
2025-10-27 10:47:16,553 - WARNING - Driver  1: Lap timing integrity check failed for 1 lap(s)
2025-10-27 10:47:16,560 - WARNING - Driver  4: Lap timing integrity check failed for 1 lap(s)
2025-10-27 10:47:16,564 - WARNING - Driver 81: Lap timing integrity check failed for 1 lap(s)
2025-10-27 10:47:16,610 - WARNING - Driver 30: Lap timing integrity check failed for 2 lap(s)
2025-10-27 10:47:16,622 - WARNING - Driver 77: Lap timing integrity check failed for 2 lap(s)
2025-10-27 10:47:16,786 - WARNING - Request for URL https://api.jolpi.ca/ergast/f1/2024/22/laps/1.json failed; using cached response
Traceback (most recent call last):
  File "/Users/ompatel/Downloads/RacinglinAi/.venv/lib/python3.11/site-packages/requests_cache/session.py", line 291, in _resend
    response.raise_for_status()
  File "/Users/ompatel/Downloads/RacinglinAi/.venv/lib/python3.11/site-packages/requests/models.py", line 1026, in raise_for_status
    raise HTTPError(http_error_msg, response=self)
requests.exceptions.HTTPError: 429 Client Error: Too Many Requests for url: https://api.jolpi.ca/ergast/f1/2024/22/laps/1.json
2025-10-27 10:47:16,827 - INFO - Using cached data for car_data
2025-10-27 10:47:16,913 - INFO - Using cached data for position_data
2025-10-27 10:47:17,948 - INFO - Using cached data for weather_data
2025-10-27 10:47:17,951 - INFO - Using cached data for race_control_messages
2025-10-27 10:47:17,953 - WARNING - Driver 63 completed the race distance 00:00.427000 before the recorded end of the session.
2025-10-27 10:47:17,974 - INFO - Finished loading data for 20 drivers: ['63', '44', '55', '16', '1', '4', '81', '27', '22', '11', '14', '20', '24', '43', '18', '30', '31', '77', '23', '10']
2025-10-27 10:47:18,137 - INFO - [EXPORT OK] las_vegas_grand_prix
2025-10-27 10:47:18,145 - INFO - Loading data for Qatar Grand Prix - Race [v3.5.3]
2025-10-27 10:47:18,145 - INFO - No cached data found for session_info. Loading data...
2025-10-27 10:47:18,145 - INFO - Fetching session info data...
2025-10-27 10:47:18,656 - INFO - Data has been written to cache!
2025-10-27 10:47:18,657 - INFO - No cached data found for driver_info. Loading data...
2025-10-27 10:47:18,658 - INFO - Fetching driver list...
2025-10-27 10:47:19,157 - INFO - Data has been written to cache!
2025-10-27 10:47:19,346 - INFO - No cached data found for session_status_data. Loading data...
2025-10-27 10:47:19,347 - INFO - Fetching session status data...
2025-10-27 10:47:19,911 - INFO - Data has been written to cache!
2025-10-27 10:47:19,914 - INFO - No cached data found for lap_count. Loading data...
2025-10-27 10:47:19,915 - INFO - Fetching lap count data...
2025-10-27 10:47:20,412 - INFO - Data has been written to cache!
2025-10-27 10:47:20,413 - INFO - No cached data found for track_status_data. Loading data...
2025-10-27 10:47:20,414 - INFO - Fetching track status data...
2025-10-27 10:47:20,946 - INFO - Data has been written to cache!
2025-10-27 10:47:20,949 - INFO - No cached data found for _extended_timing_data. Loading data...
2025-10-27 10:47:20,949 - INFO - Fetching timing data...
2025-10-27 10:47:22,037 - INFO - Parsing timing data...
2025-10-27 10:47:22,521 - INFO - Data has been written to cache!
2025-10-27 10:47:22,522 - INFO - No cached data found for timing_app_data. Loading data...
2025-10-27 10:47:22,522 - INFO - Fetching timing app data...
2025-10-27 10:47:23,085 - INFO - Data has been written to cache!
2025-10-27 10:47:23,085 - INFO - Processing timing data...
2025-10-27 10:47:23,694 - INFO - No cached data found for car_data. Loading data...
2025-10-27 10:47:23,695 - INFO - Fetching car data...
2025-10-27 10:47:25,435 - INFO - Parsing car data...
2025-10-27 10:47:27,736 - INFO - Data has been written to cache!
2025-10-27 10:47:27,737 - INFO - No cached data found for position_data. Loading data...
2025-10-27 10:47:27,737 - INFO - Fetching position data...
2025-10-27 10:47:29,401 - INFO - Parsing position data...
2025-10-27 10:47:31,317 - WARNING - Driver  2: Position data is incomplete!
2025-10-27 10:47:31,323 - WARNING - Driver  3: Position data is incomplete!
2025-10-27 10:47:31,328 - WARNING - Driver  5: Position data is incomplete!
2025-10-27 10:47:31,334 - WARNING - Driver  6: Position data is incomplete!
2025-10-27 10:47:31,339 - WARNING - Driver  7: Position data is incomplete!
2025-10-27 10:47:31,345 - WARNING - Driver  8: Position data is incomplete!
2025-10-27 10:47:31,351 - WARNING - Driver  9: Position data is incomplete!
2025-10-27 10:47:31,357 - WARNING - Driver 12: Position data is incomplete!
2025-10-27 10:47:31,363 - WARNING - Driver 15: Position data is incomplete!
2025-10-27 10:47:31,369 - WARNING - Driver 17: Position data is incomplete!
2025-10-27 10:47:31,375 - WARNING - Driver 19: Position data is incomplete!
2025-10-27 10:47:31,380 - WARNING - Driver 21: Position data is incomplete!
2025-10-27 10:47:31,386 - WARNING - Driver 25: Position data is incomplete!
2025-10-27 10:47:31,392 - WARNING - Driver 26: Position data is incomplete!
2025-10-27 10:47:31,398 - WARNING - Driver 28: Position data is incomplete!
2025-10-27 10:47:31,404 - WARNING - Driver 29: Position data is incomplete!
2025-10-27 10:47:31,412 - WARNING - Driver 30: Position data is incomplete!
2025-10-27 10:47:31,419 - WARNING - Driver 31: Position data is incomplete!
2025-10-27 10:47:31,426 - WARNING - Driver 43: Position data is incomplete!
2025-10-27 10:47:31,432 - WARNING - Driver 44: Position data is incomplete!
2025-10-27 10:47:31,439 - WARNING - Driver 55: Position data is incomplete!
2025-10-27 10:47:31,452 - WARNING - Driver 63: Position data is incomplete!
2025-10-27 10:47:31,469 - WARNING - Driver 77: Position data is incomplete!
2025-10-27 10:47:31,482 - WARNING - Driver 81: Position data is incomplete!
2025-10-27 10:47:31,489 - WARNING - Driver 241: Position data is incomplete!
2025-10-27 10:47:31,495 - WARNING - Driver 242: Position data is incomplete!
2025-10-27 10:47:31,501 - WARNING - Driver 243: Position data is incomplete!
2025-10-27 10:47:31,800 - INFO - Data has been written to cache!
2025-10-27 10:47:33,805 - INFO - No cached data found for weather_data. Loading data...
2025-10-27 10:47:33,809 - INFO - Fetching weather data...
2025-10-27 10:47:34,323 - INFO - Data has been written to cache!
2025-10-27 10:47:34,325 - INFO - No cached data found for race_control_messages. Loading data...
2025-10-27 10:47:34,325 - INFO - Fetching race control messages...
2025-10-27 10:47:34,891 - INFO - Data has been written to cache!
2025-10-27 10:47:34,959 - INFO - Finished loading data for 20 drivers: ['1', '16', '81', '63', '10', '55', '14', '24', '20', '4', '77', '44', '22', '30', '23', '27', '11', '18', '43', '31']
2025-10-27 10:47:35,659 - INFO - [EXPORT OK] qatar_grand_prix
2025-10-27 10:47:35,669 - INFO - Loading data for Abu Dhabi Grand Prix - Race [v3.5.3]
2025-10-27 10:47:35,670 - INFO - Using cached data for session_info
2025-10-27 10:47:35,670 - INFO - Using cached data for driver_info
2025-10-27 10:47:35,847 - WARNING - Request for URL https://api.jolpi.ca/ergast/f1/2024/24/results.json failed; using cached response
Traceback (most recent call last):
  File "/Users/ompatel/Downloads/RacinglinAi/.venv/lib/python3.11/site-packages/requests_cache/session.py", line 291, in _resend
    response.raise_for_status()
  File "/Users/ompatel/Downloads/RacinglinAi/.venv/lib/python3.11/site-packages/requests/models.py", line 1026, in raise_for_status
    raise HTTPError(http_error_msg, response=self)
requests.exceptions.HTTPError: 429 Client Error: Too Many Requests for url: https://api.jolpi.ca/ergast/f1/2024/24/results.json
2025-10-27 10:47:35,852 - DEBUG - Failed to parse timestamp '-1:58:03.658' in Ergastresponse.
2025-10-27 10:47:35,862 - INFO - Using cached data for session_status_data
2025-10-27 10:47:35,863 - INFO - Using cached data for lap_count
2025-10-27 10:47:35,863 - INFO - Using cached data for track_status_data
2025-10-27 10:47:35,868 - INFO - Using cached data for _extended_timing_data
2025-10-27 10:47:35,870 - INFO - Using cached data for timing_app_data
2025-10-27 10:47:35,870 - INFO - Processing timing data...
2025-10-27 10:47:36,481 - WARNING - Request for URL https://api.jolpi.ca/ergast/f1/2024/24/laps/1.json failed; using cached response
Traceback (most recent call last):
  File "/Users/ompatel/Downloads/RacinglinAi/.venv/lib/python3.11/site-packages/requests_cache/session.py", line 291, in _resend
    response.raise_for_status()
  File "/Users/ompatel/Downloads/RacinglinAi/.venv/lib/python3.11/site-packages/requests/models.py", line 1026, in raise_for_status
    raise HTTPError(http_error_msg, response=self)
requests.exceptions.HTTPError: 429 Client Error: Too Many Requests for url: https://api.jolpi.ca/ergast/f1/2024/24/laps/1.json
2025-10-27 10:47:36,600 - INFO - Using cached data for car_data
2025-10-27 10:47:36,855 - INFO - Using cached data for position_data
2025-10-27 10:47:38,401 - INFO - Using cached data for weather_data
2025-10-27 10:47:38,404 - INFO - Using cached data for race_control_messages
2025-10-27 10:47:38,445 - INFO - Finished loading data for 20 drivers: ['4', '55', '16', '44', '63', '1', '10', '27', '14', '81', '23', '22', '24', '18', '61', '20', '30', '77', '43', '11']
2025-10-27 10:47:38,778 - INFO - [EXPORT OK] abu_dhabi_grand_prix
2025-10-27 18:24:57,601 - INFO - Loading data for Bahrain Grand Prix - Race [v3.5.3]
2025-10-27 18:24:57,605 - INFO - Using cached data for session_info
2025-10-27 18:24:57,607 - INFO - Using cached data for driver_info
2025-10-27 18:24:58,211 - INFO - Using cached data for session_status_data
2025-10-27 18:24:58,214 - INFO - Using cached data for lap_count
2025-10-27 18:24:58,215 - INFO - Using cached data for track_status_data
2025-10-27 18:24:58,292 - INFO - Using cached data for _extended_timing_data
2025-10-27 18:24:58,298 - INFO - Using cached data for timing_app_data
2025-10-27 18:24:58,298 - INFO - Processing timing data...
2025-10-27 18:24:59,362 - INFO - Using cached data for car_data
2025-10-27 18:24:59,863 - INFO - Using cached data for position_data
2025-10-27 18:25:02,195 - INFO - Using cached data for weather_data
2025-10-27 18:25:02,199 - INFO - Using cached data for race_control_messages
2025-10-27 18:25:02,233 - INFO - Finished loading data for 20 drivers: ['1', '11', '55', '16', '63', '4', '44', '81', '14', '18', '24', '20', '3', '22', '23', '27', '31', '10', '77', '2']
2025-10-27 18:25:03,031 - INFO - [EXPORT OK] bahrain_grand_prix
2025-10-27 18:25:03,040 - INFO - Loading data for Saudi Arabian Grand Prix - Race [v3.5.3]
2025-10-27 18:25:03,041 - INFO - Using cached data for session_info
2025-10-27 18:25:03,041 - INFO - Using cached data for driver_info
2025-10-27 18:25:03,220 - INFO - Using cached data for session_status_data
2025-10-27 18:25:03,221 - INFO - Using cached data for lap_count
2025-10-27 18:25:03,222 - INFO - Using cached data for track_status_data
2025-10-27 18:25:03,232 - INFO - Using cached data for _extended_timing_data
2025-10-27 18:25:03,235 - INFO - Using cached data for timing_app_data
2025-10-27 18:25:03,236 - INFO - Processing timing data...
2025-10-27 18:25:04,266 - INFO - Using cached data for car_data
2025-10-27 18:25:04,452 - INFO - Using cached data for position_data
2025-10-27 18:25:06,237 - INFO - Using cached data for weather_data
2025-10-27 18:25:06,240 - INFO - Using cached data for race_control_messages
2025-10-27 18:25:06,306 - INFO - Finished loading data for 20 drivers: ['1', '11', '16', '81', '14', '63', '38', '4', '44', '27', '23', '20', '31', '2', '22', '3', '77', '24', '18', '10']
2025-10-27 18:25:06,575 - INFO - [EXPORT OK] saudi_arabian_grand_prix
2025-10-27 18:25:06,592 - INFO - Loading data for Australian Grand Prix - Race [v3.5.3]
2025-10-27 18:25:06,594 - INFO - Using cached data for session_info
2025-10-27 18:25:06,595 - INFO - Using cached data for driver_info
2025-10-27 18:25:06,784 - DEBUG - Failed to parse timestamp '-1:57:37.891' in Ergastresponse.
2025-10-27 18:25:06,793 - INFO - Using cached data for session_status_data
2025-10-27 18:25:06,795 - INFO - Using cached data for lap_count
2025-10-27 18:25:06,797 - INFO - Using cached data for track_status_data
2025-10-27 18:25:06,810 - INFO - Using cached data for _extended_timing_data
2025-10-27 18:25:06,816 - INFO - Using cached data for timing_app_data
2025-10-27 18:25:06,817 - INFO - Processing timing data...
2025-10-27 18:25:07,733 - INFO - Using cached data for car_data
2025-10-27 18:25:07,897 - INFO - Using cached data for position_data
2025-10-27 18:25:09,247 - INFO - Using cached data for weather_data
2025-10-27 18:25:09,249 - INFO - Using cached data for race_control_messages
2025-10-27 18:25:09,296 - INFO - Finished loading data for 19 drivers: ['55', '16', '4', '81', '11', '18', '22', '14', '27', '20', '23', '3', '10', '77', '24', '31', '63', '44', '1']
2025-10-27 18:25:09,473 - INFO - [EXPORT OK] australian_grand_prix
2025-10-27 18:25:09,481 - INFO - Loading data for Japanese Grand Prix - Race [v3.5.3]
2025-10-27 18:25:09,482 - INFO - Using cached data for session_info
2025-10-27 18:25:09,483 - INFO - Using cached data for driver_info
2025-10-27 18:25:09,721 - INFO - Using cached data for session_status_data
2025-10-27 18:25:09,725 - INFO - Using cached data for lap_count
2025-10-27 18:25:09,729 - INFO - Using cached data for track_status_data
2025-10-27 18:25:09,756 - INFO - Using cached data for _extended_timing_data
2025-10-27 18:25:09,764 - INFO - Using cached data for timing_app_data
2025-10-27 18:25:09,764 - INFO - Processing timing data...
2025-10-27 18:25:10,521 - INFO - Using cached data for car_data
2025-10-27 18:25:10,627 - INFO - Using cached data for position_data
2025-10-27 18:25:11,918 - INFO - Using cached data for weather_data
2025-10-27 18:25:11,920 - INFO - Using cached data for race_control_messages
2025-10-27 18:25:11,943 - INFO - Finished loading data for 20 drivers: ['1', '11', '55', '16', '4', '14', '63', '81', '44', '22', '27', '18', '20', '77', '31', '10', '2', '24', '3', '23']
2025-10-27 18:25:12,223 - INFO - [EXPORT OK] japanese_grand_prix
2025-10-27 18:25:12,235 - INFO - Loading data for Chinese Grand Prix - Race [v3.5.3]
2025-10-27 18:25:12,236 - INFO - Using cached data for session_info
2025-10-27 18:25:12,237 - INFO - Using cached data for driver_info
2025-10-27 18:25:12,614 - INFO - Using cached data for session_status_data
2025-10-27 18:25:12,620 - INFO - Using cached data for lap_count
2025-10-27 18:25:12,622 - INFO - Using cached data for track_status_data
2025-10-27 18:25:12,652 - INFO - Using cached data for _extended_timing_data
2025-10-27 18:25:12,671 - INFO - Using cached data for timing_app_data
2025-10-27 18:25:12,676 - INFO - Processing timing data...
2025-10-27 18:25:13,651 - INFO - Using cached data for car_data
2025-10-27 18:25:13,755 - INFO - Using cached data for position_data
2025-10-27 18:25:14,997 - INFO - Using cached data for weather_data
2025-10-27 18:25:14,998 - INFO - Using cached data for race_control_messages
2025-10-27 18:25:15,000 - WARNING - Driver 1 completed the race distance 00:08.313000 before the recorded end of the session.
2025-10-27 18:25:15,033 - INFO - Finished loading data for 20 drivers: ['1', '4', '11', '16', '55', '63', '14', '81', '44', '27', '31', '23', '10', '24', '18', '20', '2', '3', '22', '77']
2025-10-27 18:25:15,308 - INFO - [EXPORT OK] chinese_grand_prix
2025-10-27 18:25:15,316 - INFO - Loading data for Miami Grand Prix - Race [v3.5.3]
2025-10-27 18:25:15,317 - INFO - Using cached data for session_info
2025-10-27 18:25:15,317 - INFO - Using cached data for driver_info
2025-10-27 18:25:15,791 - INFO - Using cached data for session_status_data
2025-10-27 18:25:15,793 - INFO - Using cached data for lap_count
2025-10-27 18:25:15,794 - INFO - Using cached data for track_status_data
2025-10-27 18:25:15,799 - INFO - Using cached data for _extended_timing_data
2025-10-27 18:25:15,801 - INFO - Using cached data for timing_app_data
2025-10-27 18:25:15,802 - INFO - Processing timing data...
2025-10-27 18:25:16,584 - INFO - Using cached data for car_data
2025-10-27 18:25:16,683 - INFO - Using cached data for position_data
2025-10-27 18:25:17,758 - INFO - Using cached data for weather_data
2025-10-27 18:25:17,760 - INFO - Using cached data for race_control_messages
2025-10-27 18:25:17,805 - INFO - Finished loading data for 20 drivers: ['4', '1', '16', '11', '55', '44', '22', '63', '14', '31', '27', '10', '81', '24', '3', '77', '18', '23', '20', '2']
2025-10-27 18:25:18,043 - INFO - [EXPORT OK] miami_grand_prix
2025-10-27 18:25:18,051 - INFO - Loading data for Emilia Romagna Grand Prix - Race [v3.5.3]
2025-10-27 18:25:18,052 - INFO - Using cached data for session_info
2025-10-27 18:25:18,052 - INFO - Using cached data for driver_info
2025-10-27 18:25:18,338 - INFO - Using cached data for session_status_data
2025-10-27 18:25:18,339 - INFO - Using cached data for lap_count
2025-10-27 18:25:18,340 - INFO - Using cached data for track_status_data
2025-10-27 18:25:18,346 - INFO - Using cached data for _extended_timing_data
2025-10-27 18:25:18,349 - INFO - Using cached data for timing_app_data
2025-10-27 18:25:18,349 - INFO - Processing timing data...
2025-10-27 18:25:19,247 - INFO - Using cached data for car_data
2025-10-27 18:25:19,336 - INFO - Using cached data for position_data
2025-10-27 18:25:20,402 - INFO - Using cached data for weather_data
2025-10-27 18:25:20,404 - INFO - Using cached data for race_control_messages
2025-10-27 18:25:20,430 - INFO - Finished loading data for 20 drivers: ['1', '4', '16', '81', '55', '44', '63', '11', '18', '22', '27', '20', '3', '31', '24', '10', '2', '77', '14', '23']
2025-10-27 18:25:20,672 - INFO - [EXPORT OK] emilia_romagna_grand_prix
2025-10-27 18:25:20,680 - INFO - Loading data for Monaco Grand Prix - Race [v3.5.3]
2025-10-27 18:25:20,683 - INFO - Using cached data for session_info
2025-10-27 18:25:20,687 - INFO - Using cached data for driver_info
2025-10-27 18:25:20,879 - INFO - Using cached data for session_status_data
2025-10-27 18:25:20,883 - INFO - Using cached data for lap_count
2025-10-27 18:25:20,887 - INFO - Using cached data for track_status_data
2025-10-27 18:25:20,906 - INFO - Using cached data for _extended_timing_data
2025-10-27 18:25:20,915 - INFO - Using cached data for timing_app_data
2025-10-27 18:25:20,916 - INFO - Processing timing data...
2025-10-27 18:25:21,792 - INFO - Using cached data for car_data
2025-10-27 18:25:22,942 - INFO - Using cached data for position_data
2025-10-27 18:25:24,563 - INFO - Using cached data for weather_data
2025-10-27 18:25:24,567 - INFO - Using cached data for race_control_messages
2025-10-27 18:25:24,592 - INFO - Finished loading data for 20 drivers: ['16', '81', '55', '4', '63', '1', '44', '22', '23', '10', '14', '3', '77', '18', '2', '24', '31', '11', '27', '20']
2025-10-27 18:25:24,791 - INFO - [EXPORT OK] monaco_grand_prix
2025-10-27 18:25:24,799 - INFO - Loading data for Canadian Grand Prix - Race [v3.5.3]
2025-10-27 18:25:24,803 - INFO - Using cached data for session_info
2025-10-27 18:25:24,807 - INFO - Using cached data for driver_info
2025-10-27 18:25:25,077 - INFO - Using cached data for session_status_data
2025-10-27 18:25:25,080 - INFO - Using cached data for lap_count
2025-10-27 18:25:25,081 - INFO - Using cached data for track_status_data
2025-10-27 18:25:25,106 - INFO - Using cached data for _extended_timing_data
2025-10-27 18:25:25,115 - INFO - Using cached data for timing_app_data
2025-10-27 18:25:25,115 - INFO - Processing timing data...
2025-10-27 18:25:26,351 - INFO - Using cached data for car_data
2025-10-27 18:25:26,462 - INFO - Using cached data for position_data
2025-10-27 18:25:27,294 - INFO - Using cached data for weather_data
2025-10-27 18:25:27,298 - INFO - Using cached data for race_control_messages
2025-10-27 18:25:27,362 - INFO - Finished loading data for 20 drivers: ['1', '4', '63', '44', '81', '14', '18', '3', '10', '31', '27', '20', '77', '22', '24', '55', '23', '11', '16', '2']
2025-10-27 18:25:27,625 - INFO - [EXPORT OK] canadian_grand_prix
2025-10-27 18:25:27,633 - INFO - Loading data for Spanish Grand Prix - Race [v3.5.3]
2025-10-27 18:25:27,634 - INFO - Using cached data for session_info
2025-10-27 18:25:27,635 - INFO - Using cached data for driver_info
2025-10-27 18:25:27,895 - INFO - Using cached data for session_status_data
2025-10-27 18:25:27,896 - INFO - Using cached data for lap_count
2025-10-27 18:25:27,897 - INFO - Using cached data for track_status_data
2025-10-27 18:25:27,902 - INFO - Using cached data for _extended_timing_data
2025-10-27 18:25:27,904 - INFO - Using cached data for timing_app_data
2025-10-27 18:25:27,904 - INFO - Processing timing data...
2025-10-27 18:25:28,660 - INFO - Using cached data for car_data
2025-10-27 18:25:28,753 - INFO - Using cached data for position_data
2025-10-27 18:25:29,924 - INFO - Using cached data for weather_data
2025-10-27 18:25:29,926 - INFO - Using cached data for race_control_messages
2025-10-27 18:25:29,928 - WARNING - Driver 1 completed the race distance 00:00.015000 before the recorded end of the session.
2025-10-27 18:25:29,955 - INFO - Finished loading data for 20 drivers: ['1', '4', '44', '63', '16', '55', '81', '11', '10', '31', '27', '14', '24', '18', '3', '77', '20', '23', '22', '2']
2025-10-27 18:25:30,151 - INFO - [EXPORT OK] spanish_grand_prix
2025-10-27 18:25:30,160 - INFO - Loading data for Austrian Grand Prix - Race [v3.5.3]
2025-10-27 18:25:30,161 - INFO - Using cached data for session_info
2025-10-27 18:25:30,162 - INFO - Using cached data for driver_info
2025-10-27 18:25:30,401 - DEBUG - Failed to parse timestamp '-1:52:13.256' in Ergastresponse.
2025-10-27 18:25:30,411 - INFO - Using cached data for session_status_data
2025-10-27 18:25:30,412 - INFO - Using cached data for lap_count
2025-10-27 18:25:30,414 - INFO - Using cached data for track_status_data
2025-10-27 18:25:30,418 - INFO - Using cached data for _extended_timing_data
2025-10-27 18:25:30,420 - INFO - Using cached data for timing_app_data
2025-10-27 18:25:30,420 - INFO - Processing timing data...
2025-10-27 18:25:31,379 - INFO - Using cached data for car_data
2025-10-27 18:25:31,459 - INFO - Using cached data for position_data
2025-10-27 18:25:32,470 - INFO - Using cached data for weather_data
2025-10-27 18:25:32,472 - INFO - Using cached data for race_control_messages
2025-10-27 18:25:32,498 - INFO - Finished loading data for 20 drivers: ['63', '81', '55', '44', '1', '27', '11', '20', '3', '10', '16', '31', '18', '22', '23', '77', '24', '14', '2', '4']
2025-10-27 18:25:32,685 - INFO - [EXPORT OK] austrian_grand_prix
2025-10-27 18:25:32,692 - INFO - Loading data for British Grand Prix - Race [v3.5.3]
2025-10-27 18:25:32,693 - INFO - Using cached data for session_info
2025-10-27 18:25:32,693 - INFO - Using cached data for driver_info
2025-10-27 18:25:32,938 - INFO - Using cached data for session_status_data
2025-10-27 18:25:32,939 - INFO - Using cached data for lap_count
2025-10-27 18:25:32,940 - INFO - Using cached data for track_status_data
2025-10-27 18:25:32,945 - INFO - Using cached data for _extended_timing_data
2025-10-27 18:25:32,947 - INFO - Using cached data for timing_app_data
2025-10-27 18:25:32,947 - INFO - Processing timing data...
2025-10-27 18:25:33,797 - INFO - Using cached data for car_data
2025-10-27 18:25:33,862 - INFO - Using cached data for position_data
2025-10-27 18:25:34,842 - INFO - Using cached data for weather_data
2025-10-27 18:25:34,843 - INFO - Using cached data for race_control_messages
2025-10-27 18:25:34,866 - INFO - Finished loading data for 20 drivers: ['44', '1', '4', '81', '55', '27', '18', '14', '23', '22', '2', '20', '3', '16', '77', '31', '11', '24', '63', '10']
2025-10-27 18:25:35,021 - INFO - [EXPORT OK] british_grand_prix
2025-10-27 18:25:35,027 - INFO - Loading data for Hungarian Grand Prix - Race [v3.5.3]
2025-10-27 18:25:35,028 - INFO - Using cached data for session_info
2025-10-27 18:25:35,029 - INFO - Using cached data for driver_info
2025-10-27 18:25:35,285 - INFO - Using cached data for session_status_data
2025-10-27 18:25:35,286 - INFO - Using cached data for lap_count
2025-10-27 18:25:35,287 - INFO - Using cached data for track_status_data
2025-10-27 18:25:35,292 - INFO - Using cached data for _extended_timing_data
2025-10-27 18:25:35,293 - INFO - Using cached data for timing_app_data
2025-10-27 18:25:35,293 - INFO - Processing timing data...
2025-10-27 18:25:36,050 - INFO - Using cached data for car_data
2025-10-27 18:25:36,118 - INFO - Using cached data for position_data
2025-10-27 18:25:37,575 - INFO - Using cached data for weather_data
2025-10-27 18:25:37,577 - INFO - Using cached data for race_control_messages
2025-10-27 18:25:37,609 - INFO - Finished loading data for 20 drivers: ['81', '4', '44', '16', '1', '55', '11', '63', '22', '18', '14', '3', '27', '23', '20', '77', '2', '31', '24', '10']
2025-10-27 18:25:37,960 - INFO - [EXPORT OK] hungarian_grand_prix
2025-10-27 18:25:37,969 - INFO - Loading data for Belgian Grand Prix - Race [v3.5.3]
2025-10-27 18:25:37,970 - INFO - Using cached data for session_info
2025-10-27 18:25:37,970 - INFO - Using cached data for driver_info
2025-10-27 18:25:38,168 - DEBUG - Failed to parse timestamp '-1:59:59.474' in Ergastresponse.
2025-10-27 18:25:38,180 - INFO - Using cached data for session_status_data
2025-10-27 18:25:38,182 - INFO - Using cached data for lap_count
2025-10-27 18:25:38,183 - INFO - Using cached data for track_status_data
2025-10-27 18:25:38,191 - INFO - Using cached data for _extended_timing_data
2025-10-27 18:25:38,193 - INFO - Using cached data for timing_app_data
2025-10-27 18:25:38,193 - INFO - Processing timing data...
2025-10-27 18:25:39,227 - INFO - Using cached data for car_data
2025-10-27 18:25:39,314 - INFO - Using cached data for position_data
2025-10-27 18:25:40,564 - INFO - Using cached data for weather_data
2025-10-27 18:25:40,567 - INFO - Using cached data for race_control_messages
2025-10-27 18:25:40,589 - INFO - Finished loading data for 20 drivers: ['44', '81', '16', '1', '4', '55', '11', '14', '31', '3', '18', '23', '10', '20', '77', '22', '2', '27', '24', '63']
2025-10-27 18:25:40,765 - INFO - [EXPORT OK] belgian_grand_prix
2025-10-27 18:25:40,773 - INFO - Loading data for Dutch Grand Prix - Race [v3.5.3]
2025-10-27 18:25:40,774 - INFO - Using cached data for session_info
2025-10-27 18:25:40,774 - INFO - Using cached data for driver_info
2025-10-27 18:25:40,954 - INFO - Using cached data for session_status_data
2025-10-27 18:25:40,955 - INFO - Using cached data for lap_count
2025-10-27 18:25:40,955 - INFO - Using cached data for track_status_data
2025-10-27 18:25:40,962 - INFO - Using cached data for _extended_timing_data
2025-10-27 18:25:40,964 - INFO - Using cached data for timing_app_data
2025-10-27 18:25:40,964 - INFO - Processing timing data...
2025-10-27 18:25:41,735 - INFO - Using cached data for car_data
2025-10-27 18:25:41,816 - INFO - Using cached data for position_data
2025-10-27 18:25:43,375 - INFO - Using cached data for weather_data
2025-10-27 18:25:43,376 - INFO - Using cached data for race_control_messages
2025-10-27 18:25:43,395 - INFO - Finished loading data for 20 drivers: ['4', '1', '16', '81', '55', '11', '63', '44', '10', '14', '27', '3', '18', '23', '31', '2', '22', '20', '77', '24']
2025-10-27 18:25:43,605 - INFO - [EXPORT OK] dutch_grand_prix
2025-10-27 18:25:43,615 - INFO - Loading data for Italian Grand Prix - Race [v3.5.3]
2025-10-27 18:25:43,616 - INFO - Using cached data for session_info
2025-10-27 18:25:43,617 - INFO - Using cached data for driver_info
2025-10-27 18:25:43,872 - INFO - Using cached data for session_status_data
2025-10-27 18:25:43,873 - INFO - Using cached data for lap_count
2025-10-27 18:25:43,874 - INFO - Using cached data for track_status_data
2025-10-27 18:25:43,879 - INFO - Using cached data for _extended_timing_data
2025-10-27 18:25:43,881 - INFO - Using cached data for timing_app_data
2025-10-27 18:25:43,881 - INFO - Processing timing data...
2025-10-27 18:25:44,867 - INFO - Using cached data for car_data
2025-10-27 18:25:44,945 - INFO - Using cached data for position_data
2025-10-27 18:25:46,010 - INFO - Using cached data for weather_data
2025-10-27 18:25:46,012 - INFO - Using cached data for race_control_messages
2025-10-27 18:25:46,038 - INFO - Finished loading data for 20 drivers: ['16', '81', '4', '55', '44', '1', '63', '11', '23', '20', '14', '43', '3', '31', '10', '77', '27', '24', '18', '22']
2025-10-27 18:25:46,242 - INFO - [EXPORT OK] italian_grand_prix
2025-10-27 18:25:46,254 - INFO - Loading data for Azerbaijan Grand Prix - Race [v3.5.3]
2025-10-27 18:25:46,254 - INFO - Using cached data for session_info
2025-10-27 18:25:46,255 - INFO - Using cached data for driver_info
2025-10-27 18:25:46,429 - DEBUG - Failed to parse timestamp '-1:55:43.191' in Ergastresponse.
2025-10-27 18:25:46,430 - DEBUG - Failed to parse timestamp '-1:55:43.761' in Ergastresponse.
2025-10-27 18:25:46,430 - DEBUG - Failed to parse timestamp '-1:50:23.073' in Ergastresponse.
2025-10-27 18:25:46,444 - INFO - Using cached data for session_status_data
2025-10-27 18:25:46,445 - INFO - Using cached data for lap_count
2025-10-27 18:25:46,445 - INFO - Using cached data for track_status_data
2025-10-27 18:25:46,451 - INFO - Using cached data for _extended_timing_data
2025-10-27 18:25:46,454 - INFO - Using cached data for timing_app_data
2025-10-27 18:25:46,454 - INFO - Processing timing data...
2025-10-27 18:25:47,157 - INFO - Using cached data for car_data
2025-10-27 18:25:47,324 - INFO - Using cached data for position_data
2025-10-27 18:25:48,479 - INFO - Using cached data for weather_data
2025-10-27 18:25:48,480 - INFO - Using cached data for race_control_messages
2025-10-27 18:25:48,525 - INFO - Finished loading data for 20 drivers: ['81', '16', '63', '4', '1', '14', '23', '43', '44', '50', '27', '10', '3', '24', '31', '77', '11', '55', '18', '22']
2025-10-27 18:25:48,701 - INFO - [EXPORT OK] azerbaijan_grand_prix
2025-10-27 18:25:48,711 - INFO - Loading data for Singapore Grand Prix - Race [v3.5.3]
2025-10-27 18:25:48,711 - INFO - Using cached data for session_info
2025-10-27 18:25:48,712 - INFO - Using cached data for driver_info
2025-10-27 18:25:48,888 - DEBUG - Failed to parse timestamp '-1:55:59.335' in Ergastresponse.
2025-10-27 18:25:48,900 - INFO - Using cached data for session_status_data
2025-10-27 18:25:48,902 - INFO - Using cached data for lap_count
2025-10-27 18:25:48,903 - INFO - Using cached data for track_status_data
2025-10-27 18:25:48,911 - INFO - Using cached data for _extended_timing_data
2025-10-27 18:25:48,914 - INFO - Using cached data for timing_app_data
2025-10-27 18:25:48,915 - INFO - Processing timing data...
2025-10-27 18:25:49,679 - INFO - Using cached data for car_data
2025-10-27 18:25:49,791 - INFO - Using cached data for position_data
2025-10-27 18:25:51,140 - INFO - Using cached data for weather_data
2025-10-27 18:25:51,143 - INFO - Using cached data for race_control_messages
2025-10-27 18:25:51,191 - INFO - Finished loading data for 20 drivers: ['4', '1', '81', '63', '16', '44', '55', '14', '27', '11', '43', '22', '31', '18', '24', '77', '10', '3', '20', '23']
2025-10-27 18:25:51,417 - INFO - [EXPORT OK] singapore_grand_prix
2025-10-27 18:25:51,427 - INFO - Loading data for United States Grand Prix - Race [v3.5.3]
2025-10-27 18:25:51,428 - INFO - Using cached data for session_info
2025-10-27 18:25:51,429 - INFO - Using cached data for driver_info
2025-10-27 18:25:51,655 - INFO - Using cached data for session_status_data
2025-10-27 18:25:51,656 - INFO - Using cached data for lap_count
2025-10-27 18:25:51,657 - INFO - Using cached data for track_status_data
2025-10-27 18:25:51,666 - INFO - Using cached data for _extended_timing_data
2025-10-27 18:25:51,669 - INFO - Using cached data for timing_app_data
2025-10-27 18:25:51,670 - INFO - Processing timing data...
2025-10-27 18:25:52,381 - INFO - Using cached data for car_data
2025-10-27 18:25:52,485 - INFO - Using cached data for position_data
2025-10-27 18:25:53,756 - INFO - Using cached data for weather_data
2025-10-27 18:25:53,757 - INFO - Using cached data for race_control_messages
2025-10-27 18:25:53,844 - INFO - Finished loading data for 20 drivers: ['16', '55', '1', '4', '81', '63', '11', '27', '30', '43', '20', '10', '14', '22', '18', '23', '77', '31', '24', '44']
2025-10-27 18:25:54,015 - INFO - [EXPORT OK] united_states_grand_prix
2025-10-27 18:25:54,025 - INFO - Loading data for Mexico City Grand Prix - Race [v3.5.3]
2025-10-27 18:25:54,026 - INFO - Using cached data for session_info
2025-10-27 18:25:54,027 - INFO - Using cached data for driver_info
2025-10-27 18:25:54,275 - INFO - Using cached data for session_status_data
2025-10-27 18:25:54,276 - INFO - Using cached data for lap_count
2025-10-27 18:25:54,277 - INFO - Using cached data for track_status_data
2025-10-27 18:25:54,282 - INFO - Using cached data for _extended_timing_data
2025-10-27 18:25:54,284 - INFO - Using cached data for timing_app_data
2025-10-27 18:25:54,284 - INFO - Processing timing data...
2025-10-27 18:25:55,020 - INFO - Using cached data for car_data
2025-10-27 18:25:55,161 - INFO - Using cached data for position_data
2025-10-27 18:25:56,865 - INFO - Using cached data for weather_data
2025-10-27 18:25:56,879 - INFO - Using cached data for race_control_messages
2025-10-27 18:25:56,960 - INFO - Finished loading data for 20 drivers: ['55', '4', '16', '44', '63', '1', '20', '81', '27', '10', '18', '43', '31', '77', '24', '30', '11', '14', '23', '22']
2025-10-27 18:25:57,353 - INFO - [EXPORT OK] mexico_city_grand_prix
2025-10-27 18:25:57,362 - INFO - Loading data for São Paulo Grand Prix - Race [v3.5.3]
2025-10-27 18:25:57,363 - INFO - Using cached data for session_info
2025-10-27 18:25:57,364 - INFO - Using cached data for driver_info
2025-10-27 18:25:57,694 - INFO - Using cached data for session_status_data
2025-10-27 18:25:57,695 - INFO - Using cached data for lap_count
2025-10-27 18:25:57,697 - INFO - Using cached data for track_status_data
2025-10-27 18:25:57,709 - INFO - Using cached data for _extended_timing_data
2025-10-27 18:25:57,711 - INFO - Using cached data for timing_app_data
2025-10-27 18:25:57,712 - INFO - Processing timing data...
2025-10-27 18:25:58,109 - WARNING - No lap data for driver 23
2025-10-27 18:25:58,272 - WARNING - Failed to perform lap accuracy check - all laps marked as inaccurate (driver 23)
2025-10-27 18:25:58,580 - INFO - Using cached data for car_data
2025-10-27 18:25:58,732 - INFO - Using cached data for position_data
2025-10-27 18:26:00,402 - INFO - Using cached data for weather_data
2025-10-27 18:26:00,404 - INFO - Using cached data for race_control_messages
2025-10-27 18:26:00,507 - INFO - Finished loading data for 20 drivers: ['1', '31', '10', '63', '16', '4', '22', '81', '30', '44', '11', '50', '77', '14', '24', '55', '43', '23', '18', '27']
2025-10-27 18:26:00,706 - INFO - [EXPORT OK] são_paulo_grand_prix
2025-10-27 18:26:00,714 - INFO - Loading data for Las Vegas Grand Prix - Race [v3.5.3]
2025-10-27 18:26:00,715 - INFO - Using cached data for session_info
2025-10-27 18:26:00,715 - INFO - Using cached data for driver_info
2025-10-27 18:26:00,904 - INFO - Using cached data for session_status_data
2025-10-27 18:26:00,905 - INFO - Using cached data for lap_count
2025-10-27 18:26:00,905 - INFO - Using cached data for track_status_data
2025-10-27 18:26:00,909 - INFO - Using cached data for _extended_timing_data
2025-10-27 18:26:00,910 - INFO - Using cached data for timing_app_data
2025-10-27 18:26:00,910 - INFO - Processing timing data...
2025-10-27 18:26:01,249 - WARNING - Driver 63: Lap timing integrity check failed for 2 lap(s)
2025-10-27 18:26:01,255 - WARNING - Driver 44: Lap timing integrity check failed for 1 lap(s)
2025-10-27 18:26:01,259 - WARNING - Driver 55: Lap timing integrity check failed for 1 lap(s)
2025-10-27 18:26:01,265 - WARNING - Driver 16: Lap timing integrity check failed for 2 lap(s)
2025-10-27 18:26:01,275 - WARNING - Driver  1: Lap timing integrity check failed for 1 lap(s)
2025-10-27 18:26:01,280 - WARNING - Driver  4: Lap timing integrity check failed for 1 lap(s)
2025-10-27 18:26:01,287 - WARNING - Driver 81: Lap timing integrity check failed for 1 lap(s)
2025-10-27 18:26:01,335 - WARNING - Driver 30: Lap timing integrity check failed for 2 lap(s)
2025-10-27 18:26:01,345 - WARNING - Driver 77: Lap timing integrity check failed for 2 lap(s)
2025-10-27 18:26:01,713 - INFO - Using cached data for car_data
2025-10-27 18:26:01,796 - INFO - Using cached data for position_data
2025-10-27 18:26:03,665 - INFO - Using cached data for weather_data
2025-10-27 18:26:03,667 - INFO - Using cached data for race_control_messages
2025-10-27 18:26:03,670 - WARNING - Driver 63 completed the race distance 00:00.427000 before the recorded end of the session.
2025-10-27 18:26:03,715 - INFO - Finished loading data for 20 drivers: ['63', '44', '55', '16', '1', '4', '81', '27', '22', '11', '14', '20', '24', '43', '18', '30', '31', '77', '23', '10']
2025-10-27 18:26:03,918 - INFO - [EXPORT OK] las_vegas_grand_prix
2025-10-27 18:26:03,927 - INFO - Loading data for Qatar Grand Prix - Race [v3.5.3]
2025-10-27 18:26:03,928 - INFO - Using cached data for session_info
2025-10-27 18:26:03,928 - INFO - Using cached data for driver_info
2025-10-27 18:26:04,240 - INFO - Using cached data for session_status_data
2025-10-27 18:26:04,242 - INFO - Using cached data for lap_count
2025-10-27 18:26:04,243 - INFO - Using cached data for track_status_data
2025-10-27 18:26:04,250 - INFO - Using cached data for _extended_timing_data
2025-10-27 18:26:04,254 - INFO - Using cached data for timing_app_data
2025-10-27 18:26:04,254 - INFO - Processing timing data...
2025-10-27 18:26:05,356 - INFO - Using cached data for car_data
2025-10-27 18:26:05,729 - INFO - Using cached data for position_data
2025-10-27 18:26:07,175 - INFO - Using cached data for weather_data
2025-10-27 18:26:07,177 - INFO - Using cached data for race_control_messages
2025-10-27 18:26:07,242 - INFO - Finished loading data for 20 drivers: ['1', '16', '81', '63', '10', '55', '14', '24', '20', '4', '77', '44', '22', '30', '23', '27', '11', '18', '43', '31']
2025-10-27 18:26:07,545 - INFO - [EXPORT OK] qatar_grand_prix
2025-10-27 18:26:07,554 - INFO - Loading data for Abu Dhabi Grand Prix - Race [v3.5.3]
2025-10-27 18:26:07,555 - INFO - Using cached data for session_info
2025-10-27 18:26:07,556 - INFO - Using cached data for driver_info
2025-10-27 18:26:07,800 - DEBUG - Failed to parse timestamp '-1:58:03.658' in Ergastresponse.
2025-10-27 18:26:07,808 - INFO - Using cached data for session_status_data
2025-10-27 18:26:07,809 - INFO - Using cached data for lap_count
2025-10-27 18:26:07,810 - INFO - Using cached data for track_status_data
2025-10-27 18:26:07,815 - INFO - Using cached data for _extended_timing_data
2025-10-27 18:26:07,817 - INFO - Using cached data for timing_app_data
2025-10-27 18:26:07,818 - INFO - Processing timing data...
2025-10-27 18:26:08,832 - INFO - Using cached data for car_data
2025-10-27 18:26:09,028 - INFO - Using cached data for position_data
2025-10-27 18:26:10,717 - INFO - Using cached data for weather_data
2025-10-27 18:26:10,727 - INFO - Using cached data for race_control_messages
2025-10-27 18:26:10,789 - INFO - Finished loading data for 20 drivers: ['4', '55', '16', '44', '63', '1', '10', '27', '14', '81', '23', '22', '24', '18', '61', '20', '30', '77', '43', '11']
2025-10-27 18:26:11,128 - INFO - [EXPORT OK] abu_dhabi_grand_prix
