2025-06-16 18:02:42,716 - INFO - Loading data for Australian Grand Prix - Race [v3.5.3]
2025-06-16 18:02:42,716 - INFO - No cached data found for session_info. Loading data...
2025-06-16 18:02:42,717 - INFO - Fetching session info data...
2025-06-16 18:02:43,523 - INFO - Data has been written to cache!
2025-06-16 18:02:43,524 - INFO - No cached data found for driver_info. Loading data...
2025-06-16 18:02:43,524 - INFO - Fetching driver list...
2025-06-16 18:02:43,658 - INFO - Data has been written to cache!
2025-06-16 18:02:44,145 - INFO - No cached data found for session_status_data. Loading data...
2025-06-16 18:02:44,145 - INFO - Fetching session status data...
2025-06-16 18:02:44,235 - INFO - Data has been written to cache!
2025-06-16 18:02:44,237 - INFO - No cached data found for lap_count. Loading data...
2025-06-16 18:02:44,238 - INFO - Fetching lap count data...
2025-06-16 18:02:44,483 - INFO - Data has been written to cache!
2025-06-16 18:02:44,484 - INFO - No cached data found for track_status_data. Loading data...
2025-06-16 18:02:44,484 - INFO - Fetching track status data...
2025-06-16 18:02:44,734 - INFO - Data has been written to cache!
2025-06-16 18:02:44,739 - INFO - No cached data found for _extended_timing_data. Loading data...
2025-06-16 18:02:44,740 - INFO - Fetching timing data...
2025-06-16 18:02:45,597 - INFO - Parsing timing data...
2025-06-16 18:02:46,050 - INFO - Data has been written to cache!
2025-06-16 18:02:46,051 - INFO - No cached data found for timing_app_data. Loading data...
2025-06-16 18:02:46,051 - INFO - Fetching timing app data...
2025-06-16 18:02:46,254 - INFO - Data has been written to cache!
2025-06-16 18:02:46,256 - INFO - Processing timing data...
2025-06-16 18:02:46,914 - INFO - No cached data found for car_data. Loading data...
2025-06-16 18:02:46,915 - INFO - Fetching car data...
2025-06-16 18:02:47,685 - INFO - Parsing car data...
2025-06-16 18:02:50,534 - INFO - Data has been written to cache!
2025-06-16 18:02:50,553 - INFO - No cached data found for position_data. Loading data...
2025-06-16 18:02:50,557 - INFO - Fetching position data...
2025-06-16 18:02:51,346 - INFO - Parsing position data...
2025-06-16 18:02:54,109 - WARNING - Driver 241: Position data is incomplete!
2025-06-16 18:02:54,120 - WARNING - Driver 242: Position data is incomplete!
2025-06-16 18:02:54,128 - WARNING - Driver 243: Position data is incomplete!
2025-06-16 18:02:54,333 - INFO - Data has been written to cache!
2025-06-16 18:02:55,786 - INFO - No cached data found for weather_data. Loading data...
2025-06-16 18:02:55,791 - INFO - Fetching weather data...
2025-06-16 18:02:55,886 - INFO - Data has been written to cache!
2025-06-16 18:02:55,887 - INFO - No cached data found for race_control_messages. Loading data...
2025-06-16 18:02:55,887 - INFO - Fetching race control messages...
2025-06-16 18:02:56,148 - INFO - Data has been written to cache!
2025-06-16 18:02:56,150 - WARNING - Driver 4 completed the race distance 00:00.022000 before the recorded end of the session.
2025-06-16 18:02:56,216 - INFO - Finished loading data for 20 drivers: ['4', '1', '63', '12', '23', '18', '27', '16', '81', '44', '10', '22', '31', '87', '30', '5', '14', '55', '7', '6']
2025-06-16 18:02:57,329 - INFO - [EXPORT OK] australian_grand_prix
2025-06-16 18:02:57,344 - INFO - Loading data for Japanese Grand Prix - Race [v3.5.3]
2025-06-16 18:02:57,344 - INFO - No cached data found for session_info. Loading data...
2025-06-16 18:02:57,345 - INFO - Fetching session info data...
2025-06-16 18:02:57,443 - INFO - Data has been written to cache!
2025-06-16 18:02:57,444 - INFO - No cached data found for driver_info. Loading data...
2025-06-16 18:02:57,444 - INFO - Fetching driver list...
2025-06-16 18:02:57,685 - INFO - Data has been written to cache!
2025-06-16 18:02:57,982 - INFO - No cached data found for session_status_data. Loading data...
2025-06-16 18:02:57,983 - INFO - Fetching session status data...
2025-06-16 18:02:58,173 - INFO - Data has been written to cache!
2025-06-16 18:02:58,174 - INFO - No cached data found for lap_count. Loading data...
2025-06-16 18:02:58,175 - INFO - Fetching lap count data...
2025-06-16 18:02:58,454 - INFO - Data has been written to cache!
2025-06-16 18:02:58,454 - INFO - No cached data found for track_status_data. Loading data...
2025-06-16 18:02:58,454 - INFO - Fetching track status data...
2025-06-16 18:02:58,684 - INFO - Data has been written to cache!
2025-06-16 18:02:58,687 - INFO - No cached data found for _extended_timing_data. Loading data...
2025-06-16 18:02:58,689 - INFO - Fetching timing data...
2025-06-16 18:02:59,855 - INFO - Parsing timing data...
2025-06-16 18:03:00,830 - INFO - Data has been written to cache!
2025-06-16 18:03:00,832 - INFO - No cached data found for timing_app_data. Loading data...
2025-06-16 18:03:00,832 - INFO - Fetching timing app data...
2025-06-16 18:03:01,013 - INFO - Data has been written to cache!
2025-06-16 18:03:01,014 - INFO - Processing timing data...
2025-06-16 18:03:01,598 - INFO - No cached data found for car_data. Loading data...
2025-06-16 18:03:01,598 - INFO - Fetching car data...
2025-06-16 18:03:02,360 - INFO - Parsing car data...
2025-06-16 18:03:04,551 - INFO - Data has been written to cache!
2025-06-16 18:03:04,557 - INFO - No cached data found for position_data. Loading data...
2025-06-16 18:03:04,557 - INFO - Fetching position data...
2025-06-16 18:03:05,175 - INFO - Parsing position data...
2025-06-16 18:03:07,751 - INFO - Data has been written to cache!
2025-06-16 18:03:08,970 - INFO - No cached data found for weather_data. Loading data...
2025-06-16 18:03:08,973 - INFO - Fetching weather data...
2025-06-16 18:03:09,084 - INFO - Data has been written to cache!
2025-06-16 18:03:09,085 - INFO - No cached data found for race_control_messages. Loading data...
2025-06-16 18:03:09,085 - INFO - Fetching race control messages...
2025-06-16 18:03:09,356 - INFO - Data has been written to cache!
2025-06-16 18:03:09,429 - INFO - Finished loading data for 20 drivers: ['1', '4', '81', '16', '63', '12', '44', '6', '23', '87', '14', '22', '10', '55', '7', '27', '30', '31', '5', '18']
2025-06-16 18:03:09,867 - INFO - [EXPORT OK] japanese_grand_prix
2025-06-16 18:03:09,884 - INFO - Loading data for Bahrain Grand Prix - Race [v3.5.3]
2025-06-16 18:03:09,885 - INFO - No cached data found for session_info. Loading data...
2025-06-16 18:03:09,885 - INFO - Fetching session info data...
2025-06-16 18:03:09,972 - INFO - Data has been written to cache!
2025-06-16 18:03:09,973 - INFO - No cached data found for driver_info. Loading data...
2025-06-16 18:03:09,974 - INFO - Fetching driver list...
2025-06-16 18:03:10,249 - INFO - Data has been written to cache!
2025-06-16 18:03:10,559 - INFO - No cached data found for session_status_data. Loading data...
2025-06-16 18:03:10,560 - INFO - Fetching session status data...
2025-06-16 18:03:10,727 - INFO - Data has been written to cache!
2025-06-16 18:03:10,727 - INFO - No cached data found for lap_count. Loading data...
2025-06-16 18:03:10,728 - INFO - Fetching lap count data...
2025-06-16 18:03:10,994 - INFO - Data has been written to cache!
2025-06-16 18:03:10,995 - INFO - No cached data found for track_status_data. Loading data...
2025-06-16 18:03:10,995 - INFO - Fetching track status data...
2025-06-16 18:03:11,228 - INFO - Data has been written to cache!
2025-06-16 18:03:11,229 - INFO - No cached data found for _extended_timing_data. Loading data...
2025-06-16 18:03:11,230 - INFO - Fetching timing data...
2025-06-16 18:03:12,783 - INFO - Parsing timing data...
2025-06-16 18:03:13,562 - INFO - Data has been written to cache!
2025-06-16 18:03:13,642 - INFO - No cached data found for timing_app_data. Loading data...
2025-06-16 18:03:13,643 - INFO - Fetching timing app data...
2025-06-16 18:03:13,845 - INFO - Data has been written to cache!
2025-06-16 18:03:13,846 - INFO - Processing timing data...
2025-06-16 18:03:14,219 - WARNING - Driver 63: Lap timing integrity check failed for 3 lap(s)
2025-06-16 18:03:14,463 - INFO - No cached data found for car_data. Loading data...
2025-06-16 18:03:14,464 - INFO - Fetching car data...
2025-06-16 18:03:15,344 - INFO - Parsing car data...
2025-06-16 18:03:18,404 - WARNING - Driver  2: Car data is incomplete!
2025-06-16 18:03:18,419 - WARNING - Driver  3: Car data is incomplete!
2025-06-16 18:03:18,462 - WARNING - Driver  8: Car data is incomplete!
2025-06-16 18:03:18,469 - WARNING - Driver  9: Car data is incomplete!
2025-06-16 18:03:18,478 - WARNING - Driver 11: Car data is incomplete!
2025-06-16 18:03:18,488 - WARNING - Driver 15: Car data is incomplete!
2025-06-16 18:03:18,503 - WARNING - Driver 17: Car data is incomplete!
2025-06-16 18:03:18,514 - WARNING - Driver 19: Car data is incomplete!
2025-06-16 18:03:18,524 - WARNING - Driver 20: Car data is incomplete!
2025-06-16 18:03:18,531 - WARNING - Driver 21: Car data is incomplete!
2025-06-16 18:03:18,546 - WARNING - Driver 24: Car data is incomplete!
2025-06-16 18:03:18,555 - WARNING - Driver 25: Car data is incomplete!
2025-06-16 18:03:18,562 - WARNING - Driver 26: Car data is incomplete!
2025-06-16 18:03:18,574 - WARNING - Driver 28: Car data is incomplete!
2025-06-16 18:03:18,584 - WARNING - Driver 29: Car data is incomplete!
2025-06-16 18:03:18,604 - WARNING - Driver 44: Car data is incomplete!
2025-06-16 18:03:18,615 - WARNING - Driver 55: Car data is incomplete!
2025-06-16 18:03:18,629 - WARNING - Driver 63: Car data is incomplete!
2025-06-16 18:03:18,665 - WARNING - Driver 81: Car data is incomplete!
2025-06-16 18:03:18,672 - WARNING - Driver 87: Car data is incomplete!
2025-06-16 18:03:18,828 - INFO - Data has been written to cache!
2025-06-16 18:03:18,828 - INFO - No cached data found for position_data. Loading data...
2025-06-16 18:03:18,829 - INFO - Fetching position data...
2025-06-16 18:03:19,495 - INFO - Parsing position data...
2025-06-16 18:03:21,718 - WARNING - Driver  1: Position data is incomplete!
2025-06-16 18:03:21,732 - WARNING - Driver  2: Position data is incomplete!
2025-06-16 18:03:21,743 - WARNING - Driver  3: Position data is incomplete!
2025-06-16 18:03:21,775 - WARNING - Driver  4: Position data is incomplete!
2025-06-16 18:03:21,799 - WARNING - Driver  5: Position data is incomplete!
2025-06-16 18:03:21,812 - WARNING - Driver  6: Position data is incomplete!
2025-06-16 18:03:21,820 - WARNING - Driver  7: Position data is incomplete!
2025-06-16 18:03:21,830 - WARNING - Driver  8: Position data is incomplete!
2025-06-16 18:03:21,836 - WARNING - Driver  9: Position data is incomplete!
2025-06-16 18:03:21,844 - WARNING - Driver 10: Position data is incomplete!
2025-06-16 18:03:21,852 - WARNING - Driver 11: Position data is incomplete!
2025-06-16 18:03:21,864 - WARNING - Driver 12: Position data is incomplete!
2025-06-16 18:03:21,873 - WARNING - Driver 14: Position data is incomplete!
2025-06-16 18:03:21,879 - WARNING - Driver 15: Position data is incomplete!
2025-06-16 18:03:21,890 - WARNING - Driver 16: Position data is incomplete!
2025-06-16 18:03:21,897 - WARNING - Driver 17: Position data is incomplete!
2025-06-16 18:03:21,906 - WARNING - Driver 18: Position data is incomplete!
2025-06-16 18:03:21,912 - WARNING - Driver 19: Position data is incomplete!
2025-06-16 18:03:21,918 - WARNING - Driver 20: Position data is incomplete!
2025-06-16 18:03:21,927 - WARNING - Driver 21: Position data is incomplete!
2025-06-16 18:03:21,934 - WARNING - Driver 22: Position data is incomplete!
2025-06-16 18:03:21,942 - WARNING - Driver 23: Position data is incomplete!
2025-06-16 18:03:21,950 - WARNING - Driver 24: Position data is incomplete!
2025-06-16 18:03:21,957 - WARNING - Driver 25: Position data is incomplete!
2025-06-16 18:03:21,963 - WARNING - Driver 26: Position data is incomplete!
2025-06-16 18:03:21,979 - WARNING - Driver 27: Position data is incomplete!
2025-06-16 18:03:21,985 - WARNING - Driver 28: Position data is incomplete!
2025-06-16 18:03:21,993 - WARNING - Driver 29: Position data is incomplete!
2025-06-16 18:03:22,001 - WARNING - Driver 44: Position data is incomplete!
2025-06-16 18:03:22,011 - WARNING - Driver 55: Position data is incomplete!
2025-06-16 18:03:22,018 - WARNING - Driver 63: Position data is incomplete!
2025-06-16 18:03:22,027 - WARNING - Driver 81: Position data is incomplete!
2025-06-16 18:03:22,034 - WARNING - Driver 87: Position data is incomplete!
2025-06-16 18:03:22,041 - WARNING - Driver 241: Position data is incomplete!
2025-06-16 18:03:22,048 - WARNING - Driver 242: Position data is incomplete!
2025-06-16 18:03:22,059 - WARNING - Driver 243: Position data is incomplete!
2025-06-16 18:03:22,358 - INFO - Data has been written to cache!
2025-06-16 18:03:23,785 - INFO - No cached data found for weather_data. Loading data...
2025-06-16 18:03:23,786 - INFO - Fetching weather data...
2025-06-16 18:03:23,926 - INFO - Data has been written to cache!
2025-06-16 18:03:23,933 - INFO - No cached data found for race_control_messages. Loading data...
2025-06-16 18:03:23,934 - INFO - Fetching race control messages...
2025-06-16 18:03:24,178 - INFO - Data has been written to cache!
2025-06-16 18:03:24,247 - INFO - Finished loading data for 20 drivers: ['81', '63', '4', '16', '44', '1', '10', '31', '22', '87', '12', '23', '6', '7', '14', '30', '18', '5', '55', '27']
2025-06-16 18:03:24,668 - INFO - [EXPORT OK] bahrain_grand_prix
2025-06-16 18:03:24,677 - INFO - Loading data for Saudi Arabian Grand Prix - Race [v3.5.3]
2025-06-16 18:03:24,678 - INFO - No cached data found for session_info. Loading data...
2025-06-16 18:03:24,678 - INFO - Fetching session info data...
2025-06-16 18:03:24,776 - INFO - Data has been written to cache!
2025-06-16 18:03:24,777 - INFO - No cached data found for driver_info. Loading data...
2025-06-16 18:03:24,777 - INFO - Fetching driver list...
2025-06-16 18:03:25,036 - INFO - Data has been written to cache!
2025-06-16 18:03:25,718 - INFO - No cached data found for session_status_data. Loading data...
2025-06-16 18:03:25,718 - INFO - Fetching session status data...
2025-06-16 18:03:25,813 - INFO - Data has been written to cache!
2025-06-16 18:03:25,814 - INFO - No cached data found for lap_count. Loading data...
2025-06-16 18:03:25,814 - INFO - Fetching lap count data...
2025-06-16 18:03:26,096 - INFO - Data has been written to cache!
2025-06-16 18:03:26,096 - INFO - No cached data found for track_status_data. Loading data...
2025-06-16 18:03:26,097 - INFO - Fetching track status data...
2025-06-16 18:03:26,325 - INFO - Data has been written to cache!
2025-06-16 18:03:26,326 - INFO - No cached data found for _extended_timing_data. Loading data...
2025-06-16 18:03:26,326 - INFO - Fetching timing data...
2025-06-16 18:03:27,292 - INFO - Parsing timing data...
2025-06-16 18:03:28,041 - WARNING - Failed to align laps for drivers: ['22']
2025-06-16 18:03:28,142 - INFO - Data has been written to cache!
2025-06-16 18:03:28,142 - INFO - No cached data found for timing_app_data. Loading data...
2025-06-16 18:03:28,143 - INFO - Fetching timing app data...
2025-06-16 18:03:28,394 - INFO - Data has been written to cache!
2025-06-16 18:03:28,396 - INFO - Processing timing data...
2025-06-16 18:03:28,947 - INFO - No cached data found for car_data. Loading data...
2025-06-16 18:03:28,947 - INFO - Fetching car data...
2025-06-16 18:03:29,733 - INFO - Parsing car data...
2025-06-16 18:03:31,756 - INFO - Data has been written to cache!
2025-06-16 18:03:31,759 - INFO - No cached data found for position_data. Loading data...
2025-06-16 18:03:31,759 - INFO - Fetching position data...
2025-06-16 18:03:32,379 - INFO - Parsing position data...
2025-06-16 18:03:35,107 - WARNING - Driver 241: Position data is incomplete!
2025-06-16 18:03:35,118 - WARNING - Driver 242: Position data is incomplete!
2025-06-16 18:03:35,125 - WARNING - Driver 243: Position data is incomplete!
2025-06-16 18:03:35,315 - INFO - Data has been written to cache!
2025-06-16 18:03:36,500 - INFO - No cached data found for weather_data. Loading data...
2025-06-16 18:03:36,502 - INFO - Fetching weather data...
2025-06-16 18:03:36,626 - INFO - Data has been written to cache!
2025-06-16 18:03:36,627 - INFO - No cached data found for race_control_messages. Loading data...
2025-06-16 18:03:36,627 - INFO - Fetching race control messages...
2025-06-16 18:03:36,866 - INFO - Data has been written to cache!
2025-06-16 18:03:36,899 - INFO - Finished loading data for 20 drivers: ['81', '1', '16', '4', '63', '12', '44', '55', '23', '6', '14', '30', '87', '31', '27', '18', '7', '5', '22', '10']
2025-06-16 18:03:37,364 - INFO - [EXPORT OK] saudi_arabian_grand_prix
2025-06-16 18:03:37,374 - INFO - Loading data for Emilia Romagna Grand Prix - Race [v3.5.3]
2025-06-16 18:03:37,375 - INFO - No cached data found for session_info. Loading data...
2025-06-16 18:03:37,375 - INFO - Fetching session info data...
2025-06-16 18:03:37,488 - INFO - Data has been written to cache!
2025-06-16 18:03:37,488 - INFO - No cached data found for driver_info. Loading data...
2025-06-16 18:03:37,489 - INFO - Fetching driver list...
2025-06-16 18:03:37,737 - INFO - Data has been written to cache!
2025-06-16 18:03:38,029 - INFO - No cached data found for session_status_data. Loading data...
2025-06-16 18:03:38,029 - INFO - Fetching session status data...
2025-06-16 18:03:38,229 - INFO - Data has been written to cache!
2025-06-16 18:03:38,231 - INFO - No cached data found for lap_count. Loading data...
2025-06-16 18:03:38,231 - INFO - Fetching lap count data...
2025-06-16 18:03:38,537 - INFO - Data has been written to cache!
2025-06-16 18:03:38,538 - INFO - No cached data found for track_status_data. Loading data...
2025-06-16 18:03:38,538 - INFO - Fetching track status data...
2025-06-16 18:03:38,717 - INFO - Data has been written to cache!
2025-06-16 18:03:38,718 - INFO - No cached data found for _extended_timing_data. Loading data...
2025-06-16 18:03:38,718 - INFO - Fetching timing data...
2025-06-16 18:03:39,940 - INFO - Parsing timing data...
2025-06-16 18:03:40,552 - INFO - Data has been written to cache!
2025-06-16 18:03:40,553 - INFO - No cached data found for timing_app_data. Loading data...
2025-06-16 18:03:40,553 - INFO - Fetching timing app data...
2025-06-16 18:03:40,734 - INFO - Data has been written to cache!
2025-06-16 18:03:40,735 - INFO - Processing timing data...
2025-06-16 18:03:41,465 - INFO - No cached data found for car_data. Loading data...
2025-06-16 18:03:41,465 - INFO - Fetching car data...
2025-06-16 18:03:42,181 - INFO - Parsing car data...
2025-06-16 18:03:44,178 - INFO - Data has been written to cache!
2025-06-16 18:03:44,183 - INFO - No cached data found for position_data. Loading data...
2025-06-16 18:03:44,183 - INFO - Fetching position data...
2025-06-16 18:03:44,888 - INFO - Parsing position data...
2025-06-16 18:03:46,802 - WARNING - Driver 241: Position data is incomplete!
2025-06-16 18:03:46,809 - WARNING - Driver 242: Position data is incomplete!
2025-06-16 18:03:46,815 - WARNING - Driver 243: Position data is incomplete!
2025-06-16 18:03:46,980 - INFO - Data has been written to cache!
2025-06-16 18:03:47,981 - INFO - No cached data found for weather_data. Loading data...
2025-06-16 18:03:47,982 - INFO - Fetching weather data...
2025-06-16 18:03:48,107 - INFO - Data has been written to cache!
2025-06-16 18:03:48,108 - INFO - No cached data found for race_control_messages. Loading data...
2025-06-16 18:03:48,109 - INFO - Fetching race control messages...
2025-06-16 18:03:48,345 - INFO - Data has been written to cache!
2025-06-16 18:03:48,394 - INFO - Finished loading data for 20 drivers: ['1', '4', '81', '44', '23', '16', '63', '55', '6', '22', '14', '27', '10', '30', '18', '43', '87', '5', '12', '31']
2025-06-16 18:03:48,890 - INFO - [EXPORT OK] emilia_romagna_grand_prix
2025-06-16 18:03:48,900 - INFO - Loading data for Monaco Grand Prix - Race [v3.5.3]
2025-06-16 18:03:48,901 - INFO - No cached data found for session_info. Loading data...
2025-06-16 18:03:48,901 - INFO - Fetching session info data...
2025-06-16 18:03:49,281 - INFO - Data has been written to cache!
2025-06-16 18:03:49,282 - INFO - No cached data found for driver_info. Loading data...
2025-06-16 18:03:49,283 - INFO - Fetching driver list...
2025-06-16 18:03:49,625 - INFO - Data has been written to cache!
2025-06-16 18:03:50,053 - INFO - No cached data found for session_status_data. Loading data...
2025-06-16 18:03:50,054 - INFO - Fetching session status data...
2025-06-16 18:03:50,380 - INFO - Data has been written to cache!
2025-06-16 18:03:50,381 - INFO - No cached data found for lap_count. Loading data...
2025-06-16 18:03:50,382 - INFO - Fetching lap count data...
2025-06-16 18:03:50,711 - INFO - Data has been written to cache!
2025-06-16 18:03:50,712 - INFO - No cached data found for track_status_data. Loading data...
2025-06-16 18:03:50,713 - INFO - Fetching track status data...
2025-06-16 18:03:51,052 - INFO - Data has been written to cache!
2025-06-16 18:03:51,053 - INFO - No cached data found for _extended_timing_data. Loading data...
2025-06-16 18:03:51,054 - INFO - Fetching timing data...
2025-06-16 18:03:52,322 - INFO - Parsing timing data...
2025-06-16 18:03:53,142 - INFO - Data has been written to cache!
2025-06-16 18:03:53,143 - INFO - No cached data found for timing_app_data. Loading data...
2025-06-16 18:03:53,143 - INFO - Fetching timing app data...
2025-06-16 18:03:53,529 - INFO - Data has been written to cache!
2025-06-16 18:03:53,530 - INFO - Processing timing data...
2025-06-16 18:03:54,169 - INFO - No cached data found for car_data. Loading data...
2025-06-16 18:03:54,169 - INFO - Fetching car data...
2025-06-16 18:03:55,270 - INFO - Parsing car data...
2025-06-16 18:03:57,424 - INFO - Data has been written to cache!
2025-06-16 18:03:57,426 - INFO - No cached data found for position_data. Loading data...
2025-06-16 18:03:57,427 - INFO - Fetching position data...
2025-06-16 18:03:58,374 - INFO - Parsing position data...
2025-06-16 18:04:00,811 - INFO - Data has been written to cache!
2025-06-16 18:04:04,181 - INFO - No cached data found for weather_data. Loading data...
2025-06-16 18:04:04,182 - INFO - Fetching weather data...
2025-06-16 18:04:04,746 - INFO - Data has been written to cache!
2025-06-16 18:04:04,749 - INFO - No cached data found for race_control_messages. Loading data...
2025-06-16 18:04:04,749 - INFO - Fetching race control messages...
2025-06-16 18:04:05,080 - INFO - Data has been written to cache!
2025-06-16 18:04:05,137 - INFO - Finished loading data for 20 drivers: ['4', '16', '81', '1', '44', '6', '31', '30', '23', '55', '63', '87', '43', '5', '18', '27', '22', '12', '14', '10']
2025-06-16 18:04:05,550 - INFO - [EXPORT OK] monaco_grand_prix
2025-06-16 18:04:05,562 - INFO - Loading data for Spanish Grand Prix - Race [v3.5.3]
2025-06-16 18:04:05,562 - INFO - No cached data found for session_info. Loading data...
2025-06-16 18:04:05,563 - INFO - Fetching session info data...
2025-06-16 18:04:05,648 - INFO - Data has been written to cache!
2025-06-16 18:04:05,648 - INFO - No cached data found for driver_info. Loading data...
2025-06-16 18:04:05,648 - INFO - Fetching driver list...
2025-06-16 18:04:05,922 - INFO - Data has been written to cache!
2025-06-16 18:04:06,210 - INFO - No cached data found for session_status_data. Loading data...
2025-06-16 18:04:06,210 - INFO - Fetching session status data...
2025-06-16 18:04:06,427 - INFO - Data has been written to cache!
2025-06-16 18:04:06,428 - INFO - No cached data found for lap_count. Loading data...
2025-06-16 18:04:06,428 - INFO - Fetching lap count data...
2025-06-16 18:04:06,679 - INFO - Data has been written to cache!
2025-06-16 18:04:06,681 - INFO - No cached data found for track_status_data. Loading data...
2025-06-16 18:04:06,681 - INFO - Fetching track status data...
2025-06-16 18:04:06,914 - INFO - Data has been written to cache!
2025-06-16 18:04:06,925 - INFO - No cached data found for _extended_timing_data. Loading data...
2025-06-16 18:04:06,926 - INFO - Fetching timing data...
2025-06-16 18:04:09,239 - INFO - Parsing timing data...
2025-06-16 18:04:10,143 - INFO - Data has been written to cache!
2025-06-16 18:04:10,145 - INFO - No cached data found for timing_app_data. Loading data...
2025-06-16 18:04:10,145 - INFO - Fetching timing app data...
2025-06-16 18:04:10,294 - INFO - Data has been written to cache!
2025-06-16 18:04:10,294 - INFO - Processing timing data...
2025-06-16 18:04:10,896 - INFO - No cached data found for car_data. Loading data...
2025-06-16 18:04:10,897 - INFO - Fetching car data...
2025-06-16 18:04:11,626 - INFO - Parsing car data...
2025-06-16 18:04:14,093 - INFO - Data has been written to cache!
2025-06-16 18:04:14,096 - INFO - No cached data found for position_data. Loading data...
2025-06-16 18:04:14,096 - INFO - Fetching position data...
2025-06-16 18:04:14,717 - INFO - Parsing position data...
2025-06-16 18:04:16,675 - WARNING - Driver 241: Position data is incomplete!
2025-06-16 18:04:16,686 - WARNING - Driver 242: Position data is incomplete!
2025-06-16 18:04:16,692 - WARNING - Driver 243: Position data is incomplete!
2025-06-16 18:04:16,862 - INFO - Data has been written to cache!
2025-06-16 18:04:17,858 - INFO - No cached data found for weather_data. Loading data...
2025-06-16 18:04:17,859 - INFO - Fetching weather data...
2025-06-16 18:04:17,964 - INFO - Data has been written to cache!
2025-06-16 18:04:17,965 - INFO - No cached data found for race_control_messages. Loading data...
2025-06-16 18:04:17,965 - INFO - Fetching race control messages...
2025-06-16 18:04:18,222 - INFO - Data has been written to cache!
2025-06-16 18:04:18,268 - INFO - Finished loading data for 19 drivers: ['81', '4', '16', '63', '27', '44', '6', '10', '14', '1', '30', '5', '22', '55', '43', '31', '87', '12', '23']
2025-06-16 18:04:18,696 - INFO - [EXPORT OK] spanish_grand_prix
2025-06-16 18:04:18,704 - INFO - Loading data for Canadian Grand Prix - Race [v3.5.3]
2025-06-16 18:04:18,705 - INFO - No cached data found for session_info. Loading data...
2025-06-16 18:04:18,705 - INFO - Fetching session info data...
2025-06-16 18:04:18,797 - INFO - Data has been written to cache!
2025-06-16 18:04:18,797 - INFO - No cached data found for driver_info. Loading data...
2025-06-16 18:04:18,798 - INFO - Fetching driver list...
2025-06-16 18:04:19,047 - INFO - Data has been written to cache!
2025-06-16 18:04:19,342 - DEBUG - Failed to parse timestamp '-1:52:09.782' in Ergastresponse.
2025-06-16 18:04:19,359 - INFO - No cached data found for session_status_data. Loading data...
2025-06-16 18:04:19,360 - INFO - Fetching session status data...
2025-06-16 18:04:19,588 - INFO - Data has been written to cache!
2025-06-16 18:04:19,590 - INFO - No cached data found for lap_count. Loading data...
2025-06-16 18:04:19,590 - INFO - Fetching lap count data...
2025-06-16 18:04:19,817 - INFO - Data has been written to cache!
2025-06-16 18:04:19,818 - INFO - No cached data found for track_status_data. Loading data...
2025-06-16 18:04:19,819 - INFO - Fetching track status data...
2025-06-16 18:04:20,041 - INFO - Data has been written to cache!
2025-06-16 18:04:20,042 - INFO - No cached data found for _extended_timing_data. Loading data...
2025-06-16 18:04:20,042 - INFO - Fetching timing data...
2025-06-16 18:04:21,053 - INFO - Parsing timing data...
2025-06-16 18:04:21,716 - INFO - Data has been written to cache!
2025-06-16 18:04:21,717 - INFO - No cached data found for timing_app_data. Loading data...
2025-06-16 18:04:21,717 - INFO - Fetching timing app data...
2025-06-16 18:04:21,866 - INFO - Data has been written to cache!
2025-06-16 18:04:21,867 - INFO - Processing timing data...
2025-06-16 18:04:22,511 - INFO - No cached data found for car_data. Loading data...
2025-06-16 18:04:22,512 - INFO - Fetching car data...
2025-06-16 18:04:23,270 - INFO - Parsing car data...
2025-06-16 18:04:25,832 - INFO - Data has been written to cache!
2025-06-16 18:04:25,835 - INFO - No cached data found for position_data. Loading data...
2025-06-16 18:04:25,835 - INFO - Fetching position data...
2025-06-16 18:04:26,370 - INFO - Parsing position data...
2025-06-16 18:04:28,526 - WARNING - Driver 241: Position data is incomplete!
2025-06-16 18:04:28,539 - WARNING - Driver 242: Position data is incomplete!
2025-06-16 18:04:28,544 - WARNING - Driver 243: Position data is incomplete!
2025-06-16 18:04:28,756 - INFO - Data has been written to cache!
2025-06-16 18:04:29,896 - INFO - No cached data found for weather_data. Loading data...
2025-06-16 18:04:29,897 - INFO - Fetching weather data...
2025-06-16 18:04:30,028 - INFO - Data has been written to cache!
2025-06-16 18:04:30,030 - INFO - No cached data found for race_control_messages. Loading data...
2025-06-16 18:04:30,030 - INFO - Fetching race control messages...
2025-06-16 18:04:30,247 - INFO - Data has been written to cache!
2025-06-16 18:04:30,301 - INFO - Finished loading data for 20 drivers: ['63', '1', '12', '81', '16', '44', '14', '27', '31', '55', '87', '22', '43', '5', '10', '6', '18', '4', '30', '23']
2025-06-16 18:04:30,753 - INFO - [EXPORT OK] canadian_grand_prix
2025-06-16 18:04:30,764 - INFO - Loading data for Austrian Grand Prix - Race [v3.5.3]
2025-06-16 18:04:30,764 - INFO - No cached data found for session_info. Loading data...
2025-06-16 18:04:30,765 - INFO - Fetching session info data...
2025-06-16 18:04:31,173 - DEBUG - Falling back to livetiming mirror (https://livetiming-mirror.fastf1.dev)
2025-06-16 18:04:31,772 - WARNING - Failed to load session info data!
2025-06-16 18:04:31,777 - DEBUG - Traceback for failure in session info data
Traceback (most recent call last):
  File "/Users/ompatel/Downloads/RacinglinAi/.venv/lib/python3.11/site-packages/fastf1/logger.py", line 151, in __wrapped
    return func(*args, **kwargs)
           ^^^^^^^^^^^^^^^^^^^^^
  File "/Users/ompatel/Downloads/RacinglinAi/.venv/lib/python3.11/site-packages/fastf1/core.py", line 1470, in _load_session_info
    self._session_info = api.session_info(self.api_path,
                         ^^^^^^^^^^^^^^^^^^^^^^^^^^^^^^^
  File "/Users/ompatel/Downloads/RacinglinAi/.venv/lib/python3.11/site-packages/fastf1/req.py", line 479, in _cached_api_request
    data = func(api_path, **func_kwargs)
           ^^^^^^^^^^^^^^^^^^^^^^^^^^^^^
  File "/Users/ompatel/Downloads/RacinglinAi/.venv/lib/python3.11/site-packages/fastf1/_api.py", line 1687, in session_info
    raise SessionNotAvailableError(
fastf1._api.SessionNotAvailableError: No data for this session! If this session only finished recently, please try again in a few minutes.
2025-06-16 18:04:31,792 - INFO - No cached data found for driver_info. Loading data...
2025-06-16 18:04:31,792 - INFO - Fetching driver list...
2025-06-16 18:04:32,081 - DEBUG - Falling back to livetiming mirror (https://livetiming-mirror.fastf1.dev)
2025-06-16 18:04:32,301 - WARNING - Failed to load extended driver information!
2025-06-16 18:04:32,303 - DEBUG - Exception while loading driver list
Traceback (most recent call last):
  File "/Users/ompatel/Downloads/RacinglinAi/.venv/lib/python3.11/site-packages/fastf1/core.py", line 2291, in _drivers_from_f1_api
    f1di = api.driver_info(self.api_path, livedata=livedata)
           ^^^^^^^^^^^^^^^^^^^^^^^^^^^^^^^^^^^^^^^^^^^^^^^^^
  File "/Users/ompatel/Downloads/RacinglinAi/.venv/lib/python3.11/site-packages/fastf1/req.py", line 479, in _cached_api_request
    data = func(api_path, **func_kwargs)
           ^^^^^^^^^^^^^^^^^^^^^^^^^^^^^
  File "/Users/ompatel/Downloads/RacinglinAi/.venv/lib/python3.11/site-packages/fastf1/_api.py", line 1535, in driver_info
    raise SessionNotAvailableError(
fastf1._api.SessionNotAvailableError: No data for this session! If this session only finished recently, please try again in a few minutes.
2025-06-16 18:04:32,468 - WARNING - No result data for this session available on Ergast! (This is expected for recent sessions)
2025-06-16 18:04:32,469 - WARNING - Failed to load driver list and session results!
2025-06-16 18:04:32,480 - INFO - No cached data found for session_status_data. Loading data...
2025-06-16 18:04:32,481 - INFO - Fetching session status data...
2025-06-16 18:04:32,878 - DEBUG - Falling back to livetiming mirror (https://livetiming-mirror.fastf1.dev)
2025-06-16 18:04:33,138 - WARNING - Failed to load session status data!
2025-06-16 18:04:33,139 - DEBUG - Traceback for failure in session status data
Traceback (most recent call last):
  File "/Users/ompatel/Downloads/RacinglinAi/.venv/lib/python3.11/site-packages/fastf1/logger.py", line 151, in __wrapped
    return func(*args, **kwargs)
           ^^^^^^^^^^^^^^^^^^^^^
  File "/Users/ompatel/Downloads/RacinglinAi/.venv/lib/python3.11/site-packages/fastf1/core.py", line 2052, in _load_session_status_data
    session_status = api.session_status_data(self.api_path,
                     ^^^^^^^^^^^^^^^^^^^^^^^^^^^^^^^^^^^^^^
  File "/Users/ompatel/Downloads/RacinglinAi/.venv/lib/python3.11/site-packages/fastf1/req.py", line 479, in _cached_api_request
    data = func(api_path, **func_kwargs)
           ^^^^^^^^^^^^^^^^^^^^^^^^^^^^^
  File "/Users/ompatel/Downloads/RacinglinAi/.venv/lib/python3.11/site-packages/fastf1/_api.py", line 1333, in session_status_data
    raise SessionNotAvailableError(
fastf1._api.SessionNotAvailableError: No data for this session! If this session only finished recently, please try again in a few minutes.
2025-06-16 18:04:33,141 - INFO - No cached data found for lap_count. Loading data...
2025-06-16 18:04:33,142 - INFO - Fetching lap count data...
2025-06-16 18:04:33,449 - DEBUG - Falling back to livetiming mirror (https://livetiming-mirror.fastf1.dev)
2025-06-16 18:04:33,697 - WARNING - Failed to load total lap count!
2025-06-16 18:04:33,699 - DEBUG - Traceback for failure in total lap count
Traceback (most recent call last):
  File "/Users/ompatel/Downloads/RacinglinAi/.venv/lib/python3.11/site-packages/fastf1/logger.py", line 151, in __wrapped
    return func(*args, **kwargs)
           ^^^^^^^^^^^^^^^^^^^^^
  File "/Users/ompatel/Downloads/RacinglinAi/.venv/lib/python3.11/site-packages/fastf1/core.py", line 2034, in _load_total_lap_count
    lap_count = api.lap_count(self.api_path, livedata=livedata)
                ^^^^^^^^^^^^^^^^^^^^^^^^^^^^^^^^^^^^^^^^^^^^^^^
  File "/Users/ompatel/Downloads/RacinglinAi/.venv/lib/python3.11/site-packages/fastf1/req.py", line 479, in _cached_api_request
    data = func(api_path, **func_kwargs)
           ^^^^^^^^^^^^^^^^^^^^^^^^^^^^^
  File "/Users/ompatel/Downloads/RacinglinAi/.venv/lib/python3.11/site-packages/fastf1/_api.py", line 1476, in lap_count
    raise SessionNotAvailableError(
fastf1._api.SessionNotAvailableError: No data for this session! If this session only finished recently, please try again in a few minutes.
2025-06-16 18:04:33,700 - INFO - No cached data found for track_status_data. Loading data...
2025-06-16 18:04:33,701 - INFO - Fetching track status data...
2025-06-16 18:04:33,986 - DEBUG - Falling back to livetiming mirror (https://livetiming-mirror.fastf1.dev)
2025-06-16 18:04:34,246 - WARNING - Failed to load track status data!
2025-06-16 18:04:34,249 - DEBUG - Traceback for failure in track status data
Traceback (most recent call last):
  File "/Users/ompatel/Downloads/RacinglinAi/.venv/lib/python3.11/site-packages/fastf1/logger.py", line 151, in __wrapped
    return func(*args, **kwargs)
           ^^^^^^^^^^^^^^^^^^^^^
  File "/Users/ompatel/Downloads/RacinglinAi/.venv/lib/python3.11/site-packages/fastf1/core.py", line 2021, in _load_track_status_data
    track_status = api.track_status_data(self.api_path, livedata=livedata)
                   ^^^^^^^^^^^^^^^^^^^^^^^^^^^^^^^^^^^^^^^^^^^^^^^^^^^^^^^
  File "/Users/ompatel/Downloads/RacinglinAi/.venv/lib/python3.11/site-packages/fastf1/req.py", line 479, in _cached_api_request
    data = func(api_path, **func_kwargs)
           ^^^^^^^^^^^^^^^^^^^^^^^^^^^^^
  File "/Users/ompatel/Downloads/RacinglinAi/.venv/lib/python3.11/site-packages/fastf1/_api.py", line 1277, in track_status_data
    raise SessionNotAvailableError(
fastf1._api.SessionNotAvailableError: No data for this session! If this session only finished recently, please try again in a few minutes.
2025-06-16 18:04:34,250 - INFO - No cached data found for _extended_timing_data. Loading data...
2025-06-16 18:04:34,251 - INFO - Fetching timing data...
2025-06-16 18:04:34,540 - DEBUG - Falling back to livetiming mirror (https://livetiming-mirror.fastf1.dev)
2025-06-16 18:04:34,794 - WARNING - Failed to load timing data!
2025-06-16 18:04:34,794 - DEBUG - Traceback for failure in lap timing data
Traceback (most recent call last):
  File "/Users/ompatel/Downloads/RacinglinAi/.venv/lib/python3.11/site-packages/fastf1/logger.py", line 151, in __wrapped
    return func(*args, **kwargs)
           ^^^^^^^^^^^^^^^^^^^^^
  File "/Users/ompatel/Downloads/RacinglinAi/.venv/lib/python3.11/site-packages/fastf1/core.py", line 1476, in _load_laps_data
    = api._extended_timing_data(self.api_path, livedata=livedata)
      ^^^^^^^^^^^^^^^^^^^^^^^^^^^^^^^^^^^^^^^^^^^^^^^^^^^^^^^^^^^
  File "/Users/ompatel/Downloads/RacinglinAi/.venv/lib/python3.11/site-packages/fastf1/req.py", line 479, in _cached_api_request
    data = func(api_path, **func_kwargs)
           ^^^^^^^^^^^^^^^^^^^^^^^^^^^^^
  File "/Users/ompatel/Downloads/RacinglinAi/.venv/lib/python3.11/site-packages/fastf1/_api.py", line 200, in _extended_timing_data
    raise SessionNotAvailableError(
fastf1._api.SessionNotAvailableError: No data for this session! If this session only finished recently, please try again in a few minutes.
2025-06-16 18:04:34,921 - WARNING - Cannot load lap times for first lap from Ergast. Timing data is not available for this session.
2025-06-16 18:04:34,921 - INFO - No cached data found for car_data. Loading data...
2025-06-16 18:04:34,922 - INFO - Fetching car data...
2025-06-16 18:04:35,337 - DEBUG - Falling back to livetiming mirror (https://livetiming-mirror.fastf1.dev)
2025-06-16 18:04:35,560 - WARNING - Car telemetry data is unavailable!
2025-06-16 18:04:35,562 - INFO - No cached data found for position_data. Loading data...
2025-06-16 18:04:35,563 - INFO - Fetching position data...
2025-06-16 18:04:35,853 - DEBUG - Falling back to livetiming mirror (https://livetiming-mirror.fastf1.dev)
2025-06-16 18:04:36,069 - WARNING - Car position data is unavailable!
2025-06-16 18:04:36,070 - WARNING - Failed to determine `Session.t0_date`!
2025-06-16 18:04:36,072 - INFO - No cached data found for weather_data. Loading data...
2025-06-16 18:04:36,073 - INFO - Fetching weather data...
2025-06-16 18:04:36,393 - DEBUG - Falling back to livetiming mirror (https://livetiming-mirror.fastf1.dev)
2025-06-16 18:04:36,619 - WARNING - Failed to load weather data!
2025-06-16 18:04:36,620 - DEBUG - Traceback for failure in weather data
Traceback (most recent call last):
  File "/Users/ompatel/Downloads/RacinglinAi/.venv/lib/python3.11/site-packages/fastf1/logger.py", line 151, in __wrapped
    return func(*args, **kwargs)
           ^^^^^^^^^^^^^^^^^^^^^
  File "/Users/ompatel/Downloads/RacinglinAi/.venv/lib/python3.11/site-packages/fastf1/core.py", line 2442, in _load_weather_data
    weather_data = api.weather_data(self.api_path, livedata=livedata)
                   ^^^^^^^^^^^^^^^^^^^^^^^^^^^^^^^^^^^^^^^^^^^^^^^^^^
  File "/Users/ompatel/Downloads/RacinglinAi/.venv/lib/python3.11/site-packages/fastf1/req.py", line 479, in _cached_api_request
    data = func(api_path, **func_kwargs)
           ^^^^^^^^^^^^^^^^^^^^^^^^^^^^^
  File "/Users/ompatel/Downloads/RacinglinAi/.venv/lib/python3.11/site-packages/fastf1/_api.py", line 1613, in weather_data
    raise SessionNotAvailableError(
fastf1._api.SessionNotAvailableError: No data for this session! If this session only finished recently, please try again in a few minutes.
2025-06-16 18:04:36,622 - INFO - No cached data found for race_control_messages. Loading data...
2025-06-16 18:04:36,623 - INFO - Fetching race control messages...
2025-06-16 18:04:36,969 - DEBUG - Falling back to livetiming mirror (https://livetiming-mirror.fastf1.dev)
2025-06-16 18:04:37,210 - WARNING - Failed to load race control messages!
2025-06-16 18:04:37,211 - DEBUG - Traceback for failure in race control messages
Traceback (most recent call last):
  File "/Users/ompatel/Downloads/RacinglinAi/.venv/lib/python3.11/site-packages/fastf1/logger.py", line 151, in __wrapped
    return func(*args, **kwargs)
           ^^^^^^^^^^^^^^^^^^^^^
  File "/Users/ompatel/Downloads/RacinglinAi/.venv/lib/python3.11/site-packages/fastf1/core.py", line 2449, in _load_race_control_messages
    race_control_messages = api.race_control_messages(self.api_path,
                            ^^^^^^^^^^^^^^^^^^^^^^^^^^^^^^^^^^^^^^^^
  File "/Users/ompatel/Downloads/RacinglinAi/.venv/lib/python3.11/site-packages/fastf1/req.py", line 479, in _cached_api_request
    data = func(api_path, **func_kwargs)
           ^^^^^^^^^^^^^^^^^^^^^^^^^^^^^
  File "/Users/ompatel/Downloads/RacinglinAi/.venv/lib/python3.11/site-packages/fastf1/_api.py", line 1404, in race_control_messages
    raise SessionNotAvailableError(
fastf1._api.SessionNotAvailableError: No data for this session! If this session only finished recently, please try again in a few minutes.
2025-06-16 18:04:37,214 - INFO - Finished loading data for 0 drivers: []
2025-06-16 18:04:37,215 - ERROR - [PROCESS FAIL] austrian_grand_prix: The data you are trying to access has not been loaded yet. See `Session.load`
2025-06-16 18:04:37,238 - INFO - Loading data for British Grand Prix - Race [v3.5.3]
2025-06-16 18:04:37,239 - INFO - No cached data found for session_info. Loading data...
2025-06-16 18:04:37,239 - INFO - Fetching session info data...
2025-06-16 18:04:37,514 - DEBUG - Falling back to livetiming mirror (https://livetiming-mirror.fastf1.dev)
2025-06-16 18:04:37,718 - WARNING - Failed to load session info data!
2025-06-16 18:04:37,719 - DEBUG - Traceback for failure in session info data
Traceback (most recent call last):
  File "/Users/ompatel/Downloads/RacinglinAi/.venv/lib/python3.11/site-packages/fastf1/logger.py", line 151, in __wrapped
    return func(*args, **kwargs)
           ^^^^^^^^^^^^^^^^^^^^^
  File "/Users/ompatel/Downloads/RacinglinAi/.venv/lib/python3.11/site-packages/fastf1/core.py", line 1470, in _load_session_info
    self._session_info = api.session_info(self.api_path,
                         ^^^^^^^^^^^^^^^^^^^^^^^^^^^^^^^
  File "/Users/ompatel/Downloads/RacinglinAi/.venv/lib/python3.11/site-packages/fastf1/req.py", line 479, in _cached_api_request
    data = func(api_path, **func_kwargs)
           ^^^^^^^^^^^^^^^^^^^^^^^^^^^^^
  File "/Users/ompatel/Downloads/RacinglinAi/.venv/lib/python3.11/site-packages/fastf1/_api.py", line 1687, in session_info
    raise SessionNotAvailableError(
fastf1._api.SessionNotAvailableError: No data for this session! If this session only finished recently, please try again in a few minutes.
2025-06-16 18:04:37,720 - INFO - No cached data found for driver_info. Loading data...
2025-06-16 18:04:37,721 - INFO - Fetching driver list...
2025-06-16 18:04:37,922 - DEBUG - Falling back to livetiming mirror (https://livetiming-mirror.fastf1.dev)
2025-06-16 18:04:38,250 - WARNING - Failed to load extended driver information!
2025-06-16 18:04:38,251 - DEBUG - Exception while loading driver list
Traceback (most recent call last):
  File "/Users/ompatel/Downloads/RacinglinAi/.venv/lib/python3.11/site-packages/fastf1/core.py", line 2291, in _drivers_from_f1_api
    f1di = api.driver_info(self.api_path, livedata=livedata)
           ^^^^^^^^^^^^^^^^^^^^^^^^^^^^^^^^^^^^^^^^^^^^^^^^^
  File "/Users/ompatel/Downloads/RacinglinAi/.venv/lib/python3.11/site-packages/fastf1/req.py", line 479, in _cached_api_request
    data = func(api_path, **func_kwargs)
           ^^^^^^^^^^^^^^^^^^^^^^^^^^^^^
  File "/Users/ompatel/Downloads/RacinglinAi/.venv/lib/python3.11/site-packages/fastf1/_api.py", line 1535, in driver_info
    raise SessionNotAvailableError(
fastf1._api.SessionNotAvailableError: No data for this session! If this session only finished recently, please try again in a few minutes.
2025-06-16 18:04:38,399 - WARNING - No result data for this session available on Ergast! (This is expected for recent sessions)
2025-06-16 18:04:38,400 - WARNING - Failed to load driver list and session results!
2025-06-16 18:04:38,409 - INFO - No cached data found for session_status_data. Loading data...
2025-06-16 18:04:38,410 - INFO - Fetching session status data...
2025-06-16 18:04:38,793 - DEBUG - Falling back to livetiming mirror (https://livetiming-mirror.fastf1.dev)
2025-06-16 18:04:39,024 - WARNING - Failed to load session status data!
2025-06-16 18:04:39,026 - DEBUG - Traceback for failure in session status data
Traceback (most recent call last):
  File "/Users/ompatel/Downloads/RacinglinAi/.venv/lib/python3.11/site-packages/fastf1/logger.py", line 151, in __wrapped
    return func(*args, **kwargs)
           ^^^^^^^^^^^^^^^^^^^^^
  File "/Users/ompatel/Downloads/RacinglinAi/.venv/lib/python3.11/site-packages/fastf1/core.py", line 2052, in _load_session_status_data
    session_status = api.session_status_data(self.api_path,
                     ^^^^^^^^^^^^^^^^^^^^^^^^^^^^^^^^^^^^^^
  File "/Users/ompatel/Downloads/RacinglinAi/.venv/lib/python3.11/site-packages/fastf1/req.py", line 479, in _cached_api_request
    data = func(api_path, **func_kwargs)
           ^^^^^^^^^^^^^^^^^^^^^^^^^^^^^
  File "/Users/ompatel/Downloads/RacinglinAi/.venv/lib/python3.11/site-packages/fastf1/_api.py", line 1333, in session_status_data
    raise SessionNotAvailableError(
fastf1._api.SessionNotAvailableError: No data for this session! If this session only finished recently, please try again in a few minutes.
2025-06-16 18:04:39,027 - INFO - No cached data found for lap_count. Loading data...
2025-06-16 18:04:39,028 - INFO - Fetching lap count data...
2025-06-16 18:04:39,334 - DEBUG - Falling back to livetiming mirror (https://livetiming-mirror.fastf1.dev)
2025-06-16 18:04:39,536 - WARNING - Failed to load total lap count!
2025-06-16 18:04:39,537 - DEBUG - Traceback for failure in total lap count
Traceback (most recent call last):
  File "/Users/ompatel/Downloads/RacinglinAi/.venv/lib/python3.11/site-packages/fastf1/logger.py", line 151, in __wrapped
    return func(*args, **kwargs)
           ^^^^^^^^^^^^^^^^^^^^^
  File "/Users/ompatel/Downloads/RacinglinAi/.venv/lib/python3.11/site-packages/fastf1/core.py", line 2034, in _load_total_lap_count
    lap_count = api.lap_count(self.api_path, livedata=livedata)
                ^^^^^^^^^^^^^^^^^^^^^^^^^^^^^^^^^^^^^^^^^^^^^^^
  File "/Users/ompatel/Downloads/RacinglinAi/.venv/lib/python3.11/site-packages/fastf1/req.py", line 479, in _cached_api_request
    data = func(api_path, **func_kwargs)
           ^^^^^^^^^^^^^^^^^^^^^^^^^^^^^
  File "/Users/ompatel/Downloads/RacinglinAi/.venv/lib/python3.11/site-packages/fastf1/_api.py", line 1476, in lap_count
    raise SessionNotAvailableError(
fastf1._api.SessionNotAvailableError: No data for this session! If this session only finished recently, please try again in a few minutes.
2025-06-16 18:04:39,539 - INFO - No cached data found for track_status_data. Loading data...
2025-06-16 18:04:39,540 - INFO - Fetching track status data...
2025-06-16 18:04:39,878 - DEBUG - Falling back to livetiming mirror (https://livetiming-mirror.fastf1.dev)
2025-06-16 18:04:40,111 - WARNING - Failed to load track status data!
2025-06-16 18:04:40,112 - DEBUG - Traceback for failure in track status data
Traceback (most recent call last):
  File "/Users/ompatel/Downloads/RacinglinAi/.venv/lib/python3.11/site-packages/fastf1/logger.py", line 151, in __wrapped
    return func(*args, **kwargs)
           ^^^^^^^^^^^^^^^^^^^^^
  File "/Users/ompatel/Downloads/RacinglinAi/.venv/lib/python3.11/site-packages/fastf1/core.py", line 2021, in _load_track_status_data
    track_status = api.track_status_data(self.api_path, livedata=livedata)
                   ^^^^^^^^^^^^^^^^^^^^^^^^^^^^^^^^^^^^^^^^^^^^^^^^^^^^^^^
  File "/Users/ompatel/Downloads/RacinglinAi/.venv/lib/python3.11/site-packages/fastf1/req.py", line 479, in _cached_api_request
    data = func(api_path, **func_kwargs)
           ^^^^^^^^^^^^^^^^^^^^^^^^^^^^^
  File "/Users/ompatel/Downloads/RacinglinAi/.venv/lib/python3.11/site-packages/fastf1/_api.py", line 1277, in track_status_data
    raise SessionNotAvailableError(
fastf1._api.SessionNotAvailableError: No data for this session! If this session only finished recently, please try again in a few minutes.
2025-06-16 18:04:40,113 - INFO - No cached data found for _extended_timing_data. Loading data...
2025-06-16 18:04:40,113 - INFO - Fetching timing data...
2025-06-16 18:04:40,437 - DEBUG - Falling back to livetiming mirror (https://livetiming-mirror.fastf1.dev)
2025-06-16 18:04:40,657 - WARNING - Failed to load timing data!
2025-06-16 18:04:40,659 - DEBUG - Traceback for failure in lap timing data
Traceback (most recent call last):
  File "/Users/ompatel/Downloads/RacinglinAi/.venv/lib/python3.11/site-packages/fastf1/logger.py", line 151, in __wrapped
    return func(*args, **kwargs)
           ^^^^^^^^^^^^^^^^^^^^^
  File "/Users/ompatel/Downloads/RacinglinAi/.venv/lib/python3.11/site-packages/fastf1/core.py", line 1476, in _load_laps_data
    = api._extended_timing_data(self.api_path, livedata=livedata)
      ^^^^^^^^^^^^^^^^^^^^^^^^^^^^^^^^^^^^^^^^^^^^^^^^^^^^^^^^^^^
  File "/Users/ompatel/Downloads/RacinglinAi/.venv/lib/python3.11/site-packages/fastf1/req.py", line 479, in _cached_api_request
    data = func(api_path, **func_kwargs)
           ^^^^^^^^^^^^^^^^^^^^^^^^^^^^^
  File "/Users/ompatel/Downloads/RacinglinAi/.venv/lib/python3.11/site-packages/fastf1/_api.py", line 200, in _extended_timing_data
    raise SessionNotAvailableError(
fastf1._api.SessionNotAvailableError: No data for this session! If this session only finished recently, please try again in a few minutes.
2025-06-16 18:04:40,817 - WARNING - Cannot load lap times for first lap from Ergast. Timing data is not available for this session.
2025-06-16 18:04:40,819 - INFO - No cached data found for car_data. Loading data...
2025-06-16 18:04:40,819 - INFO - Fetching car data...
2025-06-16 18:04:41,234 - DEBUG - Falling back to livetiming mirror (https://livetiming-mirror.fastf1.dev)
2025-06-16 18:04:41,491 - WARNING - Car telemetry data is unavailable!
2025-06-16 18:04:41,493 - INFO - No cached data found for position_data. Loading data...
2025-06-16 18:04:41,493 - INFO - Fetching position data...
2025-06-16 18:04:41,775 - DEBUG - Falling back to livetiming mirror (https://livetiming-mirror.fastf1.dev)
2025-06-16 18:04:42,010 - WARNING - Car position data is unavailable!
2025-06-16 18:04:42,011 - WARNING - Failed to determine `Session.t0_date`!
2025-06-16 18:04:42,012 - INFO - No cached data found for weather_data. Loading data...
2025-06-16 18:04:42,012 - INFO - Fetching weather data...
2025-06-16 18:04:42,182 - DEBUG - Falling back to livetiming mirror (https://livetiming-mirror.fastf1.dev)
2025-06-16 18:04:42,501 - WARNING - Failed to load weather data!
2025-06-16 18:04:42,501 - DEBUG - Traceback for failure in weather data
Traceback (most recent call last):
  File "/Users/ompatel/Downloads/RacinglinAi/.venv/lib/python3.11/site-packages/fastf1/logger.py", line 151, in __wrapped
    return func(*args, **kwargs)
           ^^^^^^^^^^^^^^^^^^^^^
  File "/Users/ompatel/Downloads/RacinglinAi/.venv/lib/python3.11/site-packages/fastf1/core.py", line 2442, in _load_weather_data
    weather_data = api.weather_data(self.api_path, livedata=livedata)
                   ^^^^^^^^^^^^^^^^^^^^^^^^^^^^^^^^^^^^^^^^^^^^^^^^^^
  File "/Users/ompatel/Downloads/RacinglinAi/.venv/lib/python3.11/site-packages/fastf1/req.py", line 479, in _cached_api_request
    data = func(api_path, **func_kwargs)
           ^^^^^^^^^^^^^^^^^^^^^^^^^^^^^
  File "/Users/ompatel/Downloads/RacinglinAi/.venv/lib/python3.11/site-packages/fastf1/_api.py", line 1613, in weather_data
    raise SessionNotAvailableError(
fastf1._api.SessionNotAvailableError: No data for this session! If this session only finished recently, please try again in a few minutes.
2025-06-16 18:04:42,502 - INFO - No cached data found for race_control_messages. Loading data...
2025-06-16 18:04:42,502 - INFO - Fetching race control messages...
2025-06-16 18:04:42,823 - DEBUG - Falling back to livetiming mirror (https://livetiming-mirror.fastf1.dev)
2025-06-16 18:04:43,054 - WARNING - Failed to load race control messages!
2025-06-16 18:04:43,055 - DEBUG - Traceback for failure in race control messages
Traceback (most recent call last):
  File "/Users/ompatel/Downloads/RacinglinAi/.venv/lib/python3.11/site-packages/fastf1/logger.py", line 151, in __wrapped
    return func(*args, **kwargs)
           ^^^^^^^^^^^^^^^^^^^^^
  File "/Users/ompatel/Downloads/RacinglinAi/.venv/lib/python3.11/site-packages/fastf1/core.py", line 2449, in _load_race_control_messages
    race_control_messages = api.race_control_messages(self.api_path,
                            ^^^^^^^^^^^^^^^^^^^^^^^^^^^^^^^^^^^^^^^^
  File "/Users/ompatel/Downloads/RacinglinAi/.venv/lib/python3.11/site-packages/fastf1/req.py", line 479, in _cached_api_request
    data = func(api_path, **func_kwargs)
           ^^^^^^^^^^^^^^^^^^^^^^^^^^^^^
  File "/Users/ompatel/Downloads/RacinglinAi/.venv/lib/python3.11/site-packages/fastf1/_api.py", line 1404, in race_control_messages
    raise SessionNotAvailableError(
fastf1._api.SessionNotAvailableError: No data for this session! If this session only finished recently, please try again in a few minutes.
2025-06-16 18:04:43,059 - INFO - Finished loading data for 0 drivers: []
2025-06-16 18:04:43,060 - ERROR - [PROCESS FAIL] british_grand_prix: The data you are trying to access has not been loaded yet. See `Session.load`
2025-06-16 18:04:43,083 - INFO - Loading data for Hungarian Grand Prix - Race [v3.5.3]
2025-06-16 18:04:43,084 - INFO - No cached data found for session_info. Loading data...
2025-06-16 18:04:43,084 - INFO - Fetching session info data...
2025-06-16 18:04:43,367 - DEBUG - Falling back to livetiming mirror (https://livetiming-mirror.fastf1.dev)
2025-06-16 18:04:43,601 - WARNING - Failed to load session info data!
2025-06-16 18:04:43,603 - DEBUG - Traceback for failure in session info data
Traceback (most recent call last):
  File "/Users/ompatel/Downloads/RacinglinAi/.venv/lib/python3.11/site-packages/fastf1/logger.py", line 151, in __wrapped
    return func(*args, **kwargs)
           ^^^^^^^^^^^^^^^^^^^^^
  File "/Users/ompatel/Downloads/RacinglinAi/.venv/lib/python3.11/site-packages/fastf1/core.py", line 1470, in _load_session_info
    self._session_info = api.session_info(self.api_path,
                         ^^^^^^^^^^^^^^^^^^^^^^^^^^^^^^^
  File "/Users/ompatel/Downloads/RacinglinAi/.venv/lib/python3.11/site-packages/fastf1/req.py", line 479, in _cached_api_request
    data = func(api_path, **func_kwargs)
           ^^^^^^^^^^^^^^^^^^^^^^^^^^^^^
  File "/Users/ompatel/Downloads/RacinglinAi/.venv/lib/python3.11/site-packages/fastf1/_api.py", line 1687, in session_info
    raise SessionNotAvailableError(
fastf1._api.SessionNotAvailableError: No data for this session! If this session only finished recently, please try again in a few minutes.
2025-06-16 18:04:43,606 - INFO - No cached data found for driver_info. Loading data...
2025-06-16 18:04:43,606 - INFO - Fetching driver list...
2025-06-16 18:04:43,908 - DEBUG - Falling back to livetiming mirror (https://livetiming-mirror.fastf1.dev)
2025-06-16 18:04:44,144 - WARNING - Failed to load extended driver information!
2025-06-16 18:04:44,145 - DEBUG - Exception while loading driver list
Traceback (most recent call last):
  File "/Users/ompatel/Downloads/RacinglinAi/.venv/lib/python3.11/site-packages/fastf1/core.py", line 2291, in _drivers_from_f1_api
    f1di = api.driver_info(self.api_path, livedata=livedata)
           ^^^^^^^^^^^^^^^^^^^^^^^^^^^^^^^^^^^^^^^^^^^^^^^^^
  File "/Users/ompatel/Downloads/RacinglinAi/.venv/lib/python3.11/site-packages/fastf1/req.py", line 479, in _cached_api_request
    data = func(api_path, **func_kwargs)
           ^^^^^^^^^^^^^^^^^^^^^^^^^^^^^
  File "/Users/ompatel/Downloads/RacinglinAi/.venv/lib/python3.11/site-packages/fastf1/_api.py", line 1535, in driver_info
    raise SessionNotAvailableError(
fastf1._api.SessionNotAvailableError: No data for this session! If this session only finished recently, please try again in a few minutes.
2025-06-16 18:04:44,285 - WARNING - No result data for this session available on Ergast! (This is expected for recent sessions)
2025-06-16 18:04:44,286 - WARNING - Failed to load driver list and session results!
2025-06-16 18:04:44,292 - INFO - No cached data found for session_status_data. Loading data...
2025-06-16 18:04:44,292 - INFO - Fetching session status data...
2025-06-16 18:04:44,686 - DEBUG - Falling back to livetiming mirror (https://livetiming-mirror.fastf1.dev)
2025-06-16 18:04:44,898 - WARNING - Failed to load session status data!
2025-06-16 18:04:44,898 - DEBUG - Traceback for failure in session status data
Traceback (most recent call last):
  File "/Users/ompatel/Downloads/RacinglinAi/.venv/lib/python3.11/site-packages/fastf1/logger.py", line 151, in __wrapped
    return func(*args, **kwargs)
           ^^^^^^^^^^^^^^^^^^^^^
  File "/Users/ompatel/Downloads/RacinglinAi/.venv/lib/python3.11/site-packages/fastf1/core.py", line 2052, in _load_session_status_data
    session_status = api.session_status_data(self.api_path,
                     ^^^^^^^^^^^^^^^^^^^^^^^^^^^^^^^^^^^^^^
  File "/Users/ompatel/Downloads/RacinglinAi/.venv/lib/python3.11/site-packages/fastf1/req.py", line 479, in _cached_api_request
    data = func(api_path, **func_kwargs)
           ^^^^^^^^^^^^^^^^^^^^^^^^^^^^^
  File "/Users/ompatel/Downloads/RacinglinAi/.venv/lib/python3.11/site-packages/fastf1/_api.py", line 1333, in session_status_data
    raise SessionNotAvailableError(
fastf1._api.SessionNotAvailableError: No data for this session! If this session only finished recently, please try again in a few minutes.
2025-06-16 18:04:44,899 - INFO - No cached data found for lap_count. Loading data...
2025-06-16 18:04:44,899 - INFO - Fetching lap count data...
2025-06-16 18:04:45,221 - DEBUG - Falling back to livetiming mirror (https://livetiming-mirror.fastf1.dev)
2025-06-16 18:04:45,426 - WARNING - Failed to load total lap count!
2025-06-16 18:04:45,427 - DEBUG - Traceback for failure in total lap count
Traceback (most recent call last):
  File "/Users/ompatel/Downloads/RacinglinAi/.venv/lib/python3.11/site-packages/fastf1/logger.py", line 151, in __wrapped
    return func(*args, **kwargs)
           ^^^^^^^^^^^^^^^^^^^^^
  File "/Users/ompatel/Downloads/RacinglinAi/.venv/lib/python3.11/site-packages/fastf1/core.py", line 2034, in _load_total_lap_count
    lap_count = api.lap_count(self.api_path, livedata=livedata)
                ^^^^^^^^^^^^^^^^^^^^^^^^^^^^^^^^^^^^^^^^^^^^^^^
  File "/Users/ompatel/Downloads/RacinglinAi/.venv/lib/python3.11/site-packages/fastf1/req.py", line 479, in _cached_api_request
    data = func(api_path, **func_kwargs)
           ^^^^^^^^^^^^^^^^^^^^^^^^^^^^^
  File "/Users/ompatel/Downloads/RacinglinAi/.venv/lib/python3.11/site-packages/fastf1/_api.py", line 1476, in lap_count
    raise SessionNotAvailableError(
fastf1._api.SessionNotAvailableError: No data for this session! If this session only finished recently, please try again in a few minutes.
2025-06-16 18:04:45,428 - INFO - No cached data found for track_status_data. Loading data...
2025-06-16 18:04:45,429 - INFO - Fetching track status data...
2025-06-16 18:04:45,759 - DEBUG - Falling back to livetiming mirror (https://livetiming-mirror.fastf1.dev)
2025-06-16 18:04:45,986 - WARNING - Failed to load track status data!
2025-06-16 18:04:45,987 - DEBUG - Traceback for failure in track status data
Traceback (most recent call last):
  File "/Users/ompatel/Downloads/RacinglinAi/.venv/lib/python3.11/site-packages/fastf1/logger.py", line 151, in __wrapped
    return func(*args, **kwargs)
           ^^^^^^^^^^^^^^^^^^^^^
  File "/Users/ompatel/Downloads/RacinglinAi/.venv/lib/python3.11/site-packages/fastf1/core.py", line 2021, in _load_track_status_data
    track_status = api.track_status_data(self.api_path, livedata=livedata)
                   ^^^^^^^^^^^^^^^^^^^^^^^^^^^^^^^^^^^^^^^^^^^^^^^^^^^^^^^
  File "/Users/ompatel/Downloads/RacinglinAi/.venv/lib/python3.11/site-packages/fastf1/req.py", line 479, in _cached_api_request
    data = func(api_path, **func_kwargs)
           ^^^^^^^^^^^^^^^^^^^^^^^^^^^^^
  File "/Users/ompatel/Downloads/RacinglinAi/.venv/lib/python3.11/site-packages/fastf1/_api.py", line 1277, in track_status_data
    raise SessionNotAvailableError(
fastf1._api.SessionNotAvailableError: No data for this session! If this session only finished recently, please try again in a few minutes.
2025-06-16 18:04:45,989 - INFO - No cached data found for _extended_timing_data. Loading data...
2025-06-16 18:04:45,990 - INFO - Fetching timing data...
2025-06-16 18:04:46,286 - DEBUG - Falling back to livetiming mirror (https://livetiming-mirror.fastf1.dev)
2025-06-16 18:04:46,518 - WARNING - Failed to load timing data!
2025-06-16 18:04:46,519 - DEBUG - Traceback for failure in lap timing data
Traceback (most recent call last):
  File "/Users/ompatel/Downloads/RacinglinAi/.venv/lib/python3.11/site-packages/fastf1/logger.py", line 151, in __wrapped
    return func(*args, **kwargs)
           ^^^^^^^^^^^^^^^^^^^^^
  File "/Users/ompatel/Downloads/RacinglinAi/.venv/lib/python3.11/site-packages/fastf1/core.py", line 1476, in _load_laps_data
    = api._extended_timing_data(self.api_path, livedata=livedata)
      ^^^^^^^^^^^^^^^^^^^^^^^^^^^^^^^^^^^^^^^^^^^^^^^^^^^^^^^^^^^
  File "/Users/ompatel/Downloads/RacinglinAi/.venv/lib/python3.11/site-packages/fastf1/req.py", line 479, in _cached_api_request
    data = func(api_path, **func_kwargs)
           ^^^^^^^^^^^^^^^^^^^^^^^^^^^^^
  File "/Users/ompatel/Downloads/RacinglinAi/.venv/lib/python3.11/site-packages/fastf1/_api.py", line 200, in _extended_timing_data
    raise SessionNotAvailableError(
fastf1._api.SessionNotAvailableError: No data for this session! If this session only finished recently, please try again in a few minutes.
2025-06-16 18:04:46,671 - WARNING - Cannot load lap times for first lap from Ergast. Timing data is not available for this session.
2025-06-16 18:04:46,672 - INFO - No cached data found for car_data. Loading data...
2025-06-16 18:04:46,673 - INFO - Fetching car data...
2025-06-16 18:04:47,082 - DEBUG - Falling back to livetiming mirror (https://livetiming-mirror.fastf1.dev)
2025-06-16 18:04:47,325 - WARNING - Car telemetry data is unavailable!
2025-06-16 18:04:47,327 - INFO - No cached data found for position_data. Loading data...
2025-06-16 18:04:47,327 - INFO - Fetching position data...
2025-06-16 18:04:47,627 - DEBUG - Falling back to livetiming mirror (https://livetiming-mirror.fastf1.dev)
2025-06-16 18:04:47,839 - WARNING - Car position data is unavailable!
2025-06-16 18:04:47,840 - WARNING - Failed to determine `Session.t0_date`!
2025-06-16 18:04:47,841 - INFO - No cached data found for weather_data. Loading data...
2025-06-16 18:04:47,841 - INFO - Fetching weather data...
2025-06-16 18:04:48,181 - DEBUG - Falling back to livetiming mirror (https://livetiming-mirror.fastf1.dev)
2025-06-16 18:04:48,402 - WARNING - Failed to load weather data!
2025-06-16 18:04:48,403 - DEBUG - Traceback for failure in weather data
Traceback (most recent call last):
  File "/Users/ompatel/Downloads/RacinglinAi/.venv/lib/python3.11/site-packages/fastf1/logger.py", line 151, in __wrapped
    return func(*args, **kwargs)
           ^^^^^^^^^^^^^^^^^^^^^
  File "/Users/ompatel/Downloads/RacinglinAi/.venv/lib/python3.11/site-packages/fastf1/core.py", line 2442, in _load_weather_data
    weather_data = api.weather_data(self.api_path, livedata=livedata)
                   ^^^^^^^^^^^^^^^^^^^^^^^^^^^^^^^^^^^^^^^^^^^^^^^^^^
  File "/Users/ompatel/Downloads/RacinglinAi/.venv/lib/python3.11/site-packages/fastf1/req.py", line 479, in _cached_api_request
    data = func(api_path, **func_kwargs)
           ^^^^^^^^^^^^^^^^^^^^^^^^^^^^^
  File "/Users/ompatel/Downloads/RacinglinAi/.venv/lib/python3.11/site-packages/fastf1/_api.py", line 1613, in weather_data
    raise SessionNotAvailableError(
fastf1._api.SessionNotAvailableError: No data for this session! If this session only finished recently, please try again in a few minutes.
2025-06-16 18:04:48,406 - INFO - No cached data found for race_control_messages. Loading data...
2025-06-16 18:04:48,407 - INFO - Fetching race control messages...
2025-06-16 18:04:48,713 - DEBUG - Falling back to livetiming mirror (https://livetiming-mirror.fastf1.dev)
2025-06-16 18:04:48,926 - WARNING - Failed to load race control messages!
2025-06-16 18:04:48,928 - DEBUG - Traceback for failure in race control messages
Traceback (most recent call last):
  File "/Users/ompatel/Downloads/RacinglinAi/.venv/lib/python3.11/site-packages/fastf1/logger.py", line 151, in __wrapped
    return func(*args, **kwargs)
           ^^^^^^^^^^^^^^^^^^^^^
  File "/Users/ompatel/Downloads/RacinglinAi/.venv/lib/python3.11/site-packages/fastf1/core.py", line 2449, in _load_race_control_messages
    race_control_messages = api.race_control_messages(self.api_path,
                            ^^^^^^^^^^^^^^^^^^^^^^^^^^^^^^^^^^^^^^^^
  File "/Users/ompatel/Downloads/RacinglinAi/.venv/lib/python3.11/site-packages/fastf1/req.py", line 479, in _cached_api_request
    data = func(api_path, **func_kwargs)
           ^^^^^^^^^^^^^^^^^^^^^^^^^^^^^
  File "/Users/ompatel/Downloads/RacinglinAi/.venv/lib/python3.11/site-packages/fastf1/_api.py", line 1404, in race_control_messages
    raise SessionNotAvailableError(
fastf1._api.SessionNotAvailableError: No data for this session! If this session only finished recently, please try again in a few minutes.
2025-06-16 18:04:48,932 - INFO - Finished loading data for 0 drivers: []
2025-06-16 18:04:48,933 - ERROR - [PROCESS FAIL] hungarian_grand_prix: The data you are trying to access has not been loaded yet. See `Session.load`
2025-06-16 18:04:48,954 - INFO - Loading data for Dutch Grand Prix - Race [v3.5.3]
2025-06-16 18:04:48,955 - INFO - No cached data found for session_info. Loading data...
2025-06-16 18:04:48,955 - INFO - Fetching session info data...
2025-06-16 18:04:49,252 - DEBUG - Falling back to livetiming mirror (https://livetiming-mirror.fastf1.dev)
2025-06-16 18:04:49,466 - WARNING - Failed to load session info data!
2025-06-16 18:04:49,468 - DEBUG - Traceback for failure in session info data
Traceback (most recent call last):
  File "/Users/ompatel/Downloads/RacinglinAi/.venv/lib/python3.11/site-packages/fastf1/logger.py", line 151, in __wrapped
    return func(*args, **kwargs)
           ^^^^^^^^^^^^^^^^^^^^^
  File "/Users/ompatel/Downloads/RacinglinAi/.venv/lib/python3.11/site-packages/fastf1/core.py", line 1470, in _load_session_info
    self._session_info = api.session_info(self.api_path,
                         ^^^^^^^^^^^^^^^^^^^^^^^^^^^^^^^
  File "/Users/ompatel/Downloads/RacinglinAi/.venv/lib/python3.11/site-packages/fastf1/req.py", line 479, in _cached_api_request
    data = func(api_path, **func_kwargs)
           ^^^^^^^^^^^^^^^^^^^^^^^^^^^^^
  File "/Users/ompatel/Downloads/RacinglinAi/.venv/lib/python3.11/site-packages/fastf1/_api.py", line 1687, in session_info
    raise SessionNotAvailableError(
fastf1._api.SessionNotAvailableError: No data for this session! If this session only finished recently, please try again in a few minutes.
2025-06-16 18:04:49,469 - INFO - No cached data found for driver_info. Loading data...
2025-06-16 18:04:49,469 - INFO - Fetching driver list...
2025-06-16 18:04:49,793 - DEBUG - Falling back to livetiming mirror (https://livetiming-mirror.fastf1.dev)
2025-06-16 18:04:50,018 - WARNING - Failed to load extended driver information!
2025-06-16 18:04:50,019 - DEBUG - Exception while loading driver list
Traceback (most recent call last):
  File "/Users/ompatel/Downloads/RacinglinAi/.venv/lib/python3.11/site-packages/fastf1/core.py", line 2291, in _drivers_from_f1_api
    f1di = api.driver_info(self.api_path, livedata=livedata)
           ^^^^^^^^^^^^^^^^^^^^^^^^^^^^^^^^^^^^^^^^^^^^^^^^^
  File "/Users/ompatel/Downloads/RacinglinAi/.venv/lib/python3.11/site-packages/fastf1/req.py", line 479, in _cached_api_request
    data = func(api_path, **func_kwargs)
           ^^^^^^^^^^^^^^^^^^^^^^^^^^^^^
  File "/Users/ompatel/Downloads/RacinglinAi/.venv/lib/python3.11/site-packages/fastf1/_api.py", line 1535, in driver_info
    raise SessionNotAvailableError(
fastf1._api.SessionNotAvailableError: No data for this session! If this session only finished recently, please try again in a few minutes.
2025-06-16 18:04:50,166 - WARNING - No result data for this session available on Ergast! (This is expected for recent sessions)
2025-06-16 18:04:50,167 - WARNING - Failed to load driver list and session results!
2025-06-16 18:04:50,174 - INFO - No cached data found for session_status_data. Loading data...
2025-06-16 18:04:50,175 - INFO - Fetching session status data...
2025-06-16 18:04:50,594 - DEBUG - Falling back to livetiming mirror (https://livetiming-mirror.fastf1.dev)
2025-06-16 18:04:50,821 - WARNING - Failed to load session status data!
2025-06-16 18:04:50,823 - DEBUG - Traceback for failure in session status data
Traceback (most recent call last):
  File "/Users/ompatel/Downloads/RacinglinAi/.venv/lib/python3.11/site-packages/fastf1/logger.py", line 151, in __wrapped
    return func(*args, **kwargs)
           ^^^^^^^^^^^^^^^^^^^^^
  File "/Users/ompatel/Downloads/RacinglinAi/.venv/lib/python3.11/site-packages/fastf1/core.py", line 2052, in _load_session_status_data
    session_status = api.session_status_data(self.api_path,
                     ^^^^^^^^^^^^^^^^^^^^^^^^^^^^^^^^^^^^^^
  File "/Users/ompatel/Downloads/RacinglinAi/.venv/lib/python3.11/site-packages/fastf1/req.py", line 479, in _cached_api_request
    data = func(api_path, **func_kwargs)
           ^^^^^^^^^^^^^^^^^^^^^^^^^^^^^
  File "/Users/ompatel/Downloads/RacinglinAi/.venv/lib/python3.11/site-packages/fastf1/_api.py", line 1333, in session_status_data
    raise SessionNotAvailableError(
fastf1._api.SessionNotAvailableError: No data for this session! If this session only finished recently, please try again in a few minutes.
2025-06-16 18:04:50,825 - INFO - No cached data found for lap_count. Loading data...
2025-06-16 18:04:50,826 - INFO - Fetching lap count data...
2025-06-16 18:04:51,142 - DEBUG - Falling back to livetiming mirror (https://livetiming-mirror.fastf1.dev)
2025-06-16 18:04:51,360 - WARNING - Failed to load total lap count!
2025-06-16 18:04:51,362 - DEBUG - Traceback for failure in total lap count
Traceback (most recent call last):
  File "/Users/ompatel/Downloads/RacinglinAi/.venv/lib/python3.11/site-packages/fastf1/logger.py", line 151, in __wrapped
    return func(*args, **kwargs)
           ^^^^^^^^^^^^^^^^^^^^^
  File "/Users/ompatel/Downloads/RacinglinAi/.venv/lib/python3.11/site-packages/fastf1/core.py", line 2034, in _load_total_lap_count
    lap_count = api.lap_count(self.api_path, livedata=livedata)
                ^^^^^^^^^^^^^^^^^^^^^^^^^^^^^^^^^^^^^^^^^^^^^^^
  File "/Users/ompatel/Downloads/RacinglinAi/.venv/lib/python3.11/site-packages/fastf1/req.py", line 479, in _cached_api_request
    data = func(api_path, **func_kwargs)
           ^^^^^^^^^^^^^^^^^^^^^^^^^^^^^
  File "/Users/ompatel/Downloads/RacinglinAi/.venv/lib/python3.11/site-packages/fastf1/_api.py", line 1476, in lap_count
    raise SessionNotAvailableError(
fastf1._api.SessionNotAvailableError: No data for this session! If this session only finished recently, please try again in a few minutes.
2025-06-16 18:04:51,363 - INFO - No cached data found for track_status_data. Loading data...
2025-06-16 18:04:51,364 - INFO - Fetching track status data...
2025-06-16 18:04:51,683 - DEBUG - Falling back to livetiming mirror (https://livetiming-mirror.fastf1.dev)
2025-06-16 18:04:51,901 - WARNING - Failed to load track status data!
2025-06-16 18:04:51,901 - DEBUG - Traceback for failure in track status data
Traceback (most recent call last):
  File "/Users/ompatel/Downloads/RacinglinAi/.venv/lib/python3.11/site-packages/fastf1/logger.py", line 151, in __wrapped
    return func(*args, **kwargs)
           ^^^^^^^^^^^^^^^^^^^^^
  File "/Users/ompatel/Downloads/RacinglinAi/.venv/lib/python3.11/site-packages/fastf1/core.py", line 2021, in _load_track_status_data
    track_status = api.track_status_data(self.api_path, livedata=livedata)
                   ^^^^^^^^^^^^^^^^^^^^^^^^^^^^^^^^^^^^^^^^^^^^^^^^^^^^^^^
  File "/Users/ompatel/Downloads/RacinglinAi/.venv/lib/python3.11/site-packages/fastf1/req.py", line 479, in _cached_api_request
    data = func(api_path, **func_kwargs)
           ^^^^^^^^^^^^^^^^^^^^^^^^^^^^^
  File "/Users/ompatel/Downloads/RacinglinAi/.venv/lib/python3.11/site-packages/fastf1/_api.py", line 1277, in track_status_data
    raise SessionNotAvailableError(
fastf1._api.SessionNotAvailableError: No data for this session! If this session only finished recently, please try again in a few minutes.
2025-06-16 18:04:51,902 - INFO - No cached data found for _extended_timing_data. Loading data...
2025-06-16 18:04:51,903 - INFO - Fetching timing data...
2025-06-16 18:04:52,210 - DEBUG - Falling back to livetiming mirror (https://livetiming-mirror.fastf1.dev)
2025-06-16 18:04:52,412 - WARNING - Failed to load timing data!
2025-06-16 18:04:52,414 - DEBUG - Traceback for failure in lap timing data
Traceback (most recent call last):
  File "/Users/ompatel/Downloads/RacinglinAi/.venv/lib/python3.11/site-packages/fastf1/logger.py", line 151, in __wrapped
    return func(*args, **kwargs)
           ^^^^^^^^^^^^^^^^^^^^^
  File "/Users/ompatel/Downloads/RacinglinAi/.venv/lib/python3.11/site-packages/fastf1/core.py", line 1476, in _load_laps_data
    = api._extended_timing_data(self.api_path, livedata=livedata)
      ^^^^^^^^^^^^^^^^^^^^^^^^^^^^^^^^^^^^^^^^^^^^^^^^^^^^^^^^^^^
  File "/Users/ompatel/Downloads/RacinglinAi/.venv/lib/python3.11/site-packages/fastf1/req.py", line 479, in _cached_api_request
    data = func(api_path, **func_kwargs)
           ^^^^^^^^^^^^^^^^^^^^^^^^^^^^^
  File "/Users/ompatel/Downloads/RacinglinAi/.venv/lib/python3.11/site-packages/fastf1/_api.py", line 200, in _extended_timing_data
    raise SessionNotAvailableError(
fastf1._api.SessionNotAvailableError: No data for this session! If this session only finished recently, please try again in a few minutes.
2025-06-16 18:04:52,592 - WARNING - Cannot load lap times for first lap from Ergast. Timing data is not available for this session.
2025-06-16 18:04:52,593 - INFO - No cached data found for car_data. Loading data...
2025-06-16 18:04:52,594 - INFO - Fetching car data...
2025-06-16 18:04:52,871 - DEBUG - Falling back to livetiming mirror (https://livetiming-mirror.fastf1.dev)
2025-06-16 18:04:53,206 - WARNING - Car telemetry data is unavailable!
2025-06-16 18:04:53,208 - INFO - No cached data found for position_data. Loading data...
2025-06-16 18:04:53,209 - INFO - Fetching position data...
2025-06-16 18:04:53,500 - DEBUG - Falling back to livetiming mirror (https://livetiming-mirror.fastf1.dev)
2025-06-16 18:04:53,725 - WARNING - Car position data is unavailable!
2025-06-16 18:04:53,727 - WARNING - Failed to determine `Session.t0_date`!
2025-06-16 18:04:53,727 - INFO - No cached data found for weather_data. Loading data...
2025-06-16 18:04:53,728 - INFO - Fetching weather data...
2025-06-16 18:04:54,036 - DEBUG - Falling back to livetiming mirror (https://livetiming-mirror.fastf1.dev)
2025-06-16 18:04:54,279 - WARNING - Failed to load weather data!
2025-06-16 18:04:54,284 - DEBUG - Traceback for failure in weather data
Traceback (most recent call last):
  File "/Users/ompatel/Downloads/RacinglinAi/.venv/lib/python3.11/site-packages/fastf1/logger.py", line 151, in __wrapped
    return func(*args, **kwargs)
           ^^^^^^^^^^^^^^^^^^^^^
  File "/Users/ompatel/Downloads/RacinglinAi/.venv/lib/python3.11/site-packages/fastf1/core.py", line 2442, in _load_weather_data
    weather_data = api.weather_data(self.api_path, livedata=livedata)
                   ^^^^^^^^^^^^^^^^^^^^^^^^^^^^^^^^^^^^^^^^^^^^^^^^^^
  File "/Users/ompatel/Downloads/RacinglinAi/.venv/lib/python3.11/site-packages/fastf1/req.py", line 479, in _cached_api_request
    data = func(api_path, **func_kwargs)
           ^^^^^^^^^^^^^^^^^^^^^^^^^^^^^
  File "/Users/ompatel/Downloads/RacinglinAi/.venv/lib/python3.11/site-packages/fastf1/_api.py", line 1613, in weather_data
    raise SessionNotAvailableError(
fastf1._api.SessionNotAvailableError: No data for this session! If this session only finished recently, please try again in a few minutes.
2025-06-16 18:04:54,337 - INFO - No cached data found for race_control_messages. Loading data...
2025-06-16 18:04:54,362 - INFO - Fetching race control messages...
2025-06-16 18:04:54,651 - DEBUG - Falling back to livetiming mirror (https://livetiming-mirror.fastf1.dev)
2025-06-16 18:04:54,865 - WARNING - Failed to load race control messages!
2025-06-16 18:04:54,866 - DEBUG - Traceback for failure in race control messages
Traceback (most recent call last):
  File "/Users/ompatel/Downloads/RacinglinAi/.venv/lib/python3.11/site-packages/fastf1/logger.py", line 151, in __wrapped
    return func(*args, **kwargs)
           ^^^^^^^^^^^^^^^^^^^^^
  File "/Users/ompatel/Downloads/RacinglinAi/.venv/lib/python3.11/site-packages/fastf1/core.py", line 2449, in _load_race_control_messages
    race_control_messages = api.race_control_messages(self.api_path,
                            ^^^^^^^^^^^^^^^^^^^^^^^^^^^^^^^^^^^^^^^^
  File "/Users/ompatel/Downloads/RacinglinAi/.venv/lib/python3.11/site-packages/fastf1/req.py", line 479, in _cached_api_request
    data = func(api_path, **func_kwargs)
           ^^^^^^^^^^^^^^^^^^^^^^^^^^^^^
  File "/Users/ompatel/Downloads/RacinglinAi/.venv/lib/python3.11/site-packages/fastf1/_api.py", line 1404, in race_control_messages
    raise SessionNotAvailableError(
fastf1._api.SessionNotAvailableError: No data for this session! If this session only finished recently, please try again in a few minutes.
2025-06-16 18:04:54,870 - INFO - Finished loading data for 0 drivers: []
2025-06-16 18:04:54,871 - ERROR - [PROCESS FAIL] dutch_grand_prix: The data you are trying to access has not been loaded yet. See `Session.load`
2025-06-16 18:04:54,889 - INFO - Loading data for Italian Grand Prix - Race [v3.5.3]
2025-06-16 18:04:54,890 - INFO - No cached data found for session_info. Loading data...
2025-06-16 18:04:54,890 - INFO - Fetching session info data...
2025-06-16 18:04:55,049 - DEBUG - Falling back to livetiming mirror (https://livetiming-mirror.fastf1.dev)
2025-06-16 18:04:55,376 - WARNING - Failed to load session info data!
2025-06-16 18:04:55,377 - DEBUG - Traceback for failure in session info data
Traceback (most recent call last):
  File "/Users/ompatel/Downloads/RacinglinAi/.venv/lib/python3.11/site-packages/fastf1/logger.py", line 151, in __wrapped
    return func(*args, **kwargs)
           ^^^^^^^^^^^^^^^^^^^^^
  File "/Users/ompatel/Downloads/RacinglinAi/.venv/lib/python3.11/site-packages/fastf1/core.py", line 1470, in _load_session_info
    self._session_info = api.session_info(self.api_path,
                         ^^^^^^^^^^^^^^^^^^^^^^^^^^^^^^^
  File "/Users/ompatel/Downloads/RacinglinAi/.venv/lib/python3.11/site-packages/fastf1/req.py", line 479, in _cached_api_request
    data = func(api_path, **func_kwargs)
           ^^^^^^^^^^^^^^^^^^^^^^^^^^^^^
  File "/Users/ompatel/Downloads/RacinglinAi/.venv/lib/python3.11/site-packages/fastf1/_api.py", line 1687, in session_info
    raise SessionNotAvailableError(
fastf1._api.SessionNotAvailableError: No data for this session! If this session only finished recently, please try again in a few minutes.
2025-06-16 18:04:55,379 - INFO - No cached data found for driver_info. Loading data...
2025-06-16 18:04:55,380 - INFO - Fetching driver list...
2025-06-16 18:04:55,681 - DEBUG - Falling back to livetiming mirror (https://livetiming-mirror.fastf1.dev)
2025-06-16 18:04:55,887 - WARNING - Failed to load extended driver information!
2025-06-16 18:04:55,888 - DEBUG - Exception while loading driver list
Traceback (most recent call last):
  File "/Users/ompatel/Downloads/RacinglinAi/.venv/lib/python3.11/site-packages/fastf1/core.py", line 2291, in _drivers_from_f1_api
    f1di = api.driver_info(self.api_path, livedata=livedata)
           ^^^^^^^^^^^^^^^^^^^^^^^^^^^^^^^^^^^^^^^^^^^^^^^^^
  File "/Users/ompatel/Downloads/RacinglinAi/.venv/lib/python3.11/site-packages/fastf1/req.py", line 479, in _cached_api_request
    data = func(api_path, **func_kwargs)
           ^^^^^^^^^^^^^^^^^^^^^^^^^^^^^
  File "/Users/ompatel/Downloads/RacinglinAi/.venv/lib/python3.11/site-packages/fastf1/_api.py", line 1535, in driver_info
    raise SessionNotAvailableError(
fastf1._api.SessionNotAvailableError: No data for this session! If this session only finished recently, please try again in a few minutes.
2025-06-16 18:04:56,057 - WARNING - No result data for this session available on Ergast! (This is expected for recent sessions)
2025-06-16 18:04:56,058 - WARNING - Failed to load driver list and session results!
2025-06-16 18:04:56,066 - INFO - No cached data found for session_status_data. Loading data...
2025-06-16 18:04:56,067 - INFO - Fetching session status data...
2025-06-16 18:04:56,458 - DEBUG - Falling back to livetiming mirror (https://livetiming-mirror.fastf1.dev)
2025-06-16 18:04:56,696 - WARNING - Failed to load session status data!
2025-06-16 18:04:56,701 - DEBUG - Traceback for failure in session status data
Traceback (most recent call last):
  File "/Users/ompatel/Downloads/RacinglinAi/.venv/lib/python3.11/site-packages/fastf1/logger.py", line 151, in __wrapped
    return func(*args, **kwargs)
           ^^^^^^^^^^^^^^^^^^^^^
  File "/Users/ompatel/Downloads/RacinglinAi/.venv/lib/python3.11/site-packages/fastf1/core.py", line 2052, in _load_session_status_data
    session_status = api.session_status_data(self.api_path,
                     ^^^^^^^^^^^^^^^^^^^^^^^^^^^^^^^^^^^^^^
  File "/Users/ompatel/Downloads/RacinglinAi/.venv/lib/python3.11/site-packages/fastf1/req.py", line 479, in _cached_api_request
    data = func(api_path, **func_kwargs)
           ^^^^^^^^^^^^^^^^^^^^^^^^^^^^^
  File "/Users/ompatel/Downloads/RacinglinAi/.venv/lib/python3.11/site-packages/fastf1/_api.py", line 1333, in session_status_data
    raise SessionNotAvailableError(
fastf1._api.SessionNotAvailableError: No data for this session! If this session only finished recently, please try again in a few minutes.
2025-06-16 18:04:56,703 - INFO - No cached data found for lap_count. Loading data...
2025-06-16 18:04:56,703 - INFO - Fetching lap count data...
2025-06-16 18:04:56,992 - DEBUG - Falling back to livetiming mirror (https://livetiming-mirror.fastf1.dev)
2025-06-16 18:04:57,222 - WARNING - Failed to load total lap count!
2025-06-16 18:04:57,223 - DEBUG - Traceback for failure in total lap count
Traceback (most recent call last):
  File "/Users/ompatel/Downloads/RacinglinAi/.venv/lib/python3.11/site-packages/fastf1/logger.py", line 151, in __wrapped
    return func(*args, **kwargs)
           ^^^^^^^^^^^^^^^^^^^^^
  File "/Users/ompatel/Downloads/RacinglinAi/.venv/lib/python3.11/site-packages/fastf1/core.py", line 2034, in _load_total_lap_count
    lap_count = api.lap_count(self.api_path, livedata=livedata)
                ^^^^^^^^^^^^^^^^^^^^^^^^^^^^^^^^^^^^^^^^^^^^^^^
  File "/Users/ompatel/Downloads/RacinglinAi/.venv/lib/python3.11/site-packages/fastf1/req.py", line 479, in _cached_api_request
    data = func(api_path, **func_kwargs)
           ^^^^^^^^^^^^^^^^^^^^^^^^^^^^^
  File "/Users/ompatel/Downloads/RacinglinAi/.venv/lib/python3.11/site-packages/fastf1/_api.py", line 1476, in lap_count
    raise SessionNotAvailableError(
fastf1._api.SessionNotAvailableError: No data for this session! If this session only finished recently, please try again in a few minutes.
2025-06-16 18:04:57,224 - INFO - No cached data found for track_status_data. Loading data...
2025-06-16 18:04:57,225 - INFO - Fetching track status data...
2025-06-16 18:04:57,520 - DEBUG - Falling back to livetiming mirror (https://livetiming-mirror.fastf1.dev)
2025-06-16 18:04:57,754 - WARNING - Failed to load track status data!
2025-06-16 18:04:57,756 - DEBUG - Traceback for failure in track status data
Traceback (most recent call last):
  File "/Users/ompatel/Downloads/RacinglinAi/.venv/lib/python3.11/site-packages/fastf1/logger.py", line 151, in __wrapped
    return func(*args, **kwargs)
           ^^^^^^^^^^^^^^^^^^^^^
  File "/Users/ompatel/Downloads/RacinglinAi/.venv/lib/python3.11/site-packages/fastf1/core.py", line 2021, in _load_track_status_data
    track_status = api.track_status_data(self.api_path, livedata=livedata)
                   ^^^^^^^^^^^^^^^^^^^^^^^^^^^^^^^^^^^^^^^^^^^^^^^^^^^^^^^
  File "/Users/ompatel/Downloads/RacinglinAi/.venv/lib/python3.11/site-packages/fastf1/req.py", line 479, in _cached_api_request
    data = func(api_path, **func_kwargs)
           ^^^^^^^^^^^^^^^^^^^^^^^^^^^^^
  File "/Users/ompatel/Downloads/RacinglinAi/.venv/lib/python3.11/site-packages/fastf1/_api.py", line 1277, in track_status_data
    raise SessionNotAvailableError(
fastf1._api.SessionNotAvailableError: No data for this session! If this session only finished recently, please try again in a few minutes.
2025-06-16 18:04:57,757 - INFO - No cached data found for _extended_timing_data. Loading data...
2025-06-16 18:04:57,758 - INFO - Fetching timing data...
2025-06-16 18:04:58,056 - DEBUG - Falling back to livetiming mirror (https://livetiming-mirror.fastf1.dev)
2025-06-16 18:04:58,266 - WARNING - Failed to load timing data!
2025-06-16 18:04:58,268 - DEBUG - Traceback for failure in lap timing data
Traceback (most recent call last):
  File "/Users/ompatel/Downloads/RacinglinAi/.venv/lib/python3.11/site-packages/fastf1/logger.py", line 151, in __wrapped
    return func(*args, **kwargs)
           ^^^^^^^^^^^^^^^^^^^^^
  File "/Users/ompatel/Downloads/RacinglinAi/.venv/lib/python3.11/site-packages/fastf1/core.py", line 1476, in _load_laps_data
    = api._extended_timing_data(self.api_path, livedata=livedata)
      ^^^^^^^^^^^^^^^^^^^^^^^^^^^^^^^^^^^^^^^^^^^^^^^^^^^^^^^^^^^
  File "/Users/ompatel/Downloads/RacinglinAi/.venv/lib/python3.11/site-packages/fastf1/req.py", line 479, in _cached_api_request
    data = func(api_path, **func_kwargs)
           ^^^^^^^^^^^^^^^^^^^^^^^^^^^^^
  File "/Users/ompatel/Downloads/RacinglinAi/.venv/lib/python3.11/site-packages/fastf1/_api.py", line 200, in _extended_timing_data
    raise SessionNotAvailableError(
fastf1._api.SessionNotAvailableError: No data for this session! If this session only finished recently, please try again in a few minutes.
2025-06-16 18:04:58,441 - WARNING - Cannot load lap times for first lap from Ergast. Timing data is not available for this session.
2025-06-16 18:04:58,441 - INFO - No cached data found for car_data. Loading data...
2025-06-16 18:04:58,442 - INFO - Fetching car data...
2025-06-16 18:04:58,833 - DEBUG - Falling back to livetiming mirror (https://livetiming-mirror.fastf1.dev)
2025-06-16 18:04:59,046 - WARNING - Car telemetry data is unavailable!
2025-06-16 18:04:59,048 - INFO - No cached data found for position_data. Loading data...
2025-06-16 18:04:59,049 - INFO - Fetching position data...
2025-06-16 18:04:59,363 - DEBUG - Falling back to livetiming mirror (https://livetiming-mirror.fastf1.dev)
2025-06-16 18:04:59,598 - WARNING - Car position data is unavailable!
2025-06-16 18:04:59,600 - WARNING - Failed to determine `Session.t0_date`!
2025-06-16 18:04:59,601 - INFO - No cached data found for weather_data. Loading data...
2025-06-16 18:04:59,601 - INFO - Fetching weather data...
2025-06-16 18:04:59,895 - DEBUG - Falling back to livetiming mirror (https://livetiming-mirror.fastf1.dev)
2025-06-16 18:05:00,129 - WARNING - Failed to load weather data!
2025-06-16 18:05:00,132 - DEBUG - Traceback for failure in weather data
Traceback (most recent call last):
  File "/Users/ompatel/Downloads/RacinglinAi/.venv/lib/python3.11/site-packages/fastf1/logger.py", line 151, in __wrapped
    return func(*args, **kwargs)
           ^^^^^^^^^^^^^^^^^^^^^
  File "/Users/ompatel/Downloads/RacinglinAi/.venv/lib/python3.11/site-packages/fastf1/core.py", line 2442, in _load_weather_data
    weather_data = api.weather_data(self.api_path, livedata=livedata)
                   ^^^^^^^^^^^^^^^^^^^^^^^^^^^^^^^^^^^^^^^^^^^^^^^^^^
  File "/Users/ompatel/Downloads/RacinglinAi/.venv/lib/python3.11/site-packages/fastf1/req.py", line 479, in _cached_api_request
    data = func(api_path, **func_kwargs)
           ^^^^^^^^^^^^^^^^^^^^^^^^^^^^^
  File "/Users/ompatel/Downloads/RacinglinAi/.venv/lib/python3.11/site-packages/fastf1/_api.py", line 1613, in weather_data
    raise SessionNotAvailableError(
fastf1._api.SessionNotAvailableError: No data for this session! If this session only finished recently, please try again in a few minutes.
2025-06-16 18:05:00,134 - INFO - No cached data found for race_control_messages. Loading data...
2025-06-16 18:05:00,134 - INFO - Fetching race control messages...
2025-06-16 18:05:00,433 - DEBUG - Falling back to livetiming mirror (https://livetiming-mirror.fastf1.dev)
2025-06-16 18:05:00,716 - WARNING - Failed to load race control messages!
2025-06-16 18:05:00,717 - DEBUG - Traceback for failure in race control messages
Traceback (most recent call last):
  File "/Users/ompatel/Downloads/RacinglinAi/.venv/lib/python3.11/site-packages/fastf1/logger.py", line 151, in __wrapped
    return func(*args, **kwargs)
           ^^^^^^^^^^^^^^^^^^^^^
  File "/Users/ompatel/Downloads/RacinglinAi/.venv/lib/python3.11/site-packages/fastf1/core.py", line 2449, in _load_race_control_messages
    race_control_messages = api.race_control_messages(self.api_path,
                            ^^^^^^^^^^^^^^^^^^^^^^^^^^^^^^^^^^^^^^^^
  File "/Users/ompatel/Downloads/RacinglinAi/.venv/lib/python3.11/site-packages/fastf1/req.py", line 479, in _cached_api_request
    data = func(api_path, **func_kwargs)
           ^^^^^^^^^^^^^^^^^^^^^^^^^^^^^
  File "/Users/ompatel/Downloads/RacinglinAi/.venv/lib/python3.11/site-packages/fastf1/_api.py", line 1404, in race_control_messages
    raise SessionNotAvailableError(
fastf1._api.SessionNotAvailableError: No data for this session! If this session only finished recently, please try again in a few minutes.
2025-06-16 18:05:00,719 - INFO - Finished loading data for 0 drivers: []
2025-06-16 18:05:00,720 - ERROR - [PROCESS FAIL] italian_grand_prix: The data you are trying to access has not been loaded yet. See `Session.load`
2025-06-16 18:05:00,743 - INFO - Loading data for Azerbaijan Grand Prix - Race [v3.5.3]
2025-06-16 18:05:00,744 - INFO - No cached data found for session_info. Loading data...
2025-06-16 18:05:00,745 - INFO - Fetching session info data...
2025-06-16 18:05:00,882 - DEBUG - Falling back to livetiming mirror (https://livetiming-mirror.fastf1.dev)
2025-06-16 18:05:01,369 - WARNING - Failed to load session info data!
2025-06-16 18:05:01,372 - DEBUG - Traceback for failure in session info data
Traceback (most recent call last):
  File "/Users/ompatel/Downloads/RacinglinAi/.venv/lib/python3.11/site-packages/fastf1/logger.py", line 151, in __wrapped
    return func(*args, **kwargs)
           ^^^^^^^^^^^^^^^^^^^^^
  File "/Users/ompatel/Downloads/RacinglinAi/.venv/lib/python3.11/site-packages/fastf1/core.py", line 1470, in _load_session_info
    self._session_info = api.session_info(self.api_path,
                         ^^^^^^^^^^^^^^^^^^^^^^^^^^^^^^^
  File "/Users/ompatel/Downloads/RacinglinAi/.venv/lib/python3.11/site-packages/fastf1/req.py", line 479, in _cached_api_request
    data = func(api_path, **func_kwargs)
           ^^^^^^^^^^^^^^^^^^^^^^^^^^^^^
  File "/Users/ompatel/Downloads/RacinglinAi/.venv/lib/python3.11/site-packages/fastf1/_api.py", line 1687, in session_info
    raise SessionNotAvailableError(
fastf1._api.SessionNotAvailableError: No data for this session! If this session only finished recently, please try again in a few minutes.
2025-06-16 18:05:01,373 - INFO - No cached data found for driver_info. Loading data...
2025-06-16 18:05:01,374 - INFO - Fetching driver list...
2025-06-16 18:05:01,671 - DEBUG - Falling back to livetiming mirror (https://livetiming-mirror.fastf1.dev)
2025-06-16 18:05:01,926 - WARNING - Failed to load extended driver information!
2025-06-16 18:05:01,927 - DEBUG - Exception while loading driver list
Traceback (most recent call last):
  File "/Users/ompatel/Downloads/RacinglinAi/.venv/lib/python3.11/site-packages/fastf1/core.py", line 2291, in _drivers_from_f1_api
    f1di = api.driver_info(self.api_path, livedata=livedata)
           ^^^^^^^^^^^^^^^^^^^^^^^^^^^^^^^^^^^^^^^^^^^^^^^^^
  File "/Users/ompatel/Downloads/RacinglinAi/.venv/lib/python3.11/site-packages/fastf1/req.py", line 479, in _cached_api_request
    data = func(api_path, **func_kwargs)
           ^^^^^^^^^^^^^^^^^^^^^^^^^^^^^
  File "/Users/ompatel/Downloads/RacinglinAi/.venv/lib/python3.11/site-packages/fastf1/_api.py", line 1535, in driver_info
    raise SessionNotAvailableError(
fastf1._api.SessionNotAvailableError: No data for this session! If this session only finished recently, please try again in a few minutes.
2025-06-16 18:05:02,622 - WARNING - No result data for this session available on Ergast! (This is expected for recent sessions)
2025-06-16 18:05:02,624 - WARNING - Failed to load driver list and session results!
2025-06-16 18:05:02,642 - INFO - No cached data found for session_status_data. Loading data...
2025-06-16 18:05:02,642 - INFO - Fetching session status data...
2025-06-16 18:05:03,033 - DEBUG - Falling back to livetiming mirror (https://livetiming-mirror.fastf1.dev)
2025-06-16 18:05:03,250 - WARNING - Failed to load session status data!
2025-06-16 18:05:03,251 - DEBUG - Traceback for failure in session status data
Traceback (most recent call last):
  File "/Users/ompatel/Downloads/RacinglinAi/.venv/lib/python3.11/site-packages/fastf1/logger.py", line 151, in __wrapped
    return func(*args, **kwargs)
           ^^^^^^^^^^^^^^^^^^^^^
  File "/Users/ompatel/Downloads/RacinglinAi/.venv/lib/python3.11/site-packages/fastf1/core.py", line 2052, in _load_session_status_data
    session_status = api.session_status_data(self.api_path,
                     ^^^^^^^^^^^^^^^^^^^^^^^^^^^^^^^^^^^^^^
  File "/Users/ompatel/Downloads/RacinglinAi/.venv/lib/python3.11/site-packages/fastf1/req.py", line 479, in _cached_api_request
    data = func(api_path, **func_kwargs)
           ^^^^^^^^^^^^^^^^^^^^^^^^^^^^^
  File "/Users/ompatel/Downloads/RacinglinAi/.venv/lib/python3.11/site-packages/fastf1/_api.py", line 1333, in session_status_data
    raise SessionNotAvailableError(
fastf1._api.SessionNotAvailableError: No data for this session! If this session only finished recently, please try again in a few minutes.
2025-06-16 18:05:03,252 - INFO - No cached data found for lap_count. Loading data...
2025-06-16 18:05:03,252 - INFO - Fetching lap count data...
2025-06-16 18:05:03,559 - DEBUG - Falling back to livetiming mirror (https://livetiming-mirror.fastf1.dev)
2025-06-16 18:05:03,753 - WARNING - Failed to load total lap count!
2025-06-16 18:05:03,755 - DEBUG - Traceback for failure in total lap count
Traceback (most recent call last):
  File "/Users/ompatel/Downloads/RacinglinAi/.venv/lib/python3.11/site-packages/fastf1/logger.py", line 151, in __wrapped
    return func(*args, **kwargs)
           ^^^^^^^^^^^^^^^^^^^^^
  File "/Users/ompatel/Downloads/RacinglinAi/.venv/lib/python3.11/site-packages/fastf1/core.py", line 2034, in _load_total_lap_count
    lap_count = api.lap_count(self.api_path, livedata=livedata)
                ^^^^^^^^^^^^^^^^^^^^^^^^^^^^^^^^^^^^^^^^^^^^^^^
  File "/Users/ompatel/Downloads/RacinglinAi/.venv/lib/python3.11/site-packages/fastf1/req.py", line 479, in _cached_api_request
    data = func(api_path, **func_kwargs)
           ^^^^^^^^^^^^^^^^^^^^^^^^^^^^^
  File "/Users/ompatel/Downloads/RacinglinAi/.venv/lib/python3.11/site-packages/fastf1/_api.py", line 1476, in lap_count
    raise SessionNotAvailableError(
fastf1._api.SessionNotAvailableError: No data for this session! If this session only finished recently, please try again in a few minutes.
2025-06-16 18:05:03,757 - INFO - No cached data found for track_status_data. Loading data...
2025-06-16 18:05:03,758 - INFO - Fetching track status data...
2025-06-16 18:05:04,100 - DEBUG - Falling back to livetiming mirror (https://livetiming-mirror.fastf1.dev)
2025-06-16 18:05:04,345 - WARNING - Failed to load track status data!
2025-06-16 18:05:04,348 - DEBUG - Traceback for failure in track status data
Traceback (most recent call last):
  File "/Users/ompatel/Downloads/RacinglinAi/.venv/lib/python3.11/site-packages/fastf1/logger.py", line 151, in __wrapped
    return func(*args, **kwargs)
           ^^^^^^^^^^^^^^^^^^^^^
  File "/Users/ompatel/Downloads/RacinglinAi/.venv/lib/python3.11/site-packages/fastf1/core.py", line 2021, in _load_track_status_data
    track_status = api.track_status_data(self.api_path, livedata=livedata)
                   ^^^^^^^^^^^^^^^^^^^^^^^^^^^^^^^^^^^^^^^^^^^^^^^^^^^^^^^
  File "/Users/ompatel/Downloads/RacinglinAi/.venv/lib/python3.11/site-packages/fastf1/req.py", line 479, in _cached_api_request
    data = func(api_path, **func_kwargs)
           ^^^^^^^^^^^^^^^^^^^^^^^^^^^^^
  File "/Users/ompatel/Downloads/RacinglinAi/.venv/lib/python3.11/site-packages/fastf1/_api.py", line 1277, in track_status_data
    raise SessionNotAvailableError(
fastf1._api.SessionNotAvailableError: No data for this session! If this session only finished recently, please try again in a few minutes.
2025-06-16 18:05:04,349 - INFO - No cached data found for _extended_timing_data. Loading data...
2025-06-16 18:05:04,349 - INFO - Fetching timing data...
2025-06-16 18:05:04,632 - DEBUG - Falling back to livetiming mirror (https://livetiming-mirror.fastf1.dev)
2025-06-16 18:05:04,862 - WARNING - Failed to load timing data!
2025-06-16 18:05:04,863 - DEBUG - Traceback for failure in lap timing data
Traceback (most recent call last):
  File "/Users/ompatel/Downloads/RacinglinAi/.venv/lib/python3.11/site-packages/fastf1/logger.py", line 151, in __wrapped
    return func(*args, **kwargs)
           ^^^^^^^^^^^^^^^^^^^^^
  File "/Users/ompatel/Downloads/RacinglinAi/.venv/lib/python3.11/site-packages/fastf1/core.py", line 1476, in _load_laps_data
    = api._extended_timing_data(self.api_path, livedata=livedata)
      ^^^^^^^^^^^^^^^^^^^^^^^^^^^^^^^^^^^^^^^^^^^^^^^^^^^^^^^^^^^
  File "/Users/ompatel/Downloads/RacinglinAi/.venv/lib/python3.11/site-packages/fastf1/req.py", line 479, in _cached_api_request
    data = func(api_path, **func_kwargs)
           ^^^^^^^^^^^^^^^^^^^^^^^^^^^^^
  File "/Users/ompatel/Downloads/RacinglinAi/.venv/lib/python3.11/site-packages/fastf1/_api.py", line 200, in _extended_timing_data
    raise SessionNotAvailableError(
fastf1._api.SessionNotAvailableError: No data for this session! If this session only finished recently, please try again in a few minutes.
2025-06-16 18:05:05,012 - WARNING - Cannot load lap times for first lap from Ergast. Timing data is not available for this session.
2025-06-16 18:05:05,015 - INFO - No cached data found for car_data. Loading data...
2025-06-16 18:05:05,017 - INFO - Fetching car data...
2025-06-16 18:05:05,414 - DEBUG - Falling back to livetiming mirror (https://livetiming-mirror.fastf1.dev)
2025-06-16 18:05:05,686 - WARNING - Car telemetry data is unavailable!
2025-06-16 18:05:05,689 - INFO - No cached data found for position_data. Loading data...
2025-06-16 18:05:05,689 - INFO - Fetching position data...
2025-06-16 18:05:05,977 - DEBUG - Falling back to livetiming mirror (https://livetiming-mirror.fastf1.dev)
2025-06-16 18:05:06,192 - WARNING - Car position data is unavailable!
2025-06-16 18:05:06,194 - WARNING - Failed to determine `Session.t0_date`!
2025-06-16 18:05:06,195 - INFO - No cached data found for weather_data. Loading data...
2025-06-16 18:05:06,195 - INFO - Fetching weather data...
2025-06-16 18:05:06,524 - DEBUG - Falling back to livetiming mirror (https://livetiming-mirror.fastf1.dev)
2025-06-16 18:05:06,767 - WARNING - Failed to load weather data!
2025-06-16 18:05:06,770 - DEBUG - Traceback for failure in weather data
Traceback (most recent call last):
  File "/Users/ompatel/Downloads/RacinglinAi/.venv/lib/python3.11/site-packages/fastf1/logger.py", line 151, in __wrapped
    return func(*args, **kwargs)
           ^^^^^^^^^^^^^^^^^^^^^
  File "/Users/ompatel/Downloads/RacinglinAi/.venv/lib/python3.11/site-packages/fastf1/core.py", line 2442, in _load_weather_data
    weather_data = api.weather_data(self.api_path, livedata=livedata)
                   ^^^^^^^^^^^^^^^^^^^^^^^^^^^^^^^^^^^^^^^^^^^^^^^^^^
  File "/Users/ompatel/Downloads/RacinglinAi/.venv/lib/python3.11/site-packages/fastf1/req.py", line 479, in _cached_api_request
    data = func(api_path, **func_kwargs)
           ^^^^^^^^^^^^^^^^^^^^^^^^^^^^^
  File "/Users/ompatel/Downloads/RacinglinAi/.venv/lib/python3.11/site-packages/fastf1/_api.py", line 1613, in weather_data
    raise SessionNotAvailableError(
fastf1._api.SessionNotAvailableError: No data for this session! If this session only finished recently, please try again in a few minutes.
2025-06-16 18:05:06,771 - INFO - No cached data found for race_control_messages. Loading data...
2025-06-16 18:05:06,772 - INFO - Fetching race control messages...
2025-06-16 18:05:06,935 - DEBUG - Falling back to livetiming mirror (https://livetiming-mirror.fastf1.dev)
2025-06-16 18:05:07,244 - WARNING - Failed to load race control messages!
2025-06-16 18:05:07,245 - DEBUG - Traceback for failure in race control messages
Traceback (most recent call last):
  File "/Users/ompatel/Downloads/RacinglinAi/.venv/lib/python3.11/site-packages/fastf1/logger.py", line 151, in __wrapped
    return func(*args, **kwargs)
           ^^^^^^^^^^^^^^^^^^^^^
  File "/Users/ompatel/Downloads/RacinglinAi/.venv/lib/python3.11/site-packages/fastf1/core.py", line 2449, in _load_race_control_messages
    race_control_messages = api.race_control_messages(self.api_path,
                            ^^^^^^^^^^^^^^^^^^^^^^^^^^^^^^^^^^^^^^^^
  File "/Users/ompatel/Downloads/RacinglinAi/.venv/lib/python3.11/site-packages/fastf1/req.py", line 479, in _cached_api_request
    data = func(api_path, **func_kwargs)
           ^^^^^^^^^^^^^^^^^^^^^^^^^^^^^
  File "/Users/ompatel/Downloads/RacinglinAi/.venv/lib/python3.11/site-packages/fastf1/_api.py", line 1404, in race_control_messages
    raise SessionNotAvailableError(
fastf1._api.SessionNotAvailableError: No data for this session! If this session only finished recently, please try again in a few minutes.
2025-06-16 18:05:07,250 - INFO - Finished loading data for 0 drivers: []
2025-06-16 18:05:07,251 - ERROR - [PROCESS FAIL] azerbaijan_grand_prix: The data you are trying to access has not been loaded yet. See `Session.load`
2025-06-16 18:05:07,277 - INFO - Loading data for Singapore Grand Prix - Race [v3.5.3]
2025-06-16 18:05:07,278 - INFO - No cached data found for session_info. Loading data...
2025-06-16 18:05:07,278 - INFO - Fetching session info data...
2025-06-16 18:05:07,556 - DEBUG - Falling back to livetiming mirror (https://livetiming-mirror.fastf1.dev)
2025-06-16 18:05:07,800 - WARNING - Failed to load session info data!
2025-06-16 18:05:07,801 - DEBUG - Traceback for failure in session info data
Traceback (most recent call last):
  File "/Users/ompatel/Downloads/RacinglinAi/.venv/lib/python3.11/site-packages/fastf1/logger.py", line 151, in __wrapped
    return func(*args, **kwargs)
           ^^^^^^^^^^^^^^^^^^^^^
  File "/Users/ompatel/Downloads/RacinglinAi/.venv/lib/python3.11/site-packages/fastf1/core.py", line 1470, in _load_session_info
    self._session_info = api.session_info(self.api_path,
                         ^^^^^^^^^^^^^^^^^^^^^^^^^^^^^^^
  File "/Users/ompatel/Downloads/RacinglinAi/.venv/lib/python3.11/site-packages/fastf1/req.py", line 479, in _cached_api_request
    data = func(api_path, **func_kwargs)
           ^^^^^^^^^^^^^^^^^^^^^^^^^^^^^
  File "/Users/ompatel/Downloads/RacinglinAi/.venv/lib/python3.11/site-packages/fastf1/_api.py", line 1687, in session_info
    raise SessionNotAvailableError(
fastf1._api.SessionNotAvailableError: No data for this session! If this session only finished recently, please try again in a few minutes.
2025-06-16 18:05:07,802 - INFO - No cached data found for driver_info. Loading data...
2025-06-16 18:05:07,803 - INFO - Fetching driver list...
2025-06-16 18:05:07,945 - DEBUG - Falling back to livetiming mirror (https://livetiming-mirror.fastf1.dev)
2025-06-16 18:05:08,268 - WARNING - Failed to load extended driver information!
2025-06-16 18:05:08,269 - DEBUG - Exception while loading driver list
Traceback (most recent call last):
  File "/Users/ompatel/Downloads/RacinglinAi/.venv/lib/python3.11/site-packages/fastf1/core.py", line 2291, in _drivers_from_f1_api
    f1di = api.driver_info(self.api_path, livedata=livedata)
           ^^^^^^^^^^^^^^^^^^^^^^^^^^^^^^^^^^^^^^^^^^^^^^^^^
  File "/Users/ompatel/Downloads/RacinglinAi/.venv/lib/python3.11/site-packages/fastf1/req.py", line 479, in _cached_api_request
    data = func(api_path, **func_kwargs)
           ^^^^^^^^^^^^^^^^^^^^^^^^^^^^^
  File "/Users/ompatel/Downloads/RacinglinAi/.venv/lib/python3.11/site-packages/fastf1/_api.py", line 1535, in driver_info
    raise SessionNotAvailableError(
fastf1._api.SessionNotAvailableError: No data for this session! If this session only finished recently, please try again in a few minutes.
2025-06-16 18:05:08,433 - WARNING - No result data for this session available on Ergast! (This is expected for recent sessions)
2025-06-16 18:05:08,435 - WARNING - Failed to load driver list and session results!
2025-06-16 18:05:08,450 - INFO - No cached data found for session_status_data. Loading data...
2025-06-16 18:05:08,451 - INFO - Fetching session status data...
2025-06-16 18:05:08,839 - DEBUG - Falling back to livetiming mirror (https://livetiming-mirror.fastf1.dev)
2025-06-16 18:05:09,053 - WARNING - Failed to load session status data!
2025-06-16 18:05:09,054 - DEBUG - Traceback for failure in session status data
Traceback (most recent call last):
  File "/Users/ompatel/Downloads/RacinglinAi/.venv/lib/python3.11/site-packages/fastf1/logger.py", line 151, in __wrapped
    return func(*args, **kwargs)
           ^^^^^^^^^^^^^^^^^^^^^
  File "/Users/ompatel/Downloads/RacinglinAi/.venv/lib/python3.11/site-packages/fastf1/core.py", line 2052, in _load_session_status_data
    session_status = api.session_status_data(self.api_path,
                     ^^^^^^^^^^^^^^^^^^^^^^^^^^^^^^^^^^^^^^
  File "/Users/ompatel/Downloads/RacinglinAi/.venv/lib/python3.11/site-packages/fastf1/req.py", line 479, in _cached_api_request
    data = func(api_path, **func_kwargs)
           ^^^^^^^^^^^^^^^^^^^^^^^^^^^^^
  File "/Users/ompatel/Downloads/RacinglinAi/.venv/lib/python3.11/site-packages/fastf1/_api.py", line 1333, in session_status_data
    raise SessionNotAvailableError(
fastf1._api.SessionNotAvailableError: No data for this session! If this session only finished recently, please try again in a few minutes.
2025-06-16 18:05:09,055 - INFO - No cached data found for lap_count. Loading data...
2025-06-16 18:05:09,056 - INFO - Fetching lap count data...
2025-06-16 18:05:09,386 - DEBUG - Falling back to livetiming mirror (https://livetiming-mirror.fastf1.dev)
2025-06-16 18:05:09,609 - WARNING - Failed to load total lap count!
2025-06-16 18:05:09,610 - DEBUG - Traceback for failure in total lap count
Traceback (most recent call last):
  File "/Users/ompatel/Downloads/RacinglinAi/.venv/lib/python3.11/site-packages/fastf1/logger.py", line 151, in __wrapped
    return func(*args, **kwargs)
           ^^^^^^^^^^^^^^^^^^^^^
  File "/Users/ompatel/Downloads/RacinglinAi/.venv/lib/python3.11/site-packages/fastf1/core.py", line 2034, in _load_total_lap_count
    lap_count = api.lap_count(self.api_path, livedata=livedata)
                ^^^^^^^^^^^^^^^^^^^^^^^^^^^^^^^^^^^^^^^^^^^^^^^
  File "/Users/ompatel/Downloads/RacinglinAi/.venv/lib/python3.11/site-packages/fastf1/req.py", line 479, in _cached_api_request
    data = func(api_path, **func_kwargs)
           ^^^^^^^^^^^^^^^^^^^^^^^^^^^^^
  File "/Users/ompatel/Downloads/RacinglinAi/.venv/lib/python3.11/site-packages/fastf1/_api.py", line 1476, in lap_count
    raise SessionNotAvailableError(
fastf1._api.SessionNotAvailableError: No data for this session! If this session only finished recently, please try again in a few minutes.
2025-06-16 18:05:09,611 - INFO - No cached data found for track_status_data. Loading data...
2025-06-16 18:05:09,613 - INFO - Fetching track status data...
2025-06-16 18:05:09,936 - DEBUG - Falling back to livetiming mirror (https://livetiming-mirror.fastf1.dev)
2025-06-16 18:05:10,157 - WARNING - Failed to load track status data!
2025-06-16 18:05:10,158 - DEBUG - Traceback for failure in track status data
Traceback (most recent call last):
  File "/Users/ompatel/Downloads/RacinglinAi/.venv/lib/python3.11/site-packages/fastf1/logger.py", line 151, in __wrapped
    return func(*args, **kwargs)
           ^^^^^^^^^^^^^^^^^^^^^
  File "/Users/ompatel/Downloads/RacinglinAi/.venv/lib/python3.11/site-packages/fastf1/core.py", line 2021, in _load_track_status_data
    track_status = api.track_status_data(self.api_path, livedata=livedata)
                   ^^^^^^^^^^^^^^^^^^^^^^^^^^^^^^^^^^^^^^^^^^^^^^^^^^^^^^^
  File "/Users/ompatel/Downloads/RacinglinAi/.venv/lib/python3.11/site-packages/fastf1/req.py", line 479, in _cached_api_request
    data = func(api_path, **func_kwargs)
           ^^^^^^^^^^^^^^^^^^^^^^^^^^^^^
  File "/Users/ompatel/Downloads/RacinglinAi/.venv/lib/python3.11/site-packages/fastf1/_api.py", line 1277, in track_status_data
    raise SessionNotAvailableError(
fastf1._api.SessionNotAvailableError: No data for this session! If this session only finished recently, please try again in a few minutes.
2025-06-16 18:05:10,159 - INFO - No cached data found for _extended_timing_data. Loading data...
2025-06-16 18:05:10,161 - INFO - Fetching timing data...
2025-06-16 18:05:10,487 - DEBUG - Falling back to livetiming mirror (https://livetiming-mirror.fastf1.dev)
2025-06-16 18:05:10,712 - WARNING - Failed to load timing data!
2025-06-16 18:05:10,714 - DEBUG - Traceback for failure in lap timing data
Traceback (most recent call last):
  File "/Users/ompatel/Downloads/RacinglinAi/.venv/lib/python3.11/site-packages/fastf1/logger.py", line 151, in __wrapped
    return func(*args, **kwargs)
           ^^^^^^^^^^^^^^^^^^^^^
  File "/Users/ompatel/Downloads/RacinglinAi/.venv/lib/python3.11/site-packages/fastf1/core.py", line 1476, in _load_laps_data
    = api._extended_timing_data(self.api_path, livedata=livedata)
      ^^^^^^^^^^^^^^^^^^^^^^^^^^^^^^^^^^^^^^^^^^^^^^^^^^^^^^^^^^^
  File "/Users/ompatel/Downloads/RacinglinAi/.venv/lib/python3.11/site-packages/fastf1/req.py", line 479, in _cached_api_request
    data = func(api_path, **func_kwargs)
           ^^^^^^^^^^^^^^^^^^^^^^^^^^^^^
  File "/Users/ompatel/Downloads/RacinglinAi/.venv/lib/python3.11/site-packages/fastf1/_api.py", line 200, in _extended_timing_data
    raise SessionNotAvailableError(
fastf1._api.SessionNotAvailableError: No data for this session! If this session only finished recently, please try again in a few minutes.
2025-06-16 18:05:10,867 - WARNING - Cannot load lap times for first lap from Ergast. Timing data is not available for this session.
2025-06-16 18:05:10,868 - INFO - No cached data found for car_data. Loading data...
2025-06-16 18:05:10,869 - INFO - Fetching car data...
2025-06-16 18:05:11,283 - DEBUG - Falling back to livetiming mirror (https://livetiming-mirror.fastf1.dev)
2025-06-16 18:05:11,541 - WARNING - Car telemetry data is unavailable!
2025-06-16 18:05:11,597 - INFO - No cached data found for position_data. Loading data...
2025-06-16 18:05:11,599 - INFO - Fetching position data...
2025-06-16 18:05:11,938 - DEBUG - Falling back to livetiming mirror (https://livetiming-mirror.fastf1.dev)
2025-06-16 18:05:12,207 - WARNING - Car position data is unavailable!
2025-06-16 18:05:12,208 - WARNING - Failed to determine `Session.t0_date`!
2025-06-16 18:05:12,209 - INFO - No cached data found for weather_data. Loading data...
2025-06-16 18:05:12,209 - INFO - Fetching weather data...
2025-06-16 18:05:12,494 - DEBUG - Falling back to livetiming mirror (https://livetiming-mirror.fastf1.dev)
2025-06-16 18:05:12,757 - WARNING - Failed to load weather data!
2025-06-16 18:05:12,758 - DEBUG - Traceback for failure in weather data
Traceback (most recent call last):
  File "/Users/ompatel/Downloads/RacinglinAi/.venv/lib/python3.11/site-packages/fastf1/logger.py", line 151, in __wrapped
    return func(*args, **kwargs)
           ^^^^^^^^^^^^^^^^^^^^^
  File "/Users/ompatel/Downloads/RacinglinAi/.venv/lib/python3.11/site-packages/fastf1/core.py", line 2442, in _load_weather_data
    weather_data = api.weather_data(self.api_path, livedata=livedata)
                   ^^^^^^^^^^^^^^^^^^^^^^^^^^^^^^^^^^^^^^^^^^^^^^^^^^
  File "/Users/ompatel/Downloads/RacinglinAi/.venv/lib/python3.11/site-packages/fastf1/req.py", line 479, in _cached_api_request
    data = func(api_path, **func_kwargs)
           ^^^^^^^^^^^^^^^^^^^^^^^^^^^^^
  File "/Users/ompatel/Downloads/RacinglinAi/.venv/lib/python3.11/site-packages/fastf1/_api.py", line 1613, in weather_data
    raise SessionNotAvailableError(
fastf1._api.SessionNotAvailableError: No data for this session! If this session only finished recently, please try again in a few minutes.
2025-06-16 18:05:12,760 - INFO - No cached data found for race_control_messages. Loading data...
2025-06-16 18:05:12,761 - INFO - Fetching race control messages...
2025-06-16 18:05:13,045 - DEBUG - Falling back to livetiming mirror (https://livetiming-mirror.fastf1.dev)
2025-06-16 18:05:13,281 - WARNING - Failed to load race control messages!
2025-06-16 18:05:13,282 - DEBUG - Traceback for failure in race control messages
Traceback (most recent call last):
  File "/Users/ompatel/Downloads/RacinglinAi/.venv/lib/python3.11/site-packages/fastf1/logger.py", line 151, in __wrapped
    return func(*args, **kwargs)
           ^^^^^^^^^^^^^^^^^^^^^
  File "/Users/ompatel/Downloads/RacinglinAi/.venv/lib/python3.11/site-packages/fastf1/core.py", line 2449, in _load_race_control_messages
    race_control_messages = api.race_control_messages(self.api_path,
                            ^^^^^^^^^^^^^^^^^^^^^^^^^^^^^^^^^^^^^^^^
  File "/Users/ompatel/Downloads/RacinglinAi/.venv/lib/python3.11/site-packages/fastf1/req.py", line 479, in _cached_api_request
    data = func(api_path, **func_kwargs)
           ^^^^^^^^^^^^^^^^^^^^^^^^^^^^^
  File "/Users/ompatel/Downloads/RacinglinAi/.venv/lib/python3.11/site-packages/fastf1/_api.py", line 1404, in race_control_messages
    raise SessionNotAvailableError(
fastf1._api.SessionNotAvailableError: No data for this session! If this session only finished recently, please try again in a few minutes.
2025-06-16 18:05:13,285 - INFO - Finished loading data for 0 drivers: []
2025-06-16 18:05:13,286 - ERROR - [PROCESS FAIL] singapore_grand_prix: The data you are trying to access has not been loaded yet. See `Session.load`
2025-06-16 18:05:13,305 - INFO - Loading data for Mexico City Grand Prix - Race [v3.5.3]
2025-06-16 18:05:13,306 - INFO - No cached data found for session_info. Loading data...
2025-06-16 18:05:13,307 - INFO - Fetching session info data...
2025-06-16 18:05:13,594 - DEBUG - Falling back to livetiming mirror (https://livetiming-mirror.fastf1.dev)
2025-06-16 18:05:13,840 - WARNING - Failed to load session info data!
2025-06-16 18:05:13,841 - DEBUG - Traceback for failure in session info data
Traceback (most recent call last):
  File "/Users/ompatel/Downloads/RacinglinAi/.venv/lib/python3.11/site-packages/fastf1/logger.py", line 151, in __wrapped
    return func(*args, **kwargs)
           ^^^^^^^^^^^^^^^^^^^^^
  File "/Users/ompatel/Downloads/RacinglinAi/.venv/lib/python3.11/site-packages/fastf1/core.py", line 1470, in _load_session_info
    self._session_info = api.session_info(self.api_path,
                         ^^^^^^^^^^^^^^^^^^^^^^^^^^^^^^^
  File "/Users/ompatel/Downloads/RacinglinAi/.venv/lib/python3.11/site-packages/fastf1/req.py", line 479, in _cached_api_request
    data = func(api_path, **func_kwargs)
           ^^^^^^^^^^^^^^^^^^^^^^^^^^^^^
  File "/Users/ompatel/Downloads/RacinglinAi/.venv/lib/python3.11/site-packages/fastf1/_api.py", line 1687, in session_info
    raise SessionNotAvailableError(
fastf1._api.SessionNotAvailableError: No data for this session! If this session only finished recently, please try again in a few minutes.
2025-06-16 18:05:13,842 - INFO - No cached data found for driver_info. Loading data...
2025-06-16 18:05:13,843 - INFO - Fetching driver list...
2025-06-16 18:05:14,043 - DEBUG - Falling back to livetiming mirror (https://livetiming-mirror.fastf1.dev)
2025-06-16 18:05:14,315 - WARNING - Failed to load extended driver information!
2025-06-16 18:05:14,316 - DEBUG - Exception while loading driver list
Traceback (most recent call last):
  File "/Users/ompatel/Downloads/RacinglinAi/.venv/lib/python3.11/site-packages/fastf1/core.py", line 2291, in _drivers_from_f1_api
    f1di = api.driver_info(self.api_path, livedata=livedata)
           ^^^^^^^^^^^^^^^^^^^^^^^^^^^^^^^^^^^^^^^^^^^^^^^^^
  File "/Users/ompatel/Downloads/RacinglinAi/.venv/lib/python3.11/site-packages/fastf1/req.py", line 479, in _cached_api_request
    data = func(api_path, **func_kwargs)
           ^^^^^^^^^^^^^^^^^^^^^^^^^^^^^
  File "/Users/ompatel/Downloads/RacinglinAi/.venv/lib/python3.11/site-packages/fastf1/_api.py", line 1535, in driver_info
    raise SessionNotAvailableError(
fastf1._api.SessionNotAvailableError: No data for this session! If this session only finished recently, please try again in a few minutes.
2025-06-16 18:05:14,466 - WARNING - No result data for this session available on Ergast! (This is expected for recent sessions)
2025-06-16 18:05:14,466 - WARNING - Failed to load driver list and session results!
2025-06-16 18:05:14,473 - INFO - No cached data found for session_status_data. Loading data...
2025-06-16 18:05:14,474 - INFO - Fetching session status data...
2025-06-16 18:05:14,870 - DEBUG - Falling back to livetiming mirror (https://livetiming-mirror.fastf1.dev)
2025-06-16 18:05:15,091 - WARNING - Failed to load session status data!
2025-06-16 18:05:15,093 - DEBUG - Traceback for failure in session status data
Traceback (most recent call last):
  File "/Users/ompatel/Downloads/RacinglinAi/.venv/lib/python3.11/site-packages/fastf1/logger.py", line 151, in __wrapped
    return func(*args, **kwargs)
           ^^^^^^^^^^^^^^^^^^^^^
  File "/Users/ompatel/Downloads/RacinglinAi/.venv/lib/python3.11/site-packages/fastf1/core.py", line 2052, in _load_session_status_data
    session_status = api.session_status_data(self.api_path,
                     ^^^^^^^^^^^^^^^^^^^^^^^^^^^^^^^^^^^^^^
  File "/Users/ompatel/Downloads/RacinglinAi/.venv/lib/python3.11/site-packages/fastf1/req.py", line 479, in _cached_api_request
    data = func(api_path, **func_kwargs)
           ^^^^^^^^^^^^^^^^^^^^^^^^^^^^^
  File "/Users/ompatel/Downloads/RacinglinAi/.venv/lib/python3.11/site-packages/fastf1/_api.py", line 1333, in session_status_data
    raise SessionNotAvailableError(
fastf1._api.SessionNotAvailableError: No data for this session! If this session only finished recently, please try again in a few minutes.
2025-06-16 18:05:15,094 - INFO - No cached data found for lap_count. Loading data...
2025-06-16 18:05:15,095 - INFO - Fetching lap count data...
2025-06-16 18:05:15,399 - DEBUG - Falling back to livetiming mirror (https://livetiming-mirror.fastf1.dev)
2025-06-16 18:05:15,603 - WARNING - Failed to load total lap count!
2025-06-16 18:05:15,604 - DEBUG - Traceback for failure in total lap count
Traceback (most recent call last):
  File "/Users/ompatel/Downloads/RacinglinAi/.venv/lib/python3.11/site-packages/fastf1/logger.py", line 151, in __wrapped
    return func(*args, **kwargs)
           ^^^^^^^^^^^^^^^^^^^^^
  File "/Users/ompatel/Downloads/RacinglinAi/.venv/lib/python3.11/site-packages/fastf1/core.py", line 2034, in _load_total_lap_count
    lap_count = api.lap_count(self.api_path, livedata=livedata)
                ^^^^^^^^^^^^^^^^^^^^^^^^^^^^^^^^^^^^^^^^^^^^^^^
  File "/Users/ompatel/Downloads/RacinglinAi/.venv/lib/python3.11/site-packages/fastf1/req.py", line 479, in _cached_api_request
    data = func(api_path, **func_kwargs)
           ^^^^^^^^^^^^^^^^^^^^^^^^^^^^^
  File "/Users/ompatel/Downloads/RacinglinAi/.venv/lib/python3.11/site-packages/fastf1/_api.py", line 1476, in lap_count
    raise SessionNotAvailableError(
fastf1._api.SessionNotAvailableError: No data for this session! If this session only finished recently, please try again in a few minutes.
2025-06-16 18:05:15,605 - INFO - No cached data found for track_status_data. Loading data...
2025-06-16 18:05:15,606 - INFO - Fetching track status data...
2025-06-16 18:05:15,930 - DEBUG - Falling back to livetiming mirror (https://livetiming-mirror.fastf1.dev)
2025-06-16 18:05:16,152 - WARNING - Failed to load track status data!
2025-06-16 18:05:16,154 - DEBUG - Traceback for failure in track status data
Traceback (most recent call last):
  File "/Users/ompatel/Downloads/RacinglinAi/.venv/lib/python3.11/site-packages/fastf1/logger.py", line 151, in __wrapped
    return func(*args, **kwargs)
           ^^^^^^^^^^^^^^^^^^^^^
  File "/Users/ompatel/Downloads/RacinglinAi/.venv/lib/python3.11/site-packages/fastf1/core.py", line 2021, in _load_track_status_data
    track_status = api.track_status_data(self.api_path, livedata=livedata)
                   ^^^^^^^^^^^^^^^^^^^^^^^^^^^^^^^^^^^^^^^^^^^^^^^^^^^^^^^
  File "/Users/ompatel/Downloads/RacinglinAi/.venv/lib/python3.11/site-packages/fastf1/req.py", line 479, in _cached_api_request
    data = func(api_path, **func_kwargs)
           ^^^^^^^^^^^^^^^^^^^^^^^^^^^^^
  File "/Users/ompatel/Downloads/RacinglinAi/.venv/lib/python3.11/site-packages/fastf1/_api.py", line 1277, in track_status_data
    raise SessionNotAvailableError(
fastf1._api.SessionNotAvailableError: No data for this session! If this session only finished recently, please try again in a few minutes.
2025-06-16 18:05:16,155 - INFO - No cached data found for _extended_timing_data. Loading data...
2025-06-16 18:05:16,156 - INFO - Fetching timing data...
2025-06-16 18:05:16,462 - DEBUG - Falling back to livetiming mirror (https://livetiming-mirror.fastf1.dev)
2025-06-16 18:05:16,685 - WARNING - Failed to load timing data!
2025-06-16 18:05:16,686 - DEBUG - Traceback for failure in lap timing data
Traceback (most recent call last):
  File "/Users/ompatel/Downloads/RacinglinAi/.venv/lib/python3.11/site-packages/fastf1/logger.py", line 151, in __wrapped
    return func(*args, **kwargs)
           ^^^^^^^^^^^^^^^^^^^^^
  File "/Users/ompatel/Downloads/RacinglinAi/.venv/lib/python3.11/site-packages/fastf1/core.py", line 1476, in _load_laps_data
    = api._extended_timing_data(self.api_path, livedata=livedata)
      ^^^^^^^^^^^^^^^^^^^^^^^^^^^^^^^^^^^^^^^^^^^^^^^^^^^^^^^^^^^
  File "/Users/ompatel/Downloads/RacinglinAi/.venv/lib/python3.11/site-packages/fastf1/req.py", line 479, in _cached_api_request
    data = func(api_path, **func_kwargs)
           ^^^^^^^^^^^^^^^^^^^^^^^^^^^^^
  File "/Users/ompatel/Downloads/RacinglinAi/.venv/lib/python3.11/site-packages/fastf1/_api.py", line 200, in _extended_timing_data
    raise SessionNotAvailableError(
fastf1._api.SessionNotAvailableError: No data for this session! If this session only finished recently, please try again in a few minutes.
2025-06-16 18:05:16,845 - WARNING - Cannot load lap times for first lap from Ergast. Timing data is not available for this session.
2025-06-16 18:05:16,847 - INFO - No cached data found for car_data. Loading data...
2025-06-16 18:05:16,847 - INFO - Fetching car data...
2025-06-16 18:05:17,293 - DEBUG - Falling back to livetiming mirror (https://livetiming-mirror.fastf1.dev)
2025-06-16 18:05:17,516 - WARNING - Car telemetry data is unavailable!
2025-06-16 18:05:17,517 - INFO - No cached data found for position_data. Loading data...
2025-06-16 18:05:17,518 - INFO - Fetching position data...
2025-06-16 18:05:17,834 - DEBUG - Falling back to livetiming mirror (https://livetiming-mirror.fastf1.dev)
2025-06-16 18:05:18,088 - WARNING - Car position data is unavailable!
2025-06-16 18:05:18,090 - WARNING - Failed to determine `Session.t0_date`!
2025-06-16 18:05:18,091 - INFO - No cached data found for weather_data. Loading data...
2025-06-16 18:05:18,092 - INFO - Fetching weather data...
2025-06-16 18:05:18,382 - DEBUG - Falling back to livetiming mirror (https://livetiming-mirror.fastf1.dev)
2025-06-16 18:05:18,609 - WARNING - Failed to load weather data!
2025-06-16 18:05:18,610 - DEBUG - Traceback for failure in weather data
Traceback (most recent call last):
  File "/Users/ompatel/Downloads/RacinglinAi/.venv/lib/python3.11/site-packages/fastf1/logger.py", line 151, in __wrapped
    return func(*args, **kwargs)
           ^^^^^^^^^^^^^^^^^^^^^
  File "/Users/ompatel/Downloads/RacinglinAi/.venv/lib/python3.11/site-packages/fastf1/core.py", line 2442, in _load_weather_data
    weather_data = api.weather_data(self.api_path, livedata=livedata)
                   ^^^^^^^^^^^^^^^^^^^^^^^^^^^^^^^^^^^^^^^^^^^^^^^^^^
  File "/Users/ompatel/Downloads/RacinglinAi/.venv/lib/python3.11/site-packages/fastf1/req.py", line 479, in _cached_api_request
    data = func(api_path, **func_kwargs)
           ^^^^^^^^^^^^^^^^^^^^^^^^^^^^^
  File "/Users/ompatel/Downloads/RacinglinAi/.venv/lib/python3.11/site-packages/fastf1/_api.py", line 1613, in weather_data
    raise SessionNotAvailableError(
fastf1._api.SessionNotAvailableError: No data for this session! If this session only finished recently, please try again in a few minutes.
2025-06-16 18:05:18,612 - INFO - No cached data found for race_control_messages. Loading data...
2025-06-16 18:05:18,613 - INFO - Fetching race control messages...
2025-06-16 18:05:18,916 - DEBUG - Falling back to livetiming mirror (https://livetiming-mirror.fastf1.dev)
2025-06-16 18:05:19,127 - WARNING - Failed to load race control messages!
2025-06-16 18:05:19,128 - DEBUG - Traceback for failure in race control messages
Traceback (most recent call last):
  File "/Users/ompatel/Downloads/RacinglinAi/.venv/lib/python3.11/site-packages/fastf1/logger.py", line 151, in __wrapped
    return func(*args, **kwargs)
           ^^^^^^^^^^^^^^^^^^^^^
  File "/Users/ompatel/Downloads/RacinglinAi/.venv/lib/python3.11/site-packages/fastf1/core.py", line 2449, in _load_race_control_messages
    race_control_messages = api.race_control_messages(self.api_path,
                            ^^^^^^^^^^^^^^^^^^^^^^^^^^^^^^^^^^^^^^^^
  File "/Users/ompatel/Downloads/RacinglinAi/.venv/lib/python3.11/site-packages/fastf1/req.py", line 479, in _cached_api_request
    data = func(api_path, **func_kwargs)
           ^^^^^^^^^^^^^^^^^^^^^^^^^^^^^
  File "/Users/ompatel/Downloads/RacinglinAi/.venv/lib/python3.11/site-packages/fastf1/_api.py", line 1404, in race_control_messages
    raise SessionNotAvailableError(
fastf1._api.SessionNotAvailableError: No data for this session! If this session only finished recently, please try again in a few minutes.
2025-06-16 18:05:19,130 - INFO - Finished loading data for 0 drivers: []
2025-06-16 18:05:19,131 - ERROR - [PROCESS FAIL] mexico_city_grand_prix: The data you are trying to access has not been loaded yet. See `Session.load`
2025-06-16 18:05:19,163 - INFO - Loading data for Las Vegas Grand Prix - Race [v3.5.3]
2025-06-16 18:05:19,164 - INFO - No cached data found for session_info. Loading data...
2025-06-16 18:05:19,164 - INFO - Fetching session info data...
2025-06-16 18:05:19,445 - DEBUG - Falling back to livetiming mirror (https://livetiming-mirror.fastf1.dev)
2025-06-16 18:05:19,665 - WARNING - Failed to load session info data!
2025-06-16 18:05:19,666 - DEBUG - Traceback for failure in session info data
Traceback (most recent call last):
  File "/Users/ompatel/Downloads/RacinglinAi/.venv/lib/python3.11/site-packages/fastf1/logger.py", line 151, in __wrapped
    return func(*args, **kwargs)
           ^^^^^^^^^^^^^^^^^^^^^
  File "/Users/ompatel/Downloads/RacinglinAi/.venv/lib/python3.11/site-packages/fastf1/core.py", line 1470, in _load_session_info
    self._session_info = api.session_info(self.api_path,
                         ^^^^^^^^^^^^^^^^^^^^^^^^^^^^^^^
  File "/Users/ompatel/Downloads/RacinglinAi/.venv/lib/python3.11/site-packages/fastf1/req.py", line 479, in _cached_api_request
    data = func(api_path, **func_kwargs)
           ^^^^^^^^^^^^^^^^^^^^^^^^^^^^^
  File "/Users/ompatel/Downloads/RacinglinAi/.venv/lib/python3.11/site-packages/fastf1/_api.py", line 1687, in session_info
    raise SessionNotAvailableError(
fastf1._api.SessionNotAvailableError: No data for this session! If this session only finished recently, please try again in a few minutes.
2025-06-16 18:05:19,667 - INFO - No cached data found for driver_info. Loading data...
2025-06-16 18:05:19,668 - INFO - Fetching driver list...
2025-06-16 18:05:19,845 - DEBUG - Falling back to livetiming mirror (https://livetiming-mirror.fastf1.dev)
2025-06-16 18:05:20,169 - WARNING - Failed to load extended driver information!
2025-06-16 18:05:20,170 - DEBUG - Exception while loading driver list
Traceback (most recent call last):
  File "/Users/ompatel/Downloads/RacinglinAi/.venv/lib/python3.11/site-packages/fastf1/core.py", line 2291, in _drivers_from_f1_api
    f1di = api.driver_info(self.api_path, livedata=livedata)
           ^^^^^^^^^^^^^^^^^^^^^^^^^^^^^^^^^^^^^^^^^^^^^^^^^
  File "/Users/ompatel/Downloads/RacinglinAi/.venv/lib/python3.11/site-packages/fastf1/req.py", line 479, in _cached_api_request
    data = func(api_path, **func_kwargs)
           ^^^^^^^^^^^^^^^^^^^^^^^^^^^^^
  File "/Users/ompatel/Downloads/RacinglinAi/.venv/lib/python3.11/site-packages/fastf1/_api.py", line 1535, in driver_info
    raise SessionNotAvailableError(
fastf1._api.SessionNotAvailableError: No data for this session! If this session only finished recently, please try again in a few minutes.
2025-06-16 18:05:20,327 - WARNING - No result data for this session available on Ergast! (This is expected for recent sessions)
2025-06-16 18:05:20,328 - WARNING - Failed to load driver list and session results!
2025-06-16 18:05:20,341 - INFO - No cached data found for session_status_data. Loading data...
2025-06-16 18:05:20,341 - INFO - Fetching session status data...
2025-06-16 18:05:20,804 - DEBUG - Falling back to livetiming mirror (https://livetiming-mirror.fastf1.dev)
2025-06-16 18:05:21,026 - WARNING - Failed to load session status data!
2025-06-16 18:05:21,027 - DEBUG - Traceback for failure in session status data
Traceback (most recent call last):
  File "/Users/ompatel/Downloads/RacinglinAi/.venv/lib/python3.11/site-packages/fastf1/logger.py", line 151, in __wrapped
    return func(*args, **kwargs)
           ^^^^^^^^^^^^^^^^^^^^^
  File "/Users/ompatel/Downloads/RacinglinAi/.venv/lib/python3.11/site-packages/fastf1/core.py", line 2052, in _load_session_status_data
    session_status = api.session_status_data(self.api_path,
                     ^^^^^^^^^^^^^^^^^^^^^^^^^^^^^^^^^^^^^^
  File "/Users/ompatel/Downloads/RacinglinAi/.venv/lib/python3.11/site-packages/fastf1/req.py", line 479, in _cached_api_request
    data = func(api_path, **func_kwargs)
           ^^^^^^^^^^^^^^^^^^^^^^^^^^^^^
  File "/Users/ompatel/Downloads/RacinglinAi/.venv/lib/python3.11/site-packages/fastf1/_api.py", line 1333, in session_status_data
    raise SessionNotAvailableError(
fastf1._api.SessionNotAvailableError: No data for this session! If this session only finished recently, please try again in a few minutes.
2025-06-16 18:05:21,028 - INFO - No cached data found for lap_count. Loading data...
2025-06-16 18:05:21,030 - INFO - Fetching lap count data...
2025-06-16 18:05:21,336 - DEBUG - Falling back to livetiming mirror (https://livetiming-mirror.fastf1.dev)
2025-06-16 18:05:21,562 - WARNING - Failed to load total lap count!
2025-06-16 18:05:21,564 - DEBUG - Traceback for failure in total lap count
Traceback (most recent call last):
  File "/Users/ompatel/Downloads/RacinglinAi/.venv/lib/python3.11/site-packages/fastf1/logger.py", line 151, in __wrapped
    return func(*args, **kwargs)
           ^^^^^^^^^^^^^^^^^^^^^
  File "/Users/ompatel/Downloads/RacinglinAi/.venv/lib/python3.11/site-packages/fastf1/core.py", line 2034, in _load_total_lap_count
    lap_count = api.lap_count(self.api_path, livedata=livedata)
                ^^^^^^^^^^^^^^^^^^^^^^^^^^^^^^^^^^^^^^^^^^^^^^^
  File "/Users/ompatel/Downloads/RacinglinAi/.venv/lib/python3.11/site-packages/fastf1/req.py", line 479, in _cached_api_request
    data = func(api_path, **func_kwargs)
           ^^^^^^^^^^^^^^^^^^^^^^^^^^^^^
  File "/Users/ompatel/Downloads/RacinglinAi/.venv/lib/python3.11/site-packages/fastf1/_api.py", line 1476, in lap_count
    raise SessionNotAvailableError(
fastf1._api.SessionNotAvailableError: No data for this session! If this session only finished recently, please try again in a few minutes.
2025-06-16 18:05:21,565 - INFO - No cached data found for track_status_data. Loading data...
2025-06-16 18:05:21,566 - INFO - Fetching track status data...
2025-06-16 18:05:21,906 - DEBUG - Falling back to livetiming mirror (https://livetiming-mirror.fastf1.dev)
2025-06-16 18:05:22,116 - WARNING - Failed to load track status data!
2025-06-16 18:05:22,118 - DEBUG - Traceback for failure in track status data
Traceback (most recent call last):
  File "/Users/ompatel/Downloads/RacinglinAi/.venv/lib/python3.11/site-packages/fastf1/logger.py", line 151, in __wrapped
    return func(*args, **kwargs)
           ^^^^^^^^^^^^^^^^^^^^^
  File "/Users/ompatel/Downloads/RacinglinAi/.venv/lib/python3.11/site-packages/fastf1/core.py", line 2021, in _load_track_status_data
    track_status = api.track_status_data(self.api_path, livedata=livedata)
                   ^^^^^^^^^^^^^^^^^^^^^^^^^^^^^^^^^^^^^^^^^^^^^^^^^^^^^^^
  File "/Users/ompatel/Downloads/RacinglinAi/.venv/lib/python3.11/site-packages/fastf1/req.py", line 479, in _cached_api_request
    data = func(api_path, **func_kwargs)
           ^^^^^^^^^^^^^^^^^^^^^^^^^^^^^
  File "/Users/ompatel/Downloads/RacinglinAi/.venv/lib/python3.11/site-packages/fastf1/_api.py", line 1277, in track_status_data
    raise SessionNotAvailableError(
fastf1._api.SessionNotAvailableError: No data for this session! If this session only finished recently, please try again in a few minutes.
2025-06-16 18:05:22,119 - INFO - No cached data found for _extended_timing_data. Loading data...
2025-06-16 18:05:22,120 - INFO - Fetching timing data...
2025-06-16 18:05:22,429 - DEBUG - Falling back to livetiming mirror (https://livetiming-mirror.fastf1.dev)
2025-06-16 18:05:22,639 - WARNING - Failed to load timing data!
2025-06-16 18:05:22,641 - DEBUG - Traceback for failure in lap timing data
Traceback (most recent call last):
  File "/Users/ompatel/Downloads/RacinglinAi/.venv/lib/python3.11/site-packages/fastf1/logger.py", line 151, in __wrapped
    return func(*args, **kwargs)
           ^^^^^^^^^^^^^^^^^^^^^
  File "/Users/ompatel/Downloads/RacinglinAi/.venv/lib/python3.11/site-packages/fastf1/core.py", line 1476, in _load_laps_data
    = api._extended_timing_data(self.api_path, livedata=livedata)
      ^^^^^^^^^^^^^^^^^^^^^^^^^^^^^^^^^^^^^^^^^^^^^^^^^^^^^^^^^^^
  File "/Users/ompatel/Downloads/RacinglinAi/.venv/lib/python3.11/site-packages/fastf1/req.py", line 479, in _cached_api_request
    data = func(api_path, **func_kwargs)
           ^^^^^^^^^^^^^^^^^^^^^^^^^^^^^
  File "/Users/ompatel/Downloads/RacinglinAi/.venv/lib/python3.11/site-packages/fastf1/_api.py", line 200, in _extended_timing_data
    raise SessionNotAvailableError(
fastf1._api.SessionNotAvailableError: No data for this session! If this session only finished recently, please try again in a few minutes.
2025-06-16 18:05:22,817 - WARNING - Cannot load lap times for first lap from Ergast. Timing data is not available for this session.
2025-06-16 18:05:22,818 - INFO - No cached data found for car_data. Loading data...
2025-06-16 18:05:22,818 - INFO - Fetching car data...
2025-06-16 18:05:23,211 - DEBUG - Falling back to livetiming mirror (https://livetiming-mirror.fastf1.dev)
2025-06-16 18:05:23,435 - WARNING - Car telemetry data is unavailable!
2025-06-16 18:05:23,437 - INFO - No cached data found for position_data. Loading data...
2025-06-16 18:05:23,438 - INFO - Fetching position data...
2025-06-16 18:05:23,750 - DEBUG - Falling back to livetiming mirror (https://livetiming-mirror.fastf1.dev)
2025-06-16 18:05:23,991 - WARNING - Car position data is unavailable!
2025-06-16 18:05:23,992 - WARNING - Failed to determine `Session.t0_date`!
2025-06-16 18:05:23,992 - INFO - No cached data found for weather_data. Loading data...
2025-06-16 18:05:23,993 - INFO - Fetching weather data...
2025-06-16 18:05:24,285 - DEBUG - Falling back to livetiming mirror (https://livetiming-mirror.fastf1.dev)
2025-06-16 18:05:24,485 - WARNING - Failed to load weather data!
2025-06-16 18:05:24,487 - DEBUG - Traceback for failure in weather data
Traceback (most recent call last):
  File "/Users/ompatel/Downloads/RacinglinAi/.venv/lib/python3.11/site-packages/fastf1/logger.py", line 151, in __wrapped
    return func(*args, **kwargs)
           ^^^^^^^^^^^^^^^^^^^^^
  File "/Users/ompatel/Downloads/RacinglinAi/.venv/lib/python3.11/site-packages/fastf1/core.py", line 2442, in _load_weather_data
    weather_data = api.weather_data(self.api_path, livedata=livedata)
                   ^^^^^^^^^^^^^^^^^^^^^^^^^^^^^^^^^^^^^^^^^^^^^^^^^^
  File "/Users/ompatel/Downloads/RacinglinAi/.venv/lib/python3.11/site-packages/fastf1/req.py", line 479, in _cached_api_request
    data = func(api_path, **func_kwargs)
           ^^^^^^^^^^^^^^^^^^^^^^^^^^^^^
  File "/Users/ompatel/Downloads/RacinglinAi/.venv/lib/python3.11/site-packages/fastf1/_api.py", line 1613, in weather_data
    raise SessionNotAvailableError(
fastf1._api.SessionNotAvailableError: No data for this session! If this session only finished recently, please try again in a few minutes.
2025-06-16 18:05:24,489 - INFO - No cached data found for race_control_messages. Loading data...
2025-06-16 18:05:24,489 - INFO - Fetching race control messages...
2025-06-16 18:05:24,806 - DEBUG - Falling back to livetiming mirror (https://livetiming-mirror.fastf1.dev)
2025-06-16 18:05:25,040 - WARNING - Failed to load race control messages!
2025-06-16 18:05:25,042 - DEBUG - Traceback for failure in race control messages
Traceback (most recent call last):
  File "/Users/ompatel/Downloads/RacinglinAi/.venv/lib/python3.11/site-packages/fastf1/logger.py", line 151, in __wrapped
    return func(*args, **kwargs)
           ^^^^^^^^^^^^^^^^^^^^^
  File "/Users/ompatel/Downloads/RacinglinAi/.venv/lib/python3.11/site-packages/fastf1/core.py", line 2449, in _load_race_control_messages
    race_control_messages = api.race_control_messages(self.api_path,
                            ^^^^^^^^^^^^^^^^^^^^^^^^^^^^^^^^^^^^^^^^
  File "/Users/ompatel/Downloads/RacinglinAi/.venv/lib/python3.11/site-packages/fastf1/req.py", line 479, in _cached_api_request
    data = func(api_path, **func_kwargs)
           ^^^^^^^^^^^^^^^^^^^^^^^^^^^^^
  File "/Users/ompatel/Downloads/RacinglinAi/.venv/lib/python3.11/site-packages/fastf1/_api.py", line 1404, in race_control_messages
    raise SessionNotAvailableError(
fastf1._api.SessionNotAvailableError: No data for this session! If this session only finished recently, please try again in a few minutes.
2025-06-16 18:05:25,046 - INFO - Finished loading data for 0 drivers: []
2025-06-16 18:05:25,047 - ERROR - [PROCESS FAIL] las_vegas_grand_prix: The data you are trying to access has not been loaded yet. See `Session.load`
2025-06-16 18:05:25,073 - INFO - Loading data for Abu Dhabi Grand Prix - Race [v3.5.3]
2025-06-16 18:05:25,075 - INFO - No cached data found for session_info. Loading data...
2025-06-16 18:05:25,075 - INFO - Fetching session info data...
2025-06-16 18:05:25,347 - DEBUG - Falling back to livetiming mirror (https://livetiming-mirror.fastf1.dev)
2025-06-16 18:05:25,545 - WARNING - Failed to load session info data!
2025-06-16 18:05:25,546 - DEBUG - Traceback for failure in session info data
Traceback (most recent call last):
  File "/Users/ompatel/Downloads/RacinglinAi/.venv/lib/python3.11/site-packages/fastf1/logger.py", line 151, in __wrapped
    return func(*args, **kwargs)
           ^^^^^^^^^^^^^^^^^^^^^
  File "/Users/ompatel/Downloads/RacinglinAi/.venv/lib/python3.11/site-packages/fastf1/core.py", line 1470, in _load_session_info
    self._session_info = api.session_info(self.api_path,
                         ^^^^^^^^^^^^^^^^^^^^^^^^^^^^^^^
  File "/Users/ompatel/Downloads/RacinglinAi/.venv/lib/python3.11/site-packages/fastf1/req.py", line 479, in _cached_api_request
    data = func(api_path, **func_kwargs)
           ^^^^^^^^^^^^^^^^^^^^^^^^^^^^^
  File "/Users/ompatel/Downloads/RacinglinAi/.venv/lib/python3.11/site-packages/fastf1/_api.py", line 1687, in session_info
    raise SessionNotAvailableError(
fastf1._api.SessionNotAvailableError: No data for this session! If this session only finished recently, please try again in a few minutes.
2025-06-16 18:05:25,546 - INFO - No cached data found for driver_info. Loading data...
2025-06-16 18:05:25,547 - INFO - Fetching driver list...
2025-06-16 18:05:25,876 - DEBUG - Falling back to livetiming mirror (https://livetiming-mirror.fastf1.dev)
2025-06-16 18:05:26,075 - WARNING - Failed to load extended driver information!
2025-06-16 18:05:26,077 - DEBUG - Exception while loading driver list
Traceback (most recent call last):
  File "/Users/ompatel/Downloads/RacinglinAi/.venv/lib/python3.11/site-packages/fastf1/core.py", line 2291, in _drivers_from_f1_api
    f1di = api.driver_info(self.api_path, livedata=livedata)
           ^^^^^^^^^^^^^^^^^^^^^^^^^^^^^^^^^^^^^^^^^^^^^^^^^
  File "/Users/ompatel/Downloads/RacinglinAi/.venv/lib/python3.11/site-packages/fastf1/req.py", line 479, in _cached_api_request
    data = func(api_path, **func_kwargs)
           ^^^^^^^^^^^^^^^^^^^^^^^^^^^^^
  File "/Users/ompatel/Downloads/RacinglinAi/.venv/lib/python3.11/site-packages/fastf1/_api.py", line 1535, in driver_info
    raise SessionNotAvailableError(
fastf1._api.SessionNotAvailableError: No data for this session! If this session only finished recently, please try again in a few minutes.
2025-06-16 18:05:26,257 - WARNING - No result data for this session available on Ergast! (This is expected for recent sessions)
2025-06-16 18:05:26,258 - WARNING - Failed to load driver list and session results!
2025-06-16 18:05:26,273 - INFO - No cached data found for session_status_data. Loading data...
2025-06-16 18:05:26,273 - INFO - Fetching session status data...
2025-06-16 18:05:26,760 - DEBUG - Falling back to livetiming mirror (https://livetiming-mirror.fastf1.dev)
2025-06-16 18:05:26,980 - WARNING - Failed to load session status data!
2025-06-16 18:05:26,981 - DEBUG - Traceback for failure in session status data
Traceback (most recent call last):
  File "/Users/ompatel/Downloads/RacinglinAi/.venv/lib/python3.11/site-packages/fastf1/logger.py", line 151, in __wrapped
    return func(*args, **kwargs)
           ^^^^^^^^^^^^^^^^^^^^^
  File "/Users/ompatel/Downloads/RacinglinAi/.venv/lib/python3.11/site-packages/fastf1/core.py", line 2052, in _load_session_status_data
    session_status = api.session_status_data(self.api_path,
                     ^^^^^^^^^^^^^^^^^^^^^^^^^^^^^^^^^^^^^^
  File "/Users/ompatel/Downloads/RacinglinAi/.venv/lib/python3.11/site-packages/fastf1/req.py", line 479, in _cached_api_request
    data = func(api_path, **func_kwargs)
           ^^^^^^^^^^^^^^^^^^^^^^^^^^^^^
  File "/Users/ompatel/Downloads/RacinglinAi/.venv/lib/python3.11/site-packages/fastf1/_api.py", line 1333, in session_status_data
    raise SessionNotAvailableError(
fastf1._api.SessionNotAvailableError: No data for this session! If this session only finished recently, please try again in a few minutes.
2025-06-16 18:05:26,982 - INFO - No cached data found for lap_count. Loading data...
2025-06-16 18:05:26,983 - INFO - Fetching lap count data...
2025-06-16 18:05:27,293 - DEBUG - Falling back to livetiming mirror (https://livetiming-mirror.fastf1.dev)
2025-06-16 18:05:27,525 - WARNING - Failed to load total lap count!
2025-06-16 18:05:27,525 - DEBUG - Traceback for failure in total lap count
Traceback (most recent call last):
  File "/Users/ompatel/Downloads/RacinglinAi/.venv/lib/python3.11/site-packages/fastf1/logger.py", line 151, in __wrapped
    return func(*args, **kwargs)
           ^^^^^^^^^^^^^^^^^^^^^
  File "/Users/ompatel/Downloads/RacinglinAi/.venv/lib/python3.11/site-packages/fastf1/core.py", line 2034, in _load_total_lap_count
    lap_count = api.lap_count(self.api_path, livedata=livedata)
                ^^^^^^^^^^^^^^^^^^^^^^^^^^^^^^^^^^^^^^^^^^^^^^^
  File "/Users/ompatel/Downloads/RacinglinAi/.venv/lib/python3.11/site-packages/fastf1/req.py", line 479, in _cached_api_request
    data = func(api_path, **func_kwargs)
           ^^^^^^^^^^^^^^^^^^^^^^^^^^^^^
  File "/Users/ompatel/Downloads/RacinglinAi/.venv/lib/python3.11/site-packages/fastf1/_api.py", line 1476, in lap_count
    raise SessionNotAvailableError(
fastf1._api.SessionNotAvailableError: No data for this session! If this session only finished recently, please try again in a few minutes.
2025-06-16 18:05:27,526 - INFO - No cached data found for track_status_data. Loading data...
2025-06-16 18:05:27,526 - INFO - Fetching track status data...
2025-06-16 18:05:28,002 - DEBUG - Falling back to livetiming mirror (https://livetiming-mirror.fastf1.dev)
2025-06-16 18:05:28,225 - WARNING - Failed to load track status data!
2025-06-16 18:05:28,226 - DEBUG - Traceback for failure in track status data
Traceback (most recent call last):
  File "/Users/ompatel/Downloads/RacinglinAi/.venv/lib/python3.11/site-packages/fastf1/logger.py", line 151, in __wrapped
    return func(*args, **kwargs)
           ^^^^^^^^^^^^^^^^^^^^^
  File "/Users/ompatel/Downloads/RacinglinAi/.venv/lib/python3.11/site-packages/fastf1/core.py", line 2021, in _load_track_status_data
    track_status = api.track_status_data(self.api_path, livedata=livedata)
                   ^^^^^^^^^^^^^^^^^^^^^^^^^^^^^^^^^^^^^^^^^^^^^^^^^^^^^^^
  File "/Users/ompatel/Downloads/RacinglinAi/.venv/lib/python3.11/site-packages/fastf1/req.py", line 479, in _cached_api_request
    data = func(api_path, **func_kwargs)
           ^^^^^^^^^^^^^^^^^^^^^^^^^^^^^
  File "/Users/ompatel/Downloads/RacinglinAi/.venv/lib/python3.11/site-packages/fastf1/_api.py", line 1277, in track_status_data
    raise SessionNotAvailableError(
fastf1._api.SessionNotAvailableError: No data for this session! If this session only finished recently, please try again in a few minutes.
2025-06-16 18:05:28,227 - INFO - No cached data found for _extended_timing_data. Loading data...
2025-06-16 18:05:28,227 - INFO - Fetching timing data...
2025-06-16 18:05:28,552 - DEBUG - Falling back to livetiming mirror (https://livetiming-mirror.fastf1.dev)
2025-06-16 18:05:28,766 - WARNING - Failed to load timing data!
2025-06-16 18:05:28,767 - DEBUG - Traceback for failure in lap timing data
Traceback (most recent call last):
  File "/Users/ompatel/Downloads/RacinglinAi/.venv/lib/python3.11/site-packages/fastf1/logger.py", line 151, in __wrapped
    return func(*args, **kwargs)
           ^^^^^^^^^^^^^^^^^^^^^
  File "/Users/ompatel/Downloads/RacinglinAi/.venv/lib/python3.11/site-packages/fastf1/core.py", line 1476, in _load_laps_data
    = api._extended_timing_data(self.api_path, livedata=livedata)
      ^^^^^^^^^^^^^^^^^^^^^^^^^^^^^^^^^^^^^^^^^^^^^^^^^^^^^^^^^^^
  File "/Users/ompatel/Downloads/RacinglinAi/.venv/lib/python3.11/site-packages/fastf1/req.py", line 479, in _cached_api_request
    data = func(api_path, **func_kwargs)
           ^^^^^^^^^^^^^^^^^^^^^^^^^^^^^
  File "/Users/ompatel/Downloads/RacinglinAi/.venv/lib/python3.11/site-packages/fastf1/_api.py", line 200, in _extended_timing_data
    raise SessionNotAvailableError(
fastf1._api.SessionNotAvailableError: No data for this session! If this session only finished recently, please try again in a few minutes.
2025-06-16 18:05:28,935 - WARNING - Cannot load lap times for first lap from Ergast. Timing data is not available for this session.
2025-06-16 18:05:28,936 - INFO - No cached data found for car_data. Loading data...
2025-06-16 18:05:28,936 - INFO - Fetching car data...
2025-06-16 18:05:29,334 - DEBUG - Falling back to livetiming mirror (https://livetiming-mirror.fastf1.dev)
2025-06-16 18:05:29,574 - WARNING - Car telemetry data is unavailable!
2025-06-16 18:05:29,576 - INFO - No cached data found for position_data. Loading data...
2025-06-16 18:05:29,578 - INFO - Fetching position data...
2025-06-16 18:05:29,862 - DEBUG - Falling back to livetiming mirror (https://livetiming-mirror.fastf1.dev)
2025-06-16 18:05:30,074 - WARNING - Car position data is unavailable!
2025-06-16 18:05:30,074 - WARNING - Failed to determine `Session.t0_date`!
2025-06-16 18:05:30,075 - INFO - No cached data found for weather_data. Loading data...
2025-06-16 18:05:30,075 - INFO - Fetching weather data...
2025-06-16 18:05:30,406 - DEBUG - Falling back to livetiming mirror (https://livetiming-mirror.fastf1.dev)
2025-06-16 18:05:30,638 - WARNING - Failed to load weather data!
2025-06-16 18:05:30,640 - DEBUG - Traceback for failure in weather data
Traceback (most recent call last):
  File "/Users/ompatel/Downloads/RacinglinAi/.venv/lib/python3.11/site-packages/fastf1/logger.py", line 151, in __wrapped
    return func(*args, **kwargs)
           ^^^^^^^^^^^^^^^^^^^^^
  File "/Users/ompatel/Downloads/RacinglinAi/.venv/lib/python3.11/site-packages/fastf1/core.py", line 2442, in _load_weather_data
    weather_data = api.weather_data(self.api_path, livedata=livedata)
                   ^^^^^^^^^^^^^^^^^^^^^^^^^^^^^^^^^^^^^^^^^^^^^^^^^^
  File "/Users/ompatel/Downloads/RacinglinAi/.venv/lib/python3.11/site-packages/fastf1/req.py", line 479, in _cached_api_request
    data = func(api_path, **func_kwargs)
           ^^^^^^^^^^^^^^^^^^^^^^^^^^^^^
  File "/Users/ompatel/Downloads/RacinglinAi/.venv/lib/python3.11/site-packages/fastf1/_api.py", line 1613, in weather_data
    raise SessionNotAvailableError(
fastf1._api.SessionNotAvailableError: No data for this session! If this session only finished recently, please try again in a few minutes.
2025-06-16 18:05:30,641 - INFO - No cached data found for race_control_messages. Loading data...
2025-06-16 18:05:30,641 - INFO - Fetching race control messages...
2025-06-16 18:05:30,945 - DEBUG - Falling back to livetiming mirror (https://livetiming-mirror.fastf1.dev)
2025-06-16 18:05:31,174 - WARNING - Failed to load race control messages!
2025-06-16 18:05:31,175 - DEBUG - Traceback for failure in race control messages
Traceback (most recent call last):
  File "/Users/ompatel/Downloads/RacinglinAi/.venv/lib/python3.11/site-packages/fastf1/logger.py", line 151, in __wrapped
    return func(*args, **kwargs)
           ^^^^^^^^^^^^^^^^^^^^^
  File "/Users/ompatel/Downloads/RacinglinAi/.venv/lib/python3.11/site-packages/fastf1/core.py", line 2449, in _load_race_control_messages
    race_control_messages = api.race_control_messages(self.api_path,
                            ^^^^^^^^^^^^^^^^^^^^^^^^^^^^^^^^^^^^^^^^
  File "/Users/ompatel/Downloads/RacinglinAi/.venv/lib/python3.11/site-packages/fastf1/req.py", line 479, in _cached_api_request
    data = func(api_path, **func_kwargs)
           ^^^^^^^^^^^^^^^^^^^^^^^^^^^^^
  File "/Users/ompatel/Downloads/RacinglinAi/.venv/lib/python3.11/site-packages/fastf1/_api.py", line 1404, in race_control_messages
    raise SessionNotAvailableError(
fastf1._api.SessionNotAvailableError: No data for this session! If this session only finished recently, please try again in a few minutes.
2025-06-16 18:05:31,177 - INFO - Finished loading data for 0 drivers: []
2025-06-16 18:05:31,178 - ERROR - [PROCESS FAIL] abu_dhabi_grand_prix: The data you are trying to access has not been loaded yet. See `Session.load`
2025-06-19 15:35:42,221 - INFO - Loading data for Australian Grand Prix - Race [v3.5.3]
2025-06-19 15:35:42,223 - INFO - Using cached data for session_info
2025-06-19 15:35:42,225 - INFO - Using cached data for driver_info
2025-06-19 15:35:42,699 - INFO - Using cached data for session_status_data
2025-06-19 15:35:42,704 - INFO - Using cached data for lap_count
2025-06-19 15:35:42,705 - INFO - Using cached data for track_status_data
2025-06-19 15:35:42,715 - INFO - Using cached data for _extended_timing_data
2025-06-19 15:35:42,719 - INFO - Using cached data for timing_app_data
2025-06-19 15:35:42,720 - INFO - Processing timing data...
2025-06-19 15:35:43,868 - INFO - Using cached data for car_data
2025-06-19 15:35:44,004 - INFO - Using cached data for position_data
2025-06-19 15:35:45,855 - INFO - Using cached data for weather_data
2025-06-19 15:35:45,856 - INFO - Using cached data for race_control_messages
2025-06-19 15:35:45,858 - WARNING - Driver 4 completed the race distance 00:00.022000 before the recorded end of the session.
2025-06-19 15:35:45,943 - INFO - Finished loading data for 20 drivers: ['4', '1', '63', '12', '23', '18', '27', '16', '81', '44', '10', '22', '31', '87', '30', '5', '14', '55', '7', '6']
2025-06-19 15:35:46,841 - INFO - [EXPORT OK] australian_grand_prix
2025-06-19 15:35:46,853 - INFO - Loading data for Japanese Grand Prix - Race [v3.5.3]
2025-06-19 15:35:46,854 - INFO - Using cached data for session_info
2025-06-19 15:35:46,854 - INFO - Using cached data for driver_info
2025-06-19 15:35:47,004 - INFO - Using cached data for session_status_data
2025-06-19 15:35:47,006 - INFO - Using cached data for lap_count
2025-06-19 15:35:47,007 - INFO - Using cached data for track_status_data
2025-06-19 15:35:47,013 - INFO - Using cached data for _extended_timing_data
2025-06-19 15:35:47,016 - INFO - Using cached data for timing_app_data
2025-06-19 15:35:47,017 - INFO - Processing timing data...
2025-06-19 15:35:47,887 - INFO - Using cached data for car_data
2025-06-19 15:35:48,017 - INFO - Using cached data for position_data
2025-06-19 15:35:52,778 - INFO - Using cached data for weather_data
2025-06-19 15:35:52,915 - INFO - Using cached data for race_control_messages
2025-06-19 15:35:53,061 - INFO - Finished loading data for 20 drivers: ['1', '4', '81', '16', '63', '12', '44', '6', '23', '87', '14', '22', '10', '55', '7', '27', '30', '31', '5', '18']
2025-06-19 15:35:54,298 - INFO - [EXPORT OK] japanese_grand_prix
2025-06-19 15:35:54,330 - INFO - Loading data for Bahrain Grand Prix - Race [v3.5.3]
2025-06-19 15:35:54,333 - INFO - Using cached data for session_info
2025-06-19 15:35:54,334 - INFO - Using cached data for driver_info
2025-06-19 15:35:54,495 - INFO - Using cached data for session_status_data
2025-06-19 15:35:54,497 - INFO - Using cached data for lap_count
2025-06-19 15:35:54,499 - INFO - Using cached data for track_status_data
2025-06-19 15:35:54,520 - INFO - Using cached data for _extended_timing_data
2025-06-19 15:35:54,525 - INFO - Using cached data for timing_app_data
2025-06-19 15:35:54,527 - INFO - Processing timing data...
2025-06-19 15:35:55,395 - WARNING - Driver 63: Lap timing integrity check failed for 3 lap(s)
2025-06-19 15:35:55,796 - INFO - Using cached data for car_data
2025-06-19 15:35:56,005 - INFO - Using cached data for position_data
2025-06-19 15:35:58,318 - INFO - Using cached data for weather_data
2025-06-19 15:35:58,327 - INFO - Using cached data for race_control_messages
2025-06-19 15:35:58,371 - INFO - Finished loading data for 20 drivers: ['81', '63', '4', '16', '44', '1', '10', '31', '22', '87', '12', '23', '6', '7', '14', '30', '18', '5', '55', '27']
2025-06-19 15:35:58,938 - INFO - [EXPORT OK] bahrain_grand_prix
2025-06-19 15:35:58,948 - INFO - Loading data for Saudi Arabian Grand Prix - Race [v3.5.3]
2025-06-19 15:35:58,950 - INFO - Using cached data for session_info
2025-06-19 15:35:58,952 - INFO - Using cached data for driver_info
2025-06-19 15:35:59,075 - INFO - Using cached data for session_status_data
2025-06-19 15:35:59,076 - INFO - Using cached data for lap_count
2025-06-19 15:35:59,077 - INFO - Using cached data for track_status_data
2025-06-19 15:35:59,084 - INFO - Using cached data for _extended_timing_data
2025-06-19 15:35:59,086 - INFO - Using cached data for timing_app_data
2025-06-19 15:35:59,086 - INFO - Processing timing data...
2025-06-19 15:35:59,827 - INFO - Using cached data for car_data
2025-06-19 15:35:59,971 - INFO - Using cached data for position_data
2025-06-19 15:36:02,479 - INFO - Using cached data for weather_data
2025-06-19 15:36:02,490 - INFO - Using cached data for race_control_messages
2025-06-19 15:36:02,556 - INFO - Finished loading data for 20 drivers: ['81', '1', '16', '4', '63', '12', '44', '55', '23', '6', '14', '30', '87', '31', '27', '18', '7', '5', '22', '10']
2025-06-19 15:36:03,367 - INFO - [EXPORT OK] saudi_arabian_grand_prix
2025-06-19 15:36:03,387 - INFO - Loading data for Emilia Romagna Grand Prix - Race [v3.5.3]
2025-06-19 15:36:03,391 - INFO - Using cached data for session_info
2025-06-19 15:36:03,396 - INFO - Using cached data for driver_info
2025-06-19 15:36:03,552 - INFO - Using cached data for session_status_data
2025-06-19 15:36:03,556 - INFO - Using cached data for lap_count
2025-06-19 15:36:03,559 - INFO - Using cached data for track_status_data
2025-06-19 15:36:03,580 - INFO - Using cached data for _extended_timing_data
2025-06-19 15:36:03,590 - INFO - Using cached data for timing_app_data
2025-06-19 15:36:03,590 - INFO - Processing timing data...
2025-06-19 15:36:06,084 - INFO - Using cached data for car_data
2025-06-19 15:36:06,350 - INFO - Using cached data for position_data
2025-06-19 15:36:09,040 - INFO - Using cached data for weather_data
2025-06-19 15:36:09,045 - INFO - Using cached data for race_control_messages
2025-06-19 15:36:09,107 - INFO - Finished loading data for 20 drivers: ['1', '4', '81', '44', '23', '16', '63', '55', '6', '22', '14', '27', '10', '30', '18', '43', '87', '5', '12', '31']
2025-06-19 15:36:09,861 - INFO - [EXPORT OK] emilia_romagna_grand_prix
2025-06-19 15:36:09,870 - INFO - Loading data for Monaco Grand Prix - Race [v3.5.3]
2025-06-19 15:36:09,871 - INFO - Using cached data for session_info
2025-06-19 15:36:09,872 - INFO - Using cached data for driver_info
2025-06-19 15:36:10,004 - INFO - Using cached data for session_status_data
2025-06-19 15:36:10,005 - INFO - Using cached data for lap_count
2025-06-19 15:36:10,006 - INFO - Using cached data for track_status_data
2025-06-19 15:36:10,014 - INFO - Using cached data for _extended_timing_data
2025-06-19 15:36:10,018 - INFO - Using cached data for timing_app_data
2025-06-19 15:36:10,018 - INFO - Processing timing data...
2025-06-19 15:36:10,986 - INFO - Using cached data for car_data
2025-06-19 15:36:11,123 - INFO - Using cached data for position_data
2025-06-19 15:36:13,594 - INFO - Using cached data for weather_data
2025-06-19 15:36:13,597 - INFO - Using cached data for race_control_messages
2025-06-19 15:36:13,661 - INFO - Finished loading data for 20 drivers: ['4', '16', '81', '1', '44', '6', '31', '30', '23', '55', '63', '87', '43', '5', '18', '27', '22', '12', '14', '10']
2025-06-19 15:36:14,193 - INFO - [EXPORT OK] monaco_grand_prix
2025-06-19 15:36:14,206 - INFO - Loading data for Spanish Grand Prix - Race [v3.5.3]
2025-06-19 15:36:14,207 - INFO - Using cached data for session_info
2025-06-19 15:36:14,208 - INFO - Using cached data for driver_info
2025-06-19 15:36:14,337 - INFO - Using cached data for session_status_data
2025-06-19 15:36:14,338 - INFO - Using cached data for lap_count
2025-06-19 15:36:14,339 - INFO - Using cached data for track_status_data
2025-06-19 15:36:14,348 - INFO - Using cached data for _extended_timing_data
2025-06-19 15:36:14,350 - INFO - Using cached data for timing_app_data
2025-06-19 15:36:14,350 - INFO - Processing timing data...
2025-06-19 15:36:15,126 - INFO - Using cached data for car_data
2025-06-19 15:36:15,223 - INFO - Using cached data for position_data
2025-06-19 15:36:25,747 - INFO - Using cached data for weather_data
2025-06-19 15:36:25,771 - INFO - Using cached data for race_control_messages
2025-06-19 15:36:25,857 - INFO - Finished loading data for 19 drivers: ['81', '4', '16', '63', '27', '44', '6', '10', '14', '1', '30', '5', '22', '55', '43', '31', '87', '12', '23']
2025-06-19 15:36:26,881 - INFO - [EXPORT OK] spanish_grand_prix
2025-06-19 15:36:26,905 - INFO - Loading data for Canadian Grand Prix - Race [v3.5.3]
2025-06-19 15:36:26,908 - INFO - Using cached data for session_info
2025-06-19 15:36:26,909 - INFO - Using cached data for driver_info
2025-06-19 15:36:27,040 - DEBUG - Failed to parse timestamp '-1:52:09.782' in Ergastresponse.
2025-06-19 15:36:27,063 - INFO - Using cached data for session_status_data
2025-06-19 15:36:27,099 - INFO - Using cached data for lap_count
2025-06-19 15:36:27,101 - INFO - Using cached data for track_status_data
2025-06-19 15:36:27,112 - INFO - Using cached data for _extended_timing_data
2025-06-19 15:36:27,115 - INFO - Using cached data for timing_app_data
2025-06-19 15:36:27,116 - INFO - Processing timing data...
2025-06-19 15:36:28,347 - INFO - Using cached data for car_data
2025-06-19 15:36:28,512 - INFO - Using cached data for position_data
2025-06-19 15:36:30,461 - INFO - Using cached data for weather_data
2025-06-19 15:36:30,473 - INFO - Using cached data for race_control_messages
2025-06-19 15:36:30,683 - INFO - Finished loading data for 20 drivers: ['63', '1', '12', '81', '16', '44', '14', '27', '31', '55', '87', '22', '43', '5', '10', '6', '18', '4', '30', '23']
2025-06-19 15:36:31,147 - INFO - [EXPORT OK] canadian_grand_prix
2025-06-19 15:36:31,158 - INFO - Loading data for Austrian Grand Prix - Race [v3.5.3]
2025-06-19 15:36:31,159 - INFO - No cached data found for session_info. Loading data...
2025-06-19 15:36:31,160 - INFO - Fetching session info data...
2025-06-19 15:36:31,885 - DEBUG - Falling back to livetiming mirror (https://livetiming-mirror.fastf1.dev)
2025-06-19 15:36:32,222 - WARNING - Failed to load session info data!
2025-06-19 15:36:32,223 - DEBUG - Traceback for failure in session info data
Traceback (most recent call last):
  File "/Users/ompatel/Downloads/RacinglinAi/.venv/lib/python3.11/site-packages/fastf1/logger.py", line 151, in __wrapped
    return func(*args, **kwargs)
           ^^^^^^^^^^^^^^^^^^^^^
  File "/Users/ompatel/Downloads/RacinglinAi/.venv/lib/python3.11/site-packages/fastf1/core.py", line 1470, in _load_session_info
    self._session_info = api.session_info(self.api_path,
                         ^^^^^^^^^^^^^^^^^^^^^^^^^^^^^^^
  File "/Users/ompatel/Downloads/RacinglinAi/.venv/lib/python3.11/site-packages/fastf1/req.py", line 479, in _cached_api_request
    data = func(api_path, **func_kwargs)
           ^^^^^^^^^^^^^^^^^^^^^^^^^^^^^
  File "/Users/ompatel/Downloads/RacinglinAi/.venv/lib/python3.11/site-packages/fastf1/_api.py", line 1687, in session_info
    raise SessionNotAvailableError(
fastf1._api.SessionNotAvailableError: No data for this session! If this session only finished recently, please try again in a few minutes.
2025-06-19 15:36:32,235 - INFO - No cached data found for driver_info. Loading data...
2025-06-19 15:36:32,238 - INFO - Fetching driver list...
2025-06-19 15:36:32,638 - DEBUG - Falling back to livetiming mirror (https://livetiming-mirror.fastf1.dev)
2025-06-19 15:36:33,047 - WARNING - Failed to load extended driver information!
2025-06-19 15:36:33,055 - DEBUG - Exception while loading driver list
Traceback (most recent call last):
  File "/Users/ompatel/Downloads/RacinglinAi/.venv/lib/python3.11/site-packages/fastf1/core.py", line 2291, in _drivers_from_f1_api
    f1di = api.driver_info(self.api_path, livedata=livedata)
           ^^^^^^^^^^^^^^^^^^^^^^^^^^^^^^^^^^^^^^^^^^^^^^^^^
  File "/Users/ompatel/Downloads/RacinglinAi/.venv/lib/python3.11/site-packages/fastf1/req.py", line 479, in _cached_api_request
    data = func(api_path, **func_kwargs)
           ^^^^^^^^^^^^^^^^^^^^^^^^^^^^^
  File "/Users/ompatel/Downloads/RacinglinAi/.venv/lib/python3.11/site-packages/fastf1/_api.py", line 1535, in driver_info
    raise SessionNotAvailableError(
fastf1._api.SessionNotAvailableError: No data for this session! If this session only finished recently, please try again in a few minutes.
2025-06-19 15:36:33,193 - WARNING - No result data for this session available on Ergast! (This is expected for recent sessions)
2025-06-19 15:36:33,193 - WARNING - Failed to load driver list and session results!
2025-06-19 15:36:33,209 - INFO - No cached data found for session_status_data. Loading data...
2025-06-19 15:36:33,212 - INFO - Fetching session status data...
2025-06-19 15:36:33,729 - DEBUG - Falling back to livetiming mirror (https://livetiming-mirror.fastf1.dev)
2025-06-19 15:36:33,966 - WARNING - Failed to load session status data!
2025-06-19 15:36:33,966 - DEBUG - Traceback for failure in session status data
Traceback (most recent call last):
  File "/Users/ompatel/Downloads/RacinglinAi/.venv/lib/python3.11/site-packages/fastf1/logger.py", line 151, in __wrapped
    return func(*args, **kwargs)
           ^^^^^^^^^^^^^^^^^^^^^
  File "/Users/ompatel/Downloads/RacinglinAi/.venv/lib/python3.11/site-packages/fastf1/core.py", line 2052, in _load_session_status_data
    session_status = api.session_status_data(self.api_path,
                     ^^^^^^^^^^^^^^^^^^^^^^^^^^^^^^^^^^^^^^
  File "/Users/ompatel/Downloads/RacinglinAi/.venv/lib/python3.11/site-packages/fastf1/req.py", line 479, in _cached_api_request
    data = func(api_path, **func_kwargs)
           ^^^^^^^^^^^^^^^^^^^^^^^^^^^^^
  File "/Users/ompatel/Downloads/RacinglinAi/.venv/lib/python3.11/site-packages/fastf1/_api.py", line 1333, in session_status_data
    raise SessionNotAvailableError(
fastf1._api.SessionNotAvailableError: No data for this session! If this session only finished recently, please try again in a few minutes.
2025-06-19 15:36:33,967 - INFO - No cached data found for lap_count. Loading data...
2025-06-19 15:36:33,967 - INFO - Fetching lap count data...
2025-06-19 15:36:34,330 - DEBUG - Falling back to livetiming mirror (https://livetiming-mirror.fastf1.dev)
2025-06-19 15:36:34,580 - WARNING - Failed to load total lap count!
2025-06-19 15:36:34,580 - DEBUG - Traceback for failure in total lap count
Traceback (most recent call last):
  File "/Users/ompatel/Downloads/RacinglinAi/.venv/lib/python3.11/site-packages/fastf1/logger.py", line 151, in __wrapped
    return func(*args, **kwargs)
           ^^^^^^^^^^^^^^^^^^^^^
  File "/Users/ompatel/Downloads/RacinglinAi/.venv/lib/python3.11/site-packages/fastf1/core.py", line 2034, in _load_total_lap_count
    lap_count = api.lap_count(self.api_path, livedata=livedata)
                ^^^^^^^^^^^^^^^^^^^^^^^^^^^^^^^^^^^^^^^^^^^^^^^
  File "/Users/ompatel/Downloads/RacinglinAi/.venv/lib/python3.11/site-packages/fastf1/req.py", line 479, in _cached_api_request
    data = func(api_path, **func_kwargs)
           ^^^^^^^^^^^^^^^^^^^^^^^^^^^^^
  File "/Users/ompatel/Downloads/RacinglinAi/.venv/lib/python3.11/site-packages/fastf1/_api.py", line 1476, in lap_count
    raise SessionNotAvailableError(
fastf1._api.SessionNotAvailableError: No data for this session! If this session only finished recently, please try again in a few minutes.
2025-06-19 15:36:34,581 - INFO - No cached data found for track_status_data. Loading data...
2025-06-19 15:36:34,581 - INFO - Fetching track status data...
2025-06-19 15:36:34,994 - DEBUG - Falling back to livetiming mirror (https://livetiming-mirror.fastf1.dev)
2025-06-19 15:36:35,247 - WARNING - Failed to load track status data!
2025-06-19 15:36:35,249 - DEBUG - Traceback for failure in track status data
Traceback (most recent call last):
  File "/Users/ompatel/Downloads/RacinglinAi/.venv/lib/python3.11/site-packages/fastf1/logger.py", line 151, in __wrapped
    return func(*args, **kwargs)
           ^^^^^^^^^^^^^^^^^^^^^
  File "/Users/ompatel/Downloads/RacinglinAi/.venv/lib/python3.11/site-packages/fastf1/core.py", line 2021, in _load_track_status_data
    track_status = api.track_status_data(self.api_path, livedata=livedata)
                   ^^^^^^^^^^^^^^^^^^^^^^^^^^^^^^^^^^^^^^^^^^^^^^^^^^^^^^^
  File "/Users/ompatel/Downloads/RacinglinAi/.venv/lib/python3.11/site-packages/fastf1/req.py", line 479, in _cached_api_request
    data = func(api_path, **func_kwargs)
           ^^^^^^^^^^^^^^^^^^^^^^^^^^^^^
  File "/Users/ompatel/Downloads/RacinglinAi/.venv/lib/python3.11/site-packages/fastf1/_api.py", line 1277, in track_status_data
    raise SessionNotAvailableError(
fastf1._api.SessionNotAvailableError: No data for this session! If this session only finished recently, please try again in a few minutes.
2025-06-19 15:36:35,250 - INFO - No cached data found for _extended_timing_data. Loading data...
2025-06-19 15:36:35,251 - INFO - Fetching timing data...
2025-06-19 15:36:35,721 - DEBUG - Falling back to livetiming mirror (https://livetiming-mirror.fastf1.dev)
2025-06-19 15:36:36,037 - WARNING - Failed to load timing data!
2025-06-19 15:36:36,043 - DEBUG - Traceback for failure in lap timing data
Traceback (most recent call last):
  File "/Users/ompatel/Downloads/RacinglinAi/.venv/lib/python3.11/site-packages/fastf1/logger.py", line 151, in __wrapped
    return func(*args, **kwargs)
           ^^^^^^^^^^^^^^^^^^^^^
  File "/Users/ompatel/Downloads/RacinglinAi/.venv/lib/python3.11/site-packages/fastf1/core.py", line 1476, in _load_laps_data
    = api._extended_timing_data(self.api_path, livedata=livedata)
      ^^^^^^^^^^^^^^^^^^^^^^^^^^^^^^^^^^^^^^^^^^^^^^^^^^^^^^^^^^^
  File "/Users/ompatel/Downloads/RacinglinAi/.venv/lib/python3.11/site-packages/fastf1/req.py", line 479, in _cached_api_request
    data = func(api_path, **func_kwargs)
           ^^^^^^^^^^^^^^^^^^^^^^^^^^^^^
  File "/Users/ompatel/Downloads/RacinglinAi/.venv/lib/python3.11/site-packages/fastf1/_api.py", line 200, in _extended_timing_data
    raise SessionNotAvailableError(
fastf1._api.SessionNotAvailableError: No data for this session! If this session only finished recently, please try again in a few minutes.
2025-06-19 15:36:36,189 - WARNING - Cannot load lap times for first lap from Ergast. Timing data is not available for this session.
2025-06-19 15:36:36,191 - INFO - No cached data found for car_data. Loading data...
2025-06-19 15:36:36,195 - INFO - Fetching car data...
2025-06-19 15:36:36,709 - DEBUG - Falling back to livetiming mirror (https://livetiming-mirror.fastf1.dev)
2025-06-19 15:36:37,995 - WARNING - Car telemetry data is unavailable!
2025-06-19 15:36:38,135 - INFO - No cached data found for position_data. Loading data...
2025-06-19 15:36:38,136 - INFO - Fetching position data...
2025-06-19 15:36:38,568 - DEBUG - Falling back to livetiming mirror (https://livetiming-mirror.fastf1.dev)
2025-06-19 15:36:38,830 - WARNING - Car position data is unavailable!
2025-06-19 15:36:38,834 - WARNING - Failed to determine `Session.t0_date`!
2025-06-19 15:36:38,836 - INFO - No cached data found for weather_data. Loading data...
2025-06-19 15:36:38,837 - INFO - Fetching weather data...
2025-06-19 15:36:39,223 - DEBUG - Falling back to livetiming mirror (https://livetiming-mirror.fastf1.dev)
2025-06-19 15:36:39,463 - WARNING - Failed to load weather data!
2025-06-19 15:36:39,465 - DEBUG - Traceback for failure in weather data
Traceback (most recent call last):
  File "/Users/ompatel/Downloads/RacinglinAi/.venv/lib/python3.11/site-packages/fastf1/logger.py", line 151, in __wrapped
    return func(*args, **kwargs)
           ^^^^^^^^^^^^^^^^^^^^^
  File "/Users/ompatel/Downloads/RacinglinAi/.venv/lib/python3.11/site-packages/fastf1/core.py", line 2442, in _load_weather_data
    weather_data = api.weather_data(self.api_path, livedata=livedata)
                   ^^^^^^^^^^^^^^^^^^^^^^^^^^^^^^^^^^^^^^^^^^^^^^^^^^
  File "/Users/ompatel/Downloads/RacinglinAi/.venv/lib/python3.11/site-packages/fastf1/req.py", line 479, in _cached_api_request
    data = func(api_path, **func_kwargs)
           ^^^^^^^^^^^^^^^^^^^^^^^^^^^^^
  File "/Users/ompatel/Downloads/RacinglinAi/.venv/lib/python3.11/site-packages/fastf1/_api.py", line 1613, in weather_data
    raise SessionNotAvailableError(
fastf1._api.SessionNotAvailableError: No data for this session! If this session only finished recently, please try again in a few minutes.
2025-06-19 15:36:39,466 - INFO - No cached data found for race_control_messages. Loading data...
2025-06-19 15:36:39,467 - INFO - Fetching race control messages...
2025-06-19 15:36:39,835 - DEBUG - Falling back to livetiming mirror (https://livetiming-mirror.fastf1.dev)
2025-06-19 15:36:40,089 - WARNING - Failed to load race control messages!
2025-06-19 15:36:40,093 - DEBUG - Traceback for failure in race control messages
Traceback (most recent call last):
  File "/Users/ompatel/Downloads/RacinglinAi/.venv/lib/python3.11/site-packages/fastf1/logger.py", line 151, in __wrapped
    return func(*args, **kwargs)
           ^^^^^^^^^^^^^^^^^^^^^
  File "/Users/ompatel/Downloads/RacinglinAi/.venv/lib/python3.11/site-packages/fastf1/core.py", line 2449, in _load_race_control_messages
    race_control_messages = api.race_control_messages(self.api_path,
                            ^^^^^^^^^^^^^^^^^^^^^^^^^^^^^^^^^^^^^^^^
  File "/Users/ompatel/Downloads/RacinglinAi/.venv/lib/python3.11/site-packages/fastf1/req.py", line 479, in _cached_api_request
    data = func(api_path, **func_kwargs)
           ^^^^^^^^^^^^^^^^^^^^^^^^^^^^^
  File "/Users/ompatel/Downloads/RacinglinAi/.venv/lib/python3.11/site-packages/fastf1/_api.py", line 1404, in race_control_messages
    raise SessionNotAvailableError(
fastf1._api.SessionNotAvailableError: No data for this session! If this session only finished recently, please try again in a few minutes.
2025-06-19 15:36:40,133 - INFO - Finished loading data for 0 drivers: []
2025-06-19 15:36:40,136 - ERROR - [PROCESS FAIL] austrian_grand_prix: The data you are trying to access has not been loaded yet. See `Session.load`
2025-06-19 15:36:40,222 - INFO - Loading data for British Grand Prix - Race [v3.5.3]
2025-06-19 15:36:40,230 - INFO - No cached data found for session_info. Loading data...
2025-06-19 15:36:40,231 - INFO - Fetching session info data...
2025-06-19 15:36:40,558 - DEBUG - Falling back to livetiming mirror (https://livetiming-mirror.fastf1.dev)
2025-06-19 15:36:40,825 - WARNING - Failed to load session info data!
2025-06-19 15:36:40,826 - DEBUG - Traceback for failure in session info data
Traceback (most recent call last):
  File "/Users/ompatel/Downloads/RacinglinAi/.venv/lib/python3.11/site-packages/fastf1/logger.py", line 151, in __wrapped
    return func(*args, **kwargs)
           ^^^^^^^^^^^^^^^^^^^^^
  File "/Users/ompatel/Downloads/RacinglinAi/.venv/lib/python3.11/site-packages/fastf1/core.py", line 1470, in _load_session_info
    self._session_info = api.session_info(self.api_path,
                         ^^^^^^^^^^^^^^^^^^^^^^^^^^^^^^^
  File "/Users/ompatel/Downloads/RacinglinAi/.venv/lib/python3.11/site-packages/fastf1/req.py", line 479, in _cached_api_request
    data = func(api_path, **func_kwargs)
           ^^^^^^^^^^^^^^^^^^^^^^^^^^^^^
  File "/Users/ompatel/Downloads/RacinglinAi/.venv/lib/python3.11/site-packages/fastf1/_api.py", line 1687, in session_info
    raise SessionNotAvailableError(
fastf1._api.SessionNotAvailableError: No data for this session! If this session only finished recently, please try again in a few minutes.
2025-06-19 15:36:40,828 - INFO - No cached data found for driver_info. Loading data...
2025-06-19 15:36:40,829 - INFO - Fetching driver list...
2025-06-19 15:36:41,513 - DEBUG - Falling back to livetiming mirror (https://livetiming-mirror.fastf1.dev)
2025-06-19 15:36:41,761 - WARNING - Failed to load extended driver information!
2025-06-19 15:36:41,764 - DEBUG - Exception while loading driver list
Traceback (most recent call last):
  File "/Users/ompatel/Downloads/RacinglinAi/.venv/lib/python3.11/site-packages/fastf1/core.py", line 2291, in _drivers_from_f1_api
    f1di = api.driver_info(self.api_path, livedata=livedata)
           ^^^^^^^^^^^^^^^^^^^^^^^^^^^^^^^^^^^^^^^^^^^^^^^^^
  File "/Users/ompatel/Downloads/RacinglinAi/.venv/lib/python3.11/site-packages/fastf1/req.py", line 479, in _cached_api_request
    data = func(api_path, **func_kwargs)
           ^^^^^^^^^^^^^^^^^^^^^^^^^^^^^
  File "/Users/ompatel/Downloads/RacinglinAi/.venv/lib/python3.11/site-packages/fastf1/_api.py", line 1535, in driver_info
    raise SessionNotAvailableError(
fastf1._api.SessionNotAvailableError: No data for this session! If this session only finished recently, please try again in a few minutes.
2025-06-19 15:36:41,905 - WARNING - No result data for this session available on Ergast! (This is expected for recent sessions)
2025-06-19 15:36:41,906 - WARNING - Failed to load driver list and session results!
2025-06-19 15:36:41,925 - INFO - No cached data found for session_status_data. Loading data...
2025-06-19 15:36:41,926 - INFO - Fetching session status data...
2025-06-19 15:36:42,386 - DEBUG - Falling back to livetiming mirror (https://livetiming-mirror.fastf1.dev)
2025-06-19 15:36:42,616 - WARNING - Failed to load session status data!
2025-06-19 15:36:42,619 - DEBUG - Traceback for failure in session status data
Traceback (most recent call last):
  File "/Users/ompatel/Downloads/RacinglinAi/.venv/lib/python3.11/site-packages/fastf1/logger.py", line 151, in __wrapped
    return func(*args, **kwargs)
           ^^^^^^^^^^^^^^^^^^^^^
  File "/Users/ompatel/Downloads/RacinglinAi/.venv/lib/python3.11/site-packages/fastf1/core.py", line 2052, in _load_session_status_data
    session_status = api.session_status_data(self.api_path,
                     ^^^^^^^^^^^^^^^^^^^^^^^^^^^^^^^^^^^^^^
  File "/Users/ompatel/Downloads/RacinglinAi/.venv/lib/python3.11/site-packages/fastf1/req.py", line 479, in _cached_api_request
    data = func(api_path, **func_kwargs)
           ^^^^^^^^^^^^^^^^^^^^^^^^^^^^^
  File "/Users/ompatel/Downloads/RacinglinAi/.venv/lib/python3.11/site-packages/fastf1/_api.py", line 1333, in session_status_data
    raise SessionNotAvailableError(
fastf1._api.SessionNotAvailableError: No data for this session! If this session only finished recently, please try again in a few minutes.
2025-06-19 15:36:42,621 - INFO - No cached data found for lap_count. Loading data...
2025-06-19 15:36:42,622 - INFO - Fetching lap count data...
2025-06-19 15:36:43,085 - DEBUG - Falling back to livetiming mirror (https://livetiming-mirror.fastf1.dev)
2025-06-19 15:36:43,318 - WARNING - Failed to load total lap count!
2025-06-19 15:36:43,321 - DEBUG - Traceback for failure in total lap count
Traceback (most recent call last):
  File "/Users/ompatel/Downloads/RacinglinAi/.venv/lib/python3.11/site-packages/fastf1/logger.py", line 151, in __wrapped
    return func(*args, **kwargs)
           ^^^^^^^^^^^^^^^^^^^^^
  File "/Users/ompatel/Downloads/RacinglinAi/.venv/lib/python3.11/site-packages/fastf1/core.py", line 2034, in _load_total_lap_count
    lap_count = api.lap_count(self.api_path, livedata=livedata)
                ^^^^^^^^^^^^^^^^^^^^^^^^^^^^^^^^^^^^^^^^^^^^^^^
  File "/Users/ompatel/Downloads/RacinglinAi/.venv/lib/python3.11/site-packages/fastf1/req.py", line 479, in _cached_api_request
    data = func(api_path, **func_kwargs)
           ^^^^^^^^^^^^^^^^^^^^^^^^^^^^^
  File "/Users/ompatel/Downloads/RacinglinAi/.venv/lib/python3.11/site-packages/fastf1/_api.py", line 1476, in lap_count
    raise SessionNotAvailableError(
fastf1._api.SessionNotAvailableError: No data for this session! If this session only finished recently, please try again in a few minutes.
2025-06-19 15:36:43,322 - INFO - No cached data found for track_status_data. Loading data...
2025-06-19 15:36:43,323 - INFO - Fetching track status data...
2025-06-19 15:36:43,658 - DEBUG - Falling back to livetiming mirror (https://livetiming-mirror.fastf1.dev)
2025-06-19 15:36:43,869 - WARNING - Failed to load track status data!
2025-06-19 15:36:43,869 - DEBUG - Traceback for failure in track status data
Traceback (most recent call last):
  File "/Users/ompatel/Downloads/RacinglinAi/.venv/lib/python3.11/site-packages/fastf1/logger.py", line 151, in __wrapped
    return func(*args, **kwargs)
           ^^^^^^^^^^^^^^^^^^^^^
  File "/Users/ompatel/Downloads/RacinglinAi/.venv/lib/python3.11/site-packages/fastf1/core.py", line 2021, in _load_track_status_data
    track_status = api.track_status_data(self.api_path, livedata=livedata)
                   ^^^^^^^^^^^^^^^^^^^^^^^^^^^^^^^^^^^^^^^^^^^^^^^^^^^^^^^
  File "/Users/ompatel/Downloads/RacinglinAi/.venv/lib/python3.11/site-packages/fastf1/req.py", line 479, in _cached_api_request
    data = func(api_path, **func_kwargs)
           ^^^^^^^^^^^^^^^^^^^^^^^^^^^^^
  File "/Users/ompatel/Downloads/RacinglinAi/.venv/lib/python3.11/site-packages/fastf1/_api.py", line 1277, in track_status_data
    raise SessionNotAvailableError(
fastf1._api.SessionNotAvailableError: No data for this session! If this session only finished recently, please try again in a few minutes.
2025-06-19 15:36:43,870 - INFO - No cached data found for _extended_timing_data. Loading data...
2025-06-19 15:36:43,870 - INFO - Fetching timing data...
2025-06-19 15:36:44,234 - DEBUG - Falling back to livetiming mirror (https://livetiming-mirror.fastf1.dev)
2025-06-19 15:36:44,451 - WARNING - Failed to load timing data!
2025-06-19 15:36:44,452 - DEBUG - Traceback for failure in lap timing data
Traceback (most recent call last):
  File "/Users/ompatel/Downloads/RacinglinAi/.venv/lib/python3.11/site-packages/fastf1/logger.py", line 151, in __wrapped
    return func(*args, **kwargs)
           ^^^^^^^^^^^^^^^^^^^^^
  File "/Users/ompatel/Downloads/RacinglinAi/.venv/lib/python3.11/site-packages/fastf1/core.py", line 1476, in _load_laps_data
    = api._extended_timing_data(self.api_path, livedata=livedata)
      ^^^^^^^^^^^^^^^^^^^^^^^^^^^^^^^^^^^^^^^^^^^^^^^^^^^^^^^^^^^
  File "/Users/ompatel/Downloads/RacinglinAi/.venv/lib/python3.11/site-packages/fastf1/req.py", line 479, in _cached_api_request
    data = func(api_path, **func_kwargs)
           ^^^^^^^^^^^^^^^^^^^^^^^^^^^^^
  File "/Users/ompatel/Downloads/RacinglinAi/.venv/lib/python3.11/site-packages/fastf1/_api.py", line 200, in _extended_timing_data
    raise SessionNotAvailableError(
fastf1._api.SessionNotAvailableError: No data for this session! If this session only finished recently, please try again in a few minutes.
2025-06-19 15:36:44,605 - WARNING - Cannot load lap times for first lap from Ergast. Timing data is not available for this session.
2025-06-19 15:36:44,606 - INFO - No cached data found for car_data. Loading data...
2025-06-19 15:36:44,606 - INFO - Fetching car data...
2025-06-19 15:36:45,082 - DEBUG - Falling back to livetiming mirror (https://livetiming-mirror.fastf1.dev)
2025-06-19 15:36:45,319 - WARNING - Car telemetry data is unavailable!
2025-06-19 15:36:45,320 - INFO - No cached data found for position_data. Loading data...
2025-06-19 15:36:45,320 - INFO - Fetching position data...
2025-06-19 15:36:45,691 - DEBUG - Falling back to livetiming mirror (https://livetiming-mirror.fastf1.dev)
2025-06-19 15:36:45,912 - WARNING - Car position data is unavailable!
2025-06-19 15:36:45,913 - WARNING - Failed to determine `Session.t0_date`!
2025-06-19 15:36:45,913 - INFO - No cached data found for weather_data. Loading data...
2025-06-19 15:36:45,914 - INFO - Fetching weather data...
2025-06-19 15:36:46,255 - DEBUG - Falling back to livetiming mirror (https://livetiming-mirror.fastf1.dev)
2025-06-19 15:36:46,528 - WARNING - Failed to load weather data!
2025-06-19 15:36:46,532 - DEBUG - Traceback for failure in weather data
Traceback (most recent call last):
  File "/Users/ompatel/Downloads/RacinglinAi/.venv/lib/python3.11/site-packages/fastf1/logger.py", line 151, in __wrapped
    return func(*args, **kwargs)
           ^^^^^^^^^^^^^^^^^^^^^
  File "/Users/ompatel/Downloads/RacinglinAi/.venv/lib/python3.11/site-packages/fastf1/core.py", line 2442, in _load_weather_data
    weather_data = api.weather_data(self.api_path, livedata=livedata)
                   ^^^^^^^^^^^^^^^^^^^^^^^^^^^^^^^^^^^^^^^^^^^^^^^^^^
  File "/Users/ompatel/Downloads/RacinglinAi/.venv/lib/python3.11/site-packages/fastf1/req.py", line 479, in _cached_api_request
    data = func(api_path, **func_kwargs)
           ^^^^^^^^^^^^^^^^^^^^^^^^^^^^^
  File "/Users/ompatel/Downloads/RacinglinAi/.venv/lib/python3.11/site-packages/fastf1/_api.py", line 1613, in weather_data
    raise SessionNotAvailableError(
fastf1._api.SessionNotAvailableError: No data for this session! If this session only finished recently, please try again in a few minutes.
2025-06-19 15:36:46,533 - INFO - No cached data found for race_control_messages. Loading data...
2025-06-19 15:36:46,533 - INFO - Fetching race control messages...
2025-06-19 15:36:46,876 - DEBUG - Falling back to livetiming mirror (https://livetiming-mirror.fastf1.dev)
2025-06-19 15:36:47,147 - WARNING - Failed to load race control messages!
2025-06-19 15:36:47,148 - DEBUG - Traceback for failure in race control messages
Traceback (most recent call last):
  File "/Users/ompatel/Downloads/RacinglinAi/.venv/lib/python3.11/site-packages/fastf1/logger.py", line 151, in __wrapped
    return func(*args, **kwargs)
           ^^^^^^^^^^^^^^^^^^^^^
  File "/Users/ompatel/Downloads/RacinglinAi/.venv/lib/python3.11/site-packages/fastf1/core.py", line 2449, in _load_race_control_messages
    race_control_messages = api.race_control_messages(self.api_path,
                            ^^^^^^^^^^^^^^^^^^^^^^^^^^^^^^^^^^^^^^^^
  File "/Users/ompatel/Downloads/RacinglinAi/.venv/lib/python3.11/site-packages/fastf1/req.py", line 479, in _cached_api_request
    data = func(api_path, **func_kwargs)
           ^^^^^^^^^^^^^^^^^^^^^^^^^^^^^
  File "/Users/ompatel/Downloads/RacinglinAi/.venv/lib/python3.11/site-packages/fastf1/_api.py", line 1404, in race_control_messages
    raise SessionNotAvailableError(
fastf1._api.SessionNotAvailableError: No data for this session! If this session only finished recently, please try again in a few minutes.
2025-06-19 15:36:47,151 - INFO - Finished loading data for 0 drivers: []
2025-06-19 15:36:47,151 - ERROR - [PROCESS FAIL] british_grand_prix: The data you are trying to access has not been loaded yet. See `Session.load`
2025-06-19 15:36:47,165 - INFO - Loading data for Hungarian Grand Prix - Race [v3.5.3]
2025-06-19 15:36:47,167 - INFO - No cached data found for session_info. Loading data...
2025-06-19 15:36:47,167 - INFO - Fetching session info data...
2025-06-19 15:36:47,569 - DEBUG - Falling back to livetiming mirror (https://livetiming-mirror.fastf1.dev)
2025-06-19 15:36:47,841 - WARNING - Failed to load session info data!
2025-06-19 15:36:47,843 - DEBUG - Traceback for failure in session info data
Traceback (most recent call last):
  File "/Users/ompatel/Downloads/RacinglinAi/.venv/lib/python3.11/site-packages/fastf1/logger.py", line 151, in __wrapped
    return func(*args, **kwargs)
           ^^^^^^^^^^^^^^^^^^^^^
  File "/Users/ompatel/Downloads/RacinglinAi/.venv/lib/python3.11/site-packages/fastf1/core.py", line 1470, in _load_session_info
    self._session_info = api.session_info(self.api_path,
                         ^^^^^^^^^^^^^^^^^^^^^^^^^^^^^^^
  File "/Users/ompatel/Downloads/RacinglinAi/.venv/lib/python3.11/site-packages/fastf1/req.py", line 479, in _cached_api_request
    data = func(api_path, **func_kwargs)
           ^^^^^^^^^^^^^^^^^^^^^^^^^^^^^
  File "/Users/ompatel/Downloads/RacinglinAi/.venv/lib/python3.11/site-packages/fastf1/_api.py", line 1687, in session_info
    raise SessionNotAvailableError(
fastf1._api.SessionNotAvailableError: No data for this session! If this session only finished recently, please try again in a few minutes.
2025-06-19 15:36:47,844 - INFO - No cached data found for driver_info. Loading data...
2025-06-19 15:36:47,845 - INFO - Fetching driver list...
2025-06-19 15:36:48,202 - DEBUG - Falling back to livetiming mirror (https://livetiming-mirror.fastf1.dev)
2025-06-19 15:36:48,451 - WARNING - Failed to load extended driver information!
2025-06-19 15:36:48,452 - DEBUG - Exception while loading driver list
Traceback (most recent call last):
  File "/Users/ompatel/Downloads/RacinglinAi/.venv/lib/python3.11/site-packages/fastf1/core.py", line 2291, in _drivers_from_f1_api
    f1di = api.driver_info(self.api_path, livedata=livedata)
           ^^^^^^^^^^^^^^^^^^^^^^^^^^^^^^^^^^^^^^^^^^^^^^^^^
  File "/Users/ompatel/Downloads/RacinglinAi/.venv/lib/python3.11/site-packages/fastf1/req.py", line 479, in _cached_api_request
    data = func(api_path, **func_kwargs)
           ^^^^^^^^^^^^^^^^^^^^^^^^^^^^^
  File "/Users/ompatel/Downloads/RacinglinAi/.venv/lib/python3.11/site-packages/fastf1/_api.py", line 1535, in driver_info
    raise SessionNotAvailableError(
fastf1._api.SessionNotAvailableError: No data for this session! If this session only finished recently, please try again in a few minutes.
2025-06-19 15:36:48,586 - WARNING - No result data for this session available on Ergast! (This is expected for recent sessions)
2025-06-19 15:36:48,587 - WARNING - Failed to load driver list and session results!
2025-06-19 15:36:48,599 - INFO - No cached data found for session_status_data. Loading data...
2025-06-19 15:36:48,600 - INFO - Fetching session status data...
2025-06-19 15:36:49,057 - DEBUG - Falling back to livetiming mirror (https://livetiming-mirror.fastf1.dev)
2025-06-19 15:36:49,301 - WARNING - Failed to load session status data!
2025-06-19 15:36:49,302 - DEBUG - Traceback for failure in session status data
Traceback (most recent call last):
  File "/Users/ompatel/Downloads/RacinglinAi/.venv/lib/python3.11/site-packages/fastf1/logger.py", line 151, in __wrapped
    return func(*args, **kwargs)
           ^^^^^^^^^^^^^^^^^^^^^
  File "/Users/ompatel/Downloads/RacinglinAi/.venv/lib/python3.11/site-packages/fastf1/core.py", line 2052, in _load_session_status_data
    session_status = api.session_status_data(self.api_path,
                     ^^^^^^^^^^^^^^^^^^^^^^^^^^^^^^^^^^^^^^
  File "/Users/ompatel/Downloads/RacinglinAi/.venv/lib/python3.11/site-packages/fastf1/req.py", line 479, in _cached_api_request
    data = func(api_path, **func_kwargs)
           ^^^^^^^^^^^^^^^^^^^^^^^^^^^^^
  File "/Users/ompatel/Downloads/RacinglinAi/.venv/lib/python3.11/site-packages/fastf1/_api.py", line 1333, in session_status_data
    raise SessionNotAvailableError(
fastf1._api.SessionNotAvailableError: No data for this session! If this session only finished recently, please try again in a few minutes.
2025-06-19 15:36:49,303 - INFO - No cached data found for lap_count. Loading data...
2025-06-19 15:36:49,303 - INFO - Fetching lap count data...
2025-06-19 15:36:49,635 - DEBUG - Falling back to livetiming mirror (https://livetiming-mirror.fastf1.dev)
2025-06-19 15:36:49,859 - WARNING - Failed to load total lap count!
2025-06-19 15:36:49,860 - DEBUG - Traceback for failure in total lap count
Traceback (most recent call last):
  File "/Users/ompatel/Downloads/RacinglinAi/.venv/lib/python3.11/site-packages/fastf1/logger.py", line 151, in __wrapped
    return func(*args, **kwargs)
           ^^^^^^^^^^^^^^^^^^^^^
  File "/Users/ompatel/Downloads/RacinglinAi/.venv/lib/python3.11/site-packages/fastf1/core.py", line 2034, in _load_total_lap_count
    lap_count = api.lap_count(self.api_path, livedata=livedata)
                ^^^^^^^^^^^^^^^^^^^^^^^^^^^^^^^^^^^^^^^^^^^^^^^
  File "/Users/ompatel/Downloads/RacinglinAi/.venv/lib/python3.11/site-packages/fastf1/req.py", line 479, in _cached_api_request
    data = func(api_path, **func_kwargs)
           ^^^^^^^^^^^^^^^^^^^^^^^^^^^^^
  File "/Users/ompatel/Downloads/RacinglinAi/.venv/lib/python3.11/site-packages/fastf1/_api.py", line 1476, in lap_count
    raise SessionNotAvailableError(
fastf1._api.SessionNotAvailableError: No data for this session! If this session only finished recently, please try again in a few minutes.
2025-06-19 15:36:49,860 - INFO - No cached data found for track_status_data. Loading data...
2025-06-19 15:36:49,861 - INFO - Fetching track status data...
2025-06-19 15:36:50,446 - DEBUG - Falling back to livetiming mirror (https://livetiming-mirror.fastf1.dev)
2025-06-19 15:36:50,692 - WARNING - Failed to load track status data!
2025-06-19 15:36:50,694 - DEBUG - Traceback for failure in track status data
Traceback (most recent call last):
  File "/Users/ompatel/Downloads/RacinglinAi/.venv/lib/python3.11/site-packages/fastf1/logger.py", line 151, in __wrapped
    return func(*args, **kwargs)
           ^^^^^^^^^^^^^^^^^^^^^
  File "/Users/ompatel/Downloads/RacinglinAi/.venv/lib/python3.11/site-packages/fastf1/core.py", line 2021, in _load_track_status_data
    track_status = api.track_status_data(self.api_path, livedata=livedata)
                   ^^^^^^^^^^^^^^^^^^^^^^^^^^^^^^^^^^^^^^^^^^^^^^^^^^^^^^^
  File "/Users/ompatel/Downloads/RacinglinAi/.venv/lib/python3.11/site-packages/fastf1/req.py", line 479, in _cached_api_request
    data = func(api_path, **func_kwargs)
           ^^^^^^^^^^^^^^^^^^^^^^^^^^^^^
  File "/Users/ompatel/Downloads/RacinglinAi/.venv/lib/python3.11/site-packages/fastf1/_api.py", line 1277, in track_status_data
    raise SessionNotAvailableError(
fastf1._api.SessionNotAvailableError: No data for this session! If this session only finished recently, please try again in a few minutes.
2025-06-19 15:36:50,694 - INFO - No cached data found for _extended_timing_data. Loading data...
2025-06-19 15:36:50,695 - INFO - Fetching timing data...
2025-06-19 15:36:51,047 - DEBUG - Falling back to livetiming mirror (https://livetiming-mirror.fastf1.dev)
2025-06-19 15:36:51,297 - WARNING - Failed to load timing data!
2025-06-19 15:36:51,302 - DEBUG - Traceback for failure in lap timing data
Traceback (most recent call last):
  File "/Users/ompatel/Downloads/RacinglinAi/.venv/lib/python3.11/site-packages/fastf1/logger.py", line 151, in __wrapped
    return func(*args, **kwargs)
           ^^^^^^^^^^^^^^^^^^^^^
  File "/Users/ompatel/Downloads/RacinglinAi/.venv/lib/python3.11/site-packages/fastf1/core.py", line 1476, in _load_laps_data
    = api._extended_timing_data(self.api_path, livedata=livedata)
      ^^^^^^^^^^^^^^^^^^^^^^^^^^^^^^^^^^^^^^^^^^^^^^^^^^^^^^^^^^^
  File "/Users/ompatel/Downloads/RacinglinAi/.venv/lib/python3.11/site-packages/fastf1/req.py", line 479, in _cached_api_request
    data = func(api_path, **func_kwargs)
           ^^^^^^^^^^^^^^^^^^^^^^^^^^^^^
  File "/Users/ompatel/Downloads/RacinglinAi/.venv/lib/python3.11/site-packages/fastf1/_api.py", line 200, in _extended_timing_data
    raise SessionNotAvailableError(
fastf1._api.SessionNotAvailableError: No data for this session! If this session only finished recently, please try again in a few minutes.
2025-06-19 15:36:51,436 - WARNING - Cannot load lap times for first lap from Ergast. Timing data is not available for this session.
2025-06-19 15:36:51,436 - INFO - No cached data found for car_data. Loading data...
2025-06-19 15:36:51,437 - INFO - Fetching car data...
2025-06-19 15:36:51,969 - DEBUG - Falling back to livetiming mirror (https://livetiming-mirror.fastf1.dev)
2025-06-19 15:36:52,220 - WARNING - Car telemetry data is unavailable!
2025-06-19 15:36:52,224 - INFO - No cached data found for position_data. Loading data...
2025-06-19 15:36:52,224 - INFO - Fetching position data...
2025-06-19 15:36:52,546 - DEBUG - Falling back to livetiming mirror (https://livetiming-mirror.fastf1.dev)
2025-06-19 15:36:52,736 - WARNING - Car position data is unavailable!
2025-06-19 15:36:52,736 - WARNING - Failed to determine `Session.t0_date`!
2025-06-19 15:36:52,737 - INFO - No cached data found for weather_data. Loading data...
2025-06-19 15:36:52,737 - INFO - Fetching weather data...
2025-06-19 15:36:53,157 - DEBUG - Falling back to livetiming mirror (https://livetiming-mirror.fastf1.dev)
2025-06-19 15:36:53,408 - WARNING - Failed to load weather data!
2025-06-19 15:36:53,408 - DEBUG - Traceback for failure in weather data
Traceback (most recent call last):
  File "/Users/ompatel/Downloads/RacinglinAi/.venv/lib/python3.11/site-packages/fastf1/logger.py", line 151, in __wrapped
    return func(*args, **kwargs)
           ^^^^^^^^^^^^^^^^^^^^^
  File "/Users/ompatel/Downloads/RacinglinAi/.venv/lib/python3.11/site-packages/fastf1/core.py", line 2442, in _load_weather_data
    weather_data = api.weather_data(self.api_path, livedata=livedata)
                   ^^^^^^^^^^^^^^^^^^^^^^^^^^^^^^^^^^^^^^^^^^^^^^^^^^
  File "/Users/ompatel/Downloads/RacinglinAi/.venv/lib/python3.11/site-packages/fastf1/req.py", line 479, in _cached_api_request
    data = func(api_path, **func_kwargs)
           ^^^^^^^^^^^^^^^^^^^^^^^^^^^^^
  File "/Users/ompatel/Downloads/RacinglinAi/.venv/lib/python3.11/site-packages/fastf1/_api.py", line 1613, in weather_data
    raise SessionNotAvailableError(
fastf1._api.SessionNotAvailableError: No data for this session! If this session only finished recently, please try again in a few minutes.
2025-06-19 15:36:53,410 - INFO - No cached data found for race_control_messages. Loading data...
2025-06-19 15:36:53,411 - INFO - Fetching race control messages...
2025-06-19 15:36:53,751 - DEBUG - Falling back to livetiming mirror (https://livetiming-mirror.fastf1.dev)
2025-06-19 15:36:54,014 - WARNING - Failed to load race control messages!
2025-06-19 15:36:54,015 - DEBUG - Traceback for failure in race control messages
Traceback (most recent call last):
  File "/Users/ompatel/Downloads/RacinglinAi/.venv/lib/python3.11/site-packages/fastf1/logger.py", line 151, in __wrapped
    return func(*args, **kwargs)
           ^^^^^^^^^^^^^^^^^^^^^
  File "/Users/ompatel/Downloads/RacinglinAi/.venv/lib/python3.11/site-packages/fastf1/core.py", line 2449, in _load_race_control_messages
    race_control_messages = api.race_control_messages(self.api_path,
                            ^^^^^^^^^^^^^^^^^^^^^^^^^^^^^^^^^^^^^^^^
  File "/Users/ompatel/Downloads/RacinglinAi/.venv/lib/python3.11/site-packages/fastf1/req.py", line 479, in _cached_api_request
    data = func(api_path, **func_kwargs)
           ^^^^^^^^^^^^^^^^^^^^^^^^^^^^^
  File "/Users/ompatel/Downloads/RacinglinAi/.venv/lib/python3.11/site-packages/fastf1/_api.py", line 1404, in race_control_messages
    raise SessionNotAvailableError(
fastf1._api.SessionNotAvailableError: No data for this session! If this session only finished recently, please try again in a few minutes.
2025-06-19 15:36:54,020 - INFO - Finished loading data for 0 drivers: []
2025-06-19 15:36:54,020 - ERROR - [PROCESS FAIL] hungarian_grand_prix: The data you are trying to access has not been loaded yet. See `Session.load`
2025-06-19 15:36:54,039 - INFO - Loading data for Dutch Grand Prix - Race [v3.5.3]
2025-06-19 15:36:54,040 - INFO - No cached data found for session_info. Loading data...
2025-06-19 15:36:54,041 - INFO - Fetching session info data...
2025-06-19 15:36:54,402 - DEBUG - Falling back to livetiming mirror (https://livetiming-mirror.fastf1.dev)
2025-06-19 15:36:54,624 - WARNING - Failed to load session info data!
2025-06-19 15:36:54,625 - DEBUG - Traceback for failure in session info data
Traceback (most recent call last):
  File "/Users/ompatel/Downloads/RacinglinAi/.venv/lib/python3.11/site-packages/fastf1/logger.py", line 151, in __wrapped
    return func(*args, **kwargs)
           ^^^^^^^^^^^^^^^^^^^^^
  File "/Users/ompatel/Downloads/RacinglinAi/.venv/lib/python3.11/site-packages/fastf1/core.py", line 1470, in _load_session_info
    self._session_info = api.session_info(self.api_path,
                         ^^^^^^^^^^^^^^^^^^^^^^^^^^^^^^^
  File "/Users/ompatel/Downloads/RacinglinAi/.venv/lib/python3.11/site-packages/fastf1/req.py", line 479, in _cached_api_request
    data = func(api_path, **func_kwargs)
           ^^^^^^^^^^^^^^^^^^^^^^^^^^^^^
  File "/Users/ompatel/Downloads/RacinglinAi/.venv/lib/python3.11/site-packages/fastf1/_api.py", line 1687, in session_info
    raise SessionNotAvailableError(
fastf1._api.SessionNotAvailableError: No data for this session! If this session only finished recently, please try again in a few minutes.
2025-06-19 15:36:54,626 - INFO - No cached data found for driver_info. Loading data...
2025-06-19 15:36:54,626 - INFO - Fetching driver list...
2025-06-19 15:36:54,985 - DEBUG - Falling back to livetiming mirror (https://livetiming-mirror.fastf1.dev)
2025-06-19 15:36:55,228 - WARNING - Failed to load extended driver information!
2025-06-19 15:36:55,235 - DEBUG - Exception while loading driver list
Traceback (most recent call last):
  File "/Users/ompatel/Downloads/RacinglinAi/.venv/lib/python3.11/site-packages/fastf1/core.py", line 2291, in _drivers_from_f1_api
    f1di = api.driver_info(self.api_path, livedata=livedata)
           ^^^^^^^^^^^^^^^^^^^^^^^^^^^^^^^^^^^^^^^^^^^^^^^^^
  File "/Users/ompatel/Downloads/RacinglinAi/.venv/lib/python3.11/site-packages/fastf1/req.py", line 479, in _cached_api_request
    data = func(api_path, **func_kwargs)
           ^^^^^^^^^^^^^^^^^^^^^^^^^^^^^
  File "/Users/ompatel/Downloads/RacinglinAi/.venv/lib/python3.11/site-packages/fastf1/_api.py", line 1535, in driver_info
    raise SessionNotAvailableError(
fastf1._api.SessionNotAvailableError: No data for this session! If this session only finished recently, please try again in a few minutes.
2025-06-19 15:36:55,381 - WARNING - No result data for this session available on Ergast! (This is expected for recent sessions)
2025-06-19 15:36:55,382 - WARNING - Failed to load driver list and session results!
2025-06-19 15:36:55,397 - INFO - No cached data found for session_status_data. Loading data...
2025-06-19 15:36:55,399 - INFO - Fetching session status data...
2025-06-19 15:36:55,890 - DEBUG - Falling back to livetiming mirror (https://livetiming-mirror.fastf1.dev)
2025-06-19 15:36:56,137 - WARNING - Failed to load session status data!
2025-06-19 15:36:56,139 - DEBUG - Traceback for failure in session status data
Traceback (most recent call last):
  File "/Users/ompatel/Downloads/RacinglinAi/.venv/lib/python3.11/site-packages/fastf1/logger.py", line 151, in __wrapped
    return func(*args, **kwargs)
           ^^^^^^^^^^^^^^^^^^^^^
  File "/Users/ompatel/Downloads/RacinglinAi/.venv/lib/python3.11/site-packages/fastf1/core.py", line 2052, in _load_session_status_data
    session_status = api.session_status_data(self.api_path,
                     ^^^^^^^^^^^^^^^^^^^^^^^^^^^^^^^^^^^^^^
  File "/Users/ompatel/Downloads/RacinglinAi/.venv/lib/python3.11/site-packages/fastf1/req.py", line 479, in _cached_api_request
    data = func(api_path, **func_kwargs)
           ^^^^^^^^^^^^^^^^^^^^^^^^^^^^^
  File "/Users/ompatel/Downloads/RacinglinAi/.venv/lib/python3.11/site-packages/fastf1/_api.py", line 1333, in session_status_data
    raise SessionNotAvailableError(
fastf1._api.SessionNotAvailableError: No data for this session! If this session only finished recently, please try again in a few minutes.
2025-06-19 15:36:56,140 - INFO - No cached data found for lap_count. Loading data...
2025-06-19 15:36:56,141 - INFO - Fetching lap count data...
2025-06-19 15:36:56,502 - DEBUG - Falling back to livetiming mirror (https://livetiming-mirror.fastf1.dev)
2025-06-19 15:36:56,833 - WARNING - Failed to load total lap count!
2025-06-19 15:36:56,839 - DEBUG - Traceback for failure in total lap count
Traceback (most recent call last):
  File "/Users/ompatel/Downloads/RacinglinAi/.venv/lib/python3.11/site-packages/fastf1/logger.py", line 151, in __wrapped
    return func(*args, **kwargs)
           ^^^^^^^^^^^^^^^^^^^^^
  File "/Users/ompatel/Downloads/RacinglinAi/.venv/lib/python3.11/site-packages/fastf1/core.py", line 2034, in _load_total_lap_count
    lap_count = api.lap_count(self.api_path, livedata=livedata)
                ^^^^^^^^^^^^^^^^^^^^^^^^^^^^^^^^^^^^^^^^^^^^^^^
  File "/Users/ompatel/Downloads/RacinglinAi/.venv/lib/python3.11/site-packages/fastf1/req.py", line 479, in _cached_api_request
    data = func(api_path, **func_kwargs)
           ^^^^^^^^^^^^^^^^^^^^^^^^^^^^^
  File "/Users/ompatel/Downloads/RacinglinAi/.venv/lib/python3.11/site-packages/fastf1/_api.py", line 1476, in lap_count
    raise SessionNotAvailableError(
fastf1._api.SessionNotAvailableError: No data for this session! If this session only finished recently, please try again in a few minutes.
2025-06-19 15:36:56,845 - INFO - No cached data found for track_status_data. Loading data...
2025-06-19 15:36:56,853 - INFO - Fetching track status data...
2025-06-19 15:36:57,187 - DEBUG - Falling back to livetiming mirror (https://livetiming-mirror.fastf1.dev)
2025-06-19 15:36:57,458 - WARNING - Failed to load track status data!
2025-06-19 15:36:57,461 - DEBUG - Traceback for failure in track status data
Traceback (most recent call last):
  File "/Users/ompatel/Downloads/RacinglinAi/.venv/lib/python3.11/site-packages/fastf1/logger.py", line 151, in __wrapped
    return func(*args, **kwargs)
           ^^^^^^^^^^^^^^^^^^^^^
  File "/Users/ompatel/Downloads/RacinglinAi/.venv/lib/python3.11/site-packages/fastf1/core.py", line 2021, in _load_track_status_data
    track_status = api.track_status_data(self.api_path, livedata=livedata)
                   ^^^^^^^^^^^^^^^^^^^^^^^^^^^^^^^^^^^^^^^^^^^^^^^^^^^^^^^
  File "/Users/ompatel/Downloads/RacinglinAi/.venv/lib/python3.11/site-packages/fastf1/req.py", line 479, in _cached_api_request
    data = func(api_path, **func_kwargs)
           ^^^^^^^^^^^^^^^^^^^^^^^^^^^^^
  File "/Users/ompatel/Downloads/RacinglinAi/.venv/lib/python3.11/site-packages/fastf1/_api.py", line 1277, in track_status_data
    raise SessionNotAvailableError(
fastf1._api.SessionNotAvailableError: No data for this session! If this session only finished recently, please try again in a few minutes.
2025-06-19 15:36:57,466 - INFO - No cached data found for _extended_timing_data. Loading data...
2025-06-19 15:36:57,472 - INFO - Fetching timing data...
2025-06-19 15:36:57,826 - DEBUG - Falling back to livetiming mirror (https://livetiming-mirror.fastf1.dev)
2025-06-19 15:36:58,310 - WARNING - Failed to load timing data!
2025-06-19 15:36:58,335 - DEBUG - Traceback for failure in lap timing data
Traceback (most recent call last):
  File "/Users/ompatel/Downloads/RacinglinAi/.venv/lib/python3.11/site-packages/fastf1/logger.py", line 151, in __wrapped
    return func(*args, **kwargs)
           ^^^^^^^^^^^^^^^^^^^^^
  File "/Users/ompatel/Downloads/RacinglinAi/.venv/lib/python3.11/site-packages/fastf1/core.py", line 1476, in _load_laps_data
    = api._extended_timing_data(self.api_path, livedata=livedata)
      ^^^^^^^^^^^^^^^^^^^^^^^^^^^^^^^^^^^^^^^^^^^^^^^^^^^^^^^^^^^
  File "/Users/ompatel/Downloads/RacinglinAi/.venv/lib/python3.11/site-packages/fastf1/req.py", line 479, in _cached_api_request
    data = func(api_path, **func_kwargs)
           ^^^^^^^^^^^^^^^^^^^^^^^^^^^^^
  File "/Users/ompatel/Downloads/RacinglinAi/.venv/lib/python3.11/site-packages/fastf1/_api.py", line 200, in _extended_timing_data
    raise SessionNotAvailableError(
fastf1._api.SessionNotAvailableError: No data for this session! If this session only finished recently, please try again in a few minutes.
2025-06-19 15:36:58,496 - WARNING - Cannot load lap times for first lap from Ergast. Timing data is not available for this session.
2025-06-19 15:36:58,498 - INFO - No cached data found for car_data. Loading data...
2025-06-19 15:36:58,498 - INFO - Fetching car data...
2025-06-19 15:36:58,989 - DEBUG - Falling back to livetiming mirror (https://livetiming-mirror.fastf1.dev)
2025-06-19 15:36:59,201 - WARNING - Car telemetry data is unavailable!
2025-06-19 15:36:59,206 - INFO - No cached data found for position_data. Loading data...
2025-06-19 15:36:59,209 - INFO - Fetching position data...
2025-06-19 15:36:59,613 - DEBUG - Falling back to livetiming mirror (https://livetiming-mirror.fastf1.dev)
2025-06-19 15:36:59,874 - WARNING - Car position data is unavailable!
2025-06-19 15:36:59,877 - WARNING - Failed to determine `Session.t0_date`!
2025-06-19 15:36:59,880 - INFO - No cached data found for weather_data. Loading data...
2025-06-19 15:36:59,882 - INFO - Fetching weather data...
2025-06-19 15:37:00,229 - DEBUG - Falling back to livetiming mirror (https://livetiming-mirror.fastf1.dev)
2025-06-19 15:37:00,634 - WARNING - Failed to load weather data!
2025-06-19 15:37:00,643 - DEBUG - Traceback for failure in weather data
Traceback (most recent call last):
  File "/Users/ompatel/Downloads/RacinglinAi/.venv/lib/python3.11/site-packages/fastf1/logger.py", line 151, in __wrapped
    return func(*args, **kwargs)
           ^^^^^^^^^^^^^^^^^^^^^
  File "/Users/ompatel/Downloads/RacinglinAi/.venv/lib/python3.11/site-packages/fastf1/core.py", line 2442, in _load_weather_data
    weather_data = api.weather_data(self.api_path, livedata=livedata)
                   ^^^^^^^^^^^^^^^^^^^^^^^^^^^^^^^^^^^^^^^^^^^^^^^^^^
  File "/Users/ompatel/Downloads/RacinglinAi/.venv/lib/python3.11/site-packages/fastf1/req.py", line 479, in _cached_api_request
    data = func(api_path, **func_kwargs)
           ^^^^^^^^^^^^^^^^^^^^^^^^^^^^^
  File "/Users/ompatel/Downloads/RacinglinAi/.venv/lib/python3.11/site-packages/fastf1/_api.py", line 1613, in weather_data
    raise SessionNotAvailableError(
fastf1._api.SessionNotAvailableError: No data for this session! If this session only finished recently, please try again in a few minutes.
2025-06-19 15:37:00,650 - INFO - No cached data found for race_control_messages. Loading data...
2025-06-19 15:37:00,652 - INFO - Fetching race control messages...
2025-06-19 15:37:01,197 - DEBUG - Falling back to livetiming mirror (https://livetiming-mirror.fastf1.dev)
2025-06-19 15:37:01,432 - WARNING - Failed to load race control messages!
2025-06-19 15:37:01,434 - DEBUG - Traceback for failure in race control messages
Traceback (most recent call last):
  File "/Users/ompatel/Downloads/RacinglinAi/.venv/lib/python3.11/site-packages/fastf1/logger.py", line 151, in __wrapped
    return func(*args, **kwargs)
           ^^^^^^^^^^^^^^^^^^^^^
  File "/Users/ompatel/Downloads/RacinglinAi/.venv/lib/python3.11/site-packages/fastf1/core.py", line 2449, in _load_race_control_messages
    race_control_messages = api.race_control_messages(self.api_path,
                            ^^^^^^^^^^^^^^^^^^^^^^^^^^^^^^^^^^^^^^^^
  File "/Users/ompatel/Downloads/RacinglinAi/.venv/lib/python3.11/site-packages/fastf1/req.py", line 479, in _cached_api_request
    data = func(api_path, **func_kwargs)
           ^^^^^^^^^^^^^^^^^^^^^^^^^^^^^
  File "/Users/ompatel/Downloads/RacinglinAi/.venv/lib/python3.11/site-packages/fastf1/_api.py", line 1404, in race_control_messages
    raise SessionNotAvailableError(
fastf1._api.SessionNotAvailableError: No data for this session! If this session only finished recently, please try again in a few minutes.
2025-06-19 15:37:01,441 - INFO - Finished loading data for 0 drivers: []
2025-06-19 15:37:01,443 - ERROR - [PROCESS FAIL] dutch_grand_prix: The data you are trying to access has not been loaded yet. See `Session.load`
2025-06-19 15:37:01,490 - INFO - Loading data for Italian Grand Prix - Race [v3.5.3]
2025-06-19 15:37:01,492 - INFO - No cached data found for session_info. Loading data...
2025-06-19 15:37:01,492 - INFO - Fetching session info data...
2025-06-19 15:37:01,838 - DEBUG - Falling back to livetiming mirror (https://livetiming-mirror.fastf1.dev)
2025-06-19 15:37:02,074 - WARNING - Failed to load session info data!
2025-06-19 15:37:02,075 - DEBUG - Traceback for failure in session info data
Traceback (most recent call last):
  File "/Users/ompatel/Downloads/RacinglinAi/.venv/lib/python3.11/site-packages/fastf1/logger.py", line 151, in __wrapped
    return func(*args, **kwargs)
           ^^^^^^^^^^^^^^^^^^^^^
  File "/Users/ompatel/Downloads/RacinglinAi/.venv/lib/python3.11/site-packages/fastf1/core.py", line 1470, in _load_session_info
    self._session_info = api.session_info(self.api_path,
                         ^^^^^^^^^^^^^^^^^^^^^^^^^^^^^^^
  File "/Users/ompatel/Downloads/RacinglinAi/.venv/lib/python3.11/site-packages/fastf1/req.py", line 479, in _cached_api_request
    data = func(api_path, **func_kwargs)
           ^^^^^^^^^^^^^^^^^^^^^^^^^^^^^
  File "/Users/ompatel/Downloads/RacinglinAi/.venv/lib/python3.11/site-packages/fastf1/_api.py", line 1687, in session_info
    raise SessionNotAvailableError(
fastf1._api.SessionNotAvailableError: No data for this session! If this session only finished recently, please try again in a few minutes.
2025-06-19 15:37:02,080 - INFO - No cached data found for driver_info. Loading data...
2025-06-19 15:37:02,082 - INFO - Fetching driver list...
2025-06-19 15:37:02,419 - DEBUG - Falling back to livetiming mirror (https://livetiming-mirror.fastf1.dev)
2025-06-19 15:37:02,651 - WARNING - Failed to load extended driver information!
2025-06-19 15:37:02,652 - DEBUG - Exception while loading driver list
Traceback (most recent call last):
  File "/Users/ompatel/Downloads/RacinglinAi/.venv/lib/python3.11/site-packages/fastf1/core.py", line 2291, in _drivers_from_f1_api
    f1di = api.driver_info(self.api_path, livedata=livedata)
           ^^^^^^^^^^^^^^^^^^^^^^^^^^^^^^^^^^^^^^^^^^^^^^^^^
  File "/Users/ompatel/Downloads/RacinglinAi/.venv/lib/python3.11/site-packages/fastf1/req.py", line 479, in _cached_api_request
    data = func(api_path, **func_kwargs)
           ^^^^^^^^^^^^^^^^^^^^^^^^^^^^^
  File "/Users/ompatel/Downloads/RacinglinAi/.venv/lib/python3.11/site-packages/fastf1/_api.py", line 1535, in driver_info
    raise SessionNotAvailableError(
fastf1._api.SessionNotAvailableError: No data for this session! If this session only finished recently, please try again in a few minutes.
2025-06-19 15:37:02,784 - WARNING - Request for URL https://api.jolpi.ca/ergast/f1/2025/16/results.json failed; using cached response
Traceback (most recent call last):
  File "/Users/ompatel/Downloads/RacinglinAi/.venv/lib/python3.11/site-packages/requests_cache/session.py", line 291, in _resend
    response.raise_for_status()
  File "/Users/ompatel/Downloads/RacinglinAi/.venv/lib/python3.11/site-packages/requests/models.py", line 1026, in raise_for_status
    raise HTTPError(http_error_msg, response=self)
requests.exceptions.HTTPError: 429 Client Error: Too Many Requests for url: https://api.jolpi.ca/ergast/f1/2025/16/results.json
2025-06-19 15:37:02,791 - WARNING - No result data for this session available on Ergast! (This is expected for recent sessions)
2025-06-19 15:37:02,792 - WARNING - Failed to load driver list and session results!
2025-06-19 15:37:02,805 - INFO - No cached data found for session_status_data. Loading data...
2025-06-19 15:37:02,806 - INFO - Fetching session status data...
2025-06-19 15:37:03,240 - DEBUG - Falling back to livetiming mirror (https://livetiming-mirror.fastf1.dev)
2025-06-19 15:37:03,470 - WARNING - Failed to load session status data!
2025-06-19 15:37:03,471 - DEBUG - Traceback for failure in session status data
Traceback (most recent call last):
  File "/Users/ompatel/Downloads/RacinglinAi/.venv/lib/python3.11/site-packages/fastf1/logger.py", line 151, in __wrapped
    return func(*args, **kwargs)
           ^^^^^^^^^^^^^^^^^^^^^
  File "/Users/ompatel/Downloads/RacinglinAi/.venv/lib/python3.11/site-packages/fastf1/core.py", line 2052, in _load_session_status_data
    session_status = api.session_status_data(self.api_path,
                     ^^^^^^^^^^^^^^^^^^^^^^^^^^^^^^^^^^^^^^
  File "/Users/ompatel/Downloads/RacinglinAi/.venv/lib/python3.11/site-packages/fastf1/req.py", line 479, in _cached_api_request
    data = func(api_path, **func_kwargs)
           ^^^^^^^^^^^^^^^^^^^^^^^^^^^^^
  File "/Users/ompatel/Downloads/RacinglinAi/.venv/lib/python3.11/site-packages/fastf1/_api.py", line 1333, in session_status_data
    raise SessionNotAvailableError(
fastf1._api.SessionNotAvailableError: No data for this session! If this session only finished recently, please try again in a few minutes.
2025-06-19 15:37:03,473 - INFO - No cached data found for lap_count. Loading data...
2025-06-19 15:37:03,474 - INFO - Fetching lap count data...
2025-06-19 15:37:03,823 - DEBUG - Falling back to livetiming mirror (https://livetiming-mirror.fastf1.dev)
2025-06-19 15:37:04,057 - WARNING - Failed to load total lap count!
2025-06-19 15:37:04,057 - DEBUG - Traceback for failure in total lap count
Traceback (most recent call last):
  File "/Users/ompatel/Downloads/RacinglinAi/.venv/lib/python3.11/site-packages/fastf1/logger.py", line 151, in __wrapped
    return func(*args, **kwargs)
           ^^^^^^^^^^^^^^^^^^^^^
  File "/Users/ompatel/Downloads/RacinglinAi/.venv/lib/python3.11/site-packages/fastf1/core.py", line 2034, in _load_total_lap_count
    lap_count = api.lap_count(self.api_path, livedata=livedata)
                ^^^^^^^^^^^^^^^^^^^^^^^^^^^^^^^^^^^^^^^^^^^^^^^
  File "/Users/ompatel/Downloads/RacinglinAi/.venv/lib/python3.11/site-packages/fastf1/req.py", line 479, in _cached_api_request
    data = func(api_path, **func_kwargs)
           ^^^^^^^^^^^^^^^^^^^^^^^^^^^^^
  File "/Users/ompatel/Downloads/RacinglinAi/.venv/lib/python3.11/site-packages/fastf1/_api.py", line 1476, in lap_count
    raise SessionNotAvailableError(
fastf1._api.SessionNotAvailableError: No data for this session! If this session only finished recently, please try again in a few minutes.
2025-06-19 15:37:04,058 - INFO - No cached data found for track_status_data. Loading data...
2025-06-19 15:37:04,058 - INFO - Fetching track status data...
2025-06-19 15:37:04,416 - DEBUG - Falling back to livetiming mirror (https://livetiming-mirror.fastf1.dev)
2025-06-19 15:37:04,702 - WARNING - Failed to load track status data!
2025-06-19 15:37:04,704 - DEBUG - Traceback for failure in track status data
Traceback (most recent call last):
  File "/Users/ompatel/Downloads/RacinglinAi/.venv/lib/python3.11/site-packages/fastf1/logger.py", line 151, in __wrapped
    return func(*args, **kwargs)
           ^^^^^^^^^^^^^^^^^^^^^
  File "/Users/ompatel/Downloads/RacinglinAi/.venv/lib/python3.11/site-packages/fastf1/core.py", line 2021, in _load_track_status_data
    track_status = api.track_status_data(self.api_path, livedata=livedata)
                   ^^^^^^^^^^^^^^^^^^^^^^^^^^^^^^^^^^^^^^^^^^^^^^^^^^^^^^^
  File "/Users/ompatel/Downloads/RacinglinAi/.venv/lib/python3.11/site-packages/fastf1/req.py", line 479, in _cached_api_request
    data = func(api_path, **func_kwargs)
           ^^^^^^^^^^^^^^^^^^^^^^^^^^^^^
  File "/Users/ompatel/Downloads/RacinglinAi/.venv/lib/python3.11/site-packages/fastf1/_api.py", line 1277, in track_status_data
    raise SessionNotAvailableError(
fastf1._api.SessionNotAvailableError: No data for this session! If this session only finished recently, please try again in a few minutes.
2025-06-19 15:37:04,706 - INFO - No cached data found for _extended_timing_data. Loading data...
2025-06-19 15:37:04,706 - INFO - Fetching timing data...
2025-06-19 15:37:05,044 - DEBUG - Falling back to livetiming mirror (https://livetiming-mirror.fastf1.dev)
2025-06-19 15:37:05,369 - WARNING - Failed to load timing data!
2025-06-19 15:37:05,371 - DEBUG - Traceback for failure in lap timing data
Traceback (most recent call last):
  File "/Users/ompatel/Downloads/RacinglinAi/.venv/lib/python3.11/site-packages/fastf1/logger.py", line 151, in __wrapped
    return func(*args, **kwargs)
           ^^^^^^^^^^^^^^^^^^^^^
  File "/Users/ompatel/Downloads/RacinglinAi/.venv/lib/python3.11/site-packages/fastf1/core.py", line 1476, in _load_laps_data
    = api._extended_timing_data(self.api_path, livedata=livedata)
      ^^^^^^^^^^^^^^^^^^^^^^^^^^^^^^^^^^^^^^^^^^^^^^^^^^^^^^^^^^^
  File "/Users/ompatel/Downloads/RacinglinAi/.venv/lib/python3.11/site-packages/fastf1/req.py", line 479, in _cached_api_request
    data = func(api_path, **func_kwargs)
           ^^^^^^^^^^^^^^^^^^^^^^^^^^^^^
  File "/Users/ompatel/Downloads/RacinglinAi/.venv/lib/python3.11/site-packages/fastf1/_api.py", line 200, in _extended_timing_data
    raise SessionNotAvailableError(
fastf1._api.SessionNotAvailableError: No data for this session! If this session only finished recently, please try again in a few minutes.
2025-06-19 15:37:05,490 - WARNING - Request for URL https://api.jolpi.ca/ergast/f1/2025/16/laps/1.json failed; using cached response
Traceback (most recent call last):
  File "/Users/ompatel/Downloads/RacinglinAi/.venv/lib/python3.11/site-packages/requests_cache/session.py", line 291, in _resend
    response.raise_for_status()
  File "/Users/ompatel/Downloads/RacinglinAi/.venv/lib/python3.11/site-packages/requests/models.py", line 1026, in raise_for_status
    raise HTTPError(http_error_msg, response=self)
requests.exceptions.HTTPError: 429 Client Error: Too Many Requests for url: https://api.jolpi.ca/ergast/f1/2025/16/laps/1.json
2025-06-19 15:37:05,492 - WARNING - Cannot load lap times for first lap from Ergast. Timing data is not available for this session.
2025-06-19 15:37:05,492 - INFO - No cached data found for car_data. Loading data...
2025-06-19 15:37:05,492 - INFO - Fetching car data...
2025-06-19 15:37:05,949 - DEBUG - Falling back to livetiming mirror (https://livetiming-mirror.fastf1.dev)
2025-06-19 15:37:06,191 - WARNING - Car telemetry data is unavailable!
2025-06-19 15:37:06,193 - INFO - No cached data found for position_data. Loading data...
2025-06-19 15:37:06,194 - INFO - Fetching position data...
2025-06-19 15:37:06,578 - DEBUG - Falling back to livetiming mirror (https://livetiming-mirror.fastf1.dev)
2025-06-19 15:37:06,819 - WARNING - Car position data is unavailable!
2025-06-19 15:37:06,820 - WARNING - Failed to determine `Session.t0_date`!
2025-06-19 15:37:06,821 - INFO - No cached data found for weather_data. Loading data...
2025-06-19 15:37:06,821 - INFO - Fetching weather data...
2025-06-19 15:37:07,162 - DEBUG - Falling back to livetiming mirror (https://livetiming-mirror.fastf1.dev)
2025-06-19 15:37:07,381 - WARNING - Failed to load weather data!
2025-06-19 15:37:07,382 - DEBUG - Traceback for failure in weather data
Traceback (most recent call last):
  File "/Users/ompatel/Downloads/RacinglinAi/.venv/lib/python3.11/site-packages/fastf1/logger.py", line 151, in __wrapped
    return func(*args, **kwargs)
           ^^^^^^^^^^^^^^^^^^^^^
  File "/Users/ompatel/Downloads/RacinglinAi/.venv/lib/python3.11/site-packages/fastf1/core.py", line 2442, in _load_weather_data
    weather_data = api.weather_data(self.api_path, livedata=livedata)
                   ^^^^^^^^^^^^^^^^^^^^^^^^^^^^^^^^^^^^^^^^^^^^^^^^^^
  File "/Users/ompatel/Downloads/RacinglinAi/.venv/lib/python3.11/site-packages/fastf1/req.py", line 479, in _cached_api_request
    data = func(api_path, **func_kwargs)
           ^^^^^^^^^^^^^^^^^^^^^^^^^^^^^
  File "/Users/ompatel/Downloads/RacinglinAi/.venv/lib/python3.11/site-packages/fastf1/_api.py", line 1613, in weather_data
    raise SessionNotAvailableError(
fastf1._api.SessionNotAvailableError: No data for this session! If this session only finished recently, please try again in a few minutes.
2025-06-19 15:37:07,384 - INFO - No cached data found for race_control_messages. Loading data...
2025-06-19 15:37:07,384 - INFO - Fetching race control messages...
2025-06-19 15:37:07,742 - DEBUG - Falling back to livetiming mirror (https://livetiming-mirror.fastf1.dev)
2025-06-19 15:37:07,999 - WARNING - Failed to load race control messages!
2025-06-19 15:37:08,000 - DEBUG - Traceback for failure in race control messages
Traceback (most recent call last):
  File "/Users/ompatel/Downloads/RacinglinAi/.venv/lib/python3.11/site-packages/fastf1/logger.py", line 151, in __wrapped
    return func(*args, **kwargs)
           ^^^^^^^^^^^^^^^^^^^^^
  File "/Users/ompatel/Downloads/RacinglinAi/.venv/lib/python3.11/site-packages/fastf1/core.py", line 2449, in _load_race_control_messages
    race_control_messages = api.race_control_messages(self.api_path,
                            ^^^^^^^^^^^^^^^^^^^^^^^^^^^^^^^^^^^^^^^^
  File "/Users/ompatel/Downloads/RacinglinAi/.venv/lib/python3.11/site-packages/fastf1/req.py", line 479, in _cached_api_request
    data = func(api_path, **func_kwargs)
           ^^^^^^^^^^^^^^^^^^^^^^^^^^^^^
  File "/Users/ompatel/Downloads/RacinglinAi/.venv/lib/python3.11/site-packages/fastf1/_api.py", line 1404, in race_control_messages
    raise SessionNotAvailableError(
fastf1._api.SessionNotAvailableError: No data for this session! If this session only finished recently, please try again in a few minutes.
2025-06-19 15:37:08,004 - INFO - Finished loading data for 0 drivers: []
2025-06-19 15:37:08,005 - ERROR - [PROCESS FAIL] italian_grand_prix: The data you are trying to access has not been loaded yet. See `Session.load`
2025-06-19 15:37:08,028 - INFO - Loading data for Azerbaijan Grand Prix - Race [v3.5.3]
2025-06-19 15:37:08,029 - INFO - No cached data found for session_info. Loading data...
2025-06-19 15:37:08,029 - INFO - Fetching session info data...
2025-06-19 15:37:08,387 - DEBUG - Falling back to livetiming mirror (https://livetiming-mirror.fastf1.dev)
2025-06-19 15:37:08,667 - WARNING - Failed to load session info data!
2025-06-19 15:37:08,668 - DEBUG - Traceback for failure in session info data
Traceback (most recent call last):
  File "/Users/ompatel/Downloads/RacinglinAi/.venv/lib/python3.11/site-packages/fastf1/logger.py", line 151, in __wrapped
    return func(*args, **kwargs)
           ^^^^^^^^^^^^^^^^^^^^^
  File "/Users/ompatel/Downloads/RacinglinAi/.venv/lib/python3.11/site-packages/fastf1/core.py", line 1470, in _load_session_info
    self._session_info = api.session_info(self.api_path,
                         ^^^^^^^^^^^^^^^^^^^^^^^^^^^^^^^
  File "/Users/ompatel/Downloads/RacinglinAi/.venv/lib/python3.11/site-packages/fastf1/req.py", line 479, in _cached_api_request
    data = func(api_path, **func_kwargs)
           ^^^^^^^^^^^^^^^^^^^^^^^^^^^^^
  File "/Users/ompatel/Downloads/RacinglinAi/.venv/lib/python3.11/site-packages/fastf1/_api.py", line 1687, in session_info
    raise SessionNotAvailableError(
fastf1._api.SessionNotAvailableError: No data for this session! If this session only finished recently, please try again in a few minutes.
2025-06-19 15:37:08,670 - INFO - No cached data found for driver_info. Loading data...
2025-06-19 15:37:08,671 - INFO - Fetching driver list...
2025-06-19 15:37:09,093 - DEBUG - Falling back to livetiming mirror (https://livetiming-mirror.fastf1.dev)
2025-06-19 15:37:09,332 - WARNING - Failed to load extended driver information!
2025-06-19 15:37:09,333 - DEBUG - Exception while loading driver list
Traceback (most recent call last):
  File "/Users/ompatel/Downloads/RacinglinAi/.venv/lib/python3.11/site-packages/fastf1/core.py", line 2291, in _drivers_from_f1_api
    f1di = api.driver_info(self.api_path, livedata=livedata)
           ^^^^^^^^^^^^^^^^^^^^^^^^^^^^^^^^^^^^^^^^^^^^^^^^^
  File "/Users/ompatel/Downloads/RacinglinAi/.venv/lib/python3.11/site-packages/fastf1/req.py", line 479, in _cached_api_request
    data = func(api_path, **func_kwargs)
           ^^^^^^^^^^^^^^^^^^^^^^^^^^^^^
  File "/Users/ompatel/Downloads/RacinglinAi/.venv/lib/python3.11/site-packages/fastf1/_api.py", line 1535, in driver_info
    raise SessionNotAvailableError(
fastf1._api.SessionNotAvailableError: No data for this session! If this session only finished recently, please try again in a few minutes.
2025-06-19 15:37:09,467 - WARNING - No result data for this session available on Ergast! (This is expected for recent sessions)
2025-06-19 15:37:09,467 - WARNING - Failed to load driver list and session results!
2025-06-19 15:37:09,474 - INFO - No cached data found for session_status_data. Loading data...
2025-06-19 15:37:09,474 - INFO - Fetching session status data...
2025-06-19 15:37:09,913 - DEBUG - Falling back to livetiming mirror (https://livetiming-mirror.fastf1.dev)
2025-06-19 15:37:10,198 - WARNING - Failed to load session status data!
2025-06-19 15:37:10,199 - DEBUG - Traceback for failure in session status data
Traceback (most recent call last):
  File "/Users/ompatel/Downloads/RacinglinAi/.venv/lib/python3.11/site-packages/fastf1/logger.py", line 151, in __wrapped
    return func(*args, **kwargs)
           ^^^^^^^^^^^^^^^^^^^^^
  File "/Users/ompatel/Downloads/RacinglinAi/.venv/lib/python3.11/site-packages/fastf1/core.py", line 2052, in _load_session_status_data
    session_status = api.session_status_data(self.api_path,
                     ^^^^^^^^^^^^^^^^^^^^^^^^^^^^^^^^^^^^^^
  File "/Users/ompatel/Downloads/RacinglinAi/.venv/lib/python3.11/site-packages/fastf1/req.py", line 479, in _cached_api_request
    data = func(api_path, **func_kwargs)
           ^^^^^^^^^^^^^^^^^^^^^^^^^^^^^
  File "/Users/ompatel/Downloads/RacinglinAi/.venv/lib/python3.11/site-packages/fastf1/_api.py", line 1333, in session_status_data
    raise SessionNotAvailableError(
fastf1._api.SessionNotAvailableError: No data for this session! If this session only finished recently, please try again in a few minutes.
2025-06-19 15:37:10,200 - INFO - No cached data found for lap_count. Loading data...
2025-06-19 15:37:10,200 - INFO - Fetching lap count data...
2025-06-19 15:37:10,529 - DEBUG - Falling back to livetiming mirror (https://livetiming-mirror.fastf1.dev)
2025-06-19 15:37:10,764 - WARNING - Failed to load total lap count!
2025-06-19 15:37:10,764 - DEBUG - Traceback for failure in total lap count
Traceback (most recent call last):
  File "/Users/ompatel/Downloads/RacinglinAi/.venv/lib/python3.11/site-packages/fastf1/logger.py", line 151, in __wrapped
    return func(*args, **kwargs)
           ^^^^^^^^^^^^^^^^^^^^^
  File "/Users/ompatel/Downloads/RacinglinAi/.venv/lib/python3.11/site-packages/fastf1/core.py", line 2034, in _load_total_lap_count
    lap_count = api.lap_count(self.api_path, livedata=livedata)
                ^^^^^^^^^^^^^^^^^^^^^^^^^^^^^^^^^^^^^^^^^^^^^^^
  File "/Users/ompatel/Downloads/RacinglinAi/.venv/lib/python3.11/site-packages/fastf1/req.py", line 479, in _cached_api_request
    data = func(api_path, **func_kwargs)
           ^^^^^^^^^^^^^^^^^^^^^^^^^^^^^
  File "/Users/ompatel/Downloads/RacinglinAi/.venv/lib/python3.11/site-packages/fastf1/_api.py", line 1476, in lap_count
    raise SessionNotAvailableError(
fastf1._api.SessionNotAvailableError: No data for this session! If this session only finished recently, please try again in a few minutes.
2025-06-19 15:37:10,765 - INFO - No cached data found for track_status_data. Loading data...
2025-06-19 15:37:10,765 - INFO - Fetching track status data...
2025-06-19 15:37:11,103 - DEBUG - Falling back to livetiming mirror (https://livetiming-mirror.fastf1.dev)
2025-06-19 15:37:11,320 - WARNING - Failed to load track status data!
2025-06-19 15:37:11,321 - DEBUG - Traceback for failure in track status data
Traceback (most recent call last):
  File "/Users/ompatel/Downloads/RacinglinAi/.venv/lib/python3.11/site-packages/fastf1/logger.py", line 151, in __wrapped
    return func(*args, **kwargs)
           ^^^^^^^^^^^^^^^^^^^^^
  File "/Users/ompatel/Downloads/RacinglinAi/.venv/lib/python3.11/site-packages/fastf1/core.py", line 2021, in _load_track_status_data
    track_status = api.track_status_data(self.api_path, livedata=livedata)
                   ^^^^^^^^^^^^^^^^^^^^^^^^^^^^^^^^^^^^^^^^^^^^^^^^^^^^^^^
  File "/Users/ompatel/Downloads/RacinglinAi/.venv/lib/python3.11/site-packages/fastf1/req.py", line 479, in _cached_api_request
    data = func(api_path, **func_kwargs)
           ^^^^^^^^^^^^^^^^^^^^^^^^^^^^^
  File "/Users/ompatel/Downloads/RacinglinAi/.venv/lib/python3.11/site-packages/fastf1/_api.py", line 1277, in track_status_data
    raise SessionNotAvailableError(
fastf1._api.SessionNotAvailableError: No data for this session! If this session only finished recently, please try again in a few minutes.
2025-06-19 15:37:11,321 - INFO - No cached data found for _extended_timing_data. Loading data...
2025-06-19 15:37:11,322 - INFO - Fetching timing data...
2025-06-19 15:37:11,718 - DEBUG - Falling back to livetiming mirror (https://livetiming-mirror.fastf1.dev)
2025-06-19 15:37:11,932 - WARNING - Failed to load timing data!
2025-06-19 15:37:11,932 - DEBUG - Traceback for failure in lap timing data
Traceback (most recent call last):
  File "/Users/ompatel/Downloads/RacinglinAi/.venv/lib/python3.11/site-packages/fastf1/logger.py", line 151, in __wrapped
    return func(*args, **kwargs)
           ^^^^^^^^^^^^^^^^^^^^^
  File "/Users/ompatel/Downloads/RacinglinAi/.venv/lib/python3.11/site-packages/fastf1/core.py", line 1476, in _load_laps_data
    = api._extended_timing_data(self.api_path, livedata=livedata)
      ^^^^^^^^^^^^^^^^^^^^^^^^^^^^^^^^^^^^^^^^^^^^^^^^^^^^^^^^^^^
  File "/Users/ompatel/Downloads/RacinglinAi/.venv/lib/python3.11/site-packages/fastf1/req.py", line 479, in _cached_api_request
    data = func(api_path, **func_kwargs)
           ^^^^^^^^^^^^^^^^^^^^^^^^^^^^^
  File "/Users/ompatel/Downloads/RacinglinAi/.venv/lib/python3.11/site-packages/fastf1/_api.py", line 200, in _extended_timing_data
    raise SessionNotAvailableError(
fastf1._api.SessionNotAvailableError: No data for this session! If this session only finished recently, please try again in a few minutes.
2025-06-19 15:37:12,074 - WARNING - Request for URL https://api.jolpi.ca/ergast/f1/2025/17/laps/1.json failed; using cached response
Traceback (most recent call last):
  File "/Users/ompatel/Downloads/RacinglinAi/.venv/lib/python3.11/site-packages/requests_cache/session.py", line 291, in _resend
    response.raise_for_status()
  File "/Users/ompatel/Downloads/RacinglinAi/.venv/lib/python3.11/site-packages/requests/models.py", line 1026, in raise_for_status
    raise HTTPError(http_error_msg, response=self)
requests.exceptions.HTTPError: 429 Client Error: Too Many Requests for url: https://api.jolpi.ca/ergast/f1/2025/17/laps/1.json
2025-06-19 15:37:12,084 - WARNING - Cannot load lap times for first lap from Ergast. Timing data is not available for this session.
2025-06-19 15:37:12,086 - INFO - No cached data found for car_data. Loading data...
2025-06-19 15:37:12,086 - INFO - Fetching car data...
2025-06-19 15:37:12,557 - DEBUG - Falling back to livetiming mirror (https://livetiming-mirror.fastf1.dev)
2025-06-19 15:37:12,774 - WARNING - Car telemetry data is unavailable!
2025-06-19 15:37:12,774 - INFO - No cached data found for position_data. Loading data...
2025-06-19 15:37:12,774 - INFO - Fetching position data...
2025-06-19 15:37:13,177 - DEBUG - Falling back to livetiming mirror (https://livetiming-mirror.fastf1.dev)
2025-06-19 15:37:13,452 - WARNING - Car position data is unavailable!
2025-06-19 15:37:13,456 - WARNING - Failed to determine `Session.t0_date`!
2025-06-19 15:37:13,457 - INFO - No cached data found for weather_data. Loading data...
2025-06-19 15:37:13,457 - INFO - Fetching weather data...
2025-06-19 15:37:13,810 - DEBUG - Falling back to livetiming mirror (https://livetiming-mirror.fastf1.dev)
2025-06-19 15:37:14,048 - WARNING - Failed to load weather data!
2025-06-19 15:37:14,049 - DEBUG - Traceback for failure in weather data
Traceback (most recent call last):
  File "/Users/ompatel/Downloads/RacinglinAi/.venv/lib/python3.11/site-packages/fastf1/logger.py", line 151, in __wrapped
    return func(*args, **kwargs)
           ^^^^^^^^^^^^^^^^^^^^^
  File "/Users/ompatel/Downloads/RacinglinAi/.venv/lib/python3.11/site-packages/fastf1/core.py", line 2442, in _load_weather_data
    weather_data = api.weather_data(self.api_path, livedata=livedata)
                   ^^^^^^^^^^^^^^^^^^^^^^^^^^^^^^^^^^^^^^^^^^^^^^^^^^
  File "/Users/ompatel/Downloads/RacinglinAi/.venv/lib/python3.11/site-packages/fastf1/req.py", line 479, in _cached_api_request
    data = func(api_path, **func_kwargs)
           ^^^^^^^^^^^^^^^^^^^^^^^^^^^^^
  File "/Users/ompatel/Downloads/RacinglinAi/.venv/lib/python3.11/site-packages/fastf1/_api.py", line 1613, in weather_data
    raise SessionNotAvailableError(
fastf1._api.SessionNotAvailableError: No data for this session! If this session only finished recently, please try again in a few minutes.
2025-06-19 15:37:14,051 - INFO - No cached data found for race_control_messages. Loading data...
2025-06-19 15:37:14,051 - INFO - Fetching race control messages...
2025-06-19 15:37:14,417 - DEBUG - Falling back to livetiming mirror (https://livetiming-mirror.fastf1.dev)
2025-06-19 15:37:14,656 - WARNING - Failed to load race control messages!
2025-06-19 15:37:14,657 - DEBUG - Traceback for failure in race control messages
Traceback (most recent call last):
  File "/Users/ompatel/Downloads/RacinglinAi/.venv/lib/python3.11/site-packages/fastf1/logger.py", line 151, in __wrapped
    return func(*args, **kwargs)
           ^^^^^^^^^^^^^^^^^^^^^
  File "/Users/ompatel/Downloads/RacinglinAi/.venv/lib/python3.11/site-packages/fastf1/core.py", line 2449, in _load_race_control_messages
    race_control_messages = api.race_control_messages(self.api_path,
                            ^^^^^^^^^^^^^^^^^^^^^^^^^^^^^^^^^^^^^^^^
  File "/Users/ompatel/Downloads/RacinglinAi/.venv/lib/python3.11/site-packages/fastf1/req.py", line 479, in _cached_api_request
    data = func(api_path, **func_kwargs)
           ^^^^^^^^^^^^^^^^^^^^^^^^^^^^^
  File "/Users/ompatel/Downloads/RacinglinAi/.venv/lib/python3.11/site-packages/fastf1/_api.py", line 1404, in race_control_messages
    raise SessionNotAvailableError(
fastf1._api.SessionNotAvailableError: No data for this session! If this session only finished recently, please try again in a few minutes.
2025-06-19 15:37:14,661 - INFO - Finished loading data for 0 drivers: []
2025-06-19 15:37:14,662 - ERROR - [PROCESS FAIL] azerbaijan_grand_prix: The data you are trying to access has not been loaded yet. See `Session.load`
2025-06-19 15:37:14,683 - INFO - Loading data for Singapore Grand Prix - Race [v3.5.3]
2025-06-19 15:37:14,684 - INFO - No cached data found for session_info. Loading data...
2025-06-19 15:37:14,684 - INFO - Fetching session info data...
2025-06-19 15:37:15,039 - DEBUG - Falling back to livetiming mirror (https://livetiming-mirror.fastf1.dev)
2025-06-19 15:37:15,261 - WARNING - Failed to load session info data!
2025-06-19 15:37:15,262 - DEBUG - Traceback for failure in session info data
Traceback (most recent call last):
  File "/Users/ompatel/Downloads/RacinglinAi/.venv/lib/python3.11/site-packages/fastf1/logger.py", line 151, in __wrapped
    return func(*args, **kwargs)
           ^^^^^^^^^^^^^^^^^^^^^
  File "/Users/ompatel/Downloads/RacinglinAi/.venv/lib/python3.11/site-packages/fastf1/core.py", line 1470, in _load_session_info
    self._session_info = api.session_info(self.api_path,
                         ^^^^^^^^^^^^^^^^^^^^^^^^^^^^^^^
  File "/Users/ompatel/Downloads/RacinglinAi/.venv/lib/python3.11/site-packages/fastf1/req.py", line 479, in _cached_api_request
    data = func(api_path, **func_kwargs)
           ^^^^^^^^^^^^^^^^^^^^^^^^^^^^^
  File "/Users/ompatel/Downloads/RacinglinAi/.venv/lib/python3.11/site-packages/fastf1/_api.py", line 1687, in session_info
    raise SessionNotAvailableError(
fastf1._api.SessionNotAvailableError: No data for this session! If this session only finished recently, please try again in a few minutes.
2025-06-19 15:37:15,263 - INFO - No cached data found for driver_info. Loading data...
2025-06-19 15:37:15,263 - INFO - Fetching driver list...
2025-06-19 15:37:15,657 - DEBUG - Falling back to livetiming mirror (https://livetiming-mirror.fastf1.dev)
2025-06-19 15:37:15,873 - WARNING - Failed to load extended driver information!
2025-06-19 15:37:15,874 - DEBUG - Exception while loading driver list
Traceback (most recent call last):
  File "/Users/ompatel/Downloads/RacinglinAi/.venv/lib/python3.11/site-packages/fastf1/core.py", line 2291, in _drivers_from_f1_api
    f1di = api.driver_info(self.api_path, livedata=livedata)
           ^^^^^^^^^^^^^^^^^^^^^^^^^^^^^^^^^^^^^^^^^^^^^^^^^
  File "/Users/ompatel/Downloads/RacinglinAi/.venv/lib/python3.11/site-packages/fastf1/req.py", line 479, in _cached_api_request
    data = func(api_path, **func_kwargs)
           ^^^^^^^^^^^^^^^^^^^^^^^^^^^^^
  File "/Users/ompatel/Downloads/RacinglinAi/.venv/lib/python3.11/site-packages/fastf1/_api.py", line 1535, in driver_info
    raise SessionNotAvailableError(
fastf1._api.SessionNotAvailableError: No data for this session! If this session only finished recently, please try again in a few minutes.
2025-06-19 15:37:16,034 - WARNING - No result data for this session available on Ergast! (This is expected for recent sessions)
2025-06-19 15:37:16,035 - WARNING - Failed to load driver list and session results!
2025-06-19 15:37:16,051 - INFO - No cached data found for session_status_data. Loading data...
2025-06-19 15:37:16,052 - INFO - Fetching session status data...
2025-06-19 15:37:16,568 - DEBUG - Falling back to livetiming mirror (https://livetiming-mirror.fastf1.dev)
2025-06-19 15:37:16,801 - WARNING - Failed to load session status data!
2025-06-19 15:37:16,802 - DEBUG - Traceback for failure in session status data
Traceback (most recent call last):
  File "/Users/ompatel/Downloads/RacinglinAi/.venv/lib/python3.11/site-packages/fastf1/logger.py", line 151, in __wrapped
    return func(*args, **kwargs)
           ^^^^^^^^^^^^^^^^^^^^^
  File "/Users/ompatel/Downloads/RacinglinAi/.venv/lib/python3.11/site-packages/fastf1/core.py", line 2052, in _load_session_status_data
    session_status = api.session_status_data(self.api_path,
                     ^^^^^^^^^^^^^^^^^^^^^^^^^^^^^^^^^^^^^^
  File "/Users/ompatel/Downloads/RacinglinAi/.venv/lib/python3.11/site-packages/fastf1/req.py", line 479, in _cached_api_request
    data = func(api_path, **func_kwargs)
           ^^^^^^^^^^^^^^^^^^^^^^^^^^^^^
  File "/Users/ompatel/Downloads/RacinglinAi/.venv/lib/python3.11/site-packages/fastf1/_api.py", line 1333, in session_status_data
    raise SessionNotAvailableError(
fastf1._api.SessionNotAvailableError: No data for this session! If this session only finished recently, please try again in a few minutes.
2025-06-19 15:37:16,803 - INFO - No cached data found for lap_count. Loading data...
2025-06-19 15:37:16,803 - INFO - Fetching lap count data...
2025-06-19 15:37:17,177 - DEBUG - Falling back to livetiming mirror (https://livetiming-mirror.fastf1.dev)
2025-06-19 15:37:17,920 - WARNING - Failed to load total lap count!
2025-06-19 15:37:17,921 - DEBUG - Traceback for failure in total lap count
Traceback (most recent call last):
  File "/Users/ompatel/Downloads/RacinglinAi/.venv/lib/python3.11/site-packages/fastf1/logger.py", line 151, in __wrapped
    return func(*args, **kwargs)
           ^^^^^^^^^^^^^^^^^^^^^
  File "/Users/ompatel/Downloads/RacinglinAi/.venv/lib/python3.11/site-packages/fastf1/core.py", line 2034, in _load_total_lap_count
    lap_count = api.lap_count(self.api_path, livedata=livedata)
                ^^^^^^^^^^^^^^^^^^^^^^^^^^^^^^^^^^^^^^^^^^^^^^^
  File "/Users/ompatel/Downloads/RacinglinAi/.venv/lib/python3.11/site-packages/fastf1/req.py", line 479, in _cached_api_request
    data = func(api_path, **func_kwargs)
           ^^^^^^^^^^^^^^^^^^^^^^^^^^^^^
  File "/Users/ompatel/Downloads/RacinglinAi/.venv/lib/python3.11/site-packages/fastf1/_api.py", line 1476, in lap_count
    raise SessionNotAvailableError(
fastf1._api.SessionNotAvailableError: No data for this session! If this session only finished recently, please try again in a few minutes.
2025-06-19 15:37:17,922 - INFO - No cached data found for track_status_data. Loading data...
2025-06-19 15:37:17,922 - INFO - Fetching track status data...
2025-06-19 15:37:18,254 - DEBUG - Falling back to livetiming mirror (https://livetiming-mirror.fastf1.dev)
2025-06-19 15:37:18,496 - WARNING - Failed to load track status data!
2025-06-19 15:37:18,497 - DEBUG - Traceback for failure in track status data
Traceback (most recent call last):
  File "/Users/ompatel/Downloads/RacinglinAi/.venv/lib/python3.11/site-packages/fastf1/logger.py", line 151, in __wrapped
    return func(*args, **kwargs)
           ^^^^^^^^^^^^^^^^^^^^^
  File "/Users/ompatel/Downloads/RacinglinAi/.venv/lib/python3.11/site-packages/fastf1/core.py", line 2021, in _load_track_status_data
    track_status = api.track_status_data(self.api_path, livedata=livedata)
                   ^^^^^^^^^^^^^^^^^^^^^^^^^^^^^^^^^^^^^^^^^^^^^^^^^^^^^^^
  File "/Users/ompatel/Downloads/RacinglinAi/.venv/lib/python3.11/site-packages/fastf1/req.py", line 479, in _cached_api_request
    data = func(api_path, **func_kwargs)
           ^^^^^^^^^^^^^^^^^^^^^^^^^^^^^
  File "/Users/ompatel/Downloads/RacinglinAi/.venv/lib/python3.11/site-packages/fastf1/_api.py", line 1277, in track_status_data
    raise SessionNotAvailableError(
fastf1._api.SessionNotAvailableError: No data for this session! If this session only finished recently, please try again in a few minutes.
2025-06-19 15:37:18,499 - INFO - No cached data found for _extended_timing_data. Loading data...
2025-06-19 15:37:18,500 - INFO - Fetching timing data...
2025-06-19 15:37:18,807 - DEBUG - Falling back to livetiming mirror (https://livetiming-mirror.fastf1.dev)
2025-06-19 15:37:19,059 - WARNING - Failed to load timing data!
2025-06-19 15:37:19,062 - DEBUG - Traceback for failure in lap timing data
Traceback (most recent call last):
  File "/Users/ompatel/Downloads/RacinglinAi/.venv/lib/python3.11/site-packages/fastf1/logger.py", line 151, in __wrapped
    return func(*args, **kwargs)
           ^^^^^^^^^^^^^^^^^^^^^
  File "/Users/ompatel/Downloads/RacinglinAi/.venv/lib/python3.11/site-packages/fastf1/core.py", line 1476, in _load_laps_data
    = api._extended_timing_data(self.api_path, livedata=livedata)
      ^^^^^^^^^^^^^^^^^^^^^^^^^^^^^^^^^^^^^^^^^^^^^^^^^^^^^^^^^^^
  File "/Users/ompatel/Downloads/RacinglinAi/.venv/lib/python3.11/site-packages/fastf1/req.py", line 479, in _cached_api_request
    data = func(api_path, **func_kwargs)
           ^^^^^^^^^^^^^^^^^^^^^^^^^^^^^
  File "/Users/ompatel/Downloads/RacinglinAi/.venv/lib/python3.11/site-packages/fastf1/_api.py", line 200, in _extended_timing_data
    raise SessionNotAvailableError(
fastf1._api.SessionNotAvailableError: No data for this session! If this session only finished recently, please try again in a few minutes.
2025-06-19 15:37:19,178 - WARNING - Cannot load lap times for first lap from Ergast. Timing data is not available for this session.
2025-06-19 15:37:19,179 - INFO - No cached data found for car_data. Loading data...
2025-06-19 15:37:19,180 - INFO - Fetching car data...
2025-06-19 15:37:19,659 - DEBUG - Falling back to livetiming mirror (https://livetiming-mirror.fastf1.dev)
2025-06-19 15:37:19,933 - WARNING - Car telemetry data is unavailable!
2025-06-19 15:37:19,936 - INFO - No cached data found for position_data. Loading data...
2025-06-19 15:37:19,936 - INFO - Fetching position data...
2025-06-19 15:37:20,351 - DEBUG - Falling back to livetiming mirror (https://livetiming-mirror.fastf1.dev)
2025-06-19 15:37:20,580 - WARNING - Car position data is unavailable!
2025-06-19 15:37:20,584 - WARNING - Failed to determine `Session.t0_date`!
2025-06-19 15:37:20,591 - INFO - No cached data found for weather_data. Loading data...
2025-06-19 15:37:20,592 - INFO - Fetching weather data...
2025-06-19 15:37:20,982 - DEBUG - Falling back to livetiming mirror (https://livetiming-mirror.fastf1.dev)
2025-06-19 15:37:21,226 - WARNING - Failed to load weather data!
2025-06-19 15:37:21,232 - DEBUG - Traceback for failure in weather data
Traceback (most recent call last):
  File "/Users/ompatel/Downloads/RacinglinAi/.venv/lib/python3.11/site-packages/fastf1/logger.py", line 151, in __wrapped
    return func(*args, **kwargs)
           ^^^^^^^^^^^^^^^^^^^^^
  File "/Users/ompatel/Downloads/RacinglinAi/.venv/lib/python3.11/site-packages/fastf1/core.py", line 2442, in _load_weather_data
    weather_data = api.weather_data(self.api_path, livedata=livedata)
                   ^^^^^^^^^^^^^^^^^^^^^^^^^^^^^^^^^^^^^^^^^^^^^^^^^^
  File "/Users/ompatel/Downloads/RacinglinAi/.venv/lib/python3.11/site-packages/fastf1/req.py", line 479, in _cached_api_request
    data = func(api_path, **func_kwargs)
           ^^^^^^^^^^^^^^^^^^^^^^^^^^^^^
  File "/Users/ompatel/Downloads/RacinglinAi/.venv/lib/python3.11/site-packages/fastf1/_api.py", line 1613, in weather_data
    raise SessionNotAvailableError(
fastf1._api.SessionNotAvailableError: No data for this session! If this session only finished recently, please try again in a few minutes.
2025-06-19 15:37:21,233 - INFO - No cached data found for race_control_messages. Loading data...
2025-06-19 15:37:21,236 - INFO - Fetching race control messages...
2025-06-19 15:37:21,588 - DEBUG - Falling back to livetiming mirror (https://livetiming-mirror.fastf1.dev)
2025-06-19 15:37:21,812 - WARNING - Failed to load race control messages!
2025-06-19 15:37:21,813 - DEBUG - Traceback for failure in race control messages
Traceback (most recent call last):
  File "/Users/ompatel/Downloads/RacinglinAi/.venv/lib/python3.11/site-packages/fastf1/logger.py", line 151, in __wrapped
    return func(*args, **kwargs)
           ^^^^^^^^^^^^^^^^^^^^^
  File "/Users/ompatel/Downloads/RacinglinAi/.venv/lib/python3.11/site-packages/fastf1/core.py", line 2449, in _load_race_control_messages
    race_control_messages = api.race_control_messages(self.api_path,
                            ^^^^^^^^^^^^^^^^^^^^^^^^^^^^^^^^^^^^^^^^
  File "/Users/ompatel/Downloads/RacinglinAi/.venv/lib/python3.11/site-packages/fastf1/req.py", line 479, in _cached_api_request
    data = func(api_path, **func_kwargs)
           ^^^^^^^^^^^^^^^^^^^^^^^^^^^^^
  File "/Users/ompatel/Downloads/RacinglinAi/.venv/lib/python3.11/site-packages/fastf1/_api.py", line 1404, in race_control_messages
    raise SessionNotAvailableError(
fastf1._api.SessionNotAvailableError: No data for this session! If this session only finished recently, please try again in a few minutes.
2025-06-19 15:37:21,819 - INFO - Finished loading data for 0 drivers: []
2025-06-19 15:37:21,820 - ERROR - [PROCESS FAIL] singapore_grand_prix: The data you are trying to access has not been loaded yet. See `Session.load`
2025-06-19 15:37:21,843 - INFO - Loading data for Mexico City Grand Prix - Race [v3.5.3]
2025-06-19 15:37:21,844 - INFO - No cached data found for session_info. Loading data...
2025-06-19 15:37:21,844 - INFO - Fetching session info data...
2025-06-19 15:37:22,153 - DEBUG - Falling back to livetiming mirror (https://livetiming-mirror.fastf1.dev)
2025-06-19 15:37:22,384 - WARNING - Failed to load session info data!
2025-06-19 15:37:22,385 - DEBUG - Traceback for failure in session info data
Traceback (most recent call last):
  File "/Users/ompatel/Downloads/RacinglinAi/.venv/lib/python3.11/site-packages/fastf1/logger.py", line 151, in __wrapped
    return func(*args, **kwargs)
           ^^^^^^^^^^^^^^^^^^^^^
  File "/Users/ompatel/Downloads/RacinglinAi/.venv/lib/python3.11/site-packages/fastf1/core.py", line 1470, in _load_session_info
    self._session_info = api.session_info(self.api_path,
                         ^^^^^^^^^^^^^^^^^^^^^^^^^^^^^^^
  File "/Users/ompatel/Downloads/RacinglinAi/.venv/lib/python3.11/site-packages/fastf1/req.py", line 479, in _cached_api_request
    data = func(api_path, **func_kwargs)
           ^^^^^^^^^^^^^^^^^^^^^^^^^^^^^
  File "/Users/ompatel/Downloads/RacinglinAi/.venv/lib/python3.11/site-packages/fastf1/_api.py", line 1687, in session_info
    raise SessionNotAvailableError(
fastf1._api.SessionNotAvailableError: No data for this session! If this session only finished recently, please try again in a few minutes.
2025-06-19 15:37:22,385 - INFO - No cached data found for driver_info. Loading data...
2025-06-19 15:37:22,385 - INFO - Fetching driver list...
2025-06-19 15:37:22,707 - DEBUG - Falling back to livetiming mirror (https://livetiming-mirror.fastf1.dev)
2025-06-19 15:37:22,946 - WARNING - Failed to load extended driver information!
2025-06-19 15:37:22,947 - DEBUG - Exception while loading driver list
Traceback (most recent call last):
  File "/Users/ompatel/Downloads/RacinglinAi/.venv/lib/python3.11/site-packages/fastf1/core.py", line 2291, in _drivers_from_f1_api
    f1di = api.driver_info(self.api_path, livedata=livedata)
           ^^^^^^^^^^^^^^^^^^^^^^^^^^^^^^^^^^^^^^^^^^^^^^^^^
  File "/Users/ompatel/Downloads/RacinglinAi/.venv/lib/python3.11/site-packages/fastf1/req.py", line 479, in _cached_api_request
    data = func(api_path, **func_kwargs)
           ^^^^^^^^^^^^^^^^^^^^^^^^^^^^^
  File "/Users/ompatel/Downloads/RacinglinAi/.venv/lib/python3.11/site-packages/fastf1/_api.py", line 1535, in driver_info
    raise SessionNotAvailableError(
fastf1._api.SessionNotAvailableError: No data for this session! If this session only finished recently, please try again in a few minutes.
2025-06-19 15:37:23,073 - WARNING - No result data for this session available on Ergast! (This is expected for recent sessions)
2025-06-19 15:37:23,074 - WARNING - Failed to load driver list and session results!
2025-06-19 15:37:23,083 - INFO - No cached data found for session_status_data. Loading data...
2025-06-19 15:37:23,084 - INFO - Fetching session status data...
2025-06-19 15:37:23,522 - DEBUG - Falling back to livetiming mirror (https://livetiming-mirror.fastf1.dev)
2025-06-19 15:37:23,736 - WARNING - Failed to load session status data!
2025-06-19 15:37:23,736 - DEBUG - Traceback for failure in session status data
Traceback (most recent call last):
  File "/Users/ompatel/Downloads/RacinglinAi/.venv/lib/python3.11/site-packages/fastf1/logger.py", line 151, in __wrapped
    return func(*args, **kwargs)
           ^^^^^^^^^^^^^^^^^^^^^
  File "/Users/ompatel/Downloads/RacinglinAi/.venv/lib/python3.11/site-packages/fastf1/core.py", line 2052, in _load_session_status_data
    session_status = api.session_status_data(self.api_path,
                     ^^^^^^^^^^^^^^^^^^^^^^^^^^^^^^^^^^^^^^
  File "/Users/ompatel/Downloads/RacinglinAi/.venv/lib/python3.11/site-packages/fastf1/req.py", line 479, in _cached_api_request
    data = func(api_path, **func_kwargs)
           ^^^^^^^^^^^^^^^^^^^^^^^^^^^^^
  File "/Users/ompatel/Downloads/RacinglinAi/.venv/lib/python3.11/site-packages/fastf1/_api.py", line 1333, in session_status_data
    raise SessionNotAvailableError(
fastf1._api.SessionNotAvailableError: No data for this session! If this session only finished recently, please try again in a few minutes.
2025-06-19 15:37:23,737 - INFO - No cached data found for lap_count. Loading data...
2025-06-19 15:37:23,737 - INFO - Fetching lap count data...
2025-06-19 15:37:24,110 - DEBUG - Falling back to livetiming mirror (https://livetiming-mirror.fastf1.dev)
2025-06-19 15:37:24,367 - WARNING - Failed to load total lap count!
2025-06-19 15:37:24,368 - DEBUG - Traceback for failure in total lap count
Traceback (most recent call last):
  File "/Users/ompatel/Downloads/RacinglinAi/.venv/lib/python3.11/site-packages/fastf1/logger.py", line 151, in __wrapped
    return func(*args, **kwargs)
           ^^^^^^^^^^^^^^^^^^^^^
  File "/Users/ompatel/Downloads/RacinglinAi/.venv/lib/python3.11/site-packages/fastf1/core.py", line 2034, in _load_total_lap_count
    lap_count = api.lap_count(self.api_path, livedata=livedata)
                ^^^^^^^^^^^^^^^^^^^^^^^^^^^^^^^^^^^^^^^^^^^^^^^
  File "/Users/ompatel/Downloads/RacinglinAi/.venv/lib/python3.11/site-packages/fastf1/req.py", line 479, in _cached_api_request
    data = func(api_path, **func_kwargs)
           ^^^^^^^^^^^^^^^^^^^^^^^^^^^^^
  File "/Users/ompatel/Downloads/RacinglinAi/.venv/lib/python3.11/site-packages/fastf1/_api.py", line 1476, in lap_count
    raise SessionNotAvailableError(
fastf1._api.SessionNotAvailableError: No data for this session! If this session only finished recently, please try again in a few minutes.
2025-06-19 15:37:24,369 - INFO - No cached data found for track_status_data. Loading data...
2025-06-19 15:37:24,370 - INFO - Fetching track status data...
2025-06-19 15:37:24,695 - DEBUG - Falling back to livetiming mirror (https://livetiming-mirror.fastf1.dev)
2025-06-19 15:37:24,897 - WARNING - Failed to load track status data!
2025-06-19 15:37:24,899 - DEBUG - Traceback for failure in track status data
Traceback (most recent call last):
  File "/Users/ompatel/Downloads/RacinglinAi/.venv/lib/python3.11/site-packages/fastf1/logger.py", line 151, in __wrapped
    return func(*args, **kwargs)
           ^^^^^^^^^^^^^^^^^^^^^
  File "/Users/ompatel/Downloads/RacinglinAi/.venv/lib/python3.11/site-packages/fastf1/core.py", line 2021, in _load_track_status_data
    track_status = api.track_status_data(self.api_path, livedata=livedata)
                   ^^^^^^^^^^^^^^^^^^^^^^^^^^^^^^^^^^^^^^^^^^^^^^^^^^^^^^^
  File "/Users/ompatel/Downloads/RacinglinAi/.venv/lib/python3.11/site-packages/fastf1/req.py", line 479, in _cached_api_request
    data = func(api_path, **func_kwargs)
           ^^^^^^^^^^^^^^^^^^^^^^^^^^^^^
  File "/Users/ompatel/Downloads/RacinglinAi/.venv/lib/python3.11/site-packages/fastf1/_api.py", line 1277, in track_status_data
    raise SessionNotAvailableError(
fastf1._api.SessionNotAvailableError: No data for this session! If this session only finished recently, please try again in a few minutes.
2025-06-19 15:37:24,901 - INFO - No cached data found for _extended_timing_data. Loading data...
2025-06-19 15:37:24,901 - INFO - Fetching timing data...
2025-06-19 15:37:25,269 - DEBUG - Falling back to livetiming mirror (https://livetiming-mirror.fastf1.dev)
2025-06-19 15:37:25,527 - WARNING - Failed to load timing data!
2025-06-19 15:37:25,528 - DEBUG - Traceback for failure in lap timing data
Traceback (most recent call last):
  File "/Users/ompatel/Downloads/RacinglinAi/.venv/lib/python3.11/site-packages/fastf1/logger.py", line 151, in __wrapped
    return func(*args, **kwargs)
           ^^^^^^^^^^^^^^^^^^^^^
  File "/Users/ompatel/Downloads/RacinglinAi/.venv/lib/python3.11/site-packages/fastf1/core.py", line 1476, in _load_laps_data
    = api._extended_timing_data(self.api_path, livedata=livedata)
      ^^^^^^^^^^^^^^^^^^^^^^^^^^^^^^^^^^^^^^^^^^^^^^^^^^^^^^^^^^^
  File "/Users/ompatel/Downloads/RacinglinAi/.venv/lib/python3.11/site-packages/fastf1/req.py", line 479, in _cached_api_request
    data = func(api_path, **func_kwargs)
           ^^^^^^^^^^^^^^^^^^^^^^^^^^^^^
  File "/Users/ompatel/Downloads/RacinglinAi/.venv/lib/python3.11/site-packages/fastf1/_api.py", line 200, in _extended_timing_data
    raise SessionNotAvailableError(
fastf1._api.SessionNotAvailableError: No data for this session! If this session only finished recently, please try again in a few minutes.
2025-06-19 15:37:25,646 - WARNING - Cannot load lap times for first lap from Ergast. Timing data is not available for this session.
2025-06-19 15:37:25,647 - INFO - No cached data found for car_data. Loading data...
2025-06-19 15:37:25,648 - INFO - Fetching car data...
2025-06-19 15:37:26,194 - DEBUG - Falling back to livetiming mirror (https://livetiming-mirror.fastf1.dev)
2025-06-19 15:37:26,483 - WARNING - Car telemetry data is unavailable!
2025-06-19 15:37:26,484 - INFO - No cached data found for position_data. Loading data...
2025-06-19 15:37:26,484 - INFO - Fetching position data...
2025-06-19 15:37:26,810 - DEBUG - Falling back to livetiming mirror (https://livetiming-mirror.fastf1.dev)
2025-06-19 15:37:27,023 - WARNING - Car position data is unavailable!
2025-06-19 15:37:27,024 - WARNING - Failed to determine `Session.t0_date`!
2025-06-19 15:37:27,025 - INFO - No cached data found for weather_data. Loading data...
2025-06-19 15:37:27,026 - INFO - Fetching weather data...
2025-06-19 15:37:27,384 - DEBUG - Falling back to livetiming mirror (https://livetiming-mirror.fastf1.dev)
2025-06-19 15:37:27,593 - WARNING - Failed to load weather data!
2025-06-19 15:37:27,594 - DEBUG - Traceback for failure in weather data
Traceback (most recent call last):
  File "/Users/ompatel/Downloads/RacinglinAi/.venv/lib/python3.11/site-packages/fastf1/logger.py", line 151, in __wrapped
    return func(*args, **kwargs)
           ^^^^^^^^^^^^^^^^^^^^^
  File "/Users/ompatel/Downloads/RacinglinAi/.venv/lib/python3.11/site-packages/fastf1/core.py", line 2442, in _load_weather_data
    weather_data = api.weather_data(self.api_path, livedata=livedata)
                   ^^^^^^^^^^^^^^^^^^^^^^^^^^^^^^^^^^^^^^^^^^^^^^^^^^
  File "/Users/ompatel/Downloads/RacinglinAi/.venv/lib/python3.11/site-packages/fastf1/req.py", line 479, in _cached_api_request
    data = func(api_path, **func_kwargs)
           ^^^^^^^^^^^^^^^^^^^^^^^^^^^^^
  File "/Users/ompatel/Downloads/RacinglinAi/.venv/lib/python3.11/site-packages/fastf1/_api.py", line 1613, in weather_data
    raise SessionNotAvailableError(
fastf1._api.SessionNotAvailableError: No data for this session! If this session only finished recently, please try again in a few minutes.
2025-06-19 15:37:27,595 - INFO - No cached data found for race_control_messages. Loading data...
2025-06-19 15:37:27,595 - INFO - Fetching race control messages...
2025-06-19 15:37:28,037 - DEBUG - Falling back to livetiming mirror (https://livetiming-mirror.fastf1.dev)
2025-06-19 15:37:28,273 - WARNING - Failed to load race control messages!
2025-06-19 15:37:28,275 - DEBUG - Traceback for failure in race control messages
Traceback (most recent call last):
  File "/Users/ompatel/Downloads/RacinglinAi/.venv/lib/python3.11/site-packages/fastf1/logger.py", line 151, in __wrapped
    return func(*args, **kwargs)
           ^^^^^^^^^^^^^^^^^^^^^
  File "/Users/ompatel/Downloads/RacinglinAi/.venv/lib/python3.11/site-packages/fastf1/core.py", line 2449, in _load_race_control_messages
    race_control_messages = api.race_control_messages(self.api_path,
                            ^^^^^^^^^^^^^^^^^^^^^^^^^^^^^^^^^^^^^^^^
  File "/Users/ompatel/Downloads/RacinglinAi/.venv/lib/python3.11/site-packages/fastf1/req.py", line 479, in _cached_api_request
    data = func(api_path, **func_kwargs)
           ^^^^^^^^^^^^^^^^^^^^^^^^^^^^^
  File "/Users/ompatel/Downloads/RacinglinAi/.venv/lib/python3.11/site-packages/fastf1/_api.py", line 1404, in race_control_messages
    raise SessionNotAvailableError(
fastf1._api.SessionNotAvailableError: No data for this session! If this session only finished recently, please try again in a few minutes.
2025-06-19 15:37:28,277 - INFO - Finished loading data for 0 drivers: []
2025-06-19 15:37:28,277 - ERROR - [PROCESS FAIL] mexico_city_grand_prix: The data you are trying to access has not been loaded yet. See `Session.load`
2025-06-19 15:37:28,303 - INFO - Loading data for Las Vegas Grand Prix - Race [v3.5.3]
2025-06-19 15:37:28,303 - INFO - No cached data found for session_info. Loading data...
2025-06-19 15:37:28,304 - INFO - Fetching session info data...
2025-06-19 15:37:28,648 - DEBUG - Falling back to livetiming mirror (https://livetiming-mirror.fastf1.dev)
2025-06-19 15:37:28,882 - WARNING - Failed to load session info data!
2025-06-19 15:37:28,892 - DEBUG - Traceback for failure in session info data
Traceback (most recent call last):
  File "/Users/ompatel/Downloads/RacinglinAi/.venv/lib/python3.11/site-packages/fastf1/logger.py", line 151, in __wrapped
    return func(*args, **kwargs)
           ^^^^^^^^^^^^^^^^^^^^^
  File "/Users/ompatel/Downloads/RacinglinAi/.venv/lib/python3.11/site-packages/fastf1/core.py", line 1470, in _load_session_info
    self._session_info = api.session_info(self.api_path,
                         ^^^^^^^^^^^^^^^^^^^^^^^^^^^^^^^
  File "/Users/ompatel/Downloads/RacinglinAi/.venv/lib/python3.11/site-packages/fastf1/req.py", line 479, in _cached_api_request
    data = func(api_path, **func_kwargs)
           ^^^^^^^^^^^^^^^^^^^^^^^^^^^^^
  File "/Users/ompatel/Downloads/RacinglinAi/.venv/lib/python3.11/site-packages/fastf1/_api.py", line 1687, in session_info
    raise SessionNotAvailableError(
fastf1._api.SessionNotAvailableError: No data for this session! If this session only finished recently, please try again in a few minutes.
2025-06-19 15:37:28,892 - INFO - No cached data found for driver_info. Loading data...
2025-06-19 15:37:28,899 - INFO - Fetching driver list...
2025-06-19 15:37:29,224 - DEBUG - Falling back to livetiming mirror (https://livetiming-mirror.fastf1.dev)
2025-06-19 15:37:29,452 - WARNING - Failed to load extended driver information!
2025-06-19 15:37:29,453 - DEBUG - Exception while loading driver list
Traceback (most recent call last):
  File "/Users/ompatel/Downloads/RacinglinAi/.venv/lib/python3.11/site-packages/fastf1/core.py", line 2291, in _drivers_from_f1_api
    f1di = api.driver_info(self.api_path, livedata=livedata)
           ^^^^^^^^^^^^^^^^^^^^^^^^^^^^^^^^^^^^^^^^^^^^^^^^^
  File "/Users/ompatel/Downloads/RacinglinAi/.venv/lib/python3.11/site-packages/fastf1/req.py", line 479, in _cached_api_request
    data = func(api_path, **func_kwargs)
           ^^^^^^^^^^^^^^^^^^^^^^^^^^^^^
  File "/Users/ompatel/Downloads/RacinglinAi/.venv/lib/python3.11/site-packages/fastf1/_api.py", line 1535, in driver_info
    raise SessionNotAvailableError(
fastf1._api.SessionNotAvailableError: No data for this session! If this session only finished recently, please try again in a few minutes.
2025-06-19 15:37:29,823 - WARNING - No result data for this session available on Ergast! (This is expected for recent sessions)
2025-06-19 15:37:29,824 - WARNING - Failed to load driver list and session results!
2025-06-19 15:37:29,835 - INFO - No cached data found for session_status_data. Loading data...
2025-06-19 15:37:29,836 - INFO - Fetching session status data...
2025-06-19 15:37:30,151 - DEBUG - Falling back to livetiming mirror (https://livetiming-mirror.fastf1.dev)
2025-06-19 15:37:30,385 - WARNING - Failed to load session status data!
2025-06-19 15:37:30,385 - DEBUG - Traceback for failure in session status data
Traceback (most recent call last):
  File "/Users/ompatel/Downloads/RacinglinAi/.venv/lib/python3.11/site-packages/fastf1/logger.py", line 151, in __wrapped
    return func(*args, **kwargs)
           ^^^^^^^^^^^^^^^^^^^^^
  File "/Users/ompatel/Downloads/RacinglinAi/.venv/lib/python3.11/site-packages/fastf1/core.py", line 2052, in _load_session_status_data
    session_status = api.session_status_data(self.api_path,
                     ^^^^^^^^^^^^^^^^^^^^^^^^^^^^^^^^^^^^^^
  File "/Users/ompatel/Downloads/RacinglinAi/.venv/lib/python3.11/site-packages/fastf1/req.py", line 479, in _cached_api_request
    data = func(api_path, **func_kwargs)
           ^^^^^^^^^^^^^^^^^^^^^^^^^^^^^
  File "/Users/ompatel/Downloads/RacinglinAi/.venv/lib/python3.11/site-packages/fastf1/_api.py", line 1333, in session_status_data
    raise SessionNotAvailableError(
fastf1._api.SessionNotAvailableError: No data for this session! If this session only finished recently, please try again in a few minutes.
2025-06-19 15:37:30,386 - INFO - No cached data found for lap_count. Loading data...
2025-06-19 15:37:30,387 - INFO - Fetching lap count data...
2025-06-19 15:37:30,721 - DEBUG - Falling back to livetiming mirror (https://livetiming-mirror.fastf1.dev)
2025-06-19 15:37:30,953 - WARNING - Failed to load total lap count!
2025-06-19 15:37:30,955 - DEBUG - Traceback for failure in total lap count
Traceback (most recent call last):
  File "/Users/ompatel/Downloads/RacinglinAi/.venv/lib/python3.11/site-packages/fastf1/logger.py", line 151, in __wrapped
    return func(*args, **kwargs)
           ^^^^^^^^^^^^^^^^^^^^^
  File "/Users/ompatel/Downloads/RacinglinAi/.venv/lib/python3.11/site-packages/fastf1/core.py", line 2034, in _load_total_lap_count
    lap_count = api.lap_count(self.api_path, livedata=livedata)
                ^^^^^^^^^^^^^^^^^^^^^^^^^^^^^^^^^^^^^^^^^^^^^^^
  File "/Users/ompatel/Downloads/RacinglinAi/.venv/lib/python3.11/site-packages/fastf1/req.py", line 479, in _cached_api_request
    data = func(api_path, **func_kwargs)
           ^^^^^^^^^^^^^^^^^^^^^^^^^^^^^
  File "/Users/ompatel/Downloads/RacinglinAi/.venv/lib/python3.11/site-packages/fastf1/_api.py", line 1476, in lap_count
    raise SessionNotAvailableError(
fastf1._api.SessionNotAvailableError: No data for this session! If this session only finished recently, please try again in a few minutes.
2025-06-19 15:37:30,956 - INFO - No cached data found for track_status_data. Loading data...
2025-06-19 15:37:30,957 - INFO - Fetching track status data...
2025-06-19 15:37:31,311 - DEBUG - Falling back to livetiming mirror (https://livetiming-mirror.fastf1.dev)
2025-06-19 15:37:31,549 - WARNING - Failed to load track status data!
2025-06-19 15:37:31,550 - DEBUG - Traceback for failure in track status data
Traceback (most recent call last):
  File "/Users/ompatel/Downloads/RacinglinAi/.venv/lib/python3.11/site-packages/fastf1/logger.py", line 151, in __wrapped
    return func(*args, **kwargs)
           ^^^^^^^^^^^^^^^^^^^^^
  File "/Users/ompatel/Downloads/RacinglinAi/.venv/lib/python3.11/site-packages/fastf1/core.py", line 2021, in _load_track_status_data
    track_status = api.track_status_data(self.api_path, livedata=livedata)
                   ^^^^^^^^^^^^^^^^^^^^^^^^^^^^^^^^^^^^^^^^^^^^^^^^^^^^^^^
  File "/Users/ompatel/Downloads/RacinglinAi/.venv/lib/python3.11/site-packages/fastf1/req.py", line 479, in _cached_api_request
    data = func(api_path, **func_kwargs)
           ^^^^^^^^^^^^^^^^^^^^^^^^^^^^^
  File "/Users/ompatel/Downloads/RacinglinAi/.venv/lib/python3.11/site-packages/fastf1/_api.py", line 1277, in track_status_data
    raise SessionNotAvailableError(
fastf1._api.SessionNotAvailableError: No data for this session! If this session only finished recently, please try again in a few minutes.
2025-06-19 15:37:31,551 - INFO - No cached data found for _extended_timing_data. Loading data...
2025-06-19 15:37:31,551 - INFO - Fetching timing data...
2025-06-19 15:37:31,878 - DEBUG - Falling back to livetiming mirror (https://livetiming-mirror.fastf1.dev)
2025-06-19 15:37:32,112 - WARNING - Failed to load timing data!
2025-06-19 15:37:32,113 - DEBUG - Traceback for failure in lap timing data
Traceback (most recent call last):
  File "/Users/ompatel/Downloads/RacinglinAi/.venv/lib/python3.11/site-packages/fastf1/logger.py", line 151, in __wrapped
    return func(*args, **kwargs)
           ^^^^^^^^^^^^^^^^^^^^^
  File "/Users/ompatel/Downloads/RacinglinAi/.venv/lib/python3.11/site-packages/fastf1/core.py", line 1476, in _load_laps_data
    = api._extended_timing_data(self.api_path, livedata=livedata)
      ^^^^^^^^^^^^^^^^^^^^^^^^^^^^^^^^^^^^^^^^^^^^^^^^^^^^^^^^^^^
  File "/Users/ompatel/Downloads/RacinglinAi/.venv/lib/python3.11/site-packages/fastf1/req.py", line 479, in _cached_api_request
    data = func(api_path, **func_kwargs)
           ^^^^^^^^^^^^^^^^^^^^^^^^^^^^^
  File "/Users/ompatel/Downloads/RacinglinAi/.venv/lib/python3.11/site-packages/fastf1/_api.py", line 200, in _extended_timing_data
    raise SessionNotAvailableError(
fastf1._api.SessionNotAvailableError: No data for this session! If this session only finished recently, please try again in a few minutes.
2025-06-19 15:37:32,244 - WARNING - Cannot load lap times for first lap from Ergast. Timing data is not available for this session.
2025-06-19 15:37:32,245 - INFO - No cached data found for car_data. Loading data...
2025-06-19 15:37:32,245 - INFO - Fetching car data...
2025-06-19 15:37:32,722 - DEBUG - Falling back to livetiming mirror (https://livetiming-mirror.fastf1.dev)
2025-06-19 15:37:32,952 - WARNING - Car telemetry data is unavailable!
2025-06-19 15:37:32,954 - INFO - No cached data found for position_data. Loading data...
2025-06-19 15:37:32,963 - INFO - Fetching position data...
2025-06-19 15:37:33,406 - DEBUG - Falling back to livetiming mirror (https://livetiming-mirror.fastf1.dev)
2025-06-19 15:37:33,648 - WARNING - Car position data is unavailable!
2025-06-19 15:37:33,649 - WARNING - Failed to determine `Session.t0_date`!
2025-06-19 15:37:33,649 - INFO - No cached data found for weather_data. Loading data...
2025-06-19 15:37:33,650 - INFO - Fetching weather data...
2025-06-19 15:37:33,972 - DEBUG - Falling back to livetiming mirror (https://livetiming-mirror.fastf1.dev)
2025-06-19 15:37:34,197 - WARNING - Failed to load weather data!
2025-06-19 15:37:34,198 - DEBUG - Traceback for failure in weather data
Traceback (most recent call last):
  File "/Users/ompatel/Downloads/RacinglinAi/.venv/lib/python3.11/site-packages/fastf1/logger.py", line 151, in __wrapped
    return func(*args, **kwargs)
           ^^^^^^^^^^^^^^^^^^^^^
  File "/Users/ompatel/Downloads/RacinglinAi/.venv/lib/python3.11/site-packages/fastf1/core.py", line 2442, in _load_weather_data
    weather_data = api.weather_data(self.api_path, livedata=livedata)
                   ^^^^^^^^^^^^^^^^^^^^^^^^^^^^^^^^^^^^^^^^^^^^^^^^^^
  File "/Users/ompatel/Downloads/RacinglinAi/.venv/lib/python3.11/site-packages/fastf1/req.py", line 479, in _cached_api_request
    data = func(api_path, **func_kwargs)
           ^^^^^^^^^^^^^^^^^^^^^^^^^^^^^
  File "/Users/ompatel/Downloads/RacinglinAi/.venv/lib/python3.11/site-packages/fastf1/_api.py", line 1613, in weather_data
    raise SessionNotAvailableError(
fastf1._api.SessionNotAvailableError: No data for this session! If this session only finished recently, please try again in a few minutes.
2025-06-19 15:37:34,199 - INFO - No cached data found for race_control_messages. Loading data...
2025-06-19 15:37:34,199 - INFO - Fetching race control messages...
2025-06-19 15:37:34,553 - DEBUG - Falling back to livetiming mirror (https://livetiming-mirror.fastf1.dev)
2025-06-19 15:37:34,766 - WARNING - Failed to load race control messages!
2025-06-19 15:37:34,768 - DEBUG - Traceback for failure in race control messages
Traceback (most recent call last):
  File "/Users/ompatel/Downloads/RacinglinAi/.venv/lib/python3.11/site-packages/fastf1/logger.py", line 151, in __wrapped
    return func(*args, **kwargs)
           ^^^^^^^^^^^^^^^^^^^^^
  File "/Users/ompatel/Downloads/RacinglinAi/.venv/lib/python3.11/site-packages/fastf1/core.py", line 2449, in _load_race_control_messages
    race_control_messages = api.race_control_messages(self.api_path,
                            ^^^^^^^^^^^^^^^^^^^^^^^^^^^^^^^^^^^^^^^^
  File "/Users/ompatel/Downloads/RacinglinAi/.venv/lib/python3.11/site-packages/fastf1/req.py", line 479, in _cached_api_request
    data = func(api_path, **func_kwargs)
           ^^^^^^^^^^^^^^^^^^^^^^^^^^^^^
  File "/Users/ompatel/Downloads/RacinglinAi/.venv/lib/python3.11/site-packages/fastf1/_api.py", line 1404, in race_control_messages
    raise SessionNotAvailableError(
fastf1._api.SessionNotAvailableError: No data for this session! If this session only finished recently, please try again in a few minutes.
2025-06-19 15:37:34,773 - INFO - Finished loading data for 0 drivers: []
2025-06-19 15:37:34,775 - ERROR - [PROCESS FAIL] las_vegas_grand_prix: The data you are trying to access has not been loaded yet. See `Session.load`
2025-06-19 15:37:34,794 - INFO - Loading data for Abu Dhabi Grand Prix - Race [v3.5.3]
2025-06-19 15:37:34,795 - INFO - No cached data found for session_info. Loading data...
2025-06-19 15:37:34,795 - INFO - Fetching session info data...
2025-06-19 15:37:35,205 - DEBUG - Falling back to livetiming mirror (https://livetiming-mirror.fastf1.dev)
2025-06-19 15:37:35,472 - WARNING - Failed to load session info data!
2025-06-19 15:37:35,473 - DEBUG - Traceback for failure in session info data
Traceback (most recent call last):
  File "/Users/ompatel/Downloads/RacinglinAi/.venv/lib/python3.11/site-packages/fastf1/logger.py", line 151, in __wrapped
    return func(*args, **kwargs)
           ^^^^^^^^^^^^^^^^^^^^^
  File "/Users/ompatel/Downloads/RacinglinAi/.venv/lib/python3.11/site-packages/fastf1/core.py", line 1470, in _load_session_info
    self._session_info = api.session_info(self.api_path,
                         ^^^^^^^^^^^^^^^^^^^^^^^^^^^^^^^
  File "/Users/ompatel/Downloads/RacinglinAi/.venv/lib/python3.11/site-packages/fastf1/req.py", line 479, in _cached_api_request
    data = func(api_path, **func_kwargs)
           ^^^^^^^^^^^^^^^^^^^^^^^^^^^^^
  File "/Users/ompatel/Downloads/RacinglinAi/.venv/lib/python3.11/site-packages/fastf1/_api.py", line 1687, in session_info
    raise SessionNotAvailableError(
fastf1._api.SessionNotAvailableError: No data for this session! If this session only finished recently, please try again in a few minutes.
2025-06-19 15:37:35,474 - INFO - No cached data found for driver_info. Loading data...
2025-06-19 15:37:35,475 - INFO - Fetching driver list...
2025-06-19 15:37:35,794 - DEBUG - Falling back to livetiming mirror (https://livetiming-mirror.fastf1.dev)
2025-06-19 15:37:35,999 - WARNING - Failed to load extended driver information!
2025-06-19 15:37:36,001 - DEBUG - Exception while loading driver list
Traceback (most recent call last):
  File "/Users/ompatel/Downloads/RacinglinAi/.venv/lib/python3.11/site-packages/fastf1/core.py", line 2291, in _drivers_from_f1_api
    f1di = api.driver_info(self.api_path, livedata=livedata)
           ^^^^^^^^^^^^^^^^^^^^^^^^^^^^^^^^^^^^^^^^^^^^^^^^^
  File "/Users/ompatel/Downloads/RacinglinAi/.venv/lib/python3.11/site-packages/fastf1/req.py", line 479, in _cached_api_request
    data = func(api_path, **func_kwargs)
           ^^^^^^^^^^^^^^^^^^^^^^^^^^^^^
  File "/Users/ompatel/Downloads/RacinglinAi/.venv/lib/python3.11/site-packages/fastf1/_api.py", line 1535, in driver_info
    raise SessionNotAvailableError(
fastf1._api.SessionNotAvailableError: No data for this session! If this session only finished recently, please try again in a few minutes.
2025-06-19 15:37:36,223 - WARNING - No result data for this session available on Ergast! (This is expected for recent sessions)
2025-06-19 15:37:36,224 - WARNING - Failed to load driver list and session results!
2025-06-19 15:37:36,233 - INFO - No cached data found for session_status_data. Loading data...
2025-06-19 15:37:36,233 - INFO - Fetching session status data...
2025-06-19 15:37:36,626 - DEBUG - Falling back to livetiming mirror (https://livetiming-mirror.fastf1.dev)
2025-06-19 15:37:36,846 - WARNING - Failed to load session status data!
2025-06-19 15:37:36,847 - DEBUG - Traceback for failure in session status data
Traceback (most recent call last):
  File "/Users/ompatel/Downloads/RacinglinAi/.venv/lib/python3.11/site-packages/fastf1/logger.py", line 151, in __wrapped
    return func(*args, **kwargs)
           ^^^^^^^^^^^^^^^^^^^^^
  File "/Users/ompatel/Downloads/RacinglinAi/.venv/lib/python3.11/site-packages/fastf1/core.py", line 2052, in _load_session_status_data
    session_status = api.session_status_data(self.api_path,
                     ^^^^^^^^^^^^^^^^^^^^^^^^^^^^^^^^^^^^^^
  File "/Users/ompatel/Downloads/RacinglinAi/.venv/lib/python3.11/site-packages/fastf1/req.py", line 479, in _cached_api_request
    data = func(api_path, **func_kwargs)
           ^^^^^^^^^^^^^^^^^^^^^^^^^^^^^
  File "/Users/ompatel/Downloads/RacinglinAi/.venv/lib/python3.11/site-packages/fastf1/_api.py", line 1333, in session_status_data
    raise SessionNotAvailableError(
fastf1._api.SessionNotAvailableError: No data for this session! If this session only finished recently, please try again in a few minutes.
2025-06-19 15:37:36,849 - INFO - No cached data found for lap_count. Loading data...
2025-06-19 15:37:36,849 - INFO - Fetching lap count data...
2025-06-19 15:37:37,183 - DEBUG - Falling back to livetiming mirror (https://livetiming-mirror.fastf1.dev)
2025-06-19 15:37:37,403 - WARNING - Failed to load total lap count!
2025-06-19 15:37:37,404 - DEBUG - Traceback for failure in total lap count
Traceback (most recent call last):
  File "/Users/ompatel/Downloads/RacinglinAi/.venv/lib/python3.11/site-packages/fastf1/logger.py", line 151, in __wrapped
    return func(*args, **kwargs)
           ^^^^^^^^^^^^^^^^^^^^^
  File "/Users/ompatel/Downloads/RacinglinAi/.venv/lib/python3.11/site-packages/fastf1/core.py", line 2034, in _load_total_lap_count
    lap_count = api.lap_count(self.api_path, livedata=livedata)
                ^^^^^^^^^^^^^^^^^^^^^^^^^^^^^^^^^^^^^^^^^^^^^^^
  File "/Users/ompatel/Downloads/RacinglinAi/.venv/lib/python3.11/site-packages/fastf1/req.py", line 479, in _cached_api_request
    data = func(api_path, **func_kwargs)
           ^^^^^^^^^^^^^^^^^^^^^^^^^^^^^
  File "/Users/ompatel/Downloads/RacinglinAi/.venv/lib/python3.11/site-packages/fastf1/_api.py", line 1476, in lap_count
    raise SessionNotAvailableError(
fastf1._api.SessionNotAvailableError: No data for this session! If this session only finished recently, please try again in a few minutes.
2025-06-19 15:37:37,405 - INFO - No cached data found for track_status_data. Loading data...
2025-06-19 15:37:37,406 - INFO - Fetching track status data...
2025-06-19 15:37:37,768 - DEBUG - Falling back to livetiming mirror (https://livetiming-mirror.fastf1.dev)
2025-06-19 15:37:37,984 - WARNING - Failed to load track status data!
2025-06-19 15:37:37,987 - DEBUG - Traceback for failure in track status data
Traceback (most recent call last):
  File "/Users/ompatel/Downloads/RacinglinAi/.venv/lib/python3.11/site-packages/fastf1/logger.py", line 151, in __wrapped
    return func(*args, **kwargs)
           ^^^^^^^^^^^^^^^^^^^^^
  File "/Users/ompatel/Downloads/RacinglinAi/.venv/lib/python3.11/site-packages/fastf1/core.py", line 2021, in _load_track_status_data
    track_status = api.track_status_data(self.api_path, livedata=livedata)
                   ^^^^^^^^^^^^^^^^^^^^^^^^^^^^^^^^^^^^^^^^^^^^^^^^^^^^^^^
  File "/Users/ompatel/Downloads/RacinglinAi/.venv/lib/python3.11/site-packages/fastf1/req.py", line 479, in _cached_api_request
    data = func(api_path, **func_kwargs)
           ^^^^^^^^^^^^^^^^^^^^^^^^^^^^^
  File "/Users/ompatel/Downloads/RacinglinAi/.venv/lib/python3.11/site-packages/fastf1/_api.py", line 1277, in track_status_data
    raise SessionNotAvailableError(
fastf1._api.SessionNotAvailableError: No data for this session! If this session only finished recently, please try again in a few minutes.
2025-06-19 15:37:37,988 - INFO - No cached data found for _extended_timing_data. Loading data...
2025-06-19 15:37:37,989 - INFO - Fetching timing data...
2025-06-19 15:37:38,360 - DEBUG - Falling back to livetiming mirror (https://livetiming-mirror.fastf1.dev)
2025-06-19 15:37:38,601 - WARNING - Failed to load timing data!
2025-06-19 15:37:38,602 - DEBUG - Traceback for failure in lap timing data
Traceback (most recent call last):
  File "/Users/ompatel/Downloads/RacinglinAi/.venv/lib/python3.11/site-packages/fastf1/logger.py", line 151, in __wrapped
    return func(*args, **kwargs)
           ^^^^^^^^^^^^^^^^^^^^^
  File "/Users/ompatel/Downloads/RacinglinAi/.venv/lib/python3.11/site-packages/fastf1/core.py", line 1476, in _load_laps_data
    = api._extended_timing_data(self.api_path, livedata=livedata)
      ^^^^^^^^^^^^^^^^^^^^^^^^^^^^^^^^^^^^^^^^^^^^^^^^^^^^^^^^^^^
  File "/Users/ompatel/Downloads/RacinglinAi/.venv/lib/python3.11/site-packages/fastf1/req.py", line 479, in _cached_api_request
    data = func(api_path, **func_kwargs)
           ^^^^^^^^^^^^^^^^^^^^^^^^^^^^^
  File "/Users/ompatel/Downloads/RacinglinAi/.venv/lib/python3.11/site-packages/fastf1/_api.py", line 200, in _extended_timing_data
    raise SessionNotAvailableError(
fastf1._api.SessionNotAvailableError: No data for this session! If this session only finished recently, please try again in a few minutes.
2025-06-19 15:37:39,103 - WARNING - Cannot load lap times for first lap from Ergast. Timing data is not available for this session.
2025-06-19 15:37:39,104 - INFO - No cached data found for car_data. Loading data...
2025-06-19 15:37:39,105 - INFO - Fetching car data...
2025-06-19 15:37:39,506 - DEBUG - Falling back to livetiming mirror (https://livetiming-mirror.fastf1.dev)
2025-06-19 15:37:39,729 - WARNING - Car telemetry data is unavailable!
2025-06-19 15:37:39,730 - INFO - No cached data found for position_data. Loading data...
2025-06-19 15:37:39,731 - INFO - Fetching position data...
2025-06-19 15:37:40,121 - DEBUG - Falling back to livetiming mirror (https://livetiming-mirror.fastf1.dev)
2025-06-19 15:37:40,336 - WARNING - Car position data is unavailable!
2025-06-19 15:37:40,339 - WARNING - Failed to determine `Session.t0_date`!
2025-06-19 15:37:40,339 - INFO - No cached data found for weather_data. Loading data...
2025-06-19 15:37:40,340 - INFO - Fetching weather data...
2025-06-19 15:37:40,736 - DEBUG - Falling back to livetiming mirror (https://livetiming-mirror.fastf1.dev)
2025-06-19 15:37:40,949 - WARNING - Failed to load weather data!
2025-06-19 15:37:40,951 - DEBUG - Traceback for failure in weather data
Traceback (most recent call last):
  File "/Users/ompatel/Downloads/RacinglinAi/.venv/lib/python3.11/site-packages/fastf1/logger.py", line 151, in __wrapped
    return func(*args, **kwargs)
           ^^^^^^^^^^^^^^^^^^^^^
  File "/Users/ompatel/Downloads/RacinglinAi/.venv/lib/python3.11/site-packages/fastf1/core.py", line 2442, in _load_weather_data
    weather_data = api.weather_data(self.api_path, livedata=livedata)
                   ^^^^^^^^^^^^^^^^^^^^^^^^^^^^^^^^^^^^^^^^^^^^^^^^^^
  File "/Users/ompatel/Downloads/RacinglinAi/.venv/lib/python3.11/site-packages/fastf1/req.py", line 479, in _cached_api_request
    data = func(api_path, **func_kwargs)
           ^^^^^^^^^^^^^^^^^^^^^^^^^^^^^
  File "/Users/ompatel/Downloads/RacinglinAi/.venv/lib/python3.11/site-packages/fastf1/_api.py", line 1613, in weather_data
    raise SessionNotAvailableError(
fastf1._api.SessionNotAvailableError: No data for this session! If this session only finished recently, please try again in a few minutes.
2025-06-19 15:37:40,952 - INFO - No cached data found for race_control_messages. Loading data...
2025-06-19 15:37:40,953 - INFO - Fetching race control messages...
2025-06-19 15:37:41,361 - DEBUG - Falling back to livetiming mirror (https://livetiming-mirror.fastf1.dev)
2025-06-19 15:37:41,621 - WARNING - Failed to load race control messages!
2025-06-19 15:37:41,626 - DEBUG - Traceback for failure in race control messages
Traceback (most recent call last):
  File "/Users/ompatel/Downloads/RacinglinAi/.venv/lib/python3.11/site-packages/fastf1/logger.py", line 151, in __wrapped
    return func(*args, **kwargs)
           ^^^^^^^^^^^^^^^^^^^^^
  File "/Users/ompatel/Downloads/RacinglinAi/.venv/lib/python3.11/site-packages/fastf1/core.py", line 2449, in _load_race_control_messages
    race_control_messages = api.race_control_messages(self.api_path,
                            ^^^^^^^^^^^^^^^^^^^^^^^^^^^^^^^^^^^^^^^^
  File "/Users/ompatel/Downloads/RacinglinAi/.venv/lib/python3.11/site-packages/fastf1/req.py", line 479, in _cached_api_request
    data = func(api_path, **func_kwargs)
           ^^^^^^^^^^^^^^^^^^^^^^^^^^^^^
  File "/Users/ompatel/Downloads/RacinglinAi/.venv/lib/python3.11/site-packages/fastf1/_api.py", line 1404, in race_control_messages
    raise SessionNotAvailableError(
fastf1._api.SessionNotAvailableError: No data for this session! If this session only finished recently, please try again in a few minutes.
2025-06-19 15:37:41,633 - INFO - Finished loading data for 0 drivers: []
2025-06-19 15:37:41,634 - ERROR - [PROCESS FAIL] abu_dhabi_grand_prix: The data you are trying to access has not been loaded yet. See `Session.load`
2025-06-29 20:58:20,342 - INFO - Loading data for Australian Grand Prix - Race [v3.5.3]
2025-06-29 20:58:20,343 - INFO - Using cached data for session_info
2025-06-29 20:58:20,344 - INFO - Using cached data for driver_info
2025-06-29 20:58:20,878 - INFO - Using cached data for session_status_data
2025-06-29 20:58:20,880 - INFO - Using cached data for lap_count
2025-06-29 20:58:20,881 - INFO - Using cached data for track_status_data
2025-06-29 20:58:20,886 - INFO - Using cached data for _extended_timing_data
2025-06-29 20:58:20,888 - INFO - Using cached data for timing_app_data
2025-06-29 20:58:20,888 - INFO - Processing timing data...
2025-06-29 20:58:21,582 - INFO - Using cached data for car_data
2025-06-29 20:58:21,659 - INFO - Using cached data for position_data
2025-06-29 20:58:22,654 - INFO - Using cached data for weather_data
2025-06-29 20:58:22,656 - INFO - Using cached data for race_control_messages
2025-06-29 20:58:22,658 - WARNING - Driver 4 completed the race distance 00:00.022000 before the recorded end of the session.
2025-06-29 20:58:22,719 - INFO - Finished loading data for 20 drivers: ['4', '1', '63', '12', '23', '18', '27', '16', '81', '44', '10', '22', '31', '87', '30', '5', '14', '55', '7', '6']
2025-06-29 20:58:24,910 - INFO - [EXPORT OK] australian_grand_prix
2025-06-29 20:58:24,919 - INFO - Loading data for Japanese Grand Prix - Race [v3.5.3]
2025-06-29 20:58:24,920 - INFO - Using cached data for session_info
2025-06-29 20:58:24,920 - INFO - Using cached data for driver_info
2025-06-29 20:58:25,094 - INFO - Using cached data for session_status_data
2025-06-29 20:58:25,095 - INFO - Using cached data for lap_count
2025-06-29 20:58:25,096 - INFO - Using cached data for track_status_data
2025-06-29 20:58:25,102 - INFO - Using cached data for _extended_timing_data
2025-06-29 20:58:25,104 - INFO - Using cached data for timing_app_data
2025-06-29 20:58:25,104 - INFO - Processing timing data...
2025-06-29 20:58:25,687 - INFO - Using cached data for car_data
2025-06-29 20:58:25,742 - INFO - Using cached data for position_data
2025-06-29 20:58:26,608 - INFO - Using cached data for weather_data
2025-06-29 20:58:26,609 - INFO - Using cached data for race_control_messages
2025-06-29 20:58:26,628 - INFO - Finished loading data for 20 drivers: ['1', '4', '81', '16', '63', '12', '44', '6', '23', '87', '14', '22', '10', '55', '7', '27', '30', '31', '5', '18']
2025-06-29 20:58:26,972 - INFO - [EXPORT OK] japanese_grand_prix
2025-06-29 20:58:26,979 - INFO - Loading data for Bahrain Grand Prix - Race [v3.5.3]
2025-06-29 20:58:26,979 - INFO - Using cached data for session_info
2025-06-29 20:58:26,980 - INFO - Using cached data for driver_info
2025-06-29 20:58:27,105 - INFO - Using cached data for session_status_data
2025-06-29 20:58:27,106 - INFO - Using cached data for lap_count
2025-06-29 20:58:27,106 - INFO - Using cached data for track_status_data
2025-06-29 20:58:27,112 - INFO - Using cached data for _extended_timing_data
2025-06-29 20:58:27,114 - INFO - Using cached data for timing_app_data
2025-06-29 20:58:27,114 - INFO - Processing timing data...
2025-06-29 20:58:27,446 - WARNING - Driver 63: Lap timing integrity check failed for 3 lap(s)
2025-06-29 20:58:27,708 - INFO - Using cached data for car_data
2025-06-29 20:58:27,838 - INFO - Using cached data for position_data
2025-06-29 20:58:28,865 - INFO - Using cached data for weather_data
2025-06-29 20:58:28,866 - INFO - Using cached data for race_control_messages
2025-06-29 20:58:28,900 - INFO - Finished loading data for 20 drivers: ['81', '63', '4', '16', '44', '1', '10', '31', '22', '87', '12', '23', '6', '7', '14', '30', '18', '5', '55', '27']
2025-06-29 20:58:29,257 - INFO - [EXPORT OK] bahrain_grand_prix
2025-06-29 20:58:29,263 - INFO - Loading data for Saudi Arabian Grand Prix - Race [v3.5.3]
2025-06-29 20:58:29,264 - INFO - Using cached data for session_info
2025-06-29 20:58:29,265 - INFO - Using cached data for driver_info
2025-06-29 20:58:29,390 - INFO - Using cached data for session_status_data
2025-06-29 20:58:29,391 - INFO - Using cached data for lap_count
2025-06-29 20:58:29,391 - INFO - Using cached data for track_status_data
2025-06-29 20:58:29,396 - INFO - Using cached data for _extended_timing_data
2025-06-29 20:58:29,397 - INFO - Using cached data for timing_app_data
2025-06-29 20:58:29,397 - INFO - Processing timing data...
2025-06-29 20:58:29,899 - INFO - Using cached data for car_data
2025-06-29 20:58:29,954 - INFO - Using cached data for position_data
2025-06-29 20:58:30,783 - INFO - Using cached data for weather_data
2025-06-29 20:58:30,784 - INFO - Using cached data for race_control_messages
2025-06-29 20:58:30,806 - INFO - Finished loading data for 20 drivers: ['81', '1', '16', '4', '63', '12', '44', '55', '23', '6', '14', '30', '87', '31', '27', '18', '7', '5', '22', '10']
2025-06-29 20:58:31,147 - INFO - [EXPORT OK] saudi_arabian_grand_prix
2025-06-29 20:58:31,154 - INFO - Loading data for Emilia Romagna Grand Prix - Race [v3.5.3]
2025-06-29 20:58:31,155 - INFO - Using cached data for session_info
2025-06-29 20:58:31,155 - INFO - Using cached data for driver_info
2025-06-29 20:58:31,277 - INFO - Using cached data for session_status_data
2025-06-29 20:58:31,278 - INFO - Using cached data for lap_count
2025-06-29 20:58:31,278 - INFO - Using cached data for track_status_data
2025-06-29 20:58:31,283 - INFO - Using cached data for _extended_timing_data
2025-06-29 20:58:31,284 - INFO - Using cached data for timing_app_data
2025-06-29 20:58:31,285 - INFO - Processing timing data...
2025-06-29 20:58:31,886 - INFO - Using cached data for car_data
2025-06-29 20:58:32,032 - INFO - Using cached data for position_data
2025-06-29 20:58:33,088 - INFO - Using cached data for weather_data
2025-06-29 20:58:33,089 - INFO - Using cached data for race_control_messages
2025-06-29 20:58:33,125 - INFO - Finished loading data for 20 drivers: ['1', '4', '81', '44', '23', '16', '63', '55', '6', '22', '14', '27', '10', '30', '18', '43', '87', '5', '12', '31']
2025-06-29 20:58:33,442 - INFO - [EXPORT OK] emilia_romagna_grand_prix
2025-06-29 20:58:33,449 - INFO - Loading data for Monaco Grand Prix - Race [v3.5.3]
2025-06-29 20:58:33,450 - INFO - Using cached data for session_info
2025-06-29 20:58:33,450 - INFO - Using cached data for driver_info
2025-06-29 20:58:33,575 - INFO - Using cached data for session_status_data
2025-06-29 20:58:33,576 - INFO - Using cached data for lap_count
2025-06-29 20:58:33,577 - INFO - Using cached data for track_status_data
2025-06-29 20:58:33,582 - INFO - Using cached data for _extended_timing_data
2025-06-29 20:58:33,583 - INFO - Using cached data for timing_app_data
2025-06-29 20:58:33,583 - INFO - Processing timing data...
2025-06-29 20:58:34,304 - INFO - Using cached data for car_data
2025-06-29 20:58:34,357 - INFO - Using cached data for position_data
2025-06-29 20:58:35,381 - INFO - Using cached data for weather_data
2025-06-29 20:58:35,384 - INFO - Using cached data for race_control_messages
2025-06-29 20:58:35,428 - INFO - Finished loading data for 20 drivers: ['4', '16', '81', '1', '44', '6', '31', '30', '23', '55', '63', '87', '43', '5', '18', '27', '22', '12', '14', '10']
2025-06-29 20:58:35,775 - INFO - [EXPORT OK] monaco_grand_prix
2025-06-29 20:58:35,782 - INFO - Loading data for Spanish Grand Prix - Race [v3.5.3]
2025-06-29 20:58:35,783 - INFO - Using cached data for session_info
2025-06-29 20:58:35,783 - INFO - Using cached data for driver_info
2025-06-29 20:58:35,906 - INFO - Using cached data for session_status_data
2025-06-29 20:58:35,907 - INFO - Using cached data for lap_count
2025-06-29 20:58:35,908 - INFO - Using cached data for track_status_data
2025-06-29 20:58:35,914 - INFO - Using cached data for _extended_timing_data
2025-06-29 20:58:35,915 - INFO - Using cached data for timing_app_data
2025-06-29 20:58:35,915 - INFO - Processing timing data...
2025-06-29 20:58:36,532 - INFO - Using cached data for car_data
2025-06-29 20:58:36,600 - INFO - Using cached data for position_data
2025-06-29 20:58:37,559 - INFO - Using cached data for weather_data
2025-06-29 20:58:37,560 - INFO - Using cached data for race_control_messages
2025-06-29 20:58:37,589 - INFO - Finished loading data for 19 drivers: ['81', '4', '16', '63', '27', '44', '6', '10', '14', '1', '30', '5', '22', '55', '43', '31', '87', '12', '23']
2025-06-29 20:58:37,914 - INFO - [EXPORT OK] spanish_grand_prix
2025-06-29 20:58:37,921 - INFO - Loading data for Canadian Grand Prix - Race [v3.5.3]
2025-06-29 20:58:37,922 - INFO - Using cached data for session_info
2025-06-29 20:58:37,922 - INFO - Using cached data for driver_info
2025-06-29 20:58:38,036 - DEBUG - Failed to parse timestamp '-1:52:09.782' in Ergastresponse.
2025-06-29 20:58:38,046 - INFO - Using cached data for session_status_data
2025-06-29 20:58:38,047 - INFO - Using cached data for lap_count
2025-06-29 20:58:38,048 - INFO - Using cached data for track_status_data
2025-06-29 20:58:38,053 - INFO - Using cached data for _extended_timing_data
2025-06-29 20:58:38,053 - INFO - Using cached data for timing_app_data
2025-06-29 20:58:38,054 - INFO - Processing timing data...
2025-06-29 20:58:38,729 - INFO - Using cached data for car_data
2025-06-29 20:58:38,804 - INFO - Using cached data for position_data
2025-06-29 20:58:39,766 - INFO - Using cached data for weather_data
2025-06-29 20:58:39,768 - INFO - Using cached data for race_control_messages
2025-06-29 20:58:39,803 - INFO - Finished loading data for 20 drivers: ['63', '1', '12', '81', '16', '44', '14', '27', '31', '55', '87', '22', '43', '5', '10', '6', '18', '4', '30', '23']
2025-06-29 20:58:40,170 - INFO - [EXPORT OK] canadian_grand_prix
2025-06-29 20:58:40,176 - INFO - Loading data for Austrian Grand Prix - Race [v3.5.3]
2025-06-29 20:58:40,177 - INFO - No cached data found for session_info. Loading data...
2025-06-29 20:58:40,177 - INFO - Fetching session info data...
2025-06-29 20:58:40,409 - INFO - Data has been written to cache!
2025-06-29 20:58:40,410 - INFO - No cached data found for driver_info. Loading data...
2025-06-29 20:58:40,410 - INFO - Fetching driver list...
2025-06-29 20:58:40,590 - INFO - Data has been written to cache!
2025-06-29 20:58:40,884 - INFO - No cached data found for session_status_data. Loading data...
2025-06-29 20:58:40,885 - INFO - Fetching session status data...
2025-06-29 20:58:41,073 - INFO - Data has been written to cache!
2025-06-29 20:58:41,075 - INFO - No cached data found for lap_count. Loading data...
2025-06-29 20:58:41,075 - INFO - Fetching lap count data...
2025-06-29 20:58:41,323 - INFO - Data has been written to cache!
2025-06-29 20:58:41,324 - INFO - No cached data found for track_status_data. Loading data...
2025-06-29 20:58:41,325 - INFO - Fetching track status data...
2025-06-29 20:58:41,584 - INFO - Data has been written to cache!
2025-06-29 20:58:41,587 - INFO - No cached data found for _extended_timing_data. Loading data...
2025-06-29 20:58:41,587 - INFO - Fetching timing data...
2025-06-29 20:58:42,428 - INFO - Parsing timing data...
2025-06-29 20:58:42,942 - INFO - Data has been written to cache!
2025-06-29 20:58:42,942 - INFO - No cached data found for timing_app_data. Loading data...
2025-06-29 20:58:42,943 - INFO - Fetching timing app data...
2025-06-29 20:58:43,099 - INFO - Data has been written to cache!
2025-06-29 20:58:43,099 - INFO - Processing timing data...
2025-06-29 20:58:43,641 - INFO - No cached data found for car_data. Loading data...
2025-06-29 20:58:43,641 - INFO - Fetching car data...
2025-06-29 20:58:44,155 - INFO - Parsing car data...
2025-06-29 20:58:46,156 - INFO - Data has been written to cache!
2025-06-29 20:58:46,157 - INFO - No cached data found for position_data. Loading data...
2025-06-29 20:58:46,157 - INFO - Fetching position data...
2025-06-29 20:58:46,606 - INFO - Parsing position data...
2025-06-29 20:58:48,490 - WARNING - Driver 241: Position data is incomplete!
2025-06-29 20:58:48,495 - WARNING - Driver 242: Position data is incomplete!
2025-06-29 20:58:48,501 - WARNING - Driver 243: Position data is incomplete!
2025-06-29 20:58:48,669 - INFO - Data has been written to cache!
2025-06-29 20:58:49,730 - INFO - No cached data found for weather_data. Loading data...
2025-06-29 20:58:49,731 - INFO - Fetching weather data...
2025-06-29 20:58:49,821 - INFO - Data has been written to cache!
2025-06-29 20:58:49,822 - INFO - No cached data found for race_control_messages. Loading data...
2025-06-29 20:58:49,822 - INFO - Fetching race control messages...
2025-06-29 20:58:50,096 - INFO - Data has been written to cache!
2025-06-29 20:58:50,133 - INFO - Finished loading data for 20 drivers: ['4', '81', '16', '44', '63', '30', '14', '5', '27', '31', '87', '6', '10', '18', '43', '22', '23', '1', '12', '55']
2025-06-29 20:58:50,567 - INFO - [EXPORT OK] austrian_grand_prix
2025-06-29 20:58:50,574 - INFO - Loading data for British Grand Prix - Race [v3.5.3]
2025-06-29 20:58:50,574 - INFO - No cached data found for session_info. Loading data...
2025-06-29 20:58:50,575 - INFO - Fetching session info data...
2025-06-29 20:58:50,991 - DEBUG - Falling back to livetiming mirror (https://livetiming-mirror.fastf1.dev)
2025-06-29 20:58:51,323 - WARNING - Failed to load session info data!
2025-06-29 20:58:51,324 - DEBUG - Traceback for failure in session info data
Traceback (most recent call last):
  File "/Users/ompatel/Downloads/RacinglinAi/.venv/lib/python3.11/site-packages/fastf1/logger.py", line 151, in __wrapped
    return func(*args, **kwargs)
           ^^^^^^^^^^^^^^^^^^^^^
  File "/Users/ompatel/Downloads/RacinglinAi/.venv/lib/python3.11/site-packages/fastf1/core.py", line 1470, in _load_session_info
    self._session_info = api.session_info(self.api_path,
                         ^^^^^^^^^^^^^^^^^^^^^^^^^^^^^^^
  File "/Users/ompatel/Downloads/RacinglinAi/.venv/lib/python3.11/site-packages/fastf1/req.py", line 479, in _cached_api_request
    data = func(api_path, **func_kwargs)
           ^^^^^^^^^^^^^^^^^^^^^^^^^^^^^
  File "/Users/ompatel/Downloads/RacinglinAi/.venv/lib/python3.11/site-packages/fastf1/_api.py", line 1687, in session_info
    raise SessionNotAvailableError(
fastf1._api.SessionNotAvailableError: No data for this session! If this session only finished recently, please try again in a few minutes.
2025-06-29 20:58:51,330 - INFO - No cached data found for driver_info. Loading data...
2025-06-29 20:58:51,331 - INFO - Fetching driver list...
2025-06-29 20:58:51,612 - DEBUG - Falling back to livetiming mirror (https://livetiming-mirror.fastf1.dev)
2025-06-29 20:58:51,820 - WARNING - Failed to load extended driver information!
2025-06-29 20:58:51,822 - DEBUG - Exception while loading driver list
Traceback (most recent call last):
  File "/Users/ompatel/Downloads/RacinglinAi/.venv/lib/python3.11/site-packages/fastf1/core.py", line 2291, in _drivers_from_f1_api
    f1di = api.driver_info(self.api_path, livedata=livedata)
           ^^^^^^^^^^^^^^^^^^^^^^^^^^^^^^^^^^^^^^^^^^^^^^^^^
  File "/Users/ompatel/Downloads/RacinglinAi/.venv/lib/python3.11/site-packages/fastf1/req.py", line 479, in _cached_api_request
    data = func(api_path, **func_kwargs)
           ^^^^^^^^^^^^^^^^^^^^^^^^^^^^^
  File "/Users/ompatel/Downloads/RacinglinAi/.venv/lib/python3.11/site-packages/fastf1/_api.py", line 1535, in driver_info
    raise SessionNotAvailableError(
fastf1._api.SessionNotAvailableError: No data for this session! If this session only finished recently, please try again in a few minutes.
2025-06-29 20:58:51,989 - WARNING - No result data for this session available on Ergast! (This is expected for recent sessions)
2025-06-29 20:58:51,990 - WARNING - Failed to load driver list and session results!
2025-06-29 20:58:52,002 - INFO - No cached data found for session_status_data. Loading data...
2025-06-29 20:58:52,002 - INFO - Fetching session status data...
2025-06-29 20:58:52,396 - DEBUG - Falling back to livetiming mirror (https://livetiming-mirror.fastf1.dev)
2025-06-29 20:58:52,663 - WARNING - Failed to load session status data!
2025-06-29 20:58:52,665 - DEBUG - Traceback for failure in session status data
Traceback (most recent call last):
  File "/Users/ompatel/Downloads/RacinglinAi/.venv/lib/python3.11/site-packages/fastf1/logger.py", line 151, in __wrapped
    return func(*args, **kwargs)
           ^^^^^^^^^^^^^^^^^^^^^
  File "/Users/ompatel/Downloads/RacinglinAi/.venv/lib/python3.11/site-packages/fastf1/core.py", line 2052, in _load_session_status_data
    session_status = api.session_status_data(self.api_path,
                     ^^^^^^^^^^^^^^^^^^^^^^^^^^^^^^^^^^^^^^
  File "/Users/ompatel/Downloads/RacinglinAi/.venv/lib/python3.11/site-packages/fastf1/req.py", line 479, in _cached_api_request
    data = func(api_path, **func_kwargs)
           ^^^^^^^^^^^^^^^^^^^^^^^^^^^^^
  File "/Users/ompatel/Downloads/RacinglinAi/.venv/lib/python3.11/site-packages/fastf1/_api.py", line 1333, in session_status_data
    raise SessionNotAvailableError(
fastf1._api.SessionNotAvailableError: No data for this session! If this session only finished recently, please try again in a few minutes.
2025-06-29 20:58:52,667 - INFO - No cached data found for lap_count. Loading data...
2025-06-29 20:58:52,667 - INFO - Fetching lap count data...
2025-06-29 20:58:52,958 - DEBUG - Falling back to livetiming mirror (https://livetiming-mirror.fastf1.dev)
2025-06-29 20:58:53,177 - WARNING - Failed to load total lap count!
2025-06-29 20:58:53,178 - DEBUG - Traceback for failure in total lap count
Traceback (most recent call last):
  File "/Users/ompatel/Downloads/RacinglinAi/.venv/lib/python3.11/site-packages/fastf1/logger.py", line 151, in __wrapped
    return func(*args, **kwargs)
           ^^^^^^^^^^^^^^^^^^^^^
  File "/Users/ompatel/Downloads/RacinglinAi/.venv/lib/python3.11/site-packages/fastf1/core.py", line 2034, in _load_total_lap_count
    lap_count = api.lap_count(self.api_path, livedata=livedata)
                ^^^^^^^^^^^^^^^^^^^^^^^^^^^^^^^^^^^^^^^^^^^^^^^
  File "/Users/ompatel/Downloads/RacinglinAi/.venv/lib/python3.11/site-packages/fastf1/req.py", line 479, in _cached_api_request
    data = func(api_path, **func_kwargs)
           ^^^^^^^^^^^^^^^^^^^^^^^^^^^^^
  File "/Users/ompatel/Downloads/RacinglinAi/.venv/lib/python3.11/site-packages/fastf1/_api.py", line 1476, in lap_count
    raise SessionNotAvailableError(
fastf1._api.SessionNotAvailableError: No data for this session! If this session only finished recently, please try again in a few minutes.
2025-06-29 20:58:53,179 - INFO - No cached data found for track_status_data. Loading data...
2025-06-29 20:58:53,179 - INFO - Fetching track status data...
2025-06-29 20:58:53,497 - DEBUG - Falling back to livetiming mirror (https://livetiming-mirror.fastf1.dev)
2025-06-29 20:58:53,722 - WARNING - Failed to load track status data!
2025-06-29 20:58:53,723 - DEBUG - Traceback for failure in track status data
Traceback (most recent call last):
  File "/Users/ompatel/Downloads/RacinglinAi/.venv/lib/python3.11/site-packages/fastf1/logger.py", line 151, in __wrapped
    return func(*args, **kwargs)
           ^^^^^^^^^^^^^^^^^^^^^
  File "/Users/ompatel/Downloads/RacinglinAi/.venv/lib/python3.11/site-packages/fastf1/core.py", line 2021, in _load_track_status_data
    track_status = api.track_status_data(self.api_path, livedata=livedata)
                   ^^^^^^^^^^^^^^^^^^^^^^^^^^^^^^^^^^^^^^^^^^^^^^^^^^^^^^^
  File "/Users/ompatel/Downloads/RacinglinAi/.venv/lib/python3.11/site-packages/fastf1/req.py", line 479, in _cached_api_request
    data = func(api_path, **func_kwargs)
           ^^^^^^^^^^^^^^^^^^^^^^^^^^^^^
  File "/Users/ompatel/Downloads/RacinglinAi/.venv/lib/python3.11/site-packages/fastf1/_api.py", line 1277, in track_status_data
    raise SessionNotAvailableError(
fastf1._api.SessionNotAvailableError: No data for this session! If this session only finished recently, please try again in a few minutes.
2025-06-29 20:58:53,724 - INFO - No cached data found for _extended_timing_data. Loading data...
2025-06-29 20:58:53,725 - INFO - Fetching timing data...
2025-06-29 20:58:54,023 - DEBUG - Falling back to livetiming mirror (https://livetiming-mirror.fastf1.dev)
2025-06-29 20:58:54,244 - WARNING - Failed to load timing data!
2025-06-29 20:58:54,246 - DEBUG - Traceback for failure in lap timing data
Traceback (most recent call last):
  File "/Users/ompatel/Downloads/RacinglinAi/.venv/lib/python3.11/site-packages/fastf1/logger.py", line 151, in __wrapped
    return func(*args, **kwargs)
           ^^^^^^^^^^^^^^^^^^^^^
  File "/Users/ompatel/Downloads/RacinglinAi/.venv/lib/python3.11/site-packages/fastf1/core.py", line 1476, in _load_laps_data
    = api._extended_timing_data(self.api_path, livedata=livedata)
      ^^^^^^^^^^^^^^^^^^^^^^^^^^^^^^^^^^^^^^^^^^^^^^^^^^^^^^^^^^^
  File "/Users/ompatel/Downloads/RacinglinAi/.venv/lib/python3.11/site-packages/fastf1/req.py", line 479, in _cached_api_request
    data = func(api_path, **func_kwargs)
           ^^^^^^^^^^^^^^^^^^^^^^^^^^^^^
  File "/Users/ompatel/Downloads/RacinglinAi/.venv/lib/python3.11/site-packages/fastf1/_api.py", line 200, in _extended_timing_data
    raise SessionNotAvailableError(
fastf1._api.SessionNotAvailableError: No data for this session! If this session only finished recently, please try again in a few minutes.
2025-06-29 20:58:54,394 - WARNING - Cannot load lap times for first lap from Ergast. Timing data is not available for this session.
2025-06-29 20:58:54,395 - INFO - No cached data found for car_data. Loading data...
2025-06-29 20:58:54,395 - INFO - Fetching car data...
2025-06-29 20:58:54,811 - DEBUG - Falling back to livetiming mirror (https://livetiming-mirror.fastf1.dev)
2025-06-29 20:58:55,105 - WARNING - Car telemetry data is unavailable!
2025-06-29 20:58:55,107 - INFO - No cached data found for position_data. Loading data...
2025-06-29 20:58:55,107 - INFO - Fetching position data...
2025-06-29 20:58:55,385 - DEBUG - Falling back to livetiming mirror (https://livetiming-mirror.fastf1.dev)
2025-06-29 20:58:55,598 - WARNING - Car position data is unavailable!
2025-06-29 20:58:55,599 - WARNING - Failed to determine `Session.t0_date`!
2025-06-29 20:58:55,601 - INFO - No cached data found for weather_data. Loading data...
2025-06-29 20:58:55,602 - INFO - Fetching weather data...
2025-06-29 20:58:55,927 - DEBUG - Falling back to livetiming mirror (https://livetiming-mirror.fastf1.dev)
2025-06-29 20:58:56,147 - WARNING - Failed to load weather data!
2025-06-29 20:58:56,148 - DEBUG - Traceback for failure in weather data
Traceback (most recent call last):
  File "/Users/ompatel/Downloads/RacinglinAi/.venv/lib/python3.11/site-packages/fastf1/logger.py", line 151, in __wrapped
    return func(*args, **kwargs)
           ^^^^^^^^^^^^^^^^^^^^^
  File "/Users/ompatel/Downloads/RacinglinAi/.venv/lib/python3.11/site-packages/fastf1/core.py", line 2442, in _load_weather_data
    weather_data = api.weather_data(self.api_path, livedata=livedata)
                   ^^^^^^^^^^^^^^^^^^^^^^^^^^^^^^^^^^^^^^^^^^^^^^^^^^
  File "/Users/ompatel/Downloads/RacinglinAi/.venv/lib/python3.11/site-packages/fastf1/req.py", line 479, in _cached_api_request
    data = func(api_path, **func_kwargs)
           ^^^^^^^^^^^^^^^^^^^^^^^^^^^^^
  File "/Users/ompatel/Downloads/RacinglinAi/.venv/lib/python3.11/site-packages/fastf1/_api.py", line 1613, in weather_data
    raise SessionNotAvailableError(
fastf1._api.SessionNotAvailableError: No data for this session! If this session only finished recently, please try again in a few minutes.
2025-06-29 20:58:56,151 - INFO - No cached data found for race_control_messages. Loading data...
2025-06-29 20:58:56,152 - INFO - Fetching race control messages...
2025-06-29 20:58:56,460 - DEBUG - Falling back to livetiming mirror (https://livetiming-mirror.fastf1.dev)
2025-06-29 20:58:56,678 - WARNING - Failed to load race control messages!
2025-06-29 20:58:56,679 - DEBUG - Traceback for failure in race control messages
Traceback (most recent call last):
  File "/Users/ompatel/Downloads/RacinglinAi/.venv/lib/python3.11/site-packages/fastf1/logger.py", line 151, in __wrapped
    return func(*args, **kwargs)
           ^^^^^^^^^^^^^^^^^^^^^
  File "/Users/ompatel/Downloads/RacinglinAi/.venv/lib/python3.11/site-packages/fastf1/core.py", line 2449, in _load_race_control_messages
    race_control_messages = api.race_control_messages(self.api_path,
                            ^^^^^^^^^^^^^^^^^^^^^^^^^^^^^^^^^^^^^^^^
  File "/Users/ompatel/Downloads/RacinglinAi/.venv/lib/python3.11/site-packages/fastf1/req.py", line 479, in _cached_api_request
    data = func(api_path, **func_kwargs)
           ^^^^^^^^^^^^^^^^^^^^^^^^^^^^^
  File "/Users/ompatel/Downloads/RacinglinAi/.venv/lib/python3.11/site-packages/fastf1/_api.py", line 1404, in race_control_messages
    raise SessionNotAvailableError(
fastf1._api.SessionNotAvailableError: No data for this session! If this session only finished recently, please try again in a few minutes.
2025-06-29 20:58:56,683 - INFO - Finished loading data for 0 drivers: []
2025-06-29 20:58:56,684 - ERROR - [PROCESS FAIL] british_grand_prix: The data you are trying to access has not been loaded yet. See `Session.load`
2025-06-29 20:58:56,708 - INFO - Loading data for Hungarian Grand Prix - Race [v3.5.3]
2025-06-29 20:58:56,708 - INFO - No cached data found for session_info. Loading data...
2025-06-29 20:58:56,709 - INFO - Fetching session info data...
2025-06-29 20:58:56,984 - DEBUG - Falling back to livetiming mirror (https://livetiming-mirror.fastf1.dev)
2025-06-29 20:58:57,188 - WARNING - Failed to load session info data!
2025-06-29 20:58:57,190 - DEBUG - Traceback for failure in session info data
Traceback (most recent call last):
  File "/Users/ompatel/Downloads/RacinglinAi/.venv/lib/python3.11/site-packages/fastf1/logger.py", line 151, in __wrapped
    return func(*args, **kwargs)
           ^^^^^^^^^^^^^^^^^^^^^
  File "/Users/ompatel/Downloads/RacinglinAi/.venv/lib/python3.11/site-packages/fastf1/core.py", line 1470, in _load_session_info
    self._session_info = api.session_info(self.api_path,
                         ^^^^^^^^^^^^^^^^^^^^^^^^^^^^^^^
  File "/Users/ompatel/Downloads/RacinglinAi/.venv/lib/python3.11/site-packages/fastf1/req.py", line 479, in _cached_api_request
    data = func(api_path, **func_kwargs)
           ^^^^^^^^^^^^^^^^^^^^^^^^^^^^^
  File "/Users/ompatel/Downloads/RacinglinAi/.venv/lib/python3.11/site-packages/fastf1/_api.py", line 1687, in session_info
    raise SessionNotAvailableError(
fastf1._api.SessionNotAvailableError: No data for this session! If this session only finished recently, please try again in a few minutes.
2025-06-29 20:58:57,191 - INFO - No cached data found for driver_info. Loading data...
2025-06-29 20:58:57,192 - INFO - Fetching driver list...
2025-06-29 20:58:57,507 - DEBUG - Falling back to livetiming mirror (https://livetiming-mirror.fastf1.dev)
2025-06-29 20:58:57,764 - WARNING - Failed to load extended driver information!
2025-06-29 20:58:57,765 - DEBUG - Exception while loading driver list
Traceback (most recent call last):
  File "/Users/ompatel/Downloads/RacinglinAi/.venv/lib/python3.11/site-packages/fastf1/core.py", line 2291, in _drivers_from_f1_api
    f1di = api.driver_info(self.api_path, livedata=livedata)
           ^^^^^^^^^^^^^^^^^^^^^^^^^^^^^^^^^^^^^^^^^^^^^^^^^
  File "/Users/ompatel/Downloads/RacinglinAi/.venv/lib/python3.11/site-packages/fastf1/req.py", line 479, in _cached_api_request
    data = func(api_path, **func_kwargs)
           ^^^^^^^^^^^^^^^^^^^^^^^^^^^^^
  File "/Users/ompatel/Downloads/RacinglinAi/.venv/lib/python3.11/site-packages/fastf1/_api.py", line 1535, in driver_info
    raise SessionNotAvailableError(
fastf1._api.SessionNotAvailableError: No data for this session! If this session only finished recently, please try again in a few minutes.
2025-06-29 20:58:57,884 - WARNING - No result data for this session available on Ergast! (This is expected for recent sessions)
2025-06-29 20:58:57,884 - WARNING - Failed to load driver list and session results!
2025-06-29 20:58:57,890 - INFO - No cached data found for session_status_data. Loading data...
2025-06-29 20:58:57,890 - INFO - Fetching session status data...
2025-06-29 20:58:58,310 - DEBUG - Falling back to livetiming mirror (https://livetiming-mirror.fastf1.dev)
2025-06-29 20:58:58,532 - WARNING - Failed to load session status data!
2025-06-29 20:58:58,534 - DEBUG - Traceback for failure in session status data
Traceback (most recent call last):
  File "/Users/ompatel/Downloads/RacinglinAi/.venv/lib/python3.11/site-packages/fastf1/logger.py", line 151, in __wrapped
    return func(*args, **kwargs)
           ^^^^^^^^^^^^^^^^^^^^^
  File "/Users/ompatel/Downloads/RacinglinAi/.venv/lib/python3.11/site-packages/fastf1/core.py", line 2052, in _load_session_status_data
    session_status = api.session_status_data(self.api_path,
                     ^^^^^^^^^^^^^^^^^^^^^^^^^^^^^^^^^^^^^^
  File "/Users/ompatel/Downloads/RacinglinAi/.venv/lib/python3.11/site-packages/fastf1/req.py", line 479, in _cached_api_request
    data = func(api_path, **func_kwargs)
           ^^^^^^^^^^^^^^^^^^^^^^^^^^^^^
  File "/Users/ompatel/Downloads/RacinglinAi/.venv/lib/python3.11/site-packages/fastf1/_api.py", line 1333, in session_status_data
    raise SessionNotAvailableError(
fastf1._api.SessionNotAvailableError: No data for this session! If this session only finished recently, please try again in a few minutes.
2025-06-29 20:58:58,535 - INFO - No cached data found for lap_count. Loading data...
2025-06-29 20:58:58,537 - INFO - Fetching lap count data...
2025-06-29 20:58:58,846 - DEBUG - Falling back to livetiming mirror (https://livetiming-mirror.fastf1.dev)
2025-06-29 20:58:59,070 - WARNING - Failed to load total lap count!
2025-06-29 20:58:59,071 - DEBUG - Traceback for failure in total lap count
Traceback (most recent call last):
  File "/Users/ompatel/Downloads/RacinglinAi/.venv/lib/python3.11/site-packages/fastf1/logger.py", line 151, in __wrapped
    return func(*args, **kwargs)
           ^^^^^^^^^^^^^^^^^^^^^
  File "/Users/ompatel/Downloads/RacinglinAi/.venv/lib/python3.11/site-packages/fastf1/core.py", line 2034, in _load_total_lap_count
    lap_count = api.lap_count(self.api_path, livedata=livedata)
                ^^^^^^^^^^^^^^^^^^^^^^^^^^^^^^^^^^^^^^^^^^^^^^^
  File "/Users/ompatel/Downloads/RacinglinAi/.venv/lib/python3.11/site-packages/fastf1/req.py", line 479, in _cached_api_request
    data = func(api_path, **func_kwargs)
           ^^^^^^^^^^^^^^^^^^^^^^^^^^^^^
  File "/Users/ompatel/Downloads/RacinglinAi/.venv/lib/python3.11/site-packages/fastf1/_api.py", line 1476, in lap_count
    raise SessionNotAvailableError(
fastf1._api.SessionNotAvailableError: No data for this session! If this session only finished recently, please try again in a few minutes.
2025-06-29 20:58:59,072 - INFO - No cached data found for track_status_data. Loading data...
2025-06-29 20:58:59,073 - INFO - Fetching track status data...
2025-06-29 20:58:59,373 - DEBUG - Falling back to livetiming mirror (https://livetiming-mirror.fastf1.dev)
2025-06-29 20:58:59,631 - WARNING - Failed to load track status data!
2025-06-29 20:58:59,633 - DEBUG - Traceback for failure in track status data
Traceback (most recent call last):
  File "/Users/ompatel/Downloads/RacinglinAi/.venv/lib/python3.11/site-packages/fastf1/logger.py", line 151, in __wrapped
    return func(*args, **kwargs)
           ^^^^^^^^^^^^^^^^^^^^^
  File "/Users/ompatel/Downloads/RacinglinAi/.venv/lib/python3.11/site-packages/fastf1/core.py", line 2021, in _load_track_status_data
    track_status = api.track_status_data(self.api_path, livedata=livedata)
                   ^^^^^^^^^^^^^^^^^^^^^^^^^^^^^^^^^^^^^^^^^^^^^^^^^^^^^^^
  File "/Users/ompatel/Downloads/RacinglinAi/.venv/lib/python3.11/site-packages/fastf1/req.py", line 479, in _cached_api_request
    data = func(api_path, **func_kwargs)
           ^^^^^^^^^^^^^^^^^^^^^^^^^^^^^
  File "/Users/ompatel/Downloads/RacinglinAi/.venv/lib/python3.11/site-packages/fastf1/_api.py", line 1277, in track_status_data
    raise SessionNotAvailableError(
fastf1._api.SessionNotAvailableError: No data for this session! If this session only finished recently, please try again in a few minutes.
2025-06-29 20:58:59,634 - INFO - No cached data found for _extended_timing_data. Loading data...
2025-06-29 20:58:59,635 - INFO - Fetching timing data...
2025-06-29 20:58:59,915 - DEBUG - Falling back to livetiming mirror (https://livetiming-mirror.fastf1.dev)
2025-06-29 20:59:00,136 - WARNING - Failed to load timing data!
2025-06-29 20:59:00,137 - DEBUG - Traceback for failure in lap timing data
Traceback (most recent call last):
  File "/Users/ompatel/Downloads/RacinglinAi/.venv/lib/python3.11/site-packages/fastf1/logger.py", line 151, in __wrapped
    return func(*args, **kwargs)
           ^^^^^^^^^^^^^^^^^^^^^
  File "/Users/ompatel/Downloads/RacinglinAi/.venv/lib/python3.11/site-packages/fastf1/core.py", line 1476, in _load_laps_data
    = api._extended_timing_data(self.api_path, livedata=livedata)
      ^^^^^^^^^^^^^^^^^^^^^^^^^^^^^^^^^^^^^^^^^^^^^^^^^^^^^^^^^^^
  File "/Users/ompatel/Downloads/RacinglinAi/.venv/lib/python3.11/site-packages/fastf1/req.py", line 479, in _cached_api_request
    data = func(api_path, **func_kwargs)
           ^^^^^^^^^^^^^^^^^^^^^^^^^^^^^
  File "/Users/ompatel/Downloads/RacinglinAi/.venv/lib/python3.11/site-packages/fastf1/_api.py", line 200, in _extended_timing_data
    raise SessionNotAvailableError(
fastf1._api.SessionNotAvailableError: No data for this session! If this session only finished recently, please try again in a few minutes.
2025-06-29 20:59:00,281 - WARNING - Cannot load lap times for first lap from Ergast. Timing data is not available for this session.
2025-06-29 20:59:00,281 - INFO - No cached data found for car_data. Loading data...
2025-06-29 20:59:00,282 - INFO - Fetching car data...
2025-06-29 20:59:00,706 - DEBUG - Falling back to livetiming mirror (https://livetiming-mirror.fastf1.dev)
2025-06-29 20:59:00,945 - WARNING - Car telemetry data is unavailable!
2025-06-29 20:59:00,947 - INFO - No cached data found for position_data. Loading data...
2025-06-29 20:59:00,948 - INFO - Fetching position data...
2025-06-29 20:59:01,235 - DEBUG - Falling back to livetiming mirror (https://livetiming-mirror.fastf1.dev)
2025-06-29 20:59:01,438 - WARNING - Car position data is unavailable!
2025-06-29 20:59:01,439 - WARNING - Failed to determine `Session.t0_date`!
2025-06-29 20:59:01,439 - INFO - No cached data found for weather_data. Loading data...
2025-06-29 20:59:01,441 - INFO - Fetching weather data...
2025-06-29 20:59:01,799 - DEBUG - Falling back to livetiming mirror (https://livetiming-mirror.fastf1.dev)
2025-06-29 20:59:02,011 - WARNING - Failed to load weather data!
2025-06-29 20:59:02,013 - DEBUG - Traceback for failure in weather data
Traceback (most recent call last):
  File "/Users/ompatel/Downloads/RacinglinAi/.venv/lib/python3.11/site-packages/fastf1/logger.py", line 151, in __wrapped
    return func(*args, **kwargs)
           ^^^^^^^^^^^^^^^^^^^^^
  File "/Users/ompatel/Downloads/RacinglinAi/.venv/lib/python3.11/site-packages/fastf1/core.py", line 2442, in _load_weather_data
    weather_data = api.weather_data(self.api_path, livedata=livedata)
                   ^^^^^^^^^^^^^^^^^^^^^^^^^^^^^^^^^^^^^^^^^^^^^^^^^^
  File "/Users/ompatel/Downloads/RacinglinAi/.venv/lib/python3.11/site-packages/fastf1/req.py", line 479, in _cached_api_request
    data = func(api_path, **func_kwargs)
           ^^^^^^^^^^^^^^^^^^^^^^^^^^^^^
  File "/Users/ompatel/Downloads/RacinglinAi/.venv/lib/python3.11/site-packages/fastf1/_api.py", line 1613, in weather_data
    raise SessionNotAvailableError(
fastf1._api.SessionNotAvailableError: No data for this session! If this session only finished recently, please try again in a few minutes.
2025-06-29 20:59:02,014 - INFO - No cached data found for race_control_messages. Loading data...
2025-06-29 20:59:02,015 - INFO - Fetching race control messages...
2025-06-29 20:59:02,344 - DEBUG - Falling back to livetiming mirror (https://livetiming-mirror.fastf1.dev)
2025-06-29 20:59:02,598 - WARNING - Failed to load race control messages!
2025-06-29 20:59:02,599 - DEBUG - Traceback for failure in race control messages
Traceback (most recent call last):
  File "/Users/ompatel/Downloads/RacinglinAi/.venv/lib/python3.11/site-packages/fastf1/logger.py", line 151, in __wrapped
    return func(*args, **kwargs)
           ^^^^^^^^^^^^^^^^^^^^^
  File "/Users/ompatel/Downloads/RacinglinAi/.venv/lib/python3.11/site-packages/fastf1/core.py", line 2449, in _load_race_control_messages
    race_control_messages = api.race_control_messages(self.api_path,
                            ^^^^^^^^^^^^^^^^^^^^^^^^^^^^^^^^^^^^^^^^
  File "/Users/ompatel/Downloads/RacinglinAi/.venv/lib/python3.11/site-packages/fastf1/req.py", line 479, in _cached_api_request
    data = func(api_path, **func_kwargs)
           ^^^^^^^^^^^^^^^^^^^^^^^^^^^^^
  File "/Users/ompatel/Downloads/RacinglinAi/.venv/lib/python3.11/site-packages/fastf1/_api.py", line 1404, in race_control_messages
    raise SessionNotAvailableError(
fastf1._api.SessionNotAvailableError: No data for this session! If this session only finished recently, please try again in a few minutes.
2025-06-29 20:59:02,603 - INFO - Finished loading data for 0 drivers: []
2025-06-29 20:59:02,604 - ERROR - [PROCESS FAIL] hungarian_grand_prix: The data you are trying to access has not been loaded yet. See `Session.load`
2025-06-29 20:59:02,624 - INFO - Loading data for Dutch Grand Prix - Race [v3.5.3]
2025-06-29 20:59:02,624 - INFO - No cached data found for session_info. Loading data...
2025-06-29 20:59:02,625 - INFO - Fetching session info data...
2025-06-29 20:59:02,905 - DEBUG - Falling back to livetiming mirror (https://livetiming-mirror.fastf1.dev)
2025-06-29 20:59:03,126 - WARNING - Failed to load session info data!
2025-06-29 20:59:03,126 - DEBUG - Traceback for failure in session info data
Traceback (most recent call last):
  File "/Users/ompatel/Downloads/RacinglinAi/.venv/lib/python3.11/site-packages/fastf1/logger.py", line 151, in __wrapped
    return func(*args, **kwargs)
           ^^^^^^^^^^^^^^^^^^^^^
  File "/Users/ompatel/Downloads/RacinglinAi/.venv/lib/python3.11/site-packages/fastf1/core.py", line 1470, in _load_session_info
    self._session_info = api.session_info(self.api_path,
                         ^^^^^^^^^^^^^^^^^^^^^^^^^^^^^^^
  File "/Users/ompatel/Downloads/RacinglinAi/.venv/lib/python3.11/site-packages/fastf1/req.py", line 479, in _cached_api_request
    data = func(api_path, **func_kwargs)
           ^^^^^^^^^^^^^^^^^^^^^^^^^^^^^
  File "/Users/ompatel/Downloads/RacinglinAi/.venv/lib/python3.11/site-packages/fastf1/_api.py", line 1687, in session_info
    raise SessionNotAvailableError(
fastf1._api.SessionNotAvailableError: No data for this session! If this session only finished recently, please try again in a few minutes.
2025-06-29 20:59:03,127 - INFO - No cached data found for driver_info. Loading data...
2025-06-29 20:59:03,128 - INFO - Fetching driver list...
2025-06-29 20:59:03,298 - DEBUG - Falling back to livetiming mirror (https://livetiming-mirror.fastf1.dev)
2025-06-29 20:59:03,634 - WARNING - Failed to load extended driver information!
2025-06-29 20:59:03,636 - DEBUG - Exception while loading driver list
Traceback (most recent call last):
  File "/Users/ompatel/Downloads/RacinglinAi/.venv/lib/python3.11/site-packages/fastf1/core.py", line 2291, in _drivers_from_f1_api
    f1di = api.driver_info(self.api_path, livedata=livedata)
           ^^^^^^^^^^^^^^^^^^^^^^^^^^^^^^^^^^^^^^^^^^^^^^^^^
  File "/Users/ompatel/Downloads/RacinglinAi/.venv/lib/python3.11/site-packages/fastf1/req.py", line 479, in _cached_api_request
    data = func(api_path, **func_kwargs)
           ^^^^^^^^^^^^^^^^^^^^^^^^^^^^^
  File "/Users/ompatel/Downloads/RacinglinAi/.venv/lib/python3.11/site-packages/fastf1/_api.py", line 1535, in driver_info
    raise SessionNotAvailableError(
fastf1._api.SessionNotAvailableError: No data for this session! If this session only finished recently, please try again in a few minutes.
2025-06-29 20:59:03,778 - WARNING - No result data for this session available on Ergast! (This is expected for recent sessions)
2025-06-29 20:59:03,779 - WARNING - Failed to load driver list and session results!
2025-06-29 20:59:03,791 - INFO - No cached data found for session_status_data. Loading data...
2025-06-29 20:59:03,792 - INFO - Fetching session status data...
2025-06-29 20:59:04,177 - DEBUG - Falling back to livetiming mirror (https://livetiming-mirror.fastf1.dev)
2025-06-29 20:59:04,396 - WARNING - Failed to load session status data!
2025-06-29 20:59:04,398 - DEBUG - Traceback for failure in session status data
Traceback (most recent call last):
  File "/Users/ompatel/Downloads/RacinglinAi/.venv/lib/python3.11/site-packages/fastf1/logger.py", line 151, in __wrapped
    return func(*args, **kwargs)
           ^^^^^^^^^^^^^^^^^^^^^
  File "/Users/ompatel/Downloads/RacinglinAi/.venv/lib/python3.11/site-packages/fastf1/core.py", line 2052, in _load_session_status_data
    session_status = api.session_status_data(self.api_path,
                     ^^^^^^^^^^^^^^^^^^^^^^^^^^^^^^^^^^^^^^
  File "/Users/ompatel/Downloads/RacinglinAi/.venv/lib/python3.11/site-packages/fastf1/req.py", line 479, in _cached_api_request
    data = func(api_path, **func_kwargs)
           ^^^^^^^^^^^^^^^^^^^^^^^^^^^^^
  File "/Users/ompatel/Downloads/RacinglinAi/.venv/lib/python3.11/site-packages/fastf1/_api.py", line 1333, in session_status_data
    raise SessionNotAvailableError(
fastf1._api.SessionNotAvailableError: No data for this session! If this session only finished recently, please try again in a few minutes.
2025-06-29 20:59:04,399 - INFO - No cached data found for lap_count. Loading data...
2025-06-29 20:59:04,400 - INFO - Fetching lap count data...
2025-06-29 20:59:04,582 - DEBUG - Falling back to livetiming mirror (https://livetiming-mirror.fastf1.dev)
2025-06-29 20:59:04,907 - WARNING - Failed to load total lap count!
2025-06-29 20:59:04,910 - DEBUG - Traceback for failure in total lap count
Traceback (most recent call last):
  File "/Users/ompatel/Downloads/RacinglinAi/.venv/lib/python3.11/site-packages/fastf1/logger.py", line 151, in __wrapped
    return func(*args, **kwargs)
           ^^^^^^^^^^^^^^^^^^^^^
  File "/Users/ompatel/Downloads/RacinglinAi/.venv/lib/python3.11/site-packages/fastf1/core.py", line 2034, in _load_total_lap_count
    lap_count = api.lap_count(self.api_path, livedata=livedata)
                ^^^^^^^^^^^^^^^^^^^^^^^^^^^^^^^^^^^^^^^^^^^^^^^
  File "/Users/ompatel/Downloads/RacinglinAi/.venv/lib/python3.11/site-packages/fastf1/req.py", line 479, in _cached_api_request
    data = func(api_path, **func_kwargs)
           ^^^^^^^^^^^^^^^^^^^^^^^^^^^^^
  File "/Users/ompatel/Downloads/RacinglinAi/.venv/lib/python3.11/site-packages/fastf1/_api.py", line 1476, in lap_count
    raise SessionNotAvailableError(
fastf1._api.SessionNotAvailableError: No data for this session! If this session only finished recently, please try again in a few minutes.
2025-06-29 20:59:04,911 - INFO - No cached data found for track_status_data. Loading data...
2025-06-29 20:59:04,912 - INFO - Fetching track status data...
2025-06-29 20:59:05,208 - DEBUG - Falling back to livetiming mirror (https://livetiming-mirror.fastf1.dev)
2025-06-29 20:59:05,420 - WARNING - Failed to load track status data!
2025-06-29 20:59:05,422 - DEBUG - Traceback for failure in track status data
Traceback (most recent call last):
  File "/Users/ompatel/Downloads/RacinglinAi/.venv/lib/python3.11/site-packages/fastf1/logger.py", line 151, in __wrapped
    return func(*args, **kwargs)
           ^^^^^^^^^^^^^^^^^^^^^
  File "/Users/ompatel/Downloads/RacinglinAi/.venv/lib/python3.11/site-packages/fastf1/core.py", line 2021, in _load_track_status_data
    track_status = api.track_status_data(self.api_path, livedata=livedata)
                   ^^^^^^^^^^^^^^^^^^^^^^^^^^^^^^^^^^^^^^^^^^^^^^^^^^^^^^^
  File "/Users/ompatel/Downloads/RacinglinAi/.venv/lib/python3.11/site-packages/fastf1/req.py", line 479, in _cached_api_request
    data = func(api_path, **func_kwargs)
           ^^^^^^^^^^^^^^^^^^^^^^^^^^^^^
  File "/Users/ompatel/Downloads/RacinglinAi/.venv/lib/python3.11/site-packages/fastf1/_api.py", line 1277, in track_status_data
    raise SessionNotAvailableError(
fastf1._api.SessionNotAvailableError: No data for this session! If this session only finished recently, please try again in a few minutes.
2025-06-29 20:59:05,423 - INFO - No cached data found for _extended_timing_data. Loading data...
2025-06-29 20:59:05,423 - INFO - Fetching timing data...
2025-06-29 20:59:05,753 - DEBUG - Falling back to livetiming mirror (https://livetiming-mirror.fastf1.dev)
2025-06-29 20:59:05,970 - WARNING - Failed to load timing data!
2025-06-29 20:59:05,972 - DEBUG - Traceback for failure in lap timing data
Traceback (most recent call last):
  File "/Users/ompatel/Downloads/RacinglinAi/.venv/lib/python3.11/site-packages/fastf1/logger.py", line 151, in __wrapped
    return func(*args, **kwargs)
           ^^^^^^^^^^^^^^^^^^^^^
  File "/Users/ompatel/Downloads/RacinglinAi/.venv/lib/python3.11/site-packages/fastf1/core.py", line 1476, in _load_laps_data
    = api._extended_timing_data(self.api_path, livedata=livedata)
      ^^^^^^^^^^^^^^^^^^^^^^^^^^^^^^^^^^^^^^^^^^^^^^^^^^^^^^^^^^^
  File "/Users/ompatel/Downloads/RacinglinAi/.venv/lib/python3.11/site-packages/fastf1/req.py", line 479, in _cached_api_request
    data = func(api_path, **func_kwargs)
           ^^^^^^^^^^^^^^^^^^^^^^^^^^^^^
  File "/Users/ompatel/Downloads/RacinglinAi/.venv/lib/python3.11/site-packages/fastf1/_api.py", line 200, in _extended_timing_data
    raise SessionNotAvailableError(
fastf1._api.SessionNotAvailableError: No data for this session! If this session only finished recently, please try again in a few minutes.
2025-06-29 20:59:06,122 - WARNING - Cannot load lap times for first lap from Ergast. Timing data is not available for this session.
2025-06-29 20:59:06,123 - INFO - No cached data found for car_data. Loading data...
2025-06-29 20:59:06,124 - INFO - Fetching car data...
2025-06-29 20:59:06,540 - DEBUG - Falling back to livetiming mirror (https://livetiming-mirror.fastf1.dev)
2025-06-29 20:59:06,765 - WARNING - Car telemetry data is unavailable!
2025-06-29 20:59:06,767 - INFO - No cached data found for position_data. Loading data...
2025-06-29 20:59:06,767 - INFO - Fetching position data...
2025-06-29 20:59:06,954 - DEBUG - Falling back to livetiming mirror (https://livetiming-mirror.fastf1.dev)
2025-06-29 20:59:07,279 - WARNING - Car position data is unavailable!
2025-06-29 20:59:07,281 - WARNING - Failed to determine `Session.t0_date`!
2025-06-29 20:59:07,282 - INFO - No cached data found for weather_data. Loading data...
2025-06-29 20:59:07,283 - INFO - Fetching weather data...
2025-06-29 20:59:07,569 - DEBUG - Falling back to livetiming mirror (https://livetiming-mirror.fastf1.dev)
2025-06-29 20:59:07,779 - WARNING - Failed to load weather data!
2025-06-29 20:59:07,780 - DEBUG - Traceback for failure in weather data
Traceback (most recent call last):
  File "/Users/ompatel/Downloads/RacinglinAi/.venv/lib/python3.11/site-packages/fastf1/logger.py", line 151, in __wrapped
    return func(*args, **kwargs)
           ^^^^^^^^^^^^^^^^^^^^^
  File "/Users/ompatel/Downloads/RacinglinAi/.venv/lib/python3.11/site-packages/fastf1/core.py", line 2442, in _load_weather_data
    weather_data = api.weather_data(self.api_path, livedata=livedata)
                   ^^^^^^^^^^^^^^^^^^^^^^^^^^^^^^^^^^^^^^^^^^^^^^^^^^
  File "/Users/ompatel/Downloads/RacinglinAi/.venv/lib/python3.11/site-packages/fastf1/req.py", line 479, in _cached_api_request
    data = func(api_path, **func_kwargs)
           ^^^^^^^^^^^^^^^^^^^^^^^^^^^^^
  File "/Users/ompatel/Downloads/RacinglinAi/.venv/lib/python3.11/site-packages/fastf1/_api.py", line 1613, in weather_data
    raise SessionNotAvailableError(
fastf1._api.SessionNotAvailableError: No data for this session! If this session only finished recently, please try again in a few minutes.
2025-06-29 20:59:07,782 - INFO - No cached data found for race_control_messages. Loading data...
2025-06-29 20:59:07,783 - INFO - Fetching race control messages...
2025-06-29 20:59:08,124 - DEBUG - Falling back to livetiming mirror (https://livetiming-mirror.fastf1.dev)
2025-06-29 20:59:08,337 - WARNING - Failed to load race control messages!
2025-06-29 20:59:08,338 - DEBUG - Traceback for failure in race control messages
Traceback (most recent call last):
  File "/Users/ompatel/Downloads/RacinglinAi/.venv/lib/python3.11/site-packages/fastf1/logger.py", line 151, in __wrapped
    return func(*args, **kwargs)
           ^^^^^^^^^^^^^^^^^^^^^
  File "/Users/ompatel/Downloads/RacinglinAi/.venv/lib/python3.11/site-packages/fastf1/core.py", line 2449, in _load_race_control_messages
    race_control_messages = api.race_control_messages(self.api_path,
                            ^^^^^^^^^^^^^^^^^^^^^^^^^^^^^^^^^^^^^^^^
  File "/Users/ompatel/Downloads/RacinglinAi/.venv/lib/python3.11/site-packages/fastf1/req.py", line 479, in _cached_api_request
    data = func(api_path, **func_kwargs)
           ^^^^^^^^^^^^^^^^^^^^^^^^^^^^^
  File "/Users/ompatel/Downloads/RacinglinAi/.venv/lib/python3.11/site-packages/fastf1/_api.py", line 1404, in race_control_messages
    raise SessionNotAvailableError(
fastf1._api.SessionNotAvailableError: No data for this session! If this session only finished recently, please try again in a few minutes.
2025-06-29 20:59:08,339 - INFO - Finished loading data for 0 drivers: []
2025-06-29 20:59:08,340 - ERROR - [PROCESS FAIL] dutch_grand_prix: The data you are trying to access has not been loaded yet. See `Session.load`
2025-06-29 20:59:08,355 - INFO - Loading data for Italian Grand Prix - Race [v3.5.3]
2025-06-29 20:59:08,356 - INFO - No cached data found for session_info. Loading data...
2025-06-29 20:59:08,356 - INFO - Fetching session info data...
2025-06-29 20:59:08,659 - DEBUG - Falling back to livetiming mirror (https://livetiming-mirror.fastf1.dev)
2025-06-29 20:59:08,887 - WARNING - Failed to load session info data!
2025-06-29 20:59:08,888 - DEBUG - Traceback for failure in session info data
Traceback (most recent call last):
  File "/Users/ompatel/Downloads/RacinglinAi/.venv/lib/python3.11/site-packages/fastf1/logger.py", line 151, in __wrapped
    return func(*args, **kwargs)
           ^^^^^^^^^^^^^^^^^^^^^
  File "/Users/ompatel/Downloads/RacinglinAi/.venv/lib/python3.11/site-packages/fastf1/core.py", line 1470, in _load_session_info
    self._session_info = api.session_info(self.api_path,
                         ^^^^^^^^^^^^^^^^^^^^^^^^^^^^^^^
  File "/Users/ompatel/Downloads/RacinglinAi/.venv/lib/python3.11/site-packages/fastf1/req.py", line 479, in _cached_api_request
    data = func(api_path, **func_kwargs)
           ^^^^^^^^^^^^^^^^^^^^^^^^^^^^^
  File "/Users/ompatel/Downloads/RacinglinAi/.venv/lib/python3.11/site-packages/fastf1/_api.py", line 1687, in session_info
    raise SessionNotAvailableError(
fastf1._api.SessionNotAvailableError: No data for this session! If this session only finished recently, please try again in a few minutes.
2025-06-29 20:59:08,889 - INFO - No cached data found for driver_info. Loading data...
2025-06-29 20:59:08,890 - INFO - Fetching driver list...
2025-06-29 20:59:09,202 - DEBUG - Falling back to livetiming mirror (https://livetiming-mirror.fastf1.dev)
2025-06-29 20:59:09,425 - WARNING - Failed to load extended driver information!
2025-06-29 20:59:09,427 - DEBUG - Exception while loading driver list
Traceback (most recent call last):
  File "/Users/ompatel/Downloads/RacinglinAi/.venv/lib/python3.11/site-packages/fastf1/core.py", line 2291, in _drivers_from_f1_api
    f1di = api.driver_info(self.api_path, livedata=livedata)
           ^^^^^^^^^^^^^^^^^^^^^^^^^^^^^^^^^^^^^^^^^^^^^^^^^
  File "/Users/ompatel/Downloads/RacinglinAi/.venv/lib/python3.11/site-packages/fastf1/req.py", line 479, in _cached_api_request
    data = func(api_path, **func_kwargs)
           ^^^^^^^^^^^^^^^^^^^^^^^^^^^^^
  File "/Users/ompatel/Downloads/RacinglinAi/.venv/lib/python3.11/site-packages/fastf1/_api.py", line 1535, in driver_info
    raise SessionNotAvailableError(
fastf1._api.SessionNotAvailableError: No data for this session! If this session only finished recently, please try again in a few minutes.
2025-06-29 20:59:09,575 - WARNING - No result data for this session available on Ergast! (This is expected for recent sessions)
2025-06-29 20:59:09,576 - WARNING - Failed to load driver list and session results!
2025-06-29 20:59:09,588 - INFO - No cached data found for session_status_data. Loading data...
2025-06-29 20:59:09,589 - INFO - Fetching session status data...
2025-06-29 20:59:09,855 - DEBUG - Falling back to livetiming mirror (https://livetiming-mirror.fastf1.dev)
2025-06-29 20:59:10,185 - WARNING - Failed to load session status data!
2025-06-29 20:59:10,187 - DEBUG - Traceback for failure in session status data
Traceback (most recent call last):
  File "/Users/ompatel/Downloads/RacinglinAi/.venv/lib/python3.11/site-packages/fastf1/logger.py", line 151, in __wrapped
    return func(*args, **kwargs)
           ^^^^^^^^^^^^^^^^^^^^^
  File "/Users/ompatel/Downloads/RacinglinAi/.venv/lib/python3.11/site-packages/fastf1/core.py", line 2052, in _load_session_status_data
    session_status = api.session_status_data(self.api_path,
                     ^^^^^^^^^^^^^^^^^^^^^^^^^^^^^^^^^^^^^^
  File "/Users/ompatel/Downloads/RacinglinAi/.venv/lib/python3.11/site-packages/fastf1/req.py", line 479, in _cached_api_request
    data = func(api_path, **func_kwargs)
           ^^^^^^^^^^^^^^^^^^^^^^^^^^^^^
  File "/Users/ompatel/Downloads/RacinglinAi/.venv/lib/python3.11/site-packages/fastf1/_api.py", line 1333, in session_status_data
    raise SessionNotAvailableError(
fastf1._api.SessionNotAvailableError: No data for this session! If this session only finished recently, please try again in a few minutes.
2025-06-29 20:59:10,188 - INFO - No cached data found for lap_count. Loading data...
2025-06-29 20:59:10,189 - INFO - Fetching lap count data...
2025-06-29 20:59:10,587 - DEBUG - Falling back to livetiming mirror (https://livetiming-mirror.fastf1.dev)
2025-06-29 20:59:10,849 - WARNING - Failed to load total lap count!
2025-06-29 20:59:10,850 - DEBUG - Traceback for failure in total lap count
Traceback (most recent call last):
  File "/Users/ompatel/Downloads/RacinglinAi/.venv/lib/python3.11/site-packages/fastf1/logger.py", line 151, in __wrapped
    return func(*args, **kwargs)
           ^^^^^^^^^^^^^^^^^^^^^
  File "/Users/ompatel/Downloads/RacinglinAi/.venv/lib/python3.11/site-packages/fastf1/core.py", line 2034, in _load_total_lap_count
    lap_count = api.lap_count(self.api_path, livedata=livedata)
                ^^^^^^^^^^^^^^^^^^^^^^^^^^^^^^^^^^^^^^^^^^^^^^^
  File "/Users/ompatel/Downloads/RacinglinAi/.venv/lib/python3.11/site-packages/fastf1/req.py", line 479, in _cached_api_request
    data = func(api_path, **func_kwargs)
           ^^^^^^^^^^^^^^^^^^^^^^^^^^^^^
  File "/Users/ompatel/Downloads/RacinglinAi/.venv/lib/python3.11/site-packages/fastf1/_api.py", line 1476, in lap_count
    raise SessionNotAvailableError(
fastf1._api.SessionNotAvailableError: No data for this session! If this session only finished recently, please try again in a few minutes.
2025-06-29 20:59:10,851 - INFO - No cached data found for track_status_data. Loading data...
2025-06-29 20:59:10,852 - INFO - Fetching track status data...
2025-06-29 20:59:11,149 - DEBUG - Falling back to livetiming mirror (https://livetiming-mirror.fastf1.dev)
2025-06-29 20:59:11,380 - WARNING - Failed to load track status data!
2025-06-29 20:59:11,381 - DEBUG - Traceback for failure in track status data
Traceback (most recent call last):
  File "/Users/ompatel/Downloads/RacinglinAi/.venv/lib/python3.11/site-packages/fastf1/logger.py", line 151, in __wrapped
    return func(*args, **kwargs)
           ^^^^^^^^^^^^^^^^^^^^^
  File "/Users/ompatel/Downloads/RacinglinAi/.venv/lib/python3.11/site-packages/fastf1/core.py", line 2021, in _load_track_status_data
    track_status = api.track_status_data(self.api_path, livedata=livedata)
                   ^^^^^^^^^^^^^^^^^^^^^^^^^^^^^^^^^^^^^^^^^^^^^^^^^^^^^^^
  File "/Users/ompatel/Downloads/RacinglinAi/.venv/lib/python3.11/site-packages/fastf1/req.py", line 479, in _cached_api_request
    data = func(api_path, **func_kwargs)
           ^^^^^^^^^^^^^^^^^^^^^^^^^^^^^
  File "/Users/ompatel/Downloads/RacinglinAi/.venv/lib/python3.11/site-packages/fastf1/_api.py", line 1277, in track_status_data
    raise SessionNotAvailableError(
fastf1._api.SessionNotAvailableError: No data for this session! If this session only finished recently, please try again in a few minutes.
2025-06-29 20:59:11,382 - INFO - No cached data found for _extended_timing_data. Loading data...
2025-06-29 20:59:11,383 - INFO - Fetching timing data...
2025-06-29 20:59:11,745 - DEBUG - Falling back to livetiming mirror (https://livetiming-mirror.fastf1.dev)
2025-06-29 20:59:11,960 - WARNING - Failed to load timing data!
2025-06-29 20:59:11,962 - DEBUG - Traceback for failure in lap timing data
Traceback (most recent call last):
  File "/Users/ompatel/Downloads/RacinglinAi/.venv/lib/python3.11/site-packages/fastf1/logger.py", line 151, in __wrapped
    return func(*args, **kwargs)
           ^^^^^^^^^^^^^^^^^^^^^
  File "/Users/ompatel/Downloads/RacinglinAi/.venv/lib/python3.11/site-packages/fastf1/core.py", line 1476, in _load_laps_data
    = api._extended_timing_data(self.api_path, livedata=livedata)
      ^^^^^^^^^^^^^^^^^^^^^^^^^^^^^^^^^^^^^^^^^^^^^^^^^^^^^^^^^^^
  File "/Users/ompatel/Downloads/RacinglinAi/.venv/lib/python3.11/site-packages/fastf1/req.py", line 479, in _cached_api_request
    data = func(api_path, **func_kwargs)
           ^^^^^^^^^^^^^^^^^^^^^^^^^^^^^
  File "/Users/ompatel/Downloads/RacinglinAi/.venv/lib/python3.11/site-packages/fastf1/_api.py", line 200, in _extended_timing_data
    raise SessionNotAvailableError(
fastf1._api.SessionNotAvailableError: No data for this session! If this session only finished recently, please try again in a few minutes.
2025-06-29 20:59:12,123 - WARNING - Cannot load lap times for first lap from Ergast. Timing data is not available for this session.
2025-06-29 20:59:12,124 - INFO - No cached data found for car_data. Loading data...
2025-06-29 20:59:12,124 - INFO - Fetching car data...
2025-06-29 20:59:12,541 - DEBUG - Falling back to livetiming mirror (https://livetiming-mirror.fastf1.dev)
2025-06-29 20:59:12,815 - WARNING - Car telemetry data is unavailable!
2025-06-29 20:59:12,816 - INFO - No cached data found for position_data. Loading data...
2025-06-29 20:59:12,817 - INFO - Fetching position data...
2025-06-29 20:59:13,127 - DEBUG - Falling back to livetiming mirror (https://livetiming-mirror.fastf1.dev)
2025-06-29 20:59:13,333 - WARNING - Car position data is unavailable!
2025-06-29 20:59:13,334 - WARNING - Failed to determine `Session.t0_date`!
2025-06-29 20:59:13,334 - INFO - No cached data found for weather_data. Loading data...
2025-06-29 20:59:13,335 - INFO - Fetching weather data...
2025-06-29 20:59:13,661 - DEBUG - Falling back to livetiming mirror (https://livetiming-mirror.fastf1.dev)
2025-06-29 20:59:13,879 - WARNING - Failed to load weather data!
2025-06-29 20:59:13,883 - DEBUG - Traceback for failure in weather data
Traceback (most recent call last):
  File "/Users/ompatel/Downloads/RacinglinAi/.venv/lib/python3.11/site-packages/fastf1/logger.py", line 151, in __wrapped
    return func(*args, **kwargs)
           ^^^^^^^^^^^^^^^^^^^^^
  File "/Users/ompatel/Downloads/RacinglinAi/.venv/lib/python3.11/site-packages/fastf1/core.py", line 2442, in _load_weather_data
    weather_data = api.weather_data(self.api_path, livedata=livedata)
                   ^^^^^^^^^^^^^^^^^^^^^^^^^^^^^^^^^^^^^^^^^^^^^^^^^^
  File "/Users/ompatel/Downloads/RacinglinAi/.venv/lib/python3.11/site-packages/fastf1/req.py", line 479, in _cached_api_request
    data = func(api_path, **func_kwargs)
           ^^^^^^^^^^^^^^^^^^^^^^^^^^^^^
  File "/Users/ompatel/Downloads/RacinglinAi/.venv/lib/python3.11/site-packages/fastf1/_api.py", line 1613, in weather_data
    raise SessionNotAvailableError(
fastf1._api.SessionNotAvailableError: No data for this session! If this session only finished recently, please try again in a few minutes.
2025-06-29 20:59:13,884 - INFO - No cached data found for race_control_messages. Loading data...
2025-06-29 20:59:13,884 - INFO - Fetching race control messages...
2025-06-29 20:59:14,085 - DEBUG - Falling back to livetiming mirror (https://livetiming-mirror.fastf1.dev)
2025-06-29 20:59:14,408 - WARNING - Failed to load race control messages!
2025-06-29 20:59:14,409 - DEBUG - Traceback for failure in race control messages
Traceback (most recent call last):
  File "/Users/ompatel/Downloads/RacinglinAi/.venv/lib/python3.11/site-packages/fastf1/logger.py", line 151, in __wrapped
    return func(*args, **kwargs)
           ^^^^^^^^^^^^^^^^^^^^^
  File "/Users/ompatel/Downloads/RacinglinAi/.venv/lib/python3.11/site-packages/fastf1/core.py", line 2449, in _load_race_control_messages
    race_control_messages = api.race_control_messages(self.api_path,
                            ^^^^^^^^^^^^^^^^^^^^^^^^^^^^^^^^^^^^^^^^
  File "/Users/ompatel/Downloads/RacinglinAi/.venv/lib/python3.11/site-packages/fastf1/req.py", line 479, in _cached_api_request
    data = func(api_path, **func_kwargs)
           ^^^^^^^^^^^^^^^^^^^^^^^^^^^^^
  File "/Users/ompatel/Downloads/RacinglinAi/.venv/lib/python3.11/site-packages/fastf1/_api.py", line 1404, in race_control_messages
    raise SessionNotAvailableError(
fastf1._api.SessionNotAvailableError: No data for this session! If this session only finished recently, please try again in a few minutes.
2025-06-29 20:59:14,410 - INFO - Finished loading data for 0 drivers: []
2025-06-29 20:59:14,411 - ERROR - [PROCESS FAIL] italian_grand_prix: The data you are trying to access has not been loaded yet. See `Session.load`
2025-06-29 20:59:14,429 - INFO - Loading data for Azerbaijan Grand Prix - Race [v3.5.3]
2025-06-29 20:59:14,430 - INFO - No cached data found for session_info. Loading data...
2025-06-29 20:59:14,430 - INFO - Fetching session info data...
2025-06-29 20:59:14,566 - DEBUG - Falling back to livetiming mirror (https://livetiming-mirror.fastf1.dev)
2025-06-29 20:59:14,940 - WARNING - Failed to load session info data!
2025-06-29 20:59:14,941 - DEBUG - Traceback for failure in session info data
Traceback (most recent call last):
  File "/Users/ompatel/Downloads/RacinglinAi/.venv/lib/python3.11/site-packages/fastf1/logger.py", line 151, in __wrapped
    return func(*args, **kwargs)
           ^^^^^^^^^^^^^^^^^^^^^
  File "/Users/ompatel/Downloads/RacinglinAi/.venv/lib/python3.11/site-packages/fastf1/core.py", line 1470, in _load_session_info
    self._session_info = api.session_info(self.api_path,
                         ^^^^^^^^^^^^^^^^^^^^^^^^^^^^^^^
  File "/Users/ompatel/Downloads/RacinglinAi/.venv/lib/python3.11/site-packages/fastf1/req.py", line 479, in _cached_api_request
    data = func(api_path, **func_kwargs)
           ^^^^^^^^^^^^^^^^^^^^^^^^^^^^^
  File "/Users/ompatel/Downloads/RacinglinAi/.venv/lib/python3.11/site-packages/fastf1/_api.py", line 1687, in session_info
    raise SessionNotAvailableError(
fastf1._api.SessionNotAvailableError: No data for this session! If this session only finished recently, please try again in a few minutes.
2025-06-29 20:59:14,942 - INFO - No cached data found for driver_info. Loading data...
2025-06-29 20:59:14,943 - INFO - Fetching driver list...
2025-06-29 20:59:15,228 - DEBUG - Falling back to livetiming mirror (https://livetiming-mirror.fastf1.dev)
2025-06-29 20:59:15,451 - WARNING - Failed to load extended driver information!
2025-06-29 20:59:15,452 - DEBUG - Exception while loading driver list
Traceback (most recent call last):
  File "/Users/ompatel/Downloads/RacinglinAi/.venv/lib/python3.11/site-packages/fastf1/core.py", line 2291, in _drivers_from_f1_api
    f1di = api.driver_info(self.api_path, livedata=livedata)
           ^^^^^^^^^^^^^^^^^^^^^^^^^^^^^^^^^^^^^^^^^^^^^^^^^
  File "/Users/ompatel/Downloads/RacinglinAi/.venv/lib/python3.11/site-packages/fastf1/req.py", line 479, in _cached_api_request
    data = func(api_path, **func_kwargs)
           ^^^^^^^^^^^^^^^^^^^^^^^^^^^^^
  File "/Users/ompatel/Downloads/RacinglinAi/.venv/lib/python3.11/site-packages/fastf1/_api.py", line 1535, in driver_info
    raise SessionNotAvailableError(
fastf1._api.SessionNotAvailableError: No data for this session! If this session only finished recently, please try again in a few minutes.
2025-06-29 20:59:15,596 - WARNING - No result data for this session available on Ergast! (This is expected for recent sessions)
2025-06-29 20:59:15,597 - WARNING - Failed to load driver list and session results!
2025-06-29 20:59:15,607 - INFO - No cached data found for session_status_data. Loading data...
2025-06-29 20:59:15,608 - INFO - Fetching session status data...
2025-06-29 20:59:16,008 - DEBUG - Falling back to livetiming mirror (https://livetiming-mirror.fastf1.dev)
2025-06-29 20:59:16,209 - WARNING - Failed to load session status data!
2025-06-29 20:59:16,210 - DEBUG - Traceback for failure in session status data
Traceback (most recent call last):
  File "/Users/ompatel/Downloads/RacinglinAi/.venv/lib/python3.11/site-packages/fastf1/logger.py", line 151, in __wrapped
    return func(*args, **kwargs)
           ^^^^^^^^^^^^^^^^^^^^^
  File "/Users/ompatel/Downloads/RacinglinAi/.venv/lib/python3.11/site-packages/fastf1/core.py", line 2052, in _load_session_status_data
    session_status = api.session_status_data(self.api_path,
                     ^^^^^^^^^^^^^^^^^^^^^^^^^^^^^^^^^^^^^^
  File "/Users/ompatel/Downloads/RacinglinAi/.venv/lib/python3.11/site-packages/fastf1/req.py", line 479, in _cached_api_request
    data = func(api_path, **func_kwargs)
           ^^^^^^^^^^^^^^^^^^^^^^^^^^^^^
  File "/Users/ompatel/Downloads/RacinglinAi/.venv/lib/python3.11/site-packages/fastf1/_api.py", line 1333, in session_status_data
    raise SessionNotAvailableError(
fastf1._api.SessionNotAvailableError: No data for this session! If this session only finished recently, please try again in a few minutes.
2025-06-29 20:59:16,211 - INFO - No cached data found for lap_count. Loading data...
2025-06-29 20:59:16,212 - INFO - Fetching lap count data...
2025-06-29 20:59:16,543 - DEBUG - Falling back to livetiming mirror (https://livetiming-mirror.fastf1.dev)
2025-06-29 20:59:16,772 - WARNING - Failed to load total lap count!
2025-06-29 20:59:16,774 - DEBUG - Traceback for failure in total lap count
Traceback (most recent call last):
  File "/Users/ompatel/Downloads/RacinglinAi/.venv/lib/python3.11/site-packages/fastf1/logger.py", line 151, in __wrapped
    return func(*args, **kwargs)
           ^^^^^^^^^^^^^^^^^^^^^
  File "/Users/ompatel/Downloads/RacinglinAi/.venv/lib/python3.11/site-packages/fastf1/core.py", line 2034, in _load_total_lap_count
    lap_count = api.lap_count(self.api_path, livedata=livedata)
                ^^^^^^^^^^^^^^^^^^^^^^^^^^^^^^^^^^^^^^^^^^^^^^^
  File "/Users/ompatel/Downloads/RacinglinAi/.venv/lib/python3.11/site-packages/fastf1/req.py", line 479, in _cached_api_request
    data = func(api_path, **func_kwargs)
           ^^^^^^^^^^^^^^^^^^^^^^^^^^^^^
  File "/Users/ompatel/Downloads/RacinglinAi/.venv/lib/python3.11/site-packages/fastf1/_api.py", line 1476, in lap_count
    raise SessionNotAvailableError(
fastf1._api.SessionNotAvailableError: No data for this session! If this session only finished recently, please try again in a few minutes.
2025-06-29 20:59:16,776 - INFO - No cached data found for track_status_data. Loading data...
2025-06-29 20:59:16,776 - INFO - Fetching track status data...
2025-06-29 20:59:17,081 - DEBUG - Falling back to livetiming mirror (https://livetiming-mirror.fastf1.dev)
2025-06-29 20:59:17,352 - WARNING - Failed to load track status data!
2025-06-29 20:59:17,354 - DEBUG - Traceback for failure in track status data
Traceback (most recent call last):
  File "/Users/ompatel/Downloads/RacinglinAi/.venv/lib/python3.11/site-packages/fastf1/logger.py", line 151, in __wrapped
    return func(*args, **kwargs)
           ^^^^^^^^^^^^^^^^^^^^^
  File "/Users/ompatel/Downloads/RacinglinAi/.venv/lib/python3.11/site-packages/fastf1/core.py", line 2021, in _load_track_status_data
    track_status = api.track_status_data(self.api_path, livedata=livedata)
                   ^^^^^^^^^^^^^^^^^^^^^^^^^^^^^^^^^^^^^^^^^^^^^^^^^^^^^^^
  File "/Users/ompatel/Downloads/RacinglinAi/.venv/lib/python3.11/site-packages/fastf1/req.py", line 479, in _cached_api_request
    data = func(api_path, **func_kwargs)
           ^^^^^^^^^^^^^^^^^^^^^^^^^^^^^
  File "/Users/ompatel/Downloads/RacinglinAi/.venv/lib/python3.11/site-packages/fastf1/_api.py", line 1277, in track_status_data
    raise SessionNotAvailableError(
fastf1._api.SessionNotAvailableError: No data for this session! If this session only finished recently, please try again in a few minutes.
2025-06-29 20:59:17,355 - INFO - No cached data found for _extended_timing_data. Loading data...
2025-06-29 20:59:17,356 - INFO - Fetching timing data...
2025-06-29 20:59:17,520 - DEBUG - Falling back to livetiming mirror (https://livetiming-mirror.fastf1.dev)
2025-06-29 20:59:17,889 - WARNING - Failed to load timing data!
2025-06-29 20:59:17,890 - DEBUG - Traceback for failure in lap timing data
Traceback (most recent call last):
  File "/Users/ompatel/Downloads/RacinglinAi/.venv/lib/python3.11/site-packages/fastf1/logger.py", line 151, in __wrapped
    return func(*args, **kwargs)
           ^^^^^^^^^^^^^^^^^^^^^
  File "/Users/ompatel/Downloads/RacinglinAi/.venv/lib/python3.11/site-packages/fastf1/core.py", line 1476, in _load_laps_data
    = api._extended_timing_data(self.api_path, livedata=livedata)
      ^^^^^^^^^^^^^^^^^^^^^^^^^^^^^^^^^^^^^^^^^^^^^^^^^^^^^^^^^^^
  File "/Users/ompatel/Downloads/RacinglinAi/.venv/lib/python3.11/site-packages/fastf1/req.py", line 479, in _cached_api_request
    data = func(api_path, **func_kwargs)
           ^^^^^^^^^^^^^^^^^^^^^^^^^^^^^
  File "/Users/ompatel/Downloads/RacinglinAi/.venv/lib/python3.11/site-packages/fastf1/_api.py", line 200, in _extended_timing_data
    raise SessionNotAvailableError(
fastf1._api.SessionNotAvailableError: No data for this session! If this session only finished recently, please try again in a few minutes.
2025-06-29 20:59:18,017 - WARNING - Cannot load lap times for first lap from Ergast. Timing data is not available for this session.
2025-06-29 20:59:18,018 - INFO - No cached data found for car_data. Loading data...
2025-06-29 20:59:18,018 - INFO - Fetching car data...
2025-06-29 20:59:18,506 - DEBUG - Falling back to livetiming mirror (https://livetiming-mirror.fastf1.dev)
2025-06-29 20:59:18,741 - WARNING - Car telemetry data is unavailable!
2025-06-29 20:59:18,743 - INFO - No cached data found for position_data. Loading data...
2025-06-29 20:59:18,743 - INFO - Fetching position data...
2025-06-29 20:59:19,038 - DEBUG - Falling back to livetiming mirror (https://livetiming-mirror.fastf1.dev)
2025-06-29 20:59:19,291 - WARNING - Car position data is unavailable!
2025-06-29 20:59:19,292 - WARNING - Failed to determine `Session.t0_date`!
2025-06-29 20:59:19,293 - INFO - No cached data found for weather_data. Loading data...
2025-06-29 20:59:19,294 - INFO - Fetching weather data...
2025-06-29 20:59:19,576 - DEBUG - Falling back to livetiming mirror (https://livetiming-mirror.fastf1.dev)
2025-06-29 20:59:19,806 - WARNING - Failed to load weather data!
2025-06-29 20:59:19,807 - DEBUG - Traceback for failure in weather data
Traceback (most recent call last):
  File "/Users/ompatel/Downloads/RacinglinAi/.venv/lib/python3.11/site-packages/fastf1/logger.py", line 151, in __wrapped
    return func(*args, **kwargs)
           ^^^^^^^^^^^^^^^^^^^^^
  File "/Users/ompatel/Downloads/RacinglinAi/.venv/lib/python3.11/site-packages/fastf1/core.py", line 2442, in _load_weather_data
    weather_data = api.weather_data(self.api_path, livedata=livedata)
                   ^^^^^^^^^^^^^^^^^^^^^^^^^^^^^^^^^^^^^^^^^^^^^^^^^^
  File "/Users/ompatel/Downloads/RacinglinAi/.venv/lib/python3.11/site-packages/fastf1/req.py", line 479, in _cached_api_request
    data = func(api_path, **func_kwargs)
           ^^^^^^^^^^^^^^^^^^^^^^^^^^^^^
  File "/Users/ompatel/Downloads/RacinglinAi/.venv/lib/python3.11/site-packages/fastf1/_api.py", line 1613, in weather_data
    raise SessionNotAvailableError(
fastf1._api.SessionNotAvailableError: No data for this session! If this session only finished recently, please try again in a few minutes.
2025-06-29 20:59:19,809 - INFO - No cached data found for race_control_messages. Loading data...
2025-06-29 20:59:19,810 - INFO - Fetching race control messages...
2025-06-29 20:59:20,112 - DEBUG - Falling back to livetiming mirror (https://livetiming-mirror.fastf1.dev)
2025-06-29 20:59:20,321 - WARNING - Failed to load race control messages!
2025-06-29 20:59:20,322 - DEBUG - Traceback for failure in race control messages
Traceback (most recent call last):
  File "/Users/ompatel/Downloads/RacinglinAi/.venv/lib/python3.11/site-packages/fastf1/logger.py", line 151, in __wrapped
    return func(*args, **kwargs)
           ^^^^^^^^^^^^^^^^^^^^^
  File "/Users/ompatel/Downloads/RacinglinAi/.venv/lib/python3.11/site-packages/fastf1/core.py", line 2449, in _load_race_control_messages
    race_control_messages = api.race_control_messages(self.api_path,
                            ^^^^^^^^^^^^^^^^^^^^^^^^^^^^^^^^^^^^^^^^
  File "/Users/ompatel/Downloads/RacinglinAi/.venv/lib/python3.11/site-packages/fastf1/req.py", line 479, in _cached_api_request
    data = func(api_path, **func_kwargs)
           ^^^^^^^^^^^^^^^^^^^^^^^^^^^^^
  File "/Users/ompatel/Downloads/RacinglinAi/.venv/lib/python3.11/site-packages/fastf1/_api.py", line 1404, in race_control_messages
    raise SessionNotAvailableError(
fastf1._api.SessionNotAvailableError: No data for this session! If this session only finished recently, please try again in a few minutes.
2025-06-29 20:59:20,324 - INFO - Finished loading data for 0 drivers: []
2025-06-29 20:59:20,325 - ERROR - [PROCESS FAIL] azerbaijan_grand_prix: The data you are trying to access has not been loaded yet. See `Session.load`
2025-06-29 20:59:20,347 - INFO - Loading data for Singapore Grand Prix - Race [v3.5.3]
2025-06-29 20:59:20,348 - INFO - No cached data found for session_info. Loading data...
2025-06-29 20:59:20,348 - INFO - Fetching session info data...
2025-06-29 20:59:20,655 - DEBUG - Falling back to livetiming mirror (https://livetiming-mirror.fastf1.dev)
2025-06-29 20:59:20,852 - WARNING - Failed to load session info data!
2025-06-29 20:59:20,854 - DEBUG - Traceback for failure in session info data
Traceback (most recent call last):
  File "/Users/ompatel/Downloads/RacinglinAi/.venv/lib/python3.11/site-packages/fastf1/logger.py", line 151, in __wrapped
    return func(*args, **kwargs)
           ^^^^^^^^^^^^^^^^^^^^^
  File "/Users/ompatel/Downloads/RacinglinAi/.venv/lib/python3.11/site-packages/fastf1/core.py", line 1470, in _load_session_info
    self._session_info = api.session_info(self.api_path,
                         ^^^^^^^^^^^^^^^^^^^^^^^^^^^^^^^
  File "/Users/ompatel/Downloads/RacinglinAi/.venv/lib/python3.11/site-packages/fastf1/req.py", line 479, in _cached_api_request
    data = func(api_path, **func_kwargs)
           ^^^^^^^^^^^^^^^^^^^^^^^^^^^^^
  File "/Users/ompatel/Downloads/RacinglinAi/.venv/lib/python3.11/site-packages/fastf1/_api.py", line 1687, in session_info
    raise SessionNotAvailableError(
fastf1._api.SessionNotAvailableError: No data for this session! If this session only finished recently, please try again in a few minutes.
2025-06-29 20:59:20,855 - INFO - No cached data found for driver_info. Loading data...
2025-06-29 20:59:20,856 - INFO - Fetching driver list...
2025-06-29 20:59:21,204 - DEBUG - Falling back to livetiming mirror (https://livetiming-mirror.fastf1.dev)
2025-06-29 20:59:21,477 - WARNING - Failed to load extended driver information!
2025-06-29 20:59:21,478 - DEBUG - Exception while loading driver list
Traceback (most recent call last):
  File "/Users/ompatel/Downloads/RacinglinAi/.venv/lib/python3.11/site-packages/fastf1/core.py", line 2291, in _drivers_from_f1_api
    f1di = api.driver_info(self.api_path, livedata=livedata)
           ^^^^^^^^^^^^^^^^^^^^^^^^^^^^^^^^^^^^^^^^^^^^^^^^^
  File "/Users/ompatel/Downloads/RacinglinAi/.venv/lib/python3.11/site-packages/fastf1/req.py", line 479, in _cached_api_request
    data = func(api_path, **func_kwargs)
           ^^^^^^^^^^^^^^^^^^^^^^^^^^^^^
  File "/Users/ompatel/Downloads/RacinglinAi/.venv/lib/python3.11/site-packages/fastf1/_api.py", line 1535, in driver_info
    raise SessionNotAvailableError(
fastf1._api.SessionNotAvailableError: No data for this session! If this session only finished recently, please try again in a few minutes.
2025-06-29 20:59:21,599 - WARNING - No result data for this session available on Ergast! (This is expected for recent sessions)
2025-06-29 20:59:21,599 - WARNING - Failed to load driver list and session results!
2025-06-29 20:59:21,614 - INFO - No cached data found for session_status_data. Loading data...
2025-06-29 20:59:21,614 - INFO - Fetching session status data...
2025-06-29 20:59:22,015 - DEBUG - Falling back to livetiming mirror (https://livetiming-mirror.fastf1.dev)
2025-06-29 20:59:22,226 - WARNING - Failed to load session status data!
2025-06-29 20:59:22,226 - DEBUG - Traceback for failure in session status data
Traceback (most recent call last):
  File "/Users/ompatel/Downloads/RacinglinAi/.venv/lib/python3.11/site-packages/fastf1/logger.py", line 151, in __wrapped
    return func(*args, **kwargs)
           ^^^^^^^^^^^^^^^^^^^^^
  File "/Users/ompatel/Downloads/RacinglinAi/.venv/lib/python3.11/site-packages/fastf1/core.py", line 2052, in _load_session_status_data
    session_status = api.session_status_data(self.api_path,
                     ^^^^^^^^^^^^^^^^^^^^^^^^^^^^^^^^^^^^^^
  File "/Users/ompatel/Downloads/RacinglinAi/.venv/lib/python3.11/site-packages/fastf1/req.py", line 479, in _cached_api_request
    data = func(api_path, **func_kwargs)
           ^^^^^^^^^^^^^^^^^^^^^^^^^^^^^
  File "/Users/ompatel/Downloads/RacinglinAi/.venv/lib/python3.11/site-packages/fastf1/_api.py", line 1333, in session_status_data
    raise SessionNotAvailableError(
fastf1._api.SessionNotAvailableError: No data for this session! If this session only finished recently, please try again in a few minutes.
2025-06-29 20:59:22,227 - INFO - No cached data found for lap_count. Loading data...
2025-06-29 20:59:22,227 - INFO - Fetching lap count data...
2025-06-29 20:59:22,547 - DEBUG - Falling back to livetiming mirror (https://livetiming-mirror.fastf1.dev)
2025-06-29 20:59:22,759 - WARNING - Failed to load total lap count!
2025-06-29 20:59:22,761 - DEBUG - Traceback for failure in total lap count
Traceback (most recent call last):
  File "/Users/ompatel/Downloads/RacinglinAi/.venv/lib/python3.11/site-packages/fastf1/logger.py", line 151, in __wrapped
    return func(*args, **kwargs)
           ^^^^^^^^^^^^^^^^^^^^^
  File "/Users/ompatel/Downloads/RacinglinAi/.venv/lib/python3.11/site-packages/fastf1/core.py", line 2034, in _load_total_lap_count
    lap_count = api.lap_count(self.api_path, livedata=livedata)
                ^^^^^^^^^^^^^^^^^^^^^^^^^^^^^^^^^^^^^^^^^^^^^^^
  File "/Users/ompatel/Downloads/RacinglinAi/.venv/lib/python3.11/site-packages/fastf1/req.py", line 479, in _cached_api_request
    data = func(api_path, **func_kwargs)
           ^^^^^^^^^^^^^^^^^^^^^^^^^^^^^
  File "/Users/ompatel/Downloads/RacinglinAi/.venv/lib/python3.11/site-packages/fastf1/_api.py", line 1476, in lap_count
    raise SessionNotAvailableError(
fastf1._api.SessionNotAvailableError: No data for this session! If this session only finished recently, please try again in a few minutes.
2025-06-29 20:59:22,762 - INFO - No cached data found for track_status_data. Loading data...
2025-06-29 20:59:22,762 - INFO - Fetching track status data...
2025-06-29 20:59:22,948 - DEBUG - Falling back to livetiming mirror (https://livetiming-mirror.fastf1.dev)
2025-06-29 20:59:23,276 - WARNING - Failed to load track status data!
2025-06-29 20:59:23,277 - DEBUG - Traceback for failure in track status data
Traceback (most recent call last):
  File "/Users/ompatel/Downloads/RacinglinAi/.venv/lib/python3.11/site-packages/fastf1/logger.py", line 151, in __wrapped
    return func(*args, **kwargs)
           ^^^^^^^^^^^^^^^^^^^^^
  File "/Users/ompatel/Downloads/RacinglinAi/.venv/lib/python3.11/site-packages/fastf1/core.py", line 2021, in _load_track_status_data
    track_status = api.track_status_data(self.api_path, livedata=livedata)
                   ^^^^^^^^^^^^^^^^^^^^^^^^^^^^^^^^^^^^^^^^^^^^^^^^^^^^^^^
  File "/Users/ompatel/Downloads/RacinglinAi/.venv/lib/python3.11/site-packages/fastf1/req.py", line 479, in _cached_api_request
    data = func(api_path, **func_kwargs)
           ^^^^^^^^^^^^^^^^^^^^^^^^^^^^^
  File "/Users/ompatel/Downloads/RacinglinAi/.venv/lib/python3.11/site-packages/fastf1/_api.py", line 1277, in track_status_data
    raise SessionNotAvailableError(
fastf1._api.SessionNotAvailableError: No data for this session! If this session only finished recently, please try again in a few minutes.
2025-06-29 20:59:23,279 - INFO - No cached data found for _extended_timing_data. Loading data...
2025-06-29 20:59:23,279 - INFO - Fetching timing data...
2025-06-29 20:59:23,584 - DEBUG - Falling back to livetiming mirror (https://livetiming-mirror.fastf1.dev)
2025-06-29 20:59:23,791 - WARNING - Failed to load timing data!
2025-06-29 20:59:23,792 - DEBUG - Traceback for failure in lap timing data
Traceback (most recent call last):
  File "/Users/ompatel/Downloads/RacinglinAi/.venv/lib/python3.11/site-packages/fastf1/logger.py", line 151, in __wrapped
    return func(*args, **kwargs)
           ^^^^^^^^^^^^^^^^^^^^^
  File "/Users/ompatel/Downloads/RacinglinAi/.venv/lib/python3.11/site-packages/fastf1/core.py", line 1476, in _load_laps_data
    = api._extended_timing_data(self.api_path, livedata=livedata)
      ^^^^^^^^^^^^^^^^^^^^^^^^^^^^^^^^^^^^^^^^^^^^^^^^^^^^^^^^^^^
  File "/Users/ompatel/Downloads/RacinglinAi/.venv/lib/python3.11/site-packages/fastf1/req.py", line 479, in _cached_api_request
    data = func(api_path, **func_kwargs)
           ^^^^^^^^^^^^^^^^^^^^^^^^^^^^^
  File "/Users/ompatel/Downloads/RacinglinAi/.venv/lib/python3.11/site-packages/fastf1/_api.py", line 200, in _extended_timing_data
    raise SessionNotAvailableError(
fastf1._api.SessionNotAvailableError: No data for this session! If this session only finished recently, please try again in a few minutes.
2025-06-29 20:59:23,965 - WARNING - Cannot load lap times for first lap from Ergast. Timing data is not available for this session.
2025-06-29 20:59:23,966 - INFO - No cached data found for car_data. Loading data...
2025-06-29 20:59:23,966 - INFO - Fetching car data...
2025-06-29 20:59:24,385 - DEBUG - Falling back to livetiming mirror (https://livetiming-mirror.fastf1.dev)
2025-06-29 20:59:24,584 - WARNING - Car telemetry data is unavailable!
2025-06-29 20:59:24,586 - INFO - No cached data found for position_data. Loading data...
2025-06-29 20:59:24,587 - INFO - Fetching position data...
2025-06-29 20:59:24,953 - DEBUG - Falling back to livetiming mirror (https://livetiming-mirror.fastf1.dev)
2025-06-29 20:59:25,165 - WARNING - Car position data is unavailable!
2025-06-29 20:59:25,167 - WARNING - Failed to determine `Session.t0_date`!
2025-06-29 20:59:25,168 - INFO - No cached data found for weather_data. Loading data...
2025-06-29 20:59:25,169 - INFO - Fetching weather data...
2025-06-29 20:59:25,493 - DEBUG - Falling back to livetiming mirror (https://livetiming-mirror.fastf1.dev)
2025-06-29 20:59:25,698 - WARNING - Failed to load weather data!
2025-06-29 20:59:25,699 - DEBUG - Traceback for failure in weather data
Traceback (most recent call last):
  File "/Users/ompatel/Downloads/RacinglinAi/.venv/lib/python3.11/site-packages/fastf1/logger.py", line 151, in __wrapped
    return func(*args, **kwargs)
           ^^^^^^^^^^^^^^^^^^^^^
  File "/Users/ompatel/Downloads/RacinglinAi/.venv/lib/python3.11/site-packages/fastf1/core.py", line 2442, in _load_weather_data
    weather_data = api.weather_data(self.api_path, livedata=livedata)
                   ^^^^^^^^^^^^^^^^^^^^^^^^^^^^^^^^^^^^^^^^^^^^^^^^^^
  File "/Users/ompatel/Downloads/RacinglinAi/.venv/lib/python3.11/site-packages/fastf1/req.py", line 479, in _cached_api_request
    data = func(api_path, **func_kwargs)
           ^^^^^^^^^^^^^^^^^^^^^^^^^^^^^
  File "/Users/ompatel/Downloads/RacinglinAi/.venv/lib/python3.11/site-packages/fastf1/_api.py", line 1613, in weather_data
    raise SessionNotAvailableError(
fastf1._api.SessionNotAvailableError: No data for this session! If this session only finished recently, please try again in a few minutes.
2025-06-29 20:59:25,703 - INFO - No cached data found for race_control_messages. Loading data...
2025-06-29 20:59:25,704 - INFO - Fetching race control messages...
2025-06-29 20:59:26,083 - DEBUG - Falling back to livetiming mirror (https://livetiming-mirror.fastf1.dev)
2025-06-29 20:59:26,292 - WARNING - Failed to load race control messages!
2025-06-29 20:59:26,293 - DEBUG - Traceback for failure in race control messages
Traceback (most recent call last):
  File "/Users/ompatel/Downloads/RacinglinAi/.venv/lib/python3.11/site-packages/fastf1/logger.py", line 151, in __wrapped
    return func(*args, **kwargs)
           ^^^^^^^^^^^^^^^^^^^^^
  File "/Users/ompatel/Downloads/RacinglinAi/.venv/lib/python3.11/site-packages/fastf1/core.py", line 2449, in _load_race_control_messages
    race_control_messages = api.race_control_messages(self.api_path,
                            ^^^^^^^^^^^^^^^^^^^^^^^^^^^^^^^^^^^^^^^^
  File "/Users/ompatel/Downloads/RacinglinAi/.venv/lib/python3.11/site-packages/fastf1/req.py", line 479, in _cached_api_request
    data = func(api_path, **func_kwargs)
           ^^^^^^^^^^^^^^^^^^^^^^^^^^^^^
  File "/Users/ompatel/Downloads/RacinglinAi/.venv/lib/python3.11/site-packages/fastf1/_api.py", line 1404, in race_control_messages
    raise SessionNotAvailableError(
fastf1._api.SessionNotAvailableError: No data for this session! If this session only finished recently, please try again in a few minutes.
2025-06-29 20:59:26,296 - INFO - Finished loading data for 0 drivers: []
2025-06-29 20:59:26,297 - ERROR - [PROCESS FAIL] singapore_grand_prix: The data you are trying to access has not been loaded yet. See `Session.load`
2025-06-29 20:59:26,323 - INFO - Loading data for Mexico City Grand Prix - Race [v3.5.3]
2025-06-29 20:59:26,324 - INFO - No cached data found for session_info. Loading data...
2025-06-29 20:59:26,325 - INFO - Fetching session info data...
2025-06-29 20:59:26,483 - DEBUG - Falling back to livetiming mirror (https://livetiming-mirror.fastf1.dev)
2025-06-29 20:59:26,794 - WARNING - Failed to load session info data!
2025-06-29 20:59:26,795 - DEBUG - Traceback for failure in session info data
Traceback (most recent call last):
  File "/Users/ompatel/Downloads/RacinglinAi/.venv/lib/python3.11/site-packages/fastf1/logger.py", line 151, in __wrapped
    return func(*args, **kwargs)
           ^^^^^^^^^^^^^^^^^^^^^
  File "/Users/ompatel/Downloads/RacinglinAi/.venv/lib/python3.11/site-packages/fastf1/core.py", line 1470, in _load_session_info
    self._session_info = api.session_info(self.api_path,
                         ^^^^^^^^^^^^^^^^^^^^^^^^^^^^^^^
  File "/Users/ompatel/Downloads/RacinglinAi/.venv/lib/python3.11/site-packages/fastf1/req.py", line 479, in _cached_api_request
    data = func(api_path, **func_kwargs)
           ^^^^^^^^^^^^^^^^^^^^^^^^^^^^^
  File "/Users/ompatel/Downloads/RacinglinAi/.venv/lib/python3.11/site-packages/fastf1/_api.py", line 1687, in session_info
    raise SessionNotAvailableError(
fastf1._api.SessionNotAvailableError: No data for this session! If this session only finished recently, please try again in a few minutes.
2025-06-29 20:59:26,796 - INFO - No cached data found for driver_info. Loading data...
2025-06-29 20:59:26,797 - INFO - Fetching driver list...
2025-06-29 20:59:27,133 - DEBUG - Falling back to livetiming mirror (https://livetiming-mirror.fastf1.dev)
2025-06-29 20:59:27,387 - WARNING - Failed to load extended driver information!
2025-06-29 20:59:27,387 - DEBUG - Exception while loading driver list
Traceback (most recent call last):
  File "/Users/ompatel/Downloads/RacinglinAi/.venv/lib/python3.11/site-packages/fastf1/core.py", line 2291, in _drivers_from_f1_api
    f1di = api.driver_info(self.api_path, livedata=livedata)
           ^^^^^^^^^^^^^^^^^^^^^^^^^^^^^^^^^^^^^^^^^^^^^^^^^
  File "/Users/ompatel/Downloads/RacinglinAi/.venv/lib/python3.11/site-packages/fastf1/req.py", line 479, in _cached_api_request
    data = func(api_path, **func_kwargs)
           ^^^^^^^^^^^^^^^^^^^^^^^^^^^^^
  File "/Users/ompatel/Downloads/RacinglinAi/.venv/lib/python3.11/site-packages/fastf1/_api.py", line 1535, in driver_info
    raise SessionNotAvailableError(
fastf1._api.SessionNotAvailableError: No data for this session! If this session only finished recently, please try again in a few minutes.
2025-06-29 20:59:27,510 - WARNING - No result data for this session available on Ergast! (This is expected for recent sessions)
2025-06-29 20:59:27,511 - WARNING - Failed to load driver list and session results!
2025-06-29 20:59:27,525 - INFO - No cached data found for session_status_data. Loading data...
2025-06-29 20:59:27,526 - INFO - Fetching session status data...
2025-06-29 20:59:27,945 - DEBUG - Falling back to livetiming mirror (https://livetiming-mirror.fastf1.dev)
2025-06-29 20:59:28,139 - WARNING - Failed to load session status data!
2025-06-29 20:59:28,140 - DEBUG - Traceback for failure in session status data
Traceback (most recent call last):
  File "/Users/ompatel/Downloads/RacinglinAi/.venv/lib/python3.11/site-packages/fastf1/logger.py", line 151, in __wrapped
    return func(*args, **kwargs)
           ^^^^^^^^^^^^^^^^^^^^^
  File "/Users/ompatel/Downloads/RacinglinAi/.venv/lib/python3.11/site-packages/fastf1/core.py", line 2052, in _load_session_status_data
    session_status = api.session_status_data(self.api_path,
                     ^^^^^^^^^^^^^^^^^^^^^^^^^^^^^^^^^^^^^^
  File "/Users/ompatel/Downloads/RacinglinAi/.venv/lib/python3.11/site-packages/fastf1/req.py", line 479, in _cached_api_request
    data = func(api_path, **func_kwargs)
           ^^^^^^^^^^^^^^^^^^^^^^^^^^^^^
  File "/Users/ompatel/Downloads/RacinglinAi/.venv/lib/python3.11/site-packages/fastf1/_api.py", line 1333, in session_status_data
    raise SessionNotAvailableError(
fastf1._api.SessionNotAvailableError: No data for this session! If this session only finished recently, please try again in a few minutes.
2025-06-29 20:59:28,142 - INFO - No cached data found for lap_count. Loading data...
2025-06-29 20:59:28,143 - INFO - Fetching lap count data...
2025-06-29 20:59:28,478 - DEBUG - Falling back to livetiming mirror (https://livetiming-mirror.fastf1.dev)
2025-06-29 20:59:28,674 - WARNING - Failed to load total lap count!
2025-06-29 20:59:28,675 - DEBUG - Traceback for failure in total lap count
Traceback (most recent call last):
  File "/Users/ompatel/Downloads/RacinglinAi/.venv/lib/python3.11/site-packages/fastf1/logger.py", line 151, in __wrapped
    return func(*args, **kwargs)
           ^^^^^^^^^^^^^^^^^^^^^
  File "/Users/ompatel/Downloads/RacinglinAi/.venv/lib/python3.11/site-packages/fastf1/core.py", line 2034, in _load_total_lap_count
    lap_count = api.lap_count(self.api_path, livedata=livedata)
                ^^^^^^^^^^^^^^^^^^^^^^^^^^^^^^^^^^^^^^^^^^^^^^^
  File "/Users/ompatel/Downloads/RacinglinAi/.venv/lib/python3.11/site-packages/fastf1/req.py", line 479, in _cached_api_request
    data = func(api_path, **func_kwargs)
           ^^^^^^^^^^^^^^^^^^^^^^^^^^^^^
  File "/Users/ompatel/Downloads/RacinglinAi/.venv/lib/python3.11/site-packages/fastf1/_api.py", line 1476, in lap_count
    raise SessionNotAvailableError(
fastf1._api.SessionNotAvailableError: No data for this session! If this session only finished recently, please try again in a few minutes.
2025-06-29 20:59:28,676 - INFO - No cached data found for track_status_data. Loading data...
2025-06-29 20:59:28,677 - INFO - Fetching track status data...
2025-06-29 20:59:29,026 - DEBUG - Falling back to livetiming mirror (https://livetiming-mirror.fastf1.dev)
2025-06-29 20:59:29,258 - WARNING - Failed to load track status data!
2025-06-29 20:59:29,260 - DEBUG - Traceback for failure in track status data
Traceback (most recent call last):
  File "/Users/ompatel/Downloads/RacinglinAi/.venv/lib/python3.11/site-packages/fastf1/logger.py", line 151, in __wrapped
    return func(*args, **kwargs)
           ^^^^^^^^^^^^^^^^^^^^^
  File "/Users/ompatel/Downloads/RacinglinAi/.venv/lib/python3.11/site-packages/fastf1/core.py", line 2021, in _load_track_status_data
    track_status = api.track_status_data(self.api_path, livedata=livedata)
                   ^^^^^^^^^^^^^^^^^^^^^^^^^^^^^^^^^^^^^^^^^^^^^^^^^^^^^^^
  File "/Users/ompatel/Downloads/RacinglinAi/.venv/lib/python3.11/site-packages/fastf1/req.py", line 479, in _cached_api_request
    data = func(api_path, **func_kwargs)
           ^^^^^^^^^^^^^^^^^^^^^^^^^^^^^
  File "/Users/ompatel/Downloads/RacinglinAi/.venv/lib/python3.11/site-packages/fastf1/_api.py", line 1277, in track_status_data
    raise SessionNotAvailableError(
fastf1._api.SessionNotAvailableError: No data for this session! If this session only finished recently, please try again in a few minutes.
2025-06-29 20:59:29,261 - INFO - No cached data found for _extended_timing_data. Loading data...
2025-06-29 20:59:29,262 - INFO - Fetching timing data...
2025-06-29 20:59:29,557 - DEBUG - Falling back to livetiming mirror (https://livetiming-mirror.fastf1.dev)
2025-06-29 20:59:29,747 - WARNING - Failed to load timing data!
2025-06-29 20:59:29,749 - DEBUG - Traceback for failure in lap timing data
Traceback (most recent call last):
  File "/Users/ompatel/Downloads/RacinglinAi/.venv/lib/python3.11/site-packages/fastf1/logger.py", line 151, in __wrapped
    return func(*args, **kwargs)
           ^^^^^^^^^^^^^^^^^^^^^
  File "/Users/ompatel/Downloads/RacinglinAi/.venv/lib/python3.11/site-packages/fastf1/core.py", line 1476, in _load_laps_data
    = api._extended_timing_data(self.api_path, livedata=livedata)
      ^^^^^^^^^^^^^^^^^^^^^^^^^^^^^^^^^^^^^^^^^^^^^^^^^^^^^^^^^^^
  File "/Users/ompatel/Downloads/RacinglinAi/.venv/lib/python3.11/site-packages/fastf1/req.py", line 479, in _cached_api_request
    data = func(api_path, **func_kwargs)
           ^^^^^^^^^^^^^^^^^^^^^^^^^^^^^
  File "/Users/ompatel/Downloads/RacinglinAi/.venv/lib/python3.11/site-packages/fastf1/_api.py", line 200, in _extended_timing_data
    raise SessionNotAvailableError(
fastf1._api.SessionNotAvailableError: No data for this session! If this session only finished recently, please try again in a few minutes.
2025-06-29 20:59:29,934 - WARNING - Cannot load lap times for first lap from Ergast. Timing data is not available for this session.
2025-06-29 20:59:29,936 - INFO - No cached data found for car_data. Loading data...
2025-06-29 20:59:29,936 - INFO - Fetching car data...
2025-06-29 20:59:30,343 - DEBUG - Falling back to livetiming mirror (https://livetiming-mirror.fastf1.dev)
2025-06-29 20:59:30,566 - WARNING - Car telemetry data is unavailable!
2025-06-29 20:59:30,568 - INFO - No cached data found for position_data. Loading data...
2025-06-29 20:59:30,568 - INFO - Fetching position data...
2025-06-29 20:59:30,740 - DEBUG - Falling back to livetiming mirror (https://livetiming-mirror.fastf1.dev)
2025-06-29 20:59:31,043 - WARNING - Car position data is unavailable!
2025-06-29 20:59:31,044 - WARNING - Failed to determine `Session.t0_date`!
2025-06-29 20:59:31,045 - INFO - No cached data found for weather_data. Loading data...
2025-06-29 20:59:31,045 - INFO - Fetching weather data...
2025-06-29 20:59:31,383 - DEBUG - Falling back to livetiming mirror (https://livetiming-mirror.fastf1.dev)
2025-06-29 20:59:31,594 - WARNING - Failed to load weather data!
2025-06-29 20:59:31,595 - DEBUG - Traceback for failure in weather data
Traceback (most recent call last):
  File "/Users/ompatel/Downloads/RacinglinAi/.venv/lib/python3.11/site-packages/fastf1/logger.py", line 151, in __wrapped
    return func(*args, **kwargs)
           ^^^^^^^^^^^^^^^^^^^^^
  File "/Users/ompatel/Downloads/RacinglinAi/.venv/lib/python3.11/site-packages/fastf1/core.py", line 2442, in _load_weather_data
    weather_data = api.weather_data(self.api_path, livedata=livedata)
                   ^^^^^^^^^^^^^^^^^^^^^^^^^^^^^^^^^^^^^^^^^^^^^^^^^^
  File "/Users/ompatel/Downloads/RacinglinAi/.venv/lib/python3.11/site-packages/fastf1/req.py", line 479, in _cached_api_request
    data = func(api_path, **func_kwargs)
           ^^^^^^^^^^^^^^^^^^^^^^^^^^^^^
  File "/Users/ompatel/Downloads/RacinglinAi/.venv/lib/python3.11/site-packages/fastf1/_api.py", line 1613, in weather_data
    raise SessionNotAvailableError(
fastf1._api.SessionNotAvailableError: No data for this session! If this session only finished recently, please try again in a few minutes.
2025-06-29 20:59:31,596 - INFO - No cached data found for race_control_messages. Loading data...
2025-06-29 20:59:31,597 - INFO - Fetching race control messages...
2025-06-29 20:59:31,929 - DEBUG - Falling back to livetiming mirror (https://livetiming-mirror.fastf1.dev)
2025-06-29 20:59:32,149 - WARNING - Failed to load race control messages!
2025-06-29 20:59:32,151 - DEBUG - Traceback for failure in race control messages
Traceback (most recent call last):
  File "/Users/ompatel/Downloads/RacinglinAi/.venv/lib/python3.11/site-packages/fastf1/logger.py", line 151, in __wrapped
    return func(*args, **kwargs)
           ^^^^^^^^^^^^^^^^^^^^^
  File "/Users/ompatel/Downloads/RacinglinAi/.venv/lib/python3.11/site-packages/fastf1/core.py", line 2449, in _load_race_control_messages
    race_control_messages = api.race_control_messages(self.api_path,
                            ^^^^^^^^^^^^^^^^^^^^^^^^^^^^^^^^^^^^^^^^
  File "/Users/ompatel/Downloads/RacinglinAi/.venv/lib/python3.11/site-packages/fastf1/req.py", line 479, in _cached_api_request
    data = func(api_path, **func_kwargs)
           ^^^^^^^^^^^^^^^^^^^^^^^^^^^^^
  File "/Users/ompatel/Downloads/RacinglinAi/.venv/lib/python3.11/site-packages/fastf1/_api.py", line 1404, in race_control_messages
    raise SessionNotAvailableError(
fastf1._api.SessionNotAvailableError: No data for this session! If this session only finished recently, please try again in a few minutes.
2025-06-29 20:59:32,153 - INFO - Finished loading data for 0 drivers: []
2025-06-29 20:59:32,154 - ERROR - [PROCESS FAIL] mexico_city_grand_prix: The data you are trying to access has not been loaded yet. See `Session.load`
2025-06-29 20:59:32,175 - INFO - Loading data for Las Vegas Grand Prix - Race [v3.5.3]
2025-06-29 20:59:32,176 - INFO - No cached data found for session_info. Loading data...
2025-06-29 20:59:32,176 - INFO - Fetching session info data...
2025-06-29 20:59:32,469 - DEBUG - Falling back to livetiming mirror (https://livetiming-mirror.fastf1.dev)
2025-06-29 20:59:32,692 - WARNING - Failed to load session info data!
2025-06-29 20:59:32,693 - DEBUG - Traceback for failure in session info data
Traceback (most recent call last):
  File "/Users/ompatel/Downloads/RacinglinAi/.venv/lib/python3.11/site-packages/fastf1/logger.py", line 151, in __wrapped
    return func(*args, **kwargs)
           ^^^^^^^^^^^^^^^^^^^^^
  File "/Users/ompatel/Downloads/RacinglinAi/.venv/lib/python3.11/site-packages/fastf1/core.py", line 1470, in _load_session_info
    self._session_info = api.session_info(self.api_path,
                         ^^^^^^^^^^^^^^^^^^^^^^^^^^^^^^^
  File "/Users/ompatel/Downloads/RacinglinAi/.venv/lib/python3.11/site-packages/fastf1/req.py", line 479, in _cached_api_request
    data = func(api_path, **func_kwargs)
           ^^^^^^^^^^^^^^^^^^^^^^^^^^^^^
  File "/Users/ompatel/Downloads/RacinglinAi/.venv/lib/python3.11/site-packages/fastf1/_api.py", line 1687, in session_info
    raise SessionNotAvailableError(
fastf1._api.SessionNotAvailableError: No data for this session! If this session only finished recently, please try again in a few minutes.
2025-06-29 20:59:32,695 - INFO - No cached data found for driver_info. Loading data...
2025-06-29 20:59:32,695 - INFO - Fetching driver list...
2025-06-29 20:59:33,015 - DEBUG - Falling back to livetiming mirror (https://livetiming-mirror.fastf1.dev)
2025-06-29 20:59:33,234 - WARNING - Failed to load extended driver information!
2025-06-29 20:59:33,235 - DEBUG - Exception while loading driver list
Traceback (most recent call last):
  File "/Users/ompatel/Downloads/RacinglinAi/.venv/lib/python3.11/site-packages/fastf1/core.py", line 2291, in _drivers_from_f1_api
    f1di = api.driver_info(self.api_path, livedata=livedata)
           ^^^^^^^^^^^^^^^^^^^^^^^^^^^^^^^^^^^^^^^^^^^^^^^^^
  File "/Users/ompatel/Downloads/RacinglinAi/.venv/lib/python3.11/site-packages/fastf1/req.py", line 479, in _cached_api_request
    data = func(api_path, **func_kwargs)
           ^^^^^^^^^^^^^^^^^^^^^^^^^^^^^
  File "/Users/ompatel/Downloads/RacinglinAi/.venv/lib/python3.11/site-packages/fastf1/_api.py", line 1535, in driver_info
    raise SessionNotAvailableError(
fastf1._api.SessionNotAvailableError: No data for this session! If this session only finished recently, please try again in a few minutes.
2025-06-29 20:59:33,394 - WARNING - No result data for this session available on Ergast! (This is expected for recent sessions)
2025-06-29 20:59:33,395 - WARNING - Failed to load driver list and session results!
2025-06-29 20:59:33,405 - INFO - No cached data found for session_status_data. Loading data...
2025-06-29 20:59:33,406 - INFO - Fetching session status data...
2025-06-29 20:59:33,808 - DEBUG - Falling back to livetiming mirror (https://livetiming-mirror.fastf1.dev)
2025-06-29 20:59:34,077 - WARNING - Failed to load session status data!
2025-06-29 20:59:34,079 - DEBUG - Traceback for failure in session status data
Traceback (most recent call last):
  File "/Users/ompatel/Downloads/RacinglinAi/.venv/lib/python3.11/site-packages/fastf1/logger.py", line 151, in __wrapped
    return func(*args, **kwargs)
           ^^^^^^^^^^^^^^^^^^^^^
  File "/Users/ompatel/Downloads/RacinglinAi/.venv/lib/python3.11/site-packages/fastf1/core.py", line 2052, in _load_session_status_data
    session_status = api.session_status_data(self.api_path,
                     ^^^^^^^^^^^^^^^^^^^^^^^^^^^^^^^^^^^^^^
  File "/Users/ompatel/Downloads/RacinglinAi/.venv/lib/python3.11/site-packages/fastf1/req.py", line 479, in _cached_api_request
    data = func(api_path, **func_kwargs)
           ^^^^^^^^^^^^^^^^^^^^^^^^^^^^^
  File "/Users/ompatel/Downloads/RacinglinAi/.venv/lib/python3.11/site-packages/fastf1/_api.py", line 1333, in session_status_data
    raise SessionNotAvailableError(
fastf1._api.SessionNotAvailableError: No data for this session! If this session only finished recently, please try again in a few minutes.
2025-06-29 20:59:34,080 - INFO - No cached data found for lap_count. Loading data...
2025-06-29 20:59:34,080 - INFO - Fetching lap count data...
2025-06-29 20:59:34,389 - DEBUG - Falling back to livetiming mirror (https://livetiming-mirror.fastf1.dev)
2025-06-29 20:59:34,615 - WARNING - Failed to load total lap count!
2025-06-29 20:59:34,617 - DEBUG - Traceback for failure in total lap count
Traceback (most recent call last):
  File "/Users/ompatel/Downloads/RacinglinAi/.venv/lib/python3.11/site-packages/fastf1/logger.py", line 151, in __wrapped
    return func(*args, **kwargs)
           ^^^^^^^^^^^^^^^^^^^^^
  File "/Users/ompatel/Downloads/RacinglinAi/.venv/lib/python3.11/site-packages/fastf1/core.py", line 2034, in _load_total_lap_count
    lap_count = api.lap_count(self.api_path, livedata=livedata)
                ^^^^^^^^^^^^^^^^^^^^^^^^^^^^^^^^^^^^^^^^^^^^^^^
  File "/Users/ompatel/Downloads/RacinglinAi/.venv/lib/python3.11/site-packages/fastf1/req.py", line 479, in _cached_api_request
    data = func(api_path, **func_kwargs)
           ^^^^^^^^^^^^^^^^^^^^^^^^^^^^^
  File "/Users/ompatel/Downloads/RacinglinAi/.venv/lib/python3.11/site-packages/fastf1/_api.py", line 1476, in lap_count
    raise SessionNotAvailableError(
fastf1._api.SessionNotAvailableError: No data for this session! If this session only finished recently, please try again in a few minutes.
2025-06-29 20:59:34,618 - INFO - No cached data found for track_status_data. Loading data...
2025-06-29 20:59:34,619 - INFO - Fetching track status data...
2025-06-29 20:59:34,923 - DEBUG - Falling back to livetiming mirror (https://livetiming-mirror.fastf1.dev)
2025-06-29 20:59:35,132 - WARNING - Failed to load track status data!
2025-06-29 20:59:35,134 - DEBUG - Traceback for failure in track status data
Traceback (most recent call last):
  File "/Users/ompatel/Downloads/RacinglinAi/.venv/lib/python3.11/site-packages/fastf1/logger.py", line 151, in __wrapped
    return func(*args, **kwargs)
           ^^^^^^^^^^^^^^^^^^^^^
  File "/Users/ompatel/Downloads/RacinglinAi/.venv/lib/python3.11/site-packages/fastf1/core.py", line 2021, in _load_track_status_data
    track_status = api.track_status_data(self.api_path, livedata=livedata)
                   ^^^^^^^^^^^^^^^^^^^^^^^^^^^^^^^^^^^^^^^^^^^^^^^^^^^^^^^
  File "/Users/ompatel/Downloads/RacinglinAi/.venv/lib/python3.11/site-packages/fastf1/req.py", line 479, in _cached_api_request
    data = func(api_path, **func_kwargs)
           ^^^^^^^^^^^^^^^^^^^^^^^^^^^^^
  File "/Users/ompatel/Downloads/RacinglinAi/.venv/lib/python3.11/site-packages/fastf1/_api.py", line 1277, in track_status_data
    raise SessionNotAvailableError(
fastf1._api.SessionNotAvailableError: No data for this session! If this session only finished recently, please try again in a few minutes.
2025-06-29 20:59:35,135 - INFO - No cached data found for _extended_timing_data. Loading data...
2025-06-29 20:59:35,136 - INFO - Fetching timing data...
2025-06-29 20:59:35,328 - DEBUG - Falling back to livetiming mirror (https://livetiming-mirror.fastf1.dev)
2025-06-29 20:59:35,644 - WARNING - Failed to load timing data!
2025-06-29 20:59:35,646 - DEBUG - Traceback for failure in lap timing data
Traceback (most recent call last):
  File "/Users/ompatel/Downloads/RacinglinAi/.venv/lib/python3.11/site-packages/fastf1/logger.py", line 151, in __wrapped
    return func(*args, **kwargs)
           ^^^^^^^^^^^^^^^^^^^^^
  File "/Users/ompatel/Downloads/RacinglinAi/.venv/lib/python3.11/site-packages/fastf1/core.py", line 1476, in _load_laps_data
    = api._extended_timing_data(self.api_path, livedata=livedata)
      ^^^^^^^^^^^^^^^^^^^^^^^^^^^^^^^^^^^^^^^^^^^^^^^^^^^^^^^^^^^
  File "/Users/ompatel/Downloads/RacinglinAi/.venv/lib/python3.11/site-packages/fastf1/req.py", line 479, in _cached_api_request
    data = func(api_path, **func_kwargs)
           ^^^^^^^^^^^^^^^^^^^^^^^^^^^^^
  File "/Users/ompatel/Downloads/RacinglinAi/.venv/lib/python3.11/site-packages/fastf1/_api.py", line 200, in _extended_timing_data
    raise SessionNotAvailableError(
fastf1._api.SessionNotAvailableError: No data for this session! If this session only finished recently, please try again in a few minutes.
2025-06-29 20:59:35,793 - WARNING - Cannot load lap times for first lap from Ergast. Timing data is not available for this session.
2025-06-29 20:59:35,794 - INFO - No cached data found for car_data. Loading data...
2025-06-29 20:59:35,795 - INFO - Fetching car data...
2025-06-29 20:59:36,214 - DEBUG - Falling back to livetiming mirror (https://livetiming-mirror.fastf1.dev)
2025-06-29 20:59:36,437 - WARNING - Car telemetry data is unavailable!
2025-06-29 20:59:36,438 - INFO - No cached data found for position_data. Loading data...
2025-06-29 20:59:36,439 - INFO - Fetching position data...
2025-06-29 20:59:36,749 - DEBUG - Falling back to livetiming mirror (https://livetiming-mirror.fastf1.dev)
2025-06-29 20:59:37,035 - WARNING - Car position data is unavailable!
2025-06-29 20:59:37,037 - WARNING - Failed to determine `Session.t0_date`!
2025-06-29 20:59:37,037 - INFO - No cached data found for weather_data. Loading data...
2025-06-29 20:59:37,038 - INFO - Fetching weather data...
2025-06-29 20:59:37,201 - DEBUG - Falling back to livetiming mirror (https://livetiming-mirror.fastf1.dev)
2025-06-29 20:59:37,518 - WARNING - Failed to load weather data!
2025-06-29 20:59:37,520 - DEBUG - Traceback for failure in weather data
Traceback (most recent call last):
  File "/Users/ompatel/Downloads/RacinglinAi/.venv/lib/python3.11/site-packages/fastf1/logger.py", line 151, in __wrapped
    return func(*args, **kwargs)
           ^^^^^^^^^^^^^^^^^^^^^
  File "/Users/ompatel/Downloads/RacinglinAi/.venv/lib/python3.11/site-packages/fastf1/core.py", line 2442, in _load_weather_data
    weather_data = api.weather_data(self.api_path, livedata=livedata)
                   ^^^^^^^^^^^^^^^^^^^^^^^^^^^^^^^^^^^^^^^^^^^^^^^^^^
  File "/Users/ompatel/Downloads/RacinglinAi/.venv/lib/python3.11/site-packages/fastf1/req.py", line 479, in _cached_api_request
    data = func(api_path, **func_kwargs)
           ^^^^^^^^^^^^^^^^^^^^^^^^^^^^^
  File "/Users/ompatel/Downloads/RacinglinAi/.venv/lib/python3.11/site-packages/fastf1/_api.py", line 1613, in weather_data
    raise SessionNotAvailableError(
fastf1._api.SessionNotAvailableError: No data for this session! If this session only finished recently, please try again in a few minutes.
2025-06-29 20:59:37,521 - INFO - No cached data found for race_control_messages. Loading data...
2025-06-29 20:59:37,522 - INFO - Fetching race control messages...
2025-06-29 20:59:37,840 - DEBUG - Falling back to livetiming mirror (https://livetiming-mirror.fastf1.dev)
2025-06-29 20:59:38,036 - WARNING - Failed to load race control messages!
2025-06-29 20:59:38,037 - DEBUG - Traceback for failure in race control messages
Traceback (most recent call last):
  File "/Users/ompatel/Downloads/RacinglinAi/.venv/lib/python3.11/site-packages/fastf1/logger.py", line 151, in __wrapped
    return func(*args, **kwargs)
           ^^^^^^^^^^^^^^^^^^^^^
  File "/Users/ompatel/Downloads/RacinglinAi/.venv/lib/python3.11/site-packages/fastf1/core.py", line 2449, in _load_race_control_messages
    race_control_messages = api.race_control_messages(self.api_path,
                            ^^^^^^^^^^^^^^^^^^^^^^^^^^^^^^^^^^^^^^^^
  File "/Users/ompatel/Downloads/RacinglinAi/.venv/lib/python3.11/site-packages/fastf1/req.py", line 479, in _cached_api_request
    data = func(api_path, **func_kwargs)
           ^^^^^^^^^^^^^^^^^^^^^^^^^^^^^
  File "/Users/ompatel/Downloads/RacinglinAi/.venv/lib/python3.11/site-packages/fastf1/_api.py", line 1404, in race_control_messages
    raise SessionNotAvailableError(
fastf1._api.SessionNotAvailableError: No data for this session! If this session only finished recently, please try again in a few minutes.
2025-06-29 20:59:38,039 - INFO - Finished loading data for 0 drivers: []
2025-06-29 20:59:38,040 - ERROR - [PROCESS FAIL] las_vegas_grand_prix: The data you are trying to access has not been loaded yet. See `Session.load`
2025-06-29 20:59:38,061 - INFO - Loading data for Abu Dhabi Grand Prix - Race [v3.5.3]
2025-06-29 20:59:38,062 - INFO - No cached data found for session_info. Loading data...
2025-06-29 20:59:38,062 - INFO - Fetching session info data...
2025-06-29 20:59:38,415 - DEBUG - Falling back to livetiming mirror (https://livetiming-mirror.fastf1.dev)
2025-06-29 20:59:38,658 - WARNING - Failed to load session info data!
2025-06-29 20:59:38,659 - DEBUG - Traceback for failure in session info data
Traceback (most recent call last):
  File "/Users/ompatel/Downloads/RacinglinAi/.venv/lib/python3.11/site-packages/fastf1/logger.py", line 151, in __wrapped
    return func(*args, **kwargs)
           ^^^^^^^^^^^^^^^^^^^^^
  File "/Users/ompatel/Downloads/RacinglinAi/.venv/lib/python3.11/site-packages/fastf1/core.py", line 1470, in _load_session_info
    self._session_info = api.session_info(self.api_path,
                         ^^^^^^^^^^^^^^^^^^^^^^^^^^^^^^^
  File "/Users/ompatel/Downloads/RacinglinAi/.venv/lib/python3.11/site-packages/fastf1/req.py", line 479, in _cached_api_request
    data = func(api_path, **func_kwargs)
           ^^^^^^^^^^^^^^^^^^^^^^^^^^^^^
  File "/Users/ompatel/Downloads/RacinglinAi/.venv/lib/python3.11/site-packages/fastf1/_api.py", line 1687, in session_info
    raise SessionNotAvailableError(
fastf1._api.SessionNotAvailableError: No data for this session! If this session only finished recently, please try again in a few minutes.
2025-06-29 20:59:38,659 - INFO - No cached data found for driver_info. Loading data...
2025-06-29 20:59:38,660 - INFO - Fetching driver list...
2025-06-29 20:59:38,950 - DEBUG - Falling back to livetiming mirror (https://livetiming-mirror.fastf1.dev)
2025-06-29 20:59:39,155 - WARNING - Failed to load extended driver information!
2025-06-29 20:59:39,156 - DEBUG - Exception while loading driver list
Traceback (most recent call last):
  File "/Users/ompatel/Downloads/RacinglinAi/.venv/lib/python3.11/site-packages/fastf1/core.py", line 2291, in _drivers_from_f1_api
    f1di = api.driver_info(self.api_path, livedata=livedata)
           ^^^^^^^^^^^^^^^^^^^^^^^^^^^^^^^^^^^^^^^^^^^^^^^^^
  File "/Users/ompatel/Downloads/RacinglinAi/.venv/lib/python3.11/site-packages/fastf1/req.py", line 479, in _cached_api_request
    data = func(api_path, **func_kwargs)
           ^^^^^^^^^^^^^^^^^^^^^^^^^^^^^
  File "/Users/ompatel/Downloads/RacinglinAi/.venv/lib/python3.11/site-packages/fastf1/_api.py", line 1535, in driver_info
    raise SessionNotAvailableError(
fastf1._api.SessionNotAvailableError: No data for this session! If this session only finished recently, please try again in a few minutes.
2025-06-29 20:59:39,323 - WARNING - No result data for this session available on Ergast! (This is expected for recent sessions)
2025-06-29 20:59:39,324 - WARNING - Failed to load driver list and session results!
2025-06-29 20:59:39,338 - INFO - No cached data found for session_status_data. Loading data...
2025-06-29 20:59:39,338 - INFO - Fetching session status data...
2025-06-29 20:59:39,769 - DEBUG - Falling back to livetiming mirror (https://livetiming-mirror.fastf1.dev)
2025-06-29 20:59:39,982 - WARNING - Failed to load session status data!
2025-06-29 20:59:39,983 - DEBUG - Traceback for failure in session status data
Traceback (most recent call last):
  File "/Users/ompatel/Downloads/RacinglinAi/.venv/lib/python3.11/site-packages/fastf1/logger.py", line 151, in __wrapped
    return func(*args, **kwargs)
           ^^^^^^^^^^^^^^^^^^^^^
  File "/Users/ompatel/Downloads/RacinglinAi/.venv/lib/python3.11/site-packages/fastf1/core.py", line 2052, in _load_session_status_data
    session_status = api.session_status_data(self.api_path,
                     ^^^^^^^^^^^^^^^^^^^^^^^^^^^^^^^^^^^^^^
  File "/Users/ompatel/Downloads/RacinglinAi/.venv/lib/python3.11/site-packages/fastf1/req.py", line 479, in _cached_api_request
    data = func(api_path, **func_kwargs)
           ^^^^^^^^^^^^^^^^^^^^^^^^^^^^^
  File "/Users/ompatel/Downloads/RacinglinAi/.venv/lib/python3.11/site-packages/fastf1/_api.py", line 1333, in session_status_data
    raise SessionNotAvailableError(
fastf1._api.SessionNotAvailableError: No data for this session! If this session only finished recently, please try again in a few minutes.
2025-06-29 20:59:39,984 - INFO - No cached data found for lap_count. Loading data...
2025-06-29 20:59:39,985 - INFO - Fetching lap count data...
2025-06-29 20:59:40,311 - DEBUG - Falling back to livetiming mirror (https://livetiming-mirror.fastf1.dev)
2025-06-29 20:59:40,578 - WARNING - Failed to load total lap count!
2025-06-29 20:59:40,579 - DEBUG - Traceback for failure in total lap count
Traceback (most recent call last):
  File "/Users/ompatel/Downloads/RacinglinAi/.venv/lib/python3.11/site-packages/fastf1/logger.py", line 151, in __wrapped
    return func(*args, **kwargs)
           ^^^^^^^^^^^^^^^^^^^^^
  File "/Users/ompatel/Downloads/RacinglinAi/.venv/lib/python3.11/site-packages/fastf1/core.py", line 2034, in _load_total_lap_count
    lap_count = api.lap_count(self.api_path, livedata=livedata)
                ^^^^^^^^^^^^^^^^^^^^^^^^^^^^^^^^^^^^^^^^^^^^^^^
  File "/Users/ompatel/Downloads/RacinglinAi/.venv/lib/python3.11/site-packages/fastf1/req.py", line 479, in _cached_api_request
    data = func(api_path, **func_kwargs)
           ^^^^^^^^^^^^^^^^^^^^^^^^^^^^^
  File "/Users/ompatel/Downloads/RacinglinAi/.venv/lib/python3.11/site-packages/fastf1/_api.py", line 1476, in lap_count
    raise SessionNotAvailableError(
fastf1._api.SessionNotAvailableError: No data for this session! If this session only finished recently, please try again in a few minutes.
2025-06-29 20:59:40,580 - INFO - No cached data found for track_status_data. Loading data...
2025-06-29 20:59:40,581 - INFO - Fetching track status data...
2025-06-29 20:59:40,878 - DEBUG - Falling back to livetiming mirror (https://livetiming-mirror.fastf1.dev)
2025-06-29 20:59:41,084 - WARNING - Failed to load track status data!
2025-06-29 20:59:41,086 - DEBUG - Traceback for failure in track status data
Traceback (most recent call last):
  File "/Users/ompatel/Downloads/RacinglinAi/.venv/lib/python3.11/site-packages/fastf1/logger.py", line 151, in __wrapped
    return func(*args, **kwargs)
           ^^^^^^^^^^^^^^^^^^^^^
  File "/Users/ompatel/Downloads/RacinglinAi/.venv/lib/python3.11/site-packages/fastf1/core.py", line 2021, in _load_track_status_data
    track_status = api.track_status_data(self.api_path, livedata=livedata)
                   ^^^^^^^^^^^^^^^^^^^^^^^^^^^^^^^^^^^^^^^^^^^^^^^^^^^^^^^
  File "/Users/ompatel/Downloads/RacinglinAi/.venv/lib/python3.11/site-packages/fastf1/req.py", line 479, in _cached_api_request
    data = func(api_path, **func_kwargs)
           ^^^^^^^^^^^^^^^^^^^^^^^^^^^^^
  File "/Users/ompatel/Downloads/RacinglinAi/.venv/lib/python3.11/site-packages/fastf1/_api.py", line 1277, in track_status_data
    raise SessionNotAvailableError(
fastf1._api.SessionNotAvailableError: No data for this session! If this session only finished recently, please try again in a few minutes.
2025-06-29 20:59:41,087 - INFO - No cached data found for _extended_timing_data. Loading data...
2025-06-29 20:59:41,088 - INFO - Fetching timing data...
2025-06-29 20:59:41,401 - DEBUG - Falling back to livetiming mirror (https://livetiming-mirror.fastf1.dev)
2025-06-29 20:59:41,612 - WARNING - Failed to load timing data!
2025-06-29 20:59:41,614 - DEBUG - Traceback for failure in lap timing data
Traceback (most recent call last):
  File "/Users/ompatel/Downloads/RacinglinAi/.venv/lib/python3.11/site-packages/fastf1/logger.py", line 151, in __wrapped
    return func(*args, **kwargs)
           ^^^^^^^^^^^^^^^^^^^^^
  File "/Users/ompatel/Downloads/RacinglinAi/.venv/lib/python3.11/site-packages/fastf1/core.py", line 1476, in _load_laps_data
    = api._extended_timing_data(self.api_path, livedata=livedata)
      ^^^^^^^^^^^^^^^^^^^^^^^^^^^^^^^^^^^^^^^^^^^^^^^^^^^^^^^^^^^
  File "/Users/ompatel/Downloads/RacinglinAi/.venv/lib/python3.11/site-packages/fastf1/req.py", line 479, in _cached_api_request
    data = func(api_path, **func_kwargs)
           ^^^^^^^^^^^^^^^^^^^^^^^^^^^^^
  File "/Users/ompatel/Downloads/RacinglinAi/.venv/lib/python3.11/site-packages/fastf1/_api.py", line 200, in _extended_timing_data
    raise SessionNotAvailableError(
fastf1._api.SessionNotAvailableError: No data for this session! If this session only finished recently, please try again in a few minutes.
2025-06-29 20:59:41,770 - WARNING - Cannot load lap times for first lap from Ergast. Timing data is not available for this session.
2025-06-29 20:59:41,771 - INFO - No cached data found for car_data. Loading data...
2025-06-29 20:59:41,772 - INFO - Fetching car data...
2025-06-29 20:59:42,181 - DEBUG - Falling back to livetiming mirror (https://livetiming-mirror.fastf1.dev)
2025-06-29 20:59:42,394 - WARNING - Car telemetry data is unavailable!
2025-06-29 20:59:42,396 - INFO - No cached data found for position_data. Loading data...
2025-06-29 20:59:42,396 - INFO - Fetching position data...
2025-06-29 20:59:42,718 - DEBUG - Falling back to livetiming mirror (https://livetiming-mirror.fastf1.dev)
2025-06-29 20:59:42,952 - WARNING - Car position data is unavailable!
2025-06-29 20:59:42,953 - WARNING - Failed to determine `Session.t0_date`!
2025-06-29 20:59:42,953 - INFO - No cached data found for weather_data. Loading data...
2025-06-29 20:59:42,954 - INFO - Fetching weather data...
2025-06-29 20:59:43,113 - DEBUG - Falling back to livetiming mirror (https://livetiming-mirror.fastf1.dev)
2025-06-29 20:59:43,465 - WARNING - Failed to load weather data!
2025-06-29 20:59:43,466 - DEBUG - Traceback for failure in weather data
Traceback (most recent call last):
  File "/Users/ompatel/Downloads/RacinglinAi/.venv/lib/python3.11/site-packages/fastf1/logger.py", line 151, in __wrapped
    return func(*args, **kwargs)
           ^^^^^^^^^^^^^^^^^^^^^
  File "/Users/ompatel/Downloads/RacinglinAi/.venv/lib/python3.11/site-packages/fastf1/core.py", line 2442, in _load_weather_data
    weather_data = api.weather_data(self.api_path, livedata=livedata)
                   ^^^^^^^^^^^^^^^^^^^^^^^^^^^^^^^^^^^^^^^^^^^^^^^^^^
  File "/Users/ompatel/Downloads/RacinglinAi/.venv/lib/python3.11/site-packages/fastf1/req.py", line 479, in _cached_api_request
    data = func(api_path, **func_kwargs)
           ^^^^^^^^^^^^^^^^^^^^^^^^^^^^^
  File "/Users/ompatel/Downloads/RacinglinAi/.venv/lib/python3.11/site-packages/fastf1/_api.py", line 1613, in weather_data
    raise SessionNotAvailableError(
fastf1._api.SessionNotAvailableError: No data for this session! If this session only finished recently, please try again in a few minutes.
2025-06-29 20:59:43,467 - INFO - No cached data found for race_control_messages. Loading data...
2025-06-29 20:59:43,467 - INFO - Fetching race control messages...
2025-06-29 20:59:43,750 - DEBUG - Falling back to livetiming mirror (https://livetiming-mirror.fastf1.dev)
2025-06-29 20:59:44,009 - WARNING - Failed to load race control messages!
2025-06-29 20:59:44,011 - DEBUG - Traceback for failure in race control messages
Traceback (most recent call last):
  File "/Users/ompatel/Downloads/RacinglinAi/.venv/lib/python3.11/site-packages/fastf1/logger.py", line 151, in __wrapped
    return func(*args, **kwargs)
           ^^^^^^^^^^^^^^^^^^^^^
  File "/Users/ompatel/Downloads/RacinglinAi/.venv/lib/python3.11/site-packages/fastf1/core.py", line 2449, in _load_race_control_messages
    race_control_messages = api.race_control_messages(self.api_path,
                            ^^^^^^^^^^^^^^^^^^^^^^^^^^^^^^^^^^^^^^^^
  File "/Users/ompatel/Downloads/RacinglinAi/.venv/lib/python3.11/site-packages/fastf1/req.py", line 479, in _cached_api_request
    data = func(api_path, **func_kwargs)
           ^^^^^^^^^^^^^^^^^^^^^^^^^^^^^
  File "/Users/ompatel/Downloads/RacinglinAi/.venv/lib/python3.11/site-packages/fastf1/_api.py", line 1404, in race_control_messages
    raise SessionNotAvailableError(
fastf1._api.SessionNotAvailableError: No data for this session! If this session only finished recently, please try again in a few minutes.
2025-06-29 20:59:44,013 - INFO - Finished loading data for 0 drivers: []
2025-06-29 20:59:44,013 - ERROR - [PROCESS FAIL] abu_dhabi_grand_prix: The data you are trying to access has not been loaded yet. See `Session.load`
2025-10-26 11:09:39,584 - INFO - Loading data for Australian Grand Prix - Race [v3.5.3]
2025-10-26 11:09:39,585 - INFO - Using cached data for session_info
2025-10-26 11:09:39,585 - INFO - Using cached data for driver_info
2025-10-26 11:09:40,264 - INFO - Using cached data for session_status_data
2025-10-26 11:09:40,265 - INFO - Using cached data for lap_count
2025-10-26 11:09:40,266 - INFO - Using cached data for track_status_data
2025-10-26 11:09:40,274 - INFO - Using cached data for _extended_timing_data
2025-10-26 11:09:40,276 - INFO - Using cached data for timing_app_data
2025-10-26 11:09:40,276 - INFO - Processing timing data...
2025-10-26 11:09:41,156 - INFO - Using cached data for car_data
2025-10-26 11:09:41,284 - INFO - Using cached data for position_data
2025-10-26 11:09:42,521 - INFO - Using cached data for weather_data
2025-10-26 11:09:42,522 - INFO - Using cached data for race_control_messages
2025-10-26 11:09:42,525 - WARNING - Driver 4 completed the race distance 00:00.022000 before the recorded end of the session.
2025-10-26 11:09:42,580 - INFO - Finished loading data for 20 drivers: ['4', '1', '63', '12', '23', '18', '27', '16', '81', '44', '10', '22', '31', '87', '30', '5', '14', '55', '7', '6']
2025-10-26 11:09:45,099 - INFO - [EXPORT OK] australian_grand_prix
2025-10-26 11:09:45,109 - INFO - Loading data for Japanese Grand Prix - Race [v3.5.3]
2025-10-26 11:09:45,110 - INFO - Using cached data for session_info
2025-10-26 11:09:45,114 - INFO - Using cached data for driver_info
2025-10-26 11:09:45,319 - INFO - Using cached data for session_status_data
2025-10-26 11:09:45,320 - INFO - Using cached data for lap_count
2025-10-26 11:09:45,321 - INFO - Using cached data for track_status_data
2025-10-26 11:09:45,339 - INFO - Using cached data for _extended_timing_data
2025-10-26 11:09:45,345 - INFO - Using cached data for timing_app_data
2025-10-26 11:09:45,346 - INFO - Processing timing data...
2025-10-26 11:09:46,055 - INFO - Using cached data for car_data
2025-10-26 11:09:46,114 - INFO - Using cached data for position_data
2025-10-26 11:09:46,993 - INFO - Using cached data for weather_data
2025-10-26 11:09:46,995 - INFO - Using cached data for race_control_messages
2025-10-26 11:09:47,016 - INFO - Finished loading data for 20 drivers: ['1', '4', '81', '16', '63', '12', '44', '6', '23', '87', '14', '22', '10', '55', '7', '27', '30', '31', '5', '18']
2025-10-26 11:09:47,684 - INFO - [EXPORT OK] japanese_grand_prix
2025-10-26 11:09:47,692 - INFO - Loading data for Bahrain Grand Prix - Race [v3.5.3]
2025-10-26 11:09:47,693 - INFO - Using cached data for session_info
2025-10-26 11:09:47,694 - INFO - Using cached data for driver_info
2025-10-26 11:09:47,892 - INFO - Using cached data for session_status_data
2025-10-26 11:09:47,894 - INFO - Using cached data for lap_count
2025-10-26 11:09:47,895 - INFO - Using cached data for track_status_data
2025-10-26 11:09:47,901 - INFO - Using cached data for _extended_timing_data
2025-10-26 11:09:47,905 - INFO - Using cached data for timing_app_data
2025-10-26 11:09:47,905 - INFO - Processing timing data...
2025-10-26 11:09:48,271 - WARNING - Driver 63: Lap timing integrity check failed for 3 lap(s)
2025-10-26 11:09:48,603 - INFO - Using cached data for car_data
2025-10-26 11:09:48,731 - INFO - Using cached data for position_data
2025-10-26 11:09:49,848 - INFO - Using cached data for weather_data
2025-10-26 11:09:49,849 - INFO - Using cached data for race_control_messages
2025-10-26 11:09:49,885 - INFO - Finished loading data for 20 drivers: ['81', '63', '4', '16', '44', '1', '10', '31', '22', '87', '12', '23', '6', '7', '14', '30', '18', '5', '55', '27']
2025-10-26 11:09:50,678 - INFO - [EXPORT OK] bahrain_grand_prix
2025-10-26 11:09:50,688 - INFO - Loading data for Saudi Arabian Grand Prix - Race [v3.5.3]
2025-10-26 11:09:50,689 - INFO - Using cached data for session_info
2025-10-26 11:09:50,689 - INFO - Using cached data for driver_info
2025-10-26 11:09:50,873 - INFO - Using cached data for session_status_data
2025-10-26 11:09:50,874 - INFO - Using cached data for lap_count
2025-10-26 11:09:50,874 - INFO - Using cached data for track_status_data
2025-10-26 11:09:50,879 - INFO - Using cached data for _extended_timing_data
2025-10-26 11:09:50,881 - INFO - Using cached data for timing_app_data
2025-10-26 11:09:50,882 - INFO - Processing timing data...
2025-10-26 11:09:51,488 - INFO - Using cached data for car_data
2025-10-26 11:09:51,570 - INFO - Using cached data for position_data
2025-10-26 11:09:52,530 - INFO - Using cached data for weather_data
2025-10-26 11:09:52,532 - INFO - Using cached data for race_control_messages
2025-10-26 11:09:52,555 - INFO - Finished loading data for 20 drivers: ['81', '1', '16', '4', '63', '12', '44', '55', '23', '6', '14', '30', '87', '31', '27', '18', '7', '5', '22', '10']
2025-10-26 11:09:53,255 - INFO - [EXPORT OK] saudi_arabian_grand_prix
2025-10-26 11:09:53,262 - INFO - Loading data for Emilia Romagna Grand Prix - Race [v3.5.3]
2025-10-26 11:09:53,263 - INFO - Using cached data for session_info
2025-10-26 11:09:53,264 - INFO - Using cached data for driver_info
2025-10-26 11:09:53,452 - INFO - Using cached data for session_status_data
2025-10-26 11:09:53,453 - INFO - Using cached data for lap_count
2025-10-26 11:09:53,454 - INFO - Using cached data for track_status_data
2025-10-26 11:09:53,460 - INFO - Using cached data for _extended_timing_data
2025-10-26 11:09:53,461 - INFO - Using cached data for timing_app_data
2025-10-26 11:09:53,461 - INFO - Processing timing data...
2025-10-26 11:09:54,130 - INFO - Using cached data for car_data
2025-10-26 11:09:54,191 - INFO - Using cached data for position_data
2025-10-26 11:09:55,112 - INFO - Using cached data for weather_data
2025-10-26 11:09:55,113 - INFO - Using cached data for race_control_messages
2025-10-26 11:09:55,144 - INFO - Finished loading data for 20 drivers: ['1', '4', '81', '44', '23', '16', '63', '55', '6', '22', '14', '27', '10', '30', '18', '43', '87', '5', '12', '31']
2025-10-26 11:09:55,868 - INFO - [EXPORT OK] emilia_romagna_grand_prix
2025-10-26 11:09:55,876 - INFO - Loading data for Monaco Grand Prix - Race [v3.5.3]
2025-10-26 11:09:55,877 - INFO - Using cached data for session_info
2025-10-26 11:09:55,877 - INFO - Using cached data for driver_info
2025-10-26 11:09:56,070 - INFO - Using cached data for session_status_data
2025-10-26 11:09:56,071 - INFO - Using cached data for lap_count
2025-10-26 11:09:56,072 - INFO - Using cached data for track_status_data
2025-10-26 11:09:56,080 - INFO - Using cached data for _extended_timing_data
2025-10-26 11:09:56,081 - INFO - Using cached data for timing_app_data
2025-10-26 11:09:56,082 - INFO - Processing timing data...
2025-10-26 11:09:56,871 - INFO - Using cached data for car_data
2025-10-26 11:09:56,935 - INFO - Using cached data for position_data
2025-10-26 11:09:58,010 - INFO - Using cached data for weather_data
2025-10-26 11:09:58,018 - INFO - Using cached data for race_control_messages
2025-10-26 11:09:58,057 - INFO - Finished loading data for 20 drivers: ['4', '16', '81', '1', '44', '6', '31', '30', '23', '55', '63', '87', '43', '5', '18', '27', '22', '12', '14', '10']
2025-10-26 11:09:58,727 - INFO - [EXPORT OK] monaco_grand_prix
2025-10-26 11:09:58,735 - INFO - Loading data for Spanish Grand Prix - Race [v3.5.3]
2025-10-26 11:09:58,736 - INFO - Using cached data for session_info
2025-10-26 11:09:58,737 - INFO - Using cached data for driver_info
2025-10-26 11:09:58,935 - INFO - Using cached data for session_status_data
2025-10-26 11:09:58,935 - INFO - Using cached data for lap_count
2025-10-26 11:09:58,937 - INFO - Using cached data for track_status_data
2025-10-26 11:09:58,941 - INFO - Using cached data for _extended_timing_data
2025-10-26 11:09:58,945 - INFO - Using cached data for timing_app_data
2025-10-26 11:09:58,945 - INFO - Processing timing data...
2025-10-26 11:09:59,627 - INFO - Using cached data for car_data
2025-10-26 11:09:59,705 - INFO - Using cached data for position_data
2025-10-26 11:10:00,777 - INFO - Using cached data for weather_data
2025-10-26 11:10:00,779 - INFO - Using cached data for race_control_messages
2025-10-26 11:10:00,815 - INFO - Finished loading data for 19 drivers: ['81', '4', '16', '63', '27', '44', '6', '10', '14', '1', '30', '5', '22', '55', '43', '31', '87', '12', '23']
2025-10-26 11:10:01,331 - INFO - [EXPORT OK] spanish_grand_prix
2025-10-26 11:10:01,338 - INFO - Loading data for Canadian Grand Prix - Race [v3.5.3]
2025-10-26 11:10:01,339 - INFO - Using cached data for session_info
2025-10-26 11:10:01,340 - INFO - Using cached data for driver_info
2025-10-26 11:10:01,515 - DEBUG - Failed to parse timestamp '-1:52:09.782' in Ergastresponse.
2025-10-26 11:10:01,525 - INFO - Using cached data for session_status_data
2025-10-26 11:10:01,526 - INFO - Using cached data for lap_count
2025-10-26 11:10:01,528 - INFO - Using cached data for track_status_data
2025-10-26 11:10:01,534 - INFO - Using cached data for _extended_timing_data
2025-10-26 11:10:01,535 - INFO - Using cached data for timing_app_data
2025-10-26 11:10:01,535 - INFO - Processing timing data...
2025-10-26 11:10:02,354 - INFO - Using cached data for car_data
2025-10-26 11:10:02,450 - INFO - Using cached data for position_data
2025-10-26 11:10:03,509 - INFO - Using cached data for weather_data
2025-10-26 11:10:03,511 - INFO - Using cached data for race_control_messages
2025-10-26 11:10:03,548 - INFO - Finished loading data for 20 drivers: ['63', '1', '12', '81', '16', '44', '14', '27', '31', '55', '87', '22', '43', '5', '10', '6', '18', '4', '30', '23']
2025-10-26 11:10:04,253 - INFO - [EXPORT OK] canadian_grand_prix
2025-10-26 11:10:04,260 - INFO - Loading data for Austrian Grand Prix - Race [v3.5.3]
2025-10-26 11:10:04,261 - INFO - Using cached data for session_info
2025-10-26 11:10:04,262 - INFO - Using cached data for driver_info
2025-10-26 11:10:04,438 - INFO - Using cached data for session_status_data
2025-10-26 11:10:04,439 - INFO - Using cached data for lap_count
2025-10-26 11:10:04,440 - INFO - Using cached data for track_status_data
2025-10-26 11:10:04,446 - INFO - Using cached data for _extended_timing_data
2025-10-26 11:10:04,447 - INFO - Using cached data for timing_app_data
2025-10-26 11:10:04,448 - INFO - Processing timing data...
2025-10-26 11:10:05,147 - INFO - Using cached data for car_data
2025-10-26 11:10:05,246 - INFO - Using cached data for position_data
2025-10-26 11:10:06,265 - INFO - Using cached data for weather_data
2025-10-26 11:10:06,267 - INFO - Using cached data for race_control_messages
2025-10-26 11:10:06,292 - INFO - Finished loading data for 20 drivers: ['4', '81', '16', '44', '63', '30', '14', '5', '27', '31', '87', '6', '10', '18', '43', '22', '23', '1', '12', '55']
2025-10-26 11:10:07,005 - INFO - [EXPORT OK] austrian_grand_prix
2025-10-26 11:10:07,013 - INFO - Loading data for British Grand Prix - Race [v3.5.3]
2025-10-26 11:10:07,013 - INFO - No cached data found for session_info. Loading data...
2025-10-26 11:10:07,013 - INFO - Fetching session info data...
2025-10-26 11:10:07,652 - INFO - Data has been written to cache!
2025-10-26 11:10:07,653 - INFO - No cached data found for driver_info. Loading data...
2025-10-26 11:10:07,653 - INFO - Fetching driver list...
2025-10-26 11:10:08,154 - INFO - Data has been written to cache!
2025-10-26 11:10:08,341 - INFO - No cached data found for session_status_data. Loading data...
2025-10-26 11:10:08,341 - INFO - Fetching session status data...
2025-10-26 11:10:08,903 - INFO - Data has been written to cache!
2025-10-26 11:10:08,905 - INFO - No cached data found for lap_count. Loading data...
2025-10-26 11:10:08,905 - INFO - Fetching lap count data...
2025-10-26 11:10:09,404 - INFO - Data has been written to cache!
2025-10-26 11:10:09,405 - INFO - No cached data found for track_status_data. Loading data...
2025-10-26 11:10:09,406 - INFO - Fetching track status data...
2025-10-26 11:10:09,916 - INFO - Data has been written to cache!
2025-10-26 11:10:09,918 - INFO - No cached data found for _extended_timing_data. Loading data...
2025-10-26 11:10:09,919 - INFO - Fetching timing data...
2025-10-26 11:10:11,763 - INFO - Parsing timing data...
2025-10-26 11:10:12,356 - INFO - Data has been written to cache!
2025-10-26 11:10:12,358 - INFO - No cached data found for timing_app_data. Loading data...
2025-10-26 11:10:12,358 - INFO - Fetching timing app data...
2025-10-26 11:10:12,908 - INFO - Data has been written to cache!
2025-10-26 11:10:12,909 - INFO - Processing timing data...
2025-10-26 11:10:13,730 - INFO - No cached data found for car_data. Loading data...
2025-10-26 11:10:13,731 - INFO - Fetching car data...
2025-10-26 11:10:15,374 - INFO - Parsing car data...
2025-10-26 11:10:17,496 - INFO - Data has been written to cache!
2025-10-26 11:10:17,498 - INFO - No cached data found for position_data. Loading data...
2025-10-26 11:10:17,498 - INFO - Fetching position data...
2025-10-26 11:10:18,255 - INFO - Parsing position data...
2025-10-26 11:10:20,310 - WARNING - Driver 30: Position data is incomplete!
2025-10-26 11:10:20,317 - WARNING - Driver 31: Position data is incomplete!
2025-10-26 11:10:20,323 - WARNING - Driver  2: Position data is incomplete!
2025-10-26 11:10:20,330 - WARNING - Driver  3: Position data is incomplete!
2025-10-26 11:10:20,336 - WARNING - Driver  7: Position data is incomplete!
2025-10-26 11:10:20,342 - WARNING - Driver  8: Position data is incomplete!
2025-10-26 11:10:20,348 - WARNING - Driver  9: Position data is incomplete!
2025-10-26 11:10:20,353 - WARNING - Driver 11: Position data is incomplete!
2025-10-26 11:10:20,361 - WARNING - Driver 15: Position data is incomplete!
2025-10-26 11:10:20,368 - WARNING - Driver 17: Position data is incomplete!
2025-10-26 11:10:20,374 - WARNING - Driver 19: Position data is incomplete!
2025-10-26 11:10:20,379 - WARNING - Driver 20: Position data is incomplete!
2025-10-26 11:10:20,385 - WARNING - Driver 21: Position data is incomplete!
2025-10-26 11:10:20,390 - WARNING - Driver 24: Position data is incomplete!
2025-10-26 11:10:20,396 - WARNING - Driver 25: Position data is incomplete!
2025-10-26 11:10:20,401 - WARNING - Driver 26: Position data is incomplete!
2025-10-26 11:10:20,413 - WARNING - Driver 28: Position data is incomplete!
2025-10-26 11:10:20,419 - WARNING - Driver 29: Position data is incomplete!
2025-10-26 11:10:20,425 - WARNING - Driver 43: Position data is incomplete!
2025-10-26 11:10:20,432 - WARNING - Driver 44: Position data is incomplete!
2025-10-26 11:10:20,438 - WARNING - Driver 55: Position data is incomplete!
2025-10-26 11:10:20,444 - WARNING - Driver 63: Position data is incomplete!
2025-10-26 11:10:20,451 - WARNING - Driver 81: Position data is incomplete!
2025-10-26 11:10:20,457 - WARNING - Driver 87: Position data is incomplete!
2025-10-26 11:10:20,463 - WARNING - Driver 241: Position data is incomplete!
2025-10-26 11:10:20,468 - WARNING - Driver 242: Position data is incomplete!
2025-10-26 11:10:20,474 - WARNING - Driver 243: Position data is incomplete!
2025-10-26 11:10:20,776 - INFO - Data has been written to cache!
2025-10-26 11:10:21,877 - INFO - No cached data found for weather_data. Loading data...
2025-10-26 11:10:21,878 - INFO - Fetching weather data...
2025-10-26 11:10:22,386 - INFO - Data has been written to cache!
2025-10-26 11:10:22,388 - INFO - No cached data found for race_control_messages. Loading data...
2025-10-26 11:10:22,389 - INFO - Fetching race control messages...
2025-10-26 11:10:23,055 - INFO - Data has been written to cache!
2025-10-26 11:10:23,146 - INFO - Finished loading data for 20 drivers: ['4', '81', '27', '44', '1', '10', '18', '23', '14', '63', '87', '55', '31', '16', '22', '12', '6', '5', '30', '43']
2025-10-26 11:10:23,793 - INFO - [EXPORT OK] british_grand_prix
2025-10-26 11:10:23,801 - INFO - Loading data for Hungarian Grand Prix - Race [v3.5.3]
2025-10-26 11:10:23,802 - INFO - No cached data found for session_info. Loading data...
2025-10-26 11:10:23,802 - INFO - Fetching session info data...
2025-10-26 11:10:24,277 - INFO - Data has been written to cache!
2025-10-26 11:10:24,278 - INFO - No cached data found for driver_info. Loading data...
2025-10-26 11:10:24,278 - INFO - Fetching driver list...
2025-10-26 11:10:24,770 - INFO - Data has been written to cache!
2025-10-26 11:10:24,947 - INFO - No cached data found for session_status_data. Loading data...
2025-10-26 11:10:24,947 - INFO - Fetching session status data...
2025-10-26 11:10:25,532 - INFO - Data has been written to cache!
2025-10-26 11:10:25,534 - INFO - No cached data found for lap_count. Loading data...
2025-10-26 11:10:25,535 - INFO - Fetching lap count data...
2025-10-26 11:10:26,034 - INFO - Data has been written to cache!
2025-10-26 11:10:26,034 - INFO - No cached data found for track_status_data. Loading data...
2025-10-26 11:10:26,035 - INFO - Fetching track status data...
2025-10-26 11:10:26,515 - INFO - Data has been written to cache!
2025-10-26 11:10:26,516 - INFO - No cached data found for _extended_timing_data. Loading data...
2025-10-26 11:10:26,517 - INFO - Fetching timing data...
2025-10-26 11:10:28,560 - INFO - Parsing timing data...
2025-10-26 11:10:29,250 - INFO - Data has been written to cache!
2025-10-26 11:10:29,251 - INFO - No cached data found for timing_app_data. Loading data...
2025-10-26 11:10:29,251 - INFO - Fetching timing app data...
2025-10-26 11:10:30,081 - INFO - Data has been written to cache!
2025-10-26 11:10:30,083 - INFO - Processing timing data...
2025-10-26 11:10:30,828 - INFO - No cached data found for car_data. Loading data...
2025-10-26 11:10:30,829 - INFO - Fetching car data...
2025-10-26 11:10:31,670 - INFO - Parsing car data...
2025-10-26 11:10:33,784 - INFO - Data has been written to cache!
2025-10-26 11:10:33,785 - INFO - No cached data found for position_data. Loading data...
2025-10-26 11:10:33,785 - INFO - Fetching position data...
2025-10-26 11:10:34,552 - INFO - Parsing position data...
2025-10-26 11:10:36,784 - INFO - Data has been written to cache!
2025-10-26 11:10:37,775 - INFO - No cached data found for weather_data. Loading data...
2025-10-26 11:10:37,776 - INFO - Fetching weather data...
2025-10-26 11:10:38,319 - INFO - Data has been written to cache!
2025-10-26 11:10:38,321 - INFO - No cached data found for race_control_messages. Loading data...
2025-10-26 11:10:38,322 - INFO - Fetching race control messages...
2025-10-26 11:10:38,838 - INFO - Data has been written to cache!
2025-10-26 11:10:38,873 - INFO - Finished loading data for 20 drivers: ['4', '81', '63', '16', '14', '5', '18', '30', '1', '12', '6', '44', '27', '55', '23', '31', '22', '43', '10', '87']
2025-10-26 11:10:39,627 - INFO - [EXPORT OK] hungarian_grand_prix
2025-10-26 11:10:39,635 - INFO - Loading data for Dutch Grand Prix - Race [v3.5.3]
2025-10-26 11:10:39,636 - INFO - No cached data found for session_info. Loading data...
2025-10-26 11:10:39,636 - INFO - Fetching session info data...
2025-10-26 11:10:40,132 - INFO - Data has been written to cache!
2025-10-26 11:10:40,133 - INFO - No cached data found for driver_info. Loading data...
2025-10-26 11:10:40,133 - INFO - Fetching driver list...
2025-10-26 11:10:40,637 - INFO - Data has been written to cache!
2025-10-26 11:10:40,815 - DEBUG - Failed to parse timestamp '-1:47:38.638' in Ergastresponse.
2025-10-26 11:10:40,830 - INFO - No cached data found for session_status_data. Loading data...
2025-10-26 11:10:40,831 - INFO - Fetching session status data...
2025-10-26 11:10:41,373 - INFO - Data has been written to cache!
2025-10-26 11:10:41,374 - INFO - No cached data found for lap_count. Loading data...
2025-10-26 11:10:41,374 - INFO - Fetching lap count data...
2025-10-26 11:10:41,873 - INFO - Data has been written to cache!
2025-10-26 11:10:41,874 - INFO - No cached data found for track_status_data. Loading data...
2025-10-26 11:10:41,874 - INFO - Fetching track status data...
2025-10-26 11:10:42,380 - INFO - Data has been written to cache!
2025-10-26 11:10:42,382 - INFO - No cached data found for _extended_timing_data. Loading data...
2025-10-26 11:10:42,383 - INFO - Fetching timing data...
2025-10-26 11:10:44,575 - INFO - Parsing timing data...
2025-10-26 11:10:45,228 - INFO - Data has been written to cache!
2025-10-26 11:10:45,229 - INFO - No cached data found for timing_app_data. Loading data...
2025-10-26 11:10:45,229 - INFO - Fetching timing app data...
2025-10-26 11:10:45,773 - INFO - Data has been written to cache!
2025-10-26 11:10:45,773 - INFO - Processing timing data...
2025-10-26 11:10:46,420 - INFO - No cached data found for car_data. Loading data...
2025-10-26 11:10:46,421 - INFO - Fetching car data...
2025-10-26 11:10:48,148 - INFO - Parsing car data...
2025-10-26 11:10:50,123 - INFO - Data has been written to cache!
2025-10-26 11:10:50,123 - INFO - No cached data found for position_data. Loading data...
2025-10-26 11:10:50,124 - INFO - Fetching position data...
2025-10-26 11:10:50,875 - INFO - Parsing position data...
2025-10-26 11:10:53,117 - WARNING - Driver 241: Position data is incomplete!
2025-10-26 11:10:53,126 - WARNING - Driver 242: Position data is incomplete!
2025-10-26 11:10:53,132 - WARNING - Driver 243: Position data is incomplete!
2025-10-26 11:10:53,299 - INFO - Data has been written to cache!
2025-10-26 11:10:54,335 - INFO - No cached data found for weather_data. Loading data...
2025-10-26 11:10:54,335 - INFO - Fetching weather data...
2025-10-26 11:10:54,855 - INFO - Data has been written to cache!
2025-10-26 11:10:54,857 - INFO - No cached data found for race_control_messages. Loading data...
2025-10-26 11:10:54,857 - INFO - Fetching race control messages...
2025-10-26 11:10:55,356 - INFO - Data has been written to cache!
2025-10-26 11:10:55,416 - INFO - Finished loading data for 20 drivers: ['81', '1', '6', '63', '23', '87', '18', '14', '22', '31', '43', '30', '55', '27', '5', '12', '10', '4', '16', '44']
2025-10-26 11:10:56,078 - INFO - [EXPORT OK] dutch_grand_prix
2025-10-26 11:10:56,085 - INFO - Loading data for Italian Grand Prix - Race [v3.5.3]
2025-10-26 11:10:56,085 - INFO - No cached data found for session_info. Loading data...
2025-10-26 11:10:56,086 - INFO - Fetching session info data...
2025-10-26 11:10:56,577 - INFO - Data has been written to cache!
2025-10-26 11:10:56,579 - INFO - No cached data found for driver_info. Loading data...
2025-10-26 11:10:56,579 - INFO - Fetching driver list...
2025-10-26 11:10:57,096 - INFO - Data has been written to cache!
2025-10-26 11:10:57,346 - INFO - No cached data found for session_status_data. Loading data...
2025-10-26 11:10:57,347 - INFO - Fetching session status data...
2025-10-26 11:10:57,903 - INFO - Data has been written to cache!
2025-10-26 11:10:57,905 - INFO - No cached data found for lap_count. Loading data...
2025-10-26 11:10:57,906 - INFO - Fetching lap count data...
2025-10-26 11:10:58,425 - INFO - Data has been written to cache!
2025-10-26 11:10:58,426 - INFO - No cached data found for track_status_data. Loading data...
2025-10-26 11:10:58,427 - INFO - Fetching track status data...
2025-10-26 11:10:58,903 - INFO - Data has been written to cache!
2025-10-26 11:10:58,906 - INFO - No cached data found for _extended_timing_data. Loading data...
2025-10-26 11:10:58,907 - INFO - Fetching timing data...
2025-10-26 11:11:00,836 - INFO - Parsing timing data...
2025-10-26 11:11:01,281 - INFO - Data has been written to cache!
2025-10-26 11:11:01,282 - INFO - No cached data found for timing_app_data. Loading data...
2025-10-26 11:11:01,282 - INFO - Fetching timing app data...
2025-10-26 11:11:02,162 - INFO - Data has been written to cache!
2025-10-26 11:11:02,162 - INFO - Processing timing data...
2025-10-26 11:11:02,717 - INFO - No cached data found for car_data. Loading data...
2025-10-26 11:11:02,718 - INFO - Fetching car data...
2025-10-26 11:11:03,503 - INFO - Parsing car data...
2025-10-26 11:11:05,209 - INFO - Data has been written to cache!
2025-10-26 11:11:05,210 - INFO - No cached data found for position_data. Loading data...
2025-10-26 11:11:05,210 - INFO - Fetching position data...
2025-10-26 11:11:05,958 - INFO - Parsing position data...
2025-10-26 11:11:07,668 - INFO - Data has been written to cache!
2025-10-26 11:11:08,547 - INFO - No cached data found for weather_data. Loading data...
2025-10-26 11:11:08,547 - INFO - Fetching weather data...
2025-10-26 11:11:09,060 - INFO - Data has been written to cache!
2025-10-26 11:11:09,062 - INFO - No cached data found for race_control_messages. Loading data...
2025-10-26 11:11:09,063 - INFO - Fetching race control messages...
2025-10-26 11:11:09,591 - INFO - Data has been written to cache!
2025-10-26 11:11:09,632 - INFO - Finished loading data for 20 drivers: ['1', '4', '81', '16', '63', '44', '23', '5', '12', '6', '55', '87', '22', '30', '31', '10', '43', '18', '14', '27']
2025-10-26 11:11:10,288 - INFO - [EXPORT OK] italian_grand_prix
2025-10-26 11:11:10,296 - INFO - Loading data for Azerbaijan Grand Prix - Race [v3.5.3]
2025-10-26 11:11:10,296 - INFO - No cached data found for session_info. Loading data...
2025-10-26 11:11:10,296 - INFO - Fetching session info data...
2025-10-26 11:11:10,794 - INFO - Data has been written to cache!
2025-10-26 11:11:10,794 - INFO - No cached data found for driver_info. Loading data...
2025-10-26 11:11:10,795 - INFO - Fetching driver list...
2025-10-26 11:11:11,284 - INFO - Data has been written to cache!
2025-10-26 11:11:11,480 - INFO - No cached data found for session_status_data. Loading data...
2025-10-26 11:11:11,480 - INFO - Fetching session status data...
2025-10-26 11:11:12,047 - INFO - Data has been written to cache!
2025-10-26 11:11:12,049 - INFO - No cached data found for lap_count. Loading data...
2025-10-26 11:11:12,050 - INFO - Fetching lap count data...
2025-10-26 11:11:12,572 - INFO - Data has been written to cache!
2025-10-26 11:11:12,573 - INFO - No cached data found for track_status_data. Loading data...
2025-10-26 11:11:12,574 - INFO - Fetching track status data...
2025-10-26 11:11:13,096 - INFO - Data has been written to cache!
2025-10-26 11:11:13,098 - INFO - No cached data found for _extended_timing_data. Loading data...
2025-10-26 11:11:13,099 - INFO - Fetching timing data...
2025-10-26 11:11:14,159 - INFO - Parsing timing data...
2025-10-26 11:11:14,778 - INFO - Data has been written to cache!
2025-10-26 11:11:14,778 - INFO - No cached data found for timing_app_data. Loading data...
2025-10-26 11:11:14,779 - INFO - Fetching timing app data...
2025-10-26 11:11:15,311 - INFO - Data has been written to cache!
2025-10-26 11:11:15,311 - INFO - Processing timing data...
2025-10-26 11:11:15,879 - INFO - No cached data found for car_data. Loading data...
2025-10-26 11:11:15,880 - INFO - Fetching car data...
2025-10-26 11:11:16,714 - INFO - Parsing car data...
2025-10-26 11:11:18,767 - INFO - Data has been written to cache!
2025-10-26 11:11:18,768 - INFO - No cached data found for position_data. Loading data...
2025-10-26 11:11:18,769 - INFO - Fetching position data...
2025-10-26 11:11:19,578 - INFO - Parsing position data...
2025-10-26 11:11:21,493 - WARNING - Driver  2: Position data is incomplete!
2025-10-26 11:11:21,498 - WARNING - Driver  3: Position data is incomplete!
2025-10-26 11:11:21,504 - WARNING - Driver  7: Position data is incomplete!
2025-10-26 11:11:21,509 - WARNING - Driver  8: Position data is incomplete!
2025-10-26 11:11:21,515 - WARNING - Driver  9: Position data is incomplete!
2025-10-26 11:11:21,520 - WARNING - Driver 11: Position data is incomplete!
2025-10-26 11:11:21,525 - WARNING - Driver 15: Position data is incomplete!
2025-10-26 11:11:21,530 - WARNING - Driver 17: Position data is incomplete!
2025-10-26 11:11:21,535 - WARNING - Driver 19: Position data is incomplete!
2025-10-26 11:11:21,541 - WARNING - Driver 20: Position data is incomplete!
2025-10-26 11:11:21,547 - WARNING - Driver 21: Position data is incomplete!
2025-10-26 11:11:21,552 - WARNING - Driver 24: Position data is incomplete!
2025-10-26 11:11:21,558 - WARNING - Driver 25: Position data is incomplete!
2025-10-26 11:11:21,563 - WARNING - Driver 26: Position data is incomplete!
2025-10-26 11:11:21,568 - WARNING - Driver 28: Position data is incomplete!
2025-10-26 11:11:21,574 - WARNING - Driver 29: Position data is incomplete!
2025-10-26 11:11:21,580 - WARNING - Driver 30: Position data is incomplete!
2025-10-26 11:11:21,586 - WARNING - Driver 31: Position data is incomplete!
2025-10-26 11:11:21,592 - WARNING - Driver 43: Position data is incomplete!
2025-10-26 11:11:21,598 - WARNING - Driver 44: Position data is incomplete!
2025-10-26 11:11:21,604 - WARNING - Driver 55: Position data is incomplete!
2025-10-26 11:11:21,611 - WARNING - Driver 63: Position data is incomplete!
2025-10-26 11:11:21,617 - WARNING - Driver 81: Position data is incomplete!
2025-10-26 11:11:21,622 - WARNING - Driver 87: Position data is incomplete!
2025-10-26 11:11:21,628 - WARNING - Driver 241: Position data is incomplete!
2025-10-26 11:11:21,633 - WARNING - Driver 242: Position data is incomplete!
2025-10-26 11:11:21,638 - WARNING - Driver 243: Position data is incomplete!
2025-10-26 11:11:21,891 - INFO - Data has been written to cache!
2025-10-26 11:11:22,990 - INFO - No cached data found for weather_data. Loading data...
2025-10-26 11:11:22,991 - INFO - Fetching weather data...
2025-10-26 11:11:23,517 - INFO - Data has been written to cache!
2025-10-26 11:11:23,518 - INFO - No cached data found for race_control_messages. Loading data...
2025-10-26 11:11:23,518 - INFO - Fetching race control messages...
2025-10-26 11:11:24,031 - INFO - Data has been written to cache!
2025-10-26 11:11:24,037 - WARNING - Driver 1 completed the race distance 00:00.015000 before the recorded end of the session.
2025-10-26 11:11:24,060 - INFO - Finished loading data for 20 drivers: ['1', '63', '55', '12', '30', '22', '4', '44', '16', '6', '5', '87', '23', '31', '14', '27', '18', '10', '43', '81']
2025-10-26 11:11:24,805 - INFO - [EXPORT OK] azerbaijan_grand_prix
2025-10-26 11:11:24,820 - INFO - Loading data for Singapore Grand Prix - Race [v3.5.3]
2025-10-26 11:11:24,821 - INFO - No cached data found for session_info. Loading data...
2025-10-26 11:11:24,822 - INFO - Fetching session info data...
2025-10-26 11:11:25,343 - INFO - Data has been written to cache!
2025-10-26 11:11:25,344 - INFO - No cached data found for driver_info. Loading data...
2025-10-26 11:11:25,345 - INFO - Fetching driver list...
2025-10-26 11:11:25,855 - INFO - Data has been written to cache!
2025-10-26 11:11:26,048 - INFO - No cached data found for session_status_data. Loading data...
2025-10-26 11:11:26,048 - INFO - Fetching session status data...
2025-10-26 11:11:26,618 - INFO - Data has been written to cache!
2025-10-26 11:11:26,620 - INFO - No cached data found for lap_count. Loading data...
2025-10-26 11:11:26,621 - INFO - Fetching lap count data...
2025-10-26 11:11:27,127 - INFO - Data has been written to cache!
2025-10-26 11:11:27,128 - INFO - No cached data found for track_status_data. Loading data...
2025-10-26 11:11:27,129 - INFO - Fetching track status data...
2025-10-26 11:11:27,619 - INFO - Data has been written to cache!
2025-10-26 11:11:27,621 - INFO - No cached data found for _extended_timing_data. Loading data...
2025-10-26 11:11:27,622 - INFO - Fetching timing data...
2025-10-26 11:11:28,831 - INFO - Parsing timing data...
2025-10-26 11:11:29,414 - INFO - Data has been written to cache!
2025-10-26 11:11:29,415 - INFO - No cached data found for timing_app_data. Loading data...
2025-10-26 11:11:29,415 - INFO - Fetching timing app data...
2025-10-26 11:11:30,234 - INFO - Data has been written to cache!
2025-10-26 11:11:30,234 - INFO - Processing timing data...
2025-10-26 11:11:30,837 - INFO - No cached data found for car_data. Loading data...
2025-10-26 11:11:30,837 - INFO - Fetching car data...
2025-10-26 11:11:31,671 - INFO - Parsing car data...
2025-10-26 11:11:33,784 - INFO - Data has been written to cache!
2025-10-26 11:11:33,786 - INFO - No cached data found for position_data. Loading data...
2025-10-26 11:11:33,786 - INFO - Fetching position data...
2025-10-26 11:11:34,549 - INFO - Parsing position data...
2025-10-26 11:11:36,432 - WARNING - Driver  3: Position data is incomplete!
2025-10-26 11:11:36,437 - WARNING - Driver 11: Position data is incomplete!
2025-10-26 11:11:36,442 - WARNING - Driver 20: Position data is incomplete!
2025-10-26 11:11:36,448 - WARNING - Driver 24: Position data is incomplete!
2025-10-26 11:11:36,454 - WARNING - Driver 77: Position data is incomplete!
2025-10-26 11:11:36,460 - WARNING - Driver  5: Position data is incomplete!
2025-10-26 11:11:36,467 - WARNING - Driver  6: Position data is incomplete!
2025-10-26 11:11:36,474 - WARNING - Driver 12: Position data is incomplete!
2025-10-26 11:11:36,480 - WARNING - Driver 30: Position data is incomplete!
2025-10-26 11:11:36,487 - WARNING - Driver 87: Position data is incomplete!
2025-10-26 11:11:36,660 - INFO - Data has been written to cache!
2025-10-26 11:11:37,668 - INFO - No cached data found for weather_data. Loading data...
2025-10-26 11:11:37,668 - INFO - Fetching weather data...
2025-10-26 11:11:38,190 - INFO - Data has been written to cache!
2025-10-26 11:11:38,192 - INFO - No cached data found for race_control_messages. Loading data...
2025-10-26 11:11:38,192 - INFO - Fetching race control messages...
2025-10-26 11:11:38,690 - INFO - Data has been written to cache!
2025-10-26 11:11:38,731 - INFO - Finished loading data for 20 drivers: ['63', '1', '4', '81', '12', '16', '14', '44', '87', '55', '6', '22', '18', '23', '30', '43', '5', '31', '10', '27']
2025-10-26 11:11:39,413 - INFO - [EXPORT OK] singapore_grand_prix
2025-10-26 11:11:39,458 - INFO - Loading data for Mexico City Grand Prix - Race [v3.5.3]
2025-10-26 11:11:39,458 - INFO - No cached data found for session_info. Loading data...
2025-10-26 11:11:39,459 - INFO - Fetching session info data...
2025-10-26 11:11:39,947 - DEBUG - Falling back to livetiming mirror (https://livetiming-mirror.fastf1.dev)
2025-10-26 11:11:40,381 - WARNING - Failed to load session info data!
2025-10-26 11:11:40,382 - DEBUG - Traceback for failure in session info data
Traceback (most recent call last):
  File "/Users/ompatel/Downloads/RacinglinAi/.venv/lib/python3.11/site-packages/fastf1/logger.py", line 151, in __wrapped
    return func(*args, **kwargs)
           ^^^^^^^^^^^^^^^^^^^^^
  File "/Users/ompatel/Downloads/RacinglinAi/.venv/lib/python3.11/site-packages/fastf1/core.py", line 1470, in _load_session_info
    self._session_info = api.session_info(self.api_path,
                         ^^^^^^^^^^^^^^^^^^^^^^^^^^^^^^^
  File "/Users/ompatel/Downloads/RacinglinAi/.venv/lib/python3.11/site-packages/fastf1/req.py", line 479, in _cached_api_request
    data = func(api_path, **func_kwargs)
           ^^^^^^^^^^^^^^^^^^^^^^^^^^^^^
  File "/Users/ompatel/Downloads/RacinglinAi/.venv/lib/python3.11/site-packages/fastf1/_api.py", line 1687, in session_info
    raise SessionNotAvailableError(
fastf1._api.SessionNotAvailableError: No data for this session! If this session only finished recently, please try again in a few minutes.
2025-10-26 11:11:40,388 - INFO - No cached data found for driver_info. Loading data...
2025-10-26 11:11:40,388 - INFO - Fetching driver list...
2025-10-26 11:11:40,889 - DEBUG - Falling back to livetiming mirror (https://livetiming-mirror.fastf1.dev)
2025-10-26 11:11:41,170 - WARNING - Failed to load extended driver information!
2025-10-26 11:11:41,171 - DEBUG - Exception while loading driver list
Traceback (most recent call last):
  File "/Users/ompatel/Downloads/RacinglinAi/.venv/lib/python3.11/site-packages/fastf1/core.py", line 2291, in _drivers_from_f1_api
    f1di = api.driver_info(self.api_path, livedata=livedata)
           ^^^^^^^^^^^^^^^^^^^^^^^^^^^^^^^^^^^^^^^^^^^^^^^^^
  File "/Users/ompatel/Downloads/RacinglinAi/.venv/lib/python3.11/site-packages/fastf1/req.py", line 479, in _cached_api_request
    data = func(api_path, **func_kwargs)
           ^^^^^^^^^^^^^^^^^^^^^^^^^^^^^
  File "/Users/ompatel/Downloads/RacinglinAi/.venv/lib/python3.11/site-packages/fastf1/_api.py", line 1535, in driver_info
    raise SessionNotAvailableError(
fastf1._api.SessionNotAvailableError: No data for this session! If this session only finished recently, please try again in a few minutes.
2025-10-26 11:11:41,355 - WARNING - No result data for this session available on Ergast! (This is expected for recent sessions)
2025-10-26 11:11:41,356 - WARNING - Failed to load driver list and session results!
2025-10-26 11:11:41,366 - INFO - No cached data found for session_status_data. Loading data...
2025-10-26 11:11:41,367 - INFO - Fetching session status data...
2025-10-26 11:11:41,905 - DEBUG - Falling back to livetiming mirror (https://livetiming-mirror.fastf1.dev)
2025-10-26 11:11:42,207 - WARNING - Failed to load session status data!
2025-10-26 11:11:42,209 - DEBUG - Traceback for failure in session status data
Traceback (most recent call last):
  File "/Users/ompatel/Downloads/RacinglinAi/.venv/lib/python3.11/site-packages/fastf1/logger.py", line 151, in __wrapped
    return func(*args, **kwargs)
           ^^^^^^^^^^^^^^^^^^^^^
  File "/Users/ompatel/Downloads/RacinglinAi/.venv/lib/python3.11/site-packages/fastf1/core.py", line 2052, in _load_session_status_data
    session_status = api.session_status_data(self.api_path,
                     ^^^^^^^^^^^^^^^^^^^^^^^^^^^^^^^^^^^^^^
  File "/Users/ompatel/Downloads/RacinglinAi/.venv/lib/python3.11/site-packages/fastf1/req.py", line 479, in _cached_api_request
    data = func(api_path, **func_kwargs)
           ^^^^^^^^^^^^^^^^^^^^^^^^^^^^^
  File "/Users/ompatel/Downloads/RacinglinAi/.venv/lib/python3.11/site-packages/fastf1/_api.py", line 1333, in session_status_data
    raise SessionNotAvailableError(
fastf1._api.SessionNotAvailableError: No data for this session! If this session only finished recently, please try again in a few minutes.
2025-10-26 11:11:42,211 - INFO - No cached data found for lap_count. Loading data...
2025-10-26 11:11:42,211 - INFO - Fetching lap count data...
2025-10-26 11:11:42,700 - DEBUG - Falling back to livetiming mirror (https://livetiming-mirror.fastf1.dev)
2025-10-26 11:11:42,998 - WARNING - Failed to load total lap count!
2025-10-26 11:11:43,000 - DEBUG - Traceback for failure in total lap count
Traceback (most recent call last):
  File "/Users/ompatel/Downloads/RacinglinAi/.venv/lib/python3.11/site-packages/fastf1/logger.py", line 151, in __wrapped
    return func(*args, **kwargs)
           ^^^^^^^^^^^^^^^^^^^^^
  File "/Users/ompatel/Downloads/RacinglinAi/.venv/lib/python3.11/site-packages/fastf1/core.py", line 2034, in _load_total_lap_count
    lap_count = api.lap_count(self.api_path, livedata=livedata)
                ^^^^^^^^^^^^^^^^^^^^^^^^^^^^^^^^^^^^^^^^^^^^^^^
  File "/Users/ompatel/Downloads/RacinglinAi/.venv/lib/python3.11/site-packages/fastf1/req.py", line 479, in _cached_api_request
    data = func(api_path, **func_kwargs)
           ^^^^^^^^^^^^^^^^^^^^^^^^^^^^^
  File "/Users/ompatel/Downloads/RacinglinAi/.venv/lib/python3.11/site-packages/fastf1/_api.py", line 1476, in lap_count
    raise SessionNotAvailableError(
fastf1._api.SessionNotAvailableError: No data for this session! If this session only finished recently, please try again in a few minutes.
2025-10-26 11:11:43,001 - INFO - No cached data found for track_status_data. Loading data...
2025-10-26 11:11:43,002 - INFO - Fetching track status data...
2025-10-26 11:11:43,489 - DEBUG - Falling back to livetiming mirror (https://livetiming-mirror.fastf1.dev)
2025-10-26 11:11:43,785 - WARNING - Failed to load track status data!
2025-10-26 11:11:43,786 - DEBUG - Traceback for failure in track status data
Traceback (most recent call last):
  File "/Users/ompatel/Downloads/RacinglinAi/.venv/lib/python3.11/site-packages/fastf1/logger.py", line 151, in __wrapped
    return func(*args, **kwargs)
           ^^^^^^^^^^^^^^^^^^^^^
  File "/Users/ompatel/Downloads/RacinglinAi/.venv/lib/python3.11/site-packages/fastf1/core.py", line 2021, in _load_track_status_data
    track_status = api.track_status_data(self.api_path, livedata=livedata)
                   ^^^^^^^^^^^^^^^^^^^^^^^^^^^^^^^^^^^^^^^^^^^^^^^^^^^^^^^
  File "/Users/ompatel/Downloads/RacinglinAi/.venv/lib/python3.11/site-packages/fastf1/req.py", line 479, in _cached_api_request
    data = func(api_path, **func_kwargs)
           ^^^^^^^^^^^^^^^^^^^^^^^^^^^^^
  File "/Users/ompatel/Downloads/RacinglinAi/.venv/lib/python3.11/site-packages/fastf1/_api.py", line 1277, in track_status_data
    raise SessionNotAvailableError(
fastf1._api.SessionNotAvailableError: No data for this session! If this session only finished recently, please try again in a few minutes.
2025-10-26 11:11:43,788 - INFO - No cached data found for _extended_timing_data. Loading data...
2025-10-26 11:11:43,789 - INFO - Fetching timing data...
2025-10-26 11:11:44,284 - DEBUG - Falling back to livetiming mirror (https://livetiming-mirror.fastf1.dev)
2025-10-26 11:11:44,586 - WARNING - Failed to load timing data!
2025-10-26 11:11:44,587 - DEBUG - Traceback for failure in lap timing data
Traceback (most recent call last):
  File "/Users/ompatel/Downloads/RacinglinAi/.venv/lib/python3.11/site-packages/fastf1/logger.py", line 151, in __wrapped
    return func(*args, **kwargs)
           ^^^^^^^^^^^^^^^^^^^^^
  File "/Users/ompatel/Downloads/RacinglinAi/.venv/lib/python3.11/site-packages/fastf1/core.py", line 1476, in _load_laps_data
    = api._extended_timing_data(self.api_path, livedata=livedata)
      ^^^^^^^^^^^^^^^^^^^^^^^^^^^^^^^^^^^^^^^^^^^^^^^^^^^^^^^^^^^
  File "/Users/ompatel/Downloads/RacinglinAi/.venv/lib/python3.11/site-packages/fastf1/req.py", line 479, in _cached_api_request
    data = func(api_path, **func_kwargs)
           ^^^^^^^^^^^^^^^^^^^^^^^^^^^^^
  File "/Users/ompatel/Downloads/RacinglinAi/.venv/lib/python3.11/site-packages/fastf1/_api.py", line 200, in _extended_timing_data
    raise SessionNotAvailableError(
fastf1._api.SessionNotAvailableError: No data for this session! If this session only finished recently, please try again in a few minutes.
2025-10-26 11:11:44,964 - WARNING - Cannot load lap times for first lap from Ergast. Timing data is not available for this session.
2025-10-26 11:11:44,965 - INFO - No cached data found for car_data. Loading data...
2025-10-26 11:11:44,966 - INFO - Fetching car data...
2025-10-26 11:11:45,453 - DEBUG - Falling back to livetiming mirror (https://livetiming-mirror.fastf1.dev)
2025-10-26 11:11:45,767 - WARNING - Car telemetry data is unavailable!
2025-10-26 11:11:45,769 - INFO - No cached data found for position_data. Loading data...
2025-10-26 11:11:45,770 - INFO - Fetching position data...
2025-10-26 11:11:46,249 - DEBUG - Falling back to livetiming mirror (https://livetiming-mirror.fastf1.dev)
2025-10-26 11:11:46,540 - WARNING - Car position data is unavailable!
2025-10-26 11:11:46,542 - WARNING - Failed to determine `Session.t0_date`!
2025-10-26 11:11:46,543 - INFO - No cached data found for weather_data. Loading data...
2025-10-26 11:11:46,544 - INFO - Fetching weather data...
2025-10-26 11:11:47,031 - DEBUG - Falling back to livetiming mirror (https://livetiming-mirror.fastf1.dev)
2025-10-26 11:11:47,316 - WARNING - Failed to load weather data!
2025-10-26 11:11:47,318 - DEBUG - Traceback for failure in weather data
Traceback (most recent call last):
  File "/Users/ompatel/Downloads/RacinglinAi/.venv/lib/python3.11/site-packages/fastf1/logger.py", line 151, in __wrapped
    return func(*args, **kwargs)
           ^^^^^^^^^^^^^^^^^^^^^
  File "/Users/ompatel/Downloads/RacinglinAi/.venv/lib/python3.11/site-packages/fastf1/core.py", line 2442, in _load_weather_data
    weather_data = api.weather_data(self.api_path, livedata=livedata)
                   ^^^^^^^^^^^^^^^^^^^^^^^^^^^^^^^^^^^^^^^^^^^^^^^^^^
  File "/Users/ompatel/Downloads/RacinglinAi/.venv/lib/python3.11/site-packages/fastf1/req.py", line 479, in _cached_api_request
    data = func(api_path, **func_kwargs)
           ^^^^^^^^^^^^^^^^^^^^^^^^^^^^^
  File "/Users/ompatel/Downloads/RacinglinAi/.venv/lib/python3.11/site-packages/fastf1/_api.py", line 1613, in weather_data
    raise SessionNotAvailableError(
fastf1._api.SessionNotAvailableError: No data for this session! If this session only finished recently, please try again in a few minutes.
2025-10-26 11:11:47,319 - INFO - No cached data found for race_control_messages. Loading data...
2025-10-26 11:11:47,320 - INFO - Fetching race control messages...
2025-10-26 11:11:47,819 - DEBUG - Falling back to livetiming mirror (https://livetiming-mirror.fastf1.dev)
2025-10-26 11:11:48,113 - WARNING - Failed to load race control messages!
2025-10-26 11:11:48,115 - DEBUG - Traceback for failure in race control messages
Traceback (most recent call last):
  File "/Users/ompatel/Downloads/RacinglinAi/.venv/lib/python3.11/site-packages/fastf1/logger.py", line 151, in __wrapped
    return func(*args, **kwargs)
           ^^^^^^^^^^^^^^^^^^^^^
  File "/Users/ompatel/Downloads/RacinglinAi/.venv/lib/python3.11/site-packages/fastf1/core.py", line 2449, in _load_race_control_messages
    race_control_messages = api.race_control_messages(self.api_path,
                            ^^^^^^^^^^^^^^^^^^^^^^^^^^^^^^^^^^^^^^^^
  File "/Users/ompatel/Downloads/RacinglinAi/.venv/lib/python3.11/site-packages/fastf1/req.py", line 479, in _cached_api_request
    data = func(api_path, **func_kwargs)
           ^^^^^^^^^^^^^^^^^^^^^^^^^^^^^
  File "/Users/ompatel/Downloads/RacinglinAi/.venv/lib/python3.11/site-packages/fastf1/_api.py", line 1404, in race_control_messages
    raise SessionNotAvailableError(
fastf1._api.SessionNotAvailableError: No data for this session! If this session only finished recently, please try again in a few minutes.
2025-10-26 11:11:48,118 - INFO - Finished loading data for 0 drivers: []
2025-10-26 11:11:48,119 - ERROR - [PROCESS FAIL] mexico_city_grand_prix: The data you are trying to access has not been loaded yet. See `Session.load`
2025-10-26 11:11:48,143 - INFO - Loading data for Las Vegas Grand Prix - Race [v3.5.3]
2025-10-26 11:11:48,144 - INFO - No cached data found for session_info. Loading data...
2025-10-26 11:11:48,145 - INFO - Fetching session info data...
2025-10-26 11:11:48,631 - DEBUG - Falling back to livetiming mirror (https://livetiming-mirror.fastf1.dev)
2025-10-26 11:11:48,954 - WARNING - Failed to load session info data!
2025-10-26 11:11:48,955 - DEBUG - Traceback for failure in session info data
Traceback (most recent call last):
  File "/Users/ompatel/Downloads/RacinglinAi/.venv/lib/python3.11/site-packages/fastf1/logger.py", line 151, in __wrapped
    return func(*args, **kwargs)
           ^^^^^^^^^^^^^^^^^^^^^
  File "/Users/ompatel/Downloads/RacinglinAi/.venv/lib/python3.11/site-packages/fastf1/core.py", line 1470, in _load_session_info
    self._session_info = api.session_info(self.api_path,
                         ^^^^^^^^^^^^^^^^^^^^^^^^^^^^^^^
  File "/Users/ompatel/Downloads/RacinglinAi/.venv/lib/python3.11/site-packages/fastf1/req.py", line 479, in _cached_api_request
    data = func(api_path, **func_kwargs)
           ^^^^^^^^^^^^^^^^^^^^^^^^^^^^^
  File "/Users/ompatel/Downloads/RacinglinAi/.venv/lib/python3.11/site-packages/fastf1/_api.py", line 1687, in session_info
    raise SessionNotAvailableError(
fastf1._api.SessionNotAvailableError: No data for this session! If this session only finished recently, please try again in a few minutes.
2025-10-26 11:11:48,957 - INFO - No cached data found for driver_info. Loading data...
2025-10-26 11:11:48,957 - INFO - Fetching driver list...
2025-10-26 11:11:49,445 - DEBUG - Falling back to livetiming mirror (https://livetiming-mirror.fastf1.dev)
2025-10-26 11:11:49,735 - WARNING - Failed to load extended driver information!
2025-10-26 11:11:49,735 - DEBUG - Exception while loading driver list
Traceback (most recent call last):
  File "/Users/ompatel/Downloads/RacinglinAi/.venv/lib/python3.11/site-packages/fastf1/core.py", line 2291, in _drivers_from_f1_api
    f1di = api.driver_info(self.api_path, livedata=livedata)
           ^^^^^^^^^^^^^^^^^^^^^^^^^^^^^^^^^^^^^^^^^^^^^^^^^
  File "/Users/ompatel/Downloads/RacinglinAi/.venv/lib/python3.11/site-packages/fastf1/req.py", line 479, in _cached_api_request
    data = func(api_path, **func_kwargs)
           ^^^^^^^^^^^^^^^^^^^^^^^^^^^^^
  File "/Users/ompatel/Downloads/RacinglinAi/.venv/lib/python3.11/site-packages/fastf1/_api.py", line 1535, in driver_info
    raise SessionNotAvailableError(
fastf1._api.SessionNotAvailableError: No data for this session! If this session only finished recently, please try again in a few minutes.
2025-10-26 11:11:49,918 - WARNING - No result data for this session available on Ergast! (This is expected for recent sessions)
2025-10-26 11:11:49,920 - WARNING - Failed to load driver list and session results!
2025-10-26 11:11:49,933 - INFO - No cached data found for session_status_data. Loading data...
2025-10-26 11:11:49,934 - INFO - Fetching session status data...
2025-10-26 11:11:50,472 - DEBUG - Falling back to livetiming mirror (https://livetiming-mirror.fastf1.dev)
2025-10-26 11:11:50,850 - WARNING - Failed to load session status data!
2025-10-26 11:11:50,852 - DEBUG - Traceback for failure in session status data
Traceback (most recent call last):
  File "/Users/ompatel/Downloads/RacinglinAi/.venv/lib/python3.11/site-packages/fastf1/logger.py", line 151, in __wrapped
    return func(*args, **kwargs)
           ^^^^^^^^^^^^^^^^^^^^^
  File "/Users/ompatel/Downloads/RacinglinAi/.venv/lib/python3.11/site-packages/fastf1/core.py", line 2052, in _load_session_status_data
    session_status = api.session_status_data(self.api_path,
                     ^^^^^^^^^^^^^^^^^^^^^^^^^^^^^^^^^^^^^^
  File "/Users/ompatel/Downloads/RacinglinAi/.venv/lib/python3.11/site-packages/fastf1/req.py", line 479, in _cached_api_request
    data = func(api_path, **func_kwargs)
           ^^^^^^^^^^^^^^^^^^^^^^^^^^^^^
  File "/Users/ompatel/Downloads/RacinglinAi/.venv/lib/python3.11/site-packages/fastf1/_api.py", line 1333, in session_status_data
    raise SessionNotAvailableError(
fastf1._api.SessionNotAvailableError: No data for this session! If this session only finished recently, please try again in a few minutes.
2025-10-26 11:11:50,853 - INFO - No cached data found for lap_count. Loading data...
2025-10-26 11:11:50,854 - INFO - Fetching lap count data...
2025-10-26 11:11:51,343 - DEBUG - Falling back to livetiming mirror (https://livetiming-mirror.fastf1.dev)
2025-10-26 11:11:51,647 - WARNING - Failed to load total lap count!
2025-10-26 11:11:51,648 - DEBUG - Traceback for failure in total lap count
Traceback (most recent call last):
  File "/Users/ompatel/Downloads/RacinglinAi/.venv/lib/python3.11/site-packages/fastf1/logger.py", line 151, in __wrapped
    return func(*args, **kwargs)
           ^^^^^^^^^^^^^^^^^^^^^
  File "/Users/ompatel/Downloads/RacinglinAi/.venv/lib/python3.11/site-packages/fastf1/core.py", line 2034, in _load_total_lap_count
    lap_count = api.lap_count(self.api_path, livedata=livedata)
                ^^^^^^^^^^^^^^^^^^^^^^^^^^^^^^^^^^^^^^^^^^^^^^^
  File "/Users/ompatel/Downloads/RacinglinAi/.venv/lib/python3.11/site-packages/fastf1/req.py", line 479, in _cached_api_request
    data = func(api_path, **func_kwargs)
           ^^^^^^^^^^^^^^^^^^^^^^^^^^^^^
  File "/Users/ompatel/Downloads/RacinglinAi/.venv/lib/python3.11/site-packages/fastf1/_api.py", line 1476, in lap_count
    raise SessionNotAvailableError(
fastf1._api.SessionNotAvailableError: No data for this session! If this session only finished recently, please try again in a few minutes.
2025-10-26 11:11:51,649 - INFO - No cached data found for track_status_data. Loading data...
2025-10-26 11:11:51,649 - INFO - Fetching track status data...
2025-10-26 11:11:52,137 - DEBUG - Falling back to livetiming mirror (https://livetiming-mirror.fastf1.dev)
2025-10-26 11:11:52,443 - WARNING - Failed to load track status data!
2025-10-26 11:11:52,445 - DEBUG - Traceback for failure in track status data
Traceback (most recent call last):
  File "/Users/ompatel/Downloads/RacinglinAi/.venv/lib/python3.11/site-packages/fastf1/logger.py", line 151, in __wrapped
    return func(*args, **kwargs)
           ^^^^^^^^^^^^^^^^^^^^^
  File "/Users/ompatel/Downloads/RacinglinAi/.venv/lib/python3.11/site-packages/fastf1/core.py", line 2021, in _load_track_status_data
    track_status = api.track_status_data(self.api_path, livedata=livedata)
                   ^^^^^^^^^^^^^^^^^^^^^^^^^^^^^^^^^^^^^^^^^^^^^^^^^^^^^^^
  File "/Users/ompatel/Downloads/RacinglinAi/.venv/lib/python3.11/site-packages/fastf1/req.py", line 479, in _cached_api_request
    data = func(api_path, **func_kwargs)
           ^^^^^^^^^^^^^^^^^^^^^^^^^^^^^
  File "/Users/ompatel/Downloads/RacinglinAi/.venv/lib/python3.11/site-packages/fastf1/_api.py", line 1277, in track_status_data
    raise SessionNotAvailableError(
fastf1._api.SessionNotAvailableError: No data for this session! If this session only finished recently, please try again in a few minutes.
2025-10-26 11:11:52,446 - INFO - No cached data found for _extended_timing_data. Loading data...
2025-10-26 11:11:52,447 - INFO - Fetching timing data...
2025-10-26 11:11:52,942 - DEBUG - Falling back to livetiming mirror (https://livetiming-mirror.fastf1.dev)
2025-10-26 11:11:53,240 - WARNING - Failed to load timing data!
2025-10-26 11:11:53,242 - DEBUG - Traceback for failure in lap timing data
Traceback (most recent call last):
  File "/Users/ompatel/Downloads/RacinglinAi/.venv/lib/python3.11/site-packages/fastf1/logger.py", line 151, in __wrapped
    return func(*args, **kwargs)
           ^^^^^^^^^^^^^^^^^^^^^
  File "/Users/ompatel/Downloads/RacinglinAi/.venv/lib/python3.11/site-packages/fastf1/core.py", line 1476, in _load_laps_data
    = api._extended_timing_data(self.api_path, livedata=livedata)
      ^^^^^^^^^^^^^^^^^^^^^^^^^^^^^^^^^^^^^^^^^^^^^^^^^^^^^^^^^^^
  File "/Users/ompatel/Downloads/RacinglinAi/.venv/lib/python3.11/site-packages/fastf1/req.py", line 479, in _cached_api_request
    data = func(api_path, **func_kwargs)
           ^^^^^^^^^^^^^^^^^^^^^^^^^^^^^
  File "/Users/ompatel/Downloads/RacinglinAi/.venv/lib/python3.11/site-packages/fastf1/_api.py", line 200, in _extended_timing_data
    raise SessionNotAvailableError(
fastf1._api.SessionNotAvailableError: No data for this session! If this session only finished recently, please try again in a few minutes.
2025-10-26 11:11:53,422 - WARNING - Cannot load lap times for first lap from Ergast. Timing data is not available for this session.
2025-10-26 11:11:53,423 - INFO - No cached data found for car_data. Loading data...
2025-10-26 11:11:53,423 - INFO - Fetching car data...
2025-10-26 11:11:53,995 - DEBUG - Falling back to livetiming mirror (https://livetiming-mirror.fastf1.dev)
2025-10-26 11:11:54,307 - WARNING - Car telemetry data is unavailable!
2025-10-26 11:11:54,309 - INFO - No cached data found for position_data. Loading data...
2025-10-26 11:11:54,310 - INFO - Fetching position data...
2025-10-26 11:11:54,782 - DEBUG - Falling back to livetiming mirror (https://livetiming-mirror.fastf1.dev)
2025-10-26 11:11:55,045 - WARNING - Car position data is unavailable!
2025-10-26 11:11:55,046 - WARNING - Failed to determine `Session.t0_date`!
2025-10-26 11:11:55,046 - INFO - No cached data found for weather_data. Loading data...
2025-10-26 11:11:55,047 - INFO - Fetching weather data...
2025-10-26 11:11:55,540 - DEBUG - Falling back to livetiming mirror (https://livetiming-mirror.fastf1.dev)
2025-10-26 11:11:55,813 - WARNING - Failed to load weather data!
2025-10-26 11:11:55,815 - DEBUG - Traceback for failure in weather data
Traceback (most recent call last):
  File "/Users/ompatel/Downloads/RacinglinAi/.venv/lib/python3.11/site-packages/fastf1/logger.py", line 151, in __wrapped
    return func(*args, **kwargs)
           ^^^^^^^^^^^^^^^^^^^^^
  File "/Users/ompatel/Downloads/RacinglinAi/.venv/lib/python3.11/site-packages/fastf1/core.py", line 2442, in _load_weather_data
    weather_data = api.weather_data(self.api_path, livedata=livedata)
                   ^^^^^^^^^^^^^^^^^^^^^^^^^^^^^^^^^^^^^^^^^^^^^^^^^^
  File "/Users/ompatel/Downloads/RacinglinAi/.venv/lib/python3.11/site-packages/fastf1/req.py", line 479, in _cached_api_request
    data = func(api_path, **func_kwargs)
           ^^^^^^^^^^^^^^^^^^^^^^^^^^^^^
  File "/Users/ompatel/Downloads/RacinglinAi/.venv/lib/python3.11/site-packages/fastf1/_api.py", line 1613, in weather_data
    raise SessionNotAvailableError(
fastf1._api.SessionNotAvailableError: No data for this session! If this session only finished recently, please try again in a few minutes.
2025-10-26 11:11:55,816 - INFO - No cached data found for race_control_messages. Loading data...
2025-10-26 11:11:55,817 - INFO - Fetching race control messages...
2025-10-26 11:11:56,312 - DEBUG - Falling back to livetiming mirror (https://livetiming-mirror.fastf1.dev)
2025-10-26 11:11:56,616 - WARNING - Failed to load race control messages!
2025-10-26 11:11:56,617 - DEBUG - Traceback for failure in race control messages
Traceback (most recent call last):
  File "/Users/ompatel/Downloads/RacinglinAi/.venv/lib/python3.11/site-packages/fastf1/logger.py", line 151, in __wrapped
    return func(*args, **kwargs)
           ^^^^^^^^^^^^^^^^^^^^^
  File "/Users/ompatel/Downloads/RacinglinAi/.venv/lib/python3.11/site-packages/fastf1/core.py", line 2449, in _load_race_control_messages
    race_control_messages = api.race_control_messages(self.api_path,
                            ^^^^^^^^^^^^^^^^^^^^^^^^^^^^^^^^^^^^^^^^
  File "/Users/ompatel/Downloads/RacinglinAi/.venv/lib/python3.11/site-packages/fastf1/req.py", line 479, in _cached_api_request
    data = func(api_path, **func_kwargs)
           ^^^^^^^^^^^^^^^^^^^^^^^^^^^^^
  File "/Users/ompatel/Downloads/RacinglinAi/.venv/lib/python3.11/site-packages/fastf1/_api.py", line 1404, in race_control_messages
    raise SessionNotAvailableError(
fastf1._api.SessionNotAvailableError: No data for this session! If this session only finished recently, please try again in a few minutes.
2025-10-26 11:11:56,619 - INFO - Finished loading data for 0 drivers: []
2025-10-26 11:11:56,620 - ERROR - [PROCESS FAIL] las_vegas_grand_prix: The data you are trying to access has not been loaded yet. See `Session.load`
2025-10-26 11:11:56,648 - INFO - Loading data for Abu Dhabi Grand Prix - Race [v3.5.3]
2025-10-26 11:11:56,649 - INFO - No cached data found for session_info. Loading data...
2025-10-26 11:11:56,649 - INFO - Fetching session info data...
2025-10-26 11:11:57,136 - DEBUG - Falling back to livetiming mirror (https://livetiming-mirror.fastf1.dev)
2025-10-26 11:11:57,426 - WARNING - Failed to load session info data!
2025-10-26 11:11:57,428 - DEBUG - Traceback for failure in session info data
Traceback (most recent call last):
  File "/Users/ompatel/Downloads/RacinglinAi/.venv/lib/python3.11/site-packages/fastf1/logger.py", line 151, in __wrapped
    return func(*args, **kwargs)
           ^^^^^^^^^^^^^^^^^^^^^
  File "/Users/ompatel/Downloads/RacinglinAi/.venv/lib/python3.11/site-packages/fastf1/core.py", line 1470, in _load_session_info
    self._session_info = api.session_info(self.api_path,
                         ^^^^^^^^^^^^^^^^^^^^^^^^^^^^^^^
  File "/Users/ompatel/Downloads/RacinglinAi/.venv/lib/python3.11/site-packages/fastf1/req.py", line 479, in _cached_api_request
    data = func(api_path, **func_kwargs)
           ^^^^^^^^^^^^^^^^^^^^^^^^^^^^^
  File "/Users/ompatel/Downloads/RacinglinAi/.venv/lib/python3.11/site-packages/fastf1/_api.py", line 1687, in session_info
    raise SessionNotAvailableError(
fastf1._api.SessionNotAvailableError: No data for this session! If this session only finished recently, please try again in a few minutes.
2025-10-26 11:11:57,429 - INFO - No cached data found for driver_info. Loading data...
2025-10-26 11:11:57,430 - INFO - Fetching driver list...
2025-10-26 11:11:57,924 - DEBUG - Falling back to livetiming mirror (https://livetiming-mirror.fastf1.dev)
2025-10-26 11:11:58,214 - WARNING - Failed to load extended driver information!
2025-10-26 11:11:58,215 - DEBUG - Exception while loading driver list
Traceback (most recent call last):
  File "/Users/ompatel/Downloads/RacinglinAi/.venv/lib/python3.11/site-packages/fastf1/core.py", line 2291, in _drivers_from_f1_api
    f1di = api.driver_info(self.api_path, livedata=livedata)
           ^^^^^^^^^^^^^^^^^^^^^^^^^^^^^^^^^^^^^^^^^^^^^^^^^
  File "/Users/ompatel/Downloads/RacinglinAi/.venv/lib/python3.11/site-packages/fastf1/req.py", line 479, in _cached_api_request
    data = func(api_path, **func_kwargs)
           ^^^^^^^^^^^^^^^^^^^^^^^^^^^^^
  File "/Users/ompatel/Downloads/RacinglinAi/.venv/lib/python3.11/site-packages/fastf1/_api.py", line 1535, in driver_info
    raise SessionNotAvailableError(
fastf1._api.SessionNotAvailableError: No data for this session! If this session only finished recently, please try again in a few minutes.
2025-10-26 11:11:58,397 - WARNING - No result data for this session available on Ergast! (This is expected for recent sessions)
2025-10-26 11:11:58,398 - WARNING - Failed to load driver list and session results!
2025-10-26 11:11:58,409 - INFO - No cached data found for session_status_data. Loading data...
2025-10-26 11:11:58,410 - INFO - Fetching session status data...
2025-10-26 11:11:59,014 - DEBUG - Falling back to livetiming mirror (https://livetiming-mirror.fastf1.dev)
2025-10-26 11:11:59,296 - WARNING - Failed to load session status data!
2025-10-26 11:11:59,297 - DEBUG - Traceback for failure in session status data
Traceback (most recent call last):
  File "/Users/ompatel/Downloads/RacinglinAi/.venv/lib/python3.11/site-packages/fastf1/logger.py", line 151, in __wrapped
    return func(*args, **kwargs)
           ^^^^^^^^^^^^^^^^^^^^^
  File "/Users/ompatel/Downloads/RacinglinAi/.venv/lib/python3.11/site-packages/fastf1/core.py", line 2052, in _load_session_status_data
    session_status = api.session_status_data(self.api_path,
                     ^^^^^^^^^^^^^^^^^^^^^^^^^^^^^^^^^^^^^^
  File "/Users/ompatel/Downloads/RacinglinAi/.venv/lib/python3.11/site-packages/fastf1/req.py", line 479, in _cached_api_request
    data = func(api_path, **func_kwargs)
           ^^^^^^^^^^^^^^^^^^^^^^^^^^^^^
  File "/Users/ompatel/Downloads/RacinglinAi/.venv/lib/python3.11/site-packages/fastf1/_api.py", line 1333, in session_status_data
    raise SessionNotAvailableError(
fastf1._api.SessionNotAvailableError: No data for this session! If this session only finished recently, please try again in a few minutes.
2025-10-26 11:11:59,298 - INFO - No cached data found for lap_count. Loading data...
2025-10-26 11:11:59,299 - INFO - Fetching lap count data...
2025-10-26 11:11:59,795 - DEBUG - Falling back to livetiming mirror (https://livetiming-mirror.fastf1.dev)
2025-10-26 11:12:00,105 - WARNING - Failed to load total lap count!
2025-10-26 11:12:00,107 - DEBUG - Traceback for failure in total lap count
Traceback (most recent call last):
  File "/Users/ompatel/Downloads/RacinglinAi/.venv/lib/python3.11/site-packages/fastf1/logger.py", line 151, in __wrapped
    return func(*args, **kwargs)
           ^^^^^^^^^^^^^^^^^^^^^
  File "/Users/ompatel/Downloads/RacinglinAi/.venv/lib/python3.11/site-packages/fastf1/core.py", line 2034, in _load_total_lap_count
    lap_count = api.lap_count(self.api_path, livedata=livedata)
                ^^^^^^^^^^^^^^^^^^^^^^^^^^^^^^^^^^^^^^^^^^^^^^^
  File "/Users/ompatel/Downloads/RacinglinAi/.venv/lib/python3.11/site-packages/fastf1/req.py", line 479, in _cached_api_request
    data = func(api_path, **func_kwargs)
           ^^^^^^^^^^^^^^^^^^^^^^^^^^^^^
  File "/Users/ompatel/Downloads/RacinglinAi/.venv/lib/python3.11/site-packages/fastf1/_api.py", line 1476, in lap_count
    raise SessionNotAvailableError(
fastf1._api.SessionNotAvailableError: No data for this session! If this session only finished recently, please try again in a few minutes.
2025-10-26 11:12:00,108 - INFO - No cached data found for track_status_data. Loading data...
2025-10-26 11:12:00,109 - INFO - Fetching track status data...
2025-10-26 11:12:00,610 - DEBUG - Falling back to livetiming mirror (https://livetiming-mirror.fastf1.dev)
2025-10-26 11:12:00,885 - WARNING - Failed to load track status data!
2025-10-26 11:12:00,886 - DEBUG - Traceback for failure in track status data
Traceback (most recent call last):
  File "/Users/ompatel/Downloads/RacinglinAi/.venv/lib/python3.11/site-packages/fastf1/logger.py", line 151, in __wrapped
    return func(*args, **kwargs)
           ^^^^^^^^^^^^^^^^^^^^^
  File "/Users/ompatel/Downloads/RacinglinAi/.venv/lib/python3.11/site-packages/fastf1/core.py", line 2021, in _load_track_status_data
    track_status = api.track_status_data(self.api_path, livedata=livedata)
                   ^^^^^^^^^^^^^^^^^^^^^^^^^^^^^^^^^^^^^^^^^^^^^^^^^^^^^^^
  File "/Users/ompatel/Downloads/RacinglinAi/.venv/lib/python3.11/site-packages/fastf1/req.py", line 479, in _cached_api_request
    data = func(api_path, **func_kwargs)
           ^^^^^^^^^^^^^^^^^^^^^^^^^^^^^
  File "/Users/ompatel/Downloads/RacinglinAi/.venv/lib/python3.11/site-packages/fastf1/_api.py", line 1277, in track_status_data
    raise SessionNotAvailableError(
fastf1._api.SessionNotAvailableError: No data for this session! If this session only finished recently, please try again in a few minutes.
2025-10-26 11:12:00,887 - INFO - No cached data found for _extended_timing_data. Loading data...
2025-10-26 11:12:00,888 - INFO - Fetching timing data...
2025-10-26 11:12:01,359 - DEBUG - Falling back to livetiming mirror (https://livetiming-mirror.fastf1.dev)
2025-10-26 11:12:01,664 - WARNING - Failed to load timing data!
2025-10-26 11:12:01,664 - DEBUG - Traceback for failure in lap timing data
Traceback (most recent call last):
  File "/Users/ompatel/Downloads/RacinglinAi/.venv/lib/python3.11/site-packages/fastf1/logger.py", line 151, in __wrapped
    return func(*args, **kwargs)
           ^^^^^^^^^^^^^^^^^^^^^
  File "/Users/ompatel/Downloads/RacinglinAi/.venv/lib/python3.11/site-packages/fastf1/core.py", line 1476, in _load_laps_data
    = api._extended_timing_data(self.api_path, livedata=livedata)
      ^^^^^^^^^^^^^^^^^^^^^^^^^^^^^^^^^^^^^^^^^^^^^^^^^^^^^^^^^^^
  File "/Users/ompatel/Downloads/RacinglinAi/.venv/lib/python3.11/site-packages/fastf1/req.py", line 479, in _cached_api_request
    data = func(api_path, **func_kwargs)
           ^^^^^^^^^^^^^^^^^^^^^^^^^^^^^
  File "/Users/ompatel/Downloads/RacinglinAi/.venv/lib/python3.11/site-packages/fastf1/_api.py", line 200, in _extended_timing_data
    raise SessionNotAvailableError(
fastf1._api.SessionNotAvailableError: No data for this session! If this session only finished recently, please try again in a few minutes.
2025-10-26 11:12:01,846 - WARNING - Cannot load lap times for first lap from Ergast. Timing data is not available for this session.
2025-10-26 11:12:01,846 - INFO - No cached data found for car_data. Loading data...
2025-10-26 11:12:01,847 - INFO - Fetching car data...
2025-10-26 11:12:02,411 - DEBUG - Falling back to livetiming mirror (https://livetiming-mirror.fastf1.dev)
2025-10-26 11:12:02,787 - WARNING - Car telemetry data is unavailable!
2025-10-26 11:12:02,789 - INFO - No cached data found for position_data. Loading data...
2025-10-26 11:12:02,789 - INFO - Fetching position data...
2025-10-26 11:12:03,271 - DEBUG - Falling back to livetiming mirror (https://livetiming-mirror.fastf1.dev)
2025-10-26 11:12:03,624 - WARNING - Car position data is unavailable!
2025-10-26 11:12:03,625 - WARNING - Failed to determine `Session.t0_date`!
2025-10-26 11:12:03,626 - INFO - No cached data found for weather_data. Loading data...
2025-10-26 11:12:03,626 - INFO - Fetching weather data...
2025-10-26 11:12:04,115 - DEBUG - Falling back to livetiming mirror (https://livetiming-mirror.fastf1.dev)
2025-10-26 11:12:04,388 - WARNING - Failed to load weather data!
2025-10-26 11:12:04,389 - DEBUG - Traceback for failure in weather data
Traceback (most recent call last):
  File "/Users/ompatel/Downloads/RacinglinAi/.venv/lib/python3.11/site-packages/fastf1/logger.py", line 151, in __wrapped
    return func(*args, **kwargs)
           ^^^^^^^^^^^^^^^^^^^^^
  File "/Users/ompatel/Downloads/RacinglinAi/.venv/lib/python3.11/site-packages/fastf1/core.py", line 2442, in _load_weather_data
    weather_data = api.weather_data(self.api_path, livedata=livedata)
                   ^^^^^^^^^^^^^^^^^^^^^^^^^^^^^^^^^^^^^^^^^^^^^^^^^^
  File "/Users/ompatel/Downloads/RacinglinAi/.venv/lib/python3.11/site-packages/fastf1/req.py", line 479, in _cached_api_request
    data = func(api_path, **func_kwargs)
           ^^^^^^^^^^^^^^^^^^^^^^^^^^^^^
  File "/Users/ompatel/Downloads/RacinglinAi/.venv/lib/python3.11/site-packages/fastf1/_api.py", line 1613, in weather_data
    raise SessionNotAvailableError(
fastf1._api.SessionNotAvailableError: No data for this session! If this session only finished recently, please try again in a few minutes.
2025-10-26 11:12:04,390 - INFO - No cached data found for race_control_messages. Loading data...
2025-10-26 11:12:04,391 - INFO - Fetching race control messages...
2025-10-26 11:12:04,862 - DEBUG - Falling back to livetiming mirror (https://livetiming-mirror.fastf1.dev)
2025-10-26 11:12:05,151 - WARNING - Failed to load race control messages!
2025-10-26 11:12:05,153 - DEBUG - Traceback for failure in race control messages
Traceback (most recent call last):
  File "/Users/ompatel/Downloads/RacinglinAi/.venv/lib/python3.11/site-packages/fastf1/logger.py", line 151, in __wrapped
    return func(*args, **kwargs)
           ^^^^^^^^^^^^^^^^^^^^^
  File "/Users/ompatel/Downloads/RacinglinAi/.venv/lib/python3.11/site-packages/fastf1/core.py", line 2449, in _load_race_control_messages
    race_control_messages = api.race_control_messages(self.api_path,
                            ^^^^^^^^^^^^^^^^^^^^^^^^^^^^^^^^^^^^^^^^
  File "/Users/ompatel/Downloads/RacinglinAi/.venv/lib/python3.11/site-packages/fastf1/req.py", line 479, in _cached_api_request
    data = func(api_path, **func_kwargs)
           ^^^^^^^^^^^^^^^^^^^^^^^^^^^^^
  File "/Users/ompatel/Downloads/RacinglinAi/.venv/lib/python3.11/site-packages/fastf1/_api.py", line 1404, in race_control_messages
    raise SessionNotAvailableError(
fastf1._api.SessionNotAvailableError: No data for this session! If this session only finished recently, please try again in a few minutes.
2025-10-26 11:12:05,154 - INFO - Finished loading data for 0 drivers: []
2025-10-26 11:12:05,155 - ERROR - [PROCESS FAIL] abu_dhabi_grand_prix: The data you are trying to access has not been loaded yet. See `Session.load`
2025-10-27 10:27:00,211 - INFO - Loading data for Australian Grand Prix - Race [v3.5.3]
2025-10-27 10:27:00,214 - INFO - Using cached data for session_info
2025-10-27 10:27:00,214 - INFO - Using cached data for driver_info
2025-10-27 10:27:01,083 - INFO - Using cached data for session_status_data
2025-10-27 10:27:01,087 - INFO - Using cached data for lap_count
2025-10-27 10:27:01,088 - INFO - Using cached data for track_status_data
2025-10-27 10:27:01,134 - INFO - Using cached data for _extended_timing_data
2025-10-27 10:27:01,142 - INFO - Using cached data for timing_app_data
2025-10-27 10:27:01,142 - INFO - Processing timing data...
2025-10-27 10:27:02,302 - INFO - Using cached data for car_data
2025-10-27 10:27:02,769 - INFO - Using cached data for position_data
2025-10-27 10:27:05,259 - INFO - Using cached data for weather_data
2025-10-27 10:27:05,266 - INFO - Using cached data for race_control_messages
2025-10-27 10:27:05,274 - WARNING - Driver 4 completed the race distance 00:00.022000 before the recorded end of the session.
2025-10-27 10:27:05,559 - INFO - Finished loading data for 20 drivers: ['4', '1', '63', '12', '23', '18', '27', '16', '81', '44', '10', '22', '31', '87', '30', '5', '14', '55', '7', '6']
2025-10-27 10:27:07,053 - INFO - [EXPORT OK] australian_grand_prix
2025-10-27 10:27:07,081 - INFO - Loading data for Japanese Grand Prix - Race [v3.5.3]
2025-10-27 10:27:07,082 - INFO - Using cached data for session_info
2025-10-27 10:27:07,082 - INFO - Using cached data for driver_info
2025-10-27 10:27:07,260 - INFO - Using cached data for session_status_data
2025-10-27 10:27:07,261 - INFO - Using cached data for lap_count
2025-10-27 10:27:07,262 - INFO - Using cached data for track_status_data
2025-10-27 10:27:07,268 - INFO - Using cached data for _extended_timing_data
2025-10-27 10:27:07,270 - INFO - Using cached data for timing_app_data
2025-10-27 10:27:07,270 - INFO - Processing timing data...
2025-10-27 10:27:08,639 - INFO - Using cached data for car_data
2025-10-27 10:27:08,773 - INFO - Using cached data for position_data
2025-10-27 10:27:11,007 - INFO - Using cached data for weather_data
2025-10-27 10:27:11,014 - INFO - Using cached data for race_control_messages
2025-10-27 10:27:11,071 - INFO - Finished loading data for 20 drivers: ['1', '4', '81', '16', '63', '12', '44', '6', '23', '87', '14', '22', '10', '55', '7', '27', '30', '31', '5', '18']
2025-10-27 10:27:12,437 - INFO - [EXPORT OK] japanese_grand_prix
2025-10-27 10:27:12,463 - INFO - Loading data for Bahrain Grand Prix - Race [v3.5.3]
2025-10-27 10:27:12,472 - INFO - Using cached data for session_info
2025-10-27 10:27:12,476 - INFO - Using cached data for driver_info
2025-10-27 10:27:12,695 - INFO - Using cached data for session_status_data
2025-10-27 10:27:12,708 - INFO - Using cached data for lap_count
2025-10-27 10:27:12,710 - INFO - Using cached data for track_status_data
2025-10-27 10:27:12,747 - INFO - Using cached data for _extended_timing_data
2025-10-27 10:27:12,753 - INFO - Using cached data for timing_app_data
2025-10-27 10:27:12,754 - INFO - Processing timing data...
2025-10-27 10:27:13,625 - WARNING - Driver 63: Lap timing integrity check failed for 3 lap(s)
2025-10-27 10:27:14,622 - INFO - Using cached data for car_data
2025-10-27 10:27:16,190 - INFO - Using cached data for position_data
2025-10-27 10:27:19,408 - INFO - Using cached data for weather_data
2025-10-27 10:27:19,416 - INFO - Using cached data for race_control_messages
2025-10-27 10:27:19,593 - INFO - Finished loading data for 20 drivers: ['81', '63', '4', '16', '44', '1', '10', '31', '22', '87', '12', '23', '6', '7', '14', '30', '18', '5', '55', '27']
2025-10-27 10:27:20,526 - INFO - [EXPORT OK] bahrain_grand_prix
2025-10-27 10:27:20,542 - INFO - Loading data for Saudi Arabian Grand Prix - Race [v3.5.3]
2025-10-27 10:27:20,545 - INFO - Using cached data for session_info
2025-10-27 10:27:20,547 - INFO - Using cached data for driver_info
2025-10-27 10:27:20,745 - INFO - Using cached data for session_status_data
2025-10-27 10:27:20,750 - INFO - Using cached data for lap_count
2025-10-27 10:27:20,753 - INFO - Using cached data for track_status_data
2025-10-27 10:27:20,768 - INFO - Using cached data for _extended_timing_data
2025-10-27 10:27:20,775 - INFO - Using cached data for timing_app_data
2025-10-27 10:27:20,776 - INFO - Processing timing data...
2025-10-27 10:27:22,467 - INFO - Using cached data for car_data
2025-10-27 10:27:22,653 - INFO - Using cached data for position_data
2025-10-27 10:27:25,819 - INFO - Using cached data for weather_data
2025-10-27 10:27:25,828 - INFO - Using cached data for race_control_messages
2025-10-27 10:27:25,919 - INFO - Finished loading data for 20 drivers: ['81', '1', '16', '4', '63', '12', '44', '55', '23', '6', '14', '30', '87', '31', '27', '18', '7', '5', '22', '10']
2025-10-27 10:27:26,949 - INFO - [EXPORT OK] saudi_arabian_grand_prix
2025-10-27 10:27:26,985 - INFO - Loading data for Emilia Romagna Grand Prix - Race [v3.5.3]
2025-10-27 10:27:26,993 - INFO - Using cached data for session_info
2025-10-27 10:27:26,998 - INFO - Using cached data for driver_info
2025-10-27 10:27:27,250 - INFO - Using cached data for session_status_data
2025-10-27 10:27:27,268 - INFO - Using cached data for lap_count
2025-10-27 10:27:27,273 - INFO - Using cached data for track_status_data
2025-10-27 10:27:27,313 - INFO - Using cached data for _extended_timing_data
2025-10-27 10:27:27,321 - INFO - Using cached data for timing_app_data
2025-10-27 10:27:27,322 - INFO - Processing timing data...
2025-10-27 10:27:29,648 - INFO - Using cached data for car_data
2025-10-27 10:27:29,984 - INFO - Using cached data for position_data
2025-10-27 10:27:33,631 - INFO - Using cached data for weather_data
2025-10-27 10:27:33,642 - INFO - Using cached data for race_control_messages
2025-10-27 10:27:33,708 - INFO - Finished loading data for 20 drivers: ['1', '4', '81', '44', '23', '16', '63', '55', '6', '22', '14', '27', '10', '30', '18', '43', '87', '5', '12', '31']
2025-10-27 10:27:35,096 - INFO - [EXPORT OK] emilia_romagna_grand_prix
2025-10-27 10:27:35,109 - INFO - Loading data for Monaco Grand Prix - Race [v3.5.3]
2025-10-27 10:27:35,111 - INFO - Using cached data for session_info
2025-10-27 10:27:35,113 - INFO - Using cached data for driver_info
2025-10-27 10:27:35,338 - INFO - Using cached data for session_status_data
2025-10-27 10:27:35,344 - INFO - Using cached data for lap_count
2025-10-27 10:27:35,351 - INFO - Using cached data for track_status_data
2025-10-27 10:27:35,383 - INFO - Using cached data for _extended_timing_data
2025-10-27 10:27:35,387 - INFO - Using cached data for timing_app_data
2025-10-27 10:27:35,389 - INFO - Processing timing data...
2025-10-27 10:27:37,006 - INFO - Using cached data for car_data
2025-10-27 10:27:37,263 - INFO - Using cached data for position_data
2025-10-27 10:27:40,734 - INFO - Using cached data for weather_data
2025-10-27 10:27:40,744 - INFO - Using cached data for race_control_messages
2025-10-27 10:27:40,856 - INFO - Finished loading data for 20 drivers: ['4', '16', '81', '1', '44', '6', '31', '30', '23', '55', '63', '87', '43', '5', '18', '27', '22', '12', '14', '10']
2025-10-27 10:27:41,979 - INFO - [EXPORT OK] monaco_grand_prix
2025-10-27 10:27:42,003 - INFO - Loading data for Spanish Grand Prix - Race [v3.5.3]
2025-10-27 10:27:42,006 - INFO - Using cached data for session_info
2025-10-27 10:27:42,008 - INFO - Using cached data for driver_info
2025-10-27 10:27:42,183 - WARNING - Request for URL https://api.jolpi.ca/ergast/f1/2025/9/results.json failed; using cached response
Traceback (most recent call last):
  File "/Users/ompatel/Downloads/RacinglinAi/.venv/lib/python3.11/site-packages/requests_cache/session.py", line 291, in _resend
    response.raise_for_status()
  File "/Users/ompatel/Downloads/RacinglinAi/.venv/lib/python3.11/site-packages/requests/models.py", line 1026, in raise_for_status
    raise HTTPError(http_error_msg, response=self)
requests.exceptions.HTTPError: 429 Client Error: Too Many Requests for url: https://api.jolpi.ca/ergast/f1/2025/9/results.json
2025-10-27 10:27:42,239 - INFO - Using cached data for session_status_data
2025-10-27 10:27:42,247 - INFO - Using cached data for lap_count
2025-10-27 10:27:42,250 - INFO - Using cached data for track_status_data
2025-10-27 10:27:42,287 - INFO - Using cached data for _extended_timing_data
2025-10-27 10:27:42,304 - INFO - Using cached data for timing_app_data
2025-10-27 10:27:42,310 - INFO - Processing timing data...
2025-10-27 10:27:44,168 - WARNING - Request for URL https://api.jolpi.ca/ergast/f1/2025/9/laps/1.json failed; using cached response
Traceback (most recent call last):
  File "/Users/ompatel/Downloads/RacinglinAi/.venv/lib/python3.11/site-packages/requests_cache/session.py", line 291, in _resend
    response.raise_for_status()
  File "/Users/ompatel/Downloads/RacinglinAi/.venv/lib/python3.11/site-packages/requests/models.py", line 1026, in raise_for_status
    raise HTTPError(http_error_msg, response=self)
requests.exceptions.HTTPError: 429 Client Error: Too Many Requests for url: https://api.jolpi.ca/ergast/f1/2025/9/laps/1.json
2025-10-27 10:27:44,350 - INFO - Using cached data for car_data
2025-10-27 10:27:44,808 - INFO - Using cached data for position_data
2025-10-27 10:27:49,533 - INFO - Using cached data for weather_data
2025-10-27 10:27:49,546 - INFO - Using cached data for race_control_messages
2025-10-27 10:27:49,679 - INFO - Finished loading data for 19 drivers: ['81', '4', '16', '63', '27', '44', '6', '10', '14', '1', '30', '5', '22', '55', '43', '31', '87', '12', '23']
2025-10-27 10:27:50,650 - INFO - [EXPORT OK] spanish_grand_prix
2025-10-27 10:27:50,689 - INFO - Loading data for Canadian Grand Prix - Race [v3.5.3]
2025-10-27 10:27:50,691 - INFO - Using cached data for session_info
2025-10-27 10:27:50,696 - INFO - Using cached data for driver_info
2025-10-27 10:27:50,883 - WARNING - Request for URL https://api.jolpi.ca/ergast/f1/2025/10/results.json failed; using cached response
Traceback (most recent call last):
  File "/Users/ompatel/Downloads/RacinglinAi/.venv/lib/python3.11/site-packages/requests_cache/session.py", line 291, in _resend
    response.raise_for_status()
  File "/Users/ompatel/Downloads/RacinglinAi/.venv/lib/python3.11/site-packages/requests/models.py", line 1026, in raise_for_status
    raise HTTPError(http_error_msg, response=self)
requests.exceptions.HTTPError: 429 Client Error: Too Many Requests for url: https://api.jolpi.ca/ergast/f1/2025/10/results.json
2025-10-27 10:27:50,898 - DEBUG - Failed to parse timestamp '-1:52:09.782' in Ergastresponse.
2025-10-27 10:27:50,931 - INFO - Using cached data for session_status_data
2025-10-27 10:27:50,939 - INFO - Using cached data for lap_count
2025-10-27 10:27:50,946 - INFO - Using cached data for track_status_data
2025-10-27 10:27:50,998 - INFO - Using cached data for _extended_timing_data
2025-10-27 10:27:51,012 - INFO - Using cached data for timing_app_data
2025-10-27 10:27:51,013 - INFO - Processing timing data...
2025-10-27 10:27:53,276 - WARNING - Request for URL https://api.jolpi.ca/ergast/f1/2025/10/laps/1.json failed; using cached response
Traceback (most recent call last):
  File "/Users/ompatel/Downloads/RacinglinAi/.venv/lib/python3.11/site-packages/requests_cache/session.py", line 291, in _resend
    response.raise_for_status()
  File "/Users/ompatel/Downloads/RacinglinAi/.venv/lib/python3.11/site-packages/requests/models.py", line 1026, in raise_for_status
    raise HTTPError(http_error_msg, response=self)
requests.exceptions.HTTPError: 429 Client Error: Too Many Requests for url: https://api.jolpi.ca/ergast/f1/2025/10/laps/1.json
2025-10-27 10:27:53,704 - INFO - Using cached data for car_data
2025-10-27 10:27:54,584 - INFO - Using cached data for position_data
2025-10-27 10:27:57,670 - INFO - Using cached data for weather_data
2025-10-27 10:27:57,682 - INFO - Using cached data for race_control_messages
2025-10-27 10:27:57,830 - INFO - Finished loading data for 20 drivers: ['63', '1', '12', '81', '16', '44', '14', '27', '31', '55', '87', '22', '43', '5', '10', '6', '18', '4', '30', '23']
2025-10-27 10:27:58,834 - INFO - [EXPORT OK] canadian_grand_prix
2025-10-27 10:27:58,872 - INFO - Loading data for Austrian Grand Prix - Race [v3.5.3]
2025-10-27 10:27:58,877 - INFO - Using cached data for session_info
2025-10-27 10:27:58,883 - INFO - Using cached data for driver_info
2025-10-27 10:27:59,054 - WARNING - Request for URL https://api.jolpi.ca/ergast/f1/2025/11/results.json failed; using cached response
Traceback (most recent call last):
  File "/Users/ompatel/Downloads/RacinglinAi/.venv/lib/python3.11/site-packages/requests_cache/session.py", line 291, in _resend
    response.raise_for_status()
  File "/Users/ompatel/Downloads/RacinglinAi/.venv/lib/python3.11/site-packages/requests/models.py", line 1026, in raise_for_status
    raise HTTPError(http_error_msg, response=self)
requests.exceptions.HTTPError: 429 Client Error: Too Many Requests for url: https://api.jolpi.ca/ergast/f1/2025/11/results.json
2025-10-27 10:27:59,107 - INFO - Using cached data for session_status_data
2025-10-27 10:27:59,112 - INFO - Using cached data for lap_count
2025-10-27 10:27:59,121 - INFO - Using cached data for track_status_data
2025-10-27 10:27:59,178 - INFO - Using cached data for _extended_timing_data
2025-10-27 10:27:59,197 - INFO - Using cached data for timing_app_data
2025-10-27 10:27:59,199 - INFO - Processing timing data...
2025-10-27 10:28:00,353 - WARNING - Request for URL https://api.jolpi.ca/ergast/f1/2025/11/laps/1.json failed; using cached response
Traceback (most recent call last):
  File "/Users/ompatel/Downloads/RacinglinAi/.venv/lib/python3.11/site-packages/requests_cache/session.py", line 291, in _resend
    response.raise_for_status()
  File "/Users/ompatel/Downloads/RacinglinAi/.venv/lib/python3.11/site-packages/requests/models.py", line 1026, in raise_for_status
    raise HTTPError(http_error_msg, response=self)
requests.exceptions.HTTPError: 429 Client Error: Too Many Requests for url: https://api.jolpi.ca/ergast/f1/2025/11/laps/1.json
2025-10-27 10:28:00,516 - INFO - Using cached data for car_data
2025-10-27 10:28:01,944 - INFO - Using cached data for position_data
2025-10-27 10:28:06,543 - INFO - Using cached data for weather_data
2025-10-27 10:28:06,553 - INFO - Using cached data for race_control_messages
2025-10-27 10:28:06,613 - INFO - Finished loading data for 20 drivers: ['4', '81', '16', '44', '63', '30', '14', '5', '27', '31', '87', '6', '10', '18', '43', '22', '23', '1', '12', '55']
2025-10-27 10:28:07,795 - INFO - [EXPORT OK] austrian_grand_prix
2025-10-27 10:28:07,827 - INFO - Loading data for British Grand Prix - Race [v3.5.3]
2025-10-27 10:28:07,833 - INFO - Using cached data for session_info
2025-10-27 10:28:07,838 - INFO - Using cached data for driver_info
2025-10-27 10:28:08,113 - WARNING - Request for URL https://api.jolpi.ca/ergast/f1/2025/12/results.json failed; using cached response
Traceback (most recent call last):
  File "/Users/ompatel/Downloads/RacinglinAi/.venv/lib/python3.11/site-packages/requests_cache/session.py", line 291, in _resend
    response.raise_for_status()
  File "/Users/ompatel/Downloads/RacinglinAi/.venv/lib/python3.11/site-packages/requests/models.py", line 1026, in raise_for_status
    raise HTTPError(http_error_msg, response=self)
requests.exceptions.HTTPError: 429 Client Error: Too Many Requests for url: https://api.jolpi.ca/ergast/f1/2025/12/results.json
2025-10-27 10:28:08,166 - INFO - Using cached data for session_status_data
2025-10-27 10:28:08,175 - INFO - Using cached data for lap_count
2025-10-27 10:28:08,195 - INFO - Using cached data for track_status_data
2025-10-27 10:28:08,235 - INFO - Using cached data for _extended_timing_data
2025-10-27 10:28:08,248 - INFO - Using cached data for timing_app_data
2025-10-27 10:28:08,249 - INFO - Processing timing data...
2025-10-27 10:28:09,245 - WARNING - Request for URL https://api.jolpi.ca/ergast/f1/2025/12/laps/1.json failed; using cached response
Traceback (most recent call last):
  File "/Users/ompatel/Downloads/RacinglinAi/.venv/lib/python3.11/site-packages/requests_cache/session.py", line 291, in _resend
    response.raise_for_status()
  File "/Users/ompatel/Downloads/RacinglinAi/.venv/lib/python3.11/site-packages/requests/models.py", line 1026, in raise_for_status
    raise HTTPError(http_error_msg, response=self)
requests.exceptions.HTTPError: 429 Client Error: Too Many Requests for url: https://api.jolpi.ca/ergast/f1/2025/12/laps/1.json
2025-10-27 10:28:09,404 - INFO - Using cached data for car_data
2025-10-27 10:28:10,892 - INFO - Using cached data for position_data
2025-10-27 10:28:14,634 - INFO - Using cached data for weather_data
2025-10-27 10:28:14,655 - INFO - Using cached data for race_control_messages
2025-10-27 10:28:14,891 - INFO - Finished loading data for 20 drivers: ['4', '81', '27', '44', '1', '10', '18', '23', '14', '63', '87', '55', '31', '16', '22', '12', '6', '5', '30', '43']
2025-10-27 10:28:15,922 - INFO - [EXPORT OK] british_grand_prix
2025-10-27 10:28:15,953 - INFO - Loading data for Hungarian Grand Prix - Race [v3.5.3]
2025-10-27 10:28:15,955 - INFO - Using cached data for session_info
2025-10-27 10:28:15,959 - INFO - Using cached data for driver_info
2025-10-27 10:28:16,407 - INFO - Using cached data for session_status_data
2025-10-27 10:28:16,426 - INFO - Using cached data for lap_count
2025-10-27 10:28:16,428 - INFO - Using cached data for track_status_data
2025-10-27 10:28:16,442 - INFO - Using cached data for _extended_timing_data
2025-10-27 10:28:16,452 - INFO - Using cached data for timing_app_data
2025-10-27 10:28:16,453 - INFO - Processing timing data...
2025-10-27 10:28:18,159 - WARNING - Request for URL https://api.jolpi.ca/ergast/f1/2025/14/laps/1.json failed; using cached response
Traceback (most recent call last):
  File "/Users/ompatel/Downloads/RacinglinAi/.venv/lib/python3.11/site-packages/requests_cache/session.py", line 291, in _resend
    response.raise_for_status()
  File "/Users/ompatel/Downloads/RacinglinAi/.venv/lib/python3.11/site-packages/requests/models.py", line 1026, in raise_for_status
    raise HTTPError(http_error_msg, response=self)
requests.exceptions.HTTPError: 429 Client Error: Too Many Requests for url: https://api.jolpi.ca/ergast/f1/2025/14/laps/1.json
2025-10-27 10:28:18,331 - INFO - Using cached data for car_data
2025-10-27 10:28:18,744 - INFO - Using cached data for position_data
2025-10-27 10:28:23,414 - INFO - Using cached data for weather_data
2025-10-27 10:28:23,433 - INFO - Using cached data for race_control_messages
2025-10-27 10:28:23,565 - INFO - Finished loading data for 20 drivers: ['4', '81', '63', '16', '14', '5', '18', '30', '1', '12', '6', '44', '27', '55', '23', '31', '22', '43', '10', '87']
2025-10-27 10:28:25,473 - INFO - [EXPORT OK] hungarian_grand_prix
2025-10-27 10:28:25,540 - INFO - Loading data for Dutch Grand Prix - Race [v3.5.3]
2025-10-27 10:28:25,565 - INFO - Using cached data for session_info
2025-10-27 10:28:25,571 - INFO - Using cached data for driver_info
2025-10-27 10:28:25,771 - DEBUG - Failed to parse timestamp '-1:47:38.638' in Ergastresponse.
2025-10-27 10:28:25,801 - INFO - Using cached data for session_status_data
2025-10-27 10:28:25,803 - INFO - Using cached data for lap_count
2025-10-27 10:28:25,807 - INFO - Using cached data for track_status_data
2025-10-27 10:28:25,851 - INFO - Using cached data for _extended_timing_data
2025-10-27 10:28:25,858 - INFO - Using cached data for timing_app_data
2025-10-27 10:28:25,859 - INFO - Processing timing data...
2025-10-27 10:28:28,349 - WARNING - Request for URL https://api.jolpi.ca/ergast/f1/2025/15/laps/1.json failed; using cached response
Traceback (most recent call last):
  File "/Users/ompatel/Downloads/RacinglinAi/.venv/lib/python3.11/site-packages/requests_cache/session.py", line 291, in _resend
    response.raise_for_status()
  File "/Users/ompatel/Downloads/RacinglinAi/.venv/lib/python3.11/site-packages/requests/models.py", line 1026, in raise_for_status
    raise HTTPError(http_error_msg, response=self)
requests.exceptions.HTTPError: 429 Client Error: Too Many Requests for url: https://api.jolpi.ca/ergast/f1/2025/15/laps/1.json
2025-10-27 10:28:28,560 - INFO - Using cached data for car_data
2025-10-27 10:28:28,940 - INFO - Using cached data for position_data
2025-10-27 10:28:32,201 - INFO - Using cached data for weather_data
2025-10-27 10:28:32,224 - INFO - Using cached data for race_control_messages
2025-10-27 10:28:32,427 - INFO - Finished loading data for 20 drivers: ['81', '1', '6', '63', '23', '87', '18', '14', '22', '31', '43', '30', '55', '27', '5', '12', '10', '4', '16', '44']
2025-10-27 10:28:33,642 - INFO - [EXPORT OK] dutch_grand_prix
2025-10-27 10:28:33,677 - INFO - Loading data for Italian Grand Prix - Race [v3.5.3]
2025-10-27 10:28:33,680 - INFO - Using cached data for session_info
2025-10-27 10:28:33,693 - INFO - Using cached data for driver_info
2025-10-27 10:28:33,938 - WARNING - Request for URL https://api.jolpi.ca/ergast/f1/2025/16/results.json failed; using cached response
Traceback (most recent call last):
  File "/Users/ompatel/Downloads/RacinglinAi/.venv/lib/python3.11/site-packages/requests_cache/session.py", line 291, in _resend
    response.raise_for_status()
  File "/Users/ompatel/Downloads/RacinglinAi/.venv/lib/python3.11/site-packages/requests/models.py", line 1026, in raise_for_status
    raise HTTPError(http_error_msg, response=self)
requests.exceptions.HTTPError: 429 Client Error: Too Many Requests for url: https://api.jolpi.ca/ergast/f1/2025/16/results.json
2025-10-27 10:28:33,990 - INFO - Using cached data for session_status_data
2025-10-27 10:28:33,992 - INFO - Using cached data for lap_count
2025-10-27 10:28:33,994 - INFO - Using cached data for track_status_data
2025-10-27 10:28:34,011 - INFO - Using cached data for _extended_timing_data
2025-10-27 10:28:34,016 - INFO - Using cached data for timing_app_data
2025-10-27 10:28:34,017 - INFO - Processing timing data...
2025-10-27 10:28:35,311 - WARNING - Request for URL https://api.jolpi.ca/ergast/f1/2025/16/laps/1.json failed; using cached response
Traceback (most recent call last):
  File "/Users/ompatel/Downloads/RacinglinAi/.venv/lib/python3.11/site-packages/requests_cache/session.py", line 291, in _resend
    response.raise_for_status()
  File "/Users/ompatel/Downloads/RacinglinAi/.venv/lib/python3.11/site-packages/requests/models.py", line 1026, in raise_for_status
    raise HTTPError(http_error_msg, response=self)
requests.exceptions.HTTPError: 429 Client Error: Too Many Requests for url: https://api.jolpi.ca/ergast/f1/2025/16/laps/1.json
2025-10-27 10:28:35,404 - INFO - Using cached data for car_data
2025-10-27 10:28:35,675 - INFO - Using cached data for position_data
2025-10-27 10:28:39,544 - INFO - Using cached data for weather_data
2025-10-27 10:28:39,562 - INFO - Using cached data for race_control_messages
2025-10-27 10:28:39,721 - INFO - Finished loading data for 20 drivers: ['1', '4', '81', '16', '63', '44', '23', '5', '12', '6', '55', '87', '22', '30', '31', '10', '43', '18', '14', '27']
2025-10-27 10:28:41,042 - INFO - [EXPORT OK] italian_grand_prix
2025-10-27 10:28:41,080 - INFO - Loading data for Azerbaijan Grand Prix - Race [v3.5.3]
2025-10-27 10:28:41,092 - INFO - Using cached data for session_info
2025-10-27 10:28:41,094 - INFO - Using cached data for driver_info
2025-10-27 10:28:41,338 - WARNING - Request for URL https://api.jolpi.ca/ergast/f1/2025/17/results.json failed; using cached response
Traceback (most recent call last):
  File "/Users/ompatel/Downloads/RacinglinAi/.venv/lib/python3.11/site-packages/requests_cache/session.py", line 291, in _resend
    response.raise_for_status()
  File "/Users/ompatel/Downloads/RacinglinAi/.venv/lib/python3.11/site-packages/requests/models.py", line 1026, in raise_for_status
    raise HTTPError(http_error_msg, response=self)
requests.exceptions.HTTPError: 429 Client Error: Too Many Requests for url: https://api.jolpi.ca/ergast/f1/2025/17/results.json
2025-10-27 10:28:41,371 - INFO - Using cached data for session_status_data
2025-10-27 10:28:41,373 - INFO - Using cached data for lap_count
2025-10-27 10:28:41,374 - INFO - Using cached data for track_status_data
2025-10-27 10:28:41,386 - INFO - Using cached data for _extended_timing_data
2025-10-27 10:28:41,389 - INFO - Using cached data for timing_app_data
2025-10-27 10:28:41,389 - INFO - Processing timing data...
2025-10-27 10:28:43,451 - INFO - Using cached data for car_data
2025-10-27 10:28:44,886 - INFO - Using cached data for position_data
2025-10-27 10:28:47,848 - INFO - Using cached data for weather_data
2025-10-27 10:28:47,864 - INFO - Using cached data for race_control_messages
2025-10-27 10:28:47,876 - WARNING - Driver 1 completed the race distance 00:00.015000 before the recorded end of the session.
2025-10-27 10:28:47,925 - INFO - Finished loading data for 20 drivers: ['1', '63', '55', '12', '30', '22', '4', '44', '16', '6', '5', '87', '23', '31', '14', '27', '18', '10', '43', '81']
2025-10-27 10:28:49,379 - INFO - [EXPORT OK] azerbaijan_grand_prix
2025-10-27 10:28:49,441 - INFO - Loading data for Singapore Grand Prix - Race [v3.5.3]
2025-10-27 10:28:49,444 - INFO - Using cached data for session_info
2025-10-27 10:28:49,445 - INFO - Using cached data for driver_info
2025-10-27 10:28:49,720 - INFO - Using cached data for session_status_data
2025-10-27 10:28:49,723 - INFO - Using cached data for lap_count
2025-10-27 10:28:49,727 - INFO - Using cached data for track_status_data
2025-10-27 10:28:49,746 - INFO - Using cached data for _extended_timing_data
2025-10-27 10:28:49,749 - INFO - Using cached data for timing_app_data
2025-10-27 10:28:49,749 - INFO - Processing timing data...
2025-10-27 10:28:51,235 - WARNING - Request for URL https://api.jolpi.ca/ergast/f1/2025/18/laps/1.json failed; using cached response
Traceback (most recent call last):
  File "/Users/ompatel/Downloads/RacinglinAi/.venv/lib/python3.11/site-packages/requests_cache/session.py", line 291, in _resend
    response.raise_for_status()
  File "/Users/ompatel/Downloads/RacinglinAi/.venv/lib/python3.11/site-packages/requests/models.py", line 1026, in raise_for_status
    raise HTTPError(http_error_msg, response=self)
requests.exceptions.HTTPError: 429 Client Error: Too Many Requests for url: https://api.jolpi.ca/ergast/f1/2025/18/laps/1.json
2025-10-27 10:28:51,385 - INFO - Using cached data for car_data
2025-10-27 10:28:51,728 - INFO - Using cached data for position_data
2025-10-27 10:28:56,507 - INFO - Using cached data for weather_data
2025-10-27 10:28:56,537 - INFO - Using cached data for race_control_messages
2025-10-27 10:28:56,634 - INFO - Finished loading data for 20 drivers: ['63', '1', '4', '81', '12', '16', '14', '44', '87', '55', '6', '22', '18', '23', '30', '43', '5', '31', '10', '27']
2025-10-27 10:28:57,959 - INFO - [EXPORT OK] singapore_grand_prix
2025-10-27 10:28:57,994 - INFO - Loading data for Mexico City Grand Prix - Race [v3.5.3]
2025-10-27 10:28:57,996 - INFO - No cached data found for session_info. Loading data...
2025-10-27 10:28:57,997 - INFO - Fetching session info data...
2025-10-27 10:28:58,787 - INFO - Data has been written to cache!
2025-10-27 10:28:58,802 - INFO - No cached data found for driver_info. Loading data...
2025-10-27 10:28:58,808 - INFO - Fetching driver list...
2025-10-27 10:28:59,402 - INFO - Data has been written to cache!
2025-10-27 10:28:59,632 - WARNING - Request for URL https://api.jolpi.ca/ergast/f1/2025/20/results.json failed; using cached response
Traceback (most recent call last):
  File "/Users/ompatel/Downloads/RacinglinAi/.venv/lib/python3.11/site-packages/requests_cache/session.py", line 291, in _resend
    response.raise_for_status()
  File "/Users/ompatel/Downloads/RacinglinAi/.venv/lib/python3.11/site-packages/requests/models.py", line 1026, in raise_for_status
    raise HTTPError(http_error_msg, response=self)
requests.exceptions.HTTPError: 429 Client Error: Too Many Requests for url: https://api.jolpi.ca/ergast/f1/2025/20/results.json
2025-10-27 10:28:59,636 - WARNING - No result data for this session available on Ergast! (This is expected for recent sessions)
2025-10-27 10:28:59,675 - INFO - No cached data found for session_status_data. Loading data...
2025-10-27 10:28:59,685 - INFO - Fetching session status data...
2025-10-27 10:29:00,235 - INFO - Data has been written to cache!
2025-10-27 10:29:00,248 - INFO - No cached data found for lap_count. Loading data...
2025-10-27 10:29:00,249 - INFO - Fetching lap count data...
2025-10-27 10:29:00,367 - INFO - Data has been written to cache!
2025-10-27 10:29:00,368 - INFO - No cached data found for track_status_data. Loading data...
2025-10-27 10:29:00,370 - INFO - Fetching track status data...
2025-10-27 10:29:01,044 - INFO - Data has been written to cache!
2025-10-27 10:29:01,058 - INFO - No cached data found for _extended_timing_data. Loading data...
2025-10-27 10:29:01,059 - INFO - Fetching timing data...
2025-10-27 10:29:03,995 - INFO - Parsing timing data...
2025-10-27 10:29:05,944 - INFO - Data has been written to cache!
2025-10-27 10:29:05,952 - INFO - No cached data found for timing_app_data. Loading data...
2025-10-27 10:29:05,958 - INFO - Fetching timing app data...
2025-10-27 10:29:06,160 - INFO - Data has been written to cache!
2025-10-27 10:29:06,161 - INFO - Processing timing data...
2025-10-27 10:29:07,753 - INFO - No cached data found for car_data. Loading data...
2025-10-27 10:29:07,760 - INFO - Fetching car data...
2025-10-27 10:29:08,672 - INFO - Parsing car data...
2025-10-27 10:29:14,579 - INFO - Data has been written to cache!
2025-10-27 10:29:14,608 - INFO - No cached data found for position_data. Loading data...
2025-10-27 10:29:14,614 - INFO - Fetching position data...
2025-10-27 10:29:15,118 - INFO - Parsing position data...
2025-10-27 10:29:21,323 - INFO - Data has been written to cache!
2025-10-27 10:29:24,650 - INFO - No cached data found for weather_data. Loading data...
2025-10-27 10:29:24,652 - INFO - Fetching weather data...
2025-10-27 10:29:25,201 - INFO - Data has been written to cache!
2025-10-27 10:29:25,218 - INFO - No cached data found for race_control_messages. Loading data...
2025-10-27 10:29:25,219 - INFO - Fetching race control messages...
2025-10-27 10:29:25,728 - INFO - Data has been written to cache!
2025-10-27 10:29:25,831 - INFO - Finished loading data for 20 drivers: ['4', '16', '44', '63', '1', '12', '81', '6', '87', '22', '31', '55', '27', '14', '30', '5', '23', '10', '18', '43']
2025-10-27 10:29:26,808 - INFO - [EXPORT OK] mexico_city_grand_prix
2025-10-27 10:29:26,842 - INFO - Loading data for Las Vegas Grand Prix - Race [v3.5.3]
2025-10-27 10:29:26,846 - INFO - No cached data found for session_info. Loading data...
2025-10-27 10:29:26,847 - INFO - Fetching session info data...
2025-10-27 10:29:27,334 - DEBUG - Falling back to livetiming mirror (https://livetiming-mirror.fastf1.dev)
2025-10-27 10:29:27,719 - WARNING - Failed to load session info data!
2025-10-27 10:29:27,746 - DEBUG - Traceback for failure in session info data
Traceback (most recent call last):
  File "/Users/ompatel/Downloads/RacinglinAi/.venv/lib/python3.11/site-packages/fastf1/logger.py", line 151, in __wrapped
    return func(*args, **kwargs)
           ^^^^^^^^^^^^^^^^^^^^^
  File "/Users/ompatel/Downloads/RacinglinAi/.venv/lib/python3.11/site-packages/fastf1/core.py", line 1470, in _load_session_info
    self._session_info = api.session_info(self.api_path,
                         ^^^^^^^^^^^^^^^^^^^^^^^^^^^^^^^
  File "/Users/ompatel/Downloads/RacinglinAi/.venv/lib/python3.11/site-packages/fastf1/req.py", line 479, in _cached_api_request
    data = func(api_path, **func_kwargs)
           ^^^^^^^^^^^^^^^^^^^^^^^^^^^^^
  File "/Users/ompatel/Downloads/RacinglinAi/.venv/lib/python3.11/site-packages/fastf1/_api.py", line 1687, in session_info
    raise SessionNotAvailableError(
fastf1._api.SessionNotAvailableError: No data for this session! If this session only finished recently, please try again in a few minutes.
2025-10-27 10:29:27,749 - INFO - No cached data found for driver_info. Loading data...
2025-10-27 10:29:27,750 - INFO - Fetching driver list...
2025-10-27 10:29:28,272 - DEBUG - Falling back to livetiming mirror (https://livetiming-mirror.fastf1.dev)
2025-10-27 10:29:28,618 - WARNING - Failed to load extended driver information!
2025-10-27 10:29:28,621 - DEBUG - Exception while loading driver list
Traceback (most recent call last):
  File "/Users/ompatel/Downloads/RacinglinAi/.venv/lib/python3.11/site-packages/fastf1/core.py", line 2291, in _drivers_from_f1_api
    f1di = api.driver_info(self.api_path, livedata=livedata)
           ^^^^^^^^^^^^^^^^^^^^^^^^^^^^^^^^^^^^^^^^^^^^^^^^^
  File "/Users/ompatel/Downloads/RacinglinAi/.venv/lib/python3.11/site-packages/fastf1/req.py", line 479, in _cached_api_request
    data = func(api_path, **func_kwargs)
           ^^^^^^^^^^^^^^^^^^^^^^^^^^^^^
  File "/Users/ompatel/Downloads/RacinglinAi/.venv/lib/python3.11/site-packages/fastf1/_api.py", line 1535, in driver_info
    raise SessionNotAvailableError(
fastf1._api.SessionNotAvailableError: No data for this session! If this session only finished recently, please try again in a few minutes.
2025-10-27 10:29:28,807 - WARNING - No result data for this session available on Ergast! (This is expected for recent sessions)
2025-10-27 10:29:28,808 - WARNING - Failed to load driver list and session results!
2025-10-27 10:29:28,815 - INFO - No cached data found for session_status_data. Loading data...
2025-10-27 10:29:28,816 - INFO - Fetching session status data...
2025-10-27 10:29:29,474 - DEBUG - Falling back to livetiming mirror (https://livetiming-mirror.fastf1.dev)
2025-10-27 10:29:29,825 - WARNING - Failed to load session status data!
2025-10-27 10:29:29,827 - DEBUG - Traceback for failure in session status data
Traceback (most recent call last):
  File "/Users/ompatel/Downloads/RacinglinAi/.venv/lib/python3.11/site-packages/fastf1/logger.py", line 151, in __wrapped
    return func(*args, **kwargs)
           ^^^^^^^^^^^^^^^^^^^^^
  File "/Users/ompatel/Downloads/RacinglinAi/.venv/lib/python3.11/site-packages/fastf1/core.py", line 2052, in _load_session_status_data
    session_status = api.session_status_data(self.api_path,
                     ^^^^^^^^^^^^^^^^^^^^^^^^^^^^^^^^^^^^^^
  File "/Users/ompatel/Downloads/RacinglinAi/.venv/lib/python3.11/site-packages/fastf1/req.py", line 479, in _cached_api_request
    data = func(api_path, **func_kwargs)
           ^^^^^^^^^^^^^^^^^^^^^^^^^^^^^
  File "/Users/ompatel/Downloads/RacinglinAi/.venv/lib/python3.11/site-packages/fastf1/_api.py", line 1333, in session_status_data
    raise SessionNotAvailableError(
fastf1._api.SessionNotAvailableError: No data for this session! If this session only finished recently, please try again in a few minutes.
2025-10-27 10:29:29,827 - INFO - No cached data found for lap_count. Loading data...
2025-10-27 10:29:29,828 - INFO - Fetching lap count data...
2025-10-27 10:29:30,328 - DEBUG - Falling back to livetiming mirror (https://livetiming-mirror.fastf1.dev)
2025-10-27 10:29:30,623 - WARNING - Failed to load total lap count!
2025-10-27 10:29:30,624 - DEBUG - Traceback for failure in total lap count
Traceback (most recent call last):
  File "/Users/ompatel/Downloads/RacinglinAi/.venv/lib/python3.11/site-packages/fastf1/logger.py", line 151, in __wrapped
    return func(*args, **kwargs)
           ^^^^^^^^^^^^^^^^^^^^^
  File "/Users/ompatel/Downloads/RacinglinAi/.venv/lib/python3.11/site-packages/fastf1/core.py", line 2034, in _load_total_lap_count
    lap_count = api.lap_count(self.api_path, livedata=livedata)
                ^^^^^^^^^^^^^^^^^^^^^^^^^^^^^^^^^^^^^^^^^^^^^^^
  File "/Users/ompatel/Downloads/RacinglinAi/.venv/lib/python3.11/site-packages/fastf1/req.py", line 479, in _cached_api_request
    data = func(api_path, **func_kwargs)
           ^^^^^^^^^^^^^^^^^^^^^^^^^^^^^
  File "/Users/ompatel/Downloads/RacinglinAi/.venv/lib/python3.11/site-packages/fastf1/_api.py", line 1476, in lap_count
    raise SessionNotAvailableError(
fastf1._api.SessionNotAvailableError: No data for this session! If this session only finished recently, please try again in a few minutes.
2025-10-27 10:29:30,624 - INFO - No cached data found for track_status_data. Loading data...
2025-10-27 10:29:30,625 - INFO - Fetching track status data...
2025-10-27 10:29:31,107 - DEBUG - Falling back to livetiming mirror (https://livetiming-mirror.fastf1.dev)
2025-10-27 10:29:31,435 - WARNING - Failed to load track status data!
2025-10-27 10:29:31,436 - DEBUG - Traceback for failure in track status data
Traceback (most recent call last):
  File "/Users/ompatel/Downloads/RacinglinAi/.venv/lib/python3.11/site-packages/fastf1/logger.py", line 151, in __wrapped
    return func(*args, **kwargs)
           ^^^^^^^^^^^^^^^^^^^^^
  File "/Users/ompatel/Downloads/RacinglinAi/.venv/lib/python3.11/site-packages/fastf1/core.py", line 2021, in _load_track_status_data
    track_status = api.track_status_data(self.api_path, livedata=livedata)
                   ^^^^^^^^^^^^^^^^^^^^^^^^^^^^^^^^^^^^^^^^^^^^^^^^^^^^^^^
  File "/Users/ompatel/Downloads/RacinglinAi/.venv/lib/python3.11/site-packages/fastf1/req.py", line 479, in _cached_api_request
    data = func(api_path, **func_kwargs)
           ^^^^^^^^^^^^^^^^^^^^^^^^^^^^^
  File "/Users/ompatel/Downloads/RacinglinAi/.venv/lib/python3.11/site-packages/fastf1/_api.py", line 1277, in track_status_data
    raise SessionNotAvailableError(
fastf1._api.SessionNotAvailableError: No data for this session! If this session only finished recently, please try again in a few minutes.
2025-10-27 10:29:31,436 - INFO - No cached data found for _extended_timing_data. Loading data...
2025-10-27 10:29:31,437 - INFO - Fetching timing data...
2025-10-27 10:29:31,917 - DEBUG - Falling back to livetiming mirror (https://livetiming-mirror.fastf1.dev)
2025-10-27 10:29:32,245 - WARNING - Failed to load timing data!
2025-10-27 10:29:32,247 - DEBUG - Traceback for failure in lap timing data
Traceback (most recent call last):
  File "/Users/ompatel/Downloads/RacinglinAi/.venv/lib/python3.11/site-packages/fastf1/logger.py", line 151, in __wrapped
    return func(*args, **kwargs)
           ^^^^^^^^^^^^^^^^^^^^^
  File "/Users/ompatel/Downloads/RacinglinAi/.venv/lib/python3.11/site-packages/fastf1/core.py", line 1476, in _load_laps_data
    = api._extended_timing_data(self.api_path, livedata=livedata)
      ^^^^^^^^^^^^^^^^^^^^^^^^^^^^^^^^^^^^^^^^^^^^^^^^^^^^^^^^^^^
  File "/Users/ompatel/Downloads/RacinglinAi/.venv/lib/python3.11/site-packages/fastf1/req.py", line 479, in _cached_api_request
    data = func(api_path, **func_kwargs)
           ^^^^^^^^^^^^^^^^^^^^^^^^^^^^^
  File "/Users/ompatel/Downloads/RacinglinAi/.venv/lib/python3.11/site-packages/fastf1/_api.py", line 200, in _extended_timing_data
    raise SessionNotAvailableError(
fastf1._api.SessionNotAvailableError: No data for this session! If this session only finished recently, please try again in a few minutes.
2025-10-27 10:29:32,422 - WARNING - Request for URL https://api.jolpi.ca/ergast/f1/2025/22/laps/1.json failed; using cached response
Traceback (most recent call last):
  File "/Users/ompatel/Downloads/RacinglinAi/.venv/lib/python3.11/site-packages/requests_cache/session.py", line 291, in _resend
    response.raise_for_status()
  File "/Users/ompatel/Downloads/RacinglinAi/.venv/lib/python3.11/site-packages/requests/models.py", line 1026, in raise_for_status
    raise HTTPError(http_error_msg, response=self)
requests.exceptions.HTTPError: 429 Client Error: Too Many Requests for url: https://api.jolpi.ca/ergast/f1/2025/22/laps/1.json
2025-10-27 10:29:32,427 - WARNING - Cannot load lap times for first lap from Ergast. Timing data is not available for this session.
2025-10-27 10:29:32,429 - INFO - No cached data found for car_data. Loading data...
2025-10-27 10:29:32,429 - INFO - Fetching car data...
2025-10-27 10:29:32,995 - DEBUG - Falling back to livetiming mirror (https://livetiming-mirror.fastf1.dev)
2025-10-27 10:29:33,306 - WARNING - Car telemetry data is unavailable!
2025-10-27 10:29:33,306 - INFO - No cached data found for position_data. Loading data...
2025-10-27 10:29:33,307 - INFO - Fetching position data...
2025-10-27 10:29:33,788 - DEBUG - Falling back to livetiming mirror (https://livetiming-mirror.fastf1.dev)
2025-10-27 10:29:34,151 - WARNING - Car position data is unavailable!
2025-10-27 10:29:34,151 - WARNING - Failed to determine `Session.t0_date`!
2025-10-27 10:29:34,152 - INFO - No cached data found for weather_data. Loading data...
2025-10-27 10:29:34,152 - INFO - Fetching weather data...
2025-10-27 10:29:34,629 - DEBUG - Falling back to livetiming mirror (https://livetiming-mirror.fastf1.dev)
2025-10-27 10:29:34,948 - WARNING - Failed to load weather data!
2025-10-27 10:29:34,949 - DEBUG - Traceback for failure in weather data
Traceback (most recent call last):
  File "/Users/ompatel/Downloads/RacinglinAi/.venv/lib/python3.11/site-packages/fastf1/logger.py", line 151, in __wrapped
    return func(*args, **kwargs)
           ^^^^^^^^^^^^^^^^^^^^^
  File "/Users/ompatel/Downloads/RacinglinAi/.venv/lib/python3.11/site-packages/fastf1/core.py", line 2442, in _load_weather_data
    weather_data = api.weather_data(self.api_path, livedata=livedata)
                   ^^^^^^^^^^^^^^^^^^^^^^^^^^^^^^^^^^^^^^^^^^^^^^^^^^
  File "/Users/ompatel/Downloads/RacinglinAi/.venv/lib/python3.11/site-packages/fastf1/req.py", line 479, in _cached_api_request
    data = func(api_path, **func_kwargs)
           ^^^^^^^^^^^^^^^^^^^^^^^^^^^^^
  File "/Users/ompatel/Downloads/RacinglinAi/.venv/lib/python3.11/site-packages/fastf1/_api.py", line 1613, in weather_data
    raise SessionNotAvailableError(
fastf1._api.SessionNotAvailableError: No data for this session! If this session only finished recently, please try again in a few minutes.
2025-10-27 10:29:34,949 - INFO - No cached data found for race_control_messages. Loading data...
2025-10-27 10:29:34,949 - INFO - Fetching race control messages...
2025-10-27 10:29:35,440 - DEBUG - Falling back to livetiming mirror (https://livetiming-mirror.fastf1.dev)
2025-10-27 10:29:35,769 - WARNING - Failed to load race control messages!
2025-10-27 10:29:35,771 - DEBUG - Traceback for failure in race control messages
Traceback (most recent call last):
  File "/Users/ompatel/Downloads/RacinglinAi/.venv/lib/python3.11/site-packages/fastf1/logger.py", line 151, in __wrapped
    return func(*args, **kwargs)
           ^^^^^^^^^^^^^^^^^^^^^
  File "/Users/ompatel/Downloads/RacinglinAi/.venv/lib/python3.11/site-packages/fastf1/core.py", line 2449, in _load_race_control_messages
    race_control_messages = api.race_control_messages(self.api_path,
                            ^^^^^^^^^^^^^^^^^^^^^^^^^^^^^^^^^^^^^^^^
  File "/Users/ompatel/Downloads/RacinglinAi/.venv/lib/python3.11/site-packages/fastf1/req.py", line 479, in _cached_api_request
    data = func(api_path, **func_kwargs)
           ^^^^^^^^^^^^^^^^^^^^^^^^^^^^^
  File "/Users/ompatel/Downloads/RacinglinAi/.venv/lib/python3.11/site-packages/fastf1/_api.py", line 1404, in race_control_messages
    raise SessionNotAvailableError(
fastf1._api.SessionNotAvailableError: No data for this session! If this session only finished recently, please try again in a few minutes.
2025-10-27 10:29:35,774 - INFO - Finished loading data for 0 drivers: []
2025-10-27 10:29:35,776 - ERROR - [PROCESS FAIL] las_vegas_grand_prix: The data you are trying to access has not been loaded yet. See `Session.load`
2025-10-27 10:29:35,816 - INFO - Loading data for Abu Dhabi Grand Prix - Race [v3.5.3]
2025-10-27 10:29:35,817 - INFO - No cached data found for session_info. Loading data...
2025-10-27 10:29:35,817 - INFO - Fetching session info data...
2025-10-27 10:29:36,299 - DEBUG - Falling back to livetiming mirror (https://livetiming-mirror.fastf1.dev)
2025-10-27 10:29:36,602 - WARNING - Failed to load session info data!
2025-10-27 10:29:36,603 - DEBUG - Traceback for failure in session info data
Traceback (most recent call last):
  File "/Users/ompatel/Downloads/RacinglinAi/.venv/lib/python3.11/site-packages/fastf1/logger.py", line 151, in __wrapped
    return func(*args, **kwargs)
           ^^^^^^^^^^^^^^^^^^^^^
  File "/Users/ompatel/Downloads/RacinglinAi/.venv/lib/python3.11/site-packages/fastf1/core.py", line 1470, in _load_session_info
    self._session_info = api.session_info(self.api_path,
                         ^^^^^^^^^^^^^^^^^^^^^^^^^^^^^^^
  File "/Users/ompatel/Downloads/RacinglinAi/.venv/lib/python3.11/site-packages/fastf1/req.py", line 479, in _cached_api_request
    data = func(api_path, **func_kwargs)
           ^^^^^^^^^^^^^^^^^^^^^^^^^^^^^
  File "/Users/ompatel/Downloads/RacinglinAi/.venv/lib/python3.11/site-packages/fastf1/_api.py", line 1687, in session_info
    raise SessionNotAvailableError(
fastf1._api.SessionNotAvailableError: No data for this session! If this session only finished recently, please try again in a few minutes.
2025-10-27 10:29:36,604 - INFO - No cached data found for driver_info. Loading data...
2025-10-27 10:29:36,605 - INFO - Fetching driver list...
2025-10-27 10:29:37,153 - DEBUG - Falling back to livetiming mirror (https://livetiming-mirror.fastf1.dev)
2025-10-27 10:29:37,511 - WARNING - Failed to load extended driver information!
2025-10-27 10:29:37,514 - DEBUG - Exception while loading driver list
Traceback (most recent call last):
  File "/Users/ompatel/Downloads/RacinglinAi/.venv/lib/python3.11/site-packages/fastf1/core.py", line 2291, in _drivers_from_f1_api
    f1di = api.driver_info(self.api_path, livedata=livedata)
           ^^^^^^^^^^^^^^^^^^^^^^^^^^^^^^^^^^^^^^^^^^^^^^^^^
  File "/Users/ompatel/Downloads/RacinglinAi/.venv/lib/python3.11/site-packages/fastf1/req.py", line 479, in _cached_api_request
    data = func(api_path, **func_kwargs)
           ^^^^^^^^^^^^^^^^^^^^^^^^^^^^^
  File "/Users/ompatel/Downloads/RacinglinAi/.venv/lib/python3.11/site-packages/fastf1/_api.py", line 1535, in driver_info
    raise SessionNotAvailableError(
fastf1._api.SessionNotAvailableError: No data for this session! If this session only finished recently, please try again in a few minutes.
2025-10-27 10:29:37,820 - WARNING - No result data for this session available on Ergast! (This is expected for recent sessions)
2025-10-27 10:29:37,821 - WARNING - Failed to load driver list and session results!
2025-10-27 10:29:37,835 - INFO - No cached data found for session_status_data. Loading data...
2025-10-27 10:29:37,836 - INFO - Fetching session status data...
2025-10-27 10:29:38,392 - DEBUG - Falling back to livetiming mirror (https://livetiming-mirror.fastf1.dev)
2025-10-27 10:29:38,713 - WARNING - Failed to load session status data!
2025-10-27 10:29:38,715 - DEBUG - Traceback for failure in session status data
Traceback (most recent call last):
  File "/Users/ompatel/Downloads/RacinglinAi/.venv/lib/python3.11/site-packages/fastf1/logger.py", line 151, in __wrapped
    return func(*args, **kwargs)
           ^^^^^^^^^^^^^^^^^^^^^
  File "/Users/ompatel/Downloads/RacinglinAi/.venv/lib/python3.11/site-packages/fastf1/core.py", line 2052, in _load_session_status_data
    session_status = api.session_status_data(self.api_path,
                     ^^^^^^^^^^^^^^^^^^^^^^^^^^^^^^^^^^^^^^
  File "/Users/ompatel/Downloads/RacinglinAi/.venv/lib/python3.11/site-packages/fastf1/req.py", line 479, in _cached_api_request
    data = func(api_path, **func_kwargs)
           ^^^^^^^^^^^^^^^^^^^^^^^^^^^^^
  File "/Users/ompatel/Downloads/RacinglinAi/.venv/lib/python3.11/site-packages/fastf1/_api.py", line 1333, in session_status_data
    raise SessionNotAvailableError(
fastf1._api.SessionNotAvailableError: No data for this session! If this session only finished recently, please try again in a few minutes.
2025-10-27 10:29:38,716 - INFO - No cached data found for lap_count. Loading data...
2025-10-27 10:29:38,717 - INFO - Fetching lap count data...
2025-10-27 10:29:39,207 - DEBUG - Falling back to livetiming mirror (https://livetiming-mirror.fastf1.dev)
2025-10-27 10:29:39,530 - WARNING - Failed to load total lap count!
2025-10-27 10:29:39,531 - DEBUG - Traceback for failure in total lap count
Traceback (most recent call last):
  File "/Users/ompatel/Downloads/RacinglinAi/.venv/lib/python3.11/site-packages/fastf1/logger.py", line 151, in __wrapped
    return func(*args, **kwargs)
           ^^^^^^^^^^^^^^^^^^^^^
  File "/Users/ompatel/Downloads/RacinglinAi/.venv/lib/python3.11/site-packages/fastf1/core.py", line 2034, in _load_total_lap_count
    lap_count = api.lap_count(self.api_path, livedata=livedata)
                ^^^^^^^^^^^^^^^^^^^^^^^^^^^^^^^^^^^^^^^^^^^^^^^
  File "/Users/ompatel/Downloads/RacinglinAi/.venv/lib/python3.11/site-packages/fastf1/req.py", line 479, in _cached_api_request
    data = func(api_path, **func_kwargs)
           ^^^^^^^^^^^^^^^^^^^^^^^^^^^^^
  File "/Users/ompatel/Downloads/RacinglinAi/.venv/lib/python3.11/site-packages/fastf1/_api.py", line 1476, in lap_count
    raise SessionNotAvailableError(
fastf1._api.SessionNotAvailableError: No data for this session! If this session only finished recently, please try again in a few minutes.
2025-10-27 10:29:39,533 - INFO - No cached data found for track_status_data. Loading data...
2025-10-27 10:29:39,533 - INFO - Fetching track status data...
2025-10-27 10:29:40,122 - DEBUG - Falling back to livetiming mirror (https://livetiming-mirror.fastf1.dev)
2025-10-27 10:29:40,531 - WARNING - Failed to load track status data!
2025-10-27 10:29:40,532 - DEBUG - Traceback for failure in track status data
Traceback (most recent call last):
  File "/Users/ompatel/Downloads/RacinglinAi/.venv/lib/python3.11/site-packages/fastf1/logger.py", line 151, in __wrapped
    return func(*args, **kwargs)
           ^^^^^^^^^^^^^^^^^^^^^
  File "/Users/ompatel/Downloads/RacinglinAi/.venv/lib/python3.11/site-packages/fastf1/core.py", line 2021, in _load_track_status_data
    track_status = api.track_status_data(self.api_path, livedata=livedata)
                   ^^^^^^^^^^^^^^^^^^^^^^^^^^^^^^^^^^^^^^^^^^^^^^^^^^^^^^^
  File "/Users/ompatel/Downloads/RacinglinAi/.venv/lib/python3.11/site-packages/fastf1/req.py", line 479, in _cached_api_request
    data = func(api_path, **func_kwargs)
           ^^^^^^^^^^^^^^^^^^^^^^^^^^^^^
  File "/Users/ompatel/Downloads/RacinglinAi/.venv/lib/python3.11/site-packages/fastf1/_api.py", line 1277, in track_status_data
    raise SessionNotAvailableError(
fastf1._api.SessionNotAvailableError: No data for this session! If this session only finished recently, please try again in a few minutes.
2025-10-27 10:29:40,533 - INFO - No cached data found for _extended_timing_data. Loading data...
2025-10-27 10:29:40,533 - INFO - Fetching timing data...
2025-10-27 10:29:41,006 - DEBUG - Falling back to livetiming mirror (https://livetiming-mirror.fastf1.dev)
2025-10-27 10:29:41,357 - WARNING - Failed to load timing data!
2025-10-27 10:29:41,358 - DEBUG - Traceback for failure in lap timing data
Traceback (most recent call last):
  File "/Users/ompatel/Downloads/RacinglinAi/.venv/lib/python3.11/site-packages/fastf1/logger.py", line 151, in __wrapped
    return func(*args, **kwargs)
           ^^^^^^^^^^^^^^^^^^^^^
  File "/Users/ompatel/Downloads/RacinglinAi/.venv/lib/python3.11/site-packages/fastf1/core.py", line 1476, in _load_laps_data
    = api._extended_timing_data(self.api_path, livedata=livedata)
      ^^^^^^^^^^^^^^^^^^^^^^^^^^^^^^^^^^^^^^^^^^^^^^^^^^^^^^^^^^^
  File "/Users/ompatel/Downloads/RacinglinAi/.venv/lib/python3.11/site-packages/fastf1/req.py", line 479, in _cached_api_request
    data = func(api_path, **func_kwargs)
           ^^^^^^^^^^^^^^^^^^^^^^^^^^^^^
  File "/Users/ompatel/Downloads/RacinglinAi/.venv/lib/python3.11/site-packages/fastf1/_api.py", line 200, in _extended_timing_data
    raise SessionNotAvailableError(
fastf1._api.SessionNotAvailableError: No data for this session! If this session only finished recently, please try again in a few minutes.
2025-10-27 10:29:41,545 - WARNING - Cannot load lap times for first lap from Ergast. Timing data is not available for this session.
2025-10-27 10:29:41,546 - INFO - No cached data found for car_data. Loading data...
2025-10-27 10:29:41,546 - INFO - Fetching car data...
2025-10-27 10:29:42,099 - DEBUG - Falling back to livetiming mirror (https://livetiming-mirror.fastf1.dev)
2025-10-27 10:29:42,408 - WARNING - Car telemetry data is unavailable!
2025-10-27 10:29:42,410 - INFO - No cached data found for position_data. Loading data...
2025-10-27 10:29:42,410 - INFO - Fetching position data...
2025-10-27 10:29:42,943 - DEBUG - Falling back to livetiming mirror (https://livetiming-mirror.fastf1.dev)
2025-10-27 10:29:43,286 - WARNING - Car position data is unavailable!
2025-10-27 10:29:43,287 - WARNING - Failed to determine `Session.t0_date`!
2025-10-27 10:29:43,287 - INFO - No cached data found for weather_data. Loading data...
2025-10-27 10:29:43,288 - INFO - Fetching weather data...
2025-10-27 10:29:43,911 - DEBUG - Falling back to livetiming mirror (https://livetiming-mirror.fastf1.dev)
2025-10-27 10:29:44,320 - WARNING - Failed to load weather data!
2025-10-27 10:29:44,321 - DEBUG - Traceback for failure in weather data
Traceback (most recent call last):
  File "/Users/ompatel/Downloads/RacinglinAi/.venv/lib/python3.11/site-packages/fastf1/logger.py", line 151, in __wrapped
    return func(*args, **kwargs)
           ^^^^^^^^^^^^^^^^^^^^^
  File "/Users/ompatel/Downloads/RacinglinAi/.venv/lib/python3.11/site-packages/fastf1/core.py", line 2442, in _load_weather_data
    weather_data = api.weather_data(self.api_path, livedata=livedata)
                   ^^^^^^^^^^^^^^^^^^^^^^^^^^^^^^^^^^^^^^^^^^^^^^^^^^
  File "/Users/ompatel/Downloads/RacinglinAi/.venv/lib/python3.11/site-packages/fastf1/req.py", line 479, in _cached_api_request
    data = func(api_path, **func_kwargs)
           ^^^^^^^^^^^^^^^^^^^^^^^^^^^^^
  File "/Users/ompatel/Downloads/RacinglinAi/.venv/lib/python3.11/site-packages/fastf1/_api.py", line 1613, in weather_data
    raise SessionNotAvailableError(
fastf1._api.SessionNotAvailableError: No data for this session! If this session only finished recently, please try again in a few minutes.
2025-10-27 10:29:44,322 - INFO - No cached data found for race_control_messages. Loading data...
2025-10-27 10:29:44,323 - INFO - Fetching race control messages...
2025-10-27 10:29:44,833 - DEBUG - Falling back to livetiming mirror (https://livetiming-mirror.fastf1.dev)
2025-10-27 10:29:45,222 - WARNING - Failed to load race control messages!
2025-10-27 10:29:45,223 - DEBUG - Traceback for failure in race control messages
Traceback (most recent call last):
  File "/Users/ompatel/Downloads/RacinglinAi/.venv/lib/python3.11/site-packages/fastf1/logger.py", line 151, in __wrapped
    return func(*args, **kwargs)
           ^^^^^^^^^^^^^^^^^^^^^
  File "/Users/ompatel/Downloads/RacinglinAi/.venv/lib/python3.11/site-packages/fastf1/core.py", line 2449, in _load_race_control_messages
    race_control_messages = api.race_control_messages(self.api_path,
                            ^^^^^^^^^^^^^^^^^^^^^^^^^^^^^^^^^^^^^^^^
  File "/Users/ompatel/Downloads/RacinglinAi/.venv/lib/python3.11/site-packages/fastf1/req.py", line 479, in _cached_api_request
    data = func(api_path, **func_kwargs)
           ^^^^^^^^^^^^^^^^^^^^^^^^^^^^^
  File "/Users/ompatel/Downloads/RacinglinAi/.venv/lib/python3.11/site-packages/fastf1/_api.py", line 1404, in race_control_messages
    raise SessionNotAvailableError(
fastf1._api.SessionNotAvailableError: No data for this session! If this session only finished recently, please try again in a few minutes.
2025-10-27 10:29:45,226 - INFO - Finished loading data for 0 drivers: []
2025-10-27 10:29:45,227 - ERROR - [PROCESS FAIL] abu_dhabi_grand_prix: The data you are trying to access has not been loaded yet. See `Session.load`
2025-10-27 10:44:00,212 - INFO - Loading data for Australian Grand Prix - Race [v3.5.3]
2025-10-27 10:44:00,219 - INFO - Using cached data for session_info
2025-10-27 10:44:00,271 - INFO - Using cached data for driver_info
2025-10-27 10:44:00,373 - INFO - Using cached data for session_status_data
2025-10-27 10:44:00,376 - INFO - Using cached data for lap_count
2025-10-27 10:44:00,387 - INFO - Using cached data for track_status_data
2025-10-27 10:44:00,427 - INFO - Using cached data for _extended_timing_data
2025-10-27 10:44:00,435 - INFO - Using cached data for timing_app_data
2025-10-27 10:44:00,439 - INFO - Processing timing data...
2025-10-27 10:44:02,041 - INFO - Using cached data for car_data
2025-10-27 10:44:03,404 - INFO - Using cached data for position_data
2025-10-27 10:44:10,825 - INFO - Using cached data for weather_data
2025-10-27 10:44:10,841 - INFO - Using cached data for race_control_messages
2025-10-27 10:44:10,876 - WARNING - Driver 4 completed the race distance 00:00.022000 before the recorded end of the session.
2025-10-27 10:44:11,078 - INFO - Finished loading data for 20 drivers: ['4', '1', '63', '12', '23', '18', '27', '16', '81', '44', '10', '22', '31', '87', '30', '5', '14', '55', '7', '6']
2025-10-27 10:44:11,982 - INFO - [EXPORT OK] australian_grand_prix
2025-10-27 10:44:12,048 - INFO - Loading data for Chinese Grand Prix - Race [v3.5.3]
2025-10-27 10:44:12,052 - INFO - No cached data found for session_info. Loading data...
2025-10-27 10:44:12,056 - INFO - Fetching session info data...
2025-10-27 10:44:12,649 - INFO - Data has been written to cache!
2025-10-27 10:44:12,653 - INFO - No cached data found for driver_info. Loading data...
2025-10-27 10:44:12,669 - INFO - Fetching driver list...
2025-10-27 10:44:13,211 - INFO - Data has been written to cache!
2025-10-27 10:44:14,010 - INFO - No cached data found for session_status_data. Loading data...
2025-10-27 10:44:14,029 - INFO - Fetching session status data...
2025-10-27 10:44:14,773 - INFO - Data has been written to cache!
2025-10-27 10:44:14,800 - INFO - No cached data found for lap_count. Loading data...
2025-10-27 10:44:14,803 - INFO - Fetching lap count data...
2025-10-27 10:44:15,351 - INFO - Data has been written to cache!
2025-10-27 10:44:15,354 - INFO - No cached data found for track_status_data. Loading data...
2025-10-27 10:44:15,356 - INFO - Fetching track status data...
2025-10-27 10:44:15,860 - INFO - Data has been written to cache!
2025-10-27 10:44:15,871 - INFO - No cached data found for _extended_timing_data. Loading data...
2025-10-27 10:44:15,873 - INFO - Fetching timing data...
2025-10-27 10:44:19,783 - INFO - Parsing timing data...
2025-10-27 10:44:21,293 - INFO - Data has been written to cache!
2025-10-27 10:44:21,302 - INFO - No cached data found for timing_app_data. Loading data...
2025-10-27 10:44:21,303 - INFO - Fetching timing app data...
2025-10-27 10:44:22,143 - INFO - Data has been written to cache!
2025-10-27 10:44:22,146 - INFO - Processing timing data...
2025-10-27 10:44:23,194 - INFO - No cached data found for car_data. Loading data...
2025-10-27 10:44:23,205 - INFO - Fetching car data...
2025-10-27 10:44:24,921 - INFO - Parsing car data...
2025-10-27 10:44:29,061 - INFO - Data has been written to cache!
2025-10-27 10:44:29,086 - INFO - No cached data found for position_data. Loading data...
2025-10-27 10:44:29,089 - INFO - Fetching position data...
2025-10-27 10:44:30,819 - INFO - Parsing position data...
2025-10-27 10:44:35,119 - INFO - Data has been written to cache!
2025-10-27 10:44:37,433 - INFO - No cached data found for weather_data. Loading data...
2025-10-27 10:44:37,437 - INFO - Fetching weather data...
2025-10-27 10:44:38,075 - INFO - Data has been written to cache!
2025-10-27 10:44:38,126 - INFO - No cached data found for race_control_messages. Loading data...
2025-10-27 10:44:38,132 - INFO - Fetching race control messages...
2025-10-27 10:44:38,805 - INFO - Data has been written to cache!
2025-10-27 10:44:39,008 - INFO - Finished loading data for 20 drivers: ['81', '4', '63', '1', '31', '12', '23', '87', '18', '55', '6', '30', '7', '5', '27', '22', '14', '16', '44', '10']
2025-10-27 10:44:41,694 - INFO - [EXPORT OK] chinese_grand_prix
2025-10-27 10:44:41,796 - INFO - Loading data for Japanese Grand Prix - Race [v3.5.3]
2025-10-27 10:44:41,801 - INFO - Using cached data for session_info
2025-10-27 10:44:41,805 - INFO - Using cached data for driver_info
2025-10-27 10:44:41,865 - INFO - Using cached data for session_status_data
2025-10-27 10:44:41,867 - INFO - Using cached data for lap_count
2025-10-27 10:44:41,870 - INFO - Using cached data for track_status_data
2025-10-27 10:44:42,057 - INFO - Using cached data for _extended_timing_data
2025-10-27 10:44:42,085 - INFO - Using cached data for timing_app_data
2025-10-27 10:44:42,088 - INFO - Processing timing data...
2025-10-27 10:44:43,642 - INFO - Using cached data for car_data
2025-10-27 10:44:44,009 - INFO - Using cached data for position_data
2025-10-27 10:44:48,405 - INFO - Using cached data for weather_data
2025-10-27 10:44:48,417 - INFO - Using cached data for race_control_messages
2025-10-27 10:44:48,462 - INFO - Finished loading data for 20 drivers: ['1', '4', '81', '16', '63', '12', '44', '6', '23', '87', '14', '22', '10', '55', '7', '27', '30', '31', '5', '18']
2025-10-27 10:44:49,272 - INFO - [EXPORT OK] japanese_grand_prix
2025-10-27 10:44:49,326 - INFO - Loading data for Bahrain Grand Prix - Race [v3.5.3]
2025-10-27 10:44:49,329 - INFO - Using cached data for session_info
2025-10-27 10:44:49,333 - INFO - Using cached data for driver_info
2025-10-27 10:44:49,370 - INFO - Using cached data for session_status_data
2025-10-27 10:44:49,372 - INFO - Using cached data for lap_count
2025-10-27 10:44:49,374 - INFO - Using cached data for track_status_data
2025-10-27 10:44:49,391 - INFO - Using cached data for _extended_timing_data
2025-10-27 10:44:49,398 - INFO - Using cached data for timing_app_data
2025-10-27 10:44:49,399 - INFO - Processing timing data...
2025-10-27 10:44:50,182 - WARNING - Driver 63: Lap timing integrity check failed for 3 lap(s)
2025-10-27 10:44:50,623 - INFO - Using cached data for car_data
2025-10-27 10:44:51,136 - INFO - Using cached data for position_data
2025-10-27 10:44:54,359 - INFO - Using cached data for weather_data
2025-10-27 10:44:54,367 - INFO - Using cached data for race_control_messages
2025-10-27 10:44:54,454 - INFO - Finished loading data for 20 drivers: ['81', '63', '4', '16', '44', '1', '10', '31', '22', '87', '12', '23', '6', '7', '14', '30', '18', '5', '55', '27']
2025-10-27 10:44:54,902 - INFO - [EXPORT OK] bahrain_grand_prix
2025-10-27 10:44:54,917 - INFO - Loading data for Saudi Arabian Grand Prix - Race [v3.5.3]
2025-10-27 10:44:54,919 - INFO - Using cached data for session_info
2025-10-27 10:44:54,920 - INFO - Using cached data for driver_info
2025-10-27 10:44:54,946 - INFO - Using cached data for session_status_data
2025-10-27 10:44:54,948 - INFO - Using cached data for lap_count
2025-10-27 10:44:54,950 - INFO - Using cached data for track_status_data
2025-10-27 10:44:54,962 - INFO - Using cached data for _extended_timing_data
2025-10-27 10:44:54,965 - INFO - Using cached data for timing_app_data
2025-10-27 10:44:54,965 - INFO - Processing timing data...
2025-10-27 10:44:55,815 - INFO - Using cached data for car_data
2025-10-27 10:44:56,017 - INFO - Using cached data for position_data
2025-10-27 10:44:58,493 - INFO - Using cached data for weather_data
2025-10-27 10:44:58,499 - INFO - Using cached data for race_control_messages
2025-10-27 10:44:58,552 - INFO - Finished loading data for 20 drivers: ['81', '1', '16', '4', '63', '12', '44', '55', '23', '6', '14', '30', '87', '31', '27', '18', '7', '5', '22', '10']
2025-10-27 10:44:59,059 - INFO - [EXPORT OK] saudi_arabian_grand_prix
2025-10-27 10:44:59,081 - INFO - Loading data for Miami Grand Prix - Race [v3.5.3]
2025-10-27 10:44:59,083 - INFO - No cached data found for session_info. Loading data...
2025-10-27 10:44:59,084 - INFO - Fetching session info data...
2025-10-27 10:44:59,704 - INFO - Data has been written to cache!
2025-10-27 10:44:59,712 - INFO - No cached data found for driver_info. Loading data...
2025-10-27 10:44:59,722 - INFO - Fetching driver list...
2025-10-27 10:45:00,265 - INFO - Data has been written to cache!
2025-10-27 10:45:00,472 - INFO - No cached data found for session_status_data. Loading data...
2025-10-27 10:45:00,473 - INFO - Fetching session status data...
2025-10-27 10:45:01,145 - INFO - Data has been written to cache!
2025-10-27 10:45:01,164 - INFO - No cached data found for lap_count. Loading data...
2025-10-27 10:45:01,166 - INFO - Fetching lap count data...
2025-10-27 10:45:01,721 - INFO - Data has been written to cache!
2025-10-27 10:45:01,728 - INFO - No cached data found for track_status_data. Loading data...
2025-10-27 10:45:01,731 - INFO - Fetching track status data...
2025-10-27 10:45:02,277 - INFO - Data has been written to cache!
2025-10-27 10:45:02,293 - INFO - No cached data found for _extended_timing_data. Loading data...
2025-10-27 10:45:02,296 - INFO - Fetching timing data...
2025-10-27 10:45:04,165 - INFO - Parsing timing data...
2025-10-27 10:45:05,576 - INFO - Data has been written to cache!
2025-10-27 10:45:05,580 - INFO - No cached data found for timing_app_data. Loading data...
2025-10-27 10:45:05,580 - INFO - Fetching timing app data...
2025-10-27 10:45:06,286 - INFO - Data has been written to cache!
2025-10-27 10:45:06,288 - INFO - Processing timing data...
2025-10-27 10:45:07,299 - WARNING - Failed to add first lap time from Ergast!
2025-10-27 10:45:07,305 - DEBUG - Traceback for failure in first lap time
Traceback (most recent call last):
  File "/Users/ompatel/Downloads/RacinglinAi/.venv/lib/python3.11/site-packages/fastf1/logger.py", line 151, in __wrapped
    return func(*args, **kwargs)
           ^^^^^^^^^^^^^^^^^^^^^
  File "/Users/ompatel/Downloads/RacinglinAi/.venv/lib/python3.11/site-packages/fastf1/core.py", line 1983, in _add_first_lap_time_from_ergast
    response = self._ergast.get_lap_times(
               ^^^^^^^^^^^^^^^^^^^^^^^^^^^
  File "/Users/ompatel/Downloads/RacinglinAi/.venv/lib/python3.11/site-packages/fastf1/ergast/interface.py", line 1350, in get_lap_times
    return self._build_default_result(endpoint='laps',
           ^^^^^^^^^^^^^^^^^^^^^^^^^^^^^^^^^^^^^^^^^^^
  File "/Users/ompatel/Downloads/RacinglinAi/.venv/lib/python3.11/site-packages/fastf1/ergast/interface.py", line 591, in _build_default_result
    return self._build_result(
           ^^^^^^^^^^^^^^^^^^^
  File "/Users/ompatel/Downloads/RacinglinAi/.venv/lib/python3.11/site-packages/fastf1/ergast/interface.py", line 530, in _build_result
    resp = cls._get(url, params)
           ^^^^^^^^^^^^^^^^^^^^^
  File "/Users/ompatel/Downloads/RacinglinAi/.venv/lib/python3.11/site-packages/fastf1/ergast/interface.py", line 502, in _get
    raise ErgastInvalidRequestError(
fastf1.ergast.interface.ErgastInvalidRequestError: Invalid request to Ergast (https://api.jolpi.ca/ergast/f1/2025/6/laps/1.json)
Server response: 'Too Many Requests'
2025-10-27 10:45:07,318 - INFO - No cached data found for car_data. Loading data...
2025-10-27 10:45:07,319 - INFO - Fetching car data...
2025-10-27 10:45:08,234 - INFO - Parsing car data...
2025-10-27 10:45:13,728 - INFO - Data has been written to cache!
2025-10-27 10:45:13,812 - INFO - No cached data found for position_data. Loading data...
2025-10-27 10:45:13,829 - INFO - Fetching position data...
2025-10-27 10:45:14,813 - INFO - Parsing position data...
2025-10-27 10:45:19,897 - INFO - Data has been written to cache!
2025-10-27 10:45:22,631 - INFO - No cached data found for weather_data. Loading data...
2025-10-27 10:45:22,634 - INFO - Fetching weather data...
2025-10-27 10:45:23,143 - INFO - Data has been written to cache!
2025-10-27 10:45:23,156 - INFO - No cached data found for race_control_messages. Loading data...
2025-10-27 10:45:23,160 - INFO - Fetching race control messages...
2025-10-27 10:45:23,676 - INFO - Data has been written to cache!
2025-10-27 10:45:23,687 - WARNING - Driver 81 completed the race distance 00:00.036000 before the recorded end of the session.
2025-10-27 10:45:23,766 - INFO - Finished loading data for 20 drivers: ['81', '4', '63', '1', '23', '12', '16', '44', '55', '22', '6', '31', '10', '27', '14', '18', '30', '5', '87', '7']
2025-10-27 10:45:24,715 - INFO - [EXPORT OK] miami_grand_prix
2025-10-27 10:45:24,749 - INFO - Loading data for Emilia Romagna Grand Prix - Race [v3.5.3]
2025-10-27 10:45:24,755 - INFO - Using cached data for session_info
2025-10-27 10:45:24,760 - INFO - Using cached data for driver_info
2025-10-27 10:45:24,789 - INFO - Using cached data for session_status_data
2025-10-27 10:45:24,793 - INFO - Using cached data for lap_count
2025-10-27 10:45:24,796 - INFO - Using cached data for track_status_data
2025-10-27 10:45:24,820 - INFO - Using cached data for _extended_timing_data
2025-10-27 10:45:24,832 - INFO - Using cached data for timing_app_data
2025-10-27 10:45:24,833 - INFO - Processing timing data...
2025-10-27 10:45:25,879 - INFO - Using cached data for car_data
2025-10-27 10:45:26,072 - INFO - Using cached data for position_data
2025-10-27 10:45:29,071 - INFO - Using cached data for weather_data
2025-10-27 10:45:29,088 - INFO - Using cached data for race_control_messages
2025-10-27 10:45:29,219 - INFO - Finished loading data for 20 drivers: ['1', '4', '81', '44', '23', '16', '63', '55', '6', '22', '14', '27', '10', '30', '18', '43', '87', '5', '12', '31']
2025-10-27 10:45:30,576 - INFO - [EXPORT OK] emilia_romagna_grand_prix
2025-10-27 10:45:30,833 - INFO - Loading data for Monaco Grand Prix - Race [v3.5.3]
2025-10-27 10:45:30,843 - INFO - Using cached data for session_info
2025-10-27 10:45:30,845 - INFO - Using cached data for driver_info
2025-10-27 10:45:30,941 - INFO - Using cached data for session_status_data
2025-10-27 10:45:30,986 - INFO - Using cached data for lap_count
2025-10-27 10:45:31,007 - INFO - Using cached data for track_status_data
2025-10-27 10:45:31,106 - INFO - Using cached data for _extended_timing_data
2025-10-27 10:45:31,113 - INFO - Using cached data for timing_app_data
2025-10-27 10:45:31,120 - INFO - Processing timing data...
2025-10-27 10:45:33,892 - INFO - Using cached data for car_data
2025-10-27 10:45:34,264 - INFO - Using cached data for position_data
2025-10-27 10:45:38,360 - INFO - Using cached data for weather_data
2025-10-27 10:45:38,371 - INFO - Using cached data for race_control_messages
2025-10-27 10:45:38,566 - INFO - Finished loading data for 20 drivers: ['4', '16', '81', '1', '44', '6', '31', '30', '23', '55', '63', '87', '43', '5', '18', '27', '22', '12', '14', '10']
2025-10-27 10:45:39,204 - INFO - [EXPORT OK] monaco_grand_prix
2025-10-27 10:45:39,235 - INFO - Loading data for Spanish Grand Prix - Race [v3.5.3]
2025-10-27 10:45:39,242 - INFO - Using cached data for session_info
2025-10-27 10:45:39,244 - INFO - Using cached data for driver_info
2025-10-27 10:45:39,467 - INFO - Using cached data for session_status_data
2025-10-27 10:45:39,470 - INFO - Using cached data for lap_count
2025-10-27 10:45:39,472 - INFO - Using cached data for track_status_data
2025-10-27 10:45:39,479 - INFO - Using cached data for _extended_timing_data
2025-10-27 10:45:39,484 - INFO - Using cached data for timing_app_data
2025-10-27 10:45:39,485 - INFO - Processing timing data...
2025-10-27 10:45:41,708 - WARNING - Request for URL https://api.jolpi.ca/ergast/f1/2025/9/laps/1.json failed; using cached response
Traceback (most recent call last):
  File "/Users/ompatel/Downloads/RacinglinAi/.venv/lib/python3.11/site-packages/requests_cache/session.py", line 291, in _resend
    response.raise_for_status()
  File "/Users/ompatel/Downloads/RacinglinAi/.venv/lib/python3.11/site-packages/requests/models.py", line 1026, in raise_for_status
    raise HTTPError(http_error_msg, response=self)
requests.exceptions.HTTPError: 429 Client Error: Too Many Requests for url: https://api.jolpi.ca/ergast/f1/2025/9/laps/1.json
2025-10-27 10:45:41,829 - INFO - Using cached data for car_data
2025-10-27 10:45:42,425 - INFO - Using cached data for position_data
2025-10-27 10:45:47,178 - INFO - Using cached data for weather_data
2025-10-27 10:45:47,191 - INFO - Using cached data for race_control_messages
2025-10-27 10:45:47,271 - INFO - Finished loading data for 19 drivers: ['81', '4', '16', '63', '27', '44', '6', '10', '14', '1', '30', '5', '22', '55', '43', '31', '87', '12', '23']
2025-10-27 10:45:47,722 - INFO - [EXPORT OK] spanish_grand_prix
2025-10-27 10:45:47,746 - INFO - Loading data for Canadian Grand Prix - Race [v3.5.3]
2025-10-27 10:45:47,747 - INFO - Using cached data for session_info
2025-10-27 10:45:47,749 - INFO - Using cached data for driver_info
2025-10-27 10:45:47,931 - DEBUG - Failed to parse timestamp '-1:52:09.782' in Ergastresponse.
2025-10-27 10:45:47,944 - INFO - Using cached data for session_status_data
2025-10-27 10:45:47,947 - INFO - Using cached data for lap_count
2025-10-27 10:45:47,949 - INFO - Using cached data for track_status_data
2025-10-27 10:45:47,961 - INFO - Using cached data for _extended_timing_data
2025-10-27 10:45:47,965 - INFO - Using cached data for timing_app_data
2025-10-27 10:45:47,966 - INFO - Processing timing data...
2025-10-27 10:45:49,885 - WARNING - Request for URL https://api.jolpi.ca/ergast/f1/2025/10/laps/1.json failed; using cached response
Traceback (most recent call last):
  File "/Users/ompatel/Downloads/RacinglinAi/.venv/lib/python3.11/site-packages/requests_cache/session.py", line 291, in _resend
    response.raise_for_status()
  File "/Users/ompatel/Downloads/RacinglinAi/.venv/lib/python3.11/site-packages/requests/models.py", line 1026, in raise_for_status
    raise HTTPError(http_error_msg, response=self)
requests.exceptions.HTTPError: 429 Client Error: Too Many Requests for url: https://api.jolpi.ca/ergast/f1/2025/10/laps/1.json
2025-10-27 10:45:49,969 - INFO - Using cached data for car_data
2025-10-27 10:45:50,145 - INFO - Using cached data for position_data
2025-10-27 10:45:52,266 - INFO - Using cached data for weather_data
2025-10-27 10:45:52,269 - INFO - Using cached data for race_control_messages
2025-10-27 10:45:52,322 - INFO - Finished loading data for 20 drivers: ['63', '1', '12', '81', '16', '44', '14', '27', '31', '55', '87', '22', '43', '5', '10', '6', '18', '4', '30', '23']
2025-10-27 10:45:52,552 - INFO - [EXPORT OK] canadian_grand_prix
2025-10-27 10:45:52,564 - INFO - Loading data for Austrian Grand Prix - Race [v3.5.3]
2025-10-27 10:45:52,565 - INFO - Using cached data for session_info
2025-10-27 10:45:52,566 - INFO - Using cached data for driver_info
2025-10-27 10:45:52,732 - WARNING - Request for URL https://api.jolpi.ca/ergast/f1/2025/11/results.json failed; using cached response
Traceback (most recent call last):
  File "/Users/ompatel/Downloads/RacinglinAi/.venv/lib/python3.11/site-packages/requests_cache/session.py", line 291, in _resend
    response.raise_for_status()
  File "/Users/ompatel/Downloads/RacinglinAi/.venv/lib/python3.11/site-packages/requests/models.py", line 1026, in raise_for_status
    raise HTTPError(http_error_msg, response=self)
requests.exceptions.HTTPError: 429 Client Error: Too Many Requests for url: https://api.jolpi.ca/ergast/f1/2025/11/results.json
2025-10-27 10:45:52,744 - INFO - Using cached data for session_status_data
2025-10-27 10:45:52,745 - INFO - Using cached data for lap_count
2025-10-27 10:45:52,746 - INFO - Using cached data for track_status_data
2025-10-27 10:45:52,751 - INFO - Using cached data for _extended_timing_data
2025-10-27 10:45:52,752 - INFO - Using cached data for timing_app_data
2025-10-27 10:45:52,752 - INFO - Processing timing data...
2025-10-27 10:45:53,384 - WARNING - Request for URL https://api.jolpi.ca/ergast/f1/2025/11/laps/1.json failed; using cached response
Traceback (most recent call last):
  File "/Users/ompatel/Downloads/RacinglinAi/.venv/lib/python3.11/site-packages/requests_cache/session.py", line 291, in _resend
    response.raise_for_status()
  File "/Users/ompatel/Downloads/RacinglinAi/.venv/lib/python3.11/site-packages/requests/models.py", line 1026, in raise_for_status
    raise HTTPError(http_error_msg, response=self)
requests.exceptions.HTTPError: 429 Client Error: Too Many Requests for url: https://api.jolpi.ca/ergast/f1/2025/11/laps/1.json
2025-10-27 10:45:53,443 - INFO - Using cached data for car_data
2025-10-27 10:45:53,594 - INFO - Using cached data for position_data
2025-10-27 10:45:55,639 - INFO - Using cached data for weather_data
2025-10-27 10:45:55,646 - INFO - Using cached data for race_control_messages
2025-10-27 10:45:55,686 - INFO - Finished loading data for 20 drivers: ['4', '81', '16', '44', '63', '30', '14', '5', '27', '31', '87', '6', '10', '18', '43', '22', '23', '1', '12', '55']
2025-10-27 10:45:56,197 - INFO - [EXPORT OK] austrian_grand_prix
2025-10-27 10:45:56,217 - INFO - Loading data for British Grand Prix - Race [v3.5.3]
2025-10-27 10:45:56,224 - INFO - Using cached data for session_info
2025-10-27 10:45:56,226 - INFO - Using cached data for driver_info
2025-10-27 10:45:56,520 - INFO - Using cached data for session_status_data
2025-10-27 10:45:56,526 - INFO - Using cached data for lap_count
2025-10-27 10:45:56,527 - INFO - Using cached data for track_status_data
2025-10-27 10:45:56,543 - INFO - Using cached data for _extended_timing_data
2025-10-27 10:45:56,545 - INFO - Using cached data for timing_app_data
2025-10-27 10:45:56,546 - INFO - Processing timing data...
2025-10-27 10:45:57,445 - WARNING - Request for URL https://api.jolpi.ca/ergast/f1/2025/12/laps/1.json failed; using cached response
Traceback (most recent call last):
  File "/Users/ompatel/Downloads/RacinglinAi/.venv/lib/python3.11/site-packages/requests_cache/session.py", line 291, in _resend
    response.raise_for_status()
  File "/Users/ompatel/Downloads/RacinglinAi/.venv/lib/python3.11/site-packages/requests/models.py", line 1026, in raise_for_status
    raise HTTPError(http_error_msg, response=self)
requests.exceptions.HTTPError: 429 Client Error: Too Many Requests for url: https://api.jolpi.ca/ergast/f1/2025/12/laps/1.json
2025-10-27 10:45:57,573 - INFO - Using cached data for car_data
2025-10-27 10:45:58,747 - INFO - Using cached data for position_data
2025-10-27 10:46:00,401 - INFO - Using cached data for weather_data
2025-10-27 10:46:00,407 - INFO - Using cached data for race_control_messages
2025-10-27 10:46:00,474 - INFO - Finished loading data for 20 drivers: ['4', '81', '27', '44', '1', '10', '18', '23', '14', '63', '87', '55', '31', '16', '22', '12', '6', '5', '30', '43']
2025-10-27 10:46:00,648 - INFO - [EXPORT OK] british_grand_prix
2025-10-27 10:46:00,668 - INFO - Loading data for Belgian Grand Prix - Race [v3.5.3]
2025-10-27 10:46:00,672 - INFO - No cached data found for session_info. Loading data...
2025-10-27 10:46:00,672 - INFO - Fetching session info data...
2025-10-27 10:46:01,233 - INFO - Data has been written to cache!
2025-10-27 10:46:01,234 - INFO - No cached data found for driver_info. Loading data...
2025-10-27 10:46:01,234 - INFO - Fetching driver list...
2025-10-27 10:46:01,747 - INFO - Data has been written to cache!
2025-10-27 10:46:01,948 - INFO - No cached data found for session_status_data. Loading data...
2025-10-27 10:46:01,948 - INFO - Fetching session status data...
2025-10-27 10:46:02,509 - INFO - Data has been written to cache!
2025-10-27 10:46:02,515 - INFO - No cached data found for lap_count. Loading data...
2025-10-27 10:46:02,516 - INFO - Fetching lap count data...
2025-10-27 10:46:03,011 - INFO - Data has been written to cache!
2025-10-27 10:46:03,011 - INFO - No cached data found for track_status_data. Loading data...
2025-10-27 10:46:03,011 - INFO - Fetching track status data...
2025-10-27 10:46:03,500 - INFO - Data has been written to cache!
2025-10-27 10:46:03,504 - INFO - No cached data found for _extended_timing_data. Loading data...
2025-10-27 10:46:03,506 - INFO - Fetching timing data...
2025-10-27 10:46:04,907 - INFO - Parsing timing data...
2025-10-27 10:46:05,652 - INFO - Data has been written to cache!
2025-10-27 10:46:05,653 - INFO - No cached data found for timing_app_data. Loading data...
2025-10-27 10:46:05,653 - INFO - Fetching timing app data...
2025-10-27 10:46:06,208 - INFO - Data has been written to cache!
2025-10-27 10:46:06,209 - INFO - Processing timing data...
2025-10-27 10:46:07,221 - INFO - No cached data found for car_data. Loading data...
2025-10-27 10:46:07,239 - INFO - Fetching car data...
2025-10-27 10:46:09,019 - INFO - Parsing car data...
2025-10-27 10:46:13,884 - INFO - Data has been written to cache!
2025-10-27 10:46:13,891 - INFO - No cached data found for position_data. Loading data...
2025-10-27 10:46:13,892 - INFO - Fetching position data...
2025-10-27 10:46:14,896 - INFO - Parsing position data...
2025-10-27 10:46:19,593 - WARNING - Driver 241: Position data is incomplete!
2025-10-27 10:46:19,607 - WARNING - Driver 242: Position data is incomplete!
2025-10-27 10:46:19,618 - WARNING - Driver 243: Position data is incomplete!
2025-10-27 10:46:20,030 - INFO - Data has been written to cache!
2025-10-27 10:46:22,957 - INFO - No cached data found for weather_data. Loading data...
2025-10-27 10:46:22,961 - INFO - Fetching weather data...
2025-10-27 10:46:23,716 - INFO - Data has been written to cache!
2025-10-27 10:46:23,720 - INFO - No cached data found for race_control_messages. Loading data...
2025-10-27 10:46:23,721 - INFO - Fetching race control messages...
2025-10-27 10:46:24,301 - INFO - Data has been written to cache!
2025-10-27 10:46:24,363 - INFO - Finished loading data for 20 drivers: ['81', '4', '16', '1', '63', '23', '44', '30', '5', '10', '87', '27', '22', '18', '31', '12', '14', '55', '43', '6']
2025-10-27 10:46:25,218 - INFO - [EXPORT OK] belgian_grand_prix
2025-10-27 10:46:25,238 - INFO - Loading data for Hungarian Grand Prix - Race [v3.5.3]
2025-10-27 10:46:25,243 - INFO - Using cached data for session_info
2025-10-27 10:46:25,245 - INFO - Using cached data for driver_info
2025-10-27 10:46:25,269 - INFO - Using cached data for session_status_data
2025-10-27 10:46:25,273 - INFO - Using cached data for lap_count
2025-10-27 10:46:25,274 - INFO - Using cached data for track_status_data
2025-10-27 10:46:25,289 - INFO - Using cached data for _extended_timing_data
2025-10-27 10:46:25,294 - INFO - Using cached data for timing_app_data
2025-10-27 10:46:25,295 - INFO - Processing timing data...
2025-10-27 10:46:26,270 - WARNING - Request for URL https://api.jolpi.ca/ergast/f1/2025/14/laps/1.json failed; using cached response
Traceback (most recent call last):
  File "/Users/ompatel/Downloads/RacinglinAi/.venv/lib/python3.11/site-packages/requests_cache/session.py", line 291, in _resend
    response.raise_for_status()
  File "/Users/ompatel/Downloads/RacinglinAi/.venv/lib/python3.11/site-packages/requests/models.py", line 1026, in raise_for_status
    raise HTTPError(http_error_msg, response=self)
requests.exceptions.HTTPError: 429 Client Error: Too Many Requests for url: https://api.jolpi.ca/ergast/f1/2025/14/laps/1.json
2025-10-27 10:46:26,335 - INFO - Using cached data for car_data
2025-10-27 10:46:26,480 - INFO - Using cached data for position_data
2025-10-27 10:46:28,519 - INFO - Using cached data for weather_data
2025-10-27 10:46:28,526 - INFO - Using cached data for race_control_messages
2025-10-27 10:46:28,566 - INFO - Finished loading data for 20 drivers: ['4', '81', '63', '16', '14', '5', '18', '30', '1', '12', '6', '44', '27', '55', '23', '31', '22', '43', '10', '87']
2025-10-27 10:46:28,855 - INFO - [EXPORT OK] hungarian_grand_prix
2025-10-27 10:46:28,865 - INFO - Loading data for Dutch Grand Prix - Race [v3.5.3]
2025-10-27 10:46:28,867 - INFO - Using cached data for session_info
2025-10-27 10:46:28,868 - INFO - Using cached data for driver_info
2025-10-27 10:46:28,873 - DEBUG - Failed to parse timestamp '-1:47:38.638' in Ergastresponse.
2025-10-27 10:46:28,881 - INFO - Using cached data for session_status_data
2025-10-27 10:46:28,882 - INFO - Using cached data for lap_count
2025-10-27 10:46:28,883 - INFO - Using cached data for track_status_data
2025-10-27 10:46:28,890 - INFO - Using cached data for _extended_timing_data
2025-10-27 10:46:28,891 - INFO - Using cached data for timing_app_data
2025-10-27 10:46:28,892 - INFO - Processing timing data...
2025-10-27 10:46:29,926 - WARNING - Request for URL https://api.jolpi.ca/ergast/f1/2025/15/laps/1.json failed; using cached response
Traceback (most recent call last):
  File "/Users/ompatel/Downloads/RacinglinAi/.venv/lib/python3.11/site-packages/requests_cache/session.py", line 291, in _resend
    response.raise_for_status()
  File "/Users/ompatel/Downloads/RacinglinAi/.venv/lib/python3.11/site-packages/requests/models.py", line 1026, in raise_for_status
    raise HTTPError(http_error_msg, response=self)
requests.exceptions.HTTPError: 429 Client Error: Too Many Requests for url: https://api.jolpi.ca/ergast/f1/2025/15/laps/1.json
2025-10-27 10:46:29,993 - INFO - Using cached data for car_data
2025-10-27 10:46:30,151 - INFO - Using cached data for position_data
2025-10-27 10:46:31,837 - INFO - Using cached data for weather_data
2025-10-27 10:46:31,845 - INFO - Using cached data for race_control_messages
2025-10-27 10:46:31,896 - INFO - Finished loading data for 20 drivers: ['81', '1', '6', '63', '23', '87', '18', '14', '22', '31', '43', '30', '55', '27', '5', '12', '10', '4', '16', '44']
2025-10-27 10:46:32,189 - INFO - [EXPORT OK] dutch_grand_prix
2025-10-27 10:46:32,207 - INFO - Loading data for Italian Grand Prix - Race [v3.5.3]
2025-10-27 10:46:32,208 - INFO - Using cached data for session_info
2025-10-27 10:46:32,209 - INFO - Using cached data for driver_info
2025-10-27 10:46:32,389 - WARNING - Request for URL https://api.jolpi.ca/ergast/f1/2025/16/results.json failed; using cached response
Traceback (most recent call last):
  File "/Users/ompatel/Downloads/RacinglinAi/.venv/lib/python3.11/site-packages/requests_cache/session.py", line 291, in _resend
    response.raise_for_status()
  File "/Users/ompatel/Downloads/RacinglinAi/.venv/lib/python3.11/site-packages/requests/models.py", line 1026, in raise_for_status
    raise HTTPError(http_error_msg, response=self)
requests.exceptions.HTTPError: 429 Client Error: Too Many Requests for url: https://api.jolpi.ca/ergast/f1/2025/16/results.json
2025-10-27 10:46:32,401 - INFO - Using cached data for session_status_data
2025-10-27 10:46:32,402 - INFO - Using cached data for lap_count
2025-10-27 10:46:32,403 - INFO - Using cached data for track_status_data
2025-10-27 10:46:32,410 - INFO - Using cached data for _extended_timing_data
2025-10-27 10:46:32,412 - INFO - Using cached data for timing_app_data
2025-10-27 10:46:32,412 - INFO - Processing timing data...
2025-10-27 10:46:33,044 - WARNING - Request for URL https://api.jolpi.ca/ergast/f1/2025/16/laps/1.json failed; using cached response
Traceback (most recent call last):
  File "/Users/ompatel/Downloads/RacinglinAi/.venv/lib/python3.11/site-packages/requests_cache/session.py", line 291, in _resend
    response.raise_for_status()
  File "/Users/ompatel/Downloads/RacinglinAi/.venv/lib/python3.11/site-packages/requests/models.py", line 1026, in raise_for_status
    raise HTTPError(http_error_msg, response=self)
requests.exceptions.HTTPError: 429 Client Error: Too Many Requests for url: https://api.jolpi.ca/ergast/f1/2025/16/laps/1.json
2025-10-27 10:46:33,104 - INFO - Using cached data for car_data
2025-10-27 10:46:33,200 - INFO - Using cached data for position_data
2025-10-27 10:46:34,887 - INFO - Using cached data for weather_data
2025-10-27 10:46:34,890 - INFO - Using cached data for race_control_messages
2025-10-27 10:46:34,925 - INFO - Finished loading data for 20 drivers: ['1', '4', '81', '16', '63', '44', '23', '5', '12', '6', '55', '87', '22', '30', '31', '10', '43', '18', '14', '27']
2025-10-27 10:46:35,163 - INFO - [EXPORT OK] italian_grand_prix
2025-10-27 10:46:35,174 - INFO - Loading data for Azerbaijan Grand Prix - Race [v3.5.3]
2025-10-27 10:46:35,175 - INFO - Using cached data for session_info
2025-10-27 10:46:35,177 - INFO - Using cached data for driver_info
2025-10-27 10:46:35,354 - WARNING - Request for URL https://api.jolpi.ca/ergast/f1/2025/17/results.json failed; using cached response
Traceback (most recent call last):
  File "/Users/ompatel/Downloads/RacinglinAi/.venv/lib/python3.11/site-packages/requests_cache/session.py", line 291, in _resend
    response.raise_for_status()
  File "/Users/ompatel/Downloads/RacinglinAi/.venv/lib/python3.11/site-packages/requests/models.py", line 1026, in raise_for_status
    raise HTTPError(http_error_msg, response=self)
requests.exceptions.HTTPError: 429 Client Error: Too Many Requests for url: https://api.jolpi.ca/ergast/f1/2025/17/results.json
2025-10-27 10:46:35,368 - INFO - Using cached data for session_status_data
2025-10-27 10:46:35,369 - INFO - Using cached data for lap_count
2025-10-27 10:46:35,370 - INFO - Using cached data for track_status_data
2025-10-27 10:46:35,375 - INFO - Using cached data for _extended_timing_data
2025-10-27 10:46:35,376 - INFO - Using cached data for timing_app_data
2025-10-27 10:46:35,376 - INFO - Processing timing data...
2025-10-27 10:46:35,936 - INFO - Using cached data for car_data
2025-10-27 10:46:36,110 - INFO - Using cached data for position_data
2025-10-27 10:46:37,408 - INFO - Using cached data for weather_data
2025-10-27 10:46:37,409 - INFO - Using cached data for race_control_messages
2025-10-27 10:46:37,411 - WARNING - Driver 1 completed the race distance 00:00.015000 before the recorded end of the session.
2025-10-27 10:46:37,427 - INFO - Finished loading data for 20 drivers: ['1', '63', '55', '12', '30', '22', '4', '44', '16', '6', '5', '87', '23', '31', '14', '27', '18', '10', '43', '81']
2025-10-27 10:46:37,592 - INFO - [EXPORT OK] azerbaijan_grand_prix
2025-10-27 10:46:37,599 - INFO - Loading data for Singapore Grand Prix - Race [v3.5.3]
2025-10-27 10:46:37,600 - INFO - Using cached data for session_info
2025-10-27 10:46:37,600 - INFO - Using cached data for driver_info
2025-10-27 10:46:37,610 - INFO - Using cached data for session_status_data
2025-10-27 10:46:37,611 - INFO - Using cached data for lap_count
2025-10-27 10:46:37,612 - INFO - Using cached data for track_status_data
2025-10-27 10:46:37,617 - INFO - Using cached data for _extended_timing_data
2025-10-27 10:46:37,620 - INFO - Using cached data for timing_app_data
2025-10-27 10:46:37,620 - INFO - Processing timing data...
2025-10-27 10:46:38,228 - WARNING - Request for URL https://api.jolpi.ca/ergast/f1/2025/18/laps/1.json failed; using cached response
Traceback (most recent call last):
  File "/Users/ompatel/Downloads/RacinglinAi/.venv/lib/python3.11/site-packages/requests_cache/session.py", line 291, in _resend
    response.raise_for_status()
  File "/Users/ompatel/Downloads/RacinglinAi/.venv/lib/python3.11/site-packages/requests/models.py", line 1026, in raise_for_status
    raise HTTPError(http_error_msg, response=self)
requests.exceptions.HTTPError: 429 Client Error: Too Many Requests for url: https://api.jolpi.ca/ergast/f1/2025/18/laps/1.json
2025-10-27 10:46:38,273 - INFO - Using cached data for car_data
2025-10-27 10:46:38,358 - INFO - Using cached data for position_data
2025-10-27 10:46:39,573 - INFO - Using cached data for weather_data
2025-10-27 10:46:39,575 - INFO - Using cached data for race_control_messages
2025-10-27 10:46:39,608 - INFO - Finished loading data for 20 drivers: ['63', '1', '4', '81', '12', '16', '14', '44', '87', '55', '6', '22', '18', '23', '30', '43', '5', '31', '10', '27']
2025-10-27 10:46:39,811 - INFO - [EXPORT OK] singapore_grand_prix
2025-10-27 10:46:39,819 - INFO - Loading data for United States Grand Prix - Race [v3.5.3]
2025-10-27 10:46:39,820 - INFO - No cached data found for session_info. Loading data...
2025-10-27 10:46:39,820 - INFO - Fetching session info data...
2025-10-27 10:46:40,319 - INFO - Data has been written to cache!
2025-10-27 10:46:40,320 - INFO - No cached data found for driver_info. Loading data...
2025-10-27 10:46:40,320 - INFO - Fetching driver list...
2025-10-27 10:46:40,834 - INFO - Data has been written to cache!
2025-10-27 10:46:41,011 - WARNING - Failed to load result data from Ergast!
2025-10-27 10:46:41,012 - DEBUG - Traceback for failure in ergast result data
Traceback (most recent call last):
  File "/Users/ompatel/Downloads/RacinglinAi/.venv/lib/python3.11/site-packages/fastf1/logger.py", line 151, in __wrapped
    return func(*args, **kwargs)
           ^^^^^^^^^^^^^^^^^^^^^
  File "/Users/ompatel/Downloads/RacinglinAi/.venv/lib/python3.11/site-packages/fastf1/core.py", line 2348, in _get_data
    return self._ergast.get_race_results(
           ^^^^^^^^^^^^^^^^^^^^^^^^^^^^^^
  File "/Users/ompatel/Downloads/RacinglinAi/.venv/lib/python3.11/site-packages/fastf1/ergast/interface.py", line 1059, in get_race_results
    return self._build_default_result(endpoint='results',
           ^^^^^^^^^^^^^^^^^^^^^^^^^^^^^^^^^^^^^^^^^^^^^^
  File "/Users/ompatel/Downloads/RacinglinAi/.venv/lib/python3.11/site-packages/fastf1/ergast/interface.py", line 591, in _build_default_result
    return self._build_result(
           ^^^^^^^^^^^^^^^^^^^
  File "/Users/ompatel/Downloads/RacinglinAi/.venv/lib/python3.11/site-packages/fastf1/ergast/interface.py", line 530, in _build_result
    resp = cls._get(url, params)
           ^^^^^^^^^^^^^^^^^^^^^
  File "/Users/ompatel/Downloads/RacinglinAi/.venv/lib/python3.11/site-packages/fastf1/ergast/interface.py", line 502, in _get
    raise ErgastInvalidRequestError(
fastf1.ergast.interface.ErgastInvalidRequestError: Invalid request to Ergast (https://api.jolpi.ca/ergast/f1/2025/19/results.json)
Server response: 'Too Many Requests'
2025-10-27 10:46:41,012 - WARNING - No result data for this session available on Ergast! (This is expected for recent sessions)
2025-10-27 10:46:41,018 - INFO - No cached data found for session_status_data. Loading data...
2025-10-27 10:46:41,019 - INFO - Fetching session status data...
2025-10-27 10:46:41,591 - INFO - Data has been written to cache!
2025-10-27 10:46:41,592 - INFO - No cached data found for lap_count. Loading data...
2025-10-27 10:46:41,592 - INFO - Fetching lap count data...
2025-10-27 10:46:42,101 - INFO - Data has been written to cache!
2025-10-27 10:46:42,101 - INFO - No cached data found for track_status_data. Loading data...
2025-10-27 10:46:42,101 - INFO - Fetching track status data...
2025-10-27 10:46:42,624 - INFO - Data has been written to cache!
2025-10-27 10:46:42,627 - INFO - No cached data found for _extended_timing_data. Loading data...
2025-10-27 10:46:42,628 - INFO - Fetching timing data...
2025-10-27 10:46:45,052 - INFO - Parsing timing data...
2025-10-27 10:46:45,905 - INFO - Data has been written to cache!
2025-10-27 10:46:45,906 - INFO - No cached data found for timing_app_data. Loading data...
2025-10-27 10:46:45,906 - INFO - Fetching timing app data...
2025-10-27 10:46:46,540 - INFO - Data has been written to cache!
2025-10-27 10:46:46,542 - INFO - Processing timing data...
2025-10-27 10:46:47,227 - INFO - No cached data found for car_data. Loading data...
2025-10-27 10:46:47,228 - INFO - Fetching car data...
2025-10-27 10:46:48,099 - INFO - Parsing car data...
2025-10-27 10:46:50,478 - INFO - Data has been written to cache!
2025-10-27 10:46:50,482 - INFO - No cached data found for position_data. Loading data...
2025-10-27 10:46:50,483 - INFO - Fetching position data...
2025-10-27 10:46:52,249 - INFO - Parsing position data...
2025-10-27 10:46:54,758 - INFO - Data has been written to cache!
2025-10-27 10:46:56,425 - INFO - No cached data found for weather_data. Loading data...
2025-10-27 10:46:56,430 - INFO - Fetching weather data...
2025-10-27 10:46:56,960 - INFO - Data has been written to cache!
2025-10-27 10:46:56,965 - INFO - No cached data found for race_control_messages. Loading data...
2025-10-27 10:46:56,966 - INFO - Fetching race control messages...
2025-10-27 10:46:57,525 - INFO - Data has been written to cache!
2025-10-27 10:46:57,653 - INFO - Finished loading data for 20 drivers: ['1', '4', '16', '63', '44', '81', '12', '87', '55', '14', '27', '30', '22', '10', '43', '5', '31', '23', '18', '6']
2025-10-27 10:46:58,401 - INFO - [EXPORT OK] united_states_grand_prix
2025-10-27 10:46:58,424 - INFO - Loading data for Mexico City Grand Prix - Race [v3.5.3]
2025-10-27 10:46:58,425 - INFO - Using cached data for session_info
2025-10-27 10:46:58,425 - INFO - Using cached data for driver_info
2025-10-27 10:46:58,601 - DEBUG - Failed to parse timestamp '-1:55:35.558' in Ergastresponse.
2025-10-27 10:46:58,613 - INFO - Using cached data for session_status_data
2025-10-27 10:46:58,615 - INFO - Using cached data for lap_count
2025-10-27 10:46:58,617 - INFO - Using cached data for track_status_data
2025-10-27 10:46:58,623 - INFO - Using cached data for _extended_timing_data
2025-10-27 10:46:58,625 - INFO - Using cached data for timing_app_data
2025-10-27 10:46:58,626 - INFO - Processing timing data...
2025-10-27 10:46:59,339 - INFO - Using cached data for car_data
2025-10-27 10:46:59,483 - INFO - Using cached data for position_data
2025-10-27 10:47:00,803 - INFO - Using cached data for weather_data
2025-10-27 10:47:00,805 - INFO - Using cached data for race_control_messages
2025-10-27 10:47:00,835 - INFO - Finished loading data for 20 drivers: ['4', '16', '1', '87', '81', '12', '63', '44', '31', '5', '22', '23', '6', '18', '10', '43', '55', '14', '27', '30']
2025-10-27 10:47:00,995 - INFO - [EXPORT OK] mexico_city_grand_prix
2025-10-27 10:47:01,002 - INFO - Loading data for São Paulo Grand Prix - Race [v3.5.3]
2025-10-27 10:47:01,003 - INFO - No cached data found for session_info. Loading data...
2025-10-27 10:47:01,004 - INFO - Fetching session info data...
2025-10-27 10:47:01,510 - DEBUG - Falling back to livetiming mirror (https://livetiming-mirror.fastf1.dev)
2025-10-27 10:47:01,831 - WARNING - Failed to load session info data!
2025-10-27 10:47:01,832 - DEBUG - Traceback for failure in session info data
Traceback (most recent call last):
  File "/Users/ompatel/Downloads/RacinglinAi/.venv/lib/python3.11/site-packages/fastf1/logger.py", line 151, in __wrapped
    return func(*args, **kwargs)
           ^^^^^^^^^^^^^^^^^^^^^
  File "/Users/ompatel/Downloads/RacinglinAi/.venv/lib/python3.11/site-packages/fastf1/core.py", line 1470, in _load_session_info
    self._session_info = api.session_info(self.api_path,
                         ^^^^^^^^^^^^^^^^^^^^^^^^^^^^^^^
  File "/Users/ompatel/Downloads/RacinglinAi/.venv/lib/python3.11/site-packages/fastf1/req.py", line 479, in _cached_api_request
    data = func(api_path, **func_kwargs)
           ^^^^^^^^^^^^^^^^^^^^^^^^^^^^^
  File "/Users/ompatel/Downloads/RacinglinAi/.venv/lib/python3.11/site-packages/fastf1/_api.py", line 1687, in session_info
    raise SessionNotAvailableError(
fastf1._api.SessionNotAvailableError: No data for this session! If this session only finished recently, please try again in a few minutes.
2025-10-27 10:47:01,834 - INFO - No cached data found for driver_info. Loading data...
2025-10-27 10:47:01,834 - INFO - Fetching driver list...
2025-10-27 10:47:02,327 - DEBUG - Falling back to livetiming mirror (https://livetiming-mirror.fastf1.dev)
2025-10-27 10:47:02,626 - WARNING - Failed to load extended driver information!
2025-10-27 10:47:02,627 - DEBUG - Exception while loading driver list
Traceback (most recent call last):
  File "/Users/ompatel/Downloads/RacinglinAi/.venv/lib/python3.11/site-packages/fastf1/core.py", line 2291, in _drivers_from_f1_api
    f1di = api.driver_info(self.api_path, livedata=livedata)
           ^^^^^^^^^^^^^^^^^^^^^^^^^^^^^^^^^^^^^^^^^^^^^^^^^
  File "/Users/ompatel/Downloads/RacinglinAi/.venv/lib/python3.11/site-packages/fastf1/req.py", line 479, in _cached_api_request
    data = func(api_path, **func_kwargs)
           ^^^^^^^^^^^^^^^^^^^^^^^^^^^^^
  File "/Users/ompatel/Downloads/RacinglinAi/.venv/lib/python3.11/site-packages/fastf1/_api.py", line 1535, in driver_info
    raise SessionNotAvailableError(
fastf1._api.SessionNotAvailableError: No data for this session! If this session only finished recently, please try again in a few minutes.
2025-10-27 10:47:02,809 - WARNING - No result data for this session available on Ergast! (This is expected for recent sessions)
2025-10-27 10:47:02,809 - WARNING - Failed to load driver list and session results!
2025-10-27 10:47:02,815 - INFO - No cached data found for session_status_data. Loading data...
2025-10-27 10:47:02,815 - INFO - Fetching session status data...
2025-10-27 10:47:03,366 - DEBUG - Falling back to livetiming mirror (https://livetiming-mirror.fastf1.dev)
2025-10-27 10:47:03,675 - WARNING - Failed to load session status data!
2025-10-27 10:47:03,675 - DEBUG - Traceback for failure in session status data
Traceback (most recent call last):
  File "/Users/ompatel/Downloads/RacinglinAi/.venv/lib/python3.11/site-packages/fastf1/logger.py", line 151, in __wrapped
    return func(*args, **kwargs)
           ^^^^^^^^^^^^^^^^^^^^^
  File "/Users/ompatel/Downloads/RacinglinAi/.venv/lib/python3.11/site-packages/fastf1/core.py", line 2052, in _load_session_status_data
    session_status = api.session_status_data(self.api_path,
                     ^^^^^^^^^^^^^^^^^^^^^^^^^^^^^^^^^^^^^^
  File "/Users/ompatel/Downloads/RacinglinAi/.venv/lib/python3.11/site-packages/fastf1/req.py", line 479, in _cached_api_request
    data = func(api_path, **func_kwargs)
           ^^^^^^^^^^^^^^^^^^^^^^^^^^^^^
  File "/Users/ompatel/Downloads/RacinglinAi/.venv/lib/python3.11/site-packages/fastf1/_api.py", line 1333, in session_status_data
    raise SessionNotAvailableError(
fastf1._api.SessionNotAvailableError: No data for this session! If this session only finished recently, please try again in a few minutes.
2025-10-27 10:47:03,676 - INFO - No cached data found for lap_count. Loading data...
2025-10-27 10:47:03,676 - INFO - Fetching lap count data...
2025-10-27 10:47:04,159 - DEBUG - Falling back to livetiming mirror (https://livetiming-mirror.fastf1.dev)
2025-10-27 10:47:04,471 - WARNING - Failed to load total lap count!
2025-10-27 10:47:04,471 - DEBUG - Traceback for failure in total lap count
Traceback (most recent call last):
  File "/Users/ompatel/Downloads/RacinglinAi/.venv/lib/python3.11/site-packages/fastf1/logger.py", line 151, in __wrapped
    return func(*args, **kwargs)
           ^^^^^^^^^^^^^^^^^^^^^
  File "/Users/ompatel/Downloads/RacinglinAi/.venv/lib/python3.11/site-packages/fastf1/core.py", line 2034, in _load_total_lap_count
    lap_count = api.lap_count(self.api_path, livedata=livedata)
                ^^^^^^^^^^^^^^^^^^^^^^^^^^^^^^^^^^^^^^^^^^^^^^^
  File "/Users/ompatel/Downloads/RacinglinAi/.venv/lib/python3.11/site-packages/fastf1/req.py", line 479, in _cached_api_request
    data = func(api_path, **func_kwargs)
           ^^^^^^^^^^^^^^^^^^^^^^^^^^^^^
  File "/Users/ompatel/Downloads/RacinglinAi/.venv/lib/python3.11/site-packages/fastf1/_api.py", line 1476, in lap_count
    raise SessionNotAvailableError(
fastf1._api.SessionNotAvailableError: No data for this session! If this session only finished recently, please try again in a few minutes.
2025-10-27 10:47:04,472 - INFO - No cached data found for track_status_data. Loading data...
2025-10-27 10:47:04,472 - INFO - Fetching track status data...
2025-10-27 10:47:04,964 - DEBUG - Falling back to livetiming mirror (https://livetiming-mirror.fastf1.dev)
2025-10-27 10:47:05,289 - WARNING - Failed to load track status data!
2025-10-27 10:47:05,291 - DEBUG - Traceback for failure in track status data
Traceback (most recent call last):
  File "/Users/ompatel/Downloads/RacinglinAi/.venv/lib/python3.11/site-packages/fastf1/logger.py", line 151, in __wrapped
    return func(*args, **kwargs)
           ^^^^^^^^^^^^^^^^^^^^^
  File "/Users/ompatel/Downloads/RacinglinAi/.venv/lib/python3.11/site-packages/fastf1/core.py", line 2021, in _load_track_status_data
    track_status = api.track_status_data(self.api_path, livedata=livedata)
                   ^^^^^^^^^^^^^^^^^^^^^^^^^^^^^^^^^^^^^^^^^^^^^^^^^^^^^^^
  File "/Users/ompatel/Downloads/RacinglinAi/.venv/lib/python3.11/site-packages/fastf1/req.py", line 479, in _cached_api_request
    data = func(api_path, **func_kwargs)
           ^^^^^^^^^^^^^^^^^^^^^^^^^^^^^
  File "/Users/ompatel/Downloads/RacinglinAi/.venv/lib/python3.11/site-packages/fastf1/_api.py", line 1277, in track_status_data
    raise SessionNotAvailableError(
fastf1._api.SessionNotAvailableError: No data for this session! If this session only finished recently, please try again in a few minutes.
2025-10-27 10:47:05,292 - INFO - No cached data found for _extended_timing_data. Loading data...
2025-10-27 10:47:05,293 - INFO - Fetching timing data...
2025-10-27 10:47:05,820 - DEBUG - Falling back to livetiming mirror (https://livetiming-mirror.fastf1.dev)
2025-10-27 10:47:06,259 - WARNING - Failed to load timing data!
2025-10-27 10:47:06,260 - DEBUG - Traceback for failure in lap timing data
Traceback (most recent call last):
  File "/Users/ompatel/Downloads/RacinglinAi/.venv/lib/python3.11/site-packages/fastf1/logger.py", line 151, in __wrapped
    return func(*args, **kwargs)
           ^^^^^^^^^^^^^^^^^^^^^
  File "/Users/ompatel/Downloads/RacinglinAi/.venv/lib/python3.11/site-packages/fastf1/core.py", line 1476, in _load_laps_data
    = api._extended_timing_data(self.api_path, livedata=livedata)
      ^^^^^^^^^^^^^^^^^^^^^^^^^^^^^^^^^^^^^^^^^^^^^^^^^^^^^^^^^^^
  File "/Users/ompatel/Downloads/RacinglinAi/.venv/lib/python3.11/site-packages/fastf1/req.py", line 479, in _cached_api_request
    data = func(api_path, **func_kwargs)
           ^^^^^^^^^^^^^^^^^^^^^^^^^^^^^
  File "/Users/ompatel/Downloads/RacinglinAi/.venv/lib/python3.11/site-packages/fastf1/_api.py", line 200, in _extended_timing_data
    raise SessionNotAvailableError(
fastf1._api.SessionNotAvailableError: No data for this session! If this session only finished recently, please try again in a few minutes.
2025-10-27 10:47:06,441 - WARNING - Cannot load lap times for first lap from Ergast. Timing data is not available for this session.
2025-10-27 10:47:06,441 - INFO - No cached data found for car_data. Loading data...
2025-10-27 10:47:06,442 - INFO - Fetching car data...
2025-10-27 10:47:07,004 - DEBUG - Falling back to livetiming mirror (https://livetiming-mirror.fastf1.dev)
2025-10-27 10:47:07,300 - WARNING - Car telemetry data is unavailable!
2025-10-27 10:47:07,300 - INFO - No cached data found for position_data. Loading data...
2025-10-27 10:47:07,301 - INFO - Fetching position data...
2025-10-27 10:47:07,782 - DEBUG - Falling back to livetiming mirror (https://livetiming-mirror.fastf1.dev)
2025-10-27 10:47:08,077 - WARNING - Car position data is unavailable!
2025-10-27 10:47:08,079 - WARNING - Failed to determine `Session.t0_date`!
2025-10-27 10:47:08,079 - INFO - No cached data found for weather_data. Loading data...
2025-10-27 10:47:08,079 - INFO - Fetching weather data...
2025-10-27 10:47:08,570 - DEBUG - Falling back to livetiming mirror (https://livetiming-mirror.fastf1.dev)
2025-10-27 10:47:08,889 - WARNING - Failed to load weather data!
2025-10-27 10:47:08,890 - DEBUG - Traceback for failure in weather data
Traceback (most recent call last):
  File "/Users/ompatel/Downloads/RacinglinAi/.venv/lib/python3.11/site-packages/fastf1/logger.py", line 151, in __wrapped
    return func(*args, **kwargs)
           ^^^^^^^^^^^^^^^^^^^^^
  File "/Users/ompatel/Downloads/RacinglinAi/.venv/lib/python3.11/site-packages/fastf1/core.py", line 2442, in _load_weather_data
    weather_data = api.weather_data(self.api_path, livedata=livedata)
                   ^^^^^^^^^^^^^^^^^^^^^^^^^^^^^^^^^^^^^^^^^^^^^^^^^^
  File "/Users/ompatel/Downloads/RacinglinAi/.venv/lib/python3.11/site-packages/fastf1/req.py", line 479, in _cached_api_request
    data = func(api_path, **func_kwargs)
           ^^^^^^^^^^^^^^^^^^^^^^^^^^^^^
  File "/Users/ompatel/Downloads/RacinglinAi/.venv/lib/python3.11/site-packages/fastf1/_api.py", line 1613, in weather_data
    raise SessionNotAvailableError(
fastf1._api.SessionNotAvailableError: No data for this session! If this session only finished recently, please try again in a few minutes.
2025-10-27 10:47:08,891 - INFO - No cached data found for race_control_messages. Loading data...
2025-10-27 10:47:08,891 - INFO - Fetching race control messages...
2025-10-27 10:47:09,380 - DEBUG - Falling back to livetiming mirror (https://livetiming-mirror.fastf1.dev)
2025-10-27 10:47:09,743 - WARNING - Failed to load race control messages!
2025-10-27 10:47:09,744 - DEBUG - Traceback for failure in race control messages
Traceback (most recent call last):
  File "/Users/ompatel/Downloads/RacinglinAi/.venv/lib/python3.11/site-packages/fastf1/logger.py", line 151, in __wrapped
    return func(*args, **kwargs)
           ^^^^^^^^^^^^^^^^^^^^^
  File "/Users/ompatel/Downloads/RacinglinAi/.venv/lib/python3.11/site-packages/fastf1/core.py", line 2449, in _load_race_control_messages
    race_control_messages = api.race_control_messages(self.api_path,
                            ^^^^^^^^^^^^^^^^^^^^^^^^^^^^^^^^^^^^^^^^
  File "/Users/ompatel/Downloads/RacinglinAi/.venv/lib/python3.11/site-packages/fastf1/req.py", line 479, in _cached_api_request
    data = func(api_path, **func_kwargs)
           ^^^^^^^^^^^^^^^^^^^^^^^^^^^^^
  File "/Users/ompatel/Downloads/RacinglinAi/.venv/lib/python3.11/site-packages/fastf1/_api.py", line 1404, in race_control_messages
    raise SessionNotAvailableError(
fastf1._api.SessionNotAvailableError: No data for this session! If this session only finished recently, please try again in a few minutes.
2025-10-27 10:47:09,746 - INFO - Finished loading data for 0 drivers: []
2025-10-27 10:47:09,746 - ERROR - [PROCESS FAIL] são_paulo_grand_prix: The data you are trying to access has not been loaded yet. See `Session.load`
2025-10-27 10:47:09,759 - INFO - Loading data for Las Vegas Grand Prix - Race [v3.5.3]
2025-10-27 10:47:09,759 - INFO - No cached data found for session_info. Loading data...
2025-10-27 10:47:09,759 - INFO - Fetching session info data...
2025-10-27 10:47:10,293 - DEBUG - Falling back to livetiming mirror (https://livetiming-mirror.fastf1.dev)
2025-10-27 10:47:10,599 - WARNING - Failed to load session info data!
2025-10-27 10:47:10,600 - DEBUG - Traceback for failure in session info data
Traceback (most recent call last):
  File "/Users/ompatel/Downloads/RacinglinAi/.venv/lib/python3.11/site-packages/fastf1/logger.py", line 151, in __wrapped
    return func(*args, **kwargs)
           ^^^^^^^^^^^^^^^^^^^^^
  File "/Users/ompatel/Downloads/RacinglinAi/.venv/lib/python3.11/site-packages/fastf1/core.py", line 1470, in _load_session_info
    self._session_info = api.session_info(self.api_path,
                         ^^^^^^^^^^^^^^^^^^^^^^^^^^^^^^^
  File "/Users/ompatel/Downloads/RacinglinAi/.venv/lib/python3.11/site-packages/fastf1/req.py", line 479, in _cached_api_request
    data = func(api_path, **func_kwargs)
           ^^^^^^^^^^^^^^^^^^^^^^^^^^^^^
  File "/Users/ompatel/Downloads/RacinglinAi/.venv/lib/python3.11/site-packages/fastf1/_api.py", line 1687, in session_info
    raise SessionNotAvailableError(
fastf1._api.SessionNotAvailableError: No data for this session! If this session only finished recently, please try again in a few minutes.
2025-10-27 10:47:10,600 - INFO - No cached data found for driver_info. Loading data...
2025-10-27 10:47:10,601 - INFO - Fetching driver list...
2025-10-27 10:47:11,173 - DEBUG - Falling back to livetiming mirror (https://livetiming-mirror.fastf1.dev)
2025-10-27 10:47:11,529 - WARNING - Failed to load extended driver information!
2025-10-27 10:47:11,530 - DEBUG - Exception while loading driver list
Traceback (most recent call last):
  File "/Users/ompatel/Downloads/RacinglinAi/.venv/lib/python3.11/site-packages/fastf1/core.py", line 2291, in _drivers_from_f1_api
    f1di = api.driver_info(self.api_path, livedata=livedata)
           ^^^^^^^^^^^^^^^^^^^^^^^^^^^^^^^^^^^^^^^^^^^^^^^^^
  File "/Users/ompatel/Downloads/RacinglinAi/.venv/lib/python3.11/site-packages/fastf1/req.py", line 479, in _cached_api_request
    data = func(api_path, **func_kwargs)
           ^^^^^^^^^^^^^^^^^^^^^^^^^^^^^
  File "/Users/ompatel/Downloads/RacinglinAi/.venv/lib/python3.11/site-packages/fastf1/_api.py", line 1535, in driver_info
    raise SessionNotAvailableError(
fastf1._api.SessionNotAvailableError: No data for this session! If this session only finished recently, please try again in a few minutes.
2025-10-27 10:47:11,542 - WARNING - No result data for this session available on Ergast! (This is expected for recent sessions)
2025-10-27 10:47:11,593 - WARNING - Failed to load driver list and session results!
2025-10-27 10:47:11,600 - INFO - No cached data found for session_status_data. Loading data...
2025-10-27 10:47:11,601 - INFO - Fetching session status data...
2025-10-27 10:47:12,093 - DEBUG - Falling back to livetiming mirror (https://livetiming-mirror.fastf1.dev)
2025-10-27 10:47:12,397 - WARNING - Failed to load session status data!
2025-10-27 10:47:12,397 - DEBUG - Traceback for failure in session status data
Traceback (most recent call last):
  File "/Users/ompatel/Downloads/RacinglinAi/.venv/lib/python3.11/site-packages/fastf1/logger.py", line 151, in __wrapped
    return func(*args, **kwargs)
           ^^^^^^^^^^^^^^^^^^^^^
  File "/Users/ompatel/Downloads/RacinglinAi/.venv/lib/python3.11/site-packages/fastf1/core.py", line 2052, in _load_session_status_data
    session_status = api.session_status_data(self.api_path,
                     ^^^^^^^^^^^^^^^^^^^^^^^^^^^^^^^^^^^^^^
  File "/Users/ompatel/Downloads/RacinglinAi/.venv/lib/python3.11/site-packages/fastf1/req.py", line 479, in _cached_api_request
    data = func(api_path, **func_kwargs)
           ^^^^^^^^^^^^^^^^^^^^^^^^^^^^^
  File "/Users/ompatel/Downloads/RacinglinAi/.venv/lib/python3.11/site-packages/fastf1/_api.py", line 1333, in session_status_data
    raise SessionNotAvailableError(
fastf1._api.SessionNotAvailableError: No data for this session! If this session only finished recently, please try again in a few minutes.
2025-10-27 10:47:12,398 - INFO - No cached data found for lap_count. Loading data...
2025-10-27 10:47:12,398 - INFO - Fetching lap count data...
2025-10-27 10:47:12,912 - DEBUG - Falling back to livetiming mirror (https://livetiming-mirror.fastf1.dev)
2025-10-27 10:47:13,221 - WARNING - Failed to load total lap count!
2025-10-27 10:47:13,222 - DEBUG - Traceback for failure in total lap count
Traceback (most recent call last):
  File "/Users/ompatel/Downloads/RacinglinAi/.venv/lib/python3.11/site-packages/fastf1/logger.py", line 151, in __wrapped
    return func(*args, **kwargs)
           ^^^^^^^^^^^^^^^^^^^^^
  File "/Users/ompatel/Downloads/RacinglinAi/.venv/lib/python3.11/site-packages/fastf1/core.py", line 2034, in _load_total_lap_count
    lap_count = api.lap_count(self.api_path, livedata=livedata)
                ^^^^^^^^^^^^^^^^^^^^^^^^^^^^^^^^^^^^^^^^^^^^^^^
  File "/Users/ompatel/Downloads/RacinglinAi/.venv/lib/python3.11/site-packages/fastf1/req.py", line 479, in _cached_api_request
    data = func(api_path, **func_kwargs)
           ^^^^^^^^^^^^^^^^^^^^^^^^^^^^^
  File "/Users/ompatel/Downloads/RacinglinAi/.venv/lib/python3.11/site-packages/fastf1/_api.py", line 1476, in lap_count
    raise SessionNotAvailableError(
fastf1._api.SessionNotAvailableError: No data for this session! If this session only finished recently, please try again in a few minutes.
2025-10-27 10:47:13,223 - INFO - No cached data found for track_status_data. Loading data...
2025-10-27 10:47:13,223 - INFO - Fetching track status data...
2025-10-27 10:47:13,732 - DEBUG - Falling back to livetiming mirror (https://livetiming-mirror.fastf1.dev)
2025-10-27 10:47:14,042 - WARNING - Failed to load track status data!
2025-10-27 10:47:14,043 - DEBUG - Traceback for failure in track status data
Traceback (most recent call last):
  File "/Users/ompatel/Downloads/RacinglinAi/.venv/lib/python3.11/site-packages/fastf1/logger.py", line 151, in __wrapped
    return func(*args, **kwargs)
           ^^^^^^^^^^^^^^^^^^^^^
  File "/Users/ompatel/Downloads/RacinglinAi/.venv/lib/python3.11/site-packages/fastf1/core.py", line 2021, in _load_track_status_data
    track_status = api.track_status_data(self.api_path, livedata=livedata)
                   ^^^^^^^^^^^^^^^^^^^^^^^^^^^^^^^^^^^^^^^^^^^^^^^^^^^^^^^
  File "/Users/ompatel/Downloads/RacinglinAi/.venv/lib/python3.11/site-packages/fastf1/req.py", line 479, in _cached_api_request
    data = func(api_path, **func_kwargs)
           ^^^^^^^^^^^^^^^^^^^^^^^^^^^^^
  File "/Users/ompatel/Downloads/RacinglinAi/.venv/lib/python3.11/site-packages/fastf1/_api.py", line 1277, in track_status_data
    raise SessionNotAvailableError(
fastf1._api.SessionNotAvailableError: No data for this session! If this session only finished recently, please try again in a few minutes.
2025-10-27 10:47:14,043 - INFO - No cached data found for _extended_timing_data. Loading data...
2025-10-27 10:47:14,043 - INFO - Fetching timing data...
2025-10-27 10:47:14,532 - DEBUG - Falling back to livetiming mirror (https://livetiming-mirror.fastf1.dev)
2025-10-27 10:47:14,831 - WARNING - Failed to load timing data!
2025-10-27 10:47:14,832 - DEBUG - Traceback for failure in lap timing data
Traceback (most recent call last):
  File "/Users/ompatel/Downloads/RacinglinAi/.venv/lib/python3.11/site-packages/fastf1/logger.py", line 151, in __wrapped
    return func(*args, **kwargs)
           ^^^^^^^^^^^^^^^^^^^^^
  File "/Users/ompatel/Downloads/RacinglinAi/.venv/lib/python3.11/site-packages/fastf1/core.py", line 1476, in _load_laps_data
    = api._extended_timing_data(self.api_path, livedata=livedata)
      ^^^^^^^^^^^^^^^^^^^^^^^^^^^^^^^^^^^^^^^^^^^^^^^^^^^^^^^^^^^
  File "/Users/ompatel/Downloads/RacinglinAi/.venv/lib/python3.11/site-packages/fastf1/req.py", line 479, in _cached_api_request
    data = func(api_path, **func_kwargs)
           ^^^^^^^^^^^^^^^^^^^^^^^^^^^^^
  File "/Users/ompatel/Downloads/RacinglinAi/.venv/lib/python3.11/site-packages/fastf1/_api.py", line 200, in _extended_timing_data
    raise SessionNotAvailableError(
fastf1._api.SessionNotAvailableError: No data for this session! If this session only finished recently, please try again in a few minutes.
2025-10-27 10:47:14,999 - WARNING - Request for URL https://api.jolpi.ca/ergast/f1/2025/22/laps/1.json failed; using cached response
Traceback (most recent call last):
  File "/Users/ompatel/Downloads/RacinglinAi/.venv/lib/python3.11/site-packages/requests_cache/session.py", line 291, in _resend
    response.raise_for_status()
  File "/Users/ompatel/Downloads/RacinglinAi/.venv/lib/python3.11/site-packages/requests/models.py", line 1026, in raise_for_status
    raise HTTPError(http_error_msg, response=self)
requests.exceptions.HTTPError: 429 Client Error: Too Many Requests for url: https://api.jolpi.ca/ergast/f1/2025/22/laps/1.json
2025-10-27 10:47:15,004 - WARNING - Cannot load lap times for first lap from Ergast. Timing data is not available for this session.
2025-10-27 10:47:15,005 - INFO - No cached data found for car_data. Loading data...
2025-10-27 10:47:15,005 - INFO - Fetching car data...
2025-10-27 10:47:15,604 - DEBUG - Falling back to livetiming mirror (https://livetiming-mirror.fastf1.dev)
2025-10-27 10:47:15,906 - WARNING - Car telemetry data is unavailable!
2025-10-27 10:47:15,908 - INFO - No cached data found for position_data. Loading data...
2025-10-27 10:47:15,909 - INFO - Fetching position data...
2025-10-27 10:47:16,403 - DEBUG - Falling back to livetiming mirror (https://livetiming-mirror.fastf1.dev)
2025-10-27 10:47:16,714 - WARNING - Car position data is unavailable!
2025-10-27 10:47:16,715 - WARNING - Failed to determine `Session.t0_date`!
2025-10-27 10:47:16,716 - INFO - No cached data found for weather_data. Loading data...
2025-10-27 10:47:16,716 - INFO - Fetching weather data...
2025-10-27 10:47:17,319 - DEBUG - Falling back to livetiming mirror (https://livetiming-mirror.fastf1.dev)
2025-10-27 10:47:17,728 - WARNING - Failed to load weather data!
2025-10-27 10:47:17,730 - DEBUG - Traceback for failure in weather data
Traceback (most recent call last):
  File "/Users/ompatel/Downloads/RacinglinAi/.venv/lib/python3.11/site-packages/fastf1/logger.py", line 151, in __wrapped
    return func(*args, **kwargs)
           ^^^^^^^^^^^^^^^^^^^^^
  File "/Users/ompatel/Downloads/RacinglinAi/.venv/lib/python3.11/site-packages/fastf1/core.py", line 2442, in _load_weather_data
    weather_data = api.weather_data(self.api_path, livedata=livedata)
                   ^^^^^^^^^^^^^^^^^^^^^^^^^^^^^^^^^^^^^^^^^^^^^^^^^^
  File "/Users/ompatel/Downloads/RacinglinAi/.venv/lib/python3.11/site-packages/fastf1/req.py", line 479, in _cached_api_request
    data = func(api_path, **func_kwargs)
           ^^^^^^^^^^^^^^^^^^^^^^^^^^^^^
  File "/Users/ompatel/Downloads/RacinglinAi/.venv/lib/python3.11/site-packages/fastf1/_api.py", line 1613, in weather_data
    raise SessionNotAvailableError(
fastf1._api.SessionNotAvailableError: No data for this session! If this session only finished recently, please try again in a few minutes.
2025-10-27 10:47:17,730 - INFO - No cached data found for race_control_messages. Loading data...
2025-10-27 10:47:17,731 - INFO - Fetching race control messages...
2025-10-27 10:47:18,239 - DEBUG - Falling back to livetiming mirror (https://livetiming-mirror.fastf1.dev)
2025-10-27 10:47:18,546 - WARNING - Failed to load race control messages!
2025-10-27 10:47:18,547 - DEBUG - Traceback for failure in race control messages
Traceback (most recent call last):
  File "/Users/ompatel/Downloads/RacinglinAi/.venv/lib/python3.11/site-packages/fastf1/logger.py", line 151, in __wrapped
    return func(*args, **kwargs)
           ^^^^^^^^^^^^^^^^^^^^^
  File "/Users/ompatel/Downloads/RacinglinAi/.venv/lib/python3.11/site-packages/fastf1/core.py", line 2449, in _load_race_control_messages
    race_control_messages = api.race_control_messages(self.api_path,
                            ^^^^^^^^^^^^^^^^^^^^^^^^^^^^^^^^^^^^^^^^
  File "/Users/ompatel/Downloads/RacinglinAi/.venv/lib/python3.11/site-packages/fastf1/req.py", line 479, in _cached_api_request
    data = func(api_path, **func_kwargs)
           ^^^^^^^^^^^^^^^^^^^^^^^^^^^^^
  File "/Users/ompatel/Downloads/RacinglinAi/.venv/lib/python3.11/site-packages/fastf1/_api.py", line 1404, in race_control_messages
    raise SessionNotAvailableError(
fastf1._api.SessionNotAvailableError: No data for this session! If this session only finished recently, please try again in a few minutes.
2025-10-27 10:47:18,552 - INFO - Finished loading data for 0 drivers: []
2025-10-27 10:47:18,553 - ERROR - [PROCESS FAIL] las_vegas_grand_prix: The data you are trying to access has not been loaded yet. See `Session.load`
2025-10-27 10:47:18,580 - INFO - Loading data for Qatar Grand Prix - Race [v3.5.3]
2025-10-27 10:47:18,581 - INFO - No cached data found for session_info. Loading data...
2025-10-27 10:47:18,581 - INFO - Fetching session info data...
2025-10-27 10:47:19,054 - DEBUG - Falling back to livetiming mirror (https://livetiming-mirror.fastf1.dev)
2025-10-27 10:47:19,360 - WARNING - Failed to load session info data!
2025-10-27 10:47:19,361 - DEBUG - Traceback for failure in session info data
Traceback (most recent call last):
  File "/Users/ompatel/Downloads/RacinglinAi/.venv/lib/python3.11/site-packages/fastf1/logger.py", line 151, in __wrapped
    return func(*args, **kwargs)
           ^^^^^^^^^^^^^^^^^^^^^
  File "/Users/ompatel/Downloads/RacinglinAi/.venv/lib/python3.11/site-packages/fastf1/core.py", line 1470, in _load_session_info
    self._session_info = api.session_info(self.api_path,
                         ^^^^^^^^^^^^^^^^^^^^^^^^^^^^^^^
  File "/Users/ompatel/Downloads/RacinglinAi/.venv/lib/python3.11/site-packages/fastf1/req.py", line 479, in _cached_api_request
    data = func(api_path, **func_kwargs)
           ^^^^^^^^^^^^^^^^^^^^^^^^^^^^^
  File "/Users/ompatel/Downloads/RacinglinAi/.venv/lib/python3.11/site-packages/fastf1/_api.py", line 1687, in session_info
    raise SessionNotAvailableError(
fastf1._api.SessionNotAvailableError: No data for this session! If this session only finished recently, please try again in a few minutes.
2025-10-27 10:47:19,362 - INFO - No cached data found for driver_info. Loading data...
2025-10-27 10:47:19,362 - INFO - Fetching driver list...
2025-10-27 10:47:19,841 - DEBUG - Falling back to livetiming mirror (https://livetiming-mirror.fastf1.dev)
2025-10-27 10:47:20,151 - WARNING - Failed to load extended driver information!
2025-10-27 10:47:20,152 - DEBUG - Exception while loading driver list
Traceback (most recent call last):
  File "/Users/ompatel/Downloads/RacinglinAi/.venv/lib/python3.11/site-packages/fastf1/core.py", line 2291, in _drivers_from_f1_api
    f1di = api.driver_info(self.api_path, livedata=livedata)
           ^^^^^^^^^^^^^^^^^^^^^^^^^^^^^^^^^^^^^^^^^^^^^^^^^
  File "/Users/ompatel/Downloads/RacinglinAi/.venv/lib/python3.11/site-packages/fastf1/req.py", line 479, in _cached_api_request
    data = func(api_path, **func_kwargs)
           ^^^^^^^^^^^^^^^^^^^^^^^^^^^^^
  File "/Users/ompatel/Downloads/RacinglinAi/.venv/lib/python3.11/site-packages/fastf1/_api.py", line 1535, in driver_info
    raise SessionNotAvailableError(
fastf1._api.SessionNotAvailableError: No data for this session! If this session only finished recently, please try again in a few minutes.
2025-10-27 10:47:20,326 - WARNING - Failed to load result data from Ergast!
2025-10-27 10:47:20,328 - DEBUG - Traceback for failure in ergast result data
Traceback (most recent call last):
  File "/Users/ompatel/Downloads/RacinglinAi/.venv/lib/python3.11/site-packages/fastf1/logger.py", line 151, in __wrapped
    return func(*args, **kwargs)
           ^^^^^^^^^^^^^^^^^^^^^
  File "/Users/ompatel/Downloads/RacinglinAi/.venv/lib/python3.11/site-packages/fastf1/core.py", line 2348, in _get_data
    return self._ergast.get_race_results(
           ^^^^^^^^^^^^^^^^^^^^^^^^^^^^^^
  File "/Users/ompatel/Downloads/RacinglinAi/.venv/lib/python3.11/site-packages/fastf1/ergast/interface.py", line 1059, in get_race_results
    return self._build_default_result(endpoint='results',
           ^^^^^^^^^^^^^^^^^^^^^^^^^^^^^^^^^^^^^^^^^^^^^^
  File "/Users/ompatel/Downloads/RacinglinAi/.venv/lib/python3.11/site-packages/fastf1/ergast/interface.py", line 591, in _build_default_result
    return self._build_result(
           ^^^^^^^^^^^^^^^^^^^
  File "/Users/ompatel/Downloads/RacinglinAi/.venv/lib/python3.11/site-packages/fastf1/ergast/interface.py", line 530, in _build_result
    resp = cls._get(url, params)
           ^^^^^^^^^^^^^^^^^^^^^
  File "/Users/ompatel/Downloads/RacinglinAi/.venv/lib/python3.11/site-packages/fastf1/ergast/interface.py", line 502, in _get
    raise ErgastInvalidRequestError(
fastf1.ergast.interface.ErgastInvalidRequestError: Invalid request to Ergast (https://api.jolpi.ca/ergast/f1/2025/23/results.json)
Server response: 'Too Many Requests'
2025-10-27 10:47:20,329 - WARNING - No result data for this session available on Ergast! (This is expected for recent sessions)
2025-10-27 10:47:20,329 - WARNING - Failed to load driver list and session results!
2025-10-27 10:47:20,345 - INFO - No cached data found for session_status_data. Loading data...
2025-10-27 10:47:20,346 - INFO - Fetching session status data...
2025-10-27 10:47:20,905 - DEBUG - Falling back to livetiming mirror (https://livetiming-mirror.fastf1.dev)
2025-10-27 10:47:21,248 - WARNING - Failed to load session status data!
2025-10-27 10:47:21,248 - DEBUG - Traceback for failure in session status data
Traceback (most recent call last):
  File "/Users/ompatel/Downloads/RacinglinAi/.venv/lib/python3.11/site-packages/fastf1/logger.py", line 151, in __wrapped
    return func(*args, **kwargs)
           ^^^^^^^^^^^^^^^^^^^^^
  File "/Users/ompatel/Downloads/RacinglinAi/.venv/lib/python3.11/site-packages/fastf1/core.py", line 2052, in _load_session_status_data
    session_status = api.session_status_data(self.api_path,
                     ^^^^^^^^^^^^^^^^^^^^^^^^^^^^^^^^^^^^^^
  File "/Users/ompatel/Downloads/RacinglinAi/.venv/lib/python3.11/site-packages/fastf1/req.py", line 479, in _cached_api_request
    data = func(api_path, **func_kwargs)
           ^^^^^^^^^^^^^^^^^^^^^^^^^^^^^
  File "/Users/ompatel/Downloads/RacinglinAi/.venv/lib/python3.11/site-packages/fastf1/_api.py", line 1333, in session_status_data
    raise SessionNotAvailableError(
fastf1._api.SessionNotAvailableError: No data for this session! If this session only finished recently, please try again in a few minutes.
2025-10-27 10:47:21,249 - INFO - No cached data found for lap_count. Loading data...
2025-10-27 10:47:21,249 - INFO - Fetching lap count data...
2025-10-27 10:47:21,746 - DEBUG - Falling back to livetiming mirror (https://livetiming-mirror.fastf1.dev)
2025-10-27 10:47:22,066 - WARNING - Failed to load total lap count!
2025-10-27 10:47:22,067 - DEBUG - Traceback for failure in total lap count
Traceback (most recent call last):
  File "/Users/ompatel/Downloads/RacinglinAi/.venv/lib/python3.11/site-packages/fastf1/logger.py", line 151, in __wrapped
    return func(*args, **kwargs)
           ^^^^^^^^^^^^^^^^^^^^^
  File "/Users/ompatel/Downloads/RacinglinAi/.venv/lib/python3.11/site-packages/fastf1/core.py", line 2034, in _load_total_lap_count
    lap_count = api.lap_count(self.api_path, livedata=livedata)
                ^^^^^^^^^^^^^^^^^^^^^^^^^^^^^^^^^^^^^^^^^^^^^^^
  File "/Users/ompatel/Downloads/RacinglinAi/.venv/lib/python3.11/site-packages/fastf1/req.py", line 479, in _cached_api_request
    data = func(api_path, **func_kwargs)
           ^^^^^^^^^^^^^^^^^^^^^^^^^^^^^
  File "/Users/ompatel/Downloads/RacinglinAi/.venv/lib/python3.11/site-packages/fastf1/_api.py", line 1476, in lap_count
    raise SessionNotAvailableError(
fastf1._api.SessionNotAvailableError: No data for this session! If this session only finished recently, please try again in a few minutes.
2025-10-27 10:47:22,067 - INFO - No cached data found for track_status_data. Loading data...
2025-10-27 10:47:22,067 - INFO - Fetching track status data...
2025-10-27 10:47:22,554 - DEBUG - Falling back to livetiming mirror (https://livetiming-mirror.fastf1.dev)
2025-10-27 10:47:22,871 - WARNING - Failed to load track status data!
2025-10-27 10:47:22,871 - DEBUG - Traceback for failure in track status data
Traceback (most recent call last):
  File "/Users/ompatel/Downloads/RacinglinAi/.venv/lib/python3.11/site-packages/fastf1/logger.py", line 151, in __wrapped
    return func(*args, **kwargs)
           ^^^^^^^^^^^^^^^^^^^^^
  File "/Users/ompatel/Downloads/RacinglinAi/.venv/lib/python3.11/site-packages/fastf1/core.py", line 2021, in _load_track_status_data
    track_status = api.track_status_data(self.api_path, livedata=livedata)
                   ^^^^^^^^^^^^^^^^^^^^^^^^^^^^^^^^^^^^^^^^^^^^^^^^^^^^^^^
  File "/Users/ompatel/Downloads/RacinglinAi/.venv/lib/python3.11/site-packages/fastf1/req.py", line 479, in _cached_api_request
    data = func(api_path, **func_kwargs)
           ^^^^^^^^^^^^^^^^^^^^^^^^^^^^^
  File "/Users/ompatel/Downloads/RacinglinAi/.venv/lib/python3.11/site-packages/fastf1/_api.py", line 1277, in track_status_data
    raise SessionNotAvailableError(
fastf1._api.SessionNotAvailableError: No data for this session! If this session only finished recently, please try again in a few minutes.
2025-10-27 10:47:22,872 - INFO - No cached data found for _extended_timing_data. Loading data...
2025-10-27 10:47:22,872 - INFO - Fetching timing data...
2025-10-27 10:47:23,357 - DEBUG - Falling back to livetiming mirror (https://livetiming-mirror.fastf1.dev)
2025-10-27 10:47:23,662 - WARNING - Failed to load timing data!
2025-10-27 10:47:23,662 - DEBUG - Traceback for failure in lap timing data
Traceback (most recent call last):
  File "/Users/ompatel/Downloads/RacinglinAi/.venv/lib/python3.11/site-packages/fastf1/logger.py", line 151, in __wrapped
    return func(*args, **kwargs)
           ^^^^^^^^^^^^^^^^^^^^^
  File "/Users/ompatel/Downloads/RacinglinAi/.venv/lib/python3.11/site-packages/fastf1/core.py", line 1476, in _load_laps_data
    = api._extended_timing_data(self.api_path, livedata=livedata)
      ^^^^^^^^^^^^^^^^^^^^^^^^^^^^^^^^^^^^^^^^^^^^^^^^^^^^^^^^^^^
  File "/Users/ompatel/Downloads/RacinglinAi/.venv/lib/python3.11/site-packages/fastf1/req.py", line 479, in _cached_api_request
    data = func(api_path, **func_kwargs)
           ^^^^^^^^^^^^^^^^^^^^^^^^^^^^^
  File "/Users/ompatel/Downloads/RacinglinAi/.venv/lib/python3.11/site-packages/fastf1/_api.py", line 200, in _extended_timing_data
    raise SessionNotAvailableError(
fastf1._api.SessionNotAvailableError: No data for this session! If this session only finished recently, please try again in a few minutes.
2025-10-27 10:47:23,836 - WARNING - Failed to add first lap time from Ergast!
2025-10-27 10:47:23,837 - DEBUG - Traceback for failure in first lap time
Traceback (most recent call last):
  File "/Users/ompatel/Downloads/RacinglinAi/.venv/lib/python3.11/site-packages/fastf1/logger.py", line 151, in __wrapped
    return func(*args, **kwargs)
           ^^^^^^^^^^^^^^^^^^^^^
  File "/Users/ompatel/Downloads/RacinglinAi/.venv/lib/python3.11/site-packages/fastf1/core.py", line 1983, in _add_first_lap_time_from_ergast
    response = self._ergast.get_lap_times(
               ^^^^^^^^^^^^^^^^^^^^^^^^^^^
  File "/Users/ompatel/Downloads/RacinglinAi/.venv/lib/python3.11/site-packages/fastf1/ergast/interface.py", line 1350, in get_lap_times
    return self._build_default_result(endpoint='laps',
           ^^^^^^^^^^^^^^^^^^^^^^^^^^^^^^^^^^^^^^^^^^^
  File "/Users/ompatel/Downloads/RacinglinAi/.venv/lib/python3.11/site-packages/fastf1/ergast/interface.py", line 591, in _build_default_result
    return self._build_result(
           ^^^^^^^^^^^^^^^^^^^
  File "/Users/ompatel/Downloads/RacinglinAi/.venv/lib/python3.11/site-packages/fastf1/ergast/interface.py", line 530, in _build_result
    resp = cls._get(url, params)
           ^^^^^^^^^^^^^^^^^^^^^
  File "/Users/ompatel/Downloads/RacinglinAi/.venv/lib/python3.11/site-packages/fastf1/ergast/interface.py", line 502, in _get
    raise ErgastInvalidRequestError(
fastf1.ergast.interface.ErgastInvalidRequestError: Invalid request to Ergast (https://api.jolpi.ca/ergast/f1/2025/23/laps/1.json)
Server response: 'Too Many Requests'
2025-10-27 10:47:23,838 - INFO - No cached data found for car_data. Loading data...
2025-10-27 10:47:23,839 - INFO - Fetching car data...
2025-10-27 10:47:24,415 - DEBUG - Falling back to livetiming mirror (https://livetiming-mirror.fastf1.dev)
2025-10-27 10:47:24,741 - WARNING - Car telemetry data is unavailable!
2025-10-27 10:47:24,743 - INFO - No cached data found for position_data. Loading data...
2025-10-27 10:47:24,744 - INFO - Fetching position data...
2025-10-27 10:47:25,238 - DEBUG - Falling back to livetiming mirror (https://livetiming-mirror.fastf1.dev)
2025-10-27 10:47:25,553 - WARNING - Car position data is unavailable!
2025-10-27 10:47:25,554 - WARNING - Failed to determine `Session.t0_date`!
2025-10-27 10:47:25,554 - INFO - No cached data found for weather_data. Loading data...
2025-10-27 10:47:25,554 - INFO - Fetching weather data...
2025-10-27 10:47:26,124 - DEBUG - Falling back to livetiming mirror (https://livetiming-mirror.fastf1.dev)
2025-10-27 10:47:26,417 - WARNING - Failed to load weather data!
2025-10-27 10:47:26,417 - DEBUG - Traceback for failure in weather data
Traceback (most recent call last):
  File "/Users/ompatel/Downloads/RacinglinAi/.venv/lib/python3.11/site-packages/fastf1/logger.py", line 151, in __wrapped
    return func(*args, **kwargs)
           ^^^^^^^^^^^^^^^^^^^^^
  File "/Users/ompatel/Downloads/RacinglinAi/.venv/lib/python3.11/site-packages/fastf1/core.py", line 2442, in _load_weather_data
    weather_data = api.weather_data(self.api_path, livedata=livedata)
                   ^^^^^^^^^^^^^^^^^^^^^^^^^^^^^^^^^^^^^^^^^^^^^^^^^^
  File "/Users/ompatel/Downloads/RacinglinAi/.venv/lib/python3.11/site-packages/fastf1/req.py", line 479, in _cached_api_request
    data = func(api_path, **func_kwargs)
           ^^^^^^^^^^^^^^^^^^^^^^^^^^^^^
  File "/Users/ompatel/Downloads/RacinglinAi/.venv/lib/python3.11/site-packages/fastf1/_api.py", line 1613, in weather_data
    raise SessionNotAvailableError(
fastf1._api.SessionNotAvailableError: No data for this session! If this session only finished recently, please try again in a few minutes.
2025-10-27 10:47:26,418 - INFO - No cached data found for race_control_messages. Loading data...
2025-10-27 10:47:26,418 - INFO - Fetching race control messages...
2025-10-27 10:47:26,910 - DEBUG - Falling back to livetiming mirror (https://livetiming-mirror.fastf1.dev)
2025-10-27 10:47:27,234 - WARNING - Failed to load race control messages!
2025-10-27 10:47:27,235 - DEBUG - Traceback for failure in race control messages
Traceback (most recent call last):
  File "/Users/ompatel/Downloads/RacinglinAi/.venv/lib/python3.11/site-packages/fastf1/logger.py", line 151, in __wrapped
    return func(*args, **kwargs)
           ^^^^^^^^^^^^^^^^^^^^^
  File "/Users/ompatel/Downloads/RacinglinAi/.venv/lib/python3.11/site-packages/fastf1/core.py", line 2449, in _load_race_control_messages
    race_control_messages = api.race_control_messages(self.api_path,
                            ^^^^^^^^^^^^^^^^^^^^^^^^^^^^^^^^^^^^^^^^
  File "/Users/ompatel/Downloads/RacinglinAi/.venv/lib/python3.11/site-packages/fastf1/req.py", line 479, in _cached_api_request
    data = func(api_path, **func_kwargs)
           ^^^^^^^^^^^^^^^^^^^^^^^^^^^^^
  File "/Users/ompatel/Downloads/RacinglinAi/.venv/lib/python3.11/site-packages/fastf1/_api.py", line 1404, in race_control_messages
    raise SessionNotAvailableError(
fastf1._api.SessionNotAvailableError: No data for this session! If this session only finished recently, please try again in a few minutes.
2025-10-27 10:47:27,237 - INFO - Finished loading data for 0 drivers: []
2025-10-27 10:47:27,237 - ERROR - [PROCESS FAIL] qatar_grand_prix: The data you are trying to access has not been loaded yet. See `Session.load`
2025-10-27 10:47:27,254 - INFO - Loading data for Abu Dhabi Grand Prix - Race [v3.5.3]
2025-10-27 10:47:27,255 - INFO - No cached data found for session_info. Loading data...
2025-10-27 10:47:27,255 - INFO - Fetching session info data...
2025-10-27 10:47:27,742 - DEBUG - Falling back to livetiming mirror (https://livetiming-mirror.fastf1.dev)
2025-10-27 10:47:28,048 - WARNING - Failed to load session info data!
2025-10-27 10:47:28,048 - DEBUG - Traceback for failure in session info data
Traceback (most recent call last):
  File "/Users/ompatel/Downloads/RacinglinAi/.venv/lib/python3.11/site-packages/fastf1/logger.py", line 151, in __wrapped
    return func(*args, **kwargs)
           ^^^^^^^^^^^^^^^^^^^^^
  File "/Users/ompatel/Downloads/RacinglinAi/.venv/lib/python3.11/site-packages/fastf1/core.py", line 1470, in _load_session_info
    self._session_info = api.session_info(self.api_path,
                         ^^^^^^^^^^^^^^^^^^^^^^^^^^^^^^^
  File "/Users/ompatel/Downloads/RacinglinAi/.venv/lib/python3.11/site-packages/fastf1/req.py", line 479, in _cached_api_request
    data = func(api_path, **func_kwargs)
           ^^^^^^^^^^^^^^^^^^^^^^^^^^^^^
  File "/Users/ompatel/Downloads/RacinglinAi/.venv/lib/python3.11/site-packages/fastf1/_api.py", line 1687, in session_info
    raise SessionNotAvailableError(
fastf1._api.SessionNotAvailableError: No data for this session! If this session only finished recently, please try again in a few minutes.
2025-10-27 10:47:28,049 - INFO - No cached data found for driver_info. Loading data...
2025-10-27 10:47:28,049 - INFO - Fetching driver list...
2025-10-27 10:47:28,545 - DEBUG - Falling back to livetiming mirror (https://livetiming-mirror.fastf1.dev)
2025-10-27 10:47:28,845 - WARNING - Failed to load extended driver information!
2025-10-27 10:47:28,845 - DEBUG - Exception while loading driver list
Traceback (most recent call last):
  File "/Users/ompatel/Downloads/RacinglinAi/.venv/lib/python3.11/site-packages/fastf1/core.py", line 2291, in _drivers_from_f1_api
    f1di = api.driver_info(self.api_path, livedata=livedata)
           ^^^^^^^^^^^^^^^^^^^^^^^^^^^^^^^^^^^^^^^^^^^^^^^^^
  File "/Users/ompatel/Downloads/RacinglinAi/.venv/lib/python3.11/site-packages/fastf1/req.py", line 479, in _cached_api_request
    data = func(api_path, **func_kwargs)
           ^^^^^^^^^^^^^^^^^^^^^^^^^^^^^
  File "/Users/ompatel/Downloads/RacinglinAi/.venv/lib/python3.11/site-packages/fastf1/_api.py", line 1535, in driver_info
    raise SessionNotAvailableError(
fastf1._api.SessionNotAvailableError: No data for this session! If this session only finished recently, please try again in a few minutes.
2025-10-27 10:47:28,852 - WARNING - No result data for this session available on Ergast! (This is expected for recent sessions)
2025-10-27 10:47:28,852 - WARNING - Failed to load driver list and session results!
2025-10-27 10:47:28,861 - INFO - No cached data found for session_status_data. Loading data...
2025-10-27 10:47:28,861 - INFO - Fetching session status data...
2025-10-27 10:47:29,338 - DEBUG - Falling back to livetiming mirror (https://livetiming-mirror.fastf1.dev)
2025-10-27 10:47:29,651 - WARNING - Failed to load session status data!
2025-10-27 10:47:29,651 - DEBUG - Traceback for failure in session status data
Traceback (most recent call last):
  File "/Users/ompatel/Downloads/RacinglinAi/.venv/lib/python3.11/site-packages/fastf1/logger.py", line 151, in __wrapped
    return func(*args, **kwargs)
           ^^^^^^^^^^^^^^^^^^^^^
  File "/Users/ompatel/Downloads/RacinglinAi/.venv/lib/python3.11/site-packages/fastf1/core.py", line 2052, in _load_session_status_data
    session_status = api.session_status_data(self.api_path,
                     ^^^^^^^^^^^^^^^^^^^^^^^^^^^^^^^^^^^^^^
  File "/Users/ompatel/Downloads/RacinglinAi/.venv/lib/python3.11/site-packages/fastf1/req.py", line 479, in _cached_api_request
    data = func(api_path, **func_kwargs)
           ^^^^^^^^^^^^^^^^^^^^^^^^^^^^^
  File "/Users/ompatel/Downloads/RacinglinAi/.venv/lib/python3.11/site-packages/fastf1/_api.py", line 1333, in session_status_data
    raise SessionNotAvailableError(
fastf1._api.SessionNotAvailableError: No data for this session! If this session only finished recently, please try again in a few minutes.
2025-10-27 10:47:29,652 - INFO - No cached data found for lap_count. Loading data...
2025-10-27 10:47:29,652 - INFO - Fetching lap count data...
2025-10-27 10:47:30,139 - DEBUG - Falling back to livetiming mirror (https://livetiming-mirror.fastf1.dev)
2025-10-27 10:47:30,448 - WARNING - Failed to load total lap count!
2025-10-27 10:47:30,448 - DEBUG - Traceback for failure in total lap count
Traceback (most recent call last):
  File "/Users/ompatel/Downloads/RacinglinAi/.venv/lib/python3.11/site-packages/fastf1/logger.py", line 151, in __wrapped
    return func(*args, **kwargs)
           ^^^^^^^^^^^^^^^^^^^^^
  File "/Users/ompatel/Downloads/RacinglinAi/.venv/lib/python3.11/site-packages/fastf1/core.py", line 2034, in _load_total_lap_count
    lap_count = api.lap_count(self.api_path, livedata=livedata)
                ^^^^^^^^^^^^^^^^^^^^^^^^^^^^^^^^^^^^^^^^^^^^^^^
  File "/Users/ompatel/Downloads/RacinglinAi/.venv/lib/python3.11/site-packages/fastf1/req.py", line 479, in _cached_api_request
    data = func(api_path, **func_kwargs)
           ^^^^^^^^^^^^^^^^^^^^^^^^^^^^^
  File "/Users/ompatel/Downloads/RacinglinAi/.venv/lib/python3.11/site-packages/fastf1/_api.py", line 1476, in lap_count
    raise SessionNotAvailableError(
fastf1._api.SessionNotAvailableError: No data for this session! If this session only finished recently, please try again in a few minutes.
2025-10-27 10:47:30,449 - INFO - No cached data found for track_status_data. Loading data...
2025-10-27 10:47:30,449 - INFO - Fetching track status data...
2025-10-27 10:47:30,970 - DEBUG - Falling back to livetiming mirror (https://livetiming-mirror.fastf1.dev)
2025-10-27 10:47:31,265 - WARNING - Failed to load track status data!
2025-10-27 10:47:31,266 - DEBUG - Traceback for failure in track status data
Traceback (most recent call last):
  File "/Users/ompatel/Downloads/RacinglinAi/.venv/lib/python3.11/site-packages/fastf1/logger.py", line 151, in __wrapped
    return func(*args, **kwargs)
           ^^^^^^^^^^^^^^^^^^^^^
  File "/Users/ompatel/Downloads/RacinglinAi/.venv/lib/python3.11/site-packages/fastf1/core.py", line 2021, in _load_track_status_data
    track_status = api.track_status_data(self.api_path, livedata=livedata)
                   ^^^^^^^^^^^^^^^^^^^^^^^^^^^^^^^^^^^^^^^^^^^^^^^^^^^^^^^
  File "/Users/ompatel/Downloads/RacinglinAi/.venv/lib/python3.11/site-packages/fastf1/req.py", line 479, in _cached_api_request
    data = func(api_path, **func_kwargs)
           ^^^^^^^^^^^^^^^^^^^^^^^^^^^^^
  File "/Users/ompatel/Downloads/RacinglinAi/.venv/lib/python3.11/site-packages/fastf1/_api.py", line 1277, in track_status_data
    raise SessionNotAvailableError(
fastf1._api.SessionNotAvailableError: No data for this session! If this session only finished recently, please try again in a few minutes.
2025-10-27 10:47:31,266 - INFO - No cached data found for _extended_timing_data. Loading data...
2025-10-27 10:47:31,267 - INFO - Fetching timing data...
2025-10-27 10:47:31,809 - DEBUG - Falling back to livetiming mirror (https://livetiming-mirror.fastf1.dev)
2025-10-27 10:47:32,153 - WARNING - Failed to load timing data!
2025-10-27 10:47:32,171 - DEBUG - Traceback for failure in lap timing data
Traceback (most recent call last):
  File "/Users/ompatel/Downloads/RacinglinAi/.venv/lib/python3.11/site-packages/fastf1/logger.py", line 151, in __wrapped
    return func(*args, **kwargs)
           ^^^^^^^^^^^^^^^^^^^^^
  File "/Users/ompatel/Downloads/RacinglinAi/.venv/lib/python3.11/site-packages/fastf1/core.py", line 1476, in _load_laps_data
    = api._extended_timing_data(self.api_path, livedata=livedata)
      ^^^^^^^^^^^^^^^^^^^^^^^^^^^^^^^^^^^^^^^^^^^^^^^^^^^^^^^^^^^
  File "/Users/ompatel/Downloads/RacinglinAi/.venv/lib/python3.11/site-packages/fastf1/req.py", line 479, in _cached_api_request
    data = func(api_path, **func_kwargs)
           ^^^^^^^^^^^^^^^^^^^^^^^^^^^^^
  File "/Users/ompatel/Downloads/RacinglinAi/.venv/lib/python3.11/site-packages/fastf1/_api.py", line 200, in _extended_timing_data
    raise SessionNotAvailableError(
fastf1._api.SessionNotAvailableError: No data for this session! If this session only finished recently, please try again in a few minutes.
2025-10-27 10:47:32,193 - WARNING - Cannot load lap times for first lap from Ergast. Timing data is not available for this session.
2025-10-27 10:47:32,194 - INFO - No cached data found for car_data. Loading data...
2025-10-27 10:47:32,194 - INFO - Fetching car data...
2025-10-27 10:47:32,790 - DEBUG - Falling back to livetiming mirror (https://livetiming-mirror.fastf1.dev)
2025-10-27 10:47:33,094 - WARNING - Car telemetry data is unavailable!
2025-10-27 10:47:33,097 - INFO - No cached data found for position_data. Loading data...
2025-10-27 10:47:33,098 - INFO - Fetching position data...
2025-10-27 10:47:33,586 - DEBUG - Falling back to livetiming mirror (https://livetiming-mirror.fastf1.dev)
2025-10-27 10:47:33,872 - WARNING - Car position data is unavailable!
2025-10-27 10:47:33,873 - WARNING - Failed to determine `Session.t0_date`!
2025-10-27 10:47:33,874 - INFO - No cached data found for weather_data. Loading data...
2025-10-27 10:47:33,875 - INFO - Fetching weather data...
2025-10-27 10:47:34,350 - DEBUG - Falling back to livetiming mirror (https://livetiming-mirror.fastf1.dev)
2025-10-27 10:47:34,657 - WARNING - Failed to load weather data!
2025-10-27 10:47:34,657 - DEBUG - Traceback for failure in weather data
Traceback (most recent call last):
  File "/Users/ompatel/Downloads/RacinglinAi/.venv/lib/python3.11/site-packages/fastf1/logger.py", line 151, in __wrapped
    return func(*args, **kwargs)
           ^^^^^^^^^^^^^^^^^^^^^
  File "/Users/ompatel/Downloads/RacinglinAi/.venv/lib/python3.11/site-packages/fastf1/core.py", line 2442, in _load_weather_data
    weather_data = api.weather_data(self.api_path, livedata=livedata)
                   ^^^^^^^^^^^^^^^^^^^^^^^^^^^^^^^^^^^^^^^^^^^^^^^^^^
  File "/Users/ompatel/Downloads/RacinglinAi/.venv/lib/python3.11/site-packages/fastf1/req.py", line 479, in _cached_api_request
    data = func(api_path, **func_kwargs)
           ^^^^^^^^^^^^^^^^^^^^^^^^^^^^^
  File "/Users/ompatel/Downloads/RacinglinAi/.venv/lib/python3.11/site-packages/fastf1/_api.py", line 1613, in weather_data
    raise SessionNotAvailableError(
fastf1._api.SessionNotAvailableError: No data for this session! If this session only finished recently, please try again in a few minutes.
2025-10-27 10:47:34,658 - INFO - No cached data found for race_control_messages. Loading data...
2025-10-27 10:47:34,658 - INFO - Fetching race control messages...
2025-10-27 10:47:34,880 - DEBUG - Falling back to livetiming mirror (https://livetiming-mirror.fastf1.dev)
2025-10-27 10:47:35,220 - WARNING - Failed to load race control messages!
2025-10-27 10:47:35,221 - DEBUG - Traceback for failure in race control messages
Traceback (most recent call last):
  File "/Users/ompatel/Downloads/RacinglinAi/.venv/lib/python3.11/site-packages/fastf1/logger.py", line 151, in __wrapped
    return func(*args, **kwargs)
           ^^^^^^^^^^^^^^^^^^^^^
  File "/Users/ompatel/Downloads/RacinglinAi/.venv/lib/python3.11/site-packages/fastf1/core.py", line 2449, in _load_race_control_messages
    race_control_messages = api.race_control_messages(self.api_path,
                            ^^^^^^^^^^^^^^^^^^^^^^^^^^^^^^^^^^^^^^^^
  File "/Users/ompatel/Downloads/RacinglinAi/.venv/lib/python3.11/site-packages/fastf1/req.py", line 479, in _cached_api_request
    data = func(api_path, **func_kwargs)
           ^^^^^^^^^^^^^^^^^^^^^^^^^^^^^
  File "/Users/ompatel/Downloads/RacinglinAi/.venv/lib/python3.11/site-packages/fastf1/_api.py", line 1404, in race_control_messages
    raise SessionNotAvailableError(
fastf1._api.SessionNotAvailableError: No data for this session! If this session only finished recently, please try again in a few minutes.
2025-10-27 10:47:35,223 - INFO - Finished loading data for 0 drivers: []
2025-10-27 10:47:35,224 - ERROR - [PROCESS FAIL] abu_dhabi_grand_prix: The data you are trying to access has not been loaded yet. See `Session.load`
